
=== M9: fpga-open-vocab - describe it, the board spots it ===

clock     : 280 MHz requested; BOOTSEL is reachable for 1.5 s
clock     : 280 MHz system, core 1.25 V
reset     : chip_reset 00010000  (scratch was cold: either the always-on domain went away - power, a brown-out - or this boot came through the bootrom, which clears it too)
            new this boot: power-on reset - the supply arrived
waiting for a bitstream on USB CDC (host/demo.py)
bitstream : 173124 bytes announced, crc32 0a2e9953
bitstream : received intact
configure : configured, CDONE high   CDONE=1 nSTATUS=0
crc       : DMA sniffer, calc=1 out_rev=1 out_inv=1
model     : 9 layers, 512-d embedding, 131072 B/buffer
weights   : 780720 B, crc32=0xF368CC6E  (144 ms to hash)

reference : encoder_fast on the flash test vector  (1810 ms)

link      : probing the wire by running the whole test vector over it
probe     : 3 forward data lines -> 512/512 floats exact, 304 ms
link      : configuration C, 3 forward data lines, 140.0 MHz

camera    : exposure ramp 74 77 79 81 80 83 86 88 89 91
camera    : live 128x128 RGB565, id 0x82, 16.0 MHz, expose 37 ms, read 16 ms, exposure settled after 10 frames
            mean RGB 91 94 89  (tuned camera on a neutral scene: about 115 107 105)

queries   : waiting for a query set on USB CDC (host/demo.py)
queries   : 2 accepted, 512-d, crc ok
            scored as z = (cos - background) / std, where the background is this room's
            own mean over its first 30 frames and is then FROZEN - so a thing left in
            shot keeps its score instead of decaying into the furniture. 'N' re-learns
            it, 'H' switches to tracking. The COCO figures below are only the seed for
            frame 0 and the fixed std.
            std is THIS ROOM's, measured over the same 30 frames ('S' switches to COCO's).
            The thresholds below still mean the 90th percentile of a background; the
            background they now mean it against is this room empty, not 5000 COCO photos.
            z is EMA-smoothed at 0.35 (~5 frames) before ranking, so a state has to
            persist for about two seconds to be called.
            an opened book       match above z 1.23   (COCO background -0.151 +- 0.030, so cos -0.114)
            a closed book        match above z 1.23   (COCO background -0.159 +- 0.035, so cos -0.116)

loop      : capture, 8 convs on the T8, pool and head, then one cosine per query. 'B' for BOOTSEL, 'R' to restart,
            'P' to dump the next frame for host/cam.py, 'V' to dump its 512 floats for host/caption.py,
            'E' to provoke a fault so D1 shows its fault display, 'H' to freeze/unfreeze the background,
            'S' to switch the spread between this room's and COCO's, 'W' to hang on purpose and see
            the watchdog name the stage, 'C' to stall the camera bus on purpose and see it cost one frame,
            'U' to drop off USB on purpose and watch it come back, 'I' to drop off and refuse to,
            'N' to forget it and learn it again from now. 'P' and 'V' together describe the same frame.
            'O' closes the timing window, prints it and flips the capture between overlapped and serial;
            'D' does the same and flips the trigger between late and at-the-collect, which is #14's A/B.
            scores are z against this room's background, ranked; '*' means over its threshold.
            '1'..'6' enrol the next 20 frames as that class. Two classes in and the board decides
            by nearest reference instead of by threshold, and calls a frame absent when it is
            further than 2.0 sep from every one of them - see M21. The empty scene is not
            enrolled and '0' does nothing; see #18.
            The first 30 frames set the baseline and it is then frozen, so anything left in
            shot KEEPS its score. Point the camera at the empty scene for those frames.
            Send a new set at any time to re-query - that resets the baseline too.

frame     0 :  a closed book +0.52  an opened book +0.43   led  39/ 76 h0.42 lvl+0.47   -
frame     1 :  a closed book +0.40  an opened book +0.34   led  22/106 h0.33 lvl+0.37   -
frame     2 :  a closed book +0.36  an opened book +0.31   led  17/119 h0.29 lvl+0.33   -
frame     3 :  a closed book +0.22  an opened book +0.20   led   6/166 h0.18 lvl+0.21   -
frame     4 :  a closed book +0.15  an opened book +0.13   led   3/190 h0.13 lvl+0.14   -
frame     5 :  a closed book +0.05  an opened book +0.05   led   0/231 h0.04 lvl+0.05   -
frame     6 :  a closed book +0.05  an opened book +0.03   led   0/232 h0.04 lvl+0.04   -
frame     7 :  an opened book -0.02  a closed book -0.02   led   0/255 h0.00 lvl-0.02   -
background: after 8 frames (warming up, room spread), this room reads  an opened book -0.110 +-0.0033 (COCO -0.151 +-0.0303)  a closed book -0.102 +-0.0044 (COCO -0.159 +-0.0351)
frame     8 :  an opened book +1.08  a closed book +0.67   led 193/  2 h0.88 lvl+0.87   -
frame     9 :  an opened book +0.63  a closed book +0.42   led  60/ 52 h0.52 lvl+0.53   -
frame    10 :  a closed book +0.83  an opened book +0.68   led 107/ 22 h0.67 lvl+0.75   -
frame    11 :  a closed book +0.66  an opened book +0.54   led  66/ 46 h0.54 lvl+0.60   -
frame    12 :  an opened book +0.74  a closed book +0.54   led  83/ 34 h0.60 lvl+0.64   -
frame    13 :  an opened book +0.77  a closed book +0.46   led  91/ 29 h0.63 lvl+0.61   -
frame    14 :  an opened book +0.32  a closed book -0.14   led  13/131 h0.26 lvl+0.09   -
frame    15 :  an opened book +0.50  a closed book +0.10   led  36/ 80 h0.41 lvl+0.30   -
frame    16 :  an opened book +0.56  a closed book +0.18   led  44/ 68 h0.45 lvl+0.37   -
frame    17 :  an opened book +1.01  a closed book +0.81   led 164/  6 h0.82 lvl+0.91   -
frame    18 :  an opened book +0.82  a closed book +0.66   led 105/ 22 h0.67 lvl+0.74   -
frame    19 :  a closed book +0.73  an opened book +0.61   led  82/ 35 h0.60 lvl+0.67   -
frame    20 :  a closed book +0.49  an opened book +0.14   led  33/ 84 h0.39 lvl+0.31   -
frame    21 :  a closed book +0.70  an opened book +0.34   led  74/ 40 h0.57 lvl+0.52   -
frame    22 :  a closed book +0.42  an opened book -0.02   led  24/102 h0.34 lvl+0.20   -
frame    23 :  a closed book -0.29  an opened book -0.57   led   0/255 h0.00 lvl-0.43   -
frame    24 :  a closed book -0.25  an opened book -0.61   led   0/255 h0.00 lvl-0.43   -
frame    25 :  a closed book -0.28  an opened book -0.48   led   0/255 h0.00 lvl-0.38   -
frame    26 :  a closed book -0.17  an opened book -0.30   led   0/255 h0.00 lvl-0.24   -
frame    27 :  a closed book -0.36  an opened book -0.67   led   0/255 h0.00 lvl-0.52   -
frame    28 :  an opened book -0.16  a closed book -0.23   led   0/255 h0.00 lvl-0.20   -
frame    29 :  a closed book -0.41  an opened book -0.50   led   0/255 h0.00 lvl-0.45   -
frame    30 :  a closed book -0.11  an opened book -0.19   led   0/255 h0.00 lvl-0.15   -
frame    31 :  an opened book -0.18  a closed book -0.25   led   0/255 h0.00 lvl-0.21   -
frame    32 :  a closed book -0.20  an opened book -0.24   led   0/255 h0.00 lvl-0.22   -
frame    33 :  a closed book -0.61  an opened book -0.81   led   0/255 h0.00 lvl-0.71   -
frame    34 :  an opened book -0.33  a closed book -0.44   led   0/255 h0.00 lvl-0.38   -
frame    35 :  a closed book -0.03  an opened book -0.09   led   0/255 h0.00 lvl-0.06   -
frame    36 :  a closed book -0.29  an opened book -0.33   led   0/255 h0.00 lvl-0.31   -
frame    37 :  a closed book +0.19  an opened book +0.03   led   4/176 h0.15 lvl+0.11   -
frame    38 :  a closed book -0.15  an opened book -0.30   led   0/255 h0.00 lvl-0.23   -
frame    39 :  a closed book +0.23  an opened book +0.03   led   6/162 h0.19 lvl+0.13   -
frame    40 :  a closed book +0.12  an opened book -0.06   led   1/205 h0.09 lvl+0.03   -
frame    41 :  a closed book +0.01  an opened book -0.05   led   0/253 h0.00 lvl-0.02   -
frame    42 :  a closed book -0.07  an opened book -0.09   led   0/255 h0.00 lvl-0.08   -
frame    43 :  an opened book -0.15  a closed book -0.34   led   0/255 h0.00 lvl-0.24   -
frame    44 :  an opened book -0.16  a closed book -0.34   led   0/255 h0.00 lvl-0.25   -
frame    45 :  a closed book +0.35  an opened book +0.26   led  16/121 h0.29 lvl+0.31   -
frame    46 :  a closed book -0.05  an opened book -0.07   led   0/255 h0.00 lvl-0.06   -
frame    47 :  an opened book +0.00  a closed book -0.06   led   0/253 h0.00 lvl-0.03   -
frame    48 :  a closed book -0.02  an opened book -0.10   led   0/255 h0.00 lvl-0.06   -
frame    49 :  an opened book -0.60  a closed book -0.61   led   0/255 h0.00 lvl-0.61   -
frame    50 :  a closed book -0.21  an opened book -0.34   led   0/255 h0.00 lvl-0.28   -
frame    51 :  an opened book -0.67  a closed book -0.84   led   0/255 h0.00 lvl-0.75   -
frame    52 :  an opened book -0.33  a closed book -0.40   led   0/255 h0.00 lvl-0.37   -
frame    53 :  a closed book -0.01  an opened book -0.16   led   0/255 h0.00 lvl-0.09   -
frame    54 :  a closed book -0.11  an opened book -0.17   led   0/255 h0.00 lvl-0.14   -
frame    55 :  an opened book -0.26  a closed book -0.28   led   0/255 h0.00 lvl-0.27   -
frame    56 :  a closed book +0.07  an opened book -0.02   led   0/225 h0.06 lvl+0.02   -
frame    57 :  an opened book -0.29  a closed book -0.37   led   0/255 h0.00 lvl-0.33   -
frame    58 :  a closed book -0.04  an opened book -0.17   led   0/255 h0.00 lvl-0.10   -
frame    59 :  a closed book +0.21  an opened book -0.07   led   5/169 h0.17 lvl+0.07   -
frame    60 :  a closed book -0.13  an opened book -0.44   led   0/255 h0.00 lvl-0.29   -
frame    61 :  a closed book +0.24  an opened book -0.11   led   7/159 h0.19 lvl+0.06   -
frame    62 :  a closed book -0.27  an opened book -0.59   led   0/255 h0.00 lvl-0.43   -
frame    63 :  a closed book -0.12  an opened book -0.20   led   0/255 h0.00 lvl-0.16   -
frame    64 :  a closed book -0.29  an opened book -0.52   led   0/255 h0.00 lvl-0.40   -
frame    65 :  an opened book -0.49  a closed book -0.55   led   0/255 h0.00 lvl-0.52   -
frame    66 :  a closed book -0.62  an opened book -0.72   led   0/255 h0.00 lvl-0.67   -
frame    67 :  a closed book -0.67  an opened book -0.88   led   0/255 h0.00 lvl-0.78   -
frame    68 :  a closed book -0.15  an opened book -0.82   led   0/255 h0.00 lvl-0.49   -
frame    69 :  a closed book +1.21  an opened book -0.09   led 247/  0 h0.99 lvl+0.56   -
frame    70 :  a closed book +0.65  an opened book -2.47   led  63/ 48 h0.53 lvl-0.91   -
frame    71 :  a closed book +2.87*  an opened book -1.18   led 255/  0 h1.00 lvl+0.85   MATCH a closed book (cos -0.071)
frame    72 :  a closed book +3.73*  an opened book -1.12   led 255/  0 h1.00 lvl+1.31   MATCH a closed book (cos -0.078)
frame    73 :  a closed book +3.85*  an opened book -2.48   led 255/  0 h1.00 lvl+0.68   MATCH a closed book (cos -0.083)

enrol     : the next 20 frames are 'an opened book'. HOLD THE SCENE STILL until it lands.
frame    74 :  a closed book +4.23*  an opened book -2.84   led 255/  0 h1.00 lvl+0.69   MATCH a closed book (cos -0.080)
frame    75 :  a closed book +4.09*  an opened book -3.06   led 255/  0 h1.00 lvl+0.52   MATCH a closed book (cos -0.084)
frame    76 :  a closed book +4.08*  an opened book -3.40   led 255/  0 h1.00 lvl+0.34   MATCH a closed book (cos -0.083)
frame    77 :  a closed book +3.98*  an opened book -3.79   led 255/  0 h1.00 lvl+0.09   MATCH a closed book (cos -0.084)
frame    78 :  a closed book +4.21*  an opened book -3.49   led 255/  0 h1.00 lvl+0.36   MATCH a closed book (cos -0.081)
frame    79 :  a closed book +3.85*  an opened book -4.04   led 255/  0 h1.00 lvl-0.10   MATCH a closed book (cos -0.087)
frame    80 :  a closed book +3.61*  an opened book -3.95   led 255/  0 h1.00 lvl-0.17   MATCH a closed book (cos -0.087)
frame    81 :  a closed book +4.34*  an opened book -2.40   led 255/  0 h1.00 lvl+0.97   MATCH a closed book (cos -0.077)
frame    82 :  a closed book +4.44*  an opened book +0.24   led 255/  0 h1.00 lvl+2.34   MATCH a closed book (cos -0.081)
frame    83 :  a closed book +4.05*  an opened book +0.95   led 255/  0 h1.00 lvl+2.50   MATCH a closed book (cos -0.086)
frame    84 :  a closed book +2.06*  an opened book +0.26   led 255/  0 h1.00 lvl+1.16   MATCH a closed book (cos -0.106)
frame    85 :  a closed book +2.00*  an opened book +0.77   led 255/  0 h1.00 lvl+1.39   MATCH a closed book (cos -0.092)

snapshot  : frame 86, mean RGB 76 71 65
BEGIN m9 128 128 32768 bcf050d6
OcY5hilEMYRBxznGOcYxhTGGQgdCCDnGKYU5x0pIUklCBzoHSkhSiVrKQgdTCnPO
c85zjmuOa01rjXvOe857znwOe85zznONUop7z3vPc41zjmuMa0x7znPNfA6EDoQO
hA+ED4QPhA+ED4RPhE+ET4RPjE+EEHvOc858D3wPc85rjXPOe89zz3OOa41zznPP
c89jjWuOa89zz2uOa41zznPOa85rzmONY41rjmuOY01jTWNNY45rjWONY41bTFtM
W0xbTFtMUwtTDFNMU0xTDFtMW0xjTWONY41jjWONY41jjGNMY0xbTFtMUwtTC1ML
SwtLC1MLSwtTC1LKSopKijnGOYYxRClEQcZBxjmGMUUxRUHHSgc5xjGFOcZKSEpI
QgdBx0pIWopSijnGa0xrjmuNY01rjWuNc457znvOe857znvOe857znPOc85zznPO
c85zjWtNe85SymMLc4x7zXwOhA6ED4QPhA+ED4RPhE+ET4xQjFCMUIRQhBB8D3OO
a01zz3vPe89zjmuNe85zz3PPa05rjnPPc89zjmtNc85zznPOa45rjWNNa45rjmNN
Y01jTWNOY41jjWONY0xbTFtMY4xbTFMMWwxjTGONa41jjWONY01jjWOMY41jTWNN
Y01jTWNNW0xbTFNMUwxTC1MLUwtKy0sLSstSy0rKSopBxjnGMUQxRUHHQcc5hjFF
MUVBx0IHOcYxRTnHSghKSEIHQcZKCFqKUopay2OOQsxCzELNS01rTnONe857znvO
e858DnvOe857znvOe857znvOe857znvOc81zzXPOc85rjWtMc417zYQOhA6ED4RP
hFCMUIxQjFCMUIxRhFB7z2uOe898D3vPc45rjXPPe89zzmtNc45zz3PPa45rTXOO
c85rzmvOY45jjWuOa45jTVtNY01jjWONY41jjWNMW0xbTGONY41jjWONa41rjWuN
Y41jjWONY41jjWONY41jjWNNW0xbTErLSspTC0sLSwtLC0sLSwtLC0rLSspKykqK
OcY5xilEMURBx0HGOYUxRTFFQgdCBznGKYQ6BkpISkg6BznHQghSilKKY0xjjjKM
Os06zjrOY05zjnvNe817zXvOe857znvOe857znvOe857znwOfA98D4QPhBCED3wP
e897z3vOc81zjXONe86ED4xQjE+MT4xQjFCMUIxQjFB7z3vPe897z3OOa01zz3QP
c85rjXOOc89zz2uOa41zznPOc85rzWuNY01rjmuOY01jTWNNa01jjWONY41jjWNN
Y41rjWvOa45rjWuNa41rjWuNY41jjWONY41jTWNMWwxjTVLLWwxCikKKUwxTC1ML
SwtKy0sLSstKy0rKQopKikHHOcYpRTFFQcc5xznGMUUxRUHHQcc5xilEOcZKSEpI
QgdCB0IIUolSimNNUwwyjDLNOs46zWONc41zzXvOe857znvOe857znvOe857znvO
e857znwPhA+ED4QPhA+ED4QPjA+ED4QOfA57znvOe857zoQPhA+ET4xQjFCMUIxQ
jFCMEIQPfA9zzmuNc850D3PPa45rjnPPe89rjmuNc85zznPOa45rjWNNa45rjmNN
Y01jTWtNa41rjWvNc85rzWuNa41rjWuNa41rjWuNa41rjWONY41bTFMLSspCiUKJ
W0xTC1MLUwtTC1MMUwtTC0sLSwtKykrLSstSykqKSopBxkHGMQQxREHHOcYxxjGF
MYVBx0IHOccxhTnHQghKSEHHOcdCCEqJUopjTUrMMowyzTLNOs1rjHONc81zzXPN
e817zXvNe817jXvNe817znvOe857z3wPhA+ED4QPhA+ED4QPhA+EEIQPhBCEEHvP
hA98DnvOhFCMUIxQjFCMUIxQjFCMUIQPc85rjXPOfA97z2uNa45zz3PPa45rTnPO
c85zznOOa41jTWuOa45jTWtNa41zzXPNc81zzXPNc81rjWuNa41rjWuNa41rjWON
W0tTC0KJQklSy1LLUwtbDFtMW0xbTFtMU0xTTFMLUwtTC1MLSwtKy0rLSspKikqK
QcY5xilEKUQ5xjnGMcYphSlFOgdCBznGMYU5xkJHSkhCBznHQghSSVKKY006zDKM
Ms06zUMNa017jXvNe817zXvNe817zXuNe41zjWNMYwtjC2uMe857znvOg86ED4QP
hA+EEIQPhA+ED4RPhFCEUIxPhE+ED4RPhFCMUIxQjFCMkIRQjFCMEHvOa417z3vP
e89zjXOOe897z3OOa05zj3PPc85rzmuOY01jjWuNa41rjXPNc85zzXPNc81zzXON
a41rjWuNY41jTFMKSspCiVMLWwtTDFsMW0xjTWNNY01jTGNMW0xbDFNMU0xLC0sL
SwtLC0sKQwpKykrKSopCijnHOcYpRDFEQcc5xzGGMUUxRUHHQgg5ximFOcZCCEJI
Ogc5x0IISklSimNNMosyjDLMOs1DDmtNc41zzXvNe817zXvNe817zXvOe857znPN
c41rjXvOYwtjCmsKc4x7zXvOhA+ED4QPhA+ED4xPjE+MT4xQjFCMUIxPjFCMUIxQ
jFCMT4xQjFCMEHuOe897z3vPa41zjnvOe89zjmtNc45zznPOc45rjWuMa81zznPN
c81zzXPNa81zjXONc81zjXONY0xbS2OMSspSylsLW0xbTGNMY41jjWONY41jjWNN
Y0xbTFtMW0xbTFNMSwtLC0sLSstKy0rLSspKykKJQok5xjmFKUQpRTnHOcc5hjFF
MUVBx0IHOcYphTnGQgdKCDnHOYZCB1KJUspbTDKLMswyzDLMSw1rjHPNc81zzXPN
e817zXvNa4t7zXPNe817znwOfA58DnvPe85zjXvOc41zzXONc4x7zYQOjA+MD4xQ
jFCMUIxRjFCMUIxPjE+MT4xQjFCMUIxQjFCMD3vOe897znONc457z3vOc45rjXPO
c85zznPOc45zznPOc85zznOOc45zjXONc41zjXONa41rjWNMWwtjTWNMY0xjjWON
Y41jjWONY41jjWOMY41bTVtNW0xbDFtMUwtTC0sLSwtLC0sLQwtKy0rLSopKiUKJ
OcY5hikEKUU5xjnGOYYxRTFFQcdBxzmGKUU5x0IIQgg5xzmGQgdSR1KISkgpxyGG
GYYpx1MMa41zzXPNc817zXvOe817zWNKa0tzjGtMc41zjXPNc417znvOe817zoQO
hA58DnONc417znvOfA+ED4QPjE+MUIxQjFCMkIxQjFCMUIxQjFCMUIxQjFCMEIQP
e89rTXOOe857znONc41zznPOc85zznPOc81zzXPOc85rznPOc81zzXPNa81rjGON
Y41jjWONa81rjWuNa41rjWuNa41jjWONY41jjWNMW0tTC0KIQkhKykrKSwtLC0sL
SwtLC0MLSspKykrKSopCijnHOYYpRClFOcY5xjmGMUUxRUHHQcc5hjFEOcZCB0JH
OcY5xkIGSkhKSEJIIYYhhiGGMklbC2tMc41zzXvNe817zXvNc817zXvNe857znvO
e817zmuMe85zTGLKa0tzjXvOe857zoQPhA+ED4POg86DzoPOhA+MT4xQjFCMUIxP
jE+MUIxQjJCMUIxQjFCED4POc41zjnvPe85zjXONc85zznPOc85zzXPOc85zzXPN
a81zzXPNc81rjWuNa41rjWvNa85rjWuNa45rjmuOa41rjWuNY41jTVsMUstKilLK
UwtKykrKW0xbTFtMUwtTC0sLSwtKykrKQspKiUKJQkk5xznGKUQpRTnGOcYxhTFF
MUVBx0HHQYYxRUHGSgdCBznGOcZBx0oISgdKBzpHOok6iUsLYwxrTXPNc81zzXvO
e857zXvNa0tzjHONc417zXvOe857z3vPe857znONc417znuNa0x7jXvOg8+ED4QP
hA97znONe86ED4xQjFCMUIxQjFCEUIxQjFCMUIxQjE97znONc457znvOe85zznPO
c85zznPOc85zznPOc85zznPOa45rjWuNa41rjWuNa45rjmuNa45rjmuNa41jTGNN
Y0xTC1MLWwtKilLLUwtbDFtMW0xbTFNLU0xCyksLSwtLC0rLQspKykrKSspCiUKJ
OYY5hikEKUQ5xjnGMYYxRDFFQcdBxzmGMUU5hkHHSgg5hjmGOYZKB1JIUkhKilrL
UspbDGNMa4xzjXPNe817zXvNe85zjWNMa0trjGNLa0xrS3OMe42DzYQNe818DoQO
hA6ED3vOe45zjXuNc4yDzoQPhA+ED3vOg86EDoxPjFCMUIxQjFCEUIxQjFCMUIxQ
g89zjXvOe857znvOe857znvOe857znvOc85zzXPNc41rjXONc81zznPOc45zjnOO
c45zjWuNY0xjTFMKUwpSylsLW0xbTVuNW41bTVtNUwtCiUrKSolKyksLQspLC0sL
SwtKy0rKSspKykrKSolCiTmGOYYxBDFEQcZBxjmFMUQxRUHGQcc5hjFFOcZCB0IH
OYU5hUHGSghjDFtNWw1TDFsMYwtrS3OMc81zzXPNc817zXvNe817zXvNe857zXvN
c4x7zXONe41zjHOMc4x7jHvNe82EDoQPhA+ED3vOe857znvNe8+MD4xPjA98DnvO
jE+MUIxQjFCMUIxPjFCMUIQPc417znvOe857znvOe857znvOe857znPOc41zjXON
e45zjnOOa45zjnONc41zjWuNWwtbC1sMY01bDGNNY01rTWNNY0xbDFLLWwtKykqK
QklKilLLUwxTTFMMUwxLC0sLSwtCy0rLSspKykKJQok5xjmGKQQpRTnGOcYxxTFE
MUVBx0HHOYYxRTmHQcdBxzmGOYY5hkIHYwxjDGMMWwxbDGNMa0xzjXPNc41zzXPN
e817znOMa4tzjHONe417zXvNg857znvOe857znvOc45zjmtMYwt7jYQOhA6MT4wP
hA+ED4QOe82ED4QPhA+EDowPhA6MT4yQjFCMUIxPjFCMT3ONe817znvOe85zznvO
e857znvNc41zjXONc85zjnOOc45zznPOc41rjWNMW0tTClMKW0tjjGOMa4xjTFsL
UolSykrKUwtTC1tMW0xbTFtMW0xTS1tMU0xCikrLSwtLC0rKSspKykrKSspKiUJJ
OYY5hTEEMURBxjnGMYUxhDFFQcZBxzmGMUU5xkHHQcc5hTGFMYU5x2MMYwxbDFsL
YwxrC2tMc4x7jHuMe4x7jHvNe81zjGtMYwtrjHOMa4xrS2tMawtzTHvNg82DzoQO
hA6EDnvOe857znvOe817zYPOjE+MT4QPhA57zoQPjE+MD4QOhA6MT4xQjFCET4xP
hA9zzXvOe857znvOe857znvOc41zjXPNc857znPNc85zznONc41zjWMLY0xjTWuO
a41rjWuNa41bC1MLQolCiUrKW0xjTGNNY01jTVtMUspSykqJSolTClNMSwpLC0sL
SwtKy0rLSstKykrKSolCSTmHOYUpBClFOcY5xjGFMUUxRTnHQcc5hjFFOYdByEHH
MYUxhTmGQchjTFtMY0xbC2NMY0xjS3OMe8xzjHONc417zXvNe817zXvNe817zXvN
c4x7jWtMa0tzjHvNc4yDznOMe4x7zYQOhA+ED4POc4xzTHuMjA+MD4wQjA+EDoQP
hA+MD4QPhA+MUIxQjFCMT4wPe857zoQOfA58DnvNc81zzXPOe857znvOc85zzmvN
a4xjS2OMa41rjWuNa41rjWuNUwpTCltLUwtbTGNMY41jjWONW0xjTFsLWwtKiUJJ
UstSy1MMUwxbDFMMUwxLC0rLSstKy0rLSspCykKJQkk5xjmGMQQxRDmGOYYxhjFF
MUVBx0HHOYYxRTmGQcdBxzFFMUU5hkoIa0xrTWtMYwxjDGNMa0tzjHuMc4xzjHON
c417zWtLc4xrS2tLc4x7zXvNe817zXvOe857znPNfA5rTHOMa0t7zYQOhA6EDoQP
hA+Dz4QPfA6EDoRPjE+MT4POe86ED4QPhA6MT4xPjE+MDoQNhA6EDnvOe85zzXPN
e817zXvNe81zzXPNa0xrTGNLa4xzjXONa4xjC1sKSoljTFsLY0xjjGONY41jTVsM
WwtbDFLLWwxbDFsMWwxbTVtMUwxTC1LKSolKykrKUwpTC1MLUwpKykrKSspCiTpJ
OYY5hikEKUQ5hjGGOYUxhTFFOcdBxzmGMUQ5hkHGQcYxhTGFMYZCCGNMa01rTWsM
a0xrTGtMc4xzjHOMc4xzjHvNe81rS2tLawtSiWtLc41zS2tKa0tzjHuMe86DzoQP
hA6ED4QOhA6EDXvNc4xzjIQOhA6ED4QPhA+DzoQPjA+MT4QOe86ED4wPhA+MD4wP
jA+DzoPOfA57znPNe857znvOe817zWuMYwtrTGtNa41zjXONYwtaylsLWspjTGuN
a81rjWuNY01jTFtMWwxbDFtMY01jTWNNY0xjTFsLUspSykJJQgg6SEKJUstTC1ML
UwtTC0sKSspKykrKSolCiTmGOYYpBCkFOYc5hjGGMUUxRUHHQcc5hjFFOcdBx0HH
MUUxRTGFOcZjDGtNa01jDGMMY0trS3OMc4xzjXONc41zjXPNc41zzXvNc817zXvN
e81zi3NMc4trS3uNe81zjHPMe82EDoQOhA+ED4PPe457zXvMe4yEDoxPjE+MD4PP
hA+MD4wPe86EDoQOhA6MT4wOhA6DznvOe857znvOc857zXONawtbCmtMc41zjWNM
Y0tbClsKY0trjXONa41jTGNLY0xjTVMMW0xjjWONY41jTWNMY0xbC1sMW0w6SUrK
QspKy0rLUwtTDFMLUwtLC1MLUwtSylLKSspKykKJQkk5hjmGKUUxRTnGOYY5hjFF
MUVBx0HHOYUpRTmGQcc5xzFFMUUxhkHHYwxrTWtNY0xrS2tLa0tzjHuMc4x7jHuN
e4x7jWMJc0tzjHOLe4x7jXvNe817znvOe817zXuNc4xzTHvNhA5rSnOLe8yEDoQO
hA+ED3vNc4yDzYwPjA+MT4wPg86EDoQPhA6EDoQOg86EDnvNg82DzYPNe817zXON
a0xrTGtMc41zjXONUolbCmNMc41zjWuNa41jTGtMWspjC2tMa41rjWuNa41rjVLK
UspTC0rKUwtTC1tMUwtbTFtMW0tTC1MLQolKykqKUwtTC1MLUwtKy0rKSspKykKJ
OYYxhSlEKUQ5xjnGMYUxRDFFQcZBxjmGMUU5hkHHQcYxRTFFMYVBx2MLa0xrTGNM
a0trS2tLc4xzjHOMc4xzjHPMc8xayGtKc0tjCWMJa0prS3NLe4x7zXvNc817zXvN
e857zoQOe81zTHNLc4xzS3uNhA6MD4wQhA+Dz4POhA6MT4wPhA6EDoRPhA6MD3vN
hA57zYQOhA58DnvOc4xzTHOMe41zjWuMa4xrjGuMc41zjXONa41bC2NMa0xrjHON
a41rjWNMWwxbC1sLY01TC1tMW0xjTGNMY0xbC1sLWwtKiUrKSspKyjpISopKilML
UwtTC1LKUstSikrKSopCSTmHOYYxRTFFOYY5hjmGMYUxhUHHQcY5hTFEQcZBxkHG
MYUxRTFFQcdrDGtMa0xjS2NLa0trS3OMc4xzjHOMc4xzjHOMc4xzzXvNe8xzjHuM
e4xzS3uMe81zjGMKa0trS3OMe82ED4RPhA+ED4QOc41rTHNMe42EDowPjE+MT4PO
g86EDowPe857jYRPhA6EDoPNe8yEDYPOe81zjHONe81zzWuMY0trjHONc41rjWNM
YwtjC2tMa4xrjWuNY4xjTGtMa0xjC2MLa0xjTGNMY0xjTGNMWwtbC1MLSspSy0rL
SstTDFMLUwtTC1MLUwtTC1LLUstSy1LLSspKykqJQklBxznGMUUxRTnHOYc5hzFG
MYZBx0HHOYcxRTmGOcY5hjFFOUU5hkoHawtrTGtMY0tjC2tLa0xzjHOMc4x7jHuN
e4xzjHuNe417jYPNe817zXvNg82DzYPNg817jXONa0xzjHvOhA6ETowPhA+MT4xQ
jE+EDoPOg82DzYQOjA+MEIQPe86ED4wPg86DzowOhA6EDoPNhA57jGtLe41zjWtM
c0xrTHONc41rjGtMYwtrTHNNc41zjWuMYwtSyUqJYwxrTWtNa41rjWuMY4xbC1sL
UspKiUqJUwpbC1MLW0tbTFtMWwxbDFLLUstSy0KJUwtTC1MLUwpKykqKSopKikJJ
Occ5hjFFOYVBx0HHOccxhjGGQcdBxzmGMYU5xjoHOccxhTGFMcZCCGtMa0xrTGML
awtrC2tMc0xzjHOMc4x7zHuMe4x7jHuMe817zXvNe817zXvNg82DzoPOg86DzoPO
g86DzowPjA6MD4wOjA6MT4xPlE+MUIxPjE+DzYQOjA6MD4wPg857zYxPhA57zYQO
hA2DzYQNc4x7zXONYsprC3ONc81zjWtLa0xzjXPNc41zjGNLWspjDGMMa0xrjWuN
a41rjWNLa0xrTFsLUspbC1sLY0xbTFtMW0xbS1sLUstKilLLQolCiUrKSspCiVML
UwpTClLKSspKykrKSopCiUHHOccxhjGGQcdBxznHOYY5hkIIQghBxzHGOcdBxznH
MYYxhjmGQgdrTGtMY0xjC2MKa0pzS3OLc4xzjHuMe417jXOMe4x7jHuMe817zXvN
e817zXvNhA2DzoPOi8+DzoPOhA6EDowOjA+MD4wPjA+MD4xQjE+MUIxQjFCMD4QP
e82DzowPhA57zoQOhA6EDnvMhAyEDXvNc41rTGtMc81zjGtMa0xrTXONa0xrTGNL
WwpjS2tMc41zjWtNa41jTFtLWwpbCmNMa01jTGtNY0xjTFsLWspSiUIHUopSykKJ
UspSy1LLUwxTC1MLUwtLC1MKUwpKykrKSspCikqKQolByEHHOYY5hkHHQcc5xznH
QcdCB0IIQcc5hkHHQgdBxzmGOYY5xkoHa0xjS2MLYwprC2sKa0tzS3NLc0t7jHuM
e4xzS2tLe4xzS3vMe817zXuNe817zXvNe82DzYPNg82EDYQOhA6EDowOjA+MD4wP
jA+MD4xPjE+MUIxPjFCMT4QPe86DzoQOhA57zYQOhA6DzYPNg817jXuMe41zjGtL
c4xzjXONa4xjC1rJa0trjHOMc4xzjGtLYwtaymNMY0xjTGtMa01rTWNMYwxbC1ML
QkhKykqKQolKylMLWwtbDFsMWwxTDFMLUwtTC1MLUstSy1LLSspKykrJSslKikKJ
QchBxzmGOcZCB0IIQchBx0HHQghCSEIHOcdCCEHHOcc5hjmGOcdKSGtMa0tjC2NL
Y0tjS2tLc0tzS3OLc4xzjHOMYslKR3NMQcZrC3uNe0xBxlJHawprSnvMe8yDzIPO
g86DzoQPhA6MD4wPjA+MD4wPjA+MD4xPjE+MT4xPjE+MUIxPhA6DzoQPg857zYQO
g82DzYPNe8x7jHNLawpzjHONc0xrS2MLY0trjHPNc41rTGMKWspjC2tMa0xzjWuN
a4xjTGNLWslKiVLKUstSy1LLW0xbTFtMW0xbTFtMW0tTC1MLUwtTC1MLUwtLC0sL
SwtKy0rKSspCyUqKQopCSUHIQgg5xznHQghCB0IHQgc6B0IIQghCBznHQgdCB0HH
OcY5xjnHSkljC2sLYwprC2sKa0pzS3NLc0tzTHOMc4xzjGMKSgdrS0oHc0xzjXNM
IMIxREHGKQNSBzlFScaDjWLJe42DzYPOg86MD4wPjA+MD4wPjA+MT4xPjE+UT5RQ
lFCUUJRQjE97jYwOg86DzYPNg82DzXuMawpzi3vNc4xrS2NLa4xzjHONa4xrjGuM
Y0xjS2tMa4xrjGuMa0xjTFKKWwtjS1sKWwtjTGNMY0xbTGNMW0xbS1tMUwxbDFML
UwtTC0sKUwtTC1MLUwtTClMLUstKy0rLSspKikqKQkpCCEIIOgdBx0IIQghKCEHH
SgdKCEoJQghBx0IIQgg6BznHQcc5x1JJawxrDGMKYwtjC2MLa0xzS3NLc0tzjHOM
c4xjC2NLWspSSHNMe4xrCzFFOYVKCDFFUkgxRDmFUkgxhGLKSgZiyWLJawqDzYPN
hA6MDowPjE+MT4xPjE+MT4xQjE+MT4xPhA6DzowPg86DznvNg81zTHONe41zTGtM
c0xzjXOMa0xjCmtLa0xzjXONc41rjWtMWwpbClsLY0xjTGuNa01rjWtNa0xjTGNM
Y0tbS1tLW0tbS1sLWwtbC1sLWwtSy1LLUstKikqKQklKy0rLSspKykrKSopKikqJ
QghCCEIHQgdKSEpISkhCCEIISglKCUoIQchKCEIHQgdCB0HHQcdaimsMawxiy2ML
YwtrC3NMc0tzS3NLc4tzjHOMc4xzjHOMc4tzjHOMc4xzjHOMa0xjC3ONUolSSEoH
QcZzTFKIa0pBxTmESgZKBXOLe8yMDowOjA+MD4xPjE+MT4xPjFCMT4xQjA97zYPO
g86DzYPNg817jXNMc417jXuNa0tjCmMLa0xzjXONa0xjS2NLYwtjS2NMa41rjGuM
a4xrjGtMa0xjTGMMY01jTGNMW0xbTFtMW0xbDFsLUspSykqKMcdCSToIQklCiUJI
UstKy0rLSopKikqKSopKikIJSklCCEIISghKCUoJSghKSEpISklKCEoISghKCEnI
ScdBx0oIYstrC2MMYwtjC2MKawpzSnNLc0t7S3NLc4xzjHOMc41zjHOMc4xzjHOM
e4x7zXuNe417znvOfA57zXvNg81rS3tMSgZKB0IHOURiykHFc0tiyYPNjA+MD4xP
jE+MT5RPjE+MT4xPhA57zYPNe8yDzXOMc4x7jXuNc0xrS2tLc4xzjHOMa0tjCmMK
YwtrTGuMc41zjWuNc41rTWtMY0xjTGtMa0xjS2NMY0xjTFtMWwtbC0qJSopKikJJ
SopSyzpIQspKy0rLSwtKykrLSstKykrKSolKiUKJQolCCEpJQghCCEpJSklKSUpJ
SklSSUpISklCCUoJSghKCEoIQgdaymNLYwtjC1rKYwprCmsKc0pzS3NLc0tzS3NM
c4tzjHOMc4xzjHOMc4xzjHuMe82DzYPNg82DzYQNg82DzoPOg86ED4POe41rC0pH
c4xKBmsKQcVrClqIjA6UT4xPlE+MT4xQjE+MT4xPg86DzXvMg817jHvNc41rTGtM
c41zjWtMYwtrS2tLa4xzjXONc41zTXONa01rTGtNa0xrTGtMa0xrTGNMWwtbClMK
SolKiUqJWwtKiUrKUspTC1MLUwtLC1MLUstKykrKSspKykrKSspKikKKSopKikJJ
SklKSUIISkhKSUpJSklKCUpJSklKSUpJQghKSUIIQghCCEJIWwtjDGMMYwtaylsL
YwtrCnNLc0tzS3NLc0xzTHNMc4xrTGsLawtzS3NMc0t7jHuMe8yDzYPNg86DzoPO
g86DzoPOjA+MDoQOg86DzoPOc4xzS1qIawpKBnvNlE+MT4xPjE+MT4xPjE+ED4QP
g82DjYPNe41zjHOMc4xzjHNMa0taymtLc4xzjXONa41zjXONc41zjWuNa41rjWuM
a0xjC2MLWspbC0qKUspKylLLUwtbC1sLWwtbC1sLUstSy0pJSopKiUJIQklCSUJJ
SspKykrKSslKikKKQopCiUpJSkpKSUpJSklKSUpJSklKSUpJUklSSUoIUklKCEoI
SghKCGMMYwxjC2MLYspjCmsKa0tzS3NLc0tzS3tLc0xzTHNMc0xzTGsLawtrS2sK
awlzS3NLc0p7jHuMe417zXvNhA2LzowOjA6MDoQNhA6EDowOjA+EDoPOawtzjIxP
jE+MT4xPjE+MT4xPjE+ED4PNe82DzXOLc4t7jHOLa0prS3OMc4xzjXONc41zjXON
c41zjXONa4xrTGNMYwtjC1rLWspjTFsLW0xjTGNMY0xjTFtMW0tbClLKUopCSUpJ
SklCSErKUspKykrKSspLC0rKSspKikqKSopKikqKQkpKSkpKSkpKSUqJSklKikpJ
SklKSUpJUopKSUpJQghCCEIISkljDGMMYwxbC1rKYwprCmtKc0tzS3NMc0tzS3NL
c0tzi3OLc4xzjHOMc0xzjHOMc0xzTGtMc0xzTGsKc0tzS2sKe4yDzYONg82DzoQO
hA6MDowOjA+MD4wPjA+UT5RPjA+MD4wPjA+MD4wPjA+DzoPNg817zXuNYwpjCnNL
c4x7jXOMc4xzjHOMc41zjXONa41jTFLKUolaylsLY0tjS2NMY0tjTGMLWwtTC1LK
UspbC1sLSopSy0qKSstKy1MLUwtTC1MLUwtSylLKSolKykrKSspKykKJSolKiUKJ
SklSilJJSklKSUpJUopSilKKUopSilKKUopKSUpJSklKSEpJYwxjDFqKYstiymML
YwprSmtLa0pzS3NLc0tzS2tKawprCnOLc4xzS3NLe0x7jHuNe417jYPNg82DzYPN
g817jXuNg41rCmsKe4yDjHuMg82MDowOjA+MD4wPjA+MD4wPjE+MT4wPjE+MD4wP
g86DzYPNe8xzS2tLc4x7jHONc41zjXONc41zjWuNa0tjCmMLWspSyWNMa0xrTGNL
Y0tbClsKUwlSyUrJUolSiVsLWwtbS1sLWwtbC1LLUwtKy0qKSstKykJJQklCSEJI
SolKykrKSspKikKKQolCiUpJUopKSUpJSklKSkqKSopKikqKUopSikpJSklCCEII
QghSimMLYwtKSGMLYwpjCmMKa0trS2tLc0tzS3NLc0trCmLJYslrCnOMYwpjCmLK
e4xzjHNLe4x7jHuNg82DzoPNhA6EDoPOg857jXvNe4xrCmsKg4yMDowOjA6MDowP
jA+MD4wPjA+MD4wPjA+MD4PNg4yDzXOMe4xzjHNMc4xzjHONc41rTGsLYwtbClsK
Y0trjGuMa4xrTFsKWspailrKSklSilrLWwtbC1tLW0xbTFsLWstSylLKSolCSEpJ
SopCSUKJQolCiUqKSopKikrKSspKykrJSopKikJJQolKSVKKSklKSUpJSklKikqJ
SklKikpJSopKSUpJSklCCEoJUkpizGLMUkliy2LKYwlrCWtKa0tzS3NLc0t7THNL
c0tzS3NLc0tzS3NLc0tzTHNMe0x7jHNLc0x7jHNMc0t7jHtMe4yDzYvNg82MDowO
g857jXuNg81zS3uMi86MD4wPjA+MD4wPjA+EDowOjA6DzYPMg8x7zHOMa0trS3OM
c4xzTFrJUohjC2tMc4xzjGuMa41jTFsLUslCR1rKYwtjC2NMY0xjTGNMW0xSykqJ
UopKSToHQghKSUpJSklKilLKUspSykrKSspSykrKSspKikqKSopKikKKQopCSUJJ
SklKSUpJQghKSUpJSkpKSUpJSklKSUpJSklKSUIISghCSEIHYwxaykpIWspjCmMK
YwprS2tKa0tzS3NLc0tzS2sKc0trCnuLe4t7i3uMe4x7jHuMe4x7jHvMe817zXvN
e41zTGtLc0qDjHMKe0yDjYvNjA2MD4wPg857THtMg42DzowPjA+MD4wPjA6MDowO
g817zYPNc4tzS3uMc41zS2tLYwtaymtMc4xzjGuMa0tjCmtMawtjC2tMa0xrTGtM
a0xjC1sLWspbDEpJQghByFLKUspKylMLUwtSy1LLUstSy0rKSspKikqKQokxxjoH
OgdKykqKSopKikqKQklCSUoJSklKSUpJSklKSUpJSklKSUpJSklKSUIIQghCCEoI
Qgg5xmsLYwpSSFrKYwpjCmMKa0prSnNLc0tzS3NLc0tiyWLJWohzS3NLawpzSntL
e0t7i3uMe4x7jHuNg42DzYPNg82DzYONg81zS3NLe4x7S3uLi82MDowOjE6MDoPN
e4xzS3uNjA+MD4wPjA+MDovNg4yDzHuLg8x7i2tKa0tri2uMc4xzjGtMWsliymML
YwtrTGtMa4xrTGNLa0tjC1rKUshbClsKWwtay1sLWwtbC1sLWwtbClLKUspSyUrK
OkhCSEpJQklCSUJJMgdCSUJKSopKikqKSopCikKJQolCCUoJQglCCUIJSklKSUpJ
SklKSUpJSklKSUIIQghCCEIHMYViymLKUkhaymLKYspjCmsKawtrSmtKc0tzS3NL
cwtzS3NLc0t7jHNLc0tzS3NLc0t7jHNKc0pzS2rJc0p7S3uLg4yDzYwOjA6MDoQO
g857jYPMg82DjIPNjA6MDowOg817jIPNjA6MDowOjA6DzXuMe8yDzHuMc0xzTHOM
c4xrTGtLawtrC2tLa0xrjXOMc4xrS2MKYwtayVsKY0tbSlsLY0tjS2NKY0tjC1MK
UspSykJISolCSUqJSolKiUKJSspKykqKSspKykrKQspKyUqKSopKikqKQopCiUJJ
QghKCEIIQghCCEpJSklKSUpJSklKSUpJSghCCEIIQghCCClEYspayVKIWsljCmLK
awprSmtKa0pzSnNLc0tzS3NLc0tzS3NLc0tzS3uMe4x7jHuMe8x7jXuMc4xrSnNL
e0trCmrJc0t7i3uLg4uDzIQNjA6MDowOhA2DzYPNg82MDowPjA+DzoPNg86MDowO
hA2DzIPMe8xzjHuMc0trS2MKYwprS2uMc4xzjGtLa0xaymMLYwtjS2NMa0trS2NL
Y0tjSmNLUslKSFKJUolKiUqJSspCiUrKSspSylLLUspSylLKUopKiUKJQok6SEJI
OgdKikqKSopKikqJSolCSUIIQghCCEIIQghCCEpJSklKCEoJSghKCUoIQghBx0HH
Qcc5xlsKUohSiFrJYspiyWsJa0prSnNKc0prSnNLc0tiyWtKc0tzCmsKYslzSnNK
c0pzS3uLe4x7jHuMe4yDjIPNg8yDjIOMg41zS3NLe0t7jIPNjA6MDowOjA6MDoPN
g82DzYwOjA6DzXvNhA2MDoPNe4yDzIPMe4xrClqJYwprS3OMc4xrS2sLa0trS2tL
Y0trTGtMa0xrTGMLY0tbClrJWspaylKJUopaylrLWwtbC1sLWwtbC1MKUspSykrJ
UspSyToHOgg6CDIIOkg6SEJISolKikqKSolCiUKJQklCCEJJQghCCEIIQghKSUII
QghCCUIJQghCCEIHQcdKBkHHQgdCB0HGWolaymLJYwlrCXMKcwpzCnMKc0tzS3NL
a0pzS3MLaslqyVqIawprCmKIYodqyXMKcwp7S3NLe4yDzYONg82DzYPNg82DzYPN
i86DjIvNi82DzYPNjA6MDovOg86DzXvNg86MDoPNg82DzHuMe4xzTGLJYslrS3OM
a4xjCmMKWoljCmtMa0xrTGtMa0xjC2MLWslaymMKYwtjC2MLYwtjC2MLYwtjClrK
WspSyVKKSopKSkJJQklCSUqKUopKiUJJQolCikKKSopKikqKSopKikqJQolCiUJI
QghKSEIHQghCCEIIQghCCEIIQghCCEIIQcc5x0HHQcdCB1rLWstKSFrKYspiyWLJ
aslrCmsKawpzSnNKc0pzSnNKc0pzS3NLc0tzS3NMc0xrS2sKcwtzC2sLcwtzCntL
e0xzS3MLg0yDjHtMg4yDzYwOjA6MDovOi857jIwOg82MDowOjA6DzXuNg86DzYPN
g817jHuMawprCnuMc0trCmLJYshrS2tMa0xrTGsLa0trS2MKYwtjC2MLYwtjS2tL
Y0tjS2NLWspaylrKWspKSUqJSklKiVLKSopSy1KKUopSylLKSspKykqKSopKikqK
SopKikKKQklCiUKJQolCSUIIQghCCEIIQghCCEIIQgg5x0IIQghCCDnIQcc5x0HH
Sgdiy1rLSghiymLJYsliyWMJawprCmsKawpzSnNKc0prCXMKcwpzS3NKc0tzS3NM
e0x7THuMe4x7jHuMe4x7jIOMe41zTHtMe0xzC2sKc0uDzXuMg82MDowOjA6MDoPN
g82DzYPOg86DznuMg82DzHuLe4t7jHuLc0trCmMJawprS2tLa0trCmMKYwpiyWMK
a0trS2tLa0trS2tLa0tbClsKWspSiUpIUopSylrLWspbC1sLWstay1rLUstSy1LL
UstKykrKSspKikqKSopKSkKJSolKiUqJQolCiUKJQklBx0IIQgdBx0IIQghCCEII
QghCCEIIQghBx0HHOYZBxkoHYspiy0oIYspiyWLJYsliyWsKawprCmtKc0pzSnNK
YshjCWLJc0pqyWrJWkdzCmsKYshzS3NKc0tzS3NLe4yDjYPNg82DzYPNg817jXuM
g81zS3NKe4uDzIvNjA6MDowOjA17i4OMi86LzoONg817jHuMg4xzCmLJYslrCmtL
c0tiyVrJUshjCmtLa0tzS2tLa0trS2LJYwlaylrKUslbClsKYwtjC1sLWwtbC1sL
WwtaylLKUspSylKKUspSylLKUopKiUqKSopKikqKSopKikqKSkpCiUKJQok6iUJJ
QcdCB0HHQgdCB0IIQghCCEIIQghCCEHIQcc5hzmHOYZKCGLKYspKB2LJYsliyWLJ
YsprCmsKawprCnNKc0pzSnNKc0prSmtKawprCmsKc0tzC2KIawprCnMKawlqymsK
e0x7jIPNg4x7jHuMg42DzYPOg817zYONg817jHuMg82EDowOi857jIPOg82DzYON
g4x7jHuMawpzSnOLc0trCmLJUohjCmtLa4trS2tKa0tjCWMKYwpayWMLYwtjC2ML
YwpjS2MKYwtaylLJUolSiUJISkhKiUrKUstSy1LKSspKykrKSopKikqKSopKikqK
SolCiUKJQolCiUKJQolCSTnHOcc5xznHQcdCCEIIQghCCEIIQchBx0HHQYc5hjmG
SghaimLKSgdiyWLJYshqyGrJawlrCWsKawpzSnMKcwpzCnsKc0tzS3NLc0tzS3tL
e0t7S3tMe0x7S3NMawtrC3NMe0yDjXtMc0tzS3NLe0x7S4OMg82DzoQOg82DzXuL
g8yDjIPNi86MDnNLe4yDzYOMe0t7i3OLc0trC2LKYwprS2tLa0tjCmMKYspaiVsK
YwtjC2MMY0xrTGNMYwtjC1LKUopSiVKJSklKikqJUopSilLKUspSylLKUspSylLK
SspKiUqJQolCSTpIQkk6CDoHOghKiUKJQolCiUKIQkk5xznHOcY5xznHQchByEHH
QchBx0HHQcc5hjmGOYZBhlIFWgVaRVIGYoliyWLJYslqyWsKYwprCmsKawtrC2sL
YsliyWsJYsliiGLJYslzSntLc0tzS3NLc0t7S3tLe4x7jHuNe817jHNMc0xzC3MK
aspiyXuMg8yDjYvNi86LzoPOe4xzS3OMjA6DzXtMg4yDjHuLe4tzSmsKc0tzS2tL
awpiyUpHUohayWMKYwtrS2tLa0trSmMKWspaylrKWspSiVrKUolbC1MLWwtbC1sK
WspSylLKUspCSEpJSklKSkpJOcc6CDoIOgg6CToJOgg6SUJJQolCiUKJQkhCSUJJ
OcdBxznHOcdByEHIQchBx0HHQcdBxznHOcYxhjmGQYZRxFIEUcRSBmKJYsliyWLJ
awlrCXMJawprCmsKawprCmsKYslrCmLJWohiiFpHYslrClpIaspqynMKaslzCntL
e0uDi4OMe4x7jXuMe817jXuNe417jHuMc0t7jIOMi82MDowOg817TIOMi82DzXOL
e4t7S3uLc0p7S3NLawpaiFqIYsliymtLc0trS2sKYwljClKIWslayVrJWwpjCmML
YwtjC2MLYwpaylrKUspKiUJIQkhKiVLLMcY6BzoISolKiUJJQolCikKKQopCiUKJ
QolCiUKJQolCSUJJQklCSTnHQcg5xznHOcc5x0HHQcc5xznHOYc5hzmGOYY5hUGF
QYNBg0GDUgdaiWLJYsliyWLJaslrCWsJawlrCWsJawpzCnNKc0pzSnNKc0pzS3NL
c0tzS3NLcwtzS2rKawpzCnNKc0t7i2sKc0tzS3tLe4yDzYPNg82DzYONg817jHuM
g4yDzYQOg857jXuNg42DjYNLg0uDS3tLawpiyVqIWsljS2tLa0trS2MKa0tSiFKI
WspiymMKa0tjC2MLYwtjC2MLYwpaykpIUopSykqJSolCCEqJSopSykqKSopKikqK
SopKikqKSopKSkKJQkhCiUJJQklCSUJJQklCSUJJQkk5x0HHOcc5xznHOcdBx0HH
Occ5xznHOcY5hjmGOYU5hUoEUgRJxFJHWoliyWLJYshqyWrJaslrCWsKawprSmKI
YolzCnMKcwp7C3sLe0t7S3tLe4t7S3tLe0x7THtMe017jHuMe4xrS3NMc0xzTGsL
e0t7S4OMg82LzYvNi82DzYPMe4x7jHuMg42DzXuNg817i3uLe4trCWMJawprS2tL
a0tjClqIYsprCmMLawtrC2tLY0tjCmMLYspaylKJUohayVrKWopaylrKWspaylrK
WspSylLKUspSykrKSolKiUpJQkk6CEIIQkkxxzoIOgg6CDoIQklCiUJIQklCSUJJ
Occ5xznGOcc5xznHOcc5xznHOcc5xzmGOYY5hjlFOYVah1JHQgZSh1qJYoliiWKI
aslqyXLJaslrCmsKawpSR1JIYsliyWrJYsliyWsJYshrCWsJawl7S3tLe0x7TIOM
g42DjIOMe0x7jHuMe4x7jXuMe4xzS4OMg8x7S4OMi82DzYPNe4xzTHuMg86DzYOM
g4t7S3tKawpzSnNKawlrCWsJYsljCmMLa0trS2sLYwpaylrKWolayVrKWspaylsL
YwtjC1sKWwpbClsKWspSiVKKSklKSUpJQghKSUIIQkg6CEJIOgdCSUJIQkhCSUJJ
SklCSUJJQklCSUJJQklCSTmHOcc5xznGOcZBx0HHOcc5xznHOYc5hjmGMYYxRTmF
WolaiUpHUohayFrIWshiiGrJaslqyWrJawlrCmsKasprCmsKcwtrCmsKawpqymLK
awtrC2sKcwt7S3uLe4yDjHvMg42DjYONe417jYONg42DzYPNg82DzYONc0x7THtM
g42DjYPNg817jYPNg42DjHtKe0p7SnNKawpiyGLIawlrSnNKa0pjClrJWshayVrJ
YspiymsLYwtjC1sLYwtjClsKWwpSyVrJUslSiUIHSkhKSEJISolKSUJISolKikqK
SopKikqKSolKiUKJQklCSUJJOkhCSEJJQklCSUJIQkgxhjnHMYYxhjnHOcc5xznH
OYc5hzmGOYUxRTFEMUQ5hVqJWolKB1qJWslayWKIYohqyWrJcslqyXLJawlrCWsK
awlrCWsJc0pzSnNKc0pzS3NLe0t7S3tLe0x7THuMg4yDjXuNg42DjYONg42DjYON
g82DzYPNg82DzYPNg817jXtMaspqyntMg4yDjXOMe4xzSntKc0piyGLIawprCmsL
awpiyWrKWohSSGLKawtrC2sLawtrCmMKYwpSyUqIQkdSiVKJUohSiVKKUolKiUqJ
UolSylLKUopSikqKSolKiUqJSklCSUJJQgg6CDoHQgg5xzHGOghCSUJJQglCSTpI
OYY5hjmGOYY5hjmHOYY5hjmGOYY5hjmFOUU5RDlEQYVaiVKJQgdaiVqJWohaiFqI
YslqyWrJaslrCmsJawlrCVJHMUNBhVIGUgZaR1qGWodzCXtLe0p7S3tLe4yDjHuM
e4x7jIOMg4yDjYONg42DjYONg82DzYPNg82LzYPNhA2DzXvNc0xzS3NLg42DzHuM
e0t7SnNKcwpzCmsKYwpjClLJWsljCmMKYwprCmtKawpiylJISkhKSFKJSkhKSFJI
UspaylrKWstay1qKUspSylLJUolKiUpISkhKikIIOgg5x0IIQkkxxzoIOkg6CEJJ
QkhCSUJJQklCSUJIOkg6SDmGOYcxRjGGOYY5hjmGOYY5hjGGMYYxhjFGMUQxREHG
WolSikIHWopaiVqJWohiiWrJaslqyWsJawlrCWsJawpSiDmFQcZKB0pIScZJxkGF
YohqyWrJaslaSGKIcwpzCnMJe0t7S3uMe4x7jHuMg42DjYONg42DjYONg82DzYPN
g82DzYPNg4xzSnNLe4yDjHtLc0pzSnNKawliyWLJYslrCmsKawprCmsKYwpjClrK
UolKSFKJUspbClsKWwpaylrKWspaylqJSkhSiUqJSkhKSEpIQgg5x0JJSopCSUJJ
QklCSUJJQklCSUJJQklCSUJJQklCSUJIQkg6SDpIOkgxhjmGMYU5hTmGOYY5hjlG
OYY5hjGFMUUxRTFEMURBxlJIWolJx1qJWolaiFqIWohiiWrJaslqyWrJaslqyWsJ
awpzC2sKcwpzC2sKawprCmsKc0tzSmsKYsliyWsKawpiyWsKawpzS3tLc0t7S3tM
g4yDjYONg42DjYONi82DzYPNg82DzYPNg817jHNLe0tzS3MKc0pzSmsJawlzSmsK
awljCVrIWsliyWMJYwpjCmMKa0tjC2LKWspaylLJSkhKSEqJQkhKSEIHSklSiUqJ
SolKikqJSolKikqKSkpKikqKSolKiUJJQklCSUJJOgg6CDHHQglCCEJIOgg6CDoI
MUY5hjFGMUYxRjmGOYYxRTFFMUUxRTFFKUUxRTFEQYVBxkHGQcZaiVqJWohah1qI
YshiyGLIYwhqyWrJasliiGsJawlrCXMJcwlzSnMLc0pzSnNLc0tzS3NLc0tzS3tM
e0x7THNLc0tzS3NLc0t7jHNKe0tzSntLe0uDjIOMg82DzYvNg82DzYPNg817zHMK
e0p7CnNKc0pzCmsKYwliyVrJWohiymLKYwprC2sKYspjCmLKUog5xlKJUolSiUpI
SkhSiVKJUopSylLKUspSylLKSopKiUqJSolKiUpIQklCSTnHOgg5xzoIOghCSSGG
MccxxjoHQkg6SDoIOgg6CDFGOUYxRTFGMUY5RjGGMUYxRTFFKUUxRTFFMQUxREoH
WolSiUIHUoliiFqIWohaiGLIYshqyGsIawlqyWLKUkdiiWLJWkdiiWKIaslqiFpI
WkdqyXMJashqyGrJc0pzSnuLe4uDjIOMe4x7jHuMe4x7jHuMe4xzCmrKasl7S3uM
g42DzYPNg82DzYPNg817i3MKcwpzCmsJWohaiFKIYslrCmsKawpjCmMJYwpayVrJ
WolSiVKJSkhailrKWstaylrKWstaylrKWspSiVKJSkhKSEJISkg6CDoHQkg5x0II
Qgg5x0IIOgdCSEJIQkg6CDoIOgg6CDoJOgg6CDoIMgcxRTFFMUUxRTGFOYYxRjFF
MUUxRTFFMQQxBClEKURKR1KJUolCB1qJYolaiFqIYohiiGLJYsliyWrJaslqyWqJ
YsprCmLJYsliyWLJYslaiVpIaspiilpIYolaSGLKaslzCmKIe0t7S3tLc0p7S3tL
e0yDjIONg417jXuMe0x7THtMe0yDTYONg42DjXuNg4x7CnMKcwpiiFqIaslqymsK
YslayFqIUohaiWLKYsliyWMKYwpjCmMKWwpaylrJUolSiVKJSkhSSFKJSkhCB0oH
QghCCEpJQghCSEqJQklCiUJJQklCSUJIQkk6SUJJQklCCUJIOgg6SDpIOgg6BzoI
MUUxRSkFMUUxRTFFMUUxBTFFMUUxRTEFKQQpBDEEUkhaiVJISkdSiFqIUkdaSFqJ
YoliyGLIYsliyWLJYspqyWrJawlrCmsKcwpzCnMKcwpzSnNKc0pzS3NKc0pzCnNL
c0tzSnNLc0pzCmqJaslqyXMKe0t7S3uMg42DjYONg42DjXtMe0uDjHuMg4x7jHuM
e0pzCXMJawlrCWMJYslaiUnHUkdaiGLJYwpjCmMKYwpayVrJUshSiEpHSkhSiUpI
SkhSiUIISolSiVKJUolSiVKJUolKiUqJSolKiUKIQklCSUJJQghCSUJJOgdCCDnH
Occ5xymFQkg6CDpIOgc6CClFMUUxBTFFMUUxRTFFMUQxRTFFMQUpBCkEKQQxBFpJ
WklJxlJIWohaiFqIWkhiiGKIYohiyGrIYsliyWKJYohiiGrJasliyHMJawlrCXMJ
cwlzCnMKc0tzS3tLe4t7S3tLe0t7jIOMe4xzTHNMc0tzC3NLcwpzC3tMe0x7THuM
g42DjYONg41zC3MLe0x7THNKawpzCWsJasliiVpIWolaiGLJYspjClrJWslayVqJ
QgdCB0JISkhKSFKJWolayVrJWspaylrKWspSyVKJSolKiUpIQkhCSUpJOghCSDnH
OghCSDoHOgc6BzHHOcgxxzoIOggyBzoIOgg6CDoIOgcpRSlFKUUpRTFFMUUpRSlF
KUUpRSkFKQQpBCkEMUVSSVJJQcdSSFKJWohSR1pIYohiiWKJYohiiGLJYslaiFJH
WohiyWsKWkdiiGLIYodqyGsJYohiiGrKYohqyWrJaslzCnMKe0t7jHtLe0x7THtN
e4x7jHuMe4x7jHNLc0tzS2sKc0uDjIONe0xzS2sKc0tzSmsJcwliiGLIYsliyWLJ
YsliyWLKWohCBkpHUohayVqJWslaylrJWspaylrKUspSiVKJUohSiEpIQgc5xjGG
Occ5xznGQghCCEIIQkhCCEIIQghCCEIIQghCCDoIOgg6SDpIOgc6CDoIOgg6CDoH
MQUxBSkEKQQpBTFFMUUpRCkEKQQpBCkEKQQpBDmFUklSSDnGUohSiFKIWkhaSGKJ
YohiiWKJYoliiWLJYsliymLJYslqyWLJaslqyWsKawlzCmrJaslqyWsJcsprCmrJ
cwpiyWLJcwtzSmKIaslqyXtLe0t7THuNg42DjYONe4xrC2LJc0t7jHuMe4xzS3MJ
cwlzCXMKasljCWLJWohaiFJHWolaiVqJUohayWMKYwpjCmMKYwlayVqJUolaykpJ
SghKCEpJSkhCCEIIQghCCEJISklCSUpJSklKSUpJQklCSUJJQklCSUJJQkhCSEII
QghCSDoIOgg6CDIIMggyCCkEKQQoxCkEMUUxRTEFKQQpBCkEKQQhAykDKQMxREHG
QcY5hVJIUohSiFJIWohiiGKIYohiiGKJYoliiWKJYslqyWrJaslrCWrJaslrCWsK
cwpzCnMKcwtzC3NLc0tzS3NLc0tzS3uMc0tiiGrJYohzCnLJYohqyXMKe0t7S3uM
g4x7jHtMe0xzC3NMc0tzC3LJcslyyWrIYohaSFpIWkhiyWLJawljCWMJWsliyVqI
UohSiFKJUklSiUpIUolSiUpISkhKiUqJUopSiUqJSklKSUqJSolKSEpISolKSUJJ
QklCSUJIQkhCSEJIQkg6CDoIOgg6CDoHOgg5yDoIOggpBCkEKQQpBDFFKQQpBCkE
KQQpBCkEIMQoxCjEOYZKB0HHOYZSSFJIUkhaSFpIWkhaiFqIYohiiGLIYohaR1pH
WohaiFqIWkdiiGrJYohqyWLJcwpzCnMKcwpyynMKcwpzS3NLc0t7THtLe0t7S3tL
e0tzC2rKYolrCmsKYslzCntLg4x7jHuMc0trC3MLcwtzCWsJaslSB1qIWoliyWLJ
YsliyVqJUohSSEIHUkhSSVKJUolSiVLJUslSyVKJUolSiVKJUolSiVKJSolKiUJI
QghCCEIIOcdCCUJJQklCSUJJQklCSEJIQkhCCDoIOgg6CDoHOgg6CDoIOgc6CDnI
KQQpBCDEKQQpBSkFKQQhBCkEKQQoxCjDKMMow0GGUkhSSEHGUkhSSFpIWkdaR2KI
YohiiGKIYohiiGKIWkhaSFqJWolaiVqJYsliylqIYsliyGLIawpiymLIYohaBmrJ
asliyGKIcwpzCnNLe0x7S3tMe0x7THtMe0x7THMKcwtzC3MKc0t7S3uMe0tzC2rK
cwlqyWrJYohiyWLJYolaiFKISkhKR1JIUolSiVrKWspiylrKWspaylrKUolKiEpI
QgdBxznHOcdCCEIHQghCCDoIQghCSEIIQghKSUJJQklCSTpIQkhCSEJIQgg6CDoH
Ogg6CDoIOcg6CDoIOggxyCkEKQQgxCkEKQQpBDEEIQMhAykEKMMowyjDKMNBxlJI
UgdBhVJHUkhSSFJHUkdaR1qHYohiiGKIYohiiGJIYoliiWKJaslqyGrIaslqyXLJ
awlrCWsKawprCmsJYshrCmsKYsliyWrKaspiyWrJcwpzS3tLcwtzC3tLe0x7THtM
e0xzTHMLaspzC3MLc0tzCmrIaslqyGKIWohSSFJHUkdaiFqIWoliyVrJWslayVrJ
WslKiEpIOcZKSEIIOcZCBzoHOcc6B0JISolKSUpJSklKSUpJSklKSUJJQklCCUJJ
QklCSEJIOkg6CDoIMcc6CDoIMccxxzHHOgg6CDoIMggpBCkEIQQpBCkEKQQpAyED
IQMhAykDIMMowykDQcZSSFIHQcVSR1JIUkdSR1JIWkhaiFqIWohaiGKJYohaR2KI
YkhqiGKIWohaiGKJYsliyWrJaslrCXMJawprCmsKcwpzC3MKcwp7C3NLc0tzS3NL
c0t7S3MKcwpqyWrJe0pzS3tMe0x7THtMc0xrCmsKc0pqyWrIashSBlIHWohaiFqI
WslayVqIWohaiFqIUkhSSFqJUklKSEIISklKSUpJSklKiVKJUolSiVKJSolKiUpJ
QklKSEJJQkhCSEJIOgg6BzoHMcc6BzHHMccxxzGGOcc5xzHHMccxxzoIMgcyBzHH
KQQpBCEEKMQpBCkEKQQpBCkDKQMowyDDIMMow0HHUghKB0HGUkhSSFJIUkdSSFqI
WohaSFqIWohaiFqISgZaR1qIYohSB0GFScZSSFJHYohiyGrJasliiGrJaslrCWsJ
awpzCnMKcwpzCnMLc0tzS3NLc4xzS3NMc0tzS2sKawlzCnMKc0t7S3uMc0tqyWKI
asliyGLIWohiiVqJWohSR0pHUkdKB0pIUkhSiVKJUolSylrKUolSiVKKUolSiVKJ
UolKSEpIQkhCSEIIQghCCDnHMcdCCDnHOgdCCDnHOgc6BzoHQkg6CDoIOgg6CDoI
Mgg6CDoIMggyCDHIMccxxykEKQQhBCkEKQQpBCkEKMMowyjDIMMgwiDDIMNJx1II
ScZJxlIHUkdSR1JHUkdah1qHWohaSFpIWohaiFJHWohSiFqIUkdKB1JHUohaiFqI
YsliyWLJYoliiWKIYohiiGLIYohqyWrJasliiGrJaspzC3MLe0tzS3NLc0tzTHNM
c0xzS2tKawpzS3tLcwtiiGqIaohqyGKIWkdSB1IHQcVKB1pIUkhaiVqJWolaiVrJ
WslSiVKJUolSiUIHQgc5xkIHQgc5xkIHSkhCR0JIQklCSUJIQkhCSEJIQklCSEJJ
Qkg6SEIIQghCCEIIOgc6CDoIOgg6CDoHMccxyDHHMccgxCDEIMQgxCkEKQQpBCDD
IMMowyCCIMIgwykDSgdSB0HGQcZSB1JHUgdSR1JHUkdaR1pHWkdaSFpIWkhaiGKI
YohiiGKIYohiiWKJYolqyWrJaslqyWrJaspqymrKaslrCmsJawprCmrKUgdiiWLK
awtqyXMKaspiiGsKcwt7THtMe0x7THNMcwtqymrJcwpqiWLIYshSR1IHUkhSSFJI
UohSiFqIWohaiFJHUkhSSFJISkhKSFJIUklCCEIIQghKSEpISkhKiUpJSklKSUJJ
SklKSUJIQkhCSEJIQkhCSEJIOgc6BzoHOgc6BzoHMccxxynHMccxxjHHMccxxzHH
IMMgwyDDIMMowykEIMMgwyDDIMMgwyCDIIIowjlEOUQxBEHHUgdSSFJHUkdSR1pH
WkdaR1pHWkdaSFpIUgdSB1pIWohaSFqIYoliiWKJYoliyWLJaslqyWsJaslrCnMK
cwpzCnMKcwpzC3NLcwtrCmsKcwpzSmsKWkhiiGrJcwtrCnMLe0t7S3tLawpiiGLI
YshiyGKIWkhaSFqIWohaiFKISgdBx0IHSgdBxkoHSkhSSFJIUohSiVKJUolSiVKJ
UolSiUqJSkhKSUIIOcc5xznHOcc5xjGFOcZCCDnHOcc5xzHGOccxhjHHMccxxzHH
McYxxzHHMccxxzHHMccxxiDDKQQgwyDDKQQpBCkDIMIgwikDKQMgwxiCIMNJx0oH
OYVKBkpHUkhSR0oHUkhSSFJIWkhaR1pHWkdSR0oGQcZJxlIHUgdSR2KJYoliiWKJ
YoliyWLJaspqyWrJaslqyWsKawpzCnMKcwpzCnMKcwpzCnNLc0tzS3NLawpqymrK
awpiymrKaspzC3MLcwpiiGKIYohiiFqIUkdKRkHGQgdKSEIHQghKSFKIUohaiVqJ
WolSiVKIUohSiFKISkdKSEIHQgc5xkHGQggxhilFIQQ5xzGGMYYxxjHHOgg6CDoI
OggyBzoHMgcyBzIHMgg6CDHHMccxxzHHMccxxzHHMcYgwyDDIMMgwykDKQQpAyDD
IMMpAyjDKMMggikDSghKBzGFQgdKB1IHUgdSB1IHUkdaR1pHWkdaR1pIWkhSR1IH
UkhSSFpIUkhaiGKJYohiyGLJYslqyXLJaslqyWrJawlrCXMKcwpzCnMKcwpzCnMK
cwpzCnNLc0tzS3NLc0tzS3NLa0trC2LKYslaiGsKawlaiFqIYohaSEHFQcZKB1JI
UkhSiFKIUohSiFKIUohSiFKJSkhCB0IHQcdCBzoHOcY5xjnHOcc5yEIJOcc5xzoI
QghCCEIIQghCCEIIQghCCDoIOgg6CDoIOgg6BzoHOccxxzHHMccxxzHHMccxxzHH
KMMowyjDKMMowyjDKMMgwiDCIMMgwyDDIMMpBEoHSccxREnGSgdKB0oHSgdSCFJH
UkdSR1pHWkdah1pIWkhaSFqIWohaiFqIWohiiGKIYolqiWrJaslqyGsJaslqyWsJ
cwlzCnNKcwpzC3MLcwtzC3MKc0pzS3NLc0tzS3NLc0tzS3NLcwtrS2sKWohaiGLJ
YolaiFqIWohSR1KIWkhaiFJIUkhSiEpHSkhCBjnGQcZCB0oIQcdCB0IHSkhKSEpI
SkhKSUpJSklKSEpIQkhCSEJIQkhCSEIHQghCCDoIOgg6BzHHMYYxhjHHMYYxhjHH
KYYphiGGKYYphjHHMccpxiiCKIIogiCCKIIwgjDCMMIogijCKIIogijCMQNJx0nH
MUVBx0oHUgdKB0oHUkdSR1JHUkdSR1JHWodaR1pHScZKBkHFUkdaR1pHYohiiFqI
YoliiWKJYoliiWrJaslqyXLJaslqynMKcwpzCnMKcwpzCnNKc0pzS3NLc0tzTHNL
a0tzS3NLc0tzS3NLawpaSGKHYodih1qHUkhSSEpHSgdKB0oHSkhKR0pHQghCCEJI
SklSSUpJSklKSUpJSklKSEpISkhKSEIHQgdCCEIHOcdCBznHMccxxjHHMcYphjHH
MYYxhilFKUUxhilFMcYxxynGKcYpxinGKccxxzGHMYYogiiCKIIogjCCKIIogiiC
KMIwwjCCMIIwgjDDScZBxjFDQcZKB0oHSgdKB0oHUgdSB1IHUkdSR1JIUkhSSEHG
QcVBhUoHUgdJxlpIYohaR1IHWkhSB2JIWkhSB2KJWkhSB1pHYodiyGrJaslrCWsJ
awlzCnMKcwpzCnMLcwtzC3MLc0tzS3NLc0pzS2sKYslaSFpIWkhSB0oHSgdKB0pH
UkdSR1KIUohSiFKIUohSiFKIUohKSEIHQgdCB0IHQgdBx0IIOccxhjGGOcZCBzoH
Occ6BzHHMcc5xzoHOgc6BzoHOgcxxznHMgc6BzIHMccxxzHHMccxxjHHMcYxhimG
KIIogiiCKIIogiiCKIIowiiDKIIogiiCIIIww0GGQYYxREHGSgZKB0oGSgZSB1IH
UgdSB1IHWgdSR1JHUkhSR1JHUkdaSFJIUkdSSFqIUkdSR1qIUkdaiGKIUkdaiVJJ
UgdSB1pIWoliiWKJUkdiiGKIYohiiGrJcslzCnMKcwpzSnNLc0tzS3MLawprCmrK
YohaR1pHSgdSB1JHUkhSSFJIUkhSSFJIUkdSR0pHSkhKSEJIOgc5xznHQghCCEIH
OgdKSEIHQghCCEIIQkhCCEIIQghCCEIIQghCCEIIQgg6CDoIOgg6BzHHOcc5xznH
MccxxzHHKccxxzGGKYYphiiBIIIggiCCKIIgQiiCIEEggiiCKIIggiCCKMMxRDlE
MURBxknGScZCBkoGSgZKBkoGUgZSBlJHUkdSR1JHUkdSR1JHUkdSR1JHWkhaSFpI
YkhiiWKJYoliiWrJasliyWLJYslqymrKaspqyWLJYsliyWLJWohiiGrKWklaSFqI
WohqyWsJcwpzCnMKcwprCWKIWkdaR1pHUkdSSFJISgZKBlJHSkdCB0IHSgdKSFJI
SohKSEJISkhKSEpISkhKSEpISkhKSEpIQkhCCEIIQghCCDoIOghCCEIIQgg6CDoH
Ogc6BzoHOccxxzHHMccxxzHHMccpxzHGMYYphimGKYYggiCCGEIgQiiCIIIgghhB
GEEgQiCCIIIggiDDKQQpBDEEQcZJxkHGQcZJxkoHSgdKB0oGUgZSBlJHSgZKBknG
ScZJxknHSgdSB0oGScZKB1IHWkhaiGKIWohiyGKIYohiyWLJYsliyWLJaslqyWrK
awprCmsKcwprCmLKYspaiVJIWohaiGLJYslqyWsJasliiFpHWkdSBkoHScdKB0oH
ScZSSFJIUkhSSFJIUkhSSFJISklKSEpISghKSEJIQgc6B0IHQgdCBznGOcY5x0II
QghCCDoIOgg6BzoIOgg6BzIHOgc5xznHOccxxzHHMcgxxzHHMcYphimGKYYphimG
IIIYgRhBIIIggiCBIIIYQhhBGEEgQSCCIEEowzlFOUUxREHGScZBxkHGQcZKBkoG
SgZSB1IHUgdSB1IGQcZKB0nHScdJx0HGSgdJxzEEQcdBxkoHSgdSSFIHWohSBlpI
YolJxlJHUgdaSFpIWkdiyGLJaslqymrKawprCmsKawprCmMKWoliylrJWohiyWrJ
YohaR1pHUgdSR1JHUkdSSFJIUkhSSFJIUkhKSEpISgdCB0IHQcc5xjnGQgc5xjnG
MYY5xznHOcc5xznHOcdCCEIIQghCCEIIOgg6CDoIOgg6BzoHOcc5xznHMccxxzHH
MccpxymHKYYphimGKYUphSCCIEEYQChBKEIogiCCGEEYABhBGEEgQSBBMMM5RDFE
MQQ5hUGGQYVBhUHGSgZKBkoGSgZKBlIGUkZSB1IHUgdSB1IHUkdSR1JIUkdSR1II
UkhSSFJIWklaSFpIUkdaSFpJScZSCEoHUkdSR0oGSgZSR1JHWkdaR1pIYohiiGrJ
aspiyWsKawpqylqJWkhaiFpIWkdaSFpHUkdSR1JHUkdKB0IHSgdCB0IHQgc5xkIH
Qcc5x0IHOcdCCEIIQghCB0IHQgdCCEIIQgg6CEIIQghCCEIIOgg6CDoIOgg5xznH
Occ5xznHOcY5xzHHMccxxzHGKcYphimGKYYphSmFKUUgghiCGEEYQSBBIEEgQRhB
EAAYARgBGEEYQSjDMUQpBDEEOYU5hUGFQYVBxUoGSgZKBkoGSgZKBkoGSgZKB0oH
UgdKB0oHUgdSR1JHUkdSR1pIWkhaSFpIWkhiiGKJYohiiGKIYohiyWLJYslaiVqI
WolaiVpIUkdKB1JISgdSSFqIWohaiWLJYspiyWLJWohSB1JHWkdSBlIGUgdJxkGF
QYVKB0oHSkdKSEoISkhKSEpISkhKSEpISkhKSEpIQkdCR0JHQgdCCEIIQghCCEII
QghCCEIIOcc5xznHOcc5xznHOcc5xjHHMccxxzHHMcYxhjGGKYYphimGKUYpRSlF
IIIggSBBGEEgQSBBGEEYQRAAEAAYARgBIEEpAzFEKQMxRDmFOYVBhUGFQcVBxknG
SgZJxkoGSgZKBjFDOYVKB0nGScZJxkoGSgZBxkoHScZaSFpHUgdSB1JIWkhaSFqI
WohiiWKJYoliiWKJYsliyWLJYspqyWrJYsliyWKIYoliyVqIUkdaiFqIWkhiiWKJ
UkdSR1JHQcVBxkoHQcdKB0oHSgdKCEpISkhKSEpISkhKR0pISkhKSEpISkhCSEII
QghCCEIIQghCCEIIQghCCEIHOgg6BzoHOcc5xznHOcY5xzHHMccxxzHHMcYxhjGG
MYYphimGKYUhRilFKUUpRSCCIIIggiBCGEEYQRhBGEEQABAAEAEQARhBKQMxBCjD
MQQ5RTlFOUQ5hTnFQcVBxkHGQcZCBkoHSgY5hEGFScZJxknGScZBxkHGQcZBxknG
UgdaR0oGSgZKR0HGUkhKB1JHWohSBlIGUkdaSGKIWohiyWLIYslqyWLJYsliymLJ
YsliyWLJYslaiUoGUkdah1pHUgdSB0oHSgdKB0oHSgdKB0oHSgdKSEpISkhKSEpI
SkhKR0pHQkdCCEIIQgdCBzoHQcdCB0IHQgc5xznHOcc5xznHOcc5xznHOccxxzHH
MccxxzHHMcYxxjGGMYYxhjGGKYYphiGGIUUhRSkFIQUggiBCIEIYQRBBEAAQABBB
EAEQABABGAEYQSjEKQQowzFEOUQ5RDlEOURBhUHFQcVJxknGScZJxkoGSgZKBkoH
SgZKBkoHSgdSB1IHUgdSB1IHUkdSR1JHUohSSFpIWkhSSFpIWkhaSGKIUkhaSFqI
WohaSFpIUgdaSFpIUkhSSFqJYsliyWLJYspaiVqJUkdaB1oGUgZSB1IHUgdKB0oH
SgdKB0oISgdKCEoISgdKB0oHQghCCEIIOcdCB0IHQgdCB0IHQgdCBzoHOcc5xznH
OcY5xznHOccxxzHHMcYxxjHGMcYxhjGGMYUxhjGGKUYpRSkFKUUpRSkFKUUhRSFF
IIIggiCCGEEQABABEAEQARAAEAAQARABEAEYgiCCIIIxRDlEMUU5RDlEQYVJxUnG
ScZJxknGScZJxkHGSgZKBkoGSgZKBkoGUgZKB0oHSgdSB1JHUkdSR1JHUohSiFpI
WkdiiGKIWohaiGKJYohiiGKJYolaiFJHWohSSEoHQcZKB1JIUkhaSVqJWolaiVqI
UgdSB1IHSgdKB0oHSgdCB0IHQgdCR0oHSgdKB0oISghKCEIIQcdCCEIIQgdCB0IH
Qgc5xjnHOccxhjGGMYUxhTGFMYYxhSlFKUUxhilFKUUphiEFIUUpRSlFKYUxhiEE
IQQYxClFKUUpRSlFKUUhBCCCIIEgghhBEAEQARBBGAEQAAgACAAIARABKQQxBCDC
MUQxRDFEMUQxREGFQYVBhUHFQcVBxUnGQYYpA0HGQYVBhUnGScc5RTlFOYVBxUoG
SgZKBkoGSgZKBlIHUgdSBlIHWkhaSFpIWohaiFrIWohaiGKJYoliiWLJYsliyVqI
WohaiVpIUgdSR1qIWohaiFJHUgdSB0oHSgdJx0oHSgdCB0IHQgdCB0oHQgZCBkIH
QgdBxznGOcZBxjmGMYY5xznHMYUxhTGFMYYxhilFMYYpRSlFKUUpRSFFKYYphimG
KYYphSmFKUUpRSlFMUUpRSlFIUUpRSlEKQQhBCEEIQQggSCBIIIgQhgBGAEQARgB
CAAIAQgBCAEQQijEKQQgwzFFMUQxRCkEMUQ5hUGFQYVBxUnFScVKBkHFMURBxkGF
OURBhknHMQQ5hjmFQYZBxkGGSgdBxjmEQYVJxkGFQYY5REnGScZSB1IHUgdSCFpI
WkhaSFpIWkhaiVqJWolaiVqJYopiiWKJWohaiFJIUkhSB0oGSgZJxkIGQcZBxjnG
OYY5xkHGOcY5hjnGMYU5xznGOcYxxjnGOcY5xznHOcY5xzGGOccxhjnHOccxxzHG
MYYxxjHHMccxxzHGMcYxxjGGMYYxhjGFMYYphimGKUUpRSlFKUUpBCEEIQQhAyDD
IIIogiCCIIIgQSBBGEEYQQgBCAEIAQgBEEIoxCkEIMMxRTFFMQQxAzEEOYVBhUGF
QYVBhkHFQcVBxUHGQcZBxkHGScdJxkHGScdJx0oHSgdKB0oHSgdCBkIHSkdKB0HG
QcZSB1IHUgdSCFIHUgdaSFIIUgdSB0HGSgdSSFJIUkhKB1qJWohaiVqJWohaiFJI
SgdKB0oGSgZKBkGGOYY5hjmGOYY5xznGOcY5xjnHQcdCB0IHQgdCB0IHQgdCBzoH
Occ5xznHOcc5xznHOccxhznHOccxxzHGMYYxhjGGMYYxhilFMYYxhilFKUUpRSlF
IQQhBCEEIMQggxiCEEIQQiBCIIIggiCCIIIggiCCGEIIAQgBCAEIARhCKMQpBCDD
MUUxRDFEMQQxBEFFQYVBhUGFQYVBhUHFQcVBxkHGQcZBxkHGScZJxkoGSgZKBkoG
SgZKR1IHUgdSB1JHUkdSR1pHWkdaSFpIWkhaiFqIWolaiFqIWkhSB1JHUkhSSFJH
QcZKB1JIUkdKB1JIWohaR1IGSgZKBkIGQgY5xkHGQcZBxkHHQcdCB0IHQgdCB0IH
QgdCBzoHOcc5xznGOYY5xjnGOcY5xjGFKUUpRSlFMYUxhSEEKUUpRSEEKUUpRSlF
KUUhBClFKUUhBCEEIMQhBSEEGMMYgxiCGIIYQhhBGEIYgRiBIIIggSCBIIEggSCC
GIIYQRhBEEEYgikEKQQgwykEMUQxAzEDMQM5REFEQYVBhUmFQYVBxUHFQcVBxUHF
QcZBxkHGScZJxkoGSgZSB0oHSgdKB0oHUghSB1pHUkdaSFpIWkhaSFpIYkhaSFqI
WohaiFqIWohaiFrIWolaiVJIUkhSSEpHSgdKB0oHUgdKBkoGSgZCBkIGQgZBxkHG
QcZBxkHGQcY5xUHGOYY5xjnGOcYpRSlFMYUxhjGGMYYpRTGGKUUpRSEEIQQhBClF
KUUhBClFKUUpRSlFKUUxRSlFKUUpRilGKUUhRSFFIUUhBBjDGIIYQRhBGEEQQRBB
GEEYQSBBIIIggiCCKIIggiCCIIIYQRABGIIoxCjDIMIxAzEDMQMwwzECOQM5A0FE
QYVBxUHFQYVBhUHFQcZBxkHGQcZBxknGScZJxknGSgZKBkoGSgdKB0oHUgdSSFJH
UkhSR1JIUkhaiFpIWkhaSFpIWklaSFpIYohaiFqIWohaiFqIWkhaiFKIUkhKR0oG
ScZJxknGScZBxkHGQYY5hTFEMUVBx0HHOYY5hjmGOcc5xznHMYUxhjGGMYYxhjnG
MYYxhjnHMcYxhjGGMYYxhjGGMYYxhjGGMUUxhjGGMYYxhimGKYUpRSFFKUUpRSkE
IQQYwxiCEEIQQRBBEEEQQSBBGEEYQRhBIIEggSCBIIEggSCCGEIQABBBGIIYgiCD
KMMowyiCKIIogjDCMMI4wjlDQYRBhEGFOYVBhUHFQcVBxUHFQcZCBkHGQcZJxknG
SgZKBkoGSgZKBlJHUgdSR1JHWkdaR1pHWkdaiFqIWohaSFpIWkhiiFqIWohaiFqJ
WolSiFqIWohaiFJIUkhSCEnGScZJxknGQcY5hTmFMYUxhTGFOcY5xjnGOcY5xznH
Occ5xznHOcc5xzGHOcc5xznHOcc5xznHOcY5xjnGOcYxhjGGMYYxhjGGMYYxhTFG
MYYphimFKUUpRSlFIQQhBCEEGMMYQhABEAEQARABEAEYQRhBGEEYQSBBIEEggSCB
IIEggiCCGEEYgiCDGIIggiCCIIIogiiCMIIwgjCCMIIwwjlEQYVBhTmFOYU5hTmF
OcU5xUHFQcVBxkoGScZJxknGScdKB0oHSgdKB0oHUgdSB1IHUkdaR1pHWkdaiFpI
WkhaSFpIWkhaSFpIWkhaSFqIWohaiFqIWohSSFJHSgdJxkHFQcZBxkHGQcZBxkHG
OcY5xkHGQcZBxkHGQcZBx0HHQcdBxznHOcc5xznHOcc5xzGGOcY5xjnGOcY5xjHG
McYxxjGFMYYxhilGMYYxhimGKUUpRSFFKUUpRSlFIQQgwxiCEEEQARABEAEQARAB
GEEYQRhBGEEYQRhBIEIgQSBBIEEggSCBIIEggSCBIIIggiCCIIEogiiCKIIogiiC
MII4w0FFQYU5hTmFQYU5xUGFQYVBhUHFQcVBxkHGQcdJxknHScdJxkoHSgdKB0oH
SgdKB0oISgdKR1JHUkdSR1JIUohaSFpIWkhaSFpIUkhaSFpIUkhSSFJIUkhSSEoH
ScZJxUnFQcZBxkHGQcZBxjnGQcZBxkHGQcZBxkHGQcZBxkHHOcc5xznGOcYxxjnG
OcY5xjnGOcY5xjGGMYYxhjGGMYYxhTGGMYYphimGKYUphSlFKUQpRSlFIQQhBCEE
GMMYghBBEAAIAAgACAEIARhBGEEYQRhBGEEYQRhCGEIYQhhCGEIYghiCIIIggiCC
KIIggiBCIIIogiiCKIIogiiCKMI5REGFQYVBhUGFQYVBhUGFQYVBhUHGQcZBxkHG
QgdJxknGSgZKBkoGSgZKB0oHSgdKB1IHUgdSB1JHUkdSSFJIUkhSSFJIUkhSSFJI
UkhSSFJIUkhSR1JHUkdSRknGQcVBxkHGQcZBxkHGQcY5xjnGOcY5xjnGOcY5xjnG
OcY5xjHHOcc5xznGOcY5xjnGMYYxhjGGMYYxhjGGMYYxhjGFMYYxhimGKYUpRSlF
IUUpRSlFKUUpRSEEIQQhBBjDGIIQQQgACAEIAQgBAAEYQhhCGEIYQhhCGEEYQRhB
GEEYQhhBGEEYQhhCIEEggSCBIIEgQSBBKIIogiiCKIIogTCBMQM5RDlEOYU5hTmF
OYVBhUGFQYVBhkGGQcZBxkHHSgZJxknGScZKBkoGSgdKB0pHSgdSB1IHUgdSB1JH
WkdaSFpIUkhSSFJIUkhSSFJIUkhSSFJIUkhSCFIIUgdJxkHFQcU5xTnGOcY5xjnG
OcY5xjnGOcc5xjnGOcY5xjnHOcc5xjnGOcY5xjHGMYYxhjGGMYYxhilGMYYxhjGG
KYUphSlFKUUpRSlFKUUpRSlFKUUhBCEEIQQhBCEEIQQYwxCCCEEIAAgBCAEIAQgB
GEEYQRhBGEEYQRhBGEEYQRhBGEEYQSBBGEEYQRhBGEEgQSBBIIEYQSBBIEEgQSBB
IEEgQTEDOUQ5hDmFOYU5hTmFOYU5hUGGQYZBhkGGQcZBxkHGQcZBxknGScZKBkoG
SgZKB1IHUgdSB1IHUgdSB1IHUkdSR1JIUkdSR1JHUkdSSFJIUkhKSFJHUkdKB0oH
QcY5xkHGQcZBxTnFOcYxhTGFMYUxhTGFOYYxhTmFMYY5hjmGMYYxhjGGMYYxhjGG
MYYxhilGMYYxhjGGMYYxhjGGKUUpRSlFKUUpRSlFIQQhBCEEIQQhBCEEIQQhBBjD
GMMQghCCCEEIAQgBCAEIASBBGEEYQhhCGEEYQRhBGEEYQRhBGEEYQRhBGEEYQRhB
GEEgQSBBGEEgQRhBGEEYQRgAIIExAzlEOUQ5RTlFOUU5hTmFOYU5hTmFQYZBhkGG
QcZBxkHGQcZJxknHScZJxknGSgZSB1IHSkdSB1IHUghSB1JHUkdaR1JHUkdSSFJI
UkhSCFJIUghSB1IHUgdKB0HGQcVBhTmFOYU5RTmFOYU5hTGFMYUxhTGFMYUxhTFF
MYUxhTGFMUUxhjGFKUQpRSmGKUUpRSlFKUUpRSlFKUUhBCEEIQQYwyEEIQQhBCEE
IQQhBCEEGMMhBCkEIQQhAxjDGMIQgghBCAEIAQgBCAEYQSBBGEEYQhhBGEEYQRhB
GEEYQRhCGEEYQRhBGEEQQRiBGEEYQRgBGAEYARgAGEAYQSCCMQM5RDlEOUQ5RDlE
OYQ5hTmFOYU5hTmFQYVBhUGFQcVBxkHGQcZBxkHGScZKBkoGSgdKB0oHSgdKB0oH
SgdSB0oHUgdSB1JHUkdSR1JHUkdSR1IHUgdKB0oGQgZBxUGFQcU5hDmFMUQxQzGF
KUQpRClEKUQpRDGFMYUpRSlEKUUpRSlFKUYxhjGGMYYxhjGGMYYxhjGGMYYxhjGF
KYUpRSlFKUUpRSlFKUUhRSFFIUUhBCEEIQQhBCEEIQQYwxjDGIIQQghBCAEIAQgB
GEEYQRhBGEEYQRhBGEEYQRhBGEEQARhBGEEYQRhBGEEYQRhBGEEYARgBGAEYARgB
GAEogjEDOUM5RDlEOYQ5RDlEOUQ5hTmFOYU5hUGFQYVBhUGGQcZBxkHFQcZBxknG
ScZJxkoGSgZKBkoGSgdKB0oHSghKB1IHUgdSB1IHUgdSB1IHSgdKB0oHSgdKB0oH
QYU5hTmFOUU5hTlFMUU5hTmFOYU5hTmGOYY5hjmGOYY5hjmGOYYxhjGGMYYxhjGG
MYYxhimGMYYxhjGGMYYxhjGGKUUpRSlFKUUpRSlFKUUpRSlFIQQhBCEEIQQYwxjD
GMMYwxjDEIIIQQgBCAEIARhBGEIYQhhCGEIYQRhBGEEYQRhBGEEYQRhCGEEYQRgB
EEEQQRBBEEEQQRhBGEEYQRhBKMMpBDEEMUQxRDFEMUUxRTlFOUU5hTmFOYU5hTmF
QcVBhUHFQcVBxkHGQcZBxkHGScZJxknGScZKBkoGSgdKB0oHUgdSB1HHUgdKB1IH
UgdSCEoHSgdKB0oHSgdJx0GFOYU5hTmFOYU5xTmFOYU5hTmFOYY5hjmGOYY5hjmG
OYY5hjGGOYYxhjGGMYYxhjGGMYYpRTGGMYYxhjGGKYYphilFKUUpRSlFKQQpRSlF
KUUpRSEEIQQhBCEEIQQYwxjDEIIQghCCCEEIQQgACAEYQRhBGEEYQRhBGEIYQRhB
GEEYQRBBEEEQQRBBEEEQARABEAEQARABEAEQARABGAEggijDMQQxRDEEMUQxRDFE
OUQ5RDlEOUQ5RDmFOYU5hTmFOYVBhUGFQYVBxkHGQcZBxkHGQcZBxkoGSgZKBkoH
SgdKB0oHSgdKB0oHSgdJx0oHSgdKB0oHQgdKB0oGScY5hTlEOYU5hTGFMYUxhTGF
MYUxhTGFMYUxhTGFOYY5hjGGMYYxhjGGMYYxhjGGKUYxhjGGMYYxhjGGMYYxhimF
KUUpRSlFKUUpBClFKUUpRSEEIQQhBCEEIQQhBCEEGMMYwxjDGMMQghCCCEEIAQgB
GEEYQRhBGEIYQRhCGEEYQhhCGAEQQRBBEEEQARABEAEQARABEAEQARABEAEQARhC
IIMowzEDMQQxBDFEMUQxRDGEMUQ5RDlEOUQ5RDmFOYU5hTmFOYVBhUGFQYVBxUHG
QcZBxkHGQcZBxkHHQgdCBkoGSgdKB0oHSgdKB0oHQgdCB0pHSgdCB0IHQgdBxkHG
OYQxRDmEOYQ5hTmFOYUxhTGFMYUxxTGFMYUxhjGGMYYxhjGGMYYxhTGFKYUxhTFF
MYUxhjGGMYYxhilFKUUpRSlFKUUpRSkEKUUpRSlFIQQhBCEEIQQhBBjDIQQhBBjD
GMMQghCCEIIQgghBCEEAARhBGEEYQRhBGEAYQRhBGEEYgRhBGAEQARABEAEQARAB
EAEQARABEAEQARABGEEggiDDKQMpAykEMQQxBDFEOUQxRDFEMUQxRTFFOUY5hTmF
OYU5hTmFOYU5hUGFQYVBxUHGQcZBxkHGQcZBxkHGScZJxknGSgdKB0oHSgdKB0oH
SgdKB0oHScdJxknGQcZBxjmFOYU5hTmEOYQxhTGFMYUxhTGFMYUxhjGGMYYxhjGG
MYYxhjGGMYUphTGFMYUxhTGFMYUxhTGFKUUpRSlFKUUpRSlFKUUpRSlFKUUhBCEE
IQQhBCEEIQQhBCEEIQQYwxjDEIIYwxCCEIIQgghBCEEYQRhBGEEQQRBBEEEQQRBB
GEEYQRABEAEQARABEAEIAAgBCAEIAQgBCAEQQhhCGMIgwikDKQMpAylDMUQxRDFE
MUQxRDGEMUQxRDlFOYU5RTmFOYU5hTmFOYU5hjmGOYZBxkHGQcZBxkHGQcZBxkHG
QcZJxknGScdKB0nHScdJx0nHScZJxknGQcZBxkHFOcY5hTGEMUQxRDFEMUUxRTFF
MUUxRTGFMYUxhjGFMYUxhTGFMYUxhTGFMYUxhTGFMYUxhTGFKYUpRSlFKUUpRSlF
KUUhBSlFKUUpRSEEIQQhBCEEIQQhBCEEIQQhBBjDGMMYwxjDGMMYwxCCEIIQQQhB
EEEQQRBAEEEQQRBBEAEIARABEAEIAAgBCAEIAQgBCAEIAQgBCAEIARBBGEIYgiCD
KMMoxCkDKQMpBDEEMQQxBDFEOUQxRDFEMUQ5RDlEOUU5RTmFOYY5hTmFOcU5hUGF
OYVBhkGGQcZBxkHGQcZBxkHGQcZBxkHGQcZBxknGScZJxknGQcZBxkHGQYZBxkGF
OUQxRDFEMUQxRDFEMUUxRTFFKUUxRTGFMYUxhTGFKYUxhTGFMYUxhTGFMYUxhSmF
MYUpRSlFKUUpRSlFIQQpRSlFKUUpRSlFIQQhBCEEIQQhBCEEIQQhBCEEIQQYwxjD
GMMYwxjDEIIQghCCCEEIQRABEAEQARABEAEQARgBEAEQARABEAEIAQgBCAEIAQgB
CAEIAQgBEAEYQhiCIMIowykDKQMpAykDKQQpAzEEMQQxBDlEMUQxRDFEMUUxRTFF
MUQ5RTmFOYU5hTmFOYU5hTmFOYVBhUHGQcZBxkHGQcZBxkHGQcZBxkHGQcZBxkHG
QcZBxkHGQcZBxkHGQcY5hTFEMUQxRDFEMUQxRDFEMUQxRTFFMUUxRTFFMUUxRTGF
MYUxhTGFMYUxhSmFKUUpRSlFKUUpRSlFKUUpRSEEKUUpRSlFKUUpRSEEIQQhBCEE
IQQYwyEEIQQhBCEEGMMYwxjDGMMYwxCCEIIIQQhBCEEQARABEAEQARABEAEQARAA
EAAQAQgBCAEIAQgBCAEIAQgBCAEIARABGEIYgiDDIMMowyjDKQMpAykDKQMpAzEE
MQQxBDFEMUQxRDFEMUQxRDFEMUUxRTlFOYU5hTmFOYU5hTmFOYVBhUHFQcVBxUHF
QcZBxkHGQcZBxkHGQcZBxkHGQcZBxkHGQcY5xjmFMYUxRDFEMUQxRDFEMUQxRClE
KUQphClEMUUxRTFFMUUxRTFFMYUxhSmFKUUpRSlFKUUpRSlFKUUpRSEEKUUpRSlF
KUUhRSEEIQQhBCEEIQQhBBjDIQQhBCEEIQQYwxjDGMMYwhjDGMMQghCCCEEIQQhB
EAEQARABEAEQARABEAEQARABCAEIAQABCAEIAQgBCAEIAQgBCAEQARhBGIIggiDC
IMIowikDKQMpAykDKQMpAylEMQQxBDFEMUQxRDFEMUQxRDFEMUQxRTmFOYU5hTmG
OYU5hTmFOYU5xUHFQcVBxUHFQcZBxkHFQcZBxkHGOcZBxkHGQcZBxkHGOYY5hTlE
MQMpAzEDKQMpBCkEKQQpRSlEKUQpRClEKYUxRSlFMUUxRSlFKUUpRSlFKUQpRSlF
KUUpRSlFIQUpRSlFKUUpRSlFIQQhBCEEIQQhBCEEGMMhBCEEIQQhBCEEIQQYwxjD
GMMYwxjDEIIQgghBCEIIQhABEAEIAQgBCAEIAQgBCAEIAQgBCAEIAQgBCAEIAQgB
CAEIAQgBCAEIARABCAEQARABEEEYQRhBGIEYgRiBGIIYghjCIMMgwyjDKQMpAykD
KUMpRDFDMUQxRDGEMYQxhTGFMYU5hTmFOYU5hTmFOYZBxkHGQcZBxkHGQcZBxkHG
QcZBxkHFOcU5hTmFOYU5RCkDKMIpAykDKQMpRCkEKQQpBClEKUQpRClEKUUpRSlF
KUUpRSlFKUUpRSlFKUUpBSlFKUUpRSFFKUUpRSlFKUUpRSEEIQQhBCEEIQQhBBjD
IQQhBCEEIQQhBBjDGMMYwxCCGMMYwxCCEIIQghCCEIIIAQgBCAEIAQgBCAEIAQgB
CAEIAQgBCAEIAQgBCAEIAQgBCAEIARABEAEQARABEAEQARhBGEEYQRhBGEEYQRAA
CAEIAQgBCAEIAQgBEAEQARABEAEQARABEAEYQRhBGEEYQSCBIIEgwiCCIMIowikC
KQIpAikDKUMxQzFEMUQxhDGEOYQ5hDmEOYU5hTGEMUQpAyDCIMIgwyEEKQQpBCkE
KQQpBSlEKUQxRClFKUUpRSlFKUUpRSlFKQUpRSlFKUUhRSlFKUUpRSlFKUUhBCEE
IQQhBCEEIQQhBCEEIQQhBCEEIQQhBCEEGMMYwxjDGMMYwxjDGMMQghCCCEEIQQhB
CAEIAQgBCAEIAQgBCAEIAQgBCAEIAQgBCAEIAQgBCAEIARABEAEQARABEAEYARAB
EAEQARhBGEEYQRhBGEEYAQgBCAEIAQgBCAEIAQgBCAEIAQgBCAEIAQgBCAEIAQgB
CAEIAQgBCAEIAQgACAAIAQgBCAEIAQgBCAEIAQgBCAEIARABEAEQARBBEEEQQRhC
GEIYQRiBGIIYwhjCGMIgwyDDIMMgwyEDIQMhAyEDIQMhAyEEIQQhBCkEIQQhBCkE
IQQhBCEEIQQhBCEEIQQhBCEEIQQhBBjDIQQhBCEEIQQhBBjDGMMYwxjDGMMYwxjD
GMMYwxjDEIIQghCCEIIQgggBCAEIAQgBCAEIAQgBCAEIAQgBCAEIAQgBCAEIAQgB
CAEQARABEAEQARABEAEQARABEAEYARABEAEQARABEAEIAQgBCAEIAQgBCAEIAQgB
CAEIAQgBCAEIAQgBCAEIAQgBCAEIAQgBCAEIAQgBCAEIAQgBCAEIAQgBCAEIAQgB
CAEIAQgBCAEIAQgBCAEIAQgBCAEIAQgBCAEIAQgBCAEIAQgBCAEIAQgBCAEIAQgB
CAEIAQgBCAEIAQgBCAEIAQgBCAEIAQgBCAEIAQgBCAEIAQgBCAEIAQgBCAEIAQgB
CAEIQRBBCEEIQQhBCEEIQQhBCEEIQQhBCEAIQQhBCEEIAQgBCAEIAQgBCAEIAQgB
CAEIAQgBCAEIAQgBCAEIAQgBCAEIAQgBCAEIAQgBCAEIAQgBCAAQARABEAEQARAB
CAEIAQABCAEIAQgBCAEIAQgBCAEIAQgBCAEIAQgBCAEIAQgBCAEIAQgBCAEIAQgB
CAEIAQgBCAEIAQgBCAEIAQgBCAEIAQgBCAEIAQgBCAEIAQgBCAEIAQgBCAEIAQgB
CAEIAQgBCAEIAQgBCAEIAQgBCAEIAQgBCAEIAQgBCAEIAQgBCAEIAQgBCAEIAQgB
CAEIAQgBCAEIAQgBCAEIAQgBCAEIAQgBCAEIAQgBCAEIAQgBCAEIAQgBCAEIAQgB
CAEIAQgBCAEIAQgBCAEIAQgBCAEIAQgBCAEIAQgBCAEIAQgBCAEIAQgBCAEIAQgB
CAEIAQgBCAEIAQgBCAEIAQgBCAEIAQgBCAEIAQgBCAEIAQgBCAEIAQgBCAEIAQgB
CAEIAQgBCAEIAQgBCAEIAQgBCAEIAQgBCAEIAQgBCAEIAQgBCAEIAQgBCAEIAQgB
CAEIAQgBCAEIAQgBCAEIAQgBCAEIAQgBCAEIAQgBCAEIAQgBCAEIAQgBCAEIAQgB
CAEIAQgBCAEIAQgBCAEIAQgBCAEIAQgBCAEIAQgBCAEIAQgBCAEIAQgBCAEIAQgB
CAEIAQgBCAEIAQgBCAEIAQgBCAEIAQgBCAEIAQgBCAEIAQgBCAEIAQgBCAEIAQgB
CAEIAQgBCAEIAQgBCAEIAQgBCAEIAQgBCAEIAQgBCAEIAQgBCAEIAQgBCAEIAQgB
CAEIAQgBCAEIAQgBCAEIAQgBCAEIAQgBCAEIAQgBCAEIAQgBCAEIAQgBCAEIAQgB
CAEIAQgBCAEIAQgBCAEIAQgBCAEIAQgBCAEIAQgBCAEIAQgBCAEIAQgBCAEIAQgB
CAEIAQgBCAEIAQgBCAEIAQgBCAEIAQgBCAEIAQgBCAEIAQgBCAEIAQgBCAEIAQgB
CAEIAQgBCAEIAQgBCAEIAQgBCAEIAQgBCAEIAQgBCAEIAQgBCAEIAQgBCAEIAQgB
CAEIAQgBCAEIAQgBCAEIAQgBCAEIAQgBCAEIAQgBCAEIAQgBCAEIAQgBCAEIAQgB
CAEIAQgBCAEIAQgBCAEIAQgBCAEIAQgBCAEIAQgBCAEIAQgBCAEIAQgBCAEIAQgB
CAEIAQgBCAEIAQgBCAEIAQgBCAEIAQgBCAEIAQgBCAEIARABEAEQAQgBCAEIAQgB
CAEIAQgBCAEIAQgBCAEIAQgBCAEIAQgBCAEIAQgBCAEIAQgBCAEIAQgBCAEIAQgB
CAEIAQgBCAEIAQgBCAEIAQgBCAEIAQgBCAEIAQgBCAEIAQgBCAEIAQgBCAEIAQgB
CAEIAQgBCAEIAQgBCAEIAQgBCAEIAQgBCAEIAQgBCAEIAQgBCAEIAQgBCAEIAQgB
CAEIAQgBCAEIAQgBCAEIAQgBCAEIAQgBCAEIAQgBCAEIAQgBCAEIAQgBCAEIAQgB
CAEIAQgBCAEIAQgBCAEIAQgBCAEIAQgBCAEIAQgBCAEIAQgBCAEIAQgBCAEIARAB
EAEYARABEAEQAQgBCAEIAQgBCAEIAQgBCAEIAQgBCAEIAQgBCAEIAQgBCAEIAQgB
CAEIAQgBCAEIAQgBCAEIAQgBCAEIAQgBCAEIAQgBCAEIAQgBCAEIAQgBCAEIAQgB
CAEIAQgBCAEIAQgBCAEIAQgBCAEIAQgBCAEIAQgBCAEIAQgBCAEIAQgBCAEIAQgB
CAEIAQgBCAEIAQgBCAEIAQgBCAEIAQgBCAEIAQgBCAEIAQgBCAEIAQgBCAEIAQgB
CAEIAQgBCAEIAQgBCAEIAQgBCAEIAQgBCAEIAQgBCAEIAQgBCAEIAQgBCAEIAQgB
CAEIAQgBCAEIAQgBCAEQARABEAEQABABEAEQARABCAEIAQgBCAEIAQgBCAEIAQgB
CAEIAQgBCAEIAQgBCAEIAQgBCAEIAQgBCAEIAQgBCAEIAQgBCAEIAQgBCAEIAQgB
CAEIAQgBCAEIAQgBCAEIAQgBCAEIAQgBCAEIAQgBCAEIAQgBCAEIAQgBCAEIAQgB
CAEIAQgBCAEIAQgBCAEIAQgBCAEIAQgBCAEIAQgBCAEIAQgBCAEIAQgBCAEIAQgB
CAEIAQgBCAEIAQgBCAEIAQgBCAEIAQgBCAEIAQgBCAEIAQgBCAEIAQgBCAEIAQgB
CAEIAQgBCAEIAQgBCAEIAQgBCAEIAQgBCAEIAQgBCAEQARABEEAQQBBAEEAQARAB
EAEQARABCAEIAQgBCAEIAQgBCAEIAQgBCAEIAQgBCAEIAQgBCAEIAQgBCAEIAQgB
CAEIAQgBCAEIAQgBCAEIAQgBCAEIAQgBCAEIAQgBCAEIAQgBCAEIAQgBCAEIAQgB
CAEIAQgBCAEIAQgBCAEIAQgBCAEIAQgBCAEIAQgBCAEIAQgBCAEIAQgBCAEIAQgB
CAEIAQgBCAEIAQgBCAEIAQgBCAEIAQgBCAEIAQgBCAEIAQgBCAEIAQgBCAEIAQgB
CAEIAQgBCAEIAQgBCAEIAQgBCAEIAQgBCAEIAQgBCAEIAQgBCAEIAQgACAAQARAA
EAAQQBBAEEAQQBBAEAAQABABEAEQAQgBCAEIAQgBCAEIAQgBCAEIAQgBCAEIAQgB
CAEIAQgBCAEIAQgBCAEIAQgBCAEIAQgBCAEIAQgBCAEIAQgBCAEIAQgBCAEIAQgB
CAEIAQgBCAEIAQgBCAEIAQgBCAEIAQgBCAEIAQgBCAEIAQgBCAEIAQgBCAEIAQgB
CAEIAQgBCAEIAQgBCAEIAQgBCAEIAQgBCAEIAQgBCAEIAQgBCAEIAQgBCAEIAQgB
CAEIAQgBCAEIAQgBCAEIAQgBCAEIAQgBCAEIAQgBCAEIAQgBCAEIAQgBCAEIAQgB
CAEQAQgBCAEIARABEAAQABhBGEEYQRhBEEEQQBBAEEAQABAAEAAQABABEAEQAQgB
CAEIAQABCAEIAQgBCAEIAQgBCAEIAQgBCAEIAQgBCAEIAQgBCAEIAQgBCAEIAQgB
CAEIAQgBCAEIAQgBCAEIAQgBCAEIAQgBCAEIAQgBCAE=
END m9
frame    86 :  a closed book +1.32*  an opened book +0.73   led 255/  0 h1.00 lvl+1.03   MATCH a closed book (cos -0.100)
frame    87 :  an opened book +1.27*  a closed book +1.20   led 255/  0 h1.00 lvl+1.24   MATCH an opened book (cos -0.099)
frame    88 :  a closed book +1.58*  an opened book +1.47*   led 255/  0 h1.00 lvl+1.53   MATCH a closed book (cos -0.090)
frame    89 :  an opened book +1.52*  a closed book +0.99   led 255/  0 h1.00 lvl+1.25   MATCH an opened book (cos -0.102)
frame    90 :  an opened book +1.94*  a closed book +1.56*   led 255/  0 h1.00 lvl+1.75   MATCH an opened book (cos -0.098)
frame    91 :  an opened book +3.16*  a closed book +2.69*   led 255/  0 h1.00 lvl+2.92   MATCH an opened book (cos -0.088)
frame    92 :  a closed book +2.95*  an opened book +2.89*   led 255/  0 h1.00 lvl+2.92   MATCH a closed book (cos -0.086)
enrol     : an opened book, level +1.29 (20 frames)
frame    93 :  a closed book +3.06*  an opened book +2.99*   led 255/  0 h1.00 lvl+3.03   MATCH a closed book (cos -0.087)
frame    94 :  a closed book +3.34*  an opened book +3.16*   led 255/  0 h1.00 lvl+3.25   MATCH a closed book (cos -0.084)
frame    95 :  a closed book +3.68*  an opened book +3.45*   led 255/  0 h1.00 lvl+3.56   MATCH a closed book (cos -0.082)
frame    96 :  a closed book +3.69*  an opened book +3.16*   led 255/  0 h1.00 lvl+3.43   MATCH a closed book (cos -0.085)
frame    97 :  a closed book +4.48*  an opened book +3.72*   led 255/  0 h1.00 lvl+4.10   MATCH a closed book (cos -0.076)
frame    98 :  a closed book +4.33*  an opened book +3.25*   led 255/  0 h1.00 lvl+3.79   MATCH a closed book (cos -0.083)
frame    99 :  a closed book +4.06*  an opened book +3.47*   led 255/  0 h1.00 lvl+3.76   MATCH a closed book (cos -0.085)
background: after 30 frames (frozen, room spread), this room reads  an opened book -0.108 +-0.0037 (COCO -0.151 +-0.0303)  a closed book -0.100 +-0.0040 (COCO -0.159 +-0.0351)
frame   100 :  a closed book +3.19*  an opened book +2.39*   led 255/  0 h1.00 lvl+2.79   MATCH a closed book (cos -0.093)
frame   101 :  a closed book +2.38*  an opened book +1.40*   led 255/  0 h1.00 lvl+1.89   MATCH a closed book (cos -0.096)
frame   102 :  a closed book +2.89*  an opened book +1.76*   led 255/  0 h1.00 lvl+2.32   MATCH a closed book (cos -0.084)
frame   103 :  a closed book +3.04*  an opened book +1.88*   led 255/  0 h1.00 lvl+2.46   MATCH a closed book (cos -0.086)
frame   104 :  a closed book +2.17*  an opened book +2.05*   led 255/  0 h1.00 lvl+2.11   MATCH a closed book (cos -0.098)
frame   105 :  an opened book +2.79*  a closed book +1.90*   led 255/  0 h1.00 lvl+2.35   MATCH an opened book (cos -0.092)
frame   106 :  an opened book +2.16*  a closed book +0.67   led 255/  0 h1.00 lvl+1.41   MATCH an opened book (cos -0.104)
frame   107 :  an opened book +3.21*  a closed book +0.75   led 255/  0 h1.00 lvl+1.98   MATCH an opened book (cos -0.089)
frame   108 :  an opened book -3.09  a closed book -3.79   led   0/255 h0.00 lvl-3.44   -
frame   109 :  a closed book -1.97  an opened book -3.88   led   0/255 h0.00 lvl-2.93   -
frame   110 :  a closed book +0.16  an opened book -3.90   led   3/188 h0.13 lvl-1.87   -
frame   111 :  a closed book +1.97*  an opened book -4.30   led 255/  0 h1.00 lvl-1.16   MATCH a closed book (cos -0.078)
frame   112 :  a closed book +1.56*  an opened book -5.50   led 255/  0 h1.00 lvl-1.97   MATCH a closed book (cos -0.097)
frame   113 :  a closed book +2.39*  an opened book -4.19   led 255/  0 h1.00 lvl-0.90   MATCH a closed book (cos -0.084)

enrol     : the next 20 frames are 'a closed book'. HOLD THE SCENE STILL until it lands.
frame   114 :  a closed book +4.65*  an opened book -2.09   led 255/  0 h1.00 lvl+1.28   MATCH a closed book (cos -0.064)
frame   115 :  a closed book +6.49*  an opened book -0.31   led 255/  0 h1.00 lvl+3.09   MATCH a closed book (cos -0.060)
frame   116 :  a closed book +7.42*  an opened book +0.63   led 255/  0 h1.00 lvl+4.02   MATCH a closed book (cos -0.063)
frame   117 :  a closed book +7.71*  an opened book +0.70   led 255/  0 h1.00 lvl+4.21   MATCH a closed book (cos -0.066)
frame   118 :  a closed book +7.92*  an opened book +0.77   led 255/  0 h1.00 lvl+4.35   MATCH a closed book (cos -0.066)
frame   119 :  a closed book +7.69*  an opened book +0.56   led 255/  0 h1.00 lvl+4.12   MATCH a closed book (cos -0.070)
frame   120 :  a closed book +8.31*  an opened book +1.09   led 255/  0 h1.00 lvl+4.70   MATCH a closed book (cos -0.062)
frame   121 :  a closed book +8.46*  an opened book +1.18   led 255/  0 h1.00 lvl+4.82   MATCH a closed book (cos -0.064)
frame   122 :  a closed book +8.82*  an opened book +1.54*   led 255/  0 h1.00 lvl+5.18   MATCH a closed book (cos -0.061)
frame   123 :  a closed book +8.62*  an opened book +1.38*   led 255/  0 h1.00 lvl+5.00   MATCH a closed book (cos -0.067)
frame   124 :  a closed book +8.47*  an opened book +1.20   led 255/  0 h1.00 lvl+4.83   MATCH a closed book (cos -0.067)
frame   125 :  a closed book +8.31*  an opened book +0.96   led 255/  0 h1.00 lvl+4.64   MATCH a closed book (cos -0.067)

snapshot  : frame 126, mean RGB 87 87 86
BEGIN m9 128 128 32768 f081eb68
SkdKBzmFOYVSCEoISghBx0IHUopSylKJQgdSiVrKWspKiUpJUopjDGtMa0xrTGNN
Y0xrjnPPc9BrznPOfA+EEHwQc89zz3wQfBBzz3PPfBCEUIRQhBB8D4RQhFCEUXwQ
fBCEUYRRhFGEUXwQfA+EUYRRhFGEUXwQfBCEUYRRhFCEEIQQjFGEUYRRfBCEUYRR
hFF8D3wQhFCEUXwQfA98EHxQfBB8EHQQc898EHwPc89rznPPa89zz3PPc89zz2uO
Y45jzmPOW41jjWONY41bTFtMW0xbTFtMWwxTC1MLU0tTC0rKSstKy0rLSstKykKK
SopKikqKQopCSUJJQklCSUIIQgcxhjGHSghKCEpIQgdCB1KJWspSiUIHSolaylrL
SolKSVrKY0xrTWuMa01jTFtMa45zz3PPa45zz3wPfBB8EHPPc898EHwQc9Bzz3wQ
hFCEUIRQe8+EEIRQjFF8EHwQhFGEUYRRhFGEUHwQhFGMkYRRhBF8EIQRhFGEUYQQ
fBCEEYxRjFGEEHwQfFGEUYRQfBCEUIRQhFF8EHwQfFB8UHxQfBB0D3PPfBB8EHQP
c89zz3PPc89zz3PPa85jjmOOY45jjmONY41jjWONW0xbTVMMW01bTVMMUwxTC1ML
UwtKy0rLSstKy0KKSspKikqKSopKikJJQklCSUJJQklKCEoHOYU5hkoISghKCEIH
QgdSylrKUolCB1KIWspiy1KKSklSymtMa0xrTGtMY01jTGuOe897z3OOe858D3wQ
fBB0D3PPfBB8EHPQc898EIQRhBF8EHvPhFCEUIxRfBB8EIRRhFGEUYRRfBB8EIRR
hFGEUYRRfBCEEIRRjFGEUIQQhFGEUYRRhFF8EIRRhFGEUXwQhFCEUIRQfBB8D3wQ
fBB8EHwQdBBzz3QQfBBzz3PPc89zz3PPc89rz2vPY45jjmuOa45jjWONY41jjVtM
W01bTVtNW01TDFMMUwtTDErLSstKy0rLSstCy0LKQopKikqKSopCikJJOkg6CDpI
SgdCCDGGOcZKSUpJSkhCB0IHUolaylKJQghKSVrLWstKSUpJUoprTGtMa0xrTGNM
YwxzjnvPe9BzjnPPfBB8EHwQdA97z3wQfBB70HvPhBCEEYRQfBB7z4RQhFGEUXwQ
fBCEUYRRjFGEUYQQhBCMUYxRjJGEUYQQhBCEUYxRhFB8EIRRhFGMUYRQfBCEUYRR
hFF8EHwQfFCEUXwQfBCEUIRQfBB8EHwPc890D3wQc89zz3PPc89z0HPPc89rz2uO
a45rjmuOY01jjWONY41bTFtMU0xbTFtMUwtTC1MLU0xLC0rLSstKykrKSspKykqK
QolCiUKJQok6SDoIOgg6CEIHQgcxhTGFSkhKSUpIQgdCCFrKUopSikIISklaylrK
SolKSVrKa0xrTWNMY0xjTGMMc457z3vPc45zznwPfBB8EHPPc898EIQQe897z4QR
hFGEUYQQe8+EUIRRhFF8EHwQjFGMUYxRhFGEEHwQhFGMUYxRjFCEEIRQhFGMUYQQ
hBCEUIxRjFGEUIQQhFGEUYRRfBB8EIRRhFF8EHwQhFCEUIRQfBB8D3PPfBB8EHPP
c89zz2vPc89zz3PPc89rzmOOY85rjmOOY05jTWOOW01bTVtMW0xTTFMLUwtTC1ML
SstKykrKSspKykrKSopCSUJJQklCSUJIQgg6BzoHOghKCEIIOYUxhUpISkhKSEIH
QgdSyVLKUolCR1KIWwpaykqISohaymtMa0xrTGtMa0xjTHOOe897z3OOe857z4QQ
fBB7z3PPfBB8EHvPc8+EEIQRhFF8EHwPhFCEUYRRfBCEEIxRjFGMUYxRhFCEEIxR
jFGMUYxQhBCEUYRRjFGEUYQQjFGMkYxRhFCEEIRRhFGEUYQQfFCEUIxRhBB8D4RQ
hFCEUHxQfA90D3wPfBBzz3PPc89zz3PPc89zz3POa45rjmuOa45jjWNNY01jjWNM
W0xTTFNMW0xTC1MLSwpTC1MKSspKykrKSspKykKKOklCSkJJQkk6CToIOgc6BzoH
SghCCDmGOYZKCEpIQghCB0IHWspaylKJQkdKiVsKWwtKiUqJUstjTGNNY0xjTGNM
Y0xrjnPPe89zjnPOfA98EHwQc897z4QQhBB7z3vPhBCMEIxRhBB7z4RRhFGEUXwQ
fBCMUYxRjFGMUYQRfBCMUYxRjFGEUYQQhFGEUYyRhFCEUIRRjFGMUYxRhBCEUYxR
jFGEEIQQjFGEUYQQfBCEUIRQhFCEUHwQc898D3wQc89zz3PPc897z3PPc85rzmvO
a45rzmuOY45jjWONY45bTVtMU0xbTVNMUwxTC0sLUwxKy0rKSspKykrKSopCikJJ
QklCSUJJQgg6CDoHOcc5x0IHQgcxhTmGSghKSEpIQghCB1KKWopSiUIISolay1rL
UolKSVrKa0xrTWNNa01jDWMMc457z3vPc457z3wQfBB8EHQPe8+EEIQQe897z4QQ
hFCMUIQQe8+MUYxRjFGEEIQQjFGMUYxRjFGEUIRQlFGMUYyRjFGEUYxRjJKMkoRR
hFCMUYyRjFGMUYQQjFGMUYxRhBCEEIRRhFF8EHwQhBGEUIRRhFB8EHwPfBB8EHPP
c89zz3PPc890D3POc89rjmOOa45rjmOOY41jjWONW0xbTFNMU0xbTFMLSwtKy1LL
SspKikqKSopKikKKQko6STpJQklCCDoIOcgxxzHHMcdCB0IHMYU5hkoISkhKCEIH
QgdaylrLUopCCEqJWstazEpJSklaymtLa0xrTGtNa0xjTHOOe8970HOOe8+D0IQQ
hBB8D3vPhBCEEIPPe8+EEIRRhFGEUHwPhFGMkYxRhA+EEIxRjFGMkYxRhFCEUIyR
jJGMkYRRhFCMUYxRjJKMUYRRjFGMkYyRjFGEEIxRjFGMUYQQhBCEUYRRhBB8EIRR
hFGEUYRRfFB8D3xQfBBzz3PPc89zz3PPdA90D3POa85rjWuOa45jjmNNY01jTVtM
U0xTC1tMU0xTC1LLSstSy0rLQopCikKKQopCiUKJQkk6SDpIOkg6CDoHMccxxzGG
SghCCDGGMYZKCUpISkhCB0oHWopaylKJQgdSiVrKWwtSiUqJWstjTGtNa01rTWMM
Y0xzjnvPe89zjnvPhBCEEIQQe897z4QQhBB7z3vPjBCMEIxRhBB8EIRRjJGMUYQQ
hFCMUZSSjJKMUYRRhFGMkoySlJKMkYxRjFGMUpSSjFGMUYyRlJGMkoxRhFCMUYxR
jFGEEIRQjFGMUYQQhBCEUIRRhFGEUXxQfBB8UHwQfA9zz3QPfA9zz3QPc89zzmuO
a45rjmuOY45jTWNNY41bTFtMU0tbTFNMUwxSy0rKSstKykrKQopCiUKKQolCiUJI
Okg6SDoIOgg6BzGHMYYxhkoIQggxhTGGSghKSEpIQgdCB1rKWspSykIIUolay1rL
SklKSVrKa0xrTWtNa01jDWNNa857z3vPc457zoQPhBB8EHvPe8+EEIQQe897z4QQ
jFCMUYRQfBCMUYyRjFGEEIwQlFGUkpSSjJKMUYxQlJGUkpSSlFKMUZRRlJKUkoyS
jFGMUYySlJKMkYRRjFGMkYyRhFCEUYxRjFGEUIRQjFGMUYxRhBGEEXwQhBCEUHwP
dA98D3wPfA98D3vPc89zj2uOa45rjmOOW01bTVuOW0xbTFMLW0xTTFMMSstKylLK
UspKikqJSolKiUKJQok6SDpIOgg6BznHOccxhimFKYZKCEoHOYU5hkpISkhKCEIH
QgdSilrKUopCCFKJYstjC1KJUopay2tNa01rTWtNaw1jDHOOc897z3OOe86ED4QQ
fBB7z3vPhBCEEHvPe8+EEIxRhFGEEIQPjFGMUYxRhBCMEJSRlJGUkZSRjFGMUZSS
lJKUkpSRjFGUkZSRlJKMUYxRjFKUkpSSlJKMUZSSlJKMkoRQhFGMkYyRhFGEUIxR
jFGMUYxQhBCEEIQRhFB8EHwQfBB0D3wPfA90D3PPc85rjmuOa45jTWNNW01bTltN
W01TDFtMWwxTDErLSspLCkrKQopCiUKJQopCiUKJOkg6CDoIOgg6BznHMYYphimG
QgdCBzGFOYVKCEpISkhCB0IHUopaylKJQgdSiVrKYwtSiVKJWsprTGtNa01rTGNM
Y0xzjnvPe89zznvPhA+EEIQPe897z4QQhBB7z3vPjBCMUYxRhBB8EIxRjFGMUYQQ
hFCUkZSSlJKMUYxRjFGUkpSSlJKUkoxRlJKUkpySlJGMUZSRlJKUkoySjFGUkpSS
lJKMUYxRlJKUkYxRjFCMkYyRjFGMUYRQhBCEUYRRfBB8EHwQdBB0D3wPfA9zz3PO
a45rjmuOY45bTVtNY01bTVsMUwtTTFNMUwtKy0rLUwtKykqKQolCiUqKSolCSToI
Ogg6CDoIOccxxymGKYUphkIHQgcxhjnGSklKSEpIQgdCB1KKWspSiUJHUolaylsL
SolSiVrLa0xrTWtNa01rTWMMc457z3vPc457z4QPhBCEEHvPe8+EEIQQe857z4QQ
jFGMUYQQfBCMUYxRjFGEEIxRlJKUkpSSlJKMUZSSnNKc0pzSlJKUkpSSlJOc0pSS
jJKUkpSSlJKUkoxRlJKUkpSSjFGMkoySlJKMkYxRjFGMUYxRjFGMUYQQjFGEUYRQ
fBB8EHwQfA98D3wPc85zjnONa45rjmONY01bTWNNW0xbTFMLWwxbDFMLUstKylMK
SspCikKJQolCikKJQok6SDoIOgg6CDoIMccphimFKYZKCEoHMYU5xkpISkhKSEIH
QghailrLUolCB1KJYspjC1KKUopay2tMa01rTWtNa01jDHOOe897z3POe8+EEIQQ
hBB7z3vPhBCEEHvPe8+EEIxRjFGEUIQQjFGMUYxRhBCUkpySlNOc05TTlNOU05TT
lNOU05TTlNOU05TTlNOU05TTlNOU05TTlNOU05TSlNKU05TSlJKUkpSSjJKMkoyS
jJKMkoxSjJKMUoxRjFGEUIRRhFCEUIRQhE97jHsKcwlqyGrIa0xrjWNNY01jjWNM
W0xTC1NMUwxTDErLSopKy0rKQopCiUKJQolCSUJJOgg6BzoIMgcyBzHGKYUphSmF
SghKCDnGOYZKSEpJSkhCCEIIWspay1rKQghSilrLWwtSiVKJWwprS2uMa0xjTGtM
YwxzznvPe89zjnPPfBB8EIQQe8+Dz4QQhBB7z3vPhBCEUYxRhFCED4xRjFGEUYQQ
lJKU0pTTlNOU05TTlNOU05TTlNOU05TTlNOU05TTlNOU05TTlNOU05TTlNOU05TT
jNKU05TTlJKUkpSSlJKUkoyRjJKMkoySjJKMkoySjJKMkYxRjFGMUYRQhFF8UIRQ
fFB8UHxQc89jTVtNY41bTVtMUwtTS1MMUwxKykqKUstKykKKQopCikKKQopCSToI
Ogg6CDoHMccxhylFKUUpRUoISgg5hjnGSkhKSUpIQghCCFLKWstSiUIHUolaylsK
UohSiFsKa0xrTWtNa01rTWMMc858D3vPc857z4QQhBCEEHvPe8+EEIRQe897z4RQ
hFGMUYRRhBCMUYxRjFGEEJTSnNKU05TTlNOU05TTlNOU05TTlNOU05TTlNOU05TT
lNOU05TTlNOU05TTlNOU04zTlNOU05STlJKUkpSSlJKMkYySjJKMkoySjJKMkoyR
hA98DoxQjJCMUIQPa0xzjXwPfBB8EHPPY01jTWONW0xbTFMLWwtbDFMLUspKilLL
SopKikJJQolCiUKJQkk6CDIIOcg5xzHHMYYpRSlFKUVKCEoHOcY5hkpISkhKR0IH
QgdaylrKUopCB1KJWspbC1KJUolbC2tNa0xrTWtNa01jTXPPfA97z3POe8+ED4QQ
hBB7z3vPhBCEEHvPe8+EUIRQhFGEEIQPjFCEEIQPfA+UkpzSlNOUkpSSlJKUkZSS
lJKUkpSSlJKUkpSSlJKUkpTTlNOU05TTlNOU05TTlNOU04yTlJKUkpSSlJKUkoyS
jJKMkoySjJKMkoySjJKEUHPKc8qEDIyPjE+EDWuLa4uLzpPOSok6SGNNW01jTVtM
UwxTC1tMWwxTC0rKSopSy0qKSopCSUqJSopKiUJJOgg6CDoIOgcxxzGGKUUpRSlF
SghCBzGGMYZKCEpJQklCCEIIUopaylKKQgdSilrLWwtSiVKKWwtrTWtNY01rTWMM
YwxzznwPe89zznvPhBCEEIQQfA+EEIQQhBB7z3vPhBCMUYxRhFB8D4RQhA97joQP
lJOc05zTi8+Lz4vNgwuLjIsLk817S6SSi8+Lz4vPlFGc0pTTlNOU05TTlNOU0pTS
lNOU0pSSlJKUkpSSlJKUkpSSjJKMkoySjJKMkoSRjJF7yXPIfAmMT4xPhA5zjGtM
jA+MD0JJKYZjTGNMY01bTFtMUwtbTFMMUwtKykKKSspKykqJQolCiUKJQolCSDoI
Ogg6BzHHMccxhilFKUUpRUoHSgc5hTmGSkhKSEpIQgdCCFKKWstSikIIUopazGMM
UopSimMLa01rTWtNY01jDGMMc858D3vPc457z4QQhBCEEHwPfA+EUIQQe857z4xQ
jFGEUYRRfBCEUXvPc46EEJSSlNOU03vPnFGLz4MMi016y5OOewykUoOOjBGD0JyT
lNOU05TTlNOU05TTlNOU04zSlNKU0pTSlJKUkpSSlJKMkoySjJKMkoySjJKMkYyR
hA98D4RQjFGEUYRRfBF8EIQRhFBKiCmEY0tbTGONW0xbTFMMUwxTDFLLSstKilLL
SopCikJJQolCikKJQkk6CDnHOccxxzHHMYYpRSlEKUVCB0IHMYU5hkpISkhKSEIH
QgdailrKUolCCFKKWsxjDFKKUopjC2tMa01rTWNMY0xjTHvOfA97z3uOe8+ED4QQ
hA97z3vPhBCEEHvPe8+EEIxRjFGMUYQQhBB7z3OOhBCUkpTTlNOMUXvPlJGMEJRQ
g8+UEIwQi8+Lj5QQlFGc05zUnNOc05TSlNOU05TTlNOU0pTTjJOUkpSSlJKUkpSS
jJKMkoySjFKMkoyShJKMkoxSjFKMUYxRhFGEUYRRhFF8EXxRfBBzz2NNW0xbTFNM
W0xTC1MLUwtKy0rKQopKy0qKQopCSUKJQopCiTpJOgg6CDnHMccxxzGGKUUpRSlF
SghKCDmGOYZSSUpJSkhCCEIHUopaylKKQghSilrLYwtSiVKJYwtrTWtNa01jTWNM
Y0xzznwPe89zjnvPhBCEEIQQe8+ED4wQjBB7z3vPhBCMUYxRhFF8EIQQe89zjoQQ
lJKc05zTi9CUEYwQjBGMEJSSnJKUUYwQjBCUUIxRlNKc05TTlNOU05TTlNOU05TT
lJOUk5STlJOUkpSSlJKUkpSSlJKUkoySjJKMkoySjJKMkYyRhFGEUYRRhFGEUoRR
hFF8UXwQfBBbTVsMW0xTDFMMSwtTTFMMUwtKykqKSstKi0KKQklCiUKJQok6SDoH
MgcxxzHHMYcxhiFFKUUpRUoISgg5xjnGSkhKSUpIQghCCFLKWstSikJIUspjC2ML
UolSilrLa0xrTGtMY0xjTGNMc898D3vPe857z4QQhBCEEHvPg9CMEYQQe897z4QQ
jFGMUYxQhBCEEHvPc46MUZTSlNOc05SSnNOUkpSSlJKUkpzTlJKUkpSSlJKUkpST
nNOc05zUnNOc05TTlNKU0pTSlNKU0ozSlJKUkpSSlJKUkoySjJKMkoySjJKMkoyS
jJKMkoRShFGEUYRRhFGEUYRRe89SimMLYwtbDFtNWwxTDFLLUwtTC1LLSstCikrL
SopKikJJQolKiUKJQkg6BzIHMccxxzGHMYYpRSlFKUVKSEoIOcdBx0pJSklKSUII
SkhaylrKUolKSFrKYwtjTFKJWspjC2uNa4xrTWtNa01rTXvPfA97z3OOe8+EEIQQ
hBB7z4QPhFCEEHvPe8+EEIxQjFCEEIQPhBB7znOOjFCU0pTTnNOc05zTnNOc05zT
nNOc05zTnNKc05zTnNOc05zTnNOc05zTlNOU05TTlNOU05TTlJOUk5SSlJKUkpSS
lJKMkoxRjJKMkoySjJKMkoyRjFGEUYRRhFGEUYRRhFGEUHvOMUQpBFrKUwtTC1MM
UwxSy1MMUwxTC0rKSopKy0rKSolCiUJJQolCSUJIOgcxxzHHMccxhjGGIUUhRSlF
SglKCTnHQcdSSVKJSklKSUpIWspay1KKSkhaymMKYwtSiVrJYwtrTGuNa01rTWtN
a017z3vPe897jnvPhBCEEIQQe8+ED4RQhFB7z3vPhBCMUIxRhBCED4QQc85zjYxR
lJOc05zTnNOc05zTnNOc05zTnNOc05zTnNOc05zTnNOc05TTlNOc05zTnNOc05zT
lJOUk5TTlJOUk5SSlJKUkoySjJKMkoySjJKMkoyShJGMkYxRjFGMUYRRfFGEUYRR
hFF7zzGFKURaijpJSwtTTFMMUwtTDFMMUstKy0KKSstKikKKQklCiUKJQolCSDIH
MgcxxymHMYcxhilFKQUpRUpJSkg6B0IIUolSiVKJSklSiWMLYwxaykpIWwpjC2NL
UspaymMLa01rTWtNa01rTWtNe8+Dz3vPe457z4QQhBCEEHvPhA+EEIQQe897z4QQ
jFGMUYQQe897z3OOa02MUZzTnNOc05zTnNOc05zTnNOc05zTnNOc05zTnNOc05zT
nNOc05zTnNOc05TTlNOU05TTlJOUk5STjJOUkpSSlJKUkpSRjJKMkoySjJKMkoSR
hE97zXPNhEx8TVMKY418D3wQfBBazEpKSsshx0LLUwxTDFLLWwxTC1MLSspKikrL
SopKiUKJSolCiUJJQkg6BzHHMccxxzGHKYYhRSFFIUVKSUpJQchCCFKKUopSiVKJ
UoljC2MMWspKiVsLY0xrTFrKWwtjTGuNa45rjWuNa01rTXvPg897z3OOe8+EEIQQ
hBB7z3vPhBCEEHvPe8+EEIxQjFCEEIQPe89zjnOOjFGUk5STnNOc05zTlJKc05zT
nNOc05SSnNOc05zTlNOU05TTnNOc05zTlNOUkpSSlNKU0pTTlJOUk5STlJOUkpSS
lJKUkoySjJKMkoySjJKMkoRPc8tzi4RLdEs6hTqHZA18UWvPa89sEEsMGcY6iVML
UwtSy1MLUwtTC0rKSolKykqKQopCiUJJQolCSUIIOcc5xzHHMccxhimGIUUhBSFF
UklSSUIIQghSiVKJUolKiVKJYwtjC1rKUolbC2MMY0xaylrLa0xzjnOOc45zjnOO
a417z3vPe89zjnvPhBCEEIQQe898EIRQhBB7z3vPhBCMUYxRhBB7z3OOa01zjoxR
nNKc05zTlJJKSDnGlJKc05zTa01rTZzTnNKUklrLc46UkpzShBB7z3ONWst7zpST
lNOc05STlJOUk5STlJKUkpSSlJKMkoxRjJKMkoySjFKMUXPKc8mECmQJOsU6SGwP
dFFCyzqKS85DTCGGOklLDFMLSwtTC1MLUspKykqJSopKikKKQklCSUKJQkk6STHI
MccxxjHGMYYpRiEEIQQhRFKJUolKR0pIUspSylrKUopSimMMYwtbClLJYwtjTGtM
WwtjC2tMc41zznOOc45zjWuNe897z3vPe457z4QPhBCEEHvPhBCEEIQQe897z4QQ
jFCMUYQQe89zjmtNc46MUZTTnNOU05TTa01CSHONlJGc0jnHjFGc05zTYsshA2sL
UomMEFJJSkkYw1KKfA+U05TTlNOU05TTlJOUkpSSlJKUkpSSlJKMkoySjJKMkoyS
jFGED4QPjA98D2uNUwt0UHQRQss6ikuPS04ZxjIISstKy0rLUwtTC0sLSspCiUrK
QspCiUKJQkpCSUJJOggxxzHHMcYxxjGGKYYpBCEFKQVKSlKKSkhSiVrKWspay1rL
WstjDGMMYwtSymNMa01rTWMLYwxrTXOOc45zjnOOc41zjnvPe897z3vPfA+EEIQQ
hBB7z4QQhBCEEHvPe8+EEIxRjFGEEHvPc45jTGtNjJGc05zTnNNzjjFFOYYpRJRQ
jBAhA1KKnNOc04xRQgh7z2LMhBCU02uOWstzjnOOnNKUkpzTnNOUkpSSlJKUkpSS
lJKMkoySjJKMkoyShJKMkoxRjFB7zXOMjEmMSXPLa4t7zFMMSstTjluPIcYhxksL
SwtKy1MMUwtKykqKQolKykqKSolCSUJJQkk6SToIMccxxzHGMYcxhilGIQQhBCFF
UotaykpJUopay1rLWstSylrLYw1jTWMMWstrTGtNa01jDGMMa41zjnPOc85zznON
c417z4QPe897z3vPhBCMUYQQhA+ED4RQhBB7z3vPhBCMUYxRhBB7z3OOa0xzjpSR
nNOc05zTMYY5x3OOGQRjDFJKc44xhoxRjBBaimLKSkhrTJzSnNNKSYQQlJKc05zT
lNOU05STlJOUk5SSjJKUkpSSlJKMkoySjJKMkoySjJKMUYxQe8l7iYwGlEdziGuI
fAqED3QQW01jjjpJSstSzFLLUstSy1LLUstKikKKSspKikKKQklCSUJJQgk6CDHH
MccxximGKYYpRiEEIQQhBFrLWstSilKKWstjDGMMYwxjDGtNa01jDFrLa01rTWtN
awxrTHONe857znvOc85zjnOOe8+EEHvPe898EIQQhBCEEHvPhA+MUIQQe897z4QQ
hBCMUYQQe89zjmtNc46UkpzTnNOc00pJe89CCXvPhFE6CKTTMUQ5x3OOc445xznH
MYaEEJzSa0xKSYQRnNOc05zTnJOUk5STlJOUkpSSlJKUkpSSlFKMkoySjJKMkoRR
hFCMUYOHe4ZzRIOGe4ZzSHvJjA9jCiEEOcdTC1MLSstKy0rLSstSy0rLSopCikrK
SopKiUJJQklCSToJOggxxzHHKccphymGKYYhBSEEIQVay1rLUstSy2MMYwxjDGML
YwtrTWtNa01jDGtOa45zjmtNa41zjXvOe85zznPOc85zjnvQfBB8EHvPhBCEEIxR
hBCEEIQPhBCEEHvPe8+EEIQQjFCEEHOOc41jDHONlJKc05zTnNOc05zTjFGc05zT
lJOc03vPhBCc05zTe9BjDIQQlJKc05SSa02EEJzTnNOc05zTnJOUk5STlJOUkpSS
lJKUkpSSlJKUkoySjFGEEIQNjE6EDXwMhA1rSlrIWwljjHxPWggwwzEDUwpTC1LK
UstSy1LLUstKykqKQopKykqKSolCSEKJQklCSToIMccxxzHHMYYxRilFIQQhBCkE
YstjDFrLWstjDGtNa01jTGNMa05rTmtNYwxzjnOOc45rTWtNc41zjnvOe897z3PO
c457z3wPe897z3wQhBCEEIQQe897z4QQhBB7z3vQhBCEEIQQe89zjmtNYwxzjpSS
nNOc05zTnNOc05zTnNOc05zTnNOc0pzTnNOc05zTnNOc05zTnNOc05zTnNOc05zT
lNOU05TTlNOUk5SSlJKUkpSSlJKUkZSSjJKMkoRRhBB8EIxPjE+EDoPMe4tjCFLL
Wwx8EFIJKMMow1KJUwtSylLKSstTC1LLSstKikKJSopKikJJQklCSUJJQkhCCDHH
McYxhjGGMUYpRSEEIQQpBGMMY0xbC2MMa01rTWtNawxrTGuNa45rjmNNc45zjnOO
a01rTXOOc85zz3PPc89zz3OOfA98EHvPe8+EEIQQhBCEEHvPhBCEEIQQe897z4QQ
hBCEEHvPc45rTWMMc46UkpzTnNOc05TTlJKUkpSSlJKc05TTjFGc05zTjJKc05zT
nNOc05zTnNOc05zTnNOc05STlNOUk5SSlJKUkpSSlJKUkpSSlFKMUoxSjFGMUYQQ
hBCMT4xQg8pziXtJcwlrCmsKe0xaCDDDMMNSiVMLSspKykrKSstSy0rKSopCiUrK
SopCSUJIQklCSUJIOggxxzHHMYcxhimGKUYhBCEFKQRjTWtNYwxjDGtNa01rTWtN
a01rjWuOa41jTGuOc45zjmuNa45zznvPe897z3vPc45zjnvPfBB7z3vPhBCEEIQQ
hA97z3vQhBCEEHvPe9CEEIQQhBB7z3OOa0xjDHOOlJKc05zTnNNSB0oGSgZKBkoG
i86LzjFEg86DzlKJnNOc05zTnNOc05zTnNOc05zTe89ay5SShA+EEHOOjJGUkpSS
lJKUkoxRhBCEEIxRjFGEUYxRjFGMUYQLc4pziXtKe0pzC3MKakg5AjDCSodSy0rL
SstKy0rLUstKikKKQklKikqJQklCSEJJQkk6CToIMccphjGGMYYphilFGQQhBCEE
Yw1rTWMMWwxjTWuOa45rjWtNc41zjnOOa01zjnOOc85rjXOOc457znvPe897z3uO
c457z4QQe897z4QQhBCEEIQPe897z4QQhBB7z3vPfBCEEIQQhBBzjmtMYwxzjpSS
lJKc05zTc89zjzHIYw0Yw3OOc41zjpSSlJJ7z5zTnJNaipSTlJOck5zTnNOEDyEE
a02UkkIHWswhBJSSlJKUkpSSlFGMUYQQhBCMUYxSjFKMUoxSjFGEDnOMc4yEEIQQ
e89zTHKKQQQ4w0pIUwtSykrLSstSy1LLSopKikJKSopKikJJOklCSUJJQkk6CDHH
KYcphzGGKYYhRSEEIQQhBGNNY01jDGMMa01rTmuOY01jTWuOc45zjmtNc45zjnPP
c45zjnOOe897z3vPe897jnOOe8+EEHwQe8+EEIQQhBCEEHvPhA+EEIQQe897z3vP
hBCEEHvPc45rTGMMe8+UkpzTnNOc05zTnNMYw1KKSkmc0kIIUoqc04RQKUWUkpRR
KQRiykHGjFCckmsMIMJSSZySlJNCCFrLIQSUkoxRlJKUkpSSjFGEEIQQjFGMUoxR
jFGMUYxRjFGEUYRRhFGEUYQRfBByy1HHSYZSSVrLUspSy0rLUstSy0qKSolCiUKK
QolCSTpJQklCSUIIOcgxxymGMYYphimFKUUhBCEEIQRjTWtNYwxjDGtNa41rjWNN
a01rTXOOc45rTXPOc457jnOOc457z3vPe897z3vPe89zznwPhBB8D3vOhA+EEIxQ
hBB7z4QQhBCEEHvPe897z4QQhBB7z3OOa01jDHvPlJKc05zTnNOc04QQMYZrTZSS
nNOc0oxRjFEpRWsMlJI5xyEESkkxhpySSgkpRTFGWsyUk5zTOcdjDCEEjFA5x5SR
lJKUkoySjFGMUYxRjFF7y3uLhAyMUYxRhFB7z3vOhEyEDXvNcspiiWJJYopSy0rK
UspKylLLUstKikqJQolKiUqJQolCSUJJQkk6SToIMccxhymGKYYhhiFFGQQhBCEE
Y0xjTWMMYwxrTWtNa01rTGNNa45rjmuOY01rjnOPe49rTnOOc89zz3vPe897z3vP
c457z4QQe897z3vPhBCEEIQPe8+ED4QQhBB7z3vPe897z4QQe89zjmNMYwtzjpSS
lJOc05zTnNNKSVrLnNOc05zTnNN7zylFWoqc05zTnJNSimtOe9Cc04xRlJJKSlrM
lJOMURjDg88gwzFGUoqUkpSSlJKUkpSSjJKMkoxRe8p7iYQKjE+MT4QOc0xrS4wG
lAt7C3KJakhiSFqJUstKykrKSspLCkrLSopKiUKJSolKSUJJQglCSUJJOgg6CDHG
KYYphimGKUYhRRkEIQQhBGMMa01jDGMMY01rTmtNY01jTWuOa45rjmNNc45zjnOO
a01zjnOOc857z3vPe89zz3OPfA98EHwPe8570IQQhBCEEHvPe9CEEIQQe897z3vQ
e9B70HvPc45rTGMLe8+UkpzSnNOc02tNKUWUkpzTnNOc01rLIQRrTJzTnNOc05zT
YwxjDJzTnNOc05zTUopjDJSTUopKSZSSGMNCCJSSlJKUkpSSlJKUUZSSjJKMUXvI
e4iDyYxQjFCED2uJa4mEB4xKc0lyiWpIakhiSFrLSopSykqKSspKy0qKSopCSUqK
QkpCSkIIQkhCSToIMcgxhimGKYYphilFIUUZBCEEIQRjDGtNYwxjDGNNY01jTWNM
Y0xrjWuOa45jTWuOc45zjmtNa41zjnvOe897z3vPc89zjnvPhBB7z3vPhBCEEIQQ
hBB7z3wPhBCEEHvPe897z3vPe897znOOa0xjC3wPlJKc0pzTnNOUkpSSnNOc05zT
nNN7z4RRnNOc05zTnNOU0oQQe8+c05zTnNOc02MMa06Uk4RSlJOUk3OOlJOUkpSS
lJKUkpSSlJKUkoySjFGEDoPOhA6MUYxRhFFzi3OLfAqETHOLaspiiGJIWohSykrK
SspKykrKSspKykKJQolKikKKQklCCTpJOgk6CDHHKYYphimGKYUpRSEFIMQhBCEE
YwxjTFsMWwxjTWNNY01jDWMMa01rjWuNY01rjmvOc45rTmtOc45zjnvPe897z3vP
c457z4QQe897zoQPhA+EEIQQe898EIQQhBB7z3vPe9B7z3vPc45zjWMMYwt7z5SS
nNKc05zTnNOc05zTnNOc05zTnNOck5zTnNKc05zTnNOc0pzTnNOc05zTnNOck5yT
nNOck5yTlJOUk5STlJKUkpSSjJKMkoySjJKMkoySjFGMUYxRjFKEUYRRhFCEUHwQ
fBB8EHMNYkliSWJJUspKykrKSspSykrKSolCSUJJQopCiUJJOgg6SDpIMggyCCmH
KYYphilGKUYpBRjEIMQhBFsMY0xbC1sLY0xjTWNNWwxjDGtNc41rTWsMc01zjnON
a01zTXOOc45zz3vPe89zz3OOe898D3vPe86ED4QQhBCEEHvPe8+EEHwPe857z3vP
e897z3OOa01jDGMLfA+UkpzTnNOc05SSlJKUkpSSlJKc05zTnNOc05zTnNOc05zT
nNOc05zTnNOc05zTnNOc05zTnNOc05STlJKUkpSSlJOUkoySlJKMkoySjJKMUnrL
YgmDDIQQhFGEUYRRhA1zzHuMjA5zTGKJYkhiSFLKSspKykrKSspKykqJQolCiUqK
QolCSTpJOkk6SToIOcgxhymGKYYpRilGIQUYxCDEIQRjDGMMWstay2tMa01jTWMM
YwxrTXNNa01jDGuOc45zjmtNa01zjnvPe897z3vPe89zjnvPhA97z3vPhA+EEIQQ
e9B7z4QPhA+ED3vOe897z3vPe89zjmtNYwxjDIQQlNOc05zTjFFjDHPOc898D4QQ
hFGMUXOOe897z3vPjFFzjoxRc46MUXvPjFGckpzTnNOc05zTnJOUk5STlJKUkpSS
lJKUkpSSlJKUkpSSjFF5x2EEYQSET4QQhBCET3vKa0hrSJOOewtqSWJJYkhai0qK
SopKikrKSspKiUKJQklCikJKOkk6CDpJOgg6CDoIKYYphimGKUYpRSEFGMQgxCEE
YwxjDFrLWstjDGsMY0xjDGMMa01rTWtNYwxrTXONc45rTWuOc45zz3PPe89zz3OO
c457z4PPe85zznwPhA+EEIQQe8+ED4QQhA97z3vPe897z3uPc45rTWMLWsuEEJSS
nNOc05SSUsuEEXPPe897z4QQjFFjTXQPY417z4ySfA+EUVsMhFFrjnwQlNOc05zT
nNOc05zTlJOUkpSSlJKUkpSSjJKUkoySjJGMkoxRcYVhA3mGjE6DzXvNhA57zGtJ
a0mLjINMYYVZRWGFUopKiUqKSopKikqKQolCiTpJQopCiUJJOghCCDoJOggxxymH
KYYpRiFGKUUpBRjDIQQhBGMMYwxay1rLYwxjDWMMYwxjDGtNa01rTWMMc01zTXOO
a0xrTXOOc857z3vPc89zjnOOe897z3vPe897z4QQhBB7z3vPhBCEEIQPe897z3vP
e89zjnOOa01jDFrLhBCUkpyTnJOUkoQRjFKMUYQQjFGMUYxRjFGMEXwQhBCU04RR
lJJ7z4xSe9CEEJTTnNOc05zTlJOUk5SSlJKUkpSSlJKUkoySlJKUkpSSjFKMUXtN
YopqyoxOg857zYQNe8xrS2uLg8x7i1iCWIFYgVKISopKykqKSopKikqKQkpCSUqK
QklCSDoIOgg6CDoHMccphimGKYYpRilFIQQgwyEEIQRbDGMMWstay2MMYwxjDFrL
WwxjTWuNY01jDGtNa41rjWNNa01zjnOOc89zz3PPc85zjnvPe897z3vPe8+EEIQQ
hBB7z4QQhBB7z3vPe897z3vPe89zjmtNYwxjDIQQlJOck5yTjFGDz4QQhBCEUJSS
jFGUkpRRlJKMUYxRjFGMUZSSlJKUkpSSlJKUkpSSlJKUkpSSlJKUkpSSlJKUkpSS
lJKUkpSSlJKMkoxSjFKMUYRRhFGEUXwOe857zEIFYsp7znvOa0xYwliCWIJSiUqK
SopKikqKSopCSkJJQklKiUJJQkk6SDpIOggyCDnHMYYpRSlGKUYpRSEFGMQYxCEE
WwxjDFrLWstjDGMMYwxiy1sLa01rTWMMWstrTWtNc45jTGtNc45zjnOOe89zjnOO
c457z3vPe857z3vPhBCEEIQPe897z3vPe897znvPe897z3vPc45rTWLMWsuEEJyS
nJKcknQPSotrj1LKY017z2NMfBB7z4xRWwxLC2wPSspzzmuNfA+EEIQPjFGDz4RQ
hBCEUGuOfBBrjoRRlJKUkpSSlJKUkpSSlJKMUoxSa45bTWPOhFF8UHwQe05BREEE
aol7DHLKWMNQgljDWstKikqKSopKikqKQopCiUJISklCSUJJOgg6CToIMggxxymG
KYYpRilFKUUhBBjEIQQhBFrLWsxSi1LLWwxbDGMMWstiy2NMY01jTFrLa01rTWtN
YwxjTWtNc45zj3OOc45zjXOOfA98D3vPe898D4QPhBCED3vPhA+ED3vPc497z3vP
e857znONa01jC2MMjFCUkpTSnJJzz1LMa9BbTGOOhFFzj4RRfBCEUVMNUwxrz0rL
Y45zj3wQjJJ8D4RRfBCEUXPPfFFjjnQPa858EIySlJKUkpSSlJKMkoySjJKEUktN
OstLTXxRhFGEUXLLQUU5BHNMe41rC1jCWMFYwlrKSolSikrKSotCikJKQklCSUqJ
QklCSToIOgg6CDHIMccpRimGKUYpRikFIQQYwyDDGMRay1rLUopSilsLYwtjDFrL
WstjDGNNYwxay2tNa01rTWMMYwxrTXOOc45zjnOOc45zjnvPe897z3vOe8+ED4QQ
hBB7z4QQe897z3uOe497jnuOe45zjWtMYwtjC4xQlJKUkpySlJKUkpSTjJKUkpTT
lJKc05SSlNOMkoRRjJKMkoxSlJKUkpSTlJKck4xSlJKMUYxRhBGMkoQQhBCUkpSS
lJKUkpSSlJKUUoxShFJLTDrLS0yEEYQRhBB7jVpJOYZ7z3vOa0xYw1iCUIJSB0qJ
SopKikqKSopKSkJJQklKSkJJQkk6CToJOgg6BzHHMYYpRilGIUUhRSEEGQMYxBjE
Wstay1KKUopay2MMYwxay1rLYwxjDGMMWsprTGtMa0xjDGtNa01zjnOOc45zjnOO
c457z3vPe89zznvPg8+EEIQQe897z3vPe897znvOe857jnOOc01rTGLLYwyMUJSS
lJKckpSSnNOc05zTnNOc05zTnNOc05zTnNOc05zTlNOc05zTnNOc05zTnNOc05zT
nNOUk5STlJOUkpSSlJKMUZSSlJKUkpSSjJKMUoRRW45LTFONhA1zi3OLhBCEEHwP
fBB8D2vOWMNYwlDCUYZKSUqJSopKikqKSklCSUJJSolCSUJJOgg6CDoIMccxxymG
KYYpRSlFKUUhBBjDGMMYw1rLWstSilKKWstbC1sMUstay2MMYwxjDFrLa01rTWuN
YwxjTWtNc45zjnOOc45rjXONe857z3uPc497z3vPhBB7z3vPe897z3vPe897znOO
c45zjmtNYwxay2LMjFCckpzSnNKckpyTnNOc05zTnNOc06TTnNOc05zTnNOc05zT
nNOc05zTnNOc05zTnNOc05yTlJOUk5STlJKUkpSSjJKUkpSSlJKUUoxSjFKMUoQS
hFGEUoPLc0pzSoQOhE58TlNLUwlTSUkDSQRhx1FGSopKikqKSopCikKJQklCSUKK
QklCSToJOgkyCDIHKccphimGIUYhRiFFIQQYwxjDGMNailrLUopSimMLYwxbC1LK
WspjDGMMYwtay2tNa01rTWMMYwxrTXOOc45zjnOOa01zjnvPe897z3vPe897z3vP
e897z3vPe897z3vOe85zjnOOc45rTWsMYstiy4xQlJKU0pzSnNOc05zTnNOc05zT
nNOc05zTnNOc05zTnNOc05zTnNOc05zTnNOc05zTnJOckpSSlJKUk5STlJKUkoyS
lJKUkpSSjJKMUXwOc81zzYRPhE+EDnOJa4l7y4ROfE5ChzJFMgUxg2HGgso5hkpJ
SolKiUqKSopCSUJJQklKSUJJQkk6CDoIOcgxyDGHKUYpRiFGKQUpBSEEGMMZBBjE
Wstay1KKUopay1rLWstSilLKYwxjDFrLWstjDGtNa01jDGMMa01zTXOOc45zjmtN
c417z3vPe897z3vPhBCEEIQQe897z3vPe897z3vOc45zjnOOc05rDFrLYwyMUZSS
lJKUkpSSlJKUkpzTnNOc05zTnNOk05zTnNOc05zTnNOc06TTnNOc05zTnNOck5yT
nJOUk5STlJKUkpSSlJKUkpSSlJKMkoxSjFFLBjqES0aEUIRQhFBrjXPOfA90T2wP
MoUqRDJFKcNZxotNMcZCiUKJSolKiUqJQklCSToJQklCSUJIOgg6CDoIMccxxylG
KUYpRiFFIQUZBBjDGQQYw1KKWstSilKKWstay1rLUopSymMLYwxay1KKYwxjDGtN
WstjC2tNa01zjnONc45zjXONe897z3vPc857z3vPe897z3POe857z3vPe89zjnOO
c45zjnNNawxay2MMjFGUkpSSlJKUkpySlJKckpySnJKck5yTnJOc05zTnNOc05yT
nNOc05zTnNOc05zTnNOc05SSlJKUkpSSlJKUkoySlJKUkpSSlJKMUYxRU0g6hUMH
hFCEUYRQhBGEEXwRS00yiiqGMoZCyCnEUgeLj0JJQolCiUKJQopCikJJQklCSUJJ
Qkk6CToIOgg6CDHIMYcpRilGKUYpBSEFIQQYwyEEGMNay1rLSklKSVrLWstay1KK
Uopay2MMWstSimMLYwxrTFrLYwxrTXOOc45zjnOOc45zjnvPe89zjnOOe857z3vQ
e89zj3vPe897z3OOc45rTXOOc05rTWsMWsprDJRRnJKUkpySe897zoQPe86UkYxP
lFBzTIxQlJGUkpySnJKck5yTpNOc05zTnNOck5yTnNOUkpSSlJKUkpSSlJKMkZSS
lJKUkpRSjFKMUVtJQsRKxXQJfAyEEYQRhBF8EUtNMooyymvPa44xhVmGess5hUJJ
SolKikqKSkpCSUJJOklCSUJJOgg6CDoIOgc6BzGGKUYhRikGIUUhBSEEGMMYwxjD
UopSikpJSklSilrKUopSilKKWstjDFrLWspjDGMMYwxay2MMa01zTWtNc41zjmtN
c457z3vPc45zjnvPe897z3vPc457z3vPe85zjnOOa01rTmtNa01jDFqLYwyMUZSS
nJKcklqKUolKSWtMlFF7TVpJScZaiWLKnJFjC5SSnJOck5yTnJOc05yTnJOck5ST
lJKUkpSSlJKUkoySlJKUkpSSjJKMUoxSjFGD0HvPe4d7h3uHhBCEEIQQhBBLTTKK
MoprznONMcQxxFrIWwxKiUJJQolCiUKJQklCSUIIQklCSDoJOgg6CDoHMccphilF
KUUpRSFFIQUZBBjDGMMYw1KKUopKSUpJUopSilKKSklSilrLWstaylKKYwxjDGMM
Wstay2MMa01rTWtNa01rTWtNc457znvOc457z3vPe897z3OOc45zjnvOc45zjmuN
a01zTWsMawxai2sMlFGUkpSSlJKMUYxRjFGMUZSSjFGMUYxRjFF7z5SSjFGUkpyT
nJOck5yTnJOck5ySnJKckpSSlJKUkpSSjJKUkZSSlJKUkpRSjFKMUoxSjFGMUYPH
e4aDhowOg857znvOa8xbS1MJa4trijoEOgRrSnOOSopKikpJQklCSUIJQglCCUJJ
Okg6CDIIMggxxzHHMccpRSlFKUUhRSEEGMQYwxjEGMNSilKKSkhKSVKKUopSikpJ
Sopay1rLUspSiWMLYwxjDFKKWstjS2tMa01rTmtOa01rTXOOe85zznOOe897z3vP
e89zjnOOe897jnOOc45zTnNNc01rTGMMWotrDZRRnJKckpSSjFCMUIPOlJCED5RQ
lFGMEJySnJKUUZRRlFGUkpSRlJKUkpSSlJKUkpSTlJKUkpSSlJKUkoxRlJKUkpSS
lJKUkoxRjFGMUYwRjFGDyXuIg8icDGmEWMJhRIvMi8xzRHMDcwNRwkmFa0tzz0qK
QkpCSUJJQklCSUIIQglCSToIOggyCDoIOccxxymHKUYpRilGIQUhBRjFGMMYxBjD
UopSikpJSklSilKKUolKSVKKWstay1KLUopjC2MLYwxaymMLY0xrTWtNa05rTWtN
a01zjnvOc45zjnOPe897z3vPc45zjnOOc45zjnOOa01rTWtNY0xjC1qKawyUUZSS
lJKUklrLawxSSXvOQcZzTHNMQgeUUZRRWopjDGKKawtaiTnGjA+UkpSSlJKUkpSS
lJKUkpSSjFGUkpSSlJKUkpSSjFGMT4QOhA2MTYQMhA2EDYQNjE5xx1kDWUSLy4vL
a0ZrBXtGUkdSCWuOa89KykKJSklCSUJJQkg6CEIJQkk6CToIOgg6CDnHMccphyFG
KUYpRSEFIQUYwxjDGMMYw1JKUopKCEpIUolSilKJSklSilrLYwtSikqJYwxjC2ML
Wspay2MMa01rTWtNa01rTWtNc457z3OOc417jnvPe897z3OOc45zznOOa41zjmtN
a01rTWtMYwtaimtNjFGUkpSSlJJ8D4QQe9CMUXOOhBCED4QPjFGUUnvQe8970HwQ
e89rTYxRg9CMUZySlJKUkpSSlJKUkoySlJKUkpSSlFKMUoxSi8qDiYOElAaDhHuE
g4WTzpPOccdRBFEEi8yLzGtGawVzRlpHUklr0GvPSstCiUKJQklCSEJIOgk6CUIJ
Ogg6CDoIOgg5yDHHKYYhRSFFIUUhBSEEGMMQgxjDGMNSiVKJSghKCFKKUopSikpJ
UopaylrLUopKSVrLYstiy1KJWspjC2tMa0xrTWtNYwxrTXOOc45zjnONc857znvP
e85zjnOOc45rTXOOc45rTWtNa0xrDGLLWoprTYxRlJKUkpSSa0tzTHNMg85rC2sM
g8+ckXuNc41rC4wPYwyEEJSRnJKUknvPjFGUkpSSlJKUkpSSlJKUkpSSlJKUkpSS
jFKMUYvLg4mLhJQFg4ODQ4NDg0SDhnMMaotqzHwPfA9zzXOMc4xSiUqIc89zz1LL
QklCSUJJQkk6CDoIQghCCUIIOgg6BzoIOcgxxymHKUYhRSFFIQUhBSDEGIMYwxjD
UklSSUIIQghKSVKKSklKSFKJUspay1KKUolay1rLWstSiVrKYwtrTGtMa4xrTWNM
a0xzjnPOc41rjnOOe897z3vPc457jnONc45zjmtNYwxjDGMMYwxiy1qKa02UUZSS
lJKUklrLYwxizHuOUklainNOlJJrDGMMWsqDz0oIc02MEJySnJKUkpSSlJKUkpSS
lJKMkZSSlJKUkpSSlJKMUoxSjFGDy3uKi4SUBoOEg4N7g4NDe4R8EHwQfBB8EGuJ
a0l7intMOcZKSGMMY0xKikJJQklCSUIJOgg6CDoJQgg6CDoIOcg5yDHIMccphiFF
IUUhRSEFIQQYwxiDGMMYw0pJSklCCEIISklSikpJQghKSVKKWspSiUpJWstjC1rL
UopaymMLa0xrTGtMa0xrTGtNc457z3OOc45zjnPOe897znONc45zjnOOc45rTWMM
YwxrDGsMYstaiXNNlFGUkZSSlJKUkpSSlJKUkpSSlJKUkpSSlJKUkpSSlJKMUoxS
jFKUkpSSlJKUkpSSlJKUkoySlJKUkpSSlJKUkoxSjFKMUYxRhBCDzoPNhA2Dh4OF
e4R7hHuDa0trDHOOe89zRmsFc0Zzz1sMY01jTVtMSopCSUJJQkk6CToJOgg6CDoI
Ogg6CDoIOcgxyDHHMYYpRSkFKQUhBCEEGMMYgxjDGMNKSUpJQghCCEpJSklKSUII
SklSilKKSklKSVKKWstay0pJUopazGtMa0xrTGtMa0xrTXOOc45rTWtNc457z3vP
c45rTXOOc45zjmtNa01jDGMMYwxjDFrLUoprTZRRlFGckZSSc42ED4POlJBzjHuN
lFCUUYxQlFGUUZRRlJOUkpSSlJKUkpSSlJKUkpSRlJKUkpSSlJKUkpSSlJKUUYQN
hA2MDYxRjFGMUYxRhBGEEHuLc0pzikoDIMBBgnNFcwRzBHNGe8xbDGNNa45rjlsL
QklCSUJJQkk6CDoIOgk6CToJOggxyDnIMccxhymGIUUpRSFFIQUhBBjDGIMYwxDD
SglKSUIHQghKSUpJQglCCEpJUopSi0pJSklSilrLWstKSFKJWstjDGMMaw1rDWMM
a0xzjXOOa01rTXOOc457z3OOa01rTXOOa01rTWtNYwxjDGMMYstaylKJc02MUZRR
lFKUUmsMa01rTXvOUklai4PQg9BrDXOOa05rTZSSlJKUkpSSlJKUkpSSlJKMkZSS
lJKUkpSSlJKMUYxRjFGDx4OGi8eMUYxRjFGMUYRRhBGEEYQRhBBJxjjCQUFyxntH
a0driXwLY0hSylrLa01bDEJJQklCSEJIOgg6CDoIOgg6CDoIOcg5yDHHMccphilG
IUUhRSEFIQQYxBCDGMQQw0pISklCB0IHUklKSUpIQghKSVKKUopKSUJIUspaylrL
UolSilrLYwxjDGMMYwxjDGMMa41zjXNNc01zjXuOe45zjnNNc01rTWtNa01rTWLM
YwtjC2MKWspSiXOOjFGUUpRSlFKMUYxRlFGUkpRShBCMUZSSlJKMkpSSlJKUkpSS
lJKUkpSSlJGUkpSSlJKUkpSSlJKUUYPKg8qUCJxJg8eDxoPHjEyEDXvPjA2MTYPM
g8uDzIwOUgc5AzkEaopzz3PPc89zz2MJUshayWuNY01CSkJJQkk6SDoIOgg6CDoJ
Mgg6CDHIOcgxxzGHKYchRSlFIUUhBSEEGMQQgxjDGMNKSEpIQcdByEpJSklCSUII
SklSiVKKSkhCSFKKUopSikpJUopay2MMYwxjDGMMYwxjDGtNc45rTWtNc41zjnuO
c41rTWtOa01rTWsMawxiy2LLYstiy1qKUolzjoxRlFGUUpRSlJKUkpSSlJKUkpSS
nJKUkpSSlJKUkpSSlJKUkpSSlJKUkpSSjJKUkpSSlJKUkpSSlFGDiIOIi8ikSoPI
g4eLh5PFe4d7iZQIlEh7h3OGe4d8D1LLQgg6CEqKc05rTmtNe81iyFKHWshrjmNN
QklCSUJJOgk6CDoIOgg6CDIIMggxyDHIKccphymGKUUhRSFEIQQgxBjEEIMYwxjD
SglKCDnHOchKCEpISghBx0oISklSiUpISgdSilqKUolKSVKJWspjC2MMYwxjC1rM
YwxrTWuNa01rTGtNc41zjnOOa01rTWtNa01rTWMMWstay2LLWstailJJe46UUZRR
lFGUUZRRlFKUUpSSlJKUkpSSlJKckpSSlJKUkpSSlJKUkpSSlJKUkpSSlJKUkpSS
lJKUkoxRi4iDBnrFi0qDzYwOjA6MDHuKc4qMCJRJe4ZzRXtGWww6SjJKOko6SkKK
Wgk5BEmEYwhayFsKa45jTUJJQklCSUJJOgg6CDoIOkg6CDoIMcc5yDHHKYcphiFF
IUUhBSEEIMQYwxDDGMMYw0IIQgg5hznHSglKSUIIOcdCCEpJUklKCEoIUopSilKK
SklSilrKYwtjDGMMYwxjDGMMa01rjWtNa01zjXOOc45zjmtNa01rTWtNYwxjDFrK
Wstay1rLUopSSXuOlFGUUZRRlFGUUZRSlFKUUpRSlFKUkpSSlJKUkpSSlJKUkpSS
lJKUkpSSlJKUkpSSlJKUTowNjAqUS4vKgoZhQmEBg42MT4xPhA5ziXOJg8iMSnuH
cwVrBUKLOko6SjpKOko6SllESMNIwmMMUopay1LLUspCSUIJQklCCToIOgg6CDoI
MgcyCDHHMcgpxynGKYYhRSFFIQUhBCEEGMMQwxjDGMNKCEoIOcc6B0pISkhCCEIH
QghKSVJJSghCCFKKUopSikIJSklaimLLYwtjC2MLYwtjDGtNc01rTWsNc01zjnOO
c41rTWtNa01rTWMMYwxSilrKWspaylKKUkl7joxRlFGUUZRRlFGUUZRRlFGUUZRR
lJKUkpSSlJKUkpSSlJKUkpSSlJKUkpSSlJKUkpSSlAuLyoOKo8+kD4rKWUVZRIvO
jFGMUYQQe8uDyoOHg4d7RnONWss6izJLMksySjJJMklQxEjDSMNrTVMMY45jjltN
Qko6SUJJOgk6CDoIOgg6CDIHOccxyDHIMYcxhylGKUUhBSEEIQQhBBjDEMMYwxjD
QghCCDnGQcdKCEoISgdBx0IISklKSUIIQgdSiVKKUopKSEpJUopay1rLYwxjC2ML
YwtrTWtNa01jDGtNa01rTWtNYwxrTWtMY0xjDGLLWopaylrKWspSiVJIe46MUZRR
lFGUUZRRlFGUUZRRlFGUUpRSlFKUUpySlJKUkpSSlJKUkpSSlJKUkpSSlJKUkpRN
g8uDy6PNrA+CylmGWUWLzoxQjFGMUYxRhA6DhIOEe4R7zkqKOoo6SjpKMkoySjJJ
UstCCUIHc4xaymNMa41rjkJKOgk6CToJOcg5yDoIOgg6BzoIOccxxzHHMYYphilF
IUUhBBkEIQQYwxDCGMMQw0IIQgc5xkHHSglCCEIIOcdCB0pISklCCDoISolSiVKJ
SgdKSFKKWstay2LLWstay2MMa01rTWMMYwxrTWtNa01rTWMMYwxjDGMMWwxay1qK
WspailqJUklSiHvOjFCMUYxRjFGMUYxRjFGUkZRRlFGUUZRRlFGUUZRRlFGUkZSR
lJGUkZSRlJGUkpSSlJKMUYPNg82MDoxRjBGMEYwRhA17y3vLjAyMTYxNg4aDRoNG
c8s6izpLMksySjJKMgoySlsKa0hjB2tGYwRaxVsHYwhKSUIIQglCCDoIOgg6CDoI
McgxyDHIMcgxhzGGKUYpRiEFIQUZBRjEGMMYgxjCGINCB0IHOYY5x0oISghCCEHH
QgdKSFJJQgdCB1JJUolSiUIHSklSilLLWstay1rLWotbC2NMa01jDGMMYw1rTWtN
a01jDGMMYwxay2MLWstSiVqJWopailJJSkiDz4xRjFGMUYxRjFGMUYxRjFGMUYxR
jFGMUZRRlFGUUZRRlFGUUovLjAuMDJRRlFKUUYxRjFGMUYxRjFGMUIwQjA6MD4QN
e4h7iIQKjEuUS4OHe0Z7RlrIOkoySjJKMkoySjJJMklSymsFYsVqxGrDYoNahVrG
Sok6SDoIOggyCDIIOgg6CDHHMcgxxzHHKccphilGIUUhRSEFIQQhBBjDGMIYwxiD
QcdBxzFGMYZCCEIIOgg5xznHQkhKSEIHOcdKSVKJSklCCEJIUolaylrKWspaylrK
WstjDGtMYwtjC2tMa01rTWtNYwxjDFrLWstay1rLUkpSilKKUopSiUpIg8+MUYxR
jFGMUYxRjFGMUYxRjFGMUYxRjFGMUYxRjFGMUYxRlFGTxpOGi4aUUZRRjFGMUYxR
jFGMUYxRg8t7iXuJnAacBoOHe0eDyIwPjA+DzXuMc0xCSEKJOoo6SjpKMkoySTJK
SsprBmLFYsNqw2LDUsZbB0qKQkk6CToIMggyCDoIOgcxxzHHMccxxzGHKYYpRiFF
IUUZBCDEIMQYxBiDGIMYgznGOccxhjGGQgdKCEIHOYY5hkpIUklKBzmGQgdSiVJJ
QgdBx0oIWopSiUqJUolSikpJUopazFrLUopSilrLWstay1KKUopSiUqJWspSiUpJ
SklKSUpJSghKCIOOlA+LC3JIgwuMUGNMjFCMUIxRjFGMUGNMhA97zmMLe86MUYxQ
i8eLh4vHlE+UT4wQhA+MD4xRjFGMUYPMc4pziowKlEt7i3uMe82EEIQQhBCED0qI
QkdSyUqJOkoySjJKMkoySUqKa0hjB1sHWsdjClLKWwtSikIIQgg6CDHIMcgxyDnI
MccxxzHHMccpxymGIUYhBSEFIQUhBCEEGMMQwxjDEINBx0HHOYY5hkIHSghCSDnH
OcZCCEpJSkg5x0IIUolSiUpJQghKSVrLWwtaylKKYw1ay1rLWstjDGMMWwtbDGNM
YwxjDFrLWstaymMLWstSilKKUolKSUoIUkl7zoxPegdphoJJa005x0IIc45rTGtM
hA9CSGuOhBBjDHOOjFGMEIOIg4eLyZROlA6DzoPOjA+MUYxRjFGEDnuJe4mDy4QR
hBCEEIQQhBB7y3NJawhBhXvPWwxKijpKMkkySjIKMklCimuPa45rjlLLQopKiUJJ
OklCSToIMcgxxzHIMccxxzGGMccxxzHHKYchhiFGIQUhBSEEIQQYwxCCEIIQgxCC
QYc5xzmGMYY5x0IIQgg5xzGGQgdKSEpIQcdBx0pISklKSEIHQghSilKKUopKSVrL
WstjC1rLYwtjDGMMYwxjDGLMYwxjDFrLWstay1rLUklKSEpIUkhSSFJJg86MD3oJ
gkl6CYRQUstrjnPQa49jTmNOSopCSXQPSolrTYxRjFCMUIQQhBCUUIwPg86DzoQO
jFGMUYxRjE97jHuMg82MEIwQhBCEEIQQe4dzBlqEa0x7z2NNUw4ySjJKMkoyCTIJ
QoprjmuNY41Sy1tOY45jjlMMQkk6CDHIMcg6CTIIMcgxhzHHMccxxymGKYYphiFG
IUUhBSEFGMQQgxiDGMMQgjnHMYYxhjGGOcZCB0IIQcc5hkHHSghKCDnHOcdKCUpJ
SglCCEIIUopai1KKSolay1rMYwxay1rLYwxjDFsMWwxbDFrLWstSilKKWopaiUoI
SkhKSVJIUkhSiYPPjBB7DWqLg06EEFrLYwyMUYxRjFFzz3PQe9BjTXwRa46MUYwR
jFGMUYxQjFGEUIQOhA6EDoxRjFGMUYxRjFGEEIQQhBCEEIQQhBCEEHtEc0RzRHvO
e89jTFMOMgoySjIKKgkyCkqKc8xjSlLISoZTTGOOY45TDEJJOgk6CDHIMcgxyDnI
MccxxzHHMccxxzGGKUYhBiEFIQUZBBjDEMMYwxjDEII5xzHGMYYxhjnHQgdCCDnH
OYZByEoISgg5xjnHSkhKSUJIQghCCEpKUopKSkpJUstjC1sLUspay1sMYwtay2ML
Wstay1rLUopSilLKUopKCEoISghKSFJIUol7zoQQhBCEEIQQjBCMEIwQjBGMEYwR
jFGMEYxRjFGMUYxRjFGMUYxRhFGMUYxRjFGMUYxRhBCMUYxRjFGMUYQQhBCEEIQR
hBGEEYQQfA9ix1JGc0p7z3wPW01LDTJKMkoyCjIJMglCinOMY0lSx0pGWwtrjmNN
Uws6CDoIMcgxxzHHMccxxzHHMccxxzHHKYcpRilGIQYpBSEEGQQYwxjDGMMYwxCC
OcYxhjGGMYY5xzoIQgg5xzGGOcdKCEoIOYY5xkIISkhKCEIIQghSilKKSklKSVrL
Ywxay1KKUopay1rLWstay1rLWstay1KKUopailJKSghCCEoISghKCFKJe86EDoNM
csqLjXvOe898EIRQhBCEEIwQc02MEYwPa01zjowRjFGMUYQQjFGMUYxRhBB7z4xR
jFGMUYxRhBCDzoPOg86EEIQQhBCEEIQQWwtKiXOOfA97z2NNW00yCioKMgoqCjIK
QklzjGMKUohShGMFWsVShlKFOgg6CDHHMccxyDHIMcgxxzHHMccxximHKYYpRiEF
IQUhBCEEGMMYwxjDGIIQgjnHOcYxhjGFOcZBx0HIOcc5hkHHQgdCBznGOcZKSEpI
SgdCB0IIUkpSikpJSklay1rLWstSilKKWstay1rLWstSy1LLUspSilKKUopSikII
QghCCEoISkhSiXuOjA5RRFGEgwpbDEqKOgh7znwOe89zjjnHSoprzlrLYwyEEHwQ
a41jDHvPc89zzzoIUsuEEYQRhBGEEIQQg817zXvNhBCEEIQQhBCEEEqKWst7z3vP
e9BjDVtNIccqSDJJMgkyCUpJa0xrSlrJWoZax1KFUoRSREIIOgg6CDHHMcgxyDII
KcgxxynHKccphymGIUUhBSEFIQQgxBjEGMMYwxCDEII5xjmGMUYxRjmHOcdCBzmH
MYY5x0IIQgg5xjnGSkhKCEIIQcdByFJJUopKSUpJUopay1rLUopSilrLWstay1rL
WstSilKKUopSSVJJUolCB0IHQghKSEpIWoqDjovPcghqB4KJe88xh3PPUotKilLM
Yw1azGvPa89CiltNa89CCYQQhBBzjlrLWwxrjmNNjFGEEYQQhBCEEHvNe8x7zXwQ
hBCEEIQQhBA5yGMNe9B70HvQYw1jDQiDIYc6CSnIGQVBAzkDSYVrjGNMSolSRVJF
SgRCCDoIMcgxxzHHMccxxzGHMccxhzGHKYchhiFGIQUhBSEEIQQYwxjDGMMYgxBC
MYYxhjGFMUU5h0HHQcc5hjGGOcZCB0IHOcU5xkoISghCB0IHQcdKSVJJSklCCFKK
Wstay1KKWstay1rLWstay1qLUopSikpJSklSSUpJQgdCCEIIQghCCFqKe86LzloH
Ucd7DIQQYwuEEIQQhBCEEIQQSkmEEHvPUkmEUIQQWwt8EWMNUoqEEIQQUoqEEIxR
hFGEEYQQg9B7zXvNe82EEIQQhBCEEIQQKUVrTXvPe897z1rLSkoQgxCDQgoQQhCA
OMM4w0FFY45jTkJJSkg6BzoGOgg6CDoIMcgxyCnHMccxxzHHKccphymHKYYhRSFF
IQUhBBjEEMMYwxCCEIMQQjmGOYYxhjFFOYZBxkHHOYYxRjnHQgdCCDmGOYZCCEII
Qgg5xznHSklSSUpJQghSilrKWstSilKKUopSilKKUopSilKKUopKSUpJUkpKSUHH
QcdCCEIIQghSynvOhA+EEIQQhBCEEIQQhBCEEIQQhBCEEHvPhBCEEIQQhBCEEIQQ
hBB70IQQhBF70HvPjBCEEIQQhBCEEIQQg9CD0HvPe9B8EHwQfBB70BkEa45zz3PP
c89bDFsMCIIIhEoKEIMQgDkDMMJBRGNOY05Ci1tOW01bTTpJOggxyDHHMccpyDII
KccpxynHKccphyGGKUYhBSEFIQUYxBjDGMMQgxCDCEIxhjmGMUUxRTmGOYc5xzmG
MUU5h0HHQcc5hjmGQcdCCEIIOcc5x0pJUklKSUIIUopSilKKSklSilKKUopSilKK
UopKSUpJSklKSUpJSkk5xznHQcdCB0IHWsp7zoPPg89zjoPPg89zToQQe857jnOO
e857z3vPhBCEEIQQhBCEEIQQhBCEEIQQhBCEEIQQhBCEEIQQhBB7z3vPhBCEEIQQ
fBB8EHwPa40Qw3OOe897z3PPWwxjjgiCEMRajBjDCEE5BTEEOUZjTmNOSotbjltO
W046CTIIMccxxzHHMcgxxzHGMccxhymHKYcpRiFGIUUhBSEEIMQYwxjDEIMQggiC
OYY5hjFFKUUxhjmGOccxhilFOYZBx0HHMYYxhkIIQghCCDnHOcdKSUpJQghCCFKK
UopSikpJSklSilKKUopSikqKSopKSkpJSghKSUoIOcc5x0HHQcdBx1qKe457TTFE
MUSDzYQPSolz0EIIMgg6SUrLIYUpxlNMOggphlsMSko5x2tNhBCEEIQQhBCEEIQQ
hBB7z3uIc0dzR4PPhBCEEFKKGMNjC2MLGQNzz3PPc89zz1sMa40QghDEUowhBAiC
SopjTmNOY45jjkLLW05bTltOQkoyCDHHMccxxzHHMccxxynHKYcphymGKUYhRiEF
IQUZBRjEEIMYwxiDEIMIQjGGMUYxRTFFOYY5hznHMYYpRTmGQcc5xjGGMYZCB0IH
Qcc5xjnHQkhKSUIIQghKSVKKUopKSUpJSklSilKKUopSikpJSklCCEIIQghCCDmH
QcdBx0HHSchainuOe45BhknHe01zzzHHWw0xyCFGMgpKzCmHKchKzDJJIcdKzDJK
KcZbC3wQWwxjDHOOYwxzjoQQhBCDiHtHe0Z7zHvPg9AgxBBCMUVSSSEEc49zz3PP
a89TDGNOCIMZRmuPKYcAg0KLY45jj2OPY45Ci1tOW05bTkJJOcgxxzGHMccxxzHH
McYpxymHKYcphylGIUUhRSEFIQUYxBDDEMMQwxCCCIIxhjGFKUUpRTGGOYY5hjGG
KUUxxjnHOccxhjGGOgg6BznHOcY5x0oJSklCCUIISolSiVKKSklKSUpJUopSilKK
UopKSUpJQghCCEIIQgg5xzmHOcZBxkIGWol7jYOOQYY5RXMMYwxCCGuOIYYpxzIK
a88phzIJW046SjIJW04qCDHHWw18UFMMUwxjjVsMe9CEEIQQe4pzR2tIe4l70HvP
IMQQQikDYoo5RHOOc89zz3PPWwxjTQjDIYZrjjHIAIJCiltOY49jj2OPSstbTltO
W05CSjnIMccxxzHHMccxxzGHKYcphymHKUYhRiFFIQUhBSDEGMQYhBjDEIMQgwiC
MUYxRjFFMUU5hjmGOYcxRilFMYY5xznGMYYxRjnIQcc5xzmGOcdKSUpJQghCCEpJ
UopSikpJSklKSUpJSklKSUpJSklCCEIIQghKCUHIOYY5hjnGQcZBx1qKe457jmMM
c45zjlLLUsxbDVsOUs1bDXPQSotKi2uPY05Ki2OPUw1KiltOfBFjTkqKY05Sy3PP
hBCED3vNY0prS3vMe897z0IIEEE5g2LIWodzj3PPc89zz1MMY04IwyGHa086CQCC
QkpjTluOY45bjkJJOgg6CDoIOgc6BzHHMccxxzHHMccphymHKYcphymHKUYhRSEF
IQUhBRjEGMMYwxiDEIIIQjGGKYYpRSlFMYYxhjmHMUUxRTGGOcc5xzGGMYVBx0HH
OcYxhjnGQghKSEIIQcdKSUpJUkpKSUpJSklKSkpKSkpKSUJJQglCCEIIQghCCDGG
MYY5hznHOcdaynOOe857znvOe897z3vPe897z3vPe897z3vPe897z3vPe8+EEIQQ
hBCEEIQQhBCEEHwQfBB8EHwQfBB70HOOe897z3vPe89SihBBQYJqx3MIc45zz3PP
c89bDGNNCIMpx2uPQkkAgjpKW01bjmOOY45Ci1tOW05TTkKLOcgxxzHHMccxxynH
KcYphimHKYcpRyFGIUYhBSEFIMUYxBDDEMMQwxCDCEIxRilGKUUpRTGGOYY5hjFG
MUUxhTnHOccxRTFFOcc5xznGOcY5hkIHSkhCCDoISklKSkpJQghCCEpJSklKSUpJ
QglCCUIIOcdBx0HIOccxhjGGOYY5hkHHWotzjWMLSklbC0qJSolzjlrKc41ay3OO
WstrTmMMYwxrTWtNe897z4QQe897z3vPe897z4PPe898D3wPc897z3vPe897z3OK
YwZSQWLDawVzBnPPa89rz2vPUwxCigjDIUZCSjHHAIIpyFsNY45jTmNOQotbTltO
W05CyzHIKccxxzHHMccxxymGKYYphymHIYYhRiFFIQUhBRkFGQQQwxDDEIMQghCC
KYYpRilFKUUxhjGGMYYxRSlEMYU5xjnGMUUxRTnHOcc5hzGGMYZCCEIIQghCB0pI
SklKSUIIQghKSUpJSklKSUIIQghCCDnHOcdBxznHMUYxhjGGOcY5xlqKc01SiymH
QkoZRimHQkopx0JKKYdKyynHUwxSzEJJWwxbDGMNSotrjkpJY01KimNNWwxjTTpJ
SspSy1rLe897z3vPc41zBHMDcsNyw3LDcwdzj3OPc49rj1MMY04QgzHIa09SzAiD
OglbDWNOW05bTkKLU01TTlNNQssyCCnHKccpxzHHMccphimHKYcphymHKUYhRSEF
IQUZBBjEEMMQwxDDEIIQgjFGMUUpRSlFMUYxhjGGMUUpBTFGOYcxhilFKUU5hjnH
OYc5hjGGQcdCCEIIQchKCEpJSklCCEIIQghCSUpJSklCSEIIQgg5xznHOcc5xzGF
MYYxhjmGOYZainNOQkshhzoKIYcph0qLKcdTDCnISswxyVLNUotzz1sNUwxrz1LL
a49SzFsNQkpSzEqMa45KiltNQoo6SXPQe9B7z3NKcsNzA3LCcsNyw2tHc89rj2uP
a45SzFtNCMMyCGOOWw0AgzIJUw1bTltOW05Ci1NOW05TTkLMMgkpyCnHKccpxynH
KYcphymHKYcphiFGIUUhBSEFGQQYxBDDEMMQwxCDEEIxRilFKQQpBDFFMUUxhilF
KUQxRTmGOYYxRTFFOcY5xznGMYYxhkHIQgg6BznHQkhKSUpJQghCCUJJSklKSUoJ
QglCCEIHOcc5xznHOYcxRTFFMUY5hjmGWoprTWtOa45rjmuOa45rjWuNa45rjnPP
a45rjnPPe89zjnvPe89zjnvQa45z0HPQc9Brj2uPY05r0GOOUstzz3vPe89aR2rD
cwNyw2rDasNrB2uOa45rjmuPUsxjDRCDMglrT2NNCIMyCFMMW45bjltOQstTDVMN
U01KzDHJKccpxynIKccpxymGKYcphymGKYYhRSFFIUUZBRkFGMQQwxjEEIMQgwiC
KUUpRSEEIQQpRTFGMYYxRSkFMUUxhjGGKUUpRTGGOYYxhjFGMYY6CEIIQgg5x0II
SghCCUIIQghCCUIJQglCCUIIQghBxzmGOYdBxznGMUUxRTFFMYY5hlKKa01zjXOO
c45zjnOOc45zjnOOc45zjnvPe897z3vPe897z3vPe897z3vPe897z3vPe897z3vP
e897z3vPe897z3vPOUZqg2rDcsNqw2rDawdzj2uPa49rj1MMY00QwzpJa09rTwiE
MclTDVtOW05bTkKLQklCiUKKQkkyCCnHKccpxynHKccphimHKYcphymHIUYhRSEF
IQUhBBjEEIQQxBCEEIMQQilFKQQpBCkEMUUxRTFGKUUpBDFFMYYxRilFKUUxxjGG
MYYpRTGGOcc5xznHOcdCCEJIQgg5x0IIQghCSUIJQghCCDnHOcc5xjmGOccxhilF
KUYxRTGGOYZainNNc01zTXNOc05zjnOOc45zz3OOc45zjnOOc457z3vPe897z3vP
e897z3vPe897z3vPc897z3vPe897z3vPe89zzijDWgJqxGrDasNqw2sGa45jjmuO
a45SzFsNCIM6SmNPY04QxCnISsxbTltOW05CzELMQs1CzDqLMcgphymHKccpxymH
KYYphymGKYYphiFGIQUhBSEFIMQYxBiDGMMYwxCDEIMpRSlEKQQpBDFFMUUxRSlF
IQQpRTGFMYUpRClEMYYxhjGGKUUxhjnHOcc5xznHQghCCEIIOcc5x0IIQghCCEII
Ogc5xzHGMYYxhjmHMYYpRSlFMUUxRTGGUoprTGtNa01rTWtNc01zjnOOc45zjnOO
c45zjnOOc457z3vPe897z3vPe898D3vPc897z3vPe898D3vQe89zj3PPWwwgglqD
asNqw2rDasNrBWuOa45rjmuOWsxbTQjDQotjTmNOIUUpx1LMW05bTltNSstKzFMN
Uw1LDDIIKccxxynHKccpximGKYYphymHKYYhRiFGGUUZBRjEGMQYhBjEEIQQgxCD
KUUpRCkEIQQpRSlFKUUpBSEEKUUxhjGGKUUpRTmGMYYxhjFGMYY5xznHOcc5x0II
QghCCEHHOchCCEIJQgg6CDoIOccxxjGGMYY5hjGGKQUpBTFGMUU5hlqKa01aylKK
Ywtay2tNa05rTWMMYwxrTWtOYwxzjmtNc45zznPOc85zzmuNa45zznOOc89zz3PP
e9B7z3vPc89zzkIIMQJqw2rDasNqw2LDawVrjmuOa45rjlMMOkkxxzoIQghCSSFF
KYZKy1tNW05TTULLQstTDVMNUwwxyCmHKYcpiCnHKYchhimHKYcphymGIUUhRiFF
IQUZBBjEGMMYwxDDEMMQgylFIUUhBCEEIQQpRSlFIQQhBClFMYYxhilFKQUxhjGG
MYYxhjGGOcc5xznHMcY6BzoIOgg5yDnIOchCCEIIQgg5yDnHMYYxRjGGMYcxRikF
KQUxRTFFOYZSimNNWwwyB1LLSopSikIIUopSikqKSotKijoJa45bDEqKUstSy0IJ
SotCSjoJSosyCHOOWsxSinPPc89zz3PPc88xRUnDasJqw2rDasNqw2sFa45rj2uO
a45TDFtNY05jTltOW086S0LMQsxTTlNOU05LDELLU01TDUsNMckphymHKYcpxymH
KYYphymHKYchhiFGIUYhRSEFGQQYxBjEGMQYgxCDEIMpRCkEKQQhBClEKUUpRSFF
IQQpRDGGMUUpBCkEMUYxhjGGMUUxRTnHOcc5xznHOcg5yDnIOcg5yDoIOcg5yEHI
OccxxjGGKUUxhjGGKUUpBCkEKQUpRTGGUopjTFKKY0xSilLLY01Sy2NNUstKi0JK
QkpKi2uOUspSyWMLUspCSFLLQkk6SEqJOghrjlsMSkl7j3PPc89zz2uOIMNixmrD
aoNqw2rDYsNjBWOOY45jjmOOUstbTWOOY45jTmNOW05TDUKMU05LTlNOSw0yBkKI
SslTDDIIKYcphymHKccphyGGKYcphymHIYYhRiFGIUUhBRkFGMQYxBjEGMMQgxCD
KUQhBCEEIQQpRSlFKUUhBCEEIUQpRSlFIQQhBDFFMYUxhSlFKUUxhjnHMYcxhjnH
Ocg5xzGHMcc5xznIOcg5yDnIMYcxhilFKUUxhilFIQQpBCkEKQUxhlKKYwxjDGMM
YwxrTWtNa01rTWtNa05rTWtNa01rjWtNa0xrTGtMawxjDGLLWstay1rLY01rjlrM
c49zz3PPc89SijmFawdqw2rDasNiw2LDYsVjTmuOY45jjlMMWw1jTmNPY05jTltO
Uw1Ci1NOUw1TTUrMOcRCBEJFSssyCCHHKccpiDGIKYcphimHKYcphymHIUYhRhkG
GQUYxRjEEMQYxBjDEMMQgylFKUUhBCEEKUUpRSlFKQQhBCkEKUUpRSkFIQQxRjGF
MYUxRSlFMYY5xznGMYY5xznHOccxhznHOcg5yDnIOcgxxzGGKYYpRSlFMYYpRSEE
IQQhBClEMYZSimMMOgg6CEpJQghjDFKKUopKSVKKSkljDFrKa0xay2tNYwxrTWNM
a45jTWuOY01jTWtNa01zjnOOc49zj3OOOcdSimsGasNqw2rDYoNig2LFY05jjmOO
Y45TDFtNY45jTltOW05bTlNNQotTTlNNU01KyinFMcUyBjoJMcgphymHKYcphymH
KUYpRimGKYYpRiEGIUUhBSEFGQQYxBjEGMQQhBCDEIMpRCEEIQQhBClFKUUxRSEF
IQQpBSlFKUUhBCEEKUUpRSlFKUUpRTGGMYcxhzGGOcc5xznHOYcxhznHOcg5xznH
OccxhilFKUUpRTGGKUUhBCEEIQQpRTGGUopjDDGGMcc6CCmGOglbDTnJKYc6CSmG
Sss6CFtNOklbDToJUstCSUrKOglTDDHIOklCSjoIW01jjXPOc45rjiFFc01qxWKD
YoNig2KDWoNixmOOY45bjmOOUwxbDWNOY05bTltOW05TDkKLU05TTlNOSooxxjoH
SohSzDIJKYcphymHKYcphilGKYYphymGIUYhRiEGIQUhBRjFEMQQxBDEEIMQgxCD
KQQpBCDEIQQpBSkFKUUpBCDDIQQpRSlEIQQhBClFKYUpRSlEKUUxhjGGMYYpRjnH
MYcxxzGGMYYxxznHMccxxzGHMYYpRSFFKUUpRSkFIQQpBCkEKUQxhkqKWssxyDoJ
QotCSVLMQokyCTIJMgkyCFLMOglbDTHJSstKilLLOglCijpKUswxyDpJOkk6CFMM
a45rjmuPW00phnNNasViw2KDYoNig2KDYsdjTWOOY45jjlLMUwxbTVtNW01bTVtN
U01Ci1NNU05TDlMNOkhCiUrKUww6SCmHKYYphymHIYYhRiFGIYYhRiFGGQUZBhkF
GQUZBRDEEMQQxBDEEMMQgykEIMQhBCEEKQQpBCkFIMQgwyEEKUUpRSEEIQQpRTGG
KUUpRSlFMYY5xjGGMYYxhzGGMYcxhjGGMYYxhzGHMYYxhjGGKUUpRClFKUUhBCDE
IMQpBCEEMYZKilsLWstay1rLWwtbDFtMWwxbDFsMWw1jTWNNa45rTWtNY01jTWNN
Y05jTmNOW05jTlsNWwxjTmuPa49rj2NOSsxjjmLFWsRag1qDYoNahFsIY01jTmNO
Y05Sy0IIQkhCSUpJSklKSUqJQolTTVNOUw5LDTJKSs1LDUsNMkkhhiGGKYcphyGG
IUYhRiFGIUYhBiEGGQUZBRjFGMUYxBDEEMQQwxDDCIMhBCEDIMQgwykEIQQpRCDD
IMMgxCkFKQQgwyDDKQQpRSlFKQUpBTFGMYYxhilFKUYxhjGGMYYxhjGGMYYxhjGG
MYYxRilFIQQhBSlFKQUgwyDEIQQhBDGGUopay1KKUopSilKKUopSilLKWstay1rL
WstjC2MMYwxrTWtNa01rTWtOa41jTWuNa01rjmuOa45rjmOOa45rjmuOa45ixlrF
WoRahFqEWoVaymNOW05bTltOSsxLDFNOU01LDVMNSw1CzDqLS05TDksOSw0ySksN
Sw1LDTJKIYYhhiGGIYYhRiFGIYYhRiFGIQYZBRkFGQUZBRDEEMQQgxCDEIMQgxCD
IMQhBBjDGMMhBCEEIQQhAxjDIMQpBCEEIMMgwykEKQQpBCEEIQQpRSlFKUUpRSlF
KUUpRilGKUYpRjFHMYYxhilFKUUhRSEFIQQhBSEEGMMYwyDDIQMxhlKKUopCCEII
Qgg5xznHOcdCCEIIQkhKCEpJUklSSlKKUopSilKKUopay1sMSopSilKKUopSilKL
UstSy1LLUsxSy1LLUspSikqKSopKikqKUsxSzFLMSsxKy0KKQopKy0qLSstKy0LL
Qss6ikLLQotCi0KLMgk6i0rMSswyCSFFIUYhhiFGGUYZBSEFIQUhBSEFGQUZBRjF
GMQQxBDEEIMQgwiDEIIQgyDDGMMYwxjDGQQgxCEEGMMYwxjEIQQhBBjDGMMhBCEE
IQQhAyEEKUUpRSlFKUUpRSlFKUUpRSlFKUYpRilGKUYpBSlFIQQhBCEEIQQhBBjD
GMMYwyDDMUVSSlKKQghCCEIIKUYhBSFFKYYphjGHMccphjnHMYdCCDnHUolSilKK
UstbDDoIOgg5yEJJQklCSUpKOgg6CDoJQklCSToJQklCSkJKQkpCSUrLSotCijpJ
Okk6SDpJOgk6CTpJOkk6STIJMgkyCToJOkk6CToJMgkyCTIJKcghRSEFIQUhBRkF
GQQZBBkEGQQZBBDEGMMQxBDEEMMQgxCDEIMQgxCCCIIYwxjCGIIYgxjDIMMgwxjC
GIIgwyDEIMMYgxjDIQQhBCEEGMQgxCkEKQQhBCEEIQQhBCkEIQQhBCEEKQQpRSlF
KQUhBSEEGMMhBCEEIQQYwxjDGMQYwzFFUklSikIIQgg6CClGIUYhRimHKUYxiCmH
IUYphymHMcgph0qKUopKSkrLUwwpyDHIIYcyCDIIMgkqCSGHKcgpyDJKOkspyTJL
MkoqCTpKMclKzErMQosyCSoJIYchyBlHIYghhyGHKcghhyGHGUYhhynIIYcyCTJK
QotKzDpKGMQYwxkEGMQYxBjDGMQYxBjDGMMQgxCDEIMQgxCDEIIIgghCCEIIQghB
GIIYghhBGIIYghiCGIIYghiCGIIYgxiDGIIYghjDIMMgwyDDIMMhAyEDIMMgwyDD
IMMgxCDEIMQhBCEEIQQhBCEEIQQZBCDEGMMgxCDDGIMYwxjDGMMpRUpKUoo5xzoI
Ocg5xznIOcg5yTnJQglCCUIJQglCCUJJQklKikqKSopSy1LMQkpCSjoKOko6SjpK
OkoySTJKOks6jELNQs1LTkMOS09LTjKLSw1KzEKLOks6CiHIIcghiCoJKcgpyCnI
IcghyBmHKggqCSGHKcgyCUKLSs06ShiDGIMYwxjDEIMQghCDEIMQghCCEIIQghBC
CEIIQghCCEEIQQhBCEEIARBBEEAQQRCBEEEYQRBBGEEYQRhBGEEYQRhBGEEYgRhB
GEEYQRiBGIEYgRiBGIEYgRiBGIIYghiCGIIggiCCIIIggiCCGIIYghiCGIMYgxCC
GIIYghjCMUVSilLKSopKikqKSopKikqKUotSi1KLUotSi1KKUotSy1LLUstSy1LL
UwxazErMSsxKy0rMSsxKzErMSsxTDVNOY9Br0WwSdBJ0EnQSY9BTTlNOSw1CzEKL
Oks6SjpKOko6SjpKMkk6SjJKMkoySTJJMkkySTIJMglCi0rMOkoQQhCCEIIQgghB
CEEIQQhBCEEIQQhBAEEIQQhBCEEIQQgBCAEIAQgBCAEQQRBBEEEQQRBBEEEQQRBB
EEEQQRBBGEIYgRhBGEEYQRhBGEEYQRhBGEEYgRiBGIEYgRiBGIEYgRiBGIEYgRiB
GIEYgRiBGIEYQRhBGEEYQRhBEEEQQTEFSklSilKKUopSilKKUspSy1LLUstay1rL
WwtjDFsMWwxbDVsNWw1bTWMNY05jTWMNY01bTmNOW05jTmOPa9B0EYyTjNSEk3RS
fNR9FWPRW5BsEmPRW49TT1NOSswyCDoIOgg6SDoIOgg6STpJSs1CzULNQs0qCzrM
Qs1CzTqLEEEIARBBCEEIQQhBCEEIQQhBCAEIAQgBCAEIAQgBCAEIAQgBCAEIAQgB
EEEQQRBBEEEQQRBBEEEQQRBBEEEQQRBBEEEQQRhBGEEYQRhBGEEYQRhBGEEYgRiB
GIEYgRiBGIEYgRiBIIEggSCBIIEggRiBGEEYQRhBGEAYQRhBGEExBUpJUopSiVKK
UopSilKKUspSy1LLUstay1sLWwtjTFsMWwxbDFsNWwxbDVsNWw1jTltNW05bTltO
Y05rj3wRhJOM1JUVhNV81IUWjVd8lHyUhRWE1XyTbBFjj0sNQoxLDEsNQwxCzDrM
OowyS0sNSw1LDUsNMklCzELMQsw6ixBBEEEQQRBBCEEIQQgBCAEIAQgBCAEAAQgB
CAEIAQgBCAEIAQgBCAEIARBBEEEQQRBBEEEQQRBBEEEQQRABEEEQQRBBEEEQQRhB
GEEYQRhBGEEYQRhBGEEYQRhBIIEggSCBIIEggRiBGIEYghiCGIIYghiBGIEQQRhB
GEEYQRhBMQVSSVKKUopSilKKUopSylLKUspSy1MLUstazFsLWwxbDFsMWwxbDFsM
WwxbDFsNWw1jDWNNY01jTmNOa4+EUozUlRadVo0VfNSNFZWWhNWE1JVWjRWE1HxS
a9FTT0LMUw1TDUsNSw1LDUMNMkpLDUsNSwxLDDpKKgkqCCnIKcgQQhBBCEEIQQhB
CEEIAQgBCAEIAQgBAAEIAQgBCAEIAQgBCAEIAQgBCAEYQRBBEEEQQRBBEEEQgRBB
EEEQQRBBEEEQQRBBEEEQQRBBEEEQQRBBGEEYQBhAGEEYQRhBGIEYgRiBGIEYgRiB
GIEYgRiBGIEYgRiBGEEQQBhBGEEYQTFFSklKSkpJSklSiVKKUopSilLLUstSy1LL
UstSy1LLUstSy1LMWsxbDFsMWwxbDFsNWw1bTVtOY450EXQRfFOM1JUVlVaNFYST
jNWNFoTUhJSNFY0VhNR0UmvQUw1Ci0sNSwxLDUsNSw1LDTJKSwxLDErMSswySkLM
QsxCzEKMEIIIQQgBCAEIQQhBCAEIAQgBCAEIAQgBCAEIAQgBCAEIAQgBCAEIAQgB
EEEQQRBBEEEQQRBBEIEQQRBBEEEQQRBBEEEYQhhBGEEYQRhBGEEYQhBBGEIQQRBB
EEEQQRhCGEEYgRiBGIEYgBiBGIEYgRiBGIEYQRhBEEEYQRhBGEEgwzmGOcY5xjnG
OcY5xzFFMUUgwykEQghKSUpJUolKSUIIQghKSUpIQklKilLLUspSy1LKSklSSVKJ
c457z3wPfBCEUIRRdBBrz3xRhJJ0EGvPfBBrjltNWwxSy0KKQopLDEsMSsxKzErM
Ssw6CUrMSstKy0rKOkhCikrLQopCiRCDCEEIQQhBCEEIQQgBCAEIAQgBCAEIAQgB
CAEIAQgBCAEIAQgBCAEIARBBEEEQQRBBEEAQQRBBEEEQQRBBEEEQQRBBEEEQQRBB
GEEYQRhBGEEYQRhBGEEYQRBBGEEYQhhBGEEYQRhBGIEYQRiBGIEYgRiBGIEYgRiA
GIEYQRhBEEEIAQgBCAEIAQgBCAEIAQgBAAEIARABCAEIAQgBCAEIQQgBCAEIQQhB
CEEIQQhBEEEQQRiCIMMgwykEIQQhBCEEIQQhBCEEIQQhBCEEIQQYwxjDGMMQghjD
GMMYwxiCEIIQghCCEEIQgRBBEEEIQQhBCEAIQQhBCEEIQRBCEEIIQQgBCAEIAQhB
CEEIAQgBCAEIAQgBCAEIAQgBCAEIAQgBCAEIAQgBCAEQQRBBEEEQQRBBEEEQQRBB
EEEQQRBBEEEQQRBBEEEQQhBBEEEQQRBBGEEQQRhBGEEYQRhBGEEYQRiBGEEYgRiB
GEEYgSCBGIEYgRiBIIEggRiBGIEYQRBACAEIAQgBCAEIAQgBCAEIAQgBCAEIAQgB
CAEIAQgBCAEIAQgBCAEIAQgBCAEIAQgBCAEIAQgBCAEIAQgBCAEIAQgBCAEIAQgB
CAEIAQgBCAEIAQgBCAEIAQgBCAEIAQgBCAEIAQgBCAEIAQgBCAEIAQgBCAEIAQgB
CAEQARBBEEEIQAhBCEEIQQhBCEEIQQgBCAEIAQgBCAEIAQgBCAEIAQgBCAEIAQgB
EEEQQRBBEEEQQBBAEEAQQRBBCEEQQRBBEEEQQRBBEEEQQRBBEEEYQRhBGEIYQRhB
GEEYgRiBGIEYQRhBGIEYgRiBGIEYgRiBGIEggSCBIIIggSCBIIEgQRhAGEEQQRBB
EAEQARABEAEQARABEAEQAQgBCAEQAQgBCAEIAQgBCAEIAQgACAAIAQgBCAEIAQgB
CAEIAQgBCAEIAQgBCAEIAQgBCAEIAQgBAAEIAQgBCAEIAQgBCAEIAQgBCAEIAQgB
CAEIAQgBCAEIAQgBCAEIAQgBCAEIAQhBCEEIQQhBCEEIQQhBCEEIAQgBCAEIAQAB
CAEIAQgBCAEIAQgBCAEIARBBEEEQQRBBEEEQQRBBEEEQQRBBEEEQQRBBEIEQQBBB
GEEYQRhBGEIYQRhBGEEYQRiAIIEYgRiBGIEYgRiBGIEYgRiBGIEYgCCBIIEggSCB
IIIggSCBGIEYQRhBGEEYQRhBGEEYQRhBGEEQQRhBGEEYQRhBGEEYQRhBGEEYQRhB
GEEYQBhAGEEYQRiBGEEYQRhBGEEYQRhBGEEYQRhBGEEYQRhBGEEQARBBEEEQQRBB
EEEQQRBBEEEIQRBBEEEQQRBBEEEQARABEAEQARABCAEIAQhBCEEQQRBBEEAQQQhB
CEEIQQhBCEEIAQgBCAEIAQgBCAEIAQgBCAEIAQgBCAEQQBBBEEEQQRBBEEEQQRBA
EEEQQRBBEEEQQRBBGEEYQRhBGEEYQRhCGEEYQRhBIEEYQRiCGIEYgRiBGIEYgRiB
IIEggSCBIIEggRiBGIEYgRiBGIAYgRiBGIEYgSCBIIEggRiBGIEYQRhBGEEYQRhB
GIEYgRiBGIEYgRiBGIEYgRiBGIEggSCBIIEggSCBIIEggSCBIIEggSCBIIEggSCB
GIEYgRiBGIAYgRiBGIEYgRiBGEEYQRBAGEEYQRhBGEEYQRhBEEEQQRBBEEEQQRBB
EEEIQRBBEEEQQRAAEEEQQQhBCEEIQQhBCEEIAQgBCAEIAQgBCAEIAQgBCAEIAQgB
EEEQQRBBEEEQQRBBEEEQQRBBGEEYQRhBGEEYQRhBGEEYQRhBGEEYQRhBGEEggRiB
GIEYgRiBGIEYgRiCGIEggRiBGIEYgRiBGIEYgRiBGIEYgRiBIIEggSCBIIEggSCB
IMEggSCBIEAggSCBIIEggSCBIIEggSCCIIIggiCCIIEggSCBIIEggSCBIIEggSCB
IIEggRiBIIEggSCBIIEggSCBIIEYgRiBGIEYgRiBGIEYgRiBGIEYgRiBGIEYgRiC
EIEYgRiBGIEYgRiBGIEYgRiBGEEQQRBACEEIQRABEEEIQQhBCEEIAQgBCAEAAQgB
CAEIAQgBCAEIAQgBCAEIARhBEEEYQRBBEEEQQRBBEEEQQRhBGEEYQRBBEEEQQRBB
EEEYQRhBGEEYQRhBGIEYgRiBGIEYgRiBGIEYgRiBGIEYgRiBGIEYgRiBGIEYgSCB
IIEggSCBIIEggSCBIIEggSCBIIEggSCBIIEggSCBIIEowSCBKIEogiDCKMIggiCC
IIIggiCCIIIggiCCIIIggSCBIIEggSCBGIEYgRiBGIEYgRiBGIEYgSCBIMEggSCC
IIIgghiCGIEYgRiBGIEYgRiBGIEYgRiBEIEYgRiBGIEYgRCBEEEQQRBBEEEIQQhB
CAEIAQgBCAEIAQgBAAEIAQgBCAEIAQgBCAEIAQgBCAEQQRhBGEEYQRhCEEEQQRBB
EEEYgRhBGEEYQRhBGEEYQRhBGEEYQRhBGIEYgRiBGIEYgRiBGIEYgRiBGIEYgSCB
IIEggSCBIIEggSCBIIEggSCBIIEggSCBIIEggSCBIIEggSCBIIEggSCBIIEggSCB
IIEggSCBIIEggiCCIIIggiCCIIIggiCBIIEggSCBIIEggiCCIIIggiCCIIEYgRiB
GIEggRiBGIEYgRiBGIEggiDCIIIgghhBGIEYgRiBGIEYgRiBGIEYgRiBGIEYgRiB
GIEQQRBBCEEQQRBBEEEQQQgBCAEIQQgBCAEIAQgBCAEIAQgBCAEIAQgBCAEIAQgB
EEEQgRBBEEEQQRhBGIEQQRBAEEEQQRBBEEEQQRBBEEEYQRhBGEEYQRiBGIEYghiB
GIEYgSCBGIEYgRiBGIEYgSCBGIEYgRiBGIEggRiBIIEggSCBIIEgwSCBIIEggSCB
IIEggiCCIIIggiCBIIEgwSDCIMIggiCCIIIggiiCIIIggiCCIIIggiCCIIEggSCB
IIEggSCBIIEYgRiBGIEYgRiBGIEYQRiBGIEYgRiBGIEYgRiBGIEYQRiBGIEYgRiB
GIEYgRiBGIEYgRiBGIAYgRBBEEEQQRBBEEEQQQhBCEEIQQgBCEEIAQgBCAEIAQgB
CAEIAQgBCAEIAQgBCAEIARBBEEEQQRBBEEEQQRCBEEEQQRBBEEEQQRhBGEEYQRhB
GEEYQRhBGIEYgRiBGIAYgRiBGIEYgRCBGIEYghiBGIEggSCBIIIggSCBIIEggSCC
IIEggSCBIIEggSCBIIEggSCBIIEggSCBIIEggSCBIIEggSCBIIIggiCCIIEggiCC
IIIggiCCIIIggSCCIIIggiCCIIIggSCBIIEggRiBGIEYgRiBGIEYgRiBGIEYgRiB
GIEYgRiBGIEYgRiBGIEYgRiBGIEYgRiBGIEYgRiBEIAQgRBBEEEQQRBBEEEQQRBB
CEEIQQhBCAEIAQgBCAEIAQgBCAEIAQgBCAEIAQgBCAE=
END m9
frame   126 :  a closed book +7.94*  an opened book +0.54   led 255/  0 h1.00 lvl+4.24   MATCH a closed book (cos -0.070)
frame   127 :  a closed book +7.49*  an opened book +0.76   led 255/  0 h1.00 lvl+4.12   MATCH a closed book (cos -0.073)
frame   128 :  a closed book +7.59*  an opened book +1.02   led 255/  0 h1.00 lvl+4.30   MATCH a closed book (cos -0.068)
frame   129 :  a closed book +8.24*  an opened book +1.21   led 255/  0 h1.00 lvl+4.72   MATCH a closed book (cos -0.062)
frame   130 :  a closed book +8.29*  an opened book +1.50*   led 255/  0 h1.00 lvl+4.89   MATCH a closed book (cos -0.066)
frame   131 :  a closed book +8.04*  an opened book +1.58*   led 255/  0 h1.00 lvl+4.81   MATCH a closed book (cos -0.069)
frame   132 :  a closed book +8.34*  an opened book +1.38*   led 255/  0 h1.00 lvl+4.86   MATCH a closed book (cos -0.064)
enrol     : a closed book, level +4.34 (20 frames)
enrol     : 2 classes, nearest pair 2.50 apart, absent beyond 5.00 (2.0 sep)
frame   133 :  a closed book +8.00*  an opened book +1.37*   led   2/179 h0.10 b0.95 lvl+4.69 d0.10   MATCH a closed book (cos -0.070, nearer by 1.99)
frame   134 :  a closed book +8.24*  an opened book +1.44*   led   0/212 h0.05 b0.97 lvl+4.84 d0.05   MATCH a closed book (cos -0.065, nearer by 2.23)
frame   135 :  a closed book +7.85*  an opened book +1.29*   led   2/166 h0.12 b0.94 lvl+4.57 d0.12   MATCH a closed book (cos -0.071, nearer by 1.88)
frame   136 :  a closed book +7.89*  an opened book +1.24*   led   1/183 h0.10 b0.95 lvl+4.57 d0.10   MATCH a closed book (cos -0.068, nearer by 2.02)
frame   137 :  a closed book +8.37*  an opened book +1.86*   led   3/158 h0.14 b0.93 lvl+5.11 d0.14   MATCH a closed book (cos -0.062, nearer by 1.82)
frame   138 :  a closed book +8.54*  an opened book +2.00*   led   2/164 h0.13 b0.94 lvl+5.27 d0.13   MATCH a closed book (cos -0.064, nearer by 1.87)
frame   139 :  a closed book +8.59*  an opened book +1.79*   led   0/213 h0.05 b0.97 lvl+5.19 d0.05   MATCH a closed book (cos -0.065, nearer by 2.23)
frame   140 :  a closed book +8.55*  an opened book +1.77*   led   1/208 h0.06 b0.97 lvl+5.16 d0.06   MATCH a closed book (cos -0.066, nearer by 2.20)
frame   141 :  a closed book +8.38*  an opened book +1.67*   led   1/194 h0.08 b0.96 lvl+5.03 d0.08   MATCH a closed book (cos -0.067, nearer by 2.10)
frame   142 :  a closed book +8.19*  an opened book +1.77*   led   4/145 h0.16 b0.92 lvl+4.98 d0.16   MATCH a closed book (cos -0.068, nearer by 1.71)
frame   143 :  a closed book +8.35*  an opened book +2.06*   led   6/124 h0.20 b0.90 lvl+5.21 d0.20   MATCH a closed book (cos -0.065, nearer by 1.50)
frame   144 :  a closed book +8.91*  an opened book +2.12*   led   0/209 h0.06 b0.97 lvl+5.51 d0.06   MATCH a closed book (cos -0.060, nearer by 2.20)
frame   145 :  a closed book +8.32*  an opened book +1.30*   led   0/253 h0.00 b1.00 lvl+4.81 d0.01   MATCH a closed book (cos -0.071, nearer by 2.50)
frame   146 :  a closed book +8.32*  an opened book +1.36*   led   0/248 h0.01 b1.00 lvl+4.84 d0.01   MATCH a closed book (cos -0.066, nearer by 2.46)
frame   147 :  a closed book +9.18*  an opened book +1.71*   led   0/218 h0.00 b0.93 lvl+5.45 d0.14   MATCH a closed book (cos -0.056, nearer by 2.50)
frame   148 :  a closed book +9.23*  an opened book +1.90*   led   0/229 h0.00 b0.95 lvl+5.56 d0.10   MATCH a closed book (cos -0.062, nearer by 2.50)
frame   149 :  a closed book +6.18*  an opened book +0.21   led  12/ 85 h0.29 b0.86 lvl+3.19 d0.29   MATCH a closed book (cos -0.098, nearer by 1.05)
frame   150 :  a closed book +3.42*  an opened book -0.82   led 114/  7 h0.78 b0.89 lvl+1.30 d0.22   MATCH an opened book (cos -0.118, nearer by 1.40)
frame   151 :  a closed book +2.16*  an opened book -1.01   led 233/  0 h1.00 b0.96 lvl+0.58 d0.08   MATCH an opened book (cos -0.113, nearer by 2.50)
frame   152 :  a closed book +1.88*  an opened book -0.56   led 182/  0 h1.00 b0.86 lvl+0.66 d0.29   MATCH an opened book (cos -0.107, nearer by 2.50)
frame   153 :  a closed book +1.30*  an opened book -0.90   led 166/  0 h1.00 b0.82 lvl+0.20 d0.35   MATCH an opened book (cos -0.113, nearer by 2.50)
frame   154 :  a closed book +1.10  an opened book -0.66   led 140/  0 h1.00 b0.76 lvl+0.22 d0.48   MATCH an opened book (cos -0.108, nearer by 2.50)
frame   155 :  a closed book +1.34*  an opened book -0.72   led 157/  0 h1.00 b0.80 lvl+0.31 d0.39   MATCH an opened book (cos -0.111, nearer by 2.50)
frame   156 :  a closed book +1.26*  an opened book -0.44   led 137/  0 h1.00 b0.75 lvl+0.41 d0.49   MATCH an opened book (cos -0.107, nearer by 2.50)
frame   157 :  a closed book +1.38*  an opened book -0.54   led 149/  0 h1.00 b0.78 lvl+0.42 d0.43   MATCH an opened book (cos -0.110, nearer by 2.50)
frame   158 :  a closed book +1.45*  an opened book -0.27   led 137/  0 h1.00 b0.75 lvl+0.59 d0.49   MATCH an opened book (cos -0.107, nearer by 2.50)
frame   159 :  a closed book +0.61  an opened book -1.03   led 133/  0 h1.00 b0.74 lvl-0.21 d0.51   MATCH an opened book (cos -0.117, nearer by 2.50)
frame   160 :  a closed book +0.10  an opened book -1.41   led 126/  0 h1.00 b0.73 lvl-0.66 d0.55   MATCH an opened book (cos -0.115, nearer by 2.50)
frame   161 :  a closed book +0.04  an opened book -1.48   led 126/  0 h1.00 b0.73 lvl-0.72 d0.55   MATCH an opened book (cos -0.114, nearer by 2.50)
frame   162 :  a closed book +0.29  an opened book -1.24   led 127/  0 h1.00 b0.73 lvl-0.47 d0.54   MATCH an opened book (cos -0.111, nearer by 2.50)
frame   163 :  a closed book +0.59  an opened book -0.84   led 121/  0 h1.00 b0.71 lvl-0.12 d0.57   MATCH an opened book (cos -0.108, nearer by 2.50)
frame   164 :  a closed book +1.10  an opened book -0.33   led 122/  0 h1.00 b0.71 lvl+0.38 d0.57   MATCH an opened book (cos -0.105, nearer by 2.50)
frame   165 :  a closed book +1.22  an opened book -0.64   led 145/  0 h1.00 b0.77 lvl+0.29 d0.45   MATCH an opened book (cos -0.112, nearer by 2.50)
frame   166 :  a closed book +1.53*  an opened book -0.11   led 132/  0 h1.00 b0.74 lvl+0.71 d0.52   MATCH an opened book (cos -0.104, nearer by 2.50)
frame   167 :  a closed book +1.56*  an opened book -0.02   led 129/  0 h1.00 b0.73 lvl+0.77 d0.53   MATCH an opened book (cos -0.107, nearer by 2.50)
frame   168 :  a closed book +1.13  an opened book -0.39   led 126/  0 h1.00 b0.73 lvl+0.37 d0.55   MATCH an opened book (cos -0.112, nearer by 2.50)
frame   169 :  a closed book +1.03  an opened book -0.56   led 130/  0 h1.00 b0.74 lvl+0.23 d0.53   MATCH an opened book (cos -0.111, nearer by 2.50)
frame   170 :  a closed book +0.98  an opened book -0.28   led 113/  0 h1.00 b0.69 lvl+0.35 d0.62   MATCH an opened book (cos -0.107, nearer by 2.50)
frame   171 :  a closed book +0.59  an opened book -0.86   led 122/  0 h1.00 b0.72 lvl-0.13 d0.57   MATCH an opened book (cos -0.115, nearer by 2.50)
frame   172 :  a closed book +0.53  an opened book -0.97   led 125/  0 h1.00 b0.72 lvl-0.22 d0.55   MATCH an opened book (cos -0.112, nearer by 2.50)
frame   173 :  a closed book +0.56  an opened book -1.01   led 129/  0 h1.00 b0.73 lvl-0.22 d0.53   MATCH an opened book (cos -0.112, nearer by 2.50)
frame   174 :  a closed book +0.42  an opened book -1.09   led 125/  0 h1.00 b0.72 lvl-0.33 d0.55   MATCH an opened book (cos -0.112, nearer by 2.50)
frame   175 :  a closed book +0.58  an opened book -0.76   led 117/  0 h1.00 b0.70 lvl-0.09 d0.60   MATCH an opened book (cos -0.108, nearer by 2.50)
frame   176 :  a closed book +0.87  an opened book -0.58   led 122/  0 h1.00 b0.72 lvl+0.15 d0.57   MATCH an opened book (cos -0.108, nearer by 2.50)
frame   177 :  a closed book -0.09  an opened book -1.27   led 108/  0 h1.00 b0.68 lvl-0.68 d0.64   MATCH an opened book (cos -0.117, nearer by 2.50)
frame   178 :  a closed book -0.40  an opened book -1.72   led 115/  0 h1.00 b0.70 lvl-1.06 d0.60   MATCH an opened book (cos -0.117, nearer by 2.50)
frame   179 :  a closed book -0.39  an opened book -1.77   led 119/  0 h1.00 b0.71 lvl-1.08 d0.59   MATCH an opened book (cos -0.114, nearer by 2.50)
frame   180 :  a closed book -0.22  an opened book -1.47   led 112/  0 h1.00 b0.69 lvl-0.85 d0.63   MATCH an opened book (cos -0.111, nearer by 2.50)
frame   181 :  a closed book -0.80  an opened book -1.74   led  97/  0 h1.00 b0.64 lvl-1.27 d0.71   MATCH an opened book (cos -0.116, nearer by 2.50)
frame   182 :  a closed book -0.78  an opened book -1.48   led  86/  0 h1.00 b0.61 lvl-1.13 d0.78   MATCH an opened book (cos -0.111, nearer by 2.50)
frame   183 :  a closed book -1.07  an opened book -1.54   led  76/  0 h1.00 b0.58 lvl-1.30 d0.84   MATCH an opened book (cos -0.114, nearer by 2.50)
frame   184 :  a closed book -0.50  an opened book -0.95   led  76/  0 h1.00 b0.58 lvl-0.72 d0.85   MATCH an opened book (cos -0.107, nearer by 2.50)
frame   185 :  a closed book -0.24  an opened book -0.87   led  83/  0 h1.00 b0.60 lvl-0.55 d0.80   MATCH an opened book (cos -0.110, nearer by 2.50)
frame   186 :  a closed book +0.76  an opened book -0.29   led 102/  0 h1.00 b0.66 lvl+0.24 d0.68   MATCH an opened book (cos -0.105, nearer by 2.50)
frame   187 :  a closed book +1.78*  an opened book -0.68   led 183/  0 h1.00 b0.86 lvl+0.55 d0.28   MATCH an opened book (cos -0.113, nearer by 2.50)
frame   188 :  a closed book +2.09*  an opened book -0.50   led 192/  0 h1.00 b0.88 lvl+0.79 d0.24   MATCH an opened book (cos -0.108, nearer by 2.50)
frame   189 :  a closed book +1.15  an opened book -0.35   led 125/  0 h1.00 b0.72 lvl+0.40 d0.55   MATCH an opened book (cos -0.108, nearer by 2.50)
frame   190 :  a closed book +1.97*  an opened book +0.60   led 118/  0 h1.00 b0.71 lvl+1.28 d0.59   MATCH an opened book (cos -0.099, nearer by 2.50)
frame   191 :  a closed book +1.79*  an opened book +0.55   led 112/  0 h1.00 b0.69 lvl+1.17 d0.63   MATCH an opened book (cos -0.106, nearer by 2.50)
frame   192 :  a closed book +2.95*  an opened book +0.34   led 193/  0 h1.00 b0.88 lvl+1.64 d0.24   MATCH an opened book (cos -0.108, nearer by 2.50)
frame   193 :  a closed book +2.11*  an opened book -1.44   led 234/  0 h0.97 b0.99 lvl+0.34 d0.03   MATCH an opened book (cos -0.125, nearer by 2.37)

enrol     : the next 20 frames are 'an opened book'. HOLD THE SCENE STILL until it lands.
frame   194 :  a closed book +0.60  an opened book -3.47   led 138/  4 h0.83 b0.91 lvl-1.44 d0.17   MATCH an opened book (cos -0.134, nearer by 1.64)
frame   195 :  a closed book +1.48*  an opened book -1.55   led 222/  0 h1.00 b0.94 lvl-0.04 d0.12   MATCH an opened book (cos -0.100, nearer by 2.50)
frame   196 :  a closed book +2.88*  an opened book +0.62   led 169/  0 h1.00 b0.83 lvl+1.75 d0.34   MATCH an opened book (cos -0.091, nearer by 2.50)
frame   197 :  a closed book +4.37*  an opened book +1.91*   led 183/  0 h1.00 b0.86 lvl+3.14 d0.28   MATCH an opened book (cos -0.092, nearer by 2.50)
frame   198 :  a closed book +3.52*  an opened book +0.84   led 198/  0 h1.00 b0.89 lvl+2.18 d0.22   MATCH an opened book (cos -0.112, nearer by 2.50)
frame   199 :  a closed book +2.61*  an opened book +0.28   led 174/  0 h1.00 b0.84 lvl+1.44 d0.32   MATCH an opened book (cos -0.110, nearer by 2.50)
background: after 30 frames (frozen, room spread), this room reads  an opened book -0.108 +-0.0037 (COCO -0.151 +-0.0303)  a closed book -0.100 +-0.0040 (COCO -0.159 +-0.0351)
frame   200 :  a closed book +2.00*  an opened book +0.18   led 144/  0 h1.00 b0.77 lvl+1.09 d0.46   MATCH an opened book (cos -0.108, nearer by 2.50)
frame   201 :  a closed book +1.18  an opened book +0.38   led  90/  0 h1.00 b0.62 lvl+0.78 d0.75   MATCH an opened book (cos -0.105, nearer by 2.50)
frame   202 :  a closed book +1.80*  an opened book +0.29   led 126/  0 h1.00 b0.73 lvl+1.04 d0.55   MATCH an opened book (cos -0.107, nearer by 2.50)
frame   203 :  a closed book +1.76*  an opened book +0.30   led 123/  0 h1.00 b0.72 lvl+1.03 d0.56   MATCH an opened book (cos -0.106, nearer by 2.50)
frame   204 :  a closed book +3.17*  an opened book +1.23   led 150/  0 h1.00 b0.79 lvl+2.20 d0.43   MATCH an opened book (cos -0.097, nearer by 2.50)
frame   205 :  a closed book +4.68*  an opened book +3.09*   led 130/  0 h1.00 b0.74 lvl+3.89 d0.53   MATCH an opened book (cos -0.084, nearer by 2.50)

snapshot  : frame 206, mean RGB 70 64 61
BEGIN m9 128 128 32768 eb6d9d0e
QcY5hikFKUU5xznHOYYxRTFFQcdCB0HGMUU5x0JISkhCB0IHSkhSiVKKUstCyzLN
Ms0yzTKNQs1jTWtNc41zjXONc81zzXPNe857znvOe858DnvOe897z3vPfA+ED4QP
hA+ED4QPhA98DnPOe857znwOhA+ED4QPhFCMUIRQe89rjnPPfA97z3PPa41zz3QP
c89rjmuOc89zz2uOa45zznPOa45rjWuNa41rjWuNa41rjWNMWwtTC1sLY0xjTGuN
a41rjWuNa41jjWONY01bTVtNW0xCiUKJQoljTFtMW0xbTFtMW0xbTFtMU0tTS1NM
SwxLDELLOkk6SDpIOkg6SEHHOYYpRTFFQcdBxznGMYUxRUHHQcdBxzFFOcZCCEpI
QgdCB0pIUslSylLKQosyjTKNMo0yjErNY01rTXONc41zjXONc41zzXvOe85zjVKJ
e85zjXvOe857znvPfA+ED4QQhA+ED4QPhE+ED4QPe85zznPOhBCEUIRQhFCMUIRQ
c897z3vPe89zzmuNc85zz3PPa45rjnPPc89rjmuOa45rjmuOY01jTWtNa41rjWNN
W0xTDFsMY0xrjWuNa41rjWuNa41jjWONY41bTFNMSspLCkrLQopTC1MMW01bTFtM
W0xbS1tLW0tbTFNMUwxTDFMMSwtCyjpJOkg6CDoIOghBxjmGKUQpRDnHOcY5xjFF
MUVBx0nIQcYxRTnGQgdKSDoHOcdCCFKKUopSijIIKggqCTJKMotKzFtNa05zjXON
c41zjXPMc817zXvNUslKSHvOOgd7znvOe85zjnvOe897z4QPhA+ED4QPhA+ED4QP
e897z3vPhA+EUIRQjFCMUIQQe897z3PPc45rjXPOc89zz2uOa45zj3PPa45jTWuO
a01rTWtNa0xrTWtNYwxbC2NMY0xrTGuNa41rjWuNa41jjWONY01bDErKUwtKy0rL
W01bTVtNW01bTFtMW0xbTFtMW0xbTFNLWwxTDFMMUwxLDEsMQss6SToJOcg6CDoI
QcdBxjEEMUVBxzmHMYYxRTFFOcdBxznHKUU5h0IISkg6BznHQkhSilKKUokhAxjD
GQMZRSnHUsxrTWtNc41zjXONc41zjXPNe817znOOUoljDDnGc457znONKURKSGtM
c818D4QPhBCED4RQhBCEEIQQhBCED3wPhA+EEIQQhFCMUIRQhBB7z3OOa41zznPP
c89jjWuOc89zzmuOa41rjWtNa01rTWtNYwxbDFtMY0xjTWtNa41rjWuNa41rjWNM
Y0xTC0rKUstbC1tNW01jTVtNW0xbTFMLSspbTFtMWwxbDFtMW0tbDFsMWwxTDFMM
UwxLDELLOkk6CDoIOgg6CEHGOYYpBClEQcdBxzmGMUUxRUHIQcg5xzFFOYZKCEoJ
QchBx0pIUolSiVKJKUQhAyFFIUUxx1LLa01rTXONc41zjXONc41zzXvOe817zXvO
c45jTHPOe85zjTGGKUU5hjmGc42ED4QPhBCEEIQQhBCEEIQQhBCED3vOe8+ED4wQ
jFCMUIxQe89zjmtNc45zz3PPa45rjnPOc85rjmuNa01rTWtMY0xjC0pJWwtjTGOM
a41rjWuNa41rjWNMWwtbC1LLWwxjTWNNY01jTVtMUstbDErKUwxbTFtMY0xbTFtM
W0xbTFtLUwxTTFMMSwxTDEsLUwxCizoJOgg5yDHIMcg5xzmHKQUxRUHHOcc5hjFF
MUVBx0HHOYcxRTmHSghKCEHHQcdKCFJJWolSSUnHOYc6CDoIUspbDGtMa01zjXON
c41zjnONe417zXvNe857znvOe897znvOe85jDDnGOcYxhXONc417zXONg8+ED4QP
hBCEEIQQhBCEEHvPe86ED4xQjFCMUIQQe85zjXvOc85zzmuNa45zjnOOa41rjGuM
a4xrTFsLYwtjS2tMa41rjWuNa41rTWtNWwtSy1sMY01jTWNNY01bC1LKUspbC1tL
W0xbTFtMW01bTFtMW0xbTFNMU0xTTFNMU0xTDFMMSwxSzFLMSos6CDnIMccxxzHH
OcY5hikEMUVBxznGMYYpRTFFOcdBxznGKUU5xkIISgg5xjnHQghKSUpJUolKSUII
QolCiVtMY0xrTWtNc41zjXONc41zzXPNc817zXvNe857znvOe857znvOe89zz2tN
UolzjnONg89SiXvOa4yED4QPjBCEEIQRjFCEEIQPe86ED4xQjFCMUHvPc457znvO
e85zjXOOc45zjmtNa01rTWtNWstbDGNMa41rjWtNa01rTWtNWwxTC1sLY0xjTWON
WwxSy1MLQopTC1tMY0xjTWNNWwxTC1MMSspTTFtMW0xbTFtLW0xbDFsMUwtTC1ML
UsxSy0KLOgg5yDHHMccxh0GGOYYxRDFEOcc5xzmGMUUxRUGHQcdBxjFFOYZCCEJI
Occ5x0IISklSSVKKUsxSzVKMSotjTGNMa0xrTHONc4xzjHONc41zzXPOe85zzXPN
c417jXvOe857znvOe857znvOe897z3OOSklrTVJJc02ED4QPhFCEUIRQjFCEUIQP
fA6ED4xQjFCEEHOOe897z3vPa41zjXONc4xzjGtNa01jTWMMY01rTWtNa41rjWNM
WwxbDGMMY0xjTGNMWwtbC1LKW0xjTWNNY01jTVsLUspaylLKUspSy1MLW0xbTFtM
W0xbTFtMWwxbDFMMUwxTC0rMSstCizIIMccxximGMYY5xjmGKQQpRDnGOcYxxTFF
MUVBx0HHOYYpRTnGQghKCDnHOcdCCEpJSolSilMMUwtTDFLLY01jTWtNa4xzjXON
c41zjXONc41zzXPNe81zzWNLa41zjnPOc857znwOfA6ED4QPhA98D3vPc45SinPO
a0x7znvOhE+EUIRQjFCMUIQQhA+ET4xQjFB7znvOe857znONc41zjHOMc4xrjGOM
Y0xrjGtNa01rTWtNa01Sy2MLa0xjjGNMWwtbDFsMYwxjTGtNY0xbC1KKSspCiUKK
UwxbDFtMW0xbTFtMW0xbTFtMW0tbC1sLUwxTC1MLUwtLC0rLSsoyBznHMYYphimG
Occ5xilEMUU5xznGMYYxRTFEQcdBxzmGKUU5hkIIQgc5xjnGQgdKSEpIUolbDFsM
Wwxay2tNa0xrTGuMc41zjXOMc4xzjXONc81zzXPNe817zXPNc81zjWuMc81zzXvO
fA58D4QPhA+ED4QPhA+ED3vOYwtaynvOfA6ET4RPjFCMUIRPhA+ED4xQhA97znvO
e85zjXPNc41zjGuMa0xrTGuNa01rTWtNa01bDFsMY01jTGNMWwtSylsLa41jTWNN
WwxbDDpJSopSy1tMW0xbjFtMW0xbTFtMSspbTFtMW0xbTFtMWwtTC1MLUwtTC0sL
SwtKykrLMccxxzGGKYYphjmGOYYpBSkEOcY5xjnGMUUxRUHHQcc5hjFFOcZCB0oI
OYc5h0HISglKSVqKYwxjDGMMWstrTGtMa01rTHONc41zjHONc41zjXPOc81jC2tM
c41zznvOe857zXvOe41rTHvOe86EDoQPhA+ED4QPhA98D2uMWwpSiFrKhA6MD4xQ
jFCMUIQQhA6MT4RPfA5zznPOc45zjXONa41rjWtMa0xrTWtNa0xjDGMMY0xjTWNM
WwtbC1sMY01rTWNMWwtKiUqKWwxbC2NMY01jTFsMUwtSy0KJUwxSy1MLW0xbTFtM
W0xbS1NMUwxTDFMLUwtKy1MLSstKyzHHKYYphSlFKUU5hjmGKUQxRUHHOcY5hTFF
MUVBx0HHOYYxRDmGQgdCBznGMcZBx0oISghaimsNY01jDVsMY01rTGtMa0xzjXON
c41zjXONc41zjnuOWopay1rLa0xzjXONc817znvPe857znvOe417znvOhA6ED4QP
hBCED3vOa41aylrKhA+MD4xPjE+MUIQPjFCMUIQOc81zzXPNc81zzWuNa4xrjGuN
a41jTVrLWstrTWtMYwtaymMLY0xjTWNMY0xbC1LKUwtjTGNMY0xbS1sKSslKylMK
SspTDFtMW0xbTFtMW0xbTFtMW0xTS1MLUwtTC1MLUwtTC0rLSssxxynGKUUpRSlF
OYc5hikFKUU5xznHOYYxRTFFOcZBxzmFMQQ5hUHHQgc5hjmGOcdKCEoIWopjTGNN
YwxbC2tMa0xrTGtMc4xzjXONc41zjXONc41zzXONa41rTGuNc4xrjGtLe817zXvO
g86DzoQPe857joPOe86ED4QPhA+EEIQPc41jC2tLa0yED4xQjFCEEIQPhA+EDnvN
e817zXvNe81zTGuNa4xrjGuMYwtjCmtMY0xbDFsLY0xrTWtNWstbC1sMY0xjjWNN
Y0xjC1sLUspTC1LLWwxjTVtMW0xbTFNLU0tTC1tMW0xTTFNMWwxTC1MLUwtTC0sL
UwtKykrKMccphilFKUQpRTmHOYYxBSkFQcc5hzmGMUUxRTnHQcc5hilFOYdBx0HH
OYY5hTnGScdCB0IHY0xjTGNMYwtrTGtMa0xrTHOMc4xzjXONc41zjnuNe41zjHON
c41zzXPNc41zTXvOc41jCnOMe817zoQPhA97z3vOhA97zoQPhA+ED4QPe85jC1JI
c0yMD4wPjE+MD4wPhA5zjHvNe817zWuNc4xzjXOMa0tjCmtMa0xjC1rKY0xrTWtM
WstjC2MLY0xrjGtMY0xay1sLW0xjTGNMY0xjTGNMWwxay1LLSopCSToISolbTFtM
W0xbTFsMWwtTC1MLUwtSy0sLSotKyzHHKYYpRSlFKUU5hjGGKQQpBDnHOccxhilF
KUU5xznHMYYpRTnGQcZBxzmGOYVBxkoHQgdCB2LLa01rDGMMa01rTWtMc0xzjHON
c8xzjXONc41zjXuOa0trTGtLa0tzjHONe817znOOc01rjGNLa0xzjXvOhA6ED4QP
e857znvPhA+EEIQQhA9rTFsKc82ED4RPjE+ED4QOc4x7zXvOc81zjXONc4xjS2ML
a0xjTFrKWwpjTGOMW0tbC2NLY0xrTGtMWwtjS2NLY0xrTWNNY01bDFsMUstKykrK
QolKykrKUwtTC1sMW0xbTFsMWwtbC1sLUwtTC0sLSwtLC0MKSssxxylGKQUpBSkF
OYY5hilFKUU5xzHGMYYphSlFOcdBxzmGMUQ5hkHHQcc5hTGFOcVCB0HGSgdiymtM
Y0xjDGtMa0xrTHOLc4xzjHOMc81zjXONe417jXOMc0xzjFqJawprS2uMc817znvO
e85zznONc41zjXONe86ED4QPe85zzXONe86ED4QPhA9zjHONc42ET4wPjA+EDmtL
e417zXPNc8xzjGtMYwtrTGMLUoljC2tMWspbC2NLa4xrTGNNYwxSimMMa01rTWtN
a01jDFLLQklCSUJJUwtbTFtMW0xbTFtMUwtbC1tMW0xbDFtMUwxTDFMLUwtKy1ML
UwtKy0rKMgcpRilFIQUhBTmGOYYpBDFEOcY5xjmFMUUxRUGHQcc5hilFOcY5xznH
MYYxhjGGQcZBxkHGYspjTGMLYwxrTGtMa0tzjHOMc4x7jHOMc4xzjHuNe41zjXON
e41zjXONc01zTHNMc41zjHPNfA58D3wPe89zjnONe86ED4QPhA9zjWMLe86ED4wP
hA97zVKJc42ED4wPg85iynuMe4x7jXONa0xjC2NMWstaymMMa0xjS0qIY0xjTWtN
WwtbC2NLa0xrTGtMYwtaylsLSklbC1sLY0xjTGNMW0tTC1MLSspCikrJUspbC1sL
WwtbC1sLUwtTC1MLUwtTC0sLSstKyzIIKUUpBCEEIQQ5hjmGKQQxRTnHOYc5hjFF
MUVBx0IHOYYpRTmGOcc5xzGGMUYxhkHGQcZCB2LKa0xjC2NLa0trTGtMc4xzjHOM
c4xzjXPNc41zjXOMYwpjCmuLc4x7zXvOe857zXvNe81zjHvOg897zoPPhA+ED4PO
g857zoQPhA97znvOe86ED4QPhA9zjVqJe82MD4PNWsl7jHvNe81zjGtLa0xjClrJ
a0tjC1sLYwtjTGNMUopay2NMY0xrTGMLYwtbC0JIUopjDGNMY0xjTFsLSolSylLK
OghKy0qKSwtTS1NLU0xTDFsLWwtbC1MLUstTC1MLUwtLC0sKSsoySClFIQQhBCEE
OYY5hjFFKUQ5xjnGMYUxRDFFOcc5xzmGKUU5hkHHQccxRTFFOYVBx0HGQgday2tM
YwtjTGtMa0xrTGuMc4xzjHOMc4xzzXONc41zjWtMYspjC1KJc4xzjHOMg818DnvO
e857zoPOc417zXvOe86ED4QPhA97znvOhA+ED3vOe86ED4QPhA9rS2MKhA6DzVqI
c0x7jXOMa0trTGMLYwtrTGsLYsprTGtMa0xjC1KKa01rTGNMWwxSylLKWwtjTGNM
Y0xbClLJUslKiEKIUwpbS1MLWwxbDFtMW0xbDFtMWwxbDFsMUwtTC1MLUwtTC1ML
UwtKy0rLOgkpRSEEIQQhBDmGOYYxBSlFOcc5hjGFMUUxRUHHQccxhilFOYZBxznH
MYUxRTGGQYZBhknHYstrDGMLY0trS2tLa0tzjHOMc417jHuNe417jXvNe417jXuN
e41rTHONc41rTGtMe417zXuNg86DzoPOg857zXONc0yDzoQPhA97znvOg8+ED4PP
e86ED4xPhA9rS3OMe81KiHOMc4xrS2tMYwtay2tMWspjC2tMawtjC2NLa0xrTGNM
YwtjDGNMY0xjTGOMW0tbC0qKQolKiVLLWwtjTGNMY0xjTFsMUwtKykrLQolTTFMM
UwxTDFMLUwtLC1MLUwtTClMLSstCizIIKUUhBCEEIQQ5hjGGKUUpRTnHMYYxRTFF
MUU5xznHMUYpRTGGOcc5xzFFMUUxhjnGQcVBxmLKa0tbCmNLY0xrTGtMc4xzjHOM
c4x7jHOMc4x7jXONc4x7jXuNe417jnvOe81zjXvOe81zjHOMg86DzoPOg86DznuN
e42DzoPPhA+ED3vOc86ED4QPe417zoQPg85aynuMUkdzTGtMa0trTGMKa0xayVrK
a0xjC1sLY0xrTGtMYwtjC2NMY0xrTGtLWwtSylKJUolbCmNLY0xjTGNMY0tbC1LK
SolSykrLUstTDErLUwtTC1MMUwxTC1MLSwtTC1MLUwpSy0rLQos6SSlFIQQhBCEE
OYY5hikFMQU5hzmGMUYxRjFFOcc5xzGGKUUxhjmGOYYxRTFFMYU5xjnGQgdiymML
WsprS2tLa0trS3OMc4xzjHOMc4xzjHPMe4xzjHNLc0xrCnNLc017jXuOe817znvO
c41zjXuOe85zjXvOg8+ED4QPhA97z3vOhA+ED3vOe82ET4QOc0yED4wPc0xjCkpH
a0trC2tLawtrS2MLYsprS2sMYwtrDGtMWstjC2MLa0trTGNLY0taylrKWspjC2NM
Y0xjTFsLWwtSykqJUspSy1MLW0xbTFtLWwxbDFsLWwtTC1MLUwtTC1MLUwtTC1LL
SstKy0KLOkohBSEEIQQhBDGGMYYpRTFFOYY5hjmFMUUxRTnGQcc5hjFFOYY5hzmH
MUUxRjlGOYZBxkHGYspjC1rKa0trS2tLa0tzjHOMc0x7jHOMe4x7jHONc41zjXON
c0xzjWtLc4x7zXOMe817znvOhA57zoQOe817zXvNg86DzoQPhA+DznvOe86EDoQO
hA+ED4POg86ED3vOYspSR2sKawpjCmtLYwpjCmtLYwpjC2tLa0xSiVKJYwtrTGNM
WspSiFJIYwtjTGNMY0xjS1sLSspSy2NMWwtbTFtMW0xbTFtMUwxbDFrLSolbC1sL
WwtTC1MLUwtSy1LLSstKy0rLSstCizpKIQUgxCEEIQQ5xzmHMUUxRUHHOcc5hzGG
MYZBx0HHOYYxRTmGQcdBxzFFOYU5hkmGQYVBxmLLYwtaymNLa0trS2tLc0tzi3OM
c0xzjHONe417jXuMc4xzjXuNe41zjXuNg817jXONc41zjHvNg82DzoQPhA+DznvO
e857zoQPhA+EDnvNe82EDowPg86ED4QPc86EDmtKUkhjCmMKa0trS2NLa0tjCmML
a0xaymLKYwtrTGtMYwtay1LKWstrTGtLa0tjC1rKWwtbC1sMY0xjTGNMW0xbS1MK
WwpbC0qJUwpSy0rKUwxTDFMMUwtTC1MLUwtSy1LLUstSy0rLQoo6SiEFIMQgxCEE
Occ5xzGFMYY5xznHOccxhjGGQcdBxzmGMYY5xkHGQcY5hTmFOYZBxkHFQcZjC2ML
WsprTGtLa0trS3NMc0x7THNMc4xzjXONc4xrTGtMawtrC3NMe417jXvNe857znvN
c4x7jXuMe42DzYPOg86ED4POg857jXNMg86EDnvOc817zoQOe82EDoPNg85zTFJH
YsljCmtKa0trS2MLawtrS1rKUoljS2tMY0tSiVKIYwtrTGtMYwtjC1sMWwtbDGNM
Y0xjTFtLW0tjS1KKUopSilrLWwtbC1sLWwtTC1sLWwxbC1MLUwtTC1MLUstSy0rL
SwtKy0KKQoohBBjEGMMYwznHOcYxhTHGQgdBx0GHOYY5hkHIQcg5xzmGOcdBx0HG
OYY5hjmGQcZBxkIGYwtjC1rKYwtjC2tLa0trTHNMc0xzTHOMc4xzjHOMc4tzjGsL
awpiyXMKc0tzC3uNe86DzoPOg86DznuNe457zYPNg82EDoQPhA5zjGtLg86ED4PO
e417zoQOhA6EDoPOe4xKR1LJa0trC2tMYsprS2tLYwprCmtLa0taylKJWwtrTGtM
Y0xaylsKWwtjDGtMa0xjTFsMUspSylLKWwtSy1sMWwxbDFsMWwxbDFsMUstSy1ML
UwtTC1LLUwtSylLLUstKy0rLSstCikKKIQUYxBjDGMM5xznHMYY5hkHIQchBxzmG
OYdCCEIIOcc5hkHHQchBxzmGOYY5xkHGQcZCB2MLYwtaymsLawtrC2sLc0xzTHNM
c0xzjHOMc4xzjHOMe4x7jHuNe4xzjHNLawt7jHuMe81zjHvNe82EDoQOhA57zoPO
e41zjYQPhA57zoPOg86Dz4QPe82EDoQOhA6DznOMSgdiyWMKa0trS2tLa0tjCmsK
a0tjClLJYwtrTGtMY0xbClrKYwtrS2tMa0xjTFsKWwtbC1MLWwtbTFtMW0xbC1ML
UwtTC1MLUspKikpJSopbDFMLUwtTC1LLUstSy1LLSstKy0rLQotCiikFIMQYwxjD
QgdBxznHOcdByEIIQgg5xznHQghCCDnIOcdCB0IHQcc5hznHQcdBxjnGWspiylsL
WwprC2sLawtrC3NLc0tzS3NMc0xzjHOMc4xrS3NMc0xzjXuNe417zXvNe817zYPN
cwtzS3NLe42DjYPOjA6MDoPOc0xzDIPOhA+ED4QPe857zoQPhA6EDoQOe81zS0pG
WshjCmtLc0trS2MKa0trS2MKUoljC2NLWspaymMLY0trTGtLYwtaylsLYwtbC1sL
WwtbTFtLUwpKyVsKWwxKiVLKUspTC1LLUstSy1sMUwtTC1MLUwtTC1LLUstSy0rL
SstKy0KKQoohRRjEGMMYw0IHQgg5x0HHQghCCEIIOgdCB0oISghCBznGQgdCB0IH
Occ5xznHQcdKSGLLYwtjC1rKawtrC2sKa0tzS3NLc0tzS3NMc4xzjHOMYslrCmLK
cwtzS2tLe417zXvOg86DzoOOe857zXOMawpzjIPNg86EDoQOe457zXvOg86Lz4wO
g82MDowOg857znuNc0xKB1rJYwprS2tLYwtrS2sLWslbCmtMa0xSiVLJWwtrTGtM
awtjC1rKWwtjS2NLY0tjC2MMYwxSikpJOcdaylsMUstSy1MMUwtTC1MLUwtTC1ML
UwtTC1MLUspSy0rLSstKy0rKSspCikKKIQUYxBjEGMNCCEIIOcdCB0IIQghCCEHH
QghKCUoJQgg6B0IIQghBx0HHQcdBx0HHUkliy2LLYstaymMLYwtjCmsLc0tzS3NL
c0xzTHNMc4xzjHOMc0xrC2tMc0xrC3OMe4x7zXvNg86DzoPOg86DznuOe457jnuN
YsmDzYwOjA6DzXuMe42DzoQOhA+EDoQOe817zXOLSgdiyWLKc0trSmtLa0tSiFrJ
Y0taylrKWspjC2NLYwtjS2MKY0tjS2NLY0tjC2MLWspSiVsLUstKylLKUwtbDFsM
WstSy1LLUwtKiUJIQkhSy1LLUstSy0rLSstKy0rLSspKykqKQopCiimGGMQYwxjD
QglCCUHIQghCCUIJQklCCEIIQglCCUIIQgdCCEIIQghCCEIIQghCCFKKWstay2LM
YsprCmsKawprCnNLc0tzS3NLc0tzTHNMe4x7jXuMe4x7jHuNe417jXvNg42DjYPN
g86DzoQOhA6EDoQOhA6EDlrJc0uMDoQOhA6EDnuNe86EDoQPhA6DzoQOe81zi0pG
UodjCmMKa0tjClrJYwprClrJWslrC2tLYwpayWMKa0trTGtMa0xrS2MLUslaylsK
WwtbC1sMWwxay1sMUstCSEpJQkhSikqKSolCSEJJUwtTC1LLUstSy1LLUstKy0qK
SspKykKKQoophhjEGMQYw0IJSglCCEIIQghKSUpJSklCCEpJSklKSUIIQghCCEII
QghCCEoISghaimLLYstiy2LLawtrCmsKawpzS3NLc0tzS3tMe0x7THuMe4x7THNL
c0tzjHuMe417jXvNg817zXvOg86EDoPOjA6MDowOhA6EDoPOi897jXuNg86Lz4PO
g86DzowPjA+DzoPOc4xCBlrIYwljCmtLWohrC2sKWsljCmtLa0tayVqIYwpjS2NL
Y0tjS2NLYwtjC1sLYwtjC2MLYwpSyVKKUopSilKJQghKSUpJWstSy1LLSspKylML
UwtTC1LLUstSylLKSspKykrKQopCikKKKYYYwxjDGMNKSEpJQghCCEpJSklKSUpJ
SklKSUpJSklKSUpJSglKCEIIQghKCEIIWopiy1rLWotiymMLYwpjCmsLcwtzSnNL
c0xzTHNMc41zjHOMc0trC2sLawtrTHOMc0t7jIPNg86DzoPOg86DzovOg86EDoQO
jA+MD4wPjA+DznuNe82MD4wPi86EDoQOe857zXNMSgdayWLKawtayWsKYwpiyWsK
a0tjC2LKWspjC2MLY0taylsKYwtrTGNLY0tjS1sKUspbC1KKQghKSVKKWstSy1LK
UstSy1LLUstSy1LLUstay1LLUstSylLKUspKikrKSspKykKKQopCSSmGGMMYwxjD
SkhKSUpJSklKSUpJSklKSUpJUkpKSkpJQklKSUpJSglKCEoISghKCFqKWstay0IH
WspjCmMKYwprS3NLa0tzS3NLc0tzS3OLc4xzjHOMc4xzjHOMc41zjXNMawt7jHuM
c0x7zXvNg86DzoPOg8+ED4QPjA+MD4wPjA+Lz3vNg86ED4wPjA+DzoPOe85zjEoG
WohrClqJYwprCmLJawtrC2LKYsprC2sLYwtjC2MLYwtjS2NLYwtjClLJUolKSFKJ
WstSy1rLWwxbC1sLWwtbC1sLWwtbC1sLUwtTC1MLUstTC1LLSstSykqKSspKykrK
SspKykKJQkkphxjDGMMYw0pJSklKSUpJSklKSUpKSkpKSkpJSklKSUpJSklKCUoJ
SghKSUpJSkhaylrKWspCB2LKawtrCmsKa0prS2tKa0trTHNLc0xzTHNMc0tzTHuN
e4x7jXuMe417jXuNe417jXNMc0xzTGMKe4yDzYQOhA+ED4wPjA+MT4wPjA+MD4PO
hA+EDoQOhA57jYPOc0xKBlqIWshjCWtKYwprSmMKWsljCmMLa0tbCmMKYwtjS2NL
Y0taylKJSkhKiVLKUspbC1sLWwtbC1sLWstbC1sLWwtbC1sLUwpTC1LLUstSy1LL
UstSy1LLUspSylLKSspKykrKSspKikJJMccYwxjDGMNKSVKKSkpSSkqKSopSikqK
SopKikqKUopKSUpJSklKSUpJSklKSUJISkliymLKQgdjCmMKYwpjCmsKa0trSnNL
c0tzS3NLc0xzTGsLawtrS2sKe4tzSntMe0x7jXuNg82DzXvNe81rS3NLc0t7jHvN
hA6MDowOjA6MD4wPjE+MD4wPjA57zYQOe817zXNLSgZah2LJawtrCmtLYwpiyWsK
a0tjCmMKYwtjC2tLawtrTFrKUspSiVLKYwtjC2MLYwtjC2MLYwtjC1sLWwtbC1sL
Wwtay1LLUstKy1LLUstSy1LLUstSy1LLUspKykrKSspKykrKSopCSTHGGIMYwxjD
SkpSSlJKSkpKikqKUotSilKKUopSilKKUopKSUpJSklKSUpJSkhCR0IHYstiykIH
YwprCmsKawprC2sKa0prSnNKc0tzjHNMc0xzTHOMc4xrC3NMYspiymLKYspzS3uN
e417zYPOg86DzoPOg817jIPNg82DzoQOhA6EDowPjA+MD4wPg46DzoQOe81zTEoG
UkdiyWMJa0tjCmLKawprC2sKawprCmsLa0tjClsKYwtbClsKYwtjS2NLYwtjC2ML
YwtjCmMLWwtbC1sLUwtTC1LLUstSy1LLUstSy0rLUstSy1LLUotSykrKSspKikLK
SopKikqKQkkxxxjDGMMYw0pKSkpKiUpJSkpSilKKUopKilKKUopSilJKSkpKSUpJ
SklKSUpJQggxhWLKYslKB2LKYsprCmsKawprSmtKc0pzSnNLc0tzTHNMc0tzS3OM
e417jXuNc0xzS2sKc0t7jHNLc4t7jHuMe82EDoQOg857zoPOe82DzowOhA6MD4wP
jA+MD4wPhA6DzYPNc0tJxlJIYolrCmsLawprSmsKYsljCWtKY0pjCmLKWspjC2ML
YwtjTGNLY0tjS2NLYwtjC1sLWstbC1sLWstbC1MLWwtbC1sLWwtTC1MLUspSy1LL
UstSi1LLUspKykrKSopKikKKSopCi0JKMgkYgxiDGINKSVKKUkpKSUpKSkpSikqK
SopKikqKSopKikpJSklKSUpJSklKSUIIKQRiylrJQgZrCmrKawpjCmsKcwpzS3NL
c0tzTHNLc0xzS2rKcwtzC3MLg4x7jXuMe817jXuNe417jHuMc0tzS3OMg82DzYPO
g86DzoPPg86DznuNe82MDowPjA+MD4QPg857zXNMSgZSR2LJawprCnNKa0piyWsK
awprCmLJYsprCmMLYwtjS2NLY0tjS2MLYwtbC1sLYwtjC1sLWwtbDFsLWwtTC1ML
UwtSy1LLUstSy1LLUstSy1LLUotSylLKUspKykrKSspKikqKSoo6SToIEIMQgxCC
SklKSkpKSklKSUpJSopKSUpJSklKSUpJSklKSUoISglKSUpJSklKCCkEYspaiUoH
aspiymLKYsprC2sKcwtzC3NLc0tzS3NLc0xiyWsLYwpiynNMe4xrCnNLc0x7jIPN
g82DzYPNg817jXuNc0x7jXuMg82MDoQOhA57zXOMg82LzowPjA+MD4wOe8x7S0oG
UkdiyWLJawprCmsKawprCmLJYspjCmMLYwtrS2sLa0trS2NLYwpjC2MLYwtjC1sL
YwtbC1sLWwtay1LLWstSy1LKUopSykrKUwtSy1LLUstSy1LKUspKykrKSolKikqK
SopKikqKQkk6CRCDEIIQgkpJSkpKSUpJSklKiUpKSklKSUpKSklKSkIJSglKCEoJ
SglKCUoJQcgxRVqKUolCB2LKYspiymLKawtrC2sLawtzC3NLc0tzS3NLc0tzTHNL
c0tzS3OLYsliyVqIc0tzS3tLe4x7jIONg82DzoPOe857jYPOe42DjYvOi86LzoPO
e42DzowOjA+MD4POc0tKBlJHWohrCmsKawprCmLJWsljCWMKYwpjC2sLawtrC2sK
YwtjC2MLYwtjC2MLWwtjC2MLWwtbC1sLWwtaylLKUopKiUJIQkhCCFLKUspSylLL
UspSykrKSspKykrKSolKikqKSopKikJJOkkQwhCCEIJCCUpKSklKSUpJSkpKSUpJ
SklKSVKKSklCCEoIQghKCEoISghKCEIHQcZBxknGScZqymLKYspiymrLawtrC2sK
cwtzS3NLc0xzS2tLc0tzS3NMc0x7jHuNe41zTHuNe41zTHNLawprSnuMg82LzoPO
g86DznuOe417jXuNg86MD4wOg86DzowOhA6DznNMQgZKB1qJYspqymsLYolaSGLK
YwpjC2sLawtrC2sLYwtjC2NLY0tjS2MLYwtbC1sLWwpbClsKWwpSyVMKUspKiUII
Occ5xzoHOghSy1LLUstSylLKSspKykrKSopKiUqKSopCikqKQopCSUJJEIMQghCC
QglKCUoIQghKSUpJSklKSUpJSklKSUpJSklCCEIIQghCCEoIQghCCFKKUopKSUoH
awpiymLKYsprC2sKa0prSmtKc0tzS3NLc0tiyWLJYsliyWsKawp7S3uMe4x7jHuN
g42DjXtMc0x7jXvNe81zS4PNi82DzoPOg857jXuNe42DzYPOe82DzoPOg857TUnG
SgdaiFqJawpjClrJYsprCmsKawprCmsKawprC2MLYwtjC2NLYwtjC2MLYspaylrK
WspaylrKSolSylLKSolKiUqJQolKykqKSspSy1LKUspSykrKSspKykqKSopKikqK
SopKiUqJQklCSRCDEIMQgkIIQglCCEIJQglCCUpJSklKSUpJSglKSUoISghByEII
QghCCEIIQghailqKUklKB2rJYsliyWLJawlrCWsKawpzCnNKc0tzS3NLawprCmLK
WkliimLKawtzS2sKc0t7jHuMe4x7jIPNg82DzYPNc0t7jXvNg82DzovOg86DznuN
c02DjYQOg817jIPNe4xKBlJHWodrCWsJYslrCWsKawprCmsKawprCmsKawprC2MK
YwtjC2MLYwpjClrJUslSyVKJWopaylLKWstay1LKUspSylLKUspKiVLKUspSylLK
UspKykrKSopKikKKSopKikqJQolCijpJOkkYwxCCEIJCCUpJQghCCEIJSglKSUpI
SghKCEIISghKCEIIQgdCCEIIQghCCEJIWopailJJUgdiymLJYslqyXMKcwpzCnML
cwpzCnNKc0tzS3NLc0tzS3NLa0tzTHNMc0xrC2sKc0tzC2rJcwpzS3uMe4x7zYPN
g86DzoPOe417jYPNg86DzoPNe42DzoQOe817jXtNSgZKBlqJYsljCWsKYspjCmsK
awprCmtKawtrC2MKYwpjClrKYwpaylLJUolSylLKWspbClsLWspay1rLUspKiUqJ
Qkg6B0IHOghKilLKUspSylLKSspKiUqKQolKiUqKSopKiUKJQolCSUJJGMQQghCC
QghCSUIIQghCCEIIQghCCEIIQghCCEIIQchKCEHIQchCCEIIQghKSFqKWopSSFJH
YslqyWrKaslrCmsJcwpzCnMKc0tzS3NLawpiyWsKcwtzC3NMe0x7jXuMe4yDjXuN
c0xrC2sLaslzS3NLc0t7jHuNe86DzoPOg857jHNLe8yDzoPOe417jIPNe41zTEoH
UgdiyWLJawpqylrJYsprCmsKawprC2sKawpjCmMKYwpayWLJWwpaylrKWstbC1rK
UspSylLKSohKSEpIQghCB0IIQghCCEqJUopSylLKUspKykqKSopKikqKSopKikqK
SolKiUqJQklCSSEFEIMQgkIIQghCCEIIQghCSEIIQghCCEIIQghCCEIHQgdBx0HH
QchByEHISghSilqKSghKSGLJYsliyWLIawprCmsKawpzC3MKc0tzSmsJUkdrCmsK
YsliyXNLawpzS3OLe4x7jHuNe417jXuNe41zTHNMc0xiynNMe42DzYPOg857jXtM
e02DzovOe417jXuNc0tKBlIHWohrCmLJYwlrCmsJawpjCmMKYwpjCVsJWshayWMK
WspjCmMKYwpbClrKUolKBznGSkhSiUpISolKiUqKUspSilKKUopSilLKUspSylKK
UopSikqJSopKiUqKSopKiUqJQolCiTpJOkkhBRCDEIJByEIIQcdCCEIIQghCCUII
QghCCEIIQghCCEIIQcdBx0HHQchByEoHSkdaiFIHUkhiymLKYspqymsKawprCmsK
awprC3NLc0tzS2sKc0trCmsKawpzS2sKcwprCnNLc0tzS3tMe4x7jHuNg82DzYPN
e0x7THtMe4x7jIPOg86DzoPNe417jYPOe817THNMSgZKB2KIYshiiGsJawprCmsK
YwpjCWMJWshayVrJYwpjCmMKYwpayVKISkhSSUpIQkhCSFKJUopSylLKUspSylLK
UopSikqKSklKiUqKUspSylLKUopKikqKSopKikqKSolKiUJJQkk6SDoIIQQQghCC
QchByEIIQghCCEIJQghCCEIIQghCCEHIQchBx0HHQcdBx0HHQcdJxFHEUcRJxFJH
YshiyWLJYslrCmsKawpzCnMKc0pzSnNLe0tzS3NLc0tzS3NMc0xzTHNMa0xzTHtM
c0tzS3NLc0tzS4OMg42DjYONg86DznuNe4yDjYONc0yDzYPNe817jYONe41zDEnG
SgZah2LIawlrCmsKawprCmLIWohayGKJYspjCmMKYwpSiVKJSkhKSFKJUspaylrK
UspSyVLKUspSikpJQkhCSUIIQghCCDoHSopSylLKUspKikqKSopCikqKSopKiUqJ
QklCSUJJQklCSSFFEIIQgjnHQcdBx0HHQchCCEIIQghCCEIIQchByEHHQcdBx0HH
QcdBx0HHScNJg0nDSYJaR2KJYsliyWLJawprCmsJawprCmtKc0pzS3NLcwtzTHNL
c0tzS3NLc0x7THuMe0x7jXuNe4x7jHNLc0t7THtNe017jXuNe42DzoPOg457jVJI
YsqDzoPNe417jXvNc0tBxkoFUodiyWsJawprCmLKUohKR1qIYwljCWLJYslaylrJ
WolaiVrKWspaylrKWopSilKKUolSiUIHSkhKSEIHSkhKSUqJSolKSVKKUopSikqK
SopKiUqKSopKikqKSolKiUqJQklCSUJKOgohRhCCEII5xznHOcc5xznIQghCCEII
Qgg5xznHQcc5x0HHQcdBxznHOcg5xzmEOUI5gjlDUodiyGLJYsliyWsKawprCmsK
awprCnMKc0tzS3NLc0tzS3NLc0xzTHNMe0x7TXtMg4yDjXuNe417jYOOe417jXuM
e0xzTHNMg82DzoPOg857jXNLe0x7TIPOg817jHNMScZBxlpIaslrCWMJYshaiFJI
WoliyWLKWolSiFKIWslaylsKWwpaylLKWspKSEpISkhKSFKJUolKSUqJSolKylLK
UopKikqKSopKiUqKSopKikqKSopKikqKSolCiUKJSolCSUJJQklCCjoJKUYIgghC
OchByDnHOcdBx0HIQchBxznHQcdBxznHOcc5xjnGQcc5xznHQcdJxEnEScRBg1qH
YshiyWLIaslqyWrJawprCmsKawpzCnMLc0tzS3NLc0tzS3NLe0x7THtMe017TXtN
e417jYONg42DzYONg42DjYONg417jXvNg82DzYPNg86DznuNc0x7TIOMe41zTEnH
ScVah2rJasliiFpHYoliyWLJWolSSVqJWolaylrKWspSiVrKWolSiVrLSkhSSVKJ
UolayVrKWspSy1LKUspSilKKSolCSUqJSolSiVKKUopKikqKSopKSkqJSolCiUKJ
QolCSEJJQkk6CCmGEEIIQTnHQcc5xznHQcdBx0HHQcdBh0HHQcdBxznHOYY5hjmG
OcY5xjnGSgdSBknFSYRaR2KIYohiiGKIaslqyWsKawprCmsLcwpzCnMKcwpzC3ML
c0tzS3NLc0t7S3uMe4x7THuNe42DjXuNg42DjYONg42DjYvNg82DzYPNg82DzYPO
g86DzoPOe41zTHuNe0xKBknFWohiyVqIUkhiyWLJWolaiFKJWslayVrKWslSyVKI
WshSiFLJWolaylrKWspaylrKWspSiUqISolKSEpJSkhKSEpIQghCSUqKSopKikqK
SopKikqKSopKiUKJQolCiUJJQkhCSUJJOggphghCCEE5xznHOcc5xznHQcdBx0HH
QcdBx0HHQcY5hjmGOYY5hjmGQYdBhlIIWklSSUHHWohiyWKJYsliyWrKaspqymrK
awpzCnMKcwpzCnMKc0tqyWLJaslzCnNLe0t7THtMe0yDjXuNe417jYONg42DjYON
g42DjYPNg82DzYPNg82DzYPNg82DzoPOe817THNLQgZBxVpHWkdaiGKJYslaiFqI
YsliyWLJWolSSEpIUolSiVLKWspaylrKWspaylKJUkhKSEoHQgdKCEpJQghCSUpJ
SklKiUqJSolKiUrKSopKikqKSopKikqJSolKiUpJQklCSUJJQklCSToIMccQgghC
Occ5xznHOcdByDnHQcc5xznHOcc5xznGOYY5hjmGQYY5hjnGQYZSCFpJWklBxlqJ
YolaiVqJYopiymrKaspqynMKawpzCnMKcwpzS3NMYslaiFqIaspiyWrJaslqyXMK
cwt7THtMg4x7jIOMg42DjYONg42DzYPNg82LzYPNg86DzoPOg86DzXvNe4xrCkHG
QcVSB1JHYslayVqIWohayWLJWohSR1JISkdSiVrKWwlayVrJUohKSEpIQgdCSEpI
SklKSUpJUolSilKKUopSilKKUopSilKJSolKikqKSopKikqKSolKiUqJQolCSUJI
QklCCUJJQkg6CDHHCEEIQTnHQcc5xznHOcc5x0HHOYc5xznHOcc5xzmGOYY5RjmG
OYY5hkGGUghaSVpJScZiiWKJYoliiWKJYslqyWrJaspqymsKawprCnMLcwtzC3ML
astrC2sLawtrC2sLYwpiyVqJawtrC2sKc0tzC3tMe4x7jHuMe82DzYPNg82DzYPN
g82DzYPNg82DzYONcwtJxkGFUgdiiFpIUohayWLJWohSR0oHUkhailrJWslayVqJ
UohaykpISghKSUpJUopKiVLKUspSyVLKUspSilKKUopSilKKUopKikqJSopKikJJ
SolKiUqJSolKiUJJQklCSUJJOglCSUJJOgg6BxCCCEE5hznHOcc5h0HHOcc5xznH
Occ5xznHOYc5hjmFOYU5hTmFOcY5xlJJUolSiUHGWolaiVqIWohiiGLJYslqyWrK
awprCmsLawpzCnMKcwpzCnMKcwtzTHNMc0xzTHNMc0xzTHMMcwtqymrJcwp7THML
c0t7S3uMg42DjYOOg46DzoPNg82DzYPNe817jXNMQcVBhFJHWkdSR1qJWolSSEoH
UkhaiFrJWslaiVJIUkhSSFKJUspaylrKWspaylrJWspaylrKWspaylKKUspSilKK
UopSilKKUopKikqKSolKiUqJQolCiUKJQklCSEJJQklCCUJJQklCSToIOggIQghC
MYY5xzmGOYY5xznHOcc5xznGOcY5hjmGMYUxhTFFMYU5RTmGOYZKCFJIWklBhlpJ
WolaiVqIYolqyWLJawlrCWsJawlrCnMKcwtzCnMKYolaSGrKasprCnMLc0tzTHtM
e017jXuNe4x7THNLe0x7S3MLcwtzCmrKe0uDjIONg82DzYPNg82DzYONe41zTEIH
OcVKB1JHWolaiUoHWkhaiVrJWolSiFKISkhKSFJJWolayVrJWspayVKJUolayVrJ
WslaylKKUopSilKKUopKiUqJSolKiUqJSolKiUqJSolKiUqJSolKiUJJQkk6SUJJ
QklCCDpIOkg6CDoICIIIQjGGMYYxhjFGMYc5hzmHOYY5hjmGOYY5hjmFOUU5RTlF
OYU5hTmGQcdKB0oHQcZaiVqJWolaiWKJYolqyWrJaslqyWrJawprCnMKcwpzC1qI
WkhiymLKYspaiWrKcwtqyntLe0xzC3tMe0x7TXtNg417jXuMe0xzC3NLawqDjHNL
g4yDjYONg42DjXuNc0xKBznFSkdaiFqIWohSSFrJWohaiFKHUkdSiFKJWslayVrJ
WolSiEpISkhKSEpIUolayVLKUslSiVKJSolSiVJJSolKSUqJSolKiUqJSolKiUqJ
SklKSUJJQklCSEJJQklCSUJJQkhCSDpIMgg6CBCDCEExhjnGMYYxhjGHOYc5hjmG
OYY5hjGGMYUxRTFFMUUxRTGFMYY5hkGGOYZBhjmFWolaiFqIYohiiGLJYslqyWrJ
aslrCWsKawprCmsLc0trC2sLawtrC2rLaspzC2sKawpzC3tLWgdqiWrJe0trCnNL
e4x7jIONg417jXNMe41rCmrKg42DjYONg417THMLSgY5hVJHUkdSR1qIWohSR0oH
UkhaiFqIWolayVqJUkhSSFJISkdKSFKIUolSiVKJUolSiVKJUolKiVJJUolSiVKJ
SolKiUqJSolKiUqJSolKSUpJSklCSUJIQklCSUJJQklCSUJIOkg6SToIOggQgwhB
MUYxhjGGMUYxhjmGOYYxhTGGMYYxhjGGMUYxRTFFMUUxRTFGMYZKCVJJWklBxlqJ
WohaiFqIYshiiWLJaslqyWrJcslyyWsKawprCmsKawtrCnMKcwpzC3MLc0tzTHNM
c0xzTGsLa0trC3NLYslzCnMLc0uDjHtLg4x7jXuNe41zS3uMe0t7jHuMe4xzS0oH
QYVSB0oHWolaiUpHSkdSSFqJWolayVqJSkhSiUpIUolaiVKJWopaiVrJWslaiVKJ
UolSiVKJSolSiVKJUklSiUqJSolKikqJSolKiUpJSklKSUJJQklCSUJJQklCCUJJ
QkhCSDoIOgg6CDoIGMMIQTlGMUYxRjFGMYYxhjGGKYYxhjGGMUYxRTFFMUUxRTFF
OUUxhjmGSghSSFJIQcVaiVqIWohaiFrJYshiyWLJaslqyWsKasprCmsKawprC2KJ
YsliymrJaslqyXMKcwtzDHtMe0x7THtNe0x7THtMe0xzS3NMe41iymsKcwtzS3uM
e417jXuMe0xzS3NLawtKBjmEUkZaiFpIScZSR1qIWohaiFJIUkhSSFJIWolaiVqJ
WslayVrJWslSyVLJUolSiVKJUolSiVKJUolSiVKJUolKiUqJSolKSUpJSklKSUJJ
QklCSUJJQklCSUJJQkhCSEJIOgg6CDoIOgg6CBkECEExRTFGMUYxRTFGMUYxhilG
MUYxRjFGKUUxRDFEMUQxRDFEMYQ5hlIJUklSSUHFWohaiFqIWohayWKJYoliiWLJ
aslrCWsJaslqynMKcwtiyWKJYspiyWLJWolqymrKaspqymrKe0xzTHMLc0x7jHuM
e417jXuNc0xzTHNMawtrCnNLe4x7jXuMc0trS2sLQgY5hVJHUkdKB1JHWolaiFJH
WohSSFqJWolaiVrJWolayVrJWslayVLJWslayVKJUolSiVKJUolSiVKJUohKiUqJ
SolKSUJJQklCCUJJQkk6CDpJQklCSUJJQklCSUJJQklCSUIIOgg6CDoIOggZBAhB
MUUxRikFMUUxRTFGMUYpRTFFMUUxRTEFMQUxBTEFMQUxBTlFOYZSSFJIUghCBlqI
WkhaSFqIYoliiGKIYshiyGLJYwpqyWrJaslqyXMKawprCmtLawtrCmsKawprC2sL
cwxrC3tMcwtqymrKcwt7S3NMc0t7jHuMe4x7jXuMc0tzS2sKcwt7THtMcwxqyknG
OURSB1IHWkhaiVJHUkdSR1qIWshaiFqJWolayVrJWslayVrKWspayVKJUolSiVKJ
SolSiVKJSolKSUIIQghCCEIIQggxhjnHMYY6B0IIOcdCSEJJQklCSUJJQkhCSTpI
Qgg6CDoIOggxxzHIGQQIATFFMUUxRTFFMUUxRTFFMUUxRTFFMUUxRDFEMQQpBDEE
MQQxREGGUkhSSEoHSgZaiFpIWohaSGKJYoliiWqJaohqyWrJaslqyWLJaslrCmsK
awtrC3MKcwtzC3MLc0tzS3NLc0xzTHOMc0xzC3MLcwtzDHMKYslzC3NLe0x7THuM
e0x7THMKawpzC3NLawpBxjGESgdSSFqIUkdKBlKIUohaiVqIWohaiVqJWolaiVqJ
WolaiVqJWolSSVJJUolKSEIHQgdCBznHQgg5x0IIQghCCEJIOcc6CDHHOgg6CEII
QkhCSUJJQklCSUJIQkhCSEIIQgg6CDoIMcgxyCEFCEEpRTFFKUQpRTFFMUUxRTFF
MUUxRTFGMUUxBCkEKQQpBCkEMUVBhkoIUkhKB0oHWkhaSFpIWkhiiGKJYoliiWKJ
YolqyWrJaslrCWsKaspiiWKJaslqyGrJawlzSntLcwpzC3NLc0xzTHNMe4x7THtM
e0x7THMLe0tzCmsKawpzC3NLe4x7jHuLawprCmsKQgYxREoGUkdSR1JHWkhaiFqI
WohaiFqJWolaiVqJWolaiVKJUolSSEoHQcZBx0IHQgc5xkIIQghCCEpISkhKSUpJ
SklKSUpJSklKSUpJSklCSUJJQklCSUJJOkhCSEJIQghCCEIIOgg6CDIIMgghRggB
KUUpRSkFKQUpRTFFKUUpRTFFMUUxRTEEKQQpBCkEKQQpBDFFOcZKCFJIScZKBlpI
UkhaiFpIYoliiWKJYoliiWKKYsliyWrJawlrCWsJYslqymLJaslqyWKIaspqymrK
asprCnMLcwtzC3MKcwt7THtMe4x7jHuMe4xzS3NLawprCnMLe0x7jHtMawtiyknG
MURKB0oHUkhaSFqIWohaiFqIWohaiFqIWohSSFJIUghKB0oHSgdBx0HHSghKSUpJ
SklKSUqJSklKSUpJSklKSUpISkhKSEJIOgdCSEJIOgg6CEJIQkg6SEJIQkhCSDpI
Ogg6CDoIOgg6CDoIIUYIASkFMQUpBCkFMQUxBTEFKQUpBSkFKUQpBDEEKQQpBCkE
KQQxBDFEOURBhDlEUgZaR1pHWkhaSFqIWoliiGKIYoliyWKJaolqiWrJaspqymrK
aspzC3MKawpzCnNLc0trCnMLawtrC3tMc0xiiWKIasl7CnMKasl7THtMe0x7THtM
e0tzC3NLawpzCnNLaslJxjFEScZSB1pIWkhaiFqIWohaiFpIWkhSR0nGQcZKB0pI
SkhSSVKJUolSiVKJUolSiVJJSklKSUpISkhCB0IIQgdCB0IIMYY5hilFMcc5xzGG
McZCSEJIQkhCSEIIQgg6CDoIOggyCDoIOgg6CClGCEEpBCkEIMQpBDEFMQUxBSkE
KQQpBCkEKQQoxCkEKQQpBCkEKUU5hkoISghBxkoHUkhSSFJIWkhaiVqIYohiiGKJ
YoliiWKJYoliyWrJasliiWrKawprCnMKc0pzSnNLcwt7C3tLc0tzS3tMcwtqymrK
cwtzClpIaspiiWrJcwtzS3uMe4x7THMKYsliyWsKSgY5Q0nGUgdaSFpIWkhaR1pI
UgdKB0oHSgdKB1IHUkhSSFKJUolSiFKISkhCB0pISkgxhjnHOcc6CEIIOcdCCDoI
Ogg6BzGHMcgxhzoIOgg6CDoHQkhCSEJIQghCCDoIOgc6CDoIOggyCDIIMcghhghB
KQQpRSEEKQQpBCkEKQQoxCkEMQQxBCjDKMQowykDKQMpBDFEQYZSB1pIScZKB1JH
UkhSSFJIWohiiGKIYohiiWKJYoliiWLJYoliimLJWkhiiWKJaolaSFpIcwpzCmLJ
cwpzCnMKewtzS3NLc0xzTHtMe0xzDHMLastiymLKYslzCnNKc0tzS3MLYolaiEoG
MUNJxloHWkhaSFpIUgdSB0oGSgZSR1JIUohSiFKIUkhSSVIJSghBxznHMYZCCEJI
MYY5xzoHQghCCEIIQkhCSUJJQklCSUJJQkhCSEJIOghCCEJIQghCCEIIOgg6CDoI
OggxyDnIOcg5xznHKYYIQSkEKQQowykEKQQpBCkEKQQpBCkEKQQowyjDKMMpAykD
KQMxREHGUgdSSEHGSgdSSFJIUkdSh1qIWodaSFqIYohiiGLIYoliiWKJasliyVqJ
YslaiGKJYolaSGrKaspKBmKIawpqymLJaspqymsKawpzS3NLe0t7THtMc0xzDGsL
awpiyWKIawpzS3MLYolJxjEDQcZSR1JHSkdKB0oHUkdSSFJIUkhSSFJIUkhKB0pH
SkdKB0oHQgdCB0IHQghKSUpJSklKSUIJSklKSUpJSklKSUJIQghCCEIIQghCCDoI
OghCCUIIQghCCDoHOgg6CDoIOgg6CDoIOgcxxymGCAApBCkEKMQoxCjDKMQoxCjD
KMMowyjDKMMowyjDKMMowyjDKQNBhkoIUkhBxkpHUkhSR1JHUkdaiFqIWohaiFqJ
YoliiGLJYoliiWLJYsliyWLJYslqymrKasprC3MLaspqynLKaspqymrKaspiymrL
aspiimrJawprCnMLc0x7THtMcwtqymLJYsliyWLJScYxA0HFSgZKBkHFSgdSCFJI
UkhKB0IGSgdKB1JISkhKSEpISkhSSVJJUklKSUpJSklCSEpIQgdCCDnHOcdCCDnH
Occ5xznHOccxhjnHMYYxhjHHQghCCEIIQgg6CDoIOgg6CDoIMcg5yDnIOccxhwhB
KIIogijCKIIowjDCKMIwwijCKMIwwjDCMMMwwzDCMQIowjDCQUVKB1JIQYZSB1JH
UkdSR1JIUkhaSFpIWkhaiFqIWohiiGKJYoliiWKJYoliiWKJYolqyWrJcspzCnMK
cwtzC3MLcwtzC2sLcwtrC3MLawtrCmsLYslrCntLcwpzC3tMc0xzTGsKWslaiEoG
KMM5hTmFQcZSB1IHUgdSR1IHQYZJxkoHSkhSSFJIUkhSSFJIUkhKSEpISgdCCDnH
Occ5xzFFMYYxhjHGOggxxjnHOcc6BzoHMcc6CDnHOgg5x0IIQghCCEIIOcg6CDoI
Ogg6CDIHMccxxzHHMYcIASiCKIIogiiCKIIowijCKMIowjCCMIIwgjDCMMIwwjDC
MMIowjlEScdSB0GGUgdSB1IHUgdSR1JHWkhaSFpIWkhaiFqIWohaiFqIYoliiVJH
UgdJxkoGUkdSR2KIYsliiXLKaspqyXMKcwpzC3NLc0tzS3NLc0xzTGsLc0xzTGLK
aspaR2KIcwpzC2sKWohBxSkDOYRBxkoHSgdKBknGSgZKB0oHSkhSSFJISkhKSEpH
SkdKB0pHSghCCEIHQgg6B0IHQgg5x0IIQghCCEpJQghCSEJIQghCSEIIQghCCEII
QghCCEIIQgc6CDoIOgg6CDoHOgc5xzHHMccpxzHHCEEogiiCKIIogiiCKIIogiiC
KIEogiiCKMIwwjjCOMI4wjDCKMExBEHGSgc5hUoHUgdSB1IHUgdaR1pIWkhaSFpI
WkhaiFqIWohaiFqIWolSSFJISgdSSFJIUkhSSFpIYsliiWKKWolaiWrKc0tiiXMK
awpqynNLc0tzS3NLc0tzS2sMYspSSFJIYslrCmLJQcUhAjmFSgdKB0oHSgZKBlJH
UkdSR1JHSgZBxkHGOYY5xkoHSgdKSEpISkhKSEpISkhKSEpISkhKSEpIQkhCCEII
QghCCEIIQghCCDoIQghCCEIIQghCCEIIOgg6CDoIOgc6CDoIOcc5xzHHMccxxwhC
KIEogiiCKIIogiiCIIIogiiCKIIogiiCMIIwwzCCMIIwwiiDMMM5RUGGOUVKB0oH
UgdSB1IIWkhaSFpIWkhaSFpIWohaiFqJYohiiGKIYoliiWKJasliyWLKYspiymLJ
YslqymLKYspiymtLYoliymrKaspqymKJYohqyXMLc0tzS3NLc0tqymKJYolaiEoG
IMI5hUGFQYZKB1IHUgdSB1IGSgdKBzmFMYVBx0IHSghKSEpISkhKSEpISghKSEpI
QghCCEIIQghCCDnIOgg6BznHOcc5xzGGMYc5xznHOgcxxzoIOgg6CDoIOgg6BzIH
Ogc6BzHHMccxxzHHMcgIQiCCKIIogiiCKIIogiBBIEIogiiCKIIogiBCKIIogiiC
KIIogijDMQQxRClDQcZJx0oHUgdSSFJHUkhSSFpIWkhaSFpIWkhaSGJIWohaiFqI
WohiiGKJaslqyWrJaslqymrKawprCmsKawtzC3MLastrC2sLastiylqJUklqymqK
WkhqiXMLcwtrC2LKUkhBhiDCMURBhUoHUgdSB0oGSgdKBkHGSgdKB0oHSkhKSEpI
SkhKSEpJQkg5x0IIQgg5xznHOcc5xznHOccxhjnHOcc5xzGGOcc5xzHGOccxxznH
Occ6CDoIOgg6CDoIMgg5yDnIOcgxxzHHMccxxjHHEIIggiiBKIIogiiCKIIgQSBB
IIEogiiCKIIgQSiCKIIogiiCKIMxBEGGQcY5REHGScZKBkoGUgdSR1JHWkdaSFpI
WkhaSFpJWkhaSFpIWkhaSFIHUgZRxmKIaolaR2KIWkhqyWrJashzCWsKc0prCnMK
cwpzCnMLcwtzC2sKastrClpIWoliyWLJYslqymKJQcYgwjGEQcZKBknGQcZKB0oH
SkdSR1JHUkdKR0oHQgZCB0IIOcdKSEIHMYVBx0IHQgdCCEpIQghCCEIIQghCCEII
Qgg5x0IIQghCCEIIOgg6CDnIOggyCDoIOgg6BzoHOgcxxzHHMcYxxzHHKccxxhCC
IIIggiiCKIIogiiCKEIYQSCCKIIogiiCIEEgQSCCIIIggSCCMQM5hTmGMURBhknG
ScZJxlIHWghaCFpIWkhaSFpIWkhaSFpIWkhaSFJIUkdSB1IHSgdaSGKJWkhiiVpJ
YohaiWKJYoliiWKJWkhaiWLJYslqymsKcwpzCnMLcwtzC2sLastiylqJSghSSEnG
IIIxREHGQcZBxkoHSgdKB0oHSgdKBkoHQcZBxkGGQcZCB0IHQgdKCEIISkhKSEpI
SkhKSEJIQkhCCEIIQghCCEIIQghCCDoIOgg6CDoIOgg6CDoIOggyCDoIOcg5xznH
OccxxzGGMccpxymHKccQgyCCIIIggijCKIIggiCCGEEggSCBIIEggSBBGAEYQSBC
IEIgQTDDOYU5hTFEQYVBxkHGScZSB1IHWgdaR1pIWkhaSFpIWkhaSFpJWkhaSFpI
WkhaiVqJYoliiWKJYoliiWKJYopiiWLJYsliiWKJYohaiFpIWkhiiGKJYoliyWLJ
awprCmsKawpiylJIScdBhiCCMQNBhEoGSgZKB0oHQgdCBkHGQcZJx0oHSgdKB0oH
UkdKSEpISkhCSEJIQkhCCEIIQgdCB0IHQgg6BznHOccxhznHMYY5xznHMYYxxymG
Ogc6BznHOcc5xznHOccxxzHGMccxxzHHKYcphimGEIIggiCCIIIogijDIIIgghiC
GEEggiBBIIEgQRgAGAAgQSBBIEEowzlFOUUpBDmGQcZBxknFUcVRxFHEWgZaCFpI
WkhaSFpIWkhaSFpJUkhaSFpIWklaiVqJYoliiWKJaslqymrJaslyyWrJawprCWsK
asprCmrKYspiymLJYslaiGKIWkdiiGsJawliyVpIOYUYgikDQcZJxkoHQcZBxkHG
QgdKB0oHSgdKCEpHSkhKSEpHSgdBx0HHQcc5hjnGOcc5xznHOccxhjGGKUUxhjGG
MYY5xznHMcYxhzGGMYYpRjGGMcc6BznHOccxxzHHMccxhzHHKYcxhzGGMYYpRhCC
IIEggSCCIIIggiiCKIIogiCCIIIgQSBCIEIYARgBGAEgQRhBKMM5RTlFKQM5RUGF
QcZBhUFESUNJA0lDUYVaB1oHUkdaR1JHUkdaSFJHSgZKB0oHWkhJxknGUkdSB1IH
WkhiiGKIYslrCmsKawprCmsKawprCmtKawtrCmsLawtiylqJWkhiiWKJYoliiUnG
IMIxREHGOYVBxknGSgdKB0oHSgdKB0oHSgdKB0oHQgc5xjmGMUUxhTGGOYY5xznH
Occ5xznHOcc5xznHOcc5xznHQgg6CDoHOgcyBzHHOcc5xznHOcc5xzHHMccxxzGH
MccxxjGHKYYphilGIUUQgiCCGIEggiCCKIIogiiCKMIowijCIMIYQRhBGAEYARgB
GAEYQSjDOUUxRSjDMUQ5RTlFOQRBBEEDQQNBA0EDUcZSB1IHUkdSCFJIUkhSCEnH
SgdSCFpJSghBx0oISgdBx1IIWklaSFpIYoliiWKJYohaiFqIYohiyWLJawprCnMK
awprCmMJYspiylqJUkhBxiCCMQQ5RUGFQcZJx0oHSgdKB0IGQcVCBkHHQcc5x0HH
QcdCCEHHQgdCB0IHQgdCCDoHQghCCEIIQghCCEIIQgg6CDoIOgc5xznHOcc5xjnH
MccxxznHOcc5xzHHMccxxzHHMccpximGKYYpRSEEEIIogiCCIIIogiiCKIIogiiC
KIIogjDDKMMgghhBEAEQARABEAEowzEEMUQowjFEOQQ5AzjDOMNAw0DDQMNAw1EE
UgZaB1IHUkdSSFJIUkhSSFJIUkhaSVpJWkhiiVqJWolaiVrKYoliiWLKYspaSGKJ
WolSSFpJYolaiWKJaspaiGKIYslqyWrKaspiiVJIOYYYgikEOYVBxkHGScZBhUGF
QcVBxkHGSgdKB0oHQgdCB0IHQgdCB0HHQghCCEIHQghCB0IHQgc5xznHOcc5xznH
MYYxhjGGMYYpRSlFKUUxhilFMcc5xznHOccxxzHHMccxxzHHMYYphimGIUUZBBBB
IIIggiCCIIIggiiCKIIogjCCMIIwwyiCKIIggiBCGEEQQRABIIMgwyDDKMMxAzDC
MMIwwjjDQMNAwzjDOMI5A1HGUgdSB1JHUkhSSFJIUkhSSFJIWkhaSFpIYoliiWKJ
YoliimqJaolqyWrJasliymLKYspiymLKYsliiWrKWohaiFpIYoliiGKJYolaSUHG
GIEpAzmFOcU5xUHFOYVBxkIGQgdKB0oHSghKB0IHQgdCBznGQcc5xjFEQcZCBznG
Occ5xznGOccxhjnGOccxhjnHMYcxhylGKUYhBSlGKUYpRjnHOccxxzHHMccxxzHH
MccxhjGGKUUpRSkEGMMIQSCBIIEggSiBIIEggSCCKMIogiiCKIIowijCKIIowijC
IMIYgSEDKQQpAyCCKIIogSiBMMIwwjjCOMI4wjiCOMJRhVHGUcZSB1JHUkdJxkHG
UkhSSEHGSgdSB1JHWkhSSFpIYkhaSFoIWkhiiWKKYsliyWLJYsliyWrJaspqymrK
aspiiWKJYolaSFpIUgdJxhiCKQQxRTGGQcZCB0HHQcdBx0HHQcdBx0HHQcc5hjnG
OcYpRDmGOYYpBDmGQcc5xjnHQcc5xznHOcc5xznHOcc5xzHHOcc5hjGHMccxxynH
MccxxzHHMccxxzHHMcYxxjGGMYYxhilFKUUpRRjDCEEggSCBIIEggiCCIIIggiCC
KMIowijCKIIowijCKMIowijCKMIowijDKIIogiiBKIIogSiCMIIwwjCCMIIwgjCC
SYVJxknHSgdKCFIIScZJxlIHUgdKB0oHSgdKB1JHUghKCEoISghBx0nHUghaSFJI
YohiiFpHWkdqiWKIaslqymrKaslqymLKWolaikoIOYUYgSkDMUQ5xUHGQcZBxkHF
OcY5hTnGOYZBxkHGOcY5x0IIOcY5xznHOcc5x0IHQgdCB0IHOcc5xznHOcc5xjnH
OccxhznHOcc5xznHMccxxzHHMccxxzHHMcYxxjGGMYY5hjGGMUUpRSkFIQUYwwhB
IIEggSCBIIIggiCCIIIggiCCKIIogiiCKMIogijCKMIowijCKMIowiiCKIIogiiC
MIIwgjCCMIIwgjCCMIIwwkmGScZJx0oHUgdSB1IHUgdSCFIIWghSSFJIUkhaiFpI
UkhaSVJIUkhaSFJIUkhSB1qJWklSCEoHWklaSVqJUgdSR2LJYsliymLJYolaSEGF
GIEowzmFQcZBxkGGQYY5hjmGOYZBxkHHQgdCB0IHQgdCB0IHQgdCB0IHQgdBxkHH
Occ5xznHOcc5xznHOccxhjHHMYYxhjGGMYYxhjGGMYYphjGGMYYpRTFFKQQpAykD
KUQxRimGKUUpRSEEGMMIQRhBIEEgQRhBIIEggSCBIIEggiCCIIIggiCCIIIggiiC
KIIogiiCKIIowijCKMEogjDCMMIwgiiCKIEwgjCCMIJJhUmGScZKB0oHSgdKB1IH
UgdSB1IIUkhSSFJIUkhaiFpIYohiiGKJYoliiWKJYopiyVrJWsliyVqJWolaiVJI
WkhiiGLJYsliyVqJUklBhhiBKQM5hDmFOUVBxkHGQcZBxkHGQcZBx0HHOcc5xkHG
QcY5hTnGOccxhjnGOcYxhjmHOYcxhjGGMYYxhjGGKUUxhilFMYYxhjGGKYYpRilF
IQQpBClEKQMowyCCIMIgwiDCIQMhBCFEIQQgxBjDEEIYQhhCGEEgQSBBIIEggSCB
IIIggiCCKIIogiiCKIIogSiCKIIogiiCKIIogiiCKIIogjCDMMIogTCCMIIogTDC
QYVBhUHGScdKB0oHUgdSCFIHUghSCFJIUkhSSFJIWohaiGKJYoliyWKJYoliimKJ
YopiiWKJYoliiWqJYsliyWLJYsliyWLJYohaiVJIQcYYgSDCMUQ5hTnGQcZBxkHG
QcZBxkGGOcZBxzFFMUUxRTGGKUUxhjmHMYYxhjHHMYYxhjGGMYYxhjGGMYYxhjGG
MYY5hjGGMYY5hjGGMYYxRSlEIQQhBCDDIIIggiiCIEIggiCCIIIgwyEEIMQYxBCD
GIEYQRhBGEEgQSBBIEEggSCBIIEggSiCIIIogiCCKEIogiiCKIIogiiCKIIogiiC
KIIogiiCKIIogihCKEExA0GFQYVBxknGScdSB1IHUgdSR1IHUkdSR1JHWkhaSFpI
WkhiiFqIYoliiWKJYoliimKJYsliiWLJYsliyWLJYsliyWKIYoliiVqJWolSSEHG
GIIowzlFOYZBxkHGQcZBxjmFQYY5hjFFOcYxRTGFOYY5hjmGOYc5xznHOcc5xznH
Occ5xznHMYc5xznHOcc5xznHOccxxzHHMccxxinGKYUpRCEEIQMYghhBGIIggiCC
IIIgghiBGIIYgxjDGMMQgxiCGEEYQRhBGEEgQSBBIIEggSCBIIIggiCCIIIggiCB
IIEggSDBKIEogiiCKIIogSiBKIEowiiCIEIgQSCBOURBhUGFScZJxknHScdJx1IH
UgdSCFIHUgdSB1JHUkdSSFqIWklaiFqIWohiiGKIYoliiWKJYoliiWrJYsliyWLJ
YsliiWKJWolaiVJIUgdBxhiCKQQ5RTGEOYVBhTmFOYU5hkGGOcZBx0HHQcdBx0HH
Occ5xznHOcc5xznHOcc5xznHMcc5xznHOcc5xznHOcc5xznHMccxxjHGMcYphilF
IQQgwyDCGIEQQRiCGEIggiCCIEIYQRhBGEEYQRCCEIIYQRhBGEEYQRhBGEEYQRhB
IIEggiCCIIIggiCCIIIggiCBIIEggSCCIIIggiCCIIIggiCCIIIgQSBBGEEowzlF
QYVBhUGGScZJxknHScdJx0nHSgdKB1IHUgdSB1IHUkhSSFJIWohaSFqIWohaiFqJ
WoliiWKKYoliiWKIYohiiWKJYoliiWKKWolSSVJIQYYYgiDDKQQpAzmFOYZBxkHG
QcZBxkHGQcZBxkHGQcZBxjnGOcY5xznHOcc5xznHOcc5xznHOcc5xznHOcc5xznH
OccxxjGGMYYxhjGGKYYpRSEEIMMgghhBGEEYQRhCIIIYQhhCGEIQQRBBEEEQQRCB
GEIYQRhBGEEYQRhBGEEggSCBIIIggSCCIIIggSCBIIIggSBBIEEgQiCCIIIggSCC
IIEgQSBBIEEgQSBBOQQ5RTmFQYZBxknGScZJxknGUcZRxlHGSgdKB1IHUgdSB1JH
UkhSSFJIWkhaiVqIWohaiFqIWolaiVqJWolaiVqJWolaiVqJWolaiVqJUkhSCEGG
EIIgwzEEOYU5xkHFQcVBxjmFOYU5hTmFQcZBx0HHQcdBxjnHOcc5xznHOcc5xznH
Occ5xznHOcc5xznHOccxhjHHMcYxxinGMYYxhilFKUUhBCDDGMIQQRABEAEYQRhC
GEEYQhhBEEEQQRBBEEEQQRhCGEEYQRhBGEEYQRhBIEEYQSBBIEEgQSBBIEEgQiBC
IEIYQRhBGEEggSBCIEIgQSBBGEEYQRgBGEEowzlEOUU5RUGFQYZBhknGScZJxknH
UcZKB0oHSgdSB1IHUgdSR1JIUkhaSFpIWkhaSVpIWkhaiVqJYoliiWKJYoliiVqJ
WohaiVqJWohaSFJISgg5hhiBIMIxRDmFOYUxRTlFOUUxRTFFMYUxhTnGOcY5xjnG
OcY5xjnGOcY5xjnGOcY5xznHOcY5xznHOcYxhjGGMYYxhjGGMYYxhjGGMYYxhilF
IQQYwxiCEEEQARABEAEQQRBBEEEIARBBEEEQQRBBEEEYQRhBGEEYQRhBGEEYQRhB
GEEYQhhBGEEYQhhCGEIYQhhCGEEYQRhBIEIgQSBBGEEYQRgBGEEYQSCCMMQ5BDlF
OUVBhUGFQYVJxknGQcZBxknGScZKBkoHSgdSB1IHUgdSB1JHUkdSSFJHWkhaSFpI
WkhaSFqIWkhaiFqJWohaiFqIWohaiFqIWkhSB1IHQYYYQSCDMQQpAzFEMUQxhDmF
OYY5hTnGQcc5xjnHOcY5xznGOcY5xznGOcY5xjnGOcY5xjGGMYYxhjGGMYYxhilF
MYYxhjGGMYYxhimGKUYhBSEEGMMQghBBCAAIARABEAEQARABEAEQARBCEEEIQQhB
GEEYQRhBGEEYQhhCGEEYQRhBGEEYQRhCGEEYQRhBIEEYQRgBGAEYARhBGEEYQRhB
GEEQQRhBGEEowjEEOUQ5RTlFOYU5hUGGQYZBhkHGScZBxkHGQgZBx0oHSgdKB1II
UgdSCFIIUghSSFJIWkhSSFpIWkhaSFpIWkhaSFpIWkhaSFpIWkhaSFpIUkhKCDnG
GIIYwykEKUQxhTmFOYVBhTmFOYU5hTmGOYY5hjGGOYY5hjGGMUUxhjFFMYU5hjGG
MYUxhSlEMYUhBClEKUQpRTGFKUUxhiEEKUUhBClFIQQhBBiDGIIQQggBCAAQARAB
EAEQARABEEEQQRBBEAAIARhBGEEYQRhBGEEYQRhBGEEYQRhBGEEYQSBBGEEYQRhB
GEEQABAAEAEYQRhBGEEYQRBAEAEQQSCCKMMxBDkEOUQ5RDmFOYU5hTmFOYU5hTmF
QYVBhkGGQcZJxknGScZKB0oHSgdKB0oHSgdSB1JHUkhSSFJIUkhSSFpIWkhSSFJI
UkhSSFJIUkhSSEpHQgc5hRhBIIIxBDlFOYU5hTmFOUQxRTFFKQQxRTmGMUUxRTGG
MYUxhTGFMYYxhilFMYUxhTGFMYYpRSlFKUUpRSEEKUUxhiEEKUUpRSlFIQQhRCEE
GQQYgxiCEEIIAQgBCAEIARABEAEQARABEAEIAQgBCAEYQRhBGEEQgRhBGEEgQRhB
GEEYQRhBGEEYQRhBGEIYQhhCEAEQARABEAEQARBBEEEQQBBBGIIgwykDMUQxRDlF
OUU5RTmFOYU5hTnFQYY5hUGFQYZBxkHGQcZJx0nHScdKB0oHSgdKB0oHSgdSB0oH
SgdSB1IHUgdSCFIHUgdSB1IHUkdKB0oHSgdKCEoHOYYYgSDCKQQxRTFFMUUpRClE
KUQpRCkDMUQ5hTGFMYU5hjmGOYYxhjmGMYYxhjGGMYYxhTGGMYYxhjGGMYYxhjGG
MYYxhjGGKUUpRSlFKUUhBCEEGMMYghBCCEEIAQgBCAEIAQgBCAEIAQgBCAEAAQgB
GEEYQRhCGEIYQhhBGEEYQhhBGEIYQRhBGEEYQRhBGEEYQRAAEAEQARABEAEQARAB
EAAYQSDCKMMxBDEEOQQ5RTlFOYU5hTFEMUU5hjmGMQQxRDmFQcY5hUGGQYZBhkHG
QcZJx0HGSgdKB0oHOYVBhUGFScZSB1IHUgdSR0oHSgdKB0oHSgdKB0oHQcZBxjFF
GIIYgiDDKUQxRDFFMUUxRTGGMYUxhTGFOYU5hjmGMYYxhjGGMYYxhjGGMYYxhjGG
MYYxhjGGMYYpRTGGMYYxhjGGMYYphSlFKUUpRSkFKUUhBBjDGMMQghBBCAEIAQgB
CAEIARABCAEIAQgBCAEIARhBGEEYQRhBGEEYQRhBGEIYQRhBGEEQQRhBGEEYQRhB
EEEQQQgACAAIAAgBEAEQARABGEIgwykDMQQxRDlEOUQ5hTmFOYU5RDlFOYU5hTFE
MUU5hkHGQYZBx0HHQcdBx0nHQcdJx0oISghKB0HGQcZBxknGSgdKB0oHSgdBx0HH
QYZBxkHGQcZBxjmGOYYxRRhCGIIowzFEMUQxRTmFOUU5hTmFOYU5hTmFOcUxhTGF
MYUxhTGGMYYxhjGGMYYxhjGGMYYxhjGGMYYxhjGGMYYxhjGGKUUpRSlFKUUpRSlF
IQQZBBjDEIIQQghBCAEIAQgBCAEIAQgBCAEIAQgBCAEYQRhBGEEYQRhBGEEYQRhB
GEEYQRhBGEEYQRhBGEEYQRhBEEEIAQgBCAEIAQgBCAEIARiCIMMpBCkEMQQxRDFE
OUU5RTlFOYU5hTmFMYU5hTmFQYY5hTmFOYVBhkHGQcZBxkHGQgZKB0oHSgdKB0oH
SgdKB0oISgdKB0oHSgdKB0oHSgdKB0oHSgdBxznGKUUQQRiCKMMxBDFEMUQxRTlF
MYU5hTmFOYY5hjmFMYUxhTGGMYY5hjGGMYYxhjGGMYYxhjGGMYYpRjGGMYYxhjGG
MYYxhilFKUUpRSlFKUUhBSEEGMQYwxCDEIIIQghBCAEIAQgBCAEIAQgBCAEIAQgB
EEEQQRhBEEEYQRhBGEEYQRhBGEEYQRBBEEEQQBBBEEEQQghBCAEIAQgBCAEIAQgB
CAEYgiDEKQQpBDEEMUUxRTlFOUU5RUFGOUU5hTFFKQQxRTmGOYUxQzFDMUU5hTmG
OUUxRDmFOYVBhUGGQcZBx0oIQcZBxkHGQcZBxkHGQYY5RUGGScdBxkHGOcZBxjFF
GEIYgiDDKQQpBClEMUQxRTlFOUU5hTmFOYU5hTmFOYU5hjGGMcYxhjGGMYYpRjGG
MYYxhjGGMYYxhjGGMYYxhjGGKUUpRSlFKUUhBSkFIQQhBCEEGMMYwxCCCEEIQQgB
CAEIAQgBCAEIAQgBCAEIARhBEEEQQRBBEEEQQRhBGEEYQRBBEEEQQRBBEEEQQRBB
EEEQAQgBEEEIAAgACAEIARBBGIIoxDEEMQQxRDFEMUQxRTFFOUU5RjlFOYU5hjFF
OYU5hTmFOYUxhTmFQcZBxkHGOYU5xkHGQcdJx0nHScdJx0oHQgdKB0oGSgdJx0nH
QYZBx0HHQcdBhjmFOYYpBBBBEIIgwykEKQQxRDFFMUUxRTFFMUU5RTGFMYUxhTGF
MYUxhjGGMYYxhjGGKYYxhTGGMYYxhjGGMYYxhilFKUUpRSlFKUUpRSlFIQQhBCEE
IQQhBBjEGMMYgxCCEEIIQQhBCAEIAQgBCAEIAQgBCAEYQRBAEEEQQRBBGEEYQRhB
GEEQQRBBEEEQQRBBEEEQQRABCAEIQQhCCAEIAQgBCEEQQSCCKQMxBDEEMQQxRDFE
MUQ5RTlEOUVBRTlFOUU5hTmFQYVBhkGGQYZBxkHGQcZBxkHGScdJx0nHSgdSB1IH
UgdKB0oHSgdKB0oHSgdKB0oHSgdKB0oHSgdCBznHMYUYghiCIQMpRDFFMUUxRTGF
MUUxRTFFMUUxhTGFMYUxhTGFMYUxhTGFMYYxhjGGMYYxhTGFMYYxhjGGMYYpRSlF
KUUpRSlFKUUpRSlFIUUhBCEEGQQYxBjDGMMQggiBCEEIQQgBCAEIAQgBCAEIAQgB
EEEQQRBBEEEQQRBBEEEQQRBBEEEQQRBBEEEQARABEAEQAQgBEAEQQQgACAAIAQhB
EEEgwikDKQMxBDEEMQQxRDlEOUQ5RDlEOUQ5RTlFOYU5hTmFOYVBhkGGQcZBxkHG
QcZBxknGScZJxkoHSgdKB0oHSgdKB0pHSgdKB0oISgdKB0oHSgdCB0HGQcZBhjFF
GIIYgikDMQQxRTFFMUUxRTFFMUUxRTFFMUUxRSlFMYUxhTGFMYUxhTGFMYUxhTGF
MYUxhTGFKUUpRSlFKUUpRSlFKUUhBClFKUUhRSEEIQQhBCEEGMQYwxDDEIIQgghC
CEIIQQgBCAEIAQgBCAEIARBBEEEQQRBBEEEQQRBBEEEQQRBBEEEQARABEAAQAQhB
CAAIABBBCEEIQAhACEEQQRBBIMIpAzEEMQQxBDEEMUQxRDFEMYQ5hDlEOUQ5RTlG
QYY5hjmGOYZBhkGGQYZJhkHGQcZCBkHHScZJx0nHSgdKB0oHQgdKB0oHSgdKB0oG
SgdKB0oHSgdJx0HHQcYxRRiCGIIgwykDMUQxRDFEMUQxRDFEMUUxRTFFMUUxRTGF
MYUxhTGFMYUxhTFFMYYxRTGFMYUxhSlFKUUpRSlFKUUpRSlFIQQpRSlFKUUhBBkE
GQQZAxjDGMMQghCCEIIIgghBCEEIQQgBCAEIAQgBCAEQARABEAEQQQhBEEEQQRBB
EEAQABABEAEQARABEAEQAQgBCAEIAQgBCAEIAQhBEEEQQSDDKQQpAylDMQQxRDFE
MUQxRDFEOUQ5RTlFOUU5RTlFOYU5hTmFOYU5hjmGQYZBxkHGQcZBxkHGQcZBxknG
SgdKB0oHSgdKB0oHSgdKB0IHSgdCB0HGQcY5xjnGMUQYgRiBIMMpAykEKUQpRClE
KUQxRDGEMUQpRTFGKUUxRjFGMUUxRTFFKUUxRTFFMYUpRSlFKUUpRSlFKUUpRSlF
KUUpRSlFKUUpRSEEIQQhBCEEGMMYwxjDGMMYgxCCEIIIQghBCEEIQAgBCAEIAQgB
EAEQAQgAEEEQARABEAEQARABEAEQAQgBCAEIAQgBCAEIAQgBCAEQAQgBCAEIARBB
EEEgwikDKQMpAzEEMQQxRDlEOUQ5RDlEOUQ5hDlFOUU5RTlFOYU5hTmFOYY5hjmG
QYZBhkHGQcZCBkHGQcZBxkHGScdJx0nHScdJx0nHScdJxknGQcZBxkGGQcY5hjFF
GIIYQSDDKQQpRCkEKUQpRClEKUQpRClEKUQpRSlFKUUpRTFFKUUpRSlFKUUpRSlF
KUUpRSlFKUUpRSlFKUUpRSlFKUUpRSlFIQUhBCEEIQQZBBjDGMMYwxjDGMMQgxCC
EIIIQQhBCAEIAQgBCAEIARABEAEQARABEAEQARABEAEQARABEAEQARABEAEQAQgB
CAAIAQhBCEEIAAhBCAEQQRBBIMIpAykDKUMpAykEMUUxRDFEMUQxRDFEMUUxRTFF
OUU5RTlFOYU5hjmFOYU5hUGGQYZBxkHGQcZBxkHGScZJxkHGQcZBxkHGQcdBxkHG
QcZBxkHGQYY5xjmFOYUxRRiCEIIgwykDKQMxBCkEKQQpBClEKUQpRClEKUQpRClF
KUUpRSlFKUUpRSlFKUUpRSlFKUUpRSlFKUUhBClFKUUpRSlFKUUpRSEEIQQhBCEE
IQQYwxjDGMMYwhDDEIIQghCCEEIIQghCCAEIAQgBCAEQARABEAEQARABEAEQARAB
EAEQAQgBCAEIAQgBCAEIAAgACAEQQRBBCAAIAQhBEEEQQSDDKQMpAykEKUQpBCkE
MQQxBDlEMUQxRDFEMUQxRTlFOUU5RTlFOYU5hTmFOYU5hTmGOYZBxkHGQcVBxUHG
QcZBxkHGQcZBxkHGQcZBxkHGOcZBxUHGQcY5hjmFMUQYgRBBIMMpBCkEKQQpBCkE
KQQpBCkEKUQpRClEKUUpRSmFKUUpRilFKUUpRSlFKUUpRSlEKUUpRSEFKUUpRSlF
KUUpRSEEIQQhBCEEIQQgxBjEGMMYwxjDGMMYgxCDEIIQghCCEIIIQggBCAEIAQgB
EAEQARABEAEQARABCAEIAQgBCAEIAQgBCAEIAQgBAAEIARABEEEQQQgACAEIQRBC
EEEgwykDKQMpAykDKQQxBDEEMQQxRDFEMUQxRDFEMUQxRDFFMUU5RTmFOYU5hTmF
OYY5hjmGOYZBh0HGQcZBxkHGQcZBxkIGQcdBxkHGQcY5xkHGQcZBxjmGOYYxhSkE
GEIQQSCDIMQhBCEEKQQpBCkEKQQpBCkFKUQpRClEKUQpRSlFIUUpRSlFKUUpRSEE
KUUpRSlFKUUpRSlFKUUpRSlFKUUhBCEEIQQYwxjDGMMYwxjDGMMQghjDGMMQgxCC
CEIQghBCEEIIAQgBCAEIARABEAEQARABEAEQARABCAEIAQgBCAEIAQgBCAEAAQgB
CAEQARBBCEEIAAgBCAEQQhBBIMMpAykDKQMpAykDMQQxBDEEMQQ5RDFEMUQxRDFE
MUQxRDFEMUU5RTlFOYY5hTmFOYVBhUGFQYVBhkGGQYZBxkHGQcZBxjnGQcZBxkHG
QcY5xjmGOYY5hjFFMYUpBBiCEEEYwiDDIMMgwyjEKQQpBClEKQQpBSkEKQQpRClE
KUUpRSlFKUUpRSlFKUUpRSlFKUUpRSlFKUUpRSlFKUUpRSEEIQQhBCEEGMMYwxjE
GMMYwxjDGMMYwxjDEIIQgghBEIIQghBBCAEIAQgBCAEIAQgBEAEQARABEAEQAQgB
CAEIAQgBCAEIAQgBCAEIAQgBCAEQQQhBCEAIARBBEEEQQSDCIMMpAykDMQMxAzFD
MUQxBDEEMUQxRDFEMUQxRDFEMUUxRTFFMUUxRTlFOUU5hDmFOYU5hTnGOYY5hkGG
QcZBxkHGQcZBxkHGOcY5xjnGOcY5hTmFOYUxhTFFKQQQgghBGIIgwiDDIMMhAyED
IQMpAylEKQQpBCkEKUQpRClEKUQpRClEKUUpRSlFKUUpRSlFKUUpRSlFKUUpRSlF
IQQhBCEEIQQhBCEEGMQYxBjDGMMYgxjCGMMYwhCCEIIQghCCEIIQQggBCAEIAQgB
CAEIAQgBCAEIAQgBCAEIAQgBCAEIAQABCAEIAQgBCAEIAQgCEEEIQQhACEEIQRBB
EEEgwijCKQMpAykDKQMpBCkEKQQxBDEEMUQxRDFEMUQxRDFEMUQxRDlEOUQ5RDlE
OYQ5hDmFOYU5hTmGOYY5hjmGOYY5hTnFOcU5xTmFOYU5hTmFMYU5hTmFMUQxRCED
EEEIQBCCGIMYwyDDIMMgwyEEIQMhAyFEKQQpBCkEKQUpBCkEKUQpRClEKUQpRClE
KUQpRSlFKUUpRSlFIQQhBCEEIQQhBCEEGMMYwxjDGMMYwxjDEIIYwxjDGMMQghCC
CEEQghCCEIIIAQgBCAEIAQgBCAEIAQgBCAEIAQgBCAEIAQABCAEIAQgBCAEIAQgB
CAEIAQgBCAEIAQgBCEEIQRBBIMMgwyjDKQMpAykDKQMpBCkEMQQxBDEEMQQxBDEE
MUQxRDFEMUQxhDFEMUQxRTFFOUY5RjmFOYU5hTmFOYU5hTmFOYU5hTmGOYY5hTmF
OYU5hTlFMYUxhSlFKUUhBBBBCAAQQRiCIIIgwyDDIMMgwyDDIQQhBCEEIQQhBCED
IQQhRClEKUQpRClEKUUpRSlEKUQpRClEIQQhBCEEIQQhBCEEIQQhBBjDGMMYxBjD
GMMYgxjDGMIYwxjDEIIQghCCEIIQghCCCEIIAQgBCAEIAQgBCAEIAQgBCAEIAQgB
CAEIAQgBCAEIAQgBCAEIAQgBCAEIQQhBCAEIQQhBCEEYQiDDIMMowyjDKQMpAykE
KQQpBCkEKQQpBDFEMQQxBDEEMQQxRDFEMUQxRDFFMUUxRTFFOUU5RTmFOYU5hTmF
OYU5xTnFOYU5hDmFOYU5RTFEMUQxBCkDIMIYghCBCEEIAAgBCAEIARBBEEEQQRiC
GIIYwhjCIMMhAyEDIUQhBCkEKQQpBCkEKQQpBCkFIQQhBCEEIQQhBCEEIQQhBCEE
IQQhBCEEGMMhBBjDGMMYwxjDGMMYwxjDGMMYgxCDEIIQghCCEIIQgghBCAEIAQgB
CAEIAQgBCAEAAQgBCAEIAQgBCAEIAQgBCAEIAQgBCAEIAQgBCEEIQQgBCAEIARAB
EEIYghiCIMIgwiDCIMIgwiDCIMIgwyDDIMMgwyjDKMMowyjDKQMxRTGFIQQowyjD
KMMowyjDKMMowiDCIIIgwiCCIIIYghiBEEEYQRBBEEEQARABCAEIAQgBCAEIAQgB
CAEIAQgBCAEIAQgBCAEIAQgBCAEIAQgBCAEQARABEAEQARBBEEEQQRhBGIEYgRiC
GIIgghjCGMIYwhjDGMMYwxjDGMMYwxjEGMMYwxjDGMMQwxDDGMMYwxDDEIIQghCC
EIIIQRCCCEEIQQgBCAEIAQgBCAEIAQgBCAEIAQgBCAEIAQABCAEIAQgBCAEIAQgB
CAEIAQgBCAEIAQgBCAEIAQgBCAEIAQgBCAEIAQgBCAEIARABEAEQQRABEAEQQRAB
EAEQARBBEEEQQRBBCAAIARABEAEIAQgBCAEIAQgBCAAIAQgBCAEIAQgBCAEIAQgB
CAEIAQgBCAEIAQgBCAEIAQgBCAEIAQgBCAEIAQgBCAEIAQgBCAEIAQgBCAEIAQgB
CAEIAQgBCAEQAQgBCAEIAQgBCAEIAQgBCAEIAQgBCAEIAQgBCAEIAQgBCAEIAQgB
CAEIAQhBCEEIQghBCEEIQQhBCEEIQQhBCAEIAQgBCAEIAQgBCAEIAQgBCAEIAQgB
CAEIAQgBCAEIAQgBCAEIAQgBCAEIAQgBCAEIAQgBCAEIAQgBCAEIAQgBCAEIAQgB
CAEAAQgBCAEIAQgBCAEIAQgBCAEIAQgBCAEIAQgACAAIAQgBCAEIAQgBCAEIAQgB
CAEIAQgBCAEIAQgBCAEIAQgBCAEIAQgBCAEIAQgBCAEIAQgBCAEIAQgBCAEIAQgB
CAEIAQgBCAEIAQgBCAEIAQgBCAEIAQgBCAEIAQgBCAEIAQgBCAEIAQgBCAEIAQgB
CAEIAQgBCAEIAQgBCAEIAQgBCAEIAQgBCAEIAQgBCAEIAQgBCAEIAQgBCAEIAQgB
CAEIAQgBCAEIAQgBCAEIAQgBCAEIAQgBCAEIAQgBCAEIAQgBCAEIAQgBCAEIAQgB
CAEIAQgBCAEIAQgBCAEIAQgBEAEIAQgACAAIAQgBCAEIAQgACAAIAQgBCAEIAQgB
CAEIAQgBAAEIAQgBCAEIAQgBCAEIAQgBCAEIAQgBCAEIAQgBCAEIAQgBCAEIAQgB
CAEIAQgBCAEIAQgBCAEIAQgBCAEIAQgBCAEIAQgBCAEIAQgBCAEIAQgBCAEIAQgB
CAEIAQgBCAEIAQgBCAEIAQgBCAEIAQgBCAEIAQgBCAEIAQgBCAEIAQgBCAEIAQgB
CAEIAQgBCAEIAQgBCAEIAQgBCAEIAQgBCAEIAQgBCAEIAQgBCAEIAQgBCAEIAQgB
CAEIAQgBCAEIAQgBCAEIAQgBCAEIAQgBCAEIAQgBCAEIAQgBCAEIAQgBCAEIAQgB
CAEIAQgBAAEIAQgBCAEIAQgBCAEIAQgBCAEIAQgBCAEIAQgBCAEIAQgBCAEIAQgB
CAEIAQgBCAEIAQgBCAEIAQgBCAEIAQgBCAEIAQgBCAEIAQgBCAEIAQgBCAEIAQgB
CAEIAQgBCAEIAQgBCAEIAQgBCAEIAQgBCAEIAQgBCAEIAQgBCAEIAQgBCAEIAQgB
CAEIAQgBCAEIAQgBCAEIAQgBCAEIAQgBCAEIAQgBCAEIAQgBCAEIAQgBCAEIAQgB
CAEIAQgBCAEIAQgBCAEIAQgBCAEIAQgBCAEIAQgBCAEIAQgBCAEIAQgBCAEIAQgB
CAEIAQgBCAEIAQgBCAEIAQgBCAEIAQgBCAEIAQgBCAEIAQgBCAEIAQgBCAEIAQgB
CAEIAQgBCAEIAQgBCAEIAQgBCAEIAQgBCAEIAQgBCAEIAQgBCAEIAQgBCAEIAQgB
CAEIAQgBCAEIAQgBCAEIAQgBCAEIAQgBCAEIAQgBCAEIAQgBCAEIAQgBCAEIAQgB
CAEIAQgBCAEIAQgBCAEIAQgBCAEIAQgBCAEIAQgBCAEIAQgBCAEIAQgBCAEIAQgB
CAEIAQgBCAEIAQgBCAEIAQgBCAEIAQgBCAEIAQgBCAEIAQgBCAEIAQgBCAEIAQgB
CAEIAQgBCAEIAQgBCAEIAQgBCAEIAQgBCAEIAQgBCAEIAQgBCAEIAQgBCAEIAQgB
CAEIAQgBCAEIAQgBCAEIAQgBCAEIAQgBCAEIAQgBCAEIAQgBCAEIAQgBCAEIAQgB
CAEIAQgBCAEIAQgBCAEIAQgBCAEIAQgBCAEIAQgBCAEIAQgBCAEIAQgBCAEIAQgB
CAEIAQgBCAEIAQgBCAEIAQgBCAEIAQgBCAEIAQgBCAEIAQgBCAEIAQgBCAEIAQgB
CAEIAQgBCAEIAQgBCAEIAQgBCAEIAQgBCAEIAQgBCAEIAQgBCAEIAQgBCAEIAQgB
CAEIAQgBCAEIAQgBCAEIAQgBCAEIAQgBCAEIAQgBCAEIAQgBCAEIAQgBCAEIAQgB
CAEIAQgBCAEIAQgBCAEIAQgBCAEIAQgBCAEIAQgBCAEIAQgBCAEIAQgBCAEIAQgB
CAEIAQgBCAEIAQgBEAEIAQgBCAEIAQABCAEIAQgBCAEIAQgBCAEIAQgBCAEIAQgB
CAEIAQgBCAEIAQgBCAEIAQgBCAEIAQgBCAEIAQgBCAEIAQgBCAEIAQgBCAEIAQgB
CAEIAQgBCAEIAQgBCAEIAQgBCAEIAQgBCAEIAQgBCAEIAQgBCAEIAQgBCAEIAQgB
CAEIAQgBCAEIAQgBCAEIAQgBCAEIAQgBCAEIAQgBCAEIAQgBCAEIAQgBCAEIAQgB
CAEIAQgBCAEIAQgBCAEIAQgBCAEIAQgBCAEIAQgBCAEIAQgBCAEIAQgBCAEIAQgB
CAEIAQgBCAEIAQgBCAEIAQgBCAEIAQgBCAEIAQgBCAEIAQgBEAEIAQgBCAEIAQgB
CAEIAQgBCAEIAQgBCAEIAQgBCAEIAQgBCAEIAQgBCAEIAQgBCAEIAQgBCAEIAQgB
CAEIAQgBCAEIAQgBCAEIAQgBCAEIAQgBCAEIAQgBCAEIAQgBCAEIAQgBCAEIAQgB
CAEIAQgBCAEIAQgBCAEIAQgBCAEIAQgBCAEIAQgBCAEIAQgBCAEIAQgBCAEIAQgB
CAEIAQgBCAEIAQgBCAEIAQgBCAEIAQgBCAEIAQgBCAEIAQgBCAEIAQgBCAEIAQgB
CAEIAQgBCAEIAQgBCAEIAQgBCAEIAQgBCAEIAQgBCAEIAQgBCAEIAQgBCAEIARAB
EAEQABAAEAEIAQgBCAEIAQgBCAEIAQgBCAEIAQgBCAEIAQgBCAEIAQgBCAEIAQgB
CAEIAQgBCAEIAQgBCAEIAQgBCAEIAQgBCAEIAQgBCAEIAQgBCAEIAQgBCAEIAQgB
CAEIAQgBCAEIAQgBCAEIAQgBCAEIAQgBCAEIAQgBCAEIAQgBCAEIAQgBCAEIAQgB
CAEIAQgBCAEIAQgBCAEIAQgBCAEIAQgBCAEIAQgBCAEIAQgBCAEIAQgBCAEIAQgB
CAEIAQgBCAEIAQgBCAEIAQgBCAEIAQgBCAEIAQgBCAEIAQgBCAEIAQgBCAEIAQgB
CAEIAQgBCAEIAQgBEAEQARABEAEQARABEAEQAQgBCAEIAQgBCAEIAQgBCAEIAQgB
CAEIAQgBCAEIAQgBCAEIAQgBCAEIAQgBCAEIAQgBCAEIAQgBCAEIAQgBCAEIAQgB
CAEIAQgBCAEIAQgBCAEIAQgBCAEIAQgBCAEIAQgBCAE=
END m9
frame   206 :  a closed book +6.49*  an opened book +4.74*   led 139/  0 h1.00 b0.76 lvl+5.62 d0.48   MATCH an opened book (cos -0.079, nearer by 2.50)
frame   207 :  a closed book +6.71*  an opened book +5.05*   led 134/  0 h1.00 b0.75 lvl+5.88 d0.51   MATCH an opened book (cos -0.087, nearer by 2.50)
frame   208 :  a closed book +6.86*  an opened book +5.45*   led 120/  0 h1.00 b0.71 lvl+6.15 d0.58   MATCH an opened book (cos -0.085, nearer by 2.50)
frame   209 :  a closed book +6.39*  an opened book +4.88*   led 125/  0 h1.00 b0.72 lvl+5.63 d0.55   MATCH an opened book (cos -0.094, nearer by 2.50)
frame   210 :  a closed book +5.69*  an opened book +3.81*   led 146/  0 h1.00 b0.78 lvl+4.75 d0.45   MATCH an opened book (cos -0.101, nearer by 2.50)
frame   211 :  a closed book +5.51*  an opened book +3.16*   led 176/  0 h1.00 b0.84 lvl+4.34 d0.31   MATCH an opened book (cos -0.100, nearer by 2.50)
frame   212 :  a closed book +5.63*  an opened book +2.53*   led 228/  0 h1.00 b0.95 lvl+4.08 d0.10   MATCH an opened book (cos -0.103, nearer by 2.50)
enrol     : an opened book, level +2.87 (20 frames)
enrol     : 2 classes, nearest pair 3.44 apart, absent beyond 6.88 (2.0 sep)
            'an opened book' SITS 0.44 SEP FROM THE ORIGIN, which is where a scene identical to
            the frozen background lands. Presence cannot separate the two, so an empty
            desk will read as that class. Re-freeze the background ('N') on a scene
            that is actually empty, or enrol a class that looks less like it.
frame   213 :  a closed book +5.45*  an opened book +2.50*   led 140/  4 h0.83 b0.92 lvl+3.98 d0.17   MATCH an opened book (cos -0.099, nearer by 2.28)
frame   214 :  a closed book +4.96*  an opened book +1.92*   led 130/  5 h0.81 b0.91 lvl+3.44 d0.19   MATCH an opened book (cos -0.105, nearer by 2.15)
frame   215 :  a closed book +5.06*  an opened book +1.98*   led 126/  6 h0.80 b0.90 lvl+3.52 d0.20   MATCH an opened book (cos -0.100, nearer by 2.10)
frame   216 :  a closed book +3.72*  an opened book +1.52*   led 244/  0 h0.99 b0.99 lvl+2.62 d0.01   MATCH an opened book (cos -0.105, nearer by 3.35)
frame   217 :  a closed book +4.09*  an opened book +1.72*   led 215/  0 h0.95 b0.97 lvl+2.91 d0.05   MATCH an opened book (cos -0.100, nearer by 3.10)
frame   218 :  a closed book +4.61*  an opened book +1.61*   led 134/  5 h0.82 b0.91 lvl+3.11 d0.18   MATCH an opened book (cos -0.102, nearer by 2.21)
frame   219 :  a closed book +4.74*  an opened book +1.63*   led 123/  6 h0.80 b0.90 lvl+3.19 d0.20   MATCH an opened book (cos -0.102, nearer by 2.05)
frame   220 :  a closed book +5.43*  an opened book +2.31*   led 122/  6 h0.80 b0.90 lvl+3.87 d0.20   MATCH an opened book (cos -0.094, nearer by 2.04)
frame   221 :  a closed book +5.97*  an opened book +2.57*   led  96/ 10 h0.74 b0.87 lvl+4.27 d0.26   MATCH an opened book (cos -0.097, nearer by 1.64)
frame   222 :  a closed book +5.89*  an opened book +2.98*   led 144/  4 h0.84 b0.92 lvl+4.44 d0.16   MATCH an opened book (cos -0.094, nearer by 2.34)
frame   223 :  a closed book +5.32*  an opened book +2.44*   led 147/  4 h0.84 b0.92 lvl+3.88 d0.16   MATCH an opened book (cos -0.102, nearer by 2.37)
frame   224 :  a closed book +5.72*  an opened book +2.50*   led 112/  7 h0.78 b0.89 lvl+4.11 d0.22   MATCH an opened book (cos -0.098, nearer by 1.90)
frame   225 :  a closed book +5.66*  an opened book +2.52*   led 120/  6 h0.79 b0.90 lvl+4.09 d0.21   MATCH an opened book (cos -0.098, nearer by 2.01)
frame   226 :  a closed book +3.21*  an opened book +1.04   led 247/  0 h0.99 b0.99 lvl+2.13 d0.01   MATCH an opened book (cos -0.114, nearer by 3.37)
frame   227 :  a closed book -1.00  an opened book -1.36   led 164/  0 h1.00 b0.82 lvl-1.18 d0.36   MATCH an opened book (cos -0.129, nearer by 3.44)
frame   228 :  a closed book +0.66  an opened book -1.86   led 194/  1 h0.92 b0.96 lvl-0.60 d0.08   MATCH an opened book (cos -0.118, nearer by 2.89)
frame   229 :  a closed book +1.43*  an opened book -3.26   led  27/ 34 h0.47 b0.76 lvl-0.91 d0.47   MATCH a closed book (cos -0.088, nearer by 0.19)
frame   230 :  a closed book +0.56  an opened book -4.94   led  13/ 79 h0.31 b0.85 lvl-2.19 d0.31   MATCH a closed book (cos -0.104, nearer by 1.33)
frame   231 :  a closed book -0.04  an opened book -6.29   led   3/149 h0.15 b0.92 lvl-3.16 d0.15   MATCH a closed book (cos -0.104, nearer by 2.40)
frame   232 :  a closed book -0.80  an opened book -6.53   led  10/ 97 h0.26 b0.87 lvl-3.66 d0.26   MATCH a closed book (cos -0.109, nearer by 1.66)
frame   233 :  a closed book +0.01  an opened book -5.57   led  12/ 85 h0.29 b0.86 lvl-2.78 d0.29   MATCH a closed book (cos -0.094, nearer by 1.45)

enrol     : the next 20 frames are 'a closed book'. HOLD THE SCENE STILL until it lands.
frame   234 :  a closed book +2.50*  an opened book -3.61   led   5/133 h0.18 b0.91 lvl-0.56 d0.18   MATCH a closed book (cos -0.071, nearer by 2.19)
frame   235 :  a closed book +3.81*  an opened book -2.49   led   3/154 h0.14 b0.93 lvl+0.66 d0.14   MATCH a closed book (cos -0.075, nearer by 2.46)
frame   236 :  a closed book +4.10*  an opened book -2.25   led   3/160 h0.13 b0.93 lvl+0.93 d0.13   MATCH a closed book (cos -0.081, nearer by 2.52)
frame   237 :  a closed book +4.62*  an opened book -1.57   led   4/142 h0.17 b0.92 lvl+1.52 d0.17   MATCH a closed book (cos -0.077, nearer by 2.30)
frame   238 :  a closed book +5.48*  an opened book -0.94   led   2/170 h0.12 b0.94 lvl+2.27 d0.12   MATCH a closed book (cos -0.071, nearer by 2.64)
frame   239 :  a closed book +6.07*  an opened book -0.72   led   0/221 h0.04 b0.98 lvl+2.67 d0.04   MATCH a closed book (cos -0.071, nearer by 3.14)
frame   240 :  a closed book +5.79*  an opened book -1.01   led   0/223 h0.04 b0.98 lvl+2.39 d0.04   MATCH a closed book (cos -0.078, nearer by 3.17)
frame   241 :  a closed book +5.67*  an opened book -0.86   led   1/184 h0.09 b0.95 lvl+2.41 d0.09   MATCH a closed book (cos -0.078, nearer by 2.79)
frame   242 :  a closed book +5.09*  an opened book -1.29   led   2/165 h0.12 b0.94 lvl+1.90 d0.12   MATCH a closed book (cos -0.084, nearer by 2.58)
frame   243 :  a closed book +5.35*  an opened book -1.47   led   0/228 h0.03 b0.98 lvl+1.94 d0.03   MATCH a closed book (cos -0.076, nearer by 3.21)
frame   244 :  a closed book +5.84*  an opened book -0.70   led   1/185 h0.09 b0.95 lvl+2.57 d0.09   MATCH a closed book (cos -0.073, nearer by 2.79)
frame   245 :  a closed book +5.78*  an opened book -0.68   led   2/175 h0.11 b0.95 lvl+2.55 d0.11   MATCH a closed book (cos -0.077, nearer by 2.69)

snapshot  : frame 246, mean RGB 84 84 85
BEGIN m9 128 128 32768 37c599dc
QghCBzGFOcZKSEpISgdBx0IHUolSykpJQgdKSVKKWstKiUqJUspjTGNNY01jTWNN
W0xrjXPPdA9rzmvOfA98D3wQdA9zz3wQfBBzz3PPfBCEUIRRfBB8D4RQhFCEUXwP
fBCEUYRRhFGEUYRQfBCEUIRRjFGEEHwQhBCEUIRRfBB8EIRRhFGEUXxRfBB8UYRR
hFF8EHwQhFF8UHwQc898EHxQfFB8EHQPc890EHQQc89zz3PPc89zz3PPc89zz2uO
a45rjmuOY41jjWONY45bjVtNW01bTVtNUwxLDEsMUwxLC0rKSstKy0rLSstCykLK
SopKikqKQopCSUJJQklCSUIIQgcxhTGGSghKCEIIQghCB1KJUopSSUHHSklailrK
UolKSVLKYwxjTWNNY01jTWNMa41zz3PPa45zznwPfA+ED3PPc898EHwQc9Bzz3wQ
hFCEUYQRe9CEEYRRhFF8EHwQhFGEUYRRhFF8EHwQhFGEUYRRhFF8EHwQhFGEUYQQ
fA+EUYRRhFF8UXwQhFGEUYRRfBB8EIRQhFB8EHQQfFB8UXxQfBB0EHPPfBB8EHPP
c89zz3PPc89zz3PPa49jj2OPa49rjmNOY05jTmOOW01bTVtNW01bTVMMUwxLC1NL
SwtCy0rLSstKy0rLSstKikqKSopKikKJOkk6STpJQklCB0IHMYUxxkpISkhKCEIH
QgdSiVKKSkk6B0pJUotay1KJSklSi2MMY01jTWNNY01jDGuOc89zz2uOc858D3wP
fBBzz3PPfBB8EHvPc898EIRQhFGEEHvPhBCEUYRRfBB8EIRRhFGEUYRRfBB8EIRR
hFGEUYRRfBB8EYRRhFGEEHwQhFGEUoRRhFF8EIRQhFGEUXwQfBCEUYRRfBBz0HwQ
fBF8EXwQfA9zz3wQdBBzz2vOc89zz3PPc89zz2vOa45jjmuOa45jjWONY45jjltN
W01bTVtNW01TDFMMUwxTDFLLSstKy0rLSstKy0rKQopCikKKQkpCiUJJQkk6CDoJ
SgdBxzGFOYZKCEpIQgg5yDnHUolailJJQcdKSVKKWstKSUpJUopjTGNMY01jTWNN
W0xrjnPPc89rjnPPfA98EHwQc89zz3wQfFBzz3PPfBCEUIRRhBB7z4QQhFCEUXwQ
fBCEUYRRhFGEUXwQfBCEUIRRhFGEUXwQhFGEUYxRhBB8EIQRhFGEUYRRfBCEUYRR
hFF8EHwQhFGEEXwQfBB8EIQQfBB8EHQPc89z0HwQc89zz3PPc89zz3PPc89rz2uO
Y45rjmOOY41jTmONY45bTVtNW01bTVNMUwxTDEsLUwxLC0rKSspKy0rLSspKikKK
QopCikKKQklCCToIOgg6CEoHSgYxhTGFSkhKSEIIQgdBx1KKUopKSToHSklSylrK
SklKSVKLYwxrTWtNY01jTGMMa45zz3PPa45zznvPfBB8EHPPc898D3wQe897j4QQ
hBGEEYQRe9CEEYRRhFF8EHwQhFGEUYRRhBF8EHvQhFGMUYxRhFCEEIQQhFGMUYQQ
hBCEUYxRjFGEEXwQhFGEUYRRfBB8EIRRhFF8EHvPhBCEEIQQhBB8EHPPdA98EHPP
c89zz3PPc89zz2vPa89rzmOOa45rjmONW41bjWONW01bTVtNW01bTVNMUwxKy1sM
SstKy0qKSstKy0qKSopCSUKJQolCSTpIOkg6CDoIOghCB0oHOYY5hkoISghCCEHH
QgdSiVqKUklBx0pJWspay0qJSklSi2MMa0xrTGtMY0xjDGuOc897z3OOc85zz3wP
fBB8D3vPhBCEEHvPe8+EEIQRhFGEEHvPhBGEUYRRfBB8EIxRjFGMUYRRfFB8D4RR
jFGMUYRQhBCEUYRRjFKEEIQQjFGMUYxRhFF8EIRRhFGEUXwQfBCEUIRRhBB8EIRQ
hFCEUHxQfBB0D3QQfBBzz3PPc9Bzz3PPc89zz3PPa85rjmvPa85jjmONY41jjltN
W01TTVNNU01LDEsMSwtTDEsLSspKikqLSopKikqKQklCSUJJQklCSDoIMgcyCDHH
SghKCDmGOcZKSEpISkhCB0IHUolaylKJQgdKSVrLWstKSUpJUotjDGNNY01jTWNN
Y0xrjnPPe89zjnPOfBB8EHwQc89zz3wQfBB7z3PPfBCEEYRRfBB8D4RQhFGEUXwQ
fBCEUYxRjFGEEYQQhBCMUYxRjFGMUIQQjBCMUYxRhFGEEIxRjFKMUYRQhBCEUIRR
hFF8EIRQhFGEUXwQfBCEUYRRhFCEEHwQc898EHwQc89zz3PPc89zz3QPbA9rz2uO
Y45jzmvOY41bjVuNY45bTFtNU01bTVtNUwxTDErLUwtKykqKSopKikqLSopKikJJ
QklCSUJJQgg6CDIHMcc5x0oHQgcxhTmGSghKCUoIQcdByFKKWspKSToHSklaylrK
SklKSVKKYwxrTWtNa01jTWNMa45zz3PPc49zz3wQfBB0EHQPc898EHwQc897z4QQ
jFGEUYQQe8+EUIRRhFF8EHwQhFGMUYxRjBGEEHwQjFGMUYyRhFGEUIRRjFGMUYxR
hBCMUYxRjFGEUYQQjFGMUYxRhBCEEIRRjFGEEHwQhFGEUYRRhFF8UHQPfBB8EHPP
c89zz3PPc890D3QPc89rzmuOa49rjmNNY01bTWOOW01bTFNMU0xbTFMLUwpKy1LM
SstKikqKSopKikqKSopCSUJJQklCSTpIMggxxzHHMcdCB0IHMYU5hkpISkhCCEII
OcdSilKKSok6B0pJUopay0pKSkhSymtMa0xrTGtNY0xjDHOOe85zz3OOc498EHwQ
fBBzz3vPhBCEEHvPe8+EEIwQjFGEEHvPhFCEUYRRe9CEEIxRjFGMUYxRjFCEEIxR
jFGMUYRRhFGMUYyRjJKEUYRRjFGMUYxRhFGEEIRRjFGMUYQQhBCEUYxRhBCEEIRQ
hFGEUYRRfFB8D4RQfBBzz3PPc89zz3PPfA90D3PPa89rjmuOa85jjWONY41jTVtN
W01TDFNNW0xTC0sLSspTC1LLSopKSkKKSopCiUJJOkg6SDpIOkg6BznHMcYpxjHG
SghCCDGGOYZKCEoISghCB0IHUolSylKJQgdKSVrKWspKSUpJWsprTGtMa0xrTWtN
YwxzjnvPe89zjnPOfA98EHwQdBB7z4QQhBB7z3vOhBCEUIRRfFB8EIRRhFGEUXwQ
hBCMUYxRjFGMUYQQhBCMUZSSjJKMUYxRjFGUUZSSjFGMUYySjJKMkoxRhFCMUYxR
jFGEEIxQjFGMUYwQhBCEUYRRhFGEUXwQfA98EIQQfA97z3wPdA90D3QPdA9zz2uP
a45rj2uOY41jTWNNY01bTFtMUwxTDFtMUwtKy0rLUwtKy0qKQopCiUKKQolCiTpI
QkhCCEIIOggxxzGGMYYxhkIIQggxhjmGSklKSEIIQgdCB1KKWopSSUIHUklaylrL
SklKiVrLa0xrTGtMa01jTGMMa45zz3vPc45zz3wQfBB8EHwPe8+EEIQQe897z4QQ
jFCEUYRQfA+EUYxRjFGEEIQQjFGMUYxRjFGEEIQQlFGUkpSSjFGMUYyRjJKUkoxR
jFGMUYxRjJKMkYRRjJGMkYyRhBCMUYxRjFGEUYQQjFGMUYxRhBGEEXwQhFGEEHwP
dA98D3wPfA98D3wPc89zzmuOc45rzmONY01bTWNOW01bTVNMU0xTTFMLSwtKylML
SspKykKJQolKikKJQklCCDoIOgg6CDnIOccxhjFFMYZCCEIIMYYxhkpISklKCEIH
QghSilKLUkpByFJJWstaykpJSolaymNMa01rTWNNY01jTHOOe897z3uOe86EEIQQ
fBBzz3vPhBCEEHvPe8+EEIQQhFGEEIPPjFGMUYxRhBCEUYyRjJKMkYxRhFGEUYyS
lJKUkoxRjFGMUZSSlJKMUYxRjFGUkoxRjFGMUZSSlJKMkoRRjFGMUYxRjFGEUYxR
jFGMUYxQhFCEEIRQfFB8D3wQfBB8EHwQfBB8D3QPc85rzmvOa85jjWONY01jjWNN
WwxTC1MMUwxTDErLSspTC0rKSopCSUKJSolKiUpJQgg6CDoIOgg5xzHHKYYphimH
QghCCDGGMYZKCEpISghCB0IHUolSykqJOgdKSVrLWstKSEpJWstrTGtMa01jTGNM
Y0xzjnvPe89zjnvOhBB8EHwQdA97z4QQhBB7z3vPhBCEEIRRhBB8D4RRjFGMUYQQ
hFCMkYyRlJGMUYxRjFGUkpSSlJKMUYxRlJKUkpSSjFGMUZSSlJKUkoySjFGMkpSS
jJKMUYySjJKMkoyRjFGMUYxRjFGMUYxRhFGEUYRRfBB8EHwQfBB8EHwQfBB0EHQP
dA90D3QPa89rz2uOa89bjlNNUwxTDFMMUsxSy0rKSstKykqKQolCiUqKQolCiToI
Ogg6CDoIOcgxxymGKYYxhkoISggxhjGGSkhKSEpIQgdCBlKKWopSSUHHUklaylsL
SklKSVrLa01rTWtNY01jTWMMc497z3vPc457j3wQfBB8EHPPc8+EEIQQe497z4QQ
jFGEUYRQfBCEUYxRjFGEEIwQjFGMUZSSlNKUkpSSlJKUkpSSlJKUkpSSlJKUkpSS
lJKUkpSTlJOUk5STlJKUkpSSlJKUkoySjJKMkoyShJKMkoySjJKMkoySjJKMkYRS
hFKEUoRRfFGEUYRRhFGEUXxRdA90D3QPdBB0EHQQY45TTVMMUwxTTFMLSstCikrL
SopKikKKSolKiUqJQkk6CToJOcg5yDnIMccphilGKUZCB0IHMYU5xUoISkhKCEIH
QgdSilrKSolCB1KJWspjC0pJUopay2tNa01rTWNNY01jTHOOe897z3OOe898EHwQ
fBB8D3vPhBCEEHvPe8+EEIxRjFGEEIQQjFGMUYxRhBCEUIQQhBCMkpSSlJKUkpSS
lJKUkpSTlJKUkpSTlJOUk5STlJOUkpSTlJKUkpSSlJKUk5SSlJKUkoySjJKMkoyS
jJKMkoSSjJKEUoxShFKEUoRRhFGEUXwOc818DoRRfFF8UXOHa0ZzR4PPc89TDFtN
W0xTC1NMUwxTC0rKSopSykqKSopCSUqJSopCikKKOgg6CDoIOcgxxzGHKUYpRSlG
QghCBzGGMYZKSUpIQghCB0IHUopSilKJOgdSiVrKWstKSUpKWstrTWtNa01rTWNN
Y0xzznvPe89zjnvPfA98EHwQe897z4QQhBB7z3vPhBCEUIRRhBCED4xRjFGEUXwQ
hBCEEIRQlJKUkpSSlJOUk5STlJOUk5SSlJKUkpySlJKUkpSSlJKUkpSSlJKUk5ST
lJOUk4yTjJKMkoySjJKMkoySjJKMkoySjFKMUoxSjFKEUYRRhBFziGuHe8h8UHxQ
fFBrh2uHc4iEDoPOGUUyCFsMUwtbTFtMUwtSy0qKUspKikKJQklCiUKKQopCSToI
Ogc6CDoIMccxhylGKQUpRUIIQggxhjGGSklKSUoIQgdCB1KJWopKSTnHUolay1rL
SklKSVrKawxrTWtNY01jTGMMc45zz3vPc45zznwQfBB70HPPe9CEEIQQe857z4QQ
jFGMUYQQfBCEUYRRjFF8EHwQc8+EUJSSlJKUkpSSlJKUkpSSlJKUkpSSlJKUkpSS
lJKUkpSSlJOUk5STlJOUkpSSlJKUkoySjJKMkoySjJKMkoySjJKMkoxSjFKMUoRS
hFKEUoRRe8lziHOIfFCEUHwQc4prSXOKhA18DSGEMgdbDFMLU0tTDFMLSstKykrL
SotKikJJSolKiUKJQkk6CDnIOcg5yDnHMcYpRSlFKUVKCEIIMYYxhkpJSkhKSEIH
QgdSilKKUklCCFKKWstjC0pJSolay2tNa0xrTWMNYwxjDHPOe897z3OOe858D3wQ
fBBzz3vPfBCEEHvPe8+EEIxRjFGEEIQQjFGMUYxRfBB7z2tNhBGUkpSSlJKLzoON
k857DIvOe0yDzowPnJGMD4wPhA+MUZTSlJOUk5SSlJKUkpSSlJKMkoySjJKMkoyS
jJKMkoySjJKMkoxShFKEUoRShFGEUXwNc8xzzYQQfFF8UXxRfBF0EHQQc9AyBzoI
WwxSy1MMUwxTC0rLSopKy0rLQopCSUKJQopCiUJJOgg6CDoIMccxxymGKUUhRSlF
QghCCDGGOYZKCEoJSghCB0IIUopSykqJQgdSiVrLWstKSVKJWstrTGtNa01rTWNM
Y0xzznPPe89zjnvPhBB8EHwQc898EHwQhBB7z3vPjBCMUYxRhBGEEIxRjFGMUXvP
e85rTYRRlJKUkpzTe46MEJPQeouDDHrLe0yDjqRRg457TovQlJOUk5STlJOUk5ST
lJKUkpSSjJKMkoySjJKMkoyRjJKMkoySjJKMUoxShFKEUoQShFGEUYRRhFF8UXxR
fFF8UHwQfBB0EHQQdBBrz1MMUwtTC1MMUstSy0KKSstKikKJQkpCikKKQopCSToI
Ogg6BzHHMcYxhilFKUUpRUIIQggxhjmHSglKSUpIQghCB1KJUslKiEIHUolaymLL
UklSiVrLa0xrTGtMa01jTGMMc45zz3PPc457z3wPfBB8EHvPfA+EEIQQe897z4QQ
jFGMUYQQhBCMUYxRjFF7z3OOc46MUZSSlJKUkoPPe46cUZPQg497TYOOg46Lz3tM
g46UkpyTlJOUk5STlJKUkpSTlJKUkpSSjJKMkoySjJKMkoyShJKMkoxSjFKMUoRS
hFGEUYRRhFGEUYRRfFF8UXxRfFB8UXQRdBF0EHQQa89TDFLLWwtTC1LLSstKikrL
SotCikKKQolCikKJQkk6CDoIOcgxxzHHMYYhRSFFKUVKCEIIMYY5h0oJSghKSEIH
QgdSiVKKUklCB1KKWstbC0qJUolay2tNa01jTWNNY0xjDHOOe897z3OOe8+EEIQQ
hBB7z3vPhBCEEHvPe8+EEIRRjFGEUYQQjFGMUYxRe89zjmuOjFGUkpzSlJKDz4wQ
jBCMEYxRlFKUUYwQjBCUEYwQjFGUk5SSlJKUkpSSlJKUkpSSlJKUkpSSjJKMkoyS
jJKMkoSShJKMUoxShFGEUoRRhFF8UXxRfFF8UXxRfFF0UXxRfFF8EXwRYopJx1JI
UwtSy1MLUwtKy0qLSopKi0rKSolCSUKJQopCSkJJOgg6BzHHMccxhymGIUUpRSlF
QghCCDHGOYZKCUoJSglCCEIIUopSikpJQgdSilrLWsxKSUqJWstrTGtNa01jTGNM
Y0xzznvPe89zjnvPhBCEEHvQe898EIQQhBB7z3vPhBCMUYxRhBCEEIxRjFGMUXvP
c45zjoxRlJKUkpSShBCMUYxRjFCMUZSRlJKMUYxRjFGMUYxRlNOUk5STlJOUkpSS
lJKUkpSSlJKUUoySjJKMkoySjJKMkoxSjFKMUoxShFKEUoRRhFGEUYRRhFF8UXxQ
fFF8EXwRfBF8EFoJMQQ5RVMLUwtTC1MLUstKykqKSstKykKJQolCiUKKQkpCCTnI
OcgxxzHHMcYphiFFIUUpRUoIQgcxhjnGSklKSUpJQghCCFKKUopKSUIIUopay1rL
UklSilrLa01rTWNNY01jTWNMc857z3vPc457z4QQhBCEEHvPhBCEEIQQe897z4QQ
jFGMUYQQhBCMUYxRhBB7z3OOc46MUZSSlJKUkpSSlJKU05STlJOU05TTlJOUk5ST
lJOUk5STlJOUk5STlJKUkpSSlJKUkpSSlFKMkoySjJKMkoySjJKMkoxSjFKMUoxS
hFKEUoRRhFGEUYRRfBF8EXwRfBB8EXwRdBBiCUEFQQVbC0rLUwtTC1LLSspKiUqK
SopCiUJJQklCiUJJQkk6CDnHMccxxymGKYYhRSlFKUVKCEIIOcY5x0pJSklKCUII
QghailrKUolCSFKKWstjC1JJUopay2tNa01rTWtNa01jTXPOc89zznOOe8+EEIQQ
hBB7z4QQhBCEEHvPg8+EEIxRjFGEEIQQjFGMUYQQc85zjmtNjFGUkpSSlJOUk5ST
lJOUk5STlNOU05TTlNOU05TTlJOUk5SSlJKUk5STlJOUk5STlJKUkpSSlJKMkoyS
jJKMkoSSjJGMkoxSjFGMUoRShFGEUYRRfA50DXwNfE9bi2ONa850EHQQY01Si0qK
UwtKylLLUwtSy0qKSopKikqKQopCiUKJSolCSUIIOgc5xznHMccphimGIUUhBCFF
SklKSDnGOcdKSUpJSklKCEpIWspaylKJSkhaylsLYwtSilKKYwxrTWtNa01rTWtN
a0x7z3vPe89zjnvPfA98EHvQe897z4QQhBB7z3vPhBCEEIxRhBCEEIxRhFGEEHvP
c45rTYxRlJKUkpSTlJOUk5STlNOU05TTlNOU05TTlNOUk5STlJOUk5STlJOUk5ST
lJOUkpSSlJKUkpSSjJKMkoySjJKMkoxRjFKMUoxShFKEUoQRhFGEUGuIa4hzyXyL
OsUyhEMHbFFjz1uOW45rjkqJSspKy0rLSstCikKKSstKikKKQklCSkJJQklCSTIH
MccxxzHHKYYphiEFIQQhRUpJSklCCEIIUolSiUqJSkhCSFrKWspSikoJWstjDGMM
UopSimMMa01rTWtOa01rTWtNe897z3vPc457z4QQhBCD0HvPhBCEEIQQe897z4QQ
hBCMUYQQhBCMUYxQhBB7z2tNa02MUZSSlJOUk5STlJOUk5STlJOUk5STlJOUk5ST
lJOUk5STlJOUk5SSlJKMkpSSlJKUkpSSlJKUkoySjJKMkoySjJKMkoySjJKMUoxS
hFGEUYRRhFBzh3OHe8h8SzqFMkZDCWRQS00yijKKY446SErLUstSy0rLSopCikqL
SopCSUJJQklCiUJJQggxxzHHMccphymGKUYhBSEEIUVKSUpJOcdCB1KKUopSikqJ
Sklay2MLUopKSVrLWwxjDFKKWstjDGuNa41rjmtNY01rTXvPe897z3OOe8+ED4QQ
g897z4PPhBCEEHvPe8+EEIxRjFGEEIQQjFGEEHvPc45rTXOOlFKUkpSSlNOMUXOO
a02UkpSTlJNzjoQQlJKUkpSSa46MUZSSlJKMUoyShFFzz4RRlJKUkpSSlJKMkoyS
jJGMkoyShJKMUoxSjFGMUoRShFGEUYRRc8prinPLdAxLCULIU4tsUUuOKooqimPO
OkhKyksLSstKy0qLQopKy0qKQoo6SUJJQkpCSkIJOcg5iDHHMYcphilGIQUhBSEF
SklKSUIIQghSiVKJUolKSUqKWsxjDFrLUopay2MMYwxSy1sLY01rjWuNa45rjWtN
a01zznvPe89zznvPhBCEEIQQe8+EEIQQhBB7z3vPhBCEEIxRhBCEEIxRhBB7z3OO
a01zjoxRlJKUkpSSe885x0IIjFGUkpSSOceMUZySnNNjDCDEawx7jpRQQcc5hiEE
OYZ7z5SSlJOUk5STlJKUkoySjJKMkYySjFKMUoxSjFKEUYRRhFGEUXxQfA57znvO
hA1zy2uKa4tTjzqLOotjj0KKSotKy0rLSopKikKKSspCikKKOklCSUJJQklCCTnI
MccxxymHKYYphSEEIQQhBFJJUkpKCEoIUopaylLKUolSiWMLYwxay1KKYwxjDGNM
WstbC2NNa45rjmuOa45rjmtNe897z3PPc497z3wPhBCEEHvPe8+EEIQQe897z4QQ
jFGMUYQQhBCMUYQQhBBzjmtMa02UkZSSlJKUkoQQSklayznGlJKEEClGhBGUkpzS
Yw06CHvPOgd70IQQYwxKSHOOe8+UkpSSlJKUkoySjJKMkoySjJKMUoxSjFKMUoxS
hFKEUYRRhFGEUHOHa4d7x4xKc4drRmtGbA9sD2PPW05Ki0KKSwtSy0rKSspCiUrK
SopCiUJJQklCSTpJOggxxzHHMccxhzGGKUUhBCEEKQRSilKKSklKSVrKWspaylLK
UopjC2MMYwtSimMMY0xjTFsLYwxrTXOOc45zzmuOa45rjnvPfA97z3vOe8+ED4QQ
hBB7z4QQhBCEEHvPe8+EEIQQhFGEEIQQhBCEEHvPc45jDHOOlJKUkpSSjFExhilE
OcchA4xRSolCCEIIlJKUklKKa01KSXvPlJOUkjHHjFF7z5SSlJKUkpSSlJKMkoyS
jJOMkoySjFKMUoxSjFKMUoRShBGEUYRRhFF7h3NGc0aDh3uGawdrR4vPi88xhhjD
OcdCSFLKSstKykqKSkpKi0KKQopCSUJJQkk6CDoIMccxxynHKYcpRilGIQUhBCEE
UopSikpJSklSylrLWstay1rLYwxjDGLLUopjDGMMa01ay2MMa01zjnOOc45zjmtN
a017z3wPe897znvPhBCEEIQQe8+EEIQQhBB7z3vPhBCEEIxRhBB7z4QQe897z3OO
Ywx7z5SSnNOc04QQKUVjDEpJSklzjjGGjBBBx1qKg89ByEHHKQRizJRSnJI5x3vP
lFGUkpSSlJKUkoySjJKMkoySjJKMkoxSjFKMUoxSjFKEUYRRfBB8EIRPe8lziHtH
awVrBmMHY0d7zXOMKQQowzFFQklKy0rLSopCikKKSspCikKJQklCSUJJQgk6CDHH
MccpxymHKYYhRRkEIQQhBFKKUopSilKKWstay1sLWwtay2MMYwxjDFrLY0xrTGtN
YwxjDGtNc45zjnuOc45rjWuNc8970HvPe457z4PPhBCEEHvPe8+EEIQQe897z4QQ
jFGMUYQQe8+EEHvPe89zjmMMc46UkpSTnJOUk3vPjFFSi5yThBFzToxRMYZSi5SS
lJJCCTGGUoqUkpyTe48xhnvPlJKUkpSTlJKUkoySjJKMkoyShJKMUoxRjFKMUoxS
hFGEEHuPe8+EEHxQfBB8EHPPSopKikJKc49rTjDCKMI5REqKUstSy0qKQopCikqK
QopCikJJQklCSUJIOggxxzHHMYcxhymGKUUhBCEEIUVSy1sLUopSilsMYwxjDGLL
WwtjTWNNYw1ay2tNa01zjmtNa01zjnOOc45zjnOOa45zjnvPg897z3OOe8+D0IQQ
g897z4PPhBCEEHvPe8+EEIQQjFGEEIQQhBB7z3vPc45jDHvPlJKUkpSSlJOUk5SS
lJKU05SSlJKUk5SSlJKU05STjJKMUpSSlJKUkpSSjFKUk5STlJKUkpSSlJKUkpSS
jJKMkoySjFKMUoxSjFGMUYwRhBF7znPOfA6ET3wOc0prCWsJYslSymuNa00wwzDC
OQNKilKLUotKikKKQklKikqKQolCSUJJQko6SToIMccxxzGHKYcphilFIQQhBCEE
WwxjDFrLWstjDGMMY0xbDFsMY01rTWtNWwxrjWuOa45jTWtNc45zjnuOc85zjnOO
c457z3vPe89zjnvPfA+EEIQPe8+ED4QQhA97z3vPhBCEEIxRhBCED3wPe89zz2uO
Ywx7z5SSlJKUkpSTlJOUkpSSlJKUk5STlJOUkpSTlJOUkpyTlJOUk5STlJOUk5ST
lJKUkpRSlJKUkpSSjJKMkoySjJKMkoySjFKEUYwRhFGMUIRQe897z4QOhE97zWNK
a0pyyWrJaspqymqJQQQwwjjDSopKikqLSotCiUJJSopCiUJJOklCSUJJOkk6CDHH
MYYxhjGGKUUpRSEEIQQhBGNMY01bDFsMY01jTWNNY0xjDGtNa01rTWMMa01zjmuO
a41rjXOOc45zjnPOc85rznOOfA+Dz3vPc457z3vPhBCEEHvPhA+EEIQQe897z4QQ
hBGEEYQQe897z3OOc45zjmMMe8+UkpSSlJKUkoQPhA+ED4QPhBCUkXvPa02UkoxR
a06Uk5STlJOUk5STlJOUk5STjFKEEYQQjJKMUoxSjFGMUoxSjFKMUoxShBCDz4QP
hFCEUXxRhFGEEYQRe85rSmtKc4t7zWuMastqilGGMIIwg0qJSspKykqKQopCiUqK
SolCSEJIQklCSTpJOggxxzGHMYYxhilGKUUhBCEEIQRjTWNNYwxjDGtNa41rTWNM
Y0xjjWuOa45jTWuOa45zzmuNa41zjnOOe897z3vPc49zjnvPg897z3uOe8+EEIQQ
g897z4QQhBCEEHvPe8+EEIQQhBCEEHvPe89zjnOOa01jC3vPlJKUkpSShBExRjEF
KMQwxCCCg897jjmGjFFjDHOOlNOUkoxRnJKUkpSSlJKUkoxRKUVaipRROcZjCznG
jFKMUoxSjFKMUowQg8+Dz4QRhFGEUYRRhFGEUXwQa45zj3PPfBF8EHPQaw1aCDkE
OQRKiUrKSspCikKKQopKikKKQkk6SUJJQklCSDoIMccxhjGGKUYpRiFFGQQhBCEE
Y01jTmNNYw1rTmtOa05jTWNNa45rjmuOa01zjnPOc49rjWuOc45zjnvPe89zz3PP
c457z4PPe897jnvPhBCEEHvPe897z4QQhBB7z3vPhBCEEIQQhBB7z3vPc45zjmtN
YwuED5SSlJKUk5STlJKEETnIY0w5hYxQOcZ7z5TSjFJjDZSTe9BCCIxRe8+UkpSS
jFExhjnHlFGUkilFWwwxhoySjFGMUoxSjFKMEIPPg8+EEIRRhFF8EIQQfBB8EHwQ
fBB8EHPPfA98D3ONYklaCVoJUopSy0rKSolCiUKJQopCikJJQklCSUJJOgk6CDHH
MYcxhjGGKUYpRSEEIQQhBGNNa01jDGMMa01rTWtNa01jTWuOa45rjmNNa45zz3OO
a41rjnOOc457z3vPe89zz3OOe8+Dz3vPc457z4QQhBCEEHvPe9CEEIQQe898D4QQ
hBGEEIQQe897z3OOc45rTWMMe8+UkpSSlJKUk5SSc44xhilFhBCUklrLc46UkkpJ
SkmMUFJJIMMpBCkElFFjCyEEEIJzjpRSlJMpBVsMKUWMUVrLjFGMUYxRjFGEEIQQ
jBCMEHuJc4l7ynwQhBB8D2uKa0lzyXxLa4pqymJIWkhaCFKJSspKykqJQolCSUKJ
Qkk6SUIJQklCSToIOcgxhzGGKYcphilGIQUZAyEEIQRjTWNNWwxbDGNNa01rTmMN
Y01rjmuOa41jTWuOc45zjmtNa01zjnOOe897z3vPc89zjnvPg897z3vPe8+EEIQQ
hA97z4QPhBCEEHvPe8+EEIQQhBB7z3vPe89zjnOOc05ay4PPlJKUkpSSlJKUklKK
WsuMUZyTlJOUk5SSUoopRYxShBBbDCFFUstbDIySQglrTiFFe8+UkpSSGMNzjjFF
QghCCIxSjFKMUoxSjFKMUowSjBF7h3uHe8iEEIQQhA9rR2tGc4eECXOJaspiSGII
YghSiUrKSspKiUKJQklKikpJQklCSEJJQkk6CTnIMYcxhimGKYYpRSEFGMQhBCEE
YwxjTGMMYwxrTWtNa01jDGMMY01rTWtNYw1rjnOOc85rjWuNc45zjnPPe89zz3PO
c457z3vPe89zjnvPhBCEEHvPe8+EEIQQhBB7z3vPhBCMUYQQhBB7z3vPc45zjmtN
YwyEEJSSlJKUkpSSe88hBIQQnNOUk5SThBA5xzGGjFGUkpSTlJM5x4QQlJKUk5SS
lJMpRnuPlJJaijGGe48QgiFFhBCMUoxSjFKMUoxSjFGMUYQRe4dzRnvHfBB8EHwQ
c0ZrRXOGjAh7S2rKYghiCGIIUklKikqKQkpCSUJJQolCSUJJOkk6SToJOgg6CDGH
KYcphimGIYUhBRjEIQQhBFsNYw1jDFsMY01jTmNNYw1jDWtOa45rjmMNa45rjnPO
a01rTXOOc85zz3vPc89zjnOOe897z3vPe897z4QQhBCEEHvPhBCEEIQQg897z4QQ
hBGEEHvPe89zjnOOc05zTWsMhBCUkpSSlJKc01KKYwyUkpzTnNOckznHSomUkpzT
nNOc05SSSkp7z5STlJOUk5STKUZ7j5RSSkqEEHwQMcd8EIySjFKMUoxSjFKMUowS
jFGMUXvNe8yEDXxRfBF8EGuMY0xrzXwPc85rjFpIWkhaCFJISopKikpJQklCSUKJ
QklCSTpJOkk6SToIOcgxhymHKYYphiFFIQQYxCDEIQRjDGsMWsxbDGNNY01jTWMM
YwxrTWtNa01jDGtNa01zjmtNa01zjnOOe897z3vPc45zjnvPg897znvOe8+EEIQQ
hBB7z4QQhBCEEHvPe8+EEIQQfBB8EHvPe89zjnOOa01rDIQQlJKUkpSSnJOUk5yT
nJOck5zTnNOMUpyTnNOc05zTnJOUk4QRjFKUk5STlJOUk2MNjBKUk5SSlJKMkoyS
jJKMUoxSjFGMUoxSjFKMUYRRhFGEUYQRhBGEEYQRfBF0EHQQdBB0EHQQa85iSFoI
WghSSUqKSopCSUJJQklCSUJJQklCSUIJOgk6CDnHMYYxhilGKUYhRiEFGMQgxCED
WwxjDVrMWsxjDGsNa0xjDGMMa01rTWtNYwxrTXONc45jTWtOc45zjnvOe897z3OO
c457z4PPe89zjnvPhBCEEIQQe8+EEIQQhBB7z3wPhBCEEIQQe897z3OPa01rTWtN
YwyEEJSSlJKUkpSSlJKUkpSSlJKUkpSSnNOc05zTnNOck5yTlJOUkpSSlJOUkpSS
lJKUUpSSlJKMkpSSlJGUkpRSjFOMUoxSjFKMUoxSjBKMUYRRewtqiXsLe9B8EHwQ
fBBzzWNKYwqDTINNaghiCGIIUkhKikqKQklCSUJJQolCSUJJOgg6CDoIMcgxyCmG
KYYphilGKUUpBBjDGMQZBGMLWwxbC1sLY0xjTGtMYwxbDGNNa45jTVsMa01rTmuO
Y01rjWuOc45zjnvPe89zjnOOe897z3vPc457z3vPhBCEEHvPhBCEEIQQe897z4QQ
hBCEEHvPe89zjmtNa01rTWMMhBCUkpSSlJKMUYQQjFGEEJSSlJKUkpSSlJKUkoxR
lFGUkoySlJKMkpSSlJGUkpSSlJKUkpSSjJKUkpSSlJKUUoxSjFKMUoxSjFKMUowS
jFGEEXIHUQRRBHwPfBB7z3vPc81jCVsJg0uDjGJIYghaCFJISolKikKJQklCSUqK
QklCSToJOgk6CTIIMcgphylGKYYpRiFFIQQYwxjEGMRbDGMMWstay2MMawxjDFsM
YwxrTWuNa01jDGtNa41rjmNNa01zjnOOc45zjnOOc45zjnvPe897z3vPe8+EEIQQ
hBB7z4QQhBCEEHvPe897z4QQhBCEEHvPc45rTWtOa01jTYRQlJKUkpSSfBBKi3QQ
W0x8EHwPhBB8D2NOa05rjnQPfBBrjoRRUsuEUWNNjFKUk5STlFOUk4yTlJKUkpSS
lJKMUoxSjFKMUoxRjFKMUYxRjFFpRGDDaUSEDXvNc45zjXvNY0hjCHtJi4xZhUDD
QMNRBUpKSopKSkJJQklKiUJIQkk6CDpIOggxyDHHKYYphSmFKUUpBSEEGMMYxCDE
WsxjDVrLWstjDWNNWwxbC1sMY01rTWMMWwtrTWtNa41jTGNNa01zjnuOc45zjnOO
c457z3vPe89zjnvPe8+EEIQQe8+EEIQQhBB7z3vPhBCEEIQQe9B7z3OOa01zTWtN
YwyEUJSSlJKUk4QRUsyEUmuPhFFzjnwQfBBzz2uPY05z0IQRhBF70FsNhFFjTYPQ
lJOUkpSTlJKUkpSSlJKUkoySjFKMUoxSjFKMUoxRjFGEUYRQakpZh2oJhA5zjnON
c417zWMLa0x7THuNWYZIwkDCUQRKSUqKQklCSUJJQkpCSTpJOgk6CToJMggxxymG
KUYpRiFGIUUhBRjEIMQgxFrLYwxay1rLYwxjDGMMWstay2NMa01rDGLLa01rTWuN
YwxjTWuNc45zjnOOc45zjnOOe897z3vPe897z3vPhBB7z3vPhBCED4QPe857z4QP
hBCEEHvPc45zjmtNa01rTWtNjFGUkpSSlJKMUoxSjFKMUoxSlJOUk4ySjJKMUoxS
jFKUk4xRjJKEEZSTfBCMUpSSlJKMkpSSlJKUkpSSlFKMUoxSjFKMUoxShFKEUYRR
hFGEUXxRfBB8EIQRe85zjXONQcZSSHMLe0xzC1FEQMI4wlGFSopKiUpJQklCSUJK
Okk6SToIOgg6CDnHMccphimGKYYpRSFFIQQYxBjEGMNazFsMUstay2MMYw1jDFrL
WstjDWNNY0xay2tNa01rTWMMYwxrTXOOc45zjnOOc41zjnvPfBB7z3vPe897z4QQ
e897z4QPhA+ED3vPe897z4QQhBB7z3OOc45rDWtNa0xrTYxRlJKUkpSSe89jDHvP
a0x7z4QQfBCUkoQQlJJ7z3wPhBB7z4xRhBCMUYxRjFGUUoxRjFGMUYxSjFGMUoQR
jFKUUoxSjFKMUoxSjFKEUYRRhFFrz2uOa498EXvQe9Bzj0jDSMNhhorLgopRRUDD
OMJSCUpKSklCSUJKOklCSUJJOgg6CDoIOggxxzHHKYYphiFGIUYhBSEEGMQYxBjE
UstazFKLWstbDGMMWstay1rLYwxrTFsMWsxjTWtNa01jDWNNa01zjnOOc45zjmuN
a457z3wQe897z3vPe8+EEHvPe8+EEIQQe897z3vPe8+EEIQQe89zjmtNYwxrDWsN
aw2MUZSSlJKUkmNNQopjjkKKdA9jTFsMfBBzz3PPQopbTVNNOolrzmOOc898EHPP
fBB8EHPPc890D1sMc89bDHwQjFKMUoxSjFKMEoxSjFGEUXxRQws6yktMfBF8EXwQ
awxBBDkEYkiLTHrKUYVAwzjCUYVKiUKJQkhCSUJIQklCSToJOgk6CDoIOggxxzGG
KUYpRSkFKQUhBBjDGMMYw1rMWstSilKKWstbC2MMWstbC2MMYwxjDFrLaw1rTWtN
YwxrTWtNc45zjnOOc45zjXOOe897z3POc457z3vPe897z3vPe8+Dz4PPe457znvP
e9B7z3vPc45rTWMMYwxrTXNNjFGUkpSSlJJzzmuOfBBjTnPQhFGEEYRSc498EVMN
Y09jj1LMc89z0HwQhFFzz4QRfBB8EXOPc9BrjnQQa458EIyRjFGMUYxSjFGMUYxR
hFF8UUMMMotDDHwQfBB8D3NNSgkxRmsMg85rDFGGSIJIglDDSklKSUJJQklCSUJK
Okk6CToIOgg6CDoIMccphimGKUYpRSEEIQQYwyDDGMNay1rLUopSilrLWstay1LL
WwtjDGNMYwxay2NMa01rTVrLYwxrTWtNc45zjnOOc45zTnvPe89zz3OOe8+EEIQQ
g897joPPg897z3OOe857z3vPe897z3OOa01jDGsMawxzTYwRlJKUkpSSlJKUkpSS
lJKUkpSSlJOUk5SSlJKUk5STlJOUk5STlJKckpSSlJKUkoxSlFKMUYxSjFGMUYRR
hFGMUoxSjFKMUoxSjFKMUoRSfFFDDDLLQ0x8DnONa0x7z3vQa89z0HPPa85RRUiC
UMNIgkJIQolCSEJJQglCSToJOgk6CDoIOgg5yDHHKUYpRilFKQUhBSEEGMMYwxjD
Wstay1KKUopay1sLWstSilrLYwxjDFsLWstjDGtMY01bC1sMa01rTXOOc45zjnOO
c457z3vPe89zjnvOhA+ED3vPc457z3vPe89zjnOOe897z3vPc45zjmtNYwxrTWsM
a02MUZSSlJKUkpSSlJKUkpSSlJKckpySnJKckpySnJKckpSSlJKUkpSSlJOUk5ST
lJOUkpSSlJKUkZSSlJKMUoxSjFKMUoxSjFGMUYRRhFGEUYRRa89rz2vQc4prSGtI
e818D3QPW0xCyFMKOYU5A2qJKQRCCEJJQgg6CToJOgk6CToJOck6CDnIMcgxxymG
KUUpRSkFIQQZBBjDGMQYw1rLWstSilKKWstbDFrMUotSy2MMYw1bC1rKYwxjDGNN
WstjDGtMc01zjnOOc45rjnOOe897z3OOc457z3vPe897z3OOe897z3vPc45zjnvP
e897z3OOa01rTWMMa01rDGsMjFGUkpSSlJKUkpSSlJKUkpSSnJOckpySnJKckpyS
nJKUkpSSlJKUkpSTlJKUkpSSjJKUkpSSlJKUkpSSlFKMUoxSjFKMUoxSjFKMUYRR
hFF8EHwQfBB8EHvMa0hrSHOJdA50DkMJIkUiRCHCMMKDDTmGOghCSToIOgk6CUJI
Ogg6CDHIOgg6CDHIMYcpRilFKUUpRSEFIMQYwxjEGMNSilrLSopSilrLWstay1KK
UopjDGMMWstSimMMYwxrDVrLYwxrTWtNc45zjnOOc45zjnvOe89zj3OOe897z3vP
e89zjnvPe897z3POe457z4PPe89zjmtNawxjDGsNYwxzTYxRlJKUkpSSlJKUkpSS
lJKUkpSSlJKckpySlJKckpSSlJKUkpSSlJKUkpSSlJKUkoxSlJKUkpSSlJKUkoxS
jFKMUoxSjFGMUYxRhFF8EFMHSsZbSIQPhBB7z2tLYwtzjHQNbA06xypEKkQxwzEC
e41aSjoIQkk6CDoIOgg6CDoIOgg6CDoIOggxyDGHKUYpRikFKQUhBRjEGMMYxBjD
UopSi0pJSklay1rLWstSilKKWstjDFrLUopjDGMMYwxay1rLaw1zTXNNc45zjnON
c457z3vPc45zjnOOe897z3vPc457z3vPe89zjnOOc457z3vPc45rTWMMYstrDGsM
c02UUZSSlJKUkpSSlJKUkpSSlJKUkpSSlJKUkpySlJKckpSSlJKUkpSSlJKUkpRS
lJKUkpSSlJKUkpSSlFKMUoxSjFKMUoxRjFGEUYRRfBBCxjKESwZ8EHwQfBBzz3wP
fBBTTTqKKkYqRjJFOgUhA3uNYww5yEJJQghCCToIQglCCDoIOgg6CDoHMccxxilG
KUUpBSkFIQQYxBjDGMMYw1KKUopKSUpJUopay1rLUopay1rLYwxay1KKYwxjDGMM
Wstay2sMa01zjXONc41rTWuNc857znOOc45zz3vPe897z3OOe8+Dz3vPc85zjnPO
e89zjnOOa01jDFrLYwtjC2tNjFGUkpSSlJKUkpSSlJKckpSSlJKUkpSSlJKUkpSS
lJKUkpSSlJKUkpRSlJKUkoyRlJKUkpSSlJKUUpRSjFKMUoxSjFKMUYxRhFGEUXxQ
Qsc6RULGfA58D3wQfBB0EXQRQw0qSipKU41bjUIGMQJqyjmGQghCSUIJQglCCUIJ
Ogk6CDoIOgg5xzHHKYYpRSlFKQUpBSEEGMQYwxjDGMNSilKKSklKSVKKUopSilKK
Uopay1rLWstSilrLYwxjDFLLWsxjTWtNa01zjnOOa01rTXOOe89zznONc857z3vP
e89zjnvPe897z3OOc45zjnvPe897jmuNYwxay2MMYwxrTYxRlFKUkpSSUolrC2sL
c02DzoxQa0xrC4PPjBCUkYxRlJKUkpSSlJKUkpSSlJKUkpSSlJKUkpSSjFKMUoxS
jFKMUowShFGMUYRRhFGEUVsKUshaxGuGc4d8EHwQfBF8EEtNKooqSmOOa89KBTEC
UkdazFKLQgk6CDoJOghCCTnIOggxyDIIMcgxxymHKUYpRilFIQUhBBjEGIMYwxjD
SopSikJJSklSilKKSopKSVKKWstazFKLUoljC2MMYwxay2MMYwxrTWtNa01rTWtN
a01zjnvOc45zjnOOe897z3vOc457z4PPe85zjnOOc457jnuPc45rTWMLWspjC2ML
c42UUZSSlJKUklqLWstizHuPe89rTVrLUopazGLMjFJay5SSlJKUkpSSlJGUkoyS
lJKUkpSSlJKUUpRSjFKMUoxRjFGEUYxRjFGMUYxRhBGEEIQQe0Z7RntGe9B8EHwQ
e9BbTULLOopjTHOMUgQxAWKHa41bC0JJOgg6CDoIOgg5yDHIMcgxyDHHMYcphilG
KUUhRSEFIQUYxBiDGMMYw1KKUopKSEpJUopSilKKSklKSVrLWstailKJWstjC2MM
Uopay2MMa0xzjWtNa01rTWtNc457znOOc457j3vPe897z3OOe897z3vPc45zjnOO
c457z3OOc01jC2LLYwxjDHOOlFGckpSSlJKMkoySjJKUUpRSlFKUkpSSjFKEEZRT
jFKUkpSSlJKUkpSSlJKUkpSSlJKUkpRSjFKMUoxSjFKMUoxShFGEUYRRhFGEEYQR
hBGD0HNHc0Z7h5PMagZZhWGFg4uDy2sEYsRixFIDMUFix2uOWwxCSUIIOgg6CDoI
Ogg6CDnIOcgxyDGHKYYhRilGIQUhBSEEGMQQgxjDGMNSilKKSghKCFKKUopSikpJ
Skpay1rLUopKSVrKWstjC1LKWstjDGMNa01rTWtNYwxrTXOOe89zjnOOc457z3vP
c45zjnOOe89zj3OOc45zznvOc45zTWtMYwtaymMLYstzjYxSlFKUkpSSa017jnNN
g85zjYPOg857jpRRlFGEEIPPjBCDz4wPjBCUUpSSlJKUkpSSlFKUUoxSjFKMUoxS
jBKEUYxRjFGMUYxRhBGEEIQQg9BzjHOLc4uDzWFFUINZBIPLg8trBWLEawRihylF
Y01rTlsMQgk6CToIOgg6SDoIOgg5yDnIOcgxhzGGKUUpBSEFIQUgxBjEEIMYwxjD
SklKSkIIQghKSlKKUopKSVKKWstay1KKUopay1rLWstSilKLYwxrTWtNa01rTWtM
a01zjnOPc45rTnOOe857z3OOc457z3vPe45zjnOOc45zjnOOa41rTVrLWopizGLL
e46MUZRRlJKUklJKc01rDGsMUkliy2sMUoqMUYOPYsxCCHNMSghSSUIIjFKUUoxS
lFKUUoxSjFKMUoxSjFGMUYxRhFGMUYxRjFCDyoPKg8mLyXuIc4lziYPNg85phlDD
UQR7i4PLYwVjBWMEYskphmuPa49bTTpJOgg6CDoIOggxxzHIMccxyDHHKYcphiFF
IUUhRSEEGMMYwxCCGMMYw0pJSklCCEIISklSiUpJQghKSVKKUopSikpJWstay1rL
UopSimMLa0xrTWtNa01rTWtNc45zjnOOc417znvOe897z3OOe897z3OOc45zjnOO
c45zjmtNYwxay1KKYstiy3uOlFGUUZRSlJKEEIxRhBCMUYQQhBGMEYxRjFGMUYQQ
e9CEEXvQe89zj4xSa06MUYxSlJKMUoxSjFKMUYxRjFGEUYxRjFGMUYxRg4d7RntF
i8V7RXNFc0WDioOMYcZRRFFFc817zWtKYwpjClrJKYdrjmuOWw06CToIOgg6CDoI
OggyCDHHMcgxyDGHKYYhRSFFIUUhBCDEGMMQwxjDGMNKSUpKQghCCFKJUolKSUJI
SklSilKKSklKSVrLWstay1KKUspbC2MMa01rTWtNa01rTXOOc45zjXONc457z3vP
e85zjXvOc45zjmtOc45zjnOOc45rTWMMWstaimLLYst7jpRSlFKUUpRRSYdiy2rL
YspaSEoIlBCcUGLKaspzC3tMawt7joxRlFGUUnOOjFKMUoxSjFKMUoxRjFGMUYxR
hFGMUYxRjFGMEYOHe0aDRYuFe0R7Q3sDcwNzBHPPc89zz3OPY0tjS3OMc4w6BzHG
YwxbTFMLOkgyBzoIOgg6CDIIOggxyDHIMYgphymGKUUhRSEFIQUZBBjDEMMYwxjD
SklKSTnHQghKSUpJSklCCEpIUopai1KKSklailrLUopSilrKYwtrTGtMa0xrTWtM
a01zjnOOc45rTXOOc457z3OOa01zjnOOc45rTXOOc45zjnOOa01jDFqLWopiy2LL
e46UUoxRlFKMUWMMc45zj2tNYwxjDIQQlJJay2tOc45rTVrLa0yMUYxRlJKUUpSS
lFKMUoxSjFKMUYxRjFGEUYxRjFGMUYxQjBCDiHtHg0aDhXtDe0NzAnMDc0Rzz3PP
c89zj2MFYsRjBGuOWw1KilLLUstKikIIOcg6CDIIOgk6CDnIMcgxyDGIMYcphilG
IUUhBSEEGQQYwxDCGMMYw0IISklCCEIISklKSUpJQghKSVKKUopKSUpJUopay1rL
UopaimLLawxjDWMNYw1jDGtNc45zjmtNa01zjnOOe89zjmtNc45zjnOOc05zjnOO
c45zTmtNawxaylKJYspainvOlFGUkZRRjFGMUYxRjFGMUYxRjFGMUoxSlFKMUoxS
jFKMUoxSjJKUUpRSlFKUUpRSjFKMUoxSjFGMUYxRjFGMUYxRjFGEEYQRhBB8EHwQ
e81ziXNHcwVzBXMFQcQpQlJHc0lqxGrEawVzjGNNUwxjjmONW006CDoIOgg6BzoI
MgcyBzHHMccxhymHKUYhRSEFIQQhBBkEGMMYghiDGIJKSUpJOcdCCEpJSklKSUII
QghSilKKSklKCVKKUopaikpJUopay2MMY0xjTGMMYwxjDHOOc45rTWtNa01zjnOO
c45rTXOOa01zjmtNc45zjnNNc01rTGMMWopSSlqLWot7j4xRlFGUUZRRWkl7jnvN
e81rC2sLlFCDz4QPjBCED4xRlJKUUpRSlFKUUpRSjFKMUYxRjFGMUYxRjFGMUYxR
jFGMEHvNe8yEDYQRhBGEEYQRhBF8EHPOc45zjTmFKIJBQWrDcwNqw2MGc4lrR0pG
WshjCWtOQgk6CDoIOgg6BzIHMcgxxzHHKYcphylGIQUhBSEFIMQYxBjDEIMYgxjD
SglCCTnHOcdKSUoJSglCCEpJUopSikpJSklSilrKUopKSVKJWstjDGtMYwxjDFrL
YwxzjnOOa01rTWtNc45zjnOOa01zjnOOc45rTWtNa01rTWtMYwxjC1KKUoliylrK
e86MUYxRjFGMEVKKa01zjmMMYstSioxRc05zTnOOaw2EEJSRlFGUUZRSlFKUUoxS
jFKMUYxRjFGMUYQQjFGMUIxQhA57iXNJe8qEEYQRg9CEEHwQfBB7z3vQe89BRDDC
OURqiWuLY0xjTHONYwpKRlKHWshrTUJJOgg6CDnIOcgxyDnIMccxxymHKYcphiFF
IUUhBRkEGQQYxBDDEIMQg0oJQgg5xznHSghKCUIIQchCCEpJUopKSUoIUopailqK
SkhSiVrKYwxjDGsMYwxjDGMMa01zjmtNa01rTXOOc45zTWtNc41zTXONa01rTWtM
a01jDGMMYstSilJJWopaynvOjFGMUYxRjFGMUYxRjFGMUYxRjFGMUYxRjFGUUpRR
lFGUUZRRlFKMUYxRjFKMUoxSjFGMUYxRjFGDzHOKc4qUB5QHc0lzSXvKhAp7ynvL
hAuECnOKa4l7ioOOQccxBTlGUkprjmvPa45rjmMJQkZSh2MLa05CSTnIOcg5yDnI
MccxyDHIMcgxxzGHKUYhRSEFIQUhBRkEGMMQwhDDEIJCCEHIOcY5x0oIQghCCEHH
QghKSUpJQghCCFKKWopSikpJUklay1rLYwxjDGMMWwxjDGtNa01rTWtNc45zjnOO
c45rTXOOc45rTWtNa01rTWtNa01jDFrLUklSSVqKWsp7zoxRjFGMUYxRjFGMUYxR
jFGUUYxRjFGUUYxRlFGUUZRRlFGUUpRSlFKUUYxRjFKMUYxRjFGMUYxRhAx7inNK
lAeUB3OJe0aLxnuFe0V7RZQHjAZrR2NHc0hrjkJKOgk6CTIJSstaSTlFUkdiyEpH
SoljTGOOQkoxyDHIOgg6CDHHMccxxzHHMYcxhylGKQUhBCEFGMQYxBjDEIIQgxCD
QchCCDnGQcdKCEoIQgc5x0IISklKSkIIQcdSSlKKUopKSEpJWspay2MLWstjDFrL
YwxrTWtNa01rTWtNc45zjnOOa01zjWtNa01jDGtNa01rTWsNYwxay1JKSklailqK
e8+MUYxRjFGMUYxRjFGMUYxRjFGMUYxRjFGUUZRRlFGUUZRRlFGUUZRRlFGMUYxR
jFGMUYxRhBCMUYwMi0lqRXKGesmDz4PPg8+DiHNHc0eMB4wHa0ZjBWsFQkoyCjIK
KgoyCjpKWYZAwzjDUopKilMLWwtTDEJJOgg5yDnIOcgxxzHHMccxxzHHKYYpRikF
IQUhBCEEGMQYwxCCEIMQg0HIQggxhznHQghCCEIHOcdCB0pJSklCCEIIUolSilKJ
QghKSVKKWstay2MLWstay2MMa01rTWtMY0xrTWtOc45rTmtNa01rTWtNYwxrDGsM
awxrDGLLWopSSVIJWoliioPPjFCMUYxRjFGMUYxRjFGMUYxRjJGMUYxRjFGMUYxR
lFGUUpRSlFKUUoxSjFKMUoxSjFGMCoPJi8qUCouJeUNowXFDhBCEEIQQe4pzSHNI
i8eLyWNIWsdShjJLMgoyCjIKMgoyCUjESINAg1sMQklKy0rLSstCSjnIOcg5yDnI
MYcxxzHHMccphymGKUYpBSEFIQUZBBjEEMMQghCDEINCCEIIOYZBh0IISghCBznH
QgdCSVJJQghCB1JJUopSSkoISklailrKWstiy1rLWstay2tNa01jDGMMa01rTXNO
c01rTGtNa01rTWtNa01jDGMMYwxjDFrLUklSCFqJYsqDzowRjFGMUYxRjFGMUYxR
jFGMUYxRlFGUUZRRlFGUUpRSlFKUUpRSlFKUUoxSjFKMUoxRg8eDh4vHnA2cDXlE
aMN5RYQQhBCEEHvOc8x7iHNGc0ZzRmNNSooySjJKKgoqCioKMclBRjjFOQVjTErK
Y0xbTWNOQoo5yDnIOcgxyDHHMccphzHHKYcphilFIQUhBSDFIMQYxBiDEIIQgxCC
Qgg6CDmGQYdKCEIIQgc5xjoHSkhKSEIHQgdKSVKJUklCCEpIUopay1rLWstay1rL
WsxrTWtNYwxjDGtNa41rTWtNYwxrTWtNa01rTGtMYwtjC2MLWstailJJUghSSVqK
g8+MEYwRjFGMUYxRjFGMUYxRjFGMUYxRlFGUUZRRlFGUUZRRlFGMUYxRjFGMUYxR
jBGMUYvLg4qDipvPm9CCzHqLgsuDzYPNg82MDIwNe4t7RXMEe0VrTDpKMkoyCjIK
MgoqCSoJUwxaykpIawtah1KGUsdbCFKLOcg5yDnIMcgxxzHHMccxxymGKYYphSFF
IQQhBCEEGMMYwxCDEIMQgkHHQccxhjnGQghCCDnIOcdByEpJSklCCDnHSklKSUpJ
QghKSVKKWstay1rLWspSi1rLa0xrTWMMYwxrTWtNa01rTWMMYwxrTWtNYwxjDGMM
Ywxiy1rLUopKSEoIUkpSSnvPjBCMUYxRjBGMUYxRjFGMUYxRjFGMUYxRjFGMUYxR
jFGMUYxQg8+MEJQQjFGMUYxRjFGEUYQQhBCEEIQQhBCEEIQQe4pzSHNIe82EDoQO
e0VzBHMEYwk6SjIKMgoyCjIJMgoqCUJJYshah2KFYsRag1qEWoRSijnIOcc5xzHH
MYcxxynHMccphymHIUYhBiEFIMQZBBjEGIMQghCDEIJByEHHMYY5xkIHQgc5xzmG
QcdKCFIJQcg5x0pJSklKSEIHSghSilrLWstay1rLWstay2MMa0xjDGMMa0xrTWtN
Y01jDGMNYwxjDGMMYwxay1rLWstay1KKSglKCFJJUkl7z4wQjBCMEIwRjBGMEYxR
jFGMUYxRjFGMUYxRjFGMUYxRjFGMD4OIg4eLyYwRjBGMEYxRjFGMUYxRjFGDy3uK
e4qUCYvHc0lzSXvLhEyEDHNHcwZzBkKIMkkySjIKMgoyCjIJMglCSWMIUsdahWLE
UkJSRFJEUssxyDHHOcgxyDGHMcgxxzHHMYYpRiFGIQUhBSEEGQQYxBDDEIMQgxCC
Qcc5xzGGOYZBx0IHQccxhjmGSghKCEHHOYdKCEpJSkg5x0IHSklSilKKUopSilKK
WspjDGNMYwxiy2MMYw1rTWMMWsxjDGMMYwxay1rLWstSilrLWopSSUoISghKSVKK
e8+MEHtMcsqLjYwQe06MEYwRjBGMEYPQe8+MUHvPe8+EUIxPjA57iXuIi8qMD4wP
g8+ED4QQhBCEUIwQg4d7RntGnAeTx3NKc0l7y4QPhA97z3vPWssxxzpJOkoyCTIK
MgoqCioKOkljCVrHUodixVJDSodKh1rMMcgxyDHIMYgxhzGHMYcxhymHKUYpRiEF
IQQhBBkEGMQQgxCCEIMQgjGHOccxhjGGQghCCEIIMYYxhkIISklCBzmGQgdSSUpI
QcdBhkIIUopSSkpJSkpSikpJUopay1KKUopSilqLWstay1KKUopSilKKWstay1KK
UopKSUpJSghByEoIUklaioPPjBBRxlGFgwtjC0oHWsp7znvOfA9jC0qJhFFjTUII
hBCEEIvLe0l7SYPMjA6DzYPNg82MD4RQhFCEEIOJe0h7SIQPhA97z3vPe8+Dz3ON
e41zjClFYwxSiUIJMgkyCSoJKgkqCToIW0xbC1sLWwtKiUqKSklSyjHHMccxxzHH
KYcxhymHKYchhimGKUUhRSEEIQQZBBjEEMMQgxCDEIJBxznHMYY5hkHIQghCCDnG
MYZByEpJSgg5hznHSklKSUIIQgdKSFrKYspaylKJYwxay1rKWstjDGMMWstjC2MN
YwxbDGMMWwxbDGMMYwxay1rLWstKSUpJUklKCEoHUkmDz4wPckhqB4LKa01Sy1tO
UsxKilLMUsxKSlLMe89KCIQQjBCDz3uOc42ED4wPg86DjoONhBCEUIQQhBCDinNI
c0h8DYQQhBCEEHwQfBBzSWsISgRaynPPUwxCzCpKKgkqCioKKcoySWOOY45jjltN
QopKy0rMQosxyDHIMcgphymHKYcphymHIUYhRiEFIQQhBCEEIMQYwxCCEIIQgghC
Occ5xjGGMYU5xznIQcg5hzGGOcdCSEIHOcY5x0pJSklKSEIHQghSilLKUopKSVrL
Wstay1KKWstjDGMMYwxjDFrLWstbC2MLWstay1rLWopSilKKUopSSlJJQcc5h1JK
g8+MD2KKYoqDjnwPSkljTYQQhBCEEWMMWstzz0qKa01rTIxQhBCEEIQQhBCEEIPO
e457joQQhBGEEIQQe897z3vPe898EHwQfBB8EHvPcwZzBWrEc85zzlsMSwwyCioJ
KgkqCSoJOkljjWNKUspSylKJY05bTltOMcg5yTHIMYgphzGHMccxhylGIUYpRiEF
IQUhBBkEEMMQghjDGMMQgjnHOYYxRjFGOcdByEHIOYcxhjnHQghCCDnHOcdKCUoJ
SghBx0IIUopailKKSklay1rLWstSilrLYwxjDGMMYwxay1rLWstay1rLWstaylKK
UopSSlJKSklSSUHHQcZaioPPhBCMEYQQhBCEEIQQhBCEEIQQhBCEEIQQhBCD0IQQ
hBCEEIQQhBCEEIQQhBB7z3vPe8+EEIQQhBCEEHwQhBCEEIQQhBB8EHwQe9BzzWLE
YsVzBnPPc89TDEsMMgkqCSoJKckqCTpJY0xjCkqISkdKiFtOW05bTjoIMcgxyDHI
KYcxhzGHMYYpRilFKUUhRSEFIQUYxBCDEIMQgxCDEII5xzmGMUYxRjmHQcdBxzmH
MYY5x0IIQgg5xznHSghKCEoIQcdBx1JKUopKSUJJUstbC1rLUopSimMMYwxjDGMM
Wstay1rLWstay1rLWstSilJKUklSSVJJUklBxjmGWoqDz4wPe45rTIQPhA+EEIQQ
hBCEEIQQe897z4QQhBB8EIQQhBCEEIQQhBCEEIQQhBCEEIQQhBGEEIQQfA+EEHvP
e898D3wQfBB0EHvQe89Bx1JJawxzz2vPWwxKzSoKKgoqCSoJKgk6CGtMYwpSSEpI
SkdbC1MKUss6CDHHMcgxxzHHKYcphymHKYchRiFFIQUhBRjEGMQYgxiDEIMQgxBC
MYYxhilFMUU5hkHHQcc5hjFFOcZCCEIIMYc5h0oISghJyEHHQcdSSVKJSklCSVLL
Wstay1KKWopiy2LLYstay1rLWstay1rLWstai1qLUklSSVJJSklKSUpJOccxhlqL
g897jTFFOYWDz0pJQchay4QQhBCEEFKKUopjTmMMSkpzj4QQe897z1rLhBCEEGtN
WstrTYQQhBCEEIQQhA97jXONe4170HvQe9B70HvQOcdjDWuPc89zz1sMUw0yCSoJ
KgkqCSoJOkljTFsLSohKhVKDWoRKRUJFOccxhzHHMccxxzGHMYcphylGIUYhBSEF
IQUhBBjEGIMYgxCDEIMIQjmGMYYxRTFFOYZBx0HHMYYxRTnHQghCCDnHOYdCCEII
QchBx0HHUklSSkpJSkhailrLWstSilLLWstay1rLWstay1KKWstay1rLWstailJJ
SkhSSUpISklKSTmHMYZii4POg81SSEnGg85bDDoJY446CDoIWw1Ki0JKa9BKizHI
WsxrjUpJfA9zz1tNW01KikJJc4+EEIQQhBCEEHvOc41zjXPNe8970HvQe9B70ClG
a45zz3PPa89TDErMGUYqCSoJKgkpyDnGSohayVsKUspKSFKISkdCRjnGMYcxxzHH
MccphymGKUYphiFFIUUhBCEFIQQYxBDDEIMQgxCCEIIxhjGGKUUxRTmGOYdBxzmG
MUY5x0HIQggxhjmGQghCCEIIOcc5x0pJSklKSUIIUopay1rLUopSy1rLWstay1KL
UotSilLLWstSi1KKUopCCUpJSklKSEoISgg5hjGFYst7joPOQYZBxoOOe89ay4QQ
hBCEEIQQc45Si3wQc45ay3wQY01Sy3wQWwxKinPPa45KinwQhBCEEIQQhBB7z3OO
c457j3vQe9B70HvQc88ZBWuPc89zz2uPUsxKiwiCGQU6CCEFEIM4wziCOMNbTFtM
OkhCB0HGOcYxhjGHMYcxxzGHKYcphymHKUYpRiFFIQQhBSEEGMQYwxCDEIMQgwhC
MYYxRilFKUUxhjmHOccxhilFOcZByEHIOYYxhkHIQghCCDnHOcdKSUpJSghKCFKK
Uotay1KKUopay1rLWstay1KKUopai1KKUopSilKKSklKCUoISghKCEoIOYY5RmKL
e4+D0IPPhBCED4QQhBCEEIQQhBCEEHOOe8+EEGtNe898D3wQa017z1rLe9B8D1LL
c458EIQQhBCEEHvQe89zjnOOe8970HvQe897z2tNIQRzz3PPc89zj0qKOcgIQgiC
OcgIQghBMQQowzEEW05bTkKKUspCSEJIOgcxxzHHMccxhymHKYcphymGIUUhBRkF
GQQZBBjDEIMQgxCDEIIIQTGGMYUpRSlFMYY5hjnHMYYxRTGGQcdBxzlGOYZCB0II
Qgg5xznHSklKSUpJQghSilKKUopKSVKKWstay1rLUopSilKKUopSilKKUolKSUoI
SghKCEoISghKCDmGMYViy3uOg86Dz3vPhA97znvPe897znvPe897z3vPe897z3vP
e897z3vPe9B70HvQg9CEEIQQhBCEEIPQg9B70HvPe897z3vPe89zz3PPc89SyyFG
c89zz3PPa49SzFrLCIEQxEqKEIEIgDECMMI5A2NNW05Ci1NOUw5TDjpKMYcxhzGH
MYYphimGKYYphilGIUUhBSEFGMQYxBCDEIMQgxCDCEIxhjFFKUUpRTGGOYY5xzGG
KUUxhjnHOcYxhTGGQgdCB0HHOYY5x0pJSklCCEIISklSilKKSklKSVKKUopSilKK
UopSilKLUopSilKJSklCCEHIQghCB0IIQggxhjGFYst7jXLKQUVRyHwOWstzjnOP
OccphWNNMccxx1LLSopCSUJJa01KSVrLe897z3vQg9CD0IPQg9CD0HvPe8tzSXOK
e897z3vPYwxjDHvOQgkph2uPa49rj2uPSsxSywiCGQVSixiDEEI5hzmHMYdbTVtN
QotTTlNOU046SynHKccpxymGKYcphymGKYYhRiFFGQQhBBjEGMQYgxCDEIMQgghC
MYYxhjFFKUUxhjmGOYcxhilFMYY5xzmHMYUxhjnIQchBxznHQcdKSVJJQkhCCEpJ
UopSikpJUopSilKLUopSSlKKUkpSilKKUkpKSUpJQghCCEoIQghKCEIIMUUxRWLL
e45yilnIWcl7z1LLOghbTiGGIcc6iiGHIYc6SjpKMgkhh0rMIYcpyHOOe89jDHvP
c45zjnvPe897jHMGawZzR3vPe89rTRCCEEFrDDmGOcdrj2vPa49rj1LMUswIgiFG
UssZBAiCQkpbTVtOW05bTkKLU05TTlNOQkspiDGHMYcphimHKYcphyGGIUYhBSEF
IQUhBBjEEIMQgxCDEIIIQTGGMYYpRSlFMYY5hjmGMUYpRTGGOcc5xzGGKYY5yDnH
Occ5hzmHSglKSUoJQghSilKKUopKSVJKUopSilKKUopKSkpKUopKSkpKSklKSUHI
QchByEHIQchJxzFFMUViy3uNcspJh0lGc81KSWuOWw0hRiGHUw46SiGHSw06SjpK
MglKzCGHMghrz2uOQklbDEqKWsx70HvQe85zBHMEcwR7j3vPWssQghBBSggxRUoH
a45rj2uPa49SzFKMCIMpyGNOGUUAgkKKU01bTltOW05Ci1NNU05LDTqLMYcxhzGH
KYYphimHKYYphiFGIUYhBSEFGQQYxBDDEIMQgwiCCEIxhimGKUUpRTGGOYc5hzGF
KUUxhjnHOccxhjGGQcc5xzmHMYc5h0oISglKCEIISklSilKKSklKSVKKUopSilKK
UkpKSkpKSkpKSkpJQglBx0HHQcdBx0HHQccxRTFFYst7jnNNawxzjmMOSotKS1sO
QgpCjFMOQowyCUrMSswyCTIJY44phzHIdBFrjzoIWwxKimtOe9B7z3vPcwZzBXMF
c857z2MMEEIQQUoIUghSSHOOa45rjmOOUsxSzAiDMchjTimHAII6iltNW05bTltO
QotbDVMNUw06iynIKYcxhymGKYYphimGKUYhRSFFGQUZBBkEEMQQgxCDEIMIQghB
KYYxRikFKQUxRjGGOYYxRSlFMYY5xznHKUUxRTnHOcc5hzmHOYZCCEpIQghBx1JJ
UklSSUoJSklSSlKKUopSikpKSklKSkpJSklKSEoIOcdBx0HHQcdBx0HHMYU5hWLL
c45zjnOOc45zjnvPe897z3vPe8970HvPe897z3vPc89zz3PPc89zjnPQe9Bzj3PQ
a49rjnvQe9B7z2tNYwxzjXPPc89zzxjEEEFSh1rIYwprj2uPa49rj1LMSswIgzIJ
Y04pxwCCOkpTDVtNW05bTkJKOgk6CToJOggxhymHKYcpRimGKYYphilGIUUhRRkE
GQUYxBDEEIMQghCCEEIIQjFGMUUpBSkFMUYxhjGGKUUpRTFGOYc5hzFFMUU5xznH
OccxhjmGQghCCEIIOcdKSUpJUklKCEpJUopKSUpJSklKSUpJSklKSEpJSklCCDnH
Occ5xjnHOcc5xylFMUViy3OOWspSimMLUopjDGMLc45rTWtNc45rTHOOc45zjnOO
c457j3vPe897z3vOe897z3vPe897z3vPe897z3vPc89zz3PPc40xRSDCWodayGtK
a49rj2uPY49Ki0JKEII6CFsNMccAgjpJU01bTltOW05Ci0sNUw1TDULLKccphymH
KYYphimGKYYphSFFIQUhBRjFGMUYxBDDEIMQghBCCEIxRjFFKUUpBTFGMYYxhilF
KUUxRTmGOYYxRTFFOYY5xjnGMYYxhkIIQghCCEIISklKSUpJQghKSUpJSklKSUpJ
QghCCUpJSklKCUIJQgg5hznHOcc5xznHOccpRTGFWwxzjzoIKYdCSiFGQooxyEJJ
Ogkph0qLMchbDTGHSopSy1rLYwxrjmtNWwxKimtOWwxSy2NMSoljDFKKc49zz3PP
c89ri2sEasNigmrDasRrS3OPa45rjmuOSotCSgiDMchKizHIAIIpyFMNU05TTVNO
OopLDVNNUw1KzDGHKYcphylGKYYphimGIUYhRSEFIQQZBBjEEMQQgxCDEIMQQghB
MUUpRSlFKQUxRTFGMYYxRikEKUYxhjGGKUUpRTmGOcc5hzGGMYY5yEIJOcg5x0IJ
SklKSEIIQghKSUpJQklKSUJJQklCSUJJQghCCDoIOYc5hzmHOYc5hznHKUUxhmMM
c44pyBlHOgohh0pLKYhSzDoKIUdKzDIJY05KimuPQopbDToJUw06CXPPOghKikrL
a89bTjpKY046CGNNc89zz3OPawZqxGrEasNqw2rDa0trj2uPa45rjkrLSsoIg0JL
Y09CSwBDOgpSzVNOUw5TDjqLSw1LDlMOSs0xiCmHKYcpRylHKYcphylGIUUhBSEF
IQUYxBjEEIMQgxCDEEIQQilFKUUhBCEEKUUxRTFFKUUpBDFFOYY5RilFKUU5xjmG
OYYxRjGGQchCCEIHQcdKCEpJSklCCEoJSklKSUpJSklCSUIJQglCCEIIQghBxzGG
OYY5hjmGOYY5hikFMUZiy3NOa45rjmOOa45rjmNNY01rTmNOa45Sy2NOa49rjmNN
c49jDXOPWw1rT1MNWw5KjEJLY09CS2NOMYhSzHOPc45zTWKDasNqg2qDaoNqg2tM
a45rjmuOa45Ky0qLCINKjGNOSosAgzIJSw1TTVMNU006iksMSw1LDUrMKYcphymH
IUYphimGKYYhRSEFIQUhBSDEGMQYxBDDEIMQghCCCEEpRSlFIUUhBClFMUUxRSkF
KQUxRTGGMYYpRSlFOYc5hzGGMYUxhkIIQghCCDnHQghCCUpJQghCCUoJSglKCUpJ
QglCCUIIQghCCEIIOccxhjmGOYY5hjmGOYYpBDFGYstzTXOOc45zjnOOc45zjnOO
c45zjnOOc45zjnOOc45zjnOOc45zj3OPe49zj3OPc49zj3PPa45zj2tOc45zj3OP
Yw1JgmqDaoJqg2qDaoNrS2uOa45rjmOOSotCigCDSsxbTkqMAIMyCVMNU05TDlMO
OotKzEsNSw1KzCmHKYcphyGGIUYphimGKUUhRSEFIQUgxBjEGMQYwxCDEIMQQhBC
KUUpRCkEKQQpRSlFMUUpBSkEKQUxhjGGKUUpRTmGOYYxRjFGMYY5yEIIQcg5x0II
QghCCDoIQghCCEIIQghCCUIJQghCCUIIQghCCDnHMYYxhjmGMYYxhjmGKQQ5RVrL
a01zjnOOc45zjnOOc45zjnOOc45zjnOOc45zjnOOc45zjnPPc49zj3OPc49zj3OP
c49zj3OPc49zj3OPc49zj1KKOQFig2KDYoNig2KDa0xrjmOOY45jjkqLQkoAg0rM
W05SzACDKglTDVNOUw5TDkKLOklCSUJJQkkxximHKYchhilGKYcpRiFGIQYZBSEF
IQUZBBDEEIMQgxCDEIMQgilFKUUhBCEEKQUpRSlFKQUhBCkFMYYxhilFKUUxhjGG
MYYphTGGOcc5xznHOcdCCEpJQgg5yEIIQghCCUIJQghCCDoIQghCB0HIQcc5hzFG
MUYxhjGGMYYxhiEEMYVay2tNa05rTmtOa05zTnOOc45zjnOOc45zjnOOc45zjnOO
c45zjnOOc45zjnOOc45zj3OOc49zj3OOc49zj3OPc485hzDBYoNqg2KDYoNihGNL
a45rjmuOY45Ky0KKCIJTDVtOWwwAginISs1TDVMNUw1Ci0KLQotCjDqLKYcphymH
KYYphimGKUYpRiEFIQUZBRkFGQQYxBCEEIQQgxCDCIIpBCEEIQQhBCkFKUUpRSkF
KQQpRTGGMUYpBSkEOYYxhjGFMYUxhTnHOcc5xznHQghCCUIJOghCCEIIQghCCEII
QghCCEIIOcc5xznHMYYphTFFMUYxhjGGMYYhAymFWstrTFKKWstiy2MMa01rTWtN
YwxrTWtOa05rTmtOa45rjmuOc45zjnOOc45zjnOOc45zjnOOc45zjnOOc45zjmuO
IMNBwmqEYoNig2KDYoNjC2OOY45jjmOOQotCShDEWw1bTVtNCMMpyErMUw1LDVMN
QotCi0sNSw1LDDHIMccphiGGIYYphimGIUYhRiFFIQUhBBkEEMQQxBDDEMMIghCC
KQQhBCEEIQQpRClFMUUpRCkEKUQxRTFFKQUpBDFGMYYxhilFMUU5x0HHOcc5hkII
QghCCDoIOchByEIIQghCCEIIQghByDnHOcc5xzHGKUUpRTFFMUUxRjGGIQQxhlrL
Y01KilLLWsxSi0IJWotCCGMMOghay0IIUotjDUHJUsxKSlsMQklayzoIWstKiVsM
a45Sy2uOc45zjmuOa45ayyCBWkJig2KDYoNig2KDYwtjjmOOY45jjjqKQkpCCUIJ
Qgk5yBkEMYdSzFMNUw1TDUKLQoxKzUsNSs0xySmHKYcpRilGKYcphylHIQYhBiEF
IQUYxRDEEIQQxBCDEIIQgilFIQUhBCEEKUUpRSlFKQQhBClFMUYxRiEEIQQxRTGG
MYYxRTFFOcc5xznHOcZByEIIQgg5xzoIOcg6CEIIQghByDnIOcg5hzmHOcc5hilF
KUUpRTFFMUUxRSDEMYZay2NNUotjTUJJY01Ki2NNSotSzDoJQktCSkrLWwxCSWNN
SopCSUqLQkoph1LLMghSzGOOOchjDXNPa45rj3OOQggxRGKDYoNig2KDYoNig2sL
Y45jjmOOY45Ky1tOW05bTltOUw06i0KMSs1LDVMOUw1CjDqMSs1LDUrNMckphymH
KUchhimHIYYhRiFGIQUZBRkFGMQYxBDDEMMQgwiDCEMpRSlFIQQgxCkFKUUxRSlE
IQQhBClFKUUhBCEEKUUphTFGKUUpRTnHOcc5xznHOchByEHIOcc5xznIOcg5yDnI
Occ5xznHOYcxhzGGMYYpRSlFKUUpRSlFMUUgwzGGWstrTWNNa01rTWtNa01rTWsN
a05rTmNNYw1rDVrLUolaylKJUolKSEqJOgdKSUoIUoprTToIY01rjmuOa45rjiEF
UkZig2KDYoNig2KDYoNjC2NOY05jTWNOSotjT2NOW05bTltOU01Ci0rMUw1TDVMN
SswyB0KISolSzDnJKYgphyFGIUcphyFHIUYZBiEGIQUZBRjEGMQQxBCEEIQQgxCD
KUUhBSEEIQQpBClFMUUhBCEEIQQpRSlFIQQhBDFFMYUxRSlFKUU5xznHOcc5hznI
Ocg5yDmHOcc5yDnIOcg5yDnIMcc5xznHMYcxhylGKQUpRSlFKUUpRSlFIMMxhlqK
WwsxxlLLOgdSilKKWstKSVrLSopSy2MMYwxjDGMNYwxrTWtNa01rTmtOa05rTmtO
a05rjmuOa45rjmuOWwwgw2rKWoNag1qDWoNag1qDYwtjTluOW45bTkKLW05bT1tO
W05TTlMNQotKzFMOUw1TDkLLOgQ6BUIFSswyCCmHKYYhRilGKYYhRiFGGQUhBSEF
GQQYxBjEEMMQxBDEEIMQgylFIQUhBCEEIQQpBSlFKQQgxCkEKUUpRSEEIQQphSlF
KUUpRSlFOYY5xzHHMYY5xznIOcgxhzGHOcg5yDnIOcg5yDHHOccxhjGGMYYpRiEF
KQUpRSlFKUUpRSEEMYZai0qLIUZCSimHSoo6SVLLIYU6SSGGMggpiEqKMclKijHI
QklCijoISotKSUJJOchKikJJWwxbDGOOa05rTkpKOcdiyVqDWkNag1qDWoNag1tL
W05bTltOW05CjFtOW05bTlNOW05TTkKLQsxTDVMNUw1CiTHFMcYxxTHIKYcphyFH
IUYhRyFHIUchRhkGIQYhBRjFGMQYxBDEEMQQxBCDEIMpBCEEIMQhBCkEKQUpBSkE
IMMpBCkFKUUhBCEEMUYpRSlFKUUpRTGGMccxhzGGOcc5xznHMccxhznHOcc5xznH
Occ5xznHMYYxhjGGMUUpBCEEKQQpBSkFMQUYwzGGUopKizoJSsxCi1LMQkpKiymI
OggxyDoIOglbDTHJQgpCSkJKOkopxzqLMgkyCSGHOkoxyErMUsxjTmNOY00phlrL
Wwlag1qDWoNag1qEWoRjTVtOW05bTltOQotbDVtOW05TTlNOU046i0LMSw1LDUsN
QkgxxToGQkdSyzIIKYchRiFGIUYhRiFGIUYZBhkFGQUZBRkFEMQYxBDEEMMQgxCD
KQQhBCDDIQQpBCkEKQUoxCDEIQQpRCkEIQQhBClFKUYpRSlFKUUxhjGHMYYpRjmH
Occ5yDGHMYcxhzGHOcc5xzHHMccxhylGKUYxRilGIQQhBCEEKQQpBCkFGMMxhlKK
WsxbDFsMWwxjDVsMWwxbDVsNWw1bDVsNW05SzVLNSs1SzUqMQotKzTpLQow6S0KL
MglKjFsOY05jTmNOGQVjDVrIWoNag1qDWoNahFqEW01bTltOW05bTkKLW05bTlNO
U05LTktOQoxCzEsNSw1LDULMMgc6SEKJSswySSmHIUYhRiFGIUYhRiFGGQUZBRkF
GQUQxRDEEMQQxBDEEIMQgyEEIMMYwyDDIQQhBCEEIMMgwyEEKQUpBSEEIQQpRSlF
KUUpRSlFMYcxhjGHMYYxhzmHMYcxRzGHMYcxxzGHMYcxhzFHMYcpRilGKYYpRSEE
IQQhBCEEKQQpBBjDMYZSilKKSklKSVJJUopSilKKWstay1rLWstazFsMYwxjDGMM
Yw1jDWMNYw1jDWMNWw1jTVsNW05bTltOW05jTlsNY01ayFqDWoNag1pDUoNShVtN
W05TTlNOU046STpJOkk6STpJOklCSTpIQstLDUsNSw1CzDJKQsxCzELMMgkphyFG
IUYhRiFGIUYZRhkFGQUZBRkFGMQQxBDEEMMQwxCDEIMhBCEEGMMYwyDEIQQhBCDD
IMMhAykEKQQgwyDDKQUpBSkFIQQhBTGGMYYxhilGMYYxhjGGMUYxRjGGMYYxhzGG
MYcphilGKUYpRSlGIQUhBCEEKQQhBCEEKUQYwzGGUopKSUIIQghCCDnHQchCCEII
QghCCEoJQklKSUpJSklKSUpJSkpKSlrLSopSi1KKUopSi1KLUstSzFLMUsxSy1sM
UshSRVJFUkVSRVqGUsdTTlNOU05bTltOOotTTlNOSw5LDkrNQsw6SkLMSw1LDUsN
SswySUrMQsxCzDJJIYYhRSEFIUUhRiFGGQUZBRkFGQQZBBjEEIQQgxCDEIMQgxBC
IMQgwxjDGMMZAyEDIQQgwxjDIMMhBCEDGMMYwykEKQQhBCEEIQQpRSlFKUUpRTFF
MYYxhilFKUUpRSlGMYYxhjGGMUYpRiEFKQUpRSEEIMMgwyDEIQQhBCEEGMMxhlKK
Skk5yDoIOggZBSFGIUUxhzHHMYcxxzGHMYc5yDmHQglKCUoJQklSzDoIOgg5yEIJ
QglCCUIJQglCCUIJSklCSUJJQklCSUpJSkpKi0qLWw1KzEqMSoxCizpLQotCi0KL
QotCi0KLOkpCS0KLQotCizqLMgk6i0LLQswyCiFGGQUZBRlFIQUhBRjFGMQYxBjE
GMQQxBDDEIMQgxCDEIMQQiDDGMMYwiDDIMMgwyDEIMMYwxjDIQMgxBjDGMMhBCEE
IQQhBCEEIUQpRSEFIQUpRSlFKUUhBClFKUUpRSlGKUYpRilGKUUhRCEEKUQhBBjD
IMMgxCEEIQQhBBjDMYdSikpJQgg6CDnIIUUhhhlGKYcpxyGGIYYZRSGGMcgphjnI
QklCSUJJSswpxymHIUYphyFHKcgpyBlGIYchRjHIMcgphzHIKcgpyTIJOkpKzVtP
Ss1CjDIKMgkyCTJJOgk6CToJOgk6CToJOgkyCToJMgkyCTIIMgkxyDHIKYchBRkE
GQQZBBkEGQQYxBDDEMMQwxDDCIMIghCDEIIQghCCCEIYwhjDGIIYgiDDGMMYwxjC
GIIYwyEDGMMYwhjDIMQhBCDEIMQgxCkEKQQhBCEEIUQpRClEKQQhBCEEIQQpBSkF
KQUpBSEFIQQhBCEEIQQYwxjDGMMYxCDEIMQYgzmGUopKSUIIOgg5yDnIOcg5yDnI
Ogg6CDoIOgg6CDoJMchCCUIJQglCCUqMMckpyCmIKYgpiDHJKcgZRyGHGUYpiDGI
IUYpiCnIKcgyCSnIQsxj0FNPSw8ySzJLIckhySHJGYgiCSGIIcghiBmHIYgZhynI
IYcyCTIJQoxCzTIKGMQQwxDDGMMYwxjDEIMQgxCDEIIQggiCCIIIQghCCEIIAQhB
GIIQghiCEIIYghiCGIIYghiCGIIggyCDGIIYghjDIMMYwxjDGMMhBCDEIMMgwykE
IQQhBCEEIMQhBCEEIQQhBCEEIQQhBCDEIMMhBCDEGMMYwxjDGMMYwxjDEIIxhkqK
UstKy0qLSotKy0qLSopKi0qLSotKi0qLSopKikpKSkpKSkpKQkpSjEJKQgpCCToJ
Ogk6CjoJOgkyCToJOck6CTHIMckxyToJMgkxyUKMW09TT0uQS1BDDzKNMo0qSyoK
KkohySHJKckZiCGIIYgpyRlHKckqCUKLQswyShDDEIIQghCCEIIQghCCEIIQQghC
CEEIQQgBCAEIQQhBCAEIARBBEEEQQRBBGEEQQRBBEEEQQRBBGEEYQRhBGEEYQhiB
GIEYgRiBGIEYgRiBGIIYghiCGIIYghiCGIIYghjCGMIYwhiCGIIYghiCGIIYghiB
GIIYghiCGIIYgxiCOcZSylrLUspSylLLUstSy1MLUstTC1rLUsxSzFrMWsxazFrM
WsxSzFLMUwxTDFMMSsxSzFLMUsxKzEqMSoxKjEqMSktCSjHIMcg6SjIJMglCi1NO
U05bkGPRW9FTkFOPS09CzjqMOks6SzJKMks6CzILMgoxyTIJMglCjELMMkoQgghB
CEEIQQhBCEEIQQhBCEEIQQhBCAEIAQgBCAEIAQgBCAEQQRBBEEEQQRBBEEEQQRBB
EEEQQRCBGEEYQRhBGEEYQhhBGEEYQRhCGEEYQRhBGEEYgRiBGIEYgRiBGIEYgRiB
GIEYgRiBGIEYQRhBGEEYQRBBGEEYQRhBGEEYQTmGUopay1LKUopSylLKUspSy1ML
Ustay1LLWstazFrMWsxazFLMUsxazFsMWwxTDFMMUwxTDFMNUw1TDVMNUw1KzFLN
QoshxyoIQwwqCSHIQsxTTluPY9FsEmwTU5BbkVOQU1BKzUKLQos6SkKMQw1DDTrN
OowqCjJLOoxCjDJLCEEIAQgBCAEIAQgBCAEIAQgBCAEIAQgBCAEIAQgBCAEIAQgB
EEEQQBBBEEEQQRBBEEEQQRBBEEEQQRBBGEEYQRhBGEEYQRhBGEEYQRhBGIEYgRiB
GIEYgRiBGIEYgRiBIIEggSCBIIEggSCBGIEYgRiBGIEYQhhBGEEYQRBBEEE5hlKK
WstSy1KKUopSilKKUstSy1LLUstSy1LLUstSzFLMUsxSzFLMUsxTDFMMUwxTDFMM
UwxTDVMNSw1SzVLNUs1SzUKMIYgpyULNKgkhiEKMSw1TDVtOY9BsEmPRdFN0U2wT
ZBJTkEMOOoxDDlNPS09LT0sOMktCzULNQo06TAhBCAAIAQgBCAEIAQgBCAEIAQgB
CAEIAQgBCAEIAQgBCAEIARBBEEEQQRBBEEEQQRBBEEEQQRBBEEEQQRBBEEEQQRCB
GEEYQRhBGEEYQRhCGEEYQRhBGEEYgSCBIIEggSCBIIEggSCBIIEggRiBGIEYgRiB
GIEQgRiAGIEYQRBBOYZSSlJKSghCCEoIUolSilKKUstSy1LLUstSy1LLUstSy1LM
UsxSzFLMUsxSzFLMUsxSzFrNUsxSzFLMUsxSzFLMSsw6iyGHKglCzDHJIYdCi0sN
Sw1TDVtPa9Jj0XRUfFR8lHyUdJR0lHSUdFR0lGxTZBFTkDqLKgk6SjpJKcgIQQhB
CAEIAQgBCAEIAQgBCAEIAQgBCAEIAQgBCAEIAQgBCAEQQRBBEEEYQRBBGEEQQRBB
EEEQQRBBEEEQQRBBEEEQQRBBEEEQQRBBEEEQQRhBGEEYQRiBGIEYgRiBGIEYgRiB
GIEYgRiBGIEYgRiBGIEYgRiBGIEYQRhBGEEYQTGGSolKSUJIQggxhyEFIMQgxCCD
OYZKSUpKSkpKSkJKQglCSkrMSs1TDlMOWw1TDFMMUwtSy1rLUstSy1LMUsxSzErM
OooZhioJOswqCSGHQotKzErMSs1TTlvQY9F0U3RTdFN0U3STdFNsEmwSbFJsEmQR
W49CzUtPU5Bb0TqMCEEIAAgACAEIAQgBCAEIAQgBCAEIAQgBCAEIAQgBCAEIAQgB
EEEQQRBBEEEQQRBBEEEQQRBBEEEQQRBBEEEQQRBBEIEYQRhBGEEQQRhCGEEYQRBB
EEEQQRBBGEEYgRiBGIEYgRiBGIEYgRiBGIEYgRiBGIIYgRhBGEEYQRBAEEEQQRhC
GIIYghiCGIMYgxiDGIMQQRiCIQQhRCFEKUUhBSDEIQUpRSlFMYY5xjnHOcc5xzGG
MYYxhjnHOcdCSUqLSotTDDpKIYcpyDpKMcghhjJIQopCikLLSstLDEKKW05bTmOP
bBF0UmxSU49b0FOOU45bTlNOOotTj1uPW886zAiCCEEIQQgBCAEIAQgBCAEIAQgB
CAEIAQgBCAEIAQgBCAEIARBBEEEQQRBBEEEQQRBBEEEQQRBBEEEQQRBAEEEQQRBB
EEEYQRhBGEEYQRhBEEEQQRBBEEEYQRiBGIEYgRiBIIEYgRhBGIEYgRiBGIEYgRiB
GIEYgBiBGIEYgRhBEAAIAQgBCAEIAQgBCAEIAQgBCAEIAQgBCAEIAQgBCAEIAQgB
CAEIAQgBCAEIAQgBCAEIAQgBCAEIARABCEEIQQhBCEEQQRBBCEIQQhCCEIIQghCC
EIIQghCCEIIYwxjDGMMYwxjDGMMYwxjDGMMhBCEEIQQhBBjDKUUxhilFIQQQQQgB
CAEIAQgBAAEIAQABCAEIAQgBCAEIAQgBCAEIAQgBCAEQQRBBEEEQQRBBEEEQQRBB
EEEQQRBBEEEQQRBAEEEQQRBBEEEQgRBBEEEQQRBBEEEYQRhBGEEYQRhBGEEYQRiB
GEEYgRiBIIEggRiBGIEYgRiBGIAYgRiBGIEYgRhBEAEQARABEAEQAQgBCAEIAQgB
CAEAAQgBCAEIAQgBCAEIAQgBCAEIAQgBCAEIAQgBCAEIAQgBCAEIAQgBCAEIAQgB
CAEIAQgBCAEIAQgBCAEIAQgBCAEIAQgBCAEIAQgBCAEIAQgBCAEIAQgBCAEIAQgB
CAEIAQgACAEQQQhBCEEIQQhBCAEIAQABCAEIAQgBCAEIAQgBCAEIAQgBCAEIAQgB
EEEQQRBBEEEQQQhBEEEQQRhBEEEQQRBBEEEQQRBAEEEYQRhBGEEYQRhBGEEYQRhB
IEEYgRiBGIEYgRhBGEEYgRiBGIEYgRiBGIEggSCBIIEggSCBIIEggSCBIIEYgRiB
GIEYQRhBGEEYQRhBGEEYQBhBGEEYQRBBEEEQQRBBEAEQARABCAEIARABEAEQARAB
EAEQARABEAEIAQgBCAEIAQgBCAEIAQgBCAEAAQgBCAEIAQgBCAEIAQgBCAEIAQgB
CAEIAQgBCAEIAQgBCAEIAQgBCAEIAQgBCAEIAQhBCEEIAQgBCAEIAQgBCAEIAQgB
CAEIAQgBCAEIAQgBCAEIARBBEEEIQRBBEEEQQRBBEEEQQRBBEEEQQRBBEEAQQRCB
GEEYQRhBGEEYQRhBGEEYQhiBGIEYgRiBGIEYgRiBGIEYgSCBGIEggSCBIIEggSCB
IIEggRiBGIEYgSCBIIEggSCBIIEggSCCGIEYQRhBGEEYQRhBGEAYQRhBGEEYQRhB
GEEYQRhBGEEYQRhBGEEYQRhBGEEYQRhBGEEYQRhBGEEYQRhBGEEQQRBBEEEQQRBA
CEEQQBBBEAEQAQgBCAEIAQgBCAEIAQgBAAEIAQgBCAEIAQgBCAEQAQhBCEEIQQhB
CEEIQQhBCAEIAQgBCAEIAQgBCAEIAQgBCAEIAQgBCAEQQRBBEEEQQRBBEEEQQRBB
EEEQQRBBEEEQQRBBEEEYQRBBEEEYQRhBGEEYQRhBGIEYgRiBGIEYgRiCGIEYgRiB
GIEYgRiBGIEYgRiBGIEYgRiBGIEYgRiBGIEYgRiBGIEYgRiBGIEYgRiBGIEYgRiB
GIEYgSCBIIEggSCBIEEYgRiBGIEYgSCBIIEggSCBIIEgQSCCIIEggSCBIIEggSCB
GIEYgRiBGEEYQRhBGEEYQRhBGEEYQRhBEEEQQRBBEEEQQRBBEEEQQRBBEEEQQRBB
EEEIQQhBCEEIQQhBCEEIQQhBCEEIQQgBCAEIAQgBCAEIAQgBCAEIAQgBCAEIAQgB
EEEQQRBBEEEQQRBBEEEQARBBEEEQQRBBEEEQQRBBEEEQQRBAGEAYQRhBGEEYQRhB
GEEYQhiBGIEYgRiBGIEYgRiBGIEYgRiBGIEYgRiBGIEYgRiBGIEYgBiBGIEYgRiB
IIEggSCBIIEggSCBIIEggSCBIIEggSCBIIEggSCBIIEggSCBIIIggSCBIIEggRiB
IIEggSCBIIEggSCBIIEggRiBGIEYgRhBGEEYQRhBGEEYQRhBGEEYQRhBGEEYQRhB
GIEYQRhBGEEQQRBBEEEQQBBBEEEQQRBBEEEQQQhBCEEIQQhBCAEIAQgBCAEAAQgB
CAEIAQgBCAEIAQgBCAEIARBBEEEQQRBBEEEQQRBBEEEQQBBBEEEQQRBBEEEQQRBB
EEEQQRhBGEEYQRhBGIEYgRiBGIEYgRiBGIEYgRiBGIEYgRiBGIEYgRiBIIEggSCB
IIEggSCBIIEggSCBIIEggSCBIIEggSCBIIEggSCBIIEggSCCIIIggiCCIIIggSCC
IIEggSCCIIIYgiCCIIIggSCBIIEggSCBIIEggSCBGIEYgRiBGIEYgRiBGIEYgRiB
GIEYgRiBGIEYgRiBGIEYgRiBGIIYgRiBGEEYQRhAGEEQQRBBEAEQQRBBEEEIQQhB
CAEIAQgBCAEIAQABCAEIAQgBCAEIAQgBCAEIAQgBCAEQQRBBEEEQgRBBEEEQARBB
EEEQQRhBGEEYQRhBGEEYQRhBGEEYQRhBGIEYgRiBGIEYgRiBGIEYgRiBGIEYgRiB
GIEYgRiBGIEYgSCBIIEggSCBIIEggSCBIIEggSCBIIEggSCBIIEggSCBIIEggSCB
IIEggSCBIIIggiCCIIIggSCBIIEggSCBIIEggiCCIIIggiCBGIEggSCBIIEggSCB
GIEYgRiBGIEYgRCAGIEYgRiBGIEYgRCBEIEYgRiBGIEYgRiBGEEYQRhBEEEQQhBB
EEEQQRBBEEEQQRBBCEEIQQhBCAEIAQgBCAEIAQgBCAEIAQgBCAEIAQgBCAEIAQgB
GEEYQRBBEEEQQRBBGEEQQRBBEEEQQRBBEIEQQRBBEEEYQRhBGEEYQRhBGEEYQRiB
GIEYgRiBGIEYgRiBGIEYgRiBGIEYgRiBGIEYgRiBGIEYgRiBGIEggSCBIIEggSCB
IIEggSCBIIIggiCCIIIggiCBIIIggSCBIIEggSCBIIEggSCBIIEggSCBIIEggSCC
IIIggiCCIIIgQSCBIIEggRiBGIEYgRiBEIEYghiBGIEYgRiBGIEYgRiBEIEYgRiB
GIEYgRiBEEEQQRBBEEEQQhBBEEEQQRBBEEEQARABCAEIAQgBCAEIAQgBCAAIAQgB
CAEIAQgBCAEIAQgBCAEIARBBEEEQQRBBEEEQQRBBEEEQQRBBEEEQQRhBGEEYQRhB
IEEYQRhBGEEYQRhBGEEYgRiBGIEYgBiBGIEggSCBGIEYgBiBGIEYgSCBIIEggSCB
IIEggSCBIIEggSCBIIEggSCBIIEggSCBGIEggSBBIIEggSCCIIIggSCBIIEggiCB
IIEggSCCIIEggSBBIIEggSCBIIEggSCBIIEggSCCGIIYgRiBGIEYgRiBGIEYgRiB
GIEYgRiBGIEQgRiBGIEYgRiAGIEYgRiBGEEYQRhBGEEQQRBBEEEQQRBBEEEIQQhB
CEEIAQgBCAEIAQgBCAEIAQgBCAEIAQgBCAEIAQgBCAE=
END m9
frame   246 :  a closed book +5.83*  an opened book -0.68   led   1/181 h0.10 b0.95 lvl+2.57 d0.10   MATCH a closed book (cos -0.076, nearer by 2.76)
frame   247 :  a closed book +6.47*  an opened book -0.33   led   0/224 h0.04 b0.98 lvl+3.07 d0.04   MATCH a closed book (cos -0.069, nearer by 3.17)
frame   248 :  a closed book +6.35*  an opened book -0.43   led   0/220 h0.04 b0.98 lvl+2.96 d0.04   MATCH a closed book (cos -0.075, nearer by 3.14)
frame   249 :  a closed book +5.93*  an opened book -0.62   led   1/186 h0.09 b0.95 lvl+2.66 d0.09   MATCH a closed book (cos -0.079, nearer by 2.81)
frame   250 :  a closed book +5.78*  an opened book -0.77   led   1/187 h0.09 b0.95 lvl+2.50 d0.09   MATCH a closed book (cos -0.078, nearer by 2.81)
frame   251 :  a closed book +6.42*  an opened book -0.32   led   0/214 h0.05 b0.97 lvl+3.05 d0.05   MATCH a closed book (cos -0.069, nearer by 3.09)
frame   252 :  a closed book +5.75*  an opened book -0.65   led   2/167 h0.12 b0.94 lvl+2.55 d0.12   MATCH a closed book (cos -0.082, nearer by 2.61)
enrol     : a closed book, level +2.17 (20 frames)
enrol     : 2 classes, nearest pair 3.11 apart, absent beyond 6.22 (2.0 sep)
            'an opened book' SITS 0.48 SEP FROM THE ORIGIN, which is where a scene identical to
            the frozen background lands. Presence cannot separate the two, so an empty
            desk will read as that class. Re-freeze the background ('N') on a scene
            that is actually empty, or enrol a class that looks less like it.
frame   253 :  a closed book +5.96*  an opened book -0.46   led   0/236 h0.02 b0.99 lvl+2.75 d0.02   MATCH a closed book (cos -0.074, nearer by 2.97)
frame   254 :  a closed book +5.77*  an opened book -0.80   led   0/252 h0.00 b0.99 lvl+2.48 d0.01   MATCH a closed book (cos -0.078, nearer by 3.11)
frame   255 :  a closed book +6.64*  an opened book -0.02   led   0/246 h0.00 b0.98 lvl+3.31 d0.03   MATCH a closed book (cos -0.066, nearer by 3.11)
frame   256 :  a closed book +6.10*  an opened book -0.33   led   0/238 h0.02 b0.99 lvl+2.88 d0.02   MATCH a closed book (cos -0.079, nearer by 2.98)
frame   257 :  a closed book +6.28*  an opened book -0.19   led   0/246 h0.01 b0.99 lvl+3.05 d0.01   MATCH a closed book (cos -0.073, nearer by 3.04)
frame   258 :  a closed book +6.36*  an opened book -0.70   led   0/222 h0.00 b0.94 lvl+2.83 d0.12   MATCH a closed book (cos -0.073, nearer by 3.11)
frame   259 :  a closed book +6.49*  an opened book -0.36   led   0/235 h0.00 b0.96 lvl+3.07 d0.07   MATCH a closed book (cos -0.073, nearer by 3.11)
frame   260 :  a closed book +6.95*  an opened book +0.15   led   0/238 h0.00 b0.97 lvl+3.55 d0.06   MATCH a closed book (cos -0.068, nearer by 3.11)
frame   261 :  a closed book +7.38*  an opened book +0.64   led   0/242 h0.00 b0.98 lvl+4.01 d0.05   MATCH a closed book (cos -0.067, nearer by 3.11)
frame   262 :  a closed book +6.86*  an opened book +0.21   led   0/247 h0.00 b0.99 lvl+3.53 d0.03   MATCH a closed book (cos -0.076, nearer by 3.11)
frame   263 :  a closed book +7.21*  an opened book +0.61   led   0/250 h0.00 b0.99 lvl+3.91 d0.02   MATCH a closed book (cos -0.068, nearer by 3.11)
frame   264 :  a closed book +7.70*  an opened book +0.91   led   0/238 h0.00 b0.97 lvl+4.31 d0.06   MATCH a closed book (cos -0.065, nearer by 3.11)
frame   265 :  a closed book +8.40*  an opened book +1.49*   led   0/231 h0.00 b0.96 lvl+4.95 d0.09   MATCH a closed book (cos -0.061, nearer by 3.11)
frame   266 :  a closed book +8.66*  an opened book +1.46*   led   0/213 h0.00 b0.92 lvl+5.06 d0.16   MATCH a closed book (cos -0.063, nearer by 3.11)
frame   267 :  a closed book +6.96*  an opened book +0.97   led   2/167 h0.12 b0.94 lvl+3.96 d0.12   MATCH a closed book (cos -0.084, nearer by 2.35)
frame   268 :  a closed book +6.97*  an opened book -0.16   led   0/217 h0.00 b0.93 lvl+3.41 d0.14   MATCH a closed book (cos -0.071, nearer by 3.11)
frame   269 :  a closed book +3.64*  an opened book -2.39   led   2/174 h0.11 b0.94 lvl+0.62 d0.11   MATCH a closed book (cos -0.110, nearer by 2.42)
frame   270 :  a closed book +1.95*  an opened book -2.17   led  38/ 25 h0.55 b0.77 lvl-0.11 d0.45   MATCH an opened book (cos -0.114, nearer by 0.28)
frame   271 :  a closed book +1.29*  an opened book -2.00   led  95/ 10 h0.74 b0.87 lvl-0.35 d0.26   MATCH an opened book (cos -0.114, nearer by 1.47)
frame   272 :  a closed book +0.81  an opened book -2.04   led 142/  4 h0.84 b0.92 lvl-0.62 d0.16   MATCH an opened book (cos -0.115, nearer by 2.08)
frame   273 :  a closed book +0.75  an opened book -1.92   led 166/  2 h0.88 b0.94 lvl-0.59 d0.12   MATCH an opened book (cos -0.114, nearer by 2.34)
frame   274 :  a closed book +0.38  an opened book -1.98   led 213/  0 h0.95 b0.97 lvl-0.80 d0.05   MATCH an opened book (cos -0.115, nearer by 2.78)
frame   275 :  a closed book +0.08  an opened book -2.03   led 254/  0 h1.00 b1.00 lvl-0.97 d0.00   MATCH an opened book (cos -0.115, nearer by 3.11)
frame   276 :  a closed book +0.08  an opened book -1.97   led 251/  0 h1.00 b0.99 lvl-0.94 d0.02   MATCH an opened book (cos -0.115, nearer by 3.11)
frame   277 :  a closed book +0.50  an opened book -1.37   led 239/  0 h1.00 b0.97 lvl-0.44 d0.06   MATCH an opened book (cos -0.109, nearer by 3.11)
frame   278 :  a closed book +0.07  an opened book -1.75   led 236/  0 h1.00 b0.97 lvl-0.84 d0.07   MATCH an opened book (cos -0.117, nearer by 3.11)
frame   279 :  a closed book -0.11  an opened book -2.11   led 247/  0 h1.00 b0.98 lvl-1.11 d0.03   MATCH an opened book (cos -0.118, nearer by 3.11)
frame   280 :  a closed book -0.41  an opened book -2.26   led 238/  0 h1.00 b0.97 lvl-1.33 d0.06   MATCH an opened book (cos -0.117, nearer by 3.11)
frame   281 :  a closed book -0.40  an opened book -2.23   led 237/  0 h1.00 b0.97 lvl-1.32 d0.07   MATCH an opened book (cos -0.116, nearer by 3.11)
frame   282 :  a closed book -0.48  an opened book -2.10   led 224/  0 h1.00 b0.94 lvl-1.29 d0.12   MATCH an opened book (cos -0.114, nearer by 3.11)
frame   283 :  a closed book -0.55  an opened book -2.09   led 219/  0 h1.00 b0.93 lvl-1.32 d0.13   MATCH an opened book (cos -0.115, nearer by 3.11)
frame   284 :  a closed book -0.97  an opened book -2.35   led 210/  0 h1.00 b0.92 lvl-1.66 d0.17   MATCH an opened book (cos -0.118, nearer by 3.11)
frame   285 :  a closed book -0.50  an opened book -2.25   led 232/  0 h1.00 b0.96 lvl-1.37 d0.09   MATCH an opened book (cos -0.115, nearer by 3.11)
frame   286 :  a closed book -0.60  an opened book -2.15   led 219/  0 h1.00 b0.93 lvl-1.37 d0.13   MATCH an opened book (cos -0.115, nearer by 3.11)
frame   287 :  a closed book -0.54  an opened book -1.92   led 210/  0 h1.00 b0.92 lvl-1.23 d0.17   MATCH an opened book (cos -0.113, nearer by 3.11)
frame   288 :  a closed book -0.07  an opened book -1.73   led 226/  0 h1.00 b0.95 lvl-0.90 d0.11   MATCH an opened book (cos -0.113, nearer by 3.11)
frame   289 :  a closed book -0.43  an opened book -2.02   led 222/  0 h1.00 b0.94 lvl-1.23 d0.12   MATCH an opened book (cos -0.117, nearer by 3.11)
frame   290 :  a closed book -0.45  an opened book -1.87   led 212/  0 h1.00 b0.92 lvl-1.16 d0.16   MATCH an opened book (cos -0.113, nearer by 3.11)
frame   291 :  a closed book +0.10  an opened book -1.58   led 227/  0 h1.00 b0.95 lvl-0.74 d0.10   MATCH an opened book (cos -0.111, nearer by 3.11)
frame   292 :  a closed book -0.98  an opened book -2.23   led 203/  0 h1.00 b0.90 lvl-1.60 d0.20   MATCH an opened book (cos -0.120, nearer by 3.11)
frame   293 :  a closed book -1.27  an opened book -2.55   led 204/  0 h1.00 b0.90 lvl-1.91 d0.19   MATCH an opened book (cos -0.119, nearer by 3.11)
frame   294 :  a closed book -1.17  an opened book -2.41   led 202/  0 h1.00 b0.90 lvl-1.79 d0.20   MATCH an opened book (cos -0.116, nearer by 3.11)
frame   295 :  a closed book -0.49  an opened book -2.10   led 223/  0 h1.00 b0.94 lvl-1.29 d0.12   MATCH an opened book (cos -0.113, nearer by 3.11)
frame   296 :  a closed book -0.39  an opened book -1.98   led 222/  0 h1.00 b0.94 lvl-1.18 d0.12   MATCH an opened book (cos -0.114, nearer by 3.11)
frame   297 :  a closed book -0.07  an opened book -1.90   led 236/  0 h1.00 b0.97 lvl-0.98 d0.07   MATCH an opened book (cos -0.114, nearer by 3.11)
frame   298 :  a closed book -0.04  an opened book -1.58   led 220/  0 h1.00 b0.93 lvl-0.81 d0.13   MATCH an opened book (cos -0.111, nearer by 3.11)
frame   299 :  a closed book -0.03  an opened book -1.57   led 219/  0 h1.00 b0.93 lvl-0.80 d0.13   MATCH an opened book (cos -0.113, nearer by 3.11)
background: after 30 frames (frozen, room spread), this room reads  an opened book -0.108 +-0.0037 (COCO -0.151 +-0.0303)  a closed book -0.100 +-0.0040 (COCO -0.159 +-0.0351)
frame   300 :  a closed book -0.62  an opened book -1.61   led 188/  0 h1.00 b0.87 lvl-1.12 d0.26   MATCH an opened book (cos -0.114, nearer by 3.11)
frame   301 :  a closed book -0.41  an opened book -1.42   led 189/  0 h1.00 b0.87 lvl-0.92 d0.25   MATCH an opened book (cos -0.112, nearer by 3.11)
frame   302 :  a closed book -0.88  an opened book -2.02   led 196/  0 h1.00 b0.89 lvl-1.45 d0.22   MATCH an opened book (cos -0.119, nearer by 3.11)
frame   303 :  a closed book -0.75  an opened book -2.13   led 210/  0 h1.00 b0.91 lvl-1.44 d0.17   MATCH an opened book (cos -0.116, nearer by 3.11)
frame   304 :  a closed book -0.60  an opened book -1.87   led 203/  0 h1.00 b0.90 lvl-1.23 d0.20   MATCH an opened book (cos -0.113, nearer by 3.11)
frame   305 :  a closed book -0.17  an opened book -1.55   led 210/  0 h1.00 b0.92 lvl-0.86 d0.17   MATCH an opened book (cos -0.111, nearer by 3.11)
frame   306 :  a closed book +0.26  an opened book -1.15   led 212/  0 h1.00 b0.92 lvl-0.45 d0.16   MATCH an opened book (cos -0.109, nearer by 3.11)
frame   307 :  a closed book +0.11  an opened book -1.26   led 209/  0 h1.00 b0.91 lvl-0.58 d0.17   MATCH an opened book (cos -0.113, nearer by 3.11)
frame   308 :  a closed book +0.11  an opened book -1.10   led 200/  0 h1.00 b0.90 lvl-0.49 d0.21   MATCH an opened book (cos -0.111, nearer by 3.11)
frame   309 :  a closed book +2.02*  an opened book -0.13   led 251/  0 h0.99 b1.00 lvl+0.95 d0.01   MATCH an opened book (cos -0.101, nearer by 3.08)
frame   310 :  a closed book +2.72*  an opened book +1.38*   led 207/  0 h1.00 b0.91 lvl+2.05 d0.18   MATCH an opened book (cos -0.092, nearer by 3.11)
frame   311 :  a closed book +4.20*  an opened book +1.64*   led 180/  1 h0.90 b0.95 lvl+2.92 d0.10   MATCH an opened book (cos -0.100, nearer by 2.48)
frame   312 :  a closed book +3.09*  an opened book +0.03   led 118/  7 h0.79 b0.89 lvl+1.56 d0.21   MATCH an opened book (cos -0.118, nearer by 1.80)
frame   313 :  a closed book +1.88*  an opened book -1.48   led  89/ 11 h0.72 b0.86 lvl+0.20 d0.28   MATCH an opened book (cos -0.123, nearer by 1.37)
frame   314 :  a closed book +3.30*  an opened book +0.72   led 178/  2 h0.90 b0.95 lvl+2.01 d0.10   MATCH an opened book (cos -0.090, nearer by 2.46)
frame   315 :  a closed book +3.79*  an opened book +2.38*   led 211/  0 h1.00 b0.92 lvl+3.09 d0.16   MATCH an opened book (cos -0.088, nearer by 3.11)
frame   316 :  a closed book +5.47*  an opened book +4.93*   led 165/  0 h1.00 b0.82 lvl+5.20 d0.36   MATCH an opened book (cos -0.072, nearer by 3.11)
frame   317 :  a closed book +5.77*  an opened book +5.27*   led 163/  0 h1.00 b0.81 lvl+5.52 d0.37   MATCH an opened book (cos -0.086, nearer by 3.11)
frame   318 :  a closed book +6.43*  an opened book +6.26*   led 147/  0 h1.00 b0.78 lvl+6.34 d0.44   MATCH an opened book (cos -0.078, nearer by 3.11)
frame   319 :  a closed book +7.37*  an opened book +6.58*   led 177/  0 h1.00 b0.85 lvl+6.98 d0.30   MATCH an opened book (cos -0.081, nearer by 3.11)
frame   320 :  a closed book +5.98*  an opened book +5.34*   led 170/  0 h1.00 b0.83 lvl+5.66 d0.34   MATCH an opened book (cos -0.097, nearer by 3.11)
frame   321 :  a closed book +6.08*  an opened book +5.76*   led 153/  0 h1.00 b0.79 lvl+5.92 d0.41   MATCH an opened book (cos -0.084, nearer by 3.11)
frame   322 :  a closed book +7.07*  an opened book +6.03*   led 190/  0 h1.00 b0.88 lvl+6.55 d0.25   MATCH an opened book (cos -0.084, nearer by 3.11)
frame   323 :  a closed book +6.67*  an opened book +6.62*   led 141/  0 h1.00 b0.76 lvl+6.64 d0.47   MATCH an opened book (cos -0.079, nearer by 3.11)
frame   324 :  a closed book +6.76*  an opened book +6.66*   led 143/  0 h1.00 b0.77 lvl+6.71 d0.46   MATCH an opened book (cos -0.083, nearer by 3.11)
frame   325 :  a closed book +6.51*  an opened book +5.96*   led 165/  0 h1.00 b0.82 lvl+6.24 d0.36   MATCH an opened book (cos -0.091, nearer by 3.11)
frame   326 :  a closed book +6.07*  an opened book +5.44*   led 169/  0 h1.00 b0.83 lvl+5.76 d0.34   MATCH an opened book (cos -0.091, nearer by 3.11)
frame   327 :  a closed book +5.83*  an opened book +5.59*   led 150/  0 h1.00 b0.79 lvl+5.71 d0.43   MATCH an opened book (cos -0.086, nearer by 3.11)
frame   328 :  an opened book +5.58*  a closed book +5.48*   led 134/  0 h1.00 b0.75 lvl+5.53 d0.51   MATCH an opened book (cos -0.087, nearer by 3.11)
frame   329 :  an opened book +5.55*  a closed book +5.37*   led 131/  0 h1.00 b0.74 lvl+5.46 d0.52   MATCH an opened book (cos -0.088, nearer by 3.11)
frame   330 :  a closed book +5.68*  an opened book +5.51*   led 146/  0 h1.00 b0.78 lvl+5.60 d0.45   MATCH an opened book (cos -0.088, nearer by 3.11)
frame   331 :  a closed book +5.67*  an opened book +5.46*   led 148/  0 h1.00 b0.78 lvl+5.57 d0.44   MATCH an opened book (cos -0.088, nearer by 3.11)
frame   332 :  a closed book +6.00*  an opened book +5.71*   led 153/  0 h1.00 b0.79 lvl+5.85 d0.42   MATCH an opened book (cos -0.085, nearer by 3.11)
frame   333 :  a closed book +6.93*  an opened book +6.37*   led 166/  0 h1.00 b0.82 lvl+6.65 d0.36   MATCH an opened book (cos -0.080, nearer by 3.11)
frame   334 :  a closed book +6.94*  an opened book +6.03*   led 184/  0 h1.00 b0.86 lvl+6.49 d0.28   MATCH an opened book (cos -0.088, nearer by 3.11)
frame   335 :  a closed book +7.55*  an opened book +5.86*   led 228/  0 h1.00 b0.95 lvl+6.70 d0.10   MATCH an opened book (cos -0.087, nearer by 3.11)
frame   336 :  a closed book +8.06*  an opened book +6.25*   led 235/  0 h1.00 b0.96 lvl+7.15 d0.07   MATCH an opened book (cos -0.082, nearer by 3.11)
frame   337 :  a closed book +8.68*  an opened book +6.67*   led 248/  0 h1.00 b0.99 lvl+7.68 d0.03   MATCH an opened book (cos -0.080, nearer by 3.11)
frame   338 :  a closed book +8.29*  an opened book +6.12*   led 246/  0 h0.99 b0.99 lvl+7.21 d0.01   MATCH an opened book (cos -0.089, nearer by 3.04)
frame   339 :  a closed book +8.25*  an opened book +6.43*   led 236/  0 h1.00 b0.97 lvl+7.34 d0.07   MATCH an opened book (cos -0.082, nearer by 3.11)
frame   340 :  a closed book +7.78*  an opened book +5.76*   led 248/  0 h1.00 b0.99 lvl+6.77 d0.02   MATCH an opened book (cos -0.091, nearer by 3.11)
frame   341 :  a closed book +7.42*  an opened book +5.66*   led 232/  0 h1.00 b0.96 lvl+6.54 d0.08   MATCH an opened book (cos -0.087, nearer by 3.11)
frame   342 :  a closed book +6.87*  an opened book +5.25*   led 224/  0 h1.00 b0.94 lvl+6.06 d0.11   MATCH an opened book (cos -0.091, nearer by 3.11)
frame   343 :  a closed book +7.25*  an opened book +5.80*   led 213/  0 h1.00 b0.92 lvl+6.52 d0.16   MATCH an opened book (cos -0.083, nearer by 3.11)
frame   344 :  a closed book +7.50*  an opened book +5.56*   led 243/  0 h1.00 b0.98 lvl+6.53 d0.04   MATCH an opened book (cos -0.089, nearer by 3.11)
frame   345 :  a closed book +7.51*  an opened book +5.24*   led 228/  0 h0.97 b0.98 lvl+6.37 d0.03   MATCH an opened book (cos -0.091, nearer by 2.90)
frame   346 :  a closed book +8.12*  an opened book +5.75*   led 210/  0 h0.94 b0.97 lvl+6.94 d0.06   MATCH an opened book (cos -0.083, nearer by 2.76)
frame   347 :  a closed book +6.63*  an opened book +6.00*   led 169/  0 h1.00 b0.83 lvl+6.31 d0.34   MATCH an opened book (cos -0.084, nearer by 3.11)
frame   348 :  a closed book +1.38*  an opened book +0.67   led 173/  0 h1.00 b0.84 lvl+1.03 d0.32   MATCH an opened book (cos -0.141, nearer by 3.11)
frame   349 :  an opened book -1.08  a closed book -1.15   led 135/  0 h1.00 b0.75 lvl-1.12 d0.50   MATCH an opened book (cos -0.124, nearer by 3.11)
frame   350 :  a closed book -0.07  an opened book -2.99   led 134/  5 h0.82 b0.91 lvl-1.53 d0.18   MATCH an opened book (cos -0.132, nearer by 1.99)
frame   351 :  a closed book +0.08  an opened book -4.26   led  29/ 30 h0.50 b0.75 lvl-2.09 d0.50   MATCH a closed book (cos -0.098, nearer by 0.02)
frame   352 :  a closed book +0.43  an opened book -4.95   led  10/ 97 h0.26 b0.87 lvl-2.26 d0.26   MATCH a closed book (cos -0.095, nearer by 1.49)
frame   353 :  a closed book -0.25  an opened book -5.61   led  10/ 95 h0.26 b0.87 lvl-2.93 d0.26   MATCH a closed book (cos -0.106, nearer by 1.47)
frame   354 :  a closed book +1.34*  an opened book -4.59   led   3/160 h0.13 b0.93 lvl-1.62 d0.13   MATCH a closed book (cos -0.082, nearer by 2.28)
frame   355 :  a closed book +2.37*  an opened book -5.03   led   0/202 h0.00 b0.90 lvl-1.33 d0.20   MATCH a closed book (cos -0.082, nearer by 3.11)
frame   356 :  a closed book +3.87*  an opened book -4.95   led   0/131 h0.00 b0.74 lvl-0.54 d0.52   MATCH a closed book (cos -0.073, nearer by 3.11)
frame   357 :  a closed book +4.73*  an opened book -4.86   led   0/ 99 h0.00 b0.65 lvl-0.06 d0.70   MATCH a closed book (cos -0.074, nearer by 3.11)
frame   358 :  a closed book +4.60*  an opened book -5.41   led   0/ 84 h0.00 b0.60 lvl-0.41 d0.79   MATCH a closed book (cos -0.082, nearer by 3.11)
frame   359 :  a closed book +4.62*  an opened book -5.87   led   0/ 68 h0.00 b0.55 lvl-0.63 d0.90   MATCH a closed book (cos -0.081, nearer by 3.11)
frame   360 :  a closed book +4.95*  an opened book -5.80   led   0/ 60 h0.00 b0.52 lvl-0.42 d0.96   MATCH a closed book (cos -0.077, nearer by 3.11)
frame   361 :  a closed book +5.07*  an opened book -5.98   led   0/ 52 h0.00 b0.48 lvl-0.46 d1.03   MATCH a closed book (cos -0.078, nearer by 3.11)
frame   362 :  a closed book +4.91*  an opened book -6.24   led   0/ 49 h0.00 b0.47 lvl-0.66 d1.05   MATCH a closed book (cos -0.081, nearer by 3.11)
frame   363 :  a closed book +5.00*  an opened book -6.01   led   0/ 53 h0.00 b0.49 lvl-0.51 d1.02   MATCH a closed book (cos -0.079, nearer by 3.11)
frame   364 :  a closed book +4.83*  an opened book -6.19   led   0/ 53 h0.00 b0.49 lvl-0.68 d1.02   MATCH a closed book (cos -0.082, nearer by 3.11)
frame   365 :  a closed book +5.46*  an opened book -5.88   led   0/ 44 h0.00 b0.45 lvl-0.21 d1.10   MATCH a closed book (cos -0.073, nearer by 3.11)
frame   366 :  a closed book +5.72*  an opened book -5.84   led   0/ 39 h0.00 b0.43 lvl-0.06 d1.15   MATCH a closed book (cos -0.075, nearer by 3.11)
frame   367 :  a closed book +5.18*  an opened book -6.25   led   0/ 42 h0.00 b0.44 lvl-0.54 d1.12   MATCH a closed book (cos -0.083, nearer by 3.11)
frame   368 :  a closed book +5.33*  an opened book -5.94   led   0/ 46 h0.00 b0.46 lvl-0.30 d1.08   MATCH a closed book (cos -0.077, nearer by 3.11)
frame   369 :  a closed book +5.33*  an opened book -6.06   led   0/ 43 h0.00 b0.45 lvl-0.37 d1.11   MATCH a closed book (cos -0.078, nearer by 3.11)
frame   370 :  a closed book +5.11*  an opened book -6.17   led   0/ 46 h0.00 b0.46 lvl-0.53 d1.08   MATCH a closed book (cos -0.081, nearer by 3.11)
frame   371 :  a closed book +4.60*  an opened book -6.49   led   0/ 51 h0.00 b0.48 lvl-0.94 d1.04   MATCH a closed book (cos -0.085, nearer by 3.11)
frame   372 :  a closed book +4.60*  an opened book -6.24   led   0/ 58 h0.00 b0.51 lvl-0.82 d0.98   MATCH a closed book (cos -0.081, nearer by 3.11)
frame   373 :  a closed book +4.71*  an opened book -6.21   led   0/ 55 h0.00 b0.50 lvl-0.75 d1.00   MATCH a closed book (cos -0.080, nearer by 3.11)
frame   374 :  a closed book +4.82*  an opened book -6.17   led   0/ 53 h0.00 b0.49 lvl-0.68 d1.02   MATCH a closed book (cos -0.079, nearer by 3.11)
frame   375 :  a closed book +4.46*  an opened book -6.25   led   0/ 61 h0.00 b0.52 lvl-0.89 d0.95   MATCH a closed book (cos -0.084, nearer by 3.11)
frame   376 :  a closed book +4.59*  an opened book -6.26   led   0/ 58 h0.00 b0.51 lvl-0.84 d0.98   MATCH a closed book (cos -0.080, nearer by 3.11)
frame   377 :  a closed book +4.61*  an opened book -5.87   led   0/ 68 h0.00 b0.55 lvl-0.63 d0.90   MATCH a closed book (cos -0.081, nearer by 3.11)
frame   378 :  a closed book +4.46*  an opened book -5.97   led   0/ 70 h0.00 b0.56 lvl-0.75 d0.89   MATCH a closed book (cos -0.083, nearer by 3.11)
frame   379 :  a closed book +4.76*  an opened book -5.52   led   0/ 75 h0.00 b0.57 lvl-0.38 d0.85   MATCH a closed book (cos -0.078, nearer by 3.11)
frame   380 :  a closed book +4.59*  an opened book -5.61   led   0/ 77 h0.00 b0.58 lvl-0.51 d0.84   MATCH a closed book (cos -0.082, nearer by 3.11)
frame   381 :  a closed book +4.30*  an opened book -5.97   led   0/ 75 h0.00 b0.57 lvl-0.84 d0.85   MATCH a closed book (cos -0.085, nearer by 3.11)
frame   382 :  a closed book +4.39*  an opened book -6.10   led   0/ 68 h0.00 b0.55 lvl-0.86 d0.90   MATCH a closed book (cos -0.081, nearer by 3.11)
frame   383 :  a closed book +4.19*  an opened book -6.61   led   0/ 59 h0.00 b0.51 lvl-1.21 d0.97   MATCH a closed book (cos -0.084, nearer by 3.11)
frame   384 :  a closed book +4.69*  an opened book -6.35   led   0/ 52 h0.00 b0.49 lvl-0.83 d1.03   MATCH a closed book (cos -0.077, nearer by 3.11)
frame   385 :  a closed book +4.59*  an opened book -6.08   led   0/ 63 h0.00 b0.53 lvl-0.74 d0.94   MATCH a closed book (cos -0.082, nearer by 3.11)
frame   386 :  a closed book +4.56*  an opened book -6.06   led   0/ 64 h0.00 b0.53 lvl-0.75 d0.93   MATCH a closed book (cos -0.082, nearer by 3.11)
frame   387 :  a closed book +5.14*  an opened book -5.45   led   0/ 65 h0.00 b0.54 lvl-0.15 d0.92   MATCH a closed book (cos -0.075, nearer by 3.11)
frame   388 :  a closed book +5.01*  an opened book -5.10   led   0/ 80 h0.00 b0.59 lvl-0.05 d0.82   MATCH a closed book (cos -0.080, nearer by 3.11)
frame   389 :  a closed book +7.20*  an opened book -3.06   led   0/ 76 h0.00 b0.58 lvl+2.07 d0.85   MATCH a closed book (cos -0.054, nearer by 3.11)
frame   390 :  a closed book +3.74*  an opened book -6.05   led   0/ 92 h0.00 b0.63 lvl-1.16 d0.74   MATCH a closed book (cos -0.111, nearer by 3.11)
frame   391 :  a closed book +1.70*  an opened book -4.43   led   1/188 h0.09 b0.96 lvl-1.37 d0.09   MATCH a closed book (cos -0.108, nearer by 2.56)
frame   392 :  a closed book +0.15  an opened book -3.78   led  48/ 22 h0.59 b0.79 lvl-1.82 d0.41   MATCH an opened book (cos -0.117, nearer by 0.55)
frame   393 :  a closed book +0.08  an opened book -2.96   led 120/  6 h0.79 b0.90 lvl-1.44 d0.21   MATCH an opened book (cos -0.113, nearer by 1.82)
frame   394 :  a closed book -0.00  an opened book -2.41   led 205/  1 h0.94 b0.97 lvl-1.21 d0.06   MATCH an opened book (cos -0.113, nearer by 2.71)
frame   395 :  a closed book -0.96  an opened book -2.46   led 217/  0 h1.00 b0.93 lvl-1.71 d0.14   MATCH an opened book (cos -0.117, nearer by 3.11)
frame   396 :  a closed book -1.15  an opened book -1.94   led 177/  0 h1.00 b0.85 lvl-1.54 d0.30   MATCH an opened book (cos -0.111, nearer by 3.11)
frame   397 :  a closed book -1.91  an opened book -2.24   led 154/  0 h1.00 b0.80 lvl-2.07 d0.41   MATCH an opened book (cos -0.118, nearer by 3.11)
frame   398 :  a closed book -1.91  an opened book -2.03   led 144/  0 h1.00 b0.77 lvl-1.97 d0.46   MATCH an opened book (cos -0.114, nearer by 3.11)
frame   399 :  an opened book -1.82  a closed book -1.93   led 134/  0 h1.00 b0.75 lvl-1.88 d0.51   MATCH an opened book (cos -0.113, nearer by 3.11)
background: after 30 frames (frozen, room spread), this room reads  an opened book -0.108 +-0.0037 (COCO -0.151 +-0.0303)  a closed book -0.100 +-0.0040 (COCO -0.159 +-0.0351)
frame   400 :  an opened book -2.22  a closed book -2.37   led 132/  0 h1.00 b0.74 lvl-2.30 d0.52   MATCH an opened book (cos -0.119, nearer by 3.11)
frame   401 :  an opened book -2.12  a closed book -2.29   led 131/  0 h1.00 b0.74 lvl-2.21 d0.52   MATCH an opened book (cos -0.115, nearer by 3.11)
frame   402 :  an opened book -2.00  a closed book -2.21   led 129/  0 h1.00 b0.73 lvl-2.11 d0.53   MATCH an opened book (cos -0.114, nearer by 3.11)
frame   403 :  a closed book -1.96  an opened book -2.16   led 148/  0 h1.00 b0.78 lvl-2.06 d0.44   MATCH an opened book (cos -0.117, nearer by 3.11)
frame   404 :  a closed book -1.78  an opened book -1.80   led 139/  0 h1.00 b0.76 lvl-1.79 d0.48   MATCH an opened book (cos -0.112, nearer by 3.11)
frame   405 :  an opened book -2.05  a closed book -2.22   led 131/  0 h1.00 b0.74 lvl-2.14 d0.52   MATCH an opened book (cos -0.117, nearer by 3.11)
frame   406 :  an opened book -1.47  a closed book -1.51   led 137/  0 h1.00 b0.75 lvl-1.49 d0.49   MATCH an opened book (cos -0.109, nearer by 3.11)
frame   407 :  an opened book -1.43  a closed book -1.72   led 126/  0 h1.00 b0.73 lvl-1.58 d0.55   MATCH an opened book (cos -0.113, nearer by 3.11)
frame   408 :  an opened book -1.53  a closed book -2.04   led 116/  0 h1.00 b0.70 lvl-1.78 d0.60   MATCH an opened book (cos -0.114, nearer by 3.11)
frame   409 :  an opened book -1.69  a closed book -2.41   led 108/  0 h1.00 b0.68 lvl-2.05 d0.65   MATCH an opened book (cos -0.115, nearer by 3.11)
frame   410 :  an opened book -1.78  a closed book -2.34   led 114/  0 h1.00 b0.69 lvl-2.06 d0.61   MATCH an opened book (cos -0.115, nearer by 3.11)
frame   411 :  an opened book -1.45  a closed book -2.13   led 109/  0 h1.00 b0.68 lvl-1.79 d0.64   MATCH an opened book (cos -0.111, nearer by 3.11)
frame   412 :  an opened book -1.59  a closed book -2.38   led 105/  0 h1.00 b0.67 lvl-1.98 d0.66   MATCH an opened book (cos -0.114, nearer by 3.11)
frame   413 :  an opened book -1.66  a closed book -2.23   led 114/  0 h1.00 b0.69 lvl-1.95 d0.61   MATCH an opened book (cos -0.114, nearer by 3.11)
frame   414 :  an opened book -1.48  a closed book -2.14   led 110/  0 h1.00 b0.68 lvl-1.81 d0.63   MATCH an opened book (cos -0.112, nearer by 3.11)
frame   415 :  an opened book -1.68  a closed book -2.28   led 113/  0 h1.00 b0.69 lvl-1.98 d0.62   MATCH an opened book (cos -0.115, nearer by 3.11)
frame   416 :  an opened book -1.58  a closed book -1.98   led 121/  0 h1.00 b0.71 lvl-1.78 d0.57   MATCH an opened book (cos -0.113, nearer by 3.11)
frame   417 :  an opened book -1.47  a closed book -1.76   led 126/  0 h1.00 b0.73 lvl-1.62 d0.55   MATCH an opened book (cos -0.112, nearer by 3.11)
frame   418 :  an opened book -1.43  a closed book -1.97   led 115/  0 h1.00 b0.70 lvl-1.70 d0.61   MATCH an opened book (cos -0.113, nearer by 3.11)
frame   419 :  an opened book -1.83  a closed book -2.29   led 118/  0 h1.00 b0.71 lvl-2.06 d0.59   MATCH an opened book (cos -0.117, nearer by 3.11)
frame   420 :  an opened book -1.77  a closed book -2.18   led 121/  0 h1.00 b0.71 lvl-1.97 d0.58   MATCH an opened book (cos -0.114, nearer by 3.11)
frame   421 :  an opened book -1.83  a closed book -2.52   led 109/  0 h1.00 b0.68 lvl-2.18 d0.64   MATCH an opened book (cos -0.115, nearer by 3.11)
frame   422 :  an opened book -2.04  a closed book -2.39   led 123/  0 h1.00 b0.72 lvl-2.22 d0.56   MATCH an opened book (cos -0.117, nearer by 3.11)
frame   423 :  an opened book -2.15  a closed book -2.56   led 120/  0 h1.00 b0.71 lvl-2.36 d0.58   MATCH an opened book (cos -0.116, nearer by 3.11)
frame   424 :  an opened book -2.12  a closed book -2.95   led 103/  0 h1.00 b0.66 lvl-2.53 d0.67   MATCH an opened book (cos -0.115, nearer by 3.11)
frame   425 :  an opened book -1.85  a closed book -2.67   led 104/  0 h1.00 b0.66 lvl-2.26 d0.67   MATCH an opened book (cos -0.113, nearer by 3.11)
frame   426 :  an opened book -1.77  a closed book -1.95   led 131/  0 h1.00 b0.74 lvl-1.86 d0.52   MATCH an opened book (cos -0.114, nearer by 3.11)
frame   427 :  an opened book -1.85  a closed book -1.87   led 138/  0 h1.00 b0.76 lvl-1.86 d0.49   MATCH an opened book (cos -0.115, nearer by 3.11)
frame   428 :  a closed book -2.15  an opened book -2.69   led 165/  0 h1.00 b0.82 lvl-2.42 d0.36   MATCH an opened book (cos -0.123, nearer by 3.11)
frame   429 :  an opened book +0.20  a closed book +0.04   led 131/  0 h1.00 b0.74 lvl+0.12 d0.52   MATCH an opened book (cos -0.087, nearer by 3.11)
frame   430 :  a closed book +3.02*  an opened book +2.24*   led 177/  0 h1.00 b0.85 lvl+2.63 d0.30   MATCH an opened book (cos -0.086, nearer by 3.11)
frame   431 :  a closed book +4.10*  an opened book +3.42*   led 171/  0 h1.00 b0.83 lvl+3.76 d0.33   MATCH an opened book (cos -0.087, nearer by 3.11)
frame   432 :  a closed book +3.78*  an opened book +3.10*   led 172/  0 h1.00 b0.84 lvl+3.44 d0.33   MATCH an opened book (cos -0.098, nearer by 3.11)
frame   433 :  an opened book +3.12*  a closed book +3.12*   led 138/  0 h1.00 b0.76 lvl+3.12 d0.48   MATCH an opened book (cos -0.096, nearer by 3.11)
frame   434 :  a closed book +2.75*  an opened book +2.59*   led 146/  0 h1.00 b0.78 lvl+2.67 d0.45   MATCH an opened book (cos -0.102, nearer by 3.11)
frame   435 :  an opened book +4.11*  a closed book +3.13*   led  98/  0 h1.00 b0.65 lvl+3.62 d0.71   MATCH an opened book (cos -0.082, nearer by 3.11)
frame   436 :  an opened book +4.35*  a closed book +3.01*   led  85/  0 h1.00 b0.61 lvl+3.68 d0.79   MATCH an opened book (cos -0.090, nearer by 3.11)
frame   437 :  an opened book +4.51*  a closed book +3.02*   led  79/  0 h1.00 b0.59 lvl+3.76 d0.82   MATCH an opened book (cos -0.090, nearer by 3.11)
frame   438 :  an opened book +3.97*  a closed book +2.74*   led  88/  0 h1.00 b0.62 lvl+3.35 d0.76   MATCH an opened book (cos -0.097, nearer by 3.11)
frame   439 :  an opened book +4.34*  a closed book +3.19*   led  91/  0 h1.00 b0.63 lvl+3.77 d0.75   MATCH an opened book (cos -0.089, nearer by 3.11)
frame   440 :  an opened book +5.78*  a closed book +4.69*   led  94/  0 h1.00 b0.63 lvl+5.24 d0.73   MATCH an opened book (cos -0.077, nearer by 3.11)
frame   441 :  an opened book +6.08*  a closed book +4.29*   led  70/  0 h1.00 b0.55 lvl+5.19 d0.89   MATCH an opened book (cos -0.083, nearer by 3.11)
frame   442 :  an opened book +6.41*  a closed book +4.70*   led  72/  0 h1.00 b0.56 lvl+5.55 d0.87   MATCH an opened book (cos -0.082, nearer by 3.11)
frame   443 :  an opened book +6.53*  a closed book +5.13*   led  82/  0 h1.00 b0.60 lvl+5.83 d0.80   MATCH an opened book (cos -0.083, nearer by 3.11)
frame   444 :  an opened book +6.55*  a closed book +5.39*   led  91/  0 h1.00 b0.63 lvl+5.97 d0.75   MATCH an opened book (cos -0.083, nearer by 3.11)
frame   445 :  an opened book +6.87*  a closed book +5.70*   led  91/  0 h1.00 b0.62 lvl+6.28 d0.75   MATCH an opened book (cos -0.080, nearer by 3.11)
frame   446 :  an opened book +6.87*  a closed book +5.94*   led 100/  0 h1.00 b0.65 lvl+6.40 d0.69   MATCH an opened book (cos -0.082, nearer by 3.11)
frame   447 :  an opened book +6.71*  a closed book +5.57*   led  92/  0 h1.00 b0.63 lvl+6.14 d0.74   MATCH an opened book (cos -0.084, nearer by 3.11)
frame   448 :  an opened book +5.91*  a closed book +4.92*   led  97/  0 h1.00 b0.64 lvl+5.41 d0.71   MATCH an opened book (cos -0.091, nearer by 3.11)
frame   449 :  an opened book +5.63*  a closed book +4.41*   led  89/  0 h1.00 b0.62 lvl+5.02 d0.76   MATCH an opened book (cos -0.089, nearer by 3.11)
frame   450 :  an opened book +6.08*  a closed book +4.41*   led  73/  0 h1.00 b0.57 lvl+5.24 d0.86   MATCH an opened book (cos -0.082, nearer by 3.11)
frame   451 :  an opened book +6.17*  a closed book +4.70*   led  80/  0 h1.00 b0.59 lvl+5.44 d0.82   MATCH an opened book (cos -0.084, nearer by 3.11)
frame   452 :  an opened book +6.03*  a closed book +4.80*   led  89/  0 h1.00 b0.62 lvl+5.41 d0.76   MATCH an opened book (cos -0.087, nearer by 3.11)
frame   453 :  an opened book +5.76*  a closed book +4.74*   led  96/  0 h1.00 b0.64 lvl+5.25 d0.71   MATCH an opened book (cos -0.088, nearer by 3.11)
frame   454 :  an opened book +5.73*  a closed book +5.05*   led 110/  0 h1.00 b0.68 lvl+5.39 d0.64   MATCH an opened book (cos -0.087, nearer by 3.11)
frame   455 :  an opened book +6.10*  a closed book +5.43*   led 110/  0 h1.00 b0.68 lvl+5.76 d0.64   MATCH an opened book (cos -0.083, nearer by 3.11)
frame   456 :  an opened book +5.45*  a closed book +4.64*   led 104/  0 h1.00 b0.67 lvl+5.04 d0.67   MATCH an opened book (cos -0.092, nearer by 3.11)
frame   457 :  an opened book +5.68*  a closed book +5.01*   led 110/  0 h1.00 b0.68 lvl+5.35 d0.64   MATCH an opened book (cos -0.085, nearer by 3.11)
frame   458 :  an opened book +5.77*  a closed book +4.34*   led  82/  0 h1.00 b0.60 lvl+5.05 d0.81   MATCH an opened book (cos -0.086, nearer by 3.11)
frame   459 :  an opened book +6.27*  a closed book +4.86*   led  82/  0 h1.00 b0.60 lvl+5.57 d0.80   MATCH an opened book (cos -0.081, nearer by 3.11)
frame   460 :  an opened book +6.29*  a closed book +4.75*   led  78/  0 h1.00 b0.58 lvl+5.52 d0.83   MATCH an opened book (cos -0.084, nearer by 3.11)
frame   461 :  an opened book +6.56*  a closed book +5.50*   led  95/  0 h1.00 b0.64 lvl+6.03 d0.72   MATCH an opened book (cos -0.082, nearer by 3.11)
frame   462 :  an opened book +5.91*  a closed book +4.65*   led  87/  0 h1.00 b0.61 lvl+5.28 d0.77   MATCH an opened book (cos -0.090, nearer by 3.11)
frame   463 :  an opened book +5.88*  a closed book +4.39*   led  80/  0 h1.00 b0.59 lvl+5.14 d0.82   MATCH an opened book (cos -0.086, nearer by 3.11)
frame   464 :  an opened book +5.88*  a closed book +4.60*   led  87/  0 h1.00 b0.61 lvl+5.24 d0.77   MATCH an opened book (cos -0.086, nearer by 3.11)
frame   465 :  an opened book +5.58*  a closed book +3.75*   led  69/  0 h1.00 b0.55 lvl+4.67 d0.90   MATCH an opened book (cos -0.089, nearer by 3.11)
frame   466 :  an opened book +3.82*  a closed book +1.73*   led  61/  0 h1.00 b0.52 lvl+2.77 d0.96   MATCH an opened book (cos -0.106, nearer by 3.11)
frame   467 :  a closed book +1.87*  an opened book +1.40*   led 161/  0 h1.00 b0.81 lvl+1.63 d0.38   MATCH an opened book (cos -0.119, nearer by 3.11)
frame   468 :  a closed book +0.01  an opened book -1.95   led 244/  0 h1.00 b0.98 lvl-0.97 d0.04   MATCH an opened book (cos -0.138, nearer by 3.11)
frame   469 :  a closed book -0.18  an opened book -2.63   led 199/  1 h0.93 b0.96 lvl-1.40 d0.07   MATCH an opened book (cos -0.122, nearer by 2.65)
frame   470 :  a closed book +1.58*  an opened book -2.46   led  42/ 24 h0.56 b0.78 lvl-0.44 d0.44   MATCH an opened book (cos -0.116, nearer by 0.39)
frame   471 :  a closed book +2.89*  an opened book -2.88   led   4/138 h0.17 b0.91 lvl+0.01 d0.17   MATCH a closed book (cos -0.078, nearer by 2.04)
frame   472 :  a closed book +4.65*  an opened book -2.08   led   0/242 h0.00 b0.98 lvl+1.28 d0.05   MATCH a closed book (cos -0.068, nearer by 3.11)
frame   473 :  a closed book +4.18*  an opened book -2.73   led   0/231 h0.00 b0.96 lvl+0.73 d0.09   MATCH a closed book (cos -0.086, nearer by 3.11)
frame   474 :  a closed book +4.11*  an opened book -2.98   led   0/221 h0.00 b0.94 lvl+0.56 d0.13   MATCH a closed book (cos -0.084, nearer by 3.11)
frame   475 :  a closed book +4.00*  an opened book -3.56   led   0/193 h0.00 b0.88 lvl+0.22 d0.24   MATCH a closed book (cos -0.084, nearer by 3.11)
frame   476 :  a closed book +5.19*  an opened book -2.55   led   0/184 h0.00 b0.86 lvl+1.32 d0.28   MATCH a closed book (cos -0.070, nearer by 3.11)
frame   477 :  a closed book +5.94*  an opened book -1.44   led   0/204 h0.00 b0.90 lvl+2.25 d0.19   MATCH a closed book (cos -0.070, nearer by 3.11)
frame   478 :  a closed book +6.93*  an opened book -0.35   led   0/209 h0.00 b0.91 lvl+3.29 d0.17   MATCH a closed book (cos -0.064, nearer by 3.11)
frame   479 :  a closed book +7.14*  an opened book +0.04   led   0/220 h0.00 b0.93 lvl+3.59 d0.13   MATCH a closed book (cos -0.069, nearer by 3.11)
frame   480 :  a closed book +7.44*  an opened book +0.53   led   0/231 h0.00 b0.96 lvl+3.98 d0.09   MATCH a closed book (cos -0.067, nearer by 3.11)
frame   481 :  a closed book +7.83*  an opened book +0.66   led   0/215 h0.00 b0.93 lvl+4.25 d0.15   MATCH a closed book (cos -0.065, nearer by 3.11)
frame   482 :  a closed book +7.69*  an opened book +0.57   led   0/219 h0.00 b0.93 lvl+4.13 d0.14   MATCH a closed book (cos -0.070, nearer by 3.11)
frame   483 :  a closed book +7.72*  an opened book +0.74   led   0/227 h0.00 b0.95 lvl+4.23 d0.10   MATCH a closed book (cos -0.068, nearer by 3.11)
frame   484 :  a closed book +7.25*  an opened book +0.50   led   0/241 h0.00 b0.97 lvl+3.88 d0.05   MATCH a closed book (cos -0.074, nearer by 3.11)
frame   485 :  a closed book +6.92*  an opened book +0.10   led   0/237 h0.00 b0.97 lvl+3.51 d0.07   MATCH a closed book (cos -0.074, nearer by 3.11)
frame   486 :  a closed book +6.86*  an opened book +0.10   led   0/240 h0.00 b0.97 lvl+3.48 d0.05   MATCH a closed book (cos -0.073, nearer by 3.11)
frame   487 :  a closed book +6.75*  an opened book -0.02   led   0/239 h0.00 b0.97 lvl+3.36 d0.06   MATCH a closed book (cos -0.073, nearer by 3.11)
frame   488 :  a closed book +6.78*  an opened book -0.20   led   0/227 h0.00 b0.95 lvl+3.29 d0.10   MATCH a closed book (cos -0.072, nearer by 3.11)
frame   489 :  a closed book +7.15*  an opened book -0.28   led   0/201 h0.00 b0.90 lvl+3.44 d0.21   MATCH a closed book (cos -0.068, nearer by 3.11)
frame   490 :  a closed book +6.97*  an opened book -0.02   led   0/226 h0.00 b0.95 lvl+3.48 d0.11   MATCH a closed book (cos -0.073, nearer by 3.11)
frame   491 :  a closed book +7.03*  an opened book -0.17   led   0/214 h0.00 b0.92 lvl+3.43 d0.15   MATCH a closed book (cos -0.071, nearer by 3.11)
frame   492 :  a closed book +6.67*  an opened book -0.35   led   0/224 h0.00 b0.94 lvl+3.16 d0.11   MATCH a closed book (cos -0.075, nearer by 3.11)
frame   493 :  a closed book +6.80*  an opened book -0.00   led   0/237 h0.00 b0.97 lvl+3.40 d0.06   MATCH a closed book (cos -0.071, nearer by 3.11)
frame   494 :  a closed book +6.96*  an opened book +0.17   led   0/239 h0.00 b0.97 lvl+3.57 d0.06   MATCH a closed book (cos -0.070, nearer by 3.11)
frame   495 :  a closed book +6.99*  an opened book +0.01   led   0/227 h0.00 b0.95 lvl+3.50 d0.10   MATCH a closed book (cos -0.071, nearer by 3.11)
frame   496 :  a closed book +7.00*  an opened book -0.09   led   0/220 h0.00 b0.94 lvl+3.45 d0.13   MATCH a closed book (cos -0.071, nearer by 3.11)
frame   497 :  a closed book +7.23*  an opened book +0.21   led   0/225 h0.00 b0.94 lvl+3.72 d0.11   MATCH a closed book (cos -0.069, nearer by 3.11)
frame   498 :  a closed book +6.81*  an opened book -0.02   led   0/236 h0.00 b0.96 lvl+3.39 d0.07   MATCH a closed book (cos -0.075, nearer by 3.11)
frame   499 :  a closed book +6.58*  an opened book -0.34   led   0/230 h0.00 b0.96 lvl+3.12 d0.09   MATCH a closed book (cos -0.075, nearer by 3.11)
background: after 30 frames (frozen, room spread), this room reads  an opened book -0.108 +-0.0037 (COCO -0.151 +-0.0303)  a closed book -0.100 +-0.0040 (COCO -0.159 +-0.0351)
frame   500 :  a closed book +6.49*  an opened book -0.41   led   0/231 h0.00 b0.96 lvl+3.04 d0.09   MATCH a closed book (cos -0.074, nearer by 3.11)
frame   501 :  a closed book +6.13*  an opened book -0.64   led   0/240 h0.00 b0.97 lvl+2.75 d0.06   MATCH a closed book (cos -0.078, nearer by 3.11)
frame   502 :  a closed book +6.28*  an opened book -0.59   led   0/233 h0.00 b0.96 lvl+2.84 d0.08   MATCH a closed book (cos -0.073, nearer by 3.11)
frame   503 :  a closed book +6.74*  an opened book -0.10   led   0/235 h0.00 b0.96 lvl+3.32 d0.07   MATCH a closed book (cos -0.069, nearer by 3.11)
frame   504 :  a closed book +6.77*  an opened book -0.20   led   0/227 h0.00 b0.95 lvl+3.29 d0.10   MATCH a closed book (cos -0.072, nearer by 3.11)
frame   505 :  a closed book +6.96*  an opened book +0.08   led   0/233 h0.00 b0.96 lvl+3.52 d0.08   MATCH a closed book (cos -0.070, nearer by 3.11)
frame   506 :  a closed book +7.25*  an opened book +0.52   led   0/242 h0.00 b0.98 lvl+3.88 d0.05   MATCH a closed book (cos -0.068, nearer by 3.11)
frame   507 :  a closed book +8.15*  an opened book +0.70   led   0/200 h0.00 b0.90 lvl+4.42 d0.21   MATCH a closed book (cos -0.060, nearer by 3.11)
frame   508 :  a closed book +7.22*  an opened book -0.20   led   0/201 h0.00 b0.90 lvl+3.51 d0.20   MATCH a closed book (cos -0.078, nearer by 3.11)
frame   509 :  a closed book +6.60*  an opened book -0.94   led   0/195 h0.00 b0.88 lvl+2.83 d0.23   MATCH a closed book (cos -0.078, nearer by 3.11)
frame   510 :  a closed book +4.19*  an opened book -0.41   led  24/ 41 h0.44 b0.78 lvl+1.89 d0.44   MATCH a closed book (cos -0.101, nearer by 0.38)
frame   511 :  a closed book +1.26*  an opened book -1.44   led 161/  3 h0.87 b0.93 lvl-0.09 d0.13   MATCH an opened book (cos -0.120, nearer by 2.29)
frame   512 :  a closed book -0.23  an opened book -2.00   led 232/  0 h1.00 b0.96 lvl-1.11 d0.08   MATCH an opened book (cos -0.119, nearer by 3.11)
frame   513 :  a closed book -0.77  an opened book -1.97   led 200/  0 h1.00 b0.89 lvl-1.37 d0.21   MATCH an opened book (cos -0.115, nearer by 3.11)
frame   514 :  a closed book -1.04  an opened book -1.50   led 161/  0 h1.00 b0.81 lvl-1.27 d0.38   MATCH an opened book (cos -0.110, nearer by 3.11)
frame   515 :  a closed book -1.77  an opened book -2.03   led 151/  0 h1.00 b0.79 lvl-1.90 d0.43   MATCH an opened book (cos -0.119, nearer by 3.11)
frame   516 :  an opened book -1.72  a closed book -1.78   led 136/  0 h1.00 b0.75 lvl-1.75 d0.50   MATCH an opened book (cos -0.112, nearer by 3.11)
frame   517 :  an opened book -1.62  a closed book -1.99   led 122/  0 h1.00 b0.72 lvl-1.80 d0.57   MATCH an opened book (cos -0.113, nearer by 3.11)
frame   518 :  an opened book -1.85  a closed book -2.37   led 116/  0 h1.00 b0.70 lvl-2.11 d0.60   MATCH an opened book (cos -0.116, nearer by 3.11)
frame   519 :  an opened book -1.58  a closed book -2.29   led 108/  0 h1.00 b0.68 lvl-1.93 d0.65   MATCH an opened book (cos -0.112, nearer by 3.11)
frame   520 :  an opened book -1.02  a closed book -1.97   led  99/  0 h1.00 b0.65 lvl-1.50 d0.70   MATCH an opened book (cos -0.108, nearer by 3.11)
frame   521 :  an opened book -0.89  a closed book -1.83   led  99/  0 h1.00 b0.65 lvl-1.36 d0.70   MATCH an opened book (cos -0.110, nearer by 3.11)
frame   522 :  an opened book -0.77  a closed book -1.64   led 102/  0 h1.00 b0.66 lvl-1.20 d0.68   MATCH an opened book (cos -0.110, nearer by 3.11)
frame   523 :  an opened book -1.37  a closed book -2.34   led  98/  0 h1.00 b0.65 lvl-1.86 d0.71   MATCH an opened book (cos -0.117, nearer by 3.11)
frame   524 :  an opened book -1.00  a closed book -1.65   led 111/  0 h1.00 b0.68 lvl-1.32 d0.63   MATCH an opened book (cos -0.109, nearer by 3.11)
frame   525 :  an opened book -0.07  a closed book -0.63   led 115/  0 h1.00 b0.69 lvl-0.35 d0.61   MATCH an opened book (cos -0.102, nearer by 3.11)
frame   526 :  an opened book -0.30  a closed book -0.80   led 117/  0 h1.00 b0.70 lvl-0.55 d0.60   MATCH an opened book (cos -0.110, nearer by 3.11)
frame   527 :  an opened book -0.37  a closed book -0.62   led 128/  0 h1.00 b0.73 lvl-0.50 d0.54   MATCH an opened book (cos -0.109, nearer by 3.11)
frame   528 :  a closed book -0.56  an opened book -0.56   led 139/  0 h1.00 b0.76 lvl-0.56 d0.48   MATCH an opened book (cos -0.111, nearer by 3.11)
frame   529 :  a closed book +0.11  an opened book -0.07   led 147/  0 h1.00 b0.78 lvl+0.02 d0.44   MATCH an opened book (cos -0.105, nearer by 3.11)
frame   530 :  an opened book -0.07  a closed book -0.08   led 138/  0 h1.00 b0.76 lvl-0.07 d0.49   MATCH an opened book (cos -0.108, nearer by 3.11)
frame   531 :  a closed book -0.50  an opened book -0.62   led 144/  0 h1.00 b0.77 lvl-0.56 d0.46   MATCH an opened book (cos -0.114, nearer by 3.11)
frame   532 :  a closed book -0.87  an opened book -0.95   led 142/  0 h1.00 b0.77 lvl-0.91 d0.47   MATCH an opened book (cos -0.113, nearer by 3.11)
frame   533 :  an opened book +0.03  a closed book -0.01   led 137/  0 h1.00 b0.75 lvl+0.01 d0.49   MATCH an opened book (cos -0.101, nearer by 3.11)
frame   534 :  a closed book +0.38  an opened book +0.23   led 146/  0 h1.00 b0.78 lvl+0.31 d0.45   MATCH an opened book (cos -0.105, nearer by 3.11)
frame   535 :  an opened book +0.44  a closed book +0.36   led 135/  0 h1.00 b0.75 lvl+0.40 d0.50   MATCH an opened book (cos -0.105, nearer by 3.11)
frame   536 :  an opened book +0.47  a closed book +0.13   led 124/  0 h1.00 b0.72 lvl+0.30 d0.56   MATCH an opened book (cos -0.106, nearer by 3.11)
frame   537 :  a closed book +0.16  an opened book +0.13   led 140/  0 h1.00 b0.76 lvl+0.15 d0.48   MATCH an opened book (cos -0.109, nearer by 3.11)
frame   538 :  a closed book +0.36  an opened book +0.36   led 139/  0 h1.00 b0.76 lvl+0.36 d0.48   MATCH an opened book (cos -0.105, nearer by 3.11)
frame   539 :  an opened book -0.02  a closed book -0.45   led 120/  0 h1.00 b0.71 lvl-0.24 d0.58   MATCH an opened book (cos -0.110, nearer by 3.11)
frame   540 :  an opened book +0.18  a closed book -0.28   led 118/  0 h1.00 b0.71 lvl-0.05 d0.59   MATCH an opened book (cos -0.106, nearer by 3.11)
frame   541 :  an opened book +1.18  a closed book +0.42   led 106/  0 h1.00 b0.67 lvl+0.80 d0.66   MATCH an opened book (cos -0.096, nearer by 3.11)
frame   542 :  an opened book +1.08  a closed book +0.12   led  99/  0 h1.00 b0.65 lvl+0.60 d0.70   MATCH an opened book (cos -0.104, nearer by 3.11)
frame   543 :  an opened book +0.59  a closed book +0.10   led 117/  0 h1.00 b0.70 lvl+0.35 d0.60   MATCH an opened book (cos -0.109, nearer by 3.11)
frame   544 :  an opened book +0.46  a closed book +0.27   led 130/  0 h1.00 b0.74 lvl+0.37 d0.53   MATCH an opened book (cos -0.107, nearer by 3.11)
frame   545 :  a closed book -0.25  an opened book -0.27   led 140/  0 h1.00 b0.76 lvl-0.26 d0.48   MATCH an opened book (cos -0.114, nearer by 3.11)

stopped   : 546 frames, 546 good, capture overlapped with the compute, configuration C
            546 frames timed, 318 ms/frame mean (capture included)
            301 ms encode + 0 ms waiting for the sensor + 16 ms burst; 329 ms/frame by the clock
            404 ms shutter to LED, arming with 67 ms of compute left
            last frame mean RGB 106 106 111
            camera bus: worst gap 17 us against the 2000 us deadline (#12)
            usb: 0 outages, 0 ms off the bus, 0 re-attaches (#9)
