
=== M9: fpga-open-vocab - describe it, the board spots it ===

clock     : 280 MHz requested; BOOTSEL is reachable for 1.5 s
clock     : 280 MHz system, core 1.25 V
reset     : chip_reset 00010000  (scratch was cold: either the always-on domain went away - power, a brown-out - or this boot came through the bootrom, which clears it too)
            new this boot: power-on reset - the supply arrived
waiting for a bitstream on USB CDC (host/demo.py)
bitstream : 173124 bytes announced, crc32 0a2e9953
bitstream : received intact
configure : configured, CDONE high   CDONE=1 nSTATUS=0
crc       : DMA sniffer, calc=1 out_rev=1 out_inv=1
model     : 9 layers, 512-d embedding, 131072 B/buffer
weights   : 780720 B, crc32=0xF368CC6E  (144 ms to hash)

reference : encoder_fast on the flash test vector  (1812 ms)

link      : probing the wire by running the whole test vector over it
probe     : 3 forward data lines -> 512/512 floats exact, 308 ms
link      : configuration C, 3 forward data lines, 140.0 MHz

camera    : exposure ramp 109 112 113 116 118 120 122
camera    : live 128x128 RGB565, id 0x82, 16.0 MHz, expose 37 ms, read 16 ms, exposure settled after 7 frames
            mean RGB 119 129 120  (tuned camera on a neutral scene: about 115 107 105)

queries   : waiting for a query set on USB CDC (host/demo.py)
queries   : 2 accepted, 512-d, crc ok
            scored as z = (cos - background) / std, where the background is this room's
            own mean over its first 30 frames and is then FROZEN - so a thing left in
            shot keeps its score instead of decaying into the furniture. 'N' re-learns
            it, 'H' switches to tracking. The COCO figures below are only the seed for
            frame 0 and the fixed std.
            std is THIS ROOM's, measured over the same 30 frames ('S' switches to COCO's).
            The thresholds below still mean the 90th percentile of a background; the
            background they now mean it against is this room empty, not 5000 COCO photos.
            z is EMA-smoothed at 0.35 (~5 frames) before ranking, so a state has to
            persist for about two seconds to be called.
            a red cube~          match above z 1.23   (COCO background -0.018 +- 0.070, so cos 0.069)
            a blue cube~         match above z 1.23   (COCO background -0.003 +- 0.064, so cos 0.076)

loop      : capture, 8 convs on the T8, pool and head, then one cosine per query. 'B' for BOOTSEL, 'R' to restart,
            'P' to dump the next frame for host/cam.py, 'V' to dump its 512 floats for host/caption.py,
            'E' to provoke a fault so D1 shows its fault display, 'H' to freeze/unfreeze the background,
            'S' to switch the spread between this room's and COCO's, 'W' to hang on purpose and see
            the watchdog name the stage, 'C' to stall the camera bus on purpose and see it cost one frame,
            'U' to drop off USB on purpose and watch it come back, 'I' to drop off and refuse to,
            'N' to forget it and learn it again from now. 'P' and 'V' together describe the same frame.
            'O' closes the timing window, prints it and flips the capture between overlapped and serial;
            'D' does the same and flips the trigger between late and at-the-collect, which is #14's A/B.
            scores are z against this room's background, ranked; '*' means over its threshold.
            '1'..'6' enrol the next 20 frames as that class, and press again on a LATER visit
            to fold a second one in - 2 visits is what makes the enrolment guard mean
            something. Two classes in and the board decides by nearest reference instead of
            by threshold, and calls a frame absent when it is further than 2.0 sep from every
            one of them - see M21. The empty scene is not enrolled and '0' does nothing; see #18.
            The first 30 frames set the baseline and it is then frozen, so anything left in
            shot KEEPS its score. Point the camera at the empty scene for those frames.
            Send a new set at any time to re-query - that resets the baseline too.

frame     0 :  a blue cube~ +0.09  a red cube~ -0.01   led   1/214 h0.08 lvl+0.04   -
frame     1 :  a blue cube~ +0.12  a red cube~ -0.03   led   1/205 h0.09 lvl+0.04   -
frame     2 :  a blue cube~ +0.04  a red cube~ -0.01   led   0/237 h0.03 lvl+0.02   -
frame     3 :  a blue cube~ +0.06  a red cube~ -0.04   led   0/227 h0.05 lvl+0.01   -
frame     4 :  a blue cube~ +0.05  a red cube~ -0.01   led   0/235 h0.04 lvl+0.02   -
frame     5 :  a blue cube~ +0.04  a red cube~ -0.02   led   0/237 h0.03 lvl+0.01   -
frame     6 :  a blue cube~ +0.06  a red cube~ -0.05   led   0/228 h0.05 lvl+0.01   -
frame     7 :  a blue cube~ +0.03  a red cube~ -0.02   led   0/242 h0.02 lvl+0.00   -
background: after 8 frames (warming up, room spread), this room reads  a red cube~ -0.023 +-0.0039 (COCO -0.018 +-0.0701)  a blue cube~ 0.020 +-0.0047 (COCO -0.003 +-0.0644)
frame     8 :  a red cube~ +0.39  a blue cube~ -0.32   led  21/109 h0.32 lvl+0.04   -
frame     9 :  a red cube~ +0.43  a blue cube~ -0.67   led  26/ 98 h0.35 lvl-0.12   -
frame    10 :  a red cube~ +0.70  a blue cube~ -0.55   led  73/ 41 h0.57 lvl+0.07   -
frame    11 :  a red cube~ +0.23  a blue cube~ -0.54   led   6/162 h0.19 lvl-0.15   -
frame    12 :  a red cube~ -0.01  a blue cube~ -0.33   led   0/255 h0.00 lvl-0.17   -
frame    13 :  a blue cube~ +0.21  a red cube~ -0.23   led   5/168 h0.17 lvl-0.01   -
frame    14 :  a blue cube~ +0.23  a red cube~ -0.20   led   6/162 h0.19 lvl+0.01   -
frame    15 :  a blue cube~ +0.32  a red cube~ +0.04   led  13/131 h0.26 lvl+0.18   -
frame    16 :  a red cube~ +0.37  a blue cube~ +0.10   led  19/115 h0.30 lvl+0.24   -
frame    17 :  a red cube~ +0.62  a blue cube~ +0.18   led  56/ 55 h0.50 lvl+0.40   -
frame    18 :  a red cube~ +0.65  a blue cube~ -0.04   led  62/ 49 h0.53 lvl+0.31   -
frame    19 :  a blue cube~ +0.44  a red cube~ +0.29   led  27/ 96 h0.36 lvl+0.37   -
frame    20 :  a red cube~ +0.48  a blue cube~ -0.12   led  32/ 86 h0.39 lvl+0.18   -
frame    21 :  a blue cube~ +0.53  a red cube~ -0.50   led  39/ 75 h0.43 lvl+0.01   -
frame    22 :  a blue cube~ +0.30  a red cube~ -0.92   led  11/138 h0.24 lvl-0.31   -
frame    23 :  a blue cube~ +0.41  a red cube~ -0.75   led  23/104 h0.33 lvl-0.17   -
frame    24 :  a blue cube~ +0.40  a red cube~ -0.83   led  22/107 h0.33 lvl-0.21   -
frame    25 :  a blue cube~ +0.34  a red cube~ -0.96   led  15/125 h0.28 lvl-0.31   -
frame    26 :  a blue cube~ +0.60  a red cube~ -0.97   led  52/ 59 h0.49 lvl-0.19   -
frame    27 :  a blue cube~ +0.47  a red cube~ -0.63   led  30/ 89 h0.38 lvl-0.08   -
frame    28 :  a blue cube~ +0.39  a red cube~ -0.29   led  21/109 h0.32 lvl+0.05   -
frame    29 :  a blue cube~ +0.13  a red cube~ -0.77   led   2/201 h0.10 lvl-0.32   -
frame    30 :  a blue cube~ +0.27  a red cube~ -0.41   led   9/146 h0.22 lvl-0.07   -
frame    31 :  a blue cube~ +0.71  a red cube~ -0.85   led  77/ 38 h0.58 lvl-0.07   -
frame    32 :  a blue cube~ +1.02  a red cube~ -0.73   led 168/  5 h0.83 lvl+0.14   -
frame    33 :  a blue cube~ +0.39  a red cube~ -0.37   led  21/109 h0.32 lvl+0.01   -
frame    34 :  a red cube~ +0.20  a blue cube~ -0.11   led   5/171 h0.17 lvl+0.05   -
frame    35 :  a blue cube~ +0.50  a red cube~ -0.32   led  35/ 80 h0.41 lvl+0.09   -
frame    36 :  a blue cube~ +0.62  a red cube~ -0.65   led  56/ 55 h0.50 lvl-0.02   -
frame    37 :  a blue cube~ +1.10  a red cube~ -0.56   led 200/  2 h0.89 lvl+0.27   -
frame    38 :  a blue cube~ +0.61  a red cube~ -0.26   led  55/ 56 h0.50 lvl+0.18   -
frame    39 :  a red cube~ +0.22  a blue cube~ +0.12   led   6/166 h0.18 lvl+0.17   -
frame    40 :  a red cube~ +0.24  a blue cube~ -0.41   led   7/159 h0.19 lvl-0.09   -
frame    41 :  a red cube~ +0.37  a blue cube~ -0.09   led  19/115 h0.30 lvl+0.14   -
frame    42 :  a red cube~ +0.53  a blue cube~ -0.03   led  40/ 73 h0.43 lvl+0.25   -
frame    43 :  a red cube~ +0.87  a blue cube~ -0.78   led 118/ 17 h0.70 lvl+0.04   -
frame    44 :  a red cube~ +0.33  a blue cube~ -0.22   led  14/128 h0.27 lvl+0.06   -
frame    45 :  a red cube~ +0.21  a blue cube~ -0.14   led   5/170 h0.17 lvl+0.03   -
frame    46 :  a blue cube~ -0.06  a red cube~ -0.07   led   0/255 h0.00 lvl-0.06   -
frame    47 :  a red cube~ +0.07  a blue cube~ -0.12   led   1/223 h0.06 lvl-0.02   -
frame    48 :  a red cube~ +0.09  a blue cube~ -0.30   led   1/216 h0.07 lvl-0.10   -
frame    49 :  a blue cube~ -0.24  a red cube~ -0.55   led   0/255 h0.00 lvl-0.40   -
frame    50 :  a blue cube~ +0.19  a red cube~ -0.60   led   4/175 h0.16 lvl-0.20   -
frame    51 :  a blue cube~ +0.20  a red cube~ -0.25   led   5/174 h0.16 lvl-0.03   -
frame    52 :  a red cube~ +0.76  a blue cube~ -0.85   led  89/ 30 h0.62 lvl-0.04   -
frame    53 :  a red cube~ +0.41  a blue cube~ -0.20   led  23/103 h0.34 lvl+0.11   -
frame    54 :  a red cube~ +0.52  a blue cube~ +0.07   led  38/ 77 h0.42 lvl+0.29   -
frame    55 :  a red cube~ +0.48  a blue cube~ -0.51   led  32/ 86 h0.39 lvl-0.02   -
frame    56 :  a blue cube~ +1.37*  a red cube~ +0.41   led 255/  0 h1.00 lvl+0.89   MATCH a blue cube~ (cos 0.037)
frame    57 :  a blue cube~ +1.92*  a red cube~ +1.32*   led 255/  0 h1.00 lvl+1.62   MATCH a blue cube~ (cos 0.030)
frame    58 :  a red cube~ +2.52*  a blue cube~ +1.76*   led 255/  0 h1.00 lvl+2.14   MATCH a red cube~ (cos -0.007)
frame    59 :  a red cube~ +3.38*  a blue cube~ +0.68   led 255/  0 h1.00 lvl+2.03   MATCH a red cube~ (cos -0.006)
frame    60 :  a red cube~ +3.27*  a blue cube~ +0.84   led 255/  0 h1.00 lvl+2.06   MATCH a red cube~ (cos -0.013)
frame    61 :  a red cube~ +2.32*  a blue cube~ +0.80   led 255/  0 h1.00 lvl+1.56   MATCH a red cube~ (cos -0.021)
frame    62 :  a red cube~ +2.96*  a blue cube~ +0.23   led 255/  0 h1.00 lvl+1.60   MATCH a red cube~ (cos -0.009)
frame    63 :  a red cube~ +2.93*  a blue cube~ -0.03   led 255/  0 h1.00 lvl+1.45   MATCH a red cube~ (cos -0.013)
frame    64 :  a red cube~ +3.29*  a blue cube~ -0.58   led 255/  0 h1.00 lvl+1.36   MATCH a red cube~ (cos -0.010)
frame    65 :  a red cube~ +2.90*  a blue cube~ -0.43   led 255/  0 h1.00 lvl+1.23   MATCH a red cube~ (cos -0.016)
frame    66 :  a red cube~ +2.58*  a blue cube~ +0.22   led 255/  0 h1.00 lvl+1.40   MATCH a red cube~ (cos -0.017)
frame    67 :  a red cube~ +2.60*  a blue cube~ +0.56   led 255/  0 h1.00 lvl+1.58   MATCH a red cube~ (cos -0.014)
frame    68 :  a red cube~ +3.16*  a blue cube~ +0.64   led 255/  0 h1.00 lvl+1.90   MATCH a red cube~ (cos -0.009)
frame    69 :  a red cube~ +2.62*  a blue cube~ +1.69*   led 255/  0 h1.00 lvl+2.16   MATCH a red cube~ (cos -0.018)
frame    70 :  a red cube~ +11.51*  a blue cube~ -2.56   led 255/  0 h1.00 lvl+4.47   MATCH a red cube~ (cos 0.074)
frame    71 :  a red cube~ +35.30*  a blue cube~ -19.77   led 255/  0 h1.00 lvl+7.77   MATCH a red cube~ (cos 0.254)
frame    72 :  a red cube~ +52.99*  a blue cube~ -34.39   led 255/  0 h1.00 lvl+9.30   MATCH a red cube~ (cos 0.276)
frame    73 :  a red cube~ +60.48*  a blue cube~ -38.87   led 255/  0 h1.00 lvl+10.81   MATCH a red cube~ (cos 0.236)

enrol     : the next 20 frames are 'a red cube~'. HOLD THE SCENE STILL until it lands.
frame    74 :  a red cube~ +62.45*  a blue cube~ -38.17   led 255/  0 h1.00 lvl+12.14   MATCH a red cube~ (cos 0.207)
frame    75 :  a red cube~ +58.11*  a blue cube~ -35.28   led 255/  0 h1.00 lvl+11.42   MATCH a red cube~ (cos 0.151)
frame    76 :  a red cube~ +55.08*  a blue cube~ -32.11   led 255/  0 h1.00 lvl+11.48   MATCH a red cube~ (cos 0.149)
frame    77 :  a red cube~ +53.02*  a blue cube~ -29.45   led 255/  0 h1.00 lvl+11.78   MATCH a red cube~ (cos 0.148)
frame    78 :  a red cube~ +53.17*  a blue cube~ -28.80   led 255/  0 h1.00 lvl+12.18   MATCH a red cube~ (cos 0.163)
frame    79 :  a red cube~ +52.06*  a blue cube~ -27.40   led 255/  0 h1.00 lvl+12.33   MATCH a red cube~ (cos 0.151)
frame    80 :  a red cube~ +50.32*  a blue cube~ -25.38   led 255/  0 h1.00 lvl+12.47   MATCH a red cube~ (cos 0.141)
frame    81 :  a red cube~ +49.44*  a blue cube~ -24.56   led 255/  0 h1.00 lvl+12.44   MATCH a red cube~ (cos 0.143)
frame    82 :  a red cube~ +50.10*  a blue cube~ -25.02   led 255/  0 h1.00 lvl+12.54   MATCH a red cube~ (cos 0.155)
frame    83 :  a red cube~ +50.24*  a blue cube~ -24.99   led 255/  0 h1.00 lvl+12.63   MATCH a red cube~ (cos 0.153)
frame    84 :  a red cube~ +50.33*  a blue cube~ -24.62   led 255/  0 h1.00 lvl+12.86   MATCH a red cube~ (cos 0.153)
frame    85 :  a red cube~ +50.58*  a blue cube~ -24.57   led 255/  0 h1.00 lvl+13.00   MATCH a red cube~ (cos 0.154)

snapshot  : frame 86, mean RGB 122 113 115
BEGIN m9 128 128 32768 515d82b5
WohiyWLJUkdaiGsLa0trS2MLa0yED4QQhBBzjoQQjFGMUYQQjFGMUZSSlJKU0pSS
jJKMUZSSnNOc04xRlJKc050UnRSU05zTpRSlFJzTnNKlFK1VrVWlFJ0TpVSlVaVV
nRSlFKVVrVWtVa1VpRSlFKVVpVWlVaVVpRSlFa0VrVWtVaUUpVWlVaVWpVWlVZ0U
pVWlVaVVnRSlFaUVpVWdFJ0UpVWlVJ0VnRWc1JTUnNSdE5TTlNOU04zTlNSU05TT
lNOUkoySjJKMkoSShJJ8UYRShFJ8UXxQfBB8UXxRdBB0EGvPdBBz0GvPa45jjmvP
a89rz2OOW0xbTFtNW01bDFKIYspiyVIHUohrS2tLa0tjC2tMhA+EEIQQc46EEIxR
jFKEEIQRjFGUkpSSlNKU0oySjFGU05zTnNOMUZSSnNOlFJ0UnNOc06UUpRSc1JzT
pRSlVa1VpRSc06UVrRWtVaUUpRSlVa1VrVWlVaVVpRSlFK1VrVWtVaUUpRSlVa1V
rVWlFKUVpVWtVa1VpRWdFaVVpValVZzUpRWlFa0VnRSdFJ0UpRWlFZ0VnNSc1J0U
nNSU05TUlNSU1JTUnNSU1JTUjNOMkoySjNOMkoSSfFGEkoRSfFF8UXwRfFF8UXwR
c9Bzz3QQdBBrz2uOa45rz2vPa89jjltNW01bTVtNU0xSiWLKYspKR1JIa0xrTGtM
YwtrTIQPhBCEEHuOhBCMUYxRjFGMUYxRlJKUkpSSlJKUkoxRnJKc05zTlJGckpzT
pRSlFJzTnNOlFKUUnNOUkqUUpVWlVaUUnNOlFa1VrVWlFKUVrVWtVa1VpVWlVJ0U
pVWtVq1WpValVaUVrRWtVa1VpRSlFaVWrVatVqUVpRWtFa1WpRWc1J0VpRWlFZzU
nNSlFKUVpRWlFZ0UnNSdFJ0UlNSU1JTUlNSU1J0UlNSU1IzTjJKMkpSTjJKMkoRS
jFKEUoRSfBF8EXxRfFF0EXPQa9B0EGvQa89jjmuOc89rz2vPY45bDFsNWw1bDVsN
WkhiymLKUkhSiGsLa0trTGMLa0yED4wQhA9zjoQQjFGMUYxRjFCMUZSSlJKc05SS
lJKMUZSSnNOc05RRlJKc06UUpNSc05zTpRSlFJzTnNOlFKVVrVWlFJzUpRWlFaVV
pRSlFK1VrVWtVa1VpVSdFKVVrVatVa1VpRStFa1VrVatVqUVpVWlVq1WrVWlVaUV
pVWlVaVVnRSdFaUVpVWdFZ0UpRWlVaUVnRSdFJTUnRSdFJzTlNOU1JTUlNSU1JTU
jNSM04ySjJKMk4yShJKEUoRShFKEUnwRfBF8EXwRfBB0EGvPdBB0EGvPY45jTmvQ
a9Brj2OOWwxbTFtMW0xbTFJIYspiylJIUkhrDGsLa0tjS2tLhA6MT4QPc46EEIxR
lJKMUYxRjFGUkpzTnNOUkpSSlJKc05zTnNOUkpSSnNOlFJ0UnNOc06UUpRSc05zT
pRSlFK1VpRSc06UUpVWtVaUUpRStVa1VrVWtVaUUnRStVa1VrVWtVaUUpRWlFa1W
rValFaUVrVatVq1WpRWlFaVVpVWlVZzUnRSlFaVVnRSdFKUUpRWlFaUVnNWc1J0U
nRSc05TTlNOU1JTUlNSU1JTUlJOMkoySjNKEkoSShFKEkoRShFF8UXwRfFF8EXQQ
c9Brz3PQc9Br0GOOY45rz2vPY45jTlMNUw1bDVsNWw1SSGLKYspSR1JIawtrS2tL
a0xrTIQPhBCEEHOOhBCMUYxRjFGMUZSSlJKUkpSSlJKUkoxRlJKc05zTlJGUkpzT
pRSlFJzTnNOlFKUUnNOc0qUUrVWtVaVUnRSlVaVVrVWlFKUUrVWtVq1VrVWlVKUU
pVStVa1VrVWlFK0UpVWtVq1WpRWtFa1VrVatVqUVpRWlVq1VpVWdFKVVpVWlVZ0U
nRSdFaUVpRWdFZ0VnNSdFJ0UlNOU1JTUlNSU1JTUlNSU1IyTjJOMkozThJKEknxR
hFKEUoRRfBF8EXwRfBF8EXQQc890EHPQc89rjmOOa89jz2POW05TDFMNWw1bDVMM
UkhiymLKUkhSSGsLa0xrTGNLa0yED4wQhBBzjoQPjFGMUYxRjFGMUZSSlJKc05zT
lJKMkpTSnNOc04yRlNKdE50TpROc05zTpRSlFJzTlJKlFK1VrVWtVZzTpRStVa1V
pRSlFK1VrVWtVa0VpRWlFKVVrVWtVa1VpRSlFaVVrVatVqUVpRWlVa1VrVWlFaUV
rRWtVaUVnRSdFaVWpVWdFJ0UpRSlFaUVpRWdFJzTnRSdFJzUlNSU1JTUlNSU1JTU
jNOMk4yTjFKMk4yShJKEUoSShFKEUXxRfBCEEXwRfBBz0GuPdBB0EGvPY85jjmvP
Y49jjltNUwxTDFMMUw1TDFJHYsljClJHUkdrC2tLa0xrC2tMhA+MEIwQe8+EEIxR
lJKMUYQQjFGUkpzSnNOckpSSjFGUkpzTnNOUkpSSpRSlFKUUnNOc06VVpRSc05zT
pRSlFK1VrVWlFK1VrVWtVaUUpRSlFK1VrVWtVaUVpRStVa1VrVWtVaUUpRSlVa1W
rValFaUVrVatVq1WpRWlFaUVrVWlVZ0UpRWlFaVWnRSdFKUVpRWlFaUVpRWc1J0U
nRSU1JTUlNSU1JTUlNSU1JTUjNOMk4ySjJOEkoSShFGEkoRSfFJ8UXwRfFF8UXwQ
c9Brz3QQc9Brz2OOY45rz2POY85jTVsMUwxbDFMMUwxSSGLKYwtaSFJIawtzDHNL
a0trS4QPjFCEEHvOhBCMUZSRjFGEUIyRlJKU05zTnNKUkoxRlJKc05zTlJKUkpzT
pRSlFJzTnNOlFKUUnNOc06UUrVWtVaUUpRStVa1VrValFKUUpVWtVa1VrVWlFaUU
rVWtVa1VrVWlFKUUrVWtVa1WpRStFa1VrVWtVa0VpRStFa1VpVWdFKVVpVWlVZ0U
nRSlFaUVpRWlFZ0UnNSdFJ0UnRSU05TUlNSU1JTUlNSU1IyTjJOMkoyTjJKMUoRR
hFGEUnxRfBF8EXwRfFF8EHPQa89z0HPQa89jj2OOa89rj2OOW01TDFMMUwxTDFMM
SkdjCmMKUohSR2sLc0tzS2sLa0uEDoRQhFB7zoQQjFGUkYxRjFCMUZSSnNOc05zT
lJKMUZSSnNOc05SSlJOlFKUUpRSc05zTpRSlFJzTnNOlFKUUrVWtVaUUrVWtVa1V
pRSlFK1VrVWtVa1VpVSlFKVVrVWtVa1VpRSlFa1VrVWtVaUUpRWtVa1VrValVaUU
rVWtVa1VpRSlFaUVpVWdFJ0UpRSlFaUVpRWlFZzUnRWdFJ0UnNSU1JTUlNSU1JTU
lNSUk4ySjJKM0oSShJJ8UYRRhFJ8UXxRdBF8UXwRdBBrz2vPdBBzz2vPY45jjmvP
Y45jj1tNUwxTDFNMUwxTC1JHYwpjC1KISkhrC3NMc0xzDGsLg8+MEIwQe86EEJSS
lJKMUYxQjFGUkpzTnNOc05SSlJGUkpzTnNOUkpSSpRSlFKUUnNOc06UUpRSc05zT
pRStVK1VrVWlFK1VrVWtVaUUpRStVa1VrVWtVaVUpRStVa1VrVWtVaUUpRWtVbVW
rValFKUVrVWtVa1VpRWlFaVVrVWtFaUUpRWlVa1VpRWlFKVVpVWlFaUVnRSdFJ0U
nRSdE5zTnNOU05TTlNOU05TTlJOMk4ySjJOMkoyShFGEkoRShFF8EXwRfBF8EXwR
c9Brj3QQc9Bzz2OOY45rz2vPY49bTVMMUwxTDFMMUwtSCGMLYwtSiVJIawtzTHNM
a0xrTIQPjFCMUHvOhA+UUZSRjFGEEYxRlNKc0pzTnNOUkoxRnNOc05zTlJKUk5zU
pRSlFJzTnNOlFKUUnNOc06UUpRStVa1VpRStVa1VrVWlFKUUrRWtVa1VrVWlFaUV
rRWtVa1VrValFaUVrVa1Vq1WpRWlFa1VrVatVqUVpRWlVa1VrRWlFKUVrVWtVaUU
pRSlFKVVpVWlFZ0VnNSdFJ0UnRSc1JzUnNSU1JTUlNSU1IzTjJKMkpSTjJKMUoRR
hFKEUnxRfBF8EHwRfFF8EHPQc49z0HPQa89jjmOOa89jzmOOW01LDFMMUwxTDEsL
SkdjCmMKWslKSGNMa01rTGsMawyED4xQjFB7z4QQlFGUkoxRhBCUkpSSnNOc05zT
lJKUkpzTnNOc05SSnNOlFKUUpRSc05zTpRSlFJzTnNOlFK1VrVWtVaUUrVWtVa1V
pRSlFK1VrVWtVa1VrVWlFa1VtZatVa1VpRStVa1VrVWtVaUUpRWtVq1WrValFaUV
rVatVq0VpRStFa1VrVWlFKTUpRWtFaVVpRWlFZzUnRSdFJ0UlROU1JTUlNSU1JTU
lNSUlIyTjJKUk4ySjJKEUYSRhFJ8UXwRdBB8EXxRfBB0EHPPdBBz0GvPY45jjmvP
Y49jjltNUwxTDFNNUwxSzEoHYwpjClrJSkhjDGtNa01rDWsMhA+MUIxQe86ED5SR
lJGMUYxRlJKc05zTnNOc05zSlJGc0pzTpROUkpzTpRSlFKUUnNOc06UUpRSc05zT
pRStVa1VpRSlFK1VrVWtVaUUpRStVa1VrVWtVa1VpRStVbWVrVW1VaUUrVWtVa1V
rValFK1VrVatVq1WrRWtFa1VtVatVaUUpVWlVa1VpRSlFKVVpVWlVaUVpRWdFJ0V
nRSdFJ0TnNOc1JTUlRSU1JTUjNOMk4SSjJOMk4yShFGMUoxShFF8EXwQfBF8EXwR
c9Brz3QQdBBrz2OOY45rz2PPY49TTUsMUwxTDFMMUwxKR2MKawtayVJIawtzTXNN
c01rTIQPjFCMUHvOhBCUkpSSlJKMUZSSnNKc05zTnNOUk5SSnNOlFKUUlJKc06UU
pRSlFJzTnNOlFKUUnNOc06UUrVWtVaUUpRStVa1VrVWtFKUUrVW1Va1VrVWtVaVV
rVWtVa1VrVWtVa1VrVatVrVWpRWtVa1WrVatVq1VrRWtVa2WrVWlFK1VrVWtVqUV
nNSlFaUVpVWlVZ0UnNSdFJ0UnRSVFJzTnNSc1JTUlNSU1IzTjJOEkoySjJKMkoRR
hJKEUnxRfBF8EXwRfFF0EXPQa890EHQQa89jjmOOa89jj2OOWw1TDFMMUwxTDFLM
UkhrC2sLYslSSGsLc4xzjXONa0yED4xQjFCDz4QPlJGUkoxRjFGUkpzTnNOc05SS
lJKMUZzTnNOlFJSSnNOlFKUUpRSc05zTpRSlFJzTnNOlFK1VrVWlFKUUrVW1lq1V
pRSlFK1VrVWtVa1VrVWtVa1VrVWtVbWWrVWtVa1WtZa1lqUVrVWtVbWWtZatVa1V
rVWtlq1VpRStFa1VrVWlFKUUrVWtVaVVpVWdFZzUnRSdFJ0UlRSVFJTUnNSdFJUU
lRSU04zSjJKM04ySjJGEUYSShFJ8UnxRfBF8EXwRdBBzz2uPc9Bz0HPQY49jj2vQ
Y49jj1NNUwxTDFMMUwxSzFJJawxrDGLLUolrTHONc41zjGtMhA+MEIxQg8+EEIxS
lJKMkoxRlJKc05zTnNOUk5STjFKc06UUpRSUkpzTpRSlFKUUnNOc06UUpRSc05zT
pRStVa1VpRSlFK1VrVWtVa0UpRStVa1VtZa1Va1VpRWtVa1WrVa1lq1VrVW1lrWW
tZatVa1VtVW1lrWVrVWtVa1VrZatVaUUpVWtVa1WpRWlFKVVpVWlVaVVpRWc1J0V
nRSdFJzUnNSU1JzUnNSc1JTUlJOMkoSSjJOMkoyShFGMkoRShFF8EXQRfBF8EXwQ
c9Brz3PQc9Bzz2OOa45rz2POY45bTFMMUwxTDFMMUwtaSGsLa0xjC1qKa0xzjXOO
c41rTYQQjFCMUIQPhA+UkZSRlJGMUZSRnNKc05zTnNOUk5SSnNOlFKUUlJKc06UU
pRSlFJzTnNOlFKUUnNOc06UUrVWtVaUUpRStVa1VtVWtFaUUrVWtVbWWtZatVaVU
rVWtlbWWtZatVa1VtZa1lrWWrVWtVbWVtZa1la1VrVWtVa2VrVWlFKVVrVWtlaUV
pRStVa1VrVWlVZ0UnNSdFJ0UnRSU1JzUnNSc1JzUnNSU1JTTjJOEkoyTjJOMkoRR
hJGEUYRRfBF8EXwRhBF8EXPQa490EHPQa9BjjmOOa89jjmOOU01LDEsMUwxLC1ML
WolzTXNMa0tayWtNe457jnOOc02EEIxRjFGED4QQlJGUkpSRjFCUkpzSnNOc05zT
lJOUkpzTpRSlFJzTnNOlFKUUpRSc05zTpRSlFKUTnNOlFK1VrVWtVaUUrVW1lq1V
rVWlFK1VtZa1lrWWrVWlFK1VrVW1lrWWrVWtVbWWtZa1lq1VrVatlbWWtZatVaUU
rVWtVa1VpRSlFa1VrVWlFaUUpVWlVaVVpVWlFZ0UnRWlFJ0UnRSdFJzUnNSc1JUU
lNSU04yTjJKMk4ySjJKEUYRRhFKEUXwRfBF8EXwRfBBzz2uPdBB0EHPPY45jjmvP
Y45jjltNUwxTDFMMUwtTC1qKc01zTXNNYwtzjXvOe857znONhA+MUIxQhA+EEJSS
lJKUkoxRjFKc0pzTnNOc05zTlJKc050TpROc0pzSpRSlFKUUnNOc06UUpRSlFJzT
pRStVa1VrRWlFK0VtVa1Vq1VrRWtVbWWtZa1lq1VpRStVa1VtZa1lq1VrVW1lrWW
tZatVa1VrVW1lrWWrVWtVa1VrVWtVaUUrRWtVa1VpRWlFK0VrVWtVaVVpRWdFJ0U
nRSdFJ0UnRSc1JzUnNSc1JTUlNOMk4ySlJOMk4yShFGMUoRShFF8UXwQfBF8EXQR
a89rz3QQc9Br0GOPY49r0GPPY45bTVLMUwtTDFMMUstaimuNc45zjWMLc42DznvO
e85zjoQPjFCMUIQPhBCMUpSSlJKMUZSSnNOc05zTnNOUkpSSlJKlFKUUnNOc06UU
rVSlFJzTnNOlFKUUpRSc06UUrVWtVa1VpRStVbWWtZatVa0UrVW1lrWWtZatVa1V
rVW1lrWWtZatVa1VrVW1lrWWrVWtVa1VtZa1lq1WrVWtVq1WrValFKUVrVWtVaUU
pRSlFa1VrVWtVaUVnRSdFJ0UnRSdE50UlNSc1JTUnNSU1JTTjJOMUpSTjJOMkoRR
hFGEUoRRfBB0EHwQfFF8EXPQa490EHPQa89jjmOOa89jjmOOWw1Sy1MLUwtTC1ML
YspzjXvNc45jDHOOe897z3vOc46EEIRRjFGEEIQQlJGUkpSSjFGUkpzTnNOc05zT
lJKUkpzTpRSlFJzTnNOlFKUUpRSlFJzTpRStVaUUpROlFK1VrVWtVaUUrVW1VrVW
rVWtFbVWtVa1lrWWrVWlVa1VtZa1lrWWrVWtVa1VtZa1lq1VrVWtVbWWtZatVq0V
rVatVq1WpRSlFa1VrZalVaUUrRWtVa1VrVWlVJ0UpRSlFJ0UnRSdFJzUlNOc1JzU
lNSU04yTjJKMk4ySjJKEUYxRhFKEUXxRfBB8EXwRfBFz0GuPc9Bzz2vPY45jjmvP
Y45jTlsMUsxSzFLMUstKy2MLc857z3vOa0x7zoQPhA+ED3vOhFCMUYxRhBCEEZSS
lJKUkoxRlJKc05zTnNOc05SSlJKc06UUpRSc05zTpRStVaUUpRSc06UUrVWlFJzT
pRStVbVVrVWlFK1UtVW1Vq1VrVW1VrWWtZa1lrWWrVW1VbWWtZa1lq1VrVWtVbWW
tZatVa1VtVa1lrWWrVWtVa1WrVatVqUUrRWtVq1WpRWlFKUVrVWtVa1VpRSdFKUU
pRSdFJ0UnNSc1JzUnNSc1JTTlNOMk4ySlJOMkoyShFGMUYRRhFF8EHQQfBB8EXwQ
c9Brj3PQdBBzz2OOY45rz2uOY45TDVLMUwxSzFLMUsxrDHvOg897z2tNe8+EEIQQ
e897zoQQjFGMkoQQhBCUkpSSlJKMUZSSlJKc05zTnNOc05SSnNOlFKUUnNOc06UU
rVWlFKUUnNOlFK1VpRSk06UUrVWtVa1VpRSlFK1VtZatVa1VtVa1lrWWtZatlq1V
rVW1lrWWtZatVa1VrVW1lrWWrVWtVa1VtZa1lq1WrVWtVrVWrVWlFK1VrVWtVqUV
pRWlVaVVpVWtVaUVnRSlFKUUpRSdFJ0UnNSc05zTnNSc1JSTjJOMkoySjJKMkoRR
hFKEUoRRfBB8EHwQfBF8EHPQa49z0HPQc89jjmOOa85rz2OOUwxKy1LLUstSy1LL
a017z3vQe89zjoQPhBCEEIQQe8+MUZSSlJKMUYxRlJKUkpSSjFGUkpSSnNOc05zT
nNOc05zTpRSlFJzTnNOlFKUUpRSlFJzTpRStVaUUnNOlFK1VrVWtVaUUrVW1lrWW
rVWtVbWWtZa1lrWWtZatVa1VtZa1lrWWrVWtVa1VtZa1lq1VrVW1lrWWtZa1Va1U
rVW1Vq1VpRStVa1VtVWtVaUUrVWtVa1VrVWlVaUUpRSlFKTUnNOdE5zUnNSc1JzU
lNSU04yThJKMk4yThJKEUYSRhFKEUXwRfBB8UXwRfBBz0GuPc9Bz0GvPY45jjmPP
Y49bjlMNSsxKzFMLUwtSy3ONe8+EEIQQc4570IxRjFGMUYQQjFGUkpSSjFGMUZyS
nJOUkoxRlJKc0pzTnNOc05zTnNKc06UUpRSc05zTpRSlFKUUpRSc06UUrVWlFJzT
pRStVa1VrVWlFK1VtZa1lq1VpVWtVrWWtZa1lrWWrVW1lrWWtZa1lq1VrVW1VbWW
tZatVa1VtVW1lrWWrZWtVbWWtZa1lqUVrVWtVa1VrRWlFK1VrVWtVa1VpRWdFKUU
pRSk1JzUnNSc1JzUnRSc1JTUlNOMkoySlJKMkoyShFGEUYRShFF8EXwRfBGEEXwQ
c9Brj3PQc89rz2OOY45jz2OOW45TDErLSwtLDErMSstzjnwQhBCEEHvPhA+MUYxR
jFGEEIxRlJKUkoxRjFGUkpzTnNOUkZSSnNOc05zTnNOc05SSnNOlFKUUnNOc06UU
rVWlFKUUpRStVa1VrRSk060UrVW1Va1VrRStVbWVtZatVa1VtZa1lrWWtZatlq1V
rVa1lrWWtZatFa1VtVW1lrWWrVWtVbWWtZa1lq1VrVW1lrWWtZalFK1VrVWtVa1V
pRStVa1VrVWtVaVVpRSlFKUUpRSdFJ0UnNSc1JzUnNSU1JSTjJOMUoySjJKMkoRR
jFGEUoRRfBF8EHxQfBF8EXPQa89z0HPQa89jj2OOa89jjltOUwxKy0rMUsxSzEqM
e8+EEIxRjFF7z4QQjFGMUYxRhBCMUZSSlJKMUYxRlJKc05zTlJKc05zTpRSc05zT
nNOUkpzTpRSlFJzTnNOlFKUUpRSlFKUUrVWtVa0VpNOlFK1VtVWtVa0UrRW1VrWW
rVWlVLWWtZa1lrWWtZWtVbWWtZa1lrWWrVWtVa1VtZa1lq1VrVWtVbWWtZa1lq1V
tZa1lrWWpRStVa1VrVatVaUVrVWtVq1VrVWlVaUUpRSlFKUUnNSc1JzUnNSc1JzU
nNSUk4yShFKMkoyShJKEUYRRhFKEUnwRfBB8UXwRdBFr0GOPc9Bzz2vPY45jjmvP
Y45bjVMMSstKy1LMSotKy3vPhBCEEYxRhBCEEIxRlJKMUYxRjFGUkpSSlJGMUZzT
nNOc05SSnNOc05zTnNOc05zTlJKc06UUpRSc05zTpRSlFKUUpRSc061VrVWtVaUU
pRStVa1VrVWlFK1VtZa1lq1VrRW1lrWWtZa1lq2WrVW1lrWWtZa1lq1VrVW1VrWW
tZatVa1VtZa1lrWWrVWtVa1VtZatVq0VrVWtVa1WrVWlFa1WrVWtVa1VpRWlFKUU
pRWlFJzUnNSc1JzUnNSc1JzUlJSMk4ySjJKMkoyShFGEUYSRhFF8UHQQfBB8EXwQ
c9Brj3PQc9Brz2OOY45jz2OOY05LDErMSsxKzErLSot7z4QQjFGMUYQQhBCMUZSS
lJKMUZSRlJKc05SSjFKc05zTnNOUkpzTnNOdFJ0UpRSc05SSnNOlFKUUnNOc06UU
pRSlFKUUnNOtVK1UrRSk06UUrVW1Va1VpRStVbWWtZatVa1UtZW1lrWWtZatVa1V
rVW1lrWWtZatVa1VtVa1lrWWrVWtVbVVtZa1lq1VrVWtVbWWtZWtVa1VrZatVq1V
pRWtVa1VrVWtVaUVpRSlVaUUpRSc1J0UnNSc1JzUnNSc1JSTjJKMUoyTjJKMkoRR
hFKEUoRRfBB8EHxQfBF0EWvPa49z0HPQa49jjmOOY49jj1tOUs1Ky0rLSstKy0qK
e8+EEIxRjFGEEIQQjFGUkpSSjFGUkpSSlJKUkoxRnNOc05zTlJKc05zTnNOc05zT
nNOUkpzTpRSlFZzTnNOlFKUUpRSlFJzTrRWtVa0VpNStFLVVtVW1Va0UrVW1lrWW
rVWtVbVWtZa1lrWWrVWtVa1VtZa1lrWWrVWtVbVWvZa1lq1VrVW1lrWWtZatVa1V
rVW1lrWVrVWtVa1WtVatVa0VrVWtVa1VrVWlVKUUpRSlFJzUnNSc1JzUnNSc1JzU
lNOU04yTjJKMk4ySjJKEUYRShFJ8UnwRdBF8EXwRfBBzz2uOdA9z0GuQY45jjmuP
Y49bTkrMSstKzErLSstKi3vPhBCMUYxRhBCEEIxRlJKUkoxRlFGUkpySlJKMUZzT
nNOc05SSlJKc05zTpRSlFJzTnNOc06UUpRSc05zTpRSlFK1VpRSc061VrVWtVaTU
rRS1VbVVtVWtFK0VtZa1lq1VrRW1Vb2WvZa1lrWVrVW1lbWWtZa1lq1VrVW1lrWW
vZatVa1VtZa1lrWWrVWtVa2VtZa1la1VrVWtVrVWrVWtFa1VrVWtVa1VrVWlFKUU
pRSdFJ0UnRSc1JzUnNSc1JzUlNSMk4SSjJOEkoyShFGEUYRShFJ8EXQQfFF8EXwR
a9Bjj3PQc9BrkGOOY45jj2OPW05KzErMSsxKy0rLSot7z4QQjFGMUYQQhBCMUZSS
lJKMUYxRlJKUkpSSjFGc05zTnNOUkpzTnNOc06UUnNOc05zTnNOlFKUUnNOc06UU
pRStVaUUpNStFa1VpRWk1KUUrVW1VbVVrRStVbWVtZatVa0VtZa1lrWWtZa1la1V
tZW1lrWWvZatVbVVtZa9lrWWrVWtVbWWtZa1lq2WrVWtlbWWtZatVa1VrVW1Vq1V
rVWtVa1VrVWlVaVUpRSlFKUUpNSc05zUnNOc05zTnNSc1JSTjJKMUoyTjJOMkoRR
hFKEUoRSfBF0EHxRfBF8EHPPa49z0HPQa49jjmOOY45jjltOUsxKy0rLSstKy0qL
e8+EEIxRjFKEEIQQjFGUkpSSjFGMUZSSlJKUkpSSnNOc05zTlJKU05zTnNSlFKUU
nNOc05zTpRSlFJzTnNOlFK0UrVWtFKTUrRWtVa0VpRStFbVVtVW1Va0VtVW1lrWW
rVWtVbWWtZa1lrWWtVWtVbVVtZa1lrWWrVW1VbWWtZe1lq1VrVW1lrWWtZatVa1V
rVW1lrWWrVWtVa2WtZatVa1VrVWtVa1VrRWtFKUUpRSlFJ0UnNSc1JzUnNSc1JzU
nNSUk4ySjFKMkoyTjJKEUYRRhJF8UXwQdBB8EXwRfBFrz2uPdBBz0GuPY45jjmuP
Y45bTkrLQstKy0rLSstKinvPhBCMUYxRhBCEEIxRlJKUkoxRjFGUkpSSlJKMUZzT
nNOc05SSnNOc05zTpRSlFJzTnNOc06UUpRSc05zTpRStFK0VrRSk060VrVWtFaTU
rRS1VbVVtVWtFLVVtZa1lq1VrVW1VrWWtZa1lrWVtVW1Vb2WtZa9lq1VtVW1lrWX
vZatVbVVtZa1lrWWrVWtVbWWtZa1lq1VrVWtVbWWrVWtVa1VrVWtVa1VrVWlFKUU
pRSdFJzUnNSc1JzUnNSc1JzUlNOMkoxSjJKMkoyShFGEUYSRfFF8EHQQfBB8EHQQ
a89rz3QQc9Brz2OOY45rz2OPW05SzErLSstKy0rLSsp7z3vPjFCMUYQQhBCMUZSS
lJKMUYxRlJKUkpSSjFGc05zTnNOUkpSSnNOc06UUpRSlFJzTnNOlFK0UpNOk06UU
rRStVa0UpNOtFa1VrRWk1K0UtVW1VrVVrRWtFbVWtZatla1VtZa9lrWWtZa1Va1V
tVW9lrWWvZa1VbVVtZa1l72WtVW1VrWWtZa1lq1VrVW1lrWWtZatVa1VrVa1lq1V
rVWtVq1VrVatVa0VpRSlFaUUnRSc1J0UnNSc1JzUnNSc1JSTjJKMUoySjFKMUoRS
hFGEUXxRfBB0EHwRfBF8EGvPY49z0HPQa49jTmOOa89jjmNOSsxKzErMSsxKy0rL
e8970IxRjFGEEIQQjFGUkpSSjFGMUZSSlJKUkoxRlJKc05zTlJKUkpzTnRSlFKUU
pROc05zTpRSlFKTTnNOlFK0UrRWtFKTUrVWtVa1VpNStFLVVtVW1Va0VrVW1lr2W
tZWtVbWWtZa1lrWWtVatVbVVvZa1lr2WtVW1VbWWvZe9lrVVtVW1lrWWtZatVa1V
tZa1lrWWrVWtVrVWtZatVa1VrVWtVa1VrVWlFaUVpRWlFZ0UnRSdFJ0UnNSc1JzU
nNSUk4yShFKMk4ySjJKEUYRRhFKEUXwQe9B8EHwRdBBrz2OOdA9zz2uPY45jjmvP
Y45bTUrMSstKy0rLSstKi3vPhBCMUYxRhBCEEIxRjJKUkoxRjFGUkpSSlJKMUZzT
nNOc05SSnNOc05zTpRSlFJzTnNOc06UUpRSc05zTpRStFa1VrRSk1K1UrVStVKUT
rRS1VbVVtVWtFK1VtZa1lq2VrVW1lr2WvZa9lrVWrVW1Vb2WvZa9lrVVtVa9lr2W
vZatVbVVtZa1lrWWrVWtVbWWtZa1lq1VrVa1lrWWrVWtVa1VrVWtVa1VpVWlFKVU
pRSlFKTTpNSc1JzUnNSc1JzUlJOUkoxSlJKMUoSShFGEUYRShFF8EHQQfBB8EXwR
a89rj3PQc9Brj2NOY45jj2OOY05LC0rLSstKy0rLSst7z3vPhBGMUYQQhBCMUZSS
lJKMUYxRlJKUkpSSjFGc05zTnNOUkpzTnNOc06UUpRSlFJzTnNOlFKUUnNOk06UU
rRStVa0UpNStVK1UrRSlE6UUtVW1VrVVrRWtVbWWtZatla1VtZa9lr2WvZa1VrVV
tVW9lr2WvZa1VbVWvZa91r2WtVW1Vr2WvZa9l7VWtVW1lrWWtZatVbWWtZa1lq1V
rRWtVa1VrVWtVaVVpRSlFKUUpRSlFJ0UnNSc1JzUnNSc1JTTjJKMkpSTjJKMkoRR
hFGEUYRSfBF8EXwRfBF8EGvPa49z0HPQa5BjTmOOa45jjltNSsxKzErLSstKy0rL
e8+ED4xRjFGEEIQQjFGUkpSSjFKMUZSSnNOUkoxRlJKc05zTlJKUkpzTnNOc06UU
pRSc05zTpRSlFKTTpNOlFK1UrVWtFKTUrRWtVa1VpRStFLVVtVa1Va0VrVW1lrWW
tZWtVbVWvZa9lr2WtVatVbVWvZa9lr2XtVa1Vr2WvZa9l7VVtVa9lr2WvZa1lrVV
tZa1lrWWrVW1lrWWtZatVa1VrVWtla1VrVWlVaUUpRSlFKUUnRSdFJzUnNSc1JzU
nNSU04yShJKMk4ySjFKEUYRRhFJ8UnwRfBB8EHwRfBFz0GuPc9Bz0GuPY05jjmOP
Y45bTlLMSotKy0rMSstKy3vPe8+MUYxRhBCEEJSRlJKUkZRRjFGUkpSSlJKMUZSS
nNOc05SSlJKc06UUpRSlFKTUnNOc06UUpRSk1KTTpRStFK0VrRSk1K0VtVWtVaUU
rRS1lbWVtVWtFa1VtZa9lrWWrVW1lr2WvZa9lrWWrVW1Vr2WvZa9l7VWtVa9lr2W
vZe1VbVWvZa9lrWWtZatVbWWtZa1lq1VrVW1lrWWrVWtVa1WrVWtVa1VpRWlFaUV
pRWlFJzUnRSc1JzUnNSc1JzUlJSMk4ySlJOMkoyShFGEUYRRfFF8EXwQfBF8EXwR
a89rj3PQc9Brj2NOY05jj2NPW05KzErLSstKy0rLSst7z3vPjBGMUYQQhBCMUZSS
lJKMUYxRlJKUkpSSjFGUk5zTnNOUkpSSnNOlFKUUpRSc05zTnNOlFKUUpNOk06UU
rRStVa0UpNS1Fa1VrVWk1K0VtVW1VbVVrRWtVbWWtZa1la1VtZa9lr2WvZa1lrVW
tVa9lr2WvZe1VrVWvZa9lr2XtVW1Vr2WvZa9lrVWrVW1lrWXtZatVa2WtZa1lq1V
rVWtVa1VrVWtVaVVpRSlVKUVpRSk1JzUnNSc1JzUnNSc1JSTlJKMUpSTjJKMkoQR
hFGEUYRRfBF8EHwRfBF70GvPY45z0HPQa49jTmOOa49jjltOSsxKzErMSsxKzErL
e457z4wQjFGEEHvPjFGMUYxSjFGMUZSSlJKUkoxRlJKc05zTlJKUkpzTpNSk1KUU
pNOc05zTpRSlFKTUnNOlFK0UrRWtFKTUrRW1Va1VpNSlFLVVtVa1Va0VrVW1lrWW
tZWtVbVWvZa9lr2WtZWtVbVVvZe9lr2WtVa1VrWWtZa9l7VVtVa1lr2WtZa1lrVW
tZa9l7WWrVWtlq2WtZatVa1VrVatVq1VrVWlVaUUpRWlFJ0UpRSlFJzUnNSc1JzU
nNSUlIyTjJKMkoyShJKEEYRShFKEUnwRfBF8EXwRdBBrz2OOc9Bz0GuPY09jTmOP
W09bTkrMSstKy0LLSstKi3OPc4+EEIQQhBCEEIxRlFGUUYxRjFGUkpSSlJKEEJSS
nNOc05SSlJKc06UUpRSlFJzTnNOc06UUrRSlFJzTpRStVK1VrRSk1K0VtVWtVaUU
pRS1VbVVtVWtFa1VtZa1lrWWrVW1lr2WtZa1lrVWrVW1Vb2WvZa9lrVVtVa9lr2W
vZa1VbVWvZa9lr2WtVa1VrWWtZa1lq1VrZa1lrWWrVWtVa1VrVWtVa1VpVWlFKUU
pRSdFJ0UnRSc1JzTnNOc1JzUlNOMkoySjJKMkoxShBGEUYRShFF8EXwQfBF8EXQQ
a89jjnPQc9Brj2NOY09jj2OOW05KzErMSsxKzErLSotzjnOOhBCEEYQQfA+MUYxR
jFGMUYxRlJKUkpSSjFGUkpyTnNOUkpTSnNKlE6UTpRSc05zTnNOlFKUUpNSk06UU
rRStFa0UpROtVa1VrVWk1KUUtVW1VbVVrRWtVbWWtZa1la1VtZa1lr3WvZa1lrVW
tVa9l72XvZe1VrVWtZa9lr2XtVW1Vr2WvZa9lrWWtVW1lrWXtZatVa1WrZa1lq1W
rVWtVa2VrVatVaVVpRSlFKUUpNSk06TUnNSc1JzUnNSc1JSTlJKMkpSSjFKEUoQR
hFKEUoRSfBF8EHwQfBF0EGvPY45r0GvQY49bTmNOa49jjltNSstKi0rLSstKy0qK
c45zjoPPhBCED4QPjFCMUoxRjFGMUZSSnNOUkoxRlJKc05zTlJKUkpzTpRSc06UU
nNOc05zTpRSlFKTTnNOlFK0UrVWtFKTUrVWtVa1VpRStFLVVtVW1Va0VrRW1lrWW
tVatFbVWvZa9lr2WtZatVbVWvZe9l72XtVa1Vr2WvZa9lrVVtVa9lr2WtZa1VrVV
tZa1lrWWrVWtlq2WtZatVa0VrVWtVa1VrVWlFaUUpRSlFKUUnRSdFJzUnNSc1JzU
nNSUk4yTjFKMk4ySjFKEEYRRhFGEUXwQfBB8EHxQdBBrz2uPc9Brz2OPW05bT2OP
Y49bTkrMSstKy0rLSstKynOOc46EEIQQhBB7z4xRlJKMUYxRjFGUkpSSlJKMUZSS
nNOc05SSlJKc06UUnNOlFJzTnNOc06UUpRSk05zTpRStVK1VrRSs1K0VrRWtVaTU
pRS1VbVWtVWtFa0VtVa1lrWVrRW1VrWWvZa9lr2WtVW1Vb2WvZa9l7VWtVa9lr2W
vZa1VbVWvZa91r2WtZa1VrWWtZa1lq1VrZatlrWWrVWtVa1VrVWtVq1VpVWlFKVU
pRSdFJzUnNSc1JzUnNSc1JzTlJOMkoxSjJOMkoyShFGEUoRShFJ8EHwQfBF8EXQQ
a49rj3PQa49jj2NOY05jjmNOW01Ky0qLSstKy0rLSopzjnOOe8+EEIQQe8+MUZSS
lJKMUYxRlJKUkpSSjFGUkpSSnNOUkpSSnNOc05zTpRSlFJzTnNOlFKUUpRSc06UU
rVWtVa0VpNStFbVVtVWk06UUtVW1VbVVrRWtFbWWtZa1Va1UtVW9lr2WvZa9VrVW
tVa9lr2WvZe1VrVWvZa9lr2WtVW1Vr2WvZa9lrWWtVa1lrWWtZatVK2VrZa1lq1V
rVWtVq2WrVWtVaVVpRSlFKUUnRSlFJ0UnNSc1JzUnNSck5STjFKMUoySjJKMUoQR
hFGEUYRRfBB0EHwQfBB8EGuPa49z0HOQa49jTmNPY09jTltNSstKy0rLSstKykqK
c45zjoQQhBCEEHvPjFGMUpSSjFGMUZSSlJKUkoxRlJKUkpzTlJKUkpzTpNOk06UU
pNOc05zTpRSlFKTTnNOlFK1UrVStFKTTrRWtVa1VpNSlFLVVtVW1Va0UrVW1lrWW
tZatVbVWvZa9lr2WvZa1VbVVvZa9lr2XtVa1Vr2Wvda9l7VVtVa9lr2WvZa1VrVW
tZa1lrWWrVW1lrWWtZatVa1VrVWtVa1VrVWlFKUUpRWlFaUUnRSdFJzUnNSc1JzU
nNSUk4yShFKMkoySjFKEEYRRhFJ8UXwQdBB8EHwQdBBrj2uPa9Br0GOPW05jjmOO
Y45bTUrLSotKi0qLSotKinOOc46EEIQQhBB7z4QQjFGMUYxRjFGUkpSSlJKMUZSS
lJKc05SSlJKc06TTpNOk1KTTnNOc06UUpRSlFJzTpRStVK1VrRWk1K0VrRW1VaTT
pRS1VbVWtVWtFa0VtVa1lrWWrVW1Vr2WvZa9lrWWtVW1Vb2WvZa9lrVVtVa1lr2W
vZe1VrWWvZa9l72XtZa1VrWWtZa1lq1VrZatlrWWrVWtVK1VrVWtVa1VpVWlFKUV
pRWdFJ0UnRSc1JzUnNSc1JyUlJOMUoxSjJKMkoRShBGEUYRRfFF0EHQQdBB0EHQQ
a89rj2vQa9Bjj1tOW05jjluOW05KzEqLSotKi0qLSopzjnOOhBCEEIQQe8+MUZSS
jFGMUYQQlJKUkpSSjFCUkpySnNOUkpSSnNOk1KTUpNSk05zTnJOlFKUVpRSc06UU
rRStFa0VpNStFa1VrVWlE6UUrVW1VbVVrVWtFLVWvZa1Va0VtVa1lr2WvZa9lrVV
tVW9lr2WvZe1VrVWvZa9lr2XrVW1Vr2WvZa9lrWWtVa1lr3XtZatVbWWtZa1lq1V
rVWtVa1VrVWtVaVVpRWlFaUVpNSc1JzUnNSc1JzUnNOck5SSjJKMUYySjJKMUoQR
jFGEUYRRfBB8EHwQfBF0EGuPa49z0GvQY49bTluPY49bTltNSotKi0qLSotKikqK
c45zjnvPhBCEEHvPhBCMUYxRjFGEEJSSlJKUkoxQlJKc05zTlJKUkpzTnNSc06TT
nNOck5yTpRSlFKUUnNOlFK1VrVWtFaTUpRWtFa1VpNSlFLVVtVW1Va0VrRW1lrWW
tVatFbVWvZa9lr2WtVa1VbVVvZa9lr2WtVW1Vr2WvZa9lrVVtVW9lr2WvZa1VrVV
tZa1lrWWrVWtVrWWtZatVa0VrVWtVa1VrVWlFaUVpRSlFJ0UnNSc1JzUnNSc1JzU
nNOU04yShFKMkoSSjFJ8EYRShFKEUXwQe9B8EHwQdBBrz2uPa9Br0GOPW05bTmNP
W05TDUKLQotKy0rLSotKi3vOc46Dz4QQhBB7z4QQjFGMUYxRjFGUkpSSlJKEEJSS
nNOc05SSlJKc06UUpRSc05zTnNOck6UUrRSk1KTTpNStFa0VrRWk1K0VtRWtVaTT
pRS1VbVVtVWtFa0VtVa1lrWWrRS1VbWWvZa9lrWWtVW1Vb2WvZa9lrVVtVa9lr2W
vZa1VbVWvZa9lr2WtVa1VbWWtZa1Va1VrVa1lrWWrVWtVa1WrZatVq1WpRWlFKUU
pRSlFJzUnNSc1JzTnNOc05TTjJOMkoRSjJKMkoRSfBGEUoRRfFF0EHQQdBB0EHQQ
Y45jj2vQa5Bjj1tOW49jj2NOWw1Ki0qLSstKykqKSotzjnOOe8+EEIQQe8+EUIxR
jFGMUYQQjFGUkpSShBCUkpSSnNOUkpSSnNOc06TTpNOc05yTnJOlFK0VpRSc06UU
rVWtVa0VpNSlFa1VrVWlFK0UtVa1VbVVrRWtFbVWtZa1la1VtVa1lr2WvZa9lrVV
tVW9lr2WvZa1VrVWvZa9lr2WtVW1Vr2WvZa9lrVWtVa1lrWWtZatVbWWtZa1lq1V
rRWtVa1VrVWtVaUVpRWlFaUVpRSc05zUnNOc05TTnNOU05STjJOEUoyShFKMUoQR
hFKEUXxRdBB70HwQfBB0EGuPa49z0GvQY49bTmOPY49jTlsNSotKi0qLSotKi0pL
e85zjnvPhBCED3OPhBGMUYxRjFGEEIxRlJKUkoxRlJKckpzTlJKUkpTTnNOk06TT
pNOck5ySpRSlFKTUnNOlFK0VrVWtFaTUrRWtFa1VpNSlFLVVtVa1Vq0VrRW1Vr2W
tZatFbVWtZa9lr2WvZa1VbVVvZa9lr2WtVW1Vb1WvZa9lrVVtVa9lr2WvZa1VrVW
vZa9lrWWrVWtla2WtZatVa1VrVWtVa1VrRWtFaUVpRWlFZ0UnNSc05zTnNOc05zT
lNOUk4xShFGMUoxSjFKEEYQShBF8EXvQe9B8EHQQc9Brj2OPc9Br0GOPW05bjmOO
W05TDUKLQotCi0qLSopCSnvOc417z4QQhBB7z4QQjFGMUYxRhBCMUZSSlJKMEZSS
nNOc05SSlJKc06TTpNOk06TTnJOck6TUpRSlE5zTpROtVa1VrRWk1K0UtRWtVaUU
pRStVbVWtVatFa0VtVa1lrWWrRW1VrWWvZa9lrWVrVW1Vb2WvZa9lrVVtVW1Vr2X
vZe1VbVWvZa9lr2WtVa1VrWWtZe1lq1VtZa1lrWWrVWtVa1VrVWtVa0VrRWlFKUU
pRSlFJzTnNSc05zTnNOc05TTjJKMUoxSjFKMUoxSfBGEEYQRfBFz0HPQc9B0EHPQ
a49jj2vQa9Bjj1tOW45jjltOUw1Ci0KLSoxKi0qLQopzjmuNe8+ED4QQe8+EEYxR
jFGMUYQQjFGUkpSShBCMUZSSnNOUkpSSnNOc06TTnNOc05yTnJKk1KUUpRSc06UU
rRWtVa0VpNStFK1VrVWlE6UTrZW1VbVVrRWtFbVWtZa1la0VtVW9lr2WvZa1lbVV
tVW9lr2Wvda1VbVVvVa9lr2WtVW1Vr2WvZa9lrVWtVa1lrWXtZatVa2VrZa1lq1V
rVWtVq1VrVWlVaUUpRSlFKUUnRSc1JzUlNSc05zTlNOU04ySjFKMUYxShFKEUXwR
fBGEEYQRc9Bzz3PQdBBz0GOOY49r0GPPY49bTmOOY45bTlsNQotCi0KLQotCikKK
c45rTXvPhBCEEHvPhBCMUYxRjFGEEJRRlJKUkoxRjJKUk5zTlJKUkpzTnNOc05zT
nNOckpySpNOtFKUUnNOlFK0VrRWtFaTUrRStVa1VpRSlFK1VtVa1Vq0VrRW1VrWW
tVatFbVWvZa9lr2WtZW1VbVVvZa9lr2WtVW1VbWWvZe9l7VVtVW9lr2WvZa1VrVW
tVa1lrWWrVW1lbWWtZatVa1VrVatVa1VpVWlFaTUpRSlFKUUnNSc1JzTlNSU05TT
lNOMkoySjFKMk4RShFJ8EXwRfFF8EXQQdBB0EXQQa9Bjj2NPa9Brz2OOW01jjmOO
W05TDUqLQotKi0KLQotCi3vPc457z4QQhBB7z4QQjFGMUYxRhBCUUZSSlJKMUYyS
lNOU05SSlJKckpzTnNOc05zTnNOUkqTTpRSlFJzTpRStFa0VrRWk1KUUrVWtVaUU
pRS1VbVVtVW1Fa0VtVa1lrVWrRW1Vr1WvZa9lr2VtVW1Vb2WvZa9lrVVtVW1Vr2W
vZa1VbVVvZa9lr2WtVa1VbWWtZa1lq1VrVW1lrWWrVWtVa1VrVWtVa1VpRWlFKUV
pRSlFJzUnNSc1JTUlNSU05STlJOMUoxSjJKMUoRRfBCEUYRRfBFz0HPQc9Bz0GvQ
Y49jj2vQa5Bjj1tOY05jTltOUw1Ci0qLSotKi0KLQop7zmuNe8970IQQe8+EEIxR
jFGMUYQQjFGUkpSSjFGUkZSSlNKUkZSRnJKc05zTnNOc05zTnJKk1KUUpRSc06UU
rRStFa0VpNSlFK1VtVWlE6TUrVW1VbVVrRWtFbVWtVa1Vq0VtVW1Vr2WvZa1lbVV
rVW9lr2WvZa1VbVVtVa1l72WtVW1Vb2WvZa9lrVVtVW1lr2WtVWtVa1VtVa1lq1V
rVWtVa1VrVWtVaVVnRSlFJ0UpRSc05zUlJSU05zTlNOUk5SSjFKMUoxSjFKEEnwR
hFGEUXwRc9Bz0HPQc9Bz0GuPY49r0GPPW45TTVtOW05bTlMNQotCi0KLQotCS0JK
e85rTXvPhBCEEHvPhBCMUYxRjFGEEIxRlJKUkoxRlJKUkpSSlJKUUpySnNOc05zT
nNOUkpSSpNOlFKUUnNOdFK0UrRWtFKzUrRStVa1VpROk1LVVtVW1Va0VrRS1VrVW
tVatFbVVvZa9lr2WtZWtVa1VtZa9lr2WtVW1VbVWtZa9lrVVtVW1lr2WtZa1VbVV
tZa1lrWWrVW1VbVWtZatVa0VrVWtVa1VrVWlFKTUpRSlFKUTnNOc05yTnJOc05TT
lJOMkoxSjFKMUoxShFJ8EXxRfBF8EHPQc9Bz0XQQc9BjjmOOa89jj1tOWw1bTltO
W05TDUKLQotKi0KLQotCSnuOa017zoQPhBB7z4QQjFGMUYxRhBCMUZSSlJKMUZSS
lJKckpRSlFGUkpzTpNOc05zTnNKckqTTpRSlFJzTpRStFK0VrRSk1K0UrVW1VaTT
pNOtVbVVtVWtFa0UtVW1VrVWpRS1VbWWvZa1lrVWtVWtVb2WtZa9lrVVtVW1lbWW
vZa1VbVVtZa1lrWWrZWtVbWWtZe1lq1VrVatVrVWrVWtFa1VrVWtVa1UpRSlFKUU
pRSk1JzUnNSU05TTlJOUk4yTjFKMUoxSjFKEUoRRfBF8UXxRfBFz0HPQc9Fz0GuQ
Y49jj2uQa5BjT1sNW05bT1sOUs1Ci0KLQstCi0KLQkpzjmtNc86ED4QQe86EEIxR
jFGMUYQQjFGUkpSSjFGUkZySnJKUkYxSlJKc0qTTpNOc05yTnJKk06UUpRSc050U
rRStFa0UpNSlFK0VtVWk06TUrRW1VrVVtRWtFLVVtVa1Va0UtVW1lbWWtZa1Vq1V
rVW1lrWWtZatVa1VtZW9lrWWtVW1Vb2WtZa1lrVVrVW1VrWWtZatVbVWtVatVq0V
pRWtVa1VrVWtVaUVpRSlFKUUpNSc05zTnNOc05TTlJOUk4yShFKEUYxShFKEUnwR
hFF8EXwQc89z0HPQc9BrkGOPY49rz2uPY45bTVtOW05bTlMNQotCi0KLQotCi0JK
c85rTHOOe8+ED3vOhBCMUYxRjFGEEIxRjFGUkoxRjFGUkpSSlJKMUZSSnNOc05zT
nNOUkpSSnNOk1KTUnJOk1K0UrRStFKTTrRStVK1VpNSk1K0VtVW1Va1UrRS1VbVV
tVWtFLVVtZW1lrWWrVatVa1VtZa1lr2WtVWtVbWVtZa1lq1VrVW1lrWWtZatVa1V
tZW9lrVWrRWtVa1WrVatFaUVrVWtVa1VrVWlFZ0UpRSlFJzTnJOc05yTlJOUk5ST
lFOMUoRShFKEUoRShFF8EIRRfBF8EHPPc9Bz0HPQc9BjjmOOa89rj2OOW01bTltO
Uw5TDUKLQotCi0KLQotCSnOOa01zj3vPhBB7z4QQjFGMUYxRhBCMUYxRlJKMUYxR
lJKUkoxRjFGUkpSSnNOc05zTnJKckqTTpNSk1JyTpNStFK0UrRSk06TUrRWtVaTU
pNStFa1VtVWtFa0UtVW1VbVVrNS1Vb1WtVa1VrVWtRWtFbVWtZa1lq1VrVW1lrWW
tZatVa1VtZW1lrWWrZWtVa2VtZa1lq1VrVatVa1VpRSlFK0VrVWtVa0VpRSlFKUU
pNSc1JyTnNOUk5STlJOUk4yTjFKEUoRRhJKEUYRRfBCEUHwRfBFz0HPQc9Bz0GuP
Y05jjmvQa49jTlsNW05bTlMOUwxCi0KLSotKi0qKQkpzjmsNc457z4PQe4+EEIxR
jFGMUYxRjFGUkpSSjFGMUZSSlNKMkoxRlFKck6TTpNOc05zTnJKc06UTpROc0qTT
rRStFK0UpROlFK0VrRWk1KTTrRW1VbVVrRWtFLVVtVW1Va0UtVW1VrVWtVa1Va0V
rRW1VrVWtZatVa1VtVa1lrWWrVWtVrWWtZa1lq1VrVWtlrWWtZatVa1VrVWtVqUV
pRWlFa0VrRWtFKUUpNOlFKTUnNSU1JzTlNOUk5STlJOUU4xSjFGEUYRShBKEEXwQ
hBF8EXwRc9Bz0HwQc9Br0GNOY45jz2OOW45TDVtOW01bDVMNSotCi0KLQotCi0JK
e41rTHONe8+EEHvPe8+MUYxRjFGEEYxRjFKUUoxRjFGUkpSSjFGMUZSSnNOc05zT
nNKU0pSSnNOk06UUnNOk060UrRStFKTTpNStFa0VpNSk060VtVW1Va0UrRS1VbVV
tVWtFLVVtVa1VrVWrVWtFa0VtVa1VrVWrVWtVa1WtVa1Vq0VrVWtlrWWtZatVq1V
tZa1lq1WpRWtVa1VrVWlFKUUpVWlVaVVpRWlFJzUnNSc1JyUnJOck5SSlJOUk5RT
lJOMkoRRhFGEUYRRfBF70HwRfBB8EXPQc9Bz0HPQa89jTmOOY45jj1tOUw5bTltO
W05TDUKLQotCi0qLSotCSnONa0xzjoPPg9B7znvPhBCMUYxRhBCMUYxRlJKMUYxR
lJKUkpSSjFGUkpyTnNOc05yTnJOUkpzTnNSk1JySnNOlFKUUpRSk1KTTrRWtFZzT
pNOtFLUVrRWtFKUUrVW1VbVVrNStFbVVtVatVa0VpRWtFLVVtVW1Va0UrRStVa1V
tVWtVK1VtVa1VrVWrVWlFa1VrVWtVaUUrVStVa1VpNSlFKUUrVWlFaUUnNSck5zT
nNOc05SSlJKMkoySlJKUkoySjFGEUYQRhFKEEXwQc9B8EHQQc9Brz2vPa9Br0GOP
Y05jTmOOY05bTlMNW05bDlMNSsxCizqLQotCi0JLOglzjWtMa017jnvPc45zjoQQ
jFGMUYQQhBCMUYxRhBCEEIxRlJKUkowRjFGUkpyTlJKUkpSSjFKUkpyTnJOckpyS
nNKc05zTnJKckpzTpNOckpyTpNStFa0VpNSc06TUrVW1VaTTpNO1FbVWtVWtFa0V
pRSlFK0UtVW1Fa0VrRStVa1VrRStFK0UrVWtVa1VpRSlFK1VpRSlFKUUrVWtVaUU
nNOlFKUUpRSc1JzTlJOUk5STjFKUkpRSlJKUkpSSlJKUkoxRhBGEUYRShFFz0HPQ
fBB70HPPc89rz2uPa49jj2OPW05bTltOWw5bTltOUw1KzErMQotCi0KLQos6SjHI
aw1zjWuNc45zznPOc86EEIxRjFGEEIQQjFGUUZRRhBCMUZSSlJGMkYxRlJKc05zT
lJKUkpzTnNOckpSSnNOc05zTpNOk1JzTpRSlFK1VnNSk1K1VtVW1Va1VrRSlFK1V
tVW1Fa0UrRS1VbVWtVWtFa1VrRWtVa1VrVWtVa1VrVWtVa1VrZatVa1VrVWtVa1V
rVWtVa1VrVWlFKVVpVWlFaUUpRSlFKUUpRWlFJzTnNSc05STlJOck5STlJOUk4yS
jJKMUoxSjFKEUoRRfBF8EYQRfBF70HPPc89rj2vPa89rz2NOa49jj2OPW05TTltO
Ww5TDUKLSotKi0qLOgkyCWLLc41zjnvOe897z3vPhBCMUYxRjFGEEIxRlFKUUowQ
jBCUkpSSlJKMUZRSnNOc05SSlJGc05zTlJKUkpzTpRSlFKUUpRSk060UrRStFKTT
pNOtFK0UrRWtVa0VrRStFK1UrVWtFKUUrVW1Va1VrRStVK1VrVWtVa1UrVWtVbVW
rRWtFK1VrVWtFaUUrVWtVa1VrVWtVq1VpRSlFKUUpRSdFKUUpRSlFKUUnRSc05zU
nJOck5SSlJKUkpSTjFOMU4xShFKEUoRShFF8EHwQfBB8EXwRc9Bz0GuPY49rj2uP
a49bTWOOY45jjlMNUw1TDVMNUw1Ci0KLSotCijoJOgljC3ONc417jnvOc85zzoQP
hFCMUYwQg8+MUYxRjFGEEIQQlJKUkpSSjFGMUZSSnJOUkoxRnNOc05yTlFKc06TU
pNSk1KTUnNOk060UrRWk06TTrRStVK0VrVWtFa0UrRStVK1VrRSlFK0VrVWtVaUU
rRW1Va1VrVWlFKVUrVWtVaVUpRStVK1VrVWlFa1VrRWlFa1VrRWlFZ0UnRSlFKUV
nNSc1JzUnNSlFJzUnJOc05zTnJKUkpSSlJKUk4yTjFKMUoxShFKEUnxRfBB8EXwR
fBF8EXPQc9Brz2OPa89jj2OPW05jj2OPY49TDVMNUw5TDVLNQotCi0LMQosyCToJ
WsprjXOOc45zjnOOc46ED4QQjBCEEHvPhBCMUYxRhBCEEJRRlJKUkoxRjFGUkpyT
lFKUUZyTnNOc05SSpNOlE6UUpRSk05zTpNOtFK0UpNOk060UrRStFa0VrRWtFK0U
rRStVa0UpROtFLUVrRWk1KUUrRWtFa0VpRSlFa0VrVWlFKUUrVWtFKUUpRSlFKUU
pRSlFKUUnNOc05zTnNOc05zTnNOc06TUnNSc1JSTlNOU05STlFKUkpSTlJOUk4xS
jFKMUYRRhFGEEHwQfBB8EXQRdBFz0HPQa5Bjj2uPa49jT1tOW45bj1tPUw5TDlMO
Uw5KzUJLQotKy0KLOgk6CVrKa0xzjXOOc45zjnOOe8+EEIQRhBB7z4QQjFGMUYQQ
hBCMUZSSlJKMUYxRnNKc0pSRlFGck5zTnNKUkpzTpROlFKTUpNOc06TTrRStFKTT
pNOtFK0UrRStFK0UpNSk1K0VtVWtFKTTpRStVK0UpNOlFK0UrRStFKTUpRSlFK0U
pNSk06UUpRSlFJzTpNOk05zTnNOc05zTlJKUkpSSlJKUkpSSnNKc05zTnNOUkpyT
nJOUk4ySlJKUkpSSlJKMUoxSjFGMUYRRhBB8EHwQfBF8EHwQc9Br0GvPY49rz2uO
Y45bTVuOY45jTlMNUw1TDlMNUw1Ci0KLQotCizoJOglaymtMc417znOOc45zjnvP
hBCEEIQQe8+EEIxRjFGEEIQPjFGUUpRSjFGMUZSSlJKUUYxRnNOc05zTlFKc06TU
pNSk1KTTnJOc060UrRSk06TTrRStFK0UrRStFKUUpRSlFK0VpRSk060UrRStFKTT
pNSlFK0UpRSc06TTpNSk1KTTnNKk05zTnNOc0pzTnNOc05ySnNOUkpSSlJGMkYxR
jFCMUJSQlJGckpSTlJKc0pSTlJKUkpSSlJKUkpSSjFKEUYRRhFGEUYQQfBB8EHwQ
fBF8EHPQc9Brj2uPa89rj2OPWw5bTltOW05TDVMNUw1TDVLMOotCi0LLQooyCToJ
WsprTHONe45zjnOOa057z4QQhBCEEHvPg9CMUYxRhBCEEIxRlJGMUYxRjFGUkpSS
lFGMUJyTnNOckpRRnJKk06TTpNOc05zSpNOtFK0UpNOk06UTrRStFK0UrNSk06TU
pRStVaUUpNOk1K0UrRSk06UUpRSlFJzUnJOck5yTnJOUUoxRnNOdFIQSc5BzT4QR
jFKMUoxSjFKMkoyRjFCMT5RPlFCcDZPLk8ucDJySlJOUk5RSjFKMUpSTlJKUkoxR
hFGEUYRRhBF8EXwRfBF8EHQQdBBzz3PQa49rj2uQa49jj1tNW45bTltOUw1TDVMO
Uw5SzUJLSotCi0JKOgk6CVqJa0xzjXONc45zjmtOe8+EEIQQhBB7z3vQjFGMUYQQ
hBCMUYxRjFGMUYxRlJKUkoxRjFGc05zTnNOUUZyTpNOk05zTnJOUk5zTpRStFKTT
pNOk1K0UrRStFK0UpNSk1KUUrRSlFJzTpRSlFKUUnNOc1JzTpNOck5SSlFKUUZRR
lBGDz5RRpRSUk4xTe9JzkXNRg5CUD5xQpFCkUKQPm4ySyJLJksmbCpwQnJKck5SS
lJKMkoxRjJKMUoySjFKMUYRRhFGEUXwRfBF8EXwQfBB8EHPQa89rz2uPY45rj2uP
Y49bDmNOY05bTlMNUw1TDVMNSsxCi0KLSotCizoJOglayWtLc4xzjXOOc45zjXvP
hBCMUYQQe8+EEIxRjFGEEHvPjFGMUZRRjBCMUZSSlJKUUYxRlJKck5ySlFGckpzT
nNOc05ySlJOc06UUpRWc1JyTpNSlFK0UrRStFKTTpNOtFK0UpNSc06TTpNSk05yT
pJOck5zTlJOUUpRRjBCMEYwQe46D0K0UrRStFK0UrRSk1JySpFKkUqRRpBGkEaRR
pFGkUpxSpJOkk6SSnJKckpxSlFGMUZRSjFKMkoxShFGEUYRRhFGEEXwRfBB8EHwQ
fBBz0GvPa89jj2OPY49jj1uPU05bTltOW05TDVMNUw1TDUrMQktCi0KLQos6CToJ
WolrC3ONc45zjmuOc457z4QQjFGEEHvPe9CMUYxRhBCEEIxRjFGMUYQQhBCUkpSS
jFGMEJSSnJKckoxRlJKc05zTnNOUk5SSnJKlFKUUpNOc06TUpRSlFKUUpROk06TT
pRStFKTUnJOk06TTpNOckpySnJKckpSSjFGMUYQQhBCD0HuOcsyzCrsKswqyyrMJ
ssmyybKHska6RrJFsgayBrIGscWqBapGqkaqRqIGogWiBpoGi0uMUoxSjFKMUYQR
hFGEEYQRfBB8EHwQfBB8EHvQc9Brj2uPY49jj2OPY05bTlMNW05bTlsOUw1TDUsN
Sw1KzEKLQotCi0KLMgk6CVqJawtzTXONc45zjnOOe8+EEIQQhBBzjnvPhBCMUYQQ
hBCMUYxRjFGEEIQQjFGUkoxRjBCUkpSSnJKMEZSSnNOc05zTnNKUkpySpRSlFJzT
nNOk06TUpRSlFKUUpNOk06UUpRSk05yTnNOk05zTnJKUkpSSlJKUUYxRjBGEEIQQ
fA9zjmJJsUW5RblFuUWxRbGFsUWpRLFFsUWxRbFFsUWpRalEoQOhRKFEoQShBKEE
mQSYxIqJjFKMkoxSjFKEEYQRhBGEEXvRe9B70HvQfBBz0HPPa49rj2uPY49jj1uP
W05bDVtOW05bDlMNUw1TDVMMSsw6i0KLQos6SjIJMglSimMLa01zTXOOc45zjXvO
hA+EEIQQe897z4QQjFGEEIQQjFGMUYxRhBCEEIxRlJKMUYQQlJKUkpSSjFGUkpzT
nNOc05TTlJKUkqUUpRSk05zSnNOk1KUUpRSdFJzTnNOk1KUUpNOckpySnJOck5SS
lJKUUpRRjFGMEIwQg8+D0IPPc45iSqlFsUWxRbFFsUWxRbFEqQSxRbFFqUWpBakE
oQSpBKDDoQShBKEEoQSZBJkEkQSCiYRRjFKMUoxRhFGEEYQRhBF70XPQc9Bz0HPQ
c9Bz0GvQa49rj2OOY49bTltOUw1bTltOW05TDVMNUw1TDUrMOotCi0KLQkoyCDIJ
WoljDHNNc41zjXNNc01zjnvPhBCEEHvPhBCEEIxQhA97z4xQjFGMUYxRhBCUUZSS
jFGEEJSSlJKUkoxRlJKc05zTnNOU05SSlJKk06TUnNOck5zTpROlFKUUpNSc05zT
pNSlFKTTnJKckpySnJOUUpRSlFGMUYxQjFCEEIPPe897j3OOYkqxBLFEsUWxRbFF
sUWxRbFEqUWpRKlEqUShBKEEoQSYw6EEoQSZBJkEmQSZBJDEgkmEEYxSjFKMUoQQ
hBGEEXwRfBB70HPQc9Bz0HPQa5Brj2uPY49jjmOOW45bTlMNW05bTlsNUw1LDVMN
Sw1CzDqLQotCi0JKMgkyCVKJYwtzTXNOc41rTWtNc457z4QQhBB7z3vPhBCEEHvP
e8+EEIxRjFGMUYQQlJKMUYxRhBCUUZSSlJKMUZSSnNOc05zTnNOUkpSSnNOk05zT
nJKc06UTpRSlFKTUnNOc06TUpNSc05ySnJKckpySlFGMUYwRjFGMEYwQhBB7z3vP
c45zTWIJqQWxRbFFsUWxRLFFsUWpBKlEqQSpBakEoQShBKEDmMOhA5kEmQOZBJkE
mQSQxIJIhBGMUYxRjBGEEIQQhBCEEHvQe9Bz0HPQc9Bz0HOPa49rj2NOY05jT1tO
W05TDVtOWw1bDkrNSw1LDUsNQsw6i0KLQos6ijIJMgpSiGMLa01zjXONa01rTXOO
e897z3vPc457z4QQhBB7z3vPhBCMUYxRhBCEEIxRjFGMUYQQjFGUkpRRjFGUkpzT
nNOc05yTlJKUkpzTnNOckpSSnNOk1KTTpNSk05yTnJOk06TUpNOUkpSSlJKUkoxR
jFGMUIwQjBCMEIQQe897z3OPa01aCakEsQSxRLFEsUSxRKlEqQOpBKkEqQSpBKEE
oQShBJjDmQSZBJkEmQSZBJkEkMSCSYQRhFGEUoRRfBB8EHwQfBBz0HPQc5Bz0GvQ
a9Br0GOPY49jj2NOY05jTltNUw1bTlsOUw1KzFLNUw1SzUrMQkpCi0JLOksxyTIJ
UkliymtNa01rjWtNa01rTXvPe8970HOOe8+EEIQQe897z4QQjFGMUYQQg8+MUYxR
jFGEEIxRlJKUkoxRlFKckpyTnJOUkpSRlJKc05zTnJOUkpzTpNSk06TTpJOc05ST
nNOc1JzTlJKckpSSlJKMUYxRjBGMEYQQhBCDz3vPe897jmtNWgmhBKlEsUWxBakF
qQSpBKDDqQSpBKkEqQShBKEEoQSYw6DDmQSZBJkDmMORA4jDekeEEIwRjFGEEXwQ
fBB8EHwQc9Bz0HOQc9Bz0GvQa9Bjj2OPY49bj1uOW05TTVMNW05TTlMOSw1KzUrN
SsxCjDpLQoxCSzpKMckyCVJJWotrDWtNa01rTWNNc457z4QQhBBzjnOOhBCEEHvP
e8+EEIxRjFGEEHvPjFGMUYxQhA+MUZSRlJKMEZRRnJKckpySlJKUkpSSnNOc05SS
lFKck6TTpNOk05yTlJOckpzTpNOck5SSlJKUkpSSlFGMUIwQhBCEEIQQfBB7z3uP
c45rTVoJoQSpRalEqQSpBKkEqQSgw6kEqQSpBKkEoQShBKEEmMOYw5jDmMSYxJDE
kMOQw4IIhBCEEYRRhBF8EHwQfBB8EHPQc9Bz0HPQc9Brz2uPY49jj1uPW45bTltO
U05TDVsOUw1TDUrMUs1TDUrMQow6S0KLOks6SjIIOglKSFrKYwxrTGtNa01rTXOO
e897z3vPc45zjoQQhBB7z3OOhBCMUYxRhBB7z4xRlFGMUYQQjFGUkpSRjBCMUZSS
lJKUkpSSjFGMUZzTnNOUkoxRlJKc05zTnNOc05SSlJKU05zTlJKUkpSSlJKUkoxR
jBGEEIQQg9B70HvPc45zjnONa01aCKEEqQSpBKkEqQSpBKEEoMShBKEEoQShBKEE
mQSZA5DDkQOYw5jDkMOQw5DDiMOCCIQQhFGEUYQRe9B8EHwQdBBzz3PPc89zz2vP
a89jj2OPY49jT1tOW05bTlsNUw1bTlMNUw1KzErNSw1KzUKMOktCi0KLOkoyCTIK
SkhSymNMa01rTWtNa01rTXvPe897z3OOc457z4QQfBBzjoQQhBCEEIQQe8+MUYxR
jFGEEIxRlJKUkoQQjFGUkpSSlJKMUYxRlFGc05zTlJKMkpSSnNOc1JzTnNOUkpSS
lJOc05SSlFKUUpRSlFKMEYwQhBCEEIQQg897z3OOc45rTWMMWgmhBKkEqQSpBKkE
qQSpBKDDoMOgw6DDoQOgw5jDmMOQwpDDkMOQw5DDkMOQw4jDekiEEIRRhFGEEXvQ
e9B8EHwQc89zz3PPc9Bz0GvPY49jTmOOY05jTltOW05TTVMNU05TDVMNSsxKzUrN
SsxCjDpLQow6SzpKMgk6SkpIWopjDGtMa01rTGtMa017jnvPe89zjnOOe8+EEHvP
c457z4QQhBB7z3vPhBCMUYxRhBCMUZSSjFGEEIxRlJKUkpSSlJKMUYxRnNOc05SS
lJKckpyTnNOc05zTlJKUkpTTnNOU04xSjFGMUYxRjBCMEIPPg9CDz3vPe89zjnOO
c45rDVHImMOgw6EDoMOgwqDCoMKYgpjDmMOYwpDCkMKQwpDDiIKIgoiCiIKAwoDC
eMJ4gnpJfBCEEYQRfBFz0HvQfBB8EHPPa89zz2vPa9Br0GuPY05jjltOW05bTlsO
Uw1TDVtOUw1TDUrMSwxKzULMQos6S0KLQko6SjIJOkpKSFKKYwxrTWtNa01rDGtN
c89zz3PPa45zjnvPhA97z3OOe8+EEIQQe89zjoQQjFGMUXvPhBCMUYxRhBCMUJSS
lJKUkpSSjFGMUZSSnJOUkoxRlJKc05zTnNOc05SSlJKck5zTlJOMUoxRjFGMEYQQ
hBB7z4PPe897z3vPc45zjnNNawxRyJjDoQShBKEDoQOhA6EDmMKgxJkEmMOYw5jD
mMOYw5CCkMOQw4jDiMOIw4jDgMNySHwPfBF8EXwRc9Bz0XPQe9Brj2vPc89zz2vP
a49jj1tOY45bjltOW05bTlMOUw1bTlMNUw1LDEsNSw1KzEKLQktCizpLOkoyCTpK
SghSiWMLYwxjDWMNYwxjTXOOe457z3OOc457z3vPe89rTXvPhBCEEHvPe8+EEIxR
jFF7z4QQjFGMUYQQhBCUkpSSlJKUkoxRjFGUkpSSlJKMUYxRlJKUkpzTlJOUUpRS
lJOck5yTjFGMUYxRjFGEUIQQfA97z3vPc45zjmtNa01rTWMMUciYw6DEoMSgw6DD
oMOgw5jDmQOYw5jDkMOQw5DDkMOIg4iDiIOIg4iDiMOIhICDcghzz4QRhBF8EHPQ
dBB8EHQQa49rj2uPa89rz2PPY45bTWOPW05bT1sOWw5TDlMNUw5LDUsNSsxKzUrN
Ss1CjDpLQow6SzpKMgk6SkoIUopjC2NMY0xjDGMMYw1zjnOPe89rjnOOe898EHvP
c057z4QQhBCEEHvPhBCEEIQQe8+EEIxRjFF7z4QQjFGUkpSSlFGMUYxRlJOUkpSS
jFGUkpSSlJKUkpSSjFGMUZSSlJKUkoxRjFGMUYxRhBCEEHvPe89zjnOOc45rTWtN
YwxjDEnIkMOZBJkEmMOYw5jDmMOYgpjDmMOZA5jDkMOQg4jDiIKIw4jDiIOAg4CD
gIN4g3IIe898EHwRe9Bzz3PPc9Bz0GuPa49rkGvPY89jj2NPW05jTltOW05TDVNN
Uw1TDVMOUw1LDELMSsxKzULMQos6S0KLOoo6SjIJOkpKCVJJYstjC2MMYwxbDGMM
a01zjnOOa01rTXOOe897z3OOe8+EEIQQe89zjoQQhBCEEHvPhBCMUYxRhBCEEIxR
jFGMUoxSjFGMUZSSlJKMkYxRjFGUkpSSlJKMkoxSjFKUk5STlFKMUYxRjFGMUYQQ
e897z3vPe497j3OOa01rTWNNYwtJx2lEcYTCisrLoUaYxJjEkIOYxJCDugmIw4kD
kYaqipnIgQV4g4CDgIN4g5GHYMNqCXPPfBF8EXQQa89z0HPQc9Bjj2OPa89rz2OP
Y45jTltOY45bTltOUw1TDUsNUw1TDUsNSw1CzUrNSs1KjEKLQktCi0JKOkoyCTJK
SghSSVrLYwtjC2MLWstjDGtNc45zjmtNa01zjnvPe89rTXOPe9B70HvPc457z4QQ
hBB7z4QQjFGMUYQQhBCMUYxRjFGMUYQQhBCUkpSSlJKMUYxRlJKUkpSSlJKUUYxR
lJKUkoyRhBGEEYQRhBF70HvQe497j3OOc45rTWsMawxrDGLLScdxQ4FEqomSSZJJ
qw2SSpsNioubTpMNmw6SSpIHcQSBRZJKkkp6CHoIkkqCSVkEakl0D3wQfBB70GuP
c9Bz0HPQa09jj2vPa89rj2OOW05bTluOW05bTlMOUw1TDVMNUw1KzErNQs1KzUrN
SoxCizpLQos6SzILMgk6CkIISklay2LMYsxjDGLMYwxrTXOOc45rTWtNc457z3vP
a01zjnvPe89zjnOOe8+EEIQQc457z4QQhBB7z3vPjFGMUYxRhBCEEIQQlJKUkoxS
hBGMUZRSlJKUkpSSjFGMUYxSlJKMUoQQhBCEEIQQe897z3POc45zjnOOa01jDGMM
Ywxay0GHaUWBBbLKgcejTYpJq8+CSZuOesqTTaNOiYiRyImHigiSinoIgkmCSXoI
eglRBGpIc858EHwQc9BrjnPPc89zz2OOY45rj2uPY49jjltOW01jTltOW05TDlMN
Uw1TDVMNSsxKzUrNSs1KzUrMQos6SzqLOko6CTIJOgpCCEpJWstay1rLWstay1rL
a01rTWtNa01jDHOOe89zjmtNc457z3vPc45zjnvPhBCEEHOOe8+EEIQQe897z4QQ
jFGMUYxRhBCEEJSSjFGMUYQQjFGUkoxRjFGMUYxRhBGMUYxSjFGEEIQQfBCEEHvP
e89zjnOOc45rTWtNYwxay1rLWotBx4DCiQOhRbJIkUSaSIFEkgeJhrLLkceJhYlE
eMORhoEEgQSJRYFFgQSBRXkEaMNqSHOPe9B70HPPY45rz2vPa89bjmOOa45rjmOO
W45TTVNNW05bTlNOUw1LDUsNSw1LDUrMSsxKzErMSsxCi0KLOkpCSzpKOkoyCToK
QchKCFKKWstay1rLWstay2tNa01rTWMMYwxrTXOOc45jDGtNc85zz3OOc017jnvP
e89zjnvPhBCEEHvPe8+MUYxRjFGEEIQQhBCMUYxRhBCEEIxRjFGMUYxRjBGMEIQQ
jFGMUYRRhBCEEIQQhBB7z3uPc45zjmtNa01jDFrLYwxay1KKQYeIgpDDkMOQw5DD
kMOQw5DDkMOph4iDiIOIg4iCgIN4gniCeIJ4gniCeIJ4gnCCYghrjnPQc9Brz2OO
a49rj2uPY05jTmOPY45jjltOU01TDVNOU01TTUsNSw1KzUrNSs1CzELMQoxCzELM
Oow6SzpKQko6CjIJMckyCUHHScdSiVKKUopSilKKUopjDGMMa01jDGMMa01zjnOO
Yw1rTXOOc45zjWtNc457z3vPc45zjnvPe89zjnOOhBCEEIQQhBCDz3vPjBCMUYQQ
e8+EEIRRjFGMUYxRhBCEEIxRjFGMEHvPe897z3vPc45zjmtNa01rTWNMYwxaylrL
WstSikGHiIOQg5DDkMOQw5DDkIOIgoiCiIOIgoCCiIKAg4CDeINwgniCeIJ4gnCC
cIJwgmIIa01zz2vPa49jTmuPa89jjltNWw1jTVtNW05bDlMNSsxTDUsNSw1KzErM
SsxKzErMQoxCi0KLQotCizpLOgoyCTIJOgkyCSnIMgk5x0IIUklSilKKUopSilKK
YwxjDGtNYwxazGMNa01rTWMMY01zjnOOc45rTXOOc457z2tNa017z3vPa01zjoQQ
hBCEEIQQe897j4QRhBGEEHvPhBCMEIQRhBGEEIPQe9CEEIQQhBBzjnvPe897z3OO
c45rTWtNaw1jDGMLWstay1qLUopBh4iCkIKQg5CDkMOQwpCCiIKIgoiCiIKIgoBC
gIKAgniBeIJwQnCCcIJwgnCCcIJiR2NNa45rjmNNWw1jTWNOY05TDFMMWw1bTVsN
Uw1SzErMUsxKzErLQotCi0KLQotCijpKQko6SjpKOko6SjIJMgkxyTHIMYgphynI
OYc5x0pISklSSUpJSklKiVrKYwtjDFrLWstjDGtNa01ay2MMa01rTWtNYwxrTXOO
c45rTWtNc45zjmtNa017z3vPe897z3OOc46EEIQQe89zjnvPe8+EEIQQe897z3vP
hBCEEHvPc45zjnOOc45rTWtNYwxjDGMMWstay1KKUopKSUpJOYd4g4CDgMOAg4CD
gIOAg3iDgIOAg4CCgIJ4gnCCcIJwgnCCcIJwgnCCcIJwgmiCWgdjDGNNY01bDVLL
Ww1bDVsNSotKy1LMSstSy0qLQopCSkqKSopCiUJJQklCSUJJQkk6CDoJMgg6CToI
McgpxymHKYgphymHKUYphzmGOYdKCEoJSklKSUpJSklSilLKWspSikpJWstay1rL
UolSimMLYwtjC1rLYwtrTGtMWstjDGtNa01jDGMMc45zjnOOc45rTWtMe857znOO
a01zjnuPe497j3uOc45zjnOOc45zjmtNa01rTWtNa01jDFrLWstay1rLWopSSVJJ
SklKSDmGgMKIg4iDiIOQg4iDiIOAgoCCgIOAg4CDeIJ4gniCcIFwgnCCcIJwgnCC
cIJoglGGUopay1rLUspKilLLUstKi0JKSkpKSkpKQkpCSToJOghCCUIIOgg5yDnI
Ocg5yDHIMccxxymHKYcphymHIUYhRilGIUYhRSEFIUU5hjmGQchCCEIIQghCCEII
SklKSVKJSklKSFKKUopSikpJUklailrKWolSSVqKYstiy1KJWspjC2MLWspay2sM
awxjDGMMWstbC2tNa01rDGLLawxrTWtNa01rTWsNawxrTGtMY0xjC2MMYwtjDFrL
WstSilKKUopSiUqJSklKSUoISgg5RniCiIKIgoiCiIKIgoiCgEKIgoCCgIJ4wniD
eINwg3BCcIJwgnCCcIJogmiCaINJhUpJUkpKSkoJQglCCUJJQgk6CDoIOgg6CDoI
McgxyDHHMccxhzGHMYcxhylGKUYpRilGKUYpRiFGIUYhRRkFGMUhBSEFGMQYwxjE
MUQxRDmGOcY5xTnGOcY5x0HHQghKCEHHQcdJyEoJSghBx0IHSkhKSEpIQgdKSFKJ
UklKCFJIWopaiUpIUkhaylqKWopailKJUolaymLKWopSiVrKWstay1rKWspaylrK
WspaylrKUopSilKKUopSSVKJUkhSSVJIUglKCUnISchJyEHHQUZ4goiCiIKIgoiC
gIKAgniCgIKAgoCCeIJ4gniCeIJogmiCcIJwgmiCaIJggmCCQQQ5x0HIOcc5xzGG
OccxhjnHMYYxhjGGMYYxhjGGKUUpRSlFKUUpRSlEKUUhBCEEIQQhBCEEIQQhBCEE
GMQYxBDDGMMYwxjDEIMQgykDKQMxRDFDMUQxRDFEMUQ5hTmFOYU5hTlFOYVBhUGG
OUVBhkHGQcZBxUGFQYZKB0IHQcZBxkoHSgdBxUHGSgdKB0oHSgdCB0oHUkhSSEoH
SgZKR1IHUkhSSFIIUgdSB1JHUkhSCEoHSghKCEoHSgdKB0oHScdBx0HHQcZBhkGG
QYZBhzlFeIKAgoCDgIOAQoCCgIKAgXiCeIJ4gnCCcIJwgnCCaEJogmiCaIJogmiC
YIJgQkDDOUUxRTFFKUQpRDFEMUQpBCkEKQQpBCEEKQQpBCDEIQQhAyEDIMMgwxjD
IMMgwyDCIMIYwhiCGIIQghiCGIIYghiCEIEQghCCEEIowijCKMIowijCKMIowijC
KMIowijDMMIwwjDCMQMxAjECOQM5AzkDOQM5AzkDOQQ5BDkDOQM5QzlDOUM5Q0FD
QURBREFEQURBREFEQURBREFDSURJhEmESYRJRElDSYRJREmEQYRBhEFEQURBREFE
QUQ5BDlEOQQ5RDEDMQMxAzEDKMMxA3BCgIKAgoCCgIJ4gXiCeIJ4g3iCcIJwgnCC
cIJwgmhBaEJoQmhCaEJoQmhCYEI4wzEDMQIxAzEDMQMxAzEDKQMpAyjDKMMowyjD
KMMowijCKMIowiDCIMIgwhjCIMIYgRiCGIIYghiCGIIYghBCEIIQghCCEIEQQRBB
KIIogiiCKMIowijCKMIwwijCKQMowijCKMIowjDCMQIxAzEDMQMxAzEDMQMxAzkD
OQM5AzkDOQM5BEFDQQNBA0FDQUNBQ0FDQURBREFEQURJRElDSUNJQ0lESURBREFE
QURBREFEQURBRDkEQUNBQ0FEOUM5AzkDMQMxAzECKQIowyDDMMNwQoCCgIKAgoCC
gIJ4gniCeIJ4gniCcIJwgnCCcIFoQWhCaEJoQmhCaEJoQmBCQII5AzEDMQMxAzED
MQMxAzEDKMMowyjDKMMowyjDKMMowiDCIMIgwiDCIMIgwiCCGIIYghiCGIIYghiC
GEIYghiCEIIQghCBEEEQQSCCIIIogiiCKIIowijCKMIowijCKMIowijCMMIwwzDD
MMMxAzEDMQMxAzEDMQMxAzECOQNBA0EDQQNBA0FDQUNBQ0FDQUNBQ0FDQUNBQ0FE
QURBQ0lESURJRElESURJRElESURBREFEQURBREFEQUNBQ0FDOQM5QzEDOQMxAzED
MMMwwzDDcEJ4gniCeIJ4gniCcIJwQXCCcIJwgnCCaIJwQnBCYEJoQmhCaEJgQmCC
YIJgQjjCOQIxAzEDMQMxAzEDMQMpAykDKQMpAykDKQMowyjDKMMowijDIMMgwyDC
IMIgwhiCGIIYghCCGIIYghiCGIIYghiBGIEYgRBBEEEggiiCKIIogijCKMIowSjC
KMIowijCKMIowijCKMIowijDKMMowykDKQIxAjEDMQMxAzEDOQM5BEEDOQM5AzkD
QUNBQ0FDQURBQ0FDQURBREFEQUNBQ0FDSURJREFEQURBRElESURJREFEQURBA0FD
QUNBA0EDOQM5AzkDOQMwwzDDMMIxAnBCeIJ4gniCeIJ4gniCcEJwgnCCcEJwgnCB
cEJoQmhBYEJgQmBCYEJYgmBCWEJAwjEDMQMxBCkDMQMxAjEDMQMxAyjDKQMpAyjD
KMMowyjDKMMgwyDDIMIgwhjCGIIYghiCGIIQghiCGIIYghiCEIIQgRBBEEEQQRBB
IIIggiCCIMIowijCKMIowijCMMIowijCKMIowyjCKMMowyjDMQMxAzEDMQMwwzDD
MQMxAzkCOQM5AzkDOQM5BDkDOQM5AzkDQUNBQ0FEQURBREFEQURBREFEQURBREFE
QUNBQ0FEQUNBQ0FDQUNBQ0FDQUNBAzkDOQMxAzEDMQMxAjDCMMJoQXBCcEFwgXCC
cIFogWhBaEFoQWhBaEFoQWhBYEFYAWBBYEFgQWBBYEFYAVhBQMIxAjECMQMxAykD
MQMxAzEDMQMxAykDKQMpAykDKMMowyjDIMMggiDCIMIYwhjCGIIYghiCGIIYghiB
GIEQgRCBEIEQgRBBEEEIQSCBIIEggSCBIIIogijCKMIowjDCKMIowijCKMIowijC
KMIowjDDMQMxAzkDMQMxAzEDMQMwwjDCMMIxAzEDMQM5AzEDOQM5AzkDOQNBQ0FD
QUNBQ0FDQUNBQ0mEQURBREFEQURBREFEQURBREFEQUNBA0EDOQM5AzkDOQMxAzDD
MMMogiiCSABQAFAAUEBQAEgASABAAEAAOAA4ADgAOAA4ADgAOAA4ADgAOAA4ADAA
MAAwACjCMMIwwjDCKQIpAikCKQMowyjDKMMowyjDKMMpAyjDKMMowyjCIMMgwhjC
GMIYwhjCGMIYghiCGIIYQhiCEIIQgRCBEIEQQRBBEEEggSCBKIIogiiCKMMowijC
KMIowSjCKMIowijCKMMowijCKMIowjDDMQMxAzEDOQMxAyjCKMIwwzEDMQM5AzkD
OQM5A0EDOQM5AzkEQUQ5REFEQURBA0FEQURBREFEQURBREFEQURBQ0FDQUNBQ0FD
QUNBQ0EDOQM5AzkDMQMwwjECMMIowihBKEEoQChBKEAoQShBKEAoQChAKEAoQChA
KEAoQChAKEAoQSBAKEEoQShBKEEowjEDMQMxAykDMQMpAykDKMMowyjDKMMowyjD
KMMowyjDIMIgwiDCIMIgwiDCGMIYghiCGIIYghiCGIIYghCCGIIYghiBEEEQQRBB
IIEggSiCIIIogiiCKMIowijCKMIowijCKMIowijCKMIowijCKMMowyjDKQMpAykC
MQIxAjECMQMxAzEDOQM5AzkDOQM5AzkDOQM5Q0FDQUNBQ0FDQUNBQ0FDQUNBREFD
QURBQ0FDQUNBQ0FDQQNBQ0FDQUNBQ0EDQQM5AzkDOQM5AzECMMIwgTCAMIAwgTBB
MIEwgTCBMIEwgTCBMIAwgDCAMIAwgDCAMIAwgDCAKIEwgTCBMMIwwjEDMQMxAzED
MQMpAzEDKQMpAykDKQMpAyEDIMIgwiCCIMIgwiDCIMEYwhjCGMIYwxiCGIEYgRiB
GIEYgRiBGIEQgRCBEEEQQSCCIIIggSCBIMEowSDCIIIggiCCKMIowijCKMIowijC
KMIowijCKMMpAzEDMQMxAzEDOQMxAzEDMQM5AzkDOQM5AzkEOUQ5RDlEQUNBQ0FD
QUNBQ0FDQUNBREFEOUNBQ0FEQURBQ0FDQUNBQ0EDQUM5AzkDOQM5AzkDOQM5AjkC
OQI5AjjCOIE4gTiBOIE4gTiBOIE4gTiBOIE4gTiBOIA4gTiAOIE4gTiBOIEwgTCB
MIEwgjDCMQIxAzEDMQMxAzEDMQMpAykDKQMpAijDKMMowyjDIMIgwyDDIMMgwyDD
IMIgwhjCGMIYghiCEIIYghiCGIIYQhiCGIEQgRBBEEEggSCBIIEggSCBIIIggiCC
IIIgwiDCKMIowijCKMMowjDCMMIwwjEDMQMxAzEDOQMxAzEDMQM5AzkDOQM5AzkD
OQNBBEFDOUNBQ0FDQUNBQ0EDQUM5QzlDOUM5Q0FDQUNBQ0FDQUNBQzlDOQI5AzkD
OQM5AzkDOQM5AzkDOMM5AzkDOQI5AjjCOME4wTjBOMFAgUCBOIE4gTiBOIE4gTiB
OIE4gTiBOIE4gTBBMIEwgjCBKMEwwjDCMMMwwzEDMQMxAykDKQIpAijCKMIowyjD
KMMowyjDKMIgwiDCIMIYwhjCGMIYwhiCGIIQghiCGIIYghiCEIEQgRBBCEEQQRBB
IIEggiCCKIIowiDCIMIgwijCKMIowijCKMIowijCKMIowjDCMQIxAzEDOQMxAzED
MQMxAzFDMQMxAzEDOQM5AzkDOQM5AzkDOQM5AzkDOQM5AzkDOUM5QzlDOUM5QzkD
OQM5BDlDOUM5QzlDOUM5QzlDQUNBQ0FDQUNBQ0FDQUNBAkECQMJAwkDCQME4wTjB
OME4gTiBQIE4gTiBOIA4gTCBMIEwgDCBMIEwgTCBMMEwgTCBMIIwwjDCMMIpAikD
KQMpAykDKQMpAykDKQMpAyjDKQIowijCIMIYghjCIMIgwhiBGIIYghiCGIIYgRiB
GIEYgRCBEEEQQRBBEEEQQSCBIIEgwSjBKMIogijCKMIowijCKMIpAijCKMMowijC
KMIwwjDCMMMwwzEDMQMxAzEDMQMxAzEDMQMxAzEDMQM5AzkDOQM5AzkDOQM5A0FD
OQM5QzlDOUNBQ0FDQUNBQ0FDQUNBQ0FDQURBREFDQUNBQ0FDQUNBQ0FDQUNBQzlD
OQM5AjkCOMI4wTjBOME4wTiBOIE4gTiBOIE4gTCBMIEwgTCBMIEwgTCBMIIwgTCB
MIEwgTDCMMIxAjECMQIwwijCKMIpAijCKMMowijDKMMowyDCIMIgwiDCGMIYghiC
GIIYghiCEIIYghiCGIIYghiCEIIQghBBEEEQQRBBEEEggSCBIIEggSCCIMIgwijC
KMIowyjCKMIowijCKMIpAikCMQIxAjEDMQM5AzEDMUM5AzkDOQM5AjkDOQM5AzkD
QUM5QzlDOUM5RDlDOUM5QzlDOUNBQ0FDQUNBQ0FDQUNBQ0FDQUNBQ0FCQUNBQ0FD
QUNBQzkDQQNBAzkDOQM5AzkDOMI5AjjCOMI4wjjCOMI4wTjBOME4wTiBOMEwgTCB
MIEwgTCBMIEwgTCBMIEwgTCCMIIwwjDCMMIwwykDKMMowijCKMMowyjDKMIowijD
KMMgwyCCIMIgwhjCIMIYgRiCGIIYghiCGIIYghiCGEEYgRCBEIEQQRBBEEEIQBBB
IIEggSCBIIEowijCKMIowijCKMIowijCKMIowijCKMIpAikCMQIxAjECMQMxAzED
OQMxAzEDMQMxAzkDOQM5AzkDOQM5AzlDOUM5QzlDOUM5QzlDOUQ5RDlDQUNBQ0FD
QUNBQ0FDQUNBQ0FDQUNBQ0FDQUNBQ0FDQUNBA0EDOQI5AjkCOQI4wTjCOMI4wjjC
OME4wTjBOMEwwTCBMIEogTCBMIEwgSiBMIEwgTCBKIEogSjCMMIwwjDCMMIowijC
KMIowijCKMIowijCIMIgwiDCIMIgwSDCIMIgwiDCIMIYghiCGIIYghiCGIIYghiB
GIEYgRCBEIEQQRBBCEEQQSCCIIIggSCBKIEowiiCKMIowijCKMIowijCKMIowijC
KMIowjECMQIxAzEDMQM5AzEDMQM5AzkDOQM5QzkDOQM5AzkDOUM5QzlDOUM5QzlD
OUM5Q0FDQUNBQ0FDQUNBQ0FDQURBQ0FDQUNBQ0FDQUM5AjkDOQM5AzkDOQM5AzjD
OQM5AzkCOMI4wjjCOMI4wjjCOMI4wjjBOMEwgTCBMIEwgSiBMIEwgTCBMIEwgSiC
MIIwwjDCMMIowijCKMMowijCKMIowijCKMIowiDCIMIgwiDCIMIgwiDCIMIgwiCC
IIIggiCCGIIYghiCGIIYgRiBGIEQQRBBEEEQQQhBEEEggSCBIIEggSCBKIIggiiC
KMIowijCKMIowijCKQIowijCKMIwwjDCMMIxAjECMQIxAjECMQIxAzEDMQMxAzED
MQM5AzkDOQM5AzkEOQM5AzkDMQM5AzkDOQM5AzkDOUM5AzkDOUM5QzlDOUM5QzlE
OUMxAzkDOQNBAzkDOQM5AzDDOQI5AjkCOME4wTjBOMI4wjjCOMI4wjjCOMEwwTDB
MMEwwTDBMMEwwTDBMMEwwTDCMMIwwjDCKMIwwyjCKMIowiDCIMIgwiDCIMIgwiCC
IMIgwiDCIMIgwiDCIIIgghiCGIIYghBCEIEQgRCBEIEQQRBBEEEQQRBBEEEQABBB
IIEggSCBIMEgwiDBIIEowijCKMIowijCKMIowzDCKMIowijCKMIowijCMMIwwjEC
MQMxAzEDMQMxAzECOQMxAzEDMQMxAzEDMQMxAzkDOQM5AzkDOQM5AzkDOQM5AzkD
OQM5AzlDOUI5QzlDOUM5QzlDOQM5AzlDOUNBQzkCOQI5AzkDOQI5AjECOMI4wjjC
OME4gTjBOME4wTDBMMEwwTDBMMEwwTCBMIEwgTDBKMEowSjCKMIowijCKMIowijD
KMMowijCKMIowiDCIMIgwiDCIIIgwhjCIMIYghiCGIIYghiCGIIYgRiBGIEYgRiC
EIIQQRBBEEEQQRBBEEEQQSCBIIEggSCBIIEggiiCKIIowijCKMIpAijCIMIowijC
KMIowijCKMIwwjDCMMIxAjEDMQMxAzEDMQMxAzEDMQMxAzEDMQMxAzEDMQM5AzkD
OQM5AzkDOQM5AzkDOQM5AzlDOUM5QzkDOUM5QzlDOQM5AzkDOQM5AzkDOQM5AjkC
OQI5AjjCOMI4wjjCOII4wTjCMMIwwTDBMMEwwTDCMMIwwjCCMIIogSjCKMIowijC
KMIowijCKMMowijCKMIowiDCKMIowijCIMIgwSDCIMIgwiDCIMIggiCCGIEYgRiB
GIEYgRiBGEEYgRCBGIIYgRCBEEEQQRBBEEEQQRBBEEEggSCBIIEYgSCCIIIggiCC
IIIowijCKMIowijCKMIowikDKMIowijCKMIowijDKMIowijCKQIpAjECKQIxAjEC
MQIxAzEDMQMxAzFDMQMxAzEDMQMxAzEDMQMxAzEDMQQ5AzkDOQMxAzkDOQM5AzkD
OQM5AzkDOQMxAzEDMQMxAzEDMQIxAjDCMMIwwjCCMMEwwTDCMMIwwjDCMMEwgTDC
MIIogSiBKIEogSiBKIEogSiBKMIowijCKMIowijCKMIowijCKQIgwiDCIMIgwhjC
IMIgwiDCIMIgwiDCIIIggiCCIIIggRiBGIEYgRhBEIEYgRCAEIEQQRBBEEEQQRBB
IIEggSCCIIIggiCCIMIowiDCIIIgwiDCIMIgwiDCKMIgwijCKMIowijCKMIowijC
KMIowijDKMIpAykDKQMpAykDKQMpAzEDMQMxAzEDOQMxAzEDMQMxAzEDMQM5QzED
MQMxAzkDOQM5AzkDOQM5AzkDMQIxAjECMQMxAzECMQIxAjECMMIwwTDBMMIwwjDC
MMIwwjCCMIEwwjDCMMEwwTDBKMEowSjBKMIogiiCKMIowijCKMIowijCKMIowijC
IMIgwiDCIMIgwiDCIMIgwiDCIMIgwSCCIIIgghiCGIIYgRiBGIEYgRhBGEEYQRhB
EEEQQRBBEEEQQBBBEEEQQSCBIIEggiCCIIIggiCCIIIggiCCIIIggiCCKMMgwiDC
IMIgwijCKMIowijCKMIowikCKMIowijDKQMpAzEDMQMxAzEDMQMxAzEDMQMxAzED
OQMxAzEDMQMxAzEDMQMxAzEDMQMxQzEDMQMxAzEDMQMxAzEDMQMxAzEDMQMxAzED
MQMxAyjCMMIwwjDCMMIwwjDCMMIwwjDBMMEwwjDCMMIwwjDCKMIowijCKIIowijC
KIIowijCKMIowiDCIMIgwiDCIMIgwiDCIMIgwyDCGMIggSCCIIIggiCCIIIgghiC
GIIYghiCGIIYghiCGIIYgRiBGEEYQRBBEEEQQRBBCEEggSCBIIEggSCBIIEggSDC
IMIgwiDCIMIgwijCKMIgwiDCKMIowijCKMIowijDKMIowijCKMIowijCMQIwwjDC
MMIxAzEDMQMxAzEDMQMxAzEDMQMxAzEDMQMxAzECMQIxAzEDMQMxAzEDMQMxAzED
MQMxAzEDMQMxAzEDMQIxAjECMQIwwjDCMMIwwjDCKMIwwjDBMMIowiiBKMIowiiB
KMEowiiCIIEogSiCKIIogiCCKIIgwijCIMIgwiDCIMIgwiDCIMIgwiDCIMIgwiCC
IIIggiCCIIIgghiCGIIYghiBGEEYgRiBGIIYghiCGIEYgRiBEEEQQRBBEEEQQRBA
IIEggSCBIIEggSCCIIIggSCBIIEggSDBIMIggiDCIMIowijCKMIowijCKMIowijC
KMIowzDDMMMwwzEDMMMxAjECMQIxAzEDMQMxAjEDMQMxAzEDMQMxAzEDMQIxAzED
MQMxAzEDMQMpAzEDMQM5AzEDMQMxAzEDMQMxAzEDMQMxAjECMQIxAjDCMMIwwjDC
MMIwwjDCKMIowjDCKMIowijCKMIowijCKMIowijCKMIowSDCIMIowijCKMIgwiDC
IMIgwiDCIMIYwiDCIIIggiCCIIIggiCBGIEYgRiBGIEYgRiBGIEYgRiBGIEYgRiB
GEEYQRhBEEEQQRBBEEEQQSCCIIIggiCCIIIggiCBIMEgwSDBIIEgwSDCIMIgwiDC
IMIowijCKMIowijCKMIowijCKMIowzEDKQMowijCKMIowijCMQMxAzEDMQMxAzED
MQMxAzEDMQMxAzEDMQMxAzEDMQMxAzEDMQMxAzEDMQMxRDEDMQMxAjkCMQMxAzED
MQIxAjECMMIwwjDCMIIwwjDCMMIwwjDCKMIowijCKMIowijCKIIogiiCKIIogiiC
KIIogiCCIMIgwiDCIMIgwiCCIIIggiCCIIIYgRiCIIIggiCCGIEYgRiBGIEYQRiB
GIIQgRiBGIEYgRCBGIEYQRhBGEEYQRhBEEAQQBBBEEE=
END m9
frame    86 :  a red cube~ +51.34*  a blue cube~ -25.50   led 255/  0 h1.00 lvl+12.92   MATCH a red cube~ (cos 0.160)
frame    87 :  a red cube~ +51.94*  a blue cube~ -25.37   led 255/  0 h1.00 lvl+13.29   MATCH a red cube~ (cos 0.162)
frame    88 :  a red cube~ +50.92*  a blue cube~ -24.68   led 255/  0 h1.00 lvl+13.12   MATCH a red cube~ (cos 0.147)
frame    89 :  a red cube~ +50.26*  a blue cube~ -24.09   led 255/  0 h1.00 lvl+13.09   MATCH a red cube~ (cos 0.147)
frame    90 :  a red cube~ +51.06*  a blue cube~ -24.32   led 255/  0 h1.00 lvl+13.37   MATCH a red cube~ (cos 0.160)
frame    91 :  a red cube~ +51.31*  a blue cube~ -25.04   led 255/  0 h1.00 lvl+13.14   MATCH a red cube~ (cos 0.157)
frame    92 :  a red cube~ +50.81*  a blue cube~ -25.13   led 255/  0 h1.00 lvl+12.84   MATCH a red cube~ (cos 0.150)
enrol     : a red cube~, level +12.60, scatter 4.85 (20 frames, visit 1 of 2)
frame    93 :  a red cube~ +50.77*  a blue cube~ -25.01   led 255/  0 h1.00 lvl+12.88   MATCH a red cube~ (cos 0.153)
frame    94 :  a red cube~ +50.14*  a blue cube~ -24.75   led 255/  0 h1.00 lvl+12.70   MATCH a red cube~ (cos 0.147)
frame    95 :  a red cube~ +50.34*  a blue cube~ -24.49   led 255/  0 h1.00 lvl+12.92   MATCH a red cube~ (cos 0.153)
frame    96 :  a red cube~ +51.64*  a blue cube~ -26.11   led 255/  0 h1.00 lvl+12.76   MATCH a red cube~ (cos 0.165)
frame    97 :  a red cube~ +50.44*  a blue cube~ -24.73   led 255/  0 h1.00 lvl+12.86   MATCH a red cube~ (cos 0.145)
frame    98 :  a red cube~ +50.00*  a blue cube~ -23.99   led 255/  0 h1.00 lvl+13.00   MATCH a red cube~ (cos 0.148)
frame    99 :  a red cube~ +50.86*  a blue cube~ -25.02   led 255/  0 h1.00 lvl+12.92   MATCH a red cube~ (cos 0.159)
background: after 30 frames (frozen, room spread), this room reads  a red cube~ -0.023 +-0.0035 (COCO -0.018 +-0.0701)  a blue cube~ 0.020 +-0.0035 (COCO -0.003 +-0.0644)
frame   100 :  a red cube~ +51.21*  a blue cube~ -25.07   led 255/  0 h1.00 lvl+13.07   MATCH a red cube~ (cos 0.157)
frame   101 :  a red cube~ +50.84*  a blue cube~ -24.74   led 255/  0 h1.00 lvl+13.05   MATCH a red cube~ (cos 0.151)
frame   102 :  a red cube~ +52.19*  a blue cube~ -26.19   led 255/  0 h1.00 lvl+13.00   MATCH a red cube~ (cos 0.167)
frame   103 :  a red cube~ +52.22*  a blue cube~ -25.83   led 255/  0 h1.00 lvl+13.20   MATCH a red cube~ (cos 0.159)
frame   104 :  a red cube~ +51.40*  a blue cube~ -25.44   led 255/  0 h1.00 lvl+12.98   MATCH a red cube~ (cos 0.150)
frame   105 :  a red cube~ +51.06*  a blue cube~ -25.29   led 255/  0 h1.00 lvl+12.88   MATCH a red cube~ (cos 0.152)
frame   106 :  a red cube~ +50.27*  a blue cube~ -25.20   led 255/  0 h1.00 lvl+12.54   MATCH a red cube~ (cos 0.147)
frame   107 :  a red cube~ +52.58*  a blue cube~ -25.97   led 255/  0 h1.00 lvl+13.31   MATCH a red cube~ (cos 0.175)
frame   108 :  a red cube~ +62.83*  a blue cube~ -35.74   led 255/  0 h1.00 lvl+13.54   MATCH a red cube~ (cos 0.262)
frame   109 :  a red cube~ +49.64*  a blue cube~ -23.06   led 255/  0 h1.00 lvl+13.29   MATCH a red cube~ (cos 0.064)
frame   110 :  a red cube~ +42.90*  a blue cube~ -16.50   led 255/  0 h1.00 lvl+13.20   MATCH a red cube~ (cos 0.082)
frame   111 :  a red cube~ +33.93*  a blue cube~ -9.60   led 255/  0 h1.00 lvl+12.16   MATCH a red cube~ (cos 0.037)
frame   112 :  a red cube~ +16.39*  a blue cube~ +10.01*   led 255/  0 h1.00 lvl+13.20   MATCH a red cube~ (cos -0.080)
frame   113 :  a blue cube~ +23.61*  a red cube~ +4.11*   led 255/  0 h1.00 lvl+13.86   MATCH a blue cube~ (cos 0.191)

enrol     : the next 20 frames are 'a blue cube~'. HOLD THE SCENE STILL until it lands.
frame   114 :  a blue cube~ +33.10*  a red cube~ -3.82   led 255/  0 h1.00 lvl+14.64   MATCH a blue cube~ (cos 0.198)
frame   115 :  a blue cube~ +38.68*  a red cube~ -9.04   led 255/  0 h1.00 lvl+14.82   MATCH a blue cube~ (cos 0.192)
frame   116 :  a blue cube~ +40.94*  a red cube~ -11.34   led 255/  0 h1.00 lvl+14.80   MATCH a blue cube~ (cos 0.178)
frame   117 :  a blue cube~ +42.93*  a red cube~ -12.97   led 255/  0 h1.00 lvl+14.98   MATCH a blue cube~ (cos 0.183)
frame   118 :  a blue cube~ +43.51*  a red cube~ -13.38   led 255/  0 h1.00 lvl+15.07   MATCH a blue cube~ (cos 0.176)
frame   119 :  a blue cube~ +45.89*  a red cube~ -15.41   led 255/  0 h1.00 lvl+15.24   MATCH a blue cube~ (cos 0.196)
frame   120 :  a blue cube~ +45.99*  a red cube~ -15.60   led 255/  0 h1.00 lvl+15.20   MATCH a blue cube~ (cos 0.182)
frame   121 :  a blue cube~ +46.97*  a red cube~ -16.51   led 255/  0 h1.00 lvl+15.23   MATCH a blue cube~ (cos 0.191)
frame   122 :  a blue cube~ +47.46*  a red cube~ -16.67   led 255/  0 h1.00 lvl+15.40   MATCH a blue cube~ (cos 0.189)
frame   123 :  a blue cube~ +48.99*  a red cube~ -17.93   led 255/  0 h1.00 lvl+15.53   MATCH a blue cube~ (cos 0.201)
frame   124 :  a blue cube~ +48.05*  a red cube~ -17.04   led 255/  0 h1.00 lvl+15.51   MATCH a blue cube~ (cos 0.182)
frame   125 :  a blue cube~ +48.28*  a red cube~ -17.76   led 255/  0 h1.00 lvl+15.26   MATCH a blue cube~ (cos 0.191)

snapshot  : frame 126, mean RGB 122 121 127
BEGIN m9 128 128 32768 99ae2f80
WohiyWLKUkdaiGtLa0trS2NLa0yED4RQhA97zoRQlJGUkYxRjFGUkpzTnNOc05zT
nNOUk50UnRSlFJzTpNOlFKUUpRSdFKUUpVWtVaUUpRSlVa1VrVatVaUUrVWtVa2W
pVWlVa2WrZatlq2WrValVa1WrZatlq2WpVWtVa1WrZatlqVVpVWtVq1WrZalVqVV
pVWtVa1VpRWlVaVVrValFZ0VpRWlVaVVpVWlFJ0UnRSdFJUUlRSdFJUUlRSdFJUU
lROU04zTjJOU04yTjJKEUoySjJKEUnxRfBF8UXxRfFF0EHPQfBB8EHQPa85rzmwP
bA9rz2OOW01jTVtNW41bTVqIYwpiylJIWolrC3NMa0trC2tMhA6EUIQQe8+EEJSS
lJKMUYxRlJKc05zTnNOc05zTlJKdE50UpRSc05zTpRSlFaUVnRSdFKVVpVWlVZ0U
pVWtlq2WpValFa1WrVa1VqUVpRWtVq2WrZatlq1WrRWtVq1WrZatlqVVrVatVq2W
rZalVaVVrZatlq2WpVWlVaVVrVatVqUVpRalVq1WpRWlFaUVpVWlVaVVnVWdFJ0V
nRWdFJ0UnRSVE5UUnRSdFJ0UlNOUk4yTlNSM04yThJKEkoSShFGEUXxRfFF8UXxR
dBBz0HwQfBBzz2uPa45zz3PQa9Brj1tNW01bTVtNW01aiGLKYspSSFKJa0trTGtM
awtrS4QPjFCEEHvOhFCUkZSSjFGMUZSSlJKc05zTnROU05TSnROlFKUUnNOc06UU
pRSlFKUUpRStVa1VpRWlFK1VtVatVq1VpRStVa1VrValVaVVrVatVrWWrZatVqUV
rVa1VrVWtZatVa1VrVW1lrWXpVatVq1WtZetlqVVpVWlla2WpValFaVWpVatlqUV
pRWlFqVWpValVp0VnRWdFZ0VnNWc1J0UnNSdFJ0UnRSVFJTUjJOMk5TUjNOEk4SS
hJKMkoSRhFF8UYRShFF8UXQQc898EHQQc9Brz2vOdBBz0GvPY49bTWNNY01bTVsN
UoljCmLKUkhSSGsLa0xrTGsLa0yED4xQhBBzj4QQjFGUkoxRjFGUkpzTnNOc050T
lNOU0p0TpVSlFJzTpROlVK1VrVWlFJ0UrVWlVaUUpRStVa1VrVatVaUUrVWtlq2W
rVWtVa2WtZa1l62WrVatFa1WrVatlq2WrVWtVa2WrZa1lqVVrVWtVq2XrZalVqVV
pVatlq1WpRSlFqVWrValFaUVpRalVqVWpVadFZ0UnRWdFZzUnNSdFJ0UlRSVFJUU
lRSM04yTjJOU1IzThJOEkoSTjJKEknxRfFF8UXxSfBF8EHPPfBB8EHPPa49rj3PQ
a9Brz2OOW01bTVtNW01bDVKIYstiylJIUkhrC2tMa0tjTGtMhA+MUIwQe4+EEJSR
lJKMUYxRlJKc05zTnNOc05zTnNKc06UUpRSc05zTpRStVa1VpRSlFK1VrVWlFKUU
rVWtVq1WrValFa1WrVatlqVVrVatlq2WtZa1lq1WrRWtVrVWtVatl61VrZatVrVX
tZatVa1VrVatlq2WpValVa1WrVatVaUVrVWlVq1WpRWlFaUVpVWlVaVVnRWdFZ0V
nRWc1JzUnRSc1JUUlRSVFJUUjNSMlIyTlNOMk4yThFKMk4yShJKEUnxRhFKEUXwQ
dBBz0HQRdBBz0GuPa49z0HPQa49rj1tNW01bTVtNWw1aSGrKaspSSFJIa0xrTGtM
a0xrTIQPjFCED3vOhBCMUpSSjFKMUZSSnNOc05zTnNOc05zSnRSlFK0UnNOk06UU
rVWtVaUUnRSlVa1VpVSlFK1VrVWtVq1VpRWtVq1WrZalVaVVrZatlrWWrVatVaVV
rZatlq2WrZatVa1VrVa1lrWWrVWtVbVWtZatlq1WrVWtVq1WrValFaUWrVatlqVV
pRWlFaVVpVWlVaVVnRSdFJ0UnRSdFJ0UnRSc1J0UnRSdFJTTlJOMk5TTjJOMk4RS
jFKMkoSRfFF8EYRRhFF8EHQQc898EHwQc9Brj2uPc9Bz0GuPY45bDVtNW01bTVNM
UkhiymLKWohSSGsLc0xrTGsLa0yED4xQjFB7zoQQlJGUkoxRjFGUkpzTnNOc050T
nNOU050UpRSlFJzTnROlFKVVrVWlFKUUrVWtVa1VpRStVbVWtZatVqUVrVWtVbWW
rVWtVbWWtZa1lrWWtZatVa2WrZa1lrWWrVatVa1WtZa1lq1VrVa1VrWWtZatVq1W
rVatVq1WpRWlVqVWrValFZ0VpRWlVaVVpVWlVZ0UnRWdFZ0UnRSdFJUUlRSdFJ0U
nRSU04zTjJKM04yTjJOEkoSSjJKEkYRRhFGEUYRRfFF0EGwPdBB0EHPPa89rj3PQ
c9Brj2OOW0xbTVtNW01bTVJIYspjClKIUkhrDGtMc0xrTGtMhA+MD4QPe86EUJSR
lJKMUYxRlJKc05zTnNOdE5zTlNOdFKUUpVSc050UpRStVa1VpRSlFK1VrVWlVKUU
rVW1VrWWrValFa1WrVW1lq1VrVW1lrWWtZe1lq2WpVWtlq2WtZa1lq1VrVWtVrWW
tZatVa1WrVa1lq2WrVatVa2WtZatlaUVpVWtVq1WpRWlFaUVpVWtVaVVpVWlFKUV
nRWdFZ0UnRSdFJ0UnRSdFJ0UlNSMlIyTjNSMk4yShFKEUoSShJJ8UXxRhFKEUnxR
dBBzz3QRdBF0EGuPa49z0GvPa89jjltNW01bTVtNW01aSGsLawtaiVJIawtrTGtM
a0xrTIQQjFCMUHvPhFCUkpzSlJKMUZSSnNOc05zTnROc05zTpRSlFKVUnNOdFKVV
rVWtVaUUpRStVa1VpRSlFK1VtZa1lq1WpRWtVrVWtZetVaVVrZa1lrWWtZatla1V
rZW1lrWWtZatVa1WrVa1l7WXrVWtVq1WtZetlq1VrVWtVa2WrZalVaVVpVatVqVV
pRWlVaVVpVWlVaVVnRSlVaUUnRSdFJ0UnRSdFJ0UnRSVFJTUjNOMk4zTjJOMk4RS
hFOMk4SShFJ8UXxShFJ8UXQQa890EHQQa89rjmuPdBBr0GuPY45bTFtMW0xbTFtM
Ukhiy2sLWohSiGtMc0xzTGtMa0uED4xQjFB7zoQQlJKUkpSSjFGUkpzTnNOlFJ0U
nROc050UpVWlVZ0UpRSlVa1VrVWlFKUUrVWtVaUUpRStVbWWtZa1lq1VrZa1lrWW
rVWtVbWWtZa1lrWWrZWtVbWWtZa1lrWWrVW1Vq1WtZe1lq1VrZWtlrWXtZatVq1W
rVa1V61WpVWlVq1WrValVaUVpValVaVWpValFZ0UpRWlFZzVnRSVFJ0UnRSdFJ0U
lRSU1IzUjJOM1IyTjJKEUYRSjJKEUoRSfBF8UoRSfFF0EGwPdBB0EGvPa89rj3QQ
a9Brj2OOW0xbTVtNU01TTFJIYwtrC1qIUkhrC3NMc0xrTGtMhA+MUIxQe8+EEJSS
lJKUkYyRlJKc05zUnRSdFJ0UnNOlFKUUpVWdFKUUrVWtVa1VrVWlFK1VrVWlFKUU
rVW1lrWWtZatVbVWtZa1lq1VrVWtlrWWtZa1lq2WrVW1lrWWtZa1lq1VtVa1VrWX
tZetVq2WrZa1lrWWrZatVq1WrZatVqUVpVWtVq1WpVWlVaVWpVatVqVWpVWlFKUU
pRSdFJ0UnRSdFJ0UnRSdFJUUlRSU04yTlNOMk4yThFKMk4yShJKEUYRRhFGEUYRQ
dBBzz3wQdBB0EGvPa850EGvPa49jjVtMW0xbTVtNU0xSR2sKawtiiVJIawxzTHNM
c0xrTIQPhFCMUHvPhBCUkZSSlJGMUZSSnNOc05zTpRSlFJzTpRSlFKUVnRSlFKVU
rVWtVaVVpRStVa1VpRSlFK1VtZa1lrWWrVW1lrWWtZatVa1VrVW1lrWWtZatVa1V
tZa1lrWWtZetVq1WrZa1lrWXrVWtVq1WtZa1lrVWrVWtVq2WrZalVaVVrVWtVqVV
pVWlVq1WpVWlVaUVnRSdFZ0VnRWdFJ0UnRSdFJ0UnRSdFJUTlNOM0pTTjNOMk4RR
jJKMkoSSfFF8UYRRfFF8UXQQbA90EHQQc9Brz2uPc9Br0GvPY41TTFNNU01bTVNN
UkdrCmsLYolSSGtMc0xzTGtMawyEEIxQjFB7zoQQlJKUkpSSlJKUkpzTnNOlFKUU
nRSc050UpVWlVZ0UpRStVa1VrVWtVaUUrVWtVaUUpRStVbWWtZa1lq1VtZa1lrWW
rVWtVa1VtZa1lrWWrZatVa2WtZa1lrXWrVWtVbVWtZe1l61WrVa1VrWWtZatVq1V
rVa1lq2WpVWtVq2WrZatVaUUpVWtVa1WpVWlFZ0UnRWlFZ0UnNSdFJ0UnRSdFJ0U
nRSU04zTjJKU1IzTjJOEUoSShJKEUnxRfFF8UYRRfFF8EHPQfBF0EHPQa89rz3QQ
c89rj2NOUwxbDVsNW01TDVJIawtrCmLJUohrS3OMc41rTGtMhBCMUIxQe8+EEJSR
lNKUkoyRlJKc05zTpRSlFKUUnNOlFKVVpVWlFKUUrVWtVa1VpRSlFK1VrVWlFKUU
rVW1lrWWtZWtVbWWtZa1lq1VrVWtVbWWtZa1lq1WrVWtlrWXtZa1lq1VrVa1lrWX
tZetVq1WrZa1lrWWrVatVa1WtZe1lq1VrVWtVq1WpVWlFa1VrVWtVa1VrRWlFaUV
pRWlFJ0UnRSdFJ0UnRSdFJUUlRSU04yTlNOM04yThFKEkoyShJKEUYRRhFGEUYRR
fBB0EHwRdBBz0GuPa49z0HPPa49jTlMNWw1bDVMNUwxSR2sLa0taylJIa0tzjXON
c41rTYQQhBGMUIPPhBCUkpSSlJKMUZSSnNOc06UUpRSlFJzTpRSlFK1VpRSlFK1V
rVWtVaUUpRStVa1VpRSlFK1VrVW1lrWWrVW1lrWWtZatVa1VtZa1lrWWtZa1Vq1W
tZa1lrWWtZatVbVWtZa9l7WXrVatVrWWtZe1l7VWrVatVq2WtZatVa1VrVatlqVW
pVWlVa2WrVatVa0VpRSlFaUVpRWdFZ0VnRSdFZ0VnRWdFZ0UlNOMk5TTlNOMk4RS
hJOMk4SShFF8UYRRhFJ8UXQRa9B0EXQRc9Brj2vPc9Bz0GuPY01TDFsMUwxbTVMM
UohrS3NMYwpSiGtMe417jXONc42ED4xRjFGED4QQlJKUkpSSlJGU0pzTpROlE6UU
pRSc06UUrVWtVaUUpRStVa1VrVWlFKUUrVWtVaUUpRStVbWWtZa1lq1VtZa1lrWW
rVWtVbWWtZa1lrWWtZatVrWWvde1lrWWrVW1lrWWtZa1lq1VrVa1lrWWtZatVq1V
rVa1lq2WpVWtlq1WrZatVaVVrVatVq1WrVatFaUVpRWlFaUVpRWlFZ0VnRWdFZ0V
lRWVFJTTjJOU1IzTjJOEkoSSjJKEkoRRhFGEUoRSfFF0EHQQfBB8EHPQa89jz3QQ
a9Brj1tOUw1TDVMNUw1TDVKJa0xrTGMLWolzTHvNe81zzXONhBCMUYxRe9CEEJSS
lJKUkoxRlJKc06UTpROlE6UUnNOlFK1VrVWlFKUUrVWtVa1VpRSlFK1VrVWlFKUU
rVW1lrWWtZatVbWWtZa1lq1VrVW1lrWWtZa1l7WXrVa1lrXXtZe1l61WtVa1lr3X
vdetVbWWtZa1lrWWtVatVbVWtZa1lq1VrVatlq2XrVWlFa1WrVatVq1WpRWlFaUV
pRWlFaUVpRWc1Z0VnRWdFZ0VlRSU1IyTlNSU04yThFKEkoySjFKEUXwRhFKEUXxR
dBBz0HwRfBF0EGuPa89z0HPQa49jTlMNUw1TTVMNUw1aiXNMa0xrTFrKc417znvO
e85zjYRQjFGMUXvQhBCUkpSSlJKMUZSSnNOlE6UUpRSlFJzTnRSlVaVVnRSlFK1V
rVWtVaUVpRStVa1VpRSlFK1VrVW1lq1VrVW1lrWWtZatVa1VtZa1lrWWtZa1lrWW
tZa1lrWWtZa1lrWWtZa9173XtZatlrWWtZa1lq2WrVatVrWWtZatVa2VtZa1l61W
rVWtVa1VrVWtVq1VpRSlFaUVpRWlFJ0UnNSdFJ0UnRSdFJTTlNOMkpTTlNOMkoRS
hJKMkoRShFF8UYRRhFF8UXQQc9B8EXwRc9Brj2vPbBBr0GvPW05TDVMNU01TDFMM
WopzjXuOa4xjC3ONe897z3vPc46EEIxRjFGEEIQQlJKUkpSSjFGUkpzTpROlFKUU
nNOc05zTpRStVaUUpRStVa1VrVWlFKUUrVWtVaUUpRStVa1VtZa1Vq1VtZW1lrWW
rVWtVbWWtZa1lrWWtZatVbWWtZa1lrWWtZa1lrWWtZa1lq1VtZa1l7WXtZe1lrVW
tZa1l7WWrVWtlbVWtZatVa0VrVWtVa1WpValVZ0UpRWlFaUVpRSdFJzUnRSdFJ0U
nRSc1JTTjNOU1JTTjJOEUoyTjJOMkoRRfFF8UYRRfFF0EGwPfBB0EHPQa89rz3QQ
a9Brz1tOUw1TDVMNUw1TDVrLc41zzXONYwtzjnvPe897z3uOjBCUUZRRjBCMEZSS
lJKUkoxRlJKc06UUpRSlFKUUpRSlFK1VrVWlFKUUrVWtVq1VpRSlFK1VrVWtVaUU
rVW1lrWWtZatVbWWtZa1lrWWrVW1lrWWtZa1l7WXrVa1lrWWtZa1lrWWtZa1lrWW
vde1lrWWtZa117XXtZatla2WtZa1lq1VrZW1VbWWrVWtVa1VrZatVq1WpRalFaUV
pRWdFZ0UpRSdFJ0UnRSdFJ0UnRSU05STlNSU04yThFKEk4yThJJ8UnxRhFGEUXxR
dBBrz3RQdBBzz2vPa850EGvPa85bTVMMUwxTDFMNUwxjC3uOe857jmsMe86ED4QQ
hA97z4xRjFGUkoQQjFGUkpzTnNOUkpzTnNOlFKUUpRSlFKUUpRStVa1VpRSlFK1V
rVWtVaUUpRStVa1VrVWtFK1VtZa1lrWWrVWtlrWWtZa1lq1VtZa1lrWWtZe1lq1W
tZa1lrWWvde1lrWWtZa1lr3XtZa1lrWWtZa1lrWWtZa1lrWXtZatVa1WtZa1lq1V
pVWtVa1WrVatVqVVpRWlFaUVpRWlFZ0UnRSdFJ0UnRSVFJUUlNOUkpTTlNOMk4RS
jJOMk4yShFF8UIRRhFF8UXQQbA90EXQRc9BrkGvPc9Br0GuPW01TDFMMUwxTDFMM
awt7joPOe85rTXvPhA+EEIPQg8+MUJSRlJGMUYxRnNOc05zTlJKc05zTpRSlFKUU
nNOc06UUrVWtVaUUpRStVa1VrVWtVaUUrVWtVa1VpRStVbWWtZa1lq1VtZa1lrWW
tZatVbWWtZa9173XtZatVbWWtZa9173XtZa1lrWXvZe917WWtZa1lrWWvda1lrWV
tZa1lrWWrVW1VbVWtZatVa1VrVatVq1WrVatVaUVpRWlFZ0VnRWlFJ0UnRSdFJ0U
nRSVFIzTjNKU05TTjJKEUYSSjJKMkoRRfFF8UYRRfBF0EGvQdBF0EHQQa89rz3QQ
a89jj1tNUwxTDVMNUw1LDGtMe86Dz3vPc417z4QQhBCEEHvPjFCUkZSSjFGMUZSS
nNOc05SSnNOc06UUpRSlFKUTnNOlFK1VrVWlFKUUrVWtVa1VrVWlFK1VrVWtVaUU
rVW1lrWWtZatVa1VtZa917WWtZa1lr3Xvde917WWtZa1lrWWvde917WWtZa9173X
vde1lrWWvda917XXtZatlbWWtZa1lq1VrVWtlrWWrVWtVa1VrVWtVa1WrVWlVaVV
pVWlFKUUpRSk1J0UnRSdFZUVlNSM04ySjNOU04yThFKMUoySjJKEUYRRhFGEUXxR
dBBrz3QQdBBr0GuPa890EGvQa89bTVMMUwxTDFMMUwxrTXvPhBB8D3ONe8+MUIxQ
jFCEEIxRlJKUkoxRjFGUkpzTnNOUkpzTpRSlFKUUpRSlFJzTpRStVa1VpRSlFK1V
rVWtVa1VpRStVa1VrVWlFK1VtZa9lrWWrVWtVbWWvde1lrWWtZa9173Xvde1lrWW
tZa1lr3Xvde1lrWWvde9173XtZa1lr2WvZe9l7WXtVa1lr2WtZatVa1VrVa1lq1V
pVWtVa1VrZatVaVWpRWlFaUVpRWlFaUVpNSlFJ0UnRSdFJTUlNOMk5TUjNOMk4RS
hJKMkoyShFGEUYRRhFF8UXQQa898EHwQc89rj2uPc9Br0GuPW01TDFMMUwxTDFMM
c42ED4RQhBB7zoQQjFGMUYRRhBCMUZSSlJKMUYxRnNOc05zTlJKc06UUpRSlFKUU
pRSc06UUrVWtVaUUpRStVa1VrVWtVaUUrVWtVa1VpRStVbWWtZa1lq1VrVW1lr3X
tZa1lrWWvde9173Xvde1lrWWvde9173XtZa1lrWWvde917WWtZe117XXtde1lrWV
tZa91rWWrVWtVq1WtZatlq1VrZatVq2WrValVqVVpVWlVZ0VpRSlFJzUnRSdFJ0U
nRSVFJTTjJOU04zTjJOEUoRSjJOEUoRRfFF8UXxRfFF0EGvPdBB0EHPPa49jz2vQ
a9Bjj1NNUwxTDVMMUwxSzHvOhBCMUIxRe8+EEIxRjFGMUYQQlJKUkpzTlJKUkpzT
nNOc05SSnNOc06UUpRSlFKUUpNOlFK1VrVWlFKUUpRStVa1VrVWtVa1VtZatVaUU
rVW1lrWWtZatVbVWvZa917WWrZa1lrWWvde917WWtZa1lr3Xvde917WWtZa1lrWX
vde1lrWWtde917XXtZatVrWWtZa1l61WrVa1VrWWrZWtVa1VrVWtlq1WpValVaVV
pVWlFaUVpRWc1J0UnRSdFJ0UlNSU04yTlJOU04yShFKEkoSShJKEUXxRhFGEUXxR
dBBrz3QQfBBz0GuPa49z0GvPa49bTVMMUw1TDVMNSsxzjoQQjFGMUXvPjFGUkpSS
lJKMUZSSnNOc05SSlJKlFKUUnNOUkpzTnNOlFKUUpRSdFJzTpRStVa1VpRSlFK1V
rVW1lq1VpRStVbVWtVWtFLVVtZa1lrWWrVW1lrWWvde1lrWWvde9173Xvde917WW
vZa9173Xvde1lrWWtZa9173XtZa1lrWWvde1lrWWrVW1lrWWtZatVa1VtZa1l61W
rVWtVa1WrZatVq1WpRWlFaUVnRWlFKUUnRSdFJ0UnRSdFJUTjNOMkozTlNOMk4RS
jJKMkoyShFF8UYRRhFF8UXQQa9B0EXQRc9Brj2uPc9Br0GOPU01TDFMMUw1TDVMM
e8+EEIxRjFGEEIQQlJKUkpSSjFGUkpzTnNOUkpSSnNOc05zTlJKc05zTpRSlFKUU
pRSc06UUrVWtVaUUpRStVa1VrVWtVa1VtZa1lrVVrRS1VbWWtZa1lq1VtZa1lr3X
tZatVbWWvde9173Xvde1lrWWvde9173Xvde1lrWWvde917WWtZa11r3Xvde1lq1W
tZe1l7WXrVatVrWWtZatVq1VrVWtVq1WrVatVqUVpVWlVaVVpRWlFaTUnRSdFJ0U
nRSVFJTTjJKUk5TTlJKEUoxSjJOEUnxRfFF8UXxRfFF0EGwQdBB0EGvQY49rj3PQ
a89jz1tNUwxTDFMMUwxKzIPQjFGMkoyShBCMUZSSlJKUkoxRlJKc05zTlJKUkpzT
pRSc05zTnNOlFKUUpRSlFKUUnNOlFK1VrVWlFKUUrVWtVbWWrVWlFK1VtZa1Va0U
tVW1lr2WtZatVbWWvZa917WWtZW9173Xvde9173XtZa9173Xvde917WWtZa1lr3X
vde1lrWWtZa9173XtZa1lrWWtda1l61VrVa1lrWWrZWtVa1VrVatVq1WrValFaVV
pVWlFZ0VpRWk1J0UnRSdFJ0UlRSU04ySlNOU04yThFKMUoyTjFKEUnwRfFJ8UXxR
dBBrz3QQdBBz0GuPa49r0GPQY49TDUsMUw1TDFMMUwuEEIxRlJKUkoxRjFGUkpSS
lJKMkZSSnNOk05zSlJKc06UUpRSc06UUpRSlFKUUpRSlFKUUpRStVa1VpRSlFK1V
tZa1lq1VpRStVbWWtVWtFK1VtZa1lrWWrVW1lr3Xvde9lrWVvda9173Xvde1lrWW
tZa9173Xvde1lrWWtZa9173XtZa1lrWWvde917WXtZa1l7XXtZetVa1WtZa1lq1W
rVWtVa1WrVatVq1VpRWtVaVVpRWlFKUUpNSdFJ0UnRSdFJUUlNOMkpTTlNOMkoRS
hFKMk4SShFF8UYRSfFJ8UXQQc898EHQRc9BrkGOPa9Bjz2OPWw1TDVMMUwxTDFMM
hBCMUZSSlJKMUYxRlJKckpSSjJKUkpzTnNOUkpSSnNOlFKUUnNOlFKUUpRSlFKUU
pRSlFKUUrVW1lqUUrRStVa1VrVWtVaUUrVW1lrVVrRStVbWWtZa1lq1VtZa9173X
tZa1Vr2Wvde9173Xvde1lrWWvde9173XtZa1lrWWvde92LWXtZe1l73Xvde917WW
tZe1l7WXrVa1lrWWvZatVa1VrVatVq2WrVatVqVVpVWlVaUVnRSlFJ0UnRSdFJ0U
nRSVFJTTlJKUk5TTjJKEUYRSjJKEknxRfFF8UXxRfFF0EGvPdBB0EGvQY49jj2vQ
a5Bjj1MNSwxLDEsMUwxTDHvPjFGUkpSSjFGMUZSSlNKUkoySlJKc06TTnNOUkpzT
pRSlFJzTpRSlFKUUpRSlFaUUpRSlFK1VrVWlFKUUrVWtVbWWrVWtFbWWtZa1Vq0V
tVW1lrWWtZatVbWWvde917WXtVa9l73Xvde9173XtZa1lr3XvZe917WWtZa9lr3X
vde1lrWWtZa9173XtZa1lrWWtZa1lq1VtZa1lrXXrZatVq1WrVatVq1WrVatFaVV
pVWlFaUVpRWk1J0UnRSdFJ0UlNSUk4yTlNOM04yThFKEU4ySjFKEUXwRfFF8UXxR
dBBrz3QQdBF0EGuPa49r0GOPY49TDVLMUw1TDFMMUwyEEIxRjJGUkoxRjFGUkpSS
lJKMUZSSnNOc05zTlJKlFKUUpRSc06UUpRStVa1VrVWlFaTUpRStVa1VpRSlFK1V
rVW1lrVVrRW1lrWWtVatVbVVtZa9lrWWtVW1lrWWvde1lrWWvde9173Xvde1lrWW
tZa9173Xvde1lrWWvZa9173XtZa1lrWWvde9173WtZa1l7WXtZetVbWWtZa1lq1W
rVWtlrWWrZatVq1WpRWlVaVVpRWdFaUUnNSdFJ0UnRSdFJUTlNOMk5STjJOMk4RS
jFKMUoRShBF8EXxRfFF8UXPQc898EHQQbBBjz2OPa9BrkGOPUw1TDFMMUwxTDFMM
hBCMUYxRlJKMUYxRlJKUkpSSjJKUkpzTpNOc0pySpROlFKUUnNOlFKUUpRSlFKUU
pRSlFKUUrVWtVaUUpRStVa1VtZatVa1VtZa1lrVVrVS1Vb2WvZa1lrWWtZa9173X
tZa1lr3Xvde9173Xvda1lrWWvde9173XtZa1lrWWvde917WWtZa1lr3Xvde1lrWW
vde9172XrVa1lrWWtdetlq1WrVa1lrWWtZatVq0VrVWtVaUUpRSlFJ0UnRSdFJ0U
nRSc1JTTjJKU04yTjJOEUoRSjJOMUoRRfFGEUYRRfBFz0HPQdBB0EGvPY49jj2vQ
Y9Bjj1MNSwxTDFMMSwxSzIQQjFGMUZSSjFGMUZSSlJKUkoxRlJKc06UUnNOUkpzT
pRSlFJzTpRSlFK1VrVWtVaUUpRSlFK1VrVWlFKUUrVWtVbWWtVWtFbVWtZa1lq1V
tVW9lr2WvZa1VrWWvde917XXtZa9173Xvde917XWtZa9lr3Xvde917WWtZa9173X
vde1lrWWtZa9173Xvde1lr3Xvde9161WtZa1lrXWtZatVa1VtVa1lrVWrValVaVV
pVWlFaUUpRSdFJ0UnRSdFJ0UnNOU04ySlJSUk4yThFKEUoyShJJ8UXxRfFJ8UnxR
dBBrz3QQdBBz0GOPY49r0GuPY45TDEsMUwxTDFMMUsyEEIQQjFGUkYxRjFGUkpSS
lJKUkpSSnNOlFJzTlJKc06UUpRSc06UUpRSlFKUUpRStVaUUpRStVa1VrVStFK1V
tVW1VrVVrRW1lrWWtZatVbVVtZa9l7WWtZa9lr3Wxde91rWWvde9173Xvde917WW
vZa9173Xvde9lr2WvZfF173XtZa1lr2Wvde917WWtZa1lr3Xvde1VrWWtZa11q2W
rVatVq2WtZatlq1WrVWtVa1VpRSlFKUVnRWdFJ0UnRSdFJTTlJOMk5TTlNOMk4RS
hFKMkoxShFF8EXxRhFJ8UXQQa890EHQRbBBjj2OPa9BjkGOPUwxLDFMMUw1TDVMM
hA+EEIxRjFGEEIxRlJKUkpSSjFGUkpzTnNOc05SSnNOlFKUUnNOlFKUUpRSlFK1V
pRSlFKUUrVWtVaUUpRStVbWWtZa1Va0VtVa9lrWWrVW1VrWWvde917WWvZa918XX
vda1lr3Xvde9173Xvda9lr2Wxde918XXvZa9lr2Xvde+F7WWtZa9173Xvde11rWW
tZa9173XtZa1lrWWtda1lq1WrVa1lrWWtZatVa1VrVWtVaVVpRSlFKTUpRSlFJ0U
nRSU1JSTjJOU05STjJOEUoRThJKEknxRfBB8UXxRfFF0EGvPdBF0EWvQY49rj2vQ
a9BjjlMMUwxTDFMMSwxLDHvPhBCMUYxRhBCEEJSSlJKUkoxRlJKc05zTnNOUkpzU
pRSlFJzTnNOlFKUUpRStVaUUpRSlFK1VrVWlFKUUrVWtVbWWtVWtFbWWtZa1lq1V
tZW9lr3XvZa1lb2Wvde9172XtZa9173Xvde9172XtZa9lsXXxdfGF72WvZa9173X
vde1lrWWvde9173XtZa1lrWWvde9l7WWtZa1lrWXtZatVq1WtZa1lrWWrValVaVV
pVWlVaUVpRSk1KTUnRSdFJ0UnNSUk5STlNOU0oyThFKEUoxSjFKEEXwQfBF8UXwR
c9Br0HQRdBFr0GOPY49r0GuPY45TDUsNSwxLDUsNSwx7z4QQjFGMUYxRjFGUkpzS
lNKMkZSSnNOc05zTlJKc06UUpRSc05zTpRSlFKUUrRWlFaUUpRStVa1VpRStFK1V
tZW1lq1VrRW1lrWWtZatVbVWvZa9173XtZa9lr3Xvde11rWWvdfF18XXvde9l7WX
vZfF173Xxde9lr2WvdfF18YXvZa9lr2Xxde9172WtZa1lr3Xvde1lrWWtZa1l7WW
rVa1VrWWtZa1lq1VpVWlVaVVpVSlFaUVpNSdFJ0UnRSdFJzUlJOMkpSTlJOMkoRS
hFKMkoRShBF8EXxRfFF8UXPQc898EHQQa9Bjj2OPa9BjkGOOUw1SzFMNUw1TDEsM
e897z4xRjFGMUYQQlJKU0pSSlJGUkpzTpRSc05SSnNOlFKUUnNOc06UUpRSlFK1V
pRSlFKUUrVWtVa0VrRStVbVWtZatVq1VtZa1lrWWrVW1Vb2Wvde9l7WWtZa9173X
tde1lr3Xxde918XXvZe1lr2XxdfF18XXvZa9lr3XvdfF172WvZa9173Xvde1l7WW
tde9173XtZa1lrWWtZetlq1WtVa1lrWWtZatVq0VrVWtVa1VpRWlFaTUnRSdFJ0U
nRSc05STlJOU05STjJOEUoRSjJOMUoQRfBF8EXxRfFFz0GvQdBF0EGvQY49jkGvQ
Y5Bjj1MNUw1TDFMNUw1TDHvPe8+MUYxRhBCEEJSSlJKUkpSSlJKc06UTnNOUkpzT
pRSlFJzTnNOlFKUUrVWtVaUVpRSlFK1VrVWtFa0UrVW1lbWWtZatVbWWtZa1lq1V
tVa9lr2XvZe9lrWWvde9173WtZa918XXxdjF172XvZa9lsXXxdfF172WvZe918XX
xdi9lr2Wvde9173XtZa1lrWWvde917WWtZa1lr2WtZWtVa1VtZa1lrWWrValFa1V
pVWlVKUVpRWc1J0UnRSdFJ0UlNOUk4ySlJOUkoyThFKMUoyShFF8UXwRhFF8UXxR
c9Br0HQRdBBr0GOPY89r0GvPY45TDFMMUwxTDFMMUsx7z3vPhBCMUYwQhBCUkZSS
lJKUkoxRnNOc05zTlJKc06UUpRSc05zTpRSlFK1VrVWlFKUUpRStVa1VrVWtFK1V
tVa1lrVWrVW1lrWWtZatVa2WvZe9l72XtZa1lr3Xvde91rWWvdbF18XXxde9172W
vZbF18XXxdi9l72XxdfF2MXYtZa1lr3Xvde9172XtZa1l73Xvde1lrWWtde1l62W
rVa1VrWWtZa1lq1WrVWtVa1VpVWlFKUUpNSc1J0UnRSdFJTUlNOMkpTTlJOMkoRS
hFKMUoRShBF8EYRSfFF8EXPQa890EXQQa9Bjj2OPa9BjkGOPUw1TDEsNSwxLDErM
e897z4QQjFGEEIQPjFGUkZSSjFGMUZzTnNOc05SSnNOlFKUUnNOc06UUpRSlFK1V
rVWlFKUUrVWtVa1VrVWtVbVWtZatVq1VtZa9lrWWrVWtVr2WvZe9l72WvZbF173X
vda9lr3WvdfGF73Xvde1lr2WxdfF18XXvZe9l8XXxdjF2L2WvZa918XXvde9l7WW
vZa917XXtZa1l7WWtZe1lq1WtVa1lrWWtZatVa0VrVWtFa0VpRWlFZzUnRSdFJ0U
nRSU05STjJOU05STjJOEUoSSjJKEUoQRfBF8EXxRfBFz0GuQdBF0EWvQY49jj2vQ
a49jjlMMSwxTDVMNUwxLDHvPe8+MUIxRhBCEEJSSlJKUkoxRjFGc05zTnNOUkpzT
pRSlFJzTpRSlFK1VrVWtVaUUpRSlFK1VrVWtVKUUrVW1lrWWtVatVbWWtZa1lq1V
rVa1lr2XvZe9lrWWvde9173WtZa9173Xvhe9173XvZa9lsXXxdfF172WvZfF18XX
xhe9lr3Xvde9173XvZe1lr2Wvde117WWtZa1lrWWrVWtVa1WtZa1lrWWrVatVa1V
rVWlVKUUpRSk1KTUnRSdFJ0UlNSUk4ySlJOUk4yShFKEkoyShFJ8EXwRfBF8EXwR
c9Brj3QRdBFr0GOPY49r0GPQY49TDVMMUwxTDEsMSwx7z3vPjFCMUYxQhA+UkZSS
lJKMUYxRlJKc05zSlJKc06UUpRSc05zTpRSlFK1VrVWlFKUUpRStVa1VrVWtVbVV
tVa1lrVWrVW1lr2WtZatVa1Vvda9173XvZa1lr3Xvde917WWvdfF18XXxde917WX
vZfF2MXXxde9l72XxdfF2MXYvZa9l8WXvde9173XvZe9l73Xvde1lrWWtZa1lq1W
rVatVrWWtZa1lq1WrVWtVa1VpRSlFKUUnRSdFJ0UnRSdFJTTlJOMkpTTlJOMk4RS
jJKMkoRSfBF8EXwRfFF8EXPQa490EXQRa9Bjj2OPY9BjkGNPUs1SzVMMUwxLDEsM
e857zoQQjFGEEHvPjFGUkpSSlJKUkpzTnNOc05SSnNOlFKUUnNOc06UUpRSlFK1V
pRSlFKUUrVWtVa1VpRStVbWVtZatlq1VtZa1lrWWrVWtVb2WvZe9l7WWtZa9173X
vde9lr3XxdfF2MXYvde9173XxdjF18XXvZe9l73XvdjF2L2XvZe918XXxde91rWW
tda9173XtZa1lrWWtZatVq1WtVa1lrWWtZatVq0VrRWtVa0VpRWlFZzUnNSdFZ0U
nNSc05STlJKU05STjJKEUoRSjJKEUnwRfBF8EXwRfBFz0GvPdBBsEGvPY45rj2vP
a49bjlMMUsxSzFMMUsxKzHvPe8+EEIxRjFGEEIxRlJKUkpSSjFGc05zTnNOUkpzT
pRSlFJzTnNOlFKUUrRWtVa1VpRSlFK1VrVWtVaUUrVW1VrWWtVatVbWWtZa1lq1V
rVW1lr3XvZe1lrWWvde9173XtZa918XYxdfF18XXvZa9lsXXxdfF172XxZfF18XX
xdi9lr2XvdfGGMXXvde1l7WXvde917WWtZa1lrWWrVatVrVWtZa1lrWWrVatFa1V
rRWtFaUUpRWlFJ0UpRSdFJ0UlNOUkoyTlJOMk4yThFKMkoyShFJ8EXwRfBF8EXwR
a9Brj3QRbBBr0GOPY49r0GvQY09TDUrMSwxLDEsLSst7z3OPhBCMEYwQhBCMUZSS
lJKMUYxRlJKc05zTlJKc06UUpRSc06UUpRStVa1VrVWtFaUUnRStVa2VrVWtFa1V
tZW1lrWVrVW1lrWWtZatFa1VvZa9173XtZa1lr3Xvde9l7WWvZe918YYxdi9172W
vZbF18XXxdi9l8WXvdfF18XXvZa9l73XxdfF173XtZa1lr3Xvde1lrWXtZa1l62W
rVatVrWWtZa1lq1WrRWtVaUVpRWlFaUVnNSk1J0UnRSdFJTTlJOMkpTTjJOMk4RS
jFKMUoRSfBF8EHwRfBF8EXPQa490EHPQa89jj2PPa89jj2NOUsxKzFLNUs1SzUrM
e897zoQQjFGEUIQQjFGUkpSSjFGMUZSSnNOc05SSnNOlFKUUnNOc06UUpRSlFK1V
pRSlFKUUrVWtVa1VpRStVbVWtZa1la1VtZa9lr2WtVW1Vb2WvZe9l72WtZa918XX
vde9lr3WxdfF18XXvde9lr2XxdfF18XXvZa9l73XxdfF172Wvde918XYvde9l7WW
vZa9173XtZa1l7XWtZetlq1WtVa1lrWWtZatVq0VrVWtVaUVpRSlFJzUnRSdFJ0U
nRSU04ySjJKM04yTjJKEUYSSjJKEUnwRfBF8EXwRdBFr0GvQdBFsEWvQY49jz2PP
Y49jT1LNSs1KzUrNSsxKzHvPe86EEIxRhBCEEIxRlJKUkoxRjFGUkpzTnNOUkpzT
nNOlFJzTnNOlFKUUpRStVaUUpRSk1K1VrVWtVa1UrVW1lbWWtZatVbWWtZa1lq1V
rVW9lr2XvZe9lrVWxde9173WtZa918XYxdi9173XvZa9l8XXxdfF172XvZe918XX
xde9lr2Xxde92L3YvZe9lr2Xvde917WWtZa1l72XtZatVrVWtZa1lrWWrVatVa1V
rRWlFaUVpRWdFJ0UnRSdFJTUlNSUk4xTlJOMkoyShFGMUoxShFJ8EXwRfBJ8EXwR
a9Brj3QQa9Br0GOOY49rz2OPW05SzUrMSsxKzErMSsx7z3vOhBCMUYQQe8+MUZSS
lJKUkoxRlJKc05zTlJKc06UUpRSc05zTpRSlFKUUrVWlFKUUpRStVbVVrVWtVK1V
tVW1lrWVtVW1lbWWtZatVa1Vvda9173XvZa1lr3Xvde917WWvdfF2MXYxdfF172W
vZbF18XYxdi9l72XvdfF18XXvZa9l73XxdjF172XtZa1l73Xvde1lrWWtZa1lq1V
rVWtVrWWtZa1lq1VrRWtVa1VpRWlFJ0UnRSdFJ0UnRSc1JTTjJOMk5STjJOMkoRR
hFKEUoRRfBF8EXwRfBF0EGvPa890EXQQa89jj2uPa49jj1tOSsxKzErMSs1KzErM
e897zoQQjFGMUYQQjFGUkpSSlJKMUZSSnNOc05SSnNOlFKUUnNOc06UUrRStFK0V
pRWlFJ0UrVWtVa1VpRStVbWVtZa1lq1VtZW1lrWWrVS1Vb2WxZe9l72WtZa9173X
vde1lr3XxdjF2L3Xxde9lr2WxdfF18XYvZfFl8XXxdfF172WvZfF173Yxde9172W
vZe9173XtZa1lrWWtZa1lq1VrVW1lrWWtZatVq1VrVWtVaVVpRSlFKUUnNSdFJ0U
lNSc05STjJOUk4ySjJKEUYRShFKEUXwRfBF8EXwSdBFr0GvQdBF0EGvQY49jj2PP
Y49bTkrMUsxSzFLMUsxKzHvOc42EEIQQhBB7z4xRlJKUkpSSjFGUkpzTnNOUkpzT
pRSlFJzTnNOlFKUUpVStVaUUpRSk1K1VrVWtVaVUrVW1lbWWtZWtVbWVtZa1lq1V
tVW9lr2XvZe1lrWWvde9173XtZa918XYxdfF18WXvZa9lsXXxdfF172XvZe9173X
xde9lr2XxdfF18XXvZa1lr2Xvde917WWtZa11rXWtZWtVa1WtZa1lrVWrValFaUV
pRWlFaUVpRSk1KUUnRSc1JTUlNOMk4yTjJOMk4yThFKEUoxShFF8EXwRfFJ8EXwQ
a89rz3QQdBBrz2OOa49rz2OPY05KzErMSsxKzErMSox7znOOhA+MUIwQhA+MUZSR
lJKUkoxRlJKUk5zTlJKc06UUpRSc05zTpRSlFKUUrVWlFKUUnNOtVa1VrVWtFK1V
tZW9lrWVtVW1lb2WtZatVa1VvZa9l73XtZa1lr3Xvde917WWvde918XXxdfFl72W
vZbF18XXxdi9l8WXvdfF18XYvZe9l73YxdjF2L2XvZe9l73Xvde1lrWWtZa1l62W
rVatVrWWtZa1lq1WpVWtVaUVpRWlFaUVnNSc1JzUnNSU1JSUjJOMk4zTlJOMkoRR
hFKEUoRRfBF8EXwRfBF0EGvPY890EGvQa49jjmOPa49jj1tOSsxKzErMSsxKzEqM
e85zjYQPjFCEEHvPjFGUkpSSlJKMUZSSlJKc05SSnNOlFKUUnNOc05zTpRSlFKUU
pRSlFJzTrVWtVa1VrRStVbWWvZa1lq1VtZW1lrWWrVStVb2Wvde917WWtZa9173X
vde1lr3XxdfF18XXvde9lr2Wxde918XYvZe9l73XxdfF172XvZe9173Xxde9lr2W
vZa9173XtZa1lrWWtZe1lq1WrVa1lrWWtZatVaVVrVWlFaUVpNSlFJzUnNSc1JzU
lNSUlIyTjJOUk4yTjJKEUYRShFKEUnwRfBF8EXwRfBFrz2vQbBBr0GOPY05jj2PQ
Y49bj0rMSsxKzErMSsxCjHvPc46EEIRRjBCDz4xRlJKUkpSSjFGUkpyTnNOUkpzT
pRSlFJzTnNOc06UUpRStFKUUpRSc061VrVWtVa0UrVW1lbWWtZWtVbWVtZa1lq1U
rVW9lr2XvZe9lrWWvdfF172XtZa9l73XxdfF18XXvZa9lsXXxde9172XvZfF18XX
xdi9lr2XvdfF18XXvZe1lr2Wvde917WWtZa1lrWWrVatVq1WtZa1Vq1WrVWlVa1V
pRWlFaUVpRWdFJzUnNSc05zUlNOMkoySjJKMkoxShBGMUoxShFJ8EXwRfBF8EXvR
a5Brz3QQc9Brj2OOY49jj2OPW05Ky0rMSsxKzULMQsx7z2tOhBCEEIwQg8+MEZRS
lJKUkoxRnNOc05zTlJKc06UTpROc05zTpRSlFK0VrRWlFaUUnNOtFa1VrVWtFK1V
tZW1lrWVrVW1lbWWtZatVbVVvZa9l72XtZa1lr3Xvde917WWvde918XXxdfFl72W
vZbF18XXxde9l72Xvde92MXYvZe9l8XXxdfF172WtZa9l73Xvde1lrWWtZe1lrWW
rVatVq1WrVatVq1WpRWlFaUVpRWdFZ0UnRSc1JzUnNSc1JSTjJKMkoySjJKMUoRR
hFKEUoRSfBF8EHwRfBF0EWuQa9BsEGvQY49bTmOPY49jj1tOSsxKzErMSsxKzEqL
e89zjnwPhBCEEHvPjFGUkpSSlJKMUZSSnNOc05SSnNOlFKUUnNOc05zTpRSlFKUU
pRSlFKTUrVW1Va1VpRStVbWWvZa1lq1VrVW1lrWWrVWtVb3Wvde917WWtZa9173X
vde1lr2XxdfF2MXXxde9lr2WxdfF18XXvZe9l73XxdfF172XvZfF18XXxde9l72X
vZe9173WtZa1lrWWtdatlq1VrVatVq1WrVatVqUVpRWlFaUVpRWlFJzUnNSc1JTU
lNSU1IyTjJKMk4xTjFKEEYRShFJ8UXQQfBB8EHwRdBBrz2vPdBBr0GOPW05jj2OP
Y05bTkrMSsxKzErMSsxCi3vPc46EEIxRjFGEEIxRlJKUkpSSjFGUkpSSnNOUkpTT
nNOdFJzTnNOlFKUUpRSlFKUUpRSc060VrVWtVaUUrVWtlrWWtZatVbVVtVa1lq1V
rVW9lr3WvZe9lrWWvde9173XtZa918XXxdfF173XtZa9lsXXxdfF18WXvZfF18XX
xde9lr2XxdfF18XXvZa9lr2Wvde917WWtZa1lrXWrZatVa1WrVatVq1WrValFaUV
pRWlFaTUpRSc1JzUnNSc1JzUlNOMk4xSjJOMk4RShFGEUoRSfFJ8EHwQfBB8EXQQ
a49rj3PQa9Bjj1tOY49jj2OPW05KzErMSsxKzEqLSst7zmuNe8+EEIQQe8+MUZSS
lJKUkoxRlJKUkpzTlJKc06UUpRSc05zTpRSlFKUUpRSlFKUUpNOtFbVVrVWtFK1V
rZa1lrWWrVW1VbWWvZa1Va1VvZa9l72XtZa1lr3XvdfF17WWvZbF18XXxdfFl72W
vZbF18XXxde9l72Xvde918YXvZe9l72XxdjF172XtZa9lr3Xvde1VrWWtZa1lq1V
rVWtVa1WrVatVq1VpRWlFaUVpRWdFJ0UnNSc1JzUnNSck5STjJKMkoyTjJOMUoQR
hFKEEoRSfBF8EXwRfBF0EWuPa49z0HPQa49bTmOPY49bTltOSsxKzFLNSsxKzEKL
e89zjnvPhBCEEHvPjFCUkpSSlJKUkpSSlJKc05SSnNOc06UUnNOc06UUpRSlFK0U
pRSk1KUUrVWtVa1VrRStVLVVtVa1VrVVrVW1lrWWrVWtVbWWvde91r2WtZa9173X
vde1lr2XxdfF18XXxZe9lr2WxdfF18XXxZa9l72XvdjF2L2XvZe9l73Yxde9l7WW
vZa9173XtVa1lrWWtZa1Vq1VrVatVq1WrVatFaUVpRWlFaUUnRSlFJzUnNSc1JzU
nJOUk4xSjFKMk4ySjFKEEYRShFJ8EnQRdBF8EXwRc9Frj2OPa9Br0GOPW05jj2OP
Y49bTkrLSstKzErMSstKy3vPc457z4QQhBB7z4QQlJKUkpSSjFGUkpSSnNOUkpyT
pNOk05zTnNOdFKUUpRWlFKUUpRSdFK1VrVWtVaUUrRS1VrVWtVa1VbVVtZa1lq1V
rVW1lr2WvZe1lrVVvZe9173XtZa9l8XXxdfF18XXvZe9lsXXxdfF18WWvZe9l73X
xde9l72Wvde918XXvZe1lr2Wvde917VWtVa1lr2WtVWtVa1VrVWtVa1VpVWlFaUU
pRSlFKTUpNSc1JzUnNSc1JzTlJOMUoxSlJKMkoxShBGEUnxShFJ0EXQQdBF0EXPQ
a49rj3PQa5Bjj1tOY49jj1uOU05CzELMSsxKzErMSst7zmtNe8+EEIwQg8+MEJRR
lJKUkoxRlJKUkpzTlJKckqTTpNOc05zTpNSlFK1VpRSlFKUUpRStVa1VrVWlFK1U
tVW1VrVWrVW1Vb1WvZa1FbVVvZa91r2WvZa1lb2XxdfF17VWvZfF18XXxdfF172W
vZbF18XXxdfFlr2XvZe918XXvZa9lsWXxde9173XtZa11r3XvZe1VrVWtZa1lq2V
pVWtVq1WrVatVqVVpRSlFaUUnRSc1JzUnNOU05zUnNSU05STjFKMUoxSjFKMUoQR
hFGEUYRRdBB0EHQQdBFr0GuPa49r0GuQY49bT2OPY49jj1NOSsxKzErMSsxCzEKL
e85zTXvPhA+EEHvPhBCMUZSRlJGMUZSSlJKc05SSlJKc05zTnNOUkpzTpRSlFKUU
pRSlFKTUrRS1Va1VpRStVbVVtZa1Vq1VtVW1lr2WrRStVbWWvda9l72WtVW9lr2X
vZe1Vr2WxZfF18XXxde9lr2WxdfF18XXxZa9lsWXvdfF172WvZa9l8XXxde9lrWW
vZa9l72XtVa1VrVWvZetVq1VrVWtVa1VrVWlFaUUpRWlFZ0UnNSc1JzTnNSc1JzU
lNSUk4xThFKMUoxShFJ8EYRShFKEUXQQc9B0EXQRbBBjj2OPa9Brz2OPW05jj2OP
Y45bTUrLSstKy0rMSsxCi3vOa017zoQPhE97z4QQjFKUkoxSjFGMUZSSnNKUkpSS
nNOc05zTnNOc06UUpRSlFKUUpRSlE60UrVWtVaUUrVW1VbVVtVa1VbVVtZa1lq1V
rVW1lr3WvZe1lrVVvZe9l73XtVa9lsWXxdfF173XvZa9lsXXxdfF172WvZa9l73X
xde9lr2WvZe9173Xvda1lr2WvZe9lrVWtVa1VrWWrVWtFa1VrVWtVa1VpRSlFKUU
pRSlFJzUnNSU1JzUnNSc1JTTjJOMkoRSjJOEUoRRfBGEUoRRfBFz0HQQdBB0EGvQ
Y49jj2vQa5Bjj1tOY49bj1tPU05KzErMSsxKzErMQot7zmtNe86ED4QQe8+EEIxR
jFGMUYxRlJKUkpzTlJKUkpzTnNOc05SSnNOlFKUUpRSlFKUUpNStFK1VrVWlFKVU
tVW1VrVWrVWtVbWWtZatFa1VtZa1173XtZa1Vb2WvZe9l7VWtZa9173Xxde91r2W
vZbF18XXxde9lr2WvZe9l8XXvZa9lr2Xvde9173WtZa9lr2WvZa1VbVWtVa1lq1V
rVWtVa1VrVatVaUVpRSlFKUUpRSc1JzUnNOc05zTnNSU04yTjJKEUoySjFKEUnwR
hBKEUXwRc9Bz0HQQdBBr0GOPY49r0GuQY49bTmOPY49bT1MOSoxKzErMSsxKzEqL
e85zTXOOg9CEEHvPhBCMUYxRjFGMUZSSlJKUkpSSlJKc05zTnNOUkpzTnNOlFKUU
pRSlFKTTpRStFa1VpRStVK1VrVW1Vq1VrVW1lrWWrVStVLWWvZe9lrVWrVW9lr2X
vZa1Vb2Wvde9173Xvda1lr2WvdfF18XXvZa9lr2XvZfF172WvZa9lr3Xvde9lrWW
tZa9lrWWrVW1VbWVtZatVa1VrVWtVa1VrVWlVaUUpRSlFKTUnNSc1JSTlJOU05TT
lNOMk4xSjFKMUoRShFJ8EYRRfFF8EXPQdBB0EHQQa89jjmOPa9Br0GOPW05jj2OP
W45TDUKLQstKzErMSsxCi3ONa0xzjnvPhA97z4QQjFGMUYxRhBCMUZSSlJKMUZSS
nNOc05zTlJKc06UUpRSlFaUUnRSc06UUrVWtVaUUrRWtVa1WrVWtFa1VtZa1lq0V
rRW1Vr2WvZa1Va1VtZa1lr2WtVW1lr2Xvde9172XtZa1Vr2XvZe9l72WvZa9lr2W
vZe1lrWWvZa9lr2XvZa1VrWWtZa1lq1VrVWtVbVWrRWtFK0VrVWtVa0VpRSk1JzU
nNSc1JzTnNOc05STlNOU05STjJOEUoxSjJKEUYQRfBB8EXwRfBFz0HPRc9Bz0GuP
Y09jj2PPY49jTltNY05bTltOUwxCjEKLQoxKzEKLOkp7jWtMc017zoQPe457zoxR
lJGMUYQQhBCUkpSSjFGMUZSSnNOc05SSlJKc05zTnNOc05zTnNKc06UUpRSc06TT
pRStFa0UpNSk060UrVSk06UUrRW1lrWWrVWlFK1VtZa91q1VrRW9lsXXvde9lr1W
tVa1VrVWvZe9l71WtVa9lr3XvZa1lrVWtZa9lr2WtVW1VbVWtVatVa1VtVW1Va0U
pNStFa1VpRSlFKUUnNSc05zTnNOc05STlJOUk5TTlJOUk4xShBGMUoxSjFJ70XwR
hBF8EXwQdBB0EGvPa89jz2uPY49jj2NPY49jTltOW05TDVMNSsxKjErMSsxCizIJ
a0xzjnONc457z3vPe8+MUZSSjJGMUYxQlJKUkpSRjFGUkpzTnNOUkpSSnNOlFKUU
pNOc06UUpRSlFKUUpRSlFKUUrVWtVa1VrVW1VbWWrVWtVbWWtZa9lrWWtVWtVbWW
vZa9lrVVtVW9lsXWvZa1Vr2XvZa9lr2XtZa9lrWWvda9lr2WvZa9lr2WtZa9lrWW
tZa1lr2WtZW1VbVVrVWtVa0VrRWtVa1VrVatVaUVpRSlFJzTnNOc1JzUnNSc1JST
lJOUk4ySjJKEUoRShFKEUYRShFF8EHwQdBBr0HPQc9Bz0GOPY49rj2OPW05bTltO
W05TDULLSsxKzErLQko6CWsLe457jnvPe897z3PPjFGMkZSRjFCEEIyRlJKUkoxR
lJKc05zTnNOUkpzTpRSlFJzTnNOlFKUUpRSc060UrVWtVa1VrVWlFK1VtZW1la1U
rVW1VrWWtZa1lrWWtVa1VbVWvZa1VbVVtVa9l72WtVW9Vr2WxZa9lr2WvZa9lr2W
tVa1VrWWvZa9lrWVtZa1lrWVtZa1lq2WrVWtVa1VrVWtVa1VrRWlFaUVpRWc1KTU
nNSc1JTTnNOc05zTnNOUk5STjFOMUoxSjFKEUYRRhFGEUXwRfBB0EHPQa49z0GuP
a49jTmOPY49jj1tOW05bT1tOU05CzELMSsxKyzpJOkljC3ONe817znvPe897z4QQ
jFGMUYxRhBCMUZSRlJKMUYxRnNOc05zTlJKUkqUUpRSlFJzTpRSlVKUUnNOlFK0V
rVWtVa1VpRStVbVWtVatFa1VtVW1VbVWtVa1VrVVtRW1Vb2WtZW1VbWVvZa9lrVV
tZW9lr2WvZa1VbVVtVa9VrVVtVW1VrVWtVa1VrVWtVa1VrVWtVa1Va0VrRWtFa1V
pRWlFKUUpRSlFaUUnRSc1JzUnNSU05SUnNOc05TTjJOMk4xThFKMUoRRhBGEEYQR
hBF8EXQRdBBr0GvPa9Br0GvPY05jj2OPW49bTltOW05bTlMNQoxKjErMSoxCSjpK
YspzjHvOe857z3uPe4+EEIwRjFGMUYQQjFGUkpSSjFGMUZzTnNOc05SSlJOlFKUU
nNOc06UUpRSlFJzTpRStFa1VrVWlVaUUrRW1VbVVrRWtFbVVtVW1VrWWtVatVa1V
tVa9lrVWtRW1Vr1WvVa1FbVWtVa1VrVVrRW1VbVVvZW1VbVVtVW1VbVVrRW1VbVV
tVW1VbVVtVWtFK0UrRStFa0UpRSlFaUVpRWk1ZzUnNSc1JyUlJOUk5TTlNOUk4yS
jJKMUoxSjFKEUYQRhBF8EXwRfBF70HPQc9Brj2vPa89jz1tOY49jj2OPW05bTltP
W05TDUKLQstKzEqLOko6SlrKc0x7jXONc85zjnOOhBCEEYxRjFGEEIxRlJKUkoxS
jFGUk5zTnNOc05zTpRSlFKTTnNKlFKUUpNSc06UUrVWtVa1VrVWtFa0VtVa1Va0V
rRW1VbVVtVW1Va1VrVWtVa1VtZW1VbUUtVW1VbVVrRStFa0VtRW1FK0UrRStFLVV
rRStE61UrRStFK0UrRStFa0VtVWtVa1UpRSlFKUUpRWlFaUVpRSlFKUVpNSc1JzU
nNOUk5STlJOUk5STlJOMUoxShFKMUoxRhFF8EXwRfBF8EXwRfBB0EHPQa89r0GvQ
a49bTmOPY49jj1tOW05bTltOUw1Ci0qMSsxKjDpKMkpaynOMe417znvNc81zjoQQ
jFGMUYxRhBCMUZSSlJKMUYxRlJKc05zTlJKUkpzTnNOc05SSpRSlFKUUnNOlFK1U
rVWtVa0VpRStFLVVtVWtFK0UtVW1VbVVtVWtVa0VrRWtFbVWrRWtFK0UtRS1FK0U
rRStE60UrNOk0qzSrNKtEqzSrNOs1KzUrRSk1K0UrRStFK0UrRStFKTUpRStFK0U
pRSlFKUUpRSlFaUUnNSc1JzUlNOUk5STlJOUlJSTjFKMUoxSjFKMUoRSfBF8EXwR
fBF8EXQQc9Bz0GvQa9Bjz2OPW05jT2OPY49bTlNOW05TTksNQstKjErMSos6CjpK
WsprTHONc41zjXONc458D4RQjFGMUYQQjFGUkpSSjFGMUZSSnNOc05SSlJKc05zT
nNOUkqUUpRSlFJzTpRStVa1VrVWlFaUUpRStVa1VrRSlFK0VrVWtVa1VrVWtFa0U
rRS1Fa0UpNOk06TTrRS1VbVVnNGETYRNpI+s0bTStNKsTqwOtE60DqPOrA+0ULUT
rRStFK0UpNOk06TTrRStFK0UpRSlFKUUpRSlFJzTnNOc05zTlJOUk5STlJOUk4xS
jFKMUoxShFGEUXwRfBF8EXwRe9Fz0XPQa9BrkGvQY5Bjj1tOY49jj2OPW05TTlNO
U05TDUKLSstKy0qLOko6SVqJa0tzjHONc41zjnOOe9CEEYxRjFGEEIxRlJKUkoxR
jFGUkpSTnNOUkpSSnNOc05zTlJKc06UUpRSc06UUrRWtFa0VrRWlFKUUrVWtVa1U
rRStVLVVrVWtVa0VpRSlFKUUrRStFKTTnJOck60VrVWlFGvPa85rzq0UtVW1VbVU
rROk06zTrROjj5MLkwujja0UrRStFJySnJKc06UUpRSlFKUUnRSlFKUUnRSc1JzU
nNSc05SSlJOUk5STlJOMkoRShFKEUoQRhBJ8EXwRfBF8EXPRc9Bz0GuQa49rkGuP
Y49bTluPY49bj1NOU05TTlNOSw1Ci0rMSsxKizpKOkpaiWtMc41zznOOc45zjnvP
hBCMUYxRhBCMUZSSlJKMUYxRlJKc05ySlJKUkpzTnNOc05SSnNOlFKUUnNOlFK0V
rRWtFaUUpRSlFK1VrVWlVKUUpRStFK0UrRWtFKTUpNSk06TTpNOckpSSpROtVa1V
jJRjkltRY5GUkpzTnNOUU4QShBKD0nvSg9GcUqSTtRWtVa0VrRSck5RSnJKk06UU
pNSlFKUUpRSlFKUUnNOc05zTnJOUk5STlJOUk5STjFKMUoRShFKEUnxSfBF8EXwR
fBF70XPQc9Bzz2uPa49rj2OPW05jj1uPW49TTVNNU05TDUrMQotKi0rLQos6SjpK
WolrTHONe45zjnOOc4570IQRjFGMUYQQjFGMUZSSjFGMUZSSlJKUkpSSlJKc05zT
nNOUkqUUpRSlFJzTpRStFK0UpRSlFKTUpRStVa1VpVSlFKUUpRStFK0UrNSk1JzT
nJKc05zTlJOck60VrVWtVaVVnRaU1IyUjNWU1ZTVlNWU1aUVrVatVq1VrVWtVa1V
rVWlVa1VpRSUUZSSnNOlFKTUpRSlFKUUpRWk1JyTnNOc05STlJKUk5STlJOUk4xS
jFKMUoRShFJ8UnwRfBF8EXQRdBBz0HPQa9Bjj2vQY49jj1tOW49bj1tOUw1LDVMO
U05LDUKMQsxKzEKLOko6SVKJa0tzjXuNc45zjnOOe8+EEIxRjFGEEIxRjFGUkoxR
jFGUkpSSlJKUkpSSnNOlFJzTlJKc06UUpRSc05zTpRSlFKUUpRSc06UUrVWtVa0V
pNSlFKUUpRSlE6UTpNOc05SSnNOckpSSdBN0FXQVbBVsFWwVbBVsFVvUY9Vj1VvV
W9Vb1VvVW9VTlFOUU5VTlVOVU5VTlVtUg8+UUZyTnNOc06TTnNOc1KTUnNSUk5yT
lJOUkoySjJKMk5STjJOMUoxShFKEUoRRhBF8EXwRfBF0EXQRa9Br0GuPa49rz2uP
Y45bTmNPW05bTlMNUw1TDUsNSsxCi0KLSoxCizoKOkpayWsLc4xzjXOOc41zTnvP
hBCMUIxRhA+EEIxRlJKMUYQQlJKc05SSlJKUkpzTnNOc0pSSnNOc06UUlJKc06UU
pRSlFKUUnNOlFK1VrVWtFKUUpRSlFKUUpRSk05yTnJOUkpyTnJKUUkNUM1YzVjMW
MxYzFjMWMxYzFTsWMxYzFjNXM1Y7VjtWMxY7VzNWM1YzFjMWMxYy1YOQlFGckpzT
nJKc05zUnNSk1JzUlJOUk5yUlJOMk5RTlJOUk4yThFKEUoRShFKEUXwRfBF8EXwR
fBF0EHPQc9Brj2uPa49jT1tPW05bj1tPW05TDVMNUw1TDUrMQotKi0rLQoo6STpJ
UoljC3ONc41zjnONc417z4xQjFGMUYQQhBCMUYxRjFGEEJSSlJKUkpSSjFGc05zT
lJKUkpzTnNOc05SSnNSlFKUUpRSlFJzTpNStFa0VpRSk06TTpNOk1KTTpNOckpyS
nFGckpSSjFE7UzMWMxYzFjMWMxYzFjMVKtYzFjMWOxZDmDsWMxYzFisWMxYzFzMW
MxYzFjMVMtV7kJRRnJKc05yTnNOc1JzUnNSc1JSTlJOUk5RTjFKMUoySlJOMk4RS
hFKEUoRSfFF8EXwRfBF8EXwRdBFz0GvQY49jjmOPY49bj1tOW45bTltOUw1TDVNO
Uw1KzEKLSsxCi0KLOgo6ClKJYwtzjXONc41zjXONe8+EEIxQjFF7z4QQjFGMUYxR
hBCUkpSTlJKMUoxRnNOc05zTlJKc06UUpNOckpzTpRSlFKUUpRSlFKUUrVWtFaUU
pNSk1JzTnNOc05yTnJOckpRRnFKUkoxSMxQzFjMWMxYzFzMWMxYzFisVMxUzFWRY
ZFhcVzMVKxUq1TMWMxYzFjLWMtUy1jrVe4+UUZySnNOckpySnNOc05zUnJOUkpST
lJOMUoxSjFKMUoyTjJKEUoRShFJ8UXxRfBF8EXwRfBF8EXPQc9Br0GuPY49jj2OP
Y49TDVtOU05bTksNUw1TTVMNSsxCi0LLQss6izIJMgpSiWMLa01rjXONc41zjXvP
hBCMUIxRe8+EEIxRjFGMUYQQjFGUkpSSjFGMUZSSnNOc05SSnNOc05zTlJKc06UU
pRSlFKUUnNOc1KUVpRSk1JzTnNOck5zTnNKc05SSlJKUUZxSlFKMUjMTKxUzFisW
KxYrFisWKxYq1isVMxVcWUOWXFgzFTMWKtUzFjMWMxYrFisVKtUylXOPjBGckpyS
nJKUkpyTnNOc05STlJKUk5STjFKMUoxSjFKMU4RShFGEUYQRhFF8EXwRfBF0EXwR
dBFz0GvPa49rj2OPY49bj1tOUw5bT1sOW05TDVMNUw1SzUrMOktCjEKMOksyCjIK
UkhiynNMc0xzjWtNa01zjnvPhBCEEHvPe8+MUZSSjFGMUYxRlJKUkoxRjFGUkpSS
lJKMUZSSnNOc05SSlJKlFKUUpRSlFKTUnNOlFKUUnNOc05zTnNOc05zTlNOUkpSS
lFGUUZRSjFIy0ysWKtYrFisWKxYq1irWKtUy1TLUbFdsV2QWMxUzFirWMtYy1irW
MtYq1irVMpVzj4wRlFKUkpRSlJKck5zTnNOU05SSlJOUk4xSjFKMU4yTjJOMUoQR
hBGEEXwRfBF0EXwRfBF0EXQRc9Brj2uPa49jT2OPY49bTlMOW05TDlMOUs1TDlMO
Sw1KzEJLSotCi0JLMgo6ClJIYstrTGtNa01rjWtNc46Dz4QQhBB7z3vPjFGMUYxR
hBCMUZSSlJKUkoxRlJKUkpSSjFGUkpzTnNOUkpSSnNOlFKUUpRSc1JzTpRSlFJzT
nNOc05zTnNOc05zTlJKUkoxRlJGUUYxROtIy1TLVKtUq1SrVKtUq1SqUKtUy1UvZ
VBkzFjLVKtYilSrWKtYq1irWKtUqlirVc0+MEZSSlJKUkpSSlJKck5zTlJKUUpSS
lJKMUYxRjFKMU4xThFKEEYQRhBGEEXwRfBF0EXQRdBF0EWvQa49rj2OPY49jj2OP
W05TDltOUw5bDkrNSw1TDUsNSsxCi0KLQos6SjIJMkpKSVrKa0xrTGtNa01rTXOO
e8+EEIQQc457z4QRjFGEUIQQjFGUkpSSjJKMUZSSlJKUkoxRlJKc05zTlJKc06UU
pRSlFKUUnNOc06UUnROc05yTnNOck5zTnJOUkpRSlFKMEZRRlFGMUjrSKtUq1SrV
KtUq1SrVKpUqlSrVMtVkG1wbMtUy1SrVIpQq1irWKtYq1irWKtUqlWtOg9CUUZyS
lFGUkpySnJOck5STjFKMU4yThFKEUoRSjJOMUoxShBF8UXxRfBF8EXwQe9B0EHQQ
bBBrz2PPa89jj2OPY45bjltOWw5bTlMOUw5KzUsNUw1LDULMOotCzEKMOksyCjoK
SkhaimsMa01rTWtNa01rTXvPhBCEEHvPe8+EEYxRjBCEEIxRlJKUkoxSjFGUkpSS
lJKMUZSSlJOc05SSnNOc06UUpRSc1JzTnNOlFKUTnNOc05zTnJKckpSSlJKUUZRR
jBCUUZRRjFI60SrVKtUq1SrVKtUq1irVItQq1TLVXFpcGirVKtYq1iJVKtYq1SrW
KtYq1SrVKpRzToQQlFKUkoxRlJKUk5STlJOUkoxSlFOUU4xSjFKMUoxSjFKEUXwR
fBF8EYQRdBF0EXPRdBFz0GvQa9Bjj2uPY49jj2OOW05bTlMNW05bTlMOSs1LDUsN
SwxKzDqLQoxCjDpLMgo6SkpIWsprTGtNa01rTWNNc057z4PPhBB7z3vPhBCEUYwR
hBCMUZSSlJKMUYxRlJKUkpSSjFGUUpTTlNOUkpSSnNOc05zTnNOc05zTpRSlFJzT
nNOUkpSSlJKUkpSSlJKMUYwQjFGMUYwROtEqlSrVKtUq1SrVKtUqlSqUKpQq1Fxa
XBoq1iqVKtUilCrVKtUq1SrVKpUqlSqVa06D0JRSlJKMUoxSlJOUk5STlFKMUoxT
jFOEUoQShFKEUoRShFJ8EYQRfBF8EXPQc9Bz0HPQc9Bz0GuPY49jj1uPW49bj1tO
W05TDVtOU05TDkrNSw1LDUsMQsxCi0KLQos6SjIJOkpKSFKKYwxrDGtNa01rTXOO
e8970HwQc897z4QQjFGEUHwPhFGMUYxRjFGEEIxRlJKUkoQQlJKc05zTlJKUkpzT
nROc05zTnJOc06UUpRSc05STlJKUkpSSlJKMkpRSjFGMUIxRjFGMETrRKpQqlCqU
KpQqlCqUKpQiUzJUKlNb2VvZKtQqlCqUIlMiUypUKlMqUyoTKlIyUWtNhBCMUZRS
jFGMUZSSlJOUk4yTjFKMUoxShBGEEYQRhFKMUoRRfBF8EXwRfBFz0HPQc9Bz0HPQ
a5BrkGOPY49jj1uOW05bTlMOUw1TTlMNUw1KzUrNSw1KzUKMOotCjDqLOkoyCjpK
SghSiWMMawxrTGtMa01rTXvPe897z3vPe8+EEIxRhFF8D4RQjFGMUYxRhBCMUZSS
lJKMUZSSnJOck4xSlFKc05zTnNOc05zTnNOlFKTUnNOUkpSSjFGUkpSSlJKUUYxR
hBCMUYxRjBA60SrVKtUq1SrVKtUq1SqVIpQqlTLVS9hL2CrVKtUq1SKVIpYqliKW
KpUilSKUKlRrTYPPjFGMUYxRjFGUUpSSlJKUkoxRjFKMUoQRhBGEEYxShFKEUXwR
fBF8EXwRc9Fr0HPQc9Bz0GvQa49jj2OPW49bj1tOW05bDlMNU01TDVMNSsxSzUsN
Ss1CjDqLQss6ijpKMgk6SkpIUoljDGtMa01jTWNNa017z3vPe89zjnvPhBCMEYQR
e9CEEYxRjFGMEYQQjFGUkpSSjFGUkpSSlJKMUYxSnNOc1JzTnNOc05SSpNOc1JST
lJKUkpRSlJKUkpSSjFGMUYQQhBCMUYQQOtAqlSKVIpUilSKVIpUilSJUKpRb1WwW
bBYq1iqVIpUiVSKVIpUilSKVIpUilCqUYw17z4xRjFGEEYxSjFKMUpSSjFKEEYxS
jFKEEYQQhBGEUoRShFF8EHwQfBF8EXPQc9Bz0HPRc9BzkGuPY09jj2OOW45bTltO
U05TDlNOSw1LDUsNSw1LDUrNQow6S0KMQos6SjIJOkpKSFKJY0tjS2NMa0xrTGtM
e857z3vPc45zjnwQhBCEEHvPhBCMUYxRjBCEEIxRlJKUkoxRjFGUkpSSjFGMUZST
nNOc05zTnJKUkpzUnNOUkpSSlJKUkpSSlJKMUYxRjFGEEIQRjBGEEDKQKpQqlCqU
IpUilSKUIpUiVCqUU1R0WGwXKpQilSKVIlQilSKVIpUilSKUIlQqVGMMe8+MUYxR
jBGMEoxSjFOMUoxShBGEUoxShBF8EHwRhBGEUoQRc9B8EHwQfBFz0HOQc9Bz0GvQ
a5Bjj2OPY49jTluPW05TTVNNUw1TTksNSw1LDUsNSw1CzUKMOotCjDpLOkoyCTpK
SklSSmMMYwxjDGMMYwxjDHOOc897z3OOc4+D0IQQhBB7z4QQhFGEUYRRhBCMUYyS
jFKEEYxRjJKUkoxRjFGUkpSTnJOck5SSlJKc05zTlJKMUZSSjFGUUYxRjFGMUIwQ
hBCEEIQQhBAy0SqVKpUqlSKVIpUilSKVIlQqlCqUXBZkV1vVKpQilCJUIpQilCJU
IpQiVCJTKhRizHuPjBGMEYQQhBGMUYxSjFKMUYQRjBGMUoQRfBF8EYRShFF8EXPQ
dBB0EXQRa9Br0HPQc9Bz0GvQY49bj1uPW49bj1NOUw5LDlMNUw5KzUsNSsxKzUrN
QoxCjDpLQoxCizpKMgk6SkIISklay2MLYwxjDGMMYwxzjnvPe89zjnOOe8+EEIQQ
e8+EEIxRjBGEEXvQjBGMUoxRhBCEEJSSlJKMUYxRlJKUkpSSlJKUkoySnNOc05ST
jJKMUoxSjFGMUYRRjFCEEIPPhBCEEHvPMpEilCKUIpQilSJVIlQiVBpTIlQiU1wa
XBoqlCKUIlUiVSJUIlQiVCJUGlQiFCJUWsxzj4QRhBGEEYQRjFKMUoxSjBKEEYRS
hFF8EHvQfBCEEYQRfBFz0HPRdBB0EWvQa9Br0GvQa9Bjz2OPW05bjltOW05TTVNN
Uw1TDVMOSs1KzULNSs1KzEqMQoxCS0KLOks6CjIJOkpKCEpJWstay2MLYwtjDGMM
c45zjnvPa01rTXvPhBB7z3vPe8+EEIQRhBB8D4RQjFGMUYQQjFGMUYxRjFGMUZSS
lJKUkpSSlJKUUpzTlJOUkoxRjFKMEYxRjFGMUYQQhBB7z4QQhBB70DKRIlQiVCJU
IlQiVCJUGlQiVCJUKlRTmWRbIpQilCKUGlMilCKUIlQiVCJUKhQiE1rMc46EEIQQ
e9CEEIQRhFGMUoQRe9CEEYQRe9Bzz3PQfBF8EXPRa9Bz0HPQdBBrj2uPa9Br0GvQ
a5BjT1tPY49bTltOWw1TDUrNUw1TDUrMSs1KzUrMSsxCizqLOktCSzpLOgoyCTpK
QghCSFrLWstazFrLWstay2tNa01zjmtNa01zz3vPe89zjnvPhBCEEIQPe8+EEIwQ
jBCDz4QQjFGMUYQQhBCMUpSSlJKUkoxSjFKUk5STjFKMEYxRjFCMUIxRhBGEEHwQ
e897z3vPe88y0SKUIlQiVCJUIlQiVCJUGhQiVCJTKlQqlCJUIlQiVBpTIlQiVCJU
IlQiVCJTIlNay3OOhBCEEIPPhBCEEYQRhFF8EHPQfBF8EXPQa9Bz0HQRfBFz0GuP
c9Bz0HPQa49jj2uPa49jj2OPW05TDVtOW05bTlMNSw1LDUsNSs1KzUrMQsxCzELM
QotCizpKQks6CjoJMck6CkHHQghSilKKUotSilKKWstrTWtNc01jTWMMc457z3vP
c457z3wQhBB8EHPPfBCEEYQRe898EIRRjFGEEYQQjFGMUYxRjFGMUYxRlJKUkoxR
jFGMEYQRhBCEEXvQg9B7z3OPe497z3OPMpAiVCJUIlQiVCJUIlQiVBoUIlQiUjsW
S9gy1SJUIlQiVCJUIlQiVCJUIlQiUyITWotrTXvQe9B7z3vQe9GEEYQRe9Bzz3wQ
fBBrz2uPc9Bz0HPQc89rj2vQa9Brz2NPY49jj2OPW49bj1NOUw5bTlMOUw1KzUrM
SsxKzErMQotCi0KLQotCi0JKOgo6CTpKMgkyCTHIMchBx0IHUklSiVKKUopSilKK
YwxrTWtNYwxjDGtNc45zjmtNc457z3vPe89zjnvPfBB8EHPPe9CEEIwQg9CEEIxR
jFGMUYwRhBGEEYxSjFKEEYQQhBGD0IQQhBCEEHvQe89zjnOOe89zjjKRIlQiVCKU
GlQiVCJUIlQaEyJUIlNLVypTQ1ciEyJUIhQiVCJUIlQiUyJUIlMiE1KLYw17z3vP
c457j3vPe9B8EHPPc497z3vPa45jjmuPa9Bz0GuPY05rjmuOY45bTltOW45bTltO
U01TDUsMUwxLDErMQoxCjEKLQotCi0JKQkpCSkJKOko6STIIMcgyCTHIMcgphzHI
OcY5x0pJUklSSVJJUklSSVrLWsxjDFrMWstrTWuOa45rTWtNc45zjnOOc01zznPP
e89zjnOOe897z3vPe8+EEIQQhBCEEIQQhBCMUYxRhBB70HvQe89zj3vPe89zjnOO
a01zTXNNc00yUCJTIlMiVBpTGlMaVCJTEhIiUyITQxciE0MYIhMiExoSIhMiUxpT
GlMaUhoSIhJSSmLMc45zjnNOc05zj3OPc89rjmtNc49rjmNNYw1jTmOOY45jTlsN
Y05jTltOUw1TDVMNUw1TDVLMSotKi0qLQotCi0KKQkpCSkJKQkk6CToJOgk6CTIJ
MggpxymHMYgpiClHIUYpRjmGOYZKCEpJSklKSUpJSklSilrLYstSilKKWstjDGMM
WstjDGtNa01rTWMMa01zjnOOa01zjnOOc45rTXOOe897z3vPe897z3OOhBCEEHvP
c45zjnONc45zjnONa01rTWMMYwxjDGMMMk4iEhoSIhIiESISIhIh0hoSIhIiEkOU
S9VDUyJQIhIaEiJTIhIiEiISIhEiESIQSklay2tNa01jDGMMa01rjWtNYw1jDGtN
Yw1azFrMWw1jDWMNWs1Sy1MMUwxSzEqLSotKy0qKSopKSkJJQklCSToIOgk6CToJ
Ogg5yDHIMcgxxzGHMccxhymHIYYhRiGGKUYhBhkFIQUxhjGFQghCCEIIQgg6B0II
UklSilqKUklSSVLKWstay0pKWstjDGMMWstai2MMawxrTFrLYwtrTWtNYwxjDGtN
a01rTWtNa01rTXOOc45rTWtNa01rDWsMawxjDGLLYstay1rKWspSyiJOIlMiUxpT
GlMaFBoUGhQaExoTGhNDV0tYIhMaEyITGhIaExoTGhMSExoTGdIaEkIJUkpai1rL
UopSilrLWstazFqLUopay1KKSklKikqLUotSi0qKQkpKikqKSklCSUJJQglCCUIJ
Ocg5yDnIOcgxhzGHMYcxhylGKYYphimFKUYpRSlFKUUhRSEFGQUhBSEFIMQYxBjE
KUQpRDmGOcY5xjnGOYY5hkHHSghKCEoIQgdKCFJJUklCCEpJUolSiUqJSkhKiVrK
WopSSVKJWspay1KJUolay2LLYwtjC2LLWspjDGMLWopaylrKWspaylqKWopSiVJJ
UkhSSFJIUkkiDRoTGhMaExoTGhMiFBoTGdMaExoTQxhDGBoTGhMaExoSGlMaEhoT
GdIaExoSGhE5yEIIUklKSUJISkhKiUpJSklKSUpJSklCCEIIQghCCEIIQghCCDnH
QghCCDnHOcc5xznHOYcxhzGGKYYxhjGGKUUpRSlFKUUpRSEFIQQhBCEEGMMhBCEE
IQQYwxjDGMMYwxjDEIMQgzEEKQM5RDFEMUQxRDFEMUQ5hDmFOYUxhTlFOYVBxkHF
OYVBxUoGQcZBxkGGQcZKB0oGQcZKB0pISghCB0oHUkhSSFJIUkhKCEoIUklSSEoH
SgdKCEoISghKB0oHSgdKB0IHQcdBx0HGKc0aExoTGhMaExoTGhMaExnSGhMaEzsX
S5gaExoTGhMSEhoTGdMaExoTGdIZ0hnROUc5hUHGOcY5hTmFQcZBxkHGOcY5hjmG
OYY5hjGFOYU5hTGFMUUxRTGFMYUxRSlEKUQpRClEKUQpBCkEKMMpBCEDIQMgwyDD
IMMgwyDDIMMYwxiDGIMQgxiDGIIQgRCCEEIQghCBEIEowSjCMQIowijCKMIowijD
MMMxAzEDMQMxAzEDOUM5AzkDOQM5QzlDOUNBQ0FDQUNBRDkEQURBREFEQURBhEGE
QYRBhEGEQYRBhEGEQYRBhEGEQYVBhEGEQYRBhEFEQURBRDlEOUQ5RCHLGhMaExoT
GhIaExoTGhMSEhoTGhI7FxpTGhIaEhoSGhIaEhoTGhMaEhoSGhIh0jkGOQM5AzkD
OQM5AzlEOUQ5RDlEOUQ5RDlEOUM5RDFDMUMxQzEDMQMxAzEDMQMxAzEDMQMpAykD
KQMowyjDKMIgwiDCIMIgwiDCIMIgwiCCGIIYghiCGIIYgxiCGIIQQhCCEIIQgRBB
KIIogijCKMIowijCKMIwwjDCMMIwwjECMQIxAjEDMQM5AzkDOQM5AzkDOQI5AzlD
OUNBQ0FEQURBREFEOURBREFEQURBhEGEQYRJhEmESYRJhEmEQURBREFEQURBRDlD
OUM5QzlDOQMhyhoSGhMaExoTGhMaExoTEdIaEhoRQxdLVxoSGhIaEhoRGhIaEhnS
GhIZ0RnRGdE5BTkCOQNBA0FDOUNBRDlEOURBRDlEOUM5QzlDOUM5QzlDOUMxAzED
MQMxAzEDKQMowykDKQMpAykDKMMowyjDKMIgwiDCIMMYwiDCGMIYghiCEIIYghiC
GIIYghiCGIIYghCCEIEQQSCBIIEowTDCKMIowyjCKMIowjDCMMIwwjDCMQIxAzED
MQM5AzkEOQM5AzkDOQM5AzkDOUM5QzlDQURJREFEQURBREGDQYNJhEmESYRJhEmE
SYRJhEmESURBREFEQURBREFEQUQ5RDlEIYoaEhoSGhIaEhoSGhIaEhHSEhIaETsV
QxYaERnSGdIZ0hnSGdIZ0hnSGdIZ0RmROQY5BDkEOQRBA0FEQURBQ0FEQUQ5RDlE
OUQ5RDlEOUQ5QzlDMUMxAzEDMQMxAzEDMQMxAzEDKMMpAykDKQMowyjDKMMowyCC
IMIgwiDCIMIYghiBGIIYghiCGEIYghiCGIIQghCCEIEggiCBIMIowijCKMIowijC
KMMowyjDKMMpAzEDMQMxAzEDMQMxAzEDOUM5AzkDOQM5AzkDOQM5QzlDOUNBg0FD
QUNBREFEQYRBhEFEQURBRElESYRJhEGEQYRBREFEQURBREFEOUQ5AyGKGdIZ0hnS
GhIZ0hnSGhIR0RoRGhBDFUuXKtMR0RHSEdER0RnRGdEZ0RHREdAZ0DkFOQNBA0FD
QUNBQ0FEQURBRDlEOUQ5RDlEOUQ5RDlEOUQxRDFEMQMxAzEDMQMxAzECMQMxAzED
KQMpAikCKQIgwiDCIMIggiDCIMIYwhjCGIIYghiCGIIYghiCEIIQghCCEIEQQRBB
IIIgwSjCKMIowijCMMIwwijCKMIxAjECMQMxAzEDMQMxAzEDMQQxQzEDMQMxAzED
MQMxAzEDOQM5AzlDQUNBQ0FDQUNBQ0FEQURBREFEQURBREFEQUQ5QzlEOQQ5QzlD
OUM5QzFDMQMhihnRGdIZ0hnSGdIZ0hnSEZEZ0RnRIdIaERnRGdER0RHREdER0RHR
EdER0RHRGc85BTkDOQM5AzkDQURBREFDQUNBQ0FDQUM5QzlDOUM5QzlDOUM5QzFD
MUMxQzEDMQMxAzEDKQMpAykDKQMpAyDDKMMgwiDCGMIYwiDCGMIYwhiCGIIYghiC
GIIYghhBGIEQgRCBEIEQgSCCIIIggiDCKMIowijCKMIowijCKMIwwjDCMQIxAjEC
MQIxAzEDOUMxAzEDMQM5QzlEOQMxAjECOQM5AzlDOUM5QzlEQURBREFDQYRBREFE
QURBREFEQURBREFEQURBREEEOUQxAzEDIUkR0BHQEdARkRHREdER0QmQEdAR0BHQ
EdAR0BHQEdAR0BHQEdAR0BHQEdAR0BmPMQU5AzkDOQM5AzkDOUM5QzlDOUM5QzlE
OUQ5RDkEMQQxAzEDMQMxAzEDMQMxAzEDMQMpAykDKQMpAykDKQMpAyjDKMMgwyDD
IMMgwyDDGMIYwhiCGIIYghiCGIIYQRCBEIEQgRBBEEEggSCBIIIogijCKMIowijC
KMIowijCKMIowikCKQMxAzEDMQMxAzEDMQMxAzEDMQMxAyjDMQMxAzlDOQM5AzkD
OUM5RDlEOUNBQ0GESYRBhEFEQURBREFEQURBREFEQURBREFEQUQ5BCEEEMYQxgjH
EQcQxxDHEMYQxhDGEMYQxhDGEMYIxhDGEMYRBxDHEMcQyBDHEMcYxzDCMQM5AzkD
OQM5AzlDOUM5QzlDOUM5QzlDOUQ5AzkDOQMxBDEEMQMxAzEDMMMxAykDKQMpAykD
KQMpAijDKMMgwyDCIMIgwiDCGMIYwhjCGMIYghiCGIIYghiCGIEYgRiBGIEQgRBB
IIIggiCCIIIowyjCKMIowijCKMIowijCKMIowyjDMQMxAykDMQMxAzEDMQMxAzkD
MQMxAzEDOQQ5QzlDOUNBQzlDOUM5hDlEQURBREFEQURBREGEQYRBhEFEQURBREFD
QURBREEDOUMxAyjDIIMggyCDIIMggyCDIIMggyCDIIMggyCCGIIYghiCGIIYghiC
GIMYghiDIMIxAjkDOQM5AzlDOURBREFEOQRBRDlDOUM5RDlDOUM5QzlDMUMxQzED
MQMxAzEDKQMpAyjDKQMpAykDIQMgwiDCIIIgwiDCIMIYwhjCGMIYwhjCGIIQghiC
GIIYQhiCGIEQghCCEIEQQSCCIIIggiCCKIIowijCKMIowijCKMIowijCKMIowijC
KMIowjEDMQMxAzEDMQMxAzkDOQM5AzlDOUM5QzlDOUM5QzlDQUNBQ0FEQURBRElE
QURBREFEOURBQ0FEQQNBQ0FDQUNBQzlDMQIpAyjDIMMgwyDDIMMgwyCDIIMgwyDD
IMIgwyDDIMMggyDDIMMgxCDDIMMowzEDOQRBBDkEQUQ5RDlDOUM5QzlDOUQ5RDlE
OUM5gzlDOUM5QzFDMUMxAzEDMQMxAzEDKQMpAykDKQMpAyEDIMMgwyDDIMMgwyCC
IMIgwiDCIMIgwhjCGIIYghiCGIIYghhCGIIQgRCBEEEggSCBIIEggSCCIMIgwiDC
IMIgwyjCKMIwwjDCMMIwwjEDMQMxAzEDMQMxAzEDMUMxQzFDOUM5QzlDOUM5QzlD
OUM5QzlEOURBREFEQURBREFDQUNBQ0FDOUM5QzlDOUM5QzFDOUM5RDEDKMMowyjD
IMMgwyDDIMIgwyjDKMMowykDKMMowyjDKMMowyjDKMMowyjDKMMwwzkDOUM5QzlD
OUQ5QzlDOUM5QzlDOUM5RDlEOQQ5BDEDMQMxAzEDMQMxAjEDMQMxAykDKQMpAykD
KQMhAykDKMMowyDDIMIgwhjCIMIgwiDCGMIYghiCGIIYghiCEIIQghCBEEEIQRBB
IIIggiCCKMIowijCKMIowijCMMIwwijCKMMwwzEDMQMxAzkDMQMxAzEDMQMxAzED
MQM5AzkDOUM5QzlDOUQ5QzlDQUNBQ0FEOUM5QzlEOUQ5Q0FDOUNBQ0FDOUM5QzlD
OUM5AzkDOQM5AzDDKMMowyjDKMMowyjDKMMowyjDKMMpAykDKMMowyjDKMMowyjD
KMMowyjDKQMxAzlEOUM5RDlDOUMxQzlDOUM5QzkDMQMxAzEDMQIxAzEDMQMxAzED
MQMxAzEDMQMpAykDKQMpAykDKQMpAyDCIMIgwiDCIMIYwhjCGMIYghiCGIIYghiC
GIIYghiBEIIQQRBBEEEQQSDBIMEgwSjCKMIowjDCKMIowijCKMIowijCMQIxAjEC
MQM5AzEDMQMxAzEDMQMxAzkDOQM5AzkDOQM5AzkDOQM5QzlDOUQ5RDlEOUQ5QzlE
OUM5QzlDQURBREFEQURBREFEQUNBREEEOQMxAzEEMQMxBDEEMQQxBDEDKMMpAzED
MQMpAykDKMMowijDKMMowyjDKMMowyjDMQMxBDEDMQMxAzEDOQM5AzlDOUM5AzlD
OUMxAzFDMQMxAzEDMQMxAzEDMQMpAykDKQMpAykDKMIowijCKMIowiCCIMEgwiDC
GMEYwhiCGIIYghiCGIIYQhiCGIIYghiCGIIQQhBBEEEggSCBIMEgwSDCKMIowijC
MMIwwijCKMIowjEDMQMxAzEDMQMxAzEDMQMxAzlDOUM5QzlEQUQ5RDlEOURBREFD
QUNBQ0FDQUNBQ0FEQURBREFEQURBREFEQUNBQ0FDQUNBA0FDOUM5QzlDMQMxAzDD
MMMxAzEDKMMowyjDKMMpAzEDMMMwwyjDKMIowyjDKMMowzDDMQMxAzEDOUQ5BDED
MQMxAzkDMUMxAzEDMQMxAzEDMQMxAzEDMQMxAzEDMQMpAykDKQMpAyjDKMMowyjD
KMMowyDCIMIgwiDCIMIgghiCGIIYgRiCEIIYghiCGIEYgRiBEIEQgRCBEIEQQRBB
IIEowSjBKMEowSjBKQIwwijCKMIowzDDKMMwwzEDMQMxAzEDMQMxAzEDOQM5AzkD
OQM5AzkDOUM5QzlDOUM5QzlDOUQ5QzlDOUNBREFEQURBREFEQURBRDlDOUM5Q0FD
OUM5AzlDOUM5QzkDOQMxAzEDMQMpAzEDMQMxAzEDMQMxAzEDMMMowyjCKMMowyjD
KMMpAyjDKQMxAzEDMQMxAzEDMQMxAzEDMQMxAzEDMQMxAzEDMQMxAzEDMQMxAzED
KQMpAykDKQMpAyDDKMIowijDKMIgwiDCIMIgwiDCGMIgwhiBGIIYghiCGIIYghiC
GIIYgRiBGIEQgRCBEIEQQiCBIIEogiiCKMIowijCKMIowijCKMIowijCKMIowyjD
MMMxAzEDMQMxAzEDMQM5AzkDOQM5QzlDOUM5QzlDOUM5RDlEQURBQ0FDQUNBQ0FD
QUNBREFEQUNBQ0FDQUNBQ0FDQQNBQ0FDOUM5AzEDMQMxAzEDKQMpAykDKMMpAyjD
KMMpAykDKMMowyjDKMMowyjDMMMwwjECMQMxAzEDMQMxAzEDMQMxAzEDMQMxAykD
MQMxAzEDMQMowjEDKQMpAykDKQMpAikCKQIpAyjDKMMowyjDIMIgwiDCIMIggiDC
GIIgghiCGIIYgRiBGIEYgRiBEIEQgRCBEEEQQRBBEEEggSCBIIEgwSjCKMIowijC
KMIowijCKMIowijCKMIwwjDDMQMxAjEDMQMxAzEDOQMxAzEDOQM5BDkDOQM5AzkD
OUNBQzlDOUQ5QzlDOUM5QzlEOUQ5QzlDOUM5QzlDOUM5QzlDOUM5QzEDMQMxAzED
MQMxAzEDMMMxAzEDMQMxAjEDMQMpAykDKMMowyjDKMMowyjCMQMxAzEDOQMxAzED
MQMxAzECMQMxAzEDMQMxAzEDMQMxAykDMQMxAzEDKQMpAykCKMIowijCKMMowyjD
IMMgwiDCGMIgwiDCIMIgwiCCGIIYghiCGIEYgRiCEIIQgRCBEEEQQRBBEEEQQRBB
IIEggSDBIMEgwijCKMEowijCKQIowijCKMIowijCKQIpAikCKQIpAjECMQI5AzlD
MQMxAzEDMQM5AzkDOQM5AzlDOUM5QzlDOUM5QzlDOUM5QzlDOUM5QzlDOUM5QzlD
OUM5QzlDOUMxAzEDMQMxAzEDMQMxAzEDMQMxAzEDMQMxAzEDMQMxAzEDMMMwwzDD
MQMxAzDCMQMxAzEDMQMxAzEEMQMpAzEDMQMxAzEDMUMxAykDKQMpAykDKQMpAykD
KQMhAyEDIQMpAyjDKMMowijCIMIgwiDCIMIgwiCCIIIYghiCGIIYghCCGIEYgRiB
EIEQgRCBEEEQQQhBEEEQQSCCIMEowSDBKMEowSjCKMIowikCKMMowijCKMIowijC
KMIxAzEDMQMxAzEDMQMxQzEDMQMxBDEDMQMxAzEDMQMxAzlDOUM5QzlDOUM5Q0FE
OUM5QzlDOUM5BDkEOUQ5QzlDOUMxQzkDMQMxAzEDMQMxAzEDMQMxAjEDMQMxAzED
MQMxAzDDKMMowyjDKMMowyjDKMMowyjDMMMxAzEDMQMxAzEDMMMxAzEDMQMxAzED
MQMxAzDCKQMpAykDKMMowyjDKMMowyjDKMIgwiDCIMIgwSDCIMIgwiDCGMIYghiC
GIIYghiCGIIYghiCGEIYghiCEIEQQRBBEEEQQQhAEEEggSCBIIEggSjBKMEowSjB
KMEowijCKMIowijCKMIowijCKMIpAykDKQMxAzEDMQMpAzEDMQMxAzEDMQM5AzED
MQMxAzEDMQM5AzlDOUM5QzkDMQM5AzEDMQM5AzkDOQM5RDlDOQM5AzEDMQMxAzED
MQQxAzEDKMMowyjDKMMowyjDKMMowyjCKMMowyjDKMMowyjDKMMwwzEDMQMxAzED
MQMxAzEDMQMxAykDKQMowyjDMQMxAykDIQIgwiDCIMMgwyDDKMMowyDDIMMgwiDC
IMIgwiCCGMIgwiDCIMIgwiCCIIIgghiCGIIYghiCGIIQghiCEIEQgRBBEEEQQRBB
IIEggSDBIMEgwSDBIMIowijCKMIgwijCKMMowyjCKMMgwyjDKMMpAykDKQMpAykC
KQIpAzEDMQMxAzEDMQQxAzEDKQIxAzEDMQMxAzEDMQMxAzEDMQMxAzEDMQMxAzED
OQM5AzkDOQMxAzEDMQMxAzDDKMMowyjDKMMowyjDKMMowijDKMMowyjDKMMowyjD
KMMowyjDKMMxAzEDMQMxAzEDMQMxAzEDMQMxAzDDKQMpAykDKUMpAykDKQMpAyjC
KMMowyjDIMIowijCKMIgwiDCIMIgwiDCIMIYwiDCGIIYghiCGIIYghiCGEIYgRiB
GIEQgRBBEEEQQRBAEEEQQSCBIIEogSjCKMIgwijCKMIowijCKMIowijCKMIowijC
KMIowijCMMIpAikCKQIpAikCKQMpAzEDMQMxAzEDMQMxBDEDMQMxAzEDMQMxAzED
OQM5AzkDOQM5AzEDMQMxAzEDMQMxAzEDMQMowykDKQMpAyjDKMIowyjDKMMpAykD
KQMpAyjDKMMowyjDKQMpAykDKQMpAykDMQMxAzEDMQMxAzEDMQMxAzEDKQMxAykD
KQMpAykCKQIpAyECIMMgwyDDIMMgwiDCIMIgwiDCIIIgwiDCIMIgwiDCIMIgwhjC
GIIYghiCGIIYghiCGIIYghiBGIEYgRCBEEEQQRBBEEEggiCCIIIggiCBIIEggSiB
KMIowijCKMMowijCKMIowijCKMIowijCKMIowykDKQIpAikCMQMxAzEDMQMxAzED
MQMxAzEDMQMowzEDMQMxAzEDMQMxAzEDOQMxQjFDMUMxAzEDMQMxAzDCMMMwwzDD
MMQxAzEDKQMpAyjDMMMowyjDKMMowyjDKMMowyjCKMIowyjDKMMwwyjDKMMpAykD
KQMpAykCKQMpAykDKQMpAykDKQIowikCKMIowijCKMIowijDKMIgwiDCIMIgwiDB
IMIgwiDCIMIggRiCGIIYghiCGIIYgRiBGIEYgRiBGIEYgRiBGIEYQRhBGEIQQRBB
IIEggSCCIIIggSCCIIIggiCCIMIgwiDCIMIgwiDDKMIowijCKMIowyjCKMIowikC
KQMpAzEDMUMxAzEDMQMwwzEDMQMxBDEDMQMxAzEDMQMxAzEDMQMxQzFDMUMxQzED
MQMxAzEDMQMpAykDKQMpAzEDMQMpAyjDMMMxAykDKQMowyjDKMMowykDKQMpAyjD
KMMowyjCMMMpAzEDMQMxAykDKQMpAykDMQMpAykDKQMpAyjDKMMpAyjCKMIowyDC
IMIgwiDCIMIgwhjCIMIgwiDCIIEggiCBIIIYghiCGIIYghiCGIIYgRiBGEEYgRiB
GIEYgRhBGEEQQRBBEEEQQSiCIIIggiCCIIIgwiDCIMIgwiDCIMIowijCKMIpAijC
KMIowijCKMIpAyjDKMIowzEDMQMxAzEDMQMxAzEDMQMxAzEDOUMxAzEDMQMxAzED
KQMxAzEDMQMxAzEDMQMxAzEDMQMxAzEEMQMxAzEDMQMxAzEDKQMowykDKQMpAykD
KQMowyjDKMMpAyjDKMMowyjDKMMowyjDKQMpAykDKQMpAikDKQMpAyjDKMIowykD
KMIowijCKMIowyjCKMIggiDCIMMgwyDDGMIgwiDCIMIgwSCCIIIYghiCGIIYghiC
GIIYghiCGEEYghiCGIEYgRiBGEEYQRhBEEEQQRBBEEE=
END m9
frame   126 :  a blue cube~ +48.13*  a red cube~ -17.89   led 255/  0 h1.00 lvl+15.12   MATCH a blue cube~ (cos 0.188)
frame   127 :  a blue cube~ +48.15*  a red cube~ -17.56   led 255/  0 h1.00 lvl+15.30   MATCH a blue cube~ (cos 0.189)
frame   128 :  a blue cube~ +47.96*  a red cube~ -17.13   led 255/  0 h1.00 lvl+15.41   MATCH a blue cube~ (cos 0.187)
frame   129 :  a blue cube~ +46.93*  a red cube~ -16.02   led 255/  0 h1.00 lvl+15.46   MATCH a blue cube~ (cos 0.178)
frame   130 :  a blue cube~ +47.66*  a red cube~ -16.41   led 255/  0 h1.00 lvl+15.63   MATCH a blue cube~ (cos 0.192)
frame   131 :  a blue cube~ +49.21*  a red cube~ -17.68   led 255/  0 h1.00 lvl+15.77   MATCH a blue cube~ (cos 0.202)
frame   132 :  a blue cube~ +49.30*  a red cube~ -17.73   led 255/  0 h1.00 lvl+15.78   MATCH a blue cube~ (cos 0.193)
enrol     : a blue cube~, level +15.29, scatter 5.37 (20 frames, visit 1 of 2)
enrol     : 2 classes, nearest pair 99.20 apart, spread 5.37 (18.5x over 1 visit), absent beyond 198.40 (2.0 sep)
            Measured over 1 visit, so this ratio cannot see how far a class moves
            when it is staged again - which is what decides the run. Show each class
            again ('1'/'2' on a later visit) to make it mean something.
            'a blue cube~' SITS 0.44 SEP FROM THE ORIGIN, which is where a scene identical to
            the frozen background lands. Presence cannot separate the two, so an empty
            desk will read as that class. Re-freeze the background ('N') on a scene
            that is actually empty, or enrol a class that looks less like it.
frame   133 :  a blue cube~ +49.12*  a red cube~ -17.82   led   0/244 h0.00 b0.98 lvl+15.65 d0.04   MATCH a blue cube~ (cos 0.191, nearer by 99.20)
frame   134 :  a blue cube~ +49.63*  a red cube~ -18.10   led   0/242 h0.00 b0.98 lvl+15.77 d0.05   MATCH a blue cube~ (cos 0.197, nearer by 99.20)
frame   135 :  a blue cube~ +49.19*  a red cube~ -17.94   led   0/243 h0.00 b0.98 lvl+15.62 d0.04   MATCH a blue cube~ (cos 0.189, nearer by 99.20)
frame   136 :  a blue cube~ +49.19*  a red cube~ -17.41   led   0/244 h0.00 b0.98 lvl+15.89 d0.04   MATCH a blue cube~ (cos 0.192, nearer by 99.20)
frame   137 :  a blue cube~ +49.66*  a red cube~ -18.10   led   0/242 h0.00 b0.98 lvl+15.78 d0.05   MATCH a blue cube~ (cos 0.197, nearer by 99.20)
frame   138 :  a blue cube~ +50.59*  a red cube~ -18.47   led   0/239 h0.00 b0.97 lvl+16.06 d0.06   MATCH a blue cube~ (cos 0.203, nearer by 99.20)
frame   139 :  a blue cube~ +49.60*  a red cube~ -17.91   led   0/242 h0.00 b0.98 lvl+15.85 d0.05   MATCH a blue cube~ (cos 0.187, nearer by 99.20)
frame   140 :  a blue cube~ +47.74*  a red cube~ -16.78   led   0/248 h0.00 b0.99 lvl+15.48 d0.02   MATCH a blue cube~ (cos 0.175, nearer by 99.20)
frame   141 :  a blue cube~ +47.06*  a red cube~ -16.85   led   0/250 h0.00 b0.99 lvl+15.11 d0.02   MATCH a blue cube~ (cos 0.180, nearer by 99.20)
frame   142 :  a blue cube~ +47.15*  a red cube~ -16.62   led   0/250 h0.00 b0.99 lvl+15.26 d0.02   MATCH a blue cube~ (cos 0.186, nearer by 99.20)
frame   143 :  a blue cube~ +47.20*  a red cube~ -17.01   led   0/249 h0.00 b0.99 lvl+15.09 d0.02   MATCH a blue cube~ (cos 0.186, nearer by 99.20)
frame   144 :  a blue cube~ +48.04*  a red cube~ -17.13   led   0/247 h0.00 b0.99 lvl+15.46 d0.03   MATCH a blue cube~ (cos 0.194, nearer by 99.20)
frame   145 :  a blue cube~ +49.40*  a red cube~ -17.69   led   0/243 h0.00 b0.98 lvl+15.86 d0.04   MATCH a blue cube~ (cos 0.202, nearer by 99.20)
frame   146 :  a blue cube~ +50.08*  a red cube~ -18.13   led   0/241 h0.00 b0.97 lvl+15.97 d0.05   MATCH a blue cube~ (cos 0.200, nearer by 99.20)
frame   147 :  a blue cube~ +48.89*  a red cube~ -17.72   led   0/244 h0.00 b0.98 lvl+15.58 d0.04   MATCH a blue cube~ (cos 0.183, nearer by 99.20)
frame   148 :  a blue cube~ +40.61*  a red cube~ -7.73   led   1/186 h0.09 b0.95 lvl+16.44 d0.09   MATCH a blue cube~ (cos 0.108, nearer by 81.09)
frame   149 :  a blue cube~ +20.81*  a red cube~ +6.50*   led  15/ 70 h0.33 b0.83 lvl+13.65 d0.33   MATCH a blue cube~ (cos -0.036, nearer by 32.95)
frame   150 :  a blue cube~ +13.75*  a red cube~ +5.37*   led  19/ 57 h0.38 b0.81 lvl+9.56 d0.38   MATCH a blue cube~ (cos 0.022, nearer by 24.56)
frame   151 :  a blue cube~ +8.43*  a red cube~ +4.67*   led  22/ 48 h0.41 b0.80 lvl+6.55 d0.41   MATCH a blue cube~ (cos 0.015, nearer by 18.04)
frame   152 :  a blue cube~ +4.82*  a red cube~ +4.12*   led  23/ 43 h0.43 b0.78 lvl+4.47 d0.43   MATCH a blue cube~ (cos 0.013, nearer by 13.72)
frame   153 :  a blue cube~ +4.05*  a red cube~ +2.87*   led  23/ 44 h0.43 b0.79 lvl+3.46 d0.43   MATCH a blue cube~ (cos 0.029, nearer by 14.39)
frame   154 :  a red cube~ +2.72*  a blue cube~ +2.05*   led  24/ 41 h0.44 b0.78 lvl+2.39 d0.44   MATCH a blue cube~ (cos 0.014, nearer by 11.77)
frame   155 :  a red cube~ +3.05*  a blue cube~ +0.94   led  25/ 39 h0.45 b0.77 lvl+1.99 d0.45   MATCH a blue cube~ (cos 0.016, nearer by 9.74)
frame   156 :  a red cube~ +2.81*  a blue cube~ +1.06   led  25/ 39 h0.45 b0.78 lvl+1.93 d0.45   MATCH a blue cube~ (cos 0.024, nearer by 10.25)
frame   157 :  a red cube~ +2.67*  a blue cube~ +1.09   led  25/ 40 h0.45 b0.78 lvl+1.88 d0.45   MATCH a blue cube~ (cos 0.024, nearer by 10.48)
frame   158 :  a red cube~ +2.82*  a blue cube~ +0.26   led  25/ 38 h0.45 b0.77 lvl+1.54 d0.45   MATCH a blue cube~ (cos 0.015, nearer by 9.11)
frame   159 :  a red cube~ +2.45*  a blue cube~ +0.04   led  25/ 38 h0.45 b0.77 lvl+1.24 d0.45   MATCH a blue cube~ (cos 0.018, nearer by 9.31)
frame   160 :  a red cube~ +2.35*  a blue cube~ +0.38   led  25/ 39 h0.45 b0.78 lvl+1.36 d0.45   MATCH a blue cube~ (cos 0.023, nearer by 9.95)
frame   161 :  a red cube~ +2.51*  a blue cube~ -0.25   led  26/ 38 h0.46 b0.77 lvl+1.13 d0.46   MATCH a blue cube~ (cos 0.015, nearer by 8.83)
frame   162 :  a red cube~ +2.44*  a blue cube~ -0.03   led  25/ 38 h0.45 b0.77 lvl+1.21 d0.45   MATCH a blue cube~ (cos 0.021, nearer by 9.22)
frame   163 :  a red cube~ +2.54*  a blue cube~ -0.58   led  26/ 37 h0.46 b0.77 lvl+0.98 d0.46   MATCH a blue cube~ (cos 0.014, nearer by 8.31)
frame   164 :  a red cube~ +2.85*  a blue cube~ -1.58   led  27/ 35 h0.47 b0.77 lvl+0.63 d0.47   MATCH a blue cube~ (cos 0.008, nearer by 6.45)
frame   165 :  a red cube~ +3.34*  a blue cube~ -1.69   led  27/ 35 h0.47 b0.76 lvl+0.82 d0.47   MATCH a blue cube~ (cos 0.013, nearer by 5.60)
frame   166 :  a red cube~ +2.82*  a blue cube~ -1.32   led  26/ 36 h0.47 b0.77 lvl+0.75 d0.47   MATCH a blue cube~ (cos 0.018, nearer by 6.87)
frame   167 :  a red cube~ +2.51*  a blue cube~ -0.85   led  26/ 37 h0.46 b0.77 lvl+0.83 d0.46   MATCH a blue cube~ (cos 0.020, nearer by 7.97)
frame   168 :  a red cube~ +2.76*  a blue cube~ -1.13   led  26/ 36 h0.46 b0.77 lvl+0.82 d0.46   MATCH a blue cube~ (cos 0.014, nearer by 7.22)
frame   169 :  a red cube~ +2.51*  a blue cube~ -0.49   led  26/ 38 h0.46 b0.77 lvl+1.01 d0.46   MATCH a blue cube~ (cos 0.022, nearer by 8.47)
frame   170 :  a red cube~ +1.66*  a blue cube~ -0.18   led  25/ 39 h0.45 b0.78 lvl+0.74 d0.45   MATCH a blue cube~ (cos 0.021, nearer by 10.13)
frame   171 :  a red cube~ +1.95*  a blue cube~ -0.38   led  25/ 39 h0.45 b0.77 lvl+0.79 d0.45   MATCH a blue cube~ (cos 0.017, nearer by 9.43)
frame   172 :  a red cube~ +2.20*  a blue cube~ -0.47   led  26/ 38 h0.45 b0.77 lvl+0.86 d0.45   MATCH a blue cube~ (cos 0.017, nearer by 8.94)
frame   173 :  a red cube~ +2.59*  a blue cube~ -0.34   led  26/ 38 h0.46 b0.77 lvl+1.12 d0.46   MATCH a blue cube~ (cos 0.019, nearer by 8.58)
frame   174 :  a red cube~ +2.91*  a blue cube~ -0.73   led  26/ 37 h0.46 b0.77 lvl+1.09 d0.46   MATCH a blue cube~ (cos 0.015, nearer by 7.57)
frame   175 :  a red cube~ +2.87*  a blue cube~ -0.59   led  26/ 37 h0.46 b0.77 lvl+1.14 d0.46   MATCH a blue cube~ (cos 0.019, nearer by 7.82)
frame   176 :  a red cube~ +2.57*  a blue cube~ -0.46   led  26/ 38 h0.46 b0.77 lvl+1.05 d0.46   MATCH a blue cube~ (cos 0.019, nearer by 8.45)
frame   177 :  a red cube~ +2.30*  a blue cube~ -0.34   led  26/ 38 h0.45 b0.77 lvl+0.98 d0.45   MATCH a blue cube~ (cos 0.019, nearer by 8.99)
frame   178 :  a red cube~ +2.46*  a blue cube~ -0.38   led  26/ 38 h0.46 b0.77 lvl+1.04 d0.46   MATCH a blue cube~ (cos 0.018, nearer by 8.69)
frame   179 :  a red cube~ +2.76*  a blue cube~ -0.78   led  26/ 37 h0.46 b0.77 lvl+0.99 d0.46   MATCH a blue cube~ (cos 0.015, nearer by 7.73)
frame   180 :  a red cube~ +2.70*  a blue cube~ -0.61   led  26/ 37 h0.46 b0.77 lvl+1.05 d0.46   MATCH a blue cube~ (cos 0.019, nearer by 8.04)
frame   181 :  a red cube~ +2.89*  a blue cube~ -1.30   led  26/ 36 h0.47 b0.77 lvl+0.80 d0.47   MATCH a blue cube~ (cos 0.011, nearer by 6.80)
frame   182 :  a red cube~ +2.61*  a blue cube~ -0.42   led  26/ 38 h0.46 b0.77 lvl+1.10 d0.46   MATCH a blue cube~ (cos 0.024, nearer by 8.43)
frame   183 :  a red cube~ +2.63*  a blue cube~ -0.48   led  26/ 37 h0.46 b0.77 lvl+1.07 d0.46   MATCH a blue cube~ (cos 0.018, nearer by 8.32)
frame   184 :  a red cube~ +3.13*  a blue cube~ -1.02   led  26/ 36 h0.47 b0.77 lvl+1.06 d0.47   MATCH a blue cube~ (cos 0.013, nearer by 6.85)
frame   185 :  a red cube~ +2.76*  a blue cube~ -0.43   led  26/ 37 h0.46 b0.77 lvl+1.16 d0.46   MATCH a blue cube~ (cos 0.022, nearer by 8.22)
frame   186 :  a red cube~ +2.87*  a blue cube~ -0.55   led  26/ 37 h0.46 b0.77 lvl+1.16 d0.46   MATCH a blue cube~ (cos 0.017, nearer by 7.89)
frame   187 :  a red cube~ +3.44*  a blue cube~ +0.50   led  26/ 38 h0.46 b0.77 lvl+1.97 d0.46   MATCH a blue cube~ (cos 0.028, nearer by 8.57)
frame   188 :  a red cube~ +23.32*  a blue cube~ -10.90   led  74/ 14 h0.68 b0.84 lvl+6.21 d0.32   MATCH a red cube~ (cos 0.187, nearer by 35.67)
frame   189 :  a red cube~ +46.41*  a blue cube~ -25.90   led 216/  0 h0.95 b0.98 lvl+10.26 d0.05   MATCH a red cube~ (cos 0.288, nearer by 89.53)
frame   190 :  a red cube~ +60.78*  a blue cube~ -35.31   led 222/  0 h1.00 b0.94 lvl+12.74 d0.12   MATCH a red cube~ (cos 0.281, nearer by 99.20)
frame   191 :  a red cube~ +59.29*  a blue cube~ -33.78   led 228/  0 h1.00 b0.95 lvl+12.75 d0.10   MATCH a red cube~ (cos 0.173, nearer by 99.20)
frame   192 :  a red cube~ +56.60*  a blue cube~ -31.41   led 238/  0 h1.00 b0.97 lvl+12.60 d0.06   MATCH a red cube~ (cos 0.156, nearer by 99.20)
frame   193 :  a red cube~ +56.27*  a blue cube~ -30.97   led 239/  0 h1.00 b0.97 lvl+12.65 d0.06   MATCH a red cube~ (cos 0.171, nearer by 99.20)

enrol     : the next 20 frames are 'a red cube~' AGAIN - they join the visit(s) it already has. HOLD THE SCENE STILL until it lands.
frame   194 :  a red cube~ +54.84*  a blue cube~ -29.21   led 245/  0 h1.00 b0.98 lvl+12.82 d0.04   MATCH a red cube~ (cos 0.158, nearer by 99.20)
frame   195 :  a red cube~ +54.34*  a blue cube~ -28.53   led 248/  0 h1.00 b0.99 lvl+12.90 d0.03   MATCH a red cube~ (cos 0.163, nearer by 99.20)
frame   196 :  a red cube~ +54.28*  a blue cube~ -28.39   led 248/  0 h1.00 b0.99 lvl+12.94 d0.03   MATCH a red cube~ (cos 0.165, nearer by 99.20)
frame   197 :  a red cube~ +53.76*  a blue cube~ -27.40   led 251/  0 h1.00 b0.99 lvl+13.18 d0.01   MATCH a red cube~ (cos 0.161, nearer by 99.20)
frame   198 :  a red cube~ +54.55*  a blue cube~ -28.11   led 248/  0 h1.00 b0.99 lvl+13.22 d0.03   MATCH a red cube~ (cos 0.172, nearer by 99.20)
frame   199 :  a red cube~ +54.32*  a blue cube~ -28.10   led 248/  0 h1.00 b0.99 lvl+13.11 d0.02   MATCH a red cube~ (cos 0.164, nearer by 99.20)
background: after 30 frames (frozen, room spread), this room reads  a red cube~ -0.023 +-0.0035 (COCO -0.018 +-0.0701)  a blue cube~ 0.020 +-0.0035 (COCO -0.003 +-0.0644)
frame   200 :  a red cube~ +53.39*  a blue cube~ -27.16   led 252/  0 h1.00 b0.99 lvl+13.12 d0.01   MATCH a red cube~ (cos 0.157, nearer by 99.20)
frame   201 :  a red cube~ +53.77*  a blue cube~ -27.45   led 251/  0 h1.00 b0.99 lvl+13.16 d0.01   MATCH a red cube~ (cos 0.166, nearer by 99.20)
frame   202 :  a red cube~ +54.87*  a blue cube~ -28.34   led 247/  0 h1.00 b0.99 lvl+13.27 d0.03   MATCH a red cube~ (cos 0.175, nearer by 99.20)
frame   203 :  a red cube~ +55.67*  a blue cube~ -28.70   led 245/  0 h1.00 b0.98 lvl+13.48 d0.04   MATCH a red cube~ (cos 0.176, nearer by 99.20)
frame   204 :  a red cube~ +56.20*  a blue cube~ -29.39   led 242/  0 h1.00 b0.98 lvl+13.40 d0.05   MATCH a red cube~ (cos 0.176, nearer by 99.20)
frame   205 :  a red cube~ +55.65*  a blue cube~ -29.37   led 243/  0 h1.00 b0.98 lvl+13.14 d0.04   MATCH a red cube~ (cos 0.167, nearer by 99.20)

snapshot  : frame 206, mean RGB 124 115 116
BEGIN m9 128 128 32768 1515a8ae
WohiymLJSkdSiGtLa0trC2MLa0yED4QQhA97joQQjFGMkYxQjFCMkZTSlNKU05TT
lJKMUZTTnROc05SSlJKdFJ0UnRSdE5zTpRSlFJzTlNOlFK0UrVWlVJ0UpVWtVa2V
pRSlFK1VrVatVa1VpRSdFKVUpVWtVa1VpRSlFaVVrZatVqUUpRWlVaWWpValFaUV
pRWlVaUVnRSlFaVVpVWdFJ0UpRSlVaVVnVWdFZzUnRSdFJzTlNOU1JTUlNSU1JTU
jNSM04zSjJKM04ySjJKEkoSShJJ8UXxRfFF8UXxRdFF0EGvPdBB0EGvPY49jj2vP
a89jz2OOW01bTVtNW01bTFqIYsljCUpHUohrTGtMa0tjC2tNhA+MEIQPe86EEIxR
jJKMUYxRjJKU05TTnNOc05TSjFGU05zTnNOUkpSTnRSlFJ0UnNOc06UUpRSc05zT
pRSlVKVVpVWdFKVVpVWlVaUUpRStFa1VrVWlVaUVpRStFa1VrVWtVqUVpRWtVa1W
rValFa1VrVWtVq1VpRWlFaUVrValVp0UpRWlFaVVnRSdFJ1VpVWlFaUVnRSVFJ0U
nRSc1JzUlNSU1JTUlNSU1JTUjNOMk4ySlNOMkoyShFGEUoSSfFF8EXwRfFF8UXxQ
dBBrz3QQc9Brz2uOY45rz2vPa85jjltMW01bTVNNW01SiWLKYspSCFJJawxrTGtL
YwtrTIQOjFCED3POhBCMUYxSjFGMUZSSnNOc05zTnNOU0pSSnNOdE50TlJKUkp0U
pRSlFJzUnNOlFKUUnNOc050UpVWtVa1VpRStVa1VrVWlFKUUrVStVa1VrVWlFaUU
pVWtVq1WrValFa0VrVatVq1WpRWtFa1WrVatVqUVpRWlVqVWpRadFKUVpVWlVZ0U
nRSdVaVVpVWdFZ0UnNSdFJ0UnRSc1JTUlNSU1JTUlNSU04zTjJOMk4yTjJKEknxS
hJKEknxSfFF8EXxRfFF8EXQQa9B0EXQQa89jj2OPa9Br0GPPY45bTVtNW01bTVtN
WkhqymrKUkdSSGsMc0xrTGsLa0yED4xPhBBzjoQQjFGUkoxRjFGUkpzTnNOc05zS
lJKMUZTTnNOc05SSlJKlFKUUpROc05zTpRSlFJzTnNOlFK1VrVSlVJ0UpVWlVa1W
pRSlFKVVrVWtVq1WrRWlFK1VrVatVa1WpRWtFaVVrVatVaUUrRWtVa1VrVWlFKUV
pVWtVaUVnRSlFaUVpVWdFJ0UpVWlFaUWnRWdFJUUnRWdFJUUlNOU05TUlNSU1JTU
lNOM04ySjJOM04ySjJKEUYSShJJ8UnxRdBF8UXxRfBB0EGvQdBB0EGvPY45jjmvP
Y89jz2OOW01bDFtNW01bTFKIYspqylJIUkhrC2tLa0xrC2sMhA+MUIQQc4+EEIxR
lJKMUYxRlJKc05zTnNOc05SSlJKU050TnNOUkpSSnNOlFKUUnNOc06UVpRSk1JzT
pRStVa1VrRWlFK1VrVWtVaUVpRWtFa1WrVatVqVVpRSlVa1VrVatVqUVpRWlVa1W
rValFaUWrVatVq1WpRWlFa0WrValFZ0VpRWlVaVWpRWdFKVVpRWlVZ0VnRSVFJ0U
nRSdFJTUlNSU1JTUlNWU1JTUjNOMk4STjNOMkoxShFGEUoSShFJ8EXwRfFF8UXwR
dBBrz3PQdBBrz2OPY45r0GvPY85jjlNNW01bTVtMU0xSSGLKYspSSFJIawxrTGtL
a0xrTIQPjFCEEHOPhBCMUZSSjFGEEJSSnNKc05zTnNOUkpSSnNOdE50TlJKUk6UU
pRSc05zTnNOlFKUUnNOc06UUrVWtVq1VpRSlVa1VrZWlFKUUrVWtVa1VrVWtFaUU
rVWtVa1WrValFaUVpVWtVq1WpRWlFa1VrVWtVaUVpRWlVa1VrVWlFKUVpVWlVp0V
nRWlFaUVpRWlFaUUnRSdFJ0UlRSU1JTUlNSU1JTUlNSU05TTjJOMk5TTjJKMkoRR
hJGEkoRRfFF8EIRRfFF8EHPQa890EHQQa89rjmOOa89rz2OOY05bDVsNWw1bDVsM
UkhiymLKUkhSSGNLa0tzTGsLa0yDz4xQhBB7zoQQjFGUkYxRjFGUkpzSnNOc05TT
lJKMkZzTnRSc05SSnNOlFKUUpRSc05zTpRSlFJzTnNOlFK1VrVWtVaUUrVWtVa1V
pRSlFK1VrVWtVa1VpRSlFK1VrVatVq1WpRWlFaVVrVatVqUVpRWtVq1WrValVaUV
rVWtVa1VpRSlFaVVpVWdFZ0VpRWlVaVVpRWdFJzUnRSdFJ0UnNSU1JTUlNSU1JTU
lNOM04yTjJOM04ySjJKEUYSShJKEUXwRfBF8EXxRfBFz0GvPdBB0EHPQa49jjmvP
a89jjmNOWw1bDVsNWw1bDFJHYwpjClKIUkhrC2tLa0trC2tMhA+MUIQQe86EEIxR
lJGMUYQQlJKc05zTnNOc0pSSjJGU050UnRSUkpTTnRSlFKUUnNOc06UUpRSc05zT
pRSlFK1VrVWlFK1VrVWtVaUUpRStVa1VrVatVa1VpRStVa1VrVWtVaUVrRWtVq1W
rValFaUVrVWtVq1WpRWlFaVVrValVaUUpVWlVaVVnRWdFKUVpRWlVaUVpRWc1J0U
nRSdFJ0TlNSU1JTUlNSU1JTUlNOMk4ySlJOMkoyShFGEkoSShFKEEXwRfFF8UXQR
dBBrz3QQdBBrz2OOY45rz2uPY45jTlMNUw1TDVMNUwxSR2LKaspaiFJIa0tzTGtM
a0xrTIQPjFCMEHvOhA+UkZSSjFGMUZSSnNOc05zTlNOUkoySnNOdFJ0UlNOU06UU
pRSlFJzTnNOlFKUUnNOc06UUrVWtVaUUpRStVa1VrVWlFKUUrVWtVa1WrVWtVaUU
rVWtVa1VrVWlFa1VrVa1Vq1WpRWlVq1VrVatlqVVpVWlVa2WpVWlFKVVpVWtVqUV
pRWlFaVVpVWlVZ0UnNSlFJ0UlRSVFJTUlNOU1JTUlRSU1IzUjJOMk5TTjJKMkoRR
hJGEkoRRhBF8EYRRfFF8EXQQa890EHQQa9Brj2OOa9Br0GuPY05bDFMMUwxTDFLL
SkhiymMKUohKSGsLa0xrTGtMa0yED4xQhFB7z4QQlJKUkpSSjFGUkpzTnNOc05zT
lJKUkpzTpRSlFJSSnNOlFKUUpRSc05zTpRSlFJzTnNOlFK1VrVWtVaUUrVW1lq1W
pRWlFK1VrVWtVa1VrVWlFK1VrZWtVq2WrRWtVa1WrZa1lqUVrVWtVq1WrValVaVV
pVWtVq1VnRSlVaVVrVWlFaUVpVWlVaVVpVWdFJ0UnRSdFJ0UnNOc1JzUlNSU1JTU
lNSM04zTjJKM04yTjJOEUYSShJKEUnxRfFF8UXxRdBF0EGvPdBB0EGvPY89jjmvP
a89rz1tOUwxTDFMMUwxTDEpHYwpjClqIUkhrDHNMc0xrTGtMhA+MUIxQe8+EEIxR
lJKMUYxRlJKc05zTnNOc05SSlJKc06UUpRSUkpzTpRSlFKUUnNOc06UUpRSlFJzT
pRStVa1VpRWlFK1VrVWtlaUUpRStVa1VrVatVq1VpRStVa1VrVWtVqUVrVWtVrVW
tValFa1VrVWtVrVWrVWtFa1VrVWtVaUUpVWlVaVVpRWlFKVVpVWlVaVVnRSc1J0U
nRSdFJTTlNSU1JzUnNSU1JTUlNOM04ySlNOMk4yShFGEUoRSfFJ8EXwRhFF8UXwQ
c9Brz3QQdBBrz2PPa49z0GvPa49jTlMMUwxTDFMMUwxKB2LLYwtSiUpIawtzTHNM
awtrC4QPjFCMUHvPhBCMUZSSjFKMUZSSnNOc05zTnNOUkoySlNOdFKUUnNKc06UU
pRSlFJzTnNOlFKUUpRSc06UUrVWtVaVVpRStVbVVtVWlFKUUrVWtVbWWrVWtVa1U
rVWtlq2WtZatVa1VrVa1VrWWrRWtVbVVrVatVq1VpVWtVq1WrValFaUVpVWtVaUU
pRSlFKVVpVWlVZ0VnRSdFJ0UnRSVFJ0UlNSU1JzUnNSU1JTUjJOMk5STjJOMUoRR
jJKMkoRRhBF8EXxRfFF0EHQQa890EHQQa9BrjmOOc89rz2vOW01TDFMMUwxTDFMM
UkdrCmsLWolKSGsMc01zTHNMa0yED4xQjBB7zoQQjFGUkoxSjFGUkpzTnNOc05zT
lJOUkpTTnRSlFJzTnNOlFKUUpRSc05zTpRSlFKUUnNSlFa1VrVWtVaUUrVW1lq1V
rVWlFK1VtZa1lrWWrVWlVa1VrVW1lrWWrVWtVa1VtZa1lq1VrVW1lrWWtZatVaVV
rVWtlq1WpRStFa1VrVWlFKUUrRWlVaVVpVWdFJ0UnRSdFJ0UlRSc1JzUnNSc1ZzU
lNSU1IyThJKMk4yThJKEUYSShFKEUXwRfBB8EXwRfBBz0GvPdBB0EGvPY45rjnPP
a45rj1tNUwxTDFNMUwxLDEpHYwtrDGLJUkhrC3NMc0xzTGsMhA+EUIxQe8+EEIxS
lJKMUYxRlJKc05zTnNOc05zTlJKc06UUpRSc05zTpRStVaUUnNOc06UUrVWlFJzT
pRStVa1VrVWlFK1VtZa1lq1VrVWtVbWWtZatVq1VpVWtVa2VtZa1lq1VrVWtVbWW
tZatFa1WtZW1lrWWrVWtVa1VrVatVqUUrRWtVa1VpRWlFaUVpRWtVaVVpRWdFZ0U
nRSdFJ0UnRSc1JzUnRSVFJUUlNOM04ySlNOMkoyShFGMkYRShFKEEXwRhBF8UXwR
c9Brz3QQdBBr0GOPa89zz2vPY45bTVMMUwxTDFMMUwxKR2sLawtiyVKIawtzjHOM
c01rTYQQjFCMUHwPhBCMkZSSjFGMUZSSnNOdE5zTnNOUk5SSlJOlE6UUnNKc06UU
rVSlFKUUnNOlFK1VpRSlFKUUrVWtVa1VpRStVa1VrVWtVa1VrVW1lrWWtZatVa1V
rVW1lrWWtZatVa1VrVW1lrWWrVWtVa2VrZatlq1WrVWtVrVWrVWlFKUVrVatVqUV
pRWlFa1VrVWlVaUUnRSdFJ0UnRSdFJ0UnNSc1JzUnRSU05TTjJOMk5STjJOMkoRR
jJGEkoRSfBF8EYRRfFF8EHQQa890EHQPa89jj2OOa89rj2uOW01TDFMMUwxTDEsM
UkdrC3MLYspSiWMMc41zjXONc0yED4xQjFCED4QQjJGUkoxSjFGUkpzTpROc05zT
lJKUkpzTpRSlFJzTnNOlFKUUpRSc05zTpRStVaUUpRSlFK1VrVWtVaUUrVWtVa1V
rVWtVa1VtZa1lrWWrVWtVa1VtZa1lrWWrVWtVa1WtZa1lq1VrVatlrWWtZatVq0V
rVatVq1WpRSlFa1VrVWlFKUUpVWtVa1VrVWlFJ0UpRSlFKUUnRSdFJ0TnNSdFJ0U
lNSU05STjJOU04yTjJKEUYSShJKEUXxRfBGEUXxRfBF0EGvPdBB0EHPPa45rjmvP
Y89jjltNUwxTDFMMUwxLDFJIa0xrTGMLUolrTHONc41zTXNNhA+MEIxRg8+EEIxR
lJKMUYxRlJKc05zTnNOc05SSlJKc06UUpRSc05zTpRSlFKUUnNOc06UUrVWlFKUU
pRStVa1VrVWlFK1VrVWtVa1VrVW1VbWWtZa1lrVWrVWtVbWWtZa1lq1VrVWtVrWW
tZatVa1VrVa1lrWWrVWtVa1VrVatVaUUrVWtVa1VpRWlFa0VrVWtVaVVpVSdFKUU
pRSdFJ0UnRSdE50UnRSdFJUTlNOM04yTlJOMkoyShFGMUoRShFJ8EXwRhFF8UXwR
dBBr0HQQdBBzz2uPa45rz2uPY45bDVMMUwxTDFMMUwtSiWtNa0xjTFqKc0x7jXuN
e41zTYQQjFCMUIQPhBCUkpSSlJKMUYxRnNOc05zTnNOUkpSSnNOlFKUUnNOc06UU
pRSlFJzTnNOtVa1VpRSlFKUUrVWtVa1VpRStVa1VtZatVa0VtVW1lrWWtZatVa1V
tZa1lrWWtZatVa1VrVW1lrWWrVWtVa1WtZa1lq1VrVWtVq1WrValFaVWrVatVqVV
pRWtFa1VrVWlVaVVnRSdVJ0UnRSc1J0UnNSc1J0UnRSc1JTTjNOMkpTTjJKMkoRR
hFGMUoRShBF8EXwRfFF0EXPQa890EHQQa89jjmOOa89rj2OOWw1TDFMMUwtTC1ML
WolzTHNNa0taynOMe857znONc02ED4xRjFF8D4QQlJKUkpSSjFGUkpzTnRSk05zT
nJKUkpzTpRSlFJzTnNOlFKUUpRSlFJzTrVStVKUUnNOlFK1VrVWtVaUUrVWtVbWW
rVWtVbWWtZa1lrWWtZatVbWWtZa1lrWWrVWtVa1VtZa1lq1VrVWtVrWWtZatVa1V
rVW1lq1WpRWtVa1WrValFaUUpRWtVa1VrVWlFaUVpRWlFZzUnNSc1JTUnNSdFJ0U
nRSU04zTjJOU04ySjJKEUoxSjJKEUXwRfBB8EXwRfBBz0HPPdBB0EGvPa45jjmvP
a49jj1sNUwxTDFMMUwxTC1rKc41zjXNNWstzjXvPe85zjnONhA+MUIxRe8+EEIxR
lJKUkoxRlJKc06UTpROc05zTlJKc06UUpRSc05zTpRSlFKUUpRSlFK1VrVWlFJzT
pRStVa1VrVWlFK1VrVW1lq1VrVW1lrWWtZa1lrWWrVW1lrWWtZa1lq1VrVWtVbWW
tZatVa1VtVW1lrWWrVWtVbVWtZa1VqUVrVWtVa1WrRWlFaUVrVWtVa1VpRWdFaUV
nRWdFJ0UnRSdFJ0UnRSdFJzTlNOM04SSjNOMkoyShFGMUoyShFJ8UXwRfFF8UXwR
c9Brz3QQdBBrz2OPY49r0GOPY49TTUsMUwxTDFMMSwxaynOMc41zjWMLc417znvO
e85zjYQQjBGMUYQQhBCUkpzTlJKMUZSSnNOc05zTnNOc0pzSnNKlFKUUnNOc06UU
pRSlFKUUpRStVa1VpRSk1K0UrVWtVa1VpRStVa1VtZatVa1VtZa1lrWWrZatlq1V
tZa1lrWWtZatVa1VrVW1lrWWrVWtVa1WtZa1lq1VrVW1lrWWtValFa1VrVatVq1V
pRWtVa1VrVWtVaUUnRSlVKUVpRSdFJ0UnRSc1J0UnNSc1JTUjNOMkozTjJKMkoRS
hJGEkoRRfBF8EHwRfFF8EHPQa898EHQQa89jj2OPa5Brj2uPW01SzFMMUwxTDFMM
YspzjnuPc41rDHOOe898D3vPc86EEIxRjFGEEIQQlJKUkpSSjFGUkpSTnNOc05zT
nNOc05zTpRSlFJzTnNOlFKUUpRSlFJzTrVWtVaUUpRSlFK1VtZatVaUUrVWtVbWW
rVWtVLWWtZa1lrWWtZatVbWWtZa1lrWWrVWtVa1VtZa1lq1VrVWtVbWWtZatla1V
tZW1lrWWrVWtVa1WrValVaUVpVWtVa1VrVWlVaUUpRSlFKUUnRSdFJ0UnNSdFJ0U
nNSU05STjJKU04yTjJKEUYxRjFKEUnxRfBF8UXxRfBFz0GuPdBBz0GvPY45jjmvP
Y49jj1sNUwxTDFMMUwxSy2MLc457znvOa0x7zoQPhA+Dz3vPjBCMUYxRhBCEEJSS
lJKUkoxRlJKc05zTnNOlFJzTnNOc06UUpRSc05zTpRSlFKUUpRSlFK1VrVWtVaUU
rVWtVa1VrVWlFK1VrVW1lq1VrVW1lrWWtZa1lq1VrVW1lrWWtZa1lq1VrVW1lrWW
tZatVa1VtVa1l7WWtVWtVbWVtZa1lq1VrVW1VrVWrVWlFa1VrVWtVa1VpVWlFKUU
pRSlFKUTnRSdFJ0UnRSdFJzUlNOMk4ySjNOMkoyShFGMkoSShFF8EXwQhBF8EXwR
c9Brj3QQdBBrz2POY49rz2OPY49bTVMMUwxTDFMMUwxrTXvPhBB7z2uNe8+EEIQQ
hBB7z4QQjFGMUYxRjFGUkpSSlJKMUZSSnNOc05zTnNOc05SSnNOlFKUUnNOc06UU
pRStVaUUnNOtVa1VrVWlFK0VtVW1VrVVrRStVbVVtZatVa1UtZW1lrWWtZatVa1V
rVW1lrWWtZatVa1VtZa1lrWWrVWtVbWWtZa1lq1VrVWtVbWWtZatVa1VtZW1lq1V
pRWtVa1VrVWtVaVVpRSlVaUVpRSdFJ0UnRSdFJ0UnROc1JTTjJOMkpSTjJOEk4RS
hFKEkoRRfFF8EXxRfFF8EXPQa490EHQQc89jjmOOa89jj2OOWw1SzFLMUwxSzFLL
a017z4QQhBBzjnvPhBCMUIQQhA+MUZSSlJKMUYxRnNOc05zTjFGUkpzTnNOc05zT
nNOUkpzTpRSlFJzTnNOlFKUUrVWlFJzTrVWtVa1VpRStVbVVtZatVaUUrVWtVbWW
rVWtVLWVtZa1lrWWrVWtVa1VtZa1lrWWrVWtVbWWtZa1lq1VrVW1lrWWtZatVa1V
rVW1lrWWrVWtVa2VrZWtVa1VrVWtVa1VrVWtFaUUpRSlFKUUnRSlFJzUnNSc1JTU
nNOU04yTjJKU04yTjJKEUoySjJKEUnwRfBF8EXwRfBFr0GvPdBB0EHPPa45jjmvP
Y45jjlMMSstLC1MLUstSy2tOhA+EEIQQe8+EEIxRjFGMUYQQjFGUkpSSjFGMUZSS
nNOc05SSlJKc05zTnNOc05zTlJKc06UUpRSc05zTpRStFK1VpRSlFK1VrVWtVaUU
rVWtVbWWrVWlFK1VtZa1lq1VrRS1VrWWtZa1lq1VrVW1Vb2WtZa1lq1VrVW1VrWW
tZatVa1VtZa1lrWWrVWtVa1VtZatla1VrVWtVq2WrVWlVa1VrVWtVa1VrRWlFKUU
pRSlFKUUnRSdFJzTnRSc1JzUlNSMk4ySlNOMk4yShFGEUYxShFJ8EXwRfBF8EXwR
c9Brz3QRbBBr0GOPY49rj2OPY45TDFLLUsxSy1LMSsxzjoQQjFCMUHvPhBCMUYxR
jFGEEIxRlJGUkoxRjFGUkpzTnNOUkpzTnNOc05zTnNOc05zTnNOlFKUUnNOc06UU
pRStVaUUnNOtVa1VpRSlFK1VtZa1lq1VrVWtVbWWtZatVa1VtZa1lrWWtZatVa1V
rVW1lrWWtZatVa1VtZa917WWrVWtVbWWtZa1lq1VrVWtVbWWtZatVa1VrVW1lq1V
rVWtVa1VrVWtVaVVpRWlFaUVpRSlFKUUnROdFJ0UlRSc1JTTlJOMkpSTjJOMk4RS
jFKMUoRSfBF8EXwRfBF8EXPQa490EHQQa89jjmOOa89jjmOOUwxKy1LMUsxSzErM
e8+EEIxRjFGED4QQjFGMUYxRhBCMUZSSlJKMUYxRnNOc05zTlJKc05zTnNOc06UU
nNOc05zTpRSlFJzTpNOtFK1UrVSlFKUUrVWtVa1VpRStVbWWtZa1Va1VrVW1lrWW
rVWtVbWWtZa1lrWWrVWtVbVVvZa9lrWWrVW1lrWWtZa1lq1VrVW1lrWWtZatVa1V
rVW1lq1WrVWtVq2WtZatVa0VrVWtVa1VrVWtFaUUpRSlFKUUpNSdFJzUnNOdFJzU
nNSU04ySjJKMk4ySjJKEUYxSjFKEUnwRfBB8UXwRfBFz0GuPdBB0EGvPY45jjmPP
Y45jjlMMSstKzErMSsxKzHvPhBCMUYxRhBCMUYxRlJKUkoxRlJKUkpzTlJKMUZzT
nNOc05SSnNOc05zTpRSlFKUUnNOc06UUpRSc05zTpRStVa1VpRSlFK1VrVWtVaUU
rVW1lrWWtZatVa1VtZa1lq1VrVWtlrWWtZa1lrWWtVW1Vr2WtZa9lrVVtVa1lr2W
tZatVa1VtZa1lrWWrVWtVa2WtZa1lq1VrVatVrWWrVWtVa1VrVWtVa1VrRWlFKUV
pRWlFaUUpRSdFJzUnNSU1JzTlNOMk4ySlJOMk4yShFGMUoRShFJ8EXwRfBF8EXwQ
c9Brj3QQdBBrz2OOY49rz2OPY05TDVLMUsxKzErMSsx70IQRjFGMUYQQjFGUkpSS
lJKMUZSSlJKc05SSlJKc05zTnNOUkpzTnNOc05zTpRSc05zTnNOlFKUUnNOc06UU
rVWtVaUUpRStVa1VrRWlFK0VtVa1lrVWrVWtVbWWtZatVa1VtZa9lr2WtZa1lq1V
tZa917WWtZatVbVVtZa1lrWWrVWtVbWWtZa1lq1VrVWtVbWWtZatVa1WrVa1lq1V
rVWtVa2VrVWtVa0VpRStFaUUpRSlFKUUnRSdFJ0UlROdFJTUjJOMkoyTjJOMkoRR
jJGEkoRSfBF8EXwRfBF8EXPQa49z0HPQa89jjmOPa89jjmNOUwxSzFLMUsxSy1LL
e8+EEIxRjFGEEIQQlFKUkpSSjFGMUZSSnNOUkpSSnNOc05zTlJKUkpzTnNOlFKUU
pRSc05zTpRSlFJzTnNOlFK1VrVWlFaUUrVWtVa1VpRStVbWWtZa1lq1VrVW1lr2W
tVWtVbWWvZa9lrWWtZa1VbWWvde1lrWWrVW1lrWWtZa1lq1VtZa1lrXWtZa1la1V
tZa1lrWWrVWtlbVWtZatVaVVrVWtVa1VpVWlFaUUpRSlFaUUpRSlFJ0UnRSdFJ0U
nNOU05SSjFKMk4ySjFKEUYxRhFKEUXwRfBF8EXwRfBFz0GuPc9Bz0HPPY45jjmPP
Y45bjlMMSstKzErMSsxKzHvPhBCMUYxRhBCEEJSSlJKUkoxRjFGUkpzTlJKMUZzT
nNOc05SSnNOc06UUpRSlFKUUnNOlFKUUpRSc06UUpRStVa1VrVWlFK1VrVWtVKUU
rRW1VrVWtVatVa1VtZa1lq1VrVW1lrWWtZa1lrWWrVW1lr3XtZa917WWtZa1lr3W
vde1VbVWtZa1lrWWtZatVbWWtZa1lq1VrVW1lrWWrVWlVa1WrVWtVa1VrRWlFaUV
pRSlFJ0UpRSc1JzUnNSc1JTUlJOUk4xSlJOMkoxShFGMUYxShFF8EXwRfBF8EXwR
c9Brj3QQdBBrz2uOY45rz2uOY05TDErMSwxKzErMSst7z4QQjFGMUYQQhBCUkpSS
lJKMUYxRnNOc05SSjFGc05zTnNOUkpSSnNOc06UUpRSlFJzTnNOlFKUUpNOk1K0U
rVWtVa0VpRStVa1VrVWlFKVVtZa1lrWWrVW1VrWWtZatVa1VtZW1lr2WtZa1lq1V
rVW1lr3Xvde1VrWWtZa1lr3XrVW1lrWWtZa1lrWWrVW1lrWXtZatVa1VtVa1lq1W
rVWtVa2VrVWtVa1VpRWlFKUVpRSc1JzUnNSc1JzUlNSc1JTTlJOMkpTTjJOMkoRR
hJGEkoRSfBF8EXwRfBB8EHPPa4970HPQa89jjmOOY89jjltNUsxSzFLMUsxSzFLL
e8+EEIxRjFGEEIQQlJKUkpSSjFGMUZyTnNOUkoxRnNOc05zTlJKc05zTnRSlFKUU
pRSc05zTpRSlFJzTpRStFK1VrVWlVKUUrVWtVa1VpRStVbVWtZa1lq1VtVW1lrWW
rVWtVLWWtZa9l72WtZatVbWWtda9lr3XtZa1lrWWtZa917WWtZa1lrWWtZa1lq1V
tZa1lrWWrVWtVbVWtZatVa1VrVWtla1VrVWlFaUUpRWlFaTUpRSlFJzTnNSdFJzU
nNSU04ySjJKMk4yTjJKEUYySjJKEUXxRfBGEEXwRfBFz0GvPdBBsEGvPY45jjmvP
Y45bTlMMSstKzErMSsxCy3vPhBCMUYxRhBCEEJSSlJKUkpSSjFGc05zTnNOUkpzT
nNOc05SSlJKc05zTpRSlFKUUnNOc06UUpRSk1KUUrRStVa1VrVWlFK1VtVWtVaUU
rRW1VrWWtZatVbVWvZa9lrVVrVW1lrWWtZa9lrWWtZW1lr3XvZe917WWtZa9lr3X
vde1lrWWtZa1lrWWtZa1lrWWvde1lq1VtZa1lrWWrVWtVa1VrVWtVq1VpRWlFKUV
pRWlFJ0UnRSc05zUnNSc1JzUlNOUk4ySlJOMk4yShFGMUYxShFF8EXwQfFF8EXwQ
c89rj3PQc9Brz2OOY45rz2PPW45LDErLSsxKzErLSst7z4QQjFGUkoxRhBCUkpSS
lJKMUYxRnNKc05SSjFGc05zTnNOUkpzTnNOlFKUUpRSlFJzTnNOlFKUUpROlFK0U
rVWtVaUUpRStVa1VrVWlFKVVtZa1lrWWrVWtVbWWtZe1Vq1VtZa1172WvZe1lrWV
tZa9l72XvZe1lrWWtZa1l72XtVa1lr2WvZe9l7WWtZa1lr3XtZatVbWVtZa1lq1V
rRWtVa1VrVWtVa1VpRWlFaUUpRSc1J0UnNSc1JzUnNSU1JTTjJOMU4yTjJKMkoRR
hFGEUYRRfBB8EHwQfBF0EWvQY49z0HQQa89jjmOOa89jjmNOUsxSzErMSsxKy0qL
e897z4xRjFGEEIQQlJKUkpSSjFGMUZSSnNOUkoxRnNOc05zTlJKc05zTpRSlFKUU
pRSc1JzTpRStFKTUpRStFa1VrVWlVKUUrVWtVa1VpRSlVbWWtZa1lq1VrVa1lrWW
tVW1VbWWvZe9lr2XvZa1VbWWvde9l73XtVa1lrWWvde917WWtZa1l72XvZe1lq2W
tZa1lrWWrVWtVa1WtZatVa1VrVWtVa1WrVWlFaUUpRWlFaUUnRSdFJ0UnNSc1JzU
nNSUk5SSjJKMk4ySjJKEUYyRjFKEUXwRfBB8EXwRfBFz0GuPc9Bz0GuPY45jjmPP
Y49jTlLNSsxKy0rLSstKi3vPe8+MUYxRhBCEEIxRlJKUkoxRjFGUkpzTnNOMUZzT
nNOc05SSlNOc050UpRSlFKUUnNOc06UUpRSlFKUUrVWtVbVVrVWlFK1VrVWtVaUU
rVW1lrWWtZatVa1VtZa1lrVVtVW1lr3Wvda9lr2WtVa1lr2XvZe917WWtZa1l73X
vde1lrWWtZe9l73XtZa1lrWWtZa1lq1VrVWtVrWWrVWtVa1WrVatVq1VrRWlFaUV
pRWlFKUUpRSc1JzUnNSc1JzUlJOUk4xSjJOMk4yShFGEUoRShFJ8EXwRfBF8EXwR
c9Brz3QQc9Brz2OOY45rz2OPY05SzVLMUsxKzErLSst7z3vPjFGMUYQQhBCMUZSS
lJKMUYxRlJKc05zTlJKc05zTnNOUkpTSnNOdE6UUpRSlFJzTnNOlFKUUpNSlFK0V
rVWtVa0UpRStVa1VrVWlFKVUtZa1lrWWrVWtVbWWvZa1Va1VtZa91rWWvZa1lrVV
tVa9l73Xvde1lrWWtZe9l73XtZa1lrXXvde917WWrZW1lrWWtZatVa2VtZa1l61V
rRWtVq1WrVatVa0VpRWlFaUVpRSdFJ0UnRSc1JzUnNSc1JTTlJOMkoyTjJOMU4RS
hFKMUoRRfBF8EXwRfBF8EXPQa490EHPQa89jjmOOa89jjmNOUsxKzErMSstKy0qL
e898EIRRjFGEEIQQjFGUkpSSlJKMUZzTnNOUkoxRnNOc05zTlJKUkpzTnNOlFKUU
pRSc05zTpRStFKUUpRStFa1VrVWtVKUUrVWtVa1VpRStFbWWtZa1lq1VtVW9lr2W
vVWtVbWWvda91r3XvZa1VbVWvZe9l72XtZa1lrWXvZe917WWtZa9173Xvde1lq1V
tZa1lrWWrVWtVrWWtZatVa1VrVWtVq1WrVatFaUUpRWlFKUUpROlFJzUnNSc1JzU
lNSU04yTjFOMk4yTjJKEUoxSjFKEUXwRfBF8EXwRfBFzz2uPdBB0EGvPY45jj2vP
Y49bTlLMSsxKy0rLSstKi3vPhBCMUYxRhBCEEIxRlJKUkoxRjFGUkpzTnNOMUZzT
nNOc05SSlJKc05zTpROlE6UTnNOc06UUpRSlFKUUpRStVa1VrVWlFK1VtVWtVaUT
pVS1lbWWtZatVa1VtZa1lrWVrVW1lrWWvZa9lr2WtVa1lr3Xvde917WWtZa1173X
vde1lrWWtde9172XtZa1VbWWtZa1lq1VrVW1lrWWrVWtVa1VrVatVq1WrRWlFaUV
pRWlFaUUpRSdFJzUnNSc1JzUlNSUk4xSlJOMkoyShFGEUYxShFF8EXwQfBB8EXwQ
a89rjnQQc9Brz2OOY49jj2OPW05KzErMSsxKzErMSst7z3vPhBGMUYwRhBCUkpSS
lJKMUYxRlJKc05SSjFGc05zTnNOUkpSSnNOc06UUpRSlFJzTnNOlFKUUpRSlFK0V
rVWtVa1UpRStVa1VrVWlFK0UtVa1lrWWrVWtVb2WvZa1lq1VtZa1lr2WvZe9lrVW
vZa9l73Xvde1lrWWtZa9l73XtZa1lrXXvde917WWtVW1lrWWtZatVa1VtZa1lq1V
rRWtVq1WrVatVq0VpRSlFaUVpRSlFKUUnRSc1JzUnNSc1JSTjJOMUpSSjJKMkoRR
hFGEUYRRfBF8EXxRfBF8EWvQa890EHPQa49jjmOPY89jj1uOSsxKzErMSsxKzErL
e897z4QQhBCEEIQQjFGMUZSSjFGMUZSSlJKUkoxRnNKc05zTlJKUkpzTnNOlFKUU
pRSc05zTpRSlFKTUpNSlFK0VrVWtVKUUrVWtVa1VpRStFLVVtZa1lq1VrVa1lrWW
tVWtVbVWvZe9lr2WvZa1VrWWvde9173XtZa1lrWXvde917WWtZa1l73Xvde1lrVV
tZa1lrWWrVWtVbWWtZatVa1VrVatVq1WrVWtFaUVpRWlFaUVpRSlFJzUnNSc1JzU
nNSU04yTjFKUkoySjJKEUYRRhFGEUXwQdBB8EHwQdBBrz2uPc9Bz0GuPY05jjmuP
Y45bTUrLSsxKzErMSsxCi3vOe86EEIxRhBCEEIxRjFGUkoxRjFGUkpzTlJOMUZzT
nNOc05SSlJKc05zTpRSlFKUUnNOc06UUpRSlFJzUrRStVa1VrVStFK1VtVWtVaUU
pRS1VbWWtZatVa1VtZa9lrWWrVW1lr3Wvda9lr2WtVa1Vr2XvZe917WWtZa1l72X
vde1lrWWtZa91r3XtZa1lrWWvZa1lq1VrVW1VbWWrVatVa1WrVatVq1WrRWlFKUV
pRWlFJ0UpRSdFJzUnNSc1JzUlNOMkoySjJKMkoxShFGEUYxRhFF8EXwRfBF8EXQR
a89rz3QQa9Brj2OOY45rj2OPW05KzErMSstKy0rLSot7j3uPhBCEEIQQe8+MUYxR
lJKMUYxRlJKUkpSSjFGc05zTnNOUkpSSnNOc06UUpRSlFJzTnNOlFKUUpRSk1KUU
rVWtVa1UpRStVbVVtVWlFK0UtVW1lrWWrVWtVbWWvda9lrVVtZa9173XvZa1lrVW
tZa9l72Xvde1lrWWtZe9l73XtZa1lrXXvde9172WtZa9lrWWtZatVa1VtZa1lq1V
rVWtVa1VrVWtVa1VpRWlFKUVpRSdFKUUnNSc1JzUnNSc1JTTjJKMkpSSjJOMUoRR
jFKMUoRRfBF8EXxRfBF8EGvPa49z0GvQa49bjluOY89jj1tOSsxKzErLSstKy0LK
c45zjoQQhBCEEHvPjFGMUZSSjFGMUZSSlJKUkoxRlJKc05zTlJKUkpzTnNOlFKUU
pRSc05zTpRSlFKUUpRStFK1VtVWtVK0UrVWtVa1VpRStFLVWtZa1lq1VrVW1lr3W
vZW1Vb2WvZa9l72XvZa1lrWWvde9l73XtZa1lr2Wvde917WWtZa1173Xvde1lrWW
tZa1lr2WrVWtVbWWtZatla1VrVWtVa1WrVWlFaUVpRWlFaUUnRSdFJ0UnNSc1JzU
nNSU05SSjJKUkoySjJKEUYRRhFKEUXwRfBB8UXwRdBFrz2uPc9Brz2uPW45bjmPP
W45bTkrMSsxKzErMSstKy3OOc46EEIwQhBB7z4xRlJKUkoxRjFGUkpSSlJKMUZST
nNOc05SSlJKc050UpRSlFKUUnNOc060UrRSlFKTUrRStVa1VrVWlFK1VrVWtVaUU
rRW1VrWWtZa1Va1VtZa91rWWrVW1lr2XvZa9l7WWtVa1lr2Xvde917WWtZa9l72X
vde1lrWWtZe9173XtZa1lrWWtZa1lq1VrVW1lrWWrVWlFK1VrVatVq1VrRWlFaUV
pRWlFKUUpRSc1JzUnNSc1JzUlNOMkoxSjJKMk4yShFGEUYRShFJ8EXwQfBB8EHQQ
a89rznQQc9Brj2OPY49jz2OOW05KzErMSsxKzErLSstzjnOOhA+EEIQPe8+MUYxR
lJKMUYxRlJKUkpSSjFGUk5zTnNOUkpSSnNOc06UUpRSlFKTTnNOlFK0UpRSk1K0U
tRW1Va1VpRStVa1VtVWlFKUUtVW1lrWVrVWtVbWWvda1lq1VtZa1l72XvZe9lrVW
tVa9l72Xvde1lrWWvZe9l8XXtZa1lr3Wvde917WWtZW1lrWWtZatVa1WtZa1lq1V
rRWtVa1WrVatVa0VpRWlFaUVpRWdFKUUnNOc1JzUnNSc1JSTlJKMUoySjJKMkoRR
hFGEUoRSfBF8EHwRfBF8EGvPa49z0HPQa5BjTmNOa49jTltOSstCy0rLSstKy0rL
e85zjoQQjBCEEHvPjFGUkpSSlJKMUZSSlJKUkoxRlJKc05zTlJKU0pzTpRSlFKUU
pRSk05yTpRStFKUUnNSlFK0VtVWtFaUUrVW1VbVVrNStFLVWtZa1lq1VrVW1lr2W
tZatVbWWvZe9l72XtZa1lrWWvde9173XtZa1lr2XvZe917WWtZa1l72XvZe9lrVV
vZa91rWWrVW1VrVWtZatVa1VrVWtVa1VrVWtFaUUpRSlFKUUnRSdFJzUnNSc1JzU
nNSU04yShJKMkoySjJKEUYRShFKEUXwQfBB8EXwRfBFzz2uPc9Bz0GuPY05jjmuO
Y45bTUrLSsxKzErMSsxKy3POc46EEIQQhBB7z4wRlFKUkoxRjFCUkpSSlJKMUZSS
nNOc05SSlJKc06UUpRSlFKUUpNOc06UUpRSlFKTTpRStVLVVrRWlFK1VrVWtVaTU
pRS1VbWWtZatVq0VvZa9lr2WtVW1lr2XvZa9l7WWtZa1lr3Xvde917WWvZa9173X
vde1lrWWtde9173XvZa1lrWWtZa1lq1VrVWtVrWWrVWtVa1VrVWtVa1VrRWlFKUU
pRSlFKTUpRSc05zTnNSc1JzTlNOMkoySjJOMkoyShFGEUoRShFJ8EXwQfBB8EXQQ
a89rj3PQc9BrkGNOY05rj2NPW05KzErLSstKy0rLSopzj3OOe9CEEIQQe8+MEZRS
lJKMUYxRlJKUkpSSjFGUkpyTnNOUkpTSnNOdFKUUpRSlFKTTnNOlFK0UpRSlE60U
rVWtVa1VpRStVLVVtVWtFK0UtVW1lrWWtVW1Vb2WvZa9lrVVtZa9l72XvZe1lrVW
tVa9l73Xvde1lrWWtZe9l8XXtZa1lrWXvZe9l7WWtZW1lrWWtZatVa1WtZa1lq1V
rVWtVa1VrVatVqUVpRWlFaUVpRSc1JzUnNSc1JzUnNSU05STjJKMUpSTjJKMUoRR
hFGEUoRSfBB8EHwRfBFz0GuPY49z0GvQY49bTmOOY49jT1tOSsxKzErLSstKy0rK
c45zjnvPhBCEEHvPhBCMUYxRjFGEEJSSnNOUkoxRlJKUkpzTlJKUkpzTpRSlFKUU
pRSc05zTpRSlFKUUnNOlFK1UrVWtVaUUrVW1VbVVrRStFbWWtZa1lq1VrVW1lrWW
tVatVbWWtZe9l72XvZa1lrVWvZe9l72XtZa1lrWXvZe9l7WWtZa1l73Xvde9lrWV
tZa1lrWWrVWtVrWWtZatVa1VrVWtVa1WrVWlFaUUpRSlFKTUpNOk1JzUnNSc1JzU
nNOUk5SSjFKMk4ySjFKEEYRRhFJ8UXwQfBB8EHwRdBBrz2uPc9Br0GOPW05jT2OP
W05bTkrMSsxKzErMSstKi3OOc46EEIQQhBB7z4QQjFGMUYxRjFGUkpSSlJKMUZSS
lJKc05SSlJKUkpzTpRSlFKTUpNOck6UUrRSlFKTTpRStVK1VrVSlFK1UrVW1VaUU
pRS1lbWWtZa1Va1VtZa1lrWWrVW1lr2XvZe9l7WWtZa1Vr2XvZe917WWtZa9l72X
vde1lrWWtZe9l73XvZa1lbWWtZa1lq1VrVW1lrWWrVatVa1WrVWtVq1WpRWlFKUV
pRWlFKTUpNSc1JzTnNSc1JzTlJOMk4xSjFOMUoRSfBGEUoRShFF8EHQQfBB0EHQQ
a49rj3PQc9Brj1tOY45jj2NOW05Ki0rLUstKy0rLSot7znOOe8+EEIQQe8+EEIxR
lJKMUYQQlJKUkpSSjFGUkpSSnNOUkpSSnNOc1KUUpRSlFJzTnNOlFKUUrRSk060U
rVStVa1VpRStVLVVtVWs1K0UtVW1lrWWrVWtVbWWtZa1lq1VtZW9lr2WvZe1lrWV
tVa9172Xxde1lrWWtZe9l8XXtZa1lr3Xvde9172WtZW1lrWWtZatVa1VtZa1lq1V
rVWtVa1VrVWtVaUVpRWlFaUVpRSk1KTUnNSc1JzUnNSU05STjJKEUoyThJKEUnwR
hFGEUYRRfBB8EHwQfBB0EGvPa49z0GvQa49bTmNOY49bT1tOSotKi0qLSotKi0qK
e89zjoPPhBCEEHvPhBCMUYxRjFGEEJSSlJKUkoxRlJKc05zTlJKUkpzTnNOlFKUU
pRSc05zTpRSlFKUUpNOtFK1UtVWtVaUUrVS1VbVVrRStFLVVvZa9lrVVrVW1lr2W
vZa1VLVWvZa9l72XvZa1lbVWvZa9l8XXvZa1lr2XvZe917WWtZa1173Xvde9lrWW
tZa1lrWWrVWtVbWWtZatVa1VrVWtVa1VrVWlFaUVpRWlFZ0UnNSc1JzUnNSc1JTU
lNOUk4xShFGMUoRSjFKEEYRShFF8UXQQdBB8EHwQdBBrj2uPc9BrkGOPW05bjmOP
W05bDUqLSotKi0qLSotKi3vOc417z4QQhA97z4QQjFGMUYxRjFGUkpSSlJKMUZSS
nNOc05ySlJKc0pzTnNOlFKUUnNOckqUUrRStFKTTrRStFK1VrVWlFK1UtVW1Va0U
pRS1VrWWtZatVq1VtZa1lrWWrVS1lrWXvZe9lr2WtZW1Vb2XvZfFl7WWtZa1l72X
vZe1VrWWvZe9172XvZa1lbWWtda1lq1VrVa1VrWWrVWtVa1VrVWtVa1VpVWlFKUU
pRSlFJzUnNSc1JzUnNSc05TTlJOMUoRSjJKMkoRSfBGEUoRShBF8EHwQdBB8EHPQ
a49rj3PQa5Bjj1tOY09jj1tOWw5Ki0qLUstKi0qKQkp7znONg8+EEIQQe8+EEIxR
jFGMUYQQlJKUkpSSjFGMUZzTnNOUkpSSnNOc06TUpNSk1JzTnJOlFK0VrRSk06UU
rVStVa1UpRStVK1VtVWtFK0UtVW1lrVWrVWtVb2WvZa9lrVVtVW9lr2WvZa9VrVV
tVW9lr2XvZe1lrWWtZe9l72XtVa1lrWXvZe917WWtZa1lrWWtZatVa1VrVW1lq1V
rVWtVq1VrVWtFa0UpRSlFKUUpRSc1JzUnNSc1JzUnNOU05SSjFKMUYxSjFKEUnwR
hFKEUYQRfBBz0HPQdBBz0GuOa49r0GvQY49bTluOY49jTlsNSstKi0qLSotKi0KK
e49zTYPPg9CEEHvPhBCMUYxRjFGMUZSSlJKckoxRlJGc05zTlJKUkpTSnNOk06TU
pNOc05ySpRStFaUUpNOlFK1VrVWtVaUUpRStVbVVrRStFLVVvZa1lrVVrVW1lrWW
tZatVbWWvZe9l72WvZa1VbVVvZa9lr2XtVa1VrWWvda917WWtZa1l73Xvde1lrVV
tZa1lrWWrVWtlbWWtZatVaVVrVWtVa1VrVWlFaUUpRWlFKUUnNOc1JzUnNOc1JzT
nJOUk4xSjFKMU4xShFJ8UYRRhFGEUHQQc9B0EHQQc9Bjj2OPa9Br0GOPW05jj2OP
W05TDUKLQotKi0qLSotCinOOc457z4QQhBB7z4QQjFGMUYxRjFGUkpSSlJKMUYxR
lNKc0pSSlJKU05zTpROk06TTnNOc0qUUpRSlFKTTpRStVbVVrVWtFK0UrVW1VaUU
pRS1VbWWtVatVa1UtZa1lr2WtVS1lr2WvZe9lr1WtVW1Vb2WvZa9l7VWtVa1lr2W
vde1lrWWtZe9l7WXtZatVbWWtZa1lq1VrVWtVrWWrVWtVa1VrVWtVaUVpRSk1KUU
pRSlFJzTnNOc05zTnNOU05TTjJOMUoxSjFKMUoQSfBGEEYRRfBF0EHPPdBB0EGvQ
Y49jj2uQY9BjjltOY05jTltNWw1Ki0qLSotKi0qLQop7jnONe8+EEIQQe8+EEYxR
jFGMUYwRlJKUk5SSjFGMUZySnNOUkpRSnJOc06TTpNSk05zTnJKlFKUUpRSc06TU
rRWtVa1VrRStFLVVtVWlFKUUtVW1VbVWrVWtVbWWtZa1lq1UtVW9lr2WvZa9lrVV
tVW9lr2WvZe1VrVWvZa9lr2XtVa1VrWXvZe9l7WWtZW1lrXWtZatVa2VrZa1lq1W
pVWtVa1VrVWlVaVUpRSlFaUUpRSc1JzUnNOc05zTnNOUk5SSjFKMUoxTjFKEUXwQ
hFGEUXwRc9Bz0HPRc9Bz0GuPY49r0GuQY49bTluPY09bTlMNQotKi0qLSotKi0JK
e85rTXvPhBCMEHvPhBCMUYxRjFGMUZSSlJKUkoxRjFGckpyTnJKUUpySnNOc05zT
nNOc05zTpRStFKUUnNOk1KUVrVWtVa0UrRS1VbVVrRStFLVVtVW1Vq1VrVW1lr2W
tZatVbVWvZa9lr2WvZa1VbVVvZa9lr2WtVa1Vr2WvZa9l7VWtZa9l72XvZe1lrWW
tZa1lrWWpVWtVa2WtZatVa1UrVWtVa1VrVSlFaUUpRSlFKUUnNOc05TTnNSc05zT
lJOUkoxSjFKMUoRRhFF8EXwRhFF8EXPQc9Bz0HPQa9Bjj2OPa9Brz2OPW05bTltO
W05TDUKLQotCjEKLQktCSnvOc417zoQPhBB7z4QQjFGMUYxRhBCMUZSSnJKMUZRR
lJKc05SSlJKUkpzTpNOk05zTnNOckqTUpRSlFJzTpROtVK1VrRWlFK0VtVWtVaUU
pRS1VbWWtZatVa1VtZa1lrWWrRW1Vb2WvZa1lrWWrVW1Vb2WvZa9lrVWtVa9lr2W
vZa1VrVWvZa9l72XtZatlrWWtda1lq1VrVWtVa1WrVWtFa1VrVWtVa1VrRWlFaUU
pRSlFJzUnNSc05TTnJOUk5SSjFKEUYRSjJOMUoRSfBGEUYQRfBFz0HPQc9Bz0GvQ
Y49jj2vQa9Bjj1tNY05jjltOWw5Ci0KLQotKi0KLQop7zmtNe8+EEIwQe8+EEIxR
jFGMUYQQjFKUkpSSjFGMUZTSnNOUkpSSnJOc06UTpNOk05zTnJOk1KUUpRSk06UT
rRStVa0VpRStFLVVtVWtFK0UtVa1VrVWrVWtFLVWvZa1lq1VrVW1lrWWtZa1la1V
rVW9lr2WvZa1VrVWtZa9l72XtVW1VbWWvZa9lrWWtZa1lrWWtZalVa1VrZa1Vq1V
rRWtVa1VrVWtVaUUnRSlFKUUpRSc05zUnJOc05yTlJOUkoxShFKEUoySjFKEUnwQ
hFGEUXwRc9Bz0HPQc9Br0GOOY49r0GvPY45bTltPW09bTlMNQotKi0qLSotKi0KK
c85rTXOOhBCEEHvPhBCMUYxRjFGEUYxRlJKUkoxRjFGUkpSSlJKMUZSSnNOc05zT
nNOc05SSpNSlFKUUnNOlE61UrVWtFaUUrRS1VbVVrNOlFLVVtZa1Vq1VrRS1VbVW
tVatFa1VtZa1lr2WtZatVa1VtZa1lrXWtVW1VbWWtZa1lrVVtVW1lrWWtZa1lq1V
tZa1lrWWrVWtVbWWtZatVaUVrVWtVa1VrVWlFaUUpRWlFJzUnNSc1JzTlNOU05TT
jJKMUoxSjFKMkoRShFF8EXwRfBF8EXPQc9Bz0WvQa9BjjmOOa89jz2OOW01bjluO
W05TDUqLSotKi0qLSotCSnuOa01zjoPQhBB7z4QQjFGMUoxRhFCMUZSSnJKMUYxR
lJKUkpSSjFGUkpyTnNOc05zTnJOck6TTpRSlFJzTpROtFK0VrRWtFK0UrVWtVaUT
pRStVbWWtVatVa0VtVa1VrVWrRW1VbWWtZa1lrWVtVW1VbWWvZa9lrVVtVW1Vr2W
vZa1VbVVtZa1lrWWrZWtVbWWtZa1lq1VrVatVq1VpRSlFK1VrVWtVa1VpRWlFKUU
pRSc05zTnNOU05TTlNOUk4yTjJOMUoxSjFKMUoRRfBB8EXwRfBFz0HPQdBBz0HPQ
Y45jj2vPY89bjltOY05jTltOUw1Ci0qLQotCi0KLQkpzjmtNc457z4QQe8+EEIxR
jFGMUYQQjFGMUZSSjFGMUZSSlJKUkpSSlJKc05zTnNOc05zTlJKk06UTpRSc06UT
rRStFK0VrRStFK1VtVWlE6UUrVW1VbVVrVWtFbVWtVa1VqUVrVW1VbWWtZa1lrVV
rVW1lrWWtZatVa1VtVa1lrWWrVWtVbVWtZa1lq1VrVWtVbWWtZatVa1WrVWtVaUV
pRWtFa1VrVWtFKUUpNOlFKUUnNOU05zTlNOUk5STlJOUkoyShFKEUoRShFGEUXwR
fFF8EXwRc9Bz0HPQc9Br0GOOY49r0GuPY05bDltPW09bDlMNQotCi0KLQotCizpK
c41rTHOOfA+EEHvPhBCMUYxRjFGMUYxRlJKUkoxRjFGUkpSSlJKMUZSSnNKc06TT
nNOck5SSnNOk1KUUnNOk1K0UrRStFKTUpRStVa1VpROlFK1VtVW1Va0VrRS1VbVV
tVWtFK1VtZa1lrWWrVatVa1VtZa1lrWWrVW1VbVWtZa1lq1VrZWtlbWWtZatlq1V
rVa1lq1WrVWtVa1VrVWlFKUVpRWtFa0VpRSk1JzUpNWc1JzUnNOc05ySlJOUk5ST
lFKMUoxRhFGMUoRShBF70XwRfBF0EXPQc9Bz0HPQa9BjTmuOa49rj2NOWw1bTltO
U05TDUKLSotKi0qLSkpCSnONa0xzjYQPhA97joPPjFGUUYxRjFGMUZSSlJKMUYxR
lJKUkpSSjFGUkpzTnNOc05zTlNKUkpzTpROlFJzTnNSlFK0UrRSk06TUrRWtVZzU
pNStFbVVtVWtFKUUtVW1VbVVrRStVbVVtVa1VrVVrVWtVbWWtZa1lrVVrVWtVbVW
tZatVa1VrVWtlrWWtZatVa1VrVWtVaUUpRStVa1VpRSc1KUVpRWlFaTUnNOc05zT
nNOUkpSSlJOUk5SSlJOUk5SSjJKEUYRRhFKEEXwRe9B8EHwQdBBrz3PPc89rz2uP
Y05jTmNOY05bTlsNW05TTlMNSsxCi0KLQotKi0JKOglzTWtMa017znvPc457z4wR
jFGMUYQQhBCUUZSSjFGEEJRSlJKMUYxRjFGUkpzTnJKUkpSSlJKUkpzSnNOUkpSS
nJOc1JzTnNOckqTTrROckqTTrRStVK1VpRSc06UTtVW1VaUTpNO1VbWWtVWtVa1U
rRStFK0VtVa1Vq1VpRWtVbWVrVWtVK1VrVW1la2VrVStVa1VrVWlFKUUrVWtVqUU
nNOlFKVUpRSlFJzUlJOUk5STlJKUk5SSlJKUkpSSlJKUkoxRhBCEUYxShBFz0HPQ
fBF70HPPc9Bz0GuPa49jj2OOY45jTmNOY05bTltOU01LDUsMQstCi0qLQos6SjHI
aw1zjnONe857z3vOe86MUJSRjFGEEIQQjFKUkoxSjBCMUZSSlJKMUYxRlJKc05zT
lNKUkpzTlJKckpySpNOk06TTpRSlFJzUpRStFbVVpRStFLVVtVW1VbVVrVStFLVV
tVa1Va0UrRS1VbVWtVWtFa1WtVW1VbVWtVW1VbVVtVWtVa1VtVWtVa1VrVWtVbVV
rVWtVa1VrVWtVK1VrVWtVaUVpRWlFaUUpRWlFKTTpNSc1JyTnJOU05zTnNOU0oyS
jJKMUoxRjFGEUYRRfBB8EXwRfBF70XvQc9Brz2vPa89rz2NOa45jj2OPW05TTlNO
U05TDUKLSoxKjEKLOkoyCWMLc41zjnPOe897z3vPjFCMUZRRjFGEEIxRlFGUkYxQ
jFGUkpSSlJKMUZSSnNOc05SSlJKc05zTnNOUkqUUpRSlFKUUpROk060UrRStFaTU
pNStFa1VrVWtVa1UpRStFK0VrVWtFKUUrVWtVa1VrRStVa1VtVWtVa0VtVWtVa1V
rVWtVa1VrVWtVaUVrVWtVa1VrVWtVa1VpRWlFKUUpRSlFKUUpRSlFKUUnROc05zU
nNOc05STlJOUk5STlJOMUoxSjFKMUoxShFF8EXwRfBF8EXwRfBBz0GvPY49rz2vP
a49bTmOOY49bj1tOW01bTlMOUw5KjEqMSsxKizoJMglay3NNe457znvPe497joQQ
hBCMUYQQhBCMUZSSlJKMUYxRlJKUkpSSjFGMUZzTnNOUkoxRnNOc05zTlJKk06UU
pRSlFKUUpNOlFK0VrVWk1KUUrRWtVa1VrVWtVa0UrRStFa1VpRWlFK1VtVWtVaUU
rVStVbVVrVWtFK0VrVWtVa0UpRStVa1VrVWtVa1VrVWtFa1VrVWlFaUUpRSlFKUU
pRSlFKUUpRSlFKUUnNOc05TTlNOUkpSSlJOck5STjFKMUoxRjFGEUYRRhBB8EHwR
fBF8EXwQc9BrkGuPa5Brj2uPW05bj2OPY09bTlMNUw5TDUsMQotCi0rLSoo6SToJ
WsprTXONc41zjnOOc46EEIxRjFGMUYQQjFGUkpSSjFGMUZSSlJKUkoyRlFGckqTT
lJKMUpzTnNOc05SSnNOlFKUUpRSlFJzTpNStFa0VpNSk1K0UrRWtVa1VrVWtFKUU
rRS1Va0UpRStFK1VrVWlFK1UrVWtVa1VpRSlFK0VrVWlFKUUrVWtVa1VpRSlFKUU
pRSlFKUUpRSdFJzUpRSlFKUUnNSc1KTUpRSc1JSTnNOc05yTlJKUkpSTlJOMk4xS
jFKMUoRShFGEUXwRfBF8EXwRfBFz0HPQc89rj2vPa89jj1tOW49jj1uOW01TDVNN
U01TDUKLQotKi0KLOgk6CVrKa0xzjXPOc85zjnOOe8+EEIxRjFGEEIxRlJKUkoxR
jBGUkpSSlJKMkYxRlJKc05SSlJGc05zTnNOUkpzUpRSlFKUUpNSc06TTrRStFKTU
pNStFK1VrVWtVaUVrRSlFK0VrVWtFaTUrRStFa0VpRSlFa0VrVWtVa0UpRSlFKUU
pNOc06UUpRSlFJzTnNOc05zTpRSlFKUUnNOc05zUnNSc1JzTnNOc1J0UnNSUk5TT
nNOUk5SSlJKUkpSSlJKMUoxSjFKMUYRRfBF8EHwQfBF8EXQQc9Bz0GvQY49rz2OO
Y45bTWOPY49jj1NOU01TTlMNSw1Ci0KLSotCizoJOglaymtMc41zzXOOc45zjoQQ
hBCMUYxQe8+MUIxRjFGEEIQQlJKUkpSSlJKMUZSSnNOUkpRRnNOc05yTlJKc05zT
pRSk1KTUnNOk060UrRSk1KTUrRStVa1VrVWtFa0UpRStFK0VpRSk06UUpRStFKTT
rNSlFK0UpRSk06TTpNOk05zTnJOc05zTnNOc05zTnNOc05zTnNOc05zTnNOc05zT
nNOc05zUnRSc1JzTlJKU05TTlJOUUpSSlJKUkpSSjFKMUYRRhFGEUYQRfBB8EHwQ
dBB0EHPPc89rz2uPa89rj2OPW05jjmOOW45TDVMNUw1TDUrNQotCi0KLQko6CToJ
WsprTHONe41zjnOOc457z4QQhBCMUXvPhBCMUYxRhBCEEJSSlJKUkpRRjFGckpyT
lJKMUpzTnNOck5RSnJOlFKzUpNSk05yTpNStFK0UpNSk060UrVStFa0VrRSk1KTU
pRStFK0UnNOk1K0UpRSk06TTpNOk06TTnJKckqUUpROUkoxSjBKMEowSjBKMEoxR
jJGMkIxQjE+MUJRPnA2bzZwNpJCc05zTnNOc05SSlJOUk5STjJKUkpSSlJOUk4xS
jFGMUYRRhFF8EXwRfBF8EXwRfBBzz3PPa89rj2vQa49jj1tOY05jTltOUw1TDlMO
Uw5KzUKLQotCi0KLMgk6CVKJa0xzjXOOc45zjnNOe9CEEIxQhBB7z4QQjFGMUYQQ
hBCUUZSSlJKMUYxRlJKUkpSSjFGc05zTnJKUUpyTpRSk1KTUpNOc05zTpRSlFKTT
pNOlFK0UrRStFK0UpROk06UUrRSlFJzTnNOc1KTUnJKck5yTnJOckpRRlFKtFIxT
a5FjUGuRhBKUkqUUrRSlE60TpJGkT6QNpAysDJvLk4ucDZxQnNOc05zTlNOUk5ST
nJOUk5RSlJOUk5STlJOMUoxShFGEUXwRfBF70XwRfBF0EHQQc89zz2vPY49jj2OP
Y09bTmNOY05bTlMNUw1TDVMNUsxCi0KLQotCijoJOglayWtMc41zjnOOc45zjnvP
hBCEEIQQe8+EEIxRjFGEEIQQjFGUkpSSjFGMUZSSlJKUkoxRlNOc05zTlJKc06TU
pNSk06TTnJOc06UUpRSk06TTpRSlFK1UrRSlFKTTpNOk06TUpNSck5zTnNOc05SS
lJKUkpSSlFKMEZRRrRStFaUUnNSMU4PRe5CTTZuNo86jzqPOo42bC5rLmwujjqRR
pNOk06TTpJOc0pyTlJKUk5STlFKMUoxSjJOUk4yThFKEUYRRhFF8EXwRe9B8EXwR
fBFz0HPQc9Brj2uPa49jj2OOWw1jTltOW05TDVMOWw5TDUrMQotCi0KLQks6CToK
WolrTHONc45zjnOOc457z4QQhBCEEHvPhBCMUYxRhBCEEIxRlJKUkoxRjFGUkpSS
lJKMUZzTnNOc04xRnJOk06TTnNOc05zSnNOlFK0UpROc06UTpRSlFK0UpNSk1KTT
pNSk1KTTnJKckpySnJKUUpRRlFGUUZRRjBCUUbUUtRS1FK0UtRS1FL0UtRO1E7US
tRK00rTStNG00qzSrROs06zTrNOs0qzSrJKckpRSlJOUk4xSjFGMUoxSjJKMUoxS
hFGEUYRRhBF8EXQRdBF8EXwRc9Br0GvQY49jj2OPY49bj1MNW05bTltOUw1TDVMN
Uw1KzEKLSotKi0JKOgk6CVKKYwtrTXOOc45zjnOOe8+EEIQQhBB7z3vPjFGMUYQQ
hBCMUYxRjFGMUYxRlJKc05SSjFGUkpzTnJKMUZSSnNOc05zTnNOc05zTpRSlFJzT
nNOlFK0UrRSlFKUUpNOc05zTpNOck5ySlJKUkpSSjFGMUYwRlFGMUIwQksuyRrpH
uka6RrpGukayBrHFscWxxLGEsYSxhLGEsYOphKnFqcWphaGFoUShRKFEmcWMUZSS
lJOUUoxSjFKMUoxSjFKEUYRRhBGEEYQRfBB8EHQQdBBz0GvQa5BrkGOPY49jj2OP
W45TTVtOW05bTksNUw1TDVMNSsxCSkqLSotCijoJOglSimMMa01zjXOOc45zjnvP
hBCMUYQQe897z4xRjFGEEIPQjFGMkZRRjFGMEZSSnJKUUoxRlJKUkpSSjFGUkpzT
nNOc05zTnJKck6UUpRSdE5zTpNSlFKUUpRSlFKTTnNOc05zTnJOUkpRSlFKUUoxR
jFGMUYxRjBGMEIoLuUW5RblFuUW5RblFuUW5BLlFuUS5RbFFsUWxRLFEqQOpRLEE
qQSpBakEqQShBJlEjFGUkpSTjJKMUoxSjFKMUoxShBGEEYQRhBF8EHwQe9B70HvQ
c9Bz0GvQa89jj2OPY49jj1tOUw1bTltOWw5TDVMNUw1SzUrMQotCi0KLOkoyCToJ
UoljC2tNc41zjnOOc417z4QQhBCEEHvPhBCMUYxRhBCEEIxRjFGMUYQQjBCUkpyS
lJGMUJSSlJOUkoxRlJKc05zTnNOU0pTSlJKlFKUUpRSc06TUpRSlFKUUpRSc05zS
nJOck5SSlFKUUYxRlFGMEYxRjBGMEYwQg8+CCrEEuUSxRLlEsUS5RLlEsUSxRLlE
sUWxRbEFsUWxRKkDqUSpBKkEqQShBKEEoQSRRIQQjFKUkoxSjBKMUoxSjFKMUoQR
hBGEEYQRfBB8EHvQe9B70HPQc89rz2uPY45jjmOOW45bjlNNW05bTlNOSw1TDlMN
Us1KzEKLQotCizpKOgk6CVJJYwtrjXONc45zjnOOe8+EEIQQhBB7z3vPhBCMUYQQ
e8+MUYxRjFGMUYQQlJKUkoxRhBCUkpzTlJKMUZSSnNOc05zTlNKUkpSSpNSlFJzT
lNKc06UUpRSlFKTUnNOckpySnJKUUpRRjBGMUYxRjBGMEIwQjBCEEHvPggqxBbFF
sUWxRbFFsUSxRLEEsUSxRLFEsUSxRLFEsUSpA6kEqQSpBKEEoQShBKEEkUSMEIxR
jJKMUYxRjFGMUYxRjFGEEYQRhBGEEXvQe9Bz0HPQc9Bz0HPPa45rj2OOY45jj2NP
W05TDVtOWw1bDlMNUw1TDUsNQsw6S0KLQotCSjIJOglKSVrLa01rTWuOc41rTXOO
hBCEEIQQe897z4QQjFGEEHvPhBCMUYxRhBCEEIxRlJKUkoxRlJKUkpSSjFGMUZzT
nNOc05zTnJOckqTTpNSc05zSnNOk06TUpNSk1JzTnJKUkpSSlJKMUYxRjFGMUYxQ
jBCEEIQQg897z3nKqUSxBLFEsQSxRLFEsUSpBLFEsUSpRLFEsQSxBKkEoMOpBKkE
oQShBKEEoQSZA5FEjBCMUoxSjFKEUYRRjFKMUoRSfBF8EXwRfBF0EHPQc9Bz0HPQ
c9BrkGuPa49jj2NOY49jTltNUw1bTlsOUw1KzFMNUw1LDErMOotCi0KLQkoxyToJ
Ukhay2tNa01rTXNNa01zjnvPhBCEEHvPhBCEEIQRhBB7z4xQjFGMUYRQhBCMkZSS
lJKEEJSSlJKUkoxRlJKc05zTnNOc05SSlJKk06TTnNOckpzTnROk06TUnNOc05SS
lJKUkoyRjFGMEIwRjFGMEYwQg9CEEIQPe896CqkEsQSxBLEEsQSxRLEEqQOxA7EE
sQSxBLEEsQSpA6DDqQOpBKDEoQShBJkEmQOJRIQQjFGMUoQRhBGEEYxShFKEUnwR
fBF8UXwRc9Bz0HPQc9Bz0HPQa9Brj2uPY49jj2OPW09bTlMNU05TTlMNSsxKzVMN
UsxKzEKLQoxCizpLMckyClJIWsprTGtNa01rTWtNc457z4QQhBB7z3vPhBCEEHvP
e8+EEIxRjFGEEIQQlJKMUZRRhBCMUZSSjFGMUZSSnNOc05zTnNOUkpSSnNOk05zT
lJKc050TpNOk05zTlJKUkpSSlJKUUoxRjFGMEYxRjBCEEIPPg9CDz3vPegqxBLEE
sQSxBLEEsQSxBLDEsQSxBLEEsQSwxKkEqQShBKEDoQShBKEEmQSZA5jDiUSEEIxS
jFKEEYQRhBGEUoRShFJ8EXwRfBF8EXQQc9Bz0HPQa9Bz0GuQY49jj2OOW45bjltO
U01TDVNOU01TDUrMSw1TDUsNQsw6i0KMQos6SjIJOklKSFqKa0xrTGtNa01rTXOO
e897z4QQc457z4QQjFCEEHvPhBCMUYxRhBCEEIxRjFGMUYQQjFGUkpSSjFGUkpSS
lJKUkpSSlJKUkpzTnNOckpSSnNKc06TTpNOck5STlFKMUpSSlFKMUYwQhBCMEIQQ
g9B70HvPe89zjnoKqQSpBKkEqQSxBLEEsQSow6kDqQOpA6kDqQSpRKkEoQOhA6ED
oQOZA5kDmQOYw4kEe8+MUYxRhBCEEYQRjFGEUoRRfBF8EXwRfBF7z3PPc9Bz0HPQ
a5Brj2OPY49bj1tPW09bTlMOUw1bTlMNUw1KzFMNSw1LDULMOotCzEKLOkoyCTIJ
SkhSymNMa01rTWtNa01zjnvPe897z3OOe8+EEIQRhBB7z4QQjFGMUYQQe9CMUZRR
jFGEEIxRlJKUkoxRjFGUkpSSlJKUkpSSlJKc05zTlJKUUZyTpNOk05zTnJKUkpSR
lFGMUYxRjBCEEIQQhBCEEIQQe897z3vPc45yCqkEqQSpBKkDqQSpBKkEqQOpA6kD
qQOpA6kDqQOpBKEDqQOhA6DDoMOYw5jDkMOJA3vPjFGMUYQRhBCEEYxShFGEUXwR
fBF8EXwRc9Bzz3PPc9Bz0GvQa5BjT2OPY09bTltOW05bTlMNW05TDksNSsxKzUrN
SsxCjDpLQoxCizpKMgk6SkpIUsljC2tMa01rTWtNc457z3vPg89zjnuOhBCEEIQQ
e8+EEIxRjFGEEHvPjFGMUYxRhBCMUZSSlJKMUYxRlJKUkpSSlJKUkZSSnNOc05SS
lJKckpzTnNOc05TTlJKMkoxSjFKMUYQRhBCD0IQQe8+EEHvPe89zjnOOcgqpBLEE
sQSpA6kDqQOpA6kDqQOpA6kDoQOpA6EDoQOYw6DDoMOYw5jDmMOYw5DDgQN7z4RQ
jFGEEHwQhBGEUoRShBF70HvQfBB8EHPPc89zz3PQc9Br0GOPY49jj1uPW05bTlsO
Ww5TDVNOSw5LDUrMSs1LDUrNQow6S0KLQos6SjHJOkpKSFKJYwxrDGtNa01rTWtN
e897z3vPc45zjnvPhBB7z3OOhBCMEYQRhBB7z4xRjFGMUYQQjFGUkpRRjBCMUZSS
lJKUkpSSjFGMUZzTnNOckpRSnJKck5zTnNOc0pSSjFGMUYxRjFGEUIQQhBCEEHvP
g897z3vPe45zjmoJoMOgw6DDoMOgw6DDoMKYwqDDoMOgw6DDoMOgw6DDkMOQwpDC
kMKQwojDiMOIg3lEe8+EUYRRfBF8EHwQhBGEEXwQc9B70HwQdBBrz2vPa89rz2vP
a89jjltOY45bTltOW01bTlNNUw1TTUsNUw1LDEsNSw1KzUKLOotCi0KLOkoyCTpK
SkhSiWMMY0xjTGtNa0xrTXvPe897z3OOc457z3wQfA9zjnwQhBCEEIQQe8+EEIxR
jFCED4xRjFKMUYQQjFGUkpSSlJKUkoxRjFGUkpzTlJKMUZSSlJKc05zTnNOUkoxR
jFGMUYxRhBCDz4PPhBCD0HvPe897j3uOc45qCpkDoQShA6EDoQOgw6EDoMOhA6kD
oQShA6EDoQSYw5jDmMOYw5jEmMOQw4jCiMN5RHvPhFGEUXwQdBB8EIRRhFGEEXvQ
fBB8EHQQa89rz2vPa89r0GPPY49bjmOOW45bTltOW05TTlMNU01LDVMNSsxLDUsN
Ss1CjEKLQoxCSzpLMgk6SkpIUopjDGtMYw1rTWMNa017z3vPe89zjnOOe897z3vP
c457z4QQhBB7z3vPhBCMUYxRe8+EEIxRjFGEEIQQlJKUkpSSlJKMUoxRlJOUk5SS
jJKUkpTSnNOc05SSjJKMUYxRjFGMUYQQe897z3vPe897z3OOc45zjmtNagqYw6DD
oMOgw6jDoMKgw6DDoMSgxKDEoMOgw6DDoMOYw5jDmMOQw5DDkMOIw4jDeURzz4QR
hBF8EHPQfBCEUYQRfBBz0HvQfBBz0GuPa49rkGvPa89jj2OPW05jTmNOW05bTltO
U01TDVMNSw1LDUrNUw1KzUrMQos6SkKLOks6SjIJOkpCCEpKYwxjDGMMYwxjDGMM
c45zjnvPc45zjnvPhBB7z3OOe897z4QQfA97z4QQjFGEEHvPhBCMUYxRe8+EEIxR
lJKUkpSSjFGMUZSSlJOUkoxRlJKUkpSTlJOUUoxSjBGMUYxRjBGEEHvPe897z3vP
e89zjnOOc45rTmoJoMSgxJjDmMOgw6DDoMOYg6DDoMOgw6DDmMOYw5iDkMOQw5DD
kMOQw5CDiIKIwnlDc46EEIQRe9B70HwQhBF8EXvQc8970HPQc9Brj2uPa5Brz2vP
a49jjmNOY49bTltOUw1TDVMNUw1TDUsNSwxKzErNSs1KzEKMQktCizpLOkoyCTpK
SghSSWLLYwtjDGMMYwxjDHOOc45zzmuOc457z3vPe89zjnvPhBCEEIQQe8+EEIwR
hBB7z4QQjFGMUYQQhBCMkoxSjFKMUoxRjFGUkpSSjJKMUZSSlJKUkpSSjFKMUYRR
hFGEEYQRe9B7z3vPe89zjnOOc45zjnONc01pyWlGaUbKitLLmQSYw5jDkIKYw5jD
wgiQw5EEmUayyaIHmYaIg4iDiIOAg5lGcQN5RHOOfBCEEXvQc8970HwRfBFz0GuP
c9Bz0HPQa49rj2uQa49rj2OPY09bTmNOW05bTlMNUw1TDUsNUw5KzUrNSs1KzUrN
So1CjEJLQos6SzpKMgk6SkoISklaymLLYwtjDGMMYwxzjnOOc45rTWtNc457z3uP
c457j3wQfBB7z3OOe8+EEIQQe8+EEIxRjFGEEIQQjFGMUYxRjFGEEIQQlJKUkoyS
hFGMUpRTlJKUkpSRjFGMUIQQhBCEEHvPc89zz3vPe89zjnOOc45zjmtNagpxBYmG
mgmaSZIIswySCKMNikmrTqNOmw2aippHgUR5A5qKosuKCHnHigmiimFEYYVzjXwQ
fBFz0HPQe9B8EHwQfBBrz3PQc9Bz0GOPY49rz2uPY49jTltOWw5jTltOW05TDVMN
Uw1TDVMNSsxKzUrNSs1KzUKMQow6SzqLOko6CjIJOkpKCEoIWspay1rMYwxay1rL
a01rTXOOa01rTXOOe897z3NOc457z3vPe89zjnvPhBCEEHvPe9CEEYQQe8970IxR
jFGMUYxRjFGEEYxSlJKMUoQRjFGMUZSSlJKMUowRhBCEEIQQhBB7z3PPc45zz3OO
c45rTWtNa01jDGHJaUWBRaqKkYezjonHrA+KCKPOeombjbNOkgmZyImGiYWyy3nG
ksmCSIJIgkhhA2lFa4570HwQc89zj3PPe9B8EHPQa49rkGvQa5BjT2NPY49jj2OP
W05bTlMNW05bTltOUw1TDVMNUw1TDULMSsxKzErMSsxCjDpLOko6SzpKMgoyCTJK
QghKCVqKWstay1rLWstay2MMa01rTWtNYwxzjnvPc45rTXOOe897z3OOc457z4QQ
hBBzjnvPhBCEEHvPe8+EEIxRjFGMUYQRhBCMUoxSjFGEEIxRjFGMUoxSjBGEEYQQ
hBCED4QPe89zjnOOe89zjnOOa01rTWMMawxhyXkDgQOpx7LJiYSjCpGFmoiKBqsK
okiSB5HGeQOiB4mFiYWaB4GFicaBhYGGaMNxBGtOe897z2uPa49zj3PQc9Br0GOP
a89rz2OPW05bTmOOY49jj1tOWw5TDVtOU05TDlLNUs1KzUrMSwxCzELMQsxCzEKM
QoxCSzpLOks6CjoJMgk6CkHHQgdSiVKKWopailqKWoprDGtNa01rTWMMa01zjnOO
YwxrjXPPe89zjmtNc497z3vPa05zj4QQhBB7z3vPjFGEEIQQhBCD0HvQjFGMUYRQ
hBCEEIxRjFGMUYxRhBB8D3vPe897z3OOc45zjXOOc05rTmsNa01rTWMMYcmQg5jC
mMKYw5jDmMKYwpjCmQPCSZDEkIOQw5CDkIOQg4iCiIKAgniCeIJ4gniCaQRrTXPP
c89jjmNOa49z0HPQa49jTmuPa49jj1tNW01jjltOW05bTlMNUw1TDlMNUs1KzErL
SsxKzErMQotCi0KLQotCizpKOgk6CToKMgkyCSnIMglBx0IHUkpSilKKUopSilKK
YwxjDGMMYwxjDGtNc45zjmtNa01zjnOOa01rTXOOc497jmtNc457z3vPc45zjoQQ
hBCEEHwQfA97z4QQjBGEEHvPhBCMUIxQjFGEEHvQe897z3vPe89zjmtNa01rTWtN
a01jDGMMYwxizFnIkIKQg5CDkMKYwpjCmMKQgpCCkIOQg5CDkIOQg4iDgIOAg4CC
gIKAgniCeIJ4gmkEYwxrjmuPY01jTWuOc45rj2NOWw1jTmOOW01TDVsNWw5bTVsN
UwxKzErLUsxSzErMSotKi0KLQotCi0JKQkpCSjpKOko6STIJMggyCTHIKcghhynH
OcdBx0pJSolKiUqKSkpKSVrLYwtjDFrLWstjDGtNa01ay2MMa01rTWtNYwxrTXOO
c45rTWtNe897z2tNa017z3vPe897z3vPc46EEIQQe89zj3vPg9CEEIQQhBB7z3OO
c45zjnOOa01rTWsNawxrDGsMYstiy2LLWotZyJCCkIKQgpCCkIKQgpDCkIKQgpDC
kIKQgpCCkIKIgoCCgIKAgoBCeIJ4gniCcIJpBFrLa01jTVrMWsxjTWNOY05bTVLM
Ww1bDVsNUstSy1MMUstSy0rLSopKikqKSopKikJJQko6SUJKOgk6CToJOgk6CToJ
OcgxiCmHKYgphylHIUYpRjnGOYZCCEoISkhKSUpJSklSilrLWstailKKWstjDGMM
Wstay2MMYwxjDFrLYwxrTWMMYstjDHNNc01jDGMMc45zjnNOc45zTWtNe457z3OO
a01zjnuOe497j3uPc05rTWtNa01rTWsMYsxiy2LLWstay1KKWotailKKUYeAgoCC
iIKIgoiCiIKIgoCBiMKIgoiCiIOIg4iCgIJ4gniCeIJ4gniCcIJwgnCCYQNSiVsL
WwtKilKKUspay1rLUstKilLLUstKy0KKSopKikqKSkpCSUJJQklCSToJOgkyCDoI
McgxyDHIMcgxxzGHMYcphymHIYchRiFGIUYhRhkFIUUxhjGGQchKCEIIQghCCEII
SklKilKKSklKSFKJWspaikpIUklaylrKWopSiVqKYstiy1KJWopjDGMMWspaymsM
a01rDGMMYwtjC3NNc01rDGMLa0xzTWtNa01jDGMMYwxjDGLLYstaylrKWopailKJ
UopSSVJJUklKSFGHiIKIgoiCiIKIgoiDkIOQg4iDiIOIg4iDgIOAg4CDeIJ4gniC
eIJ4gniCcIJwgljCQghKiVKKQklCSUqJSopKikKJQkhCSUJJQghCCDoIOgg6CDoI
Ogg5xzHHMccxhjGGMYYxhjGGKYYphimGIUYhRiFFKUUhRSEFIQQhBCEEGQQYwxkD
MUQxREHGOcY5xjnGOcY5xkIHSghKCEHHQcdKCEpISkhCB0oIUklSSUpISgdSSFKJ
UolKCEpIWolaiVJIUohiylrKWspaylqKWoliymLLWopSiVqKWspaylrKWspailKK
UopSSlJKUklKSUpJSklKSUpJSklKCEoISghRRoiCiIKIgoiCiIKIgoiCiIKIgoiC
iIOIg4iDiIOIg4CCeIJ4gniCeIJwgnCCaIJYwznHQghCCDnHOcdCB0IIQgg5xznH
Occ5xznHMYYxhjGGMYYpRTGGKUUxhilFKUUpRSlFKUUpRSEEIQQhBCEEIQQhBCEE
IQQYwxjDGMQYwxjDEIMQgykDKQMxRDFEMUQxRDFEMUQxhTmFOYU5hTmFOYVBxjmG
MYU5hUHGQcZBhkGFQcZKB0nHQcZBxkoHSgdBxkHGSgdKCEoHScdKB0oHUkhSSEoH
SgdSB1JIUkhSB1IISgdKB0oISgdKB0oHSgdJx0nHQcdBx0HHQcZBxkHGSUWAg4iD
iIOIgoiCiIKIgoBBiIKIgoiCiEKAgoCCgIJ4gniCeIJ4gnCCcIJwQmiCWIIxRTmF
MUUxRTFEMUUxhTGFMUUxRTFFMUUxRSkEKQQpRCkEKQQpBCkDIQMpAyEDIMMgwxjD
IMMgwyDCGMIYwhjCGMIYghiCGIIYghCCEIIQgRCCEIEowSjCKMIowijCKMIowijC
KMIwwjECMQIxAjECMQIxAzEDMQMxAzEDMQM5QzlDOUMxQzFDOUM5QzlDOUM5Q0FD
QURBREFEQURBREGEQYRBhEGDQYRBhEGESYRJhEFDQURBQ0FDQUNBQ0FDOUM5QzlD
OUM5AzkDOQM5AkEDeIKAgoiCiIKIgoiCgIKAQoCCgIKAgoCCgIKAQniCeIJ4gniC
eIJwgnCCaIJogliBOQI5AzFDMQMxAzECKQMxAzEDMQMxAykDKQMpAykDKQMhAykD
KQIowijCIMIgwiCCIMIgwhjCIMIYghiCGIIYghiCGIIYghiCEEIQghCCEIEQgRBB
IIEggSjBMMIowijCKMIwwijCKMIowijCKMIowzEDMQMxAzEDMQM5AzEDMQMxAzkD
OQM5AzkDOQM5Q0FDQUNBQ0FDQUNBQ0FEQURBREFEQURBREFEQURBRElEQURBREFE
OUNBg0FDQUM5AzkEOQQ5AzkDOQMxAzEDMQNAw3iCgIKAgoCCgIKAgoCCeIKAgoCC
gIKAgoCCgIJ4gnCCcIJwQnBCcEJwQmhCaEJQgjkDOQM5AzkDMQMxAzEDMQMpAikD
MQMxAzEDMQMpAykDKQMpAyjDKMMowyjCIMIgwiDCIMIgwiDCGIIYghiCGIIYghiC
GIIYghCCEIIQghCCEEIQQSCCIIIogijCIMIgwijCKMIowyjCKMIowijCKMIxAjEC
MQIxAjEDMQMxAzEDOQM5AzkDOQI5AjkDOUM5Q0FDQUNBQ0FDQUNBg0GDSYNJhElE
SURJREFESURJRElEQURBREFEQURBRDlDOQM5AzlDOQM5AzkDMQMxAzEDQQR4gniC
gIKAgoCCgIKAgoCBgIKAgoCCgIJ4gniCeIJwQnBCcEJwQWhCaEJoQmhCWEIxAzED
MQMxAzEDMQMxAzEDMQMxAzEDMQMxAzEDKQMpAykDKQMpAykDKMMowyjDIMMgwiDC
IMIgwhjCGMIYghiCGIIYghiCGIIYghCCEIIQgRBBEEEggiCCIMIgwijCKMIowijC
KQIowijCKMIowijCKMIowijCKMIxAjEDMQMxAzEDMUMxAzEDMQM5A0EDOQNBA0FD
OUM5Q0FDQUNBREFEQURBQ0FDQUNBQ0lDSURJRElEQURBQ0FEQUM5BDlDOUM5QzlD
OQM5AjkDMQMxAjjDcEF4gniCeIJ4gniCeIJ4gniCeIN4gniCeIJ4gniCcIFwQnBC
cIJoQmiCaEJgQlBCOQM5AzkDOQM5AzEDMQMxAzEDMQIxAzEDMQMowykDKQMpAykD
KQMhAyjDKMMowiDCIMIgwhjCGMIYwhiCGIIYghiCGIIYghiCGIIQgRCBEIEQgRBB
IIIggiiCKIIowijCKMIowijDKMIowijCKMIowijDKMIxAzEDMQMxAzEDMQMxAzED
MQMxAzkDOQM5AzkDOQM5AzlDOUNBQzlDQUNBQ0FDQUNBQ0FDQUNBQ0FDOUM5AzlD
QUQ5RDlDOUM5AzkDOQM5AzkDOQMxAjEDMQI4w3iCeIJ4gniCeIJ4gniCcIJ4gniC
eIJ4gniCeIJwgmiCaIJoQmhCYIJgQmBCYEJQgTkCOQM5QzkDOQMxAzkDMQMxBDED
MQMxAzEDMQMpAykDKQMpAykDKQMowyjDIMIgwhjDGMMYwxiDGIIYghiCGIIYghiB
GIIYgRCBEIEQgRCBEIEQgSCBIIEggSiCKIIogijCKMIwwyjCKMIowyjCKMIowyjD
KMIpAikDMQMxAzkDMQMxAzEDMQMwwzDCMMMxAzEDOQM5AzkDOQM5QzlDOUM5Q0FD
QUNBREFEQURBREFEQURBQ0FEQURBQ0FDOUM5QzECOQMxAzEDMQMowyjCOMJwQXhC
eEJ4QnhCeEJ4gnhCeIJ4QnBCcIJwgnCCcIJoQWhCaEFoQmhCaEJgQmBCUEI5AzkD
OQMxAzEDMQMxAzEDMQMxAykDKQMpAykCKQIpAikCKQIpAiECKQIowijCIMIgwiDC
GMIYwhjCGMIYghiCGIIYghiCGIIQgRCBEIEQgBBBEEEggSCBIIEogiiCKMIowijC
KMIowikCKMIowijCKMIowijCMMIwwjEDMQMxAzkDMQMxAyjCKMIxAjECMQMxQzlD
MQM5AzlDOQM5AzlEQURBREFDQURBREFEQURBREFEQUNBQ0FDQUM5Q0FDOUM5QjkD
OQMxAzEDMQMwwjDCYEFgQWBBYEBgQGBAYEBYQFhAWEBYQFhAWEBYQFhAUABQAFAA
UABQAFAASABIADiBMQIxAzEDMQMxAzEDMQMxAzEDMQMpAykCKQMpAykDKQMowyjD
KQMowyDCIMIYwiDCIMIgwiDCIMIYwhiCGIIYgxiCEIIYghiCGIIYgRCBEIEQgRBB
IIIggiCCIIIowijCKMIowiDCKMIgwiDCKMIowijCKMIowijCKMIowikCMQIxAjEC
MQIxAjkDMQMxAzEDMQM5AzkDOQQ5AzlDOUQ5REFEQURBREFEQURBREFEQUNBREFD
QUNBRDkEQURBREFDQUNBQ0FDOUMxAzkCOQIwwTBAMEAwQDAAMEAwQDBAKEAoQChA
KEAwQDBAMEEwQTBBMEEwQTBBMEEwQTBBMEEwwjkDOQM5AzkDOQMxAzEDMQMxAykD
MQMxAzEDMQMxAykDKQMhAykDKQMgwiDCIMIgwiDCIMIYwhjCGMIYwhjCGIIYghiC
GIIYghiCGIIQgRCBEEEQQSCCIIEggiCCKIIogiiCIIIgwiDCIMIgwyjCKMIowijC
KMIowijDKQMxAzEDMQIxAzEDOQM5AzkDOQM5AzlDOUM5QzlDOUNBQ0FEQURBREGE
QURBREFEQURBREFEQQRBQ0FDQUNBQ0FDQUJBQ0FDOUM5AzkDOQM4wzjDOMI4gTiA
MIAwgDCBMIEwgDCBOIE4gTiBOIE4gTiBOIE4gTiBOIE4gTCBMIEwgTDBOMI5AzkD
OQM5AzkDMQIxAzEDMQMxAyjDMQMxAzEDKQMpAykDKMMowyDDIMIgwiDCIMIgwiDC
IMIYwiDCIMIYwhiCGIIYghiCGIIYQhiCGIIQgRCBEEEggiCBIIEggSCBIIIggiCC
IMIgwiDCKMIowjECKMIowijDKMMxAzEDMQM5AzEDMQMxAzEDMQM5AzkDOQM5AjkD
QUM5QzlDOUM5QkFDQURBREFDQURBRDlDOUM5QzlDQUNBQzlDOUM5QzlDOQM5AjkD
OQM5AzkDOQM5AzkDOII4gTiBOIE4gTiBOIE4gTiBOIE4gUCBQIE4gTiBOIEwgTiB
OIE4gTjBOIE4gjjCOQI5QzEDMQMxAzEDMQMxAzEDMQMxAykDKQMpAykDKMIpAykD
KQMhAykCIMIgwiDCIMIgwiDCIMIgwhiCGIIYghiCGIIYQhiCEIEQgRBBEEEQQRBB
IIIggiCCIIIggiDCKMIowijCKMIowijCKMIowijCMMIxAjEDMQMxAzEDMQMxAzlD
MQMxAzEDOQM5AzkDOQM5AzkDOQM5BDkDOQM5AzkDOUQ5QzlDOUM5QzlDOUM5QzlD
OUM5QzlDOUM5AzkDOQM5AzkDOQM5AzkDQQNAwkDCQIFAwUDBQMFAgUCBQIFAgTiB
OIE4gTiBOIEwQTiBOIE4gTiBOIEwgTDBMIEwgTDCMMMxAzEDMQMxAzEDMQMxAzED
MQMxAzEDMQMpAykDKQMpAikCKQIowyjDIMMgwiDCIMIYwhjCGMIYghCCGIIYghiC
EIIQgRCBEEEQQRBBEEEQQSCBIIEggiDCIMIgwiDCIMIowijCKMIowijCKMIowikC
KQIpAikCKQIxAzEDMQM5AzEDMQMxAzEDMQMxAzkDOQM5AzkDOQM5AzkDOQM5A0ED
OUM5QzlDQUNBQ0FEQUNBQ0FDQUNBQ0FDOUNBA0FDQUNBQ0lDQQNBA0ECQMJAwkDC
QMFAwUDBQIE4gTiBOIE4gTiBOIE4gTiBMIAwgTCBMIEwgTiBMIEwgTCBMMIxAjEC
MQIxAjEDMQMxAzEDMQMxAzEDKQMpAykDKQMpAyjCKMIowijCIMIgwiDCGMIYwhiC
GIIYghiCGIIYghiCGIIYghBBEIEQgRCBEIEQQRBBEEEggSCCIIIggiCCIMIowijC
KMIowijCKMIowijCMQMxAzEDMQMxAzEDMQMxAzEDMQMxAzkDOQM5AzkDOQM5QzlD
OUM5QzlDOUNBQ0FDQUNBQ0FDQQRBREFEQURBg0FDQUNBQ0FDQUNBREFDQUNBQzkD
QQNBA0EDQQM5AzkCOMI4wjjCOME4wjjBOMEwgTiBOIE4gTiBOII4gTiBOIE4gTCB
MIEwgTCBMIEwgTDCMQIxAjECMQIxAzEDMQMxAzEDKQMpAykDKMMowyjDKMIowijD
KMIowiDCIMIgwhjCGMEYwhiCGIIYghCCGIIYghiCGEIYghiCEIEQgRBBEEEQQRBB
IIEggSCBIIEowijCKMIowijDKMMowijCKMIowijDMMMwwjDDMQMxAzEDMQMxAzED
MQMxAzEDMQMxAzEDMQM5AzkDOUM5QzlDOUM5Q0FEOUM5QzlDQUNBQ0FDQUNBQ0FD
QUNBQkFDQUNBQ0FDQUNBQ0FDQUNBA0ECQQJBAjjBOME4wTjBOME4wTDBOIE4gTiB
OIE4gTiBOIE4gTCBMIEwgTCBMIEogTCCMMIwwjDCMQIxAjEDMQMxAzEDMQMpAykD
KQMowyjDKMMowyjCKIIowijCIMIgwiDCIMIgwhjCIMIYghiCGIIYghiCGIEYgRiB
GEEQgRBBEEEQQRBBEEEQQSCBIIEggSCCIMIgwiDBKMIowijCKMIwwijCKMIowijC
KMIxAjECMQMxAzEDMQMxAzEDMQMxAzEDMQMxAzEDMQM5QzlDOUM5Q0FDQUNBQ0FD
OUNBQ0FDQUNBQ0FDQUNBQ0FDQUNBQ0FDQUM5QzlDOUI5AzkDOQM5AzkCOQI4wjjB
OME4wjjCOMI4wTjBOIE4gTiBOIE4gTiBOIEwgTCBMIEwgTCBMIEwgTDCMMIwwjDC
MQMxAykDKQMpAykDKQMpAykDKQIowijCKMIpAijDKMIowiDCIMIgwiDCIMIgwiDC
IMIYwhiBGIIYghiCGIEYgRiBGIEQgRBBEEEQQRBBEEAggSCBIIEggSCBKMIowijC
KMIowijCKMIowijCKMIowijCKMIowijCMQIxAjECMQIxAjECMQM5AzFDMQMxAzED
MQM5AzkDOQM5AzkDOUM5QzlDOUM5QzlDOUM5RDlDOUM5QzlDOUM5QzlDOUM5AzkD
OQM5AzkDOQI5AjjCOMI4wjjBOME4wTjBOME4wTjBOME4wTjBOMEwwTDBMMEwwTDB
MIEwwTDBMMEwwTDCMMIwwzDDMQMxAzEDMQMxAzEDMMIpAyjDKMIowijCKMIowiDC
IMIgwiDCGMIgwiDCIMIYwRiBGIEYgRiBGEEYQRiBGIEYgRBBEEEQQRBBEEEQQRBA
IIEggSCBIMEgwSjBKMIowiiCMMIowikCKMIgwijCKMIowijCKMIowjDCMMIxAjED
MQMxAzEDMQMxAzECMQMxAzkDOQM5AzkDOQM5AzkDOQM5AzkDOQM5AzlDOUM5AzlD
OUM5QzlDOUM5QzlDOUNBQzkDOQM5AzkDOUNBAzkCOMI4wTjBOMI4wjiBOME4wTjB
OME4wTCBMIEwwTDBMMEwwTDBMMEwwjDCMMIwwjECMQIpAyjDKMMowyjDKMMowyjD
KMMowijDKMMgwyDDIMMggiDCIMIgwiDCIMIgwSCCIIIYghiCGIIYghhCGIIYghiC
GEEQQRBBEEEQQRBBEEEQASCBIIEggSCBIIEowSjBKMIowijCKMIowijCKMIowijC
KMMowijDMQMpAykDKQMxAzEDMQMxAzEDMQMxAzEDMQMxAzkDOQM5AzkDOQM5AzkD
OQM5AzkDOQM5AzkDOUM5QzlDOUM5AzkDOQNBQzlCOUM5QzkDOQM5AzkDOQI4wjjC
OMI4wjjCOMI4wjjCMMI4wjjCMMIwgjCBMIEwgTCBMII4gjCCKIIwgjDCMMIwwjDC
KMIpAykDKMMpAyDDKMIowijCKMIowyDDIMIgwiDCIMIggiDCIMIgwiDCGIIYghiC
GIIYghiCGIIYghiCGIIQgRBBEEEQQRBBCEEQQRBBEEEggSCBIIEggSCBIIEggSDB
IMIowijCKMIowijCKMIpAijCKMIowijCKMIpAikCKQIpAzECMQMxAzEDMQMxAzED
MQMxAzkDMQMxAzEDMQMxAzECMQMxAzEDMQMxAzkDOUM5QzlDMUMxAzEDMQM5AzkD
OQM5AzkDOQI5AjkCOMI4wTDBOME4wTDBMMEwwTDBMMEwwTDBMMEwgTCBMMEwgTCB
MIEwgSiBKIEowSjBKMIowijCKMIpAykDIMMgwiDCIMIgwijCKMIgwiDCIMIgwiDC
IMIgwhjCIMIgwiDCIIIggiCCGIIYghiCGIIYgRiBGIEYgRiBEIEQQBBBEEEIQRBB
IIEggSCBIIEogSDCKMIgwiDCIMIowijCKMIowijDKMIowijBKMIowijCKMIowiDC
KMIowijDKQMpAykDKQMpAykDMQMxAzEDMQMxAzDDMQMxAjEDMQMxAzEDMQM5AzkD
OQM5AzkDMQMxAzkDMQIxAjkCMQIxAjECMQIwwjDCMMIwwjDCMMIwgjCBOMIwwjDB
MMEwwjDCMIIwwjDCMMEwwTDBMMEowSjCKMIowikCKQIowijCKQMpAykDIMIgwiDC
IMIgwiDCIMIgwiDCIMIgwhjCIMEgwiDCIMIgghiCGIIYgRiCGIIYgRiBGIEYgRiB
GIEQQBBBEEEIQRABEEEQQSCBIIEggSCBIIIgwiDCIMIgwiDCIMIgwijCKMIowijC
KMIowijCKMIowijDKMMowyjDKMMxAyjCKQMpAykDMQMxAzEDMQMxAzEDOQMxAzED
MUMxAzkDOQM5AzEDMQMxAzECMQIxAzEDMQMxAzEDMMMxAzEDMQIxAjECOQIxAjDB
MMIwwjDCMMIwwjDCMMIwwjDCMMIwwjDCMMEwwjDCMMEwwTDCMMEowSjCKMIpAikC
KMIowijCIMIowiDCIMIggiDCIMIgwiDCIMIgwiDCIMEgwiDCIMIgwiCCIIIgghiC
GIIYghiCGIIYghiCGIIYgRiBGIEYgRCBEEEQQRBBEEEggiCCIIEggSCBIIEggiCC
IMIgwiDCKMIowiDCKMIowiDCKMIowiDCKMIowijCKMIowjECKQIxAikCMQIxAikC
KQMxAzEDMQMxAzEDMQMxAzECMQMxAzEDMQMxAjEDMQMxAzkDMQMxAzEDMQMxAjED
OQM5AzkDOQIxAjECMQIwwjDCMMIwwjDCMMIwwjDCMMIwwjDCMMIwwjCCKIEogiiB
KIEowijCKMIowijCKMIowijCKMIowijCKMIowiCCIMIgwiDDIMMggiDCIMIgwiDC
IIIggiCCIIIggiCCGIIYghiCGEEYgRiCGIEYgRhBGIEYgRiBGEEYQRBBEEEQQRBB
IIEggSCBIIEogSCBIIEggSCBIIEggSDCIMIgwSDCIMIgwiDCKQMowijCKMIowijC
KMIowikCKQIpAykDKQMpAykDKQMxAzEDMQIxAzEDMQMxAzEDMQMxAzkDMQIxAzED
MQMxAzEDMQMxAzEDMQMxAzEDOQMxAzEDMQMxAzECMMIwwjDBMMEwwTDBMMIogjDC
MMIwwjDCMMEwwjDCMMIwwijCKMIowijCKMIowijCKMIowijCKMIowijCKMIowiCC
IMIgwiDCIMIgwhjCIMIgwiCCIIIYghiCGIIYghiBGIEYgRiBGIEYgRiBGIEYgRiB
GIEYQRhBEEEQQRBBEEEQQSCBIIEggSCCIIIggiCCIIIggiDCIIIgwyDCIMIgwijC
KMIowijCKMIowijCKMIowijCKMIpAikCKQIowijCKMIowjECMQMxAzEDMQMxAzED
MQMxAzEDMQMxAzEDMQMxAzEDMQMxAzEDMQMxAzEDMQMxAzEDMQMxAzEDMQMwwjDC
MMEwwjDCMMI4wjDCMMIwwjDCMMIwwjDCMMIwwijCKMIowijCKMIowSjCKMIowijC
KMIgwijCKMIowijCIMIggiCCIMIgwiDCIMIggiCCIIIggiCCGIIYghiBGIEYgRiB
GIEYQRiBEIAYgRiBGIEYgRiBEIEQgRBBEEEQQRBBEEE=
END m9
frame   206 :  a red cube~ +55.81*  a blue cube~ -29.08   led 244/  0 h1.00 b0.98 lvl+13.36 d0.04   MATCH a red cube~ (cos 0.172, nearer by 99.20)
frame   207 :  a red cube~ +55.20*  a blue cube~ -28.75   led 245/  0 h1.00 b0.98 lvl+13.23 d0.03   MATCH a red cube~ (cos 0.165, nearer by 99.20)
frame   208 :  a red cube~ +54.54*  a blue cube~ -27.86   led 249/  0 h1.00 b0.99 lvl+13.34 d0.02   MATCH a red cube~ (cos 0.162, nearer by 99.20)
frame   209 :  a red cube~ +54.07*  a blue cube~ -27.51   led 250/  0 h1.00 b0.99 lvl+13.28 d0.02   MATCH a red cube~ (cos 0.162, nearer by 99.20)
frame   210 :  a red cube~ +54.63*  a blue cube~ -27.40   led 249/  0 h1.00 b0.99 lvl+13.62 d0.02   MATCH a red cube~ (cos 0.171, nearer by 99.20)
frame   211 :  a red cube~ +54.39*  a blue cube~ -27.24   led 250/  0 h1.00 b0.99 lvl+13.58 d0.02   MATCH a red cube~ (cos 0.165, nearer by 99.20)
frame   212 :  a red cube~ +54.38*  a blue cube~ -27.17   led 250/  0 h1.00 b0.99 lvl+13.60 d0.02   MATCH a red cube~ (cos 0.166, nearer by 99.20)
enrol     : a red cube~, level +13.25, scatter 3.73 (40 frames, visit 2 of 2)
enrol     : 2 classes, nearest pair 100.49 apart, spread 5.37 (18.7x over 1 visit), absent beyond 200.99 (2.0 sep)
            Measured over 1 visit, so this ratio cannot see how far a class moves
            when it is staged again - which is what decides the run. Show each class
            again ('1'/'2' on a later visit) to make it mean something.
            'a blue cube~' SITS 0.43 SEP FROM THE ORIGIN, which is where a scene identical to
            the frozen background lands. Presence cannot separate the two, so an empty
            desk will read as that class. Re-freeze the background ('N') on a scene
            that is actually empty, or enrol a class that looks less like it.
frame   213 :  a red cube~ +54.35*  a blue cube~ -27.97   led 252/  0 h1.00 b1.00 lvl+13.19 d0.01   MATCH a red cube~ (cos 0.166, nearer by 100.49)
frame   214 :  a red cube~ +54.35*  a blue cube~ -27.49   led 253/  0 h1.00 b1.00 lvl+13.43 d0.01   MATCH a red cube~ (cos 0.166, nearer by 100.49)
frame   215 :  a red cube~ +54.69*  a blue cube~ -27.88   led 252/  0 h1.00 b0.99 lvl+13.40 d0.01   MATCH a red cube~ (cos 0.169, nearer by 100.49)
frame   216 :  a red cube~ +54.03*  a blue cube~ -27.87   led 253/  0 h1.00 b1.00 lvl+13.08 d0.01   MATCH a red cube~ (cos 0.161, nearer by 100.49)
frame   217 :  a red cube~ +54.86*  a blue cube~ -28.37   led 251/  0 h1.00 b0.99 lvl+13.25 d0.02   MATCH a red cube~ (cos 0.173, nearer by 100.49)
frame   218 :  a red cube~ +54.38*  a blue cube~ -27.85   led 253/  0 h1.00 b1.00 lvl+13.26 d0.01   MATCH a red cube~ (cos 0.163, nearer by 100.49)
frame   219 :  a red cube~ +54.83*  a blue cube~ -27.76   led 252/  0 h1.00 b0.99 lvl+13.53 d0.01   MATCH a red cube~ (cos 0.171, nearer by 100.49)
frame   220 :  a red cube~ +55.41*  a blue cube~ -28.45   led 249/  0 h1.00 b0.99 lvl+13.48 d0.02   MATCH a red cube~ (cos 0.173, nearer by 100.49)
frame   221 :  a red cube~ +53.95*  a blue cube~ -26.84   led 254/  0 h1.00 b1.00 lvl+13.56 d0.00   MATCH a red cube~ (cos 0.155, nearer by 100.23)
frame   222 :  a red cube~ +52.87*  a blue cube~ -26.04   led 243/  0 h0.99 b0.99 lvl+13.41 d0.01   MATCH a red cube~ (cos 0.154, nearer by 97.57)
frame   223 :  a red cube~ +53.20*  a blue cube~ -26.67   led 249/  0 h0.99 b1.00 lvl+13.27 d0.01   MATCH a red cube~ (cos 0.164, nearer by 98.94)
frame   224 :  a red cube~ +53.12*  a blue cube~ -26.87   led 249/  0 h0.99 b1.00 lvl+13.12 d0.01   MATCH a red cube~ (cos 0.161, nearer by 99.11)
frame   225 :  a red cube~ +53.91*  a blue cube~ -27.76   led 254/  0 h1.00 b1.00 lvl+13.08 d0.00   MATCH a red cube~ (cos 0.170, nearer by 100.49)
frame   226 :  a red cube~ +53.69*  a blue cube~ -26.92   led 253/  0 h1.00 b1.00 lvl+13.39 d0.00   MATCH a red cube~ (cos 0.162, nearer by 99.98)
frame   227 :  a red cube~ +56.23*  a blue cube~ -27.39   led 250/  0 h1.00 b0.99 lvl+14.42 d0.02   MATCH a red cube~ (cos 0.189, nearer by 100.49)
frame   228 :  a red cube~ +62.78*  a blue cube~ -33.18   led 226/  0 h1.00 b0.95 lvl+14.80 d0.11   MATCH a red cube~ (cos 0.238, nearer by 100.49)
frame   229 :  a red cube~ +50.80*  a blue cube~ -24.41   led 223/  0 h0.96 b0.98 lvl+13.20 d0.04   MATCH a red cube~ (cos 0.076, nearer by 92.34)
frame   230 :  a red cube~ +38.67*  a blue cube~ -16.33   led 132/  5 h0.82 b0.91 lvl+11.17 d0.18   MATCH a red cube~ (cos 0.033, nearer by 63.76)
frame   231 :  a red cube~ +22.55*  a blue cube~ +0.25   led  48/ 22 h0.59 b0.79 lvl+11.40 d0.41   MATCH a red cube~ (cos -0.049, nearer by 17.52)
frame   232 :  a blue cube~ +13.34*  a red cube~ +9.04*   led  21/ 51 h0.40 b0.80 lvl+11.19 d0.40   MATCH a blue cube~ (cos 0.152, nearer by 20.10)
frame   233 :  a blue cube~ +22.26*  a red cube~ +1.05   led  11/ 88 h0.28 b0.86 lvl+11.65 d0.28   MATCH a blue cube~ (cos 0.156, nearer by 44.02)

enrol     : the next 20 frames are 'a blue cube~' AGAIN - they join the visit(s) it already has. HOLD THE SCENE STILL until it lands.
frame   234 :  a blue cube~ +27.08*  a red cube~ -4.29   led   6/119 h0.21 b0.90 lvl+11.39 d0.21   MATCH a blue cube~ (cos 0.146, nearer by 58.37)
frame   235 :  a blue cube~ +30.91*  a red cube~ -7.83   led   4/146 h0.16 b0.92 lvl+11.54 d0.16   MATCH a blue cube~ (cos 0.153, nearer by 68.81)
frame   236 :  a blue cube~ +33.10*  a red cube~ -10.24   led   2/165 h0.13 b0.94 lvl+11.43 d0.13   MATCH a blue cube~ (cos 0.150, nearer by 75.30)
frame   237 :  a blue cube~ +35.19*  a red cube~ -12.16   led   1/183 h0.10 b0.95 lvl+11.52 d0.10   MATCH a blue cube~ (cos 0.157, nearer by 80.98)
frame   238 :  a blue cube~ +35.83*  a red cube~ -12.57   led   1/187 h0.09 b0.96 lvl+11.63 d0.09   MATCH a blue cube~ (cos 0.150, nearer by 82.46)
frame   239 :  a blue cube~ +37.44*  a red cube~ -14.07   led   1/203 h0.07 b0.97 lvl+11.68 d0.07   MATCH a blue cube~ (cos 0.161, nearer by 86.86)
frame   240 :  a blue cube~ +38.55*  a red cube~ -14.84   led   0/212 h0.05 b0.97 lvl+11.86 d0.05   MATCH a blue cube~ (cos 0.162, nearer by 89.52)
frame   241 :  a blue cube~ +38.58*  a red cube~ -14.94   led   0/213 h0.05 b0.97 lvl+11.82 d0.05   MATCH a blue cube~ (cos 0.155, nearer by 89.71)
frame   242 :  a blue cube~ +37.91*  a red cube~ -14.45   led   1/207 h0.06 b0.97 lvl+11.73 d0.06   MATCH a blue cube~ (cos 0.148, nearer by 88.07)
frame   243 :  a blue cube~ +38.39*  a red cube~ -14.52   led   0/210 h0.06 b0.97 lvl+11.94 d0.06   MATCH a blue cube~ (cos 0.157, nearer by 88.85)
frame   244 :  a blue cube~ +38.51*  a red cube~ -14.50   led   0/210 h0.06 b0.97 lvl+12.00 d0.06   MATCH a blue cube~ (cos 0.156, nearer by 88.99)
frame   245 :  a blue cube~ +37.08*  a red cube~ -13.22   led   1/197 h0.08 b0.96 lvl+11.93 d0.08   MATCH a blue cube~ (cos 0.140, nearer by 85.16)

snapshot  : frame 246, mean RGB 118 117 122
BEGIN m9 128 128 32768 133fa316
WoliymLKUkdaiGsKa0trS2tLa0yED4wQhA9zzoQQjFGMkoxQjFCUkZzSlNKU05TT
jJKMUZTTnROdE5SSnJKdE50UnRSc05zTpRSlFJzTnNOlFKUUpVWlVJ0TpVSlVa1V
pRSlFK1VrZWtVa1VpRWdFKVVpVWtVa1VpRSlFaVVrZatVqUUpRWlVa2WrValFaUV
pRWlVaVVnRSlVKVVpVWdFJ0UpVWlVaUVnRWdFZzUnRWdFJUUlNOU1JTUlNSU1JTU
lNOM04yTjJOM04SShJJ8UYRShJKEUXxRfFGEUXxRfFB0EGvPdBB0D2vPY45jjmvP
a89jzmOOW0xbTVtNW01bTVqIYspiyVJIUohrS2tMa0trC2tLhA+EEIQPc42EEIxR
jFGMUYxRlJKc05zTnNOc05SSlJKc050TnROUkpSSnRSlFKUUnNOc06UUpRSk05zT
pRSlVKVVpVWdFKVVrVWtVaUUpRStFa1VrVWtVqVVpRSlVa1VrVWtVaUUpRWlVq1W
rValFaUVpVatlq1WpRWlFaUVpVWlFZ0UpVWlVaVVpRSdFKVVpRWlFaUVnRSdFJ0U
nRSVFJTUlNSU1JTUlNSU1JTUjNOMk4yTjNOMk4RSfFGEkoSSfFJ8UXxRfFF8UnQR
dBFz0HQRdBBrz2uOY45rz2vPa45rjltMY01bTVtNW0xaiGrKYspSB1JIawtrTGtM
a0xrTIQPhFCEEHvOhBCMUpSSjFGMUZSSlNOU05zTnNOU04ySlNOdFJ0TlJKUkpzT
pRSlFJzTnNOlFKUUnNOc06UUpRStVaVUnRSlVa1VrVWlFKUUrRWtVa1VrVWlVaUU
pVWtVq1VrValFaUVrVWtVq1WpRWtVa1VrVWtVqUVpRWlFaVWpRadFKUVpVWlVZ0U
nRSdVaVVpVWlFZ0UnNSdFJ0UnRSU1JTUlNSU1JTVlNSU1IzUjJOMk4yTjJOEUoRS
hFKEUnxRfBF8EHxRfFF8UXQQa890EHQQa89rjmuOa89rz2vOY45bTFtNW01bTVtN
WohiymLKUkhSSGtLa0xrS2NLa0x8D4QQhBB7joQQjFGUkYxRjFGUkpzTnNOc05zT
lNKUkpzTpRSc05SSlJKc06UUpRSc05zTpRSlFJzTlNOlFKVVrVWlVZ0UrVWtVa1V
pRSlFK0VrVWtVa1VpVWlFK1VrVWtVa1WpRSlFaVWrVatVqUVpRWlVa1WrValFaUV
pRatVq1WnRSdFaVVpVWdFJ0UpRWlFaVVpRWdFZ0UnRSdFZ0UnNSU1JTUlNWU1JTU
lNSMk4yTjJOMk4ySjJKEUYyShJKEUXwRfBGEUXxRdBF0EGvPdBB0EHPPa85rjmvP
a89rzmOOW01bDVtNW01bDFKIYspiykpHUkhrC2tLa0xjC2sMg8+MEIQQe86EEIxR
lJKMUYxRlJKU05zTnNOc05TSlJKc050UnROUkpSSnNOlFJ0UnNOc06UUpRSc05zT
pRSlFK1VpRWdFKVVrVWtVaUUpRSlFa1VrVWtVaUUpRStVa1VrVWtVaUVpRWlVa1W
rValFaUVrVatVq1WpRWlFaVWpValFZ0UpVWlVaVVpRSdFaVVpVWlVaUVpRSdFKUU
nRWc1JTUlNSU1JTUlNSU1JTUjJSMk4yTjJOMkoSShFGEUoRShFJ8EXwRfFF8UXQQ
c9Brz3QQdBBrz2uPa45r0GvPa89jjltMW0xbTVNNW0xSSGLKYspSSFJIawtrTGtM
Y0trTIQPjFCEEHOOhBCMUZSRjFGMUZSSnNOc05zTnNOU0oyRnNKdE50TlJKUkqUU
pRSlFJzTnNOlFKUUnNOc06UUpRStVaVVpRSlVa1VrVWlFKUUrVWtVa1VrVWtFaUV
rRWtVq1WrVWlFK0VrVWtlq1WpRWlFq1WrVatVqUVpRWlVq1WpVWdFKVVpVWlVZ0U
nRSlVaUVpVWlFZ0UnRSlFJ0UnRSU05TUlNSU1JTUlNSU1IzUjJOMk4yTjJOEkoRR
hFKEUYRRhBF8EXxRfFF8UXQQa890EHQQc89rjmuOa89rz2uOY05TDVsMW0xbTFMM
UkdiymLKUkhSSGsLa0trTGNLa0yED4xQhE97zoQQjFKUkoxRjFGUkpzTnNOc05zT
lJKUkZzSpROlE5SSlJKlFKUUpRSc05zTpRSlFJzTnNOlFK1UrVWtVaUUrVWtVa1V
pRSlFK0VrVWtVa1VpRWlFK0VrVWtVq1WpRWlFq1VrZatVqUVpRWtVq1WrValFaUV
rVWtVa1VpRSlFaVVpVWlFZ0UpRWlVaVVpRWdFZ0UnRSdFJUUlROVE5TUlNSU1JTU
lNSU1IyTjJOMk4yTjJOEUoyShJKEUXxRfFB8UXxRfFF0EHPPdBB0EGvQY49jj2vP
a89rz2OOWwxbDVsNWw1bDFJIYspiylJIUkhrC2tMc0trS2tLhA+MUIQRe8+EEIxR
lJKMUYRRlJKc05zTnNOc05TTlJKc050UpRSUkpzSpRSlFKUUnNOc06UUpRSc05zT
pRSlVa1VpRSdFK1VrVatVaUUpRStVa1VrVWtVaUVpRStVbVVrVWtVqUVpVWtVa2W
rValFaUVrVWtVq1WrRWlFa1VrVatVaUUpVWtVa1VpRWlFKUVpVWlVaUVpRWdFKUV
nRSdFJUUlRSU1JTUlRSU1JTTlNOMk4yTjNOMkoyShFGEkoxShFJ8EXwRfFF8UXxQ
dA9rz3QQdBBsEGuOa45rj2vPY49jTlMNUw1TDVMMUwxSSGMLYwpSiEpIawtrTGtL
awtrTIQPjFCMEHvOhBCMUZSSjFGEEJSRnNKc0pzTnNOU0pSSnNOlFKUUnNOc06UU
pRSdFJzTnNOlFKUUnNOc06UUrVWtVaUUpRStVa1VrVWlFKUUrVWtVa1VrVatFaUV
rVWtVa1WtValFa0VrVWtlq1WpRSlVa1VrVatVqVVpRWtVa2WrVWlFKVVrVWtVaUV
nRSlVaVWpVWlVZ0VnRSdFZ0VnRSdFJzUlNSU1JTUlNSU1IzUjJOMkpTTjJOMkoRR
jJKEkoRSfFF8EYRRfFF8EXQQa890EHQQa89rj2uPa9Brz2OPW05TDFMMU0xTDFMM
SkdjCmMKUohKR2MLa0xrTGsMa0yED4xRjBB7z4QQjFKUkoxRjFCUkZTSnNOc05zT
lNOUkpzTpRSlFJSSnNOlFKUUpRSlFJzTpRSlFJzTnNOlFK1VrVWlVaUUrVW1VrWW
pRSlFK1VrVWtVq1VrRWlFa1VtVW1VbWVpRStVa1VrVWtVaUVpVWtVrVWrVatVaVV
rVatVq1VpRSlFa1VrVWlFaUUpRSlFaVVnVWdFZ0UnRSdFJTTlNSU1JTUlNSVFJTU
lNSU1IyTjJKM04yTjJKEUYRRhFGEUnxRfFF8UXxRfBB0EGvPdBB0EGvPa49jj2vQ
a49rjltNUwxTDFMMUwxTC0pHYspjCVKISkdrSnNLa0xrTGtMhA+MUIRQe8+EEIxS
lJKMUYxRlJKc0pzTnNOc05STlJKc06UUpRSUkpzTpRSlFKUUnNOc06UUpRSlFJzT
pRStVa1VpRSlFK1VtZatVaUUpRStVa1VrVatVq1VpRStVa2VrVatlq0VrVWtVq2W
tZalVa1VrVW1Vq2WpVWlVa1VrVatVaUUpRWtVa1VpRWdFKVVpVWlVaVVnRSdFJ0U
nRSdFJTTlRSU1JTUlRSVFJTUjNOMk4ySlJOMkoyShFKMUoSShFF8EXwRfFF8UXQR
dBBrz3QQbA9rz2OOY45rz2uPY45bTlMMUwxTDFMMUwxKR2MLYwtaiFJIawtzTHNM
a0trTIPPjFCMUHvOhBCMUpSSjFGMUZSSnNKc05zTnNOU04ySnNOlFKUUnNOc06UU
pRSlFJzTnNOlFKUUnNSc06UUrVWtVa1VpRStVa1VrVWlFKUUrVWtVa1VrVatVaUU
rVWtlbVWtZalVa1VrVW1lrWWpVWtVa1WrZa1lq1VpVWtVq1WrValFK0VrVWtVaUU
pRSlFaVVpVWlVZ0UnRSdFJ0UnRSc1JzUnNSc1J0UnRSU1JTUjJOMk4zTjJOMkoRR
hFKEkoRSfBF8EHxRfFF8UXQPa890EHQQdA9rjmuOa89rj2OPW05TDFMMUwxTDEsM
SgdjC2MLWohKR2MLa0xrTGtMa0yED4xQjFB7z4QQlJKUkoxRjFGUkpzTnROc05zT
nJKUkpzTpRSlFJzTnNOlFK1VpRSc05zTpRSlFKUUnNOlFK1VrVWlFKUUrVWtVa1V
rVWlFK1VrVa1Vq1WrVWtFK1VrVW1lrWWrVWtVa1VtVa1VqUVrVatlrWWrZatVaVV
rVWtVa1VpRSlFa1VrVWlFKUUpVWlVa1VpVWdFJ0UnRSdFJ0UlRSVFJTUlNSVFJ0U
lNOU04zTjJKM04yThJKEUYRRhJGEUXwRfBF8UXxRdBFz0GvPdBB0EGvPY49jjmvQ
a49rjltNUwxTDFMMUwxKzFJIYwtjC1rKSkhjC2tNc01rTWtMhA+MUIxQe86EEIxS
lJKMUYxRlJKc05zTnNOc05SSlJKUkqUUpRSc05zTpRSlFKUUnNOc06UUpRSlFJzT
pRStVa1VpRSlFK1VtZatVa1VpRStVbWWtZa1lq1VpRStVbWWtZa1lq1VrVatlq2W
rZatFa1VtZa1lrWWrVatFa1VtVatVaUUpVWtVa1WpRWlFaUVpVWlVaVVnVSdFJ0U
nRSdFJzUnNSc1JzUnRSdFJUTlNOM04yTjNOMkoSShFGEkYSShFGEEXwRhFF8UXwR
c9Brz3QQbBBr0GuPa49rz2uPY49bTVMMUwxTDFMMUwtSSGsLawtayVJIawxzTXON
c01rTYQPjFCMUHvOhA+UkZSSlJKMUZSSnNOc05zTnNOc05SSnNOlFKUUnNKc06UU
pRSlFJzTnNOlFK1VpRSc06UUrVWtVa1VpRStVbWWtZatVa1VrVW1lrWWtZatVaVV
rVWtlbWWtZatVa1WrVa1lrWWrVWtVbWVtZa1lq1VrVWtVq1WrValFKVVrVatVaVV
pRSlVaVVpVWlVaVUnRSlFKUUnRSdFJ0UnNSc1J0UnRSVFJTTjNOMkoyTjJOEknxR
hJKEkoRSfBF8EYRRfFF8UXQQa890EHQQa89rzmOOa89jj2OPW01TDFMMUwxTDEsL
SkhrDGtMYspSSWtMc41zjWuMa0yED4xQjFCED4QPlJGUkoxSjFGUkpzTnROc05zT
lJKUkpzTpRSlFJzTnNOlFK1VpRSc05zTpRStVaUUnNOlFK1VrVWtVaUUpRStVbWW
rVWtVa1VtZa1lrWWrVatFa1VtZa1lrWWrVWtVa1VtZa1lq1VrVWtVbWWtZatVa1V
rVatVq1VpRSlVa1VrValFaUVrRWtVaVVpVWlVJ0UnRSdFJ0UnRSdFJ0UnNSdFJ0U
nNSU05TTjJOMk4yTjJKEUYSShJGEUXwQfBGEUXxRdFF0EGvPdBB0EGvPY45jjmvQ
a49rjltNUwxTDFNMUwxTDFJJcwxzTGsKUolrTHONc41zjWtNhA+MUIxQhA+ED4xR
lJKMUoxRlJKc05zTnNOc05SSlJKc06UUpRSc05zTpRStVaUUpRSc06UUrVWlFJzT
pRStVa1VrVWlFK1VrVWtVa1VrVW1VbWWtZa1lrWWrVWtVrWWtZa1lq1VrVWtVrWW
tZatVa1WrZa1lrWWrVatVa1WrVatVqUVpRWtVq1WpRWlFa0VrVWtVa1VpVWdFJ0U
nRSdFJ0UnRSVFJzUnRSdFJzUlNOMk4ySlJOMkoyShFGMUoSShFKEEXwRfBF8UnwR
c9Brz3QQdBBrz2OOY45rz2uPY45bDVMMUwxTDFMMUwtSiWtMa0xrC1rJa0xzjXPN
c41rTIQPjFGMUIQPhBCUUZSSlFGMUZSSnNOdE5zTnNOUkpSSnNOlFKUUnNOc06UU
rVWlFKUUnNOtVa1VpRSlFKUUrVWtVa1VpRStVbWWtZatVa1VrVa1lrWWtZa1lq1V
rVW1lrWWtZatVa1VrVa1lrWWrVWtVbVWtZa1lq1VrVWtVa1VrVWlFKVVrVWtVqVV
pRStVa1VrVWtVaVVnRSdFKUUpRSdFJ0UnRSc1JzUlRSc1JTTlNOMk5STjJOMkoRR
jFKMkoRRhFF8EXxRfFF8EXPQa890EHQQc9BrjmuOa89rjmOOW01TDFMMUwxTC1ML
WolzTHOMa0taynOMe817znPOc42ED4xRjFGEEIQQjJKUkoyRjFGUkpzTnNOc05zT
nNOUkpzTpRSlFJzTnNOlFK1UpRSlFJzTpRStVaUUpRSlFK1VrVWtVaUUrVWtVbWW
rVWtVbWWtZa1lrWWtZatVa1VtZa1lrWWrVWtVa1VtZa1lq1VrVWtVrWWtZatVa1V
rVa1Vq1WpRWtVa1WrValFaUVrVWtVa1VrRWlFZzUpRSlFZ0UnRSdFJUUnRSdFJ0U
nROU04zTjJOU04yTjJKEUYySjJKEUnxRfBF8UXxRdBB0D2vPdBB0EGvPY49jj2vQ
a89jjltNUwxTDFMMUwxTDFqJc0x7jXNMYstzTYPPe857znONhA+MUYxRhBCEEJSS
lJKMUYxRlJKc05zTnNOc05SSlJKc06UUpRSc05zTpRSlFKUUpRSc061VrVWlFJzT
pRStVa1VrVWlFK1VrVW1lq1VrVW1lrWWtZa1lrWWrVW1lrWWtZa1lq1VrVWtVbWW
tZatVa1VrVa1lrWWrZWtVa1WtVatVqUVrVWtVbVWrRWlFa1VrVWtVa1VpRWlFKUU
pRSdFJ0UnRSVFJ0UnRSdFJ0TlNOM04ySjNOMk4SShFGEkoSShFJ8EXwRfFF8UXwR
c9Brz3QQdBBrz2POY49r0GuQY49bTVMMUwxTDFMMSwtaynONe45zjWMLc457z3vP
c49zjoQQjFGMUXwQhBCUkpSTlJKMUZSSnNKc05zTnNOc05SSnNOlFKUUlJOc06UU
pRSlFKUUnNOtVa1VpRSc1KUVrVWtVa1VpRStVa1VtZatVa1VrZa1lrWWtZa1lq1V
tZa1lrWWtZatVa1VrVW1lrWWrVWtVbWWtZa1lq1VrVWtVbWWtValFa1VrVWtVq1V
pRWtVa1VrVWtVaUVpRSlFKUVpRSdFJ0UlRSdFJ0UnRSVFJTUlJOMk4yTjJKMkoRR
jFGEkoRSfBF8EXwRfFF8EXPQa890EHQQc89jjmOPa89rz2OPUw1LDFMMUwxTDFMM
WstzjXuOc45jC3OOe897z3vPc4+EEIxRjFGEEIQQlJGUkpSRjFGUkpzTnNOc05zT
nNOUkpzTpRSlFJzTnNOlFKUUpRSlFKUUrVWtVaUUnNOlFK1VrVWtVaUUrVW1lrWW
rVWtVa2WtZa1lrWWtZatVbWWtZa1lrWWrVWtVa1VtZa1lq1VrZWtlrWWtZa1lq1V
tZa1lrWWpVWtVa2WrZalVaVVrVatVq1VrVWlFJ0UpRSlFJ0UnRSdFJ0UnNSc1J0U
nNSU04yTjJKM04ySjFKEUYRShJKEUnxRfBF8UXxRfBFz0GvPdBB0EGvQY45rjmvP
Y49jjlsMUwtTDFMMUwxSzGMLe857z3uOa0x7zoQPhA+ED3vPhFGMUYxRhBCEEJSR
lJKUkoxRlJKc0pzTnNOc05zTlJKc06UUpRSc05zTpRSlFKUUpRSlFK1VrVWtVZzT
pRStVa1VrVWlFK1VtZa1lq1VpVW1lrWWtZa1lq1WrVWtlrWWtZa1lq1VrVW1lrWW
tZatVa1VrVW1lrWWrVatVa2WtZa1la1VrVWtVa1VpVWlVa1VrVWtVa1VpVSlFKVU
pRSlFJzUnRSVFJ0UnRSVFJTUlNOM04ySjJKMk4xShFGMkoSShFJ8EXwRfBF8UXQR
c9Bzz3QQdBBrz2OOY49r0GPPY49TTVLMSwxTDFMMSwtrTHvPhA97zmtNe86EEIQQ
fBB7z4RQjFGMkYxQjFCUkpSSlJKMUZSSlJKc05zTnROc05SSnNOlFKUUnNOlE6UU
rVSlFKUUpRStVa1VrVWlFKUUrVWtVa1VpRStVa1VtZatVaVVrZa1lrWWtZatVa1V
tZa1lrWWtZatVa1VrVW1lrWWrVWtVbWWtZa1lq1VrVWtVbWWtZatVa1WrVa1Vq1V
pRWtVq1WrVatVaUVnRWlFaUUpRSc1J0UnNSc1JzUlNSU05TTlJKMkpSTjJKEkoRR
hFKEkoRSfFF8EXxRfFF0UXQQa890EHQQa89jj2OPa89rj2OOUwxKzFMMUsxTDFLM
a0x7zoQPhA9zjnwPhFCEUIQQhA+MUZSSlJKMUYxRlJKUkpSSjFGUkpzTnNOdE6UT
nNOUkpzTpRStVZzTnNOlFKUUrVWlFJzTrVWtVa1VpRStVa1VtZatVaUUrVW1lrWW
rVWlFLWWtZa1lrWWrVWtVa1VtZa1lrWWrVWtVbWWtZa1lq1VrVW1lrWWtZatla1V
rZa1lrWVrVWtVa2WrZatVa0UrVWtVa1VrVWlFaUUpRWlFaUVnRSdFJ0UnRSdFJUU
lNSU05TSjJKU04ySjJKEUYySjJKEUnwRfBB8EXwRdBBz0GvPdBB0EGvPY45jjmuP
a49jjlsMUstTDFMLUwtTDHNNg8+MEIQQc46ED4xRjFGMUYQQjFGUkpSSjFGMUZSS
lJKUkoxRlJKc06UUpRSlFJzTlJKc06UUpRSc05zTpRSlFK1VpRSlFK1VrVWtFKTU
pRStVbWWrVWlFK1VrVW1lq1VrRW1lrWWtZa1lq1VrVWtVbWWtZa1lq1VrVW1lrWX
tZatVa1VtZa1lrWWrVWtVa1VtZa1lq1VrVatlrWWrVWlFa1VrVWtVa1VrRWlFKUU
pRWlFaTUpRSc050UnNSU1JTUlNOUk4ySlNOMkoyShFGEkYxShFJ8UXwRfBF8EXQQ
c9Brz3QQdBBrz2OOY49rz2OPY05bDFLLUwxTDFMLUstzjnvQhBCEEHvOhBCMUZSR
jFGEEIxRlJKUkoxRjFGc05zTnNOUkpSSnNOlFKUUpRSc05SSnNOlFKUUnNOc06UU
pRStVaUUnNOtVa1VrRSk1K0UtVW1lrWWrVWtVbWWtZatVa1VtZa11rWWtZatVa1V
rVW1lrWWvZatVa1VtZa1lrWWrVWtVbWWtZa1lq1VrVWtVbWWtZWtVa1VrVa1lq1V
rVWtVq1VrVWtVa0VpRSlFKUUpRSk1JzUnNSdFJ0UnRSc05TTlJKMkozTjJOMkoRR
hJKEkoRRfBF8EHwRfBF0EHPPa890EHQQa89jjmOOa49jjmOOUwxKy1MLSwtSy1LL
c8+EEIQQjFF7z4QQjFGMUYxRhBCMUZSSlJKMUYxRlJKc05zTlJKU0pzTnNOc05zT
nNOc0pzTpRSlFJzTnNOlFK1VrVWlFKUUrVWtVa1VpRStFbVVtZatVa1VrVW1lrWW
rZWtVLWWvZa1lrWWrVWtVa1VtZa1lrWWrVWtVbWWvde1lq1VrVW1lrWWtZatVa1V
rVW1lq2WrVWtVa1WtZatVa1VrVWtVa1VrVWlVaUUpVWlFaUVnRSdFJ0UnRSdFJ0U
nNOU04yTjJKU04ySjJKEUYSSjJKEUnwRfBGEEXwRfBBzz2vPdBB0EGvPY45jjmvP
Y45jjlMMSstSzFLMUsxSy3vPhBCMUYxRe8+EEIxRlJKMUYxRlJKUkpSSlJKMUZzT
nNOc05SSnNOc05zTnNOc05zTnNOc06UUpRSc05zTpRStVK1VpRSlFK1VrVWtVaUU
pRStVbWWtVWtFbVVtZa1lq1VrRW1lr2WvZa1lrVVrVWtVb2WtZa9lrVVtVa1lrWW
tZatVa1VtZa1lrWXtVatVbVWtZatlq1VrZa1lrWWrVatVa1VrVWtVaVVpRWlFK0V
pRWlFJzUnRSdE5zUnRSdFJzUlNOM04ySlNOMkoyShFGEkYRShFF8UXwRfFF8EXQR
c9Brj3QQdBBzz2OOY45rj2OPY45TDErLSstSy1MLSst7z4QQjFGMUYQQhBCMUZSS
lJKMUYxRlJKc05SSlJGc0pzTnNOUkpzTnNOc05zTpRSc05zTnNOlFKUVnNOc06UU
rVWtVaUUpRStVa1VpRSlFK0UtVa1lrWWrVWtVbWWtZatVq1VtZa9lr2WvZa1lq1V
tZa917WWvdetVbWWtZa1lrWWrVW1lrWWtda1lrWWrVWtVrWWtZatVa1VrVW1lq1V
pRWtVa1VrVWtVa0VpRSlFKUUpRSlFKUUnRSdFJ0UnRSU1JTTlJOMkpTTjJOMkoRR
hFGEkXxRfBB0EHwQfBF0EGvQa49z0HQQa89jjmOOa89jj2NOUwxKy0rMSwxSzErM
e8+EEIxRjFGEEIQQjFGUkpSSjFGUkZSSnNOUkpSSnNOc05zTlJKc05zTnNOlFKUU
nNOc05zTpRSlFJzTnNOlFK1VrVWlFKUUrVWtVa1UpRStVbVWtVa1Va0VtVW1lrWW
rVWtVbWWvZe9lrWWtVa1VbVWvZe9lr2XtVW1lrWWtZa1lq1VtZa1lrWWtZatVa1V
tZa1lrWWrVWtVa1WtZatVaVVrVatVa1VrVWtFaUUpRSlFKUUnRSdFJ0TnNSc1JzU
nNSUk4yTjFOMk4yThJKEUYSRhJGEUXwRfBB8EXwRdBBr0GuPdBBz0GvQY49jj2vP
a49jTlMMSstKzFLMUsxKy3vPhBCMUYxRhBCEEIyRlJKUkoxRlFGUkpzTlJKMUZzT
nNOc05SSlJKc05zTpRSlFJzTnNOc06UUpRSk06TTpRStVa1VpRWlFK1VrVWtVaUU
rRW1lrWWtVatVbVVtZa1lq1WrVW1lrWWvZa1lrVWrVWtVr2XvZa9l7VWtZa9lr3W
vZe1VrVWvZe9l7WWtZatVbWWtZa1lq1VrVa1lrWWrVWtFK1VrVWtVa1VpVWlFaUV
pRSk1KUUnROdFJzUnNSc1JzTlJOMkoySjJKMkoyShFGMkYxShFJ8EXwRfBF8EXwR
c89rj3QQdBBzz2OOY45jz2OOW45TDErLSstKy0sLSst7z4QQjFGMUYQQhBCMUZSS
lJKMUZSSlJKc05SSjFGc05zTnNOUkpzTnNOlFKUUpRSlFJzTnNOlFKUUpRSlFKUU
rVWtVa1VpRStVa1VrRWlFK1VtVa1lrVWrVWtVrWWtZa1Va1VtZa1lr2WtZa1lq1V
tZa9lr2Xvde1VrWWtZa9lr3XtVW1Vr2WvZa9lrWWrVW1lrWWtZatVbWWtZa1lq1V
pRStVa1VrVatVa0VpRWlFaUVpRSdFJ0UnROc1JzUlNSU1JTUlJOMkpSTjJKMkoRR
jJKEkoRRfBF8EIQRfBF0EHPPa49z0HPQa89jjmOOY89jj1tOSwxKy0rLSwtKy0rL
e8+EEIxRjFGEEIQQlJKUkpSSjFGUkpSSnNOUkoxRnNOc05zTlJKUkpzTpROlFKUU
pRSc06UUpRSlFJzTnNOlFK1VrVWtVaUUrVWtVa1VpRStVbVWtZa1lq1VrVW1lrWW
tVWtVbWWtZa1lrWXtZa1lrWWvZe9lr2XtVa1VrWWtZa9lq1VtZa1lrWWtZa1Vq1V
tZa9l7WWrVW1lbWWtZatVq1VrVatVq1WrVWtFaUUrRWlFaUUnNSdFJ0UnNSc1J0U
nNOU04ySjJKMk4ySjJKEUYSRhFKEUnwRfBB8EXxRfBBzz2uPdBB0EGvPY45jjmvP
a45jTlMMSstSzErMSsxKi3vPhBCMUZSShBCEEIxRlJKUkoxRlJKUkpzTlJKMUZzT
nNOc05SSlJKc05zUpRSlFKUUnNOlFKUUpRSlFKUUpRStVa1VpRSlFK1VtVWtVaUU
rRW1Vr2WtZWtVa1VtZa1lrVVrVW1lrWWtZa9lrWWtVW1Vr2XvZe917WWtZa9lr2X
vde1VrWWvZa9lrWWtZatVbWWtZa1lq1VtZa1lrWWrVWtVa1WrVatVq1WpRWlFKUU
pRSlFKTUnRSdFJzUnRSc1JzUlJSMk4xTjJOMk4yShFGEUYRShFF8EXwQfBF8EXQR
c9Brz3QQdBBrz2OOY45rz2uOY05TDErLSsxKzErMSst7z4QQjFGMUYQQhBCMUZSS
lJKUkpSSnNOc05SSjFGc05zTnNOUkpSSnNOc06UUpRSlFJzTnNOlFKUUnNOlFKUU
rVWtVa1VpRStVa1VrRSlFK0VtVa1lrVWrVWtVbWWtda1Va1VtZa1lr2WvZa1lq1V
tVW9lr2Xvde1lrWWvZe9l72XtVa1lr2WvZe917WWtZa1lr3XtZatVbWWtZa1lq1V
rVWtVa1WrVatVq0VpRSlFaUUnRSc1J0UnNSc05zUnNSc05TTjJKMkpSTjJOMkoRR
hFKMUoRRfBF8EHwRfBF0EWvQa890EHQQa89jjmOOY89jjmNOUsxSy0rMUsxKy0rL
e897z4xRjFGEEIQQjFGUkoyRjFGMUZTSnNKU0oxRnNOc05zTlJKUkpzTnNOlFKUU
pRSc05zTpRSlFKUUpRSlFK1VrVWtVaUUrVWtVa1UpRSlVbWWtZa1lq1VrVa1lrWW
tVW1VbWWvZa9lr2WvZa1lbWWvde9l73XtZa1lrWXvZe9l7VWtZa9l72XvZe1lrWW
tZa1lrWWrVWtVbWWtZatVa1VrVWtVq1WrVatFaUUpRSlFKUUpRSlFJzUnNSc1JTU
nNSUk4yTjJOMk4yTjJKEUYyRhFKEUXwRfBB8UXwRdBBrz2vPdBB0EGvPY45jj2vP
Y45bTVMMSstKy1LLSstKi3vPg8+MUYxRhBCEEIxRlJKUkoxRjFGUkpzTlJKMUZzT
nNOc05SSnNKc06UUpRSlFKUUnNOc06UUpRSlFKUUrRStVa1VrRSlFK1VrVWtVaUU
rVW1lrWWtZatVa1VtZa11rWVrVW1lr2WvZa9lr2WtVa1lr2XvZe917WWtZa9l72X
vde1lrWWvZa9l72XtZa1lrWWtZa1lq1VrVW1VrWWrVWtVa1WrVatVq1WrVWlFK0U
pRSlFJzTpRSc05zUnNSc1JTUlJOMk4xTjJOMk4yShFGMUoxShFJ8EXQRfFF8EXQQ
a89jj3PQc9Brz2OOY45rz2OPY05SzFLLUstSzEqLSst7z4QPjFGMUYQQhBCMUZSS
lJKUkoxRnNOc05SSjFGc05zTnNOUkpSSnNOc06UUpRSlFJzTnNOlFKUUpRSlFK0U
rVWtVa1UpRStVa1VrVWlFK0VtZa1lrWWrVWtVbWWtZa1Va1VtZa9172XvZe9lrVV
tVa9l72Xvde1lrWWvZe9173XtZa1lr3Xvde917WWtZa1lrWWtZatVa1WtZa1lq1V
rVWtVq1WrVatVaVVpRWlFaVVpRWlFJ0UnNSc1JzUnNSc1JSTjJOMUoySjJKMkoRR
hFGEUoRRfBF8EXwRfBF8EXPQa890EGvQa89jjmOOY89jjltOUsxKzErMSsxKy0qL
e897z4QQjFGEEIQQjFGUkpSSlJKMUZSSnNOUkoxRnNOc05zTlJKUkpzTnNOlFKUU
pRSc05zTpRSlFKUUpRSlFK1VrVWtFKUUrVWtVa1VpRSlVLWWtZa1lq1VrVW9lr2W
tVW1VbWWvde9l72XvZa1lbWWvde9l73XtZa1lrWXvZe917WWtZa9l73Xvde1lrWW
tZa1lrWWrVWtVbWWtZatVa1VrVatVq1WrVWtFaUVpRWlFaUUpNSlFJzUnNSc1JzU
lNSUk4yTjJKMk4yTjJKEUYRSjJKEUnwRdBB8UXwRfBFz0GvPdBBz0GuPY45jj2vP
Y45bTlLMSoxKzErMSstKy3vOe8+EEIxRhBCEEJSSlJKUkpSSjFGUkpzTlJKMUZzT
nNOc05SSlJKc05zTpRSlFKUUnNOc06UUpRSlFKUUrVWtVa1VrVSlFK1VtVWtVaUT
rRS1lbWWtZatVa1VtZa1lrVWrVW1lrXWvda91r2WtVW1Vr2Xvde917WWtZa9l72X
vde1lrWWtde9173XtZa1lbWWtZa1lq1VrVW1lrWWrVWtFa1WrVatVq1WrRWlFaUV
pRWlFKTUpRSc05zUnNSc1JzUlJSMk4yTjJOMk4RShFKEUoRShFF8EXwQfFF8EXwQ
c89rz3QQdBBrz2OOY45rz2OOW01KzErMSsxKy0rLSst7z3vPjFGMUYQQhBCMUZSS
lJKUkoxRlJKc05SSjFGc05zTnNOUkpSSnNOc06UUpRSlFJzTnNOlFKUUpRSlFKUU
rVWtVaVUpRStVa1VrVWk1KUVtVa1lrWWrVWtVbWWtZa1Vq1VtZa1l72Xvde9lrWW
tZa9173Xvde1lrWWvZe9l73XtZa1lrXXvde917WWtZW1lrWWtZatVa1VtZa1lq1V
rVWtVq1WrVatVaUVpRWlFaUVpRSlFKUUnRSc1JzUnNSc1JyUjJKMkpSSjJKMkoRR
hFKEUoRSfBF8EXwRfBF8EHPPa890EHPQa49jjmOOa89jj1tOSs1Ky0rLSstKy0qL
e457j4wQjBGEEHvPjFGMUZSSjFGMUZSSlJKUkoxRnNKc05zTlJKUkpzTnNOlFKUU
pRSc05zTpRSlFKUUnNOlFK1VrVWtVKUTrVWtVa1VpRSlFLVVtZa1lq1VrVW1lr2W
tZWtVbWWvde9172XvZa1VbVWvZe9l8XXtZa1lrWXvZe9l7VWtZa1l72Xvde1lrWW
tZa1lrWWrVWtVbWWtZatVa1VrVatVq1WrVatVaUVrRWlFaUVnNSdFJzTnNSc1JTU
lNOUk4yTjFKMk4xSjJKEUYRRhFKEUXwRfBF8EXwRdBFrz2uPc9Bz0GuPY05jj2uP
Y45bTkrMSsxKzErMSsxCy3OOe46EEIwQhBB7z4xRjFGUkoxRjFGUkpSSlJKMUZSS
nNOc05SSlJKc05zTpRSlFKUUnNOc06UUpRSlFKTTrRStVa1VpVSlFK1VrVWtVaUU
pRS1VbWWtZatVa1VtZa1lrWVrVW1lr3Wvda9lr2WtVW1lr3XvZe917WWtZa1l72X
vde1lrWWtde9172XtZatlrWWtZa1lq1VrVW1lrWWrVWtVa1VrVWtVa1VrRWlFaUV
pRWlFZ0UnRSc05zUnNSc1JzUlJSMk4RTjJOMkoyShFGEUoRShFJ8EXwRfFF8EXQR
a9Brz3QQa9Brz2OOY49jz2OPW05KzErLUstKy0rLSstzjnOOhBCEEIPQg9CMUYyR
jJGMUYxRlJKUkpSSjFGUkpzTnNOUkpSSnNOc06UUpRSlFJzTnNOlFKUUpRSc1K0U
rVWtVa1UpRStVa1WrVWlFKUUtVa1lrWWrVWtVbWWvda1lbVVtZa9l72XvZe1lrVV
tVa9l72Xvde1lrWWtZe9173XtZa1lrXXvde9l72WtZW1lrWWtZatVa1VtZa1lq1V
rVWtVa1VrVatVq0VpRWlFaUVpRWk1KTUnNOc05zUlNSU1JSTjJKMkpSSjJKMUoRR
hFGEUYRRfBB0EHxRfBF8EWvQa49z0HPQa89jjmOOY89jjltNSsxKy0rLSsxKzEqM
c45zjnvQhBCEEHwPjFGUkpSSjFGMUZSSlJKUkoxRlJKc05zTlJKUkpzTpRSlFKUU
pRSc05zTpRSlFKUUnNSlFK1VrVWtVKUUrVW1Va1VpRSlFLVVtZa1lq1VrVW1lrWW
tZatVbWWvZe9lr2XvZa1lrWWvde9lr3XtZa1lrWXvde917WWtZa1173Xvde1lrWV
tZa1lrWWrVWtVbWWtZatVa0VrVWtVa1WrVWtFaUVpRWlFaUVnRSdFJ0TnNSc1JzU
nNSUk4ySjJKMkoySjFKEEYRRhFGEUXwQfBB8EXwRdBBrz2vPdBBz0GuPY05jjmOP
Y49bTkrMSsxKy0rLSstKy3OOc46D0IwQhBB8D4xQlJGUkYxRjFGUkpSSlJKMUZSS
nNOc05SSnNOc06UUpRSlFKTUnNOc06UUpRSlFKUUpRStVa1VrVSlFK1VrVWtVaUU
rRS1VbVWtVatVa1VtZa91rWVrVW1lr2XvZe9l7WWtVW1Vr2XvZe917WWtZa9l72X
vde1lrWWtda9173XtZa1lrWWtZa1lq1VrVW1lrWWrVWtVa1WrVatVq1VrRWlFaUV
pRWlFJ0UnRSc05zUnNSU1JTUlNOMkoySjJKMkoRShFGEUYRShFF8EXwRfBF8EXwQ
a89rj3PQa89rj2NOY45rj2OOW05KzErMSsxCzErMSstzjnOOfA+EEIQQhBCMUZSS
lJKMUYxRlJKUkpSSjFGUkpzTnNOUkpSSnNOlE6UTpRSlFJzTnNOlFK0UpRSk060U
rVWtVa1VpRStVa1VrVWk1KUUtVW1lrWWrVWtVbWWtda1la1VtZa91r2WvZa9lrVV
tVa9l72Xvde1lrWWtZe9l8XXtZa1lrWXvZe917WWtZW1lrWWtZatVbVVtVa1lq1V
rVWtVa1VrVWtVa0VpRWlFaUVpNWk1KUUnNSc1JzUnNSc1JTTjJKEUoySjFKEUoQR
hFKEUoRRfBF8EHwRfBFz0GuPY49r0GvQY49bjmOOa45jjmNNSstKy0rLSstKy0rL
c49zjnvQhBCEEHvPjFGUkpSSjFGMUZSSlJKUkoxRlJKc05zTlJKU05zTnRSlFKUU
pNSc05zTpRStFKUUpNStFK0VrVWtVaUUrVWtVq1VpNSlFLVVtZa1Vq1VrVW1lrWW
tZWtVbWWvZe9l7WXtZa1lrWWvde9173XtZa1lr2XvZe917WWtZa1l73Xvde9lrWV
tZa1lrWWrVW1VbWWtZatVaVVrVWtVa1VrVWtFaUVpRWlFaUVnNSlFZzUnNSc1JTU
lNSU04yShJKMk4xSjFKEEYxShFKEUXwQfBB8EXwRc9FrkGuPc9Bz0GuPY05jjmOP
Y45bTkrMSsxKzErMQoxKi3OOc46EEIQQhBB7z4RRjJKUkZRRjFGUkpSSlJKMUZSS
nNOc05SSlJKc06UUpRSlFKUUnNOc06UUpRSlFJzTpRStFbVVrRSlFK1VrVWtVaTT
pRS1VbWWtZatVa1VtZa1lrWWrVW1lr3XvZe9l72WtZW1lr3Xvde917WWtZa1l72X
vde1lrWWtda9173XvZa1lbWWtZa1lq1VtVW1lrWWrVWtVa1VrVWtVa1VrRWlFaUV
pRWlFJ0UnRSc05zUnNSc1JyUlJOUk4xSjJOMkoxShFGEUYRRfFF8EXwQfBF8EXQQ
a89rj3PQa9BjkFtOY09jj2NPW01Ky0rLSstKy0rLSotzjnOOhA+EEIQQe8+EUYyS
lJKMUYxQlJKc05SSjFGUkpSTnNOUkpSSnNOlFKTUpRSlFJzTnNOlFKUUpRSdE6UU
rVWtVa1UpRStVbVWtVWs1K0UtVW1lrWWrVWtVbWWvZa1lq1VtZa9l72XvZe9lrVW
tVa9l72Xvde1lrWWtZe9l73XtZa1lrWXvZe917WWtVW1lrWWtZatVbWVtZa1lq1V
rVWtVq1WrVatVa0VpRWlFaUUpRSk1KTUnNSc1JzUnNSck5STlFOMUoyTjJKEUoRR
hFGEUnxRfBB8EHwQfBF70GuPa49z0HPPa49jTmNPY49jTltOSsxKzErMSstCykqK
c45zjoQQhBCEEHvPjBCMUYxRjFGEEJSSnNOUkoxRlJKUk5zTlJKUkpzTpROk06UU
pRSc05ySpRSlFKUUnROlFK1VrVWtVKUUrVWtVa1VpNStFLVVtZa1lq1VrVW9lr2W
vZatVbWWtZe9l72XvZa1lrVWvZe9l73XtZa1lrWXvZfF17VWtZa1l72XvZe9lrVV
tZa1lrWWrVWtVbWWtZatVa1VrVatVq1WrValFaUUpRSlFKUUnRSdFJzUnNSc1JzU
nNOUk4ySjFKMUoxShFKEEYRRhFKEEXwQfBB8EHwQe9Brj2uPc9Br0GOPW05jj2OP
Y09bTkrMSstKy0rLSstCi3uOc02Dz4QQhBB7z4xRjJGMUYxRhBCUkpSSlJKMUZSS
nNKc05SSlJKc06UUpRSlFJzTnNOck6UUpRSlFJzTpRStVK1VrVWlFK1VtVW1VazU
rRS1VbWWtZatVa1VtZa9lr2VrVW1lr2WvZa9lr2WtVW1Vb2WvZe9l7WWtZa1l72X
vZe1VrWWvZe9172XvZa1lbWWtZa1lq1VtVW1lrWWtVWtVa1VrVWtVq1VpRWlFaUV
pRWk1JzUnNSc1JzUnNSclJzTlJOMkoxSjJKMkoxShBGEUYRRhFF8EHPQfBF8EXPR
a49rj3PQa89jz1tOY45jjmNOW01Ky0rLSsxKy0rLQotzjnNOe8+EEIQQe8+EEYxR
jFGMUYQQlJKUkpSSjFGUkpzSnNOUkpSSnNKlE6TTpRSlFJzTlJKlFKUUpRSk060U
rVStVa1VpRStVLVVtVWs060UtVW1lrWWrVWtVbWWtda1lq1VtZa9lr2WvZa1lrWV
tVa9172Xxde1lrWWtZe9l72XtVa1lr2XvZe9l72WtVW9lr3WvZatVbVVtZa1lq1V
rVWtVa1VrVWtVaUVpRSlFKUUpRSk06TUnNSc1JzUnNSU05STjJKEUoxTjFKMUoQR
hFKEUoRRfBB8EHwRdBFz0GuPa49z0GuQY49bTluPY49jjltOSstKy0rMQstKy0qL
c45rTXvPhBCEEHOPhBGMUYxRjFGEEJSSlJKUkoxRlJKUkpzTlJKUkpyTpNOk1KUU
pNSc05zTpRSlVKUUnNOlFK1UrVWtVaUUrVWtVbVVrNStFLVVtZa1lq1VrVW1lr2W
vZa1VLWWvZa9lr2WvZa1VbVVvZa9lr2WtVa1lr2WvZe9l7VWtZa9l73XvZe9lrVV
vZa91r2WrVWtVbWWtZatVa1VrVWtVa1VrVWlVaUUpVSlFJ0UnNSc1JzUnNSc1JzU
lNOUk4xShFKMUoxShFJ8EYQRhFGEUXwQfBB0EXQQc9Brj2uPc9BzkGOPW05jjmOP
Y05bTkqLSotKi0qLSotKi3uOa017z4QQhBB7z4xRlJGUkoxRhBCUkpSSlJKMUZSS
nNOc05SSlJKc06TUpRSlFKTUnNOUkqUUpRSlFKTTrRStVK1VrVWlFK1UtVW1Va0U
rRS1VrWWtZatVa1VvZa9lr2WrVW1lr2WvZa9lrWWtVW1Vb2WvZe9l7VWtVa9l73X
vZe1VrWWtZe9173XtZa1lrWWtZa1lq1VtVW1lrWWrVWlVa1VrVWtVa1VpVWlFKUU
pRSdFJzUnNSc1JTTnNOc05TTlJKMUoxSjFKMUoxSfBGEUoRRhFF8EHQQdBB0EXPQ
Y49jj2vQa5Bjj1tOY09jj1tOW05KzErMSsxKy0qLSot7znONe8+EEIQQc46EEIxR
jFGMUYQQlJKUkpSSjFGMUZzTnNOUkpSSnNOk1KUUpRSlFJzTnJOlFKUVpRSk06UU
rRS1Va1VpRStVLVVtVWtFK0UtVW1VrWWrVWtVbWWvZa9VrVVtVa9l72XvZa9lrVV
tVW9lr2XvZe1VrVWvZa9l72XtVa1lrWXvZe9l7WWtZa9lr2WtZatVbVVtVa1lq1V
rVWtVa1VrVWtVa0UpRSlVKUUnRSc1JzUnNOc05STlNOU04yTjFKMUoxTjFKEUnwR
hBKEUnwRc9Bz0HPQdBBz0GuPY49rkGvQY49bTmOOY49bjlMNQstKi0rLSstKi0qL
e45zjXvPhBCEEHvPjFGMUYxRjFGEEJSSlJKUkoxRjFGc05zTlJKUkpzTnNOk1KTU
pNOc05zSpRSlFKUUnNOlFK1UrVWtVKUUrRStVbVVrRStFLVVvZa1lrVVrVW1lrWW
tZatVbVWvZa9lr2WtVa1VrVWtZe9lr2XtZa1lr2WvdfF17WWtZa9l72XvZe9lrWW
vZa91rWWrVWtlbWVtZatVa1VrVWtVa1VrRWlFKUUpRSlFKUUnNOc1JzTnNOc05zT
lNOUkoxSjFKMk4xSjFKEEYRRhFGEEXvQe9B8EHQQc9Brj2uPa9Br0GOPW05bj1uO
W05TDUKLQoxKi0qLQotCinvOc417z4QQhBB7z4QRjFGMUYxRhBCUkpSSlJKMUYxR
lJKc05SSlJKc05zTpRSlFKTTnNOc0qUUrRStFKTTpRStFa1VrVWlFK1UrVW1Va0U
pRS1VbWWtZatVa1VtZa9lrWWrVW1lr2XvZa9lr1WtVW1Vb2WvZa9l7VWtVa1lr3W
vde1VrVWvZe9l72XvZa1lb2WvZa9lq1VtZW1lbWWtVWtVa1VrVWtVa0VpRWlFKUU
pRSlFJ0TnNSU05zTnNOc05TSlJKMkoxSjFKMUoRSfBGEUYRRfBFz0HPQc9Fz0GvQ
Y49jj2vQY9Bjj1tOW45bjltOUw1Ki0qLSotKi0qLQot7zmtNe8+EEIQQe8+EEIxR
jFGMUYQQlJKUkpSSjFGMUZSSnNKUkpSRnNOc06TTpNOk05zTnNKlFK0UrRSk06UU
rVWtVa1VpRStFLVVtVWlFKUUrVW1lrVWrVWtVbWWvZa1lq1UtVW9lr2WvZa9VrVV
tVW9lr2WvZe1VrVWvZa9lr2XtVa1Vr2WvZe9l72WtVW9lr2WtZatVbVVtVa1lq1V
pVWtVa1VrVatFaUVpRSlFKUUpRSc1JzUnNSc05zTnNOUk4yTjFKMUoySjFKEUXwQ
hBF8UXwRc9Bz0HPQc9Bz0GuPY49r0GvPY49bTmOOY45bTlMNQotCjEqLSotCi0JL
e85rTXvOhBCEEHvPhBCMUYxRjFGEEZSRlJKUkoxRjFGUk5zTlJKMUZzTnNOk06TT
pNOc05zTpRSlFKUUnNOlE61VrVWtFaUUrRS1VbVVpNSlFLVVtVa1Vq1VrRS1lrWW
vZatVbVVvZa9lr2WvVa1VbVVvZa9lr2WtVa1VrVWvZe9l7VWtVa9lr2XvZe9VrVW
tZa1l7WWrVWtVbWVtZatVa1VrVWtVa1VpVWlFaUUpRWlFKUUnNOc05TTlNOU05TT
lJOUUoxSjFGMUoxShFJ8EYRRhBF8EXPQc9Bz0HPQa89jjmOOa89rz2OOW01jTmNO
W05TDUKLQotKi0qLSopCSnuOa017zoQPhBB7z4QQjFGMUYxRhBCMUZSSlJKMUYxR
lJKc05SSlJGc05zTpROk06TTnNOck6TUpRSlFJzTpNOtVa0VrVWlFK0VrVWtVaTU
pRS1VbVVtVWtVa0UtZa1lrWWrVW1Vb2WvZa9lrWVtVW1Vb2WvZa9lrVWtVW1lr2W
vZa1VbVWvZa9lr2XtVa1Vr2WvZa1lq1UrVWtVbWWrVWtVa1VrVWtVa1VpVWlFKUV
pRSlFJzUnNSU05TTlNOU05SSlJKMUoxSjFKMUoRRfBF8EXwRfBFz0HPQc9Bz0GvP
Y45jj2vQa49jTltNY45bjltNUw1Ci0KLQotCi0KKQopzjmtMc858D4QQe8+EEIxR
jFGMUYQQjFGUkpSSjFGMUZSSnNOUkoxSlJKc05zTpNOc05yTnJKk1K0UpRSc06UT
rRStVa0VpRSlFa1VtVWk06UTtVW1VrVWrVWtFLVWtZa1lq1VtVW9lr2WvZa1lbVV
tVW9lr2WvZa1VbVVvVa9lr2WtVW1Vb2WvZa9lrVWtVa1lrWWtVatVa1VtVW1Vq1V
rVWtVa1VrVWtVKUUpNSlFKUUpNSc1JzTnNOU05TTlJOUk4xTjFKMEoxShFGEUXwQ
fFF8EXwRc9Bz0HPQc9Bz0GOOY49r0GvPY45bTWNOW45bTlMNSotKi0qLSopKikJK
c41rTXOOe8+ED3vOhBCMUYxRjFGEEIxRlJKUkoxRjFGUkpSSlJKMUZSSnNOlFKTT
pNOc05yTpNSlFKUUnNOlE61UrVWtFaUUpRWtVbVVpNSlFLVVtZa1Va1VrRS1VbWW
tVatFa1VtVa9lr2WtZW1VbVVvZa9lr2WtVW1VbVWvZa9lrVVtVW9lr2WvZa1VbVV
tZa1lrVWrVWtVbVWtVatVa0VrVWtVa1VrVWlFaTUpRSlFJzTnNOc05zTnNOU05ST
lJOMUoxSjFKMUoRShFF8EHwRfBF8EXPQc9Bz0HPQa89jjmuOa89rz2OOW01bTltO
W05TDUKLQotCi0KLQotCSnONYwxzjnvPhBB7z4QQjFGMUYxRhBCMUYxRlJKMUYxR
lJKUkpSSjFGUkpzSnNOc05zTnNOc0pzTpRSlFJzTpROtFa0VrRWk1KUUrVW1Va0U
rRS1VbWWtVatVa0VtVa1VrVWrRWtVbWWtZa1lrWVtVWtVb2WvZa9lrVVtVW1lrWW
tZa1VbVVtVa9lr2WtVW1VbVWtZa1lq1VtVW1VbVVrRWtFK1VrVWtVa1VpRWlFKUU
pRSc05zTnNOc05yTnJOUk5STjFKMUoRRhFKEUYRRfBCEUYQQfBBz0HPQc9Bz0HOQ
Y05jj2vPa49jj1tOW05bTlNNUw1CjEKLQoxCi0KLQkpzjWMMc457z3vQe8+EEIxR
jFGMUYxRjFGUkpSSjFGMUZSSlJKUkoxRlJKc05zTnNOc05ySnJKk06UUpRSc06UU
rRStFa0VpRSlFK1VrVWlFKUUrVW1VbVVrVWlFLVWtVa1Vq0VrVW1lrWWtZa1Vq1V
rVW9lrWWvZa1VbVVtZW9lr2WtVW1Vb2WvZa9lrWVtVW1lrWWtZWtVbVVtVa1Vq0V
pRWtVa1VrVatFaUVpNSk1KTUnNSck5zTnJOck5STlJOMk4xSjFKMUoxShFGEEXwQ
fBF8EXwRc9Bz0HPQc9Brj2OOY45rz2uPY05bDWNOW05bTVMNQotCi0KLQotCizqK
c45jTHONfA98D3vOhA+MUIxRjFGEEYxRlJKUkoxRjFGUkpSSlJKUkpSSnNOc05zT
nNOUkpSSnNOk1KUUnNOc1K0VrRWtFKTUpRStVa1VpNOk061VtVW1Va0VrRS1VrVW
tVatFLVVtVW1VrWWtVatVa1VtZa1lrWWrVW1VbWVtZa9lrVVtVW1VbWWtZa1la1V
tZW1lrWWrRWtVa1VrVWtFaUVrRWtVa1VrRWlFJzTpNSlFJzTnNOc05yTlJOUk5ST
lFOMUoxShFGMUYRRhFF8EHwRfBF8EHPQc9Bz0HPQa9BjTmOOY49jj2NOUw1bT1tP
W05TDUKLQotCjEKLQktCSnONa0xzjXvPe89zznvPjFGMUYxRjFCMUZSSlJKMUYxR
lJKUkpSSjFGUkpzTnNOc05zTlJKUkpzTpROlFJzTpNStFK0UrRSlE6TUrVWtVZzT
pNOtVK1VrVWtFK0UtVW1VbVVpNStFLVVtVa1Vq1VrRWtFbVWtVa1Vq1VrVW1Vr2W
vZa1Va1VtVa1VrVWrVatVa1WtVWtVaUUrVS1VbVVrRSlFK1UrVWlFaUUnNOc05zT
nNOU05STlJOUk5STlJOMk4ySjFGEEYRRhFKEEoQRfBB8EHQQc89zz3PPc9Brz2OP
Y05jTmNPW05bTlNOW05bDlMNSsxCi0JLSotKi0KKOklzjWtMa0xzzXvOc45zjoQQ
jFGMUYQQhBCMUZSSjFGEEJRRlJKUUYwRjFGUkpzTnJKUkpSSlJGUkZzTnNOUkpSS
nNOk1JzTnJOckqTTpNOckqTTrRStVK1VpRSc06UTrZW1VaUTpNO1Vb2VtVatVa1V
rRStFLUVtVa1Va1VrRS1VbVWrRWtFa0VrVW1Va1VrRWtFbVVrVWlFKUUrVWtVaUU
nNOlFKUUnNOlFJzTlNOUk5STlJOUk5STlJKUk5yTlJKUkoxRhBCMUYxRhFFzz3PQ
fBF70HPQc9Bz0GuPa49rTmOPY05jTltOW05bTlsNUw1TDUsMSsxCi0KLQotCSjHI
a0xzjmuNc457z3vPe8+MUYxRjFGEEIQPjFGUkpSRhBCMUpSSlJKMUYxRlJKc0pzT
lJKUkpzTlJKU0pSSpRSk06TUpRStFKUTpRStVK1VpROtFLVVtVW1VrVVrRStFK1V
tVa1Va0UrRW1VrVWtVWtFK1VtVW1VbVVrVW1VbVVtVatVbVVtZa1VbVVrVW1VbVV
tVW1VrVVtVWtVK1VrVWtVaUVpRWlFaUVpRWlFJ0UnNSc1JSTlJOck5zTnJOck5SS
jJKMUoRRhFGEUYRRhBB8EYQRfBB8EHQQc89zj3PPa49rj2NOY49jj2OOW05bTltO
U01TDUKLQstKy0KLOkoyCWMLc41zjnvOe897znuOhBCMUYxRjFGEEIxRlJKUkoxR
jFGUkpSSlJKMUZSSnNOc05SSlJKk1KTTnNOUkqTUpRSlFKUUpNSk06UUrVWtVaUU
pRStFa1VtVW1Va1UrRStFK1VrVWtFK0UrVW1VbVVrRW1VbVVtVW1Va0VrVW1VbWV
rVWtFa1VtVW1Fa0UtVW1Va1VrVWtVa1VpVSlFKUUrRSlFKUUpNSlFKUUnRSc05zT
nNOck5STlJOUk5STlJOMUoRRjFKEUoRShFGEEXwQfBF8EXwRe9Fz0GuPa49rj2uP
Y49bTmOPY09jT1sOWw1bTltOUw1Ci0KLQotCizoKMglaynONc45zjnOPc45zjoQQ
jFGMUYxRhBCMUZSSlJKMUYxRlJKUkpSSjFGUUZzTnNOUkpSSnNOc05zTlJKc1KUU
pRSlFKUUnNOk1K0VrVWk1KTUrRW1VbVVtVWtVK0UrRStFa1VrRSlFK1VtVW1Va0U
rVS1VbVVtRWtFLUVtVW1Va0UpRStVbVVrVStFK0VrRWtFa1VrVWlFaUUpRSlFKUU
pRSlFKUUpRSlFKUUnNOc05zTlJOUkpSTlJOUk5STjFKMUoxSjFKEUYRRfBF8EXwR
fBFz0XPQc9BrkGuPa49jj2OPW05bT2NPY49bTlMOU05TDlMNQotCi0KLQoo6CToJ
WsprTHONc45zjnOOc46EEIxRjFGMUYQQjFGUkpSSjFGMUZSSlJKUkoxRjFGc05zT
lJKUkpzTpROc05SSnNSlFKUUpRSdFJzTpNStFa0VpNSk1KUVrRWtVbVVrVWlFK0U
rVW1Va0UpNStFa1VrVWlFK1VrVW1Va1VrRStFK0VtVWtFK0UrRStFa0VpRStFK0U
rRStFK0UrNStFKTUpRSlFKUTpNOk06TUpRSc1JyTnNOc05SSlJKUk5SSlJOMk4xS
jFKMUoxShBKEEXwRfBF8EXwRfBBz0HPQa49rj2uPa49jj1tNW45bjluOU01TDVNN
Uw1LDUKLQotKzEKLOgk6CVrKa01zjXuNe45zjXOOhBCEUIxRjFGED4xRjFGUkYxR
jFGUkpSSlJKMUYxRnNKc05SSlJGc05zTnNOUkqTTpNSlFKUUnRSc06UTrRStFaTU
pNSlFK0VrVWtVa0VpRSlFK1UtVWtFKTTrRStFa0VpNStFa0VrRWtFaUUrRWtFa1V
rRSk1K0UrRStFKTUrNSlFKUUpRSlFKTUnNOkk6TTpNOk05zTnNOc05zUnNSUk5yT
lJOUk5RSlJKUk5STlJOMUoxSjFKMUoRRfBF8EHwRfBF8EXwQc9Bz0GvPa49rj2uP
Y49bTmOOY45bjlNNUw1TDVMOSs06i0KLQotCijpJOglayWtMc41zzXOOc45zjnvQ
hBCEEYxRhBCEEIxRjFGEEIQQlJKUkpSSlFGMkZTSnNKUkpSSnNOc05yTlJKk06TU
pNSk1KTUnNOk1K0VrRWk1KTUpRStFa0VrRWlFaUUpRStFK1VpRSlFK0UrRStFKTT
pRStFK0UrRSk06TUrNSs1KTTpJOk06TTpNOc0qSSpJKkkqSSpJKckpySnJKck5zT
nNKc05zTnNOc05zTlJKck5STlJKUkpSSlJKUkpSSjFKMUYRRhFGEUXwRfBF8EXwR
fBF0EHPQc89rj2uPa49rjmOOW01jjluOW05TDlMOUw5TDkrNQotCi0qMQks6CToJ
WsprTHONc41zjXOOa0570IQQjFGMUYQQhBCMUYxRhBCEEJSSlJKMUYxRjFGUkpSS
lJKMUZzTpNOc05SSnNOlE6UUpRSk1JzTnNOlFK0VpNSk1K0UrVW1Va1VrRSs1KTU
rRStVa0UpNOk1K0UrRSk06UTpNSk1KTUnJOkk5ySnJKtFK0TrROk0ZSOnE6kTqRQ
rFCsUKQPpE+kT5xPpFCskaSSpNOk06TTpNOc05ySlNKUkpSSlFKUkpSSlJKUkoxR
jFGEUYRRfFF8EXwQfBF8EXwRc9Brz2vQa49rj2vQY49jj1tOY45bjltOUw1TDVMO
Uw5SzUKLQoxCi0KKMgk6CVqJawxzjXONc41zjXONfA+EEIQQhBB7z4QQjFGMUYQQ
hBCMUZSSlJKMUYxRlJKUkpSSjFGUk5zTnNKUkpzTpRSlFKUUnNOc06TTrRStFKTU
nNOlFK0UrRStFK0UpNSs1KzUrRSk1KTTpNOlFKUUnNOc06TTpNOkk5ySnJKUUYwQ
rROtFK0TbA1jzGQMnJClE60TrRKkT5wOpA+sT5vNksqSiZsLnE+c05zTlJOUkpSS
lJOUUoxSlFKUkpSSjJKEUYRRhFGEUXxRfBF8EHwQfBB8EHPQa5Brz2uPY45jj2OP
Y09bDVtOW05bTlMNUw1TDVMNSsxCi0KLQotCijoJOglSiWNMc41zjnONc41zjXvP
hBCEEYQQe8+EEIxRjFGEEIQQjFGUUpRSjFGMUZSSlJKUkYxRnNKc05STjFKc05zT
pNSk05zTnJKk060UrVSk06TTpRStFa0VrRWtFKUTpNOtFK0UpNOc0qTTpNOk05yS
nJKckpySnFKUUZQRjA+Lz6UTrRSlFGvRW1BbD4PRpNOk1KUUpRSc05zTlFKD0HrN
couCzZwQnNOc05TTlJKUkpSSjJKMUoxSlFOUk5RSjFKEUoRRhFF8EXwRfBF8EXwQ
dBBz0HPPa9Bjj2OPY49jTmOOWw1jjltOW01TDVMNUw1TDUrMQotCi0KLQko6CToJ
WoljDHNNc41zjnOOc457z4QQhBCEEHvPhBCMUYxRhBGEEIxRjFGMUYxRjFGUkpSS
lJKMUZzTnNOc05SRnNOk1KTUpNOc05zSnNOlFKUUpNOc06UTrRStFK0UpNSk06TT
pNOlFKTTnJOc06TTnNOckpSSlJKckpRSlBGMEIPOe82k0q0UrRSclHQTY5FbUGuQ
c9Fz0XORY1BjUXPShFOEUpSTnNOc05yTnNKU05TTlJOUkoxSjFKMUoxSlFKMUoQR
hBGEEYQRfBF70HwQfBB8EHPQc9Brj2uPY49jTmOPY49bTlsNY05bTltOUw1TTVMO
Uw1KzEJLQotCizpKMgkyCVKIawtzTHOMc41zjnONe8+EEIQQhBB7z4QQjFGMUYQQ
hBCMUYxRjFGMUYxRlJKUkoxRjFCUkpzTnJKUUZySnNOk05zTnNOckpzTpRSlFKTT
nNOk1K0UrRStFKzUpNSkk6TTpNOck5ySnJKckpyTlFKUUpRRlFGUUYwQjA+DznuN
nNKlFaUVpRWlFZ0WlNaM1JTUlNWU1ZTVlJWUlIyUjJSEU4RUhFR8FHwTfBN8E3PS
e9CMUYxSjFKMUpRSjFKEEYQRhBGEEXwQfBBz0HPQc9Bz0HPPa49rj2OPY49jj2OP
Y05bDVtOWw5bTlMNU01TDUsMSsxCikKLQotCSzoKOglSiWMLc41zjXONa41zjXvO
hBCMUIQQe8+EEIxRjFGEEIQPjFGMUYxRhBCMUZSSlJOUUowRlJKc05SSjFGUkpzT
nNOc05zTnJOc06UUpRSc05zTpNSlFK0UrRSk06TTpJOk06TTpNOckpySnJKckpSR
lFGUUZRRlFCUUIwPe85zjVNUS1RLVEtUS1RDVENUQ1Q7E0MUOxU7FTsUOxU7FTLU
KpQy1DLUMtQykyqTKpMqk1sQjFGMUYxSjFKMUoxShBGEEYQRhBF70XvQe9B70HvQ
c9Bzz2uPa49rjmuOY45jTmNOUw5bTlNOU05LDVMNUw1TDErMQotCi0KLQos6CToJ
UkhjC2tMc01zjXNNc017joQQhBCEEHvPe8+MUYxRhBCEEIxRjFGMUYQQjBCUkpyS
lFGMUZSSnNOUkoxRlJKc05zTnNOck5SSnJOlFKUUpNOck6TTrNStFK0UpROc05zT
nNOc05ySlJKUkpSSlJKMUpRRjFCUUZRRlBCLz3uOa00q1SrVKtUq1SrVKtUq1SrV
IpQq1SrVKtUq1SrVKtUqlSKUIpQqlCqUKpMqVCJUIlNa0IwRjBGMUYxSjFKMUYQR
hBGEEYQRe9B70HPQc9Bz0HPQa5Brj2uPa49jT2NPY49bTlMNW05bTVtNSw1TDVMN
Sw1KzDqLQotCi0JLMgkyCVKJYstzTXNNc41rTWtNc457z4QQhBBzjnvPhBCMUYQQ
e8+MUYxRjFGEEIQQjFGUkoxRhBCUkpSSlJKMUZSSnNOc05zTlJKUkpSSpRSlFKTT
nJOk06TUpRSlFJ0UnNOck5yTnNOUk5RSlFKUUpxSlBGUEYwQjFGMUIwQg897jWtM
KtQq1SrVKtUq1SrVKtUq1SKUKtUqlTLVU9g7FSqUKpQiUyqUKpMiVCJUIlQiUyIT
UtCEEYQRjFGMUoxShFKEEYQRhBGEEXvQe9Bz0HPQc9Bz0HOPa49rj2OOY05jTmNO
W05TDVtOUw5TDVLNSw1TDUsNQsw6i0KLQotCSzIJMglSSVrLa0xrTWtNa41rTXOO
e8+EEIQQe897z4QQjFGEEHvPhBCMUYxRhBCEEIxRlJKUUYwQlJKUkpSSjFGUkZzT
nNOc05TTlJKUkqTUpRSc05TSnNOlFKUUpRSdFJzTlNOc05zTnJKUUpRSlFGUUYwR
jBGMEIwRjBCMD4POe41rTCqUKpQq1SrVKtUq1SrVKpUqlCqVKpRb1ktTZBcy1CqU
IlMqVCJUIlMiUyJTIhMiUlrPhBGEEYRRjFKMUoxRhBCEEYQQfBF8EHvQc9Bz0HPQ
a9Brj2OPY49jj2OPY45bTltOUw1bTlsOUw5KzUsNUw1LDULMOotCi0KLOkoyCToJ
Skhay2tNa41rTWtNa01zjnvPe8+EEHvPe8+EEIQQhBB7z4QQjFGMUYQQhBCMUZSS
jFGEEIxRlJKUkoxRlJKc05zTnNOU05SSlJKlE6UUnNOUkpzTpROlFKUUnNSU05SS
lJOckpSSjFGMUYxRlFGMEIwQjBCMUYwQhBB7z3OOY00qlCqVKpUq1SrVKpUqlSqV
KpQqlCqUVBdDlUvWMtQikyJTIlQiVCJUGlMiUyJTIlJa0IQRhBGEUYxSjFKEEnwR
fBF8EXwRdBBz0HPQc9Fr0GvQa49rjmOPY45jjmNOW05bDlMNWw5TDVMNSs1LDUsN
Sw1CzDqLQoxCizpLOgk6CUpIWsprTHNMa01rTWtNa017z3vPhBB7z3vPhBCEEIQQ
e8+EEIxRjFGEEIQQlJKUkoxRhBCMUpSSlFKMUZRSnNOc05zTlNOUkpSSnNOk1JyT
lJKc06UUpRSk1KTTnJOckpSSnJKUkYxRjFCMUYxRjBCEEIwQjBCMEIQPg857jWNM
KpMqlSqVKpUqlSqVKpUqlSJUKpUqlFvWZBdDVCqTIlQaEyJUIlMiUyJTIlMiUyIT
Wo+D0IQQjBGMUYxRhFF8EHwQfBB8EHQQc9Bz0HPQc9Bz0GuPa49jj2OPY09bT1tO
Uw5TDVtOU01TDVLNSs1TDUrNQsxCi0KLQos6ijIIMklKCFrKawxrTWtNa01rTXOO
e8+EEIQQe897z4QQhBCEEHvPjFGMUYxRjBCEEIxRjFGMUYQQjFGUkpSSjFCUkZzS
nNOc05SSlJKUkqUUnNOc05SSnJOk06TTpNSc05SSlJKUkpSSjJGMUYxRjFGMUYwR
hBCEEIwQjBCDz3uOc41bCypTKpUqlSqVKpUqlSKUIpQiVCqUKpNDV1PZKpQqlCJT
GhMiFCJTIlMiUyJTIhMiE1LPe9B8EIQQhFGEUYQRfBB8EHwQfBBz0HPQc9Bz0HPQ
c9Brj2NOY45jjmNOY05bTlNOUw5TTlMNUw1KzErNSw1KzELMOotCjDqLOkoyCToJ
SghSimMMa01rTWtNa01zjnvPhBB7z3OOc46EEIQQhBB7z4QQjFGMUYQQe8+MUYxR
jFGEEIxRlJKUkoxRjFGUkpSSlJKUkpSSlJKc06TTlJKUUpzTnNOc06TTnJOUkpRS
lJKUkoySjFGMUYwRjFGMEIQQhBCEEIwQg897jnNNWwsqUyKUIpQilSKVIpUilCKU
IpQilCqTU9lTmCqUIlMiUxoSGhMaUxpTGhMaExoTIdNSj3vQe9CEEIQRhFGEUXwQ
fBB8EHwQc9Brz3PQc9Bz0GvPY49jTmOPW05bTltOW05bDVMNWw5TDlMNSw1LDUrN
Qs1CjDpLQos6SzpKMgk6SkpIUopjDGtNa01rTWtNa417z3vPe89zjnOOfA+EEHvP
e8+EEIxRjFGEEHvPjFGMUYxRhBCMUYxRlJKMUYxRnNOUkpSSlJKMUYxSnNOc05SS
lJKckpzTnNOc05TSlJKMUZSSlJKUkoxRjFGMEIwRjBCEEIPPjBCEEIPPe45zTWMM
KpMilCKUIpQilCKUIpMilCJUIlQik0uYU9kikyJSIlMaEiITIhMaExoTGhMaEhoR
Us570HvQfBGEUoRSfBF70HvQfBB8EHPPc89zz3PQa9Brz2uPY49jj2OOW05bTltO
Uw1TDVNOUw1TDUrMSs1KzUrNSow6S0KMOks6SjIJOklKSFKKYwxjDGMNa01rTWtN
c457z3vPc45zjnvPhBB7z3OOhBCMUYQQhBB7z4QRjFGMUYQQjFGUkpSSjFGMUZSS
lJKUkpSSlJKUkpzTnNOUkoySlJKc05zTnNOUkpSSjFGUUZRRlFGMEIwQhBCMEIPQ
g9CDz4PPg897jnuOa0xbCyJTIlQilCKVIpQilCKUIlQiUyKUKlNL2VPZIlMiUiIS
GhIiEiISGhIaERoRGhAZ0FKOe9B70IPQhFGEEYQRe9B70HvQe9Bzj2uPa89rz2vP
Y49jj1tOY05jTmNOWw5bTlMOUw1TDUsNUw1KzUrNSw1CzEKMOktCizpLOkoyCTpK
SkhSimMMawxrTGtNawxrTXOOe897z3OOc457z3wQe89zjoQQhBCEEIQQe8+EEIxR
hBB7z4xRlJKMUYQQhBCUkpSSlJKMUYxRjFGc05zTlJKMUZSSnJOc05zTnNOUkpRS
jFKMUoxRjBCMEIQQjBCDz4PPg8+Dz4PPe45zTmsNWwsqUiJSIlMiUyJTIlMiUyJS
GhEiEiIQS5ZT1ypSIlEaERnQGdEZ0BnQGc8Z0BnPGY9SjnvPe898EIQRhBGEEHvQ
e9F8EXPQa49rj2vPa89rz2uPY45bTmOPW45bTltNU01TDVMNUw1LDUsNSsxKzUrM
QsxCi0KLQotCizpLMgk6SkoIUkljC2tLa0xrTWMMa01zjnOOe89zjnOOe8+EEHvP
c457z4QQhBB7z3vPjFGMUYxRe8+EEIxRjFGEEIQQlJKUkpSSlJKUkoxRlJKc05SS
jFGUkpyTnNOc05yTlFKMUoxRjFGMUYQQhBCEEIQQhA+Dz3vPg8+Dz3uOc05rDVrL
IlIiVCJUIlQiVCJUIlQaVBoTIlMqkzsWS5giUxpTGhMaEiISGhIaEhoRGhEZ0RnR
So5zj3PPfBB8EYQRfBBz0HPQc9Bz0GuOa49rj2vQa89rj2OOW05jTltOW05TDVMN
Uw5TDlMOUs1KzUrNSs1KzUqMQoxCi0KLQos6SjIJOkpCSEqIWwpjC2MMYw1jDGMM
c45zjnvPc45zjnvPhBB7z3OOe8+EEHvPhBB7z4QQjFGMUXvPhBCMUYxRhBCEEIxR
lJKUkpSSjFGMUZzTnNOUkoxRlJKUkpzTnNOUkoxSjFKMEYxRjFGEEIQQhBCEEHvQ
e89zznvPe89zjnNNawxayiISIlMiVCJUIlQiVCJTIlMaEiJRS1NTlVOUKlMaEhoS
GdEZ0hnSGdIZ0RnRGdEZ0EqOa49zz3wQhBCEEXwRc89z0HPQc9Brj2OPa49rj2uP
Y49jjltOY49bTltOUw5TDlMNUw1TDUrNSs1KzErNSs1KzEKMQktCi0JKOkoyCTpK
QghKSVrLYsxjDGMMWstjDHOOc45zjmuOa01zz3vPe89zjnvPhBCEEIQQe8+EEIQR
hBB7z4QQjFGMUYQQhBCMUZSSjFGMUYxRjFGUkpSSlJKMUZSSnJOUkpSSlJKMUYxR
jFGMUYxRhBCEEIQQg897z3vPe457j3uOe05zTWMMUsoiUSJTGlMaUxpTIlMiUyJT
GhIiUkMSZBZkFSJTGhIaEhHRGdEZ0RnQGdEZ0BnQGdBKjnOPc4970IQRfBF0EWvQ
a9Bz0HPQa49rj2uQa5Brj2NOW05bTVtOW05bTlMOUw1TDVMNUw1KzEsNQsxKzErM
QoxCizpLOos6SjpKMgk6SkoISklay1sMYwxjDGMMYwxzjnOOc89rjWtNc457z3vP
c457z4QQhBB7z3OOg9CEEIQQc46EEIxRjFGEEIQQjFGMUYxRjFGEEYQRlJKUkpRR
jFGUkpSSlJKUkoySjFGEUIxRjFGMEIPQg8+Dz3vPe457jnOOe857jnONa01jC1LK
IhEiEyJTIlMiUxpTGhMaExoSIhMiEkuTW9VT1CIRGhIR0RnRGdEZ0BnQGdAZzxnQ
Uo1rj2uPc9B8EXwRfBBrj2vPc89zz2uPY49rz2uPY49jT1tOU01bjltOU05TDVMN
Ss1TDVMNSsxKzErMSsxKzEqLQks6SkKLOkoySTIJOglCCEpJWstbC1rLWstay1rL
a01rTXOOa01rTHOOe897z2tNc457z3vPe89zjnvPhBCEEHvPhBCEEIQQe897z4xR
jFGMUYxRhBCEEJSSlJKUUYwRjFGUkpSSlJKUkoxRhBGEEIQQhBB7z3vPe897z3OO
c45zjXuOc45zTmtNYsxSiiIRIhMiEyIUIhMiEyITIhMZ0yISIhFLVlvYIhIaERoR
GdEZ0RnQGdAZ0BnQGdAZz0qOa05rj3PQfBF8EXPPa45rz3PPa89jjmOOY49jj2OP
W49bTlMNW05bTlMNSw1LDUsNSw5LDULMQsxCzErMSsxCi0KLOks6izpKMkoyCTpK
QgdCCFLKWspay1rLWstay2tNc01rTWNMYwxrjXPOc45rTWuOe897z3OOa017z3vP
e89zjnvPhBCEEHvPe8+EEIxRjFGMUYQRhBCMUYxSjFGEEIxRjFKUkpRSjFKEUYQR
hBCEEIPQe897z3vPe897jnOOc41zjnOOa01jDFrLUooiERoTGhMiVBoUGhMaExoT
EdIiEyISS1db2SISGhEZ0RHQGdEZ0BnQGdAZ0BnPGc9KTWNOY05zj3PQc9Brj2OP
a49rz2uPY05jTmNPY49jj1tOUw1TDVtOUw5TDkrNSsxKzUrNSs1CjEKMQoxCjEKM
Okw6SzpLOksySjIKMckyCkHHSchSilKLUopSilKKUopjDGtNa01jDFsMa01zjnOO
awxzTXvPe89zjmtNc457z3vPc41zjnvPhBB7z3vPhBGEEYQRhBCEEIQQjFGMUYwQ
hBCMEYxRjFGMUYxRhBF8EIQQhBB7z3vPc45zjnOOc01zTWtNc01zTWsMasxai0qK
IhAiEiISGhMaExoTGhMZ0xHSGhIaERpSIlIaERnRGdER0BnQGdAZ0BnQGdARzxHO
SkxjTWNNa45zz3PPa49jTmuPa49rj1tNW05bjmNOW05TDlMNSs1TDlMNUw1KzErM
SstKzErMQotCi0KLQotCi0JKOgo6CToKMgkyCSnIMghBx0HHUklSiVKJUopSilKK
WstjDGMMYwtay2tNc45zjmMMa01zjnOOa01rTXOOe897z3OOc457z3vPc45zjoQQ
hBCEEIPQe9B7z4QRjFGEEXvQhBCEEIxRjFGMUYQQhBB7z3vPe89zjnOOc45zjnNN
c01rDGtMa0xjDFrLWopKSSHQGhIaEhoSGhMaExoTGhMR0hoSGhEikkNWIlIR0BHQ
Ec8R0BHPEc8RzxHPEc8Rj0INWw1bDWtOa49rj2NPWw5jTmNOY05bDVsMW01bTVMN
UwxKzEqLSsxKzErMQopCi0KKQopCijpKQko6CjpKOkkyCTIJMggyCTHIKYgphzGI
OYY5xkpIUklSiVKJSklKSlrLWstjDFrLWstjDGtNa01ay2MMa01rTWtNYwxrTXOO
c45jDGtNc457z2tNa017z3vPe897z3OOc46EEIQQfA9zj3vPhBCEEIQQhBB7z3OO
e89zjnOOa01rTWtNa01rDGsMYstrDGsMYstay1KJQkkaEBoSGhIaEhoSGhIiEhoS
EdEaERoROxUiETrVGdAR0BGPEdAR0BHQEc8RzxGPEY46C1KLUsxjDWNOY05bDVLM
Ww1TDVsNSstSzFMMUstSy0qLQopCikKLQkpCSjpJOkk6SUJJOgk6CToJOgk6CToI
McgpyCmHKYcphyGHIUYphzmGOYZCCEoISklKSUpJSklSilrLWstailKKWstjDGMM
Uopay2MMYwxiy1rLYwxrTWtNWstjDGtOa01jDGMMc45zjnOOa01rTWtNe897z3OO
c05zjnuPe897z3vPc45zTXNNc01zTGsMawxjDGMMYstjC1rKYspiylrKUopKSDpI
GhAaEhoSGhIaEhoSGhIZ0hHRGhIZ0UMWGhEzFBoQEc8RzxHPEc4RzxGPEY8RjhGO
OgpKiUqJWstay1rLUstKilKLUstKi0JKQopKikKKQkpCSjoJOgg6CToIOgg5yDnI
McgxyDHHMccxxymGKYcphylGKUYpBilGKQYhRhkFIQU5hTmGQcdCCEIIQghCCEII
SklSilKKSklKSVKJWopaiUpIUolaylrKUopKSVKKWstay1KJWspjC2MLWspaymtM
a0xrTGtMYwtjDHNNc01rTGMMa0xrTWtNa01rDWMMYwxjC2MLYwtaylrKWspaylLJ
WolSiVqJWopaSVIISghCCBnOGc8ZzxnPGdAZ0BnQGdAZjxnQGc87EkMTMtIZzhGO
EY4ZjhmOEY4RjhGOEY0RjTmKQghCCEpJSklKSUJJQglCSUpJQkk6CEIIQghCCDoH
Occ5xzHHOccxxjGGMYYxhjGGKYUpRilGKUYhBSFFIUUhRRkFGQUhBSEFGQQYwxjE
MUUxREHGQcZBxjmGOYc5h0HIQghCCEHIQcdKCFJJSglBx0IISkhKSUpISghKCVKJ
UolKSFJIWopailJIUkhailrKWspailKJUoliymLLWopSiVqKWstaylrKWopSiVqJ
WolaiVqJUkhSSVJJUklSSFJIUghSCFIISghKCEHHOccZzxnSGdEaERoRGhIaERoR
GdAZ0RnQOpNDFCIQGc8RzwmOEY8RjxGPEY8RjxGOEY4xiTmGOcdCCEIIQgg5xznH
Occ5xznHMYYxhjGGMYYxhjGGMYYpRSlFKUUpRSlFKUUhBCEEIQQhBCEEIQQhBBjE
GMQYwxjDGMMYwxjDEIMQgykDKQMxRDFEMUQxRDFEMUQ5hDmFQYU5hTlFOYU5hjmG
OUVBhkHGQcY5xTmFQcZJx0IGQcZBxkoHSgdBxknGUghKCEoIQghKB0oHUkhSSEoH
SgdKSFJIUkdSR1JHSgdKB0oHSgdJx0nHSgdKB0oHScdJx0nGScZJxkmFQcY5hTHG
Gc8Z0hnRGdEZ0RnRGdEZ0RGRGdAZzzrUMpMZ0BmQGY8RjxGPEY8RjxGPEY4RjhGO
KUgpRClEMYUxRTFFMUUpRTFFMUUpRClEKQQpBCEEKQQpAyEDIQMhAyECIMMgwyDD
IMMggyDCGMIYwhiCGIIYghCCGIIYghiCEIIQghCBEIEgwSDBKMIowijCKMIowijC
KMIowyjDMMIxAzECMQIxAzEDMQMxAzkDOQM5AzkDOQM5AzkDOQRBQ0FDOUM5Q0GE
QURBREFFQURBREmEQYRBhEGEQYRBhUGESYRJhEmDSYRJhElESURJREFEQURBREFD
QUNBQzlDOUMxQzEDMQMpRBGOGdEZ0RnREdER0BHQEdAJzxHQGc8ykzrVEc8RzxHP
CY4RjhGOEY4RjhGOEY4RjikHMQM5AzDDMQMxAzkDMQMxAzEDMQMpAyjDKMMowyjD
KMMgwiDCIMIgwiCCIMIgwiDCIMIYghiCGIIYghiBGIIYghiCGIIQghCCCIIQgRCB
IIEggSDBKMEowSjCKMIowijCKMIowijCKMIowjDCMQMxAzEDMQMxAzEDMQM5AzkD
OQM5AjkDOQM5A0FDQUNBQ0FDQUNBQ0FDQUNBQ0FDQUNJQ0mESURJRElESURJREFE
QURBREFDQURBREFEOUM5QzlDOQM5AzkDMQIxAyjDKQQZjxHQGdAR0RnREdEZ0RHQ
EY8Z0BnQQtUykxHPEY8RjwlOEY4RjhGOEY0RjhGNEU0pBjEDOQMxAzEDMQMwwzED
MQMxAzEDMQMpAykDKQMpAyjDKMMowiDCIMIggiDCIMIgwiDCGIIYghiCGIIYghiC
GIIYghiCEIIQghBBEEEQQSCBIIEogSiCKIIowijDKMIowijCKMIowijCKMIxAjEC
MQIxAjEDMQM5AzEDOQM5AzkDOQM5AzkDQQNBQ0FDQUJBQ0GDQUNBQ0FEQYRBhEGE
QYRBhEmESURJhElESUNJQ0FDQUNBQ0FDQUNBQzlDOUM5QzlDOUMxAzEDMQMpAykE
EY4R0BHQEdAR0BHQEhAR0BHQEc8RzjsUMtMRjxGPEY8RThGOEY4RjhGOEU0RTRFN
KQcxBDEDMQMxAzEDMQMxAzEDMQMxAzEDKQMpAykDKQMhAykDKMMowyDCIMIgwiDC
GMIYwhiCGIIYghiBGIEYgRhCEIIQghCBEIIQgRBBEEEogSCCIIIgwijCKMIowijC
KMIowijCKMIowijCKMIowyjCKQIpAikCMQIxAjECOQM5AzkDOQM5AzkDOQNBA0FD
QUNBQ0FDQURBQ0FDQUNBQ0FDQUNJRElESYRJRElEQURBREFEQURBQ0FDQUNBQ0FD
QUM5QzlDOQMxAzEDKQIpBBGOEdAR0BHQEdAR0BHQEc8RzxnPGY86kzrTEY4RjhGO
EU0RThFOEU4RTRFNEU0RTSkHMMMxAzEDMQMxAzEDMQIxAzEDMQMpAykDKQMpAykD
KQMgwyjDKMMgwiDCIMIYwhjBGMIYwhiCGIIYghiCGIIYghiBGIEQgRCCEIIQQRBB
IIIggiCCIMIowijCMMIowjDCKMIpAijCKMIowijCMMIxAjEDMQMxAzEDMQMxAjEC
MQMxAzEDMQMxAzkDOQM5QzlDOUM5Q0FDQUNBQ0FDQUNBQ0FDQUNBQ0FEOURBREFD
QUNBQ0FDQUNBQ0FDQUM5QzkDOQM5AzEDMQMxAyjDIQQRjhGQEZAR0BHQEdAR0BHP
EY8RjxGOMpMykhnPEY4RThFOEU4RThFNEU0JTQlNEQ0pBjEEMQMxAzEDMQMxAykD
MQMxAzEDMQIpAykDKQMpAyjDKMMowyjCIMIgwhjCGMIYwhjCGIIYghiCGIIYghiB
GIEYgRCBEIEQgRBBEEEQQSCCIIIggiCCIIIgwijCKMIowijCKMIowijCKMIwwjDC
MMIwwjECMQIxAzEDMQM5AzEDMQIxAikCMQMxAzEDOQM5AzkDQQM5AzkDOUNBQ0FD
QUNBg0FDSUNBREFEQURBQ0FDQUNBQzlDOQM5QzlCOUM5AzkDOQMxAzEDMQMowikD
EY0RjxGPEZARkBHQEdARjxGPEY8RjiJQKpEiEAmOEY4RThFNEU0RTRFMEU0RTRFN
KQYxAzEDMQMxAzEDMQMxAzDCKQIpAykDKQMpAykDKQMpAykDIMMowijCIMIgwiDC
GMIgwhjCGMIYghiCEIEYghiCGIIYgRiBEIEQQRBBEEEggiCBIIEggiDCIMIgwijC
KMIowikCKMIowijDKMMowyjDKMMowzDDMQMxAzEDMQMxAzECKMIxAjECMQMxQzED
OQM5AzlDOQM5A0FEQURBREFEQURJREFEQURBREFEQURBQ0FDQUNBAzlDQUM5AzlD
OUM5QzEDMQMxAykCKQIhAxFOEY8RjxGPEY8RjxGPEY8JjhGPEY8RjxGPEY8RjhFO
CU0JTAlMCUwRTAkMCUwJTCEFKQMpAykDKQMpAykDKQMpAykDKQMgwyjDKMMowyjD
KMMowyjDIIMgwiDCIMIYwhjCGMIYwhiCGIIYghiCGIIYghiCGIEYgRCBEIEQQRBB
IIIggSCBKIIowijCKMIowiDCKMMgwijDKMIowjDDKMMowyjDKMMowykCKQIpAzED
MQMxAzEDMUM5QzkDOQM5AzkDOQNBA0FEQURBREFEQUNBg0FEQURBREFEQURBREFD
QUNBREFDOUNBQzkDQUNBQzlDOUI5QzkDOQMxAyjDIQIRSxFNEU0RTRFNEU0RTRFN
EQsRCxELEQoRCgkKCQkJCQkICQgIxwjHCMgIxwjHEMcpBDEDMQMxAzEDMQMxBDDD
MQMpAykDKQMpAykDIQMpAyjDKMIgwiDCIMIgwiDCIMEYwhjCGMMYwhjCGIIYghiC
GIIYghiBEIIQgRCBEEEQQSCBIIEggSCBKIIogiDCIIIgwiDCIMIgwiDCKQIowijC
KMIowijCKMMxAzEDMQMxAzEDMQMxAzEDOQM5AzkDOQM5AzlDQUNBQ0FDQUNBQ0FD
QURBREFEQURBREFEQUM5Q0FDQUM5QzlDQUNBQ0FDOUM5AzkDOQM5AzkDMQMxAijC
GIMQgxCDEIMQgxCDEIMQgxCDEIIQghCCEIIYghiCGEIYghiCGIIYghiCGIIYghiC
KMIxAzEDMMMxAzEDKQMxAzEDMQMpAykDKQMpAykDKMIowijCIMIgwhjCIMIgwiDC
IMIgwhjCGMIYwhiCGIIYghiCGIIYghiCEIIQgRBBEEEggiCCIIIggiCCIIIggiCC
IIIgwiDCIMIgwijCKMIowijCKMIxAzEDMQIxAzkDMQMxQzEDMQMxAzkDOQM5QzlD
OUM5QzlDOUNBQ0FDQUNBQ0FEQURBREFEQURBQ0FDQURBQzlEOUQ5RDlDOQM5AjkD
OQM5AzkDOQM5AzkDMMMwwyjDIIIggiCDIIMggyCDIIMggyCDIIMggyCDIIMggyCD
IIIYgiCCIIIggiCCIIIggijCMQMxAzEDMQMxAzEDKQMpAykDKQMpAykDKMIowijC
KMIowijCIMIgwiDCIMIgwiDCGMIYwhjCGIIYghiCGIIYghiCEIEQghBCCEEQQRBB
IIEggSCBIIEogSjCKMIowijCKMIowijCKMIowijCKMIowzDDMQMxAzECMQM5AzkD
OQMxAzEDMQMxAzEDOQM5QzlDOUM5QzlDOQM5AzlDQUM5QzlDOUM5QzlDOUM5QjlD
OUM5AzlDOUM5AzkDOQM5AzlDOUM5AzkDOQM5AzkDOQMxBDDDKMMowyjDIMMgwyDD
IMMgwyDDIMMgwyDDIIMggyCDIIMggiCCIIIggiCCIIIowijDKQMpAykDKQMpAykD
KQMpAykDKQMpAykDKQMpAyjDKMMowiDCIMMYwxjCGMIYwhiCGIIYgRiCGIIYgRiB
EIEQgRCBEEEQQRBBEEEIQSCCIIEgwSDBIMEgwSjCKMIowijCKMIpAikCKMIowijC
KMIwwjDCKMIxAjECMQMxAzEDMQMxAzEDMQMxAzEDMQMxAzEDMQMxAzkDOUM5AzlD
OUM5QzlDQUNBQ0FEQURBREFDQUNBQ0FDQUNBQ0FDQUNBQ0FDQUNBQ0FDOQM5AzkC
MQIwwyjDKMMgwyDDIMIgwiDDIMMgwyDDGMMgwyCDIIIggiCCIIIggiCCIIIggiDC
KMIpAykDKQMpAykDKQMpAyEDKQMpAykDKMMgwyjDKMMowiDCIMIgwiDCGMIYghiC
GIIYghiBGIIYghiCGEIYghiCGIIQghCBEEEQQRBBEEEggSCBIIEogSDCKMIgwijC
KMMowijCKMIowijCKQIpAjECMQIxAjECMQMxAzEDMQMxAzEDMQM5AzkDOQM5AzlD
OUM5QzlDOURBREFEQURBREFEQUNBQ0FDQUNBQzlDQUM5AzlDOUM5QzlDOUNBQ0FC
OUM5AzkDOQMxAzkDOQMxAzEDKMMowyjDIMMgwyDDIMMgwyDDIMMgwyDDIMMgwxjC
IMMgwyCCIIIgwiCCIMIgwiDCKMMpAykDKQMpAykDKQMowyjCKMIowyjCKMIowijC
KMIgwiDCIIIgwhjCGMIYghiCGIIYghiCGIEYghiCGIIYghCCEIEQgRBBEEEQQRBB
IIEggSCBIIEowSjCKMIowijCKMIowyjCKMIowijCKMIowjECMQIxAjEDMQMxAzED
MQMxAzEDMQMxAzEDOQM5AzkDQUM5QzlDOUM5QzlDQUM5QzlDQUNBQzlDOUNBQ0FD
OUM5Q0FDQUNBQ0FDQUNBQzlDOUM5QzlDOUM5AzkDMMMxAykDKQMowyjDKMMowyjD
KMMgwyDDIMMgwyDDIMMggiCCIIMggiCCIIMggiCCKMIowijCKQMpAykDKQMpAykD
KMMowyjDKMMowyDDIMIgwiDCIMIgwiDCIMIgwiDBIMIYghiCGIIYghiCGIIYghhC
GIEYgRCBEEEQQRBBEEEQQSiBIIEggSCBIIEggiiCKMIowijCKMIxAyjCKMIowijC
KMIowjECMQMxAzEDMQMxAzEDMQMxAzEDMQMxAzkDOQI5AzlDOUM5QzlDOUNBQzlD
OUI5Q0FDQUM5Q0FDQUNBQ0FDQUM5Q0GDQUJBQ0FDOUM5AzkDOQM5AzkDOQMxAzED
MMMowyjDKMMowyjDKMMowyjDKMMowyjDKMMowyjDIIMggyCDIIIggiDCIMIgwiDC
IMIowyjDKMMowykDKQMpAikCIMIowijCKMMowyjDKMMgwiDCIMIgwiDCIMIYwiDC
IIIYghiCGIIYghiCGIEYgRiBGIEQQRBBEEEQQRBBEEEggiCCIIIggiiCIIIggiiC
KMIowijCKMIowijCKMIowijCKMIwwzDDMMIxAjECMQMxAzEDMQMxAzkDMQMxAzED
MQM5AzkDOQM5QzlDOUQ5QzlDOUM5QzlDOUM5QzlDOUQ5QzlDOUM5QzlDOUMxQzlD
OUM5AzkDOQM5AzkDOQMxAzDCKMMowyjDKMMowyjCKMMowyDDIMIowyjDKMMowyDD
IMIgwiDCIMIgwiDCIMIgwiECKQMpAykDKQMpAykDKMMowijCKMIowijCKMMggyDD
IMMgwiDCIMIgwiCBIIIgghiCGIIYghiCGIEYgRiBEIEQQRBBEEEQQRBBEEEQQhAB
IIIggiiCKIIogiCCKIIogijDKMIowijCKMIowijCKMIowjDCKMIowijDMMMxAzED
MQMxAzEDOQMxAzEDMQMxAzEEMQM5AzEDOQM5AzkDOQM5AzkDMQM5AzkDOUM5QzlD
OUM5QzlDOUM5QzlDOUM5QzEDOQM5AzkCOUM5QzkDMQIxAykCKQMowyjDKMIowijC
KIMgwyDCIMMowyjDKMMgwyDDIMMYwyDCIMIgwiDCIMIgwijDKMMowyjCKMIowijC
KMIowijCIMIgwiDCIMIgwiDCIMIgwiDCGMIYgRiCIIIYghiCGIIYghiCEIEQgRCB
EIEQgRBBEEEIQRBBEEEQQSCBIIEogSCBIIIgwiDCKMIowijCMMMowijCKMIowijC
KMIowijCKQIpAikCKQIxAjEDMQMxAzEDMQMxAzkDMUMxAzEDOQM5AzkDOQM5AzkD
OUM5QzkDOUM5AzkDOQM5QzlDOUM5QzlDOUM5QzlDOQM5AzkDOQM5AzkDMMMxAzED
KQMpAyjDKMMowyjDIIMowyjDKMMowyjDIMMgwyDCIMMgwiDCIMIggiDCIMIgwiDC
IMIowyjDKMMowijCKMIowyjDIMMgwyDDIIIgwiDCIMIgwiDCIMIgwhiCGIIYghiB
GIIYghiCGEIYghiCEIEYgRiBGEEQQRBCEEEIQRBBEAEggSCCIIIggiCCIIIggiCC
IIIgwijCKMIowyjCIMIowikCKMIowijCKMMowyjDMMMwwzDDMMMwwzEDMQIxAjEC
MQIxAjECMUMxAzEDMQMxAzEDMQMxAzEDMQMxAzkEOQM5AzlDOQMxAjEDMQMxAzkD
OQM5AzEDMQMxAzEDMQMxAzDDKMMowyjDKMMowyjDKMIowyjDKMMowyDCIMIgwiDC
IMIgwiDCIIIggiCCIIIggiiCKMIowyjDIMMgwiDCIMIgwyDCIMIgwiCCIMIgwiDC
GMIgwiDCIMIgwSCCIIIggiCCIIIYghiCGIIYgRiBGIEYgRiBEEEQQRBBEEEQQRBB
IIIggiCCIIIggiCCIIIgwiDCIMIgwiDCIMIowijCKMIowijCKMIowijCKMIowijC
KMIowijCKQIpAykDMQMxAzEDMQMxAzEDMQMxAzEDMQMxQzEDKQMxAzEDMQM5BDED
OQM5AzEDMQMxAjEDOQM5AzEDMQMxAzEDMQMxAzEDMQMowyjDKMMgwyjDKMMowyjD
KMIgwiDCIMIgwiDDIMMgwyDDIMMgwiDDIMIgwiDCIMIgwiDCKMMpAykDIMIgwiDC
IMIgwiDCIMIgwiDCIMIgwhjBIMIgwiCCIIIYghiCGIIYghiCGIIYghiCGIEYQRiB
GIEYQRBBEEAQQRBBEEEQQSCBIIEYwSDBIIIggiDCIMIgwijCIMIgwijCKMIowijC
KMIowijCKMIowijDKMIowijCKMIowijCKQMowykDMQMxAzEDMQMxAzEDMQMxAzED
MQMxAzEDMQMxAzEDMQMxAzEDMQI5AzECMQMxAzEDMQMxAzEDKMMxAzEDMQMwwzED
KMMowyjDKMMowyjDKMMowyjDKMIowijDKMMowyjDKIMgwyDDIMIgwiDCIMIgwiDC
IMIgwiDCIMIgwyDCIMIgwiDCIMIgwiDCIMIgwiDCGMIgwiDCIMIgwiDBIMIgghiB
GIEYgRiBGIEYghiBGIEYgRiBEIEQgRBBEEEQQQhBEEEggSCBIIIggiCCIIIggiDC
IMIgwiDCIMIgwiDCKMIowijCKMIowijDKMIowijCKMIowyjDKMMpAykDKQMpAykD
MQMxAzEDMQMpAykDKQMxAzEDMQMxAzEDMQMxAzECMQMxAzEDMQMxAzEDMQMxAzED
MQMxAzEDMQMxAykDMQMpAyjCKMIowijCKMIowyjDKMIgwyDCIMIgwyDCIMMgwyDC
IMIgwiDCIMIgwiDCIMIgwiDCIMIgwiDCIMIgwiDCIMIgwiDCIMIgwiDCIMIYwiDC
GIIYgiCCGIIYghiBGIEYgRiCEEEYgRiBGIIYgRiBGEEYgRBBEEEQQRBBEEEQQRBB
IIEggSCBIIEggSCBIIEggSCCIIIogiDCIMIgwSDCIMIowiDCKMMowijCKIIowijC
KMIowykDKQMxAykCKQIpAjECMQIxAzEDMQMxAzECMQIxAjEDMQMxAzEDMQMxAzED
MQMxAzEDMQMxAzEDMQMxAzEDMQMxAzEDMQMxAzEDMQMowijCKMIowijDKMMowyjD
KMMgwyDDIMMgwyDCIMIgwiDCIMIgwiDCIMIgwiDCIMIgwiDCIMIgwiDCIMIggiDC
IMIgwiDCIMIgwiDCGMEYwiCCGIIYghiCGIIYghiBGIEYgRiBGIEYgRiBGIEYgRiB
GEEYQRBBEEEQQRBBEEEQQSCBGIEggSCCIIIggiCCKIIggiCCIMIgwiDCIMIgwiDC
IMIowijCKMMowyjCKMIwwijCKQIpAikCKMIowijCKMIowikCMQMxAzECMQMxAzED
MQMxAzEDMQMxAzEDMUMxAzEDMQMxAzEDMQMxAzEDMQMxAzEDMMMxAzEDMQMpAykD
KMIowijCKMIowijDIMMowyjDKMMowyjDKMMowyjCIMIgwiDCIMIgwiDCIMIgwiDC
GMIgwiDCIMIgwiDCIMIgwiDCIMIgwiDCIMIggSCCIIIgghiCGIIYghiBGIEYgRiB
GIEYgRiBGIEYgRiBGIEYgRhBGEEYQRhBEEEQQRBBEEE=
END m9
frame   246 :  a blue cube~ +37.79*  a red cube~ -13.38   led   1/201 h0.07 b0.96 lvl+12.20 d0.07   MATCH a blue cube~ (cos 0.157, nearer by 86.38)
frame   247 :  a blue cube~ +38.40*  a red cube~ -14.21   led   0/208 h0.06 b0.97 lvl+12.09 d0.06   MATCH a blue cube~ (cos 0.158, nearer by 88.42)
frame   248 :  a blue cube~ +37.36*  a red cube~ -14.10   led   1/202 h0.07 b0.97 lvl+11.63 d0.07   MATCH a blue cube~ (cos 0.144, nearer by 86.79)
frame   249 :  a blue cube~ +37.60*  a red cube~ -14.13   led   1/204 h0.07 b0.97 lvl+11.74 d0.07   MATCH a blue cube~ (cos 0.153, nearer by 87.17)
frame   250 :  a blue cube~ +37.14*  a red cube~ -13.62   led   1/199 h0.07 b0.96 lvl+11.76 d0.07   MATCH a blue cube~ (cos 0.147, nearer by 85.81)
frame   251 :  a blue cube~ +37.21*  a red cube~ -13.17   led   1/197 h0.08 b0.96 lvl+12.02 d0.08   MATCH a blue cube~ (cos 0.151, nearer by 85.27)
frame   252 :  a blue cube~ +38.76*  a red cube~ -14.50   led   0/211 h0.06 b0.97 lvl+12.13 d0.06   MATCH a blue cube~ (cos 0.166, nearer by 89.35)
enrol     : a blue cube~, level +11.81, scatter 6.23 (40 frames, visit 2 of 2)
enrol     : 2 classes, nearest pair 96.42 apart, spread 6.23 (15.5x over 2 visits), absent beyond 192.83 (2.0 sep)
            That ratio has now been wrong in both directions - it certified a 57.5%
            run at 3.7x and a 2.3x run scored 74.2% the same afternoon - so it is
            reported and not judged. The enrolment pictures beside the log are the
            check that has never misled anyone: look at them.
            'a blue cube~' SITS 0.41 SEP FROM THE ORIGIN, which is where a scene identical to
            the frozen background lands. Presence cannot separate the two, so an empty
            desk will read as that class. Re-freeze the background ('N') on a scene
            that is actually empty, or enrol a class that looks less like it.
frame   253 :  a blue cube~ +39.50*  a red cube~ -15.14   led   0/250 h0.01 b1.00 lvl+12.18 d0.01   MATCH a blue cube~ (cos 0.163, nearer by 95.37)
frame   254 :  a blue cube~ +38.55*  a red cube~ -14.35   led   0/240 h0.02 b0.99 lvl+12.10 d0.02   MATCH a blue cube~ (cos 0.149, nearer by 92.91)
frame   255 :  a blue cube~ +38.89*  a red cube~ -14.70   led   0/244 h0.01 b0.99 lvl+12.09 d0.01   MATCH a blue cube~ (cos 0.158, nearer by 93.89)
frame   256 :  a blue cube~ +37.70*  a red cube~ -14.34   led   0/235 h0.02 b0.99 lvl+11.68 d0.02   MATCH a blue cube~ (cos 0.144, nearer by 91.68)
frame   257 :  a blue cube~ +38.05*  a red cube~ -14.47   led   0/238 h0.02 b0.99 lvl+11.79 d0.02   MATCH a blue cube~ (cos 0.155, nearer by 92.37)
frame   258 :  a blue cube~ +38.09*  a red cube~ -14.81   led   0/240 h0.02 b0.99 lvl+11.64 d0.02   MATCH a blue cube~ (cos 0.154, nearer by 92.92)
frame   259 :  a blue cube~ +37.70*  a red cube~ -14.08   led   0/234 h0.03 b0.99 lvl+11.81 d0.03   MATCH a blue cube~ (cos 0.149, nearer by 91.33)
frame   260 :  a blue cube~ +37.82*  a red cube~ -14.17   led   0/235 h0.02 b0.99 lvl+11.82 d0.02   MATCH a blue cube~ (cos 0.153, nearer by 91.62)
frame   261 :  a blue cube~ +37.48*  a red cube~ -13.84   led   0/231 h0.03 b0.99 lvl+11.82 d0.03   MATCH a blue cube~ (cos 0.149, nearer by 90.67)
frame   262 :  a blue cube~ +38.18*  a red cube~ -14.98   led   0/242 h0.02 b0.99 lvl+11.60 d0.02   MATCH a blue cube~ (cos 0.158, nearer by 93.27)
frame   263 :  a blue cube~ +37.77*  a red cube~ -14.42   led   0/236 h0.02 b0.99 lvl+11.68 d0.02   MATCH a blue cube~ (cos 0.150, nearer by 91.90)
frame   264 :  a blue cube~ +38.09*  a red cube~ -14.69   led   0/239 h0.02 b0.99 lvl+11.70 d0.02   MATCH a blue cube~ (cos 0.155, nearer by 92.75)
frame   265 :  a blue cube~ +37.91*  a red cube~ -14.69   led   0/238 h0.02 b0.99 lvl+11.61 d0.02   MATCH a blue cube~ (cos 0.152, nearer by 92.49)
frame   266 :  a blue cube~ +37.39*  a red cube~ -14.76   led   0/236 h0.02 b0.99 lvl+11.32 d0.02   MATCH a blue cube~ (cos 0.147, nearer by 91.85)
frame   267 :  a blue cube~ +25.18*  a red cube~ +0.73   led   7/111 h0.23 b0.89 lvl+12.96 d0.23   MATCH a blue cube~ (cos 0.029, nearer by 52.66)
frame   268 :  a red cube~ +14.06*  a blue cube~ +10.56*   led  24/ 43 h0.43 b0.78 lvl+12.31 d0.43   MATCH a blue cube~ (cos -0.038, nearer by 13.15)
frame   269 :  a red cube~ +9.44*  a blue cube~ +7.80*   led  22/ 46 h0.42 b0.79 lvl+8.62 d0.42   MATCH a blue cube~ (cos 0.029, nearer by 15.77)
frame   270 :  a red cube~ +7.51*  a blue cube~ +4.81*   led  23/ 44 h0.43 b0.79 lvl+6.16 d0.43   MATCH a blue cube~ (cos 0.017, nearer by 14.28)
frame   271 :  a red cube~ +5.75*  a blue cube~ +3.23*   led  23/ 45 h0.42 b0.79 lvl+4.49 d0.42   MATCH a blue cube~ (cos 0.021, nearer by 14.53)
frame   272 :  a red cube~ +4.19*  a blue cube~ +2.72*   led  22/ 47 h0.42 b0.79 lvl+3.46 d0.42   MATCH a blue cube~ (cos 0.026, nearer by 16.02)
frame   273 :  a red cube~ +3.85*  a blue cube~ +1.45*   led  23/ 45 h0.42 b0.79 lvl+2.65 d0.42   MATCH a blue cube~ (cos 0.017, nearer by 14.69)
frame   274 :  a red cube~ +3.17*  a blue cube~ +1.90*   led  22/ 47 h0.42 b0.79 lvl+2.53 d0.42   MATCH a blue cube~ (cos 0.029, nearer by 16.30)
frame   275 :  a red cube~ +2.39*  a blue cube~ +1.91*   led  22/ 48 h0.41 b0.80 lvl+2.15 d0.41   MATCH a blue cube~ (cos 0.027, nearer by 17.41)
frame   276 :  a red cube~ +2.51*  a blue cube~ +1.32*   led  22/ 47 h0.41 b0.79 lvl+1.92 d0.41   MATCH a blue cube~ (cos 0.021, nearer by 16.41)
frame   277 :  a red cube~ +2.78*  a blue cube~ +0.65   led  23/ 45 h0.42 b0.79 lvl+1.72 d0.42   MATCH a blue cube~ (cos 0.018, nearer by 15.08)
frame   278 :  a red cube~ +2.76*  a blue cube~ +0.31   led  23/ 45 h0.42 b0.79 lvl+1.54 d0.42   MATCH a blue cube~ (cos 0.019, nearer by 14.64)
frame   279 :  a red cube~ +3.49*  a blue cube~ -0.04   led  24/ 43 h0.43 b0.78 lvl+1.72 d0.43   MATCH a blue cube~ (cos 0.017, nearer by 13.10)
frame   280 :  a red cube~ +3.10*  a blue cube~ +0.28   led  23/ 44 h0.43 b0.79 lvl+1.69 d0.43   MATCH a blue cube~ (cos 0.023, nearer by 14.12)
frame   281 :  a red cube~ +3.48*  a blue cube~ +0.17   led  23/ 43 h0.43 b0.78 lvl+1.82 d0.43   MATCH a blue cube~ (cos 0.020, nearer by 13.42)
frame   282 :  a red cube~ +3.32*  a blue cube~ -0.05   led  23/ 43 h0.43 b0.78 lvl+1.63 d0.43   MATCH a blue cube~ (cos 0.018, nearer by 13.33)
frame   283 :  a red cube~ +2.87*  a blue cube~ -0.15   led  23/ 44 h0.43 b0.79 lvl+1.36 d0.43   MATCH a blue cube~ (cos 0.019, nearer by 13.82)
frame   284 :  a red cube~ +2.42*  a blue cube~ +0.28   led  23/ 45 h0.42 b0.79 lvl+1.35 d0.42   MATCH a blue cube~ (cos 0.024, nearer by 15.08)
frame   285 :  a red cube~ +2.83*  a blue cube~ -0.16   led  23/ 44 h0.43 b0.79 lvl+1.34 d0.43   MATCH a blue cube~ (cos 0.016, nearer by 13.86)
frame   286 :  a red cube~ +3.15*  a blue cube~ -0.65   led  24/ 43 h0.43 b0.78 lvl+1.25 d0.43   MATCH a blue cube~ (cos 0.014, nearer by 12.73)
frame   287 :  a red cube~ +2.70*  a blue cube~ -0.24   led  23/ 44 h0.43 b0.79 lvl+1.23 d0.43   MATCH a blue cube~ (cos 0.022, nearer by 13.94)
frame   288 :  a red cube~ +2.17*  a blue cube~ -0.07   led  23/ 45 h0.42 b0.79 lvl+1.05 d0.42   MATCH a blue cube~ (cos 0.021, nearer by 14.93)
frame   289 :  a red cube~ +2.43*  a blue cube~ +0.07   led  23/ 45 h0.42 b0.79 lvl+1.25 d0.42   MATCH a blue cube~ (cos 0.021, nearer by 14.77)
frame   290 :  a red cube~ +2.93*  a blue cube~ -0.26   led  23/ 44 h0.43 b0.79 lvl+1.33 d0.43   MATCH a blue cube~ (cos 0.017, nearer by 13.59)
frame   291 :  a red cube~ +2.44*  a blue cube~ -0.13   led  23/ 45 h0.43 b0.79 lvl+1.16 d0.43   MATCH a blue cube~ (cos 0.020, nearer by 14.46)
frame   292 :  a red cube~ +3.05*  a blue cube~ -0.22   led  23/ 43 h0.43 b0.78 lvl+1.42 d0.43   MATCH a blue cube~ (cos 0.018, nearer by 13.48)
frame   293 :  a red cube~ +3.83*  a blue cube~ -0.97   led  24/ 41 h0.44 b0.78 lvl+1.43 d0.44   MATCH a blue cube~ (cos 0.011, nearer by 11.31)
frame   294 :  a red cube~ +3.05*  a blue cube~ -0.18   led  23/ 44 h0.43 b0.79 lvl+1.44 d0.43   MATCH a blue cube~ (cos 0.024, nearer by 13.53)
frame   295 :  a red cube~ +2.88*  a blue cube~ -0.17   led  23/ 44 h0.43 b0.79 lvl+1.35 d0.43   MATCH a blue cube~ (cos 0.019, nearer by 13.78)
frame   296 :  a red cube~ +2.74*  a blue cube~ -0.11   led  23/ 44 h0.43 b0.79 lvl+1.31 d0.43   MATCH a blue cube~ (cos 0.020, nearer by 14.06)
frame   297 :  a red cube~ +2.53*  a blue cube~ +0.62   led  23/ 46 h0.42 b0.79 lvl+1.57 d0.42   MATCH a blue cube~ (cos 0.027, nearer by 15.39)
frame   298 :  a red cube~ +2.21*  a blue cube~ +0.60   led  22/ 46 h0.42 b0.79 lvl+1.41 d0.42   MATCH a blue cube~ (cos 0.022, nearer by 15.82)
frame   299 :  a red cube~ +2.75*  a blue cube~ -0.22   led  23/ 44 h0.43 b0.79 lvl+1.27 d0.43   MATCH a blue cube~ (cos 0.014, nearer by 13.91)
background: after 30 frames (frozen, room spread), this room reads  a red cube~ -0.023 +-0.0035 (COCO -0.018 +-0.0701)  a blue cube~ 0.020 +-0.0035 (COCO -0.003 +-0.0644)
frame   300 :  a red cube~ +2.01*  a blue cube~ +0.65   led  22/ 47 h0.42 b0.79 lvl+1.33 d0.42   MATCH a blue cube~ (cos 0.028, nearer by 16.18)
frame   301 :  a red cube~ +2.16*  a blue cube~ +0.35   led  22/ 46 h0.42 b0.79 lvl+1.26 d0.42   MATCH a blue cube~ (cos 0.019, nearer by 15.53)
frame   302 :  a red cube~ +2.49*  a blue cube~ -0.32   led  23/ 44 h0.43 b0.79 lvl+1.09 d0.43   MATCH a blue cube~ (cos 0.014, nearer by 14.13)
frame   303 :  a red cube~ +2.79*  a blue cube~ -0.36   led  23/ 44 h0.43 b0.79 lvl+1.21 d0.43   MATCH a blue cube~ (cos 0.018, nearer by 13.65)
frame   304 :  a red cube~ +2.46*  a blue cube~ -0.31   led  23/ 44 h0.43 b0.79 lvl+1.07 d0.43   MATCH a blue cube~ (cos 0.019, nearer by 14.19)
frame   305 :  a red cube~ +2.30*  a blue cube~ +0.05   led  23/ 45 h0.42 b0.79 lvl+1.17 d0.42   MATCH a blue cube~ (cos 0.022, nearer by 14.93)
frame   306 :  a red cube~ +2.40*  a blue cube~ -0.38   led  23/ 44 h0.43 b0.79 lvl+1.01 d0.43   MATCH a blue cube~ (cos 0.016, nearer by 14.17)
frame   307 :  a red cube~ +1.92*  a blue cube~ +0.05   led  23/ 46 h0.42 b0.79 lvl+0.99 d0.42   MATCH a blue cube~ (cos 0.023, nearer by 15.44)
frame   308 :  a red cube~ +2.57*  a blue cube~ -0.10   led  23/ 44 h0.43 b0.79 lvl+1.23 d0.43   MATCH a blue cube~ (cos 0.018, nearer by 14.31)
frame   309 :  a blue cube~ +2.26*  a red cube~ +0.93   led  20/ 52 h0.40 b0.80 lvl+1.60 d0.40   MATCH a blue cube~ (cos 0.043, nearer by 19.99)
frame   310 :  a red cube~ +32.31*  a blue cube~ -14.81   led 102/  9 h0.75 b0.88 lvl+8.75 d0.25   MATCH a red cube~ (cos 0.292, nearer by 48.53)
frame   311 :  a red cube~ +46.46*  a blue cube~ -25.35   led 203/  1 h0.93 b0.97 lvl+10.56 d0.07   MATCH a red cube~ (cos 0.230, nearer by 83.45)
frame   312 :  a red cube~ +56.99*  a blue cube~ -32.69   led 237/  0 h1.00 b0.97 lvl+12.15 d0.06   MATCH a red cube~ (cos 0.243, nearer by 96.42)
frame   313 :  a red cube~ +60.66*  a blue cube~ -35.64   led 225/  0 h1.00 b0.94 lvl+12.51 d0.11   MATCH a red cube~ (cos 0.212, nearer by 96.42)
frame   314 :  a red cube~ +56.07*  a blue cube~ -32.27   led 240/  0 h1.00 b0.97 lvl+11.90 d0.05   MATCH a red cube~ (cos 0.142, nearer by 96.42)
frame   315 :  a red cube~ +51.64*  a blue cube~ -29.42   led 255/  0 h1.00 b1.00 lvl+11.11 d0.00   MATCH a red cube~ (cos 0.128, nearer by 96.42)
frame   316 :  a red cube~ +49.42*  a blue cube~ -27.33   led 230/  0 h0.97 b0.98 lvl+11.04 d0.03   MATCH a red cube~ (cos 0.134, nearer by 90.45)
frame   317 :  a red cube~ +46.79*  a blue cube~ -25.36   led 205/  1 h0.94 b0.97 lvl+10.71 d0.06   MATCH a red cube~ (cos 0.123, nearer by 83.93)
frame   318 :  a red cube~ +45.68*  a blue cube~ -24.40   led 194/  1 h0.92 b0.96 lvl+10.64 d0.08   MATCH a red cube~ (cos 0.129, nearer by 81.01)
frame   319 :  a red cube~ +44.51*  a blue cube~ -23.86   led 186/  1 h0.91 b0.95 lvl+10.32 d0.09   MATCH a red cube~ (cos 0.124, nearer by 78.59)
frame   320 :  a red cube~ +42.94*  a blue cube~ -23.15   led 175/  2 h0.89 b0.95 lvl+9.90 d0.11   MATCH a red cube~ (cos 0.116, nearer by 75.37)
frame   321 :  a red cube~ +42.50*  a blue cube~ -22.28   led 169/  2 h0.88 b0.94 lvl+10.11 d0.12   MATCH a red cube~ (cos 0.122, nearer by 73.51)
frame   322 :  a red cube~ +41.87*  a blue cube~ -22.10   led 165/  2 h0.88 b0.94 lvl+9.88 d0.12   MATCH a red cube~ (cos 0.118, nearer by 72.37)
frame   323 :  a red cube~ +42.19*  a blue cube~ -21.93   led 166/  2 h0.88 b0.94 lvl+10.13 d0.12   MATCH a red cube~ (cos 0.126, nearer by 72.60)
frame   324 :  a red cube~ +42.04*  a blue cube~ -22.34   led 167/  2 h0.88 b0.94 lvl+9.85 d0.12   MATCH a red cube~ (cos 0.122, nearer by 72.95)
frame   325 :  a red cube~ +41.69*  a blue cube~ -22.47   led 166/  2 h0.88 b0.94 lvl+9.61 d0.12   MATCH a red cube~ (cos 0.120, nearer by 72.64)
frame   326 :  a red cube~ +41.57*  a blue cube~ -21.89   led 163/  2 h0.87 b0.94 lvl+9.84 d0.13   MATCH a red cube~ (cos 0.121, nearer by 71.65)
frame   327 :  a red cube~ +42.49*  a blue cube~ -22.26   led 169/  2 h0.88 b0.94 lvl+10.12 d0.12   MATCH a red cube~ (cos 0.131, nearer by 73.47)
frame   328 :  a red cube~ +43.23*  a blue cube~ -22.47   led 173/  2 h0.89 b0.94 lvl+10.38 d0.11   MATCH a red cube~ (cos 0.132, nearer by 74.82)
frame   329 :  a red cube~ +42.09*  a blue cube~ -22.59   led 168/  2 h0.88 b0.94 lvl+9.75 d0.12   MATCH a red cube~ (cos 0.116, nearer by 73.37)
frame   330 :  a red cube~ +42.28*  a blue cube~ -22.29   led 168/  2 h0.88 b0.94 lvl+9.99 d0.12   MATCH a red cube~ (cos 0.125, nearer by 73.21)
frame   331 :  a red cube~ +42.69*  a blue cube~ -22.66   led 171/  2 h0.89 b0.94 lvl+10.02 d0.11   MATCH a red cube~ (cos 0.128, nearer by 74.33)
frame   332 :  a red cube~ +41.32*  a blue cube~ -21.54   led 160/  3 h0.87 b0.93 lvl+9.89 d0.13   MATCH a red cube~ (cos 0.112, nearer by 70.80)
frame   333 :  a red cube~ +43.00*  a blue cube~ -22.87   led 174/  2 h0.89 b0.94 lvl+10.07 d0.11   MATCH a red cube~ (cos 0.137, nearer by 75.05)
frame   334 :  a red cube~ +43.25*  a blue cube~ -22.87   led 175/  2 h0.89 b0.95 lvl+10.19 d0.11   MATCH a red cube~ (cos 0.129, nearer by 75.42)
frame   335 :  a red cube~ +43.28*  a blue cube~ -22.77   led 175/  2 h0.89 b0.95 lvl+10.25 d0.11   MATCH a red cube~ (cos 0.128, nearer by 75.32)
frame   336 :  a red cube~ +42.63*  a blue cube~ -21.88   led 168/  2 h0.88 b0.94 lvl+10.38 d0.12   MATCH a red cube~ (cos 0.121, nearer by 73.13)
frame   337 :  a red cube~ +41.87*  a blue cube~ -21.66   led 163/  2 h0.87 b0.94 lvl+10.11 d0.13   MATCH a red cube~ (cos 0.118, nearer by 71.75)
frame   338 :  a red cube~ +41.87*  a blue cube~ -21.67   led 163/  2 h0.87 b0.94 lvl+10.10 d0.13   MATCH a red cube~ (cos 0.122, nearer by 71.75)
frame   339 :  a red cube~ +41.89*  a blue cube~ -21.83   led 164/  2 h0.87 b0.94 lvl+10.03 d0.13   MATCH a red cube~ (cos 0.123, nearer by 72.01)
frame   340 :  a red cube~ +41.53*  a blue cube~ -21.63   led 162/  2 h0.87 b0.93 lvl+9.95 d0.13   MATCH a red cube~ (cos 0.119, nearer by 71.23)
frame   341 :  a red cube~ +42.21*  a blue cube~ -22.30   led 168/  2 h0.88 b0.94 lvl+9.95 d0.12   MATCH a red cube~ (cos 0.128, nearer by 73.13)
frame   342 :  a red cube~ +41.82*  a blue cube~ -21.64   led 163/  2 h0.87 b0.94 lvl+10.09 d0.13   MATCH a red cube~ (cos 0.120, nearer by 71.65)
frame   343 :  a red cube~ +41.79*  a blue cube~ -21.78   led 163/  2 h0.87 b0.94 lvl+10.01 d0.13   MATCH a red cube~ (cos 0.122, nearer by 71.80)
frame   344 :  a red cube~ +42.70*  a blue cube~ -22.47   led 171/  2 h0.88 b0.94 lvl+10.11 d0.12   MATCH a red cube~ (cos 0.131, nearer by 74.07)
frame   345 :  a red cube~ +42.61*  a blue cube~ -22.62   led 171/  2 h0.88 b0.94 lvl+9.99 d0.12   MATCH a red cube~ (cos 0.124, nearer by 74.14)
frame   346 :  a red cube~ +43.57*  a blue cube~ -23.80   led 181/  1 h0.90 b0.95 lvl+9.89 d0.10   MATCH a red cube~ (cos 0.135, nearer by 77.18)
frame   347 :  a red cube~ +47.80*  a blue cube~ -27.11   led 220/  0 h0.96 b0.98 lvl+10.35 d0.04   MATCH a red cube~ (cos 0.171, nearer by 87.84)
frame   348 :  a red cube~ +44.53*  a blue cube~ -21.34   led 174/  2 h0.89 b0.94 lvl+11.60 d0.11   MATCH a red cube~ (cos 0.111, nearer by 75.06)
frame   349 :  a red cube~ +34.43*  a blue cube~ -11.50   led  98/  9 h0.74 b0.87 lvl+11.47 d0.26   MATCH a red cube~ (cos 0.031, nearer by 46.86)
frame   350 :  a red cube~ +24.20*  a blue cube~ -2.58   led  51/ 21 h0.60 b0.80 lvl+10.81 d0.40   MATCH a red cube~ (cos -0.005, nearer by 19.78)
frame   351 :  a red cube~ +16.37*  a blue cube~ +8.40*   led  26/ 36 h0.46 b0.77 lvl+12.38 d0.46   MATCH a blue cube~ (cos 0.121, nearer by 6.83)
frame   352 :  a blue cube~ +19.69*  a red cube~ +5.58*   led  13/ 80 h0.30 b0.85 lvl+12.64 d0.30   MATCH a blue cube~ (cos 0.162, nearer by 38.05)
frame   353 :  a blue cube~ +27.53*  a red cube~ -1.37   led   6/127 h0.19 b0.90 lvl+13.08 d0.19   MATCH a blue cube~ (cos 0.167, nearer by 58.98)
frame   354 :  a blue cube~ +32.84*  a red cube~ -6.25   led   2/168 h0.12 b0.94 lvl+13.30 d0.12   MATCH a blue cube~ (cos 0.170, nearer by 73.38)
frame   355 :  a blue cube~ +36.42*  a red cube~ -9.52   led   1/202 h0.07 b0.97 lvl+13.45 d0.07   MATCH a blue cube~ (cos 0.171, nearer by 83.07)
frame   356 :  a blue cube~ +39.44*  a red cube~ -12.75   led   0/236 h0.02 b0.99 lvl+13.35 d0.02   MATCH a blue cube~ (cos 0.178, nearer by 91.91)
frame   357 :  a blue cube~ +41.89*  a red cube~ -14.24   led   0/253 h0.00 b1.00 lvl+13.82 d0.01   MATCH a blue cube~ (cos 0.183, nearer by 96.42)
frame   358 :  a blue cube~ +43.00*  a red cube~ -15.24   led   0/249 h0.00 b0.99 lvl+13.88 d0.02   MATCH a blue cube~ (cos 0.178, nearer by 96.42)
frame   359 :  a blue cube~ +44.00*  a red cube~ -16.23   led   0/245 h0.00 b0.98 lvl+13.88 d0.04   MATCH a blue cube~ (cos 0.180, nearer by 96.42)
frame   360 :  a blue cube~ +43.79*  a red cube~ -16.17   led   0/246 h0.00 b0.98 lvl+13.81 d0.03   MATCH a blue cube~ (cos 0.172, nearer by 96.42)
frame   361 :  a blue cube~ +43.86*  a red cube~ -15.41   led   0/247 h0.00 b0.99 lvl+14.22 d0.03   MATCH a blue cube~ (cos 0.174, nearer by 96.42)
frame   362 :  a blue cube~ +45.23*  a red cube~ -16.15   led   0/243 h0.00 b0.98 lvl+14.54 d0.04   MATCH a blue cube~ (cos 0.187, nearer by 96.42)
frame   363 :  a blue cube~ +45.88*  a red cube~ -16.90   led   0/240 h0.00 b0.97 lvl+14.49 d0.05   MATCH a blue cube~ (cos 0.185, nearer by 96.42)
frame   364 :  a blue cube~ +45.86*  a red cube~ -16.56   led   0/241 h0.00 b0.97 lvl+14.65 d0.05   MATCH a blue cube~ (cos 0.180, nearer by 96.42)
frame   365 :  a blue cube~ +44.73*  a red cube~ -15.47   led   0/245 h0.00 b0.98 lvl+14.63 d0.04   MATCH a blue cube~ (cos 0.169, nearer by 96.42)
frame   366 :  a blue cube~ +44.43*  a red cube~ -15.56   led   0/246 h0.00 b0.98 lvl+14.43 d0.03   MATCH a blue cube~ (cos 0.174, nearer by 96.42)
frame   367 :  a blue cube~ +44.76*  a red cube~ -15.84   led   0/244 h0.00 b0.98 lvl+14.46 d0.04   MATCH a blue cube~ (cos 0.179, nearer by 96.42)
frame   368 :  a blue cube~ +43.86*  a red cube~ -15.40   led   0/247 h0.00 b0.99 lvl+14.23 d0.03   MATCH a blue cube~ (cos 0.168, nearer by 96.42)
frame   369 :  a blue cube~ +44.12*  a red cube~ -15.76   led   0/246 h0.00 b0.98 lvl+14.18 d0.03   MATCH a blue cube~ (cos 0.176, nearer by 96.42)
frame   370 :  a blue cube~ +44.49*  a red cube~ -16.37   led   0/244 h0.00 b0.98 lvl+14.06 d0.04   MATCH a blue cube~ (cos 0.178, nearer by 96.42)
frame   371 :  a blue cube~ +43.42*  a red cube~ -15.76   led   0/247 h0.00 b0.99 lvl+13.83 d0.03   MATCH a blue cube~ (cos 0.165, nearer by 96.42)
frame   372 :  a blue cube~ +44.19*  a red cube~ -16.18   led   0/245 h0.00 b0.98 lvl+14.01 d0.04   MATCH a blue cube~ (cos 0.180, nearer by 96.42)
frame   373 :  a blue cube~ +43.84*  a red cube~ -16.11   led   0/246 h0.00 b0.98 lvl+13.86 d0.03   MATCH a blue cube~ (cos 0.171, nearer by 96.42)
frame   374 :  a blue cube~ +43.34*  a red cube~ -15.72   led   0/247 h0.00 b0.99 lvl+13.81 d0.03   MATCH a blue cube~ (cos 0.168, nearer by 96.42)
frame   375 :  a blue cube~ +43.29*  a red cube~ -16.12   led   0/247 h0.00 b0.99 lvl+13.58 d0.03   MATCH a blue cube~ (cos 0.171, nearer by 96.42)
frame   376 :  a blue cube~ +43.30*  a red cube~ -16.19   led   0/247 h0.00 b0.98 lvl+13.56 d0.03   MATCH a blue cube~ (cos 0.172, nearer by 96.42)
frame   377 :  a blue cube~ +42.84*  a red cube~ -15.56   led   0/249 h0.00 b0.99 lvl+13.64 d0.02   MATCH a blue cube~ (cos 0.167, nearer by 96.42)
frame   378 :  a blue cube~ +44.27*  a red cube~ -16.04   led   0/245 h0.00 b0.98 lvl+14.12 d0.04   MATCH a blue cube~ (cos 0.184, nearer by 96.42)
frame   379 :  a blue cube~ +44.00*  a red cube~ -15.75   led   0/246 h0.00 b0.98 lvl+14.13 d0.03   MATCH a blue cube~ (cos 0.172, nearer by 96.42)
frame   380 :  a blue cube~ +44.35*  a red cube~ -16.40   led   0/244 h0.00 b0.98 lvl+13.97 d0.04   MATCH a blue cube~ (cos 0.178, nearer by 96.42)
frame   381 :  a blue cube~ +44.30*  a red cube~ -16.69   led   0/244 h0.00 b0.98 lvl+13.81 d0.04   MATCH a blue cube~ (cos 0.175, nearer by 96.42)
frame   382 :  a blue cube~ +45.58*  a red cube~ -17.64   led   0/239 h0.00 b0.97 lvl+13.97 d0.06   MATCH a blue cube~ (cos 0.188, nearer by 96.42)
frame   383 :  a blue cube~ +44.23*  a red cube~ -16.90   led   0/243 h0.00 b0.98 lvl+13.66 d0.04   MATCH a blue cube~ (cos 0.166, nearer by 96.42)
frame   384 :  a blue cube~ +43.17*  a red cube~ -16.17   led   0/247 h0.00 b0.99 lvl+13.50 d0.03   MATCH a blue cube~ (cos 0.164, nearer by 96.42)
frame   385 :  a blue cube~ +43.18*  a red cube~ -16.08   led   0/247 h0.00 b0.99 lvl+13.55 d0.03   MATCH a blue cube~ (cos 0.171, nearer by 96.42)
frame   386 :  a blue cube~ +44.24*  a red cube~ -16.40   led   0/244 h0.00 b0.98 lvl+13.92 d0.04   MATCH a blue cube~ (cos 0.182, nearer by 96.42)
frame   387 :  a blue cube~ +43.97*  a red cube~ -15.82   led   0/246 h0.00 b0.98 lvl+14.08 d0.03   MATCH a blue cube~ (cos 0.172, nearer by 96.42)
frame   388 :  a blue cube~ +43.79*  a red cube~ -15.87   led   0/246 h0.00 b0.98 lvl+13.96 d0.03   MATCH a blue cube~ (cos 0.172, nearer by 96.42)
frame   389 :  a blue cube~ +34.46*  a red cube~ -2.76   led   3/160 h0.13 b0.93 lvl+15.85 d0.13   MATCH a blue cube~ (cos 0.080, nearer by 70.73)
frame   390 :  a blue cube~ +15.83*  a red cube~ +11.80*   led  19/ 57 h0.38 b0.81 lvl+13.81 d0.38   MATCH a blue cube~ (cos -0.046, nearer by 23.81)
frame   391 :  a blue cube~ +10.57*  a red cube~ +8.99*   led  20/ 52 h0.39 b0.80 lvl+9.78 d0.39   MATCH a blue cube~ (cos 0.023, nearer by 20.32)
frame   392 :  a blue cube~ +7.81*  a red cube~ +6.29*   led  20/ 52 h0.40 b0.80 lvl+7.05 d0.40   MATCH a blue cube~ (cos 0.029, nearer by 20.24)
frame   393 :  a blue cube~ +5.79*  a red cube~ +5.17*   led  21/ 50 h0.40 b0.80 lvl+5.48 d0.40   MATCH a blue cube~ (cos 0.027, nearer by 18.97)
frame   394 :  a blue cube~ +4.44*  a red cube~ +3.83*   led  21/ 50 h0.40 b0.80 lvl+4.13 d0.40   MATCH a blue cube~ (cos 0.027, nearer by 18.96)
frame   395 :  a blue cube~ +3.97*  a red cube~ +3.09*   led  21/ 51 h0.40 b0.80 lvl+3.53 d0.40   MATCH a blue cube~ (cos 0.031, nearer by 19.34)
frame   396 :  a red cube~ +2.92*  a blue cube~ +2.89*   led  21/ 49 h0.41 b0.80 lvl+2.91 d0.41   MATCH a blue cube~ (cos 0.023, nearer by 18.05)
frame   397 :  a blue cube~ +2.71*  a red cube~ +1.85*   led  21/ 51 h0.40 b0.80 lvl+2.28 d0.40   MATCH a blue cube~ (cos 0.028, nearer by 19.32)
frame   398 :  a red cube~ +2.49*  a blue cube~ +1.96*   led  22/ 48 h0.41 b0.79 lvl+2.22 d0.41   MATCH a blue cube~ (cos 0.022, nearer by 17.35)
frame   399 :  a blue cube~ +2.94*  a red cube~ +2.26*   led  21/ 50 h0.40 b0.80 lvl+2.60 d0.40   MATCH a blue cube~ (cos 0.036, nearer by 19.06)
background: after 30 frames (frozen, room spread), this room reads  a red cube~ -0.023 +-0.0035 (COCO -0.018 +-0.0701)  a blue cube~ 0.020 +-0.0035 (COCO -0.003 +-0.0644)
frame   400 :  a blue cube~ +3.54*  a red cube~ +1.45*   led  20/ 53 h0.39 b0.80 lvl+2.50 d0.39   MATCH a blue cube~ (cos 0.036, nearer by 21.05)
frame   401 :  a blue cube~ +2.80*  a red cube~ +1.84*   led  21/ 51 h0.40 b0.80 lvl+2.32 d0.40   MATCH a blue cube~ (cos 0.025, nearer by 19.46)
frame   402 :  a blue cube~ +2.45*  a red cube~ +2.07*   led  21/ 50 h0.40 b0.80 lvl+2.26 d0.40   MATCH a blue cube~ (cos 0.026, nearer by 18.64)
frame   403 :  a blue cube~ +2.65*  a red cube~ +1.89*   led  21/ 51 h0.40 b0.80 lvl+2.27 d0.40   MATCH a blue cube~ (cos 0.030, nearer by 19.17)
frame   404 :  a blue cube~ +3.24*  a red cube~ +0.88   led  20/ 54 h0.39 b0.81 lvl+2.06 d0.39   MATCH a blue cube~ (cos 0.035, nearer by 21.44)
frame   405 :  a blue cube~ +3.09*  a red cube~ +1.41*   led  20/ 52 h0.39 b0.80 lvl+2.25 d0.39   MATCH a blue cube~ (cos 0.030, nearer by 20.47)
frame   406 :  a blue cube~ +2.94*  a red cube~ +1.40*   led  20/ 52 h0.39 b0.80 lvl+2.17 d0.39   MATCH a blue cube~ (cos 0.029, nearer by 20.28)
frame   407 :  a blue cube~ +2.68*  a red cube~ +1.48*   led  21/ 51 h0.40 b0.80 lvl+2.08 d0.40   MATCH a blue cube~ (cos 0.027, nearer by 19.80)
frame   408 :  a blue cube~ +3.40*  a red cube~ +1.19   led  20/ 53 h0.39 b0.81 lvl+2.30 d0.39   MATCH a blue cube~ (cos 0.036, nearer by 21.22)
frame   409 :  a blue cube~ +3.41*  a red cube~ +1.11   led  20/ 54 h0.39 b0.81 lvl+2.26 d0.39   MATCH a blue cube~ (cos 0.032, nearer by 21.35)
frame   410 :  a blue cube~ +3.02*  a red cube~ +1.39*   led  20/ 52 h0.39 b0.80 lvl+2.21 d0.39   MATCH a blue cube~ (cos 0.028, nearer by 20.41)
frame   411 :  a blue cube~ +2.23*  a red cube~ +1.75*   led  21/ 50 h0.40 b0.80 lvl+1.99 d0.40   MATCH a blue cube~ (cos 0.022, nearer by 18.79)
frame   412 :  a blue cube~ +2.87*  a red cube~ +1.56*   led  20/ 52 h0.40 b0.80 lvl+2.21 d0.40   MATCH a blue cube~ (cos 0.034, nearer by 19.95)
frame   413 :  a blue cube~ +2.60*  a red cube~ +1.86*   led  21/ 51 h0.40 b0.80 lvl+2.23 d0.40   MATCH a blue cube~ (cos 0.027, nearer by 19.15)
frame   414 :  a red cube~ +2.58*  a blue cube~ +1.98*   led  22/ 48 h0.41 b0.79 lvl+2.28 d0.41   MATCH a blue cube~ (cos 0.023, nearer by 17.26)
frame   415 :  a blue cube~ +2.55*  a red cube~ +2.06*   led  21/ 50 h0.40 b0.80 lvl+2.30 d0.40   MATCH a blue cube~ (cos 0.032, nearer by 18.78)
frame   416 :  a blue cube~ +2.56*  a red cube~ +1.81*   led  21/ 51 h0.40 b0.80 lvl+2.18 d0.40   MATCH a blue cube~ (cos 0.029, nearer by 19.16)
frame   417 :  a blue cube~ +2.28*  a red cube~ +1.70*   led  21/ 50 h0.40 b0.80 lvl+1.99 d0.40   MATCH a blue cube~ (cos 0.026, nearer by 18.92)
frame   418 :  a blue cube~ +2.33*  a red cube~ +1.53*   led  21/ 51 h0.40 b0.80 lvl+1.93 d0.40   MATCH a blue cube~ (cos 0.028, nearer by 19.22)
frame   419 :  a blue cube~ +1.97*  a red cube~ +1.79*   led  21/ 50 h0.40 b0.80 lvl+1.88 d0.40   MATCH a blue cube~ (cos 0.024, nearer by 18.35)
frame   420 :  a blue cube~ +2.24*  a red cube~ +2.06*   led  21/ 50 h0.40 b0.80 lvl+2.15 d0.40   MATCH a blue cube~ (cos 0.029, nearer by 18.36)
frame   421 :  a blue cube~ +3.06*  a red cube~ +1.42*   led  20/ 52 h0.39 b0.80 lvl+2.24 d0.39   MATCH a blue cube~ (cos 0.036, nearer by 20.42)
frame   422 :  a blue cube~ +2.92*  a red cube~ +1.78*   led  21/ 51 h0.40 b0.80 lvl+2.35 d0.40   MATCH a blue cube~ (cos 0.029, nearer by 19.71)
frame   423 :  a blue cube~ +2.33*  a red cube~ +1.49*   led  21/ 51 h0.40 b0.80 lvl+1.91 d0.40   MATCH a blue cube~ (cos 0.024, nearer by 19.28)
frame   424 :  a blue cube~ +2.85*  a red cube~ +1.09   led  20/ 52 h0.39 b0.80 lvl+1.97 d0.39   MATCH a blue cube~ (cos 0.033, nearer by 20.59)
frame   425 :  a blue cube~ +2.59*  a red cube~ +1.36*   led  21/ 51 h0.40 b0.80 lvl+1.98 d0.40   MATCH a blue cube~ (cos 0.027, nearer by 19.83)
frame   426 :  a blue cube~ +2.45*  a red cube~ +1.72*   led  21/ 51 h0.40 b0.80 lvl+2.09 d0.40   MATCH a blue cube~ (cos 0.027, nearer by 19.13)
frame   427 :  a blue cube~ +2.47*  a red cube~ +2.22*   led  21/ 50 h0.40 b0.80 lvl+2.35 d0.40   MATCH a blue cube~ (cos 0.029, nearer by 18.45)
frame   428 :  a red cube~ +2.53*  a blue cube~ +2.05*   led  22/ 48 h0.41 b0.80 lvl+2.29 d0.41   MATCH a blue cube~ (cos 0.024, nearer by 17.42)
frame   429 :  a red cube~ +23.19*  a blue cube~ -9.79   led  64/ 17 h0.65 b0.82 lvl+6.70 d0.35   MATCH a red cube~ (cos 0.191, nearer by 28.54)
frame   430 :  a red cube~ +36.30*  a blue cube~ -20.08   led 134/  5 h0.82 b0.91 lvl+8.11 d0.18   MATCH a red cube~ (cos 0.188, nearer by 61.64)
frame   431 :  a red cube~ +45.76*  a blue cube~ -27.50   led 211/  0 h0.94 b0.97 lvl+9.13 d0.06   MATCH a red cube~ (cos 0.197, nearer by 85.52)
frame   432 :  a red cube~ +52.65*  a blue cube~ -30.32   led 251/  0 h1.00 b0.99 lvl+11.16 d0.01   MATCH a red cube~ (cos 0.205, nearer by 96.42)
frame   433 :  a red cube~ +52.60*  a blue cube~ -29.17   led 253/  0 h1.00 b1.00 lvl+11.72 d0.01   MATCH a red cube~ (cos 0.160, nearer by 96.42)
frame   434 :  a red cube~ +53.62*  a blue cube~ -29.67   led 250/  0 h1.00 b0.99 lvl+11.97 d0.02   MATCH a red cube~ (cos 0.170, nearer by 96.42)
frame   435 :  a red cube~ +54.27*  a blue cube~ -28.80   led 251/  0 h1.00 b0.99 lvl+12.73 d0.02   MATCH a red cube~ (cos 0.170, nearer by 96.42)
frame   436 :  a red cube~ +54.44*  a blue cube~ -28.48   led 251/  0 h1.00 b0.99 lvl+12.98 d0.01   MATCH a red cube~ (cos 0.167, nearer by 96.42)
frame   437 :  a red cube~ +53.93*  a blue cube~ -27.56   led 254/  0 h1.00 b1.00 lvl+13.18 d0.00   MATCH a red cube~ (cos 0.161, nearer by 96.42)
frame   438 :  a red cube~ +53.97*  a blue cube~ -27.74   led 253/  0 h1.00 b1.00 lvl+13.11 d0.01   MATCH a red cube~ (cos 0.165, nearer by 96.42)
frame   439 :  a red cube~ +52.65*  a blue cube~ -26.21   led 242/  0 h0.98 b0.99 lvl+13.22 d0.02   MATCH a red cube~ (cos 0.152, nearer by 93.42)
frame   440 :  a red cube~ +53.41*  a blue cube~ -26.49   led 248/  0 h0.99 b1.00 lvl+13.46 d0.01   MATCH a red cube~ (cos 0.168, nearer by 94.89)
frame   441 :  a red cube~ +53.65*  a blue cube~ -26.41   led 249/  0 h0.99 b1.00 lvl+13.62 d0.01   MATCH a red cube~ (cos 0.165, nearer by 95.12)
frame   442 :  a red cube~ +53.72*  a blue cube~ -25.83   led 246/  0 h0.99 b0.99 lvl+13.94 d0.01   MATCH a red cube~ (cos 0.164, nearer by 94.40)
frame   443 :  a red cube~ +54.26*  a blue cube~ -26.57   led 254/  0 h1.00 b1.00 lvl+13.85 d0.00   MATCH a red cube~ (cos 0.169, nearer by 96.21)
frame   444 :  a red cube~ +52.83*  a blue cube~ -25.41   led 239/  0 h0.98 b0.99 lvl+13.71 d0.02   MATCH a red cube~ (cos 0.151, nearer by 92.56)
frame   445 :  a red cube~ +53.12*  a blue cube~ -26.12   led 244/  0 h0.99 b0.99 lvl+13.50 d0.01   MATCH a red cube~ (cos 0.163, nearer by 93.96)
frame   446 :  a red cube~ +52.74*  a blue cube~ -26.07   led 242/  0 h0.98 b0.99 lvl+13.33 d0.02   MATCH a red cube~ (cos 0.158, nearer by 93.36)
frame   447 :  a red cube~ +53.88*  a blue cube~ -26.48   led 251/  0 h1.00 b1.00 lvl+13.70 d0.00   MATCH a red cube~ (cos 0.172, nearer by 95.54)
frame   448 :  a red cube~ +53.85*  a blue cube~ -26.70   led 252/  0 h1.00 b1.00 lvl+13.58 d0.00   MATCH a red cube~ (cos 0.164, nearer by 95.83)
frame   449 :  a red cube~ +54.05*  a blue cube~ -26.55   led 253/  0 h1.00 b1.00 lvl+13.75 d0.00   MATCH a red cube~ (cos 0.166, nearer by 95.90)
frame   450 :  a red cube~ +53.72*  a blue cube~ -25.82   led 246/  0 h0.99 b0.99 lvl+13.95 d0.01   MATCH a red cube~ (cos 0.162, nearer by 94.39)
frame   451 :  a red cube~ +53.79*  a blue cube~ -26.06   led 248/  0 h0.99 b1.00 lvl+13.87 d0.01   MATCH a red cube~ (cos 0.165, nearer by 94.83)
frame   452 :  a red cube~ +52.22*  a blue cube~ -24.45   led 229/  0 h0.97 b0.98 lvl+13.88 d0.03   MATCH a red cube~ (cos 0.148, nearer by 90.33)
frame   453 :  a red cube~ +53.23*  a blue cube~ -25.35   led 241/  0 h0.98 b0.99 lvl+13.94 d0.02   MATCH a red cube~ (cos 0.169, nearer by 93.03)
frame   454 :  a red cube~ +53.62*  a blue cube~ -25.87   led 246/  0 h0.99 b0.99 lvl+13.88 d0.01   MATCH a red cube~ (cos 0.166, nearer by 94.32)
frame   455 :  a red cube~ +53.10*  a blue cube~ -25.62   led 241/  0 h0.98 b0.99 lvl+13.74 d0.02   MATCH a red cube~ (cos 0.158, nearer by 93.23)
frame   456 :  a red cube~ +53.46*  a blue cube~ -25.75   led 244/  0 h0.99 b0.99 lvl+13.86 d0.01   MATCH a red cube~ (cos 0.165, nearer by 93.91)
frame   457 :  a red cube~ +51.95*  a blue cube~ -24.36   led 227/  0 h0.97 b0.98 lvl+13.80 d0.03   MATCH a red cube~ (cos 0.148, nearer by 89.82)
frame   458 :  a red cube~ +51.46*  a blue cube~ -24.06   led 223/  0 h0.96 b0.98 lvl+13.70 d0.04   MATCH a red cube~ (cos 0.153, nearer by 88.71)
frame   459 :  a red cube~ +52.19*  a blue cube~ -24.79   led 231/  0 h0.97 b0.99 lvl+13.70 d0.03   MATCH a red cube~ (cos 0.163, nearer by 90.77)
frame   460 :  a red cube~ +52.86*  a blue cube~ -25.33   led 238/  0 h0.98 b0.99 lvl+13.76 d0.02   MATCH a red cube~ (cos 0.165, nearer by 92.48)
frame   461 :  a red cube~ +52.07*  a blue cube~ -24.83   led 231/  0 h0.97 b0.99 lvl+13.62 d0.03   MATCH a red cube~ (cos 0.153, nearer by 90.65)
frame   462 :  a red cube~ +51.92*  a blue cube~ -24.47   led 228/  0 h0.97 b0.98 lvl+13.72 d0.03   MATCH a red cube~ (cos 0.157, nearer by 89.93)
frame   463 :  a red cube~ +52.28*  a blue cube~ -25.10   led 234/  0 h0.97 b0.99 lvl+13.59 d0.03   MATCH a red cube~ (cos 0.161, nearer by 91.33)
frame   464 :  a red cube~ +51.69*  a blue cube~ -23.84   led 223/  0 h0.96 b0.98 lvl+13.93 d0.04   MATCH a red cube~ (cos 0.153, nearer by 88.71)
frame   465 :  a red cube~ +51.46*  a blue cube~ -23.97   led 222/  0 h0.96 b0.98 lvl+13.75 d0.04   MATCH a red cube~ (cos 0.154, nearer by 88.57)
frame   466 :  a red cube~ +52.53*  a blue cube~ -25.45   led 237/  0 h0.98 b0.99 lvl+13.54 d0.02   MATCH a red cube~ (cos 0.167, nearer by 92.18)
frame   467 :  a red cube~ +53.25*  a blue cube~ -25.72   led 243/  0 h0.99 b0.99 lvl+13.77 d0.01   MATCH a red cube~ (cos 0.167, nearer by 93.59)
frame   468 :  a red cube~ +57.99*  a blue cube~ -29.38   led 242/  0 h1.00 b0.98 lvl+14.31 d0.05   MATCH a red cube~ (cos 0.209, nearer by 96.42)
frame   469 :  a red cube~ +57.56*  a blue cube~ -27.53   led 247/  0 h1.00 b0.98 lvl+15.02 d0.03   MATCH a red cube~ (cos 0.174, nearer by 96.42)
frame   470 :  a red cube~ +40.99*  a blue cube~ -16.35   led 137/  4 h0.83 b0.91 lvl+12.32 d0.17   MATCH a red cube~ (cos 0.012, nearer by 63.00)
frame   471 :  a red cube~ +32.63*  a blue cube~ -9.04   led  86/ 12 h0.71 b0.86 lvl+11.79 d0.29   MATCH a red cube~ (cos 0.036, nearer by 40.83)
frame   472 :  a red cube~ +14.91*  a blue cube~ +8.99*   led  25/ 39 h0.45 b0.78 lvl+11.95 d0.45   MATCH a blue cube~ (cos 0.169, nearer by 9.73)
frame   473 :  a blue cube~ +22.49*  a red cube~ +1.96*   led   9/ 99 h0.26 b0.87 lvl+12.23 d0.26   MATCH a blue cube~ (cos 0.186, nearer by 47.12)
frame   474 :  a blue cube~ +30.91*  a red cube~ -5.47   led   3/156 h0.14 b0.93 lvl+12.72 d0.14   MATCH a blue cube~ (cos 0.183, nearer by 69.55)
frame   475 :  a blue cube~ +35.43*  a red cube~ -9.57   led   1/197 h0.08 b0.96 lvl+12.93 d0.08   MATCH a blue cube~ (cos 0.173, nearer by 81.73)
frame   476 :  a blue cube~ +37.55*  a red cube~ -11.64   led   0/219 h0.05 b0.98 lvl+12.96 d0.05   MATCH a blue cube~ (cos 0.165, nearer by 87.65)
frame   477 :  a blue cube~ +38.55*  a red cube~ -13.04   led   0/232 h0.03 b0.99 lvl+12.76 d0.03   MATCH a blue cube~ (cos 0.161, nearer by 91.07)
frame   478 :  a blue cube~ +40.16*  a red cube~ -14.42   led   0/250 h0.01 b1.00 lvl+12.87 d0.01   MATCH a blue cube~ (cos 0.171, nearer by 95.29)
frame   479 :  a blue cube~ +40.82*  a red cube~ -15.11   led   0/254 h0.00 b1.00 lvl+12.86 d0.00   MATCH a blue cube~ (cos 0.167, nearer by 96.42)
frame   480 :  a blue cube~ +40.85*  a red cube~ -14.95   led   0/254 h0.00 b1.00 lvl+12.95 d0.00   MATCH a blue cube~ (cos 0.163, nearer by 96.42)
frame   481 :  a blue cube~ +41.82*  a red cube~ -16.14   led   0/250 h0.00 b0.99 lvl+12.84 d0.02   MATCH a blue cube~ (cos 0.173, nearer by 96.42)
frame   482 :  a blue cube~ +41.69*  a red cube~ -16.00   led   0/250 h0.00 b0.99 lvl+12.84 d0.02   MATCH a blue cube~ (cos 0.165, nearer by 96.42)
frame   483 :  a blue cube~ +41.35*  a red cube~ -15.67   led   0/252 h0.00 b0.99 lvl+12.84 d0.01   MATCH a blue cube~ (cos 0.163, nearer by 96.42)
frame   484 :  a blue cube~ +40.78*  a red cube~ -15.69   led   0/253 h0.00 b1.00 lvl+12.55 d0.01   MATCH a blue cube~ (cos 0.159, nearer by 96.42)
frame   485 :  a blue cube~ +41.50*  a red cube~ -16.11   led   0/250 h0.00 b0.99 lvl+12.70 d0.02   MATCH a blue cube~ (cos 0.170, nearer by 96.42)
frame   486 :  a blue cube~ +41.23*  a red cube~ -15.70   led   0/252 h0.00 b0.99 lvl+12.77 d0.01   MATCH a blue cube~ (cos 0.163, nearer by 96.42)
frame   487 :  a blue cube~ +41.85*  a red cube~ -15.82   led   0/250 h0.00 b0.99 lvl+13.02 d0.02   MATCH a blue cube~ (cos 0.171, nearer by 96.42)
frame   488 :  a blue cube~ +42.73*  a red cube~ -16.47   led   0/247 h0.00 b0.99 lvl+13.13 d0.03   MATCH a blue cube~ (cos 0.175, nearer by 96.42)
frame   489 :  a blue cube~ +43.03*  a red cube~ -17.00   led   0/246 h0.00 b0.98 lvl+13.02 d0.03   MATCH a blue cube~ (cos 0.173, nearer by 96.42)
frame   490 :  a blue cube~ +42.87*  a red cube~ -16.55   led   0/247 h0.00 b0.99 lvl+13.16 d0.03   MATCH a blue cube~ (cos 0.169, nearer by 96.42)
frame   491 :  a blue cube~ +42.09*  a red cube~ -15.96   led   0/250 h0.00 b0.99 lvl+13.07 d0.02   MATCH a blue cube~ (cos 0.162, nearer by 96.42)
frame   492 :  a blue cube~ +41.74*  a red cube~ -15.59   led   0/251 h0.00 b0.99 lvl+13.07 d0.01   MATCH a blue cube~ (cos 0.164, nearer by 96.42)
frame   493 :  a blue cube~ +41.76*  a red cube~ -15.64   led   0/251 h0.00 b0.99 lvl+13.06 d0.01   MATCH a blue cube~ (cos 0.166, nearer by 96.42)
frame   494 :  a blue cube~ +41.65*  a red cube~ -15.65   led   0/251 h0.00 b0.99 lvl+13.00 d0.01   MATCH a blue cube~ (cos 0.165, nearer by 96.42)
frame   495 :  a blue cube~ +42.02*  a red cube~ -15.80   led   0/250 h0.00 b0.99 lvl+13.11 d0.02   MATCH a blue cube~ (cos 0.169, nearer by 96.42)
frame   496 :  a blue cube~ +41.19*  a red cube~ -15.50   led   0/252 h0.00 b1.00 lvl+12.84 d0.01   MATCH a blue cube~ (cos 0.159, nearer by 96.42)
frame   497 :  a blue cube~ +41.93*  a red cube~ -16.34   led   0/249 h0.00 b0.99 lvl+12.80 d0.02   MATCH a blue cube~ (cos 0.172, nearer by 96.42)
frame   498 :  a blue cube~ +42.05*  a red cube~ -16.24   led   0/249 h0.00 b0.99 lvl+12.90 d0.02   MATCH a blue cube~ (cos 0.168, nearer by 96.42)
frame   499 :  a blue cube~ +41.75*  a red cube~ -15.88   led   0/250 h0.00 b0.99 lvl+12.93 d0.02   MATCH a blue cube~ (cos 0.164, nearer by 96.42)
background: after 30 frames (frozen, room spread), this room reads  a red cube~ -0.023 +-0.0035 (COCO -0.018 +-0.0701)  a blue cube~ 0.020 +-0.0035 (COCO -0.003 +-0.0644)
frame   500 :  a blue cube~ +40.40*  a red cube~ -14.67   led   0/253 h0.00 b1.00 lvl+12.87 d0.00   MATCH a blue cube~ (cos 0.153, nearer by 95.97)
frame   501 :  a blue cube~ +40.97*  a red cube~ -14.90   led   0/254 h0.00 b1.00 lvl+13.04 d0.00   MATCH a blue cube~ (cos 0.167, nearer by 96.42)
frame   502 :  a blue cube~ +39.57*  a red cube~ -14.38   led   0/246 h0.01 b0.99 lvl+12.59 d0.01   MATCH a blue cube~ (cos 0.149, nearer by 94.39)
frame   503 :  a blue cube~ +38.55*  a red cube~ -13.87   led   0/237 h0.02 b0.99 lvl+12.34 d0.02   MATCH a blue cube~ (cos 0.148, nearer by 92.23)
frame   504 :  a blue cube~ +40.29*  a red cube~ -14.82   led   0/253 h0.00 b1.00 lvl+12.73 d0.00   MATCH a blue cube~ (cos 0.172, nearer by 96.03)
frame   505 :  a blue cube~ +41.40*  a red cube~ -15.65   led   0/252 h0.00 b0.99 lvl+12.88 d0.01   MATCH a blue cube~ (cos 0.172, nearer by 96.42)
frame   506 :  a blue cube~ +42.22*  a red cube~ -15.57   led   0/250 h0.00 b0.99 lvl+13.33 d0.02   MATCH a blue cube~ (cos 0.173, nearer by 96.42)
frame   507 :  a blue cube~ +42.22*  a red cube~ -16.06   led   0/249 h0.00 b0.99 lvl+13.08 d0.02   MATCH a blue cube~ (cos 0.168, nearer by 96.42)
frame   508 :  a blue cube~ +19.12*  a red cube~ +10.06*   led  16/ 68 h0.34 b0.83 lvl+14.59 d0.34   MATCH a blue cube~ (cos -0.064, nearer by 30.91)
frame   509 :  a red cube~ +19.44*  a blue cube~ +7.69*   led  29/ 31 h0.49 b0.75 lvl+13.57 d0.49   MATCH a blue cube~ (cos -0.028, nearer by 1.47)
frame   510 :  a red cube~ +14.31*  a blue cube~ +5.25*   led  27/ 34 h0.47 b0.76 lvl+9.78 d0.47   MATCH a blue cube~ (cos 0.022, nearer by 5.29)
frame   511 :  a red cube~ +10.92*  a blue cube~ +2.97*   led  26/ 36 h0.46 b0.77 lvl+6.95 d0.46   MATCH a blue cube~ (cos 0.015, nearer by 6.85)
frame   512 :  a red cube~ +8.52*  a blue cube~ +1.79*   led  26/ 38 h0.46 b0.77 lvl+5.16 d0.46   MATCH a blue cube~ (cos 0.018, nearer by 8.58)
frame   513 :  a red cube~ +6.66*  a blue cube~ +0.70   led  25/ 39 h0.45 b0.78 lvl+3.68 d0.45   MATCH a blue cube~ (cos 0.015, nearer by 9.68)
frame   514 :  a red cube~ +6.51*  a blue cube~ -0.41   led  26/ 38 h0.46 b0.77 lvl+3.05 d0.46   MATCH a blue cube~ (cos 0.011, nearer by 8.31)
frame   515 :  a red cube~ +5.25*  a blue cube~ -1.02   led  25/ 39 h0.45 b0.77 lvl+2.11 d0.45   MATCH a blue cube~ (cos 0.012, nearer by 9.24)
frame   516 :  a red cube~ +4.23*  a blue cube~ -1.20   led  25/ 40 h0.45 b0.78 lvl+1.51 d0.45   MATCH a blue cube~ (cos 0.014, nearer by 10.41)
frame   517 :  a red cube~ +3.78*  a blue cube~ -0.26   led  24/ 42 h0.44 b0.78 lvl+1.76 d0.44   MATCH a blue cube~ (cos 0.025, nearer by 12.38)
frame   518 :  a red cube~ +2.78*  a blue cube~ +0.19   led  23/ 45 h0.43 b0.79 lvl+1.48 d0.43   MATCH a blue cube~ (cos 0.023, nearer by 14.44)
frame   519 :  a red cube~ +2.42*  a blue cube~ -0.12   led  23/ 45 h0.42 b0.79 lvl+1.15 d0.42   MATCH a blue cube~ (cos 0.017, nearer by 14.51)
frame   520 :  a red cube~ +2.66*  a blue cube~ +0.03   led  23/ 45 h0.43 b0.79 lvl+1.35 d0.43   MATCH a blue cube~ (cos 0.021, nearer by 14.39)
frame   521 :  a red cube~ +2.15*  a blue cube~ +0.37   led  22/ 46 h0.42 b0.79 lvl+1.26 d0.42   MATCH a blue cube~ (cos 0.023, nearer by 15.58)
frame   522 :  a red cube~ +2.06*  a blue cube~ +0.04   led  23/ 46 h0.42 b0.79 lvl+1.05 d0.42   MATCH a blue cube~ (cos 0.018, nearer by 15.24)
frame   523 :  a red cube~ +2.73*  a blue cube~ -0.28   led  23/ 44 h0.43 b0.79 lvl+1.23 d0.43   MATCH a blue cube~ (cos 0.017, nearer by 13.85)
frame   524 :  a red cube~ +2.10*  a blue cube~ -0.31   led  23/ 45 h0.42 b0.79 lvl+0.89 d0.42   MATCH a blue cube~ (cos 0.018, nearer by 14.70)
frame   525 :  a red cube~ +1.76*  a blue cube~ +0.43   led  22/ 47 h0.42 b0.79 lvl+1.09 d0.42   MATCH a blue cube~ (cos 0.026, nearer by 16.22)
frame   526 :  a red cube~ +1.93*  a blue cube~ +0.50   led  22/ 47 h0.42 b0.79 lvl+1.21 d0.42   MATCH a blue cube~ (cos 0.022, nearer by 16.08)
frame   527 :  a red cube~ +2.79*  a blue cube~ -0.54   led  23/ 43 h0.43 b0.78 lvl+1.12 d0.43   MATCH a blue cube~ (cos 0.011, nearer by 13.38)
frame   528 :  a red cube~ +2.96*  a blue cube~ -0.57   led  24/ 43 h0.43 b0.78 lvl+1.20 d0.43   MATCH a blue cube~ (cos 0.018, nearer by 13.10)
frame   529 :  a red cube~ +3.09*  a blue cube~ -0.68   led  24/ 43 h0.43 b0.78 lvl+1.20 d0.43   MATCH a blue cube~ (cos 0.017, nearer by 12.77)
frame   530 :  a red cube~ +2.98*  a blue cube~ -0.66   led  24/ 43 h0.43 b0.78 lvl+1.16 d0.43   MATCH a blue cube~ (cos 0.018, nearer by 12.96)
frame   531 :  a red cube~ +2.89*  a blue cube~ -0.57   led  24/ 43 h0.43 b0.78 lvl+1.16 d0.43   MATCH a blue cube~ (cos 0.018, nearer by 13.20)
frame   532 :  a red cube~ +2.89*  a blue cube~ -0.27   led  23/ 44 h0.43 b0.79 lvl+1.31 d0.43   MATCH a blue cube~ (cos 0.021, nearer by 13.62)
frame   533 :  a red cube~ +2.84*  a blue cube~ -0.07   led  23/ 44 h0.43 b0.79 lvl+1.39 d0.43   MATCH a blue cube~ (cos 0.021, nearer by 13.98)
frame   534 :  a red cube~ +2.57*  a blue cube~ +0.08   led  23/ 45 h0.42 b0.79 lvl+1.33 d0.42   MATCH a blue cube~ (cos 0.021, nearer by 14.56)
frame   535 :  a red cube~ +2.44*  a blue cube~ +0.43   led  23/ 46 h0.42 b0.79 lvl+1.44 d0.42   MATCH a blue cube~ (cos 0.024, nearer by 15.26)
frame   536 :  a red cube~ +2.88*  a blue cube~ +0.84   led  23/ 46 h0.42 b0.79 lvl+1.86 d0.42   MATCH a blue cube~ (cos 0.025, nearer by 15.20)
frame   537 :  a red cube~ +3.72*  a blue cube~ +0.56   led  23/ 44 h0.43 b0.79 lvl+2.14 d0.43   MATCH a blue cube~ (cos 0.020, nearer by 13.64)
frame   538 :  a red cube~ +3.66*  a blue cube~ +1.10   led  23/ 45 h0.42 b0.79 lvl+2.38 d0.42   MATCH a blue cube~ (cos 0.027, nearer by 14.48)
frame   539 :  a red cube~ +2.78*  a blue cube~ +1.21   led  22/ 46 h0.42 b0.79 lvl+1.99 d0.42   MATCH a blue cube~ (cos 0.025, nearer by 15.87)
frame   540 :  a red cube~ +3.84*  a blue cube~ +0.58   led  23/ 43 h0.43 b0.78 lvl+2.21 d0.43   MATCH a blue cube~ (cos 0.018, nearer by 13.49)
frame   541 :  a red cube~ +3.71*  a blue cube~ +0.66   led  23/ 44 h0.43 b0.79 lvl+2.18 d0.43   MATCH a blue cube~ (cos 0.023, nearer by 13.79)
frame   542 :  a red cube~ +3.96*  a blue cube~ +0.47   led  24/ 43 h0.43 b0.78 lvl+2.22 d0.43   MATCH a blue cube~ (cos 0.020, nearer by 13.17)
frame   543 :  a red cube~ +3.74*  a blue cube~ +0.66   led  23/ 44 h0.43 b0.79 lvl+2.20 d0.43   MATCH a blue cube~ (cos 0.023, nearer by 13.74)
frame   544 :  a red cube~ +2.73*  a blue cube~ +1.44*   led  22/ 47 h0.42 b0.79 lvl+2.09 d0.42   MATCH a blue cube~ (cos 0.030, nearer by 16.27)
frame   545 :  a red cube~ +2.67*  a blue cube~ +1.36*   led  22/ 47 h0.42 b0.79 lvl+2.01 d0.42   MATCH a blue cube~ (cos 0.024, nearer by 16.24)
frame   546 :  a red cube~ +2.72*  a blue cube~ +1.21   led  22/ 46 h0.42 b0.79 lvl+1.96 d0.42   MATCH a blue cube~ (cos 0.023, nearer by 15.97)

stopped   : 547 frames, 547 good, capture overlapped with the compute, configuration C
            547 frames timed, 322 ms/frame mean (capture included)
            305 ms encode + 0 ms waiting for the sensor + 16 ms burst; 334 ms/frame by the clock
            408 ms shutter to LED, arming with 78 ms of compute left
            last frame mean RGB 119 113 115
            camera bus: worst gap 23 us against the 2000 us deadline (#12)
            usb: 0 outages, 0 ms off the bus, 0 re-attaches (#9)
