
=== M9: fpga-open-vocab - describe it, the board spots it ===

clock     : 320 MHz requested; BOOTSEL is reachable for 1.5 s
clock     : 320 MHz system, core 1.25 V
reset     : chip_reset 00010000  (scratch was cold: either the always-on domain went away - power, a brown-out - or this boot came through the bootrom, which clears it too)
            new this boot: power-on reset - the supply arrived
waiting for a bitstream on USB CDC (host/demo.py)
bitstream : 173124 bytes announced, crc32 0a2e9953
bitstream : received intact
configure : configured, CDONE high   CDONE=1 nSTATUS=0
crc       : DMA sniffer, calc=1 out_rev=1 out_inv=1
model     : 9 layers, 512-d embedding, 131072 B/buffer
weights   : 780720 B, crc32=0xF368CC6E  (126 ms to hash)

reference : encoder_fast on the flash test vector  (1585 ms)

link      : probing the wire by running the whole test vector over it
probe     : 3 forward data lines -> 512/512 floats exact, 268 ms
link      : configuration C, 3 forward data lines, 160.0 MHz

camera    : exposure ramp 72 83 93 103 111 120 128 129 132 133 133 133
camera    : live 128x128 RGB565, id 0x82, 16.0 MHz, expose 37 ms, read 16 ms, exposure settled after 12 frames
            mean RGB 136 132 133  (tuned camera on a neutral scene: about 115 107 105)

queries   : waiting for a query set on USB CDC (host/demo.py)
queries   : 2 accepted, 512-d, crc ok
            scored as z = (cos - background) / std, where the background is this room's
            own mean over its first 30 frames and is then FROZEN - so a thing left in
            shot keeps its score instead of decaying into the furniture. 'N' re-learns
            it, 'H' switches to tracking. The COCO figures below are only the seed for
            frame 0 and the fixed std.
            std is THIS ROOM's, measured over the same 30 frames ('S' switches to COCO's).
            The thresholds below still mean the 90th percentile of a background; the
            background they now mean it against is this room empty, not 5000 COCO photos.
            z is EMA-smoothed at 0.35 (~5 frames) before ranking, so a state has to
            persist for about two seconds to be called.
            a small bag          match above z 1.23   (COCO background -0.142 +- 0.032, so cos -0.103)
            a big bag            match above z 1.23   (COCO background -0.133 +- 0.026, so cos -0.101)

loop      : capture, 8 convs on the T8, pool and head, then one cosine per query. 'B' for BOOTSEL, 'R' to restart,
            'P' to dump the next frame for host/cam.py, 'V' to dump its 512 floats for host/caption.py,
            'E' to provoke a fault so D1 shows its fault display, 'H' to freeze/unfreeze the background,
            'S' to switch the spread between this room's and COCO's, 'W' to hang on purpose and see
            the watchdog name the stage, 'C' to stall the camera bus on purpose and see it cost one frame,
            'U' to drop off USB on purpose and watch it come back, 'I' to drop off and refuse to,
            'N' to forget it and learn it again from now. 'P' and 'V' together describe the same frame.
            'O' closes the timing window, prints it and flips the capture between overlapped and serial;
            'D' does the same and flips the trigger between late and at-the-collect, which is #14's A/B.
            scores are z against this room's background, ranked; '*' means over its threshold.
            '1'..'6' enrol the next 20 frames as that class, and press again on a LATER visit
            to fold a second one in - 2 visits is what makes the enrolment guard mean
            something. Two classes in and the board decides by nearest reference instead of
            by threshold, and calls a frame absent when it is further than 2.0 sep from every
            one of them - see M21. The empty scene is not enrolled and '0' does nothing; see #18.
            The first 30 frames set the baseline and it is then frozen, so anything left in
            shot KEEPS its score. Point the camera at the empty scene for those frames.
            Send a new set at any time to re-query - that resets the baseline too.

frame     0 :  a small bag -0.15  a big bag -0.20   led   0/255 h0.00 lvl-0.18   -
frame     1 :  a small bag -0.10  a big bag -0.13   led   0/255 h0.00 lvl-0.11   -
frame     2 :  a small bag -0.14  a big bag -0.17   led   0/255 h0.00 lvl-0.15   -
frame     3 :  a small bag -0.10  a big bag -0.10   led   0/255 h0.00 lvl-0.10   -
frame     4 :  a small bag -0.02  a big bag -0.03   led   0/255 h0.00 lvl-0.02   -
frame     5 :  a small bag +0.04  a big bag -0.01   led   0/236 h0.03 lvl+0.02   -
frame     6 :  a small bag +0.02  a big bag -0.02   led   0/244 h0.02 lvl+0.00   -
frame     7 :  a small bag +0.05  a big bag +0.01   led   0/235 h0.04 lvl+0.03   -
background: after 8 frames (warming up, room spread), this room reads  a small bag -0.156 +-0.0033 (COCO -0.142 +-0.0317)  a big bag -0.150 +-0.0022 (COCO -0.133 +-0.0262)
frame     8 :  a small bag +0.51  a big bag +0.42   led  37/ 78 h0.42 lvl+0.47   -
frame     9 :  a small bag +1.20  a big bag +1.03   led 241/  0 h0.97 lvl+1.11   -
frame    10 :  a small bag +1.13  a big bag +0.77   led 211/  1 h0.92 lvl+0.95   -
frame    11 :  a small bag +1.15  a big bag +0.79   led 219/  1 h0.93 lvl+0.97   -
frame    12 :  a small bag +1.30*  a big bag +1.06   led 255/  0 h1.00 lvl+1.18   MATCH a small bag (cos -0.147)
frame    13 :  a small bag +1.57*  a big bag +1.44*   led 255/  0 h1.00 lvl+1.50   MATCH a small bag (cos -0.144)
frame    14 :  a small bag +1.45*  a big bag +1.24*   led 255/  0 h1.00 lvl+1.35   MATCH a small bag (cos -0.147)
frame    15 :  a small bag +1.38*  a big bag +1.08   led 255/  0 h1.00 lvl+1.23   MATCH a small bag (cos -0.146)
frame    16 :  a small bag +1.07  a big bag +0.58   led 189/  3 h0.87 lvl+0.82   -
frame    17 :  a small bag +1.22  a big bag +0.83   led 252/  0 h1.00 lvl+1.03   -
frame    18 :  a small bag +1.47*  a big bag +0.98   led 255/  0 h1.00 lvl+1.23   MATCH a small bag (cos -0.141)
frame    19 :  a small bag +1.39*  a big bag +1.20   led 255/  0 h1.00 lvl+1.29   MATCH a small bag (cos -0.144)
frame    20 :  a big bag +1.31*  a small bag +1.28*   led 255/  0 h1.00 lvl+1.29   MATCH a big bag (cos -0.143)
frame    21 :  a big bag +1.82*  a small bag +1.44*   led 255/  0 h1.00 lvl+1.63   MATCH a big bag (cos -0.139)
frame    22 :  a big bag +1.71*  a small bag +1.50*   led 255/  0 h1.00 lvl+1.60   MATCH a big bag (cos -0.141)
frame    23 :  a small bag +1.17  a big bag +1.16   led 230/  0 h0.95 lvl+1.17   -
frame    24 :  a big bag +0.99  a small bag +0.94   led 160/  7 h0.81 lvl+0.97   -
frame    25 :  a small bag +1.26*  a big bag +1.18   led 255/  0 h1.00 lvl+1.22   MATCH a small bag (cos -0.138)
frame    26 :  a small bag +1.16  a big bag +1.15   led 225/  0 h0.94 lvl+1.16   -
frame    27 :  a small bag +1.38*  a big bag +1.38*   led 255/  0 h1.00 lvl+1.38   MATCH a small bag (cos -0.138)
frame    28 :  a small bag +0.86  a big bag +0.84   led 116/ 18 h0.70 lvl+0.85   -
frame    29 :  a big bag +1.30*  a small bag +1.03   led 255/  0 h1.00 lvl+1.16   MATCH a big bag (cos -0.138)
frame    30 :  a big bag +1.14  a small bag +1.01   led 215/  1 h0.92 lvl+1.07   -
frame    31 :  a small bag +0.81  a big bag +0.75   led 101/ 24 h0.66 lvl+0.78   -
frame    32 :  a small bag +1.04  a big bag +0.97   led 178/  4 h0.85 lvl+1.01   -
frame    33 :  a big bag +0.88  a small bag +0.79   led 123/ 16 h0.72 lvl+0.84   -
frame    34 :  a big bag +1.11  a small bag +0.92   led 204/  1 h0.90 lvl+1.02   -
frame    35 :  a big bag +1.07  a small bag +0.87   led 187/  3 h0.87 lvl+0.97   -
frame    36 :  a big bag +1.14  a small bag +0.93   led 216/  1 h0.93 lvl+1.04   -
frame    37 :  a small bag +0.90  a big bag +0.87   led 129/ 14 h0.73 lvl+0.88   -
frame    38 :  a small bag +0.78  a big bag +0.68   led  94/ 28 h0.64 lvl+0.73   -
frame    39 :  a small bag +0.73  a big bag +0.54   led  81/ 35 h0.59 lvl+0.63   -
frame    40 :  a small bag +0.62  a big bag +0.60   led  57/ 54 h0.50 lvl+0.61   -
frame    41 :  a big bag +0.55  a small bag +0.52   led  44/ 68 h0.45 lvl+0.54   -
frame    42 :  a small bag +0.60  a big bag +0.56   led  53/ 58 h0.49 lvl+0.58   -
frame    43 :  a big bag +0.95  a small bag +0.79   led 144/ 10 h0.77 lvl+0.87   -
frame    44 :  a big bag +1.38*  a small bag +1.07   led 255/  0 h1.00 lvl+1.23   MATCH a big bag (cos -0.137)
frame    45 :  a big bag +0.88  a small bag +0.67   led 121/ 16 h0.71 lvl+0.77   -
frame    46 :  a big bag +0.39  a small bag +0.35   led  20/111 h0.32 lvl+0.37   -
frame    47 :  a big bag +0.94  a small bag +0.92   led 141/ 11 h0.76 lvl+0.93   -
frame    48 :  a big bag +1.12  a small bag +1.01   led 209/  1 h0.91 lvl+1.07   -
frame    49 :  a big bag +1.08  a small bag +0.94   led 190/  3 h0.87 lvl+1.01   -
frame    50 :  a big bag +1.07  a small bag +0.93   led 187/  3 h0.87 lvl+1.00   -
frame    51 :  a big bag +0.86  a small bag +0.75   led 116/ 18 h0.70 lvl+0.80   -
frame    52 :  a small bag +1.02  a big bag +0.94   led 169/  5 h0.83 lvl+0.98   -
frame    53 :  a small bag +0.69  a big bag +0.62   led  71/ 42 h0.56 lvl+0.65   -
frame    54 :  a small bag +0.82  a big bag +0.81   led 104/ 23 h0.67 lvl+0.81   -
frame    55 :  a small bag +0.80  a big bag +0.60   led  99/ 25 h0.65 lvl+0.70   -
frame    56 :  a small bag +0.73  a big bag +0.32   led  80/ 36 h0.59 lvl+0.52   -
frame    57 :  a small bag +0.50  a big bag +0.19   led  35/ 81 h0.41 lvl+0.34   -
frame    58 :  a small bag +1.00  a big bag +0.81   led 160/  7 h0.81 lvl+0.90   -
frame    59 :  a small bag +0.99  a big bag +0.91   led 157/  7 h0.80 lvl+0.95   -
frame    60 :  a small bag +1.03  a big bag +0.93   led 173/  5 h0.84 lvl+0.98   -
frame    61 :  a small bag +1.23  a big bag +1.08   led 253/  0 h1.00 lvl+1.15   -
frame    62 :  a small bag +0.99  a big bag +0.93   led 159/  7 h0.81 lvl+0.96   -
frame    63 :  a small bag +0.89  a big bag +0.78   led 126/ 15 h0.73 lvl+0.83   -
frame    64 :  a small bag +0.77  a big bag +0.56   led  91/ 29 h0.63 lvl+0.67   -
frame    65 :  a small bag +0.83  a big bag +0.73   led 108/ 21 h0.68 lvl+0.78   -
frame    66 :  a small bag +0.53  a big bag +0.51   led  40/ 74 h0.43 lvl+0.52   -
frame    67 :  a small bag -0.45  a big bag -0.79   led   0/255 h0.00 lvl-0.62   -
frame    68 :  a big bag -0.51  a small bag -0.51   led   0/255 h0.00 lvl-0.51   -
frame    69 :  a big bag +0.97  a small bag +0.08   led 152/  8 h0.79 lvl+0.53   -
frame    70 :  a big bag +5.24*  a small bag +4.60*   led 255/  0 h1.00 lvl+4.92   MATCH a big bag (cos -0.096)
frame    71 :  a small bag +1.48*  a big bag +0.37   led 255/  0 h1.00 lvl+0.93   MATCH a small bag (cos -0.174)
frame    72 :  a small bag +1.04  a big bag -1.68   led 177/  4 h0.85 lvl-0.32   -
frame    73 :  a small bag +3.24*  a big bag -0.84   led 255/  0 h1.00 lvl+1.20   MATCH a small bag (cos -0.102)
frame    74 :  a small bag +1.32*  a big bag -3.15   led 255/  0 h1.00 lvl-0.91   MATCH a small bag (cos -0.162)

enrol     : the next 20 frames are 'a small bag'. HOLD THE SCENE STILL until it lands.
frame    75 :  a small bag +3.51*  a big bag -1.05   led 255/  0 h1.00 lvl+1.23   MATCH a small bag (cos -0.101)
frame    76 :  a small bag +4.72*  a big bag +0.14   led 255/  0 h1.00 lvl+2.43   MATCH a small bag (cos -0.105)
frame    77 :  a small bag +3.95*  a big bag +0.06   led 255/  0 h1.00 lvl+2.01   MATCH a small bag (cos -0.132)
frame    78 :  a small bag +3.80*  a big bag +0.81   led 255/  0 h1.00 lvl+2.31   MATCH a small bag (cos -0.126)
frame    79 :  a small bag +3.54*  a big bag +0.82   led 255/  0 h1.00 lvl+2.18   MATCH a small bag (cos -0.129)
frame    80 :  a small bag +3.83*  a big bag +0.86   led 255/  0 h1.00 lvl+2.34   MATCH a small bag (cos -0.121)
frame    81 :  a small bag +2.95*  a big bag -1.06   led 255/  0 h1.00 lvl+0.94   MATCH a small bag (cos -0.140)
frame    82 :  a small bag +2.02*  a big bag -2.81   led 255/  0 h1.00 lvl-0.40   MATCH a small bag (cos -0.146)
frame    83 :  a small bag +2.21*  a big bag -2.83   led 255/  0 h1.00 lvl-0.31   MATCH a small bag (cos -0.132)
frame    84 :  a small bag +2.02*  a big bag -3.03   led 255/  0 h1.00 lvl-0.50   MATCH a small bag (cos -0.137)
frame    85 :  a small bag +2.14*  a big bag -3.34   led 255/  0 h1.00 lvl-0.60   MATCH a small bag (cos -0.133)
frame    86 :  a small bag +1.77*  a big bag -4.08   led 255/  0 h1.00 lvl-1.16   MATCH a small bag (cos -0.141)

snapshot  : frame 87, mean RGB 133 118 129
BEGIN m9 128 128 32768 77a935fe
nJKUkpRRpROtVa1VrVWc061Vvde9173XrVW1lr3XxhjGGMYYxhi92LWXtdjGWsZa
xhm92MYZzlrOWs5axhnGGc6bzpvOm74ZxhnOm9bb1tzWm8Za1pvW3N7c1pvOWtac
3t3e3d7d1t3WnM6b1tzfHd7d3x3OnM6c1p3W3d8d1tzOm9bd3x3XHdbdzpzOm9bc
1tzW3c5bzpvW3NbcztzGW8aczpzO3M7czpzGW75bxlvGW8Zbvlu+Wr5avlq+Wr5b
vlu+WrYathm2GbYZtdmt2K2Yrdit2KWXpZelV6WXpZell6VXnRadFqVWnRadFZUV
lRWdFZUVlRWM1ISSjJOMk5ySlJKUUZzTrVWtVq1VnNStVbXXtde1l6VWrVe12MYZ
xhnGGcYZvdi1173YzlnOWsYZvdjGGc5azlrOWsYZvhnOm86bzpvGGcYa1pve3Nbc
1pzGW9ab1tze3NaczlvWnN7d3t3e3d7c1pzOW9bc3t3e3d7ezpzOnNbd1t3e3tbd
zpzW3d8e3x7W3s6dzpzW3dbd1tzGnM6c1t3W3c6cxlvGm87cztzOnM6cxpzGW8Zb
xlvGWr5bvlrGW75bxlvGW75bvlq2Gq4Ztdq+GrXZtdmtmK3YrdmtmK2YpZell6WX
nZedVp0WnRadV51WlRWVFZTVlRaVFZUVjNWMk4yTjJOUkpSSjFGc061VrVWtVZzT
pVW117XXvdetVrWWvdfGGMYZxhnGGb4Ztdi12MZazlrGGb3YxhnOms5azlrGGb4Z
zpvOm9abxhnGGtac3tzW3NabzlrWnN7d3t3WnM5b1pze3d7d3t3e3NaczlvW3N8d
3t3e3s6c1pzWnNbd3x7W3c6c1t3W3d7d3t3WnNac3t3e3dbdzpzOnNbd1t3O3MZb
xpzOnc6czpzOnMabxlvGW85cxlvGW75avlu+W75bvlu+W75athq2GrYavhq12bXZ
rditmK3YrZilmKWXrZell6VXpVadVp0WpVedFp0WlNWU1ZUWlRWVFZTUhFOMk4yT
nJKUkoxRnNOtVa1VrVWc06UVtZe9173YrVa1l73YxhnGGcYZxhm+GbXYtdjGWs5a
xlm918YZzprWms5axhm+GNaa1pvWm8YZxhnWnN6c1tzWm85a1pze3d7d1pzOW9ac
3t3e3d7d1t3Wnc5c1t3e3d7d3t3OnM6c1p3e3ebd1t3WnNbd3t3e3dbd1pzOnNbd
1t3W3c6czpzW3dbd1tzOW85c1pzWndadzpzGnMZbxlvGW8Zbvlu+W75bvlu+W75b
vlu+W7Yathq2GbYatdmt2K2Yrdmt2aWYpZilWKVXpZelV6VWnRadFp1WnRadFpUV
lNWdFZTVlNWM1ISShJKMkpySlJKUUZzSrVW1Va1VpROtFbWXtdi1161WtZa118YY
xhjGGcYZvdi1l73YzlrOWsYZvdjGGc5azlrOWsYZvhnOm9ab1pvGGsYa1pvW3Nbc
1pzOW9ac3t3e3daczlvWnN7d3t3e3d7d1pzOnNbd3t7e3t7ezpzOnNbd1t3fHdbc
zpzW3d8d3x7W3dadzpzW3dbe1t3Om86b1tzW3dadzlvOXNad1p3Wnc6czlvGW8Zb
xlvGW75avlrGW8ZbxlvGW8Zbvlq2GbYZthm2GbYYrdmtmK2ZtdmtmK2YpVelmKWX
pVedVp0WnRalF50WnNaU1ZTVnRaVFZTVlNSEU4yTjJKckpSSlFGc061VrVWtVZzT
pRS1l73XvdetVrWWvdfGGMYYxhjGGL3Ytdi92M5azlrGGb3YvhnOWs5azlrGGb4Y
zprWm9abxhnGGtbc1tzW3NaczlvWnN7d3t3WnM6b1pze3d7d3t3W3daczlve3d7d
3t3fHc6c1pzW3d7d3t3W3c6c1t3fHd7d3t3WnM6c3t3e3d8dzpzOm9bc1t3Wnc5b
zlvWnNbc1p3OnM5cxlvGW8ZcxlvGW75bxlu+W8Zbxlu+W75athq2GbYZthmt2a3Z
rZitmK3YrZitmKVXrZell6WWnVadVZ0WpVadFpzWlNWU1Z0WlRWU1YzUhFKMU4xT
lJKUkoxRlJKtVa1VrVWc1K0VtZe9173YrVa1l73XxhjGGMYZxhm92b2YvdjOWs5a
xhm92MYZzlrOWs5axhq+Gdab1pvWm8YZzhrWm97c3tzWm85b1pze3N7d1pzOW9ac
3tze3d7d1t3Wnc6c1t3fHd8d3x3W3M6c1tze3ecd3t3WnN7d3x3nHd7d1pzWnN7c
3t3e3c6czlvW3Nbd1p3OW85c1p3WndadzpzGm8ZbxlvOm8Zbvlu+WsZaxlrGW8Zb
vlu+Wr4athm2GbYatdmt2a2Yrdit2K2XrZelV61YpZilV6VXnRadFp0WnRaVFZTV
lNWdFpTVlNWMlISThJOEkpySlJKUUZySrVW1la1VpRStFLWWvde92K1WrZe12MYY
xhnGGcYZxdm92L3YzlrWWsZZvdjGGc5azlvOW8YaxhnOm9ab1pvGWsYa1pzW3d7d
1tzOW9ab3tze3daczlvW3N7d3t3e3tbd1pzOm97c3t3e3ece1pzWnN7c3tznHd7c
1pve3d8d3x3fHdbczpze3d7d3t3OnM6c1pzW3NaczpvOm9ac1pzWnM6czpzGW8Zb
xpvGW75bvlvGW8ZbxlvGW8Zbvlq+GrYZthm+GrXZtditmK2YrditmK2YpVetV6WX
pZedVp1WnRadVp0WlRWU1ZTVnRaU1pTVjJSEUoRShJOckpSSlJGckq1VtVWtVqUU
pRW1173YvditVq1WvZfGGcYZxhnGGb3Zvdi92M5azlrGWb3YxhnOWs5azlrGWsYZ
1pvWm9abxhnGGdab3tze3NaczlvWm97c3t3W3M5b3tze3ecd3x3e3daczpze3N7d
3x3fHdbc1tzW3d8e3x7e3dac3t3nHuce3x3W3M6c3t3e3d7d1pzWnNbd1t3W3c6c
zpzW3Nac1t3OnM6cxlvOW86bzlvGW8ZbxlvGW8ZbxlvGW75athq2Ga4Zthq12bXZ
rZitmK3ZpZilmKVXpVell6WXpVedFp0WpRadFpUVlNWU1Z0WlNWU1YyUhFKEUoRS
nJKUkpRRlJKtVbWWtZalFKUUtZa9173XrVa1VrXXxhjGGcYZxhnF2b3YvdjOWs5a
zlm92MYZzlrOms6axlnGGdab1tvWm8YZzhnem97c3tzW286a1pve3N7c3tzWm97c
5t3m3ebd3tze3Nab3tznHecd5x3WnNbc3t3fHecd3t3WnN7d3x7fHt8e1t3OnN7d
3t3e3daczpzW3dbe1t3OnM6c1t3W3Nbc1pzOnMZbxlvGm8abxlrGWsZaxlvGW8Zb
xlu+W74athm2Gb4atdm12a2Yrdit2a2YpZilV6VYpZelV6VXnRadFqUWnRadFZTV
lNWdFpTVjNWM1IRThFKEUpySnJKUkZSSrVWtVa1VpRSlFbXXvdi+GK2WrZa1174Y
xljGGcYZxdm92b3YzlrOWs5ZvdjGGdZa1lrWWs5axhnWmtbb3pvGGcYZ1pve3N7c
1pvWWtab3xzfHN7c1pve3Ocd5x3nHd8d1tzWnN7c5x3nHecd1tzW3N7c3t3nHt7d
1pze3d8e5x3fHdbd1pze3d7d3t3WnNab1pzW3dbdzpzOnNbd1t3W3dbczpzOW8Zb
zpvGm8ZaxlvGW8ZbxlvGW8Zbxhu+GrXatdm2GrXZrditmLWYtdmtmK2YpZelV6WX
pZalVp0VnRWlVp0VnRWU1ZTVnRaU1pTVjJSEU4RShFKc0pzSlJKUkq1VtZa1lqUV
pRS1l73XvditVrWWtdfGGMYZxhnGGcXYvdi9185azlrGWr4YvhnOWtaa1pvOWsYZ
1pvW29abxhnOGtab3tze3N6b1pvWnN8d3x3e3Nab3tznHecd5x3fHN7d1pze3ecd
5x3nHd7c1tze3ecd5x7e3dac3t3m3uce3x7e3dac3t3e3d7d1pzOnNbd3x3W3M6b
zpvW3Nbd1t3Wnc6cxlvOm86bzpvGWsZbxlvGW8ZbxlvGW8Ybvhq+GbXZvhm12bXY
rZitmLXYrZetl6VXpZell6WXpVedFp0WpRadFZ0VlNWU1Z0WlNWU1YyUhFOEU4xT
nNOU05SSlJKtVbWWtZatFaUVvZe9173YtZe1l73YxhnGWcYZxhm+GL3YvdfOWs6a
zlq+GMYZ1lrWm9abzlrGWdab1tvWm8YZxhnWm97c3tzWnM5b1pze3ebd3tzWW97c
5x3nHecd3x7e3Nac3t3nHuce5x7e3d7c3t3m3ece3t3WnN6d5x3nHuce3t3Wnd7d
3t3e3c6c1pzW3d7d3t3Om86b1tzW3Nbc1tzOnMabxlvOm86cxlvGW8ZbxlvGW8Zb
xlvGG74avdq12b4athmt2a3YrZi12K2YrZilV6VXpZellqVWnVWdFqUWnRaU1pTV
lNWVFpTVjNWMk4RShFKEUpzTlNOUkpSSrVW1lrWWrRWlFbWXvdi92LWXtZe92MYZ
zlnOGcYZxhm92L3YzlrOWs5avdnGGc5a1prWms5axhnWm9ab3pzOGs4a3pze3d7d
1p3OW9ac3t3e3d7d1lvenObd5x3nHd7d3t3WnN7d5x7nHu8e3t3e3N7d5x3nHd7d
1pze3ecd5x7nHt7d1pze3d7d3t3WnM6b3t3fHd7dzpzOnNbd1t3W3dbdzpzOXM5b
zpzOm85bxlvGW8ZbxlvGW75bxhu+GrXZtdm2GbYZrdit2K3YrditmK2YpVelmKWX
pZelVp0WnRalF50WnRaU1ZTVnRWU1ZTUjJOEUoRShFKc05zTlJOUkqVVtZa1lq1V
pRS9l73Yvdi1V7VXvZjGGc4ZzhnGGb4Zvdi92M5azprOWsXYxhnWWtab1pvWWsYZ
1prWm9bbxlnGWdab3tze3dac1pvem+bc5x3e3Nab1tzfHecd3x3fHd7d1pze3ece
5x7nHt7d3pze3d8d5x7e3d7c3t3nHuce5x7e3dbc3t3e3d8d1pzWnN7d3t3e3c6c
zpzW3dbd1t3W3c6czpzOW86czlvGW8ZbxlvGW8ZbxlvGW8Zbvhq+GrYZthq2GbXY
rZi1mLXZrZitmKWXpZelmKWXnVedFp0WpVedFp0WlNWU1ZUVlRWU1IyUhFKEUoRS
pNOck5yTlJKtVbWWtZatVaUUtde9174YtZetl73YxhnOGcYZxhm+Gb3YvdfOWs5a
zlq92MYZ1lrWm9abzlrGGdaa1pvem85Zzlnem+bc3tzenNab3pvm3Occ5tzWm9bc
5x3nHecd5x3e3d6c3t3nHecd5x7e3N7c3tznHece3x3W3N7d5x3nHube3t3WnN7d
3t3e3dac1pze3d7d3t3WnNac3t3W3dbd1t3OnM5bzlvOnMacxlvGW8abxlvGW8Zb
xlu+W74avhq2Gb4athm12a2YrZit2K2YrZilV61XrZell6VXnRadFqVWnRaVFZUV
lNWVFZTVjNWMlIRShFKEUpzTnNOck5SSrVW1lrWXrVWlFb3Xvdi92LWXrZe92MYY
zhnOWcZZxhm92LXYzlrOWs5avdjGGc5a1pvWm9ZbxhrWW9ab3tzOWs5a1pze3N7c
1tzWm97b5t3nHebd1pve3Ocd5x7nHece3t3WnN7d5x7nHuce3t3e3d8d5x7nHube
3pze3ece5x7nHt7d1pze3d7d3x7W3Nac3t3fHd7d1pzWnNbd1t3W3c7dzpzOm85b
zpzOW85bxlvGW8ZbxlvGW8Zbvhu+GrYZthm2GrYZrdmt2K3YrditmK2YpVilWKVY
pVedV50WnRalV50WnRWVFZTVnRaU1ZTVjJOEUoRShFKk05zTnNOUkq1VtZa1l61V
pRS9173Yvdi1mK2XvZjGGc4ZzhnOGcYYvdi92M5azlrOWsYYxhnOmtab1pvOW8Ya
1prem96bzlnOWd7b3tze3N7c1pve3Ocd5x3m3dab3tznHecd5x7nHt8d1pze3ece
5x7nHt7d3pzm3ece717nHt7c3t3nHuce5x7e3dac3t3e3d8d1tzWnN7d3t3e3dac
1pzend7d1t3W3c6czlzOm86czpvOW8ZbxlvGW8ZbxlvGW8Ybvhq2GbYZthm2GbXZ
rZitmK3ZrditmKVXrVell6VXnVadFp0WpVadFp0VlNWU1ZUVlNWU1YyThFKEUoRS
pRSk05zTlJKtVbWWtZatVaUUtZa9173YtZetV73YxhjOWc5ZzlnGGb3YvdjOWc5Z
zlm92MYZzlvWm9abzlrGGdaa3pve285ZzlnenN7d5t3e3dac1tvfHecd5x3Wm97c
5x3nHecd5x3fHd7c3t3nHuce5x7e3d7c3t3nHude5x7W3N7d5t7nHuce3t3WnN7d
3t3nHdbc1pze3ebd3t3WnNac3p3e3dbd1t3O3M5bzlvOnM6bxlvGW8ZbxlvGW8Zb
xlvGW74avdq92r4avdq12a3Yrdit2a3YrZilV6VYpZilV6VWnRadFqVWnRadFpTV
lNWVFZTVlNSMlIRShFKEUqUUpRSc05zTrVW1VrWWrVWlFLWXvdi+GLXXrZe12MYZ
zlrOWs4ZxhnF2L3YzlrOWs5axdjGGM5a1pvWm85axlnWmtbb3tvOWs5Z1pve3ebd
3tzWm9ab5t3nHecd1pve3Ocd5x3nHube3t3e3N7d5x7nHu8f5t3e3ebd5x7vXucd
3tznHece5x7nHt7d1pze3d8d5x3e3Nac3t3m3d7d1pzWnN7d3t3e3dbd1pzOnM6c
zpzOXMZbxlvGW8ZbxlzGW8Zbxhu+Gr4athm+GbYZtdmtmK2Yrdmt2K2YpVetV6VX
pZedVp0VnRalVp0WnRaU1ZTVlRWM1YzUhJOEUoRShFKlFaTVnNSc061VtZa9l61W
pRW1l72Yvdi1l7WXvdjGGc5azlnOWcYZvdi9185Z1lrWWsYYxhnOWtab1pvOWsYa
1pre297bzlnOGdab3tznHN7c1pvWm+bc5x3nHdac3tznHecd5x3nHd7d3pze3e8e
7x7vHubd3t3m3ece7x7nHt6c5t3nHuce5x7e3dbc3x3fHece3t3WnN7d3t3e3dac
1pze3d7d3t3W3daczpvOm86czpvGW8ZbxlvGW8ZbxlvGW75bvhq+GrXZvhm2GbXZ
rdit2K3YrdilmKVXpVell6WXnVadFZ0WnRedFpUWjNWU1ZUVlNWM1ISTfFKEUoRS
pRSlFJzUnNOlVbWWtZatVaUUtZa9173Ytdi1l73YxhnOWc5ZzhnGGb4YvdjGWc6a
zpq+GMYZzlrWm9abzlrGGdaa3tve285azlnWm97c5x3e3Nab1pvfHecd5x3Wm97c
5x3nHece5x3e3d7c3tzvHe8d7x7m3d7d5t3nHe8e5x3e3N8d5x7nHuce3t3e3Ocd
5x3nHt7d1tze3ecd3t3WnNac3t3e3d7d1t3Wnc6czpzOnM6bxlvGW8ZbxlvGW8Zb
xlrGWr4athm2GbYZthm12a2Yrdit2a3YrZilV6VXpVelV51WnRadFqVWnRadFZUV
lNWVFZTVlNSEk4RShFKEUqUVpRWlFJzTrVW1lr2XtZatFbWXvdi92L3XtZe92MYY
zlnOWc5Zxhm92L3YxlnOms5axhjGGc5a1pvWm85bzhrWm97c3tzOWs5Z3tve3Occ
3tzWm9ab5t3nHecd1tve3Oce5x3vHuce5t3e3N7c513nXe9e5x3m3Obd7x7vXuce
3p3e3ece5x7nHt7d3pzfHecd5x7e3dac3t3e3d7d1pzWnN7d3t3e3dad1pzOm86b
zpvOm8ZbxlvGm8ZbxlzGW8Zbxhu+Gr4Ztdm+GrYZtdmtmK2YtditmK2YpVelWKVX
pVedVp0WnRadV50WlRWNFJTVlRaM1YzUhJOEUoRShFKtVa0VpRWk1a0VtZe1l7VW
pRW1lr3Yxdi92LWXvdjGGc5azlnOWcYZvhi92M4Z1lrOWsYZxhnOW9ab1pvOW84a
1lvenN7czlrOWt6b3tznHN7c1pvWm+cc7x3nHdab3pznHecd5x3nHebd3tze3O8d
7x3vHucd5tzm3e8e7x7vHt7d5t3nHuce5x7e3d6c5x3nHuce3t3enN7d3x3fHdac
1pve3d7d3t3e3daczpvOm86czpvOW85bzlvGW8ZbxlvGW8Yavhq2GbYZthm2GbXY
rZitmLXZrZitmKVXrVill6VXpVadFp0WpVedFp0WjNWU1ZUVjNWM1ISThFKEUoRS
rVWtVa1VpRStVrWXtZi1l6VWtZe92MXYvdi1l73YxhnOWs5azlrGGcYZvdjGGdZa
zlrGGcYZzlrWm9abzlvOWtab1tze3M5azlrWm97c5xzm3Nab3pvnHecd5x3Wm97c
5x3nHecd5x3m3d7c3tzvXu9e717nHd7d5x3vHu9e5x7e3N8d5x7vHu8e5t3e3Ocd
5x3vHt7d3pze3ecd5t3WnNac3t3e3d7d3t3W3M6czpzOnM6cxlvGW85bxlvGW8Zb
xlvGW74avhq2GbYZthmt2K2YrZit2K3YpZelV6VXpZelV51WnRadFp1XnRaVFYzV
lNWVFZTVjJSEU3xSfFJ8UrVWrVatFqUVrVa1l72XtZetVb2XvdjGGb3YtZe92MYY
xlnOWc5ZxhnGGb3ZzlrWmtZaxhnGGc5a1pvWm9ZbzlrWmt7b3tzOWs5a1pve3N7c
3tzWnNab5t3nHucd1pze3Oce5x3vHucd5t3e3d7d7x7vXu9e5x7e3ecd7x7vXucd
3tzfHece7x7vHucd3tznHecd517e3Nac5t3m3ubd1pzWnN7d3t3e3d6d1p3OnM6c
zpzOm85bzlvOW85bzlvGW8Zbvlq+GrYZthm2GrYZtdmtmK2YtditmK2YpVetWKVX
pVedVp0WnRalF50WlRaM1YzVlNWM1YzUhFN8UnxSfFKtVq1WrValFa1WtZe9173X
rVa1l74Yxhi92LWXvdjGGc5azlrOWsYaxhnF2c5Z1prWmsYZxhnOWtab1pvWW85a
1pre297czprOWdab3tzm3N7c3pzWnObd5x3nHd6b3tznHu8e7x7vHucd3tze3O8e
7x7vXucd3x3nHecd717nXt7c5x3vHe9e7x7nHt7c5x3nHece3t3WnN7d5x7m3dac
1pze3d7d3t3endadzpzOnM6czpvOm8ZbxlvGW8ZbxlrGW8Ybvhq2GrYZvhm2GbXY
rZitmLXYrZitmKVXpVill6VXpVadFp0WpVadFpzVlNSU1ZTVlNWM1ISTfFJ8UnxS
tZe1lrWWrVW1lr3Xvdi9161WtZfGGMYYxhi9173XxhnGWc5azlnOWcYZxhjOWs5b
1pvGGcYZ1lrWm9ab1prOWc6a3tve3NaazlrW297c5xzm3N6b3pvnHecd5x3em97c
5x3vXu9e7x7nHd7c3tzvXu9e717nHt7d5x3nXe9e717e3ecd7x7vHu8e5x3e3ece
5x7nXt7d1pzm3ecd3x3W3Nac3t3e3d7d3tzWnM6bzpzWnNaczlvOW85bxlvGW8Zb
xlvGW74avhm2Gb4Zvhm12bWYrZi12K2YrZilV6VXpZell51WnRWdFaVWnRadFpTV
lNWVFYzUjNSEkoRSfFJ8UrWXtZe1lq1WrZa92L3YvditlrWXxhjGGcXZvZi92MYZ
xlrOWs5azlnGGcXYzlnWm9abzhnOGdZa1pvWm9abzlrOm97c3tzWm85a1pze3ebd
5t3enN6c5x3nHecd1pze3Ocd717vXu8e5x7e3ebd717vXu9e5x3e3ecd5x7vXu9e
5t3nHe8e7x7vXucd3tznHecd7x7e3dac5t3nHucd3tzWnN7c3t3e3d7d1p3OnM6c
1pzWnM5bzlvOW84bzlvOW8Zbvlq+GrYZtdm2GbYZtdmtmK3Ytdmt2K2YpVelV6VX
pVelVp0VnRadVp0WlRWM1ZUVlRaM1YyUhFN8UnxSfFK1l7WXtZatVq1Wvdi92L3Y
rZa918YYxhjGGL3XxdjGGM5ZzlnOWs5axhm+Gc5a1pvWm84azhrWWtab1pvWm85a
zpve3N7c1pvOWt6b5tznHObc3tvem+cd5x7nHt6c3tznHu8e717vHucd5t3m3e8e
917vXuce5t3nHe8e717vXt7d5x3vHu9e7x7nHd7d5x7nHucf3t3WnObd5x7nHt7d
1pze3d7d1t3W3NbczpvOm9bc1pzOW85bzlvOW85bzlvGW8Ybvhq+Gr3Zvhm2GbXY
rZitmLXYrZilmKVXpVelV6VXnVadFZ0WpVadFp0WlNWVFZTWlNWMlIRThFKEUnxS
tZe1l7WXrVatVr3Xvhi92LWXtZfGGMYZxhm9173YxhnOGs5azlrOWsYavdnOWtaa
1pvOWc4Z1lrWm9ab1pvOWs6a3tve29abzlrWm98c5xznHN7b3pvnHecd5x3enObc
7x3vXu9e5x7nHt7d5t3vXu9e717nHt7d5x7vXu9f717m3ebd7x7vXu9e5x3e3ece
5x7nHt7d1p3e3ece5x7e3dac3t3e3d7d1t3W3c6czpvWnM6czpvOW85bxlrGW8Zb
xlvGG74avdm12bYathmt2a2ZrZit2a2YrZilV61YpVelV6VXnRadFp1XlRaVFozV
lNWU1YzUjNSEU3xSfFJ8UrWXvZi1l61WtVa92L3Yvdi1lrXXvhjGWcYZvZe92MYY
zlnOWc5azlrGGsXZzlnWmtaazlnOWdaa1pvWm9aazlrOWt7c3tzWm85a1tve3N7c
5tzenN6b5x3nHecd3tze3O8d7x7vXu9f5x7e3ebd717vXu9e7x7m3ece7173Xu9e
5t3nHe9e71/vXuce3t3nHuce517e3d6c5t3nHd8d1tzW3N7d3t3W3dbd1pzWnM6c
1pzOnM5czlvOW85azlvOW8ZbxlvGGrYZtdm2GbYZtdmtma2YrZmtmK2YpVetV6WX
pVelVp0WnRadFp0WlRWM1ZUVlRWM1YzUhFN8UoRSfFK1l7WXtZetVq1Wvdi+GL3Y
rZa1174YxlnGGb2YvdjGGc4ZzlrOWsZaxhm92M5Z1prWm8ZZxlnWmt6b3pvWm85a
zpre3N7c1pvOWtab5xzm3ecd3tzW3Ocd5x3vHt7c3tzvHe8e717vH+8e5t3m3e9e
717vX+de3t3nHu8e91/vHt7d5x3vXu9e717vHt7d5x7nHu9e3t3enObd5x3nHd6c
1pze3d7d3t3W3dbczpzOnNac1pzOW85bzlvOW8ZbxlvGm75bvhq92bXZthm2Ga3Y
rdit2K3YrZitmKVXrVilV6VXpVaVFZ0WnVadFpUWjNWM1Y0VjNSElHxTfFJ8UnxS
tZe1l7WXrVatVr3Yvdi92LWWtZe+GcYZxhm1l73YxhnGWs5azlrOWsYaxhnOWdaa
1prOWc5Z1prem96b1pvOWs5a3tze3NZbzlrWm+cd5x3nHd7c3pzvHe8e7x3e3N7c
713vXu9e717vHubd5t3vXu9e717vXubd5x7vHvdf717e3ece517vXu9e7x7e3ece
5x7vHt7d3pzm3ece5x3e3d6c5t3e3d7d3t3W3M6c1pzWnNabzlvOW85bzlvGW8Zb
xlvGW74bvhq12b3avdq12a3ZrZit2a2YrZilV6VXpVelV50WlRadFp1XnRaVFYzV
lNWU1YzVjNSEU3wSfBJ8ErWXtZe1l7VWrVa92L3Yvdi1l7WXxhjGGcYZtZi92MYZ
zlrOWs5azlrGGsXZzhnWWtabzlnOWdaa3pvem9abzlrOWt6c3tzWm85a1pvnHOcc
5xze29bb5x3vXe8d3tze3O9e717vXu8e5x7m3ebd9x7vXu9e717nHece717vXu9e
3x3nHu9e717vXucd3t3nHuce7x7m3d6c5t3nHecd3tze3N7d3t3e3dbd1pzOm86b
1tzWnM5bzlvOW85bzlvGW8Zbvlu+GrYatdm+Gb3Ztdit2K2YtditmK2YpVelV6WX
pVedVpUVnRadF50WlNaM1YzVlNWM1YyUhFN8UnxSfFK1l7WXtZetVq1Wvde92L3Y
tZe1l8XYxhnGGbWXvdjGGc5a1lrOWsYaxhrF2cYa1pvWm8ZaxlnOWtab3pvWm85a
zlre3N7c1pvOWtab5xznHecd5tzWm+cd713vHebc5tzvHvce7x7vXuce5t3m3fce
9173Xu9e5x3nHu9e71/vXt8d5x3vXu9f71/nHt7d5x3nHe8e5t3enObd5x7nHt6d
3pzm3ebd3t3e3d7c1pzWnNac1pzOW8ZbzlvGG8ZbxlvGW8Zbvhq92bXZvdq12bXZ
rZitmK3YrZitmKVXpVell6VXpVeVFp0WnVadFpTWjNWU1ZTVlNWMlIRSfFJ8UnwS
tZe1l7WXrVatVr3Yvdi92LWXtZbGGc4Zxhm1l73XxhjGWc5ZzlnGWsYZxdnOGdZb
1pvOWs5Z1prem96b1pvOWtZa3pve3NabzlrWm97d5x3nHebc3pvvHe8d7x3m3Obc
7173Xu9e717nHubd5t33Xvde917vHucd7x7vHu9f717nHe8d717vX+9e517e3ece
717vX+bd3t3nHecd5x3e3N6c5t3e3d7d3t3W3c6c1pzWnNaczpvOW85bxlvGW8Zb
xlvGW74avdm92b3Ztdm12a2YrZit2K2YrZilV6WXpZelV51XlRadFp1WlRaU1ozV
jNWU1ZTUjJSEU3xSfBJ8UrWXtde1l7VWrVa92L3Yvdi1l7VXvhjGGc4ZvZe92MXZ
zlrOGs5bzlrOGcXZzhnWW9abzlrOGtZa3pvWm9abzlrOWt6c3tzWm85a1pvfHOcd
5x3e3dab5x3vHe8d3tze3O8e917vXvde7x3m3ebd9x73Xvde913nHe8e717vX+9f
5x3nHe9e717vXude3t3nHuce7x7nHd7c5x3nHecd3tze3Obd5t3e3d7c1pzOm86b
1pzWnM5bzlvOW8ZbxlvGW8Zbvlu+GrXatdm12rXZtdmtmK2YrditmK2YpVelV6VX
pVedFpUVlRadVp0WlRWM1YzVjNWM1YyUhFN8EnwSfBK1l7WXtZetV61Wvde92L4Y
tZe1lsYZxhnGGbWXvdjGGM5azlrOWs5azhrF2c4Z1lrWms5axlnOWtab3pvWm85a
zlrem97c3tvWWtab5tznHecd5tzWm+8d7x3vHt7c5tzvXfde717vXucd5t3m3fde
9173Xu9e5x3nHu9e717vXucd5x3vXu9e71/nHt7d5x7nHu8e5t3e3Ocd5x7nHt7c
3pze3ebd3t3e3dbd1pzWnNac1pzOW85bzlvOG85bzlvGW8Zbxhq92b3Zvdm92bXZ
rditmK3YrZitmKVXpVelV6VXpVadFZ0WnVadFpUVjNWM1ZTVjNWMlIRTfFJ8UnxS
tZe1l7WXrVatVr2YvdjF2LWXtZfGGcYZxhq92L3YxhnOWs5azlrOWs4axhnGGdZa
1pvOWsZZzlrWm9ab1pvOWs5a3pve3NaczlrWm97d5x3nHd7d1pzvHe8d7x3m3N7c
7133Xvde717vHubd5t33Xvde917vXecd7x7vHvdf917m3ecd717vX+9f5x7e3ece
5x7vHubd3pzm3ece5x3e3N6c5t3m3d7d3t3WnM6czpzWnM6czlvOW85bzlvGW8Zb
xlu+W8Yavhm12L4Zvdm12K3YrZit2K2YrZilV6WXpVelV51XlRWVFp1WnRaU1ozV
lNWU1ZTVjJSEU3xSfFJ8UrWXtZe1l7VWrVa9173Yvhi1l7WWxhjGGM4Zvde918YY
zlnOWc5ZzlrGWcYZxhnWmtabzlrGGs5b1pvWm9abzlrOWt6c3tzenM5a1pvm3ebd
5x3e3dab5x3nHe8d3tzenO8d7x3vXu8e7x7m3ebd7x7vXvde917nHe8d7173Xvdf
5x3nHe9e717vXuce3t3nHuce7x7m3d6c5x3nHecd3tzenObd3t3e3dad1pzOnNac
1pzWnM5bzlvOW84axlrGW8Zbvlu+GrXatdm12rXZtdmtmK2YtZitmK2YpVetWKVX
pVelF50WnRadVp0WlRWM1JTVlNWM1YyUfFN8EnwSfFK1l7WXtZetl61WvZe92MXY
tZe1V8YZxhnGGbXYvdjGGM5ZzlnOWc5azhrGGcYZzprWms5axhnOWtab1pvWm85a
zlrem97c3pvWWtaa5tznHebd3tzem+cc7x3vHebc5tzvHfde717vHu8e5x3m3e9e
9173Xvde5x3vHe9e71/3X+bd7x7vXu9e717nHt7d5x7nHu8e5t3enOcd5x3nHd6c
3pze3N7d3t3W3dadzpzOnNac1pzOW85bzlvOW85bzlvGW8Zbvhq+Gr3Zvdq12bXY
tZitmK3YrZitmKVXpVetV6VXpRadFp0WnVadFpTWjNWU1ZUWjNWMlHxSfBJ8EXxS
tZe1l7WXrZatVr2XvdjF2LWXtVfF2MYZxhm92L3YxhnGGc5azlrOWs4axhnGGdaa
1pvOWsYZzlrWm9ab1pvWWs5Z3pve29aczlrWm+bc7x3m3d7c1pvnHO8d7x3m3Oab
7x33Xfde917vHubd5t3vHvcf9173Xucd5x3vXu9f717nHece7x7vX+9e5x7e3ece
7x7vHubd3pzm3ece5t3enN6c3tze3d7d3t3Wnc5czpzWnNaczlvOW85bzlvGW8Zb
xlu+Wr4atdm12b3atdm12a2YrZit2K2YrZilV6VYpVelV50WlRWdFp1WlRWVFYzU
lNWU1YzVhJR8U3xSfFJ0UrWXtZe1l61WrVa1l73Yvdi1l7VWxdjGGMYZvZi92MXZ
zhnOWs5azlrOGsYZxhnOmtabzlrGGc5a1pvWm9abzlrOWt6c3tze285a1prm3Obd
5t3m3N6b7x3vHfcd5tzm3O8d9x73Hvce7x7m3ebd9173Xvde917m3O8d7x73X/de
5t3vHe8e9x7vXu8d5t3nHe8e7x7m3d6c5t3m3ebd3pzenN6d3t3e3dbd1pzOXM6c
zpzOnM5bzlvOW8ZbxlvGW8Zbxlu+GrXZtdm2GbXZtditmK2YtZitmK2YpVelV6VX
pVedVpUWnRadVp0WlRaM1YzVlNWMlYSUfFJ8EnwSfBK1l7WXtZetVq1VtZe9174Y
tZe1lr3YxhnGGb2YvZjF2c4ZzlnOWsZaxlm+GcYZ1lvWm9ZbxhnOWtab1pzWm9Za
zlre3N7c3pvOWtZa5tzm3ebd5pzem+7d7x3vHebc5tzvHe9d9173Hu8e7t3m3fde
9173Xvce7t3vHfce9x73Xubd5t3vHu8e717nHd7d5x7nHuce3t3WnObd5t7m3d6c
1pze3N7d3t3e3dac1lvOm9aczpzOW85bzlvOW8ZbxlrGW75avhq12rXZtdq12bXZ
rZitmK2YrZitmKVXrVelV6VXnRaVFZUWnVaVFpTVjNWU1YzVjJSElHxTfFJ8UnwS
tZe9l7WXtZetVrWXvdi+GLWXrVa92L4Zxhm92L3YxdjOGc5ZzlnOWs4ZxhnGGNaa
1prWWsYZzlrWm9ab1pvOWs5a3tve3N7bzlrOWubc5tzm3N7b1pvm3O8d7x3m3Obc
7t33Hvce7x7vHubd5t3vHvde9173Hubd7x3vHvde917m3e7d7x7vHu8f7x7m3ece
5x7nHt7c1pzm3ebd5t3WnNac3tze3d7d1pzWnM5bzlvOXM5cxlvGW8ZbxlvGW8Zb
xhvGGr4Ztdm12L4Ztdm12K2YrZitmK2YrZilV6VXpVilV50WlRWVFp0WnRaU1YyV
jNWM1YyVjJR8UnxSfBJ8ErWWtZe1l61WpVW1l73Yxdi9l61WvdjF2MYZvdi92MXZ
xhnOGs5azhrOGsXZxhnWW9ZbzlrGGc5a1pvWm9abzlrOWt6b3tvem9ZZ1lrm3Obc
5tze3N6b5tzvHO8d5tze2+cd9x73Hvce7t7m3ebc9x73Hvde7x7m3ebd7x7vHvde
5tzm3e8e7x7vHuce5t3nHecd5x7e3d6c3t3m3d7d1pzWXN6d3t3e3d7c1pzWm85b
zpvOW8ZaxlrOW8ZbxlrGWsYavhq+GrXZtdm2GbXZrdmtmK2YtZmtmKWXnValV6VX
pVedFpUVlRadFp0WlNWU1JTVlNWM1ISUfBN8E3wSfBK1l72XtZe1Vq1WtZe92L3Y
tZetVr3YvdjGGbXYvde92MYZzhnOWs5azhrGGcYZ1lrWW9ZaxhnOWtZb1pvWm85a
zlrWnN7c3tzOWs5b5tzm3Obc5tzem+bc7x33Hebb5pvu3Pcd9x33He7d5tzenPcd
7x73Hu8e5t3m3e8e7x73Xubd5t3vHe8e7x7vHt7d5x3nHecd3tzWnN7d5x3m3Nab
1lvWnN7c3tzenNaczlvOW85bzlvGGsYaxlvGWsYaxhvGGr4avdm92bXYvdm12bXZ
rZitmK2ZrZitmKVXpVelV6VXnRaU1ZUWnReVFpTVjNWM1YzVjJWElHxSdBJ8EnwS
rVe1l7WXtZetVrWXvdi92LXXrVa918YYxhi92L3XxdjGGcZZzlnOWs4ZxdnF2M5a
1lrOWsYZzlrWm9ab1pvOWs4a3pvem96c1hrWWuac5tzm3N7c1lvm3O7d7t3mnOac
7tzvHe8d7x3nHebc3pzvHu8e7x7vHubd5t3vHu8e7x7m3ebd7x7vHu8e7x7m3ebd
5t3nHt7d1pze3d7d3t3WnNac1tze3N6c3pzWnM5bzlvWW85bzhrGGsYaxhrGGsZa
vhq+Gr3Ztdm12L3Ztdm1ma2YrZitmK2YrZilV6VXpVelV50WlNWVFp1XlRaVFozV
lNWM1YyVhJR8U3QSfBJ0ErWXtZe1l7VWrVa1l73Yvdi9l61WvZfGGMYYvdi918XY
xhnGGc4azhrOGcXZxdjOWtZazlnGGc5a1pvWm9abzlrOGd6b3pvem84Zzhnem96b
5tzem9Za5pvu2+7c5pveWuac7tzu3O7c5tzmnN6b7x3vHu8e7x3m3O7d7x33Hu8e
5t3m3e7e7x7vHucd3tze3ebd7t3enNac3t3e3d7d1pzWnN6c3pzenNac1lzOW85b
zpvOW8YaxhrGG8YaxhrGGsYaxhq92bXZtdm12bXZrZmtmK2YrditmKWYnVelV6VX
pVedFpUVlRadFp0WlNaMlIzVjNWM1YSUfFJ0EnwSfBKtlrWXtZetV61WtZa9173X
vZetVr3XxhjGGL3Xtde92MYZxlnGGcYZxhnF2cXZzlrWW85axhnOWtab1pvWm86a
zlnWm96b3pu81JPOxRT2We5Y1VW8ELtMswqqiapIokiyybsLw4zLzcwOxE/M0d1U
3ZXmF+YY3hnmWe6a7tzu3eab5pzu3e7d7t3m3d6b3tzm3Ocd3pzWW96c3tzenNZb
1lvWm9ac1pzWnM5czlvOW85azlvGGsYaxhrGGsYaxhrGGr3avdm1mLWYvdi12a3Y
rZitmK2YrZilV51WpVelV6VXnVeVFpUWnVaVFpUVjNSM1YzVjNWElHxTfBJ8EnQS
tVa1l7WXrZatVrWXvdjF2L2XrVa9mMXZxdm92LWXvdjGGcYZxhnGGsYZvdm92c5a
zlrOWsYZzlrWm9ab1pvOmsZZ1preWs3YWUZAgmBBeMR4w2BBQEIwASgBKAEoAigC
KAI4AkBBSEFYQmCCYIJwgnCCcMOAw4EDkUSZhaoHskiyibtLw83MT8POu427zcQO
zJHVU9WW1dfV19WWzRTEksSRxBC7z7vOs42zDKsLqsuqy6sLowujDKNMo0yjTauN
q46rz6xQrJGtE7WWtZe1l61XrZeTz1GGcoqc1KVXnVedV51WlNWVFp0WnRaVFYyU
lNWM1YyVhJR8EnwSfBJ8Eq1WtZe1l62XrVa1V72Yvdi9161WvdfF2MYYvdi1l73Y
xhnGGcYZxhnGGcXYxdjOWs5azlrGGcYa1lrWm9abzlrGWc5azlqc1CkFEAEQASCD
OUUxBikFKMUoxSiDMEMwgzCDMEMwgyjEMQUpBTEFMQUxBTEFOQU5BTkFQQRBBVEE
UQVYxGEFaUZpRmlFaUZxRXlFgYaRx6IImgeRh4lGeQVwxWjEYIRYxFCDSINIg0iD
QINIg0iDSENIg0iDSINQg1CDUIJQglCCWIJhA3GGkoqbDHoIOEIwQTCCe06dV6WX
nVedFpTVnRadFp0WlRWMlIzVjNWElYSUfBN8EnwSfBKtVrWXtZe1V61WtVa9173X
vdetVrWXxdjF2L3YtZi92MYZzhnOGc4ZxhnGGL3YzlrOWs5axhnGGc5b1pvWm85a
xhnGGcXYg9ApBSiDMMVBRjlGQYc5hzlGUUeRhqnIqcipiKmHoYizjsWXxhnGGcYZ
xhnGGs4azhrOWs4ZzhrGGsYaxhrGGs4azlvOWs5azlrOWs4azhrOGsYZxdm92b3Z
vdm12bWYrVelFpzVlJSMU4QSc5BjDkpLOckpRiEEGMQYgxCDEEMQQhBBGAEgASgB
MAMoAhABGAEYQmLMpVelV6VWnRaU1ZUWnRaVFozVjJSM1YzVjNSElHxSfBJ8EnQS
rVa1l7WXtZetVq1WvZe92L2YrVa1l73Yxdi92LWXvdi+GMYZxhnGGcYZxhi92M5a
zlrOWsXZzhnOWtab1pvOWsYZxhi911KKKQQxBSiDMQUxBTEFMQUxBGkEqYexx7mH
uYa5hrmGuYbCSO3U7tzu3Obc5pzm3Obc7tzm3O7c7tzvHe8d7xzvHe8c7xzvHO8d
7x3vHecd5tzm3N7c3tze3Nab1pvWm9abzpvWm9Zb1lvWW85bzpzGW74avhm12K2Y
rVidFnOQIUYYxBjEGMQQwxiDEEIQQRgBGIJrTqUXpVelV50WlNWVFp0WlRaU1YyU
lNWM1IyUhJR8UnQSdBJ0Eq1VtZe1l7WXrVatVrWXvZe9l7VWtZe92MXYvdi1l73Y
xhjGGcYZxhnGGb4YvdjOWc5azlrGGcYZzlrWW9ZbzlrGGb4ZtZcxh0oJSgkgxSjF
KMQpBSkEMMSIxLFFsUW5RsFFwUW5RLlFuUXBhtzQ7tvvHO8c7xzu3O7c7xzvHO8c
7x33He8d7x3vHe8d7x3vHe8d7x3vHebc5tze3N7c3tze3M5axhrOWs5azlrOWtZb
1lvWW85bzlvGG8YaxhrGGsYaxdqtVzGHIQQhBCEFIQQgxCDEGIIQQilGnNWlV6VX
nVedFpTVlRaVFZUVjNWMlIzVjNWM1YSUfFN8EnQSdBKtVrWXtZe1l61WrVa1l73Y
vZetVrWXvdi92L3YtZe92MYZxhnGGcYZxhm92L3YxlnOWs5axhnGWc5azlvWW84a
xdnF2b2XGIMYgyDEIQQgxCDEKMQoxEDEoMSpBLFFsQW5BcEFwQXBBcEFwQW5BdPM
5pnm3Ocd5t3m3Obd5x3nHecd5x3nHecd7x3vHe8d7x3nHecd5x3e3N7c3tzenN6c
3pzWnNZbzlvOGs5azlrOWs5axlrOWs5azlrGGsYaxhnGGsYavdlBxyEEIQQhBCEE
IMQQgwhCCEFCCJ0WnVedV51XnRaU1ZTWnRaVFYzVjJSM1YzVhJWElHQSdBJ0EXQS
rRW1l7WXtVetVq1Wvde9173XrVa1l73Yvdi92LWXtdi+GMYZxhnGGcXZvdm92MYZ
zlrOWsYYxhnOWtaazlvOWsXZvdi1lwhCGIMgxCDEIMMgxCDEIMRIhaEEsUW5RbEE
uQTBBMEEwQTBBcDFwQW5BcNK5prm3Obc5tzm3ebd5t3nHubd5t3m3ebd5x3nHecd
3x3nHebd3tzWnN6c3pzWnNZczpzOnM6czlvGGsYaxhrOWsZaxhrGGsYavhrGGr4a
vdm+GrXZSgkoxCjEIMQgxBiEEIIIAQgBQcidFqVXpVedF50WlNWdFp0WlRWU1YyU
lNWM1YSVhFR8EnwSdBJz0qUWtVe1l7VXrVatVr2YvZi9mK1WtZe92L3Yvdi1l73Y
xdnGGcYZxhnGGb3YvdjGWc5azlrGGcYZzlrOWs5axhm92L3YtZcQgyEFIQUgxCDE
IMUgxCDEWMShBrGHsUaoxLDFuQW5BbkFuQW5BbEFsQWpBLqJ3ljem+bc5tzm3Obd
5t3m3ebd3t3e3N7c3tzfHebd5t3e3d6d3pzWnN7c3pzWnNab1pvOW85bzlvGGr4Z
xhrGGsYbzhvGG8YbxhvGG74bvhq12TnIGMQgwyDEIMQgxBiDCAEIAUoJnRadV51X
nVedFpTVlNaVFpUVjNWElIzVjNWElIRTfBJ0EXQRdBKlFbWXtZe1l61WrVa9l72X
vZetVrVWvdi92L3YtZa9173YxhnGGcYZxhm+GL3YxhnOWs5axhnGGc5azlrOWsYZ
vdi9mLVWKUYpRiEFIMQgxCDFKMUgxHDEqQWxRrlGsQWwxbEFuQa5BbkFuQWxBLEE
sQWxBbII3hbem96b3pve3Obd5t3e3dac3pzWnNab3pze3d7d3t3e3dac1pzenN6c
1pzWW85bzlvOW85bzlvOW8YaxhnGGsYaxhq92b4bvhu+G7Yatdk5yBjDGMMYxBjD
GMMYgwABAAFajJ0WnRedF50WnRaU1ZTVlRaU1ZTVjJSM1YzVhJSEk3wSdBJ0EXQS
pRW1V7WXtVetVq1WtZe9l72XrVW1Vr3Xvdi92K2WvZe92MYZxhrGGcYZvdi92MYZ
zlrOWsYYxhnGGc5azlrGGb3YvZi1V2LMMUYgxSDEKQQpBSkFKQWBBakGsUaxBqjG
sQWxBbEFuUWxBbEFsQWxBbEFsQWxhrIJ1VTem9ab3pve3N6c3pzWm9Zb1lvWW9Zb
1pze3d7d3t3Wndac1t3WnNac1pzOW85bxhrOW85bzlvOW8Yaxhq92IPQnJPGG8Yb
vhu+G7XZOcgYxBjEGIMYgxiDGIMIAQABYw2dFp0XnRedFpzVlNWVFpUWjNWM1YSU
jJWElYSUfFN0EnQSdBJ0EqUVtVa1lrVWrVatVbWWtZe1l61WrVa92L3Yvditl7WX
vdjF2cYZxhnGGb4YvdjGGc5azlrGGcYZzlnOWs5axhnF2L3YtVek1SkGIMUgxSkF
IQUpBTEFkQaxBrEGqQapBakFsQWxBbEEsQW5RrEFsQWxBamHqcihiKGIxJHWWtZb
1lvWW9Zb1lvWnNac1pzWnNac1tze3d7d3t3WnNac1pzOW86czpvOW8ZbzlvOW85b
zlvOW7TUYotSCbVWvhu+G7XatdqtmDGIEIMYwxCDGIMQgxiDCEEAAXwRnRadF50X
lRaVFozVlRWU1pTVjNWMlYzVhJWElHxUfBJ0EnQSdBGlFK1WrVatV60WrRa1l7WY
tZetVq1WvZe92L3YrVa1l73YxdjGGcYZxhm92L3YxhnOWs5axhnGGcYZzhrOWsYa
vdi92LWXpRUpBSDFIMUgxSEFIQUxBZmHsYexBrEFqMWpBbEGsQWpBakFsUaxRqlG
qUipyqnKqYmhiKGIu8/WGdZb1pvWm9ac1pzWnNac1pzWnNZc1pzenNac1pzWXNac
1pzWnM6czlvOW85bzlvOW73Xmw6KCpILkku+Gb4athm12rXapVg5iBjFEIQQhBCD
EIMQwxBCCEKU1J0WnRadFpUWlRaM1ZUVlNaM1YzVhJWMlYSVhFWEU3wSfBJ0EnQR
pRW1V7VXrVatFaUVtVe9l72XrVatVr3Xvdi92K2WtZe92L3ZxhnGGcYZxdm9mMXZ
zhnOWsXZxdnGGc4ZzhrGGb3Ytde1lqSTMUYoxSjFKMUpBijFOQWhyKnHqUapRqkF
qQWpBalGqQapBrFHqUehh6HJqgqpyanJqYipiKnJqszN1tab1pzWnNac1pzWnN6c
3pzWnNZb1lvOWs5bzpvOm86bzpvOW8ZbxlrOWsXYo0+JiZHJmcqajaPSxlu+GrYa
rdm12aVXMcgYxBjEEIQQgxCDGQUxyEKMnVedFp0WnRadFpTVjNWVFZTWlNWM1YSU
jJWElYSUhJN8EnQSdBJz0qUVrVatVq1WrRWlFa2WtZe1l61WrRa1mL3YvditVrWX
tdjF2MYZxhnF2b3ZtZi92cYazhq92MXYxhnGGcYZxdi92LWXtVatFUHHIMQgxCDE
KQUpBUEGqcipiLGIqUehBqEFoQWpBqlGoUahR6HIoYihyanJqcmpiaHJqcqqC6pM
qozEktZa3pzenN6c3pzenN6c3pzWW84azhrGGs5bzlvOW85bzlvGGsYZrBCRyZGI
kcmZypoLmky01MZcxlu+GrXZrdidFjGIGMUQxBCDEIMQgxjFnRadFp0WnRadFp0W
nNaU1ZTVlNWU1pTVlNWMlIyVhJSElIRUdBJ0EnQSbBKlFK1WrZatVq0WpRa1V7WX
tZetVq1Wtdi92L3YtZe1l73YxdnGGcYZxdm92L3YxdjGGcYZvdi92MYZxhnGGb3Y
vZi1l61WpNU5hyDEKMQpBSkFKQRZBaGIqci5yLnIqUapBakGqQepR6EHqUehiKGI
oYihianJqcipyanKqguqS6pMqoyrDsUU3lnWnNac3pzWnNaczpvOW8ZaxdnGGc4a
zlrOGsYZtJGZyIkGkUeRSJGJkcqaC5oLtRbGW75bvhu2Gq3ZnVcxiBCEEIQQgxCD
EIMQhJ0VnRadFp0WnRadFp0VlNWM1ZUVlRaM1YzVhJSMlYyUhFR8U3QSdBJ0EnQS
pRStVq2WrValVaUUrZa1l7WXrValVbWXvZe92LVWtZe9mL3YxdjF2MXYvdi9173Y
xhnGGb3YvdjF2cYZxhm92bWYtVetFpyUMUYgxCDEIMQpBSjEYMShR7GIsYixyKlG
oQahBqFHoUehR6FHoUehR6GIqYmpiamJqcmpyaoKqguiS6JLooyijKsNxJPWGNaa
1lrWW9ZbzlvGGsXZxdjF2M3XtFCZyIjFkQaRBpGIkYmZyZHJmcqZysXaxlvGGr4a
thq12aVXOYkYhBCDEIMQghCCEIKVFJUVnRadFp1WnRac1pTVjNWVFZTVjNSM1IyU
jJWMlISUfFN0EnQSdBJsEpzVrVatVq1WrRWlFbVWtZe9l61WrRa1l7WYvdi1VrVX
vZe92L4Yvdi92L3YtZe92MYZxhm92L3YvdnGGcYZvdi1l61WpNWUUykFIMQgxCDE
IMQgxHDEoUaph7nIsYixiKkHoQahRqFHoUehR6FHoUehiKGIqYipiKmIqcmpyqnK
qguqCqIKogqqCaHIoceyyrPNxJHFE81TxRK0UKtNokqJBojFiMWIxYkGkUaRh5GI
kYiRiImImovGW8Zbvhu+GrYatdmlmDnKGIQQgxCDEIMQghCCnROdFp0WnRadVp0W
lRaU1YyVlNWM1YyUjJWMlIyUhJSEk3xTdBJ0EnQSdBKk1a0WrVatVqVWpRWtVrWX
tZetVqUVtZe1l72XrVa1VrWXvZi92L3Yvdi917WXvdjGGcYavdm9mL3Yvdm92bWY
tZetVXuOWoopBCkEIMQhBCkEKMSAg6kEqUW5hrmHucipRqFGoUahR6FHmUeZR6GH
oYehR6lHqUepiKmIoYmpiKmIqYipSKmIqYehR6FHoUahBqEFmQSZBJkEmQSZBJkE
kMWQxYDFeMWBBoEHiUeJR5FHiQeJBqOPxhrGGsYaxhq+Gr3ZrVhByRiEEIMQgxCC
EIIQg5TTlRWVFpUWnRaVFZTVjJSMlIzVjNSElISUhJSElHxTfFN0EnQSa9Fr0WvR
nNStFq1WrVWlVaUVrVa1l7WXrVatFbWXtZi1l61WrVa1l72Yvdi92L3Yvdi1l72X
xdnGGb3Yvdi92b3YvZi1VmrMGEIQASDEIMQgxCDEIMQgxCjEkIOoxLEFuUa5R7nI
qYephqFGoUehR6FHoUehSKnJoUehR6FHqUehR6lHoUehR6FGoUahBaEFoQWhBKEF
oQWhBaDFoMWgxKDEoMWYxZjEkMSIxIDFeQWBBoEGiQaJBokGgMWslMYavhq+Gr4a
vhm92a1XQgkQgxCDEIMIgxCDEIOU1JTVlRWdVp0WlNaM1YzVlRaM1YzVhJSM1YzU
hNR8k3xTfFN8EnQSfBJ0EpzTrVWtVq1WpRWlFa0WtVe1l61WpRW1l7WXtZetVq1W
rZe92L3Yvdi92L3YvZe1l73Yvdi92LWXtZetlpSSIQQIAQgBCAEgxCDEIMQgxCDE
IMQwxJCDqMSwxLEFuYe5yLGIqYihR6FHoUehSKFHqYipiKlHoQahBqkGqQapBakF
oQWhBaEEoQSgxKDEoMSgxKjEoMSgxJjEmMSgxJjEmMWQxIjEgMR4xHjEgQWBBYEF
gMWAxIDFvZjGGsYavhq+GrXZtdmtV0IKGIMQgxCDEIIQghCClNSdFp0WnReVFpUW
lRWU1ZTVjNWM1YyVjJWMlYSVhJSEVHxTdBJ0EnQSdBGUk50UrVatVqUVnNSc1K1W
tZatFaTUrRW1l7WXrRalFaUVtZa917WWrZa1lrWWrVWtVrWYtZitVpzUhBAYgwgB
CAEIAQgBIMQggyDDIMQoxCjEQISYw6DDqMOpBLEFuYexyKmHoUahRqEGoQahBqlG
qUapRqEFoQWhBaEFoMWgxaDFoMSgxKDEmMOYxJjEoMSgxJjEmISYhJjEmIOYg5iD
kIOQhIiEgISAhICEgISAxIDEeMSRx8YZxhrGGr4Zvdm92b3ZrZhCChCEEIQQgwiD
EIMQg5TTnRaVFZUWlRaVFozVjNWM1YzVjNWE1YyVhJSElISUhJN8U3QSdBJ0EmvS
nNOlFa1WrVatVqUVpRW1l72YtZetFq0WvZe9173YtZetVr3XxdjGGb3XtZe+GbXY
tdi1mLWYtZic1CEFCAEIAQgBCAEIASCEIMQgxCDEIQUgxDjEiMSQxJjEoQSgxLFF
sUaxRqEFqUahBZjFoMWYxJkFkQWQxZDEkMSQxJCEmMSYxJjEmMSYxJiEmISYhJiE
mIOYw5iDmIOYg5iDmIOYg5iEkISIg4CDgIR4hHiEgISAhHiEmsy92cYZxhq+Gb4Z
vhm12a2XQgoQhBCDEIMQgxCDEIOU1JUWlRWVFpUWlRaU1ozVjNWM1YzVjJWMlYxV
hJSElHxTfFN0EnQSdBJz0ZzTpNStVa1WrValFaTVrRa1l7WXrVatFrVXtZe1l7VW
rVa1l73Yvdi1l61WvZi9mL2YtVetVqUUOYcIAQgBCAEIAggBCAEghCDEIMMgxCjE
IMRQxYDFeMV4hHjEeMSAxIkFkQWQxJkFmQWRBHjEOMMwwyiDMIMwgzDEOIQ4xDjE
QMRAxEiESIRQhFCEUIRYhFiEWIRgg2CDaINwg3CDeIN4g3iDeIN4g4CDgISAg4CD
gIN4hKQQvdnGGb4Zvhm92b3Zvdm1mEoKGIMQQxCDEIMQgxCDjNSVFpUVlRaVFo0V
jNWM1YzVjJWM1oyVjJWEVISUhJR8lHxTdBJ0EnQSa9Gc05zUrRWtVq1WpRWdFKUV
rZatV6VWpRW1V7WXtZetl61WrZa9mL3YvZitV7WYtZi1mK0WpRVCCQhBAAEIAQgB
CAEIAAgBGIQgxCDEIMUoxSjFaQWZBaEFoQWhBZjEmMSZBZkGkQWAxYkGgMZQhCDE
IMMgwyDDIMMgwyDEIMQgxCDEGMQYxBjEGMQYwyDDGMMYgxiDGIMYgyCDIIQghCCE
IIQggyiDKINQg3BDeIN4g3iDeIS1FbWYtZi1mL3Zvdm92b3ZtZhCChiDEIMQgxCD
EIMQg5TUlRaU1pUWlRaVFozWjNWM1YzVjNWElYSVhFSElYSUhFR8U3QSdBJ0EnPR
nNSc1KUVrVatVqUVnRSlFa1WtVetFqTWrVe1l7WXtZetVrVXtZi9mLWXrVa9mLWY
tZelFVqMGIMIAAgBEEIIAQgBCAEIARiEGMQYxSEFKQUhBHDFmQehBqEGoQWgxKDE
sUapRqkFqUaph6GIWMUggyDEIMQgxCDEIMQgxCDEIMQgxCDEIMQgwyDEIMQgxCDE
IMQgxCCEIIQYhBiEGIMYgxiDGIMYgxiCOINYg1iDYINgg2kFlFGck5RSlBKUUoxS
lJOUlIxTOckQgxCDEIMQgxBDEEOU1JUWjNaVFpUWlNaM1YzVjNWMlYzWjJWElYSU
hJR8lHxTfBN0EnQSdBJ0EZzUnNSlFa0VrValFZzUpRWtVq1WpRadFa1WtZe1l7VX
rRatVrWXvZe1V61WtZe1V61Wa04YxAhCCAEIAghBCAEIAQhCCEIYxBjFIMUhBikG
KMV4xaEGoQaZBZkFmQWYxKkGsUepBqlGqUepiFkHIIMghCDEIMQgxCEEIMQgxCDE
IMQgxCDEIMQgxCDEIMQgxBjEGIQYxBjEGMQYxBjEGMQYxBjEGMMYgzCDYENgg2CD
aISCSq2XrZetl63XrZitmK2YrZmtmEIKEIMQgxCDEIMQgxCDlNSVFZTVlRaU1ZTV
jNWM1IzVjNSM1YSUhJSEVISUhJR8lHRTdBJ0EnQSa9GU05TUpRWlVa1VpRWc1KUV
rVa1Vq1WpNWtVrVXtVe1Vq0WrVa1l7XXrVatFa1WpVWEECDEEIMIQQhBCEIIAQhB
CEIQQxjEGMQYxCDEKQUpBSkFgQWhBaEGmQWZBZkEmQShBalGoUahBalHoYdRBSCD
IMRKCmsPYw9CC1qNUkxKCylHOclByjmJKQcxRykGMUYpBiDFIMUgxSDFIIQgxCDE
GMQYxBjDGII4g3CDeIN4g3iDm021l7WYtZi1mLWYtZitmKWXrVdByRCDEIMQgxCD
EIMQg5TUlNaUlZTWlNaU1oyVjJWMlYyVjJWElISUhJSElHyUfFN0E3PSdBJ0EmwR
lNOUk6UUpVWtVqUVnNSlFa1WtVatFqTVrRa1V7VXrVelFq0WtVe1l62WpRWlFYxR
GMQQgxCCAEEQgxCDCEMQgxjEGMQYxCDFGMQhBSEFIQUgxHkFmQaZBpkGmQWZBZkF
oQWhBaEFoQWhBZFFQQUggxjDnNPvXdabpNX3n97c55+U1eef3x/O3Z1Xvlulmsae
xlxjUaVZrdp8EylJhBSUlXPSQkw5yRCDOENoQ3CDcINwg6RQtZe1mLWYtdi12LXY
tZitmKVXOckQgxCDEIMQgxCDEIOM1IzWjNWU1pTVlNWMlYyVjJWElYyVhJSElISU
hJOEk3xTfBNz0nQSdBJr0pSUlJOlFaUVpValFZzUpNWtVq1WpVWk1aUVrVatVq1W
pRWlFrVXtVetVqUUnJMpRhCDEIMQQxCDGIQQQxCEGMQYxBjEEIMZBBjEIQUpBSDE
IMSAxJjFmQSZBJjEmMShBKEEoMSgxKkEoMWIxTDEIIMgw7VV7xze2pzU757Wm97c
c5DvX85bvZmtV9abYw3nHb2Yg9DnHs5axhqck97dtZa1mIPRa04YgjiDcINwg3CD
cIOtFLWXtdi12LXYrdi12K2YrZilVzGIEIMQgxBDEIMIQxCDlNSU1YyVlNaU1ozV
jJWMlYyUjJWMlYRUhJSElISUhJR8VHQTa9J0E3QSa9GU05STpRSlFaUVpRWc1J0U
pVWtVq0VpNSlFa1WrVatVqUVpRWtVq1XpRaclDnIEIMQgxCEEIMYxBjECEIQgxiD
EIQQQxBDIQUgxCEFIQUgxCjEgMSYxZjEkMSQxJjFmQWZBZjEmMSgxKDEiIQohCCD
KIR7TouPMMJRx8WVnJDOF3NM3prWWMXXtVXGFzGF5xyMUKUU5x3e2+cdpRbW3K0W
1lsxhiDDGII4g3CDcINwg3kFrVW1lrWXtZi1mLWZrZitmK2XpRYpRhCDCIMIQhCD
EEIYg5TVlNWM1ZTVlNaM1oyVjJWElYSVhNV8lISUhJR8lHyUfFR0E2wSbBJsEmPR
lJOUk6TUpRWtFaTVlJOc1KUWrRatFpzUpRWtVq1WpVWlFaUVrVatVqUVWowYgxiD
EIMYhBiEIQYQhAACCEMIQxCECEIQgyDEGMQgxCEEIMQgxHjFkMWQxZDEkMSYxJkF
mQWgxKDEoMSYxHDDIMQYgxjEIMQgwyDEIMMgwyDDIMMgwyDDKMQoxCjEKMQggzFF
MQRBRUnGOURqyUGFe0yUT4POKQQYghiCQINwg3CCcIKBha1VrVetl7WYtdi12LXY
rZitl50VKQUQQxBDEEMQQxBDIMWU1ozVjNWM1ozWjNWMlYyVhJWElYSVhJSElIRU
hFR8VHxTdBNsEmwSbBJj0ZSTlJOlFKUVpRWlFZTUnNSlFa0WpRWc1KUVrVatVq0W
pRWk1a0WpNVzjxjDGMQYxBjEIQUYxSEGCEIAAghDEEMIQghCEIIgxCDEIMUoxSDE
KMN4xJDFkMWYxZjFkMSYxZjFmMSYxKDEmMRwgyCDGIMYwxjDGMQYxBjEGMQYxBjD
GMQYxBjDGMQYxBjEGMQYxBjEGMQYxBjEGMQYgxjDGMMYwxjDGMMQgjiDcENwQ3BD
ggitVq2XrZitmLXYtdi1l62XrZeU1CDEEEMQQxBDEEMIQhCDhFGM1YzVlNaM1ozV
jJWMlYyVhFWMlYRUhJSEVIRUhFR8E3QTa9JsEmwSY9KUk5STnNSk1aUVpRWU05TU
pRWlVqUVnNOdFKUVrVatFaTVnNSc1IQRIQQYhCDEGMUhBSEGGMQhBQhCCAIIAghC
CEIIQhCDIMUYhCDFIMUgxCDDcMSQxJDEkMSYxJDEmMSYxJjDmMSgxJiEaIQYwxjD
GMMYwxjEGMQYxBjEIMQYxBjEGMQYxBjEGMQYhBiEGIQYhBiEGIQYhBiEGIQYwxiD
GIMQgxCDEENAQ3BCcINwg4pJrVW1VrWXtZe1mLWYrZitV6VXhFIYxBBDEEMQQxBD
CEMQQznJjJWMlYzWjNaM1oSUjJWElYSVhJV8VHyUfFR8VHxTfFN0EmvSbBNr0mPR
lJOUkpzTnNSlFKUUlJOU06UVpRalFZzUnNSlFaUVpRWc1JSTlFIpRhCDGMQhBiDF
IQYpRxiEEIMAAQABCAEIAQgBCAEYgyDEIIMgxCDEIMMYw2DDiMSQxJDEmMSYxJjE
mMSYw5jEmQSYxGDDGIMYgxCDGMMYgxiDGIMYgxiEGIMYgxiDGIMYgxiDGIMYgxiD
GIMYgxiDGIMYgxiDGIMYgxiDGIMYgxCDQIJwg3CDcIOLCq1VrZatlq2XrZet2K2Y
pVelV3OQEIMIQghCCEIQQghCCEIIAXPPjJSU1YzVjNWMlISUhJSElYSVhFSEVIRU
hFR8VHQUdBJsEnQSdBJr0ZSTlFOc1KTUpRSlFJSTlJSc1aUVpNWclJzUpRWlFaUV
nNSUk0IJEIMYhCEGIUchRyFHIMYIQxBCCAEIAQgBCAEIARABGIMgxBiDIMQgxCDE
IINIw4jEiMSQxJDEkMSYxJjEoMSYxJkEmMRwhCCCIIMYghiDGMMYgxiDGIMYgxCD
GIMYgxiDGIMYgxiDGIMYgxCDEIQYgxCDEIIQgxCDEEMQgxCDEIMQg0CDaINwg3CD
i0ulVq1WrVatVq1XrZitmKWXpVZSzBCDCIIIQhCCCEIIQghBCAIpRoSTjNWM1YzV
hJWElISUhJSElYSUhFSEVIRUhFR8FHQTa9J0E2vSY9KUk4xSlJOc1JzUpNSUk5TT
nNSdFKUUlJOUlJzUpNWc1JSTWswQgxCDIQUhByDHIQcgxxiFCEMIQggCCAEIAQgB
CAEIASDDIMQgxBjEIMQhBSDEMMR4xIDEkISQhJCDkIOYw5jDmMOgxJiEeMNog2CD
WINYg1iDSINAg0jFSMZAxUDFOMUwhDjEMIMogyBCIEIgQiBCGEIYQhhCGEIYQhBC
EEIQghBCEIJAQmhCaINog4tNpRatV61XrVetV62XrZitV6UWMYcQgxBCEEIQQghC
CEIAAQABCAFrjozVjNWM1oSUhJSElISVhJV8VHxUfFN8VHxUdBN0E2vSbBJsEmPR
jJKMUpSTnNSc1JzUlJOUk5zUpNSc1JSTlJOc1JzUlJR7jxjEEIMQhCEGGQUQhRDE
EIQQQwgCCAEIAQgBCAEIAQgBCAEggyDEIIMYgyDEIMQpBSDDYMSAhIiEiISIg4iD
kIOQg5DDkMOQxIjEgISAg4CEgISAhICDeISAxZFHiUeJR4lHgUeBR4EGcIVog2BD
YENYQ1hDUENIQ0hDQEI4QjhCMEIwATACUEJwQ3BDcIOTjq1VrVatVqVWrZetmK2X
rVeMUxjDEIIQghBCEEIIQghCCAEIAQgBKQaM1IzVjNWElISUhJSElISVfFR8VHxU
fFR8U3RTbBJsEmwSbBJj0YySjFKUk5zUnNSc1JSTlJOc06TUnNSUk5STnNSck4xS
KUUQgxCDEMQYxRCEEEQQQxBDCEIIAQgBCAEIAQgBCAEIAQgBIMQpBSDEGIQgxCjE
MQUwhDiEgISIxIiEkISIhIiEkISQg5CDkIOQg5CDkIOIg5CDkISIhIiEiISZBqFH
oUeZR5lGkQWIxJDEiIOIQoBDeENwQ3CDaINog2CDaIJog2CDYINggmiDcEJwQnCD
k46lFaUWpRalFq1XrZetV6VXUooQgxCCEEIQQghCCEIQQggBCAEIAQgBa46M1IzV
hJSElISUhJSElXxTfFR8VHxUfFR0E2wSa9J0EmwSY9GMk4xSlJOc05zTnNSUUpRT
lJSc1JzUjJKMUpSSjFJKSRCDEIMQxBjFEIMIQgBCCEIIQghCCAIIAQgBCAEIAQgB
CAEIASjEMMUggxiEIMQgxCjFKQQowliEgISAhICDiIOIg4iDkIOQg5CDkIOQg5CE
kIOQg5CDkIOQg4iDkMShRqFHoUehR5kGkMSQw5CDiIOIQ4hDgEOAg4BDeIN4g3iD
eIN4g3CDcIJwgnCDcENwQ5NMpRWlFaUWpRalFqVWpVaMkhjECIIQghCCEEIIQhBC
GIMIAQgBCAEIASkFhJSMlYSUhJSElISUhJSEVHxUfFR8VHxUdFN0EmvSbBNr0mPR
jFKEEpRTnJOc05zTlJKMkpSTlJOU04xSjFKMUmNNGIMYxBjFGMUYhQhCCEIIAggC
CAIIAggBCAIhBikGKUchBghECAIwxDkFKIMgwyDDIQQgxDEFKIQow2CEgIOAhICD
gIOIg4iDkIOQg5CDkIOQg5CDkIOQg5CDkIOQg5CDmMWZBaFGoYehh5kGkISIg4iD
gEKIQohCiEKAQ3iDeIN4g3CDcINwg3CDcINwg3BDaEOTTKUVpRWlFaUVpRWlFZzT
OgkQgwhDCIIIghCCCEIIQhjDCEIIAQgBCAEIAXPPjJSEVIRUhFSElISUhFR8VHxU
fFR0VHQTdBJr0nQTa9Jj0oxSjFGMUpSTlJOUk4xSjFKUU5STlJOMUoRRe9AYxBCD
GMUQxRDFEIMIQggBCAEIAQgBCAAIAQgBKQUxh0KLWw5jUFLOSMVIxTiEGIMYgxjD
IMMhBCkEIIIow1CDcIN4g3iDgIOAg4jDiIOIg4iDiIOIg4iDkIOQg5CDkIOIg4iE
kMWZBqFHoUehRpkFkISIg4CDiEOAQ4CDeIN4g3iDeIN4g3CDcINwg3CDaINog2iD
iwudFaUVpRalFZ0VnNVSjBjEEIMQghCCEEIIQhBCEEIYxBBCCAEAAQgBCAEpBYSS
hFSEVIRUhJSElHxUfFR8VHxUfFR0E2wTbBJsEmPSY9GEUoQRjFKUkpSSlJKMUYxR
jJGUkpRShBF70TnIEIMYxBCDEIMIQgABCAEIAQgACAEIAQgBCAEIASDFMYZKCVqM
WsxSi1CEWMVQRCBCIIMYgxiDIMMhBCDEIIMgxDCEWINog3iDeIOAg4CDiISIg4iD
iIOIg4jDiIOIg4hDiIOIg5DEkMWZBZlHmQaZB5DFiISIg4hDgEOAg4CDcINwg2iD
cINwg3CDaINoQmiCaINgg3pKnNWdFaUVpRWdFWtOGMQIgxCDEIMQQhBCCEEQghCD
GMQQQggBCAEIAQgBCAExh3xTfFN8VISVhJR8U3yTfFR8VHxUdBNsEmwSbBJj0mOS
jBGEEYxRlJKUkpSSjFGMUIxRjFGMUoQQa04QgxDDEIMIQgACCAEIAQgBCAEIAQgB
CAEIAQgBCAEYhCkFOchCCToIMYZQg1jEUIM4QxBCGIMYgyCDIMMoxCDEGIMggyCD
KIMwg0CEUMRgxHCEgISAg4CDgIOIg4iDiISIhIiDiIOQw5DEkMWhB5lHkQeRB4jF
iMWAhHiEeIRwhHCEcIRwg3CEaIRog2iDaENoQmhCYEN5yJzTnNSc1JSTWswYwxCC
EEIQQhBCEEIIQhBDGEIYgyDEEIIIQQABAAEIAQABAAFazIRThFSEVYRUfFR8VHxU
fJR8VHQTdBJsEnQSbBJjkYwRhBGMEYxRjFGMUYQRhBCEEYQRhBF70DnICIMQhAhC
CEMIQxCDGMQYhBCEEIMIQghBCEEIAQgBEEIQQhBCCEEIASACWENgxGCEUIMgQhiD
GIMghBjDGMMgwyDDIMMYwxiDGIMYhCDEIMQoxDCEMIRAhECEUINYhGCEYIRohHCE
eIR4hIDEiQWJh5GIiUeJBokGeIVwhXDFcMVoxWiEaIRghGiEYINgQ2BCYEJgQmBC
cUalE5SSa00xRhiDEIIQghCCEEIIQghCCEIQgyiEKEMohBiDCEEAAQABAAEAAQAB
EIN8UnxUfJR8lHRTfFR8VHxUdFR0E2wTa9JsEmvSW5GEEIQQhBGMUoxRjFGEEHwP
fBB7z3OOYs0xhzFHIQUhBBjEGMQYxBjEGMMYwxiDEEIIQQhCAEEIAQgBCAEIAQgB
CAEgAlhEYIRghGBDSIMYQhiDGIMYgyCDGMMYwxjDGMMYgxiDGIMYgxiDGIMYgxiD
GMMYgxjDIMQgxCDEIMQoxCjEMMQwxDDEMMQ4xDjEOMQ4xDjEOMQ4xDjEMIQ4hDiE
OIM4g0CDQINIQ0BDQENAQjhDQUUgwxiDEIIQghCCEIIQghBCCEMIQhCDIEIwgyiD
KMMYwxCCCEEIAQgBCAEIAQgBWwyEU4RUfFR0VHRUdFR8VHRUdBNsE2vSa9Jj0mOR
hBB8EIQQc45rTWtNawxai0oJQcg5iDGHKUYpRiDFIMUYxBjEGMQYxBjEEMMQwxCC
EIIIQggBCAEIAQgBCAEIAQgBKAJgRGCEYINgg2CEOEMQQhiDGIMYxBiEGIMYgxiD
GIMYgyCDGIMYgxiDEIMYgxiDGMMYgxiDGIMYgxiDGIMYgxiDGIMYgxiDGIMYhBiE
GIQYhBjEGMQYhBiDEIMQgxCDEIMQgxCDEIMQghCDEIIQghCCCIIQghCCEIIQghCC
EEEIQghCEIMYgzhDOIQ4QyiEGMQQgwBBCAEIAQgBCAEIAUHIfFN8U3xUdBN0U3xT
fFR8VHQTbBNj0mQSY9JbkYPQe9BrTjnHMcc5xznHOcg5yEIKQck5yDGHKUYhBBjD
GMMYwxjEGMQYxBDDEIQQgxBCCEIIQggBCAEIAQgBCAEIATACWERYhGCEYIRgxViF
MIMQQhiDEIMYxBjEGMQYxBjEGIQYhBiEGIQghBiDGMMQgxiDGIMYhBiDGIMYgxiD
GIMYhBiDGIMYgxiDGIMYgxiDGIMYgxiDGIMQgxCCEIIQghCCEIIQggiDEIMQgxCD
EIIQgxCDEIIQghCCEEIIQghCCEIQQxCDKINAQ0BDQEMgxBjEEMQIQwABAAEIAAgB
CAEhBXxUfFR0VHQTdBN0VHRUdFNsEmwSY9FkElvRW5F70HvPSkkpRSlFKYYpRilG
KUc5iDnIOcg5yCmHIQUZBBjDGMMYxBjEGMQYxBiEEIIQQghCCAIIAQgBCAEIAQgB
CAE4AlhDYINghGCEYIRgxViFOEMQQhiDEEMYgxiEGMUYxRjFGMQYxBDEGMQYxBjE
GIQYhBiDGIMYhBiDGIMYgxiDGIMYhBiDEIMQgxiDGIMYgxiDGIMYgxCCEIIQghCC
EIIQghCCEIIQghCCEIIQghCCEIIQghCCEEEIQghCCEIIQRCDEMMgQkCEQIRAQ0BD
IMQYxRDFCIQIQggBCAEIAQgBCAF0UnxTdBNsEnQTdFN0U3QTbBJkEmPRZBJb0VuR
e9BrTiEFIMQhBSEFIUUpRSlGMUYpRilGKUYpBSDFGMQYxBjEGMQgxRjEGIQYgxBC
EEIIQggCCAEIAQgBCAEIAQgBQAJgQ2CDaINghGiEaMVghFiEQEMgQhiDGIMYgxiD
EIMYhBjEGMQYxBiEGMQYxBDEGIQYxBjEGMQYxBiEGIMYgxiDEIMQgxCDEIMQgxCD
EIMQgxBDEIMQghCCEIIQghCCEIMQghCCEEEQghCCEEIQQhBCCEIIQghCCEIIQghC
EIMQgiBCOENAg0iEQENAQxiDGIUYxRCECEMIAQgBCAEIAQgBY458VHQTbBJ0EnQT
dBNsEmPSY9JjkWPRW5FTUGtOOggYxBjEGMQgxCDEIQQhRSFFIUUhBSEFIQQYxBjE
GIQQhBjEGMQYxBjEGIMQQhBCCEEIAQABCAEIAQgBCAEIAUhDYIRoRGCEYIRgxGDE
YIRYhFhDSIMwQxhCEIMQgxDDEIMQgxCDEIMQgxCDGIMQgxCDGMQYxBjEGMQYxBjE
GIQYhBiEGIQYhBiEEIQQhBCEEIQQgxCDEIMQgwiDEIMQgxCDEIMQQxBDEEIQQhBC
CEIIQwhCCEIIQghCCEIQgxBDIEIwQjBCQENIg0iDQEMQgxCFGQYYxQiECAEIAQgB
CAEIAVLLfFJ0EmwRbBJsEmwSbBJj0VvRU5BbkFtQU08gwyDDGMMYwxjDGMQYxBjE
IMQhBCEEIQQhBCEEGMQYwxjDGMMYwxjEGMQYxBCECEIIQghBCEEAAQgBCAEIAQgB
CAFIAliEWINYg1CCWENYg2CDWINYQ1iDUINQg0DEKIMYghBCEIMQgxCDEMMQgxCD
EEMQgxCEEIMQgxCDEIMQgxBDEIMQhBCEEIQQhBCEEIMQhBCDEIMQgxCDEIMQgxCD
EIMQgxBDEEMQQghCCEIIQghCCAIIQghCCEIIQghCGEEoQjBCOEJAQ0BDSENIhDhD
EEIIgxDFGMUQhAhCCAEIAQgBCAFCCXPSa9Fr0WPRZBJj0VvRW5BTT1NPU09LDksO
EEIQgxCDEIMQgxCDGMMYxCDEIMQYxBjEGMQYwxiDGMMYgxiDEIMYhBiDEIMQgwhC
CEIIQQhBCAEIAQgBCAEIAQgBIAFIAlBCUEJQQVBCWEJYQ1BCUENQQ1BDUINQg1CE
SMRAhDCEKIQggxhDGEIQQhBCEEIQQhiCEIMQgxCDEIMQgxCDEIMQgxCDEIMQgxCD
EIMQgxBDEIMQQxBCEEIIQhBCEEIIQghCCEIIQghCCEIIQghCCEIIQRBBEAEgAjAC
OEM4QzhDQENAQ0BDSIM4QwgBCEIQgxCEEEMIAQgBCAEIAQgBKUZj0FuPW09bT1uQ
W09bT1MPSs5CzUrNQsxCjBBCEIMQgxCDEIMQgxCDEIMYhBjEGMQYxBjEGMQYwxCD
GIMQgxCDEIMQgxCDEIIIQghCCEIIQgABCAEIAQgBCAEIAQgBIAFAAUgBSAFIAlAC
UEJQQlBCUEJYQlhCWEJQg1CDUIRIxFDFUMVIxUDEQIQ4hDBDKEMgQiBCGAEQARAB
EAEQARBBCEIQQhBCEEIQQghCCEIIQghCCEIIAghCCEIIQghCCEIIQQhCCEIIQghB
CAEIARgBIAIoAigCMAI4QjhCQENAQ0BDQEJAQkBCSMQ5yCEGEMQQhAhDCAEIAQgB
CAEIASDEWw5TDUrMUs1SzVLNSsxCjEKLOktCTDoKOgoIQhCCEIIQQhCCGIIQgxCD
EIMQhBiDGIMYgxiDEIMQgxCDEEMQgxCDEIMQgwiDCIIIQQhBCEEIAQgBCAEIAQgB
CAEIAQgBIAE4AUACQAFIAVABUAFQQlACUAJQQlBCUEJQQlBCUENQhFCFUQZQxVDF
SIRIREhDQENAQjABMAEwASgBMAEwATABMAIwAjACKAIoAigCKAIgAiACIAIgAiAB
IAEYARgBGAEYARgBIAEgASgCMAIwAjACMAIwQjBCMEI4QkBDQENAg0BDQEJAQzBD
IQQpRRCBGMMhBBiDCAEIAQgBCAEpBVKLQkpCSUpKQkpCSjpKOgk5yTHIMcgxyDHH
EEIQQhBCEEIQQhBCEIIQghCCEIIQgxCDEIMQgxCDEIMQgxCDEIMQgxCDCIMQgghC
CEIIAghCCAEIAQgBCAEIAQgBCAEIAQgBEAEoADgBOAFAAUACSAFIAUgBSAJIAkgC
UEJQQkhCUEJQQ1CEWQZZBlDFUIRIhEiEQEI4QjABMAAwATgBOAI4AkACQAJAQkBC
QEJAQkBCOEE4AjgCOAI4AjgCMAIwAjACMAIwAjACMAEwATABMAIwAjgCOAI4QjhC
OEI4Q0hDSIRIQ0BDQEMYAQhBEEIIAQgBGMMpBQgBCAEIARCCQgg5yDnHMYc5xzHH
KYYpRilFKUYpBSlFKQUpBQhCCEIIQghCEEIQQhBCEEIQghCCEIIQgxCDEIMQgxCD
EIIQghCCEIMQgxCDEIMQQghCCEIIQgBBCAEIAQgBCAEIAQgBCAEIAQgBCAEYASgB
MAE4ATgBQAFIAUgBSAFIAUgBSAFIAUhCSEJQg1jEWMZZBlDFSMVIhEBDOAI4AjgB
OAFAAkACQEJAQkBDQENAQkBCQEJAAkACQAJAAjgCOAIwAjABOAE4ATABMAEwATAB
MAEwATABOAE4AjgCOAI4AjgCOAM4Q0CEQIRAhEBDEAEIAQgBCAEQQiEFCEIIAQgB
CAEYgzFGMUUpBCkEKUQpRSkFIQQhBCEEIMQhBCDEIMQQQhBCEEIQQhBCCEIIQghC
CEIQQhBCEEMQQxBDEIIQghCDEIIQghCCEIIQghBCCEIIQghBCEIAQQgBCAEIARBC
CAIQQghCCAEIAQgBCAEQARgBMAEwATgBQAFAAUABQAFAAUgBSAFIAUgCUAJQQ1iF
YQZYxljFUIRIQkACQAFAAUABQEJIQkhCSEJIQkhCSEJAQkBCQAJAAjgCOAE4ATgB
OAE4ATgBOAE4ADABMAEwATABMAEwATgBOAFAATgCOAE4ATABMAE4AkBDQIM4QxBC
EIIIQQhBEEEQghBBEEEQQRBBGIIpAzEEMQQpBCkEKQQpBCkEIQQhBCEEIQQgxCDE
CEIIQghCCEIIQghCCEIIQghCCEIIQghCCEMIQhBCEEIIQghCCEIQQhBCEEIQQghC
CEIIQggCAAEIAQgBCAEIAQgBIQQpRiEFEMQIQggBCAEIARABGAEoATABOAE4ATgB
OAA4ATgBQAFAAUABSAFIQlCEWMZZBlCFSENAAkACQAJAQkBCSEJIQkhCSEJIQkhC
SAJAAkABQAFAATgBOAE4ATgBOAE4ATABMAAwATABMAEwATABMAEwATgBOAE4ATgB
OAIwATABMAEwAThCMEMYghiCGIIYghhCGIIYgiCBIIEggSiBKMMpBCkEKQQpBCkE
IQQhBCEEIQQhAyDDIMMgwwhCCEIIQhBCEEIQQghCCEIIQghCCEIIQghCCEIIQghC
CEIIQghCCEIIQghCEEIIQghCCEIIAQABCAEIAQgBCAEIARiDGMMgwyDDGIIYghBC
CAEIAQgBEAEgASABKAAwADAAOAE4ATgBOAFAAUABSAFIAlCEWMVQhEBDSENAQkBC
SEJIAkACSAJIAkgBQEFAQUABQAFAAUABQAFAATgBOAE4ATgBMAEwATABMAEwATAB
MAEwATgBMAEwATABMAEwADABKAAoADAAMAEwAihCGIIYghiCGIIYgiCCIIIogiCC
IMIgwikEMQQxBCkEKQQpBCkEKQQpBCEDIQQhAyDDIMMIQQhCCEIIAghCCEIIQghC
CEIIQghCCEIIQghCCEEIQghCCEIIQghCCEIIQghCCEEIQQgBCAEAAQgBCAEIAQgB
CAEIAQgBCAEIAQgBCAEIAQgBCAEIAQgBCAEIARABGAEgASgBKAEwATABMAE4AUAB
QAJAAkhCSINIQkBCQEJAQkACQAFAAkACQAJAAkACQAJAAkABQAFAAjgBOAE4ATgB
MAEoATABMAEwATABMAEwATABMAEwASgAMAAwADABMAEwATABKAEoACgBMAIogiDD
IMIgwiDCIMIowyjCKMIowijCKMIpAykDKQMpAyjDKQQpBCkEKQQhBCEEIMQgxBjD
CEIIQghCCEIIQghCCEIIQghCCEEIQghCCEIIQghCCEIIQghCCEIIQghCCEIIQghC
CAIIQghBAAEIAQgBCAEIAQgBCAEIAQgBCAEIAQgBCAEIARABEAEQARABEAEQARAB
CAEQARgBIAEoASgBMAEwATABOAFAAUgCQAFAAUABQAFAAUABQAFAATgBOAE4ATgB
OAE4ATgAOAEwATABMAEwASgBKAEoASgBKAEoASgBKAEoASABIAAgACgAKAAoASgB
KAEoASABIAAgAShBMMIwwzDDMMMwwzDDKMMowyiCKMIowijDKQMpBCkEKQQpBCkE
KQQpBCkEIMQgxCDEIMMggwhCCEIIQghCCEIIQghCCEIIQghCCEIIQghCCEIIQghC
CEIIQghCCEIIQghBCEIAQghCCEIIQQgBCAEIAQgBCAEIAQgBCAEIAQgBCAEQARAB
EAEQQRBBEEEQQRBBEAEQARABEAEQARABEAEYASABIAEgASgBMAE4AjgCOAE4ATgB
OAEwATABMAEwADAAMAAwATgBMAEwATABKAEoASgBKAEoASgBKAEoASABKAEoASgB
KAEgASABIAEgASABIAEYARgBGAEQARgBGAEggijDKMMxAzDDMMMwwzDDMMMowyjC
KMMowyjDKMMpBCkEKQQpBCkEKQQhAyDDIMMgwyDDIMMIQghCCEIIQghCCEIIQghC
CEIIQghCCEIIQghCCEEIQghCCEIIQghCCEIIQghCCEIIQghCAAEIAQgBCAEIAQgB
CAEQAQgBEAEQARABGEEYQRhBGEEYQRhBGEEYQRhBGEEYQRhBGEEQQRBBEAEQARAB
EAEYARgBIAEoASgBKAEoASgBKAEoASgBKAEgASgBKAEoASgBKAEoACAAIAEgASAB
IAEgASABIAEgASABGAEYARgBGAEYARgBEAEQARABCAEQARABEAEQASBBKIIwwjDC
MQMxAzEEMQMxAzEDKMMwwzDDKMMowykDIQQpBCkEKQQpBCkDIMMgwyDDIMMgwyDD
CEIIQghCCEIIQghCCEIAQghCCEIIQghCCEIIQghCCEIIQghCCEIIQghCCEIIQghC
CEIIQggBCAEIAQgBCAEIARABEAEQARABEAAYQBhBGEEYQRhBGEEYQRhAGEEYQRhB
GEEgQSBBIEEgQRhBGEEYQRhBGEEQQRBBEAEQARABEAAYARgBGAEYARgBGAEYARgB
GAEYARgBGAEYARgBGAEQARABEAEQARABEAEQARABEAEQARABEAEQAQgBCAAIAQgB
CAEIARABGEEoQSiBMMIwwjEDMQMxAzEDMQMxAjEDMQMxAzEDKQMpBCkEKQQpBCkE
KQQpBCkEKQMhAyDCIMMgwwhBEEEIQRBBCEEIQQhBCEIIQghCCEIIQgiCCEIIQghC
CEIIQgBCCEIIQghCCEIIQghCCEEAAQgBCAEIARABEAEYARgBGEEYQRhBIEEgQSBB
IEEggSCBGEEgQSBBIEEgQSBBIAEgQSBBIEEgQSBBIEEYQRgBGEEYQRhBGEEYQRhB
GEEYQRhBGEEYQRhBGEEYQRhBGEEYQRgBGAEQARAAEAEIAQgBCAEIAQgBCAEIAQgB
EAEQARABCAEIAQgBCAEIAQgBCAEQARhBIEAogSjCMMIxAzECMQMxAzDDMMMpAykD
KMMowyjDKQQpBCkEKQQpBCkEIQQpBCkEKQQhBCDDIMMQQQhCCEIIQQhCCEIIQghC
CEIIQgBCCEIIQghCCEIIQghCCEIIQgBCCEIIQghCCEIIQQhBCAEIAQgBEAEQARgB
GEAgQSBBKIEogSiBKIEogTCBMIEwwTCBMIEwgTCBKIEogSiBKIAogSiBKIEogSCB
IEEYQRhBIEEgQSBBIEEgQSBBGEEYQRhBGEEYgSBAIEEgQRhCGEEYQRhBGEEYQRhB
GEEQQRhBGEEYQRhBEEEQQRBBEEEQAQgBEAEQARABEAEQARABGAEgQSiBKMEwwjED
MQMxAzEDMQMxAzEDKMIowyjDIMMpAykDKQMpRCkEKQQpBCkEKQQpBCDEIMMgwyDD
EAEIQQhBCAEIAgBCCEIIQghBCEEIQQhBCEEIQQhBCEEIQQhBCEIIQghCCEIIQghB
CEEIQQgBCAEQARABGAEYQSBAIEAogTCBMMIwwjDCOMI4wjjCOMI4wjjCOMI4wTjB
OME4wTiBOIE4gTCBMIEwgiiCMIIogSiBKIEoQSCAIIEggSCBIIEgQSBBIEEgQSBB
IEEgQSBBIEEgQSBBGEEYQRhBGEEYQRhBGEEYQRhBGEEYQRhAGEAYQRhAEAAQQRAB
EAAQABhAIIEogSjBMMIxAzEDMQMxAzEDKQMpAykDKQMpAykDKQMpAykEMMQpBCkE
KQQhBCEEIQQhBCDDIMMgwwgBCEEIQQhBCEIQQghCCEEIQQhBCEEIQQhBCEEIQQhB
CEEIQQhBCEEIQQhBCEEIQAhBCAEIAQgBEAEQARhBGEEgQSiBMIEwwjjCOMI4wjjC
QMJAwkDCQMJAwjjCOMI4wkDCOMI4wjjCOMI4wTjBOMI4wjjBOME4wTjBOMEwwTDB
MIEogSiBKIIogSiBKIIggSiBKIEgQSCBIIEggSCBIIEggSCBIIEggSBBGEEYQRhB
GEEYQRhBGEEYQRhBEEEYQBhAGEAYgCiBKIEwwjDCMMIwwjEDMQM5AzEDMQMxAykD
KQMpAykEKQQpBCkEKQQoxCkEKQQhBCDEKMQoxCjDIMMIAQgBCAEIAQgBCAEIQQhB
CEEIQQhBCEEIQQhBCEEIQQhBCEIIQQhBCEEIQQhBCEEIQQgBEAEQARAAGEEYQSCB
IIEwgTDBOMI4wkECQQJBAkECQQJBAUjCQMJAwkDCQQJAwkDCQMFAwUDCQMJAwkDC
QMI4wjjCOMI4wjjCQMI4wjjCOMI4wjjCMMIwwjDCOMI4wjjCOMEwwTDBKMIogSiB
KIEogCCBIIAgQRhBIEEYQRhAGEAYQBhBGIEYQRhBGAEYQRhBIIEggSjBMMIwwjDC
MMIxAzkDOQM5AzkDMQMxAykDKQQpBCkEKQQpBCkEKQQhBCEDIMMgwyDDIMMggxjD
CAEIAQgBAAEIAQgBCEEIQQhBCEEIQQhBCEEIQQhBCEEIQQhBCEEIQQhBCEEIQRBB
CEEQARAAGEAYQBiAIIEogSjBMME5AjkCOQI5AjkCQQJBAkECQQJBAkECQQJBAkEC
QQJBAkDCQMJAwkDCQMJAwkDCQMJAwjjCOMI4wkDCQMJAwkDCQMFAwkDCQMJAwkDC
QMJAwjjCOMI4wjjCOMI4wjDCMIEwgSiBKIEogSiBIIEggSCBIIEggSiBIIEggSCB
IIEggSiBMIIwgjDDOMM5AzkDMQM5AzkDOQM5AzEDKQMpAykDKQMpBCkEKQQhBCjD
IMMgwyDDIMIgwiDDIIMgwwgBCAEIAQgBCAEIAQgBCEEIQQhBCEEIQQhBCEEIQQhB
CEEIQQhBCEEIQQhBCEEIQRABEAEYARhBIEEggSiBKIIwwjjCOQI5AzkDQQNBA0ED
QQJBAkECQQJBAkECQQJBAjkCQQJBAjjCOMI4wkDCQMJBAkECQQJBAklCSQJJAkkC
SUJJAkkCSQJJAkkCQQJBAkDCQMJAwkDCQMI4gTjCOME4wTjBMMEwwTCBMIEwgSiB
KIEogSjBKIEogSiBKIEogSiBKIEwwjDCMMIwwjDDMQMxAzEDMQMxQzEDMQMxAzED
KMMowykDKQMpAykDKMMowyjDKMMowyDDIMMgwyDDIMMIAQgBCAEIAQgBCAEIAQgB
CAEIAQhBCEEIQQhBCEEIQQhBCEEIQQhBCEEIQQhBCEEQABABGAAYQCBBKIEogTCB
MMIwwjjCOQI5AkECQQJBAkECQQJBAkECQQJBA0EDQQNBA0EDQQNBA0ECQQJJAkkD
SUNRQ0lDUUNRQ1FDUUNRQ0lCSUJJQkkCSQNJA0EDQQNBAjkCOQI5AjjCOMI4wjjC
OMI4wTDBMMEwwTDAMMIwwTDBMMEwwTCBMIEwwTDBMMEwwTDBKIEogSiBKMIwwjDC
MMIxAjkCMQIxAzEDMQMxAzEDMMMpAykDIQMpAyjDKMMowyjDKMMgwyDDIMMgwyDD
CAAIAQgBCAIIAQgBAAEIAQgBCAEIAQgBCAEIAQgCCAEIAQhBCEEIQQgCCAIIAQgB
EAEQARgBGEEggSCBIIIogijCMMIwwjDCOMJBAkECQQJJA0kCSQJJQklCSUNJQ0lD
SUNJQ0lDSYNRQ1FDUUNRQ0lDUUNRQ1FDUUNRQ0lDSUNJQklCSQJJA0kDQQNBA0ED
OQJBAkECQQJBAkECQMJBAjkCOQI5AjjCOMI4wjjCMMIwwjDCMMEwgTDBMMIwwjDC
MIIwwSjBKMEowTDCMMIwwjDCMMIxAzEDMQMxAzEDMQMxBDEDMQMpAykDKQMowyjD
IMMhAyEDIQMgwyDDIMMgwwgBCAEAAQgBCAEIAQgBCAEIAQgBCAEIAQgBEAEIAQhB
CEEIQQhBCEEIQQhBCAEQARABGAEYQSBBIEEggSiCMMI4wjkDQQNBREEDSQNJQ0lD
SUNJQ0lDSUNRQ1FDUUNRQ1FDUUNJQ0lDSUNRRFFDSUJRQklCSUNJQ0lDSUNJQ0lD
SUNJQ0lDSUJJQ0lCSUNJA0kDSQNBAkkCQQJBAkECQQI5AjkCOQI4wjjCMMI4wjDC
MIEwwTDBMMEwwjECMMIwwjDCMMEwwTDCMMIowijCMQIwwzDDMMMwwzEDMQMxAzED
MQMxAzEEMQQoxCkDKQMpAykDKQMowyjDIMMgwyDDIMMIAQgBCAEIAQgBCAEIAQgC
CAEIAQgBCAEIAQgBCAEIAQgBCAEIAQhBCEEIQQhAEEAQARBBGEEggSCBKIIwwjDC
OQJBA0kDSQNJAkkDSQJJQ0lDSUNJQ0lDSUNJQklDSUNJQklCSUNJQ0lDSUNJQ0kD
SUNJQ0lDSUNJQ0lDSUNJQ0lDSUNJQ0EDSUNJQ0EDQQNBA0EDQQNBA0EDQQNBQ0ED
OQM4wjjCOQI5AjkCOMI4wjjCMMIwwjDCMMIwwjDCMMIwwjDCMMIxAjDCMMIwwjkD
OQM5AzkDMQMxBDEDMQMxAzEDMQMxBDDDMQMxBDEDKQMpAyjDKMMowyDDIMMgwyDD
CAEIAQgBAAEIAQgBCAEIAQgBCAEIAQgBCAEIAQgBCAEIAQgBCAEIAQgBCAEQARAA
EAEYQSBBIIEggSjCMMI4wzkDOQM5A0FEQUNBQkEDQUNJQ0lDSUNJQ0lDSUNJQ0lD
SUNJQklDSUNJQ1FDUUJJQ0lCSUNJQklCSUNJQ0lDSUNBA0EDQUNBQ0lDSUNBQ0ED
QQNBAkEDQQNBA0ECOQI5AjjCOQI5AjkCOQI5AjkCOMI4wjjCOME4wjkCOQM4wjDC
OMI4wjjCMMIwwjDCMMIwwjEDMQMxAzEDMQMxAzEDMQMxAzEDMQMxAykDKQMpAykD
KMMowiDDIMMgwyDDIIMggwgBCAEAAQgBCAEIAQgBCAEIAQgBCAEIAQgBCAEIAQgB
CAEIAQgBCAEIAQgAEAEQARABGEEYQSBBKIEwwjECOQI5AkEDQUNBQ0lESUNJQ1GD
SUNJQ0lDSUNJQ0lDSUNJQ0lDSUNJQ0lDSUNJQ0lDSUNJQ0lDSUNJQ0lDSUNJQ0lD
SUNJQ0lDSUNRQ0lDQQNBA0EDQQNBA0EDQQNBA0EDQQJBAkECQQI5AjkCOQM5AzkD
OQM5AjkCOQI5AjjCMMIwwjDCMMIwwjDDMMIwwjDCMMIxAzEDMQMxAzEDMQMxAzED
MQQxAzEDKQMpAykDKQMpAyjCKMMgwyDDIMMgwyDCIMI=
END m9
frame    87 :  a small bag +1.36*  a big bag -4.69   led 255/  0 h1.00 lvl-1.67   MATCH a small bag (cos -0.144)
frame    88 :  a small bag +2.19*  a big bag -3.56   led 255/  0 h1.00 lvl-0.69   MATCH a small bag (cos -0.125)
frame    89 :  a small bag +1.85*  a big bag -3.86   led 255/  0 h1.00 lvl-1.01   MATCH a small bag (cos -0.140)
frame    90 :  a small bag +1.47*  a big bag -4.52   led 255/  0 h1.00 lvl-1.52   MATCH a small bag (cos -0.143)
frame    91 :  a small bag +1.17  a big bag -4.55   led 228/  0 h0.95 lvl-1.69   -
frame    92 :  a small bag +0.80  a big bag -5.23   led 100/ 25 h0.65 lvl-2.21   -
frame    93 :  a small bag +0.80  a big bag -5.32   led  99/ 25 h0.65 lvl-2.26   -
enrol     : a small bag, level -0.13, scatter 0.77 (20 frames, visit 1 of 2)
frame    94 :  a small bag +1.03  a big bag -5.01   led 173/  5 h0.84 lvl-1.99   -
frame    95 :  a small bag +1.27*  a big bag -4.85   led 255/  0 h1.00 lvl-1.79   MATCH a small bag (cos -0.137)
frame    96 :  a small bag +1.27*  a big bag -5.01   led 255/  0 h1.00 lvl-1.87   MATCH a small bag (cos -0.140)
frame    97 :  a small bag +1.04  a big bag -5.03   led 176/  4 h0.84 lvl-1.99   -
frame    98 :  a small bag +1.01  a big bag -4.97   led 164/  6 h0.82 lvl-1.98   -
frame    99 :  a small bag +0.86  a big bag -5.25   led 115/ 18 h0.70 lvl-2.20   -
background: after 30 frames (frozen, room spread), this room reads  a small bag -0.148 +-0.0062 (COCO -0.142 +-0.0317)  a big bag -0.145 +-0.0038 (COCO -0.133 +-0.0262)
frame   100 :  a small bag +1.23  a big bag -4.79   led 255/  0 h1.00 lvl-1.78   -
frame   101 :  a small bag +1.40*  a big bag -4.66   led 255/  0 h1.00 lvl-1.63   MATCH a small bag (cos -0.137)
frame   102 :  a small bag +1.62*  a big bag -4.55   led 255/  0 h1.00 lvl-1.46   MATCH a small bag (cos -0.135)
frame   103 :  a small bag +1.64*  a big bag -4.37   led 255/  0 h1.00 lvl-1.36   MATCH a small bag (cos -0.137)
frame   104 :  a small bag +1.59*  a big bag -4.69   led 255/  0 h1.00 lvl-1.55   MATCH a small bag (cos -0.139)
frame   105 :  a small bag +1.40*  a big bag -4.81   led 255/  0 h1.00 lvl-1.71   MATCH a small bag (cos -0.141)
frame   106 :  a small bag +1.44*  a big bag -4.75   led 255/  0 h1.00 lvl-1.66   MATCH a small bag (cos -0.138)
frame   107 :  a small bag +1.88*  a big bag -4.14   led 255/  0 h1.00 lvl-1.13   MATCH a small bag (cos -0.131)
frame   108 :  a small bag +2.00*  a big bag -3.80   led 255/  0 h1.00 lvl-0.90   MATCH a small bag (cos -0.134)
frame   109 :  a small bag +3.04*  a big bag -2.36   led 255/  0 h1.00 lvl+0.34   MATCH a small bag (cos -0.117)
frame   110 :  a small bag +3.54*  a big bag -1.92   led 255/  0 h1.00 lvl+0.81   MATCH a small bag (cos -0.120)
frame   111 :  a small bag +4.74*  a big bag -0.97   led 255/  0 h1.00 lvl+1.89   MATCH a small bag (cos -0.105)
frame   112 :  a small bag +3.63*  a big bag -0.82   led 255/  0 h1.00 lvl+1.40   MATCH a small bag (cos -0.138)
frame   113 :  a small bag +1.80*  a big bag -0.70   led 255/  0 h1.00 lvl+0.55   MATCH a small bag (cos -0.158)

enrol     : the next 20 frames are 'a big bag'. HOLD THE SCENE STILL until it lands.
frame   114 :  a small bag -0.23  a big bag -1.78   led   0/255 h0.00 lvl-1.00   -
frame   115 :  a small bag +3.49*  a big bag +1.20   led 255/  0 h1.00 lvl+2.34   MATCH a small bag (cos -0.083)
frame   116 :  a small bag +2.39*  a big bag -0.32   led 255/  0 h1.00 lvl+1.03   MATCH a small bag (cos -0.146)
frame   117 :  a small bag +1.83*  a big bag -0.15   led 255/  0 h1.00 lvl+0.84   MATCH a small bag (cos -0.143)
frame   118 :  a small bag +0.98  a big bag -0.94   led 155/  8 h0.80 lvl+0.02   -
frame   119 :  a small bag -0.04  a big bag -1.08   led   0/255 h0.00 lvl-0.56   -
frame   120 :  a small bag +0.84  a big bag +0.52   led 110/ 20 h0.68 lvl+0.68   -
frame   121 :  a big bag +0.97  a small bag +0.33   led 152/  8 h0.79 lvl+0.65   -
frame   122 :  a big bag +1.66*  a small bag +0.24   led 255/  0 h1.00 lvl+0.95   MATCH a big bag (cos -0.134)
frame   123 :  a big bag +1.12  a small bag -0.44   led 209/  1 h0.91 lvl+0.34   -
frame   124 :  a big bag +1.04  a small bag -0.88   led 175/  4 h0.84 lvl+0.08   -
frame   125 :  a big bag +1.28*  a small bag -1.02   led 255/  0 h1.00 lvl+0.13   MATCH a big bag (cos -0.139)

snapshot  : frame 126, mean RGB 120 117 130
BEGIN m9 128 128 32768 d3238032
nJGUkJRQnNKtVK1UpRNrCxjCCEEIAQgBCAIIQxiEIMQQQhBBGEE5hXuOtZTGGMZY
vhe11sYYzlnOmc5ZxhjF186Z1prOWsYYxhjWmtba1tvOm8ZZ1pve297c1prOWd7a
3tvfG9cc1tvO286a1tvfHN8c3xzWm9ab3tzfHN8c1tvOmtbc3tzfHN8c1tvOmtbc
1tze3M6bzpvW3Nbc1tvOms6aztvW287bztvGmsaaxprOmsaaxlnGWcZaxlrGWsZa
xlq+Gb4Zvhm2Gb4Ztdi12LXXtdi12K2XrZellq2WrZallqVWnVWdVaVVnVWdFJUU
lRSdFZ0VlRSU1IySjJKMkpyRlFGMUJzSpVStVFrLCEIIAQgBCAEAAQgBEAEQQiDE
IMQYhBiEGMQYxCmFlJHGF73XtZa92M5ZzpnOWcYYvdfOWc6azpm+GMZYzprW2tba
zprGWdbb3tve29aazlnWmt7b3tve3NbbztvOmtbb3xzfHN8czpvWm9bc3t3nHdbc
zpvW3N8d3x3fHdbc1tve3N7c3tzWms6b1tzXHdbczpvOm87c1tzW3M7cxpvGmsaa
zprGWsZaxlrGWsZaxlrGWr5avhq+Gb4Zvhm+WbYYtdit163Xtditl62XrZatl62X
pZelVp0VnRWdVp1VnRWU1JUUnRWdFZTUlNSMkoySjJOckZRRjFCc0q1UYwsIQQgB
CAEIAQgBCAEIARACIMQpBTFFMUYxhjFFMUYpBSDDUoqtVbWWvdfGGM5Zxhi917XW
xhjOWMZYvde9186Z1prWms6axlnWmtbb3tvWms5Z1pre297b3tzW3M6bzpre298c
3xzfHdab1pve3N7d3x3W3Nab3tzfHN8c3xzW286b1tze3N7czpvOm9bc1t3WnM6b
zpvW3Nbc1tzO286bxlrOWs6axlrGWsZaxlrGWsZaxlrGWr4avhm+Gb4Zvlq2GLXY
tZit2LXYrZetl61WrZetl62XpVadFZ0VpVWdFZ0UlNSU1JUVlRSVFJTUjJKMkoyS
nJGUUJRQnJGMUBBCCAEIAQgBCAEIAQgBEEIYgzFGQchByEoJUkpai2LMa01zjnvO
jFGtFLUUrRStFKTUpRSlFKTTpNOk060UpNStFbVVrVW1VbVVvZa918XXvde918YY
zlnOWc5ZzlnOWc4Z1pre29bb3tzOm86a1tvW298c1tzOm9bc3tze3N7c1pvOm97c
3tze3M6azpvW3N8c1tvOms6bztzW3Nbc1tzOm86azpvOm85bxlrGWsZaxlrGWsZa
xlrGWr4Zvhi+GL4Ztdi12K2Xtdi12K2XrZelV6WXrZell6VWnRWdFZ1VnVWVFZTV
jNSdFZUVlRSU04SShJKEkpyRlFGUUZySOccIAQgBCAEIAQgCEEIQQiDEYsxzTXuP
g9CD0IQQjBGUkpySnJKck5yTnNOc05zTnNOk06TUpRSlFJzTnNOk05zSpRStFa0U
rRStE60UrRSk1K0UpNSk1K0UrRStFK0UrRSs1LUVtRW1VrVWtVa9lrWWvdbGF73X
vdfGGM5Z1prWmtZazlrW29bb3tzOms6b1tze3NbczpvOm9bc1tzW3NbczpvGWs5a
zpvOW8ZaxlrGWsZaxlrGW8Zavlq+Gb4Zvhm+WrYZtdi1mK3Ytdit162XrZatl62X
pZalVp0VnRWdVZ1VnRWU1JTUnRWc1ZTUlJSEUoxSjJKUkZSRjFB7zxBBCAAIAQhB
CEEQQhiDEEJBx4PQjBCMUIxRlJGUkpzSnNKckpSSnNOc05zTnNOc05zSnNOk1K1V
pRWc05zTnNOU05zTpVWtVaUUrVWtVa0UrRWtFa0UrRStVa0UrRStFKTUpNSlFKTU
pRSlFK0VrRSk05yTpJOck5ySg8+tFLVVtVWckrUVvZa9l73XvdfGGMYYzlnOWcYZ
zlrOmtab1pvWm86bzlrOW86axlrGWsZZxlrGWsaaxlrGWr4avhm2GbYZvhm12bXY
rdit17XYrdetl6WWrZetl62WpValVZ1VpVadVZ0VlNSU1J0UlRWU1IzUhJKEkoSS
lJGMkYxQUosIQghCEEIQQhBCGIIYghiCWsuMEJRRlJKckpzTnJKckpySlFGUUpyT
nNOc06TUpNOk06UUrVWtFZzUnNSUlJzUnNSc1J0UpRSlFKUUpRSlFKUUtZa1lq1V
tVWtFaUUpRStFK0UpNOk1KTUpNStFa0VpNOck5yTpNOcknuOrVW91rVWlFKtFbVW
tVatVrWXtZe1VbVVtVW1VbVWtZa1lr3XtZac073Xvde916VVtZa1lrWWvde9174X
vhi+GLYYthi+GL4Ytdi12K2Xtdi12K2XrZelVqWXrZellqVWnRWdFaVVpVWdFJUU
lNSdFZUVlRSM04SRjFGMkpyRlJGMUTnHCEEIQRCCEIIYgxiDGIMYg2sMjBCUUZSR
lJGc05SSlJGUkoxRlJKUkpSSnNOk06TUpNStVa1VpRWlFJzUpRSlFaUVpRWlFaUV
nNSlFaUVnNStFb2XtZatVa1VpNSk1KTUrRW1Vq0VrRWtFa1VrRWlFaTVlFOclKTU
lFJzTq0VvZe1VoxRrRS1VbVVvZa9lr3XxZe1lrWWtZa1lrWWrVW917WWhBCtVbWW
rVV7z5yTnNOlFKUUpRSlFKUUpRSlFKUUpRStVaUVpRWlFaUVpVWtVa1VpRSlFKUU
pRSlFJzUnRSdVZ1VnRWVFJTUnRWU1JTUjNOEUoRShFKckZSRjFExhghBGIIYgxiD
GIMggxiCIINrDJRQlFCUkZyRnJKUkZSSlJKckpSSlJKckpySpNOk1K0UrRSlFKUU
pNSlFaUVpRWlFaUVpRalFqTVpNWlFa0VpRS1lrXWpVWtVqTVpNWlFaUVrValFaUV
rVWlFK0VpRWck5zUnJSc1IxSYsylFL2WtVaUUqTUrVatVrVWtZe9l72XtZe1V7WX
tZe1l7XXxhjGGIxRrVW1lrWWlJKc061VtZa1lq1VrVWtVa1VrVWlFK1VtZatVa1V
rVWdE6UUrVWlFJ0UnNSU05TTlNOdFJTTnNOUkpSSlJKMkpTTlNOU04zThFGEUYRR
nFGUkYxRKUYIQRiDGIMYghiDGIMYgiDDe86MUZRSpNOckpSRlJKUkpSSlJKUk5SS
lJKc05zTnNOlFJzTpNSk1KUUpRSlFa1WrRWtFq0WrVatVaUVrVatFrVWrVatVrWW
rValFbWXrRWlFaTVpNWk1a0VpRWk1KTUpNSck5yUnJR70WLMnNS1V7WXjFOc1KUV
pRW1V7WXtZe92LWXpRW1V61WrVa1l7XXxhiMUZzUtZetVoQRhBGc1J0UrValFZzU
nNSdFKUUpRWlFaUVpRalFaUVnRWU1JUVnRWdFJzUlNOMkoyTlNOU05TTnNOc04xS
jFGMUYxRlJKMUYxRhFGEUZxRlJGUUTGGEIIYgyDCIIMgwyDDGMMgw3vPjFGckq0U
lJKUkZSSlJKUUpSSlJKU05zTnNOc05zUnNOlFKUUpRSc1KUVnNWtFq1XrVatVq2X
tZetVq1WtVetFa0WrVatVrWXtZatVq0WpRWk1KTVpNWlFa0WpRWlFZzUnRSc1JST
lFNjDZzUtZetlpRTpNWlFqUWrRatVrWXtZe1l61WrVetV61XrVe1l8XZg9GclK1W
rVaMk3OPnNSlFaUVpVWU1JTUnRWdFZTUnRWlVp0WnRWdFpTVlNWU1ZTVlNWdFpTU
jJOMk5STlJSUk5TTlJOMk4ySjJKc05TTjJGMUYxRjFGcUZRRlFFKCBiCIMMgwyDD
GMMYgxiCKMSDz4wQnJKlE5RRlJKUUZzTlJKUkpSTlJOc1JzTpNSc06UUnNSlFKUU
pNSc06UVrRatVq1WrVa1l7WXtZe92K1WrVetl61XtZe9172XtZetVq0WpRWlFa1W
rVatV6UWpRalFZ0VpRWk1YQSYw2lFbVXtZeUlK0WrVelFq1XrVetl73ZtZilFq1X
nRalVq2XrZe+GIRSlNStl6VWfBF8EZTUnRWlFqUWnNSU1IzTnRWVFJ0VnRWdFZzV
lNWdFZTVjNWU1ZTVlRWU1YRTjFOMlIzUjNOMk4yTjJOMkpTTnRSU03wQfBB8EIRQ
nJGckZRQWosYgyCDGMMYwxjDGMIYgikFhBCMEYxRnNOUkpzTnJKc05zTnNOc05yT
nNSlFKUUpRSc05zTnNSlFZzUnRWlFa0WrRatV61XrVe1WLWYtVi92LWYtZi92K1W
tZjF2bWXrVatFqUVrVatVrVXrVatFq1WpRWlFqVWnJSUlHOQpRe1mLVXlJStV61X
rVetV61XtZi1mLWYrVetVq1WrVe1mL3YvdmEEqUVrZetV5TVc5Cc1aUWnNWdFpzV
lJSU1Z0WnRWU1J0VnRaVFZUVlRWdFp0WlNWMlIzUhJN8UoyTjJOM05TUlNSMk4yS
jJOU1JTUjFJ8EXwQfBB70JyRlJGMUWsNGMMYwxjDGMMYwxjDGIMxRoQQjBCckpzT
nNOc1JSSnNOUkpzSpNSUk5zTpNStFaUUpRSck6TUpNSlFZzUnRWtFqUWrVe1mLWX
tZjGGsYatdm12cYZtdi92cYZvdnGGa1XrVe1V61XtZe1WK1YrRelF61XpRatV7VY
nNVzj7VXvZi1l5SUtZe1mLVXtZitV7WYvdm92a2YtdmtmK2Ytdm1mK2XjFOlVrXY
rZeMU4QSnNWc1Z0WlNWU1ZUWlNWVFZTVlNWM1J0WnRaU1JTVnRadFpTVhJN8EoyU
hJOMlIyThJOU1IzUhJOMlIzUlNSMk3wQfBB8EHPPdBCckZSRjJF7jxjDGIMYwxjD
GIMYwxiDOYaDz4QQjFGUkpzTnNOUkpSSlJKUkpSSnNSU05zTnNOc05RSnJOk06UU
pNSlFKTUpRWlFrVXvZi1V73ZzlvGGr3ZtZi92b3ZtZjGGcYavdm92b2ZtZe1mLWY
vdi1mLWYtZi1mL3ZvZmtV5zVhBK1V73YtZiclbWYvZm92b3ZtZi92bWYtdi92bWY
vdm92b3Ztditl4RSnVW12K2XnRWEEqVXrZelVqUVpRac1Z0WnRaUlJTVlNWdFp0W
lNWMlJ0WnVaM1HxShFOMlIzUjJSMlISTjJSU1YzUjNSU1ZTUhFJ8EXvRa5Bz0HQQ
nJGUkpSShBAYwxiDGIMYwxjDIMMYwzmHjBGMUYxRjFGUkpSSjFGUkpRRlFKck5yS
nJOUkpzSlJKck5yTnJOc05zTnNOc06VVpRWlVq1WtZe1mMYaxhq1mLWXvdm1mL3Z
xhnGGb3Zvdi92b2YtZi1mLWYtZi1mLWZvdq1mbWYtZic1IxTvdm92b3ZnRa92cYa
vdm+Gr4avdm92b3Yvdm+Gr4avhq+Gr4atdmMlJ1Wtditl4STjNSlVqVXrZilV50W
nRedFp0WlRWU1ZTVnRadFpTWlNWVFpTVlNWMlIxThFOU1ZTVjJWU1YzVlRWVFZUV
lRWM1ISTfFJz0HwRc9Bz0JySlJKMUXvQGMMYwxjCGMMYwxjDGMNByIQQjBGMUpSS
nNOUUpSSlJKUk5STlJOc1JzUnJOck5yTlFKlFJTTnNOc06TUpNWk1KUVrVatVq1W
xdm92bWYvdm1mLWYvdi12L3ZxhrGGb3Zvdm1mLWXtZe1mLVXtZi1mLWYtdm1maUX
nNWMVLWZvdm1mKUWvdm+Gr4atdm12cYavdm92cYbxhrGG8Yavhq+GrXZjJSlV62Y
rZeU1XwSpVetmK1YpVedFp0WlNWU1YyVlNSc1ZTVlNWU1YyUlNWdFp0WjJSMlYyU
jJSU1IzUlRWM1JVWnRadFpUWlNWMlISTfFJr0HQRdBGckpySlFGD0BiDIIMYgxiD
GMMYxBjDQgmEEIQQjFGUkpSSnNOUkpSSnNOckpzTnJOc05yTnNOUUpzTpRSlFJzT
pRSk1KTUrRWtFa1WpVa1l7WXtZjGGb3YtZi92bWYvdm92b3ZxhnGGcYZxhm1mLWY
tZi9mbWYrZi1mLWYtVi1mJzVjFO12b3ZvdqlFr3ZxhrGGr4avdm+GsYaxhvGGsZb
xhq+GsYavdm12YyUrZi12a2YjFOMlJ1XpVetmK2YnVadFpTUlNSU1JTVjJWMlIyU
hJSElJUVlRWVFYzVjJSMlIzUlRWU1Z0WlRaVFpUWlRaVFpTVjNSEU4RTfBFz0HPQ
nJKckpRRe88YwxjDGMMYwxjDGMMYw0IJhFCMUYxRlJKUkpzTlJOc1JSTnNSUkpzT
nNSdFJzTnNOc0qTTpNOkk5zTnROlFZzUpRWlFq1WrVa1173Yvdi92b3ZvdnGGb3Z
vdnGGr3ZxhrOWsYavdi92MYZvdm92b3ZtZm1mbWZpVelF5SUvZm92cYapRe92r3a
vhq92r3avhq92sYbxhvGG8YaxhvGW74atdmMla2ZtdmtmIzVjJSdFqVYpZilV50W
lNWVFZTVjJSMlJTVjJSElIyUhFOUlZTWlNaMlYyVjJWMlIzVlRWVFpUWlRadV5UW
lRaNFYSThJOEU3wSfBJ8EpySlJKUUXvPGIMYxBiDGIMYgxiCIINKCIQQjFGMUYxR
nNOc05SSnNOc05SSnNOc06TTpNOc05SSnNOU05zTnROk06UUpNStFa0VrRalFbVX
tVe1mL3Zvdm92cXZtdm92cYaxhrGGsYaxhq92b3Yvdm92cYaxhq92b3atZm1mbWZ
pRaU1b4Zvdm+GqVXvdq+G73avhu+Gr3axhvGG8YaxlvGG85cxly92r3alJWtWL3Z
rdiMk5TVrVedFqVXpVadFp0WlNWMlJTVlNSMlIzUjJSEk4STjNSM1ZTVlNSU1YST
jNSVFpUWlRadV51WnRaVFozVjNSM1YSUhJOEk3xSfBGc0pySlJJ7zxjDGMQYwxjD
GMMYwxjDSkiMUIwRjBCMUZSSpRSc05zTlJOk1JzTpRSk1JyTnJOc05yTnJKk06TT
pNOc06UUpRSlFa0VrVatVrVWvdi92L4Zvhm92b3Zvdm92cXZxdrGGsYavdm92L3Z
xhvGGsYazhvF2r2ZvZmtWKUWnJW92sYbxhulV73avdnGG8Yavhq+Gr4avhrGW75a
zlvOW74avhm12YyUrZi12bXZlRaMlKVXrVitl6VXpVadFp0WlNWU1IyUlNWU1YyU
hJOElIyUjNWU1YzUlNSU1YyUlRWdFp0WnRadF50WjNWVFYzUhJOM1ISUfFN8U3xT
nJOck5SSe48YgxiEIIQghCDEGMMYw1KKhBCMUYxRjFGMUpRSlJKUUpzTnJOk1JyT
nNSck5STlFKUk5yTnJOk05zSnNOc060VpRWtFa0VtVe1l73YxhrF2b3Zxdm92b3Z
xdnF2c4axdrOW8YavdnGW8YaxhrGGsYaxhq92b2ZtZmlF5zVxhrGW8ZbpVe+GsYb
vhrGG8YbvdrGG8YbvdrGG85cxhvGG7XZtZmMlK2Yvhq12YyUlNWtl62YrZelVp0V
rZedVozUlRWU1YzVjNSU1YyUjJSU1ZTVlNWU1ZTVjJSU1Z0WlRaVFp1WnVaVFZUV
jNWElIzUhNSElITUhJN8UpzTlNOUknuPGIMYgxjEGMQYxBjEGMNbDJzTpRSUkpRR
jFKUkpSSnNSc05zUlJOc05zUnNOc05zTnNOck6TUnNOc05zTrRSk1LUVrRatVq1X
tZfGGb3YxhrGGr4axhrF2sXaxhrOGs5b1lzWXM5bzhvWW8YazhvOW73avdq92rWZ
pRac1cYbzlvGW61XxhrOW85bxhq92sYbvhrGGsYbxhrOXMZbvhq+GrXZlJW12bXZ
tZiMlJTVpVa12K2YnValVqWXlRWM1IzVlNWU1ZTVlNWMlIyUlNWdFpUVjJSU1ZzV
lNWVFpUWnRaU1Z0WlRaVFpUVjNaElIyVjJWEk4SUhJSk05zTlJNzjxjEGMQYxBjE
GMQYwxjDY02tVa1WnNOck5SSlJKc05zTnNOMUaUUnJOclJyUlJOck5zTpRSk1KTU
pNStFaUUrRWtFbVWrRW1VrWXxhnGGb3ZvdnGGr3axhrOWs4axhrGGs5bzlvOG9Zc
xhvOW85cxlvGGsYbvdq92qUXpNbOW85bzlutV8YbzhvGG8YbxhvGG8XaxhvGG8Zb
zpzGW8Zbvhq12pzVtZjGGr4ajFSc1q2YrZitmKVWnRalVp0WlNSU1ZzVlNWU1ZTV
jJSM1ZUVlNaVFpUWnVaM1JUWnRadFpTVlRaVFpUWlRaVFYzUlNWElISTjNWElHyT
nNOc05zTe9AYhBiEGMQYxBjEGIQYw2MMpRStla1VpRSck5zTpNSc1JSSnNOc05yT
nJOc1JSTnNSlFKUUrRWk1KTUrRStVaUUrVWtVbVVrRbF2c4Zvdi92b2ZvdnGGs5a
zlvOW84axhrGGs5bzlzOG85bzlvWnM5bxhvGG8YatZidFqUWxlrOW85brVfGGsYa
zlvGG8YbzlvGGs5bzlvOW8ZbxlvGGsYbvdqclb3Zxhq+GpTVpRalV62YrZilV51W
pVadFZ0VnRadFp0WnReU1ZTVlNWU1Z0WnVaVFpUWnVadVpUVnVaVFozUlRWVFpUW
lRaNFYSUjNSElHxTfFN8k6UUpRSc1HwQGMQYhCDEGMQYxBjDGMNSioySnNOlFJzT
pRSlFKUVnNSc1JRTnJOck5SSnNOk05zTpRStFKTUrRWtFK0VpNOtVbVVtVWtFK1V
vdi1l73Yxdm9mMXZzhrOW85bzlvOG8YbzlvOXM5b1lzGGs5c1lzGG8Ybxhq1mbWZ
nNWk1sXaxdrOG60XxhrGG73axhrGG8YbzlvOXMZbxlvGW74axhvGGr3ZnNW12cYa
xhqEUp0WrVelFq1XrVelVqVWpVadVZ0WpRadFp0VlNWdFZTVnRWdFZTVnRadFpTV
nRadFpUVlRWVFYzUlRWVFYzVhJSMlISUfFOEVHxTfFOlFKUUnNOEEBiDGIQgxCDE
GMQYgxjDWsulE5SSlJKc05zTpRStVaUVlJOck5SSlJKck5zTnJOk06TUpNStFa0V
pNSk061VrVW1Vq0VtVatFb2Xvde918YZxhnF2c4azlvWnNZbzhvWW9Zc1lzOW84b
zhvOW85bxhq92b3Zvdm1WJzWnNbGG84bxdqtV8YaxdrGG8YbxdvGG8YaxlrGWsZb
xhq+Gr4avhq92pTVvhq+GrXZjJSlFqUWrVelFqUVpRalFqUWpRalFpTVnRWdFpUV
lRWVFZTVlNWdFpTVlNWdF5UWlNWVFZUWjNSM1JUWlRWM1IzUhFOEk4SUfFN8U3xT
pRSlFKUUjBAYwxiDGMQgxCDEIMQYw1rLpNOc05SSlJKUkpzTpRStFKTUjFKUk5yT
lFKck6TTpNSklKUVpRWlFaUUrRSk1LVVtVW1Vq0UvVa9l72YxdnGGsYZxhnGGsYa
zlrOW85b1pzWXM4azhrOG8YazlvOW73avdm12bWYrVec1qUXxhvGG73apRa92sYa
xdrGGsYbvdrGG85bxhrGW8Ybvdq+GsYavdmc1b4axlu+GoyUpVelV50WnRalFp0V
nRalFp0WnRWdFZ0WnRWdFp0WnRaVFZUVlNWU1ZTVpVedFp0WlNWM1ZTVjJSU1ZTU
hJN8UnwSfBJ8EnwSfFJ0Ea1VrVWlFIxRGMQYxBjEGMQgxBiEGMNSipSSnNOc05SS
lJKc05zTpNSk1JySlFKUUpSTnJOk1KzVrRWk1K0VrRWtFaTUrVWtFbVWtVa1lrVW
vZe92L3YzhrGGc4azlrOGs4azhrOW85bxhrGGr3ZvdrOW85axhrGGr3Zvdm9mK1Y
nNWc1r3axhu1mqUXvdq92sYbxdvF2sYaxhrGGsZbxhvGGr3atdm+GrXZlNS+GsYa
vdmMlKVXpRalV6UWnRalF6VXnRalF6VXnRadV6VXnVedFp1WlRaVFpTVlNWdFp0W
lRWU1ZTVjNWElIzVlRWEk4STfFN0EXQRfBJz0XPSdBKtVa1VrVWUUhjEGMQYxCDE
IMQYgyDEYsuc0pzTnNOc1JzTnNOlFJRSnNOck5RSnJSUkpyTrRSlFKTUrRWtFa1V
pRStFa0VrVatVbVVrVW9173XtZe92MYZzhrOWs5bzlrGGs5bzhvGGsYavdm92c5b
zlvGG73ZtZi92bWYtZi1mJzVpNbF2sXaxdqlF7XZvdq92r3avhvGGsYaxhq+GsYa
xhq92r3avZm1mJzWtdrGG7XahBOtV61XnNWc1aUWnRWdFp0WnRalV6VXnVadV6VY
nRedF50WnVadFZ1WnVadFZ0WlRWU1YyUjNSM1IzUjJSMlIRThFN8EWuQfFJ0EWvR
rVWtVa1VlJMYxBjEGMUYxCDFIMMgxGLLnNOc061VpRWc1KTVlJOUk5RSnJOck5RS
nJOtFa0UpNStFaUUrRStFK0UpNO1Va0VrVWtFK1Vvde9l73YvdjGGcYYxhnOWs5a
zlvGGs4azlvF2s4axhrOGs5bxhq1mLWYtdi9mLWYtViclaTWxdrF2r3ZtZjGGr3a
xdrF2sXaxhrGG85bxhvGG8Zbvhq+Gr3ZtZiU1b4avhqtmIRSpVadFZ0WnRWc1aUW
nRaU1Z0WpVedVp1XpZelV51WpVedFpzVnRadFp0WlRadFpTVlNWMlIzUjNOM1IzU
jJOMk4RSfBF0EWvRdBFsEa1VrVWtVZSSGMQYxBkEGMQgxCDEGMRai5yTnNSlFK1V
pNSk1KTUjBGUk5yTpNSk1KTUpNStFa0UnJOtFaTUrRStFLVVrVW1Vq0VrRWk1L1W
vZe1VsXYxdjGGc4azhrWW8XaxhrOG84b1lzOW8YazlvGGr3ZvZi9mb3Zvdm92bVY
lJWlF8XbxdrF2q1YxhvGG8XaxhrGGsYaxhvGG73axhvGW8Zbxlu2Gq1YlNW12r3a
tZmEEqUWpValFp0WpRalFqVXnRadFp1WpZelV50WpRadFpUWnRac1Z0VlNWU1ZTV
lNWU1ZzVjNSM1IzUjJSU1ZSUhFN8EnQSa9Br0WvRc9GtVa1VrVWckxjFGIQYxSDF
KMUghBjDUouk1JzTpRSlFZzTpRSc05zTlJOc1KUVpRSlFKUUpNSck6TUnJOk1KzU
tVWtFLWWtVatFaUUtVa1lrVWvZfF2MXYxdjGGcYaxhnOWs4axhrWXM5bxhrGGsYa
vdm9mL3Zvdm9mb3ZtdmtWJzVrVfOW84bvZmtF8YaxhvF2sYaxhvOW8Ybvdq92sYb
zlzOXMYbxdutWJTVvhq+Gq1YhFOlFpzVpRalFpzVnRalF5UWpVet2KVXpRelV6VX
nRalV50VnRWlVqUWnNWU1ZTVlNSdFZUVlNWMlJTUlNSMk4STfFJ0EXQSdBFr0HRS
rVWtVa1VnJQYxRjFGQUhBSEFIMUgxFqLnNOlFKUUpRWlFaUVrVac1JzUpNSk1KTU
pNSk1KTTpNOckqTUrNSk1KzVtVatFa1VrRW1Fa0VtVa9lr1Wvde918XXvdi92c4a
xhrOW85bzhvOW73axhrOGsXaxdrF2r3avdm92b3ZrVeUVK1XzhvGGr3ZrVfGGs5b
vdq92sYaxhvGG8YbxhrWnM5cxhvGG73arVic1rXatdmtl4QSnRWlFaUWpRWlFp0W
pVelV6VXrZit2aWYnValVqVWnVaVFZ0VnVadVZ0VlNSMlJTVlRWU1ZTVlNWMlIzU
hJR8UnwSfBFz0XQSc9Fz0a1VrVWtVZzUIMUYxSDFIMUhBSDEGMRKSZzTnNOlFK1V
rVW1l7WXrValFaUUrRWk1KUVpRSck5yTpNSc06TTpNOtFa0VrRWtFbVWrRW1VrVW
tVa9l72XvZe9l72YvdjF2c5azhrOGs4bxhrGGsYaxhrGGsXaxdrF2b3ZvZm9mbVX
lFStF84bzhu9mbVYzhvOG84bxdrF2sYaxhrGG85bzlzGG8YbxhvGG61YlJW12bXZ
pRZ70ZzVpRatV6UWnNWc1aUWpRatV7WYrZill62YpVelV6VXnRaVFp0WnRaU1ZTU
lNSMlIzUlNSU1YyUlJSMk4yThFJ8EXPRdBF0EXRRdBGlFK1VrVWclCDFGMQhBSEF
IQUZBBjESkqUkpzTnNOlE61VtZe1lq1WrVatVrVWrVa9173XrRWk1KSTrRSk060U
rRWtVa0UrRStFLVVtVWtVb1WrNW1V72XvZe1l72Yxhm92cYazhrOGs4axhrGGcYa
xhrGGsXavZm1WLWYtZm1mIxTrVjOG84bvZm1WM4b1lzOHMXaxhq+GsYazhvOW8Zb
xhrGWsYbvhqtV5zVtVitV6UXe9Kc1qUXrZidFqUWpRalFq1XrZitWLWZrZilV6VX
pVedFp0VnRadFp0WlNWM1YyUlNWM1IzUlNWM1ISTfFKEUnQRdBF8UmvQdBF0EWwQ
rRStVaVVlJQgxRjFIMUgxSEFGMQYxEIJnNOUkpyTpNStFbWWrVW1lrXWrZatVrWX
xdi917XXrVWtVaTUpNStVbVWrNS1VbUVtVatFbVWrRWtFbVVrVW9l7VWtVe9l72X
zhnOGcYaxhrGGsYaxdq92cXaxdrF2r3ZtZi9mbVYrReME61XzhrOW72ZtZjOW85b
1lzGG8Ybvdq92sYaxhq+Gr4axhrGGsYapVaUla2YrVic1nvSnRelF6VXpRadFqWY
rZell62YrZill62YrZitmKVXpVedFpzWpValFpTVlNSU1ZTVnRaU1ZTVlNWMlHwS
hFN8UnwSa9B8EXxSa9B0EaUUrVWtVZzUIMUgxSDFIMUhBRjEGMNKCJyTnJOc1KUV
pVWtVq1WtZatVaUUpNStFb2WtVW9lr2WrRWtFa0VtRatFbUVrNS1Vr2WtVatFa1V
tVa1FrVWtVa9VrVVvZfF2b2YxdnGGcXZzhrOGr3ZxdnGGsYavdm12bWZtVi1WK0X
hBOtV8Ybzhu92b3azlvOW85cxlvGG8XaxhrGGsYaxhq92r3axhvGG6UWnNW1l61X
nNV70pzWpRalF6UWpRalV6VXrZitmKVXrVetmKVXpVatl50VnRWlVp0VlNWdFZTV
jJSU1ZSUjJOU1ZTVhJOEU4RTc9J0EnQRa498EXwRc4+lFK1VrRWc1CEFGMQhBSEF
IQUYxBjEQgmlFKUUpRStVrWWtZa1lq1WrVa1l6UVtZe9161VtVW9l7VWrRWtFa0V
rVWk060VtVa9VqzVtVatVrVVtVW1Vr2WtVa9l72XvZfF2cXZvdnOGs5azhrOGsXZ
xhrF2r3ZtZm1mbWZtVmk14xUrVfOG84bvZm9mc5czlzOXMYbxhvGG8YaxdrF2r3Z
vdq92r3avdqtV5TVtZi1mJTVfBKlVqUWpVetmKVXpVetl6VXpVetWKVXpVell6VX
pValVqUWpRadFpzVlJSU1JTUjNSMlIzUjNSM1IyThFOMk4RTc9Fz0XvRe9FrkHPR
pRStVa1VnNQpBiDFIQUhBikGIMUgxEHIrRSc1K1VrVW1lq2WrVatVq1WtZa9173X
vdetVaUVtVatFbVWtZa1lq0VtVatFbVVtVW1FbVVtVW1VbVVtVW9lsWXtRa1Vr2X
tVfF2b3ZxdnOWs4ZzhvGGr3avdq9mb2ZvdmtWK0XrVeMU72Z1pzOW72ZvZnGG85c
zlvGGs4bzhvF2r3avZm92b3avdrGGr3anNWc1a2YtZic1nvSpNalFq0XrVetl62Y
pVetmK2YpVelV61XpRalFq1XpRalFaVWpVaU1ZTUjJSElJTVjJSU1ZTVjJSEU4yU
hFN8EnwSfBJ70XPRc9Brj6UUrVWtVZzUKQYgxSEFKQUpBiDFGMVByK1VpRStVK0U
rVWtFa1VrRWtFbVWrVa9173XpRWlFaTUrRW1FbVWtVW1lq0VvZetFbUVpNO1VrUV
rRW1VrVWvVa9lr2WvZe9l72XtZe92MYZzhrOGs4azhrOGr2Zvdq92rVYtVitF60X
nJW9mdZc1ly9msXazhvOG84bzhvOG85bvdm9mb3ZvZm92cYaxhrF2aUWnNa1mLWZ
nNV70aUWpRalFq1XrVetmK2YpVedV6VXpVelV51WnRadFqVXpRadFqUWpRaUlJTV
jJSMlIyUlJSMlIyTlNSMlIRThJN8EnwSfBJjT2OQc9GlFKUUpRWk1ClGGMUhBiEG
IMYYxRjEOcek1KTTnNOdE61VrVWtFa0VrVWtVa1WrRW1Va0VrRStFbUVrRW1FbWW
rRS1Vb2WtVWtFa0VrRStFa1VtRW1Vr1WvVa1Vr2Xxdi1l7WXvdi92MYZxhrGGs4a
zhrOGsYavdm1mK1XrVelFoxTvdnWXM5cvZnGG9Zc1lzOW84bzlvOW8Yaxdq92r3a
vdm1mb3Zvdmc1K0XtZi1WJzVhBOk1qUXpRelF61YrZilV62XpVedFqUWrVelFqUW
pRalV6VXnRaVFp0VpRadFpTVlNWc1YyUjJSMlIyUjJSEU3wTfFKEU3PRc9Fz0WuQ
pRSlFaUVnNQxRyDFIQUhBSEFIQUYxDHHnROUkpSSnNOlFK1VtZatVqUUrVac1K1W
rRalFa1VrRW1VbVWtVW1lr2WpNO1VazUtVas1LUVrRWtFbVWtVW1VrUVvVa9l8WY
xdi1l73YtZi92cXaxdnGGtabzhrOW8YavZi1mLVXpNaMU8XZ1lvWXL3ZzlvWXNZc
1lzWXNZczhvF2sXaxdrF2sXavdm92rWZnNWlFrWYtZiUlIxUpRetV61XpVelF61Y
rZilWJ0WnRac1Z0VpRalFp0VpValV50WlNWc1ZzVnRaU1ZTVlRaMlYyUhJOMlIyT
fBGEUoRTfBJ8EXPQc9Fz0aUUpRWtFaTVMYggxSEGIQYhBiEFGMMxRqTTnNOUkqUU
nNOlFK0VrRW1VaUUrRWk1LVVrVatVbUVrRS1VrVWvZe1VrUWrNSs1KzUtRW1FbUV
tRW1VrVWrRW1VrVWvZfF2L2XvZe9V7WXvZi9mMXZxdnOGs4bzhq92b3ZtZi1maVX
jFS92dab1py92c5b1pzenc5bzlzOXMYavdrF2r3ZxhrGGr3Zvdm1mIxTrVe92a2Y
lNWMlZ0WpVetV61XrVetV6VXpVelV50WpVedFqUWpRalFqVWpValVp0VnRWdFZzV
nNWU1ZTUlJSM1IzUhFOEU3wSfBKEE4RTc9F8EnwRdBGlFKUVpRWk1DnIIMUhBSkF
KUYhBSDEMUalFJTTpRSlFKUUpNOk07VWtZatVaUUrVWtVrWXtZe1Vq0VvZa91r2W
tVWck60VrNS1Fq0VvVa9VrUVvVa1VbVVrRW9Vr1WvZa9l7VXvZe9V72XvZi9mcXa
xhrGGsYavdm9mb3ZvdmtFpSUvZnOG9acxdrOG9ad1pzOW85czlvGGr4axdrF2r3a
vdrGG7XZrVeUlbWZtdm92ZSUjFSlFqVXrVetmKVXpVetWKVXnRalV6WXnRalV6VX
nRalVqVWnRalFpzVlJSc1ZTVlNWU1YzVjJSMlIyUhFOElISThFN8EoRTdBFz0HwS
pRSlFaUVpRRBySEGIQUpRilGIQUYxDGHrVWtVaUUpRSlFKTUrRStVbWWpNStFa1W
tZa9l7VVtVW1Vb2Xxdi9VqTUrRStFbUVrNW9Vr1WvVa9VrUWtVa1Fb2WtVa9lsXY
tVa9l8WXxdjF2MXYxdnN2cYaxhrGGr3avdq92sXatVeUlMXZ1lvWXL3ZzhvWXNac
zlvOW85bzhvF2sYavdq92r3avdm9mbVYjFO1mb3atdmU1ZSUpRatV61XrVelV6VX
pVelF6UWpRatV6UWpRWdFqVXnRalFqUWpRalFZzVlJSU1ZTUnNWMlJSUjJSEU4ST
jJR0EYSTfFJ0EXQSa9Fr0aUUpRSlFKUUSkkhBSEFKUYxRilGGMQxRrWXrVa1l61V
pRWlFaTUrRW1Vq0VrRS1Vq0VtZatVbWWvZfF2MXYtZa1Vq0VtRatFb1WtRXFl71W
tRW9Vr1WxZe9Vr1WxZe9Vr1WvVa1Vr1XxZfN2cWYzdnWGsXZxdrGG73axhvGG61Y
nJXF2s4bzhu1WM4b1lzWXM5bzlvOW85bxhvGG8ZbvhrGGsYbvdq1mJSUrZi12b3Z
lNWU1a1XrVetV61XpRalF6VXpRadFqVXpVelV50WnRadFp0WnRadFqVWnRaU1ZTV
lNWMlJTWlNWU1YyUjJSEk4yUhJN8UnxSfFJr0HQRc9GlFKUUpRSlFEpKIMQhBSlG
KYYpRhjDKUWtVbWWvZa9l7WWtZa1lq0UrRW1Va1VrRW9lrVVtVa1VsXYvde9173X
tVW9l7VWtVWtFb1WtVW9Vr1VvZfFl83YvZe1Vr2XvZe1Vr2XtVa1l71WxZfFmMXY
zhrGGsXaxdrWG84axdq1WJyVxhvOG8YarVfGGs5bzlvGG9aczlvOG8YaxhrGGsYb
xhvGGs4bvdmMU61YtZitV5SUnNWlV7VYrVelF6VXrVelFqUWpRalFq1XpRac1aUV
pRalFp0WpRadFp0WlNWU1ZSUlNSU1ZTVlJSMk4RTlNSElHxTfFN0EmvRdBJr0WvR
pRSlFKUUpRRSiyEFIQUpRilGKUYYxCEEpNS9lr3Xvde1lrWWvdjF172XtZe1lrVW
tVa1VrUVxdfF173Xvde9172WtVW1Vr2WvZe9VrVVtVW9VcWXxVbFl7UVvVbFV71W
xZe1VrVWtVe9l8XXxZjF2c4axdnGGs3axhrOG8YarVec1cYbzhvGGq1XxhrOW8Yb
zhzOHMYbxhq92r3Zxhq+GsXazhvOG72alJWtWLWZtViUlJyUpVatV60XrVelF5zW
pRalFqUWpRalFpzVnNWU1ZzVpRWdFZzVpValVp0VnRWdFYyUjJSU1YyUjJSMlIyU
jJSElHQSfFNz0WuQdBJ0EqUUpRSlFKUUWsshBSEFKUYxRzFHGMUhBIxRtZa9173Y
vdi9l72XvdfF17WWtZa1lrVWrRW1lr2XvZe9l72Xxde9lsWWtVW9lsXXvZa1Vb2W
vZbFl72XtVW9l7VVvVa9l7VWtVW1VbWWvZa9VsXYzdnN2c4azhnGGsYazhvOG7WY
nNbOG85bzhq1V84bzlvOW8YbxhrGG8XaxdrF28XaxdrOG84bzlu92pSUvZi1mLVY
lJSc1aVWrVelF6UWpRelFp0VpVelFp0VlNWc1ZzVnNWdFpzVnRWdFp0VpValVp0V
lNSc1ZTVjJSM1YRTjJSMlIRTfFOEU3wSdBGEU3PRfBKlFKUVpRSk1GLNIQUYxSlH
KYcxRyDFIMSD0LVVvZe9mMXZxhnGGMYYvde9173XvZatFb2WtZa917WWxdfF172X
xdfF18XXzhjOGLVVtVW9lr2WxdfF172WtRS1Vb1WrVW9l7VWtVW9Vr1WxZe9lsXY
zhnF2c4axhrOGs5bzlu1mJzVzhrWW85brRfGGs4axhrOGsXaxdrF2sXaxhrGGsYa
xhrOW8YatZiUlK2YtZitl4xTnNWlFq1XrVetV6VXrVetV61XrRalFaUVnRWdFZzV
nNWdFp0WnRadFZ1WlRSU1ZUVjJSU1YyVhFOMlIyUfFOMlIRThFOEU3QRdBJ0EnQS
pNSlFaUUnRRrTikGIMYpBjFHMUcgxCDFc46tVq1VtZa92L4YxhnOGb3Xvde92L2X
tZe1lr3XtZa918YYxhjF2L3XxdfF184YxdfF171VxdfF172Wvde9Vr1WtRW9FsWX
tRW9Vr1VvZa9lsXXxhjF172XxdjF2cXZzhrOGr3ZtVec1c4bzlvWXLVYzhrOG84b
xdrF2cYaxdrF2s4bzhvGGs4axhvGGrWZjBO1mb3ZrVeEE5zVpRatmK1YpRelF6UX
pRatV61XnRadFp0VlNWc1Z0WnRadFZ0WnRalF5TVlNWU1ZTVjJOMlIyUhJSEU4yU
jJSEU3wTdBJ0EnQSY5B0EpzUpRSlFKTUc08pBhiEKQYpBilGGMQYxWtOpRWlFK1V
tZe92MZZzlrOWcYYvdfF172Xxde91sXXvdfF2MXYzhjF2MXXvZbFl9YYxdfF183Y
xZbFlsXXxdi1VcWXxZe9VsWXxZfFl83YxZfN2MXYxZe9Vr1WzdjOGsYZzlrF2a1X
nNXOGs5b1lytV85bzlvOW8YaxhnF2s4bzlvOW84bxhrGG8YavdqtWIxTtZi92bWY
hBKUlKTVrRelF6UXnRelF6UXlNWc1aUWnRac1pzWnRadFZ0WnRWdFZ0WnRaU1Z0W
lNWMVIyUhFOEU4yUhFOMlJTVhFR8EnwSdBJrkXPRa9Gc05zUpNSc1IPQIMUgxSEG
IQYpBiDEIMNizKUVpRWlFa1WtZe92M5a1lvOWsYZzhjGGMXXxdfF183Yxdi9l84Z
1hnOGcXYzhjWGc4YxZbN2M3XxZfF18XXzhjFlsWXxZe9VsXXxdfF18XXvVbF18XX
tVa918WXzhnOGtaczlulF5zVxhvOG85btVjOG9ZczhvGGsXaxhrOG9Zc1lzOGsYa
xhrF2b3ZtViMU7XZvdm1mIxTnNWc1Z0WpRedFqUWrVedFZzVpRalFqVWpRac1ZzV
pRWc1ZzVpRaU1ZTVnNaU1ZUVlNWMlJTVjJWMlJTVjNR8UoRTfFNz0XPSc9JjUGuR
nNOc1JzUnNSMUhkEGMUgxSEFIQYgxBDDSgmlFZzTpRWtVrWXvde9l85azlrWmtZa
zlnOGcXYxhjF2L2XvZfF2NZa1lrOGcXY1lnF19YY1hjWGc4YzdjWGc3YzdjN2MWX
zdjF184YxdfF2MWXxZfF2MXYtZbF2MXYxhnOGsXYpRWc1c5bzlvWnbWY1pzOXM4b
zhvGG8Xa1lzWXM4bzlvOW8Ybxhq92rVYlFS1mb2ZvZmMU5SUnNWdFqUWpRalFqUW
nRac1ZzVpRalFqUVpRalFp0VnRadFpTVlNWU1ZTVlNWc1pTVlNWU1YyUjJSU1YRT
hFR0U3QSfFNjkWORa9JbUJzTnNOc05zUlFMgxhiFIMUgxSEFGMQQgzGHnNSc1JyT
pRStVbVVtZa9185ZzlrWm85ZzhnOGc3Yxdi9lr2WxZfOGNZZzdjN2MWXzhjOGNZZ
1lnWWM4YzhjOGM4YzhjN2MXXzhjN2MXXzdfFl84YxdjN2MXXxZe9l72XvZe1l6TV
pNXWW9Zb1ly9mc5bzlvOG84bzhrOGs5bzlvOW84bzlvOWr3Zxhm9mIxTrZi92bXZ
jJSdFqVXpRelF6UWpRelF50WlNSc1Z0VnRWlFqUWpValFZTVlRWdFpSVlJWc1oyV
lNWVFZUWlRWU1YRTjJSMlHxSfFN0EnQSdBJr0WvRa9Kc05zTnNSc1JSUKUcYxSDG
IMYhByEGGIQhBZzUnJOck5zTnNOtVaUVtZe92M5azlrOWtaa1prOWc4YzhjOGM4X
vZbN2M3YxdfOGMXXzhjWGNYY1lnWWdYZzdfeWdZZzhjWGdYZ1hnV2M3YzdjNmM3Y
zdjFl83Yxdi1VrVXtVek1q0X1pzWnNactVjWXNZbzhrWW9aczhvOG84bxhvGGsYa
vdq9mb3ZrVeUlK1YvZm92ZSUpRetV6VXpVelF6UXpRalFpyUlJSc1ZzVnRalFpzW
nNWc1pSVlJWc1ZSUlJSU1ZTVnNWdFYzVlNWU1YRTjFSMlHxTdBN0EmOQa9Fr0VuP
nNOc05zUnNSUlDGHGMUhBikGKQYhBhCDGMN70JzTnNOc06TUnNSlFa0VtZe918YZ
zlrOWtab1prWWs5ZzhjF2L1WxZa9lsXXxdfOGMXXxdfN2M4Z1lnOGM3YzhjeWt5a
3hneWdZZ1hnWGcXYzhjN2MWXxZfFl8XYvVe1Fq1WpNWlFt7d3t3OnK1YxhvOG8Ya
xhrWW85axhrGGsYaxhrF2cXavdm92bXYjFO1mL3ZvdmUlKUXrVitWK1XpRatF6UW
pRac1aTWpRadFp0WnNac1p0WlNWU1ZUWlNWMlJTVjFOU1ZTVhJSU1ZTVhFOEVIRU
hFOElHQSc9Fz0mNQW1Br0ZzTnNOdFJzUnNRByRjFIQYxhylHKQYYxBjEc4+U1JzT
lNOc05zTpNStVa1WrVa92MYYxhnWmtabzhnem9Zazhm918XXvZa1Vc3YxdjOGcXX
xdfOGM5Z1hnOGNYZ1lnWWd5a1hneWt5a3lreWc4YzhjF172WxZfFmMWYvVe1V60V
pRXenN7c1pytFs4azhrOGsYZzhrGGs5axdq92cYZxdq92b3Zvdm1mJSUrVe1mLWY
lJSlF61YrVilF6VXpRedFp0WnRalFqUWpRWUlKTVpRaUlJSUlJWUlJ0WlJSMlJSV
jJSMlJTVjJWMlZTVhFOEU4STfFN8E3QTY5BrkWuRW0+c1JzTnNSc1JzUUkohBSEG
KYcxSDFIIMUgxWtOpRWc1JSTlJOck6TVrVa1Vq1WtVa9l72YzlrOmsYZzhnWmt6a
1lrF171WxZfFls3XzdjFl8XXzhjOGM5ZzhnF2N5a3lreWt5a3lrmm+aa3lreWt5a
zZi9V72XvZfF2MXXxditFaUV5tzm3dabtVfF2dZbzhrGGsYaxhvGGr3Zxdm92b3Z
vdm92bXZtViMVLVYtZm1mZSVrVitWa1YrVic1pzWnNWc1KUWpRalFqUVlNSU1Z0W
nNaMlIyUlNWM1IzVlNWEU4yVjJSEVIyUjJSUlZTVfFN8U4SUdBJ0EnQSW1BbUGvS
nNOc050UnNSc1FrMIQUhBTGHMYcxhxjFGMVSjK0WpRaUlJRTlJOlFaUVrVatVa1W
rZa1lsYZzlrGGc5axhnWm9abzlnF18XXzhjOGM3XxdfN184YzhjOGc4Y1hnOGM4Y
1lnOGNYY1hneWd5a1lnmm96axdfN2MWXzdjN2MWXtRW1FdZb3pvWm61WzhrOGs4a
zhvOW8YaxdrGGsXZxdnF2r2ZvZm1mK1XnNW1mLWYtZmUla0XtZi1mKUXpRak1qUW
pRalFqUWpRadFZTVnRWdFpTVlNWMlIyUlNWMlIyUjJWEU4yUjJSEU4xTjJSEU4yV
hFR8U4SUdBNr0WvSY5FbD5zTnNOc05zTnNRrjiDFGMUxSDGIMYghRiEFQgmtVq1W
pRWUk5zUnNStVq1WrRatVq0VtVa9mNZazhrGGdabxdnWWt6b3pvWWs5Z1lnWWcXX
vdbOGMXXzdjWWcXXzhnOGc3Y1hnN2NYZ1hnWGdYZ1lrem84ZzhnWGd6b3lrN2KzV
pJPeWtZb1lutVsYZzlrOWs5azlrGWsYaxhrGGr3Zvdm+GbWYtZi1mJ0VtdnGGb3Z
jJStWLWYtZilFpzWnNatFqUWpRetV6UWpRalFpzVnRadFpTVlNWU1YyUlRWU1YyU
jJWMlIRUjJWEVIRUjJWEVIRUjJZ8VHxUfFNjkGvRc9Kc05zTnROc1JzTg9EgxSDF
MUcxSDFHIQUgxDGGrVWlFaUVnNSc05zUpRStVq1WrVa1l6UVvdjGGsYazlrOWs5a
xhrWWtab3pvem96b1lnOGNYYxdfF2M3YzdjOGc3ZzdnOGc3YzdjF2NZazhnOGc4Z
1hnWGdYZ3lrmm+bbzhi1VaST3lvm3NabpNXOGt6c1lrOW85bzlrOGsYavdm92cXZ
xdnF2b3ZtZilFcXZxdm9mIwSpRa12LWXpRWk1aUVpNWtVqVWpVWtl61XnRWdFp0V
lNSdFYyTlJSlFpTUlNSU1IyUlNWM1HxShJSMlIRTlNWEVISUhJV0E2wSbBJj0VtQ
nNOc05zTnNOc05RTIQUYxSEGKUYpRilGIMQpRpyUrRWlFZzUnNOUkqVVrVWtVq1W
rVatFq0WvZjGGcYZzhrGGsYaxhnGGc4Z3prm2+ab1prWWdZYxZfF2M4ZxdjOGc5Z
zlnGGMXYzhnWWtZa1hnF2M3Y1hjWGdYZ1lrOGM4YvZackt6a5tvOWa1Vzlrem9Zb
zlvOGsYaxhrF2cXZvZm92b3ZvdnF2bVXlJS1mL3ZtZiEEqUVrVaMEUGHQYZBhjlF
OUVBRjlFQYY5hjmGMUYxRSkEKQQpBCkEKQQpBCjDKMQgwyDEIMQgxCDEKQUpBSkF
MYcxx0IJSst8k2PRY5FjkZTTnNOc1JzUnNSUkylGGMUYxSkGKQYpBhiEGMSMUpzU
pRWk1ZSTnJSc1KUVrVadFb3YpNWtFrVXvZjF2LVXvdi92L3YvdjOGsYZ1premtaa
1prOGcYZzhnF2M3ZzhnOWtZZzhnF2cXZ5tzWWsXZzdjOGL2X1lrWWs4ZzhrN2a0V
pJTOGdZazhmtFdZa1lrOWs4Zzhm92MYaxhq92sXaxdq9mb2ZxdmtF5SUvZi1mLWX
hFKlFrWXc08YxBiEGIQYhBCEEIMQgxCDEIMQgxCDEEMQgxCDEIMQgxCDEIMQgwiD
EIMQhAiDEEMQgxBDEEMQQxBDEEMQQyDFdFRsE1uRW1Cc05zTnNOc05yTnJM5yRjF
GMUpRilHMYghBRCEQgqMEYwSg9J70XNPhBGEEYQRhBGMEoPRg9GMEYwRnFKMEZRR
nFKck7UVrNW9l72WzhjOWM4YzlnOGM4ZzhnOGc4ZzhnWWs4avdjF2NZa3prOWcXY
xdjFl83YxdjOGc4azhq1FqTU1lrWWtZaxdjOGc4axdnF2c4azhm92b3YxhrGGsXZ
vdm9mb2YtVeUlL3Ztdi1l5STtZe9mGtPGMQYxBiEGIQYhBCEEIQQhBCEEIQQRBCD
EIMQgwiDEIMQgxCDEIMQgxCDEIMQgxCDEEMIQxBDCEMIQwhDCAMYxYSVdBN0E2vS
nNOc05zTnNOc05yTWowgxRjEKYcxiEIKMYcYxDnHrVWlFqUWnNWclJzUnRWlFZzU
pRWlFZzUpRa1l7VXtZetV7WYrVelFq1XlFSc1ZxTlFKkk5xSnFKckqSTrNOs07UU
vVXF1r2WtVXOWdZaxdjF2MXYxdjN2L2XvZjF2cXZpNWcUs3Y3lnWWq0VzhnOGb3Y
vdnGGr3avZm92b3Zxhu92b2YtZi9mK1WnNS9mLWXtZeMk5zUpVVjDRjEGMQYgxiE
GIQQgxCDEIMQgxCDEIMQgxCDEIMQgwiDEIMQgxCDEIMQgxCDEIMQgxBDEEMQQxBD
EEMQQwhCIUZ8U3xTdBNr0pzTlNOc05zTnNOUk3OPGMQYxCFGMYhCCkIJIMUxR5yT
rValFaUVpRStFaUVrVWlFK1VrRWlFaUVrRW1lq0VvZe1V61WtZetVr2YtVa1l7WW
vZbF2MXYxdjF2MYZvdm9mMYarValFaTUpNOtFKSSpJOk05RRpJOkk6STrRW1FZxS
jBC9lsXXvZakk72XzhnGGLWWtZe92L3YxhnGGcXZxdm92L3Yxdm1V5RStZi1l61X
e9Cc1aUVYw0YxBjDGIMYgxjDGMMYgxiDEIMQgxCDEIMQgxCDEIMQQxCDEIMQgxCD
EIMIgxCDEIMQgxCDCEMIRAhDCEMIQyEGhJR8U3RTbBKU05STnNOc05zTlJOMUyDG
GMUgxTGHQglCCSEFIQVzz6UVnNSlFZzUpNSlFaTUrRWlFa0VrValFLVWtVbF2L3Y
vdi9l7VXxdi9l72XvZe9lsWXvZfF2NZazhnOGMXXzhnWWtZbzlrOGc4Zzhm92L3Z
xhq9ma1XpNak1pyUjFOEEXtQnJSck6STg4+cU6TUpNSk06TUpNS1VbWWtVa9lr2X
vZe9172XpNSMUrWYrVa1l2tPnJWlFWLNGMQYgxiDY058UnQSUs5rkXPSa9JKzkJM
Y1BjUErOQoxSzUJMWw9jTzoLKYlCSzoJCIUZBjnJKYkQxSFGCEMpiHyThJR0U2PS
lJOUk5yTnNOck5STlFM5iCEGGMUpRzoJQgopBiDEWoqk06UUpRSlFaUUrVWtVa1V
tVa1Vq0WtVatFb3XvZfF2MXYtZa9172Xxdi9l8WXxdfF18YXzhjWWdZZzhjOGM4Y
1lnemt6a1lnOGc5a1lrOGc4Zxdi1lr3XtZe9l7WXlJOMEb2XvZe9l5zUtZe1mL2Y
tZi1V72YtZi1V61XpRalFpzWpRak1ZRSYw2UU5STlFJrToQRhBFSSxjEGIQYg5yT
tZac02uOrZaVFKUVpVZz0K2XjJNzj4QRjJJrjqVVrZVbDIRSjJKMlBlHjNSMlITU
W49jkACEEQZbD0qNSs1CjJSTlJOUk5STlJKMkpSSWswhBSDFKQY5yEHJMUcYhCDE
jBGk1KUVpRSlFK1VrRStVa1WtZe1l60VvZe1lr3YxdnF2b3YvZfF2MXYxdjF2MXY
vZfF2MYYxdjF2L2XxdjF2M4Y1lnemtZZ1lnWmtZZ1lrWWs4ZvZi9l72YvZitFpyT
g9C9VsWXvZecU72Yxdm9mL2YvZjF2cXZxdm9mL3Zxdm1mL3Zxdmc1YwStVa1V7WX
e9CUk6UVYw0YxBCDEIOUkrWVlJJbTKWVrZatlmNNa4+lVoySc498EIySEMOMknwQ
GUWU1HwRjJNTDJTUSstbTkJKIQYIQylHfJVsE2PSU1GMUZRSnJOck5SSjFKMUnwQ
GMQYxBjEKUY5iDmIIIQYhEHIpRSc06UUpRWk1K0WpRWtVq1XtZe1l62XtZe1l73Y
tZe9mLVXxZjF2cXYxdnN2MWXxZfF18XXtVa9VsWXvZfOGdZazhnWWtZa3pvmm96b
3prOWcXYzdnF2L2XtVaUUowRvZe9lr2XpNO9l8XYxhm9mLWYvdi1mL2YvZi1V8XZ
vZi9mMXZtVd70a1XrVetFnNPlFSc1WMOGMUYxBCDUotaixiCGIJrC1JJYwtjC0pI
a0xzjVsLUopbCwiCWstSijnHc85SymuOUstbDISSjNNKywiCCEMxiIyVdBNsEmPR
jFKUkpyTlJOUk4ySjJKUkzGHIQUYxCkFMUg5SCDGIMUpBowRrRWlFJzUpRSc1KUV
rVW1lrWXtZe92L3YtZi1mL2YtVe9mMXZxdm92MXZzhq1Vr1WvVa1Vr2XtVa1VcWW
xdfWWdZazhnWWt6b5tznHd6b1hnF2MXYzhnGGLWXrRWUUsXYzdjF2JyTvZe92L2Y
vZi9mLVXtVe1l61XtVe1mLWYvZm92aUWhBGlFa1WrVZrT4xSnRVjDRiEGIQYgxiD
GIQYhBCDEIMQgxBDEIMQgxCCCIMQgxCDEIMQgxCDEIMQQxBDEEMIQwhDCEIQgxCD
EEIIQghCKUZ8U2wSbBJ0E4ySlJKUkpSTlJOUk4ySjJJazCEFGMUgxSlGKUYpBiDE
GMNKSaTTpRWc1JSTnNSc1K1VtZa92L2Yxdm9mLVXtZe1mMXZtZfF2MXYxdjOGcXY
vZe1VrVWvZatFa0VrRW9l72XzhnF2MYZxhnGGc6a3pvem84ZxdnF2MXY1lrGGJST
lFLFmMWXvZeclL2XxdjOGcYZxdi92LWYtZe1mLWYtZi1mLWYvditFmtOrRW1V60W
e9GUk6UVa04YhBiEGIQQhBCDEIMQgxCDEEMQgxCDEIMQgxCDEIMQgxCDEIQQgxCD
CIMIgxBDCEMQQxBDCEMIQwhDCEIIQylHfBN0E3PSdBOMUYxSjJKMkoySjJKMkoyS
hBEgxRjFGIQpBilHKUcgxhiDGMNjDKUUpRSlFJzTpRStFbWYvZfF2L2YxdjF2bWX
vdi118YZvdjGGcYZxhnOWrWXtZe1V60VrRa1Fq0VtZa9l8XYxdjGGcXYzhnWWtZb
1lvOGs3ZxdnF2M4ZzdmtFZRTvZi9mLVXg9G1Vr2XvZfF2L3YvZi92L3Yvdi9mL2Y
vZi9mL2YpRVzj6UVrVa1V4wSnJStFnNPGIQYhBCDEIMQgxCDEIMQgxCDEIMIgxCD
EIMQgxCDEIMQgxCDEIMQgxCDEIMQQxBDCEMIQghDCEMIQwhDCAMhB3xTdFN0U2wS
e8+EEYxSlFKMUoxSjFKMUoxSQgoYxRiFGMUpBjFHKQcYxBiDKQWD0KTUrRWtFaTV
pRW1l8YYvdi92MXYzhnOGr2YvZitVr3ZxdnGGs5axhjF2LWWtVa1VqzUrRW1l7VW
tVe9l8XZzhnF2c4a1lvWWtYaxdnF2M4azhnOWtabpNWtFs4ZvZe1VpRSrRa1Vr2Y
vZi9mL2YtVe9mLVXrVatF7WYtdi92K0We4+tVq1XrVaMUpzUpRVjDhjEEIQQhBCD
EIMQgxBDEIMQgxCDEIMQgxCDEIMQgxCDEIMQgxCDEEIQQghDCEMIQghCCEIIQghC
CAIIQwhDIQZ0E3QTdBNr0VrKc42EEIxRjFKMUoRRjFGMUXvQGIQgxRiEIMUpBilG
IMUgxSDEOYeck6UUpRWlFaUVtZe92MYZtdi92MYZxhq+Ga1XvZi1V8XZxhrGGc5a
vdilFa0VnNOk060UtVa9l72XvVa9V8WYzdnOGc5azlrF2MXYvZfGGM5azlnOWr3Y
tZjOWsXZtZiMErVXvZi1V7WXtZe1V7WXtZi9mLVYrVe1V7WYtViclGMNlNSlFa1W
hBKUlK1Xc48hBhjEGMQYxBjFGMQYhBiEGIQYhBiEGIQYhBCEEIQQhBCEEIQQhBCE
EIUQhBCEEEMQgxCDEIMQQxBDEEMQQylGhNV0U3RUW5EgxEpJa0170IQRjFKEEYRS
jFKMUkIIGMUYhRjFIQYhBikGIMUYhCDEaw2lFaTVpRWlFa1Wxdm9mL3Yvdi92MYZ
vdi92L2YvdjF2cYZzlrOGr2XrRWk1KTUpNSk1K0VvZfF2L2XvZe9l72XzhnGGc4Z
xdi1VrVWxZjOGsXZxdm1l72Y1lvF2b2XpNS1l7VXvZi1V7VXvVe1V7VXvZi1l7VW
rRatV61XlJRSjZSUpNalFnOQjBKlF50XfFV0FGvTY9Nr1GOSW5Jj02OSW1FbUVMQ
Sw9bUVNRSs9TEFMQSs9TUFMQQs9CjkKNMgwyDCnLIYopyyFJGQg6C4zWhJV0U1uQ
EAIgw0oJYsxzj4QQhBGMUYxRjFKEERjEIMUYhCDEIQUhBRjFGIQYgzFFe4+lFKUV
pRW1l62Xtdi1mL2YvZi1l73YrVatVrWXvhnGGcYZxhm1l60VpNSs1KzVnJOtFbVW
tVe9l72XvZe9l72YxdnN2b2YvZitFrWYzhrOW72YrVa1l9abxhq9mJyUvZi1V7VX
tVe1V7VXtVa1Fq1WrValVqUWrVetF4xTWsyUlK1WpNVzj4xTpRelWK2ZpReU1pTW
lNaU1p0XnVelWJ1YnVidWI0XjReVF5TWnRedF5UXnZidWJUXlReVF4SVfFV8lXSV
hReE1nyVjNZ8lHyTfFNjkBBCEEIhA0pIYwtzjnvPhBGEUYxSjFJKShiEGIQYhCDE
IMUgxCDEGIMQQyCDMQVzTaUUnRS1l61WrVa1V61WtZe1l61WtZe9l8XZxhnGGMXX
tZatVaTTnJOs1K0VrVW1Vq0VtVa9l72XtVbF2L2XxdfF2L2XrRbF2c4bxhq9mJST
vZfem8YZvdik1cXZvZi9V7VXvZe1lq1WrVatV61XpValFq1XrVeMUlKLlNSlFpSU
aw57kZTWpRelV61YpVidF5TWjJWMlZzWnRedFqVXnVelWJ1YlRedWJ1YlReVF5VY
nZidmJVXlRaElXxTfFSElYRUhNWM1oSUfFR0EmPQQosQQhBCEEIpBEoJWotrTYQR
hFGMUYxSfBEYxBjEGMQYhBjEGMQYxBjEEIMQgxiDIINBh4PQrRStVq0VrRalFa0V
tVa1Vr2XtVa9l8XYxdi9l7VWtRak1KTUrRS1VrVWtVatFbVWtVa1l72XtZe1l7WW
tVa1lq0VtVbOGs4arRaMUpzUxhnF2L2YnJPOGb2YtVa1VrVWtVatFq0WrRatF6UW
pNWk1aUWjFJKSpSUpReUlGMOjFOUlZzWpVelV6VYlReMlYyVlNadF50YlReM1pTW
nVedV51XnVidV6VYlReVV51YlVedV5UWfJR8lHyUfFR8VISUhJR8lHQSY5BKixCE
CEIIQghCEIIxRUpJUopzzoQRjFKMUoQRQgkQgxiEEIMYgxjEGMUhBSEFIQUQxBiE
GEMggzkEWgdzC4OOlFCc0rVVtVW1lrVWvZe917WXtZetVa0VrRWk06TUtVatFbVW
tVak1bVWvZe1Vr3XvZe1V72XpNWUU7VXxdnF2b2Yg9GclMXZtVetVpyUvdm92LWX
rVa1l7VXrVatVq1WrVatVq0WpNWtFowSQgqUlK1XlJRrT3vRlJSlFpzVpRelF5zW
lNWMVJTVnVedFp1XlRaMlZ0XrZmdFp1XnRedFpUWjRaVFpUWlRaU1YzVhJR8lHyU
fBN8E3xUdBJTDhCECEIIAghCCEIIQhBCEII5hkHHYsx70IQShBKEEVsMMYgQhBjF
EIQQhBjFIQUpBjFHKUcYxRBDEEMQQxCCGIIYgiDDKMQxBUGHWghqinsLe0x7jION
i82UD5QPlA+cUJxQrNKtEqTStROk0q0UtVWtFLVVtZa9l7WWpNS1Vr2XvdilFXwQ
lJO1l61WrVaclL2YvZjF2b3Yvdi1l7VWtVa1Vq1WrRalFqUWpRaUlEpKnNWtV5zV
c5CMUpSUlNWlV5zVnNWc1YyUhFOU1Z0WpZidmIzVjNWVFp1XnVeVFo0WlReVF5UW
hNV8lISUhJR8U3xTfFN0UoRTfFJbTjHICEMIQwhDCEMIQghCCEIIQxBCIMM5hlJJ
c06D0YwShBFjDWMNKQUQgxCDEEMQgxjEIQUpRjGHOYgpRxjFEIMYhBCDGIQYxBjE
GMQgxSDEIMUgxSDEIMMgwyDDIMMgwxiDIIMggyCDKMQowzDEMMQxBDlFQUVBRklG
SYZRx1nHYklyy3sMcwxSB2rLlFCckaUTnJG1Vb2WvZa918YYvde1lrWWtZatVq1W
pVWlVa1WpRVSzJzVpRac1YQSjFKc1KUVlJSc1Z0VnNWc1YRTlRWtl6VWlNWdFoyU
lNWdFYzUlRWM1YzVlRaE1YSUfFN8UnxShJJ0D2OOUwsxxxjECEIAAggCCEMIQwhD
CEIIQghCCEIIQghCIMM5hlqKc0+EEXwQYw1jDmLNIQYQhBCEEEMQgxjEIQUhBjFI
MUgxSDFIKQcgxiDFGIQgxRjEGMQhBRjEIQUYxBjEGMQYxBjEGMQYxBjEGMUYxCDE
GMQhBCDEKQUhBSkGKQYpByDFIQYhBilHKUcxRylHIMUgxSDFKMYxRkGHQYdBx0nH
ScdSCFoIWghiSGJJaopiimrLYstiy2KLOYZSSVpJUghKCEoISchKCEoISghKSUpJ
QghByEoJUklKSEoIQcdBxzGGMYYxRilFMYYxhzFGMYYpRiEFGQUYxBCECEMIQxCD
EIMIQghCCEIIgwiDCAIIAQhCCEIIQhBCEEIQQhCCKUVCCGLLe4970GtNWsxrTmsO
IQYQhBDEEIMQgxjDGMQgxSkGMUcxSClHIQYpBiEGKQchBikHKQchBilGIMUhBRjE
IMUYxBjFGIQYxBjEGMQhBRjEGMUYxCEEIMMhBSDEIQUgxCkEIMQpBSkFKQUhBRjE
IMQgxCkFKQUxRikGKUYpRilGKUYpRilGKUYpRilHMUcxRzFHKUYpBhjEGMQYxCEF
IQYhBykGKUcxiCmHKYcpRyEGIQYhBiEGKUcpRylHGQUYxRDEEMQYxBjFGMUYhRCE
EIQQgwhDCEMIQghDCEMIQwhECIQQhBCECEMIAggCAAIIQwhCCEMIQwhDCEIIAhCC
MYZKCGMMc49rTlLMa4970XvRMYcQRBjFEIMYxBjEGMQYxBjFIQYgxSDGIMYhBiEG
KUcpRylHKUcpRylHMUcpBikGKQYpBiDFIMUgxSEFIQYhBSEFKQUpBSkFKUYpBSkG
IQYhBiEGKQYpRilHKUchBSDFIQUhBSEFKQUgxSDFIMQhBSDEIQUgxCEFIMUhBSEF
IMQgxBjEIMQYhBjEEIMYxBDEGMQYxBjEGMQgxBjEIMUYhBiEGMQYxBjEGMQYxBCE
GMUQhBCEEIQQhBCECIQQhRCEEMUQhBCEEIQQhBCEEMUQxRCECIMIQghCCEIIQggC
CEIIQghCCEIIQwhCCEIQQiEDOcdKSWMNa05Si3OPhBGEEXwSQgoQQxjFGIQYhBiE
GIMYgxiEGIQYxBjEGMUhBSEFIQUhBiEGIQYhBiEGIMUhBSEFIQUZBCDFIQUhBSlG
KQUhBSEFKQUpRjGHMYcxhylGKUcpBjGIMYcxiDHJMYgxiClHKUcxiDGIKUcpBikG
KUYpRikGIQUhBiEFIQUhBiEFIQUYxBjFGMQgxSDFIMUYxBjFGMUYxBjEGMUYxSEG
IQYhBiFHIUcpiCGIIUghSCFIIUghRyFHIUcZRyFHGQYYxRjFGMUQhBCEEIQQhBiE
EEQQQwgCCEIIQggCCAIIAghCCEIIQghCCEIIQghCCEEIQikFOYdSSmtOUopzjoQQ
jFGMUoRSYw4YxRCDGMQYwxjDGIMYhBiDGIMYhBiEGIQYxBjEGMQYxBiEGMQYxSDF
IMUgxRjFGMQZBCDEIQUpBSEFIQUhBSEFKQUxRikGKUcpRykGKUYxhzGIMYg5yTnJ
Qgs5yTHIOcpCCjnJOckxyTnJOgo6CjGIKYgpRyEHKUcpRykGIQYhBylHKUcpRylH
IQYhBikGKUYpRilHKUcpiCmIIYcpiCnJMgo6CjHJKYkpiSlIIQcZBxkGGQYZBhDF
EIQQhBCDCEMIQghCCEIIQwhCCEIIQggBCAIIAggCGMUIQghCCEIIQghCCEMIQwhD
CAIQgylFOcdiy1JKc057j4wRjFGMUoxSc9FSzBjFEIMYxBDEGMQQgxjEEIMQhBiE
GIQYhBjEGMQYxBjEGMQYxBjEGMQYxBiEIMUYxRjEGMQYxRjEGMQYxBjEIMUhBSEF
IQUhBSEFKQcpRykGKQYpBjFHMYgxiDmJOclByUIKOckxiDoKOgo5yTmJMYgpRylI
MYkxiDGIMYg5yTnJOco5yjGJKUgxiTGJMYgxiClHKYgpiClHKUcxiSmIKYgpiCFH
GQYZBhjGEMUQxRCEEIQQhBCDEIMIQwhDCEIIQghCCEIIQghCCAIIQghCCEMhiULN
CEIIQghCCEEIQghCCEMIQggCCAIgwzFFUghSSXNOe9CEEYwSjFKMUoxSfBKMlFrO
KUgQQxiEIMUgxRjFIMUgxRjEGMUYxBjEGMUQhBjFEIQYhBiEGMQYhBjEGMQYwxjE
GIMYwxiDIMMYhBjEGIQYxRiEIMUgxSEGIQUhBSEFGMUYxCDFKUcpRzGIMYgxyDGI
MYcxhzGHMUcxhzGHKUcpRylHKYcpRylHKUcxiClHKUcpRylHKUcpRylHKUchBilG
IQYgxSDFGMUhBiEGIQYYxRjFGMUYxRjEEIQQgxCDEIMQgxBDCEMIQwhDCEMIQwhD
CEQIQwhDCEMRBkKMSw5TUAhCCEIIQghCCEIIQghDCAIIAggCEEEgxDmGQchrDXNO
e9CMEYwRlJOMEpSTjFOUk4RTc9JjDznKMYkYxRiDEIMYgxiDGMQgxBjEIMQgxSDF
IMUgxSDFGMQYxBjEGMQYxCDEGMQYxBjEIMQgxSDFIQUYxSDFIMUgxSEFIQUhBSEF
IQUYxCEGGMQhBRjEIQUgxCDEGMQgxRjEIMUhBRjFIMUYxSEFGMQhBRjEGQQYxCDE
GMQhBRjEGMQYxBjEGMQZBBjFEIQQxBDEGMUQhBiFEIQYhBCDEIQQhBBDEIMQgxCD
CIMQgwhDEIQIQwiECIQQhAhDCEMZSELNQw5TT1NQU1AIQghCCAIIAggCEAIIAghC
CEIIAggCGIMpBUHIYwxrTnOPjBGUUoxSlJOMUoxTjFOUU5RTjFKUlJTUlRaM1nxU
a9JjkVMQSs5CTDoLMYkxiSkHKQcpByEHKQchBikHKUchBiEFIQYYxRjGGIUYhRiE
GIQYRBiDGIMYgyDEGMQYxBkFIQYhBiEGIQYpRilHKUcpRyFGKUYhBSEFIQUhBCEE
IMQgxBjEIMQYxSEFGMQYxRjEGMQYxBjEGMQYxBjFGMQYxBjFGMYYxhjGGQYZBhkG
GMUYxRjFGIQQhBCEEIQQhBCEEEMQQwhDCEMIRBDGIYoqTFNQW5FTUEsPW5BjkVuR
CAIIAggCCAIIQggCAEIIQghCCEIIQggCGMMxhmMMc457z4xSjFGUkpySlJOUk5RT
lJSUk5yUnJSc1JzVnNWlFaUWpVelV6UWpRac1pTVlNWM1YSUjJWUloxUhFOMlJTV
lNWElIxUjFSElIRThFN0EnxTfFR0E3QSdBNrkmNRWxBSz1LPSo1KjUqNOcsxyjGK
MYoxiSlJKUkpSClIIQchBiDGIMYgxiDGGMUYxRjFGMUYxBjFGMUYxRjFGMUYxRjF
GMUgxhjFGMYYxhDGGQchRxkHIUghSCFJKYo6DDHKKcsyDCHLMk06z0MPSxBTUVNR
SxBbUVuRU1BbkGORW5BbUAgCCAIIAggCCAIIQghCCEIIQggCCAIIAhACMUZizHOO
e8+EEYxRjFKUk5STlJOck5STlJOck5zUnJSc1aUVpRatVrVXtVetV6UWpRalFqUW
nNWUlJSUjFOUU5RTlFOc1JzUnNSc1JSTlJOUk4xSlJOMU4xTlFOUU4xTlFSMU5SU
lJSUlJSUlJWEE4xThBKEEoxThFOMU4RThBN8E3vSc9FzkWtQa1BbUFtQW09bUFtQ
Y1BbUFtQY1BTD1MPY5FjkWORY5FbUFtQW1BTEFtQW1BbUFNPSs5TD1MQUxBbkVuQ
Sw9TUFtQSs5TUFNQU1BbkVtRUxBbkVNPY5FbkFuQU08IAggCCAIIAggCCAIIAQgC
CAIIAggCEAIIARjDWotzTnvPhBGMUYQRlJOUk4ySlJOUk5STnJOc1JzUpRWtVrWW
rVW1lrWXtVe1V61WrVelFaUVnNSc1JzUnJSclJyTnJOk1bVVpNSk1KTUpNSlFZzU
lJOc1JSTnJOck5RSnJOck5yTpNScU5yUnJOMUpSTnJOUUqTUnJOck5yTlFKMUYxR
hBGEEYQRhBGEEXvRhBGEEXvQhBF70XvQfBFz0HvRe9Fz0HPQa9Bz0WuQa5FrkWOR
Y5Br0WOQWw9jkWNQW09bkFuQSw9bkFtQSs5TD1tQW5Bj0luRW5FbkVtQW1BbUFNP
CAIIAggCCAIIAggCCAIIAggCCAIIAggCCAIQQlJKc057j4QRhBGMUoxSlJOU1JST
nNSUk5zUnNSdFaUVrVWtFKUUtZa1lrWWtZatVq1WrValFaUVpRWc1KUVnNSc05ST
rRWtFaTTpNSk1KTUpNSclJyUnJSUU5RTlJOUkpyTnJKckpyTnJOck5xSnJOUUpRS
pNOckqTTnJOUkpSSlJKMUoxShBGEUYQRhBGD0YQRjFKEUXvQhBCD0HvQhBKD0XvR
e9F7kHPQe9Bz0HPRc9F70WuQc5Fz0WOQY09rkGuRW09jUGORW1BjkFtQSw9TT1uR
Y9Fr0mPRU1BjkVNQW5BbUAgCCAIIAggCCAIIAggCCAIIAggCCAIIAQgBEAFKSWtN
c498EIxSjFGUUpSTlJOc1JSTnNSUk5zUnNSlFa0VpNSlFK0VtZe117WWrVWlFa0W
pRWlFa0VnJOk1JyTnJOck5zTpRSlFJzUnNOc05zTnNOck5xSnFKUUpRSlFKUkpyS
lFKck5yTpNSk05RRlJKck5yTpNOck5zTnNOUk5RSjFGMEYwQjBCUUYwRhBGMUowS
hBGEEXvPg9B70HvQjBGEEXOPe9B70XvRe9B70XvRe9F70XvRc9Fz0GvQY49r0GuQ
Ww5jT2uQY1BTDltPW09TT2ORY9FsEmPRW9BbkWORUw8IAggCCAIIAggCCAIIAghC
CEIIAggBCAEIAggBQchrDXNOhBCMUoxSjFKMUpzTlFOclJSTnNSc1JzUpNWlFaUV
pNStFbVWvZe1Vq0VrRWlFK0UpRSlFJzUnNSck5yTnJOck6TUpNSUkpSSnJOck5ST
nJOUUoxSlFKUUZRRlFGUUpxSlFKcUpyTlFKckpySpNOc05ySpNOck5SSlJKUkoxR
jBCMEYPQhBCMUYQQhBGUkowRe9CEEXvQe9B8EYQShBFzkHOQc9B70XvRfBF8EXwR
dBF8EXwSc9Fz0WvQY5BjUGOQW09jkGOQW5BLDltQW1BTT2ORY9Fj0WPRZBFj0VOQ
CAIIAggCCAIIAggCCAIIAggCCAIIAggCCAIQAjmHaw1zToPQlFGMEZRSlJOU05zU
lJSc1JSTnJOc1JSUpRWk1a0VpRS1VrWWtVW1VqUUpRWk1K0VrRWck6TUnJOUUqST
lFKkk6TUnJOckpxSlFKck5RSjBGMUYwRlFKMUZRRlFGUUZyRlFGckpySlFGk06TT
pNOlFJzTlJOck5zTlJKUUoQRhBB70IQQhBCEEIRRhBGMUYPRe5B70XOQc5B70YxS
c49zkHvRc9BzkHvRc9F8EXwRfBF8EnwSfBJz0XPRa5BbD2uQY1BbUGNPWw9SzltP
W5BTT2PRZBFj0WvSY9JbUQgCCAIIAggBCAEIAggBCAIIAggCCAIIAggCCAIpRmMM
c458EIQRjBGMUZRSnNOck5yTnJOck5yTnJSlFZzUpRWc1KUVrRW1VrWXrVatVp0U
pNStFKTUpNSck5yTnJOUUZySnJKckqTSnJKUUpRTjFKUUoxSg9CUUYwQg9CUEIwQ
lBCUEJRQlFGMEZRSnJKUkpyTlJKUkpSRnNOc05RSlFKL0IQRg9CD0IwRg9CEEYxS
g9GEEXvQc4970HOQc9B8EYQRc9B70HvQc9B8EXwSfBJ8EoRShFKEk4RTfBJjj2vQ
a5BbT2OQa9FTDlMPW1BbUFuQY5FbkGPRY9Fj0WvSY9EIAggCCAIIAQgBCAEIAQgC
CAIIAggCCAIIAggCKQVazHNPe4+D0IQQhBCUUpzUnNSUlJSTlJOUk5zUpRWlFZzU
pRalFa1WrVatVq2WrVWtFaTUpNSk1ZSSnNSUkoxRnJKMUZSSlFKUUZSSlJKMEZRS
jBGDz4PQg8+DjoOOe46DjoPOg86Dz4vPi9CL0JQQlBCMEJQRlBGckpySjFGMUYxR
hBCEEIQQjFGEEIQQe9CD0YQRe9F70HvQc5CEEXvQc898EYRSe9Bz0HwRe9F8EYQS
hFKEEoxThFOEk3QSc9FjkGuRY5Br0VtPWw5KzltPY5BbkFuPY9Fj0WPRY9Jj0WPR
CAEIAQgBCAEIAggCCAEIAQABCAEIAQgBCAEIASDEWotrTXOOe9CEEYQQjFKUk5zU
nJSclJzUlJOc1KUVpNSc1KTUpRWtFaUVrVatFq1WrRalFaUVnJOc05SSjFGUUoQQ
lFGMUYwQlFGMEIPQjBCDz3uPg49zDIOOe01zDHNMcwyDTHtMe4x7jHuMg4xzTHuM
g4x7TJQQjBCMEIwQg8+EEIPQg9B7j3vPe9Bzz4QQhBF70IQRhBFz0HwQhFJz0HPQ
c5B70XvRa4970HwQe9B8EYRSfBJ8EnxTjJR8EnPRa5FjkGOPdBFr0FtPW5BTT1NP
W5BTT1NPW5Bb0FuQY9Fj0QgBCAEIAggCCAEIAggBCAEIAQgBCAEIAQgBCAEYglJJ
aw1zjoQQjFGEEIQQnNOc1JzUpNSk1ZzUnNSc1JTTnNSlFKUVpRWlFa1VrVatVqUV
nNSc05zTlFKUUowRjBGUUowQjBCMEYPQg8+DznuNe45zTWrLcstzC3LLcwtiiWrK
WkhJxkFFMMMogiCCIIIgQiBCKIMww0FFUgdSB2sLc417j3uOe9B7j3OOe497znvP
hBB70HvQe9BjDnvRa49zj3vRe9F70HPQfBF8EXPQc9CEUnwRfFJ8UoRTfFN0EWvQ
a9Bjj2OQY5BjkFMOW09bUFtPUw9bT0sOW5BbkFOQW5AIAQgBCAEIAQgBCAEIAQgB
CAEIAQgBCAEIAQgBCEJKCWMNc498EIxRhBCMUpSTpRWk1aUWpRac1aUVlJSc1JST
pRWlFaUVpRWlVa1WrVWlFZzUnNSUk5RSg9GMEYwRg9CL0IvPe42DjntNcwt7THML
YolzC1pIaspaCDlFKMMggxiDGIMYgxiDEIIQghCCEIIQQhBCEEIQQhBCEEEQQSDC
QcZainONc45zjnNOe497j3OOe89jDWMOc49jDnOQc5BrT3PQc9Bz0XwRfBFz0GvQ
fFJz0XPRfBJ8EnPRc9FrkGNQa5Br0UsOW1BKzkLOUw9TUEsPSw9TkEtPW5FbkVNQ
CAEIAQgBCAEIAQgBCAEIAQgBCAEIAQgBCAEIARABQchjDHOPhBGMUpSThFKc1KUV
pValVqUWrVelFqUWnJSk1aTVpNWlFaUUrVa1l7VWrRak1ZSTlFKMUYQQhBCDz3uO
e457TXtNcwtzC3LLYolqymJIScY5RCDDGIMYgxCDEIMQgxCDEIMQgxCCEIIQghCC
EIIQghBCEEIQQggCCEIIQQhBEEEYwlJIa0xzjmtNc49zj2MOa09rT1sNa49jT2NP
Y5BbTmOQc9Fz0XPRc9FrkHPRa9Fr0WvRdBJ0EWvRa5BjkGvRY5FTT0sOSs5LDkrO
U09bUFNQSw9bkUsPU5BTkAgBCAEIAQgBCAEIAQgBCAEIAQgBCAEIAQgBCAEQAUGH
YsxrTYQQjFKc05yTpNWlFqUVpRWtVqUWrVec1aUWpNWlFqUWnRWlFqUWrVatVa0V
pNSUk5STjFGEEIPPc01zTXMMc01aSWqKYoliiVIHMUQgghhCGIMYgxCDEIMQgxCD
EIMYgxCDEIMQghCCEIIQghCCEEIQQhBCEEIQQghBCEEIQQhBCEEIQRiCUklrTXNO
a05rTmMOa49jj1MNa5BrkFsOY1BjT2uQc9FrkXPRa9Fz0nQSa9Fr0WvRY5Br0WvR
Y9Fr0WOQU1BTD1MOSs5TD1uQU5Bb0VOQW5BbkEsPW5EIAQgBCAEIAQgBCAEIAQgB
CAEIAQgBCAEIAQgBCAE5hlrLc458EIxRlJKUkpzUpRWlFq0WpRatVqUWpRWlFaUW
pRalFaUWpRWtVq0WrValFZyUlJOEEXvPc45zTWsLYspqy2rLYopSCDmFKMQYQhCC
EIIQghCCGIMQgxCDEIMQgxCDEIMQhBCDEIMQghCDEIIQggiCEIIQghBCEEIQQghB
CEEIQQgBCEEIARBBIMNBx2MMYw1azVsOY05jT2NOa5BrkFsOY5BjkWvRdBJ0EmvQ
dBJ0EmvRa9Jr0mvRa9Jr0mwSa9FjkWORUxBTUFNQU09bkVuQW9Fj0lvRW9Fb0VuQ
CAEIAQgBCAEIAQgBCAEIAQgBCAEIAQgBCAEIAQgBKQZjDXuPhBGMUZSSlJOc1KTV
nNSc1aVWpRak1ZzVpRadFp0WpRac1aUWpNWlFZzUnJOUkoPQe89rDWsMawxaiWKJ
WkhKBjEEGIIQQhBCEEIQQhBCEEMQQxBDEIMQgxCDEIMQgxCDEIMQgxCDEIMQgxCD
EIMQgxCDEEMQQhBCEEEQQQhBCEEIQQhBCEEIAQgBEAIQQikFSklazWMOY09jkGuR
Y5FjkWuRa9J0EmvSfFN8U3QTdFNsEluRa9J0E3RTfFN0E2wSY9Jr0ltQW5Fj0lvR
W5Fb0lvRW9Fb0lvSU5FbkQgBCAEIAQgBCAEIAQgBCAEIAQgBCAEIAQgBCAEIASDD
awx7z4QQjFCUkpyTnNSc1JSTnNSc1ZzUlNSU1JSUnNSc1JSTnNSUk5TTjFKMEYwR
e897jmsLYspiylqJSggoxBhCCEEIQghDCEIIQhBDEEMQQxBDEEMQgxBDEIMQgxCD
EIMQgxCDEIMQgwiDEIMQgxCDEIIQghCCEIIQghCCEEIQQghCCEIIAghBCAEIAQgB
CAEIAAgBGII5h2MNc9Br0WvRY9Fr0mwSdBJ0EnQSbBJ0E3xUdBNsEmwTdFR0VGwT
dBNsE2QSY9JbkVuRW9JkE1vRW9Jb0VORW9Jb0lvSU5EIAQgBCAEIAQgBCAEIAQgB
CAEIAQgBCAEIAQgBCAEQQmLLg8+MUYxSlFOUk5STlJOMUpRTjFOUlIxTjFKMEowS
hBGEEoQRjBKEEXuQc05rTWsMYopaSUnHMUQYgghBCEEIAQgBCEEIQghCCIMIQhCD
EIMQQxBDEIMQQxBDEEMQgxCDEIMQgxCDEIMQghCCEIMQgxCDEIMQghCCCEIQQghC
CEIIQghCCAIIQQBBCEEIAQgBCAEIAQgBCAEIARiDOYdSjFsOUs1SzmNQW09bUGOQ
Y090EmwRY9Bj0WPRW9Fj0VvRU1BbkVNQU09TUFuRY9JTkFNPU1BTUFtQUw9bUFNP
CAEIAQgBCAEIAQgBCAEIAQgBCAEIAQgBCAEIAQgBCAFSSoQQjFGMUYxRjFGMUoRS
hBF8EYRSjFOEEnwRhBJzkHOPc49zj2uOYs1ai1pJUghBxzEEGIIQQQgBCAEIAQAC
CAEIAQgBCAEIQQhCCEIIQghCEEIQQghCEEMQQhBCEEMQQxBDEEMQgxCDEIMQgxCD
EIMQgxCDEIMQgxCDEEIQQhBCEEIQQhBBCEEIQQhBCEEIAQgBCAEIAQgBCAEIAAgA
CAEYgylFQklCSkqLSoxCjErOSw5TD1NPSs5LDlMPSw5KzltQQs5LD0sPSw5LEFNQ
Ss9LD0sPQs5CzkKOQs46jQgBCAEIAQgBCAEIAQgBCAEIAQgBCAEIAQgBCAEIAQgB
QceEEIxRhFGMUoQRhBF70XvQe9B70HwQc5Bzj2uPY05jDVKMUotKCUHHOUYoxBBB
CEEIAQgBCAEIAQgBCAEIAQgBCAEIAQgBCAEIAQhCCEIIQghCCEIIQghCCEIIQghD
CEMIQhBCEEIQghCCEIIQghCCEIMQgxCDEIMQghBCEEIIQghCEEIQQghCCEIIQghB
CAEIAQgBCAEIAQgBCAEIAQgBCAEIAQgCEIIhBSmHMcg6CUJLSow6S0KMQow6TELN
Qs06jDqMOo06jUKNQo1CjUKMOkxCjTpMOktCjTqMMksIAQgBCAEIAQgBCAEIAQgB
CAEIAQgBCAEIAQgBCAEIASkEe8+EEIQQe897z3vPc45rT2MOYw5SzVsOUoxSi0IJ
OcgxhikFIMMQQggBCAEIAQgBCAEIAQgBCAEIAQgBCAEIAQgBCAEIAQgBCAEIAghC
CEIIQghCCEIIQghCCEIIQghCCEIIQghCCEIQQxBCCEIQQhCCEIIQghCCEIIQQhBC
CEIIQghCCEIIQQhCCEIIQghBCEEIAQgBCAEIAQgBCAEIAQgBCAEIAQgBCAEIARBC
GMMhRiFHMcgxyDHJMgoySioKMgsyCjILMgsyCzJLMgspyjILKcspySnJMcoxyTIK
CAEIAQgBCAEIAQgBCAEIAQgBCAEIAQgBCAEIAQgBCAEQQUHHa01zjmtNYw1jTVrM
UotKSznJOckxRikFIMQYwxCDCEEIQQgBCAEIAQgBCAEIAQgBCAEIAQgBCAEIAQgB
CAEIAQgBCAEIAQgBCAIIAQgCCEIIQghCCEIIQghCCEIIQghCCEIIQghCCEIIQghD
EEMIQwhDEEIIQhBCCEIIQghCCEIIQghBCEIIQghCCEEIQQhBCAEIAQgBCAEIAQgB
CAEIAQgBCAEIAQgBCAEIAQgBCAEQQhiDGMQZBRlGIYchRyFHIYghhyGHKYgpiCFH
IUYhBhkFGQUZBRkFIQUYxQgBCAEIAQgBCAEIAQgBCAEIAQgACAEIAQgBCAEIAQgB
EAEYgjlFSghKCVJJSgk5hylFGMMQgghCCEEIQQgBCAEIAQgBCAEIAQgBCAEIAQgB
CAEIAQgBCAEIAQgBCAEIAQgBCAEIAQgBCAEIAQgBCAEIAQgCCAIIAghCCEEIQghC
CEIIQwhDCEIIQgiCCEIIQghCCEIIQghCCEMIQxBDEEMIQghCCEIIQghCCEIIQggC
AEEIQQhBCAEIAQgBCAEIAAgBCAEIAQgBCAEIAQgBCAEIAQgBCAEIAQgBCAIIQghC
CEIIQxCDEIMQgxBCEEIIQghBCEIIQQgBCAEIAQgBCAEIAQgBCAEIAQgBCAEIAQgB
CAEIAQgBCAEIAQgBCAEIAQgBCAEIARABEAIQQRBBEAEIAQgBCAEIAQgBCAEIAQgB
CAEIAQgBCAEIAQgBCAEIAQgBCAEIAQgBCAEIAQgBCAEIAQgBCAEIAQgBCAEIAQgB
CAEIAQgBCAEIAghCCEIIAghCCEIIQghCCEIIQQhCCEIIgghCCEIIQghCCEIIQghC
CEIIQghCCEIIQghCCEIIQghCAEEIQQhBCAEIAQgBCAEIAQgBCAEIAQgBCAEIAQgB
CAEIAQgBCAEIAQgBCAEIAQgBCAEIAQgBCAEIAQgBCAEIAQgBCAEIAQgBCAEIAQgB
EAEQAQgBCAEIAQgBCAEIAQgBCAEIAQgBCAEIAQgBCAEIAQgBCAEIAQgBCAEIAQgB
CAEIAQgBCAEIAQgBCAEIAQgBCAEIAQgBCAEIAQgBCAEIAQgBCAEIAQgBCAEIAQgB
CAEIAQgBCAEIAQgBCAEIAQgBCAEIAQgBCAEIAQgBCAEIAQgCCAIIQghCCEIIQghC
CEIIQghCCEIIQghCCEIIgghCCEIIQghCCEIIQghBCEIIQghCAEIIQQhBCEEIAQgB
CAEIAQgBCAEIAQgBCAEIAQgBCAEIAQgBCAEIAQgBCAEIAQgBCAEIAQgBCAEIAQgB
CAEIAQgBCAEIAQgBCAEIARhBGEEQAQgBCAEIAQgBCAEIAQgBCAEIAQgBCAEIAQgB
CAEIAQgBCAEIAQgBCAEIAQABCAEIAQgBCAEIAQgBCAEIAQgBCAEIAQgBCAEIAQgB
CAEIAQgBCAEIAQgBCAEIAQgBCAEIAQgBCAEIAQgBCAEIAQgBCAEIAQgBCAEIAQgB
CAEIAQgBCAEIAQhBCEIIQghCCEIIQghCCEIIQghCCEIIQghCCEIIgghBCEIIQggC
CEIAQghCCEIIQQhBCAEIAQgBCAEIAAgBCAEIAQgBCAEIAQgBCAEIAQgBCAEIAQgB
CAEIAQgBCAEIAQgBCAEIAQgBCAEIAQgBCAEIAQgBCAEgQSBBGEEYQRhBEAEQARAB
CAEIAQgBCAEIAQgBCAEIAQgBCAEIAQgBCAEIAQgBCAEIAQgBCAEIAQgBCAEIAQgB
CAEIAQgBCAEIAQgBCAEIAQgBCAEIAQgBCAEIAQgBCAEIAQgBCAEIAQgBCAEIAQgB
CAEIAQgBCAEIAQgBCAEIAQgBCAEIAQgBCAEIAQgBCAEIQQhBCEIIAghCCEIIQghC
CEIIQghCCEIIQghCCEIIQghCAEIIQghBCEEIQQhBCAEIAQgBCAEIAQgBCAEIAQgB
CAEIAQgBCAEIAQgBCAEIAQgBCAEIAQgBCAEIAQgBCAEIAQgBCAEIAQgBCAEIAQgB
IIEggSCBIEEgQRgAGEEQARABEAEQARABEAEQAQgBCAEIAQgBCAEIAQgBCAEIAQgB
CAEIAQgBCAEAAQgBCAEIAQgBCAEIAQgBCAEIAQgBCAEIAQgBCAEIAQgBCAEIAQgB
CAEIAQgBCAEIAQgBCAEIAQgBCAEIAQgBCAEIAQgBCAEIAQgBCAEIAQgBCAEIAQgB
CAEIAQgBCAEIAQgCCAIIAghCCEIIQghCCEIIQghCCEIIQghCCEIIQghBCEEIQQhB
CEEIAQgBCAAIAQgBCAEIAQgBCAEIAQgBCAEIAQgBCAEIAQgBCAEIAQgBCAEIAQgB
CAEIAQgBCAEIAQgBCAEIASCCIIIggSCBIIEgQSBBIEEYQRhBGEEYQRABEAEIARAB
EAEQAQgBCAEIAQgBCAEIAQgBCAEIAQgBCAEIAQgBCAEIAQgBCAEAAQgBCAEIAQgB
CAEIAQgBCAEIAQgBCAEIAQgBCAEIAQgBCAEIAQgBCAEIAQgBCAEIAQgBCAEIAQgB
CAEIAQgBCAEIAQgBCAEIAQgBCAEIAQgBCAEIAQgBCAEIAQgBCAIIAghCCEIIQghC
CEIIQghCCEIIQghCCEIIQQhBCEEIAQgBCAEIAQgBCAEIAQgBCAEIAQgBCAEIAQgB
CAEIAQgBCAEIAQgBCAEIAQgBCAEIAQgBCAEIAQgBCAEogSCCIIIggiCCIIEgQSCB
IEEgQRhBGEEYQRhBGEEQQRABEAEQARABCAEIAQgBCAEIAQgBCAEIAQgBCAEIAQgB
CAEIAQgBCAEIAQgBAAEIAQgBCAEIAQgBCAEIAQgBCAEIAQgBCAEIAQgBCAEIAQgB
CAEIAQgBCAEIAQgBCAEIAQgBCAEIAQgBCAEIAQgBCAEIAQgBCAEIAQgBCAEIAQAB
AAEAAQABCAEIAQgBCAEIAQgBCEIIQghBCEEIQQhBCEEIAQgBCAEIAQgBCAEIAQgA
CAEIAQgBCAEIAQgBCAEIAQgBCAEIAQgBCAEIAQgBCAEIAQgBCAEIAQgBCAEIAQgB
KIEogiiBKIIwgjCCKIIogiCCIIEYgSCBGEEYQRhBEEAQQRBBEEEQARABCAEQAQgB
CAEIAQgBCAEIAQgBCAEIAQgBCAEIAQgBCAEIAQgBCAEIAQgBCAEIAQgBCAEIAQgB
CAEIAQgBCAEIAQgBCAEIAQgBCAEIAQgBCAEIAQgBCAEIAQgBCAEIAQgBCAEIAQgB
CAEIAQgBCAEIAQgBCAEIAQgBCAEIAQgBCAEIAQgBCAIIAQgBCAEIAQhBCEEIQQhB
CEEIQQgBCAEIAQgBCAEIAQgACAEIAQgBCAEIAQgBCAEIAQgBCAEIAQgBCAEIAQgB
CAEIAQgBCAEIAQgBCAEIATDCMMIwwjCCMIIwgjCCMIIogiiBIIEggSBBIEAgQRhA
GEEYQRhBEEEQQQhBCAEIAQgBCAEQARABEAEQAQgBEAEQARABEAEQARABEAEIAQgB
CAEIAQgBCAEIAQgBCAEIAQgBCAEIAQgBCAEIAQgBCAEIAQgBCAEIAQgBCAEIAQgB
CAEIAQgBCAEIAQgBCAEIAQgBCAEIAQgBCAEIAQgBCAEIAQgBCAEIAQgBCAEIAQgB
CAEIAQgBCAEIAQgBCAIIAggBCAEIAQgBCAEIAQgBCAEIAQgBCAEIAQgBCAEIAQgB
CAEIAQgBCAEIAQgBCAEIAQgBCAEIAQgBCAEIAQgBCAEwgTCCMIIwgSiBKIIogiiC
KIIogiiCIIIggiBBIIEggSCBGIEYQRhBEEEQARhBEEEQQRBBEEEQQRABEAEQQRBB
EAEQARABEAEQARABEAEQARABEAEQARABCAEIAQgBCAEIAQABCAEIAQgBCAEIAQgB
CAEIAQgBCAEIAQgBCAEIAQgBCAEIAQgBCAEIAQgBCAEIAQgBCAEIAQgBCAEIAQgB
CAEIAQgBCAEIAQgBCAEIAQgACAEIAQgBCAEIAQgBCAEIAQgBCAEIAQgBCAEIAQgA
CAEIAQgBCAEIAQgBCAEIAQgBCAEIAQgBCAEIAQgBCAEIAQgBCAEIAQgBCAEIAQgB
KMIwwijCMMIwwijCMMIwwjDCMMIwwTDBKMEogSiBKIEogSiBKIEggSBBGEEYARhB
GEEYQBhBGEEYQRhBGEEQQRBBEAEQARABEAEQARABEAEYARBBEEEQQBBBEEEIQRAB
CAEIARABCAEIAQgBCAEIAQgBCAEIAQgBCAEIAQgBCAEIAQgBCAEIAQgBCAEIAQgB
CAEIAQgBCAEIAQgBCAEIAQgBCAEIAQgBCAEIAQgBCAEIAQgBCAEIAQgBCAEIAQgB
CAEIAQgBAAEIAQgACAEIAQgBCAEIAQgBCAEIAQgBCAEIAQgBCAEIAQgBCAEIAQgB
CAEIAQgBCAEIAQgBCAEIATDBMMIwwjDCMMIwwjDCMMIwwjDCMMIwwjDBMIEogSiB
KIEogSiBKIEogCCBGIEYgRhBGEEYQRhBEEEYQRhBGEEQQRBBGEEYQRBBEEEQQRBB
EEEQQRBBEEEQQRBBEEEQARABEAEQARABCAEIAQgBAAEIAQgBCAEIAQgBCAEIAQgB
CAEIAQgBCAEIAQgBCAEIAQgBCAEIAQgBCAEIAQgBCAEIAQgBCAEIAQgBCAEIAQgB
CAEIAQgBCAEIAQgBCAEIAQgBCAEIAQgBCAEIAAgBCAEIAQgBCAEIAQgBCAEIAQgB
CAEIAQgBCAEIAQgBCAEIAQgBCAEIAQgBCAEIAQgBEAE=
END m9
frame   126 :  a big bag +1.15  a small bag -1.50   led 222/  1 h0.94 lvl-0.17   -
frame   127 :  a big bag +0.28  a small bag -1.95   led  10/144 h0.23 lvl-0.83   -
frame   128 :  a big bag +0.47  a small bag -1.86   led  31/ 88 h0.38 lvl-0.69   -
frame   129 :  a big bag +0.34  a small bag -1.97   led  15/126 h0.27 lvl-0.82   -
frame   130 :  a big bag -0.26  a small bag -2.14   led   0/255 h0.00 lvl-1.20   -
frame   131 :  a big bag -0.54  a small bag -1.92   led   0/255 h0.00 lvl-1.23   -
frame   132 :  a big bag +0.12  a small bag -1.53   led   1/205 h0.09 lvl-0.71   -
enrol     : a big bag, level -0.04, scatter 1.26 (20 frames, visit 1 of 2)
enrol     : 2 classes, nearest pair 3.93 apart, spread 1.26 (3.1x over 1 visit), absent beyond 7.87 (2.0 sep)
            Measured over 1 visit, so this ratio cannot see how far a class moves
            when it is staged again - which is what decides the run. Show each class
            again ('1'/'2' on a later visit) to make it mean something.
            'a big bag' SITS 0.11 SEP FROM THE ORIGIN, which is where a scene identical to
            the frozen background lands. Presence cannot separate the two, so an empty
            desk will read as that class. Re-freeze the background ('N') on a scene
            that is actually empty, or enrol a class that looks less like it.
frame   133 :  a big bag +0.11  a small bag -1.33   led   0/214 h0.00 b0.92 lvl-0.61 d0.15   MATCH a big bag (cos -0.145, nearer by 3.93)
frame   134 :  a big bag +0.06  a small bag -1.22   led   0/222 h0.00 b0.94 lvl-0.58 d0.12   MATCH a big bag (cos -0.145, nearer by 3.93)
frame   135 :  a big bag +0.51  a small bag -1.02   led   0/210 h0.00 b0.92 lvl-0.26 d0.17   MATCH a big bag (cos -0.140, nearer by 3.93)
frame   136 :  a big bag +0.43  a small bag -0.92   led   0/218 h0.00 b0.93 lvl-0.25 d0.14   MATCH a big bag (cos -0.144, nearer by 3.93)
frame   137 :  a big bag +0.90  a small bag -0.63   led   0/210 h0.00 b0.92 lvl+0.13 d0.17   MATCH a big bag (cos -0.139, nearer by 3.93)
frame   138 :  a big bag +0.70  a small bag -0.91   led   0/207 h0.00 b0.91 lvl-0.11 d0.18   MATCH a big bag (cos -0.144, nearer by 3.93)
frame   139 :  a big bag +0.73  a small bag -0.68   led   0/216 h0.00 b0.93 lvl+0.03 d0.15   MATCH a big bag (cos -0.142, nearer by 3.93)
frame   140 :  a big bag +0.99  a small bag -0.41   led   0/216 h0.00 b0.93 lvl+0.29 d0.14   MATCH a big bag (cos -0.140, nearer by 3.93)
frame   141 :  a big bag +0.24  a small bag -0.96   led   0/225 h0.00 b0.95 lvl-0.36 d0.11   MATCH a big bag (cos -0.150, nearer by 3.93)
frame   142 :  a big bag +1.38*  a small bag -0.05   led   0/215 h0.00 b0.93 lvl+0.66 d0.15   MATCH a big bag (cos -0.132, nearer by 3.93)
frame   143 :  a big bag +1.24*  a small bag -0.10   led   0/219 h0.00 b0.93 lvl+0.57 d0.13   MATCH a big bag (cos -0.142, nearer by 3.93)
frame   144 :  a big bag +1.09  a small bag -0.01   led   0/230 h0.00 b0.95 lvl+0.54 d0.09   MATCH a big bag (cos -0.142, nearer by 3.93)
frame   145 :  a big bag +1.79*  a small bag +0.39   led   0/216 h0.00 b0.93 lvl+1.09 d0.14   MATCH a big bag (cos -0.134, nearer by 3.93)
frame   146 :  a big bag +1.43*  a small bag +0.23   led   0/225 h0.00 b0.95 lvl+0.83 d0.11   MATCH a big bag (cos -0.142, nearer by 3.93)
frame   147 :  a big bag +1.96*  a small bag +0.55   led   0/216 h0.00 b0.93 lvl+1.26 d0.15   MATCH a big bag (cos -0.134, nearer by 3.93)
frame   148 :  a big bag +1.67*  a small bag +0.37   led   0/221 h0.00 b0.94 lvl+1.02 d0.13   MATCH a big bag (cos -0.141, nearer by 3.93)
frame   149 :  a big bag +0.99  a small bag +0.19   led   0/245 h0.00 b0.98 lvl+0.59 d0.04   MATCH a big bag (cos -0.146, nearer by 3.93)
frame   150 :  a big bag +4.11*  a small bag +2.20*   led   0/193 h0.00 b0.88 lvl+3.15 d0.24   MATCH a big bag (cos -0.108, nearer by 3.93)
frame   151 :  a small bag +2.61*  a big bag +2.13*   led   5/127 h0.19 b0.90 lvl+2.37 d0.19   MATCH a big bag (cos -0.151, nearer by 2.42)
frame   152 :  a small bag +2.81*  a big bag +2.26*   led   6/121 h0.21 b0.90 lvl+2.54 d0.21   MATCH a big bag (cos -0.136, nearer by 2.31)
frame   153 :  a small bag +0.78  a big bag +0.64   led   3/161 h0.13 b0.93 lvl+0.71 d0.13   MATCH a big bag (cos -0.154, nearer by 2.90)
frame   154 :  a big bag +0.43  a small bag -0.05   led   0/238 h0.02 b0.99 lvl+0.19 d0.02   MATCH a big bag (cos -0.145, nearer by 3.77)
frame   155 :  a big bag +0.50  a small bag -0.08   led   0/254 h0.00 b1.00 lvl+0.21 d0.00   MATCH a big bag (cos -0.143, nearer by 3.92)
frame   156 :  a big bag -0.18  a small bag -0.64   led   0/235 h0.02 b0.99 lvl-0.41 d0.02   MATCH a big bag (cos -0.151, nearer by 3.74)
frame   157 :  a big bag +0.24  a small bag -0.43   led   0/251 h0.00 b0.99 lvl-0.10 d0.01   MATCH a big bag (cos -0.141, nearer by 3.93)
frame   158 :  a big bag +0.64  a small bag +0.11   led   0/245 h0.01 b0.99 lvl+0.37 d0.01   MATCH a big bag (cos -0.140, nearer by 3.84)
frame   159 :  a big bag +0.41  a small bag +0.21   led   1/201 h0.07 b0.97 lvl+0.31 d0.07   MATCH a big bag (cos -0.145, nearer by 3.39)
frame   160 :  a big bag +0.12  a small bag +0.06   led   1/183 h0.10 b0.95 lvl+0.09 d0.10   MATCH a big bag (cos -0.147, nearer by 3.18)
frame   161 :  a big bag +0.18  a small bag +0.11   led   1/184 h0.09 b0.95 lvl+0.14 d0.09   MATCH a big bag (cos -0.144, nearer by 3.19)
frame   162 :  a big bag +0.27  a small bag +0.14   led   1/191 h0.08 b0.96 lvl+0.20 d0.08   MATCH a big bag (cos -0.144, nearer by 3.27)
frame   163 :  a big bag +0.05  a small bag -0.05   led   1/188 h0.09 b0.96 lvl+0.00 d0.09   MATCH a big bag (cos -0.147, nearer by 3.24)
frame   164 :  a big bag +0.37  a small bag +0.21   led   1/195 h0.08 b0.96 lvl+0.29 d0.08   MATCH a big bag (cos -0.142, nearer by 3.32)
frame   165 :  a big bag +0.16  a small bag -0.09   led   1/206 h0.06 b0.97 lvl+0.04 d0.06   MATCH a big bag (cos -0.146, nearer by 3.44)
frame   166 :  a big bag +0.47  a small bag +0.42   led   1/182 h0.10 b0.95 lvl+0.45 d0.10   MATCH a big bag (cos -0.141, nearer by 3.16)
frame   167 :  a small bag +0.30  a big bag +0.24   led   2/169 h0.12 b0.94 lvl+0.27 d0.12   MATCH a big bag (cos -0.146, nearer by 3.00)
frame   168 :  a big bag +0.33  a small bag +0.24   led   1/186 h0.09 b0.95 lvl+0.28 d0.09   MATCH a big bag (cos -0.143, nearer by 3.22)
frame   169 :  a small bag +0.01  a big bag -0.06   led   2/168 h0.12 b0.94 lvl-0.03 d0.12   MATCH a big bag (cos -0.148, nearer by 2.99)
frame   170 :  a small bag -0.15  a big bag -0.31   led   3/159 h0.13 b0.93 lvl-0.23 d0.13   MATCH a big bag (cos -0.148, nearer by 2.88)
frame   171 :  a small bag -0.12  a big bag -0.27   led   3/160 h0.13 b0.93 lvl-0.20 d0.13   MATCH a big bag (cos -0.146, nearer by 2.89)
frame   172 :  a small bag +0.20  a big bag +0.01   led   3/155 h0.14 b0.93 lvl+0.10 d0.14   MATCH a big bag (cos -0.143, nearer by 2.82)
frame   173 :  a small bag +0.49  a big bag +0.46   led   2/173 h0.11 b0.94 lvl+0.47 d0.11   MATCH a big bag (cos -0.140, nearer by 3.05)
frame   174 :  a big bag +0.43  a small bag +0.39   led   1/180 h0.10 b0.95 lvl+0.41 d0.10   MATCH a big bag (cos -0.144, nearer by 3.14)
frame   175 :  a small bag +0.31  a big bag +0.30   led   2/175 h0.11 b0.95 lvl+0.31 d0.11   MATCH a big bag (cos -0.145, nearer by 3.08)
frame   176 :  a big bag +0.55  a small bag +0.53   led   2/179 h0.10 b0.95 lvl+0.54 d0.10   MATCH a big bag (cos -0.141, nearer by 3.13)
frame   177 :  a small bag +0.25  a big bag +0.21   led   2/172 h0.11 b0.94 lvl+0.23 d0.11   MATCH a big bag (cos -0.147, nearer by 3.04)
frame   178 :  a big bag +0.24  a small bag +0.21   led   1/181 h0.10 b0.95 lvl+0.22 d0.10   MATCH a big bag (cos -0.144, nearer by 3.15)
frame   179 :  a big bag +0.19  a small bag +0.05   led   1/193 h0.08 b0.96 lvl+0.12 d0.08   MATCH a big bag (cos -0.145, nearer by 3.29)
frame   180 :  a small bag -0.22  a big bag -0.28   led   2/170 h0.12 b0.94 lvl-0.25 d0.12   MATCH a big bag (cos -0.150, nearer by 3.01)
frame   181 :  a small bag -0.07  a big bag -0.15   led   2/167 h0.12 b0.94 lvl-0.11 d0.12   MATCH a big bag (cos -0.145, nearer by 2.98)
frame   182 :  a big bag +0.34  a small bag +0.28   led   1/184 h0.10 b0.95 lvl+0.31 d0.10   MATCH a big bag (cos -0.141, nearer by 3.18)
frame   183 :  a small bag +0.12  a big bag -0.02   led   3/161 h0.13 b0.93 lvl+0.05 d0.13   MATCH a big bag (cos -0.148, nearer by 2.90)
frame   184 :  a small bag -0.23  a big bag -0.58   led   4/139 h0.17 b0.92 lvl-0.40 d0.17   MATCH a big bag (cos -0.151, nearer by 2.60)
frame   185 :  a small bag -0.29  a big bag -0.57   led   4/146 h0.16 b0.92 lvl-0.43 d0.16   MATCH a big bag (cos -0.147, nearer by 2.70)
frame   186 :  a small bag -0.67  a big bag -0.85   led   3/157 h0.14 b0.93 lvl-0.76 d0.14   MATCH a big bag (cos -0.150, nearer by 2.84)
frame   187 :  a small bag -0.81  a big bag -0.84   led   2/173 h0.11 b0.94 lvl-0.83 d0.11   MATCH a big bag (cos -0.148, nearer by 3.05)
frame   188 :  a big bag -0.58  a small bag -1.00   led   0/231 h0.03 b0.99 lvl-0.79 d0.03   MATCH a big bag (cos -0.146, nearer by 3.70)
frame   189 :  a small bag +2.66*  a big bag +1.79*   led  10/ 95 h0.26 b0.87 lvl+2.22 d0.26   MATCH a big bag (cos -0.122, nearer by 1.86)
frame   190 :  a big bag +3.97*  a small bag +3.88*   led   1/187 h0.09 b0.95 lvl+3.92 d0.09   MATCH a big bag (cos -0.115, nearer by 3.22)
frame   191 :  a small bag +6.81*  a big bag +6.00*   led   9/100 h0.25 b0.87 lvl+6.40 d0.25   MATCH a big bag (cos -0.108, nearer by 1.95)
frame   192 :  a small bag +5.79*  a big bag +2.49*   led  81/ 13 h0.70 b0.85 lvl+4.14 d0.30   MATCH a small bag (cos -0.124, nearer by 1.56)
frame   193 :  a small bag +8.12*  a big bag +4.72*   led  89/ 11 h0.72 b0.86 lvl+6.42 d0.28   MATCH a small bag (cos -0.071, nearer by 1.72)

enrol     : the next 20 frames are 'a small bag' AGAIN - they join the visit(s) it already has. HOLD THE SCENE STILL until it lands.
frame   194 :  a small bag +6.35*  a big bag +2.36*   led 135/  5 h0.82 b0.91 lvl+4.35 d0.18   MATCH a small bag (cos -0.129, nearer by 2.54)
frame   195 :  a small bag +4.04*  a big bag +0.40   led 106/  8 h0.76 b0.88 lvl+2.22 d0.24   MATCH a small bag (cos -0.149, nearer by 2.05)
frame   196 :  a small bag +2.18*  a big bag -1.26   led  91/ 11 h0.72 b0.86 lvl+0.46 d0.28   MATCH a small bag (cos -0.156, nearer by 1.77)
frame   197 :  a small bag +1.45*  a big bag -1.93   led  87/ 12 h0.71 b0.86 lvl-0.24 d0.29   MATCH a small bag (cos -0.147, nearer by 1.69)
frame   198 :  a small bag +1.10  a big bag -2.25   led  85/ 12 h0.71 b0.85 lvl-0.57 d0.29   MATCH a small bag (cos -0.145, nearer by 1.65)
frame   199 :  a small bag +0.49  a big bag -2.73   led  76/ 14 h0.69 b0.84 lvl-1.12 d0.31   MATCH a small bag (cos -0.152, nearer by 1.46)
background: after 30 frames (frozen, room spread), this room reads  a small bag -0.148 +-0.0062 (COCO -0.142 +-0.0317)  a big bag -0.145 +-0.0038 (COCO -0.133 +-0.0262)
frame   200 :  a small bag +0.07  a big bag -3.23   led  81/ 13 h0.70 b0.85 lvl-1.58 d0.30   MATCH a small bag (cos -0.152, nearer by 1.57)
frame   201 :  a small bag -0.08  a big bag -3.39   led  82/ 12 h0.70 b0.85 lvl-1.73 d0.30   MATCH a small bag (cos -0.150, nearer by 1.60)
frame   202 :  a small bag -0.09  a big bag -3.61   led  97/ 10 h0.74 b0.87 lvl-1.85 d0.26   MATCH a small bag (cos -0.148, nearer by 1.89)
frame   203 :  a small bag -0.41  a big bag -3.83   led  89/ 11 h0.72 b0.86 lvl-2.12 d0.28   MATCH a small bag (cos -0.154, nearer by 1.74)
frame   204 :  a small bag -0.41  a big bag -4.04   led 105/  8 h0.76 b0.88 lvl-2.23 d0.24   MATCH a small bag (cos -0.150, nearer by 2.04)
frame   205 :  a small bag -0.81  a big bag -4.54   led 113/  7 h0.78 b0.89 lvl-2.67 d0.22   MATCH a small bag (cos -0.157, nearer by 2.18)

snapshot  : frame 206, mean RGB 137 121 128
BEGIN m9 128 128 32768 16fda6d3
nNKc0ZSRpRS1lrWWrVWlFLWWvhfGGL4XrZa1174XxljGWMZYxhi+GLXXvdjOmc6a
xlm+GMZZ1prWmtaazlnGGNab1tvWm8ZZxlrW3N8c3xzW286a3xvfHN8c1tvOmtbb
3xzfHN8d1tzW29ab3xzfHd8d3x3O29bb1xzfXd9d1tzO29cc3x3fHt8d1tzOm9cc
3x3fHc6bztvXHNcd1tzOm87c1tzW3M7cztzOm86bzpzOm86bxlrGWsZaxprGmsaa
vpq+mr5Zvlm+Gb5Zthm2GK3Yrdi12K3Yrdetl62XrZellqWWnVadVqVWnVWdVZ0V
nRWdFpUVnRWU1YzTjNOM06TSnJKUkqUUtZa1lrWWpRStVb3Xxhi+GK2Wtde+F8ZY
xlnGWcYZvhi9173YzlrOmsZZvhjGWc6a1prWms5ZxhjW29bb1pvGWs5a3tzfHN8c
1tvOmt7b3xznHdbbzpre3Ocd5x3fHtbd1tzOnNcd3x3fHd8d1tvW297c5x3nHd7c
1pvfHN8d3x3fHdbczpzW3d8d3x3W287c1x3fHdbczpvWnNbc1tzW3NaczpzOW86b
zpvGmsabxlrGmsabxpvGm76bvpu+Wr5avhm+WrYZthit2LXYtdmt2K3YpZell62X
pZelV6VWpValVqVWnVWdFZUVnRadFZUVlNSMk4yTjJKk0pzSlJGlFLWWtZe1lqUU
rVW918YYvhi1lrXXvdfGGMZZzhnGWb4Zvdi92M5azprGWb4YxlrOmtaa1prOWsYZ
1tvW3NbbxlnOmd7c3xzfHNbczpvXHN8d313W286a3tznHOcd5x3e3NbczpvfHd8d
3x3fHdbb1tzXHd8d317W3Nbb3x3fHece3x3W3M7b3x3fHd8dztvOnNbd3x3W3M6b
ztvW3Nbc1tzW3M6cxpvOm86cxpvGW8ZbxlvGm8abxpvGm75bvlq+Gr4avlq2GbYZ
tdi12LXYrZit2K2XrZetl62XpZedVp1WpZedVp0VnRWVFZ1WnRWdFZTUjJKMk4yT
nNKc0pSSpRS1lrWWtZalFK1VvdfGGMYYtZa9173XxhjGGMYZxhnGGL3XvdjOWs6a
xlm+GMZZztrO2s6axlnGWdbb1tvW28ZZxprW3N7d3t3W3M6b3tzfHOcd1tzOm97c
5x3nHecd3t3e3Nab3tznHecd5x3WnNbc3x3fHece3t3WnN7d3x3fHd8d1tzWm98d
3x3fHc7bzpzW3d8d1t3Om86c1tzW3Nbdzt3OnMabzpzOnM6cxlvGW8ZbxlvGm8ab
vlu+W75avhm+Gr5athm2Ga3Yrdi12a2YrZitl63YrZetl6WXnVadVqVWnVadFpUV
lRWdVp0VlRWVFIyTjJOMk6TSnNKckqTUtZa9l7WWrVWtVb3XvdfGGLWWtde918ZY
xlnGWcZZvhm9173XzpnOms5ZxhjOWdaa1prOms5axhnW297c1tvGWc6Z3tze3N7c
1tvOm97b5xznHN7b1pre3Occ5x3nHd7d3tzWm97c5x3nHecd3pze3N8d5x3nHt7d
1pze3ece5x7fHdbc1pzfHd8d3x3O287b1x3fHdbczpvOm9bc1tzW3dbczpvOm87b
zpvOm8abxlrGW8ZbxpvGm76bvpq+WrZZthm+WrYZthmt2K3Ytdit163YpZetl62X
rZellp1WnValVqVWnRWdFZ0VnRWdFZUVlNSMk4yTjJOk0pzSlJGc07WVtda1lq1V
rVW918YYvhi1lrXXvdfGGMZZxlnGWb4Yvdi9185ZzprGWb4YxlnWmtab1prOWc4Z
1tvW3NbbxlrOmt7c3tzfHNbbzpre2+bc5xze29aa5tznHecd5x3e3dbc1pve3Ocd
5x3nHd7c3tzfHece5x7e3dac3t3fHecd3x3W3Nbb3x3fHd8e1tzOnN8d3x3W3M6b
1tvW3Nbd1t3W3M6cxpvOm86bzpvGW8ZbxpvGm8abxpu+m75avlq+Gr4Zvlq2GbYZ
rdit2LXYrdet2K2XrZitl62XpZalVp1WpZedVp0VnRWdFZ1VlRWVFIzUjJKMkoyS
pNKc0pSSnNO1lr3XtZalFK1VvdfGGMYYtZa1173YxhjGGc5ZxlnGGb3XvdfOWdaa
zlm+GMZZztvW29abzlnGGdbb1tvW28ZZzlne298c3xze3Nab3tznHOdd3tzWm+bc
5x3nHd8d3x3W3Nab3xznHecd513W3Nbc3x3fXude3x3W3N8d5x3nHd8d3tzWm98d
3x3fHdbc1tzfHd8d1xzOm9bc1tzW3Nbc1tzOnMabzpvOm8aaxpu+W8abxpvGm8ab
xpu+Wr5Zvhm+Gb5Zthm2GK3Yrdi12K3Yrdell62XrZetlqVWnVWdVp2WnVadVpUV
nRWdVpUVlRWU1IySjJKMkqTTnNOckqTTtZa9lrWWpRStVb3XxhjGGLWWvZa918YY
xlnGWcZZxhm92L3YzlrOms5ZxhjOWdab3pvWm85ZxlnW29bc1tvGWc5Z3tvfHN8c
1tvOmt7b5xznHd7c1pve3Ocd5x3nHecd3tzem97c5x3nHedd1tzW3N7d3x3nHt8d
1tvfHd8d517nHd7c1tzfHd8d3x3WnNab3x3fHdcdzpvO29bc1tzW3NbczpzOm86b
ztzOm85bxlvGW8abxpvGm8abvpq+Wr5Ztlm+WrYZthi12LXYtdit2K3YpZel162X
rZellqVWnValV6VWnRWdFZUVnVadFZUVlNSMk4yTjJKk05zTlJKc07WVvda1lq1V
rVW918YYxhi1lr2WvdfGGMZZxlnGWcZZvhi92M5a1prOWcYYzlnWm9bb1tvOWsZZ
1tvW3N7bzlnOWd7c5xznHN7b1pre2+cd5x3e3Naa3tvnHecd5x3fHd7c1pve3Ocd
5x3nXdbc1tze3ecd517fHdbc3x3fXedd5x3e3N7c5x3nHd8d1pzW3N8d3x7W3M6b
zpvW3Ncc1xzO3M6bxpvOm87bzpvOW8ZbzlvGm8abxpvGm75avlm+Gb4Zvlq+GbYY
tdi2GLXYrdit2KWXrZitl62XpZelVp1WpVadVp0VnRWVFZ1WnRWVFYzUhJOEk4SS
pNOc05ySnNO1Vr3XtZetVa1VvhfGGMYYtZa9lr3XxhjOWc5ZzlnGGcXXvdjOWs6a
zlnGGM4Z1prem9abzlrGWdbb1tve285Zzlne3Occ5xzfHNab3tvnHecd3tzWm97c
5x3nHecd3x3e3Nbc3xznXedd513e3N7c3t3nHude3x3W3N8d313nXude3t3e3Ocd
5x3fHdac1tzfHd8d3tzWm87b1xzXHNbdztzOnMabzpvOnM6cxlvGW8ZbxpvGm8ab
xpu+mr5athm+Gb4athm2GK3Zrdm12a3Yrdill6XYrZetl6VWnVadVqVWpVadFZ0V
nRWdVZUVlRWM04SSjJKMkqTSnNOU0pzTrZa1lrWWrVWtVcYYxhjGGLWWtZe92MZZ
xlnOWc5Zxlm+GL3XzlnOms6ZxhjOWdaa1trWm86axlne297b3tvGWc5a3tvnHOcc
3tvWmt7b5xznHN7c1pve3Ocd5x3nHd8d3tzW3N8c513nXedd3tze3N8c513nXt8d
1tzfHede517nXd8c3tznHecd5x3W29bb3xzfHN7d1pzWnN7d3t3XHdbc1tzOm86b
ztvOm8aaxprGmsaaxpvGm8Zbxlu+Gr4Zvhm+Wr4Zthm12bXZtdit2K3YpZelmK2X
rZell51WnValVp1WnRWdFZ0VnVaVFZUVlNSMkoySjJKlE6TTnNOc07WWvda1lq1V
rVW+GMYYxlm1l7XXvdjGWc5ZzlnGGMYYvdi92M5a1prOWsYZzhnWm9bb1pvOmsZZ
1tve297bzhnOWt7b5xznHN7b1pre2+cc5xzfHNaa3tznHecd517fHd7c1tvnHOdd
513nXd8c3tznHOdd513nHd7c3x3nXede313fHd7c5x3nHecd3tzW3N8d3x3fHM7b
1tzfHd8d1x3W3NbczpvOm9bczpvOm8abxpvGm8abxpvGm76bvlq2WrYZvlm2GbYY
rdit2LXYrZet2KWXpditl62XpZelVp1WpVadVZ1VlRSVFZ0VlRWVFYzThJOEkoSS
nROdE5zTnNO1lr3XvdetVa1VvdfGGMYYtZe1173YxlnOWc5ZzhnGGL3YvdjOWtaa
zprGGM5Z1tve29bbzprGWdbb3tze3M5Zzlre3Ocd5x3e3Nab3tznHecd3xzWm98c
513nXedd5x3e3Nbc5xznXe9d513e3N7c5x3nXede3x3W3N8d517nXude3x3e3N9d
513nXdbb1tvfHN9d3xzW29bb3xzfHN8c1xzO286bztvO3M7cxpvGm8abxpvGm86b
xpvGm75avhm+Gb4athm2Ga3Yrhi12K3Xrdill6XXrZitl6VWpVadVqVWnVadFZUU
lRWdFZUVlRSM04SShJKEkqUTpROc05zTtZa9173XrVWtVb3XxhjGGL3Xvde92MYZ
zlrOWcZZxhm+GL4YzlrOm85axhjOWdaa1tvW286axlnW298b3tzOWc5a3tznHOcc
5tzWmt7b5xznHOcc1pve3O8d7x3vXecd3tze298c713vXe9e3x3e3N8d517vXuce
3tznHede717nXt8d1tznXedd513e3Nbc3x3fHt8d1tzW3N8d3x3fHNccztzOm86c
1tzOm86bzpvOm86bzpvOm8abxpvGWr5avhq+WrYZtdmt2LXYtdmt2K3YpZitl62X
rZelVqVVpValVp1WlVWVFZUVnVWVFZUVjNSEk4SShJKlEp0TnNOc07WWtda91q1V
pVS918YYxhi9l7WXvdjGWc5ZzlnGWcYYvhi9185a1pvOWsYYzlnW2t7b1tvOm8ZZ
1tvfG98bzlnOWd7b5xznHN7b1pre2+cc5x3nHN6b3tznXedd513nHecc3tznHe9d
713vXubd3t3fHedd717nXd7c5x3vXu9e517fHdbc5x3nHecd3tzW3Ocd5x7fHdbc
1tzfHd8c3xzfHdbczpvOnM7czpzOW85bzpvOm86bzpvOm8aaxlq+Wr4avlq2GbXZ
rdit2LXYtdit2KWXpdet16WXpVedVp1WnZadVpUVlRWVFZUVlRWVFIzTjJKMkoSS
pROlE5zTnNOtVbWWvdetVa1VvdfGGMYYvde1173YxlnOWc5ZzlnGGL4YvhjOmtaa
1prGGM5Z1pre2tbb1prOWd7a3tve3M5azlne2+cc5xzfHNab3tznHe8d5xze297c
513vXedd513fHNbb3xzvXe9d717m3d7c5x3nXe9e5x3e3Occ717vXu9e5x3e3ecd
5x7nHdbc1tvfHecd3xzW29bc3xzfHd8d3x3W3M7czpzW3M6czpvGm86bzpzOm86b
zpvGm8Zavlq+Wr5athm2Ga3Ytdi2GK3Xrdell63YrZitl6WXnVadVp2XnVadVpUV
lRWdFZUVlNWM04SShJKEkqUUpRSk1JzTtZa9173XtZatVb3XxhjGGL3Xvde+GMZZ
zlnOWc5Zxlm+GL3XzprOms6axljOWdaa3tve29aazlnem97b3tzOWs5a3tvnHOcd
3tzW29bb5x3nXecc1tve3Odd713vXedd5xzfHOcd717vXu+e3x3fHOcd717vXucd
3tznHe8d717vXecd3tznHecd5x7W3dbc3x3nHecd1tzW3N8c3xzXHdcc1tzOm86c
1tzOm8abxpvOm86bzpvOm86bxprGWr5Zvhm+Wr4Ztdit2LXYtdit2K3YpZet2K2X
rZellp1WnValVqVWnVWVFZUVlRWVFZTUjJOEkoSShJKlFKUUnNOc061Vvde917WW
rVW918YYxhi917XXvhjGWc5ZzlnOWcYYxhjF2M6a1prWmsYYzlnWm97b3tvWms5Z
3pve297czlrOWt7c5x3nHd8c1tvW2+cd513nHNab3tzvXe9d713nXecc3tznHe9e
7173Xucd5xznHe9e717nHd7c3x3vXu9f717nHd7c5x7nHuce1t3W3N8d5x7nHdbc
1tzfHd8d3x3fHdbcztvOm9bc1tvOm86bzpvOm86bzpvOm8abxlq+Wr4Zvlm+GbXZ
rdi12LYYrdit2KWXpdetl62XpZedVZ1WpZadVp1VlRWVFZ0VlRWU1IyThFKEUoRS
rRSlFKTUnNO1Vr3Xvde1lq1VvhfGGMYYvde1lr4XxljOWc5ZzlnGGcYYxdjOmtaa
1prGGM5Z1trW29bb1prOWd7b3tze3M6azlre2+cc5xze3N7b3tznHe9d5x3em+cc
713vXe9d713nHN7b5xzvXe9d717nHd8c5x3vXe9e513e3Ocd713vXu9e5x3m3Ocd
5x3nHt7c1tzfHecd3x3W3Nbc3t3fHd8d3x3W3c7b1pzW3M6bzpvOm86bxpvOm86c
xpvGm8Zavlm+Gb5avhm2Ga3Ytdi12K3Yrdill6WXpZell6VWnVWdVqWWnVadVZUV
lRWdFZUVlNSMk4RShFGEUqUVpRWlFJzTrVW9173XtZatVb3XxhjGGL3Xtde+GMZZ
zlrOWc5ZxhnGGL4XzprWmtaaxhjOWdba3tve29aazlnemt7c3tzOms6a3tvnHOcc
5xze297c5x3vXecd3tvnHO9e713vXe9d5x3m3Ocd717vXu9e5x3fHOcd717vXude
3tznHe9e717vXucd3tznHece513fHNbc5x3nHucd1tzW3N8d3x3fHdcd1tzO3Nbc
1tzO286bzprOm86bzpvOm86bxpq+Wr5Zvhm+Wb4Zthit2LXYtdi1163YpZetl62X
rZelVp1VnValVp1WnRWVFZUVnRWVFZTUjJOEUoRShFKtVa1VrRSlFLWWvde917WW
rVW918YYxhi9173XxhjOWc5ZzlnOWc4ZxhjF2NZZ1prWmsYZzlnWmt7b3tvWms5a
3pve3Obc1prWWd7b5xznHOcc3tve2+9d713vXd7b5xzvXe9e713nXecc5tznHO9d
713vXucd5t3nHe9e717nXd7c5x3vXu9e717nHd7c5x3nHede3xzW3Ocd5x3nHd7c
3tznHd8d3x3e3dbczpvW29bc1tzOm86bzpvOm86bzpvOm8aaxlq+Wr4Zvlq+GbYZ
rdi12LXZrdit2KWXpZetl6WXpVadVZ1VpZadVp0WlRWVFZUVlNSU1IyThFKEUoRS
rVWtVa1VpRS1lr3Xxde1lq1VvdfGGMYYvde1174YxlnOmc5ZzlnOWcYYxdjOmtab
1prOGM5Z1pre297b1prOWd6a5xznHNaa1pre3Ocd5x3nHd7b3tvvXe9d713e2+cc
717vXu9e7x3nHd7c5xzvXe9d717nHebc5x3vXu9e7x3m3O8d717vXude5x3e3Ocd
513nXd8c3tznHecd5x3e3Nbc3x3fHd8d3x3W3dac1pzW3NbczpvOm86bzpvOm86b
zpvGWr5avhq+Gb4athm12a3Ytdi12K3Yrdill62XrZetl6VWnVadVp1WnVadFZUV
lRWVFZUUjNSMk4RShFKEUq1VrVWtVaUUrVW9173XtZatVb3XxhjGGL3YvdfGGM5Z
zlnOWc5ZxlnGGb4YzprWmtaaxhnOWdaa3tve29aazlnWmt7c5xzWmtaa3tznHecd
5xze297b713vXe9d3tvnHO9d753vXedd5xzfHOcc717vXvde5x7m3e8e7173nu9d
3xznHe9d717vXucd3tznHedd717nHd7c5x7nHucd3tze3Ocd5x3nHd8d1tzWm9bc
1tzW3M6bzpvWm86bzpvGm8abxpu+Wr4Zvhm+Gr4Zthmt2LXYtdi1163XpZat162X
rZelV51WnVadVp1WnRWVFZUVlRWVFZTUjJOEUoRShFK1lq1VrVWtVbWWvdfGGL3X
rVW918YYxhi+GL3XxhjOWc6azlnOWc5ZzhjGGNaa1pvWm8YZzlnW297b3tvWm85a
1pve3Occ1prWmt7c5xznHecc3tve2+9d713vXd7b3xzvXe9d713nXecd5xznHPde
7173Xucd5xzvXe9e75/vXt8c5x3vXu9e717nHd7c5x3nXu9e3tze3Ocd513nHd7c
3tzm3ecd3x3fHd7d1pvW3Nbc1tzOm86bzpvOm86bzpvOm86axlq+Gr4Zxlq+GbYZ
rdi12LXYtdet2KWXrZetl6WXpVadVp1WpVadFZ0VlNSVFZ0VlRSM1ISThFKEUoRS
tZa1lq1VrVW1lr3Xvde9162WvdfGGMYYxhi918YYzlnOWc5ZzlnGWcYZxhjWmtab
1pvGGc5Z1pve297b3pvWWt6b3xznHNaa1pre2+dc5x3nHd7c3tvnXe9d513e2+cc
713vXe9d513nHebc5x3vXu9e917vHecc7133Xvee717nHecd717vXu9e5x3e3Ocd
517vXucc3tvvHe9d5x3e3N7c5x3nHd8d3t3e3Nbc1tzW3NbczpvOm9bbzpvOm86b
zpvGm75avlq+Gb5avhm12K3Yrdi12LXXrZellqWXpZell6VWnVWdVaVWnVadFZUV
lRWVFZUVlNSMk4RShFKEUrWWtZatlq1VtZa9174XvdetVb3XxhjGWcYYvdfGGM5Z
zlnOmc5ZzlnGGL4YzlrWm9abzhnOWtab3tve3N6b1lrWmt8b5xzWmtaa3tvnXOcd
5xze29bb513vXu9d3tzfHO9d713vXu9e5x3nHOcd7173Xvee713nHO9d7173n+9e
5xzvXe9e717vXucd3tznXe9e717nHd7c5x3nXucd3tze3Occ5x3fHd8d3t3W3Nbc
1tzW3M6bzpvOm86bzpvOm86bxlu+Wr5athm+Wr4Zthmt2LXYtdit2K3YpZel162X
pZelVp0WnValVp0WnRWU1JUVlRWNFYzUhJOEUoRShFK1lrWWtZatlbWWvde+GL3Y
tZe92MYZxlnGGb3XxhjOWc5azlrOmcZZxhnGGNZZ1prWm85ZzlnWmt7b3tvWm86a
1prnHOcc1prOWd7b5xznHecd3tze2+9d713vXd7b3xvvXe9e717vXecd5x3nHe9e
9173nu9e5xzvXfee957vXubd7x3vXvde717nHd8c517vXu9e5x3e3Ocd717nHd7c
3tznHecd5xzfHd8c1tvW297c1tzOm86bzpvOm86bzpvGm8aavlq+GbYZvlq+GbYZ
tdi12LXYtdet16WWpZetl6WXpVadFZ1WpVadFZ0VlNSVFZUVjNWM1ISThFKEUoRS
vde917XXrZa1174YxhjGGLWWxdfGGc5Zxlm918YYzlnWmtaazprOWsZZxhjWWdab
3pvOWc5Z1pre297b1prWmt7b5xznHNab1pre2+cd5x3nHN7b3tvnXe9d713e2+cc
713vXe9e717nHecc5xzvXfee957vXecd7133nvef717nHO9d7173Xu9e7x3m3O9e
717vXucd3tznHe9d513e3N7c5x3nHecd3t3e3Nbc1tze3dbbzpvOm86bzpvOm86b
xpvGm75avlq2Gb4Zvhm+GbXYtdi12K3Xrdill6WXrZell6VWnRWdVaVWnVadVZUU
lRSVFZUUlNSEkoRShFGEUr3Yvdi9l7WWvZfGGMYZxhi1lr3XxhjOWc5ZvhjGGc5Z
1lnWmtaazlrGWsYZzlrW297bzlrOWdab3tve3N6b1lremubb5xzem9aa3tvnHOcc
5xze297b513vXe9d3xvnG+9d713vXe9e713nHecd7573nvef713vHe9d9173n++e
5xzvXfde9573nu9d5xzvXu9e717nHd7c5x3vXucd3tze3Occ5x3nHd8d3t3W3Nbc
3tzW3M6bzpvOnM6bzpvOm8abxlq+Wr4Zvhm+Gb4Ztdit2LXYtdi12K3YpZell6WX
pZelVp0VnVadVp0WnRaU1ZUVlRWU1JTUhJKEUoRSfFK92L3Xvde1lrWWxhjGGcYY
tZa9185ZzlnOWb4YxhnOWc6a1prOms6axlnGWc5a1tve285azlrWm97b3tvem9aa
3pvnHOcc3tvWmt7b5xznHOcc3tve2+cc713vXd7b3tvvXe9d917vXu8d5xznHO+e
9573nu9e5x3vXfde9573Xucd513vXvee917vXecc717vXu9e5x3e3Ocd517nXd8c
3tznHecd5x3fHN7c1tzW3Nbc1tzOm86bzpvOm86bzpvOm8aaxlq+Wr4Zvlm+GbYZ
rdi12LXYrZit2KWXpZell6WWpVadFZ0VpVadFp0WlNWVFZUVlRWM1IRTfFKEUoRS
vde917XXtZa1l74YxhnGGL2XvdjOGc5Zzlm+GMYYzlnOms6azprOms5ZxlnOmtbb
3tvOWs5a1pve3N7c3pvWmt6a5xvnHN7b1pre2+8d7x3nHN7b3tvvXe9d713e297c
7173Xvde717vHecd5x3vXvee957vXecc7133Xfee757nHedd7573nvee717nHe9e
717vnucc3xznXe9e517fHN7c5x3nHecd5x3e3dbc1tzXHNbczpvOm86bzpvOm86b
xpvGm8Zavhq+Gb5Zvhm2GLXYtdi12K2Xrdill6WXrZill6VWnRadFp1WnRaVFpTV
lRWVFY0UjNSEk3xSfFJ8Ur3Xvde917WWtZbGGMYYxhi9173YzhnOWc5ZvhjGGc5Z
1pnWmtaazprOWcYZzlrem97bzlnOWdaa3tve297b1prW2ucc5xze29aa3tvvXe9d
5xze297b713vXe9d3tvm3O9e9173Xu9e717nHOcd9573nvef717nHe9e9173nu+e
5x3nXfde95/3nu9e5x3vXu+e717nHd8c513vXu9d3xzfHOcd5x3fHd8d3xzW3Nbc
3tze3M6bzpvOm8aazpvOm86bzpvGWr4Zvhm+Gb4Zthm12LXYtditl63YpZell6WX
pZelVp0VnRWlVp1VnRWU1JUUlRWU1IzUhFOEUoRShFK92L3Xvde9l7WXxhjGGMYY
vde918ZZzlnOWcYXxhjOWdaa1prWms6azlnGGc5a1pvW286azlrWm97c3tze29aa
1pre2+cc3tvWmt7b713vHecc3tze2+8d713vXd7b5tz3Xvde9173Xu9e5x3nHO9e
9573nu9d51zvXfee95/3Xucc5133nvee957vXecd717vnu+e5xzfHOdd717nXd8c
3xznHecd5x3fHd7c1tzW3Ncc1tzOm86bzpvOm86bzpvGm8abxlrGWb4Zvlm+GbYZ
rdi12LYYrdit2KWXpZetl6WXpZadFZ0VpVadFZ0VlNSU1ZUVjNWM1IRThFF8UXxR
vde9173XtZa1l74YxhjGGLXXvdjOWc5ZzlnGF8YYzlnWmtaa1prWms5azhnOWtab
1tzOms5a1pve3N7c3tvWmtba3xvnHN7b1pre2+9d713nHN7b3tvvHe9d717m3Obc
9173Xvde917vXu8d5x33Xvee957vXecc7133nvef91/nHedd9573nvee713nHO9e
757vXucd3tznXu9e717fHN7c5x3nHd8d5x3e3Nbc1tzXHNbczpvOm86bzpvOm86b
zpvOm8Zaxlq+GcZZvhm2Ga3Ytdi12K2YrZell6WXpZell6WXnRWdFqVWnRaVFZTU
lNWVFYzVjNR8k3xSfFJ8Ub3Xvde917WXtZbF2MYYxhi9173XzlnOWc5ZvhfGGM5Z
1prWmtaa1prOWs4ZzlrWm9bbzprOWtaa3tve297b1prWmt7b5xze29aa3tvvHe8d
7x3e3N7c713vXe9d5tvm3Pde9173nvde717nHecd9173nvee717nHe9d9573n/de
5x3vHvee9573nu9d5xzvXu9e717nHd7c7x7vXudd3xzfHOcd5x3nHecd3t3e3Nbc
3tzW3M6bzpvOm86bzpvOm86bxpvGWr4avhnGWr4Zvhmt2LXZthit2K3YpZell6WX
pZedlp0WnRadVp1WlRWU1JUUlRSU1IzUhFKEUnxSfFK92L3Yvdi1l7WXxhjGGMYY
vde918YZzlnOWb4YxhnGWdaa1prWmtaazlnOWc5a1pve29aazlrWm97c3tze29aa
1trfG+cc3tvWmt7b713vXe8d3tze2+9d713vXebc5xzvXvee9573nu9e51znHPde
9573nu+e513vXe+e95/3nucd7133nvee957vXucd717vXu9e5x3e3O8e717vXd8c
3tznHecd5x3nHd7c1tzW3Ncc1tzOm86bzpvOm86bzpvOm8aaxlrGWb4Zxlm+Gb4Z
tdi12LYYtdit16WXpZetl6WXpVadFZ0VpVadFZUVlNSVFZUVlNSM1IRShFKEUnxS
vdi9173YtZe1l74YxljGWL3XvdfGWc5Zzlm+F74YzhjOWdaa1prWms5axhnOWdaa
3tvWms5Z1pre297c3tvWmtaa3tvnHN7b1pre2+9d713vXebc3tvvXe9d753nHOcc
9173Xvee917vXecc5xz3Xvee957vXucd7x73Xvef957nHe9d9573nvee713nHe9e
7173X+cd5tzvXe9e7x3m3N7d5x3nHecd3x3e3dbc1tze3NbczpvOm86bzpvOm86b
zpvOW8Zaxhq+GcYZvhm+GbXYtdm12LXYrZilV6WXpZell6VWnRWdFaVWnVaVFYzU
lNWVFYzUjNOEUoRRfFF8Ur3Xvde917WWtZbGGMYYxhi9173XxlnOWc5ZvdjGGM5Y
1pnWmtaazprOmcZYzlnWmt7b1prOWdaa3tve297b1prWmt7b5xze29aa3tvnHe9d
7x3m3N7b713vXfde5tzm3Pde9173nvee717nHecc9173nvee713vHe9d957/n/ee
7x3vXfee9573nu+e5x3vXu9e917nHebc713vXu9d5xzfHOcd5x3nHecd3t3W3Nbc
3x3W3Nab1pvOm86bzpvOm8aaxlrGWsYavhm+Wr4Zvhm12LXYthi1163XpZell6WX
pZelVp0VnRalVp1WnRaU1ZTVlRWU1IzUhFKEEnwSfBK9174Yvde11rWWxhjGGM4Y
vde9l84ZzlnOWr3YvhnOWc5Z1pnWmtZazlrGWc5Z1pre29aazlnWmt7b3tve29aa
1pre2+cc3tvWmt7b5xzvXe8d5tze2+9d7173Xucc5xz3Xfde9173Xu9e5x3vHPee
9573nved7x3vXfee9573nucd7x33nv+e957vXucd717vX/df5x3m3O9e717vHucd
5tzvHe8d5x3fHd8d1tzW3N7c3tzW29ab1pvOm86bzpvOmsZaxlrGGr4Zxhq+GbYZ
tdi12LYZrdet16WWpZell6WXpVadFZ0VnVadFpUVlNSU1ZUVlNWM1IRSfFJ8UnxS
vde9173XtZa1lsYYxhjGWL3XtdfGWc5Zzlq+GL4YxlnOWtaa1prOms5ZxhnOWd7b
3tvWms5a1pre297b3tvWmtaa3xznHN7c1lrem+cd7x3vHObc3tvvXe9e913m3Obc
917/Xvde917vXucd5x33Xvee9573nu8d9173nvef957vHe8e9573n/ef717nHe9e
717vXucd5tzvXfde717nHObc7x3vHecd5x3e3Nbc1tzfHd7c1pvOm86bzpvOm86b
xprGWsZavhm+Gb5Zvhm2Ga3Ytdi2Ga3Yrdill6WXpZell51XnRWdFqVWnVWdFYzU
lNWU1ZTUjNSEU3xSfFJ8Ur3Yvdi92LWXtVbF18YYzhi917WXxhnOWc5ZxhjGGMZZ
zlrOms6azprOWsYZzlrem97b1prOWdaa3tve297b1pvWmt8c5xze29aa3tvnHO9d
7x3m3N7b713vXe+d5xznHPdd9173Xvde917vHe8c9173nv+e957vHfdd9173n/ee
7x3vXfee9573nu9e5x3vXu9e91/nHebc713vXe8e5t3e3Ocd5x3nHecd3tzW3Nbc
3x3W3Nab1pvW286bzpvOm8abxlrGWsYZvhm+WbYZthm12LXYtdi1mK2YpVell6WX
pZedVp0VnRadVp0WlRWM1JTVlNWU1YyUhFN8EnwSfBK92L3Yvdi1l7WXvhjGGMYY
vde1lsYZzlnOWcYYxhjGWc5azlrOWs5azlrGGc5Z1pre29aazlnWmt7b3tve29aa
1prfHOcc5tzWmt6b7x3vHe8d5tze2+9d9133necc5xz3Xvde9173Xvde7x3vHPee
9573nu+e713vXfee9573nu8d7133nvee957vXucd717vX/de5x3m3O9d717vXecc
3tznHecd5x3fHd8c1tze3N7c3tzWm9ab1pvOm86bzpvOm85bxlrGGb4Zvhm92bXZ
rdi12LXYrdit2KVXpZell6WXnVadFZ0VnRadFp0VlNSU1JTUlNSM04RSfFF8UXwR
vde9173Xtda1lr4YxhjGWb3XtZbGGMYZzlm+GL4YxlnOWc5a1prOWs5axhnOWd6b
3tvWms5Z1pre298b3tvWmtZa5xznHOcc1prem+8d7x3nHebc3tv3Xfde913u3Obc
917/Xvde917vXucd5xz3Xvee9573nu8d9133nvef957vHe9d9173nvee717nHe9e
7173Xucd5tzvXe9e713nHecc7x3vHecd5x3e3Nbc1tze3d7c1pvWm86bzpvOm86b
zpvGWsYavhm+Gb4Zthm12bXYtdi12K3YrZilV6VXpZelV51WlRWVFZ1WlRWVFY0U
jNWNFYzVjNR8UnwSfBF8Eb3Xvde917XWtZa92MYYxhi917WWxhnOGc5Zvhi+GMZZ
zlnOWs5azlrOWsYZzlnWm97b1prOWdaa3tve297b1pvWmucc5xzm3NZa3pvvHe8d
7x3m3N7b713vXfdd5xznHPdd9573nvee917vHe8c9573nvee917vHe9e9173n/ee
7x3vXvde9573nu9d5x3vXvde957nHebc713vXu9e5xze3Ocd5x3nHebd3tzW3Nbc
3tze3NaczpvWm86bzpvOm86bxlvGGr4Ztdm+GbXZtdmtmLXYtditl62YpVelV6WX
pVedVp0VnRadVp0WlRWM1JTUlRWM1IzThFJ8UnwRfBG9173Xvde117WWvdfGGMYY
vde1lsYYxhnOWb4XvhjGGM5ZzlnOWs5azlrGGc4Z1pvem9aazlnWmt7b3tve29aa
1prnHOcc5tvWmt6b7xzvHe8c5xze2+8d7133Xe8c5tz3Xfde9173Xu9d7xzvHPed
9573nvde7x33Hfde/573nu8d7x33Xvde91/vXucd717vXvee5x3e3O9d713vXucc
3tznHecd5x3nHd7d1tze3N7c3pzWm9ab1pvOm86bzpvGW85bxhrGGb3Zvhq12bXZ
rdit2LXYrZetl61XpVelV6VXnVaVFZ0WnVadFpUVjNWU1ZTVjNSMlHxSfFJ8UnQR
vde9173XtZa1lr3XxhjGGb3YtZfGGMYZzlm+GL4YxhnOWs5a1lrOWs5ZxhjGGdaa
1prWms5Z1pre298b3tvWmtZa5xznHObc1lremucc7xzvHObc3tvvHfdd913u3Obb
9x33Xvde917vXucd5xz3Xvde/173Xe8c9133Xv+e957vHO9d9173Xvde713nHO9d
7573Xucd3tzvHe9e713nHN7c5x3nHebe3t3e3N6c3pze3N7c1pvWm9abzpvOm86b
zlvGWsZavhm2Gb4atdm12a2Yrdi12a3YrZilVqVXpZelV51WlRWdVZ1WnRaVFYzU
jNWM1YyUhJN8UnxSfBF8Eb3Xvdi92L2XtZa918YYxhi917WWxhjGWM5Zxhi92MYZ
zlnOWc5ZzlnOWcYYxhjWmtaa1prOWdaa3tve297c1pvOmt8b5xze29aa1prnHO8d
7x3m3N6b7x3vXfdd5tzm2+8d9173Xvde7x3vHe7c9173Xv+e917vHfdd917/X/+e
7x3vHfde91/3Xvdd5xzvXe9e917nHebc7x3vXe9d5xze3Ocd5x3nHecd3tzWnNac
3tze3Nab1pvWm86bzlvOW8ZbxlrGGb4Ztdm+GbYYtdmtmLWYtdm1mK2YpValV6WX
pVedVpUVnRWdVp0WlRWM1IzUjNWM1ISTfFJ8UXwRfBG1lr3Xvde1lq1VvdfGGMYY
vde1lsXYxhnOWcXYvdjGGc5ZzlrOWs5azlrGGcYZ1pvWm9aazlnOmt7b3xve3Nab
zlrfG+cc5xvWmtaa5xzvHO8c5xzem+8d9133Xe8c5tv3Xfde9173Xvdd7x3vHP9e
/17/Xv9e7t33Hfde/5//Xu8d9x33Xvef917vXecc7133Xvde7x3m3O8d7x3nHd7c
3tvnHecd5x3e3d7d3pzenN7c1pvWW9Zb1lvWW85bzlvGW8Ybvhq+Gb3Zvhm92bXZ
rZitmLXZrZitl6VWpVell6VXnVaVFZ0VnVadFZUVjNSM1YzVjJSElHxSdFJ8EXwR
vde9173XtZatVr3XxhjGGb4XtZbGF8YYzlm+GL3YxhnOWc5azlrOWs5ZxlnGGdaa
1pvWms5Z1pre297b3tvWms5Z3tzm3Obc1lrWmucc7x3vHObc3pvvHPdd913vHObb
7x33Xfdd917vHe8c5tz3Xvde/173Xu7c7x33Xvee957nHO8d9173nvde7x3m3O8d
9173Xu8d5tzvHfdd7x3m3N7c5x3nHecd5x3e3Nbb1pze3N6c1lvWW9ZbzlvOW85b
zlrGGr4avdm92L3Zvdi12K2Ytdi12K3YrZelVqVWpVelV50WlRWdFp1WlRaVFYzU
jNWM1YyUjJR8EnQSdBJ0EbWXvde917XXtZa918YYxhjGF7WWvdfGGc4Zxhi92MYY
zlnOms6ZzlrOWcZZxhjWmtaa1prGWdaa3tvm3N7b1tvOWt7b3tve285Z1prnHO8c
7xznG96a5xzvHfdd7tvm2+8d9x33Xfde913vHe7c9133Xfde917u3O8c9133Xvde
7x3vHfde9173Xu8e5tzvHfcd913nHN7c5x3vHecd3tze3N8d5xznHObc3tzenNab
1pzWm85azlrOWs5azlrOWs4axhq+Gb4Zvdm+GbXZtdi12K2Yrditl62XpVelV6VX
pVedVpUVlRadVpUWlNWM1JTUlNSM1ISTfBJ8EXwRdBG1lr3Xvde917WWvdfGGMYZ
vhe1lr4YxhnOGcXYvdjGGcZZzlrOWs5azlrGGcYZ1pvWm9aazlnOmt7b3tze29aa
zlre297c5tzWWdZa5tzm3O8c5tvemu7c9x33He7c5pvvHPdd9133Xe8c7xzu3Pcd
9133Xvdd5tzvHPdd9173Xu7c7xz3Xvde917vXebc7x3vHe8d5tze3Ocd7x3nHN7b
3tvm3Obc3tze3N6b1pvWm96c1pvOWs5azlrGWc5azlrGWsYavdm12bWYvdm12LXY
rdetl7WYrZitl6VXpZell51XnRaVFZ0VnRaVFpTVjNSM1IzUjNSEk3wSdBF8EXQR
tZe92L3Xtde1lrWXvdjGGcXYtZa+GMYZxhnF2L3XxhjOWc5azlnOWs5ZxhjGGNaa
1pvWmsYYzlre297b3tve2s5Z3tvm2+bb1lnWWebb7xzvHObb3prvHO8c7xzm296a
7xz3Hfcd9x323O7c5pv3HPcd9x33He7c7tz3Hfcd913m3Obc7x33Hvcd7x3m3O8c
7x3vHebc3pvm3Occ5xzem96b5tvm2+bb3prWGdXXzZbNlc2UxVTFU8VTxRK80rzS
vNK00rUTtVS1lb3WvZas00nFOUOcT62XrZelVqVWpVelV50WlRWVFp0WlRWU1YzU
jRWM1YzUjJN8UnwSfBF0EbWWvde9173XtZa1l73YxhjF17WWvhjGGcYZvdi918YY
zlnOWs5ZzlnOGcYYxhjWmtaa1prGWc6a1tve297b1prOWd6b3tvm29ZZ1hnmm+bc
5tvmmt5Z5hjl1t1TzJDDzcPNzA3UDtQO1A7LzsvN1A/Uj9SQ1JDMT9SQ3JHc0d0S
1RHdE+VU5ZXtld0TzNHU0dTS3VPdVd2W5dfdltTTxA/DjbtLssmqR6IGkYWJRYFE
eQN5A3DDcMNog2DDYMNgw1iDWIJYgljCaQN5xnnHWMMoAChCScitV62XpValVqVW
pVadFpUVlRWdVpUWlNWM1YzVjNWMlISTdBJ0EXQRdBG1lr3Xvde917WWtZe92MYZ
vde1lr3XxhjGGcXYvdfGGM5YzlnOWc5ZxlnGGcYY1prWm9abxlnOWdab3tve29ab
zlnem96b5tvFVppIkgXDjNxPw42aB3kEaIJYQlBBSEJIQkhBSEFQQVBCUIJQglCC
WINYg1iDWINYg2CCYIJogmiDcIN4w3kEgQV5BXkFgUWBRonHkgiiiqLLmoqSSopK
gkt6THqLcotqi2qLYotizGLMYsxai1JKSck5RzEGMQYxBijEGIMYQhhCIEIoQhgB
EAAYQjmHrZell6VXpVell6VXnVadFZUVnRaVFpTVjNSM1IzUjNSEk3xSfBJ0EXQR
tZa9173Xvde1lrWXvdfGGL3YtZa918YYxhjF2L3XxhjOWc5ZzlnOWcZZxhnGGc6a
1prWmsZYzlrWm97b3tvWms5Z1lremt6agw1JBUBCUEJQQlBCKIMggyCDIIMogyiD
MIM4hECDQINIxFGHUghii2qMas1zToPQjBGUk6TUpNSlFK1VtVa1lr3YxhnOWs5a
1pvW29ab3tze3N7c3tze3N7c3tze3N7c3tzWm9ab1tvW29bbztvO286bxpvGWr5a
vlq12VqMKUYpRjGGKQQgxBiDGINjDa2WpZelV6VXpVelVp0WlRWVFZUWlRWM1YzU
jNSMlISUhJN0UnwRdBF0EbVWvde9172WtZa1lr3XxhjF17WWvdfGGMYYvhi918YY
zhnOWc5ZzlnGWcYYxhjWmtaa1prOWM5Z1prWm97b1prOWdaZ1lnWWWKKMIMYAShC
KENJh0GHSchJyEGGWYeZhqnHsgiyB7HHugjDDNUS5prvHO8c7x3vHO8d7xzvHe8c
7xzvHPdd9133Xfdd9133XO9d713vXe9d713nHOcc5xznHOcc3tvOmdba1trWmtab
1pvWm9ab1pvWm85azlrOWs4azhqUkylFKQQpBCjEKMQgxBiDYw2lV6VXnRadVqVW
nRadFpTVlRWdFpTVlNSMlIzUjJSEk4RTfBF8EnQRdBG1Vr3Xvde9l7VWtZe92MXY
xde1lr3XxhjGGL3YvdfGGM4ZzlnOWc5ZxlnGGcYY1lrWmtaazljOWdaa1pvWm9aa
zlnWWtYZzdhiyyjEaINow2iDQYY5RjlGOUYxRWFFsYe5x7mGwYbBhsGGwYXBhtKK
7dT3G/cc9x33Hfcd9x33Xfdd9133Xfdd/533Xfdd9173Xvdd9133Xfdd7x3vHOcc
5xzfHN7c3tve29aa1prWmtaa1prWms5azprOms5azlrGWsZatZhBhykFMQUpBSDE
MYYQgmNNpValVqVWpValVp1WnRWVFZUVlRaVFYzVjJWM1YyUjJSEU3wSdBJ0EXPR
rVW91r3XtZe1VrWWvdfGGMXYtZa918YZxhjGGL3XxdjGGc5ZzlnOWc5ZxhnF2M5Z
1prWmsYYzlnWmtba1pvWms5ZzlnGGMXYSgkggyBCIIMoxDlFMQUxBTkFOQVxBLFG
uYa5hsFGwYbBhsFFyUXJhcGF08vume8c91z3Xfdc9133Xfdd9133Xfdd9133Xfdd
9133Xfdd7x3vHecc3tze3N7c3tzW3N7c3tzWm9ab1prOWs5azlrOWs5azlrOWs5b
xlvGG74ZSggxBDmFMUUpBDnHCEFrjqVWpVadVp1WnVadVpUVlNWVFpUVjNWM1IyU
jNWMlIyUhJN8EnwRdBFsEa1WtZe1l7WXtVe1Vr3Yvdi92LWWtdbGGMYYxhi9173X
xhjOGc5ZzlnOWcYYxdjOWs5a1prGGc5Z1premtaa1prGGMYZxdm9liDEGIMgwyjE
KMQ5BTDEMQQ5RTEEcQOpRbmFyYbBRcGFwYXJhcmFyUbJRcGFwkjl1O8b7xzvHe8d
713vXe9d713vHe8d7x3vHe8d7x3vHecc5xze3N6c3tve3N7c1pvem9ab1pvWm9ab
1lrOWs5axlrGWsZaxlvGm8abxlu+GkpKIMQpBDEFKQQgwwgBc9CdVp1WnVadVp1W
nRWdFZUVlRaVFY0VjNWE1IzUhJSEk3xTdBF0EXQRdBGtVb2XtZe1l7VWtVa92L3Y
vdi1lr2WxhjGGMYYvZe92MYYxlnOWc5ZzlnGGcYYzlnOmtaaxhnOWdaa1pvWm85a
xhnGGcXYtRYQQhhDIMQgxCEEMQUxBTEFOQU4w4DEsUW5x8GGuUXBRclFyUXJRclF
yUXBRblFuUXUT+aa5tzvHecd5xzvHe8d7x3m3Obc3tzem97c5t3nHOcc3tze296b
3tze3N7c1tzWm9ab1pvWm9ZbzpvGWsZaxhh7z73XxlvGW75bvhpazSDEIMQgxCDE
IMQIQpTUpRalVp1WnVadVp0VnNWU1ZUWlRWM1YzVhNSMlIyUhJN8U3QSdBF0EWwR
rVW1l7WXtZe1Vq1Wvdi92L3YtZa1l8YYxhjGGL3XvdjGGM5ZzlnOWc5ZxhnF2M5Z
1lnWms4ZzlnWmt6b1pvWmsYZxhjF16TTEEEYgyDEKMQoxDFFMQQxBDkFMQSJBLGG
wcfBhrkEwQXBRclFwUXBRblFuUW5RblFuUXDCuZX5tzm297b5tznHecd3xze29ab
1pvWm9bb3tze3N6c3pzWm97c1tzW3Nac1pzOm86bzpvOm86bzpu9llqKSknGGcZa
xlrGWr4aYw4gxCDEIMMgwyDDMUWlVp1VnVadFp0WnVaVFpUVjNWVFZUVjNSM1IzU
jNSMlISUhFN0EnQRbBFsEa1VtZa1lrWWrVatVb3Xxdi92LWWtZfF2MYYxhi9l73X
xhjOWc5ZzlnOGcYZvdjOWc6a1lrGGcYZzlrWm9abzlrGGb4ZvdickghBIMQoxCDD
KMQxBDEEMQQxBDEDiQSxRrmHuUa5RblFuUW5RbmGuUa5RrlGuUW5RblFsYaySNVS
3pre297b3tve296b1pvWm9ab1pvWm9ab1pvem96b1pvem9ac1pzW3NbczpvOm86b
zpvOmrRQgYaBRZoIxhnGGsYavhq2GWuQIMQgxCDEIMQYw1JKpVedFp0WnRadFp1W
lRWU1ZTVlNaU1YzVjNWElIyUhJSElHxSdBF0EXQRbBGtVbWXtZe1l61WrVW9l73X
vdi1VrWWvhjGGMYYtZa918YYzhnOGc5ZxhnGGcYYzhnWWs5axhnGGc5a1lvWm85a
xhm92L2XnJQIASEFIMQggyDEKQUxBTEFMQUxBZEFuUbBRrlGuUa5RrlGuUa5R7lG
uUa5RrlGuUexR7HIqcepx7wO3pnem96b3pvem9ab1pvWm9ab1pvWm86a1pvWm9ab
1pvWm9ab1pvWm9abzlvOm8XXmomRBZEFkQWjS8Zaxlq+Gb4Zthl0ESEGGMQYwxjD
GIM5x6VWnRadFp0WnRadFpUVlRWU1JTVlNWM1IzUhJSM1ISUhJN8UnQRdBF0EWvR
rVW1l7WXtZatVq1Vtde9173XtZa1lr4YxhjGGLWXvdfGGMYYzlnOWcYZxhi92MYZ
zlnOWsYYxhnOWtZa1prOWsYYxdi9l7VVGIMpBSDEIMMpBCkEMQUxBTEFMQWRhrmG
uYa5hrlGuUa5RrlGuUa5RsGHuYe5R7GHscixiLHIscipiLKL1ZTemt7b3tve297b
3pvWm9ab1pvWWs5azlrOGtab1pvWm9abzprWms5atBCRRokFkMSQxZEGq87OW8Zb
xlu+GrXZhFMhBRiDGIMYgxiDIMSdFJ0WnRadFp0WnRaVFZUVjNWVFZTVjNSM1IST
hJSElISTfFJ0EXQRbBFr0K0VtZa1l7WXrVatVb3Xvde9162WtZa92MYYxhi1lr3X
xhjGGMYZxhnGGcXYvdjGGc5ZzlrGGMYZzlrOWtZa1lrF2cXYvZe1VnNNMUUowyjD
MMQwxDEFMQUxBTkFmciyCbmHuYe5h7mHuYe5h7mHuYe5h7nIscixybHIscixyKnI
scixyKoJu87WF9ab1pvem9ab3pvWm9ab1lvWW85axhnOGc5a1pvWm85axZaiiZEF
kQWRBYkFkMWQxaySxlrGW8Zaxlq+Gp0WKQUYxBjDGIMYgxiDjFKdFp0WnRadFp0V
lRWU1YzVjNWM1YzUjNSElIyUhJN8U3xSdBF0EGvQa9ClFbWWtZa1lq2VrVW1lr3X
vde1lrWWvdjF2MXYtZa918XYxhnGGcYZxhm92b3YxhjOWc5ZxhjGGM5ZzprOWs5Z
xhi9172XtVatFFoJOQVBBTjEMMQxBTEFOQQ5BJnHsgmxh7nIucexh7GIsYexiLHI
scmyCbpKsgmyCbGIsYixiLHIscmyCaoJqkq8D9XW1lnWmt6b1pvWmtabzlrOWsYZ
xhjGGc5azhirjZEGkQWRBZEGkQWRBJDEiMS9VcZaxlrGGsZaxhqtmDGHGMQYwxiD
GIMQg3OPnRWVFp0WnRadFpUVjNWM1Y0VjNWMlIyUhJOElIRUhFN8EnQRc9Fr0WvR
pRW1VrWXtZatlaVVtZe1173YrZatlr3Xvdi92LWWtZa918YYxhjGGMYYvhi918YY
zlnOWcYYvhjOWdaa1lvOWsYZvdi9l7VWrRVyi1GHSUYxBDEEOUUxBDEEOUWhh6nI
sgi6CbGIscixx7HIsciySqoKqguqS6oLqgmxiLGIsYexh7GIscixyKnIqcmhyLsM
xNHWF9ZZzlrOWs5azlnOWc3WvRKrTZFGkQWRBZEFkQWJBZDFkMSIxIjExhjGWsZa
xlrGWsZatdg6CRjEGIMYgxiDGINay50VnRadVp0WnRaVFozVjNWM1YzVjJSMlIRT
hJSEU4RTfBJz0XPRa9Fr0KUVrVa1lrWWtVatFbWWtZa9161VrVa9173Xvde1lrWW
vdfGGMYYxljGGL4YvdfGGM5ZzlnGGL4YzlnOWs5azhrGGb3YvZe1Vq0Vk5BRh0lG
MQUxBDlFOUU5BEEEoYayCMIJugm5yKmHsYixyLIJsgqqS6pLokqiCaoJqciph6mH
qYeph6mHqYeph6mHqYeph6FGoUWqSLLJuwu7CrLJqgehRJkEmQWYxpEGkQaRBpDF
iMSIxIjEgMSRRcZZxlrGWsZaxlq+WrXZUosYxBiDGIMYgxiDSgmc1Z0VnRadFpUW
lNWM1YyVjNWM1YSUhJSEVIRUfFN8UnRSa9Fr0WvQa9ClFK2WtZa1lrVWrRW1lr2W
vde1lq1Wvde9173XtZa1lr3XxhjGGMYYxhjGGL3XxdjOGc5axhjGGM4ZzlnOWsZZ
vhi917XWtZatFZOQUYdJRjEEMQQ5RTlFOQRBBKFGugi6CLoIscixx7HHqgiqCaoJ
qgmqSaIJqgmqCbGIsYexh7FGsYaxRqlGqUahRqlGqUapBakFqQWpBakFoMShBKEE
oQShBKDEmMSQxIkFiQWJBYkFiMSIxIiDkcfOWs5bzlrGWsZavhq+GWNOGMQYwxiD
GIMYgzFGlNSU1ZUWlRaU1YyUjJSMlIzUhJOEU4RThFSEU3xSdBFr0WvRY5BjkGOQ
pNStVrWWtZatVaUVtVa1l72XtZatVb3Xvdi+GLWWtZa918YYxhjGGMYYvdi9l73Y
xhnGGcXYvdjGGcYZzhnGGb3YvZe1VrVWrRWTkFFHSUU5BDjEOQU5BTkESMWhRMHG
ykjBx7nIucmxiLHIscipyKnIqcihh7IJscmxh7FHsUaxRrFFqUWpRakFqQWpBakF
qMSpBKEEoQShBaDEoMSgxKDEoMSgxJjEkMSIxIjEiMSAxIjEiMOAg5pJzlnOWs5a
xlrGWsZavhl8ESEFGIMYgxiDGIMgxIyTlNSdVpUWlNWMlIyUlNWM1YTUhJOElISU
hJN8UnQSdFJ0EmvRc9Fr0J0UrVatVrVWrVWlVa1VtZa1lq1WrVW1l73Xvde1lrWW
tZa9173Xvdi92L3YtZe1l8YYxhi+GL3XvdfGGMYYxdi9l7VWrVWtFaTTk49Jh0FG
MQQxBDlFOUUxBEEEqUS5hcHGwcfCB8IIsceph6mHqYepyKnIqcixybIJsYexRrFG
sQWxBakEqMSpBKkEoQShBKEEoMSgxKDEoMSgxKDEoMOow6DDoMOYg5DDiMSIxIjE
iMSIxIjEgMSjTMZaxlrOWsZaxlnGGcYZlJMhBRCDEIMYgxiDGIOMkp0VnVadFpUW
jNWM1YzVhNWM1YyUhJSElISTfFJ0UnQRbBFr0GPQY4+c06VVtZa1lq1VpRSlFLWW
vdetVaUUpVW1173XtZatVa1VtZe917WWtVa1l7WXrVWtVb2Xvde917WWtZe92L3X
tZetVqUVnRSlFJOQUYZJRTkEOQQ5RTlFOQRBBKlEsYWxxcIHwgi6CLHIsYexh7GH
sYexh6mHscixyLGHsUaxBrEFqQWpBakEqQSoxKjEoMSgxKDEoMSgw6DDoMOgxKDD
oMOgw5jDmIOYxIiDiIOIg4iCiIOAw4DDo4zGGMYZxhnGGb4Zxhm+GaVWKQUQgxCD
GIMYgxCDc8+M1JUVlRWNFYzVjNSM1IyUjJSElISUhJOEU3xTdBJ0EmvRa9Br0GOP
nNSlVbWWtZa1lqUUpRS1l73XtdetVa1Vvdi92L3XtZa1lsYXxhjGGL3XtZbGGL3Y
vdi9mL3Zxhm92MYZxhnF2L3XtdetVaUVpRSTj1HISUY4wzDDQUVBRTkESQSpQ7FE
uYXBxsHGwgi6CLHHqYaxhqlFqUWpRbFGsYaxRqkFqQSgxKDEoMSgxKDEoMSYxJjE
kMOQw4jDgMOAw3jDeMNww3DDaMRgxGDEWMNYg1iDaIOIw4jDiMOIw6wOxhe917WW
rVWlFKTUpNWc1ClGEIMQgxCDGIMQg2MNjJWVFY0VjNWM1IzUjJSElIyVhJSElHxU
fFN8U3QSdBJr0WPQa9Bjj5zUpRStVa1VtZatVaUVrVa1l7WXrValFbWWvde917WW
rZW1lr3Xxdi917WWvdi92L3YtZa1l8XYxhjGGL3YvZe1lrWWrVWlE6TSk45Rh0FF
OQQwwzkESUVBBEEDoQOpRLFEsYS5xbnGucaxhrFGuYapRaFFoQV5A3EEcMNow1jE
UIRQxFDESMRAw0DDOMQ4xDDEKMQoxCjEKMMgwyDDIMMgwyDDIMMgwyDEIIQgg0CE
aIRohGjEaISLjpzTlNWdFa2Xtdi2GbYZtdg5yBiEEEMQgxCDEINSi4zUlRWNFYzV
hJSElISThJSElIRThJN8U3xTfFN8E3QSa9Fr0WvRY5Cc1KUUrVW1VbVWrRWlFK1V
tZa1lq1WrRW1l73XvZe1lq1VtZa9173XtZetVr2Xvdi92LWWtZa9173Xtda915zS
awxJxyCDGEEYQUCDUUVRBTEDKMMxBDkFOMM4xHjEiMSAw5DEkMOZBKEEoQShBaEF
mQWZBYjFMMQgxCDEIMQgxCDEIMQgxCDEIMQgxCDEIMQgxCDEIMQgxCDEIMQgwyDD
IMMgwyDEIMMgxCDDGIMwg3CDcIN4w3jDtNK92L3Ytdi+GL4Yvdm12LWYSksYgxCD
EIIQgxCCQgiM1I0VjNWM1YSUhJSElISUhJWEU4RTfFN8U3xSdFJsEmvRa9Fr0WOQ
nNSc1K1VrVatVq0VpRStVbWWtZatVqUVrVe1l7WXtZatVa2Wvde917WWrVW1l73X
vde1lrWWtZa1loxROUYQARABCAEIAQgBCAE4QlEFSMQxBCjEKMQpBCjDQQSYw6EE
oQShBKkEoQWhRaGGoUaRBZmGkUdwxTDEKMMowyDEIMQoxCjEKMQoxCjEKMQoxCjE
KMQoxCDEIMQghCDEIMQgxCDEGMMgxCDDIMQgwyDDMIR4g4CDgMOAw6zSvdi92L4Z
vhm+GbYZtditmFLMEIQQgxCDEIMQghjDMcdjDYzUjNWElISUhJSElISUfFN8U3xT
fFJ8UnQRbBFj0GPQY9Bbj5zUnNStVa1WrVatFaTUrRW1lrWXrVWlFK1VtZa1lq1W
rVW1lr3Xvde1lq1VtZa1l7WWrVWlVa1VUooQQQgBAAEIAQgBCAEIAQgBOEJRRUjE
KMMoxDDEKMQow0jFqMSpBKjEqQSpBKkEsUW5hrFFqUWxh7nIkUcwxCDEKMQgxCkE
KMQoxCjEKMQoxCjEKMQpBCjEKQUpBSlGMUc5RzFHSglKCSDFSgtrT2LNSksxhyCD
cIKAg4CDgIO1E73Xvdi+GL4Zvhm+GbXZtdhjDhjEEIMQgxCDEIMQgwhCGMRCCYyU
hJSElISUhJSElHxTfFN8U3xTfFJ0EmvRY9Bj0GOQW4+c05zUpRWtVa1VpRWc1KUV
rVa1lq1WpRWtVbWWtZatlq1VrVa1l7WXtVetVbWWtZa1lq1VpRRBxwgBCAEIAQgB
CAEIAQgBCAEIATgCUQZIxCjEKIMoxCjEKMRIxKEEoQShBKEFqQWpBLFFuYaxhqlF
qYaxx5nIMMQggyDEQchizWtPUoyEEoxUjJRjD62YtdmMlL4ZnRXO3NcdvhmVFd8e
1txjTt8ezprGGYxRUooggmiCgIOIg4CDrRO1l73Yvdm+Gb4Zthm12K2Ya48YhBCD
EIMQgxCDEIMIQRBCGMRSzIRThFOEU4RThFOEU3xTfFJ8UnQSbBJr0WPQY5Bjj1tO
nNOc06UVrRWtVaVVnNSlFa1WrVatVaUUrVW1lrWWtZWtVa1VtZa9lrVWpRWtVq1V
rVWc1EIIAAAIAQgBCAEIAQgBCAEIAQgBEAEwAkkFQMQowyjEKMQoxCjDSQSZBKEE
qQWpBakFqQSpBLGGucaphamFsYaZhzDEIIMgw72X913em6UU/5/OGO+epRT3nt6a
rVXe260VlFHnHGMLzlnWm+cdrVbnHaUV1ptCCRiEGINgg4CDgIOAg60Svde92L4Y
vhm+GbXYtdi12HPQGMQQgxCDEIMQghCDCEEIQQhCGMNbDYRTfFN8U3xTdBJ0EnQS
dBJ0EmvRY5Bbj1uPW49bTpzTnNOlFK0UrVWlFZzUpRWtVrVWrVWlFK1VtZa1lrVW
rRWtVbWWtZatVaUUpVWlFKUUYwwIAQgBCAEIAQgBCAEIAQgBCAEIAQgBKENBBUEF
KMMgwykEKQQggzjEmMShBKkEoQShBKEFqQWpRbGFsYWpRalFkUUowyiDKMO9Vfdb
1pic0/ee5x3e23PP917Wmq1Vzlmc0lqJzhdSB7UTi82UDntMcwqUT3uNMQUgwyCC
WIOAg4CDeEOs07XXtdi12L3Zvhm12bXYtdh70BiEEEMQgxCDEIMQgwgBCAEIARBC
GMRjjnxSfFJ8U3RSdBJ0EnQSbBFr0WOPW09bT1NPUw6c05zTpRSlVK1VpVWc1KUU
rVW1Vq1VpRStFbVWtVatVqUVpRWtVq1WrVWlFKUUpRSUUhBCCAEIAQgBCAEIAQgB
CAEIAQgBCAEIATABSMRIxCjEIMMoxCjEKMM4xJjEoQWgxaDEoQShBaEFqUWpRbFF
qQShBYkFMMQogyDDc02TzzDCQQOLjFpHcslBhFpIScY5RCjEKMQgwyDDIMMggiDD
IMMgxCDEIMMgxCDEGIQYg0iDgIOAg4CDrJG1lrXXtdi12L3Zvdm12LXYc9AYwxCC
EIIQgxCCEIIIAQgBCAEIARBCIMRrz3wRdBJsEWwRbBFr0WvQY5BbT1NPWw5TDlLN
nNOc06UUrRStVa0UnNOdFK1VrVWtFZzUpRWtVq1WrVWlFKUUrVWtVa1VnNSc1JzT
KUYIAQgBCAEIAQgBCAEIAQgBCAIIAQgBCAEoAUDEQMQwxCjDKQQpBCjDOMSQw5kE
oQShBKEEqQWpBKkFsQSxRbEEqQSIxDDEKIMgwyjEIMQgxCDEIMQgxCDEIMQgxBjE
IMQgxCDEIMQgxCCEIIQgxCDEGMQYxBjDGIMYgxiDGIJIg3iDeIN4g6RRtZa1l7XX
tde2GLYYtdi12GtOGIQQQxBDEIMQgxBCCAEIAQgACAEIARBCKQVzz3QRa9Br0GOP
KchKzFtOW05TDlMOUs1KzJTTlJOlFKUUpRWlFJyTpNSlFa1WpVWc1KUUrVWtVqVW
pRSlFK1VpVWlFZzTnNNaighBCAEIAQgBCAEIAQgBCAEIAQgBCAEIQRABKEE4xDjE
KMQoxCjEKMQoxDDEkMSYxKDFoMSgxaEFoQWpBakEsQWpBKEEiMQwgyCDIMQgxCDE
IMQgxCDEIMQgxCDEIMQgxCDEIMMgwxjDGMMYwxiDGIMYgxiDGIMYgxiDGIMYgxiC
OIJ4g3iDeIOkD7WWtZe1l62Xtdi12LXYrZhSixCDEIIQgxCDCIIQQggBCAEIAQgA
CAEIARACEIIpBClFMYYhBAhBGMNKylMMUwxSzUrMQouUkpSSnNOlFKUUpRSck5zU
pRWtVaUVnNSk1K1VrVWtVaUVpRSlFaUUnNOUknOOGIMIAQgBCAEIAQgBCAEIAQgC
CAIIQghBCEIIQShCOMQ5BSDDIMMgxCjEIMQoxIjDmMOYw6DEoMSgxKkEqQSpBLFE
sUWhRJDEMIQggyDDIMMYwyDEIMQgxCDDIMMggyDDIIMggxiDGIMYgxiDGIMYgxiD
GIMYgxiDGIMYgxiDGEIYgjiCeIN4g3iDm4ytVrWWtZe1l7WYvdi12K2XMYcQgxBD
EIMQgxCCEEIIQQgBCAEIAQgACAEIAQgBCAEIAQgBCAEIARBCKQVKy0rLSsxCy0KK
lJKUkpzTpNSlFKUUlJOc06UVpVWlFJzTnNSlFa1VpRWk1JzTnNSk1JzUjFEpRghB
CAEIAAgBCAEIAQgBCAIQAghCCEIIQghCEEIoQjCEOQUoxCDEKQQoxCjEIMNwxJjE
mMSgxKDEoMSgxKjEqMOxBLFFqUSQxDCEIIMggyCDIIMgwyDDIMMggyCDIIMggyCD
IIMggyCDIIMYgxiDGIMYQiBCGEIYQiBCIEIgQiBCKEJAQniDeIN4g5LKrVatlq2X
rZet17XXtdiUkyDEEIMQghCCEIMQgghBCAEIAQgBCAEIAAgBCAEIAQgBCAEIAQgB
CAEIAQgBKUZKikqLQopCSpSSlFOc050UpRSlFJzTnNOlFKUVpRWU05zTpRSlFKUU
nNOck5zUnNOc00IIEIMIAQgACAEIAQgBCAEIAQgCEAIQQxBDEEMQQxBCIIMwxDkF
MMMowyjDKMQoxCCDWMSQxJjEmMSZBKDEoMSoxKDEqQSxhrGFmQQ4gyiDKIMgQiCD
IEMogyhDMIQwhDCEMIU4hEjFSMVIhEiDSENIQ1BDUENQQ1hDWINYg2CDYIJog2iD
cMOAg3iDeIOKCK1VrVatVq2WrZetl6WWWswYwxCCEIIQghCCEIMIAQgBCAEIAQgA
CAEIAQgBCAEIAQgBCAEIAQgBCAEgxRBCOchCSkJJOgmUk5SSnNOk1KUUpRSUk5TT
nRSlFKUUlNOc06UUpRSlFJzTlJOc05zTYwwhBAhBCAEIAQgBCAEIAQgBCAEQARBC
EIMQgxCEEIMQgyDDQIRIxTiDIMMgwykEKQQow0DDkMOYw5jEoMSgxKDEoMSgxKEE
sUWxhqEFaINgQ2iDaIRohGiEaIRwhIFGiYeJiImIiYeJRpFGkQWIhIiDiIOIg4iD
iMSIw4jDgMOAw4DDiQORBJEDiMOAgoCDgUWtVa1VrVatVq2WrZaMkikFGIMQghCC
EIIQghBCCEEIQQhBCAEIAQgBCAAIAQgBCAEIAQgBCAEIAQgBCAExRhjDQglCCDnI
lJKUUpyTnNOc05zTlJKUkpzTnNSlFJSTlJOc1JzTnNOUkpSSlJJ7zykFGIMIAQgB
CAEIAQgBCAEIAQgCCEIQgxCEEIMQhBCEGIQgxUiEUMVIhCDDIMMgwykEKMQow3DE
kMSQw5jDmMOYw5jDoMOgw6kEsYWphJjEkMOQw5DDkMSQxJDEkMSZBaHHqYeph6mH
oUaZBZkEmMSQw5DDkMOQw5EDkMOQw5DDiMOQxJEEkQSJA4CDeIN4g3iDpROtVq1W
rVatVqVWQgkYxBCDEIMQgxCCEIMQQwhDCEIIAQgBCAEIAQgBCAEIAQgBCAEIAQgB
CAEIAQgBOYcpRiFFOgk6CJSSjFGUkpzTnNOc05SSlJKc06UUnNSUkpSSlNOc05yS
lFKUUYwQMYYhBBBCCAEIAQgBCAEIAQgBCAEQQhCCEIMYhBiEGIQYxCDEKMRQg1jE
UIMgwyDEKMQwxDEEKMNAw4jDkMOYw5jDmMOYw6DDoMOhA6lEsUSpBKEEoMSYw5jD
mMOYw5jDmMOhBKHHqYepx6mHmUaYxZiDkIOQw5DDkMOQw5DDiMOIw4iDgIKAg4CD
gIN4g3iDcINwg5PNrVWtVa1VrVRayxjDEIMQgxCDEIMIghCCEIMQgwhCCEIIAQgB
CAEIAQgBCAEIAQgBCAEIAQgBCAEIASkGSkkQwzHHOgmMkYxRlJKUkpzTnNOUkpSS
nNOc05zTjFGMUZSSlJKMUYxRjFFKSSEEGMMIQQgBCAAIAQgBCAEIAQgBEEIQQhCD
EIQYhBjEGMQYxCjEUENYxFiDKIMgxCDEKQQxBSkEMMNgxJDDkMOYw5DDkMOYw5jD
mMSgxKkEqQSpBKDDoMOgw6DDmMKYw5jDmMOhBKFFqYaphqGHoUaZBZDEkIOQg4iD
iIOIg4DDeIN4gniCeIJ4gniDeIN4gnCCcIKKiaUUrRSc01JKGMMQghCCEIMQgxCD
EIIQQxiDEEMIQghCCAEIAQgBCAEIAQgBCAEIAQgBCAEIAQgBCAEQQjnHEIIYwznI
jFGMUZSSlJKUkpyTjFGMUZSSlJKc04xRjFGMUYxRjFGEEFrLIQQhBBCCCEEIAQgB
CAEIAQgBCAIIQghDEIMYhBiEGIQYhCDEGMQghEhCWMRYwzhDKMMowyjEMQUxBSjD
MMRow4iDkIOQg5iDmMOYw5jEmMOZBKEEoQShBJjDmMOgw5jDmMOYg5iDmMOhBKFF
qYahhqFFmUaZBZDEiMSIg4iDgIN4g3iDeIN4g3iDcINwgnCCcIJognCCcUSs0msL
KUQYwxCDEIMQgxBCEIIQghCCGIMYhAhCCAIIAQgBCAEIAQgBCAEIAQgBCAEIAQgB
CAEIAQgBOYcYQggBCEIYxIxSjFGUUZSSlJKUkoxRjFGUkpSSlJKMUYxRjFGMUYwR
c04pBSDEGMMIQQhBCAEIAQgBCAEIAQgCCEIQgxCDGMQYxBjEGMQYxRjFGIRIQljE
WIRIQyCDMQQoxCjEMUUxBCjDMMNow4jDkMOQg5CDkISQw5DDkMOYw5jDmMOYw5jD
mMOYw5jEkMOQg5CDmMOYw6EEqUehR5lGmUeRRpEGiMWIxXjFeMVwxHCEaINog2CD
WINYg1CDSINAgzCDIMMYgxiDGIMYgxiDEIMQQxBCEEIYQiDEIIMIQghCCAIIAQgB
CAEIAQgBCAEIAQgBCAEIAQgBCAEIAToKQkohRghBCEGMUYxRjFGUkpSSlJKMUYxR
jFGUkpSShBCEEIQQhBCDzzGFIQQgxBCCCAEIAQgBCAEIAQgBCAEQQhBDGIMYhBjF
GMQYxCDEIMUYxSDESEJgg2CEWEMwQiDDIMMgwykEOUUxBCjDMMNIw3CDgIOIg4iD
kIOQg5DEkMOQw5DDkIOQg5iDmIOYhJCEkISQg5CEkIOYw5jEmYaRyImHgUZ5hmkF
YQVZBUkFQMQ4xDDDKIMogyiDIIMggxiDGIMQgxCDEIMQgxCDEIMQghCDCEIQghCC
OIM4hDBDCEIIQggBCAEIAQgBCAEIAiEHIQcQhAhDCAIIAQgBCAE5yFLMSosIQQhB
hBGEEYxRjFGUkpSSjFGMUYxRjFGMUXwPe8+Dz4PPQgghBCDEGMMIQQhBCAEIAQgB
CAEIARABEEIQgxCEGMQYxBjEGMQZBRjFGIQghFBCYINgg2BDSEIYQijEKMQoxDEF
OUUxBCjDKMMoxDjESIRQhFjEYMRoxHDDeMR4xHCEcINwhHCEcMRwxGjFYMRYxFjE
UMVIxUEEOMQwxDDEMMQoxCjEIMQgxCDEGIMYgxiDGIMYgxiDGIMYgxiDGIIYgxiC
GIMYgxiDEIMQgxCDGMMgQkDEQIQwQwgBCAEIAQABCAEIAQhCKYdTT1MPSw5TTzpL
CAEIAQgBIMRajClGAEIAAowQhBCMEIxRjFGUUYwQhBCMEIxRjFGDz3uOg45SiSEE
IMQYxBiDCEEIQQABCAEIAQgBCAIQQhBCEIMYhBjEGMQYxBjEGMUYxBiEGINIAmCD
YMNgg1hDMAMgQijEKMMoxDEEMUUxBSDEIMMgwyDDIMMoxCjEKMQoxCjEKMQoxCjE
KMQoxCjFKMUoxCjEKMQgxCDEIMQgxCDEGMMYwxjDGIMYgxiDGIMYgxiDGIMYgyCD
GIMYgxiDGIMYgxiDGEMYgxiDEIMQgwiDEIMYxCACOEJAg0iEOEMIAggCCAIIAghD
EEQpiGNPW5BbT0sOU09LDQhCCAEIAQgBIMQIQQACOcmMEYQQhBCMUYxRjFGEEIPP
g9CMEIwQe85zjWLLKQQgwyDEGMMQQhBCCAEIAQgBCAEIAhBCEEIQghjEGMQYxBjE
GQUgxRjFGIUQhBiDQEFggmiDaINgQ0hDIAEggyjEIMQowykEMQUxRSkEKQQgwyDD
IMQgxCDEIMQgxCDEIMMgwyDDIMMgwyDDIMMgwyDDIMMgwyDDIMMgwyDDIMMgwyDD
KMMgwyDDIMMgwyDDGIMYgxiDGIMYghiCEEMYgxCDEIMQgwiCEIIYxBjEKEM4A0BC
QEJIg0CDEEIIQghDCIQIhCnJW09bkFuQW09TTlNPY5AyCggCCAEIAQgBCAEIASEF
hBB7z4QQjBGMEYxRhBCDz4PPg8+Dz3NOYswpBSDEIMMYghiCCEEIQQgBCAEIAQgB
EAIQQhCCEIMYxBjFGMUYxRjFGMUYxRiEEIMYQkABYEJog2iDaIJgg0BCGAIgwykE
IIMgwyDDMMQwxDDEMMQoxCjEKMQoxCDEIMQoxCjEKMQoxCjEKMQoxCjEIMMgwyDD
IMMgwyDDIMMgwyDDIMMgwiCDIIMggxiDGIMYgxCDGIMYgxiDGIMYgxCDEIMQgwiD
EIMYxCEFIIIwQ0BDQENIQ0BCQEJIgxiDEIMQxAiEOoxbkFuQY5Fj0VuQU09TkGPR
Y5EpyggCCAEIAQgBCAEIAYPQhBCEEIQQhBCEEHvPe457jnuOe45rDTFFIMMYgxiD
GIMQQhABCAEIAQgBCAEIARBBEEIQgxiDGMQYxBjEGQUYxRjEGMQQhBCDEEI4QliD
aINog2iDaIRYhDhDGAEggyDEIMMgwyDEIMQgxCDDIMMgwyDEIMQgxCDEIMQgwyDD
IMMgwyDDIMMgxCDEGMQgxBjEGMMYxBjEGMQYxBiEGIQYhBCEGIQYhBiEGIMYgxiD
GIIQghCDEIMQghCDEMQhBSDFGEMoQziEQIRAhEiDSEJIQkhBSEIYxBCEGIRLDVuR
U1BbkFvQY9FjkFtPW5Bj0WPRW9E6jAABCAEIAQgCAAGDz3vPe8+EEHwPhBB7z3ON
c41zjXNNOYYgwxiDGIMYgxiCCEEIQQgBCAEIARCCGQQphznJOgpKjFMOWw9jT2NP
Y09bT1sOUw5SzlrOQQVgQ2iEaIRog2iDaIRYhEBDIEIYgykEIMQgxCDEIQUgxSDE
IMQgxCDFIMUgxSDEIMQgxCDEIMQgxCDEIMQgxCDEIMQYxBjEIMQYxBjEGMQYxBjE
GMMQwxjDGIMYghCCEEIQghCDEMMYxBjFGMQYxBCDIIMwg0CESIRIhEiESIRQREhD
SENAQ0ACEEIYhFtOY9BbkFtPW5Bj0GPRY5BbT1uQY9Fj0WOQMckIAQgBCAEIAQgB
e497z3vPhBCDz3vPc45rTGtMa01BxxjDGMIYwxjDGMMQQQgAEIIxh1KLUsxbDGtO
c45zz3PPe9CEEoRSjFOMUoRShBKEEXvRc9B70FGHYIJog2jDYIRoxWjEYMRYw0iD
KEIYQiDEKMQgwyDDIMMgxCDEIMQgxCEEIQQhBCEFIMUYxBjEIMQgxCDEGMQYxBjE
GMQYwxjEGIMYgxiDGIIQgxCDGIMYxBjEGMQYxBjEGIQYgxiDGIMggyjEMMVAxUjF
SIRIhUjFSMVIxUjFUMVQxFCESENAAwgACAAQgkIIUw1bT2OQY9Fj0VvQW09jkGPQ
Y9BbkCnJAAEAARCEIUchiEoJe457j3vPe857z3ONawxrDEoIIMMYghjDGIMYgxBC
CAEIQUHIc01zjmsNYwxrTXOOc89zj4PQjFKMU4yTjFKEUoRShFJ8EXvRe9BRh2BD
aINohGjFaMVoxWjFYMVYhFCDOIMgQxhCIIMgxSDFIQUgxSDEIMQgxCDEIMQgxCDE
GMQgxCDEGMQYwxjEGMUYxRjFGMUgxSDFIQUgxSDEIMQgwxjDGIMYgxiDIIQoxDEF
MQZBBkEGSQdJB0kGSQZIxUjEUMRQxFDEUIRIhEjFUMVQxUiFOIQQAQgBCAEIARAB
MUZLDGOPY5BbT1tPW1BjkFuQU49LDQkGGUdCjEJLOkoQQVJKe057jnuOc45rTVrL
SggYgxiCGIMYgxiDGIMQAQgBEEFainNNc45rTGMMa01zjnvPe8970IxSjFKMU4xS
jBKEUoRSfBF70HvRWglohGiEcMVwxmkGaQVoxWDFYMRYg1CEUIRIhDiDKIIgQhhC
GIIYghiDGMMYwyDEIMQgxCDEGIQYhBiEGIQYgxiCGIIYQhhCGEIgQiBCIEIoQyhD
MEMwhDjFQMZAxkkGSQZJBkkGSQZIxVDGUMVIxUjFSMRIhEiESIRIhEhDSENAQkiD
UIRQxUiDCAEIAQgBCAEIAQgBCEIpRVKKSw1LDVNOW09TT0sOQs1CjDpLOks6SjpJ
CAEYg2LLc01zjXNOawxKCBjCGMMYgxiDIMMYgwhBCAEIASkEasxzTXNOaw1izGtN
c457z3OPe9CEEoxSjFOMUoxShFKEEnwRfBB70GKLYIRwxXEGaMVoxGjFYMVgxWDF
WIRYhFjEWMRQxVDFSMVIxUCEOIQwgzBDMEMwQigCKAIoAigCMAIwAigBKAEoADAB
MAE4AjgCOAJAQ0BDQIRIhUjFSMVIxUjFSMVIxUjESMRIhEiESIRIg0iDSINAg0iD
SENIQ0hDSEJIQkhCQEE4AUACQAIoAQgBCAEIAQgBCAEIAQgBCAEIARiDMYZKilLL
Ss1CizpLQks6CjoKOgkxyQgBCAExBXMMc01rTFJJGIMYgxiEGIQYxBiECEIIAQgB
CEFKCGMLc0xzjWMMWstrTXOOe89zjnvPhBGEUoxSjFKMUoxShFKEEoPRe9Fzj2DG
cQdgxGCDYINgg2CDYIRghFiEWIRYhFjEWMVYxVDFUMVQxlDFUMVQhEiESENIQkBC
QAJAAkACQAI4AjgBOAE4AjgCQANAQ0BDSIRIhVDFUMVQxFDESIRIhEiDSINIg0iD
QENAQ0BDQENAQ0BCQEJAQkBBQEFAQUABQAE4AUABOAEwASgBCAEIAQgBCAEIAQgB
CAEIAQgBCAEIAQgBEEEhBDGGMccxyDHIMccxxzHHMYYIAQgBEAFKCGsMSggYgxiD
GIMYxCEEIMQIQggBCEIIARiDWopiy2sNc01izFrLa01zjnOPc457j4QRjFKMUowS
jFKEEoRShBKEEXvQe9BRh1BCUEJQQlBCUEJYQlhCWENYQ1hDUENQg1iEWIRYhVjF
WQVZBlkGWQZZBlCFUERIQ0hCQEJAQkBBOAE4ATgBQAJIQ0hDUIRQhFCEUIVQhFCE
UENIQ0hDQENIQ0hDQEJAQkBCQEJAQkACQAJAAkACQAE4AUABQAFAAUABQAE4ATAB
KAAQAQgBCAEIAQgBCAEIAQgBCAEIAQgBCAEIAQgCCAEIARABEEEYghjDGMMgwyEE
CAEIAQgBGEI5hyCDGIIYgyDEIMQYhAhCCAEIARBBEEExhVqKWsprDGsMYstaimMM
a01zTmtOc4970IQRhBGEEYQRhBGEEYQRe9Fz0HPPYww4AkACSAFIAUgBSAFIAkgC
UENIQkhCSEJQglBCUINQg1CDUIRQxFjFWQZZBljFSERIQ0hCSENIQkBCQAJAQkhD
UENQhFCEUIRQhFCEUINQQ0hDSENIQ0hCSEJAQkBCQAJAAkABOAE4ATgBOAE4ATgB
OAE4ADgBOAE4ATgBMAEgARABCAEIAQgBCAEIAQgBCAEIAhBCIMQYwwhBCAEIAQgB
CAEIAQgBCAEIAQgBCAEIAQgBEAEIAQgBEEIYgxjEIMQhBCDDEIIIAQgBEAEQAhBC
UkhaiVqJYwtrC2LKWopiy2MMa0xrTGtNc457z3vQe9Bz0HvQe9B70HuQc49zj2tO
QgkwAjgBQAFAAUABQAFIAUABQAFAAUACSAJIQlBCSEJIQkiDUERQhFiFWMVhBljE
UIRQg1CDSENIQkhCSENQg1CEUIRQhEhEUENQQlBCSAJIQkhCSEJAAkACQAJAATgB
OAE4ATgAOAE4ATABOAEwATABMAEwADABMAEoARgBCAEIAQgBCAEIAQgBCAEYghiC
GIIYgijDIMIYgghBCAEIAQgBCAEIAQgBCAEIAQgBCAEIAQgBCAEIAQgBGIMgwxjD
GMMQgggBCAEIARABEAEowlpJWkhaSGKKYopaiVJIUopailrLWstjC2tNa01rTWtN
a01rTmtOa05jDWMNYw1jDVKLMQYoATABMAEwATABOAE4ATgBOAFAAUABQAFAAUAB
QAFIAkgCUEJQQ1CEUMVZBljFUIRQhFBDSENQRFCDUINQg1BDSENIQ0hCSAJIQkhC
QEJAAUABQABAAUABQAE4ATgBOAE4ATgBOAEwATABMAEwACgAKAEgASABEAEQARAB
EEEQQRBBEEAYQRhBGEEQAQgBCAEIAQgBCAEIAQgBCAEIAQgBCAEIAQgBCAEIAQgB
CAEIAQgBCAEIARBCGIMQgxBCCEEIAQgBCAEIARABMURBxjlEUkhaiVJIUgdKB0oI
SghSSFJIWkhaSVqKWopaiVqJWopaiVKJSkhSSFJIUklBxzmGIEIoASgAKAEoATAB
MAEwATgBOAE4ATgBOAFAAUABQAFAAUACQAJAAkhCUIVZBljGUMVQhVCEUIRQg0iC
SEJIAkACQAJAAUACQAFAAUABQAFAATgBMAEwATABMAEwADABMAEwATABKAEgASAA
GAAYABABEAEQARABIEEoQSiBKIEogSCBIEEYQSBBGEEYQRBBCAEIAQgBCAEIAQgB
CAEIAQgBCAEIAQgBCAEIAQgBCAEIAQgBCAEQAhiCEEIQQQgBCAEIAQhBCAEIARAB
EAEYQUnGUcdJxknGQcZBxkHFQcZJxknGSYVJhkGGQYZBhUGFQYU5RTlEOUQ5RTlF
MQQwxCiDGAEQARgBGAEgASAAKAAoADABMAEwATABMAEwATgBOAE4AUABQAFAAUgC
UENQhFCEUIRIg0hCSEJAAUACQAJAAUABOAE4ATgBOAE4ATgBMAEwATABMAEwACgB
KAEoASABIAEgARgBEAEQAQgBCAEIARABEAEYACBBKEEogSiBKIEogSiBIIEggSCB
IIEggSBBEAEQAQgBCAEIAQgBCAEIAQgBCAEIAQgBCAEIAQgBCAEIAQgBEEIQgghB
CEEIQQhBCAEIAQgBCAEAAQgBGEE5AzjDOQM4wjDCMMIwwjCCKMIowijCKMIogiCC
KIIogiiCKIIogiiCKIIogiiBIEEgQRABEAEQARABEAEQARgBGAEgASABIAAgASgB
KAEoATABMAE4ATgBOAE4AkABQAFAAkBBQAFAAUABQAE4ATABMAEwATABMAEwATAB
MAEwASgBKAAoACABIAAYARgBEAEQARABEAEQARABEAEQARABEAEQARgBGAEoQSiB
KIEogSiBKIEogSCBIIEogSiBIIEggRhBEEEQQQhBCAEIAQgBCAEIAQgBCAEIAQgB
CAEIAQgBCAEIAQgBCAEIAQgBEAEIAQgBCAEIAQgBCAEIASCDMMMwwjDCMMIwgjDC
MMIowSjCKIIwgjCCKIIogiiCKMIowiiCKIIogiiCIIIggSCBIEEYARgBEAEQARAB
EAEQARABEAEQARABEAEYARgBGAEYASABIAEoASgBKAEoATABMAE4ATgBMAEwATAA
KAAoASABIAEgARgBGAEYARABEAEQARABEAEQARABEAEQARABEAEQARABEAEQARAB
EAEQARABEAEYABgAIIEogSiBKIEowSjBKMEogSiBKIIogiiCIIEYgRhBEEEQQRAB
EAEIAQgBCAEIAQgBCAEIAQgBCAEIAQgBCAEIAQgBCAEIAQgBCAEIAQgBCAEIARBC
KIMwwyjDKMIowiiCKIIogiiCKIIwgjCCMIIwgjDCMMEwwTDCMMIwwjDCKIIogiiC
KIIggSBBGEEYQRgBGAEYARABEAEQARABCAEIAQgBCAEIAQgBCAEIAQgBCAEQARAB
GAEYARgBGAEYARgBEAEQARABCAEIAQgBCAEIAQgBCAEIAQgBCAEQARABEAEQARAB
GEEYQRhBGEEYQRhBGAAYABhBGEEYQCBBGEAYQCCBKIEogSjBKMIowSjCKMIowSjC
IIIogSCBIIEggRiBGEEQQRBBEEEQQRABCAEIAQgBCAEIAQgBCAEIAQgBCAEIAQgB
CAEIAQgBCAEIARABIIIogyjDKMIowiiBKIIogiiCKIEogSiBKIEwgTDCMMIwwjDC
MMIwwjDCMMIowijCMMIowijCKIIggiBBIEEYQRhBGEEYARgBEAEQAQgBCAEIAQgB
CAEIAQgBCAEIAQgBCAEIAQgBCAEIAQgBCAEIAQgBCAEIAQgBCAEIAQgBCAEIAQgB
EAEYQRhBGEEYQSBBIEEgQSBBIEEgQSBBIEEgQCBBIEEgQSBBIEEgQSBBIIEogTCB
MIIwwjDCMMIwwjDCMMIwwijCKMIggiCBGIIYQRiBGIEYgRhBGEEYQRABEEEIQQgB
CAEIAQgBCAEIAQgBCAEIAAgBCAEIAQgBCAEYQiCDIIIggiCCIEIggiCBIIEggSiB
KIEogSiBKIEwgjCBMIEwwjDCMMIwwjDCMMIowijCKMIogiiCIIEggSBBIEEYQRhB
GEEQAQgBCAEIAQgBCAEIAQgBCAEIAQgBCAEIAQgBCAEIAQgBCAEIAQgBCAEIAQgB
CAEIAQgBCAEIAQgBEAEYQSBBIEEgQSBAIEAgQSBBIEEgQSBBIEEgQSBBIEEgQSiB
KIEogSiBKIEogSiBMIEwgjDCMMIwwjDCMMIwwjDCMMIowijCKMIowiiCIIIggiCC
IIIYQhiBGIEYgRhBGEEYQQgBCAEIAQgBCAEIAQgBCAEIAQgBCAEIARACIIMggyCC
IEIggiBBIEEgQSBBIEEggSCBKIEogSiBKIEwgTCBMMIwwjDCMMIwwjDCMMIwwjDC
MIIwgSiBKIEggSBBGAEQAQgBCAEIAQgBCAEIAQgBCAEIAQgBCAEIAQgBCAEIAQgB
CAEIAQgBCAEIAQgBCAEIAQgBCAEIAQgBEAEoQSiCMIIwwTDBMMEwgTCBMIEwgTCB
MIEwgTCBMIEwgjCBMIEwgTCBKIEogSiBKIEogSiBKIIowjDCMMIwwjDCMMIwwjDC
KMIowiDCIMIggiCCIIIggSCCIIIggiCCIIIgghiCGIIIAQgBCAEIAQgBCAEIAQgB
CAEIAQgBEEIYgiCCIIIggiCCIIIggSBBIEEgQSBBIEEggSiBKIEogSiBMIEwgTDC
MMI4wjjCOQI5AjjCOMM4wzjDOMIwwjCCKEEQAQgBCAEIAQgBCAEIAQgBCAEIAQgB
CAEIAQgBCAEIAQgBCAEIAQgBCAEIAQgBCAEIAQgBCAEIAQgBCAEYQjCCOMI4wTjB
OME4wTjBOMI4wjjCOMI4wjjCOMI4wjjCMMIwwjDCMMEwwTCBOIEwgTCBMIEwgTDB
MMIwwjDCMMIwwyjCKMIowijCKMIowijCIMMgwiCCIIIggSCBIIIggSCBIIEggSCB
CAEIAQgBCAEIAQgBCAEIAQgBEAEYghiCGIIYghiCGEIYQRhBIEEgQSBBIEEgQSBB
IIEogSiBKIEwgTCCMMI4wjjCOMI5AkEDQQJBAkEDQQI5AjjCKEEYAQgBCAEIAQgB
CAEIAQgBCAEIAQgBCAEIAQgBCAEIAQgBCAEIAQgBCAEIAQgBCAEIAQgBCAEIAQgB
CAEYQSiBOMJAwkDCQMJAwkDCSMJBAkECQQJBAkECQQJAwkDCQMJAwjjCOME4wTjB
OME4wTjBOME4wTjCOMI4wjjCOMI4wzDCMMIwwijBKMIowijCKMIowijCKMIowijC
IMIggiCCIIIggiCCIIIggggBCAEIAQgBCAEIAQgBCAEYQhiCGIIYghhCGEIYQhhC
GEEYQSBBIEEgQSBBKEEoQSiBKIEogTCCMMIwwjDCOMJAwkDCQMJJA0kDSQNBA0EC
KIEQQQgBCAEIAQgBCAEIAQgBCAEIAQgBCAEIAQgBCAEIAQgBCAEIAQgBCAEIAQgB
CAEIAQgBCAEIAQgBCAEQATDBQQJBAkkCSQJJAlECSQJJAkkCSQJJAkkCSQJBAkEC
QQJBAkECQQJBAjjBQME4wTjBOME4wjjCOMI4wjDCMMIwwjDCMMIxAzECMQIowijC
KMIowijCKMIowijCIMIgwiDCIMIggiCCIIIggiCCIIIIAQgBCAEIAQgBCAEQQhiC
GIIYghhCGEIYQhhBGEEYQRhBIEEYQRhBGEEgQiiBKIEowSiBKIIwwjDCMQI4wjkC
OQNBAkECQQJBAjjCKIEYARAACAEIAQgBCAEIAQgBCAEIAQgBCAEIAQgBCAEIAQgB
CAEIAQgBCAEIAQgBCAEIAQgBCAEIAQgBCAEQASiCQQJJA0lCUUJRQlFCUUJRQlFC
UUJRQlFCUUJJQkkCSQJBAkECQQJBAUEBQQJBAkECQQJBAjkCOMI4wjjCOMI5AjjC
OQI5AjkCOQI5AjlDOQIxAijCKMIowijCKMIowijCKMIggiCCIIIgghiCIIIggiCC
CAEIAQgBCAEQQhiCGIIYQRhCEEEQQRBBEEEQQRBBGEEYQRhBGEAgQSBBIEEogSiB
KIEwgTjBOMI4wjjCOQNBAkEDQQJBAjjCIIIQAQgBCAEIAQgBCAEIAQgBCAEIAQgB
CAEIAQgBCAEIAQgBCAEIAQgBCAEIAQgBAAEIAQgBCAEIAQgBCAEQASCCQQNRQ1FD
UUJRglFCUUJRQlFCUUNJQ1FDUUJRQklDSUNJQklDQQJBAkECQQJAwkECQQI5AjkC
OQI5AjkCOQJBAkECQQNBAkECQQI5AjkCOQI5AzkDMQMwwjDCKMIowiDCIMIgwiDB
IIIggiCCIIIggiCCIIIggggBCAEIARBCEEIQQhABEEEQARABEAEQARgCEAEQARhB
GEEYQRhBIEEgQSiBKIEogSiBMMEwwjjCOMJAwkECQQI5AjEBIIEQQQhBCEEIAQgB
CEEIQQhBCEEIQQgBCAEIAQgBCAEIAQgBCAEIAQgBCAEIAQgBCAEIAQABCAEIAQgB
CAEIASBBQQFRQllDWUNZQ1FCUUJRQlFCUUJJAlFDUUNRQ1FDSUNJQklCSQJJAkEC
QQJBAkECQQJBAkEDQQNBAkECQQJBAkFCQUJBQjlCQQNBA0EDOQI5AzEDOQIxAjEC
MQIowijCKMIgwiDCIMIggSCCIIIggiCCIIIggSCCIIIIARABEEIQQRBBEEEIQRBB
EAEQARABEAEQARABEAEYARhBIEEgQSCAIEEogSiBKIEwgTDCOMI4wjjCOMM4wyiC
GEIQQRBBCEEIQQhCCEIIQhBBEEIQQQhBCEEIAQgBAAEIAQgBCAEIARABCAEIAQgB
CAEIAQgBCAEIAQgBCAEIARhBMQNJQ1GDUYNRQ0lDUUNJQlFCUUJRQlFCSUJJQ0lD
SUNBQ0FCSUNJQklCSUNJQ0lDSUNJQklCSUJJQ0lDQUNBQ0ECQQI5AjkCOQI5AjkC
OQI5AjkCOQM5AzkDOQMxAzEDMQIowiDCKMIgwijCKMIgwiCCIIIggiCCIIIggiCC
CAEQARABEAEQARABEAEQARABEAEQARABGAEYARgBGAEYQRhBIEEgQSBBKIEogTCB
MIEwgTjBOMIwwiCCGEIQQQhBCEEIQQhBCEEQQghBCEIIQQhBCEEIQQgBCAEIAQgB
CAIIAggBCAEIAQgBCAEIAQgBCAEIAQgBCAEIARgBMMFJAklDUUNRQ1FDUUJRQ1FD
UUNRQ1FCUUNRQ1FDSUJJQ0lCSUJRQklCSUJJQklCSUJJQ0EDQQNBA0EDQUNJQ0FD
QUNBA0ECQQJBAjkCOQI5AjECOQI5AjkCOQI5AzkCMQIxAjEDKMIowijCKMIowijC
IIIggiDCIIIYgSCCIIIggggBCAEIARABEAEQARABEAEQARABEAEQARABGAEYARgB
GEEYQSBAIEAgQSiBKIEogTDBMMEogSBBEEEIAQhBCEEIQQhBCEIQQhBCEEIQAghB
CEEIQQhBCAEIAQgBEEEIQQhBCEEIQQgBCAEIAQgBCAEIAQgBCAEIAQgBIEI5AklD
UUNRg1FCUYNRg1FDUYNRQ0lDUYNRQ1GDUYNRg1GDUUNJQ0lDSUNJQ0lCSUNJQ0FD
QQNBA0EDQUNBQ0lEQUNBQ0EDQQNBAkECOMI5AjkCOQI5AzkDOQM5AzkDOQMwwjDC
MQMxAzEDMQMxAyjCKMIowijCKMIgwSCCIIIggiCCIIIIAQgBCAEIAQgBCAEIAQgB
CAEIARABEAEQARAAGAAYACBBIEEgQSCBKIEowTDBMMEoghhCEEIQQRBBEEEIQRBC
EEIQQhBCEEEQQQhBCEEIQQhBCEEIQQhBCEEIQQhBCEEIQQhBCAEIAQgBCAEIAQgB
CAEIARABIIE5AklDUYNRg1GDUYNRg1GDSYNRg1FCUUNRQlFDUUNJQ0lDSUNJQ0lD
SUNJQ0lDSUNRQ0lDSUNJQ0FDQUNBAkFCQUNBQkFDQQNBAkECOQI5AjkCOQI5AkEC
QQJBAzkDOQM5AzkDOQM5AzkDOMMxAzEDMQIowijCKMIogiCCIIIggiCCIIIggiCC
CAEIAQgBCAEIAQgBCAEIAQgBCAEQARABGAEYABgAGEEgQSBBIEEoQSiCKIIogRhC
EEIIQQhBCEEIQRBCEEIQQhBCEEEIQggBCEEAQQhBCEEIQQhBCEEIQQhBCEEIQQhB
CAEIAQgBCAEIAQgBCAEIAQgBGEEwgUECSUNJQ0lDUUNJQ1GDUYNRg1GDUYNRQ1FD
UUJRQ1FDUUNRg1GDUUNJQ0lDSQNJQ0lDSUNJQ0lDQQNBQ0FDQUNBQ0lDSUNJA0FC
QUNBQ0FDQUNBQzkCOQI5AkEDQQM5AjkDOQM5AzEDMMMwwzEDMMMpAzDCMMIowijC
IMIggiCCIIIggiCCIIIggggBCAEIAQgBCAEIAQgBCAEQARABEAEQARgBGAEYASBB
IEEgQSCBIIEggRhBEEEIQQhBEEEQQhBCEEIQQhBCCEIIAQhBCEEIQQhBCEIIQghC
CEIIQghCCEEIQQhBCAEIAQgBCAEIAQgBCAEIARABEAEggTkCQUNJQ0mDUYNRg1GD
UUNRQ1GEUYNRg1GDUUJRQ1FDUUNRQ1FDUYNRQ0lDSUNJQ0lDSUNJQ0lDSUNJQ0lD
SUJJQ0FDSUNBQ0FDQUNBQ0FDQUNBQzkDOQM5AzkCOQI5AzkDOQM5AjkDMQIxAjEC
MQIxAzDCMMIwwjDCKMIogijCKMIogiCCIIIggiCCIII=
END m9
frame   206 :  a small bag -0.69  a big bag -4.34   led 106/  8 h0.76 b0.88 lvl-2.52 d0.24   MATCH a small bag (cos -0.151, nearer by 2.06)
frame   207 :  a small bag -0.57  a big bag -4.09   led  96/ 10 h0.74 b0.87 lvl-2.33 d0.26   MATCH a small bag (cos -0.150, nearer by 1.88)
frame   208 :  a small bag -0.56  a big bag -4.13   led 101/  9 h0.75 b0.87 lvl-2.34 d0.25   MATCH a small bag (cos -0.151, nearer by 1.96)
frame   209 :  a small bag -0.86  a big bag -4.45   led 102/  9 h0.75 b0.88 lvl-2.65 d0.25   MATCH a small bag (cos -0.157, nearer by 1.99)
frame   210 :  a small bag -0.53  a big bag -4.14   led 104/  9 h0.76 b0.88 lvl-2.34 d0.24   MATCH a small bag (cos -0.147, nearer by 2.02)
frame   211 :  a small bag -0.29  a big bag -3.83   led  98/ 10 h0.74 b0.87 lvl-2.06 d0.26   MATCH a small bag (cos -0.147, nearer by 1.91)
frame   212 :  a small bag -0.33  a big bag -4.12   led 118/  7 h0.79 b0.89 lvl-2.23 d0.21   MATCH a small bag (cos -0.150, nearer by 2.26)
enrol     : a small bag, level -1.27, scatter 0.75 (40 frames, visit 2 of 2)
enrol     : 2 classes, nearest pair 3.43 apart, spread 1.26 (2.7x over 1 visit), absent beyond 6.86 (2.0 sep)
            Measured over 1 visit, so this ratio cannot see how far a class moves
            when it is staged again - which is what decides the run. Show each class
            again ('1'/'2' on a later visit) to make it mean something.
            'a big bag' SITS 0.12 SEP FROM THE ORIGIN, which is where a scene identical to
            the frozen background lands. Presence cannot separate the two, so an empty
            desk will read as that class. Re-freeze the background ('N') on a scene
            that is actually empty, or enrol a class that looks less like it.
frame   213 :  a small bag -0.01  a big bag -3.67   led 166/  2 h0.88 b0.94 lvl-1.84 d0.12   MATCH a small bag (cos -0.144, nearer by 2.59)
frame   214 :  a small bag +0.14  a big bag -3.34   led 144/  4 h0.84 b0.92 lvl-1.60 d0.16   MATCH a small bag (cos -0.145, nearer by 2.33)
frame   215 :  a small bag -0.25  a big bag -3.81   led 154/  3 h0.86 b0.93 lvl-2.03 d0.14   MATCH a small bag (cos -0.154, nearer by 2.44)
frame   216 :  a small bag +0.08  a big bag -3.36   led 140/  4 h0.83 b0.92 lvl-1.64 d0.17   MATCH a small bag (cos -0.143, nearer by 2.28)
frame   217 :  a small bag +0.01  a big bag -3.21   led 118/  7 h0.79 b0.89 lvl-1.60 d0.21   MATCH a small bag (cos -0.149, nearer by 1.98)
frame   218 :  a small bag -0.05  a big bag -3.22   led 113/  7 h0.78 b0.89 lvl-1.64 d0.22   MATCH a small bag (cos -0.149, nearer by 1.90)
frame   219 :  a small bag -0.27  a big bag -3.49   led 117/  7 h0.79 b0.89 lvl-1.88 d0.21   MATCH a small bag (cos -0.152, nearer by 1.96)
frame   220 :  a small bag -0.29  a big bag -3.64   led 131/  5 h0.81 b0.91 lvl-1.97 d0.19   MATCH a small bag (cos -0.150, nearer by 2.15)
frame   221 :  a small bag -0.12  a big bag -3.50   led 134/  5 h0.82 b0.91 lvl-1.81 d0.18   MATCH a small bag (cos -0.147, nearer by 2.19)
frame   222 :  a small bag -0.30  a big bag -3.73   led 139/  4 h0.83 b0.91 lvl-2.01 d0.17   MATCH a small bag (cos -0.152, nearer by 2.26)
frame   223 :  a small bag -0.40  a big bag -3.94   led 152/  3 h0.85 b0.93 lvl-2.17 d0.15   MATCH a small bag (cos -0.151, nearer by 2.42)
frame   224 :  a small bag -0.49  a big bag -3.92   led 139/  4 h0.83 b0.91 lvl-2.21 d0.17   MATCH a small bag (cos -0.152, nearer by 2.26)
frame   225 :  a small bag -0.39  a big bag -3.85   led 142/  4 h0.83 b0.92 lvl-2.12 d0.17   MATCH a small bag (cos -0.149, nearer by 2.30)
frame   226 :  a small bag -0.17  a big bag -3.49   led 127/  6 h0.81 b0.90 lvl-1.83 d0.19   MATCH a small bag (cos -0.146, nearer by 2.10)
frame   227 :  a small bag +1.46*  a big bag -2.23   led 169/  2 h0.88 b0.94 lvl-0.38 d0.12   MATCH a small bag (cos -0.120, nearer by 2.62)
frame   228 :  a small bag +3.46*  a big bag -0.39   led 192/  1 h0.92 b0.96 lvl+1.54 d0.08   MATCH a small bag (cos -0.103, nearer by 2.86)
frame   229 :  a small bag +4.73*  a big bag +0.75   led 210/  0 h0.94 b0.97 lvl+2.74 d0.06   MATCH a small bag (cos -0.104, nearer by 3.04)
frame   230 :  a small bag +3.22*  a big bag +0.29   led  91/ 11 h0.73 b0.86 lvl+1.76 d0.27   MATCH a small bag (cos -0.145, nearer by 1.55)
frame   231 :  a small bag +1.24*  a big bag -0.27   led  24/ 43 h0.43 b0.78 lvl+0.49 d0.43   MATCH a big bag (cos -0.150, nearer by 0.46)
frame   232 :  a small bag -0.24  a big bag -0.75   led   8/111 h0.23 b0.89 lvl-0.50 d0.23   MATCH a big bag (cos -0.152, nearer by 1.87)
frame   233 :  a small bag -1.22  a big bag -1.33   led   3/153 h0.14 b0.93 lvl-1.27 d0.14   MATCH a big bag (cos -0.154, nearer by 2.44)

enrol     : the next 20 frames are 'a big bag' AGAIN - they join the visit(s) it already has. HOLD THE SCENE STILL until it lands.
frame   234 :  a big bag -1.43  a small bag -1.45   led   2/170 h0.12 b0.94 lvl-1.44 d0.12   MATCH a big bag (cos -0.151, nearer by 2.63)
frame   235 :  a small bag +0.99  a big bag -0.79   led  29/ 31 h0.49 b0.76 lvl+0.10 d0.49   MATCH a big bag (cos -0.144, nearer by 0.07)
frame   236 :  a small bag +3.55*  a big bag +2.03*   led  24/ 42 h0.44 b0.78 lvl+2.79 d0.44   MATCH a big bag (cos -0.118, nearer by 0.45)
frame   237 :  a small bag +6.38*  a big bag +3.80*   led  66/ 16 h0.65 b0.83 lvl+5.09 d0.35   MATCH a small bag (cos -0.076, nearer by 1.06)
frame   238 :  a small bag +4.85*  a big bag +2.63*   led  45/ 23 h0.58 b0.79 lvl+3.74 d0.42   MATCH a small bag (cos -0.135, nearer by 0.54)
frame   239 :  a big bag +4.73*  a small bag +4.40*   led   0/212 h0.05 b0.97 lvl+4.56 d0.05   MATCH a big bag (cos -0.113, nearer by 3.06)
frame   240 :  a big bag +6.96*  a small bag +4.52*   led   0/160 h0.00 b0.81 lvl+5.74 d0.38   MATCH a big bag (cos -0.103, nearer by 3.43)
frame   241 :  a big bag +6.69*  a small bag +3.43*   led   0/126 h0.00 b0.73 lvl+5.06 d0.55   MATCH a big bag (cos -0.122, nearer by 3.43)
frame   242 :  a big bag +4.70*  a small bag +1.11   led   0/113 h0.00 b0.69 lvl+2.90 d0.62   MATCH a big bag (cos -0.142, nearer by 3.43)
frame   243 :  a big bag +4.32*  a small bag +0.32   led   0/ 98 h0.00 b0.65 lvl+2.32 d0.70   MATCH a big bag (cos -0.132, nearer by 3.43)
frame   244 :  a big bag +2.26*  a small bag -1.33   led   0/113 h0.00 b0.69 lvl+0.46 d0.62   MATCH a big bag (cos -0.151, nearer by 3.43)
frame   245 :  a big bag +1.97*  a small bag -1.19   led   0/130 h0.00 b0.74 lvl+0.39 d0.53   MATCH a big bag (cos -0.140, nearer by 3.43)

snapshot  : frame 246, mean RGB 117 114 126
BEGIN m9 128 128 32768 d684ca78
pNKc0ZyRpNMxhhBCMUYxhznIQccxRikEMUUxRjmGMUVBx0nHScdBx0HHQcdJyEoI
ScdRyFIIScdJx0oIOcdSyzoJMYcQgxkEfBCU05zUlJOEEWtPWkpqyZQOrRK1lM5Y
3xrnXOdd513fHN8c713vnu+e757fHN8d513vnu+e513fHOdd757vnu9d51znHO9d
757vnt8c3x3nXude513fHN8d517nXudd5x3fHNbc3xzfHN8c1tvW29bb1tvfHNcc
1tzO287azprOms6bzprGWr5axlrGWr4Zvhm2GLZYvhi2GLYXrdet17XYtZetl6VW
pZWtlq2WpZalVZ0UnRSdFKTSnNKUkTmGEEIYgykFEEEpBDmGMUU5hjFFMUU5hjlF
OYZJyEnISghKCFIJUghSCEnHSghSSUoISgdSSUHHYsuMkYxTWs0hBiDCYsq9ldba
1tzOm9bcnNRay1IIWolaiWKJe0ucj72UzpnW2+cd713vXe9e3xznHedd757vn+dd
3xznXe+e757vXudd3xzvXu+e717fHd8d517nXudd3xzfHede517fXt9d3x3W3N8d
3x3e3Nbc1tzW3Nbc1tzW3Nbc1tvOm86azpvW28aaxlq+GcZaxlq+Gb4Zthi+Gb4Z
thi1163Xrdet2K2XrZetVqVWrZatlqWWpVWdFJ0UpRSk0pzSWssQQggBEEIIAQgA
EEIxRTEFOYY5hjFFOUY5h0GHSghJx0nHQYZJx2KKasxrDHMNaw1izGtOnNS1lr4Y
3tzW3L4aa5AyChjEGEE5RazT1lne298c3xuEUCDDMUZByEoJUkpSSlqJc0uckc5X
5xzvXd8c3xznXe+e757nXd8c7133nvee757nXd8d717vXu9e3xzfHede757nXd8c
3xznXude317fXt8d1tzfHN8c1xzW3M7c1tzW3Nbc1xzW3NbbztvOm86bzpzGWsZa
vlrGWsZavhq+GbXYvhi+Gb4Ztditl63Xrdit162WpZallq2WrValVqVVnROdFJ0U
pNKMEBiDEAIIAggBCAEIAQgBGIIxRTFFOYdBhzmGKQMowzmGSghrDIxRrVXOWdaa
zprGWc5Z1prW2tbazpnGWd7b3tve28YajBI5ySEGGIMhA2tMvhbWmaUSKUUQQTFF
MQUxRUIIUopSilKJUklaSWsKlBC1VNaa5xzvXfee513fHO9d7573nu+e513fHe9e
757vnt8c3xzvXe+e513fHN8d513nXedd313fHdbc3x3fHd7c1tzW3Nbc1tzW3Nbc
1tzW3M6bxpvOm87cxpq+Wr4ZxlrGWr4Zvhm2GL4Yvhi+GLXXrZetl7XXrdetl61W
pVatlq2WpValVZ0UnRSdFKTSScgQQQgBCAEIAQgBCAEIAQgCIMQxRjmHOcchBBjD
KQWD0L3Yxlm+GMYY1prWms5ZxhjOWdaa1prWms5ZxhjWmt7b1prGGcZZpVZKjDGI
IMYgxCDEKMQYgxiDGIRSS5yUYsxjDVIJUglaSVpJWklaSVpJWgliiJQOzhbnHN8c
3xznXe+e757vnudd5x3vXu+e757fHN8c7133nudd3xzfHede517nXt8d3xzW3N8c
3x3e3Nbc1tzW3Nbc1tzW3Nbb1tvOm86bzprWm8aaxlq+GsZaxlrGWb4Zvhi+Gb4Z
vhi12K2XrZe117WXrZallqVWrZatVqVVpVWVE50UnRSUURiCCEEIAQgBCAEIAQgB
CAAIARBBKUUxRTFFIMQgw5yTzlnOWcYYxhjGGNaa1prOWsYYzlnWmt7b1prOWcYY
zlnOWc6Zxhe9185ZvdhzkDnJMYgYhSDGSgtizYxTxlnWm85a1pu+GXPPQghKSVJK
UklSSVJIUklSSVIJcw2s09ZZ5xzvXe+e757nXd8c757vnu+e3xzfHO+d757nXd8c
3x3nXude517nXt8d3xzfHN8c3xzW3Nbc1tzW3Nbc3xzXHM7bzpvGm86bztvGmsZZ
vlnGWcZZvhm+Gb4Yvhm+Gb4Ytdetlq2Wtdet162WrVWlVq2XpZalVZ1VlNOdFJ0U
YssQQggBCAEIAQgBAAAIAQgBCAEQQRiCOYY5hzFFjBHOWc5ZzlnOWcYYxhjWmtaa
zlnGGM5ZzlnOWc5Zvde918XXxhfOF7WVtVW1lr3XtZZrj1sNYw5zz5zUtZatVb2W
zhjWWM5ZzlnGGaUUaw1CCEpJSklKSUpJUklSSVIJUkhiyZyR3tnvXe9e5x3e3O9e
757vXd8c3xzvXu9e513fHN8c513nXedd513fHNbc3x3nHd7c1tzW29bb1tzfHNcc
1xzW287bzpvOm87bxprGWb5ZxlnGWr4Zvhm2Gb4Zvhm12LXYrZetl63YrZellqVV
pVatlq2WpZWlVZUUlRSdFDFFEEEIAQgBCAEIAQgBCAEIAQgBEAEpBFJJWsqc08YY
zlnOWc5ZzlnGGMYYzlnOWcYYvda91sYXxhfF172WrRS1VbVVtZWlE5zSpNKtEq0S
pNGUT5RPpJGs0qzSnFCcka0TtVS9lb2WtVWtVa1VlJJailpKasxrDGsMawxrC2rL
e46DjoPPtVXnG+cc5xzvXu9e717m3N8c713vnudd3xzfHOdd517nXuce3x3e3N8c
3xzfHNbc1tzXHNcc1xzXHNbc1tzO286azprW286axlnGWcZaxlq+Gb4Zthi+Gb4Y
vdi1162WrZa1162XrZelVqVWrZellqWWnVWU1JTUlNQYghBBCAEIAQgBCAEIAQgB
CAEIARBCUkmc061UtZW91r3WtdW11bWVrVStVLWVtZWtVJzSnNKk0q0TrNKkkpyR
nJGckqTSnJGcUJyRnJGkkZyRnFGcUaSSpJKkkqSSpNOs060UtRW1Va0UrRStVbVW
tZatVq1WtZa1Vq0VnNScksXYxdfFl6TUvZbOGM4Y1lnWWdaa1prW2t8b5xzfHNbb
3tznXedd513fXd8c3tzfHN8c3xzW3Nbb3xze3N8c3xzW3NbbztvOms6aztvOmsZa
vlnGWsZavhm+GbYYvhm+Gb4Ztditl62Xtditl62XpValVq2XpVallp0VlNSU1JTU
EEIIAQgBCAEIAggCCAIIAhBCEEIgxFJJast7ToOOg46Dz4wQjBCUEZQRnFGckpyS
nJKckqTTpNOk06TTnJOck6TTpNOk1KzUpNSk060UrRStFK0UrVS1VbUVtRW9Vr1W
vVa1VbVVtVa1VrUVvVa1VrVVtVW1lr1WtVatFZyTlBG9l8XXxdek072WxhfF18XX
xdfF2MXYzdjOGM4YzhjOGM4Y1pnWmc5YxhfWmtaa1prWmt7b1tvW2tbb1tvfHNcc
1xzW3M6bzpvOmtabzprGWcZZxlrGWr5Zvhm2GL4Yvhi2GLXXrZetl63XrdetlqVV
pVatlqWVpVWdFJTUlNSU1BBCCAEIAQgBEEIQQhBCEEIYQhiCYst7z4QQjFCMEIxR
lFGUkpyTnJKckpyTpNSc06UUrRWtFK0UrRSk1KTTpNOtFKTUrRW1Vq1VrRW1VrVW
tVa1FbWWtVWtFLVVvZa9lr2WtVW1Vb1WvVa9VrVWtVa1Vq0VtVW1Fa0VrRWck4PQ
vde9173XnNO1lsXYvde918XXxdfF183YxdjGGMYYzhjGGM5Yzli9lpSSxdjGGMXX
jFGlFLWWtZa918YYzlnOms6azlrOWcZZxlnOmsZZxlm+WcZZxlq+Wb4Zthi2GLYY
thi2GK2XrZe1163XrZallqVWrZellqVWnRWU05TTlNQQQghBCAEQQhBCEEIQQhhD
EIIYw4QPlFGUkZSSlJKUkZSSnJKk06TTpNOk06TUpNSk1K0VrRWlFK1VrRWk1KUV
pRSk1LVVtVa1VrVVrRW1Vr2WtVW1VbVVrRS9lr2WvZa1VrVWtVW9VrVWvVa1Fr2X
tVa1Vq0VpNWtVq0VlJKMUsXYxdjF2JRStZe92L2Yxdi92MYYvhi918YYxhjGGMYY
xhjGWc5ZvdeUUsYYzhnGGJzTlJKtVbVVtVW1lr3XtZa1lrWWtZa1l7WWtZa1lrWW
tZa1lrWWtZa117XXtdatlq2WrZalVa2WrZWlVaVVpVWlFaVVpRWdVZ0UlNOU1JTU
EEIIAggCEIMQQhBCGIMYgxiCMUWUUZyRnJKckqTTpNOlFKUUpNSk1KTUrRStFK0U
pRSlFK1UrVW1VrVVrVWlFK0VpRStFL2WvZe1Fb2XvZe1Vr2WtVW1Vr2WvZa1Vb2X
tVa1V7VWtVatFq1WtVe1Vr2XtValFa0VpNWtVpyUe9DGWcYZvdec07WXvhnGGcXZ
zhrOGsXZxhnF2MYYvdi92MYZtZfOWrWXe9DGGMYYxhitVZRRtZa1VbWWvde1lr3X
tZa1lr3XrVW1lr3Xvde9173XtZa1lrWWvde917WWrVWtVa1VrVWtVa1VrVWlFKUU
pRSc05zTnNOc05zTnNOc1BBCEAEQARiDGEIYgxiDGIMYgkHInJKckpzTpNOlFJzT
pNOk05zSpNOtFKUUrVStFK0UrRStFK0VtZatVaUUrVWtVaUVrVWtVq1VtZa1VrVW
vZa1VcXYxhi9lsXXtVa1VrWWrVa1l7VXtVe1V7VXvZe9l71XrRak1a1WrZeUk5RT
xhnOWsYZjJO92cYaxhrWW85b1pzOnM5bxlvGGsYaxhq92cYa1pu1l4xSvdjGGcXY
nNSMUq1WrVatVq1WtZatVq2WrZa1l72XrVa1l73YtZe92L3YrVW1lr3Xvde1lq2W
rZalVqVVpVatlqVWpZalVaUUpRSdE5TTnNOdFKUUpRQQQhACEEIggxiDGMMYgxjD
GINSSpRSnJKk06TTpNSk05ySnJKckpySpNStFKUUrRWtFa0UtVW9VrVVrRWtFa0V
tVW1VrVWtVa1Vq0VtVa1lq1WvZfOGcYZxdi92LVWtVa1Vr2XvZe9l72XtZe1l7WX
vZi1l60WrVetF7WXlJSEEsYaxhq92a0WxdnOGs5b1pzW3dbe1t7W3tad3t7Wnc6c
zpvGW97cxhqMUsYZxhnGGa1Xe9GtmK2XtZitl62WrVatlq2Xtditl7XXrZetl7XY
tdetlq2XpValV62XpVatl62XnRWdFZ1VpVWlVZ0VpValFZTUnRWdFJ0UpVWlVZzT
EEIQAhBCGIMYgxiDGIMgwxiCWoqUUZySnJKk06UUnNOc0pzTnNOk06UTpNOtFK0V
rRW1Vb2WtZa1lq1VrVa1VrWXtZa1lrWWrVa1VrWXtVa917WWzlnOWb3Xxhi1l7WX
tZe1l8XZxdm9mL2Yvdi+Gb2YtZe1mK1XtZi12JSTpRXGGtabzlutV85czlzOW86c
1pzWndad1pzWnNad1p3W3dbd1t3e3c6bpRbGWsZaxhqlVpSUrZe1l73YtZi1l61X
rZi12K2Ytdi12LXYthmt2LXZtdmtmK2ZrZill62XrZet2K2XpValVqVWpVadVZ1V
pVWdFZTUnRWdFaVWnRSU0xBCCAEQQhiDIIMgwyDDIMMYg1qKlFGUkZzTnNOc05zT
nNOc06UUnNOc05zTpNStFbVWtVa1VrVWtVa1VrVWtVa9lrWXtZe1l73YtZa1l73Y
tZfGGMYYzlnGGcXYvdjGGb3Yxdm92b3ZvdnGGs4avdnGGr3ZvZi92bWYtZilFZ0W
1pze3dactZjOW8YaxhrOG9ac1lzWXM5bxdrGW8ZbzpzWnNac3x3e3aUW1p3WnM6c
tdmdFrXZvdm92b3ZrZi12LXYvdm+Ga2Ytdm12bXZvhq2Ga2Ythm12K3ZrhmlmLYZ
thmt2Z1WnRadVqVWnVadVp1VlRSdFZ0UpValVp0VjJIQQggBGIMgwxjDGMMYwxjD
GMNrDJySnJOlFKUUpNOUkpyTpRSc06TUpNSk1KUVrRWtFbVWtVa1VrVWtZa1VrVW
vZe1l73Ytdi1mL3YvZe92MYZxhnGGcZZxhrOW84azhrOGsYaxhq+GcYaxlrWW84a
zhrOGs4avdnGGr3ZpVa1mNac3p3WnLWYzlvGGsXaxhvOG85czlzGG73avdnGGs5b
zlzOnNbdzpytmMabzt3O3K3YrZi2Gr5bthq+G7Yatdm2GbYZthm2Ga3YrZi12a2Y
rdit2aWYrdit2KWXpZelmK2YnVaVFZ1WlRWlVq2XpValVqVWlRWdlqWXpZaU04SS
GIIQASCDIIQgxCDEIMMYwxjDYwyUkpySrVWlFJSSnNOlFKUUpVWc1JzTpRStFa1V
rVWtVrVXvde9l7WXvZe1l7WXvdi9mL3Yxhm92L3ZzhrGGc4azhrGGtZb1pzWnNZb
zlvOWs4azhrOGs4a1pzOW9aczlvOW9acxlvGGrWYvdnm3t6dzlu1mMYbxdrF2sYa
xlrGWs6bzlu92cYatdnGGs5bzlvnHtacrVfW3s6dzpy12aVYvhu+G74avlu+GrXZ
rZi1mL3ZtZitmK2XpVetmK2YnRalV6VXpZetl51XlRadFp0VnRadFqVXpZill63Y
nZedVqWXpZell51VjJOMkykFCEIYxCDEIMQgxCDEGMQYw2tNhBCck61VnNOc1KTU
rRa1VqTVnNSc1KTUpRWlFa0WrVe1l7WXtZi1mLWXvdjGGb3Yvdi92LWXxdnGGcYZ
1pvOWs5a1lvOW96c5t3endac1pzWnM5a1pvWm85a1p3OnNac3pzOXNZczlu1mMXZ
1pzWnM5brVfOW8YaxdrGGsYazlvOW85bxhu92r3axhvOW9ac1pzGGq2Yzp3WnM5c
rVilV7XZvdm92bXZtdmtmK3ZrZill63YpZelV62YrZilV50WnRalV61XpRaU1YzU
nRadVp1WpZedV51WpZill6WXrZilmK2YpZeM1JTUjJNKSRCCGMMYxCDEIMQgxBiD
GINjDJRRjJKlFKUUpRStVbWWrVelFpTUlJSlFaUVrVatlq1WrVa1mMXZvZi92M4Z
xhnGGcXZxdm92L2ZxhrOG8YazlvWnNac1pzWnebe5t7WnNac1lzWnNac1pzWXM5c
1pzWnNac3t3WnNactZi1mNaczpvGWrVXzlvGGsYaxhrGGs5b1lvOW8YazhvGGs5a
zpzOW8ZbtdmdFtaczlvGGpzVpVa12bXZtdm12a2YtdmtmK3YrZilFqVWrVetl6WX
pVadFp0WpVelV50WlRWVFpUVlRWlmJ1XpVilmJ1Xpdil2KXYrdit2J1XlNaM1IST
jBAgxBjEGMQgxCDEIMQYhCDDc06UUZRRrRWk1LVWtVa1l7WXrVac1ZzUnNSlFa1V
rValFa1WtZe92L4Zvdm92c5bvdnGGcZavdjGGdab1pvOW8Ya1pzWnM5b3x3e3Oce
3pzenN6czlvWW9aczlzWnc5c1p3e3t7d3t7WnLWYxdre3daczlutV9abzlvOW85b
xhvOnM5bzlvOW8YazlvOW85bzlu+Gq1XnNXGW8ZbvdmMlKVWtdi+GbXYtdi12a2X
tdit2KVXpVelVqVXrZilV51WpVadVp0VnRWlVp1WlRWVFZUVpValV6VXpZet2K3Y
rdm2Ga3Zrdill50WlNWMlKUUSkoYxCDEIMQgxCjEIMQgxGsNlFKck60VrVa1l7XY
vdi1l7WXpRWk1JyUpRWtVq1WpVWlFbWXvdi92cYaxdrGGs5bxhrGGcXZxdnenNac
xhrGGs5bzlvOW97c3t3enN7d3t3WnNaczlvWm96czlvenN7d3t3e3c6cxhq1WL3Z
3p3WnM5brVfWnNaczlvOW85bzlvOG8YaxhvOW85bzlvOW8YbxhqtF5SVxhq92bXY
hBKlFrWYrZe+GbXYpVatmK1XpVelV6VWpVatl6VXpVelF50WnRWU1KVXpVedFp1W
lRaVFqVYpVedVqWYnVetmK3Zrdmt2KWYpVedV5UWjNStE4xRIQQYxCDFIQUhBRjE
GMRzj4wRlJKtFa1Wxdi1mLWYtZitV6UWnNSc1JyUnNSc1JSTpNStVq1Wvdi92L3Z
zlrF2cYZvdm1WMXZzhrOGs4axhrOGsYazhvWnNac1pzWnNac1pzGGs5bzlvGWs5b
1pvWW9ac1lzOW73apNa1mM5b1lvOGrVY1lzOW85bzlvGGs5bzhvOG85czlvOnM5b
xhvGG73anRaMlL4atdmtmIQSnNWlFrWYrZitmK2XnRWlVqUWnRWdFqVXnVadFp0V
nNWU1JTUnRadFp0XpVeU1Z1WpVedV6VXpVedV6WXpZelmK3YpZelV6VWnVadVozU
pRSckiDEIMQgxSEFIQUgxCDEaw2UUpSTnNStV73ZtZe1mK2XrValFZzVlJOUlJyU
lJSc1JzUnNS1V7VXvdnGGr3Zxhq92r2Zvdm92b3YxhnGGcYZxhrGGs5a1pve3d6c
3pzWXNZb1lvOW85c1pzOW9ZbzlvOGs4bxhq92p0WrVjOXM5czlu1WM5b1pzOW85b
zhvOW85czlzOXM6czlvGGsYavdq92ZSUlJS92rWYrVhzkZSUpVelVrXYtZilFq1X
nNalFqUWpRalFqVWnRadFpTVjNWM1ZUWnRadVpUVnRadFpUWnVedV5UWpVedVp1X
rdilmKWYpZidVp1WnVadFaUUnJMpBiDFKQUpBSkFIMQgxHNOlJOUk6UVrVa92bWY
tZi1V7VXpRWc1ZzVlJSUlJyUlJStFq0WpNW1V72YvdjOGsYZzhrF2b2Yvdm92MYa
xhrGGsYaxhrOW86b1pvenN6c5t3nHtZc1pzendad1p3OXM4bzhvGGsYaxhmlFrWY
zlvOnMYatZjWXM5bzlvOW84bzlvOXM5c1l3OXM4bzhvOW8Yavdmc1YxTtdm12aUW
c5CdFp0VrVetV61XrVelFqVWpVadFaUWpRWdFqVWlNWU1YyVjJSVFp0WlNadFp0W
lNWdFp0XnVelV51XpZell6WYpZell51WnVaVFpUWlRWtFKTTKQUgwykFKQUpBSDE
IMRrDYwRlJOlFbXYvdi1mLWYtVitV61XpRac1ZzVnNSUk5zUpRWlFaUVpRWtl73Y
tZfGGb3YtZe92L3YvdjGGMYZxhnOGs5axhrOW96c1pze3uce1t3enNZc3p3e3dac
1p3OXMYbxhvF2sYapRa9mNZczlvOW72YzlvWXM5czlzOXM5c1p3WnM5c1pzOW9ac
1py+Gr4ajFSU1rXZrZitWGtPpRatV6UWrZetl6VXpVelFp0WnRalF50WnRadFp0W
lNWUlJUWjJWU1Z0WlNWdFp0WlNWdV6WYpVelmKWYpZilV51XnVedVpUWlVaVFpUW
rRWk1CkGIMUpBSlFKQYhBSDEa06MUpSSpRW1l73YtZi1mLWYtZi1l6UWpRac1ZyU
nNWclKTVpRWlFK1WrVatl73Yvdi+Gb3Zvdm1mL2YxhnOGcYZzlrGGcYZzhrOGt6c
1pzenN7dzlvWnN7d3t3m3t6d1pzOW8Yaxhu92aUWvZnWXNaczhu9mdaczlvWnNac
1lzWXNac1pzWndac3t3e3c5bxhq92ZzVlNW92b3ZrVdzkKUWnRatl61XpVetmK2Y
rZilV50WpVedFp1XpRedFp0WlNWMlZTWlRaM1Z0WnRaU1p0XpVidV6WYpVilmKWY
pZidl51XlRaVFZ0WlRaM1a0VrRQpRSEEKQUpBSlGIQUgxGLMlJOc1KUVrVe1mLXY
tZe92bWXtZetV6UWpRWc1JSTnNSck5zUpRWlFaUVrRa1V72Yvdi9mMXZtZi92b3Z
xhq92b3ZzhvF2cYZzlvGWtab1pzOW85b1pzend6d3p3end6d1pzOW8YaxhqlFr3Y
3p3WnM5cvZnWXNac1pzWnNac1pzWnNaczpzOnd7d1pzOW8YavdqMVKVXxhq92a2Y
c9GdFa2XrZitmKVXpVe12L3ZpValV6UWrVelFqUWpVedFoyUnRadFp0WnRaVFp0W
pVedFqVXpZedV6VXrZilV6WXpZill5UWlRWVFZTVjRWtVa0VMUYgxSkFKQYxRyDF
IMRizJRSnNOlFa2Xvdi1l73Yvdm92LWYtZe1V6UVnNSc1JSTnNSdFaTVrRalFa1W
tZe1mL2YtZi92bWYvdjGGb3YvdjGGb3YxhnGGr4ZzlvOW96d3t3Wm97c3tze3N7d
3tzenNZb1pzWnMYarVe92t6d3t3OW73Z1p3end6d1pzWXNad1lzWnNZc1pze3dac
zlzGG7XZlNWlV74axhqlV3PRpRelFrWYtZitV62Ytditl51WpValV6UWpVatV50W
nNWU1YyVnRalV5UWnRalV51XnZelmKWYnVidV6WXpZell6WYnVedF5TWjNSM1YyU
rVWtVTGGIMUhBSlGKUYpBSDEYsyUk5zUnRSlFbWXvdi1l73YtZe92L3YrValFZzU
lNOk1JzUnJSk1ZzVpNWtVrVXvZe9mL2YvZi9mMYZvdjF2b3YtZi92b3ZvdnOGsXZ
1lvenN6c3pzWm97d3t3nHuce1tze3dac1lzWW60Xzhrm3t7czlvGGdac3t3enN6c
1lzWnNac1tzWnd7d3t3endaczlvGGpSUtZjGGsYarZd70Z0VrVetl7XYrZitl7XY
rVetV61XpVatl61XpValVp0WlNSU1Z0WlRWlV6VXpZill6WYpZilmaWYnVelV6WX
pZell51WlNWM1IzVhJSMlK1VrVU5iCDEKQYpRjGHKQYgxVqMnJSk1KTVrRatFrWX
tZi1l74Ztdm1mLXYpRac1ZzVlJSclJzUnNSlFa0VtVatFbWXvZi1l7WYtZjGGr3Z
tVe1l73YtZfF2cXZxdjF2cYZzhrWW85b1pvWnN7d5x7nHube5t7endacxdqtVs5b
3t3nHc5bxhrWnNac3t3WnN6c3t3enObe3t7W3d7d1pzWnM5bvdmc1bWYvdnOW62Y
fBKtl6UWrZe12K2YrditmK2YpVetV62YrZitmK2YnRadFp1XnRadFqVXnRadV6WX
pVelV6WYpZitmaVXpVelV6VXnVeVFo0VjNWElISUhFOtVa1VQckgxSEGKUcxRyEF
IMRazKUVrVelFqUVrRa1V7VXxdm9mL3ZvZitV61XpRac1ZzVpNWlFqUVpNWtVq1W
tZa1lr3XvZi1l8YZzlq9mL3ZtZe1l73YvdjF2cXZxdnF2cXZxhrOW86b1pzWnOce
3t3WnObe1pzOG8YapRbGGt7d3pzOW8Ya3pzWnNZc3pze3d7d3x7nH97e3t3Wndac
zpzOW84blJW1mcZbzly1mIQSrVetV6UWrZi12K2Ytdi1mLWXrZilF6VXrZelV6VW
pVedFp0WpVedFp1WnVedV6WXpZelV6WXpZelV50WpVelV5UVlRWM1ISUjJV8U3QS
rVStVUoJIQUhBSlHMYcpBhjFYs292L3XpVatVq0VrVa1mLWYvdi12L3YtditFqUV
pRWlFa1WrVatVq0WrVa1Vq0WvZi1l61XtZi92L2YxdnF2b2YvZi1mMXaxhnF2cXZ
xdnOGtZazlrWm85b3tzm3d6d3pzWW85bzlq1mKTVxhrWnN6dzhrOGt6d3p3endac
3p3end7d3x7e3t7e3p3WXM5czlzGGpzVvdnGWs5brViEE61XpRalF6VXrZi1mK2Y
tditmKVXpVelV50WpVelV50WpRedFpUVnVedV51XnVel2aWYpZilWK2YpVedV51X
nVedF4zVjNSU1YRThFOEU61VrVVKSiEFKQYpRzFIIQYYxFqLvdfGGL3YrVetV7WX
tZe92K2Xvdm92a1YrZitVqUWrRatVq1WrRWtVq0WpRW9l72YtVe9l61Wvdi92LWX
zhq9mLWXvdnGGc4axhm92MXZzlrGGsYazhrOW85b3t3WnM4bzlvGGsXZxdmc1c5a
3tzW3MYaxhrenN6d3p3e3d7e3t3e3ebe3t7m3tad1p3WXM5czluU1L4azlzGW62Y
lJStWK1XpRelF62YpVe1mK1YtZitmKVXpVetl6VWpValV6UWnRalV5TWpVedFq2Y
rZitmKVXnVadV51XnVadl51WjNWElISTdBKEk4RTfFKtVa1VUoshBiFGMYc5hylG
GMRKSbWXvdi92L3YtZe1l72XtVe9mL3Zvdi9mLVXtVetV60WrVatVrWXpRWlFq1X
tVe92bXYrRa9mL2XxdjF2MXYvdi9mL3YvdjF2MXYxdjOGs4axdnF2sXZxdnWW9ac
1pzWW8XaxdrF2q1XnNXOGtZb3tzF2cYa1pzWnN7d1p3e3t6d3p3m3t7e3t3e3dac
1lvWXMYanJXGGs5bzlulV5SVrZitV61XpVatl7XYrZetmLWZrVitV61XpRatV6VX
nRalV6VXpVedFqUXpVe12aWYpZidV51XnVaVFp1XnVeM1pUVjNR8U4SUfFN0EnxT
rVWtVVrMIUUpRjGHOcgxRxjEOcitVrVXvdi12MYZvdi92L3YtZe92L3ZtZi1mLWY
rZetVq1XtVetVrWXrVatVrXXtZe92L3YtZe92MXYvZjOGcXZvdjF2b3Yvdi9l8XZ
vdi9mMXZvZe9mM4axhnOW85bvdnGGr3ZtZi1mJSUxhrWnNacvdnF2tZc1lzWXNac
1pze3d7d1pzWnd7d1p3Wnc6czlzGG5zWxhvOnMZbnRaUlLWXtZetVq1XtVetV7XY
rZetl7XYrVelVq2XpVelV61YpVelV62YpValV6WYpVilmKWXpVelV50WnRadVpVW
lRaNFYTVjNV8U3QSfFN8Eq1VrVVjDSEFIQYxiDnIMYcYxDnIvdi92K1Xvdi1l8YZ
zhm92L2YtZi9mL2YtZe1mLWYtVe1V7VXtZe1V7WXtZitVr2Yvdi1l73YvZi9mL2X
vdjGGMYYxdi92L2Yxdm9mL2Yvdm9mMYZxhrOW9Zbxhm9mMYavdm92b3atVic1MYZ
1pvWnL3ZzlvWXNZc3pzWXN6c3pzWnN7d3t3end7dzlzWnNacvdqlFs5bzlvOG5zV
nNatmK1XrVelVqVXtZitV61XrVetmK1XrZelV61XrZelV62XrZidV6VYpZilV6VY
pZelV51WnRalV5UWnVadVpUVlRWU1YyUhFR8U3xSfFOtVK1VYw0pBilHMYg5iDGI
IMUxh7WXtdi92bWYvdi92L3Zxhm92bXZtdi1mLWYtZi92b2Yxdi92LWXvdi1l7WX
vdi1l7WXtZe92MXYvdi92MXYxdi9l8XYxdi92L3Yvdi92L2YzhrF2c4a1lvF2cXZ
xdm9mcXZvdm1ma1XlJTOWtab1pvGGs5b3t3WnNZc3p3WnNac3t3e3dac3t3e3d7d
3t3OnMYbnRbGW85bxhqc1ZTVrVi1mK1XtZi1mK2YtZilV6VXrZilV50WpVelV6VX
pVilV6VXpRelV6VXpVedFqVXpVelV51XlRadVpVWlRadV5UWjJWM1YSUdBJ8U3xT
rVWtVXNPKQUpBjmIOcgxiBjFMUe1VsXYvdi92LWXvdjGGb3Yvdm9mb3ZtZi9mb2Y
vdm92b3ZtZi92bWYvZi92LWXvdi9l7VWxdnF2L2XxdjF2cXYvdjF2L2YtVe9mLWY
vdjGGsYZxdnOGsXZxhm9mLWYxhq92cYZvdmtV5zVzlvWnNacvdnOW97d1pzWnNac
1p3e3d6d3pzWnN7d3x3nHt7e1p292qTWzlvOWs5anNWlVq2XtZi12a2YpVe1mLWY
rVetV62YrZitmKVXpVetmKVYpVilWJ1XrZitV51XnVedV51XpZedVp1XnRaVFp1X
nRaU1YzVhJR8U3xTdBJ8U61VrVVzjyEFIQY5iDnJOYgYxClGvZi92MXZxhm92b3Z
vdm1mMXZxdm1l72ZvdnGGcYZvZjGGcYZtZe92b3YvdjF2b3YtZi9mL3Yvdi9l8XY
xdnF2L2YtZe9l72XtZe9l8XYxdnF2bWXxdnF2bWXvZi92b3Zvdm92b2ZrRecldac
1p3WnL3Zxdre3d7dzlvWnNac1p3e3dZc1p3nHuce5x7e3tacxhqlF85cxlvGGpzV
pRetV7WYrVetmK2YpVetmK2YpVe1mbXZrZit2KWXpZetmK2XpVelV62YrZilV50W
nRedV51XpVedVp0WnRaVFpUWlRaE1YSUhJR8U3xShFOtVa1Ve9AhBSkGOYhByTnI
IQUpRrWXvdi+GcYZvdi92b3Zvdm92cYavdm12MYaxhrF2cXZxdnF2cXZvdm92cXZ
xdnF2b2YvZjF2cXYvdfGGcYZxdi1l73XvZi9mMXYvZjF2cYZtVe92L3YvZi9mMXZ
xdm9mb3Zvdm9mK0WnJXWW96c3p29mNZb3p3endZczlzWnNac1pzWnN7d5x/nHt7d
3p3Wnb3ZrVfOW85bxhqUlK0WtZe12LXYrVelV62YrZilWK2YtZitmLWYrZitmK2Y
rZitmKVYpZitmK2YpVelWJ0WnRalV50WnVedFpUWnRaVFYTUjNWElHxThJR8k3xT
rVWtVYQRIQUpRjnJQco5yRjEKQWtVr2YxdjGGb4ZvdnF2b3ZxdnGGcYZzlrGGcYa
zlu1mMYazhq9mM4azhrGGs4bxdnF2cYZxdnF2cXZxdnF2L3Yvdi1l73Yxdm9mL2Y
vZe1V73YvZe9l8XYvZjF2cXZvZi9mL2ZxdqlFpSU1pzenN7cvZnOG96d5t3enNac
1pzOW9ac1pzm3uce1p3e3t7d1py92aTWzlvOGr3ZlJSlFq1Xvdm+Gq2YtZitV7WY
tZmtWLWYrZetmK3YrditmK2YrZitmK2YpZilmKVYlRadF50XlRadV51XlRaVFozV
lRaM1YSUhJSElISUhJSElK1VrRSMUSEFKQY5yUHJOckYxSEFrVa92L3Yxhi92L3Y
vdjGGcXZxhnOWsYZzhrOGsXZzhrGGs4a1lvGGs5a1lvGGc5axlrOWs4ZxhnF2b3Y
xhnF2LWXvdi917WXxdi9l72Xxdm1mL2YtZi1l73Yvdi1mLVXtVi9mb2YpNaUVM5b
1pzWnK1XzlvWnN6d3t3OW9aczlvOW9ac3t3WnNac1p3endadtZmtV8YbxhrF2oxT
tVe1mLXYvhq1mKVYtZitmK1YtdmtmK2Ytdm12bWZtdmt2a2ZrZitmK2ZpVilWKVY
nRedF50XnRedFp0WlNWMlJTVjJSElIyVfFOElISUhFStVa1VlJMpRilGSgpKCkHJ
IQYhBaUVvdjF2c4ZzhnOGc5axhnGGc4ZxdnOWsYaxhrGGsXZzhrOW8Ya1pzWm85b
zlvOWs5azlvGGs4axdnF2cXZxdm9mLVYvZi9mL2Yvdi9l72Xxdi1V7VXtZe92L2Y
vZi1WLWYtZi1mJSVjBPOW9Zb1py1mM4b1pzenN6d3pzWnM5b1lvWW9Zb1lzWXN6d
1p3WXLWYnNbGG8XavdmUVLVYrVi92bWYrVe1mLWYrVitmKVXrZitmK2Ztdm12bXZ
rdmtmK2YrditmKVYrZidV6VYpZidV6VXnVeU1pTWjJWMlYyVjJWElISUjNWElISU
rVWtVZSTKUUhBUIJQgk5ySDFIQWc1LWXvdjF2MYYzlnOWcZZxhnGGc5axhnOm85b
vdnOG84azhrWW9Zb1pvem9Zb1pzWm9ZbzlrOWs5bvhrOG8YatZjF2cXZvZjFmbVX
tVe9mL2YtVe1V72Yxdm9mL2YtVi1WLWYtVek1ZRTxhrWm9acrRbWXNac1p3endac
1p3Wnd7d1p3WnNZc1pzWm9ad1p2tWKUXxdrGGr3ZhFOtV7WYrVi1mLWYpRetmK1X
pVetV61XpVetmbXZtdm12bXZrZitmK2YpZelmJ1YpZidV51WnVedFp1WnVeM1YTU
jNWElISUhJOElIzVjNWE1a1VrVWckylGIQU5x0IJOcghBSEFlJOtl61WtZe1185Z
zlnOWdZazlrGGc5a3pvWm85axhnGGc4azlrWnNac1pvWnObd3tzWW9Zc3pzWW9ac
zlvOGs4avdnGGsYavZi9mL2YvZi9mL1XvZjF2L2YvZi1V7WYtZi1V7VXnJScU9Zb
1lvWW61XxhrWm9ac1lvWW9Zb1pzWnNab1lvWW85b1lzWXNZcvdmlFsYaxlu1mJSU
rVetV73ZtditmLWYrZitWLVYrVi1mK2Ytdm12bXZvhm12a2YrZi12a1YpVelV6UX
nVedV5UWlRedV5UWjNaU1ozWhJSElXxUhJSMlYyVhJWtVa1VnNMpRylGOYg5yDnI
IQUhBZSSrVa1l7WXtZbGGMXYzlnOWc5ZxhnOWdaazprOWs5ZxhnF2c4a1lvWWtZa
3pze3Nac1tzWXN6d3pzOW9aczly92cYaxdm92M5avdi1l8XYvZi9mMXYtZi1V7VX
tZi1V7VXtVetFpyUnJXWXN6c1lytFs4b1lzWXNZc1lvWW96czhvWXM4bzhvWXNZb
1pzWm61XrVbGGsZavdmEEq1Xvdm1V7WYtZitV61XrZilV62YrZitmbXZrZitmLXZ
tdmtmK2Ytdm1mKVXnRadV6VXnRalV51XlRaVFpUWlRaVFozVjJWMlYyVjJWM1YSV
rVWtVZzTKUYhBTGHMYg5iCEFIQWMkr3XrVa9l73XvdfOWcYZxdnGGbWXxhnOGb3X
zhnOGcXYxdjGGM4ZzhnWm9ab3tzWnNac5t3enN7d5x7e3daczpvGGs5bxhq1mMXZ
vZi9mL2YvZjFmb1YvVe9WLVXvVe1V60WtVecVJRU1lzOW85brVfOW9ac1lzOW85b
1lzWXM4bzlvOXM5bzlvWnN6d1ly9ma0XzlvOW73ZjFOtV61XtZi1mK1XtZi1mK1Y
rZitmK1YrZm1mbWZtZmtmbXatdqtmbXatdqlmK2YpVedV6VXpVedVp1XlRaVFpUW
jRWM1YzWjNWE1YSVhJWMla1VrVWc1ClGIQYxiDnJOcgpBiEFlJOtVbWWtZbF2MYY
xhjF2MXZzhm92M4ZxhjGF72XxdjF2M4ZzhnOGtZa1lrenNZb1pvnHd7c5t3vHt6d
5t3e3M5b1pzWnMYaxhrF2r2ZvZi9mL2YvZjF2b2YvZi9mK1XrRatF60WjBOUU84a
3lzWW60W1pzenNab1pzWXN6d1lzOG9ZczlvOW85bxhrOm9ZbrVa1mM5axhq92YxT
rVe92bWYrZitWKVXrZitWK1XrZelV61XtZm1ma2YrZm12bXZrdmtmLXZthmtmKVX
pVelFp1XnRaU1Z0XlRaM1ZUWlNWM1ozWhFSElYzVhJSlVK1VpNQxRikGMUc5iDmI
KQYhBZRStZa1lrWXvZa9l8XXtZa1lr3XvdfOWcYYpRW9lrVWvZfF2c4ZxdnF2N6b
1lrWW96c1lvm3ebe5t3vX+ce3p3m3dZc3p3enc4bzhvF2r2ZvZi9mLWYvdjF2cXZ
xZi1V7VXpRatFoPRg9HOWtabzlqtVtab1lvWW9Zb3pzenNZbzlvOW9Zc1lzWXM5b
1pzOW61XrVfOG8YbtViclbWYtZi92bWYrRetV61XrVe1V6VXrVetV61XrZitmK2Y
tdm+GrXZtdmt2aWYrdmlmJ1XpZidVpTVlRadFpUWlRaVFpTWnRaM1YzVjNWM1YzV
pVWtVaUVMUchBTFHMYgxhyEFIQWUUa0VrVWtVbVWvZe1Vr1WvZa9lr2WvZe1VrVW
rVW9lsXYvZfOGMXYxdjOGc4ZzlrOWtac1lve3O8e5t3m3ube1lznH+ce3t3enc5b
xhrGGb3Zvdm1V8WZvdi9mMXZtRetV61XrRaD0YwSxdrWW9ZbrRfOW9Zb1lzOW9Zc
1pzOW8YbzlvGGtac1pzWm9aczlqc1b3ZzlvF2rWZlFSlF7WYtZi1mLWYpRatV62X
rVetmK2YrZitmLXZtdm12r4athq2GrXZrdm12a2ZpZitma2ZnVedV5UWnRedF4yV
lRadV4zWjNaMlozWjNaElaUVrVWlFTGHIQYpRylHKUYhBRkEe8+tFaTTpNO1Vb2W
xZe9lrVVtZatFbVWtVatFb2WxZfF2L2XxhjOGb2Xxdi9l84Z1lrOGt6b3pzenO8e
5t3ene8e5t3nHuce1pzWnM5bxhrF2b2ZvZi1l72Yvdm1V72YtVetF7VXhBKMEsXZ
1hrWW7VXzhvWW9YbzlvWXNZbzhvOW8YbzlvOW85b3t3OW8YZrVfGGtZczlu1WIxT
rVetV7VYtVitWK0XrVetmK2YpVe12bXZrZi12bYardm2Gr4btdq12q2ZrZi12a2Z
pVilWKWYnVidV51XjNaVFp1XlReVFo0VjRWM1YzVhJSlVaVVpRUxhyEFIQYpBilG
IMUgxYPQpRSc060VrRS1Vb2WtVW1lrVVtVW1lrVWvZa9lr2WxdjOGNZZxdjFl72W
xdjF2MXY1lrWWt5a5pzenN6c5t3m3e7e7x7m3d6c3p3m3dac1lvOWsXZxdm9mLWY
vZi1V61XvZm1V4PSnFTOGs4bzhqtFs4a1hvWW9Yb1lzWXNZczhvWXMYazhvOW84b
zhvF2pSUxhnOW8YatZiMVKVXtZitWK1XrVelF61XtVilV61YtZm12bXZtdm12b4a
vhq2Gr4avhq12bXZrdmtma3ZrdmlWKWZnVidGJ1YnVidWJ1YlReVF4zWjRaNFoSU
pRWlFKUUOccZBSEFKQUpBiDEKMSD0K0VrNStVa0VrRWtFb2XxZe1VrVWvVbFl8XY
xZe9lsXXzhjOGMXXtRXFl8WXxZfN2MXY1lrWWs4Z1lvem+ac5tzvHu9f5t3vHubd
3t3e3d6c1lvOWsXZxdm9mLVXtVi9mLWYtZiMUpRTzhrOGcXZnNXF2s4azhrOG9Zc
1lzWW9ZczhvOW84bzlvOXM5bxhqk1bWYxhrGGq0XlJStWLWYrZi1mK1YrVitmK1Y
rZitmLXZvhq12bXZtdq12b4avhq+Gr5bvhutmbYardmt2a3ardmlmaWZpZmlmJ2Y
nViVF5UXlRaNFo0WhJSEla0UrVSlFEHIIQUgxSEGKQYgxSEElFG1VrUVtVW1FK0U
tVW9lsXXrVW1lcXXxdfF18WWxdfOGNZZzdi9l8WXxZfF18XXvZfWGs3ZzdjWWtZa
3tvem96c5t3nHu8e7x7nHube3pzm3d6czhrWW84avZjF2L2Yvdm9mLVXjBKclM4a
xdm9mJyVxdnF2c4a1hvWXNZbzhvGGs5bzlvOW85bzlvOW8YalFS9mcYavdmtF5SU
rVe92a2YrVi1WK1YrVitWKVYtZm92r3avdq12bXZvlu+Gr4axlu+W7Xathu12q2Z
tdm2Gq3ZrdmlmaWZrdmdWKWYnVedV50WlRaU1YzVhJSlFKUVpRVKCiEFGMQgxSEF
IMUgxJSSvde91r2WtVa1Vq0UvZbF17VVvZa9lr3XvZe9l8XYzhnOGcXYxdi9l8XY
xZfFl9YZzdjOGM4Z1hneWuab1lrWWt6b7t3mnO8e7t3m3ecd5t3m3d6d1lzWW84a
xdm92cYavZitV4wSnNXOGsXavdmclcXaxdrF2c4azlvGGsYaxhrGGc4bxhrGGtac
1lzGGpzVvdnF2sXZpNaMVK0XtZitWK1XrVetV61XrVi1mbWZtdm+GrXZtdm+Gr4Z
vhvGXL4bxly+G7Xavhq12q3Zthqt2Z1XpVelmKWYpZilV51XnVeVFpVXlRaM1YzV
pRSlFK0VUkohBSDEIMUpBSDEIQSUUcXXxdfGGMXXxdfF171VvZa9VrVWvZfF17VW
vdfOGM4ZzhnOWsXXxhjF2M4ZzdjN2M3XxdfN2NZazhnOGc4ZzhnWWt6b5t3enObc
7x7m3e8e7x7m3ebc3pzOGs4bxdnF2cYatZiEEpzVzhrWGsWZrNbOG84azhvOGs4a
zhvF2sXazhvGGsYazlzOXNZcxhuUlL3axhu92aUWlJStV7WYtZi1WK2YrVetV62Y
tZi92rXatZm12r4btdq+W75bthq+W75bthu+G7XarZmtma2YrZilmJ0WpVelV50W
lRadFpTWlReVFpUWlRaM1aUUpRSlFEpKIQUYxSDFKQUpBSkFe8/F18XYxhjF18XX
xhjOGcYYvdjF173XvZa9lsXX1hjOGM4Y1hjWGMWXxZfF19ZZzhi9184Z1lnOGc4Z
zdnN2M3YzhnWGtYZ3pvem96b7x7vHuce91/m3d6c3pzOGs4azhrGGr3Yg9GklcYa
zhrGGq0WzhvOG84bzhvOG8YazhrWW85bzlvWm85b1pzWnL3anNa92sYbvdqc1pyV
rVe1V7WYrZitmLXZtZm92r4avdq1mb4avdq92cYbvhrGW8Zbthq+GsZbtdm12a2Y
rVitmKVXlRalV51WlRWVFozVlRaU1YzVlRaVFo0WjRalFKUUpRRayyEFGMUhBSEF
IQUhBWtNvdfGGMYYxhjGGM4YzhjGGMYYxdfF172WxdfOF8XXzhjOGM4YzhjWWc4Y
1lnmmsXXzdfOGM3Y3lnWWc3YxdjN2M3YzdjWGc4Z1hrmnN6c7x7vX+8e7x7m3d6c
3pzOW8Yavdm1WIQSnNXF2tZcxdq9WNZc1hvOG84bxhrOW85bxhrWXNZczlvWnNac
zlvGGpSVxhvOW73anNaUlKUXtZi1l62YtZm1mL3YvdrGGr4bvhq2Gr4bvhu12r4b
vdq92r4avhq12bXZrZitl62YpVelVqVXnRadFp0WlNWU1YzVjJSdFpUVlRaVFoTV
pRSlVKUUYw0hBRjEGMUgxSDFIMVrDLWWvde9173XvdfGGMYYxhjGGM5Yxde9lsXY
xdfOGNZZ3prOGM5ZzhjOGdZazhnOGcXX1lnWWcYY1hnWGcWXxdjN2NYZxZfeWtZa
3pvm3O7c5t33X+be3t3nHuce1pzWW8XatViMEq0WzhrWG84avZjWXN6d1lzOG9Zb
zlvWnN6d3p3WW9ZbzhrOG85bvdqc1cYazlvGGpzVlNWlFq1XtZitmK2Ytdm92bWZ
xdrGG8Xaxlu92r3axhu12rYavhq12cZardill62YpVedFp0WlNWdFpUWnRadFpTV
lNWM1IyUhJOElJTVjJWMlaUUpRSlFGtOIQUYxBjFIMUgxBjEWsutVa1VvZa9173X
zhnOGMYYzljOGcYYxhjOGMXYxdjWWdZZ3prOWM4YzdjOGN6a1lnWWd6axdfWGdYZ
1hnOGdZa1hrN2NYa1hrWGeab3lremubc5tzm3ebd3t3nHd7d3t3e3bWYjFOtF8Yb
zlvF2cXZ1pzWnNaczlvOG9Zc3pzend6c1lzOW9ZczhvOG8XZnJXOG84bxhqc1ZzV
pRatV61XtVi1mb3Zvdq92r4axlvOW74avhu+GrXZvhq12bXZvdm1mK1YtZmtV6UW
nNWU1Z0WnRaU1Z0WpVeVFYyUhJSMlIyUhFOMlIzUhJOlFKUUpRRzjyEEGMQYxRjF
IMQYw1KKrVWtFbWWvZa9173XxhjOWcYYzlnWWc4Y1hjOGNZZ1lnOGN5Z1lnWWtYZ
1lremtZZzhjWGdZZ1hnWWd5Z3lrWGdYZ1lnOGNaa3pvWWuab3lveWuac5pzenO8e
7x7e3d7czlu1mIyUtZjWXNZczhvF2t6d3p3WnNaczlvOW96d3t7Wndad3t3WnNZc
1ly92ZzVxhrGGsYalNWc1qVXpVe1mLWYtZi92r3atZm+GsYbvhvGG73atZm92rWY
tdm12a2YrZitmKVXrZilV50WpVedFpzWnRedFpTVlRaMlYSUhJR8UnxThJN8UoRT
pRSlFKUUhBEgxSDFIMUYxSDFGIRByK0VpRStVbWXtZe9173YxhjOWc5Z1lnWWs4Z
1lnOGc4YzhjWWubb5tvemtZZ5tveWd5a5pveWt5Z3lreWt5a3lreWt4a3lreWt5a
5pveWtZa5pvmm+7c5tzm3Obd3pzOG8XatZic1cXa1lzWnc4b1lzm3t6d3p3entZc
1p3e3t6d3p7end7d1t3OXNZcxhqc1b4axhq92ZSUpRe1mbXatZm12r4avhq+G74a
tdm+GsYavdm+Gb4Ztdi12K2YrVitmKUXpVetV6VXpVelV50WnRadFZ0WnRaM1YyU
jNWMlIRThFN8EoRThFN8EqTUpRStFJRTGIQYxBjFGMQYxBjDKUWlFaTUpRWtVrWX
tZa1lr3XvdfOWdZZ1lnWWc4ZzhnF2MXYzdjeWd6a1lnWWc4Y1lnmmuab5tvemt6a
3lneWuab3lreWtZa3prm29ZZ3premt6a5pvmm+ab5t3m3d6c1lvOWsXZpNXOG96d
1pzWXNac5t3e3d6d5x7m3ube3t3m3t6e3p3endZc1lzenMXapNbF2s4bxhqUlK1X
vdm1mb3avdq12sZbvhqtmLXZtdmt2b4atdm12bXYpVetWK2XpValV6VXnRall6VX
rZitWJ0WjNSdFpUVlNWU1YRTjJSEk3wShFR0EnwSfFOk06TTpNSUkyEFGMQYxCDF
IMUYhCDFnJKk1KTUpRWlFa1WrVa9l73XxhjOWc5Z1lrWWdZZ1lnWWc4YzhfWWdZZ
zdjeWtYZ3lrmm95a5pvmm95a3lrm2+bb5tvm2+bb3prm296a3lrmm95b3lreWt6b
5tzWW85bxhrF2a0WzlrnHt7dxhrOG97d3pzWnOce5t7e3d7d1p3e3d7d3p3endZc
1lzF2qTVxhrOGsYanJWtWL3ZxhvGG73azhu92r4atdmtV7XZvdm1mL3ZtZetV7WX
rVelFq1XpRalVq1XpVatmK2YnRalV6VXlNWdFpTVjJSMlIRUfBKEU4RSfFN8U3QS
pNOc05zTlJMpBiDFIMUgxSDFGMQYxHvQpNSclKTUpRWlFa1WtZe1173YxhnGGc5Z
1prWmtaa1lrOGL2WzhjFl9YZ1hnWGdYZzhjeWt6a3preWtZZ3prm2+7b5pvmmu7c
5pvu3Oab3lrmm9Za1lrem95a5pzWW84azhulFc5b5t7enM3bxhrWW97c1pzOW97d
3p3WXNac1lzWXNaczlzOXM5cvdmdFcYaxhrGGpSUtZnGG8YaxhrGW73axhu92q1Y
vdq1mLWYtVetV62YtZilV61XrVelV6VWpRac1a1XpRalFq1XpVadFZ0VjJOdFZzV
hFOMk4RSfBGEU3wSfBJ8UpzTnNOc05zTMYcgxSDFIQUhBSDFGMRjDKTUnNSc1JzU
nNStVa1WrVa1l73YvdjGGc5a1lrWmtZZzlnOGMXXxde9ls4Y1lnOGM4Y1hjeWt6a
3lrWWd6a5tvm2+8c5tvm2+8c7tzu2+7c5pzeWtYZ1lrWGdYa3pvem9ZbvdjenO8e
7x7GGsYa3t3enNZc1lzWW96c1pzOW85bzlzOG84bxhvGG7WYnJTF2sYZvdmc1bWZ
vdrGHMYbvdnGGrWYtZi92LWYtZi1mKUWtZi1mKUWpRac1Z0WtZilFqUWnNWdFZ0V
nRWdFaVWnRaM1JUVjJSU1YzUfFN8U3xTdBJ8U3wSc9Gck5zTnNOc00HJGMUYxSEG
IQYgxRjEWsyk1ZzUnJSc1KUVrRatVq1WrRW1VrVWvZfGGL3XxdfOWNZYvZWk0ZwP
pFCkUL0T1hbF19YZ1lnWGd5a1hnWWd6a5pvmm+aa7tvu3Pcc7tzu3Pde5tzWGt5b
1lrWWt5b1lrem7WX7x3vHt7cxhrOGt6c3pzenN6c3tzOW84bzlvOW85bzlvGGsXa
xdm1WK1XxdrF2sYanNW92cZbxhvGG73arZi1mbWYtZi9mLWYrZetl6UWtZe1l50V
nRWlFpzVpRadFpTVnRaU1Z0VpRaU1aUXnRaMk5TVjJSEk4STfFJ0EnwTdBJ8U3QS
lJKUkpSSlJJKShjFGMUpBikGIQYYxEIJrValFZzTlJOc1KTVrRatFaUVpRWlFKTT
lFBzTFJIOYU5RTEFMQU5BjkGOQVBRUmFYkeLjL0SzhfWWdZZ1lnemd5Z3preWt5a
5pvum+ab7pz3Hf9d3prem+ab7tzvHd6bxdi1Vubd9x/3X8XZzhrem97c3tzfHd7c
1pvWnNZc1pzOW85bzlvF2sXavZm1WM4b1lzGG6UWvdrGG9ZcvZm1WLWYtZe1l73Z
vdm92bWYpRatmK1XrVatV5zVpRalVpzVpVedFpSUpRaU1JTUnNWU1JzVnRWMlJTV
lNV8UoSTfBJ0EnxTdBJ0EpSSlJKUkpSSWssYxBjEIUYpRiEFGMQxRqUUpRSlFJSS
nNSc1KUUpNSUUGsMOYYgwxiDIIMgxCDEIQUhBSkGKQYpBikFMUYxRTEFMQU4xGpK
tJPN19YYzhjWWdZZ1lnem96b5pveWt5a5tvm2+bb5tvm3Pdd917mm9ZZnJPm3P+f
/5/GGM4a5t3m3d7c3tzm3d7dzlvWnM5bzlvWnM5bxhrOGr2YtVjOW9aczluc1cYa
zpvF2b3ZtZitV7WYtZi1l73Yvdm12K2XpRWtV61WpRatF6UWpRatV6VXpRalFpTU
nRaU1oyUlNaU1YyVlNaMlIyVjJR8U3wThFN8EnxSdBKMUZSSlJKUkmMNGMUYxCEG
IQUhBRjEKUaU05zTnNSUk5STlFKD0DmHGIIYQhCCEIIQghCDGMMgxCEFKQYpBilG
KUYpRilGMUYxRTEFKQQoxDEDg03F1tYYzhjWWdZazlrnHebd3pzm3N6a5tzm3N6b
5pzm3Obc5tzWWqTU3pv/X/+fvdjOWu9d5x3m3Obd1pzWXNZczlzWXM5bzlvWm9Zb
1lu9mK0WzlvWm8YZlNS1l73YtZd7jnuOi8+DzpQQlFCUUaUTpROc0qUTnNOc06UU
lJKc061UnNKlFJSSlJKdFJTTjJOU04STlNWVFoSUlRaVFoSUhJR0EnQSfFN8EnxT
lJKckpzTnJN70CDEGMQgxSDFIQUgxCkFjBGck5STjFJrTiEECEIQQhBCCEIQQhBC
EIIQgxjDGMQYxCDFIQYpRilGMUYxRTFFMQUxBTEEKQQowyjDYorF1tZZ1lneWt6b
5tzvHebc3pvem+ab3prvHebc5tzem9Zaxdmck96b7t3m3MXY3pvvHebc5t3Wm9Zb
1pzWnNaczlzOXM5bzlvOW85brVetVs5azlrGGYyTvZjGGnvRIQUgxCDEIMQgwyDD
IMMYwyDDIMMYgxiDGIMYgxiDGIMYgxiDGIMggxiDGIMYgxjDGMMpBCkEMYY5x0IJ
WstjDHwShFN8EnPRdBFz0ZSSlJKUkpSSjBEgxBjEGMQgxSDFGMQYxHuPlFFzTikE
EEEQQhBCEEIQQhBCEEIQQhBCEEIYgxiEGMQhBSkFKUYxRilGKUYpRikGKQYxBSjE
IMQgwyjEWknN19YZ1lrOGObb7xzm296b3lreWs3Z3prem96c3t3m3MXYvZfm2+bb
7tzWWt6b3pzenNZb3pzWnM5bzlvWm9ac1pzOW8ZbzhrOWrWXrRbOWsYZvdilFMYZ
xhl70CEEGMQYwxjEGMMYxBjEGMMYxBjEGMQYhBiEGIQYhBCEEIMQgxCDEIMQgxCD
EIMQgxCDEIMQgxCDEIMQgxCDEINrTnwTc9Jz0mvRdBKMUYxRjFGMUYQRKQUYxBiE
IMUpBjFGEIMgxBiDEEIIQghBCEIIQghCCEIIQghCEEIQQhBCEIIQgxiDGMQgxSkF
KQYpRilHKUYxRjFFKQQpBSkEIMQgwyDDYsvOGM4Yzhi9197b5tzWm96c1lvWW9Zb
zhrem96b3pvOGZyT3pvm3Occzhnm3N6c5tzWW96c3tzWW8YazlrWnN6czlvOGs3Z
zhqtFrUWxhnGGMYZnNS1l73Ya04YxBjEGMQYhBjEGMQYxBjEGIQYhBiEGIQYhBiE
GIMYgxCDEIMQgxCDEIMQgxCDEEMQgxCDEIMQgxCDCIMQgxCDYw6EU3wSdBJ0EmOQ
jFGMUYxRjFGEUTnHGMQYhCDFMYdKShCDEEMIAggCCAEIAQgCCAIIAghCCEIIQhCC
EEIQQhBDEEMQhBjEGMUhBSlGKUYpRilGMUYxBjEGMQUoxSjEIMQgxCjDYoucEZxS
pJO1Fb2WvZa9lsWXtVXGGM4ZvZfOGc4arRWk08WX3prmm7VWzhne3N7czhrOGs4b
1lvWW9Zb1lvWm84azhrF2c5arValFcYZxdi9l4xSrVa1VnNOIMUYxBjEGMQYxBjE
GIQYxBjEGMQYxBjEGMQYxBiEGIMQgxCDEIMQgxCDEIMQgxCDEEMQgxCDEIMQgxCD
CIMQg2NOhFOEU3xTdBJ0EowRjBGMUYxRjFFSixjDGIQgxDEFIMQQQQgBCAEIAQgB
AAEIAQgBCAEIQQhBCEIIQhBCEEIQQhBCEEMQgxjEIMUhBikGKUcpRylGKUUpRSlF
KQUpBSEEIMQgwykElFG9lsXXxhnGGr3ZxdnF2r2YrRak1aTVnFOUU5RTg5Ckk6zU
rNScEbUUvVXWGcXXvZbF18YYzlnOWs4ZzlrWWtZazlrOGaTUpNXF2b3Yvdh70LVX
tZhjDiDEGMQYxDGIQcpByTFIKUcxiClHIQYYxBjFGMUYxBDEGIQYhBCEEIQQgxCD
EIMQgxCDEIMQgxCDEIMQgxCDEENjDoSUfFR8VGvRY9GMEYwQjBGMEIwQaw0YhBiE
EIMQQwgBCAEIAQgBCAEIAAgBCAEIAQgBEAEQAghCCEIQQhCCEEIQQhCCEIMYwyDE
IMUpBSkGKUYpRjFGKQUpBSkFKQUgxCDEIMMgwzFFtRXOGM5Z3pvWm96b3pvOGs4a
1lvF2c4axhqclKSTvZjN2c4arRa9mMXZtVi1mLWYrVa1l7WXtVa1Vq1VrRWtFa0V
pNSUUoPQpNSkk5yTc4+Uk5yUWswgxCDEGMSdFMZZvhmU062Wvhm2GK3YY4+t2KWX
pVdbTpVVW0+M1Z1XhNUpyWvRYw8piBDFSktKSymIGQYQxACDW0+ElISUdBNr0mvR
hBCMEIQQhBCED3vQIQQQgwhCCEIIAQgBCAEIAQgBCAEIAQgBCAEIAQgBCAEIAQhC
CEIIQhBCEEIQQhhCGIMYgyDEIMUpBikGKUYpRilGKUUpRSkFKQQgxCDEIMQgw0nI
zdjeWt5a3lremt6a3pvWWs4azhvF2rVYrRWD0MXY1hnN2a0VxdjOGs4azlrGGdZa
1pvWmtZazlrWW85axhnWm85alJSclL3YxhnGGYPRpRalFmMOGMQYxBiElNTGGa2X
hFGtlrXXrZatVmtOvdilVp0Va4+1llrLjJG913wPY02dFIyTY45rz51VlVWdVltO
SosIg1sNfBJ8EXxSY9Br0YQQhBCEEIPQe89zjhjECEIIQQhBCAEIAQgBCAEIAAgB
CAEIAQgBCAEIAggBCAEIAQhBCEIQQhBCEEIQQhCDGIQYxCEFIQUpBilGKUYpRilG
KQUxBSkFKQUgxCDEIMMgw2LL1hnemtZa3prm296a1lne284azhq9mJRTlFPN2M3Y
1hq1FsXY1lvWW84axhrOGs4ZzhnOGcYYzhnOGr3YxhnOGa0UnNPF2L3YtZeD0JzU
pVVrThjEGIMYxJRStZVKSDnGrVS1VLWVpRRjDLXXpRSc02tOrVYxx2MNrVYhRYyS
lRSU04yTc9CM1DoJhBExRiEFEINKzGvSY5FTD0KNQo2ED4QPg897z2tNKUUQQwgC
CAIIAggCCAEIAQgACAEIAQgBCAEIAQgBCAEIAQgBCAEIAQhBEEIQQhBCEEIQgxCD
GMQgxCDFKQUpBjFHKUYpBikGKQYpBSkFKMQgxCDDIMMgw3uOzhjWWd6b3pve29Za
1lrm3M4ZvZe1VpRRzhnWWtZarRXN2M4ZzhnOGs4azhrN2cXZxdnF2MXYxdjF2MXZ
zhmk1JSTtde917WXc06k1K0WYs0gxBjDGIMYwyDDIMMggyDDKMMoxDFGKQQ5x0II
SggxRUoJIMMxhlKKGMJjC1LKUolzjUJHjJGdVKVVGMQQQhCDY0+MlHwSfFNsEWwS
e497z3vPa00hBBBCCEIIQggCCAIIAQgBCAEIAQgBCAAIAQgBCAEIAQgBCAEIAQgB
CAIIQghCEEIQQhBCEEIQQhiDGIQgxCkFKQYpBjFHKUYpRilFKQUpBSkFKQQgxCDD
IMMow5QQxZfOGdZa3pzWW9abzlrWW84YnJKcktYY1hnWWrUWzhnWWtZa1lrOGsYZ
xdnF2cWYxdm9mMXYxdm9mMXYnJOMEb3Xvde1lnvQnNStFWMNIMQYhBjEGMQYxBjE
GMQYxBjEGMQYxBiEGMQYwxiDGIMYgxCDEIMQgxCDEIMQgxCDEIMQghCCGMMYwxCD
CIMIg1MMhFJ0EXQSfFNr0nvOe45rDCkFEEIQQwgCCAIIAggBCAEIAQgBCAEIAAgB
CAEIAQgBCAEIAQgBCAEIAQgCCAIIQghCCEIQQhBCEEIQQxiEGIQgxSEFIUYpRilG
KUYpBikGKQUpBSDFIMQYxCCDGMMpBJzTxZfOGNaa1prOWs4azhrF2aTVlFPOGs4a
xdmck72YzhnOGtZa1lrOWs4ZzhrOGc3Zxhm92L3YvdjGGJzTjBG9173XvdeEEa1W
rVZrThjEGMMYxBjEGMQQxBjEGIQYhBiEGIQYhBiEGIQYgxCDEIMQgxCEEIQQhBCE
EIQQgxCDEIMQgxCDEIMQgxCDEINbDXQSfFN0EnQSfFN7TmLMKQUQQxBDEEMIQghC
CAIIAQgBCAEIAQgBCAEIAQgBCAEIAQgBCAEIAQgBCAEIAQgBCEEIQghCCEIQghBC
EEIYgxiDIMQgxSEFKQUpBilGKQYpBikFKQUpBCkEKMQgwyCDIIM5Rq0UzdfF2M4Y
1pq92MYYxdiUUqUVzlrOGcXYnJS9mMXYxdnOGs4axdnF2cXZvZi92LWXvdi92LWX
xdick4xRtde917WXlJOlFa1Wa44YxBiEGIQYxBiEGIQYhBiEGIQYhBiEEIQQhBCE
EIQQhBCDEIMQgxCDCIMQgxCDEIMQgxCDEIMIgxCEEIMQgxCDSouEk3QSfFN0UmwS
YwwpRQhCCEIQgxBDCEMIAggCCAIIAQgBCAEIAQgACAEIAQgBCAEIAQgBCAEIAQgB
CAEIAQgBCEIIQghCEEIQQhBCEIMQgxiEIMUgxikGKQYpBikGKQYpBSkFKQQpBSkE
IMQgwxiDGMNKCLVWxdfF2M4ZzhnGGb3YrVatmNaczlvF2ZSUvdjF2cYZxhnOGcXZ
vZjF2cXZvZi92LVXvZi92L2XlFJ7kK0WtZa114xSrVatVmNOIQUYxRjEGMQYxBDD
EIMYgxiDEIMQgxCDEIMQgxBDEIMQgxCDEIMQgwiDEIMIgxCDEIMQgxCDEIMQgxCD
EIMQg1KMfFN8U3QSdBJ0EjFFEIMQgxBDEEQIQwhDCAIIAggBCAEIAQgBCAEIAAgB
CAEIAQgBCAEIAQgBCAEIAQgBCAEIARACCEIIQhBDEEIQQhBCEIIYgxiEGMUhBiEG
KQYpBikGKQUpBCkFKMUoxCDEIMMggxiDGINai7VWtZfGGMYYrRW1lq0VvZfe3Nab
zlqk1c4axdnF2cXZxZm9mL2YvZfF2cXZvZi1l7WXtVe1V4wSc0+tFq1WrVaEEZST
rRaEE0ILMYkpSCkHIMYYxRjFGMUYxBjEEIQYhRiEGIQYhBiEGIQYhBjEGMQYxBjE
GMQQhBCDEIQIgxBDEIMIgwiDEINCCYRTa9J0U2wTW5AQQhBCEEMQQxBDEEMIQwhC
AEEIAQgBCAEIAQgBCAEIAQgBCAEIAQgBCAEIAQgBCAEIAQgBCAEIAQhBCEEIQhBC
EEIQQhBDEEMYhBiEIMUpBSlGKQYpBikFKQUpBSkFKQUhBCDEIMMYgxiDIIN7jrVV
tVa9l60VpNWUk7VX3tzWnM5btZjGGr3Zxdm9mL2Yxdm9mL2YvZe1l7WXrValVrVX
pRZ70GtOpRStVq0Vc4+c1JzUnNWlWJ0XnRidWJ1YlRiNF5UYjReEloSWdBRjkXQU
a9RbkmPTY9NjkltRU1BLDzpNOkwyDCmKIUkYxxDFEIUQhBCFUoyE1ISVfFN0EmvR
CEIIQxBDEEMQQxBDCEIIQggBCAEIAQgBCAEIAQgBCAEIAQgBCAEIAQgBCAEIAQgB
CAEIAQgBCAEIARBCCEIIQghCCEIQghCCGIMYxCDFIQUhBSkGIQUpBSjFKQUpBSkF
KQQgxCDEGMMYgyCDIMSMEb2XtZelFaTUg9CtVubd3tzWnLWX1pzGGb2Yxdi92L3Y
vdi1l7WXtZi1V61XrVatVq0We5FzTqUVrVWk1HNPhBKc1Z0WnRalF5zWnRalV5TV
nRalV6VYpZmlmJ1XlRaU1pUWlNalmKWYpZilmJ1XnVeVF4zWlVeE1ozWjReE1oUX
fJZbkoTVhNWM1YzVdBJSzRBCCEMQQxBDEEMQQwhCCAIIAggBCAEIAQgBCAEIAQgB
CAEIAQgBCAEIAQgBCAEIAQgBCAEIAQgBCAIIAQhCCEIIQghCCEIIQhBDGIMYhCDF
IQUhBiEFIQUhBSEFKQUpBSkFIMQgxBjDGIMYgxiCMUWlFK1VnJOMEWsNlJPWW9ab
zlq1l85bzhq9mLVXvZi92LWXtZe1l7VXtZitVq0VpRac1XNPaw6k1aUVnNRjDJST
lJSUlKUVnNWdFZ0WlNWUlJSUnNac1qVXpVelV6VXnVedFqVXpVelWJ1YnVelmJ1X
nRedFozVjNWM1YzVjNaNFoSUhNV8lITVjRWE1GwREMQIQghCCEIQQhBCCEIIQggC
AEIIAQgBCAEIAQgBCAEIAQgBCAEIAQgBCAEIAQgBCAEIAQgBCAEIAQgBCAIQQghB
CEIIQghCCIIQghCDEIQYxSDFIQYhBiEGIQUhBSEFIMUgxSDEIMQYwxjDGIMQgxiD
QcitFaSThBBizHvQxhnGGb4YpRXOWsYZtZa9l72Xvdi9l7VXtVe1V7VXrVetFpzV
pNVzT1rMrRatFpzUYw6D0ZRTnJSclJzVnNWclJSUlFSUlJSVpRalFqUXpRedFqVW
lNWdFqVXpVelmKWYpVetmZ1XnVaVVozVjNWU1YzVlNaVFoTVhJSElXyTfFIxyABC
CAIIQhBCEEIQQhBDCAMIQggCCAEIAQgBCAEIAQgBCAEIAQgBCAEIAQgBCAEIAQgB
CAEIAQgBCAEIAQgBCAEIAggCCEIIQghCEIIQghiDGMQYxCEFIQUhBSEFIQUhBCEF
IQUhBSDFIMQgxBiDGIIYghiDYsucUowQYsx7j72XvZi92K1Wvdi92L2XtVa9mL3Y
vZe9l72XtVa1l61WrValFZzUc49rDqUVtZedFVsNhBGEEpSTnNSc1KUVpRWc1YxT
jJOc1ZTVpVidFpUWpVelV51XlRWdFqVXpVelV6WYnVelmJ1XlRaVFZUWjRWVFozW
jNWM1oSVfFNSzCkGCEIIQghCCEIIQghCCEIIQghCCEIIQQgBCAEIAAgBCAEIAQgB
CAEIAQgBCAEIAQgBCAEIAQgBCAEIAQgBCAEIAQgBCAEQQQhCCEIIQghCCEIQgxiE
GMQgxSDFKQYhBSEFIQUgxSEFIMQgxCDDGMQYgxCDEIMQgyCDe01zDFJIg8+tVbWW
xdeck73YtVa1l72YvZi9mL3YtZe1l7WXrVa1l7VWrRatVnwRYw6tVq1XpRVzUIQS
lJSUlJSUnNWU1JSUjJOMU4yUnNWtmK2YnRadFp0XtdmlV50WnVeVFqWYpZidmJ1Y
nVedV50WjNWM1Z1WlRaVFZUVjNR0ETGIEEMIQwBCEIMIAQgCCAIIQghCCEIIQghB
CAEIAQgBCAEIAQgBCAEIAQgBCAEIAQgBCAEIAQgBCAEIAQgBCAEIAQgBCAEIAQgC
CAIIAghCCEIIQghCEIMQgxiDGMQYxSDFIQUhBSEFIQUhBSEFGMQgxCDEIIMYgxiD
GIMYgyCDIIMYgijDQYZaSXLLaspzTIONg02DjYvOlA+cT5xQpJGkkaTSnJGk0qUT
nJKDzmMLnNOlE5SSYsyD0IQQjFGMUZySnNOc05zTjJKdFLXXrZalVp0VnRatl6WX
tdidVpUVpVadVp1WpZiVFZUWlRWM1ZTVjNWElJTUdBBjTTGHCIMIQwhDCEMQRAhD
CAEIAggCCAIIAghCCEIIQgACCAIIAQgBCAEIAQgBCAEIAQgBCAEIAQgBCAEIAQgB
CAEIAQgBCAEIAQgBCAEIAQgBCEEIQghCCEIIQghCEEIYgxiDIMQgxSDFIQUgxSEG
IMUgxSDEIMQgxBiDGIMQgxCDEIMQgxCDEIMYgyDEKUUxhznHOcg5xzmIOYcxhzGH
Occ5iDmHMYY5hjmHOUY5RzEGKQUgxSlGOYc5hzmHMUYpRjFGMUYxRjFGMUYxRjlG
OYdCCEIIOcc5xznHQcdCCEHIOcdByEIJSklSilKKSklKSUpJSklKSTnHKQUhBRjF
EIMIQwBCAEMIhBCECEMIAggBCAEIAQgBCAEIAQgCCAIIAggBCAEIAQgBCAEIAQgB
CAEIAQgBCAEIAQgBCAEIAQgBCAEIAQgBCAEIAQgBCAEIAQgBCEEIQQhBCEEIQghC
EEIYgxiEGMQYxSEFIQUhBSDFIMQgxCDEIMQgxCCEGIMQQxBDEEMQQxiDGIMYgyDE
GIQhBSDEIQQhBSEEIQQhBSkGKUYpRilFKUYpRilGKUYhBiEGGMUhBiEGKUYpRilG
KUYpRilHKQYpRilGKUYpRimHKYgpiCnJKYcphylHIQYhBiEGIQYhBiEGIQYYxhjF
GMUYhBCEEIQQhBjEGIQYhBBDCIQIhBCFEIQIQwgCCAIIAQgBCAEIAQgBCAEIAQgB
CAEIAQgACAEIAQgBCAEIAQgBCAEIAQgBCAEIAQgBCAEIAQgBCAEIAQgBCAEIAQgB
CAEIAQgBCAEIQQhCCEIIQhBCEEMYgxiEGMQYxSDFIMUgxSDEIMQgxCDEGIQYxBiD
GIMQgxBCEEIQQxiEGMQgxCDEIMQgxBjEIMQgxCDEIMQgxCjEIQQYxCDFIMQgxCDD
GMQYxBDDGMQYwxjEGMQYxBjDGMQYwxjEGMMYxBjEEMQYxBjEGMQYxBjEGMMYxBjE
GMQYxBDEGMQQhBiEEIQQhBCEEIQQgxCDEIMQgxCEGMUYxRjGGMUQhBBDCEIIQggC
GEEQAQgBCAEIAQgBCAEIAQgBCAEIAQgACAEIAQgBCAEIAQgBCAEIAQgBCAEIAQgB
CAEIAQgBCAEIAQgBCAEIAQgBCAEIAQhBCEIIQghDCEIIQhCDEIMQwxjEGMQYxSDE
GMUYxRjEIMQgxCCEGIMYgxiDEIMQQhBCEEIQQhjEIQUhBSEFIQUhBSEFIQUZBSEF
IMUgxSEFIMQgxCEEIMQYxBjEIMUYxRjFGMUYxRjFGMUgxSDFIMUgxSDFIMUgxSDF
IMUgxSEGIQUgxhjFGMUhBiEGIQchByEGGQYZBhkGEMYZBhjFEMQQxBDEEMQZBRkG
GMUQxAiDCEMIQghCCEIIQjDCIEIYQRABCAEIAQgBCAEIAQgBCAEIAQgBCAEIAQgB
CAEIAQgBCAEIAQgBCAEIAQgBCAEIAQgBCAEIAQgBCAEIAQgBCAEIAQgBCAIIQghC
CEIIghCDEIMQgxjEGMQYxRjEGMQYxBjEGMQgxCDEGIMYgxCDEIIQQhBCEEIYQiDE
IMMhBCkFKUYpRiEFIQUhBikGIQYhBiEGIUYhBSEFGMQhBSEFIQUhBSEFIQYZBSEF
IQUhBSEGIQUhBikGIQYhBiEHIQcpSClIKYgpSCmIOgoxyTHJKYgpSClIKUghRyEG
IQYZBhDFEMQQxBjEGMQQxBCDCEIIQghCCAIIQghDCENBQzkDKIIgQiBCEAEIAQgB
CAEIAQgBCAEIAQgBCAEIAQgBCAEIAQgBCAEIAQgBCAEIAQgBCAEIAQgBCAEIAQgB
CAEIAQgBCAIIAQhBCEIIQghCCEIIQxCDEIMQwxjEGMQYxBDEGIQYxBCEGIMYgxiC
EIIQghCCEEIIQhBCEEIQgxjEGMQhBSlGIUYhBSEFIQUhBSkGKQYpBikGKQYhBiEF
IUYpRyFHKUcxiDGIKUcpRyFHKUcpRylHKQcpSClIKUgpSDGIKYkxyjoLOgspiTHJ
KYghRyFHIQcZBhkGGQYZBhjFEMUQhBCEEIQIhAiECEMIQwgCCAIIQghCCEMIQyHK
UURBBEDDOMMwwyCCEEIQAQgBCAEIAQgBCAEIAQgBCAEIAQgBCAEIAQgBCAEIAQgB
CAEIAQgBCAEIAQgBCAEIAQgBCAEIAQgBCAEIAQhCCEIQQhCDEEMQQxBDEIQQhBCD
EIIQQQhBCAEIAQgBCAEIAQgBCAIIAQgBEEEIQghBCEIQQhCDGIMgxCDEGIQYxBjE
GQQhBSkFIQUhBSEGIQUhBSFGKUchRilGMYc5yDGIMYgxiDGIMYgxiCEHKYgpiCFH
IUcphzGIMcgyCTHJIUcpRyEHIQYhBhkGGMUYxRjFGIUQhBCEEIQQhAiECEMIQwhD
CEMIQwhDEIQIQxCFQs5TUFGESUNBAkFDSUQ4wyiCIIIYQQgBCAEIAQgBCAEIAQgB
CAEIAQgBCAEIAQgBCAEIAQgBCAEIAQgBCAEIAQgBCAEIAQgBCAEIAggCCAIIQghC
CEIIQghCCEIIQggBCAEIAQgBCAEIAQgBCAEIAQgBCAEIAQgBCAEIAQgBCAEIAQgB
EEEQQhCCEIIQghCCEIIYghCCEIIYwxiCGMMYgxjDGMMYxBjEEIMYxBCEIMUYxCEF
GQQhBSEFKQUhBiFGIQUhBSEGIQYpRyEGKQYhBRjFGMYYxRkGEMQYxBCEEIQQhBCE
CIQIgxCDCEMIQwhDCEQIhAiEEIQIgwiEMgpbkFuRU1BJhUlEQQNBA0lEQQM4wjDD
KIMYQggBAAEIAQgBCAEIAQgBCAEIAQgBCAEIAQgBCAEIAQgBCAEIAQgBCAEIAQgB
CAEIAQgBCAEIAQgBCAEIQQhBCEIIQghCCEIIQghCEEMQQxBDEIQQhBCEEIQQQxBD
EIMQgxCDEIMQgxCDEIMIgxCDEIMQgxCDEIIQghCCEEIQQhBCEIIQghCCEIIQghCC
GIMYgxiEGMQYxBjEGMQYxBjEGMQYxBjEEMQYxBjEGMUYxRjEGMUYxRjFGMUYxRkF
GMUhBhDFEMUQxRDFEMUQxRDFCIQQhBCEEIQYhBCECIMIQxDFMkxbkWPSZBJj0lNP
SYVJREFEQQNJREEDOQNBA0EEKMMYQggBCAEIAQgBCAEIAQgBCAEIAQgBCAEIAQgB
CAEIAQgBCAEIAQgBCAEIAQgBCAIIAhBDEEMQhBCEEIQQhBCEGIQQhBCEEIQQhBCE
EIQQhBCDEIQQhBCDEIMQgxCDEIMQgxiEGIQYhBjEGMQYhBiEGIMYgxiDEEMIQhBC
CEMIQghCCEIIQxBDEIMQgxCEEIMQQxCDEIQQhBCEEIQQxBCEEIMQgxCDEIMQgxBD
EIMQgxCDEIMYxBjEGMQQgxCEEIQQhBCEEEQQhBCEEIQQQxBDCEMQQxBEEMUhRzIL
Sw9TUFuRY9Fj0WQRY9FbUElFQURBBEEESQRJBDjDQQNJRUlFKMMIQQgBCAEIAQgB
CAEIAQgBCAEIAQgBCAEIAQgBCAEIAQgBCEIIQhBDEIQQhBCEEIQYhBCEEIMQhBiF
GIQQhBCEEIQQgxCDEMQQhBCEEIQQhBCEEIQQhBCEGIQYhBiEGIQYhBiEGIQYgxiD
GIMYgxiDGIMYgxiDEEIQghBCEEIQQghCCEIQQxCDEIMhBSEFMYcxyEIKSotKjFsO
Ss1KzkrNSo1KjUKNUw9Sz0rOUxBKz0sQUxFTkVuRW5FbkVuSW9NkE1vSS1BLUEMP
S1BDEEtQY9JCzksPW5FTUFuQY5FbkGPRY9Fj0GPRW5BBRUEEQQRBBEFEQQMwwjkD
SYVJhTEEEEEAAQgBCAEIAQgBCAEIAQgBCAEIAQgBCEIIQxCDEIMQhBCEEIQYhBCE
GIQYhRiEGIQYhBiEEIQQhBCEEIQQhBCEEEMQhBCDEIMQgxCDEIQQhBiEGIQYhBiE
GIQYhBiEGIQYhBiEGIQYhBiEGMQYxBiDGIMYgxCCEIIQghBCEEIQQggCCEIIQghB
CEEIQRBBGIIgwykEOcdBx1KJUopSi2MNYw1rT2NPc9Fz0WuQc9FrkHxTfFN0EnxT
fFN8lISUhJSEVGvSa9Jj0luRW5J0E1NQU1BTD1tQY5FbkFuQY9FjkGPRY5Bbj1tP
QUVBREEEQQRBBDjDMII4w0FFSUU5AxBCCAEIAQgBCAEIAQgBCAIIQghDEEQQgxCD
EIMQgxCEEIQQhBCEEIQQhRiEGIQQgxCEEIQQhBCEEIQQQxCDEIQQgxCDEIQQgxCE
EIMQgxCDEIQYhBiEGIQYhBjEGMQYxBjEGMQYhBiEGIQYhBjEGMQYwxiDGIMYgxBD
CEIQQghCCEIIAghCCEIAQghCCEEIQQhBCEEIQQhBEEEQQiCCKQMxRUpIUklailrL
c4570HOPe9B8EXwRhJOMlISUhJOElIzVjNV0E3QSdBJr0WvRfFRj0WORY5Fj0VuQ
Y9FbkFNPW5BbkFNPU09LDkFEOQM5AzkDOQMwwihCMMM5BEEEOMMYQQgBCAIIAghD
CEMQgxBDEEMQgxCDEIMQgxCDEIMQgxCDEIMQgxCDEIMQgxCDEIMQgxCDEEMQgxCE
EIMQgxCDEIMQgxCDEEMQgxCDEIMQgxCDEIQQhBiEGIQYxBjEGIQYxBjEGIQYhBiE
GIMYxBjEGMQYgxiDGIMQQxBCCEIIQghBCEEIQghCCEIIQQhBCAEIAQgBCAEIAQgB
CAEIAQgBCAEIARBCGIIgwykFOcdCCFrLa45zz3vQjJSMlISTjNSM1YzVhNR0U3xT
fBN0EnQSbBFsEWPQY9Bj0WPQW5BbkFNPU5BTT0LNQow5RDEDKMIowiCBIIIYQSCC
KIMogyCDEEMQQxBDEEMQQxBEEEMQQxBDEEMQQxBDEIMQgxCDEIMQgxCDEIMIgxCD
EIMYgxCDEIMQgwiDEIMQgxCDEIMQgxCCEEIQQxBDEEMQQxCDEIMQhBCDEMMYxBjE
GMQYxBjDGMQYxBjEGIQYhBiEGIQYhBjEGIMYgxiDEIIQQghCCEIIQggCCEIIQghC
CEEIQQgBCAEIAQgBCAEIAQgBCAEIAAgBCAEIAQgBCAEIARABEEIYgiDDKQQ5hlJJ
YstrTWuOc89z0HPQdBFz0XPRdBJr0GvRY9BbTmOQW09jkFMOSs1KzTnKOgkphxkE
KMMgwiCCIIIgQRhCGEEYQhCCEEIQQhBCCEIQQxBDEEMQQxBDEEMQQxBDEEMQgxCD
EIMQgxCDEIMQRBCDEIMQgxCDEIMQgxCDEIMQgxCDEIMQQhBCEEIQQhBCEEIQQhBC
EEIQQhBCEIMQgxCDEIMQhBiEGIQYhBiEGIQYhBiEGIQYhBjEGIQYxBiDGIMYgxCC
EIIQQghCCEIIQgBCCEIIQghCCEIIAggBCAEIAQgBCAEIAQgBCAAIAQgBCAEIAQgB
CAEIAQgBCAEIAQgBCAEIARBCGIIYwyDDIQQhBCEEKUUpRjGGKUYpRilGIQUpBSEE
GMQYwxDDCEIIQggBCAEIARhCGEIQARBCEEIQQhBCEEIIgghCCEIIQwhCCEMQQxBD
EEMQQxBDEEMQQxBDEEMQQxBDEEMQgxCDEEMQQxCEEIMQgxCDCIMQQxCEEEMQQxBD
EEMQQwhCCEIIQghCCEIIQghCEEIQQxBDEEMQgxCDEIMYxBjEGIQYhBiEEIQQhBCE
EIMYgxiDGMMYwxiDEIMQggiCEIIIQghCCEIAQghCCEIIAggCCAEIAQgBCAEIAQgB
CAAIAQgBCAEIAQgBCAEIAQgBCAEIAQgBCAEIAQgBCAEIAQgBCAEIAQgBCAEIAQgB
CAEIAQgBCAEIAQgBCAEIAQgBCAEIAQgBCAEIAQgBCAEIAggCCAIIQghCCEIIQghC
CEIIQghCCEMIQwhDCEMQQxBDEEMQQxBDEEMQQwhDEEMIQwhDEEMQQxBDEIMQgxCD
EIMQgxCCEEIQgxBDCEMIQwhCCEIIQghCCEIIQghCCEIIQghCCEIIQghCEEIQgxCD
EIQYhBCEEIQYhBiEGIQYhBiEGIQYhBiDGIMYgxCDEIIIghCCCEIIQghCCEIIQQhB
CAEIAQgBCAEIAQgBCAEIAAgBCAEIAQgBCAEIAQgBCAEIAQgBCAEIAQgBCAEIAQgB
CAEIAQgBCAEIAQgBCAEIAQgBCAEIAQgBCAEIAQgBCAEIAQgBCAEIAQgBCAEIAQgB
CAEIAggCCAIIQghCCEIIQghCCEIIQghCCEIIQhBCEEMQQxBCEEMIQxBDCEMIQwhD
CEMQQxBDEEIQQhBDEEMQQxBDEEMIQwhDCEMIQwhCCEIIQghCCAIIQgBCCEIIQghC
CEIIQghCCEIIQghCEIIQQxCDEIMQhBCDEIMQgxCEEIMQhBiEEIQQhBiDEIMQgxCD
EEMQQghCCEEIQQhBCEEIQQgBCAEIAQgBCAEIAQgBCAEIAQgBCAEIAQgBCAEIAQgB
CAEIAQgBCAEIAQgBCAEIAQgBCAEIAQgBCAEIAQgBCAEIAQgBCAEIAQgBCAEIAQgB
CAEIAQgBCAEIAQgBCAEIAQgBCAEIAQgBCAEIAghCCEIIQghCCEIIQghCCEMQQwhD
EEMIQwhDEEMQQwhCCEMIQghCCEIIQwhDCEMIQghDCEMIQghDCEMIQwhDCEIIQghC
CEIAQQhCCEIIQghCCEIIQghCCEIIQghCCEIIgghCEEMQQxCEEIQQhBCEEIQQgxCE
EIQQgxCDEIQYgxiDEIMQgxBCEEIIQghCCEEIQQhBCEEIQQhBCEEIAQgBCAEIAQgB
CAEIAAgBCAEIAQgBCAEIAQgBCAEIAQgBCAEIAQgBCAEIAQgBCAEIAQgBCAEIAQgB
CAEIAQgBCAEIAQgBCAEIAQgBCAEIAQgBCAEIAQgBCAEIAQgBCAEIAQgBCEIIQghC
CEIQQghCCEIIQghCCEIIQghCCEIIQghCCEIIQghDCEMIQwhDCEMIQwhCCEIIAghC
CEIIQghCCEIIQghCCEIAQQhCCEIIQghCCEIIQghBCEEIQQhBCEEIQQhCEEIIQghC
CEIQgxCDEIQQhBCDEIMQgxCDEIMQgxCDEIMQgxCDEIMQghCCEEIIQghCCEIIQghB
CEEIAQgBCAEIAQgBCAEIAQgACAEIAQgBCAEIAQgBCAEIAQgBCAEIAQgBCAEIAQgB
CAEIAQgBCAEIAQgBCAEIAQgBCAEIAQgBCAEIAQgBCAEIAQgBCAEIAQgBCAEIAQgB
CAEIAQgBCAEIAQgCCAIIQghCCEMIQghCCEIIQghCCEIIQghCCEIIQwgCCEMIQghC
CEIIQghCCEIIQghCCEIIQghDCEMIQwhDCEIIQgBBCEIIQQhBCEEIAQgBCEEIQQgB
CEEIQQhBCEEIQQhCCEIIQwhDEEMQhBCEEIQQhBCEEIMQgxCDEIMQgxCDEIMQgxCD
EIIQghCCCEIIQghCAAIIQggBCAEIAQgBCAEIAAgBCAEIAQgBCAEIAQgBCAEIAQgB
CAEIAQgBCAEIAQgBCAEIAQgBCAEIAQgBCAEIAQgBCAEIAQgBCAEIAQgBCAEIAQgB
CAEIAQgBCAEIAQgBCAEIAQgBCAEIAQgBCAEIAQgCCAIIQghCCEIIQwhDCEMIQghC
CEIIgghCCEIIQghCCEIIQghCAEIIQwhCCEIIQghCCEIIQgBBCEIIQghCCEIIQghC
CAIIAggCCAEIAQgBCAEIAQgBCAEIQQhBCEEIQQhCCEIIQxCDEIMQgxCDEIMQgxCE
EIMQgxCDEEMQgxCDEIMQgxCCEIMQgghBCEIIAghBCEEIQQhBCEEIAQABCAEIAAgB
CAEIAQgBCAEIAQgBCAEIAQgBCAEIAQgBCAEIAQgBCAEIAQgBCAEIAQgBCAEIAQgB
CAEIAQgBCAEIAQgBCAEIAQgBCAEIAQgBCAEIAQgBCAEIAQgBCAEIAggBCAEIAggC
CAIIQghCCEIIQghCCEIIQghCCEIIQghCCEIIQghCCEIIQghDCEIIQghCCEIIQghC
AEEIQghCCEIIQghCCEIIAggCCAIIAggBCAEIAQgBCAEIAQgBCAEIAQhBCEEIQghC
CEIIQghDEEMQgxCEEIQQhBBEEIMQgxCDEIMQgxCDEIMQghCCCIIIQghCCEIAQQhB
CEEIQQgBCAEAAQgBCAEIAQgBCAEIAQgBCAEIAQgBCAEIAQgBCAEIAQgBCAEIAQgB
CAEIAQgBCAEIAQgBCAEIAQgBCAEIAQgBCAEIAQgBCAEIAQgBCAEIAQgBCAEIAQgB
CAEIAQgBCAEIAggBCAEIAghCCEIIQghCCEIIQghDCEIIQghCCEIIQgBBCEEIQQhB
CEIIQghCCEIIQghCCEIIQgBCCEIIQghBCEEIQQhBCAEIAQgBCAEIAQgBCAEIAQgB
CAEIAQgBCAEIAQgBCEEIQghCCIIIQghDEIMQgxCDEIMQgxCDEIMQgxCDEIMQgxCD
EIMQgwiDCEIIQghCAEEIQQhBCAEIAQgBCAEIAQgBCAEIAQgBCAEIAQgBCAEIAQgB
CAEIAQgBCAEIAQgBCAEIAQgBCAEIAQgBCAEIAQgBCAEIAQgBCAEIAQgBCAEIAQgB
CAEIAQgBCAEIAQgBCAEIAQgBCAEIAQgBCAEIAQgBCAEIAQgBCEIIQghCCEIIQghC
CEIIQghCCEIIQghCCEIIQghCCEIIQghCCEIIQghCCEIIQghCCEIIQggCCAIIAQgB
CAEIAQgBCAEIAQgBCAEIAQgBCAEIAQgBCAIIAQhBCEEIQghCCEIIQghCEEMQgxCD
EIMQgxCDEIMQgxCDEIMQgxCDEIMIQwhCCEIIQQhBCEEIQQhBCAEIAQgBCAEIAAgB
CAEIAQgBCAEIAQgBCAEIAQgBCAEIAQgBCAEIAQgBCAEIAQgBCAEIAQgBCAEIAQgB
CAEIAQgBCAEIAQgBCAEIAQgBCAEIAQgBCAEIAQgBCAEIAQgBCAEIAQgBCAEIAQgB
CAEIAQgBCAIIQghCCEIIQghCCEIIQghCCEIIAggCCAIIAQgBCAEIQQhBCEIIQghC
CAIIAQgCCAEIAQgBCAEIAggBCAEIAQgBCAEIAQgACAEIAQgBCAEIAQgBCAEIAQgB
CEIIQghCEEMIQghDEEMQQxCDEIMQgxCDEIIQgxCDEIMQgxCDEIMQgwhCCEEAQQhB
CEIIQQgBCAEIAQgBCAAIAQgBCAEIAQgBCAEIAQgBCAEIAQgBCAEIAQgBCAEIAQgB
CAEIAQgBCAEIAQgBCAEIAQgBCAEIAQgBCAEIAQgBCAEIAQgBCAEIAQgBCAEIAQgB
CAEIAQgBCAEIAQgBCAEIAQgBCAEIAQgBCAEIQQhBCEEIQghCCEIIQghCCAIIAggC
CAEIAQgBCAEIQQhBCEEIQQgBCAIIAQgBCAEIAQgBCAEIAQgBCAEIAQgBCAEIAQgB
CAEIAQgBCAEIAQgBCAEIAQgCCAIIQghDCEMIgxCDEIMQgxCDEIQQgxCDEIMQgxCD
EIMQgxCDCIMIQwhCCEEIQQhBCEEIAQgBCAEIAQgBCAEIAQgBCAEIAQgBCAEIAQgB
CAEIAQgBCAEIAQgBCAEIAQgBCAEIAQgBCAEIAQgBCAEIAQgBCAEIAQgBCAEIAQgB
CAEIAQgBCAEIAQgBCAEIAQgBCAEIAQgBCAEIAQgBCAEIAQgBCAEIAQgBCAIIQghC
CEIIQghBCAIIAggCCAIIAQgBCAEIAQgBCAIIQghBCEEIAQgBCAEIAQgBCAEIAQgB
CAEIAAgBCAEIAQgBCAEIAQgBCAEIAQgBCAEIAQgBCAEIAQgBCEIIQghCCIMIQxCD
EIMQgxCDEIMQgxCDEIMQgxiDEIMQgxCCCEIIQghCCAIIAgABCAEIAQgBCAEIAQgB
CAEIAQgBCAEIAQgBCAEIAQgBCAEIAQgBCAEIAQgBCAEIAQgBCAEIAQgBCAEIAQgB
CAEIAQgBCAEIAQgBCAEIAQgBCAEIAQgBCAEIAQgBCAEIAQgBCAEIAQgBCAEIAQgB
CAEIAQgBCAEIAggCCAIIAggCCAIIAggCCAIIAQgBCAEIAQgBCAEIAQgBCAEIAQgB
CAEIAQgBCAEIAQgBCAEIAQgBCAEIAQgACAEIAQgBCAEIAQgBCAEIAQgBCAEIAQgB
CAEIAQgBCEIIQghCCEMIQxBDEIMQgxCCEIMQgxCDEIMQgxCDEIMQgxBDCEIIQghB
CEEIAQgBCAEIAQgBCAEIAAgBCAEIAQgBCAEIAQgBCAEIAQgBCAEIAQgBCAEIAQgB
CAEIAQgBCAEIAQgBCAEIAQgBCAEIAQgBCAEIAQgBCAEIAQgBCAEIAQgBCAEIAQgB
GIEIAQgBCAEIAQgBCAEIAQgBCAEIAQgBCAEIAQgBCAEIAggCCAIIAggCCAIIAggB
CAEIAQgBCAEIAQgBCAEIAQgBCAEIAQgBCAEIAQgBCAEIAQgBCAEIAQgACAEIAQgB
CAEIAQgBCAEIAQgBCAEIAQgBCAEIAQhCCEIIQwhDCEMQQxBDEIMQgxCDEIMQgxBD
EEMQgxCDEIMQgxBCCEIIQghCCEIIQQgBCAEIAQgBCAEIAQgBCAEIAQgBCAEIAQgB
CAEIAQgBCAEIAQgBCAEIAQgBCAEIAQgBCAEIAQgBCAEIAQgBCAEIAQgBCAEIAQgB
CAEIAQgBCAEIAQgBCAEIASiCGEEIAQgBCAEIAQgBCAEIAQgBCAEIAQgBCAEIAQgB
CAEIAQgBCAEIAQgBCAEIAQgBCAEIAQgBCAEIAQgBCAEIAQgBCAEIAQgBCAEIAQgB
CAEIAQgBCAEIAQgBCAEIAQgACAEIAQgBCAEIAQgBCAEIAQgBCAIIAggCCEIQQwhD
CEMQgxCDEIMQgxBDEEMQQhBCEEMQgxCDEEMQQwhCCEIAQghBCAEIAQgBCAAIAQgB
CAEIAQgBCAEIAQgBCAEIAQgBCAEIAQgBCAEIAQgBCAAIAQgBCAEIAQgBCAEIAQgB
CAEIAQgBCAEIAQgACAEIAQgBCAEIAQgBCAEIAQgBCAEwwiCBEEEIAQABCAEIAQgB
CAEIAQgBCAEIAQgBCAEIAQgBCAEIAQgBCAEIAQgBCAEIAQgBCAEIAQgBCAEIAQgB
CAEIAQgBCAEIAQgBCAAIAQgBCAEIAQgBCAEIAQgBCAEIAAgBCAEIAQgBCAEIAQgB
CAEIAQgBCAEIAQhCCEIIQghCCEMIgwhDCEMIQwhDCEMIQwhDCEMQQxBDEEIIQghC
AEEIQQhBCAEIAQgACAEIAQgBCAEIAQgBCAEIAQgBCAEIAQgBCAEIAQgBCAEIAQgB
CAAIAQgBCAEIAQgBCAEIAQgBCAEIAQgBCAEIAQgBCAEIAQgBCAEIAQgBCAEIAQgB
KMIowiCCEEEIAQgBCAEIAQgBCAEIAQgBCAEIAQgBCAEIAQgBCAEIAQgBCAEIAAgB
CAEIAQgBCAEIAQgBCAEIAQgBCAEIAQgBCAEIAAgBCAEIAQgBCAEIAQgBCAEIAQgA
CAEIAQgBCAEIAQgBCAEIAQgBCAEIAQgBCAEIQghCCEIIQghDCEMIQwhDCEMIQwhD
CEMIQghCCEMIQghCCEIIQghBCEEIQQgBCAEIAAgBCAEIAQgBCAEIAQgBCAEIAQgB
CAEIAQgBCAEIAQgBCAEIAQgBCAEIAQgBCAEIAQgBCAEIAQgBCAEIAQgBCAEIAQgB
CAEIAQgBCAEIAQgBCAEIASjCMMIowiBCEAEIAQgBCAEIAQgBCAEIAQgBCAEIAQgB
CAEIAQgBCAEIAAgBCAEIAQgBCAEIAQgBCAEIAQgBCAEIAQgBCAEIAQgBCAEIAQgB
CAEIAAgBCAEIAQgBCAEIAQgBCAEIAQgBCAEIAQgBCAEIAQgBCAEIAQgBCAEIAghC
CEIIQghDCEMIQwhDCEMIQghCCEIIQghDCEMIQwhDCEIIAQhBCAEIAQgBCAEIAQgB
CAEIAQgBCAEIAQgBCAEIAQgBCAEIAQgBCAEIAQgBCAEIAQgBCAEIAQgBCAEIAQgB
CAEIAQgBCAEIAQgBCAEIAQgBCAEIAQgBCAEIAQgBCAE=
END m9
frame   246 :  a big bag +3.31*  a small bag -1.50   led   0/ 73 h0.00 b0.57 lvl+0.90 d0.87   MATCH a big bag (cos -0.123, nearer by 3.43)
frame   247 :  a big bag +1.51*  a small bag -3.17   led   0/ 76 h0.00 b0.58 lvl-0.83 d0.84   MATCH a big bag (cos -0.152, nearer by 3.43)
frame   248 :  a big bag +1.84*  a small bag -2.77   led   0/ 79 h0.00 b0.59 lvl-0.46 d0.83   MATCH a big bag (cos -0.136, nearer by 3.43)
frame   249 :  a big bag +2.37*  a small bag -2.12   led   0/ 83 h0.00 b0.60 lvl+0.12 d0.80   MATCH a big bag (cos -0.133, nearer by 3.43)
frame   250 :  a big bag +2.21*  a small bag -2.22   led   0/ 84 h0.00 b0.60 lvl-0.00 d0.79   MATCH a big bag (cos -0.138, nearer by 3.43)
frame   251 :  a big bag +2.37*  a small bag -1.90   led   0/ 90 h0.00 b0.62 lvl+0.23 d0.76   MATCH a big bag (cos -0.135, nearer by 3.43)
frame   252 :  a big bag +2.33*  a small bag -1.86   led   0/ 92 h0.00 b0.63 lvl+0.24 d0.74   MATCH a big bag (cos -0.137, nearer by 3.43)
enrol     : a big bag, level +1.59, scatter 1.68 (40 frames, visit 2 of 2)
enrol     : 2 classes, nearest pair 4.06 apart, spread 1.68 (2.4x over 2 visits), absent beyond 8.13 (2.0 sep)
            That ratio has now been wrong in both directions - it certified a 57.5%
            run at 3.7x and a 2.3x run scored 74.2% the same afternoon - so it is
            reported and not judged. The enrolment pictures beside the log are the
            check that has never misled anyone: look at them.
            'a big bag' SITS 0.26 SEP FROM THE ORIGIN, which is where a scene identical to
            the frozen background lands. Presence cannot separate the two, so an empty
            desk will read as that class. Re-freeze the background ('N') on a scene
            that is actually empty, or enrol a class that looks less like it.
frame   253 :  a big bag +1.92*  a small bag -2.06   led   0/149 h0.00 b0.78 lvl-0.07 d0.43   MATCH a big bag (cos -0.141, nearer by 4.06)
frame   254 :  a big bag +2.37*  a small bag -1.74   led   0/144 h0.00 b0.77 lvl+0.32 d0.46   MATCH a big bag (cos -0.133, nearer by 4.06)
frame   255 :  a big bag +2.60*  a small bag -1.56   led   0/142 h0.00 b0.77 lvl+0.52 d0.46   MATCH a big bag (cos -0.134, nearer by 4.06)
frame   256 :  a big bag +2.83*  a small bag -1.45   led   0/138 h0.00 b0.76 lvl+0.69 d0.49   MATCH a big bag (cos -0.133, nearer by 4.06)
frame   257 :  a big bag +3.25*  a small bag -1.48   led   0/123 h0.00 b0.72 lvl+0.88 d0.56   MATCH a big bag (cos -0.130, nearer by 4.06)
frame   258 :  a big bag +2.64*  a small bag -1.89   led   0/130 h0.00 b0.74 lvl+0.37 d0.53   MATCH a big bag (cos -0.140, nearer by 4.06)
frame   259 :  a big bag +2.45*  a small bag -2.07   led   0/130 h0.00 b0.74 lvl+0.19 d0.53   MATCH a big bag (cos -0.137, nearer by 4.06)
frame   260 :  a big bag +2.30*  a small bag -2.16   led   0/132 h0.00 b0.74 lvl+0.07 d0.52   MATCH a big bag (cos -0.138, nearer by 4.06)
frame   261 :  a big bag +1.87*  a small bag -2.50   led   0/136 h0.00 b0.75 lvl-0.32 d0.50   MATCH a big bag (cos -0.141, nearer by 4.06)
frame   262 :  a big bag +2.03*  a small bag -2.28   led   0/138 h0.00 b0.76 lvl-0.12 d0.49   MATCH a big bag (cos -0.137, nearer by 4.06)
frame   263 :  a big bag +2.00*  a small bag -2.34   led   0/136 h0.00 b0.75 lvl-0.17 d0.50   MATCH a big bag (cos -0.138, nearer by 4.06)
frame   264 :  a big bag +1.82*  a small bag -2.44   led   0/139 h0.00 b0.76 lvl-0.31 d0.48   MATCH a big bag (cos -0.140, nearer by 4.06)
frame   265 :  a big bag +2.26*  a small bag -2.28   led   0/129 h0.00 b0.73 lvl-0.01 d0.53   MATCH a big bag (cos -0.134, nearer by 4.06)
frame   266 :  a big bag +3.40*  a small bag -1.70   led   0/111 h0.00 b0.69 lvl+0.85 d0.63   MATCH a big bag (cos -0.125, nearer by 4.06)
frame   267 :  a big bag +3.12*  a small bag -1.94   led   0/113 h0.00 b0.69 lvl+0.59 d0.62   MATCH a big bag (cos -0.135, nearer by 4.06)
frame   268 :  a big bag +3.13*  a small bag -0.72   led   0/154 h0.00 b0.80 lvl+1.20 d0.41   MATCH a big bag (cos -0.133, nearer by 4.06)
frame   269 :  a big bag +3.86*  a small bag +1.64*   led   0/221 h0.00 b0.94 lvl+2.75 d0.13   MATCH a big bag (cos -0.126, nearer by 4.06)
frame   270 :  a big bag +5.05*  a small bag +3.55*   led   0/254 h0.00 b1.00 lvl+4.30 d0.00   MATCH a big bag (cos -0.118, nearer by 4.06)
frame   271 :  a big bag +3.89*  a small bag +3.01*   led   2/177 h0.11 b0.95 lvl+3.45 d0.11   MATCH a big bag (cos -0.139, nearer by 3.21)
frame   272 :  a big bag +2.08*  a small bag +1.26*   led   2/170 h0.12 b0.94 lvl+1.67 d0.12   MATCH a big bag (cos -0.150, nearer by 3.12)
frame   273 :  a big bag +1.71*  a small bag +0.89   led   2/171 h0.12 b0.94 lvl+1.30 d0.12   MATCH a big bag (cos -0.141, nearer by 3.12)
frame   274 :  a big bag +1.23*  a small bag +0.71   led   4/140 h0.17 b0.92 lvl+0.97 d0.17   MATCH a big bag (cos -0.144, nearer by 2.70)
frame   275 :  a big bag +0.26  a small bag +0.09   led   8/110 h0.23 b0.89 lvl+0.18 d0.23   MATCH a big bag (cos -0.151, nearer by 2.20)
frame   276 :  a big bag -0.10  a small bag -0.10   led  10/ 97 h0.26 b0.87 lvl-0.10 d0.26   MATCH a big bag (cos -0.148, nearer by 1.96)
frame   277 :  a big bag -0.19  a small bag -0.22   led   9/ 99 h0.25 b0.87 lvl-0.20 d0.25   MATCH a big bag (cos -0.147, nearer by 2.00)
frame   278 :  a small bag -0.30  a big bag -0.31   led  10/ 96 h0.26 b0.87 lvl-0.31 d0.26   MATCH a big bag (cos -0.147, nearer by 1.93)
frame   279 :  a small bag -0.49  a big bag -0.58   led  11/ 90 h0.28 b0.86 lvl-0.54 d0.28   MATCH a big bag (cos -0.149, nearer by 1.82)
frame   280 :  a small bag -0.40  a big bag -0.52   led  11/ 89 h0.28 b0.86 lvl-0.46 d0.28   MATCH a big bag (cos -0.147, nearer by 1.79)
frame   281 :  a small bag -0.36  a big bag -0.48   led  11/ 89 h0.28 b0.86 lvl-0.42 d0.28   MATCH a big bag (cos -0.147, nearer by 1.79)
frame   282 :  a small bag -0.31  a big bag -0.38   led  11/ 92 h0.27 b0.86 lvl-0.34 d0.27   MATCH a big bag (cos -0.146, nearer by 1.86)
frame   283 :  a small bag -0.53  a big bag -0.56   led  10/ 95 h0.26 b0.87 lvl-0.55 d0.26   MATCH a big bag (cos -0.149, nearer by 1.92)
frame   284 :  a small bag -0.75  a big bag -0.83   led  11/ 91 h0.27 b0.86 lvl-0.79 d0.27   MATCH a big bag (cos -0.150, nearer by 1.84)
frame   285 :  a small bag -0.28  a big bag -0.39   led  11/ 89 h0.28 b0.86 lvl-0.34 d0.28   MATCH a big bag (cos -0.144, nearer by 1.80)
frame   286 :  a small bag -0.21  a big bag -0.34   led  11/ 88 h0.28 b0.86 lvl-0.27 d0.28   MATCH a big bag (cos -0.146, nearer by 1.77)
frame   287 :  a small bag -0.06  a big bag -0.34   led  13/ 78 h0.31 b0.85 lvl-0.20 d0.31   MATCH a big bag (cos -0.147, nearer by 1.55)
frame   288 :  a small bag -0.02  a big bag -0.39   led  15/ 73 h0.32 b0.84 lvl-0.20 d0.32   MATCH a big bag (cos -0.147, nearer by 1.43)
frame   289 :  a small bag -0.05  a big bag -0.18   led  11/ 88 h0.28 b0.86 lvl-0.11 d0.28   MATCH a big bag (cos -0.144, nearer by 1.78)
frame   290 :  a small bag +0.02  a big bag -0.13   led  12/ 87 h0.29 b0.86 lvl-0.05 d0.29   MATCH a big bag (cos -0.145, nearer by 1.74)
frame   291 :  a small bag -0.04  a big bag -0.22   led  12/ 84 h0.29 b0.85 lvl-0.13 d0.29   MATCH a big bag (cos -0.147, nearer by 1.69)
frame   292 :  a small bag +0.26  a big bag +0.24   led  10/ 95 h0.26 b0.87 lvl+0.25 d0.26   MATCH a big bag (cos -0.141, nearer by 1.92)
frame   293 :  a small bag +0.19  a big bag +0.18   led  10/ 96 h0.26 b0.87 lvl+0.19 d0.26   MATCH a big bag (cos -0.145, nearer by 1.94)
frame   294 :  a big bag +0.18  a small bag +0.13   led   9/101 h0.25 b0.87 lvl+0.15 d0.25   MATCH a big bag (cos -0.145, nearer by 2.03)
frame   295 :  a small bag +0.01  a big bag -0.17   led  12/ 85 h0.29 b0.85 lvl-0.08 d0.29   MATCH a big bag (cos -0.148, nearer by 1.70)
frame   296 :  a small bag -0.18  a big bag -0.31   led  11/ 87 h0.28 b0.86 lvl-0.24 d0.28   MATCH a big bag (cos -0.148, nearer by 1.76)
frame   297 :  a small bag -0.24  a big bag -0.29   led  10/ 93 h0.27 b0.87 lvl-0.26 d0.27   MATCH a big bag (cos -0.146, nearer by 1.88)
frame   298 :  a small bag -0.64  a big bag -0.81   led  12/ 86 h0.29 b0.86 lvl-0.73 d0.29   MATCH a big bag (cos -0.152, nearer by 1.72)
frame   299 :  a small bag -0.48  a big bag -0.67   led  12/ 84 h0.29 b0.85 lvl-0.57 d0.29   MATCH a big bag (cos -0.147, nearer by 1.68)
background: after 30 frames (frozen, room spread), this room reads  a small bag -0.148 +-0.0062 (COCO -0.142 +-0.0317)  a big bag -0.145 +-0.0038 (COCO -0.133 +-0.0262)
frame   300 :  a small bag -0.64  a big bag -0.77   led  11/ 88 h0.28 b0.86 lvl-0.71 d0.28   MATCH a big bag (cos -0.149, nearer by 1.76)
frame   301 :  a big bag -0.38  a small bag -0.38   led  10/ 98 h0.26 b0.87 lvl-0.38 d0.26   MATCH a big bag (cos -0.144, nearer by 1.97)
frame   302 :  a small bag -0.33  a big bag -0.50   led  12/ 85 h0.29 b0.86 lvl-0.42 d0.29   MATCH a big bag (cos -0.148, nearer by 1.72)
frame   303 :  a small bag -0.02  a big bag -0.11   led  11/ 91 h0.28 b0.86 lvl-0.07 d0.28   MATCH a big bag (cos -0.143, nearer by 1.82)
frame   304 :  a small bag +0.05  a big bag -0.11   led  12/ 86 h0.29 b0.86 lvl-0.03 d0.29   MATCH a big bag (cos -0.146, nearer by 1.73)
frame   305 :  a small bag +0.26  a big bag +0.19   led  11/ 92 h0.27 b0.86 lvl+0.22 d0.27   MATCH a big bag (cos -0.142, nearer by 1.85)
frame   306 :  a small bag -0.19  a big bag -0.42   led  13/ 82 h0.30 b0.85 lvl-0.31 d0.30   MATCH a big bag (cos -0.151, nearer by 1.63)
frame   307 :  a small bag -0.38  a big bag -0.76   led  15/ 73 h0.33 b0.84 lvl-0.57 d0.33   MATCH a big bag (cos -0.151, nearer by 1.42)
frame   308 :  a small bag -0.85  a big bag -1.01   led  12/ 86 h0.29 b0.86 lvl-0.93 d0.29   MATCH a big bag (cos -0.151, nearer by 1.73)
frame   309 :  a small bag -0.51  a big bag -1.18   led  19/ 57 h0.38 b0.81 lvl-0.84 d0.38   MATCH a big bag (cos -0.151, nearer by 1.01)
frame   310 :  a small bag +0.82  a big bag -0.73   led  35/ 27 h0.53 b0.76 lvl+0.05 d0.47   MATCH a small bag (cos -0.127, nearer by 0.24)
frame   311 :  a small bag +2.59*  a big bag -0.27   led 104/  9 h0.76 b0.88 lvl+1.16 d0.24   MATCH a small bag (cos -0.111, nearer by 2.09)
frame   312 :  a small bag +3.55*  a big bag +0.43   led 125/  6 h0.80 b0.90 lvl+1.99 d0.20   MATCH a small bag (cos -0.115, nearer by 2.45)
frame   313 :  a small bag +5.39*  a big bag +2.48*   led 107/  8 h0.76 b0.88 lvl+3.93 d0.24   MATCH a small bag (cos -0.093, nearer by 2.15)
frame   314 :  a small bag +4.84*  a big bag +1.25*   led 171/  2 h0.88 b0.94 lvl+3.05 d0.12   MATCH a small bag (cos -0.124, nearer by 3.12)
frame   315 :  a small bag +4.41*  a big bag +0.95   led 157/  3 h0.86 b0.93 lvl+2.68 d0.14   MATCH a small bag (cos -0.126, nearer by 2.94)
frame   316 :  a small bag +3.88*  a big bag +0.52   led 147/  4 h0.84 b0.92 lvl+2.20 d0.16   MATCH a small bag (cos -0.130, nearer by 2.79)
frame   317 :  a small bag +3.02*  a big bag -0.38   led 150/  3 h0.85 b0.92 lvl+1.32 d0.15   MATCH a small bag (cos -0.139, nearer by 2.84)
frame   318 :  a small bag +2.41*  a big bag -1.17   led 170/  2 h0.88 b0.94 lvl+0.62 d0.12   MATCH a small bag (cos -0.140, nearer by 3.11)
frame   319 :  a small bag +2.18*  a big bag -1.41   led 171/  2 h0.88 b0.94 lvl+0.39 d0.12   MATCH a small bag (cos -0.137, nearer by 3.13)
frame   320 :  a small bag +2.17*  a big bag -1.38   led 166/  2 h0.88 b0.94 lvl+0.39 d0.12   MATCH a small bag (cos -0.135, nearer by 3.07)
frame   321 :  a small bag +1.83*  a big bag -1.86   led 181/  1 h0.90 b0.95 lvl-0.01 d0.10   MATCH a small bag (cos -0.140, nearer by 3.26)
frame   322 :  a small bag +1.92*  a big bag -1.72   led 176/  2 h0.89 b0.95 lvl+0.10 d0.11   MATCH a small bag (cos -0.135, nearer by 3.19)
frame   323 :  a small bag +1.80*  a big bag -1.82   led 174/  2 h0.89 b0.94 lvl-0.01 d0.11   MATCH a small bag (cos -0.138, nearer by 3.16)
frame   324 :  a small bag +1.56*  a big bag -2.16   led 185/  1 h0.91 b0.95 lvl-0.30 d0.09   MATCH a small bag (cos -0.141, nearer by 3.31)
frame   325 :  a small bag +1.63*  a big bag -2.28   led 209/  0 h0.94 b0.97 lvl-0.32 d0.06   MATCH a small bag (cos -0.137, nearer by 3.58)
frame   326 :  a small bag +1.82*  a big bag -2.21   led 224/  0 h0.96 b0.98 lvl-0.20 d0.04   MATCH a small bag (cos -0.134, nearer by 3.75)
frame   327 :  a small bag +1.42*  a big bag -2.52   led 212/  0 h0.95 b0.97 lvl-0.55 d0.05   MATCH a small bag (cos -0.144, nearer by 3.62)
frame   328 :  a small bag +1.31*  a big bag -2.68   led 218/  0 h0.95 b0.98 lvl-0.69 d0.05   MATCH a small bag (cos -0.141, nearer by 3.68)
frame   329 :  a small bag +1.45*  a big bag -2.37   led 196/  1 h0.92 b0.96 lvl-0.46 d0.08   MATCH a small bag (cos -0.137, nearer by 3.44)
frame   330 :  a small bag +1.41*  a big bag -2.44   led 201/  1 h0.93 b0.97 lvl-0.52 d0.07   MATCH a small bag (cos -0.139, nearer by 3.50)
frame   331 :  a small bag +1.24*  a big bag -2.63   led 203/  1 h0.93 b0.97 lvl-0.70 d0.07   MATCH a small bag (cos -0.142, nearer by 3.52)
frame   332 :  a small bag +1.41*  a big bag -2.56   led 215/  0 h0.95 b0.97 lvl-0.57 d0.05   MATCH a small bag (cos -0.137, nearer by 3.66)
frame   333 :  a small bag +1.73*  a big bag -2.16   led 205/  1 h0.94 b0.97 lvl-0.21 d0.06   MATCH a small bag (cos -0.133, nearer by 3.54)
frame   334 :  a small bag +1.40*  a big bag -2.56   led 215/  0 h0.95 b0.97 lvl-0.58 d0.05   MATCH a small bag (cos -0.143, nearer by 3.65)
frame   335 :  a small bag +1.30*  a big bag -2.68   led 216/  0 h0.95 b0.98 lvl-0.69 d0.05   MATCH a small bag (cos -0.141, nearer by 3.67)
frame   336 :  a small bag +1.47*  a big bag -2.56   led 224/  0 h0.96 b0.98 lvl-0.55 d0.04   MATCH a small bag (cos -0.137, nearer by 3.75)
frame   337 :  a small bag +1.77*  a big bag -2.07   led 200/  1 h0.93 b0.96 lvl-0.15 d0.07   MATCH a small bag (cos -0.133, nearer by 3.48)
frame   338 :  a small bag +1.41*  a big bag -2.09   led 162/  2 h0.87 b0.93 lvl-0.34 d0.13   MATCH a small bag (cos -0.143, nearer by 3.00)
frame   339 :  a small bag +1.16  a big bag -2.42   led 170/  2 h0.88 b0.94 lvl-0.63 d0.12   MATCH a small bag (cos -0.143, nearer by 3.12)
frame   340 :  a small bag +1.56*  a big bag -2.13   led 181/  1 h0.90 b0.95 lvl-0.28 d0.10   MATCH a small bag (cos -0.134, nearer by 3.25)
frame   341 :  a small bag +1.45*  a big bag -2.34   led 194/  1 h0.92 b0.96 lvl-0.44 d0.08   MATCH a small bag (cos -0.140, nearer by 3.41)
frame   342 :  a small bag +1.33*  a big bag -2.49   led 197/  1 h0.92 b0.96 lvl-0.58 d0.08   MATCH a small bag (cos -0.141, nearer by 3.45)
frame   343 :  a small bag +1.33*  a big bag -2.45   led 192/  1 h0.92 b0.96 lvl-0.56 d0.08   MATCH a small bag (cos -0.140, nearer by 3.39)
frame   344 :  a small bag +1.27*  a big bag -2.53   led 195/  1 h0.92 b0.96 lvl-0.63 d0.08   MATCH a small bag (cos -0.141, nearer by 3.43)
frame   345 :  a small bag +1.04  a big bag -2.84   led 204/  1 h0.93 b0.97 lvl-0.90 d0.07   MATCH a small bag (cos -0.144, nearer by 3.53)
frame   346 :  a small bag +1.32*  a big bag -2.32   led 177/  2 h0.89 b0.95 lvl-0.50 d0.11   MATCH a small bag (cos -0.136, nearer by 3.20)
frame   347 :  a small bag +1.67*  a big bag -2.04   led 184/  1 h0.91 b0.95 lvl-0.19 d0.09   MATCH a small bag (cos -0.134, nearer by 3.29)
frame   348 :  a small bag +3.65*  a big bag +0.31   led 145/  4 h0.84 b0.92 lvl+1.98 d0.16   MATCH a small bag (cos -0.102, nearer by 2.77)
frame   349 :  a small bag +6.80*  a big bag +3.76*   led 118/  7 h0.79 b0.89 lvl+5.28 d0.21   MATCH a small bag (cos -0.069, nearer by 2.35)
frame   350 :  a small bag +6.43*  a big bag +2.61*   led 197/  1 h0.92 b0.96 lvl+4.52 d0.08   MATCH a small bag (cos -0.112, nearer by 3.45)
frame   351 :  a small bag +5.07*  a big bag +2.50*   led  84/ 12 h0.71 b0.85 lvl+3.79 d0.29   MATCH a small bag (cos -0.132, nearer by 1.69)
frame   352 :  a small bag +3.02*  a big bag +1.57*   led  31/ 29 h0.51 b0.76 lvl+2.30 d0.49   MATCH a small bag (cos -0.153, nearer by 0.09)
frame   353 :  a small bag +1.34*  a big bag +0.57   led  20/ 52 h0.39 b0.80 lvl+0.95 d0.39   MATCH a big bag (cos -0.150, nearer by 0.86)
frame   354 :  a small bag +0.25  a big bag +0.20   led  10/ 93 h0.27 b0.87 lvl+0.23 d0.27   MATCH a big bag (cos -0.147, nearer by 1.87)
frame   355 :  a big bag +0.19  a small bag -0.20   led   5/129 h0.19 b0.90 lvl-0.01 d0.19   MATCH a big bag (cos -0.145, nearer by 2.52)
frame   356 :  a big bag +1.11  a small bag +0.36   led   2/163 h0.13 b0.94 lvl+0.73 d0.13   MATCH a big bag (cos -0.135, nearer by 3.02)
frame   357 :  a big bag +0.94  a small bag +0.83   led   8/105 h0.24 b0.88 lvl+0.89 d0.24   MATCH a big bag (cos -0.143, nearer by 2.11)
frame   358 :  a small bag +3.57*  a big bag +2.91*   led  19/ 58 h0.37 b0.81 lvl+3.24 d0.37   MATCH a big bag (cos -0.121, nearer by 1.03)
frame   359 :  a small bag +2.71*  a big bag +1.13   led  36/ 27 h0.53 b0.77 lvl+1.92 d0.47   MATCH a small bag (cos -0.141, nearer by 0.27)
frame   360 :  a small bag +4.77*  a big bag +4.07*   led  19/ 56 h0.38 b0.81 lvl+4.42 d0.38   MATCH a big bag (cos -0.109, nearer by 0.96)
frame   361 :  a big bag +4.04*  a small bag +3.78*   led   7/116 h0.22 b0.89 lvl+3.91 d0.22   MATCH a big bag (cos -0.130, nearer by 2.31)
frame   362 :  a small bag +2.36*  a big bag +1.97*   led  15/ 72 h0.33 b0.84 lvl+2.16 d0.33   MATCH a big bag (cos -0.152, nearer by 1.40)
frame   363 :  a small bag +0.90  a big bag +0.63   led  13/ 79 h0.31 b0.85 lvl+0.76 d0.31   MATCH a big bag (cos -0.152, nearer by 1.58)
frame   364 :  a small bag +0.98  a big bag +0.56   led  15/ 70 h0.33 b0.83 lvl+0.77 d0.33   MATCH a big bag (cos -0.144, nearer by 1.37)
frame   365 :  a small bag +0.70  a big bag +0.19   led  16/ 65 h0.35 b0.83 lvl+0.44 d0.35   MATCH a big bag (cos -0.147, nearer by 1.23)
frame   366 :  a small bag +0.66  a big bag +0.12   led  17/ 64 h0.35 b0.82 lvl+0.39 d0.35   MATCH a big bag (cos -0.145, nearer by 1.19)
frame   367 :  a small bag +0.41  a big bag +0.29   led  11/ 89 h0.28 b0.86 lvl+0.35 d0.28   MATCH a big bag (cos -0.143, nearer by 1.79)
frame   368 :  a small bag +0.26  a big bag -0.24   led  16/ 66 h0.35 b0.83 lvl+0.01 d0.35   MATCH a big bag (cos -0.150, nearer by 1.25)
frame   369 :  a small bag -0.10  a big bag -0.42   led  14/ 76 h0.32 b0.84 lvl-0.26 d0.32   MATCH a big bag (cos -0.148, nearer by 1.50)
frame   370 :  a small bag -0.69  a big bag -0.98   led  13/ 77 h0.31 b0.84 lvl-0.83 d0.31   MATCH a big bag (cos -0.153, nearer by 1.54)
frame   371 :  a small bag -0.66  a big bag -1.09   led  15/ 69 h0.34 b0.83 lvl-0.88 d0.34   MATCH a big bag (cos -0.150, nearer by 1.34)
frame   372 :  a small bag -0.04  a big bag -0.48   led  16/ 69 h0.34 b0.83 lvl-0.26 d0.34   MATCH a big bag (cos -0.143, nearer by 1.33)
frame   373 :  a small bag -0.35  a big bag -0.77   led  15/ 71 h0.33 b0.83 lvl-0.56 d0.33   MATCH a big bag (cos -0.150, nearer by 1.37)
frame   374 :  a small bag -0.40  a big bag -0.91   led  16/ 65 h0.35 b0.83 lvl-0.65 d0.35   MATCH a big bag (cos -0.150, nearer by 1.23)
frame   375 :  a small bag -0.79  a big bag -1.38   led  18/ 61 h0.36 b0.82 lvl-1.08 d0.36   MATCH a big bag (cos -0.154, nearer by 1.12)
frame   376 :  a small bag -0.83  a big bag -1.34   led  16/ 65 h0.35 b0.83 lvl-1.09 d0.35   MATCH a big bag (cos -0.150, nearer by 1.23)
frame   377 :  a small bag -0.63  a big bag -1.40   led  20/ 52 h0.39 b0.80 lvl-1.01 d0.39   MATCH a big bag (cos -0.151, nearer by 0.86)
frame   378 :  a small bag -0.59  a big bag -1.38   led  21/ 52 h0.40 b0.80 lvl-0.98 d0.40   MATCH a big bag (cos -0.150, nearer by 0.84)
frame   379 :  a small bag -0.02  a big bag -0.59   led  17/ 62 h0.36 b0.82 lvl-0.31 d0.36   MATCH a big bag (cos -0.142, nearer by 1.15)
frame   380 :  a small bag -0.14  a big bag -1.09   led  23/ 45 h0.43 b0.79 lvl-0.61 d0.43   MATCH a big bag (cos -0.153, nearer by 0.61)
frame   381 :  a small bag -0.24  a big bag -1.37   led  26/ 38 h0.46 b0.77 lvl-0.80 d0.46   MATCH a big bag (cos -0.152, nearer by 0.35)
frame   382 :  a small bag +0.23  a big bag -0.67   led  22/ 47 h0.42 b0.79 lvl-0.22 d0.42   MATCH a big bag (cos -0.143, nearer by 0.68)
frame   383 :  a small bag -0.11  a big bag -0.74   led  18/ 59 h0.37 b0.81 lvl-0.43 d0.37   MATCH a big bag (cos -0.149, nearer by 1.05)
frame   384 :  a small bag -0.36  a big bag -0.83   led  16/ 67 h0.34 b0.83 lvl-0.60 d0.34   MATCH a big bag (cos -0.149, nearer by 1.28)
frame   385 :  a small bag -0.40  a big bag -1.18   led  20/ 52 h0.40 b0.80 lvl-0.79 d0.40   MATCH a big bag (cos -0.152, nearer by 0.85)
frame   386 :  a small bag -0.69  a big bag -1.55   led  22/ 48 h0.41 b0.80 lvl-1.12 d0.41   MATCH a big bag (cos -0.154, nearer by 0.73)
frame   387 :  a small bag -0.46  a big bag -1.32   led  21/ 49 h0.41 b0.80 lvl-0.89 d0.41   MATCH a big bag (cos -0.149, nearer by 0.75)
frame   388 :  a small bag -0.19  a big bag -0.75   led  17/ 62 h0.36 b0.82 lvl-0.47 d0.36   MATCH a big bag (cos -0.144, nearer by 1.16)
frame   389 :  a small bag +0.02  a big bag -0.68   led  19/ 56 h0.38 b0.81 lvl-0.33 d0.38   MATCH a big bag (cos -0.147, nearer by 0.97)
frame   390 :  a small bag +0.60  a big bag +0.22   led  15/ 72 h0.33 b0.84 lvl+0.41 d0.33   MATCH a big bag (cos -0.138, nearer by 1.41)
frame   391 :  a big bag +4.73*  a small bag +3.18*   led   0/252 h0.00 b0.99 lvl+3.95 d0.01   MATCH a big bag (cos -0.096, nearer by 4.06)
frame   392 :  a big bag +4.02*  a small bag +2.96*   led   1/198 h0.07 b0.96 lvl+3.49 d0.07   MATCH a big bag (cos -0.135, nearer by 3.46)
frame   393 :  a big bag +2.66*  a small bag +1.68*   led   1/188 h0.09 b0.96 lvl+2.17 d0.09   MATCH a big bag (cos -0.145, nearer by 3.34)
frame   394 :  a big bag +1.23  a small bag +0.23   led   1/190 h0.09 b0.96 lvl+0.73 d0.09   MATCH a big bag (cos -0.151, nearer by 3.37)
frame   395 :  a big bag +0.71  a small bag -0.25   led   1/185 h0.09 b0.95 lvl+0.23 d0.09   MATCH a big bag (cos -0.146, nearer by 3.31)
frame   396 :  a big bag +0.65  a small bag -0.17   led   2/170 h0.12 b0.94 lvl+0.24 d0.12   MATCH a big bag (cos -0.143, nearer by 3.12)
frame   397 :  a big bag -0.18  a small bag -0.67   led   4/137 h0.17 b0.91 lvl-0.43 d0.17   MATCH a big bag (cos -0.152, nearer by 2.65)
frame   398 :  a big bag -0.24  a small bag -0.55   led   6/121 h0.21 b0.90 lvl-0.39 d0.21   MATCH a big bag (cos -0.147, nearer by 2.39)
frame   399 :  a big bag -0.49  a small bag -0.60   led   8/106 h0.24 b0.88 lvl-0.54 d0.24   MATCH a big bag (cos -0.149, nearer by 2.12)
background: after 30 frames (frozen, room spread), this room reads  a small bag -0.148 +-0.0062 (COCO -0.142 +-0.0317)  a big bag -0.145 +-0.0038 (COCO -0.133 +-0.0262)
frame   400 :  a big bag +0.00  a small bag -0.19   led   7/112 h0.23 b0.89 lvl-0.09 d0.23   MATCH a big bag (cos -0.142, nearer by 2.23)
frame   401 :  a big bag -0.33  a small bag -0.34   led  10/ 98 h0.26 b0.87 lvl-0.33 d0.26   MATCH a big bag (cos -0.149, nearer by 1.97)
frame   402 :  a small bag -0.22  a big bag -0.35   led  11/ 88 h0.28 b0.86 lvl-0.29 d0.28   MATCH a big bag (cos -0.147, nearer by 1.77)
frame   403 :  a small bag -0.42  a big bag -0.67   led  13/ 80 h0.30 b0.85 lvl-0.55 d0.30   MATCH a big bag (cos -0.150, nearer by 1.60)
frame   404 :  a small bag -0.61  a big bag -0.78   led  12/ 86 h0.29 b0.86 lvl-0.70 d0.29   MATCH a big bag (cos -0.149, nearer by 1.72)
frame   405 :  a small bag -0.74  a big bag -0.84   led  11/ 90 h0.28 b0.86 lvl-0.79 d0.28   MATCH a big bag (cos -0.149, nearer by 1.82)
frame   406 :  a small bag -0.78  a big bag -0.97   led  12/ 84 h0.29 b0.85 lvl-0.88 d0.29   MATCH a big bag (cos -0.150, nearer by 1.69)
frame   407 :  a small bag -0.74  a big bag -0.94   led  12/ 83 h0.29 b0.85 lvl-0.84 d0.29   MATCH a big bag (cos -0.149, nearer by 1.67)
frame   408 :  a small bag -0.62  a big bag -0.80   led  12/ 85 h0.29 b0.85 lvl-0.71 d0.29   MATCH a big bag (cos -0.147, nearer by 1.70)
frame   409 :  a small bag -0.89  a big bag -1.26   led  14/ 73 h0.32 b0.84 lvl-1.08 d0.32   MATCH a big bag (cos -0.153, nearer by 1.44)
frame   410 :  a small bag -1.17  a big bag -1.49   led  14/ 76 h0.32 b0.84 lvl-1.33 d0.32   MATCH a big bag (cos -0.153, nearer by 1.49)
frame   411 :  a small bag -0.86  a big bag -1.22   led  14/ 73 h0.32 b0.84 lvl-1.04 d0.32   MATCH a big bag (cos -0.148, nearer by 1.43)
frame   412 :  a small bag -0.70  a big bag -1.13   led  15/ 70 h0.33 b0.83 lvl-0.92 d0.33   MATCH a big bag (cos -0.149, nearer by 1.35)
frame   413 :  a small bag -0.71  a big bag -1.08   led  15/ 73 h0.32 b0.84 lvl-0.90 d0.32   MATCH a big bag (cos -0.149, nearer by 1.43)
frame   414 :  a small bag -0.65  a big bag -1.12   led  16/ 67 h0.34 b0.83 lvl-0.89 d0.34   MATCH a big bag (cos -0.150, nearer by 1.29)
frame   415 :  a small bag -0.55  a big bag -0.73   led  12/ 85 h0.29 b0.85 lvl-0.64 d0.29   MATCH a big bag (cos -0.145, nearer by 1.70)
frame   416 :  a small bag -0.77  a big bag -1.05   led  13/ 79 h0.31 b0.85 lvl-0.91 d0.31   MATCH a big bag (cos -0.151, nearer by 1.57)
frame   417 :  a small bag -0.53  a big bag -0.91   led  15/ 72 h0.33 b0.84 lvl-0.72 d0.33   MATCH a big bag (cos -0.148, nearer by 1.42)
frame   418 :  a small bag -0.88  a big bag -1.44   led  17/ 63 h0.36 b0.82 lvl-1.16 d0.36   MATCH a big bag (cos -0.154, nearer by 1.16)
frame   419 :  a small bag -0.71  a big bag -1.17   led  16/ 68 h0.34 b0.83 lvl-0.94 d0.34   MATCH a big bag (cos -0.148, nearer by 1.31)
frame   420 :  a small bag -0.39  a big bag -0.60   led  12/ 83 h0.30 b0.85 lvl-0.49 d0.30   MATCH a big bag (cos -0.144, nearer by 1.65)
frame   421 :  a small bag -0.09  a big bag -0.28   led  12/ 84 h0.29 b0.85 lvl-0.19 d0.29   MATCH a big bag (cos -0.144, nearer by 1.69)
frame   422 :  a small bag -0.11  a big bag -0.29   led  12/ 85 h0.29 b0.85 lvl-0.20 d0.29   MATCH a big bag (cos -0.146, nearer by 1.70)
frame   423 :  a small bag -0.10  a big bag -0.30   led  12/ 84 h0.29 b0.85 lvl-0.20 d0.29   MATCH a big bag (cos -0.146, nearer by 1.68)
frame   424 :  a small bag -0.23  a big bag -0.43   led  12/ 84 h0.29 b0.85 lvl-0.33 d0.29   MATCH a big bag (cos -0.148, nearer by 1.68)
frame   425 :  a small bag -0.42  a big bag -0.68   led  13/ 80 h0.30 b0.85 lvl-0.55 d0.30   MATCH a big bag (cos -0.150, nearer by 1.59)
frame   426 :  a small bag -0.70  a big bag -1.05   led  14/ 74 h0.32 b0.84 lvl-0.87 d0.32   MATCH a big bag (cos -0.152, nearer by 1.46)
frame   427 :  a small bag -0.62  a big bag -0.92   led  14/ 77 h0.31 b0.84 lvl-0.77 d0.31   MATCH a big bag (cos -0.148, nearer by 1.53)
frame   428 :  a small bag -0.80  a big bag -0.87   led  11/ 92 h0.27 b0.86 lvl-0.84 d0.27   MATCH a big bag (cos -0.148, nearer by 1.86)
frame   429 :  a small bag -1.02  a big bag -1.04   led  10/ 96 h0.26 b0.87 lvl-1.03 d0.26   MATCH a big bag (cos -0.150, nearer by 1.93)
frame   430 :  a big bag -0.86  a small bag -1.03   led   8/110 h0.23 b0.89 lvl-0.95 d0.23   MATCH a big bag (cos -0.147, nearer by 2.20)
frame   431 :  a small bag -1.32  a big bag -1.38   led  10/ 92 h0.27 b0.86 lvl-1.35 d0.27   MATCH a big bag (cos -0.154, nearer by 1.86)
frame   432 :  a small bag +0.82  a big bag +0.30   led  17/ 65 h0.35 b0.83 lvl+0.56 d0.35   MATCH a big bag (cos -0.132, nearer by 1.22)
frame   433 :  a small bag +4.48*  a big bag +2.40*   led  56/ 19 h0.62 b0.81 lvl+3.44 d0.38   MATCH a small bag (cos -0.078, nearer by 0.98)
frame   434 :  a small bag +5.17*  a big bag +2.38*   led  99/  9 h0.74 b0.87 lvl+3.77 d0.26   MATCH a small bag (cos -0.108, nearer by 1.99)
frame   435 :  a small bag +6.12*  a big bag +2.50*   led 173/  2 h0.89 b0.94 lvl+4.31 d0.11   MATCH a small bag (cos -0.099, nearer by 3.16)
frame   436 :  a small bag +6.05*  a big bag +2.76*   led 140/  4 h0.83 b0.92 lvl+4.40 d0.17   MATCH a small bag (cos -0.111, nearer by 2.70)
frame   437 :  a small bag +4.84*  a big bag +2.21*   led  88/ 11 h0.72 b0.86 lvl+3.52 d0.28   MATCH a small bag (cos -0.132, nearer by 1.77)
frame   438 :  a small bag +3.58*  a big bag +1.23*   led  70/ 15 h0.67 b0.83 lvl+2.41 d0.33   MATCH a small bag (cos -0.140, nearer by 1.37)
frame   439 :  a small bag +2.71*  a big bag +0.47   led  65/ 17 h0.65 b0.82 lvl+1.59 d0.35   MATCH a small bag (cos -0.141, nearer by 1.22)
frame   440 :  a small bag +2.06*  a big bag -0.07   led  59/ 18 h0.63 b0.81 lvl+0.99 d0.37   MATCH a small bag (cos -0.143, nearer by 1.05)
frame   441 :  a small bag +1.13  a big bag -0.91   led  55/ 20 h0.61 b0.81 lvl+0.11 d0.39   MATCH a small bag (cos -0.151, nearer by 0.93)
frame   442 :  a small bag +0.46  a big bag -1.83   led  67/ 16 h0.66 b0.83 lvl-0.69 d0.34   MATCH a small bag (cos -0.153, nearer by 1.28)
frame   443 :  a small bag +0.06  a big bag -2.08   led  59/ 18 h0.63 b0.82 lvl-1.01 d0.37   MATCH a small bag (cos -0.152, nearer by 1.06)
frame   444 :  a small bag +0.25  a big bag -1.69   led  50/ 21 h0.60 b0.80 lvl-0.72 d0.40   MATCH a small bag (cos -0.144, nearer by 0.80)
frame   445 :  a small bag -0.48  a big bag -2.54   led  56/ 19 h0.62 b0.81 lvl-1.51 d0.38   MATCH a small bag (cos -0.159, nearer by 0.96)
frame   446 :  a small bag -0.53  a big bag -2.79   led  65/ 16 h0.65 b0.83 lvl-1.66 d0.35   MATCH a small bag (cos -0.152, nearer by 1.23)
frame   447 :  a small bag -0.08  a big bag -2.10   led  53/ 20 h0.61 b0.81 lvl-1.09 d0.39   MATCH a small bag (cos -0.143, nearer by 0.90)
frame   448 :  a small bag +0.06  a big bag -1.83   led  48/ 22 h0.59 b0.79 lvl-0.89 d0.41   MATCH a small bag (cos -0.146, nearer by 0.71)
frame   449 :  a small bag +0.01  a big bag -1.83   led  46/ 23 h0.58 b0.79 lvl-0.91 d0.42   MATCH a small bag (cos -0.148, nearer by 0.65)
frame   450 :  a small bag -0.22  a big bag -2.14   led  49/ 21 h0.59 b0.80 lvl-1.18 d0.41   MATCH a small bag (cos -0.152, nearer by 0.77)
frame   451 :  a small bag -0.10  a big bag -1.83   led  42/ 24 h0.56 b0.78 lvl-0.96 d0.44   MATCH a small bag (cos -0.147, nearer by 0.51)
frame   452 :  a small bag -0.20  a big bag -2.25   led  55/ 20 h0.61 b0.81 lvl-1.23 d0.39   MATCH a small bag (cos -0.150, nearer by 0.93)
frame   453 :  a small bag -0.02  a big bag -1.87   led  46/ 22 h0.58 b0.79 lvl-0.95 d0.42   MATCH a small bag (cos -0.146, nearer by 0.66)
frame   454 :  a small bag +0.09  a big bag -1.87   led  51/ 21 h0.60 b0.80 lvl-0.89 d0.40   MATCH a small bag (cos -0.146, nearer by 0.82)
frame   455 :  a small bag -0.27  a big bag -2.24   led  52/ 21 h0.60 b0.80 lvl-1.25 d0.40   MATCH a small bag (cos -0.154, nearer by 0.84)
frame   456 :  a small bag -0.16  a big bag -2.18   led  54/ 20 h0.61 b0.81 lvl-1.17 d0.39   MATCH a small bag (cos -0.148, nearer by 0.90)
frame   457 :  a small bag -0.28  a big bag -2.14   led  46/ 22 h0.58 b0.79 lvl-1.21 d0.42   MATCH a small bag (cos -0.151, nearer by 0.67)
frame   458 :  a small bag -0.68  a big bag -2.77   led  57/ 19 h0.62 b0.81 lvl-1.72 d0.38   MATCH a small bag (cos -0.157, nearer by 1.01)
frame   459 :  a small bag -0.88  a big bag -3.19   led  68/ 16 h0.66 b0.83 lvl-2.04 d0.34   MATCH a small bag (cos -0.156, nearer by 1.31)
frame   460 :  a small bag -0.33  a big bag -2.50   led  61/ 18 h0.64 b0.82 lvl-1.42 d0.36   MATCH a small bag (cos -0.144, nearer by 1.12)
frame   461 :  a small bag -0.43  a big bag -2.61   led  61/ 17 h0.64 b0.82 lvl-1.52 d0.36   MATCH a small bag (cos -0.152, nearer by 1.13)
frame   462 :  a small bag -0.59  a big bag -2.63   led  54/ 20 h0.61 b0.81 lvl-1.61 d0.39   MATCH a small bag (cos -0.153, nearer by 0.93)
frame   463 :  a small bag -0.52  a big bag -2.64   led  59/ 18 h0.63 b0.81 lvl-1.58 d0.37   MATCH a small bag (cos -0.150, nearer by 1.05)
frame   464 :  a small bag -0.47  a big bag -2.52   led  55/ 19 h0.62 b0.81 lvl-1.49 d0.38   MATCH a small bag (cos -0.150, nearer by 0.94)
frame   465 :  a small bag -0.74  a big bag -2.87   led  59/ 18 h0.63 b0.82 lvl-1.80 d0.37   MATCH a small bag (cos -0.155, nearer by 1.07)
frame   466 :  a small bag -0.38  a big bag -2.36   led  52/ 20 h0.60 b0.80 lvl-1.37 d0.40   MATCH a small bag (cos -0.146, nearer by 0.84)
frame   467 :  a small bag -0.91  a big bag -2.91   led  53/ 20 h0.61 b0.80 lvl-1.91 d0.39   MATCH a small bag (cos -0.159, nearer by 0.88)
frame   468 :  a small bag -0.27  a big bag -2.15   led  48/ 22 h0.59 b0.79 lvl-1.21 d0.41   MATCH a small bag (cos -0.142, nearer by 0.71)
frame   469 :  a small bag +0.88  a big bag -1.73   led  86/ 12 h0.71 b0.86 lvl-0.43 d0.29   MATCH a small bag (cos -0.129, nearer by 1.74)
frame   470 :  a small bag +2.47*  a big bag -0.75   led 134/  5 h0.82 b0.91 lvl+0.86 d0.18   MATCH a small bag (cos -0.114, nearer by 2.61)
frame   471 :  a small bag +4.31*  a big bag -0.86   led 213/  0 h1.00 b0.92 lvl+1.73 d0.16   MATCH a small bag (cos -0.100, nearer by 4.06)
frame   472 :  a small bag +3.20*  a big bag -0.33   led 164/  2 h0.87 b0.94 lvl+1.43 d0.13   MATCH a small bag (cos -0.141, nearer by 3.04)
frame   473 :  a small bag +1.78*  a big bag -0.03   led  44/ 23 h0.57 b0.79 lvl+0.88 d0.43   MATCH a small bag (cos -0.153, nearer by 0.60)
frame   474 :  a small bag +0.10  a big bag -0.59   led  19/ 56 h0.38 b0.81 lvl-0.24 d0.38   MATCH a big bag (cos -0.151, nearer by 0.99)
frame   475 :  a small bag -0.99  a big bag -1.15   led  12/ 86 h0.29 b0.86 lvl-1.07 d0.29   MATCH a big bag (cos -0.154, nearer by 1.73)
frame   476 :  a small bag -0.96  a big bag -1.05   led  11/ 91 h0.28 b0.86 lvl-1.00 d0.28   MATCH a big bag (cos -0.149, nearer by 1.83)
frame   477 :  a big bag +1.31*  a small bag +1.05   led   7/117 h0.21 b0.89 lvl+1.18 d0.21   MATCH a big bag (cos -0.124, nearer by 2.32)
frame   478 :  a big bag +2.62*  a small bag +1.85*   led   2/165 h0.12 b0.94 lvl+2.24 d0.12   MATCH a big bag (cos -0.126, nearer by 3.05)
frame   479 :  a big bag +3.82*  a small bag +3.31*   led   4/139 h0.17 b0.91 lvl+3.57 d0.17   MATCH a big bag (cos -0.123, nearer by 2.68)
frame   480 :  a big bag +6.95*  a small bag +6.84*   led   8/105 h0.24 b0.88 lvl+6.90 d0.24   MATCH a big bag (cos -0.097, nearer by 2.12)
frame   481 :  a big bag +6.97*  a small bag +5.76*   led   0/216 h0.05 b0.98 lvl+6.36 d0.05   MATCH a big bag (cos -0.119, nearer by 3.66)
frame   482 :  a big bag +6.49*  a small bag +4.43*   led   0/228 h0.00 b0.95 lvl+5.46 d0.10   MATCH a big bag (cos -0.124, nearer by 4.06)
frame   483 :  a big bag +5.59*  a small bag +4.36*   led   0/219 h0.05 b0.98 lvl+4.98 d0.05   MATCH a big bag (cos -0.130, nearer by 3.69)
frame   484 :  a big bag +4.28*  a small bag +2.90*   led   0/238 h0.02 b0.99 lvl+3.59 d0.02   MATCH a big bag (cos -0.138, nearer by 3.90)
frame   485 :  a big bag +1.54*  a small bag +0.75   led   2/167 h0.12 b0.94 lvl+1.15 d0.12   MATCH a big bag (cos -0.159, nearer by 3.07)
frame   486 :  a big bag +1.46*  a small bag +0.25   led   0/216 h0.05 b0.98 lvl+0.86 d0.05   MATCH a big bag (cos -0.140, nearer by 3.66)
frame   487 :  a big bag +1.92*  a small bag +0.15   led   0/242 h0.00 b0.98 lvl+1.03 d0.05   MATCH a big bag (cos -0.135, nearer by 4.06)
frame   488 :  a big bag +2.68*  a small bag +0.55   led   0/225 h0.00 b0.94 lvl+1.62 d0.11   MATCH a big bag (cos -0.130, nearer by 4.06)
frame   489 :  a big bag +3.48*  a small bag +0.84   led   0/202 h0.00 b0.90 lvl+2.16 d0.20   MATCH a big bag (cos -0.127, nearer by 4.06)
frame   490 :  a big bag +2.92*  a small bag +0.36   led   0/206 h0.00 b0.91 lvl+1.64 d0.19   MATCH a big bag (cos -0.138, nearer by 4.06)
frame   491 :  a big bag +3.70*  a small bag +0.87   led   0/194 h0.00 b0.88 lvl+2.28 d0.23   MATCH a big bag (cos -0.126, nearer by 4.06)
frame   492 :  a big bag +3.84*  a small bag +0.64   led   0/179 h0.00 b0.85 lvl+2.24 d0.30   MATCH a big bag (cos -0.130, nearer by 4.06)
frame   493 :  a big bag +4.67*  a small bag +1.42*   led   0/177 h0.00 b0.85 lvl+3.04 d0.31   MATCH a big bag (cos -0.122, nearer by 4.06)
frame   494 :  a big bag +4.43*  a small bag +1.23   led   0/179 h0.00 b0.85 lvl+2.83 d0.30   MATCH a big bag (cos -0.130, nearer by 4.06)
frame   495 :  a big bag +4.39*  a small bag +0.93   led   0/169 h0.00 b0.83 lvl+2.66 d0.34   MATCH a big bag (cos -0.129, nearer by 4.06)
frame   496 :  a big bag +4.02*  a small bag +0.79   led   0/178 h0.00 b0.85 lvl+2.41 d0.30   MATCH a big bag (cos -0.133, nearer by 4.06)
frame   497 :  a big bag +3.93*  a small bag +0.91   led   0/186 h0.00 b0.87 lvl+2.42 d0.27   MATCH a big bag (cos -0.131, nearer by 4.06)
frame   498 :  a big bag +4.33*  a small bag +1.01   led   0/175 h0.00 b0.84 lvl+2.67 d0.32   MATCH a big bag (cos -0.126, nearer by 4.06)
frame   499 :  a big bag +3.96*  a small bag +0.83   led   0/182 h0.00 b0.86 lvl+2.40 d0.29   MATCH a big bag (cos -0.133, nearer by 4.06)
background: after 30 frames (frozen, room spread), this room reads  a small bag -0.148 +-0.0062 (COCO -0.142 +-0.0317)  a big bag -0.145 +-0.0038 (COCO -0.133 +-0.0262)
frame   500 :  a big bag +4.34*  a small bag +1.24*   led   0/183 h0.00 b0.86 lvl+2.79 d0.28   MATCH a big bag (cos -0.126, nearer by 4.06)
frame   501 :  a big bag +3.47*  a small bag +0.75   led   0/199 h0.00 b0.89 lvl+2.11 d0.21   MATCH a big bag (cos -0.138, nearer by 4.06)
frame   502 :  a big bag +4.09*  a small bag +1.13   led   0/189 h0.00 b0.87 lvl+2.61 d0.26   MATCH a big bag (cos -0.126, nearer by 4.06)
frame   503 :  a big bag +4.17*  a small bag +0.97   led   0/179 h0.00 b0.85 lvl+2.57 d0.30   MATCH a big bag (cos -0.129, nearer by 4.06)
frame   504 :  a big bag +3.60*  a small bag +0.51   led   0/184 h0.00 b0.86 lvl+2.05 d0.28   MATCH a big bag (cos -0.136, nearer by 4.06)
frame   505 :  a big bag +3.36*  a small bag +0.49   led   0/193 h0.00 b0.88 lvl+1.92 d0.24   MATCH a big bag (cos -0.134, nearer by 4.06)
frame   506 :  a big bag +3.54*  a small bag +0.45   led   0/183 h0.00 b0.86 lvl+2.00 d0.28   MATCH a big bag (cos -0.131, nearer by 4.06)
frame   507 :  a big bag +4.02*  a small bag +0.72   led   0/175 h0.00 b0.84 lvl+2.37 d0.32   MATCH a big bag (cos -0.127, nearer by 4.06)
frame   508 :  a big bag +1.78*  a small bag -0.73   led   0/208 h0.00 b0.91 lvl+0.52 d0.18   MATCH a big bag (cos -0.154, nearer by 4.06)
frame   509 :  a big bag +2.02*  a small bag -0.36   led   0/214 h0.00 b0.92 lvl+0.83 d0.15   MATCH a big bag (cos -0.136, nearer by 4.06)
frame   510 :  a big bag +2.53*  a small bag -0.59   led   0/182 h0.00 b0.86 lvl+0.97 d0.28   MATCH a big bag (cos -0.132, nearer by 4.06)
frame   511 :  a big bag +3.97*  a small bag +3.15*   led   2/170 h0.12 b0.94 lvl+3.56 d0.12   MATCH a big bag (cos -0.120, nearer by 3.11)
frame   512 :  a big bag +2.23*  a small bag +1.85*   led   5/127 h0.19 b0.90 lvl+2.04 d0.19   MATCH a big bag (cos -0.149, nearer by 2.49)
frame   513 :  a big bag +0.55  a small bag +0.31   led   7/115 h0.22 b0.89 lvl+0.43 d0.22   MATCH a big bag (cos -0.155, nearer by 2.30)
frame   514 :  a big bag -0.01  a small bag -0.30   led   6/119 h0.21 b0.90 lvl-0.16 d0.21   MATCH a big bag (cos -0.149, nearer by 2.36)
frame   515 :  a big bag -0.00  a small bag -0.21   led   7/113 h0.22 b0.89 lvl-0.10 d0.22   MATCH a big bag (cos -0.145, nearer by 2.25)
frame   516 :  a big bag -0.22  a small bag -0.38   led   8/108 h0.23 b0.88 lvl-0.30 d0.23   MATCH a big bag (cos -0.148, nearer by 2.17)
frame   517 :  a big bag -0.16  a small bag -0.33   led   8/109 h0.23 b0.88 lvl-0.25 d0.23   MATCH a big bag (cos -0.145, nearer by 2.19)
frame   518 :  a big bag -0.51  a small bag -0.59   led   9/103 h0.24 b0.88 lvl-0.55 d0.24   MATCH a big bag (cos -0.150, nearer by 2.08)
frame   519 :  a small bag -0.64  a big bag -0.79   led  12/ 87 h0.29 b0.86 lvl-0.72 d0.29   MATCH a big bag (cos -0.150, nearer by 1.74)
frame   520 :  a small bag -0.17  a big bag -0.28   led  11/ 90 h0.28 b0.86 lvl-0.22 d0.28   MATCH a big bag (cos -0.143, nearer by 1.81)
frame   521 :  a small bag -0.44  a big bag -0.49   led  10/ 94 h0.27 b0.87 lvl-0.46 d0.27   MATCH a big bag (cos -0.149, nearer by 1.89)
frame   522 :  a small bag -0.54  a big bag -0.61   led  11/ 92 h0.27 b0.86 lvl-0.58 d0.27   MATCH a big bag (cos -0.148, nearer by 1.86)
frame   523 :  a small bag -0.57  a big bag -0.61   led  10/ 94 h0.27 b0.87 lvl-0.59 d0.27   MATCH a big bag (cos -0.148, nearer by 1.90)
frame   524 :  a small bag -0.46  a big bag -0.62   led  12/ 86 h0.29 b0.86 lvl-0.54 d0.29   MATCH a big bag (cos -0.148, nearer by 1.72)
frame   525 :  a small bag -0.39  a big bag -0.73   led  14/ 75 h0.32 b0.84 lvl-0.56 d0.32   MATCH a big bag (cos -0.149, nearer by 1.47)
frame   526 :  a small bag -0.66  a big bag -1.05   led  15/ 72 h0.33 b0.84 lvl-0.86 d0.33   MATCH a big bag (cos -0.152, nearer by 1.40)
frame   527 :  a small bag -0.55  a big bag -0.97   led  15/ 70 h0.33 b0.83 lvl-0.76 d0.33   MATCH a big bag (cos -0.148, nearer by 1.36)
frame   528 :  a small bag -0.25  a big bag -0.43   led  12/ 85 h0.29 b0.85 lvl-0.34 d0.29   MATCH a big bag (cos -0.143, nearer by 1.70)
frame   529 :  a small bag -0.59  a big bag -0.76   led  12/ 85 h0.29 b0.86 lvl-0.68 d0.29   MATCH a big bag (cos -0.151, nearer by 1.71)
frame   530 :  a small bag -0.96  a big bag -1.50   led  17/ 64 h0.35 b0.82 lvl-1.23 d0.35   MATCH a big bag (cos -0.156, nearer by 1.20)
frame   531 :  a small bag -0.72  a big bag -1.03   led  14/ 77 h0.31 b0.84 lvl-0.88 d0.31   MATCH a big bag (cos -0.146, nearer by 1.53)
frame   532 :  a small bag -0.70  a big bag -0.92   led  12/ 82 h0.30 b0.85 lvl-0.81 d0.30   MATCH a big bag (cos -0.148, nearer by 1.65)
frame   533 :  a small bag -0.58  a big bag -0.86   led  13/ 79 h0.31 b0.85 lvl-0.72 d0.31   MATCH a big bag (cos -0.148, nearer by 1.56)
frame   534 :  a small bag -0.86  a big bag -1.22   led  14/ 74 h0.32 b0.84 lvl-1.04 d0.32   MATCH a big bag (cos -0.152, nearer by 1.45)
frame   535 :  a small bag -0.97  a big bag -1.27   led  14/ 77 h0.31 b0.84 lvl-1.12 d0.31   MATCH a big bag (cos -0.150, nearer by 1.53)
frame   536 :  a small bag -0.74  a big bag -0.88   led  11/ 87 h0.28 b0.86 lvl-0.81 d0.28   MATCH a big bag (cos -0.146, nearer by 1.75)
frame   537 :  a small bag -0.72  a big bag -0.79   led  11/ 92 h0.27 b0.86 lvl-0.75 d0.27   MATCH a big bag (cos -0.148, nearer by 1.85)
frame   538 :  a small bag -0.73  a big bag -0.98   led  13/ 80 h0.30 b0.85 lvl-0.86 d0.30   MATCH a big bag (cos -0.150, nearer by 1.60)
frame   539 :  a small bag -0.51  a big bag -0.67   led  12/ 86 h0.29 b0.86 lvl-0.59 d0.29   MATCH a big bag (cos -0.146, nearer by 1.73)
frame   540 :  a small bag -0.33  a big bag -0.34   led  10/ 96 h0.26 b0.87 lvl-0.33 d0.26   MATCH a big bag (cos -0.144, nearer by 1.94)
frame   541 :  a small bag -0.65  a big bag -0.90   led  13/ 80 h0.30 b0.85 lvl-0.77 d0.30   MATCH a big bag (cos -0.153, nearer by 1.60)
frame   542 :  a small bag -0.62  a big bag -0.84   led  13/ 82 h0.30 b0.85 lvl-0.73 d0.30   MATCH a big bag (cos -0.148, nearer by 1.63)
frame   543 :  a small bag -0.31  a big bag -0.48   led  12/ 85 h0.29 b0.86 lvl-0.39 d0.29   MATCH a big bag (cos -0.145, nearer by 1.71)
frame   544 :  a big bag +0.05  a small bag -0.04   led   9/103 h0.24 b0.88 lvl+0.01 d0.24   MATCH a big bag (cos -0.141, nearer by 2.08)
frame   545 :  a big bag +0.14  a small bag +0.10   led   9/100 h0.25 b0.87 lvl+0.12 d0.25   MATCH a big bag (cos -0.144, nearer by 2.02)

stopped   : 546 frames, 546 good, capture overlapped with the compute, configuration C
            546 frames timed, 281 ms/frame mean (capture included)
            264 ms encode + 0 ms waiting for the sensor + 16 ms burst; 291 ms/frame by the clock
            373 ms shutter to LED, arming with 87 ms of compute left
            last frame mean RGB 131 125 129
            camera bus: worst gap 19 us against the 2000 us deadline (#12)
            usb: 0 outages, 0 ms off the bus, 0 re-attaches (#9)
