
=== M8a: Arducam Mega on the RP header ===

clock     : 150 MHz sys
pins      : mosi GPIO12, miso GPIO9, sck GPIO8, cs GPIO13
in_scale  : 0.00787401600  (from the blob, not hard-coded)
model in  : 128x128x3

-- question 1 and 2: is it wired, and how fast --
  bus        rate          id   verdict
  bit-bang     0.50 MHz   0x82   plausible
  pio          0.50 MHz   0x82   agrees with bit-bang
  pio          1.00 MHz   0x82   agrees with bit-bang
  pio          2.00 MHz   0x82   agrees with bit-bang
  pio          4.00 MHz   0x82   agrees with bit-bang
  pio          8.00 MHz   0x82   agrees with bit-bang
  pio         12.00 MHz   0x82   agrees with bit-bang
  pio         16.00 MHz   0x82   agrees with bit-bang

-- bring-up --
  sensor id : 0x82  (legacy table)
  firmware  : 2023-03-03, fpga rev 32

-- repeat-capture matrix: 128x128, 8 MHz, same scene throughout --
  #  recipe      crc32    first px  verdict
  0  as-was      0826d5f3 5c 8a     a picture 
  1  as-was      c80a8564 08 01     CONSTANT  
  2  no-rewrite  8aec3e30 64 8c     a picture 
  3  flush       c80a8564 08 01     CONSTANT  
  4  norw+flush  10de687a 64 8c     a picture 
  5  settle300   1cfecc34 7c cf     a picture 
  6  everything  ce04adab 7c 4f     a picture 

-- settle sweep (#27): how long untriggered before the sensor writes a frame --
  premise   : reset then 400 ms -> a picture;  then settle 0 with no register writes -> a picture
  scene     : mean RGB 116 149 119
  settle_ms  up      down   
  0          3/3     3/3
  25         3/3     3/3
  50         3/3     3/3
  75         3/3     3/3
  100        3/3     3/3
  125        3/3     3/3
  150        3/3     3/3
  200        3/3     3/3
  250        3/3     3/3
  300        3/3     3/3
  400        3/3     3/3
  -> settle 0 works 3/3 in both directions, so the fault #27 is about is NOT
     present this boot and there is nothing here to threshold. The matrix above
     says which state the camera is in instead.

  -- and against exposure: does the threshold move with EV? --
  EV   mean RGB           0    25    50   100   200   400   first ok
  0    119 158 124      3/3   3/3   3/3   3/3   3/3   3/3   0 ms
  1    117 154 122      3/3   3/3   3/3   3/3   3/3   3/3   0 ms
  3    117 155 121      3/3   3/3   3/3   3/3   3/3   3/3   0 ms

  -> Matches the recorded matrix exactly. Using recipe `vendor` below.

-- image controls: mean RGB after each, 128x128 @ 8 MHz --
  setting              reg    1st capture        2nd capture       
  (as begin left it)   0x25   120 154 124        123 152 126       
  auto-exposure on     0x30   123 153 128        126 151 131       
  auto-gain on         0x30   127 150 133        130 149 135       
  auto-WB on           0x30   108 160 109        103 155 104       
  WB mode office       0x26   137 138 155        136 138 156       
  WB mode home         0x26   106 134 202        101 128 198       
  WB mode auto         0x26   105 127 194        107 127 191       
  EV +1                0x25   109 126 189        117 132 192       
  EV +2                0x25   122 136 195        130 140 197       
  EV back to 0         0x25   135 144 200        132 140 193       
  brightness +1        0x22   146 151 202        144 147 197       
  brightness +2        0x22   157 157 205        158 157 203       
  brightness back      0x22   127 125 168        129 125 165       
  (no setting blanks its first capture - the fault is specific to the resolution register)

-- f128: 128x128 RGB565, resolution register 0x0b, bus 8.0 MHz, recipe vendor --
  fifo      : 32768 bytes, expected 32768  
  timing    : setup 0.0 ms, expose 69.4 ms, read 32.9 ms  (0.95 MB/s over the bus)
  first 16  : 83 d3 83 d3 8c 14 8c 14 8c 14 8c 14 8c 55 8c 54 
BEGIN f128 128 128 32768 0ac15280
g9OD04wUjBSMFIwUjFWMVIxUjFSMVIQThBOMFJRVlFWUVZRVlFWUlpyWlJWMVYxV
jFWUlZSWlJaUlpSWlJaUlpSWlJaUlpSVjFWMVYxVjJadGKUZrRmtWq1arVqtWq1a
rVqtWq1arVqtWq1apRmMVoRWlNidGZTYhFeMl6UZrVqc2JzZnRqU2ZSYlJic2aUa
pRqlGqUarRqlGqUapRqdGp0ZjJec2Z0ZnRmdGYRWfBaU2IzYfBaMl4zYfFZjk2OT
fFWElpSXlNiU2JTYfJZjk1tRfFaMmIyXhFdr1ErQQxBLEErQa5OEVoRWhFZ8FUsQ
Qs8yTTJNSxF0FHwVfBV8FYPTg9OMFIwUjBSMFIxUjFSMVYxVjBSD1IPTjBSUVZRV
lFWUVZRVlFaclpRWlFWMVZRWlFWUVZyWlJaUlpSWlJaUlpSWlJaUVpRWjFWMVZSW
pRilGa1ZrVqtWrVbrVqtWq1arVqtWq1arVqtWq1apRmtGq0brRqtGq0arRqtWq1b
rVqtWq1arVqtWq1arVqtWq1arVqtWq1arVmtWqVapRqlGqUapRqlGqUapRqk2ZzZ
nRmdGZzYnNmc2ZzZlNiU2JTYlNiU2JTYlJiU2JTYjJeEVoyXjJeMl4yXhJd0FWvU
Y5Nj1HwVhFaEVoRWhFZ0FWOTW5NjlHQVfFV8FXwVfBWD04PTjBSMFIwUjBSMVIxU
lFWMVYwUjBSEE4wUlFWUVZRVlFWUVZSWlJaUloxVjFWMVoyVlJaUlpSWlJaUlpSW
lJaUloyVjFaUVoxWjFWUl6UZrRqtGq0arVqtWq1arVq1WrVatVq1WrVarVutW61a
rVqtWq1arVqtGq1arVqtWq1arVqlGq0arVqtWq1arVqtWq1arVqtGq0ZrRqtGq0b
rRqlGq0apRqlGqUapRmlGaUZnRmdGZ0ZnRmc2ZzZnNmc2ZzZlNiU2JTYlNiU2IzX
lJiMmIyYjJiMl4yXjJeMloRWhFaEVoRWhFaEVoRWhBaEVnwVhBWEFYQVhBWEFXwV
g9OD04wUjBSMFIwUjFSMVJRVlFSMVIQUhBSEFJRVlFWUVZRVlFWclpyWlJWMVYxV
jFWMVZSWlJaUlpSWlJaUlpSWlJaUlpRWlFWMVYxVnJek2K0ZrRqtGq0atVq1WrVa
tVq1WrVatVqtWq1apVqdGZ0ZnRmdGZzYnNmdGaVapRqlGqUanNmU2KUZpRmlGq0a
rRqtGq0anNmU2KUZrRqlGq0arRqlGqUapNmk2KUZpRmlGaUZpRmU2ZTYnNmc2ZTZ
lNiU2JTYlNiU2IzXlNiMmIyXjJeMl4yYjJiMl4yXhJeMV4xXjFeMV4RXhBaEVoRW
hFZ8VoQWhBaEFYQVhBV8FYPSg9KMFIwUjBSMFIxUjFSUVZRVjFSEFIPTjBSUVZRV
lFWUVZSWnJaclpyWlFWMVYxVlJaUlpSXlJaUlpSWlJaUlpSWjFaUVpRWlFaUVpyX
pRmtGa0arVqtWq1arVq1WrVatVu1W7VatVutWYyXfFV8FXwVfFV0FHwUjJadGZTX
hJeElmvUa9SEloSWlJelGqUapRqdGYRWfBWc2KUZpRqlGq0arRqtGZSXhBWUl5zZ
pRmlGZ0ZjJd0FYyXjJd8VnxWfFaMmJTYlJiEVoSWhJd8VnxWfFaEl4yYjJiMl4SX
hFaEVoRWhFaEVoRWhBaEVoRWfFaEFoQWfBV8FXwVfBWD04PTjBSMFIwUjFSMVIxU
lFSUVYwUhBSEFIwUlFWUVZRVlFWUlZSWnJaUloxVjFWMVZRVlFWUlpyWlFaUlpSW
lJaUVpRWlFaUVZRVlFWkl60ZrRqtGq1atVq1WrVatVq1W7VbtVu1Wq1apRl0FVtT
W5Nj1GwVUxFblIRXlRlr1GOUS1JDEEtSW5RjlHPVnRmU2IyXhJdrk2NShJeMl5SY
pRqtGqUapRmUlnvUfBSc2KUZpRmUmGOTSxFkFWwVSxFTUksRfFWM2HxWU1FsFWQU
SxBTUlNRdBSMl4yXjJeEVnPVY5Njk3PUfFWEVoRWhFaEVXwVdBR0FHQUfBR8FHwV
g9OD04vUjBSMFIwUjBSMVZRVlFWMVYwUhBSMVIxVlFWUVZRWlJaUlpyWnJaUVYxV
lFWUVpSWlJaUlpSWlJaUlpSWlJaUlpRVlFWUVZRWnNitGa1arVq1WrVatVq1WrVa
tVq1WrWatVqtWqUaa9Rbk1OTU5Nb01NSW5N8VpUZdBVkFUMRQxJLU1uUfBaEl50Z
dBRjk2vVU1FLEGPUY5Nj05zZpRmdGZzYlJeUl4yXlJiU2JzZjJdLUTrQS1JcFEMR
ZBVC0WvUhNdr1DrPQ1JDUjKPMo860FMRfFaMl3xWU5I6jypOOo9Cz2OSfFV8VXQU
Y9NbUkrQQo9CkFMRa9R8FXvTg9OMFIxUjFSMVIxUjFWUVZRVjFWEFIQUjBSUVZSV
lJWUlZSWlJac1pSWlFWMVZRWlFaUVpSWlJaUlpSVlJaUlpSWlFWUVZRVlFWUVaTY
rRmtWrVatVq1WrVatVq1WrVatVq1WrVatVqlWmPUU5JLU0uTS1JT1FOTfFadGYRW
Y9RDUktSQxJr1ZTYnRqdGmuUa9WEmGOUW5R8mGvVY5OdGZ0ZjFaEVnvUnNidGHwU
hFWVGJTYW5QyT0tSW9Q60FOTOtBr1IzZfFY60EMSQxIy0SqQOtBTUnQWfFdjlELQ
SxEqTlOTU1I6j2PUdBVLETKOOo9C0EsRStEyTkKPc9SD04PTjBOMVIxUjFSMVIxV
lFWUVYxVjBSMFIwUlFWUVZRVlFWUlpSWlJaUloxVjFWUVpRWlJaUlpSXlJaUlpSW
lJaUlpRWlFaUVpRVnJak2K0ZrVqtWq1atVq1WrWatVq1WrVatVutW7VbpRpblEMS
OxJT1EtSW9RTU4RWnRl8FmPVU5RDEkMSdBWUmJ0ZnRlrlGvVfFdbU1uUfJdr1GOT
lRiM2GOTdBVz050YpVl8VWOSjJeEl0tSKk8y0UNSMtBTlDrQY9SE2GwWMpAykCqP
Kk8qTypOQxFsFXRWOpBbk1vTMo5sVXRVQs9LEGwVSxFTEWPUdBV0FXQVW1IpzVtT
e9OD04wTjFSMVIxUjFWMVZRVlFWMVIwUhBSMFJRVlFWUVZRVlJaUlpyWnJaUVpRV
lFaUVpSWlJaUlpSWlJaUlpSWlFaUVoxVlFWUVZxWpNitGa1atVq1WrVatVq1Wr1a
tVq1WrVbtVu1W50aU5M7ETsSU9VLU1vVU5OEl5VZfFVb00tSU5NLUkuRa9SM151Z
dBRr1HQUWxFLEGwUY5Nr1JUZfFZjU4RWa5KU2KUZlJdrknxWfJZDUiqQOxJDEjrR
W9Q7EGPUhNhj1DKPKo8ykCqPKpAqTzKQY9VsFTqPbBVbkzqPdFZ8llMRQo90FXQV
fBWEFYQWhBV8FWPTMg1TEnvSg9OMFIwUjBSMVIxVjFWUVZRVjFSMFIQTjBSUVZSV
lJWclZSWlJaclpyWlFWMFoxWlJaUlpSWnJaUlpSWlJaUlpRVlFWUVYxVlFWclqzY
rRmtGrVatVq1WrWatVq1WrVatVq1W7VbrVuU2VOTQxJDE1wWU1NblFOSjNidGnxW
UxFTk2QVW9RLEWPUlNilWpSYlJiUmGuUa9SM14yXjJedGYRWhFaMl2uTjNedGJSX
hBWEl4SXS1IykEMSU5Qyj0tSOtBjlITYY9QykCqQKpAqTyqQKk8yj2wWdBVCj2vU
StBLEXxWfFZTEUKPfBWEVoRWhFaEVoQVfBVjkzHNUxGD04PTjBSMVIxUjFSMVIxV
lFWUVYwVjBSEFIwUlFWUVpRVlFaUlpyWnJaclpRVlFWUVZRWlJaUlpyWlJaUlpSW
lFaUVpRWlFWUVZRVnJek2a0arVq1W7VatVu1W7VbtVu1W7VbtVu1W61bjJhj1FtT
W1N0FmPUdBVr1JTZpVuU2WOTbBV0lnQWY5OMl60atVutWq1apRl71YQWpRqlGqUa
pRqc2ZzZlJhrU3xVhFVr04yXnRmEl0tSOtFLU1OTOtFkFUsSW5OE2GPUOtEy0DLR
KpAqkCpPOpB0FnxXStFK0TpPW5N0VnQVQo9TEXxWhFaEVnwVc9Rr1FuTQs8qDWOT
g9OD04wTjBSMFIxUjFSMVJRVlFWMFIwThBOME5RVlFaUVpSWlJaUlpyXnJaUVZRV
lFWcVpSWnJaclpyWlJaUlpSWlFaUVZRVlFWUVaSXrRmtWq1arVq1WrVatVq1WrVb
tVu1W7VbtVutW5SYhFd8FYQVhFWEVpTYjFac2K1anRh8FYRWhFaEVnwVnNitWq1a
rVqtWq1ajFaUl60arVqtWq1arRqlGpzZc9Rz03PTc9OU150ZjJd0FVOTbBVbk0MR
W9RTEVtSfJd0VltUU1NblDrRMpAqjzKPW1N8l2PUQo9C0HQVa9RS0EJPa9SEVoRW
hFZz1ErQQo8yjjqOU1J0FXvSg9OMFIwUjBSMFIwUjFWUlYxVjBSEFIQUjBWUVpRV
lJaUlpSWnJaclpyWlFWUVZSVlFWUlpSXnJaclZSVlJWUlZRVlFWUVZRVnFWk160Y
rVq1WrVatVq1WrVatVq1WrVatVu1W7VbtVulGqUapNmlGp0ZpRqtW6UarRq1W60a
nNmlGqUapRmlGa1atVq1WrVbtVu1WqUZpRmtWq1arVqtWqVarVqlGpzYjJiMl5TY
pRmlGaUZlNiEVoyXhFZ8FXQVdBV0FYTXjNh8FnQVfFdsFVuTW5NLEVuThJeEl3QV
dBV8V2vUStFjlIQWhFaEVoQWc9RLEUMRS1Jb1HQVfBV70oPTjBSMFIwUjBSMVYxV
lFWUVZQUjBSMFIxUlFWUVZSVlJWUlpyWnJaclpRVlFWUVZSWlJaUlpSWlJWUlZSV
lJWUVZRVlFWUVZxVpNetGbVZtVq1WrVavVq1WrVatVq1W7VbtVu1W7VbtVu1W7Vb
tVu1W7VbvVu1W7VbtVu1W7VbtVu1W7VbtVu1W7VbtVu1W7VbtVutWq1arVqtWq1a
rVqlWq1arRqtGqUZpRmlGaUZpRmk2Z0ZnRmdGZTZnNmc2JTYlNiU2JTYjJiMl4yY
jJiEV4SYfFaEVoyXjJeMloyXjJeEFoQVhFaMVoRWhFaEVnwVdBV0FXQVfFV8FXwV
e9OD04wUjFSMVIxUjFSMVZRVlFWMFIwUi9OMFJRVlFWUlZSVlJaclpyWnJeUVZRV
lFWUVpSWlJaUlpSWlJaUVpRWlFaUVoxVlFWcVqTYrRmtWrVatVu1Wr1btVu1W7Vb
tVu1W7WbtVq1W7VbtZu1W7VbtVu1W7VbtVu1W7VbtVu1W7VbtVu1W61btVu1W7Vb
tVu1G7VbtVq1WrVarVqtWq1arVqtWqUarRqtGa0ZrRmlGaUZpRmlGZ0ZpRmlGZ0Y
nRidGJTYnNic2JzYlJiU2JTYlNeUmJSYjJeMl4yXjJeMl4yXjJeMl4xXhFeEV4RW
hFaEVoRWhFWEVYQVfBV8FXvSg9OMFIwUjBSMVIxUlFWUVZRVjBWMFIwUjBSUVZSV
lJWUlZSVnJac1pyWlFWUVZRVlJaUlpSWnJeUlpRWlFaUVpRWlFaMVZRVnJak160Z
rVq1WrVatVq1W7VbtVu1W7VbtVu1W7WbtZu1m7WbtZu1m7WbtVu1W7VbtVu1W7Vb
tVu1W7VbtVu1W7VbtVu1W7VbrVu1W7VbtVq1WrVatVqtWq1arVqtWq0arRqtGq0a
pRmlGaUZpRmlGaUYpRmlGZ0ZnNmc2JzYnNic2JyYlNiU2JTYlJeUmJSYlJiUl4yX
jJeMl4yXjFaMV4xXhFaEVoQWhFWEVYRVhFWEFYQVfBV704PThBSMVIwUjBSUVZRV
lFWUVZRUjBSME4wUlFWcVZRVlJaUlpyWnJaclpRVlFWUVZSVlJaUlpSWlJaUVZRV
lFaUVZRVjFWUVZSWpNitGa1ZtVq1WrVatVq1WrVatVq1WrVatVu1m7WbtZu1m7Wb
tZu1m7WbtZu1m7VbtVu1W7VbtVu1W7VatVq1W7VbtVq1W61arVq1WrVarVqtWq1a
rVqtWq1ZrRqtGq0ZrRmtGa0ZpRmlGaUZpRmlGaUZpRmdGZzYnNmc2JzYnNicmJzY
lNiU2JTYlJiUmJSYjJiMl4yXjJeEl4xXjFaMVoRWhFaEVoRWhFaEVoRWhBWEFXwV
e9OD04QUjFSMVIxUjFSMVZRVlFWUVIwUjBSMFJRVlFWUlpSWnJaclpzWnJaUVZRV
lJaUlpSWnJaclpRWlJaUVZRVlFWMVZRVlFWclqUYrVm1WbVatVq1WrVatVq1WrVa
tZq1mrWatZq1m72bvZu1m7WbvZu9m7WbtZu1m7VbtVu1W7VbtVq1WrVatVq1WrVa
rVq1WrVatVq1WrVatVq1Wq1arVqtWq0arRqtGq0ZrRmlGaUZpRmlGaUZpRmlGKUZ
nRmc2ZzYnNic2JzYnNiU2JTYlNiU2JTXlJiMmIyXjFeMl4yXhJeMV4xXjFeEVoRW
hFaEVoRWhFaEVoQVhBV8FYPTg9OMFIxVjFSMVIxUlFWUVZRVjBWMFIwUjFWUVZSW
lJaUlpyWlJaclpyWlJWUVZRVlJWUlpyWnJaUlpSWlFaUVZRWjFWUVZRVnJak2K1Z
rVm1WrVatVq1WrVatVq1mrVatZq1mrWbtZu9m72bvZu9m72bvZu9m72btZu1m7Wb
tVu1W7VbtVu1WrVatVq1WrVarVq1WrVatVq1WrVarVqtWq1arVqtWq0ZrRmtGa0Z
rRmlGaUZpRmlGaUZpRmlGKTYpNic2JzYnNic2JzYnNeU2JTYlNiUmJSYlJiMl4xX
jJeMl4yWjJeMl4xXhFaEVoRWhFaEVoRWhFaEFnwVfBV704PTjBSMFIwUjFSUVZRV
lFWUVYwUjBSMFIwUlFWUlZSVlJWUlZSWnJaclpRVlFWUVZRWlJaclpyWlJaUlpSV
lFWUVYxVlFWUVpyXpRmtWbVatVq1WrVbtVq1mrVatZq1mrWbtZu1m72avZq9m72b
vZu9m72bvZu1m7WbtZu1m7WatVq1W7VbtVu1WrVatVqtWrVatVq1WrVatVq1WrVa
tVqtWq1arVmlWa0ZrRmtGa0ZpRmlGaUZpRmlGZ0YpRilGKTYnNic2JzYnNic2JzX
lNiU2JTYlJiUl5SXjJeMl4yXjJeMl4yXjFeMV4RXhFaEVoRWhFaEVoQWhBWEFXwU
g9KD04QUjBSMVIxUjFSUVZRVlFWMFIwUjBSMFJRVlJWUlZSWlJaclpzXnJaUVZRV
nFWUlZSWnJaclpSWlFWUVpRVjFWUVZRVlFWc160YrRq1WrVatVq1WrVatVq1WrVb
tVu1m7WbtZu1m72bvZu9m72bvZu9m72btZu1m7VbtVu1W7VbtVu1W7VbtVu1W7Vb
rVu1WrVatVq1WrVatVq1Wq1arVqtWq1ZrRmtGa0ZrRmtGaUZpRmlGaUZpRmlGaUZ
pNmc2ZzYnNic2JzYnNiU2JTYlNiU2JSYlJeMl4yXjJeMl4SWjJeMl4xXhFaEVoRW
hFaEFYRVhFWEVYQVfBV8FYPTg9OL1IwVjFSMVYxUlFWUVZRUlFSMFIwUjFSUVZSV
lJWUlpSWnJac1pyWlFWUVZRWlFaUlpyXnJaUVZRVlFaUVZRVlFWUVZRVnNetGLVZ
tVq1WrVatVq1W7VbtVu1W7WbtZu1m7WbtZu9m72bvZu9m72bvZu9m7WbtVu1W7Vb
tVu1W7VbtVu1W7VbtVq1WrVarVq1WrVatVq1WrVatVq1Wq1arVqtWqUarRmtGa0Z
rRis2aUZpRmlGZ0ZpRmk2aTZnNmc2JzYlNic2JyYnNiU15TYlNiUmJSYjJiMl4yX
jJeMl4yXjFaMVoxWhFaEVoRWhFaEVoRWhFaEFnwVfBWD04PTg9OMFIwUjFSMVJRU
lFWUVZQVjBSMFIwUlFWUlpSWlJaUlpSWnJaclpRVlFWUVZSWnJaclpyWlJWUVZRV
lFWMVZRVlFWcVqTXrRmtWrVatVq1WrVbtVq1W7WbtZu1m7WbtZu1m7WbtZu9m72b
vZu9m7WbtZu1m7WbtZu1m7VbtVu1W7VbtVu1W7VatVqtWrVatRq1WrVatVq1WrVa
rVqtWq1arVqtGa0ZrRmtGa0ZrRilGKUZpRmlGaUZpNik2JzYnNic2JzYnJic2JzY
nNiU2JSYlJiMmIyXjJeMl4yXjJeEl4yXjFeMV4xXhFeEVoRWhFaEVoRWhBaEFYQV
g9OD0oPTjBSMFIxVjFWUVZRVlFWUFYwVjBWMVZRWlJaUlpSWlJaclpzWnJaUVZRV
lFWUVpSWlJaclpSWlFWUVZRVlFWUVZRVnJak160ZrVq1WrVatVq1WrVatVq1mrWb
tZu1m71btZu1m7WbtZu9m7WbtZu9m7WbtZu1m7WbtZu1W7VbtVu1W7VbtVq1WrVa
tVq1Wq1atVq1WrVatVq1Wq1arVqtGq0arRqtGq0ZrRmtGa0ZrRmlGaUZpRmlGKUY
pNik2JzXnNic2JzYnNic2JTYlNiU2JSYlJiUmIyXjJeMl4yXjJeMl4xXjFeEVoRW
hFaEVoRWhFaEFoQVfBV8FXvTg9KME4wUjFSMVYxVlFWUVZRVjFSMFIwUjBSUVZSW
lJWUlZSVlJWc1pyWlFWUVZRVlJaUlpSWlJaUlpRWlFWUVZRVlFWUVZSWpNitGq1a
tVq1WrVatVq1WrVatZq1m71bvVu9W71btZu1m72bvZu9m72bvZu9m72bvVu1m7Wb
tVu1W7VbtVu1W7VatVq1WrVarVq1WrVatVq1WrVatVq1Wq1arVqtGq0arRmlGa0Z
rRmlGKUYpRmlGaUZpRmk2KTYnNic2JzYnNic2JzYnNiU2JTYlNiUmJSXjJeMl4yX
jJeMl4yXjFeMV4xXjFeEV4RWhFaEVoRWhBaEFYQVfBWD04PThBSMVYxUjFSMVJRV
lFWUVZRVjBSMFIwUlFWUlZSWlJaUlpSWnJeclpRVlFWUVZRWlJaUlpSWlJaUVpRV
lFWUVZRVlFWclqzXtRm1WrVatVq1WrVatVq1WrVatZq1m7VbvVu9W71bvVu1m7Wb
vZu9m7WbtZu1m7WbtZu1W7VbtVu1WrVatVq1WrVatVqtWrVatVq1WbVatVq1Wq1a
rVqtWq0arRqlGa0ZrRmtGa0ZrRmlGaUZpRmlGaUZpNik2JzYnNic2JTXnNic2JzY
lNiU2JTYlJiUl5SXjJeMl4yXjJaMl4xXjFeMV4RWhFaEVoRWhFWEVoRVhFWEFXwV
g9OD04PTjBSMVIxUjFSUVZRVlFWMVYwUjBSMFJRVlFWUlZSWlJaclpyWnJaUVZRV
lJWUlpSWnJaUlpSVlFWUVZRVlFWUVZRVnJak2K0ZtVm1WbVatVq1WrVatVq1WrVa
tVq9Wr1bvZq9mr2avZq9m72bvZu9m72btZu1m7WbtVu1W7VatVq1WrVatVq1WrVa
rVq1WrVatVq1WrVatVqtWq1arRqtWa0ZrRmtGa0ZrRmtGa0ZpRmlGaUZpRmlGKUY
pNic2JzXnNic2JyYnNic2JzYlNeU15SXlJeMl4yXjJeMloyXjJeMV4xXjFeMV4QX
hFaEVnxWhFaEVoQVfBV8FYQTe9OEE4wUjBWMVYxVlFaUVZRVjBWMFIwUjFSUVZRV
lFWUlZSWlJaclpyWlFWUVZRWlFaclpSWlJaUlZRVlFWUVZRVlFWUVZyWpNitGbVZ
tVq1WrVbtVu1W7VatVq1WrWatVq1Wr2avZq9W72bvZu1m72bvZu9m72bvVu1WrVa
tVq1WrVatVq1WrVatVqtWrVatVq1WrVatVq1WrVatVqtWq0ZrRmtGa0ZpRmtGa0Z
rRmtGaUZpRmlGaUYpRilGKTYnNic2JzYnNic2JTYlNiU2JTYlNiUl5SXlJeUl4yX
jJaMl4xXhFeMV4xXjFeEV4QWhFaEVoRWhBaEFYQVfBWD04PSjBOMFIwUjFSMVJRV
lFWUVZQVjBWMFIwUlFWUVZSWlJWUlpSWlJaclpRVlFWUVZRWnJaclpyWlFWUVZRV
lFWUVZRVnFWclqUYrVmtWrVatVq1WrVatVq1WrVatVq1Wr1avVq9mrWatZq9mrWa
tZq1m7WbvZu1m7WbtVq1WrVatVq1WrVatVq1WrVarVq1WrUatVq1WrVatVqtWq1a
rVmtGa0arRmtGaUZrRmtGa0YpRilGaUZpRilGZzZpNik2JzYnNic15zYlNiU2JTY
lNiU2JTYlJiUl5SXjJeMl4yXjJeMl4xXjFeMV4xXhBeEVoRWhFaEVYRVhBV8FXwV
g9OD04PUjBSMFIxUjFWMVZSVlFWUVIwUjBSMFJRVlFWUlZSWlJaUlpyXnJaUVZRV
nFWUlZSWlJaUlpSVlFWUVZRVlFaUVZRWnJetGa1ZrVq1WrVatVq1WrVatVq1WrWa
tVq1mrVavVq1Wr1avZq9mr1bvZu9W71avVq1WrVatVq1WrVatVq1WrVatVq1WrVa
tVq1WbVatVq1WrVarVqtWq0arRmtGa0ZpRmtGa0ZrRmtGaUZpRmlGaUYpRilGKTY
pNic2JzYnNic2JTYnNiU2JTYlJiUmJSYlJeUl4yXjJeMloyXjJeMV4xXjFeEVoRW
hFaEVYRWhFaEVoQWfBV8FYPTg9OL04wUjFSMVIxUlFWUVZRVlFWMFIwUjBSUVZRV
lJaUlpSWlJaclpyWlFWUVZRVlJaUlpyWnJaUVpRVlFWUVZRVlFWcVZzXrRi1WbVZ
tVm1WrWatVq1WrVatVq1WrVatVq9Wr1avVu9W71bvVu9W71bvVu9Wr1avVq1WrVa
tVq1WrVatVq1WrVatVq1WrUatVm1WrVatVq1Wq1arVmtGa0ZrRmtGaUZrRmtGK0Z
rRmlGaUZpRmlGKTYpNik2KTYpNic2JzYnNic2JzYnNic2JTYlJiUl4yXjJeMl4yX
jJeMl4xXjFeMV4xXhFeEVoRWhFaEVoRWhBZ8FnwVfBWD04PTi9SMFIwUjFSMVYxV
lJWUVZRUjBSMFIwUlFWUlZSVlJaUlpSWnJaclpRVlFWUVZRWlJaUlpSWlFaUVZRV
lFWUVZRVnFWk160ZtRm1WbVatVq1WrVatVq9Wr1avVq9Wr1avVq9Wr1avVq9Wr1a
vVq9Wr1avVq9WrVatVq1WrVatVq1WrVatVq1WrVatVqtWbVatVq1WrVarVmtWa0Z
rRmtGa0ZrRmtGa0ZrRms2K0ZpRmlGaUYpRic2KTYpNik2JzYnNic2JzYnNic2JzY
lNiU2JSYlJiUmJSYlJeMl4yXjJeMV4xXjFeEV4RXhFaEVoRWhFWEFoQVhBV8FXwV
g9KD04PTjBSMFIxUjFWMVZRWlFaUFYwVjBSMVZRVlFWUVZSVlJWUlpyWnJaUVZRV
nFWUVpSWlJaUlpRVlFWUVZRVlFSUVZxWpNetGLVZtVm1WbVatVq1WrVatVq1WrVa
vVq9WrVatVq1WrVatVq1WrVatVq1WrVatVq1WrVZtVq1WrVatVq1WrVatVq1WrVZ
tVq1WrVatVqtWa1ZrVmtGa0ZrRmtGaUYrRmtGa0ZrRmtGa0ZpRmlGKTYpNik2KTX
pNic2JzYnNic2JzYnNic15TYlNeMl5SXlJeUl4yXjJeEl4xXjFeMV4xXjFeEVoQW
hFaEVnxWhFZ8FXwVfBV8FYPTg9OL04wTjBSMVIxUjFSUlZRVlFWMFYwUjFSUVZRV
lFWUVZRWlJacl5yWlFWUVZRVlFaUlpSWlJaUVZRVlFWUVZRVlFWcVqTXtRm1WbVa
tVq1WrVatVq1WrVatVq1WrVatVq1WrVatVm1WrVatVq1Wr1avVq1WrVatVq1WrVa
tVq1WbVatZq1WrVatVq1WrVatVq1WrVZrVmtWa0ZrRmtGa0ZpRmtGa0ZrRmtGa0Z
rRmlGaUZpRik2KTYpNik2KTXnNic2JzYnNic2JzYlNiU2JSYjJeUl5SXlJeMl4yX
jJeMl4xXjFeMV4xXhFaEVoRWhFaEVoQVhBWEFXwVfBWD04PTg9OMFIwUjFSMVIxV
lFWUVZRUjBSMFIwVlFWUVZRVlFWUVZRWlJaclpRVlFWUVZRWlJaUlpSWlFaUVZRV
lFSUVZRVnFak160YrRm1GbVZtVq1WrVatVq1WrVatVq1WrVatVqtGazZtRq1Wa0Z
tRm1WrVatVq1Wq0arRm1WbUZtRm1WbVatVq1Wq0ZrRm1WrVatVqtWq1arRmlGKUY
pRitGKUYpNilGK0YrRitGKUYpRilGKTYpNik2KTYnNic2JzYnNic2JzYlNic2JyY
lJiUmJSXlJeUl5SXjJeMl4yXjJeMV4xXjFaMVoRWhFaEVoRWhFaEFoQWhBZ8FXwV
e9OD04QTjBSMFIwUlFWUVZRWlFaUVYwVjBSMFJRVlFWUVZRVlFaUlpyWnJaUVZRV
lFWUVZSWlJaUlpRVlFWUVZRVlFWUVZxWpNetGK1ZtVm1WrVatVq1mrVatVq1WrVa
tVq1WrVZpNeEFKTWrReMFJyWtVm1WrVatVmkl6SXrNiclqTYtVm1WrVarVmclpyW
rRm1WrVarRmtGaUZlJaMVaTXnNeMVZSXpRmlGaUZpRmlGKTYpNik2KTYpNik2KTY
pNek2JzYlNic2JTYlNiU2JSYlJiUl5SXlJeUV5SXjJaMl4xXhFiMV4RXhBaEVoRW
hFZ8VoRWhBaEFXwVfBV8FYPTg9OD04wUjBSMFIwUjFWUVZRVlFSMFIwUjFWUVpRW
lFWUVpRWlJaclpyWlFWUVZyVnFWclpSWlJWUVZRVlFWUVZRVlFWclqTXrRi1GbUZ
tVm1WrVZtVq1WrVavVq9WrVatVq1GpQWScyUEqRTSgqD060YpNik2KTYc1J7kpyV
c1CEFK0YtVq1Wq0Zc5OD1K0ZtVmtGaTYpNicl2sQWs+cVYPTWk6L1KTYpNik2KTY
pNik2KTYpNik2KTYpNic2JzYnNic2JzYnNic2JzXlNeU15SXlJeUl4yXlJeMl4yX
jJeMV4xXjFeMV4RWhBaEVoRWhFaEVoRWhBaEFnwVfBWD04PTg9OMFIwUjBSMVYxU
lFWUVYxVjBSMFIwUlFWUVZRVlFaUVpRWlJeUlpRVlFWUlZRWlJaUVpRWlFWUVZRV
lFWUVpxVnJas2K0ZrRm1GbVZtVm1WrVatVq1WrVatVq1WrWatVqL1DFJg5CD0TlI
g5KcVYvTi9OUVFpNYo6DkUoKc1Gk2LVZtVmtGGsQe5OlGK0ZnJeL1IwUlFRSTTnL
jBRjDylJe9OUVYxUjFWUlpRVnJecl5yXpNik2KTYpNic2JyXlJeUl5yXnJecl5yY
lJiUl5SXlJeUl5SXjJeMl4xXjFeMV4xXhFeEV4RWhFaEVoRWhFaEFoQWfBZ8FXwV
e9OD0oPTjBSMFIwUjBSMVJRVlFWMVIwUjBSMFJRVlFWUVZRVlFWUVZSWlJaUVZRV
lJWUlZSWlFWUVZRVlFSUVZRVlFWUlZyWpNitGa1ZtVm1WbVZtVm1WbVatVq1WbWZ
tVq1WrVZg9NBimrOas45iYOTjBNqz1IMg5JSDWrPg9JSC3NRrNi1WrVarRhrEHvT
rRis13tSYo5qz4OSUg05i3NSUk0xSYOSg9Jiz2LOc5BzUIQTe5KMFKTXpNik2JzY
jFaD1IQUhFWUl5TXlNeUl5SXlJeUl5SXlJeUl5SXjJeMVoxXjFeMV4xXhFeEVoRW
hFaEVoRWhBZ8FnwWfBV8FXvTg9OD04wUjBSMFIwUjBSUVZRVjFWMFIwUjBSUVZRV
lFWUVZRVlJWclpSWlFWUVZRVlFWUVZRVlFWUVZRVlFWUVZRVlJac16zYrRitWbVZ
tVq1WbVZtVm1WbVZtVm1WbVatVm1WXuSUg1STVqNScuL04vTc1FKDIvUYs+Dk5xV
Wo6MFLUYtRm1WazYatCD060XnJdaj1qOWo5zUVJNQctSTUnLQYt7k3uTUpBBzGLQ
Ws1rEFJOg9Sk2KTYpNicl3uTWo1KTGtQjFaUl5SXlJeUl5SXlJeUl5SXjJeMl4yX
jFeMV4xXjFeEF4RXhFaEVoRWhFaEFnwWfBZ8FnQVfBV70nvSg9OMFIwUjBSMFIxU
jFWUVYxVjBSEFIwUlFWUVZRVlFWUVZRVlJWUlZRVlFWUlZSWlFWUVZRVjFSMVZRV
lFWUVZyVpNetGK0ZrRm1GbUZtVm1WbVZtVm1WbVZtVm1WrVZtRl7UmrPUctizlpN
g5JzD2LPUgyL02LOg9KcVWKOjBWtGa0atRmk2GLPe5KklpRVUk1aj2sQe5Naj1JO
SctKDUoMe5JzkWLPQctrEWLQQg1STpRWpNik2JzYlJdzUjmKKUlajoxVlNeUmJSY
lJiUl5SYlJeUl4yXjJeMl4xXhFeMV4RXhBaEVoRWhFaEVnxWhBaEFnwWfBV8FXwV
g9OD04QThBOMFIwUjBSMFIxUlFWMFYwUi9SMFJRVlFWUVZRVlFWUVZSWlJaMVZRV
lFaUVZRVlFWUVYwUjFSUVZRVlFWclqTXrRi1GbUZtRm1GbUZtVm9WbVZtVq1WrVZ
tVq1WbUZg5OD03LQg9N7UYPTas9zUWLPlFVzUXuSnFRzD4vUrNi1WbVZpNdzD3MQ
g9OME2sPaxB7koPTYw9jEEoMYtFaTWsSWo1STkIMc1JzUTGLWs+Ul5zYnNic2JSX
c1I5yzFJWo6MFZSXlJeUl5SXlJeUV5SXlJeUl4yXjFeEV4xXjFeEFoRWhFaEVoRW
hFaEFoQWhBZ8FnwVfBV0FXvTe9OD04wUjBSMFIwUjFSUVJRVjFWMFIwUjBSUVZRV
lFWUVZRVlFWUlZSVjFWMVZRVlFWUVZRVlFWMFIxUjFWUVZRVnJak160ZrRmtGbUZ
tRm1GbUZtVm1WbVZtVm1WbVZtVm1WZyWpJaUVpyXlFacl4wVjBWMFaTXlFaMFZyX
jBWMFa0YtVm1Wa0Yi9SDk4OTlFWMFHuSg9OMVIPTg9R7koPUc5J702tRYxBaz4QU
e9I5i2tSnJec2JzYnNiU13uUSg1BzGLPjFaUl5SXlJeUl5SXlJeUl5SXlJeMV4xX
jFeMV4xXhFeEV4RXhFaEVoRWhBWEFoQWhBZ8FnwVfBWD04PTg9SMFIwUjBSMFJQV
lFWUVYwUjBSME4wUlFWUVZRVlFWUVZRVlFWUloxVjFWUVZRVlFWUVZRVjFSMVJRU
lFSUVJyVrNetGK0YrVm1GbUZtRm1WbVZtVq1WbVZtVm1WbUZtVmtGa0ZrRmtGa0Z
rRmtGa0ZpRmtWa0ZrRmtGa0ZrRitGa0ZrRmtGaTYnNec16TYpNicl5yXpNicl5yX
nJecl5RXnJeUVYxVjBWMVXNSSgyD1JzXnNic2JzYnNiMVnOTa1Jzk5RXnJiUl5SX
lJeUl5SXlJeUl4yXjFeMV4xXjFeMV4RWhFaEVoRWhFaEFYQWhBZ8FnwVfBV0FXwV
e9N704PUjBSMFIwUjBSMFYxVjFWMVYQUhBSMFIwVjFWMVZRVlFWUVZRVlFWMVYxV
jFWUlZRVlFWUVYwUjBSUVZRVlFWclqzXrRi1GbUZtRm1GbUZtRm1GbUZtRm1WbVZ
tVm1Wa1ZtVm1GbUatVm1GbUZtVm1GbUZtRm1GbUZtRm1GbUZtRm1GrUZtRmtGa0Z
rRmtGa0ZrRmtGa0YrRitGKUYpNik16TYnNik2KSXlFVrEGsQlFak16TYpNic2JzY
lJeMl4yXlFeUl5SXlJeUl5SXlJiMl4yXjJeMl4xWjFeMV4xXjBeEVoRWhFaEVoRV
hBaEFoQWfBZ8FnwVfBV8FYPTg9OD04wUjBSMFIwUjBSMVIxUjFSEE4QUhBSMVYxV
jFWUVZRVlFWUlZRVjFWMVYxVlFWUVZRVlFSMFIwUlBSUFJRVnJak160YrRmtGa0Z
tRm1GbUatRm1GbUZtRm1GbUZtRm1GbUZtRm1GbUZtRm1GbUZtRm1GbUZtRm1GbUZ
tRm1GbUZtRm1GbUZtRm1GbUZrRmtGa0ZrRitGK0YrRitGKUYpNik2KTYpNic2JSX
hBWUVpzYnNic2JzYnNic2JyYnJecl5yXnJeUl5RXlJeUl5SXlJeMl4yXjJeMV4xX
jFeMV4wXhFeEV4RXhFaEFoQWhBZ8FnwVfBV8FXQVfBWD04PTg9OEFIwUjBSMFIwU
jFWMVYwVjBSEFIwUjFWMVYxVlFWUVpRVlFaUVowVjFWMVZRVlFWUVZRUjBSMFIwU
jBSUVJyWpNek2K0YrRi1GbUZtRm1GbUZtRm1GbUZtRm1GbUZtRm1GbUZtRm9GbUZ
tRi1GbUZtRm1GbUZtRm1GbUZtRm1GbUYtRi1GLUZtRmtGa0ZrRitGK0YrRitGK0Y
pNik2KTYpNik2KTYpNik2KTYpNik2KTXnNec15yXnJecl5yXnJecl5yXlJeUl5RX
lJeMl4yXjJeMl4xXjFeMVowXjFeMV4RXhFaEVoRWhFaEFoQWhBZ8FnwVfBV0FXQU
e9N704PThBOME4wTjBSMFIwUjFWMFIwUhBOEFIxVjFWMVYxVjFWUVZRVlFWMFYwV
jFWUVpRVlFWUVJQUlBSUVJRUlFWclqzXrNitGK0YrRitGLUYtRm1GbUZtRm1GbUZ
tRm1GbUZtRmtGazYrRitGK0YrRes16zYrNes2LUYtRi1GK0YrRis2KzYrNitGK0Y
rRitGK0YrRitGK0YrRik2KTYpNik16TXpNek16TXpNik2KTXpNec15zXnNecl5yX
lJecl5yXnJecl5SXlJeUl5SXjJeMl4yXjFeMV4xXjFeMV4xXhFaEVoRWhFaEVoRV
hBaEFoQWfBZ8FXwVfBV8FHvTe9N71IQThBOME4wTlBSMFIwUjBSEE4QThBOMVIxU
jFWMVYxVlFaUVpRVjBSMFYxVlFWUVZRVlFSMFIwUjBSUFJRUnJak160YrRitGK0Y
rRi1GLUYtRi1GLUZtRm1GbUZtRis16SWnFaUFaSWrNeklpxUlFSUFJQUlBSk1q0Y
rReclpRVlFWUVZyVpNetGKzYpJeklqTXpNik15yXlFacl5yWlJacl5zXpNik16TX
pNec15zXnJeUlpSXnJecl5yXlFeUl5SXlJeUl5SXlJeUl5SXjJeMVoxXjFeMV4wX
jFaMVoRWhFaEVoQVfBaEFoQWhBZ8FXwVfBV8FXwUe9V703vSe9OEFIwUjBSMFIwU
jBSMFYwUjBOMFIwUjBWMFYwVjFWMVZRWlFWUVYwUjBSMFZRVlFWUVZRVjBSMFIwU
jBSUVZyWpNes2K0YrRitGK0YrVi1GLUZtRi1GLUYtRi1GLUYpJaME3tQYoyDkZQT
lBN7UGrNcs5yz3MPnFSs16SWg5JijmrOYo17EZxVpJekVovUg5OcVpyWnJaD03OR
g9J7knuSjBScl6TXpNek16TXnNic15SWg9SD1IxWnJeUl4xVjFWMFYxVjBWMFYxW
lFeMV4xWhFWMVoxWhFaEVoRWhBaEFoQWhBaEFoQWhBaEFnwWfBZ8FXwVfBV8FXwV
e9N703vThBSEFIQUjBSMFIxUjFSMFIQUhBOEE4wUjBWMFYwVjFWUVZRVlFWMFIwU
jFSUVZRVlFWUVZQUlBSMFJQUlFWclqTXrRitGK0YrRitGK0YrRi1GLUYtRi1GLUY
tRi1GKSWe1FiTlHMas+L05xVe5Jij3LQcxFij5RVrRiclmLPQctSC0oLWo2L05QU
g9JizlqNg9KMFIwTWo1Jy1IMUgxaDIvTnJek2KTYnNec15zXnJaMFVrPWs+EFJRV
lFV702tRYw9jUFrOa1GEVYxWjFZ71GtSc9NjUnPUfBVz1GuTc9Rz1HPUfBWEFYQV
hBWEFXwVfBV8FXvVfBV8FXuSe9N704QUhBSMFIwUjBSUFYwVjBSEFIQUhBSMFIwU
jBWMFIxVlFWUVZRVjBSMFIwUjFSMVZRVlFWMFIwUjBSMFZRVnJak16zYrNitGK0Y
rRitGLUYtRi1GLUYtRi1GLUYtRiklntRWk1SDGrOlBSklntSYo97UnMQYs+UVazX
nFViTknLUgxJy1IMjBOMFIOSUkxJy3tRjBOD01JMQYpBi0oMWo6MFJzWpNecl5yX
nJecl5RWe5NSTkpMc5J7k4QUc5JSTTGKOcsxSVJNhBWMVoQVYs85y0ILOYpSTnOS
Ws9CDFLOQkxCTWMQfBR8FXwVfBV8FXwVfBV0FXQVfBV703vTe9OEFIQUjBOME4wU
lBSMFIwUi9OD04PUjBSMFIwUjBSMVYxVlFWUVYwUjBSMFIxUjFSMVYxVjBSMFIwU
lBWUVZyWpNes16zYrNitGK0YrRitGLUYtRi1GLUYtRi1GLUYpJZrEGKOYo9ijpQV
nJV7klqOe5JzUGKOnFWs15QUWk1JylILScpSTIxUnJaMVVqOWo6MFJyWjBRSDUHL
SgxSDGKPjBScl6TXnJecl5yXnJeMFGsQQctBy1JNatCD1HNSSg0xCTFJKQhKDIPU
jFaEFVqQMYsgyClJSg1zUkpOMYtCDCkIIQhCTXPUfBV8FXwVfBV8FXwVfBV8FXwU
e5N7k3vTg9OEE4QTjBSMFIxUjBSEFIQTg9OD04QUjBSMFIwUjBSMVIxVlFWMFIwU
lBSMFJQUjFWMFYwUjBSMFJQVlFWcl6TXrNes2K0YrNitGK0YrRi1GLUYtRi1GLUY
tRi1GJxWYo9q0GsQWk2UFJQUe1FaTntRcxBijpxWrNeUFFoMQYpJy0GKUgyMFJyW
g9NajlqOg9OUVYPTUk1KDFINWo5aj4OTlFWclpyXnJecl5yXjBViz0HLMUk5inOT
hBZzU0INKUgpBykIQct71IRWe9VSjzGLGMgpSUpNa1FSjilJOYkhByDHOctz1HwV
fBV8FXwVfBV8FXwVfBV0FXuSe5J70oPThBOEE4QTjBOMFIwUjBSD04PTg9OMFIwU
jBSMFIwUjFWMVYxVjFSEFIxUjFSMFIwUlBSMFIwUjBSMFZRWnJek16zYrNis2KzY
rNis2K0YtRi1GLUYtRi1GLUYrNicVmrPe1GDkWrPlFWcVYPTaxCD03uScxCclqzX
lBRiz1IMWgxJy1pNi9KL03MQcxBqz3MRi9ODklpOUk1STVJNWo57kYPShBOUVpyX
nJeUVowVYtBSTjmLQg1zk4wVc5JCDCkIMUkxSDnLe9SMVnvUUk45iyDHMUk5y2MQ
Uo8hCSlJIQcYxzmKc5SEFnwVfBV8FXQVfBV8FXwVfBV7k3uTe9OEE4QThBOEE4wT
jBSMFIwUhBSD04PUjBSMFIwUjBSMFIwUjBWMVYwUjBSMFIwVjBWMFYwUjBSMFIwU
lBWcVqSXrNis16zXrRes17UYrNis2KzYrRis2K0YrNis2KzYpJaL04wUjBSD05yW
pNeUVYPTnJWUE4wTpJas15QVg9NzUXNRcxBzEIvTi9KD0oPTe5J7UYOTg5NzEXNR
YtBiz3NRjBN704PTlFWclpyWnJaD1GMQYtBKTVKPaxB7k1rPQcsxSUHLMYlCDHvU
jFZ8FVrQOYsgyClJOctbEEJNIQgxSSEIIQg5y2vTfBV8FXwVfBV8FXwVfBV0FXQV
e9N7k3uTg9OD04PThBOME4xUjBSME4PTg9OL04wUjBSMFIwUjBSMFIwUjFWMFIwU
jBSMFIwUjBSMFIwTjBOMFJRVnFas16TXrNis2KzYrNi02LTYtNis2KzYrNis2KzY
rNis16zXrNes16zXrNes16zXrJekl6zXpJaklqSXrNeklpyWnFacVpQVlBWcVpxW
nFaclpRWlFaUVZRWlFaUVoPUhBSMVZSWjFWEFZSWnJaclpxWhBR703NSYxB7k3NS
c5Ni0FKPUk5STlJOWpB71IwWhBVi0DnMQg05zEINYxFSjzGLKUohCCkJOctrk3wV
fBV8FXwWfBV0FHPUc9Vz1XuTe5N7k4PTg9OL04wTjBOME4wUjBSD1IPThBSEFIwU
jBSMFIwUjBSMFIxUjBSMFIwUjBSMFIwUjBSL1IwUjBSUVZyWpNes16zXrNes16zX
rNes2KzYrNis2KzYrNis16zXrNes16zXrNes16zXrNes16zWrNes16zXrNes16zX
rNaklqSWpJekl6SXpJekl6SXpJekl6SXpJekl5xXnJeclpyWnFaclpyWnFaclpyW
nJaclpRWlFWMFYQUjFWEFYQVg9R71HuUc5Nz1HOTfBWEVnwVYxFbEnPVa1NS0GNR
a5JKTkINOcwxi0INa5N0FXwVfBV8FWvUY5Njk2OTa9N7k3uTe5OD04PTg9OEE4QT
jBSMFIwUhBSD1IPTjBSMFIwUjBSMFIwUjBSMFIQUhBOMFIwUjBSMFIwUg9OME4wT
lFScVaSWrNes16zXrNes16zXrNes16zXrNes16zXrNes16TWpJacVZxVnFWcVaSW
pJaklqRWpJaklqzWrNesl6SWpFaklqSWnJaklqSWpJakVaSWnJaclpyWpJaklqSW
nJaclpyWnJaUVpxWlFaUVpRWlFaUVpRWjFaUVpRWlFaUVpRWjFaMVYxWjFaEVoRW
jFaEFnwVfBaEFoQWc9Vz1XQVa5NrlGNTWxNjk3PVdBV8FXwUdBRbEEoNQg1KDlsR
e9F7knuSg9OD04PThBOEE4wUjBSEE4PTe9OD04PTjBSMFIwUjBSMVIwUjBSEFIQT
jBSMVIwUjBSMFIvTi9OME5RUnFWklqzWpNes16zXrNes16zXrNes16zXrNes16zX
rJekloOSe1B7DntPi5GcE5PSi5GLkYuRk9KcVKSWpJaT04ORi9KL0oPTlBScVZQU
jBOUFIwUjBScVZyWnJaclpyWnFacVpRWlFWMVIwUlFSUVZRVlBWMFIwVjFWMVYxW
jFaMVYxVjFWMVYxVjFaMFowWjFaMVowWhBaEFoQWhBWEFXwUfBV8FXQVfBV8FXwV
fBV8FXvVSpApizGLMYtS0HuSc5J7koPTg9OD04PTg9OME4wUjBSEE4PTg9OME4wU
jBSEFIwUjBSMVYwUhBSEE4wUjBSMFIwUjBSD1IvUjBSUFJyVpJak16TXrNes16zX
rNes16zXrNes16zXrNes16TWpJZzEFpNSctRy3LOk9JyzmqNYkxqzWJMi9KklZxV
as9JymqNao1SC4NQi9FqjmKNcs5qjXLPi9OcVZxWnFacVpxWlFWMFIPSc1BrUIPS
hBOEE3uSc1F7knuSe5KD04wUlFWMFYPUg9SD1IPUg9SEFYwVhBaEFXvVhBWEFYQV
hBV8FXwVfBV8FXQVfBV8FXwVdBV0FFLQMYspSilLUtFzknuSe5KD04PTi9OD04PT
jBOMFIQUg9OD04PTjBSMFIwUjBSMFIwUjFWMFIwTjBOME4wUjBSMFIwUg9OD04wT
lFScVaSWpJek16TXpNes16zXrNes16zXrNes16zXrNes16RWas9Ry0nKQcpqzovT
ao9zEWJOexFiTYvTpJacVVqOOUpaTUnLOUlqznMQSctBSUmKScpSC4PTnJWcVZxV
nFWcVZQVg9Jqz0HKScpijWrPcxBSTDmKSgpSS0oKYs+EFYxVe9Ri0FKOWs9az2MQ
c5KEFYQVe9RrUnvUhBWEFYPVhBV8FXwVfBV8FXwVfBV8FHwUc9RKjyFKKYo6DFsR
e5J7knuSg9KD04PTg9OD04QThBSEFIPUg9OD04QUhBSEE4QThBSMFIwUjBSD04PT
hBOME4xUjBSMFIwTi9OMFJRVnJWklqSXpJekl6TXpNek16zXrNes16zXrNes1qzW
rNacVWrPUctJikmKao6L0mJMcs9aC2rOWkyL0qSVnFRaTTlISctBijlJYo5qz0GJ
OYlBiUnLYo6L05xVnFWcVZxVlFWUFYPTYs85ijnLQgxSjmsRQgohBzmJQcoxSVrP
hBSEVXvTSkwxijGJMUkxilrPe9R71GtSSk5zlHwVfBV8FXwVfBV8FHwUfBR8FHwU
dBRz1HPUUtAhSzoNStBbEXtTe5J7koPTg9OD04PTg9OD04PTg9N703vSe9OEE4QT
hBOEFIQThBOMFIwUg9SD04QUjBSMFIwUjBSEE4QTjBOUVJyWpJaklqSWpJakl6SW
pNak1qzWrNak1qzWrJaslqSWk9Rqz1pMScpJy3LPi5JijWqPUgxijlIMg9OclZRU
Wk05SEGJQYk5SFqMYs1Jy0nLSctSDGKPi9OcVZRVlFWUVZRVlFWD01qNMUg5iTmJ
Wo57kUpMKQg5ikHLMUlSjoPTjBR7k0oMMUggxyEGIQdKjmtSa1FSjznMYxBrknPT
fBR8FHwVfBV8FXvVc9R71HvUe9Rz1GNTUxFbU2OTW1N7knuSe5KD04PTg9OD04PT
g9SD04PTe9N70nvThBSD04PTg9OEFIQUjBSMFIPTg9OD04wTjBOMFIwUi9OL04vU
lBWcVpyWpJaklqyWpJaklqSWpJaklqSWpNak1qSWpJaklouTas9ij1IMWk57UXuT
Yo1rEWJNcxBijZPTpFWUFGJOQYpBiUGJQYlqzmrOSctSDEoLWo1aTXuRjBOME5RU
lFSUVIxUe5JKDDEJOUkxSVJMe5FSTTFJQctKCzEJQct7kowUe5JKDSEIKQgpCCkI
Uk1az1KNQgspSEILSk1rUXvUfBR8FXwVfBR8FHvVe9Rz1HPVc9Vr1GvUa9Rr1GvU
e5J7knuSg5KD04PTg9OD04PTg9OD04PTe9N704PTg9OEE4QTg9OD04wTjBOME4PT
g9OME4wTjBOMFIvTg9OL1JRVnJaclqSWpJaklqSWrJaklqSWpJaklqSWpJaklqSW
nJWD0nNQaw9ijntRe1GDkmKNas9qjWrOYo2ME5xVlBNqzlHMUgxSDEnKas5qjlIL
UgtKClILWk17UHtRg5KUFJQUlFSUFIPTYs85ikHKOYlSTXuRWo05ilJNWo45i1KO
e9OEFYPUWs8pSjGKKUkhCkpPa5RrlFrRMYxSkGNSc5R8FXwUdBR71HvUe9R71HPU
c9Rz1HPUc9Rz1HPUc5Rz1HtSe5J7knvSe9OD04PThBOD04PTg9ODk3uTe5N704PT
g9OD04PTg9OD04vTi9OD04PTg9OL04wTjBOD0oPSjBOUVZyWpJaklqSWpJaklqSW
pJaklqSWpJaklqSWpJaklpyWlFWUFYwUg5OUFJQUlBSD04PUg9N7k4OSnFWkVZQU
g5JzEHtRe1Fqz3tRe1F7EXMRYo5ij3NRg9NzUXORjBSUVJQUlBSME3NRUk1aj0IM
Wo57kmLOOcpSTVqOSg1zUoQUhBV701KOOYpByjFIKQhSTnPUe9RjUjnNY1Jz1HvU
e9R8FHvUfBR71HvUe9Rz1HPUc9Rz1GvUa9Rr1GvVa9R7knOSc5J703vTg9OD04PT
g9OD04PTg5J7knuTg9OD1IPTg9OD04PTg9OD04PTg9OL04PTi9OD04vTg9KD04wU
lFWclpyWpJeklqSWpJaklqSWpJaklqSWpJaklqSWpJaklpxWpJaclpyWnJaklqSW
nFWcVZxVnFWcVZxVnFWcVZQVjBSUFZRVi9SMFIwUlBSMFIPTi9OMFJQUi9OL05QU
lBSUFJQUlBR7knNQe5Jiz2sQe5JrEFKOYxBaj1qPg9SMFYQUe5Naz0IMSgw5ijFJ
Sk1zk2tSUpAxi1KQa1J71HwVe9R71HvUe9R71HvUc9Rz1HPUc5Rz1GvUa9Rr1GvU
e1JzUnOSe5N703vTg9OD04PTg9SD1IPTe5ODk4PTg9OD04PThBOD04vTi9SD04PT
g9SD04PTg9OL04PTg9OMFJRVnJaclqSWpJaklqSWpJaklqSWpJaklqSWpJWklqSW
pJaklpyWpJak1qSWpJaclqSWpJaklqRWpFacVZxVnFWcVZxVnFWcVZxVnFWcVZxV
nFWcVZRVlFWUVZRVlFSMFJQUlBSUFJQUi9SD1IPUe5OD1IPUe5OD1HvUc5J7k4wU
hBSEFYPUc5Na0FrQSk5KT1rRa5Na0EJNOctCDFKOc5N71HvUe9R71HvUc9Rz1HPU
c9RzlGvUa9Rr1GvUa9Rr1HOSc5JzknuTe9N703vTg9OD04PTg9N703uSe5N704PT
e9OD04PTg9OL04QUg9ODk4PTg9OEE4PTg9OD0oPTjBSUVZyWnJaclqSWpJaklqSW
pJaklqSWpJaklqRWpJaklqSWpJaklqSWpJaklqSVnJaklqSWpJakVaRVpFWcVZxV
nFWcVZxVlFWcVZxVnFWcVZxVnFWcVZxVlFWUVZRUjBSUFIwUjBSMFIwUjBSMFIwU
jBSMFIwUjBSMFIwTjBSMFYwVjBWEFYQVe9R71HvUe9Rz1XPUa9Rjk2NTY1Jrk3PU
e9R71HPUc9Rz1XPUc9Rz1HPUa9Rz1HPUc9Rr02vUa9RzknNRc1FzknuSe5KD04PT
g9OD04PTe9N7knuSe9N704PTg9OD04PSg9OD04PTg9OD04PTg9OD04PTg5KD0owU
lFWclpyWpJaklqSWpJaklqSWpJaklqSWpJaklqSVpJaklqSWpJaklqSWpJaklqSW
pJaklqRVpFWkVaRVnFWcVZxVnFWcVZxVnFWcVJxVnFWcVZxVnFWUVZRVlFSUVJQU
lBSUFJQUlBSMFIwUjBSMFIQUjBSMFIwUjBSMFIwUjBSMFYwVjBWMFYQUhBR8FIQU
hBSEFYQVfBV8FXwUfBR8FHwUe9R71HvUc9Rz1HPUc5Rz1HPVc9Vz1HPUa9Rr1GvU
c5JzUXNRe5J7knvSe9J70nvTg9N703uTc5J7koOSg9OD03vTg9OD04QTg9OD04PT
g9OEFIPTg9OD0oOSg9OMFJRVnJaclpyWpJaklqSWpJaklqSWpJaklqSWpJaklqSW
pJWcVJxUnFScVZyVpJakVqRVnFWcVZxVnBWcVZxVnFWcVZxVnFWcVJxVnFWcVZxV
nFWUVZRVlFWUVZRVlFWMFJQUlBSUFIwTjBSMFIwUjBSMFYQUjBSMFIwUjBSMFIwV
jBWMFYwVhBWEFYQVhBWEFYQVhBWEFHwUfBR8FHwUfBR8FHPUc9Rz1HPUc9Rz1HPU
c9Rz1HPUc9Rr1GvUa9Rr1HNSc1JzUnuSe5J7knuSe5J7knvTe9N7k3uTe5ODk3vT
e9N703vTe9N704PTg9ODk4PTg9OD04PTg9N7k4PTjBSUlZyWnJWclpyWpJaklqSW
pJaklqSWpJaklqSWpJaklpxVi9J7T3sPg5CcE6RVnBST05QTlBSUE5QTnFSkVZxV
nFWUFIvTi9OME5QUlBSUFJQUlBSUFJRUlFWUFYwUlBSUFJQUjBSL1IwUjBSMFIwU
jBSMFIwUjBSMFIwUjBSMFIQUhBSEFIQUhBWEFYQVhBV8FXwUfBR8FHwUfBV8FXQU
e9R71HvUc9Rz1HPUa9Rz1HPUc9Rz1HPUa9Nr1GvUa9RzUnNSc1JzknuTe5J7knuS
e5J7k3vTe5N7knuSg5J70nvSe9ODk3uTg9OD04PTe5OD0oPTg9OD04PTe5KD0owU
nJaclpyWnJaclpyWnJaclqSWpJaklqSWpJakVqRWpFacVYOSUgxaC1HLi5KkVIuS
exCDUouQe1B7UZwUnFWcVZQUi9NqzmrNe0+T04vTg5KDkntRg9OUFJQUlBSUFJQU
lBSUFIwUi9SMFIwUjBSMFIwUjBSMFIwUjBSMFYwUhBSEFIQUhBSEFIQVhBWEFYQU
hBWEFYQVhBV8FXwVfBV8FHvUe9Rz1HPUc9Rz1GvUc5Nz1HPUc9Rr1GvUa9RrlGuU
c1JrUnNSe1N7k3uTe5N7k3uTe5N7k3uSe5J7koOSe5J7k3uTe5N7k3vTg9N703vS
e9OD04PTg9OL04PTg9OMFJyWnJaclpyWnJaclpyWnJaclpyWnJaklqRWpFakVqRW
nFaUFWKOYs9SDGrPlBSDkWrPcxBzDmrPcxCUFJxUnBSDknMPScpBiVpMi5KDkWrO
ctBijXNQg9OUFJRUlBSUFJQUjBOD0oPSg9KD04QTg9KD04QTjBSEFIQUhBSEFIQV
hBSEFIQUhBSEFIQUfBSEFIQUhBR8FHwUfBR8FXwVfBV8FHvUe9Rz1HPVc9Rz1HPU
c9Rz1GvUa9Rr1GvUa5RrlHNRc1FzUXtSe5J7knuSe5J7koOTe5Nzk3OSc5J703vS
e5J7knuSe5J70nvSe9J70nuSg9OD04PTg9OD0oPTlBWclpyWnJaclpyWnJaclpyW
nJWclZyVnJWclZxVpFWcVZxVlBNSDGKOWkxSTIwTe5Fqz2rQcs9qz3MRlBScVJQU
Yo5JzEmKQYpSDIOSc1BSDFpLSYhSCmrNi9OUFJQUjBSME4OSas5ijnMQg9J7kmsQ
c1GD04PUe9J7knvSe5KD03uTe5OD04QUhBSEFIQUhBSEFIQUhBR8FHwUfBV8FXvU
e9R71HPUc9Rz1HOUc9Rz1HPUc9Rz1GvTa9Rr1GvUa5RzUXNRc1F7UnuSe5JzknuS
e5J7k3uTe1NzUnuTe5N7k3uSe5JzknuSe5J703vSe5J70nvSg9OD04PTg9OD05RV
nJacVpxWnFaclpyWnFacVpxWnFacVZxVnFWcVZxVnFWcVYOSSctaTWKOYs+UFHtR
cxBy0HMPas97UZxUnFSUE1pNQYpJy0GKSgt7UGKNOYlBikGJScpijovTlBSMFIwU
jBNzEEnKOYlajXuRc1BKDFqPg5KD0mLPWo5izmsQe1FajkpNaxB704QUhBSEFIQU
hBSEFIQUe9R8FHwUfBR71HvUe9Rz1HPUc9Rz1HPUc9Rr02vUa9Rr1GuUa5NrlGuU
c1JzUnNRc5F7knOSc5JzknuSe5J7knuSc5JzknuSe5J7knuSe5J7k3uTe5N7k3uS
g9OD04PTg9OD04PTg9OUVZyWnJaclpyWnJaclpxWnFacVpxWnFacVpxWnFacVZxV
lBRzEGLOSctJy3sQnBNyz3MQas9zEGLOe1GUVJxUi9NaTUGKQYlBiVINcxFSDUnM
Wk1SDVJNYo+D05QUlBSUFIvUcxBByjmJWo57kWsOOctSTYORe1BKC0HJScpizmLP
OYopCEpNc5OD1IPVhBSEFIQUhBR8FHwUfBR71HPUe9R71HvUc9Nz1HPUa9Rr1GvU
c9Rz1HOUa5RrlGuUa5RrlHNScxJrUXNSc5JzknOSc5JzknuSe5J7knNSc1Jzk3uT
e5J7knuSe5J7knuTe5NzknuTe5KD04PTg9ODkoPTlFWclpRWnFacVpxWnFacVpxW
nFacVpxWnFWcVZxVnFWUFIOSas5zEFILOYlzD4vSYo57UXLPexBqjoNRlBSUFIOS
Wk05STEHOUlSC3tRYs9ajmsQWo5STWsPjBOUFIwUjBSD1HNRQYs5imKPe5JjDznL
Ws5703NSSk5KDjnMUo9ajzmKKUlKTXOTe9SD1IPUg9R71HwUfBR8FHvUfBR8FHvU
e9Rz1HPUc9Rz1HPUc9Rz1GvUa9RrlGOUa5RrlGuUY5RzEXNRa1FzUnOSc5JzknNS
c5JzknuTe5JzknOSe5J7knuSe5J7knuSe5KDk3uTe5J7knuSe9N704PTe5KD05RV
nJaUVZxWnFacVpxWnFacVpxVnFWcVZxVnFWcVZxVnBWDkntRcxBiz1qOYs57kXMP
i9ODkoOSas+DkpxUlBSDkmrPUgw5iVILWo17kXMPWo1rEGrPWk1qz4vTjBSMFIwU
hBNrEEHLQYpijnNRYs9KDFqOc5JrEVKPSk5STmsRYtBBzDmLWo57k4PUg9SEFHwU
fBR8FHwUfBR0FHvUe9R71HvUc9Nz1GvUa9Rr1HPUc9Rr1GuUa5RrlGuUa5RrlGuU
c1FrUWtRc1FzknORc5FzknOSe5J7knuSc5JzknOSe5N7knuSe5J7knuSg5J7knuS
e5J7knvSe9J70nuSg9OUVZxWnFWcVZxVnFWcVpxWlFacVpxWnFacVZxVnFWcVZxU
lBWUFYvUi9SMFYPTjBOME5RUlFSUFIOSi9OUFZQUlBSL03tRYs97koPTjBN7klpM
WkxaTFILas6L04wUjBSMFIvUe5Ni0GMRc1JzUmtRYtBSjmMQaxBiz1qPa1J702sR
Uk5KTlrQe9SEFIQUfBR71HvUe9N71HvUe9R71HvUe9R71HPUc9Nz1HPUc9Rr1GuU
a5RrlGuUa5RrlGuUa5RrlHNRaxFrUXNSe1JzUnNSc1JzkXuSe5J7knNRc5JzknOS
e5J7knuSe9J7koOSe5J7knuSe5J7k3uTe5N7koPTlFWUVpRWlFaUVpxWnFWcVZxV
nFWcVZxVnFWcVZxVnFWcVZRVlFWUVZRVlFWUVZRVlFSUVZxVlFWUFZQVnBWcFZQU
lBSMFIPTjBSMVIwUjBR7knNRaxFrUXuSjBOMFIwUjBSMFIwTg9OD04PUg9OD03vT
c5JzknvTc5NzUnvTe9R7k2LQWs9zknvUe9R71HvUe9R71HvUe9R71HvUe9R71HPU
c9Rz1HPUc9Rz02vUa9Rr1GPUa5RrlGuUa5RjlGOUY5RrUmtSa1FzUXOSc1JzUnNS
c5Jzk3uSe5JzkXNSc5J7knOSc5JzknuSe5J7knuSe5J7koPSe5J7k3uSe5KD1JRW
nFaUVpRWnFaUVZxVlFWUVZxVnFWcVZxVnFWcVZxVnFWUVZRUlFWcVZxVnFWcVZxV
nFWcVZxVnFWcVZQVlBSUFJQUlBSMFIwUlBSUFJQUjBSL1IwUjBSMFIxUjBSMFIwU
jBSME4wThBOD04PTg9OD03vTg9OD03vTe9SD1IPUe9R71HvTe9OEFIQUe9R71XvU
e9R71HvUe9R71HvUc9Rz1HPUc9Rz1HPUc9Rr1GvUa5RrlGuUa5RrlGuUa5RrlGOU
c1FrEWtRc1FzknNSc1FzUnOSc5Jzk3OTc1JzUntSe1J7knOSe5J7knuSe5J7knuS
e5J7knuSe5N7k3uTi9SUVpRWlFaUVpRWlFaUVpRWlFWcFZxVnFWcVZxVnFWUVZRV
lFWcVZxVnFWcVZxVnFWcVZxVnFWcVZRVlFWUVJRUlBSUFJQUlBSUFJQUlBSUFJQU
lBSUFJQUjBSL1IwUjBSMFIwUjBOME4QTg9OD04PTg9OD04PTg9OD04PTg9SD1HvU
g9SD1IPUe9R71HvUe9R71HPUe9R71HvUe9R71HvUc9Rz1HPUc9Rz1HPUa9RrlGuU
a5RrlGuUa5RrlGuUY5RjlHNRa1FrUXNSc5JzUnNSc1JzUnOSc5JzknNRc1JzUnOS
c5JzknOSc5J7k3uSe5J7UnuSg5J7k3uSe5J7koQTlFWUVZRVlFWUVZRVlFWUVZRV
lBWUVZRVlFWUVZRVlFWUVZRVlFWUVZRVlFWUVZRVlFWUVZRVlFWUVJRUlBSUFJQU
lBSUFJQUlBSUFJQUlBSUFJQUjBSMFIwUjBSMFIwUjBSMFIwThBOD04PTg9OD04PT
g9N704PTg9OD03vTe9OD04PTg9SD1HvUe9R71HvUe9R71XvUe9R71HuUe9R71HPU
c9Rz1HPUc9Rz1GvUa5RrlGOUa5RrlGuUa1RjlGOUY5RrUWsQa1FrUXNSc1JzUnNS
c1JzknOSc5JzUXNRc5JzknOSc5JzknOSe5J7knuSe5J7knuSe5N7knuSe5KEFJRV
lFWUVZRVlFWUVZRVlFWUVZRUlFSUVZRVlFWUVZRVlFWUVZRVlFWUVZRVlFWUVZRV
lFWUVZRUlFSUFJQUlBSUFJQUlBSUFJQUjBSMFIwTjBSMFIwUjBSMFIwUjBSMFIwU
jBOEE4PTg9OD04PTg9OD03vTg9OD04PTe9OD1IPTe9R71HvUe9R71HvUe9R71HPU
e9R71HvUe9R71HPUc9Rz1HOUc9Rz1HPUa9RrlGuUa5RrlGuUa5RjlGOUY5RjVGOU
a1FrEWsRa1FzUnNRc1FzUXNRc1JzknOSa1JzUXuSe5JzknOSc5JzknOSe5J7knOS
c5J7knuTe5N7k3uTi9SUVpRVlFWUVZSVlFWUVZQVlFWUVJRVlFWUVZRVlFWUVYxV
lFWUVZRVlFWUVZRVlFWUVZRUlBSUFJQUlBWUFJQUlBSUFJQUlBSMFJQUjBSMFIwU
jBSMFIwUjBSMFIwUjBSME4wTg9OD03vTg9OD04PTg9OD04PTg9OD1IPUg9SD1IPU
g9R71HvUe9R71HvUe9V71HvUe9R71HuUe9R71HPUc9Rz1HPUc9Rr1GuUa5RrlGuU
a5RrlGuUY5RjVGOTY5NjlGtQaxFrEWtSc1FzUXNRc1FzUXNSc5JzUnNRc1JzUnOS
c5JzknNSc1JzUnuSe5JzknuSe5J7knuSe5J7koPUlFWUVZRVlFWUVZRVlFWUVZRV
lFWUVZRVlFSUVJRUlFSUVJRUlFSUVJRUlFSUVJRUlFSUVJQUlBSUFJQUlBSUFJQU
lBSUFIwUi9SMFIwUjBSMFIwUjBOMFIwUjBSEFIQThBOEE4PTg9OD04PTg9OD0oPT
g9OD04PTg9OD04PTg9N703vUe9R71HvUe9V71HvUe9R71HvUc9Rz1HPUc9Rz1HPU
c9Nz1HPUa9RrlGuUa5RrlGuUa5RrlGOTY5Njk2OTY5NrEWsRaxFrUnNSc1FzUnNS
c1J7UnNSc1JrEmtSc1JzknOSc5JzknOSc5JzknuSc5JzknuTe5J7knuSe9KMFJRW
lFWUVZRVlJWUVZRUlFWUVZRVlFWUVZRVlFWUVJRUlFSUVJRVlBSUVZRUlFSUVJxU
lFSUVJQUlBSUFJQUlBSUFJQUlBSUFIwTjBOME4wTjBSMFIwUjBSMFIwUjBSME4wT
g9OD04PTg9OD04PTg9OD04PTg9OD04PTe9N703vTe9N703vUe5R71HvUe9R0FHPU
c9Rz1HPUc9Rz1HPUc9Rz1HPUc9Rz1GuUa5RrlGuUa5RrlGuUY5Njk2OTY5RjlFuU
a1FrEWsRaxFrUWtRa1FzUXNSc1JzUnNScxFzUXNSc1JzUnNSc1JzUnOSe5J7knNR
c5J7knuSe5J7koOSjBSUVZRVlFWUVZRVlFWUVZRVlFWUVZRVlFWUFZQUnBSUFJQU
lBSUFJQUlBWUFZQVlBWUFZQUjBSUFJQUlBSUFJQUlBSME4wTjBSMFIwUjBSMFIwU
jBOME4wTjBOME4wTjBOD04PTg9N704PTg9OD04PTg9OD04PUg9OD04PTe9N703vT
e9N703vUe9R71HvUe9R71HvUe9Rz1HPVc9Rz1HPUc9Rz1GvTa9RrlGuUa5RrlGuU
Y5RjlGOUY5RjlGOUY5Rbk2sRaxBrEWtRa1FzUXNSc1JzUXNRc1JzUXNRc1FzUnOS
c5JzUnNSc1JzUnOSc5JzUXNSc5J7knuSe9J7k4wUlFWUVZRVlFWUVZRVlFWUVZRV
lFWUFZQVlBSUFJQUlBSUFJQUlBSUFJQVlBWUFZQVlBWUFJQUlBSUFJQUjBSMFIwU
jBSMFIwUjBSMFIwUjBSMFIwUjBSMFIwUjBSME4QTg9OD04PTg9OD0oPTg9OD04PU
g9OD1IPTe9N8E3vTe9N703PUe9N71HvUe5R71HvUe9R71HPUc9Rz1HPUc9Rz1HPU
c9Rz1GvUa5RrlGuUa5RrlGOUY5RjlGOUY5Rjk1uTY5NjEWsRaxFrEWsRaxFrUXNR
c1FzUnNSc1JrUmtSc1JzUnNSc1JzUmtSc1J7UnuSc1JzUnOSe5JzknuSe9OMFJRV
lFWUVZRWlFWUVZRVlFWUVZRVlBWUFZQVlBWUFZQVlBSUFJQUlBSUFZQVlBSUFJQU
lBSUFJQUjBSMFIwUjBOME4wTjBOME4wTjBOEE4wTjBOME4wTjBOMFIwUhBOD04PT
g9OD04PTg9OD04PTg9OD04PTe9N703vTe9N703vTe9Nz03vTe9N703vTe9Nz03PT
c9Rz1HPUc9Rz1GvUc9Rz1HPUa9Rr1GuUa5RjlGOUY5RjlGOUY5RjlFuUY5Rjk2OU
YtBi0GLQYtFjEWsSa1FrUXNRc1FzUmtRaxFrEWtRc1JzUnNSc1JzUnNSc1JzUmtR
c5FzknOSc5J7knvTjBSUVYxVjFWMVZRVlFWUVZRVlFWUFJQVlBSUFJQUlBSUFJQU
lBSUFZQUlBSUFJQUlBSUFJQUlBSUFIwUjBSMFIwUjBSMFIwTjBOME4wTjBOME4wT
jBOL04wTg9OD04PTg9OD04PTg9OD04PTe9N703vTe9N703vUe9N703vTe9N703vU
e9Rz1HvUe9R71HvUe9Rz1HPUc9Rz1HPUc9Rz1HPUc9Rz1GvUa5RrlGuUY5RjlGOU
Y5Njk2OTY5Njk2OTY5Njk2MQYxBi0GLPYs9rEGtQa1FrUWtRaxFrEWsRYxFrEWsR
cxFzUXNRc1FzUXNSc1JrUWtRc1JzUnNSc1J704QUjFWMVYxVlFWUVZRVlBWMFYwV
jBWMFYwVjBWUFZQVlBSUFJQUlBSUFJQUlBSMFIwUlBSUFIwTjBSME4wUjBOME4wT
jBOME4wTjBOME4wTi9OL04vTi9OL04QThBOD04PTe9OD04PTg9OD03vTe9N703vT
e9R703vTe9N703vTe9N703vTe9N703vUe9R71HPUc9Rz1HPUc9Rz1HPUc9Rz1HPU
c9Rr1GvUa5RrlGuUY5RjlGOUY5RjlFuTY5Njk2NTY1NzUXMRYxBrEWsRaxFzUXNR
c1FzUXOSc1JzUnMRaxBrEGsRc1FzUXNRa1FrUGsQaxBzUXNRa1FrUXNSg9OMFIxV
jFWUVZRVlFWUFZQVlBWMFYwVjBWMFIwUjBSMFIwUjBSMFIwUjBSUFJQUlBSUFIwU
jBSMFIvUjBSL1IwTjBOEE4wTjBOME4wTjBOL04wTi9OD04PTg9OD04PTg9OD04PT
g9ODk4PTe9N703vTe9N703vTe9N703vTe9N703vTe9N703vTe9N703vTc9Rz1HPU
c9Rz1HPUc9Rz1HPUc9Rz1HPUa5RrlGOUa5RjlGOUY5RjlGOUW5Njk2OTY5NjU2NT
c1FzUWMRYxFrUmtRc1JzUnNSc1JzUnOSc5JrUmtRc1JzknNSc5JzknOSc5JzknOT
c1JrUmtRaxFzUYPSjBSUFIxUlFWUVZRVlFWUVZRVlFWUFZQVlBSMFIwUjBSMFIwU
jBSMFIwUjBSMFIwUjBSMFIwUjBSL1IwUjBOME4wTjBOME4wTjBOL04vTi9OL04PT
g9OD04PThBOD1IPUe9OD04PTg9OD03vTe9N71HvTe9N703vTe9N703vTc9N703vT
e9R71HvUe9R71HvTe9Rz1HPUc9Rz1HvUc9Rz1HPUc9Rz1GuUa5RrlGuUa5RjlGOU
Y5Njk2OTY5RjU2NTY1NjU3NSa1FjEGsRaxFrEWtRa1FzUnNSc5JzknNSc1JrEXNS
c1J7knNSc1JzknOSc5JzknOSc5FzUnNSe5KD04wTlBSUFJQUlFSUVJRUlBSUFJQU
lBSUFJQUlBSUFIwUjBSMFIwUjBSMFIwUjBSUFJQUlBSMFIwUjBOME4wTjBOME4wT
jBOME4vTi9OL04PTg9OD04PTg9OD04PTg9SD03vTg9OD04PTg9N703vTe9N703vT
e9N703vTe9N71HvUc9N703vTe9N71HvTc9Nz03PUc9Rz1HPUc9Rz1HPUc9Rz1HPU
a9RrlGuUY5RrlGuUa5RrlGOTY5Njk2OTY5NjU1tTW1NrUmtRYxFjEGsRaxFrEmsR
axFrUXNRc1JzUmtRaxFrUXNRc1JzUnNSc1J7UnOSc5JzknNSc1JzUnOSe9OMFIxU
jBSMVIwUjFSMFIwUjBSMFJQUlBSMFIwUjBSMFIwUjBSMFJQUlBSUFIwUjBSMFIwT
jBSMFIwUjBSME4wTjBOME4wTjBOME4QTg9OD04PUg9OD1IPTg9OD04PTg9N704PT
g9OD03vTe9N703uTe5N703vTe9N703vTe9N703vTe9N703vTe9Rz1HPUc9Rz1HPU
c9Rz1HPUc9Rz1HPUc9Rz1HPUa9RrlGuUa5Rrk2uTY5Njk2OTY5Njk2NTY1RjVGNT
a1JrUWLQYtBjEWsRaxFrEmsRaxFrUnNSc1JzUWsRc1FzUXNSc1JzUnOSe5JzknNS
c5JzUnNSc1JzknvThBSMVIwUjBWMFIwUjBSMFIwUjBSMFIwUjBSMFIwUjBSMFIwT
jBOMFJQUlBSUFIwUjBSME4wTjBOME4wTjBOME4wThBOME4vTi9OL04PTg9OD04PS
g9OD04PTg9OD04PTg9OD04PTg9N703vTe9N703vTe9N71HvTe9N703vTe9N71HvU
c9R71HvUe9R71HPUc9Rz1HPUc9Rz1HPUc9Rz1HPUa9Rr02vUa9RrlGuUa5Rrk2OU
Y5RjlGOTY5RjlGNTY1NjU2sRaxFi0GLQYxBjEGsRaxFrEWsRaxFzUnNSaxFrEWsR
axJzUmtSa1JzUnNSc1JzUnNSc1JzUXNRe5KD04QUjFSMFYwVjBWMFIQUjBSMFIwU
jBSMFIwUjBSMFIvUjBSMFIwUjBSMFIwUjBOMFIQUjBSMFIwTjBOME4wTi9OL04vT
i9OL04vTg9OD04PTg9OD04PTg9OD04PTg9OD04PTg9N703vTe9N703vTe9N704PT
e9N703vTe9N703vTe9N71HvUc9R71HPUc9Rz1HPUc9Rz1HPUc9Vz1HPUc9Rz1GvU
a9Nr1GPUa5RrlGuUa5RjlGOUY5RjlFuUY1NjU2NTY1NrEWsRYtBi0GMQYxFjEWsR
axFrEmtRa1FrUWtRYxFrEWtRa1FrUWtRc1FzUXNSc1JzUnNSc1JzUXuSg9OMFIwU
jBSMFIwUjBSMFIwUi9OMFIwUjBSME4wUjBSMFIwUjBOMFIwUjBSMFIwUjBSMFIwT
jBOME4vTg9OD0oPTg9OD04PTg9OD04QTg9KD0oPSg9KD0oPSg9OD0oPSe9J70nuS
e5JzknuSe5F7knuSe5J70nuSe5J7knuSe5J7knOTe5NzlHOTe5Nzk3OTc9Nz03PT
c9Nz03PTc9Rz03PUa9Rr1GvUa9RrlGuUa5Nrk2OTY1Njk2OTY5Njk2OTY1NjU2NT
axFrEWLQYtBjEGMRYxFjEWsRaxFrEWtRc1FrUWsRaxFrEnNSa1JrUWtRc1FzUnNS
c1JrUnNSc1J7koPTjBSMFIwUjBSMFIwUjBSMFIwTjBSMFIwUjBSME4wTjBSMFIwU
jBSMFIwUjBSMFIwUjBSMFIvTg9OD04PTg9OD04PTe9OD04PTg9OD04PTg9OD04PT
g9OD03vTe9N703vTe5N7knuSe5J7UnuSc5JzkXOSc5JzknOSc5JzknOSc5JzknOS
c5JzknOSc5JzknOSa5JrkmuSa5Jrk2uTa5Nrk2uTa5Nrk2uTY5Njk2OTY5Njk2NT
Y1NjU2NTY1NjU2NTW1NbU2sRaxFi0GLQYtFjEWMRYxFrEWsRc1FrUWtRa1FrEGsR
axFzEmsRa1FrUnNSc1JzUnNSc1JzUnNSe5OD1IwUjBSMFIwUjBSMFIwUi9SMFIwU
jBSME4wUjBSMFIwUjBSMFIwUjBSMFIwUjBSMFIwThBOD04PTg9OD04PTe9OD04PT
g9OD04PTg9OD03vSe9N703vTe5N7k3uTe5N7k3uSc5J7knuSe5JzknOSc5JrknOS
c5JzknOSc5JzknOSc5JzknOSc9Nzk3OTa5Nrk2uTa5NrkmuSY1FjUmNSY1JjUmNR
Y1FjUWNRY1FjEVsRWxFbEVsSWxJbElsTWxJbElsSWxJrEWMRYtBi0GLRYxBrEGsQ
axBrEWtRa1FrUmtRYxFjEWsSa1JrEXNRc1JzUnNSc1JzUnNSc1JzUnuSg9OEFIwU
jBSMVIwVjBSMFIvUjBSMFIwUjBSMFIwUjBSMFIwTjBOME4QThBOMFIwUjBOME4QT
g9OD04PTg9ODk4PTg9OD04PTg9KD04PSe9J70nvSe5J7knuSe5J7knuTc5N7knuS
e5JzknOSc5JzkmuSc5Jzk3NSc1JzknOSc5JrkmuSa5Jrk3OTc5Nzk3OTa5Nrk2uT
a5Nrk2OTY5Nrk2uTY1NjU2NTY1NbElsSUxJTEVMRWxFTEFLRUtFS0FLQUtBK0FLQ
axFrEWLQYtBjEGMRYxFjEWMRaxFrEWtRa1JrUWMQaxBrEWsRaxFrEWsRa1FzUnNS
c1JzUWtRa1F7koPThBSMFIwUjBWMFYwUjBSMFIwUjBSEFIQUjBSMFIQUhBSEFIQT
hBSEFIQUhBSEE4QThBOEE4PTg9OD04PSg9OD04PTg9OD04PTe9N703vTe9J7knuS
e5J7knuSe5J7knuSe5J7knOSc5JzUmuSc1JzUnNSc1JrUmtSa1JrkmuTa5JrkmuS
a5Jzk3OTc5Nzk3OTa5Nrk2uTa5Njk2uTa5Nrk2uTa5Njk2OTY5NjU2NTY1NbUltS
W1JTElMSUxJK0UrRStFK0WsRaxFi0WLQYtBrEWsRaxFrEWsRaxFrUWtRa1FjEGMQ
Y1FrUWtRaxFzEmtSa1JrUmtSa1JrUXNRe5KD04wUjBSMFIwVjBSMFIwUjBSMFIwU
jBSMFIwUjBSMFIwUhBOEFIQUhBSEFIQUhBSEFIQUg9OD04PTg9ODkoPTg9OD04PT
g5ODk4OTe5N7k3uSe5J7knuSe5J7knuSe5J7knOSc5JzknOSc5JzUmuSa5JrUmtS
a1FrUmtSa5Jrk2uSa5JrkmuTa5Nzk3OTc5Nzk2uTa5Nrk2OTY5Njk2uTY5Njk2OT
Y5NjkmOTY1NbU1tTW1JbUltSW1JbUlNSU1JTUlMSSxJq0WsRYtBiz2MQYxBjEGMR
YxFrEWtSa1JrEmsRYxBjEWtRaxFrEWsRaxFrEWtSc1JzUmtRa1FrUnuTg9OMFIwU
jBWMFYQUjBSMFIwUjBSEFIQUhBSEFIwUhBSEFIQUhBSEFIQUhBSEFIQUhBSEFIPT
e9OD04PSg9OD04PTg9N703vSe9J7knuSc5J7knuSe5J7knuSe5JzknOSc5JzknOS
c5JzknOSc1JzUmtSa1JrUmtSa1JrUmtSY1JrU2tTa1JrU2uTa5Nrk2uTa5Nrk2uS
a5Nrk2OTY5Njk2OTY5Njk2OTY5Njk1uTW1NbU1tTW1NbU1tSW1JbUlNSU1JTUlNS
axBi0VrQWtBjEWMRYxBrEGMQaxFrUWtSaxJrEWrRYxFrEWsRaxFrEWsRa1FrUWtR
a1FrUWtRa1FzknvThBSEFIQUjBSMFIwUjBSMFIwUhBSEFIQUhBSEFIQUhBSEFIPU
g9SEFIQUhBSEFIQTg9OD04PTg9OD0oPTg9N703vTe5N7k3uTc5J7knuSe5J7knuS
e5J7knOSc5JzknOSc5JzknOSc5JzUmtSa1JrUmtSa1JrUmtSa1JrUmtSa1JrUmtS
a1NrU2uTa5Nrk2OSa5Nrk2uTY5NjkmOTY5Njk2OTY5Njk2OTY5NjUmNSW1NbUltS
W1JTU1NTU1NTElMSUxJTEmsRaxFi0GLQYtBjEGMQYxBjEGMQa1FrEWsRYxFi0GMQ
axFrEWsRaxFrEWtRa1FrUWtRa1FrEWtRe5KD1IwUjBSMFIwUjBWL1YQUhBSEFIQU
hBSEFIQUhBSEFIQUg9SD1IPUg9SD04PThBOD04PTg9OD04OTg9N703vTe9N703uS
e5J7knuSe5J7knuSe5JzknOSc5JzknOSc5JzknNSc1JzUnNSc1JrUmtSa1JrUmtS
a5JrUmtSa1JrUmtSa1NrUmtSc1Jrk2uTa5Nrk2uSa1NrU2tTY1NjVGNTY1NjU2OT
Y5NbkltSW1JbUltSW1JbUltSW1JTUlNSUxJTElMSUxJrEWMRWtBi0GLQYxBjEGMQ
YtBjEWsRaxFrUWsRYxFjEGMRYxFjEmMSYxJrUmtSa1JrUWsRaxFrUXOSe9SEFIwV
jBSMFIwUjBSMFIwUhBSEFIPUhBSEFIQUhBSEFIQUg9SD1IPUg9SD1IPTg9SD1HvT
g9OD04PTe9N703vTe5Nzk3uTe5J7kntSe5N7knOSc5JzknOSc5JzknOSc1JzUnNS
c1JzUXNSa1JrUmtSY1JrUmtSa1JrU2NSY1JjUmNSY1JjUmNSa5JrkmuSa5JrkmOT
Y5Njk2NTY1NjU2NTY1NjU2NSY1FbUFtRW1FbUltSW1JTUlNSUxJTElMSUxJTElMS
YxBjEVLQWtBa0GLQYtFi0GLQaxFrEWMRaxJrEWLRYxFrEWMRYxFrEWsQaxFrEWtR
axFrEWsRa1J7koPUg9SMFIwVjBWMFYwUjBSEFIQUhBSEFYQUg9SD1IPUg9SD1IPU
g9SD1IPUg9SD1IPUe9OD04PTg9N703vTe9N7k3uTc5N7k3uTe5J7knOSc5JzknOS
c5JzknNSc1JzUnNSc1JzUWtSa1JrUmtSa1JrUmtSa1JrUmNSa1JjUmNSY1JjUmNT
Y1JjUmtSa5Jrk2uSa5JjkmOTY1NjUmNSY5JrUmNSY1JjUlsMUstazFsNWw9bEFMR
UxFTElMSUxJLElMSUxJTEmMRYxBa0FrQYtFi0GLQYtBi0GLQYxBjEWMRYxFa0VrR
YxJjEWMRaxFrEWsRaxFrEWsRaxFrEXNSe5OD04PUi9SMFIwVjBWMFYQUhBSEFIQU
hBSEFIPUg9SD1IPUg9SD1IPUg9SD1IPTg9OD03vTg9OD04PTe9N7k3uTe5N7k3uT
e5N7k3uSe5JzknOSc5JzknOSc1JzkmuSa1JrkmtSa1FrUmtSa1JjEmtSa1JjUmNR
Y1JjUmNSY1JjUmNSY1NjUmNSY1JjkmOSY5Njk2NTY1NjU2NTY1NjU2NTY1NjU2NT
YxFaylKHUodSh1KIUstSzVLPUxBTEVMRSxFTElMSUxJi0GLQWo9aj1qQYtBi0WLR
YtBq0WMRaxFrEWMRWtBi0GMRYxFjEWMRYxFrEWsSaxFrEWsRaxFzUnuTg9SD1IwU
jBWMFYwUhBWEFIQUhBSMFIPUg9SD1IPUg9SD1IPUg9SD1IPUg9SD1HvUg9SD04PT
g9N703vTe5N7knuTe5N7UnuSe5JzknOSc5JrknOSc5FzUnNSc1JzUnNSa1JrUmtS
a1JrUmtSa1JrUmsRa1FrUWMRY1JjUmNSY1JjUmNSY1JjUWOSY5JjkmOSY1JjUmNT
Y1NjU2NTY1NjU2NTY1NjU1sQWohahVKFUoVSRVKFSodSiFLKUsxazlLQUxFTEVMS
axBi0FqPWo9i0GLQYtFi0VrQYtFjEWMRYxFjEFsQWtBjEGMRYxFjEWMRYxFjEmMR
axFjEWsRa1F7k4PUg9SL1IwVjBWMFYvVg9SD1HvUg9SD1IPTe9N703vTg9SD1IPU
g9SD1IPUg9R71HvTe9OD03vTe9N703uTe5Nzk3uTe5N7knuSe5JzknOSc5JzUnNS
c1JzUnNSa1JrUmtSa1JrUmtSa1JrEmMSYxJjEWMRYxFjEWMRYxJjEWMSYxJjUmNS
Y1JrU2NSa1JjU2NTY1NbU2NTY1NjUmNTY1JjU2NTYxJbD1qHWkZSRlJFUkVSRVJF
UkVSRVJGUkhSilLNUs5TEWLQYtBikFqQWtBa0FrQWtBa0GLQYxBrEWsRYtFa0VrQ
YtFjEWMRYxFjEWNRYxFjEWMRYxFjEWtSe5OD1IPUg9SEFYwVjBWDk3sRexB6z3rP
eo16jHJMckt6zYPTg9SD1IPUg9SD1HvUc1JzUnuTe9N703vTe9N7k3uTe5J7k3OS
c5JzknOSc5JzknNSa1JzUnNSa1JrUmtSa1JrEmNSa1JrUmtSa1JrEmsRYxFjEWMR
YxFjEVsRY1FjUWNRY1FjUmNSY1JjkmNSY1NjU1tTW1JbUmNSY1NjUmNSY5JbUltS
Ww1Sx1KFUkVSRVJFUkVSRVJFSkVKRUpFSkVKRkqJUs9i0GLQWo9aj1qPWs9i0GLQ
YtBi0GLQaxFjEWMRWxBa0GMRYxFjEWMRaxFrEWsRaxFq0WMRYxFrUnOTe9N71IPU
hBWMFYQUexBxiGlHaUZpBmkFaQVpBWkFcgl7kXvTe9R71HvUe9Rzk1KPSk5rEXuT
e9N703uSe5N7k3uTe5JzknOSc5JrknOSc5JzkWtSa1JrUmtSa1JrUmtSa1JrUmNS
a1JrUmsRY1FjUWMRYxFjEWMRYxFjEWMRYxJjUmNSY1JbUmNSY1JjUmOSY1JjUmNS
Y1JjU1tTY1NbUltSW1JbUVrNWoZShlJFUkVSRVJFUkVKRUpFSkVKRUoFSgVKSEqP
YtBi0FqPWpBakGKQYtBi0FrQYxFjEGMRYxFbEVrQWtBa0VsRWxFbEWMRYxFjEWMS
YxFjEWMRa1J7k3vUg9SEFIwUjBSD1HKPYMVghGCDYINgg2CDYINghGnIc5J704PT
e9N71HvUa1MxzCmLWxBzk3vTe5N7k3uTe5Nzk3OTc5JzknOSc5JzUnNSc1JrUmtS
a1JrUmtSaxJrUmtSa1JrUmsSY1JjUmMSYxFjEVsRWxFbEVsRYxFjEVsRWxJbElsS
WxJbEmNSY1JjUmNSY1JjUltSW1JbUltSW1JbUltSW1Fay1KGUoVSRVJFSkVSRUoF
SgVKBUoFSgVCBUoFSghKj2LQYtBaj1KPWtBa0FrQWtBa0GLQYtFjEWMRYxFa0FrQ
WtBi0GLQYtBjEWMRYxFjEWMRYxFrEWtSe5N71HvUg9SEFYQVg9RqT2CEWINgg2CD
YINgg2CDYINph3OSe9OD03vUe9R7lGNSKYshSlrQe5N7k3uTe5N7knOSc5JzUnOS
c5JzknOSc1JrUmtSa1JrUmtSa1JrUmtSY1JjUmNSY1JjEmMRYxFjEWMRYxFjEVrR
WxFbEVsRWxJbElsSWxJbElsSWxJbUltSW1JbUltSW1JbUltSW1JbUltSW1JbUVNR
UstKhlJFUkVSRVJFUkVKRUpFSkVKBUIFSgVKBUoJSo9i0GLQWo9aj1rPYtBa0FrQ
WtBbEFsQYxBjEWMRWtBa0GLRYtBi0GLQYxBjEWMRYxFjEWMRYxFrUnuTe9N71IPU
hBWEFYPUak9YhWCEYINgg2CDYINgg2CEaYhzknvTe9R71HvUc5RjUimLKYtbEXOT
c5Nzk3OTc5Nzk3OTc5Nrk2uSa5JrkmtSa1JrUmtSa1JjUmtSa1JrUmtSYxFSj1KQ
UtFbEVLQUtBa0VsRWxFbEVsRWxFbEVsRWxFbEVsSWxJbEltSW1JbUltSW1JbUltS
W1JbUltSW1JbUltSW1JbEVqKUkZSRVJFUkVSRVJFSkVKRUoFSgVKBUoFSgVKCUqQ
YxBiz1LPUo9SkFqQWpBa0FrQWtFa0WLQYxFjEFrPWtBbEFsQWxBa0FrQWxBjEGMR
YxFjEWMSa1Jzk3vTg9SD1IQVhBV71GpOWIRYg2CDYIRghGCEaQZhBmmIe5F703vU
c9Rrk2uTSxAZihmKUs9jUWNRY1FbEGtRc5JzknOSc5JzknOSc1JzUmtSa1JrUmNS
a1JrUmtSaxJjElrQOcwpizoNQk4xzDHMSo9a0VsRWxFbEVsRUtBS0FLQUtFTEVLR
UxFTEVMSWxJbEltSW1JbUltSW1JbUltSW1JbUlsSWxBSilJGUkVSRVIFUkVSRUpF
SgVKBUoFSgVKBUoGSklCkGLQYtBaj1KPWpBaj1qQWpBakFrQWtBi0GLQYtBaj1qP
YtBi0FrQWtBa0GLQYtFjEGMQWxBjEWtSc5N703vUg9SEFXvUe9NqTliFWIRgxWDF
WIVpSIIKYUhhjHNSe9Nz02NRSo9CTioNGUkZSTHLOgwyDDIMOgxKTmtRc5NzknOS
c5JzUnNSa1JrUmtSa1JrEmsSaxJjEmMSYxJSkCmKGQgxyzpMGUgZSTpNUxBbEVsR
WxFS0DpNMcoxyzILOgw6DTpNQk5Cj1LQWxJbUltSWxNbE1sSWxJTElMSUxJTElLQ
UkhSRlJFUkVSRVJFSkRKBUoFSgVKBUoFScVKBUpKSpBa0FrQUo9Sj1KQUpBakFqQ
WpBa0FrQYtBa0FrQWtBakFrQWtBaz1rQWtBa0GMQWxBbEFsQY1FrUnOTe9N71HvU
hBSD1HuTak1Ix1DHcYlZSFFJegxyClEJYYtzknvTc5RTECGLGUoRSREJEUkZShlK
GUoZSRlJKYpS0GtTa1NrU2tSa1JrUmNSa1JrUmsSYxJrEmMSYxJjEmMSSo8hSRDI
KYsyDBEJEQk6DlLQWtFa0VLRSpApjBEIEQcRBxEIGQgZSSFJKYpCTVLRUxFbElsT
WxJbElsSWxJbElsSWxJS0EpISkVKRUpFSkVKREpFSgVKBUoFQgVCBEoFQgVCSkqQ
YtBa0FKPUo9Sj1KPWpBakFqQWpBa0FrQWtFa0FKQUpBakFrQWtBa0FrQYxBjEVsQ
WtBa0VsRa1Jzk3PTe9OEFIQUe9N70mpOQMhRSnKPYk5iTnJOWUdIxWGHc5F703PU
StAhixlLEUoRCREKGYsZixmLEUoRSSnLUxBjUlsRYxFjEWMRYxFjEWNRYxJjEWMR
YxFjEWMRYxJjEkqQIUoQyCmLMgwRCBEIOk1S0FLRWtFS0UqQKcwRCAkICMgIxwjI
CMcIxxEIIYpK0FMSWxJTElsSUxFTElMSUxJTElMRSs5KiEpGSkVKRUpFSkVKBUIF
SgVKBUoFSgVCBUIGQktKkGLQYtBaj1KPUo9SkFKQUpBaUFqQWpBi0GLQYtBakFKQ
WtBakFrQWtBa0FrQWtBa0FrQWtBjEWtSc5Nz03vUe9SD1HvTc5JqDTjISUp60XrR
ak9hSEjFSMVhiHNRe9Rz1FtTQpE6UCGNCQohjEKQQpApzRFJGUpCTltSWxE6DDoM
OgxCTUJOSk5Kj0qOUo9Sz1LPWxBbEWMSWxJCjxlJEMgpyzILEQgRCTpNUtBS0FLQ
UtFS0TpOKc0hzCGLGYsZixEJCQgJCCHLStBTEVMSUxJTElMSUxJTElMSUxJTEVLN
SkZKBUoFSgVKBUoFSgVKBUoFSgVKBUoFQgVCBkJMQpBa0FqPUo5ST1KPUo9SkFKP
Wo9aj1qQWtBa0FrQWs9Sj1LQWtBa0FrQWtBi0FrQWtBS0FrQYxFzUnOTe5N71HvU
e9R7lHOTYg44yElKio2KzmmJWMVQhFCEYUhzUnvUc9RrlGNUW1MyDhEKKc1TEkrR
KcwZSinMUxFjU0rQIYsZSRlJIUohSSFKKYopiSmJMYoxyjoLUtBbEVsRQk4ZCAjH
KcspyxDIGQk6DlLRUtFK0FLQUtFK0EqQQpA6UDpPMg8ZiwjICQkqDUrRUxJTElMS
UxJTElMSUxJTElMSUxFKjUpGSkVKBUoFSgVCBEoFSgVKBUoFSgVKBUIFQgZCDEqR
WpBakFqPUk9Sj1KPUo9Sj1KPWo9aj1qQWtBa0FqPUo9akFqQWpBakFrQWtBa0FrQ
WtBa0GMRa1Jzk3PTe9R71HvUe9Rzk2JOQMVJBnGIcYhYxVhEWENYQ1lHc1F703vT
c9Nz1GuTOk0ZCToNY1JKjyFKIUtKj2OTY5NK0BmLEUkRCBEIEQgRCAjHCQcQxxEH
EQcZSEJOWxFbEUJOGQkRCDHLKcsIyBEIOk1Kz0rPOk5Cj0rQStFK0UrRStFK0TpP
IYoIyBlJOk5TEVMSUxJTElMSUxJTElMSSxJS0VLQSotKRkoFSgVKBUoFSgVJxUoF
SgVKBUoESgRBxEIFQk1CkFqQWpBST1JPUk9Sj1KPUo9Sj1rPWpBa0FqQWtBSj1JP
WpBakFqQWpBaj1qQWtFa0FrQWtFjEWtSc5Nzk3PUe9R71HvUc5NiDlCEUIRYxFiE
WINQQ1hDWIRZR2tRe5N7k3PTc9RjkjIMEQk6TltSUtApzDINWxJjk2OTUxE6TzHO
KY0hjCFLGUoRSgkICQgIxwjHGQhCTlLRUtE6DRDICMgpzCnLCMgZCTpOSo86DSmL
OgxSj1LRStFK0UrRStEyDhEJCMghi0KPStFS0VLRUtJS0lLSStJK0krSStFK0UqK
QgZKBkoFSgVJxUoFSgVKBUoFSgVKBUIFQcVCBkJMSpA=
END f128
  chw crc32 : cfbf129a   (low byte first)
  chw crc32 : 2a53a2e9   (high byte first)

-- f128fast: 128x128 RGB565, resolution register 0x0b, bus 16.0 MHz, recipe vendor --
  fifo      : 32768 bytes, expected 32768  
  timing    : setup 0.0 ms, expose 63.0 ms, read 16.5 ms  (1.89 MB/s over the bus)
  first 16  : 83 d2 83 d2 8c 13 8c 13 8c 53 8c 53 8c 53 8c 53 
BEGIN f128fast 128 128 32768 532e3dd9
g9KD0owTjBOMU4xTjFOMU4xTjFOME4QThBOEE4xUlFSUVJRUlJSUlJSVlJSMVIxU
jJWMlZSVlJWUlpSVlJWUlZSVlJWUlZSVlFSUVIxUlJWlF60YrRm1Wa1ZrVmtWa1Z
rVmtWa1ZrVmtWa1ZpRiMVYxWnNedGZTYjJaMlqVZrVmU150YpVmU15SXlJec2KUZ
pRmdGaUZpRmlGaUZpRilGZ0YlJec2KUZnRidGIRVfBWU2JTXhFWMlozXfFVj0mOS
fFWEVpTXlNiU2IyXfFVjkVtQfFWMl4yWjJZ0E0sPSw9LEEsPa9OEVYRVhFV0FUrQ
Qs8qTTJNSxB0FHwUfBSEFIPSg9KME5QUjBOMU4xTjFOUlJRUjBOME4QTjBSUVJRU
lFSUVJSUlJWUlpSVjFSMVIxUlFWUlZSWlJWUlZSVlJWUlZSVlJWUlZRVlFSMVZRV
pRitGK0ZtVmtWa1ZrVmtWa1ZrVmtWa1ZtZqtWq1ZpRmlGa1arVmtWaVZrVmtWq1a
rVqtWq1arVqtWa1ZrVmtWa1ZrVmtWa1arVmlWaVZpVmlGaUYpRmlGaUZpRmlGZ0Y
nRmdGZzYnNidGJzXlNeM1pTXlNeU15TXlNeU14zXjJaEVoyWlJeMl4yXhJZ0FWvU
Y5Nj03xVhFWEVYRVfFV0FWOTY5Jj03QUfFR8VHwUfBSD0oPSjBOME4wTjFOMU4xU
jFSMVIwThBOD04wTlFSUVZRVlFWUVZSVnJaUlYxUjFSUVZSVlJWUlZSVlJWUlZSV
lJWUlZSVlJWUVZRVlFWclqUYrRmtWa1ZrVmtWa1ZrVmtWa1ZrVmtWa1ZrVmtWa1Z
rVmtWa1arVqlWa1arVqtWq1arVqtWa1ZrVmtWa1ZrVmtWa1ZrVmlWaUZpRmtGaVZ
pVmlGaUZpRmtGaUZpRmlGZ0ZpRmdGJ0YnRidGJ0YnNic2JzYlNeU15TXlNeU15TX
lNaMl4yXjJeMl4yXhFaMVoRWhFaEVoRWhFaEVYRVhFWEVIQUhBSEFYQVhBWEFXwU
g9KD0owTjBOME4wTjFOMVJRUlFSMFIQTg9OMFJRUlFSUVJRUnJSUlZyVlJWMVIxU
jFWUVZSVlJWUlZSVlJWUlZSVlJWUlZSVlFWUFZRVnJatGK1ZtVmtWa1ZrVqtWa1Z
tZm1WbVZtVm1Wa1ZpRmdGZ0YpRilGJ0YnNidGK1ZrVmlGaUZnNic2KUZpRmtGa1Z
rVmtWa1ZnRic16UZpRmtGa0ZrRmtGa0YpRidF6UYpRidGaUZnRmc2JTXlNic2JTY
lNiU15UXlNeU15SXlNeU14yWjJeMl4yXjJeMl4yXhJaEloSWhFaEVoRWhFWEVYRV
hFWEVYRVhFWEFXwVfBR8FIPSg9KMEowTjBOME4xUlFSUVJRUjFSEE4QTjFOUVJRU
lFSUVJSUlJWclZyVlFSMVJRUlFWUlpSVlJWUlZSVlJWUlZSVlJWUlZRVlFWUVZyX
pRitGa1ZrVmtWbVZtVm1WrVatVq1WrVarVqlGYyWhFR8VHxUfFV0E3QTjJadWJTX
jJaEVmvTc9OElYSVlJalGaUZpRmdGYRVe9Sc2KUZpRmtWa0ZrRitWJSVjBSUlpzY
pRilGJ0YjJZ8FIyWjNZ8VXxVfFWMl5TXjJeEVYxWjJZ8FIRVfFWEloyWjJeMl4SW
hFaEVoRVhFaEVoRVhFWEVYRVhFWEVYRVfFR8FHwUfBSD0oPSjBOME4wTjFOMU5RU
lFSUVIwTjBOME4xTlFSUVJRUlJWUlZSVlJWUlYxUjFSMVJRVlJWUlZSVlJWMlZSV
lJWUlZSVlFSUVZRVlFWklq0YrVmtWa1ZtVm1WrVatVq1WrVatZq1WrVapRl0FVuT
W5Jb02QUS1Fb0nyWlRhr1GPTS1FC0FNSW5Nj03wVnRiU2IyWhJZjkltShJaMlpSX
pRitGaVZpViUlnwTfBOc16UYnRmM11uSSxBsFGwUQxBTUUsQfFWM13xVWxFsFGPU
Sw9TUFNQdBSMloyXjJeEVnPUY5NjknPUhFWEVYRVhFV8VHwUdBR0E3QUdBR8VHwU
g9KD0owSjBOME4xUjFSMlJRUlFSMFIQThBOEFJRUlFSUVJSUlJWUlZyVnJWMVIwU
lFSUlZSVlJWUlZSVlFWUlZSVlJWUlYxVlFWUVZRVpNetGK1ZrVmtWrVatVq1WrWa
tVq1WrVatVq1Wq0ZbBNbk1uTW5Nbk1NRW5J8VZUYdBRr1EMRQxFLUluTdFWEl5VZ
dBRjkmwUU1BKz2vTY5Jr0pzYpRmdGJ0XlJaUlpSWlJac150YjJZLUDrOS1Fb1EMQ
XBRDEGwUhNdj0zrOS1FLUTKOKo46z1MRfFaMlnxWW5I6jipMOs5DD2OSfFWEVXQU
Y9NTkUsQQs9Cz1MRa9N8FHvSg9KEE4xUjFOMVIxUjFSUVJRUjBSME4QTjBOUVJRU
lFSUlJSVlJWclZyVlFSUVJRUlJWUlZSVlJaUlZSVlJWUlZSVjFWUVJRUlFSUVaTX
rRi1GbVZtVm1WbVZtVm1WrVatVm1WbVZtVqlGmPTU5JLklOSS1FT01OTfFWdWXyV
Y9NDUUtSQxFr05zYpRmlGWuUa9SEl2PTW5J8l2wUY1KdGKUYjJWMVIQTnNedF3wU
fFWVGJTYW5Mqj0tSU9Myz1OSQs9r04zYdBU6z0MRQ1EyzyqOMs9LUXRVfJZbkkLP
SxAqTVuTU1I6jmPTbBVCzzqOOo5Cz0sQQtAyTULPdBOD0oPSjBOMU4xTjFOMU5RU
lFSUVIwThBOEE4wTlFSUlZSUlJWUlZSVnJWclZRUjBSUVJRVlJWUlZSVlJWUlZSV
lJWUlZSVlFWUVZRUlJWk160YrVmtWa1ZtVm1WbVZtVq1WrVatVq1WrVapRlbk0MR
Q1FT00uRW9NTUYRWnRl8VWQUU5JDUUNQdBSUmJ0ZnRlr02wUfJZbkluSfJZr02NS
lRiM12uRfBNz0p0XpViEVGuSjNaElktRKo4y0EMROs9T00MQY9OE2GwUMo8yjzKP
Ko4qTipOQxFsFHRVQo9bkluTOk50FHRVSs9LEGwUSxFTEWPTbBR0FHQUU1EpzFuS
e9J70oQTjFOMU4xTjFOMVJRUlFSMFIQThBOMFJRUlFWUlZSVlJWclZyVnJWUVJRU
lFWUVZSVlJWUlZSVlJWUlZSVlJWUVZRVlFWUVZyVpRetGa1ZrVm1WbVZtVm1WrVa
tVq1WrVatVqtWp0ZS1I60DsRU9RLUVvTU5KEl5VZdBVb0ktRU5JLkktRa9OMl50Y
c9Rr02wUUxFTEWvUY5Jr05UYfFZjknxVa5KU151ZjNdrknxVfJZDUSqOOxBDUTMQ
U9NDEGPThNdj0zKOKo4qjyqPKo8qTjLPZBVsFTqPa9RbkjqOdFV8lVtQSo58VHwU
fBSEFIQVhFWEFWvUMcxTEYPSg9KME4wTjBOMU4xUjFSUVZRUjBSME4QTjBOUVJRU
lJSUlJSVlJWclZyVlFSMVJRUlJWUlZSVlJWUVZSVlJWUlZSVlJSMVJRUlFScla0Y
rVmtWbVZtVq1WbVZtVm1WbVZtVm1mrVatVqVGFOTQ1FDUVxUU5Jb01OShNeVWXxV
UxBTk2QVW9RLEGvTlNelWJTXlNeU2GvTc9SM14yWjJadGIRVhFWM1muSjNedGJSW
hFWMloSXQ5Iyz0NRU5Myz0tSOtBjk4TXY9MyjyqPKo8qjjKOKk0yjmwVbFU6j2PU
SxBLEHRWfFVa0EqOfBSEVYRVhFWEVYQVfBRj0yoMU1GD0oPSjBOME4wTjFOMU4xU
lFWUVIwUjBOME4wTlFSUVJSVlJWUlZSWnJWclZRUlFSUVJSVlJWUlZTVlJWUlZSV
lJSUlZSVlJWUVJRVnJatGLUZtVm1WrWatZm1WbVZtVm1WrVatVq1Wq1ajNdj1FuS
W5J0FGPTbBRj05TYpVqU2GOSdBV8VnQVY5KElqVZrVqtWa1ZpRl71IQVpRmlGaUZ
pRmc2JUYlNdrkYRUhJVz0oyVlRiElktSOtBDUktTOtBkFUNRW5J811vTOtAy0DrQ
Ko8qjypPOs9sVXSWSxBK0DJOY5N8VmwUOo5TEHwUhFWEVXxUdBRr02OSQo8yDGOS
g9KD0owTjBOME4xTjFOMVJRUlFSME4wTjBOME5RUlFWUlZSVlJWclZyVnJWUVJRU
lFWUlZSVlJaUlpSVlJWUlZSVlJSUlZSVjFSUVJyWrRi1Ga1ZtVq1WrVatVm1WbVa
tVq1WrVatVqtWpTXhFZ8FHxVfFWEVZTXhFWc161ZpRh8FIRVhFWEVXwUnNetWa1a
rVqtWqUZjFWUlq1ZrVmtWa1ZpVitWZ0XdBNz02vTa9OUl50YjJd0FFuSbBRbkksQ
W9JLEFNRhJZ0VVuTU5Jbk0LQMo8yjjKOW5J8lmwUQs5Kz3RUbBNSz0JOa9OEVYRV
hFVz00rPQo46TTJNU1B0FIPSg9KME4wTjBOMU4xTjFSUVJRUjBSMFIQTjBOUVJRV
lJWUlZSVnJaclZyVlFSUVJRVlJWUlZSWlJaUVZSVlJWUlZSVjFWUVZRVlFak160Y
rVm1WbVZtZm1mbVZtVm1WrVatVq1WrWatVqtWaUZpNilGKUYpRitWqUZrRm1Wq1Z
pRilGaUZpRmdGa1ZtVq1WrVarVqtGqTYpRmtWa1ZrVmtWa1ZrVmlWZTXjJaMlpTX
nRilGKUYlNeEVYyWfFV0FXQVc9R0FIzXjNd0VXQUfJZ0FFuSY5JTEGOShJaElnwU
fBSEVmvTUtBr04RVhFWEVYRVbBRLEUrQUxJj03QUdFSD0oPSjBOME4wTjFOUVJRU
lFSUVIwUjBOME4xTlFSUlJSVlJWUlZSVlJaUlZRVlFSUlJSVlJWUlZyVlFWUlZSV
lJWUlYxVlFWUVJRVpNatGK1YtVm1WbVZtVm1WbVatZq1mrWatZq1mrWatZq1WrVa
tVq1WrVatZq1WbVatVq1WrVatVq1Wq1atVq1WrVatVq1WrVatVqtGq1arVmtWa1Z
rVmtWa1ZrVmtWaUZpRilGKUYpRilGKUYnRidGJ0YlNeU2JTXlNeU15TXjJeMl4zX
jNeEloSWfFWElYyXjJeMV4yWjJaEVXwUhFWMVYxVhFWEVXxVfBR8FHwUfBR8FHwU
g9KD0oQTjBSME4xTjFSMVJRVlFWMFIwTjBOME5RUlFWUlZSVlJWclZyVnJWUVJRU
lFWUlZSVlJWUlZSVlJWUlZSVlJWMVZRVlFWcVaTXrRitWLVZtVm1WbVZtVm1WbVa
tZq1mrWatZq1mrWatZq1mrWatZq1mrWatZq1mrVatVq1WrVatVq1WrVatVq1Wa1a
tVq1WrVatVq1GrVarVmtWa1ZrVmtWa1ZpVmtGa0YrRilGKUYpRilGKUYpRilGJ0Y
nRidF5zXnNec2JzYnJeU15TXlNeU15SXlJeMl4yXjJeMV4yWjJaMlYxVjFaMVYRV
hFWEVYRVhFWEVYRVfFR8FHvSg9KME4wTjFOMU4xTjJSUVJRUjBOME4wTjBOUVZRV
lJWUlZSVlJWUlpSVlFWMVZSVlJWUlZSVlJWUlZSVlJWUlZSVlJWMVZRVlJWlF60Y
rVm1WbVZtVm1WbVZtVm1mrWatZq1mrWatZq1mrWatZq1mrWatZq1mrWatZq1mrWa
tZq1mrVatZq1WrVatVq1Wq1atVq1WbVZtRm1WbVZtVmtWa1ZrVmtWa1ZrVmtGa0Z
pRilGKUYpNidGKUYpRilGKUYnNic2JzYnNic15zXnNeU15TXlNeM15SXlJaMl4yW
jJaMloyWjJaMVoxWjFaMVoRVhFWEVYRVhFV8VXxUfBR70oPShBKME5QTlFSUVJRU
lFSUVJRUjBOME4wTlFSUlJSVlJWUlZSVlJWclZRUlFWUVZyWnJWclZyVlFSUVJSU
lJSUlYxUlFSUVJyVpNetGK1YtVm1WbVZtVm1WrVatZq1mrWatZq1mrWatZq1mrWa
tZq1mrWatZq1mrWatZq1mrWatVq1WrVatVq1Wq1atVq1WrVatVq1WbUZtVm1Wa1Z
rVmtWa1ZrVmtWa1ZrRitGKUYpRilGKUYpRidGKUYnRidGJ0YnRic15zXnNec15yX
lNeU15TXlNeUl5SXjJeMloyWjJaMloyWjJWMVoRWhFaEVoRWhFWEVYRVhFV8FXwU
g9KD0oPSjBOMU4xUjFSMVJRUlFSUU4wTjBOME5RUlJSUlJSVlJWclZyVnJWUVZRV
lFWUlZSVnJWclZSVlJWUlZSVlJWMVJRUlFWclq0YrVm1WbVZtVm1WbVZtVq1WrWa
tZq1mrWatZq1mrWavZq9mr2atZq1mrWatZq1mrWatZq1mrWatVq1mrVarVq1WrVa
tVq1WrVZtVm1WbUZtVmtWa1ZrVmtWa1YrVitWa0YrRilGKUYpRilGJzYpRilGKUY
pRidGJzYnNic15zXlNeU15SXlNeU15TWlJaUloyWjJaMloxWjJaMloxVjFaMVoRV
hFWEFYRVhFWEVYRVfBV8FYPSg9KEEowTjFOMU4xTlFSUVJRVlFSMU4wTjBOUVJSU
lJWUlZyVnJWclZyVlFSUVJRVlJWclpSVnJWUVZRVlJWUlZSVlJWMVZRVnJalF61Y
tVm1WbVZtVm1mbWatZq1mrWatZq1mrWatZq1mrWatZq1mr2avZq1mrWatZq1mrWa
tZq1mrVatVq1WrVatVq1Wq1atVq1WrVZtVm1WbVZrVmtWa1ZrVmtWa1ZrRmtGa0Z
pRilGKUYpRilGJ0YpRilGKUYpRic2JzXnNec15zXnNeU15TXlNeU15TXlJeMl4yW
jJaEloyWjJaMloxWhFaEVoRVhFWEVYRVhFWEVIQUhBSEEoPSjBOME5QTjFOUVJRU
lFSUVJQTjBOME4xTlJSUlJSVlJWUlZSVnJWclpRVlFSUlZSVnJaclZyVlFSUVJSU
lJSUlJSUjFSUVZzWrRitWbVZtVm1WbVZtVq1mrWatZq1mrWatZq1mrWatZq1mrWa
tZu9mr2atZq1mrWatZq1mrWatZm1mrVatVq1WrVatVqtWbVZtVm1WbVZtRm1WbVZ
rVmtWa1ZrVmtGa0ZrRmtGK0YpRilGKUYpNilGKUYpRilGKUYnNec15zXnNec15zX
nNeU15TXlNeUl5SXjJaMloxWjJaMloyWjJaMVoxWhFaEVYRVhFV8VYRVhBWEFHwU
hBKD0owTjBSMU4xUjFSUVJRVlFWMVIwTjBOME5SUlJSUlZSVlJWUlZyVnJaUVZRV
lJWUlZyVnJWclZSVlJWUlZSVlJWMVZRUlFWc160YrVm1WbVZtVm1WrVatZq1mrWa
tZq1mrWatZq1mrWavZq9mr2avZu1mrWatZq1mbWatZq1mrWatZq1WrVatVq1Wq1Z
tVm1WbVZtVm1WbVZtVm1Wa1ZrVmtWK1ZrVmtGa0YrRitGKUYpRik2KUYnRilGKUY
pRec2JzXnNec15zXnNeU15TXlNeU15TXlJeUl4yXjJaMloyWjJaMloyWjFaMVoRW
hFWEVYRVhFWEVYQVhBV8FYQSg9KME4xUjFSMVIxUlFSUVJRVlFSME4wTjBOUlZSV
lJWUlZSVnNWclZyWlFWUVZRVlJWclpyVnJWUVJRVlFWUlZSVjFWUVZRVpNetGLVZ
tVm1WbVZtVq1mrWatZq1mrWatZq1mrWatZq9mr2avZq9mr2avZq9mr2atZq1mrWa
tZq1mrWatZq1WrVatVq1WrVarVq1WrVZtVm1WbVZtVm1Wa1ZrVmtGK0ZrRmlGK0Y
rRilGKUYpRilGKUYpRilGKUYnRec15zXnNec15zXlNeU15TWlNeU15TXlJaUloyW
jJaMloyWjJeMloxWjFaEVoRWhFaEVYRVhFWEVXwVfBWD0oPRhBOMVIxUjFSMVJSU
lFSUVJRUjBOME4wTlJSUlZSVlJWUlZyVnJWclZRUlFSUVZSVlJWclZyVlJWUVZSV
lJSUlIxUlFSUlaTWrRi1WbVZtVm1WbVZtZm1mrWatZq1mrWatZq1mrWatZq9mr2a
vZq9mr2avZq9mr2atZq1mrWatZq1mrWatZm1WbVZrVm1WbVZtVm1WbVZtVm1WbVZ
rVmtWa1ZrRmtGa0ZpRitGK0YrRilGKUYpRilGKUYpRilGKUYnNic2JzXnNec15zX
nNeU15TXlNeUl4yXjJeMl4yXjJaMloyWjFaMVoRWhFaEFoRWhFWEVXxUhBSEFIQU
hBKD0owSjFOMU4xTjFOMVJRUlFSUVIxUjBOMU5SUlJWUlZSVlJWc1pyWnJWUVJRU
lFWUlZSVlJWUlZSVlFWUVJRVlFSUVZRVnJWlF60YtVm1WbVZtVm1WbWZtZq1mrWa
tZq1mrWatZq1mr2avZq9mr2avZq9mr2avZq9mr2avZq1WrVatVq1WrVatVm1Wa1Z
tVm1WbVZtVm1WbVZtVm1WbVZrVitWa1ZrVmtGa0YrRitGK0YpRilGKUYnRilGKUY
pRidGJzYnNec15zXnNeU15TXlNeU15SXlJeUl4yXjJaMloyWhJaMloxWjFaMVYRV
hFWEVYRVhFWEVIRUhBR8FIPShBKEEoxTjFOMU4xUlJSUlJRUlFSMVIwTjBSUVJyV
lJWUlZSVlJWc1pyVlFSUVJRVlJWUlZSVlJWUVZRUlFSUVJRUlFSUVJSVpRetGLVZ
tVm1WbVZtVm1WbWavZq9mb2ZtZq1mrWavZq9mr2avZq9mr2avZq9mrWavZq9mr2a
tZq1WrWatVq1WrVatVqtWbVZtVm1WbVZtVm1WbVZtVm1Wa1YrVmtWa0ZrRmlGK0Y
pRilGKUYpRik2KUYpRilGKUYpRic15zYnNec15SXlNeU15TXjNeUl5SXlJeMl4yW
jJaMloyWjJaMVoxWhFaEVoRWhFWEVYRVhFWEVHxUfBSEEoPShBOMVIxUjFOMVJSV
lJWUlYxUhBSME4wUlFWUlZSVlJWUlZSVnJWclZRUlFSUVJSVnJWUlZSVlJWUVZRV
lFWUVZRVlFScla0XtVi1WLVZtVm1WbVZtVm1mbWatZq1mrWavZq1mrWatZq1mr2a
vZq9mr2avZq9mr2avZq1mrWatVq1WrWatVq1WrVZtVm1WbVZtVm1WbVZtVm1Wa1Z
rVitWK1YrRitGKUYrRitGK0YpRilGKUYpRilGJ0YnRidGJ0YnNec15zXlNeU15TX
lNeU15SWlJeUl5SXjJaMloyWjJaMloyWjFWMVoxWjFWEVYRVhFWEVYRVhFR8VHwU
e9KD0oQTjFOMU4xTjFSMVJRVlFWMVIQUjBOMFJRVlJWUlZSVlJWc1pyWnJWUVJRV
lFWUlZSVlJWUlZSVlFSUVJRUlFSUVJRUnJak160YtVi1WbVZtVm1mbWZtZm1mbWa
tZq1mrWatZq9mr2avZq9mr2avZq1mrWatZq9mrWatZq1mrWatZm1WrVatVmtWbVZ
tVm1WbVZtRm1WbVZtVmtWa1ZrVmtWa0ZrRmlGK0YrRitGK0XpRilGKUYpRilGKUY
pRic15zXnNec15TWnNec15TXlNeU14yXlJeMl4yXjJaMloyWjJaMloxWjFaMVoRW
hFaEFYRVhFWEVYRUfBR8FIPTg9OME4xUjFSMVIxUlFWUVZRVlFSME4wTjBOUVZSV
lJWUlZSVlJWc1ZyVlJWUVZSVlJWUlZSVlJWUVZRUlFSUVJRUlFSUVJyWpNetGLVZ
tZm1WbWZtVm1WbWZvZq9mr2avZq9mr2avZq9mr2avZq9mr2avZq9mr2avZq9mrVa
tVq1WrVatVq1WrVarVm1WbVZtVm1WbVZtRi1WbVZrVmtWa1ZrRmtGa0YrRitGK0Y
rRilF6UYpRilGKUYpRilGKUXpNec15zXnNec15zXnNeU15TXlNaUl5SXlJeMl4yX
jJaMloyWjJaMVoxWhFaEVoQWhFaEVoRVhFWEVXwUfBSEEoPShBOMVIxUjFSMVIyU
lJSUlIxUjBSEE4wTlFSUlJSVlJWUlZSWnNaclZRUlFSclZSVlJWUlZSVlFSUVJRU
lFSUVJRUlJWc1qUXrVitWLVYtVm1WbVZtZm1mbWZtZm1mb2ZvZm9mb2avZq9mr2a
vZq9mr2avZm9mrWatZq1mrVZtVm1WbVZtVm1WbVZtVmtWbVZtVm1WbVZtVmtWa1Z
rVmtWa0ZrRmtGKUYrRitGK0YpRilGKUYpRilGKUYpNik2KTYnNec15TXnNeU15TX
lNeU15TXjNeMl4yXjJeMl4SWjJaMloyWjJaMVoRWhFaEVoRVhFWEVYRUhFR8FHwU
hBOD0oQSjFOMU4xTjFOMlJSUlJSMVYxUjBSMFJRVlJWUlZSVlJWUlZyVnJWUVJRU
lFWUlZSVlJWclZRUlFSUVJRVlFWUVZRVnJatF7VYtVm1Wb1ZtVm1WbVZtZm9mr2a
vZq9mr2atZq1mr2atZq1mrWatZq1mrWatZq1mrWatZm1WbVZtVm1WbVZrVm1WbVZ
tVm1WbVZtVm1WbVZrVmtWa1ZrVitGK0YrRilGK0YrRitGKUYpRilGKUYpRilGKTX
pNec15zXnNec15zXnNec1pzXlNeU15SXlJeUl4yWjJaMloyWjJaMloxVhFaEVoRW
hFWEVYRVhFSEVYQVhBV8FIPTg9KL04xTjFOMU4xUlFSUVZRVlFSMFIwTjBSUVZSV
lJWUlZSVlJWc1pyWlFWUVZRVlJWUlZSVlJWUlZRUlFSUVJRUlFSclaTWrRe1WLVZ
tVm1WbVZtVm1WbVZtVm1mb2ZtZm9mb1avZq9mr2avZq9mr2avZq9mr2avVq9Wr1a
vVm1WbVZtVm1WbVZtVmtWbVZtVi1WbVZrVmtWa1ZrVmtWa0YrRitGKUYrRitGK0Y
rRitF6UYpRilGKUYpRik16TXnNec15zXnNec15zXnNec1pyXlJeUl4yWjJeMl4yW
jJaMloRWjFaMVoxWjFaEFoRWhFZ8VYRVhBWEFXwVfBSEE4PShBOMFIxUjFSMVJRU
lFSUVJRTjFOME4wTlFSUlZSVlJWUlZSVlJaclZRUlFSUVZSVlJWUlZSVlJSUVJRU
nFSUVJRUnFWk1q0YtVi1WbVZtVm1WbVZtVm9Wb1ZvVq9Wr1avZm9WbWZvZm9mb2Z
vZm9mb2ZvVm9Wb1ZtVm1WbVZtVm1WbVZtVm1WbVZtVm1WbVZtRm1WbVZtVm1Wa1Z
rVmtGK0YpRitGK0YrRitGK0YrRilGKUYpRilGKUYpNek15zXnNec15zXnNec15zX
lNeU15SXlJeMl4yXjJeMl4yWjJaMVoxWjFaMVoxWjBaEVYRVhFWEVYQVhBV8FXwU
e9KD0oQSjBOME4xUlFSUVJRUlFSUVIxUjBOME5RUlJSUlJSVlJWUlZyVnJWUVJRV
lFWUlZSVlJWUlZSUlFSUVJRUlFSUVJxVpNatGK0ZtVm1WbVZtVm1WbVZtVm1Wb1Z
tVm9Wb1ZvVm9Wb1ZvVm9Wb1ZvVm9WbVZtVm1WbVZtVm1WbVZtVm1WbVZtVm1WbVZ
tVm1GLVZtVmtWa1ZrVmtWK0ZrRmlGK0YrRitGK0YrRilGKUYpRilGKUYpRik16TX
pNek15zXnNec15zXnNec15zXlNeUl5SXlJaUlpRWjJaMloyWjFaMVoxWjFaEVoRW
hFaEVYRVfFV8VXxVfBV8FYPSg9KEEoxTjFOMU4xTjFSUVJRUjFOMFIwUjBSUVZRV
lJWUlZSVlJWc1ZyVlFSUVJRVlJWUlZyVlJWUVZRUlFSUVJRUlFScVaTWrRitGLVY
tVm1WbVZtVm1WbVZtVm1WbVZtVm1WbVZtVm1WbVZtVm1WbVZtVm1WbVZtVm1WbVZ
tVm1WbVZtVm1WbVZtVm1WLVZtVm1WbVZtVmtWa1ZrRitGK0YpRitGK0YrRetGK0Y
rRilGKUYpRilF6TXpNek16TXpNak15zXnNec2JzXnNeU15SWlJeMl5SXlJeMl4yW
jJaMloyWjFWMVoRWhFaEVYRVhFWEVYRVhFV8FXwUfBSEEoPSi9OME4xUjFSMVJRU
lFSUVJQUjBSMFIwTlFSUVJSUlJWUlZSVnNaclpRVlFSUVZSVlJWclZyVlFSUVJRU
lFSUVJRUnJWk160YrRi1WbVZtVm1mbVZtVi1WbVZvVm9Wr1ZtVm1GK0XtVi1WK0Y
tVi1Wb1ZvVm1WbUYtRi1WbVZrVm1WbVZtVm1Wa0YrRi1GbVZtVm1Wa1ZrVmtGKUY
rRitGKUXpRelF6UYrRitGKUYpRilGKUXpRelF6TXpNec15zXnNecl5zXlNec15zX
nNaUlpSWlJaUlpSWjJaMloyWjJaMlYxWjFaMVoRWhFWEVYRVhFWEVYRVhBV8FXwU
g9KD0oPSjBOMVIxUjFOMVJSUlFSUVIxUjBOMFJRVlFWUVZRVlJWUlZSWlJWUVZRU
lFWUlZSVlJWUlZRUlFSUVJRUlFSUVJyVpNatF7VYtVm1WbVZtVm1WbVZtVm1WbVY
tVm1WbVYpNaL1KTWrRaME5yVtVi1WbVZtVmc15yWrReclaTXtVm1WbVZtRiclZyV
rVi1Wa1ZrVmtWKUXlJWMVJzWnJaMVJyWpRelGKUXpRilGKUXpRelF6TXnNek16TX
nNec15zXnNec15zXnNec2JSXlJeUl5SXlJeUl4yXjJaMloyWhFaMVYxWjFaEVoRW
hFaEVYRVhFWEFYQVfBV8FXvSg9KD0owTjBOMU4xUlFSUlJRUlFSME4wTjBSUVJRU
lFWUVZRVlJWclZSVlFSUVZRVlJWUlZSVlJWMVJRUlFSUVJRUlFSclazWrRitGLVY
tVi1WLVZtVm1WbVZvVm9WbVZtVm1WJQUQcuMEpxSSgmDkq0XrNes16zXe1GDkZxT
c06L07UXtVm1Wa0Ye5KD060XtVmtGKTXpNec1msQWs6UVIPSUk2EFKTXpNek16TX
pNek16TXpNek16TXpNec15zXnNecl5zXnNec15zXnNeU15SXlJeUl5SXlFaMloyW
jJaMVoxWjFaMVoRWhFaEVoRVhFWEVYRVhFWEFXwVfBR70oPSg9KME4wTjFOMVIxU
lFWUVZRUjBSME4wTlFSUVJRUlFWUVZSVlJWclZRUlFSUVJSVlJWUlZSVlFSUVJRU
lFSUVJxUnJWk160YrRm1WbVZvVm1WbVZtVm1WbVZtVm1WbVZtRmMEylIe5CD0DlH
g5CkU4vRg9KUE1qNYo2L0VIKc1ClFrVZtVmtGHMQe5KtGK0YnJaD1IwUlFRSTUHL
i9NizilJg9KUlIxUjFSUVYxVnJaclZyWpNek16TXpNecl5SXlJeUl5yXnNec15zX
lNeUl5SXlJeUlpSWjJaMloyWjJaMVoxWjFWEVYRVhFWEVYRVhFV8VHxVfBV8FXwV
g9KD0oPSjBOUU4xTlFSUVJRUlFSUU4wTjBOME5RUlFSUVJRUnJSUlZyVlJWUlJRU
lFWUVZRVlJWUlIxUlFOUVJRUlFScVJyVpNetF60YtVi1WLVYtVm1WbVZtVm1WbVZ
tVm1Wa0Zg9I5iWLOYs05iIPTjBJjD0pMg9JSTWLPg9JKCnNQrRa1WLVYrRdrD3vS
rRetFnuQYs1rDoPRUkw5ynNRSkwxSYPRg9JizmLNe1BzT4wTe9KMFKTXpRek15zW
jFWEE4QUjFSUlpyXnNecl5yXlJeUl5SXjJeMloyWjJaMloxVjFaMVoxWhFaEVoRW
hFWEVYRVhFWEFYQVfBR8FIPSg9KD0owTjBOME4wTjFSUVJRUjFSME4wTjBOUVJRU
lFSUVJSVlJWUlpSVlFWUVZRVlFWUVZSVlJWUVJRUlFSUVJRUnFSc1qUXrRitWLVY
tVi1WLVYvVm1WbVZtVm1WbVZtVmtWHuRUgxSDFpMScqD04vTc1BKC4QSYs2D0ZxU
Wo2ME60YtVm1WazXas+D060XnJZajVqNWo17UFJNQcpajEoKOcp70nuSWo85y2LQ
Yo1rEFJNg9Sc15zXnNeclnuSUoxKS2tPjFaUl5SXlJeUl5SXlJaUlpSXjJaMloyW
hJaMVoxWjFaMVoxWjFaEVoRVhFWEVHxVfBV8FXwVdBV70oPSg9KEE4wTjBOMU4xU
jFSUVIxUjBSME4xUlFWUVJRUlFSUVJSUlJWUlYxUlFSUVZRVlJWUlZRVjFSUVJRU
lFSUVJyUpNatF60YtRi1GLUYtVi1WLVZtVm1WbVZtVm1WbVZrRhzUWrPUctizlpM
g5JzD2LOUkuMEmLNg5GclFqNjBStGLVZtVmk12LPe5KklZRUWk1iz2sPg5JajkpM
QcpKC0oLe5FzUVrOQctrEGLPSgxKTZRVpNek16TXnJZzUTmKKUlajoxVlJeUl5TX
lJeUl5SXlJeUl5SWjJaMloxWjFaMVoxWhFaEVoRWfFWEVYRVhFWEVXwVfBV8FHwU
e9KD0oPSjBOME4wTjFOMU4xUlFSMU4wTjBOME5RUlFSUVJRUlFSUVJSVlJWMVIxU
lFSUVJRVlFWUVYwUlFSUVJRUlFSUVJzWrRetGLUYtRi1GLVYtVm1WbVZtVm1WbVZ
tVm1WK1Xe9KD02sPg9J7UIwTaw5zUGrOlFRzUIOSnFRzD4wTrRe1WLVYpNZzD3MP
i9KMEmsPaxB7UYPTas9rEEoLYtBajXNSWo1ajkIMc5JzUDmLWo+UlqTXpNek15SW
c1I5ijFJWo6MVZSWnJeUl5SXlJeUl5SXlJaUloyWjJaMloxVjFWEVYRWhFWEVYRV
fFWEVYRVhFV8FHwUfBR8FIPSg9KD0owTjBOME4wTjFSMVJRUjFSEE4wTjBOMFIxU
lFWUVJRUlFWUlZSVjFWMVJSVlFSUVZRUlFSUU4xUlFSUVJRVnJWk1q0XtRetGLUY
tRi1WLVYtVi1WLVYtVi1WLVYtVitWJyWnJaUVZyWlFWclowUjBSMFKTWjFWMVJzW
jBSUFa0XtVi1WK0XjBOD0YPSlFSME4PRg9KUVIPShBN7kYPTc5J7k2tQYxBaz4QT
e9E5ymtRnJak16TXpNeclnvTSkxBy1rPjFWUlpSXlJeUl5SXlJaUlpSWjJaMloyW
jFaMVoxWjFaEVYRWhFV8VYRVfFV8VHxVfBV8FXwUfBSD04PThBKME4wTjBOME4xU
jFSMVIwThBOME4wTlFSUVJRUlFSUVJRUnJWclZRUjFSUVZRUlJWUVJRUjBOMVIxU
lFSUlJyVpNatF7UXtRe1GLUYtVi1WLVYtVi1WLVYtVi1WLVYtVi1GK0YrRitGK0Y
rRitGK0YrRitGK0YpRitGKzXrRetGLVYtRitGKTXnNak16UXpNeclqTXpNeclpzX
nJaclpRWlJaMVYxVjBWMFXNSSgyL05zXpNek16TXnNeMVXOSa5F705SWnJeUl5SW
lJaUlpSWlFaMloyWjJaMloRVjFaMVoxWhFaEVoRWhFWEVYRVhFWEFXwVfBV8FXwU
g9KD0oPSjBOME4wTjBOMVIxUjFSME4QTg9OEE4wUjFSUVJRUlFSUVZRVlJWMVIxU
jFSUVJRUlFSUVIwTjFOUVJRUlFSclazWrRetF7UYtRi1GLUYtRi1WLVYtVi1WLVY
tVi1WLVYtVi1WLVYtVi1WbVYtRi1GK1YtRi1GK1YtVi1WLUYtRi1GLUYtRitGK0Y
rRitF60YrRitGK0XrRelF6UXpRelF6TXpNek16TXlFRrUGsQlFak16TXpNec15zX
nJaUlpRWjFaUlpSWlJaUlpSWlJaUlpSWjJaMloyWjFWMVoxWjFaMFYRWhFaEVYRV
hFWEFYQUhBV8FHwUfBR8FIPSg9KD0owTjBOME4wTjBSMVIxUjBOEE4QThBOMVIxU
lFSUVJRUlFScVZRVjFSMVJRUlFSUVZRUlFSUE4wTlFSUVJRUnJWtFq0XrRitF7UY
tRi1GLUYtVi1WLVYtVi1WLVYtVi1GLUYtVi1WLVZtVi1WLVYtVi1WLUYtRi1GLUY
tRi1GLUYtRi1GLUYrRi1GbUYrRitGK0YrRis2K0YrRetF60XpRek16TYnNek15RV
jBSUVZzXnNek16TXnNec15zXnJecl5yWnJacl5SXlJaUlpSWlJaUloyWjJaMloxV
jFaMVoxWhFWEVYRVhFV8VYRVhFWEFXwVfBV8FXQVfBSD0oPSg9KEE4wTjBOME4xU
lFSMVIxUhBSEE4QTjBSMVIxUlFSUVJRUnFWUVYxUjFSUVZRVlFWUVJRUlBOME4xT
jFOUVJyVpNes17UYrRi1GLUYtRi1GLUYtRi1GLUYtRi1GLUYtRi1GLUYtRe9GLUY
tRi1GLUYtRi1GLUYtRi1GLUYtRi1GLUYtRitGK0YrRitGK0YrRitF60XrRetF60X
pRelF6TXpNek16TXpNek16TXpNek16TXpNec15zXnNec15yXnJaclpSWlJaUlpSW
lJaUlpSWlJaUloyWjFaMVoxWjFaMFYRWhFaEVYRVhFWEVYRUfFV8FXwVfBV8FHwU
e5J70oPSjBKMEowTjBOME4xTjFSMVIQThBOEE4wTjFSMVIxUlFSUVJRUlFSMVIxU
jFSUVJRUnFSUFJQTjBOMFJRUlFSclaTWrRetGK0YtRi1GLUYtRi1GLUYtRi1GLUY
tRi1GLUYtRitF60XrRetF60XrNas16zXrNes17UYtRi1GK0YrRetF6zXrNetF60Y
rRilF6zXrRetF60XrRek16TXnNek16TXpNek16TXpNek16TXpJec15zXnNec15yX
nJecl5yXnJeUl5SXlJaMVpSWlJaUlpSWjJaMVoxWjFaMVoxWhFWEVYRVhFV8VYRV
hBWEFXwVfBV8FXQVfBR8FIOSe9J70oQTjBOME4wTjBSMVIxUjFOME4QTjBOMFIxU
jFSMVIxUlFSUVZRUjFSMVIxUlFWUVJRUlFSMU4xTlFOUE5RUnFWk1qzXrRetGLUY
tVi1GLUYtRi1GLUYtRi1GLUYtRis16SWpFWUFJyWpNWklZxUlFOUE5RTlFSk1rUX
rReclZRUlFSUVJyVpNatF60XpNaklaTXrNek15yWlJWclpSWlJWclpzXpNek16TX
pNek1pzXnNaUlpSWnJaclpyWnJaclpSWjJaUlpSWlJaUlpSWjJaMloyVjFaMVoxW
hFaEVYRVhFWEVYRVhFV8VYRVhBWEFXwVfBR8FXwUe9R7knvSe9KEEowTjBOME4wT
jBOMVIQThBOEE4QTjFSMVIxUjFSMVJRVlFWUVYxUjBSMVIxUjFSUVJRUjBOME4wT
lBOUVJyVpNes160XrRitGLUYtRi1GLUYtRi1GLUXtRe1GLUXpJWMEntPWoyDkZQT
lBN7UGrOcw5zDnMOnJOtFqTVg5FijWrNao17UJxUpJaclYPTg5KcVZyWnJWD0ntQ
g9F70XvRjFOc1qTWpNak16TWnNac15SVhBOEE4xUnJaUVpRVjFWEVIRUhFSEVIxW
jJaMloxWhBWMVYRVhFWEVYRVfFWEVYRVhBWEVYRVhFWEVXwVfBV8FXwUfBRz1HwU
e9J70nvShBOEE4wTjBSME5QUjBSME4QThBOEE4xUjFSMVIxUjFSUVZRUlFSME4wT
lFSUVJRUlFSUFIwTjBOMU4xUlFSclaTWrNetF60XrRetV60XrRi1GLUYtRi1GLUX
tRe1F5xVc1FaTUnLas6L0pxUe5FizmsPcw9izpRUrNeclWLOSctSC1ILWo2ME5RT
g9JizWKMg9GUEowSWoxJylJLSgpSS4QSnNac1pzWnNac1pzWnNaMFFrPYs+MFJRV
lFV70mtQYw5jD1rOaxCEVIyWjFV702tRe5JrUXPSfBRz02uSc9Nz03PTfBSEVIQV
hBV8FXwVfBR8FHwUdBR0FHvSe9J70oQShBOEE4wTjBOME4xTjBOEE4QShBOME4wU
jBSMVIxUjFWUVJRUjBOME4xTlFSUVJRUlFSMU4wTjBOUE5RUpJWk1qzXrRetF60X
rRetF7UXtRe017UXtRe1F7UXtRek1XtQWkxSC2rOlBOklXuRWo57kXNQYs6UVazX
nFVaTUHKUgxKC1JMjBOUFIOSUgxJy3tRjBOL01JLQYpBykoLWo2EE5yWpNac1pzW
nNac1pSVe9JKTUpMc5F7k4QUc5FKTTGJOcoxSFKNhBSMVYQUWs45ykIKOclSjXOR
Ys5CC1qNQktCTFtQdBR8FXwVfBR8FHwUfBR8FHwUfBR70nvSe9OEE4QTjBOME4wT
jBOMU4wThBOEE4QTjFSME4xTjFSUVJRUlFSUVIxTjBOME4xTjFOUU5RTjBOME4wT
jFOUVKSVpNes16zXrNetF7UXtRe1F7UXtRe1F7UXtRe1F7UXpJZzEGKOao5ijpwU
pJWDkWKOg5F7UGLOnFWs15RUWkxJilIKSclSS5QTpJaUFFqOWo+L1JxWg9RSTUHK
SgtSTGLOjBOclpyWnJaclpzWlJaMFGMPQcpBylJMYs+D03NRQgspSClIKQdKC4PU
lFWEFFqPMYogxylIQgxzUVJNMYpByykJIQhKTXvUfBV8FXwVfBR8FHvUdBR8FHwU
e9J70nvShBKEE4wTjBOME4wTjBOEE4QShBKEEoRTjBOUU4wUjFSMVJRUlFSMFIwU
jBSMVIxUjFSMU4wTjBOME4wUlFWclqTWrNes16zXrRetF60XtRe1F7UWtRe1F7UY
tRetF5yVYs5rD2sOWoyUU5RTe5BajHtQcw9izZxVrNaUFFIMQYpJy0GKUgyUE5yV
g9JajVqNg9OUVYPTUk1KDFIMWo1izoPSlFWcVZyWnJaclpyVjBNizkHKMUg5inOS
hFVzkkIMKUcpBykHQcp704xVfBRSjjGKGMcpSEJMa1BKjSlIMYkhBiEHQcpz04QU
fBV8FXwVe9V8FHwUfBR8FHvSe9J70oPThBOEE4QTjBOME4wTjBOEEoQShBKME4wT
jBOME4xTjFSMVIxUjBOME4wTlFSUFJRUlFSME4wTjBOMFJxVpJas16zXtNes16zX
rRetF60XrRetF7UXtRe1F60XrReclWrOe1GDUWrOnFScVIPScxCD0oORcxCclazW
lBRizlpMUktSClpMi9KUEnNQaw9iznNQjBODklpNWkxSDFqMYo17kYQSjBOUlZyW
nJaUlowVYtBSTTmKSgxzkowUc1FByykHMUgpR0HKe9OMVnvUUk45iyDHMUg5ymMP
Uo0hCDFIIMcgxjmJc5J8FHwUfBR8FHwUfBN8FHwUdBR70nuSe9KEEoQThBOEE4wT
jBOME4wTg9OD04QTjBOME4wTjBOMFIwUjFSMVIxTjBOME4xTlFOUU4xTjBKME4wT
jFSclKTWrNas1qzXrNes160XrRetF60XrRetF60XrRetF60XpJaL04wTjBOD06SW
pNaUVIvTnJWME4vSpJas1pxUg9J7kXtRcxBzT4vSg9KD0oPSg9J7UYPSg9JzUHOQ
Ys5azmtQhBN70nvSlFSclZyVnJWME2sQYw9KTFqOaxB70mLOQcsxiTnKMYlCDHvT
jFZ71FrOOYohBylIOcpiz0oMIQcpSCEHIQc5ynPThBR8FHwUfBR8FHwUfBN0E3QT
e9J70nvShBOEE4PThBOME4xTjBOME4QTg9OD04QTjBOME4wTjFOMU4xUjFSME4wT
jFSMU4xTjFOME4wSjBOUE5QUnFWklqzWrNes16zXrNe1F60XrRetF60XrRetF6zX
rNes16zXpJas16zXrNas16zXpJaklqTXpJaklqzWrNaklpxVnFWcVZRVlFSclZSV
nJWUlZRVlFWUVZRVlFWUVYPTg9OMVZSWjFWMFJSVnJaclZSVhBR70nORYw970WuQ
c5Ji0FqOSk1STkpNWs9704xVhBRjEDoLQgxCDEJNYxBazzGKKUkhBylIOctrknwU
fBR8FHwUfBR8E3QTc9Rz1HvSe9J70oPTg9OD04QThBOMU4wTjBOD04PSg9OEE4wT
jBOME4wTjBOME4xUjBOME4wTlBOME4wTjBOMEowSjBOUU5yVpNas16zXrNes1qzX
rNes16zXrNes16zXrNes16zXrNes16zWrNas1qzWrNas1qzWrJas1qzWrNas1qzW
rNak1qTWpJaklqSWpJak1qTWnNak1qSWpJaklpyWnFaclpyVnJWclZyVnJWclZyW
nJaUlpRVlFWMFIQUjFWEVYQVfBR71HPTc5Nz03PThBWMVYQUYxBjEHuSa1FSz2NQ
c9JKTkJNOgsxyzoMa5J8FHwUfBR8FGvTY5JjkmOSa9N70nvSe5KD04PTg9OD04wT
jBOME4wThBN70oPShBOME4wTjBOME4wTjBSMFIwTjBOME4wTjBOMFIwUi9OME4wU
lFSclaTWrNas1qzWrNes16zXrNes1qzWrNas1qzWrNas16zWpJWcVZxUnFScVKSV
pJWclaSVpFWklaTWrNas1qSVpJWklaSVpJWklaSVpJWklaSVpJWclaSVpJWklaRV
nJWclZyVlJWclZSVlJWUlZRVlFWUVZRVjFWUVZRVlFWUVZRVjFWMVYxVjFWMVYxV
jFWMVYQUhBSEVYQUc9Rz1HQUa5Nrk2NSWxFrknwUfBR8FHwUfBNbEEJNQk1CTWNQ
e9J7knuSg9OD04PSg9OEE4wTjBOME4PSg9KD04wTjBOME4wTjBOME5QTjFOME4wT
jBSME4wTjBOME4PSjBKME5RTnJWk1qTWpNak1qzWrNas1qzWrNas1qTWrNas1qzW
rNaklYvRe09zDntOg5CUEovRi9GLkIvRi9GcVKSVpJWME4ORi9KMEovRlFOcVJQT
jBKUE4wSjBOUVJyVnJWclZyVnJWclZSVlFSUVIwUlFSUVZRVlFWMFIxUjFSMVIxV
jFWMVYxVjBWMFYxVjFWMVYxVjFWMVYxVjFWEFYQVhBWEFXwUfBR8FHwUfBR8FHwU
fBR8FHQTSo8xijGKMYpSz3OSe5J7kYPSg9KD0oPShBKME4wThBOD0oPSg9KD0owT
jBOME4wTjBOME4wThBKEEoxTjBOME4wTjBOD0owTjBOUFJyVpNak1qTWpNak1qzW
rNas1qzWrNas1qSWrNas1qzWpJVzD1pMUclRynLOi9JyzmqNWktqjGqMk9GslaRV
cs5RyWqMaoxaCntPk9FqzWqNcs1qjHLNjBGclZxVnJWclZSVlFSME4PSc1BzEIPS
hBKEEnuRc1BzkXORe5GD0owUlFWMVIQTg9OD04PThBOEFIwUjFWEFIQUhBSEFIQU
hBSEFIQUfBR8FHwUfBR8FHwUfBNz1FLPKYopSSmKUtB7knOSe9J70oPSg9KD0oQS
hBOEE4QTg9OD0oPSi9OME4wTjBOME4wTjBOME4wSjBKME4wTjBOMFIwTi9OL0owT
lFOclaTWpNak1qTWpNas16zWrNas1qzWrNas1qzWrNas1qSUas5SCknKScpqzovS
as5zUFpNcxBiTYvSpJWcVGKNQYlaTUnJOUlqznsOSclBiEnJSclSC4vSnFWcVZxV
nFWUVZRUg9FqzknKSclijGrOcw9SSzmJScpSC0HJYs6EE4xUhBJizlKMYs5izmMP
c5KEFIQUe9NjUXvThBWEFYQVhBV8FHwUfBR8FHwUfBR8FHvUc9RSzylJKUk5y1sQ
e5F7kXuSg9KD0oQShBKEEoQShBOEE4PTg9N70oQThBOEE4QThBOME4wTjBOL04QT
jBOME4wTjBOME4vSjBOME5RUnJWklqSWpNak1qTWpNas16zWrNas1qzWrNas1qzW
rNacVGrNScpJyUnKasyL0mJMas1SCmrNWkuL0aSVnFRijTlIUcpJyTlIYoxqzkmJ
OYhBiEnKYo2L05xVnFWcVZxVlFWUVIQSWs45iTmKSgtajXMPSgopBzmIQcoxSWLP
jBSMVHvSSksxiDGIMUgxiFrOfBN8E2NRSk1z03wUfBR8FHwUfBR8FHwUfBR8FHwU
fBR0FHPUUs8pijoNUs9TEHuSe5F7kYPSg9KD0oPSg9KEE4QThBN70nvSe9KD04QT
jBOEE4QThBOMVIwUjBOL0owTjBOME5RTjBKME4PTjBOUVJxVpJaklqSWpJak1qTW
pNak1qTWrNas1azWrNas1qSWlBNqzlpMSclKCnMOi9FijWLOWgtizlpMi9KcVJQT
Wkw5SEGJQUhBSGJMas1JyUHKScpSC2KOi9OUVJRUlFSUVJRUlFSD01qMMUc5iDnI
Wo1zkEoLKQg5iUHKMUhajoPTjBR7kkoMMUghBiEGIQZSjXORa1BSjjnLYxBrUnPT
fBR8FHwUfBR8FHwUfBR8FHwUdBRz1GOTUxFbUmOSY5J7kXuRe5GD0YPSg9KD0oPT
g9OEE4PTg9N70nvShBOD04QThBOEE4QTjFOME4PTg9KEE4QTjBOME4wTjBKL0owT
lFSclaSWpJaslqyWpJaklqSWpJaklqzWrJaslqyWpJaklYvSas5izlHLWk17D4OR
Yo1rEGJNcw9iTIvSnFSUE2KNQYlBiUGJQYlqzmrOSgpSDFIKWoxaTHuQjBKUE5RU
lFSUVJQUe5FSCzEHOUgxSFJNe5FSjTFJQctKCylIQct7kowUe5JKDSkHKQcpBykH
Uoxiz1KNQgopB0IKUkxrUXwTfBR8FHwUdBR71HvUe9R703PTc9Rr1GvTa9Nrk2vT
e5F7kXuRg5KD0oPSg9KD0oPSg9OD03vSe9J70oPShBOEEoPShBKEEoQTjBOEEoPS
hBOEE4wTjBOME4wSg9KMEpRTnJWclqSWpJaklqSWpJaklqSWpJaklqSWpJaklqSV
pJWL0ntQcw9ijXtQe1CDkGKMcs1iTGqNao2UEqSUlBNqzkoLUgtSC0nKas5izVIL
UgtJylILYox7T4NQg5GUE5RTlFOUFIPTYw85ykHLOYpSjXuRWo05ilJMWo05ylKN
e9KEFHvTWo8xSTmKMUgpCFKNc5JrklsQMctSz2NRc9OEFHwUfBR8FHQUfBR8FHwU
c9Rz1HPUc9Rz1HPUc9RzlHORc5F7knvSe9KD0nvSg9KD0oPSg9KD0oOSg9KD0oPT
g9KD0oPSg9KEE4wThBKD0owTjBOEE4QTjBOD0oQSjBKUU5yVnJWklqSWpJaklqSW
pJaslqSVpJWklaSVpJWklaSVlFOMU4wTg9KUVJQUlBOD0oPTg9J7kYORnFOklJRT
g5FzEHtRe1BizntRe1FzEXMQWo5iznNQg9NzUHuQjBOUU5RUlFSME3NQUkxijkoL
Uo570mLOQcpSTFqNSgxzUYwUjBR70lJMOYhByjFIKQdSjXPTe9RjUToMY1Fz03PU
fBR8FHwUfBR8E3wTc9Nz1HPUc9Rz1HPUc9Rz1HPUc9N7knORc5F7kXvSg9KD0oPS
g9KD0oPSg9J70nvSg9OD04PSg9KL0oPSg9KEE4PSg9KD0oPSi9KMEowTg9KD0owT
lFSclZyVpJWklaSVpJaklaSVpJWklaSVpJWklaSVpJWklaSVpFWklaSVpJaklaSV
nJSclZyVnFScVJxUnFScVJRUjBOUU5RUjBOUE5QTlBOUFIPSg9KME5QUjBOL0pQT
lBOUVJQUjBN7kXNQe5FizWsQe5Fiz1pNYs9ajlrOe9OMFIwUe5JazkILQgs5iSlJ
Uk1zkmtRUo4xi1LPa1F703vTe9R71HvTfBN703vUc9Rz1HPUc9Rz03PTc5Nz03PT
e5FzkXuRe9J70oPSe9KD0oPSg9KD0nuRe5J7koPSg9KD0oPSg9KD0oPSjBOD0oPS
hBOEE4QTjBOME4PSg9KL05RUnJWclZyWnJaklqSWpJWklaSVpJaklaSWpJWklaSV
pJWklaSVpJWklaSVpJWklaSVpJWklaSVpJSklKRUnFScVJxUnFScVJQUnFScVJxU
nFScU5RUlFSUVJRUlFSUVJQUlBOUE4wTjBOD04PTe9J704PTe9J703vTc5F7koQT
jBSMFIPTc5Jaz1rPSk1KTVrPc5Jaz0JMOcpCC1LOc9N8FHQUfBN8E3PTc9Nz1HPU
a9Rz1HPUc9Rz03PTa9Nr03uRc5FzkXvSg9J70nvSe9F70oPSg9J7kXuSe9J70nvS
g9KD0oPSg9KL0oQSg9KD0oPSg9OEE4QShBKD0oPSi9OUVJyVnJWklaSVpJWklaSV
pJWklaSVpJWklaSVpFWklKSVpJWklaSVpJWklqSVpJWklaSVpJWklaSVnFWcVZxU
nFScVJxUnFScVJxUnFScVJxUnBOcVJxUlFSUVJRUlFSUVJQTjBOME4wTjBOME4wT
jBOEE4wTjBOME4vThBOMFIwUjBSMFYQUe9R703vTc9Nz03wTc5NrkmNSY1JrUnvU
e9R71HvUe9Rz1HPUc9Rz1HPTc9Rz1HPTc9Nr02vTa9NzkXORc5F70XvSe9J70nvS
e9KD0oPSe5J7kXuSe9J70nvSg9KD0oPSi9KD0oPSg5GD0oPSg9KD0oPSe9GD0owT
nFSklZyVpJWklaSVpJWklaSVpJWk1aSVpJWklaSVpJWklaSVpJWklaSVpJWklaSV
pJWklaSVpJWklaSUnFScVJxUnFScVJxUlBScVJxUnFScVJxUnFSUVJRUlFSMU5RT
jFOUU4wTjBOME4wTjBOME4wUjBOME4wTjBSMFIwUjBSMFIwUjBSMFIQUhBSEFHwU
hFSEFIQUfBR8FHwUfBR8FHwTfBN703vUe9Rz1HPUc9Nz03PTc5Nz03PTa9Nr02vT
c5FzUXORe5F7knuSe5J70nvSe9J70nvRc5F7kXvSg9KD0oPSg9KD0oPSg9KD0oOS
g9KD0oPSg9KD0nvRg9KME5SVnJWclZyVpJWklaSVpJWklaRUpJWklaSVpJWklaSV
pJWcVJxUnFScVKSVpJWklaRUpFWkVZxUnFScVJxUnFScVJxUnFScVJxUnFScVJxU
nFSUVJRUlFSUVJRUlFSUVJQUlBOUE4wTjBOME4wTjBOME4wTjBOME4wTjBOME4wU
jBSMFIwUjBSEFIQUg9SEFIQUfBSEFIQUhBR8FHwUfBR8FHwUe9Rz1HPUc9Rz1HPU
c5Rz03PUc9Rz1HPUa9Nr03ORc1FzUXORe5J7knuSe9J70nvSe9J7knuRe9KD0nvS
e9J70nvSg9OD0oPSe9J7kYPSg9KD0oPSg9J7kYPSjBOclZyVnJWclZyVnJWclaSV
pJWklaSVpJWklKSVpJWklZyUi9F7T3tPg4+cUqSTlFOMEpRTlBOUEpQSnFOclJxU
nFSUU4wSjBKMEpRTlFOUE5QTlBOUFJxTlFOUU4xTlBOUE5QTjBOME4wTjBOME4wT
jBOEE4wTjBOME4wTjBOMFIwUjBSL1IQUhBSEFIQUhBR8FIQUhBSEFHwUfBR8FHwU
fBR8FHPUc9Rz1HPUc9Rzk3PTc9Nz03PTa9Nr02vTa5NzUXNRe1F7knuRe5F7kXOS
e5J70nvSe5F7kXuRe5J70nvSe9J70oPSg9OD0oPSg9GD0oPSg9KMEoPSg9GD0YwT
nJWclZyVnJWclZyVnJWklaSVpJWklaSVpJWclZyVnJWcVIORUgtSClIKi5GkU4vS
cw+DkYPPe097T5QTnFScVJxUi9JqzWqMe0+L0ovSg5F7kXuQjBKUU5RTlFOUU5RT
lBOUE4wTjBOME4wTjBOL04wTjBOME4wTjBOME4wTjBOME4QThBOD1IQUhBSEFIQU
hBWEFIQUhBSEFHwUfBR8FHwUe9R71HPTc9Nz03PTc9Nz03PTc9Nr02vTa9Nr02vT
c1FzUXNRe5J7kXuRe5F7kXuRg9J70nuSe5F7knuSe9J70nvSe9J70nvSg9N70nvS
e9J8EoPSg9KD0oORg9KME5yVnJWclaSVpJWklaSVpJWklaSVpJWklaSVpJSclZyV
nJWUFGKNYs5SC2rOlBODkGrOcw9yzXMOew+cU5xUlBSDkWsOSclBiFpLi5CDkWrO
aw5ajHNPg9GME5QTlBOUE5QSjBKD0oPSi9KME4wSg9KEEoQTjBOEE4QThBOEE4QT
hBOEE4QThBOEFIQUfBSEFIQUhBSEFIQUfBR8FHwUfBR8FHwTe9Nz03PTc9Nz03PT
c9Nz03PTc9Nr02vTa9Nrk3NQc1BzUHuRe5F7kXuSe5J7knuSe5JzkXORe5F7kXuS
e5J7knuSe5KD0oPSg9J70nvSg9KD0oQSg9KD0YPRlFOclZyVnJWclaSVnJWclZyV
nJWclZyVnJWclaSVpFWkVaRUlBNSC2qNWktSS4wSe5BrDmsPaw1qznMQlFScVJQT
Yo1JykmJQYlSC4ORcxBSC1oLSYhRyXLNi9KUE5QTjBOMEoORaw5izXtQg9J7kWsP
c1CD0oQTe9JzknvSe5J703uSc5J704QThBSEE4QUhBSEFIQUfBR8FHwUfBR8FHwU
fBN703vTc9Nz03PTc9Nzk3PTa9Nr02vTa9Nr02vTa5NzUXNQc1B7kXuSe5F7kXtR
e5F7knuSc5JzknOSe5J7koOSe5J7knuSe9J70nvSe5KD0oPSg9KD0oPSe5GD0pQT
pJWclZyVnJWclZyVnJWclZyVnJWcVZxWnFWcVZxVnFWcVYOSSctaTGKNas6UE3tQ
cw9qznMOas57UJRUnFSUE1pMQYlJykHJSgpzT2KMOYhByUHJSgpajYwSlBOUE4wT
i9NzD0nKQYhiTHuQc09KClqNg5GD0mLOWo1izmsPc5BajVJMaw9704PThBOEFIQU
hBSEFHwUfBN8FHwUfBR71HvUe9R71HPTc9Nz03PTc9Nz03PTa9Nr02vTa9Nrk2uT
c1FzUXNRe1F7kXORc5FzkXuRe5J7knuSc1FzkXuRe5F7knuSe5KDkoOSg9J70nuS
g5KD04PSg9KD0oORg9KUVJyWnJWclpyVpJWclJyVnJWclZxVnFWcVZxVnFWcVZxU
lBNzD2KOScpJynsQnBJzD3sQas5zDmLNe1CUFJxUjBNaTEGJQYlBSFoLc09SS0oK
WkxaTFpMYs6L05QTlBOME4vTaxBByjGIWo17kWsPQcpSTIPQc09KC0HKQcpazVrO
OckpR0pMe5KEFIQUhBSEFIQTfBN8FHwUfBR8FHQUe9R71HvTc9Nz03PTc9Nz03PT
c9Nz03PTa9Nrk2uTa5Nrk3NRc1FzEXNRc5FzkXORc5FzkXvSe5J7knNRc5F7kXuR
e5F7kXuRe5F7kYPSe5J7kXuSg9J70oPSg9J70oPSlFSk1ZyVnFWcVZyVnJWclZyV
nJWcVZxVnFWcVZxUnFSUFIORYs1rD1IKOYlzDovRYs17UHMOe09qjYNQnBOUE4OR
UkxBiTEHQYlaC3uQYw5ajWsQWoxSTGMOjBKME4wTjBOL03NQOco5iVrOc5FjD0HK
Wo57knNRSk1KTDnLWo1ajjmJKQhKTXuShBOEFIQTfBN8E3wTfBN8E3wUfBN8FHvU
e9Rz1HPTc9Nz03PTc9Nz02vTa5Nrk2uTa5Nrk2uTa5NzUHNQc1BzkXORc5FzkXOR
e5J7knuSe1FzUXNRc5J7knuSe5F7kXuRe5F70XuRe5F7kXuSg9KD04PSe5GL05RV
nJaUVZRVnFWclZxVnJWclZyVnFWcVZxVnFScVJRUnFSD0XtQcw9qzmKNYs17kXMP
i9ODkYORas6DkZwTlBSDkmrOUgw5SVILYo17UXMPWk1qz2LOUkxizovSjBOME4wT
g9NrD0HKQcpiznNQYs5KC1qNc1BrD1KNUk1SjmsRYs5ByzmKWo5z03wTfBN8E3wT
fBN8FHwUdBR8FHwUe9N703vTc9Nz03PTc5Nz03PTc5Nrk2uTa5Nrk2uTa5Nrk2uT
c1BrUGtQc5FzkXORc5FzkXORe9J7knORc5FzkXORe5J7kXuSe5J7kYOSe5J7knOR
e5F70nvSe9KD0nuSg9OUVJyVnJScVJyVnJWcVZxVnFWcVZxVnFWcVZRUnFScVJRU
lBSMFIvTi9OMFIPSjBOME5RUlFSUE4ORi9KUFJRUjBOMEnuRaw97kYPSjBN7klpM
WkxajFpLas6MEowTjBOME4wSe5Fiz2MPc1BzUWtQYw9SjmMQYw9azlKNa1B70mtQ
Uo1KTVsPe9OEFIQThBN8E3wTfBR8FHwUe9R71HvUe9Nz1HPTc9Nz02vTa9Nr02vT
a9Nrk2uTa5Nrk2uTa5Njk2tQa1BrUHORc5FzkXORc5FzkXORe5JzkXNRc1FzkXOR
e5J7knuRe9J7knuSe5F7kXuRe5J70nvSe9J7kYPTlFWcVZRVlFWcVZxVnFWcVZxV
nFWcVZxVnFWcVZxUnFScVJxUlFSUVJSUlFSUVJRUlFScVJxUnFSUE5QUlFSUU5RU
lFOME4PSjBOUU5QTjBN7knNRaxBrUHuShBOME4wTjBOME4wTg9KD0oPSg9KD0oPS
c5FzknvTe5JzUXvTe9R7kmMQWs9rkXvTe9N703vTfBN703vTe9N703vTe9N703vU
e9Rzk3PTc9Nz03PTa9Nz02uTa5Nrk2OTY5Njk2OTY5NzUXNRa1FzUXNRc1FzUXNR
c5J7knuSe5FzkXORc5FzkXuRc1F7kXuRe5F7kXuRe5F70XvRe9F70nvRe5GL05xV
nFWcVZRVnFWcVZxUnFScVJxUnFScVJRUnFScVJxUnBScVJxUnFScVJxUnFSclJxU
nFScVJxUnFScVJRUlFSUU5RTlBOUE4wTlBOUE5QTlBOME4wTjBOMUowTjBOME4wT
jBOME4wThBOEEoQShBOD03vTg9OD04PTg9OD04PTg9R703OTe9N703vTe9N703wT
fBR0E3vTfBN703vTe9Nz03PTc9Nz03PTc9Nz02vTa9Nr02uTa5Jrk2uTa5NjkmOT
c1BzUGtQc5FzkXNRc1FzUXuSe5J7kXtSc1FzUXORe5FzkXORc5FzkXuRe5J7kXuR
e5GDkYORg5GDkXuRhBKUVJRVlFWUVZRVnFWcVJxUnFScVJxUnFSUVJxUlFSUVJRU
nFScVJxUnFScVJxUnFScVJxTnFScVJRUlFSUVJRUlFOUE5QTlBOUE5QTlBOUE5QT
jBOME4wTjBOME4wTjBOMEowTjBKMEoQShBKEEoQThBOEE4PTg9OD03vTg9OD04PT
g9N704PTe9N703vTe9N703vTe9N703vTe9R71HPTc9Nz03PTc9Nz03PTa9Jr02vT
a9Nrk2uTa5Njk2OTY5Njk3MQa1BrEHNRc1FzUXNRc1FzknOSc5JzknNRc1FzkXuR
e5F7kXORc5FzknvSe5J7kXuRe5J7knvSe9J70YQTlJWUVZRVlFWcVZxVnFScVJxU
lFScVJRUnFScVJRUlFSUVJRUlFSUVJRUlFSUVJRUlFSUVJRUlFSUVJRUlFSUVJQT
lBOUE5QTlBOUE5QTlBOUE5QTjBOME4wTjBOME4wTjBOME4wThBOD04PTg9OD04PT
g9N704PTg9OD04PTg9OD04PTg9R703vTe9N703vTc9N703vTe9N71HPUc9Rz1HPU
c9Rz1HPTc9Nz02vTa5Nrk2uTa5Nrk2uTY5Njk2OUY5NrUWtRa1BzUHNRc1FzUXNR
e5FzkXORc5FzUXNRc1FzkXOSc5FzkXORc5J70nuRe1F7kXuRe5F7kXuRe9GEE5SU
lFWUVZRVlFWUVZRUnFSUVJxUlFSUVJRUlFSUVJRTlFSUVJRUlFSUVJRUlFSUVJSU
lFSUVJRUlFSUVJRUlFOUE5QTlBOUE5QTlBOUE5QTlBOUE5QTjBOME4wTjBOME4wT
jBOEE4PTg9OD0oPSg9KD0oPSg9KD04PSg9OD04PTg9N703vTe9N703vTe9N703vT
e9N703vTe9N703PTc9Nz03PTc9Nz03PTc9Nr02vTa9Nrk2uTa5Njk2OTY5Njk2NT
a1BrUGtQa1BzUHNRc1FzUXNRc5FzknOSc1FzUXuRe5F7kXORc5FzkXORe5F7kXNR
e5J7knuSg5J7knuShBSUVZRUlFSUVJxUlFSUVJRUlFSUVJRUlFOUVJRUlFSUVJRU
lFSUVJRUlFSUVJRUlFSUVJRUlFSUVJRUlFSUU5QTlBOUE5QTlBOUE5QTjBKME4wT
jBOME4wTjBOME4wTjBOMEowThBKD0oPSg9KD0oPTg9OD04PTg9OD04PTg9OD04PT
g9OD03vTe9N703vTe9N703vTe9N703PTc9Nz03PTc9Nz03PTc9Nz02vTa5Nrk2uT
a5Njk2uTY5Njk2OTY5Njk2tQa1BrUGtQc1FzUXNRc1BzUHOQc5FzkWtQc1FzknOS
c5JzknORc5FzkXvRe5FzkXuSe5J7knuSe5J7koQUlFWUVJRUlFSUVJRUlFSUVJRU
lFSUVJRUlFOUVJRUlFSUVJRUlFSUVJRUlFSUVJRUlFSUVJRUlFOUU5QTlBOUE5QT
lBOUE4wTjBKME4wTjBOME4wUjBOME4wTjBKME4wTjBOEE4QSg9KD0oPSe9KD0oPS
g9KD04PTg9OD04PTg9OD1HvTe9N703vTe9N703PTe9N703vTe9N703OTc9Nz03PT
c9Nz03PTc9Nrk2uTa5Nrk2uTY5Njk2OTY5Njk2OTY5NrUGsQaxBrUHNRc1FzUHNQ
c1FzkXORc1FzUXNRc1JzUnORc5FzkXORc5F7kXuRc5FzknuSe5J7knuSe5KME5RU
lFSUVJRUlFSUVJRUlFSUVJRUlFSUVJRUlFSUVJRUlFSUVJRUlFSUVJRUlFSUVJRU
lFSUU5QTlBOUE5QTlBOUE5QTlBOME4vSjBOME4wTjBOME4wTjBOME4wTjBOME4QT
hBOD04PSg9KD0oPSg9KD0oPSg9KD0oPSg9OD04PTe9N703vTe9N71HvTe9Nz03vT
e9N703vTe9N703PTc5Nz03PTc9Nr02vTa9Nrk2uTa5Nrk2uTY5Njk2OTY5Njk2OT
axBrEGsQc1FzUXNRc1FzUXOSc1FzkXNRc1FzUXNRc1FzkXORc5FzkXORc5FzkXOR
c5FzknuSe5J7koPSjBOUVJRUlFWUVJRVlFSUVJRUlFSUVIxTlFSUVJRUlFSUVJRT
lFOUU5RUlFSUVJRUlFSUVJRUlBSUFJQUlBOUE5QTlBOME4wTi9OME4wTjBOME4wT
jBOME4wTjBOME4wTjBOEE4QTg9N70nvSg9KD0oPSg9KD0oPSg9J70oPTe9N703vT
e9N703vTe9N703vTc9Nz03PTc9Nz03PTc9Nz03PTc9Nz03PTa9Nr02uTa5Nrk2uT
a5Njk2OSY5Njk2OTY5Njk2sQaxBrEGtQa1BrUGtQc1BzUHNRc1JzUXNRc1FzUXNR
c1FzkXNRc5FzkXORc5FzkXNRc5F7kXuSe5KDkowTlFSUVJRUlFSUVJRUlFWUVJRU
lFSUVJRUlFSUVJRUlFOUE5QTlBOUE5xUlFOUU5QTlFOUE5QTlBOUE4wTlBOMEpQT
lBOUE5QTjBOME4wTjBOEE4wTjBOME4wTjBOME4wTjBKD0oPSe9KD0nvSe9J70nvS
e9KD0nwTe9N703vTe5J703vTe9N703vSe9N703vTe9N703PTc9Rz03PTc9Nz03PT
c9Nz02vTa5Nrk2uTa5Nrk2uSY5Njk2OTY5JjkmOSY5JjD2MPaxBrEGtRa1BzUWtQ
c1FzknORc1FrEGtQc1BzkXORc5FzkXNRc5FzkXORc1BzkXORe5F7kXuRe9KME5RU
lFSUVJRUlFSUVJRUlFSUVJRUlFSUVJRUlBOUFJQUlBSUFJQUlBSUVJQUlBSUFJQU
lBOUE5QTjBOME4wTjBOME4wTjBOME4wTjBOEE4wTjBOME4wThBOEE4QThBOEE4QT
g9OD0oPSg9J7knvSe9J70nvSe9J70nvTe9N703vTe9N703PTe9N703vTe9N703vT
c9Nz1HPTc9Nz03PTc9Nz03PTc9Nr02vTa5Nrk2uSY5Njk2NTY5Njk2OTY5Nbk1uS
YtBi0GLQYxBrEGsQaxBrUHNRc1FzUWtRa1BrUGtRc1FzUXNRc1F7UXNRc5FzUXNR
c1FzkXORc5F70nvSjBOMVIxUjFSUVJRUlFSUVJRUlFSUFJRUlFSUVJQTlBOUE5QT
lBOUE5QTlBSUFJQUlBSUE5QTlBOUE4wTjBOME4wTjBOME4QSjBKMEowSjBKMEowT
jBOME4wThBOEE4PTg9OD04PSg9KD0oPSe9J70nvSe9J70nvSe9J70nvSe9J703vT
e9N703PTe9N703vTe9N703PTc9Nz03PTc9Nz03PTc9Nz03PTa9Nrk2uTa5NrkmuT
a5Njk2OSY5NjkmOTY5JjUmMPYxBjEGLPYs9rEGtQa1BrUGtQa1BjUGtQaxBrEGsQ
c1FzUXNRc5FzUXORc5FrUGtQc5FzUXNRc5J70oQTjFSMVIxUlFSUVJRUlFSUFJQU
lBSUFJQUlBSUFJQTlBOUE5QUlBSUFJQUlBSMFJQUlBOME5QTjBOME4wTi9OME4wT
hBOME4wTjBOME4wTjBOME4wTjBOME4QThBOD04PTg9KD04PSg9J7knvSe9J70nvS
e9J70nvSe9J70nvTc9N703vTe9N703vTe9N703PTc9Nz03PTc9Nz03PTc9Nz03PT
c9Nr02vSa9Nrk2uTY5Njk2OTY5Njk2OTY5Njk2OTY1NzUWsRYxBjEGtQa1BrUGtQ
a1BrUHNRc1FzUXNQaw9jD2tPc1BzUHNQaxBrUGMPaxBrEWtRa1FrUHNRe9KME5QU
lFSUVJRUlFSUVJRUlFSUFJRUlFSUFIwTjBSME4wTjBOUE5QTlBOUE5QUjBSME4wT
jBOME4wTjBOME4wTjBOME4wTi9OL04vTi9OME4wTjBOEE4PTg9OD04QTg9KD0oPS
g9KD0oOSe9J70nvSe9J70nvSe9J70nvSe9J70nPSe9J703wTe9N703PTc9Nz03PT
c9Nz03PSc9Nz03PTc9Nz02vTa9Nr02vTa5Njk2OTY5Njk2NTY5Njk2OSY5JjUmNS
c1FzUGsPaxBrUGtRc1FzUXNRc1FzknORc5FzkGtQc1BzUXORc5FzkXORc5J7knOS
c5FrUWsQa1BzUYPSjBOMFIwUjFSUVZRUlFSMVIxUlFSMVIxUjFSMFIwTjBOUE5QT
lBOUE5QTlBSMFIwUjBSME4wTjBOME4wTjBOME4wTjBOME4wTjBOME4wTjBOL04PT
g9KD04PThBOEE4PTg9OD0oPSg9KDknvSe9J70nvSe9J70nvSe9N703vTe9N703vT
e9N703vTe9Nz03PTc9Nz0nPTc9Nz03PTc9Nz02vTc9Nr02vTa9Njk2OTY5Njk2OT
Y5Njk2OTY5NjkmOSY5JjknNQa1BrD2sQaxBrUGtQc1BzUHNQc1FzUXORa1FrUWtR
c1FzkXORc5FzkXORe5J7knuSc5FzUXORc5GD0owTjBOME4xUjFSMVIxUlFSUFJRT
lFOMU4xTjFOMU4xTjBOME4wTjBOME5QTlBSUE4wTjBOME4wTjBOMEovTjBOME4wT
jBOME4wThBKEEoQShBKEE4QThBOEE4QThBOD04PTg9OD04PSg9J70nvSe9J70nvS
e9N703vTe9N703vTe9N703uTe9N703PTe9Nz03PTc9Nz03PTc9Nz03PTc9Nz02vT
a9Nr02uTa5Nrk2uTa5Njk2OTY5NjUmOSY5JjkluSW5JrUGtQYw9rEGsQaxBzEXNR
a1BrUGuRc5FzkXNQaxBrUHNRc5FzUHNQc1BzkXOSc5FzknORc5FzkXORe9KMEowT
jBOMVIxTlFSUVIwTjFOMU4xTjFOUE5QTlBOUE5QTlBOUFIwTjBOME4xTjFOMU4wT
jBOME4wTjBOME4wTjBKME4wTjBOME4wTjBOME4wTjBOEE4QThBOEE4QThBN704PT
g9OD0nvSe9J70nvSe9J70nvSe9J703vTe9N703vTe9N703vTe9N703vTe9Nz03PT
c9Nz03PTc9Nz03PTc9Nr02vTa9Nr02OTa5Nrk2uTY5Njk2OTY5Nbk2OTY5NjUmNS
a1BrUGMPYxBrEGtQa1BrUGtQa1BzUHNRc5FrUWsQa1FzUXNRc1BzUXNRe1JzUXOR
c5FzkXNQc5FzkYPSjBOME4wTjFSMVIxUjBSMFIwTjBOME4wTjBOME4wTjBOME4wT
jBOME4wTjBOME4wTjBOME4wTjBOME4vShBKMEowSjBKMEowSjBKL0ovShBKD0oPS
g9KD0oPSg9KD03vTg9OD04PSg9J70nvSe9J70nvSe9KD04PTe9N703vTe9N703vT
e9N703vTe9N703PTc9Nz03PTc9Nr03PTc9Nz02vTa9Nr02vTa9Nrk2uTa5NrkmOT
Y5Njk2OTW5Nbk2OTY5NbkmtRaxFjEGMQYxBrEGsPaw9rT2tQa1BrUXNRa1BrEGtQ
c1BzUXNRc1FzUXNRc1FzUXNRc1FrUXNRc5GD0owTjFSMFJQUjBSMFIwUjBOME4wT
jBOME4wTjBOME4wTlBOME4wTlBOUE4wTjBOL04wTjBOME4QSjBKMEowSjBKMEowS
jBGMEovSi9KD0oPSg9KD0oPSg9KEEoPRg9KD0oPSe9J70nvSe9J70nvSe9J70nvS
e9J70nvSe9J703vTc9N703vTe9N703vTe9N703uTc9Nz03PTc9Nz03PTc9Nz03PT
c9Nr02vTa9Nr02uTY5Njk2OTY5Njk1uTY5Njk2OTY5NrUGtQYw9jD2MQYxBjEGMQ
YxBrUWtRa1FzUWtRaxBrEGtRa1FrUWtRc1FzkXNRc1FzUXNRc1FzUXuSg9OME4wT
jBOME4wTjBOME4wTjBOME4wTjBOME4wTlBKME4wTjBOME4wTjBOMU4wTjBOMEowT
jBKME4wSi9KL0ovSg9KD0oPSg9GD0oPSg9KD0oPSg9KD0oPSg9KD0oPSe9J70nvR
e9FzkXuRe5F7kXuRe5F7kXuRe5F7knuSe5J7knvSe9J70nvSc9Nz03PTc9Nz03PT
c9Nz02vTc9Nz03PTc9Nr0mvTa9Nrk2uTY5Njk2OTY5Njk2OTY5Nbk2OTY5Njk1uT
a1BrEWLQWs9jEGMQaxBrEGsQaxBrEGtRc1FzUWtQaxBrUGtRa1BrUGtRc1FzkXNR
c1FzUXNRc1F7koPTjBSMFIwUjBSMFIwUjBOME4wTjBOME4wTjBOME4wTjBOMEowT
jBOME4wTjBOMEowTjBOEE4wSg9KD0oPSg9KD0oPSg9KD0oPSg9GD0oPSg9KD0oPS
g9KD0oPSe9J70nvSe9JzknuSe5F7kXuRc5FzkXORc5FzkXORc5FzkXORc5FzkXOR
c5FzkXORc5FzkXORc5FrkWuSa5JrkmuSa5NrkmuSa5JrkmuSY5JjkmOSY5JjkluS
Y5JjkmOSY5JjUmNSY1JjUmsPaxBiz1rPYxBjEGsQaxBrEGtQa1FzUXNRc1FrEGsQ
a1BrUWtRa1FzUWtRc1FzUXNRa1FzUXNRe5KEE4wUjBOME4wUjBSMFIwUjBOME4wT
jBOME4wTjBOME4wTjBOME4wTjBOME4wTjBOME4wTjBOL0oPSg9KD0oPSg9KD0oPS
g9GD0oPSg9KD0oPSg9J70nvSe9J70nvSe9J70nOSe5J7knuSe5FzkXORc5FrkXOR
c5FzkXORc5FzkXOSc5JzknOSc9NzknOSc5JrkmuSa5JrkWtRa1FjUWNRY1FjUVtR
W1FbUVsRW1FbUVtRW1FbUVtRW1FbEVtRW1FbUVtRW1FrEGsQYs9iz2rQaxBrEWsQ
axBrEGtQa1FrUWtRYxBrEWtRa1BrUGtQa1BrUWtRa1FrUWtQa1BrUHORg9KME4wT
jBOMFIwTjBSMFIwTjBOME4wTjBOME4wTjBOME4wTjBOME4wTjBOME4wTjBOEE4QS
g9KD0oPSg9KD0YPSg9KD0oPSg9KD0oPSg9J70nvSe5J7knuSe5J7knuSe5J7knuR
e1F7kXORc5FzkXORc5FzkXORc5FzkXORc5FzkWuRa5JrknOSc5JzknOSc5JrkmuS
a5JrkmuSa5JrkmuSY5JjkmNSW1JbUVtRWxFbEVMQUxBTEFMQUtBS0FrQUtBS0FLQ
a09jEGLPYs9qz2sPaw9rEGsQaxBrEHNQa1FrEGMQaxBrEGsRa1BrUHNQc1FzUXNR
c1FzUXMRc1B7kYPSjBOME4wTjBSMFIwUjBOME4wTjBOME4wTjBOME4wTjBOEE4QT
hBOME4wTjBSME4wThBKEEoPSg9KD0oPSg9KD0nuSe9J70nvSe9J70nvSe9J7knuS
e5J7kXuRe5F7kXuSe5J7kXuRc5FzkXORc5FzkXORa5FrkWuRa5FzknOSc5JzkmuS
a5JrknOSc5JzkmuSa5JrkmuSa5NrkmuSa5JrkmuSa5JrkmOSY5JjkmNSW1JbUlMS
U1FTEVMRSxFS0VMQUtBK0GsQaxBiz2LQYxBjEGsQaxBrEGsQaxBzUWtRa1FjEGMQ
YxFrEWtQc1BrUGtQc1FzUXNRc1FrUHNRe5GD04vTjBSMFIwUjBSME4wTjBOME4wT
jBOME4wTjBOEE4QThBOEE4QThBOEE4QThBOEE4QThBOEEoPSg9KD0oPSg9KD0oPR
g9F70nvSe9J70nvSe5J7knuSe5J7knuSe5J7kntSe5JzkXORc5FzkXNRc1FzUXNR
c1FrUWtRa5FrkWuRa5FrkmuSa5JrkmuSa5JrkmuSa5JrkmuSa5JrkmuSa5JrkmuS
a5JrkmOSY5JjkmNSW1JbUltSW1JbUlNRU1FTUVNRUxFrEGsQYs9iz2MPYw9jEGMQ
YxBjEGsQa1FrUWtRYxBjEGMQa1BrEGtQa1BrUGtQa1BrUGsQa1BrUXuSg9OMFIwU
jBSMFIwUjBSME4wTjBOME4wTg9OEE4QThBOEE4QThBOEE4QTjBSME4wThBKD04PS
g9OD0oPSg9KD0oPSg9J70nvSe9J7knuSe5J7knuSe5J7knuSe5JzkXuSc5FzkXOR
c5FzkXORc5FrUWtRa1FrUWtRa1FrUWtRa1FrUWtSa1JrkmuSa5JrkmuSa5JrkmuS
a5JrkmuTa5JrkmuSa5JjkmOSY5JjkmOSY1JjUltSW1JbUlsSW1JTUlNRU1FTUVNR
YxBjEFsQWs9a0GLQYxBjEGsQaxBrEGsRaxFrEWrQaxBrEGsQaxBrEGtQa1FrUWtR
a1FrUWsQa1FzkoPThBOEE4wTjBSMFIwUjBOME4wTjBOME4QThBOEE4QThBOEEoQT
hBOEE4QThBOEE4QThBN704PSg9KD0oPSe9J70nvSe9J70nvSe9JzknuSe5J7knuS
c5JzkXORc5FzknOSc5JrknOSc5JzkWtRa1FrUWtQa1FrUWtRa1FrUWtRa1JrUmtR
a1JrkmuSa5Jrk2uSY5JrkmuSa5JjkmOSY5JjkmOSY5JjkmOSY5JjUmNSW1JbUltS
W1JTUltSW1FbUVsRUxFTEWsQaxBaz2LPYxBjEGMQYxBjEGNQaxFrEWsRaxBi0GMQ
YxBrUGNQYxBrUGtQa1BrUGtRa1FrUHNRe5KD04vUjBOMFIwUjBSMFIwUjBSEE4QT
hBOEE4QThBOEE4QThBOEE4QThBOEE4QThBOEE4PTg9OD0oPSg9J70nvSe9J70nvS
c5J7knuSe5J7knuSe5FzkXORc5FzkXORc5FzkWuRc5FzkXORa1FrUWtRa1BjUWtR
a1FrUWtRa1FrUWtRa1FrUWtRa5FrkWuSa9FjkmOSY5JrkmOSY5JjkmOSY5JjkmOS
Y5JbkmOSY1JjUltSW1FbUVtRWxFTUVMRUxFTEVMRUxFrEGsQYs9az2MQYxBjEGMQ
YxBrEGsQaxBrEGtQYxBjEGMQYxBjEGMQa1BrUGtRa1FrUWtQa1BrUHuSg9KD04QT
jBSMFIwTjBOEE4QThBOEE4QThBOEE4QShBOEE4QThBOEE4QUhBOEE4QTg9N704PT
g9OD0oOSe9J70nvSe9J7knuSe5J7knuSe5J7kXtRc5FzkXORa5FzkXORa5FzkXNR
a1FrUWtRa1FrUWtQa1FrUWtRa1FjUWtRa1FrUWtRY1FjUWtRa5JrkmuSa5JrkmuS
a5JrkmOSY5JjUmNSY1JjkmNRY1BbEFtQW1FbUVtRW1FbUVNRU1FTUVNRUxFLEFMR
axBrEGLQYs9iz2MPYxBiz2MPaw9rEGsQaxFjEGMQYxBrEGsQYxBrEGsQa1BzUGtQ
a1BrUGsQa1F7koPTjBOEE4wUjBSMFIwUjBSEE4QThBOEEoQThBOEE4QThBOEE4QT
g9OD04QThBOEE4PTg9OD04PTg9N70nvSe9J70nuSc5F7knuSe5J7UnuSe5JzknOS
c5JzkXNRc1JzknOSc1JzUWtRa1FrUWtQa1FjUGtRa1FrUWtRa1FjUWNRY1FjUWNR
Y1JjUmuSa5JrkmuSa5JjkmOSY5JjUmNSY1JjUmNSY1JjUVsLUspaylsMUw5bD1sQ
UxBTEVMRUxFTEVMRUxFTEWMPYxBaz1rPWw9az2LQYtBiz2sPYxBrUGsQaxBiz2LP
aw9rEGsQaxBrEGsQa1BrUGtQaxBrUHNRe5KD04PThBOMFIwUjBSEE4QThBOEE4QT
hBOEE4QThBOD04PSg9OD04QTg9OD04PTg9OD03vSe9J703vTe9J70nvSe9J7knOS
e5J7knuSe5J7knOSc5JzknORc5FzUXNRc1FzUXNRa1FrUWtRa1FrUWNRa1FrUWtR
a1FjUWtRa1FrUWtRY1FjUWNRY1FjUWuSa5JrkmuSY5JjkmNSY1JjUmNSY1JjUmNR
Y1BayVqGWsZahlqIWopazFMOUw9TEFMQUxBTEFMRUxFjD2MQWs9az1rPWtBaz2LP
Yw9rEGsQaxBrEGsQYs9iz2MQaxBjEGMQYxBrEGtQa1BrUGsQaxBzUXuSg9OD04wT
jBSMFIwUjBOD04QThBOEE4QThBOEE4PTg9OD04PTe9OD04PTg9OD03vTg9J70nvS
e9J70nvSe9J70nuSe5J7knuSe5J7kXORc5FzkXORc5FzkXORc5FzkXNRa1FrUWtR
a1FrEWNRa1FrUWtRa1FjEWNRY1JjUWNRY1FjUWNRY1FrkWNRY1FjkmuSa5JjkmNS
Y1JjUmNSY1JjUmNSY1FjUlsQWohahVKFUoVShVKFSodKh1KKUsxSzlLPUtBTEFMQ
Yw9jD1rOWs5az1rPWs9iz2MPYw9jEGMQYxBjEFrPWs9jEGMQYxBjEGMRYxBrEGsQ
axBrEGsQa1F7koPSg9OME4wUjBSMFIQTg9OD04PTg9OD0oPSe9J70nvThBOD04PT
g9OD04PTe9OD04PTg9OD03vTe9N703uSe5J7knuSe5JzknNRc5FzkXORc5FzkXOR
c1FzUWtRa1FrUWtRa1FrUWNRa1FjEGNQY1FjUWNRY1BjUWNRY1FjUWNRY1FbUWNR
Y1FjUWNSY1JjUmNSY1JjUmNSY1JjUmNSY1JjUmNSY1FbDlqHWkVaRVpFUkRSRFJE
UkRSRUpGSohSikrMSs5K0GMPYw9azlrPWs9az2LPYs9iz2LPYw9rEGsQYw9iz1rP
Yw9jD2MQYxBjEGMQYxBrEWsQaxBrEXNRe5KD04PThBOMFIwUjBSD0nsPew97DnrN
esx6i3JLckt6zYPShBOD04PTg9OD04OTe5FzkXvSe9J70nvSe9J70nuSe5J7knuS
c5JzknOSc5JzkXORc1FzUXNRa1FrUWtRa1BrUWtRY1FrUWtRa1BjUWNRY1FjUWMR
YxFjEWNRY1FjUWNRY1FjUWNRY5FjkmOSa1JjUmNSW1JbUltSY1JjUmNSY1JjUmNR
Ww1SxlKFUoRSRFJEUkRKREpESkRKREpFSkVKhUqJSw9rD2LPWo5aj1rPYtBaz1rP
Ys9iz2MPaxBrEGMQYs9az2MQYxBjEGMQaxBjEGsQYxFjEWMQYxFrUnOSe9OD04QT
jBSMFIwUexBxiGlGaUZpBWkFaQVpBWEFccl7koPTg9OD04PTg9NzklKNSgxrEHvS
g9J70nvSe9JzkXuSe5JzknOSc5JzkXORc5JzUmtRa1FrUWtRa1FrUWtRYxFrUWtR
a1FjUWNRY1FjEWMRYxBjEGMQYxBjEGNQY1BjUWNRY1FbUWNRY1FjUWNRY1JjUmNS
Y1JbkltSW1JbUltSW1FbUVrNUoZSRVJFSkRSRFJEUgRSREpESkRKREpFQgVKR0qO
YtBiz1qOUo5aj1rQYs9iz2LPYw9jD2MQYxBjEFrPWs9i0GLQYxBjEGsQaxBrEGMQ
YxBjEGMQa1FzknvTg9OEE4wUjBSD03rOaMRgg2iDYINgg2CDYINgw2mHe5GD04PT
e9N703vTa5I5yymJWs97knvSe9J70nuSe5JzknOSc5JzknOSc5FzkXORc1FzUWtR
a1FrUWtRa1FrEWtRa1FrUWtRa1BjUGMQYxBjEGMQYxBjEGMQYxFjEWMRY1FbUVtR
W1FbUmNSY1JjkmNSY1JjUltSW1JbUltSW1FbUltRW1FSy1KGUoVSRVJEUkRSBFJE
UkRKBEoESgRKBEIEQgdKj2LPYs9ajlqOYo9az1rPWs9azlrPWw9jEGMQYw9az1rP
Ws9jD2MPYw9rEGsQYxBjEGMQWtBjEWtRc9J703wThBOEVIQUhBNqjmCEYINgg2CD
YINgg2CDYINph3uRg9OEE3vTe9N702tRMYopSVsQe9J70nvSe9J7knuSc5JzknOS
c5JzknOSc1FzUXNRa1FrUWtRa1FrUWtRa1FrUWsRaxFjEWMRYxFjEWMRYxFjEVsQ
WxBbEFsQWxBbEFsRWxFbEVsRW1FbUWNRY1JjUmNSW1JbUltSW1JbUltSW1JbUltQ
WstShVKFUoVSRFJEUkRSREpESkRKREIESgRKBEpHSo9i0GLPWo5SjlrPWs9az1rP
Ws9bD2MPYw9jEGMQWs9az2MQYxBa0GMQYxBjEGMQYxBjEGMQaxBrUXOSe9N704QT
jBSMFIPTao5ghGCDYENgg2BDYINgg2CDaYdzkXvSe9N703vUc9NbUSmKKYpbEHOS
c5Jz0nPSc5JzknOSc5JzUnOSc5FzkXNRc1FrUWtRa1FrUWtRa1FrUWNRYxBSz0rO
Ww9bD1LPWs9bEFsQWxBbEFsQWxBbEFsQWxBbEFsQWxBbEFsRY1FjUVtSW1FbUVtR
W1JbUlNSW1JbUltSW1FbEFqKWkVSRVJFUkVSBEpESkRKREoESgRKBEoESgRKSEqO
Ys9az1qOWo5az1qPWs9az1rPWw9bD2MPYw9jEFrPWs9az2LPWs9iz2LPYxBjEGMQ
YxBjEGsRa1Fzk3vTe9N704QUhBR702pNWIRgg2CDYINgg2CEaQZhBWmIe5F703vT
e5NzkmuSSxAhiiGKUs9rUWtQY1BjD2NRc5FzknOSc5JzknOSc1JzUmtRa1FrUWtR
a1FrUWtRa1FjUVsQOcspikIMSkwxyjHLSo5bEFsQWxBbEFsQUs9Sj1LQUtBS0FLQ
UxBTEFsRWxFbUVtRW1FbUVtRU1FbUlNSUxJTEltSWxBSiUpFUkRSRFJEUkRSRFJE
SkRKBEoEQgRCBEIESghKj1rPWtBSj1KPUs9az1rPWs5az1rQWw9bEGMQWs9az1LP
Ws9bD1rPWs9iz2MPYxBjEGMPYw9jUGtRc5J703vTg9OEFIPUe9NqTljEWIRgxGDD
WIRpRnoJaUdZi3uRe9Nz02NRSo5CTTILGUkZiTILOgw6CzoLOgtKTWtQc5JzknOS
c5JzkmuRa1FrUWNRa1FrUWtRa1FrUWsRYxFSzymKEQcqCjoLIUchCEJMWs9bEFsQ
WxBSzzoMMcoxyjHKOgtCDEJMQo1KjlLQWxFbUVtRW1FbUVtRW1JbUlNSWxFTEVMP
UohShVJFUkVSREoESkRKREpESgRKBEoESgVKBUoJSo5az1rPUo5SjlrOWo5aj1qP
Wo9az1rPYxBi0GLQWpBaj1rPWs9az1rPWtBbEFsQWs9bEFsPY1BrkXPSe9J703vT
hBSEE3vSakxIxljGcYhhSFFIggt6CUkIWYpzkHvTc9NLECHKGYkRSREIEQgZSRlJ
GUkZSBlIKcpSz2uRa5FrkXORc1FrUWtRa1FjUGsRa1FjUWNRY1FjUWMRSs8ZSgjI
KcsyCxEHEQg6DFLPUtBS0FrQUs8pyxEHEQcRBxEHGQcZSCFIKYk6TFMQW1FbUVsR
UxFTEVMRUxFTEVMRUxFSz1KHUkVSRVJFSkVKRUpFSgRKBEoESgRKBEoESgRCSUrP
YtBiz1qOUo5aj1qPWo9aj1qPWs9az1rPWtBa0FKPUo9Sz1rPWs9az2MPYxBjEFrQ
WtBa0GMQa1F7knvSg9OEFIQUe9N7k2pNOQdJSXKOYk1qTWpNWUdIxWGHc5F703OT
Ss8hixlKEUkJCBFJGYoZihmKEUkRSSnLWxBrUWMQYxBjEGMRYxFjUWNRY1FjEWMR
YxFjEWMRYxFjEUqOIUkQyCmLMgwRCBEIOk1S0FLQUtBS0UqPKcsRBxEHCMcIxwjH
CMcIxxEHIcpKz1MRUxFTEVMRUxFTEVMRUxFTEVMQSs5Sh0pGSkRKREpESkRKREoE
SgRCBEoESgRKBEIFSgpKkFrPWs9SjlKOUo5Sj1qPWo9aj1qPWs9a0FrPWs9Sj1KP
Ws9iz1rPWs9iz1rPWtBa0FrQWtBjEWtSc5N703vTe9R8FHvTc5JiTDkHSYl7EHrQ
ak5piFDEUMRhh3NRe9Nz01tSQtA6jyHMEQohjEKQSpApzRlJIUlCTWNRYxBCDDoL
OgtCTEJMSo1KjUqOUo5SzlrPWtBbEGMRWxFCjhlICQcpyjILEQcZCEJMUs9S0FLQ
UtBK0DpOKgwhzCHLGYsZShEICMcJCCHLQs9TEVMSUxFTEVMRUxJTEVMRUxFS0ErM
SgZKRUoESgRKBEoEQgRCBEoESgRKBEoEQgRBxUJKQs9az1LOUo5SjlKOUo5aj1qO
Wo5aj1rPWs9az1rPUs9Sj1qPWo9aj1rPWs9bD1rPWs9bD1sPY1BrkXOSc9N703vT
e9N703OSYk05CEmJis2CjWGIWMRQg1CDYYdzUXvSe9Nr02OTW5IyTRFJKgxTUUsQ
IcsRSSoLUxBjkkrPIYoZSBlIIYghiCGIIYghiCmJKYkxyToLUs5bEVsRQo8RSQjI
KcspyxDHEQg6TFLPUtBK0ErQUtBK0EKQOpBCkDqPMk4ZigjICQkyDUrQUxFTEVMR
UxFLEVMRUxFTEVMRUxFSjEpGSgVKBUoESgRKBEoESgRKBEIEQgRCBEIEQgVCS0rP
Ws9Sz1KOUo5ajlKOWo5aj1qPWo9aj1rPUs9az1KOUo5aj1rPUs9Sz1rPWs9az1rQ
Ws9az2MQa1FzknOTe9N703vTe9Jz0mJMSMVRBnmIeYhgxFiDUINYg1lHc1F703vT
c9Nz02uSOk0ZSTpNY1FKjiFKIYpKjmNSY5NKzyGKEQkRCBEIEQgRBxDHEQcRBxEH
EQchSEKNWxBTEDpNEQgIyCnLKcsIxxEIOk1Kz0rPOk5KjlLPUs9Sz1LPUtBKzzqO
IYoJBxlIOk5TEVMRUxFTEVMRUxFTEVMRUxFTEVLQUopKBUoFSgVKBUoFSgVCBEIF
QgRCBEIEQgRCBEIGQktKz1rPWo9Sj1JOWo5SjlqOWo5ajlqOWo5azlrPWs9SzlKO
Uo5Sz1LPUs9Sz1rPWs9az1rPWs9rEGtRc5JzknvTe9N703vTe5JiDVCEWINgxGCE
WENYQ1hDWINhR3NRc9Jz03PTc9NjkjIMGUk6TVtSSs8pzDINWxBjkmtSUxE6TioN
KcwhiyGKGUoRCAkHCQcIxgjGGQhCTVLQUtA6DRDIEMgxzCnLCMcRCDoNSo46TCmK
OgxKj0rQUtBS0ErQStAyTREJCMchikKPUtFS0VLRUxFS0VLRUtFS0VLRUtFS0EqK
SkVKRUoESgRKBEoEQgRCBEIEQcRCBDoEQgRCBkJMSpA=
END f128fast
  chw crc32 : e7f0332e   (low byte first)
  chw crc32 : b2666651   (high byte first)

-- qvga: 320x240 RGB565, resolution register 0x01, bus 8.0 MHz, recipe vendor --
  fifo      : 153600 bytes, expected 153600  
  timing    : setup 17.4 ms, expose 62.5 ms, read 154.1 ms  (0.95 MB/s over the bus)
  first 16  : 8c 11 84 11 83 d1 84 11 84 10 84 10 7b d0 7b d0 
BEGIN qvga 320 240 153600 c156b5fc
jBGEEYPRhBGEEIQQe9B70HvQg9CEEYwSjFGMUYxSjFKMUoxSjFKUUoxSjFKMUoxS
lFKUUoxSjFOMU4xTjFOMUowSjBKEEoPRhBGEEYxSjFKMUpRTlFOUU5RTlFOUU5ST
lJOUkpSTlNSUlJSTlJOc1JyUnJSUU5RTjFOMU4xTjJOMU4xTlFKUk5STlJOUk5SU
lJSUlJSUlJSUlJSUlJSUlJSUlJSUlZSVlJSUlJSUlJOUU5STlJOMk5STjJOMk4xT
jFOMUoxTjFOUU5SUnNWlFqUXpRitGK0YrVitWK1YrVitWK1YrVitWK1YrVitWK1Y
pVitWK1YrVitWK1YrVmtWK1YrVitWK1YrVmtWa1YrVitWKUXjJWEVHxUfFR8VHQT
a9Jr0mwTbBJj0WwRdBJ8UoRThFOUlZzWrRetWK1YpViU1nQTa9J8VJUWnReU1nQT
Y5Fr0XQSfBJ8E3QSa9FrkXxTlNadF50YlNZ8U3QSdBKMlZ0XnReVF4zWhJWEVXxU
fFR8VHxUfFSEVJTWlRedF5TWhFRr0WORdBKElYSVfFR0E3wTjNWVFozWhJV0E1uR
Qw5LT3RTjNaVF40XhJVj0ktPU5Bj0VvRW9FkUlwRQ047DlOQY9Fb0UtQU1BbkVOQ
S09bkHxUjJWU1pTWlNaU15TWjNaElXQTU5BCzULNS09bkGPRbBN8VIRVjJaMloyV
jJWMlYyVjJV0FFNQKkwyTUtQZBJsE2wTbBNsE2PTW9JTkVuRdFF8U4RUhFR8VHxU
dBRsE2wTZBJbkDJMKgsyjTrOMo0qSyIKMsw7DjrNKgoqC1MPdBJ8U3xTfFN8U3xT
fFN8U3xSfFN8U3xTfBN8E4wRjBGMEYQRhBGEEYPRg9GD0oPRjBKMEowSjFKMUoxS
jFKMUoxSjFKMU4xSjJKMUoxSjFOUU5RTjFOME4xSjBOMEowSg9KEEoQShBKMUoxS
jFKUU5RTlJOUk5STlJOUk5STlJOUk5SUlJOUk5SUlJSUlJSUjJSMVIxUjFSMVJRU
lFSUVJRUlFSUlJSUlNSUlJSUlJSUlJSUlJSUlJSUlJSUlJTUlJSUlJSUlJSUlJSU
lJSUlJSUlJSUVJRUlFSUVJRUlFSMU4xTlFSUlJyVpRalF6UXpVitWK1YrVitWK1Y
rVitWK1YrVitWK1YrVitWK1YrVitWK1YrVilWK1YrVitWK1YrVitWK1YrVitWK1Y
pRidF4yVhFN8E3wSfBN8E4QUjJWM1ozWhJV8VHwTfBN8EnwSjFSc1qUYpVmtWaVY
lRd8VHxUhJWdF50XnNeEVXQTdBN0E3QTdBN0E3QTfFSM1p0XpVilWJ0XlNaElYyV
nRelGKVYpVidWJ0YnReVF5UXlRedF50WnRedF50XnReU1oRUc9N8VIyWlReVF5TW
jNWM1pTXnReU14SVbBJjkVtQY9GElJTWlRaVFoSVZBJbkWPSdFN0VHxUfJV0VFOR
Qw9LUEuQS5BLT1NQbBJ0EmvRc9KEVJTWlNaU1pTXlNaU1pTWlNaElXRTW9FLTzrN
Qw5LDluQdBOElYyVjJaMlYyVjNWMloSVfFRrkkLOKkxCzlNPW5FbkWOSY9JbkVuQ
U5Bb0XQThFSMVYRUhFSEVHxUfFN0VHQTW5E6jSpNMo460DqPKk0ZyiIKKgsyCzJL
Ss1j0XwTfFN8U3xUfFN8U3xTfFN8U3xTfFN8U3wTfBOEEoPShBKEEoQShBF70XvR
g9GD0YwSjBKMEowSjFKMUoxSjFKMUoxSjFKMUoyTjFOMU4xTlFOUU5RTjFOME4wT
jBOEEoQShBKEEoQSjFOMU5RTlFOUU5RTlFOUk5RTlFOUk5STlJOUlJSUlJSUlZSV
lJSUlYyUjFSMU4xTjFOUk5RUlFSUVJRUlJSUlJSUlJSUlZSVlJWUlZSVlJWUlZSV
lJWUlZSVlJWUlJSUlJSUlJSTlJOUlIxUlFSUVJRUlFSMVJRUjFOUVJRUlJWc1qTX
pRitGK0YrRitWK1YrVitWK1YrRitWK1YrVitWK1YrVitWa1YrVitWK1YrVitWK1Y
rVitWK1YrVitWLVZrVmtWaVYnReM1YRUhFSEVIxVlNadFp0YnRidGJzXlNaM1oSV
hFSElJTVpRetWK1YrVmlWJ0YjJaMlp0XpRilWaVYnReU1pSWlNaM1ozWjJaU15zX
nRilGaVZrVmlWKUXpRelGKUYpVmlWa1ZrVmtWaVZpRilWKUYpRilGKUYpRilGaUY
nNeUlpSWlNadF6UXpRilGJzYpRilGJ0YnRiMlnxUdBN0E3yUjNWVF50XlReMlXxU
fFSElYzWjNaM14zXhNZ0FGvSW5FbkVuRY5Fz04SVhJWEloSVhNWU1pTWlNaU1pTW
lNaU1pTWjJaMlnxUbBNbkVNPS09bT3QSjJWM1ozWjNaMloyWjJaEloRWc9Rj0ksP
Qs9CzkMOQw9DDkMOQw1CzUsOW5F0U4RVhJWEVYxVjFSEVIRUhFR8FGvTU1A6jjKO
Os86jzJNIgwqCzIMOk1Kz1tRbBN0E3xUfFR8VHxUfFR8VIRUfFN8U3xTfFN8E3wU
hBGD0YQRhBJ8EoQSe9KEEnvRg9GEEowSjBKMEowSjFKMUoxSjFKMUoxTjFOMU4xT
jFSUVJRUlFSUVJRUjFOME4wTjBKEEoQShBKEEoxSjFOUU5RTlFOUk5RTlFOUlJSU
lJSUlJSUnJSc1JSUlJSUlJSUlJSUlIxUjFOMU4xTjFOMVIxUjFSUlZSUlJSUlJSU
lJSUlJSUlJSUlJSUlJSUlJSUlJSUlJSUlJSUlJSUlJSUk5SUlJSUlJRUlFSUVJRU
lFSUU4xUlFSUVJSVnNak1qUXpRitWK1YrVitWK1YrVitWK1YrVitWK1YrVm1WbVZ
rVmtWa1YrVmtWa1ZrVmtWa1ZtVm1WbVZtVm1WLVZrVilWKUYnReU15TXnRelGKUY
pVitWK1YrVilWKUYpRilGJzXnRedGK0ZrVmtWa1ZrVmlGaUYpNilGKVZrVmtWaVZ
pVidWKUYpRilGaUZpRmlWaVZrVmtWa1ZrVmtWa1YrVmtWa1YrVitWa1ZrVitWK1Y
rVitWK1YrVitWKVYpRilGaUYnRidGJ0YpRilGKUYpRilGKUYpRilGKUYnReU14zX
lNec15zXnRedGJ0YlReU1pTWlNeVF50XnRedF5TXjNaElYSVfFV8VHxUhJWM1pTW
lNaU15TXlNeU1pTWlNaU1pTWlNaU1pTXlNaMloSVfFRsE2wTbBN8VYyWjJaM1ozW
jJaMloyWhJaEloRVfBRr01uSU1FLUEtPS05LTktPU09TUGvSfBSEVYRVhFWEVYRV
hFSEVIRUhFR0U2vTW1FTEUKPSs9Cz0LPQw9LUFuRY9J0E3xTfFOEVIRUhFOEU4RT
hFOEU4RThFOEFIQThBN8E4wShBKEEYPRhBF70XwRfBJ70XvRjBKMEowSjBOMEowS
jFKMUowSjFKMU4xTjFOMU4yTlFOUU5STlFOUU4wTjBOME4QThBKEEoQShBKMEoxT
lFSUVJRUlFOUVJSUlJSUlIyVlJWUlZSUlJSUlJSUnJSclJyUlFSUU4xTjFOMU4xT
jJSUVJRUlJSUlJSUlJSUlJSUlJSUlJyUlJSUlJRUlJSMk5SUlJSUlJSUlJSUlJSU
lJSUlJSUlJSUlJRUlFSUVJRUlFOMU4xUlFWUlZzWpRelF60YrRitWK1YrVitWK1Y
rVitWLVYtVitWK1YtVmtWa1ZrVmtWa1ZrVmtWa1ZtVm1WbVZtVm1Wa1ZrVmtWa1Y
rVitWa1YrRmtWa1ZrVmtWa2ZrVmtWa1ZrRmlWa1ZrVmtWa1ZrVmtWa1ZrVqtWa1Z
rRmlWa1ZrVmtWa1ZrVmlWa1ZrVmtWa1ZrVmtWa1ZrVmtWa1ZrVmtWa1ZrVmtWa1Z
rVmtWa1ZrVmtWa1YrVitWa1ZrVmtWaVZpVilWKVYpVilWKUYpRilGKUYpRilGKUY
pRitGKUYpRmlGKUYpRilGJ0YnRedF6UXpRelGKUYpRidGJ0XnRedF50XnRedF5UX
lNeU15TXlNeU15zXnNeU15zXnNec15zXlNeU15TXlNaU1pTWlNaU1pTWlNaU1ozW
hJaElYSVjJaMloyWjJaMloyWjJaMloyVjJWMlYRVhFR8FHQTbBNsE2wTY9Jr0mvS
dBN8E4RUhFWEVYRVhFWEVYxUjFSMVIRUfFR0VHQTa9NjkmOSW5Jjk2PSa9J0E3wU
hBSEFIQUhFSEVIRUfFSEU3xTfFN8E3wTfBOEE3wTfBOMEYwSjBGEEYQRhBKD0oPS
e9J70YQShBKMEowSjBKMUoxSjFKMUoxSjFKMU4xTlFOUU5RTlFSUU5RTlFOMUoxT
jBKEEoQShBKEEoQSjFKUU5STlFOUlJRUlFSUlJSUlJSUlJSUnJSUlJSUlJSclJyV
nJWUlZRVlFSMU4xTjFOMVIxUjFSMVJSUlJSUlJSUlNSUlJSUlJSUlIyUlJSUlJSU
lJSUlJSVlJWUlZSVlJWUlZSUlJSUlJSUlFOUVJRUlFSMVIxUjFSMlJSVnNadFqUX
pVitGK1YrVitWK1YrVitWK0YrVitWK1YtVm1GbVZtVm1WbVZtVm1WbVZtVm1WbVZ
tVm1WbVZtVitWa1ZrVmtWa1ZrVmtWa1ZrVmtWa1ZrRmtWbVZrVm1Wa1ZrVmtWa1Z
rVmtWa1ZrVmtWa0arVmtWa1ZpVmtWa1ZrVmtWa1ZrVmtWK1ZrVmtWa1ZrRmtWa1Z
pVmtWa1ZrVmtWa1ZrVmtWa1ZrVmtWa1ZrVitWK1YrVitWK1YrVilWaVZpVmlGa1Y
rRmtGa0YrRitGa0YrRitWK1YrRitGKUYpRilF6UYpRilGJ0XpRilGKUYpRilGKUY
pRedF50XnRedF50XpRedF50XnRedF5zXnNec15zXnNec15zXnNec15zXnNeU1pTW
lNaU1pTWlNaUl5TXlNeU15TWjNaM1oyWjJaM1ozWjNaM1ozWjJaMlYyWjJaMloyW
hJaEloRVhFWEVHxVhFWEVYRVhFWEVYxVhFWEVYRVhFWEVYRVhFWEVYRVhFV8VXxU
fFR8VHQUdBR8FHwUfBSEFIRUhFSEU4RThFOEVIRUfBR8FHwUfBR8FHwUfBR8FHwT
jBGMEYwSjBKEEoQSg9KD0YPRg9GEEYQSjFKMUoxSjFKMUoxSjFKMUoxSjFKUUpRT
lFOUVJRTlFOUU4xTjFOMU4wThBKEEowSjBKMEowTlFOUVJRTlFSUVJRUlFSUVJRU
lFSclJSUlJSUlJSUnJSclZyVnJWUlJRUjFSMU4xUjJSMVIyVjFSMlJSUlJSUlJSU
lJSUlJSUlJSUlZSUlJSUlJSUlJSUlJSUlJSUlJSUlJSUlJSUlJSUVJRUlFSUU5RU
jFSMVIxUlFSclZyWpNatF60YrRitGa1YrVitWK1YrVitWK1ZrVmtWa1YtVm1WbVY
tVm1WbVZtVm1WbVZtVm1WbVZtVm1Wa1ZrVmtWa1ZrVmtWa1ZrRmtWa1ZrVmtWa1Z
rVmtWa1ZrVmtWa1ZrVmtWbVZrVmtWq1ZrVmtWa1ZrVmtGa1ZrVmtWa0ZrVmtWK1Y
rVitWK1YrVitWK1ZrVmtWa1ZrVmtWa1ZrVmtWa1arVmtWa1ZrVmtWa1YpRilGK0Y
rVitWK1YrVitGK0YrVitWK1YrVetWaUZpRmlGK0YrVitWK1YrVilWKUYpRilGKUY
pRilGJ0YpRilGKUYpRilGKUYnRedGJ0XnRec150XnRedF50XnRec15zXnNec15zW
nNec15zXnNec15zXlNeU15TXlNeU15TWlNeU14zXlNeU15TWlNaU1pSWlJaUlpSW
jJaMloyWjJaMloyWjJaMloyWjJWMloyWjJWMVoxWjFWMVYxVjFWMVYxWjFWEVYRV
hFWEVYRUhFSEVIRUhFSEVIRUhFOEVIRUhFSEVIRUhFSEVIRUhBR8VHxUfFN8U3xT
fFN8E3wThBOEE4QTfBN8E4wSjBKMEoQShBGD0YPRg9GD0YPRhBKMEowTjFKUUoxS
jFKMUoxSjFKMUoxSjFOUU5RTlFOUU5RTlFOMU4wTjBOME4wShBKEEYQShBKMU4xU
jFOUVJRUlFSUVJSUjJSUlJSUlJSUlJSUlJSUlJSVlJWUlJSUlJSMk4xTjFOMU4xT
jFSMVJRUlJSUlJSUlJSUlJSUlJSUlJSUlJSUlJSUlJSUlJSUlJSUlJSUlJSUVJRU
lJSUlJSUlJSUlJRUlFOUVJRUlFSUVJRUnJWclqUXpRelGK0YrRitWK1YrVitWK1Y
rVitWLVZtVm1WbVZtVm1WbVZtVmtWa1ZrVmtWa1ZrVmtWa1ZrVm1WrVYtVm1Wa1Z
rRitGK0YrRitGK0YrRitGK0XrRilGKUYpRelGKUYpRilGKUYrRetGK1YrVitWKVY
rVitWK1YrVilWKUXnRedF50XpRilGKUYrRitWK1YrVitWK1YrVitWa1ZrVmtWa1Z
rVmtGa1ZpRilGJ0XpRilWKUYrVitWK1YrRitGK0YrRitGK0YrRitGK0YrRitWK1Y
rVitV60XpRelF6UXpRelF6UYnRilGKUYpRilGKUXpNelGJ0YnRidGJzXnNec150X
nRedF50XnNec15zXlNeU1pTXlNeU15zXnNec15TXlNeU15TXlNeU15TWlNeM1pTW
lNaU1pTWlJWUlpSWlJeUloyWjJaMloyWjJaMloyWjJaMVoyWjJaMlYyVjJWMVoxV
jFWMVYxVjFWMVYxVjFWMVYxWjFWEVYRUjBSMVIRUhFSEVIRUhFSEVIRUhFSEU4RU
hFR8VHwUfBR8FHxUfBR8FIQThBOEE4QTfBN8E3wTfBSMEYPRhBGEEoQSfBJ70YPR
g9GD0YQSjBKMEowSjFKMUoxSjFKMUoxSjFKMUoxSjFOUU5RTlFSUU5RTjFOME4xS
hBOEE4QThBKEEoQSjFOMU4xTjFOUVJxUlFSUVJSUlJSUlJSUlJSUlZSUlJWUlZyV
lJWUlZSVjJSMVIxTjFOMU5RUlFSUVJyVlJWUlJSUlJSUlJSUlJSUlJRUlFWUlZSV
lJWUlZSVlJSUlJSUlFSUlJSUlJSUlJSUlFSUVJRUlFSUVJRUlFSUVJSVnNak16UX
rRitGK0YrVitWK1YrVitWLVYtVi1WLVYtVi1WLVYtVi1WLVZtVi1WbVZtVm1WbVZ
tVq1WbVZtVm1WbVZrVmtWaUYnRic2JzXnNec15zXnNec15zXnNec15TWlNac1pzW
nNac16TYrRitWa1YrRilF6UXpRelGKUXnRiU14yWhFWMlpTXnNedGJ0YnRidGJ0Y
pRitGK1YrVitWK1YrVmtWa1ZrVmlGJzXlJaMlpTWnRelGKUYpRilGKUYrRitWKVY
pVilWaVZpRmlWa1YrVitWK0YpRec1pzWnNec15zXpRilGKUYpRilGKTYpRilGKUY
pRidF5UXjNaM1ozWlRaVFp0WnRaU1pTXlNeU15TXlNeU15TXlNaVF5TXlNeU15TX
lNeU14zXlNaU1pTXlNeU1oyWjJaMloyWjJaMloyWjJaMloyWjJaMloyWjJaMloyW
jFaMloyWjJaMloyWhJaMloyVjFWMVYxVjFWMVYxVjFWMVYRVhFSEVIRUhFSEVIRU
hFSEVIRThFSEVIRVhFSEVIRUfFR8VHxUfFN8VHxTfBN8FIQUhBSEE3wTfBN8E3wT
jBGD0YQRhBJ8EoPRg9GD0YPRg9GEEoQSjFKMUoxSjFKMUoxSjFKMUoxSjFKMUoxT
lFOUU5RTlFOUU4xTjBOMU4QThBOEEoQShBKEEoxTjFOMU4xTlFSUVJSUlJSMlJSU
lJSUlJSUlJSUlZyVnJSclZyVnJWUVZRUjFSMU4xTjFOMlJRUlFSUVZSVlJSUlJSV
lJWU1ZSUlJSUVJSUlJSUlZSVlJWUlZSVlJWUlJSUlJSUlJSUjFSUVJRUlFSUVJRU
lBSUVJRUlJWclaTWpNetGK0YrRitGK1YrVitWK1YrVitWa1YrVitWK1YtVitWK1Y
rVitWLVZtVm1WbVZtVm1WbVZtVm1WbVZtVm1Wa1ZpRic15SWjJWMlYSVhJSElISU
hJSMlYyVjFWEVIRUhFSEU4RTjJSU1Z0XpVilGJzYlNeU15TXlNeM1oyWhFRz0mvR
fBOMlZSWlJaUlpSWlJaUlpzXpRilWK1YrVitWK1YrRmlGKUZnNiUloQTe9OEVJTW
nRelWKUYpRilF6UYpVilWKVYpVilWKVXrVitWK1YrVelFpSVjFSMVIxVlJac15zY
pRilGKUYpRilGKUXpRilGJ0YlNeMl4RUhFSElIyVlNaU15TWjNaElYSWhJWElYSV
hJWElYSVjNWU1pTWlNeU15SWjJaMVYRVjJaMloyXjJaEVYRUhFSElIRVfFWEVIRV
jJWUlYyWlJaMloyWjJaMVoyWjJWMlYyVjJWMlYxVjFWEVIRUjFSMVIxUjFWEVYRV
hFWEVYRVhFWEVYRVhFWEVYRUhFSEVIRUhFSEVIRUhFSEVIQUfBN8E3wUfFR8VHwT
fBR8FHwUhBR8FHwUfBR0FIQRhBGEEYQShBGEEYPRg9GD0YPRhBGEEoxSjFKMUoxS
jFKMUoxSjFOMU4xTlFOUU5RTlFOUU5RTlFSMU4xTjFKEUoQShBKEEoQShBKMEoxT
lFOUU5RTlFSUlJSUlJSUlJSUlJSUlJSUnJSclJyUnJSc1JyUlJSUk4xTjFOMU4xT
jFOMVIxUjJSUlJSVnJWUlZSVlJWUlZSUlJSUlJSUlJSUlJSUlJWUlJSUlJSUlJSU
lJSUlIyUlJSUk5RTlJOUU5RUlFSUVJyUnJWk16UXrRetGK0YrVitWK1YrVitWK1Y
rVm1WbVZtVm1WbVZtVm1WbVZtVm1WbVZtVm1WbVZtVm1Wa1YrVitWbWZtZmtWJ0X
jJV0E3PSa9Jr0mvSa9Jr0nQTfBN0E2wTY5FbkVuRY9J0EnwSlJWc150YlNiEloRV
fBR0VHRUdFRkE1ORQw9LEFuSa9N0FHQTdBJ0E3wThFSU1qUXpVilWKUYpRidGJ0Y
nRmdGYzYfFVbkVMPdBOElZTXnRelF6UXpRelF6VXpRelWKVYpVilWK1YrVitWK1X
nNaMVIQSfBJ8EoRTjJSU1p0XpRilGKUYnRelF6UYnReU14yWfFRj0luQY9F8lITV
hNWElXxUa9Jr0mvSa9Jr0mvSc9N8VIyVlNeU15TXlNeMlnxVdBR0FHxVhJaEloRV
fBRr02wTdBN0E2wSbBJ8U4RUjJWMlYyWjJaMloyWjJaMloyVjJWMlYRVhFWEVXxV
fFR8VHxUfFSEVIRVhFWEVYRVhFWEVYRVhFSEVYRUhFSEVIRUhFSEVIRUhFSEFHwU
fBR8FHwUhBSEFIQUhBOEE4QThBOEE3wUfBR8FHwUfBSEEoQShBKEEYQRfBGEEYQR
g9GD0YQSjFKMUoxSjFKMUoxSjFKMU4xTjFOUU4xUjFOMU5RTlFOUU5RTlFOMU4xS
jBKEEoQShBKEEoQSjFOMU4yTlJOUk5STlJOUk5SUlJSclJyUnJSUlJSUnJWclZyV
nJSUlZSUlFSMVIxTjFOMU5RTlFSUVJRUlJSUlJSUlJSUlJSUlJSUlJSUlFWUlZSV
lJWUlZSVlJSUlJSUlJSUlJSUlFSUVJRUlFSUVJRUlFSUVJRUlFSUVZzWnNalF60Y
rRitWK1YrVitWK1YrVmtWK0ZtVm1WbVZtVm1WbVZtVm1WbVZtVm1WbVZtVm1WbVZ
tVm1WK1YtVi1ma1ZrVmVGIRVa9NbkluSW5JTklORU5Jb02wUa9Rj01NRSxBTUVvS
bBN8U5SWnRelGIzWdBNrkWPRY9NbkktROs87DzsPQ09TkFPRW9Jj0mPSY5FjkHPR
jJSdF6VYpRic15TXjNaM1ozXjNeEl2QUS1BDD2PSfFWMloyWlJaUlpSWlNec16UY
rRitWK1YrVitWK1YrVitWJ0XjJWEE3wSc9F0EXxTjNWdF50XnRelGKUYpRik2JzW
jJV8FFuSQxBDD1NRa9N0FHxVdBRbkkMOQw5LT0tQS09LDlNPa9KElIzWlNaM1oyV
fFRjkVMPW1F0E3xVfFVsFFNQSxBLUVOQU1BTUFOQa9J0E3wUhFSMlZSVjJaMloyW
jJaMlYRVfFR8VHQTa9Jr02PTa9NsE3QTfBSEVIRUhFSEVIRUhFSEVIRVhFWEFIQU
hBSEVIRUfBR8E3wTfBN8E3QTdBN0U3wThBOEFIQThBOEFIQUhBSEFHwUfBR8FHwU
hBKEEoQShBF8EYQRhBGEEYPRg9GD0oQSjBKMEoxSjFKMU4xTjFOMUoxSjFKMU5RT
lFOUU5RTlFOUVJRUjFSMU4QThBKEEoQShBKEEoxSlFOUU5RUlFOUlJSTlJOUlJSU
lJSUlJSUlJSUlJSUlJSclJzVnJSUlJRUjFOMU4xUjFSMVIxUjFSUlJSUlJSUlJyU
lJSUlJSUlJSUlJSUlJSUlZSUlJSUlJSUlJSUlJSUlJSUlJSUlJSUlJSUlJSUVJRU
lFSUVJRUnJSc1aUWrRatF60XrRitWK1YrVitWLVZtVm1WbVZtVm1WbVZtVm1WbVZ
tVm1WbVZtVm1WbVZtVm1WLVZtVm1WbVZtVitWK1ZnRiElmPTU5JTklPTU5NTklNS
Y5NsFWwUZBNTkktRU5Fj0nQThFSU1p0YnRiMlnQUY5Jj02vUU9M7UTLPMxA7UUOS
S5NTkluTY9NsFGvTY5F0E5SWnRidGJ0XjJV8U3xSfFJ8U3xTbBNLkjsQOxBbkXQT
hBN8E3wTdBN8E4RUlNWlF6VYpVilWKVYpRilGK1YpRik15yWlJWMVHwTfBKEVIyV
lNadF50XnRelF6UXnNeU1oRVY9JDTzLOOw9DUEtRW5JsFGwUU5E6zkMPS1BTklNR
Os86jltQfFSU1pTWjNWEVWvTSxBCjlMQY9JsE2QTW5E6jjJNOo9DDzLNMo06zlNQ
W1BjkXwThJWMloyWjJaMVoSVhFV8FGvSW5FLD0rOSw5KzUsOUw9bUFuRc9J8E4QU
hFWEVYRVhFSEVIRUhFR8VHxUfBR8E3PSa9Jj0mPSY9JjkWORY5Fr0mvSdBN8E3wT
fBN8E3wThBSEFHwUfBN8E4wSi9GEEoQRhBGEEYPRg9GD0YPRg9KME4wTjBOME4xT
jFOMU4xTjFOMU4xTjFOUU5RTlFOUU5STlFOUU5RTjBKMEowShBKEEoQShBKME5RU
lFSUVJRUlJSUlJSUlJSUlJSUlJSUlJSUnJSclJyUnNSc1JyUlJSMk4xTjFOMU5RU
lFSUVJRUlJSUlJSUlJSUlJSUlJSUlJyUlJSUVJSUlJSUlJSUnJSUlJRUlJSUlJSU
lJSUlJSUlJOUk4yTlJOUk5RTlFOUlJSUnNWlF6UXrRetF61XrVitWLVZtVi1WLVY
tVi1WLVYtVi1WbVZtVm1WbVZtVm1WbVZtVm1WbVZtVm1WbVZtVm1WbVZtVmtWaUY
fFVbkVOSW9Nb1FvUU5JTUVuSY9Nj01OSS1FLUVOSW5JjkXwUlNadGJ0YjNZ0FGwT
bBVsFVvUOxAyz0MQQ1FDkkNSU5JTkmvTfFV8VHxTjFSc1qUYnRiM1nQTW1BbUGvR
a9Jr0mOSU1JC0DrQU1FjkmvSa9JrkmOQW5Br0oyUnRelGKUYpRilGKUXpRelF6UW
nNaU1ZTVlNaU1YyVjJaU1pSWlNaU1pzXnRedGJ0XjRZ8VGPSOw8yzjLPMs47D1NR
ZBNsFFNROs9LUWQUbBVb1EMQOo5TUXxUjJaM1oyVdBNjUULOOo5CzksQU5BLkENQ
Ms4yjTKOMo4qTSpNMs5DD0MPU1Bz0oRVjJaMloyWhJV8VWwTW1FDDzqNMkwqSyoK
Mks6jELNQs1CzlMPY5Fz04RUhFSEVIQUfBR8FHQUa9Nr02OSW1FTEEsPSw9Cz0LO
Qo5CjkLOSs5TEGORc9J8E3wTfBN8E3wTfBN8E3wTfBOEEoQShBKEEoPSg9KD0oPR
g9KD0oPThBKME4wSjBKMEoxSjFKMUoxSlFKUU5RTlFOUU5RTlFOUU5RTjFOMU4wS
hBKEEowTjBOME4wSjFKMU5STlJOUlJyUlJSUlJSUlJSUlJSUlJSclJyUnJSclJzU
nNWc1ZyVjFWMVIxUjFSMVJRUlFSUVJSUlJSUlJSUlJSUlJSUlJSUlJSUlFSUVJSV
lJWUlJSUlJSUlJSUlJSUlJSUlFSUU5STjJOUk5STlJOUVJRUlJSclJzWpRalF6UY
rVitWK1YrVitWK1YrVitWLVZtVm1WbVZtVm1WbVZtVm1WbVZtVm1WbVZtVm1WbVZ
tVm1WbVZtVm1WbVZrRmdF3RUU5JTkVPTW9Nb01OSS1FTklPSS5FDUUuSU9NT00uT
U1Fz0pTWpRelGJTXfFV0FGwUY9NLkTsPOw87UENRQ5E7EEMPU5F0FISWjJaU15zX
pRilWaUYhNZj0lNQW5FsE3xVfFV0VWPTSxBDD1uSbBN0VHRVbBRTkUsPW5GEVJzX
pRilGKUXnNeU1pTWlNaUlYxThBKMk5zVpRelGJ0XlNaMVIRUjJWU1p0XnRidGJTY
jJZ0FFNROs4yjjKOOw9T02QVZBRLUjrOQw9b0mQUW9NC0DKOUxB8VIzWlNeMlnxU
Y5JDDzKNOs07DkuQS5BDUTsPOs8qjiqNKo0qjTLOQ1BDUFNPa9KEVISVjJaEVXxV
a9NTUDrNOs06zTKMIkoqCzJNStBTEUrPQs06TFLOW1Br0nxUfFR8FHPTa5FbUEsP
Sw5CzkLNOo06TDpMOk06TDqMMkw6TDpMMktCjVsPa5F8E4QThBOEE4QUhBN8E3wS
jBGMEYQRhBKEEYPRe9GD0oPRg9GEEYQRjBKMUoxSjFKUUpRSlFKMUoxSlFKUUpRS
lFOUU5RTlFSUVIxUjFOMU4QThBKEEoQShBKEEoxTjFOUk5SUlJSUlJSUjJSUlJSU
lNSUlJyUnJSclJyUnJWclZyVnJWUlIxUjFSMVIxUlJOUk5SUlJSUlJSUlJSU1ZSU
lJSUlJSUlJSUlJSUlJWUlZSVlJWUlJSUlJSUlJSUlJSMlJSTlJOUk5STlJSUlJRU
lFSUVJRUnJWk1qTXpRetF60YrVitWK1YrVitWa1ZrVm1WLVYtVi1WLVYtVi1WbVZ
tVm1WLVYtVm1WbVZtVm1WbVZtVm1WbVZtVmtWa1alRh0FFORS5FLkUuRS5JLUUuR
U9NTkktRS1FTklvSW9JTkUsQc9KU1qUYpRiU2ISWdFRkE1vSS5BDUEMQQ5FLkkNR
OxBDEGPThFWU150XnRilGKUYrVmlGIyVY9JbUGPSfFWE14zXhJZkFEtRS1FkFHyW
hNeE13xWY9NLEFORfFSc16UYpRilF5TWhFR8U4SUhFNz0XvQjFKlFa1XrVidF5TW
fBNr0XQShJSM1pTXlReU14zXfFVb0zrPMo4yj0NRU9NcFGQUS1EyjjKNSw9TkUtQ
Os4qTVNQfBSMlpTXlNeEVmwUS1AyjTKNQw9LkUuRQxA6zzsPMo4qjipOKo47EENQ
S5BTkGwSfFSElYSWfFVsE1NPQs46jUsQS1FDDyqMKkxCz2PTa9Rj01NRQs8yTELO
W5BsE3RUdBNjkULNOo06jDKMMkw6jULOSw5TEEsQU1BTT0tQSw86jSoLKgsyTFNP
Y9F8E3wTfBN8E3wTe9Nz0owSjBGEEYwRhBKEEoQSg9KD0oPRg9KEEYwSjFKMUoxS
lFOMU4xSjFOMU4xTjFOUU5RTlFSUU5RUlFSUU4xTjBOMU4QThBKEEoQShBKMEpRT
lJOUU5STlJOUk4yTlJOUk5SUlJSUlJyVnJSclJyUnJWUlZSVlJSMVIwUjFOMVIxU
jJSUlJSUlJSUlZSVlJWUlZSVlJWclZyUlFSUlJSUlJSUlJyUlJOUk5RUlJSUlJSU
lJSUk5SUlJSUlJRUlFSUVJRUlFSclJzVpNalFq0YrVitWLVZrVitWK1YrVi1WLVY
tVm1WbVZtVm1WbVZtVm1WbVZtVm1WbVZtVm1WbVZtVm1Wa1ZtVm1WbVZtVmlWZTX
bBRLUUtSQ1JDEUtRQ1FLUVPTU5NLUUtQW5Jj01vSU5FLUHPSlJalGKUYlNeElWwT
Y9Nj1FvUS5JDUUNRQ1E7EDsQS1F0VIyVnNedF50YpRilGaVZnRiElmPSU1Fr0oSV
jNaM14SWZBNLUUtRZBSEl4zXjNd8VWuSUw9jkIRUnNelGKUYnNeEVGvRa5F8EnxS
a9Br0IRSnRWlV61YpRiU1nxTY5FjkXwTjJWU1pTXlNeMlnQUU5EyjiqNMs47D0MQ
S1FTkUMQKo0yzjsPS5FLUELPOoxTD3xUjJWU1pTWhJZsFEsRKo4yjjrPQxBDEDrP
Ko4yjipNMo4yTiIMKk1DEEtRU5Fj03wUhFWElXxVW5E6jTqOSxFj1GQUU1EyjTJM
UxBsE3xVdFVsFFuSOs4qDEMPW5F0U3QTY5FCzzJNMk06zksQU1FbkmPTY9NkE2wT
bBNsE2PTW5JCzyoMIco6TGOQfBJ8U3wTfBN0E3PTa5KEEowSjBKEEoQSfBKD0oPR
g9GD0YPRhBKMEoxSjFKMUoxSjFKMUoxSjFOUU5RTlFScVJRTlFOUVJRTjFSMVIxU
jFOME4wThBKMEowSjBOMU5RTlFSUk5SUlJOUk5SUlJSUlJSUlJSUlJyUnJSclJyU
nJWUlZSUjFSMU4xUjFSUVIxUlFSUlJSUlJSUlJSUlJSUlZSVlJWUlZSVlJSUlJSU
lJSUlJSUlJSUlJSUlJSUlJSUjJOUlJRUlFSUlJRUlFSUVJRUnJSclZzWpRetGK0Y
rVitWK1YrVitWK1YrVi1WLVYtVi1WbVZtVm1WbVZtVm1WbVZtVm1WbWZtVm1mbVZ
tVm1WbVZtVmtWbVZpViU12vTU1JDUTsROxE7UUNQS5JcE1OSQ1FDUVPTU9NbklNR
U1B0E5TWpRilF5TXhFV0E2wTbBRsFEvSQ1FDUUNROtBDEFNSa9N8VISVjJaU1p0X
pRilGJ0YhJZjklNPY5F0U3yUfJV0VFOROw9DD2PSdBR8VXxWZBRTkUtPW5GMVZzX
pRic2IzXa9NbUFuRdFN0U2QRa5CEE5zWrVetWK1YnNeElWwSW5BjkHwTjJaU1pTW
fFRj0UMPMo0qjSrOMs8yzjMQOxA7EDLPQxFTk1wUW9RDEDrNU090VIyVjNaMloRV
W9I7DyqOMo4yziqOKo4qjiqOKo4qTipOKk0iDSJMMo47D0NPW5F0E3xVfFVsE0LP
Mo1DD2QSdFR0U1uQOkw6TFtQfBSEVYRVfFVr01MQMgs6TFtQdBJ8VGvSW5FTUFuR
Y5Jz03PTfBN8E3wTfBN8FHwUfBR0FHPTW1FCjSGKKctKzmvRfBN8E3wTc9NjkksQ
jBKMEoQShBKEEnwSg9KD0oPRg9GEEoQSjFKMU4xSjFKMUoxSjFKUU5RTlFOUU5ST
lFOUU4xTlFOUU5RTlFSMU4xTjBOEE4QShBKEEowTlFOUU5RUlFSUlJSUlJSUlJSV
lJSUlJSVnJSclJyVnJWclZyVnJWUVZRUlFSUVJRUlFSUVJRUlJSUlJSVlJWUlZSV
lJWUlZSVlJWUlZRVlJSUlZSVlJWUlZSUlJSUlJSVlJWUlJRUlFSUVJRUlFSUVJRU
lFSUVJyVnNWlFq0XrRetV7VYrVi1Wa1ZtVm1WbVZtVm1WbVZtVm1mbWZtZi1mLWY
tVm1mbWZtVm1mrVZtVm1WbVZtVmtWLVZtVm1Wa1YjNZr0ktQQxAzEDMQOxFDEFOR
W9NTkUNQS1FT01vTU9NTUVNRfBSU16UYpRiU1nxUbBRj1GPUW5JLUUNRS1FLkkuS
S1FLUVORY9F0EnxThFSU1p0XpVidGITWY9JbUGORa9Jr02wUY9NDkTMPOw9TkGPS
bBJsEmOSU1BLEGvRjFWdF50YlRd8VVuSW1FjknxVfFVr0WuQhBKc1K0XrVitWKUY
lNeEVWvSW1Bz0oRUjNaMlnQUW5A7DyqNKo0qjjLPMxA7UTtQO08yzUMPW9JkFFwT
Q1AyzUsOdFSM1ozXhJZ0FFNQMo4qTSpNKk4qTiqPKo8qjyqPKo8yTypOKk4qTSpN
Ms47D1ORdBSElXxUY9I6jTJNS1BsFHRVbBRTUTJNOo5j0nwUhFWEVYRVbBNTEDJM
KgtTD2vTfFR8VHQTbBN0U3xTfFN8U3xTfFR8VHxUfFR8VHwUfBR8FGPSU08qCiHJ
Qo1jkHQTdBR0E2ORSw4qC4wSi9KEEYQShBKEEoQShBKD0oPRhBKMEoxSjFKMUoxS
jFKMUpRTlFOUU5RTlJOUU5RTlFOUU5RTlFOUU5RTjFOME4wSjBKEEoQShBKMEpRT
lFSUVJRUnJSUlZSUlJSUlJSUlJSUlJSUlJSclJyUnJWclZyVlFWUVIxTjFOUU5RU
lFSUlJSUlJSUlJSVlJWUlZSVnJWclZyVnJWUlJSUlJSUlJSUlJSUlJSUlJSUlJSU
lJSUVJRUlFSUVJRUlFOUVJRUlFSclaTWpRalF61XrVetWK1YrVi1WLVYtVi1WLVY
tVm1WbVZtVm1WbVZtVm1mbWZrZm1mLWYtZi1mbWZtZm1mbWZtVi1mbWZrVmlWISW
Y9I7EDMQMxA7EDsRQ1FTklwUU5JDUUtRW9Nb01uSU1BbUIQUnNelGJ0YlNZ8VGQS
W9FLUENQSxBTUluTY9Nb01OSQxBDD0sPW1Br0YPSlJSc1qUYnRiMlnwUa5Jz0nQT
dFR0FGvTS5I6zzsQU5FsE2wTbBNj0luRW1B8E4yVnRedF4yWdBNbUGORfFSM1oSV
a9JrkHwSlNWlF61YrVilGJzXhJV0E2ORc9KEVJTWjJd8FVuSQxAqjiKOMs87ETtR
Q1FLkkNRMs4yjktQU5FTkTrOMo1DD3QUjJaU1oyWdBRTkTrPKo0iTiqOMo4qjyqP
Ko8ijiqOKo8qjiqOKo4qjTLNOs5TkXQUfJV0VWOSOo4yTVtRbBV0VWvTQw8qTELO
Y9KEFIRVjFWEVXQUW1E6TTIMSw9r0nxUfFR8VHxUhFSEVIRUhFSEVIRThFSEVIRU
hFR8VHwUdBRkEktPKksZyTKMW5F0E3QUdBRbkTqNIYqMEovShBKEEoQShBKD0oPS
g9KD0oPSjBKME4wTjFOMU4xTjFKMUoxTjFOMU4xTlFOUU5RTlFOUU5RUlFOUU4xT
jFKMUowShBKEEoQTjBOUVJRUlJSUlJSUlJSUlJSUlJSUk5TUlJSclJyUnNWclZyV
nJWclZSUlFOMU4xTjFSMU4yUjJSUlJSUlJSclZyVnJSUlZyVnJWUlZSVlJWUlJSU
lFSUlJSUlJSUlJSUlJSUlJSUlJSUlJRUlFSUVJRUlFSUVJRUnJWk1qUXrRetGK1Y
rVitWLVYtVi1WLVZtVi1WLVYtVi1WLVYtVi1mbWZtZm1mbWZtZm1mbWZtZm1mbWZ
tZm1mbWZtZm1mq1ZnRiElVvSQ1A7EDsQO1E7UEuSW9RkFVvTQ1FLUlPTW9NTkktR
Y1CEVaUYrVmlGJSXhFVj1EtROs87EEuRW9FsEmQSZBJTklORQw9DD1NQa9KEFJyW
pRetWKVYnNeMlYRVjFWUlpSWjNd8VmPUSxFTUWwUfJWEloTWhJV8VHxUjJWc16UY
nRiMlXQSa9F8E4yWjNeElmuSY1B70pSVpRetGKUYnReU1oyWfFV8VIQUjJWU1pTW
fFVbkkNQOw8qjjLPQxBLUkuSU9NLkjLOMo07DktPS1A6zjJMSw9sE4yWlNeMl3QU
W5JDEDLPKo4yjzLPMs8qjyqOKo4qjTKOMo4yjSpMKk0yTELOW9J8VISVfFVjkjrO
Mo1TkWvTdBRjkjqOMkxLD2wThFWMlYyVhFR0E1uQMowqC0MObBJ8VIRUhFSEVIRU
hFSEVIRUhFSEVIRUhFSEVIRUhFR8VHwTZBJLDyILIco6TWORdBN0E2wSY5FCzipM
jBKMEovSjBKEEoQShBGD0YPRg9GD0YwSjBKUEowTjFKMU4xSjFKMUoxSjFKMUoxT
lFOUU5RUlFSUVJRUjFOMUowSjFKMEoQShBKMEpQTlFOUVJSUlJSMlJSUlJSclJSU
lJSUlJSUlJSUlJyUnJSclZyVnJWUlZRUjFOMU4xTjFSMVIxUlJWUlJSUlJSUlZyV
nJWclZyUnJSUlJSUlJSUlJSUlJSUlJSUlJSUlJSUlJSUlJSUjJSUU5SUlFSUVJRU
lFSclJzVpNalFq0XrVetWK1YrVm1WLVYtVi1WLVYtVi1WLVZtVm1WbVZtVm1WbWZ
tVm1WbWZtZm1mbWZtZm1mbWZtZm1mbWZrVmlWZ0XfFRbklPSS5JDUUNRO1BTUWPT
bFRj01NSW5Jj0mQSW9FTkGuRjJWlGKVZpRmc2IyXdBVbkksQU1Fj02wUdBR0FHRU
bBRb01NRU1Fj0oRUlNalF6VYrVmtWKUYnRedF6UXnRidGJ0YjNd0FFuRY5F8VZTX
nRidGJ0XnNeU15zXnRidGJ0XlNaElHxUjJWU15TXhFZrk1tRa9KMlZzXnRec15SW
jJSEVISUhJWM1pUXlReU1nxUU5E7EDLPMo8yzzsPQ1FLklPSS5EyzzrPS5JT01vT
S08yzUsPbBOMlZTWjNZ0VFNQOw8qjiqNKo4qzjLPKo4ijSKNKo0qjTKOMo8qTioM
KkxDDmQSfJR8lHxVa9JCzzqOSxBbkmPTSxAyjDqNW5B0VIRVhFWEVXwUZBNLECoM
KgxLEHQTfFSEVIRUhFSEVIRUhFSEVIRUhFSEVIRUfBN8E3QTdBNr02PSOs4hyiIL
Qs5r0nwUfBR8FGwTW1FTEIwSjBKMEoQShBKEEoQShBKD0oPSg9KME4wTjBOMU4xT
jFOMUoxSjFOMU4xTjFOMU5RTlFOUVJRUlFOMU4xTjFOMU4wTjBKMEowSjBKMEpRT
lFOUlJSUlJSUlJSUlJSUlJSUlJSUlJzUnJSclJyUnJWc1ZSUlJSUVJRUlFSUVJRU
lFSUVJSVlJSUlJSUlJSUlJSUnJSclJyUlJSUlZSUlJSUlJSTlJOUk5STlFOUlJSU
lJSUlJSUlJSUlIyUlFSUVJRUnJSclaTWrRatF61YrVmtWbVZtVi1WLVYtVi1WLVY
tVm1WbVZtVm1WbWZtVm1WbWZtZm1mbWZtZm1mbWZtZm1mbWYtZi1mLWZpVmU13RU
Y9NkE1vTS5JLkkuQW5FsE3RVbBRbkmOSa9NsEmvSY5Fz0pSWpRitWa1ZpVmdGISV
Y9JbkWOSdBN8VXxVfFV8VXRUbBNjkVtQdBOU1qUXrVitWK1ZrVmtWaVYpVitWK1Z
rVilWJUXfFRjkWvShJWdF61YrVitWK1YpRilGKUYrVilGKUYnNeU15UXnRiU2IyW
a9JjkGvSfFSMloyWhJV8E3PRc9GEU5SWnNedGJ0XlNZ8U1uRS1FDDzLOQw9LUEtR
U5FTkUtQMo5DEGPTZBRkFFOSMo5DDmQThJWM1oyWdFRTUTrPMs4qjiqOMs47DzLP
Ik0qjSqNKo0yzjrPKo4qTTKMS1BsE3wUhJWElXQUU1AyjTrOQ1BDDzKNMoxKz2vS
fFSEVYRVfFV0FFtRQs4qTDrOW5F8FIRUhFSEVIRUhFOEVIRUhFR8FHwUdBR0E3PT
c9Nr0mORW1JCjynMKc0yTVMQc9N8FHwUfBR8FGvTY9KEEoQShBKEEYPRg9KD0oPR
g9GD0YPSjBKMEoxSjFKMUoxSjFKMUoxSjFKMUoxSlFOUU5RTlFOUU5RTlFOMU4wT
jBOME4wTjBOME4xSjFOMU5RTlJSUlJSUlJSclJSUlNSUlJSUnJSclJyUnJWclZyV
nJWclZyVlJSUU5RTlFSUVJSUlJWUlJSVlJSUlJSUlJSUlJSUlJWUlZSVlJWUlJSU
lJSUlJSUlJSUlJSUlJOUlIyUlJSUlJSUlJSUVJRUlJSUlJyVnJak1q0XrVitGK1Y
tVi1WLVXtVi1WLVZtVm1WbVZtVm1WbVZtZi1mbWZtZm1mbWZtZm1mLWZtZm1mbWZ
tZm1mbWZtZmtWa1YlNZ0VHQUdBVj1FvTW9Nb0mvSdBN8VHQTa9J8E4SVhJV8VHQT
fBOU1qUXrVi1Wa1ZpViMlnPTY5Jz03wUhFSEVIRUhFR8VHQTa9JjkYRVnNelWK1Z
rVmtWa1YrVitWK1YrVitWK1ZpRiVF3xUa9F0EoyVnRelWKVYrVitWK1YrVitWK1Y
rVitWKVYpRilGKUYnReMlXPTY5FjkWvSdBN0E2wSY9BjkGvRhJSU1pzXnRec14zW
fFRb0luSU5FDEEsRW9Nb01vTU5JDUDrOQw9kEmwUZBNTkTrOQw5b0XyVhJWElXQU
W5FDUTsQKs47EEORS5FDUTLOMs4yjjKOMo4yjypNKk0yjjrQW5Nz03xVhJZ8VmPT
S1A6zTqOMk0yTTJNW5F0E3xUfFR8VGwTY5JCzjIMMgxLEGvTfFR8VIRUhFSEVIxU
hFR8FHQUa9NjUWORY5FbkFNQUxBCzjpNMk0qDDJNSw9jknQUfBR8FHwUfBN0E3PT
hBKEEoQShBGEEoQSg9KD0oPSg9GD0YwSjBKMUoxSjFKMUoxSjFKMUpRTlFKUU5RT
lFOUU5SUlJOUk4xTjFOME4xSjBKMEowSjBKMEowSlFOUU5SUlJSUlJSUlJSUlJSU
lNSUlJyUnJSclJyVnJWclZyVnJWclJRUjFOMU4xUlFSUVJSVlJSUlJSUlJSUlJSU
lJSUlZSVlJWUlJSUlJSUlJSUlJSUlJSUlJSUlJSUlJSUlJSUlJSUlJSUlFSUVIxT
lFSUlJzVnNatF61YrVitWLVZtVm1WLVZtVi1WLVYtVi1WLVZtVm1WbWZtZm1mbWZ
tZm1mbWZtZm1mbWZtZm1mbWZtZm1mbWZtZitWJzWhJWMlYyVhFR0E3wTfFSElYRV
hFSEFIRUlNadF50YlNaMVYxUnJatF61YtZm1Wa0YlNaEVHwThFOMVIxUjFSMlIyU
hJR8k3QSfFOU1aUXrVitWa1ZrVm1Wa1ZrVmtWK1ZrVmtWa0YnReElHxTfFSU1qUX
pVitWK1YrVitGK1YrVitWK1YrVitWK1YrVitGKUXlNaEVHPRa9Fr0XQRbBFr0WOQ
Y9F8U5TVnRalV6UYpRec1oxUfFR0VGQTU1FbkmxUbFRkE1vSS1A6zksPU5Fb0luS
S1E6z0LOY5F0FISVjJWEVXQTZBJT0UtQS1Fb02QUW5JDDzsOSw8yziqNMs8qTipO
Mo4yjkLOY9J8VISVhJV0VGPSU1A6zjKMOoxTkGvSdFN8VHQTY5JLEELOMkw6jUsP
a9F8U4RUhFWMVYRVhFWEVYRUfFRsE1uRSw9CzkKOOo0yjTKNKkwyTDJNOs5TUGPR
dBN0E3wTfBN8E3wTfBN8E4QRhBGEEYQRhBGEEYQRhBGD0YPRhBGMEowSjFKMU4xT
jFOMU4xTjFKMUoxTjFOUlJSUlJSUlIxUjFOUU5RTjBOMU4wSjBKMEoQSjBKME4xT
lFOUU5RUlJSUlJSUnJSclJyUnJSUlJSUnNWclZyVnJWclZyVnJWUlJRTlFOMU5RT
lFSUlJSUlJWUlZSUlJSclJyVnJWclZyVlFWUlJSUlJSUVJSUlJSUlJSUlJSUlJSU
jJSUlJSUlJSUVJRUlFSUVJRUlJWc1qUXpRetV61XrVitWbVZtVi1WLVYtVi1WLVY
tVi1WbVZtVm1WbWZtVm1mbWZtZm1mbWZtZm1mbWZtZm1mbWZtZm1ma2ZrVmk150X
nRedF5SWjJaUlpzWnNec15SXlJac16UYrVitWKVXnNac1qUXrVi1WLVZtVmlWJzX
lJaUlpSWnNec15TXlNeU15TXlNeUlpTWnRelWK1ZrVm1WbVZtVm1WbVZtVm1WbVZ
tVmtWaUYlNeUlpTWnRetWK1YrVitWK1YrVitWK1YrVitWK1YpVitWK1YrVilGJ0X
lNaMlYRUfFR8FHwUfBR8FIRVlJac16UYpRilGKTYnReU15TWjJV8VGvSa9N0VHxV
dFRsEmPSY9FjkWORa9FjkVuRW1FTUGORfFSMlpSXjJaEVXxVa9NbUWOSdBR8VHQU
Y5NbklOSS1A7DjsOQw9DEDrPOk46TluRfFSElYyWhJV8VGvTW5JbUVuSbBN8VHyU
fFRr0ltQQo06TEKNUw9r0nwUhFWEVYRVjFSMVIxVjFWEVIQUdBNjUUKNOkwyDDJL
Okw6jULOSw5TUFuRa9J0E3QTfBR8FHwTfBN8E3QTfBOMEYwRjBGD0YQRhBKEEoPS
g9KD0YQRhBKMEoxSjFKMU4xTjFOMU4xTjFOMU4xTlJOUVJSTlJOMk5STlFOUU4xT
jFKMEoQShBKEEoQSjBOUVJRUlFSUVJSUlJSUlJSUlJSUlJSUlJSUlJyUnJSclZyV
nNWc1ZSUlJSUU5RTlFOUlJSUlJSUlJSUlJSUlJSUlJWclZyVnJWclZRVlFSUlJSU
lJOUlJSUlJSUlJSTlJSUlJSUlJSUlJSUlJSUlJRUlFWclZyVpNalFqUXrVetWK1Y
rVi1WLVZtVm1WbVZtVm1WbVZtZm1mbWatZm1WbWZtZm1mbWZtZm1mbWZtZm1mbWZ
tZm1mbWZtZm1mbWZrVitWK1YrVilV6VXpVilWK1ZrVitGK0YrRitWbVZtVmtWa0Y
rRitWK1ZtVm1Wa1ZtVmtGK0YpRelGK0YrVitWK1YrVitWKVYpRilGKVZrVmtWbVZ
tVm1WbVZtVm1Wa1ZtVmtWa1ZrVilWaUYpRilGK1YrVitWK1YrVmtWa0YrVitWK1Y
rVitWK1YrVitWK1YpRilGJ0XnNeU1pTXlNeUlpTWlNadF50XpRilGKUYpRelF50X
nNedF5TWjNaElYyVjNaM1oyWhFWEVYRVhFWEVYRVfFV0VHRUdFR8VISVjNaU15TX
jNeM1nxUc9Nz04RVjJaElnxUfBV8VGvSY5JjkmvTY9JTkUsPU09r0oRUjJWMlYyW
jFWEVIQTfBN8FIQVhFWElXxUdBNjkUsPS1BbkWwSfFR8VIRUhFSEVYRVhFWEVYRV
hFV8VHQTa9JbUFMPUw9TEFNRW5FbkWOSa9N0E3QUfBN8E4QThBOEE3wTfBN8E3QT
jBKMEowSjBKEEoPSg9KD0oPSg9GD0owSjFOMU4xSjFKMUoxTjFOMU4xTjFOMU5RT
lFOUk5STlJOUlJRUlFSME4wTjBOEE4QThBOME4xTlFOUU5RUlFSUlJSUlJSUlJSV
lJSclJyUnJSclJyVnJWclZyVnJWUlJRUjFOUU5RTlFSUVJSUnJSUlJyVnJWclZyV
nJWclJSVnJWUlZSUlJSUlJSUlJSUlJSUlJSUlJSUlJSMlJRUlFSUlJSTlJOUk5SU
lJWclaTWrRetF61YrVitWK1YtVi1WLVYtVm1WbVZtVm1WbWZtZi1mbWZtVm1mbWZ
tZm1mbWZtZm1mbWZtZm1mbWZtZm1mbWZtZm1mbWZrVm1WbVZtVm1WLVZtVm1Wa1Z
rVmtWbVatVm1WbVZtVm1WbVZrVm1mbWZtZm1mbWZtVi1WbVZtVm1WbVZtVm1WbVZ
tVm1WbVZtVm1WbVZtVm1WbVZtVm1WbVZtVm1WLVZtVm1Wa1ZrVmtWa1ZrVmtmK1Y
rVitWK1YrVitWK1YrRitWK1YrVilWK1YrVitWK1YrVitWKUYpRilGKUYpRilGKUY
pRilGKUYpRelF6UXpRelF6UXnRedF5TXlNeU150XnRedF5zXlNeU2JTXlNeU1pTX
lNeM14zXjNeM1pTXlNeU15TXlNaMlYRVhFWMlpSWjJaMloSWhJZ8VXxUfFV8lXyV
dFRsE2wTfFSElYyVjJaMloyWjJaElYSVhJWElYyWjJaEVXxVbBRsE2wTdFR8VYRV
hFWEVYRVhFWEVYRVhFWEVXxVhFV8FHQTa9Nr02vTa9NsE2wTdBN0E3RTdBN8VIQU
fFN8U4QThBOEE3wTfBR8E4wRjBGMEYwShBKEEoQShBKD0oPSg9KMEowTjFOME4xT
jFOMU4xTjFKMk4xTlFSUU5RTlFOUlJSUlJSUVJRUjBOME4wTjBOME4wSjBOME5RU
lFSUlJSUjJSUlZSUlJSUlJyUnJSclJyUnJSclJyUnJSclJSVlJWMVIxTjFSUU5RU
lJSUlJSUlJSUlJSUlJSclJyVnJWclZyVlJSUlJSUlJSUlJSUlJSUlJSUlJSUlJSU
jFSUVJSUlJSUlJSUlFSUVJSVnNWc1qUXrVi1WK1YtVi1WLVYtVi1WLVYtVi1WLVY
tZm1mLWYtZi1mbWZtZm1mbWZtZm1mbWZtZm1mbWZtZm1mbWZtZm1mbWZtZm1mbWZ
tZm1mbWZtZm1mbWZtZm1mbWZtZm1mbWZtZm1WbVZtVm1WbWZtZi1mbWZtZm1mbWZ
tZm1mbWZtZm1mbWZtZm1mbWZrVm1mbVZtZm1mbVZrVm1WbVZtVm1WbVZtVm1WbVZ
tVm1WK1ZrVmtWa1ZrVmtWa1ZrVmtGK1ZrVi1WK1YrVitWK1YrVitWK1YrVitWK1Y
rVitWK1YrVetGK0YrRetF60XpRelF6UXpRilF6UXpRelF6UXpRelF6UXpRedF50X
nRedF50XnRedF50XnNec15zXnNec15zXnNec15zXnNec15TXlNeMlozWlNaU1pTW
lNaU1pTWjNaMloyWjJeMloSVhFWEVYRVjJaMloyWjJaMloyWjJaMloyWjJWMlYyV
jJWElYRVhFV8VYRVhFWMVYxVjFWEVYRVhFWEVYRVhFSEVYRVhFWEVHxUfFN8VHxT
fFR8VIQThBSEFHwUfBR8VHxTfFN8U3wTfBN8FHwTfBOMEowSjBKMEoQShBKEEnvR
g9KD0oQSjBOMEoxTjFOMU4xTjFOMU4xTjFOMU4xTjFSMU5RUlJSUlJSTlJOUU4xT
jFKMUoxSjBOME4wTjBOUVJRUlFScVZSVlJWUlJSUlJWU1JSUlJSUlJyUnJSclJyU
nJSclJyUlFSUVJRUlFSUVJRUlJSUlJSUlJSUlJSUnJSclJyUnJSUlJSUlJSUlJSU
lJSUlJSUlJSUlJSUlJSUlJSUlJSUlJSUjJSUVJRUlFSclZzVpRatFq1XtVetWLVY
tVi1WLVYtVi1WLVZtVm1WbVZtVm1WbWZtZm1mbWZtZm1mbWZtZm1mbWZtZm1mbWZ
tZm1mbWZtZm1mbWZtZm1mbWZtZm1mbWZtZm1mbWZtZm1mbWZtZm1mbWatZq1mrWa
tZq1mrWZtZm1mbWZtZm1mbWatZm1mbWZtZm1mbWZtZm1mbWZtZm1WbVZtVmtWbVZ
tVm1WbVZtVm1WbVZtVm1WbVZtVitWbVZtVm1WbVZtVi1WLVYtVi1WLVYrVitWK1Y
rVitGK1ZrVitWK1YrVitWK1YrVitWK1YrVetV61YrVetV61XrRetF60XpRelF6UY
pRilGKUYpNilF6UXpRelF6UXpRelF6UXnRedF50XnRedF5zXnNec15zXnNec15zX
nNec15zXnNecl5zXlNaU1pTWlNaU1pTWlNaU1pTWlNaU1pSWjJaUlpSWlJaUlpSX
lJaMloyWjJaMloyWjJWMlYyVjJWMlYSVhJWElYSVhJWEVYRVhFWEVYRVhFSEVIRU
hFSEVIRUhFSEVIRUhFSEVIRUhFSEVHxUfFN8U3xTfFN8U3xTfFN8E3wTfBN8E3vT
hBGEEoQShBKEEoQSfBKD0oPSg9KD0owSjBKMU4xTjFOMU4xTjFOMU4xTjFOMU4xT
lFSUVJRUlFSUU5RTlFOUU4xTjBOME4wTjBKME4wTjFSUVJRUlJSUlJSUlJSUlJSV
lJSUlZSUlJSUlJyVnJWclZyVnJWUlJRUlFSUU5RUlFOUVJSUlJSUlJSUlJWUlJSU
lJWUlZSVlJSUlJSUlJOUlJSUlJSUlJSUlJSUlJSUlJSUlJSUlJSMVJSUlFWUVJSU
lJSc1aUXpRetF60YrVitWLWZtVm1WbVZtVm1WbVYtVm1mbWZtZm1mbWZtZm1mbWZ
tZm1mbWZtZm1mbWZtZm1mbWZtZi1mbWZtZm1mbWZtZm1mbWZtZm1mbWZtZm1mbWZ
tZm1mbWZtZm1mbWZtZm1mbWZtZm1mbWZtZm1mbWZtZm1mbWZtZm1WbVZtZm1mbWZ
tVm1WbVZrVm1WbVZtVm1WbVZtVm1WbVZtVm1WbVZtVm1WbVZtVi1WLVYtVi1WLVY
tVi1WLVYtVitWK1YrVitWK1YrVitWK1YrVitWK1YrVilWK1YrVitWK1YrVitWKUY
rRitGK0YpRelF6UXpRelF6UXpRetF6UXpRelF6UXnRelF6UXpRelF6UXpRedF50X
nRedF5zXnRec1pzXnNec2JzXnNeU15TXlNeU15SXnNeU15TXlNaU1pTWlNaU1pTW
jNaU1pSVlJaUlpSWlJaUlpSWlJaMloyWjJaMloyWjJaMloyWjJaMloyWjJaMlYSV
jJWEVISUhJSEVIRUhFSEVYRVhFSEVYRVhFSEVIRUhFSEVIRUhFSEVIRUfFR8VHxU
fFR8VHwUfBR8FHwTfBN0E4QShBKEEoQShBGEEnwRg9GEEYPRhBGMEYwSlFKMUoxT
jFOMU4xTjFOMU4xTjFOUU5RTlFOUVJRTlFSUVJRTjFOME4wTjBOME4wSjBKME4xT
lFOUlJSUlJSUlJSUlJSUlJSUlJSUlJyUnJSclJyUnJSclZyVlJWUVIxUjFSUVJRU
lFSUlJSUlJSUlJSUlJSUlJSUnJSUlJSUlJSUlJSUlJSUlJSUlJSUlJSUlJSUlJSU
lJSUlJSUlJSMlJSUlJSUlJSVnNWlFqUXrRetWK1YrVi1mLVYtVi1WLVYtVi1mbWZ
tZm1mbWZtZm1mbWZtZm1mbWZtZm1mbWZtZm1mbWZtZm1mbWZtZm1mbWZtZm1mbWZ
tZm1mbWZtZm1mbWZtZm1mbWZtZm1mbWZtZm1mbWZtZm1mbWZtZm1mbWZtZm1mbWZ
tZm1mbWZtZm1mbWZtZm1mbWZtZm1mbWZtZm1ma1ZtVm1WbVZtVm1WbVZtVm1WbVZ
tVi1WbVZtVm1WbVZtVm1WLVZtVi1WK1YrVitWK0YrVitWK1YrVitWK1YrVitWK1Y
rVitWK1YrVetV61YrVitWa0YpRilGK0YpRelF6UXpRelF6UXpRilF6UXpRek16UX
pRelF6UXpRelF6UXpRelF50WnRec15zXnNec15zXnNec15zXnNeU15TXlNeU15TX
nNec1pzWlNaU1pTXlNaU1pTWlNaUlpSWlJaUloyWjJaUloyWjJaMloyWjJaMVoyW
jJaElYzVjJWMlYyVjJWMVIxVjFWMVYxVjFWMVYxVhFSEVIRVhFWEVYRUhFSEVIRT
hFOEVIRUhFOEU3xTfFN8U3xTfBN8E3wTfBN8E3wTfBOEEoQSjBKEEYQRhBGEEYQR
hBGEEYQRjBKMEowSjBOUE5QTlFOUU4xTjFKMUoxTlFOUU5RTlFOUVJRUlFSUVIxT
jFOME4wTjBOME4wTjBOMU5RUlJSUlJSUlJSUlJSUlJSUlJSUlJSUlJSUlJSc1ZzU
nNWclZSUlJSUlJSUlFSUVJRVnJWUlZSVlJWUlZSVlNWUlZSVlJWUlZSUlJSUlJST
lJSUlJSUlJSUlJSUlJSUlJSUlJSUlJSUlFSUk5STlJOclZzWpNetF60YrVitWK1Y
tVi1WLVYtVi1WbVZtVm1mbWZtZm1mbWZtZm1mrWZtZm1mbWZtZm1mbWZtZm1mbWZ
tZm1mbWZtZm9mbWYtZm1mbWZvZm1mbWZtZm1mbWZtZm1mbWZtZm1mbWZtZm1mbWZ
tZm1mbWZtZm1mbWZtZm1mrWZtZm1WbWZtZm1mbWZtZm1mbWZtZm1mbWZtZm1mbVZ
tVmtWbVZtVm1WbVZtVm1WbVZtVm1WbVZtVm1WbVZtVm1WbVZtVmtGa1ZrVm1WLVY
tVi1WK0YrVitWK1ZrVitWK1YrVitWK1YrVetWK0YpRitGK0YrRitGK0YrRilF6UX
pRelF6UXpRelF50YpRilGKUYpRilGKUXnRedF50XnRedF50WnNac15zXnNec15zX
nNeU15TXlNeU15TXlNeU15TXlNeU1pTWlNaU1ZTWlNaU1pTWlJaUlpSWlJaMloyW
jJaMloyVjJaMloyWjJaMloyWjJaMloyVjJWMlYyVjFWMVYxWhFWEVYRVhFWEVYRU
hFWEVYRVhFSEVIRUhFSEVIRVhFSEVIRUfFR8VHxUfFN8U3xTfBN8E3wTfBN8E3wT
jBKEEoQShBF8EYQRhBGEEYQRg9GD0YwSjBOME4wSjFOMU4xTlFOUU5RTlFOUU5RT
lFOUU5RUlFSUVJSUjFSMU4xTjBOMEowTjBOME4xUlFSUlJSUlJSUlJSUnJWclZyV
nJSclJyUnJSclJyUnJSclZyVnJWclJRUlFSUVJRUlJSUlJSVlJSU1JSUlJSUlJyU
nJSclJyUnJSclJSUlJSUlJSUlJSUlJSUlJSUlJSUlJSUlJSUlJSUlJSUlFSUlJSV
nJWc1qUXrVitWK1YrVi1WLVYtVi1WLVYtVi1WbVZtZm1mbWZtZm1mbWZtZm1mbWZ
tZm1mbWZtZm1mbWZtZm1mbWZtZm1mbWZtZm1WbWZtZm1mbWZtZm1mbWZtZm9mb2Z
vZm1WbWZtZm1mbWZtZm1mbWZtZm1mbWZtZm1mbWZtZm1mbWZtZm1mbWZtZm1mbWZ
tZm1mbWZtZm1mbWZtZm1WbVZtVm1WLVYtVi1WLVYtVi1WbVZtVm1WbVYtVi1WLVY
tVm1GbVZrVmtWa1ZrVmtWa1YrVitWK1YrVitWK1YrVitWK1XrVitWK1YrVitWKVX
rRetF6UXpRitGKUYpRilGKTYpRelF6UXpRedF5zXpRelF6UXpRelF6UXnRadF50X
nRedF50XnRec15zXnNec15zXnNec15zXnNeU15TXlNeU15TXlNaU1pTWlNaU1pTW
lNaU1pSWlJaUlpSWlJaUlYyWjJaMloyWjJaMloyVjJaMloyVjJWMlYyVjJSMlYxV
jFWMVYxVjFWMVYRVhFWEVYRVhFWEVYRVhFWEVHxUhFSEVIRUhFSEU3xUfFR8VHxU
fBR8FHwTfBN8E3wTfBN8E4wSjBKD0oQShBKEEoPSg9KD0oPSg9KMEowTjFOME4xS
jFOMU4xTjFOUU4xTjFKMUpRTlJOUk5SUlJSUlJRUjFOME4wSjBKMEowSjBKMUoxT
lJOUlJSUlJSUlJSTlJOU1JyUnJSclJyUnJSclJyUnJWclZyVlJSUU5RTlFOUU5ST
lJSUlJSUlJWUlZSVlJSclJyUnJSclJyUnJSUlJSTlJSUlJSUlJSUlJSUlJSUlIyU
lFSUVJRUlFOMU5SUlJSUlJzVnNWlF60XrVitWK1YtVm1WLVYtVm1WbVZtVm1mbWZ
tZm1mbWZtZm1mbWZtZm1mbWZtZm1mbWZtZm1mbWZtZm1mbWZtZm1mb2ZvZm9mb2a
vZq1mbWZtZm1mbWZvZq1mbWZvZm9mr2ZvZm9mb2ZvZm1mbWZtZm1mbWZtZm1mbWZ
tZm1mbWZtZm1mbWYtZm1mbWZtZm1mbWZtVm1mbVZtVm1Wa1ZtVm1WbVYtVi1WLVY
tVi1WbVZtVm1WbVZtVm1WbVYtVi1WLVZtVi1mLVYrVi1WK1YrVitWK1YrVitWK1Y
rVitWK1YrVitWK1XrRetGK0YrRitGK0XrRelF6UYpRilGKTYpRilGKUXpRelF6UX
pRelF6UXpRelF6UXpRedF50XpRedFqTXnNec15zXnNec15zXlNeU15TXnNaU15TX
lNeU15TXlNeU15TWlNaU1pTWlNeU1pTWlJaUlpSWlJaMloyWjJaMloyWjJWMlYyV
jFWMlYyVjJWMlYyVjFSMVYxVjFWMVYxVjFWEVIRUhFSEVIRVhFSEVIRUhFSEU4RU
hFOEU4RThFSEVIRTfFN8U3xTfFN8FHwUfBR8FHQTfBOMEowShBKEEoQRhBGEEoQS
g9KD0oPSjBKMEoxSjFKMUoxTjFOMU4xTlFOUU5RTlFOUU5RUlJSUlIyUlJSUU4xT
jFOMUowTjBOMEowSjBOUU5RTnJSUlJSUlJSUk5SUnJWclJyVnJSclJyUnJSclJyU
nJWclZyVlJSMU5RTlFOUU5yUlJSUlZSUlJSUlJSUnJSclZyVnJWclJyUlJSUlJSU
lJSUlJSUlJSUlJSUlJWUlJSUlJSUlJSUlJOUk5STlJSc1KTWpRetV61YrVi1WLVY
tVi1WLVZtVm1WbWZtVm1mbWZtZm1mbWZtZm1mbWZtZm1mbWZtZm1mbWZtZm1mbWZ
tZm1mbWZtZm1mbWZtZm1mbWatZq1mbWatZq1mr2avZq9mb2ZvZm1mbWZtZm1mbWZ
tZq1mbWZtZm1mbWZtZm1mbWZtZm1mbWZtZi1mbWZtZm1mbWZtZm1mbWZtVm1WbVZ
tVmtWLVYtVm1WbVZtVm1WLVYtVm1WbVZtVm1WbVZtVm1WLVYtVi1WLVYtVi1GLVY
rVitWK1YrVitWK1YrVitWK1YrVitWK1XrVelF60YrRitGK0YrRitGKUYpRelF6UX
pRelF6UXpRelF6UXnNelF50XpRelF6UXpRelF6UXpRedF6UXpNec15zXnNec15zX
lNec15zXnNec15zXnNec15zXnNec15TWlNaU1pTWlNeU1pSWlJaUlpSWlJaUlpSW
jJaMloyWjJaMloyWjJaMVYyVjJWMloyVjJWMlYyUjJWMlYxVjFWMVYRVhFSMVIRU
hFSEVIRUhFSEVIRUhFSEVIRUhFSEVIRUhFOEU4RThFOEU4QThBN8FHwUfBR8E3wT
hBGMEowShBKD0oQShBKEEoPRg9GEEYwSjBKMUoxSjFOMU4xTlFOUU5RTlFOUU5RT
lFOUVJRUlFSUVJRTlFOMU4xShBKMEowSjBKMEpRTlFOUVJRUlFSUlJSUlJSUlJSU
lJSclJyUnJSclJSUnJWclZyVnJWclJSTjFOUU5RTlFSUlJSUlJSclZSVnJWclZyV
nJWclJyUnJSUlJSUlJSUlJSUlJSUlZSUlJSUlJSUlJSUlJRUlFSUVJRUlFSclJyU
nNWlFq0XrVetWK1YrVi1WLVYtVi1mLWYtZm1mbWYtZm1mbWZtZm1mbWZtZm1mbWZ
tZm1mbWZtZm1mbWZtZm1mbWZtZm1mbWZtZq1mbWZtZm1mrWZtZm9mbWZtZm1mbWZ
vZm9mL2ZvZm1WbWZtZm1mbWZtZm1mbWZtZm1mbWZtZq1mb2ZvZm1mbWZtZm1mbWZ
tZm1mbWZtZm1mbWZtZm1mbWZtVm1WbVYrVi1mLVZtVm1WbVZtVm1WbVZtVm1WbVZ
tVm1WbVZtVm1WLVYrVitWK1YrVitWK1YrVitV61YrVitWK1YrRitGK0YrRitGK0Y
rRitGKUYpRilF6UXpRelGKUYpRilF6UXnRelF6UXpRik16UXpRelFqUWpRalF6UX
pRedF50XnNec15zXnNec15zXnNec15zXnNec1pSWnNaU1pTWlNaU1pTWlNaU1pTW
lNaU1pTWlNaU1pSWlJaUlpSWlJaMloyWjJaMloyVjJWMlYyVjJWMlYyVhJWMlYyV
jJWMlYyVjFWMVYxUjFWMVIxUjFSMVIRUhFSEVIRUhFSEVIRUhFSEVIRUhFOEU4RT
hFN8E3wTfBN8FHwUfBR8E4QShBKEEoQShBKEEnwRfBF8EXwRhBGEEowSjBKMEoxT
jFOMU4xTjFOUU4xTjFOUU5RTlFOUk5STlFOUU5RTjFOMU4xTjBOMEowSjBKUU5RU
lJSUlJSUlJSU1JSUlJSUlJyUnJSUlJyUnJSUlJyVnJWclZyVnJSUk4xTjFOUVJRU
lJSUlJSUlJSUlJyUnJSclJyUnJSclJSUlJSUlJSUlJSUlJSUlJSUlIyTlJSUlJSU
lJSUlJSUlJSUVJRUnJSclJzVpRatF61YrVi1WLVYtVi1WLVYvVi1mLWYtZi1mLWY
tZm1mbWZtZm1mbWZtZm1mbWZtZi1mbWZvZm9mbWZtZm1mbWZvZm9mb2ZvZm1mbWZ
tZm1mrWZvZm9Wb2ZvZm1mbWZvZm9mb2ZvZm1WbWZtZm1mrWZtZm1mbWZtZm1mbWZ
tZm1mbWZtZm1mbWZtZm1mbWYtZi1mK1YtVi1mbWZtZm1ma1ZtVm1WbVZtVm1WbVZ
tVm1WbVZtVi1WLVYtVi1WLVZtVm1WbVZrVmtWa1YrVitWK1YrVitWK1YrVitWK1Y
rVitWK1ZrRmtGK1YrVitWK1XpRelF6UXpRelF6UXpRelF6UXpRelF6UXnRelF6UX
pRelF6UXpRelF6UXpRelF6UXpRedF50XnNeVF50XnNec15zXnNec15zWnNec1pTW
lNeU15TXlNeU15TXlNaU1pTWlNaU1pTWlJaUloyWjJaMloyWjJaMloyWjJWMlYyV
jJWMlYyVjJWMlYyVjJWElYyVhJWElIRVjFWEVYRVhFWEVYRUhFSEVIRUhFSEVIRU
hFSEVIRUhFOEU4RThFOEU3wThBN8E3wTfBN8FHwUdBSEEoQShBKD0oQRg9GD0YQR
hBGD0YQShBKME4wTjFOMU4xTjFKMU4xTjFOMU4xTlFOUU5STlJSUU5RUlFSUU5RT
jBOME4wTjBKMEowSjBOMU5STlJSUlJSUlJSUlJSUnJSclJyUnJSclJSUlJSclJyU
nJSclZyVlFSMVJRUlFSUVJSVlJSUlJSUlJWUlJSUlJSUlJSUlJWUVZSVlJWUlZSV
lJSUlJSUlJSUlJSUlJSUlJSUlJSUlIyTlJOUk5SUlNSc1qUXpRetGK1YtVi1WLVY
tVi1WLVYtVm1WbWZtZm1mbWZtZm1mbWYtZi1mLWYtZi1mbWZtZm1mbWZtZq1mbWZ
tZm1mbWZvZm9mb2ZvZm9mb2ZvZm1WbWZvZm9mb2ZvZm9mb2ZvZm9mb2ZvZm9mb2Z
vZm1mbWZtZm1mbWZtZm1mbWZtZm1mbWZtZm1mbWZtZm1mLWZtZm1WbVZrVi1WbWZ
tZm1mbWZtZm1WbVYtVm1WbVZtVm1WbVZtVm1WLVZtVm1WbVZtVm1WbVYtVi1WK1Y
rVitWK1YrVitWK1YrVitWK1YrVitWK1YrRitGK0XrRetGK0YpRitGK0XrRelF6UX
pRelF6UXpRelFqUXpRec16UXpRelF6UXpRelF6UXpRalF6UXnRec15zXnNec1pzX
nNeU15TXlNeU15TXlNeU1pTWlNaU15TXlNeU15TWlNaU1pTWlNaU1pSWjJaMloyW
jJaMloyWjJaMloyWjJWMlYyVjJWMlYyVjJWMlYyVjFWMVYxVjJSElISUhFWEVYRV
hFWEVIRUhBR8VIRUhFSMVIRUhFSEVIRThFOEU3xTfFN8U3wTfBN8E3wTfBN8E3wT
hBKEEoPShBKEEYPRg9KD0oPSg9KEEoQSjFKMU4xTjFOMU4xTlFOUU5RTlFOUU5RT
lFOUk5yUlJSUlJRTlFOUU4xSjFKMEowSjBKMEpQTlFSUVJSUlJSUlJSVlFSUlJyU
nJSclJyUlFSUlJSUlNWclZyVnJWclJSUlFSUU5RUlFSUVJSUlJSUlZyVnNWclZyV
nJWclZyVnJSUVJRUlFSUlZSUlJSUlJSUlJSUlJSUlJSUlJSUlJSUlJRUlJSUlJzV
pNWlFq0XrVetV7VYtVi1WLVYvVi1mLWYrVi1mLWZtZm1mbWZtZm1mbWZtZm1mbWZ
tZm1mbWZtZq1mbWZtZm1mbWZtZm9mr2ZvZm9mb2ZvZm9mb2ZvZi9mb2ZvZm9mb2Z
vZm9mb2ZtVm9mb2ZvZm9mb2ZvZi9mbVZtZm1mbWZtZm1mLWZtZm1mbWZtZm1mbWZ
tZm1mbWZtVm1Wa1ZtVm1mbWZtZm1Wa1ZtVm1WbVZtVm1WbVYtVi1WLVYtVi1WLVY
tVi1WLVZtVm1GbVYrVitWK1YrVitWK1YrVmtWK1YrVitWK1XrVitWK1YrVetGK0Y
rRitGK0XrRetGKUYpRilGKUYpRilGKUYpNelF6UXpRelF6UXpRelF6UXpRelF6UX
pNelF6UXnRec15zXnNec15zXnNec15zXnNac1pzWnNaU1pSWlNaU1pTXlNeU1pSW
lJaU1pTWlNaUlpSWlJaUlpSWjJaMloyWjJaMloxWjJWMlYyVjFWMVYxVjJWMlYyU
jJWMlYxVjFWMVYxVjFWEVYRVhFWEVYRUhFSEVIRUhFR8VHxTfFR8VIRUhFOEFIQU
hBSEFHwTfBN8FHwUfBN8E4QRhBKEEoQRhBKD0oPRg9GD0oPRg9GMEYwSjFKMUoxS
jFOMU4xTjFOUU5RTlJOUU5STlJSUlJSUlJSUVJRTjFOMU4xTjBKMEowTjBOUE5RU
lFOUk5SUlJSUlJSUlJSUlJSUlJSUlJSUlJSUlJyVnJWclZyVnJWUlIxUlFSUVJRV
lFSUlZSVlNSUlJyUnJSclJyUnJSUlJSUlFSUVJSUlJSUlIyUlJSUlJSUlJSUlJSU
jFSUVJRUlFSUVJSUlJWc1aTWpRetF61YrVitWK1YtVi1WLVYtZi1WLWYtZm1mbWZ
tZm1mbWZtZm1mbWZtZm1mbWZtZm1mbWZtZm1mbWZvZm9mbWZtZm1mbWZvZm9mbWZ
vZm9mb2ZvZm9mb2avZm9mb2ZvZm9mb2ZvVm1mbWZtZm1mbWZtZm1mbWZtZm1mbWZ
tZm1mbWZtZm1mbWZtZm1mbWZtZm1mbVZtVm1mbWZtZm1mbVZrZm1mbVZtVm1WbVZ
tVm1WbVYtVi1WLVZtVi1WLVYtVi1WbVYtVi1WbVYtVitWK1YrVitWK1YrVitWK1Y
rVmtWKVYrVitWK1YrRetF60YrRitGK0YpRilGKUYpRelF6UXpRelF6TXpRelF6UX
pRelF6UXpRalF6UXpNek16TXpNak16TXnNec15zXnNec15zXnNec15zWnNaU1pTW
lNaU1pTWlNaU1pTWlNaU1pTWlNaU1ZSWlJaUlpSWjJaMloyWjJaMloyWjJaMloyW
jJaMloyWjJaMloyWhJWMlYyVjJWMVYxVhFWEVYRVhFWEVYRVhFSEVIRUhFSEVIRT
hFSEVIRUhFSEU4RUhFOEE4QThBN8E3wTfBN8E3wTfBOD0oQShBKEEoQShBKEEoPR
g9GD0YPRjBKMEoxSjFKMUoxTjFOME4xTjFOMU4xTlFOUU5STlJOUlJSUjFSMVIwT
jFOMU4xTjBKMEowSlBKUU5RTlJOUk5STlJOUlJSUnJSclJyUnJSUlJyUnJSc1JyV
nNWc1ZSUlJSMVJRUlFSUVJSUlJWUlJSUlJSclJyUnJSclJyVnJWclZSUlJSUk5SU
lJSUlJSUlJSUlJSUlJSUlJSUlFSUVIxUlFSUVJyUnJWk1q0XrRetV61YtVi1WLVY
tVi1WLVYtVi1mbWZtZm1mbWZtZm1mLWZtZm1mbWYtZm1mbWZtZm1mb2avZm9mbWZ
tZm9mb2avZm9mb2ZvZm9mb2YvZm9mb2ZvZm9mb2ZvZm9mbWZvZm9mb2ZtVm1mbWZ
tZm1mbWZtZm1mbWZtZm1mbWZtZm1mbWZtZm1mLWZtZm1mbWZtZm1mbWZtZm1mbWZ
tZi1ma1ZtVm1WbVZtVm1WbVZtVm1WbVZtVm1WbVZtVm1WbVZrVmtGa1YrVmtWK1Y
rVitWK1YrVitWK1YrVitWK1YrVitGKUXrRitGK0XrRetF61XrRetF6UXpRetF6UX
pRelF6UXpRelF6UXnRek16UXpRelF6UXpRilF6UXpRelF6UXpRec1pzWnNac1pzW
nNaU1pzWnNec1pzWnNac1pzWlJaU1pTWlNaU1pTWlNaU1pTWlNaMloyWlJaMloyW
jJaMloyWlFaUlpSWlJaUloyVjJWMlYyVjJWMloyVjJWMVYxVjFWMVYxVjFWMVYRV
hFWEFYRVhFWEVYRVhFWEVHwUhBSEFIQUhBSEFIQUhBOEE4QTfBN8E3wTfBN8E3wT
jBKEEYQShBKEEnwSfBJ8EYQShBGEEYwSjFKMUoxSjFKMU4xTjFOMU4xTjFOUU5RT
lFOUk5SUlJSUk4xUjFOMU4xTjFOME4wTjBOMEowTlFSUVJSUlJSUlJSUlJSUlJSU
lJSUlJyUlJSclJyVnJWc1ZzWlNWUlJSUjFOUU5RTlJSUlJSVlJWUlJSVlJWUlZyV
nJWclZyUlJSUU5RUlJSUlJSUjJSUlJSUlJSUlJRUlFSUVJRUlFSUVJRUlFSUlZyV
pNatF61XrVetWK1YtVi1WLVYtVi9WL1YvVm1mbWZtZm1mbWZtZm1mbWZtZm1mbWZ
tZm1mbWZtZm9mb2ZvZm1mrWZtZm1mb2ZtZi1mb2ZtZm1mb2ZvZm9mb2ZvZm9mb2Z
vZm9mbWZvZm9mb2ZvZm9mbWZtZm1mbWZtZm1mbWZtZm1mbWZtZm1mbWZtZm1mbWZ
tZm1WbVZtVq1WbVZtVm1WbVZtVm1WbVZtVm1WLVZtVm1WbVZtVm1WbVZtVm1WLVY
tVi1WLVYrVmtWa1ZrVitWK1YrVitWK1YrVmtWK1YrVitWK1YrVilWK1YrVitV61X
rRetF60XrRetF60XpRelF6UXpRelF6TXpRelF6TXpRelF6UXpRelF6UXpRelF50W
nRedF5zXnNec15zWnNac1pzXnNec1pzWnNaU1pTWlNaUlpTWnNeU1pTWlNaU1pTW
lNaU1pSWlJeUlpSWjJaMlYyVjJWMlYyVjJWMlYyVjJWMlYxVjJWMlYyVjJWMlYyV
jFWMVYxVjFWMVYxVjFWEVYRVhBWEVYRUhFSEVIRUhFSEVIRUhFR8VIRUhFSEVIQT
hBOEE4QTfBN8E3wTfBR8FIwShBGEEoQShBKEEoPSg9GD0oPSg9KMEowSjFOMU4xT
jFOMU4xTjFOMU5RTlFOUVJRUlFSUVJRUlFSUU4xTjFOMU4xTjBOME4wTjBOME5RU
lJSUlJSUlJSUlJSUlJSUlJTVlJWUlZSVlJWclZyVnJSclZyVnJSUVJRUlFSUVJRU
nJSUlJSUlJSUlJyUnJSclZyVnJWclZyUlFSUlJSUlJSUlJSUlJSUlIyUlJSUlJRU
lJSUlIxUlFSUVJSUnJSk1aTWrRetV61XrVitWLVYtVi1WLVYtVi1mLWYtZm1mbWZ
tZm1mbWZtZm1mbWZtZm1mbWZtZm1mr2ZvZm9mb2ZvZm9mbWZvZm1mbWZtZm1mb2Z
vZm9mb2YvZm9mbVZtZm9mr2ZvZm9mb2ZvVm9mb2ZvZm9mb2ZvZm9mbWZtZm1mbWZ
tZm1mbWZtZm1mbWZtZm1mbWZtZm1mbWZtZm1WbWZtZm1WbVZtVm1WbVZtVmtWLVZ
tVm1WbVZtVi1WLVYtVi1WLVYtVi1WLVYtVitWK1YrVitWK1YrVitWK1YrVitWK1Y
rVitWK1YrVitWKUYrRitGK0YrRitGK0YrRilF6UXpRek16UXpRelF6UXpRelF6UY
pRedF6UXpRelFqUXnRedF50XnRec15zXnNec15zXnNec15zXnNec15zWlNeU15zX
nNec1pzWnNaU1pTWlNaUlpSWlJaUlpSVlJaUlZSVjJaUloyWjJaMloyWjJaMloyW
jJaMloyWjJaEloSWhJaMloxVjFWMVYxVhFWEVYRVhFWEVIRUhFSEVIRUhFWEFIRU
hFSEVIRThFR8VHxUfFR8VHxUfBR8FHwTfBR8FHwTfBOMEoQRhBKEEoQShBJ70oPS
g9KD0oPSjBKME4xTjFOMU4xTlFOUU5RTlFOUU5RTlFSUVJRUlFSUVJRUlFOUU5RT
jFOMU4wTjBOME4wTjBOUU5SUlJSUlJSUlJSUlJyUnJSclJSUlJSUlJSVnJWclZyV
nJWclZyUjFSMU4xUjJSMlJSUlJSUlJSUlJWclJyVnJWclZyVnJWclJRUlFSUVJSU
lJSUlJSUlJSUlJSUjJSUlJSUlJSUlIyUlFSUVJyVpNak1q0XrVetV7VYtVi1WLVY
tZi1mLWYtZi1mLWYtZi1mLWYtZi1mbWZtZm1mbWZtZm1mbWZvZm1mb2ZvZm9mb2Z
vZm1mb2ZvZm9mb2ZvZm9mb2ZvZm9mb2ZvZm9mbVZvZm9mb2ZvZm9mb2ZvZm9mb2Z
tZm9mr2ZvZm1WLWZvZm1mbWZtZm1mbWZtZm1mbWZtZm1mbWZtZm1mbWZtZm1mbWZ
tZitWLVZtVm1WbVZtVm1WbVZtVi1WLVYtVi1WLVYtVi1WLVYtVi1WLVYtVitWK1Y
rVitWK1YrVitWK1YrVitWK1YrVitV61XrVetWKUYrRitGK0YrRitF60XpRelF6UX
pRelF6UXpRelF6UXpRelF6UXpRelF6UXpRelFqUXpRedF50XnNec15zXnNec15zX
nNec15zXnNec1pzXnNeU15zXlNaU1pTWlNaU15TXlNeU1pTWlNaUlpSWlJaUlpSW
lJaUlpSWjJaMloyWjJaMloyWjJaElYyWjJaMloSWhJaEVYRVhFWMVYxVjFWMVYxV
jFWMVYRUhFSEVIRUhFSEVIRUhFR8VIRUhFSEFIQUhBSEFIQUhBOEE4QThBSEE4QT
hBKEEoQShBKEEYQShBKEEoQRg9GD0YwSjBKMEoxSjFKMU4xTjFOMk4xTlFOUU5RT
lFSUVJSUlJSUlIxUlFSMVIxTjFOMU4wTjBOME5QTlFSclJSUnJSUlJSUlJSUlJSU
lJSUlJSUlJSUlZyVnJWclZyWnJWclJSUlJOMk4yTlJOUlJSUlJSUlJSUnJSclJyV
nJSclJSUlJSUlJSUlJSUlJSUlJSUlJSUlJOUk5SUlJSUlJSUnJSUVJRUlJSclaTW
pRatF60XrVe1WLVYtVi1mbVYtVi1mLWYtZi1mLWYtZi1mbWZtZm1mbWZtZm1mbWZ
tZm1mbWZtZm1mbWZtZm1mbXZtZm9mb2ZvZm9mb2ZvZm9mb2YvZm9mbVZvZm9mb3Z
vZm9mb2ZvZm9mb2ZvZm9mbWZvZm9mb2ZtZm1mbWZtZm1mbWZtZm1mbWZtZm1mbWZ
tZm1mbWZtZm1mbWZtZi1mLWZrVm1WLVZtVm1mbWZrVm1WLVZtVm1WbVYtVi1WLVY
tVm1WbVZtRi1WLVYtVitWK1YrVitWK1YrVitWK1YrVitWK1YrVitGK0YrRilGKUY
rRitGK0YrRilGKUYpRilF6UXpRelF6UXnNelF6UXpRelF6UXpRelF6UXpRelF6UX
nRedF5zXnNek16TWnNac1pzWnNac1pzWlNaU1pTWlNaU1pTWlNaUlpTWlNaU1pTW
lNaU1pTWlNaUlpSWlJaUlpSWlJaUlYyVjJWMVYyVjJaMlYyVjJWMlYyVjJWElYSV
hJWMVYxVjFWMVIxVhFWEVYwVjFSMVIxUhFSEVIRUhFSEVIRUhFSEVIRUhFOEU3wT
fBN8E3wTfBN8E3wTfBN8E4QShBKEEoQShBKEEnwShBKEEoPSg9GMEowSjBKMEoxS
jFKMU4xSjFKMk4xTjFOUU5RTlFOUVJyUlFSUVJRTjFOMU4xTjFOME4wTjBOUE5RT
lJOUlJSUlJSUlJSUlJSUlJSUlJSUlJSUlJSclJyVnJWclZyUnJSck5RTlFOUVJSU
lJSUlJSUlJSUlJyUnJSclJyUnJSclZSVlJWUlJRUlFSUVJRTlJSUlJSUlFSUVJRU
lFSUlJRUlFSUlJSUnJWk1qUWrRetF61YtVi1WLVYtVi1WLVYtVi1mLWYtZi1mLWZ
tZm1mbWZvZm9mb2ZvZm9mrWZvZm9mbWZvZm9mb2ZvZm9mb2ZvZm9mb2Zvdm9mb2Z
vZm9mL2ZvZm9mb1ZvZm9mb3ZvZm9mb2ZvZm9mb2ZvZi1mbWZtZm1mbWZtZm1mb2Z
vZm9mb2ZvZm9mbWZtZm1mbWYtZi1mLWYtZm1mbWZtZm1mbWYtZitWLWYtZi1WLVY
tVm1WbVZtVm1WLVYtVi1WLVYtVm1WbVZtVmtWa1YrVitWK1YrVitWK1YrVitWK1Y
rVitWK1YpRitGK1YrVetV60XrRetF60XpRelF6UXpRelF6UXpRelF6UXpRelF6UX
pRelF6UXpRelFqUXpRelF50XnNedF50XnRedF5zXnNac1pzWnNaU1ZTWnNec1pzW
nJac1pzWlNaU1pTWlNaU1pTWlNaU1pTWlJWUlpSWjJaMloyWjJaMloxWjJaMloyV
jJWElYyVjJWMlYyWjJWMlYyVjJWMlYxVhFWEVYRVhFWEFYRVhFWEVYRVhFWEVIRU
hFSEVIRUhFSEVIRUfBR8FHwUfBR8VHxTdBN8E3wUfBOEEoQShBKEEoQSg9KEEoPS
g9GD0oPSjBKMEoxSjFKMUoxSjFOMU4xTjFOMU5RTlFOUU5RUlJSUlJSUjJSMU4xT
jFOMU4wTjBOME4wTlBOUVJSUlJSUlJSUlJSUlJRUlJSUlJSUlJSUlJSUlJSclJyU
nJSclJyUlFOUU5RTlFSUVJSUlJSUlJSUlJSUlJyUnJSUlJyUlJSUlJSUlJSUVIxU
lJSUlJSUlJOUlJSUlFSUVJyUlFSUlJRUjFSUlZzVnNalF6UXrRetWK1YtVi1WL1Y
tVm1WLVYtVi1WLWYtZm1mbWZtZm1mbWZvZm1mbWZvZm1mb2ZvZm1mbWZtZm9mb2Z
vZm9mb2ZvZm9mb2ZvZm9mb2ZvZm9mb2ZvZm9mb2ZvZm9mb2ZvZm9mL2ZvZm9mb2Z
vZm9mb2ZtZm1mbWatZm1mbWZtZm1mbWZtZm1mbWYtZm1mbWZtZm1mbWZtZm1mbVZ
tVmtWbWZtVm1WbWZtVi1WLVYtVm1WbVZtVm1WLVYtVi1WLVYtVi1WLVYtVitWK1Y
rVitWK1XrVitWK1YrVitWK1YrVitWK1YrVitGK0YrRetF60XrRelF6UXpRelF6UX
rRelF6UXpRilF6UXpRelF6UXpRelF6UXpRedF50WnRadFp0XnNec15zWnNec15zX
nNec15zXlNac1pzWnNac1pSWlNaU1pTWlNaU1pTWlNaU1pTWlNaUlpSWlJeMloyW
jJaMloyWjJaMloyWjJaMloyVjJWMlYyVjJWMlYyVjJWEVYRVhFWEVYRVhFWEVYRV
hFWEVYRVhFWEVIRUhFSEVIRUhFSEVIRUfFR8VHxUfBR8VHwUfBR8FHwTfBN0E3wT
hBKMEowSjBKEEoQShBKEEoQSg9GD0owSjBKMU4xSjFKMUoxSjFKMU4wTjFOUU5RT
lJOUk5SUlJSUk5RUlFOMU4xThFOME4wTjBOME5RTlFOUk5SUlJSUlJSUlJSUlJSU
lJSUk5SUlJSUlJSUnJSclJzUnJSUlJRUlFSUVJRUlFSUVJSUlJSclZSUlJSclJyU
nJSclJSUlFOUlJRUlFSUVJRUlFSUVJRUlJSUlJSUlJSUlJSUnJSUVJSUlJSc1aUV
pRatF7UXtVe1WLVYtVi1WLVYtVi1WLVYtVi1WLWZtZm1mbWZtZm1mb2avZm1mbWZ
tZm1mL2ZvZm9mb2ZvZm9mb2ZvZm9mr2ZvZm9mb2ZvZm1mbWZvZm9mb2ZvZm9mb2Z
vZq9mb2ZvZm9mb2ZvZm1mb2ZtZm9mr2ZvZm9mb2ZvZm1mbWZtZm1mbWZtZm1mbWZ
tZm1mbWZtZm1mLWZtZi1mLVZtVm1WLVYtVmtWLVYtVi1WLVYtVi1WLVYtVi1WLVY
tVi1WLVYtVi1WLVYtVitWK1YrVmtWK1YrVitWK1YrVitV61YrVitGK0YrRetF60X
rRetF60XrRetF60XpRelF6UXpRilF6UXpRelF6UYnRelF6UXpRelF6UXnRadF50X
nRedF5zXnNec15zWnNac1pzWnNac1pzWnNaU1pTWlNeU1pTWlNaU1pTWlNaU1ozW
lNaU1pSWlJaUloyWjJaMloyWjJaMloyWjJaMlpSWjJWMlYyVjJWMlYyVjJWMVIxV
jFWMVYxVhFWEVIRVhFWEVYRVhFWEVYQUhFSEVIRUhFSEVIRUhFSEVIRUfFN8VHxU
fFR8VHwTfBN8E3wTdBN0E4QShBKEEoQSg9KEEoQRhBKEEoQRhBKEEoxSjFKMUoxT
jFKMU4xTjFOMU4xTlFSUU5RUlJSUlJSTlJOMk5STlFOME4wTjBOME4wTjBOME5RT
lJOUk5SUlJSUlJSUlJSUlJSUlJSUlJSUnJSclJyUnNWc1ZzVnJWUVJRUlFSUVJRU
lJSUlJSUlJSUlJyUnJSclJyVnJWclZyVlJWUlJRUlFSUVJRUlFSUVJRUlJSUlJRU
lFSUVJRUlJSUlJSUnJWk1q0WrRetWK1YtVm1WbVYtZi1mLVYtVi9WL1YtVi9mbWZ
tZm1mbWZtZm1mLWZtZm1mbWZtZm9mb2ZvZm9mb2ZvZm9mb2ZvZm9mb2ZvZm9mb2Z
vZm9mb2ZvZi9mb2ZvZm9mb2ZvZm9mb2ZvZm9mb2ZvZm9mrWZtZm9mb2ZvZi9mbWZ
tZm1mbWZtZm1mbWZtZm1mbWZtZm1mbWZtZm1mbWZtZm1mbVZrVm1WLWYtVi1WLVZ
tVm1WbVZtVi1WLVYtVi1WLVYtVi1WLVXtVi1WLVYtVitGK1YrVitWK1YrVitWK1Y
rVitWK1YrVetF60XrRetF60XrRetF60XrRitF6UXpRelF6TXpRelF6UXnRelF6UX
pRelF6UWpRelF6UXnRedF50XnNec15zXnNec15zXnNec15zXnNec15zXnNec15zW
nJac1pTWlNaU1pTWlNaM1pTWlJaUlpSWlJaMloyVjJWMlYyVjJaMloyWjJaMlpSW
jJaMloyWjFaMVoxVjFWMVYxVjFWMVYxVjFWMVYRVhFWEVYRVhFWEFIRUhFSEVIRU
hFSEVIRUhFSEVIRUhFN8U3xTfFR8FHwUfBN8E3wTfBOL0owSjBKMEoQShBGD0YPS
g9KD0oPShBKMEoxTjFOMU4xTjFOMU4xSjFKMUpRTlFOUk5STlJSUlJSUjJSUVJRU
jBSME4wThBOEE4wTjFOUU5STlJSUlJSUlJSUlJSUlJSUlJSVnJWclZyVnJWclZyV
nJWclZSVlFSMVIxUlFSUVZSUlJSUlJSUlJSclZyVnJWclZyVnJWclZSUlJSUU5RT
lFOUU5STlJOUlJSUlJSUVJSUlFSUVJRUlJSclJzVpRalFq1XtVetWLVYtVi1WLVY
tZi1mLWYtZi1mLWZtZm1mbWZtZm9mb2ZvZi9mb2ZvZm9mb2ZvZm9mr2ZvZm1mbWZ
vZm9mb2ZvZm9mb2ZvZm9mb2ZvZm9mb2ZvZi9mb3ZtZm9mbWZtZm9mb2ZvZm1mb2Z
vZm1mbWZtZm1mbWZtZm1mbWZtZm1mbWZtZm1mbWZtZm1mbVZtZm1mbWZtVm1WLVZ
tZm1mbWYtZitWLVYtVi1WbVZtVm1WbVYtVi1WLVYtVi1WLVYtVi1WLVYrVitWK1Z
rVitWK1XrVitWK1YrVitWK1XrVitV61XrVetF60XrRitGK0YrRitGK0YrRelF6UX
pRelF6UXpRelF6UXpRelF6TXpRelF6UXpRelF6UXpNak150XnNec15zXnNec15zX
nNec15zXnNec15zXnNec15yXnNac15TWlNaU1pTWlNaU1pTWlNaU1oyWjNaMloyW
jJaMloyWjJaMloyWjJaMloyWjJWMlYSVjJWMlYyUjJWMlYxVjFWMVYxUjFSEVIRU
hFSEVIRUhFSEVIRUhFSEVIRUhFSEVIRThFOEU4RUfFR8E3wUfBR8E3wUfBR8E3wT
hBKEEoQShBKEEoQShBKEEoPSg9KD0YwSjBKMU4xSjFOMU5RTlFOUU5RTlFOMU5RT
lJOUlJSUlJSUlIyUlFOMU4xTjFOEEoQThBOME4xTlFSUlJSUlJSUlJSUlJSUlJSU
lJSUVJSUlJSUlZyVnJWclZzVnJWUlYyUjJSMVJRUlJSUlJSUlJSUlJSUnNWUlJSU
nJSclZSVlJWUlZSUlFSUVJRUnFSUVJRUlJOUk5SUlJSUVJRUlFSUVJSUlJWc1aUV
rRatF61XrVetV7VYtVi1WLVYtZi1mLWYtZi1mLWZtZm1mbWZtZm1mb2ZvZm9mb2Z
vZm9mb2ZvZm9mb2ZvZm9mb2ZtZm9mb2ZvZm9mb2ZvZm9mb2ZvZq9mb2ZvZm9mL2Z
vZm9mb2ZvZm9mb2ZvZm9mb2ZvZm9mb2ZvZm9mbWZtZm1mbWZtZm1mbWZtZm1mbWZ
tZm1WbWZtZm1mbWZtZm1mbVZtVm1WbWZtZitWLVYtVi1WLVYtVi1WLVYtVi1WLVY
tVi1WLUYrVitWK1YrVitWK1XrVitWK1YrVitWK1XrVetV61XrVelF60XrRetGK0X
rRetF60XrRetF6UXpRelFqUXpRelF6UXpRelF6UXpRelF6UXpRilF6UXpRelF6UX
nRedF5zXnNadFpzWnNac1pzWlNac1pzXnNac1pyWnNac1pzWnNaU1pTWlNaU1ozW
lNaU1pTWlJaMloyWjJaMloyWjJaMloyWjFaMlYyVjJWMlYyVhJWMlYyWjJaMloyV
hFWElYRVhFWEVYRVhFWEVYRVjFWEVYRVhFWEVYRUhFSEVIRUfFN8VIRUhFSEFHwU
fBR8FHwUfBR8E3QTfBN8E4QShBKEEoQShBKEEoQShBKD0oPSg9KMEowSjFKMUoxS
jFKMU4xTlFOUU5RTlJOUU5RUlFSUVJRUlFSUlIxUjFOMU4xTjFKEEoQSjBOMU5SU
lJSUlJSUlJSUlJSUlJWUlZSVlJWUlZSVnNWclZyVnJWclZyVlFSUVJRUlFSUVJRU
nJWUlJSVlJWU1JyVnJWUlJSUlJSUlJSUlJSUlJRUlJSUVJRUlFSUVJRUlFOUlJSU
lJOUk5STlJSUlJyVpNak1qUXrRetWK1XrVi1WLVZtVm1WbVYtZi1mLWYtZi1mbWZ
vZm1mb2ZvZm9mb2YvZi9mb2ZvZm9mb2ZvZi9mL2YvZi9mL2YvZi1mbWZvZm9mb2Z
vZm9mb2ZvZm9mb2ZvZm9mb2ZvZm9mb2ZvZm9mb2ZvZm9mb2ZvZm9mb2ZvZm1mbWZ
tZm1mbWZtZm1WbWZtZm1mbWZtZm1mLWYtZi1mLWZtZm1WbVZtZmtWbVYtVi1WLVY
tVi1WLVYtVi1WLVYtVi1WLVYtVi1WLVYtVitWK1YrVitWK1YrVitWK1YrVitWa1Y
rVitV6UXrRetF60XrRetF60XrRetF60XpRelF60XrRetF60XpNelF6UXpRelF6UW
pRelFqUXpRelF6UXpRelF50XnRadFp0XnNec15zXnNec15zWnNac1pzWnNac1ZzV
lNaU1pTWlNaU1pTWlNaU1pTWlNaU1oyWlJaUlpSWlJaMloyWjJaMloyWjJaMloyW
jJWMlYyVlJWMlYyVhJWElYxVjFWEVYRUjFWEVYRVhFWEVIRUhFSEVIRUhFSEVHxU
fFSEVIRUfFR8VHxUfFR8VHwUfBN8E3wTfBN8E3wTfBOEEoQShBKEEoQShBKEEoQS
fBGEEYPShBKME4wTjFOMU4xTjFOUU5RTlFOMU5RUlFSUVJRUlFSUlJSVlJSMVIxT
jFOMU4QThBOEE4wTjFOUU5SUlJSUlJSUlJSU1JSUlJSUlJSUlJSUlJyUnJSclJyU
nJSclZSUlJSUVJRTlFSUVJSUlJSUlJSUlJWclZSUlJSUlJSUnJSUlJSUlJSUVJSU
lJSUVJRUlFSUU5RTlFSUVJRTlFSUVJRUlFWclaSWpNatF61XrVe1WLVYtVi1WbVY
tVi1WLVYvVi9WL2YvZi9mLWYtZm1mbWZtZm9mL2ZtZm1mL2YvZm1mb2ZvZm9mb2Z
tZm9mb2ZvZm9mb2ZvZm9mb2ZvZm9mb2ZvZm9mb2ZvZm9mb2ZvZm9mb2ZvZm1mb2Z
tZm9mb2ZvZm9mb2ZvZm1mbWZtZm1mbWZtZm1mbWZtVm1mbWZtZi1mLWYtZi1mLWY
rVi1WbVZtVm1WbVZtVm1WbVZtVi1WLVYtVi1WLVYtVi1WLVYtVitGK1YrVitWK1Y
rVitWK1YrVitWK1YrRitGK0YpRetF60XrRetF60YrRitGK0YrRetF60XrRetF60X
rRelF6UXpNelF6UXpRelF6UXpRelF6UXpRelF6UXpRedFp0WnRelF5zXnNec15zX
nNec15zXnNac1pzWnNac1pzWnNac1pTWlNaU1pTWjNaU1pSWlJaUlpSVlJaUlpRW
lJaMloyWjJaMVoyVjJWMlYyVjJWMlYyVjJWElYxVjFWMVYxVjFWMVYxVjFWMVYRV
hFWEVYRVhFR8VHxUfFSEU4RUhFSEVYRUhBSEVHxUfFR8VHwUfBN8E3wTfBN8E3wT
hBKMEovSjBKMEoQRhBKEEYQRhBGEEYQShBKMU4xTjFOMU5RTlFOUk5RTlFOUVJRT
lFSUVJSUlJSUlIyUjFSMU4xTjFOME4wTjBOMEoxTlFOUVJRTlFSUlJSUlJSUlJSU
lJWUlJSVlNWUlZSVnJWclZzVnJWclJRUlFSUVJRUlFSUlJSUlJSUlZSVlNWUlZyV
nJWclZyVlJSUVJRUlFSUlJSUlFSUVJSUlFSclJRTlFOUU5RTlFSUVJSVnJWc1qUX
rRetWK1YrVitWLVZtVi1WLVZtVm1Wb1ZvVm9WbVZtZm1mbWZtZm1mb2ZvZm9mb2Z
vZm9mb2ZvZm9mb2ZvZm9mb2ZvZm9mb2ZvZm1mbWZtZm1mbWZvZm9mb2ZvZm9mb2Z
vZm9mb2ZvZm9mb2ZvZm9mb2ZvZm9mb2ZvZm9mb2ZtZm1mb2ZtZm1Wb2ZtZm1mbWZ
tZm1mbWZtVm1mbWZtVm1WbVZtVm1WLVYtVi1WLVYtVi1WLVYtVi1WLVYtVi1WLVY
tVitWK1YrZitWK1YrVitWK1YrVitWK1XrVitWK1YrVelV60XrRetGK0YrRetGK0X
rRetF60XrRetF60XpRelF6UXpNelF6UXpRelF6UXpRelF6UWpRelF6UXpRelF6UX
nNec1pzWnRedFpzWnNac1pTWlNac1pzWnNaclpzWnNec1pzWnNac1pTWlNaU1pSW
lNaUlpSWlJaMlpSWjJaMloyWjJaMloyWjJWMloyVjJWMlYyVjJWMlYyVjJWElYyV
hFWEVYxVhFWEVYxVjFWEVYRVhFWEVYRVfFWEVYRUhFSEVIRUhFSEVIRUfFN8VHxU
fFR8VHwUdBR8E3wTfBN8E4QShBKEEoQShBJ8EoQSe9GD0YPRg9GMEowSjBKUUoxS
jFKMU4xTjFOUU5RTlFOUU5RTlFScVJSUlJSMlIxTjFOMU4xTjBOME4wTjBOMU5RU
lJSUlJSUlJSU1JSUlJSUlJSUlFSUlJSUlJWclZyVnJaclZyVlJSUU5RTlFOUVJRU
lJSUlJSUlJSU1JyUnJSclZSUnJWclZyUlJSUlJSUlFSUVJRUlFSUVJRUnJOUlJSU
lFOUlJSUlJSUlZyVpNalF60XrVitWLVYtVi1WLVYvVi1WLVYtVi1WL1YvVm9mb2Y
vZi1mLWYtZi9mL2YvZm9mb2ZvZm9mb2ZvZm9mb2ZvZm9mb2ZvZm9mb2ZvZm9mb2Z
vZm9mb2ZvZm9mb2ZvZm9mb2ZvZm9mb2ZvZm9mb2ZvZm9mb2ZvZm9mb2ZvZm1mbWZ
tZm1mbWZtZm1mbWZtZm1mbWZtZm1mbVZtVm1WbVZtVm1WbVZrVm1WLVZtVi1WLVZ
tVi1WLVYtVi1WLVYtVi1WLVYrVitWK1YrVitWK1YrVitWK1YrVitWK1YrVitWK1Y
pRetF60XrRetF60XrRetF60XrRetF6UXpRelF6UXpRelF6UXpRelF6UXpRelF6UW
pRelF6UXpRelFqUXpRelF50WnRac1pzWnNac1pzWnNac1pzWnNaclpzWnNac15zX
lNeU15TWlNaU1pTWlNaU1pTWlNaU1ZTWlJaUloyWjJaMloyWjJaMlYxVjJWMlYyV
hJWMloyVjJWMlYyVhFWEVYxVjFWMVYxVjFWMVYRVhFWEVYRVhFWEVYRVhFSEVIRU
hFSEVIRThFSEVHxUfFR8FHwUfBR8FHQTfBN8E3wTfBOD0oQShBKEEoQShBKD0oPR
g9KD0oPShBKME4xTjFOMU4xTjFOUU4xTlFOUU5RTlFSUU5RTlJSUlJSUlJSUVIxU
jFOMU4QThBOME4wSjBOUU5xUlJSUlJSUlJSUk5SUlJSUlJSUlJSUlJyUnJWclZyV
nNWUlZSUlFSMVJRUlJSUlJSVlJSUlJSUlJSUlJyTnJSclJyUnJSUlJSUlJSUlJRU
lFSUVJRUlFSUVZRUlJWUlIyTlJOUlJSUnJSc1aTWrRetF60XtVi1WLVYtVi1mLWY
tVi1WLVZtVm1WbVZvZm1mLWYvZm9mLWZvZm9mb2ZvZm9mb2ZvZm9mbWZtZm1mbWZ
tZm9mb2ZvZm9mb2ZvZm9mb2ZvZm9mb2ZvZm9mb2ZvZi9mL2YvZi9mb2ZvZm9mb2Z
vZm1mLWYtZi1mLWYtZm1mbWZtZm1mbWZtZm1mbWZtZm1WbVZtVm1WbWZtZi1mbVZ
rVi1WLVYtVi1WLVYtVi1WbVZtVi1WLVYtVi1WLVYtVi1WK0YrVitWK1YrVitWK1Y
rVitWK1YrVitWK1YrVitWKUYrRitGK0XrRetGK0XrRetGK0XrRelF6UXpRek16UX
pRelF6UXpRalF6UXpRelF6UXpRelF6UXpRelF6UXnRedF6TXpNak1qTWnNac1pzW
nNac1pzWnNaU15zWnNac1pTWlNaU1ZTWlNaU1pTWlNaU1pTWlNaMloyWjJaMloyW
jJaMloyWjJaMloyWjJaMloyVjJWMlYSVjJWMlYyVjFWMVYxVjFWEVYRVhFWEVYRV
hFWEVYRVhFWEVIRUhFSEVIQUhBSEVIRUhFN8VHwTfBN8E3wTfBN8E3wTfBN8E3wT
hBKEEoQShBKEEYQSfBKEEoPSg9KD0owSjFOMU4xTjFOUU5RTlFOUU4xTlFOUU5RT
lFSUVJRUlFSUVJRUlFSUU4xTjFOME4wTjBOME5RUlFScVJSUnJSUlJSUlJSUVJSU
lJSUlJSUlJSUlJSVnJWclZyVnJSclJRTlFSUVJRUlJSUlJSUlJSUlJSUlJSclJyU
nJSUlJSUlFSUlIxUlFSUVJRUlFSUVJRUlFSUlJSUlJSUlJRUlFSUlJyUnJWk1q0X
rRetF7VXtVe1WLVYvZi1WLVYtVi1WLVZtZm1mbWZtZm1mbWZtZm1Wb2ZtVm1WbVZ
vZm9mb2ZvZm9mL2YvZi9mLWYtZi9mL2ZtZm1mb2ZtZm9mb2ZvZm9mb2ZvZm9mr2Z
vZm9mb2ZvZm9mb2ZtZm1mbWZtZm1mL2YvZi9mL2ZvZm9mbWZtZm1mbWZtZm1mbWZ
tZm1WbVZtVm1WLVYtVi1WLVYtVi1WLVYtVi1WLVYtVi1WLVYtVi1WLVYtVi1WLVY
tVitWK1YrVitWK1XrVitV61YrVitV61XrVitV61YrVitWK1YpRitGK0YrRitGK0Y
rRetF60XrRetF60XrRetF6TXpRelF6UXpRelF6UXpRelF6UXpRelF6UXpNedF50X
nRedF5zXnNec1pzWnNac1pzWnNac1pSWnNac1pzWnNaU1pTWlNaU1ozWlNaU1pTX
lNaUlpSWlJaUloyWjJaMloyWjJaMVoyWjJaMloyWjJaMlYyWjJaMlYyVjJWMlYyV
jJWMVYxVhFWEVYRVhFWEVYRUhFSEVIRUhFSEVIRThFR8VIQUhBSEVIQUhBSEFHwU
fBN8E3wTfBR8FHwUfBR8FIwShBKEEoQThBKEEoPSg9KD0oPSg9GMEowSjBOMU4xS
jFKMU4xTlBOUU5RTlFOUU5RUlFSUVIxUlFSUVJRUlFOMU4wSjBOME4wTjBOMVJRT
lFOUk5SUlJSUlJSUlJSUlJSUlJSUlJSUlNSUlJyVnJWclZyVnJWUlJSUlJSUVJSU
lJWUlZSUlJWUlZSUnJSclJyUnJSUlJSUlJSMVJRUlFSUVJRUlFSUVJRTnJSUlJST
lJSUlJRUlFSclZyVpNWtF61XrVe1V7VXtVi1mLVYtVm1WLVYtVi1WLWYtZi1mLWY
tZi1mL2YtZi9mLWZtZm1mbWZvZm9mb2ZvZi9mL2YvZi9mb2ZvZi9mL2ZvZm1mbWZ
tZm1mbWZtZm9mb2ZvZm9mb2ZvZm9mb2ZvZm9mb2ZtZm1mbWYtZi9mL2YvVm9Wb1Z
vVm1WbVZtVi1mLWYtZi1mbWYtZi1WLWYtVi1WbVZtVi1WLVYtVi1WLVYtVi1WLVY
tVi1WLVYtVi1WLVYtRi1WK1YrVitWK1YrVitWK1YrVitWK1YrVitWK1YrVilGK0X
rRetF60XrVetF60XrRetF60XrRetF6UXrRetF6UXpRelF6UXpNelF6UYpRelF6UX
pRelF6UXpRelF6UXpRac1p0WnNac1pzWnNaU1pzWnNac1pzWnNac15zXlNac1pzW
nNac1pzWlNaU1pTWlNaUlpSWlJaUlpSWlJaMloyWjJaMloyWjJaMVoyWjJaMloyW
jJaMloyWjJaMloyVjJWMVYxVjFWEVYRVhFWEVYRVhFWEVYRUhFSEVIRUhFSEVIRU
hFSEVIRUhFSEFIQUhBR8FHwUfBR8FHwUfBR8FHwTdBOEEowSjBOEEoQSe9KD0oQR
g9KD0oPSjBKME4wTjBOME4xTjFOMU5RTlFOUU5RTlFOcU5RUlFSUVIxUlFSUVJRT
jBOMU4xTjBKMEowTjBOUVJSUlJSUlJSUlJSUlJRUlJSUlJSUlJWUlZSVlJWc1ZyV
nJWclZyVlJSUVJRUlJSUlJSUlJWUlZSVlJWUlJSUnJSclJyUlJSUlJSUlJSUVJRU
lFSUVJRUnFSUVJRUlFSUVIxUlFSUVJyUnJWk1aUWrRetF7VXtVi1WLVYtVi1WLVY
tVi1WLVYtVi1mLVYtZm9mb1ZvVm9Wb1ZtVm1Wb1ZtZi1mLWYtZi9mLWYtZi9mb2Z
vZm9mb2ZvZm9mb2ZvZm1mLWZtZm1mbWZvZm9mb2ZvZm9mb2ZvZm1mb2ZtZm1mbWZ
tZm1mb2ZvZm9mb2ZtVm1WbVZtVm1WbVZtVm1mbWZtZm1mbWZtVm1WbVZtVm1WbVZ
tVi1WLVYtVitWLVYtVm1WLVYtVi1WLVYtVi1WLVYtVitGK1YrVitWK1YrVitWa1Y
rVitWK1YrVitWK1YpRitF60XrRetF60YrRitGK0YpRelF6UXpRetF60XrRalF6UX
pRelF6UXpRelF6UXpRelF6UXpRelFqUXpNek16TXpNec15zXnNac1pzWnNac1pTX
nNac1pzWnNec15zXlNeU1pTWlNaU1pTWlNaU1pTWjNaUlpSWlJaUloyWjJaUloyW
jJaMloyWjJaMlYyVjJWMlYyVjJWMlYyVjJWMlYxVjFWMVYxVjFWEVYRVhFWEVYRV
hFV8VYRVhFWEVYRVhFWEFYQVhBSEFIQUhBSEFIQUhBSEFIQUfBR8FHwUfBR8E3wT
hBKEEowSjBGMEoQShBGEEYQRhBGMEYQSjBKME4wSjFOMU4xTjFOUU5RUlFOUVJRU
nFSUVJSUlJSUlIyUlFOMU4xTjFOME4QTjBKMEowSlFOck5SUlJSUlJSVlJWUlZSU
lJSUlJSUlJSUlJSUlJSclJyUnJWclZRUlFSUU5RUlFSUlJSUlJSUlJSUlJSUlJSU
nJSclZSVlJWUVJRUlFSUVJRUlFSUU5xTnFOcU5RUlFOUU5RUlFSUlJyVnNWk1q0X
rRetF7UXtVi1WLVYtVi1WbVZtVi1WbVYtZi1mLWYtZm1mb2ZtVm9Wb1ZvVm9mb2Z
vZm9mbVZvZm1Wb2ZtZm1mbWYtZi9mb2YvZm9mb2ZvZm1mbWYtZi1mL2YvZm9mb2Z
vZm9mb2ZvZm9mb2ZvZm1mbWZtZm1mbVZtVm1WbVZtVm1WbVYtVi1WbWZtZm1mbVZ
tVm1WbVYtVi1WLVYtVi1WLVYtVe1WLVYtVi1WLVZtVm1WLVYtVitV61YtVitWK1Y
rVitWK1YrVitWK1YrVitWK1YrVitWK1XrVetV6VXrRetF60XrRetF60XrRetF60X
rRetF60XrRelF6UXpRelF6UXpRelF6UXpRelF6UXpRelF6UXpRelF6UXpRelFp0W
nRadFpzWnNac1pzWnNaU1pzWnNaclpzXnNec15zXnNac1pzWnNac1pTWlJaU1ozW
jNaM1oyWjJaMloyWjJaMloyWjJaMVoyWlJaUlYyVjJWMlYyVjJWMlYxVjFWMVYxV
jFWMVYxVhFWEVYRUhFSEVIRVhFSEVIRUhFSEVIRUhFSEVIQUhBR8VHwUfBSEFIQU
hBSEFHwUfBR8FHwUfBN8E4QSjBKEEoQShBGEEYQRhBKD0YPRg9KEEowSlBKMEpQS
jFOMU4xTjFSMU5RTlJKUk5STlJSUk5SUlJOUlJRUjFOMU4wSjBOMEowTjBOUU5RT
lJSUlJSUlJSUlJSUlJSUlJSVlJWUlJSUlJSUlJyUnJSclZyVnJWUlIxUlFSUVJRU
lJSUlJSUlJSUlJSUlJSUlJSUlJSUlJRUlFSUU5RTlFOUU5RTlFOUU5RTlJOUk5ST
lJSUlJSUlJSc1KTVpNatF60XrVetV61YrVi1WLVYtVi1WLVYtVi1WLVYtZi9mL2Y
tZi9l72YvZi9Wb1ZvVm9Wb1ZtVm9mb2ZvZm9mb1ZvVm9Wb2ZtZm1mL2ZtZi1mLWY
tZi1mL2YtZm1mbWZtZm1mb2ZvZm1mb2ZvZi9mL2YvZm9mbWZtZm1mLWYtZi1WbVZ
tVm1WLVYtZi1mLWYtVi1WLVYtVi1WLVYtVi1WLVYtVitWLVYtVi1WLVYtVi1WbVY
tVi1WK1YrVitWLVYrRitWK1YrVitWK1YrVitWK1YrVitWK1YrVitWK1YrVitV60X
rRetF60XrRetF60XrRetF60XrRetF60XrRek16UXpRelF6UXpRelF6UXpRelF6UX
pRalF6UXpRec150XpRec1pzWnNac1pzWnNac1pzWlNac1pzWnNac1pzXnJac1pzW
nNaU1pTWlJaU1pTWlNaUlpSWlJaUlpSWlJaUloyWjJaMloyWjJaUlpSWlJWMlYyV
jJWMloyWjJWMVYxVhFWEVYxVjFWMVYxVjFWMVYRVhBWEVYRUhFSEVIRUhFOEVIRU
fFR8VIRUhFR8U3xUfBR8FHwUfBR8E3wTfBN8E3wTfBOME4wShBKEEoQRhBGEEYQR
hBGD0YPShBKEEowSjBKMUoxTjFKMU4xTlFOUU5RTlFOUU5RTlFSUlJSUlFSMU4xT
jFOMUoxTjBKME4wTjFOUk5STlJOUlJSTlJOUlJSUlJSUlJSUlJSUlJSUlJSUlJyU
nJSclJyUlFSMVJRUlFSUVJSUlJSUlJSUlJSUlJyUlJSUlJSUlFSUk5RTlFOUU5RT
lFSUVJRTlFOUU5RTlFOUU5RTlJSUlJSUnNSc1aUWrRetV61XrVetWLVYtZi1WLVY
tVm1WLVZtZi1mLWYtZi1mLWYvZi1mLWYtZi1WL2ZvZm9mb2ZvZm1Wb2ZvZm9mb1Z
vVm9Wb1ZvZm1mbWZtZm1mb2ZvZm9mbWZtZm9mb2ZvZm9mbWZtZm1mbWZtZm1mbWZ
tVm1WbVZtVm1WbVZtVm1WLVYtVi1mLWYtZi1mLWYtZi1WLVYtVi1WLVYtVi1WLVY
tVi9WLVYtVi1WLVYtVi1WLVZtVi1WLVYtVitGK1YrVitWK1YrVitWK1YrVetV61X
rVetV60XrRetF6UXrRetF60XrRetF60XrRetF60WrRelF6UXpRelF6UXpRelF6UX
nNelF6UXpRelF6UXpRelF6UXpRelF6UXpRelF5zWnNac1pzWnNac1pzWnNac1pzX
nNeU1pzWnNac1pzWnNac1pTWlNaU1pTWlNaU1pTWlJaUlpSWlJaUlpSWlJaUloyW
jJWMloyVjFWMlYyWjJaMlYyVjJWMlYyVjJWMlYxVjFWMVYxVjFWMVYxVjFWMVYxV
hFWEVYRVhFSEVIRUhFSEVIRUhFSEVHxUfBR8FHwUfBR8FHwTfBN8E3wTfBN8E3wT
jBKMEoQRg9GEEYQRhBGEEYQRhBGEEYwRjBKMEoxSjFKMU4xTjFOMU4xTlFOUU5RU
lFOUVJRUlFSUVJRUlFSUU4xTjBOME4wTjBOME4xTlFOUlJSUlJSUlJSUlJSUlJSU
lJSUlJSUlJOUlJSUnJSclJyUnJSclJRTlFOUU5RUlJSUlJSUlJSUlJSUlJWUlZSV
lJWUlJSUlFOUk4xTlFOUVJRTlFOUU5RTlFOUU5RTlFOUVJRUlJSUlZzVpNatFq0X
tRi1F7VXtVe1V7VXtVi1WLVYtVi1WLVYtZi1mLVZtZm1WbVZvVm9Wb1ZvVm9Wb1Y
vVi9WL1YvZi9mL2YvZi9mL1YvVm9WL1ZvVm9Wb1ZvVm9Wb1ZvVm9WL1YvZi9mL2Y
tZi1mbWZtZm1mbWZtZm1mbWZtVi1WbVZtVm1WLVYtVi1WLVYtVm1WbVZtVm1WbVZ
tVm1WbVYtVi1WLVYtVetWLVYtVi1WLVYtVi1WLVYtVe1WLVYtVi1WK0YtVi1WLVY
tVi1V61XrVitWK1XrVetV61XrVelV60XrRetFq0XrRetF60XrRetF60XrRetF60X
rRalF6UYpRelF6TXpRelF6UXpRelF6UXpRelF60XpRelF6UWpRalFqTXpNek16TW
pNac1pzWnNac1pzXnNec1p0WnNac1pzWnNac1pzWnNac1pTWlNaU1pTWlNaUlpSV
lJaUlpSWlJaUlpSWjJaMloyWjJaMloyVjJWMlYyVjJWMlYxVjFWMVYxVjFWMVYxV
jFWMVYxVjFWEVYRVhFWEVYRVhFWElIRUhFSEVIRUhFR8VIRUhFSEVIQUhBR8FHwT
fBN8E3wTfBN8U3xTfBN0FIwShBKEEoQShBKEEoQShBGD0oPRg9GEEYwSjBKMUoxT
jFOMU5RTjFOMU4xTjFKUU5RTlFOUU5RUlFSUVJRUlFSMU4wTjBOME4wTjBOMU5RU
lJSUlJSUjJSUk5SUlJSUVJSUlJSUlJSUlJSUlJyVnJWclZyVlJWUVJRUlFSUVJRU
lJSUlJSUlJSUlJSVlJWUlZSVlJWUlJSUlFOUU5RTlFSUVJRUlFSUVJRUlFSUU5RT
lFOcVJxUnJSc1aTWpRalF61XtVe1WLVYtVi9WLVYtVi1WLVYtVi1WLVYtVi1mLWY
tZi1mLWYtZi1mLWYtZm1mbWZtZm1WbVZtVm1WLWYvZi9mLWYtZi1WLVYtVi1WL1Y
vVi9WL1YvVi9WL1YtVi1WL2YvZi9mL2YvZi1mLWYtVm1WbVZtVm1WbVYtVi1WLVY
tVi1WLVYtVi1WLVYtVm1WLVYtVi1WLVYtVi1WLVYtVi1WLVYtVi1V7VYtVi1WLVY
tVi1WLVYrVi1WK1YrVi1WK1YrVitWK1YrRitGK0XrVelF61XrRetF60XrRetF60X
rRetF60XrRetF60XrRetF60WrRetF60XrRek16UXpRelF6UXpRelF6UXpRelFqUW
pRalFqTWpNak16TWnNak1qTWnNac1pzWnNac15TWnNac1pzWnNac1pzWnNac1pzV
nNac1pzWlNaUlpSWlJaUlZSWlJaUlpSWlJaUlpSWjJaM1oyWjJaMloyVjJWMlYyV
jJWMVIxVjFWMVYxVjFWMVYxVjFWMVYxVhFWEVYRVhFWEVIRUhFSEVIRUhFSEFIRU
hFR8VHxTfFR8VHwUfBR8FHwUfBR8E3wUfBN8E3wTfBOEEYwShBKEEoPSg9KD0oPS
g9KD0YPRjBKMEowSjFKMUoxTjFOMU4xTjFOMU4xTlFOcVJRTlFSUVJSUlFSUVIxT
jFOME4wTjBOME4wTjBOMVJRUlJSUlJSUlJSUlJSUlJSUlJSUlJSUlJTUlJSUlJyU
nJSclJSUlJSUVJRTlFSUVJSUlJSUlJSUlJSUlJSUlJWUlZzVnJSUlJRTlFOUVJRU
lFOUU5RTlFOUU5RTlFOUU5RTlJOUlJSUnNak1q0XrRe1F61XtVe1V7VYtVi1WLVY
tVi1WLVYtVi1WL1YvVi9WLVYtZi1mLWYtVi1mLWYtZi1mLWZtZm9Wb1ZtVi1WbVZ
tVi1WLVYtVi1WLVYtVi1WLVYtVi1WK1YtVi1WLWYvVi9mL1ZvVm9WL1ZvVm1WLVY
tVi1WbVYrVi1WLVYtVi1WLVYtVi1WLUYtVi1WLVYtVi1WLVYtVe1WLVYtVi1WLUY
tVi1WLVXtVi1mLVYtVi1WLVYtVi1WLVYtVi1WLVYtVi1WK1YrVitF6UXrRetF60X
rRetF60XrRetF60XrRetF60XrRetF60XrRetF60XrRetFq0XrRetF6TXpRelF6UX
pRelF6UXpRelFqUXpRelF6TXpNek16TXpNec15zXnNec15zXnNec15zWlNac1pzW
nNac1pzWnNac1pzWnNac1pzWnNaU1pTWlNaU1pSWlJWUlpSWlJaUlpSVlJaUlpRW
jJaMloyVjJaMloyWjJaMlYyVjJWMlYyVjJWMVYxVjFWMVYxVjFWEVYRVhFWEVYRU
hFSEVIQUhFSEVIRUhFR8VIRUhFSEVHwUfBR8FHwUfBR8FHwUfBR8FHwUfBN8FHwT
g9KEEoQShBKEE3wSg9KD0oPSg9KD0ovSjBOME4wTjFOMU4xTjFOMU5RTlFKUU5RT
lFOUU5STlFOUlJRTlFOMU4xTjFOEU4wTjBOME4wTjFSUVJSUlJSUlJSUjJSUlJSU
nJWUlJSUlJSUlJSUlJSc1JzVnNWUlZSUlFSUVJRUlFSUlJyUlJSU1JSUlJSUlJSV
lJWU1JSUlJSMVJRUlFSUU5RTlFOUU5xUlFSUVJSUlJSUU5STlJSclJzVpNas1q0X
tRetF7VXtVe1V7VYtVi1WLVYrVi1WLVYtVi1WLVYvVi9WL1ZtVm1WbVZtVm1WbVZ
tZm1mbWZtVi1WLVYtVi1WLVYrVetF60WrRatF7VXtVi1WLVYtRe1F60XrRe1WLVY
tVi1WLVYtVi1WLVYtVi1WLVYtVitF60YtVi1WLVYtVi1V7VXtVetV7VYtVi1WLVY
tVi1WLVYtVi1WLVXtVetF60XrRetF60YtVi1WLVYtVi1WLVYtVi1WLVYtVi1WLVY
rVitWK0XpRak1qUXpRelF60XrRetF6TXpNak1qUWpRalF60XrRetF60XrRetF60X
rRatF6UXpRelF6UYpRelF6UXpRelF6UXpRelF6UXpRelF50XnRec15zXnNac1pzW
nNec1pzWnNac1pTWnNac1pzWnJac1pzWnNec1pzWnNac1pzWlNaU1pTWlNaU1pSW
lNaUlpSWlJaUloyWjJaMloyWjJaMloyWjJaMloxWjJaMlYSVhFWMVYxVjFWMVYxV
jFWEVYxVjFWMVYRVhFWEVYRVhFWEVYRVhFSEVIRUhFSEVIRTfFR8VHwUfBR8FHwU
fBR8FHwUdBR8FHwUfBR8FIQShBKEEoQShBKEEYQRhBGEEYQRhBGEEYQSjBKME4xT
jFOMU4xTlFOUU5RTlFOUU5RTlFOUVJRUlJSUlIxUjFOME4wTjBKME4wTjBOME4xU
lFSUlJSUlJSUlJSUlJSUlJSUlJSUlJSUlJSUlJSUnJWclZyVnJSUVJRUlFSUVJRU
lFWUlJSUlJSUlJSUlFSUlJSUlJSUlJSUlFSUVJxUlFSUVJQUlFSUVJRUlFSUVIxU
lFSUU5yUnNSc1aUWrRatF60XrVetWK1YtVi1WLVYtVi1WL1YtVi1WLVYtVi9WL1Y
vVm9WbVZtVm1WbVYtZi1mLWYtZi1mLVYtVi1WL1YvVi1V60XpNaclZyUpNStFrVX
tVi1V6TVnJSclKTVrRa1V71XvVi9WL1YtVi1WLVYtVitV60XpNak1qzWrRe1GLVY
rNek16TWrNe1F7VYtVi1WLVYtVi1WLVXtVi1WK0XpNaclpzVpNatF7VXtVi1WLVX
rVi1WLVYrVi1WK1XrVetV61XrRek1pyVnJWclaTWpRelF6UXpRac1pzWnJWc1aTW
pRalF60XrRetF6UXpRelF6UXpRelF6UXpRelF6UXpRelF6UXpRelF6UXpRelF6UW
pRalFqTWpNac1pzWnNac1pzWnNac1pzWlNac1pzWnNac1pzWnNac1pzWlNaU1pTW
lNaU1pTWlJWUlpSWlJaUlpSWlJaUlpSWlJaUlpSWlJaMloyWjJaMloyWjJWMlYyV
jJWMVYxVjFWMVoxVjFWMVYxVjFWMVYRVhFWEVYRVhBWEVYRVhFWEVYxVhFSEVIRU
hFSEE4QUhBSEFHwUfBR8FHwUfBR8FHwUfBR8FHwUfBOEEoQShBKEEoQShBJ70oPS
g9KD0YPRhBKEEoxSjBKMUoxSlFOMU4xTjFOMU4xTlFOUU5RTlJSUlJSUlJSUU4xS
jFOMU4wTjBKMEowSjBOMU5RTlJSUk5STlJOUlIyUlJSUlJSUlJWUlJSUlJSclJyV
lJWclZSVlFSUVJRTlFSUVJSUlJSUlJSUlJSUlJyUlJSclJyUlJSUlJRUlFSUVJRT
lFOUU5RTlFOcU5xTlFOUVJRTlFOUlJyUpNWlFq0WrRetF61XrVi1WLVYtVi1V7VY
tVi1WLVYtVi1WLVYvVi9WL1YvVi9Wb1ZvVi9WL1YvVi9WLVYtVi1WL1YvVi1WLVY
tRis15RUg9CLkJQRpJOs1q0WpNWUU4PSg9GUU6TVrRa1WLVYtVi1WLVYtVi1WLVY
rVeklZRTlFOclKTWrRetF5yVlFOcU5yVrNa1F71YtVi1WLVZtVi1WLVYrVek1pxT
jFKMUpzUrRatV61YrVitWLVYtVitWK1YrVetV61XrRetFqTWnJSMUoQRjBKUVKTV
pNak1pyVjFOEEowTlFSc1qTXrRelF60XrRetF6TXpRelF6UXpRelF6UXpRek16UX
pRelF6UXpRalFqUXpRelF6TXpNek16TWnNac1pzWnNac1pzWnNac1pTWnNac1pzW
nNac1qTWnNac1pzWlNaU1ZTWlNaU1pSWlJaUlpSWlJaUlZSVlJWUlpSWjJaMloyW
jJaMloyWjJWMlYyVjJWMlYyVjJWMVYxVjFWMVYxVhFWEVYRVjFWEVYRVhFWEVYRV
hFWEVYRVhFSEVYRVhFSEVIRUfBR8FHwUfBR8FHwUfBR8FHwUfBR8FHwUfBR8FHwU
jBKEEoQShBKD0oPSg9GD0oPSg9KD0oPSjBOME4wTjFOMU4xTjFOMUoySjFKMUpRT
lFOUU5RTlFSclJRUlFSMU5QTjBOMEowSjFKMEoxTlFSUVJSUlJSUlJRUlFSUlJSU
lJOUlJSUnJSclJyUnJWclZyVnJWclZRUlFSUU5RTlJSUlJSUlJSUlJSUlJSUlJSU
lJSUlJSUlJOUU5RTlFOUU5RTlFOUU5RUlFSUU5RTlFOUVJRUnFSclaTVpRatFq1X
rVe1V7VXtVe1WLVYtVi1WLVYtVi1WLVYvVi9WL1YvVi9WL1YvVi9WL1YvVi9WL1Y
vVi1WLVYtVi1WLVYtVi1WK0YpNeD0WLLUglrDZRSpNak1pRUe1BaCloKi5Cck60W
tVe1V60XrRatF60XrRetF6TWlBODj4OPlBGklKTVnJWME3uPg9CUUqTVrRe1V7VY
tVi1WLVYtVitWK0XnJWD0ntOg4+cUqTWrRetWLVYtVi1WK1YrVitF60XrRetF60X
pNaUlYPSc01izHuOjBOclZyWlJWL03tPaw1zTowRlJSc1qTXpRelF6UXpRelF6UX
pRelF6UXpRelF6UXpRelFqUWnNalFqTWpNalFqUWpRalFqTXpNek16TXpNek1pzW
nNac1pzWnNaclpzWnNac1ZzWnNac1pzWpNec1pzWlNaU1pTWlNaU1pTWlNaU1ZSW
lJaUlpSWjJaMloyWjJeMVoyWjJaMloyWjFWMVYyVjJWMlYyVjJWMVYxVjFWMVYxV
hFWEVYRVhFWEVYRVhFWEVYRVhFWEVIRUhFSEVIRUhFSEVIRVhFV8VHxUfFR8FHwU
fBR8FHwUfBN8FHwTdBN0E4QShBKEEoQShBKEEoPRg9GD0oPSg9KL0owTjBOME5RT
jFOMUoxSjFKMUpRSlFOUUpRTlFOUU5RTlFOUU5RUlFSME4wTjBOME4wTjBOME5RU
lFSUlJSUlJSMVIxUlJSUlJSUlJSUlJSUlJSUlJSUnJWclZyVnJSUU5RTlFOcU5RU
lFSUlJSUlJSUlJSUlJSUlJSUlJSUlIyUjFSUU5RTlFOUU5RTlFOcU5RTlFSUU5xU
lFSUlJyVnJWk1q0WrRatF60XrRe1V7VXtVe1V7VYvVi1WLVYtVi1WLVYtVi1WLVY
tVi1V71YvVi9WL1YvVm1WLVYtVi1WLVYtVi1WLVYtVitF5yVe5BBiDlFUgmMEJzV
nNWME1qMOUY5RntOnJOs1q0WpNak1aSUnJWk1aTVpNaclIORWkpiioOOlFKclJRT
e09aSWrMg9Cck6zWtRe1WLVYtVi1WLVYtVitF5yVe1Bai2tOlFKk1q1YtVi1WK1Y
rVitF6TXnNac1pzWpNak1pzWlFR7T1IIQYdaSnuQjFSUlYxUc49aSTmGWkqD0JRT
nNWk1qTWpNak1aTWpNak1qTXpNak1qTWpNak1qTWpNak1qTWpNak1qTWpNak1qTW
pRalFp0WpNak1pzWnNac1pzXnNac1pzWnNac1pzWpNac1pzWnNac1pzWnNac1pyW
lJaU1pTWjNaU1pTWlJaUlpSWlJaUlpSWlJaUloyWjJaMloyWjJaMloyWjJWMVYxV
jFWMVYxVjFWMVYxVjFSMVIxVhFWEVYQVhFWEVYRVhFSEVIQUhFSEVIRUhFR8VHxU
hFSEVIRUhBOEU3wTfBN8E3wUfBR8FHwUfBN8E3wTfBOEEoQShBKEEnwShBKEEYQR
g9KD0oPShBKMEoxSjBKMEpQSlBOUUpRSlFOUU5RTlFOUU5RTlFOUU5RTlFSUU4wT
jBOME4wTjBOME4wTlBOUVJSUlJOUk5STlFOUVJRUlFSUlJSUlJSUlJSUlJSUlJyU
nNWc1ZSVlFSUU5RTlFOUlJSUlJSclJSUnJSclJyUlJSUlJSUlJOUlJRTjFOMU4xT
jFOUUpRTlFOUU5RTlFOUVJRTlFSUlJyVpNWk1q0WrRetF60XrVe1V7VXtVe1V7VY
tVi1WLVYvZi1WLVYtVi1WLVZtVi9WL1YvVi9WL1YtVi1Wb1YvVi1WLVYvVi1WLVY
rReUVXNQQYk5RUnHi4+Uk5RTe5BKCjEFOUZ7TpxUpJWklZRTlBKMEYwRlFKck5yU
lFNzD0GIQchqzIvRjBKDkVqMSchSCXsOlFGk1a0XtVi1WLVYtVi1WLVYrReclHNP
WkprDZRSpJWtF61XtVetV6UXnNaUlIxUjFOMU5RUnJWclYwTaw9JiTkGSclzT4RT
jFSEE2LOOUcwxUnJc5CMU5TVnNWUlZRUlFSUVJRUnJWclZyVnJWclZyVnJac1pzW
nJaUlZyVnNac1qTWpNak1qTWpNak1qTWpNak15zWnNac15zWnNac1pzWnNac1pzW
nNac1pzWnNac1pzWnNac1ZzWlNaUlpSWlNaUlpSWlJaUlpSWjJaMloyWjJaMloyW
jJaMloyWjJaMloyWjFaMlYyVjFWMVYxVjFWMVYRVhFWEVYRVhFWEVYRVhFWEVYRV
hFWEVYRVhFWEVXxVfFR8VHxUfFR8VHwUfBR8FHwUfBR8FHwUfBR8FHwUfBR8E3wT
hBKEEoQShBKEEoQShBKEEoPSg9KD0oPShBKMUoxSjFKMUoxSjFKMUpRTjFOMU4xT
lFOUU5RTlJOUk5RTlFOMU4xTjFOME4wTjBOMEowTlFOUVJRUlFOUU5RTlJSUlJSU
lJSclJSUlJSUlJSUlJSUlJyVnJWclZSUlFOUU5RTlFSUlJSUlJSUlJSUlJSUlJSU
lJSUlJSTlJSMk4xTjFOUU5RTlBOUU5RTlFOUU5RTlFOUVJRUlJSclaTWpRetF60X
rRetF61XtVe1V7VXtVi1WLVYtVi1WLVYtVi1WLVXtVi1WLVYvVi9WLVYtVi1WLVY
tVi1WLVYtVi1WLVYtVitV60XlJVrEDmJMQU5hnNNjBKEEmMOOckxBUGHe0+cU5yT
lFOMEIOPe01zDXtOi9GMEowSYs5JiEmIaoyDkIPRe5BaS0GHSchzDYwRpJWtFrVX
tVe1V7VYtVi1GK0XlFR7T1pKcw2MUqTWrRetWK1YpRec1oxTg9GDkIOQg5CD0YwT
jFWD02LPQYkxBkGIa06D0YwTc5BSTDEGKMVJyXOPjBOUVJRThBKD0HvQe9CD0YwS
jFOMU4wSjFKUU5yVlJWUlIxTjFOUlJSVnNak1qTWpNak1qTWpNak1pzWnNac1pSW
lJaUlZSVlJWUlZSVnJWUlpyWnNac1pzWnNac1pzWnNWclpSWlJaUlpSWlJaUlpSW
lJaUlpSWlJaUVpSWlJaUloyWjJaMloyWjJaMlYxVjFWMVYxVjFWMVYxVjFWMVYxV
jFWEVYRVhFWEVYRVhBWEVYRUhFSEVIRUhFR8VHxUfFR8VHxUfFR8VHwUfBR8FHwU
fBR8FHwUfBR8FHwUfBR8E4QRhBKEEoQShBKEEoQShBKD0oPRg9GL0ovSjBKMEowS
jFKMUoxSjFKMUoxTjFOUk5RTlJOUU5RTlFOUU4xTjFOMU4RSjBOEE4wTjBOME4xT
lFOUU5RUlFOUVJRUlJSUlJSUlJSUlJSUlJSUVJSUnJSclZyVnFSUVIxUjFOUU5RU
lJSUlJSUlJSclJyUnJSclJyTnJSUlJSTjJOMU5RTlFOUU5RTnFOUU5RTlFOUU5RT
lFSUVJyUnNWk1aUWrRatF60XrVetV7VXtVe1V7VYtVi1WLVYtZi1WLVYtVi1WLVY
tVi9WL1YvVi9WLVYtVi9WLVYtVi1WLVYtVi1WLVYrRitGJRUaw5JyDlGQYdzDoPS
e5BajUGJOQdJiYOQnJOcU4wSg5FrDlqLSghSSnuPg9J7kWLOSclJyWrNe5GD0nOQ
UkxByEnIaw2UEqTVrRetV7VXtVi1WLVYtVitF5RUcw9aS3MOlFOk1q1XrVitF6TW
lFN7kGLMYoxijGqMcw2DkIQTe5FizkGJMQY5R2LMc5B70GMOSgo5RjEFUgl7j4wR
jFKEEXuPc01rDGLMYwxzj3uQe9B7j3uPg9GME4xTe9F7kHvRjFOUlZzWpNek16TW
pNak1qTWpNaclpSVjFSMVIxThFOEU4RThFOMVJRVlJaUlpSWnNac1pzWnNec1pyW
lJaUlpSWlJaUlpSVlJWUlpSWlJaMlpSWlFaUlpSWjJaMloyWjJaMlYyVjJWMVYxV
jFWMVYxVjFWMVYxVjFWMVYRVhFWEVYRVhFWEVYRVhFWEVIRUhFSEFIRUhFSEU4RU
hFSEVIQUhBSEFIQUfBR8FHwUfBR8FHwUfBR8FHwUfBSEEYQShBKEEoPSg9KD0oPS
g9KD0oPSi9KMEowSjBKMEoxSjFOMUoxSjFKMUoxSlJOUU5RTlFOUU5RTlFOUU4wT
jBOME4wThBKME4QTjFOMU5RTlFSUU5RUlFSUVJSUlJSUlJSUlJSclJyVnJSclZyV
nJWUlJSUlFOMU4xTlFOUU5RUlJSUlJSVnJSUlJSUlJSUlJSUlJSUVJRTlFOUU5RT
lFOUU5xTlFOUU5RTlFOUU5RTlFSclKTVrNWs160XrRetF7UXtVe1V7VYtVi1WLVY
tVi1WLVYtVi1WL1YtVi1WLVYtVi1WLVYtVi1WLVYtVi1V7VYtVi1WLVYtVi1WLUY
rNeUFGLOQclByUHJWoxzD2rOWkxJykFIScqDkZRVlFWD03uSa1BSjkIKOclrT4PT
e5JizknJWkt7T4wTlBR701rPSgtajHuRlFSlF7VXtVe1WLVYtVitWK1YpReMU2sO
WkpzDpRSpNatGK1YpReclYPRYo1KClJLUktSS1rMc0970XOQYs5BiTlGQYdai2tP
aw9ajUGJMUcxB0pLa1CEEoQSe9FrT2LNUktKCkoKYoxqzWsNWoxazHNOg9F70GMO
WsxzT4QTlJWc1qTXpNek1qTXpNak1pzWnJWUVIQTe9FrT2tPc09zj3OPe9GEUoxU
lJWUlpTWlNaU1pTWlNaU1pTWlNaU1pSWlJaUlpSWlJaUloyWjJaMlpSWjJaMloyV
jJWMlYyVjJWMlYyVjJWMlYyVjJSMVYyVjFWMVYxVjFWMVYRVhFWEVYRVhFWEVYRV
hFSEVIRUhFR8VIRUhFSEU4RUhFSEFIQUhBR8FHwUfBR8FHQUfBR8FHwUfBR8E3wT
hBKEEoQShBKD0oPSg9KD0oPRg9J70YPRi9KMEowSjBKMUowSjFKMU4xTjFOMVIxT
jFOUU5RTlFOUU5RTlFOMU4xTjFOMEoQSjBKMEowTlFOUU5RUlFOUU5RTlFOUVJSU
lJSUlJSUlJSUlJSUlJSUlZyVnJSUlJRTjFOMU5RUlFSUlJSUlJSUlJSUlJSUlJSU
lJOUlJSUlJOUU5RTlFOUU5RTlFOcU5RTlFOUU5RTlFOUU5yUnJSk1a0WrRatF60X
rRetF60XrVe1V7VXtVe1V7VXtVi1WLVYtVi1mLVYtVi1WLVYtRi1WLVYtVi1WLVY
tVi1WLVYtVi1WLVYtVi1GKTXjBNajlIMUktKClJKUotai2KLWkpJyFpKg4+cVJRU
g9N7knuSas9SC0nKcw+ME4wTc1BKCmLNjBKclpzWlFRjD0oLaw+ME5yWrRe1GLVY
tVi1V7VYtVi1WKUXjFRqz1JLcw+UU6TWrRetF6TXlFRzT0oKSgpaTVqNWkxaTHMP
e5BzT1rNSgo5yEHIUktSTFJMUkxByjmJOYlSS3uQhBOEFHvTa1Fiz1KOQco5yVJL
Ys5jD1qNUkxizmtPaw9Si0pKc46MU5yVnNak1qTWpNak1qTWpNaclpSVjFR70WMN
UopKSUpJSopSimtNe9GMU5SVnNac1pzWnNac1pTWlNaU1pTWlNaUlpSWlJaUlpSW
lJaMloyVjJWMlYyVjFaMlYyVjJWMlYyVjJWMlYyWjJWMlYyVjFWMVYxVjFWMVYxV
jFWEVYRVhBWEVYRUhFSEVIRUhFSEVIRUhFSEVIRUhFSEVIRTfFR8VHwUfBR8FHwU
fBR8FHwUfBR8FHwTfBN8E4QRhBKEEoQShBKD0oPSg9KD0oPSg9KD0oQSjBKME4wS
lFKMUoxSjFKMUoxTjFKMU4xTjFSUVJRUlFOUU5RTjFOMU4QThBOMEowSjBKUU5RT
lFOUU5RTlFOUU5RTlFSUVJSUlJSUlJSVlJWclZyVnJWclZyVlJWUVJRUjFSUVJRU
lFSUlJSUlJSUlJSUlJSUlJyUlJSUk5RTlFOUU5RTlFOUU5RTlFOUU5RTlFOUU5RU
lFSUVJyUpNWk1qUWrRatF60XtRe1WLVXtVe1WLVYtVi1WLVYtVi1WLVYtVi1WLVY
tVi1WLVYtVi1WLVZtVi1WLVYtVi1WLVYtVi1WLVYtRek1owSWo1ajWLMUkpSCVIJ
WkpqzGKMSclajHuQlBOMEnuRc1BzD2KMSgpByXNPjFOME3NPWkxqzpQSnJWklpQU
as9SCnNOlFKk1bUWtVe1V7VXtVe1WLVYtRik14wTas5SS3NPjFOc1qUXpRec1YxT
aw9BylILas5rD2rOao5zEHuRc09ajUpMSgtKCkpLSgpByUILQgpByUHJUkt7kIPT
hBN70mtRYw9SjUHKOYlSS2sQc1Fiz1qNWo1ajFKLSgpSjHORjFSc1pzWpNek16TX
pNac1pzXnJaUlYwUc1FajUHJOYgxRzGHOchazHPRhFSMlZTWlNac1pzWnNaU1pTW
lNaU1pSWlJaUloyWlJaMlpSWjJaMloyWjJaMlYxVjJWMlYyVjJWMlYyVjFWMVYxV
jJWMVYyVjFWMVYxVjFWEVIRVhFWEVYRVhFWEVIRVhFSEVIRUhFSEVYRVhFWEVIRU
hFR8U3xUfFR8VHxUfFR8FHwTfBN8FHwUfBN0E3wTfBOD0oPShBKD0oQSg9KD0oPS
g9KD0oPSi9KMEowSjBKMEpQSjFKMU4xSjFOMU5RTlFOUU5RTlFOUU5RUlFSUVIwU
jBOME4wSjBOME4wTlFOUU5STlFOUU5RTlFOUU5RUlFSUVJRUlJSUlJSUlJSUlJSU
nJSclJSUlJSUU5RTlFSUVJRUnFSUVJRUlFSUVJRUlFSUlJSUlFOUU5RTlFOUU5RT
lFOUU5RTlFOUU5RTlFOcU5RTnJSc1aTWpNetF60XrRetF7UXtVe1V7VXtVe1V7VY
tVe1V7VXvVi1WLVYtVi1mLVYtVi1WLVYtVi1WLVYtVi1mbVYtVi1WLVXtVi1V7VX
pNWMEVqNYs57DnLNUglJyVqLc01rDFJLWs2DkIvRe09qzWqMaw1izEoKSgpzT4wU
jBNzUFpLas2UEZyVnNaMVGMQUkpzTowRpJWtFrUXtVe1V7VXtVi1WK1XpNaME2sO
UktrD4wSlJSc1ZzWlJR70msPUgtSC2KNaw9rD2sPe5GD0nNQWs5SjVJNUg1SDEHJ
QYhKClJLSkpCClKLc4+D0YPRe09rDmLNWoxCCTHISktzUHuRc1BajVJLSgpKCTnJ
Ys2D0pSVnNak1qTXpNek15zXnNec15zWlJWME3NQUow5yTFHMUYxRkHJWotzkYxU
lFWUlpTWnNac1pzWnNaUlpSWlJWUlpSWlJaUlpSWlJaUloyWjJaMlpSWlJaUloyV
jJWMlYyVjJWMVYxVjFWMVYxVjFSMVYxVjFWMVYxVjFWMVYRVhFWEVYRVhFWEFYRV
hFWEVYRVhFWEVIRUhFR8VHxUfFR8VHxUfFR8FHwUfBR8FHwUfBR8FHwUfBN8E3wT
g9KD0oQShBJ8EoPSg9KD0oPSg9GD0YvSg9KMEowSjBKMEoxTjFOMU4xTjFOMU4xT
jFOUU5RTlFOUVJRUlFSMU4wTjBKMEowTjBOME4xTjFOUk5RTlJOUU5RTlFOUU5RT
lJSUlJSUlJSUlJSUlJSUlJyVnJSUVJRUlFSUVJRUlJSUVJxUnFScVZRUlFSUVJSU
lJSUlJSUlFSUU5RTlFOUk5RTlFOUU5RTlFOUU5RTlFSUVJSUnJWk1qzWrRetF60X
rRetF7VXtVe1V7VXtVe1V7VXvVe9WL1YtVi1WLVYtVi1WLVYvVi1WLVYtVi1WLWY
tVe1V7VXtVe1V7VYtRetF6TWg9JiznNQg5F7EFpNUktzT3uQe09izWLOi5CLkHMO
YkxqzXMPas1aC1oLi1CUVIwTc1Bai2LMg9CUU5xVlBRqz2KLcw2L0JyUpRatV7VX
tVe1WLVYtVitWKTWjBNrDlJLYs170IwRjFKMU4xTg9FzT1JLUkxiz2sQaxBzUIPS
hBJ7kVqOWo5izlrOWo1ByUHJWoxizVqMSkpSS2tPc09rT1JMUkxSjFJMSgo5iFJL
e1B70nuRYs5KC0HIOYdByGtOjBOclZzWpNek1qTWpNak16TWnNac1pSVhBNrUFKM
OckxRylGKUc5iFKMc5CME5RVnJaclpyWnJaclZzWnNaclpSWlJaUlpSXlJaUlpSW
lJaUlpSWlJaUlpSWlJaMloyWjJaMloyVjFWMVYxVjFWMVYxVjFWMVYRVhFWEVYRV
hFWEVYRVhFWEVYRVhFWEVYRVhFWEVYRVhFR8VHxUfFR8VHxUfFN8U3xTfBN8E3wT
fBN8FHwTfBN8E3wUfBN8E4QRhBGEEYQRhBKEEoPSg9KD0oPSg9GD0YwSjBKMEowT
jBOME5RTjFOMU4xTjFOUUpRTlFOUU5RUlFSUVJRTjFOMUowSjBKMEowSjBKMEoxT
lFSUVJRUlFSUVJRUlFSUVJRUlFSUlJRUlJSUlZSUlNSUlJSUlFSMVIxTjFSMVJRU
lFScVZRUlJSUlJSUlJSUlJSUlJSUk5RTlFKUU5RTlFOUU5RTlFOUU5RTlFOUU5RT
lFSclJzUpNalFq0WrRatF60XrRe1F7UXtRe1V7VXtVe1V7VXtVe1V7VXtVi1WLVY
tVi1WLVYtVi1V7VYtVi9WL1YtVi1WLVYtVi1WLVYtVek1owSe1GD0pQTi9NzUHNQ
g9KUEYPQc1CDkoQSjBJ7kGsOc097kHtPaw1zTowRnJSUlHvRaw5zDYvQnFKcVZQU
e5FzDnsOi9GcU6zWrRe1GLVYtVi1V7VXrVek1YxTc09ii2rLe46DjoOPi9CMEoPR
e5BrT2tPc09zT3OQe9GEEowTe9FrD2sPa1BrUGMPUktSS2sOa09jDlqMYs1zT3NP
aw5KTEpMWoxajEoLQcpajHuQhBOEE2tQSks5RzmHUkpzkZRUnJWk1qTWpNak1pzW
pNac1pzWnNaUVYQTa1FKTUHKMUgxRzFHQchSi3PPhFOMlZTWlJaU1pSWlNaU1pSW
lJaUlpSWlJaUlpSWlJaMloyWlJaUloyWlJaUlpSVjJWMlYyVjJWMlYSVjJWMVZRV
jFSMVYxVjFaMVYxVjFSEVYxVhFWMVYRUhFSEVIRUhFSEVIRUhFSEVIRUhFSEVHxU
fFN8VHxUfFR8FHwUfBR8FHwUfBR8FHwTfBN8E3wTfBOEEoQShBJ8E4PSg9KD0oPS
g9KD0oPSg9KEE4wSjBKMUoxSjBKMEowSjFOMU4xTjFOMk4xTlFOUU5RTlFOUU4wT
jBOMEowSjBKMEowSjBKMU4xTlFSUU5RTlFOUU5RUlJSUlJSVlJSUVJRUlJSUlJzU
lJWUlZSUlFSUVIxTlFSUlJRUlJSUVJSUlJSUlJSUlJSUlJSUlJSUU5RTlFOMU4xT
lFOUU4xTlFOUU5RTlFOcVJRUnJSk1aTWrNatFq0WrRetF60XrRe1F7UYtRe1F7UX
tVe1WLVXtVe1WLVYtVi1WLVYtVi1V7VXtVe1GL1YvVi9WL1YvVi1WLVYtVi1WLVX
rRaclIwTlFSklZRUjBOME5RTnJSUU5QTlFOcVZRVi9OD0YPRg9GL0YORi9KcVKTW
nJWMVIPSg9GMEpyTpNWclYwTg9KDkIwRnJOs1rUXtRe1WLVYtVi1WLVYpReUVIPS
c49zTntPe4+Dj4vRlBOMU4QSe9F7kHuQe5B7kIPRjFOMU4QSe9F7kYPSg9J7kWtP
a0970XvRe5BzT3NPe5B7kHNQYs1azWsOYs1SjEoLYs170YRTfFJrkFJMOUdBiGKM
g9KUlJzWnNak1qTWnNac1pzWnNac1pzVlJWMVHORWo1CCjnJOck5yUIKWo1zkYRU
lJWU1pTWlJaUlpSWlJWUlpSWlJaUlpSWlJaUlpSWlJaUlpSWlJaUlpSWjJaMlYyV
jJWMlYyVhJWMlYxVjFWMVYxVjFWEVYxVjFWEVYRVhFSEVIRVhFWEVYRVhFSEVIRU
hFSEVIRUhFSEVIRUhFSEVIQUhBSEFHwUfBR8FHwUfBR8FHwUfBR0E3wTfBN8E3wT
hBKEEoPSg9KD0nvSg9KD0oPSg9KD0oPShBKEE4wTjFOMUoxSjFKMUpRTjFOMU4xT
lFOUU5RTlFOUU5RTjFOMU4wSjBKMEowSjBKME4wTjFOUU5RTlFOUk5RUlFSUVJRU
lFSUVJRUlFSUVJSUlJSclJyUnJSUVJRUlFSMU4xTlFOUU5RUlJSUlIyUlJSUVJRU
lJOUlJSUlFSUU5RTjFOMU5RTlFOUU5RTlFOUU5RTlFOcVJyUpJWs1qzWrRatF60X
rRi1GLUYtRi1F7VYtVe1V7VXtVe1V7VXrVe1WLVYtVi1V7VXtVe1WLVYtVi1WLVY
tVi1WLVYtVi1WLVYtVi1WK0XpRaclaTWrNak1qSVpJak1qTWpNaclaSWrNes1pyV
lJWUlZyVnJWclaSVpJWtF6zXpNaclZxUnFSklazWpNeclpRVlFSUVJyVrRatV61X
rVe1V7VXtVi1WK0XnNaUlYxUhBOME4wTjBOMFJRVnJaUlYxUjBOEEoQShBKME5SV
lJWUVIwTjBOMVIxTjBOEEoQTjFOMU4wTg9KMEowThBN70nORa1BzkHNQaw5rD3uR
hBOMVYQUc5JSTDFHSgpzT4wTnJWk1qTWpNak1qTWpNak1qTWnJac1pSVjFR70mtQ
Uo1KTEpMSkxKDGMPe9KUVJSWnJaclpSWlJaUlZSWlJWUlpSWlJaUlpSWlJaUlpSW
lJaMloyWjJaMloyWjJaMloyWjJaMVoyWjJaMVYRVjFWMVYxVjFWMVYRVjFWEVYRV
hFWEVYRVhFWEFYRUhFSEVIRUhFSEVIRUhFWEVYQVfBR8FHwUfBR8VHxUdFR8VHQU
fBR8FHwUfBR8FHwUfBN8E4QSg9KD0oPShBKD0oPSg9KD0oPRg9GL0owSjBKMEowS
jBKUEowTjBOME4wTjFKMUpRSlFOUU5RTlFOUU5RTjFOEU4wTjBOME4wSjFKMEowT
lFSUU5RUlFSUVJRUlFSUVJRUlFSUVJSUlJSUlJSVnJSclJSUlFSMVIxTjFOMU5RT
lFOUk5SUlFSUVJRUlFSUVJRUlFSUVJRTlFOUU5RTlFOUU5RUlFOUU4yTlFOUU5RT
nFSclKTVpNas1qzXrRetF60XtRe1F7UXtRe1GLVYtVi1WLVXtVe1V7VXtRa1V7VX
tVe1V7VXtVi1WLVYtVi1WLVYtVi1WLVYtVe1V7VXtVe1V61XrRetF60XrRetF60X
tRi1GK0YrRetF7VXrVetF60XrRetGK0XrRetF60XtRitF6zXpRek1qUWrRetF60X
rNek16TXpNes160YrVe1V7VXtVe1V7VXtVitF6TXpNaclpyWnJaclpzWnNak1qTX
pNec1pyVlJWUlZSVnNak16TXnJaclpyVnJWclZSVlFSUlZyVnJWUVZRUlFWclZSV
jFSMVIwTjBOME4QThBOME4xUjFSEE2tQSks5yVKMe5GMVJzVpNak1qTWpNak1qTW
pNak1pzWnNac1pSVhBR70nNRc1BrUGsPaxBzUYQTjFWUlpSWnJaclpyWnJaclpyW
nJaUlZSWlJaUlpSWlJaMlpSWlJaUlpSWjJWMlYyVlJWMlYyVjFWMVYxVjFWMVYxV
jFWMVYxVjFWMVYRVhFWEVYRVhFWEVYRVhFSEVIRVhFWEVIRVhFSEVIRUhFSEVHxU
fBR8FHwUfBR8FHwUfBN8E3wTfBN8FHwTfBR8E3wTfBOEEoQSfBKD0oPSg9KD0oPS
g5KD0oPSg9KD0owSjBOME4wTjBOUE4wTjBOUE5RTlFOUU5RTlFOUVJRTlFOMU4xT
hBOEE4QThBOEE4wTjFOUU5RTlFOMU5RUlFSUVJRUlFSUVJRUlJSUlJSUlJSUlJSU
lJWUlZSVlFSUU5RTlFOUlJSTlFOUVJRUlJSUlJRUlFSUVJRUlFSUU5RTjFKMU4xT
lFOUU5RTjFSUU5RTlFOUU5RUnJSk1azVrNatFq0XrRetF60XtRe1F7UXtRe1F71X
tVe1V7VXtVe1V7VXtVe1V7VXtVe1WLVXtVe1V7VXtZe1V7VXtVe1V7VXtVe1V7VX
tVetV7VXtVe1WLVYtVi1V7VYtVi1WLVYtVi1WLVYtVi1WK1YtVi1WLVXtVi1WLVY
tVe1WLVYrRitGLUYtRi1GLUYrRitGK0YrRi1GLVXtVe1V7VXtVe1V61XrVetF60X
rRetF60XrRetF60XrVetF60XrRelF6UXpRelF6UXrRatFq0WpRalFqUXpNak1qTW
pNak1qTWpNak1pzWpNak1pzWnJaclpyWnJaclpyWlJWUVIwUe5FizkoLSgtrD4QS
lJWc1pzWpNak1qTWpNak1qTWnJac1pzWnNaUlZSVjFSEE4QThBOEE4PThBOMVIyV
lNaU1pSWlJaUlpSWlJaUlpSWjJaUlpSWlJaUlpSWlJaUlpSWjJaMlYyVjJWMlYyV
jJWMlYSVjFWMVYxVjFWMVYxVjFWMVYxVjFWMVYxUjFWEVYRVhFWEVYRVhFWEFYRV
hFWEVYRUhFR8VHwUfBSEFHwUfBR8FHwUfBR8FHwTfBN8E3QTfBN8E3wTfBN8E3QT
hBKD0YPRg9GD0YPSg9KD0oPSg9KD0oPSi9KME4wTjBKMEoxSjFKMEowSjFOMU5RT
lFOUU5RTlFOUU5RTlFOME4wTjBOME4QShBOEE4wTjBOUU5RTlFOUU5RTlFSUVJRU
lFSUVJRTlFOUU5RTlJSUlJSUlFSUVJRTjFOMU4xTlFOUU5RTlFOcVJxUlFSUVJRU
lFSUVJRUlFOUU5RTlFOUU5RTlFOUU5RTjFOUU5RTnFSclJyVpNWlFq0WrRetF60X
rRe1F7UXtRe1F7UXtRe1F7VXtVe1V7VXtVe1V7VYtVe9V7VXtVe1V7VXtVe1V7VX
vVe1V7VXtVetV7VXtVe1WLVYtVi1WLVYtVi1WLVYtVitV7VYtVi1WLVYtVi1WLVY
tVe1V7VXtVe1V7VXtVe1V7VXtVe1V7VXtVe1V7VXtVe1V7VXtVe1V7VXtVe1V7VX
tVe1V7VXtVe1V7UXtVetV61XrVetF60XrRetF60XrRetF60XrRetF60XrRetF7UX
rRetF60XrRetF60XpRelFqUWpRalFqUWpRak1qTWpRek16TWpNak1qTWpNaklpyV
lFSMEntQYs1ai2LNg9GUVJyVpNak1qTWpNak1qTWpNac1ZzWnNaclpzVlNaU1oyV
jJWMloyWjJaMloxVlJWUlpyWlNaUlpSWlJaUlpSWlJaUloyWlJaUlpRWlJaUlpSW
lJaUloyWjJaMlYyVjJWMlYyVjJWEVYxWjFaMVoxWjFWMVYxVjFWMVYRVjFWMVYxU
hFSEVIRUhFWEVYRUhFSEVIRUhFSEVIRUfFR8VIQUfBR8FIQUfBR8FHwUfBR8FHwU
fBR0E3wTfBN8E3wTfBN8E4QSg9KD0oPSg9KD0YPRg9KD0YPRg9GD0YPSjBKMEowS
jBKMEowSjBOUE5QTlBOUUoxSlFKUU4xTlFOMU4wTjBOME4QThBOEEoQSjFKME4xT
jFOMU4xSjFKUU5RUlFSUVJRUlFSUVJRUlFSUVJSUlJSUlJSUlFSUVIxTlFOUU5RT
lFOUU5RUlFSUVJRUjFSUVJSUlFScVJRUlFOUU5RTlFOUVJRUlFSUVJRTlFOUU5SU
lJSclaTWrNas1q0XrRetF60XrRe1F7UXtRe1V7UXtVe1V7UXtRe1F70XtRe1WLVY
tVi1WLVYtVi1WLVXtVe1V7VXtVi1WLVXtVe1WLVYtVi1WLUYtRi1WLVYtVi1V7VX
tVe1V7VXtVe1WLVYtVi1WLVXtVe1V7VXtVi1WLVYtVi1WLVXtVe1V7VXvRe1V7UX
tRe1F7VXtVe1V7VXtVe1V7VXtVe1V7VXtRe1F7UXtRe1F7UXtRe1F7UXrRetF60X
rRetF60XrRetFq0XrRetF60XrRetF60XrRas1q0WrRatF60XrRalFqUXpRelFqUX
pRalFpzWpNak1qTWpNaclpRUjBJ7kXNPc0+EEoxTlJWc1ZzWpNak1qTWpNak1qTW
pNaclpzWnNac1pzWnNac1pzWlNaU1pSWlJaUlpSWlJac1pTWlNaUlpSWlJaUlpSW
lJaUlpSWlJaUlozWlJWMlZSVlJaMlZSVlJWUlYyVjJWMlYxVjFWMVYxVjFWMVYxV
jFWMVYRVhFWEVYRVhFWEFIRUhFSEVIRUhFSEVIRUhFSEVIRUfFR8VHxUfBR8VHwU
fBR8FHwUfBR8FHwUfBR8FHvTfBR8FHwTfBN8E3wTfBOEEoQSfBKD0oPSg9KD0oPS
g9KD0XvRg9KD0owSjBOME4wTjBKUEowSjBOME4xTjFOMU5RTlFOUU5RTlFOMU4xT
jBOL04wThBOME4wTjBOMU4xTjFOMEoxTjFOUU5RTlFSUVJRUlFSUVJRUlJSUlJSU
lJSUlJSUlFSMVIxTjFSMVJRUlFSUU5RTlFOUk5SUlFSUVJRUlFSUVJQTlBOUU4xT
lFOUU5RTlFOMU5RTlFOUU5yUpJWk1aTWrNas1q0XtRetF7UXtRe1F7UXtRe1F7UX
tVe1V7VXtVe1VrVXtVe1WLVXtVe1V7VXtVe1V7VXtVe1V7VXtVi1WLVXtVe1V7UX
tVe1V7VXtVe1V7VXtVe1V7VXtVi1WLVYtVi1WLVXtVe1V7VXtVe1V7VXtRe1V7VX
tRe1F7UXtRe1F7UXtVe1F7UWtRetV7VXtVe1V7VXtRe1F7VXtVe1V61XrVetV61X
tRe1F7UXtRe1F60XrRetF60XrRetF60XrRetF60XrRetF60XrRetF60XrRetFqUX
pRalFqUWpRalFqUWpRalFqTWpNak1qTWpNak1qTWpNaUlYxUjFSMFIwUlFWclqTW
pNac1pzWpNak1qTWpNak1qTXnJac1pzWnNac1ZzWnNac1pzWnNac1pzWnNaclpyW
nJaclpyWnJaUlpSWlJaUlpSWlJaUlpSVlJWMlZSVjNWMlYyVjJWMlYyVjJWMlYyV
jJWMlYyVjJWMVYxVjFWMVYxVhFWEVYRVhFWEVYRVhFWEVYRVhFSEVIQUhFSEVIRU
hFSEVIRUhFSEVIRUfFR8VHwUfBR0FHwUfFR8FHwUfBR8FHRUfBR8FHwUdBR0E3QT
hBKEEnwRhBGD0YPRg9GD0YPRg9F70YPSi9KMEowTjBOMEowSjBKMUoxSjFKMU4xT
jFOMU5RTlFOMUoxTjFOMU4wTjBOMEoQShBKMEowSjFOMU5RUjFOMU5RTlFOUU5RT
lFOUU5RUlFSUlJSUlJSUlJSUlJSMlIxUjFOMU4xTjFOMU5RTlFOUU5RUlJSUVJRU
lFSUVJRTlFOMEoxSjFOMU4xTlFOMU4xTlFOUU5RUlJOclJyVpNak1qzWrRatFrVX
tRe1F7UXtRe1F7UXtRe1F60WtRe1V7VXtVe1V7VXtVi1V7VXtVe1V7VXtVe1V7VX
tVe1V7VXtVe1V7VXtVe1V7VXtVe1F7VXtVe1V7VXtVe1V7VXtVe1WLVYtVi1V7VY
tVi1V7UXtRe9V7UXtRe1F7UXtRe1F7UXtRe1F7VXtVe1V7VXtVe1F7UXtRi1F7UX
tRe1F7UXtRe1F60XrRetF60XrRetF60XrRetF60XrRetF60XrRetF60XrRetF60X
rRetF60XrNetF60WrRatFq0WpRalFaUWpRalFqUWpRak1qTWpNak1qTWpNak1qTW
pNac1pyWnJaclqSWpNak1qTWnNac1qTWpNWc1ZzVnNac1pzWnNac1pzWnNWc1pzW
nNac1pzWnJaclpyWnJaUlpSWlJaUlpyWlJaUlpSWlJaUlpSWjJaUVZSVlJWUlpSW
lJaUlpSWlJaMloyWjFaMVYxVjFWMVIxVjFWMVYxVjFWMVYxVjBWEVYRVhFWMVYxV
jFWMVYRVhFWEVIRUhFSEVIRUhFSEVIRUfFR8VXwUfBR8FHwUfBR8FHwUfBR8FHwU
fBR8E3wTfBN8E3wTfBN8E4PSi9KD0oPSg9KD0YPRg9GD0XvRe9KD0oPSg9KMEowS
jBKMEowSjBOME4wTjBOME4xTjFOUU5RTlFOUU4xTjBOME4wSjBKEEoQShBKEE4wT
jFOUU4xTjFSMVIxTlFOUVJRUlFSUVJRUlFScVJRUlJSUlZSUlJSMU4xTjFOMU4yT
lFOUk5RUlFSUVJRUlFSUVJRUlFSUVIxTjFOMUoxSjFKMUpRSlFOUU5RTlFOUU5ST
nJSclKTVrNas1q0WrRa1F7UXtRe1F7TXtRe1F7UXtRetF7UXtRe1V7VXvVe1V7VX
tVe1V7VXtVe1V7VXtVe1V7VXtVe1V7VXtVe1V7VXtVe1VrUXtVe1F7VXtVe1V7VX
tVe9V7VXtVe1V7VXtVe1V7VXtVe1V7UXtVe1FrUXtVe1V7VXtVe1F7UXtRe1F7UX
tRe1F7UXtRe1F7UXtRe1F7UXtRe1F7UXtRetF60XrRetF60XrRetF60XrRetFq0X
tRetF60XrRetF60XrNetF60XrRetF60WrRatFqUWpRalFqUWpRalFqUWpRek1qTW
pNalFqTWpNak1qTWpNak1aTWpNak1qTWnNac1qTWpNak1qTWpNak1qTWnJac1pzW
nNec1pzWnNac1pzWnNac1pzWnJaclpzWnNaclpyWlJWUlZSWlJaUlpSWlJaUlpSW
lJaUlpSWlFaUlZSVlJWUlZSVlJWUlYyVjJWMlYyVlJWMVYxVjFWMVYxVjFWMVYxV
jFWEVYRVhFWEVYRVhFWMVIxUjFSEVIRUhFSEVIRVhFSEVIQUhBSEFIQUhBSEFIQU
fBR8FHwUfBR8FHwUfBR8FHwUfBR8FHwUfBR8E3wTfBOD0oPSe9KD0oPSg9GD0YPR
e9F70XvRe9KEEowTjBKMEowSjFKMEowSjBKMEowTjFOMU4xTjFOUU5RTlFKME4wT
jBOEEoQShBKEEoQSjBOMU4xTjFOMU4xTjFOMU4xUjFSMVJRUlFSUVJRUnFWUVJRU
lFSUVJRUlFSUU4xTlFOUU5SUlFSUVJRUlFSUVJxUnFSUVJQUjFOUU4xSjFOMU4xS
jFOUU5RTlFOUU5RTnFOck5yUnNWk1qTWrNatFq0XrRetF60XrRe1F7UXtRe1F7UX
tRe1F7UXtRe1F7UXtRe1V7VXtVe1V7VXtVe1F7UXtRi1GLVYtRi1F7UXtRe1F7UX
tRe1F7UYtRetF60XrRatF7UXtRe1V7UXtRe1F60XtRetF60XrRetF60XrRetF60X
rRetF7UXtRe1F7UXtRe1F7UXtRe1F60XrRetF6zXrRetF60XrRetFq0XrRetV60X
rRetF60XrRetF60XrRetF60XrRetF60XpRetF60XrRetF60WrRalFqUWpRalFqUW
pRalFqUWpRak1qTWpNak1qUWpNak1qTWpNak1qTWpNak1qTWpNak1qTWpNak1qTW
pNac1qTXnNac1pzVnNac1pzWnNac1pzWnNac1pzWnNaU1ZyWnNaclpyWnJaclpyW
nJaclpSWlJaUlpSWlJaUlpSWjJaMloyWjJaMloxWjJaMlYyVjJWMlYyVjJWMlYyV
jJWMlYSVjFWMVYxVjFWMVYxVhFWEVYRVhFWEVYSVhFWEVYRUhFSEVIRUhFR8VIRV
hFWEVXxUfBR8FHwUfBR8FHwUfBR8FHwUfBR8FHwUfBR8FHwUfBR8FHwUfBN8E3wT
g9KD0oPSg9KD0oPRg9F7kXvRg9GD0YPRhBGMEowSjBKMEowSjBKMUoxSjFOMU4xT
jFOMU4xTlFOUVJRTjFOMUowThBOEE4QShBKMEowSjBKMU4xTjFOMU4xSjFSMVIxT
jFOMU5RTlFOUU5RTnFSUlJSUlJSMU4xTjFOMU4xTlFOUU5RTlFOcU5RTlFOUU5RU
lFSUVJRUlFOMU4xTjFKMUoxTlFOUU5RTlFOUU5xTlJSclKTVpNatFq0WtRa1FrUW
tRe1F60XrRetF7UXtRi1F7UXtRe1GLUXrRe1F7UXtRe1F7UXtRe1V7VXtVe1V7VX
tVe1V7VXtRe1F7UXtRe1F7UXtRe1F7UXrRetFqzWrNas160XrRetF7UXtRes1qzW
rNas1qzWrNas1qzWrNas1qyWrNas1qzWrRetF60XtRe1F7UXtRetF6zWrNak1qzW
pNak1qTWpNak1qzWrRatF7UXrVetF60XrRetF60XrNek1qTWpRalFqUWrRatF60X
rRetF60XrNak1aTWpNak1qTWpNak1qTWpNak1qTWpNak1qTWpNak1qTWpNak1qTW
pNWk1qTWpNak1qTWpNak1pyWnNac1pzWnNac1pzWnNac1pzWnNac1pzWnNac1pyV
nJWclZyVnJaclpyWnJaclpSWlJWUlZSWlJaUlpRWlJaMloyVlJWUlZSWlJaUlpSW
jJaMlYyVjJWMlYyVjJWMVYxVjFWMVYxVjFWMVYxVhFWEVoRVhFWEVYRUhFWMVYRV
hFWEVIRUhFSEVIRUhFSEVIRUfFR8VHxUfFR8VHxUfBR8FHwUfBR8FHwUfBR8FHwU
fBN8E3vTfBN8E3wTfBN8E4PRg9GD0oPRg9GD0XvSe9KD0nvRfBGD0oPShBKEEoQS
jBKMEoQSjBKME4wTjBOMEowTlFOUU5RTlFOMU4xThFOEE4QThBOEEoQShBKMEowT
jFOMU4xTjFOMU4xTjFOMU5RTjFOUU5RTlFOUVJRTnJSUlJSUjJSMU4xTjFOMU4xT
lFOUU5RTlFSUVJxUlFSUVJRTlFOUU4xTjFKMUpRSlFKMUoxSlFKUUpRTlFOUk5SU
nJSk1aTWrNatFq0WrRatF60XrRetF60XrRe1F7UXtRe1F7UYtRe1F7UXtRe1F7UX
tRe1F7UWtRe1F7VXtVe1V7UXtVe1F7UXtRe1F7UXrNas1qzWrNaslaSVnFScVKSV
pJWs1azWrRas1qzWpJWklJyTnJOcU5xTnFSUlJyUnJScVJxUnJSk1KzVrRatFq0W
rRas16zWpNWklJyUnJSclJyUnJSUlJyUnJSc1aTVrNWs1q0XrRetF60XrRelFqTV
nJWklaTWpNatFq0XrRatF60XrNak1qSVnJWclaSVpJWc1ZzVnNWc1ZTVnJWclpzW
nNak1qTWpNak1qTWpNak1qTWpNak1qTWpNWk1pzWnNac1pzWnNac1pSVnJWclZyV
nJWclZyVnJWclZyWnNaclpyWnJWclZyWnJaUlpSWlJaUlZSVlJWUlZSVlJWUlZSW
lJaUlpSWlJaUlpSWlJWUlZSVjJWMlYyWjFWMVYxVjFWMVIxVhFWMVYxVhFWEVYRV
hFWEFYRVhFWEVYRVhFSEVIRUhFR8VIRUhFOEVIRUhFR8VHxUfBR8FIQVfBR8FHwU
fBR8FHwUfBR8FHwUfBR8E3wTfBN0E3QTdBN8E3QTdBOD0YPSg9KD0oPSg9F70XvR
e9F70XvRg9KD0owSjBKMEowSjBOMEowSjBKMEowSjBKME5RTlFOMU4xTjFOMU4QT
jBOMEoPShBKEEoQShBKME4wTjBOMU4xTjFOMU4xTjFOUU5STlFOUU5RTlFOUVJxU
nJSUlJRUjFOMU4wTlFOUU5RTlFOUU5RUlFSUVJRUlFOUU5RTlFOUU5QSjBKUUowS
lFKUUpRSlFKUU5RTlFOcVJyUpJWk1aTWpRetF60XrRetV60XrRetF60XtRe1F60X
rRetF7UXtRe1F7UXtRe1F7UXrRe1F7UWtRe1F7UXtRe1GLUXtRe1F7UXtRes16TX
pJWclJyUpFSUE4PRe5GUEpxTnFOklJyVpJWclJRTlBKMEYwRi9CL0IvRi9GL0YwR
jBGMEJQRnJKk1a0WtRatF60WrNaklZxUi9KD0ovSjBKMEYwRjBGMEYwSlFOUVJyV
pNak1q0WrNas16TXnJaUVJRUnFSclaSWpNak1qTWpNac1pzVnJWUVJRTlFOUU5SU
lJSUVJRUjFOMVJRUlJSclaTWpNak1qTWpNak1qTWpNak1qTWpNaklqTWpNak1qTW
nNac1pyWlJWUlZRUlFWUlZyVnJWclZyVnJWclZyVnJWclZRVlJWUlZSVlJWUlZSV
lJWUlZSVlJSUVZRVlJWUlZSVlJaUlpSWlJaUloyVjJWMlYRUjFWMVYxVjFWMVYxV
jFWMVYRVjFWMFYxVjFWMVYRUhFSEVIRUhFSEVIRUhFSEVHxUhFSEVIRUhFSEVIRU
hBSEFYQUhBWEFIQUfBR8FHwUfBR8FHwUfBR8FHwUfBN8E3wTfBN8E3wUdBR0E3QT
hBKD0oPRg9GD0oPRe9F70XvRe9F70YPRg9KMEowSjBKMEowSjBKUEowSjBKUEoxS
jFKMU4xTjFOUU5RTjFOME4QShBKEEoQShBKEEoRTjBOUFIwTjFOMU4xTjFSMU4xT
jFSMVJRUlFSUVJRUlFSUVJSUlJSUVJRTlFKMUoxTjFOMU4xTjJOUVJRUlFSUVJRT
lFOUU5RTlFOMEowSjBKMEoxSlFKUU5RTlBOUU5RTnFOclKTVpNak1qzWrRatF7UX
tRe1F7UXtRe1F7VXtRe1F60XrRetF7UXrRe1F7UXtRe1F7UXtRe1F7UXtRe1F7UX
tRe1F7UXrRe1GK0XrNaclJRTlBKMEovRe5BizWKMcw2Lz5QRlFGUUZxTnFOT0oOQ
e097DnLNcw17DnsNes17DXrMcsyDTpQQnJStFbUXrRes1qTVnFSL0XtOcw1zDXtP
e05yzXLMew17ToPPlFGck5yUpNWk1qTWpNWclZRUi9GL0ZPRlBOcVKTVpNWk1aTV
nNWclYxTg9F7kHuQg9GMEoQShBGD0YPRg9GL0YwTlFSclZzWpNak1qTWpRak1qTW
pNak1qTVpNWk1aTVpNWk1qTWnJaUVYxUjFOEE4QShBOMVJRVnJWclZyVnJWclZRV
jFSMVJRUlFSMVIxUjFSMVIxUjFSEFIxUjFSMVIxUjJWMlZSVlJWMlYyVjJWMlYRU
hFSEVIxUjFSMVIxUjFSMVIxUjFSMFIxUjFSEVIRUhFSEVIRUhFR8VIRUhFSEU4RU
hFSEVIRUhFSEVIRUhFSEVIRUhBR8VHxUfBR8FHwUfBR8FHwUfBR8FHwTe9N8E3wT
fBN8E3wTfBR0FHQUdBR0E4PSg9KD0oPSg9GD0YPRe5F70XvRe9F70oPSg9KD0owS
jBKMEowSjBKMEowSjBKMEowTjFOMU4xTjFOMU4xThBOEEoQSjBKMEoQShBKEEoQS
jFOMU4xTjFOMU4xUjFOMU4xTjFOMVJRUlFOUU5RTlFOUVJRUlFSUVIxTjBOUE5RT
lFSUVJRUlFSUU4xTlFOUU5RTlFOUU5QTlBOMEowSjBKMU4xTjFOMU4xTlFOUU5yU
pJSk1azWrNas1q0XrRetFrUXtRe1F7UXrRetF7VXtRe1FrUXtRe1F7UXtRe1F7UX
tRe1F7UXtRetF7UXtRe1F7UXtRe1F7UXtRetF6TWnJSMEoOQe09zDmrNUclJyVpK
cs17ToOPi9CUEpxTi9J7UXMQao1aS2JMas1ijGLNas5ijFpKas2L0ZyTpNWtFq0W
rRaclYwScw9aS1HJUclaClpLUglSCloJWklqzIuQlFKclJyUnJScVJRTjFJ7kGsN
as17T4vSlBOUVJRUlFWclZRVjFN70GsNYsxii3NOc05zTmtOaw1rDWsNc0+D0YxT
nJWk1aTWnNac1pzWnNak1qTWpNak1qTWpNWc1ZzVnJWc1pSVjFSMEnvRa09zT3uQ
jBOMVJSVlJWUlZSVlJWMVIwShBKEEoQSe9J70nvShBKEE3vSc9Jz0nvShBOEFIxV
jFWMlYyVjJWMlYSVhFR8FHwTfBN8FIRUhBSEFIQUhBSEFIRUhFSEVIRUfFR8VHxU
fBR8FHwUfBR8FHwTfBN8E3xUfFR8VHxUhFSEVIRUhFSEFHwTfBN8U3xUfFR8VHwU
fBR8FHwUfBR8FHwUfBR8E3wTfBN8E3vUdBR0FHQUbBOD0oPSg9KD0oPSe9F70XuR
e9F70nvSe9KEEoQSjBKMEowSjBKMEowSjBKMEowSjBOMU4wTjFOMVIxTjFOME4wT
jBKME4wSjBKMEoQRhBKME4wTjFOMU4xTjFOMU4xTjFOMU5RTlFOUVJRUnFSUVJRU
jFOUU4xTjBOMU4wTjFOMU4xUlFSUU5RTjFOUU5RTlFOUVJRTlFOUU5QTjBOME4wT
jBOMU4xTjFOMU5RTlFScVJyUpNWk1qzWrNas17UXrRetF60XrRetF60XrRetF7UX
tRe1F7UXtRe1F7UXtRe1F7UXtRe1F7UXtRe1F7UXtRe1F7UXtRetF60XrRek1pyV
g9N7kXMPas1SCknJSclaS2KMas5zEIOSlBOcVJRTg9N7knNPWo1ijXMOaw9rD3NQ
aw5ajGrNi9GcVKTVrRatF60WnJSD0WLNUgtJyUnJUgtSC0nLSgtSC1ILYoyDkJQS
lFOcU5QSjBGD0YPQcw5KCkoJYsx7ToPQjBGMEZRSlFOMEoORaw5JyUHISclaS1pL
UgpRyknJSclSCmrNg5CUUpyVnNWk1pzWnNac1qTWpNaklqTWnNac1pzWnNac1pzV
nNWUlYwTe5BizVqLWotrDXuRjBOMVJSVlJWUlZRUjBOD0nuQe5BzT2sOaw1rDnNP
a09jDmLNYw1rTnvRjBOMVIxVjFWMlYyVhFSEFIQTc5FrUGuQc9J70nPSa5FrkXPR
dBJ8U3xThFN8EnvSc9Fr0nPSdBN0E3wTdBJz0nPSdBJ8E3wThBR8FIRUfFR8VHxU
fFR8VHwUfBR8FHwUfBR8FHwUdBR8E3wTfBN8E3wUfBR71HwUfBR8FHQUdBR0FHQT
g9KD0oPSg9GD0XvRe5F70XvRe9GD0oPSg9KEEoQSjBKMEowTjBOME5QSjBKMEowS
jBKMEoxTlFOMU4xTjFKMEoQThBOEEoPSjBKMEoQSjBKMU4xTjFOMU4xUjFOMU4xT
jFOMU4xTlFOUFJRUlFSUVJRUlFOUU4wTjBOME4wTjBOMU5RTjFOUU5STlFOUVJQT
lFOUU5RTlFOMU4wSjBKMEpQSjBKMUoxSjFOUU5RTnJSclaTVpNak1q0WrRatFq0W
rRetF60XrRetF60XrRe1F60XrRe1F7UXtRe1F7UXtRe1F7UXtRetF7UXtRe1F7UX
tRe1F7UXtRatFrUWrRaklZQTe5FzUGsPWo1KCkoKYo1zDnNPg9GUU6SUpNWcVIPS
e5FzT1rNYs17UHtQcw97UHtPYoxqzYvQpFOk1a0WrRak1pRUg5FizVIKSclJyVIK
UktSCkoKScpKClpLe0+MEpRTlFKMEoPRg5B7j2rMSchBh1IJasx7T4OPg9CMEowT
i9JzUGKNScpBiTlIQYlByUHJSgpKCkHKUgtqzXuRjFOclZyWnNac1pzWnNac1qTW
pNak1qTWnNac1pzWnNaclpyVlFSEE3NRWo5KCknKWoxzkIQShBKEE4wUjFSMVIPT
e5JzUGsPWo1KCkoJUkpSClIJQcg5xznHUkprT3wThFSMlYyVjJWMVIQUc5JjT1qM
UktajFrOYw9azlJMUkxazmtQc5J703vSc5FjD1rNUs1bDmNQa5FrkFsPUs9TD1tQ
Y5Fz0nvTfBN8VHxVfBR8FHwUfBR8FHwUfBR8FHwUfBR8FHwUfBR8FHwTfBN8E3wT
fBN8E3vTfBR8FHwUdBR0FIPRg9GD0oPSg9F70XvRe9F70XvRe9F70YPRhBKEEowS
jBGMEowSlBKMEowSjBKMEowSjFOMU4xTjFKMU4RThBKMEovSg9KD0oQShBKEEoxS
jFKMUpRTjFOMU4xTjFOUU5RTlFOUU5RTlFOUU5RUlFSUVJRUlFSME4wTjBOMU4xT
jFOMU4xTlFOUVJRTlFOUU5RTlFOUU5RTlFKMEowSjBKMEowSjBKMU4xSlFOck5yU
pNWk1qTWpRatFq0WrRatFq0WrRetF60XrRetF60XrRe1F7UXtRe1F7UXtRe1F7UX
tRe1F7UXtRe1F7UXtRe1FrUXtRe1F7UXtRe1F7UXpNWUE3uPaw1ijFpLUgpSCWJK
aopyzIvPnFKklaTWnJWME3NRcxBiTWKOe1GDkXtQcxByz2JLcs2L0ZyUrNatFq0W
pNWUU3tQYo1RyUnJSclSClJLUgtSC1HKSYlSC3tQjBOUVJRUjBOEEoPSc1BijEnI
QYhSCmKNcw+DkYPRjBOUU4wSc09SjEoJQcg5iEGJQYlBiUoLSgpKClJMaw+DkZRU
nJWk1pzWnNac1qTWpNak1qTVpNWc1ZzVnNWc1ZSVnJWUVIwTe5FrT1JMQcpBylJM
aw97knORc5B70YQSjBOD03uSaxBajkoLOYgxSDmIQYlBiTFIMUcxSEIKY058EoRU
jFWMVYxVjFWEE3OQWs1CCjmIOclCCUHJOYcxhznISgtajWMPc5FzkWMPSgo5iEHJ
UkxajVKNUkw5yTnJOclKi1LMY09zkXwThBSEFIQUhBSEFIQUhBR8FHwUfBR8FHwU
fBR8FHwUfBN8E3wTfBN8E3wTfBN8E3wTfBN8E3wTdBOD0oPSg9GD0YPRg9GD0YPR
e5F70XvRe9GEEYQSjBKMEowSjBKMEowSjBKMEYwRjBKMEowSjFOMU4xTjFOMU4wT
jBKMEoQShBKEEoQShBKMUoxSjFKMUoxTjFOMU4xTjFOUU5RTlFOUVJRUlFSUVJST
lFOUU5RTlFOMUowTjFOMU5RTlFOUU5RTlFOUU5RTlFOUVJRTjFOMUoxSjBKMEowS
jBKMUoxSjFKUUpRSnJOck5zVpNWk1aTWrRatFq0WrRatFq0WrRatFq0WrRatFq0W
rRatFrUWtVe1F7UXtRe1F7UXtRe1F7UXtRe1F7UXtRe1F7UXtRe1F7UXrRetF6TW
jFNzUFqNWkxaTFpLWktaS2JLYoyDkJxTpNWk1pyVjBNzkWrPWk1ijoORi9KDkXtQ
cs5iS3LNk9GklKTWrNetFqTWlFRzUFpNScpJyknKUgpSClIKUclJyUnIUgp7T4wS
lJSclZyVlJWMVHvSWs5KC0nKWk1rD4PSjBOME5RVlFSEE3NQWkxJyUGJQYhByUnJ
QclKCkoKUgtijWtPhBKUVJyVnNac1pzWnJaklqTVpNWk1aTVnNWc1ZzVlNWclZRU
jBN70mMPWoxBykGIQclSS1qNYs5izmMNc498EYQSfBJ70WNPWs1KSzGIKUgxSDGJ
OYkxRylHMYhCCmMOe9GME4xUjFWMVYxVhBNzkVKMQgo5iDGIKUcpRikGKQYxSDmJ
SktjD2uRa5FbD0HLMUk5ikILSgxCDDnKKUchBjFHMYhCClsOc5J703wUfBSEFIQU
fBN8FHwUfBR8FHwUfBR8FHwUfBN8E3wTfBN8E3wTfBN8E3wTfBN8E3wTfBN8E3QT
hBKD0oPSg9KD0nvRe9GD0XvRe9J70XvShBKEEoQSjBKMEowSjFGMEowRjBGMEowS
jBKMEpRTjFOMU4xThBOEE4QThBOEE4QThBKD0oQSjFKMUoxSjFOMU4xTjFOMU4xT
jFOMVIxUjFSUU5RUlFOUU5yTlJSUU4xTjFOME4wTjBOMU5RTlFOUU5RTlFOUUpRT
lFKUU4xTjFOMU4xSjBKMUoxSjFGMUpRSlFKUU5RTnJSclZzVpNWk1a0WrRatFq0W
rRatFq0WrRatFrUWtRa1Fq0XrRe1F7UXtNa1FrUWtRa1F7UXtRe1F7UXtRetFq0W
rRatF7UXtRe1F7UXrRaklYwScw9ijWqOas5qzXLNYsxii2KMg5CUU6SUpJWUlIwS
e9BzDmKMYoyDj4vRg9F7UGrNYotqzYvRpFWs1q0WrRak1pQTew9aS0nJSchJyVIJ
UglJyEnJSchJyFpKe0+UEpyUpNWk1pyWlFSD0msNWkpSCmrNe5CEEpRUlJWclpSW
jBRzT1qMSgpJyUnKSgtKC0nLSktKC1JLYs1zT4PRlBOclZyVnJWclJzVnNWc1ZzV
nNWc1ZzVnNWc1ZzVlJSMU4QSc5BizVJLSck5iDmIOclCCkpKSkpSy3OPhBKEEoQS
e5FrD1qNQgoxRzFGMUcxRzFHKUcpBSlGOYdazHvRjBOMVYxVjFWEVIQTc9JSzkJM
OcoxiSkHIMchBylHKYk5ykJNYxBr0muSUw86CylIMYk6CzoLOcoxiSkHIMYpBykI
MYlSjWuRfBN8FIQThBSEFIQUfBR8FHwUfBR8E3wTfBN8E3wTfBN8E3wTfBN8E3wT
dBN0E3wTfBN0E3QTdBJ0E4PSg9KD0oPRg9KD0nvRg9F70XvRe9F70YPSg9KL0owS
jBGMEYwSjBKMEowSjBKMEowTjBKMUoxSjFOMU4RThBOME4wThBKEEoQShBKEEowT
jBOME4wTjFOMU4xTjFOMU4xTjFOMU4xTjFOMU4xUlFSUVJRUlFSMU4xTjBKMU4xT
jFOMU4xTjFOMU5RTjFOUU4xTjFOMU4xTjBKMEowSjBKMEowSlBKUEpRSlFOUVJyU
nNWk1aTVrRatFq0WtRatFq0WrRatFq0XtRe1F7UXtRe1F7UXtRe1F7UXtRe1F7UW
tRa1FrUXtRe1F7UXtRa1FrUWtRa01rUWtRatFq0WpJWL0nLNYoxqjGsNaw5rDWLN
Wkpii4PQnFKclJyUlBOL0XtPas1iS2qMew6Dj4OQe09ijGKLcw6UEqSUrNatFqTW
pJWMEmsOUktJyUnIQchKCkoJOcdJyUnISchaSnuPlBKclaTVpNWclIwTe5BqzVpL
UglizHuPjBGUU5yUnJWclIwTc09ajEoKQgpKC1JLUktSS1qNWo1SjVrOc097kIQS
lFSUVZyVnJWclZyVnJWc1ZzVnNWc1ZzVlJaclpRVjBOD0mtPWo1KC0IKOck5iTFH
MYc5h0oKYw970oQThBN8EnPRYw5SjDnJKUcxBjEGMQYpBikGKUYpRzGIWsx70YQU
jFSMVIxUjFSEE2uRUo5CCznKMYgpByEGIQcpRzGIOgpCjltRa5JrkVMPOgshRiFH
Ock5yTGJKUghBhjGIQYhBjFHUoxrkXwTfBR8FHwUfBR8FHwUfBR8FHwUfBR8FHwU
fBR0FHQUfBR8E3wTfBN8E3QTdBN0E3QSdBN0E3QTdBOD0oPSg9GD0XvRe9F7kXvR
e9J70XvRe9GD0YPRhBKEEYQShBKEEowSjBKMEowSjBKMEoxSjFKMU4xTjBOME4QT
jBOEE4PSg9KEEoQShBKEEowTjBOEE4wTjBOMU4xTjFOMU4xTjFOMU4xTlFOUU5RT
lFOUU5RTlFOMU4wSjBKME4wTjBOMU4xTlFOUUpRTlFOUU4xTjFOMUowSjBKMEowS
jBKMEoxSjFKUUpRTnFSclZyVpNak1qTWrNas1q0WrRatFq0WrRatFq0WtRa1FrUX
tRetF7UXtRe1FrUWtRa1FrUWtRa1F7UXtRe1F7UXtRa1FrUWtRa1FrUXrRatFpyU
g9FijWKNcw97UHtQc1Bqz1JMWkuDkJxTpJOcU5QSi9F7T2rNYkxqjXsPg1CDkHtQ
Yo1aTHMOk9KklKzWrNas1pyVg9NrDlJLSgpByUHJSgpKCkHJSglBiEnJWktzD4wS
nFSclZRVjBJ7kGsOas1ijFpLYoxzDntPg9GUUpSUlJSEEnNPWoxKCkoKUktaTFJL
UkxajWKNYo1ijWrNe0+L0YxTlFOUU5xUnFSclZyVnNWc1ZzVnNaclZyVnJWUVYxU
hBNrUVrOSkxKC0HKOckpRjFHOYhSTHORhBOEVIxUhBN70mNPUo1ByjFIMQcpBykH
IQcpBykHKQYxiFKNc5GEE4xUjFWMVYRUe9NjEEpNQgs5yjGJKQchBiEGKUcxSDnK
SkxSzmNRY1JbEEINIUcZBzGJMYkpSCkIIMYYxSDGIMUhBkpLY1B8E3wUfBN8FHwT
fBN8E3wUfBR8FHwUdBR8FHwUfBN8FHwUfBN8E3wTdBN0EnwTfBN8E3wTdBN0E3QT
g9GD0YPRg9F70HvRe9J70nvSe9J70nvSg9KD0oPSjBKEEowSjBKEEovSjBKMEowS
jBOME4wTjBOME4wThBOME4QShBKEEoQShBKEEoQShBKMUowTjBKME4wTjBOMU4xT
jFOMU4xTjFOMU4xTjFOUU5RTlFOUU4wSjBKMEoxSjFKMUoxTjFOMU4xTjFOMUoxS
lFOUU5RSlFKMEowSjBKME4wTjBKUEpQSlBOUU5RUnJWc1aTWpRak1qzWrNas1q0W
rRatFq0WrRas1rUWtRa1F60XrRetF60WtRatFq0WrRatFqzWrRe1F7UXtRe1F7UW
tRa1FrUWtRa1FrUWrRaclIPRYs1qzXtPg5CDkYOQe09ijWrNi9GcVKSVnFSUFIvT
g5F7UGKOaw97kYOSg9J7kWsPas17T5QSpFWs1azWrNaklYwTas5aTFJLSgpKClJL
UgpJyknKSclJyVJLe0+MEZRTnFOMEoOQe05qzWrOas9qz2KNYoxzToPQjBGMUoxS
g9FrDlqMUkpSClpLWoxSS0oLUkxijVqMWoxizXNPg9CMEowSjBKMEpQTlJSUlZyV
nNWc1ZzVnJWclZyVnJWUVIwUc5Faz1KOSk1KDDnLKUcxiEnKWs1zkYQTjBSMVYwU
g9NrEFJMQcoxSCkHKQgpRylIKUgpRykHMYhSjXORhBOMVYxVjFWEFHuRYw5KjDoK
OcoxiSkGIMYhBilHMYgxyUHKSktbD2uRW1BCTCFIGQcxiDGJKUgpSBjGGMUgxiDG
IMZCCmNQc9J8E3xUfBR8FHwUfBR8FHwUfBR8FHQUfBN8E3vUfBR8FHwUfBR8FHwT
fBN8E3wTfBN8E3QTdBN0E4PRg9GD0YPRg9F70XvRe9F70XvRe9F70oPSg9KD0oQS
hBKEEoQSjBKMEowRjBKMUowSjBKMEowSjBOMEowSjBKL0owSg9KD0oQShBKEEoQS
jBKMEowSjBOME4wTjBOMU4xTjFOME4wTjFOMU4xTlFOUU5RTjBOME4wTjBKME4wT
jFOMU4xTjFOMU4xTlFOUU5xTlBOMU4wTjBOME4wTjBKMEowSlBKUEpQTlFOclJyV
pJWk1qTWrNas1qzWrNas1qzWtRatFqzWrNa01rTWtRa1FrUWrRatFrUWtRa1FrUW
tNa1FrUWtRa1FrUWtRa1FrUWtRa1FrUWtRatFa0WnJWD0nMOcw6DT4OQi5GDkINP
cw1zTowRnJSk1aTVnJSUU4wSe9BzT3uQi9KUU5RTi9GDj3MNg8+UUpzVpNas1qzW
pJWME3tQaw9izlqMYoxizVqMWktSS1qLWkpii3tOjBGMEYwRg9B7TntOe09zT3NQ
e1BqzmLNaw1zToPQi9KL0oPRcw5ijFqMWotajGLNWotKClIKWotizGLMYs57UIPR
g9GD0YPQg9CMEpRTnJSclJyVnJWclZyVnJWclZyVlFSEEnNPYs5ijVrNWs5KTDmJ
OcpKS1rNa0970oQThBSD03OSWs5KCznJMUgpBylHMUg5iTFIMQcxRzmIUox70YQT
jFSMVYxVhFRz0mNPSo1CSznLKUkhBiDFIQUpBzFJMYk5y0IMUw9jkVMPOcohBhjF
KUcpiClHKQcgxhjFIQYhBSEGQgtbD3PSfBSEFHwUfBR8FHQUfBR8FHwUfBR8FHwT
fBN71HwUfBR8FHwUdBR0E3QTfBN8E3wTc9N0E3QTdBN70XvRe9F70XvRe9F70XvR
e9F70XvRe9F70YPSg9KD0oQSjBKMEowSjBKMEowSjFKMEowSjBOME5QTjBOME4wT
i9OEEoQThBN70oQShBKEEowTjBOME4wTjBOME4wSjBOME4xTjFSMU4xTjFOMU5RU
lFSMU4wTjBOMEowSjBKMEowSjFOMU4xTjFOMU5RTlFOUU5QTlBKUEowSjBKME4wS
jBKMEowTjBOUE5RTnFSclaTVpNWk1qzWrNas1qzWrNas1qzWrNas1qzWrRatFq0W
rRatFrUWtRa1FrUWtRa1FrUWrRatFq0WrRatFq0WtRa1FrUWtRa1FbUWtRas1qSW
lBOL0ovSi9KL04vSi9KL0oPRi9KcUqSUrNWs1qzWpJWUE4PRg9GMEpxUpJWcVJPS
i5CDkIwRnJSk1aTWrNak1qSVlBOD0oPRe5F7kXNQe1BzD3MPaw5rDmsOcw57j4wR
jBGL0YPQg9CD0IPSg9KDkXuRe5F7kHNPc0+DkIvRi9GLkHtPa09rT2tQaxBjD1rN
WsxajGLNYs5rD3NQg5GD0oPSe5BzUHuQhBGMUpSUnJSclZyVnJWclZyVnJWcVZRT
e9FrD2LOYs5jD1rOSkxCC0pMWo1izmsPa1B7koPSe5FjDlKMQgo5yTFHMUc5iDnI
OckxiDGIMYg5iVKNc5F8E4RUhFSEVIQUc9JjUFLOSkw5yjGIKQYgxSkGKUcxSDmJ
OcpKTFsPY1FSzjnJIMUYxSlHKUghRyEGGQUYxSEGIQYpR0pMW09z0nwTfFN8FHwU
fBR8FHwUfBR8FHwTfBN8E3wTfBN8E3QTdBN0FHQTdBN0E3QSdBN0E3QTdBN0E2wT
g9F70XvRg9GD0XvRe9F70XvRe9F7kXvRg9GEEoQShBKEEoQShBKEEoQShBKEEowS
jBOME4wTjBOME4wTjBOME4QThBOEEoQShBKEEoQSjBOMUoxSjFKMEowSjBKMEowS
jBOME4xTjFOMU4xTjFOUU5RTlFSUU4xTjBOME4wTlBOME4wTjFOMUoxTjFOMU5RT
jFOMU4wTjBOME4wSjBKUEowSjBKMEowSjFOUk5STnNSk1aTVpNak1qzWrNas1qzW
rNas1qzWrNa01q0VrRatFq0WrRatFrUWrRatFq0WrRatFq0WrRatFq0XrRetF60W
rRatFq0WrRatFq0WrNak1pyVnFWclZyVnJWclZyVnFScVJxUpJWs1qzWrNes1qSV
nJSUU5RTnFSklazWpJacVIwTlBOcVKSVrNas1qzWrNaklpxUlBOUE5QTjBOMEowT
jBKL0oPSg5GDkYORi9KME4xTjBKMEowSlFOUVZRVjBSD0owTjBKMEYPRg9GMEYwS
jBKMEYPShBOMFIQTg9JzkWtQc1BzUHORg9KME4xUjFSMVHvSe9F7kYQSjFOUlJSU
nJWclZyVnJWclZyVlJSMEnvRa09rj3OQa1BizVKMWoxizmsPYw9jDmsPc5BzkGtP
Wo1SS0oKQgo5iDmIQYpKC0HKQclByUHJQglazXORhBOEVIxUjFWEFXvTa1Faz1JN
OYoxRykGMUcxRylHMYc5ikIMUo5bEWMSSo85yilIKUgxSDFIMUghBiEGIQUhBiFG
KUhCTGMPc9J8E3wUfBR8FHwUfBN8E3wTc9R8FHwUfBR8FHwUfBR8FHvTe9N703wT
dBNz03PTc9Nz03PTa9Nz04OSg9KD0oPSg9KD0XvQe9B70HvQe9B70XvRg9KEEoQS
hBKEEoQShBKEEoQSjBKMEowSjBKMEowTjBOMEowSjBKEEoQShBKD0oPSg9KD0oQS
jBKME4wTjBOEE4wTjFOMUoxSjFOMU4xTjFOMU4xTjJOMU4xTjBOMUowSjBKUEpQS
jBOME4xTjFOMU4xTjFOMU5RTjFOME4wTjBOMEowSjFKMUowSjBKMUoxSlFOcU6SU
pJWk1aTVpNas1qzWrNas1qTWrNas1qzWrNas1azWrRatFq0WrRatFq0WrRatFq0W
rRatFa0WrRatFq0WrRatFq0WrRetFq0WrRatFq0WrNas1qzWpNak1qzWrNas1qzW
pJak1aTWpNas1rTWrNak1qSVpJWklaTVpNWs1qzVpNWklaSVpJWs1qzWrNas1qzW
rNaklZyVnJWclZxVlFWcVZxVlFWMVJRUjFSUVJRUnFWclZyUlFSclKSVpJWklZxU
lFSUVJSUlJSUVJRUlFSUlJRUlFSUVJRVlJWUlYxVjBOD04PThBOME5RUlFWUlZSW
lJWMVIQThBOME4xUlFSUlZSVlJWclZyVnJWUVZRVjBOD0nvSe9J70nPSYw9azmsP
e5F7knORc1BzUHuRe5FzUGMPWs5azlKNUk1STVKNWo1STUpNUkxSjVKNWw9zkYQT
jFSMVIxUjFR8E3OSWw9KTDnJOYg6CkJLQktCDEIMQcxCTVLPW1FjkVtQSo4xyzGJ
MYkxSDFIKQchByEHKUgpSClIOgtbD2vSc9N8FIQUfBR8FHwUfBR8E3wTfBR8FHwU
fBR8FHQTdBN0E3QTdBN0E3PTdBN0E3QTc9Nz03PTc9N70XvRe9F7kXvRe9F70XvR
e9F70XvRe9J70YPSg9KL0ovSjBKMEYwSjBGMEYwSjBKMEowTjBKMEoxSjBKMEowS
hBKEEoQRhBGD0YPSg9KMEoxSjBKMEowSjBKMEowSjBKMUpRTjFKMUoxTjFOMU4xT
jFOMU4xTjFOMEowSjBKMEowSjFKMUoxSlFKUUpRSlFKUU5RSjBKMEowShBKMEowS
jBKMEowSlBKUUpxTnJSk1KTVpNWk1aTWrNas1qzWrNas1qzWrNak1qzWrNWs1qzW
rRatFq0WrRatF60WrRatFq0WrNatFq0WrNa01rTWtNa01rTWtNas1qzWrNas1qzW
rNas1qzWrNas1qzWrNas1qzWpNas1qzWrNas1qzWrNak1qTWpNas1qzWrNas1azV
rNas1qzWrNas1qzWrNas1qyWpNak1aTVpNWk1aTVpNWk1aSVpJWklZyUnJWklaTV
pNWk1aTVpNWs1KTVpNWk1aSVpJWklaSVpJWclZyVnJWclZyVnJWclZyVnJWUVZRV
jFSMVJRUlFSUlJyVnJWclZyVlJWUVJRUnFSUVJyVnJWclZyVnJWclZyVnJSUlYxU
jBSMFIwUjBN70nORc5F70YQTjFSME3wTe9J8EnvSe9JzkXORc1JzUWtRa1FrUWtQ
axBjEWtQa09rUGtQe9KEE4QUjFWMVYwUg9NzkGLNUotSS1KNWw9jkVtQUw9SjUpM
SkxSjWNPY5JjkltQSgxByzmKMYkxiSFIKUkpiSmJMYgxSEILWw9r0nQTfBN8E3wT
fBN8E3wTfBN703wTdBR0E2vTc9Nz03PTa9Nr02vTa9Nr02vTc9Nz03PTc9Nr03PT
e9GD0YPRe9F70nvSe9F70nvRe9F70XvRe9F8EYPSi9KL0YvRjBKMEYwSjBKMEowS
jBOUE4wTjBOME4wTjBOMEoQShBGEEoPRg9KD0oPSjBKME4wSjBKME4wTjBOME4wT
jBOME4wTjBOME4wTjFOMVIxTjFOMUoxTjBKMEowSjBKMEowSjFOMUoxSjFKMUpRT
jFKMUoxSjBKMEoQSjBKMEowSjBKMEowSlFKUU5yUnNWk1aTWpNak1qTWrNas1qzW
rNas1qzWrNas1q0WrRa1Fq0VrRatFq0WrRes1qzWrNas1qzWrNas1qzWtNa01qzW
rNas1qzWrRas1azWrNas1qzWpNas1qzWrNas1qzWrNas1qzVrNWs1azVrNWk1azV
pNas1qzWrNas1qzWrNas1azVrNas1azVrNWs1azVrNWs1azVrNWk1aTVpNWk1aTV
pNWk1aTVpNWk1aTVpNSk1aTVpNWk1aTVpNWk1aTVpNWk1aTVpNWk1aTVpNWklaSV
pJWklaSVpJSk1JyVnJWclZyVnJWclZyVnJWclZyVnJWclZyVnJWclJyUnJSclZyV
nJWclZyVnJWclZyVlJWUlZRVlFWUVZRVjBSME4QTjBSMVIxUjFSMVIxUjFSMVIxT
hBSEFIQUhBR8E3vTe9N703vSe9N8E3vSc9J70oPThBSEVIxUjFSMVYQTc5FjEFrP
Yw9zkXvUfBN8E3PSY1FjD1qNWs5jUGvSdBRrk1KPSk1KTUJNSk06DDoLOgsxyjHL
OctCTWNQc9J8EnwTfBN8E3wTfBN8E3wTfBN8E3PTa9JjkWORY5JjkmOSY5JrkmuS
a5Jr03PTc9Nz03PTc9Nz04PRg9GD0YPRe9F70XvRe9F70XvRc9B7kXvRg9GD0oPS
g9KD0ovSi9KMEowSjBKMEowSjBOME4wTjBOME4QThBOEEoQShBKD0oPSg9KD0ovS
jBOME4wTjBOME4wTjBOME4wTjBOME4wTjBOMU4xTlFOUU5RTjFOMU4wSjBKMEowS
jBKMEowSjBKMU4wSjBKMU4xTjFOMU4wSjBKMEowSi9KMEowSjBKME5RTlFOcVKSV
pJWk1qTWpNas1qzWrNas1qTWrNas1qzWrNas1qzWrNas1qzWrNas1q0WrNas1qzW
rNas1qzWrNa01rTWtNa01rTWrNWs1azWrNak1qzWpNWk1aTVpJWklaSVpJWklaSV
pNSk1aTVpNWtFqzVrNWs1aTVpNWk1aTVpNWk1azVrNWs1azVrNWs1azVrNWs1azV
pNWk1qSVpJWclaSVpJWklKSUpJWklaSVpJWklaSVpNWk1aTVpNWklaSUpJWklaSV
pJWklaSVpJWklaSVpJWklaSVpJWklKSVpJWklZyVnJWclZyVnJWclZyVnJWclJyV
nJWclZyVnJWclZyVnJWclZyVnJWclJyUnJSclJxUnFSUVJRUlFSUVIxUjBSMVIxU
lFWUVZRVlFWUVJRUlFSMFIxUjFWMVIxUjFSEVIRUhFSEFIQUjFSMVIQThBSEFIQU
jFSMVYRVhFV8VHwUc9Nz03QTfBSEVIQUhBSEFHvUa5JjkmORa9J0E3QTc9NjUVtQ
WxFjUWNRWxBSz0qOSo5SzlLPW1FrknPSdBN8E3wTfBOEE3vTfBR8FHwUfBRr0mNQ
Us5SzVLOUs5Sz0rOSs5az1tQY1Fz03QTc9Jz03PTc9N70XvRe9F70XvRe9F70XvR
e5F70XvRe5F70YPRg9GL0oPSg9KD0oQShBKMEowSjBKMEoxSjBKME4wTjBOME4wT
i9OD0oPSg9KD0oPRg9KEEowSjBKME4wTlBKMEowSjBKME4QTjBOME4wTjBOUFIwT
jFOMU4xTjFOEE4QSjBKMEowSjBOME4wTjBOME4xSjFKMU4xTjFKMUowSjBKMEowS
jBKMEowSjBKUU5RTnJSc1ZzVpNWk1azVrNWs1azVrNWs1azVrNas1qzWrNas1azV
rNWs1azVrNas1qzWrNas1qzVrNWs1qzWrNas1qzWrNas1azWrNas1qTWrNWklaSU
nFOcU5xTnFOcU5xTnFOcU5xTnFSklKSVpJWklaSVnJSclJyUnJOclJyUnJSclJyU
pJSklKSVrJWs1azVrNWs1aSUpJScVJxUnFScVJxUnJSclJyUnFScVJyUpJSk1KSV
pJWklJyUnJSclJzUnJWclZyUnJWclZyVnJWclZyVpJWclZyUnJSclJyVnJWclZyV
nJWcVZyVnJWclZyVlJWclJyUnJSclZyUnFWcVZRVlJSUlJSUlJSUlJSUlJWUlZRV
jFWUVZRVlFSUVJRUlFSUVJRUlFSUVZRUlFSUVJRUlFSUVJRUlFSMVIxTjFSMFIxV
jFWMVIxUjFSMVIxUjFSMVIxUjFSMVIxUhFSEU4RUhBSEFIQVhBSEFIQUhBSEFHwU
fBN8E3wTfBN8FHwTe9Nz0nQTc9Nz02vTa9JrkmOSa5Jrk3PTdBN0E3wTfBN8E3wT
fBN8E3wTfBN8E3wTa5JazkILOgpCCjoJQkpCCjpKQktKzVtQa9Nz1HPTc9Nz03PT
g9GD0XvRg9F70HvQe9F70XvRe9F70YORg9GD0YPSg9KD0oPSi9KL0owSjBKMEYwR
jBKMEowTjBOME4wTjBOME4wShBKD0oPSg9KD0oQShBKEE4QSjBKMEowTjBOME4wT
jBOME4wTjBOME4wTjBOMU4xTjFOMU4wTjBOMEowSjFKMEowSjBOMEowTjFOMUoxT
jFOUE4wTlBOL0ovSjBKMEowSjBKMEowTlFOUU5yUnNSk1aTVpNWs1KzVrNWs1qzW
rNatFqzWrNas1azVrNas1qzWrNas1qzWrNas1qzWrNas1qzWrNas1qzWrNas1qzW
rNas1qzWrNak1qSVnJOUEYvQi9CL0IvQi9CDz4wQjBCL0IwQnFKcU5xTlBOUEowS
lBKUEpQSlBKUEZQSlFKUEpxTnJOklKTVpNWk1aTVpJScVJQSjBGMEYwRjFGUEpRS
lFKUUpQSlFKUU5xUnJSklZyUnFOUU5RSlFKUU5xTnFScU5xTlFOUU5RTlJSclJyU
nJWklKSUpJSclJyVnJWclZyVnJWclZyUnJSclJxUnFSUVJxVlFSUVJQUlFSUVJSU
lFSUlZRUlFSUVJRUjFSUVJRUlFSUVJRUlFSUVJRUlFSUVJRUlFSUVJRUlFSUVJRU
lFSUVJRUjFSMVIwUjFSMVIxUjFSMVIxVlFWMVYxUjFSMVIxUjFSMVIxUjFSEVIRU
hFSEVIRUhFSEFIQUhBSEFIQUhBSEFHwUfBR8FHwTfBN8E4QTe9R8FHQTdBNz03PT
dBN8E3wTfBN8E3wTfBN8E3wTfBN8E3wTfBN8EmORUo05yjGIMYgxiDnKOckxyToL
So5TEGvTa9R0E3PTc9Nz03vRe9F70XvRe9F70XvRe5J7kXuRe5F7kYORg9GD0YQS
hBKEEoQShBGEEYQRjBGMEowSjBKME4wTjBOME4wTjBKMEoQRg9KD0oPSg9KD0oQS
hBKEEoxSjBKMEowSjBKMEowSjBKMEowSjBKUUoxSjFKMU4xTlBOME4wTjBKMEowS
jBKMEowSjBKMEowTjBKMUoxSjFKMEowSjBGEEowSjBKMEoxSjBKMEpRTlFOclJyV
pJWklaTVrNWs1azVrNas1qzWpNas1qzWrNas1qzVrNWs1azVrNWs1qzWrNak1qzW
rNas1qzWrNas1qzWrNas1qzWrNas1qzWpNaklZQTg09yzXLMasxqi2JKYopqi3LM
cw2DTpPQnBKT0YuQg0+DT4NPg057TXtOe06Dj4OPg4+L0JQRpJOklKzVpNWklZxU
jBKD0HtOe017TYOOi9CL0IOQg497T4OPi9GUEpRTlFOUU4wSe5CD0IPQi9GMEYwS
jBKL0YvQi9GUEZQSnFOclJyUnJSclJyUnJSclJyUnJSclJyUnJSclJyUnJSUlJRU
lFSUVJQTjBOMEoQShBKMUoxTjFOMU5RUlFSUVJRUjFOMU4wTjBOME4wTjBOME4wT
jFOMU4xTjFOMU4xUjFSMVJRUlFSUVYxUjFSMVIxUjFOMVIxUhFSEVIRThFSMVIxU
jFSMVIxUjFSMVIxUjFSEVIRUhFSEVIRUhFSEFIQUhBSEFIQUhBSEFIQTfBOEE4QT
hBOEE3wTfBN8E3wTfBN8E3wTfBN8E3xTfBN8E3wTe9N8E3wTfBN8E3wTc9NrUVKO
OcsxiTGJMYk5yTmJMYgxyUpNUxBjkmvUa9Nz02vSc9OD0XvRe9F70XvRe9FzkXuR
e5F7kXuRe5GDkYPRg9KD0oQShBKEEoQShBGEEYQRhBKMEowSjBKMEovSjBOEEoQS
hBKD0oPSe9KD0oPSg9KD0oQShBKEEoQThBOME4wTjBOMU4wTjBOMEowSjBKUEpQT
jFOMU4xSjBKMEoQSjBKMEoxSjFKME4wTjBOME4wTjBOME4wTjBOME4vSjBKMEoQS
hBKMEowSlBKUE5RUnFSclZyVpJak1qTWpNak1aTWrNas1qzWrNas1qzWrNas1qzW
rNWs1azVpNWs1azVrNas1qTWrNas1qzWrJas1qzWrNas1azWrNWs1qSWnJWL0mrO
YoxaC1IKUclRiVHJUclaCWqMew6LkZvSi5B7DWqLaoxqjGqLYgliSmqLcstqimqK
ewyMEJRTpJSklaSVpJSUU4ORaw1aCVIJWgpii3MOe05qzGJKYkpqi3tNjBCUEYwR
jBF7j2rMaotyzHtOe057DXtNcw1zDHMNe06L0JQSlFOcVJyUnJSclJyUnJSck5yU
nJSclKSUnJSclJRUlFOMEoQSjBGD0XuQe097T3uQe9CEEYQRjBKMEowSjBKMEoQS
e9FzkHuQe9F70XvRg9GD0XvQe9F70XvRhBOME4wUjFSMVIxUjFSMVIwThBOEE4QS
hBKEEoQSfBJ8E4QUhBOEE4QThBOEFIRUhFSEVIRUhFSEVIRUhBSEFIQUhBSEFIQU
hBSEFHwUfBR8FHwUfBN8E3wTfBN8E3wTfBN8E3wTfBN8E3wTfBN8E3wTfBR8E3wT
dBN0E3QTdBN0E3QTY5JKzjoMMYoxiimHMYkpRimHMYlCTFsQa5Jz03PTc9Nz0nPT
e9F70XvRe9F70XvRe5F7kXuRe5F7kXuRg5GD0YPRhBGD0YPRg9GD0YPRhBGEEYQR
hBGMEowSjBKME4wThBKEE4QSg9J70nvSg9KD0ovSi9KL0owSjBKME4wTjBOME4wT
jBOME4xTjBKMEowSjBKME4xTjFOMU4wThBKEEoQSjFKMEowTjBOME4wTjBOME4wT
jBOUE4wTjBKEEoQRhBGEEYQRjBKMEpQSlBOUVJxUnJWclaSVpJWk1aTVpNWs1azV
rNWs1qzWrRas1qzWrNWs1qzVrNWs1qzVrNWs1azVrNWs1azVpNWs1azVrNWs1azV
rNWs1azWrNak1ZyUg9FizlqMWktaS1ILQclBiUnKUgpijXtQi9KT0oOQasxijGrN
as1aS1ILWkxqjWqNYkxaCmqMi5CcU6SVpJWklZyVjFN7kFqMSYhBR0nJWkxijFpM
UkpJh0FGUYdiSYNOi4+Dj3NOasxRyEmHUchaCmJKWglaSVHIUchRyGrMg4+MEpRT
nFSclJyUnJSclJyUnJOclJxUlJWUlJRUlFSMU4xThBJ70XOPc05rDGKKYstizGsP
c09zkHuPg5CD0IPRe5BzT2sOas1izGLMYsxrDnNPaw5rDmsOaw5zT3uRhBKMU4xU
jFSMVIxUjBSEE3vRe5BzkHOQe9F70nvSc5Jz0nvSe9J70oPThBOEE4xUjFSEVIRU
hFR8E3wTe9N8E4QThBOEE4QThBOEFIQUhBSEFIQUfBR8FHwTfBN8E3wTe9N8E4QT
fBN8E3wTfBN8E3wTfBR8FHwUfBN8E3wTfBN0E2uSSs46DClJMYkpSDGJIUcxiTHK
Us5jUWvTc9Nz03PTc5Nz03vRe9F70nvRe5F70XOQe5B7kXuRe5F7kYORg9KD0oPS
g9KD0oQRhBGEEYQShBKMEowSjBKMEowSjBKMEovShBGEEoQTe9J70nvSe9KD0oPS
hBOMEowShBKEEowSjBKMEowSi9KUEowSjBOME4wTjBOME4wTjBOMEowSjBKMEoxS
jBKMEowTjBOME4wTjBOME4wTjBOME4wSjBKMEowSjBKMEZQSjBKUEpRTnFOcVKSV
pJWklaSVpNWk1aTVpNWk1azVrNWs1ayWrNas1qzWrNas1qzWrNas1qzWrNas1qzW
rNas1azVrNWs1azVrNas1rTWrNas1qzWpJacVIORYoxaS1IKUcpJyUnJSclJyUnI
Wkt7T4wSjBJ7kGLNYs5zUHNQaw9STFqNaw9zUGLOWgtqjYuQlFOklKSVpJSklJQT
e09aS0GHOUZJyFpNWk1SDEnKQYg5R0GIUgpzDoOQe09qzVpLSYhBh0GHSchJyEHI
SclJyUGIScliS4NPlBKcU5xUnJScVJyUnFScVJxUlFScVJxUnFScVJRUjBOD0oPR
c09zDmKLSghBh0FGUghiimrLawxzDXMOe097T2rNWoxByDmHOYY5h0oJSkpKSlJK
SghKCEoIYstrj4QRjBOMU4xUjFSMU4QSc5BazFrMWsxSi1rOYs5izmMOYw9rUGNP
Y1Bz0XwSfBOEFIRUhFSEVHwUc9JrkWtQe5J8E3wThFSEFIQUhBSEFIQUhBSEFHwU
fBN8E3wTfBN8E3wTfBN8E3vTfBN0E3QTdBN0E3QUdBR0E3QTdBN0E3QTc9NjkkqO
OcohRylIIQcpiSlJMgs6TUrPY1Jrk3PTc9Nz03PTc9OD0YPRe9F70XvRe9F7kXuR
e5F7kXuRe5F7kXuRe9GD0oPShBKEEoQShBKEEoPSjBOMEowSjBKEUowShBKEEoPS
g9KD0oPSg9KD0oPSg9KD0ovShBKEEoQShBKEEowSjBKMEovTjBOME4wTjBOME4wT
jBOME4QThBKMEYwRjBGMEowSjBKME4wTjBOUUowSjBKMEowSjBKMEowShBGMEYwR
jBGMEowSlBOUU5xUnJSclKSVnJWklaTVpNWk1aTVpNWs1azVrNWs1azWrNas1qzW
rNas1qzVrNWs1azVrNWs1azVrNWs1azVrNWs1qzVrNWs1azVrNWs1aTVlFR7kWLO
WkxSCkHJSclJyUoJSclBiEnJcw6L0YvRe5BijGqMew57T2rOUgpai2tOc49jDVpL
as2DkJwTnJSklaSVnFSUE3MPUks5hzlGSchaS1JLSktByTmIOUdBh1oKcw17TnMN
WkxRykGIQUg5SEGJQYhBiEnJSclJyVJKaw2D0IwTnFScVJxUnFScVJxUnFScU5xU
lFSUVJxUlFSUFJQTg9J7kWsPWo1KCkGIOUc5R0GISclJyUoKUktajHMPcw9qzlJM
OUgxRikGKQY5yEHJSgpCCTmIOUc5SFpLa098EowTjFSMVIxUjBN70msOSks5yDnI
OchCCUIJQgpCCkoLSgpKC1KMaw970YQShFOEVIQUfBR702tQWs1azXNQe9KEE4QU
hBSEFIQUhBSEFIQUfBN8E3wTfBN8E3wTfBN8E3wTe9N8E3wTfBN8E3wTfBN8E3wT
fBN0E3QTfBN0E3PTY5FSzjoLKUcpRyFHMcs6C0JNQk1KjltRY5Jr03PTc9Nz03OT
e9F70XvRe9F7kXuRe5F7kHuRe5F7kXuRe5GD0YPSg9KD0oPSjBKEEoQShBGEEYwR
hBGMEYwSjBKMEoQThBKEEnwRg9KD0YPRe9F70nvSg9KEEoQShBKEEowSjBKEEoQS
jBKMEowSi9KMEowSjBKME4wTjBOME4wTjBKMEYwRjBKMEowSjBOME4wTlBOMEowS
jBKME4wTjBOL0ovSi9KL0owSjBKMUoxTlFOUVJxUpJSklaSVpNWk1aTVpNWk1azV
rNWs1azVrNas1azVrNWs1azVrNWs1azVrNWs1azVrNWs1azWrNas1qzVrNWs1azV
rNWk1KzVpNWklZRTc09ijVpLUgpJiUnJSclJyUnJQYhKCXNPhBGMEXNPWgtaCnLN
cw1ii1HIUglqzHLOYoxSCmKMg5CUEqRUpJWclZxUjBJzDlIKQYc5RknISglKCUoI
QchByDmHOYZJymrOew9zDlpLUclBiDlHOYdBiEGIQYdJyUoKUgpaS3MOg5CUEpRT
nFOcVJxUnFSUVJRUlFScVJxUlFSUVJRUlFOUU4wSg9JzUGLPScs5iDFHOYhByUIK
SgpKC1JMWo1zEHNQYs5KSzmIMUYpBikGOYhBykILQgsxiSlJOYpSjWtQg9KME4wT
jFOMVIQUe5Jiz0pLOckxiDFIMYgxiCmHKUcxRzlHMYg5ylLOa5B70oQThBOEE3vT
c9JSzkHLSkxjD3PSe9N8FHwUfBR8E3wTfBN8E3wTfBN8E3wTfBN8E3wTfBN8E3wT
fBN8E3wTfBN8E3wTfBN8E3wTfBN8E3wTe9Nz02uSUs86DSlKKUkpSUJNSs5Sz0rP
Us9bEGOSa9Nr02vSa9Nr03vRe9F7knuSe5F7kXuRe5F7kXuRe5F7kYORg5GD0oQS
hBKD0oPRg9GL0YPRg9GEEYQRhBGMEowShBKEEoQShBJ8EYPSg9KD0nvSe9J70oQS
hBKEEoQShBKEEoQShBKEEoQRjBKME4wSjBKMEowSlBOME4wTjBOMEoQSi9KL0ovS
jBKMEowSjBKMEowSlBKMEowSjBKMEowSi9KL0ovSi9KL0owSjBOUU5RTlJSclKSU
pJWklaTVpNWk1aTVpNWk1aTVpNWk1aTVrNWs1azVrNWs1azVrNWs1azVrNWs1azV
rNWs1azVrNWs1azVrNWs1azVrNWs1azUpJSMEmtPWsxai1JLSclJyUnJUglJyUnI
Wgp7TowSjBJzT1oLWgtiS2KLUgpJyFIJYotqjFoKUglqzIuQnBKkU6SUpJSclIwS
cw5aC0GHOUZBh0nIQcc5h0GHQYdBhzlGSchqzHMPcs5aTEnKQYk5SEGIQclByUHJ
SglKCUoJYoxzToPQjBKUU5RTnFOcVJxUnFScVJwTnFScVJxUlFSUE5RTlFOME4PT
c5Fiz0ILOYcxRjmHQclCCkIKSgtSjGMOc5B7kWtQUkw5iDFGKQUpBUHIQglCCkIJ
OYgxiEHJUo1rUHvShBOMFIxUjFSMFHvTWs9KTDnKMYgxiCkHKQYgxSkEKUUpBSEF
MYdSjGNPc9F70nvSc9JzkmtRSk0xi0IMWs9rkXPSe9J703vSfBN8E3wTfBR8E3wT
fBN8E3wTfBN8E3wTfBN8E3wTfBN8E3wTfBN8E3wSfBN8E3wTdBNz03PTc9NjkltR
Ss9CTUJNSk5TEFtRW1FTD1MQW1BjkmvTa9Nr02vTa9N70XvRe9F7kIORe5F7kXuR
e5F7kXuRe5F7kYORg9KD0oPSg9KD0YvRhBKEEoQRhBGEEowSg9OEE4QThBKEEoQS
hBJ70oPSg5KD0oPSe9KEEoQShBKEEoQShBKEEoQShFKMEowSjBKMEowSjBKMEowS
lBOME4wShBKD0oPSg9KEEoQShBKEEowSjBKMEowSlBKMEowSjBKMEowRjBGMEYwR
jBGMEpQSlFOUU5SUnJSclKSVpJWklaSVpJWk1aTVpNSk1aTVpNak1aTVpJWk1aTV
pNWk1azVrNWs1azVrNWs1azVrNWs1azVrNWs1azVrNWs1azVpNWk1ZxUg9JrDmLN
Ys1Si0oKSclJyEoJUglSClpLe0+MEovScw9iTGKNcs9qjlpMUgtiTGqOao5aC1IK
as2DkJQSpJSklKSUnFSL0msOUktBiDlHOUhBiEGIOUg5SDlHOUc5RknIasxzDmrN
WktJyUGIQYhJyEoKSgpCClILUgtSC1pMcw57kIwSlFOUU5RTlFScVJxUnFScVJRU
lFOUU5RTlFOUU4xTjBKD0WsNWotBiDEGMQc5R0GIQYg5hzmIUkprDXuQe9FrT1rN
OYkxRykGKQY5yEIJSgtByjFJMUY5h1JKYw1zkIQRjBKME4wTjBN7kWLOSkw5yTGI
KQYgxSDFIMUgxSkFKQUpBjGHSktjDmNQa1FjUGNPWw9azkILMYkxikpMWs9rEGtR
a1BzkXOSdBJ8E3wTfBN8E3wTfBN8E3wTfBN8E3wTfBN8E3wTfBN8E3wTfBN0E3QT
dBN0E3QTdBN0E3PTa9Njk2OTW1JbUltSY5Jrk2uTY5JbkmOSa9Nr02vTa9Nr02vT
e9J70XuRe5F7kXuRe5F7kXuRe5F7kXuRe5GD0YPRg9KD0oPSg9KD0YPRg9GD0YPR
hBKMEoQShBKEEoQRhBKEEnwSe9KD0nuSe9F70nvSg9KD0oPSg9KEEoQShBKEEoQS
hBKEEowSjBKMUowSjBKMEpQSjBOEEowSg9GEEYPRhBKEEowSjBKMEowSjBKUEowS
jBKMEowSjBKD0oPRhBGEEoQShBKUEpRTnFOcVJxUnFSklaSVpJWklaSVpJWklaTV
pNWk1aTVpNWk1aTVpNWk1KTVpNWk1aTVpNWs1azVrNWs1azVrNWs1azVrNWs1azV
pNWs1aTVpJSUU4OQas1qzWrOYo1ajVILSclSCVoKWkpqzYORk9KL0XMOYoxzDntQ
ew9ijVpMas5zUHNQWo1aSmsNi9CcUqRUpJSclZRUi9JrD1ILSclBh0GHQYdBh0GI
QYhBiEGIQYhSC3MOew9qzlqMSgpByUGJSgpSCknKSgtSDFpLWktaS2rMe0+DkIwS
jBKMEpRSlFOUU5xTlFOUU5RTlFOUU5RTlBOMEoPRe49qzFIJOUcxBjEGMUg5iTmJ
MYcxRkHJYsx7kHuRc09izkHKOYgxRzFHQclBykoLQco5hzFFMUVBx1qKc0+D0owS
jBOME4PSe5BizUoLOckpRiEGIQYhBiEHIQYpBikGKQY5iFJNYs9q0GLOWoxSjFJL
Sgo5iCkGKQc5iUIKSktSjFrNYs1rUXPSc9N8E3wThBN8E3wTfBN8E3wThBN8E3wT
fBN8E3wTfBN8E3QTdBN0E3QTdBN0E3QTdBN0E2vTc9Nr02vTa9Nr02vTa9Nr02vT
a9Nr02vTa9NsE2vTa9Nr03uQe5B7kXuRc5FzkHuRe5F7kXuQe5F7kHuRe9F70XvR
g9GD0oPRg9GD0YvRg9GD0YvSg9KEEoQThBKEEoQShBKD0oPRg9KD0YPRe9F70YPS
g9KD0oQShBKEEYQShBKEEoQShBOEEoQShBKMEowSjBOME4wTjBOMEoPSg9KD0oQS
hBKEEowTjBKMEowSjBKMEowSjBKMEoQShBJ70YPSg9KL0owSjBKUE5RUnFScVZyV
pJWklaTVpNWk1aTVpNWk1aTVpNWk1aTVpNWk1aTVpNWk1aTVpNWk1qzWrNWs1azV
rNWs1azVrNWs1azVrNWs1aTVpJWklZxUlBKDT3LNcs1yznLOao1aS0oKWktijGKM
as2DkJPRi5FyzlpLas17DnsOYoxaS2KMc05zTlqLWkpyzJPQnFKclJxUnFSUU4PR
cw5aS1IJQYg5hzmIQYhByEGJQchBiEGIWktzT3NOaw1SjFIKSchJyVJLWktSCkoK
UktijWJMWgtijHtOg5CL0YvRjBGMEpQSlFOUU5RTlFOUU5RTlFOUU5RTjBOD0XuP
aw1KCTmIMUcxRzlHOYg5iDFHMUdByWKMe497kXNRWs5KCzmJOYg5iEHKUktSTEoL
QckxRykGOYhSS2sPe9KEE4RThBOEEnvRaw9STTnKKQchBilHKUcpSClHKQYhBSkG
OYhSTWLPYs9az1rOUo1KjEpMOckpRikGMUc5yUIKSgpSS1rNa1Bz0nQTfBN8E3wT
fBN8E3wTfBN8E3wTfBN8E3wTfBN8E3QTfBN8E3wTfBJ8E3vTc9Nz03PTc9Nz03PU
c9Nz03PTa9Nz02vTa9Nz03PTc9Nz02vTa9Nr02vTa9J70XvRe9F7kXORe5FzkHOQ
c5FzkXORe5FzkHvQg9GD0YPRg9GD0oPRg9KD0oPSg9KEEoQShBKEEoQShBKEEoQS
g9KD0oPSe9J70XvRe9GEEYQSg9KEEoQShBKEEoQSg9KD0oQShBKEEoQRhBKEEowS
jBKMEoQShBKD0YPShBKEEoQShBKMEowSjBKMEowSjBKL0YwSjBKMEowSg9KD0oPS
i9KMEowSjBOUU5xUnJSclJyUnJWklaTVpNWk1aTVpNaklqSVpJWk1aTVpNWk1aTV
pNWk1aTVpNWs1azVrNWs1azVrNWslayVpNWk1aTVrNWklaSVnJWcVJPSe1BzDnMO
cw5qzWqNYotaS2rOcw1zDXMPg5GL0oPRas5aSmKKcsxzDGKMWkpii3MNcw1iilpK
e02T0ZwTpFOkVJxUlFOL0XMPYoxSCknJSYlJyVHKUcpJyUHJSchJyFpKe057TmsN
WktSCknJSclKClIKUclJyVIKWktaS1pLYoxzDnuQe5CDkIOQg5CL0ZQSlBOUU5RT
lFOUU5RSlFOUU5QTg9J7kWtQUk1KDDmJOYg5yDnJOcgxRzGHQglazHOPe9FzkGMP
Sgw5yTmIOYhKS1KNYw5SjEoLOYkxSEoKWo1zkIQShBOEE4QThBN70muRWs9BzClI
KQcxSDmJMYkpSCkGKQYpBjmIUktjEGuSa5JjkmOSW1FTEEqOMYopiTnKSk1Sj1rQ
WtBjUWuSc9N0E3wTfBN8E3wTfBN8E3wTfBN0E3wTfBN8E3wTfBN8E3wTfBN8EnPT
e9N703vUe9N703PTc9Nz03PTc9Nz1HPTc9Nz03PTc9Nz03PTc9Nz03PTa9Nz02vT
e5GDkXuRe5F7kHuQc5BzUHuRe5F7kHuRe5GD0YPSg9GD0YPRg9GD0YPRg9KD0oPS
g9KEEoQShBKEEoQShBKD0oPSg9J70nvSe9J70nvSg9KD0oPSg9KD0oQShBKEEoQS
hBKEEoQShBKEEoQShBKEEowSjBKMEowShBGD0oPSg9KMEowSjBKMEowSjBKMEowS
jBKMEowShBKD0oPRg9GL0ovSjBKUE5RTlFOcVJyUnJSklKSVpJWklqSVpJWk1aTV
pNWk1aTVpJWklaSVpJWklaSUpJWklayVpJWk1aTVrNWslayVpJWslayVrJWslazV
pNSk1KSUnJOUEYPRe5B7kXNQcxBzEGrOas57T4vRg5GDkIORi9KD0XMPas1qzHLN
cs1yzWrNas1qzWrMYotqzIOPlBKUU5xUnJOcU5RSi9F7T3LOWkxaTFpMYoxijGKM
YoxaS1oKUgpai3NOc09rDlqMWktaC1oLUktaSlIJSchSCVIJWkpii2rNc097kHuQ
e09zTntPg9CMEpQTlFOUU5RTlFOMU5RTlFOUU4wShBJ70WMOUktByUHJScpKCkoK
Ock5h0IJYsxzkHuRc5BjDkpLOcgxhzmHUkpjDWLPUo5KDEHKSgtajWtQe9KEE4wT
jBOME4wTe9NzkVrPQgsxSDFIOYlByjnKMYkpSCkHKQg5iVJNaxBzknPTc9Nz03PT
a5JSzzHLMcxKTmMRa5Nz02vTc9J0EnQSfBN8E3wThBJ8E3wTfBN8E3wTfBN8E3wT
fBN8E3wTfBR8E3QTfBNz03PTc9Nz1HPTc9Nz03PTc9Jz03PTc9Nz03PTc9Nz02vT
a9Nr02vTa9Nr02vTa9Nr03vRe5F7kXuRg5F7kXuRc5BzkHuRe5F7kHvQe9F70YPS
g9KD0oPRg9GD0YPRi9GD0YPSg9KD0oPSg9KD0oQSg9J70oPRe9J70XvRe9F70XvR
hBKD0ovSg9KD0oPSg9KD0oPSg9KD0oPShBKEEoQShBKEE4QTjBKMEoQShBKEEYQR
hBGEEYwRhBKEEoPShBKMEowSjBKMEowSi9KD0YPSg9KL0owSjBKUU5RUnFWclZyV
pJWklKSVpJWklaSVpJWklaSVpJWklaSVpJSklaSVpJSklaSVpJWklaTVpNWk1aTV
pNSk1KTUpNSklayVrJWslayVrJWklZyVlFOUE5QTjBOME4wTg9KDkIOQi9GUE5QT
lBOME5RTjBKD0XuRe9GD0YORg5GDkYORg5F7D3sPe0+L0ZQSnFOkVKSUpFScU5QT
g9J7kXMPaw5rDnNPc1B7kXtQas5ijWrNcw6DkIOQc09rDmsOa09zT2MOYs1ajFJL
WotijGLNaw5zUIPRg9KDkXMPcw57ToOQi9KMEpQTlFOUU5RTlFOUU5RTlBOUE4wT
i9JzT1qMUktSC1JMWo5STUHLOchKSVrMc5B70XORYw9KTEHKOYk5iUpMYs5izlKN
SgtKClKMa0970oQTjBOME4wTjBOME3uRa1BSjDnJMUcxiDnJQgo5yTGHKYYpBSkG
OYdKTGNPc9J8E3wTfBN0E3PSWw86DDnLUo5rUXPTc9N70nvTe9N8E3wTfBN8E3wS
fBN8E3wTfBN8E3wTfBN8E3wTfBN8E3QTdBN0E3QTdBN0E3QTc9Nz03PTc9Nz03PT
c9Nz03PTc9Nz03OTa9Nr03PSc9Nz03PTc9Nr02vTa9N7kHuQe5B7kHuQe5F7kHuQ
e5F7kXORe5F7kHvQg9GD0YPRg9GD0YPRg9GD0YPRg9GD0YPRg9GD0oPSg9KD0oPS
e9J70nvSe9F70XvSe9F70YPSg9KL0oPSg9KD0oPRg9KD0oPSg9KD0oPSg9KEEoQS
hBKEEowSg9KD0YvRg9GD0YPShBKEEowSjBKMEYwSjBKMEowSjBKL0oPRg5GD0YPS
i9KMEowTlFOUVJxVnJWclaSVpJWclaSVpJWklaSVpJWklaSVpJWclaTVpJWk1aSV
pJWklaSVpJWk1azVrJWklaSVpJWklaSVpJWklKSUpJSklaSVpJWklZyUnJSclJyU
nJSUlJRUjFOUU5RTnJOcVJyUnFSclJyUlFOUU5RTlFSUVJRUlFOUE5QTlBOUEowS
jBKUU5xTnJOck5yTnFOUU5QTi9KD0YOQg9CD0YwSjBOME4PSe1B7T4OQi9GD0YPR
g9GD0YQShBKEEnvRaw9rD3NQe1B7kIPRjBKMEpQTi9J7kXNPc1CD0YwSlBOUE5RT
lFOUU5RTnFOUU5RSlBKUEovRe09rDmLNas9zEHNQas9aTEoKUktrDnOQe5JzUWsO
UoxCCkIKQgpajGMOYs5SjUpLUktiznuRg9KME4wTjBOME4wSjBJ7kWsPUo1CCznJ
OcpBy0HKOcoxSClHKQYpRjGHSktjD3vSe9J703vTc9JrkVLOOco5ykpNa1FrknPT
c9N703wTe9N8E3wTfBN8E3wTfBN8E3wTfBN703vUe9N703vTe9Nz03QTdBN0E3QT
c9Nz03PTc9Nz03PTc9Nz02vTc9Nr0nPTa9Nr02vTa9Nr03PTc9Nz03PTc9Nz03PT
e5B7kHuQe5B7kHuRe5F7kXORc5FzkXORe9F70XvRe9F70nvRe9GD0YPRg9GD0YPR
g9GD0YPSg9KD0oPTg9KD0oPSg9J70nvRe9F70XvRe9F70YPSg9KD0oPSg9KD0oPS
g9KD0oPSg9KD0oPShBKEEowSjBKMEoQRg9GD0ovSi9KL0oPShBKMEowSjBKMEowS
jBKMEowSjBKD0oPSg9KD0owSjBKUE5RTlFScVJyVnJWclaSVpJWklaSVpJWklaSV
pNWslaSVpJWklaSVpJWclaSUpJWklaSVpJWklaSVpJWklaSVpJWklaSVpJWklaSV
pJWklaSVpJWklaSUpJWklaSVpJWklaSUnJSclJzUnJSclZyVpJWklZyVnJSclJyU
nJSclJyUnJSclJxUnFScVJxUnFScVJyUnJSclJyTnFOcU5RTlBOUEpQSlBOcU5RT
lFOME4QShBKMUpRTlFOMU4wTjFOMVIxTjFOMEovSg5GD0owSlBKUE5QTlBOUE5QT
jBKD0YPRi9KMEowTlBOUE5RTlFOUUpRSlFKUUpRSjFKEEXuQcw9zD3tQe5F7kHNP
YoxijGLNc097kXuRc1BjDlqMUktSS1qNWs5izmMPUoxSS1qMc0+D0YPShBOME4wT
jBOME4PSe5FrEFrPSk1CCznLQgtKC0HKOYgxSDFHMUc5iFJLYw5zkXuRe5FzUHNQ
aw9KCzGJMYlCC1qOa1BrUWuRc9Jz03vTfBN8E3wTfBN8E3wTfBN8E3wTfBN703vT
c9Nz03PTdBNz03PTc9Nz03PTc9Nr03PTc9Nz02vTc9Nz03PTc9Nz03PSc9Nz03PT
c9Nz0nPTa9Nr02vTa9Nr0nuRe5F7kXuRe5F7kXuRc5FzkXORc5B7kHuQe9F70YPR
g9GD0YPRg9GD0YPRg9GD0YPRg9GD0YPRhBKEEoQSg9J70YORe5J7knuSe5J70XvR
e9GD0oPSg9KD0oPSg9KD0oPSg9KD0oPSg9KD0oPThBKEE4QSjBKMEovRi9GD0YPR
hBGEEYwSjBKMEowSjBKEEoQSjBKMEovSi9KD0oPSi9KMEowSlBOUE5xUnJWclZyV
pJWklaSVpJWklaSVpJWklaSVpJWklZyVpJWklaSVpJWklZyVpJWklaSVnJSklKSU
pJSklKSVpJWklaSVpJWklaSVpJWklaSVnJWklaSVrJWklaSVpJWklaSVpJWklaSV
pJWklaSVpJSklKSUpJSklKSUpJSklKSUnJSclJyUnJSclJyUpFSkVKRUpJSclJyU
nJScVJRTlFOUU5xTnFOcU5xUlFOUU5RTlFOUk5RUlFSUU5RTlFOcU5xTnFOUU5QT
lBOUE5RTlFOUU5RTlFOUU5RTlFOME5QTlBOUE5RTlFKUUpRTlFKUUpRSjFKMUoxS
hBKD0nuRe5GDkYPSg9F7kHNPa09zkHvRhBJ70nuRc1BrT2tPa5BzUHNRc5FrEFrO
Ws1rD3uRg9KMEowTjBOME4wThBOEE3vSc5FrUWLPSkxKTFJMUotKS0HJOYk5iTmJ
QcpSi2MOc5FzkXNQYs5ajFILQckxRzGHQchKS1KMUs1jDnORc9J8E3wTfBN8E3wT
fBN8E3wTfBN8E3vSe9N703PTc9Nz03PTc9Nz03PTa9Nz03PTc9Nz03PTe9Rz03uT
c9Nz03PTa9Jz03PTc9Nz03PTa9Nr02vTa9Nr0mvTa9J7kHuQe5B7kHOQc5BzkHNQ
c5FzkHOQc5B7kHuQg9GD0YPRe9F70oORg9GD0YPRg9GD0YPRg9GD0YPSg9KD0oPS
g9GDkXuRe5F70XvRe9F70XvRg9KD0oPSg9KD0oPRg9KD0oPSg9KD0oPSg9KEEoQS
hBKEEoQSg9KD0YPRg9GD0YwRjBGMEYwRjBGMEYwRjBKMEowSjBKMEoPRg9GD0YQR
jBGMEowSlFOclJyVnJWclZyVpJWklaSUpJWklKSVpJWklaSVpJWklaSVpJWklaSV
pJWklaSVpJWklaSVpJWklaSVpJWklaSVpJWklKSUpJSklaSUpJSklKSUpJSklKSU
pJWklaSVpJWklaSVpJWklaSVpJWklaSVnNSklKSUpJSklKSUpJOclJyUpJSklKSU
pJSklKSUpFSkVKRUpFSkVJxUnFOcVJxUnFScVJxUnFOcU5xTnFOUU5xTnFOcU5xT
nFOcU5xTnFOcU5xTnFOcU5xTnFOcU5RTnFOUU5RTlFOUU5RTlFKUU5RTlFOcU5RS
lFKUUpRSlFOMU4wTjBOME4wTi9KD0YPSjBKMEowSg9KD0YPRg9KMEowThBKEEnvR
e9KD0oPThBOEEnwSc5FzkHOQe9GEEoQTjBOME4wTjBOME4wTjBOEE4PSe5FzUFrO
Ws5jD2MPWs9SjkpNUo5SjlKOYw9rUHORc5FrUFqOUkxKS0ILOco5yToJQgpKSlJM
Ws5rkHPTc9N8E3wTfBN8E3wTfBN8E3wTfBJ8E3vTe9N703vTc9Nz03PTc9Nz03PT
c9Nz03PTc9Nz03PTc9Nz03PTc9Nzk3PTc9Nz03PTc9NsE2vTa9Nr02vTa9Nj0mvS
e5B7kHuQe5B7kXuRc5FzkXORc5FzkXOQc5B7kIPRg9GD0XvRe9GD0YPRg9GD0YPR
g9GD0YPRg9KD0oPSg9KD0oPSg9J70nuSe5F7kXuRe9F70XvRg9GD0YPRg9GD0YPR
g9GD0oPSi9KD0oPSg9KD0oQThBKMEowSg9GD0YPRg9GD0YPSg9KEEoQShBKEEowS
hBKMEowSjBGD0YPRg9KD0owSjBKMU5RTnJSclJyVnJWclaSVpJSklKSVpJWklaSV
pJWklaSVpJWklZyVpJWklaSVpJSklKSUpJSklKSUpJSklKSUpJSklKSUpJWklaSV
pJWklaSVpJWklKSUpJSklKSUpJWklaSVpJWklaTVpJWklaSVpJWklaSUpFSklKSU
pJSklKSTpJSklKSUpJSklKSUpJSkk6RUpFSkVKRUpFScVJxUnFScVJxUnFScU5xT
nFScVJxUnFOcU5xTnFOcU5xUnFScVKRUnFOcU5RTnFOcU5xTnFOcU5xTnFOcU5xT
lFOUU5RTlFKUU5RTlFOUU5RTlFOUU5RTlFOUE5QTlBOUE4wTjBOMEowSjBKMEowT
jBKMEowSjBOME4wTjBOME4wTjBKME4wTjBOEE4QThBKEEoQSjBOEE4wThBOME4wT
jBOME4wShBOEEnwSe9JzkXORc5FzkmuRa5FrkWuRa5FrkWvSa9Jz03PTa5JjUWNR
WxFbEVrQUo9Sj1KPUo5Sj1sQa5Jz03wTfBN8E3wSfBJ8E3wTfBN8E3QTdBN0E3QT
c9N0E3PTc9Nz03PTc9Nr0nPTc9Nz1HPTc9Nz03PTc9Nz02vSa9Nr02uTa9Nr03PT
c9Nz03PTa9Nr02vSa9Jr0nuQe5B7kHuQe5B7kXuQc1FzkXORc5FzkXORe5F70XvR
e9F70XvRe9F70YPRg9GDkYPRg9GD0YPSg9KD0oPRg9KD0nvSe9J70nuRe5J70XvR
e9F70YPRg9GD0YPRg9KD0oPSg9KD0oPRg9KD0YPSg9KEEoQShBKEEYPSg9GD0oPS
g9KEEoQSjBKMEoQShBKEEoQShBKMEovRg9GDkIPRhBGEEowSjBKUU5xUpJWclZyV
nJWclJyUpJSklKSVpJWklaSVpJWklaSVpJWklaSVpJWklKSUpJSklKSUpJSklKSV
pFSklKSUpJSklKSUpJSklKSUpJSklKSUpJSkVKSUpJSklaRVpJWklaSVpJWklaSU
pJSklKSUpJSklKSUpJSklKSUpJSklKSUpJSklKSUpJSkk6STpJSkU6RUpFScVJxU
nFScVJxUnFScU5xUnFScVJxUnFScU5xTnFOkU5xTnFOcU5xTnFOcU5xTnFOcU5xT
nFOcU5xTnFOcU5xTnFOcU5RTlFOUU5QTlFOUU5RTlFOUU5RTlFOUU5RSlFKUEowS
jBKMEowSjBKMEowTjBOME4wTjBOME4wTjBOME4wTjBOME4wTjBSME4wTjBKMEowS
jBOME4wTjBOME4wTjBOME4wTjBOME4wThBOEE3wTfBN8E3wSfBJ8EnwSfBJ70nvS
e9J8E3wTfBN8E3QTc9Nz02vTa9Jr02uSY5JjkmOSa5Jz0nvSe9J8E3wTdBN0E3wT
fBN8E3QTe9N0E3PTc9Nz03PTc9Nz03PTc9Nz02vTc9Nz03PTc9Nzk3PTc9Nz03PT
c9Nz03PTa9Nr02vTa9Nr02uSa9Nr02vTa9JrkmvSa9J7kHuQe5B7kHuQe5B7kHuQ
c5FzkHOQa5BzkHuRe5F7kXvRe9F70XvRe9GD0YPRe9F70XvRe9GD0YPRg9KD0oPS
g9F7kXuRe5F7kXuRe5F70XvRe9GD0YPRg9GD0YPRg9KD0YPRg9GD0YPRg9KD0oPS
g9KD0oPSg9J70XvRe9GD0YPRi9KD0YQRhBGEEYQRhBGEEYQShBKD0oPRg9GD0YPR
i9KMEpRTlFOclKSUnJSclJyUnJSklKSUpJWklaSVpJWklaSVpJWklKSUpJSklKSU
rJWklKSVpJWklaRVpJWklaSUpJSclKSUpJSklKSUpJSklKSVpJWklaSVpJWklaSV
pJWklaSVpJWklaSUpJSkVKSUpJWklaSVpJSk1KSUpJSklKSUpJSklKSUpJSkVKRU
pFOklKRUpFSkVKRUpFScVJxTnFOcU5xTnFScVJRUnFScVJxUnFScU5xTnFOcU5xT
nFOcU5xTnFOcU5RTlFOcU5xTnFOcU5RTlFOUU5QTlFOUU5RTlFOUU5RTlFOUU5RT
lBKUU5RSlFKUUpQSlBKMEowTjBKMEowSjBKUE4wTjBOME4wTjBOME4wTjBOME4wT
hBOME4wTjBOME4wTjBOME4wTjBOME4wTjBOME4wTjBOME4wTjBOME4wTjBOMEoQT
hBN8E4QThBOEE4QTfBOEE4QThBOEE4QThBOEE4QTfBN8E3wTfBN8E3wTe9N703wS
fBJ8E3wTfBN8E3wTfBJ8E3wTfBN703vTe9N703vTe9N703vTc9N0E3PTc9Nz03PT
c9Nz03PTc9Nz03PTe5Nz03PTc9Nz02vTa9Nz02vTa9Nr02vTa9Nr02vTa9Nr02vT
c5B7kHuQe5B7kHNQc5BzkHORa1FzUHNQc5F7kXvSe9F70XvRe9F70XvRg9GD0YOR
e9F70XvRe9GD0YPRg9KD0XuSe9F70XORe5F7kXvRe9GD0YPRg9GD0YPRg9KD0YPR
g9GD0oPSg9KD0oPSg9KD0YPShBKD0oPSg9KDkYPRg9GD0oPSg9KD0oQShBGEEoQR
hBGEEYQShBF70XvRg9GD0YvSjBKUEpxTnJSclJyUnJSklKSUpJSklaSVpJWklaSV
pJSklKSUpJSklJyUpJSkVaSVpJSklKSUpJSklaSUpJSklKSUpJSklKSUpJSklKSU
pJSklKSUpJWklaSVpJWklKSUpJSklKSUpNSklKSUpJSklKSUpJSklKSUpJSklJyT
nJSklKSUpJOkk5yUnJSclJyUpJSklKRUpFSkVKRUnFScVJxUnFOcU5xTlFOcU5xT
nFOcU5xTnFOcU5xTnFOcU5RTlFOcU5xTnFOcU5wTnFOcU5xTnFOcU5xTlFOUU5RT
lFOUU5RTlFOUU5RTnFKUU5RTlFOUU5QTlBOME4wSjBKMEowSjBKMEowSjBKMEowS
jBKMEowSjBKME4wTjBOME4wTjBOME4wTjBOME4wTjBOME4wUjBOME4wTjBOME4wS
jBOME4wTjBOME4wSjBOME4wUhBOEE4QThBOEE4QThBOEE4QTfBOEE4QThBOEE4QT
hBOEE4QTfBN8E3wTfBN8E3wTfBN8E3wTfBN8E3vSe9N8E3vTe9N703PTc9Nz03PT
c9Nz03PTc9Nz03PTa9Nz03PTc9Nz03PTc9Nz03OTc9Nz03PTc9Nz02vTa9Jr02vT
Y9Nr02vTa9Nr02PTa9Nr03uQe5B7kHuQc5BzkHOQc5FzkXNQc5BzUHOQe5B70HvR
e9F70XvRe9F70IPRg9GD0XvRe9F70nvRhBKD0YPSg9J70nuSe5F7kXuRe5F7kXvR
e9F70oPSg9KEEoPSg9GD0YPRg9GD0oPSg9KD0oPSg9KD0oQShBKEEnvRg9GD0YPR
g9KD0oPSg9KD0oPSg9KD0oPSg9KD0oPSg9GDkYPRg9GL0YwSlFKUU5yUnJWclJyU
nJSclKSUpJSklaSVpJWklZyVpJSklayVpFWklaSUpJSklaSVnJSklKSUpNSklKSU
pJSklKSUpJSklKRUpJSklKSUpJWklaSUpJSck5yTnJOcU5yTnFScVJxUpJSklKSU
pJSklKSUpJOkk6STpJOkU6RTpFOkk6SUpFScVJxUnFScVJxUnJSck5xTnFScVJxU
nFScVJxTnFOcU5xTnFOcU5xTnFOcU5xTnFOcE5xTnFOcVJxTnFOcVJxTnFOcU5xT
nFOcVJRTlFOUU5RTlFOUU5RTlFOUU5RTlFOUU5RTlFOUU5RTlFOUE4xTjFKMEowS
jBKMEowSjBKMEpQSjBKME4wTjBOME4wTjBOME4wTjBOME4wTjBOME4wTjBOMEowS
jBKME4wTjBOME4wTjBOME4wTjBOME4wTjBOME4wTjBOEE4QThBOEE4QThBOEE4QT
fBOEFIQUhBSEE4QThBOEE4QTe9N8E3wThBOEE4QThBN8E3wTfBN703wTe9N8E3vT
e9N0EnPSc9N0E3PTc9Nz03PTc9Nz02vTc9Nz03PSc9Nz03PTc9Nz03PTc9Nz03PT
c9Nz03PTc9Nr02vTa9Nr02vTa9Nr02vTa9Nr0mvSa9JzkHOQc5BzkHOQc5BzkHOQ
a5BzUHNQe1B7kHuQe9F70XuQe9F70XvRe9F70XvRe9F70XvRe9GD0YPRg9J70nvS
e9J70nOSc5F7kXuRe5F7kXvRe9J70nvSe9KD0oPSg9KD0YPRe9J70oQSg9KD0oPR
g9KD0oPSg9KDkYPRg9GD0YPRhBKD0oPSg9KD0oQRhBGD0YQRg9GD0YPRg9GD0YPR
jBKMEpRTnFSclJyUnJSclJyUnJSklKSUpJSklaSVpJWklKSUpJSklKSUpJSklKSU
pJSklKSUpJWklaSUpJWklaSUpJSklKSUpJSkVKSUpJSklKSUpJSkU5xTlBKUEpQS
lBKUEpQSnBKUEpxTnFOclKSUpJSklJyUnFOcU5xTnJScU5xTnFOcU5xTlFOcU5xT
nFScU5xTnFOcVJxTnFScVJRUnFScVJxTnFOcUpRSlFOUUpRTnFOcU5xTnFOcVJxT
nFOUU5RTlFSUU5RTlFOUU5RTlFOUU5RUlFOUU5RTlFOUU5RTlFOUU5RTlBOUE5QT
lBOUE5QTlBOME4wSjBKMEowSjBKMEowSjBKME4wTjBOME4wTjBOME4QTjBOME4wT
jBKMEowSjBKME4wTjBOME4wTjBOME4wTjBOMEowSjBKME4wThBKME4QTjBOME4wT
jBOEE4QThBOEE4QThBOEE4QThBN8E4QThBOEE3wTfBN8E3wTfBN8E3wTfBN8E3wT
fBN8E3wTfBN8E3wTfBN8E3wTfBN0E3QSdBNz03PTe9N703vTe9Nz03PTc9Nz03PT
e9J0E3PTc9Nz03PTc9Nz02vTa9Nr02vTa9Nr02vTa9Nr0mvSa9Jr0mvSa9Jr0mvS
c5BzkHOQc1FzUHORa1BzkHOQc5BzkHOQc5B7kHvQe9B70HvRe9F70XuRe5J7knuR
e9F70XvRe9F70YPRg9F70XvRe9F70XOQe5F7kXuRg9J70nvRe9KD0nvSe9KD0oPR
g9GD0YPRg9GD0YPRg9GD0YPRhBGEEXvRg9GD0YPRi9GD0YwRg9GD0YPShBKEEoQS
g9GD0oPSg9KD0XvRg9GD0YwSjBKUU5yUnJWclZyVnJWclZyUpJWk1KSUpJSklKSU
pJSklKSUpJSklKTUpJSklKSVpJSklKSUpFSklKSUpJSklKSUpJSkVKSUpJSklKSU
nJSklJyUlFOUEovRi4+DToNOg46Dj4OPg4+L0ZxSnJOclKSUpJScU5QSlBKUEpQT
lFOUE5RTlFOUU5QSlBKUEpwSnFOcU5xTnFOcU5xTnFOUU5xUnFScE5QTjBKMEYwR
jBGMEpQSlBKUEpRSlFOUU5RTlFOUUpRTlFKUUpQSlBKUEpQTlFOUU5RTlFOUU5RT
lFOUU5xTlFOUE5QTlBKUU5QSlBKUEpQSjBKMEowSjBKME4wTjBOME4wTjBOME4wS
jBKMEowSjBKMEowSjBOME4wTjBOME4wTjBOME4wTjBOME4wTjBOME4wTjBOME4wS
jBOEE4QThBOEE4QThBOEE4QThBKEE4QThBSEE4QThBOEE4QThBOD04QThBN8E3wT
fBN8E3wUfBR8E3wTfBN8E3wTfBN8E3wTfBJ8E3wTfBN8EnwSfBJ8EnvSe9J70nvT
e9N70nPTc9Nz03PTc9Nz03PTc9Nzk3PTc9Nz03PTc9Nz03PTa9Nz02vTa9Jr0mvS
a9Jr0mvSa9Jr02vTa9NrknuQe5B7kXOQc1BzkHOQc5BzkHOQc5BzkHOQc5B7kHuR
e9F70XvRe9F70XvRe9F70XvRe9F70XvRg9GD0oPRe9J70XvRe5F7kXuRe5F70XuR
e5J7knuRe9J70nvRe9F70XvRe9F70XvRe9F70YPRg9GD0YPRg9KD0XvRe5GDkYPR
g9GD0YPRg9KD0oPSg9KD0YPRg9KD0oPRg5GD0YPRg9GL0YwSlFOclJyVnJWclJyU
nJSclKSUpJSk1aSVpJWklKSUpJSklKSUpJSklKSUpJSklKSUpJSklKSUpJSklKSU
pJSklKSUpJSklKSUpJSkk6STnJScVJRTg9F7DnKLYgliSmqKaopqSXKKi06UEZxS
pFSklKRUlBODkHtPi9GUEYwRjBGMEYwSjBGD0IOPi9CUEZwTnFScVJxUnFScVJxT
nFOUE5xTlBOL0oORg1CDj4OPg9CL0YwRjBGUEpQTlBOMEowRjBGMEYwSi9GL0YvR
jBGUE5QTlFOUUpRTlFOMU5RTlFOUU5RTlFOUE5QTlBOUE5QTlBOUE5QTjBOME4wT
jBOME4wTjBKMEowSjBKMEowTjBKMEowSjBKME4wTjBOME4wTjBOME4wTjBOME4wT
jBOME4wTjBOME4wTjBOMEoQThBOEE4QThBOEE4QThBOEE4QThBOEEoQThBOEE4QT
hBOEE4QTfBOEE4QThBOEE3wThBOEE3wTfBN8E3wTfBN703wTfBN8E3wTfBN0E3QT
fBN8E3QTc9Nz03PTc9Nz03PTc9Nz03PSc9Jz0nPSc9Jz03PTc9Nz0nPTc9Nz03PT
c9Nz02vTa9Nr0mvTa9Nj02vTa5NrkmuTa5Jr0mvSa9J7kXuRc5FzkHOQc5BzkGuR
c1BzUHNQc1BzkHOQc9B70XuRe5F7kXuRe5F70XvRe9B70XvRe9F70XvRe9J70nvS
e9J70XvRe5F7kXuRg5F70XvRe9F70XvRg9F70XvRe9F70XvRe9F70YPRg9GD0YPR
g9GD0YvRg9F70XvRe9F70oPSg9GD0YPRg9GD0YPRg9GD0YPRi9GD0YPRg9GD0YPR
g9GMEpRTnJSclZyVnJWclZyVnJWclZyVnJWklaSVpJWklaSUpJSklKSUpJSclJyU
nJSclKSVpJWklaSVpJSklKSUpJSklKSUpJSklaSUnJSclJyUnJSUU4PSe09ajEnJ
UclaCVoKWclRyGqLi9CUEpxTnFScU4vRe05yzYOPi8+Dj4NOg4+L0IvQc01rDHuO
jBCUEpxTnFOkU5xTpFScVJRTlBOUEowSg5BqzWqLaopqy3MMe057j4vRlBKUE5QS
i9GDz4PQg9CD0HuPe4+Dj4PQjBKUEpRSlFOUU5RSnFOUU5RTlFOUUoxSjFKUU5RT
lBOUE4wTjBOME4wTjBOME4wTjFKMEowSjBKME4wTjBOME4wSjBKMEowSjBKMEowS
jBKMEowSjBKME4wTjBOME4wTjBOME4wTjBOME4wThBOEE4QThBOEE4QTg9OEE4QT
hBOEE3wThBKEE4QThBOEE4wUhBOEE4QThBN8E4QThBOEE4QThBOEE3wTfBR8FHwU
fBN8E3wTfBN8E3wTfBN8E3vTc9Nz03PTc9Nz0nPSc9Nz03PTa9Jz03PTc9Nz03PT
a9Nr02vTc9Nz03PTa9Jr02vTa9Jr0mPSa9Jr0mvSa9Jr0mvSa9Jr0mvSa9Jr0muS
c5BzkHuQe5B7kHtQc1FzUHNQc1BzT3NQc5BzkHuRe5F7kYORg5GDkYOSg5F7kXuR
e5F70XvRe9J70XvRe9F70XuRe5F7kXuRe5F7kXuRe9F70XvRe9F70XvRe9F70XvR
e5GD0XvRg9GD0XvRe9F70YPSg9KD0oPSg5F7kXuRe9J70YPRg9KD0oPSg9GD0YPR
g9GD0YPRg9GD0IPRg9CL0IwRjFKMU5yUnNWc1JyUnJSclJyUnJSclJyUnJSklKSU
pFSklKSUpJSklaSVpJWklaSUnFSklKSUpNSklKSUpFSclJyUnJSclKSUpJSklKSU
pJSclJyUlJOMU4PSc1BKTEpMWo1ajEoKSchaSntOjBCcUpxTnFOL0WrNYsx7T4OP
e05rDHMNi4+Dj3LMYop7TYvQlBKcU5xTnFOcU5xTnBOUEowSjBGDkXMPUktJiEFH
SYdSCFpJcsyDj5PRlBGL0XsOcw57T3uOe05zDWrMaw17j4PRjBGMEYxSjBOUU5RT
lFOUU5RTlFOUU5QTlBOME4wTjBOME4wSjBKMEowSjBKMEowSjBKMEowSjBKMEowS
jBKL0YwSjBOME4wTjBKMEowSjBKMEowSjBKMEowTjBKME4QThBOEE4QThBOEU4QT
hBOEE4QThBOEE4QThBOD04QThBKEE4QThBOEE4QThBOEE4QThBOEE4QThBSEFIQU
hBN8E3wTfBN8E3wTfBN8E3wTfBN8E3wTfBN8E3wTe9N703vTe9N703PSc9Jz0nPS
c9Jz0nPSc9Jz03PTc9Nz03PTc9Nzk2vTa9Nr02vTa9Nr02vTa9Nr0mPSa9Jr0mvS
c9Jr02vSa9Jr02vTa5Nrk3NQc5BzUHOQc1BzkHOQa49zkHOQc5BzUHNQe5B7kXuR
e5GDkXuRe5F7knuRe5F7kXORe5F7kYOSg9KD0XvRe9F70XvRe5F7kXuRe5F7kXuR
e9F70XvRe9F70XvRe9F70XvSe9J70nvSg9KD0YPRg9GD0YPRg9KD0YPRg9F70XvR
e9F8EYQSg9KD0oPSg9GD0YPRg9GD0YPRg9GD0IPQg9CEEYxSlFOclJzVnJWclJyV
nJSc1JyUnJSclJyUpJSklKRUnJSklJyVnJWclZyVpJWclZyVnJWclKSUpJSck6ST
pJOklKSUnJSclJyUpJSklKSUpJSklJxUlFSMFHuRUkxKTGLNas5aTEnIUcdiyoPO
lBKcVJQTg5FizWLNe097kHMOYotqzYNPg09qjGJLcw6MEZRTnFOcU5xUnFOcU5QS
i9GDT3sOasxii0nJQYhBh0GHQchKCWKMe0+L0YwTe9FrDlqMYs1zT3MPYoxaC2JL
as17T3tPg5CD0YwTlBOUE5QTlFOUUpRTlFOUU5RTjBOME4wSjBKMEoPRg9GD0YPR
g9GMEoQSjBKMEowSjBKEEoQSe9GD0YQRjBKMEowSjBKMEowThBOEEoQShBKEEoQS
hBKEEoQShBOEE4QThBOEE4QThBOEE4QThBOEE4QUhBOEE4QThBOEE4QTfBOEE4PT
hBOEE4QThBOEE4QThBOEE4QThBN8E3wTfBN8EnwTfBN8E3wTfBN8E3wTdBN0E3QS
c9Nz03PSc9Nz03PTc9Nz03PTc9Nz03PTc9Nz03PTdBNz03PTa9Nr02vTa9Nr02vT
a9Nr02vTa9Nr02uTa5Nrk2uTa5Nr02OTY5Njk2OTY5NzkHOQc5FzkWtQc1FzkHOQ
c5BzUHOQc5BzUHuQe5B7kXuRe5GDkXuRe5F7kXuRe5F7kXuRe5F7knvSe9F70XvR
g9F7kHuQe5B7kHuQe5B7kHuRe9F70XvRe9J70nvSe9J70nvSg9KD0YORg5GD0YPR
g9GD0YQSg9J7kXuRe5F70XvRe9J70nuSg9KD0oPSg9KD0oPRg9GD0XuQg5GD0YPR
jBKUU5RTnJWc1ZyVnJWclZyUpJSklKSUpJSklKSUnJSclJyUnJScVJSUnJSclJyU
nJSclJyUnJSclKSUpJSklKSUpJOclJyUnJSclJyUnJSclJyUnJSclJRTjBJzUFJL
SgpijXMPYo1JykmHUchyzIvQlBOUE3uQYs1izXtPg49zDVpNas57UHNQYo1ijHtO
i9GUEpxTnFOcU5xTnFOUEntQasxiSloJWchJyUGIQYhBiEGHSclijHtQg9KMEoOQ
as1aS1qMYo5ijVIMSclSCVpKYotqzHsNg4+L0IwSlBKUE5RTlFOMUoxSjFKMUoxS
jBKL0YPRg9F7j3NOc49zTnuPe5CD0IPRhBKEEnvRe9F7kHuQe5B7kYPShBKME4QS
hBKEEoPRg9GD0YPRg9GD0YPRg9GD0oPShBKEEoPSg9KD0oPSg9OEEoQSjBOEE4QT
hBOEE4QThBOEE4QThBN8E3wThBOEE4PTfBN8E4QThBOEE3wTfBN8E3wTfBN8E3wT
fBN8E3wTe9N703wTc9Nz03PTc9Nz0nPTc9Nz03PTc9Nz03PTe9Nz03OUc9Nz03PT
a9Nr0mvTa9Nr02vTa9Nr02vTa9Nr02vTa9Nr02vTY5NrkmuTa5NjkmPSY5JjkmOS
c5BzkXOQc5BzkHOQa1BzUHNQc1BzUHNQc1B7kHOQc5B7kHuRe5FzkXuRe5F7kXuR
e5B7kXvRe9F70XvRe9F70XvRc9F7kHOQc5BzkHuQe5GDkYORg5GDkYORe9F70XvR
e9F70YOSg5GDkYORg9GD0YPRg9KD0oOSe9F70HvRe9F70XwRe9F70YPSg9KDkoPS
g9KD0YPSg5GDkXuRg5GD0oQSjFOUVJyVnJWclZxUnJSclJyUnJSclJyUnNSclJyU
nJSclJyUnJSclJzUnJSclJxUpJSklKSUpFSkVZyVpJWclZyUnJSclJyUnJSclJyU
nJSclJyUnFSUVIvSaw9KCkGIWktzEGrPUgxJiFHJcs2D0YwTjBN7UWJNYo2DUINP
cs1ajWrPe1BzD2KMYox7TowRlFKcU5xTnFOcU5RTjBJzTlpLSclJyUnJUcpJykHJ
QYhBR0nIYsx7T4PRg9F7T2JMSclRylJLUktByUGIQYdJx1HIUghiintOi9GMEpQT
lBOUE5QTlBOUE5QTjBKME4vSg9F7kGsOYsxaSlpKYktqzHtPe5CD0YPRe9FzkGtO
Yw1jDGsOc5B7kYPShBKEEoQSfBF7kHOQc5BzkHuRc5FzkHOQe9B70YPRe9F7kXOR
c5BzkHuRe9GD0oQShBKEE4QThBOEE4QThBOEE3wThBOEE4QThBOEE4QThBOEE4QT
hBSEE3wTfBN8E3wTfBN8EnwTfBN8E3wTfBN8E3wTfBNz03PTc9Nz03PTc9Nz03PT
a9Nz03PTa9Nz0nPTc9Nz02vTa9Nr02vTY9Nr02vTa9Nr02vTa9Nr02vTa9Jr02vT
a9NrkmvTa9Jr0muSY5JjknNQc5FzkHOQc5BzkGuQc1BzUHNQc1BzkGtQc1B7kXuR
e5F7kXuQe5B7kHuRe5B7kHuQe5B7kHuRg9J70XvRe9Fz0HuQe5B7kHOQe5F7kXuQ
e5F7kXuRe5F70XvRe9B70HvQe9B70XvRe9F70XvRe9GD0oPSg9KD0oPRe9F70XvQ
g9GD0YPRg9GD0YPRg9GD0YPSg9KD0YPRg9F70XvRg9KMEoxSlJSclZzVnJWcVJyV
nJWclJyVnJWUlZzUnJSclJxUnJSck5yUnJSclJyVpJSklKSUpJSklKSUpJSclJyU
nJSklKRUpJSklKRUpJSclJyUnJSclJxUlBODkWqNSYk5R1oKcw5zD2LNSgpaTHtP
k9KUU4wSe5BiTGrNe0+DT2rMWkxqzntQcw9ajGKMe0+L0ZQTnFOcU5xTnFSUFIvT
cw9Ry0mJSYlJyUnJScpKCUHJQYdByGLMc097kHuQaw5KCkGGQYdJyEnIQYc5h0HI
SchJiFHIYkpzDYPQjBKME5QTlBOUE5QTlBOUE4wTjBOL0YOQcw5aS0oJQYdBh0nH
Ugliy3NOe5B70XvRa1BazVILScpaTGrOe5CD0YPSg9J70nNQaw5izWLNaw5rDmrO
Yw5rT3OQe9F7kXNQaw5izVqNYs5rD3NRe9J704QThBOEE4QThBOEE4QThBOEE4QT
hBOEE3wTfBN8FHwTfBOEE3wTfBN8E3wTfBN8E3wTfBN8E3wTfBN8E3wTe9Rz03PT
c9Nz03PTc9Nr03PTc9Nz03PTc9Nz03PSc9Jz0nPTc9Nz03PTc9Nz02vTa9Nr0mvT
a9Nr02vTa5Nrk2uTa5Nrk2uTa9Jr0mvTY5Jjk2OSY5NzkHOQc5BzkHOQa1BzUHNQ
c1BzT3NQc1BzUHOQc5B7kHuQe5B7kHuQe5B7kHuQe1B7kHuQe5F70XuRe9F70XOR
e5F7kXuRc5FzUXORe5F7kXuRe5F7kXuRe5B7kXuRe5F7kXvRe9J7kXuRe5F7kXvR
g9KD0oPSg9J70XuQe5B70IPRg9GD0YPRg9GD0YPRg9GD0XvRg9GD0YPRg5F70YPR
jBKUU5yUpJWklZyVnJWclKSVnJSclJyVnJSclJyVnJWcVJxUnJSclJyUnJSclJyU
nJOclJyUnJSclJyUnJSclJyUnJSclJyUnJOck5yTpJOklJyUnFSUE4vSe1BijFIK
SchSCmKMYsxijFpLas2DkIwTlBOMEnNPUktizXtQe09qzVpLas6DT3sOaoxqjINP
lBGUUpRSnFOcU5xTnBOL0msOUgpJyUnISchJyUnJSclBiDmHQchizHNOe49zTmKL
Qcg5RkGHSchJyEGISYhSC1JLSgpKClqMc06D0IwSjBOUE5QTlBOUE4wTjBOME4wT
g9J7kGrOUktByTmHOYc5iEHIUktrDXuQe5BzkGsOWoxKCkHJScpizXNPe9GD0XvR
c5BjDlJLSgpSC1pLWktSS1KMYw1rUHNRaxBazkoLQclByUoJUotjD3ORc9J8E4QT
hBOEE4PThBOEE4QUhBOEE4QThBOEE4QTfBN8E3wTfBN8E3wTfBN8E3wTfBN8E3wT
dBJ8E3wTfBN8E3wTe9Nz03PTc9Nz03PTc9Nz03PTa9Jz03PTc9Jz03PTc9Nz03PT
a9Nr02vTa9Nr02vTa9Nr02vTa9Nr0mvSa9Nrk2uTa5Nr02PSY9Nj0mPSY9JjkmOS
c5BzkHOQc5BzUHNQc1BzUHNQc1BzUHNQe1B7UHtQe5B7kHuRe5F7kHuRe5FzkHOQ
c5B7kHuRe9F70XvSe9J7kXuRe5F7kXuQc5BzkHOQe5B7kXuRe5F7kXuRe5F7kXuR
e5F7kXuRe5GDkYORg5GDkYPRg9GD0XvRe9F7kXuRe5F70YPRg9GD0YPRg9KD0YPR
g9GD0YPRg9GD0YORg5GD0owSlFOUlJzVpJWclZyUnJSclJyUnJSclJyVnJWclZyU
nJSclJyUnJSclJyUnJSclJyUnJSclJyUnJSclJyUnJSclJyUnJSclJyUnJSklJxU
nFSUU5QTlBKDkHMOYoxijFpLUcpSCVoJWklaSnNOi9GUU5RTi9FzDlpLas17UHtQ
ao1iTXLPg1B7DmKMaoyDT4vRlBKUU5xTnFOcE5QSi9FrDVIKSclBiEGIQYlByUHJ
QYlBiEnIYox7TnNOaw5aS0GIQYhKClJMUkxKC1IMWk1aTVpMUkpajHNPg9GME4xT
lBOUE5QTlBOUE4wTjBOME4PSe5BrDlpMQck5hzlHQYdJyVqMcw57j3uPc09izVJL
Qck5iEHIWstzT4PRe9FzkGtOWoxJyUGIQchKCEHJSgtSTFrOaxBrEFrOSgs5iDFH
KUYxR0HJWo1rUHPRfBKEE4QThBSEE4QThBOEE4QThBOEE4QThBOEE4QTfBN8E3wT
fBN8E3wTfBN8E3wTdBN8E3wTfBN8E3wTfBN703vTe9N703vTc9Nz03PTc9Nz03OT
c9Nz03PTc9Nr02vTa9Nr02vTa9Nr02vTa9Jr02vTa5Jrk2vTa9Nr02vTa5Nrk2uS
a5JrkmuSa5NrkmOTY5NjkmuQc5BzkXORc1FzUHNQc1BzUHNQc1BzUHNQc1BzkXuQ
e5F7kXuQe5BzkHOQc5BzkHOQe5F7kXuRe5GD0XvRe5JzkXORc5FzkXORc5BzkHOQ
e5B7kXuRe5B7kXuRe5F7kXuRe5B7kHuRe5B7kYORg9GD0YPRg9GD0XuQe5CDkXuR
e9F70XvRe9F70XvRg9GD0YOQg9GD0YPRg9B7kIPRhBGMEoxTlFSclZyVnJSclJyU
nJSclJyUnJSklJyTnJSck5yUnJSclJyUnJSclJyUnJSclJyUnJSclJyUnJSclJyU
nFScVJyUnJOcVJyUnJSclJyUlFOMEnuQcs1ijGrMaxBrD1JMQUdBRUmGWkl7T4vS
lFOUEovRawxai3NOg5B7T2rNYoxzToNQcw9iTGqMe1CMEpQTnFOcU5xTlFKMEoPR
aw5SCknJQYdBR0FHQUdJR0GHQYhJyWKMc09zkHNQYs5BykoLWo1rDmLOWoxaTFqM
YoxaS1JKWstzjoPRjBKMEowSlBOUE5QTlBOUE5QTi9KMEnvRa05SiznJMUcxRzmH
Qchai3NPe5B7kXNQYs5KCkGJQYlKCmLNc5F70nvSc9FrD1JMQcpByTnJQco5yTnJ
SgpazWMPYw5SjUIKMYgpRikGKQY5iFqMa0970XvRhBOEE4QThBOEFIQThBOEE4QT
fBOEE4QThBOEE3wTfBN8E3wTfBN8E3wTfBR0E3wTe9Nz03wTfBN8E3wTe9N703vT
e9Nz03PTc9Nz03PTc9Nz03PTc9Nz03PSc9JsEmvSa9Jr0mvSa9Jr02vSa9Jr0mvS
a9Jr0mvSa9JrkmuSa5NrkmuSa5NrkmuSY5JrkmOSY5JzkHOQc5BzkHOQc49zUHNQ
c1BzUGtQa09rUHNQc5BzkHOQc5FzkHOQc5BzkHOQc5FzkXuSe5F7kXuRe5F7kXuR
e5B7kXuRe1BzkHOQc5B7kHuQe5F7kXuRe5F7kHuRe5F70XuRe5F7kXuRe5F70XvR
e9F70YPRg9F7kXuRe5F7kYORg9GD0YPRg9GD0YQRg9GD0YPRg5GD0YORg5GDkYvS
jBKUU5yUnNWc1ZyUnJSclJyUlJSclJyUnJSc1JyUnJSclJyUnJSclJyUpJSclJyU
nJSclJyUnJSclJxTnJSclJyUnJSclJyUnJSclJyUnJSUU5QSi5B7DmqLaoxyznMQ
as9SDDmHOUVBhlpJew2L0IwSi9J7T2KLYot7ToPQe49qzWrMe06DUHLPWkxqjoOQ
k9GUU5xTnFOcU5QSi9F7j2LNUgtJykGJMUcxBjEGOUc5SEGISclijHNPe9B7kGsO
WktSS2LNcw9zD2KNWoxajFpLUktSS2LNc4+D0YwTlBOUE5QTlBOUE5QTlBKUEowS
g9J70WtQUo05yjFIMUc5iEoKWo1rUHuSe5FzUWLPSkxBykHKUkxjDnORfBJ70nPR
a09SjEpLSktCC0ILQcpBiUnKWkxizmLOUk1CCjGJKUchRilHOYhajmtRe9J704PT
hBOEE4QThBOEE4QThBOEEoQShBKEE4QThBN8E3wTfBN8E3wTfBN8E3wTfBN8E3wT
fBN8E3QTc9Nz03PTc9Nz03PTc9Nz03OTc9Nz03PTc9Nz03PTc9Nz0mvSc9Jz0mvS
a9Jr0mvSc5JrkmvSa9Jr0mvSa5Jrk2uSa5JrkmuSa5Nrk2uTa5NjkmOSY5JjkmOS
e1B7UHtQc1BzUHNQc1BrEGtQa1BrUGtQa1BzUHOQe5F7kXuRe5FzkXORc5FzkHOQ
c5B7kHuRe5F7kXuRe5F7kXuRc5FzkXORc5FzkXORe5F70XuRe5F7kXuRe5B7kHuR
e5F7kHuRe5F7kXvRe9F70XvRe9GD0YPRe9F7kXuQe5B70XvRe9F70XvRg9GD0YPR
g9GD0YPRg9F7kXuQe5GD0owTlFSclZyWnJWUlJxTnFScVJxUnJSclJyUnJSclJyU
nJOclJyUnJSklJyUnJSclJyUnFSclJyUnFScVJxUnJScVJxUnFScVJxUnFScVJxU
lFSUE4OQcs5qjXMNc05zDmrOUktSCknJSclZyWqMg0+LkIuQcw1ijGrMg9CL0YPR
aw5rDnuQe49zDWKLasyDj5QSnFOcU5xTlFOMEoPQc09izVJKUkpJyTlHMQYxBzlH
QYhKCUoJWotzToPQg9BzTmKMUktijHMOcw9iz2LOWo1aTFJLUktizXuPg9GMEoxS
jBKUEpQSlBKMEowSjBKMEoPRe5BrT1qMQckxRzGGQcdSSmLMa09zkHOQa1BazVJL
QclByVKLYw5zkHvRe9J70msQWo5STFKMUoxKS0ILQgtKTFrOYxBiz1KNQcs5iTFI
MUcxiEIKWs1rUXPSfBN8E4QTfBOEE4QTfBN8FHwTfBN8E3wTfBN8E3wTfBN8E3wT
fBN8E3wTfBN8E3wTfBN8E3wTdBN0E3QTdBJz0nPTc9Nz03PTc9Nz03PTc9Nz03PS
c9Jz0nPSc9Jz0nPSc9Jz0mvSa9Jr02vTa9JrkmuSa9Jr0mvSY9Jj0mvTa9Jr0mvS
a9Jjk2OTY5JjkmOSY5JjknOQc1BzUGtQc1BzT3NQc1BzUHNQc1BzUHNQc1BzkHOQ
c5FzkXORc5FzkXOQc5BzkHOPc9BzkHuQe5F7kXuRe5F7kXuRc1BzkXORc5FzkHOR
e5F7kHuQe5B7kXvRe9F70XuRe5B7kHuQe5B7kHuQe5F7kXvSg9J7knuRe5F7kHuQ
g9CD0YPRg9GD0YPRg9GD0YPSg9GD0XvRe5F7kHuRi9GMEpRTnJSclZyVnFSclJyU
nJSclJyUnJScVJxUnJSclJyUnJSclJyUnJSclJyUnJSclJyUnJSck5yTlJOck5yT
nJSclKSUnJScVJxUnFSUU5RTlBKD0XuQe5B7j3uPew5qzGqMaw1qzWKMYktii3tO
g5CDj3MNcw17TowRjBKMEnuQe5B7kHvQaw5izHMNg4+MEZRTnFOcU5RTlBKL0XuQ
cw9qzmKNWgtBiTmHQYdKCVpKWkpaS1qLc057kIPRc09aDFoKYktqzWsPaw9iz2LP
Ys5STVJLWoxzT4PRjBKUEpQSjBKMEowSjBKMEowSjBKEEXuQaw5ai0HJOYhBiEnJ
UkpizWtPc5BrT2sOYs1KSkIKQgpSTFrNa09zkXORc1BrDlqNUoxSjFJMUkxKC1KN
Ws5rUWuRY1BSzkpMQgo5yTmJOcpKC1rOa5B70XwShBKEEoQTfBN8EnxSfBN8E3wS
fBJ8E3wSfBOEE3wTfBN8EnwTfBN8E3wTfBN703vTe9N703vTe9N70nvSc9Nz03PT
c9Nz03PTc9Nz03PTc9Jz0nPTc9Nz03PSc9Jz0nPSa9Jr0mvSa9Jr0mvSa9Jr0mvS
a9JrkmvSa9JrkmvSa5JrkmOSY5JrkmuSa5JjkWOSY5JzkHOQc1BzUHNQc1BzD3NQ
a1BrUHOQa1BrUHNQc5BzkHOQc5BzkXORc5FzkHOQc5BzkHuQe5F7kXuRe5F7kXuR
e1FzkXORc5BzkHOQc5BzkHuRe5F7kXuRe5F7kXuRe5F7kXuRe5F7kXuRe5F7kXuR
e5F70nvSe9F7kXORe5F7kXuRe5F70XvRe9GD0YPRe9GD0YQRg9GD0HvRe9F70YwR
lFKUU5yUnJaclZRUlFSUVJxVnJWclKSUnJSclJyUnJSclJyUnJScU5xTnFOcVJyU
nFOclJxUnFScVJRUnFScU5xUnFScVJxUnFScVJxUlFOcU5RTlBKD0oPSjBKD0nuR
c1F7kXvSg9N70XNQc097UIORg5F7kXuQi9KME5RTlBOMEoPShBKD0ntQcw57T4vR
lBKUE5xTlFOUU5RTjBOEE4PSe5JzkWsQUk1KC1JMYo5rD3NRc1FzUHuRg9GD0nuQ
Ys1aSlIKYkpqjGqMYsxijGKLUktSCmKMe06D0IwRjBKME4wTjBKMEowSjBKMEowS
g9F7kWsPYs5KTFJMUo1SjVqNaw5zT3NPa09jD2MOYs9ijlJNUktajGLNaw5zT2sP
aw9ajVKNWoxSTFJNWo5rUHORe9Jz0mtQWs9KTUIMSgxCDEIMSk1iz3ORe9KEEoQT
hBOEE4QThBN8E3wTfBN8EnwTfBN8E3wTfBN8E3wTfBN8E3wTe9N703vTc9J8E3wT
fBJ8E3vTc9N0E3PTc9Nz03PTc5Nz03PTc9Nz03PTc9Nz03PTa9Nr02vTa9Nr02vT
a9Nr02vTa9Jr02vTa9Nr0mvSa9Jr0muSa5JrkmuSa5JrkmuSa5JjkmuTY5JjkmOS
c1BzUHNQc1B7UHNQc1BrUGtQa5FrUGtQa1BzUHOPc49zj3OQe5BzkHOQc5BzkHOQ
c5B7kHvQe9F70XvRc5F7kHOQc5BzkHOQc5BzkHOQc5B7kHuQe5B7kXuQe5B7kHuQ
e5F7kXuRe5F7kXuRe5GDkYORe9GD0XvRe5F7kXuRe5F7kXuRe9F70XvRe9GD0YPR
g9GD0YPRe9B70HuQg9GD0owTlFOclZyVlJWUlZSUlJSUlZyVnJSclJyUnJSclZyU
nJScVJxUnFScVJxUnFScVJyUpJSclJyUnFSUVJxUnFScVJxTnFOcU5xTnFOcU5xT
nFOcU5RTlFOUU5RTjFOME4wSjFOME4xTjFOME4PShBKMEowSjBKMEowSlFOUU5RT
lFOUU5RTlBOL0oORg9GMEpRTnFOcU5xTnFOcU5QTlBOUE5QTjBOEEnNPaw5zDnuQ
g9GEEoQSg9KEEowSjBKD0GtOYoxSS1pKWktai2KLWktaS1pKWkpqzHNPg9GMEowT
jBOUE4wTlBOUE4wTjBOME4vSg9J7kXNQaw9rD3NQc1BzkHOQe9B7kHOQc09zT3OQ
a1BizVqNWkxajGsPa09rUGMQYs9izlqNWo1azWNPc5Fz0XwSe9FzkGMOWs1SjEpM
SkxSjFKNYw9zkXvSe9KEEoQShBJ8EnwTfBN8E3wTfBN8EnwTfBN8E3wTfBN8E3wT
fBN8E3vTe9N703vTe9N703vSdBN8E3QTdBN0E3PTc9Nz03PTc9Nz03PTc9Nz03OT
c9Nz03PTc9Nr02vTa9Nr02vTa5Nr02vSa9Jr0mvSa9Jr0mvSa9Jr0mvSY5JrkmuS
a5Jrk2OSa5JjkmOSY5JjknOQc5BzkHNQc1BzUHNPc09rTmuPa09rUGtQa1BzUHuQ
e5B7kHOQc5BzkXOQc5BzkHOQc5B7kXvRe9F7kXuRe5F7kHOQc5BzkHOQc5BzkHOQ
e5F7kHuQe5B7kHuPe9B70HvQe5B7kHuQe5B7kHuQg5GDkYPRg9GD0HvQe5B7kHuR
e5F7kXvRe9J70XvRe9F70YPRg9F70XvRe9B7kIPRjBKME5RTnJSclZRUlFSUVJSU
lJSclJyUnJSclJyUnJSclJxTnFScVJxUnFSUVJxUnFScVJxUnJScVJxUnFSUVJxU
nFScVJxTnFOcU5xTnFOcU5xTnFOcU5RTlFOUU5RTlFOUU5RUlBSUVJRUlFSUU5RT
lFSUU4xTlFOUU5xTlFOUU5RTlFOUU5RSlFKMEowSjFOUU5RTnFOUU5RTnFOUU5RT
lBOUEowTjBKD0XuQe5CD0YwSjBKMEowSjBKMEowThBKD0nNQaw9qzmKOYs5izmLO
Ys5izWrOc0+DkIvSjBOME4wTjBOME4wTjBOMEowSjBKMEovSg9KD0XuSe5F7kYPR
g9KD0oPSg9KD0nvSe9J70nPSc5FrUWMPaxBzUXORc5FzkmuSa1FjEWtQa1FzkXvS
e9N703vTc9JrUGMOUo1STUpMUo1jD3OQc9J8EnwTfBOEE4QThBOEE3wTfBN8E3wT
fBN8E3wTfBJ8EnwSfBJ8EnwSfBN8E3wTfBN8E3wUe9N703PTc9Nz03PTc9Jz0nPS
c9Nz03PTc9Jz0nPTc9Nz03PTc5Nzk2vTa9Nr02vTa9Nr02uTa5Nr02uTa5Jr0muS
a5JrkmuSa5JrkmOSY5JjkmOSY5JjkmOTY5JjkmOSW5JzkHNQc1BzUHNQc1BzUHNQ
c09rUGtQa1BzUHNQc1B7UHuQe5BzkHOQc5BzkHOQc5BzkXORe5F7kXuRe5B7kXuR
e5B7kHNQc1Bzj3OQc5BzkHuQe5B7kXuRe5F7kHuQe5B7kHuQe5B7kHuQe5B7kXvR
e9F70YPRe9F7kXuQe5B70HvRe9F70XvSg9GD0YPRg9GD0YPRg9GD0XvQe9CD0YwS
jBOUVJyVnJWcVJRUlFSUVJRUnFSclKSUnJSclJSUnFScVJxUnFScVJxUnFScVJxU
nFScVJxUnFScVZxUnFScVJxTnFOcU5xTnFOcU5xTnFOUU5xTnFOcU5xTnFOcU5xT
nFOcVJxTnFOcU5xTnFScVJxUnBScVJxUnFScVJxUnFScVJxTnFOUU5QTlFOUU5RT
nFOcU5xTlFOUU5RTlFOUUpRTlFOUU4xTjBKMEYwSjBKMEpRTlBOUEpQSlBKUEpQS
jBKEEYPSe9J70nuSe5J7knuSc5F70YPShBKME4wTjBOMEowTjBOME4wTjBOL0owS
jBKMEowShBKEEoPSg9KD0oPShBKD0oPSg9KD0oPSg9KD0oPSe5J70nuSe5J70nvS
e9J70nuSe5FzkXPSe9J70nvShBJ70nvSc9JrkVtQYxBjEGsQa1FzkXvSe9KD04QT
fBN8E3wTfBN8E3wTfBN8E3wTfBN8E3QTfBN8E3wTfBNz03vTfBN8E3wTe9N703vT
c9Nz03PTc9Nz03PTc9Nz03PTc9Nz03PTc9Nz03PTc9Nr02vTa9Nr02vTa9Nr02vT
a9Nr02vTc9NrkmuSa5JrkmuSY5JjkmuSY5JjkmOSY5FjkmOSY5JjkmOSY5JrkmNS
c1BzUHNQc1BzEHNRc1FzUXNQa1BrUGtQa1BzUHNQc5BzkHOQc5BzkHORc5FzUXOQ
c5FzkXuRe5F70XuRe5F7kXuQc5BzkHOQa1BzkHOQc5FzkHvRe5F7kXuRe5F7kXuQ
e5B7UHuQe5F7kXuQe5F7kXuRe5F70XuRe5F7kXuRe5F7kXvRe9F70XvRg9J70YPR
g9GD0YPRe9F7kXuRg9GMEpRTlJSclZyVlFWUVZRVlFWUVJxUnFScVJyUnJSUlJSU
lFScVJxUnFScVJxUnFOcU5yTnJOck5yTnFOcU5xTnFOcU5xTnFKUU5xTnFOcU5xT
nFOcU5xTnFOcE5xTnFOcU5xTnFOcU5xTnFOcVJxUnFScVJxTnFOcU5xTlFOcU5xT
nFOcU5xTnFOcU5RTlFOUU5xTnFOcU5xTlFOcU5RSlFKUUpRSlFKUU4xTjFKMEpQS
lBOMEpQSlFKUUpRSlFKUUowSjBKMEowSjBKMEowSjBKMEowSjBKMEowSjBKMEowS
jBKMEowSjBKMEowSjBKMEowSjBKMEoQRhBKEEoQShBKEEoQShBKEEoQShBKEEoQS
g9KD0oPSg9KD0oPSg9KD0oPShBKD0oPSg9KD0oPTg9KD0oQShBKEEnwSe9J7knOS
c5JzknuSe9J70nvSg9OD03vThBN8E3wSfBN8EnwSfBJ8EnwTfBN8E3wTfBN8E3vT
e9N703vTfBN8E3vTe9N703vTe9N703PTc9Nz03PTc9Nz03PTc9Nz03PTc9Nz03PS
a9Jr02vTa9Nr02vTa9Nr02vTa5Nrk2uTa5JrkmuSa5JrkmuSa5JrkmOSY5JjkmOS
Y5JjkmOSY5JjkmOSY5JjkXNQc1BzUHNQc1BzUHNQcw9rT2tQa1BrUHNQc1BzUHOQ
c5BzkHOQc49zkHNRc5BzkHOQc5BzkHOQe5F7kXuRe5F7kXNRc5FzkHOQc5BzkHOQ
c5Bz0XORe5FzkXuRe5B7kHuQe5B70HuQe9B7kHvQe5CD0XuRe5F7kXORc5FzkXuR
e5F7kXvRe9F70XvRe9F70XvRe9F70XuRe5F70IPRjBKMU5SUlJWclZRUlFSUVJRU
lFOcVJxUnJSclJyUnJOUlJRUnFSclJxUnFScVJxUnFScVJxUnFScVJxUnFScU5xT
nFOcU5xTnFOcU5xTnFSUVJxUnFOcU5xTnFOcU5xTnFOcVJxUnFScVJxTnFOcU5xT
nFScVJxUnFScVJxUnFOcU5xTnFOcU5xUnFSUVJRUlFSUU5RTlFOcU5RSlFOUU5RT
lFOUU5RTlFOUU5RTlBOUE5QTlBOUE5QTlBOUU4xTjFOMU4xTjFOMUoxSjFKMU4wT
jBOUE4wSjBOME4vSlBKUEowSjBKME4wSjBKMEowSjBKMEowSjBKMEowSjBKEEoQS
hBKEEoQShBKEEoQShBKEEoQShBKEEoQThBKEEoQShBKEE4QShBKEEoQShBKEEoQT
hBOEE4QShBKEEnwSfBJ70nvSe9J70nvSe9J8EnwSfBN8E3wTe9N703vTe9N703vT
fBN703vTe9N703vTe9J703vTe9N703vTe9N703wTe9Nz03PTc9Nz03PTc9Nz0nPS
c9Jz03PSa9Jr03PTc9Nz03PTa9Nr02vTa9Nr02vTa9JrkmuSa9Nr02vSa9Jr0mvS
a5JrkmuSa5JrkmOSY5JrkmuSa5JrkmOSY5JjkmOSY5JzUHNQc1BzUHNQc1BzT3NQ
c1BzUGtQa1BrT3OQc5BzkHOQc5FzkXORc1BzUHNQc5BzkXORc5F70XuRe5F7kXuR
c1B7kXNQc5BzUHOQe5BzkHOQe5B70XuRe5BzkXORc9FzkHOQe5B7kHuQe5B7kHuR
e5GDkXuRe5FzkXOQe5B7kHuQg5F7kXuRe5F70XvRe9F70XvQc9B70XuRe9GD0YwS
jFOUlJyVnJSUVJxUnFScVJxUnFScVJxUnJScVJxUnFSUVJxUnFScVJxUnFSUVJRU
nFScVJxUnFScVJxUnFOcVJxTnFOcU5xTnFOcU5yTnFOcU5xTnFOcU5xTnFKcU5xT
nFOcU5xUlFOcVJRUlFSUVJxUnFScVJxUnBScU5xTnFOcU5RTnFKcU5xTlFOUU5RT
lFOUU5RTlFOUU5RTlFOUU5RTlFOUU5RTlBKUU5RTlBOUE5QTlBOUE5QTlBOUE5QT
lBOUE5QTlBOME4wTjBOME4wTjBOME4wTjBKMEowSjBKMEowSjBKME4wSjBKMEowS
hBKMEowSjBKMEowSi9GD0oPShBKEEoQShBKEEoQShBKEE4QShBKEEoQShBKEEoQS
hBKEEoQShBOEEoQShBKEEnvSg9KEEoQShBKEEoQSfBJ8EnwTfBN8E3wSfBJ8EnwS
fBN8EnwTfBN8E3wTfBOD0nvTe9N703vTe9N703vSe9N703vTe9J70nvSdBJ0EnQS
c9Nz03PTc9Nz03PTc9Nz03OTc9Nz02vSc9Jz0nPSc9Jz0mvSa9Jr0mvSa9Jr0muS
a9JrkmvSa9JrkmuSa5JrkmuSa5JrkmuSa5JrkmvSa5JjkmOSY5JjkmOSY5JjkmOS
c1BzkGtQc1FzUXNQc1BzUHNPc09rT2tPc1BrT3OQc5BzkHOQa5BzUHOQc5BzUHNQ
c1BzUHuRe5F7kHuRe5F7kXuRe5FzkXOQc1BzUHNQc5B7kHuQe5B70HuQe5B7kHuQ
c5B7kHuQe5B7kHuQe5B7kIORe5GDkXuRe5F7kHuQe5B7kXuRe5F7kXvRe5F70XvR
e9F7kXuQe5F7kHuRg9GMEpRTnJSclJyUnFSUVJRUnFSUVJxUnFScVJxUnFScVJxU
lFSUVJxUnFScVJRUnFSUVJRUlFSUU5xUnFScVJxUnFScU5xTnFOcU5xTnFOcU5xT
nFOUU5RTlFSUU5RTnFSUU5RTnFOcVJRUlFSUVJxUnFOcU5xTnFOcU5xUnFScU5xT
lFOcU5xTnFOcU5RTlFOUU5RTlFKUUpRSlFKUUpRSlFKUUpRSlFKUUpRSlFKUU5QT
lBOUE5QTlBOUE5QTlBOUE5QTlBOME4wSjBKME4wTjBOME4wTjBOMEowSjBKMEowS
jBKMEowSjBKMEowSjBKMEowShBKEEoQShBKEEoPSg9KD0nvSg9KD0oQShBKEEoQS
hBJ8EoQShBN70oPSg9KD0nvShBKEEoQThBJ8EoQShBKD0oPSg9KD0oPSg9OD04QT
hBOEE4QSfBKEEoQShBN703vTe9N703vTe9J703vTe9N8E3wTfBN703vTe9N70nvS
e9J70nvSe9N703vTc9Nz03PTc9Nz03PTc9Nzk3PTc9Nz03PTc9Nz0nPSc9Jz0nPS
a9Jr02vTa9Nr02vTa9Nr0mvSa9Jrk2uTa5JrkmuSa5JrkmuSa5JrkmOSY5JjkmOS
Y5JjkmOSa5JjkmOSY5FjkXNQc1BrkHORa1BrUGtQa1BrT2tPa09rT2tQc1BzUHNQ
c5BzkGuQc1BzkHORc1BzUHNQe5B7kHuQe5F7kXuRe5F7kXuRc5BzkHNQc5FzkXOQ
c5B7kHuQc5B7kHuRe5FzkXtQe5F7kHuQc5B7kHvQe5B7kXvRe9F7kXuRc5BzkHOQ
e5F7kXuRg9F70XvRe9F70XvRe9F70XvQe5F7kYPSjBOUU5yUnJSclJRUlFSUVJRU
lFSUVJRUnFScVJxUlFSUVJRUlFSUVJRUlFSUVJRUlFSUU5RTlFOUU5xTnFOcVJxU
lFSUVJRUlFOUU5RTlFOUU5RTlFOcU5xTlJSUU5RTnFOcU5xTnFOcU5xTnJOcU5xT
nFOcU5xTnFOcU5xTnFOUE5RTlFOUUpRTlFOUU5RTlFOUU5RTlFOUE5QTlFOUU5RT
lFOUU5RTlFKUEpQSjFKMUoxSlFKUEpQSlBKUEpQSlBKUE5QTlBKUE4wSjBKMEowS
jBKUE5QTjBOME4wTjBOMEowSjBKMEowSjBKMEowSjBKMEowShBKEEoQShBKEEoQS
hBKEEoQShBKEEoQShBKMEoQShBKEEoQShBKEEoQShBKD0oPShBKEEoQShBKEEnwS
hBKEEoPShBKEE3wThBOEE3wTe9N8E3vTe9N703vTe9OD03vTe9N703vTe9N70nvS
e9N703vTe9N703vTe9N703vTe9Nz0nPSc9Jz03PTc9Nz03PTc9Nz03PTc9Nz03PT
c9Jz0nPSc9Jz0mvSa9Jr02vSa9Nr0mvTa9Nr02vTa9Nr0muSa9Jr0muSa5Jr0mvS
a5Jrk2uTa5JjkmOSY5Jj0mOSY5JjkmNSY5JjkmOSW5JzUHNQc09zUHNQc1BrUGtQ
a1BrUGtQa1BrUXNQc1FzkXNQc1BzUHNQc1BzUHNRc1FzUHuRc5BzkHORe5F7kXuR
c1FzkHOQa1BzUHNQc1BzkHuQe5B7kHOQe5BzkHuRe5FzkXORc5FzkXuRe5B7kHuR
e5F7kXuSe5F7kXORc5FzkXuRe9F7kXvQe9F70XvRe9GD0XvRg9F70XuRg5GD0owT
lFSclZyVlJWUVJRUlFSUVJRUnFWcVZxUnFSUVJxUnFScVJxUlFOcU5xTnFOcU5xT
nFOcVJxTnFOUU5RTlFSUVJRUlFSUVJRUlFOUU5xTnBOcU5xTnFOUUpRTnFOcU5xT
nFOcVJxTnFOcU5xTlFOUU5RTnFScVJxUnFScU5xUlFOUU5RTlFOUU5RSlFOUU5RT
lFOUU5RTlFOUU5QTlBKUEpQSlBOUEpQSlBOUEowSjBKMUoxSjFKMEowSlBKMEowS
jBKMEowSlBKUEowSjBKMEowSjBOME4wTjBOME5QTjBOME4wSjBKMEoQSjBKMEowS
jBKMEoQShBKEEoPSg9KD0oPSg9KEEoQSg9KEEoQSg9KD0oQShBKEEnwShBKEE4QS
hBKEEoPShBKEEnwShBKEEoQShBKD0oPTg9OD04QTg9J70nvSe9J703vTe9OD04PT
g9N703vTe9N703vSe9N703vTe9N703vTe9J703vTe9N703vTe9J70nvSe9J703vT
e9N7k3vTc9Nz03PTc9Nz03OTc9Nz03PTc9Nz02vTa9NrkmvSa9Nr0mvTa9Nr0mPS
a9Jr0mvSa5JrkmuSa5Jr0mPSa5JrkmuSa5JrkmuSa5JrkmOSY5JjkmOSY5JjkmOS
c1BzUHNPc09zD3NPa09rT2tQa1BrUGtQa1BrUHNQc1BzUHNQc1BzT3NQc1BzUHNQ
c1B7kHORc5FzkXORc9FzkXOQc1BzUGtQc1BzUHNQc5BzkHuQe5BzkHuQe5F7kXOR
c5FzkHOQc5Fz0XORc5F7knuRe5F7kXuRe5FzUHuQe5B70HvRe5F70XvSe9F7kYOR
g5F7kYORg5F7kXuRg9KME5RUnFWclZxUlFSUVJRVlFSUVJRUlFSUVJSUlFSUVJRU
lFScVJxTnFOcU5xTlFOcVJRUlFSUU5RTnFOcU5xTnFOcU5xTnFOcU5RTlFOUU5RT
lFOUU5RTlFOcU5xTnFOcU5xTnFOcU5RTlFOUU5RUlFSUU5RTlFSUVJQUnFSUU5xT
lFOUU5RTlFOUU5RTlFOUU5RTlFOUU5RTlBOUEpQSlBKUEpQSlBKUE4wTlBKUEpQS
lBOUE5QSlBKUEpQSjBKMEpQTlBKUEowSlBKUEowSjBKMEpQTjBOME4wSjBKME4wT
jBKMEowSjBKMEYwSjBKMEowSjBKMEoQShBKD0oPSg9KD0oPSg9OD0oPSg9KD0oPS
i9KEEoQShBKEEoQShBKEEoQShBJ8EoQShBKD0oPShBKEEoQShBJ70nvSe9J70nvS
fBJ8EnwSfBJ8EnwSfBN8E3vTe9N703vSe9KD03vSe9J70nvSe9J703vTe9N703vT
e9N703vTe9N703vTe9Nz0nPTc9Nz03PTc9Nr02vTa9Nr03PTc9Nz03OTc5NzkmvS
a9Jz0mvSa9Jr0mvSa9Jr0mvSa5JrkmuSY5JrkmuSa9Jj0mOSY5JjkmOSY5JjkmOS
Y5JrkmOSY5JjkmOSY5JjknNQc1BzT3NPc09rT2tPa09rT2tPa09rT2tPc09zUHNQ
c1BrUHNQc1BzUHNQc1BzT3NQc1BzkHOQc5B7kHuQe5FzkXOQc5BzkHNPc1BzkHOQ
c5BzkHOQc5B7kHuRe5FzkHOQc5BzkHOQc5BzkHuRe5F7kXuRe5F7kXuRc5BzkHOQ
e5B7kXuRe5F7kXuRg5GDkIORg5GDkYORe5F70YQShBOUVJRVlFSUVJRTlFOUU5RT
lFOUVJRUlFSUVJRUlFSUU5RUlFSUFJRUlFSUVJRUlFSUVJRTlFOUU5xTnFOcU5xT
nFScU5RTlFOUU5RTlFOUU5RTlFOUU5RTlFOUU5RTlFOcU5xUnFOcU5xTnFOcU5xT
nFOcU5xTnFOcU5xTlFOUU5RTlFOUU5RTlFOUU5RTlFOUU5QTlFOUU5RTlFOUE5QT
lBOME5QTlBOUE5QTlBKUE5QSlBKUEpQSlBOUEpQSlBOUE5QTlBOME4wTjBOME4wT
jBOME4wTjBOMEowSjBKMEowSjBKMEowSjBKMEYwSjBKMEoQSg9KD0oPSg9KD0oPS
g9KD0oPSg9KD0oPSg9KD0oPSg9KD0oPSg9KD0oPSg9KD0oPSg9KD0oPSg9KD0oPS
g9KD0oPSg9OD0oPTg9N70nvSe9J70nvSfBJ8EnvSe9J703vSe9J70nvSe9N703vT
e9N703vTe9N703vTe9N703vTe9N703PTc9Nz03PTc9Nz03PTc9Nz03PTc5Nz03PT
c9Nz03PTa9NzknPSc9Jz0mvSa9Jr0mvSa9Jr0mvTa9Jr0muSY5JjkmuSa5JrkmuS
a5JjkmOSY5JjkmPRY5JjkmOSY5Jjk2OSY5JjkmOSY5JzUHNQc09zT2tPa1BrUGtQ
a1BrUGtQa09rT2tPc09zT3NQc1BzUHNQc1BzUHNQc1BzUHNQc5BzUHOQc5FzkXOR
c5FzkXORc1BzUHNQc1BzkHNQc5BzkHOQe5B7kHuQe497kHuQc5BzkHOQc5BzkHuR
e5F7kXuRe5F7kXNQc1B7kHuRg5F7kXuRe5F7kXvRe9F70XvSe9F70XuRe9GEEowS
jFOUVJSUlFSUVJRUlFOUU5RUlJSUlJRUlFSUVJRUlFSUVJRUlFSck5RTlFOUU5xT
nFOcE5xTnFOUU5RUlFSUVJRTlFOUU5RTlFOUU5RTlFOUU5RTlFOUU5RTlFOUU5ST
lFOUU5RTlFOUU5RTlFOUU5RTlFOUU5xTnFOUU5RTlFKUU5RTlFOUU5RTlFOUU5RT
lFOUE5QTlBOUEpQTlFKUU5QSlBKUEpQSlBKUEowSjBOME4wTjBOME4wSjBKUEpQS
lBKUEpQSjBKMEowSjBKMEowSjBKMEowSjBKMEowSjBKMEowSi9KMEowSjBKMEowS
hBKEEoQRg9KD0oPSg9KD0oPSg9KD0oPSg9KD0oPSg9KD0oPSg9KD0oPSg9KD0oPS
g9KD0oPTg9KD0oPSg9KD0oQSg9KD0oPTg9OD04PTg9OD04PTg9OD03vSe9J70nvS
e9J703wTe9J70nvTe9J703vTc9N703vTe9N703vSe9J703vTe9Nz03PTc9Nz03PT
c9Nz03PTc9Nzk3PTc9Nz03PTc9Nz02vTa9Jr0mvSa9Nr02vTa9Jr0muSa5Jrk2uT
a5NrkmOSY5JjkmOSY5JjkmOSY5JjkmOSY5JjkmOSY5JjUmOSY5JjkmOSY5JjkmOS
a1BrT3NQa1BrEGtQa1BrUGtQY1BrUGtQa1BrUHNQc1BzUHNQc1BzUXNQc1BrUGtP
c1BzkHOQc5BzkHORc5BzkHOQc5BzUHNQc1BzUHNQc1B7kHORc5FzkXORc5F7kXuR
e5F7kXORc5FzkXORc5FzkXORe5F7kXuRe5BzkHOQc5B7kXuRe5F7kXuRe5CDkXuR
e5F7kXuRe5F7kXuRhBKMEpRTlFSUVJRUlFSUU5RTlFOcU5RTlFOUU5xTnFOUU5RT
lFSUU5RUlFOUU5xTnFOcU5RTlFOUU5RTlFOUU5RTlFOUU5RTlFOUU5RTlFOUU5RT
lFOUU5RTlFOUU5RTlFOUVJRTlFOUVJRTlFOUVJRTlFOUU5RTlFOUU5RTlFOUU5RT
lFOUUpRTlFOUU5RTlFOUU5RTnFOUE5RTlBKMEpQSlBKUEpQSjBKMEpQSlBKUEowS
jBKMEowSjBKMEowSjBKMEowSjBKMEowSjBKMEowSjBKME4wSjBKMEowSjBKMEowS
jBOME4wTjBOMEoQShBKEEoQShBKEEoQSfBKD0oPSg9GD0oPSg9KD0oPSg9KD0oPS
g9KD0oPSg9KD0oPSg9KD0oPSg9KD0oPSg9KD0oPSg9KD0oPSg9KD0oPSg9KD0nvS
e9J70oPTe9N703vTe9J70nvTc9N703vTe9N703vTe9N703vTc9N703vTe9N703vT
e9N703vTc9Nz03vTc9Nz03PTc9Nz03PTc9Nz03PTc9Nz03PTc9Jz0mvSa9Jr02vT
a9Nr02vTa5Jr0mvSa5JrkmuSa5JrkmuSa5JrkmuSa5JrkmOSY5JjkmOSW5JjkmOR
Y5JjkluSY5JjkmOSY5JjkmtQa1BrUGtQaxBrUWtQaxBrT2sPa09rT2tPa49rkHNQ
c1BzkHNQc1BzUHNRc1BzUHNQc1B7kHOQc5BzkHOQc5BzkHOQa1BzUGtQa1BzUXNQ
c1BzkHOQc5BzkXORc9FzkHORc5FzkXORc5FzkXORc5F7kHvRe5F7kXuRc5FzkHOQ
c5B7kHuRe5F7kXuRe5F70XvRe9F7kXvRe9F70oQSjBOUU5RUlFSUVJRUlFSUVJRU
lFScVJRUnFSUVJxUnFSUU5RTlFSUVJRUlFSUVJRUlFOUU5RTlFOUU5RTlFOUU5RT
lFOUU5RTlFOUU5RTlFOUU5RTlFKUU5RTlFOUU5RUlFSUU5RTlFOUU5RTlFOUU5RT
lFOUU5RTlFOUU5RTlFOUU5RTlFOUUpRSlFKUUpRSlFKUUpRSlFKUUpQSjBKUEpQS
lBOUE5QTlBKUEpQSjBKMEowSjBKMEowSjBKMEowSjBKMEowSjBKMEowSjBKMEowS
jBKMEowSjBKMEowSjBKMEowSjBKMEoQRhBKEEYQShBKEEoQShBKEEoQSg9KD0oPS
g9J70oPSg9KD0oPSg9KD0oPSg9KD0oPSg9KD0oPSg9KD0oPSg9KD0oPSg9KD0oPS
g9KD0oPSg9J70nvSe9J70XvSe9J70nvSe9J70nvSe9J70nvSe9Jz0nvSe9J8EnvS
e9J70nvSe9N703vTe9N703vTe9Jz03PTc9Nz03PTc9Nz03PTc9Nz03PSc9JzknPT
c9Nr02vTa9Nr02vSa9Jr0mvSa5JjkmuSa9JrkmuSa9JrkmuSa5JrkmOSY5JjkmOS
Y5JjkmOSY5JjkmOSW5JjkmOSY5JjkmOSY5JjkluSY5JrT2tQc1BrEGtQa1BrUGtP
a09rT2tPa09rTmtPa49zj3OPc49zj3OPc49rT3NQa09rT3NRc1BzUHORc1FzkXOR
c5FrUHNQc1BzUHNQc1BzUHNQc1FzkXORc5FzkXORc5BzkHOQc5BzkXORc5FzkHuQ
e5B7kXuRe5F7kXOQc5BzkHORe9F7kXuRe5F7kXuRe5F7kXvRe9B70XvRe9KD0oxT
lFSUlJRUjFOUVJRTlFSUVJSTlFOUU5RUlFSUVJRUlFScVJRTlFSUU5RTlFOUVJRT
lFOUU5RTjFOUU5RUlFSUVJRTlFOUU5RTlFOUU5RTlFOUU5RTlFOUU5RTlFOUU5RT
lFOUU5RTlFOUU5RTlFOUU5RTlFOUU5RTjFOUU5RUlFOUU5RTlBOUEpQTlBOUE5QS
lBKUEpRSlBKUUpQSlBKUEpQSlBKUE5QTlBOUE5QSlBKUEowSjBKMEowSjBKMEowS
jBKMEowSjBOME4wTjBOME4wTjBOMEowSjBKMEowSjBKMEowSjBKMEoQRhBKEEoQS
hBKEEoQShBGEEoPSg9KD0oPSg9KD0oPTg9KD0oPSg9KD0oPSg9KD0oPSg9KD0oPS
g9J70oPSg9GD0YPSg9KD0nvSe9J70nvSe9J70nvSe9N70nvSe9KD03vSe9J70nvS
e9J703vTc9N703vTc9N70nvSe9J70nvSe9J703vTe9N703PSc9Jz0nPTe5N703PT
c9Nz03PTc9Jz03PSc9Jz0nPSc9Jr0mvSa9Jr0muSa5JrkmuSa5Jr0mvSa9Jj0mPS
Y5JjkmPSY9JjkmOSY5JjkmOSW5JjkmOSY5JjkmOSY5JjkmOSW9JbkmOSY5JjkmOS
c09zT3NQc1BrUGtPa09rT2tPa09rT2tPa09rT2tPc1BzUHNQa1BrUGtQa1BrUHNQ
c1BzUHOQc5FzkHOQc5BzkHOQc5BzUHNQc1BzUHNQc1BzUHOQc5BzkHOQc5BzkXOR
c5FzkXORc5BzkHOQc5Bz0HuQe5F7kXuRe5B7kHuQc5B7kXuRe5F7kXuRe5F7kXuR
e5F7kHuRe5F7kHvShBOEE5RUlFSUVJRUlFSUVJRUlFSUVJRUlFSUVJRUlFSUU5RT
lFOUU5RTlFOUU5RTnFOUUpRTlFOUU5RTlFOUU5RTlFOUU5RTlFOUU5RTlFOMU5RT
lFOcU5RTlFOUU5RTlFOUU5RSlFOUU5RTlFOUU5RTlFOUU5RTlFOUU5RTlFOUU5RT
lFOUE5QTlBOUE5QTlBKUU5RSlFKUUpQSlBKUEpQSlBKUEpQSlBKUEpQSlBKUEpQS
lBKMEowSjBKMEowSjBKMEowSjBKMEoxSjBKMEowSjBKMEowSjBKMEowSjBKMEowS
jBKMEowSjBKMEoQShBKEEoQShBKEEoPSg9GD0YPRg9F70XvRg9GD0oPSg9KD0oPS
g9KD0oPSg9KD0YPRg9KD0YPRg9GD0oPSe9J70nvSe9J70nvSe9OD03vTe9J70nvS
e9J70nvSe9N703vTe9N703vTe9N703vTe9N703vTe9N703vTe9N703vTe9Nz03PT
c9Nz03OSc9Jz03PTc5Nz03PTc9Jz0nPSc9JzkmvSa9Jr0mvSa9Jr0mvTa5NrkmuT
a5JrkmuSa5JrkmuSa5Jr0muSY5JjkmOSY9JjkWORY5FjkmOSW5JjkmOSY5FjkVvR
Y5JbkluSW5JbkmOSW5JbkmtQc09zUGsQa1BrEGsQaxBrEGsQaxBrEGsQaw9rT2tP
a09rUGtPa09rUGtQa09zT3NPc09zUHOQc5BzkHOQc5BrkHNRc1FzUHNQc1BzUHOQ
c1BzkHOQc5BzkHORc5FzkXOQc5BzkHOQc5BzkXuQc5F70XuRe5F7kXuRc5FzkXOR
c5FzkXuRe5B7kXuRe5F7kXvRe9F7kXuRe5CD0ovSlBOUVJRUlFSUVJRTlFSUVJRU
lFSUlJxUlFSUVJRUlFOUU5RTlFOUU5RTlFOUU5xUlFOUU5RTlFKUU5RTlFOUU5RT
lFOUU5RTlFOUU5RSlFOUU5RTlFOUU5xTlFOUU5RTlFOUU5RTlFOUU5RTlFOUE5RT
lFOUU5RTlFOUU5RSlFKUUpRSlBKUEpQSlBOME5QTlBOUE5QSlBKUEpQSlBKUEpQS
jBKMEowSjBKMEowSjBKMEowSjBKMEowSjBKMEowSjBGMEowSjBKMEowShBKMEoxS
jBKMEowSjBKMEowShBKEEoQShBKEEowShBKEEoPSg9KD0oPSg9KD0YPSg9KD0oPR
g9KD0oPSg9KD0oPSg9KD0YPRg9KD0YPSg9KD0oPSg9KD0oPSe9J70nvSe9J70nvS
e9J70nvSe9J70nvSe9J70nvSe9J70nvSe9J703vTe9N703vTe9N70nvSe9J70nvS
e9N703vTe9N703PTc9Nz03PTc9Nz03PTc9Nz03PSc9Jz0nPSc9Jz0nPSc9Nz03PT
a9Nr02vSa5JrkmuSa5JrkmuTa5Nrk2uSa5JrkmuSa5JrkmOSY5JjkmOSY5JjkmOS
Y5JjkmOSY5JjkVuSY1JjkmOSY5JjkmOTY5JjkmOSY5JrT3NQa09rD2tQa1BjD2sQ
aw9rD2sPaw9rT2tPa09rUGtQa1BrUGtPa1BrUGtQa09rUGtPc1BzkHOQc5BzkHOQ
c5BrkGtRa1FrUGtPc1BzUHNQc5BzkXORc5BzkHOQc5BzkHOQc5BzkHOQc5BzkHOQ
c5B7kHuRe5FzkXORc5FzkXORe9F7kXuRe5F70XuQe5F7kXuRe5F7kXuRg9GEEowS
lFOUVJRUlBOUU5RTlFSUVJRUlJSUVJRUlFSUVJRUlFOUU5RTnFOUU5RTlFOUU5RT
lFOUU5RTlFOUU5RTlFOUU5RTlFOUU5RUjFOUU5RTlFOUUpRTlFOUU5RTlFOUU5RT
lFOUU5RTlFOMU5RTlFOUU5RTnFOUU5RTlFKUU5RSlFKUUpRSlBKUEpQSlBKUEpQS
lBKUEpQSlBKUEpQSlBKUEowSjBKMEowSjBKMEowSjBKMEowSjBKMEowSjBKEEowS
jBKMEowSjBKMEowSjBKMUowSjBKMEowSjBKMEowSjBKEEYQShBKEEoQShBKD0oPS
hBJ8EoQSg9KD0oPSg9KD0YPSg9KD0oPSg9KD0oPSg9KD0oPTg9KD0oPSg9KD0YPS
g9KD0nvSe9J70nvSe9J70nvSe9J70nvSe9J70nvSe9J70nvSe9N703vTe9Nz03vT
e9N703vTe9N70nvSe5J70nvTe9N7knvTe9Nz0nPSe9Jz0nPSc9Nz03PTc9Nz0nPS
a9Jr0mvTa9Nr0mvSc9Jzk3PTa9Nr02vTa9Nrk2vTa5Nrk2uSa5JrkmuSa5JrkmuT
a5Nrk2uSa5NrkmuSY5JjkmOSY5JjkmOSY5JjkmOSY5JjkmOSW5JjkmOSY5FjkVuR
a09rT2tPa1BrUGtQa09rD2sPaw9rD2sPaw5rDnNPc1BrUGtQc5BrUGtQa1BzUGtQ
a1BrUHNPc5BzkHOQc5BzkHOQa1BrUGtQa1BrUHNPc1BzUHORc5FzkHOQc5BzkHOQ
c5BzkHOQc5BzkXOQc5FzkXOQc5B7kHuQc5BzkHOQc5BzkHvQe5B7kHuQe5B7kHuQ
e5B7kXuRe5F70XvRhBKMU5RTlFSUVJRUlFOUU5RTlFSUVJRUlFSUVJRUlFSUVJRU
lFOUUpRTlFOUU5RSlFOUU5RTlFOUU5RTlFSUU5RTlFOUU5RTlFOUU5RTlFOUU5RT
lFKUUpRTlFKUUpRSlFOUU5RTlFOUU5RTlFOUU5RSlFOUUpRTlFKUU5RTlFOUU5RT
lBOUE5QTjBKUEpQSlBKUEpQSlBKUEpQSlBKUEowSjBKMEowSjBKMEowSjBKMEowS
jBKMEowSjBKMEoxSjBKMEowSjBGMEowSjBKMEYwSjBKMEowSjBKMEowShBKEEoQS
hBGEEoQShBKEEoQShBKEEoQShBKEEoPSg9GD0oPSg9KD0oPSg9KD0oPSg9KD0oPS
g9KD0oPSg9KD0oPSg9KD0oPSg9F7knvSe9KD0oPSg9J70nvSe9J70nvSe9J70nvS
e9J70nPSe9Jz0nvSe9J70nvSe9J70nPSe9Jz0nvSe9J70nPSc9Jz03PTc9Nz0nPS
c9Jz03OTc9Nz03PTc9Nz0nPSc9Jz03PSc9Jr0mvSa9Jr0muSa9Jr0mvSa9Jr0muS
a5JrkmuSa5JrkmuSa5Jrk2uTa5Njk2PTY5Njk2OTY5NjkmOSY5JjkmOSY5JbkmOS
Y5JjkmOSY5JjkluSW5JbknNPc1BzUGtQa1BrUGtPaw9rD2sPas9rD2sOaw9rT2tQ
a1BrUGtQa1BrUGtQa09zT2tPc09zUHNQc5BzkXORc1FzUXNRc1BzUGtQa1BrUHNQ
c1BzUHOQc5BzkHOQc5BzkHOQc49zkHOQc5BzkHNQc5FzkXORc5FzkHNQc5BzkHOQ
c5F7kHOQc5B7kHuQe5B7kHuRg5F7kXuRe5GD0YwSjFOUU5RTlFSUU5RUlFSUVJRU
lFSUVJRUlFSUE5RTlFSUVJRUlFSUU5RTlFOUU5RTlFOUU5RTlFOUU5RTlFOUU5RT
lFKUU5RTlFOUU5QTlBOUU5RSlFKUUpRSlFOUU5QUlBSUVJRUlFOUU5RTlFOUU5RT
lFOUU5RTlFOUU5RTlFOUU5QTlBOME5QTlBOUE5QTlBOUE5QTlBOMEowSjBKMEowS
i9KMEowSjBKMEowSjBKMEowSjBKMEoQSjBKMEowSjFKMEowSjBKMEowSjBKMEowS
jBGMEowSjBKEEoQShBKEEoQShBKEEoQShBKD0nvRg9GD0oQSg9KD0oPSg9KD0oPS
e5J70oPSg9KD0XuSe9J70nvSg9KD0oPSg9KD0oPSg9KD0nvSe9J70nvSe9J70nvS
e9J70nvSe9J70nvSe9N70nvSe9J70nvSe9J70nvSe9J70nvSe9N70nPSc9Jz0nPS
c9Jz0nPSc9Jz0nPSc5Jz03PTc9Nz03PTc9Nz03PTc9Jz03PTc9Nz03PTdBNz02vS
a9Jr0mvSa9Jr0mvSa9Jr0muSa5JrkmuSa5JjkmOSY5JjkmuSa5JrkmuSa5JrkmuS
Y5JjkmOSY5JjkmOSY5JjkmOSY5JjkWOSY5JjkmNRY1FzT2tPaw9rUGsPaw9rD2MP
Yw9jD2MPYw9rD2sPa09jD3NQc1BzUHNQc1BzUHNPc5BrT3NQc1BzkHNQc5BzUWtR
c1FzUXNQaw9rT2tPa1BzUHNQc1B7kXORc5FzkXORc5BzkHOQc5BzkHOQa5BzkHOQ
c5BzkHOQc5FzkHOQc5BzkHOQc5FzkXOQe5F7kHuRe5F7kXuRe5F7kXuRg9GMEoxT
lFSUU5RUlBOUVJRUlFOUU5RTlFOUU5RTlFOUVJRUlFSUVJRUlFOUU5RTlFOUU5RT
jFOUU4xTjFKUU5RTlFOUU5QTlBOUE5QTlBOUE5QTlBKUE5QTlBOUU5QTlBOUE5QT
lBOMU5RTlFOUU5RTlFKUU5QTlBOUU5QSlFOUU5RTlBOUE5QTlBOUEpQTlBOUE5QT
lBOMEowSjBKMEowSjBKMEowSjBKMEowSjBKMEowShBKMEowSjBGMEowSjBKMEowS
jBKMEowSjBOMEowSjBKMEowRjBKMEoQShBKD0oQShBKEEoQThBKEEoQShBJ8EYQS
g9GD0YPRg9GD0YPSg9KD0YPRg9KD0oPSe9J70nvSe9J70nvSe9J70nvSg9J70XvS
e9N70nvSe9J70nwSe9J70nvSe9N70nvSe9J70XvSe9J70nvSe9Jz0nvSe9J70nvS
e9J70nvSe9J70nvSe9J70nvSe9Nz03PTc9Nz03PTc9Nr03PTc9J70nPSc9Nz03PT
c9Nr02vTc9Nz03PTc9Jr0mvSa9Nr02vSa9Jr0nPSa9JrkmuSa5JrkmuSa5JrkmOS
Y5JrkmOSa5JrkmuSa5JrkmuSY5JjkmOSY5JjkWORY5FjkWORY5JjkmOSY1FbUVuR
a09rT3NPc09rTmsOYw5jD2MPYw9jD2MOY09jD2sPaw9rEGtQa09rT2tPa09zT3NQ
c1BzkHOQc5BzkHOQc5BzkGuQc1BrUGsPaxBrEWtQc1FzUXNQc1BzkHNRc1FrUXNR
c1FzUHNRa1BzUHNQc1BzUHOQc5BzkHOQc1BzUHNQc1B7UHOQc5FzkXORe5F7kXuR
e5F7kXuRe5F70YPSjBKMU5RTlFOUU5RTjFOMU4xTlFOUVJRUlFSUVJRUlFOUU5RT
jFOMU5RTlFOUU5RTlFOUU5RTlFOUU5RSlFOUU5RTlFOUE5QTlBOUE5RTlFOUUpRS
lFKUUpQSlBOME5RTlFOUU5RTlFOUU5RTlFOUU5QTlFOUU5QTlFOUU5RTlFKUU5QT
lBOUE5QTlBOUE5QTlBOUE4wSjBKMEowSjBKMEowSjBKMEowSjBGMEowShBKMEowS
jBKMEowShBKMEowRjBGMEYwRjBGMEowSjBKMEowSjBKEEoQShBKEEoQShBKEEoQS
hBKEEoQThBKEEoQShBKEEoPSe9KD0YPSg9KD0oPRg9GD0YPRe9J70nvSe9J7knvS
e9J70nvSe9J70nvSe9J70nvSe9J70nvSe9J70nvSe9N703PSe9J70nvSe9J7knvS
e9J70nvSe9J7knvSe9J70nvSe9J70nvSe9J8EnPSc9Nz03PTc9Nz0nvTc9Nz0nPS
c9Jz0nPSc9Jz0nPTc9Nz03PTc9Nz03PTc9Nr02vTa9Nr02vTa9Nr0mvSa9Jz0muS
a5JrkmuSa5JrkmuSa5JrkmOSY5NjkmOSY5JjkmORY5JjkmOSY5JjkmORY5FjkVuR
Y5JjkmOSY5JjkluSW5JbkXNOc09zT2tPaw5jDmMOYw5jDmMPYw9azmMPYw9jD2MP
YxBrUGsPaw9rD3NPa09rT3NPc09zkHOQc1BzkXNRc1BzUXNRa1FrEGMQaxBrD2tQ
a1BrUHNQc1BzUXNRc1FzkXNQc1BzUHNQc1BzUHNQc1B7kHuRc5F7kXNRc1BzUHNQ
c1BzUHOQc5BzkHOQc5BzkHORc5FzkXvRe9GD0owTjBOUFJRUjFSMU4xTjFOMU5RU
lFSUVJRUlFSUU4xTjBOMU4xTlFOUU5RTlFOUU5RTlFOUU5RTlFKUU5RTlFOUU5RT
lFOUU5QTlBOUE5RSlFKUUpRTlFOUU5RTlFOMU4xTlFOUU5RTlFOUU5RTlFOMU4wT
jFOMU4xTjFOMU5RTlFOUUpQSlBKUEowTjBOME4wTjBOUEpQSlBKUEpQSjBKMEowS
jBKMEowSjBKMEowSjBKMEowSjBKMEowSjBKMEowSjBKMEoQSjBKMEowSjBKMEowS
hBKEEoQShBKEEoQShBKEEoQShBKEEoQSfBKEEoPRg9KEEoPSg9KD0oPRe9J70oPS
g9J70nvSe9J70nvSe9J70nvSe9KEEnvSe9J70nvSe9J70nvSe9J70nvSe9J70nvS
e9J70nvSe9Jz03vSc9J70nPSc9J703vTe9J7knvSe9J70nvSe9N70nvSc9Jz0nPS
c9Jz0nPSc9JzknvSc9Jz0nPSc9JzknPSe9Nz03PTc9Nz03PTdBNr02vTa9Nr03PS
c9Jz0muSa9JrkmuSY5JrkmuSa5JrkmOSY5JrkmuSY5JjkmOSY5JjkmOSW9JbkluS
W5JjkmOSY1JjkmOSY5JjkluSY5JjUmNSY5JbkluSW5FzDnMOcw9rD2sOas5izWLO
aw5rDmMOYw5jDmLOYs9iz2LPYs9jD2tQa09rT3NPc49zT3NPc09zT3NPc09zT3NP
c09rT2tPaxBjD2sQaw9rD3NPa09rT2tPa1BzUHNRc1FzUXNRc1BzUHNQc1BzkHOQ
c5BzkHOQc5BzkHNQaw9rT3NPc1BzUHNQc5BzkXOQc5FzkHOQe5F7kXuRg9KEEoxT
lFOMU4xTjFOMU4xTjFOUU5RTlFSUU5RTlFSUVJRUlFSUVJRTlFOUU5RTjFOMU4xT
jFOMU5RTlFKUU5QTlFOUU5RTlBOUU5QTlBKUEpQTlBOUU4wTjBOMU5RTlFOUE5RT
lFSUU5QTlFOME4wTjBOME4wTjBOME4wTlBOUU5QSlBOUEpQTlBOMEowTjBOME4wS
i9KMEpQSlBKT0owSjBKMEowSjBKEEYwSjBKMEowSjBKMEowSjBKMEoQSjBKMEowS
lBKMEowSjBKMEowSjBKMEYQShBKEEoQShBKEEoQSi9OL0oPShBKEEoPSg9KD0oPS
hBKD0oPSg9KD0nvSe9J70nvSe9J70nvRe9F70XvSe9KD0nuSg9J70nvSe9J70nvS
e9F70XvRe9J70nvSe9J70nvSe9J70nvSe9J70nvSe9J703vTe9N70nvSe9J70nvS
e9J70nvSe9Jz0nPSc9J70nvSc9N703PTc9Nz03PTc9Nz0nPTc9Nzk3PSc9Jz0nPS
c9Jz0nPTc9Jz0nPTc9Nz0mvTa9Jrk2uSa5JrkmuSY5JrkmuSa5JrkmOSY5JbkmOS
a5JrkmuSa5FjkmOSY5JjkmOSY5JjkmOSY5JjkmOSY5JjUmNSY1JjUmNSY5JjUltS
cw9zT3NPc49zT3NQc1BrUGtQa1BjD2MPYw9bDmMPWs9azmLPaw9rD2sPaw5zD2tP
c09zT2sPaw5rDWsOaw5rDWMOaw5rTmtPa1BrT2MPaw9rDmsOYw5jDmsPa09rUGtQ
c1BzUHNQc1BzUHNQc1BzkHOQc5B7kHOQc09rUGtQa1BzUHNQc1BzUHNQc5BzT3OQ
c5BzkHPQe5B70IPRhBKME5RTjFOMU4xTjFOMU4xTlFOUU5RTlFOUU5RTlFOUU5RT
lFOUU5RTlFOUU5RTjFOMU4xTjFOUU5RTlBOUE5QTlFOUEpQTlBOUE5QTlBOUE5QT
lBOUE5QUjBOME4xTjFOMU4xTjFOMU4xTlFOUEpQSjBKMU4wTjFOUU5RTlBOUE4wT
jBOME4wSjBKMEowSjBKUEpQSjBKMEowSjBKMEowSjBKMEYwSjBKMEowSjBKMEowS
jBKMEowShBKEEowSjBKMEovSg9KMEowSjBKEEoQSjBKMEoQShBKEEYQShBKEEoQS
hBKD0oPSg9KD0nvSg9GD0oPSg9KD0oPSg9KD0oPRe9F70XvRe5F70nvSe9J70nvS
e5F70XvSe9J70nvSe9J70nvSe9J70nuTe9N703vSe9J70nvSe9J70nvSe9J70nwS
e9J70nvSe9J70nvSe9J70nvTc9Jz0nPSe9Jz0nPTc9Jz0nPSc9Jz0nPSc9Jz0nPT
a9Nz03PTc9Nz03OSc9Jz03PTc9Nz03PTa9Nr02vSa9Jr02vTa9Nr02PSa5JrkmuS
a5JrkmuSa5JjkmORY5JrkmuSY5JjkmOSY5JjkmOSY5JjkmOSY5JjkmOSY5JjkmOS
W5JbkluSW5JbkluSW5JbknNPc09zkHNPc1BzkHOQc1FrUGsQa1BjD2MPWw5rD2sP
aw9rT2tPa09rT2tPa1BrUGtQa1BzUGtQc1BzUHNPc5BzkHNQc5BzUHNQc1BzEGsP
Yw5izmMOaw5rDmsOa09rT2tPc49zT3NQc09zj2tPa05rTmtNa05jTWMNYw5rD2tP
a1BrUGtQa1BzUHNQc1BzUHNQc1BzkHuQe9GD0owSjBOUVIxUjFSMVIxUjFOMU5RT
lFOUU5RTlFOUE5QTlFOUU5RTlFOUU4xTjFOMU4xTjFOMU5RTlBOUE5QTlBOUE5QT
lFOUE5QTlBOUE5QTlBOUE5QTjBOUE5QTlBOUE5QTlFOUU5RTlFOUU5RTlBOUE4wT
jBOME4wTlBOUE5QTjBOME4wTjBOMEowSjBKMEowSjBKMEowSjBKMEowSjBKMEowS
jBKMEowRjBKMEowSjBKMEowSi9KMEowThBOEEoQSi9KD0oQShBKEEoQSjBKEEowS
hBKEEoQShBKEEoQShBKEEoQSg9KD0oPSg9J70oPSg9KD0oPSg9KD0oPSe9F70XvR
e9F70nvSe9F70XvRe9F70XvRe9F70XvRe5F70XvRe9J70nvSe9J70nvSe9J70nPS
e9J70nvSe9N70nvSe9J70nvSe9J703vSe9J70nvSe9J70nPSc9Jz0nPSe9J70nvS
c9Jz0nPSc9J70nvSe9Jz03PTc9Nz03PTc9Nz03PTc9Nz03PTa9Nr02vSa9Nr0mvS
a9Jr02vTa5JrkmuSa5JrkmuSa5JrkmOSY5JjkmOSY5JjkWOSY5JjkluSY5JjkmOS
Y5JjkmOSY5JjkmNSY5JjkluSW5JbkluSW5JbkluSY5JzT3NPc09zT3OPc49zj3NQ
a1BrUGsPaw9jD2MPa1BrUGtQa1BrUHNQc1BzkHNQc1BzUHNQc1BzkGuQc5BzkHOQ
c5BzkXORc5FzkHOQc1BrT2sOaw9rD2tPa1BrUHNQc1BzT3NPc09zT3NPa09rT2tP
a09rT2tPa09rT2tPa09rUGtPa09rUGtPa09rT2sPaw9rT2tPa09zkHvRg9GEEoxT
jFOMU4xTjFOMU5RTlFOUU5RTlFOUU5RTlFOUU4xTjFOMU4xUjFOMU5RTlFOUU5RT
lFOUU5RTlFOUE5QTjBOME4xTjFOMU4wTjBKUUpRSlBOUE4wTjBOME5QTlBOUE5QT
lBOUE5QTlBOUE5QTlBOME5QTlBOMEowTjBOME5QTlBOUEpQSlBKMEowSjBKMEowS
jBKMEowSjBKMEowSjBKMEowSjBKMEowSjBGMEYwRjBKMEowSi9KL0owSjBKMEowS
jBKMEowShBKEEoQShBKEEoQShBKEEoQShBKEEoQShBKEEoQShBKEEoPSg9KD0oPS
g9GD0oPSg9J70nvSe9J70XvRe9F70XvRe9F70XvRe9F70nvRe9F70XvRe9F70XuS
e9J70nvSe9J70nPSe9J703vSe9J70nvSe9J70nvSe9J70nvSe9J70nvTe9J70nvT
e9Nz03PTc9N703vTe9N703PSc9Jz0nPSc9Jz0nPSc9Jz0nPSc9Jz0nPSc9Jz0nPS
c9Jz0nPSc9Jr0mvSa9Nr03OTa5Nrk2uSa5JjkmOSY5JrkmuSa5JrkmuSa5JrkmuS
Y5JjkWOSY5JjkmOSY5JjkluSY5JjkmOSY5JjkmOSY5JjUltSW1JbUluRW5FbkVuR
c097UHNPc09zT3NPc09zT3NQc1BrUGMPYw9jEGsQaxBrUGtQc1BzUHNPc5BzkHNQ
c1BzUHOQc5BzkHOQc5FzkXORc5F7kXORc5FzkHNQa1BrT2tPa1BzT3NQe5B7kXuR
e5FzkXOQc5BzkHOQc5B7kHuRe5F7kXuRe5FzkXORc5FzkXORa1FrUGtQa1BrUGtQ
a1BrUHNQe5GD0oQSjBKMU4xTjFOMU5RTlFOMU5RTlFOUU5RTlBOUU5RTlFOUU4xT
jFOUU5RTlFOUU5RTlFOUU5RTlFOMU4xTlFOMU4xTjFOMU4xTjFOME4wTjFOUE5QT
lBOUE5QTlBOUE5QTlBOUE5QTlBOUU5QTlBOUE5QTjBOUE4wTjBKME4wTjBKME5QT
lBOUE4wTjBKMEowSjBKME4vSjBKMEowSjBKMEoQSjBKMEowSjBKMEowSjBKMEYwR
jBGMEYwShBKEEoQShBKEEoQSjBKMEowSjBKD0oQShBKEEoQRhBKEEoQShBKD0oPS
g9KEEnvSg9KD0oPSg9KD0oPSg9KD0oPSg9KD0XvRe9F70XvRe9F70XvRe9F7kXvR
e9F70XvRe9F70XvRe5J70nvSe9N70nvSc5J70nvSe9J70nvSe9F70nvSe9J70nvS
e9N8E3vSe9J70nvSe5J70nPSc9Jz0nPSc9Nz03PTc9Nz03PTc9NzknPTc9Nz03PT
c9Nz03PSa9Jr0mvSa9Jz0nPSc9Jr02vTa9Nr02uTa9Jr0mvSa9Jr0mvSa9Jr0mvS
a5JrkmuSa5JrkmuSY5JjkmOSY5JjkmOSY5JjkmOSY1JjkltSY5NjkmNSY5JjUltS
Y5JjkluSY5JjkmOSY5JjknNQc1BzUHNQc1BzT3NPc1BzT2tQYxBjD2MPaxBrD2sP
a1BrUGtRc1FzUHOQa1BzUHNQc5FzUXNRc5FzUXNQc1FzUXORe5F7kXORc5FrkGtQ
a09rT2tQc1BzkHOQc5BzkHOQc1BzkHOQc5BzkHOQc9BzkHuQe5F7kXuRe5F7kXuR
e5FzkXORc5FrUHNQa1BzUHNQc1F7UXuSg9KEEowSjFKMUoxSjFKMU4xTlFOUU5RT
lFOUU5RTlFOUU5RTlBOUU5RTlFOUVJRTlFOUU5RTlFOUU5RTlFOUU5RTjFOMUoxT
jFOMU4xTjFOMU4xTjFOMU5QTlBOUE5QTlBOUE5QTlBOUU5RTlFOUE5QTlBOUE5QT
lBOME4wTjBOME4wTjBOME4wTjBOME4wTjBKMEowSlBKMEowSjBKMEowSjBKMEowS
jBKMEowSjBKMEowShBKEEoQShBKD0oQSjBKMEowSjBKEEoQShBKEEoQShBKEEoQS
hBKEEoQSjBKEEoQShBKEEoPSg9KD0oPSg9KD0oPSg9KD0oPSg9J70oQSe9F70XvR
e9F70XvRe9F70XvRe9J70nvSe9J70nvSe9J70nvSe9F70nvSe9J70nOSe9J70nvS
e9J70nvSe9J70nPSe9J703vSe9Jz0nPSc9Jz0nOSc9Jz0nPSc9Jz03PTe9Nz03PT
c9Nz0nPSc9Jz0nPSa9Jz0nPSc9Jz0nPSc9Jz0nPSc9Jz0nPSc9Jz03PTa9Nr02vT
a9Jr0mvSa9Fr0muSa5JrkmvTa5JrkmOSY5FrkWuSa5JrkmuSY5JjkmOSY5JjkmOS
Y5JjkmOSY5JjkmOSY5JjkmOSY5JjUmNSW1JjUmNRY1FzUHNQc1BzUHNQc09zT3NQ
c1BrUGtQYw9jD2MPY1BjT2NPa1BrUGtQa1BzkHNQc09zT3NQc5BzT3NQc1BzUHNQ
c1BzkHORc5FzkGuQa5BrkGtQa1BrUHNQc1BzUHOQc5FzkHOQc5FzkHOQc5BzkHOQ
c5BzkHOQc5B7kHuRe5F7kXORc1BzUHORc5BzkHOQc5BzkHORe5F7kYPSg9KMEowS
lBOME4wTjFOMU4xTjFOUU5RTjFKMUpRSlFOMU5RTlFOUU5RTlFOMU4xTjFOUU5RT
lFOUU5RTlFOUU5RTjFOMU4xTjFOMU4xTjFOME5QTlBOUE5QTlBOMEowTjBOMVIxT
lBOUU5RTlFOUU5RTlBOUE5QSjBKUE5QTjBOMU4xTjFOMU4xSjBKMEowSjBKMEowS
jBKMEowRjBKMEowSjBKMEowSjBKMEowSjBKMEowSjBKMEowSjBKMEowSjBKMEoQS
hBKEEoQShBKEEoQShBKEEoQThBKEEowSjBKMEYQShBKD0oPSg9KD0oPSg9KD0oPS
g9KD0oPRg9KD0nuSe9J70nvSe9J70XvRe9F70XvRe9F70XvRe9J70nvSe9J70nvS
e9J8EnvSe9J70nvSe9N70nvSdBJ70nvSe9J70nvSe9J70nvSc9Jz0nvSe5J70nvS
c9Nz03PTc9Nz03QTc9Nz03PTc9Jz0nPSc9Jz0mvSc9Jz0nQSc9Jz0nPTc9Nz03PT
c9Nz0nPSa9Jz02vTa9Nr02uTa5Jr0mvSa5JrkmuSa5JrkmuSa5JrkmOSa5JrkmOS
Y5JjkmOSY1JjkmOSY5JjkmOSY5JjkmOSY5JjUWNRY1FjUmNSY5JjkmNSY1JjUmNR
a09rT2tPc09zT2tQa1BrUGtQY1BjD2MPYw9jD2MPYw9rD2sPaw9rEGtQa1BrUGtQ
aw9rUGtQa1BrUHNQc1BzUHNQc5BzkHOQc5BzkHNQc09rT2tPa09zUHNQc1BzUHOR
c5BzkGtQc1BzUHNQc5BzkHOQc5F7kXuQe5B7kXuRc5FzkXOQc5BzkHOQe5FzkHOQ
c5BzkHOQe5F70YQShBKEEowSjBKMUoxSjFOMU4xTlFOMU4xTjFKUU5RTjFOUU4xS
jFOMU4xTjFOMU5RTlFKUUpRTlFOUU5RTlBOUU5RTlFOUE5QTlBOUEpQSlBKUEpQS
lBOUE5QTjBOUU5RTlFOUU5RTlFOUU5RTlFOUEpQSlFKUUpRSlBKUEpRSlFOUUoxS
lFKUEowSjBKMEowSjBKMEowSjBKMEowSjBKUEowSjBKME4wSjBKMEowSjBKMEYwS
jBKMEowShBKMEowSjBKMEowSjBKEEoQShBKEEoQShBKEEoQShBOEEoQShBKEEoPS
g9KD0oPSg9KD0oPSg9KD0oPRg9KD0oPSg9J70nvRe9F70XvRe9F70XvRe9F70nvS
e5J70nvSe9J70nvSe9J70nvSe9J70nvSe9J7knvSe9J703vSe9J70nvSe9J70nvS
e9J70nvSe9J70nvSe9J70nvSe9J70nPTc9Nz03PTc9Nz03PTc9Jz0nPSc9Jz0nPS
c9J70nPSc9Jz0nPSc9Jr02vTa9Nr02vTa9Nr02vTa9Nrk2uTa9Nrk2uTa5NrkmuS
a5JrkmuSa5JrkmuSa5JjkmOSY5JjkmOSY5JjkmOSY5JjkmOSY1JjUmNSY1FjUmOS
Y1JjkmOSY5JbkluSW5JbkmtOa05rTmtPa09rT2tQa09rUGNPY09jD2MPYw9jD2sQ
aw9rD2sOa09zUHNQc1BzUGtQa1BrUGtQa1BzUHNQc1B7UHOQc5BzkHOQc1BzUGsQ
aw9rUGtQc5BzUHOQc5BzkHOQc5FzkHNPc1BzUHNQc1BzUHORc5FzkXORc5FzkXOR
c5FzkXORa5FzkHOQc5BzkHOQc5BzkHvRe9GD0owSjBOMU4xSjFKMUoxTjFOMU4xT
jFOMU4xTjFOMU4xTlFOMU4xSlFKUEpRTjFOMU4xSjFKMUoxSjFKMUoxSjFOUE5QT
lBOUE5QTlBKUEpQSlBKUEpQTlBKUEpQSlBOUE5RTlFOUU5RTlFOUE5RTlBOUEpQS
lBKUEpQSlBKUEpQTjBKMEpQSlBKUEpQSlBKMEowSjBKMEowSjBKMEowSjBKMEowS
jBGMEYwSjBKMEowRjBKMEowSjBKEEoQShBKMEovSjBKMEowShBKEEoQShBKEEoQS
hBKEEoQShBKEEoQShBKD0oPSg9KD0oPSg9KD0oPSg9J7koPSg9KD0YPSe5J70nvS
e9F70XvRe9F70XvSe9J70nvSe9J70nvSe9J70nvSe9J70nvSe9J70nvSe9J70nvT
e9J70nvSe9JzknvSe9J70nvSe9J70nvSe9J70nvSe9Jz0nvSc9Jz0nPSc9Jz0nvS
e9Jz0nPSc9Jz0nPSc9Nz03PTe9Nz03PTc9Jz03PTc9Nr02uTa9Nr02vTa9Nrk2uT
a5Nrk2vTa9JrkmuSa5JrkmuSa5JjkmOSY5JjkmOSY5JjkmOSY5JjkmOSa5JjkmOS
Y5JjkmOSY5JjkmOSY5JjkmNRW5FjUWNRY1FjUltRW1FrT2tPa09rT2sPa09rT2tQ
a09rD2sPYw5jDmMPYw9rD2sPaw9rD2tPa09rUGtQa1BrUGtQa09zT3NQc09zUGtP
c5BzkHORa5FzkXOQc1BrUGsQa09rUGtQa5BzUHNQc1BzUHNQc1BzUHtQc1BzUHNR
c5FzkXORc5FzkXORc5FzkXORc5FzkXORc1BzUHNQc5BzkHOQc9B70YPRg9KEEowT
jBOMU4wTjFOMU4xTjFSMU4xTjFOMU4xTjFOMU4xTjFOMU4xTjFOMU4wSjFOMU4xS
jFKMUoxSjFKMUoxSjBKMEowSjBOMEowSjBKMEowSjBKUEpQSlBKUEpQSlBKUEpRS
lFOUU5QTlBOUE5QTlBKUEpQSlBKUEpQSlBKUEowSjBOMEowSjBKMEowSjBKMEoxS
jBKMEowSjBKMEowSjBKMEovRjBKMEowSjBKL0YwRi9GMEowShBKEEoQShBKEEoQS
hBKEEoQShBKEEoQShBOEE4QShBKEEoQShBKEEoQSg9J70oPSg9KD0oPSg9KD0oPS
g9F70nvSe9J70nvSe9J70nvRe9F70XvSe9J70nvSe9J70nvSe9J70nvSg9J70nvS
e9J70nvSe9J70nuSe9J70nPSe9J70nvRe9J70nvSe9J70nvSe9J70nvSe9J7knvS
c9Jz0nPSc9Jz0nPTc9Nz03PTc9NzknPSc9Jz03PTc9Nz03PTc9Nz03PTc9Nz03PT
c9Nz03PTc9Nz03PSc9Nz02vTa9NrkmvSa5JrkmuSa5JrkmvSa5JrkmuSa5JrkmOS
Y5JjkmOSY5JjkmOSY5JjkmOSY1JjkmOSY5NjkmOSY5JjUltSW1JbUWNSW5JbkVuS
a09rT2tOa09zUGtPc09zUGsQaxBrD2sPYs9jD2MPYw9rT2sOaw9rD2tPa1BrUGMQ
axBrEGsQa1FrUGtQa1BrUGtQc1FzUHOQc5BzkHNPa09rT2tPa09rUGtQc1BzUHNQ
c1BzUHNQc1BzUHNQc1BzUHOQc5BzkHOQc5BzkHOQc5BzkHOQc5BzkHOQc5FzUXNR
c1FzkXORe9J70YPShBKMEowSjBKME5QTjBOMU4xTjFOMUoxTjFOMU4xTjFOMUowT
jBOMU4wTjFOMU4wTjBOME4wTjFOMU4xSjFKMUowSjBKMEowSjBKMEowSjBKMEowS
jBKMEowSjBOME4wTjBOME5RTlBOMEpQSlBKUE5QSlBKMEowSjBGMEpQSjBKMEowS
jBKMEowSjBKMEowSjBKMEowSjBKMEowSjBKMEowSjBKMEowSjBKL0ovSi9KL0ovR
i9GMEYvRjBGMEYvRi9GD0YPSg9KD0oPSg9KD0oPSg9KD0oPSg9KD0oPSg9KD0oPS
g9KD0oPSg9KD0oPSg9KD0oPSg9J70nvSe9J70nvSe9J70XvRe9F70XvSe9J70nvS
e9J8EnvSg9KD0oPSe9J70nvSe9J70nvSe9J70nvSe9J70nvSe9J70nvSe9Jz0nvS
e9J70nvSe9N70nvSe9J70nvSe9J70nvSc9Jz0nPSc9Nz03PTc9Nz03PTc9Nz03PT
c9Nz03PTc9Jz03PTc9Nz02vTc9Nz03PTc9Nr02vSa9Nr0mvTa9Jr0mvTa5NrkmuS
a5JrkmuSa5JrkmuRa5JrkmOSY5JjkluSY5JjkmOSY5JjkmOSY5JjkmOSY5NjUmNS
W1JbUltSW1FjUVuRW5FbUmtPa09rT2tPc09zT3NPc09rT2tPYw9jDmMOYw9jD2MP
YxBrEGsPaxBrUGtQY1BrEGsQaxBrUGtQc1BrUHNQa1BrUGtQc1BzUHNQc1BrD2tP
aw9rUGtRa1FrUWtRc1FzUHNQc1BzT3NPc1BzUHNQc1BzUHNQc1BzkXORc1F7kXOQ
c5BzkHOQc5FzkHOQc5BzkXORe5F7kXuRe9KD0oQSjBKME4wTjBOME4wTjFOMU4xT
jFOMU4xTjFOME4wTjBOME4wTjBOEE4wTjBOME4wTjBOMU4xSjFOMU4wTjBOME4wS
jBKMEowSjBKMEowSjBOMEowSjBKMEowSjBOME5QTjBOMU4xTjBOME4wTjBOMEowS
jBKMEowSjBKMEYwRjBGMEowSjBKMEowRjFGEEYwRi9GMEowSjBKMEowSjBKMEowR
jBGMEYwRhBGD0YPRi9KL0ovSi9KL0oPRg9GD0YPRg9GD0YPRg9GD0YPRg9KD0oPS
g9KD0oPSg9KD0oPSg9KD0oPSg9KD0oPRg9GD0YPRe9F7kXvRe9J70nvSe9J70nvR
e9F70XvRe9F70XvRe9F70nvSe9J70nvSe9J70nvSe9J70nvSe9J70nvSe9Jz0nvS
e9J70nvSe9J70nPSe9J70nvSe9J70XvSe9J70nvSe9J70nvSe9Jz0nPTc9Nz03PT
c9Nz03PTc9Nz03PTc9Nz03PTc9Nz03PTc9Nz03PTc9Nz03PTc9Nr02vTa9Nr02vT
a9Nr02vSa9Jr0muSa5JrkmuSa5JrkmuSa5JrkmuSa5JjkmOSY5JjkmOSY1JjkmOS
Y5JjkmNSY5JjkmORY5FjkWOSY5JjkltSW1JbUltSW1JrT2tPaw9rT2tPc5BrT2tP
a09rT2MPYw5jDmMPaw9jD2MPaxBrEGsQaw9rD2tPa09rT2tPa1BrUGtQa09rUGtQ
a1BzUXNQc1BzUGtQa1BrUGMQa1BrUGtQa1BrUGtQc1BzUHNQc1BzUHNQc1BzkHOQ
c5BrUHOQc5BzkHOQc5BzkHOQc5BzkHOQc5FzkXNQc1BzUHNRc5F70XvSg9KEEowT
jBOME4wTjBOMU5RTjFOMU4xTjFOMU4xTjFOME4wTjBOME4wTjBKMEpQSjBKMEowT
jBOME4wTjBOME4wTjBOMEowTjBKMEowTjBOMEowSjBKMEowSjBKMEowSlBOUEpQS
lBKMEowSjBKME4wSjBKMEowSjBKMEYwSjBKMEowShBKEEYwRjBGMEYwRjBGMEowS
jBKMEowSjBKEEowRjBGMEYvRi9GL0YPRg9GEEYQRg9GD0YPRg9KD0YPRg9GD0YPR
g9GD0IPRg9GD0YPSe9GD0YPSg9GD0YPRg9GD0YPRg9F70XvRg9GD0XvRe9B70XvR
e9F70XvRe9F70XPRe9F7kXuRe5F7kXvRe9F70XvRe9F70XvRe9F70XvRe9J70nvS
e9J70nvSe9J70nvSe9N70nvSe5J70nvSe9J70nvSe9J70nvSe9J70nvSe9J70nvS
e9J70nvTe9Nz03PTc9Nz03PTc9Nzk3PTc9Nz03PTc9Jz0nPSc9Jz0nPSc9Nz03PT
c9Nz03PSc9Jz0nPSc9Jr0mvSa9Jr0mvSY9Jr0muSa5JjkmORa5JjkmOSY5JjkmOS
Y5JjkWOSY5FjkluSY5JjkmOSY5JjUmOSY5JjkmOSY5FjkWOSW5JbkluSW5JjkluS
a09rT2sPc09zT3NPa09rT2tQa1BjD2MOWw5jD2NPaw9rEGsQY1BrEGMQa1BrD2sO
aw9rT2tPa09rT2tPa09rT3NQc1BzkHNRa1FrUGtQY1BjT2tPa1BrUGtQa1BrUHNQ
c1BzUGsQc1BrUGtQc1FzUXNQc1BzkHOQc5BzkHOQc5BzkHOQc5BzUHNQc1BzUHNQ
e1BzkHOQe5F70YQShBKEEowSjBKMEowSjBOMU4xTjFKMU4xTjFOMUoxSjFKMUowS
jBKMEowSjBKMEowSjBKMEowSjBKMEowTlBOMEowSjBKMEowSjBKMEowSjBOMEowS
jBKMEowSjBKMEpQSjBKMEowSjBKMEowSjBKMEowSjBKMEowSjBKMEowSjBKMEowS
jBKMEowSjBKMEowSjBKMEowSjBKMEoPSg9KD0oPSi9KL0ovRi9GD0YPRi9KL0YvR
i9GL0YvRi9GD0YPRg9GD0YPRg9GD0YPRg9GD0YORg9GD0YPRg9GD0YPRg9GD0oPR
e9F70XvQe9B70HvQe9B70HvQc9F7kXuRe5F7kXuRe5F7kXuRe5B7kHuQe5B7kHuQ
e5F7kHvRe5F7kXvRe9F70XvRe9F70XvRe9F70XvRe9F70XvRe9J70nvSe9J70nvS
e9J70nPSe9J70nPSc9Jz0nPSe9J70nvSe9J0EnPSc9Jzk3PTc9Nz03PSc9Jz0nPS
c9Jz0nPSc9Jz03PTc9Nz03PTc9Nz03PSc9Jr0mvSa9Jr0WvSa5JrkmuSa5JrkmuS
a5JrkmuSa5JjkmORY5JjkmOSY5NjkmOSY5JjkmOSY5JbkmOSY5JjkmOSY5JjkluS
Y5JjkmNSY1JjUmNSW1JbUmtPa09rT2tPa09rT2tPa09rD2sQaxBjD2LPYw9rD2MP
a09rD2sQaxBrD2sPa09jTmtPa09rT2tPa09rT2tPa09rT2tQa1BzUHNQc1BzUGtP
a09rUGsQaxBrEGsQa1BrUWtQa1FrUGtQa1BrUGtQc1BzUHNQc1FzUHNQc5BzkXOR
c5FzkXNRc1FzUWtRa1BzUHOQc1BzkXuRe9GEEoQThBKME4wTjBOME4wTjBOMU4xT
jFOMU4wTjBOMEowSjBKMEowSjBKME4wTjBOME4wTjBKUEowSjBKMEowSjBKMEowS
jBKMEowSjBKMEowSjBKMEowSjBKMEowSjBOME4wTjBKMEowSjBKMEowSjBKMEowS
jBKMEoQSjBGMEowSjBKMEowSi9KL0ovSi9KL0ovSg9KD0oPSg9KD0oPSg9GL0YvR
g9GD0YPRg9GD0YPRi9GL0YPRg9GD0YPRg9GD0oPRg9GD0YPRg9F70XuRe9J70XvR
e9GD0YPRe9GD0XvRe9F70nvRe9F70XvRe9F70XvRe5F7kXuRe5F7kXuRe5F7kXuR
c5BzkHOQc5BzkHOQc5BzkHOQc5BzkHOQe5B7kHuQc5BzkHuQc5BzkXORc5FzkXOR
c5FzkXORc5BzkXORc5FzkXPRc9Fz0XPRc9Fz0XPRc9Fz0XPRc9Fz0nPRc9Fz0XPR
c9Jz0nPSc9Jz0nPSc9Jz0XPSc9Jz03PTc5Nzk2uTa5NrkmuSa9JrkmvSa9Jr0mvS
Y5JjkmuSa5JrkmuSa5NrkmuSa5JjkmuSY5JjkmOSY5JjUmOSW1JjkmOSY5JjkmOS
Y5JjkmOSY5JjkmNSY5JjkWOSY1JjUmNSY1JjUltSW1JrT2tPa09rT2tQa09rT2tP
a1BrUGMPYw9jD2MPYw9rD2MQYxBjEGMQYxBrD2tPa09rT2tPa09rUGtPa09rUGtQ
a09rUGtQc09zT3NQc1BrUGsQaxBrUGtPa1BrUGtPa1BzUGsPaw9rD2tQa1BrUHNQ
c1BzUHNQc1BzUHNQc1BzUXNRc1FzUXNRa1FrUHNQc1BzUHNQe5F7knvSg9KEE4QT
jBOME4wTjBOME4wTjFOMU4xThFOMU4wTjBOME4wTjBOMEowSjBOME4wThBKMEowS
jBKMEowSjBKMEowSjBKMEowSjBKMEowSjBKMEowSjBKMEowSjBKMEowSjBKMEowS
jBOME4wTjBOMEowSjBKL0owSjBKMEowSjBGEEoQShBKEEoQShBKEEoPSg9KL0oPS
g9KD0oPSg9GD0oPRg9GD0YPRg9GD0YPRg9GL0YPRg9GD0YPRg9GD0YPRg9GD0YPR
g9GD0XvRe9F70XvRg9F70YPRe9F70XvRg9F70XvRe9F70XvRe9F70XPRe9F7knuR
e5F7kHuRe5F7kXuRe5F7kXNRc5FzkXOQc5BzkHOQc5BzkHOQc5BzkXOQc5BzkHOQ
c5BzkHOQc5BzkHOQc5FzkXORc5FzkXOQc5BzkHOQc5BzkHORc5BzkHOQc5BzkHOQ
c5BrkGuRa5FrkXNRc5FzkWuRa5FrkWuRa5FrkWuRa5FrkWtRa5JrkmuSa5FrkWuR
a5FrkWuRa5FrkWuRa5FrkWtSY5JjkmOSY5JjkmOSY5JjkmOSY5JjkmORY5FjkWOS
W5JbkVuRW5FbkWOSY5JjkmORY1JjUmNSY1JjUmNSY1JjkWORY5FjUmNSY1JbUltR
a09rT2tPa1BrUGtPa09jT2NQY09jDmMOWs1azmLPYw9jEGMPYw9jD2sQaxBrEGsP
aw9rT2tPa1BrUGtQa1BrUGtQc1BzT3NQc1BzUGsQaxBjD2tPa09rT2tQa1BrUGtQ
a1BrUGtPa1BrUGtQc1BzUHNQc1BzUHNQc09zUHNQc1BzUHNQc1BzUHNQc1BzUHNQ
c1BzUHuRe9GD0oQShBKME4QTjBOME4wUjBSMFIwUjFOEU4wTjBOME4wTjBOME4wT
jBOME4wTjBOMEowTjBOME4wTjBOUEowSjBKEEowSjBKMEowTjBOMEowSjBKMEowS
jBKMEYwSjBOME4wTjBOME4wTjBOME4wTjBKMEowSjBKMEowSjBKEEoQShBKEEowS
jBKEEoQShBKD0oPSg9KD0oPSg9KD0oPSg9KD0oPSg9KD0YPRg9GD0YPSg9GD0YPR
g9GD0YPRe9F70XvRe9GD0YORg9GD0XvRg9CD0YORg5GDkYORe5F7kXvRe9F70XvR
e9F70XuRe9F70XuRe5F7kXuRe5F7kXuRe5F7kXuRe5FzkXORc5BzkHOQc5BzkHOQ
c5FzkXPRc5FzkXORe5FzkXORc5JzkXORc5FzkWuRc5FzkXORc5FzkWuRa5BrkGvR
a5FrkWuRa5FzkXORc5FrkWuRa5FrkWtRc5FrkWuRa1BrkGuQa5BrkGuQa5BrkGuQ
a1BrUWtRY1FjUWNRY5FjkGuQa5BrkGuQa5BjkWNRY1FjUWNRY1FjUWNQY1BjUGNR
W1BbUFtQY1BjUGNRY1FjUVtRW1FbUltRW1FjUWNRW1FbUVtRW1FbUVtRW1FbUVtR
W1FbUVtRY1FbUVtRW1FbUWsPaw9rD2sPa09rT2tPa1BrUGtPaw9jDmLOYw9jDmMP
Yw9jD2MPaw9jD2MPaw9rDmsPaxBrD2sQa1BrUGtQa1BrUHNQc1BzUHNQc1BzUGsP
Yw9rD2MPa09rUGtQa1BrUXNQa1BrEGsQaxBrUHNQc1FzUHNQc09zUHNQc1FzUXNR
c5FzkXNRc5BzUHNQc1BzEHNQe5F7kYORg9KD0oQSjBKME4wTjBOME4wTjBSMU4xT
hBOMEowSjBOME4wSjBOME4wTjBOME4wTjBOME4wTjBKMEowSjBKMEowSjBKMEowS
i9KMEowSjBKMUowSjBKMEowSjBKMEowSjBKMEowSjBKMEowSlBKMEowSjBKMEowS
i9KEEoQShBKEEoQShBKMEoPSg9KD0ovSi9KD0oPSg9KD0oPSg9GD0YPRg9KD0nvS
g9KD0YPRg9GD0YPRhBGD0XvRg9CD0YPRg9GD0YPRg9GD0YPRe9B70XvRe9F70YPR
g9GDkXuRe5F70XvRe9F70XvRe9F70XvRe9F7kXuRe5F7kXuRe5F7kXuRc5FzkXOQ
c5BrUHOQc5BzkHOQc5BzkHORc5FzkHOQc5BzkHOQc5BzkHOQc1BzkHOQc5BzkHOQ
c5FzkXORc5FrkXORa5FzkXORc5Fz0XOQc5FzkmuRa5FrkWuRa5FrkWuRa5BrkGuQ
a5BrkGuQa5BrkGuQa5BjkGOQY5BjkGOQY1BjUGNQY1FjUGNQY1BjUGNQYxBbUFtQ
W1BbUFtQY1BjEGMQYxBbEFtQW1BbT1tPWw9bEFsQWxBbEFsQWxBbUFtQW1BbUFtQ
W1BbUFtQW1BbEFtRW1BbUFtQW1BbUFtRW1FTUVNRU1FrDmsOaw9rD2sPaw9rD2tP
Y09rT2MPYw9bD2MPYw9jD2MPYxBjD2tPaw9rD2sPaw9rD2sPaw9zUGtQa1BrUGtQ
a1BrUGtQc1BzT3NQa1BrD2sPaw9rD2sPa1BzUHNQa1BrUGtQaxBrUGtQa1BzUHNQ
c1BzUHNQc1BzUHNQc1BzUXNRc1FzUXNQc1BzUHNQc1BzUHNQe5F7kYPSg9KEEowS
jBKME4wTjBOME4wTjFOMU4xSjFOMUowSjBKMEowTjBOME4wTjBKMEowSjBKMEowS
jBKME4wSjBKMEowSjBKMEowSjBOMEowSjBKMEowSjBKMEowSjBKMEowSjBKMEowS
jBKMEowSjBKL0owSjBKMEowSjBKMEowShBKD0oPSg9KD0oPSg9KD0oPSg9KD0oPS
g9KD0oPSg9KD0oPSg9KD0YPRg9GD0YPRg9GD0YORg9GD0XvRg9GD0YORg9GD0YPR
g9F70XvRe9F70XvRe9F70XPSe9F7kXvRe9F70XvRe9F70XvRc9F7kXuRe5F7kHuQ
e5B7kXORc1FzkXORc5FzkXORc5BzkHOQc5BzT3OQc5BzkHOQe5BzkHOQc5BzkXOR
c5FzkXORc5FzkXORc5FzkXORc1FzkXORc5FzkXORc5FzkXORc5Fz0WvRa5FrkmuS
a5JrkmuRa5FrkWuRa5FrkWuRa5FrkWuRa5FrkWuQY5FjkWORY5FjkGORa5FjUWNR
Y1FjUWNRY1BjUGNQY1BjUFtQW1BbUFtQW1BbUFsQWw9bD1sPUw9bD1sPWw9bD1sP
Ww9bD1MPUw9TD1MPUw9TD1MPUw9TT1MPUw9TD1MPUw9TD1MQUxBTEFMQUxBTEEtQ
a09rT2tPa09rUGtPa09rT2tPa09jDmMPYs9jD1sPYw9jD2MPYw9jD2sPaw9rD2sP
aw9zD2sPaw9jT2tPa09rUGtQa1BrUGtQa1BrUGtPa09rT2sPaw9rD2tPa1BrUGtQ
c1BrUGsPa09rT2tPa49rT2tQa1BrUHNQc1BzUHNQc1BzUHNQc1BzUHNQc1BzUHNQ
c1BzUHORe5J70oPThBOME4wTjBOME4wTjBSME4xTjFOMU4RTjBOME4wTjBOME4wT
jBOME4wTjBOMEowSjBKMEowTjBOME4wTjBOME4wTjBOME4wTjBOME4wTjBOMEoQS
hBKD0oQShBKEEowSi9KMEowSjBKMEowSjBKL0owSjBKMEYQShBKEEoQShBKEEoQS
hBKEEYQRg9GD0YPRg9KD0oPSg9GD0oPRg9GD0YPRg9GD0YPRg9GD0YPRg9GD0YPR
g9F70HvRg9GD0YPRg9F70XvRe9F70XvSe5J7knuRe5F7kYORe5F7kXuRe9F70XvR
e5F7kXuRe5B7kHuQe5F7kHOQc5BzkXORc5FzkXORc5FzkHOQc9BzkHOQc1BzkHOQ
c5BzkHOQc5BzkHOQc5BzkXORc5FzkXORc5Fz0XORc5FrkWuRa5FrkWuRa9FrkXOR
c5FzkXORc9Fz0XPRc9FzkXORc5FrkWuRa5FrkWORa5FzkWuRa5FrkWuRa5JrkmuS
Y5JrkmuRa5FrkWuRa5FrkWORY5FjkVuRY5FjkWOQY5FjUWNRY1FjUWNRY1FjUVtR
UxBTEFtQWxBTEFMQUw9TEFMPUw9TD1MPUw9SzlLPUw9Sz0rPUs9Sz1MPUs5SzlLP
Us5Sz1LPUs5SzlLOUs5SzmsPaw9rD2sPa09rD2sPa1BrT2tPYw9izlrOYw9azmMP
Ys5jD2sPaw9rD2sPaw9rD2sPaw9rD2sPa09rT2tPa1BrUGtQc5BzUHNPc09rT2tP
Y09rT2MPY1BrUGtQa1BrUGuQa1BrUGtQa1FrUGtQa1BrUGtRc1BrEHNRc1BzUHNQ
a1BrUGtQa1BrUGtQa1BrUHNRc1FzkXvSe9KEEoQSjBKME4wTjBOME4wTjFOMVIxT
hFOMU4wTjBOME4wTjBOME4wSjBKMEowSjBKMEowTjBKME4wTjBOME4wTi9OME4wT
jBOMEowSjBKMEowSjBKMEoQShBKEEoQSjBKMEowSjBKMEowSjBKMEowTjBOME4wS
jBKEEoQRhBKEEoQShBKEEoPSg9KD0oPSg9KD0oPSg9GD0YPRhBGL0YPRg9GD0YPR
g9GD0YPRg9GD0XvRe9F70XvRe9F70XvRe9F70XvRe9F70XvRc9F7kXuRe5F7kXuR
e5F7kXuRe5F7kXuRe5F7kXuRe5F7kXuQe5B7kHuQe5BzkHOQc5BzkHNRc5FzkXOR
c5FzkXORc5FzkXORc5FzkXORc5FzkXORc5FzkWuRa5FrkWuRa5FrkWuRc5BrkGuQ
a5FrkWuRa5FrkWuRa9FzkXORc5FzkXORc5FzkXORc5FrkXOSa5FrkWuRa5FrkWuR
a5FrkWuRa5FrkWOSa5JrkmuSa5JrkWuRa5FrkmuSa5FrkWuRY5FjkWORY5FjkmOR
Y5FjkWORY5FjUmNSY1JbUltRW1FbUVtRW1FbUVtQW1BbEFMQUw9TEFMQUxBLEEsQ
Sw9LD0rPSs9Kz0rOSs5Sz0rOSs5SzkrOSs5SzlLOUs5rD2sPaw9rT2tPa09rT2tQ
axBrEGLPYs9izmLOYs9jD2MPYw5jDmMPaw9rD2sQatBjEGsQaxBrD2sPa09rUGtQ
a1BrUHORc1BrUGtQa1BrUGMPYw9jD2MQaxBrUGtQa1BrUGtQa1BrUGtQa1BzUWtQ
a1BrUGtQc1BzUHNQc1BzUWtQa1BrUGtQa1BrT2tPa1BzUHORe5J7knvShBOEEoQT
hBOME4wTjBOME4wTjFSMU4xThBOME4wTjBOME4wTjBKMEowSjBKMEowSjBKMEowS
jBKMEowSjBKME4wSjBOME4vSjBKMEowSjBKMEoQShBKEEoQShBKMEowSjBKMEowS
jBKMEowSjBKEEoPShBKEEoQShBKEEYQShBGEEYQRhBGEEYPRg9GD0YPRg9GD0YPR
g9GD0YPRe9GD0oPSg9GD0XvRe9F70XvRe9F70XvQe9B70XuRe9F70XvRe9F70XvR
c9F70XuRe5F7kXuRe5F7kXuRe5F7kXuRe5B7kXuRe5F7kXuRe5F7kXuRc5FzkXOQ
c5BzkHOQc5FzkXORc5FzkXORc5BzkXORc5BzkHNQc1BzUHNQc5FrkXORc5FzkXOR
c5BrkHORc5BzkXORc9FrkWuRa1FrkWuRc5FzkWuRa5JrkXOSc5JzkmuSc5JzknOS
c5JrkWuRa5FrkWuRa5FrkWORa5FrkWuRa5FrkWORY5JrkmuSa5JrkmuSa5JrkmuS
a5FrkmuSY5FjkmORY5JjkWOSY5JjUmNSY1FjUWNRY5FbUVtRW5FbUVtRW1FbUVtR
W1FbUVtRW1FbUVtRU1FLEFMQU1BTUFMQUxBKz1LPUtBS0FLPUs9Sz1LPUs9Sz0rO
aw9rD2sPaxBrT2tPaw9rD2sPYw9jD1sPWs5az1sPYw9jD2MPYw9jT2tPaw9rD2MP
aw9rD2MPYxBrEGtQa1BrUGtQa1BrUGtQa09rUGtQa1FjEGMQYxBjEGMQa1BrT2tP
a1BrUGsPaw9rUGtQa1BrUHNQc1BzUHNQc1BzUHNQc1BzUHNQa1BrUGtQa1FrUHNQ
c1BzkHuRe9GEEoQShBOEEoQShBKME4wSjBOME4xTjFOMU4xTjBOME4wTjBOME4wT
jBOME4wTjBOME4wTjBOME4QTjBOME4wSjBOMEowSjBKMEowSjBKMEowSjBKMEowS
jBOMEoQShFKEEoQSjBKMEowSjBKMEowSjBKMEowSjBKMEovShBKEEoQShBKEEoQS
hBKD0oPSg9KD0YPRg9GD0YPRg9GD0YPRg9GD0YPRg9F70XvRe9F70XvRg9GD0XvR
e9F70XvRe9F70XPRe5F7kXuRe5B7kHuRe5F7kXuRe5F7kXuRe5F7kHuQe5B7kXuR
e5F7kXuRe5F7kXORc5BzkHOQc1BzkHOQc5FzkXORc5FzkXORa1FzUXORc5BrUHOQ
a5BrUGtQa5BrkWuQa5BrkGuQa5BrkWuRc5FzkWuRa5FrkWuRa5FrkWuRa9FrkWuR
a5FrkXORc5FzkXORa5FrkWuRa5FrkWuRc5FrkWuRY5FjkWuRa5FrkWuRa5FrkWuR
a5JrkmuSa5JrkWuRa5JrkmuSY5JrkmuSa5FrkWuRa5FrkWuSY5JjkWORW5FjkWOR
Y5FjUWNRY1FjUWNRW1FbUVtRW1FbUVtRW1FbUVtRU1FTUFNQU1BTUFNQUxFTEEsQ
UxFTEVMRUxFTEVMQUxBTEGsPaw9rD2sPaw9rD2sPaxBrD2MPYw9az2LPWs5izmMP
Yw9jEGMPYw9rD2tPaw9rDmsPa09rD2sPaxBrEGtQa1BrkGtQa1BrUWtQa1BrUGtQ
Yw9jD2MPYw9rT2tPa09rT2tQa1BrUGtQa09rUGtQa1BrUGtQa1BrUHNQa5BzUHNQ
a1BrUGtQa1BrUGtQa1BrUHNQc5B7kXvRg9KD0oQShBOEE4RTjBOME4wTjBOMU4xT
hFOME4wTjBKME4wTjBOME4wTjBOME4wTjBOME4wTjBOME4QThBOEE4wTjBOME4wT
jBKMEowSjBKMUoQShBKMEoQSjBKEE4QThBOEE4QThBOEE4wTjBKMEowSg9KEEoQS
hBKEEYQShBKD0oPSg9KD0oPSg9KD0oPSg9KD0oPSg9KD0oPSg9GD0YPRg9GD0YPR
g9GD0YPSg9F70nuRe9F70XvRe9J70XvRe9F70XvRc5F7kXuRe5F7kXuRe5F7kXuR
c5BzkXuRe5F7kHuQe5B7kXuRe5F7kXuRc5FzkXORc5BzkXORc5FzkXORc5BzkXOR
c5BzkHOQc5BzUHNQc1BzUGtQa5BrkGuQa5BrkGuQa5BrkWuRa5FrkWuRa5FrkWuR
a5FrkWuRa5FrkWuRa5FrkWuRa5FrkXOQc5FzkXORa5FrkmuRa5FrkWuRa5FrkWOR
a5FrkWuRa5FrkWuRa5FrkWuRa5JrkWuSa5JrkWuRa5FrkWuSa5JrkmuSa5JrkmuR
a5FjkWORY5FjkWORY5FjkWNRY1FjUWNRY1FjUWNRW1BbUFtQW1FbUVtRW1FbUVNR
U1FTUVMRW1FbUVtQUxBTUFNQU1BTUVNRUxFTEVMRUxBrD2sPaw9rD2MPa09rEGsQ
axBrEGMQYs9iz2LPYs9iz2sPaw9jD2MOYw9rD2sPYw9jEGMQYw9jD2MQYxBrUGtQ
a1BrT2tQa1BrUGtQc1BrT2MPYw9jD2sPaw9rT2tPa1BrUGtQa1BrUGtQa1BrUGtQ
a1BrUGtQa09rT2tQc1BrUGtQa1BrUGMQaxBrUGtQa1BrUHOQe5F70oPShBKEE4QT
hBOME4wTjBOME4xTjFOMU4RTjBOME4wSjBOME4wSjBOEE4QThBOEE4QTjBOME4wS
jBKEEoQShBKEE4QThBOME4QShBKEEoQShBKEEoQShBKEEoQShBKEEowTjBOME4wT
jBKMEoQShBKEEoQShBKEEoQShBGEEoPSg9KD0oPSg9KD0oPSg9KD0oPRg9GD0YPR
e9F70XvRe9F70XvRe9F70XvRe9F70XvRe9F70XvRe9F70XvRe5F7kXuRc5F7kXuR
e5F7kXuQe5F7kXuRe5B7kHuQe5F7kXuRc5FzkXORc5FzkXORe5F7kXuRc5FzkXOR
c5FzkHOQc5BzkHOQc5BzkHNQc1BzUGtQa1BrkGuQa5BrkGuQa1BrkGuQa5BzkXOR
a5FrkWuRa1FrkWuRa5FrkWuRa5FrkWuRa5FrkWuRa5FrkWuRc5FzkXORc1FrkWuR
a5FrkWuRa5FrkWuRa5FrUXORa5FrkWuRY1FrkWuRa5FrkWuRa5FrkmuSa5JrkmuS
a5FrkWORY5FjkWORY5FrkWuRa5FrkWORY5FjkWNRY1FjUWNRY1FjUVtRW1FbUVtR
W1FbUVNRW1BbUFtQW1BTUFtQW1FbUVtQW5BbUFtQW1BTUFsRW1BbUVsQUxBTEVMQ
aw9rD2tPaw9rD2sPaxBrEGtQYxBiz1rOWs5iz2LPYs9jEGMPYw9jD2MPYw9rD2sP
Yw9jD2MPYw9rD2sPaw9rUGtQa1BrUGtQa1BrUGtQa09rD2MPYw9rEGsPa1BrUGtQ
a1BrEGtQaxBrUGtQa1BrUGtQa1FrUGtQa1BzUHNQa1BrUGtPa1BrUGtQa1BrUGtQ
c1FzkXuRe9GEEoQShBKMEoQSjBOME4wTjBOME4xTjBOME4wTjBOME4wTjBOMEowT
jBOME4wTjBOME4wTjFOMEowSjBKMEowSjBKME4QThBOEEoQShBKEEoQThBOEEoQS
hBKEEoQShBKEEoQShBKEE4QThBKME4QShBKEEoQShBKEEoQShBKEEoQSg9KD0oPS
g9KD0oPSg9GDkYPRg9GD0YPRg9GD0YPRg9F70XvRe9F70XvRe9F70XvRe9F70XvR
c9F7kXuRe5FzkHuRe5F7kXuRe5B7kXuRe5F7kXuRc1FzkXORc5FzkXORe5FzkXOR
c5FzkXuRc1FzkXORc5FzkHOQe5FzkXOQc5BzkHOQc5BzkWuRa1FrUGtQa1BrUGtQ
a5BrkGuQa5BrkGuQa5BrkGuRa1FrkWuRa1FrUWtRa5FrkWuRa5FrkWORa5FrkWuR
a5FrkXORa5JrkWuRa5JrkWuRc5FrkWuRa5FrkWuRa5FrkmuRa5FrkXORa5FrkWuR
a5FrkWuRa5FrkWuRa5JrUWORY5FjkmORY5FjkWORY5FjkWORY5FjkWORY1FjUWNR
Y5FjUWNRW1FbUVtRW1FbUVtRY1FbUFtRW1FTUVtRW1FbUVNRU1BTUFtQU1BbUFtQ
U1BbUFtQW1FbUVMQUxFTEWsPaw9zUGMPYw9rUGsQY1BjEGMQYs9iz1qOWs5iz2MP
Ys9iz2MPYw9jD2MPa05rD2sPaw9rD2sPaw5rD2sPa09rT2tQa1BrT2tQa1BrUGNQ
Yw9iz2MPaw9rT2sPc09rUGtQa09rT2tPa09rT2tQa1BrUGtQa1BrUGtQa1BrUGtQ
a1BrUGtQY1BrUWtQa1BrUGuQc5F70XvRhBKEEoQShBOEEoQShBOME4wTjBOME4wT
jBOME4wTjBOME4wThBOEEoQShBKEEoQShBKEEoQThBOEE4QTjBOME4wTg9OEE4QT
hBOEE4QShBKEEoQShBKEEoQShBKEEYQShBKEEoQShBKEEoQShBKEEoQShBKEEoQS
hBGEEoQShBKEEoPSg9KD0oPSg9KD0YPSg9KD0oPRg9GD0YPRe9GD0nvRe9F70XvR
e9F70XvRe9F70XvRe9Fz0XvRe5F7kXuRe5F7kXuRe5F7kXuRe5F7kXORc5FzkXOR
c5JzkXORc5FzkXPRc5FzkXORa5FzkXORa1FzkXORc5FzkXORc5BzkXOQc1BzUHNQ
c1BzUGtQa1BrUGtQa1BzUHNQc1BrT2tQa1BrUGtQa1BrkWuRa1JrUmtSa1FrUWtQ
a5FrkWuRa5FrkWuRa5FrkWuSa5JrkmvSa5JrkWuRa5FrkWuRa5FrkWuRa5FrkWuR
a5FrkWuRa5FrkWuRa5FrkWuRa5FrkWORY5FjkWORY5FjkWORY5FjkWORY5FjkmOS
Y5JjkWORW5FjkWORW5FbkVtSW1FbUVtRW1FbUVtRWxFbUVtRW1FbUVtRW1FbUVtR
W1FTUFNRU1FTUVMQUxFTUVNRU1BTEFsQWxBTUFNQUxBrD2sPaw9rD2sPaw9jD2sP
aw9rD2LOYs5izVsNYs5jD2LOYw9jD2MPYw9jD2MPYw9jD2LPYxBrD2sPaw9rD2sP
a09rT2tPa1BrEGtQaxBrEGMPYw5jDmMPYw9jD2sPa1BrUGtPa09jT2NPY09jT2tP
a09rUGtQa1BrUGtQa1BrUGtQa1BrUGtPa09rUGtQa1BzkHORe9F70YPShBOEEoQT
hFOME4wTjBOME4xTjFSMFIwTjBOME4wTjBOME4wSjBKMEoQShBKEEoQShBKEEovS
jBKME4wTjBOME4QThBOEE4QThBOEEoQShBKEEoQShBKEEoQShBKEEoQShBOEE4QT
hBOEE4QShBKEEoQShBKEEYPSg9KD0oQSg9J70oPSg9J70nvSe9J70nvSe9J70nvS
e9F70XvRe9F70XvRe9F70XvRc9F70nvRe9F70nORe5F7kXuRg5F7kXuQe5F7kXuR
e5FzkHORc5FzkXNRc5FzkXORc5FzkXORc5FzkXORc5FzkWuRc5FzkXORc5BzkXOQ
c5BzkHOQa5BrUGuRa1BrUWtRa1BrUGtQa1BrUGtQa1BrUGNQa1BrUGtRa1FrUWtR
a1FrUWtRa1FrUWtQa5FrkWuRa5FrkWuRa5FrkWuRa5FrkWuRa5FrkWuRa5FrkWuS
a5FrkWuRa5FrkWuRa5FrkmuSa5JrkmuSa5FjkWORY5FjkWORY5FjUWORY5FrkWuS
a5JrkmuRa5FjkWORY5FjkWORY5FjkWORY1FjUWORW1FbUVtQW1BbUVtRW1FbUVsR
W1FbUVtRW1FbUFtQW1BbUVtRWxFTUVNRU1FbUVtQU1BTUFNQU1FTUUtRU1FTUEtR
aw9rD2sPaw9rD2sPYs9rD2sPYw9iz2LPWs9ajmLOYs5jDmLOYw5rD2MPaw9iz2MP
Yw9jD2MPYw9jD2sPaw9rT2tPa09rUGtQY1BrUGsPaw9jD2MPYw5jD2MPaw9rD2tP
a09rD2MPYw9jD2NPa09rT2tPa09zUGtQa1BrUGtQaxBrUGtPa09rUGtQa09rT2tP
c5BzkHuRe9KD0oPShBKEEoQShBKEE4wTjBOMU4xTjBOMFIwUjBOME4wTjBOME4wT
hBOEE4QThBOEE4QThBOEEoQSjBKEEoQShBKEEoQSg9KEEoQThBOEE4QThBOEE4QT
hBKEEoQShBKEEoQShBKEEoQThBOEE4QThBOEEoQShBKEEoQSfBKEEoPSg9KD0nvS
e9J70nvSe9KD0YPRg9GD0YPRe9F70XvRe9F70XvRc9F70XvRe9F70XuRe5F7kXuR
e5F7kXuRe5F7kXORc5FzkXORc5FzkXORc5FzkXORc5FzkXPRc5FzkHOQc5FzkXOR
c5FzkXORc5FzkXOQc5BzkHOQc5BrkGuQc5BzkGtQa1BrUGtQa1FrUWtRa1FrUGtQ
a1FjUGtQa1BrUGtQa1BrUGtQa1FrUWNRa1FrUWuRa5BrkGuQa5BrkGuQa5FrkWuR
a5FrkWuRa5FrkWuRa5FrkWuRa5FrkWuRa5FrkWuRa5FrkWuRa5JrkWORY5JjkWOR
Y5FjkWORY5FjkWORY5FjkWORY5FjkWORY5FjkWORY5FjkWORY5FbkVtRW5FbUVtR
W1FbUVtRW1FbUFtRW1FbUVtRW1FbUVtRW1FbUFNQU1BTUFNQU1BTUFNQU1BTUFMQ
UxBTEFMQUxBTEFMQUxBTEGsPaw9rD2MPYw9iz2MPYxBjD2MPYw9azlrOWs5azlrO
Yw9bD2LPYw9jD2MPYw9jD2MPYw9rD2sPYw9jD2MPa1BrUGtQa1BrUGtQa1BrT2tP
Yw9jD2MPYw9rD2tPaw9rT2tPaw9rD2sPaw9rT2tQa1BrUGtQa1BrUGtQa1BrUWtQ
a1BrUGtQa1BrUGtQa1BrUHNQc5B70XvSg9KEEoQShBKEEoQShBOEE4QUjFSMVIxU
jFSMFIwTjBOME4QThBOME4QShBKEEoQShBOEE4QThBKEEoQShBKEEoQShBKEE4QT
hBKME4QShBKEEoQShBKEE4QShBKEEoQShBKEEoQShBKEEoQThBOEE4QThBOEE4QS
g9KD0oPSg9KD0oPSg9KD0oPSe5J70nvSe9J70nvSe9F70XvRe9F70XvRe9F70XPR
e9B7kXuRe5F7kXuRe5F7kXuRe5F7kHuRe5F7kXuRc5FzkXOQc5BzkHOQc5BzkHOQ
c5BzkXORc5FzkXORc5FzkXORc5FzkXORc5FzkXORc5FzkXNQc1BzUHNQc1BrUGtQ
a1BrUGtRa1BjEGtQa1BrUGNQa1BrUGtQa1BrUGtQa1BrUWtRa1BjUGtQa1FrUWtQ
a1BrkWuQa1BrUGtRa1FrkWuRa5FrkWuRa5FrkWuRa5FrkWuRa5FrkWuRa5FrkWuR
a5FrkWuRa5FjkWuSY1FrUWuRa5FjkWORY5FjkWORY5FjkmOSY5FjkWORY5BjkGOQ
Y5BjUFtQW1BbUVtRW1FbUVtQW1FbUVtRU1FbUVtRU1FTUVNRU1FTUVNRU1FTUVNR
U1FTUVNRUxBTEFMQU1BTUFNRU1FTUFNQU1BLEEsQSxBrD2sPaw9rD2LPYw9jEGMQ
Yw9jD2MPYs5azVrOWs5iz1rOYw9jD2MPYw9jD2MPYw5jDmMOaw5rDmsOaw5rD2sP
aw9rEGsQaxBrUGtQa1BjD2MPYw9jEGMQYxBrEGsQa1BrT2NPYw9rD2sPaw9rT3NP
a09rUGtQa1BrUGtQa1BrEGtQa1BrUGtQa1BrUGsQa1BzUXNRe5GD0oPShBKEE4QT
hBOEE4QThBOMFIwTjFOEE4wTjBOME4wSjBOME4wThBKD04QShBKEEoQShBKEE4QS
hBKEEoQThBKEEoQShBKEEoQShBKMEoQShBKEEoQShBKEEoQShBKEEoQShBOEE4QT
hBOEEoQShBKEEoQShBJ8EYQShBKD04PSg9KD0oPSg9KD0oPSe5F70XvRe9F70XvR
e9F70XvRe9J7kXuRe5F7kHuRe5F7kXuRe5F7kHuRe5F7kXuRe5B7kXuRe5F7kXNR
c5FzkXOQc5BzkHOQc5FzkXORc5FzkXORc5FzkXORc5BzkHOQc5BzkHOQc5FzkXNR
c1FzUXNQc1BrUHNQc1BrEGtQa1BrUGtRY1FjUGtQa1FrEWtRa1FjkGNQa1FrUWtR
a1FrUWtRa1FrUWtQa1FrUGtQa1BrUGtRa1FrUWNRY1FjkGOQY5FrkWuRa5FrkWuR
a1FrkWuRa5FrkWuRa5JrkmuSY5FjkmORY5FjkWORY5FjkWORY5FjkWORY5FjkWOR
Y5FjkWORY5FjkGOQW05bTmNNY01bTVtOW05bTltPW1BbUFtQW1FbUFtQW1BTUFNR
U1FbUVNRW1FbUVtRWxBTEFsQWxBTEFMQUxBTEFMRUxFTEVMRUxFTUVMRUxFTEVMQ
Yw5jD2MPaw9rD2MPaw9jD2MPYw9jD1rOWs5azlrOYw5iz2LPYw9rEGMPYw9jD2MP
Ys9jD2LPYxBjT2MPYw9jD2sPaxBrEGsQaxBrUGNQYxBjD2LPYs9jD2MPaw9rD2sP
a09rD2sPaw9rD2tPa09rT2tQa1BrT2tQa09rUGtQa09rUGtPa09rT2tPa09rT2tQ
c1FzkXuSe9J8EoQThBOEE4QThBOEE4wTjBSMVIxUjFOME4xTjFOEU4QTjBOEE4QT
hBOEEoQThBOEE4QThBOEE4QThBOEE4QThBOEE4QShBKEEoQShBKEEoQShBKEEoQS
hBOEE4QThBOME4QThBOEE4QThBKEEoQShBJ8EoPSg9KD0oPSg9KD0oPSg9GD0oPS
g9KD0nvRe9F70XvRe9F70XvRe9F70HvRc9F7kXuRe5F7kXuRe5F7kXuRe5F7kHuQ
e5F7kXuRe5F7kHOQc5BzkHOQc5BzkHOQa5BzkXORc5FzkXORc5FzkXORc5FzkXOR
c5FzkXORc5FzkHNQc5FzkXOQa5BrkGtQa1BrUGtQa1BrUGtQa1BrUGtQa1BrUGtQ
a1BzUGtQa1BrUGNQY1BjUGNRa1FrUWtRa1BrUGtQa1BrUGtRa1FrUWtRa1FjUWNR
Y1FjUWuRa5FrkWuRa5FrkWuRa5FrkWuRa5FrkWORY5FjkmOSY5JjkWORY5FjkWOR
Y5FjkWORY5FjkWORY5FjkGORY5FjkWOQY5BjT1tNUspaylrKWwpbCmMLYwxjDWMN
Ww5bD1sQWxBbEFtQW1BbUFtQW1BbUFsQWxBbEFsQWxFTEFMQUxBTEFMQSxBTUFNQ
UxBTEFMQUxBTEVMRUxFTEGMOaw5rDmMPYw5jD2MPaw9rD2sPYw9azlqOWo5azmMP
Ys5izmLPYs5jD2MPYw9jD2LOYw9jD2MQYw9rD2MOaw9rD2tPa09rT2tQa1BrUGMQ
Yw9jDmMOYw5jD2MPaw9rD2sQaxBjD2MPYw9jT2tPa09rT2tPa09zUGtPa09rUGtP
a1BrD2sPa1BrUGtPa09rT2uQc5FzkXvSg9KD0oPShBKEEoQShBKME4wUjBSMFIwU
jBSME4wTjBOME4wShBKD0oQShBOEE4QThBOEE4QShBKEEoQShBKEEoQShBOEEoQS
hBOEEoQShBKEEoQShBKEEoQSfBKEE4QThBOEE4wThBKEEoQShBKEEoQSe9KD0oPS
g9KD0oPSg9KD0oPRg9KD0oPSg5KD0nvSe9J70nvSe9J70XvRe9F70XvRe9F70XuR
e5F7kXuRe5F7kXuRe5B7kHORc5FzkXORe5FzkXuRc5FzkHOQc5BzkGtQc5BzkHOQ
c5FzkXORc5FzkXORc5FzkXORa5FzUHNQc5BrUGuQa1BrUGtQa1BrT2tQa1BrUGtQ
a1BrUGtQa1BrUWtRa1BrUGtQY1BrUGNQY1BjUGNQY1BjUGNQY1BrUGtQa1BrUGtQ
Y1FrUWtRa1FrUWNRY1FjUWNRY1FjkWuRa5FrkmuRa5FrkWuRa5FrkWuRY5FjkWOR
Y5FjkWOSY5JjkmORY5FjkWORY5FjUWNRY1FjUWORY5FjkWORY5FjUWNQYw9jDGMJ
WsdaxlrHWsdbCFrJWspay1sLWwtbDVsOUw5TT1MPUw9bEFsQU1BTUFMQUxBTEVMQ
UxBTEFMQUxBTEFMQUxBTEVMQUxBTEFMQUxBTEVMRUxFjDmMOYw5jDmMOY09rD2LP
Yw9jD2LOYs5azlrOWs5az1rOYw5jDmMOYw5jDmMOYw5jDmMPYw9jD2MPYw9jD2NP
aw9rT2tPa09rT2tPaw9rD2LPYs9izmsPaw9rD2sPaw9rD2sQaw9rD2sPaw9rDmtQ
a09rT2tQa1BrUGtQa1BrUGNPY09jT2tPa09rT2tPa1BzkXORc9F70oQShBKEEoQS
hBKEEoQThBOME4wTjBOME4wTjBOME4wSjBKEEoQThBOEE4QThBOEE4QThBOEE4QT
hBOEE4QThBOEEoQShBKEEoQSfBKEEoQShBKEEoQShBKEEnwThBKD0oPSg9KEEoQS
hBKEEoQShBKEEoQShBJ8EoPSg9KD0oPSg9KD0oPSg9J70nvSe9F70XvSe9F70XvS
e9F70XvRe9F70XvRe9F70XuRe5F7kXORe5F7kXuRc5FzkXORc5FzkXOSc5FzkXOR
c5FrkHOQc5BzkHOQc1BzkHORc5BzkHOQc5FzkHOQc5BrUHOQa1BrUGtQa1BrUHNQ
c1BrUGtQa1BrUGtQa09jUGtQa1BrUGtQa1BrUGtQa1BrUGtQa1FrUWtRa1BrUGtQ
a1BjUWNRY1FjUWNRY5BjUGNQY1BrUGtQa1FjUWNRY1FjkWORY5FrkWuRa5FrkWtR
a5FrkWuRa5FrkWORY5FjkWOSY5FjkWORY5FjkWORa1FjkWORY5FjkWNRY1FjUWNR
Y1FjkWORY1FjUFsOWsxayFqFWoVahFqFWsVaxlrGWsZaxlrHWspay1rMWsxSzlMO
Uw5TDlMOUw9TT1sQWxBTEFMQUxBTEFMPUw9TEEsQUxBTEFMQUxBTEFMQUxBTEFMQ
Yw5jDmMOYw5jDmMOYs5jD2MPYs9az1rPWs5azlrOYs5izmLOYs5izmMOYw5bDmMO
Yw9jDmMPYw9jD2MPYw9jD2sPaw9rD2tPa09rT2sPaw9izlrPYs5iz2sQaw9rEGsQ
aw9rD2sPaw9rD2sPaw9rD2tPa09rT2tPa09rT2tPa09rT2tQa1BrUGNQY09rUGtQ
c1FzkXuRg9KEEoQShBOEEoQThBOEE4QUjBOMFIxUjBSME4wTjBOME4wSjBKEEoQS
hBKEEoQShBOEE4QThBOEE4wThBOEE4QThBOEE4QThBOEEoQSg9KD0oQShBKEEoQS
hBOEEnwShBOEE4QThBOEE4QThBOEE4QThBJ8EoPSg9KD0oPSg9KD0oPSg9KD0oPS
e5J70nvSe9J70nvRe9F70XuRe5F7kXuRe5FzkXuRe5F7kXuRe5F7kXuRe5F7kXuR
c5FzkXORc5FzkXOQc5BzkHOQc5BzkHOQc5BzkHOQc5BzkHOQc5BzkXORa5BrkGuQ
a5FrkGuQa5BrkGtQa1BrUWtQa1FrUWtRa1FjUGtQa1BjUGNQa1BjUGNQY1BjUGtQ
a1BrUGNQY1BjUGNQY1BjT2NQY1BjUGNQY1BbUWNQY1BjUWNRY1FjUWNRY1FjUWNR
Y5FjkWORY5FrkWuRa5FrkWuRa5FrUWtRa1FrkWORY5FjkGORY5FjUWNRY1FjUWNR
Y5FjkWNRY1FjUWORY5JbkWORY5FjkGOQY49bTlrLWsZShFKEUoRag1qEWoRahVqF
WoVShlKGUodSh1LIUspSy1LLUwxTDVMOUw9TD1NPUw9TD1MPUw9TD1MPUw9TD1MP
UxBTEFMQUxBLEFMQUxBTEGMOYw5rD2MPYw9jD2MPaw9iz2MQYs9az1rOWs1izWLO
Ys9iz2LPYs9iz2LPYw9jDmMOYw9jD2sPaw9rD2sPaw9jD2MPaw9rD2tPaw9rD2MP
Ys5izmMOYs5rDmsPaxBrEGsQaxBjD2MPaxBrD2sQaxBrEGsQaxBrT2tPa09rT2tP
a1BjEGsQaxBrEGsQcxBzUHNQe5F7kYPSg9KD0oPThBOEE4QThBOEFIwTjBOME4wT
jBOME4wTjBOME4QThBKEEoQShBKEEoQThBKEEoQShBKEEoQShBKEEoQShBKEE4QS
hBKEEoQShBJ8EoQShBKEEoQThBKD0oQShBKEEoQShBKEEoQShBKEEnvSg9KD0oPS
g9KD0oPSg9KD0oPSg9KD0oPSe9J70nvSe9J70XvRe9F70XPRe9F7kXuQe5F7kXuR
c1JzkXOSe5F7kXORe5FzkXORc5FzkXORc5BzkHOQc1BzUHNQc1FrkXNQc5FzUWtR
a1FzUXORc5FzkHOQc5BzkHNQa1BzUHNQa1BrUGtQa1FrUGtQa1BrUGtQa09rT2tP
a09rUGtQY1BrUGtQa1BjUGNQY1BjUGNQY1BjUGNRY1BjUGNQY1BjUGNQY1BjUGNQ
Y1BjUGNQY1BjUGNRY1FjUWNQY1FjUWNRa5FrkWuRa5FrkWtRa1FrUWNRY1FjUGNR
Y5FjkWORY5FjkmOSY1JjUmNRY1FjUWNRY1FjUVuRW5FbkWORY5FjUWNQY01aylrG
UsVShFqEWoRag1qDWoNag1KEUoRahFKEUoRShVKGUodSiFKIUolSykrLUsxSzVLN
Us5SzlLOUw5TD1MQUxBTEFMQUxBLEEsQSxBTEFMQUxBrD2MPYw5jDmMPYw9jD2MP
Yw9jD2MPYs5ajlrOWs5jD2LPYs9iz1rPYs9iz2MPYw9izmMOYs5rD2sPa09rD2sP
aw9rD2sPaw9rD2NPY09jD2LOYs9iz2MPYw9jT2MPYw9jD2MPYw9jD2sPYw9jD2MP
Yw9rD2sQaxBrEGtQa1BrT2tPaw9rD2sPaxBjD2tQa1FzUXORe5J70nvSg9OEE4QT
hBOEE4QShFOEU4xTjFOMU4xTjBOME4wThBOEE4QThBOEEoQShBKEEowShBKEEoQS
hBKEEoQShBJ8EoPShBKEEoQShBKEEnwShBKEEoQShBKEEoQShBKEEoQShBKEE4QT
hBOEE4QSfBKD0oPSg9KD0oPSg9KD0YPSg9KD0nuRe9J70nvSe9J70nvRe9F70XvR
e9Fz0XvSe9F7kXuRe5F7kXuRc5FzkXORc5FzkXORc5FzkXORc5FrkXORc5FzkHOR
c5FzkXORc5FzUXNRc1FzUXNRc1FzUXNRc1FzUXNRc1BzUGtQa1BrUGtQa1BrUGtQ
Y1BrUGtQa1BrUGsQa1BjUGNPY1BjUGNQY1BjUGMQYxBjUGNQa1BrUGNQY1BjUGNQ
Y1BjUGNQY1BjUGNRY1FjUGNQY1BjUGNQW1BjUGNQY1BjUGtRa1FrUWtRa5FjkWOR
Y5FjkWORa5FjUGNRY1FjUVtRY1FjkWORY5FbUltSW1JbUWNRY1FjUWNRY1BjUWNR
Y1FbUWNRY1FjT2NMWslaxVqEWoRahFqEWoRahFpEWkRSRFJEUkRSRFJEUkRSRVJF
UkZSRlJHUodSiFLIUolSilKLUstSzFLNUs5Sz1MPSxBLD0sQSxBLEUsRSxBLEEsQ
Yw9izmLOYw5azWMOYw5rDmMOYw5azVrOWo1azlrOWs5iz2LPYs9iz1rPYs9jD1sP
Yw5bDmMOYw9jDmsOaw9jD2MPaw9jEGMQYxBjUGNPYw9jD2MPYs5izmMPYw9jD2MP
Yw9rD2sPaw5rDmtPY09jD2sQaxBrEGsQaxBrEGtQaxBrEGsQaw9rEGsPaw9rT3NQ
c5BzkXPRe9J70nvSfBJ8E4QThBOEU4QTjBOMU4xTjBOMU4xTjBKEEoQThBOEEoQS
hBKEEoQSfBKD0oQSg9KD0XvRg9GD0YPRg9F7kYPRg9GD0YPRg9GEEYQShBKD0oQS
g9KD0oQSg9KEEoQShBJ70oQShBKEEoQRg9KD0oPSg9KD04PSe9KD0nvSe9J70nvS
e9J70nvSe9J70nvSe9J70XvRc5F7kXuRe5F7kXuRe5F7kXtRc5FzkXORc5FzkXOR
c5FzkXORc5FzkXORc5FrkXOQc5BzkHOQc1FzUWtQa1FrUWtRa1FrUWtQa1FrUWtR
a1FrUWtRa1BrUGtQa1BrUGtQY1BjUGNQYxBjUGtQa1BjT2NQY1BjUGNQY1BjUGNP
Y1BjT2NPY09jUGNQY1BjUGNQY1BjUGNQY1BjUGNQY1BjUGNQY1BjUGNQY1BjUGNQ
Y1BjkGOQY5BjkGORY5FjkWuSY5FjUWNRY1FjUGNRY1FbUWNQY1FjUWNRY1FjUmNR
Y1JjUWNRY1FbUVtRW1FjUWNRY1FjUVtRYxBbDFrIWoVahVKFUoVShVKEUkRaRFJE
UkRSRFJEUkNSRFJEUkRSRFJEUkRSREpESkVKRlKGUodSiFKIUolSilKLUstKzErN
Sw9LEEsQUxBTEVMQUxBLEGMOYw5jDmMOYw9jD2MPYw9jD2MOWw5azVrNWs1azlrO
Yw5izmLOYs5azmMPYw9azlrOYs9jDmMPYw5jDmMPYw9jT2NQWxBjUGMQaxBjD2LP
Yw9az2MQWw9bD2MPY1BjEGMPYw9jD2MPYw9jEGMPY09rEGsPYxBjEGMPY1BrUGNP
a09rT2sPaxBrEGsQaxBzUHNRe5F70nvSe9J703wSfBOEE4QThFOEU4xTjFOMU4xT
hFOEE4wTg9J70XvSg9J7kXuRe5F7kXuQe5B7j3uPe097T3tPe097TntOe057TXsN
e06DkIPRg9KD0oPSg9KD0oPShBJ70oPTg9OD04PTg9J8EnwSe9J70nvSg9J7knvS
e9J70nvSe9J70nvSe9J70nvSe9J70nvSe9Jz0nvSe5J7knuSe5JzkXORc5FzkXOR
c5FzkXORc5Fz0nORc5BzkHOQc5BzkXORc5FzkXOQc5Bzj3OQc5BzUHNQa1BrUGtQ
a1BrUGuRa5FrkWuRa5FrkWtRa1FrUWtQa1BrUGtQa1BjUGtQa1BrUGtQa1BrUGtP
Y1BjUGNQa1FjUGNQYxBjUGNQY1BjUGNQY1BjUFtQY1BjUGNQY1BjUGOQY1BrUGNQ
a1BjkWNQY1BjUGNQY1BbUGNRY5FjUWORY5FjkWORY5FjkWNRY1FjUWNRY1FjUWNR
Y1FjUWNRY1FjUWNRY1FjUWNRY1FjUWNRW1FbUVtRW1FbUVtRW1FbUFsPWwtSyFqF
UoRahFqEUoRShFKEUoRKhFJFUkVSRFJESkRKREpESkRKREpESkRKREpESgRKREpE
UkVSRVJGUkdKSFKJSopKzVLOUs9TEFLQUxFTEFMQUxBjDmLOYw5jDmMOYw5jD2MP
Yw9jD1sOWs5SzVrOUs5az1rPWs9iz1rPYs5jD1rOWs5bDlsPWs5bD2MPYw9rD2sP
aw9rT2tPa09rT2tQYw9jD1sPWw5bDlsPYw9jEGMPYxBjEGMPYw9jDmMOYw5rDmsP
aw9rD2sQaxBrEGMQaxBrEGsQa1BrEGsPY09rD2sQc1BzUXORe5J70nvTe9N8E4QT
hBOEE4QUhBOMFIwUjBSMFIwTjBOEEnvRe1B7DnsOes16zXrNesx6zHqLeox6i3pL
ekp6SnIJcghyCHIIcghyCXKLcw17kHvSg9KD0oPSg9KD0oPSg9KD0oPSg9KD04PT
g9N70nPSc5FzkHORc5BzkHuRe5GD0oPSe9J703vSe9J70nvSe9J70nvSe9KD0nuR
e5F70XuRc5FzkXORe5B7kXORc5FzkXOSc5FzkXORc5FzkXORc5FzkHORc5FzkHOQ
c1BzUHNQc1FzUXNQa1BzUGtQa1BrUGtQa1FrUWtRa1FrUGtQa1BrUGtQY1BrUGtQ
axBrUGtQa1BrUGtQa09rUGNQY1BjT2NPY1BjT2MQY1BjT2NPY09jT2NPY1BbT2NQ
Y1BjUGNQY1BjUGNQY1BjUGNQY1BbUGNQW1BjUGNQY1FjUWNRY1FjUWNRY5FjkWuR
Y5FjUWNRY1FbUWNRW1BjUWNRY1FjUWNRW1FbUVtSY1FjUWNRY1BjUWNRY1FjUWNR
W1FbUFtQY1BbD1rMUshShVKFUoRahFKEUoRShFKEUoRSREpESkRKRFJESkNKREpE
SkRKREpESgRKREpESkRKRFJEUkRSRFJFUkVSRkpHUopSjVLPUxBLEEsQSxBLUEsQ
as9qzmLOYs5izmMOYw9jD2MPYw9az1rOWo5azlrOWs5azmMPYw9iz2LPYs9az1rP
Ws9azlrOWw5jD2MPYw9jD2MPY1BjT2tPY09jT2MPWw9az1rPWs5jD2LOYw9jD2MP
Yw9jD2MPYs9jD2MPYw9jD2MPYw9jD2NPY09jT2NQYxBjEGMQYxBjD2MPYw9rEGtR
c1FzkXuRe9J703wSe9J8E4PThBOEE4QTjBOME4wTjBOME4wSg9F7D3KMagpyCXHI
cch5yHGHcYdxh3GHcYZxhnGGcUVpRWlFaUVpRWlFYYVph3JLe4570YQShBJ8EnvS
e9J70nwShBKEEoQSg9KD03vTe9NzkmNQWs5SzVLNYw5rT3ORe5J70nvSe9J70nvR
e9F70nvSe9J70nvSe9J70XuRe5F7kXNRc5F7kXuRc5FzkXORc5FzknORc5FzkXOR
c5BzkXORa5FzkWuRc5FzkWuQa1BrUGtQa1FrUWtQa1BrUGtQa1BrUGtQc1BrUGtQ
a1BrUWtRa1FrUGtQa1BrUGtRaxFrUGtPa1BrUGtQY1BjUGNQY1BjUGNQY1BbUGNQ
W1BjUGNQY1BjUGtQY09jT2NQW1BjUGNQY1BjUGNQY1BjUGNQY1FjUWNRY1BjUGNQ
Y1BrUGNQY1BjUWNRY1FjUWORY5FjkWORY1FjUVtRW1FbUVtRW1FbUVtQW1BbUFtR
W1FbUVtRY1FjUVtRW1FbUVtRW1FjUWNQWw5TC1LHUoVShFKEUoRShFKESkRSRFJE
UkRSQ1JEUkRSREpESkRSREoDSkNKREpESkNKQ0pESkRKA0oESgRSBEpESkRKhlKJ
SoxKzkrPSxBLEEsQSxBLEGMPYs9izmLPYs9jD2MPaw9jD2LPYs9azlqOUo5ajlrO
Ws5az1rOWs5az2LOYs5izmLOYs5jDmLPYs9jD2MPYw9jD2NQY09jT2NOY09bTlsO
Ws5azlrOWs9iz2MPYw9jD2MPYw9bD1sPYw9jD2MPY1BjT2MPY09rT2NPY09jT2MP
YxBjEGMQYxBjEGtQa1BrUHORc5J70nvShBKEEoQShBKEEoQShBOME4wTjFOMU4xT
jBOEEnvRew1xyWlGaQVpBWkFaQRpBGkEaQRoxGjEaMRoxGjEaIRow2DDYMNgxGDE
aUVyCXNOe9B70oPSg9KD0nvSe9J70oPSg9OD04PTg9N703PTa5FSzjpMMgs6CkpL
Wo1rUHORe9F70nvSe9J70nvRe9F70XvRe9Fz0XuRe5F7kXORe5FzkXOQc5FzkXOR
c5FzkXNRc5FzkHOQc5BzkHOQc5BzkWuRa5FrkWuRa5FrkGtQa1FrUWtRa1FrUWtR
a1FrUWtRc1BrUGtQa1BrEGtRa1FrUWtQa1BjUGtQa1FjEGNQY1BjUGNQY1FjEGNQ
Y1BbUGNQY1BjUGMQYxBbEFsQWxBbUFtQW1BjUGNQY09jT2NQY1BjEGMQYxBjEFtQ
Y1BbUFtQW1BbUFtQY1BjUGNRY1FjUWOQY5BjUGNQY1BjUWNRY1FjUWNRY1FjUWNQ
Y1FjUWNRY1FbUVtRW1FbUVtRW1FbUWNRY1FjUWNRY1FbUVtRWxFbEFsNWstSh1JF
UoRShFJEWoRSRFJEUkRSRFJEUkRSRFJEUkRSRFJEUkVSREpEUkRKREoESkRKREoE
SgNKBEpDSkNKQ0pEQkZKSEqLSs9LEEMQSxBLEEsQSxBiz2LOYs9iz2LPYs5jDmsP
Yw9iz1rPWo5ajlKOWo5ajlrPWs9az1rPWs9az1rOYs5azlrOYw5azlrPYw9bD2MP
YxBjEGNQY1BjT2NPY09jD2MOYs9iz1rPYtBiz2MPYw9jD2MPYw9bD2NPWw9bD2MQ
YxBjEGMQYxBjUGMQYxBjEGMQYxBjD2MPYw9rD2tQc1BzUXORc5J70nvSe9J8EoQS
hBKEE4wTjBOME4wTjBOME4wTg9J7kXqNaYhoxGiEaINog2iDaINgg2CCYINgg2CD
YINggmCCYIJggmCCWMNgw2EFcgpzD3vSe9KD0oPSg9KD0oPSfBKD0oPSg9KD0oPT
g9Nz0mNRQo0pyyGJKckyCkrNY1BzknOSe9J70nvSe9J70nvSe9J70XvRe9F70XPR
c5FzkXORc5FzkHORc5FzkXORc5BzkHOQc5BzkHOQc5BzkHORc5FzkXOQc5FzUXNQ
a1BzUGtQa1BrUWtRaxFrUWtRa1FrUmtRa1FrUGtQa1BrUGtQY1BjUGNQYxBrUWtR
Y1FrUGtQa1BrUGtQY1BjUWNQY1FbEGMQYxBjEGMPYxBjEGMQYxBjEGNQY09jT2NP
Y09jT2NPY1BjUGNQY1BjUFtQW1BbUFtQW1BbUFtQW1FjUGNQY1BjUGNRY5BjUGOR
Y1BjUWNRY1FjUWNRY1BjUGNQW1BbUVtRW1FbUVtRY1FjUWNRY1FjUWNRY1BjUVtR
W1FbUVtQWw9bDVqKWoZahVqFUkRaRFpEUkRSQ1JEUkRSRFJESkRSRFJEUkRSQ1JE
UkRKREpESkRKREpESkRKBEoESgRKBEoDQgNKBEJGSklKi0LOStBK0EsQUxBLEEsQ
Yw9bDlsOWw5jDmMOYw5jD2MPYs9iz1qOWo5ajlqOWs5azlrOWs5azmLOYs5izmLO
Ys5izlqOYs5iz2LPYs9jD2MPYxBjEGMQYxBjEGMQWs9iz1rPWs9az1rQYw5jDmMO
Ww5bDmMPYw9bD2MPYw9jD2MPYw9jD2MPYxBjD2MQYxBjEGMPYw9jD2MPYw9rT3NQ
c1F7kXOSe9J70nvSe9KD0oQThBOEE4QUjBSMFIwUjBSME4PSe1FyTWlHaMRgg2CD
YIJggmCCWIJggmBCYIJggmCCYIJggmCCYIJggmDDYMNhBmIKc0570YPTe9KD0oPS
g9KD0oPSg9KD0oPTg9N703vTc5JbUTpNIcoZSCGJKcpKjWNQc5J7knvSe9KD0nvS
e9J70nvSe9Jz0nPRc9Fz0XORe5FzkXORc5FzkXORc5FzkXORc5FzkXORc5BzkHOQ
c5BzkHORa1FzUXNRc1FzUWtQa1BrUGtQa1FrUWtRa1FrEWtRY1FrUWtRa5BrUGtQ
axBrUGtQa1BrUGNQY09jT2tQa1BjUGNQY1BjUGMQY1BjUGMQYxBjEGMQYxBbD1sQ
WxBbEFsQWxBbEFsPWxBbEFsQW1BbUGNQY1FjUGNQY1BjUFtQW09bUFtQW1BbUFtQ
W1BjUGNQY1BjkGNRY1FjUWNRY1FbUVtRW1FbUVtRW1FbUVtRW1FbUVtRW1FbUVtR
W1FbUWNRY1FbUFtQW5BbUVtRW1FTEFMOUwxSyVKFUoRShVJEUkRSRFJEUkRSRFJE
UkRSRFJEUkRSRFJESkRKQ0pESkNKQ0pDSkNKQ0pDSkRKREoESgNKA0oDSkRKRkpJ
UotKjlLQUtBS0FLPUw9TD2LOYs5izmLOYs5izmsOYw9jDlrOWs5ajVqNWo1ajVqN
Ys1izlrOWs9aj1rOWs5azlrOWs5izmLOYs5izmLOaw9jD2MPYw9jD2MPaw9jD2LP
Yw9azlKOWs9az1rPYs9jDmMPYw9rD1sPYw9jD2MPYw9rD2sPaw9rD2sPYw9jD2MP
Yw9jD2MPYw9jD2sQa1BrkHORc9J70nvSe9KD03vThBOEE4QTjBOMVIwUjBSMFIwU
jBSD03NRck1pCGCEYINgg2CCYINggliCYIJggmCCYIJggmCCYIJggmCCYINgg2CD
YUVqCXNPe9GD0oPSg9KD0oPSg9KD0oPSg9KD0oPSe9J70muSWxEyDRmKGUkZSTGL
So5rUHvRe9J70nvSe9J70nvSe9J70nvSe9Jz0XPRc9FzkXORc5FzkXORc5BzkXOR
c1JzkXORc5FzkXOQc5BzkHORc5FzkWtRa1BzUWtQa1BrUWtQa1BrUGtQa1BrUGtQ
a1BrUGtQa1BrUGtQa1FrUGtQY1BjUGNQW1BjUGNQY1BjUGNPY1BjUFsQY1FbUGNQ
W1BbEFsPWxBbEFsQWw9bD1sQWxBbD1sQWxBbEFsQWxBbEFsQWxBbEFsRWxBbEFsQ
Y1FjUGNQW1BbEFsQW1BbEFtQW1BjUGNQY1BjUGNQY1BjUGNQY1BbUVtRW1FbUVtR
W1FbUVtRW1FbUVtRW1FbUVtRW1FbUVORW1FbUVtRW1BbUVtRW1BbTlMLUshShVKF
UoRSRFJEUkRSRFJESkRSRFJEUkRKREpESkRKREpESkRKREpFSkRKA0pDSkNKQ0pD
SkRCA0oDSgNKA0JEQkZKSUpMSo5Sz1LQUtBS0FLQUtBaz2LOYs5izmLOYs1jDmMO
Yw5jDlrOWs1azlKNUs1azlrOWs5azlrPWxBaz1rPWs5azlrOYw9izmLOYs5jD2MP
Yw9jEGMPYw9jD2MPYw9jDmMOWs5azlLOWs9i0FrPYw9jD2MQYs9iz2MPYw5jDmsO
Yw9jD2sPYxBjUGMQYw9jD2MPWw9jD2MPYw9jEGNQa1FzkXOSc5J70nvSe9J70nvS
fBOEE4QThBSEFIQUhBSEE4QTe9JzUHIMaUZohGCDYINgg2CCYIJggmCCYIJgg2CD
aEJgQmBDYEJggmCDYIJgg2lFYglrD3uRe9KD0nvSg9KD0nvSe9KD0oPSg9KD0nvS
e5JrklMQMkwZiRGIGYgxylLNa1Bz0nPSe9J70nvSe9J70nvSe9J70nvSc9FzkXOR
c5FzkXORc5FzkHORc5FzkXORc5FzkXORc5FzUWtRc1FzkXORc1FzUWtRa1FrEGtR
a1BrUGtRa1FrUWtRY1FrUWuRa1BrUGNQa1BrUGtQa1BrUGNQY1BjEGMQYxBjEGNQ
Y1BjEGMQYxBjEGMQWxBbEFsQWw9bD1sPWxBjEGMQYxBjEFsQWxBbEFsQWxBbEFsQ
WxBbEFsQWxBbEFsQWxBbEGMQYxBbEFsQWxBbEFsRWxBbEFsQW1BbUFtQW1BjUWNQ
Y1BjUGNQYxBjUFtQW1BbUFsQW1BjUVtQW1BbUVtRW1BbUVtRW1FbUVNRW1FbUVtR
W1BbUVtQWw5ay1rIWoZShVKEUoRShFJEUkRSRVJEUkRKREpESkRSRFJEUkRSRFJE
UkRKQ0pDSkNKQ0pDSkNKQ0oDSgNKA0oDSgNKBEJHSkpKjVLOUs9Sz1MPUw9TEFMQ
Ys5izmLOYs9iz1rOYw5jDmMOYw5azVrNWo1ajlqOWs5iz1rPWs9az1rOWs9azlrO
Ws5bD1rOWs9azlrOWw5bDmMOYw5jDmsPYw9jD2MPWw9azlrOUs5SzlsPWw9jD2MP
YtBiz2LPYs9izmMPYw9jD2MPYw9jD2sPYxBjD2MPYw9jD2MPWw9bD1sPYw9rUGtQ
c5FzknuSe9N703vTe9N704QThBOEE4QThBSEE4QThBOEE3vSe1FyDWkHYIRgg2CC
YIJggmCCYIJggmCCYIJggmCCYIJggmCCYINgg2CDYINhBWnJc0570XvSe9N703vT
e9N703vTe9N703vTe9J70nPSa5JTDzILIYkZSBlIMcpSzmNQc5F70nvSe9J70XvS
e9F70XvRe9FzkXORc5FzkXORc5BzkXORa5BzkXORc5FzkXORc5FzkXNRc5FzkXOR
a1FzUWtQa1BzkGtQa1FrUWsRa1BrUGNQY1BrEGtQa1BzUWtRa1BrUGNQa1BrUGtQ
Y09jD1rOUo1SzlLOUs5bD1sPWw9bD1sPUw9TD1MPUw9TDlsPWw9bT1sPWw9bD1sQ
Ww9bEFsQWxBbEFsQW09bD1sPWw9bEFsQWxBbEFsQWxBTEFsQW09bT1sPY1BbUFtR
W1FbUFtRW1FbUVtRY1FjUWNRY1FbUVtRW1FbUFtRW1FbUVtRW1FbUVtRW1FbUVtR
W1FbUVtRU1FbUVNRU1FTUFNQW1BbD1rNWspSh1JGUkVSRFKEUkRKREpEUoRSRFJE
UkRSRFJEUkRSRFJDUkRKREpESkRKREpESkRKREoESgRKBEoESgRKBEIDQkNCR0pK
SoxKzlLPSs9K0ErQSxBK0GLPYtBaz1rPWs9iz2LPYs9iz2LPWo5ajlKOUo1SjVKN
Ws5azlrOWs5azmLOWs5azlrOWs5azlsOWw5bDlsOWw5jD2MPYw9jD1sPWw9bD2LP
Ws9az1rPWs9i0FsQWxBbD1sPYw9az2LPYw9bD1sPYw9jD2MPYw9jD2LPYw9iz2MQ
YxBjEFsPYw9jEGMQaxBrUWtRc5JzknvSe9J70oQShBKEE4QThBOEE4QThBSEFIQU
g9N70nNQagxhR2DDYIJggmCCYIJggmCCYIJggmCCYIJggmCCYIJgw2DEYMRgxFjE
aQVpyXMPe9F70oPSg9KD0oPSe9J70nvSe9J70nPSc9Jr0mORSs8pyxlJEUgZiTIK
Uw5rUGuRc5Fz0nORc5FzkXORc5FzkWuQa5FzkXORc5F7kXORe5FzkXORc1JzknOS
c5FzkXORc1FzkXNRc1FzUXNRc1FzUWtQa1FrUGtRa1FrEGtRa1FrUGtQa09jUGNQ
Y1BjT2tQa09rD2tPa1BjT2MPUs1CTEJLOko6CkJLSo1KzUrOSo9CjkJMQkxCTUJN
So5Sz1sPWxBbEFsQWxBbEGLQYtBjEFsPWw9bD1sPWw9bDlMPWxBbD1sPWw9bD1sP
Ww9bD1MPWxBbUFtQW1BbEFMQWxBbUVtRW1FbUVtRW5FbUVtRW1FbUVtRW1FbUVuQ
W1BbUFtQW1BbUVtRW1FbUVtSW1JTUVNRU1FTUVNRW1FbUVtQWxBazlqKUodShVKF
UkRSRFJEUkRSQ1JESkNSRFJEUkRSREpESkRKREpESkRKREpESkRKREpDUkRKBEoE
SgRKBEoESgRKBEIESgdKSkpNSs5Kz1MQStBK0ErQStBizmLPYs9iz2LPYs5izmLO
Ws5azlrOUo1SjVKNUo1SjlrPWs9az1qPWo5SzlLOUs5azlrOWs5izlrOWs5jDmMP
Yw9jD1sPWw9bD1sPYs9iz1rPWs9aj1LPUtBbD1sPYs9iz2LPYs5iz2LPWw5bD1sP
Ww9bD2MPYw9jD2MPYs9jD2MPYw9jD2MPYw9jEGNRa1FrkXORe9J70nvSe9J70nvS
fBN8E4QTjFOEE4QUhBOEE3vTe9JzUWpLYQZgg2CCYIJggmCCYINgg2CDYINggmCC
aIJggljDYUVphmlGYQZYxWEGaclzDnuRe9J8EnvSe9J70nvSe5JzkXORc5JrkWuS
Y1FTEEKOIcsZiRlIGYkpykKNWw9jUGNQY1BjUGtQYw9jT2MPWw5bDmMPa1BzkXOR
e5F7kXuRc5FzkXORa5FzkXNRc5FzUXORc5FzkXORc1FrUGuQa5BrkGuQa09rUGtR
a1BrUGNQa1BrUGtQa1BrUGNQY1BjUGNQY1BjUGNQYxBbD0qNOgsxyTGIMYgxiDoK
SkxKjUJMOgs5yTHJMYk5yUJLSo1azlrPWtBbEFsQWxBbEFsPW09bT1tPW09bD1MO
Uw5KzkrNSs5Kz1LPUs9Sz1LPUs9Sz1MPUw9TD1sPUw9TD1MPUxBTUFtQW1FbUFtQ
W1BbUFtRW1FTUVtQW1BbUFtQW1BbEFtRW1FbUVNRU1FTUVNRU1FbEVtQW1BTUVNR
UxFbUFtPUw1ayFLGUoVShVJFUkVSRFJEUkRSQ1JDUkNSRFJDUkNKQ0pDSkNKQ0pD
SkNKQ0pESkNKA0oDSgNKBEoESgRCBEoESgRKBUpIQopCjkrPSs9K0ErQStBK0ErQ
Ys5iz1rPWs9az2LPYs5iz2LOYs5azlqOUo1SjVKOWo5azlrOWs5azlrOWs5az1rO
Ws1azlrNWs1izlrOWs5jD1sPWw5bD1sPWw9bDlrPWs9az1qOWo9az1rPWs9az2LP
Ys9izmLOYw5jDmMOWw5jDmMOYw9jDlsOY09jD2MPYw9izmLPYw9jD2MPYxBjUGtQ
a5FzkXvRe9J8EnwSfBN8E3wThBOEE4QThBOEE4QThBN703uSc1FqS2EGYIRYQ1hC
WENYg2CEWINgg2CDYINgg2CEYMRhRmmJccppimFHWMZZBmHKcw57kXvSe9J70nvS
e9J70muRa1BbD1sOWw5TDkrOOo0qDBmKEUkRSBlIKYk6C0JMSo1KjUqNSo1CjUKN
Qo1CTUJMSkxKjFLNY1BrkXOSc5JrkXORc5FzkXORc5FzkXORc5FrkWuRc5FzUXNR
c1FzUWtQa1BrUGtQa1BrUWtQYxBrUGtQa1BrUGtQY1BjUGNQY1BjUGNQY1FjUGMQ
UtBCTSnLIUkZRxlGIUYxyjoLQkw6SzIKIYgZhyFHKYgxykpMUs1az2MQWw9bD1sP
Ww9bD1sQWw9bD1sPUs5KjUJMQktCSzpMOkxCS0KMQoxKjEKMSo1KjUqOSo5KzkrO
Ss5KzlMPUw9TEFMQW1BbUFtQW1BbkFtQW1BbUVtQW1BbUFtQW1FbUFtQW1FbUVNR
U1FTUVtRW1BbUFtQW1BTUFtQW1BTT1LNUohShlJFUkRSRFJEUkRSRFIEUgRSRFJD
UoNKQ0pDSkNKQ0pESkRKREpDSkNKA0oDSgRKBEoESgRKBEIESgRJxEoESgVCR0pK
So1Kz1LQSs9K0ErQSxBKz1rOWs9az1rPWs9azmLPYs9jD2LOYs5ajVKNUo1SjlKO
Us9SzlLOWs5azlrOWs5azlrOWs5az1rOWs5bDlsOWs5azlrOWw5jD2MPYw9bD1rP
Ws9azlqOWs5iz2LPYs9iz1rPWs9azlrOWs5bDlsPYw9bD2MPYw9jD2MPYw9jEGMP
Ww9jD2MPYw9jD2MQY1BjUWuRa5Jz0nvSe9N703vTg9OD04QThBOMFIQThBOEE4QT
g9J7kXMQWgxZB1iEWINYg1iDYIRoxmjGYMVYhFiDWIRoxWFHagp6THJMacthB1kF
WQZpyHLOe5F70nvSe9J70nvSc5FjUVLOQkw6CzoLOgs6CzHLKcsZSRFIGUgZSCGJ
KckxyTHJMgoyCjIKMgsyCinKMcoxyTHKMgpCS1rOY1BrUXORc5JzkXORc5FzkXOR
c5FzkXORc5BzkWuRa5FrkWuRa5FrUWtQa1BrUGtRa1FrUGtQa1BrUGtQa09rUGtQ
Y1BjUGNQY1BjUGNQY1BjD1LPOkwpyhlIEQcRBxkIKYoyDDpMMgwhyhFIEQYRBhlH
KclCS1LNWs5bDlsPWw9bD1sQWw9bD1sQWxBSz0qOOkwxyTHJMYgpiCnIKYgpyDHJ
MckpyTHKMgo6CjoKOks6S0JLQktCjEKOSo5Sz1MQW1BbUFtRW1FbUVtRW1BbUFtQ
W1BbUFtQW1BTUFtQW1BbUVtQU1BTUFsQWxBbUFtQUxBTUFtQUw9Sy1KJSoRShFJE
WkRSBFJFUkVSRFJEUkRSRFJEUkRSREpESkNKQ0pDSkNKQ0pDSkNCQ0oDSgNKA0oD
SgNKA0oDSgNCBEoFQgdCS0qMSs9Kz1LQUtBSz0rPSs9azmLOYs5izmLOYs9iz2LP
Ys9iz1qOWo5SjVKNUo1SzlqOWo5azlrOWs5azlrOWs5azlrOWs5azVrOWs5azlrO
Ys9iz2LPYw9izmLOWs5az1LOWs5azlrOWs9az1rPWw9az1rPWs5azlrOWw5bD1sP
Ww9bD1sPWw9bEGMPYxBbD1sPYw9jD2MPYw9rUGtQa5FrknORc9J70oPTe9J70nvS
e9J8EoQThBOEE4PTfBN70nvSe5Jyz2oKWQZYhFiEWMRgxGlFcYhxiGlHWMVYxWEF
YUdyCnKMcoxqS2mHYQVhBGEFaghyznuRe5F70nvSc9J7k3OSWxA6TSoKKckhySHI
IYkhiRmJEUgRSBEIEUgZSCGJIYkhiSGIIYkhiSGJIYkZSSGJKYkpSSmIMclCS1rO
a1BzkXORc5Fz0XORc5FzkXORc5FzkHNRc5FzkWtSa1FrUWtRa1FrUGtQa1BrUWtR
a1FrEWsRaxFrEWNQY1BjUGNQY1BjUGNQY1BjUGNQWw9KzzpNKYoZCBDHEMYZByGJ
Mgs6TDILIYkRBxDGEMYZRymJOkxKzlLOUw9bD1sOWw9bD1sPWw9bD1MPSs9CTTIM
IYkhSBlHGQcZBxkGGUYZRxlHGUcZRyFIIUghiCGIKckpySnJMckxyTpLQo1LDlMP
U1BbUFtQU1BbUFtQW1BbUFtQW1FbUVtRW1FbUVtRW1FbUVMRUxFTEVNRUxFTUVMR
UxFTEFMOUspSiFJFUkRSRFJEUkRSRFJESgNSRFJEUkRSREoESkRKREpESkRKREpE
SgRKBEoESgNCA0oDSgRKBEoESgRKBEIEQgRCBkIJQktKjFLPSs9K0ErQStBK0ErP
Ys5azVqOYs5izmLPYw9azmMPYs5azVqNWo1ajVqNWs1ajlqOWo5azVrNWs1azVqN
Wo1azlrPWs5azlrOWs5azmMOYw5jD2LPYs9iz2LPYo5iz1rOUo5az1rOWs5bD1rP
Ww9az1rOWs5izmLOYw9izmMPYw9jD2sQYs9jD2MQWw9bDltOWw5bDlsPYxBrUWuR
c5Jz0nOSe9N703vSe9J70nvSfBKEE4QThBOEE4PTe9N70nvRaw9qClkGUINQg1jD
WQRpSHIMckxhylmGUUZhx2pKcoxyjHJLaYhhBljEWMRhBWnHcs5zkHvRe9J70nvS
c9JrklMPOkwpyiGJGUgRSBFIEUkRSAkIEQgRCBFHEUgZSBlIGUgZSBlJGUkZSRlI
GUkZCBlIGUghSDGJQgtazmNQa5FzkXORc5FzkWuRa5FrkXORc5FzkXORa1FrUWtR
a1FrUWtRa1BrUGtQa1BrUGtQaxBrUGtQa1BrUGtQa09jUGNQYxBjEGsQYxBjEFsQ
Us86DSmKGQcQxhDGGQcpiToLQkwyCyGJEQcIxgjFGUcpyUJMUo5az1rPWw9bD1sP
Ww9bD1sPWw9bEErQQo8yDBlJEQcQxgjGEQYJBREFEQYRBhEGEQcRBhEGEQYRBhEH
GQcZRyFHIYgpyDIKQoxKz0sPU1BbUFtQW1BbUVtRW1FbEVsRU1FTUVNRU1FTUVNR
U1FTUVNRU1FTEVMRUxFTEVMRUxBKzlKLUkdSRVJEUkRSREpESkVKRUpFSkVKRUpE
SkRKREpESkRKQ0pESkVKREJESkNKQ0oDSgNKA0oDSgRKBEoESgRKBEIEQgZKCUJM
Qo5Kz0rPSs9Kz0rQStBK0FrPWs9az1rOWw5bDlsOWw5jDmLOWo1ajlKNUo1SjVKO
Wo5ajlqOWo5ajlKPUo9SjlqOWs5azlrOWs5azmMOYs9azlrOYw9jD2LPWs5azlrP
Wo5ajlqOWo5ajlrOWs5az1rPWs9az1LOWs9az1rPWtBi0GLQYw9jD2MPYw9i0GLP
Ys5iz2LPWs9jEGMQa1FrUXORc5Jz0nPSe9J70nvSe9J70nwThBOEFHwTfBN70nvS
e5J7kXMPacthBliDWINgxGFFagp6jnqOYgxZyWIKYotyzHLMakthyWFGWMRYg1jD
YQViB3NNc5B70nvSe9J70nPTY5JKzzJMGYoRSRFJEUkRSRFJEUgJCAkICQgRSBFI
EUkZSRlJGYoZihmJEYkRSBFIEUgRSBFIGYgpykKMUw9jUGtRa1FjUGNPY1BjUGNQ
a1FrUGtQa1BrUWtQY1BrUGtQa1BrUGtPa1BjT2NQY1BjUGNQY1BjUGNPY09jT2NP
Y1BjUGMQYxBjEGMQYxBaz0rOMkwZiREHCQYIxhkHKckyDDpNMgwhiREHEQYRBhlH
KclCTEqOUs9Sz1MPUw9TD1MPUw9TEErPUxBKz0JOKcwZSREICMcIxwjGCQYJBgkG
CQYIxgjGCMYIxgjGCMYIxgkHEQcRBxkHGUgpiTpLSo5Sz1MPWxBbEFtQW1BbUFsQ
UxBTUVNRU1FTEVMQUxBTEVMQUxFTEVMRUxFbEVMRUxFTEFMQUs5SilJHUkVKRUoF
SkRSBFJEUkVSRFJEUkRKREpESgNKREpESkRCREpESgRCBEoESgRKBEoESgNKA0oD
SgNKA0oEQgRCBEJGQkhCTEqOSs9K0FLQStBK0ErQSxBazmLOYs5izmMOYs5izmLO
Ys5izmLOWo1SjVKNUo5SjlKPUo5SjVKNUs5azlrOUs5azlrOWs1SzVsOUs5az1rP
Ws9az1rPWs9az1sPWw5azlrOUs5ajlKOWs5azlrOWs5azlrOWs5azlrOWs5izmLP
Ys9iz2MPYw9iz2LPYs9az1rPWs9az1sPWw9jUGtQa5FzkXPSe9J70nvSe9J70nvS
e9KEEoQThBSEE3wTe9N703uSe5FrUGoLYQZQg1jDWMRhRWpLcw97D2rOYo1ijWqO
co5qTGHJYMZghGCDYINgg2EFYchrDXOQc9J70nvSe9Jz0mOSUxA6TioMIYshyxnL
GcoZihFJEQgRCBEIGUghiiHLKgsqDCoMKgwhyyGKEUkRSRFIEUkRSSGKOgxSjmMQ
a1FrUWMQUs9SzlLOUs1SzVsNWs5azlrOWw9bD1sPYw9jD2MPYw9jD2MPYw9bD2MP
YxBjEGMQYxBjEGMQYxBjEGMQYxBjEGMQYxBjEGMQWw9KzjILIYkRBwjGCMYRRynJ
Ogw6DDHLGUkQxwjGEMYZRinJQoxSzlLOUs9TEFMQUxBSz1LPWs9TD1MPSs9CjjIN
KYoZiRlIEQgRCBEHEQcRBxEHCQcJBwkHCQcJBwjGCQYIxgjHCQcRBxFIIYkyTEKO
SxBTEFMRWxFTEVMRUxFTEVMRUxFTEVMRUxBTEFMQUxBTEFMQUxBTEVMQUxBTEEsQ
UxBTEFLNUopKh1JFUkRSRFJESkRKREpESkRSRFJEUkRKREpDSkNKQ0pDSgNKA0oE
SgRKBEoESgNKA0oDScRKA0IEQkRCBEIEQgVCRkJJQoxCjUrOSs9Kz0rPStBK0ErQ
Ws5bDlrOWs5azVrNYs5izmLNYs5izlKNWo1STlJOUo5ajlrOUs5azlrOWs5azlrO
Ws5azmLOWs1azVrOWs5az1rQWs9az1sPWs9az1LOWs5Sj1KNUs5az1rPWs9az1rP
Ws9bD1rPWs9az1rPWs9a0FsPWw9bDlrOYw5bD1sPWw9bD1sOWw5bDlsPY1BjUGtR
a5Fz0nvSe9J70nvSe9J8EnwSfBKEE4QThBOEEnvSe9NzknNRaxBqC1kGWINYg2DE
YYZqTHNPc1BzUGsQaw9qzmpMachhRVjDWINYg1iDWINZBWHJcw1zkHvRfBJz0nQS
c9Jr0mNSUxFCjzqPOo86jzJNKgwZihFIEUcRRxmJKgs6jkLPQs9CzzqPKk4hjBlL
EUkRSBFIGYkqC0KNUs9bUWNSY1Faz0pNQgw6CzoLQgs6C0JLQkxCS0JLSoxKjEqN
So1SjVLNUs1SzVMOUs1SzVrNWw1bDlrOYs5iz2MPYw9jD2MPYw9jD2MPY09jEFMP
Qo4yDBmKCQcIxgjGEUcpyToMOgwxyyGJEQcIxgjFGUcpyUJMUo1SzlrPWs5az1rP
Us9Sz1LPUs9Sz0qPQo86TjINKcwhzCHLIcshiiGKIYkhiRlJGUkZSBlIGQgRBxEH
CQcJBwkHCQcZSCGJMgtCjkrPUxBTEFMQUxFTEVLRUxFTEVMQUxBTEFsQWxBbEFMQ
UxFTEVMRWxBbEFsQUxBTEFMQUw9SzEqKSkZKRVJESkRKREpESkRKREpESkRKQ0pE
SkRKQ0pDSgNKA0oDSgRKBEoESgRKBEoDSgNKA0oESgRKBEIEQgRCBEIEQgZKCUJM
So9Kz0rQStBK0ErQQtBK0FrOWs5azlrPWs9iz1rOYs9izlrOWs9SjkpNUo5ajlKO
Ws5ajVqNWo5ajlqOWs5azlqNYs5azlrOWs5az2LOWs9azlrPWs9az1rPWtBaz1qO
Ws5azlqOWo9ajlrPWs5az1rOWs5az1rPWs9az1rPYw9bD2MPWw9bDlsPWw9bD1sP
Ww9bD1rPYw9jD2MPa1BrUHORc9Fz0nvTe9J703vTe9J703wTfBOEE3wTe9J70nvS
e5JzkWsPacthBliDWIRgxWmHakxzUHNRc1FzEHJPckxhSFkFUMRYg1iCWIJYg1jD
YQRhyWsNc5F70XvSe9Jz0nPSa5NjkmNRW1FbUVMRSxFC0DqOGcsRSBEIGUghyjpN
SxBTUUsRSxFCzzJMIcsZiRlIEUgZiSoKOkxLDmNQa1FrUWNQUs5CSzHKMckpySnI
KcgpySnJMckxyTHJMckxyTHJOgo6CjoKOgo6CjoKQktCS0JLQktCTEqMSo1KjVLN
Ww9bT1sPYw9jEGMQWxBTEEKOKgsZiAkHCMYQxhkHKYkyCzpMKcsZSQkHCMYIxhlI
KYpCTEqOUs5SzlMPUw9TDkrOWs9az1rPWs9Sz0rPQo9CjjpOOk4yTTpNMkwyTDJM
MgsyDDIMKcwpyyGKGUkRCAjHCMcIxwkHGUgpyjpNQo5LEFMRUxFTEVMQWxBTEFsR
UxBTEFMQUxBTEFMQUxBTEFMQUxBTD1MQWxBTEFMQWxBbD1LPUsxKiUpGSkVKREpE
SkRKREpESkRKREpESkRKA0oESgRKBEoESgRKBEoESgRKBEoESgRKBEoDSgRKBEoE
SgRKBEoFSgVKBUIGQgpCTEKPSpBS0ErQStBK0ErQQtBazlrPWs9az2LPYw9az1rP
Ws5azlqPUo5SjVKNUo1SjVKNUo1ajVqOWo5ajlqOWo1ajFqNWs5azlrOUs5SzlrP
Us5az1rPWs9az1rPWs9aj1KOWo5ajlqOWs9ajlrOWs9azlqOWs5azlrOWs5azlrP
Ws9az2MPYs9azlrPWs9az1rPWs9az2MOYw9jEGtQa1FrkXORc5Jz0nPSc9J70nvT
e9N703vTfBJ70nvSe9Jz0nvSe5FrEGILWQVYg1iDYMRpR2pLcw97UHMQao5qSmGI
YQVgxFiDWINYg1iCWIJYw1kFYglyznORe5J70nvSc9Jz0nPTc5Nrk2uTa5JjkltS
UxE6jyHLEUkRCRlJKctKz1tRY1JbUlMQOo4yDCHJGUgZSCFIKck6TFLOY1BjUWuS
Y5FbEUqOMcshSRlIGUghRyFHGUghhyFHIUchRymIIYgpiCmIKYgpiCGIKYgpiCmI
KYgpyTHJMckxyTnJOclCCkqMUw5bD1tQYxBjEGMQUs9CTSnLGUkRBxDGEMYZRynJ
OgsyDCnLGUkIxwjGCMUZRynJQkxKzlLOUw5Sz1LPUs9Sz1LOUs5Sz1MPUs9Sz1LP
Ss9Kj0qQQo9Cj0KPQo86jjqPOo86TzpOMg0pzBlKEQgQxwjGCMYRBxmIKgs6jULP
SxBTEFMQUxFTEVMRUxFTEFMQUxBTEFMQUxBTEFMQUxBTEFMQUxBLEFMQUxBTEFLQ
UtBSzkrKSodKhUpFSkRKREpESkRKREpDSkRKREoESgNKBEoESgRKBEoESgRKBEoE
SgRKBEoESgRKBEoDSgNKA0oEQgRCBEIEQgVCB0IKSkxKjUrOSs9Kz0rPSs9Kz0rP
Ws5azVrOWs5azlrOWs5azmLOWs5ajlqNUo1SjVKNUo5ajlqOWo5SjlrOWo5ajlqO
Wo5azlqOWo1azVrOWs5azlsOWs5azlqOWo5azlrOWs1ajVqNWo1SjVrOUs5SzlqO
Ws5azlqOUo5SzlLPUs9az1rPWs9az1rPWs9azlrNWw5bDlsOWw5bD1sPYxBjUWNR
c5FzkXORc9J70nvSe9J70nvSg9N703vTe9N703vSe9J7knOSctFpy2EGWINYg1jE
YUVhyWrMcs1qzWpLYYhZBFjDWMJYgliCWIJYgliCWINhBGHIcs1zkHvSe9Jz0nPS
c9Jz0nPSc9Jz0muSa5Jjk1MROo4hyxFJEUgZiCoKSs5bEWNSW1FKzzJMIcoZSRFI
EUghiToLSo5bEFtRa5FrkWuRWxBCjinLGUkRCBEHEQgRBxEHEQcRBxEHEQcRBxkH
GQcZBxkHGQcZBxkHGQcZBxkHGQcZRyFHIUchhymHMgk6S1LOWs9bEFsQWxBTEErP
Oo0pyxlJEMcQxhDGGQcpyjIMMgwpyxlJCQcIxwkFGUcpyTpMSo1SzlLPUs9Kz0qO
So5KjkqOSo5Sz1LPUs9Sz1LPSs9Kz0rPSs9Kz0rPSs9Kz0rPSs9CjzpOKcwhShEI
CMcIxgkHEUghyjINQo9K0FMQSxBTEFMQUxBTEFMQUxBTEEsQUxBTEFMQUxBTEFNQ
UxBLEEsQSxBLEFMQUxFTEFLQUs1Si1JJSkZKRUpEQkRKREpESkRKREoEQgRKBEoE
SgRKBEoESgRKBEoESgRJxEoESgRKBEoDSgRKA0IDQgNCA0IDQgRCA0IFQgdCSkKM
Qs5Kz0rPSs9Kz0rPSs9Kz1rOWs5azlrOWs5azVrOWs9az1rPWo5ajlJOUkxajVKM
Wo1SjlKOUo5SjlqOWo5ajlqNWo1ajlKOWo5aj1rOWs5azlLOWs5bDlrOWs5azlrO
Ws5SjlLNUs1SzVLNWs5azlrOUs5SzlLOUs5Sz1rPWs9az1rPWs9az1rPWs9bD1rP
Us5azlsPWw9bT1tPY5BjkWuRc5Fz0XvSe9J70nvSe9J70nvSe9J70nPTc9J703vS
e9JzkWsPagthBlCDUINYhGEEYUZyCXIJacdphmEEWMNYg1iCWIJYgliCWIJYg1jD
WQVZyGLMc5F70nvSe9J70nvSe9Jz0nPSc9Jz0nPSY5JbUTpOIYsRSRlIIUg6DErO
Y1FjkVtRSs8yDCGKGUkZSSGJMgtKjlsQY1FrkWuRa5FjUVMROk4pzBlKEQkRSBFI
EQcRBxEIEQgZBxEHEQcRBxEHEMcRBxEHEQYRBhDGEMYRBhEGEQYQxhDHEQYZBymJ
OgtKjlrPWw9jEFsQUxBKz0JOKcwZCQjHCMYRBhkHMco6DDoMKcoZSQkHEMcRBhlI
KclCTEqNSs5Sz1LPUo5KTUILQgtKTEqNSo5Sz1LOUs9TD1LPUs9S0FLQUs9Sz1LP
Us9Sj0rPQo46TSnLGUkRBwjGCMYRByGIKgs6TkKPUtBTEFMQUxBTEFMQUxBTEFMQ
UxFTEFMQUxBTEFMQUxBTEVMQSxBS0FMQUxBTEFMQUxBSz0rNSopKSEpGSkRKREoD
SgNKBEoESgRKBEoDSgNKA0oESgRKBEoESgRKBEoESgRKBEoESgNKA0oDSgRKBEnE
ScRCBEIEQgNCBUIGSkpCjEKOSs9Kz0rPSs9Kz0rPSs9azVrNWs1azVrOWo5ijlrO
Ws5ajlqOUk1STFJNUo1SjVKOUo5SjlKOUo5SjVKNWo1ajVpOWo5ajlqOWs5ajlrP
Wo9az1rPWs5azlLOUs5SzlKOSo1SjVKOUo5SjlKOWs5azVrOUs5SzlrPWs5ajlqO
Ys9az1rOWs5azlMOUw5TDlsPWs5az1sPWw9rT2tQc5FzkWuRc5Fz0nvSe9J70nvT
e9N703vTe9Nz03PTc9JzknOSc5FrD1oKWQVYg1CCWINYw1jEYQVhBVkFWMRYg1iD
WINYg1iDUENYQ1CDUINYw1kEWchizmuRc5J70nvSe9F70nvSc9Jz0nPSc9Jz0muS
W1FCTimLGQkZCSFIOgtSzmNQY1FbUUrPMgwhyhlJGUkxy0pNWs9jEWtRa1JrkmuS
a5JbEUqPOg0xzCmLIYoZShlKEUkRSRlJGUgZSBFIEQcRBwkHEQcJBwkGCQYIxgjG
EMYIxgjGCMYIxgjGEQchiTILQo5Sz1MQWxBTEFMQSs86TSHKEUgIxgjGCQYZSDHK
Ogs6DCnKGUgIxwjGCQYZRynJQotKjUrOUs9Kj0pOOgwxijHKOgtKjEqOUo5SzlLO
Us9Sz1LPUs9S0FLQUtBSz1LPUs9KzkJNMgshiRkHEQYIxgjGEQchijIMQk5Kz1MQ
UxBTEFMQUxBTEFsRUxBTEFMQUxBTEFMQUxBTEFsQUxBTEFMQUxBS0FMQUtBTEFMQ
Ss9KzUqKSkdKBUpESgRKREIDSgRKBEoESgRCBEoESgRKBEoESgRKBEoEQgRCBEIE
SgRKBEoESgRKBEnEScRJxEnESgRCBEIFQcVCB0pJQoxCzkLPSs9Kz0rPSs9K0ErQ
Ws1ajVqOWs9az1rPWs5azlrOWs5ajlKNUo1STVJNUo5SjlKOUo5SjlKOUo9SjlJO
Wo5SjlqOWs1azlrOWo5ajlrOWo5azlrOWs9SzlrOWs5SjlKNUo5SjlKOUo5ajlrO
Ws5azVrOWs5azlrOWs5azlrOWs5azmLPWs5azlrOWo5azlqOWs9iz2LPYxBrEGtR
c5FzknOSe9N70nvSe9J70nvTe9N703PSc9JzknPSc9J7kXORaw5aClkFWINYgliD
WINYxFjEWMNYw1iDWINYQ1hCWEJQQlBCWEJYQ1CDWINZBVnIYsxrUXOSe9Jz0nPS
c9Jz0nPSc9Nz03PTa5NjUlMSMg4hixkIEUghiToLUs9jUGNRW1FTEDqOKg0hzCnM
Qk1Sz2MQY1FrUmuRa5FrkWNRW1BTEEqPQo46TjINMg0yDSnNKgwpyynLKcshiiGK
GYkZSBlIGUgRRxEHEQcRBgkGCQYJBgjGCMYQxhjHIUgxy0KNUs9bD1sPWw9a0EqO
Ok0hihEICMYIxgjGGUgxyjoMMgwhyhFJCQYIxRDFGUcxyUKLSo1SjkqOSk45zCmJ
KUgpSDHJOgtCTUqOSs5SzlLOUs9Sz1KPUs9Sz1LPUs9Kz0rPQo46DDHLGUkRBwjG
CMYRBxlIKco6TELOSw9LD0sQSxBLEFMQSxBLEFMQSxBLEVMRUtBS0FLQUtBS0FLQ
UxBTEFMQUxBSz1LQUtBKz0rOSsxCiUpGSkRKBEoESgRKBEoESgRKBUoESgRKBEoE
SgRKBEIEQgRCBEnESgRKBEoESgRKBEoESgRKBEnEScRKBEIEQgRBxEHGQghCCkpN
Qo5CjkrPSs9Kz0rQSs9Kz1qOUo5azlrOWs5azlrOWs9bDVrNWo1STEpMUo1SjUqN
Uo5SjVKNUk1ajlqOUo5SjVKOWs5SjlqOWo5ajlqOWs5azlrOUs5azlrPWs9azlqO
Wo5STVJOUo5SjlKOWo5azlLOUs5SzlKOUo5SzVLNWs1azlqOWs9azlrOWs5azlLN
Ww9bD1rPWtBbEGNQa1FrkXORc5FzknvSe9J70nvSe9J70nvSe9J70nuSe9J70nvS
e5JzkWrPacpgxViDWENYQ1iDWINYg1iDWIJYg1iDWINYQ1hDWENYQ1hDWENYRFiD
WMVhiGrNa1FzknPSc9Jz0nPSc9Jz0nPSc9Jz0muSY1JTETINIYkZRxlHIUhCS1LO
Y1BrkWNSW1JTEELPOo1CjkrPW1BjUWORa5FrkXORc5FrkVtRUxFTEVLQUtBK0EqQ
SpBCj0KPQo86TzpPOk4yTTINMg0qDCnLKcshyyGKGYoZShlJGUkZSBlIGUghSCmK
OgtKjVLOWw9bD1sPUs9KjjoMIUkZBxDGEMYRBiGJMgsyTDIMKcsZSAkGCMYJBSFH
MclCTEqNUo5CTToMMYohSBkGGQYhiDIKQkxKjlLPUs9Sz1LPUs9Sz1LPUtBS0FLQ
Us5KzkJNMcshiRlICQYJBgkGEUchijIMQo5Kz0rQUxBTEFMQUxBTEEsQSxBLEEsP
UxBK0ErQUtBK0UrQStBK0EsQSxBLEFLPUs9S0FLQUs9SzUqMSolKR0pGSgVKBEoE
SgRKBEoESgRKBEoESgRKBEoEScRKBUoESgRKBEoESgNKA0IDQgNKA0oDQgNCA0ID
QgNCBEIEOgQ6B0IIQktCjUqOSo9Kz0KPSpBKj0qQSo9ajlrOWs5azlrOWs5azlrP
Ws9aj1KOUk1STVKNUkxSjVKOUo5SjlKOUo5SjlJOUo5SjlKOUs5SzlLOUo5SzlLO
Uo5az1rPWo5ajlrOUs5SzlKNUo1STVKNWo5ajlqOUs5SzlLOUs5SzkrNSs5KzlLO
Ws5azmLOWs5azlLOUs9Sz1LOWs9a0FrQYxBjEGNQa1FrknOSc5JzknvSc9Jz0nPS
e9J70nvSc9Jz0nvSe9J70nuSc5Jq0GIKWQVYg1iCWIJYgliDWINYg1iDWINYg1iD
UENYQ1hDWENYg1CDUINQxFjFWYhqjmtQc5JzknvSe5J7knvSc9Jz0nPRc9Jr02NS
UtA6DSGKEUgRSCGIOkxSzmNRa1JrUmNSWxFTEFLQWtBjEGNRa1FrkWuRa5FrkWuR
a5BjUWNRY1FjUVsRWxFbEFMQUxBTEErQStBKz0qPSpBCkEKPOo86TzpOMg0yDTIN
MgwqDDHMKcwpzCnMMcs6DEJNUs9a0FrQWs9Sz0qPQk0pyhlIEQcIxgjGEQchiTIM
OkwyDCGKEQgIxgjFEMYZRzHKQk1CTTpNOgspihlIEQcIxhDGGQcpiToLSo1KjlKO
Us9Sz1LPSs9Sz0rPSw9Kz0qOQk06DCmKIUgRBwjGCMYRBxlIKco6TEqOSs9Sz1LQ
UtBTEVMQUxBTEFMQUxBTEFMQStBK0ErQStBK0ErQStBLEEsQSs9Kz1LQUtBSz1LP
Us1KS0pJSkdKRUoESgRKBEoESgVKBEoESgRCBEIEQgRKBEnESgRKBEIDSgRKBEIF
QgRCBEIEQgRKBEIEQcNCA0IDQcQ6BEIFOgZCSEJMQo1KjkrPQs9C0ELQQtBC0ELP
Wo5ajVqNWs1azVrNWs5azlrOWo5ajlJNUkxSTFJMUoxSTVKOUo5SjlKNUo1SjVKN
Uo1SjlKOUo5azlKOUo1ajlqOUo1ajlqOWo5ajlKNUo1SjVKNUk1SjVKOUs5SjlKO
Us5SjlKNUo5SjlKOUo5SjlLPWs5ajlrOWs5izlrOWs9azlrOWs9az2MQYxBrUGtQ
a5FzkXOSc5JzknPSc9Jz0XPSe9J7knvSe9Jz0nPSc9JzkmtRYxBaC1EGUIRQhFCD
UINQg1CCUINQg1CDUINQhFCEUIRQg1CEWIRQxFDEUQRZRloJas5zkHvRe5JzknOS
c9Jz0nOSc9Jz0mvSc5JbUlMQKgwZiRFHEUgZiDIKSo1bD2MQYxBjUWNSWxBbEGMQ
Y1BjUWNRa1FrUWuRa5FrkWuSa5FjUWNRY1FjUWNRY1FjUVtRW1FbUVtRWxFbEVMR
UxBS0ErQSs9Kj0KPQo9Cj0KOQo86jTqOOo46jjpNQo1KzlLOWxBbD1rPUs9CjjIM
IYkRBwjGAMUIxhFHKck6TDpNMgwpixEHCMYIxhDGGUcxyjoLOgsxyimJGUcRBwjG
CMUIxRlHMck6S0qNSo5SzlLPUs5Sz1LPUs9KzkrPQs9CjTJNKcsZiREICMYIxgjH
EQghiSnLOk1CjlLPUxBTD1MQUxBTEEsQSxBLEFMRUxBS0FLQStBK0ErQStBK0ErQ
StBK0ErQStBK0ErQStBS0FLNSoxKiUpHSkVKBUoFSgVKBUoFSgRKREIEQgRCBEIE
QgRKBEoESgRKBEoEQgRCBEIEQgRCBEIEQgRCBEIEOgM6BDnEOgQ6BEIFQkhCTEpO
So5Kj0qQSpBCkEqQSo9Kj1qNWs1azVrNWs1azVrNWs1azlrNWo5SjVKMSoxSjVKM
UoxSjFqNUo1SjVqOUo5SjVKNUo1SjVKNUo1SjVKOUo9Sj1qOWs5azlrNWs1azlrO
UoxSjVKNWo5SjlrOWo5ajlqOWo5ajlqOWo5ajVqNWo5ajlrOWs5azVrNWs5az1KO
Uo5azlrOYs9jD2NPa1BrkWuRa5FzkXOSc9Jz0nPRe9J70nvSe9J70nvSc9Fz0nPS
c5FzUWrPYkxZiVkGWMZQxlkGWQZZBlkGWQZZBlkGWUZZR1lHWUdZR1lHWUhZiFmI
WcpiTGsPc5B70nPSc9Jz0nPSc9Jz0nPSc9Jz0nOSY1JS0DINGUoRCBEIGUgpiTHK
QkxKjUqNUo5SjlKPUo9Sz1LPUs9TD1sPY1BjUWtRa1FrUWuRa5FjUWNRY1FrEWtR
a1FrUWNRY1FjUWNQY1BjEGMQYxBbD1sPWw9bD1MPUs9Sz0rPUs9Kz0qOSs5KzkrO
Ss5TD1MPUw9TDkqOOgsxyhlIEQYIxQjGEQcZiCnKQkxCTToMKYoRCAjGCMURBhlH
KYgxySmJIYghRxEGCMUIxQjFEQYhSCnKOkxCjUrOSs5Kz0rPSs9Kz0rPSs9KjkJO
Og0pyyGJGUgJBwjGCMUIxhEHIYgxy0KNSs9K0EsQUxBLEEsQSxBLEEsQSxBLEErQ
StBK0ErQStBS0FLQUtBS0ErRStBC0ErQStBK0ErQStBKzkqMSolCR0IHQgZCBkIF
SgVCBUIFSgRKBEnESgNCBEIEQgRCA0IDSgNKA0IDSgNCA0IDQgRCBEIEQgNCA0ID
QgNCA0IEQgRCBUJJQkxKTkqOSo9Kj0qPSo9KkEqPSpBajlrOWo5azlrOUo1ajVrO
Us5ajlKNUo1STVJMUoxSjFKNUo5ajlKNWo1SjVKNSo1SjVKOUo1SjVKNUo1SjlKO
Us5az1LOWs5azlrOWs5ajlKNUo1KTFKNUo1azlKOUo5SzlKOUo5SjVKOUo5SjlrN
Ws1azVLOUs5SzlLOUs5SzlKOWs5azlrPYw9jT2NQa1BrkXORc5Fz0nPSc9Jz0nPS
c9Jz0nPTc9Jz0nOSc5Jz0nOSc5FrEGKOWgtZylnKWcpZylnKWcpZymILYgtaC1oL
WgtaDFpMYk1aDVoMWg1iTWKOYw9rUXOSc9Jz0nPSc9Jz0nPSc9Jz0nPSc9Jz0mOS
StAyTRmKCQgRCBEIIUkpiTHJMco5yjoKOgo6CzoLOgtCC0JLQktSzVsOY1BrUWtS
a1FrUWuQa1BrUWtRa1FrUWtRa1FrUGNRY1FjUWNRY1FjUWMQYxBjEFsQWxBbD1sP
Uw9Sz1MPSw9TD1sPUw9TD1MPWxBSz1LPSo46DTHLIUgZBwjGCMYIxhEHKYkxy0JN
Qk0yCyGKEQcIxgiFEMYRBxlHIUghRxkGEQYIxgjGCMYRByFIKcoyDEJNQo5KzkrO
Ss9Sz0qPSo9Kj0qOQk06DDHLIYkZSBDGCMYIxgjGCMcRByFJKco6TEKOQs9K0ErQ
SxBLEEsQSxBLD0sPSw9LD0sPSw9LD0rPSs9Kz1LPUs9K0ErQStBLEErQSs9Kz0rP
So5KjkpMSkpKSUpIQkdCB0IHQgZCBUIFQgVCBUIEQgRKBEoDQgNCA0oDQgNCA0ID
QgRCBEIEQgRCBEIEQgNCA0IDQgNCA0HEQgZCCUJMSo1KjUqOSo5KjkqPSo9Kj0qP
END qvga

RESULT : bus up, frames dumped. Render them:
         uv run host/cam.py <logfile>
