
=== M8a: Arducam Mega on the RP header ===

clock     : 150 MHz sys
pins      : mosi GPIO12, miso GPIO9, sck GPIO8, cs GPIO13
in_scale  : 0.00787401600  (from the blob, not hard-coded)
model in  : 128x128x3

-- question 1 and 2: is it wired, and how fast --
  bus        rate          id   verdict
  bit-bang     0.50 MHz   0x82   plausible
  pio          0.50 MHz   0x82   agrees with bit-bang
  pio          1.00 MHz   0x82   agrees with bit-bang
  pio          2.00 MHz   0x82   agrees with bit-bang
  pio          4.00 MHz   0x82   agrees with bit-bang
  pio          8.00 MHz   0x82   agrees with bit-bang
  pio         12.00 MHz   0x82   agrees with bit-bang
  pio         16.00 MHz   0x82   agrees with bit-bang

-- bring-up --
  sensor id : 0x82  (legacy table)
  firmware  : 2023-03-03, fpga rev 32

-- repeat-capture matrix: 128x128, 8 MHz, same scene throughout --
  #  recipe      crc32    first px  verdict
  0  as-was      dc68cdf0 7d 4f     a picture 
  1  as-was      c80a8564 08 01     CONSTANT  
  2  no-rewrite  ddcb8832 75 0e     a picture 
  3  flush       c80a8564 08 01     CONSTANT  
  4  norw+flush  abe7b34d 75 0e     a picture 
  5  settle300   f291244d 74 cf     a picture 
  6  everything  6b93e549 84 90     a picture 

-- settle sweep (#27): how long untriggered before the sensor writes a frame --
  premise   : reset then 400 ms -> a picture;  then settle 0 with no register writes -> a picture
  scene     : mean RGB 112 149 123
  settle_ms  up      down   
  0          3/3     3/3
  25         3/3     3/3
  50         3/3     3/3
  75         3/3     3/3
  100        3/3     3/3
  125        3/3     3/3
  150        3/3     3/3
  200        3/3     3/3
  250        3/3     3/3
  300        3/3     3/3
  400        3/3     3/3
  -> settle 0 works 3/3 in both directions, so the fault #27 is about is NOT
     present this boot and there is nothing here to threshold. The matrix above
     says which state the camera is in instead.

  -- and against exposure: does the threshold move with EV? --
  EV   mean RGB           0    25    50   100   200   400   first ok
  0    109 149 120      3/3   3/3   3/3   3/3   3/3   3/3   0 ms
  1    109 149 120      3/3   3/3   3/3   3/3   3/3   3/3   0 ms
  3    109 149 120      3/3   3/3   3/3   3/3   3/3   3/3   0 ms

  -> Matches the recorded matrix exactly. Using recipe `vendor` below.

-- image controls: mean RGB after each, 128x128 @ 8 MHz --
  setting              reg    1st capture        2nd capture       
  (as begin left it)   0x25   111 148 123        113 147 125       
  auto-exposure on     0x30   115 146 127        117 145 129       
  auto-gain on         0x30    99 154 108         99 154 108       
  auto-WB on           0x30    98 154 108         98 154 108       
  WB mode office       0x26   133 137 158        133 137 159       
  WB mode home         0x26   101 131 205         96 126 200       
  WB mode auto         0x26   101 126 196        102 126 194       
  EV +1                0x25   104 125 192        111 130 194       
  EV +2                0x25   117 134 197        124 139 200       
  EV back to 0         0x25   131 143 203        127 138 195       
  brightness +1        0x22   141 149 205        138 144 197       
  brightness +2        0x22   151 155 206        153 155 204       
  brightness back      0x22   122 122 169        123 122 167       
  (no setting blanks its first capture - the fault is specific to the resolution register)

-- f128: 128x128 RGB565, resolution register 0x0b, bus 8.0 MHz, recipe vendor --
  fifo      : 32768 bytes, expected 32768  
  timing    : setup 0.0 ms, expose 69.4 ms, read 32.9 ms  (0.95 MB/s over the bus)
  first 16  : 84 13 83 d3 84 13 84 13 8c 14 8c 14 8c 14 8c 14 
BEGIN f128 128 128 32768 7818a540
hBOD04QThBOMFIwUjBSMFIxVjFWMVIwUhBSEFIwUjFWMVYxUjFSMVZRVlJaMVYxV
jFWMVYyWlJaUloxWjFWMVYxVjFWMVoyWjJaMloxWlJac2KUZpRmlGaUZpRmlWaUa
pRqlGqUapRqlGqUanNmEVoRWjNiU2YyYhFeEV5TZnRmMmIyYlNqMmIRXhFeMmJ0Z
nNiU2J0ZnRmdGZzZlNmU2ZTZhFeMmJTZlJiM2HwWc9WEl4SXc9V8VnyXbFVTUlNS
a9V0FoRWhFeEV4RXdBZbUkrPa9SEVoRWhFZj1DqPOo86jzqPU1F0FHQVdBRr1ELP
Mk4pzSHMOo9jk2vUa9Rr1IQTg9OEE4QThBOEE4xUjBSUVZRVjFWMFYwUhBSMVYxV
jFWMVYxVjFWUlpSWjFaMVYxWjFaUlpSWlJaUVYxVjFWUVpRWlFaUlpSWjFaMVpRX
nNidGaUZpRmlGaUZrRmlGqUapRqlGqUapRqlGqUanNqlGaUapRqlGqUapRqlGqUa
pRmlGaUZnRqdGp0anRqdGZ0ZnRmdGZ0ZnNmc2ZzYnNmc2ZzZnNmc2ZzZnNmU2JTY
lNiU2IyYjJiMmISYhFeEV4RXjJiMl4yXjFeMV4RXhBZ8FXxWhFaEVoRWfFZr1FuT
W5JbkmvUfBV0FXQVdBRr1FMSUxJTE2OUa9Rr1GvUc9SEE4QThBOEE4QTjBSMFIwU
jFSMVYxVhBSEFIwUjBSMFYxVjFWMVZRWlFaUloxWjFWMVoxWlFaUVpSWjFaMVYxW
lFaUlpRWlFaUVoxWjFaUlpzYpRmlGaUZpRmlGaUZpRqlGqUapRqlGqUapRqlGqUa
pRqlGqUapRqlGqUapRqlGqUapRqlGqUZpRmlGaTZpRqlGqUZnRqc2ZTZnNmc2ZzZ
nNmc2ZzZnNmc2ZyYlNmU2JTYlNiU2JSYlJiUmIyYjJiMWISXjJeMl4yXjFeMVoRX
hBeEVoRWhFaEVoRWfFZ8FXwVdBV8FXwVfBVz1XQUdBRz1GvUc9Rz1HPUc9Rz1GvT
hBOD04QUhBSMFIwUjBSMVIwVjFWMVYQVhBSMFIwUjFSMVYxVjFWMVZRWlJaUVoxW
jFaMVoyWlJaUloxWjFWMVoxWlFaUVpRWlFaUVoxVlJec2aUZpRqlGaUZpRmlGqUa
pRqlGqUapRqlGqUanNmU2ZSZlNmU2ZSYlJiU2J0ZnRmc2ZzZlJiMWJzZnNmc2aTZ
nNmc2ZzZlJiMV5zZnNmc2ZzZnNmc2ZzZnJiUl5TYlNiU2JTYjNiMl4yXjJeMmIyX
jFeMV4xXjFeEV4RXhFeEVnxWhFaEVoRWhFZ8VnxWfFZ0FnQVdBV0FXQUdBV0FXQV
dBVz1HPUc9Rz1HPUa9Rr04QTg9OEFIQUhBOME4wUjBSMVIxVjFWMFYwUjBSUFYxV
jFWMVZRVlFWUVpSWlFaMVoxVjFaUVpSWlJaMVYxVjFWMVpRWlFaUlpSWlFaUVpSX
nNmlGaUarRqlGqUapRqlGqUapRqlGq0apRqc2YRWc9Rz1HQUdBVj02vUhFac2IxX
fFZ0VVuTW5N8FXwVjFac2JzZlNmU2XwVa5SMmJSYlNmc2ZzZnNmc2IQWc9SEVpSY
lNmU2JSYfBZrlHwWfFZr1WvVbBR8VoSXfFZz1HwVfBVr02vUa9R8FXwWfFZ8FnwW
dBV0FXQVdBV0FXQVdBVz1XPVa9Rr1GvTa9Rr1GvUa9SEE4PTjBOMFIwUjBSMFIwU
jBSMVYxVjBWMFIwUlBWUVYxVjFWUVZRVlJWUloyVjFaMVpRWlFaUlpSWjFWMVYxW
lFaUVpRWlJaUlpSWlFacl6TZpRmlGqUapRqlGqUapRqlGqUapRqlGqUanRpr1UtT
S1NTlFvVQxFLk3QWjNlrlFOTOxIy0EMSU1NTU2vUjNmMmHwWfBZbUlMRfFV8VoRW
lJic2JzYnNiEVmuTa9OMl5TYlNiEVlNSOo9Tk1vUOo9DEDqPa5OEVnPVQtBbk1uT
Oo5Cz0LPW5N8FXwWfBZz1WOTUxJTEVuTbBV0FXQVc9Rz1GuUY5Njk1uSY5NrlGuU
hBOEE4QThBOEFIwUjBSMFIxUjFWMVYxVjBSMFIxVjFWMVYxVjJWUVZRVnJaUVpRW
lJaUVpSWlJaUloxVjFWMVoxWlFaUVpRWlJaUVpSWnNelGKUZpRmtGq0apRqtGq0a
rRqtGq0arRqtGpzZY9VTU1NTS1NLU0MSS1NsFoTZY9Vb1TLROtFDUVNTdBV8Vo0Y
a9RbUlvUQxFC0FuTW1JbUoyXlNiUmIyXhBaMVoRWhFaMV4zXfFZDEDJOOtBTkzKP
U5Myj1tTfFdbkzJPQtFC0SpOKg0yDkLPa9R8VnQVUxEyTiHMMk46jksRa9Rr1GOT
W1JK0EKOOk46TUKPW1Jr1IPTg9OEE4wTjBSMFIwUjBSMVZRVjFWMVIQUhBSMFYxV
jFWMVpSVlFWUlpSWlJaMVZRWlFaUlpSWlJaMlYxVjFaMVpRWlJaUlpSWlJaUlqTX
pRmtGaUarRqtGq0arRqtGq0arRqtGq0arRqc2VuUS1JDUktSQxJLlENSbBWNGXRW
W5NC0UMSOtFb04yYlNmU2WOTW5R0l1uTS1J0V2PVUxKMmIzZfBV71GNSjJeU13OU
c9SMl4RYS5MiTjrRS1MqT0MSMk9bVHyYbBYyTzqQOpEqTyIOKk9C0WOVdFVTUjJO
OpAhzEsSStEyDVMSY5Q6jzINMk46j0KQQpAqDTIOY5OEE4PThBOEFIwUjBSMFIwV
jBWMVoxVjFWMFIwUjFSMVYxVjFWUVZRVlFWUlpSVlFWUlpSWlJaUlpSWjFWMVYxW
lFaUVpRWlFaUVpSWlJec2KUZpRmlGqUarRqtGq0arRqtGq0arRqtG60anNlTkzrR
OxJLlDsSS5RDU3QWjNlsFVvVS1M60TrRY9SEV4zYlNljk1uTbFZTUktSbFZblFMS
hNiEl1MRa5RbUoSXlNh8FFtRfFV0lkMRIg4qTzrQKk9LUzKQU1N0l2PUKk4qTiJO
Gg0iDSHMMo9bk2vVMk5LEVNSKg5blGPUOo86T1uUQtBC0FNSY5RjlGOTStEhjErR
hBSEE4QThBSMFIwTjBSMFJRVlFWMVYwVjBWMFZQVlFWUVYyVjFWUVpRWlJeUVpRW
lFaUlpSWlJaUloxVjFWMVpRWlFaUVpRWlJaUlpyWpNilGaUZrRmtGq0arRqtGq0a
rRqtGq0arRqtGpTZS1IykTLRS5Q7EkuUQ1N8VpUZdBVTUjrRS1NDEkLRY5OEl5UZ
a9Rbk2PUSxFC0FuTU1JbU4TYdBZTEnQVWxGElpTYhJdbUmwVbFYzECJOMpA60SpP
S1I6j1NSdJdTkyJOIg0iDiIOIg4aDSpOW5Nr1DJNW5NTUTJNZBRsFUrRMg1j1GPU
a9Rr1WvVa9Rr1FuSIcw6j4QThBOEE4xUjBSMFIwUjBSMVZRVjFWMVYwUjBWUVZRV
lFWUVZRVlFWUlpSWlJaUlpSWlJaUlpSWlJaMlpRWlFaUVpRWlFaUVpSWlJacl6TZ
pRqtGa0arRqtGq0arRqtGq0arRqtGq0arRqUmEtTOtE7ElPVQ1NLk0tSfJeVGXQW
QtBLUlvVW5RC0GOTjJiU2YxXhFeEmGOUW5SEl4RXhFeM2HwVdBV8VlsRhFaM2IRW
c9V8VnRWOxEiTzrRQ1MqTzrRMo9LUnSXU5QqTyJOIk4aDiIOIg0qDWPUa9QyTlNS
Oo86j2vUbBVCkDINY9N0FHQUc9Rz1GuUa9RbUinMQpCEFIQThBSMVIwUjBSMFIwU
lFWUVYxVjBWMFYwVlFWUVZRVlJWUVZRWnJaclpRWlFaUlpSWlJeUlpRWlFaMVpRW
lFaUVpSWlJaUlpSWnNetGa0arRqtGq0arVqtWq0brRqtGq0arRqtGqUajJdj1FNS
U1JkFVuTY9Rbk4yXnRqMmFtSY9RsFmwVU1J8Vp0ZpRqdGZ0ZnNlz1HPUnNmc2ZzZ
nNmUmJSYhJdbEnPUdBVjUnwWjJh8VkMSMpBDEkMSMpBTlDsQSxF0VlNTMk8qTjKP
Ig4iDiIOKg5b1GwVOo8yTioNSxJsFWPUMk46j2vUc9Rz1GvUY5NbU0sSOk4hzFMR
hBSEFIwUjBSMFIxUjBSMFIxVjFWMVYxVjBSMFZRVlFWUVZRVlFWUVZSWlJeMlpSW
lJaUl5SWlNaUlpRWlFaUVZRWlJaUlpSWlJaUlpzXpRmlGq0arRqtGq1arRqtG60a
rRqtGq0arVqlGoyXfFZz1HQVfBV8FYzYhFaUmKUanNlz1XwWfFZ8VnPUlJelGaUZ
pRmlGaTZhBWEFpzZnRmdGZ0ZnNmc2IyYY5NbkluSW5KEl4zYhFZj1EsSW9RLUjKP
S1JC0ELQdBVr1EsRSxJLUzKPKk4iTSoOQxBsFVuTMk4yTmPUW5M6jzINW1Jz1HPU
c9RjkjqOMg0qDCoNQtBjk4QThBOEE4wUjBSMFIwUjFWMVYxVjFWMFIwUjBWMVYxV
lFWUVZRWlFaUlpSWlJaUlpSWnJaUl5SXlJeMVoxWlFWUVpRWlJaUlpSWlJac16UZ
pRmtGq0arRqtGq1arVqtWq0arVqtWq1brVqlGZ0YnNidGZzZnNmlGpzZpRmtWqUZ
nNic2ZzZnNmc2KUZpRqlGqUapRqk2ZyYnJmlGqUapRmlGaUZnNmU2YyYhFeEV4xX
lJiU2JTYjJd8FYRWdBVsFGvUY9Rj1HxWfFZr1GOTbBVjlEtSU1JC0FNRdFV0VWOT
a9R0FVtSQo9TEXPUc9R0FXPUY5NCkDqQQtBTUmOTa9SEFIQUhBSMFIwUjBSMFJQU
lFWUVYxVjBWMFIwVjFWUVpRWlFaUVpRWlFacl5SWlJaUlpSWlJaUlpyWlFaUVpRW
lFacVpRWlJaUl5SWnNilGa1arRqtGrUarRqtGq1arVqtWq1arVqtWq1arVqtWq1a
rVqtGq1arVqtGq0arRqtGqUarRqtGq0arRqtGq0arRqtGq0apRqlGqUapRmdGaUZ
pRmk2aTZnNmc2ZzZnJmc2ZzYnNic2JTYjJeMmIyYjFiMl4RXjFeMV4xXhFaEVoRW
fFZ8FXwWc9V71YQWhFZ8FXwVdBVz1GvUdBV8FXQVdBR0FGvUY5Njk2OUa9Rr1GvU
hBWEFIQUjBSMFIwTjBSUFIxVjFWMVYwVjBSMFZRVlFWUVZRVlFWUVZSWlNaUlpSW
lJaUl5SWlJaclpRWlFWUVZRWlJaUlpSWlJaUl5zYpRmtGq0arRqtGq1arVqtWq1b
rVqtWq1atVqtWq1arVqtWq1arVqtWq1arVqtGq0arRqtGq0arRqtGa0apRqtGq0a
rRqtGqUapRqlGaUZpRmdGaTZpNik2aTZnNic2JzYnNic2JzYnNiU2JTYlNiUmJSY
lJiMl4xXjJeMl4SXjFeMV4xXhFeEVoQWhFaEVoRWhFV8VXwVfBV8FXwVfBV0FXQV
dBVz1HPUc9Rz02vUa9Rr1IQUhBSEFIwUjBSMFIwUjBSUVZRVlFWMVYxVjFWUVZRW
lFaUVpRWlFaUl5SXlJeMlpSWlNaUlpSWlJaMVZRVlFWUVpRWlJaUlpSWlJak2KUZ
rRqtGq0arRqtGq1arVq1Wq1arVqtWq1arVqtWq1arVqtWq1arVqtWq1arVqtWq1a
rVqtWq0arRqlGq0arRqtGq0arRqk2qUapRmlGaUZpRmlGaUZpNik2aTZnNic2JTY
nNic2JzYlNiU2JSYlJiMmIyXjJeMl4xXjJeMl4yXjFeMVoxWhFaEVoRWhFWEVYQV
hBV8FXwVfBV8FHvVfBR8FXQUc9Rz1HPUc9RrlGvUa9SMFIQUhBSMFIwUjBSMFIwU
jFWUVoxWjFWMVYxVlFaUVZRVlFWUVpRWnJaclpSWlJWUlpSWlJaclpyWlFaUVZRW
lFaUVpSWlJaUlpzWpNitGa0ZrRqtGq1arVqtWq1arVqtWq1arVqtWq1arVqtWq1a
rVqtWq1arVqtWq1arVqtWq0arVqtGq0arRqtGq0arRqtGq0arRqlGaUZpRmlGaUZ
pRmlGaUZpNmc2ZzYnNic2JzYnNic2JzYlNiUmJSYlJiUl5SXjJeMl4yXjJeMV4xX
hFeEVoRWhFaEVoRWhFWEFYQWfBV8FXwVfBV8FXwVfBV0FHPUc9Rz1GvUa9Rr1GvU
hBSEFIwUjBSMFIwUjBSUFZRVlFWUVYwVjBWMVYxVlFaUVpRWlFaUVpyWnNeUlpSW
lJaUl5SWlJaUlpRVlFWUVZRWnJaUlpSWlJeUl6UYrRmtGa0arRqtWq1brVqtWq1b
rVutW61brVutWrVatVq1WrVatVq1WrVarVqtWq1arVqtWq1arVqtGq0arRmtGq0a
rRqtGq0ZpRmlGaUZpRmlGaUZpRik2KTZpNmk2ZzYnNic2JzYnNiU15TYlJiMmJSY
jJeMl4yXjJeMloyXjFeMV4xXhFeMVoRWhFaEVnwWfBV8FXwVfBV8FXvUfBV8FXQV
dBV0FXPUc9Rz1HPUa9Rr1IwUjBSMFIwUjBSMFIwVjBSMVZRWjFaMVYQVjFWUVpRW
lFaUVpRVlJWUlpzXlJaUlpyWnJaclpyXnJaUVZRVlFWUVpSWlJaUlpSWnNelGK0Z
rRqtGq0arVqtWq1arVq1WrVatVq1WrVatVq1WrVbtVu1W7VbtVu1WrVatVq1WrVa
tVqtWq0arRqtGq0arRqtGq0apRqs2q0arRmlGaUZpRmlGaTZpNmk2aTZpNic2JzY
lNic2JzYlNeU2JSXjJiUmJSYlJeMl4yXjJeMl4xXjFeMVoRWhFaEVoRWhFaEVoQW
fBZ8FnwVfBV0FXQVdBV0FXQVa9Vz1GvUc9Rr1GvUa9SMFIwUjBSMVIwUjBSMFIwU
jFWUVpRVlFWMVYxVjJWMVpSWlJaUVpRVnJaclpSWlJaUlpTXnJaclpyWlFWUVZRV
lFWUVpSWlJaUlpzXpRmtWq0arVq1Wq1atVq1WrVatVu1WrVatVq1WrVatVq1WrVa
tVq1WrVatVq1WrVatVq1Wq1arVqtWq1arRqtGq0apRqtGq0arRmlGaTZpRmlGaUZ
pRmk2aTZpNmk2ZzYnNic2JzYnNic2JTXlNiU2JSYlJeUl4yXjJeMl4yXjJeMVoxX
jFeMVoQWhFaEVYRWhFaEFoQWhBV8FXwVdBV8FXwVfBV0FXPUc9Rr1GvUa9Rr02vU
hBSD04QUjBSMFIwUjBSUVJRVlFWUVYxVjFWMVZRVlFWUlZRVlFWUlpSWnJaUlpRW
lJaUlpSWlJaUlpRWlFaUVpRWlFaUlpSWlJac16UZrVqtGq0atRq1WrVatVq1WrVa
tVq1WrVatVq1WrVatVq1WrVatVq1W7VatVq1WrVatVq1Wq1arRqtWq0arRqtGa0a
rRqtGq0ZrRmtGaUZpRmlGaUZpNik2aTZpNmk2ZzYnNic2JTXlNiU2JTYlJiMl4yX
jJeMl4yXjJeMl4yXjFeMV4xXjFaEVoRWhFaEVYQVhBWEFXwVfBR8FXwVfBV8FXQV
c9Rz1HPUc9Rr1GvUa9Rr1IwUhBSEFIxVjFWMFIwUjFSMVZRVlFWUVYxVjFWUlpRW
lFaUlpSWlJaUlpyWlJaUlpSWlJaclpyWnJeUVpRWlFaUVpRWlJaUl5yWpNitGa1a
rRqtWq1atVq1WrVatVu1WrVatVq1WrVatVq1WrVatVq1WrVatVq1WrVatVq1Wq1a
rVqtWq1arVqtWq0arRqtGq0arRmtGazZrRmlGaUZpRmlGaTZpNmk2aTZnNic2JzY
nNiU2JTYlNiUmJSYjJeUl5SXlFeUl4yXjJeMl4xXjFeMVoxWhBaEVoRWhFZ8VnwV
fBV8FXwVfBV71XwVfBV0FXQUc9Rz1HPUa9Rr1GvUa9SMFIQUhBSMVYwVjBWMFYwV
jFWUVpRWjFWMVYxVlJaUlpSWlJaUlpSWnJacl5SWlJaUlpSWnJaclpyWlFWUVZxV
lFaUlpSWlJaclqTYrRmtWq0arVqtWrVatVq1WrVatVq1WrVatVq1WrVatVq1WrVa
tRq1W7VbtVu1W7VbtVq1WrVatVq1Wq1arRqtGq0arRqtGqUarRmtGa0ZpRmlGaUZ
pRmk2aTZpNmk2ZzYnNic2JyYlNec2JzYnJiUmJSYlJeUV5SXjJeMl4xXjFeMV4xX
jFeMV4RWhFZ8VoRVhBaEFXwVfBV8FXwVdBR0FXQVdBVz1XPVc9Rz1GvUa9Rr1GvU
hBSEFIQUjBWMFIwUjBSMFIxVlFWMVYxVjFWMVZSWlFaUlpRWlFaclpyWnJaclpSW
nJaclpyWnJaclpRVlFWUVpRWlFaUlpSWnJek2K0ZtRmtGrUatVq1WrVatVq1WrVa
tVq1WrVatVq1WrVatVq1WrVbtVu1W7VbtVu1W7VbtVu1WrVarVqtGq0arRqtGq0a
rRqtGqUapNmlGaUZpRilGaUZpRmk2KTYpNic2JzYnNic2JTXnNicmJyYlJiUmJSX
lFeUl4yXjJeMl4xXjFeMV4xXhBaEVoRWhFaEVoQVhBV8FXwVfBV8FXwVc9V0FHPU
c9Rz1HPTc9Rz1GvUa9Rr1IPUhBSMFIxVjFSMFIwUjFSUVZRWlFaUVoxVjFWUVpRW
lFacVpRWlFaUlpyXnJaUlpSWlJaclpyXnJeUVoxWlFaUVpSWlJaUl5yXpNmtGa0Z
rRq1GrVatVq1WrVatVq1WrVatVq1WrVatVq1WrVatVq1WrVatVq1WrVatVq1WrVa
tVq1WrVarVqtWq0arRqtGq0arRqlGq0ZrRmlGaUZpRmk2aTZpNik2KTYnNicmJzY
nNic2JzYnJiUmJSYjJiUl5SXlJeMl4yXjJeMl4xWjFaEVoRWhFaEVYRWfBaEFXwV
fBV8FXwVfBV71XQVdBV0FXPUc9Rz1HPUa9Rr02vUa9SL04wUjBSMVYwUjBSMFIxU
lFWUVpRWlFWMFYxVlJWUlpSVlJaUVpSWlJac1pSWlJaUlpSWnJaclpyWlFWUVZRV
lFWUlpSWlJac16TYrRmtGa0arVq1WrVatVq1WrVatVq1WrVatVq1WrVatVq1WrVb
tVu1W7VbtVq1WrVatVq1WrVatVq1Wq1arRqtGq0arRqtGqUarRmtGa0ZpRmlGaUZ
nRmlGaTYpNik2JzYnNic2JzYnNic2JTYlJeUl4yXlJeUV5SXjJaMl4yXjFeMV4xX
jBeMVoRWhFaEVoRWhBWEFXwVfBV8FXQVdBV0FXQVdBVz1HPUc9Rr1GvUa9Rr1GvU
jBSD1IQUjBWMFIwUjBSMVZRVlFaUVpRVjFWMVZSVlJWUlZSVlJaclpyWnJaUlpSW
lJacl5yWnJaclpRVlFWUVZSVlJaUlpSXnNelGK0ZrRmtGq1atVq1WrVatVq1WrVa
tVq1WrVatVq1GrVatVq1WrWbtVq1WrVatVq1WrVatVq1WrVatVqtWq0arRqtGq0a
rRqlGq0ZrRmtGaUZpRmlGaTZpNik2KTYpNic2JyYnNic2JzYnNiU2JSYlJiUl5SX
lJeUl4yXjJeMl4RXjFeMV4xWhFaEVoRWfFaEVoQWfBV8FXwVdBV8FXwVfBV8FXQV
c9Rz1HPUa9Rr1GvUa9Rr1IwUjBSMFIwVjBWMFYwUjFWUVpRWlFaUVoxVjFWUlpRV
lJWUlpRWlJaUl5zWlJaUlpSWlJaclpyWnJaUVZRVlFWUVpSWlJaUlpzXpRitGa0a
rRqtW7VatVq1WrVatVq1WrVatVq1WrWbtVq1WrVatVq1WrVatVq1WrVatVq1WrVa
tVq1Wq1arRqtWq0arRqtGq0arRqk2a0ZrRmtGaUZpNmk2aTZnNmk2KTYnNic2JzY
nNec15zYlJiUl5SXlJeUV5SXlJeMl4yXjJeMV4xXjFaMV4RXhFaEVoRWhBaEFoQW
fBV8FXwVfBV8FXwVdBVz1XPVc9Rz1GvUa9Rr1GvUa5SMFIwTjBSMFIxVjBWMFYxV
lFWUVZRVlFWUVZRVlJWUVpRWlFaUVpRWlJecl5SXlJaUlpzWnJaclpyWlFaUVZRW
lFaUlpSWnJec2K0ZrRmtGq1arVq1WrVatVq1WrVatVq1WrVatVq1WrVatVq1WrVa
tVq1WrVatVq1WrVatVq1WrVatVqtWq1arRqtGq0arRqtGq0ZrRmtGa0ZrRmlGaUZ
pNmk2KTYpNik2JzYnNic2JzYnNic2JyYlJeUl5SXlJeUl5SXjJeMV4xXjFeMV4xX
jBaEVoRWhFaEFXwWfBV8FXwVfBV8FXvUfBV0FXQVc9Rz1HPUc9Rr1GvTa9Rr1GuU
jBSL1IwUjFSMFIwUjBSMFJRVlFWUVoxWjFaMVZRWlJaUlpRWnFaUlpyWnJeUlpSW
lJaclpyWnJaclpRVlFWUVZRWlJaUlpyXpNetGK0ZrVmtWrVatVq1WrVatVq1WrVa
tVq1WrVatVq1WrVatVu1W7VbtVu1WrVatVq1WrVatVq1WrVarVqtWq0arRqtGq0Z
rRmlGa0ZrRmtGaUZpRmk2aTYnNik2KTYpNicmJzYnNic2JzYnJiUmJSYlJiUWIyX
jJeMl4yXjFeMVoxWjFaMVoRWhFaEVoRWhBWEFYQVfBV8FXwVdBV8FXwVfBV0FXPU
c9Rr1GvTa9Rr1GvUY9RrlIwUjBSMFIwUjBSMFIwUjFWUVZRWlFaMVoxVjFWUlpSW
lJaUVpRWlFaUlpzWlJaUlpSWlJaclpyWnJaUVZRVlFWUVZSWlJacl6TYrRmtGa1a
rVq1WrVatVq1WrVatVq1WrVatVq1WrVatVq1WrVatVq1WrVbtVu1W7VbtVu1WrVa
tVq1Wq1arRqtGa0arRqtGqUarRmtGa0ZrRmlGKTZpNmk2aTYnNik2KTYpNic2JzY
lNic2JyYlJiUl5SXlJeUl5SWjJeMl4xXjFeMVoxWjBaMVoRWhFaEVXwVhBWEFYQV
fBV8FXwVfBV8FXvUc9Rz1HPUa9Rr1GvUa9Nr1GuUa5SMFIwUjBSMFIwUjBSMFIxU
lFWUVpRWlFaMVYxVlJaUlpSWlFaUlpSVlJacl5SXlJeclpyXnJacl5yWlFaUVZRW
lFaUlpSWnJek2K0ZtVqtWq1atVq1WrVatVq1WrVatVq1WrVatVq1WrVatVq1WrUa
tVq1WrVatVq1WrVatVq1WrVarVqtWq0arRqtGq0arRmlGa0ZrRmtGa0ZpRmlGaTZ
pNik2KTYpJik2JzYnNic2JyYnJicmJSXlJeMV5SXlJaUl4yXjFeMV4xWjFaMVoxW
hFaEVoRWhFZ8FoQVfBV8FXwVfBV8FXwVfBV0FHPUc9Rz1HPUa9Rr1GPUa9RrlGuU
jBSMFIwUjBSMFIwUjBSMVJRVlFaUVpRWjFWMVZSWlJaUVpRWlFaclpSWnNeclpyW
nJaclpyWnJecl5RWlFaUVpRWlJaUlpyWpNetGbUZrRm1WrVatVq1WrVatVq1WrVa
tVq1WrVatVq1WrVatVq1WrVatVq1WrVatVq1WrVatVq1Wq1arVqtGq0arRqtGa0Z
pRmtGa0ZrRmtGaUZpNmk2aTZnNikmKTYpNic2JzYnNicmJSYlJeUl5SXlFeUl5SX
jJeMl4yXjFeMVoxXjBaMVoxWhFaEVoQVhBaEFoQWfBV8FXwVfBV0FHQUdBRz1XPV
c9Rz1HPUa9Rr1GvUa9Rrk4wUjBSMFIwVjBSMFYwVjBWMVZSWlJaUVZRVlFWUVZRW
lFaUVoxWlFacl5zXnJaclpyWnJaclpyXnJaUVYxVlFWUVpSWlJacl6TYrRmtGa0a
tVq1WrVatVu1WrVatVq1WrVatVq1WrVatVq1WrVatVq1WrVatVq1WrVatVq1WrVa
rVqtGq0arRqtGq0arRqtGa0ZrRmtGa0ZrRmlGaTZpNik2KSYpNik2KTYnNic2JzY
nJicmJyXlJeUl5RXlJeUl5SWjFeMVoxWjFaMVoxWjFaEVoRWhFaEFoQWhBWEFXwV
fBV8FXwVfBV71XPUc9Rz1HPUc9Rz1GvUa9RrlGuUa5OMFIwTjBSMFIwUjBSMVYxV
jFWUlpSWlFaMVYxVlFaUVpSWlFaUVpRWnJec15SWnJaclpzWnJacl5SXlFWUVZRV
lFaUlpSWnNek2K0ZrRmtGrVarVq1WrVatVq1WrVatVq1WrVatVqtGaTYrRmtGaTZ
pRmtWrVatVq1Wq0arRmtGa0ZrRmtWa1ZrRmtGaTYpNis2a0ZrRmtGaUYpNmcmJyY
nNic2JyXnJec15yXnJiUl5yXnJecl5RXlJeUl5SXjJeMl4xXjFeMV4xXjFaEFoxW
hFWEVYRVhBWEFXwVfBV8FXvVfBV8FXwVdBR0FXPUc9Rz1GvUa9Nr1GvUY9RrlGuU
jBSMFIwUjBSMFIwUjBSMVZRWlFaUVpRWjBWUVZRVlFaUVpRWlFaUlpSWnNeUlpSW
nJaclpyXnJeclpRVlFWUVZRVlJaUlpzXpRitGa0ZrRqtWq1atVq1WrVatVq1WrVa
tVq1WbVapNiEFZyWpNeL05RWrRmtGq0arRqcmJyXpNiUVpyXrRmtGa0ZrRmUVpRW
pNitGa0ZpRilGKTYjFWD1JyWlFWD1IwVnJecl5yXnJeUl5SXlJeUl5SXjJeUl5RW
lFeMV4xXjFaMVoRWjFaMVoRWhFaEFXwVfBV8FXwVfBV8FXQVfBR8FHQUc9Rz1HPU
c9RrlGvUa9Rr1GvUa5Rrk4wUjBSMFIxUjBWMFIwVjFWUVpRWlFaMVoxVjFWUlpSW
lFaUVpRWlJaUlpyWlJacVpyWnJacl5yXnJaUVZRVlFWUVZSWnJecl6TYrRmtGa0a
tRq1WrVatVq1WrVatVq1WrVatVq1WoxWOYyL0pRTSgpzk6TZnNic2KTYc1J7UZxU
aw+D06TYrRmtGaTYc1J7UqTYrNik2JyXnJeUVmLQUk6MFHuSSgx705SXlJeUl5SX
lJeUl5SXjJeUl5SXlJeMl4xXjFeMVoxWjBaMVoxWjFaEVoRVhFWEFYQVfBR8FXvV
fBV8FXwVfBR71HPUc9Rr1HPUa9Rr1GvUY9RrlGuUa5OMFIwUjBSMFIwUjBSMFIxV
lFWUVpRWlFaUVYxVlFWUVoxVlFaUVpRWlJac15yWlJaclpyWnJecl5yWlFWUVZRV
lFWUlpSXnNelGK0ZrRmtGa1arVq1WrVatVq1WrVatVq1WrVarVqD1SkJc1CDkTlI
e5KcVIPSe5OMFFJNUk2DkkHLaxCk160ZrRmk2GLRc1Kc2KUZlFZ704PTjBRSTDmK
e9JajyEJc1KMVYPUe9SEFYQVjBaEFoQVlFeUV5RXlFeMVoxWhFaEVoRWjFaMVoxW
hFaEVoQWhBWEFYQVhBV8FXwVfBV0FHQUc9Rz1HPUc9Rz02vUa9RrlGuUa5RjlGOT
jBSMFIwUjFSMVIxUjBSMVZRVlFWUVpRWjFWMVZRWlFaUVpRWnFaUVpyWnNaUlpyW
nJac1pyWnJaclpRVlFWUVZRVlFacl6TXpRitGa0ZrRqtWq1arVq1WrVatVq1WrVb
tVq1Wq1Ze5QxS2KPYo4xSXuSjBRrEEoMe5JSTVqOg5NJzGsQpNetGa0ZpNhi0HNT
pNik13NRUk1ajntSSg0xSmMQSg0pCXNRe5JazlJMaw9jDnOSa1Fzk4xXlFeMV4xW
e9Vzk3OTc9OEFYxWjFaEFoQWhBWEFYQVhBWEFHwVe9R8FHwUfBRz1HPUc9Rz1HPU
a9Rr1GvUY9RrlGuUa5Rjk4wUjBSMFIxUjFSMFIwUjFSMVZRVlFaUVZRVlFWUVpRW
lFaUVpRWlFaUlpzXlJaclpyXnJecl5yWnJaUVZRVnFWUVpyWnJak2K0ZrRm1Ga0Z
rRmtWq1atVq1WrVatVu1WrVatVqtWnuTSg1KDFJNQct71IPTa1FBzIPTWo57kpRV
Wo6EFKUZrRmtGZzYWtBzU6TYlFdST1JNSk1rEUoMOYpKDDmKMUprUmtSUk8xi1JP
SgxazkIMa1OMVoxXjFaMFnNRQgtBylqNe9SMFowWhBaEFoQVhBWEFYQVfBV8FXwV
fBV0FXQUdBRz1HPUc9Rz1HPUa9Nr1GvUa5RjlGOUY5SMFYwUjBSMFIwUjBSMFIxU
jFWUlpSWlFaMFYxVlFaUVpRWlFaUVpRWlJecl5yWnJaclpzWnJaclpyWlFWUVZxV
lJaUlpyXpNitGbVarRmtGq1arVqtWrVatVq1WrVatVq1WrVarRpzUmLQSgxij1pO
e5JzEGLPSgyL02LPe5KUVVqOg9Sk2K0ZrRmc11rPa1KUVowVSk5ST2LQc1JSTkoM
OcpBzDnLaxFjEFJOOUpaj1qOOcs5zIPUlFaMV4xXjBZi0TFKIQhCDHvUhFaEVoQW
hBaEFoQVhBWEFYQVfBV8FXwVfBV71HPUc9Rz1HPUc9Rr1GvUa9Rr1GuUa5Rrk2OT
jBSEFIwUjBSMFIwUjBSMFIxVlFWUVoxVjFWMVZSWlFaUVpRWlFWUVpSWnJaclpyW
nJaclpyWnJaclpRVlFWUVZRVlJaclqTYrNmtGa0arRmtGq1arVq1WrVatVq1WrVa
tVq1Wq0Zg5SD1GsQg9NzUYPUas9rUWLPlBVzUXuSnFVrD3vTpNitGa0ZnJdiz2LP
e5J7k2LPYtBzUXuTWs9akEHMWo9KTWLRSk1KDTmLYxBrDylJSg6EFoxXjFeMV4QW
YtExSSEHQgt704QVhBWEFoQWhBWEFXwVfBV8FXwVfBV8FHvUc9Rz1HPUc9Rz1GvU
a9Rr1GvUa5RrlGOUY5Njk4wUjBSMFIxUjFSMFIwUjBWUVpRWlFaUVpRWlFWUVZRV
lFaUVpRWlFaUlpyXlJaUlpyWnJaclpyWnJaUVZRVlFWclpyWnJek2K0ZrRmtGq1a
rRqtWq1arVq1WrVatVq1WrVatVqtWpSXnJeUVpyXlFacl4wVjBWMFZyYjFaMFZyX
jBWUFaTYrRmtGaTYg9RzknuSjBSL03NSe5KMFHuTe9RzUXuUc1FzUmLQWtBKTnOS
c1ExSmLQlBaUVpRWjFeMFmtSOcsxikpNe9SEFYQWhBV8FYQVhBWEFXwVfBV8FHwU
e9R71HPUc9Rz1HPUc9Rr1GvUa9RjlGuUY5Njk2OTY5OMFIwUjBSMVIwUjBWMFYwV
jFaUVpRWjFWMVYxVlFWUVZRWlFaUVpRWlJacl5SWlJaclpyWnJaclpyWlFWUVZxV
nFWclpyXpNitGa0ZrRmtGq0ZtRq1WrVatVq1WrVatVq1WrVatVqtGq0arRmtGa0Z
rRmlGa0ZrRmtGaUZpRmtGqUZpNmtGa0ZrRms2aSYnJecmJyYnJeUV5SXnJiUV5RX
lFeUV4xWjFaEFXwUe9R71WsROcxzk4xWlJaUVoxWjFZ71WMSWtFjEnwVhBaEFYQV
hBWEFYQVhBV8FXwUfBR0FHPUc9Rz1HPUc9Rz1HPUc9Rr1GuUa5RrlGuUY5Njk2OT
jBSMFIwUjFSMFIwUjBSMFIxVlFWUVYxVjFWMVZRVlFWUVpRWlFaUVpRWnJaclpSW
nJaclpyWnJacVpRVlFWUVZRVnFacl6TYrRitGa0ZrRqtGq0arRq1GrUatRq1WrVa
tVq1WrVatVq1WrVatVq1WrVatVq1GrUatRmtGq0arRqtGa0ZrRmtGazZrRmtGa0Z
pRmlGaTYpNik2KTYpNik2JzYnJecl5yXnJeUlpRWhBRaz1rPhBWMVpRWjFaMVoxW
hFaEFXvVfBWEFoQVhBWEFYQVhBWEFXwVfBV8FHwUc9Rz1HPUc9Rz1HPUa9Rr1GvU
Y9RrlGuUa5RrU2OTY5Njk4wUjBSMFIxVjBSMFIwUjBWUVZRWlFaUFoxVlFWUVZRV
lFWUVZRVlFaUVpyWnJaUlpyWnJaclpyWnFaUVZRVlJWUVZSWnNelGK0ZrRmtGa0a
rRmtGbUarRm1GrVatVq1WrVatVq1WrVatVq1GrVatVq1WrVatRq1GrUatRmtGa0Z
rRmtGaUZrRmtGa0ZrRmtGaUZpNik2KTYpNikmKTYpNicl5yXnJeUl5yXnJeUl4xW
e9SEFZRWlFaUVoxWjFaMVYxWjFWMFYwVhBWEFYQVhBWEFYQVfBV8FXwVfBVz1HvU
c9Rz1GvUa9Rr1GvUa9Rr1GuUY5RjlGOTY5Njk2OTY5OMFIwUjBSMFIxUjBSMFIwU
lFWUVZRVjFWMFYxVlFWUVZRVlFWUVZRVlFaclpSWnJaclpyWnJaclpyWlFWUVZRV
lFWclqTXrNitGLUZrRmtGa0ZrRmtGq0atRq1GrVatVq1WrVatVq1WrUatRq1GrVa
tRq1GrUarRmtGa0ZrRmtGa0ZrRmtGa0ZrRmtGa0ZrRmtGaTYpNik2KTXpNek15zX
nNecl5yXnJeclpyXnJeUl5RWlFaUVpQWlFaMVoxWjFaMVowWjBaMFYQVhBWEFYQV
hBWEFXwVfBR8FHwUe9R71HPUc9Rr02vUa9Rr1GuUa5RrlGOUY5Rjk2OTY5Njk2NT
jBSMFIwUjBSMFIwUjBSMFYxVlFaUVpQWjFWMVYxVjFWUVZRVlFWUVpRWnJaUlpSW
nJaclpyWnJaclpRVlFWUVZRWnJekl60YrRitGa0ZrRmtGa0ZrRmtGbUZtRq1WrUa
tRq1Gq0arRmtGazYrRmtWa0ZpRilGKUYpNik2K0ZrRmtGaUYpNik2KTYpNik2KTY
pNik2KTXpNik2KTYnNicl5yXnJecl5yXnJecl5SXlFeUV5RXlFeUFoxWjFaMVoxW
jBaMFowWhBWEFYQVhBWD1YQVhBV8FHvUe9R71HvUc9RzlHPUc9Rz1GvUa9RrlGuU
a5Nrk2uTY5Njk2OTY5JjU4wUjBSMFIwVjBSMFIwUlBWMFZRWlJaMVoxWjFWMVpRW
lFWUlZRVlFWUVpyWlJaUlpyWnJaclpyWnJaUVZRVlJWUVpSWpNetGK0ZrRmtGa0Z
rRmtGa0ZrRm1GbUatRq1GrUatRqs2aSYnFaUFZyXpNekl5RVlBWUVJRUlFWk160Z
rRmcl5RWjFWMFYxWnJek2KTYnJeUVpyXnJicl5RWjBWMVpRWjFWUVpxWlFaUl5RX
lFaUVpQWjFaMFYwVjBWMFYwVjBWEFYQVhBWEFYQUhBSEFHwUfBR71HvUe9Rz1HOU
c9Rz03PUc5RrlGuUa5RrlGuUa1Njk2OTY5NjU2NTY1OEFIQUhBSMFIwUjBSMFIwU
jFWUVpRWlFaUVYxVlFaUVZRVlFWUVZRWlFacl5RWlJaUlpyWnJaclpyWlFWUVZRV
lJWclqTYpRmtGa0ZrRmtGa0ZrRm1GbUZrRmtGa0ZtRqtGa0ZnJeL03tRWk2DkpQU
lBV7UWLPaw9rD2sPnJWtF6TXe5JajWLOWo1zEJRUnJacloPTe5KMVZSWlFZ7k2sQ
e1FzUXNRg9SUVpRWlFaUVpRWjFaMFoQVc5JzkoPUhBWEFXvUc9Nz03PTc5Nzk3vU
e9R71HvUc5RzlGuUc9Rz1GvUa9RrlGuUa5RrlGuUa5RrlGtTY5NjVGNTY1NjUltT
jBSMFIQUjBSMFIwUjBSMFJQVlFaUVZRVjBWMVZRVlFWUVZRVlFWUVpRWnJeUlpRW
lJaUlpyWnJaclpRVlFaUlZRWnJek2KUYrRmtWa0ZrRqtGa0ZrRmtGa0ZrRmtGa0Z
rRqtGpyYc1NST0nMatCD05RWe5NakGsRc1JikJRWrRmcl2LQQcxJzEnLUg2D04wU
e5NajlINe5GD1IPTUk05ikoLQctKC3uSlFacl5RXlFaMVpRWlFaD1FKOSk1zkoPU
e9RrEVqPSk1SjkpNUo5zk3vUc5RjElKPWxFS0FsRa5NjUlLQWxFbEVsRY1Jjk2OT
Y5Njk2OTY1NjU1tTY1NbE4wUjBSEFIwUjBSMFIwUjBSUVJRVlFWUVowVjBWUVZRV
lFWUVZRVlFWUVpSWlJaUlZSWlJaclpyWnJaUVZRVlJacVZyWpNetGK0ZrRmtGa0Z
rRmtGa0ZrRmtGa0arRqtGa0ZrRmk13tSWk5KDGLPlFWk13uTWtB7k3NRYs+UVa0Y
lFZaj0HLUg1KDEoNhBSMFXuTSg1BzGsRg9N7kkoMMUk5iUHLSkx705RWlFeUVpRW
lFaMVowVc1JCDTnLYxBjUWuSYxBBzCkIMUkox0HLa5J71HOTSk0pSDGIKUdBymLO
Sg0xSkILOckxikpNYxNrlGOTY5NbU2NTY1NjU2NTW1OMFIQUhBOMFIwUjBSMFIwU
lFWUVZRWlFaMVYxVjFWMVYxVlFWUVZRVlFWclpxWlJaUlpSWnJeclpyWlFWUVZSV
lFWclqTXpNitGa0ZrRmtGa0ZrVmtGa0ZrRmtGa0ZrRmtGa0ZpJdrEWKPYs9iz5RW
nJZ7k1qPe5NzUVqPlFak2JRWUk5Bi0oLQcpKDIwUnJaMFVKPUk6D1JRWg9VKDUGK
QctJzFKOe9OMVpRWlFaUVpRVlFWD01qOOYkxiUHLUk1zUWLPOcohBiEGIQY5iGtS
e9RrU0JOIUkYxxjHMUpaj0HMIQkxSSDHGMYxiVsSY1NjU2NTY1NjU2NTY1NbU1tT
hBWMFYQUjBSMFIwUjBSMFJRVlFaUVoxVjFWMVYxVjFWUVZRVlFWUVZSVlJaclpSW
lJaUlpSWlJaUlpRVlFWUVZRVnJek2KzYrRmtGa0ZtRmtGa0ZrRmtGa0ZrRmtGa0Z
rRmtGZyXYpBrEWsQWo6UVZRWe5Jaj3tScxFiz5yWrRiUVVJNQctJyzmKSgyL05xV
g5JajlJNe5KUVYPTSgxBzEINSk5STnNSi9WMFYxWjFaMVowWe5RSTjmJKQcxSGLR
c5RjETmKIMcgxiDGMUhrUnvUa5NCDSlJGIcgyDGKUo5CDCDIKQcYxRiFKUdTEWOT
Y5Njk2NTY1NbU1tSW1JbUoQUhBSEFIQUjBSMFIwUjFSMVIxWlFaUVpRVjFWMVYxV
lFWUVZRVlFWUlZSWlJaUlpSWlJaUlpSWlJaUVZRVlFWUlpyXpNik2K0ZrRmtGa0Z
rRmtGa0ZrRmtGa0ZrRmtGa0ZrRmcl2sRe5J70msQlFacloQUa1KEFIPTc1Kcl6UY
jBVij1INUg1KC1JMg9KD02sQYs9ajmMQg9N7kVJNUg1KDEpMUk1rEHuSe9KMFZQV
jBWMFYPUWo9CDSlKOYtjEXuTYxE5iSDHKQchBzFJaxJ7k2sRQcwpSRiGIMcxSUoM
QgwYxyEGGMUYhSkHUtBjU2NTY1NjU2NSY1JjUltSW1KEFIQUhBSMFIwUjBSMVIwU
lBWUVpRWlFaMVYxVjFWMVYxVjFWMVZRVlFWclpSWlFaUlpSXlJaUlpSVjFWUVZRW
lFacl6TYpRitGa0ZrRmtGa0ZrRmtGa0ZrRmtGa0ZrRmtGa0ZpJiMFYxVjBWD1JyY
rNmcV4wVnJeMFYwVpNis2ZRWg9R7k3OSaxFrEYPUg5ODk4OTe5JzUXuTe5NrEWsR
WtBSj2MQe9NzUnNSg9WMFYwVjBR7k1qPWo5BzEoNWo9rEUpOMYopCDFJKQgxSWMR
c5RjUkINKQkYhiDHKUlCDDnLGIcgxxiGGIYpSFLQY1NjU2NTW1NbU1tTW1NbElsS
hBSEFIQUjBWMFIwUjBSMVIxVlFWUVZRVjFWMVYxWjFWMVYxVlFWUVZSVnJaUlpRW
lJaUlpSWlJaUlpRVlFWUVpyWpNek2KTZrRmtGa0ZrRmtGa0ZrRmtGa0ZrRmtGa0Z
rRmtGa0ZrNis2azZrNis2a0ZrNmk2KzYpNik16zYrNicl5yXnFeUV5QWjBaUV5RX
lFeUV4wWjBaMFYwVjBWMFXvUe9SEFYxVhBR71IwVjBWMFYQUe5JrUWMRUo9rEmLQ
YxFSTkINQcxBzEHMQg1rEXOTa5JKTimKMYoxijGLSk1KDCkIIMcYxhjGIUhK0FtT
Y1NbU1tTW1JTElMSUxJTEoQUhBSEFIQUjBSMFIwUjFSMVIxVlFWUVYxVjFWMVYxV
lFWMVYxVjFWUVZSWlJaUVpSWlJaUlpRWlFaMFZQVlFWUlpyXpNik2K0ZrRmtGa0Z
rRmtGbUZrRmtGa0ZrRitGa0ZrRms2a0ZrNis2KzYrNis2azZrRmtGK0YrNis2KzY
pNikmKTYnNik2KTYpNikmKSXnJecl5yXnJecl5SXlFaUVpRWlFaUVpRWjFWMFYwV
jBSEFYQUe9R7k3OSe9Rz03OTa5JrkmMSWxFjElsRa1Nz02uSSo9CT1sRUtA6D0qO
WtA5yzGKMUopSTFKUtBbUltSW1JbUlMRStBK0EqQUtGEFIQUhBSMFIwUjBSMFIwU
jFWMVYxWjFWEVYwVjFWMVYxVjFWMVYxVlFWUVpRWlFaUVpRWlFaUlpSWjFWMVZRV
lJac16TYpNis2KzZrRmtGbUZrRmtGa0ZrRmtGa0ZrRmtGaUZpNiclpyXnJacl6TY
pNik16TXpNekl6zYrNis2KSXnJacl5yXnJecl5yXnJecl5yXnJeUl5RWlFaUVpRW
lFaMVpRWlFaUVowVjBWMFIQVjBSMFIwUg9SD1IPUg9R71HvUe9R7lHOUc9Rzk3OU
c5RzlGNTY1NjlGOTWxJbEmMTUtFS0kqRQlBKkVsSY1NbUltSWxJCTjGKMYoxikIO
hBSEFIQUhBSMFIQTjFSMFIwUlFWUVYxVjBWMFYwVjFWMVYxVjFSMVZRWlJaUVZRV
lFWUVpSWlJaUloxVjFWMVpSWnNek2KTYpRitGa0YrRmtGa0ZrRm1Ga0ZrRmtGa0Z
rRmk2IvUg5F7UHtQg9GUVJQTi9OL0ovSi9OcVqTXpNeUFHuSi9OME4QTjBWUVYQU
g9SMFIQUhBSMVZRWlFaMVpRWlFaUVoxVjBSD1IPUg9SEFIQUg9N703vTe9N703vT
e9N703vTc5Nzk3OTc5Nzk3OTc5Nzk2uTa5Nrk2uTa5Njk2NTY1NjU1tTW1NbU1tS
W1JbUlsROg0hCSEJIUkyDIQUhBSEFIQUhBSEFIQUjBSMVYxVlFWMVYxVjBWMFYxV
jBWMVYxVjFWMVpSWlFaUVpRWlFaUVpSWlFaMVYxVjFaUlpzXpNik2KTYrNitGa0Z
rRmtGa0ZrRmtGa0ZrRmtGa0ZpNhzElJPScxKDHMQjBRrEGsPYk1qzmKNlBSk16SW
cxBJy2qOYs1SDHtRi9Jiz1qNas5ijWLNg9KUVZRWlFaUVpRWjFWEE3uSaxBjEHNS
c5JzkmsRYs9i0GMQYxBrUXOTe9N702tSYxJrUmNSa1JrUnOTc5Nrk2tSY5Jrk2tT
a1NjU2NSY1JjUmNSY1JbUltSWxJTEToOGQgZCBkIOg2EFIQUhBSEFIQUjBSMFIwU
jBSMVYxVjFWMFYwUjBWMVYxVjFWMVYxVjFaUlpRWlFaUVpRWlFaUVpRWjFWMVZRV
nJac16TXpNis2KzYrRitGK0YrRitGK0ZrRmtGa0YrRitGKSXaxBSTUnLScxq0JQV
atBzUlqPc1Jaj4wVpNicl2LQOYtaj0oLOUpiznMQScs5SUGKScpKC4OTlFaUVpRW
lFaUVYwVe5NijzmKOYlSTFqNYs9KCzFIOYlByjGKUk1zk3vTc1JKTUHLSgxKDEpN
Ws9rkmuSY1JSj2MSa1NrU2tTY1NjUmNTWxJbUltSW1JbUlMSWxJCDRjHGMcpSUJO
hBSEFIPUhBSEFIQThBSEFIxVjFaMVYxVjBWMFIwVjBWMFYwVjBaMFYxVlFaUVoxW
lFaUVpRWlFaUVowVjBWMVZSWpNek2KTYpNis2KzYrNis2KzYrNmtGK0YrRitGK0Y
rNikl2rRSg1BzEHMYo+MFFpOaxBSDWsQWo2ME6TXnJZijzlKSgtByjlJWo5rD0HL
OUk5ikHLUo6D05RVlFWUVZRVjFWMFXuTWo8xSTFKOctKDFqPOcogxilHOYkpCEpN
c5J702tRQcspCCkHIQcpB0ILYxFjUlKPMYxa0WNSY1JjUmNSY1JjUmNSW1JbUlsS
WxJbElsSQg4hCikKOc06DoQUhBSEFIQUhBSEFIQUhBSMFYxVjFWMFYwVjBWMFYwV
jBWMFYwVjBWMVpSWlFaMVZRWlFaUVpRWlFaMFYwVjFWUl5zXpNik2KTYpNik2KzY
rNis2KzZrNms2K0YrNis2KzYlFVrEFpOScxKDGsQjBRizmLRUk1qz1pNjBWcl5xX
Wo85ikGKOYo5SlpNYs9ByznLQctCDFqOg9OUVYxVjFWMFYwVjBV7k1JNKQcxRzGI
SkxrD0HKIMcpSDmJKQdCDGtRc5NrETmKIQYYxRjFIMU5ylKPSo45zCEJQk1Sj1rQ
Y1JjUmNTY1JjElsSWxJbElsSWxJa0UqQOg5CT0qQQlCEFIPUg9SEFIQUhBSEFIQU
jBWMFYxVjFWMFYwUjBWMFYwVjBWMFYwVjFWUlpRWjFaUVZRWlFaUVpRWjBWMFYxV
lJac16TYpNik2KTYpNis2KzYrNis2KzYrNis2KzYrNis2IwUaxFjEVIOWpB7k4PU
Ys9zU2KOc1Faj4wUnJeUVmKQOYs5ijmKOYpiz2MPQcxCDUIMUk5STXNRg9OD1IwV
jBWMFYQUc5JCDCkIMUgpB0HLaw9KDSkJMUo5iSEIMYpjEHOTYxE5jBjHGMcYxhjH
OctKTDnLMYkYxTFIOclSjmMSY1JjUlsSWxJbElsSWxJbEVsSUtJTEksSStJK0VLR
hBSD1IPUhBSEFIQUhBOEE4wUjBWMFYwVjBWMFYwVjBWMFYQUjBWMFJQVlFaUVpRV
lFWUVpRWlFaMVowVjBWMVZSXnNik2KUZpNik2KTYpNis2KzYrNis2KzYrNis2KzY
pNiL1XtTc1Fq0HuTg5OD1GrPcxBqz3MQas+UVaTXlFVrEEpNSg1STkHMaxBrD1IM
UgxJy1IMWk1zEHNRe5KME4wUjBWMFHvTYs85iTnJMUhBy2sPUk0pSTnLSkwxSjnM
Y1Fzk2tSQg0gyClHIQYYxznLUtFS0UJOGUs6DkqPUtFjElsSWxJbE1sSWxJbElsS
UxJTElMSUxJTElLSUtJS0YPUhBSD1IPUhBSEFIQUhBSEFIwUjBSMVYwUjBSMFIwU
jBSMFIwUjBSUFZRWlFaUVZRVlFaUVpRWlFaMFYwUjFWUlqTXpNik2KTYpNik2KTY
pNik2KTYpNis2KzYrNik2KTYnJeUVoxWjBWUV5RWlFaL1YwWjBWD1YPUnJekmJyX
g9RzUnuTe5NrEHuTc5NzUnNSWo9aj2sRg9NrUXNRhBSMFIwUjBSMFGsRSg1STjnM
Sg1rEVJNMUpBzEoNOYxa0HOTc5NrUkHMKQgxSCkHIMc5ylsRYxFKjyFLQo9bEVsR
YxJbElsSWxJbElsSWxJa0lsSWxJTEVMRUtJS0lLSUtGD1IPUg9SD1IPUhBOEE4QU
hBSMFIwVjBWMFYwVjBWMFYwVjBWMFIwUjBSUVZRVlBWUVZRWlFaUVpRWjBSMFIxV
nJek2KTYpNik2KTYpNik2KTYpNik2KTYpNik2KTYpNik2KTXpNikmKTYpNik2KTY
pNik2KTYpJicmJyYnJicl5xXlFaUV5RXjBWMFYwWlFaUVoPUg9SMFYwVg9R7k4QU
jBSMFYwUjBRzUmMQa1FSjlrPa1FSj0IMUk1KDUoNaxJzk3OTY1FCTTGKOYkpCCEH
OYpS0FLPOg0hCToNSo9bEVtSWxJbElsSWxJS0lsSUxJTEVMRUxFTEUrRUtFS0VLR
g9SD1IPUg9SD1IPUg9SEFIQUjBSMVYwVjBWMFIwUjBSMFIwUjBSMFIwUlFWUVZQV
lFWUVZRVlFaUVowVjBSUVZyXpNek2KTYpRik2KTYpNik2KTYpNik2KTYrNik2KTY
rNes2KzYrNis2KTYpNikmKTYpNik2KTYpNek16SXpJekl6SWnJecl5yXnJaclpxW
lFWUFpRVlFWUVYwVjBWMFYwVjBWD1IQUg9R703uTc1JzUnOTa1NrUmtSWtBjEXOT
c5NzlGuSWtFCDkoOOc05zEINUo9CDDGKKUkxijoLUtBjEmMSWxJbElsSUtJTElMR
UxFTEVMRUtFS0VLRUtFS0YPUg9SD1IPUg9OD04vUg9SEFIwVjBWMFYwUjBSMFIwU
jBSMFIwUjBSUFJRVlFWMVZRVlFWUVZRVlFWMFIwUlFWcl5zYpNik2KTYpNik2KTY
pNik2KTYpNik2KTYpNik2KTYpNis2KzYrNitGKTYpNik2KTYpNic2KTXpNek16SX
pJecl5yXnJecl5yWnFacVpRWlFaUVpRWlFWMVYwVjBWEFYwVi9SMFIQUg9R71IPU
g9N703vTe9Nzk3OSc5Jzk3OTc5NzU3NTYxJjElsSWxFbElsSUtFSkUqQSpBKkFsS
YxJbElsSWxJbElMSUxJTElMSSxFK0VLRUtFS0UrRStGD04PTg9OD04PTg9OD04PT
g9OMFIwUjBSMFIwUi9SMFIwUjBSMFIwUjBSMFZRVjFWUVZRVlFWUVZRVjBSMFJRV
nJek2KTYpNik2KTYpNik2KTYpNik2KTYpNik16TYpNik2KTYpNik2KTYpNik2KTY
pNik2KTYpNik16TXpJekl5yXnJecl5yXnJecl5yXnFeUVpQWlFaUVpRWjFaMFYwV
jBWEFIPUhBSEFIPUe9SD04OTg9N703vTe5N7k3OTc5Nzk3OSa5Nrk2uTa1NrU2tS
a1JrEmNSY1JjUltSWxJbElsSWxJbElsSWxJbEVMRUxFTEVLRUtFS0VLRUtFK0UrR
g9SD1IPTg9SD1IPTg9OD04QUhBWMFYwVjBWMFIwUjBSMFIwTjBSMFIxUlFWUVZRV
jFWUVZRVlFWUVYxUjBSUVpyXpNik2KTYpRik2KzYpNik2KTYpNik2KTYpNik2KTY
pJicl5yWnJecl6TYpNik16TXpNek15yXnJekl6SXpJecl5xXnJacVpSWlFaUVpRW
lFaUVZRWlFaUFYwVjBSMFIwUjBSMFIQUhBSD1IPUg9OD04PTe9N7k3uSc5Nzk3OT
c5NzknOSc5JzkmtSa1JrUmtSa1JjUmNSY1JbUmNSW1JbUlsSWxJbElrSWtJTElMS
UtJS0VLRUtFS0UqRStFK0YPTg9SD1IPTg9OD04PTg9OD04wUjBWMFYvUjBSMFIwU
jBSMFIQTjBSMFZRVlFWMVYxWlFWUVZRVlFWMFIwUlFacl5zYpNik2KTYpNik2KTY
pNik2KTYpNik2KTYpNik2KTYlBWDkoOSg9KclaTXnJaUVZxVnFWUVZQVnJacl5yX
nJeUVowVjBSUVZRWlFaMVYxVjBWMFYwVjBWMFIwVjBWMFYvUjBSD04PTg9OD04PT
g9N703vTe5Nzk3OTc5Nzk3OTc5Nzk3OTc1JrUmtSa1JrUmtSY1JjUmNSY1JjUltS
WxJbElsSUxJTElMRUxFLElMRUtJS0lLRUtFK0UrQStGD04PTg9OD04PTg9OD04PT
i9OMFIwUjBWMFIQUhBSEFIQUhBSMFIwUjBSMFYxVjBWMVYxVlFWUVZRVjBSMFJRW
nJek16TYpNik2KTYpNik2KTYpNik2KTYpNik2KTYpNik2IwVWk9aTlINg9OklowV
e1KD04PSe5J7k5yXpJecl5xWlBVrD2rPe1GMFIwTg9KD03uSg9SMFYwVjBWEFYwV
jBSMFIwUg9SD1HvUg9N703vTe9N7knuTc5Nzk3OTc5Nrk3OTa5NrkmuSa1JrUmtS
a1JrUmNSY1JbUWNSY1JjUlsSWxJbElsSWxFbEVMRUtFS0VLRUtFS0UqRStFK0UrR
g9SD1IPUg9SD04PTg9OD04PThBSMFIwVjBWMFYQUjBSEFIQUhBSEFIwUlFWMVYwV
jFWMVYxVjFWMVYwUjBWUVpyYpNik2KTYpNik2KTYpNik2KTYpNik2KTYpNik2KTY
pNicl2sRaxFSTmsRnFaL1HMRe1NzEHNSc1KUVpyXnJaD1HNRSctBilINg9N7k2LP
axBSTWsQe9OMFIxUjBSMFIPUg9R703uSe5N703vTe5J7knvTe5Nzk3OTc5Nzk3OT
c5NzU3NTa1NrU2tSY1JjUmNSY1JjUmNSYxJbElsSWxJbElsRWxJbElMSUxFTEVLR
UtFS0VLRStFK0UrRStFK0IPUe9R703vUe9OD04PTg9OD04PUhBSEFIQUhBSEFIQU
hBSEFIQUhBSEFIxVjFWMVYxVjFWMVoxVjFWMFYwVlFac2JzYnNik2KTYpNik2KTY
pNik2KTYpNik16TYpNik2KTYlJZaj2sQYs9aTpRVg9NzEXNScxBzEXtTnJekl5xW
atBKDEnMQYtKDYPTc1FKDVJNOYlJy2KOg9OMFIQUjBSD1HuSYs5ajWsPe5JzklrP
YxBzknuSa1FjEWsRYxFrUmMSYxFjEWtSa1JrUmtSY1JjEmNSY1JjUmNSY1JjElsS
WxFbEVsRUxFTEVMRUtFS0VLRUtFS0VLSUtFK0UqRSpF71HvTe9N704PTg9OD04PT
hBOMFIwVjBSMFIQUhBSEFIQUhBSEFIQUhBSMVYxVjFWMVYxVjFWMVZRVjBWMFZxW
pNek2JzYpNik2KTYpNik2KTYpNik2KTYpNik2KTYpNik2IwVWo5iz3MRaxGUVnuT
axJzEnNRaxF7k5yXpJeUVlqPQcxKDEHLSgx7kmLOOYlBykGKQctSToPUjBSMFIwU
g9NrEEGKMUlSDHNRYxBBzEoNc1FzUVJOSgxSTVKOYtBKDUHMUo5jUWNSa1JrUmsS
a1JjUmNSY1JjUmMSYxJjElsSWxJbElMRUxFS0VLRUtBS0VLRUtJK0UrRQtFKkUqR
e9N8E3vTe9N703uTe9N703vUhBSEFIQUhBSEFIQUhBOEFIQThBSEFIQUjFWMVYxV
jBWMVYxVjFWMVYwUjBWcV6TYpNic16TXpNik2KTYpNik2KTYpNik2KTYpNik2KTY
nJd7k3MRWk5STnuTlFZzUnNSaxFzUWsRe5Ocl5yXjFZaj0HLQcs5y0pNc1FSTknM
Uk5STVJNYo6D04wUjBSMFIQUaxA5iylJSk1rEVrPMYpCDGtQYw85yTGIMYhKTFJM
MUggxkGKYtBrUmtSa1JrUmMSYxJbUltSW1JjElsSWxJbElLSWxFbEVsRUtFS0krR
StFK0UrRStFK0UrRQpBKkXvTe9N7k3vTe9N703vTe9OD04PUhBSEFIQUhBSEE4QU
hBSD1IPUg9SEFIwVjBWMFYwVjBWMFoxVjFWEFIwVlJak15zXnNec15zXpNek2KTY
pNik2KTYpNik2KTYpNik14wVc1J7klqOQcx7kpRVaxF703NSc5JrEHvTnJacloQU
Wo85yykJOYpSTXuSYxBaj2sRWs5STWLPg9SMFYwVjBSEFGtROYspSVJOc1JajzmL
Sg5rUWMROgw5yzGKQgxKDCkIIMdBi2MRa1JrUmtSa1JjUmNSYxJjEmMSYxJbElsS
UxJbElMRUxFS0VLRStFS0UrRStFK0UrRStFKkEqQSpB703vTe9N703vTe9N703vT
e9SEFIQUhBSEFIQUhBSEFIPUg9SD1IPThBSMFIwUjBWMFYwVjFWMVYxVhBSMVZSX
pNec15zYnNic2KTYpNik2KTYpNik2KTYpNik2KTYnNiMFYPUe5NzEWsRaxGD1HNS
jBaD1IPUaxGD1JyWnJeEFWsSUk85jFJOYpB7k3NSUo5jEVrPUk5iz4PTjBSMFIwU
hBNrEEHLOYpSTWMQUo45zEpNYxFa0EINQc1BzFqPUk0xiilJQgxjEWNSY1JjUmNS
Y1JjEmMSYxJjElsSWxJbElrSWxJTElMSUtJS0VLRUpFS0UrRStFK0UqRSpFKkUqR
g9OD03vTe9N703vTe9N704PTg9SMFIQUhBSEFIQUg9SD1IPUg9SD1IPUjBSMFYwU
jBWMFZQVjBWMVYQVjFWcl6TYnNec15zXnNec2JzYpNik2KTYpNik2KTYpNik2KTY
nJecl5RXlFeUV4wWlFeUFpyXnJeUV4PUjBWUl5yXlFeMVnvUYxF7lIQVhBV71FqO
Wk1aTVIMYs+D04wUjBSME4QUc5Na0FrQYxJrUmLQWo9KDVqPWo9KTUINUo9rUVqP
Qcw5zEpOYxFrUmtSY1JjUmNSY1JjUmMSYxJjElsSWxJbElsRUxFS0VLRUtFS0VKQ
UtFSkVKRSpFKkUqRSpFKkXvTe9N703vTe9N703vTe9N71IQUhBSEFIQUhBSD1IPU
e9SD1IPUg9SD1IwVjBWMFYwVjBWMVYxVjFWEFIxUnJec15zXnNec15zYnNic2KTY
pJikmKTYpNik2KTYpNikmKSXpJecmJyYpJicl5yXnJecl5yXnJeUV5xXnJecl5yX
nJeUVowVjFaUV5RWjBZ7lHNTc1JrUnOThBSEFIQUhBSEFIPUe5N7k3uTe5Nzk3NT
YxJjUmtTYxJbEWNSa1NjEUpPQg5SkGMSY1JjUmNSY1JjUmNRYxJjElsSWxJbElsS
WxFbEVMRUxFS0VLRUtFK0UrRStFK0UqRSpFKkUKRSpB71HvUe9N703vTe9R703uT
e9OD1IQUhBSEFIPUg9SD1IPUg9SD04PTg9SMFIwVjBWMFYwVjBWMFYwVhBSMVZyX
nNecl5yXnJicmJyYnJicmJzYnJikmKTYpJik2KTYpJikmKSYpJik2KTYnJic2JyY
nJicl5yXnJecl5SXnJecl5yXlFeUVpRWlFaUVpRWjFWMFYwVjBWMFYwVjBSMFIQU
hBSD1IPUe9N703vTe5N7k3OTc5Nzk2uTa5Nrk2tTa1NjEmMSYxJrU2NSY1JjUmNS
W1JjUlsSYxJbEmMSWxJTEVMRUxFTEVLRUtFS0UrRStFK0UrRSpFKkUqRQpFKkUJQ
e9R703vTe9N703vTe9N7k4PThBSEFIQUhBSEE4PTg9SD04PTg9SD04PTjBSMFYQU
jBSMFYwVjBWMFYQVjBWcl5yXnJecmJyYnJicmJyYnJicmJyYnJicmJyYnJicl5yX
nJekl6SXpJikmKSYpJikmJyXnJecl5yXnJecl5yXnJecl5RWlFaUVpQWlFaUVpRV
jBWMFYwVhBSMFIwUjBSEFIQTg9R71HuTe9N703vTe5N7k3tTc5Nzk3OTc5Nzk2tS
a1JrUmtSaxFrUmNSY1JjUmMSYxJbEVsSWxJbEVsRWxJbEVMRUxFK0VLRUtFS0VLR
StFKkUqRSpFKkUqRQpFCkHvTc9N703vTe9N703uTe5OD04PUhBSEFIPUg9SD1IPU
g9SD1IPUg9OD1IwUjBWMFYwVjBWMFYwVjBWEFIxVnJecl5yXnJicmJyYnJicmJyX
nJecmJyYnJicmJyXnJecl5yXnJec15yXpJikmKSXnJecl5yXnJeclpyXlJecl5yX
nFeUV5RWlFaUFpRWlFaUVowWjBWMFYwUjBSMFYQUhBSEFIPUe9R703vTe9N703uS
e5Nzk3OTa5Nzk2uSa5JrU2tSa1JrUmtSa1JjUmMSYxJjEmMSWxJbElsSUtJbElsS
WxJa0lLRUtFS0VLRUtFK0UrQStBKkEqQSpBKkEqQSpB703vTe9N703vTe9N7k3uT
e5OD1IPUhBR71HvUg9SD1IPUg9SD04PUg9SL1YwVjBSMFIwVjBWMFYwVhBWMVpyX
nJecl5yXnJecl5yXnJecl5yXnJecl5yYnJicmJyXnJicl5yXnJecl5yXnJecl5yX
nJecl5yXnJecl5yXnJeUV5RXlFaUVpRWlFaUVpRWjFaMVYwVjBWMFYwVjBWEFIPU
g9SD1HvTe9N703vTe5N7knuTc5Nzk2uTc5JzkmtSa1JrUmtSa1JrUmNSY1JjUlsS
WxJjElsSWxJbElsSWxJTElMRUxFTEVLRUtFS0UrRStFK0UqRQpFKkUqRSlFKkUKQ
e9N704PTe9R703OTc5Nzk3uTg9SEFIQUg9OD1IPUg9SD1IPUg9SD1IPUjBSMFYwU
jBSMFYwVjBWMFYQVlBacl5yXnJecl5yXnJecl5yXnJecl5yXnJecl5yXnJecl5yX
nJecl5yXnJecl5yXnJecl5yXnJecl5yXnJecl5SXlFeUV5RWlFaMFoxWjFaMVoxW
jBWMFYwVi9SMFIwUhBSD1IPUe9R71HvUe9N7k3uTe5NzknOTa5Nzk3OSa5JrUmtS
a1JrUmtSY1JjUmNSY1JjEmMSWxJbElsSWxJbElsSUxJTEVMRUtFS0VLRUtBK0UrR
SpFKkUKRSpFKkUqQSpBCkHvTe9N7k3vTe9N7k3uTe5N7k3vUg9SD1IPUg9SD1IPU
g9SD1IPUg9OD04wUjBSMFIwUjBSMFIwUjBSMFJRVnJecl5yXnJecl5yYnJicmJyY
nJicl5yXnJecl5yXnJecl5yXnJecl5yXnJecl5yXnJecl5yXnJecl5yXlJeUV5RX
lFaUVpRWlFaUVpRWjFaMFYwVjBWMFYwVjBWMFIQUg9R704PTe5N703vTe9Nzk3OT
c1Nzk2uTa5NrU2tTa1NrU2tSa1JrUmNSY1JjUmMSWxJbElsRWxFbEVsSWxJbElMS
UxFTEVLRUtFS0UrRStFKkUKRSpFKkUqRQpFCkUKRQpF703vTe9N7k3uSe5N7k3uT
e5OD04PUg9SD1IPUg9OD04PTg9OD04PTg9OMFIwUjBSMFIwVjBWMFYwVjBWUVpyY
nJecmJyXnJicl5yXlJecl5yXnJecl5yXnJeUl5yXnJecl5yXnJecl5yYlJecl5yX
nJecl5yXnJeUl5RXlFeUV5RXlFaUVpRWlFaUVoxWjBWMFYwVjBSMFYwUhBSD1IPU
g9OD1IPUe9R7k3uTe5Nzk3OTc5Nzk3OSc1NrUmtSa1JrEmtSa1JjUWNSY1JjEmMR
WxFbElsSWxJbElsRUxFTEVLRUtFS0VLRUpFK0UqRSpFKkUqRSpFKkUqQSpBKkEKQ
e9N703vTe5N7k3uTe5N7k3uTg9SD1IPUg9SD1IPTg9SD1IPUg9N704PThBSEFYPU
hBSMFIwVjBWMFYwVlFacl5yXnJecl5yXnJecl5yXnJecl5yXnJecl5yXnJecl5yX
nFecl5yXnJecl5SXnJecl5xXnJacl5SXlJaUVpRWlFaMVpQWlFaUVoxVjBaMFYwV
jBSMFYwUi9SL1IPUg9SD1HvUg5R71HuUe5N7k3uTc5Nzk3OTc5NzUnNSa1JrUmtS
a1JjUmNSY1JjUmNSYxJbElsSWtJbElsSWxJbEVMRUxJS0krSUtJK0UrRStFKkUKR
SpFKkEqQSpBKkEKQQpBCkHuTc5Nzk3uTc5Nzk3OTc5N7k4OTg9R71HvUe9R71HvU
e9R7lHvTe9OD04QThBSEFIQVjBSMVIwVjBWMFZRWlFeUl5SXlJecl5yXnJecl5yX
nJecl5yXnJecl5yXnJecl5yXnJecl5yYnJicl5yXnJecl5yWnJeUl5RXlFeUVpRW
lFaUVpRWlFaMVowWjBaMFYQVjBWMFYwUhBSD1IPUg9SD1HuUe9N703uTe5Nzk3NT
c5Nzk3OSa1NrUmtTa1JrUmtSY1JjUmNSY1JbElsTWxJbElsSWxJbElsSWxFbEVMR
UtFS0VLRUtFK0ErRSpFKkUqRSpFKkEqQSpBCkEKQQpB7k3uTc5Nzk3NTc5Nzk3OS
e9N71IPUg9SD1IPUe9SEFIPTe9N703vTe9OEE4QUhBSEFIQUhBSMFIwUjBWUVpSX
lJecl5yXnJecl5yXnJecl5yXnJecl5yXnJecV5yXnJecl5yXnJecl5yXnFecl5yX
nJeUl5RXlFeUV5RXlFeUV5RWlFaUVoxWjFaMFowVjBWMFYwVjBWMFIQUg9SD1HvU
e9R71HvUe5R7k3uTc1Nzk2uTa5Nrk2tTa1JjUmNSa1JrUmNSY1JjUmNSYxJbElsS
WxJbElsSWxJbEVMRUxFTEVLRUtFK0UrRSpFKkUqRSpFCkUqRSpFKkUKRQpBCUEJQ
c5Jzk3OTc5Nzk3OTc5Jzk3OTe9N71HvUe9R71HvUe9R71HvTe9N703vTg9SEFIQU
hBSEFYQUhBSMFIwVlFacl5yXnJicl5yXnJecl5yXnJecl5yXnJecl5yXnJecl5SX
nJecl5yXnJecl5yXnJecl5yXlJeUV5RXlFeUVoxWlFaUVpRWlFaMFowWjBaMFYQV
jBWMFYwVjBWD1YPUg9SD1IPUe9R71HvTe5Nzk3OTa5Nzk3NSa1NrU2tTa1JrEmtS
a1JjUmMSYxJbEVsSWxJbElsSWxJbElsSUxJTElMSUtJS0UrRUtFK0UrRStFKkUqR
SpFKkUqQSpBCkEKQQpBCkHNSc5Nzk2tSa1JrUnOSc5JzknOSe5J7knuTe5Nzk3uT
e9N703vTe9N704PUhBSEFIPUhBSEFIQUhBSMFZRWlJeUl5SXlJeUl5SXnJecl5SX
nJicl5yXnJecl5yXnJecl5yXnJecl5yXnJecl5yXnJecl5RWlFeUV5RXjFeUVpRW
lFeUVoxVjBWMFYwVhBWMFYwVjBWEFYQVhBSD1IPUg9SD03vTe9N7k3OTc5NzU3OT
a5Nrk2uTY1NrU2tSa1JrUmNSY1JbUlsSWxJbElsRWxFbEVsRWxFbEVsRUxFS0VLR
UtFS0VLRUtFK0UrRQpFKkEqRSlFKkEqQSpBCUEJQQlB7k3uTe5Nzk3OTc5Nzk3OS
c5JzknuSe9OD1IPUe5N7k3uTe9N703uTe5J7knuSe5KD04PUg9SD1IPUjBWUVpRX
lJeUl5SXlJecl5yXnJecl5yXnJecl5yXnJecl5yXnJeUl5SXlJecl5yXnJeUl5SX
lJeUl5RXlFeMV5RXlFeUVpRWlFaMFowWjBaMFYQVi9WMFYwUhBSEFIPUg9SD1IOT
e9R71HPUc5Nzk3OTa1Nrk2uTa5JrUmtSY1JrUmNSY1JjUmNSY1JjElsSWxFbElLR
WxJbEVsRUxJTElMSUxJS0VLRSpFS0UqRStFKkUKQSpFKkUqRSpFKkUKQQpBCUEJQ
e9N7k3uTe5N7lHuTe9N7k3OTe5OD04PTg9SD1IPUe9SD03vTe9N703vThBOEFIQU
hBSEFIQUg9SD1IwVlFaUV5RXlJeUl5SXlJeUl5SXlJecl5yXnJeUl5SXlJeUl5yX
nJeUl5SXnJecl5yXlJeUV5RXlFeUVpRXlFaUV5RWlFaUVoxWjBaMFowWjBaEFYwV
hBWMFYQVhBWEFIPUg9R703vUe9Rz03PTc5Nzk3NTc5Nzk3OTa1NrUmtSa1JrUmsS
axJjEmMSYxJbElsSWxJbElsSWxJTElMSUxJS0lLSStJS0VLRUpFK0UrRStFCkUKR
QpBCkEJQQpBCkEKQQlBCkHOSc5JzknOTc5N7k3uTe5N7knuTe5N704PUg9OD04PT
g9OD1HuTe9N704PUg9SEFYQVhBWEFIPUhBSEFYxWlFaUVpRWlFaUlpSXlJeUl5SX
lJeUl5yXnJecmJyXnJeUl5SXlJeUl5yXnJecl5SXlFeUV5RXlFeUV4wWlFaUVpRW
lFaMFowWjBWMFYQVjBWMFYwVjBWEFYQVe9SD1IPUg9R71HuTe5R7k3OTc5Nzk3OT
c5Nrk2uTa1NrUmtSa1JjUmNSY1JjUmMSWxJbElsSWxJa0VsRUxFTEVMSUtJS0VLR
UtFS0VLRStFK0UrRSpFKkUqRSpFKkUKRQpFCUEJQQlBzknPTe5Nzk3OTc5N7lHNS
c5JzknuTg9OD1IPUe9R71HvUe9R703uTe9SD1IPUhBSEFYQUhBSEFIQUhBWMVZRW
lFaUV5SXlFeUV5RXlJeUl5SXlJeUl5SXlJeUl5SXlJeUl5RXlJeUl5RXlFaUV5RW
lFaUV4xWlFaUVpRWlFaUVpRWjBaMFowWjBaMFYwVjBSMFYQVhBWD1IPUe9R71HvU
e9Rz1HPUc5Rzk3OTc5Nzk3OTa5Nrk2tSa1JrUmtSaxJjUmNSW1JbUltRWxJbElsS
WxJbEVMRUxFTEVMRUtFS0VLRUtBKkUrRSpFKkUqRSpFKkUpRQpFCkUKQQpBCUEJQ
c5N7k3uTc5Nzk3OTc5NzUnNSc5J703vUe9R71HvUe9R71HvUe5N7k3vTfBOEFIQU
hBSEFIQUhBR8FIwVjFaUVpRWlFeUl5SXlJeUl5SXlJeUl5SXlJeUl5SXlJeUV5RX
lFeUV5RXlJeUV5RXlFeUVpRWjFaUVpRWlFaUVpRWjFaMVowWjBWMFYwVjBWEFYQU
hBSEFIPUg9SD1IPTe9R71HuUc5RzlHOTc5Nzk3OTc5Nzk2uTa5Nrk2NSa1JrUmtS
axJjUWNSY1JjEmMSWxJbElsRUxFTEVMRUxFTEVMRUtFS0VLRUtFK0UrRSpFKkUqR
SpFKkEqQQpFCkEKQQlBCUHuTe5Nzk3OTc5Nz03OTa1JzUnOSc5N703vUe9R703vT
e9N703OTe5N7lHvThBSEFIQUhBSEFIQUhBWMVYxWlFaUV5RXlFeUV5RXlFeUl5SX
lJeUl5SXlJeUV5RXlFeUV5RXlFeUV5RXlFeUV5RXlFaMVpRWlBaUVpRWlFaUVpRW
jFWMFYwVjBWMFYwUhBSD1IPUg9SDlIPTe9R703vTe5Nzk3OTc5Nzk3OTc1NrUmtS
a1JrUmtSa1JrU2tTa1JjEmNSY1JbUmMSWxJbElsSWxJbElsSWxFbEVLRUxFTEVLR
UxFS0UrRStFK0UrRSpFKkUqQSpBCkEKQQpBCkEKQQlB7knuTc5Nrk3OUc5Nzk2tS
c1Jzk3OTe9N703vUe9N703vUe9Rzk3OTe9R71HwUhBSEFIQUhBOEFIQUjBWMVoxW
jFaUV5RXlFeUV5RXlFeUV5RXlFeUV5RXlFeUV5RXlFeUV5RXlFeUV5RXlFeUV4xX
lFaUVpRWlFaUVpRWjFaMVowWjBWMFYQVjBWMFYwVhBSD1IPUg9R703vTe9N7k3uT
c1Nzk3NSa1JrUmtSa1FrUWtRa1FjEWMRYxFjEVsRYxFjEWMRWxFa0VsRWxFbEVsR
UxFTEVLRUtFS0VLRStFS0VLRUtFK0UrRSpFKkUqRSpBKkEqQQpBCkEKQQpBCj0JP
e5Nzk3OTc5Nzk3OTc5NrkmuSc5Nzk3uTe9R71HvUc9R703vTe9Nzk3uUe9R71HvU
e9SEFIQUhBSEFIwVjFaMV4xXlFeUV5RXlFeUV5RXlFeUV5RXlFeUV5RXlFeUV5RX
lFeUV5RXlFeUV5RXlFeUVpRWlFaUVoxWjFaMVoxWjBaMFYwVjBWMFYQVhBWEFYQV
e9WD1HvUe9R71HvUe9R703uTc5Nzk2uSa1JrUmNSa1JrEmMSYxFi0WMRYtFi0VrQ
WtBa0FrQWpBS0FLQUs9Sz1LPUtBK0EqQStFKkEqQSpBKkEqQSpBKkEKQQpBCkEKQ
QpBCkEJQQlBCUEJQQlBCUHOSe5Nzk3OTc5Nzk3OTa1JrUnOTc9N703vTe9N7k3vT
e9N703OTc5N7lHvUe9R71HwUhBSEFHvUhBWMFYxWjFaMVoxXlFeUV5RXlFeUV5RX
lFeUV5RXlFeUV5RXlFeUV5RXlFeUV5RXlFeUV5RXlFaUVpRWlFaMVoxWjFaMFowW
jBaMFYwVjBWMFYwVhBSEFIPUg9SD1IPUe9R71HPUe9RzlHOTc5NrUmtSa1JjUmtS
Y1JjUmMSYxJjEmMSYxFbEVsRWxFbEVsQUtBS0FLQUpBSkFKQSo9Kj0qPSo9KTkpO
Sk5KTkpOQk5CTkJOQk5CTkJOQk5CTUJOQk5CTkJOQk5zknOSc5Nzk3OTe5Rzk2uS
a1Jzk3OTc5N71HvUe9R703vTe9Rzk3OTe9R71HvUe9R71IPUg9SD1IPUjBWMVoxW
jFaMl4xXlFeUV5RXlFeUV5RXlFeUV5RXlFeUV5RXlFeUV5RXlFeUV5RXlFeUV5RX
lFaMVoxWjFaMVoxWhBWMFYwVjBWMFYQVhBWEFXwUhBSD1HvUe9R71HvUe9R71HOU
c5Rzk3OTc5NrU2tSa1JrUmtSY1JjUmMRYxFbEVsRWxFbEVsRWxFbEVMRUxFS0VLR
UtFSkVLRSpBKkEqQSo9Kj0qPSk5CTkJOQg5CDkINQg1CDToNOg06DDoMOgw6DDoM
c5Nzk3OTc5Jzk3OTc5NzUnNSc1Nzk3uTe9N703vTe9N703vTc5JzknOTe5N703vT
e9R703vUe9R71YQVjFaMVoxWjFeUV5RXlFeUV5RXlFeUV5RXlFeUV5RXlFeUV5RX
lFeUV5QXlFeUV4xXjFeMVoxWjFaMVowWjBaMFowWjBaMFowVg9WEFYQVfBWD1IPU
g9R703vUe9R71HvUc9Rz1HOTc5NrU2uSa1JjUmNSYxJjUWMSYxJjEmMSWxJbElsR
WxFbEVsRWxFbEFMRUtFS0VLRUtFS0VLRUtFS0UrQStBCkEqQSpBKUEJQQk9CT0JP
Qk5CTjpOOg06DToNOg06DHNSc5Nzk3OTa5Nzk3OTa5JrUmtSc5Nz03vUe9R703vT
e9N703OTc5Nz1HvUe9R71HvUe9R71HvUe9WMFoxWjFaMVoxXjFeUV5RXlFeUV5RX
lFaUV5RXlFeUVpRXlFeMV4xXjFeMV5RXjFeMV4xXjFeMV4xWjFaMVowWjBaMFowV
hBWD1YQVhBWEFYPUg9SD1HvUe9R71HvUe9R71HPUc9Rrk2uTc5NrkmtSY1JjEmNS
Y1JjUlsSWxJbElsRWxFTEVsRWxFbEVsRWxFS0VLRUtFS0VLQUtBS0FLRStFK0UqR
SpBKkEqQSlBKkEKQQlBCUEJPQk86T0JPOk86DzoOOg5zUnOTc5Nzk3OTc5NzkmuS
a1JzUnOTc5N7lHvUc5N7k3uTe5NzknOTc9R71HvTe9N71HvUe9R71HvVhBWMVoxW
jFeMV4xXjFeMV4xXjFeMV5RXlFeMV4xXjFeMV4xXlFeMV5RXjFeMV4xXjFeMVoxW
jFaMFowWjBWMFowWjBWMFYQVhBWEFYQVhBWEFYPVe9R71HuUe9R71HvUc9Rzk3OT
c5Nzk2uTa1NrU2tSY1JjUmNSYxJjElsSWtJbElMSWxJa0VsRWxFa0VrRUtFS0FLR
UtBS0VLRStFK0ErQSpBKkEKQSpBKkEqQSpBCkEJQQlBCT0JPQk9CT0JPOk46TjpO
a1JzknOSc5Jzk3OSc5JzUWtSc5JzknOTc9Rz1HOTc5Nzk3OTc5Nzk3OTc9R71HvU
e9N71HvUe9R71YQWjFaMVoxWjFeMV4xXjFeMV4xXjFeMV4xXjFeUV4xXjFeMV4xX
jFeMV4xXjJeMV4xXjFeMVoxWjFaMFYwWjBaMFoQWhBWEFYQVfBWEFYQVhBR71HvU
e9Rz1HPUc9Rz1HPUc5RzlHOTa5NrkmuSa1JjU2NTYxJjEmMSWxJbElrRWxFbEVsR
WxFa0VsRWtFa0VLRUtFS0UrRUtBK0ErQStBCkEqQSpBKkEqQSpBKkEKQQlBCUEJP
Qk9CT0JPQk86TzpOOk46TmtSa5NzkmtSc1JzknOSc1FrUmuSc5J7k3uTe9R7k3OT
c5N7k3NSc5J7k3uUe9R71HvUe9R71HvUfBWEVoxWjFeMV4xXjFeMV4xXjFeMV4xX
jFeMV4xXjFeMV4xXjFeUV4xXjFeMV4xXjFeMV4xWhFaMVoxWjFaMFowWhBWEFYPV
hBWEFYQVhBWEFYPUe9R71HPUe9Rz1HPUc9Rz1HOUc5Nrk2uTa1NjU2NTY1NjUmNS
Y1JjEmMSWxFbEVsRUxFbEVrRWtFa0VrRWtFS0VLRUtFS0UrQStBKkEqQSpBKkEqQ
SpBKT0qQQo9Cj0KPQk9CTzpPQk9CT0JOQk46TjoOOg5rUnOTc5JrUmtSa1JzUmtS
a1JrknOSc5N7k3vTc5Nzk3OTc5NzUmuSc5Nzk3uUe9R71HvUe9R71IQVjBaMVoxW
jFeMV4xXjFeMV4xXjFeMV4wXjFeMV4yXjFeMV4xXjFeMV4xXjBeMV4xXjFeEVoxW
jFaMFowWjBaMFoQVhBWEFXwVhBWEFXwVe9V71XvUe9R7lHvUc9Nz1HPUc5RzlHOU
a1Nrk2tSa1JjUmNSW1JjUmMSYxJbElsSWxFbElsSWtFS0VLRUtFS0VLRUtFS0UqR
StFK0UrQSpBKkEqQSpBKkEqPSo1CTUJNQk5CTkJOQk9CD0JPOk5CTkIOOg46DjoO
a1Jzk3NTa1JrUmtTa1NrEmtRa1JzknOTc9Rz1HOTc5Nzk3OTa1JrU3OTc5N7lHvU
e9R71HvUe9SEFYRWjFaMVoxXjFeMV4xXjFeMV4xXjFeMF4xXjFeMV4xXjFeMV4xX
jFeMV4xXjFeMV4RXjFaMVoxWjBaMFoQWhBWEFYQVhBWEFYQVhBV8FXwVe9Rz1HvU
e9Rz1HPUc9Rz1HOUc5RrlGuTY5NjUmNSY1JjUmNSYxJjElsSWxJbElsRWxFTEVMR
UtFS0VLRUtFS0VLRUtFS0ErQStFKkEqQSpBKkEqQSo9CT0IJQglCCUIKQgxCDUJN
Qk46TjpOOk46TjIOOg06DnNSc1JzUmtRa1JzUmtSa1FrUnNSc1Jzk3OTc9Nzk2uS
c5Nzk2tTa5Nzk3OTc5Rz1HPUe9R71HvUhBWEFoRWjFaMV4xXjFiMV4xXjFeMV4xX
jFeMV4xXjFeMV4xXlFeMV4xXjFeMV4xXjFeEV4xWjBaMFowWhBWEFoQWhBWEFYQV
hBWEFXwVe9V71XvVe9Rz1HPUc9Rz1HPUc5Rzk3OTa1NrU2tTa5NjU2NSY1JjElsS
WxJbElsSWxJbElMRUtFS0VLRUtFS0VLRUtFS0UqRStFKkEqQSpBKkEKQSpBKkEqQ
Sk5KCEHGOcU5xTnGQghCCjoLOgw6DToNOg46DjoOOg5rUmuSa1JrUmtSa1JrU2NS
Y1JrUmuTc5Nzk3PTa5Nrk3OTc5NrkmuSc5Nz03PTc9Rz1HvUe9R71IQVjBaMVoxW
jFeMV4xXjFeMV4xXjFeMV5RXjBeMV4xXjFeEV4xXjFeMV4xXjFeMV4xXjFaMVowW
jBaEFYQWhBaEFoQVhBWEFYQVhBV8FXvUe9R71HvUc9Rz1HPUc9RzlHOUa5RrlGtT
a5Nrk2tSY1JjUmNSYxJbEVsSWxJTElsSUxFTEVMSStFS0VLRUtFS0VLRUpFK0UrR
StBKkEqQSpBKkUqRSpBKj0pNQgdCBEHEQcQ5xDnEOcU5xjnIOck5yzoMOgw6DToN
a1JrUmtSa1JrUmtSa1JjEmNSa1JzUnOTc5Nzk3OTc5Nrk3OTa5NrU2uTc5Nz1HvU
e9N703vUe9SD1YQWhBaEV4xXjFeMV4xXjFaMVoRWjBaMFowWjBaMFYwWjFeMV4xX
jFeMV4xXjFeMVoxWjFaEFoQVhBaEFoQWhBaEFYQVhBWEFXvVe9V71XvVe9VzlHOU
c9Rz03OUc5RzlHOUa5Rrk2uTa5NjU2NSY1JbElsSWxJbElLSWxJS0lLSUtJS0VLR
UtFS0VLRUtFSkVKRSpFKkUqRSpFKkEqQQpBKkEqQSpBCTEHGQcRBxDnDOcM5wznD
OcM5hDmFOcY5yDnJOgs6DWtTa1JrUmtSa1JrUmtSYxFjUWtSa5JzknPTc5Nzk2uS
a5Nzk2tSa1JzU3OTc5Nzk3OUe5RzlHvUhBWEFoRWhFeMV4xXjFeMFoOTg5KDUXtR
e1B7T3sPcw+DUIwVjFeMV4xXhFeMV4RWfBV71XwVhBaEFoQWhBaEFoPWhBWEFYQV
fBV71XvVe9V71HPUc9Rz1HPUc9NzlHOUa5RrlGuUY5Njk2NTY1JjU1tTWxNbElsS
WxJbElsSWtFS0VLRUtBS0VLRStBS0VLRStFK0UqRQpBKkEqQSpBKkEKQQpBCkEKP
Qkw6BTnEOcQ5xDnEOYM5hDGDOYM5gzmEOYQ5xTnHOgxrUWuSa1JrUmtTa1JrUmMS
YxJrE2tTc1Nzk3OUc1NrU2uTc5NrUmtSc5Nzk3PTc5Nzk3OTc5Nz1HwVhBaEFoRW
jFaMVoxWg5N6CnnJcclxiXGIcYdxh3GIekuL1YwWjFeMV4xXjFeEFmMSUtFrk4QW
hBaEFoQWhBaEFYQVhBV8FHwVe9Rz1HvUc9Rz03PUa9Rr1GuUa5RrlGuUa5Rrk2uT
a5NjU2NTY1NjUmNSWxJbElsRUxJTEVMRStFS0VLRUtFK0UrRStFK0UrRStBK0EqQ
SpBKkEqQSpBCkEKQQpBCkEJLOcU5xDnEOcQ5wzmDOYM5gzmEOYQ5gzmDMYMxhTnL
a1JrUmtRa1JrUmtSa1JrEmMSaxJrUnNTc5RzlHNTa1Nzk3OTa1JrUnNTc5Nzk3OT
c5Nzk3OTc9R8FYQVhFWEVoxWjFeMVnsScQdpBmkGaQZpBmjGaMZpB3oKg9SEVoxW
jFeMV4RXdBZCjzINY1N8FoQWhBaEFoPWhBV8FXwVfBV8FXvVc9Vz1XPUc5Rr1HPU
c9RzlGuUa5RrlGuUY5Rjk2OTY1NbU1tTW1NbUlsSWxJS0lMSUxJTEVLRUtFS0VLR
SpFK0UrRStFK0UrRSpBKkEqQSpBKUEKQQpBCkEKQQk9CCjnFOcQ5xDmEOYQ5hDmD
MYM5gzmDOYMxgzGDMYUxy3MSa1JrUmtSa1JrUmtSYxFjEWsRa1JrUmuTc5NrkmtT
a1Nzk2tTa1JrUnOTc5Nzk3OTc5Nzk3PUfBWEFoQWhBaMVoxWjFZ7EnEIaMZoxmiG
aMZoxmjGaMZyC4PUjFaMVoxWjFeMF2vWMg8pzmNTfBaEFoQWhBWD1YQVfBV8FXwV
e9V71XvVe9Vz1HPUc9Rz1HOUc5RrlGuUa5RrlGuTY1NjU1tTW1NbU1tSWxJbElsS
UxJTElMSUtFS0VLRUtFK0UrRStFK0UrRStFKkUqRSlBKkEKQQpBCkEKQQpBCjzpO
Qgk5xDnEOcQ5wznDOYM5gzmDOYI5gzmDOYMxgzGGMctrUmtSa1JrUmtTa1JrUmMR
YxFrEWtSa1Jrk2uTa5Nrk2uTa5NjU2NTa1Jrk2uTc5Nzk3OTc5N71HwVhBaEFoQW
jFaMV4xWexJpB2jGaMZoxWjFaMZoxmjHcgp71IQWhBaEF4RXhBdr1TIOKc1jk3wV
fBZ8FnwWfBV8FXwVfBV8FXvVe9V71XPVc9Rz1HPUc9RzlGuUa5RrlGuUY5NTElMR
UxFTElLRUxFTEVMSUxJTElMSUxJS0lLRUtFK0UrRStFKkUqRUpFK0UqRSpFKkEqQ
SlBCkEKQQpBCkDpQQlBCTkIIOcQ5xDnEOYQ5hDmEOYM5gzmDOYM5gzGDMYMxhjHL
a1FrUmtSa1JrUmtSa1JjEWMRYxFrUmtSc1Nzk2tTa1NrU2tTa1JjUmtSa5Nrk2uT
c5Nzk3OTe5SEFYQVhBaEFoxWjFeMVnMRaQdoxmjFaMVoxWjGcYppiWoLfBSEFoQW
hBZ8FnQVW5QqDioOW1Jr1GvTa9Nrk2vUfBV8FXwVe9V71XvVc9Vz1XOUc5RzlHOU
a5RrlGuUa5RrlFtSOg4pzTpOQo8yDTINQpBTElMSUxJTElLRSpFCkEKQQpBCkEpQ
SpBKkEqQSpFKkEqQSpBKUEqQSpBCj0JQQlA6UEJQQg5ByEHFOcQ5hDmEOYM5hDlE
OYQ5hDGEMYMxgzGDMYYxy2sSa1JrUmNSY1FrUWtSYxFjEmsSa1JrUnOTa5NrU2NT
a1NrU2NSY1JrUmtSa5Nrk3OTc5Nz03vUhBWEFYRWhBaMV4xXjFZ7EWlHaQdxR2kH
YQdpyoKNactiDoPUhFaEFnPVWxJK0TpPIcwhzDJOOo86j0JPQk5K0HPUfBV8FXwV
e9V71XPVc9Vr1XOUc5RrlGuUa5RrlGuUa5RTEinMEQopzTpOGUoZSjpOUxJTElMS
UxJK0ToOKYoxyynLMgsxyzIMMg06TkJPSpBKkUqQSpBCkEKQQpBCTzpQQlBCUEJN
Qcc5xTmEOYQ5hDmEMYQ5hDGDOYM5gzmDMYMxRDGGMctrEWtSaxJjEmNSY1JjUmMR
WxFjEmNSa1JrU2tTa1JrUmtSa1JrEmNSa1JrUmuTa5Nrk2uTa5Nz1HwVfBWEFYQW
hBaMV4xWexJRjGFKgkxxzFnNipCCjVGMYg571IRXhFZblDJOKg4hzRmMGY0hjSHN
Ic0hzSGMMg1bUnQVdBV0FXPVc9Vz1XPVa9RrlGuUa5RrlGuUa5RjlGOUSxIZjAkK
Kg0yThFKEQo6TlLRUxFS0VLRSpApjBEIEQcRBxEHEQcZRxkHGUgxy0JPQlBCkEKQ
QpBCkEJQQk9CT0JPQg86DTnHOYU5hDmEOYQ5hDmEOUMxhDGDMYMxgzGDMUQxhzHM
axFrUmMRYxJjEmNSY1JbEVsRYxJjUmtSa5JrkmtSY1JrUmtSaxJrEWsSa1JrU2uT
a5Nrk2uTc9R8FXwVhBWEFoxWjFeMFnsSSYxRzYMSctFy0XLQacpZSGnLe9SEFnwW
W1QqDiHOGc4RjRmNIc4iDiHOEYwZizINY1Nr1WuUa5RrlGvUa9Rr1GuUY5RrlGuU
a5RrlGuUY5Njk0sRGYsJCSoMMk0RSREJOk5TElLSUxJS0kqRIY0JCAjHCMcIxwjH
AMcIxwjHGUk6TkJQQpBCkEKQQo9CkDpPQk9CT0JOOgs5xjmEOYQ5hDmEOYQ5hDmE
OYMxgzFDMUMxQzFDMYc5zGMSa1JjUmMRYxJjEmMSYtFjEWMRa1JrUmtTa1JrUmtS
a1JrUmMSYxFjUmtSa1Nrk2uTa5Nrk3PUfBV8FYQWhFaEVoRXhBZzEknNWg6Dk4OT
cxFyDFlIWUdqCnvThBZ8FmvVU1NLEzJQGc0qD0sTS1MykRnNIcxC0GPUY5NCkDpP
QpBKkErQSxBTEVMRU1JbEltSY1JjU2OTY1NK0BmLCQkqDTINEQkRCToOUtFTElLS
UtJKkToOKcwhjBmMGUsRSgkIAMcIxxmJOk5CkEKQQpBCkEJQQk9CT0JPQk5CTjoL
OcY5hDmEOYQ5hDmEMYMxgzGEMYQxgzFDMUMxQzGHMcxjEWNRY1FjEWMRYxFjElsR
WxFjEWMRa1FrUmtSa1JrEmtSa1JjEmMRY1JrUmtSa5Nrk2uTa5Nz1HwVhBWEVYQW
hFaEVoRWcxFJy1oNi1GLUWpNaUhhB2EHagp704RWhBZ8FnPVa9VC0SHNOpBj1VuU
Mo8hzDpPW5RsFltUKg0hjCHMIcwhzCnMKcwpzCnMMg0yDUJOUxFjU2NTStAZSxEJ
Kg0yDREJEQk6TkrRUtJK0UqRStFCkTpQOlA6UDIPKc4ZSgjICMghizpPQlBCUEJQ
OlBCUDpQQhBCT0JPQk46CjHFMYQxgzmDOYM5gzmDMYMxgzFDMUMxQzFDMUQxiTHM
YxFjUmNRYxFjEWMRYxFbEVsRYxJjEmNSa1JrUmtSYxJjUmNSY1FjEWNSa1JrUmuT
a5Nrk3OUc9R8FXwVfBWEVoRWhFaEVnMRUclZyYKNgkxpiWkHYQdhR2oLe9SEVoRW
hBaEFnPVQtEhzTqRa9ZTVCnOIc5LE2PWa9dTVCHOEYwRjBGMEYsRSxFKEUoRShFJ
EUkhy0rRW1RbU0KQGUoJCSoNMg0RCREKOk9K0UrSOk86kErRStFK0UqRSpFCkDpP
GUoIyBEJMc1CUEJQQlBCUEJQQlBCT0JQQlA6UDpPOgoxxTGEMYQxhDGEOYQxhDGD
MYMxQzFDMUMxQzFEMYg5y2MRY1JjEmMRYxFjEWMRWtBa0GMRY1FjUWNSa1JjUmNS
Y1JjUmNSWxFjEmNSY1JrUmtTa1NrlHPUfBV8FXwVfBaEFoRWhFZzEmGIYUdpiGmI
YUdhR2lIaUlqDHvUhBaEFoQWfBZz1kLRIc1K0WvVW5QyUDqRY9Rz1mwWY5VC0jKR
KlAqDyHOGY0RjBFKEUoJSQkJGUpCkFtTW1M6UBEKEQoyDjINEQoZCjpPStE6TyGN
Mg5CkEqRStFKkEqQQpAyDhEJCMcZSjJOQlBCUEJQQlBCUEJQOk86TzpPOk86TjnJ
MYQxhDGEOYMxgzmDMYQxQzFDMUMxQzFDKUMpRDGJMcw=
END f128
  chw crc32 : d5325bb2   (low byte first)
  chw crc32 : 8042b073   (high byte first)

-- f128fast: 128x128 RGB565, resolution register 0x0b, bus 16.0 MHz, recipe vendor --
  fifo      : 32768 bytes, expected 32768  
  timing    : setup 0.0 ms, expose 63.0 ms, read 16.5 ms  (1.89 MB/s over the bus)
  first 16  : 84 12 84 12 84 12 8c 13 8c 13 8c 13 8c 13 8c 13 
BEGIN f128fast 128 128 32768 3f9f2995
hBKEEoQSjBOME4wTjBOME4xUjFSMVIQTjBOME4wTjFSMVIxUjFSMlJSUlJWMVIxU
jFWUVZRVnJWUlZRUjFSMVJRUlFWUlZSVlJWUVYxVlJac16UYpRilGKUYpRilGK0Y
rRilGaUZpRmlGaUZnNiEFoQVjJec2JSXhFWEVZ0YpRmUlpSXnNiMl4xWjJaU150Y
nNic2J0YnNic2JzXnNic2JTYjJaU15TXlNeU14RVdBSMl4yXe9SEVoRWdBRbUVtR
dBN8FIRVjJaMloxWdBVbUUrPc9OEVYRVhFVr00LOOo46jjqNW1F0FHwUfBRz1ELP
Mk0qDSnLQo5jknPTc9Nz04QTg9OEE4wTjBOMEoxSjFOMVIxUjBSEFIwUjBOMFIxU
jFSMVIxUlJWUlZSVlFWUVZRVlFWUVZSVlJWUVZRVlFWUVZRVlFWUVZRVlFWMVZSV
nNelGKUZpRilGKUYpRmtGa0ZrRmtGa0ZrRmtGaUZpRilGKUZpRmlGaUZpRilGaUZ
pRilGaUZpRilGKUYpRmlGZ0YpRilGKUYpRic2JzYnNic2JzXnNic2JzYnNiU15SX
lNeU14yXlJeUl5SWjFaEVoxXjJeMloyWjJaMVoRWhBV8FIRUhFWEVYRUhFVr1GNT
W1JbUmuTfBR8FHwUfBRr01tRUxFbUmOTc9Nz03PTc9OME4PShBOEE4QThBOME4wU
jFSMVIxUjFSME4wTlFOMVIxUjFSUVJQVlFWclpSVlFWUVZRVlJWUlZSVjJSMVIxV
lFWUVZRVlJaUVYxVlFWUlqUYpRilGKUYrVitGK0ZrRmtGa0ZrRmtGa0ZrRis2a0Z
pRmlGaUZpRmlGaUZpRmlGaUZpRmlGaUYpRilGKUYpRmlGaUYpRik2KTYnNic2JzY
nNec2JzYnNic2JyYnNec15zXnNeU15SXlJeUl5SXlFeMl4yXjJeMloyWjJaEVYxW
jFaMFYRVhFWEVYRVfFV8FXwVfBR8FHwUfBR8E3wUfBRz03PTc9Nz03PTc9Nz03PT
hBOEE4QThBOME4wTjBOME4xUjFSMVIwTjBOME5RUjFSMVIxVjFSUVJRVlFWUVZRV
lFWUVZSVlJWUlYyUjFSUVZRVlFWUVZSVlJWUVpRVnJak16zYpRilGK0ZrRmtGa0Z
rRmtGa0ZrRmtGa0YnNic15TXlNeU2JTXlJeUmKTZpRik2JzYlJeMl5TYnRik2KUZ
pNmlGZzYlJeUVpzYnNic2JzZnNic2JzYlJeUl5SXlNeU15TXlNeMloRWjJeMl4yX
jFaMVoxWjFaMVoRWjFaMVYQVhFWEVYRVhFWEVYRUhBSEFHwUfBR8FHwTfBR8FHwU
dBRz1HPUc9Nz03PTc9Nz04QTg9KEE4wTjBOME4wTjBOUU5RUjFSMVIwUjBSUFZRU
lFWUVJRVlFWUVZSVlFWUVZRVlFWUlpyVlJWUVZRVlFWUVZSVlJWUlZSVlFWUVpyW
pNitGK0YrRitGa0ZrRmtGa0ZrRmtGa0ZrRmk2YxVe9Nz03PUfBRrknPShFWc2IyW
hFV8FWNSY1GEFIQUhFWc2JzYnNic2HwUc5OUl5zXnNec2JzYnNic2IQVe9OMVZSX
lNec15TXhFVrk3xVfFVr02vTc9OEFYxWhFZz1HwVfBVr03PTc9N8FIQVhBWEFYQV
fBV8FHwUfBR8E3wUfBR8FHwTc9Nz03PTc9Nz03PTc9OEE4QThBOME4wTjBOME4wU
jFSMVIxUjFSME4wTlFSUVJRUlFSUVJRUnFWclZSVlFSUVZRVnJWUlZSVlJSUVJRU
lFSUlZSVlJWUlZSVlFWclqUYpRitGa0ZrRmtGa0ZrRmlGa0ZrRmtGa0ZpNlz1FtS
U1JTk2PUSxFTUnxVlNhrk2OSQxE6z0MRU1JbUnPTlNiMloRVfFVbUVMQdBSEFYRV
nNec2JzYnNiMVnOSc5OUlpTXlNeEllNRQo9bkmPTOo5DD0KOa9OElnQUSs9jkmOT
Qo5Kz0rPY5J8FYRVfFV0FGOSWxFbEWOSc9R8FHwUdBRz1HOTa5JjUmOTa5Nzk3OT
hBOEE4QShBKME4wTjBOMVIxUlFWUVIxUjBOME4xUlFSUVJRUlFWUVJRVnJaUVYxV
lFWUVZSVlJWUlZSUlFSUVZRVlFWUVZSVlJWUlZSVnNelGKUYpRmtGa0ZrRmtGa0Z
rRmtGa0ZrRmlGaTZa9NTkkuSS1JTU0sRS1J0FYzYa9RjlDrQOtBDEVNSdBV8VozY
a9NTUWPTSxBCz2OTW1FjUpSWnNiU15SWhFWEVoRVhFWMVozXhFVDDzJNQs9bkjrP
W5M6z1tTfJZbkjJNQtBC0CpNKgwqTTrOc9N8VXQUSxAyTSHLMk06TVLQc9Nz02uT
WxFKz0JOOk06DUqOW1Frk4QThBOEE4wTjBOME4wTjFSMVIxUjFSME4wTjBOUVJRU
lFSUVJRUlFSUlZyWlFWMVJRVlJWUlZSVlJWUlZRVlFWUVZRVlJWUlZSVlJWUlpzX
pRitGa0ZrRmtGa0ZrRmtGa0ZrRmtGa0ZrRmdGFuSS1FDUUNSQxFTk0tSdBWVGXwV
W5I7EDtROxBjk4yXlNiU2GOSY5N0V1uTU1J0VmuTWxGUl5TXfBR0E2tRlJaU1nPS
dBOMloSXU1IqDkLRU1MyTksQOo1bUXyWa9QyTjqPOtAqTioNMk1Kz2PTdBVTETJO
Oo8hzEsRSxAyDFsRa5JCTjIMMkw6TkKPQo8pzDINY5KEE4PTjBOME4wTjBOME4wU
jFSUVJRUjBOME4wTlFSUVJRUlFSUVJRUlJSUlZRUlFSUVZSVlJWUlZSVjFWUVZRV
lFWUVZRVlJWUlZSVlJac160YrVitGK0YrRitGa0ZrRmtGa0ZrRmtGaUZnRhTkjsR
OxFLk0MRU5NLUXwVlNh0FGOUS1I60DrQY9SMV5TYlNhjUluTdFVTUUtRdFVjklMQ
hNeEllsQa9NbUYSWlRd8E1sQfFV8VUMQIgwqTjrQKk9LUjqPW1F8VmPTKk0qTSoN
IgwiDCILOo5bkmvUOk5LEVtSKgxbkmvUQo5CjWPTQs9K0FtSY5Njk2OTUtAhi1LQ
hBOEEoQShFOME4wTjBOUFIxUlFSMVIwUjBOME5RUlFSUVJRUlFSUVZxVnJWUVZRV
lFWUlZSVlJWUlZRUlFSUVJRVlJWUlZSVlJWUlZSWpRelGK0YrRmtGK0ZrRmtGa0Z
rRmtGa0ZrRmtGZTYS1IyjzrQU5NDEVOTSxF8VZUYdBRbkkMQS1JDEULQY5KEVpTY
a9NjUmuTStBC0GOTW1JjUozXfFVbUXQUW1CElpUXhJVjUXQVdFU7ECJNMs860CpO
S1IyjlNSdFdTUipNIg0iTSJNIg0aDCpNW5Jj0zINY5NTETpNa9R0FFLPOg1rk2uT
c9Nz1HPUc9Nz02ORKctCjoQThBOEE4wTjBOMFJQTjBSMVIxUlFSMVIwTjFSUVZRU
lFWUVJRUlFScVZyVlFWUVZSVlJWUlZSWnJaUVZRVlFWUVZSVlJWUlZSVlJWclqTX
rRitGa0ZrRmtGa0ZrRmtGa0ZrRmtGa0ZrRmUmEtSOtA7EVvUS1FbklNRhJaVGHRU
StBTUWPUW5JCz1vSjJec2IxWjJaMlmuSY5KEloRVhFWU13wUfBSEVVsQfFWMloRV
dBR8VXxWQxAqTjrPS1EyTkLQMk5TEXxWW5IqTSJNKk0iDSINIgwqTWPTbBMyTVNR
Qs86jmwUbBRK0DINa9N0FHQUc9Rz03PTa9NbUSnLQo+ME4wSjBOME4wTjBOME4wU
lFWUVJRUjFSMVIxUlFWUVJRUlFSUVJRUlJWclpRVlFaUlZSVlJWclZyVlFSUVJRV
lFWUlZSVlJWUlZSVnNalF60YrRitGa0ZrRmtGa0ZrVmtGa1ZrVmtWa1ZjJZj0lNR
S1FkE1uSa9RjkoyXnRmMl1tSY9R0FXQVW1GEVaUYrRmk2KUYpRh703vUnNic2JzY
nNiUl5SXhJZbEXPTfBRjUYQVjJd8VUMQMo9DEUMRMo9b00LQSxB0VVNSMo0yTjJO
Kg0qDSoNMg1j03QUQo86TjIMUxBz1GOTMk1CjnPTdBN0E2vTY5JjklMROk4py1MR
jBOEE4QTjBOME4wTjBOMVJRUlFSUVIxUjBSMVIxVlFSUVJRUlJWUlZSVnNaUlZSV
lJWUlZSVlJWclZRVlJWUVZSVlJWUlZSWlJWUlZzWpRitGK0ZrRmtGa1ZrRqtWa1Z
rVmtWa1ZrVmtGYyWhFV0FHwUhBSEFZTWhFSU16VZlNd704QUhFSEVHvTlJetGa0Z
rRmtGaUYhBSEFaUYpRilGKUYnNic2IzXa9JjkWORY5KElpTXhJZr01MRY5NTUUKP
U1FKz0rPfBRr00sRQxBTUTKOKk0qDCoMSxB0FGOSOk06TWvTY5I6TjINW1J71HvU
e9RjkjqOOg0qDDIMQs9jkoQThBOMVIwTjBOME4wTlBSUVJRUlFSUVIxUjFSMVJRU
lFSUVJRUlJWUlZzWlJWUlZSVlJWclZyVnJWUVZRVlFWUVZSVlJWUlpSVlJWc1q0Y
rVmtWa0ZrVmtWa1ZrVmtWa1ZrVmtWa1ZrVmlGKUYnNec2JzYnNitGaTYpNitGaUY
nNec2JzYnNicl6UYrRmtGa0ZrRmlGJzXpNelGKUYpNilGJzYpNic2JSXhFaEVoyW
lNeU15TXjJZ8FIRVdBRr02vTa5Nrk4RVhFZr1GuTdBVj01NRU1FCz1MQfBV0VWuT
a9NsFFtSQo5bEXPTfBR8FHvUY5JCjzpPQs9bUWuSc9OME4wTjBOME4wTjBOME4xT
lFWUVZRVlBSMFIwUlFSUlJRVlJWUVZSVlJac1ZSVlJWUlZSVnJWclZyVlFWUVZRV
lFWUlZSVlJWUlZSWpNetGK1ZrVmtWa1ZrVmtWa1ZrVmtWa1ZrVmtWa1ZrVmtWa1Z
rVmtWa1ZrVmtWa0ZrVmtGa0ZrRmtGK0ZpRmtGa0ZrRmtGa0ZrNmtGaUYpRilGKUY
pNik2KTXnNic2JzYnNec15SXnNec15TXlJeUl5SXlJeMl4yWjJaMloyWhFWEVYxW
hFV8FHwUdBN0FIRVhFWEFYQUfBRz1GuTc9R8FHwUfBR8FHPUa5Nrk2uTc5Nzk3PT
jBOEE4wUjBOME4wTjBOME5RUlFWUVZRUlFSMVJRUlFWUVJRVlFWUlZSVnNaUlZSV
lJWUlZyVnJWclZRUlFSUlZSVlJWUlZSVlJWUlqTXrRitGK0ZrRmtWa1arVmtWa1Z
tVq1WrVatVm1WbVZtVq1WbVZtVm1WbVZrVmtWa1ZrVmtWa1ZrRmtGa0ZrRmtGKUZ
rRmtGazZrRmtGa0YrRilGKUYpRik2KTYpNik2KTYnJic15zXnNeU15TXlNeUl5SX
lJeUl5SXlJeMl4yWjJaMVYxWhFWEVYRVhFWEVYRVhBWEFYQVhBV8FHwUfBR8FHwU
dBRz1HPUc9Rz03PTc9Jz04wThBOEE4wTjBOME4wTjFOUVJRUlFSUVIwUjFSUVZRV
lFWUVZSVlJWUlZzVnJWUlZSVlJWclpyWnJaUVZRVlFWUlpSVlJWUlZSVnNWk160Y
rRmtGa0ZrVmtWq1ZrVm1WbVZtVq1WrVZtVm1WrVatVm1WbVZtVm1WbVZrVmtWa1Z
rVmtWa1ZrRmtWa0ZrRmtGaUZrRmtGa0ZrRmtGa0ZpRilGKUYpNmk2KTYpNik16TX
nNec15TXlNeU15SXlJeUlpSXlJeUl5SWjJaMloxWjFWMVoxWjFaMVYxVjFSEFIQU
hBSEFIQUfBR8FHwUfBR8FHwUdBRz03PTc9Nz03PTc9OME4QShBOME4wTjBOME4xT
lFSUVJRUjFSMVIxUlJWUVZRVlFWUlZSVlJWc1pSVlJWUlZyVnJWclZyVlFWUVJRU
lJSclZSVlJWUlZyWpNitGa0ZrRmtGa1arVmtWbVZtVm1WbVZtVm1WbVZtVm1WbVa
tVq1WrVatVm1WbVZtVmtWa1ZrVmtWa1ZrVmtGa0ZrRmtGaUZrRmtGa0ZrRmtGKUY
pRilGKTYpNek2KTYpNic2JyXnNec15zXnNecl5yXlJeUlpSWlJaUlpSWjJaMloxW
hFaMVYxVjFWMVYRUhFWEFXwUhBSEFHwUfBR8FHwUfBR8FHvUc9Rz1GvTc9Nz03PT
jBOEE4QTjBSME4wTjBOMFJRVlFWUVZRUjFSMVJRVlFWUVZRVlJWUlZSWnNaUlZRV
lJWclZyVnJaclZRVlFSUlJSVlJWUlZSVlJWc1qUXrRmtGa1ZrVmtWbVZtVm1WbVZ
tVm1WbWZtVm1WbVZtVm1WbUZtVq1WbVZtVq1WbVZtVmtWa1ZrVmtWa1ZrRmtGa0Y
rRmlGa0ZrRmtGa0YrRilGKUYpRik2KTYpNik2KTYpNec15zXlNec15zWnNeU15SW
lJaUloxWjFaMloyWjFWMVoxVjFWMVYxVhFWEVYRVhBWEFYQVhBSEFHwUfBR8E3wU
fBRz1HPTc9Nz03PTc9Nz04QThBOEE4wTjBOME4wTjFOMVJSUlFSUVIxUjFSUlZRV
lJWUlZSVlJWUlZyVnJWcVZyVnJWclZyWnJWUVZRVlJWUlZSVlJWUlZSVnNelGK1Z
rVmtWa1ZrVm1WbVZtVm1WbVZtVm1WbVZtVm1WbVZtVm1WbVZtVm1WbVatVq1WrVZ
tVm1Wa1ZrVmtWa0ZrRmtGa0ZrRmlGa0ZrRitGK0YpRilGKUYpRik2KTYpNik2KTX
pNec15zXnNec15zXlJeUl5SXlJeMloyWjJaMloyWjFaMVoxWjFaMVoRVhFWEVYQV
hBWEFIQUhBR8FHwUfBR0FHvUe9Rz03PTc9Nr02vTa9OME4wSjBOME4wTjBOMU4xT
jFSUVJRVlFSMVIxUlJSUlZSVlJWUlZSVlJWc1pyVlJWclpyVnJWclZyVlFWUVZSV
lJWUlZSVlJWclZzWpRetWK1ZtVm1WbVZtVm1WbVZtVm1WbVZtVm1WbVZtVm1WbVZ
tVm1WbVZtVm1WbVZtVm1WbVZtVm1Wa1ZrVmtWa1ZrRmtGa0ZrRmtGa0ZrRmtGKUY
pRilGKTYpNic16TYpNekl5zXnNec15TXlJeUlpSXlJeUl4yWlJaUlpSWjJaMVYxW
jFaMVoxWjFWMVYRUhFWEFYQVhBSEFIQUfBN8FHwUfBR0E3PTc9Nz03PTc9Nz03PT
jBOME4wTjBOME4wTjFOMU5SUlJWUVZRVjBSMVJSVlJWUlZSVlJWUlZSWnNaclZSV
nJWc1ZyWnJaclpRUlFSUVJSVlJWUlZSVnJWk1qzYtRi1GbVZtVq1WbVZtVm1WbVZ
tVm1WbVZtVm1WbVZtVm1WbVatVm1WrVZtVm1WbVZtVm1WbVZtVmtWa1ZrVmtGa0Z
rRmtGaUYrRitGK0YrRilGKUYpRik2KTYpNek2KTXpNec15zXnNac15yXnJecl5SW
lJaUVpSWlJaUloyVjFaMVoxWjFWMVYxVhFWEVYQVhBWEFIQUhBSEFHwUfBR8FHwU
fBRz1HPUc9Nrk3PTc9Nz04wTjBOME4wTjBOME5RTjFSUVJRVlFWMVIxUjFSUlZSV
lJWUlZSVlJWUlpyWlJWUlZSVnJWclpyWnJaUVJRUlFSUlJSVlJaUlZyWpNetGK0Z
rRmtWbVZtVm1WbVZtVm1WbVZtVm1WbVZtVq1WrVatVq1Wr1atVm1WrVZtVm1WbVZ
tVm1WbVZrVmtWa1ZrVmtGa0ZrRmlGK0YrRitGK0YpRilGKUYpNik2JzYpNik16TX
pNec15zXlNeU15SXlJeUl5SXjJeUlpSWlJaMloxWjFaMVowWjFWMVYRVhFSEFYQV
hBWEFIQUfBR71HwUfBR8FHwUe9Rz03PTc9Nz0nPTc9OME4wTjBOME4xTjBOMVIxU
lFSUVZRVlFWMVIxUlJWUlZSVlJWUlZSVlJWclpSVlJWUlZyVnJaclpSWlFWUVZRV
lJWUlZSVlJWclaTXrRi1Ga1ZtVm1WrVZtVm1WbVZtVm1WbVZtVm1WbVZtVm1WbVZ
tVm1WbVatVm1WbVZtVm1WbVZtVm1Wa1ZrVmtWa1ZrRmtGa0ZpRmtGazYrRitGKUY
pRilGKTYpNic16TXpNek16TXnNec15zXnNecl5SXlJeUloyWjJaMloyWjJaMVoxW
jFaMVYxVjFWMVIRUhBWEFXwVfBR8FHwUfBR8FHwUfBNz1HPUc9Rz03OTc9Nz02vT
jBOME4wTjBOME4wTjFOMVJRUlFWUVZRVjFSMVJSUlJSUlJSVlJWUlZSVnJaUlpSV
nJWclZyWnJaclpRVlFWUVZSVlJWUlZSVnJak160YtRmtWbVatVm1WbVZtVm1WbVZ
tVm1Wb1ZtVm1WbVZtVm1WbVatVm1WrVatVm1WbUatVq1WrVZtVm1Wa1ZrVmtWa1Z
rRmtGaUZrRitGK0YrRilGKUYpRik2KTYpNik2KTXpJek15zXnNac15yXnJeUlpSX
lJeUlpSWlJaUlpRWjFaMVoxWjFaMVYRVhFWEVYRVfBSEFIQUhBR8FHwUfBN8FHvU
e9R703PTc9Nz03PTc9Jr04wTjBKME4wTjBOME4wUjFSUVZSVlFWUVIxUjFSUlZSU
lJWUlZSVlJWUlZyWlJWUlZSVnNWclpyWnJWUVZRVlFWUVZSVlJaclZyVpNetGK0Z
rVm1WbVZtVm1WbVZtVm1WbVZvZm1WbVZtVq1WrVZtVq1WrVatVq1WrVatVm1WbUZ
tVm1WbVZtVm1WbVZrRmtGa0ZpRitGK0ZrRmtGK0YpRilGKUYpNik2KTYpNik16TX
pNec15yXnJacl5SXlJeUl5RWlJaUlpSWlJaMloxWjFaMVoxWjFWMVYRVhFWEFIQU
hBSEFHwUfBR8FHwUfBRz1HPTc9Rz1HPTc9Nz03PTc9OME4wTjBOME4xTjFOMU4xU
lJSUlZSUjFSMVIxUlJWUlZSVlJWUlZSVlJaclpSVlFWUlZyVnJaclpyWlFWUVZRV
lFWclZyVnJWc1qTXrRitGK1ZtVm1WbVZtVm1WbVZtVm1WbVZtVm1WbVZtVm1WbVZ
tVm1WrVZtVq1WrVZtVm1WbVZtVmtWa1ZrVmtWa1ZrRmtGaUYrRitGK0YrRitGKUY
pRilGKTYpNic2KTXpNek15zXnNec15yXnJecl5SXlFaUlpSWlJaUlpSWjJaMVYxV
jFWMVYxVjBWMFYwVhBWEFYQVhBSEFIQUfBR8FHwUfBRz03PTc9Nz03PTc9Nr02uT
jBOME4wTjBSMU4xTjFOMVJSUlJWUlZRVjFSMVJRVlJWUlZSVlJWUlZSVnJWclpxV
nJaclZyVnJWclZxUlFSUVZSVlJWclZyWpNatF60YrRm1WbVZtVm1WbVZtVm1WbVZ
tVm1WbVZtVm1Wq1atVm1WbVZtVm1WbVZtVm1WbVZtVm1WbVZtVm1WbVZrVmtGa0Z
rRmlGK0YrRitGK0XpRilGKUYpNik2JzXpNek16TXnJec15zXlNecl5yXnJeUlpSW
lJaMlpSWlFaUVpRWjFaMVoxVjFWMVYxVjFWEFYQVhBWEFIQUhBR8FHwUfBR71HvU
c9Rz1HOUc9Nz03PTc9Nrk4wTjBOME4wTjFOMU4xTjFSUVJSVlJWUVIxUlFSUVZSV
lJWUlZSVlJWUlpyWnJaUlZyWnJaclpyWnJWUVZRVlFWUlZyVnJWclaTWrRetWbVZ
tVm1WbVZtVm1Wb2ZtVm1WbVZtVm1WbVZtVm1WbVatVq1WrVatVq1WrVatVm1WbVZ
tVm1Wa1ZrVmtWa1ZrVmtGa0YrRitGK0YrRitGK0XpRik2KTYpNik2KTYpNek16TX
nNec15zXlJecl5SXlJeUl5SWlJaUlpSWlFaMVoxWjFaMVoxWjFWMVYRUhFSEFIQU
hBR8FHwUfBR71HwUe9R71HPUc9Rz1HPTc9Nz02vTa5OMFIwTjBOME4wTjBOMU4xT
lFSUlZSVlFWUVJRUlJWUlZSVlJWUlZSVlJWclpSVnJWclZyWnJaclpyWlFWUVJxV
nFWclZyVnJWk160YrRitWbVZtVm1WbVZtVm1WbVZtVm1WbVZtVm1WbVZtVm1WrVa
tVq1Wq1atVq1WbVZtVm1WbVZtVm1WbVZrVmtWa0ZrRmtGK0YpRitGK0YrRitGKUY
pRik2KTYnNik2KTXpNek15zXnNec15yWnJecl5SXlFeUloyWlJaUlpRWjFaMVoxV
jFWMVYxVjFWEVYQVhBSEFIQUhBSEFHwUfBR8FHwUe9Nz03PTc9Nr02uTa9Nrk2vT
jBOME4wTjBOME4xUjFSMVJSUlJWUlZRUlFSUVJRUnJWUlZSVlJWUlZyVnJaclZyV
nJWclZyVnJWclZRVlFSUlZSVnJWclZyVpNatGLVYtVm1WbVZtVm1WbVZtVm1WbVZ
tVm1WbUZtVm1WbVZtVm1WbVatVq1WrVZtVm1WbVZtVm1WbVZtVm1WbVZtVmtGa0Z
rRitGKUYrRis160YpRilGKTYpNic16TXpNek16TXpNac15zXnJecl5yXnJaUlpSW
lJaUlpSWlFaMVoxWjFaMFoxVjFWMVYxVhBWEFIQUhBSEFIQUfBR8FHwUfBR8E3PT
c9Nz02vTa5Jr02vTa9Nrk4wTjBOME4wTjBOMU4xTlFSUlJSVlJWUVYxUlFSUVZSV
lJWUlZSVlJWclpzWnJWclZyVnJWclqSWnJaUVZRVlFWUVZyVnJWclqTXrRi1WbVZ
tVm1WrVZtVm1WbVZtVm1WbVZtVm1WbVZtVm1WbVZtVq1WrVZtVm1WbVZtVm1WbVZ
tVm1WbVZtVm1WbVZrRmtGa0ZrRmtGK0YrNetGK0YpRilGKTYpNek16TXpNek15zX
nNec15yXlJaclpyWlJaUlpSWlJaUlZRWjFaMVoxWjFaMVoxWjFWEVYQUhBSEFHwU
g9SEFIQUfBR8FHwUfBR71HPTc9Nz03PTc9Nz02uTa5OME4wTjBOMFIwUjBSMVIxU
lFWUlZSVjFWUVJRUlFWUlZSVlJWUlZSWlJaclpSWlJaclpzWnJaclpyWlFWUVZRV
lFWclZyVnJWk160YrRi1GbVZtVm9WbVZtVm1WbVZtVm1WbVZtVm1WbVZtVm1WbVZ
tVm1WbVZtVm1WbVZrVi1WbVZtVm1WbVZtRmtGa0ZrRmtGaUYrRitGK0YrRilGKUY
pNek16TXpNek16TXpNec15zXnNecl5yXnJaUlpSWlJaUlpSWlJaMVoxWjFaMVoxW
jFaMVYxVjFWEFYQUhBSEFHvUfBR8FHwUfBR8FHvUc9Rz03PTa9Nr02vTa9Nrk2uT
jBOME4wTjBOMU4xTjFOMVJSVlJWUlYxUjFSMVJSVlJWUlZSVlJWUlZSWnNaclpyV
nJaclpyWnJaclpRVlFWUVZRVnJWclpyWpNetGK0YrRm1WbVZtVm1WbVZtVm1WbVZ
tVm1WbVZtVm1WbVZtVm1WbVZtRm1WbVZtVm1WbVZtVm1WbVZtVm1WbUZrVmtGK0Y
rRitGK0YrRitGK0YpRik2KTYnNek16TXpNek16TXnNec15yXnJeUlpyWnJaUlpSW
lJaUVpRWlFaMVYxVjFWEVYxVjFWMVYxVhBWEFYQVhBSEFIQUfBR8FHwUfBRz1HPU
c9Rz1HPTc9Nz03OTc5Nrk4wTjBOME5QTlBSUE4wUjFSUVZSVlJWUlZRUlFSUVJRV
lJWUlZSVlJWUlZyWlJaclZyWnJaclpyWlJaUVZRVnFSclZyVnJWk1qTXrRitGbUZ
tVm1WbVZtVm1WbVZtVm1GbVZtVm1WbUZtVm1WbVZtVm1WbVZtVm1WbVZtVm1WbVZ
tVm1WbVZtRm1Ga0ZrRmtGK0YrRitF60YrRilGKUYpNek2KTXpNek16TXpNec15zX
nJecl5yXnJaclpyWlJaUlpSWlFaUVoxWjFWMVYxVhBWMVYxVjFWMVYQVhBWEFYQU
hBR8FHwUfBR8FHvUe9Rz1HPUc9Nz03PTc9Nrk2uTa5KMFIwUjBSMFIwUjBSMVIxU
lJSUlJSVlFWUVJRUlJWUlZSVlJWUlZSWlJWclpyWnJaclpyWnJaclpSWlFWUVZRV
lJWclZyVpJak160ZrRm1GbVZtVm1WbVZtVm1WbVZtVm1WbVZtRmtGKTYrRmtGKzY
rRi1WbVZtVm1Wa0YrRi1GK0YrRi1WbUZtRm1GKTYpNetGK0YrRetGK0YpRic15zX
nNek15zWnJac15zXnNec15yXnJaclpyWnJaUVpRWlFaUVpRWlFaUVoxVjFWMVYxV
hFWMVYxVjBWEFYQVhBV71HwUfBR8FHvUc9Rz1HPTc9Nz03PTc9Nz03PTa5Nrk2uT
jBOME4wTjBOMFIxUjFSMVJSVlJWUlYxVjFWUVJSVlJWUlZSVlJWUlZzWnNaclZyV
nJWklZyWnJaclpRVlFWUVZRVnJWclaTWrRe1GK0YtRi1WbVZtVm1WbVZtVm9WbVZ
tVm1WbVZpNeD06SVrNaL0pRVrRitGbUZtRmclpyVpRecVZyWrRi1WLUYrRiUVYxU
pRetGK0YrRik2KTXjFSEE5SVlJSD04xVnNac15zXnJaclpyWnJaclpyWlJaUlpRW
lFaUVpRVjFWMVYxVjFWMVYxVjFWMVIQUhBSEFIQUhBR8FHwTfBN8FHwTe9N703PT
c9Nz03PTc9Nr0muTa5Nrk4wTjBOME5QTjBOMU4xUjFSUVJSVlJWUlZRUlFSUVZRU
lFWUVZRVlJWUlZyWlJaclZyWpJaclpyWnJaUVZRUlFSUVZyVnJWk1q0XrRi1GLVZ
tVm1WbVZvVm1WbVZtVm1mbVZtVm1WIxUOYuL0ZxTSclzkaUXpNek16TXc1F7UZxU
cw+D06zXtRitGKzXc1F7kqzXrRilF5yWnJeUlmMPUo2UE3uRQgx7kpSWnJaclpyW
nJaclpyWlJaUlpSXlJaUVpRWlFaUFoxVjFWMVYxVhFSMVYxVjBSEFIQUhBSEFHwU
fBR8FHwUfBR8E3vTc9Nz03PTc9Nz03PTa9JrkmuSY5KME4wTjBOME4wTjFSMVIxU
lFWUlZSVlFWUVZRVlFWUVZRVlFWUVZSVlJWc1pSVnJWclpyWnJaclpyWlFWUVZRV
nJWclZyVpNatGK0YtRm1GbUZtVm1WbVZvVm1WbVZtZi1WbVZtRmMFClJe0+DkDlH
e5CcU4PRg5KUE1pNYk2DkUHKaw+k1q0ZrRms2GLQc1Kk16TXlFV70oPTjBNSTTmK
e5JaziEIc1GMFHvTg9OMFIwUjFWMVYwVlFaUVpRWlFaMVYxVjBWMFYxVjFWMVYRU
hFSMVIRUhBSEFIQUfBSEFHwUfBR8FHPTe9Nz03PTc9Rz03PTa9Nr02vTa5Nrk2OT
jBOME4wTlBSMFIwUjBSMVJRVlJWUlZRVlFWUVJSVlFWUVZRVlFWUlZyVnNaclpyV
nJaclZyWnJaclpRVlFWUVZxVnJWclqTXrRitGLUZtRm1WbVZtVm9WbVZtVm1WbVZ
tVm1Wa0Yg9MxSmLNas05iIOTjBNrD0oMe5JSDFqOg5JJy2sPpNatWK0YpNdiz3NS
pNeklnNQUkxajXuRSgwxSWsQSgwpCHNQe5FajVJMaw9iznORaw97kpRVlFaUVpRV
g9NzkXORe9KEFIxVjFWMVYxVjBWEFYQUhBSEFIQUhBR8FHwUfBR71HvTc9Rz1HPT
c9Nz03PSc9Nr02uTa5Nrk4wTjBOME4wTjBOME4xTlFOUVJSVlJWUVZRUlFSUVJRU
lFSUVZSVlJWUlpyWnJacVZyWnJaclpyWnJaUVZRVlFWUVpyVnJak160YrVitGLVY
tVm1WbVZtVm1WbVZtVm1WbVZtVmtWHuSUkxSDFpMScqD04vScxBJy4PSYs57kpxU
Wk2D1KzXrRmtGaTXYs9zkqTWlJZSTVJNUk1rEFIMOUpKDDmKMUlzUXNRUk0xilKO
UktazkILc5KUVZRWlFaMFWtRSgpByVqMg9OMFIxVjFWMVIQVhBSEFIQUhBSEE4QU
fBR71HPUe9Rz1HPTc9Nz03PTc9Nz02vTa5Nrk2uTa5OME4wTjBOME5QTlBOUE5RT
lFSUlJSVlFWUVZRVlFWUVZRVlFWUlZSVlJaclpyWnJaclqSWnJaclpSVlFSUVJRV
nJWclZyWpNetGK1YrVi1GLVZtVm1Wb1ZtVm1WbVZtVm1WbVZrRh7kWrPSgxijlpN
g5Jyz2LOUgyME2LOe5KcVFqNjBOtF7UYtRiklmKOc1GclYwUUk1aTWLPc1FSTUoL
OYpBy0HKaxBrD1JNOYpizlqNOctCDIPTlFaUVpRWjBVjEDGJIQdCS3vTjBSMFIwV
jBWMFYQUhBSEFIQUhBOEFHwUe9R71HvUc9Nz03PTc9Nz03PTa9Nr02uTa5Nrk2tT
jBSMFIwTjBOMFIwTjFOMVJRUlJWUlZRVlFWUVJSVlJWUVZRVlFWUlZSVnNaUlZSV
nJaclZyVnJaclpRVlFSUVJyVnJWc1aTXrRitGLUZtVm1GLVYtVm1WbVZtVm1WbVZ
tVm1Wa0Yg9KD02sPg9JzUIPTas9rUWLPlBRzUXtSlFRrD4PTrNetWK0YpJdqzmrO
g5GL0mrOYs9rEHuSWs5iz0oLWo5SDGrQUgxKDDmKaxBrDzGJSk2MFJRVlFaUVowV
Ys8xSCEHQgt704wVjBWMFYQUhBWEFIPUhBSEFIQUfBR8FHvUe9Rz03PTc9Nz03PT
c9Nz0nOTa5Nrk2tTa5JrkoQThBOME4wTjBOMFIxUjFSUVZSVlJWUVJRUlFSUlZRV
lFWUVZRVlFWclZzWnJWclJyVnJWclZyVnJWUVJRUnJSclZyVnJak160YtRi1GLUZ
tRm1GbVZtVm1WbVZtVm1WbVZtVm1WZyWpJaUVZyWlFWclowVjBWMFZzXlFWMFJyW
jBSMFKzXtRitGKTXg9N7kXuSlBSD03NSe5KEFHuSe9NzUXuSc1F7kWLPWs5SjXOR
c5AxiWLPlFWUVZRWlFWMFXNRQcs5ilJNg9OMFIwUjBSEFIQUhBSD1IQUhBN8FHwU
e9R71HvUe9Nz03PTc9Nz03PSc5Nrk2uTa5NrkmNTY1KME4wTjBOME4wTjBOMU4xU
lJSUlZSVlFWUVJRUlFSUVJRVlFWUVZSVlJWclpSVnJWclZyVnJWclZyVlFSUVJRU
nFWclaTWrNitGK0YtRi1GLUZtVm1WbVZtVm1WbVZtVm1WbVZtVmtGa0YtRm1Ga0Y
rRmtGK0YrRitGK0YrRitGK0YrNetGK0YrRilGKTXnJecl5yXnJeUlpSXnJeUVpSW
lFWUVpQVlFWMFIQUg9SD1GMQOctzkpRWlFaUVpRVjBWD1GsRYxBrEYQUjBWMFIwU
hBSEFIQUhBR8FHwUfBR8FHvUe9N703vTc5Nz03PTc9Nr02vTa5Jrk2uSa5JrkmNS
jBOME4wTlBOME4wTjBOMVJRUlFWUVYxVjFSMVJSVlFWUVZRVlFWUVZyVnNWclZyV
nJWclZyVnJWclZRUlFSUVJRVnJWk1qzYtRi1GLUYtRi1GbUZtRm1WbVZtVm1WbVZ
tVm1WbVZtVm1WbVZtVq1WbVZrVm1WbUZtRm1GbUYtRi1GK0YrRitGK0YrRitGK0Y
rRitF6UXpNek16TXpNek16TXnNeclpyWnJaclpSWhBNazlrOhBSUlZRVlFWUVZRV
jFWEFIQUhBSMFYwVjBSMFIQUhBSD1IQUhBSEFHwUe9N703PTc9Nz03PTa9Nz03PT
a9Nrk2uTY5NrkmuSa5JrkowTjBOME4xTjFSME4wUjBSUVJSVlFWMVIxUjFSUVJRV
lFWUVZRVlFWclZyWnJWclZyVnJaklpyWnJWUVJRUlFSUlZyVpNetGK0YrVi1GbUY
tRm1GLVYtVi1WLVZtVm1WbVZtVm1WbVZtVm1WbVZtVm1Wa1ZtRm1GbUYtRi1GLUY
tRi1GLUYrRitGK0XrRitGK0YrRik16TXpNek16TWpNek15yXnJaclpyWnJacVowV
e9OEFIxVlFWUVZRVlBWUVYxVjFWMVYwVjBWMFIwUhBSEFIQUhBSEFIQUfBR8FHvT
e9N703vTc9Nz03PTc9Jz0mvSa5Nrk2uTa5Nrk2uTY1KME4wTjBOME4wTjBOMFIxU
lFWUVZRVlFWMVJRUlFSUVZRVlFWUVZRVlJWclpSVnJWclZyVnJWclZyVlFSUVJRU
nFSclaTWrRetGK0YtRi1GLUYtRi1GLUZtVm1WbVZtVi1WLVYtVm1WbUZtRm1WbVZ
tVm1GbUYtRi1GLUYtRi1GLUYtRitGK0YrRetF60YrRitF6zXrNek16TXpJek16SX
pJeclpyWnJaclpSWlFaUVpRWlFaUVYxVlFWUVZRVjFWMVYxVjFWMFYwUjBSMFIQU
hBSEFHwUfBR8E3vTe9N703PTc9Nz03PSc9Nz03OTc5Nzk2uTa5Nrk2uTY5JjkmNS
jBOME4wTjBOME4wTjBOMVIxUlFWUVYxVjFSUVJRUlFWUVZRVlFWUVZSVnJaclZyV
nJWclZyVnJWclZRUlFSUVJRVnJWk1q0YtRi1GLUYtRi1GLUZtRm1GbUZtRm1GbUZ
tRm1GbUZtRi1GK0XtRi1GLUYrRes160XrNes17UYrRitGKzYpNik2KTXpNes16zX
rNes16TXpNek16TXpNeclpyWnJaclpyVnJaclpyWlJaUlpRVlFWUVZRVlFWMVYxV
jFWMVYwVhBSMFIwUhBSEFIQUhBSEFHwTe9R703vTe9N703PTc9Nz03PTa9Nr02uT
a5Nrk2tSa5JrkmuSY1FjUowTjBOME4wTjFOUE4wTjBOMVJRVlFWUVZRUlFSUVJRU
lFSUVZRVlFWUlZyVlJWUlZyVnJWclZyVnJWUVJRUlJSclZyWpNelGK0YrRitGLUY
tRi1GLUZtRm1GbUYtVi1WLVYtVitF6TXnJaUVKSWpNek1pRVjFSUFJQUnFWk1q0Y
pReclpRUlFSUFJRVpJak16TXnJaUVZyWpNaklpRVlBSUVZRVlFWUVZyVnJaclpSW
lJaUVpRVlBWMFYwUjBSMFIwUhBSEFIQUhBSEFIQUhBSEFIQUg9R71HvTe9N703uT
e9Nz03PTc5NzknOTc5Nrk2uTa5NrkmuSa5JrUmNSY1KME4wTjBOME4wTjBOME4wT
lFSUVJRVlFWUFZRVlFWUVZRVlJWUVZRVlFWclpyVnJWclZyVnJWclZyVlFSUVJRU
lFWclqTXrRi1GLUYtRi1GLUYtRi1GLUYtRi1GLUYtRitWLUYpJaT03tQWkyDkZQT
lBNzUGqNcs9yz3MPnFWtF6TWg5FijWrNaoxzD5QTnJWclYPTe5KUVJxVlFV7kWsP
e5BzUHNQjBKUVpSWlJaUVpRWlFWUVYwUe5FzkYPTjBSMFIPTe5J7knOSc5JzknvT
e9N703vTc5Nz03OTc5Jz03PTa5Nrk2uTY5Nrk2uTa5Nrk2uTa5NrkmtSY1JjUmNS
jBOME4wTjFOME4wTjBOMU5RUlFSUVJRUlFSMVJRUlFSUVJRVlFSUVZRVnJaUVZSV
lJaclZyVnJWcVZRUlFScVJxVnJWk16UXrRitGLUYtRi1GLUYtRi1GbUZtRm1GbUY
tRi1GKSWe1FiTUnLas+D05xVg5JiznMQc1Bij5RVrRiclmLPQcpKC0nKUkyL0pQT
g9FijFJMe5GEEoQSUkxBykoKSgpSC3uRlFWUVpRWlFWMVZRVjBWD01JNSk1zkYQT
e9JrUFqOSkxSjEoLWo17koPTe9NrUVKPYxBaz2MQc5FjUVMPWxFjEVrRY1JrkmuS
a5JrkmuSa5JjUmNSY1JjUowTjBOEE4wTjBOMFIwTjBOMVJRUlFSUVZQUlFSUVJRU
lFSUVJRUlFScVJyVnJWcVZxVnJaclpyWnJWUVJRUnJSclaSVpNes2LUYtRi1GLUY
tRi1GLUYtRi1GLUYtRi1GLUYtRik13tRYk1SC2rOlFOk1XvSWs97knNQYs+UVazY
nJZijkHLSgxKC0oMg9OMFHuSSgxBimsQg9J7kkoLMYk5iUHKUkyD0pRVlFWUVZRV
lFWUVIwUc1FJzEHKYw9rUXuSYw9ByyEHMUgpBkHKc5J703OSSg0xSDGIKUdBymMN
SkwxiUoKOYk5ikpNYxJrU2tTa5JrUmNSY1JjUltSY1KME4wTjBOME4wTjBOME4wT
jBSUVZRVlFWUFYxUlFSUVJRUlJSUVZRVnFWclZxVlJWclpyVnJWclZyVlFSUVJRU
nJWclqTXrNitGK0YtRi1GLUYtRi1GLUYtRi1GLUYtRi1GLUYpJZzEGKOYo5ijpRV
pJaDkmKOg5J7UGKOnFWs15xVWk1JiknLQYpKDIvTnJaMFVqOUk6DlJRWg9RSDUGK
ScpJy1pNe9KUVZRVlFWUVZRVlBSD0lqNMYgxiEIKUoxzkWMPOcohBiEGIQU5iHNR
e9NzkkpNKUgYxiEGMYpaz0HLKQgxSSDGGIYxiWMRa5JrUmtSY1JjUmNSYxJjUWNR
jBOMEowTjBOME4wTjBOUE5RUlFSUVJRUlFSMVJRUlFSUVJRUlFSUVZxVnJaclZyV
nJWclZyVnJWclZRUlFSUVZyVpJak16zYrRitGK0YrRi1GLUYtRi1GLUYtRi1GLUY
tRi1GKSWYs9rEGsPWo2UVJxUe5FijYOQc1BizpyVrReUVFJNQYpJykGJUgyL05xV
g5JajVJNe5KUFYOTSgxBy0oMUk1STXNRhBSMVIxVlFWUVYxVe9NSTTmJKUcxSGMP
e5JrEDnKIMYgxSDGMUhrUXvTa5JCDClIEMUhBjGJUo1ByyDGKQcYxRiEKUdbEGtS
a1JrUmtSY1JjUmNRW1JbUYwTjBOME4wTjBOME4wTlFOMU5RUlFSUVJRUjFSMVJRU
lFSUVJRUlFScVZyWnJWUlZyVnJWclZyVnJWUVJRUlFScVKSWrNes2K0YrRitGLUY
tRi1GLUYtRi1GLUYtRi1GLUYtRiklWsPg5GDkXMPnJSclYwTc1GME4vSc1Cklq0X
lFRizlIMUgxJy1JMg9KMEnMPaw9ijmrQg9N7kVJMUgxSDFIMUk1zUIOSe5KMFYxV
jFWMVYPUWo5CDDFJOcprEHvSYw8xiSDGIQYhBjFIa1F702tRQgspSRjFIQYpR0pL
QgsYxiEHGMUQhSkHWtBrUmtSY1JjUmNSY1JjUmNRW1KME4PThBOME4wTjBOME4wT
jBSUVJRUlFSUVIxUjFSMVIxUjFSUVJRUlJWclZyVnFWclZyVnJWclZyUlFSUVJRU
lFWklqzXrNitGK0YrRi1GLUYtRi1GLUYtRi1GLUYtRi1GLUYpNeMFIxUjBSMFKTX
rNeUVYvUpJacFIwUpNetGJRVg9N7kntRcxBzD4vSg9KDkoOSe5JzUXuSe5JrEGsQ
Yo5aTWrPg5J7UXNRi9SUVYxUjBR7klqOWk1BykoLWo1rD1JMMUkhBzFIKQc5SmsR
e9NrUkINKUgYxSEGKUhKSznKGIYhBxjGEIUhR1LPY1JjUmNSY1JjUmNSY1JbUlsS
jBOME4wTjBSME4wTjBOME5QUlFWUVZRVjFSMVIxUlFSUVJRUlFSUVJSVlJWclZSV
lJWclZyVnJWclZRUlFScVJyUpJas16zXrRitGK0YrRitGLUYtRi1GLUYtRi1GLUY
tRi1GKzXrNes2KzYrNis2K0ZrNek16zYpNek16zXrNik15yWnJaclpRWlFWclpRW
lFaUVpRVlFWMVYxVjFWMVYPUg9OMFIxVhBR704wUjBSMFIwUe5JzUGMQUo5rEVrP
YtBSTUoMQctBy0HLSgxrEHvSc5JKTTFJOYkxSTGKSk1KTCkIKQcYxSDGKUdSj2NS
Y1JjUmNSY1JbUVsRWxFbEYwTjBOME4wTjBOME4wTjBOME4xUlFSUVIwUjFSMVIxV
jFSMVJRUjFSUVZyVnJWUlZSVnJWclZyVnJWUVJRUnFSclaSXrNes160YrRitGK0Y
rRitGK0YrRi1GLUYtRi1GLUYtRitGK0YrRitGK0YrRitGK0YrRetF60XrNek16zX
rNes1qTXpJek16SXpNekl6SXpJaclpyWnJaclpxWnFaUVZRVlFWUVZRUlFSMFIwU
jBSMFIQUg9R7k3uSg9N703uTc1JzUmMRYxBjEWMQa1Jzk2tRUo5KTmMRUs9CDlJN
Ws85yzGKKUkpSTGJUs9jUWNRY1FjUVsQUs9SkEqQUtCME4QThBOEE4wTjBOME4wT
jBSMVJRUlFSMFIxTjFSUVIxUlFSUVJRUlFSclZyVlFWclZyVnJWclZyVlFSUVJRU
nJWk1qzXrNes2K0YrRitGK0YrRi1GLUYtRi1GLUYtRi1GK0YpNeclpyWpJak1qTX
pNek16TXpNak1qTXrNes16SWpJaklqSWpJaklqSWpJacVpyWnJaclpyWnJacVpxV
lFWUVZQVlFWUVZRVjBSMFIwUjBSMFIvUg9SD04PTe9OD04PTg9N703vTe9N7k3OT
c5Nzk2tSa1JrUmtSWxFjEWtSWtBa0EqQQk9K0FsRY1JjUmNSYxFKDjHKMYkxiUIN
hBOEE4QThBOEE4wTjBOME5QTlFSUVIxUjFSMVIxUjFSUVJRUlFSUVJRVnJWclZRV
lJWUlZSVnJWclZRUlFSUVZyVpNas16zXrRetGK0YrRitGK0YrRitGK0YrRitGLUY
rRitF4vTe1B7T3tQi5GcVIwSi9KL0YvRk9KklKzXrNeUFIOSi9OL04vTlBScVJQU
i9OUE4vTi9OUVJxVnFWUVZRVlFWMFJQUjBSEE4PShBOME4QThBKD04PTg9OD03vS
g9OD03vTe5N7k3uTe5NzknOSc5JrknOSc5JzkmuSa1JrUmNSY1JjUWNRY1FjUWNR
Y1FjUlsRQc0pCCEHKQg5y4wThBOEE4QTjBOME4wTjBOUU5RUlFSUVIxUjFSMVIxU
jFSUU4xUlFSUVJyVlJWUlZSVlJWUlZyVnJWUVZRUlFScVaTWrNes16zXrRetGK0Y
rRitGK0YtRi1GLUYtRi1GLUYrNd7EWJNUctRy3LPk9NzD2rOYkxqzWKMlBOs1qSV
cxBJy2qOYs1SC3tQi9FqzmKNcs5ijGKNi9KUVZRVlFWUVJRUjFSEE3uSaw9jD3NR
e5J7kXMQYs9jD2sPaw9zUHuSg9N7knNRa1FrUWtRa1JrUmuSc5JrkmtSa1Jrk2tS
a1JrUmtSa1JrUWNRY1FjUWNRYxFbEUINIQcgxyDHOgyME4QThBOEE4wTjBOME4wT
jFSUVJRUlFSMVIwUjFSMVYxUlFSUVJRUlFSUVZRVlFWUVZxVnFWclZyVlFSUVJRV
nJWk1qTXrNes16zXrNes160YrRi1GLUYtRi1GLUYtRi1GKSXcxBSDEnKScpqzpPU
aw9zUmKOc1FijovUpNaclmLPOYpajknKMUlqznMPSco5SEGJQclKC4PSlFSUVZRV
lFWUVYwUe5FizkGJOYhSS1qMYs5JyjFIOYlByTGIUkt7knvSc1FKTEIKSktKS0pM
Ws9rUXOSa1FSjmMQa1JrUmtSa1JrUmtSY1JjUWNRYxFbEVsRWxE6DRjHGQcpSEIN
hBOEE4QThBOEE4wThBOME4wTjFSMVIxUjFSMVIwUjFSMVIxUjFSMVJRUlJWUVZRV
lFWUVZRVlFWclZRUlFSUVZyVpNas16zXrNes16zXrNes160XrRitGK0XrRetF6zX
rNeclWsPSgtJyknKas6UE2KNcw5SC3MPYoyUE6TWnJVijjlJUctJykFJYo1qzkHJ
OYhBiEnKWoyD05RVlFWUVZRVlFWMFXvSWo4xSTFJQYtKDGLOQcohBylHMYkpCEoM
c1F7kmtQOckhBykHKQcpB0oMaxFrElKPMYxa0GsSY1JrUmtSa1JrUmNRY1FjEWMR
YxFbEVrRQg4hCSlJOcs6DYQThBOEE4QTjBOME4wTjBOMVIxUjFSMVIxUjBSMVIxU
jFSMVIxUjFSUVJSVlFWUVZRVlFWUVZRVlFWMFIwUlFWclqTXrNes16zXrNis16zX
rNes16zXrRes16zXrNes16zXnFVrD1pOScpKC3NQjBNizmrQWkxqz1pNlBSk1pxV
Yo45SUGKQUk5SVpMas5BykHKScpKC1qNg9KUFJRUlFSUVJQUjBR7klJMKQYxRzFH
SgtrD0HKIMcpSDmIKQdKC2tQe5FrUDnKIQYYxRjFGMU5ylqOUk1BzCkJSg1ajlrQ
Y1FjUWNRYxFjEVsRWxFbEVsRWxFa0VKPOg5KT0qQQo+EE4QThBOEFIQTjBOME4wT
jFOUVJRUjFSMVIwUjFSMVIxUjBSMVIxUlFSUlZRVlFWUVZRVlFWUVZRVjFSMVJRV
nJWk1qTXrNes16zXrNes17TXrNes16zXrNes16zXrNes1ovTaxBrD1JMWo57kovT
as57UmqNe1BijZQTpJaUVWLPQYpBiUGJQYlizmrOSctKDEoLWk1STHNQi9KL04wU
lBSUFIwTe5FKCykHMUcpB0ILaxBKDCkIMYk5ySEHMUljEHuSaxBByiDGIIUgxSDG
OclKTEHKMYcgxTFIOYlKjWNQY1FjUWMRWxFbEFsRWxFbEVsRWxFS0VLRUtFS0VLQ
hBOEE4PThBOEE4wTjBOME4wUjFSMVIxUjFSMFIwUjBSMFIwUjBSUFJRUlFWUVJRU
lFWUVZRVlFWUVYwUjBSUVJyVpNas16zXrNes16zXrNes16zXrNes16zXrNes16zX
rNeME3uRc1Fiz3uSg5KL02rOcw9qznMPas6cVKSWlFRrEFIMUgxaTVHMcw9qz1IL
UgtJylILWk1zD3tQe5GME5RUjBSMFIPSYs45iTmJMUlBzGsQUkwxSUHKUkwxSUHM
axF7k3NSSg0gxykHIQYYxjnKUtBS0EIOIQo5zUpOWtBjEWMRYxFjEVsRWxFbEVsR
WtFbEVsRWxFTEVLRUtFS0YQThBOEE4QThBOEE4QTjBOME4wUjBSMFIQUjBSMFIwU
jBOME4wTjBOMFJRUlFSUVJRUnFSUVJxVlFSME4wUlFSclqTXpNek2KTXrNes16zX
rNes16zXrNes16zXrNek16zXnFaUVZRVjBScVpxWlFWMFIwUjBSD1IPTnJakl5yW
i9RzUXuTg5NrEHuSe5J7UXNRYo5ijnMQg5JzEHNQjBOUFIwTjBOME2tQSgxaTkHL
SgxrEFJNMUlBy0oMOctaz3OSc5JrUUIMKQgxSCkGGMY5ymMQaxFSjzFKSo5bEGNR
Y1FjEWMRYxFjEWMRWxFbEFsRWxBbEFrQUtBS0FLQUtCEE4QThBOEE4QTjBOME4QT
jBOMVIxUjFSMFIwUjBSMFIwUjBOME4wTjBSUVZRUlFSUVJRVlFWUVZRVjBOME5RU
nJWk1qTXpNes16zXrNes16zXrNe016zXrNes16zXrNes16zXrNek16TWpNek16TX
pNek16TXnJeklqSWpJeklpxWlFWcVZRWjBSMFZRVlFWUVYPTg9OMFIwUg9OD0owT
jBSMFIwUjBNzkWsQc1FSjlrOc1FajUoMUo1KDEoMa1BzknOSaxFKTTGKOYkpCCDH
OcpazlqOQgwpCEILWo5jEGMRYxFjEWMRWxFbEVrRWxFbEVsRWxFa0VLQUtBS0FLQ
hBOEE4PThBOEE4QThBOEE4QTjBSMVIxUjBSMFIwUjBSMFIwUjBOMFJQUlFWUVZRV
lFWUVZRVlFSUVIwUjBOUVJyWpNek16TYrNes16zXrNes16zXrNes16zXrNes16zX
rNes16TXrNes16zXpNes16zXrNas1qzWpNek1qTWpJaklqSWpJaklpyVnJaUVpxW
nFWUVZRUlFSUVJQUjBSMFIwUjBSMFIwTg9KD0oPTc1JzUnuSc1FzUXNSYs9iz3OS
c5JzknNSYtBKDUoMQctBy0pMWs5KTDmJKUgxiUHLWtBjUWMRYxFbEVsRWxFbEFsQ
WxBbEFsRUtFS0VLRUtBS0IPTe9KD04PThBOEE4QThBOME4xUjFSMVIQUjBSMFIwU
jBSMFIwTjBOMFJRUlFSUFJRUlFSUVJRUlFSME4wUlFWclqTXpNek16TXrNes16zX
rNes16zXrNes16zXrNes16zXrNes16zXrNes16zXrNes16zXrNas16zXpNekl6SW
pJaklqSWnJaclpyWlJWcVZxVnFWUVJRUjFSMVIwUjBSMFIwUi9OME4wTg9KD04PT
g9OD03vTe9J7k3OSc5JzknOSc5JzkmtSa1FjEWMRYxFjEWMRWtBS0EqPSo9KjlsQ
Y1FjEWMRWxFbEVsRWxBbEFsQWxBbEFLQUtFS0VKQUtGEE4QSe9KD04QTg9OD04PT
hBOMFIwUjBSMFIwUjBSMFIwUjBSME4wTjBSUVJRUlFSUVJRUlFWUVZRUjBOME5RU
nJak16TXpNek16TXrNes16zXrNes16zXrNes16zXrNes16TXrNes16zXrNas16zX
rJes16zXrNek1qTWpJaklqSWpJaklaSWpJaclpxWnFacVZxVlBWUVZRUlFSUFIwU
jBSMFIvTjBOL04vTg9OD03vTe9N703vSe9J7knOSc5JzkXOSc5JzknOSc5JrUWtR
a1FrUWsRYxFjEWMRYxFbEVsRWxFbEVsRWxFbEVsRWxBbEFsQUtBS0FLQUtBKkFLQ
g9OD04PTg9OL04PTg9KEE4QTjBSMFIwUjBSME4wUjBOMFIwTjBOME4wTlFOUVZRV
lFWUVZRVlFWUFYwUjBSUVZzXpNek16TXpNek16zXrNes16zXrNes16zXrNetF6zX
rNeklqSWpJaklqzXrNes16TWrNak1qSWpJaklqSXpJaclqSWnJacVpxWnFaUVpxV
lFWUVZRVlFWUVZRUlBSMFIwUjBSME4wTjBOD04PTg9OD0nvSe9J70nvSe5J7knuS
e5JzknOSc5JzUnNSa1JrUmsSa1FrUWtRa1FrEWMRYxFjEWMRWxFbEFrQWxBbEFsQ
WxBTEFLQUtBS0FLQUtBS0IPTg9OD04PTg9OD04PSg9KEE4wTjBSMFIwUjBSMFIwU
jBSMFIwUjBOMFJRUlFSUVJRUlFSUVJRUlFSME4wUlFWclqTXpNek16TXpNek16TX
rNes16zXrNes16zXrNes16zXlFSDkIOQi9GclKTWnJaUVJyVnFSUVZxVpJaklqSX
pJaclZQUlBSUVJRVlFWUFZQUjBSMFJQVjBSMFIwUjBSMFIvTjBOME4wTg9OD03vT
e9N70nvSe9J7knOSe5J7kXuSc5JzknOSc5FzUWtSa1FrUWsRa1FrUWNRY1FjUVtR
YxFjEWMRWtFbEVMRWxFbEVMQUtBS0FLQUpBS0FLQUtCD04PTg9OD04vTg9OD04PT
g9OME4wUjBSME4wTjBOME4wTjBOME4wTjBOUVJRUjFSMVZRUlFSUVJRUjBOME5RV
nJak16TXpNek16TXrNes16TXrNes16zXrRes16zXrNek1owUWo1ajVJMi9OklZQU
e1GD0ovRg5KDkpxWpJakl5xVlBRyzmrNe1CMEowTg9KD0nuRi9OMFIwUjBSMFIwT
jBOME4wTjBOD04PTe9OD03vSe9J70nvSe5J7knuSe5J7knOSc5JzknOSc1FrUWtR
a1FrUWtRa1FrUWtRY1FjEWMRYxFbEVsRUxFbEVsQWtBa0FLQUtBS0FLQUtBS0FLQ
g9OD04PTg9OD04PTg9OD04wTjBSMFIwUjBSMFIwUjBOME4wTjBKMU4wTlFSMVIxU
jFSUVJRUlFOUVIwTlBSUVaSXpNek16TXpNek16TXpJek16TXrNes16zXrNes16zX
rNeclmsQcxBaTXMQnFWL03MQc1F7T3tRe1GclqSWnJaD03NQSgpBiVJMi9KDkmrO
cw9ajXNQg9KME5RUjBSMFIwUjBOD0nvSe9J70nvSe5J7knuSe5JzknORc5JzknOS
c5JzknOSc1JzUXNSa1FrUWtRa1FrUWtRY1FjUWNRYxFjEWMRWxFbEVsRWxFa0VLQ
UtBS0FLQUtBS0FLQUtBS0IPTg9OD04PSg9KD0oPSg9KD04wTjBSMFIwUjBOME4wT
hBOEE4wTjBOME5RUlFSMVIxUlFSUVJRUlFSME4wTlFakl6TXpNek16zXpNek16TX
pNek16zXrNes16TXrNek16TXnJVijnMPas5ajZRUg9JzUHNRc09zEHtRnJaklpxV
as9KC0nLQYpSDYPSc1BKC1pMQYhJymqNg9KME4wTjBOD03uRYs5ajWsPe5FzUWLO
Yw9zkXvSc1FrEGsQaxBzUWsRYxBrUWtSc1JrUmtSa1JjEWNRY1FjUWNRY1FjUWMR
YxFbEVsQWxBbEFrQWtBS0FLQUtBKz1LQUtBK0ErQStCD04PTg9OD0oPTg9KD0oPS
g9OME4wTjBOEE4QThBOEE4QThBOEE4QTjBOME4xUjFOMVIxUlFSUVJRUjBOME5yV
pNek16TXpNek16TXpNek16TXpNek16TXpNek16TXpNek1owUUk1ijnMQc1CcVXuS
cxBzEHtQcw+DkaSVpJacVWrOQctSC0HKUgt7kWKNOUhBiUGJScpSTYPTjBSMFIwU
g9NrD0HJOUhSS3NQaw5BykoMc1BzUFJMSgtKDFKNYw9KTDnLUo1rEGtRa1FrUWtR
a1FrUWtRY1FjUWNRYxFjEWMRWtFbEVsRWxBa0FLQUtBS0FLQUtBS0FLQUs9Sz1KP
g9OD04PTg9OD04OSg9KD0oQTjBOME4wUg9OEE4QThBOEE4QThBOEE4QTjFOMVIxT
jFSMVIxUlFSUVIwUjBSclqTXpNek16TXpNek16TXpNek16TXpNek16TXpNek16TX
nJZ7kmsQWk1SDXuSnFVzUXtRcxB7UHMPg5KkVqSWlFVajkHKQcpBilJMe1FaTknM
Uk5STFKMWo6D0owTjBOL1IwTaxA5ijEJUkxzUGLOOYpKC3NQaw9ByjGJOYlKTFJM
MUghBjnJYw9rUWtRa1FrUWtRa1FjUWtRY1FjUWMRYxFbEVsRWxBa0FLQUtBS0FLQ
UtBS0FLQStBS0ErQStBKkIPTg9ODk4PTg9N70nvSe9KD04QTjBSMFIPThBOEE4QT
hBOEEoQThBOEE4xTjFSMVIxUjFSMVJRUlFSMFIwUlJak16TXpNek16TXpNek16TX
rNek16TXpNek16TXpNek14wVc1CDkVqNQcp7kZRUaw+D0nNQe1FrD3uSnJWclowU
Yo5BijEHQYlSDHuRaxBajmsQWo5STWLPg9OMFIwUjBSME2tQOcoxSVJNc1FijzmK
Uk1zUGsQQgw5yjGJQgtKSylHIQZByWMQa1JrUWtRa1FrUWNRY1FjUWMRYxFbEVsR
WxFbEVsQUxBTEFLQStBS0FLQUpBS0FLQUtBKkEqQSpCD0oPSg9OD03vSg9J70nvS
g9OEE4QUjBSEFIQThBOME4QThBOEE4QThBOMVIxUjFSMVIxUjFSMVIxUjBSUVJyW
pNek16TXpNek16TXpNek16TXpNek16TXrNek16TXpNeUFIPTg5JzUWsQcxCL03tR
lBWL1IvTc1GD05xWnJaL03MRWk5BilJMYs6DknNRWo1rEGMPUk1izoPTjBSME4wT
g9NrEEHKOYlaTWsPUo1By0pNYxBaz0IMQgtCC1qOUkwxiSlIQgtjEGtRa1FrUWtR
a1FrUWMRYxFjEWMRYxFbEVrRWxFbEVrQWtBa0FLQUpBK0FLQUtBKz0rQUpBKkEqQ
g9KD0nvSg9KD04PTe9J70oPShBOEE4wThBOEE4QThBOEEoPTg9OD04QUjFSMVIwT
jBSUVIxUlFSMVIwTlFSclqTWpNakl6TXpNek16TXpNek16TXpNek16TXpNec16TX
nJeclpRVlFaUVowVlFWMVZyWnJacVovUlBWclpyWlFaMVYPTaxGD04QUjBWDk1pN
Wk1aTVIMYs6D04wUjBSME4QTc5Jaz2LQaxFrUWLQWs9KDFKOWo5KTUoMWo9rEFqO
QcxBy0pNYxFrUWtRa1FrUWtRY1FjEWMRYxFjEWMRWxFbEVrQWxBS0FLQUtBS0ErQ
UtBS0FLQUtBSkEqQSpBKkHvTe9J70nvTe9N70nvSe9KEEoQThBOEE4QThBOEE4QT
hBOD04PTg9OEE4wUjFSEFIwUjFSMVIxUjFSMFIxUnJakl6SXnJekl6SXpNak1qTW
pNek16TXpNek16TXpNek16SXpJekl6SXpJekl6SXpJekl6SXnJacVpxWnJaclpyW
nJaUVYwVlFWUVZRVlFV703NSc1FzUXuTjBOMFIwTjBOME4QTe5J7knuSe5J7knOS
axFrEWtSaxFjEGtRc5JrEFKOSg1az2tRa1FrEWsRYxFjUWNRY1FbEWMRYxFjEVsR
WxFTEVMQUtBS0FLQUpBS0FLQUtBS0FLQSpBKkEqQSo970nvSe9J70oPSe9J70nvS
e9KEE4QTjBOEE4QThBOEEoQThBOD04PThBOMFIwUjBOME4xUjFSMVIxUjBSUVJyW
pNec15zXnNec16TXpNekl6SXpNek16TXpNekl6SXpJekl5yXpNek16TXpNek16SX
pJeklqSWpJakVpyWnJaclpyWnFWUVZRVlFWUVZRVlFSMVIwUjBSMFIwUjBSMFIwU
hBOEE3vSg9N7knvSe9J7knuSc5JzknOSc5FzkXORc1FrUWMQaxFrUWtRa1FrUWtR
a1FjEWMRYxFjEVsRWxFbEVMRWxFTEVLQUtBS0FLQUtBS0FLQUtBKkEqRSpBKkEqQ
e9J70nvSe9J70nvSe9J70nvThBOEE4QThBOD04QTg9OD04PTg9OD04PTjBSMFIQT
jBSMFIwUjFSMFIwUlFWclpyXnJecl5yXnNec15zXpNek16SXpJekl6SWpJaklqSW
pJakl6SXpJekl6TXpJekl6SXpJaklqSWpJaclpyWnJaclpxWnFacVpRVlFWUVZRV
lFWUVIwUjBSMFIwUjBSMFIwTg9OD04PTg9N70nvSe5J7knuSe5J7knOSc5JzUnNS
c1JrUWtRaxFrUWtRa1FrEWMRYxFjEWMRYxFjEVsRWxFa0VLRUtBS0FLQUtBS0FLP
UtBS0FLQSpBKkEqQSpBKkHvTe9N703vSe9J70nvSe9J704PThBSEE4QTg9KD04PT
g9OD04PTg9OD04wTjBOMFIwUjBSMFIwUjBSMFJRVnJaclpyWnJecl6SXpJekl6SX
pJekl6SXpJekl6TXpJekl6SXpJekl6SXpJekl6SXpJaklqSWpJacVpyWnJaclpyW
nJacVpRWlFWUVZRVlFWUVZRVlFWMFIwUjBSL1IwUjBOEE4PTg9KDknvSe9J70nuS
e5J7knuSc5JzknNSc1JzUXNRa1FrUWtRa1FjUWNRY1FjEWMRYxBjEVsRWxFbEVrQ
WxBbEFLQUtBS0FLQUtBS0FLQUtBSkEqQSpBKkEqQQo970nvSe9J70nvSe9J70nuS
e9KEE4QThBOEE4QTg9OD03vSg9OD04PTg9OME4wUjBOME4wUjBSMFIwUjBSUVZyX
nJecl5yXnJecl5yXnJekl6SXpJekl6SXpJekl6SXpJakl6SXpJekl6SXpJekl6SW
pJaklpyWnJaclZyWnJaclpRWlFaUVpRVlFWUVZRVlFWUVYwUjBSMFIQUjBSMFIwT
g9OD04PSe9N70nvSe5JzknuSe5F7knOSc5JzUnNSc1JzUXNRa1FrUWtRY1FjUWNR
WxFbEVsRYxFbEVsRWxFbEVsRUtFS0VLQUtBS0FLQUtBS0ErQSpBKj0qQSpBKkEqQ
e9J70nvSe9J70nvSe5J7knvSg9OEFIQUg9OD04PTg9OD03vSg9KD0oPTjBOME4wT
jBOME4wTjBSMFIwUlFWclpyWnJaclpyWnJecl5yXnJecl6SXpJekl5yXnJekl6SX
pJekl6SXpJekl6SXpJecl5yWnFaclpyWnJaclpyWnFacVpxWlFaUVZRVlFWUVZRV
lBWMFIwUjBOMFIwUhBSEFIQTe9N703vTe9N70nuSe5J7knuSe5JzknOSc5JzUXNR
c1FrUWtRa1FjUWNRY1FjUVsRWxFbEVsQWxFbEVsRWxFbEVrQUtBS0UrQUtBS0FLQ
UtBSkEqQSpBKkEqQSpBKkHvSe9J7knuSe5J7knOSe5J7koPSg9OD04PTg9OD04PT
g9OD04PTg9OD04wTjBSMFIwUjBSMFIwUjBSMFJRVnJeclpyWpJaclpyXnJacl5yX
nJacl5yXnJaclpyWnJaclpyXnJecl5yXpJekl6SXpJeklpyWnJaclpyWnJacVpxW
lFaUVZRVlFWUVZRVlFWUVYxVjBSMFIQThBOEE4QThBOEE3vSe9N703vTe5J7knuS
e5J7knOSc5JzUXNRc1FrUWtSa1FjUWtRa1FrUWsRYxBjEVsQWxBbEVsRWxBbEFsQ
WxBa0FLRUtFS0FLQUtBSkFKQUpBKkEqQSo9Kj0qPSo970nvSe9J70nuSe5JzkXuR
e5KD04PThBOD04PTg9OD04PTg9OD04PTg9OME4wTjBOME4wTjBOME4wTjBSUVZyW
nJaclpyWnJecl5yXnJeclpyXnJecl5yXnJeclpyWnJaclqSWpJaklqSXnJeclpyW
nJacVpyWnJaclpyWnFaUVZRVlFWUVZRVlFWUVZRUjFSMFIwUhBSMFIwUjBSEE4PT
g9N703uSe9J7knuSc5J7knuSe5JzknOSc1JzUnNSc1FrUWtRa1FrUWsRYxFjEVsR
YxFjEFsQWxBbEVsQWxBbEVrQUtBS0FLQUtBS0FLQUpBSkFKQSpBKkEqPSo9Kj0qO
e9J70nvSe5J7knOSe5J7koOSg9OD04PTg9OD04PTg9OD04PTg9OD04PTi9OME4wT
jBOME4wUjBSMFIwUlFWclpyWnJac1pyXnJecl5yWnJecl5yXnJecl5yWnJaclpyW
nJaclpyWnJaclpyWnJaclpxWnJaclpyWnJacVpxWnFaUVZRVjFWUVZRVlFWMVYwU
jBSMFIwUi9SEFIQUhBSD1IPTg9OD0nvSe5J7k3uSe1J7knORc5JzknNSa1JrUWtR
a1FjUWtRa1FrUWMRYxFbEVsQYxFbEVsRWxFbEFsQWxBTEFLQUtBK0FLQStBS0ErQ
SpBKkEqQSpBCj0qPSo9Kj3vSe9F7knuSe5J7knuSe5J7koPTg9OD04PTg9OD04PS
g9OD04PTg9OD04QTjBOME4wTjBOMFIwUjBSMFJRVnJaclpyWnJaclpyXnJeclpyW
nJaclpyWnJaclpyWnJaclpyWnJaclpyXnJecl5yXnJeUlpyWnJaclpRWlFaUVpRW
lFWUVZRVlFWUVYwVjBSMFIwUjBSMFIvUhBSD1IQTg9OD04PSg9N70nuSc5J7knOS
c5JzkmuRc5FzkXNRa1FrUWtRa1FrUGtRa1FjEWMRWxFbEVsRWtFbEVsRWxFbEVsR
WtBS0FLQSpBS0FLQUpBSkEqQSpBKkEqPQo9Kj0qPSo9zknuSe5J7knuSe5J7knvR
e5KD0oPTg9OD04PTg9OD04PTg9OD04PTg9OEE4QUjBOEE4wTjBOME4wUjBSUVZyW
nJaclpyXnJecl5zXnJecl5yXnJecl5yXnJeclpyWnJaclpyWpNeclpyWnJaclpyW
nJaclpyWnFacVpRWlFaUVZRVlFWUVZRVlFWUFYwVjBSMFIwUjBSMFIQUhBOEE3vT
g9KD04PTe9N7knuSe5J7knOSc5JzUnNSc1JrUmsSa1JrUWtSa1FrUWNRYxFjEWMR
YxFbEVsRWtFbEVsQUxBTEFLQUtBK0ErQStBK0EqQSpBKkEqQQpBKkEqQSo9Kj0qP
c5FzkXOSc5JzknOSe5J7knuSg9KD04PTg9OD04PTg9OD04PTe9N70nvShBOEE4QT
hBOEFIwUjBOME4wUlFWcVpSWlJaUlpyWnJaclpyWnJaclpyXnJaclpyWnJaclpyW
nJaclpyWnJaclpyWnJaclpyWnJacVZxWnFaUVoxVlFWUVZRVlFWUVYxVjBWMFYwU
jBSME4wTjBOEE4QTg9N704PSe5N7k3uTe5N7k3OSc5JzknOSc1JzUmtSa1JrEmtR
a1FrUWtRY1BjEWMRWxFbEVsRWxFbEVsQWxBbEFsQWxFS0FLQUpBS0FKQUpBSkEqQ
So9Kj0qQSpBKkEqQSpBCT3ORc5JzknOSc1FzkXORc5FzkXORe5F7kXvSe9J70nuS
e5J70nvSe9J70oQThBOEE4QThBOEE4QThBOMVJRVlJaUlpyWnJaclpyWnJaclpyW
nJaclpyWnJaclpyWnFaclpyWnJaclpyWnJaclpyWnJaclpxWlFaUVpRVlFaMVZRV
lBWUVYxVjFWMFYwVhBSMFIwUjBSMFIQUhBSEE4PTe9OD03vTe9N703OSc5JzknOS
c5JzknNSc1JzUmsSa1FrUWtRa1FjUWNRYxFjEWMRYxFjEWMRWxFbEFsQWxBbEFrQ
UtBS0ErQUtBS0FLQSpBKkEqQSpBKT0qPSo9KjkpPSk97knuTc5J7knuSe5J7knuR
e5F7knuSe9KD04PTe5J7knuSe5J70nuSe5F7kXuRe5GD04PTe9OD04PTjBSUVZRW
lJaclpSWnJacl5yXnJaclpyWnJaclpyWnJaclpyWnJaclpyWnJaclpyWnJaclpyW
nJaclpRWlFaUVpRWlFWUVZRVlFWUVYxVjBWMFYwUjBSMFIwUjBSEFIPTg9N704PT
g5OD03vTe5J7knuSc1JzknOSc5JzkmtSa1FrUWtSa1JjUWNRY1FjEGMRYxFjEWMR
WxBbEFsRWxFbEVrRWtBS0FLQUtBSkFLQUtBKz0qPSo9Kj0qPSo9Kj0qOSo9Kj0pP
e5F70nOSe5J70nvTe9J7knuSe5J70oPThBOD03vSg9OD04PTg5J70nvThBOEE4QT
hBOEE4PTg9OD04wVlFWUVZRWlJaUlpSXnJaclpyWnJaclpyWnJaclpyWnJaclpyW
nJaclpyWnJaclpyWnJaclpyWlFaUVpRWlFaUVYxVlFWUVZRVlFWMVYwVjBWEFYwU
jBSME4wUhBSEFIPTe9OD04OSe9N703uTe5J7knOSc5JzknNSc1JzUmtSaxJrUmtS
a1FrUWNRYxBbEFsRWxFbEFsQWtBbEFsRWxBa0FrQUtBS0FLQStBS0FLQSpBKkEqQ
SpBKkEqQQpBCj0KPQo9CT3uSg9N7knuSe5J7knvSe5F7kXuSe9KD04PTg9OD04PT
g9OD04OTe9KD0oPThBOME4wTjBOME4wThBOMFJRVlFWcVZSWlJaUlpSWlJaUlpyW
nJaclpyXnJaclpyVnJaclpyWnJeclpyWnJaclpSWlJaUlpRWlFaUVoxWlFaUFpRW
lFaMVYxVjBWMFYwVhBSMFIwUjBSEFIQUhBSD04PTg9OD03vTe9N7k3uSe5J7kXOR
c5JzknOSc1FrUmtSaxFrUWtRa1FjEWMRWxFbEVsRWxFbEVsRWxBbEFsQWxBa0FLQ
UtBS0FLQUtBS0EqQSpBKkEqQSpBCj0KPQo9CjkKPQo97kXvSc5JzknOSe5J7knOR
c5F70nvSg9OD03vTg9J70oPTg9J7knuSe9OEE4QUhBOEE4QThBOME4wTjFSMVZSV
lJWUlpSWlJaUlpSWlJaUlpyWnJaclpyWnJaclpyWnJaclpyWnJaclpyWnJaUVpRW
lFaUVpRWlFaUVpRVlFaUVpRVlFWMVYwUjBSMFIQUjBSMFIwTjBOEE4PTg9OD04PT
g9N703vTe5NzknOSc5JzUnOSc5JzknNSc1JrUWtRa1FrUWtRa1FjUWMRWxFbEVsR
WxFa0VsQWxBbEFsQWtBS0FLQStBS0FLQUtBK0EqPSo9Kj0qPSo9Kj0qPSo9CT0pP
e5J7knuSe5J7knuSe5J7UXNSe5J70nvTg9OD04OSg9OD04PTe5J7knvSg9OD04QT
hBOEE4QThBSEFIwUlFWUVZRVlJaUlpSWlJaUlpSWlJeclpyWnJaclpyWnJaUlpSW
lJaUlpSWnJaclpyWlJaUVpRWlFaUVowVlFWUVZRVjFWMVYxUjBSEE4wTjBSMFIwT
jBOEE4QTg9OD04PTg9OD03uTe5N7k3uTc5JzknNSc5JzknOSc5JzUnNSa1JrUmtR
a1FrUWtRYxFjEVsRYxFjEWMQWxFbEVsRWxBa0FrQWtBa0FLQUtBS0FLQUtBKkEqQ
SpBKkEpQSo9Kj0qPSo9CT3ORc5F7knNSe5J7knuSc5FzkXOSe5KD0oPTg9OD04PT
g9N703uTe5N704PTg9OD04QThBOEE4QThBOEVJRVlFWUVpRWlFaUVpSWlJeUlpSW
lJaUlpSWlJaUlpSWlJaUlpSWlJaUlpSWlJaUVpRWlFaUVpRWjFaUVpRVlFWUVZRU
jFSMVIQTjBOME4wThBOEEoQTg9N704PTg9OD0nvSe5JzknuSc5JzknOSc5JzknNR
c1FzUXNRc1FrUWtRa1FjEWtRa1FrUWtRYxFjEWMRYxFa0VsRWxBbEFsQWxBTEFLQ
UtBS0FLQStBS0EqQSpBKkEqQQpBKUEqPSo9Kj0qPQk9zkXuSe5JzUnOSe9JzknNR
c1F7knuSg9OD04PTe9N70nvTe9N70nuSg9OD04PTg9OD04PTg9OD04QTjBSUVZRV
lFWUlpRWlJaUlpSWlFaUlpSWlJaUlpSWlJaUlpSWlFaUV5RWlFaUVpRWlFaUVpRW
lFaUVpRVlFWUFZRVlFWMVYxVjBSMFIQUjBSMFIwUhBOEE4PTg9OD04PTe9N7k3uS
c5JzknOSc1FzUXNQa1BrUGtQa1BjEGsQaxBrEGMQYxBjEFsQYxBi0FsPWxBbEFsQ
WxBTEFsQWxBa0FsQUtBS0FLQUtBSkFKQUtBKkEqQSpBCkEqQSpBKj0qPQo9Cj0JP
c5J70nOSc5JzknOSc5JzUXORe5F7knvSe9N703uTe9N70nvSc9J7knvTg9OD04PT
g9OEE4QThBOEE4wUlFWUVZRVlFaUVpRWlFaUVpRWlFaUVpRWlJaUlpSWlFaUVpRW
lFaUVpRWlFaUVpRWlFaUVpRVlFWUVZRVjFWMVYxVjFWMVIwUjBSMFIwTjBSMFIQU
hBSD04PTg9OD03vSe9N703vTe5JzknNSc1FzUWsRaxBrEGsQaxBjEGMQYxBjEGMQ
Ws9az1rPWs9az1rPWs9az1LPUo9Sj0qQUs9Sz1KPUo9Kj0qPSo9KT0qOSo5Kj0qP
So9Kj0qPSk9CT0JPQk9CTnORe5JzknOSc5JzknOSc1JzUXOSe5J7knvTe9N703vT
e9N703uSe5J7koPTg9OEFIQUhBOD04PTg9OMFIxVjFWUVpRWlFaUVpRWlFaUVpRW
lFWUVpRWlFaUVpRWlFaUVpRWlFaUVpRWlFWMVZRWlFaUVZQWlFaUVYxVjFWMVYxV
jBWMFYwVjBSMFIwUhBSEFIPTg9OD04PTg9N703vTe9N7k3OSc5JrUnNSc1JzUWtS
a1FrUWsRYxFjEGMQYxBjEFsQWxBbEFrQWtBakFqPUo9Sj1KOUo5STlKOUo1KjkpN
Sk1KTUpNSk1KTUpNSk1KTUJNQk5CTUJNQk1CTUJMQk1zknOSc1JzknOSc5JzknOS
c1FzknuSe5N703vTe9J70nvSe9J7knuSe5KD04PThBOEE4PTg9N704PTjBSMVZRV
lFWUVpRWlFaMVpRWlFaUVpRWlFaUVpRWlFaUVpRWlFaUVpRWjFaUVpRWlFaUVpRW
lFaUVZRVjFWMVYwVjBWMFYQVjBSMFIwUjBSMFIQUg9OD03vTe9N7k3vTe9N703PT
c5NzknOSc5JrkmtRa1FrUWtRY1BjEGMRYxFjEWMQWxBbEFsQWxBbEFsQWxBS0FLQ
UtBS0FLQUtBSj1KPUk9KT0pPQk5CTkJNQg1CTEJMQgtCDEIMOcw6DDoLOgw6CzoL
c5JzkXOSc5JzknOSc5JzkXORc5FzknuSe9N703vTe9N703vTe5JzknuSe9OD04PT
g9OD04PTg9OD04wUlFWUVZRVlFaUVpRWlFaUVpRWlFaUVpRWlFWUVpRWlFaUVoxW
lFaUVpRWlFaUVpRWlFaUVpRWlFaMVYxVjFWMFYwVjBWMFYwUjBSMFIwThBSEFIPU
g9OD04PTg9N703vTe9Nz03OTc5JrknOSa1JrUmtRa1FrUWtRa1FjEWMRYxBjEGMQ
WxBbEFsQWxBbD1rPWtBS0FLQUtBS0FLQUs9Sz1LPSs9Kj0qPSo5CjkpOSk5KTkJO
Qk1CTUJMQkw6DDoMOcw6C3ORc5JzknOSc5JzknOSc1JzUXNSc5J7knvSe9N7k3vS
e9J70nOSc5J703vTe9OD04PTg9OD04PThBOMVJRVlFaUVpSWlFaUVpRWlFaUVpRW
lFaUVpRWlFaUVpRWlFeUVpRWlFaUVpRVlFaUVpRWjFaMVoxVjFWMVYwVjBWMFYQV
jBSMFIvUjBSEFIQUhBSD04PTg9OD0nvTe9Nz03PTc9NzknOSc1FzUXNRa1FrEWtR
Y1FjUWMRWxFjEWMRWxFbEFsQWxBbEFsQWxBTEFLQUtBSkFLQUs9Kz1LPUs9Sz1LP
Us9Sz0qPSo9Kj0pPSk9KT0pOQk5CTUJNQk1CTUJNQg1zUXOSc5JzUXOSc5JzknNR
c1FzUXuSe5J703vTe9J7knuTe5JzknuSe9N703vTe9OD04PTg9OD1IPUjBWMVYxW
lFaUVpRWlFaUVpRWlFaUVpRWlFaUVpRWlFaUVpRVlFaUVpRWlFaUVpRWlFaUVpRW
jFaMVoxVjBWMFIwVhBWMFYwUjBSEFIQUhBOEFIPUe9R703uTe9N703vTe9N7k3OT
c5JzknOSc1JrUmtRYxFjUWNRYxFjEVsQYxFa0VsQWxBbEFsQWxBbEFsQWxBS0FLQ
UtBS0FLQUtBS0FLQUpBKj0qPSo9KT0pPSk5KT0pOQk5CTkJOQk5CTkJNQk1CTUJN
c1FzUnNSc1JzUnOSc5JrUWtRc5FzknOSe9J703OSe5J7knuTc5JzknuSe5J703vT
e9N704PTe9OD04wVjFWMVZRWlFaUVpRWlFaUVpRWlFaUVpRWlFaUVpRWlFaUVZRW
lFaUVpRWlFaUVpRWlFWMVoxWjFaMFYwVjBWMFYwUjBSEFIQUhBSEE4QTg9N704PT
e9N703vTe9N703uSe5NzknOSc1JrkmtRa1FrUWtRY1FjUWMRYxFjEWMRYxBjEFsQ
WxBbEFsQUxBa0FrQUtBS0FLQUtBSz1LPUs9Sj1KPUo9Kj0qPSk9Kj0qOSo5KTkJO
Qk5CTkJOQk5CTUJNQk1CTXNRe1JzUnNSc1FzUnOSa1FrUXNRc5J7knuSe9J7knOS
c5JzknOSc5J7knvSe9N703vTe9N703uThBSMFZRVlFWUVpRWlFaUVpRVlFaUVpRW
lFaUVpRWlFaUVpRWlFaUVpRWlFaUVpRWjFaMVoxWjFWMVYxVjBWMFYwVjBWMFYwV
jBSEFIQUhBSEFIPUg9OD03vTe9N703vTe9N7k3uTc5JzknOSa1JrUmtSa1FjUWNR
YxBjEWMRYxFjEFsQWxBbD1sQWtBa0FrQWtBS0FLQUtBS0FLPUs9Sz1KPUo9Kj0qP
So9KT0qPSk9Kj0JOQk5CTkJOQg1CTkJOQk06TTpNOkxzUXuSc5JzUXNRc5FzkWtR
a1FzkXOSc5J7k3uTe5J7knuSe5JzUXORe5J7knvTe9N703vTe9N704QUjBWUVoxV
jFaUVpRWjFaUVpRVjFaUVpRWlFaUVpRWlFaUVZRWlFaUVoxWjFaMVoxWjFaMVoxV
jFWMFYwVjBWMFYwVjBWMFYwUhBSEFIQUg9SD1HvUe9N703vTe9N70nuTc5Nzk3OT
c5NzkmuSa1JrUWtRa1FjUWMQYxFbEVsRWxFbEVsRWtBa0FrQWtBa0FrQUs9S0FKQ
UtBSkFKQUpBKkEqQSo9Kj0qPSk1KTUpNSk5CTUINQk1CTjpOQk5CTkJOOk46TToN
c1FzUWtRa1FzUnNSc1JzUWtRa1FzkXuSe5J7knuSe5J7knuSc5FzknOSe5N7k3vT
e9N703vTe9OEFIwVjBWMVZRWlFaUVpRWlFWUVZRWjFaMVpRWjFaMVoxVjFaMVoxW
jFaUVoxWlFaMVoxWjFaMFowVjBWMFYwVjBWMFYwUjBSEFIQUhBSD1IPUg9R71HuT
e9N703vTe5Nzk3OSc5Jzk3OTa5NrUmtSY1FrEWMQYxBjEWMRYxFa0VsRWxBbEFsQ
WtBa0FsQUtBS0FLQStBS0FLQUs9Kz0qPSo9Kj0qPQo9KTkoJQghCCEIJQktCTEJN
Qk06TUINQg1CDToNOg06DXNRc1JzUnNRc1FzUXNRc1FrUWtRc1JzknOSe9N7k3OS
c5JzknNRc1JzknvSe5J703vTe9N703vThBSEFYwVjFWUVpRWlFaUVpRWjFaMVpRW
lFaUVoxWlFaMVoxWjFaMVoxWjFaMVoxWjFaMVoxWjFaMFYwVhBWEFYQVjBWEFYQV
hBSEFHwUe9SD1IPUe9R703vTe9N703uTc5Nzk3OTc5NrkmuSa5JrUmNSY1FjUVsR
YxBjEFrQWxBbEFsQWxBTEFLQUtBa0FrQWtBS0FKQUpBSkFKQUpBSkEqQSo9Kj0pP
Sk1CB0HFQcVBxUHGQghCCUILQgxCDEINQg1CDToNOg1zUXNRc1FzUXNRc1FzUWtQ
a1FrUXNRc5JzknuSc5JzUnOSc5JzkXOSc5JzknuTe5N703vTe5N71IQUjBWMVYxV
jFaMVpRWjFaMVoxWjFaMVowWjFaMVoxWjFaMVoxWjFaMVoxWjFaMVoxWjFaMVYwV
jBWMFYwVjBWMFYQVhBSEFIQUhBSD04PUg9N703vTe9N703PTc9Nzk3OTc5Nzk3OS
c5JrUmtSa1JjUWMRYxFjEWMRYxFbEVsQWxFa0FrQUtBS0FLQUtBSz1LQUtBS0FLQ
Uo9Sj0qPSo9Kj0qPSk9KjkpMQgVBxEHEQcRBw0HDQcQ5xTnHOck6CjoMOgw6DDoM
c1FzkWtRa1FrUmtSc1FrEWtRc1FzUXOSe5JzknOSc5JzknOSc1JzUnOSc5J7knuT
e5N703vTe9OEFIxVjFWMVYxWlFaUVoxVjFWMVYxVjFWMFYwVjBWMFYwVjFWMVYxW
jFaMVoxWjFaMVoxVjFWMFYwVjBWMFYQUhBSEFIQUhBSEFIQUg9R703vTe9N703vT
c9Nzk3OTc5Nzk2uTa5NrkmuSa1FrUmsRa1FjEWMRYxFbEVsRWxFbEVrQWtBS0FLQ
UtBS0FLQUtBS0FKQUpBSkEqPSo9Kj0qPSo9Kj0qPSo5CTEIFQcRBxEGDQYM5gzmE
OYQ5hDnFOcU5xznIOgo6DHNRc5FrUWtRa1FzUXNRaxBrEWtRa5JzknOSc5JzknOS
c5JzkmtSa1FzUnOSc5N7k3uTe9N7k3vThBSMFYxVjFWUVoxWjFaL1IvSg5GDkIOP
g0+DToMOew6DT4wUlBaMVoxWjFaMVoxVhBSEFIQUjFWMFYwVhBSEFIQUhBR8FIQU
hBSEE3vUe9R71HvUc9Rz03PTc5Nzk3OTa5JrkmtSa5JrUmtSa1JjEmNSYxJbEVsR
WxFbEFMQUxBbEFrQUtBS0FLQUtBS0FLQUtBS0FLPSo9Kj0qPSo9Kj0qPSo9Kj0qO
QkpCBUHDQcM5w0HDQYNBhDmDOYM5gzmDOYM5hDnGOgtrUXOSc1FzUWtRa1FrUWsR
axFrUWtRc5JzknOTc5NrknOSc5JrUWtRc1FzknOSe5J7k3uTe9N704QUjFWMVYxV
jFaMVoxWe5J6CnnIeYd5h3mHeUZxRnGHekuEE4xVjFWMVYxWjFZ8FWMRWs9zkowU
hBWEFYQVhBWEFYQVhBSEFIQUg9SD1HvUe5Rz1HPUc9Nz03OTc5Nzk3OTa5NrkmuS
a5JrUmNSY1JjUmNRYxFbEFsRWxFbEVrRUtBS0FLQUtBS0FLQUtBS0FLQUtBSkEqQ
SpBKj0qPSo9Kj0qPSo9KjkpKQcVBw0HDQYNBgzmDOYM5gzmDOYM5gzmDMYM5hTnL
a1FzkWtRa1FrUWtRc1FjEGMRa1FrUXNSc5Jzk3OSc5JzknOSc1JrUXOSc5Jz0nOT
c5Jz03PTc9OEFIQUhBWMVYxVjFaMVntRaUdpBXEFcQVwxXDFcMVxBXoKjBSMVYxV
jFWMVYRWfBRKjjoMa1KEFYQVhBWEFYQVhBSEFIQUhBSEFHvTe9R703vTc5N703PT
c9NzknOTc5Nzk2tTa5NrkmuSa1JjUmNSY1JjEVsRWxFbEVsRWxFS0FLQUtBS0FLP
UtBS0FLQUtBS0FKQUpBKkEqQSpBKj0qPSo9Kj0qOSk5CCTnEQcRBw0HDQcM5gzmD
OYM5gzmDOYM5gzGDMYUxymtRa5FrUWtRc1FzUXNRaxBrEGtQc1FzUnOSc5JrkmuR
a5JzkmtRa1FzUXOSc5J7k3OTc5Nzk3uUg9SMFYwVjBWMVoxWjFZ7EXFHcMVwxWjF
aMVoxWjFcMZ6CoQUjFaMVoxWjFaMVnQVOk0xzGNRhBSEFYQVhBWEFHvUhBSEFIQU
hBR8FHvUe9Rz1HvTe9Nz03OTa5Nrk2uTa5Nrk2OSY5JjUmNRYxJjElsRWxFbEVsR
WtBS0FLQUtBS0FLQStBS0FLQUtBS0FLQStBK0EqQQpBKkEqPSo9Kj0qPSo9Kj0JN
QghBhEHDQcNBg0GDOYM5gzmDOYM5gzmDOYMxgzGGMctrUWtRa1FrUWtRa1FrUWNR
axBrUXNRc1FzknOSa5JrknNSc1JzUWtRc5FzknOSc5JzknOTc5N704QUhBSEFYxW
jFaMVoxVgxBxRmkFaMVoxGjEaMVoxXEGcgqEE4xWjFaMVoxWhFZz1DINKcxrkoQU
hBSEFIQUhBSEFIQUhBR8FHwUe9R71HvUe9Rzk3OTc5Nzk3OTc5Nzk2uSY5JTEFMQ
WxFbEVrQUtFTEVsRWxFTEVsRUxFTEFLQUtBS0ErQStBK0ErQStBK0ErQSpBKkEqP
Sk9Kj0qPSo9Kj0pOSk5CTUIHOcNBw0HDQcM5gzmDOYM5gzmDOYM5gzmDMUMxhTHL
a1FrUWtRa1BrUWtRa1FrEGsQaxBzUWtRc5JzknOSa1FrknOSa1FrUWtRc5JzknOS
c5Jz0nOSe9N71IQUhBWEFYxVjFaMVXsQcQdoxWjFaMVoxWjFcYlpiHIKg9OMVYxV
hBWEFXwUW5MqDSoMW1Fr03PTc9NrknPTfBSEFIQUfBR8FHvUc9R7lHPUc9Nz02vT
a5Jrk2uTa1Nrk2NROk0pzDpNSo4yDDIMSo9bEVsRWxFbEVMRStBCj0KPSo9Kj0qP
So9Kj0qQSpBKkEqQSpBKkEqPSo9Kj0qPQo9CT0pOQk1CBkHDOcM5wzmDOYM5gzGD
OYM5gzmDOYM5gzGDMYYxy2tQa1FrUWNRa1FrUWtRYxBjEGtRa1FrUWtSc5JzUmtS
c1JzUmtRa1FrUWtRc5JzknOSc5JzknvTg9SEFIQUhBWMVoxWjFV7EWlHaQZxR2kG
aQZxyYqMacpiDYPTjFWEVXPUUxFK0DqOIcshyzpOQo9CT0KOQk5Sz3PTfBR8FHwU
e9R71HPUe9Rz1HPTc5Nzk3OTa1Nrk2uTY5JTESnLEUkqCzpNIUkZSTpNUxBbEVsR
WtFS0DoMKYopyjHKMcoxyzoLOgw6DUJOSo9Kj0qPSo9Cj0qPQo9CjkJOQk9CTkJM
QcdBxEHEOYM5gzmDOYM5gzlDOYM5gzmDMYMxQzGGOcxrEWtRa1FjUWtRa1FrUWMQ
YxBjUWtRa1FzknOSc1FrUWtSa1JrUWtRa1FrUXOSc5JzknOSc9J703wUhBSEFYQV
jFaMVoxWexBZSmFJgktxy2HLio6CjFHKYgx704RVhFVjkjJNKg0iDBnLGcsZzCHM
IcwhyyHLMgxjUnwUhBR71HvTe9N71HPUc9Nz03PTa5Nrk2uTa5Nrk2OTUxEhiwkI
KcsyTRlJEQk6TVMRUxFTEVMRStApyxEHEMYQxhEGEQYRRxlHGUgxy0JOSo9Kj0qP
So9CjkKPQo9CT0JOQk5CTDnGOcQ5hDmDOYM5gzlDOYM5gzmDOYI5gzGDMYMxhjnL
axBzUWtQa1BrUGtRa1FjEGMQY1BrUWtRa5FrkmtSa1JrUmtSaxFrEWtRa1JzUnNS
c5Jzk3OSe9SEFIQUhBWMVYxVlFaMFXsRSctZy4MQctBy0HrQaclZR3HJg9OMFYQV
W1MqDiHNGc0ZjBnMIg0iDiINGYwZizINY1Jz03OTa5Nzk3OTc5Nzk3PTc5Nrk2uT
a5Nrk2uTa5Njk1MRIYsRCSoMOk0ZCREJOk5S0FMQUxBS0EqPIcsJCAjHCMcIxwjG
CMYIxgkGGUg6TUKQQpBCj0KPQo9Cj0JPQk46TkIOQgs5xTmEOYM5gzmDOYM5gzlD
OYM5gzmDMUMxQzFEMYcxy2sQa1BrUGsQaxBrEGsQaxBjEGMQaxFrUWtSa1FrUWtR
a1FrUWNRaxFrUWtSa1FzknOSc5Jzk3vUhBSEFIRVhBWMVoxWjBZ7EVHLWg2Dk4OT
cxFxy1lHWUdpynvThBWEFWvUUxNLEzJQGY0qDksSUxI6TyGMIYxK0GvUY5NKj0KO
So5Kj1LPUs9a0FsQWxFbUVtSY1Jjk2uTY1NK0RlKEQkqDDINEQkRCTpOUtBS0VLR
UtFK0TpOKcwhixmKGYkRSQkIAMcIxxlJOk1Kj0qPSo9Kj0KPQo5CTkJOQk5CTUIK
OcU5gzmDOYM5gzmDOYM5gzmDOYM5gzGDMUMxQzGIOctrEGsRaxBjEGMQYxBrEWMQ
YxBjEGNQa1FrUWtRa1FrEWtRa1FjEWMRY1FrUnNSc5JzkmuSc5J703wUhBWEFYQV
jFaMVYxVexFRy1oMk1GTUXJNaQhhB2EHcgp704RVhBZ8FXQVa9VC0CHMOpBjlVuT
Ok8hzDpOW5NsFFuSKgwhyyHLKcspyyoLKcsxyzHLOgw6DEJNWxFjUmNSStAZSgkI
KgwqDBEIGQk6TVLQUtFS0ErQStBCj0KPOk86TzIOMg0ZSQjGCMchijpOQk9Cj0KO
Qo9CT0JOQk5CTkJOQk5CCjnFOYM5gzmDOUM5gzmDOYMxgzGDMYMxQzFDMUMxiDnL
axBzEmsRYxFrEWsRaxFi0GMQYxBjUWtRa1FrUWtSY1FrUWtRY1FjEWtRa1FrUmuS
a5JrkmuSc9N71IQVhBWEFYQWjFaEVXsQWYlhyopMgktpiGkGaQZpR3ILe9OEFYQV
hBV8FnvVStApy0KQa9VbUinNKc1TEWvUdBVbUinNGYsZixmLGYoZShFJEQkRSRlJ
GUkhi0rQY5JjUkqPGUkQySoMMgwRCBFJOk5TEFLQQk5CjkrQUtBKkEqQSpBCjzpO
GUoIyBEJMc1Cj0qPQo9CT0JPQk9CTkJOQk5CTUJNOgg5xDmDOYM5gzlDOYM5gzGD
MYMxgzFDMUMxQylEMYg5y2sQaxFrEWMQYxBjEGMQYw9jEGMQYxBrUGtRa1FrUWtR
a1FrUWMRYxBjUWNRa5JrUmtSa1Jrk3PTe9R8FHwUhBWEFoxWhBZzEWlIaUdxiHGI
aUdpSGlIaUhyC3vUhBWEFYQVhBZz1ULQKcxK0WvVY5M6TkKQY5Nz1XQVY5RC0jJQ
Mk8qDiINGcwZihFJEQkRCREIGUpKj2NTW1NCTxEJEQkyDTIMEQgZSTpOStBCTimM
Mg5KkEqQSpBKkEqPSo8xzREICMcZSToOQk9CT0JPQk5CTjpOOk5CTkJOOk5CDTnI
OYQ5hDlDOYM5gzmDOYM5gzFDMUIxQzFDMUMpRDGJMcs=
END f128fast
  chw crc32 : 6823e622   (low byte first)
  chw crc32 : e00f5e34   (high byte first)

-- qvga: 320x240 RGB565, resolution register 0x01, bus 8.0 MHz, recipe vendor --
  fifo      : 153600 bytes, expected 153600  
  timing    : setup 17.4 ms, expose 62.7 ms, read 154.1 ms  (0.95 MB/s over the bus)
  first 16  : 8c 12 8c 12 8c 12 8c 11 84 12 84 12 84 12 84 12 
BEGIN qvga 320 240 153600 3ae36131
jBKMEowSjBGEEoQShBKEEoPSg9GMEowSjBKMEowSjBKMEowSjBKMEowSjBGMEYxS
jFKMUoxSjFOMU4wTjFOMU4RTjBOME4wSjBKMEowSjBKMUoxSjFKMUoxSjFOMU4xT
jFOMU4xTjFOUU5RTlJOUk5STlJSUlIyTjFOMU4xTjFOUU5RUlFSUVJSUlJSUlJSU
lJWUlZSUlJSUlJSTjFOUU5RTlFOUU5RTlJSUVJSUlJSUk5STlJOUk5STlJSUlJSU
lJSUlJSTjFSMlJSUnJWc1pzWpRelF6UXpVelF6UXpRelF6UXpRelF6UXpRelF6UX
pRelF6UXpRelF6VXpRelF6UXpRilGKUXpRetF6UXpRelF5zXjJZ8FHQUdBN0E2vS
Y5FjkWOSY5JjkWuRc9Fz0XvSfBKEU4yVnNadF6UXnNeU1nPSY5Bz04yWlNeElmvT
W1BjkWuRa9Fr0mvRY5BjkHQSjJaVF5UXjNZ0E2ORa9J8VJTWlNaU1oRVfFR0E3RU
dBN0E3QTfBN8VIRUlNaU1oyVfBNjkVtQY9F8VHxUdFNj0nQTfFSM1YyVfFRz0lNQ
Oo1CzmvShFSMlYyVfFRbkTrPQs9TUVNRW1JbkluSQs86jUsQW5FbUDqPQtBLEEsQ
Qs9KjmvShFSMlIyVjJWMlYyUjJWEVGPSS08yjTKNOs1LD1uRY5Fr0nQTfFSEVIRU
hFSEVIRUfFRr0lMPKgsqDDqOU1FbklvSa9Njk1uSW1FLEFNQY5Fz0nQTdBN0E2vT
a9JjkmOSW5FTUCoLGckiCjKNMowqCyHKKgwyTCoMIcohykKNY5Fr0nPSc9Jz0nPS
c9Jz0nPSc9Jz0nPSc9Jz0owSjBKMEowSjBKEEoQRhBKEEoQShBKME4wSjBKMEowS
jBKMEowSjBKMEowSjBKUUoxSjFKMU4xTjFOMU4xTjFSEU4wSjBKMEoQShBKMEoxS
jFKMUoxTjFOMU4xTlBOMUpRTjFKUU5RTlFOUU5STlJOUk5SUlJSUlJSUjFOMU4xT
jFOUVJSTlJSUlJSUlJSUlJyUlJSUlJSTjJOMU4xTjFOMU5RTlFSUVJRUlFOUVJSU
lJSUlJSUjJSUlJSUlJSUlJSUjJSUlJRUlFSclZyWnNak16UXpRelF6UXpRelF6UX
pRetF6UXpRilGKUYpRilGKUYpRilGKUYpRilGKUYpRilGKUYpRilGK0YrRitGKUY
pRec1oxVfBN0E3QSc9Jz0nwThFWMVYRVfBR0E3PSc5Fz0XvRhBKUlJzWpRelV50X
jNZ8U3PShFSU1p0XlNeEVXPTc9Jz0nPSc9Jz0XPSfBOMlZzWnRedF5TXjJWEVIxV
lJac16TXnNeU15TXlNeU1ozWjNaM1pTWlNaU1pzXnNeMlXwTc9J8EoRUjJaM14yW
hJWElYyWlNaM1XxUY9FTUEsPW5F0E4SVjNaMlnxUW5FbUGORdBJ0E3wUfFR0E1OR
Oo46zkMPQw46zULOW5Fr0mORY5F8E4RUjFWMVYyVjJWMlYxVjFV8VGwTU1BLDjqM
Oos6jEsOW5B0EoRUhFSEVIRUhFSEVIRUfBNjkEKNKgsyTELNS09LUEtQS09LEEMQ
QxBTEWOSa9N0E3QTfBN0E3PTc9Nz02uSWxA6DCnKMgsyTjJOKcwZiiGIKckpySnL
OktTD2uRc9Jz0nQSc9Jz0mvSc9Jz0XPSc9Jz0nPSa9KMEowSjBKMEowShBKEEoQS
hBKEEoQShBKMEowSjBKMEowSjBKMEowSjBKMEowSjBKMUoxSjFOMU4xTjFSMVIxT
jFOEU4wTjBKMEowSjBKMEoxTjFOMU4xTjFOMU4xTjFOMU4xTjFOUU5RTlFOUU5RT
lJSUlJSUlJSUVJRUlFSUVJRUlFSUVJSUlJSUlJSUlJSUlJSUlJSUlIxUjFSMVIxU
jFSUlJSUlJSUlJSUlJSUlJSUlJSUlJyUlJSUk4yUlJSUlJSUlFSUVJRVlJWc1qTX
pNelF6UXpRelF6UYpRilGKUYrRitGK0YrRitGK0YrRetGKUYpRilGKUYpRilGKUY
pRilGKUYpRitGK0XrRilGKUXnNaMlIQUfBN8VIRVjJaUl5TXnRec15TXjJaEVYRV
hFSEFIxVlJalF6UYpRidGJTXjJWElZTWnNelF50XlNaMloSVhJaEloSWhJWMlpTW
nNelGKUYpRidGJzXnNec15zXnNelF6UYpRilF6UXnNec15zXnNac15zXnNec15zX
lNaMloyVjJWU1pzXlNeU15TXlNeU15zXlJaMVXwUc9Nz03wUjJWUlpSWlJaEVXPT
a9N0FISVhJWElYSVhFRr01uRU1BLUUtPU09jkXQTfFR8VHwUhFSElYyWjJaMloyW
jJWElYxVhFV8VXQUY5JTEErPQo5KzmOQfBN8VIRUhFSEVIRUhFR8VHxUa9NTUELO
Okw6TTqNOo06jTqNMow6jEKNUw9rkXQSdBN8E3wTfBN8E3wTdBNz0luRQs4yDTIM
Mg0yTSnMIYshyinKMgtCjVMQY5FrknPSc9Jz0nPSc9Jz0nPSc9Jz0nPSc9Fr0WvR
jBKEEowShBKEEoQShBKEEoQShBKEEoRSjBKMEowSjBKME4QShBKMEowSjBKMEowS
jBOME4xTjFOMU4xTjFOMU4xThFOME4wSjBKMEowSjFOMU4xTjFOMU4xUjFOME4xT
jFOMVIxTjFOUVJRUlFSUlJSUlJSUlJSUjFOMVIxUjFSMVJRUlFSUlJSUlJSUlJSU
lJSUlZSVlJSMVIxUjFSUVJRUlFSUVJRUlJSUk5SUlJSUlJSUlJSUlZSUlJWUlZSU
lJWMVIxUlFWUVZSWnNac16UXpRelGKUYpRilGKUYpRmlGKUYpRilGKUXpRitGK0Y
pRilGKUYpRilGKUYpRitGK0YrRitGK0YrRitGK0YrRilGJ0XlNaUlpTWlNec16UX
pRelGKUYpRidGKUYnRic2JzXnNec2KUXpRilGKUYpRic2JzXnNec2KUYpRilGKUY
nRidGJTYnNic150XnRedF50XpRelF6UYrRilGKUYpRilGKUYpRilF6UYpRelF6UX
nRedF50XnRedF50XnRec15zXnNec15zXnNec15zXnNeU15TXlNeU15TXlJeMloxW
jJaMlpTWlNeU15TXjJeEloSWjJaM1oyWjJaMloyWhFZ8FXQVc9R0FHwUfFSElYyV
jJWMlYyVjJaMloyWjJaMlYyVjJWMlYxVhFWEVXxVdBRr02uSa9Jz04QUhFSMVIRU
hFSEVIRUhFR8VHQUa9NjklNRSw9CzkLOQs5CjkLOQs5LDlNQc9J8E3wTfBN8E3wT
fBN8E3wTdBNsE1uRU1BKz0KOOo06jTqNOo1CzksPU5Fj0mvSa9Jr0nPSc9Jz0nPS
c9Jz0nPSc9Jz0nPRc9Jz0owSjBKMEowSjBKD0oQShBKEEoPRjBKMEowSjBKMEowS
jBGEEowSjBKMEowSjBKMEoxSjFOMU4xTjFSMVIwTjFOMU4xTjBOMEowSjBKMEoxS
jFOMU4xTlBOMU4xTjFOME4xTjFOMU5RTlFOUU5RUlJSUlJSUlJWUVJRUlFSUVIxU
jFSUVJRUlFSUVJSUlJSUlJSUlJWUlZSUjJSUVJRTlFOUVJRUlJSUlJSUlJSUlJSU
jJSUlZSVlJSUlJSVlJSUlJSUlJSUVJRUlFWUlZzWpRelF6UXpRelGK0YpRitGK0Y
rRilGKUYpRitGKUYrRitGK0YrRitGK0YrRitGK0YrRitGK0YrRitGK0YrRitGK0X
rRetF6UYpNilGKUYpRilGKUYpRilWKUYpVilGKUYnNilGKUYpRilGKUYpRilGKUY
pNilGKUYpRilGKUYpRidGKUYpRilGKUYpRilGKUYpRilGKUYpRilGKUYpRilGKUY
pRilGKUYpRilGKTXpNik2KTYnNik2KUYpNek16TXnNek15zXnNec15zXnNec15zX
nNec1pzXnNeU15zXnNec15TXlNeU15TXlNeU15TWlNaUlpSWlJaUlpSWlJaUlpSW
lJaMloyWjJWMlYyVjJaMloyWjJaMloyWjJWMlYyWjJWMloSVjJaMVYxVjFWEVYRV
fFV8FHwUhBSMVIxUhFSEVIRVhFSEVIRUhFSEVHwUdBNsE2PSY9Jj0WORY5FjkWOR
a5Jr0nQTfBN8E3wTfBN8E3wTfBN8E3QTdBRr02OTW5JbUltRW1FbUVuRW5FjkWPS
c9Jz0nPSc9Jz03PSc9Nz03PSc9Jz0nPSc9Jz0nPSc9KMEowSjBKMEowShBKEE4QS
fBKD0oQShBKMEowSjBKMEowSjBKMUowSjBKME4wSjFOMU4xTjFOMU4xTjFOME4xT
jFOMU4wTjBKME4wSjBKMUoxTjFOMU4xTjFOUU5RTlFOMU4xTjFOUU5RTlFOUVJRU
lJSUlZSVlJWMVIxUlFSUU5RUlFSUVJRUlJSUlJSVlJWUlZSVlJWUVIxTlFOUVJRU
lFSUVJSUlFSUlIyUlJSUlJSUlJSUlJSUlJSUlJSUlFSUVJRUlFWUVJRVlJac16TX
pNelF6UXpRelGKUYrRitGK0YrRitGKUYrRitGK0YrRitGK0YrRitGK0YrRitGK0Z
pRilGK0YrRitGK0YrRitGK0YrRitGK0YrRitGK0YpRilGKUYpRilGKUYpRilGKUY
pRilGKUZpRilGKUXpRilGKUYpRilGaUYpRik2KUYpRilGKUYpRilGKUYpRilGKUY
pRilGKUYpRelF50XpRelF6UXpRilGKTYpNik2KTYpNik16UXnNik2KTYpNek16TX
pNec15zXnNec15zXnNec15zXnNac15zXnNec15zXnNec15zXnNec15zXnNec15TX
lNaU1pTWlNaU1pSWlJaUlZSWlJaUlpSWlJaMlZSWlJaUlpSWjJaMloyWjJaMloxW
jFaMVoxWjFWMVYxVjFWMVYxVjFWEVYRVhFWEVYRVhFWEVIRUhFSEVIRUhFSEVIRU
fFR8FHQUdBRsFGwUdBN0E3QTfBN8U3wTfBN703wTfBN8E3QTfBN8E3wTfBJ0E3PT
c9Nz02vTa9Jz0nPSc9Jz0nPSc9Nz03PTc9Nzk3PTc9Nz03QSc9Jz0nPSc9Jz0mvS
jBKMEowSjBKEEoQShBKEEYQRhBGEEYQRhBKMUowSjBKMUowSjBKMEowSjBKMEowS
jFKUU4xTjFOMU4xTjFOMU4xTjFOMEowTjBKMEowSjFOUU4xTlJOUU5RUlFSMVIxU
jFSMVJSTlJOUk5RTlFSclJSVlJWUlZSUjFOMVIxUlFSUVJRUlJSUlJSUlJSUlJSU
lJWUlZSUjJSUVJRUlFSUVJRUlFSUlJSUlJSUlJSVlJWUlZSVlJWUVZRVlJWUVZRV
lFWUVZRUlFSclZzWnNelF6UXpRelF6UYpRilGKUYpRitGK0YrRitGK0YrRitGK0Y
rRitGK0YrRitGK0YrRitGK0YpRitGK0YrRitGK0YrRis2K0YrRitGaUYpRilGKUY
pRilGKUYnRmlGKUYpRilGKUYpRilGKUYpRilGKUYpRilGKUZpRidGKUYpRilGKUY
pNilGKUYpRilGKUYrRilGKUYpRilGJ0YpRilGKUYpRilGKUYpNik2JzYnNec15zX
nNec16TXpNek15zXnNec15zXnNec15zXnNec15zXnNec15zXnNac15TXnNec15yX
nNec15zWnNec15zXnNeU15TWlNaU1pTWlJaUlpSWlJaUlpSWlJaMloyWjJaMloyW
jJaMloyWjJaMloyWjJaMlYyVjJWMlYxVjFWMVYxVjFWMVYxVjFWEVYQVhFWEVYRV
hFWEVIRUhFSEVIRUhFOEVIRTfFR8FHwVfBR8FHwUfBR8FHwUfBN8E3wTe9N8E3wT
fBJ8E3wTdBN8E3wTfBN703vTe9Nz03PSc9Jz0nPSc9Jz0nPSc9Jz0nPTc9Jz0nPS
c9Jz0nPSc9Jz0nPSc9Jz0owSjBKMEowShBKEEowShBKEEowShBOME4wTjBOME4xS
jBKMEowSlBKMEowSjBKEEoxSjFOMU4xTjFOMU4xTjFOMU4xTjFKMEowSjBKME5RT
lFOUU5STlFOMU5RTlFOMU4xTjFOUU5RTlFOUU5RTlJSUlJSUlJSUlJRUlFSUVJRU
lFSUVJRUlJSUlJSVlJWUlZSVlJWUlJSUjJSMVJRUlFSUVJRUlJSUlJSUlJSUlJSU
lJSUlZSUlJSUlJSUlJSUlJSUlJSMlJSUlJWclZzXpNek2KUYpRetF60XrRitF60Y
rRitGK0YrRitGK0YrRitGK0ZrRmtGa0ZrRitGK0YrRitGKUYrRitGK0YrRitGK0Y
pRilGKUYpRik16TXpNek15zXnNec15zXlNec15zXnNec15zXpNek16TYpRilGKUY
pRilGKUYpNik2JzYlJeUl5SXnNec2KTYpNik2KTYpNik2KUYpRilGKUYpRilGKUY
pRilGKTYnNic15SXnJec16UYpNilGKTXpNek15zXnNec15zXnNec15zXnNec15zX
nNec1pzWlNaU1pTWnNec15zXnNec15zXlNeU15TXlNeU1pTWlNaU1YyWjJaMloyW
lJaUlpSWlJaMloyWjJaMloyWjJaMlYyWjJaMloyVjFWMVoRVjFaMVYxVjFSMVIxU
jFSMVIxVjFWEFYRVhFWEVYRVhFSEVIRUhFSEVIRUhFSEVIQUfBN8FIQUhBR8FHwU
fBR8FHwUfBR8E3wThBN8E3wTfBN0E3wTfBN8E3wTe9N703vTe9N703vTe9Nz03PS
c9Jz0nPSc5Jz0nPSc9Jz0nPSc9Jz03PTc9Nz03OTc5KMEowSjBKMEowSjBKEEoQS
fBGEEoQSjBKME4wSjBKMEowSjBKMEowSjBKMEowSjFKMUoxSjFOUU5RTlFOMU4xT
jFOMU4RTjBOME4wTjBOUU5RTlFOUU5RTlFKUU5RTjFOUU5RTlFOUU5RTlJOUlJSU
lJSUlZSVlFWMVIxUlFSUVJRUlFSUVJSUlJSUlJSVlJWUlZSVlJWUlYxVjFOUU5RT
lFSUVJSUlJSUlJSUlJSMlJSUlJSUlJSUlJSUlJSUlJSUlJSUlJSUlZyVnNak16TY
pRelGK0YrRitGK0YrRitGK0YrRilGK0YrRitGK0YrRitGK0YrRmtGK0YrRitGK0Y
pRitGK0YrRitGK0YrRilF5zXnNeU15SWlJaU1pSWlNeUlpSWlJeUlpSWjJaMloyW
jJaUlpzWpNelF6TXpNec15zXnNeU15TXlNeMloRVhFSEVIyVlNac1pzXnNeU15zX
nNedGJ0YnRilGZ0YpRilGKUYpNek15SWhFSEFIxVlJac16TYnNic2JzYnNic16TX
pNek15zXnNec15zXnNec15zXlJaMVYyVlJWUlZSWlNac1pzWnNac15zXnNec15zX
lJeUloyWhFWEVYRVhFWMloyWjJaEloyWjFaEVoxWjFaMVoxWjFaUVoyWjJWMlYyV
hJWEVIRUhFSMVYxVjFWMVYQVhBWEVYRVhFWEVYRVhFSEVIRUhFSEVIRUhFSEVIRU
hFSEFIQUhBSEFIQUfBN8E3wTfBN8E3QTfBN8E3wTe9J8E3wTfBN8E3wTfBN8E3wT
fBN703vTe9N703vTc9Nz03OTc9Nz03PTc9Jz0nPSc9Jz0nPSc9Jz0nPSa9Nr02vT
jBKMEovRjBKMEowShBGEEoQShBGEEoQShBKMEowSjBKEEowSjBKMEowSjBKMEowT
jFOMU4xTjFOMU5RTjBOMVIxUjFOEE4wTjBOME4wTjBOMU4xTjFOMU4xTjFOUE5RT
lFSUVJRUlFSUVJSVlJSUlZSVlJWUlZSVlJSUlJRUlFSUVJRUlFWclZSUlJSUlZSV
lJWUlZSVlJWMVIxUjFSUVJRUlFSUVJSUlJSUlJSUlJSUlJSUlJWUlJSUlJSUlJSU
lJSUlJSUlJSUlZzWnNak16UXpRelGKUXrRilF60XrRitGK0YrRitGK0YrRitGK0Y
rRitGK0YrRitGK0YrRitGK0YpRitGK0YrRitGKUYnNeUloRVhFR8VHxUfFR8FHwU
fFSEVYRUfBR0E3PTc9Nz03wThFSMVZzWnNec15SWjFaMloyVjJWMlYRVdBNjkVtS
c5J8E4RVhFWEVYwVjFWMlZSWnNelGKUYpRik2JzYpNik2JzXnJaEVXPSa5Fz0oyV
nNac15zXnNec15zXnNec16TXpNek16TXpNek16TXpNaclYxUhBOEEoRThFWEVZSW
lJaU1pTWlNac1pzWnNec1pSWlJaEVXwTc9J8EoQTjFSMVYxVhBR8FHwTfBR8FHwU
fBR8FIQVhFWMVYyVjJWMlYxVhBSEFHwTfBSEVIRVhFR8VHQUdBN0E3RTdBJ0E3wU
hBSEFYQUhBSEFHwUhFSEVIRUhFSEFHwUfBR8FHwUe9N8E3wTfBN8E3wUfBR8FHwT
fBN8E3wTfBN0E3wTdBN0E3QUdBNz03PTc9Nz03PTc5Nz0nPTc9Jz03PSc9Jz0nPS
c9Jz0nPTc9Jz0mvSa9Jr0owSjBKMEowSjBKMEowRhBKEEoPSg9KEEoQSjBKMEoQS
jBKMEowSjBKMEowSjFKMU5RTlFOUU5RUlFSMVIxTjFOMU4RTjBOME4wSjBOUU4xT
jFOMU4xTlFOUVIxTjFOMU5RTlFOUU5RTlFSUVJSUlJSU1JSUlJSUVJSUjFSUVJSU
lJSUlJRUlJSUlJSUlJSUlJSUlJWUlZSUlFSUVJRUlFSUVJRUlJSUlJSUlJSUlZSV
lJSUlJSUlJSUk5SUlJSUlJSUlJSUlJSVnJWc1qUXpRelF6VYpVilWKUYpVilGK0Y
rRitGK0YrRitGK0YrRitGK0YrVitGK0YrRitGK0YrRitGK0YrRitGK0YpRilGJUX
fFVsE2OSW5JbkluSW5JjkWuSc9Nz02uSW1FLEFMQW1Fr0XQSjFSUlpzXlJaMVXwT
c9Nz02vSa9JbkUsPQs5CzlNPY5Fr0WwSa9JrkmvSe9KMVZzWpRelF5zXnNecl5zX
nNeU14yWdFNTUEsPY5GEVYyWlNaUlpSWlJaUlpzWnNec15zXnNedF5zXpNek15zW
lJSEEnPRa5BrkXPSfBSMVpSWlJeU15TXnNec15TXlNeMloRVfBNjkVLOY1Bz0nwU
hBV8FWvTW1FbUVtQW1FbUVtQW1Fr0nwUhFWMVoxVjFWEVHvTa5FjkXPSfBR8FHQT
a5JjUVtRY5JjkltRW5Jr0nQTfBOEFIRUhFSEVIRUfFSEVHxUfBR8E3wTfBN0E2vT
c9Nz03PSe9N703wTfBN8E3wTfBN8E3QTfBN8E3QTfBNz03vTc9Nz03PTc9Nz03PT
c9Nz03PTc9Jz0nPSc9Jz0XPSc9Jz0nPSc9Nz0mvSa5KEEowSi9KMEowRjBKEEoQS
hBKEEoQShBOME4wTjBKMEowSjBKMEowRjBKMUoxSjFKUU5RTlFOUVJRUlFOMU4wT
jFOME4wTjBOME4wTjBOUVJRTlFOMU4xTjFSMVJRTlFOUU5RTlFOUVJRUlFSUlJSU
lJSUlJSUlJSUlJRUlFSUVJRUlFSUlJSUlJSUlJSUlJSUlZSVlJWUlZSUlFSUVJRU
lFSUVJSUlJSUlJSUlJSUlZSUlJWUlJSUlJSUlJSUlJSMlJRUlFWUlZTVpNalF60X
pRelGKUYpRilGKUYrRitGK0YrRitGK0YrRitGK0XrRitGK0YrRitGK0YrRitGKUX
rRitGK0YrRilGK0YpRiU13xVW9NTkUtRU1FLUUtRS1FTkmPUY9Nb00tRQtBDEEuR
Y9J8E4xVnNec14yVc9JbUFuQY5FLD0sQOs8yzjKOOs9DEEtQS1BbUWNRW1BbUGuR
jFSU1pzXnNeUloxWhFWElYRVhFV8VFvTQxA6zlNRdBR8VIRVhFWEVYxVjFWMlpzX
nNec15zXnNec15zXnNec1pSVhFR0EmuRY1BrkXPShFSM1ZTXlNeU15TXnNec1pSW
hFVz1FNROo46jkrPW1Fr0mwTa9JTUDqNMkw6zkLPQw46zTrNU1B0E4RVhJWElYRV
dBNbUErPSs9bkWwTbFNj0ksOOk1CzksPQs46zkMPU5FbkmvSdBOEFIRUhFSEVIRU
fFN8E3wTc9Nr0mOSW1FbUVtRW1FjUmuSa5Jz03vTfBN8E3wTfBN8E3wTe9J703vT
e9Nz03OTc5Nrk2uTa5NjkmuSa5JrkmvSc5JzknOSc9Jz0nPSc9Jz0nPSc9Jr0mvS
jBOEEoQShBKEEoQShBKEEoQShBKEEoQShBKMEowSjBKMEowSjBOMEowSjBKMEoxT
jFOMU4xTjFOMU4xTjFOMU4wThBOME4wTjFOME4wTjFOUU4xTjFOMU4xTlFOUU5RU
lFSUVJRUlJSUk5STlJOUlJSVlJWUlZRVjFSMVJRUlFSUVJRUlFSUlZSUlJSUlJSU
lJSUlJRUlJSUVJRUjFSUVJRUlFSUVJRUlFSUlJSUlJSUlJSUlJSUlJSUlJSUlJSU
jJSUlJSUlJWc1pzXpNelF6UXrRetF60XrRitGK0YrRitGK1YrRitGK0YrRitGK0Y
rRitGK0YpRitGK0YrRitGKVYrRitGK0YrRitGKUYlNh8VVuSS1FTUVORS5FDUUMR
S1Fj1GPTY5NLEULPSxBbkWPSfBOMlpzXnNeEVmvTU5FTklvUQ5IzECqOKo87EUNS
Q1FDUkORU5Jb02OSW1JrkoxVnNec15SWfBVz02vSa9Jr02vSY5NLUDLOMo5LUGOS
a9Jr0XPSc9JrkXPShFSUlpzXnNek16TXnNec15zXnNaUloyVhFV8FHPTc9F70YRT
jJSU1ZTWlNaU1pTWlNaMlXQTW1E6zzJOMo46z0LOSw9j0mPSS1AqTTKOOxBLkUNQ
Mo4yTULOa9OEVIyVhFVz02NRQs46jTrOU1BbklNRU1A6TSoLKgw6jTJMKgwyDEKN
Ss5bUGuRfBOEVIRUhBSEFHwUc9Nr01uRSw86zjqNOow6jEKMQo1Kz1MQW1BrkXPS
e9J8E3wTfBN8E3PTc9Nz02vTa5JjkmORW1FbUVNQSxBTEFMQWxBbUFuQY5FjkWuS
a5Jz0nPSc9Jz0nPSc9Jz0owShBKMEoQShBGEEYPShBKEEoQShBKEEowSjBKMEowS
jBKMEowSjBKMEowSlBOUE5QTlFOUU5RTlFOUU5RTjFSME4wTjBKME4wTjBOME4xT
lFOUU5RTlFOUU5RTlFOUVJRUlFSUVJRUlJSUVJSTlJSclJyUlJSUlJRUlFSUVJRV
lFSUVJSUlJSUlJSUlJSUlJSUlJWUlZRVlFWUVJRTlFOUVJRUlFSUVJRUlJSUlJSU
lJSUlJSUlJSUlJSUlJSUlJSUlJSUlJSVnNalF6UXrRelF6UXpRelGK0YrRitGK0Y
rRitGK0YrVitWK1YrRilGK0ZrRitGK0YrRitGK0YpRitGK1YrVitWK0YrRilGJUX
dFRbkUtQU5Fb0lOSS1FDEEtRW5NbkktRQxBDUENRS1FbUGuSjFWc15zYhJZsFFuS
a9Nb1FNSOtAyjjLOQxBDEUMQSxFLUWuRdBN0E3QTfFSMlpUXlNiElmvTUxBTD2OQ
Y5FjkluRQ1EyzjKOQw9bUGORY9JjkVNPSw5bUHwTjJac15zXnNec15SXlJaU1pSV
jFSMVIxUjFSMVYRUjFSMVYxUjFSMVZSWlJaU1pTWhJV8FFuROs4yTSqNKo0yjUMP
W9JbklNQMk06z1OSW9NTkkLQMg1Cj2vThFWMVYRVc9NTUDqNMk0yTTqOQw9LEDrO
Mk0yTCpMKgwqCyoLMkw6jTqNQs5bUXQThFSEVIRUfBRz02ORSw86jTJLKgohySHI
KgoyCzpMOkwyS0KMUw9jUWvTdBN0E3QTc9Nr0mOSW1FbUFtQSw9KzkKNOk0yTDpM
Mgw6DDpMQoxCjVMPW1BrkmvSc9Jz0nPSc9Jz0muSa5KMEowSjBKMEowSjBKMEoQS
hBKEEoQShBKEEowSjBKMEowSjBKMEowSjBKMUoxSjFKMU4xTlFOUU5RTlFOUU5RT
jBOMU4wTjBOME4xTjFOMU5RTlFOUU5RUlFSUVJRUlFOUVJRUlFSUVJRUlFSclJSU
lJWUlZSVlJSUlJSUlJSUVJyUlJSUlJSVlJWUlZSUlJSUlJSUlJWUVZRUlFSUVJRU
lFSUVJRUlJSUlJSUlJSUlIyUlJSUlJSUlJSUlJSUlJSUk5SUlJWU1ZzWpRelF6UX
pRetGK0YrRitGK0YrRitGK0YrRitGK1YrVitWa0ZrVitGK1YrVitWK1YrVitWK1Y
rVitWK1YrRilGKUZpRmc2HQUS1FLUUtRU5JTkktRSxFLkVORQ1A7D0NRS5JLUkNR
Qw9jkoxVnNec14yWfBRsE2vTW5JLUTrPMo8y0ENRQxA7DzrPUtBz04xVjJaMlpSW
nNek2JzYhFVjkksPSxBj03QUdBRsFFOSOtA60ENQY9NsFGwUY9JTUELOSw90E4yW
lNec15zXnJaMVYxVjFWEVHQSc9F8EoyVlNeUl5SWjFWEE3vShBOMVIyWlJeU14yX
fFVsFEtRKo0iTCpMMo5LUVvTW9JLEDJNOo1TUVOSU5I6zypNQs5r03xVhFaEVnQU
Y1FCjTJMMgwyTULQSxA6zzKOMowqTSJMIgwiDCpNOs86z0LOW1Br0nwTfBR8FHPU
W1FKzjJNMkwyTDJMIgoZySpLOo5DD0KOOkwqCjqMSs5bUGvSc9Nr0muSUs9Sz0qO
Qk06TDoMKcspyzILMgsyCzoLOgwxyynKKcoyC0KNUxBrkWvSc9Jz0nPSc9Jr0muS
jBKMEowTjBKMEowSjBKEEYQRhBGEEoQSjBKMEowSjBGMEowSjBOMEowSjFKMUoxS
jFKMU4xTlFOUU5RUlFSUU4wTjBOME4wTjBOME4wTjFOUU5RTlFOUU5RTjFOUU5RT
lFOUU5RUlJSMVJRUlFWUlZSVlJWUlZSUlJSUU5RUlFSUlJSUlJSUlJSUlNSUlJyU
lJSclJyVlJWUlIxUjFSUVJRUlFSUVJRUlJSUlJSUlJSUlJSUlJSUlJSUlJSUlJSU
lJSUlJSUlNSc1aUWpRelF6UXrRetGK0YrRitGK0YrRitF60XrRitWK1YrVitWK0Y
rVitWK1YrVitWK0YrRitGK0YrVitWK0YrRitGaTYnNd0E0tPS1BLUEtQS1BDD0MP
U5JTkUMQQxBLkVOSU5JLUUMPa5KMVZzXnNiU14QVa9NjkltSS1FDETrQQxFDUTsQ
Ms9DD1tRfBSMlpyXnNec150XpRec2ISWY5JTEFtRdBR8loSWfFZj00sQQw9jkXxU
hFWElXRUW5FCzlMPc9OMlpTXlNeU14SVdBNr0nPSc9JjUGMOc5CMU5zWnNeU1oRV
c9NjUGtRfBOMVYyWjJaMl4RWdBRLUTKOKg0qTTLPOxBL0lOSOxAqDSoNOo5C0DrP
Mk4qDTqOY9KEVISVjJWEVWvTSw8qjSIOKo5DEUMROo4yTjJOKg0iDSIMIgwqTTrP
Qs9Kz2ORdBJ8E3wUdBNbkULOMkwqTDrOSw9CzioLGckyjVNRW5JbUlMPOkwpyzIL
Ss5jkXPTa5JbUEKMOgsyCjIKMcoyCzIMOk06jULQStBKz0LPQo8yTSnLIckpyUKN
W1Br0mvSa9JrkmuSa5JjkYwSjBKMEowShBKMEowSjBKMEYwRjBGMEowSjBKMEowS
jBKMEowSjBKMEowSjBKMU4xSjFOUU5RUlFOUVJRUlFSMVIxTjFOME4wTjBOMU4xT
jFOMU5RTlFOUU5RTlFOUU5RTlFSUVJRUlFSUVJSUlJSUlJSVlJWUVZRUlFSUVJRU
lJSUlJSUlJScVJyUlJSUlJSUlJSclZyUlJSUlJRUlFSUlJSUlJSMlJSUlJSUlJSU
lJSUlJSUlJWUlJSUlJWUlZSUlJWUlZyVpNWk16UXpRetF60XrRitGK0YrRitGK0Y
rRitF60YrVitGK1YrVitWK1YrVitWK1YrVitWK1YrVitWK1YrVitWK1YrVilGJTW
a9NDEEMQOtA7EDsQOxBDUVOSU1JC0EMQU5BTklOTS1FDD2uSjFac15zXlJZ8VGuS
U9JT01PTS1E7EDsQQxA6zzKPSxBj03xVjJaU15zXnNedF50XlNd8lVuRQs5bkXwU
hFaEVnwWW5NC0ELQY5J8VYRVhFZ0FVuSQs9LT3QTlJWc1pzXlJZ8FFsQW1BrkmvS
W1BbD3PRjFSc1pzXlNaElWwSW09TT2tRfBOMlZSWjFaEVnPUSxAiTSIMIk0qjjKO
Os9DEDqPKk0qTTKPQxBDEDqOKkw6jmPShFWMloxVhFVsE0MPKk0qDCpNOo86jzJN
KgwqDCoMIgwiDCHLIgsyjULPQw9TUGuSfBR8FGvSSw8yTDINQo9bUluTSxEqDCHL
Oo1bkWwTbBRj0lNQMkwpyjpMUw9r0mvSW1FCzioLMkw6TTqOStBTEFtRW1JbUluS
W5NbkluSS1E6jinLIYkpykrNY5Br0mvSa5JrkmNSW1GMEowSjBOMEowSi9KMEowS
jBGEEYQRjBKMEowSjBKMEowSjBKMEowSjBKMEowSjFKMUpRTlFOUU5RTlFSUVJRU
jFSMU4wTjFOME4wTjBOMU4xUjFOUU5RTlFOUU5RTlFOUk5RTlJOUlJRUlJSUlZSU
lJSUlJSVlFSUlJRUlJSUlJSUlJSUlJSUlJSUlJSUlJWclZyVnJWclZRUlFSUU5RU
lFSUlJSUlJSUlJSUlJSUlJSUlJSUlJSUlJSUlJSUlJSUlJSUlJWc1qTWpRelF6UX
rRitGK0YrRitGK0YrRitGK0YrRitGK1YrVitWK1YrVitWK1YrVitWK1YrVitWK1Z
rVitWK1YrVitWK1YrRiM12PTQ1E7ETLQMtA7EDsQQ1BTkkuROxBDEUtSU5NTU0sR
SxBzkpSWnNec15SWfBRjklvTY9Rb1EtSOxEzEDsQOxAyz0MQW9J0E3xUjFWMVZSW
nNec15TXfFZbkkrPU1Fj03QUdBRr1EuRMs4yzlORa9J0E3PUa9NLEELPU1B8FIyW
lNeU1oSVY9JLD0sQY9NsE1tRW05z0IxTnNalF5zXlNaEVGvSUw9TT2uRfFSElYSV
dBNbUDrOIkwaSyJMKo0qjTKOOs86jipOMo9LUlOTU5NC0CpMOk1jkoRVhJaEVXQU
W1E6jipNKk0qTSILKgwqTCIMIgwiDCIMKgwhyxmKIgsyjTKNQw9jknwUdBNj0kKO
KgwyTVNRY9Nj1EsQKgwpzErOY5F0EnQTa9NjkUKNKcspykrOY5Jr1GNSUxBKz0sP
U1FjkmOSa5Nrk2uTa5Jz02vTa9Nj02OTSxA6TSGIGYg6S1sPa5Jr0muSY5FbUErO
jBKUEowSjBKEEoQShBKEEYQShBKEEowSjFKMEowSjBKMEowSjBKMEowSjBKMUoxS
jFKMU5RTlFOUU5RUlFSUVIxTjFOMU4xThFOMU4xTjFSMU4xTjFOUU5RTlFOUU5RT
lFOUU5STlJOUk5SUlJSUlJSUnJSclJRUjFSUVJSUlJSUlJSUlJSUlJSUlJWUlZSV
lJWUlZSVlJWUlJSTlFOUU5RUlJSUlJRUlJSUlJSUlJSUlJSUlJSUlJSUlJSUlJSU
lJSUlJTVnNWk1qUXpRetGK0YrRitGK0YrRitGK0YrRitGK0YrRitGK0YrRmtGK0Y
rVitWK1YrVitWK1YrVitWK1YrVitWK1YrVitGKUYhJdbkzsQMtAy0DLQOs86z0tR
U5JLkkMQQ1BTklvSU5JLUUsQc9KUlpzXnNeMlXQUY9JT0lPSU5FDETsQOxFDUkNS
OxFCz0sPU09jkXPShBOMVJSWnNeM2HxVY5JTEFNQY5Fr0muSY1FDTzKOMo5K0FtQ
Y5FjkVtRS1BDDlORfBSUlpTXjJZ0VFNRQw9bkXQTdBRjUVsOc5GMVJzWnRec15zX
jJV8VGORUw5jUHwTjFWEVXQUUxEyziJMIgsiTTKNKo4yjzLPMs4qTTKNS1FbklOS
Qs8qSzqNY5F8VISUfFRr01MPMowqTCpLIksiSyIMIkwiTCJNIkwiTCIMIgwiCyIL
KkwyjErOa9F0E3QTY5E6TTIMOo5j02vUY9NTECnMMgxKz2vSdBR0FHQUY9JTUCoM
Ico6jVtRa9Nr02OSY5Jrk2uTc9Nr03PTc9Nz03PSc9Jz03PTa9Nr02OSSs8pyhlJ
MgxKz2OSa5NjkmNRSo4yCowSjBKMEowSjBKEEoQShBKEEoQShBKEEoxSjBKMUoxS
jFKMEoxTjBOMEoxSjFKMU4xTjFOUVJRUlFSUVJRUlFSMVIxUjFOMU4xTjFOUU4xT
jFOUVJRUlFSUVJRUlFOUU5RTlFOUVJSTlJOUk5SUlJSUlJyUlJSUVJRUlFSUVJRV
lJWUlZSUlJSUlJSVlJWUlZSVlJWUlZSVlFSUVJRUlJSUVJRUlJSUlJSUlJSUlJSU
lJSUk5SUlJSUlJSUlJSUlJSUlJSclZzWnNelF6UYrRitGK0YrVitGK0YrVitWK1Y
rVitWK1YrVitGK1YrVitWK1YrVitWa1YrVitWK1YrVitWK1YrVmtWK1YpRidF4yW
Y5JC0DLPMo8y0DLPOtBLUlPTU5NDEUMRS1JTk0uSS1FTUHQTlNadF50XjJV8VGPT
U5I7DzLOOs5LUFOSU9NTk0tSOxAyzzJOSs5bUHORhBSUlpzXnNeEVXQTY1FjkWvS
a9Jr02PSS1E6jjqOSxBjUmvSa9JjkltRUxBzkoRUlNaU14SVa9NTUFNQbBN8VXwU
Y1FazmuRjFSc1pzWnNeUl4yWfFVr0ltRY5F0E4SVhFVz1EtTOtAqTiINKk0yjzLQ
OxFDUkMQKk0yS0LOS1BLTzqOKkwyjWOShFWEVoRWa9NLUTKOKkwiDCIMKk0qTSpN
Ik0iDCIMIk0iTSJMIg0iDSIMMg1Kz2vTdBRsFFtRMg0yDEKOY9NsFGOSQs4qCzpM
W1Bz03wUfBR8FGvTUxAyDBmJOkxbUGvSbBNz03PTc9Jz03PTc9Nz02vTa9Nz03PS
c9JzknPSa9FjkUrOKgoZRynKSs5jkmvTY5JTEDoMIYmMEowShBKMEowShBKEEowS
i9KD0owSjBKMEoxSjBKMEowSjBKMEowShBKME4wTjFOMU4xTlFOUU5SUlFSUVIxU
jFSMVIxUhBOME4wTjFOMU4xTlFOUVJRTlFSUVJRUlFOUVJRUlFSUVJSUnJSUlJSU
nJWclZSVlJWUVJRUlFSUVJSVlJWUlJSUlJSUlJSUlJSUlJyVnJWclZSUlFSUVJSU
lJSUlJSUlJSMlJSUlJSclJSUlJOUlJSUlJSUlJSUlJSUlJTUnJWk1qTXpRilGKUY
rRitGK0YrVitWK1ZrVitWK0YrVitGK0YrRitWK0YrVitWa1YrVitWK1YrVitWK1Y
rVitWK1YrVitWKVYnReElWOSQxA60DrQOxA60EMRU5Nj1FOSSxFLEVOSU5JLUkMR
W1B8VJTXnRidF4yWfBRj0ksROs860DsQU1FbkmPSY5JbUksRQtA6j0MQY5J0E4yV
lNadF50XlNaMVYRVhFSMVYxVhFZ0VVvTQxBDUGOSfFWEVYRVfFV8U3QThBOMlZTW
lNaElXPSa1FrkoRVhJV8VVuRUw9rkYRUlNaU1pTXjJaElXxVfBNz0nQSfFOElYSV
dBRTkTrPKo0iTSqNMo4yz0NRS1JLESpOKg0yTULPQw8yjSpMOo1jkoQVhFaEVmwT
S1A6zipNIg0qDTJOMk4qDiIMIgwiDCIMKgwqTCILIgsiCzJMU09r03QUdBNbkTJN
KgtCz1uSY9NTUTJNKgw6TWOSc9N8FHQUbBNj00sPKgwhyzpNW1Fr03QTdBN0E3QT
dBN8E3PTc9Nz03PTc9Nz03OSc9Jz0muSY1FKzymLGUkpy1MPa5FrkmORU1BCjSnK
jBKMEowSjBKMEowSjBKEEoQSg9GMEowTjBOME4wTjBOME4wSjBKMEoQSjBKMEoxS
jFOUk5RTlFOUU5RUlFOMVIxUjFSEU4RThFOMU4xTjFOUU5RTlFOUU5RUlFSUVJRU
lFSUVJRUlFSUlJSUlJSUlJSUnJWclZSVlFSUVJRUlFSUlJSVlJWUlZyVnJWclZyV
nJWclZyVlJSUlJRUlJSUlJSUlJSUlJSUlJWUlJSUlJSUlJSUlJSUlJSUlJSUlJSU
lJSUlZyWnNak16UXrRitGK0YrRitGK0YrRitGK1YrVitWK1YrVitWK1YrVitWK1Y
rVitWK1YrVitWK1YrVitWK1YrVitWK1YrVilGJzXfBVjUktSQ1I7ETsROxBLEFuT
ZBRb00tRSxFTk1OSS1FLUFtQfFSc16UYpRic14SWdFRTUEMPSxBbkmvTa9Nr02vT
Y9Nbk1MRQxBbUXQUjNac15zYpRidGJzXlJaUlpzXnNec15TXjJZr01sQWxB0E4SW
lNeU15TXlJaUlpSWnNac15TWjJWEU3wThFSMl4yWfFVjkkrPW1F8FIxVjJaMloRV
fBR8E3wThBSEVIyWlNaElnQUU1A6jiqNIk0qjjLPOs9DEUtRQxEqTipOQxBLUktS
QtAqDDqNY5F8FIRVhFRz00sPOo4qTSoMIgwqDSpNKg0iDSIMKgwqDCpNMkwqDCHL
Igs6jVOQbBN0VXQUY5JCjioLOo1LUFuRQs4yCzILSo5r0nvTfBN8E3PTY5JCziHK
Ics6jWORc9J703wTfBN8E3QSdBNz03PTc9Nzk3PTc9Nr0mvSa9JjkVMQMkwhiiGK
MgxTEGOSa5Nrk1tSUxFCjowSjBOEEowShBKEEoQShBKD0oQShBKEEowSjBOME4wT
jBOMEowSjBKMEowSjBKMUoxTjFOUVJRUlFSUVJRUlFSMFIwUjFSEE4wTjBKUU4xT
lFOUk5RTlFOUVJRUlFSUVJSUlJOUlJSUlJSUlJSUlJSUlZyVnJWUlZSUlJSUlJSU
lJSUlZSVlJWclZyVnJWclZyVnJWclZyVlJSUlJSUlFOclJSUlJSUlJSUlJSMlJSU
lJSUlZSVlJWUlZSVlJWUlZSVlJWclpzWpNelF60YrRitGK0YrRitGK0YrVitWK1Y
rVitWK1YrVmtWK1YrVitWa1ZrVmtWa1YrVitWK1YrVitWK1YrVitWK1YpRiU1nQU
Y5Jjk1OSS1FLUUtQU1BkE2wUY9NTklNRY9Jj01uSU1JrkoRVnNelGKUZpRic13yV
Y5JTUVuRY9N0FHQUdBR0FHQUY9NTUlNRa5KMVZzXpRilGKUYpRilGKUXpRelGKUY
pRidGJTXc9NjUWNRfBSUlqTXpRelF5zXnNec15zXnNec1pTWlJaUlpSWlJeUloRV
W5FLEFNQa9J0FXxVfBRr0mNQY5B8EoyUjJWUlpTWhJV0E0sPOw8yzzKOMo46z0MQ
QxFDUEMPMo06jktRW9Nb1EtSKk4yjWNRdBSEVYRVc9NLDzLOMo4qTSpOMo4qjTJN
KgwqDCoMKg0qTipNIgwZyyIMOo5bknPTfBR8VGwTSw8yTCoMOo46jioMKcsyTVMQ
bBN0E3QTa9Nj0lNQMkwiCjILSs5rkXPTc9N8E3wTfBN703vTc9Jr0mOSY5JjkmOS
Y1JjUVtRQs86jSnLIcopykKOW1FrkmuTa5JrkmNRU1GMEoxSjBKMEowShBKEEoQS
hBKEEoQShBOMU4wTjBOMEowSlBKMEowSjBOME4wTjBOMU4xTlFOUVJRUlFSUU5RU
jBSME4xThFOME4wTjBOMU5STlJOUk5RTlFOUk5STlJOUk5SUlJSUlJRUlJSUlJSU
nJWclZyVnJWUlJSUlJSUlJSUlJWUlZSVnJWclZyVnJWclZyVnJWclZRUlFSUVJSU
nJSUlJSUlJSUlJSUlJSUlJSUlJSUlJyUlJSUlJRUlJSUlZSVnNak1qUXrRetF60Y
rRitGK0YrVitWK1YrVitWK1YrVitWK1YrVitWK1YrVitWK1ZrVitWK1YrVitWK1Y
rVi1WK1YrVitWKUYjJZ703PTc9Rr01uSW5JbklvSbBN0FGvTa9F0EoSUhFR8E3PS
c9KMVJzWpRetGK0YpNeMlWvTW5FjknQTfBR8FHxUfFR8FHPTY5FjUXvTlJac16UY
rRitGK0YrRitGK0YrRilGKUYpNiUl3QUY5Fr0oRUnNelGKUYpRilF6UXpRelF6UX
pRek15zXnNec15zXlNaElWwTU1BTT2OQa9Fr0mvRW5BbD1tPfBOMlZTWlNaU1oyV
dBNbUEuRS1E6zjsPS5FLkktSQ1E60CqOOs5LUVuTW5NLETIOMk5TUHQThFWEVXPT
U1FLEDrOKk0yTjrQOxA7ECpNKkwqTCIMIkwqTCILGgsqCzJMSw9bkXQTdBR0FFuR
Qs4qSypMKgsqCjJMSs9r0nQUdBRr0luRU1AyTCoLKctCjVtQc9N0E3QTfBN8E3wT
fBNz0mvSY5FbUVMQUxBKz0rOQo46TDILKcopyioLQo1bUGOSa9Jr0mvSa9Nrk2OT
jBOME4wSjBKEEowSjBKMEowSg9KEE4QTjBOME4wTjBOME4wSjBKME4wSjBOUE4xT
jFOUU5RTlFSUVJRUlFOUU5RTjFOMVIxThFOME4xTjFOUk5STlJOUk5STlJOUlJSU
lJSUlJSUlJSUlJSUlJSUlJyUnJWclZSVlJWUlZSVlJWUlZSVlJWUlZSVlJWUlZyV
nJWclZyVnJWUlJRUlJSUlJSUlJSUlJSUlJSUlJSUlJSUlJSUlJSUlJSUlJSUVZSU
lJSc1ZzVpRalF6UXrVitGK0YrRitWK1YrVitWK1YrVitWK1YrVitWK1YrVitWK1Y
rVmtWK1YrVi1WLVYrVitWK1YrVitWK1YrVilF5SWhFWEVYSVfBR0FHQTdBN8VIRU
hFN8EoRTjFSU1pTWjNaEVIRUjJWc1q0YrRitGKTYlJZ8E3PTe9OEE4QUhFSEVIRU
hFN8E3PSc9KEVJzWpRetGK0YrRitGK0YrRitGK0YrRilGJ0YlNaEVHPSfBOMVZzW
pRelF6UYpRilF6UXpRek16TXpNek15zXpNek15zXlJZ8FGORY5BbkGOQY5FjkFuQ
W5B0EoRVlJac1pzXnNaMlYQUdBNsE2PSSw9LEFvSY9Nb0kuQOw8yjTKNQw5TUFNQ
Qs86jjJNUs9rknwUfFV8FGvSW5FTUELPSxBbkluTU1I6jzJNOo0yTDIMMksqCyIL
IgwqDDJLUw9z0nwTfFRz02NRSs8yTDIMMgxCjmNRa9Nr1GPTU1FCzjJMKgsqCzJM
WxBrknPTfBN8E3wTfBJ8E3wTc9NjkVMQOk0yTDIMMgsyCzILMcoxyinLMk1CjltQ
Y5Jr0nPSa9Jz0mvSa5JrkowTjBOMEowSjBKMEowSjBKEEoPShBKEEowSjFKMEoxS
jFKMEowSjBKMEowSjFKMU4xTjFSUVJRUlFSUVJRTlFOUU4wTjFOMU4xTjBOMU5RT
lFSUU5RUlFOUU5RUlJSUlJSUlJSUlJSUlJWUlJSUlJSclJyVnJWclZyUlJSUlJSU
lJWUlJSVlJSUlJyVnJWUlZSVlJWUlZSUlFSUVJRUlFSclZSVlJSUlJSUlJSUlJSU
lJSUlJSUlJSUlJSUlJSUlJSUlJWc1qTXpRelF60YrRitWK0YrRitGK0YrVitWK1Y
rVitWK1ZrVitWK1ZrVmtWa1ZrVmtWa1ZrVmtWa1ZtVmtWa1ZtVm1Wa1ZrRic15SW
lNeU14yWjJWUlpTWlNaU1oyVjJWUlpzXpRilGJzXlJeUlpTWpRetGK0YrRmlGJzX
lJaMloyWjJaMloyXlJeUl5SWlFaMloyVlNadF6UYpRitGK0YrRitGK0YrRitGKUY
pRic2JzXjJaMVYyVnNak16UXpRilF6UXpRelF6UXpRek16TXpRelF6UXpRedF5zW
jJaEVXxUdBN0E3QSdBJ0E3wUhFaMV5SXnNec15zWlNaUloSVhFV0VGOSY5F0E3xU
a9NjkltRW1BTUFNQU1BTUEsQSxBTD1sQa9KEVISVhFV8VXQUY5JKz0sQa9NsFGvT
W1FTEFMQSs86jTJNOo46jjqNMgsyDEsPa9J8VHxVfFRsE1uRU1BLD1NQW5Fr03QU
bBRjkksPMkwqCypMOo1TUWOTc9N0E3QTfBN8E3QTfBN0E3PTa5JTEDpNMgsyCzHL
KgsyDDINOo5Cj0sQU1Fr0mvSc9Jz0nPSc9Jr0muSa9KMEowSjBKMEowSjBKMEowS
jBKMEoQSjBKMEowSjFKMEowSlBKMEowSjBKMEowSjFOUU5RTlFSUVJRUlFSUVJRU
lFOME4xTjFOMU4xTlFOUU5RTlFSUVJRUlFSUVJSUlJSUVJSUlJSUlJSUlJWUlJSU
nJSc1ZSVnJWUlJSUlJSUlJSUlJSUlZSVnJWclZyVnJWclZyVnJWclJSUlJSUVJRU
lJSUlJSUlJSUlJSUlJSUk5SUlJSUlZSUlJSUlZSVlJWUlZzVnNalF60XrRetGK0Y
rRitWK0YrVitWK1YrVitWK1YrVitWK1YrVmtWK1YrVitWK1YrVitWa1ZrVm1WbVY
tVi1WbVZtVmtWK1YpVilGKUYpRic2JzXpRilGKUYpRilGKTXpRetGK0YrVitGKUX
pNelGK1YrVitWK1YpRilF50XnNedF6UXpRelGKUYpRilGKTYnNec16UXrRitGK0Y
rRitGK0YrRitGK0YrRitGK0YpRik15zXnJac1qTXrRelF60YpRelGKUYpRilGKUX
pRelF6UXpRelF6TXpNec15TXjJaMloyWjJaMloyWjJaUlpTXnNec16TXpNec15zW
lNaUlpSWjFWEVIRUhFWElYRVfBR8FHwUfBR8FHQUdBN0E3QTdBN0EnwUjFWMVYxV
jFWEVHwTY5FjkXQTfFR8VHQTdBN0E2ORW1BbUWOSW5JLEELPQo1jkXQTfBSEVXxU
fBR0E2vSa9Jr0nQTfBR0FHQTY5FTD0KOQs5TT1uQa9Jz03PTfBN8E3wTfBN8E3wT
dBN0E2vSW5FTD0LOQo5CzkrPSw9TUFtRW5JjkmuSa5JrknOSc5Jz0nPSa9Jr0mvS
jBKMEowSjFKMEowSjBKMEowSjBKMEowRjFKMU4xThFOMUowSlBKUEowSjBKMU4xS
jFOMU5RTlFSUlJRUlFSUVJRUjFOMU4xTjFOMU4xTlFSUVJRTlJSUlJSUlJOUlJSU
lJOUk5STlJOUk5SUlJSUlZzVnNWclZyVlFWUlZSVlJWUlZSVlJWclZyVnJWclZyV
nJWc1ZzVnJSUlJRUlFSUVJSUlJSUlJSUlJSUlJSUlJSUlJSUlJSUlZSVlJSUlJSV
lJWclpzWpNelF60XrRitGK0YrVitWK1YrVitWK1YrVitWK1YrVmtWa1ZrVmtWa1Z
rVitWK1YrVitWK1YrVitWK1YtVi1WLVYrVitWK1YrVitWK1YrRilGK0ZrVmtWa1Z
rVmtWK0YrVmtWa1ZrVmtWa0ZrRmtWa1YrVitWK1YrVitGK0YrRitGK0YrRitGK0Y
pRitGK0YrRitGK0YrRitGK0YrRitGK0YrRitGK0YrRitGK0YpRilGKUXpRelF6UX
pRelGKUYpRilGKUXpRelF6UXpRelF6UXpRalF6UXpRelFpzXnNec15SXnNec15zX
nNec15zXnNec1pTWlNac1pzWnNaU1pTWjJWMlZSWjJaMloyWjFaMloyWjFaMVYxV
hJWEVYRVhFWEVYxVjFWMVoyWhFWEVXwUfBSEVIRVhFWEVIRVhFR8E3QTdBR0FHQU
a9NjkmPSc9J8FIQUhFSEVIRUhFR8FHwUfBR8FHwUfBR8FHQTY5JbkVuRY9Jr0nPT
fBR8E3wTfBN8E3wTfBN703vTe9Nz02vTY5NjUmNSY1JjUmuSa5JrkmuSc9Jr0nPS
c9Jz0nPSc9Jz0nPSc9Jr0owSjBKMEowShBKEEoQShBKEEoPShBKMEoxTjFKMUoQS
jBKMEowSjBKMUoxSjFKMUoxSjFOUU5RUlFOUVJRUlFSUVIwUjFSMVIxTjFOMU4xT
lJOUU5STnJSUlJSTlJSUlJSUlJSUlJSUlJSUlJSUlJSUlZyVnJWUlZRVlJSUlJSU
lJSUlJSVnJWclZyVnJWclZyVnJWclJyUlJSUlJSTlJSUlJSUlJSUlJSUlJSUlJSU
lJWUlZSVlJWUlZSVlJWclZyVnNalFqUXrRetF60YrRi1GK1YrVitWK1YrVitWK1Y
rVitWK1YrVitWK1ZrVitWK1YrVitWK1YtVitWLVYtVi1WLVZtVm1WbVZtVm1WLVZ
tVm1WbVZtVm1WbVZtVi1WK1YrVitWK1ZtVmtWK1YrVmtWa1ZrVmtWK1YrVitWK1Y
rVitWK1YrVitWK0YrRitGK0YrRilGK0YrRitGK0YrRitGK0YpRitGK0YrRitGK0X
rRitGK0YrRis2KUXrRitGK0YrRitGKUXpRelF6UXpRelF6UXpRelF6UXpRelF6UX
pRelF6TXpNec15zWnNec15zXnNec150XnNec1pzWnNac1pzWnNac1pzWnNaU1pTW
lJaUlpSWlJaUlpSWlJaUlpSWjJaMlpSWlJaUloyVlJaMlYxWjFaMVYRUjFWMlYxV
jFWMFYxVhFWEVYRUhFSEVIRVfBN8FIQUhFSEVIRUhFSEFIQUhBOEFIQUhFSEFIRU
fBR8FHPTc9Nz03PTdBN8E3wTfBN8E3wTdBN0E3QUdBRz03PTc9Nz02vTc9NrkmuS
a9Jr0nPSdBJz0nPSc9Jz0nPSc9Jz0nPSc9Jz0mvSa9GMEowSjBKMEowShBKEEoQS
hBKL04wTjBOME4wTjBOMEoxSjFKMUoxSjFKMUoxSjFOMU4xTlFSUVJRUlFSUVJRU
lFSUVIxUjFOMUoxSjFOUU5RTlFOUU5SUlJSUlJSUlJSUlJSUlJSUVJSUlJWUlJSV
nJWclZyWnJWUlJSUlJSclJSUlJSUlJyUnJWUlZyVnJWclZyVnJWclJSUlFSUVJSU
lJSUlJSVlJWUlZSVlJSUlJSUlJSUlJSVlJWUlZSVnJWclZzWpNalF60XrRetGK0Y
rVitWK1YrVitWK1YtVm1WLVYrVitWK1YrVi1WLVZrVmtWLVYtVi1WLVYtVe1WLVY
tVm1WbVZtVm1WbVZtVm1WLVYtVi1WLVZtVm1WbVZrVitWLVYtVi1WLVYtVitWK1Y
rVitWK1YrVitWa1ZrVmtWa1ZrVmtWK1YrVitWK1YrVitGK0YrRitGK1YrRitGK0Y
rRilGK0YrRitGK0YrRitGK0YrRitGK0YrRis2K0YrRitGK0YpRilF6UXpRelF6UX
pRelF6UXpRelF6UXpRelF6UWpNek16TXpNek16TXpNek15zXnNac1pzWnNac1pzW
nNac1pzWnNac1pzWnNaU1pTWlNeUlpSWlJaUlpSWlJaMlpSVlJaUlpSWlJaUlpSW
lJaMloyWjFaMVYyVjJWMVYxVjFWMVYxVjFWMFIxVjFWEVYRUhFSEVIRUhFSEVIRU
hFSEVIRUhFSEFIRUhBSEFIQUhBSEFHwUfBN8E3wTfBN8E3wTfBN8E3wTfBN8E3wT
dBN0E3QTdBN0E3PTc9Nz03OTc9Jz0nPSc9J70nPSc9Jz0nPTc9JzknOTa5JrkmuS
jBKMEowSjBOME4wTjBKEEovSjBKMEowTjBOME4xTjFKMUoxSjBKMEowSlBKMUpRS
lFOUU5RTlFOUVJRUlFSUVJRUlFSMU4xTjFOEU4xTjFOUVJRUlFSUVZRVlFSUVJRU
lJSUlJSUlJSUlJSUlJSUlZyVnJWclZyVlFWUlJSUlJSUlJSUlJSUlJyVnJWclZyV
nJSc1ZyVlJSUlJRUlJSUlJSUlJSUlJSVnJWUlJSUlJSUlJSUnJSclJyUnJSUlJyV
nNWc1aUWrRetGK0YrRitGa0ZrVmtWa1ZrVitWLVYtVi1WLVYtVm1WbVZtVm1WbVY
tVi1WLVYtVi1WLVYtVi1WbVZtVm1WbVZtVm1WbVZtVm1WbVYtVm1WbVZtVm1WLVY
tVi1WLVYtVi1WLVZtVmtWa1ZrVmtWa1YrVitWK1ZrVmtWa1YrVitWK1YrVitWK1Y
rVitWK1YrVitWK1YrVitWK0YrRilGK0YrRetGK0YrRitGK0YrRitGK0YrRitGKzY
rRitGK0YrRilF6UXpRelF6UXpRilF6UXpRelF6UXpNek16TXpNek16TXpNek15zX
nNec15zXnNec15zXnNec15zWnNac1pzWnNac1pTWlNaUlpSWlJaUlpSWlJaUlpSW
lJaUlpSWlJaMloyWjJaMVYyVjJWMlYyVjJWMlYxVjFWMVYxVjFWEVYRVhFSMVIxU
jFSMVIRUhFSEVIRUhFSEVIRUhFSEVIRUhBOEFIQUhBSEFIQUhBSEFIQUfBR8E3wT
fBN8E3wTfBN8E3wTdBN0E3QTc9Nz03PTc9Nz03PTc9Nzk3PSc9Jz0nPSdBJz0nPS
c9Jz0mvSc9Jz0muSa5JrkowSjBKMEowSjBKMEowShBKEEoPShBKME4wTjBOME4wT
jBOME4QSjBKMUoxSjFKMUoxTjFOUVJxUlFSUVJRUlFSUVIwUjFSMVIxTjFOMU5RT
lFSUVJRUlFSUVJRUlFSUlJSUjJSUlJSUlJSUk5SUlNWclZyVnJWclZRVlFWUlZSV
lJWclZyVnJWc1ZyVnJWclZyVnJWclZyVlJSUlJSUjJSUlJSVlJWUlZSVlJSUlJSU
lJSUlJyUnJWclZyVnJWUlZyVnNalFq0XrRitGK1YrRitWK1YrVitWK1YrVitWK1Z
rVm1WbVZtVm1WbVYtZi1WLVYtVi1WLVZtVm1WbVZtVm1WbWZtVm1WbVYtVi1WLVY
tVm1WbVZtVm1WbVZtVm1mbVZtVm1WbVZtVm1WbVZtVm1WLVYrVitWK1YrVitWK1Y
rVitWK1YrVitWK1YrVitWK1YrVitWK1YrVitWK1YrVitWK0YpRitF60YrRitGKUY
rRitGK0YrRitGK0YrRitGKzYrRitGK0YpRelF6UXpRilGKUYpNilGKUXpRelF6UX
pNek16TXpNek16TXpNec1pzXnNec15zXnNec15zXlNec15zXnNac15zWnNac1pTW
lNaUlpSWjJaUlpSWlJaUlpSVlJaUlpSWlJaUVpSWjJaMloyWjJaMlYyVjJWMlYxV
jFWMVYRVjFSMVYxVjFWMVYwUjFSMVIxUjFOEVIRUhFSEVIRUhFSEFIQUhBSEFYQU
hBOEFIQUfBR8FHwUfBR8E3wTfBJ8E3wTfBN8E3QTfBN8E3wTfBNz0nPTc9Nz03PT
c9Jz0nPSc9Jr0nPSc9Jz0nPTc9Nz0nPSc9JzkmuSa5KMEpQSjBKME4wSjBKMEYQS
hBKEEoQSjBOME4wTjBOME4wSjBKMEoxSjFKMUoxSjFOMU4xTlFOUU5RTlJSUlJRT
lFOUVIxTjFOMU4xTjFOMU5RUlFSUVJRUlFSUlJSUlJSUlJSUlJSUlJSUlJSUlJSU
nJWclZyVnJWclZRVlFWUlZSVlJWclZyVnJWclZyVnJWclZyVlJWUlZRUlFSUVJST
lFSclJSUlFSUlJSUlJSUlJSUlJWUlJSUnJSclJSUnJSclZzWpNetF60XrRitGK0Y
rVitWK1YrVitWK1YrVitWK1YtVi1WbVZtVm1WbVZrVi1WbVYtVi1WLVYtVi1WbVZ
tVm1mbVZtVi1WLVYtVi1WLVYtVm1WbVYtVi1WLVYtVi1WLVYtVm1WbVZtVm1WbVZ
tVi1WLVYtVitWK1YrVitWK1YrVitWK1YrVitWK1YrVitWK1YrVitWK1YrRitGK0Y
rRitGK0YpRitGK0YrRetGK0YrRitGK0YrRitGK0YrRitGK0YrRilGKUXpRilGKUY
pRilGKUXpRelF6UXpRelF6TXpNek16TXpNec16TXpNek1pzXnNec15zXnNeU1pzW
nNaclpzWnNac1pyWnNac1pTWlNaUloyWlJaUlpSWlJaU1pSWlJaUlpSWlJaUlpRW
lFWUVpRWjFWMVYxVjFWMVYxVjFWMVYxVjFSMVYxVjFWEVYRVhFWMVIRUjFSEVIRU
hBSEFIQUhBOEVIQUhBSEFIQUhBSEFHwUfBR0FHwUfBOEE3wTfBN8E3xTfBN8E3QT
fBN0EnQTdBN0E3QTc9Nz03PTc9Nz03PSc9Jz0nPSc9Jz0nPSc9JzknOSa5JrkmOS
jBKMEowSjBKMEowSi9KMEowShBKEEowSjBOME4wTjBOME4wTjBOME4xSjFKMUoxS
jFOMU5RTlFSUlJSUlJSUVJRUlFOME4xTjFOMU4xTjJSUVJSUlFSUU5SUlJSUlJSV
jJSUlJSUlJSUlJSUlJWUlZyVnJWclZSVlJSUlJSVlJWUlZSVlJWclZyVnJWclZyV
nJWc1ZyVlJSUVZRUlFSUVJRUlFSUVJSUlJSUlJSUlJSUlJSUlJSUlJSUlJSUlJyV
nJak1qTWpRetF60XrRitGK1YrVi1WK1YrVitWK1YrVmtWK1YrVi1WLVYtVi1WLVY
tVi1WLVYtVi1WLVYtVi1WLVZtVm1WLVYtVi1WbVYtVi1WLVYtVm1WbVZtVm1WbVZ
tVm1WbVZtVm1WbVZtVi1WLVYtVm1WbVZtVm1Wa1ZrVi1WLVYrRitWK1YrVmtWK1Y
rVitWK1YrVitWK0YrVitGK0YrRitGKUXrRitGK0YrRitF60XrRitF60YrRitGK0Y
rRitGK0YrRilGKUYpRelF6UXpRelF6UXpRelF6UXpRelF6UXpRak16TXnNec15zX
nNec15zXnNecl5zXnNec15zWnNac1pzWnNac15zWnNac1ZTWlNaUlpSWlJaUlpSW
lJaUlZSWlJaUVpRXlJaUlpSWlFaUVpRWlFWMVYxVjFSMVYxVjFWMVYxVjFWMVYwU
jFSEVIRUhFSEVIRUhFOEU4RThFOEVIRUhFSEFIQUhBSEFIQThBN8E3wTfBN8E3wT
fBN8E3wTfBN8E3wUfBN8E3wTe9Nz03PTc9Nz03PTc9Nz03PTc9NzknPSc9Jz0nPS
c9Jz0nPSc9Jr0mvSa9Jr0owSjBKMEoQThBKEEoQShBKEEoPShBKMEowSjBKMEowS
jFKUUpQSjBKMEoxSjFKMUoxSjJOMU5RUlFSUlJSUlFSUVJRUjFSMU4xTjFOMU5ST
lJSUlJSUjJSUk5SUlJSUlJSUlJSUlJSUlJSUlJSUlJWclZyVnJWclZyVlJSUlZSV
lJWUlZyVnJWclZyVnJWclZyVnJWclZSVlFSUVJRUlFSUVJRUlJSUlJSUlJSUlJSU
lJSUlJSUlJSUlJSVlNWclZzWpNek16UYrRitWK1YrVitWK1YrVitWK1YrVitWLVY
tVi1WLVYtVi1WbVYtVi1WLVYtVi1WbVZtVm1WbWZtVm1WbVZtVm1WbVZtVm1WbVY
tVi1WbVZtVm1WbVZtVm1WbVZtVm1WbVZtVm1WbVYtVm1WbVZtVm1WbVZtVi1WLVY
tVi1WLVZrVitWK1YtVitWK1YrVitWK1YrVitWK1YrRitGK0YrRitGK1YrVitGK0Y
rRitGK0XrRetF6zXrRitGK0YrRelF6UXpRelF6UXpRelF6UXpRelF6UXpRelF6UW
pRelF6TWpNek16TXpNek16SXpNec15zXnNec15zXnNec1pzWnNac1pzWnNac1pyW
nJaclpSWlJaUlZSWlJaUlpSWlJaUlpSWlFaUVZSVlJaUVpSWlJaMloyVjJWMlYxV
jFWMVYRVhFWMVoxVjFWMVIxUjFSEVIRUhFSEVIRUhFSEVIRUhBSEFIQUhBSEFIQU
hBSEFIQUhBSEFIQUfBN8E3wTfBN8E3wTfBN8E3wTe9N703vTe9Nz03PTc9Rz03PT
c9Nz03PTc5Jz0nPSc9Jz0nPSa9Jr02vSa9Jr0mvSa5KMEowSjFKMEowSjBKMEowS
jBKD0oQShBKMU4xTjBOME4xSjFOMEowSjBOUEpQSlFKUU5RTlFOUVJSUlJSUlJRU
lFSUU4xTjFOMU4xTjFOMU5STlJOUlJSUlJOUlJSUlJSUlJSUlJSUk5STlJSclJyU
nJWclZyVnJWclZSVlJWUlZSVnJWclZyVnJSclZyVnJWclZyVnJSclJRUlFSUVJRU
nFWUVJSUlJSUlJSUlJSUlJRUlJSUlJSUlFSUlZSVnNWc1qTWpRetGK0YrRmtGK0Y
rVitWK1YtVi1WLVZtVm1WLVZtVm1WLVYtVi1WLUXtVi1WLVYtVi1WbVZtVm1WbVZ
tVm1WbVYtVi1WLVYtVi1WLVYtVi1WLVZtVi1WLVZtVm1WbVZtVm1WbVZtVm1WbVZ
tVm1WbUZtVm1WbVZtVm1WbVZtVm1Wa1YrVitWK1YrVitWK1YrVitWK1YrRitF60Y
rVitWK1YrVitWK0YrRetF60YrRitGK0YrRitGK0YrRitF60XrRetF60XpRelF6UX
pRelF6UXpRek16TXpNek16TWpNek16TXpNek16TXpJek16TXpNek15zXnNac1pzW
nNac1pzWnNac1pzWnNaUlpyWlJaUlZSWlJaUlZSVlJWUlpSWlJaUlpSWlJaUlZSW
lJaMloyWjJWMlYyVjFWMVYxUjFWEVYxVjFWMFYxVjFWMVYxVjFWMVIxUjFSMVIQU
hBSEFIQUhBSEFIQUhBSEFIQUhBSEFHwTfBN8E3wTfBN8E3wTfBN8E3wTfBN8E3QS
fBN8E3wTfBNz03PTc9Nz03PTc9Nzk3PSc9Jz0nPSa9Jr0mvSa9Jr0mvSa9JrkmuS
jBKMUoxSjFKMEowSjBKMEowShBKEEoQSjFOME4wSjBOME4xTjFOMU4xTjFOMU4xT
lFOUU5RUlFSUVJSUlJSUVJRTlFSUVIxTjFOMU4xTjFOUVJSUlJSUlJSUlJSUlJSU
lJSUlJSUlJSUlJSUlJSclZyVnJWclZSVlJWUlZSVlJWUlZyVnJWclZyUnJWc1ZzV
nNWc1ZyVnJWUlJSTlJOUlJSUlJSUlJSUlJSUlJSUlJSUlJSVlJSUlJSUlJSUlJyV
nNalF6UXrRitGK0YrRitWK1YrVi1WLVYtVi1WLVYtVi1WLVYtVi1WLVYtRi1WLVY
tVi1WLVYtVm1WbVZtVm1WLVZtVm1WbVZtVm1WLVYtVi1WLVYtVm1WbVZtVm1WbVZ
tVm1WLVYtVi1WbVZtVm1WbVZtVi1WLVYtVi1WLVYtVi1WLVYrVitWK1YrVitWK1Y
rVitWK1YrVitWK1YrVitWK1ZrVitWK1XrRetWK0YrRetF60XrRitGK0YrRitGK0Y
rRis2KUXpRilF6UXpRelF6UXpRelF6UXpRelF6UXpRelF6UXpNek16TXpNek16TX
pNak1qTWpNac1pzXnNec15zXnNac1pzWnNac1pzWlNaUlpSWlJaUlpSWlJaUlpSW
lJaUVpSWlJaUlZSVlJWUlZSVlJWUlZSVjJSMVYxVjFWMVYxVjFWMVYxVjBWMVYxV
hFSMVYxVjFSMVIRUhFSEVIQUhBSEFIQUhBSEE4QUhBOEE3wTfBN8E3wTfBN8E3wT
fBN8E3wTfBN8E3wTdBJ0E3QTfBN8E3vTc9Nz03PTc9Nz03PTc9Nz03PTc9Nz03PT
c9Nz02vTa9Jr0mvSa9JrkowSjFKME4wTjBOMEoQShBKD0oQSjBKMEowSjBKMEowS
jBKMEowTjBOME4wTjBOMU5RTlFOUU5SUlJOUlJSUlJSUVJRUlFSUU4xTjFOMU5RT
lFSUlJSUlJSUlJSUlJSUlJSVlJSUlJSUlJSUlJSUlJSclZyVnJWclpSWlFaUlZSV
lJWUlZyVnJWclZyVnJWclZyVnJWclZyUlJOUlJSUlJSUlJSUlJWUlJSUlJWUlZSV
lJWUlJSUlJSUlJyUnJSclaTWpRelF60XrRitWK1YrVitWLVYtVm1WLVYtVi1WLVY
tVi1WLVYtVi1WLVZtVm1WbVZtVm1WbVZtVm1WbVZtVm1WbVZtVm1WbVZtVm1WbVZ
tVm1WbVZtRm1WbVZtVm1WbVZtVm1WbVZtVm1WbVZtVm1WLVYtVi1WLVZtVm1WbVZ
tVm1WbVYtVi1WLVZrVitWK1YrVitWK1YrVitWK1YrVitWK1YrVitGK0YrRitGKUY
rRitGK0YrRetF60XrRetGK0YpRilGKUYpRelF6UXpRelF6UXpRelF6UXpRelF6UX
nNek16TXpNek16TXpNak15zXnNec15zXnJec15zXnNec15zXnNac1pzWnNac1pyW
nJaUlZSWlJaUlpSWlJaUlpSWlJaUlpSWlJaUlZSVlJWUlZSVjJWMlYyVjFWMVYxV
jFWMVYxVhBaMVYxVjFWMVYyUhFSEVIRUhFSEFIRUhFSEVIRUhBSEFIQUhBSEFIQT
hBR8E4QThBOEE3wTfBN8E3wTfBN8E3wTfBN8E3wTfBN8E3vTe9J703vTc9Nz03PT
c9Nz03PTc9Nz0nPSc5Jz0nPSa9Jr0mvSa9Jr0mvSa5KMEoQSjBOME4wTjBOME4wS
hBKD0oQSjBKMUowTjBOME4wTjBOMU4xTjFOMUoxTjFOMU5RTlFSUVJRUlFSUVJRU
lFSUVJRTjBOMU4xTjFOUlJSUlJSUlJSTlJSUlJSUlJSUlZSVlJWUlJSUlJSUlJSU
nJSclZyVnJWclJSUlJWUlZSVnNWclZyVnJWclZyVnJWclZyVnJScVJyUlFSUlJRU
lFSUVJSUlJSUlJSUnJWclZyVlJWclZSUlJSUlJyUnNWc1aUWpRetF61XrVitV61X
rVe1WLVYrVitWbVYtVi1WLVYtVi1WbVYtVi1WLVYtVi1WbVZtVm1WbVZtVm1WbVZ
tVm1WbVZvVm1GbVZtVm1WbVZtVm1WbVZtVm1WLVZtVm1WLVZtVm1WbVZtVm1WbVZ
tVm1WbVZtVm1WbVZtVm1WbVYtVi1WLVYrVitWK1YrVitWK1YrVitV61YrVitWK1Y
rVitWK0YrRitGK0YrRitGKUYrRitGK0XrRitF60XrRetF60XrRitGKUXpRelF6UX
pRelF6UYpRilGKUXpRelF6TWpNek16TXpNek16TXpNec15zXnNec15zXnNec15TX
nNec15zWnNac1pyWnJac1pTWlNaUlpSWlJaUlpSWlJaUlpSWlJaUlpSWlJaUloyV
jJWMlYyVjJWMVYxVjFWMVYxVjFWMVYxVjFWMVYxUjFSMVIxUjFSMVIRUhFSEVIRU
hFSEVIRThFOEVHwTfBOEE4QThBOEE4QThBN8E3wUfBN8E3wTfBN8E3vTfBN8E3wT
fBN8E3vTe9N703PTc9Jz03PTc9Nz03PSc9Jz0nPSa9Jr0mvSa9Jr0mvSa9Jr0mvS
jBKMEowSjBKMEowSjBKMEoQSg9KMEowSjBKMEowSjFKMUoxTjFOMU4xTjFOMU5RT
jFOUk5STlJSUlIyUlJSUVJRTlFOUU4wTjFOMU4xTlFOUU5SUlJSUlJSUlJSUlJSU
lJSUlJSUlJSUlJSUlJSU1JTVnNWc1ZSVlJWUlJSUlJSUlZyVnJWclZyVnJWc1ZzV
nNWclZyVlJWUVJRUlFSUlJSUlJSUlJSUlJSUlJyUlJSUlZyUnJSclJyUnJSclJzV
nNWlFqUWrRetF61XrVitWK1YrVitWK1YtVm1WLVYtVi1WLVYtVi1WLVYtZi1WLVZ
tVm1WLVZtVm1WbVZtVm1WbVZtVm1WbVZvVm1WbVZtVm1WbVZtVm1WbVZtVm1WbVY
tVm1WbWZtVi1WLVYtVi1WLVYtVi1WLVYtVi1WLVYtVi1WLVYtVi1WLVYrVitWK1Y
rVitWK1YrVitWK1YrVitWK1YrVitWK1YrRitGK0YpRetGK0YrRitGK0YrRitF60X
rRetF60XrRelF6UXpRelF6UXpRelF6UXpRek16TXpNek15zXpNek16TXpNek16TX
pNek16SXnNec15zXnNec1pzWnNac1pTWlJaclpzWnNaclZSWlJaUlpSWlJaUlpSV
lJWUlZSVlJWUlpSWlJaUlpSWjJaMloyVjJWMlYyVjJWMVYxVjFWMVYxVjFWMVYxV
jFSMVYxVjFWMVIRUhFSEVIRUhFSEVIRUhFSEE4QThBOEE4QThBOEE3wTfBN8E3wT
fBN8E3vTfBN703wTfBN8E3wTfBN703vTc9Jz0nPSc9Jz03vTc9Jz0nPSc9Jz0nPS
c9Fz0nPSc9Jr0mvSa9Jr0owSjBKMEowTjBKMEoQShBOEE4QShBKEE4wTjBKMEowS
jFKMUowSjBKME4xTjFOUU4yTlFOUlJRVlFWUVZRUlFSUU5RTjFOMU4xTjFOMVJRU
lJSUlJSUlJSUlZSUlJSUk5yUlJSUlJSUlJSUlJSUnJSclZzVnNWclZyVlJWUlZSV
lJSclZyVnJWclZyVnNWc1ZyVnNWclZyVlFSUlJSUlJSUVJRUlJSUlJSUlJSUlJSU
lJSUlJyUnJSclJyUnNWc1Z0VpRatF60XtRi1GLVYtVi1WK1YtVi1WLVYtVi1WLUY
tVi1WLVYtVi1WLVYtVi1WbVZtVi1WLVYtVi1WLVYtVm1WLVZtVm1WbVZtVm1WLVY
tVi1WLVYtVi1WbVZtVm1WbVZtVm1WbVYtVi1WLVYtVi1WLVYtVi1WLVYtVm1WbVZ
tVm1WbVZtVm1WLVYrVitWK1YrVitWK1YrVitWK1YrVitWK1YrVitWK1YrRmtGK0Y
rRitGKUXrRetF60XrRes160XrRitGK0YpRilGKUXpRelF6UXpRelF6UXpNak16TX
pNek15zXpNek16TXpNec1pzWnNec15yWnNac1pzWnNac1pzWnNac1pzWlJaU1pTW
lNaUlpSWlJaclpSWlJaUlpSWlJaUlZSVlJWUlZSVlJaUlpSWlJWUlZSVjJSMVYxV
jFWMVYxVjFWMVYxUjFSMVIxUjFSMVIRUhFSEU4RUhFSEVIQThBSEFIRUhBSEFIQU
hBSEFIQUhBR8E3wTe9N8E3wTfBN8E3wTfBN0E3QTdBN0E3PTc9Nz0nPSc9Jz0nPS
c9Jz02vSa9Jr0nPSc9Jz0nPSc9Fz0nPSc9Jr0muSa5KUEpQSjBKMEowTjBKMEowS
jBKEEoQSjBKME4wSlFOMEowSjBKMEowSjBKME4xTjFOUU5RTlFSUVJRUlFSUVIxU
jFSMU4xTjFOMU4xTjFSUlJSUlJSUlJSUlJWUlJSUlJSUlJSUlJSUlJSUlJWUlZyV
nJWc1ZzVlJSUlJSUnJSclJyUnJSclZyVnJWclZyVpJWclZyVnJWclZRVlFSUVJSU
lFSUlJSUlJSUlJSUlJSUlJSUlNWUlZSVlJWUlZyWnNWk1q0WrRetF61YrVitWK1Y
tVi1WLVYtVi1WLVYtVi1WLVYtVi1WLVYtVm1WbVZtVm1WbWZtVm1WbVZtVm1WbVZ
tVi1WbVZtVm1WbVZtVm1WLVYtVm1WbVZtVm9WbVYtVi1WbVZtVm1WbVZtVm1WbVZ
tVm1GbVZtVm1WbVZtVm1WbUZtVi1WLVYtVi1GLVYtVm1Wa1ZrVitWK1YrVitWK1Y
rVitWK1YrVitGK0YrRitF6UXrRetF60XrRetF60XrRis16UXrRelF6UXpRelF6UX
pRelF6UXpNek16TXpNek15zXpNek16TXpNek15zWnNec15zXnNec1pzXnNec1pyW
nNac1pzWnNac1pTWlJaU1pTWlJaUlZSWlJaUloyWlJaMlpSWjJaUlpSWjJWUloyW
jJWMlYyVjJWMlYxVjFWMVYxVjFWMVYxVjFWEVYxVjBWMVYxVjFWEVYRUhFSEVIRU
hFSEVIQUjBSEFIQUhBSEFIQUfBSEFHwTfBN8E3wTfBN8E3wTfBN8EnwTfBN8E3wS
fBN8E3PTc9Nz03PTc9Nz03PTc9Nz0nPSc9Jz0nPTa9Nr03OTc5JzknPSc5Fr0mvS
jBOMEowSjBOEE4wTjBOMEoPShBKEEowSjBOME5QTlBOUE4xTjFOMU4xTjFOMU5RT
lFOUU5RTlFOUVJRUlFSMU5RUlFSUVIxTlBOUU5RUlJSUlJSUlJOUlJSTlJSclJSV
lFWUVZSUlJSUlJSUnJWc1ZzVnNWc1ZSVnJSclZyUnJSclZyVnJWclZyVnJWclZzV
nNWU1ZTVlJWUVJRUlFSUU5STlJSUlJSUlJSUlJSUlJSUlJyUnNSUlJSUlJWc1ZzV
pRalF60YrRetGK1YrVitWK1YtVi1WLVYtZi1WLVYtVi1WLVYtVi1WLVYtVi1WLVY
tVi1WbVZtVm1WbVZtVm9WbVZtVm1WbVZtVm1WrVZtVm1WbVZtVm1WbVZtVm1WLVY
tVi1WLVYtVi1WbVYtVm1WbVZtVm1WbVZtVm1WbVZtVm1WLVYtVi1WLVYtVi1WLVY
rVitWLVYrVitWK1YrVitWK1YrVitWK1YrRitGK0YrRilF60XrRitGK0YrRitGK0X
rRitGK0YrRelF6UXpRelF6UXpNelF6TXpNek16TXpRek15zXpNek16TXpNek15zX
nNec15zXnJec15zXnNec1pzWnNac1pzWnNecl5SWlJaUlpSWlJaUlpSWlJaUlpSW
lJaMlpRWlJaUlpSVlJWUlYyVjJWMlYxVjFWMVYxVlFWMVYxVjFWMVYRVjFWMVYxU
jFSMVIRUhFSEVIRUhFSEVIRUhBSEFIQUhBSEFIQUhBSEFIQUfBR8E3wTfBN8E3wT
fBN8E3wTdBJ8EnwTfBN8EnvTfBN703PSc9Nz03PTc9Nz03PSc9Jz0nPRc9Jz0nPS
a9Jz0mvSa9Jr0muRa5JrkpQSjFKMEowSjBKMEowTjBOEE4QSjBKUEpQSlBKUE4wT
jBOME4wTjBOME4xTjFOMU4xTlFOUVJRUlFSUlJSUlJSUVIxTjFOMU4xTjFOMVJRU
lFSUlJSUjJSUlJSUlJSUlJSUlJSUlJSVlJSUlJSVnJWc1ZzWnJWUlJSUlJSUlJyU
nJSclJyUnNSc1JzVnNWc1ZzVnNac1ZSUlJSMVJRUlJSUlJSUlJSUlJSUlJWUlZSV
lJSclJyVnJWUVJSVnNWc1aUWpRatV60XrVi1WLVYrVmtWK1YtVi1WLVYtVi1WLVY
tVi1WLVYtVi1WLVYtVi1WLVZtVm1WbVYtVi1WLVYtVi1WLVYtVm1WbVZrVm1WbVZ
tVi1WbVZtVm1WbVZtVm1WLVYtVm1WLVYtVm1WLVZtVm1WbVZvVm1WbVZtVm1WbVZ
tVm1WLVYtVi1WLVYtVi1WK1YrVitWK1YrVetWK1YrVitWK0YrRitGK0XrRetV61Y
pRitGK0YrRetF60XrRetF60XrRetF60XpRelF6UXpRelF6UXpRelF6UXpRek15zX
pNek16TXpNek16TXpNak16TXpNek15yXnNac1pzWnNac1pTWnNac1pzWnNeclpSW
lJaUlZSWlJaUlpSWlJaMlpSWlJWUlZSWlJaUlpSWlJaUlpSWjFaMVYxVjFaMVYxV
jFWMVYRVjFWMVYxVjBWMVYxUjFSMVIxUhFSEVIQUhBSEFIQUhBSEE4QUhBSEFIQU
hBSEFIQUfBN703wTfBN8E3vTfBOEE3wTfBN8E3wTdBN0E3QTdBN0E3PTa9Nz03PT
c9Nz03PSc9Jz0nPSc9Jz0nPSc9Jr0nPSa9Jr0WvSa9KME4wTjBOMEowSjBKMEowS
jBKEEoQShBKMEoxTjBOME4wTjFOMU4xTjFOMU4xTjFOUU5RTlFOUU5RUlJSUlJSU
lFSUVJRTjFSMVIxUjFSUlJSUlJSUlJSUlJSUlJSUlJSUlJSUlJSUlJSUlJSUlJyU
nJWclZyVlJWUlJSUlJSUlJSVnJWclZyVnNWc1ZzVnNWc1pzVnJWclZRUlFOUVJRU
lJSUlJSUlJSUlJSUlJSUlJSUlJSclJyVnJSclZzVpNWlFqUXpRetGK1YrVitWK1Y
rVi1WLVYtVi1WLVYtVi9mLVYtVi1WbVZtVm1WbUZtVm1WbVZtVm1WLVZtZi1WLVY
tVi1WL1YtVi1WbVZtVm1WbVZtVm1WbVZtVm1WbVZtVm1WbVZtVm1WbVZtVm1WbVZ
tVm1WbVZtVi1WbVZtVi1WbVZtVm1WbVZtVi1WLVYtVi1WK1YrVitWK1YrVitWK1Y
rVitWK1YrRitWK0XrRetF60YrRitGK0XrRetF60XrRetGK0YrRetF6UXpRelF6UX
pRelF6UYpRelF6UXpNek15zXpNek16TXpNek16TXpNek16TWpNac1pzWnNac1pzW
nNac1pzWnNac1pzWnNWclpSWnJaclpSWlJaUlpSWjJaUlpSVlFWUlpSWlJaUlpSW
jJWMlYyVjJWMVYxVjFWMVYxVjFSMVYxUjFSMVYwVjFSMVIxUjFSMVIRUhFSEVIRU
hFSEU4RUhFSEFIQUhBSEFIQUhBR8FHwUfBN8FHwTc9N8E3wThBN8E3wTfBN8E3wT
fBN703PTc9Nz03PTc9Nz03PTc9Nz03PSc9Jz0nPSc9Jz0nPSc9Jz0nPRa9FrkmuS
jBOME4wThBOME4wTjBKMEowSjBKMEowSjBOME4wTjFOMU4xTjFOMUoxTjFOMU4xT
jFSUk5RUlJSUk5SUlJSUlIxUjFSMVIxUjFOMUoxTlFOUlJSUlJSUlJSUlJOUlJSU
lJSUlJSUlJOUlJSUlNSc1JzVnNWc1ZSUlJSUlJSUlFWUlZRVlJWclZyVnJWc1ZzV
nNWc1ZyVnJSUVJRUlFOUVJxUnFSUVJRUnJWUlZSVnJWclJyVnJWUlZyVnJWclaTW
pNalF60YrRitGK1YrVitWLVYtVi1WLVYtVi1WLVYtZi1WLVZtVi1WLVYtVi9WLVY
tVi1WLVYtVi1WLVYtVi1WL1YtVm1WbVZtVm1WbVZtVm1Wb1ZtVm1WbVYtVm1WbVZ
tVm1WbVZrVm1WbVZtVm1WbVZtVm1WbVZvVm1WLVYtVi1WLVYtVm1WbVZtVm1WbVY
tVi1WK1YrVitWK1ZrVitWK1YrVitWK0YrRitGK0YrRitGK0YrRitGK0YrRitGK0Y
rRitGK0YrRelF6UXpRelF6UXpRelF6UWpRalF6TXnNek16TXpNek16TXpNek16TX
pNak1pzWnNac1ZzWnNaclpzXnNac1pyWnJaclpyWlJaUlZSWlJaUlpSWlJaUVpSW
lJaUlpSWlJaUlpSWjJaMloyWjJaMlZSVjJSMVIxUjFSMVIRUjFSMVIxUjFSMVIxU
jFSMVIxUjFSMVIRUhBSEFIQThBOEVIRUhFSEFIQThBN8E3wTfBN8E3wTfBN8E3wT
fBN8E3wTdBN703vTe9N0E3QTdBNz0nPTc9Jz0nPTc9Nz02vSc9Jz03PTc9Nz03PT
c9Jr0mvSa9Jz0muSa5JjkowSjBKME4wTjBOME4wTjBOME4wTjBKME4wTjBKMUowS
jBKMU4xTjFOMU4xTjFOMU5RUlFOUU5SUlJSUlIyUlJSMVJRTjFOMU4xTjFOMU4xT
lJSUlJSUlJSUlJSUlJSUk5SUlJSUlJSUlJSUlJSUnJSc1ZzVnNWU1ZyVlJSUlZSV
lJWUlZyVnJWclZyVnNWc1ZzVlNWc1ZyUlFSUVJRUlFScVJRUlFSUlJSUlJSUlJSU
nJSclJyVnJWclZyVnJWk1qTWpRetGK0YrVi1WLVYtVi1WLVYtVi1WLVYtVi1WLWZ
tVi1WLVYtVi1WL1YtVi1WLVYtVi1WLVYtVi1WL1YtVi1WLVYtVi1WLVYtVm1WbVZ
tVm1WbVZtVm1WLVYtVi1WLVYtVm1WbVZtVm1WbVZtVm1WbVYtVi1WLVYtVi1WLVY
tRi1WLVYtVi1WLVYtVi1WLVYtVi1WK1YrVitWa1YrVitWK1YrRitGK0YrRitGK0Y
pRitGK0YrRetF60YrRitGK0XrRetV60XpRelF6UXpRelF6UYpRelF6UXpNek15zX
pNek16TXpNek16TXpNek15zXnNec15zXnNeU1pzWnNac1ZzWnNac1pyWnJaclpyW
lJaUlpSWlJWUlZSVlJWMlZSWlJaUlpSWlJWUlZSVlJaMlYyVjJWMlYxVjFSMVIxV
jFWMVYxVjFWEVYxUhFSMFYxVhFSEVIRUhFSEVIRUjFSEVIRUfFSEU3xUhBSEFIQU
hBSEFHwUfBN8E3vTfBN8E4QTfBN8E3wTfBN8EnQTdBN8E3PSc9Nz03PTc9Nz03PT
c9Nz0nPSc9Jz0nPSc9Jz0nPSc9Jz0nPSa9JrkmuSa5KMUoxTjBOME4wTjBOME4wT
jBOMEoQSjBKMEowTjFOME4wTjFOMU4xTjFOMU4xTjFOMk5RUlJSUlZSUlJSUlIxU
lFSUVJRUlBSMVIxTjFSUVJSUlJSUlJSUlJSUlJSUlJOUlJSUlJSUlJSUlJSUlJyU
nJWc1ZzVlJWUlZSUlJSUlZSUnJWclZyVnJWclZzVnJWc1ZzVnJWclZSUjFSUVJRU
lFSUlJSUlJSUlJSUlJSUlJyUnJSclZyUnJWclaTVpNatFq0XrRetV61YrVitWLVY
tVi1WbVZtVm1WbVZtVm1mbVZtVi1WLVYtVi1WLVYtVi1WLVYtVi1WbVZtVm1WbVZ
tVm1WLVYtVm1WLVYtVi1WLVYtVi1WbVZtVm1WbVZtVm1WbVZtVm1WbVZtVm1WbVZ
tVi1WLVYtVm1WLVZtRm1WbVYtVi1WLVYtVi1WLVYtVi1WLVYrVitWK1YrVitWK1Y
rVitGK0YrRitGK0YrRitGK0YrRitGKUXrRetF60XrRetF60WrRetF6UXpRelF6UX
pRelF6UXpRelF6UXpNec16TXpNek16TXpNak1qTWpNec1pzWnNac1pzWnJac1pzW
pNac1pzWnNac1pyWnJaclpyWlJaUlpSVlJWUlZSVjJWUlZRVlJWUlZSVlJWUlpSW
lJaMlYxVjFWMVYxVjFWMVYxVjFWMVYxVhFWEVYRVhFWEVYRUhFSEVIRUjFSEVIQU
hBSEFIQThBSEFIQUhBSEE4QThBOEE4QTfBN8E3wTfBN0E3wTfBN8E3wTfBN0E3QT
dBN0E3wTc9Nz03PTc9Nz03PSc9Jz0nPSc9Jz0nPSc9Jz0nPSc9Fr0XPSc5JrkmuS
jFKMUowTjBOME4wThBOEE4QThBOME4wTjBKMEoxTjFOME4wTjFOMU4wTjFOMVIxU
jFSUVJRUlJSUlJSUlJSUVJRUlFSUVIxUjFSMU4xUlFSUVJSUlJSUlJSUlJSUlJSU
lJSUlJSUlJSUlJSUlJSclJyVnNWclpSVnJWUlZSVlJWc1ZyVnJWclZyVnJWclZyV
nJWclZyVlJWUVIxUlFSUVJRUlFSUVJSVnJWUlJSUlJSUlJyUnJSclJyVnJWc1aTW
pRatF60XrVetWK1YrVi1WLVYtVi1WLVYtVi1WLVYtVi1WLVYtVm1WL1ZtVm1WbVZ
tVm1WbVZtVm1WbVZtVm1WLVYtVi1WLVYtVi1WLVYtVi1WLVYtVm1WbVZtVm1WbVZ
tVm1WbVZtVm1Wb1ZtVm1WbVZtVi1WLVZtVm1GbVZvVm1WbVZtZi1WLVYtVi1GLVY
rVitWK1YrVitWK1YrVitWK1YrVitWK1YrRitGK0YrRitGK0YrRitF60XrRetF60X
rRetF60XrRetF6UXpRelF6UXpRelFqUXpRelF6UXnNek16TXpNek1qTWpNak1qTW
pNaclqTWnNac1pzWnNac1pzWnNac1pzWnNaU1ZSWlJaUlpSWnJaUlZSWlJaUlpSV
lNaUlZSVlJWUlYyVjJWMlYyVjJWMVYxVjJWMlIxVjFWMVYxVjFWMVYwVjFWMVYxU
jFSMVIxUjFSMVIxUjFSEFIQUhBR8E4QUhBSEFIQUhBSEE4QThBOEE4QTg9N8E3wT
fBN8E3wTe9N703wTfBN0E3QTc9Nz03PTc9Nz03PTa9Nz03PTc9Nz03PTc9Nz0nPS
c9Jr0mvSa9JrkmuSa5JrkowSjBKMEowTjBOME4wTjBKMEowSjBKMEowSjFKMUoxS
jFOMU4xTjFOME4xTlFOUU5RUnFSUVJRUlJSUlJSUlJSMk5RUlFSUU4wUjFSMU5RU
lJSUlJSUlJSUlJSUlJSUlJyUlJSUlJSUlJSUlJSUnJSclZzVnJaclpyVnJWUlZSV
lNWclZyUnJWclZyVnNWclZyVnJWclZyVlJSUVJRUlFSUVJSUlJSclZyUnJSclJyU
nNSclJyUnJWclKSVnNWlFaUXrRetV61XtVe1V7VYtVi1WLVYtVi1WLVYtVi1WLVY
tVi1WLVZtVi1WLVZtVm1WbVZrVm1WbVZtVm1WbVYtVi1WLVYtVm1WbVZtVm1WbVZ
tVi1WLVYtVi1WLVYtVm1WbVZtVm1WbVZtVm1WbVZtVm1WbVZtVm1WbVZtVm1WbVZ
tVi1WLVYtVi1WLVYtVi1WLVYtVi1WLVYrVitWK1YrVitWK1YrVitWK0YrRilGK0Y
rRitGK0YrRitGK0XrRetF6zXrRitGK0YrRilF6UXpRelF6UXpRelF6UXpRek16TX
pNek16TXpNak16TXpNek16TXnJec1pzWnNac1pzWnNac1pzWnNac1pyVnJaclpSW
lJaUlpSWlJaUlpSWlJWUlZSVlJWUlpSVlJWMlZSVjJWMlYyVjFWMVYxVjFWMVYxV
jFWMVYxVhFSMVIxUjBSMVIxUhFSEVIRUhBSEFIQUhBSEFIRUhBSEE4QTfBOEE4QT
hBOEE4QUhBR8FHwUfBN8E3wTfBN8E3wTfBN8E3wTfBN0E3PSc9Nz03PTc9Nz03PT
c9Nz03PTc9Nz03PTa9Jr0mvSa9Jr0mvSa9JjkmuSY5KUEowSjBKME4wThBOEE4wT
jBOME4QSjBKUEoxSlFKUU4xTjFKMUoxSjFKMUoxTlFOUU5SUlJSUlJSUlJWUlZSU
lJSUU5RTlFOMU5RUlFSUVJRUlJWUlJSUlJSUk5SUnJSUlJSUlJSUlJSUlJSUlJyU
nJWc1ZzVnJWUlJSUlJSUlJyVnJWclZyVnJWclZzVnJWclZyVnJWclZSUlJSUlJRU
lFOUVJyUnJSclJyUnJSclJyUnJSclJyUnNSk1aTVpRalF61YrVi1WLVYtVi1WbVY
tVi1WLVYtVm1WbVZtVm1WbVZtVm1mbVZtVm1GLVYtVi1WLVZtVm1WbVZtVm1WLVY
tVi1WLVYtVm1WLVZtVm1WbVZtVm1WbVZtVm1WLVZtVm1WbVZtVm1WbVZtVm1WLVY
tVi1WLVYtVi1Wb1ZtVm1GbVYtVm1WbVZtVi1WLVYtVi1WLVYtVi1WLVYtVitWK1X
rVitWK1YrVitWK0YrRitGK0YpRitGK0YrRitGK0YrRetGK0XrRetF60XpRelF6UX
pRelF6UXpRec16TXpNek16TXpNek16TXpNek16TXpNek15zXnNec1pzWnNac1pzW
nNac1pzWnNaclpzWnJaclpyWnJaUlpSWlJaUlpSWlJaUlpSWlJWUlZSVlJWUlZSV
jJSUlYyVjFWMVIxVjFWMVYxVjFWMVYxVjFWEVYxVjFWMVYxVjFSMVIRUhFSEVIRU
hFSEFIQUhBSEFIQUhBSEFIQThBOEE3wTfBN8E3wTfBN8E3wTfBJ8EnQSdBN0EnQT
dBN0E3PTc9Nz03PTc9Nr03PTc9Jz03PTc9Nz02vTa9Nr0mvSa9JrkmuSa5JrkmuS
jBKMEowSjBOUE4wSjBKMEowSjBKEEowSjBOME4xTjFOUUoxSjFKMUoxTjFOMU4xT
jFSUVJSUlJSUlJSUlFSUVJSUjFSMVIxUjFOMU5RTlFOUVJSUlJSUlJSUlJSUlJSU
lJSUlJSUlJSUlJSUnJSc1JzVnNWc1ZTVlJSUlJSVlJSclZyVnJWclZyVnJWc1ZyV
nNWc1ZyVnJWUVJRTlFOUU5xTlJOUlJSUlJSclJyUnJSclJyUnJSclZyVpJWk1q0W
rRetV60YrVitGK1YrVi1WLVYtVi1WLVYtVi1WLVYtVm1WbVZtVm1WbVYtVi9WLVY
tVi1WbVZtVi1WLVYtVi1WLVYtVi1WLVYtVi9WL1YtVm1WbVZtVm1WbVZtVm1WbVZ
tVm1WbVZtVi1WLVYtVi1WLVYtVi1WLVYtVi1WLVYtVi1WLVYtVi1mLVYtVi1WK1Y
rVmtWK1ZrVmtWK1YrVitV61YrVitWK1YrVitWKVXrVetF60XrRetF60XrRetF60X
rRetF60XrRetF60XrRelF6UXpRelF6UXnNek16TXpNek1qTXpNak1qTWpNek16TX
pJek15zWnNac1pzWnNac1pzWnNac1pyWnJaclZyWnJaclpyWlJaUlpSWlFaMlpSW
lJWUlZSVlJWUlZSVlJWUlYyUjJWMlYxVjFWMVYxVjFWMVYxVjBWMVYxVhFSMVIxU
jFSMVIxUhFSEVIRUfFSEVIRUhFSEFIQThBOEE4QThBOEE4QThBOD1HwUfBN8E3wT
fBN8EnwSfBJ8EnwSdBJ0E3QTdBN0E2vSc9Jz0nPSc9Jz0nPTa9Nz03PTc9Jz0nOS
c9JrkWuRa5JrkmuSa5JrkYxTjFOME4wTjBOME4wTjBKMEoQShBKME4wTjBOME4xT
jFOMU4xTjFOMU4xTlFOUk5RTlFSUlJSUlJSUlJSUlJSUVJRUlFSUVIxUjFSUVJRU
lJSUlJSUlJSUlJSUlJSUlJSUlJSUlJSUlJSUlJSUnJWclZyVnJWclZyVnJWUlZTV
lJWclZyVnJWclZyVnJWclZyUnNWclJSUlFSUVJRUlFSUVJSUlJSUlJSUnJSclJyU
nJSclJyUnJWclZyVpNak160XrRitGK0YrRi1WbVYtVi1WLVYtVi1WLVYtVi1WLVY
tZi1WLVYtVi1WLVYtVi1WbVZtVm1WbVZtVm1WbVZtVm1WbVZtVm1WbVZtVi1WLVZ
tVm1WbVZtVm1WbVYtVi1WLVYtVi1WLVYtVi1WLVYtVi1WLVYtVi1WLVZtVm1WbVZ
tVi1WbVZtVm1WbVYtVi1WLVYtVitWK1YrVitV61YrRitGK1YrVitWK0YrRitF60X
rRelGK0XrRetF60XrRetF60XrRetF6UXpRelF6UXpRelF6UXpRek16TXpNek15zW
pNak1qTWpNek1qTWpNak1qTWpNak1pzWnNac1pzWnNaclpSWnJWclpyWnJaclpyW
nJaUlZSVlJaUlpSVlJaMlZSWlJaUlpSWlJaUlZRVlFWUVZRVlFWMVYxVjFWMVYxU
jFSMVIxUjBSMVYxVhFWEVYRVhFSEVIRUhFSEVIRUhFSEVIQUhBSEFIQUhBSEE4QT
hBSEE4QTg9N8E3wTfBN8E3wTfBN8E3wTfBN8E3wTdBNz03PTc9Nz03PTc9Nz0nPS
c9Jz0mvSa9Jz0nPSc9Jz0nPSc9Fz0muSa5JrkmuSa5KMEowSjBKMEowTjBOMEowS
jBKEEoQSjBKME4wTjBOMVIxTjFOMU4xTjFOMU5RUlFOUU5STlJSUlJSUlJSUlJST
lJSUlJRUlFSMVIxTjFOUk5SUlJSUlJSUlJSUlJSUlJSUlJSUlJSUlJSUlJSUlJyU
nJWc1ZyVnJWclZSUlJWclZyUnJWclZyVnJWclZzVnNWc1ZzVnNWclZSUlFOUU5RU
lFSUlJSUlJSUlJSUnJSclJyUnJSclJyVnJWclqTWpNetF60YrRitGLVYtVi1WLVY
tVi1WLVYtVi1WLVYtVi9WLVYtVi1WLVZtVm1WbVZtVm1Wa1ZtVm1WbVZtVm9WbVZ
tVm1WLVYtVi1WK1YtVi1WLVYvVi1WbVYtVi1WLVYtVitWLVYtVm1WLVYtVi1WLVY
tVi1WLVZtVm1WLVYtVi1WLVYtVi1WbVZtVm1WLVYtVi1WLVYrVitWK1YrVitWK1Y
rRitGK0YrVitV61XrRetGK0YrRitGK0YrRitGK0XrRetF60XrNelF6UXpRelF6UX
pRelGKTXnNek16TXpNek16TXpNec15zXpNek16TXpNekl5zXnNac1pzWnNac1pzW
nNac1pyWnJaclpyWlJaUlpSVlJaUlZSVlJWUlYyVlJWUlZSVlJWUlZSVlJWUVZRV
lFWUVYxVjFWMVIxVjFWMVYRUjFSMVIxUjFSMVIxUjFWEVYRUhFSEVIRUhFSEVIRU
hBSEFIQThBOEE4QTfBN8E3wThBOEE4QTfBN8E3wTfBN8E3wTfBN8E3wTe9N703vT
e9Nz03PTc9Nz03PTc9Nz0nPSc9JzknPSa9Jr0mvRc9Jr0mvSa9JrkmuSa5JrkmOR
jBOME4wTjBOMEowTjBOME4wTjBOME4wTjBOME4wTjBOUU5RTlFKMUoxSjFKMU4xT
lFOUU5RUlJSUlJSUlJSUk5STlFSUVJRUjFSMVIxUlFSUlJRUlJSUlJSUlJSUlJSU
lJSUlJSUlJSUlJSUnJSclJyVnNWc1ZyVnJWclJxUnJWclZyUnJWclZzVnNWc1ZzV
lNWc1ZzVlJSUlJSUlJSUlJSUlJSUlJSUlJSUlJSUnJWclZSVnJWclZyVnJak1qzX
rRi1GK0YrRi1WLVYtVi1WbVYtVi1WLVYtVi9WLVYtVm1Wb1ZtVi1WLVYtVi1WbVZ
tVm1WbVZtVm1WbVZtVm1WbVZtVm1Wa1ZtVm1WbVZtVm1WbVZtVm1WLVZtVm1WbVZ
tVm1WbVZtVm1WbVZtVmtWbVZtVm1WbVZtVm1WbVZtVi1WLVYtVi1WLVXtVi1WLVY
tVitWK1YrVitWK1YrVitWK0YrVitV61XrVetV60XrRetF60XrRetF60XrRetF60X
rRetF60XrRetF6UWpRalF6UXpRelF6TXpNek16TXpNek16TXpNek1qTWpNac1pzW
pNak1pzWnNac1pzWnNac1pyWnJaclpyWlJaclpyWnJaUlZSWlJaUlpSWlJaUVpSW
lFaUVZRVlFWUlZSVlJWUVZSVjFWMVYxVjFWMVIxVjFWMVYxVhFWMVYxVjFWMVYxV
jFWEVIRUhFSEVIRUhFSEVIRThBSEFIQUhBSEE3wTfBN8E3wTfBN8E3wTfBN8E3wU
fBN8E3wTfBN703vTe9N703vTc9Nz03PTc9Nz03PTa9Nz02vTa9Nr02vSa9Jr0mvS
a9Jr02vSa9Nr0mvRa5JrkYxSjFKME4wTjBOME4wTjBOME4wTjBOME5RTjFOMU4wT
lBOUE5QTlFOUE5QTlFOUU5RTlJOUlJyUlJSUlJSUlJSUlJRUjFSMVIxUjFSMVJRU
lFSUVJSUlJSUlJSUlJSUVJSUlJSUlJSUlJSUlJyUnJWk1ZzVnNWU1ZSVlJWclZyV
nJWclZyVnNWc1ZzVnNWc1ZzVlNWc1ZyVlJSUlJRUlFSUVJRUlJSclJyUnJSclJyV
nJWclZyVnJaclqTWpNetF60XrRetWLVYtVi1WLVYtVm1WLVYtVi9mLVYtVi1WLVY
tVi1WLVYtVi1WLVYtVm1WbVZtVm1WLVYtVi1WbVZtVm1WbVZtVmtWLVYtVm1WbWZ
tVm1WbVZtVi1WLVYtVm1WLVYtVi1WLVYtVi1WbVZtVm1WbVZtVm1WLVYvVi1WLVY
tVi1WLVYtVi1WLVYtVi1WK1YrVitWK1YrVitWLUYtRi1GK0YrRitGK0XrRetF60X
rRetGK0XrRetF60XrRetFq0XrRes160XrRelF6UXpRelF6UXpRelF5zXpNak1qTX
pNek16TXpNek16TXpNak1pzWnNac1pzWnNac1pzWnNac1pzWnNaclZyWnJaclpyW
lJaUlpSWlJaMVpSWlJaUlpSVlJWUlZSVlJWUVZRVlFWMVYxUjFWMVYxVjFWMVYxV
jFWEFYxVjFWMVIxUjFSMVIxUjFSMVIRUhFSEVIQUhBOEFIQThBOEFHwUhBN8E3wT
fBN8E3wTfBN8E3wTfBN8E3wTdBN8E3vTfBNz03PTc9Nz03PTc9Nr03PTc9Nz03PS
a9Jz0mvSc9Nr0mvSa9Jr0mvSa9Jr0mvSa9Jr0mvSa5KMUoxTjFOMU4xTjBOME4wT
jBOME4wTjBOME4wTjBOMU4xTlFOUU5RTlBOUE5QTlBOUUpRTlJSUlJSUlJSUlJSU
lJSMlJRUlFSUVIxUlFSUVJSUlJSUlJSVlJSUVJRUlJSUlZSUlJSUlJSUlJSclJyU
nNWc1ZzWlJWUlZSVnJWclZyVnJWclZyVnNWc1pzVlNWclZyVnJWclJRUlFSUVJRU
lFSUlJSUnJSclJyUnJSclJyUnJSclZyVnJWk1qTWpRetF7UXtRe1GLVYtVi1WLVY
tVi1WLVYtZm1WbVYvVi1WLVYtVi1WLVYtVi1WLVYtVi1WLVYtVm1WbVZtVm1WbVZ
tVm1WLVZtVm1WbVYtVm1WbVZtVm1WbVZtVm1WLVYtVi1WLVYtVi1WLVZtVm1WbVZ
tVm1WbVZtVi1WLVYtVi1WLVYtVi1WLVYtVi1WLVYtVi1WLVYtVitWK1YrVi1WLUY
tRmtGK0YrRitF60YrRitGK0YrRitF60XrRetF60XrRes16zXrRelF6UXpRelF6UW
pRelF6UXnNek16TXpNek16TXpNek16TXpNak16TXpNec1pzWnNac1pzWnNac1pzW
nNaclpzWnJaUlpSWlJaUlpSVlJWUlpRVlJWUlpSVlJWUlpSWlJWUlZSVlJWMlYyV
jJWMVYxVjFWMVIxVjFWMVYxVhFWMVYxUjFSMVIxUjFSMVIxUhFSEVIRUhBOEFIQU
hBSEFIQUhBSEFHwThBOEE3wTfBN8E3wTfBN8E3wUfBR71HQTfBN0E3QTdBNz03PT
c9Nz03PTc9Nz03PTc9Jz0nPSc9Jz0nPSc9Jz0mvSa9Jr0mvSa9Jr0mPSY9Jj0mOS
jBKME4wThBOME4wTjBOMEowTjBKEEowSjBOME5QTjBOMU4xTjFOMUoxTjFOMU5RT
lFOUU5RUlJSUlJSUlJSUlJSUlJSUU5RUlFSUVJRUlFSUVJSTlJOUlJSUlJSUlJSU
lJSUlJSUlJSUlJSUlJSclJzVnNWc1ZzVnJWclJyUnJSclJyUnJSc1JzUnNWc1ZzV
nNWc1ZTVnJWcVZRUlFSUVJRUlFSUlJSUlJSc1JyUnJScVJyUnJWclaSVpNalFqUX
rRetGK0YrVi1WLVYtVi1WLVYtRi1WbVZtVm1mbVZtVm1WbVZtVm1WbVYtVi1WLVY
tVi1WLVZtVm1WLVYtVi1WbVZtVm1WbVZtVm1WbVZtVm1WbVZtVm1WbVZtVm1WbVZ
tVm1WbVZtVm1WbVZrVm1WbVZtVm1Gb1ZtVi1WLVYtVi1WLVYtVm1WbVYtVi1WLVY
tVi1WLVYtVi1WK1YrVitWK1YrRitWK0YrRitF60XrRetF60XrRetF60XrRetF60X
rRetF60XpRelF6UXpRelF6TXpNek16TXpNek15zWpNek16TXpNak1qTWpNaklpzW
nNac1pzWnNac1ZzWnJaclpSWnJaclpyWlJaUlpSWlJaUlpSWlJWMlZSVlJWUVZSV
lJWUlZSWlJWUlpRWlFWMVYxVjFWMVYxVjFWMVYxVjFWMVYxVhFWMVYxVjFSMVIxU
jFSMVIQUhBSEFIQThFSEVIRUfFN8U4QThBOEE4QTe9N8FHwUfBR8E3wTfBN8E3wT
dBN0E3wTfBN8E3vTe9N703vTc9Nz03PTc9Nz03PSc9Jz0nPSc9Jz0nPRa9Jr0mvS
a9Jr0mvTa9JrkWuSa5JjkpQSlBKUEowSjBKEE4wTjBOME4wTjBOME4wTjBOME4xT
jFOMU4xTjFOMU4xTjFOMU5RUlJSUVJSUlFSUlJSVlJWUlJRUlFSUVJRUjBSMVZRU
lJSUlJSUlJSUlJSUlJOUlJSUlJSUlJSUlJSUlJSUnJWclZzVnJWclZyVnJWclZyV
nJWclZyVpJWclZyVnJWclZyVnJWclZSVlJSUVJRUlFSUVJSUlJSUlJSUlJSclJyU
lJSclJyUnJWclaTWpNetF60YrRitGK1YrVi1WLVYtVi1WLVYtVi1WLVYtVi1WLWZ
tVm1WbVZtVm1WbVZtVm1WbVZtVm1WbVYtVi1WLVYtVi1WLVYtVi1WLVYtVi1WLVZ
tVm1WbVZtVm1WbVZtVm1WbVZtVi1WbVZtVm1WbVZtVm1WbVZtVm1WbVYtVi1WLVY
tVi1WLVYtVi1WLVYtVi1WLVYtVi1WLVYtVm1WLUYrVitWK1YrVitV60XrRetF60X
rRilF60XrRetF60XrRetF60XrRetF6UXpRelF6UXpRelF6UXpRelF5zXpNek16TW
pNek16TXpNak1qTWnNac1pzWnNac1pzWnNac1pyWlJaclpyWnJaclpSWlJWUlpSW
lFaUlpSWjJaUlZSVlJWUlZSVlJWUlpSWlFaMVoxWjFWMVYxUjFSMVIxUjFWMVYxV
jFWMVYxVjFSMVIxUjFOMVIxUjFSMFIQUhBR8FIQUhBSEVIQThBN8FHwUhBSEFIQU
fBR8E3wTfBN8E3wTfBN703wTfBN8E3QTdBNz03PTc9Nz03PTc9Jz0nPSc9Jz0nPS
c9Jz0nPRa9Jr0mvSa9Jr0muRc5Jzk2uSY5Jr0mOSY5KME4wTlBOMEowSjBKME4wT
jBOME4wTjBOME4xTjBOMFIxTjFOMU4xSjFOMU4xTlFOUU5RTlFSUVJSUlJWUlZSV
lJSUU5RTlFOUU5RTlFOUU5SUlJSUlJTUlJSUlJSUlJSUlJSUlJSUlJSUlJSUlZyV
nJWclZyVlJWUlZSUnJWclZyVnJWclZyUnNSc1ZzVnNWc1ZzVnJWclZRUjFSUVJRU
lFSUlJSVlJSUlJSUlJSUlJSUnJSclJyVnJWk1qUWrRe1V60XrRetGLVYtVi1WbVY
tVi1WLVYtVi1WLVYvVi1WLVYtVi1WLVYtVi1WLVZtVm1WbVZtVi1WLVYtVi1WLVZ
tVm1WbVZtVm1WbVZtVi1WbVZtVm1WbVZtVm1WbVYtVi1WbVZtVi1WLVYtVi1WLVY
tVi9WLVYtVi1WLVYtVe1WLVYtVi1WLVZtVi1WLVYtVi1WLVYtVi1WLVYrVitWK1Y
rRitGK0YrRitGK0XrRetF60XrRetF60XrNetF60XrRetF60WrRetF6UXpRelF6UX
pNek16TXpNek1qTXpNek16TXpNek16TXpNek15zWnNac1pzWnNac1pzWnJac1pyW
nJaclpyWnJaclpSWlJaUlpSWlFWUlpSWlJaUlpSVlJaUlpSVlJWUlYxVjFWMVYxV
lFWMVYxVjFSMVYxVhFSMVIwUjFSMVYxVjFWMVIxUjFSEVIRUhFSEVIQUhBOEE4QT
hBOEFIQThBOEE4QThBOEE4QTg9N8E3wTfBN703vTe9N703QTfBNz03PTc9Nz03PS
c9Nz03PTc9Nz03PTc9Jz0nPSa9Jr0mvSa9Jr0mvSa5JrkmuSa5JrkmuSa5JrkmuS
jBKME4xTjFOMU4xTjBOME4wTjBOMEowSjBOUE4wTjFSMU5RTlFOUU5RTlFOUU5RT
lFOUlJSUlJSUlJSUlJSUlJSUlFOUVJRUlFOUU5RTlFSUlJSUlJSUlJSUlJSUlJSU
lJSUlJSUlJSUlJSUlJSclZyVnNWc1ZSUlJWclZyVnJWclZyVnJWclZyVnJWklaSV
nJWclZyVnJWUVJRUlFSUVJRVlFSUlJSTlJSUlJSUlJSclZyUnJSclZzWpNalF60X
rRetF61YrVi1WLVYtVi1WLVYtVi1WLVYtVi1WLVYtVi1WLVYtVi1WLVYtVi1WbVY
tVi1WLVYtVi1WLVYtVi1WbVZtVm1WbVZtVm1WbVZtVm1WbVZtVm1WbVZtVm1WLVY
tVi1WLVYtVi1WLVYtVi1WLVYtVi1WLVZtVm1WbVYtVi1WLVYtVi1WLVYtVi1WLVY
tVi1WLVYtRi1GLVYtVitWK1YrRitGK0YrRitGK0YpRilF60XrRetF60XrRetF60X
rRetFqUXrRelF6UXpNek16TXpNek16TXpNek16TWpNak1qTWpNaklqTWpNak1pzW
nNac1pzWnNac1pzWnNaclpSWnJaclpyWnJaUlpSWlJaUVpSWlJWUlZSVlJWMlZSV
lJWUlJSVlJWMlYxVjFSMVYxVjFWMVYxVjFWMVYwUjFSMVIxUjFSMVIxUjFSMVIxU
jFSMVIRUhFSEVIQUhBSEFIQUhBR8E3wTfBOEE4QThBOEE3wTfBN8E3wTfBJ8E3wT
fBN8E3wTe9N703vTc9Nz03PTc9Nz03PTc9Nz03PTc9Nz03PSc9Jr0mvSa9Jr0muS
a5JrkmuSa5JrkmuSa5JrkowSjFKEUoxTjBOME4wTjBOME4wSjBKMEowSjBKMEpQT
lFOUU5RTjFOMUpRTlFOUU5RTlJOUlJSUlJSUlJSUlJSMU5RTlFSUVIxTjFSMVJRU
lJSUlJSUlJSUlJSUlJSUlJSUlFScVJxUlJSUlJSVnNWc1ZzWnNWclZyVnJWclZyV
nJWclZyVnJWclZyWnJWc1ZzVlNWclZyUlFSUVJRUlFSUlJSUlJSUlJSUnJSclJyU
nJSclJyUnJWk1qTWrRetF60XrRetWK1YtVi1WLVYtVi1WLVYtZi1WLVYtVi1WbVZ
tVi1WLVYtVi1WbVZtVm1WbVZtVi1WbVYtVi1WLVYtVi1WLVYtVi1WLVYtVm1WbVZ
tVm1WbVZtVm1WbVZtVm1WbVYtVi1WLVYtVi1WbVZtVm1WbVZtVi1WLVYtVi1WLUY
tVm1WLVYtVi1WLVYtVi1WLVYtVi1WLVYtVi1WLVYrRitF60YrRitGK0YrRitGKUY
rRetF60XrRetF6zXrRetF60XrRatF60XpRelF6TXpNek16TXpNek16TXpNek1qTW
pNak1qTWpNak1qTWpNac1pzWnNac1pzWnNaclpyWnJaclpyWnJWclpyWnJaUlZSV
lJWUlZSWlJaUlpSWlJaUlpSVlJWUlZSVjFWMVYxVjFWMVYxVjFWMVYxVjFWMVYxU
jFSMFIxUjFSMVIxUjFSMVIRUhFSEVIRUhBSEFIQUhBSEFIQUhBSEFIQUhBSEFHvT
fBN8E3wTfBN8E3wTfBN8E3QTfBN8E3wTfBN8E3vTc9Nz03PTc9Nz03PTc9Nz03PT
c9Jr0mvSa9Fr0mvSa9Jr0muSa5JrkmuSa5Jrk2uSa5KMEowTjFOEU4wTjBOME4wT
jBKMEoQSjBKME4wSjFOMU4xTjFOMU4xTjFOMU5RTlFOUU5SUlJSUlJSUlJSUlJSU
lJSUU5RUlFOUU5RTlFOUlJyVnJSUlJSUlJSUlJSUlJSUlJSUlJSUlJSUlJSclJyU
nJWclZyVnJWUlJSVnJWclZyUnJWclJyVnJWclZzVnNWc1ZzVnNSUlJSUlJOUVJRU
lFSUVJRUlJSUlJSUlJSclJyVnJWclaSVpNalF6UXrRe1F7UYtRi1GLUYtVi1WLVY
tVi1WLVYtVi1WLVYvVi1WLVYtVi1WLVYtVm1WbVZtVm1WLVYtVi1WLVYtVi1WbVZ
tVm1WbVZtVm1WbVYtVi1WbVZtVm1WbVZtVm1WbVZtVm1WbVZtVm1WLVYtVm1WbVZ
tVm1WLVYtVi1V7VYtVi1WLUYtVi1WLVYtVi1WLVYtVi1WK1YrVitWK1YrVitWK0Y
rRitGK0YrRitGK0YrRis2K0YrRitGK1YrRitF6UXpRelF6UXpRelF6UXpNek16TX
pNek16TXpNak1qTXpNek1qTXpNak1qTWnNac1pzWnNac1pzWnNaU1pzWnNWc1pzW
nJaclpyWnJaclZyVlJWUlZSVlFWUlZSVlJWUlZSVlJWUlZSVlFSUVZRVlFWMVYxV
jFWMVYxVjFWMVYxVjFWMVYxVjFSMVIwUjFSMVIRUhFSEU4RUhFSEFIQUhBSEFIQU
hBSEFIQThBOEE4QThBN8E3vTfBJ8E3wTfBN0E3wTfBN8E3wTe9N703vTc9Nz0nPT
c9Nz03PTc5Nz03PSc9Jz0nPSc9Jz0nPSa5JrkmvSa5JrkmuSa5JrkmuSa5JjkmOS
jFOME4xUjBOME4wTjBOME4wSjBKMEowSjBKME4xTjFOEU4xTjFOMU4xTlFKUU5RT
lFOUlJSUlJSUlJSUlJSUlJSUlFSUVJRUlFOUE5RTlFOUlJSUlJSUlJSUlJSUlJSU
lJSUlJSUlJSUlJSUnJSclJzVnNWc1ZzVnJWclZyVnJWclZyVnJWclZyUnJWclZzV
nNWU1ZzVnJWclJRUlFSUVJRUlFSUlJSUnJSclJyVnJWclZyVnJWklaTWpNalF60X
rRetF7UXrVi1WLVYtVi1WLVYtVi1WLVYtVi1WLVYtVi1WLVYtVi1WLVZtVm1WbVZ
tVm1WLVYtVi1WLVYtVi1WbVYtVi1WLVYtVi1WLVYtRm1WbVZtVi1WLVYtVi1WLVY
tVi1WbVZtVm1WbVZtVm1WbVZtVm1WLVYtVi1WLVYtVi1WLVYtVi1WLVYtVi1WLVY
tVi1WLVYrVitWLVYrVitWK1YrRitGK0YrRetF60XrRetF60XrRetF60XpRelF6UX
pRelF60XrRetF6TXpNek16TXpNek16TWrNak1qTWpNak1qTWpNak1qTWnNac1pzW
nNac1pzWnNac1pyWnJaUlpyWnJaclpyWnJaclZyVnJWclZSVlJaUlpSWlJWUVZSV
lJWUlZSVlFWUVZRVlFSMVYxVjFWMVYxVjFWMVYxVjFWMVYwVjFSMVIxUjFSMVIxU
hFSEVIRUhBSEFIQUhBOEE4QThBOEE4QTg9OEE4QThBN8E3wTfBN8E3wTfBN8E3wT
fBN703vTe9Rz03PTc9Nz03PTc9Nz02vTc9Nz03PTc9Nz0nPSc9Jr0mvSa9NrkmuS
a5JrkmuSa5JrkmuSa5JrkoxTjFOMU4xTjBOMEowTjBOME4wTjBKMEowTjBOME4xT
jFOMU4xTjFKMU4xTjFOMU4xTlFOUlJSUlJSUlZSUlJSUlJSUjFSMVIxTjFOMU5RT
lFSUlJRUlFSUlJSUlJSUlJSUlJSUlJSUlJSUlJTUnNSc1ZzVnNWU1ZSVlJSclZyV
nJWclZyVnJWclZzVnNac1ZzVnNWclZSVlJSUVJRUlFSUlJSUlJSUlJSUlJSclJyV
nJWclaSVnJWk1qTWrRetF60XtVe1V61XrVi1WLVZtVi9WLVYtVi1WLVYvZi1WLVY
tVi1WLVYtVi1WLVYtVm1WLVYtVi1WLVYtVi1WLVYtVi1WbVYtVi1WLVYvVi1WLVY
tZi1WLVYtVi1WLVYvVi1mLVYtVm1WbVZtVm1WbVZtVm1WbVZtRm1WLVYtVi1WLVY
tVi1WLVYtVi1WLVYtVi1WLVYtVi1WLVYrVitWK1YrRitGK0YrRitGK0XrRetF60X
rRetF60XrRetF60XrRetF60XrRelF6UXpNek16TXpNek16TWpNak1qTWpNak1qTW
pNaklqTWnNak1pzWnNac1pzWnNac1ZzWnNaclpyWnJaclpyWnJWclZyVnJWclZyW
lJaUlpSWlJaUlpSVlJWUlZSVlFWUlZRVjFWUVYxVjFWMVYxVjFWMVYxVjBWMVYxU
jFSMVIxUjFSMVIxUjFSMVIxUjFSEVIQUhBSEFIQThFOEE4QThBOEE4QThBOEE4QT
hBOEE3wTfBN8E3wTfBN8E3vTe9N703PTc9Nz03PTc9Jz03PTc9Nr03PTc9Jz0nPS
c9Jz0nPSa9Jr0mvSa5Nrk2uSa5JrkmuSa5JrkWuRa5GME4wTjFOMU4xTjBOMEowS
jBOMEowSjBKUE5QTjFOMU4xTjFOMU4xTjFOMU4xTjFOMU5RUlFSUVJSUlJWUlZSV
lJWUVJRUlFSUVJRUlFSUU5RUnJSUlJSUlJSUlJSUlJSUlJSUlJSUlJSUnJSclJyV
nNWc1ZzVlNWUlJSUnJSclZyVnJWclZyVnJWclZyVnNWc1ZzVnJWclJSUlFSUVJRU
lFSUVJSUlJSUlJyUnJSclZyVnJWk1aTVpNWk1qUWrRetGK1YrVitWK1YtVi1WLVZ
tVi1WLVYtVi1WLVXtVi1WLVZtVi1WLVYtVi1WLVYtVi1WLVYtVi1WLVYtVm1WbVZ
tVmtGLVYrVitWLVYtVi1WLVZtVi1WLVXtVe1V7VXtVi1WLVYtVm1WbVZtVm1WbVY
tVi1WLVYrVitGK1YtVi1WLVYtVm1WLUYtRitWLVYtVi1WLVYrVitWK0YrRitGK0Y
rNetF60XrRetF60XrRetF60YrRetF60XrRetF60XpRelF6UXpNek16TXpNek16TX
pNek16TXpNeklqTXpNek1qTWpNak1qTWnNac1pzWnNac1pzWnNac1pzWnNaUlpyW
nJaclpyWnJaclpyWnJaUlZSWlJaMlpSWlJaUlZSVlJWUlZSVlJWUlYxVjFWMVYxV
jFWMVYxVjFWMVYwVhFWMVIxUjFSMFIxUjFSMVIxUjBSEFIQUhBSEE4QUhBSEE4QT
hBSEFIQUhBSEFIQTfBN8E3wTfBN8E3wTfBN8E3wTdBN8E3vTe9N703vTe9Nz03PT
c9Nz03PSc9Jz0nPSc9Jz0nPSc9Jz0nPSa9Jr0muSa5JrkmuSa5JrkmOSY5JjUmOS
jBOMU4wTjBOME4wTjBOME4wTjBOMEowTjBOME4xTjFOMU4xTjFOMU4xTjFOMUoxS
lJOUU5RTlFSUlJSUlJSUlJSTlFSUU5RTlFSUVJRUlFScVJyUlJSUlJSUlJSUk5SU
lJSUlJSUlJSUlJSUnJSclJyUnNWc1ZyVnJWclZyUnJWclZyVnJWc1ZzVnNWc1ZzV
nNWclZyVlJWUlJSUlJSUlJSUlJSUlZSUnJSclJyVnJScVJyVnJWk1aTWrNetF60X
rRitGLUYtRi1GLUYtVi1WLVYtVi9mLVYtVi1WLVYtVi1WLVYtVi1WLVYtZi1WLVY
tVi1WLVYtVi1WLVYtVi1GLVYtVitF60WrRetF60YtRi1WLVYrRetFq0WrRa1F7VY
tVi1WLVYtVi1WbVZtVm1WLVYtVitF60XrRe1WK1YrVitGKUXrRetF7VXtVi1V7VX
tVe1V61YrVitWK0YrRes16TXpNak160XrRetF60XrRetF60XrRetF60WrRetF60X
rRelF6TXpNaclZzWnNac16TXpNec1pzWnNac1pyWnJac1pzXnNac1pzWnNac1pzW
nNac1pzWnJaclpSWnJaclpyWnJaclpyWnJWclZSVlJWUlZSVjJWUlZSVlJaUVpRW
lFWUVZRVlFWMVYxVjFWMVYxVjFWMVIxVhFWMVYwVjFWMVYxVjFSMVIxUjFSMVIxU
hFSEVIQUhBSEFIQUhBSEFIQThBOEE4QTfBN8E3wTfBN8E3wSfBN8E3wTfBN8E3wT
fBN8E3vTe9N703vTc9Nz0nPSc9Jz0nPSc9JzknPSc9Jz0nPSc9JzknOTc5JrkmuS
a5JrkmuSa5JrkmuSa5JjkowTjBOUVIwTjBOME4wTjBOME4wTjBOME4wTjBOMU4xT
jFOUU5RTlFOUU4xTjFOUU5RTlFOUk5SUlJSUlJSUlJOUlIyUlFSUVJRUlFSUVJRU
lFSUVJSTlJSUlJSTlJOUk5STlJSUlJSUlJSclJyUnJWc1ZzVnNWU1ZyUlJSclJyU
nJWclZyVnNWc1ZzVnNWclZyWnJWclZyVlFSUVJRTlFSUVJSUlJSUlJyUnJSclJyU
nJSklJyVpNak1q0WrRe1F60XtRe1GLVYtVi1WLVZtVm1WLVYvVm1WLVYtVi9WL1Y
tVi1WLVYtVi1WLVYtVi1WLVYtVi1WLVYvVi9WLVYtVi1WK0YpNeUlZSUnJWk1q0X
rRitGJyWlJWUVJyVpNatF7VYtVi1WL1YtVi1WLVYtVitV6zXpNak1qTWrRetF60X
pNaklqSWpNatF60YrRi1WLVYtVi1GLUYrRitF6zXpNacVJxUnJWk1qTXrRetF60X
rRetF6TXrRetF60XrRetF6UXnNaclpRUlFSUVJRUnJWc1pzWlJaUVYxUlFSUVZyV
nJac1pzWnNac1pzWnNac1pzWnJaclZSWnJaclpyVnJWclZyWnJWclZyVlJWUlZSV
lJWUlZSVlJWUlZRVlFWUVZRVlFWUVZRVlFWUVYxVjFWMVYxVjFWEVYxVjFWMVYxU
jFSMVIxUhFSEVIRUhFSEFIQUhBSEFIQUhBSEFIQUhBN8E4QThBOEE4QTg9OEE4QT
hBN8E3wUfBN8E3wTfBN8E3wTe9N703vTc9Nz03PTc9Nz0nPSc9Jz0nOSc9Jz0nOS
c5JzknOSc5JzkmuSa5JrkmuSa5JrkmuSa5JrkmtRa5GMEowSjBOME4QSjBOME4wT
jBKMEovSjBKUE4wTjBOMU4xTjFOMUoxSjFOMU4xTjFOMU5RTlJOUlJSUlJSUlZSU
lJSUU5RUlFSUU5RTlFOUVJSUlJSUlJSUlFSUlJSUlJSUlJSUlJSUlJSUnJSclZyV
nNWc1ZzVnNSclJyUnJSclJyVnJWclZyVnNac1ZzVnJWclZyVnJWclZRUlFSUVJRU
lFSUVJSUlJSUlZyUnJSclJyUnJWclaSWpNak160XrRetGLUYtRi1GLVYtVi1WLVZ
tVi1WLVYtVi1WLVYtVi1WLVYtVi1WLVYtVi1WLVZtVm1WbVYtVi1WLVYtVi1WLVY
tVilF5RVg9B7j4PQnFOs1qzXpJaUFIuQg5CL0aTUrRe1WLVYtVi1WLVYtVi1WK1X
pRec1YxUjFOUlJzWpRek15xVjBKUEpyTpNatF7VYtVi1WK0YrRi1WLUYrRik1pRV
jBKMEpRTnJWlF60XrRetF60XrRetFq0XrRek16TXpNek15yWlFWD0nvRg9KEE5SV
nJaclZRUhBJ7kHvRjBKUVJyVnNac1pzWnNac1pyWnJWclpyWnJaclpyWnJaclpyW
nJaclpyVlJWUlZSVlJWMlZSVlJWUlZSVlJWUlZRVlFWUVZRVlFWUVYxVjFWMVYxV
jFSMVYxVjFWMVYxVjFWMVYxVjFWMVIxUjFSMVIQUhBOEFIRUhFOEU4RThFOEE4QT
hBOEE4QThBOEE3wTfBN8E3wTfBN8E3wTfBN8EnwSfBN8E3vTe9N703vTe9Nz03PT
c9Nz03PSc9JzknPSa9Jz0mvSc9Jz0nOSa5JrkmOSa5Jr0muSa5JrkmuSa5JrkmuS
jBKME4wTjBOME4wTjBOME4wTjBKMEowTjBOME5RTjFOMUoxSjFKUUpRTjFOMU5RT
lFOUU5yUnJWclZSUlJSUlJSUlJSUVJRTlFSMVJSUlJWUlJSUlJSUlJSUlJSUlZSU
lJSUlJSUlJSclJyUnJWclZzVnJWc1ZyUnJSclJyUnJSclZyVnJWclZyVnNWc1ZzV
nNWclpyVlJSUVJRUlFOUU5xUlFScVJxUnJSclZyUnJSclJzUpJWk1qTWpRetF60X
rRitGK0YrRi1WLVYtVi1WLVYtVi1WLVYtVi1WbVYtVi1WLVYtVi1WLVYtVi1WLVY
tVi1WLVYtVi1WLVYtVi1WK1YnNaD0mKLUglyzJRRnNWk1pRUc1BaCVHIe02cU6zX
rRetF60XrRetF60XrVitGKTXjBR7UHtQjBKclKTWnJWME3uPg4+MEZyVpNetGK0Y
rRitGK0ZrRitGKUXnJWDkmsNc0+MEpyVpNelF60XrRetF60XpNek16TWpNak1qUW
pNaUlIPRaw1ai2sMg9GUVJyVlFSD0nMOWoxizXuQjBOclZzWnNac1pyWnJaclpyW
nJaclpyWnJaclpyWnJaclpyWnJaUlpSWlJaUlZSVlJWUlZSVlJWUlZSVlJWUlZSV
jJWUlYxVjFWMVYxVlFWUVYxVjFWMVIxVjFWMVYRVjFWMVIxUjFSMVIxUhFOEFIQU
hBSEFIRUfBOEE4QThBOEE4QUhBOEE4QThBN8E3wTfBN8E3wTfBN8E3wTfBN8E3vT
e9N703vTc9Nz03PTc9Nr03PTc9Nz03PTc9Nz03PTc9Nz03PSc9JzknOSa5JrkmuS
a5JrkmuRa5JrkmuSa5JrkowTjBOME4wTjBOME4wTjBOME4wTjBOME4wTjBOMU4xT
jFOMU4xTlFOUU4xTjFOUU5RTlFOcVJRUlJSUlJSUlJSUlJRUlFScVJRUlFOUVJxU
lJSUlJSUlJSMVJSUlJSUlJSUlJSUlJSUnJSclJyUnJSc1JzVnNWc1ZzUnJSclJyU
nJSc1ZyVnJWc1ZzVnNWc1ZzVnNWclZSVlJSUVJRTnFScVJxUnFSclJyUnJWclJyU
nJWclZyVnNak1q0XrRetV60XtVe1V7VXtVi1WLVYtVm1WLVYtVi1WK1YtVi1WLVY
tVi1GLVYtVi1WLVYtVi1WLVYtVi1WLVYtVi1WLVYtVitWJyWe5JBSTDFSYiL0JyV
nNWME1qNQQU5BXLMlFKk1qTWpNaclZyUnJWclpzWnNaUlXuSWgtRynsPjBKUVJQT
cw9aClpLg0+UU6TVrRe1WK0YrVitGK0YrRik2JRVc1BSSmLMjBGclqUXpRetF60X
pRek15yWlJaUVZSVlJWc1pyVjBNzD0HIMQVByGsPhBOUVIwTc09SCDlFSchzTYwS
lJWUlZSWlJWUlZSVlFWUlZSVlJWUlZSVlJWUlZSVlJWUlZSVlJWUlZSVlJWUlZSV
lJWUlZSVlJWUlZSVlJWUVIxUjFSMVIxUjFWMVYxVjFWMVYxVjFWMVYRUjFSMVIxU
jFSMVIxUjFSMVIRUhFSEVIQUhBSEFIQThBOEE4QThBOEE4QTg9N8E3wTfBN8E3wT
fBN8E3wTdBN8E3QTfBN703vTe9N703PTc9Nz03PTc9Nz03PTc9Nz0nPTc9Nz03PS
c9Nz02vSa5JrkmuSa5JrkmuSa5JjkmuSa5JrkWuRa5GMEowTjBOMU4wTjBOME4wT
jBKMEowSjBKMEoxTjFOMU4wTjBOUU5RTlFOUU5RTjFOUU5RUlFSUVJRVlJWUlJSU
jJSUVJRUlFSUVJQTlFOcVJRUlJSUlJSUlJSMlJRUlFSUVJSUlJSUlJTUlJSUlJyU
nJWk1ZzVnNWclZyVnJWclZyVnJWklZyVnNWc1ZyVnNWc1ZyVnJWUlJSUjFOUU5SU
lJSUlJSUnJSclJyUnJSclJzVnNWc1ZzWpNalFq0XrRetF7UYtVi1WLVYtVi1WLVY
tVi1WLVZtVi1WLVYtVi1WLVYtVi1WLVYtVi1WLVYtVm1WbVZtVm1WbVYtVi1WLVY
rReUVWtQOYgpBTmHe46Uk4xUe5JJizEGOQZzDpRTnJSc1ZRUjBOMEovSjBKUVJxV
lBNrD0mIQYhijIOQi9ODklqNSUdRiHLNjBKclaTXtRi1WLVYtVitWK0YpNeUVGsQ
UkpizIwRnJWtF60XrRelF5zWlJWMVIwShBKD0owTjFSUVYPTYs85yCEFOYdizHvR
jBJ7kWKNOUYgxDmHaw6EE4xUlFSMVIwTjBKEEowSjFOMVIxUjFSMVIxUlJWUlYxV
jBSMVIxUlFSUVZRVlJWUlZSVlJWUlZSVlJWUVZRVlFSUVIxUjFSMVIxUjFWMVYxV
jFWMVYxVjFWMVYxVjFWMVYxUjFSMFIwTjBSMFIwUjBSEFIQUhBSEE4QThBOEE4QT
hBN8E4RUfBN8E3wTfBN8E3wTfBN8E3wTdBN8E3wTe9N703vTe9N703vTc9Nz03PT
c9NzknPSc9Jz0mvSa9Jr0mvSa9Jr0mvSa9JrkmuSa5JrkmuSa1JrkmuSa5JrkWuS
jBKMEowSjBKME4wTjBOME5QTjBOME4wTjBOME5QTjBOUE5RTlBOUE5QTjBOMU4xT
jFOUU5SUlJSUlZSVlJWUlIyUlFSUU5RUlFOUU5RTnFOcU5SUlJSUlJSUlJSUlJSU
lFSUVJSUlJSUlJSUlJSUlJyVnNac1ZSVlJWUlZSVnJWclZyVnJSclaSVnJWclZyV
nNWclZyVlJSUlIxTlFOUVJRUlFSclJyUnJSclJyVnJWclZyVnNWc1qTWpRetF60X
tRi1GLUYtRi1WLVYtVe1WLVYtVi1WLVYtVi1V7VYtVi1WLVYtVi1WLVYtVi1WLVY
tVi1WLVYtVi1WLVYtVi1WK0YnJVrDzmJMQY5SHMPjBOD0msPQYkxBTlGcw2UU5xU
lBOL0XtPaw1qzGsNg9CD0oPSYs05iDmHWot7j4PRe5BaS0FHQUZqi4wQnJSk1q0X
rRitGK0YrRitGKTXlFRrEEpLWo2EEpyWpRetGK0XpNeUVYwTe5FzTnNOc057kIPS
hBN70lrOOYggxTFHWot7kYPRc09SCzEGIMU5iGMOg9KME4wSg9F7kHNPc097kHuR
g9KD0oPRe9GD0YwTjBOME4PRg9GMEoxTlJWUlZSVlJWUlZSVlJWUlZRVlFWMVYwU
jBSME4QThBOEE4QThBSMVIxUjFSMVYxVhFWMVYxVjFWMVYxUjFSMFIwUjBSMFIwU
hBSEE4QUhBR8FIQUhBSEE4QThBOEE4QTfBN8E3wTfBOEE4QTe9N703PTfBN703vT
e9J70nPSc9Jz0nPSc9Jz03PSc9Nz0nPSa9Jz0nPSa9Jr0mvSa9Jr0mvSa5JrkmuS
a5JjUmuSa5JrkmuSY5FjkYxTjFOME4wTjBOME4wTjFOME4wTjBKME5QSjBOMU4xT
jFOUU5RTlFOUU5RTjFOUU5RTlFOcU5yUlJWUlJSUlJSUk5SUlFSUVJRTjFOMU5RT
lJOUk5SUjJSUlJSUlJSUlJSVlJSUlJSUnJWclZyVnJWclZzVnNWc1JTUnJSclJyU
nJWc1ZzVnNWc1ZzVnNWc1ZzVnNWclZyVlJSUVJRTlFOUU5SUnJSclJyUnJWclZyV
nJWclZyVpNas1q0XrRe1F7UYtRi1GLUYtVi1WK1YtVi1WLVYtVi1WLVYtVi1WLVY
tVi1WLVYtVi1WLVYtVi1WLVYtVi1WLVYtVi1GK1YtVitF5RUas5JyDlGOUZizIOR
c1FajUGKMQdBiXtPlFSUVIwTe5FrDlJLSclRynMPe5J7UVqOQYhBiGKMe5GD0nNR
UkxBiEHIas2MEqSVrRatF60YrRi1GLUYrRik14wUaw9SSmLMjBGclaTXrRelF5yV
lBRzD1pMWktaS1qLYs17T4OSe1FajkGJKQYxB1ILaw9rUGLOSckxBjDFQYljDnvR
hBJ70GtOYsxai1qLWotizWsPa09rDmsOa097kXvSc5FrT2tPe9GEE5RUlJWUlZSV
lJWUlZSVlJWUVYwUg9N70nuRe5F7kXuRe9J70oPThBSMFIxUjFSMVIxUjFSMU4xU
jFSMVIxUjFSMFIwUhBSEFIQThBOEE4QUhBSEFHwThBOEE4QThBN8E3wTfBN8E3wS
fBN8E3wTfBN8EnwSfBJ70nvSc9Nz0nPTa9Nz0nPSc9Jz03PTc9Nz0nPSc9Jz0XPS
a9Jr0mvSa9Jr0muSa5JrkmuSa5JrkmuSa1FrkmuSa5KMEowTjBOME4wTjBKMEoxT
jBKMEowSjBKUE4wTjBOMU4xTlBOUU5RTlFOUU5RTlFOUVJSUlJSUlJyUlJSUlJSU
lJSUlJRUlFSUVIxTlFOUlJSUlJSUlJSUlJSUlJSVlJSUlJSUlJSU1JSUlJSUlJyV
nJWc1ZzVnNSUlJSUnJSclJyVnJWklZyVnJWclZyVnJWclZyVnJSclZRTlFOUU5xU
nFScVJxUnFSUlJSUnJSclJyUpJWk1qTWrRetF60XrRetF7UYtRi1WLVYtVi1WLVY
tVi1WLVYtVi1WLVYtVi9WLVYtVi1WLVYtVi1WLVYtVi1WL1YtVi1WLVYtVi1WK1X
rReUU2LOScpByTmIUkxjDmKNWgxJykFISYpzUJRUlFSD03NRa1BajUHKQYlqzoPS
g9JjDkHKUgt7UIwTjBV71FKPQclaTHuQlFSk1q0XrRetF7UXtRe1GK0YpNeMFGsP
SgpqzYwSnJWlF6UXnNaUlXvRUkxByknKSgpKCkoKYw5zUXMQWk1BiTEGMUdKC1rO
Ws1KTEHJKQYpBkHJYw5z0XvSc5BjDlKMSgpBiUGJUgtajGKNUktSS2LNc1BzUFrN
SktizXuQjBSUVZRVnFaUVpSWlJWUVYxVjFSEE3uSa09jDmLNYs1izWLNa09zkYPS
jBOMFIxUjFSMVIxUjFSMVIxUjFSMVIxUjFSMFIQUjBSMFIQUhBOEE4QThBR8FHwU
hBSEE3wTfBN8E3wTfBN8EnwTfBN0E3QTdBN0EnQSc9Nz03PTc9Nz03PTc9Nzk3PT
c9J0EnPSc9JzknOSc5JzknPSa9Jr0muSa5JrkmuSY5JrkWuRa5FrkWuRa5FjkWOR
jBKMUowSjFKMUoxSjBOME4wTjBOME4wSjBKME4wTjBOME4wTjFOMU4xTjFOMU4xT
jFOUU5RUlJSUlJSUlJSUlJSUlFSUVJRUjFOMU5RTlFOUlJSUlJSUVJRUlFSUVJSU
lJSUlJSUlJSclJyVnJWclZyVnNWclZyUnJSclJyUnJSclJyVnJWclZyWnJWclZyV
nJWclZyVlJWUVJRUlFScVJyUnJSUlJyUlJSclJyUnJSc1JyVpNWk1qTXrRetGK0Y
rRitGLUYtRi1WLVYtVi1WLVYtVm1WbVYtVi1WLVYtVi1WLVYtVi1WLVYvVi1WLVY
tVi1WLVYtVi1Wa1YtVm1WKUXjBNizkoLSgpCCkpLUkxSTFpMUgtJyUoKe5CMU4xT
g9J7kXuRaw5SC0HJas6EEoPSa09SC1pMi9KcVpyWjBRqz0pKYs2MEZyVrRetF7UY
rRi1GLVYrRitGKTXlBRqz0oKYw2MEpyVpRek16TWjFRzUEnLQctSDFpNUgxSDGKO
cxBrD1JNQYo5iDGIQgpSi0pKQgo5yTFHMUdByWMOe5J7knNSaxFajkIMOYkpSEHK
Wo1ajVJMSgtSTWLNWo1CC0HKWs57kowUlFWUVZSWlJWUlZSVlFWUVYwUg9NrEFKM
QglCCTnJQchCCVqLa4570oQUjFSMVIxUjFSMVIxUjFSMVIxTjFSEVIQUhBSEFIQU
hBSEFIQUhBSEFHwThBOEE4QThBOEE4QTfBN8E3wTdBN8E3vTe9N8E3QTdBN0E3QT
dBNz03PTc9Nz03OSc9Jz0nPSc9Jz0nPSc9Jz0muSa5JrkmuRa5JrkWuRa5FrkWOR
a5JrkmuSa5JrkmuSY5FjkYwSlBOME4wTjFOME4wTjBKMEowSjBKMEowSjBKMU4xT
jBOME4xTjFOMU4xTjFOMU5RTlFOcU5STlJOUlJRVlJWUlYxVlFSUVJRTlFOUU5RU
lFSUlJSUlJSUlIyUlJSUlJSUlJSUlJSUnJSclJyUnNSc1ZzVnNSc1JyUnJSclJyU
nJSclJzUnNSc1ZzVnNWc1ZzVnJWUlZyVlFSUU5RUlFScVJyUnJSclJyUnJSclJzU
nNWc1ZzVpRalF60XrRitF61XrVe1V7VYtVi1WLVYtVi1WLVYtVi1WLVYtVi1WLVY
tVi1WK0YtVi1WLVYtVi1WLVYtVi1WLVYtVi1WLVYtRek1owTWo1aTWqNUgpJyUoJ
UkpizGKLSgpSS3uRjBKD0nOQa09zT2LNSglCCWsOjBOME3MPWkpii4wRnJaclowU
as9KCmsOlBKkla0XrRi1GLUYtRi1GK0YpRec1oQTas5SCmrOg9KUlZzXnNac1oQT
aw9BykHKUoxizlqNWo5qz3NQaxBSjUILOco5yUIJQck5iEHJQck5iDGIQcpjDnuS
e5JzUWrQWs5STEHJMUdByVrOWs5ajkoNSg1KC0oLOYpCCmMPg9OUVJRVlFWUlZSV
lJaUVZRVlFWMFHuSYs9KCzGIMUcoxSkGMUdJymMOc5KEE4xUjFSMVIxUjFSMVIxU
hFSEFIQUhBSEE4QThBSEFIQUhBOEE4QThBOEE3wTfBN703wTfBN8E3wTfBN8E3vT
e9N703vTe9N70nvTc9Nz03PTc9Nz03PTc9Jz0nPSc9Jz0nPSa9Jr0mvSa9Fr0mvS
a5JrkmuSY5FrkWuSa5JrkWuRa5BrkWuRa5JrkmOSY5KMEowSjFKMUoxShFKMUoxS
jBKMEowSjBKMEpQTlBOUE5QTjBOUE4wTjFOMU4xSjFKUk5RTlJOUlJRUlFSUVJRU
lFSUVIxUlFOUVJRUlJSUVJSVlJWUlJSUjFSUVJSUlJSUlJSUlJSUlJSUlJSclJyU
nJWc1ZzVnNWclJyUnJSclJyVnJWclZyVnJWclZyUnNWc1ZyVnJWUlZRUlFSUVJxU
nFScVJxUnJSclJyUnJSclJyVpNWk1qTWpRatF7UXrRe1F7UXtVi1WLVYtVi1WLVZ
tVi1WLVYtVi1WLVYtVi1WLVYtVi1WLVYtVi1WL1YtVi1WLVYtVi1WLVYtVi1WLVY
pNaL01qOWo5zEGqPSctJylqMew9yzlJLWkyDkYvQe49izGLMYs1ajEoKSgpzT4wT
jBNzUFJKYsyD0JSUnJWME2rPUkprDYQRnJSk1q0XrRetF60YrRitGKUYnJaEE2rN
SgpqzYORlBOcVZRVlFV702LPQgpCClKMWs5az1rPa1F7knMQWo1KDEoLSgpKCkGJ
MUhBykoLQco5yUIKYw5zkHOQaw9ajVqNSgtByjFIQcpizmsQYs9STUnLQck5iDmI
UktzUIwTjFSUVJRVlFWUVYxVlFWUVZRVjBR7kmLPQgsxRylGIQUhBSlHQgpjDnuR
hBOMVIxUjFSMVIxUjFSMVIxUjBSEFIQUhBSEE4RUhBSEE4QUhBOEE4QThBOEE4QT
fBN8E3wTfBN8E3wTfBN8E3wSe9J703vTe9Nz03PTc9Nz03PTc9Jz0nPSc9Jz0nPS
c9Jz0nPSc9Jr0mvSa5JrkmuSa5JrkmuSa5JrkmuSa5JrkmuSY5JjkmuSa5JrkmOS
jBKMEowTjBOEE4wTjBOME4wSjBOME4wTjBOME4wTjBOUE5QTjBKME4xTjFOMU4xT
jJOUU5RTlFSUlZSVlJWUlYxVlFSUVJRUlBSUVJSUlJSUlJSUlJSUlJRUlFSUVJRU
lJSUlJSUlFSUVJRUnJWclZyVnNWc1ZyUlJSUlJSUnJWclZyVnJWclZyVnJWc1ZzV
nNWc1ZzVnJWUVZRUlFSUVJRUlFSUlJyUnJSclJzUnJSclJzVpNalFqUXrRetF7UY
tRi1GLUYtRi9WLVYtVi1WLVZtVi1WLVYtVi1WLVYtVi1WLVYtVi1WLVZtVi1WLVY
tVi1WLVYtVi1WLVYtVi1WKTXg9Naz2tRg5F7kFJLUgtzDoOQe09ajWLOg4+D0HMN
WotizHsOew9aC1ILe1CUFIwTc1BiS2qMi4+UU5xVjBRyz2JLas2D0ZRUpNatF7UY
rRitGK0YrRetGKSWi9NqzknKWkxzD3uRg9KMEowSe9FjD1KNSkxajmLPYxBrUXOS
e9JzUFrOUk1aTVpNUg1BiUGJUgtaTVIMQctKDGLPaw9rD0pMSgtKC0oLQcoxh0IJ
Yw5rUWtQWs5ByjGIMUc5iFqNe9GMU5RUlFWUVZRVlFWUVJRVlFWUVYwUe5Jiz0oL
MUgpBiEFIQYpR0IKWw570YQSjBSMVIxUjFSMVIxUjFSMVIxUjFSMFIwTjBOEE4QT
hBOEE4PThBOEE4QThBOEE4QThBN8E3wSdBN8E3wTfBN8E3vTe9N703vTe9N703PT
c9Nz02vTa9Jr0nPTc9NzknPTc9Nz02vTa9Nr0muSa5JrkmuSa5JrkmuSa5FrkmuS
a5JrkmuSa5JrkmuSY5JjkYwTjBOME4wTjFOUU4xTjBOME4wTjBOMEowSjBKMUoxS
jFKMUoxSjFOMU4xTjFOUU5RTlFOUVJxUlJWUlZSVlJSUVJRUlFSUVJRTjFOUU5RU
lFSUlJSUlJSUlJRUnFWUlZSUlJSUlJRUlFSUlJyVnJSc1JzVnNWclZyVnJWclZyV
nJWclZyVnJWclZyVnJWclZyVnJWclZyVlFSUVJRUnFScVJxUnJSclJyUnJSclJyU
nJWklqTWrRetF60XtVitGK0YrRi1GbUYtRi1WLVYtVi1WLVYtVi1WK1YtVi1WLVY
tVi1WLVYtVi1WLVYtVi1WLVXtVi1WLVZtVi1WLVYrVik14wUc1GD0oxThBJzj2tP
hBGME4PSc1B7kYwSjBJ7kGsOcw6DUINPYs1zD4wSlJWUVIPSas5yzYuQnFKclZRU
e5FrDmrOi9KUVKTWrRetGLUYtRitGK0YrRek1owTe09ai2LMaw57T4NQg5CD0XvR
c09izmMOYw5rDmtPc5B70YPSe5BizlqNYs5jD2LOSgpKC2LOaw9izlINUk5i0GMQ
Wo9JyknKUkxSTEoKMYdKCWsNe5JzklrPQgoxRjEGScljDoPSjFSMVZRVlFWUVZRV
lFWUVZRVlFWEFHOTYw9KTDmIKQYhBikGKUg5ylrPc9GEE4QUjFSMVIxUjFSMVIxU
jFSMVIQUhBSEFIQUhBOEE4QThBOEE3wThBOEE4QThBOEE4QShBJ8E3wTfBN8E3QT
fBN0E3QTdBNz03PTc9Nz03PTc9Nz03OSc9Jz03PTc9Nz03PTc9Jz0mvSa9Jr0muS
a5JrkmuSa5JrkmuSa5JrkmuSa5JrkmOSY5JjkmORY5GUE4wTjBOME4wTjBKMEowS
jBKMEowTjBKMEowSjFKMUoxShFKMUoxSjFOMU4xTjFOUU5STlFSUlJSUlJSUlZSV
jFWUVJRUlFSUVJRUlFSUVJRUlFSUVJRUjFSUVJRUlFSUVJRUlJSUVJRUlFSclJyU
nJWclZyVnJWclZyVnJWclpyVnJWc1JyUnNWclZyVnJWclZyVnJWUlZRUlFSUU5RT
lJSclJSUlJSUlJSUnJSclJyVpNWk1q0XrRetF60XrRetGK0YtRi1GLUYtVi1WLVY
tVi1WK1YtVi1WLVYtVi1WLVYtVi1WLVYtVi1WLVYtVi1WLVYtVi1WLVYtVi1WK1X
rRaclYwTlFSclZSUlBOME5RUnJWUVIwTjBSclZxVjBOL0YPRg9KD0oPSg9KUVKSW
nJWUU4PRg5CL0ZxTnNWUlIxTg9GD0IwRnJOk1a0XtRe1F7UYrRitF60XpNaUVIPS
e1BzD3MPew97UIORi9OME4PSe5F7kHNPc09zT3uQhBKEEnvRe1BzT3uRe5FzUGMP
Ys9zkXORa1BjD2MPc1BzUGsPWoxSS1qMWoxKC0IKUoxrT4PSg9JrEEoMKUUxRVJJ
c1CME5RUlJSUlZRVlFWUVYxVlFWUVYxUhBR70mtQSkw5yjGIMYgxiDmJQctiz3vS
jBOMVIwUjFSMVIwUjBSMFIwUjBSEFIQUhBSEE4QThBSEE4QTfBOEE4QThBOEE4QT
fBSEE3wTfBN8E3wTe9N703vTc9N703vTc9Nz03PSc9Nz03PTc9Nz03PTc9Nz02vS
a9Jr0nPSc9JzkmuSa5JrkmuSa5JrkWuSa5JrkmuSa5JrkWuSY5FjkWORY5FjkWNR
jBKMEowTjFOMU4xTjBOME4wSjBOMEowTjBOMU4xTlFOME4wTjBOME4wUjBOMU4xT
jFOUk5SUlJSUlJSUlJSUlIxUlFSUVJRUlFOUVJRUlFSUVJRUlFSUVJRUlFSUlIxU
lJSUlJSUlJSUlJSUlJWUlZzVnJWclZyVnJSclJyUnJSclJyUnJWclZSVnJWclZyV
nJSclJyUnJSclJRUlFSUVJSUnJSclJyUnJSclJyUnJSclKTVpNak1q0XrRetF7UX
tRe1F7UYtRi1WLVYtVi1WLVYtVi1WLVYtVi1WLVYtVi1WLVYtVi1WLVYtVi1WLVY
tVi1V7VYtVi1WLVYtVi1WK0YpNec1pzWpRalF5zWnNalF6UYnNec1pzWpNek15yW
lFWUlZSVnJaUlZyVpNatF6UXpNaclZRUlFSclaTWpNec1pRVlFSUVKSWpNatF60Y
rRetF7UXtRetF6TWnJaMVYwUjBOD04PTg9OEE4xUlJWUVYwUg9N7koPSg9KME4xU
lFSMFIQThBOEE4wTg9J70oPThBOEE3vSe5J7koPTg9J7kmsQaxBq0GsPYs9izmtP
e9GEE4QTaxBSDDFHQYhjDXvSjFSMVZRVlFWUVYxVlFWUVZRVlFWUVYwUg9NzkVrO
SgtCCkIKQck5yUpLaw970oQThBOEFIQUjBSMFIwUjBSMFIwUjBSMFIwUhBSEE4QT
g9OEE4QThBOEE4QThBOEE3wTfBN8E3wTfBN8E3vTe9N703vTc9N703vTe9N0E3PT
c9Nz03PTc9Nz03PTc9Nz03PTa5Nzk3OTa5NrkmuSa5JrkmuSa5JrkmuSa5JjkmOS
Y5JjkmORY5FjkWORY5FjUYwTjBOME4wTjBOME4wTjBOME4wTjBOME4wTjFOMU4xT
jBOME4wTjBOMU4xTjFOMU4xTlFOUVJSUlJSUlJSUlJSUlJRUlFSUVJRUlFSUVJRU
lFSUVJRUlFSUlJSUlJSUlJSUlJSUlJSUlJSUlJSUlJWclZzVnJWclZSVnJWUlJyV
nNWclZyVnJWklZyVnJWclZyVnJWclZyVlJSUVJRUlFOcU5yTnJOclJyUnJSclJyU
nJSk1azWpRetF60XtRetF7UYtRitGLUYtRi1GLVYtRi1WLVYtVi1WLVYtVi1WLVY
tVi1WLVYtVi1WLVYtVi1WLVYtVi1WLVYtVi1WLVYtVi1WK0YrRitGK0YrRitGK0Y
rRitGK0YrRitGLUYrRitF60XrRetF60XrRetF60XrRetF60YrRek16TXrNetF60Y
pNek16TXpNas160XrRetF60XrRetF60XrRek16TXnNac1pyWnJaclpyWnJacl5zX
nNeclpSVlFSUVJRUnJWclpyWnJaUVZRVlJWUVZRUjFSMVJRVlFWMFIwUjBSUFYxU
jBOEE3vSg9KD0nvSe9J70oQThBN702LQQcwxSUILa0+EE4xUjFWUVZRVlFWMVJRV
lFWUVZRVlFSMFYwUe9NrUWMPWs9az1KOWs5jDnOQhBOME4wTjFSMFIwUhBSMFIwU
hBSEFIQUhBSEFIQUhBSEE4QThBOEE4QThBOEE4QTfBOEE4QTfBJ70nvTe9Nz03vT
e9N703PTc9Nz03PSc9Jz0nPSc9Jz03PTc9Nz03PSc9Nr02vSa9JrkmuSa5JrkmuS
a5JrkmuSa5JrkmuSa5JrkmuSa5JjkmORY5FjkWNRY5GME4xTjFKMEowSjBKMEowS
jBKMEowSjBKMUoxSjFKMU4xTjFOMU4xTjFOME4wTjFSUVJRUlFSUlJSVlJWUlZRV
lFWMVZRVjFSUVJRUlFSUVJRUlFSUVJRUlJSUlJSUlJSUlJSUlJSUlJSUlJSUlJTU
nJWc1ZzVnJWUlZSVnJWclZyWnJWk1ZyVnJSclZyVnJWclZyVnJWclZRUlFOUU5RT
lJOUlJSUlJSUlJyUnJSclaTVpNas1q0WrRetF60XrRe1GK0YtRi1WK0YtVi1WLVY
tVi1WL0YtRi1GLVYtVi1WbVYtVi1WLVYtVe1WLVYtVi1WLVYtVi1WLVYtVi1WLVX
tVitWLVYtVi1WLVYrVi1WLVZtVi1WLVYtVi1WLVYtRi1WLVYtVi1WLVYtVi1WLVY
rVitWK1YrRi1GLUYtRi1GLUYrRitF60XrRetV7UXtRe1F7UXtNetF60XrRetF60X
rRetF6TXpNek16TXrNes16TXpNek16TWpNak1pzWpNak1pzWnNWc1ZzWnJaclpSW
nJWclZyVnJWcVZSWlJaUlpSWlFWUVZRVlFWUVIxUjFSEFIPSc1FajUHKQclazXuR
jBSUVZRVlFSUVJRUlFWUVZRVlFWUVYxUjFSMVIQTe9NzknOSc5JzkmuRc9F8EoQS
hBSMFIwUjBSMFIwUjBSMFIQUhBSEFIQUfBOEE4QThBOEE4QThBOEE4QThBSEE4QT
hBN703vTe9J703vTe9N703vTe9N703PSc9Jz0nPSc9Nz03PTc9Nz03PSc9Jz0nPS
c9Jz0mvSa9JrkmOSa5JrkmuSa5JrkmOSY5JjUWuRa1FrkWuRa5FjkWORY5FjUWNR
jBKMEowSjBKMEpQSjBKME4wTjBOME4wTjBOME4xTjFOMU4wTjBOME4wTjBOME5RT
lFOUU5xTlFSUVJSUlJSUVZRVlFSUVJRUjFSUVIxTlFSUVJRUlFWUVJRUlFSUVJRU
lFSUVJSUlJSUlZSUlJSUlJyUnNSc1JyUnJSclJSUlJWUlZyVnJWclZyVnJWclZyV
nJWUlZyUnJSUU5RTlFOUU5RUlFSUlJSUnJSclJyVnJWclaTVrNatFq0XrRetGK0X
tRetWK1YrVitWK1YtVi1WLVYtVi1GLVYtVi1WbVYtVi1WL1YtVi1WLVYtVi1WLVY
tVi1WLVYtVi1WLVYtVi1WLVYtVi1WLVYtVi1WLVYrVi1WLVYtVi1WLVYtVitWLVY
tVi1WLVYtVi1WLVYtVi1WLVYtVi1WLVYtVi1WLUXtRe1F7UXtRe1F7UXtRetF60X
rRetF60XrRetF60XrRetF60XrRetF6UXrRes16zXrNes16zXrNek16TXpNak1qTW
pNaklqTWpNak1qTWpNak1qTWpNaclpyWnJeclpyWnJaclpyWnJaclpyWnJaUloxU
jBODkXMOWktKCVpMa1CEE4xUjFSUVZRVlFWUVZRVlFWUVZRVlBWUVZRVjFSMVIRT
hBSEFIPUhBOEE4QThBOEFIwUjBSMFIwUjBOEE4QThBOEE4QThBOEE4QThBOEE4QT
hBN8E4QThBOEE4QThBOEE3vTe9N703vTe9N703vTc9N703vTe9Nz03PSc9Jz03OS
c9Jz0nPSc9Jz0nPSc9Jz0nPSc9JrkWuSa5JjkmuSa5JrkmuSY1JrkmuSa5JrkmuS
a5JrkmuSY1JjUWNRY1FjUYwSlBOME4wTjBOMEoxSjBKMEoQSjBKMEowTlBOUE4wT
jFOMU4xTjFOMU4xSjFOMVIxTlFOUU5SUlJSUlZSVlJSUVJRUlFSMU4xTlFOUVJRU
lFSUVJRUlFSUVJRUlFSUVJRUlFSUlJRUlJSUVJSUlJSclJyVnJSclZyUnJSclJyU
nJSclJyUnJWclZzVnNWclZyVnJWclZyUlFOUU5RTlFOcU5RUnFSclJyUnJSclJyV
nNWk1qUWrRetF60XrRetV60XrVe1V7VXtVi1WLVYtVi1GLUYtRi1GLVYtVi1V61Y
tVm1WLVYtVi1WLVYtVe1WLVYtVi1V7VYtVi1WLVYtVitWLVYtVi1WLVYtVi1WLVY
tVi1V7VXtVe1V7VXrVe1V7VXtVe1V7VYrVi1WLVYtVi1WLVYtVi1WLUYtRi1WLUY
tRe1F7UXtRe1F7UXtRe1F7UXtRe1Fq0XrRetF60XrRetF60WrRelF60XrRetF60X
rRelF6TWpNak1qTWpNak1qTWpNak1qTWpNak1qTVpNak1qTWpNac1pzWnNWc1pzW
lJWclZyVnJWclZyVnJSUlIxTe9FrT2MNaw5zUIPSjBOMVJRUlFSUVJRUlFWUVZRV
lFSUVJRUjFWMVYxUjFSMVIxUjFSMVIwTjBSMFIwUjBSMFIwUjBOME4xTjBSEFIQU
hBOEE4QThBOEFHwThBSEFIQThBOEE4QThBN8FHwTfBN8E3vSe9N703vTe9N703vT
e9Nz03PTc9Nz0nOSc9Jz0nPRc9Jz0nPSc9Jz0nPSc9Jz0nPSa5JrkmuSa5JrkmuS
a5JrkWORY5JjkmOSY5JjkWuSa5JjUmNSY1JrUmNSY1KMEowTjBOME4wTjBOME4wT
jBKMEowSjBKMEowSjBKME4wSjBKMEowSjBKME4wTjFKUUpSTlJOUk5SUlJSUlJSU
jJSUU5RUlFOUU5RTjFOMVJRUlFSUVJRUlFSUVJRUlFSUVJRUlFSUlJSUlJSUlJSV
nJWclZyVnJWUVZyVnJWclZyVnJWclZyVnJWc1ZzVnNWklZyVnJWcVJRUlFOUU5RT
lFOcVJSUlJSUlJyVnJWklaSWpNak1q0XrRetGK0XrRi1F60XtRi1WLVYtVi1WLUY
vVi1WLVYtVi1WbVYtRi1WLVYtVi1WLVZtVi1WLVYtVi1WLVYtVi1WLVYtVi1WLVY
tVi1WLVYtRm1WbVYtVi1WLVYtVi1WLVYtVi1WLVYtVi1V7VXvVi1WLVYtVi1WLVY
tRi1GLUYtRi1GLUYtRi1F7UXtRe1F7UXtRe1F7UXtRe1F7UXtRetF60XrRetF60X
rRetF60XrRetF60XrNas16zXrNes16TXpNek1qTWpNeklqTWpNak1qTWpNak1qTW
pNac1pzWnNac1pzWnNac1ZTVnJWclZyUnJWclZyVlJWMVIQTe9J70oQSjBSMVZRV
lFSUVJRUlFSUVJRVlFSUVJRUlFSUVIwUjFWMVIxUjFSMVIxUhFOMU4xUjFSME4wT
jBOME4wTjBOME4wThBOEE4QThBOEE3wThBOD04QThBOEE4QTfBN8E3wSfBN8E3wT
fBN703vTe9N703vTc9Nz03PTc9Nzk3PTc9Nz03PSc9Jr0WvSa9Jz0nPSc9Fz0nPS
c5JrkmuSa5JrkmuSa5JrkmuRa5FrkWuRa5JjkmOSY5JjkmOSY1FjUWOSY5FjUWNR
jBOME4wTjBOME4wTjBOME4wSjBKMEowSjBKMEoxSlFKMUoxSjBOMEowTjBOME4xT
jFOUU5STlJSUlJSUlJSUlIyUlFSUVJRUlFSUVIxTlFOUU5RTlFSUVJRUlFSUU5RU
lFSUlJSUlJSUlZSUlJSUlJyVnJWclZyUnJSclJyUnJWclZyVnJSclJyVnJSclZyV
nJWclZyVnJSUU5RTlFOUU5STnFScVJxUnFWclJyUnNWk1aTVpNes16zXrRetF60Y
rRetGK1YrVitWLUYtRi1GLUYtVi1V7VXtVi1WLVYtVm1WLVYtVi1WLVYtVi1WLVY
tVi1WLVYtVi1WLVYtVi1WLVYtVi1WLVYtVi1WLVYtVi1WLVYtVi1WLVYtVi1WLVY
tVi1WLVYtVi1WLVYrVi1WLVYtVi1WLVYtRitGLUYtRitF60XrRetF60XrRetF60X
rRetF60XrRitF60XrRetF60XrRetF60XrRetF60XrRetF6zXpNak1qTWpNak1qTW
pNak1qTWpNak1qTWpNak1pzWnNac1pzWnNac1ZyVnJWclZyVnJWUlZyVnJWclZSV
lJWMVIxUjFSUVJRUlJWUVZRVlFWUVZRVjFSUVJRUlFSUVJQUjFSMVIxUjFSMVIxU
jFSMVIxUjFSMU4xTjFOMU4wTjBSMFIwUjBOME4wTjBOEE4QThBOEE4QThBOEE4QT
fBJ8E3wThBSEE3vTe9N703vTe9N70nvTc9N703vSe9Jz0nPSc9Nz0nPSc9Jz0nPS
c9Jz0XPSc9Jr0muSa5JzkmuSa5JrkmuSa5JrkmuSa5JrkmOSY5JjkmuSa5JrkWuR
a5JjkmNSY1JjUmNRY5FjUYwTjBOME4wTjBOME4wTjBKMEowSjBOME4wSjBKUE4wT
jBOME4wTjBOME4xTjFOMU4xTlFOcVJSUlJSUlJSUlJSMlZRVlFSUVIxUlFSMVJRU
lFSUVJRUlFSUVJRUlFSUVJRTlJOUk5RUlFSUVJSUlJWUlZyVnJWclZyVnJWclZyV
nJWclZyVnJWclaSVnJWclZyVnJWclZyUlFOUU5xTlFOUU5RUnFSUVJRUnJWclaTV
pNak1a0XrRetF60XrRetF60XtRi1GLUYtRi1GLUYtRi1GLUYtVi1WLVYtVi1WLVY
tVi1WLVYtVi1WLVYtVi1WLVYtVi1WLVYtVi1WLVYtVi9WLVYtVi1WLVYtVi1V7VY
tVi1WLVYtVi1WLVYtVi1WLVYtRi1WLUYtRi1GLUYtRi1GLUYtVe1V7VXtVe1F7UX
tRetF60XrRitF60XrRetF60XrRetF60YrRitF60XrRetF6UXrRetF60XrRetF60X
rRatFqUWpNak1qTWpNaklqTWpNak1qTWpNak1qTWpJaklqSWnJaclpyWlJaclpyW
nJaclZyVnJWclZyVnJWcVZSVlJWUlZRVlFWUVZRVlFSUlIxUlFSUVJRVlFWUVZRV
lBWMVIxUjFSMVIxUjFSMVIxUjFSMVIxUjFSMU4wTjBOME4wTjBOME4wTjBOME4QT
hBOEE4QUhBOEE4QThBOEE4QThBOEE4QThBN8E3wTe9N703vTe9N703vTe9N703PT
c9Nz03PSc9Jz0nPSc9Jz0nPSc5JzknOSc5JrkmuSa5JrkmuSa5JrkWuSa5JrknOS
c5JrkmuSa5JrkmuSa5JjkmOSY1FjUWNRY1FjUmNSW1GME4wTjBOME4wTjBKMEowT
jBKMEowSjBKMEowSjBKMEowTjBOME4xTjFKMUoxSjFOMU4xTlFSUlJSUlJSUlJSU
lJSUVJRUlFSUVJRUjFOMVJRUlFSUVJRUlFSUVJRUlJSUVJRUlFSUVJRUlFSUVJSU
nJWclZyVnJWcVZyVnJWclZyVnJSclJyVnJWclZyVnJWclZyVnJSUlJRTlFOUU5RT
lJOUk5STlJSUlJyVnJWclaTVpNas1q0WrRetF61XtRi1GLUYtRi1GLUYtRi1WLVY
tVi1WLVYtVi1WLUYtVi1WLVYtVm1WLVYtVi1WLVYrVi1WLVYtVi1WLVYtVi1WLVY
tRi1GLUYtRe1F60XrRetF7VXtVe1WLVYtVi1WLVYtRitGK0YrRetF60XrRe1F60X
rRetF60XrRe1F7UXtRe1F7UXtRe1F7TYrRetF60XrRetF60XrRetF60XrRetF60X
rNes16zXrNes16zXrNes16TWpNak1qTWpNak1qTWpNak1qTWnNak1qTWpNaclpyW
nJWclZyWnJaclpyWnJaclpyWnJWclZyVnJWclZyVlFWUlZSVlJWUlZSVlJWUlYxV
lFSUVJRUlFWUVJRVlFWUVYxUjFSMVIxUjFSMVIxUjFSMVIxUjFSMVIxUhBSME4wT
jBOME4wTjBOEE4QThBOEE4QUhBOEE4QThBOEE4QThBOEE4QTfBN8E3wTdBN8E3vT
e9N70nvSe9Nz0nPSc9Jz0nPSc9Jz0mvSa9Jr02vTc9Nz03PTc5NzkmuSa5JrkmuS
a5JrkmuSa5JjkmuSa5JrkmOSa5JrkmuRa5JrkWuRa1FrUWNRY1FjUWNRY1FbUVtR
jBKME4wTjBOME4wTjBOME4wTjBOME4QTjBKME4wTjBOME4wSjFKUUoxSjFOMU4xT
jFOUVJSUlJSUlJSVlJSMlJRUlFOUVJRTlFOUU5RTlFSUVJRUlFSUVJRUlFSUVJRU
lFSUVJRUlFSUVJSUlJSclJyUnJWclZyVnJWUlJSUnJSclJyUnJSclJyVnJWclZyV
nJSclJyUnJSUU5RTlFOUU5RTlFOUVJRTlJSclJyVnJWklqTWrNas17UXtRe1GLUX
tRe1F7UXtRi1GLUYtVi1WLUYvRi1GLUYtRi1F7UXtRi1GLVYtVi1WLVXtVi1WLVY
tVi1WLVYtVi1WLVYtVi1GLUXtRe1F7TXrRes1qzXpNetF60YrRi1GLUYtRetF6zX
rNes1qzWrNas1qTWpNak1qTWpNas1qzWtRe1F7UYtRe1F60XrRetFqzWpNak1qTW
pRak1qTWpNak1qTWpNak1qzWrNetF60XpNek16TXpNak1ZzVpNWk1qTWrNas1qzW
pNak1qTWnJWclpyWnJaclpyVnJWclZyVnJWclZxVnJWclZyVnJWclZyVnJWclZyV
lJWUlZSVlJWUlZSVlJWMVJRUlFSUVJRUlFSMVIxUjFWMVYxUjFSMVIxUjFSMVIxU
jFSMVIQUjBOMFIwUjBSMFIwUjBSEFIQThBOEE4PThBOEE4QThBSEE4QThBOEE4QT
hBN8E3vTe9N703vTe9N703vSe9J70nvSe9J703PTc5Nz03PSc9Jz0nPSc9Jz0nPS
c9Jz0nPSc5JrkmuSa5JrkmuSa5JrkmuSa5JrkWuSa5JrkmuSa5JjkWOSY5JjkWOR
Y1FrUWtSY1FjUWNRY1FjUYwTjBOME4wTjBOMEowTjBOME4wShBKEEowSjBOME4wT
hBOME4xTjFOME4wTjBOME4xTlFOUU5RTlJSUlJSUlJSUVJRUlFSUU5RTlFOUU5ST
lFOUVJRUlFSUVJRTlFSUVJRUlFScVJRUlFSUlJSUnJSclJyVnJWclZyUlJSUlJTU
lJSclJyUnJSclZyVnJWclZyVnJWclZSUlFOUU5RTnFOUU5RUlFSUVJSVnJSclaSV
pNak1qUXrRetF60XrVitF60YrRitGK0YtRi1GLUYtRi1GLUYtRe1GLVYtVi1WLVY
tVi1GLVYtVi1WLVYtVi1WLVYtVi1WLVYtVi1WLVYrRitF60XrNes1qTVnJWclKSV
pNak1qzXrNes16TXpNaclpxVnFScVJxTnFScVJxUnFScVJxUpFWklazWrRe1F7UY
tRes16TWpNaclZyUlFScVJxUnFWcVZxVnFWklaSVpJas1qzWrRes16zXrNaklpyV
nJWclZyVpNWk1qTWpNak1qTWnNaclZRVlFSUVJRUlFWUVZxVlFWUVZRUlFSUVJSU
lJWclZyVnJWclZyVnJWUlZSVlJWUVZRVlJWUVJRVlFWUVZRVlBWMVIxUjFSMVIwU
jFSMVIxUjFSMVIxUjFSMVIxUjFSEFIwUjBSMFIwTjBOEE4QThBOEE4QThBOD1IQT
hBOEE4QTfBN8E3wTfBN8E3wSe9J703vTe9N703PTe9Nz0nPSc9Jz0nvSe9Jz03PS
c9Jz03PSc9JrknOSc5Jz0nPSc9Jr0muSa5JrkmuSa5JrkmOSY5JrkmuSa5FrkmuS
a5JzkmuSa5JrUmtRY1FjUWNRY5FjUWNRY1FjUWNRY1GME4wTjBOME4wSjBOME4wS
jBKMEoQSi9KME4wTjBOME4wTjBOMEowSjBKMEowTjBOME4xTlFSUVJSUlJSUlJRU
lFSUVJRUlFSMU4xTlFOUU5RTlFOUU5RTlFOUU5RTlFSUVJRUlJSUlJRTlFOUlJyU
nJWclZyVnJWclZyVnJSclJyVnJWclZyVnJWclZyVnJWclZyVnJWcVJRTlFOUU5RT
lFOUVJRUlFSclJyUnJSklaTVpNak1qzXrRetF60YrRitF60YrRi1GLUYtRi1GLUY
tRi1GLVYtVi1WLVYtRi1GLUYtRi1WLVYtVi1WLVYtVitWLVZtVi1WLUYtRitGKTX
pJaclpxWnFWUE4vRg5CUEpxTnFScVaSVpJaklZyUlBOMEovRg9CL0YvRjBGMEYwR
jBGL0ZQSnFSklazWrRetF60XrNeklpxUjBKMEYPRi9GL0YPRi9GD0YPRlBOUU5yU
pNWk1qTWpNak1qTWnJWUVJRTlFOUVJyVnJac1pyWnNaclpSWlFSME4wSjBKMU4xT
lFOME4wSjBOMEowTjFSUVJRVlJWUlZSVlJWUlZSVlJWUlZSVlFWUVZRVjFWUVZRV
lFSUVIxUjBOEE4QThBOEE4QUjBOME4xUjFSMVIxTjBOME4wTjBOEE4QThBOEE4QT
hBOEE4QThBOEE4QThBOEE4QThBOEE4QThBN8EnwTe9N703vTe9N70nvTe9N70nPS
c9Jz0nPSc9Jz0nPSc9Jz0nOSc5JzknOSc5JzknOSc5JzkmuSa5JrkmuSa5JrkmuS
a5JrkmOSa5JrkmuSa5JrkmuSa5JrkmOSY5JjUWNRY1FjUWNRY1FjUWNRY1FjUWNR
jBKMEowSjBKMEowTjBKMEovSjBKME4wTjBKME4wTjBOME4wTjBOUE4wTjBOME4wT
jFOUU5RTlFSUlJSUlJSUVJRTlFOUU5RTlFOMU4xTlFSUVJRUlFSUVJRTlFOUU5RU
lFSUVJRUlFSUVJRUlFSclZyVnJWclZyVnJWclZyVnJWclZyVnJWclZyVnJWclaTV
nJWclZyUlJSUU5RTlFOUU5RTlFScVJxUnJSclJyUpJWk1qTWpNalF60XrRetGK0Y
rRitGLUXtRe1F7UYtRi1GLUYtVi1WLVYtRi9GLUYtRi1GLUYtRi1GLUYtVi1WLVY
tVi1WLVYtVi1GLUYrNeklpxVlBOUEowSe5BqjGJLcs2LkJPRlBKcU5yUnJSME4OR
e09zDmrMas17DXLMcw17DnsNcs17DpQRnJWs160XrRes16TWnFSL0ntPasxqzHMN
ew1yzHLMcsx7DYOPjBGUU5yVnNaklpyWnJWcVZQTg5CDkIOQjBKUU5RUlJWclZyV
lJWUVYwTe5B7T3tPg1CDkYORg5GDUXtQe1CDkYPSjBOUVJRUlFWUlZSVlJSUlZSV
lJWUlZSVlJWUVYxUlFWUVZRVlBSME4QTe9FzkHOQe5F70oQShBOME4xTjBOEE4QS
hBOD0nvShBJ70XvRe9F70XvRe5F70YPRe9F70XvSg9KEE4QThBOEE4PTe9N70nvS
e9J70nvSe9J70nvSe9Jz0nPSc9Jz0nPSc9Jz0nPSa5JrkmuSc5JrkmuSa5JrkmuS
a5JrknOSa5JrkmuSa5JrkXORa5FrkWuRa5JrkWuRa5FrkmuRa5FrkWtRY1FjUWNR
W1FjUWNSY1JjUWNRY1FjUYwSjBOME4wTjBOME4wThBOEE4QThBKEEowSjBKMEowS
jBKME4wTjBKME4wTjBOMU4xTlFOUU5STlFSUlJSUlFSUVJRUlFSMU4xUjFOMU4xU
lFSUVJRUlFSUVJRUlFSUVJRUlFSUVJSUlJSUlJRUnJSclZyVnJWclZxUnJSUlJyU
nJSclZyVnNWclZyVnJWclZyVnJWclZyVlFSUU5RTlFSUVJRUnJSclZyUnJSclKSV
pNak1qzXrNetF60XtRe1F7UXtRi1GK0YrRetF7UXtRi1GLVXtVe1V7VYtVi1GLUY
tRi1GLUYvVi1WLVYtVi1WLVYtVi1WLVYrRitGK0XnJWME3uQe09zD2KMSglJyVJK
aw17ToOPi9CUUpxUlBN7UXNRas9aTFpNas5izmLOas5qjVpLas6L0ZyUpNatF60Y
rReclYvTcw9aTFHIUchiSVoKUclRyVHJWclqjHsPjBKUVJRVlFSMFIwUjBODkWJN
ao1yzoNQi9KME4wUlFSUVJRUjBN7kVpMWktajGrNas1qzWLNYotii2KLasx7j4QS
lFSUlJyVnJWclZSVlJWUlZSUlJWUlZRVlFWUVZRVlFWUVYxUhBN70WtPYs1izWsO
c1CD0oQSjBKME4wTjBOD03uRe5FzUHNQa1BrUGtQa1BrUGtQY09rT2tPc5B70XvS
e9J8E3wTfBN8E3vSe9JzkWtQa1BrkWuSa5JrUWuRa5FrkWuSc9Jz0nOTa5NrkmuS
a5JrkmuSa5JrkmtSa1JrkWuRa5FzkmuSa5JrkmuSa5JrkmuSa5JrkmuRa1FjkWOR
Y5FjkWORY5JjkWtRY1JjUmNRY1JjUmNSa1JjUWNRY1GME4vTjBOME4wTjBOME4wT
jBOME4wTjBOME4wTjBOME5QSlBOMEowSjBKMEowSjBOMU5RTlFOUU5RTlFSUVJRU
lFSUVJRUlFSME4xUjFSUU5RTlFOUVJRTlFOUU5RTnFOUk5RTlJOUlJSUlJSUlZSU
nJSclJyVnJWclJyUnJSclJyVnJWclZyUnJWclZyVnJWclZyVnJWclJRTlFOUU5RT
lFOUU5xUnFOck5yUnNWk1aTWrNatFq0XrRetF7UXrRetF7UYtRi1GLUXtRe1F7UX
tVe1V71XtVi1GLUYtRi1GLUYtVi1WLVYtVi1V7VXtVe9V7VXtVe1V7VYrRitF5yV
jBN7kXMPYs5SDEnKSclSS2LNcw5zT4PRlFOcVZRVg9N7knuSWo1ajmsPaw9zT3NQ
cw9ijWrNi9KclKzWrRetF60XnJaD0mrOScpByUGJScpJy0nLSctJy0nLUktzD4QS
jFOMU4xSjBKL0YOQcw5SClIJYopzDIOPg9CD0YwSjBOEEnOQYw1RyUGHSYhKClIK
ScpJyUHJQchJyFJKe06L0pRUnFWclZyVnJWUlZRVlFWUVYxUlFSUVZRVlFWUVJRV
lBWMFIPSa1BajUoKSgpSi2sOe9F70oQShBKEEnwRe9FzUGsPYs5azVKNSkxSS1qN
Wo1SS1JKUkpSSmMNc5B70nwSg9N8E3vTe9JzkmtRWs5azlLNWw9jUFsPWs5ajlsO
Y1BrkWuRa5FrkWNQWw9bD1sPY1BjUGNQYxBbEFsQWxBjUGtRa1FrkXORc5FrkWuS
a5JrkmuSa5JrkmuRa5JrkmuSY5JjUWNRY1FjUWNRY1FjEWNRY1FjUmNSY1FbUVtR
jBKME4wTjBOME4wTjBOME4wSjBOL04wTjBOME4xTjFOME4wTjBOME4wTjBOME4wT
jBOUU5RTlFOUVJRUlJSUlJRUlFSUVJRUjFSMVJRUlFSUVJRUlFSUU5RTlFOUU5RU
lFSUVJRUnFSUVJRUlJSUlJyVnJSclJyUnJSclJSUlJSclJyUnJSclJyUnNWclZyV
nJWclZxVlFSUU5RTlFOUU5RTlJOUk5STnJSclJzVpNWk1qUWpRatFq0XrVetF60X
rRe1F7UYtRe1F7UXtRe1F7UXtRe1GLUYtRi1GLVYtRi1WLVYtRi1GLUYtRi1GLUY
tRe1F7VXtVi1WLUYrRik15RUg9JzkXMPYo1Jy0oKYo1rD3NPe9GMU5yVpNaclYwS
e5F7kGMOWs1zUHNQa1B7kXtQao1qzovSnFSk1q0XrRis15yVg5JizlILScpByUoL
SgtKC0ILQgpKCUpKa06EEYxSjBKL0YORe5BzT2LNQYhBh0nIYotzTntOe4+D0YvT
g9JzT1qMQck5iDFHOYg5iTmIQclByUHJSgpajHuQjBOUVJSVlJWUlZSVlJWUlZSV
jFWUVZRVlFWUVJRUlFSUVIxUhBR70mMPSkw5yTmIQclizXNRe5J7knuSe5J70nOR
YxBazlKMQgo5yTGIMcg5yDmIOUYxRjFGOchSjWtRe5J70nvTe9N70nORY1BSzUIK
OclCCUpLSktCSznJOclKSlqNYw5jUGNQWw9KjUJLQgtKS0pMUo1SjUpMQkxKjFKN
Us5bD2NQY5BrkWuRa5FrkWuSa5FrkmuSa1FrUWtRa1FrUWtSa1JrUmtSY1JjUmNR
Y1FjUmNSY1FjUWNRY5FbUYwSjBKMEowTjBOME4wTjBOME4wUhBOEE4QTjBOME4wT
jBOME4wTjBOMEowTjBKME4wTlFOUVJRTlJSUVJRUlFSUVJRTlFSUVIxUjFSMVJRU
lFSUVJRTnFOUU5RTlFOUVJRUlFSUVJRUlFSUVJSUlJSclJyUnJSclZyUnJSclJyU
nJSclJyUnJSclJzUnJWclaSVpJWkVJxUlFOUU5RTlFOUVJRUlFScVJxUnJWclaTV
pNatFq0XrRetF60XrRetF60XrRetF7UXtRe1F7UXtRe1F7UXtRe1F7UXtVe1V7VX
tVe1V7UXtVe1V7VXtRe1V7UYtRi1GLUYtRitGK0YpNeUVHuQcw5ijVqLUgpSClpL
YoxyzYOQlFOklaTXnJaMFHuScw9ijWKOe5GD0nuRc1FrEFqMYs2L0ZyVpNatF60Y
pNeUVXuRWo1JykHKQclKC1JLUktKCkoKQclKCmtPg9KMVIwUjBOD04OSc1BSTUHJ
OYdByFpMcw97UHuRg9OME4PSaw9aTEGJOUg5iDmIOYg5iEHKQcpBykoLWo1zkYwT
lFSUVJSUlJSUlJSUlJSMlJRUlFSUVZRVlFWUFZRVjFSEE3vSa1BazkIKOYgxiEHJ
WsxrTmtOa05rTnOPc9FzkmMQWo5KDTnJKUYpBikGMUcxRykGKMYpBjmHSkxjD3OR
e9J70nvSe9JzkWLOSgs5iDFHMUcxRzGHKUUpBTEFOYdByVqMWs9az0qNOckpRylI
OclCCkIKQckxRykHKUg5iUHKSkxbD2OQa5FrkWNRa5FrkWuRa5JjkmtSY1JrUmNS
Y1FjUWtRa1FjUmtRY1FjUGNRY1FjUWNQY1FjUVtRW1GME4wTjBOME4wTjBOME4wT
jBKEE4QThBOME4wTjBOME4wSjBKMEowTjBOME4wTjBOME4xTlFOUU5xUlFSUVJRU
lFSUVJRUjFOMVIxUjFSMVJRUlFSUU5RTlFOUU5RTlFOUVJRUlFSUVJRUlFSUVJSU
lJSclZyVnJWUlJyUnJSclJyUnJSclJSUlJSclJyUnJSclJyVnJScVJRUlBOUU5RT
lFOUU5xTnFScVZyVpNWk1qTWpNas160XrRetF60XrRetF60XtRe1F7UXtRe1F7UX
tRe1F7UXtRe1V7UXtVe1V7VYtRe1F7UYtRi1GLUYtRi1GLUYtRi1GLUYtRitGKTX
lFV7UWKOYk1aTVoMWk1aTWIMao2DUJRUpJak15yWjBVzkmtQYo1qzoORg9N7knNR
Yo5iTHLNi9GklKzWrRetF6TXlFV7UVpNScpByUHJSgpKSkoKQcpByUHISglzToQS
lJSUlZSWlJaMFXuTWo9CCjnISkprD3uRg9OMFIwUjBWEFGsQUkxBiUGJOUk5iTmJ
QclByUIJSgpSS2LOe5GME5RUlJSUlZRVlFWUVZRVlFSUVJRUlFSUVJRUlFSMVIwT
e9JzUGLOSksxiDFIMUg5iVILUkxSS1JMWs1rT3ORa5FjUFKOSkw5iTFHKQYpBikH
KQcoxiDFKQYxh0pKYw9zkXvSe9N70nvSa5FazkoMOYoxSCkHIQYYxSDFIMUhBikH
OYlKTFrPWs9KTTGJGQchRzGIMck5iTFIIMYgxSEFKQYxR0ILUs9jUWuSa5JrkmuS
a5JrkmuSa1FrUWNRY1FjUWNRY1FjUWNRY1FjUWNRW1FjUWNSY1FjUWNRY1BjUFtQ
jBKME4wTjBOMEowSjBKMEowTjBOEE4QTjBOME4wTjBOUE4wTjBKMEowSjBKMEowS
jFKMU5RTlFOUVJRUlFOUVJRUlFSUVIwUjFSMVIxUjFOUU5RTlFOUU5RUlFOcVJRU
lFSUU5RUlFSUVJxUlFSUVJyVnJWclZyVnJWcVJyUlJSUlJSUnJSclJyUnJSclJyU
nJSclJyUnJScU5QTnFOUU5RTlFOUVJRUlJSclaSVpNak160XrRetF60XrRetF7VX
tRe1F7UXtRe1F7UXtRe1F7UXtRe1F7UXtVe1V7UXtRi1GLUYtRi1GLUYtRi1GLUY
tRi1GLUYtRi1GLUYrRek1oxTc1BizmLNas5zD2sPaw9ajmrOg5GcU6TWpNaclYwU
g5JzD2KNYo17UHvSg9J7kXMPWkxqzovSnJWs1q0XrRek1pRUc1BSjEHKQchByEoJ
SglBiEHIQYhByEoKcw+MEpyVnNac1pyWjFR7kmMOUgpJyWKLc1CD0owTlFScVZRV
jBRrEFJMQco5yTnJQgpCCkHKQcpCCkoKUoxjDnOQhBKMU5RUlFSUVJRUlFSUVJRU
lFSMVZRVlFWUVIxUjFOEEnORaw5SS0oKOYgxRzFHMUc5iDnIOclCClrNc1BzkGtQ
aw9SjUoLOYgpBiDFIQUhBSDFIMUgxSEFKUdCCmMPc5F704PTe9Nz02uSWw9KTTnL
MUgpRyDFGIUgxSjGKQYxR0HJSk1a0FrQSk4xiiEHKQgxiTGJMUkpBxjGEIQYhCDG
KQZBy1KOYxBrUWuRa5FrkWuRa5FrUWNRa1FjUWNRY1FjUWNRY1FjUWNRY1FjUWNR
Y1FjUVtRW1FjUWNRW1FbUIwTjBOME4wTjBOME4wTjBOEE4QThBOEE4xSjBKMEowT
jBOME4wTjBOME4wSjBKMEpQSlFOUU5STlJSUlJRUlFSUVJRUlFSMVIxTjFOMU4xT
lFOUU5QUlFSUVJRUnFSUVJRUlFSUVJRUlFSUVZRUnFSclJyVnJWclZyUnJSUlJSU
lJSUlZyVnJWclJyUnJSclJyVnJSclJSUlFSUU5RTlFOcU5RTlJOUk5yUnJWclaTW
pNas160XrRetF60XrRetF60XrRe1F7UXtRe1F7UXtRe1F7UXtRe1F7UXrRetF7UX
tRe1F7UYtRi1GLUYtRi1F7UXtRetF7UXtRi1F60YpNaME3MOao1qjXLOcw9zD2rP
WgxiTYuSnFSklZyVlFOMEnuQas1aS2KMe0+DkIOQe09qzVpLaw2MEaSVrRatF60X
pNaUFHMPWktJykGJQYhJylHKQYlBiEGIQYhSCnMPi9KcVaSWnJaUVYPTc1BijkoM
ScpaTHNPg9GMEpRUlJWUVYwUaw9STUHKQclBykoLSgpKC0pMUkxSS1qMYs1zT4PS
jBOMU4xUjFSMVJRUlFSUVJRUlFSUVJRUlFSMVIwTg9JzkGMOSkxByjmJMUgpBykG
KQYxRkHIUk1rUHORe5JzUWsQUo5BzDGIIQYgxSDFIMUgxCDFIMUgxSkGQcpiz3OR
e9J70nvSe9JrUVrOSgw5iTFIKQgYxhjFGMUhBSkGMUdBi0pNWs9az0pNMYggxhjG
KUcpRyFHIQYYxRiFGIQYxSDFOclSjWMQa1FrUWORY5FjkWORY5JjkWNRa1FjUmNR
Y1FjUWNRY1FjUWNRY1FjUWNRY1FbUVtRY1FbUVtRW1GME4wThBOME4wTjBOME4wS
jBKMEoQSjBKMEowSjBKME4wTjBOME4wTjBOUE5QTlBOUE5RTlFOUVJRUlFSUVJRU
lFSUVJRUjFOMU4wTjFOUU5RTlFOUU5RTlFOcU5RTlFOUU5RUlFSUVJRUlFWUVJRV
lFWclZyVnJWclZSVlJWUlZSVlJWclZyVnJWclJyVnJWclZyVnJWUlJRUlFOUU5xT
lFOUU5RUlFSUVZyVnJWk1qTWrNatF60XrRetF60XrRetF60XrRetF7UXtRe1F7UY
tRe1F7UXtRe1F7UXtRe1V7UXtRe1F7UXtRi1GLUXtRe1F7UXtRe1F7UXtRetF6TW
g9JizWLNaw5zUXNSc1JrEFoOWkyDkZyUnJWcVJQTi9J7UGrOWkxazXNPe5B70XOQ
as5aTHNPlBOklazWrNelF6TWjBRrD1JLSgpByUHJScpJyUGJOYlBiEnJUktzD4wS
lFSclJRUjBJ7kGsOYo1aTVoMUgxizXNQg9GMEpRUlFSD0mrPWkxJykmKSgpKS0oL
SgtSTFqNWktaS2KNaw57kIQSjBKMEowTjBSUVJRUlFSUVJRUlFSMVIxUjFOMU4QS
c5FrD1JMQcpByTmIMUcpBSkFMUZByVrOc5F703vTc9JrUVqOQgwxSSEHIMUgxSDF
IMQgxSDFIQUpBkHJWs5zkXPSe9J70nOSa1BSjUILOYkxSCkHGMUYhBjEIQUpRilH
OYhKClKMUo5KTTGLIMYYhSEHKUchBhkFGIQQgxiEGIQYhTGJSk1jEGtRa1FrUWtR
a1FrUWtRa1FrUWNSY1JjUmMRY1FjUWNRY1BrUWNRY1FjUWNRY1FjUWNRY1BjEVsR
jBOME4xTjBOME4QShBKMEowSjBOEE4QTjBOME4wSjBOME4wTjBKUEowSjBKMEowT
jBOUU5RTlFSUVJRUlFSUVJRUlFSUVIxTjFSMVIxTjFSUU5RTlFOUU5RTlFOUE5RT
lFOUU5RUlFSUVJRUlFSUVZSUnJWclZyVnJWUlZSVlJWclZyVnJWclJyUnJSclJzU
nJSclJyUnJSUVJRTlFOUU5RTlJOcU5xUnFSclZyWpNas1qzWrRetF60XrVetF7UX
rRetF7UXtRe1F7UXtRe1F7UXtRe1F7UXtRe1F7UXtRe1F7UXtRe1F7UXtRe1V7UX
tVe1V7VXtVe1F7UXrRecloPSas5yzoNQg5KDkoOSe1Fqz2qPi5OcVaTWpJWUVYwU
i9N7UWrPcxCDkovTi9OD03NRYs17kJQTpJWs1q0XrRek1owUaw9ajVpMSgtJylIL
SgpByUnKScpJylILaw6D0YwTlBOMEoOQcw5qzWrOaw9izlJMWoxrDXtPg5GMEowT
g9FjDlJMUgtJyVILUgtSCknJSgtSTFJMUkxSjWMPc1B7kXvSe9GD0YQRjBOUU5RU
lFSUVJRUlFSMVIxUjFSEE3vSaxBSjUILQgs5yjmJKQcpBzmJSgtiznNRe5J703uS
c1FajUIKMYghBiDFIMUoxSkFIQYhBiEFIUY5yVrOc5F70nvTe9NzkmMQSkw5yjGJ
MUgpRyDGGIQYhCDFKQYpRzFIOYlKS1LOUs8xyyEGGMUpBikGIMYgxhiEGIQYhBiE
EIQxSUJOWtBjUWuRa5FrkWuRa1FrUWtRY1FjUWNRW1FjUWNRY1FjUWNRY1FjUWNQ
Y1BjUGNQY1FbUVtRWxFbEYwSjBKMEowSjBKMEoQTjBOEE4QThBOEEoQSjBKME4wT
jBOME4wTlBOME4wTjBOME4wTjFSMU4xTlFOUU5RUlJSUVIxUjFSMVIxUjFSMVIxU
lFSUVJRUlFSUU5RTlFOUU5RUlFSUVJRTlFOUU5RTlFSUlJyVnJWclZyVnFSUlJRU
lJWUlZSUnJWclJyUnJSclJyUnJSclJyUlFSUU5RTlFOcU5RTnFOcVJxUnJWc1aTW
pNas160XrRetF60XrRetF60XrRe1F7UYtRi1V7UXtRe1F7UXtRe1F7UXtRe1GLUX
tRe1F7UXtRe1F7UXtRe1F7UXtRe1F7UXtRe1F6zXpNaL0ntPew6DUIuRi5GDkYNQ
cw57D5QSpJWs1qTWpNaclZQUi9J7UIORlFOUVJRVjBR7UnMPg5GUU6TVrRetF60X
pNaUFHNRcxBqzmKNYo5ijlpNWgxaTFpMWkpaS3sPg9GMEowSg5B7T3MOcw9zD3MQ
cxBqz2KNas1zTnuQg9GD0nuRYw9ajFpMUktSS1qMWktRylHKUgtaSlpMWoxrD3tQ
e5B7UHtPe0+D0YQSjFOMVIxUlFSUVJRUjFSMVIxUhBN70mMPUoxSTEpLSgpBySlH
MUdByUoKWo1rD3NRe5J7kmLPSks5yTFHKQYgxSjFKQcpSCkHKMYgxikHQcpajXNR
e5Jz0nPTa5JjEFKOQcs5iTFIKQcgxRiEGIQgxikGKQcpSDGISktSzUqMMYkYxRCE
IMUhBiEGIMUYhRiEEIQYhBjFMYhCTFsPa1FjUWNRY1FjUWNSY1FjUWNRY1FjUWNR
Y1FjUGNRY1FjUWNRY1FjUGNQY1FbUVtRW1FbEVsRWtGMEowSjBKME4wTjBKME4wS
jBKEEoQShBKEEoQSjBKMEowSjBKUEowSjBKL0owSjBOMU4xTjFSUVJRUlFSUVJRU
lFSUVIwUjFSMVIxUjFSMVJSUlFSUVIxUlFSUVJRUlFSUVJQUlFSUVJRTlFOUVJRU
lFSclZyVnJSclJyUlJSUVJSVlJWUlZTVnJSclJyUnJScVJyUnJSclJRTlBKUU5RT
lFScU5RUnFSclJyUpNWk1qTXrNes16zXrRetF60XrRetF7UXtRe1F7UXtRe1F7VX
tRe1F7UYtRe1F7UXtRe1F7UXtRe1F7UXtRe1F7UXrRe1F7UXtRe1F7UXtRetFqTW
lFWL04vSi9OL05QUjBSME4vSi9KcVKyWrNatF60XpNaUVYwTg9KME5xWnJacloxT
g9KD0pQTnJWk1qTXrRetF6TWjFSEEoPSe9JzUXNRc1FzUWtQaxBrD2sOaw5zkIQS
jBKL0oORe5F7kYPSg9J7kXuQe1F7UXMQc097T3uQg9F7kHNQYw9jD2sQaw9rD1qO
UkxSTFJMWkxqzmsQe5F70XuRc09rDnNOe5CD0owTjBSUVJRUjFOMU4xTjFOEE4PS
c09azFKLUstajVJMQcs5ijnJQgtKS1KMWs5rT2tQaw9SjUILOYk5SCkHIQYpBylI
KUgpBykGIMYpR0HKWs5rUXOSc9N703OSYxBaz0IMOcoxiCkGGMQYwxjEIQUhBilH
MUg5yUpMUo1KCzGIGMUQhCDFIMYgxhjGGMUYhBiEGMQYxTGISk1a0GNSY1JjUmNR
Y1JjUWNRY1FjUWNRY1BrUWNRY1BjUGNQY1BjUGNQY1BbEVsRWxFbEVsRWxFbEFsQ
jBKMEowSjBKMEowSjBKEEoQSg9KEEoQSjBOMU4wTjBOMEowSjBKL0owSjBKMEoxT
jBOMU4xTlJSUlJRUlFSUVJRUlFSMU4xTjFOMU5RTlFOUVJRTlBOUU5RUlFSUVJRT
jFOMFIxUlFSUVJRUlJSUlJyVnJWclZSVlJWUlZSVlJWclZyVnJSklZyVnJWclZxV
nJWclZyUnFSUVJRTlFOUU5RUlFSUVJRUnJSclaSWpNak16zXrNetF60XrRetF60X
rRetF6zXrRetF7VXrRetF60XtRetF7UXrRe1F7UXrRe1F7UXtRe1F7UXtRe1F7UX
rRe1F7UXtRe1F7UXrRetF6TWnJaclpyWnNak1qTWnNaclZyVpNWk1q0XrRetF6UW
pNWclJxUnJWk1qTXpNeclZRUlFSclKTVrNas1q0WrNak1pRVjFSMVIxUjFOEE4wT
jBOEEnvSe9F70XvRg9GME4wTjBOME4wTjBSUVZRUjBSEE4QThBOD0oOSe5GD0oPS
g9KD0nvSg9KEE4PTe5JzUWsQaxBrEHNQe5KD0oQThBOEE3vSa1BzkHvQhBGMEpRT
lFOUVJRUjFSMVIwTjBN70WtPYs1azWMPYw9STUIMSgxSTFJNUo1SjFrNYw1rDmLN
UktByUHJOYgpRzFGMYg5iTFIMUgxSDFIMYhCClrOa1BzknOTe9JzkmtRWtBKDTnL
MUgpBSEFIQUhBSEGIQYpRzGIOcpKTVKNQgsxiCEGIMUhBiEHIQYYxRjEGIQYxCDF
IQYxiEINWtBjEWtSa1JjUWOSY1FjUWNRY1FjUWNRY1BbUVtRW1FbUVtRW1FbUVtR
W1FbUVsRWxFbEVsRWxFbEIwSjBKMEoQSjBKME4wTjBKMEoQShBKD0owSjBKMEowT
jBOME4wTjBOME4wTjBKUU4wSjBOUU5RTlFSUVJRUlFSUVJRUlFSMVIxTjFOMU4xT
lFSUVJRUlFSUVJRUlFOUU5RUlFSUVJRUlFSUlJRUlFSUlJyVnJWcVZxVnJWclZyU
nJSclJyUnJSclJyUnJWclJxVnJWclJyUlFOUEpRTlFOUU5RTlFOclJyUnJWc1aTW
pNas1q0XrRetF60XrRetF60XrRetF60XrRetF60XrRetF60XtRe1F7UXtRi1F7UX
tRe1F7UXtRe1F7UXtRe1F7UYtRe1F7UXtRe1F7UXrRetF60XrRetF60XrRetF60W
rRetF60XtRetF60XrVetF6zWrNak1qzXrRetF6zXrNak1qTWpNas1q0WrNetF6zX
pNeklpyWnJaclpyWnJaclpyVnJWUVJRUlFWUVZSVnJWclZSVlJWUlZyVnJaclpRV
lFWUVJRUlFSUFIwUjBSMFIxUjFSMVIxUlFWUVYxVg9N7knvSg9KD0owTjBSMVIxU
jBSEFIPSe9KEEoQSjBOME4xTjFOMU4xTjFOMU4QSe9FzUGtQa1FrUWtRWs1KS1KM
YtBrUWMQWs9izmMOYw5izlKNSgxKC0nLQco5ykHKQgtCCznKQcpBykHKSgtiznNQ
e5F7knvSe5JzkWLPSk1ByzFIKQcxSDmKOYoxijFKMUk5ijnLSk1SjkpNOcwxSSlI
IQchByEGGMUYxRjFIQYhBiEFMUdCSlLOYxBjUWNRY1JjUmNSWxFjUWNRY1FjUWNR
Y1FbUVsQWxBTEFsQWxBbEFsQUxBbEVsRWxFbEFsRWxCEE4wTjBOME4wTjBOME4QT
hBKEEoQShBKMEowTjBOME4wSjBKME4xTjBOME4wTjFOMU4xTjFOMk5RUlFSUVJRU
lFSUVJRUjFOMU4xTjFOMU5RTlFSUVJRUlFSUVJRUlFOUVJRUlFOUE5RTlFOUVJRU
lJWUlZyVnFWclJyUnJSUlJSUlJSclJyUnJSclJyUnJSclJxUnJSck5RTlFOUU5RT
lFOUVJxUnFScVZyVpNas1q0WrRetF60XrRetF60XrRetF60XrRetF60XrRetF60X
rRetF60XrRetF60XtRe1F7UXtRe1F7UXtRe1F7UXtRe1F7UXtRe1F7UXtRe017UX
tRe1F7UWrRetF60XrVetF60XrRetF60XrRe1F7UXrRetF60WrRetF60XrRetF60X
rNes16zXrNes16zXrNas1qzWpNas1qzWrNak1qTWpNak1qTWnNWklqSWpJaklqSW
pJaklqSWpJaklqSWpJaklpxVnJWclZyVlFWUlJSVlJWUlZRVlFWUVZxVlFWUVJRU
jBSME4wTjFSUVJRUlFSUVJRUlFSME4wTjBOME4wUjFSMVJRUlFOUU4xTjBOME4PS
e9J70nvSe5JzUWLPYw9rUHORe9JzknNRa1FzUXNQaxBjD2LPYw9bD1rOUs5SjlKO
Uo9SjlLOUs1SjVLOYw9zkXOSc9JzknOSa1FazkpMOck5yjnLSkxSjlKOSk1CC0HK
OcpBykpMUo5azlKNOcoxiDFIKQcpCCDHIQchByEHIQYhBilHOkpSzlsQY1FjUWNR
Y1FjUWNRY1FjUVtRW1FbEVsRUxBbEVsQWtBa0FrQWtBbEFsRWxFbEVsRWxFbEFsR
hBKMEowTjBOME4wTjBOME4wTjBOEE4QThBOME4wTjBOME4wTjBOME4wTjBKME4wT
jFOMU4xUjFOUU5RTlFSUVJRUlFSUU5RTjFOMU4xUjFSUVJRUlFSUVJRUlFSUVJRT
lFSUVJRTlFOUU5RTlFOUk5SUlJSUlJSUlJSUlJSUlJSUlJSUlJSclZyUnJSclJyU
nJSclZSVlJSUVJRTlFOUU5RTnFOcVJxUnFWklaTWrNatFq0XrRetF60XrRetFq0X
rRetF60XrRetF60XtRe1F7UXtRetF60XrRetF60XtRe1GLUXtRe1F7UXrRetF7UX
tRe1F7UXtRe1F7UXtRes1q0XrRetF60XrRetF60XrRetF60XrRetF60XrRetF60X
rRetFq0XrRetF60XrRes16zXrNes16zXrNes16zWrRatFqzWrNWs1qTWpNas1qTW
pNak1qTWpNak1qTVpNak1qTWpNaklqSWpJaklqSWpJaclpyWnJaclpyVnJWclZyV
lJSclJyUnJSclJyUlFSUVZRVlFWUVJRUlFSUVJRUlBSUVJRTlFSUVJRUlFOUU5RT
lFOMU4xTjBOME4wTjBOME4PShBOEE4QTe9NzknOSc5J703vTg9OD0nvSe9J7knOS
c5FzknNSc5JrkWtRa1FrEWMQa1FrkWtRa1BjUGtRc5JzknPTc9Nz0mtQYs9KTUpM
Sk1KjltRY1FjUVsQUo5KTEoMQgtKTVrPYxBaz0INOcs5ijmKOcsxiilJMUkpSClH
KUcxiEJLUs5bEGNQY1FjUWNRY1BjUWNRY1FjUVMRUtBKz0qPSo9Kj0qPSo5Kj0qP
UtBa0FsQWxBbEFsQWxBTEIwSjBKME4wTjBOME4wTjBOMEoQShBKEEoQShBKL0owT
jBOMEowSjBKMEowSjBKMEowTjBOUVJRUlFSUVJRUlFSUVJRUlFSMVIxTjFOMU4xT
lFSUVJRUlFSUVJRTlFOUU5RUlFSUVJRTlFOUU5RTlFOclJSUlJSUVZRUlFSUVJRU
lFSUlJyUnJSclJSVlJWclZyVnJWclZSVlFSUU5RTlFOUU5STlFScVJxVnJWclqTX
rNes160XtRetF60XrRetF60XrRetF60XrRetF7UYtRe1F7UXtRe1F7UXrRetF7UX
tRe1F7UXtRe1F7UXrRe1F60XrRe1F7UXtRe1F7UXrRak1qTWpNak1qTWrNas1qzV
rNas1qzWrNas16zXrNes16zXrNes16TXrNes16zWrNas1qzWrNas16zXrNes16zX
rNas1qTVpNak1qTVpNak1qTWpNak1qSWpJaklqTWpNak1qTWpJaclaSVpJaklpyW
nNaclpyWnJWclZyVnJWclZyUnJWclJyUnFScVJyUlFScVJxVlFWUVJRUlFSUVJRU
lFSUU5RTlFOMU4xTjFOMU5RTlBOME4wTjBOME4QTjBOME4wTi9OEE4QThBOD0oPS
g9KD0oQShBKEEnvSg9KD0oPSe9J70nOSe9JzknPRc5JzknORc5JzknOSc5FzknOS
c5JzknPSc5JrkmNRY1FbEFsQa1FrkWuSa5JrkmNRWtBSj1KOUs9jEGNRY1FSj0pO
Uk5Sj1KPSk5CDToLOcs5y0IMSk5Sz1sRW1FbUWNRY1FjUWNRY1FjUWNRY1BbD0qN
QktCCkILQctCC0HLQctCC0pNSo5TD1MQWxBbEFsQWxCMEowSjBKME4wTjBOEE4QT
hBOMEowSjBKMEowSjBOME4wTjBOMEowSjBKMEowSjBKME4wTjFSMVIxUlFSUVJRU
lFSUVJRUjFSMVIxUjFOMU4xTlFOUk5RTlFSUVJRUlFOUVJRUlFSUVJRTlFOUU5RT
lFSclZyVnJWUlJSUlJSUlJyUnJSclJyUnJSclJSUnJSclJyUnJWcVJxTlBOUU5RT
lFOUU5RTlFSUlZyVnNak1qTWpNas1q0WtRetF60XrRetF60XrRe1F7UXtRe1F60X
rRetF60XrRetF60XrRatF7UXrRe1F7TXtRe1F7UXtRe1F7UXtRe1F7UXrRak1qSV
nFScVJxUnFScVJxUnFScVJxUpJSklaSWpJaklqSWpJaclpyWpJak1qTVnJSclaSV
pJWk1azWrNas1qzWrNas1qSWnJWclZyVnJWclZyVnJWclZyVnJWclZyWpJakl6SW
pJaclZxVnFScVZyVnFWclpSVnJWUVJxVnFWcVaRVnFWcVZxVnFWcVZRVlFWUVZRV
lFWUVZRUlFSUVJRUlFSUVJRUlFOUVJRUjBOME4wTjBOME4wTjBOME4wTjBOEE4wT
jBOME4wThBOEE4QThBOEE4QThBKEEoQSg9KEEoQShBKEEoPSg9J70nvSe9J70nPS
e9J703vSe9J70nvSe5JzknuSe5N7knOSc5JrkWuRa5FrkWuRc5JzknOSc5FrkWuS
Y1JbUWNRY1FjUWNRWxBbEGNRY1FbUFMQUxBK0ErPUtBS0FsRWxFjEWMRY1BjUGNQ
Y1BjUGNRY1FjUWMQUs9CCzHJMYgxSClHMUkxSDFIMUg5ykIMUs9TEFsQWxBbEFsQ
jBKMEowSjBKMEoQSjBKMEowSjBKMEowSjBKMEoxSjBKMEowSjBKMEowSjBKMEowS
jBOME4xTjFOMU5RUlFSUVJRUlFSUU5RTlFOUU4xTjFOMU4xUjFSMVJRUjFSUU5ST
lFOMU5QTlFOUU5RTlFOcU5RUnFWclZyVlJSUk5SUlJSUlZSUlJSUlJyUnJSUlJyV
nJWclJyUnJSUVJRTlFOUU5RTlFOUU5RUnJSclaSWpNas16zXrRatFq0XrRetF60X
tRetF60XrRetFq0XrRetF60XrRetF60XrRe1F7UXtRe1F7UXtRe1F7TXtRe1F7UX
tRe1F7UXtRe1F6zWpJWUEpQRi9GL0YwRjBCL0IvQi9CUEZQSnFOclJyUnJSUU5QS
lBOUE5QTlFKUUpxSlFKUU5xTpJSk1azVrNas1qzXrNaclZxUlBOUEpQSlBOUU5RT
lFOUU5QTlFOUVJxUnJWclZyVnJSUU5QSlBOUU5RTlFOUU5QTlBOMU4xTlFOcVJxU
nFScVZxVlFWUVZRUlFSUVJRUlFSUVJRUlFSUFJRUlFOUU4xTjFOMUoxTjBKME4wT
jBOME4wTjBOME4wTjBKMEoQShBKEEoQShBKD0oPSg9KD0oPSg9KD0oPSg9KD0oPS
g9KD0oPSg9J70XvSe9J70nvSe9J70nvSe9J70nvSe5J7knuSe5JzkXOSc5JzkmuS
c5FzkXORc5FzkWuRa5JrkmuSa5JrkWuRa5FrUWtRaxBrUWNRY1FjUWNRY1FjUWMR
W1FbUWNRY1FbUVtRW1FbUWNRY1FjUWNRY1JbEFKOOcspSCkGKQYpBikIKQcpRjFJ
OYpCDFLPWxBbEFsQWxBbEIwSjBKME4wSjBKMEowShBKEEoQShBKEEoQShBKMUowS
jBKMEowSjBKMEYwSjBKUEowSjBOME4xTlFSUVJRUlFSUVJRUlFSMVIxUjFSMVIxU
jFSMVIxUlFSUVJRUlFSUVJRTlFOUU4xTjFOMU5RTlFSclZyVlJWUlZSVlFSUlJSU
lJSUlJSUnJSclJyUnJSclZyVnJSclJxTlFOUU5RTlFOUU5RTlFSUVJyVpJWklqTW
rNes1qzWrNatFq0XrRetF60XrRetF60WrVatFq0WrRatF60XrRe1V7UXtRe1F7UX
tRe1F7UXrRetGLUXtRe1F7UXrRetF60XrRek1pRTg5B7TnMNcw1qy2KKYotyzHLM
ew2DT5QRlFOUE4vRg9CDkIOPg0+DT4NPg4+Dj4OPg5CL0pQTpJWk1qzWrNak1pyV
lFOD0YNOe057ToOQg9GD0YPRe5CDkIPRg9GME5RUlFSUVIwSe9B70HvQg9KD0oQS
g9KDkYOQg5CD0YvSlFOUU5RUlFSUVZRVlFSUVJRUlFSUVJRUlFSUFJRUlFOMVIxU
jBOME4QThBJ70XvRe9GD0oPSg9KEE4QThBOEEoQShBKD0nuRe9F7kXuRe5J70XvS
e9J70nvSe9J70nvSe9J70oPSg9KD0nuSe9J70nPSc9Jz0nPSc9JzknuSc5JzkXOS
c5JzkXOSc5FzknOSc5JzknOSc5JzknORc5FzkmuSa5JrkmuRa5FrkWuRY5FrUWtR
a1FrUWtRa1FrUWMRY1JjUWNRY1FjUWNRY1FjUWNRY1FjUWtRY1FjUWMRYxBSzjnL
KUkhByEHIMchByEHIQYpBzFJOgxKz0sQUxBTEFMQUxCMEowSjBKMEowSjBKMEowS
hBKEEoQShBKEEoQTjBOME4wTjBKMEowSjBKMEowSjBKME4xTjFOUU5RUlFSUVJRU
lFSUVIxUjFSMVIxTjFOMU4xTjFOMU4xTjFOMU4xTjFOMU5RTlFOMU4wTjFOUVJSU
lJSUlJSUlJSUlJSUlFSUlJSUlJSclJyUnJSclJyUlJSUlJyUnJScU5RTlFOUUpRT
lFOUU5xTnFSclZyWpNak16zXrNes16zWrNatFq0XrRetF60XrRetF60XrRitF60X
rRetF60XrRetF7UXtRe1F7UXtRe1FrUXtRe1F7UXrRetF60XrRetF6zXpNaME3MQ
Yo5aTVpNUctJiUnIUgliSmqMe06L0pQTi9J7D2rOcs5yzWrMYktii3KMcs1yjHKL
ew2UEZyUpJWs1qzWrNacVYvScs1iCVHIWglqjHNOe09qzWIKYgpqS3NNi9CMEowS
i9J7kWLMYotqzXMOew9zD3MOas1qzWrNcw6DkIvSlFSUVJRUlFSUVJRUlFSUFJRU
lFSUVJRUlFOUU4xTjBOL0oPSg5J7kXNQcw9zT2sPc097kIPRg9B70XvRe9F70HOQ
c09zT2sPaw9rD3NQc1BzUHNQc1BrUHNQc5FzkXvSe9J703vSe9J70nOSc5FrUGtQ
a1BzUXORa5FrkXORc5FzUXORc5FzkXORc5FzknOSc5JrknORc5FrUWtQa5FrkWuR
a5FrkWuRa5FjkWtRa1FrUWtRY1FjUWNRYxBjUGNRY1FjUGNRY1FjUWNRY1FjUWNR
Y1FjUWNRW1FbUFsQUs9CDCmIGQchByEGIQYZBSEFKQYxiEIMSs5TD1MPUw9TEFMQ
hBKEEoQShBKEEowSjBKMEowShBKEEoQThBKEE4wTjBKMEowSjFKMEowSjBKMEowS
jBOME4xTjFSUVJRUlFSUVJRUlFOMU4xTjFOMU4xTjFOMU4xTjFOMU4xTjFOMU4xS
jFOMU5RUjFOMU4xTlFOUlJSUlJSclZSUlJSUlJRUlJSUVJSUlJSUlJSUlJSclJyU
nJSclJyUlJOUU5RTjFOUE5RUlFSUVJRUnJWclqTWpNes16zXrNes17TXrNes16zX
rNitF60XrRetF60XrRetF7UXrRetF7UXrRetF60XrRe1F7UXtRe1F7UXtRe1F7UX
tRetF60XrRetF5yVjBJrD2KNWo1aTFJMScpBiknLUgtiznuRjBOMVIPTas9qz3MP
as9izlILWkxqznMOas1SSmLMi9CcU6SVrNas1qTWnJWDklqOSck5R0nJWoxijWKM
WgtJiElGSYhiSntOg9GD0XuQao1JiEmHSchaSmJLWgpSCUnISchJyGKLe0+D0pQU
lFSUVZRUlFSUVJRUlBSUVJRUlFSUVIxTjFSMU4QSg9JzUHNPaw5ijFIJSglaSmrM
as5rDnMPa09zT3NPc09qzlpLWkpSSlJKUktSTFqNWo1ajVqMWoxizGsOc1B7kXuS
e9J70nvSc5FrUGMPYw5azlrOWs9jD2MPYs9bD2MPYw9jD2tQa5FzkXOSc5FzkXOR
c5FrUWtQaxBjUGtRa5FrkWuRa1FrUWtRa1FrUGtQa1FrUWtQY1FjUWNRY1BjEWNR
Y1FjUWNRY1FbUGNQY1BjUGNQW1BbUFtQW1BbUFMPQgwpiCEGIQcYxiEGGMUhBSlH
McpCjUrPUw9TEFMPUxBSz4wSjBKEEoQShBKEEoQShBKEEoQShBKEEoQSjBKMEowS
jBKMEowSjBKUEowSjBKMEowTjBOMFIxUjFSUVJRUlFSUVJRUjFOMU4xTjFKME4wT
jFOUU4xUjFSMU4xTjFOMU4xTjFOMU4xSjFOMU4xTlFOUVJRUnJSUlJRUlFOMVJRV
lJSUlJSUlJSck5yUnJSclJyUnJSUlJSUjFOME4wTlFOUU5RTlFScVKSVpNWk1aTW
pNas1qzWrNes160XrRetF60XrRetF60XrRetF60XrRetF7UXtRe1F7UWrRatFrUX
tRe1F7UXtRa1Fq0XrRetF60XrRetF60XpRaclYPSas5iTVpLUgtKCknJScpJyknK
Wkx7T5QTlFOD0WMOYw5zkHORa1BSjmLPc1F7kmsQUk1izYPRnJOklaTWrNak1pxU
e5FaTEnIOUZJyVJMWo5STUHLOYcxRjmHUkpzDnuRc1BizlJKQchBhzlHQYhJyUGI
QclByTmISclijHtPjBKUU5RUlFSUVJRUlFSUFJRUlFSUU5RUjFSUVIxTjBOD0YOQ
cw5qzVpLSck5RzlGQYdSCVpKWotai2LMaw1rDlqMUks5hzFFOUY5RUGHOchByUHI
QYdBhkGGUghbC2tPc5F70nvSe9JzkWtQYs1KS0IKQglCCkpLSkpKS0pLSktSS1KM
Uk1ajmMPa1FzkXORc5JzkWtQYw9SjVKNWs5jEGsQa1FrUWtRa1FrUWtRa1FrUWtR
a1FrUWNRY1FjUWNRY1FjUWNRY1FjUWNRY1FjUWNRY1FbUVtRW1FbUVsRWxBSzzoL
KYggxSDGGMUhBiEGKUgxiTnLSo1Kz1MQUxBTEFMQSxCME4wShBKEE4QShBKEEoQS
hBKEEoQShBKEEoQTjBOME4wTjBOME4wTjBKMEowTjBOMU4wUjBOMVIxUlFOUU5RT
lFOMU4xTjFOMU4RTjBOMU4xTjFOMU5RTlFOUU5RTjFOMU4xSjFOMU4xTjFOMU5RT
lFSUU5RUlJSUVJRUlFSUVJxUnFScVJxUlFSUlJSUnJSclJyUnJScVJRTlFOUU5RT
lFOcU5yUnFWclaSVpJak1qTWrNas1qzXrNes16zXrNes16zYrNetF60XrRetF60X
rRetF60XrRetF60XrRetF60XrRetF60XrRe1F60XrRetF60XrRelF6TWnFWDkmrP
Wk1SC0nLSctJy0oLSctBikHJc0+UE5QTg5FqzWKMe097UHLOWkxizXNQe5FzD1qM
WoyL0ZxTpJWs1qzWpJacVHuQWktBiDlHSchSTFqNUkxKCzmJMUc5iFJLaw57kXNR
Wo1KCjmIOUg5SDmIOYgxiEHKQcpByknLYs17UIwSlFOUVJRUlFSUVJRUlFSUVJRT
lFSUVJRUlFOME4wTg9J7kWsPWo1RyzlHMQUxBTlGQYhByUHJQclKS1rNWs5SjUoL
MUgpBiDFIMUxBjGHOYg5hzEGKMYxB0HJWo1zT3uRe5F70nvSc5FrUFKNQckxhylG
MUYxhzmIMUcxhzGIOYc5iDnISktbDmtQa5FrkWuRa5FjUFKNQcpKC1JMYxBrUGuR
a5FrUWtRa1FrUWNRa1FrUWNRY1FjUWNRY1FjUWNQY1FjUWNRW1FjEWMRY1FjUGMR
YxBbEVtRWxBTEFsQUs5CCzGJIMYgxhjGIUcpSDGJOYs5y0JNUo9S0FLQUxBTD1MP
jBKL0oQShBKEEoQShBKEEoQShBKEEoQShBKEEowSjBKMEowSjBKMEowSjBKMEowT
jBOME4wTlBSMVIxTlFSMVIxUlFSMVIxTjFOMU4xTjFOMU4xTjFOMU5RTjFOMU4xT
jFOMU4xTjFOMU5RTlFOUU5SUlJSUlJSUlFSUVJRUlFSUVJRUnFScVZyVnJWclZyU
nJSclJyUnJOUU4xTjFOMU5RUlFScVJxVpJWklaTWpNak1qzWrNas1q0WrNas1qzW
rNes16zXrRetF60XrRetF60XrRetF60XrRetF60XrRetF60XrRatF7UXtRetF60X
rRetF60XrNes15xVg5FqzmKMWkpJyUnJScpJy1ILQcpSC3sPlFOUE3uQYkxiTGrN
cw1qjFIJWglyzHsOas1SS2LNjBGcVKTVrNak1pzVlFR7kFJMQUk5SEGJScpSCkoK
QclBiTmIOYhJymrNc1BrD1qMSclBiDmIOUdBiEGIQUhJiUnKScpaTGrOe5GME5RT
lFSUVJRUlFSUVJRUlFSMVJRUlFSUVIxTjFOME4PTe5JrUFrPQcsxSCkHKUcxiDnJ
OclBy0oLSgxaj1rPUo5CCjFHKQUhBSDFKUYxhznIOcgxRykGMUdBylrNa09zknOS
e9J70nOSaxBSTTnKMUgpBykHKQYpBijFKMUxBSkFKQUpRkIJUo1jEGsRa1JrUmtR
YxBKTDGJOYlKDFrPYxBrUWNRa1FrUWtRa1BrUWtRaxFrUWNRY1FjUWNRY1FjUWNR
Y1FjUWMRYxFjEWNRY1BjUVtRWxBbEFsQWxBbEVLQQgw5yiEHIQchBinJMcs6CzoL
OgtCTErOUs9TEFMQUxBTEIPSg9KMEowShBKEEoQShBKEEoQShBKEEoQShBKEEowS
jBKMEowSjBKMUowSjBKMEowTjBOME4wTjFOUU5RUlFSMFIxUjFSMVIxTjFOMU4xT
jFOMU4xTjFOMU4xTjFOMU4xTjFOMU4xTjFOMU5RTlFSUlJSVlJSUVJRUlFSUVJRU
lFSUVJRUlFSUVJRUnJSclJyUnJSUlJRUlFOUE5RTlFOUU5RUlFSUlJyVnJWk1qTX
pNes16zXrNas1qzWrRatF60XrRetF60XrRes16zXrRetF60XrRatF60XrRetF60X
rRetF60XrRetF60XrNes16zXrNes16zXpNaUU3NQYs9izlqMSgtJyknKSctRy0nK
WkyDkZQTlBN7UFpMWkxizWrOWktRyVIKYoxqjGJLUgpizYvRnFSklazWpNac1owU
c1FaTEFIOUdBiEmJQYlBiDmIQYhBiDlHQYhijHMQaw9aTEnKOYg5iDmJQYpBykGK
QcpJyknJWkxzDnuQjBKUU5RTlFOUVJRUlFOUU5RTjFOUU5RTlFOMU4xSjBOEEnvR
a1BizUIJMUYxBTFGOYg5iTmJQYlKClqMaw9rD2LOSgsxRyEGIMUYxSlHMYg5yTGI
KUYhRjGHQcpajWsPc5F7kXuRe9JzkmsQUk1ByzFIKQcpByDFIMQYhBiEIMQgxCDE
KUVByFJNYs9bD1sPYw9bD0qNQgopRylHQgpSjVLPWxBbEGMQY09rUGtQa1BjUGNQ
Y1FjUWNRY1FjUGNQa1BjUGNRYxFjEWMRYxFjEGMQYxBbEFsQWxBbEFsQWxBSz0JN
OgwxyjGJMYo6DEJNSk1CTUJMQk1KjlLQUtFS0FMPUw+EEoQThBOEE4QThBOEEoQS
hBKEEoQShBKEEoQShBOMEowTjBOEEowSjBKMEowSjBKMEpQTjBOME4xUjFOUU5RU
jFSMVIxUjFOMU4xTjFOMU4xTjFOMU4xTjFOMU4xTjFSMVIxTjFOMU4xTjFOMU5RT
lJOUlJyVlJSUlJSUlFSUVJRUlJWUVJRUlFSUVJxVnFScVJxUnFScVJRUlFOUU5RT
lFOUVJRUnFSclZyVpJak1qTWpNes1qzWrNas1qzWrRetF60XrRetF60XrRetF60X
rRetF60XrRetF60XrRetF60XrRetF6zXrNes17TXrNes16zXrNes16SWlBRrEGMP
aw9ajlJMUgpJyVIKWgpSC2KNg5GME4wTc1BajmKOaxFrEVqOUk1aj2sQaxBajlpL
as2L0ZxUpNWs1qTWpNWMFHNQWkxBiTlHOYhBiUGJQYk5STmJOYk5SEGJYo1zUGsP
UoxJykGJQYlBiUnKScpJylILUgtRylpLas17kIvSjBOUVJRUlFOUU5RTlFOUU5RT
lFOUUpRTjFOMVIQTg9J7kWsPUko5hzEFKQUxBjFHMUcxRjFGQchSTGsQaxBiz1JL
OYgpRiEFIMUpBzmIQYk5iCkGKQUxRzmIUkxiznNQe5F7knuSe5JrD1JMQckxRykG
IMUghRiEGIQYhBjEGMUYxSEGOYlKTFKOUo1KjUpMSkxKSzGJIQYhBjHJQgtSTFKN
Uo5ajlrPYw9jEWNRY1FjUWNRY1FrUWNQY1BjUGMRYxFbEVtRW1FbUFtQW1BjUGNQ
WxBbEFsQWxBbEFMQUtBKz0pPSk5CTkpOSo9K0ErPSs5CjkqOSs9Sz1LPUtBS0ErQ
hBKEEoQShBKMEowTjBOEEoQShBKEEoQShBKEEowSjBKMEowSjBKMEowTjBOME4wS
jBKUU4xTjFOMU4xUjFSMVIxUjFSMU4xTjBOME4wTjBOMU4xTjFOMU4xTjFOMU4xT
jFOMU4xTjFOMU4xTjFOMVJSUlJSUlJSUlFSUU5RTlFOUVJRVlFSUVJRUlFScVJyU
nJSclJyUlFOUU5RTlFOUU5RUlFSclJyVnJWklqTWpNak1qTWpNas1qzXrNes16zX
rNes16zXrNetF60XrRetF60XrRetF7UXrRetF6zXrNes16zXrRetF6zXrNes160X
rNes16zXpNaclYvSa1BrD2sQYxBaj1JOScxaDVpMWkxzD4PSlBOMEnNQYo1zD3uS
e5JjEFpPYtB7UntSYo9aS3MOi9GcVKSVpNak1pyVjBNzEFJMScs5SDlHOYg5iDmJ
OYo5ijmJOYlKC2sPc1BrD1KNSgtBykGKSgtSDEnLScxaDVpNUgxSDGKNcw+DkYwS
jBOME4wTjBOUE5RTlFOUU5RTlFOUE5QTjBOD0oPRc1BijUnJOUYxBTEFMUcxSDFH
KQYpBzmIUktrD2tQYw9STDmJKUchBSEFMUY5iEHJOcgxRikFKMUxBknJWoxrEHOR
e5JzkXORaw9KTDnJKUcgxhjFGMUYxRjFGMYYxRjFGMUpBznKSgxSTUoLQgo5yTnJ
MYgpRhjEIMUpBjFHOck5yUHJSgpSjWLPYxBjUGNQY1BjUGNRY1BjUFtQY1BjUWMR
YxFjEWMQY1BjUGMQYxBjEGMQWxBbEFsQWxBbEFsQWtBa0FLQUtBK0FLQUs9S0FLQ
UtBS0FrQUtBTEFMQUtBS0IQShBKEEoQShBKMEoQShBKEEoQShBKEEoQShBKEEoQS
jBKMEowSjBKEEowShBKMUowSjBOME4xTjFOMVIxUjFSMVIxUjFOMU4xTjFOUE4wT
jBOMU4xTjFOMU4xTjFOEU4xTjFOMU4xTjFOMU4xTjFSUVZRVlFWUlYxUlFSUVJxU
nFScVJRUlFSUlJSUlJSUlJSUnJSUlJRUlFOMU4xTlFOUU5RTlJSclJyVnNak1qTW
pNak1qzWrNas1qzWrNatFqzWrNas1qzWrNatF60XrRetF60WrRatFq0XrRetF60X
rNetF7UXrRetF60XrRes16zXrNes16SWlFR7kWsPaw9zD2sPas5ijVpMWo1qzmsN
cw+D0pQTi9J7T1qMaw6DUINQcs1iTHLOg1F7UWrPWkxzD4vSnFSklazVpNWclYwT
c1BijVILQclBx0GIQYdBiEGIQYlBiTmJSktzkHNQaw9aTVILScpJylILUkxKC0HL
Sk1ajVJNUgxajHMOe5CD0YPRhBGD0oQSjBOME4xTlFOUU5RTjFKMU4wTg9J7kWtP
Ys5KCzlIMQcxBjFGOUc5RykGKQY5iFJLaxBzUWsQWo5ByjFIKQcpBzmJQcpCCznK
MYghBiEFKUVByFKNaw9zkXvRc5FrkWMPUo1ByzFIIMUgxSDFIQUhBiEGIMYgxSDF
KQc5yUoMSkxKDEIKQco5yjnJKUghBRjEIQUpRjGHOcg5yUIKUo1az2NQY1FjUGtQ
Y1BjUGMQYxBjEGMQYxBjEGMRYxFjEWMRYxFjEGMRYxFbEFsQWxBbEFMPWxBbEFsQ
WxBa0FrPWtBS0FLQUxBTEFMQUxBTEFMQWw9TD1MPSw+EEoQShBKEEowSjBKMEowR
jBKMEowThBKEEoQShBKEEowSjBKEEoQShBKMEowSjBKME4wSjBOUU4xTjFOUU4xT
jFOMU4xTjBOME4wTjBOMEpRTlFOMU4xTjFOMU4wSjBOME4xTjFOMVIxTjBOMU5RU
lFSUVJRTlFSUVJRUlFSUVJRUlJSUlJSUlJSUlJxUnFScVJxUnFSUVJQTlBKME5QT
lBOUVJyUnJWclZzWpNas1qzWrNas1qzXrNes16zXrNes160XrRatFrUWrNas1q0X
rRes1q0XrNes1q0XrNes16zXrNes160XrNes16zXrRes16zXrNeklpQUg5J7UHNQ
c1BzD2rOYo1ijWrOe1B7D3tOi9GUEpQSew9iTGqNew97D3LMYotqzHNNc01izFqM
e0+UEpyUpNWk1aTWnFWME3tRYs5STEoKSglKClIKUgtSC0nKScpBylJMc1BzUWsQ
WkxSCknJSclSClJLSgpByUoKUgtaS1oLWkxzDntPg5CDkHuPe4+D0IwRjFKUU5QT
lBOUE4wTjBOME4wTg9J7kWsRUk1ByzFIMQg5STmJOYkxRykHOYhSS2MPa1BrT1rN
QgoxhylGMUc5ykpMSk1CDDnKKQgpBzFIQgpazmuQc5Bz0XORc5BrUWMQSk05iiEG
GMYhBikHKQchBhjGGMUYxSEGOclKTVKPUo9Kj0qPSo9KTjnMKQcgxyEHMYo5zEIM
QgxCTFLOWxBbUGNQY1BjUGNQYxBjEWMQYxBbEGMQYxBjEFsQWxBbEFsQWxBbEFsQ
WxBbEGMQWtBbEFsQUxBTEFsPUxBbEFrQUtBa0FsQUxBTEFMQUw9TD1MPUs9Sz1LP
hBKEEowSjBKMEowSjBKEEoQShBKEEoQShBKEEoQSjBKMEowShBKEEowSjBKMEowS
jBOME4wTjBOMU4xTjFOMU5RTjFOMU4wTjBOME4QTjBOMFIxTjFOMVIxTjFOEE4wT
jBKME4wTjFOMU4xTjFSMU5RUlFSUVJRUlFSUVJRUlFSUVJRUnFScVJxUnFScVJxU
lFSUVZRUlFSMU4wTjBKMU4xTlFOUVJyUnJWc1qTWpNak1qzXrNes1qzWrNes16zX
pNek16zWrRatFq0WrRatFqzXrNes16zXrNes16zXrNes16zXrNas16zWrRatF60X
rRek16zWpJacVYvTg9OD0nuSe5JzUHMPcw97kYwSi9KD0YQSjBOME3uRcw9zD3tQ
e1BzD2rPas5zD3MOas1zDoOQnBOklaSVpNaklpxVjBSDknMQYo1ajVpNWo1ijmLP
Ys5ajVJLUgtqznuQe5BzD2KNWkxaTFpMWgtaS1ILSclJyVIKWktajGKNcw97UHsQ
cw5zDXsPe5CL0owSjFOUE4wTjBOME4wTjBOEE4QTg9N7kWsPUgs5yTmIQclCCUHJ
OYgxRkGHUkpjDmtQYxBajUHKMUcpBikGOYhKC1JNSkw5yjGIMYhCClKNYw9zkXOR
e9F7kXORc1Fiz1JNOYkpBiEGKUcpSClIIQcgxiDFGMUhBjmJUk1bEFsQW1FbUVsR
WxBCTimJKUgxykJNSo9S0FLRWtBbEGNQY1BjUGNQY1BjEGMQYxFrEWMRYxBjEGMQ
YxBjEGLQYw9jEGMQYxBbEFsQWxBbEFMPWxBbEFMQUxBTD1MQUxBTEFLQWtFa0FrQ
WtBSz1LPUtBSz1LPUs9LD4QShBKMEowSjBKEEoQShBKEEoQShBKEEYPSjBKMEowS
jBKMEowSjBKMEowSjBGMEowSjFKME4xTjBOME4xTjFOMU4xTjFSME4QTjBOME4xT
jFOMU4RTjFOMU4xTjBOME4wTjBOME4wTjBOME4xTjFOUU5RUlFSUVJRUlFSUVJRU
lFOcVJRUlFScVJxUnFScVJxUnFSUVJRUjFSME4wTjBOUE5RTnFSclJyVpNak1qzW
rNas1qzWrNas1qzWrNes16zXrNes16zXrNas1qzWrNas1qzWrNes16zXrNes16zX
rNes1q0WrRas1q0WrNas1qzWrNak16SWnJaUVZRVlFWMVYwUhBOD0oPSi9OUVZRV
lFWMVZxVlFWEFIPThBOD04QTg9OD04PTg9N7knuRg5GL0pxUpJWklaSWpJaclpRU
jBR70nNRcxBzUHuRe5GD0nvSaxBiz2KOcxB7kXuRe5BzEGsPc1FzUWsQYs9ajlJM
Wk1aTWKOaw9zUHuRg9J7kXMPas5zDoOQg9GMEowTjBOME4wTjBOME4wThBOME4wS
g9FrT1KMSgtCCkpMUk1KDEHLMUg5yVJLYw9rUGsQWo5ByzmJMUgxSEHJUkxSTEoL
Qck5iEIKUo1jD3NRc5FzkXORc5FzkGtQWs5KSzGIKQcpBzEIMUgpSCEGIMUgxCDE
KQU5iUpMWs5jEGMRY1FjUVrPSk0xiClHOglKjVMPWxBbUFtQW1BbUGNRY1BjUGNQ
Y1BjEGMQYxBjEGMQYxBbEFsQWw9jD2MQWw9bEFsQWxBbEFsQWxBbEFsQWxBbEFsQ
WxBbEFsQUw9Sz1LQUtBS0ErQStBK0FLPUtBSz1LPUs+EEoQThBKEEoQShBKEEoQS
hBKEEoQShBKEEowSjBKMEowSjBKMEowSjBKMEowRjBKMEowSjFKME4wTjBOMU4xT
jFOMU4xTjFOME4wTjBOME5QTjFOMU4xTjFOEUowTjBOME4wTjBOMU4wTjBOME4xT
lFOUlJRUlFSUVJRUlFSUVJRUlFWUVJRUlFScVZxUnFScVJxUlFSUVJQSjBKME5QT
lBOUU5yUnJWc1aTWpNak1qTWpNek16TXpNes1qzWrNas16zWrNes16zXrNes16zX
rNes1qzWrNas1qzXrNas1qzWrNas1qzWrNas1rUXrNes16zXrNes1qTWpNaklqSW
pJaclpyWlJWUVZSVnJaklqTWpJak1qTWnJWclZyVnJWclZyVnJWclpyWlJaMVYxV
lJWclZzVpNWk1qTWpJaclpSVjBSEE4PSg9OME4xUjFSMVIQTe5J7kYPSi9OME4vT
g9OD04vTjBOEE3vSaxBrEHNQe1B7kYORg9KME4wTg9J7kXMPcxCDkYPSjBOME4wT
jBOME4wTjBKME4wTjBOL0oPRc1BajVqNWo5i0GLQWo9KDDnLQgtajmsQc1FrEGKO
SgtBiTmIOchKClKLUkxCCjnKQcpSTGMOa1BzkXORc5F7kXORc1FjD1KNQgsxiTFH
MUcxSDmIMYgpByDGGMUYhSEGMYlKTFrOYw9bEFsQWs9SzkIMKUcpRznJSkxazlsP
WxBbEFsQY1FjUWNQY1BjUGNRWxBbEFsQWxBbEGMPYw9jEGMQYxBbEFsQWxBbEFsP
WtBbEFsQWxBbEFMQUw9bEFsQWtBa0FrQWtBS0FLPUs9TD1LPUtBS0FLQUtBSz1LP
g9KEE4QShBKEEoQShBKEEoQShBKEEoQShBKEEoQShBKEEoQShBKEE4PTg9KEEoQS
jBKMEowSjBOME4xTjFOMU4xTjFOMU4xThFOME4wTjBOUE4wTjBKME4wTjBOME4QT
jBOME4xTjFOMEowTjBOUE5RTlFSUVJRUlFSUVJRTlFOUU5STlFSUVJRUlFSUVJRU
lJSUlJRVlFSUE4wTjBKME5RTlFOcVJyUnJWk1aTWpNak1qTWpNak1qzWrNas1qzW
rNas1qzWrNas1qzWrNas1qzWrNes16zXtNas1qzWrNak1qzWrNes16zXrNes16zX
rNes16zXrNas1qzWrNas1qzWrNas1qzWrNas1qzWrNes16zXrNes1qSWpNak1qTW
pNak1qTWpNac1pzVnJWclZyWpJaklqTWpNak1qTWpJaklpyWlFWUVJRUlFScVZyV
lJWUVIxUjBSMFIwUlFWUVJRUlFSUVJRUlBSUFIPTg5KD0owSjBOUE4wTlBOUU4xT
jBOD04PSg9KD0owTjBOME4wTjBOME4wShBOME4wTjBKD0nOQYw5izmsPc1BzUGsP
Wo1KS1JMYs5rUHNQYs5ajUoLSgpKCkoLUkxSjFKMSgtBykoLWo1rEHNRc5JzkXOR
c5FzkWtQWw9SjkoMQco5iTFIOYk5iTGIKUchBiEFIQUpRjnISktajWMPWw9SzlKN
Sgs5ySlHKQYxSEoLSkxSjVqOWs9bEGNQY1BjUGNQY1BjEFsQWxBbEFsQWxBbD1sP
Ww9jEGMQYxFbEVMQUxBTD1MPWw9bEFrQWtBa0FLQWs9Sz1sQWtBa0FLQUtBS0FLP
Ss9Sz1LPUs9Sz1LPUs9Sj4QThBKEEoQShBKEEoQShBKEEoQShBKEEoPShBKEEoQS
hBKEEoQShBKEEoQShBKEEYwSjBKME4wTjBOMVIxUjFOMU4xTjBOME4wTjBOME4wT
jBOMU4wTjBOME4wSjBOME4wTjBOME4xTjBOME4wTlBSUVJRUnFSUVJRTlFOUU5RT
lFOUlJRUlFSUU5RUlFSUVZRUlFSUVJRUjBOME4wSjBOMU5RTlFSclaTVpNas1qTW
pNak1qTWrNas1qzWrNas1qzWrNas1qzWrNas1qzWrNes16zXrNes16zXrNes16zX
rNas1qzXrNas16zXrNes16zXrNes16zXrNas1qzWrNas1qzWrNas1qzWpJas1qzW
rNas1qzWrNas1qzWrNas1qyVrNas1qzWrNas1qTWpNak1qTWpNaklqSWpJaklqSW
nJaklpyVnJWclJyVnJWklZyVnJWUVZRVlFWUVZxVnFWcVZxVnFWcVZxVlFSUFIwU
jBSMFJQUlFSUVJRUlFSUVIxTjBOME4wTjBOME4wTjBOUE5QTjBOME4wTjBOMEowS
g9J70XNQc1BzkHuSe5JzUWLPYs9jEGtQc5JzkmtQYs9ajlrOWs5iz2MPYs9ajVJL
UktSi2MOc1BzkXuRe5F7kXuRc1JrkWNRWw9Sz0pNQgo5iTnKQco5iTFIMUgpBykH
KUc5yUpLWs1azVqMSgtCCjmIMUcpBSkFKUYxiDnJOgpKS1KNWs9jEGMQYxBjEGMQ
WxBbEFsQWxBbEGMQWs9bEFsQWxBbEGMQWtBbEFsQWxBbD1sPWw9a0FrQWtBaz1rP
Ws9az1KPUtBS0ErQUs9Sz1MPSs5Sz1LPUs9Sz1LPUs+EEoQShBKEEoQShBKEEoQS
hBKEEoQShBKEEoQShBKEEoQShBKEEoQShBKEEoQShBKEEoxSjBKMEoxTjFOMVIxU
jFOME4wTjBOEE4wTjBOME4wTjBOME4wTjBOME4wTjBOME4wTjBOME4wTjBOMFIxT
jFOUlJSUlFSUVJRTlFSUVJRUlFSUVJRUlFSUVJRTlFScVJRUlFSUVIxTjBKMEowS
jFOUVJSUnJWclaTWpNak1qzWpNas1qTWrNas1qTWpNas1qzWrNas1qzWrNas16zW
rNes16zXpNes16zXrNes16zXrNes16zXrNes16zXrNas1qzWpNas1qzWrNas1qzW
rNas1qzWrNak1qzWrNas1qTWrNas1qzWrNas1qzWrNaslqzWrNas1qzXrNak1qTW
pNak1qTVpNWk1aTWpNaklqSWpJaklaSWpJakVqSVpJWklaSVpJWclZyVnJWclZyV
nJWclZyVnJWcVZxUnFSUFJRTlFSUVJQUlFSUVJRUlFSUVJRTjFOMU4wTjBOME4wT
jBKME4wTjBOME4wTjBOME4wShBKD0XvRe9J703vSe9JzkXNRc5F7kXuSe9JzkXOR
c5FzkXORc5FzkWuRa1BjD1rOaxBrUXORe5J7kXuRe5F7kXuRe5FzkWtQYxBajkoN
QgxKTUpNQgw6CzoLOcs5yjnKQgtSjFrOWs5SjUIKOco5iDGHKUcpRzGHMYcxhzHI
QglKjVrPWxBjEGMQYxBjEGMQYxBbEFsQYxBjEGMPYxBjD2MPWxBbEFsQWxBbEVMQ
WxBbD1sQWxBa0FrQWtBa0FLQUtBSz1LQSs9Sz1LPUs9Sj1LPUs9Sz1LPUs9Sz1LP
hBKEEoPThBKEEoQShBKEEoQShBKD0oPSg9KD0oPShBKEEowShBKEEYwShBKEEoQS
hBKEE4wTjBOME4xTjFOMU4xTjFOME4wTjBOME4wTjBOME4wTjBKMEowSjBKMEowS
jBKME4wTjBOME4wTlBSMFJRUlFSUVJRTlFSUVJRUlFOUVJRUlFSMVJRUlFSUVJRT
nFOcU5RTlFOUE5QTjBKUE5RTlFOclZyVpNWlFqUWpNak1qTWpNak1qTWpNalFqUW
pNas1qzWrNak1qzWrNes16zWrNe016zXrNes16zXrNes16zXrNas1qzWrNas1qzX
rNes16zXrNes16zXrNas1qzWpNas1qzWrNas1qzWrNas1qzWrNak1qzWrNas1qyW
rNas1qzWrNas1qzWrNak1qTWpNak1aTVpNWk1aTVpJWklaSVpJWclqSWpJaklaSV
pJWklaSVpJWclJyVnJWclZyVnJWcVZxVnFWcVJxUlFSUU5RUlFSUVJRTlFOUU5RT
lFOUU5RTjBOME4wTjBOME4wTjBOME4wTjBOME4wSjBKMEoQThBKD0oPSg9KD0oPT
g5KDknvSe9J70nvSe9J70nvSe5J7knuSe5JzkXORc5FzkHORc5FzkXORc5FzkXOQ
c5FzkXORc5FrkmtRYxFbEFrQYtBa0FrQUo9Sz1LPWs9az1rPWxBjEGMQUs9SjVKN
So1CTEIMQkw5zDnMOgxCC0pMUs5bEFsQYxFjEGMQYxBjEGMQYxBjEGMQYxBjEGMQ
Ww9bD1sPWxBbD1sPWw9bEFsQWtBbEFrPWtBa0FrQWtBa0FrQWtBaz1LPUs9Sz1LP
Us9Sz1LPSs9Kz1LPUs9SzoQShBKEEoQShBKEEoQShBKEEoQShBJ8EoPRg9KEEoQS
hBGEEoQShBKEEoQShBKEEoQThBKMU4xTjFOMU4xTjFOMU4xTjFOMU4xTjBOME4wT
jBOME4wTjBOMEowTjBOME4wTjBOMEowSjBKMEpQSlBOUU5RTlJSUVIxUjFSMU4xT
jJOUVJRUlFWcVJRUlFSUVJRUlFSUVJRTlFOMEowSlBOUE5RUnJSklaTWrNak1qTW
pNak1qTWpNak1qTWrNas1qzWrNas1qzWrNas1qzWrNas1qzWrNas1qzWrNas1qzW
rNas1qTWrNas1qzWrNas1qzWrNas1qzXrNes1qzWrNas1qzWrNas1qzWrNas1qzW
rNas1qzWrNas1qzWrNas1qzWrNas1qzWpNWk1qTWpNak1qTWpNak1qTWpNak1qSV
pJWclaSVpJWklaSVpJWkVaSVpJWklZyVnJWclZyVnFWcVZxVnFWcVZxVlFScVJxU
nFScVJRUlFSUVJRUlFSUVJQUlBSUFJQTlBOUE4wTjBOMEowTjBOME4wTjBKME4wT
hBOEE4QTg9KEEoPRg9KEEnvSg9KD0oPSg9KD0XvSe9J70nvSe9F70XvRe9F70XuR
e5F7kXuRe5F7kXuRe5F7kXOQc5FzkWuRc5FzkWuRa1FjUWtRa1FrUWtQa1BjUGNQ
Y1FjUGNRY1BjUGNRWxBbEFrQWtBa0FrQUtBS0FLQUtBSz1sPWxBjEGMQYxBjEGNQ
YxBjD2MQYxBbEFsQWxBbEFsPWxBbEFsQUxBbEFtQUxBbEFMQUxBTEFMQUtBS0FLQ
UtBS0FLQUs9Sz1LPUs9Sz1LQUtBS0FLQUtBS0ErPSs+D0YQShBKEEoQShBKEEoQS
fBKD0oQSg9KD0YPSg9KME4wShBKEEoQShBKD0oPRg9KEEoQShBKMU4xTjFOME4wT
jFOME4wTjBSMFIwTjBOME4xTjBOME4wSjBKMEowSjBKMEoxSlBKMEowSjBKMEowS
jFOUU5RTlFOUU5RUlFOUU5RUlFSUU5RUnFSUVJRUlFSUU5RUlFSUU5QTlBOUE5QT
nFOcVJxUpJak1qTWpNak1qTXpNek1qTWpNas16zXrNes16zXrNas1qzWrNas1qzW
rNas1qzWrNas1qzWrNes1qzWrNas1qzWrNas1qzXrNas1qzWrNas1qzWrNas1qzW
rNas1qzXrNes16zWrNak1qzWrNas1qzWrNas1qzWrNas1qyWrNas1qzVrNak1qTW
pNak1qTWpNak1qTWpNWk1aSVpJWklaSVpJWklaSVpJWklZyVnJWclJyVnJWclZxU
nFScVJxUnFSUVJxUnFScVJRUlFSUVJRUlFSUU5RUlFSUVJRTlBOUE5QTlBOME4wT
jBOMEowTjBKL0oQShBKME4wTjBKEEoQShBKEEoPSg9KD0oPSg9KD0oPSe9J70nvS
e9J70nvSe9J70nvRe5J7kXuRe5F7kXuRe5F7kXuRe5J7kXORc5BzkWuQc5BzkXOR
c5FzkXORc1FrUWtRa1FrUWtRa1FrEGtRa1BrUGtQa1BrUWMQYxBjEGNQY1BbEFsQ
WxFbEFtQY1BjUGNQY1BjEFsQWxBbEFrQWxBjEFsQWxBbEFsQWxBbEFsQWxFbEFsR
WxBbEFsQUxBTEFLQUtBS0FLQUs9Sz1LPUs9Sz1KPUs9Sz1LPUs9Sz1LPUs9Sz1LP
hBKEE4QShBKEEoPSg9KD0nvSg9KD0oPSg9KD0ovSjBOEEoQShBKEEoQShBKEEoQS
hBKEEoQSjBKMU4wTlBOMU4wTjBOME4wTjBOME4wTjBOME4wTjBOME4wTjBOME4wT
jBOME4wTjBKMEowSjBKMEoxTjFOUU5RUlFOUU5RTlFOUU5RTlFSUVJRUlFSUVJRU
lFSUVJRUlFOMU4wSjBKMEpRTlFSclZyVpJak1qTWpNak1qTWpNak1qTWpNak1qzW
rNak1qzWrNas1qzWrNas1qzWrNas1qzWrNas1qzWrNas1qzWrNak1qzXrNes1qzW
rNas16TXrJas1qzWrNatFqzWrNas1qyWrNas1qzWrNas1qzWrNas1qzXrNas1qzW
rNak1qTWrNak1qTWpNak1qTWpNak1qTWpNac1aTVpNWklaSVpJWclpyWnJWclZyV
nJWclZyVnJSclZyVnJWcVZxVnFWcVZRUnFScVJxUnFSUVJRUlFSUVJRUlFSMVJRU
lFSUVJQTjBOUE4wTjBOME4wTjBOME4wTi9OME4wTjBKMEowSjBKEEoPSg9KD0oPS
g9KD0oPSg9KD0oPSg9J70nvSe9J70nvRe9F70XvRc9F7kXuRe5F7kXuRe5F7kHuR
e5FzUXORc5FzkXOSc5FzkXORc5FrkWuQa5BzkHOQa1BrUGtQa1BrUGtRa1BrUGtQ
Y1BrUGNQY1BjkWNQY1BjEGMPYxBjUGNQY1BjUGNQWxBbEFsQWxBbD1sPWxBbEFMQ
WxBbEFsPWxBbUFsQWxBbEFsPWs9az1rPWw9TEFMQUtBSz1LPUs9Sz1LPUs9Sz1LP
Us9TD0rPStBS0ErPUs9Sz4PSg9KEEoQShBKEEoQShBKEEoQShBKD0oPTg9KD04QT
g9OD0oPShBKEEoQShBKEEoQShBKEEoRSjFOMU4xUjFOME4wTjBOMEowTjBOME4wT
jBKME4wTjBOUE4wTjBOME4vTjBOME4wTjBOMEowSjBOUE5RTlFOUU5RTlFOUU5RT
lFOUVJRUlFSUVJRUlJSUVJRUlFSUU5RTjFOMEowSlFOUU5xUnFWklqSWpNak1qTW
pNak1qTXpNek16TXpNak1qzWrNas1qzWrNas1qzWrNas16zWrNes16zXrNes16zW
rNas1qzWrNas1qzWrNas1qzWrNak1qyWrNas1qTWpNaklqTWpNak1qTWpNas1qzW
rNas1qzWrNas1qzWrNaslqyWrNak1qTVpNak1qSWpJaklqSWpJaklqSWpJaklqSV
pJWclaSVpJWklaSVpJWclZyVnJWclZyVnJWclZyVnJWcVZxVnFWcVJxUnFScVJRU
lFSUU5RUlFSUVJRUlFSUVJRUlFSME4wTjBOME4wTjBOME4wTjBOME4vTjBOMEowS
jBKEEoQRhBKEEoQSg9KD0oPSg9KD0ovSg9GD0YPRg9GD0YPRe9F70XvRe9F70XPR
e9F7kXuRe5F7kXuRe5F7kXuRe5FzkXORc5FzkXORc5FzkXORc1FzUXNRc1FzUXNQ
c1BzUHNQa1BrUWtRa1FrUWtRY1FjEGNRY1FjUWNRY1FjUWNQY1BjUGMQWxBbEFsQ
WxBbEFsPWxBbEFsQUxBbEFsQWxBbEFsQWxBbEFsQWxBbD1rPWs9az1sPUw9TD1MP
Us9Sz1LPUs9Kz1LPUs9Sz1LPUs9KzlLPUs9SzlLOUs6EEoQShBJ8EoQSg9KD0oQS
e9GEEnvTg9OD0oPSg9KEEoQSg9KD0oPSi9KD0oPSg9KD0oPShBKEE4wTjBOME4wT
jBOEE4wTjBOME4wSjBOME4xTjBOMEowTjBOME4wTjBKMEowSjBKUEowTjBKME4wT
jFOMU5RUlFSUVJRUlFOUU5RTlFSUVJRUlFSUVJRUlFSUU5RUlFSUE4wTjBOME4wT
lFSUVJRVnJWclqTWpNak1qTWpNak1qTWpNak1qTXrNes16zXrNes16zXrNas1qzW
rNas1qzXrNes16zXrNas1qzWrNas16zXrNes16zXrNas1qzWrNas1qTVpJWclJxU
nFScU5xUnFSkVKSVpJak1qzWrNas1qTWpJaklaSVpJWklaSWpJaklqSWnJWclZyV
pJWklqSWpJaklqSWpJWklZyVpJWklaSVnJSclZRUlFScVZxVnFWcVZxVnFWcVZxV
nFWcVJxUnFSUFJRUlFSUVJRUlFSUVJRUlFSUVJRTlFOUU4xTjFOME4wTjBOME4wT
jBOME4wTjBOME4wTjBKME4QShBKEEoQShBKEEoQSg9KD0oPSg9KD0oPSe5J70nvS
e9J70nvSe9F70nvRe9FzkXuRe5F7kXuRe5F7kXuRe5FzkXORc5BzkHOQc5BzkHOR
c5FzkXORc5FzUXNRc1FrUWtRa1FrkWtRa1FjUWNRY1FjUWNRY1FjUWNRa1FjUWNR
Y1FjUVtRY1FjEWMRYxFjEVsQWxBbEFsQWxBTEFsQWxBbEFsQWxBa0FrPWs9a0FrQ
Ws9Sz1MQUtBS0FLQUtBS0FLQUtBS0FLQUpBS0FLQUs9Sz1LPUs9Sz0rPSs9Kz0rO
g9KD0oPSg9KEEoQSjBKEE4PSg9KD0oPTg9KD04PShBKEEoQShBKEEoQShBKD0oPS
hBKME4wSjBKMEowSjBOMU4wTjBOME4wTjBOME4wTjBOME4wTjBOME4wSjBKMEowS
jBKMEowSjBKUEowSjBOME4xTlFOUVJRUlFOUE4xTjFOUU5RTlFSUVJRUlFSUVJRU
lFSUVJRUlBOME4wTjBOME5RUlFSclZyVnNak1qTWpNak1qTWpNak1qTWrNas1qzX
rNes16TXrNes16TXrNes16zXrNes16zXrNes16zXrNas1qzWrNas1qzWrNas1qzW
rNaklqzWpJacVZQSi9GL0YuRg5GL0YvSjBKUU5xUpJWk1qTWpNaclZRUnFScU5yU
nJSclJyUnJSclJRTlFSUVJxUnJWk1aSWpJaklqSWpJaklqSVnJWklZxUlFSMU4xT
lFOUVJRUlFScVJRVnFWcVJRUlFSUVJRUlFOUU5RTlBOUE5RTlFSUVJRUlFSUVJRT
jFOMU4wTjBOME4wUjBOME4wSjBOME4wTjBOEEoQShBKEEoQSg9KEEoPSg9KD0XvS
g9KD0oPSg9KD0nvSe9J70nvSe9F70XuSe5J7knuSc5J7kXuRe5F7kXuRe5F7kXOR
c5Fz0XORc5FzkXORc5FzkXORc5FzkXNRc1FrUWtRa1FzUXNRc1FrUWNRa1BrUGtQ
a1BrUGtQa1FrUGtQa1FrUGtRa1FjUWNRYxBjEGMQYxBbEFsQWxBbD1sQWxBbEFsQ
WxBTEFMQUxBTEFsQWtBa0FLQUw9TD1MPUw9TD1LPUs9S0FLPUs9Sz1LPUs9Sz1LP
Us9Sz1LPUs9SzkrPSs9Kz4PSg9KD0oQSg9KEEoPSg9KD0oPSg9GD0YPRg9KD0owT
hBKEEnwSg9KD0oPSg9KD0oPSg9KEEoxSjBKME4wTjFOME4wSjBKMEowSjBKME4wT
jBOME4wTjBOME4wTjBOL0owTjBKMEowSjBKMEowSjBOUU5RTlFSUVJRUjFOMU5RT
lFOUU5RTlFOUU5RUlFSUVJRUnFSUVJRUjBOME4wTjBOME5RUnJSk1aTWpNak1qTW
pNak1qTWpNes16TXrNek1qTWpNas1qzWrNatFqzWrNas1qzWrNas1qzXrNes16zX
rNas1qzWrNas1qzWrNas1qzWrNas1qSWlFSDkXsOaktqi3LMesxyy3MMi4+UUpyU
pNak1qTWnFWL0ouRk9KUE5QTlBOUE5xTlFOMEovRk9GcU6SVpJWklaSVpJWklaSV
pJWcVZyVnFWUFIvSg5CD0IPQhBGMEowSlFOUVJRUlFSUU5QTlBOUE4wSjBKMEovS
jBKME5RTlFOUU5RTlBOUE5QTlBOME4wTjBOME4wTjBOME4wTjBOMEowSjBKMEowS
jBKEEoPSg9KD0oPRg9KD0oPSg9KD0oPSg9KDkoPSg9J70XvRe9F7knuSe5F7kXuR
e5F7kXuRe5F7kXuRe5F7kHOQc5FzkXORc5FzkXORc5FzkXORc1FzUWtRa1FrUWtR
a1FrUGtQa1BrUGtQa1BrUGtRa1FjUWtRa1BrUGtQa1BjUGNQY1BjUGNQW1BbEVsQ
WxBbEFsQWxBbEFsQWxBbEFsQUxBTEFMQUxBTD1MPUw9TEFMQUw9bD1MPUs9Sz1LP
UtBKz1LPUs9Sz1LPUpBK0FLQUtBSkFLQUo9Kj0qPSo+D0oPSi9KL0oPSg9KD0oPS
g9KD0oPSg9KD0oPSg9KD0oPSg9KD0oPSg9KD0oPSg9KD0oPShBOME4wTjFOME4xT
jFOEEowTjBOME4wSjBOME4wTjBOD04QTjBOME4wSjBOMEowSjBKMEowSjBKMEpQS
lFOMU5RTlFOUU4wTjFOMU4xTjFOUU5RTlFSUU5RTlFOUU5RUlFSUE4xSjBKUEowS
lFOUVJyVnNak1qTWpNak1qTWpNak1qTWpNak1qTWpNak1qTWpNak1qTWpNak16TW
pNas1qzXrNes16zXrNes16zXrRas1qzWrNas1qzWrNas1qzWrNac1pRVg9NrD1JL
UgpaTFqLUgpSCmrNi9GcVJyVpJaklpQUg1F7UIORk9KL0XuQg9GMEowSe5BzToOP
lBGcVZyWpJaklqSWpJWklZyVnJSUVJQUi9JzD2rLastqy3tOe06DkIvRlBKUFJQU
i9KD0YvRi9GL0YOQe5B7kIPRhBKME4wTjBOME4wUjBOMFIwTjBOME4wTjBOME4wS
jBKME4wSjBKMEowSjBKL0ovRg9KD0oPSg9KD0oPSg9KDkoPSg9J70nvSe9J70nvS
e9F70XvRc5F7kXuRe5F7kXuRe5F7kXuQe5F7kXvRe5FzkHORc1FzkXORc5FzkHOQ
c5BzkHORc1FrUWtRa1FrUWtRa1FrUWtQa1BrUGtQa1FrUWtRa1FrUWNQY1BjUGNP
Y1BjUGMQYxBjUGMQYxBjEFsQWxBbEFsQWxBbEFsQWw9bEFrQWtBa0FLQUs9Sz1LP
Uw9TEFLQUtBSz1LPUs9Sz1LPUs9TD1LPUtBSz0rPSs9Kz1LPUo9Sj1KPUo9Sj1KP
g9GD0oPSg9KD0nvRg9KD0oPSg9GD0oPSg9KD0oPSi9KD0oPSg9KD0oPRg9KD0oPS
g9GEEoQShBOME4wTjBOME4wTjBOMEowTjBOME4wTjBOME4vSjBOME4wTjBSME4wT
jBOME4wTjBOME4wTjBOMUoxTjFOMU5RTjFOME4xTjFOMU4xTlFSUVJRUlFSUVJRU
lFSUVIxUjFOMUowSjBKMEpRTlJSUlJzVpNak1qTWpNak1qTWpNak16TWpNak1qzW
pNak1qTWpNek16TXrNes16zXrNas1qTWrNas1qzWrNaslqzWrNas1qzWrNak1qTW
pNak1qTWpNaclpRVe5NajlJNYxBjD1KNSgtajIOQlFKclaSWpJaUFHMPcw6DkYvR
g5BzTnNPg9GD0WtPas17T4wSnFWklqSWpJaklqSWnFWUVJRTjBOMEnuQYoxJiUmH
UchSCWJKawyDkJQSlFOMEnuRc09zT3uQe5BzDmrNcw57UIORjBKMEowSjBKME4wT
jBOME4wTjBOME4wTjBOME4wTjBKMEowSjBKL0oPRg9GD0oQSg9KD0oPSg9J70nvS
e9J70XvRe9F70nvRe9F70XvRe9F70XuRe5F7kXuRe5FzkHuRe5F7kXuRe5FzkXOR
c5FzkHORa5FrkXORc5FzkXNRc1FzUXNRa1FrUWtRa1FrEWtRa1FrUGtQY1BjUGtQ
a1BrUGtQa1BrUGtQa1BjUGMQYxBjEGMQYxBbEGMQWxBbEFsQWxBbEFsQUs9Sz1sP
Ww9bD1sPWw9bD1rPWs9az1rPWtBa0FrQWtBa0FrPWs9az1LPUs9Sz1LPSs9Kz1LP
Ss5Sj1LOUo9Sj1KPUo9Sj4PSg9KD0oPSg9KD0oPSg9KD0oPSg9KD0oPSg9KD0oPS
g9KD0oPSg9KD0oPSg9KD0oPSg9KD0oQSjBKMUowTjBOME4QTjBOME4wTjBOL04wT
jBOME4wTjBOME4wTjFKMEowSjBKL0owTjBOME4wTjFOME4xUlFSUVIxTjFOMU4xT
jFOMVIxUlFSUVJRTlFOUU5RTjFOUU4xTjFKMEowSjBOUU5SUnJSk1qTXpNek1qTW
pNak1qzVpNak1qTWpNak1qTWpNak1qTXpNek16TXpNek16TXpNek1qSWrNas1qzW
rNas1qzWrNas1qzWrNas1azWrNas1qyWnJaclYvSaw9STWsQc5FrD1JLWklzDIwQ
nFOklZyVjBNzT2sPe9GL0ntQYs5zD4ORg5FzD2rOe1CME5yUpJWklaSVpJWclZRU
jBKD0HuQc09jDVJKQck5iUGIQYhJyWKMg5CL04wTg9NrEFpNYs5zUHMQWo5SDFpM
Ys1zT3uQg9GEEYwSjBKUE5QTjBOME4wTjBOME4wTjBOME4vSi9KD0nvSe5F7kYOS
e5GDkYORg9GD0oPSe9F7kXuRe5FzkXvRe9F70XvRe9F70XvRc5F7kXOQc5FzkXOR
c5FzUXORc5FzkXORc5FzkXNRc1FzUXNRc1FrUXNRc1FzUXNRc1FrUWtRa1FrUWtR
a1FjUGtQa1BrEGtRa1FrUWtQa1BrUGMQa1BjUGNQY1BjUGMQYxBjEGMQWxBjEGMQ
YxBaz1sQWxBbEFsQWxBa0FsPWw9TD1MPUxBa0FrQUs9Sz1rPUs9Sz1LPUs9S0FLP
Us9Sz1LPUs9Sz1LQStBSz1LPUs9Sz1LPSo9Kj0qPUo+D0oPSg9KD0oPSg9KD0oPS
g9KD0YPSg9GD0YPRg9KD0oPSg9KL0oPSg9KD0nvSg9KD0oPShBKEEoQTjBSME4wT
jBOME4wTjBKEEoQShBKEEowSjBKMEowSjBKMEowSjBKMEowSi9KMEowSjBKMUowS
jFOMU4xUjFSMU4xTjFOUU5RTlFOUU5RTlFOUU5RTlFSUVJRUlFSUE5QSjBKMEowT
lFSUVZyVnJak1qTXpNak1qTWpNak1qTWpNalFqTWpNak1qTWpNak1qTWpNak1qTW
pJak1qTWrNas1qzWrNas1qzWrNas1qzWrNas1azWrNas1qTVpNak1qTWnFWDkmqO
WgxzD3uQc09ai1HIUgl7TpQSnJWclIwTcw5rDoOQi9F7T2LMc0+D0YPRaw5izXuQ
lBKcVKSVpJaklqSWpFWcVIuRcw1ii1pKUkpKCUHJQclBiUGIScpijXuQi9OME4PS
as9aTFpNas5qjlIMSclJyVoKWopijHMOe4+D0owSjFOUU4xTjBOME4wTjBOME4wT
hBOEEoPSe5FzUHNOcw5zDnMPe1B7kXuRe9J70nuRc1BzUHNPc09zUHuQe5F7kXuR
e5FzkXNQa1BrT2tQc5BzkGtQa1BzUGtQa1BzkGtQa1BrUGtQa1BrUXNRc1FzUXNR
c1FzUWtRa1FrUWtRa1FrUWNQa1BrUGtQa1BrUWtQa1FrUWsRaxBrEGsQaxBrEWMR
YxFbEGMQYxBjEGMQYxBjEFsQWxBbEFsQWxBbEFsPWw9bD1sQWxBTEFMQUtBS0FLQ
UtBS0FLQUtBSz1LPUs9Sz0rPUs9Sz1LPUs9Sz1LPUs9Sz1LPUs9Sz1LPSo9SjlKO
g9KD0oPSg9KD0oPSg9KD0oPSg9KD0oPRe9KD0oPSg9KD0oPSi9KD0oPSg9KD0YPS
g9KD0ovSi9KMEowTjBOME4wTjBOME4wThBKD0oQShBKMEowSjBKMEowSjBKMEowS
jBKMEowShBKEEoQSjFKMUoxSjFOMU4xTjFOMU4xTjFOMU4xTlFOUU5RTlFOUU5RU
lFSUVJRUlFOUUowSjBKME5RUlFWclqTWpNak1qTWpNak1qTWrNak1qTWpNak1qTW
pNak1qTWpNak1qTWpNak1qTWpNak1qTWrNas1qzWrNas1qzWpNalFqTWpNas1qzW
rNas16zWpNaclZRUe5FaTEnKao17kXuRYs5Jy0oKe0+MEpSVlJWD02rPas+DkoPR
c09izXNPg9GDkGsOYs17UJQSnFWklqSWpJakVpyWlFV7kVqMSgpJyknKScpJy0nL
Qck5SEnKYo57kYQThBN7kVqNSglKCUpKUkpJyUFIQUhBiEnISchaSnMNe5CMEowT
jBOME4wSjBOME4wTjBOME4vSe9F7kHMPYoxaSlJKWkpajGsOc5B7kXuRe5FzUGsO
WoxajFqNYw5zT3OQe9F7kXuRe5FrD2MPYw5jD2tPYw5jDmMOYw5rT2tQa1BjDmMP
Ys9jD2MPaxBrUHNQc1FzUXNRc1FzUXNRc1BrUGtQaxBrUGNQY1FjUGNRY1FrUWtR
a1FrUWtQa1BjUGMQYxBjEWMRYxFjEVsQYxBjEGMPYxBbEFsQWxBbEFsPW09bD1sP
UtBS0FLQUtBTEFLQUxBSz1LPUs9Sz1LPUs9Sz1LPUo9Sz1LPSs9Kz0rPSs9Kz0rP
Ss5Kz0rPSs9KzkrOSs9Kz4PSg9KD0oPSg9KD0oPSg9KD0oPSg9KD0oPSg9KD0YPS
g9KD0oPSg9KD0oPSe9J70oPSg9KD0owTjBKME4wTjBOME4wTjBOMEoPThBOEE4QT
jBOME4wTjBOME4wTjBOMEowTjBOMEowSjBKME4wSjFKMU4xTjFOMU4xTjBOMU4xT
lFOUU5RTlFOUU5RTlFSUlJRUlFSUU5RTjBOEEowSjBOUVJxVnJak16TXpNak1qTW
pNak1qTWpNak1qTWpNak1qTWpNak1qzWpNak1qTWpNak1qTWpJak1qzXrNas1qzW
rNas1qzWrNak1qTWpNak1qTWpNak1qTWnJWME3NQUgpJyWJNe5B7kmsQYo5iz4OS
lFSclZRVg9NjDmMOg9GD0XNPYo1zUIOSg5FqzmsOe5CUEpyVpJWklaSVpJaclpQV
e1JSTEnKScpJy1ILUgtSC0nKOYlBiWKNe1CDkoORcw9SC0GGOYZJyEnIQYc5R0GI
QclBiEGJUktrDoPRjBKMU4wTjBOME4wTjBOME4wTjBOL0ntQcw5aS0nJOYc5RjlH
QchSS2rPc1B7UXNQaw9aTUnKScpSC1pMaw9zUHuRe5FzUGsPUoxSS1JLWoxSTFKM
UkxajWLOaw9rD2LOUkxSDEnLUkxSjVrOaxBrEGtQa1FrUWtRa1FrUWtRa1FrUGtQ
a1FjUWtRa1FrUWtRY1BjUGtRY1BjUGNQY1BjUFtQY1BjEGMQYxBjEGMQYxFjEVsR
WxBbEFsQWxBjEFsQWxBbEFrQUtBS0FLQUs9Sz1MPUw9Sz1LPUs9Sz1LPUo9Sz1KP
Uo9SkFLQUtBS0FLPUs5Kz1LPUs9Sz0rOSs9Kz0rPSs6D0nvSe9OD0oPSg9KD0oPS
g9KD0oPSg9KDkoPSg9KD0oPSg9KD0oPSg9KD0oPSe9J70nvSg9KEE4wTjBOEE4wT
jBOME4wTjBOME4QThBKEEoQShBOME4wTjBOEEoQShBKEEoQShBKD0oQShBOEE4wT
jBOUU4xTjFOMU4xTjFOMU4xTjFOUU5RTlFOUU5RTlFSUU5RTlFOMU4xSjBKMEowT
lFSUlZzWnNak1qTWpNWk1qTWpNak1qTXpNak1qTWpNak1qTWpNak1aTWpNak1qTW
pNak1qzWrNas1qTXpNek1qTWpNak1qTXpNak1qTWpNak1qTWpNaclZRUg9JqzmKN
UktaTHNPe09rDmLOc0+EEpRVnJaUVYNSas1zDoPRg9FrT2KOc1CD0XuQYw5qzoOR
lBOcVJyVnJWklaSVnFSUU3NQUkxBykHJScpKC0oLSgtBykGIQclizXNQc1FzUGKO
Scg5RjmHQclByTmIQclKS0pMSgtJy1JMaw97kYQSjBOME4wTjBOME4wTjBOME4wS
g9JzkGMOUks5iDFHMUcxRjmISgtiz2tQc1FzUGLOUktByTGIOYlSS2LOc1FzUXNR
axBajUnKOYlBikIKQgpCCkIKUkxijmLPWo5KSznJMUcxRzmHQclSTGLOaw9rUGtQ
c1FrUWtRa1FrUWtQa1BjUGtRa1FrUWtRa1FrUGNQY1FrUWNRY1BjUGNQY1BjT2NQ
Y1BjUGNQWxBbEVsQWxBbEFsQWxBbEFsQWxFbEFsQWxBTEFMQUxBS0FLQUs9S0FLQ
UtBS0ErQUs9Sz1LPWtBSz1LPUs9S0FLPUs9Sz0rPSs9Kz0rPSs9Kz0qPSo9Kz0qP
g9KD0oQSg9KD0oPSg9KD0oPSg9KD0oPSg9GD0oPSg9KEEoPSg9KD0oPSg9KD0oPS
g9KEEoQShBKEEoQShBKME4wTjBOME4wThBOEEoQShBKEEowThBKMEoQShBKEEoQS
hBKEEoQShBKEEowSjBKMEowTlFOMU5RUjFOMU4xTjFOMU4xTlFOUU5RTlFOUU5RT
lFSUVJRUlFSME4wSjBKME5RUlJWc1pzWpNak1qTWpNak1qTWpNak1qUWpNak1qTW
pNWk1qTWrNas1qTWpNak1qSWpNes1qzWrNas1qzWrNas1qzWrNak1qTWpNak1qTW
pNac1pzVlFSD0ntRaw9rEGLPWk1iTGpMakxqjXuQjBSUlZyWlFR7UWrNc0+D0YPR
aw5qzntQi9F7T2rNas2DkJQTnJWclZyWnJaclZRVjBRzUFJMQcpByUHJQcpJykHK
QYlBiEnJas17UHtRcxBaTEFJQYlJylJNUk1KDEoMWo5azlJNUgtaTXMPg5KME4wT
jBOUE4wTjBOME4wSjBOME4vSe5BjD1JMOYkxSDEHMUhBylJMYs9rEGtQaw9ajUoK
OYgxRzmISkpiznNQc1BrD2LNUkpBhzlGOUY5hzmHOYhBykpLUo1SjUpMQcoxRykG
KQUpBTmHQgpSjWMPa1BrUXORc1BzUGtQa1BrUGtRa1BrUGtQa1FrUGNRY1FjUWNR
Y1FjUWNRYxFjEWMRY1BjUGNQW1BbUFtQWxBbEFsQWxBbEFsQWxBa0FrQWtBa0FrQ
WtBa0FrQWtBS0FLQUtBS0FLQUtBS0ErQStBKz1LPUs9Sz1LPSs9S0FLQSs9Kj0qP
So9Kj0qPSo9Kj0qPSo9Kj3vSg9KD0oPSg9GD0oPSg9KD0oPSg9KD0oPSg9KD0oPR
g9KD0oPSg9GD0XvSe9J70nvSg9KEEoQShBKEEowTjBOME4wTjBOMEoPShBKEEoQS
hBKEE4QShBKEEoQShBKEEYQShBKEEoQShBKMEowSjBOME5RTjFOMU4xTjFOMU4xT
jFOMU4xTjFOMU5RTlFSUVJRUlFSUVIxTjFKMEowSlFKUlJyVpNak16TXnNak1qTW
pNak1qTWnNak16TWpNak1qzWrNak1qTWpNak1qTWpNak1qTWrNas1qzWrNas1qzW
pNak1qTWpNak1qTWpNak16TWpNaclYwTg5FzD3NPc1JzUlKPSclJh1HIaouDkowU
lJWUlowUc1BizntQi9KLkXMPas57UIvSe1FijmrOg5GUE5yUpJWklZyWnFWUVIwT
a09SjEHJQYg5RzmHOYdBiEGIQYlJymKOc5F7knuSYs9KC0nLYo5rD2LPWo1STVpM
WkxSS1JLWoxrT4PSjBOME4wTlFOME4wTjBKME4wTg9OD03uSaxBaTjmKMUcxBjlG
QchSS2MOa1BzUWsQWo5ByzmIOUc5yFJLYw9zUXNRaxFajkoLQco5iTlIOUg5SDFI
OclKClJMUkxKC0HJKQcgxiDFIMUpBkHJUo1jD2tQa1FrUWtRa1FrUWtRa1FrUGtR
a1FrUGtRa1FjUWNQY1FjUGNQY1FjUGNQY1BbUGNQW1BbUFtQW1BbT1sQYxBjEGMP
WxBbEFsQWxBbD1sPWs9az1rPWxBa0FrQWtBa0FLPUs9Sz1LPUs9Sj1LQUtBSz1LP
Us9Sz1LPUo9Sz0rPSs9Kj0qPSo9Kj0qPSo9Kj0qPSo970nvSg9KD0oPSg9OD0oPS
g9KD0oPSg9KD0oPSg9KD0oPSg9KD0oPSg9GD0YPRg9GD0YPRg9KEEoQShBKEEowT
jBOME4wThBKEEoQShBKEEoQShBKEEoQSjBKEEoQShBKEEoQShBKEEoQShBKEEowT
jBOME4xTjFOMU4xTjFOMU4xTjFOMU4xTjFOMU4xTlFSUU5RTlFOUU4wTjBKME4wT
nFSclZyWpNak1qTWpNak1qTWpNak1qTWpNak1qTXpNak1qTWpNak1qTWpNak1qTW
pNak1qTWrNWs1qzWpNak1qTWpNak1qTWpNak1qTWpNWk1pyVlBR7UXMPcw9zUHuS
e5FizknKQYhJyFpLg1CUEpRUlBSD0msNaw2D0JQSi9FrT2MOc5B70XOQas1zDovR
lFSclZyVnJWclZRUjBR7kWsPWk1Jy0HKOUgxRjFGOUdBiEGJScpijnNQg9KD0nNQ
Wk1aTGLOc1BzEGLOWo1aTVpMUgtSS2KNc0+D0owTjBOME4wTjBOEE4wTi9OMFIwT
hBN7kmtQUo1ByzFHMUcxiDnKUo1jD3NRc1FrUFqOSctBiDmISclSjGsPa1FzUXNR
Ws9KDEHLQcpBykHJOYgxRznJQgpKTEpMQgs5ySlHIQYgxSEFKUZCClKOYw9jEGtR
a1FrUWtQa1FrUGtQa1BjUGtQa1BrUGtQa1FrUWNRY1FjEWMRYxFjEFtQWxBjEGMQ
YxBjEGMQYxBjEGMQWxBbEFsQWxBbEFsQWxBa0FrQWtBaz1rPWs9Sz1LPUs9Sz1LP
Us9Sz1LQUo9K0FLPUs9S0FLQUs9Sz1LPUs9Sz1KPUo9SkFKPUo9Kj0qPSo9CjkqP
g9KD04PRg9KD0oPSg9GD0oPSg9KD0oPSg9KD0nuSg9KD0oPSg9KD04PSg9J70XvS
e9GD0YPRhBKEEoQShBKME4QThBOEE4QThBKEEoQShBKME4wTjBOEE4QThBOEEoQS
hBKEEoQShBKEEoQShBKEEowSlFOMU4xTjFOMU4wTjBOME4wTjFOMU4xTjFOUU5RT
lFOUU5RTjFOME4wSjBOUU5xUnJWk1qTXpNek1qTWpNak1qTWpNak1qTWpNek1qTW
pNak1qTWpNak1qTWpNak1qTVpNak1qTWpNak16SWpNak1qTWpNas1qzWpNak1qTW
pNaclZQTc5BzUHuRe5J7knNQYs5ajVILUcpaS3MOi9GME4wSe5BqznMPi9KUE4wT
e5BzUIPRi9J7UGrNcw6MEZRTnJWclZyVnJWUVIwSe5BrD1pMUkxKCzmIMUcxRjmI
QclKClIKYo1zT4PRg9N7klqNUkxazmtQc1BrEGrPYs5ajVJMUkxizXNQg9KME4wT
jBOME4wTjBKEE4wTjBOME4QSe5FrD1pMQckxRzFHOYhCC1KNYw9rkGtQaw5STEoK
OYg5iEIJUo1rD2tQc1BrUFrOSkxCC0oLQgpByjmJMYhBykpLUo1SjUILMcopRykG
IMUpBjmISgtajmMPa1BrUWtQa1BrUGsQa1BjUGtQa1BrkGtQa1BrUGtQa1BjEGMQ
YxBjEGMQYxBjEGMQYxBjEGNQWxBbEFsQWxBbEFrQWtBa0FsQWs9a0FrQUtBS0FLQ
UtBSz1LPUs9Sz1LPUs9Sz1LPUs9S0FLQUtBS0FLQUtBSz1LPSs9Kz0rPSs9Kz0qP
Uo9Kj0qPSo9Kj0qPSo5Kj4PSg9KD04PSg9KD0oPSg9KD0oPSg9KD0nvSe9KD0oPS
g9KD0nvSe9J70nvRe5GDkYPRg9GD0YvShBKEEoQShBKEE4QThBOEE4QShBKEEoQS
hBOEE4QThBOEE4QThBOEE4QThBOEE4QThBKEEoQShBKME4xTjFOMVIxTjFOME4wT
jBOMU4xTjFOMU5RTlFOUU5RTlFOUU4xTjBKMEowSlFOUlJyVpNak1qTWnNac1qTW
pNak1qTWpNek1qTWrNak1qTWpNak1pzWpNak1qTWrJak1qTWpNWk1pzWpNak1qTW
pNak1qTVpNak1qTWpRak1pzVlJWME4PSg9KME4QTe5JzUGtQc1BzUXMQYs1rDoOQ
hBKEEnuQcw+DkJQTlFSUVIPSg9KME4wSg9FrDntQi9KUVJyVnJWclpyVlFWMFHuS
c1FrEGsPWo5JyjmIQYhJyVpLYoxijWLOc1CD0oPSe5FazVJMWkxqzmsPaw9jD2LO
Ws5SjUpMYo1zT4ORjBKMEowSjBKMEowTjBOME4wTjBOEEnORYw5SS0HJOYg5iEHJ
QglajGsOaw5jDmLNUoxKC0GJQcpKCkpLWs1jD2tQYw9azUoLSgtKC0oKQcpBykoL
Uk1ajmLPWo9KTDnJMYgpSClHKUc5iUpLWs5jEGtQa1BrUGtRa1FrUWtRa1BrUGtQ
a1BrUGtQa1BrT2NQY1BjUGNQY1BjEGMQYxBjEGMQYxBbEFsQWxBbEGMQYtBbEFsQ
WxBbEFsQWtBTEFMQUxBTEFLPUs9Sz1LPUs9Sz1LPUs9Sz1LPUo9Sz1LPUs9Sz1LP
Us9Sz1LPSo9Kj1LPSo5KjkqOSo5KjkqPSo9KjUqOSo970XvRg9KD0XvSg9KD0oPS
g9J7kXvSg9J70nvSg9KD0YPSg9J7knvSg9J70nvSe9J70nvRg9KD0oQThBOEE4QT
hBOEFIQThBOEE4QThBOEE4QThBOEE4QThBOEE4QThBOEEoQThBOEE4PSg9KEEowS
jBKME5RTjFSMU4xTjFOME4wTjFOMU4xTjFOMU4xTjFOUE5RTjFOMU4wTjBOME5QU
lFSclaTWpNak1qTWpNak1qTWpNak1qTWpNak1qTWpNak1qTWpNak1qTWpNWs1qTW
pNak1qTWpNak1qTVpNak1qTWpNak1qTWpNak1qTVpNak1qSWlFaUVZRWlFWMVIQT
g9KEE4wUjBWMFYPTe5OD04wUjBOEE4PThBSUVZyWnJWUVJRUlFSUVIPTc1CDkZQT
nFWclaSVnJWclZyVlFWMFIwThBN8E3OSWs9STVqNYs9zUXOSe5J7knvThBSMFIPS
as5aSmJKYotii2rNYoxijFqMUktSSlqMa057kYQSjBKME4wTjBOME4wTjBOME4wT
hBJ7kWsPWo5SDEoMSkxSTFKNYs5rD2sQaw9azlqOUk1STUoLSgpKClJLYsxizWLN
WoxSS0oLSgtCCkIKSkpSjFrPYxFi0VrPSk1CCznKOco5yjGJOcpKTFrPYxBrUGtQ
a1BrUGtQa1BrEGtQaxFrUWsRaxFrEWNQYxBrUGtQaxBrEGMQYxBjEGMQWxBjEGMQ
Yw9jEGMQYxBbEFsQWxBbEFMPWtBa0FrQWtBTEFLQUxBS0FLQUs9Sz1LPUw9Kz1LP
Us9S0FLPSs9Sz1LPUs9Sz1KPUs9Sz1LPUs9Kz0rPSs9Kj0qQSs9Cj0qOSo5KjkqO
e9J70oPSg9KD0oPSg9KD0nuTe9N703vSe9J70oQSg9KD0oPSg9KD0oPSg9J70nvS
g9J70oPShBOEE4wThBOME4wTjBKME4PShBOEE4QThBKEE4QThBKEEoQShBKEEoQS
hBKEEoQShBKEEowShBKEEoRSjFOMU4xTjFOMU4xTjFOMU4xTjFOMU4xTjFOUU5RT
lFOUU4xTjFOME4wTjBOUFJxVnJWk1qTWpNak1qTWpNak1qTXpNak1qTWpNak1aTW
pNak1qTWpNak1qTWpNak1qTWpNak1qTWpNak1qTWpNak1qTWpNak1qTWpNak1qTW
pNak1pyWnJaclpyWlFaUVpRVlFWUlpyWnJaUVYxUlFWUlZSVlFWMVZRVnJaclpyW
nJWclZyVnJWMFIPSjBOUVJyVpJaklaSVpJWclZyVlJWUVZRVlFWMFHuSaxBzUHvS
hBOMVIwUjBSMFIwUjBSEE3ORYo1aS1pLWktaTFpLWktaS1JKWktijXNQe9KEE4wT
jBOME4wTjBOL04wTjBOME4QSe9JzkmtRYs9iz2rQaxFrEWtRc1JzUnNQaxBrEGsQ
YxBSjkpMSgpSS1qMWs5izlrOWo5STUoMQgxKDFKNYw9rUGtRaxFi0FJNSgtBykHK
QcpBykILSkxiz2MQa1FrUWtQa1BzEGtQa1BrUGtQaxBrEGsRaxFjEWtRYxBjEGNQ
YxBjEGMQYxBjEGMQYxBjEGMQYw9jEGMQYtBa0FsRWxBa0FrQWtBa0FrQWs9Sz1LP
Us9Sz1LPUs9S0FLQUtBS0FLQUtBSz1LPUs9Kz0rPUtBKz0qPSs9Kz1LOUo5KjkqP
So9Kj0qPSk9Kj0qOQo5CjXvSe9N703vSg9KEEnvSg9J70nvSe9J70nvSe9J70oPS
g9GD0oPSg9KD0YPSe9J70nvSe9KEEoQShBKMEowSjBKMEoQSjBOEE4QThBOEE4QT
hBOEEoQShBKEEoQSg9KEEoPSg9KD0oPSg9KEEoQShBKMEowTjFOMU4xTjBOME4wT
jBOME4wTjFOMU4xTlFOUU5RTlFSMVIwTjBOMEowTlFSUlJSVpNac1qTWnNak1aTW
pNak1qTWpNak1qTWpNak1qTWpNWk1aTVpNWk1qTWpNac1qTWpNas1qTWpNak1qTW
pNak1qTWpNak1qTWpNak1qTWpNWk1qTWpNak1qTWpJaklqSWpNak1qTWpJaclpyW
pJeclpyWnJaclqSWpJaklpyWnJaclpyWnJWUVZRVnFWclaSVpJWklaTVpJSclZyV
nJWclZRVjFSME4PSg9KME5QUlFSUVJRUlJSUVJRTjBSD03OSa1FjEGrQYtBiz2LP
Ys9ajmLPaxB7kYPSjBKME4wTjBOME4wTi9OMEowTjBOME4QTe9J7knORc5FzkXOS
e5J7knuSe5J7knORc5FzkWtRYxBjEFrPWs5iz2MPaw9jEGMQWs9SzlLOWs5jD2tQ
a1BzkHNRaxBiz1JNSgtCCjnJQgpKTFrOYw9jEGtRa1FrUWtRa1FrUGtQa1BrUGtQ
a09rUGNQY1BjUGNPYxBjEGMQYxBjEGMQYxBjEFsQYxFbEFsQWxBbEFsQWxBbEFsP
Ww9a0FrQUtBS0FLQUtBSz1LPUs9Sz1LPUs9Sz1LPUs9S0FLPUo9Sz1LPUs9Kz0rP
Us9Kz0rPSs9Kz0rPSo5KjkqOUo5Kj0qOSo5KjkqOQo570oPSg9KD0oPSg9KD0nvS
e9J70nvSe9J7knvSe9J70oPRg9KD0XvSe9F70XvSe9J70nvSg9KD0oQSjBOME4wT
jBOEE4QThBOEEoQShBKEEoQShBKEEoQShBKEEoQSg9KD0oPSg9KD0oQShBKEEowS
jBKME5QTjFOMU4wTjBOME4wTjFKMU4xTjFOMU5RTjFOUU5RTlFOMU4wTjBOME5RU
lJWclqSWpNak1pzWnNaclpyXpNac1pzWnNac1qTWpNak1qTWpNak1qTWpNak1qTW
pNak1qTWpNak1qTVpNak1qTWpNak1qTVpNak1qTWpNak1qTWpNas16TWpNak1qSW
pNak16TWpNak1qSVpJaklqSWpJak1qTWpJaklqSWpJaklqSWpJaklpyWnJaclpyV
nJaclZyVnJaklqSVpJWclZyVnJWclZxVlFWMFIwUjBSUVZRVlFSUVJRUlFSUVJRU
jBSMFIQTg9OD03vTe5N7k3uTe5J7knvShBOEE4wTjBOME4wTjBOME4wTjBOME4wT
jBOEEoPSg9KD0nvSe9KD0nvSe9J70nvSe9J70nORe5F7kXuSc5JzUXNRc1FzUXNR
c1FzUXNRa1BrUGtQa1BrkGtRc5JzUmtRYxFa0FKPUo5STVKNWs5iz2sQaxBrEGtR
a1BrUGtQa1BrUGtQa1FrUWNQY1BjUGNQa1BjD2NPYw9jD2MPYw9bD1sQY1BjEFsQ
WxBbEFsQWxBbEFsQWxBbEFsQWxBa0FLQUtBS0FLQUtBS0FLQStBS0ErPUs9Kz1LP
UtBS0FLQUtBK0EqPSo9Kj0qPSo9Sj1LPSo9Kj0qPSo9Kj0qPSo9Kj0qPQo9CjkqO
fBF70XvRe9GD0YPRe9F7knvSe9J70nvSe9J70nvRg9KD0oPRg9F70XvRe9F70XvS
e9J70oPSjBOD0owShBOME4wThBOEE4QThBOEE4QThBKEEoQShBKEEYQShBKEEoPS
g9KD0oPSg9KL0oPThBKMEowTjBOMU4xTjFOMU4xTjFKUU4xTjFOMU4xTjFOMU4xT
jFOUU5RTjFKME4wTjBSUVJyVnJac1pzWnNac1pyWnJaclpyWnNac1qTWpNak1qTW
pNak1qTWpNak1aTWnNak1qTWpNak1qTWpNak1qTWpNak1qTWpNak1qTWpNak1qTW
pNak1qzWpNak1qTWpNak1qTWpNak1qTWpNak1qTWpNak1qTWnNak1qTWpNaklaSV
pJaklqSWpJaklpyWnJaclZyVnJWclZyVnJWclZyVnJWclZyVnJWclZxVnFWUVZRV
lFWUVZRVlFWUVZRVlFWUVZRUlFSMVIxUjBSMFIwUjBSMFIQThBOEE4wTjBKME4wT
jBOME4wTjBOME4wTjBOEEowShBKEEoPSg9KD0oPSg9KD0oPSg9GD0XvRg9F70nvS
e5J7knuSe5J7knORc5FzkXNRc5FzkXOSc5FzUXNRc1FzUXNQc1FzUWtRa1FjEWNR
YxBjEGMQYxBrEWtRa1FrUWtRa1BrUGtQa1BrUGtQa1BjUGNQY1BjUGNQY1BjD2MQ
YxBjEGMQYxBbEGMQWxBbEFsQWxBbEFsQWxBbEFsQUxBTEFLQUtBS0FrQUtBSkFLQ
UtBS0FLQUtBS0FrPUs5Sz1LPUs9Sz1LPUs9SzkrPSs9Kz0rPSo9Sj0qPSo9Kj0qP
So9Kj0qPQo9Kj0qPSo9KjnvRe5F70XvRe9KD0oPSg9J7knvTe9J70nvSe9GD0oPR
e9J70nvSe9J70nvRe9J70nvRe9KEEoPShBKEEoQTjBOME4wTjBOEE4QThBOEE4QT
hBKEE4QThBGD0oPSg9KD0oPSg9KEEoQShBKEEoQShBKMEowSjFOMU4xTjFSEU4wT
jBOME4wUjFSMU4xTjFSMU4xTjFOMU4xTjBOME4xTjFSUlZyWpJak1qSWnJaclpyW
nJaclpzWnNac1pzWnNac1qTWpNak1qTWpNak1qTWpNak1qTWpNak1qTXpNak1qTW
pNak1qTWpNak1qTWpNak1qTWpNak1qTWpNak16TWpNak1qTWpNak1qTWpNaklqTW
pNak1aTWpNak1qSWpJaklaSVpJaklqSWpJaklqSWnJWclZyVnJWclZyUnJWclZSV
nJWclZyVnJWcVZxVnFWcVZxVnFWcVJRUlFSUVJRUlBSUU5RUlFSUVJRUlFSMVIwT
jBOME4wTjBOME4wTjBOME4wTjBOMEowTjBOME4wTjBOEEoQShBKD0oPSg9KD0YPS
g9KD0YPRe9F70XvRe9F70XPRe9F7knuRe5F7kXuRe5F7kXuRe5FzkXORc5FzkXOQ
c5BzkXOQc5FzkWtRa1FjUWsRa1BrUGtQa1BrUGtQa1BrUGtQa1BrUGtQa1BrUGsQ
Y1BjUGNQW1BjEGMQYxBjEWMQYtBjEGMQYxBbD2MQYxBjEFsQWxBbEFsQWxBbEFMQ
UxBTEFMQUxBS0FMQUtBS0FLQUs9Sz1LPUs9Sz1LPUtBSz1LPUs9Sz1LPUs9Sz0rO
Ss9Kz0qOSo9Kj0qOSs9Kj0qOSo9Kj0qPSo9Kj0qPQo570XvRe9F8EoPSg9KD0oPS
g9J7knvSe9J70nvSe9J70nvSe9J70nvSe9J70nvSe9J70XvRg9KEEoQShBKEE4wT
jBOME4wThBOEE4QSg9KEEoQShBKEEoPSg9OD04PTe9OD0oPShBKEEYQShBKEEoQT
jBKMU4xTjFOMU4xTjFOME4wTjBOMU4xTjFOMU4xTjFOMU4xTjFOMU4wTjBOMFJRU
lFWclqSWnJaclpyWnJaclZyWnJac15zWnNac1pzWnNac1qTWpJaklqSWrJaklqTW
pNek1qTWpNak1qTWpJaklqSWpJak1qTWpNak1qTXpNak1qSWpNak1qTWpNak1qTW
rNak1qTWpNak16TWpNak1qTWnNaklqSWpJaklqSWpJaklaSVpJaklqSWpJaklZyV
nJWclZyVnFWclZyVnJWclZyVnJWclZxVnFWcVZxVnFWUVZRVlFWUVJRUlFSUVIxU
lFSUVJRUlFSUVIxUjFSMFIxUjBOME4wTjBOME4wTjBOME4wTjBOME4wTjBOMEowS
jBKEEoQSg9J70oPSg9KD0YPSe9J70XvRe9J70nvSe9J7knuSe5J7knuSe5J7knuR
e5F7kXuRc5FzkXORc5FzkXORc5FzkXORc5FzUWtRa1FrUWtRa1FrUWtRaxFrUWNR
a1BrUGtQa1BrUGtPa09rT2NQY1FjEGMQYxBjEGMQYxBjEGMQWxBjEGMQWw9bT1tQ
W09bD1sPWxBbEFsQWxBbEFMPUw9Sz1MPUxBTEFLQUs9Sz1LPUs9Sz1LPUs9Sz1LP
Us9Sz1LPUs9Sz1KPUs9Sz0qPSo9Kj0qPSo9Kj0qOSo9KjkqOQo9Kj0qPSo5Sj0qO
e9J70nvSg9KD0oPSg9KD0XvRe9J70nvSe9J70nvSg9KD0oPSe9J70XvRe9J70XvR
e9F70oQSjBKMEowSjBOME4wTg9OEE4QShBKEEnwSg9KEEoQShBJ70oQShBKEEoPS
g9KD0owShBKD0oPSg9KD0owSjBKMU4xTjBOME4QTjBOMU4xTjFOMU4xTjFOMU4xT
jFSMU4wTjBKEEowSjBOUVJyVnJaclpzWnJWclZyWnJaclpyWpNak1pzWnNac1pzW
nNac1qTWpNak1qTWpNaklqTWpNak1qTWpNak1qTXpJaklqSWpJak1qTWpNak1qSW
pNeklqSWpJaklqTWpNak1qTXpNak1qSWpJak1qTWpNak1qTWpNak1qSWpNaklqSW
pJaklqSVpJWklaSVpJWklZyVnJWclZyVnJWclZyVnJWUlZSVlJWUlZSVnFWcVZRV
lFWUVZRUlFSMVJRUlFSUVJRUlFSUVJRUlFSMVIxUjBSMFIwUjBOME4wTjBOL1IQT
hBOME4wTjBKME4wTjBOME4PTg9OD0oPSe9KD0oPSg9J70nvSe9J70nvSe9J7knuS
e5J7knvSc9F7kXuRe5F7kXORc5JzkXORc5FzkXORc5FzkXORc1FzUXNRa1FrUWtR
a1FrUWtRa1FrUWtQaxBrUGtQa1FrUGtQa1BrUGtQY09jUGNQY1BjUGNQW1BbUGNP
Y1BjUGNQWxBbEFsQWxBbEFMQWxBbEFsQWxBbD1sPWw9bD1sPWw9bD1sQUtBS0FLQ
UtBS0FLQUtBSz1LPUs9Sz1LPUs9Sz1KQUo9Sj0qPSo9Kj1KQSo9Kj1KPUo9Kj0qP
So9KjkqOSo9Kj0qPSo5KjnvRe9J70nvTe9J70YPSg9KD0nuSe9J70nvSe9J70nvS
e9J70nvSe9J70nvSe9J70nvSe9KEEoQShBKEE4QShBKEEoQThBKEEoQShBKEEnwS
hBKEEoQShBGEEoQShBKEEoPSi9KD0oPSe9KD0oPSjBKEEowTjFOMU4xTjBOME4wT
jBOME4wTjFOMU4xTjFOMU4xTjFOMU4xTjBOME4wTlFScVZyWpNac1pzVnNac1pzW
nNac1pzWnNac1pzWnNac1pzWpNak1qTWpNak1qTWpNak1qTWpNak1qTWpNak1qTW
pNak1qSWpJaklqTWpNek1qTWpNaklaTWpJak1qTWpNak1qzXpNaklqSWpJak1qSV
pNak1qTVpNWk1aSVpJWklqSWpJaklaSVnJWclaSVpJWcVZyVnJWclZyVnJWclZyV
nJWclZyVnJSclJRUlFWUVZRVlFSUVJRUlFSUVJRUlFSUVJRUlFSMVIxUjFOMU4xT
jFOMU4wTjBOME4QTjBOME4wTjBOL04wTjBOME4QThBOEE4QTg9OD0oPSg9KD0oOR
e9F70nvSe5J7knvSe9J7knuRe5F7knORe5F7kXuRe5FzkXORc5FzkXORc5FzkXOR
c5BzUXORa5FzUXNRc1FzUXNRc1FrEWtRa1FrUWtRa1FjUWtRY1FrUWtQY1BjT2NQ
Y1BjUWNRYxBjEGMQYxBjEGMQWxBbEFsQWxBjEGMQWxBbD1sPWxBTEFMQUtBTEFMP
Uw9TD1LPWs9az1rPUo9Sz1LPUs9Kz1LPSs9Sz1LPUs9Sz1LPUs9Sz0rPUo9Kj0qP
So9KTkqPSo5KjlKOSo5KjkqPSo9KjkqOSs5KjkqOSo570XvRe9F70nvSe9KD04PS
e9J70nvSe9J70nvSe9N703vSe5J70nuSe5J7knuSe5J7knuSg9OD0oQShBKEE4QT
hBOEE4QThBOEE4QTg9OD04PShBKEEoQShBKD0oPSg9KD0oPSi9KD0oPSg9OD0oQS
hBKMEowTjBOME4wTjBOME4wTjBOME5RTjFOMU4xTjFOMU4xTjFOME4wTjBOME5RU
nJWclqTWnNaclpyWnJaclpyWnJac1pzWnNac1pzWnNac1pzWnNac1pyWpNak1pzW
nNac1pzWpNak1qTWpNeklqSWpJak1aSVpNac1pzWpNak1qTWpJaklqSWpJaklqTW
pJaklqSWpJaklqTWpNak1qTWpJaklqSWpNaklqSWpJakVaSWpJWklaSVpFWclZyV
nJWclZyVnJWclZyVnJWcVZxVnFWcVZxVnFWUVZRVlFWUVZRVlFWUVZRVlFSUVJRU
lFSUVJRUjFSMVJRUjBSMFIwUjBSMFIwUjBOME4wTjBOME4wTi9OEE4QThBOEE4QT
hBOEEoQSg9KD0oPSg9KDkXvSe9J70nvSe9J70nvSc5J7knuSe5J7knuRe5F7kXuR
e5FzUXORc5FzkXORc5FzkXORc5FrkWuRa5FzkXNRc1FrUXNRa1BrUWtRa1FrUWNR
a1FrUWsRaxFjEGMRY1BjUGNQY1BjUGMPY1BjEGMQYxBjEGMQYxFbEFsQWxBbEFsQ
WxBbEFsQWxBbEFrPWw9bD1MPWs9az1rPUs9Sz1LPUs9Sz1LQUs9Sz1LPUs9Sz1LP
Us9Sz0rPSs9Kz0qPSo9Kj0qPSo9Kj0qPSo9Kj0qPSo9Kj0qPSo5Kj0qOSo5KjkqO
e9F70XvRe9F70XvRe9KD0nvRe9J7knvSe9J70nvSg9KD0XvRe9F70XvSe9J70nvS
e9J70nvShBKEEoQShBKEE4QThBOEE4QThBOEE3vTg9KD0owShBKEEoQShBJ8EoQS
g9KD0oPSg9GD0oQShBKEEoQTjBOME4wTjBOMEowSjBKME4wTjBOME4wUjFSMU4xT
jFOMU4xTjFOME4wTlBSUVJyVnJac1pyWnNaclpyWnJaclpyWnJaclpyWnJaklqTW
pNak1qTVpNWklaSWpJaklqSWpJaklqSWpJaklqTWpJaklqSWpJaklqSWpJaklqSW
pJaklqSWpJaklqSWpJaklpyWpNak1qTWpNak1qTWpNaklqSWpJaklqSWpJaklqSW
pJaklZyVnJWclZyVnJWclZyVnJWclZyVnJWclZxVnFWcVZxVnFWcVZxVlFSUVJRU
lFSUVJRUlFSUlJRUlFSUVJRUlFSUVJRUlFSUVIwUjBOME4wTjBOEE4wTjBOME4wT
jBOME4wTjBKMEoQSjBKEEoQShBKD0nvSe9KD0oPSg9KD0nvSe9J70XvRe9J70nPR
e5F7kXuRe5F7kXuRe5F7kXuRc5FzkXORc5FzkXOQc5FzkXORa5FrkWuRa1FrUGtQ
a1BrUGtQaxFrUWtRY1FrUWtRa1FrUWtQaxFrUGMQYxBjEGMQYxBjEGMQYxBjD2MQ
YxBjEGMQWxBbEFsQWxBbEFsQWxBbEFsQWxBbEFsQWxBbEFsQUtBS0ErQUtBS0FLQ
UtBSz1KPUs9Sz1LPUs9Sz0rPSs9Kz0rPSs9Kj0qPSo9Kj0qPSo9KjkqPSo9Kj0qP
Qo9Kj0qPSo9Kj0KPQo9CjnvRe9F70XvRe9J70nvSe9J70nvSe9J70nvSe9J70nvR
e9F70XvSe9J70nvSe9J70XvSe9KD0oPSjBKMEowThBOEE4QThBOEE4QThBOEE4PS
g9KEEoQShBKEEoQSe9KD0oPSg9KD0ovSg9GD0oPShBKEEoQSjBOME4wTjBOME4wT
jBOME4wTjBOME4wTjBOME4wTjBOMU4xTjBOME5QTlFSclZyWnJaclpyWnJaclpyW
nJaclpyWpJaklqSWpJaclqSWpJaklqSWpJaklqSWpJaklqSWpJak1pzWnNWc1ZzW
pJaklqSWpJaklqSWpJaklqSWpJaclpzWpJaklqSWpJaklqSWpJak1qSWpNaklqSW
pJaklqSWpJaklqSWpJaklpyVnJWclZyWnJaklpyWnJaclpyWnJWclZyVnJWUlJSV
nJWUVZRVlFWUVZRVlFWUVZRUlFSUVJQUlFSUVJRUlFSUVJRUlFSUVJRTlFOME4wU
jBSMFIwTjBOME4vTjBOME4wTjBOME4wTjBOEEoQShBKEEoQSg9J70nvSe9J70nvS
e9J70nvSe9F70XvRe9F70XPRe5F7kXuRe5F7kXORc5FzknORc1FzkXORc5FzkXNR
c1FzUXNRc1FzUXNRa1FrUGtQa1BrEGtQa1FrUWtRa1BjUGtRY1BrUWNQY1BjUGNQ
Y1BbEGMQYxBbEFsQWxBbEFsQWxBbEFsQWxBbEFsQWxBbEVrQWtBbEFsQWxBTEFMQ
UxBTEFMPUs9Sz1LPUs9Sz1LPUs9Sz1LPUs9Sz1LPUs9Kj0rPSs9Kz0qPSo9Kj0qO
So9Kj0qOSo5KjkqOSo5Kj0qOSo9Kj0qOSo5Kj0qPSo970nvSe9J70nvSe9J70nvS
e9J703vSe9J70nvSe9J70nvSe9J70nvRe9J70nvSe5F7knuRg9GD0YPShBKEEoQS
hBKEEoQShBKEEoQShBKEEoQShBKEEoQShBKEEoQShBKD0oPRg9KD0oPSg9KEEoQS
hBKMUoxTjFOME4wTjBOME4wTjBOME4wTjBOME4wTjFOMU4wTjBOME4wTjBOUU5RU
lJWclZyWnJaclpyWnJWclpyVnJaklqSWpJaclpyWnNec1pzWnNac1pyWpJaklqSW
pJak1qTWnNac1pzWnNac1pzWnJaklqSWpJaklqSWpJaklpyWnJaclpyWnJakl6SW
pJaklqSWpNWk1qSWnJaclqSWpJeklqSWpJaklqSWnJaclpyWnJaclpxWnJWclZyV
nJaclpyVnFWcVZxVnFWcVZRVlFWUVZRVlFWcVZxUlFSUVJRUlFSUVJRUlFSUVJRU
lFSUVIxUjFSMU4xUhBSMVIxUjBSMFIwUjBOME4wTjBOME4wThBOEE4QThBOEE4QT
hBJ8EoPSg9KD0nvSe9F70XvRe9F70XvRe9F7kXuRe5F7kXuRe5F7kXuRc5FzUHOR
c5FzkXORc5FzUXORc5FzUWtRc1FzUXNRc1BrUGtQaxFrUWtRa1FrUWtRa1BrUGtQ
Y1BjUGNRY1BjUGNQY1BjEGNQYxBjEFsPYxBjD2MQYxBbEFsPWw9bD1sQWxBTEFsQ
WxBbEFsQWxBjEFsQWxBTEFMQUxBK0FLQUs9S0FLQUtBS0ErPSs9Kz0rPSs9Kz0qP
So9Kj0qQSo9Kj0qPSo9Kj0qPSo9Kj0qOSo5KjkqPSo9Kj0qOUo9Kj0qPSo9KT0pO
e9F70XvSe9J70nvSe9J70nvSe9N70nvSe9GD0XvRe9J70XvRe9F70XvRc5F7kXuR
e5F7knvRg9KD0oPSi9OEE4QThBOEEoQShBKD0oPSg9KMEoQShBKEEoQShBJ70oPS
g9KL0oPSg9KD0oPSg9KD0oQSjBOME4xTjBOME4wTjBOME4wTjBOME4wTjBKMUoxS
jFOMVIxUjBOME4xTlFOUlJyVnJaclpyWnJaclpyVnJaclpyWnNaclpyWnJaclpyW
nJaclpyWnJaklqSWpJaklqSWnJaclqSWnJaclpyWnJaclpyWnJaclqSWpJaklqSW
pJaklpyWnJaclpyWnJaklqSWpJaklqSWpJaklqSWpJaklqSWpJaklqSWpJaclpyW
nJaclpyWnJaklqSVnJWclZyVnJWclZyVnJWUVZRVlFWUVZxVnFWcVZxVnFWcVJRU
lFSUVIxUlFOUVJRUlFSUVJRUlFSUVIwTjBSMFIwUjBSMFIwUjBSME4wTjBOEE4QT
hBOEE4QThBOEE4QThBJ8EoPTg9OD04PTg9KD0nvRe9F70XvRe9F70XvRe5J7knuS
e5J7knuRe5F7kHORc5FzkXORc5FzkXORc5FzUXNRc1FzUXNRc1FzUXNQc1FzUWtR
a1FrEGtRa1FrUWtRa1FrUWNQY1BjUGNQY1BjEGMQYxBjEGMQYxBjEGMQYxBjEGMQ
YxBjEGMQYxBjEFrQWw9bEFsPWxBbEFsQWtBbEFMPUs9TD1LPUs9Sz1LPUtBS0FLQ
UtBS0FLQUtBS0FKPUpBSkEqQSpBKj0rPSo9Kj0qPSo9Kj0qPSo5KjkKOSo5KjkqP
So9KjkKPQo9KT0qOSo5KjnvSe9J70nvSe9J70nvSe9J70nvSe9J70nvSe9J70nvS
e9F70XvRe9F70XORe5F7kYORg5GD0oPSg9KD0oPShBOEE4QThBOEEoPSg9KD0oPS
g9KD0oPSg9KEE4PShBKEEoQSfBKD0YPSi9KD0oPSg9KEEoQTjBOME4wThBKME4wT
jBOME4wTjBOMFIwTjBOME4wTjFOMU4wThBOME4xUlJSUlZzWnJaclpyWnJaclqSW
nJaclpyWnJac1pyWnJaclpyWnJaclpyWnJaclpyWnJaclZyWnJaclpyWnJaclpyW
nJaclpyVnJaclpyWnJaklqSWpJaklqSWpJaklqSWpJaklqSWpJaklqSWpJaklqSW
pJaklpyWnJaclpyWnJaclpyWnFaclZyVnJWclZSVnJWclZyVnJWclZxVnJWcVZxV
nFWUVZxVlFWUVZRVlFWUVZRVlFSUVJQUlFSUVJRTjFSMVIxUjFSMU4xTjFOME4wT
jBOME4wTjBOME4vThBOEE4QTjBOME4QShBKEE4QThBN704PSg9KD0oPSg9J7knvS
e9J70nvSe9J70nOSe5J7knuRe5F7kXuRe5F7UXuRc5FzkXOQc5BrkGuRa1FzUXNR
c1FrUWtQa1FrUWtRa1FrUWtRa1FrUWtQa1BrUGtQY1BjUGNQY1BjT2NQYxBjEGMQ
YxBjEGMQYxBjEFsQWxBbEFsQYxBjEGLQWxBbEFsQWxBbEFsQWxBbEFsQWxBaz1rQ
WxBa0FLQUtBSz1LQSo9Sz1LQUtBSz1LQUs9Sz1LPUs9Kz0qPSo9Kj1KOUo5SjkqP
So9Kj0qPSo9KjkqOSo5KjkqOSk5CjkqOSo5KjkpOSo570XvRe9F70XvSe9J70nvS
e9F70nvSe9J70nvSe9F70nvSe9J7knuSe5JzknuRe5F7kXvRe9F70oPShBKEEoQS
hBOEE3wThBOD0oPTg9KD0oPSg9KD0oPSg9KD0oPSg9KD0nvSg9KD0oPRg9KL0oPS
jBOME4xTjFOMU4wTjBKMEowSjBKMUowTjBOME4wTjBOME4wTjBKME4wSjBOMVJRV
nJWclpyWnJaclpyWnJacl5yWnJaclpyWnJaclpyWnJaclpyWnJaclpyWnJaclpyW
nJaklqSWpJeklqSWnJaclpyWnJaclpyWnJWclZyVnJWklaSVpJWklaSVnJaclpyW
nJaklaSWpJaclqSWpJaklqSWpJaklpyVnJaclZyVnJWclZyVnJWclZyUnJWclZSV
lJWUlZSVnJWclZyVlFWcVZxVlFWcVZRVlFWUVZRVlFWUVZRVlFSUVZRVlFSUVIxU
jFSMVIxUjFSMVIwUjBSMFIwTjBOME4wTjBOME4wTjBOME4wTjBOEE4QThBOEE4QT
e9KD0oPSg9KD0nuSe5J7knvSe5J7knuRc5J7knuSe5J7knuRe5F7kXuRc1FzkXOR
c5FzkXORc5FzkXNRc5FzUXNRc1BrUGtQa1BrUGtRa1BrUGtQa1BrUWtRa1BrUGtQ
a1BrUGNQY1BjEGMQYw9jD1sQWxBbEFsQWxBbEFsQWxBbD1sPWxBbEFsQWtBbEFsQ
WxBbEFsQWxBTEFMQUxBTEFMQUtBaz1LPUs9Sz1LPSs5Sz1LPUs9Sz1LPUs9Sz1KP
Ss9Kj0qPSs9Kj0qPSo9KjkqOSo5Kj0qOSo5KTkqOSo5KjkKOQo5CjkKOSk5KTkpN
e5J7knuSg5KDknvSe9J70nvRe9F70XvRe9F70XvRe9F70XuRe5F7kXuRe5F7kXuR
e5F7kYPSg9KD0oPThBOEE4QThBOEEoPSg9KD0oPSg9KD0oPSg9KD0oPSg9KD0oPS
g9KD0oPSe9KD0oPSg9KD0oPSjBKMU4wThBOME4wTjBOME4wTjBOMU4xTjFOMU4wT
jBOMU4xTjFOMU4xTlFOUlJyVnNWclpyVnJWclpyWnJaclpyWnJaclpyVnJac1pyW
nJaclpyWnJaclpyWnJaclpyWnJaclpyWpJaklpyWnJaclpyWnJaclpyVnJWclZyV
nJWclZyVnJaclpyWnJaclpyWpJaclpyWnJaclpyWnJaclqSWpJWklaSVnJWclpyV
nJWclpyVnJWclZyVnJWclZyVnJWclZSVlFWUVZRVlFWUVZRVlFWUVZRVlFWUVZRU
lFSUVJRUlFSUVJRUlFSUVIxUjFSMFIwUjBOME4wUjBOME4QTjBOME4wTjBOME4wT
jBOMEowTjBKEEoQShBKEEoPSg9KD0oPSg9J70nvSe9J70nvSe9JzknuSe5J7knuS
e5F7kXuRe5BzUHOQc5BzkHORa5BzkXORc5FzUXNRc1FzUXNRc1FzUWtRa1FrEWtR
a1FrUWtRa1FrUWtRa1FrUGtQa1BrUGMPYw9jD2MPYw9jEGMQWxBjEGMQYw9bD1sQ
UxBbEFsQWxBbEGLQWxBbEFsQWxBTEFMQUtBS0FLQUtBS0FLQUtBS0FLQUtBSz1LP
Uo9Sz0rPSs9Kz1LPUs9SzlLOUs9Sz0qPSo9Kj0qPSo9Kj0qPSo5KjkqOSo5KjkqO
So5Cj0KPQo9KjkqOSo5KjnvRe9F70XvSe9J70nvSe9Jz0XvRe9F70XvRe9F70XvR
e5F7kXuRe5J7knuRe5J7knuRe5GD0oPRg9KEEoQThBKEEoQShBJ8EoPSg9KD0YPS
g9KD0oPSg9KD0oPSg9KD0oPSg9KD0oPSg9GD0oPSg9KEEoQThFOME4wTjBKME4wT
jBOME4wTjBOME4wTjBOME4wTjBOME4wTjBOME4xUlFSUlZyWnJaclpyWnJaclpyW
nJac1ZyWnJac1pyWnJaclpyWnJaclpSWnJaclqSWnJaclpyVnJWclZyVnJWclpyW
nJaclpyWnJaclpyWnJaclZyVnJaclZyWnJaclpyWnJaclpyWnJaklqSWpJWklaSV
pJWklaSVnJWclZyVnJWclZyVnJWclZyVnJWclZyVnJWclZyVnFWUVZRVlFWUVZRU
lFWUVZRVjFWUVZRVlFWUVZRUlFSUVJRUlFSUVIxUjFSMVIxUjFSMFIwUjBSMFIwT
jBOME4wTjBOME4QThBOEE4wTjBOME4QShBKEEoPSg9KD0oPSg9KD0oPSe9J70nvS
e9J70nvSc5J7knuRe5J7kXuSe5FzkXORc1FzkXORc5FzkXNQa5FzkXNRc1FzUWtR
a1FrUWtRa1FrUWtRa1FrUWtRa1FrUWtRa1FrUWtRa1FrEGsQYxBjEGMQYw9jD2MQ
YxBjEGMQWxBjEFsQYxBbEFsQWxBbEFsQWxBbEFsQWtBTEFMQUxBbEFsQWxBa0FLQ
UtBS0FLQUs9Sz1LPUs9Sz1LPUs9Sj0qPSo9Kz0rPSs9Kz0qPSo9KjkqOSo9Cj0qP
So9KjkqPSo9Kj0qPSo9KjkpOSo1KjUqNSo1KjkqOSo570XvRe9F70XvSe9J70nvS
e9J7knuSe5J7knuRe9F70XvSe5J7knuRe5F7kHuRe5F7kXuSe5J7knvSg9KD0oQS
hBJ70oQSg9KD0oPSg9KD0oPSg9KD0oPSg9KD0oPSg9KD0oPSg9KD0oPSg9KD0oPS
g9KEE4QTjBSME4wSjBKMEowSjBKME4wTjBOMU4wTjBOME4wTjBOME4wTjBSUVZRV
nJWclZyVnJWclpyWnJaclpyWnJaclpyWnJaclpyWnJaclpyWnJaclpyWnJaclpyW
nJWclpyWnJaclpyWnJaclpyWnJaclpyWnJaclpyWnJaclpyWnJWclZyWpJaklqSW
pJaklqSWpJaklpyWnJaclpyWnJaclpyWnJWclZyVnJWclZyVnJWclZyVnJaclZyV
nJWUlZSVlFWUVZRVlFWUVJRUlFSUVJRUlFSUVJRUlFSUVJRUlFSUVJRUjFSMVIxU
jFSMVIwUjBSMFIwUjBSMFIwTjBOME4wSjBKMEoQShBKEE4QThBOEE4QShBKEE4QS
g9KD0oPSg9KD0nvSe9J70nvSe5J7knOSe5J7knuSe5F7kXuRc5FzkXORc5FzkXOR
c1FzUXNRc1FzUXNRc1FzUXNRa1FrUGtRY1FrUWtRa1FrUWsRa1FrUWtRa1BrUGNQ
Y1BjUGNQYxBjEGMQYxBjEGMQYxBjEGMQYxBjEGMQWxBa0FsQWxBbEFsQWxBbEFsQ
WxBbEFsQWxBbEFsQWs9az1rPWs9az1LPUs9Sz1LQUs9Sz1LPUs5Sz1LPUo9Kj0qQ
So9Sj1KPUo9Sj0qPSo9Kj0qPSo5KjkqOSo5KjkqOSo5KjkqOSo5CjkKNSo5CjkKO
e9F70XvRe9F70nvRe9F7kXuRe9F7kXvRe5F7kXuRe9F70XuRe5F7kXuRe5F7kXuR
e5F7kXuRe9KD0oPSg9KD0oPShBJ8EoPSg9KD0oPSg9KD0oPSg9KD0nvTg9OD0oPS
g9KD0oPSg9KD0oPSg9KD0oPShBOME4wTjBOME4wTjBKMEowSjBKME4wTjFOME4wU
jBOME4wThBOME4xTjFOUVZSVnJWclpyVnJaclpyWnJaclpyWnJaclpyWnJaclpyW
nJaUlpyWnJaclpyWnJaclpyWnJaUlpyWnJaclpyWnJeclpyWnJaclpyWnJaclpyW
nJaclpyWnJaclpyWnJaclqSWpJaclpyWnJaclpyWnJaclpyWnJaclpyWnJaclpSV
nJWclZyVnJWclZyVnJWclZyVnJWclZRVlFWcVZxVlFSUVZRVlFWUVZRVlFWUVZRV
lFWUVZRUlFSUVIxUjFSMVIwUjBSME4wUjBSME4wTjBOME4wTjBOME4vSjBOEE4QT
hBKEEoQThBN704PTg9OD0oPSg9KD0nvSe9J70nvSe9J70nuSe5J7knuSe5J7kXOR
c5FzkXORc5FzUXORc5FzkXORa1BzUXNRc1FzUXNRc1BzUXNRcxBrUWtRa1BrUGtQ
a1BrUGtQa1BrUGtQY1FjEWMQYxBjEGMQYxBjEGMPYxBjEGMQYxBjEFsQWxBbEFsQ
WxBbEFsQWxBbEFsQWxBa0FrQWw9TD1sPWw9bD1MPUs9Sz1LPUs9Sz1LPUtBSz0rP
Ss9Kz0rPSs9Kz0rPSo5Kj0qPSo9Kj0qPSo5KjkqOSo5KjkqOSk5KjkpOSo5KjUqO
So1KjkqOSo5KjkqOSo5KjnuRe9F70XvSe9J70nvSe5F7kXuRe5F7kXuRe5F7kXuS
e5J7knuSe5J7knuSe5J7knuRe5F7kYPRg9GD0oQShBKEEoQSfBKEEoPSg9KD0oPS
g9KD0oPTg9OD04PTg9KD0oPSg9KD0oPRg9KD0oPSg9KD0oQSjBOME4wTjBOEE4wS
jBOMEowTjBOME4wTjBOME4wTjBOME4wTjBOUU5RUlFSUlZSVlJWUlZyWnJaclpSW
nJaclpyWnJWclZyWnJaclpyWnJaclpyWnJaclpyWnJaUlpyWnJaclpyWnJaclpyW
nJaclpyWnJaclpyWnJaclpyVnJaclpyWnJaclpyWnJaclpyWnJaclpyWlJacl5yW
nJaclZyVnFWclZyVnJWclZyVnJWclZyVnJWclZxVnFSUVZSVlFWUVZRVlFWUVZRV
lFWUVZRVlFWMVJRUlFWUVZRUlFSUVJRUjFSMVIxUjBSMFIwUjBSMFIQTjBOME4wT
jBOME4wTjBOD04QThBOEE4QThBOEE4QSg9KEEoPSg9KD0YPSg9J70nvSe9J70nvS
c9J7knuSe5J7kXuRe5F7kXuRe5F7kXNRc5FzkXORc5FzkXORc1FzUXNRc1FzUHNQ
c1BzUGtQa1BrUWsRY1FrUWtRa1BrUGtQa1BrUGNQY1BjUGNQY1BjUGNQY1BjEGMQ
YxBjEFsQWxBbEFsQWxBbEFsQWtBbEFMQWxBbEFMQUxBbEFMQUxBTD1MPUw9TD1LO
Us9Sz1LPUs9Sz0rPUs9Sz1LPUs9Sz0rPSs9Kz0rPSs9Kz0qPSo9Kj0qPSo5KjkqO
So5Kj0JOQo9Kj0qPSo9Kj0pPSo5KjkKOQo5CjkKOQk57kXuRe5F70XvRc5F7kXuR
e5F7kXuRe5B7kXuRe5J7UnuSe5J7knuSe5F7kXuSe5J7kXuRe5F70YPRg9KEEoPT
g9KD0oPSg9KD0oPSg9KD0oPSg9KD0oPSg9KD0oPSg9KD0oPSg9KD0oPSe9J70nvS
hBKEEoQTjBOME4wTjBOEE4QTjBOME4wTjBOME4wTjBOME4wTjBOME4wTjBOMVJRU
lJWclZyVnJWclZyWnJaclpyWnJaclpyWnJaclpyWnJaclpyWpJaclpyWnJaclpyW
nJaklpyWnJaclpyWnJaclpyWnJaclpyWnJaclpyWnJaclpyWnJaklpyWnJaclpyW
nJWclpyWnJaclpyWnJacVqSWnJaclpyWnJWclZyVnJWclZyVnJWclpSVlJWUVZRV
lFWUVJRVlFWUVZRVlFWUVZRVlFSUVJRUlFSUVJRUlFSUVJRUlFSMVIxUjFSMVIwU
jBOME4wTjFOEE4wTjBOME4wTjBOEE4QThBOEE4QThBOEE4QThBOEE4PTg9KD0oPS
g9KD0oPSe9J70nvSe9J70nvSc5J7kXuRe5F7kXORc5FzknOSc5JzknORc5FzkXOR
a1FzUXNRc1FzUXNRa1BrUWtRa1FrUWtRa1FjEWtRa1FrUGtQa1BrUGtPY1BjUGNQ
Y1BbT2NQY1BjUGNQWw9bD1sPWxBbEFsQWxBbEFsQWxBbEFrQWxBbEFsQWw9bEFsQ
WxBTD1sQWw9bEFrQUtBS0FLPUs9Sz1LPUs9Kz1LPUs9Sz1LOUs9Sz1KPSo9Kj0qP
So9Kj0qPQo9Kj0qPSo9Kj0qPSo9Cj0qPSo9Kj0qPSo9Kj0qPSo9Kj0qPSo5CTkJO
e5F70XvRe9F70XORe5FzkXuRe5F7kXNRe5F7kXuRe5FzknORc5FzkXORc5F7kXuR
e5F7kXuSe9J70nvSg9KD0oPShBKD0oPSg9KD03vSe9KD0oPSg9KD0oPSg9GD0oPS
g9KD0oPRg9KD0oPSg9KD0oPShBKEEowSjBOEE4QThBOEE4QThBOME4wTjBOME4wT
jBOME4wTjBOME4wTjFSUlZSWlJWclpyVlJWclpyWnJaclpyWnJaclpyWnJaclpyW
nJaclpyWnJaclpyWnJaclpyWnJaclpyWnJaclpyWnJaclpyWnJaclpyWnJaclpyW
nJaclpyWnJaclpyWnJaclpyWnJaclpyVnJaclZyWnJaclpyWnJaclpyWnJaclpyV
nJWclZyVnJWUlZSVnJWcVZxVnFWUVZRVlFSMVZRVlFWUVZRVlFWUVZRVlFWUVJRU
lFSUFJRUlFOMVIxUjFOMU4xThBOME4wTjBOME4wTjBOME4wSjBOEE4QThBOEE4QT
hBOEE3vTg9OD04PTg9OD0oPSg9KD0nuRe9J70nvSc5J7knuSe5J7kXtRe5F7knOS
c5JzkXORc5FzkXORc5FzkXORc1FzUHNRc1FzUXNRc1FrUWtRa1FrUWtRY1FjUWtR
a1FrUWtQa1BrUGtQa1BjEGMRYxFjEWMRYxBjEGMQWxBjEFsQWxBbEFMQWxBbEFsQ
YxBi0FsQWtBbEFsPWxBbEFsQWxBbEFsQWxBS0FLQUtBS0FKQUs9Sz1LPUs9Sz1LP
Us9Sz1LPSs9Kj0qPSo9Kj0qPSo5Cj0qPSo5KjkqOSo5KjkqOSo5KjkqOSo5KjkKO
So5KjkqOSo5KjUpOQk9CTnvRe5J7kXuRe5B7UHtQe1B7kHORc5FzkXORc5FzkXOR
c5FzkXOQc9FzkXORc5BzkXuRe5F70XvRe9J70nvSg9KEEoQSg9F70nvSe9J70nvS
e9J70oPSg9GD0nvSe9KD0oPSe5J70nvSe9J70nvSg9GD0YvShBOME4wTjBOEE4QT
hBOEEoQThBOME4wTjBOME4wTjBOME4wTjBOME4xUlFSUVZSVlJaUlpSWlJaUlpyW
nJaclpyWnJaclpyWnJWclpyWnFaklpyWnJaclpyWnJaclpzWnJaclpyWnJaclpyW
nJaclZyVnJaclpyWnJaclpSWnJaclpyWnJaclqSWnJaclpyWnJaclpyVnJWclZyV
nJWclZyWnJaclZyVnJWclZyVnJWUlZSVlJWUVZRVlFWUVZRVlFWUVZRVjFWUVZRV
lFSUVJRUlFWUVJRUlFSUVJRUjFSMVIxUjFSMVIxUjFSME4wTjBOME4wTjBOME4wT
jBOME4wTjBOME4QThBOEE4QTg9N704PTg9OD04PTg9J70oPSe9J70nvSe9J70nvS
c5J7knuRe5F7kXuRc5FzkXORc5FzkXORc5FzknOSc1FzUXNRc1BzUXNRc1FzUWtR
a1FjUWtRa1FrUWtRa1FrUWtQa1BrUGNQa1BrUGtQaxBrEGsQYxBjEGLQYxBjEGMQ
WxBjEGMQYxBbEFsQWxBbEFsQWxFa0FMQWxBbEFsQWxBbEFsQWxBbEFsQUxBS0FLQ
UtBSz1LPUs9Sz1LPUs9Sz1LPSs9K0FKQUpBSj1KPSo9Kj0qPSo9KjkqPSo9Kj0pO
So9Kj0qPQo5CjkKOQo5CjkKOQo5CjkKPQo5CTkJOQk5zTnNOc1BzUHNQc1BzUHNP
c5BzkXuRe5F7kXNQc1BzUHNQc1BzUHOQc5BzkHOQc5B7kHuQe9F70XvRe9F70YQR
hBJ70XvRe9J70nvSe5J70nvSe9F70nvSe9J70nvSe9J70XvRe9F70YPRg9GD0YPS
g9KMEowTjBOME4wThBOD04PThBOEEoQShBKEEoQShBKEE4wTjBOME4wTjFSMVJRU
lJWUlpSWlJaUlpyWnJaclpyWnJaclpyWnJaclZyWnJaclpyWnJaclpyWnJaclpyW
nJaclpyVnJWclpyWnJaclpyWnJaclpyWnJaclpyWnJaclpyVnJWclpyWnJaclpzW
nJaclqSWnJaclpyWnJaclZyWnJaclpyWnJWclZyVnJWclZSVnJWUVZRVlFWUVZRV
lFWUVZRVlFSUVZRVlFWUVZRVlFWUVZRUlFSUVJRUjFSMVJRUjFOMU4xUjBSMFIwU
jBSMFIwTjBOME4wTjBKME4wTjBOL04QThBOEE4QThBOEEoQSg9KD0oPSg9KD0oPS
g9KDknvSe9F70nvSe9J70nvRc9F7kXvRc5FzkXORc5FzkXORa5FrkXORc5FzkXOR
c5FzUXNRc1FzUXNRc1FrUWtRa1FrUGtQa1BrUWsRa1FrUWtQa1FrUGtQa1BjUGMQ
Y1BjEGMQYxBjEGMQYxBbEGMQWxBbEFsQWxBbEFsQWxBbD1sQWxBbEFsQWxBbEFMP
Uw9TD1MQUxBTEFMQUtBS0FrQUpBS0FLQUs9Sz1LPUs9Sz1LPSs9Kz0rPSo9Kj0qP
So9Kj0qOSo5KjkqOSo9Cj0qPSo5KjkKOQo5CjkKOQo5CjkKOQo5CjkKOQo5CjkKO
a5BzkHORc5FzkXORc5FzkXuRe5F70XvRe5FzkXORc5FzUXNRc1FzkXORc5FzkHuQ
c1Bzj3OPc49zj3OPc5BzkHNQc1B7kXuRe9F70nvSe9J70nuRe5F7kHuRe5F7knvR
e9J70nvSe9J70XvSe9KD0oPSg9KEEowTjBOEEoPSg9KEEoQThBOEEoQShBKEE4QT
hBOEE4QThBOME4wUjFWUVZRWlJaUlpSWlJaclZyVnJWclZyVnJWclZyWnJWclZyW
nJWclZyVnJWclZzWnJaclpyWnJWclZyVnJWclpyWnJaclpyWnJaclpyWnJaclZyV
nJWclZyVnFWclZyWnJaclpyVnNWklZyVnJWclpxWnJaclpyWnJaclZyVnJWcVZxV
nFWcVZxVnFWUVZRVlFSUVZRVlFSUVJRVlFWUVZRVlFWUVZRVlFWUVYxVjFWMVYxV
jFSMVIxUjBSMFIwTjBSMFIwUjBSMFIwTjBOME4vTjBOME4wTjBOME4wThBOEE4QT
hBOD04QThBOD04PSg9KD0oPSg9KD0nuSe9J70nvSe5JzknuRe5J7knuRe5F7kXuR
c5FzkXOSc5FrkXORc5BzkHOQc5FrkWtRa1FrUWtRa1FrUGtQa1BrUWNRa1FrUWtR
a1BrUGtQa1BrUGtQY1BjEGNQY1BjEGMQYw9jEGMQYxBjEFsPWw9bD1sQWxBbEFsQ
WxBbEFsQYxBbEFsQWxBbEFsQUxBTEFMQUxBTEFLQStBS0FKQUtBS0FLQUs9Sz1LP
Us9Sz1KPUo9Sj0qPSo9Kj0qOSo5KjkqOSo5KTkqOSo9Kj0qPSo9KjkpOSk5KjkKO
Qk5CTkJOQk5CTkJOQk5CjnuQe5B7kXuRe5F7kXuRg9F70nvSe9Jz0nORc5FzkXOQ
c5F7kXuRe5F7kXuQc5BzkHOQc5BzkHuRc5F7kXuRe5F70YPRg9GD0YPSg9KD04PS
e9F7kXuRe5B7kHuQe5F7kXuRe9F70XvRe9B70HvQc9B7kIOQg5F7kHtQe5B70YPR
g9OEE4PTg9KEEoQShBKEEoQShBKEEoQSjBOMFIxVlFWUlpSVlJWUlZSVnJWclZyV
nJWclZyVnJWclZyVnJaclpyWnJaclpyWnJaclpyWnJaclpyWnJaclpyWnJaclpyW
nJaclpyWnJacVZyWnJaclpyWnJaclZyVnJWclZyVnJaclpyWnJaclpyWnJaclpyW
nJaclpyWnJaclpSWnJWUlZSVlJWUlZRVlFWUlZRVlFWUVZRVlFWUVZRVlFWUVZRV
lFWUVZRVlFWUVZRVlFSMVIxUjFSMVIwUjBSMFIwUjBSME4wTjBOME4wTjBOME4wT
jBOME4wTjBKEE4QThBOEE4QThBOEE3vTg9KD0oPSg9J70nvSe9J70nvSe9J7knuS
e5J7kXuRe5F7kXNRc5FzkWuRc5FzkXORc5FzkXNRa1BzUXNRc1FzUXNRc1FrUWtR
a1BrUGtQa1BrUWtRY1FjUGNQY1BjUGNQY1BjUGNQYxBjEGMPWw9bEGMQYxBjEGMQ
YxBjEGMQYxBbEFrQWxBbEFsQWxBbD1sQWxBbEFsQWw9bD1sPUxBTD1LPUs9S0FLQ
UtBS0FKQUtBSz1LPSs9Kz1LPUs9Sz0qPSo9Kj0qPSo9Kj0qPSo5KjkqOSo5KjkqO
So5KjkqOSo5KjkqOSo5CjkqPQo5CjkJOQk5CTkJOSk17kHuRe5F7kXuRe9J70XvR
e9J70nvSe9F70XuRe5J7knvSe9J70XvRe9F70XvRc9F7kXuRe5F70XvSe9J70nvS
g9KD0oPShBKEE4QTfBKEEnvSe9J70oPSe9F70nvRe9F70XvRe9F70XvRe5BzT3uQ
e5B7kXuRe5F7kXuRe5CD0YPShBKEEoQSfBKEEoPSg9J70nvSg9OEE4wTjBOMVJRU
lJWUlZSVlJaUlZSVnJaUlZyVnJaclpyWnJaclpyWnJaclpyWnJaclpzWnJaclpyV
nJWclZyWnJaclpyWnJaclpyWnJaclpyWnJaclpyWnJaclpyWnJaclpyVnJWclZyV
nJaclpyWlJWclZyVnJWclZxVnJWclpyWnJaUlpSVlJWUlZSVlJWUVZRVlFWcVZxV
lFWUVZRVlFWUFZRVlFWUVZRVlFWUVZRVlBWUFJRUjFOMU4xUjFSMVIwUjBSMFIwU
jBSMFIwTjBOME4wTjBOME4wUhBOEE4QThBOEE4QThBKEEoQSfBKD0oPTg9OD04PS
g9KD0nvSe9J70nvSe9J7knuSe5J7kXuRe5FzkXORc5FzkXORc5FzkXORc5FzkXOR
c5FzUXNRc1FrUWtQa1BrUGtRaxFrUWtRa1FjUWNRY1FjUWMRa1BrEGMQY1BjEGNQ
W1BbEGMQWxBjEGMQYxBjEGMQYxBjEFsQWxBbEFsQWw9bD1sPWxBbEFrQWtBa0FrQ
UtBTEFMQUxBTEFsQWs9Sz1LPUs9SkErQUtBSz1LPUs5SzlKOUo5SjkqPSo9Kj0qP
So9Kj0qPSo5CjkqOSo5SjkqOSo5KjkqOQo5KjkqOSk5KTkpOSo5KjkpOSk5KTkpO
e5F7kYORe5F7kXPRe9J70XvRe9F70XvRe9F7kXuSe9KD0nvSe9J70nvSe9J70nvR
e5F7kXuRe9GD0nvSg9KD0oQShBKEEoQShBKEEoPSg9N703vSe9J70oPSg9KD0oPS
g9KD0YPSe9J70XvRe9F70YPShBOEE4QShBKEEoQThBOEE4QThBKEEoQShBJ70nvS
g9KD0oPSg9OME4wTlFSUVJRUlJWUlZSVlJWUlZSVlJaUlpSWlJaclZzWnJaclZyV
nJWclpyWnJaclpyWnJaclpyWnJaclpyWnJaclpyWnJaclpyWnJaclpyWnJaclpyW
nJaclpSWlJaUlZSVnJWclZyVnJaclpRWnJaclpyWnJaclZyWnJaclZyWnJaclpyV
lJWUlZRVlFWUVZRUlFWUVZRVlFWUVZRVlFWUVZRVlFSUVJRUlFWUVZQUlFWUFYwU
jBSMFIwUjBSMFIwTjBSMFIwUjBSMFIwUjBOME4wTjBOME4QThBOEE4QThBOEE4QT
hBOEEoQSe9KD0oPTg9KD0oPSg9J70nvSe9J70nuSe5J7knuSe5J7knuRc5FzkXOR
c5FzkXORc5FzkXORc5FzUWtRc1FzUXNRc1JzUWtRa1FrUWtRa1FrUWtRa1FrUWNR
a1BjUGNQY1BjUFtQW1BbUFtQWxBbEGMQYxBjEGMQYxBbEFsQWxBbEFsQUxBbEFsR
WxBbEFsQWs9a0FrQWtBa0FrQUtBTEFLQUtBS0FLQUtBSz1LPUtBS0FLQUtBSz1LP
Us9Kz0qPSs9Kj0qPSo9Kj0qPSo9Kj0qPSo9KjkqOSo5KjkqOSo5KjUKOQo5CjkKO
Qo5CjkKOQo5CjkKOQo5CTnuQe5B7kHuRe5B7kXuRe9F70XvRe9F7knuSe5J7knuS
e9J70nvRe9F70nvSe9Jz0nuSe5J7knvSg9F70XvRe9J70oPShBKEEoQTfBOD04PT
g9OD04PTg9OD04PTg9KD0oPSg9KD0oPRg9F70YPRg9KEEoQShBKEEoQShBOME4wT
jBOME4wTjBOEEoQThBOEEoQThBOEE4QTjFOMU5RUlJSUlJSUlJSUlJSUlJSUlJSV
lJWUlZSVlJWUlpyVnJWclZyVnJWclZyVnJWclZyVnJWc1ZyVnJWclZyWnJaclpyW
nJaclpyWnJaclpyWnJaclpyWnJaclpyWnJWclZyVnJWclZyVnJWclZyWnFWcVZyW
nJaclpyWnJWclZyVnJWclZyVlJWUlZRVlFWUVZRVlFSUVJRVlFWUVZRVlBSUVJRU
lFSUVJRVlFWMVYxUjFSMVIwUjBSMFIwUjBSMFIwTjBSEE4wTjBOME4wTjBOME4wT
jBOMFIQThBOEE4QThBOEEoQShBKEEoPSg9KD0oPSg9KD0nvSe9J70nvSe9J7knuS
e5J7knOSc5JzknOSc5JzkXORc5FzkXORc5FzkWtRc5FzkXNRc1FzUWtQa1FrUWtR
axFrUWtRa1FjUWtRa1FjUGtQY1BjUGNQY1BjUGNRY1BjEGMQYxBjD2MPYw9jD2MP
Yw9jD2MQWxBbEFsQWxBbEFsQWxBbD1sQWxBbEFsQWxBbEFsQWtBSz1LPUs9Sz1LP
Us9Sz1LPUs9Sz1LPUs9Sz1KPUo9Kj0qPSo9Kj0qPSo9KkEqPSo9Kj0qPSo9Kj0qP
So9Kj0KPQk9CjkKOQk5CTkpOQk5CjkKOQo5CjkKNQk17kHuRe5F7kXuRe5F7kXuS
e9J70nvSe9J7kXuSe9J7knvSe9F70XvRe9J70nvRe9FzkXORe5F7kXuRe9J70nvT
e9OD04PThBKEEoQShBKD0oPSg9KD0oPSg9KD0oPSg9KD0oPSe9KD0nvSe9J70oPS
g9KD0oQShBKEEowSjBKMEowSjBOME4wTjBKME4wTjBOME4QThBOME4wTjBOMU5RU
lFSUVZRVlJWUlZSVlJaUlpSWlJaUlZyVnJWclZyVnJWclZyVnJWclZyVnJWclZyV
nJWclZyVnJWcVZyVnJaclZyVnJWclpyWnJaclpyWnJaclpyWnJWclZyVnJWclZyW
nJWclpyWnJaclpyWnJaclpyVnFWcVZyVnJWUlZSVlJWUlZSVlJWUVZRVlFWUVZRV
lFWUVZRVlFWMVZRVlFWUVZQVlFWUVJRUlFSMFIwUjBSMVIxUjFSMFIwUjBSMFIQU
jBSME4wUjBOME4wTjBOME4wTg9KEE4QThBOEE4QThBOEE4PSg9KD0oPSg9KD0oPS
g9KD0nvSe9F70XvRe5J7knuSe5J7kXuRe5F7kXuRc5FzkXORc5FzkXORc5FzkXOR
c5FzUXNRa1FrUWtRa1FrUWtRa1FrUGtRa1FrUWtRa1BrUGtQY1BjUGNQY1BrEGMQ
YxBjD2MQWxBbEFsQWxBbEGMQYxBi0FsPWxBbEFsQWxBbEFsQWxBbEFsQWxBbEFrQ
WtBS0FLQUxBS0FLQUtBS0FLQUtBSz1LPUs9Sz1LPUs9Sz0rPSs9Kj0qPSo9KjkqP
So9Kj0qPSo9Kj0qOSo5KT0qPSo5KjkqOSo5KjkqOSo5KjkJPQk5Cj0KOQo5CjUKN
c5FzkXORe9F7kXuRe5F7kXvRe9F70XvRe5F7kXuRe5J7knuSe5J7knuSe9J7kXuR
e5F7kXuRe5F7kXuRe5F70nvSg9KD0oPSg9OD04PTg9OD0oPSg9KD0oPSg9KD0oPS
g9J70nvRe9F70XvRe9GD0oPSg9KEEoQShBKEEoQShBKEEowSjBOMEowTjBOME4wT
jBOEE4wTjBOME4wTjFSUlZRVlJSUVZRVlJWUlpSVlJWUlZSVlJWclZyVnJWUVZSV
lJWUlZSWlJWUlZyVnJWclZyVlJWclZyVnJWclZyVnJWUlZyVnJWclZSWnJWclZSV
nJWclZyVnJWUlZSVlJWUlZyVnJWclpyWnJWclZyVnJWclZyVnJWclZyVlJWUlZSV
lJWUVZSVlFWUVYxVlFWUVZRVlFWMVZRVlFWUVZRVlFWUVJRUjFSMVIxUjFSUVIxU
jFSMVIwUjBSMFIQUjBSME4wTjBSMFIwTjBSMFIwTjBOME4QThBOEE4QThBOEE4QT
e9OEE4PTg9OD04PTg9KD0oPSe9J70nvSe9J70nvSc5J7knuSe5J7knuSc5J7knOR
c1FzkXOQc5FzkXORc5FzUXNRc1FzUWtRa1FrUWtRa1FrUWtRa1FrUWtRa1BjUGtR
a1FjUWNQY1BjUGNQY1BjEGMQYxBjEGMQYxBbEFsQWxBbEFsQWxBTEFsQWxBbEFsP
Ww9bD1sPWxBbEFsQUxBTEFMQUxBTEFMQUtBS0FLQSs9Sz1LPUs9az1LPUs9Sz1LP
Us9Sz0rOSo5KzkrOSs9KjkqOSo5KjkqPSk9Kj0qPSo9Kj0qOSo5KjkqNSo5KjkqO
Sk5KTUpNQo1CTkKOQo1CTXOQc5FzkXORe5F7kXvRe9J70XvRe9FzkXuRe5F7kXuR
e5F7kXuRe5F7kXuRe5F7kXOQc5BzkHORe5F7kXuRe9F70nvSg9KD0oPTg9OD04PS
g9KD0oPSg9KD04PSg9KD0oPRe9F70XvRe9F70XvRg9KD0oPShBKEEoQShBKEEoQS
hBKEEoQShBKEEowSjBOME4wThBOEE4wTjBOMFJRUlFSUlJRUlJSUlZSVlJWclZyV
nJWclZyVnJWclZyVnJWUlZyVnJWUlZSVlJWclZyVnJWclZSVlJWclZyVnJWclZyV
nJWclZyVlJWUlZSVlJWUlZyVnJWclZyVnJWUlZSVlJWUlZyVnJWclZSVnJWUlZSV
nJWclZxVlFWUVZSVlFWUVZRVlFWUVZRVlFWMVZRVlFWUVZRVlFWUFJRVlFWUVZRV
lFSMVIxUjFSMVIxUjFSMVIxUjBSMFIwUjBSEFIwUjBSMFIwUjBSMFIwUjBSME4wT
jBOEE4QThBOEE4QThBOEE3vTg9KD0oPSg9KD0nvSe9J70nuSe9J70nvSe9JzknuS
e5F7kXuRc5FzkXORc5FzknOSa5FzkXORc5FzkXNRc1FzUXNRc1FzUXNRc1FrUWtR
a1FrUWtQa1FjEWtRa1FrUWtQa1BjUGNQY1BjUGNQY1BjUGMQYxBjEGMQYxBjEGMQ
WxBbEFsQWxBbEFsQWw9bD1sQWxBbD1MQUxBTEFMQUw9TEFMPUs9Sz1LPUs9Sz1LP
Us9Sz1LPUs9Sz1LPUs9Sz1LPSo5Kj0rPSs9Kz0rPSpBKj0qPSo9Kj0qPSo9Kj0qP
Qo9Cj0KOQo5CjkKOOk5CTkJPQk5CTkJOQo5CTUJNQk1zkXORe5F7kXuRe5F7kXvR
e9F70nvRe5F7kXORe5F7knuRe5J7knuSe5J7knuSe5FzkXORc5FzkXvSe5F70XvR
e9J70oPSg9KD04PTg9N70nvSe9J70nvSg9KD0oPSg9KD0oPRe9F70XvRe9F70XvS
g9KD0oQShBOEEoQShBKEE4QThBOEE4QThBOEE4RThBOEE4QShBOEE4wTjBOUVJRU
lFSUVJRVlJWUlZSVlJWUlZSVlFWUlZyVnJWclZyVlJWUlZSVlJWUlZSVlJWclZRV
lJWUlZSWnJaclZyVnJWclZyVnJWclZyVnJWclZyVnJWUlZSVlJaUlZSVlJWclZyV
nJWclZyVlJWUlZSVlJWUlpSVlJWUlZSVlJWUVZRVlFWUVJRUlFSMVJRVlFWUVZRV
lFWUVZRUlFSUVJRUlFSUVJRUlFSMVIxUjFSME4xUjFSMFIQUjBSMFIwUjBSME4wT
jBOME4wTjBOME4wTjBOD04wThBOEE4QThBOEEoQTe9OD04PTg9OD04PSg9KD0oPS
g5N70nvSe9J70nvSc9J7knuSc5FzkXORc5FzkXORc5FzkXORc5FrkXORc5FzkXOR
c5FzkXNRa1FrUWtRa1BrUGtSa1FrUWtRa1FrUWtRa1FrUWtRY1FjUWNRY1FjUWMR
axBjEGMQYxBjD2MQYxBjEGMQWxBbEFsQWxBjEFsQWxBbEFsQUw9bD1sPWxBbEFsQ
WtBS0FLQUxBTEFMQUtBSz1LPUs9Kj1LPUs9Sz1LPUs9Sz1LPSo5Kj0qPSo9Kj0qP
So5KjkqOSo5KjkqOQo5KjkqOSo5KjkqOSo5KjkJOQk5CTkpOSk5KTkpOQk5CTkJN
c5BzkHOQe5B7kHuQe5F7kHuSe5F7kXuRe5F7kXuRe5F7kXuRe5F7kXuRe5FzkXOR
c5FzkXORc5Fz0XvRe9F70XvRe9GD0oPTg9OD04PSg9KD0nvSe9KD0oPSe5J704PT
g9OD0nuSe5F7kXuRe9F70oPSg9KD0oQSg9KEEowShBOEE4QThBOEE4QThBOEE4wT
hBOEE4QThBOME4wTjFSUVJRUlFSUVZSVlJWUlZSVlJWUlZSVlJWUlZSVnJWclpyV
nJWclZSVlJWclZSVlJWUlZSVlJWclpyVnJWclZyVnJWclZyWnJWclZyVnJaclZyV
lJWUlZSVlJWUlZSVlJWclZyVnJWclZyVnJWUlZSVlJWUlZSWlFWUVZRVlFWUVJRU
lFSUVJRUlFSUVJRUlFScVJRUlFSUVJRUlFSUVJRUlFSUVIxUjBSMFIwUjBOME4wT
hBOME4wTjBOME4wSjBOMEoQShBKEEoQSg9KEEoQShBKEEoQShBJ70oQTg9KD0oPS
g9KD0oPSg9KD0oPSg9KDknvSe9J70nvSc9J70nuSe5J7knOSc5FzkXORc5FzkXOR
c5FzkXORc5FzkXORc5FzkXORc5FrkWuRa1FzUXNRa1FzUWtRa1FrEWtSY1FjUWNR
Y1FjUWtQY1BjUGNQY1BjUWMQYxBjEGMQYxBjEGMQWxBbEFsQWxBbEFsQWxBaz1sQ
WxBbEFsQWxBbD1sPWw9az1rPWtBS0FLQUtBS0FLQUtBS0FLQUxBSz1LPUs9Sz1LP
Us9Sz1KPSo9KkEqQSo9Kj0qPSo9Kj0qPSo5KjkqOSo5KjkKOQo5CjkJOQo5CjkKO
So5KTkpOSk9KT0pOSk5CjXOQc5B7kHuQe5B7kHuQe9F70XvRe5F7kXuRe5F7kXuR
c5FzkXORe5F7kXuRe5FzkXNRc5FzkXORc5F70XuRe9F70YPSg9KD0oPTg9OD0oPS
e9J70nvSe9N70nvSg9KD0oPSe5J7knuSe5J7kYPSg9KD0oPSg9KD0oPSg9OD0oQT
hBOEE4QThBOEE4QThBOEE4QSg9KEE4wTjBOME4xUjFSUVZRVlFWUVZSVlJWUlZSV
lJWUlZSVlJaUlZSVlJWUlZSVlJWUlZSVlJWUlZSVnJWclZyVnJWUlZSVlJWUlZSV
lJWUlZSVlJWclZyVnJWclZSVlJWUlZSVlJWUlZSVlJWUlZSWlJWUlpSWlJWUlZSV
lFWcVZxVnFWcVZRVlFWUVZRVlFWUVZRVlFWUVZRVlFSUVJRUlFSUVJRUlFSUVJRU
jFSMVIwUjBSMFIwTjBOME4wTjBOME4wTjBOME4vSjBKMEoQShBKEEoQShBKD0oPR
g9KD0oPSg9KD0oPSg9KD0oPSe5F70XvRe9J70nvSe9J70nvSc5JzkXuRe5F7kXOR
c5FzkXORc5FzkXORc5FzkXORc5FzkXORc5FzkXORc5FrkGtRa1FrUXNRc1FzUGtR
a1FrUWtQa1FrUWtRY1FjUWNQY1BjUGNQY1BjUGNQY1BjUGNQW1BbEFsQWw9bD1sP
WxBTEFMQUxBbEFMQUxBTEFMQWtBa0FsPWw9bD1sPWw9bD1LPWtBS0FLQUtBS0ErQ
UtBS0FLQUtBSj1LPUs9SzkrPSs9Sj0rPSpBKkEqQSpBKkErPSo9CjkKPSo9KT0qP
So9Kj0qPSo9Cj0KOQo5CjkKOQo5CjkqOQk5CTkJOQk5zkHOQc5BzkXORc5FzkXuR
e5F7knuRe5F7kXuRe5F7knvSe5J7knuRe5F7kXOQc1BzkHOQc5BzkXORe9F7knuR
g9F70nvSg9KD04PTe9J70nvSe5J70nvSe9J70oPSg9J70nvSe9J7knuSe5J70nvS
g9KD0oPSg9KEEoQShBKEEoQShBKEE4QThBOEEoQShBKEEoQShBOEE4wTjFOMVJRU
lFSUVJRUlFSUVZRVlJWUlZSVlJWUlZSVlJWUlZSVlJWUlZSVlJWUlZSVlJWUlZSV
lJWUlZSVlJWUlZSVlJWUlZSVlJWUlZSVlJWUlZSVlJWUlZSVlJWUlZSVlJWUlZSV
lJWUlZSVlJaUlpSVlJWUVZRVlFWUVZRVlFWUVJRVlFWUVZRVnFWUVZRVlFWUVJRU
lFSUVJRUlFSUVJRUlFSUVIxUjFSMVIwUjBSMFIwUjBSME4wTjBOME4wTjBOME4wT
jBKMEoPSg9KD0oPSg9KD0oPSg9GDkoPSg9KD0oPSe9J70nvRe9F7kXuRc5F7kXuR
e5F7kXOQc5BzUHOQc5FzkWuRc5FzUXNQc1BzUHNQc1BzkHOQc1BzkHOQa1BrUGtQ
a1FrUGtRa1FrUWsQa1BrUGtQY1BrEWtRa1FrUWtQa1BrUGtPY09jT2MQYxBjUGNQ
Y1BjT2MQYxBjEFsQWxBbEFsQWtBbEFsQWxBbEFsQWw9bD1sPWw9bD1sQUxBTEFMQ
UtBS0FLQUtBS0FrQWtBSz1LPUs9Sz1LPUs9Sz1LPUo9Kz0rOSs5KzkqOSo9Kj0qP
So9Kj0qPSo9Kj0qPSo9Kz0qOSo5KjkKOQo5CjkKOQo5CjkJOQk9KT0JOQk5CTkJN
c5BzkHOQc5BzkHOQc5F7kXuRe5F7kXuRe5FzkXuRe5F7kXuRe5F7kXuRc5FzkXOQ
c5FzkXORc9FzkXORe5F7kYPRg9GD0XvSe9J70nvSe9J70nvSe9J70nvSe9J70nvS
e9J70nORe5J7kXuRe9F70XvSg9KEEoQSg9KD0oQShBKEEoQThBKEEoQShBKEEoQS
hBKEE4QThBOEFIxUjFSMVJRVlFWUVZRVlFWUlZSVnJWUlZSVlFWUVZRVlFWUlZSV
lJWUlZSVlJWUlZSVlJWUlZSVlJWUlZSVlJWUlZSVlJWUlZSVlJWUlZSVlJSUlZSV
lJWUlZSVlJWUlZSVlJWUlZSVlJWUlZSVlJWUlZSVlJWUVZRVlFWUVZRVlFWUVZRV
lFWUVZRVlFWMVYxVlFWUVJRUlFSUVJRUlFSUVJRUjFOMVIxUjFSMVIxUjFOMU4xT
jFOEE4wTjBOME4wSjBOME4wThBKEEoQThBOD04PSg9KD0oPSg9KD0YPRe9F70nvS
e9J70nvSe9F7kXuRe5F7kXuQc5BzUHOQc1BzkHOQc1FzUHNQc1BrUGtQa09rT2tQ
a1BrUGtQa1BrUGtQa1BrT2tPa1BrUGtQYxBrEGsQaxBjUGNQYxBjEGMQYxBjEGMQ
YxBjEGMPYxBbEGMQYxBjEFsQWxBbEFsQWxBbEFsQWxBjEFsQWxBbEFsPWw9bD1sQ
WxBTEFMQUxBbEFrQWtBS0FrQWtBS0FLQUtBSz1LQUs9Sz1LPUs9Sz1LPUo9Sj1KP
Uo9Sj1KPSo9KjkqOSo5CjkqOSo5KjkqPSk9Kj0qOSo5CjkKOQo5Cj0KOQo5KjkJO
Qk1CTUJOQk5CTkJOQk5CTnOQc5BzkXOQc5BzkHuQe5F7knuRe5F7kXORc5FzkXOR
c5FzkXuRe5F7kXuRc5FzkHOQc5BzkXORe5J7knuRe5F7kXvRe9GD0oPSg9KD0nuS
e9J70nvSe9J70nvSe9N703vSe9J7knuRe5J7kXvRe9KD0oPShBKEEoPSg9KEEoQS
hBKEEoQShBOEE4QShBOEE4QShBKEE4QTjBOMVIxUjFSUVJRVlFWUVZRVlFWUVZSV
lJWUlZSVlJWUlZSVlJWUlZSVlJWUlZSVlJWUlZSVlJWUlZSVlJWUlZSVlJWUlZSV
lJWUlZSVlJWUlZSVlJWUlZSVlFWUVZRVlJWUlZSVlJWUlpSVlJWUlZSVlJWUlZSV
lJWUVYxVlFWUVZRVlFWUVZRVlFWUVZRVlFWUVZRUlFSUVJRUlFSUVJRUlFSUVIxU
jFSMVIxUjFSMVIwUjBSMFIwUjBOME4QSjBOME4wTjBOEE4QThBOEE4QThBOEE4PT
g9OD04PSg9KD0nvSe9J70nuSe9J70nvSe9Jz0nuSe5J7knORc5FzkHNQc5BzkHOQ
c1BrUGtQaw9rUGtQa1BrT2MPa09rT2sPaw9rD2sPaw9rD2sPaw5jD2MPYw9jD2MP
Yw9jDlsPWw9jD2MOYw9jD2MPYw9bD1sPWw9bD1rPWs9az1sPWs9Sz1rPYtBaz1rP
Ws9az1rPWs9a0FrOWs9az1rPUs9Sz1LPUs9Sz1LPUs9Sz1LPUs9Sz1KPSs9Sz0rP
UtBSz1LPUs9SjlKPUo9KjlKOUo5KjkqOSo5Kj1KOSo5KjkqOSo5KjkqOSo5KjkpN
So5CjkKOQo5Kj0pOSk5KTkpOQk5CTUKNQo1CTkJOOk5zkHOQc5BzUHOQc5BzkHOR
c5FzkXORc5FzkXOQc5FzkXuRe5F7kXuRe5FzkXNRc5FzUXNRc5JzkXORe5F7knuS
e5J7koPTe9J70nwSe9J70XvSe9Jz0nuSe9J70nvSe9J70nORe5F7kXuRe5J7knvS
e9KD0oPSg9KD0oPSg9KD0oQShBOEE4QThBOEE4QThBOEEoQShBKEE4wTjFOMVJRU
lFSUVZRVlFWUVZRVlFWUlZSVlJWUVZRVlFWUlZSVlJWUlZSVlJWUlZSVlJWUlZSV
lJWUlZSVlJWUlZSVlJWUlZSVlJWUlZSVlJWUlZSVlJWUlZRVlJWUlZSVlJaUlZSV
lJWUlZSVlJWUVZRVlFWUVZRVlFWMVZRVlFWUVZRVlFWUVZRVlFWUVJRUlFSUVJRU
lFSMVIxUjFSMVIxUjFSMVIxUjFSMVIQUjBSMFIwUjBSMFIwTjBOME4wTjBKME4wS
hBKEEoQThBOEE4QThBOEE4QTg9KD0oPSg9KD0oPSe9J70nvSe9F70nvSe9J70nuS
e5J7knuSc1FzkXORc5FzkXORc1FzUXNQc1BrEGtQa1BrUGtQa1BrEGsQaxBjEGMQ
Yw9jD2MOYw9jD2MPWs9jD2MPYw5jDmLPYs5izmLOWs5azlrOWs5azlLNWs5azlrO
Wo5azlrOWs5izlrOWs5azlLOUs5SzlLOUs5SjlqOWs5SjlKOUo5Sj1KPUo9Sj1KP
Uo9Sj1KOSo5KjlKOUs5SjlKOUo5Sj1KPUo9SjlKOSo5KjkqOSo5KjkqOSo5KjkqO
So5CjkqOSo5KjkqOSo5KjkqOSo1KjkqOSk5KjkJOQk5CTUqNQo1KTkpOQk5CTkJO
c5BzkHOQc5BzkHOQc1BzkXORe5F7knNRe5FzkXORc5FzknOSc5JzknORe5JzkXOR
c1FzUXORc5F7knORc9FzknuSe5J703vTe9J70nvSe9J70XvRe9J70nvSfBOD0oPS
e5F7kXuRe5F7knuSe5J7knvSe9KD0oPSg9KD0ovSg9OD04PThBOD04PThBOEE4QT
hBOEE4QThBOMFIxUjFSUVJRUlFSUVZRVlFWUVZSVlJWUlZRVlFWUVYxVlFWUVZSV
lFWUVpRWlFaUVpSVlJWUlZRVlFWUVpRVlFWUVZRVlFWUlZSVlJWUlZSWlJWUVZRV
lFWUVYxVlFaUVpRWlFaUVZRVlFWUVZRVlFWUVZRVlFWUVZRVlFWUVZRVlFWUVZRW
lBWUVZRVlFWUVIxUjFSMVIxUjFSMVIxUjFSMVIxUjFSMVIxUjBSEFIwUjBSMFIwT
jBOME4wTjBOME4wTjBOD04QThBOEE4QThBOEE3vTg9KD0oPSg9KD0oPSg9KD0oPS
g9KD0nvSe9J70nvRe9J70nvSe5JzknORc5FzkWuRc1FrkWuRa5FrUWtRa1FrUGtQ
a1FrUWtRa1FrUGtQaxBjEGMQYw9jD2MQWxBjD1sPYw9jT2MPYw9jD1sPWw9az1rP
Ws9bD1sPWw5azlrOWs5azlrOWs5azlrOUs5SzlKOUo5SjlKOUo5SjVKNUo1SzVKN
Uo5SjVKNUo1KjUqNSo1KjUqNSo1KjUqNSo1KjUqNSo1KjUqNSk1KTkpNSk1KTkJN
Sk1KTUpNSk1KTUpNSk1KTUpNSk1KTUpNSk1KTUJNQk1KTUpNSk1KTUpNSk1CTUJM
QkxCTEJMQk1CTkJOQk5CTnOQc5BzkHOQc5BzkHORc5BzkHuRe5FzkHOQc5F7UXOR
e5JzknOSc9FzkXORc5FzUHNQc1FzUXNRc5FzkXuRe5F7kYPRe9KD04PTg9OD0oOS
e9F70nvSe9J70nvSe9J70nvSe9BzkHORe5F7knuSe9J70nvSe9J70oPSg9OD0oQT
hBOEE4QThBOD04PTg9OD04PTg9OEE4QTjBSMVIxUlFSUVJRUlFSUVZSVlJWUlpRV
lFWUVZRVlJWUVZRWlFaUVZRVlJWUlZSVlJWUlZSVlJWUlZRVlFSUVZRVlJWUlZSV
lJWUlZSVlJWUlZSWlJWUVZRVlFWUVZRVlFWMVZRVlFWUVZRVlFWUVZRVjFWUVZRV
lFWUVZRUlFWUVZRVlFWUVJRUlFSUVJQUlFSUVJRUjFSMVIxUjFSMVIxUjFSMVIxU
jFSEFIwUjBSMFIwUjBSMFIwUjBOME4wTjBSME4wTjBOEE4QThBOEE4QShBN704PT
g9OD03vTe9N70oPSg9KD0oPSe9J70nvSe9J7knOSe5F7knOSc5JzknORc5JzkXOR
c5FzkXORc1FzUXNRa1BrUGtQa1BjUGNQa1BrUGtQa1BjUGNQYxBjD2MQYxBjEGMQ
YxBjD2MPYw9jD2MPYw9jD2MQYxBjEGMQWxBbD1rPWs9az1rPWs5Sj1LPUs9Sz1LO
Us1SzVKNUo1SjVKOUo5STVKNUo1SjVKNUk1KjUqNSo1KjEqMSoxKTEqMSkxKTEqM
SkxKTEpMSkxKTEpMSkxKTEpMQkxCTEJMQkxCTEJMQkxCTEJMQkxCTEJMQkxCTEJM
SkxCTEJMQkxCTEJMQkxCTEJMQkxCTEJNQk1CTEJMQkxzkGuQc5FzkHOQc5BzUXOR
c5FzkXORc5FzkXORe5FzkXOSc5FzkXORc5FzkXOQc1BzUHNQc1F7kXORe5F7kXvR
e9F70nvSe9J70oPSg9J70nuSe9J70oPSe9J70nvTe9J70nvSe5FzkXORe5J7knvS
e9J703vSg9KD0oPSg9KD0oQShBOEE4wThBOEE4PTe9OD04PThBOEE4wUjBWMVYxV
lFWUVZRVlFWUVJRVlJaUlZSVlJWUVZRVlFWUVZRVlFWUlZSVlJWUlZSVlJWUlZSV
lJaUlZRVlFWUlZSVlJWUlZRVlFWUVZRVlJWUVYxVlFWUVZRVlFWUVZSVlFWUVZRV
lFWUVZSVlJWUlZRVlFWUVZRVlFWUFZRVlFWUVZSVlFWUVJRVlFWUFZRVjFSMVIxU
jFSMVIxUjFSMFIwUjBSMFIwUjBSEFIwUjBSMFIwUjBSME4wTjBOMEowTg9OEE4QT
hBOEE4QShBKEEoQShBKD0oPSg9N70nvSe9J70nvSe9J703uSe9J70nvSe9J70nuS
e5J7knuSc5JzkmuSc5FzkXORc5FzkXNRa1FrUWtRa1FrUWtRaxFrUWtQa09rUGNQ
Y1BjUGNQYxBjEGMQYxBjUGMQYxBjD2MPYw9jEGLPYxBjEGNQYxBjEGMQYtBaz1rP
Ww9TD1MPUtBSz1LPUs5SzlLOUs5SzlKPUs9Sz1LPUs9SjlKNUo5SjlKNUo5KjUqN
So1KTUpNSkxKTUpNSk1KTUpMSkxKTEpMSkxCTEpLSktKS0pLQktCS0JLQktCC0IL
QgtCCzoLQgtCC0IKQgtCC0ILQgs6CzoLOgs6DEIMQgxCDEIMOks6DDoLOgtCC0IL
c5BzkHuQe5F7kXOQc5FzkXORc5FzkXORc5FzkXORc5FzkXORc5FzkXuRc5FzkXOQ
c1BzUHNQc1F7UXuSe5J7kXuRe9F70nvSg9OD0nvTe5J70nvRe9F70XvRe9J70nvS
e9J70nORc5FzkXuRe5F7knvSe9J70nvSe9J70nwShBKEEoQShBOEE4QThBOEEoPS
g9KD0oPTjBSMFIwVjFWUVZRVlFWUVZRVlFWUVZRVlJWUlZyVlJWUVYxVlFWUVZSV
lFWUVZRVlJWUlZSVlFWUVZRVlFWUVZRVlFWUVZRVjFWUVZRVlFaUVpRWlFWMVZRV
lFWUVZRVlFWMVZRVlFWUVZRVlFWUVYxUlFWUVZRVlFWUVZRVlFWUVZRVlFSMVZRV
lBWUVJRVjFSMVIxVjFSMVIxUjFOMVIxUjFSMVIwUjBSMU4xThBOME4wUjBSME4wT
jBOME4wTjBKME4wTg9OEE4QThBOEE4PSg9OD04PSg9KD0oPSg9J70nvSe9J7knvS
e9J70nvSe9J70nvSe9J7knuRe5J7kXuRe5FzkXORc5FzkWuRa5FrUWtRa1FrUGtQ
a1BrUGNQa1BrT2tQa1BjUGNQY1BjUFtQY1BjUWNQYxBjEGMQWxBbEFsQWxBbEFsP
Ww9jEGMPYxBa0FsQWtBa0FrQWtBbEFLPWw9TD1MPUw9Sz1LPUs9Sz1LPUs9TD1LP
Us9Sj1KPUo9SjlKPUo5Kj1KPUo9Sj1KOUo5KjkqOSo5KjkpOSk5KTUpNSk1CTUJM
QkxCTEJLQktCC0IMOgtCC0ILQgs6CzoLOgs6CzoLOgs6CjoKOgsyCjIKOgo6CzoL
Ogs5yjnKOcpCCkIKQgo6CnOQc5BzkHOQc5BzkHOQe5FzkXORe5FzkXORc5FzkXOR
c5FzkXORe9B7kHuRc09zUHNQc1BzUHNQc5BzkXuRe5GDkXuRe9F70nvSe9J70nvS
e9J70nvSe9J70nvSe9J70nvSe9JzkXORe5F7kXuRe9F70XvRe9J70nvSe9KD0oPS
hBKEEoQShBKEEnwShBKD0oPSg9KMEowTjBSMFIxVjFSMVJRVlFWUFZRVlFWUVZRV
lFWUlZSVlJWUVZRVlFWUVZRVlFWUVZRVlFWUVYxVlFaUVpRVlFWUVZRVlFWUVZRV
lFWMVZRVlFWUVZRVjFWUVZRVlFWUVZRVlFWUVZRVlFWUVZRVlFWUVZRVlFWUVZRV
lFWUVZRVlFWUVZRUlFSUVJRVlBWUVZRVlFWMVYxVjFSMVIxTjBSMFIxUjFSMFIwU
jBSMFIwTjBOME4wTjBOME4wTjBOME4wTjBOME4QThBOEE4QTg9N704PTg9OD04PT
g9KD0oPSg9J70nvTe9J70nvSe9J70nvSe9J70nOSe5J7knuSe5JzkXORc5FzkXOR
c1FzUXNRc1FrUWtRa1FrEWtRa1BjUGNQY09jT2tPa09rT2tPa1BjD2NPY1BjUGMQ
YxBjEGMQWxBbEFtQWxBbEFsQWxBbEFsQYxBjD1sPWw9bD1sPWw9bD1sPWs9az1LP
Ws9az1qPWs9az1rPUs9SzlLPUs9Sz1LPUs9Sz0rPSs9Kz0rOUs9Sz1KPUpBSkEqP
So9KjUqOSo1KjUqNSo1CjUKNQo1CjUJMQkxKTEpNQk1CTEIMQgxCDDoLQgs6CzoL
Qgs6CznLOgs6CzoKOgo6CjoKOgo6CjnKOco5yjHJOcpzkHOQc5BzkHOQc1BzUHuQ
c5FzkXORc5FzkXNRe1F7knuRc5FzkXORe5F7kXNQc1BzUHOQc1BzkXORe9F7kXuR
e5F7kXvSe9J70nvSe9J70nuSe5F7kXvRe9J70nvSe9N70nORc5BzkXuRe5J7knuS
e5J70nvSe9KEEoPSg9KD04PSg9KEEoQShBKD0oPTg9KD0oPShBKMEowTjBSMVYxV
jFSMVJRUlFSUVZRVlFWUVZSVlJWUlZSVlJWUlZSVjFWUVZRVlFWUVZRVlFWUVZRW
lFaUVZRVlJWUlZSVlJWUVZRVlFSUVZRVjFWUVpRVlFWUVZRVlFWUVZRVlFWUVZRV
lFWUVZRVlFWUVZRVlFSUVJRVlFWUVZRVlFWUVZRVlFWUVZRVjFWMVYxVjFWMVYxV
jFWMVIxUjBOMVIwUjBSEFIwUjBSMFIwUjBOME4wTjBOME4wTjBOME4QShBOEE4QT
hBOEE4QTg9OD0oPSg9KD0oPSg9J70nuSe9J70nvSe9J70nvSe9J70nvSc9Jz0nOS
c5JzknOSc5JzknORc1FzUXNRc1FzUWtRa1FrUWtRaxFrUGtQa1BrUGtQaxBjEGMQ
YxBjEGMQYxBjEGMQWxBjEGMQYxBjEGMQW1BbEFsQWxBbEFsQYxBjEGMPYw9bD1sP
Ww9bD1sPWw9Sz1LPUs9Sz1LPUs9Sz1KPUs9Sz1LPUtBS0FLPUs9Sz1LQUs9Sz1LP
Ss9Kz1LPUs9Sj1KPUo9Sj1KPSo9Kj0qOSo5KjkqOSo5KjUKNQo1CTUJOQk1CTUJN
Qk1KTUpNSk1CTEJNQk06DUIMQgxCDDoMOgs6CzoLOgs6CzoLOgs6CzoLOgs6CzHK
c5BzkHOQc5BzkGtQc5FzkXORc5FzkXNRc1FzUXORc5JzUXORc5FzkXORc5FzUGtQ
c1BzUHNQc5BzkXORe5F7knuSe5F70nvSe9J70nvSe9J70nvRe9F7kXuSe9J70nvS
e9JzknORc5FzkXuRe5F7knuSe9N70nvShBKD0oPSg9OD04PSg9KD0oPShBJ8EoQS
hBKEE4QThBOMFIxUjFSMVIxUjJWUVJRUlFSUVZRVlFWUVZRVlFWUVZRVlFWUVZRW
lFaUVpRWlFaUVpRVlFWUVZRVlFWUVYxVlFWUVZRVlFWUVYxVlFWUVZRVlFWUVZRV
jFWUVZRVlFWUVZxVlFWUVYxVlFWUVZRVlFWUVJRVlFWUVZRVlFWUVZRVlFWUVZRV
jFWMVYxUjFSMVIxUjFSMVIxUjFSMVIxUjFOMVIwTjBSME4wUjBSME4wUjBOME4wT
hBOME4QThBOEE4QThBOEE4QSg9OD04PTg9KD0oPSg9KD0nvSe9J70nvSe9J70nvS
e9J70nuSe5Jz0nPRc9Fz0nPRc5FzkXORc5JrkXOSa5FrUWtRa1FrUWtRa1FrUWtR
a1FrUWtRa1FrUWMQY1BjEGMQYxBjD2NQY1BjEFsQWxBbEFsQWxBbD1sPWw9bD1sP
Ww9bD1sPWw9bD1sPWw9TD1sPWw9az1sPWs9az1rPWs9az1LPUo9Sz1rPWs9Sz1LP
Us9SzlLPUs9Sz1LPUs9Sz1LPUo9Sj1KPUo9Kj1KOUo5SjlKOSo5KjkKOSo5KjkJO
Sk5KTkqOSk5KjUJNQk5CTkJOQk5CTkINQk1CTUJNOkxCTUJNQk1CTUJMQkxCTDoM
QgxCDDoMOgw6CzoLOgs6C3NQc1BzkHNQc5FzkXOQc5FzkXOSc5JzkXORc5F7kXOR
c5FzkXORc5FzkXORc1BrUHNQc1BzUHORc5F7kXuRe5F70XvRe9F70XvSe9J70nvS
e9J70nPSe9J70nvSe9J70nvSc5FzkXORe5F7kXuSe5J70nvSe9J70XvSg9KD0oPS
g9F70nvTfBN8EnwSfBN703wThBOEE4wUjBSMVIxUjFWMVYxVjFWUVZRVlFWUVZSW
lFWUVZRVlFWUVZRVlFWUVZRVlFWUVZRVjFWUVZRVlFWUVZRVlFWUVZRVlFWUVZRV
lFWUVZRVlFWMVZSVlFWUVpRWjFaUVpRVlFWUVZRVlFWUVZRVlFWUVJRVlFWUVZRV
lFWUVZRVlFWUVZRVlFWUVYxVjFWMVYxUjFSMVIxUjFSMVIxUjBSMFIQUjBSMFIwU
jBSMFIwUjBSMFIwTjBOME4wTjBOD04PThBOEE4QThBOEE4PTg9OD04PSg9J70nvS
e9J70nvSe9J70nvSe9J70nvSe9J70nPSc9Jz0nOSc5JzknOSc5JzknNRc5FzkXNR
c1FrUWtRa1FrUGtRa1BrUGtQa1BjUGNQYxBrEGsQYxFjEGMQYxBjEGMQYxBjEGMQ
Yw9jD1rPYw9bD1tPWw9bD1sPWxBbD1tPWxBTD1sPWw9bD1sPWw9bD1LPUs9Sz1LP
Us9Sz1LPUtBSz1LPUs9Sz0rOUs9Sz1LPUs9Kz0rPSs9KzlKOUo5SjlKOUo5SjkqO
So5KjkqOSo1KjUKNSo1KjUpNSo1KjkpOSk1KTUpNSk5CTkJOQk5CTUJNQkxCTEJM
Qk1CTUJNQk1CTEJMQkxCTEJMQkxCTEJMQkw6TDoMOgxzUHNQc1BzUHNRc5FzkXOR
c5F7knuSc1FzUXNRc1FzUXORc5FzkWuRc5FzkXORa1BrUWtRa1BzkHOQc5FzkXOR
e5J70nuSe9J70nvSe9J70nvSc5FzkXuSe5J7knvSe9N70nORc1FzkXORc5F7kXuR
e9F70nvSe9J70oPTg9J70nvSe9J70oQSe9J703vTe9J70nvShBOEU4xTjFSMVIxV
jJWUVZRVlFWUVZRVlFaUVZRVlFWUVZRVlFWUVZRVlFWUVZRVlFWUVZRVlFWUVZRV
lFWcVZRVlJWUlZRVlFWUVZRVlFWUVZRUjFSUVZRVlFWUVZRVlFWUVZRVlFWUVZRV
lFWUVZRVlFWUVZRVlFWUVZRVlFWUVZRVlFWUVYxVjFWMVYxVjFWMVYxVjFWMVIwU
jBSME4wUhBSMFIwUjBSMFIwUjBSMFIwUjBOME4wTjBOEE4QThBOEE4QThBOD04PT
g9OD04PTg9KD0oPSe9J70nvSe9J70nvSe9Nz0nPSc9J70nvSe9J70nPSc5JzknOS
c5JzkmvSa5JrkXORa5FrUWtRa1FrUWtRa1FrEWtRa1FrUGNQY1BjUGNQYw9rD2tP
YxBjEGMQYxBjUGMQWxBbEFsQWxBbEFsQWxBbEFsQWw9bD1sPYw9bD1sPWw9bD1sP
WxBa0FrQWtBa0FrPWs9az1LPUs9Sz1LPUs9az1LPUs9Sj1KPUo9Sz1LPSs9Kz1LP
Us9Sz1LPUs9KzkrOSs5KjkqOQo5KjkqOSo5KjkqOQo5KjkKOQo5KTUpNQk1CTUJN
Qk5CTkJOQk46TUJNQk1CTUJNQk1CTUJNQkxCTEJMQkxCTEJNQk1CTUJNQk06TDoM
c1BzkGtQa1FrkWuRa5FzkXORc5FzknOSc1JzUnNRc1BzkXORc5FzkXORc5FrkHOQ
a1BzUHNRc1F7kXORc5FzknuRe5J7knvSe9J70nvSe9J70nvSe5J7knvSe9J70nvS
e5J7kXORc5FzkXuRe5J7kXvSe9J70nvSe9KD0oPSg9KD0oPSg9KD0nvSe9J70nvS
e9N704QThBOME4xUjFSMVIxUjFWUVZRVlFWUVZSVlFWUVZRVlFWUVZSVlJWUlZSV
lFWUVZRVlFWUVZRVlFaUVpRWlFWUVZRVlFWUVZRVlFWUVZRVlFWUVZRVlFWUVZRV
lFWUVpRVlFaUVpRWlFWUVZRVlFWUVZRVlFWUVZRVlFWUVZRVlFWUVZRVlFWMVYxV
jFSMVIxUjFSMVIwVjBWMFIwUjBSMFIwUhBOMFIwUjBOMFIwTjBSMFIvUhBOEE4QT
hBOEE4QThBOEE4QThBOEEoPTg9OD03vTe9J70nvSe9J70nuSe9J70nvSe9J70nvS
e9J70nvSc9Fz0nPSc5JzknOSc5FrkmuSa5FrkWuRa5FrUWtRa1FjUWtQa1BrUGtR
a1FrUGtQa1BjUGNPY09jUGNQYxBjEGMQYw9bD2MPYw9jEFsQWxBbUFsQWw9bEFsQ
WxBbD1sQWxBbD1sPWw9bEFsQUxBTEFLQUs9Sz1LPUs9S0FLQSs9Sz1LPUs5SzlrP
Us5Sz1LPUs9Sz0rPSs5Kz0rPSs9Kz0rPSs5KzkrOQs5KzkqOSo5KjkqOSo5CjkpO
Sk5KTkpOQk1CTUJNQk1CTUJNQk1CTjpOQk5CTUINQk1CTEJNQk1CTEJNQk1CTUJN
QkxCTUJNQk1CTEJNQkw6THOQc5BzkHOQc5FzkHNRc1FzkXORc5FzUXNRc1FzkXOR
c5FzkXOQc5BzkHOQa5BzUHNQc1BzkXNRe1FzkXORc5F7knuSe5KDk3vSe9J70nvS
e9J70nuRe5F7knvSe9J70nvRe5FzkXORe5F7kXuRe5F7knuSe9J70nvSe9J70nvS
e9J7kYPSg9J70nvSe9KD0oPSg9KEE4QTjFSMVIxUjFSMVYxVjJWMVZRVlFWUVZRV
lFaUVpRWlFaUVZRVjFWUVZRVlFWUVZRVlFWUVZRVlFWUVZRVlFWUVZRVlFWUVZRV
lFWUVZxVlFWUVZRVlFWUVZRVlFWUVZRVlFWUVZRVlFWUVZRVlFWUVZRUlFWUVZRV
lFWUVYxVjFWMVIxUjFSMVIxUjFSMVIxVjFWMFYwUjBSMFIwUjBSMFIwUjBSMFIwT
jBOME4wTjBOL04QThBOEE4QThBOEE4QThBSEE4QThBOEE3vTe9N703vSe9J70nuS
e9N703vTe9N70nuSe5JzknuSe5J7knuSe5JzknOSc5FzknOSc5JzknOSc1FzUXNR
c1BrUWtRa1FrUGtQa1BrUGNQY1BjUGNQY1BjUGNQW1BjUGMQYxBbEGMQYxBjD2MQ
YxBjEFsQWxBbEFsQWxBbEFsQWxBbEFsQWxBbEFsPWw9TD1rPUs9Sz1LPUs9Sz1KP
Us9Sz1LPUs9SzlLOUs9Sz1LPUs9Sz0rPSs9Kz0rPSo9Kz0rPSs9KzkqOSo5KjkqO
So5KjkqOSo1KjlKOSo5KTUqNSo1KjUqNQk1CTUJOQk1CTUJNQk1CTUJNQk1CTUJM
Sk1CTEJMOkxCTUJNQk1CTUJNQk1CTUJMQkxCTEJMQkxzUHNQc1BzUHNQc1BzUHNR
c5FzkXORc5FzkXORc5JzknOSc5FzkXORc9FrkWtQa1BrUGtQc1FzUHNRc5FzknOR
c5JzknPSe9J70nvSe9J70nvRc9J7knuSe5J70nvSe9J70nORc5BzkXORc5JzknOS
e5J7knvSe9J70nvSe9J70oPSg9KD0nvTe9J70nvTe9J70oPShBKMU4xTjFSUVIxV
jFWMVYxVjFWUVZRVlFWUVZRWlFaUVpRVlFWUVZRVlFWUVZRVlFWUVZRVlFWUVZRV
lFWUVZRVlFWUVZRVlFWUVZRVlFWUVZRVlFWUVZRVlFWUVZRVlFWUVZRVlFWUVZRV
lFWUVZRWlFWUVZRVlFWUVJRVlFWMVYxVjFWMVYxVjFWMVYxVhFSMVIxUjBSMFIwU
hBSMFIwUjBSMFIwUjBSME4vTjBSME4wThBSEE4QThBOEE4QThBOEE4PTg9N704PT
e9N703vTe9J70nvSe9J70nuTe5N703vTe9N70nvSe5J7knuSe5J7knOSc5JzknOS
c5JzknNRc5FzkXOQc5FrUWtRa1BrUWtRa1BrUWNQY1BjUGNQa1BjEGMQYxBjEGMP
YxBjD2MPYw9jD2LQYxBbEFsQWxBbEFsQWtBa0FsQWs9bD1sPWxBbEFsQWs9az1sP
Ws9az1rPWs9Sz1LPUtBSj1LPUs9Sz0rPUs9TD1LPUs9SzlLOUs5Sz0qOSo9Kz0qP
So9Kj1KPUo9Sj0qOSo5KjkqOSo5KjkqNSo5KjkqOSo1KjUJNQo1CTUJNQk1CTkJO
Qk5CTkJOQk1CTUJNQk1CTUJNQk1CTUJNQk1CTEJNQk1CTUJNOk06TTpNOk06TEJM
c1BzUHNQc1BzUXNRc1FzUXORc5FzkXOQc5FrUXNRc1FzUXuRe5FzkXORc5FrUGtQ
a1BrUGtQc1FrUWtRc5FzkXORe9F7kXuRe9J70nvSe9J70nuSe5F7kXuRe5F7knuS
e5JzUXORc1FzUXORe5J7knuSe9F70XvSe9J70nvSe9J70oPTe9J70nvSe9J70nvR
e9KD04QThBOMFIxUjFSMVYxVjFWMVYyVjFWUlpRWlFaUVpRVlFWUVZRVlFWMVYxV
lFWUVZRVlFWUVZRVlFWUVZRUlFSUVZRVlFWUVZRVlFWUVZRVlFSUVZRVlFWUVZRV
lFWUVZRVlFWUVZRVlFWUVZRVlFWUVZRVlFWUVZRVjBWMVYxVjFWMVYxVjFWMFYwV
jFSMVIxUjFSMVIxUjFOMFIwUjBSMFIwUjBOMFIwUi9SMFIwUhBSEFIQUhBOEE4QT
hBOEE4QTg9OD04PTg9OD04PTg5N703vTe9J70nvSe9J70nvSe9N7k3uSe5JzknuS
c5JzknOSc5FzknORc5FzkXORc1FzkXORc5FzUWtQa1FrUGtQa1FjEWNRY1FjUGNQ
Y1BjUGNQY1FjEGMQYxBjEGMQYxBjEGMQYxBjEFsQWxBbEFsPWw9TD1MPUw9TD1LP
Uw9bD1sPWw9bD1rPWs9a0FLPUs9az1rPWs9aj1rPUs9Sz1LOUs9Sz1LPSs9Kz0rP
Ss9Sj1KPUo9SjlKOSo5KjkqOUo5KjkqOSo5KjkqOSo1KjkqNSo1KjUqNSo1KjEqN
Sk5CTkJOQk1CTUJNQk1CTUJNQkxCTUJNQk1CTUJNQk1CTUJNQk1CTUJNQg1CDUIN
Ok06TTpNOgw6DToNOg06DXNQc1BzUHNQc1BzUXNRc1FzkXORc5FzkXNRa1FzUXNR
c1FzUXORc5FzkXORc5FzUGtQa1BzUHNQc1BzUHORc5FzkXORc5J7knvSe9J70nvS
e9J7kXuRc5FzkXOSe5J7knuRc5FzkXORc5F7knuSe5J7knuSe5J70nvSe9N70nvS
e9KD0oPSe9J70nvSe9J70nvSg9KEE4wTjBSMFIxVjFWMVYxVjFWMVZRVlFaUVpRW
lFaUVpRVjFWMVYxVjFWMVYxVlFWUVZRVlFWUVZRVlFWUVZRVlFWUVZRVlFWUVZRU
lFWUVZRVlFWUVZRVlFWUVZRVlFWUVZRVlFWUVZRVlFWUFZRVlFWUVZRVlFWUVZRV
jFWMVYxVjFWMVYxVjBWMFYwVjBWMFIwUjBSEFIwUjBSMFIwUjBSMFIwTjBSMFIwU
jBSEFIQUhBSEE4QThBKEE4QThBOEE4QThBOEE4PTg9OD03vSe9N703vTe9N70nvT
e9N7knvSe5J7knuSe5J7knuSe5JzknOSc5FzknOSc5JrknORa5FrkWuRa5FrkWtQ
a1BrUGtQa1FrUWNQY1BjUGNQY1BjUWNRYxFjEGMQYxBjEGMQYxFi0GMQYxBjEGMQ
YxBjEFsQWxBaz1sQUw9bD1sPWw9bD1sQUxBTEFsQWxBaz1rPWs9az1LPUtBS0FLP
Us9Sz1LOUs9Sz1LPUs9Sz1KPUo9Sj1KPUo9Kj0qPSo9KjkqNSo1KjUqNSo5KjkpN
SkxKTEpMSoxKjEqMSo1KTUJNQk1KTUJNQkxCTUJNQk1CTkJNQg1CTUJNQkxCTEJM
Qk06TUINQg1CTUJNQkxCTUJNQkw6TDpMOkw6TDpMOgxzUHNQc1BzUHNRc1FzUXNR
c5FzkXORc5FzkXNQc1BzUHNQc5BzkXORc5FzkXORc1FrUWtRa1FrUWuSc5FzkXOR
c5FzkXuSe5J7knvSe9J70nuRe5J7kXORe5J70nuSe5J7knOSc1JrUXNRc5FzkXuR
e5F7kXuRe9J70nvSe9J70nvSg9OD04PTe9KD04PSe9J70oPSjBOME4xUjFWMVIxU
jFWMVYxVjFWMVpRWlFaUVZRVlJWMlYyVjFWMVYxVlFWUVZRVlFWUVZRVlFWUVZRV
lFWUVZRVlFWUVZRVlFWUVZRVlFWUVYxVjFWMVYxVjFWUVZRVlFWUVZRVlFWUVZRV
lFWUVZSVlFaUVYxVjFWMVYxVjFWMFYxVjFWMVYxVjFWMVYwVjBWMFIwUjBSMFIwU
jBSMFIwTjBOME4wUjBSL1IQThBOEE4QThBOEE4QThBOEE4PTg9OD03vTg9OD04PU
g9N70nvTe9Nz03vSe9N703vTe5N70nvSe5J7knuSe5JzknuSc5JzknOSc5JzkWtR
a5FrkXORa5FrkWuRa1FrUWtRa1FrUWsRY1FjUGNQY1BjUGNQY1FjUWMQYxBbEGMQ
WxBbEFsQWxBbEFsQWxBbEFsQWxBbEFsPWw9bD1sQWxBSz1sQWxBbD1sPWw9bD1MP
Us9az1rPUs9Sz1LPUs9Sz1LPUs9Sz1LPSs9Kz0qOSs5Kj0rPUtBKj0qOSo5KjkqO
So5KjkqOSo5KjkpOQk1KSkpKSkpKSkpKSotKi0KLQotCjEKMQk1CTUJNQk06TUJN
Qg1CTEJNQkxCTEJNQk1CTEJMQkxCTEJMQkxCTEJMQkxCDEINQgxCDEINQg1CDEIM
c1BzUHNQc1BzT3NPc5BzkHORc5FzkmuRa5FrkGuQa5BrkHORc5FzkXORc5FrkWtQ
a1BrUGtQa1FrUXNRc5FzkXORe5F7kXuSe5J70nvSe9J70nuRc5FzkXOSc5JzknuS
e5JzknORc5FzkXORc5FzknuRe9F70XPRe9F70nvSe9J70nvTe9N703vTe9N70nvS
e9KD0owUhBSMVIxVjFWMVYxVjFWMVYxVlFWUVZRVlFWUVZRVlFWUVZRVlFWUVYxV
jFWMVZRVlFWUVZRVlFWUVZRVlFaUVZRVlFWUVZRVlFWUVZRVlFWUVZRVlFWUVZRV
lFWMVYxVjFWMVYxVlFWUVpRWlFWUVZRVjFWMVYxVjFWMVYxVjFWMVYxVjFWMVIwU
jBSMFIwUjBSMFIwUhBSMFIwTjBSMFIwUjBSMFIwUhBSEFIQUhBSEE4QThBOEE4QT
hBOD04PTg9OD03vTe9N703vTe9N703vTc9N703vTe9J703vTc9Jz0nPSc9Jz0nvS
c9JzknOSc5JzkXOSc5JzUnNSc1JrUmuSa1FrUWtRa1FrUWtRa1FrUWNRY1FjUGNQ
W1BjEGMQYxBjEGMQYxBjEGMQWxBbEFsQWxBbEFsQWxBbEFsQUw9TD1MPUxBTEFMQ
Uw9TD1sPWw9bD1rPWs9az1rPUs9Sz1LPUs9Sz1KPUtBSz1LPUs9Sz1KPUo9Sj1KP
Uo9SzlLPSo5KjkqOSo5KjkqOSo5KjkqOSo5KjUqKSkdKR0pHQkdKSEJIQklCSkJK
QkpCS0JMSkxCTEJMQkxCTEJMQkxCTEJMQk1CTUJNQk1CTUJNOk06TTpMQkxCTEIM
Qg1CDUINQg1CDUINQg06DXNQc1BzUGtQc1FzUHNQc1BzkXORc5FzkWuRa5BrkHNQ
c1FzUXNRc1JzUXORc1BrEGsQa1BrUGtRc1BzkHOQc5FzkXOSc9Jz0nvSe9J70nvS
e9JzknOSc5Jzk3OSc5JzknORc5FzkXORc5FzkXORc5F7kXvRe9F70XvRfBJ70nvS
c9J70nvSe9J70nuSe9J70nvTg9KEE4wUjFSMVIxUjFSMVIxUlFSMVZRVlFWUVZRV
lFWUVZRWlFWUVZRVlFWUVYxVjFWMVZRVlFWUVoxWjFaMVoxWjFaUVoxWjFaMVoxW
jFaMVoxWjFWUVZRVjFWMVZRVlFWUVZRVlFWMVYxWlJaUVpRVlFWUVZRVjFWMVYxV
jFWMVYxVjFWMVYxVjFWMFYwUjBSMFIQVjBWMFIwUjBSEFIPUhBSEFIQUhBOEE4PT
hBOEE4QThBOEE4QThBOEE4QThBOD0oPTg9OD04PTe9N7k3uTe9N703vTe9N703vT
e9Nz03PSc9Jz0nOSc5JzknOTc5JzknOSc5JzkmuSa5JrkmuSa5JrkmuSa1FrUXNR
a1FrUWtRa1FrUWNRY1FjUWMQYxBjEGMQWxBbEFsQWxBbEFMQWxBbEFsQWw9bD1sP
WxBbEFsQWxBS0FLQUtBSz1LPUs9az1sPWw9az1rQUtBSz1LPUs9Sz0rPUs9Sz1LP
Us9Sz1LPUs9Sz0rPSs9Kj0qPSo9Kj0qPSo5KjkqOSo5KjkqOSo5KjkqOSoxKSUoG
SgRCBEIEQgVCBkIGQgdCB0IIQglCCUJKQkpCTEJMQkxCTEJMOkxCTEJNQk1CTUJM
QkxCTDpMOkw6TDoMQkxCTEJMQkxCDEIMQgw6DDpMOkxzUHNQc1BzUHNQa1BrUHNQ
c1FzkXORc5FzUHNQc1BzUHNRc1FzUXNRc1FzUWtQa1BrUGtQa1BrUGtQc1BzkHOR
e5FzkXORc5F7knvSe9J70nuSc5JzknORe5J7knuSe5J7knNSc1FzUXORe5FzkXOR
e5F7kXuRe9F70XvRe9J70nvSe9J70nvSe9J70nvSe9J70nvThBSEVIRUjFSMVIxV
jFWMVYxVjFWUVZRVlFWUVZRVlFWUVZRVjFWMVIxVjFWMVYxVlFWUVZRVlFWMVYxV
jFWMVYxVjFaMVoxVjFWMVYxVjFWMVZRVjFWMVYxVjFWMVYwVjFWUVYxVjFWMVYxV
jFWMVYxVjFWMVYxVjFWMVYxVjFWMVYxVjFSMFIwUjBSMFIQUjBSMFIwUhBSEFIQU
hBSEFIQUhBSEE4PThBOEE4QThBN8E4QThBOEE4QThBOEE4QTg9OD03vTe9N703vT
e9N703PTe9Nz03PSc9Jz0nPSc9Jz0nPSc5JzknOSc5JzknOSc5JzknOSa5JrkmuS
a5JrUmtSa1JrUWtRa1FrUWMRa1FrUWtRaxFrEWsRYxFjEGMRYxBjD2MQYxBjEGMQ
WxBTEFMPWw9bD1sPYw9bD1sPUw9bD1LPUs9Sz1LPUs9Sz1LOUw9TD1MPUs9Sz1LP
Us9Sz0rPUs9Sz1LPUs9Sj1LPUs9Sz1LPSs9Kj0qPSo5KjkqOSo5KjkqOSo5KjkqO
So9Kj0pOSo1KjkpNSklKBkHEQgRCBEHDQcRBxEHEQgVCBUIFQgdCCEIIQglCCUIJ
QgpCCkJLQktCS0IMQgxCDEIMQgtCC0JLQktCS0JLQkxCC0IMQgxCDEIMOgw6DDoM
c09rT2tQc1BzUHNQc1BzUHNQc5BzkXORa5BzUHNQc1BzUXNQc1BzkXORc5FzUXNR
a1BrUGtQa1BrUHNQc1FzkXORe5J7knuSe5J7knvSe5J7knuSc1F7kXuSe5J7knuR
e5FzkXORc1FzknORc5FzkXPRc9J70nvSe9J70nvSe9J70nvSe9J70nvSe9J70nvS
e9KD04QThBOEE4xUjFSMVIxUjFSMVIxVlFWUVZRWlFaMVZRVjFWMVYxVjFWMVYxV
jFWMVYxVjFWMVYxVlFWUVZRVlFSUVZRWlFWUVYxVjFWMVYxVjFWMVYxVlFWMVYxV
jFWMVYxVjFWMVYxVjFWMVYxVjFWMVYxUjFWMVYxVjFWMVYxVjFSMFIwUjBSMFIwU
jBSMFIQUjBSMFIwUjBSEFIQUhBWEFIPUhBSEFIQUhBOEVIQTfBOEE4QTjBOEFIPT
e9OD0oPTg9N703vTe9N7k3vTe9N703vTe9N70nvSe9Nz03PTc9Nz03PTc9JzknOS
c5JrkmuRa5JrkmuSa5JrkmuSa5JrkmtSa1FrUWtRa1FrUWtRa1FjUWMRYxFjEWMR
YxFjEWMQYxBjEFsQWxFbEFsQWxBbD2MPWw9bD1sPWw9bD1sPWw9Sz1MPUw9TD1MP
Ww9bD1sPUs9bD1sPUs9Sz1LPUs9Kz1LQUs9Kz0rOUs9Sz1LPUs9Sz1LPSs9Kz0qO
So5KjkqOSo5KjkqPSo9Kj0qPSo5KjkqOSk1KS0oIQgVBw0HDQcNBw0HDQcNBwznD
QcNBxEHEQcVCBkIGQgdCCEIJQglCSkIKQgpCCkJKQkpCC0ILQgtCDEIMQkw6DDoM
Ogw6DDoMOgw6TToMOgw6DHNPc09zT3NQc1BzUHNQc1BzUHORc5FzkXNRc1FzUGtR
c1FzUXORc5FzkXORc5FzUGtQc1BrUHORc1BzUXNRc5FzkXORe5F7kXuRe9J70XvS
c5JzkXORc9Fz0nuRe5J7knuSc5FzkXNRc5FzkXORc5FzkXORc5F7knvSe9J70nvS
e9J70nvTe9J70nvSe9J70nvTe9OEE4QUhBOMVIxUjFWMVIxUjFSMVZRVlFWUVZRV
jFWMVoxVjFWMVYxVjFWMVYxVjFWMVYxVjFWMVIxVlFWUVZRVjFWMVYwVjFWMVYxV
jFWMVYxVjFWMVYxVjFWMVYxVjBWMVYxWjFWMVoxVjFWMVYxVjFWMVYxVjFWMVYxV
jFWMVYwUjBSMFIwUhBSMFIxUjFSMVIwTjBSMFIwUjBSEFIQUhBSEFIPUhBOEE4QU
hBOEE4QUhBSEE4QTg9OD04PTg9N70nvTe9N703vTe9N7k3vTe9J70nvSe9J70nvS
c5Jz03PTc9Nz03OSc5JzkmuSc5JzknOSc5JrkmtSa1JrkmuRa1FrUWtRa1FjUWtR
Y1FrUWNQY1BjUGNQYxBjEGMQYxBjEGMQWxBbEFsQWxBTEFMQUxBTD1MPUw9TD1sQ
Ww9az1rPWs9az1LPUs9Sz1LPUs9Sz1LPWxBaz1rPWs9Sz1LPUs9S0FLPUs9Sz1LP
Us5SzlLPUs9Sz0qPSo9Kj0qPSo9Kj0qPUo9Kj0qOSo5KjkqOQo1KjUqNSkpKCEIF
QgNBw0HDQcNBw0HDQcM5w0HDQcNBw0HDQcNBxEHEQcRBxTnGQgdCCEIIQghCCEIJ
Oko6CzoLOgs6DDoLOgs6CzpMOgw6TDpMOgw6DDoMOgxrUHMQa1BrUHNQc1BzUHNQ
c1BzkXORc5FrUGtQc1BzUHORc1FrUXNRc5FzkXNQc1FrUWsQa1FzUWtQc1BzkXOR
c5FzkXORc5FzkXPRc9Jz0nORc5FzkXuRc5FzkXORc5JzknNSc1FzUXOQc5FzkXOR
c5F70XuRe9J70nvSe9J70nvSe9J70nvSe9J70nwSe9J70oQThBOMU4RTjFSMVIxU
jFSUVIxUjFWMVZRVlFWUVZRVlFWMVYxVjFWMVYxVjFWUVZRVlFWUVZRVjFWMVYxV
jFWMVYxVjFaMVYxVjFWMVYxVjFWMVYwVjFWMVYxVjFWMVYxVjFWMVYxVjFWMVYxW
jFaMFYxWjFaMVYxVjFSEVIxVjFWMFYxVjBWMFIwUjBSMFIwUjBSMFIwTjBSMFIwU
hBSEFIQUhBOEE4QThBOEE4QThBOEE4QThBOEE4QThBOD04PTg9N70nvTe9N703uT
e9J70nvSc9Jz0nvSe9Jz0nOSc5JzknOSc5JzknOSc5JzknOSc5JzknOSc5FzkmuR
a5JrkWtRa1FrUWtRY1FjUWNQa1BrUGNQY1BjEGMQYxBjEGMQYxBjEFsQWxBbEFsQ
WxBbD1sPUxBTEFMQWxBa0FrQUtBS0FLQUtBS0FLQUtBS0FMPUs9Sz1rPWs9az1LP
Us9Sz1KPUs9Sz1LOUs5SzlLPUs9Kj0qPSo9KjkqOSs5KzkrOSo5Kj0qPSo9Kj0pO
So5KjkqOQo1CjEpJQgdBxEHEQcNBw0HDQcNBwznDQcNBw0HDOcM5wznDOcM5wznD
OcQ5xDnFOcY5xjnGOcc6CDnIOgk6CToKOgs6CzoLOgs6C0IMOgw6DDoMOgw6DDoM
c1BrEGsQa1BrUHNQc1BzUXNRc1FzUXORa1BrUWtRa1FrUHOQc1BzkXNRc5FrUGtQ
aw9rEGtQa1BrUXNQc1BzkXOQc5FzkXORc5Fz0XPSc5JzknORc5FzkXORc5FzkXOR
c5FrUWuRc1FzkXORc5FzkXORc5FzkXORe9J70nvSe9J70nvRe9J70nuSe9N70nvT
e9OD1IQUjBSMFIwUjBSMVYxVjFWMVYxVjFaMVZRVlFWUVZRVlFWUVZRVjFWMVYxV
jFWMVYxVjFWMVYxVjFSMVIwUjBSEVIxUjFSMVIxTjFSMVIxUjFSMVYxVjFaMVYxV
jBWMVYxVlFaMVYxVjFWMVYxVjFWMVYxVjFWMVYxVjFWMVYxUjFSUVIwUjBSMFIwU
jBSMFIwUjBSME4wTjBSEFIQUhBSEFIQUhBOEE4QThBOEE4QThBOEE4QThBOEEoPT
e9N703vTe9N703vSe9N703vTe9N703vSe9J70nPSc9Jz0nPSc9Jz0nOSc5JzkmuS
a5JrkmtSc5JrkmuSa5JrkWuRY5FrUWuRa1FrUWNRY1FjEWNRY1FjUVtRY1BbEGMQ
WxBbD1sQWxBbEFsQWxBbEFsQWxBbD1sPWw9bEFsQWtBa0FrQUtBS0FLQUtBK0FLQ
UtBS0FLQUs9Sz1LPUw9Sz1LPUs9Kz1LPUs9Sz1LOUs9Sj0qPSo9Kj0qPSo5CjkqO
So5KjkKOSo5KjkqOSo5KjkqOSo5KjUqNSotKSkIHQgRBw0HDQcNBw0HDQYJBg0HD
QcNBw0HDOYI5gjmCOYI5wjnCOcM5gzmEOYQ5xDnEOcQ5xTnGOcc5yDnJOck5yToJ
QgpCC0IMQgw6DDoMOgw6DGtQa1BrUGtQa1BzUHNRc5FzUXNRc1FzUHNQc1BrUGtQ
a1BrUHOQc1BzUXNRa1BrUGtQa1BrT2tQa1BzUHNQc5BzkHORc5FzkXPRc5FzknOS
c5JzknOSc5FzkXORa5FzknOSa1FrUWtRc1FzUXNRc5FzkXORc5F7knuSe9J70nvS
e9J70nvSe9Jz0nvSe9J703vThBOEE4wThBSMFIxUjFSMVIxUjFWMVYxVjFaMVoxW
jFaMVowVjFSME4wTjBOME4wTjBOME4wTg9KME4wTjBKEEovRg9GD0YvRg9CD0IOQ
g9CEEowTjFWUVYxVjFWMFYxVjFWMVoxVjFWMVYxVjFWMVYxVjFWEVYxVjBWEFIQU
hBSMFIwUjBSMFIwUjBWMFYwVjBWMFIwUhBSEFIQUhBSEFIQUhBSEFIQUhBSEFIQT
hBOEE4QThBOEE4PTg9OD0oPTe9N703vSe9Nz0nvTe9N703vTe9N7knuSe5J7knuS
e5JzknOSc5JzkmuSc5JzkmuSa5JrkmtSa5FrkmuSa5FrkWtRa1FrUWtRa1FrUWtR
Y1FjUWNRY1FjUWNRY1FbEVsQWxBbEFsQWxBbEFrPWw9bD1sQWxBbEFrQWtBa0FrQ
WtBa0FrPUs9az1LPUs9Sz1LPUs9Sz1LPUs9Sz1LPUs9Sz1LOUs5Sz1LPSo9Sj0qP
Uo9Kj0qPSo9Kz0qPSo9Kj0qPSo9CjkqOSo5KjkqOSk5KjkqOSo1KjEJLQglBx0HE
QcNBw0HDQcNBwjnDQcNBw0GDQYNBg0GDOYM5gzmDOYM5gjmCOYI5gjmCOcI5gzmD
OYM5gznEOcU5xjnGOcc5yDnKOgw6CzoMOgw6DDoMOgxzUGsQa09rUGtQa1BrUGtQ
c1FrUWtRa1FrUWtRa5FrUWtRa5FrkWuRa5FzUXNQc1BrUGtQa09zUGtQa1BrUGtQ
c1FzkXORc5FzknOSc5J7knuRc1FzkXORc5JzknOSc5JzUnORa5FzUXNQc5BzkXOR
c9FzkXORc5FzknOSe9N70nuSe9F70nvSe9J70nvSe9KD04QThBSEFIQUhFSMFIxU
jFSMVIxVjJWMVZSVjFWMVoxWjFWMFYwTg9GL0IuQg4+Dj4OOg06DToNOgw6DToMO
es2CzYLMgsuCi4KLgouKzILMg0+EEoxUlFWMVYxVjFWMVYxVjFWMVYxVjFWMVYxV
hFWMVYxVhBR8E3wTe9N704QThBSMFIwUjBSMFIwUjBSMFIwUjBSEFIQThBOEE4QT
hBOEFIQUhBSEFIQUhBSEFIQUg9OD04PTg9OD03vTe9N70nvTe9N703vTe9Nz03vT
e9N703vTc5Nzk3PTc5JzknOSc5JzknOSc5JzknOSc5JzknOSc5JrUmuSa5JrkmtS
a1JrUmtSa1FrUWNRa1FjUWNRY1BjUGNQW1BbUFsRWxFbEVrQYxBbEFsPWw9bD1sP
Ww9bEFsQWxBa0FrPWs9az1rPUs9Sz1LPUs9SzlLPUs9Sz1LPUs9Sz1KPUtBS0FLQ
UtBSz1KPUo9Sz1LPSo9Kj0qPSo9Kj0qPSo9Kj0qOSo5KjkqOSo5KjkKOQo5KjkKO
Qo5CjkJOSk1CTEJJQgdBxEHCQcJBwkHCQcJBwkHCOcNBw0HDQYM5w0GDQYM5gzmC
OYI5gjmCOYI5gjmCOYMxgzmDOYM5QzmEOYQ5hDHFOcc5yjnLOgs6CzoMOgw6DDoM
c1BzEGtQa1BrUGtQa1BrUHNQc5BzkHOQa1BrUGtQa1BrUGtRa1FzUXNRc1FzUGtQ
a1BrUGtQa1BrUWtRa1FzkXNRc5FzkXPRc9F7kXuSe5J7kntRc1FzUWuRc5JzknOS
a5JrkWuRa5BrkGuQc5BzkXORc5F7knuRe5F7kXvSe9J70nvSe9J70nuSe5J7knvS
e9KD04QThBSEFIwUjBSMFIwUjFSMVIxVjFWMVYxVjFWMVYxVjBOLkYMOgouCi4JK
gkqCSoIJggmCCYIJgch5yHnIecd5x3nHecd5h3nHecd6SYMNg9GEE4xUjFSMVYxU
jFSMVYxVjFWMVYxVhFWMVowWjFZ8FXOTY5BjUGtPa5BzkXvShBOMFIwUhBSEFIwU
jBSEFIQUhBSEE4QThBOEE4QThBSEFHwUhBSEFIQUhBOEFIQUhBN703wTfBN70nvT
e9N703vTe9N703vTc9N703vTe9Nz0nvTc9Nz02uSa5JzknOSc5JzknOSc5Nzk3OT
c5JzknOSc5JrkmuSa5JrkmtSa1FrUWtRa1FjUWNRYxBjUWNRY1BjUGNQW1BbEFsR
WxBbEFsQWxBbD1sQUw9bEFsQWxBbEFLQWxBbEFMPUw9TD1MPUs9Sz1LPSs9SzlLP
Us9Sz1LPUs9Sz1LPUs9Sz1LOUs9Sz1LPUs5SzlLOUo5Kj0qPSo9KjkqOSo5KjkqO
Qo1KjUqOSo5KjkJOSo5KjkqOSo5KjkKNQkxCSEIGQcNBw0HDQcNBw0HCQcJBwjnC
OcI5wznDOcM5gzmDOYM5gzmCOYI5gjmCOYI5gjmCOYI5gjmCOUI5gzGDMYM5gzmG
Ock5yznMOgw6DDoMOgw6DGtQa1BrT2tPa09rUGtQa1BzUXORc5FzUHNQaxBzUHNQ
a1FrUWtRc1FzUHNQc1BrUGtPa09rUGtPa1BrUHNQc1FzUXuRc5Fz0XPRc9JzknOS
c5JzUWtRa5FzkXORc5FzkXORa5BrkGtQc1BzUHNRc5FzkXORc5FzkXuRe5F70XvR
e9J70nvSe9J70nPSe9J70nvTg9OEE4QTjBSMFIwUjBSMVIxUjFWMVYxWjFWMVYxV
jFWMFIvUg1F6THnJcYd5hnmFeYZ5hXmGeUZ5RnlGcQV5RXlFeUV5RXEFeUVxRXGF
ccd6zYPRhBSMVIxUjFWMVYxVjFWMVYxVjFWMVYxVhFWMVoQVe9RjkkrPQo5CjlMO
Y1B0EnwThBSEFIQUhBSEFIQUhBSEFIQUhBSEFIQUhBR8FIQUhBSEFIQUhBSEE4QT
fBOEE3wTfBN8E3wTfBN703vTe9N703vTe9N7k3vTe9J70nPSc9Jz0nPSc9Jz0nOS
c5JzknOSc5JzknOSc5Jzk3OSc5JrkmuSa5JrkmuSa5JjUmtSY1FjUWNRY1FjUmNR
Y1FjUWNRY1FbUFtQW1BbUGMQWxBbEFsQWxBTEFsQWxBbEFsQWxBbEFLQUxBS0FLQ
UtBS0FLQUs9Sz1LPUs9Sz1LPUs9Sz1LPUs9SzlLPUs9Sz1LPUs9Sz1KOUo9KjkqO
So5KjkqOSo5KjkqOQo5CjkqOSo5KjkqOSo5KTkqOSo5KjkKNQo1CjEJLQgdCBUHE
QcNBw0HDQcJJwkHCQcJBwkHCQcJBwznDOYM5gzmDOYM5gzmCOYI5gjmCOcI5gjmC
OYI5gjmCOYI5gjmDOYM5xjnJOcs6CzoLOgs6CzILOgtrT2tPcxBrUGtQa1BrUGtR
c1FzUXNRa1FrUGtQa1BrkWtRa1FzUXNRc1FrUWtQa1BrD2tPa1BrT2tPa1BrUGuR
c5FzkXORc5F7kXuRe5FzkXNRc5FzkXORc5FzkXORc5FzkXORa5BrkGtQa1BzkXOR
c5FzkXORc5JzknOSc5JzknuSe5J7knuSe5J70nvSe9N703wThBOEFIQUjBSMFIwU
jBSMVYxVjFWMVoxWjFWMVYxWjBWD04LQecpxBnkGcQVxBXEFcQVxBXEFcQVxBXEF
cQVxBXEFcQVxBHEEcQRxBHGHeoyDkYQUjFSMVYxVjFWMVYxVjFWMVYxVjFWEVYxV
jFWEFXPUWxFCTjoMOgxCTFsPc9KEE4QUhBWEFYQUhBSMFIQUhBSEFIQUhBSEFIPU
fBSEFIQUhBSEE4QThBOEE4QThBOEE4QUg9OD04PTe9J703vTc9N703PTc9Nz03vT
e9N70nvTc9Nzk3OSc5JzknOSa5JzknOSc5JzkmuSa5JrkWtRa5JrkmuSa5JjkmOR
a1FrUmtSY1FjUWNRY1BjUWNRY1FjUGNQY1BjEGMQYxBjEFsQWxBbEFsQWxBbEFsQ
Us9bD1MPWs9S0FLQUtBa0FLQUs9S0FLPUs9Sz1LPUs9Sz1LPUs9Sz1LPUs5Sz1LP
Us9Sz1LPUs9Sj1KOSo5KjkqOSo5KjkpOSo9Kj0qPSo9KjkqOSo5KjkqOSo5KjkqO
So5KjUKNSoxKSkIHQcU5xEHDQcNBw0HDQcNBw0HCQcJBwjnCOcI5wzmDOYNBgzmD
OYM5gzmDOYM5gjmCOYI5gjmCOYI5gjmCOYI5gjmDMYUxyDoKOgs6DDoMOgw6DDoM
a09rT2tQa1BrUGtQa1BrUXNRc1FzUXNQa1FrUWtRa1FrUWtQc1BzUHNQc1BrD2sP
aw9rD3NPa09rUGtRa1FrkWuRc5JzknOSc5JzknOSc5JzkXNRc5FzkXORc5JzkXOR
c5FzUWuQa1BrUHNRc1JzkXORc5FzknORc5FzkXPRc9J70nuSc5J7knuSe5J7knvS
e9J8E4QThBOEFIQUhBSMVIxUjFSUVIxVjFWMVYxVjFWMVYRUg9N7D3HJcQZxBXEF
cQVoxnDFcMVwxHDEcMRwxHDFcMVoxWjFaMRpBGkEcUV5hnqLg9GMFIxVjFWMVYxV
jFWMVYxVjFaMVYxVjFWMVYRVfFRr1EsRMk0pzCnLOkxaz3OSfBOEFIQUjBSMFIwU
jBSMFIwUhBSEFIQUhBSEFIQUhBSEFIQUhBSEFIQUhBSEFIQThBOEE3vTe9N70nvT
e9N703vTe5Nz03vTe9N703vTe9N703OSc5JzknOSc5JzknOSa5JrknOTa5JrkmuS
a5JrkmuSa5JrkWuRY5FrUWtRa1JrUmNRY1FjUWNQY1BjUWNRWxBbEFsQWxBbEVsR
UxBTEFsQWxBbEGMQWxBbEFsPWtBTEFMQUxBS0FLQUtBS0FLQUtBSz1LPUs9Sz1LQ
UtBS0FLPUs9Sz1rPUs9Sz0rOSs5KzlLOUs5KzkqOSo9Kj0KPSk9Kj0qPSo9KjkqO
So5KjkqOSo5KjkqOSo5KjkqNSo1KjUKMSkpCB0HFOYRBw0HDQcNBwznCOcM5wznD
OcM5wzmDOYM5gzmDOYM5QzmDOYM5gjmCOYI5QjmCOYJBgjmCOYI5gjlCOUM5hDmG
McgyCToKQgs6DDoMOgw6DGtPa09rT2tQa1BrUGtQc1BzUHNQc1FzUGtRa1FrUWtR
a1FrUXNRc1FzUXMRa1BrD2sPaw9rD2sPa09zUHNQc1FzknOSc5FzknOSc5JzknNR
c5FzUWtRc1FzkXORc5FzknORa5FrUWtRa1FzUXNRc5FzkXORa5FzkXORe5FzknOS
c9Jz0nvSe9J70nuSe9J70nvTe9OEE4QUhBSMFIwUjBSMFIwVjFWMVoxVjFWMVYxV
jFWMVIPTes9xyXEFcMVwxXDFcMRwxXDEcMRwxHDEcMRwxHDEcMRoxGjEaMVwxXEG
eUd6jHuRjBSMFYxVjFWMVYxVjFWMVYxVjFWMVYxVjFWMVXwUY9RC0CoMGcshyzJL
Ww9z0oQTjBSMFIwUjBSEFIQUhBSD1IQUhBSEFIQUhBSEFIQUfBSEE4QThBSEE4QT
hBOEE4QTfBN703vTe9N703vTe9N703vTe9N7k3vTe9Nz03vTc5Nzk3OSc5JzknOS
c5JzkmuSa5JrkmuSa5JrkmuSa5JrkWuRa5FrkmtSa1JrUWNRY1FjUFtRY1FjUGNR
Y1FjUWMRWxFjUFtQW1BbEFMQWxBbEFsQWxBbEFsQWs9az1MPUw9TD1MPUw9TD1LP
UtBSz1LPUo9Sj1LPUs9Sj1LPUs9Sz1LPUs5Sz1LPUs9SzlLOUo9Sj1KOUo5Sj0qP
So9Kj0qPSo9Kj0qOSo5KjkqPSo5KjkqOSo5KjkqOSo1KjkqOQk1CS0IIQgZBw0HD
QcNBw0HDQYM5gkHCQcJBgkGDQYNBgzmDOYM5gjmCOYI5gjmDOYM5gzmDMYI5gjmC
OYI5gjmCOYIxgjGDMYQxhjHJOcs6DDoMOgw6DDoMOgtrT2tQa09rT2tPa09rT2uQ
c1BzUHNQc1BrUGtQa1BrUWtQc1BzkHNQc1BrUGtQYw9jD2MPaw9rD2tPa1BzUXNR
c1FzUWuRc5JzknOSc5JrUmuSa5FrkXNRc1BzkXORc5JzkXORa1BrUGtQc1BzUWuR
c5FzkXORe5JzknOSc5JzknOSe5J7knuSe5J7knuSe5J70oPThBOEE4QThBSEFIRU
hFWEVYRVjFWMVYxVjFWMVoxVjBSD03rPcclxBnDFaMVwxXDEcMRwxHDEcMRoxHDE
aMRoxHDEcMVoxGjFaQVpBnFIeox70YwUjFWMVZRVjFWMVoxVjFWMVYxVjFWMVYxV
hFR8E2OTQs8qDCHLKcsyTFNPc9J8E4QUhBSEFIQThBSEFIQUhBSEFIQUhBSEFIQU
g9SEFIQThBOEE4QTfBN8E3wTfBR8E3QTfBN703vTe9N703uTc9N703vTe9Nz03PT
c9Jz0nPSa9Jz0nPSe5JzknOSa5JrUmuSc5JrkmuSa5JrkmuRa5FjUWNRY1FjUWNR
Y1FjUWNRW1FjUWNRY1FjEVsRWxFbEVsRWxBbEFsQWxBTEFsQWxBbEFsQWxBbEFrP
Us9TD1rPUs9Sz1LPUs9Sz1LPUs9S0FLPUs9Sj0qPSs9Sz1LPUs9Sz0qPSo9Kz0rP
Ss9Kz0rPSo9Kj0qPSo5KjkqOSo5KjkqOSo5KjkqOSo5KjkqOSo5KjkqOSo5CjkKO
So5CjUKNQotCCEIGQcNBw0HDQcNBw0HDQYNBg0GDQYNBg0GDOYM5gzmDOYI5gjmC
OUI5gzmDOYM5gjmCOYI5gjmCMYIxgjGCMYIxgzGEMcYxyTnLOgs6CzoMOgw6CzoL
a09rT2tPa09rT2tQa1BzUHNQc1BrUGtQa1BrUGsQa1BrUGtQa1BrUGtRa1BrUGMQ
YxBrEGsQaxBzUGtQa1FrUWtRa5FzkXORc5FzkXOSc5JzUmtSa1JrUXNQc5FzkXOR
c5FrkWtQa1FrUWtRa1FrUXOSc5FzkXORc5JzkXPSc5Jz0nPTc5JzkXOSc5JzknvS
e9OD04QUhBSEFIQUhFSMVIxUjFSMVIxVjFWMVYxVjFWMVIwUg9N6z3HJaQZoxWjF
aMVoxWjFaMVoxWjEaMRoxGjEaMRoxWjEaMVoxWkFaQVphnKLe1GEFIxVjFWMVYxV
jFWMVYxUjFWMVYxVjFWMVYRVfBRjkzqPKg0hzCHLOk1TEGvSfBOEFIQUhBSEFIQT
hBSEFIQUhBSEFIQUhBSEFIPUhBSEE4QTfBOEE4QThBOEE3wTfBN8E3wTfBN8E3vT
e9N70nPTc9N703vTc9Nz03PTc9Jz0nPSc9Jz0nOSc5JzknOTc5Nrk2uSa5JrkmuS
a5FjUVtPWxBTD1MPWxBbEFsQW1FbUVsRWxBbEFsQWxBbEFsQWxBbEFsQWxBbEFsQ
WxBbEFrQWxBbEFsQWxBbEFLQUtBS0FLQUtBSz1LPUs9Sz1LPUs9Sz0rPUo9Kj0rP
StBKj0rQStBK0ErPSs9Kz0qPSs9Kz0qPSo9Kj0qOSo5KjkqOSs5KjkqOSo5KjkqO
So5KjkqOSo5CjkKOQo1CjUKNQoxCTEJKQgdCBUHDQcNBw0HDQcNBw0HDQcNBwkHC
QcI5gjmDOYM5gzmDMYI5gzmDOYMxgzmDMYI5gjFCMYIxgjGCMYIxgimCKYMxhDGH
Mck6CzoMOgw6DDoMOgw6DGtPa1BrUGtQa1BrUGtQa1BzUHNQc1BzUGtQa1BrUGtQ
Y1BrUGtQa1BrUGtQa1BjEGMQYxBjD2sQa1BzUHNRc1BrUXNRc5FzkXORc5JzknOS
c5JzkWuRa1FrUWuRc5FrkWuRa5FrUGtQa1FrUGtQa1BzkXORe5JzknOSc5JzknOS
c5JzkXORc5JzknOSc5Jz0nvTfBOEE4QThBSEFIQUhBSMFIwUjFSMVYxVjFWMVYxV
jFSMFHvSew9xiGkGaMVoxWjFaMVoxWjFaMVoxGjEaMRoxGjEaMVpBmkHcUdpR2lH
cYhyi3vQjBSMVIxVjFWMVYxVjFWMFIxVjFSEVIRVhFV8FXQUY5I6jyoMIcshyzpN
WxBrknwTfBN8FHwUfBR8FHwUfBR8E3wTfBN8E3wThBSEFIQUhBR8FHwTfBN8E3wT
fBN8E3vTe9N703vTe9N703vTc9Nz03PTc9Jz0nOTa5Nz03PTc9Nz0nPSc5JzkmuS
a5JrkmuSa5JrkmuSa5JrkWNRWxBSj0KNQkxCTEpNSo5S0FMQUs9KjkKOQo1CjUqO
Ss9TEFMQWxBbEFsQWxBbEFsQUxBbEFsQUxBS0FMPUs9Sz0rPUs9Sz1LPUs9S0FKQ
Us9Kz0rPQs5Kz0rPSs9Kz0qPSo5Sz0rPSo9Kz0rPSs9Sz1LPSo9Kz0qPSo5KjkKO
So5KjkqOSo5CjkqOSo5KjkqNSo5KjkqOQo5CTkKOQo5CjkKNQkxCC0IIQgVBxEGD
QcNBw0HDQcNBwkGCQYJBgkGCQYJBgjmCOYI5gjmCOYM5gzmDOYM5gzmDOYI5gjmC
OYI5gjmCOYIxgzmDMYUxhzHJMgs6CzoLOgs6CzoLOgtrUGtQa1BrUGsPaxBrT2tP
c1BzUHNQa1BrUGNQa1BrUGtQa1BrUGuRa1BrUWNQY1BjD2NPa09rT2tPa1BrUGtQ
a1BzUXORc5FzkXORc5FzkXORc5FrkWtRa5FrkWuRa5FrkWuRa1BrUHNQa1BrUGtR
a1FzUXORc5FzkXORc5FzkXORc5FzkXORc5JzknOSe5J704PThBOEE4QUhBSEFIQU
hBSMFIxVjFWMVYxVjFaMVowVjBWD04MPcchxBmjFaMVoxXDFaMVoxWjFcMVoxGjE
aMRpBWkGcUh5ynnKcYlpR2lHeot7kIQTjFSMVIxUjFWEVYRVhBV8FHwUfBR8E3wT
c9Rj00tRKk0iDCHLIcsyDFMQY5Fr0nPSc9Nz0nPSc9Jz0nORa5FrkXPSc9J8E4QT
hBOEE4QThBOEE3wTfBN8E3wSfBN8E3vTe9N703vTe9Jz03vTe5N703PTc9Nz0nOS
c5Jzk3OTc5NzknOSc5JzknOSc5JrUmuSa5JrkmuSa5FjUVLPQk0xyinJKckxyjoL
So5KzkKNOkwyCjHKMckxykJMSo1Sz1rQWxFbEFsQUxBTEFMQUxBTEFMQUxBS0FKP
Uo9KjUqOSo5KjkqOSo5KjkqOSo5KjkqOSo5KjkqOSo5KjkqOSo5Kj0qPSo5KjlLP
So9KjkqOSo5KjkqOQo5KjkqOSo5KjkpNSo5CjkqOSo5KjkqOQo5CjkKOQo1CjUqN
So1KTUJMQktCCEIFQcRBw0HDQcNBw0GCQYJBgkGCQYNBgzmDOYM5gjmCOYI5gjmC
MYIxQjGDMYIxgjGCMYMxQjFCMUIxgjGCMYMxgzGFMcY5yTnKOcs6CzoLOgs6CzoL
a1BrUGNQa1BrUGtQa1BzUHORa1FrUGtQa1BrEGsQa1BrUGtQa1BrUGtQa1BrUGtP
aw9rD2MPYw9jUGtQa1BzUHNQc1BzUXNRc5FzkXORc5FzkXNRa1FzUXNRc1FrkWuR
a5FrUWNRa1BrUGtQY1BrUWtRc1FzkXORe5JzkXOSc5JzknOSc5JzknOSc5Jzk3uT
e9N8E4QThBSEFIQUhBWEFIQUhBSMVIxVjFWMVoxVjFWMVYQVg9N7D3HJcQdpBmkG
aQZpBWkFaQVpBWjFaMVoxXEGaQVxiHpLgox6THnJaYhpiHKLe5GEE4RUjFSMVYxV
hFV8VXwUc9NrkmORY1FjkVtRUxA6zyJNGcwZyyHLMgxCjlLPWxBTEFMQUxBTEFMP
Us9Sz1MPWs9bD2tRc5J704QThBOEE3wTfBN8E3wSfBN8E3wTe9OD03vTe9N703vS
e9J70nvSe9Nz03PTc5Nzk3OTc5Nzk3OSc5JzknOSa5JrkWuSa5JrkmuSa1JrkmOS
W1FCzzINIcoZSBlHIYkxykJNSo46TTIMIYkZSCFIKYgxykKMUs9bEFsQWxBbEFsQ
UxBTEFMQWxBTD1MPSo5CjUJMOgs6CzoLOgs6CzoMQgw6DDpMOkw6TDpMOkxCTUJN
Qk1CjUKNQo1CjUKOSo5KjkqOSo5KT0qPSo5CjkqOSo5KjkqOQo5KjkqOSo5KjkKO
Qo5CjkKOQo5CjkJOSk1KTUpNQkxCS0IKQgdBxUHDQcNBw0HCQYNBgjmCOcI5wjnD
OYM5gzmDOYM5gzmCOYI5gjmCOUI5gjmDOYI5gjmDOYM5gjlCOYIxgjGDMYQxhjmH
Ock5yzoMOgw6DDoMOgwyDHNQaw9rT2sPaxBrEWsQa1BzUXNRc1FrUGtQaxBjUGsQ
axFrUWtRa1FrkGtQa1BrD2sPYs9jEGNQY1BrUGuQa09rT2tPa1FrUWuRa5FrkWuR
a5FrkWtRa1FrUWuRa5FrkWuRa1FrUWtQa1BrUGtQa1BrUWtRc5FzkXORc5FzkmuS
c5JzknOSc5JzknOSc5Jz03vTe9SEFIQUhBSEFIQUhBSMFIQUhFWMVYxVjFWMVYxV
jFWMFIPSew95yWlHaQZpBmkGaQdpSHGIaUhpBmDGaQZpR3HJeo2Cz4LPek5xyGmH
aYd6i3tRhBOMFIxVjFWMVYxVfBRz02OSUxBKz0rPSs9CzjqOMk0hzCHLIcshyyIL
Kgw6TTpNOk06TTpMOkwyTDpMOkw6TDpNQk1Sz2NQc9J8E3wTfBN8E3wTfBN8EnwT
dBN8E3wTe9N703PTe9N703vTe5N703PTc9Nz03PSc9JzkmuSc5JrkmuSa5JrkmuS
a5JrkmuSa5JrkmuSa5JjklsRQo8qDBlJEQgRBxlIKco6TEKOQk4pixlJEQgRBxlI
Kco6TErOUw9bEGMQWxBbEFMQUxBTEFMQSxBKz0KNOkwpyimJKYghiCmIIYgpiCnJ
KcgpySnJKckyCTnJOck5yjHKMco6CzoLOkxCTUJOSo5KjkqOSo9Kj0qPSo9Cj0qP
So5KjkqOSo5KjkqOSo5KjkKOQo5CjkKOQk5CTkJNQk1CTUJNQktCCTnHQcVBg0HD
QcJBwkHCQYJBwkHCOcI5wjnCMYI5gjmCOYM5gzlDOYM5g0GCOYI5gjmCOYI5gjmC
OYI5gjGCMYIxgimDMYUxxznJOgo6CzoLOgs6CzoLOgtrT2tPa1BrUGtPa1BrUGtQ
c1BzUXNQa1BrUGsQa1BrUWtQa1BrUGtQa1BzUGtQaw9jDmMOYw9jD2MPY1BrkGNP
a1BrUGtRa5FrkWuRa5FrkWuRa1BrUGtQa1FrUWtRa5FrUWNRa1BrUGtQc1BzUGtQ
a1FzUXORc5FzkXOSc5JzkXOSc5JzknOSc5JzknOSc9N703vThBOEE4QThBSEFIQU
jBSMFIwUjFWMVYxWjFWMVYxVhFSD0nsOccpxR3FGcQZxRnGIcgx6DHHLaUdhBmlH
cclyTnrQexB6z3HMcYhpR2lHckt7UHwThBSEVIRVhFWEVXwUa9NTEEKOOk0yTTJN
Mg0pzCHMGcsZyxnLIcshyyHLKgwqDCoLKgsqCyoLIcshyyHLIcshyinKOktTDmOQ
c9J8E4QUhBSEE4QThBN8E3vTe9N703vTe9N703vTe9N703OSc9Nz03PTc9NzknOS
c5JzknOSa5JrkmuSa5JrkmuSa5JrkmuSa5JrkmuSY1JbUkKPKcwZSREHEQcZSCnK
Okw6jzIOIYwRSREHEQYZRynKQkxKzlMPWw9bEFsQWxBbEFsQWtBS0FLQSo86TjHM
IUohCBkHGQcZBxkHGQYZBhkGGUYZRiFHIUchRyGHIYchhyGHIYcpiDHKOgtCTEKN
Qo5Cz0qPSo9Kj0qOSo5KjkqOSo5KjlKOSo5KjkqOQo1CjkKOQo5CTkJOQk1CTUJN
Ok1CTEJKQgg6BznEOcM5wznDOcI5wjmCOcM5gzmDOYM5gzmDOYMxgjmDOYM5gjlC
OYI5gjmCOYI5gjmCOYI5gjmCMYIxgjFCMUIxQzGFMYgxyjHKOgo6CjoLOgs6CzoL
a1BjEGsQaxBrEGtPa09rT2tQa1BrUWtQa1BrD2tQa1FrUWtRY1BrUGtRa1FrUGMP
Yw9jEGMQY09jT2tPa09rUGtQa1BrUWtRa5FzkXORc5FrkGtQa5FrUGtRa1FrUWtR
a1FrUGtQa1BrUGtQa1BrkWtRa5FrkWuRa5Fz0WuSa5JrUnOSc5FzkXORc5FzknvT
e9N71IQThBOEE4QThBSEFIwUjBSMFZRVjFWMVYxVjFWMFYQUg9N7D3HKcUdpR2lG
aYdyS3rOgs9yTXHJaYhxynqOew97D3sOaktpiGlHYQZph3JLe5B8E4QUjFSMVIRU
hBR8FGPTQs8qTSHMIcwhzBnLIcwZzBHMGcwZzBnLGcshyyHLIcohyiHLGcoZyxmM
GYwhjBmLGYshyyoLQs5jUXPSe9N703vTe9N703vTe9N703vTe9N703vTe9N703uT
e9N703vTe9Nz03OSc5JzknOSc5JzknOSc5JrkmuSa5JrkmuSY1JrkWuSa5FrUmNS
WxE6jinMEUkRCBEHGUghyTpMQk4yDSGLEUgJBwkHEUgpyjpNSs9TEFMQUxBTEFMQ
UxBTEFMPUxBTEErQQk4xzCFJEQcRBgjGCMYIxgjFCMUQxhDGEMYQxhDGEQYRBhEG
EQYRBhlGIUYphzHIMgpCTEKMSo1KjkqOSo5KjkqOSk5KjkqOSo9KjkqOSo5CTkJO
Qk5CTkJOQk5CTjpNQk1CTUJNQkxCCzoIOcY5w0GDOcM5gjnCOcI5wjnCOcIxgjmC
OYI5gjmCOYI5gjmCOYI5gjmCMYIxgjGCOYI5gzmDMUMxQzFDMUMxQjFCMUQxhimI
McoxyznLOgs6DDoLOgs6C2tPaw9rT2sPc09rT2tPa1BrUGtQa1BrUGtQa09rT2tQ
a1BrUGsRaxFzUWtQaxBrEGMPYw9jEGMQYxBjEGNPa09rUHNQc1BzUHORc5FrkXOR
a1BrUWtQa1FrUXNRa1FrUWtRa1BrUGtQa1BrUGtQc5BzUHORc5FzkXORa5FzknOS
c5JzknORc5FrkWuRc9Jz0nvSfBN8E4QThBOEE4QUhBSEFIQUjBWMVYxVjFWMVYxV
jBWMFIPTew9xyWlHYUZpR3GJes6DEYMRes9qTGpMcs6DEIMQes96S3HIaUZhRWlF
aYZyS3tQg9OMFIwVjBWEFYQUfBRbk0LQKg0hzCHMGcwZzBnMEYwRzBmLGYsZixnL
GcsZyxnLGcwZzBnLGcsZihmKGYoZihmKIcoyDErPY1Jrk3PUc9Rz03PSc9Jz0nPT
c9Nz03PTc9Nz03PSc9JzknPSc9Jz03PTa9Nr02vTa5Nrk2uSa5JrkmuRa5JrkmuS
a5JrkmuSa5JrkmtSa1NjUlMROk4pixlJEQcRBxlIKcoyTDqOMgwhyhFICQcJBhFI
Kco6TUrPUxBTEFMRUxBTEFMQUxBLEEsQSxBK0EJOKcwZSREHCMYIxgjGCMYIxgjG
CMYIhgjGCMYIxQjFCMUIxQkFCQUJBQkFGQUhRzHJOktCTUqNQo5KjkKOSo5Cj0qP
So9Kj0KOSo5CjkJNQk5CTkJOQk5CTkJNQk1CTUJNQk1CTUJNQks6CEIFOcQ5xDmD
OYM5gznCOYI5gjmCOYI5gjmCOYM5gjmCMYI5gjmCOYI5gjmCOYI5gjmCOYIxgjGD
MYMxQjFCMYIxgjGDMYYxiTHLOgs6CzoLOgs6CzoLOgtrT2sPaw9rT2tPaw9rT2tQ
a1BrUGtQa1BrUGtPYw9rEGtQaxBrEGtQa1BrT2tQaw9jDmMOYw9jD2MPa1BrEGtQ
c1FrUWtRa1FzUXNRc5FzkXNRa1FrUWtRa1FrUWtRa1FrUGtQa1BrUGtQa1BrUGtQ
c1BzUHNQc1FzkXORc5FzkXORc5FzknOSc5Jz0XPSc9J8EnwTfBKEE4QThBOEFIQU
hBSEFIQUjFWMVYxVjFWMVYxVjBSD0nsQccppR2lGaUdyCXrOg5KDkXtRcxBzEHtR
exF6z3pLcclpR2lGYQVpBmmHcktzUIPTjBSMFIwVhBWEFXQVY9NLETqPMk4yTipO
Kg4pzSHMGYwZixmLGcwqDTJNMo46jzKPMlAqDyHOGY0ZixmKGYshiynLQo5bEWuS
c9Nz03PSa5JjUWNRY1FjkWNRY1FrUWuRa5FrkWuSa5JrkmuSa5JrkmuSa5JrkmOS
a5JrkmuSa9JrkmuSY5JrkmuSa5JrkmuSa5JrkmOSW1JTETqOIcsRSQkIEQcRSCnL
Ok46TjINIYoRCAjHCQYRSCnKOk1Kj1MQUxBTEFMQUxBS0FLQUtBS0FLQSo9CjjIM
IcoZSBFIEUcJBgkHEMcIxhDGCMYAxQjGCMYIxgDGCMYIxgjGCMYIxgkGGUcpyTJL
Ok1CTkJOSo5KjkqOSo5KjkqOSo5KjkqOSo1CjUKNQo1CjUJOQk5CTkJOQk46TkIO
Qk1CTUJLQgg6BTnDMcM5wznDOcM5wznDOcM5wzmDOYM5gjmCOYI5gzmDOYI5gzmD
OYM5gzGDMYIxgjGCMYIxgjGCMUIxQjFDKYMphDGGMcg5yjoLOgs6DDILOgs6CzoL
aw9rD2tPa09rT2tPYw9rT2tQc1BzUGsQa1BrEGsQaw9rUGtQa1BrUGtQa1BrT2MP
Yw9iz1rPYw9jEGsQaxBrEGtQa1BrUGtQa1BzUXORc5FzkWtQa1BrUHNQa1BrUGtQ
a1BrT2tPaw9rD2sQa1BrUWtRa1FrUGuRc5FrkWuRc5FzkXORc5FzkXORc5FzknPS
fBOEE3wThBOEE4QThBOEFIQUhBSEVYxVjFWMVYxVjFWEVYwVg9N60HHKaUdpR2lH
ckp7DnuSg9N7knuRe5F7UXMOcktpyGlHaQZpBWjFaQZxh3JLe5CEE4wUjBWMFYQV
fBV8FHPUY5RbU1MSSxJLEkLSOpEqDyGMGYwhyyoMOo5LEFNRU1JLEksSOtAqTiHM
GYoZihmLIcwyTkrQY1Jrk2vTa9NjklMPQs5CjUKNQo1KzlLPSo5Sz1LPUs9Sz1sP
Ww9bD1sPY09bUGNQY1BjUWNQY1FjUWNRY1FjUWNRY1FjUWOSY5JrkmOSa5JjkltS
UxA6TiHLEUgJCBEHGUgpyzpMOk0yDCGKEQcIxwkGGUgxykJOSs9S0FLQUtBS0VLR
UtBS0FLQUtBSz0rQQo86DTINKYspiiGLIYoZiiGJGUkZSRlJEUgRSBFIEQgJBwjG
AMYAxgDGCMcJBxlIKck6C0JMQk5KjkqOSo5KjkqOSo5KjkqOQo5CjkKNQo1CjUKO
Qk5CTUJOQk1CTUJNQk1CTUJNQkxCC0IHQcQ5wzmDOYM5gzmDOYMxgzGDMYM5gzmD
OYM5gzmDOYM5QzmDOYMxgzGDMYMxgzGDMUMxQjFCMUMxQzFDMUMxQzFDMUUxhjnI
McoxyzHLOgw6DDILMgw6DGsPaxBrEGsPaxBrD2MPa1BrUGtQa1FrUGtQaxBrEGsP
axBrEGsQa1BrUGtQYxBjD2MPYw9jD2MPYw9rT2tPa09rUGtQa1FrUWtRc1FzUWtR
a1FrUWNRa1FrUWtQa1BrUGtQa1BrEGMPY09jUGtQa1BrUWuRa1FrkWuRc5FzkXOR
c5FzkXORc5FzkXORc9Jz0nvTfBOEE4QUhBOEE4QThBSEFIQUjFWMVYxVjFWMVZRV
jFWMVYOTes9xymlGaUZxh3ILgw+D04QTg9N7kntRew5yS3GJaUdpBmkGaMZpBmkG
cYdyS3uQg9KMFIQUhBSEVHwUfBR0FHPUa5NrlGuUY5RblELRMk8ZzSHLIcsyDUrQ
W1Jjk2OTW5NLUjrQKg0ZzBmLGYsZizpOStBjUnOTc5Rz1GvUW1FKjjpMOgwyCzIL
MgsyCzoMOgw6DDpMOkw6TDpMQk06TUJMQo1CjUKNSs5KjkrOUs5SzlLPUs9az1sQ
W1BbUWOSa5JjU2tSW1JTUUsQOk4hixEJCQgJBxlIKco6TEJOMg0hihEHEMcRBxlH
McpCTVLPUxBS0VMQUtFS0FLQUtBS0FLQUtBK0ErPQo46jTpNOk06DTIMMgwyDCnM
KcwpzCHLIcshyhmJEUgJBwjGCMYIxgjGEQchiSnKMkxCjkqOSo5KjkqOSo5KjkqO
So1CjkKNQo1CTUKNSo5KTkJOQk5CTUJNQk1CTToNQk1CTUJMQgo6BznEOcM5wznD
QYM5gkGDOYM5gzmDOYM5gzmDOYM5gzmDMYI5gjGDMUM5gzlDOUM5QzlDOUMxQzFD
MUMxQjFCMYMxQzGEMYYxyDnKOco5yznLOcs6CzoLOgtrD2sQaw9rD2sPaw9rD2tP
a09rUGtPa09rD2sPaw9rEGMQY1BjUGtPa1BrEGsQYtBjD2MPaw9jD2MPYw9jT2NQ
Y1BjUGtRa1BrUGtRa5FrkXORa1FrUGtQa1BrUWtRa1FrUWtRYxBjEGMQY1FjUGtQ
a1BrUGtRa1FrUWtRc5FzkXORc5FzkXORc5JzknPSe9N703wTfBOEFIQUhBSEFYQU
jBSMFIwUjFWMVYxVjFWMVYRVhBR70nsPecpphmlGcYdyCnsOg9KD04PSe5F6z3JK
aYdpR2kGYMVoxWkFaQVpBmmHckp7T4PShBSEFIQVfBWEVXxVfBV8FXwUdBR0FGwU
Y9RTEjJPIc0hzCnMOk5TUWvTa9Rr1GOTSxI60CpOIcwZyyHLMg1Cj1NSY5Nr1HPU
c9Rr1FMROk4pyyGKIcohyyHKIcopyinKKcopyinKKcopyinKMcoqCioKKcopyjHK
MgoyCjIKOgs6CzoLQkxKjVLPWxBjUmNTY1JjUmNSW1JTETpOIYsRCQjICQcRSCoK
Okw6TioNIYsRCBEHEQcZSDHKQk1KjlLQUxBTEFMQUtBS0FLQStBS0FLQUtBSkEqP
So9Cj0KPOk46TjpOQo5CTkJOOk4yTjINKg0hyxlJEQcIxgjGCMYIxxEIIYopyzpN
Ok5KjkJOQo1CjkqOQo5KjkqOSo5KjkKOQk1CTkJOQk5CTkJOQk1CTUJNQk1CTUJN
QkxCC0HJQcdBhTmEOYQ5gzmDOYI5gjmCOYM5gzlDOYM5gzmDOYI5gjmCOYI5gjmC
OYM5gzFDOYM5QzmDMUMxQzGDMUIxQjFDKUMxRTGHMYkxyjILOcs6CzoLOgs6CzoL
aw9rDmsPaw5rDmsPaw9rD2tPc1BrUGtPYw9jD2tPa1BrEGtQa1BjUGtQY1BjUGMP
Yw9jD2MPYw9jD2MPYw9jEGtRa1FrUWuRa1BrkWuRa5FrUWNRa1FrUWtRa1FrUWtR
a1FjUGNQYw9jD2NQY1BjUGuRa1BrUWtRa1FrUWtRc1FzkXORc5FzkXORc9Fz0nPS
e9N8E3wTfBN8FIQUhBSEFIQUhBWMFYwVjFWMVoxVjFWMVYQUg9N6z3HKaUdpR2mH
ccl6TXtPg5B7T3rNcgppyGlHYQZhBmkGaQZhBWEGaUdpiHKLe098EoRTjFSEVIRV
hBWEFYQVhBWEFYQVhBV8FWuUS1IyjhoMGcsiDDqOW1Fr02vUY9NTUkLQMk4ZzBnL
IcsqDEKPW1Jrk3PUdBNz03PTW5NLEDJOIcwZixmLGYoZiiGKIUohShmKGYoZihmK
GcsZihmKIUkZiRmJGYkZiSGJIYkhiSGJKYkpiSnKOgtCTVrQY1FrUmNSY1JjUltS
StAyThmLEQkJBxEHGUgyCzpNOk0yDBlKCQgQyBDHGUgpy0JNSs9S0FMQUxBS0ErQ
So9Kj0qPSo9Kz1LQStBK0ErQSpBKkEqQSo9Kj0qPSo9CjkKOQo46jjJNKcsZSREI
CMcIxgjGEQcZSCnLMg06jkKOQo5CjkqOSo5KjkqOSo5KjkpOQk5CTkJOQk5CTkJO
Qk46TkJOQk5CTUJNQk1CTEJLQktCCDoGOcQ5wznDOYM5gzmDOYM5gzmDOYM5gzlD
OUM5QzmDOYM5gzmDOYM5QzlDOUM5QzlDMUIxQzFDMUMxQjFCMUIxQilDMUUxhzGK
Ocs5yznMOgs5yznLOcs5y2MPYw9rD2sPYw9rD2MPa1BrUGtQa1BrT2MPaw9rD2sQ
axBrEGtPa1BrT2tPaw9jDmMPYs9iz2LPYw9jD2MPa1BrUHNQa1BrUGtQa1BrkGtQ
a1FrUWNQY1BjUGtQY1BrUGtQa09jUGMPYxBjEGNQa1BrUGtRa1BrUWtRa5FrkWuR
a5BrkWuRa1FrkXOSc5Jz03vTe9R8E3wTfBR8FIQUhBSEFIQUhBWMVYxVjFWMVYxV
jFWEFHvTetBxymlIaUdpR3GIegt6jHqMcotxyXGIaUdpBmkGaQZpBmkGaQZpBnFH
cYhyS3NQg9OEFIQUhBSEFIQUhFSEFIQUhBSEFIQUfBRz01MRMk4hzBnLIgtCjltR
a9Rr1GvUU1JCjzINIYwhzCHMOk5TEWOSa9N0E3PTdBRz1GOTUxE6TinMIcsZihmL
GYsRixGKGYoZihmKGYoRSRFKEUoRShFKEQkRCREJEQgRSBFIEUgZCBkIGUghSCnK
OkxTD1tRW1JbUmNTW1JbEkqQMg0ZShEJEMcRBxlIKgo6TTpOMg0ZihEICQcJBxlJ
Kcs6jUrPUxBTEFMQSs9CjkINQg1CTkqOSo9S0FLQUtBK0EqPStBSz1KPUo9Kj0qP
So9Kj0qOQo0yDCnKGUgRBgjGCMUQxhEHIUkxyzoNSk5KjkqOSo5KjkqOSk5KTkpO
Qk5CTkJOQk5CTkpOQk5CTkJNOk1CTUJNQk1CTUJMQkxCCzoKOcg5xjnDOYM5gzmD
OYM5gzmDOYM5QjmCOYM5gzmCOYM5gzGCOYI5gjmDMYMxQzFCMUMxQzFDMUIxQjFC
MUIxQjFCKUIxQzFEMYcxiTnKOcs5yzoLOcs6CznLOctrD2sOaw9rD2sPaw9rD2sQ
a1BrUGtQa1BrD2sQaw9jD2MQYxBjEGsQaxFrEGsQYxBjD1rPYs9iz2MPa09rD2tP
a09rT2tQa1BrUHOQa1BrUGtQaxBjEGtQa1BrUWtRa1FrUWtQa1BjD2MQaxBrEGsR
a1BrUWtRa1FrUWuRa5BrkGuQa5BrkHOQc5Bz0XPSc9J0EnwTfBN8E3wTfBSEFIQU
hBSMFYRVhFWEVYxWjFWMVYxVjBR70nrPeclpR2lHaUdxR3mIecl5yXHJcYhpR2lH
aQZhBmlGaUZpR2lHaUdxSHHJcotzkHwUhBSEVYRVhBSEFIQUhBSEFIQUhBR8FHQU
Y9NDUSqOIgwiCzIMSs9jkmwTdBRr1FtSQtAqDSHMIcwyjkrQY1Jr03PTdBN8E3wT
fBNz01tSQtAyTyoOKg4hzSHNIc0hzBnLGcoZyxmKEYoRiglJEUoRShFJCUkJCBEJ
CQgJCAkIEQcRBxEHGQchijINStBbEWNSY1JjU1tTUxFCjyoNGUoRCAkHEQcZSSnM
Ok46TjINGUoRBxDGEQcZSCnLQo5Kz1LQUtBSj0qOOgwxyjHKOgtCTUqOSo5Sz0rP
Ss9Kz0rPSs9Kz0rPQo9Kj0qPSo5KTkINMcshiREHCMYIxgjGEQchSCnKMgxCTkKP
Qo9Cj0KPQo5CjkKOQk5CTkpPQk5CTkJOQk1CTUJOOk1CTUJNQk1CDUJNQk1CTUJM
QgxCC0IIOcY5xDmDOYM5gzmDOYM5gjmCOYI5gjmCMYMxgjGDMYMxgjmCOYI5QjFC
MUMxQjFCMYIxgjGCMYI5gjGCMYIxQzFCMUMxRTGHMYkxyjHKMgsyCzHLMcs5yznL
aw9jD2rPaw9rD2sQaxBrD2sQa1BrUGtQaxBrD2MPYw9rD2MQYxBjEWMQYxFjEGMQ
YxBbD2MPYw9jD2sPYw9rEGsQaxBrUGtRa1FzUXNRa1FrUGMQa1BrUGtRY1FjUWtR
a1BrUGNQYw9jD2MPYw9rUGtQa1BrUGtRa1FrkWuRa5FrkWtQa1BzkXORa5FzknPS
e9N8E4QThBOEFIQThBSEVIQUhBSEVIRUhFWEVYxVjFWMVYxUe9N6z3IKaUhpSGlH
aUdxR3GHcYdpR2kHaQZpBmlGaUdpR2lHaUhpSGlIaYhpyWrMc5F8FIRVhFWEVYRV
hFWEVYQVhBWEFYQVhBV0FGvTSxEyTiHMIcsqC0rOY5J0E3QUbBNjlFtTQpAyTjpO
SxBbUWPTc9Nz03wUfBR8FHwUc9Njk1NTSxJC0ULRQpA6UDJQMlAyUDJPKk8iDiIO
Gc0ZzBmLGYsZixFKEUoRSRFJEQgRSBFIEQgRCBFIIYk6DFLOWxBjUWNSY1JbUlMR
Oo8pzBlKEQkRBxEIIYkyDDqOOo4qDBmJEQcJBhEGGUgyC0KNSs5Sz0rPQo4yDCnK
IYkhiSnKMgxCjkqPSs9S0FLPUs9Sz0rPSo9Kj0qPSo9Kj0KOQk46DSnLGUkRBwjG
CMUJBhkHIYkxyzoOQk5CjkKPQo5CjkKOQo5CjkKOQo5CTkJOQk5CTkJNQk1CTTpN
Ok1CTUJMQk1CTUJMQkxCTEJLQgtByDnFMcMxgzGDMYMxgzmDOYM5gzmDMYIxgjGD
MYMxgzGDMYMxgzGDMYI5QjlCOUI5QjlCMUIxQjFCKUIxQjFCMUIxQylEMYUxhzHJ
Mgo6CjoLOcs5yznLOcs5y2sPaw9rEGMPYw9jT2MPYxBjEGsQa1BjD2MQYxBjEGMQ
YxBjEWNRY1BjEGMQYw9bDmMPYw5jDmMOYw9jD2MQYw9rEGsQaxBrUGtQa1BrkGtQ
a1BrUGsQaxBrUGtQa1BrUGtQYxBbD2MQYxBrEGsQaxBrUGNQa1FzUWuRa1FrUWtQ
a1BrUGtQa5BrkGuRc5F70nwTfBN8E3wTfBOEFIQUhBSEFIQUhFSEVIRVjFWMVYxV
jFWMFXvTctBqC2lIaUdpB2kHaQdpB2kHaQdpB2kGaQdpB2lIaYhpiXGIcYhxiXGJ
cgpyjXuRhBOEVYxVhFWEVYRVhFWEVYRVhFSEVIQVdBRj1EsRMk4pzCoLKgxCz2OR
dBN8FHQUa9Rbk1NSSxFLEVNSY5JsE3QTfBR8E3wTfBR0E3PUa5RjlFuTU1NTU0tT
U1JLUlNSSxJLEksSQtE6kTKQMpAyUCpPKg4qDioOKc0hzBmLGYsZixlKGUoZSiHL
Oo5LEFtRY5JjUmNSWxJS0TpOKcsRCBEHCMcRCCGKMg06TzpOKcwZSREHCMYJBxlJ
KctCTkqPSo9CTzoMKcohiRkHGQchSDHKOkxCjUrOSs9Kz0rPSs9Kj0qPSo9CkEKQ
QpBCTjpNMcwhiREHCMYAxQjGEQcZSCnKOgw6TUqPQo9CjkKOQo5CjkKNQo1CjkJO
Qk5CTkJOQk5CTkJOQk5CTUJNOk1CTUJNQk1CTUJMQkw6SzoKOgcxxDmDOYM5gzGD
MYMxgzlDOUM5gzmCOYI5gzmDOYM5gzmDMUMxQzFDMUMxQzFDMUMxQzFCMUIxQjFC
MUIxQjFCMUIxRDFFMYg5iTnKOco5yznLOcs5yznLOctjD2sPaw9rD2sPaxBrD2sP
a1BrUGtQa09rD2sPYw9jD2MPYw9jEGMQYxBjEGMPYw5azmLOYs5izmsOYw9jD2sP
axBrEGsQY1BrUGtQa1BrEWMQa1FrUGsQa1BrUGtQa1BrUGtRYxBjEGMQYxBrEGsQ
a1BrUGNQa1BrkGuRa5FrUWtRa1FrUWtRc5JrkXPSc9J703vThBR8E3wTfBN8FHwU
hBWEFYQVjBWEFYRVhFWMVYxVjBV703LRacxpSGlIaUdpB2lHaQdpB2EHYQdhR2FH
aYhxiXGKcYlxiXHJcclxyXIKcsx7kYQUjBWMVYxVjFaMVYRVhFWEVYRVfFV8FXQV
Y9RC0CpOIcwhzCpMQs9bkmvUdBR0FHQUa9Rj02OTY5Nr03PTe9N8FHwUfBR8FHwU
fBR71HPUc9Rr02vTa9Njk2OTY5Njk1tTW1NbU1NTU1NTUksSSxJK0krSStFCkUKQ
OpA6jzJOKk4qTioOMg46TkKPUtBbUVtSW1JbUlMRQs8yDSGJEUgJBwkHEUgpyzpN
QpA6TynNGYkRBwkHEQcZSTHLQk1Cj0JOMg0pyyFJEQgRBhEGGUcpyTpMQo1Kz0qP
So9SkFKQUpBSkFKQSpBKj0KPOk4yDCGKEUgJBgDFCMYIxhEHIYkpyzpNQk5KjkKO
Qo5CjkKOQo5CTkJOQk5CTkJOQk5CTjpOQk1CTUJNQg1CTkJOQk5CTkJNQk1CTUJM
Qgw6CTnGMcU5hDmEOYQ5gzGDMYMxQzGDMYMxgzGDMYM5gzGDMUMxQjFCMUIxQzGD
MYMxQjFDMUMxQzFDMUMxQzFDMUMpQzFDMUQxhjGIMcoxyzHLOcs5yznLOcs5yzHL
aw9rD2sPaw9jD2MPYw9jD2tPa09rUGsQaw9jD2MPY09jT2NPY09rUGtQYw9jEGMP
Ys9izmLOYw5jD2MPYw9jD2MQaxBrEGsQa1BrUGtQa1FrUWsQY1BrEGsQa1BrUXNQ
a1BrEGMPYw9jD2MPYxBjEGNQY1BjUGtQa1BrUHNRa1FrUWtRa1FrUWuRa5JzknPS
e9N703wTfBN8E3wTfBN8E3wUhBSEFIwUjBSMVYxVjFWMVYwUg9N7D3ILaYhpSGlI
aQdpR2lHaUdpR2FIaUhpiGnJcglyC4JMeg16DHoMegx6TXsPe5GEE4xVjFWMVYxV
jFWMFoxWjFaEVoRVfBV0FGPUSxEiDSHNIcwqDDqOU1BjkmvTbBNz02vTa9Nr02vT
c9Rz03PTc9N703vTe9N8FHvUe9R71HPUc9Rz1HPTa9Nr02vTa9Nr1GuUa9RjlFuT
W5Nbk1uTW1NTUlMSUxJTUksRSxFC0ULRQtFC0ULRQtFTEFtRY1FjUWNRW1FLEDpO
KcwZShEIEMcJBxGIKgo6jUKPOk4pzBlIEQcIxhEHGUgqCzoMOg0yDCnLGYkRSAkH
CMYIxhlIKco6DEqOSo9Sj0qPSs9Kz0rPSo9Kj0pPSo9CTjoNKcsZSRFHCMYIxQjG
EQYZSCmKMgw6TkKOQo5CjkKOQo5CTkJOQk5CTkJOQk5CTkJOQk5CTTpNOk06TToN
Qk5CTUJNOkxCTEJMQkxCTEIMQck5xzmFOYQ5hDmDOYM5gzmDMYM5gzmDOYM5gzmC
MYMxgzFDMUMxQzFDMUMxQzFDMUMxQzFDMUMxQzFDMUMpQzFDMUMxQzFEMUUxiDnK
Oco5yznLOcw5yznLOcsxy2MPYw9jD2MOYw9jT2NOY09rUGtQaxBjD2MPYxBbD2NQ
Y1BjUGMQYxBrEGsQaxBjD1rPWs9bD2MPYw9bD2MPYxBjUGNPY1BrUGtRa1FrUWtQ
Y1BjEGMQYxBjEWMRY1FrEWtQa1BrD2MPYw9jEGMQYxBjEGMQY1BrUGtQa1BrUWtR
a1FrUWtRa1FrkXOSc5Jz0nvTe9N8E3wTfBJ8E3wUfBSEFIQVhBWEFYRVhFWEVoxV
hFWEFHvTc1FyTGoLacppymnKYcpqC2oLagxqC2oLak1yjnrPexB7EHsQexBzD3tQ
e1B7kYPSjFSMVYyWjJaMlYxVhFaEVoRWhFaEVXxVdFRj1EsRMk4hzSIMKgwyjUsP
U1BbUWNRY1FjUmOSY5FjkmOSY5JjkWuSa9N0FHQUfBR8FHwUfBR0E3QTc9Nz03PT
c9Nz02vTc5Nr02vTa9Nr0muTa5JrkmuSY1JjUmNSY1JbUltSW1JTEVMRUxFTEVNR
W1FbUVtRW1JbElLRQo8yDSGKEUgJBwkHEQchiTIMQo9CjzJOKgwRSQkHCQYRBxlI
KcopyzHLKYoZSREICMYIxgjGEQchiDILOk1CjkrPSs9K0EqPSpBKj0qQSo9Kj0KO
Ok0xyiFJGQcIxQDFAMUIxhEGGUgpyjIMOk5CTkKOQo9Cj0KPQo5CTkJOQk5KTkJO
Qk5CTkJOQk46TUJNOk06TTpNOk46TTpNOkxCTUJNQk1CDEHKOcg5xjGFOYU5hDGD
OYM5gzGCOUM5gzmCOYMxgzGDMYMxQzFDMUMxQzFDMUMxQzFDMUMxQzFCMUIxQjFC
MUIxQjFCKUMxRDFGOYgxyTnKOco5yjnLMcsxyzHLMctrD2sPYs9rD2sPaw9rD2sP
as9rUGtQaxBjD2MPYw9jT2MPYw9jD2MPaw9rD2sPYs9izmLOYs5izmMPYw9jTmNP
Y09jT2NPY1BrUGNQa1BjUGMQY1BjEGsQYxBjEGNQY1BjUGNQWw9bD2MPYw9jD2MQ
YxBjUGNQa1BrUGtQa1BrUWtRa1BrUWtRc5FzkXPSe9J70nvTe9N703wTfBN8E3wT
fBSEFIQVhBWEFYQVhFWMVYxUhFSEE3uRe1Fyz2qPao5qj3LPatBq0HLQctBy0HMQ
e1F7koPTg9OD04PTg9SD1IPUjBWMFYxWjFaMloyWjJaMloyWjJaMlYyWhFaEVnxV
Y9VLUjJPIg4iDSINMk46j0LQQs9DD0sQSxBLEFMQUxFTEFMRUxBbUWvSc9N0FHwU
fBN8FHwUfBN0FHQUc9Nz03PTc9Nz03PTc9Nz03PTc9Nr1GvTa5Nrk2uTa5JjkmOS
Y5JbkluSW5FbUltRY1JjUmNSY1JbUltRUxFCjzoNIYsZCREICQgRCBFJKgw6TULQ
QpA6TinLGUgRBwkHCQcZSBlJIUkhSRlIEQcJBgjGCMYRBxkIIYoyDDpOQo9Kz0rP
Ss9Kj0qPSo9Kj0qPQk46DDHLIUkRCAjHAMYAxgDFCMYIxhkHKYkxyzoNQk5CT0KP
Qo9Cj0JPQk9CjkKOQo46jkJOQk5CTkJOQg46TjpNOk06TTpNOk06TUJNQk1CTEIM
Qgw5yzHJOcgxhzGGMYYxhTGFMYQxhDGEMYMxgzGCMYIxgjGDMUIxQzFDMUMxQzFD
MUMxQjFCMUIxQjFCMUIxQjFCMUIxQjFCKUQxhjGJMco5yjnKOcs5yznLOcs5yznM
END qvga

RESULT : bus up, frames dumped. Render them:
         uv run host/cam.py <logfile>
