
=== M9: fpga-open-vocab - describe it, the board spots it ===

clock     : 280 MHz requested; BOOTSEL is reachable for 1.5 s
clock     : 280 MHz system, core 1.25 V
reset     : chip_reset 00010000  (scratch was cold: either the always-on domain went away - power, a brown-out - or this boot came through the bootrom, which clears it too)
            new this boot: power-on reset - the supply arrived
waiting for a bitstream on USB CDC (host/demo.py)
bitstream : 173124 bytes announced, crc32 0a2e9953
bitstream : received intact
configure : configured, CDONE high   CDONE=1 nSTATUS=0
crc       : DMA sniffer, calc=1 out_rev=1 out_inv=1
model     : 9 layers, 512-d embedding, 131072 B/buffer
weights   : 780720 B, crc32=0xF368CC6E  (144 ms to hash)

reference : encoder_fast on the flash test vector  (1810 ms)

link      : probing the wire by running the whole test vector over it
probe     : 3 forward data lines -> 512/512 floats exact, 305 ms
link      : configuration C, 3 forward data lines, 140.0 MHz

camera    : exposure ramp 93 95 97 99 100 102
camera    : live 128x128 RGB565, id 0x82, 16.0 MHz, expose 37 ms, read 16 ms, exposure settled after 6 frames
            mean RGB 101 113 96  (tuned camera on a neutral scene: about 115 107 105)

queries   : waiting for a query set on USB CDC (host/demo.py)
queries   : 2 accepted, 512-d, crc ok
            level axis carries 0.95 of one query's swing; most opposed pair +0.820
            scored as z = (cos - background) / std, where the background is this room's
            own mean over its first 30 frames and is then FROZEN - so a thing left in
            shot keeps its score instead of decaying into the furniture. 'N' re-learns
            it, 'H' switches to tracking. The COCO figures below are only the seed for
            frame 0 and the fixed std.
            std is THIS ROOM's, measured over the same 30 frames ('S' switches to COCO's).
            The thresholds below still mean the 90th percentile of a background; the
            background they now mean it against is this room empty, not 5000 COCO photos.
            z is EMA-smoothed at 0.35 (~5 frames) before ranking, so a state has to
            persist for about two seconds to be called.
            a glass with tea     match above z 1.23   (COCO background -0.161 +- 0.035, so cos -0.119)
            an empty glass       match above z 1.23   (COCO background -0.157 +- 0.038, so cos -0.110)

loop      : capture, 8 convs on the T8, pool and head, then one cosine per query. 'B' for BOOTSEL, 'R' to restart,
            'P' to dump the next frame for host/cam.py, 'V' to dump its 512 floats for host/caption.py,
            'E' to provoke a fault so D1 shows its fault display, 'H' to freeze/unfreeze the background,
            'S' to switch the spread between this room's and COCO's, 'W' to hang on purpose and see
            the watchdog name the stage, 'C' to stall the camera bus on purpose and see it cost one frame,
            'U' to drop off USB on purpose and watch it come back, 'I' to drop off and refuse to,
            'N' to forget it and learn it again from now. 'P' and 'V' together describe the same frame.
            'O' closes the timing window, prints it and flips the capture between overlapped and serial;
            'D' does the same and flips the trigger between late and at-the-collect, which is #14's A/B.
            scores are z against this room's background, ranked; '*' means over its threshold.
            '1'..'6' enrol the next 20 frames as that class, and press again on a LATER visit
            to fold a second one in - 2 visits is what makes the enrolment guard mean
            something. Two classes in and the board decides by nearest reference instead of
            by threshold, and calls a frame absent when it is further than 2.0 sep from every
            one of them - see M21. The empty scene is not enrolled and '0' does nothing; see #18.
            The first 30 frames set the baseline and it is then frozen, so anything left in
            shot KEEPS its score. Point the camera at the empty scene for those frames.
            Send a new set at any time to re-query - that resets the baseline too.

frame     0 :  an empty glass +0.87  a glass with tea +0.56   led 118/ 17 h0.70 lvl+0.71   -
frame     1 :  an empty glass +0.81  a glass with tea +0.65   led 102/ 24 h0.66 lvl+0.73   -
frame     2 :  an empty glass +0.61  a glass with tea +0.60   led  54/ 57 h0.49 lvl+0.60   -

snapshot  : frame 3, mean RGB 111 108 108
BEGIN m9 128 128 32768 22eee3d8
UkdKBlrIa0trS2tLa0taynONfA+ED4QPc417zoxQjFGUkYxRjFCMkZSSnNOc05zT
nNOU04ySjJGdE50TnROU0pTTnROdFKVUnRSdFJTTnRSlVKVUlNOU050UpRWtVa1V
pRSc06VVpVWtVaVVnRSlVaVVrVWtVaVVpVWlVZ0UpVWlVaVVrVWlFJ0UpVSlVa2V
rVWlFKUUpRSlVaVVpVWdFJUUnVWlVaVVnRSVE50UnVWdVJUUlROVFJ0UnRSdFJzT
lNOM0ozTlNOM04yTjJKMkoySjJKM0ozSjNKEkoRRfFGEUYSRfFB8UHQQdBB8UXQQ
dBBrz2wPdA90D2vPY85jjVJISgdiymsMa0xrTGMMWwtzjnwPhBCEEHOOc8+MUYxR
lJGMUIxQjJGUkpTSnNOc05zTlNOMkoyRnROdE50TlNKU050UnRSlFKUUnNOU0qVU
pVSlVJ0TnNOdFKVVrVWtVaUVnROlVa1VrVWtVJ0UpVStVa1VrVWtVaVVpVSdFKVV
pZWtVa1VpRSlFKVVpVWlVqVVnRSdFKVVpVWlVaVVnRSdFKVUpVWlVZUUlRSdVJ1U
nVSVFI0TlRSVFJ0UnRSVFJTUjNOM04zTjNOMk4yTjNOMk4yTjNOM04yThJKEUYRR
hFGEUnxRfFF0EHxRfFF0EHQQa89zz3QQdA9sD2vPY45SiEIHWslrC2sLawtjC1rK
c4x8D4RQhA9zjnvOjFGMUZSRjFGMUIyRlJKc0pzTnNOc05TSlJKMkZ0TnROdE5TS
lNKdE50UpRSlFJzTlNKlFKVUpVSc05TTpRStVa1VpVWlFZ0UpVWtVa1VpVSdFJ0U
rVWtVa1VrVWtFaUUpRStVa1VrVWtVaUVpRWlFaVWrZWtVZ0UpRSlFaVVpVWlVZ0U
nRSlVaVVpVWdFJUTnRSdFJ0UlRSU050UnRSdFJ0UnRSVE4zTjROU05TTjNOMk4yT
jJKMk4yTjJKMkoSShJGEUYRRhFF8UXxRdBB0UHxQdBB0EGvPc9B0EHQQc89rz2OO
UkhKB2KJawprC2tLYwtay3ONg8+MUIQPc457zoxQjFGUkYxRjFGMkpSSlNKc05zT
nNOc05SSlJGdE6UTpRSU0pTTnRSlFKVUpRSk05zSpRSlFKVUnNOc06UUrVWtVa1V
pVSdE6VVrVWtVaVVpRSlVa1VrVWtVa1VrVWlFaUUpVWtVa1VrVWlFKUUpVSlVa1W
rValFaUVpRWtVq1WpVWdFJ0UpVSlVaVVnRSU050UnRWdFZTUlNOc1J0UnRSdFJ0U
lROU05TTlNOU04zTjJKM0oySjJOM04zTjJKEkoSShFGEUYRSfFF8UXQQdFB8UXQQ
dBBrz2vPdBBsD2vPa85jjVJISgdaiWsLa0trS2tLYwpzjXwPhFCEEHPOe86MUYxR
lJKMUYRQjJGUkpzTnNOc05zTnNOUkoyRnROdE50TlNKU050UnRSlFKUUnNOU0qUU
pRSlVJzTlNOlFK1VrZWtVaUUnNSlVa2VrZWlVZ0UpVWtVa1VrVWtVa0VpRSdFKVV
rVWtVa1VpRWlFaUVrVWtlq1VnRSdFaVVpVWlVaVVnRSdFKVUpVWlVZ0UlROdFJ0U
nRWVFJTTnRSdFJ0UnRSdFJTUjNOM1JTTlNOM04yTjJOMk4yTjJOMk4yThJKEUoRR
hFGEUXxRfFF0EHRQfFB0EHQQa89zz3QPc89zz2uOY41SiEoHWolrS2tLY0tjS1sK
c42ED4xQhA9zznvOjFGMkZSSjFGEUYyRlNKc05zTnNSc05ySlJKUkZzTnROdFJTT
lNOdFKUUpRSlFJzTlNOlVKVUpVWc05zTpRStVK1VrVWlFZ0TpVWtla2VpVWlFKVV
rVWtVa1VrVWlVaUUpRStVa1VrVWtVaUVpRSlVaVVrVWtVZ0UnRSlVaVVpVWlVZ0U
nRSlVaVVpVWdFJzUnRSdFZ1VlRSU1JUUnRWdFJ0UnNSU05TSlNOU05TTlJKMk4yT
jJKMk4zTjJOMk4SShJKEUYRRhFF8UXxRdBB0UXxRdBB0EGvQa9B0EHQPa89rjmON
WohSR1rJa0trS2tMa0xjC3ONhA+EEIQQe857zoxRjJGUkYxRjBCMUZSSnNOc05zT
lNOU0pTSlJKdFJ0UnRSU05TTnRSlFKUUpRSc05TTpVSlVKVVnNOc06UUrVStVa1V
rRSlE61VrVWtVa1VpRSlVa1VrVWtVa1VrVWlFJ0UrVWtVa1VrVWlVKVUpVWlVa2V
pVWlFKUUpVWtVa1VpVWlFKUUpVWlVaVVnRSdE50UnRWdVJUUlROdE50UnRSdFZzU
lNSU05TTlNOU04ySjJKMkoySjNOM04zThJOEkoRRhFGEUoSSfFF8UXQQdFB8UHQQ
dBBrz2vQdBB0EGvPa45jjVqKSghaymtMa0xrTGsMYwtzjYQPhFCEEHvPe86MUZSS
lJKMUYQQjJGU0pzTnROdE5TTlNOUkpSRpRSlFKUUlNOU050UpVSlVKUUnNOc06UU
pVWlVZ0UlNOlFK1VrVWtVaUUpNOtVa1VtZWtVaUUpRStVbVVrZWtVa1VpRSdFK1V
rVWtVbWVpVWlFaVVrVWtlq2VpRSlFK1VrVWtVa1VpRSdFKUVpVWlVZ0UnNOdFKUV
pVWdFJTUnRSdFJ0UnRSdFJUUjNOVE5TTjNOM0ozTjNOM0pTTjNOM04TThJJ8kXxR
hFGEUnxRfFF0EHwRfFF8EHQQa89r0HQQdA9rzmOOY45iyVJHWslzTHNMc0xrTGML
c42ED4RPhFB7znvOjFGUkpSSjFGMUJSRlNKc05zTnROc05TTlJOUkqTUpRSlFJzT
nNOlFKVUpVSlFJzTlNOlVaVVpVWdE5zTpRStVa1VrVWlFJ0UrVWtVa1VpVWlFK1U
rVW1Va2WrVWlVaUUpRStVa1VrVWtlqVVpVSlVa1VtZWtVaUUrRWlVa1WrVatVaUU
pRSlFa1VpVWdFZTUnRWlFaVVnRSVFJ0UnRSdFJ0UnRSVE4zTjNOU05TTjJOMk4zT
hJKM0ozTjNOE0oSShFGEUYRRhFKEUXxRdBB8UXxQdBB0EGvPbA90EGwPa89jjltO
YspKSFrKc0xzTHONa0xjDHONhA+EEIQQc897zoyRjJKUkoxRjFGMkpTSnROdE50T
nNOc0pSSlJGlFKUUpRSc05zTnRSlVK1UpRSdE5zTrRStVK1VpROc06UUrVWtVa1V
pRSlFK1VrVWtVa1VpRSlFK1VrVW1lq1VrVWtFKUUrVWtVa2VrZalVaVVpVWlla2V
rZalFKUVpVWtVa1VrVWlFKUUpRStVa1VpRSc06UUpRSlVZ0UlNSdFJ0UnRSdFJ0U
lRSU05UTlNOU05TTjNOM04zSjNOM04zTjNOEkoRRfFGEUYRShFF8EXQQfFF8UXQQ
dBBrz2vQdBB0EGvOa45jjWMKUohaynNMc4xzjGuMa0tzjYQPjA+EEHvOc86MUYyR
lJKMkYxRjJKU05zTnNOc05zTlNKUkoyRpNOlFKUUnNOc06UUpVSlVaVUnROc06VV
rVWtVaUUnNOlFK1VrVWtVaUUpRStVa1VtZatVaUUpRStVbWWtZatlq1VpRWlFLVV
rZWtla2WpVWlVa1VrZW1lq2VpRSlVKVVrVWtVa1VpRSlFKVUpVWlVZ0UnNSlFKVV
nVWdFJTTnRSdFJ0UnRSVFJUUjNOVFJTTlNOM04zTjNOE04zTjNOM04zThJKEUnxR
hFGEUnxRfFF0EHxRfFB0UHQQa89zz3QQdBBrz2uOY41jClJIYwpzjXONc4xzjGtM
e42ED4QQhBB7z3vOjFGUkpSSjFGMUZSSlJKc05zTnNOc05TTlNKUkqUUpRSlFJzT
nNOlFKVVpVWlFJ0UnNOtFK1VrVWdFJzTpRStVa1VrVWlFKUUrVWtVbWWrVWlFK0U
rVWtlq2WrZatVa1VpRS1Va2VrZWtlqVVpVWtVa2WrZatlqVUpVWlVa1VrVatVaUU
pRSlVaVVpVWdFJzUnRSlVKVVnRSdFJ0UnVSdFJUUlRSVFIzTlRSU05TTjJKM0ozT
jNOU04zTjNOM04SShFKEUYRRhFF8UXxRdBB0UXxQdBB0EGvPbA90EHQQa89jjmOO
awtSiWLLc41zjXONc01rTHONhBCEEIQQe897z4xRjJKUkoyRhFGMUpzTnNOc05zT
nNOc05TSlJKlFKUUpRSc05zTpRStVa1VpVSdFJzTrRStVK1VpRSdE6VUrVWtVa1V
rVWlFK1VrVWtVa1VpRSlFK1VtZa1lq2WrZWtVaUUrVWtVa2WrZalVaVVrVWtVa2W
rValFaVVpVWtVa1WrVWlFaUUpVWlVaVVnRSdFKVVpVWlVZ0UnRSdFJ0UnRWdFJ0U
lNOU05TTlNOU04zTjNOM04TSjNOM04zThNOEkoRRhFGEUYSRfFF8UXQQdFF0UXQQ
dBBrz3PQdBBz0GvPa45jjWtMWspjC3vOe85zzXONa0x7jYQPjFCMUHvPe86MUZSR
lJKMUYRQlJGU050TnROdFJzTnNOUkpSSpROlFKUUnNOc06UUrVWtVaVUpRSc060U
rVStVZzTnNOlFK1VrVWtVa1VpRStVbWWtZatVaUUrVW1lrWWtZa1lrWWrVWlVK1V
rZatlq2WrVWlVa1WrVW1lq2VpRSlVa1VrVatlqVVpVSlFKVVpVWlVZ0UnNSdFaVV
pVWdFJTUnRSdFJ0UnRSdFJ0UlNOVFJTTlNOM04zTjNOM04zTjNOM04TThJKEUoRR
hFGEUYRRfFF0EHQRfFB0EHQQa89r0HQQdBBrz2OPY45zTFrKawt7jnvOe857znON
e86EUIxQjFCED3vPjFGUkZSSjJGEUYySlNKdE50TnROdE5zTnJKUkqUTpRSlFJzT
nNOlE61UrVStVKUUpROtVa1VrVWc05zTpRStVbWVtZatVaUUrVW1lrWWrVWlFK1V
tZa1lrWWtZatVaUUpRStVa1VrVWtVaUUpRSlFKUUpVWlVaUUpVStVa1VrVWtVaUU
pRStVK1VpVWdFJzUpRSlVaVVnRSVFJ0UnRSdFJ0UlRSVFIzTlROVE5TTjNOM04zT
jNOM04zTjNOE04SShJJ8UYRShJJ8UXxRdBB8UXxRdBB0EGvPdBB0EHQPa89jjltN
c41jC2tMe857znvOc85zjXvOjFCMUYxRfA97z4yRlJGUkoySjFGUkpzTnRSdFJ0U
nRSdE5TSlJKlFKUUpRSc05zTpRSlFKUUpRSlFJzTrVWtVa1VpRSc06UUrVW1lq1V
rVWlFK1VtZW1la1VpRSlVKVVrVWlVKUTnNKUkZSRlJCUkJSRlJKU0pSSnNKUkpSR
jJGMkYyRlJGUkZSRlNKc050TpVStVa1VpRSdFKVVpVWlVZ0UlRSdFJ0VnRSdFJUU
lNSM05TTlNSU05TTjNOM04zTjNOM04zThNOEkoSSfFGEkYSRfFF8UXQQfFF8UXQQ
dBBrz2vQbBBsD2vOY45jjnvOY0xrjXvPfA98D3vPc457z4xRjFGMUYQQhA+UkZTS
nNKUkYxRlJKc05zTpROlE6UTnNOUkpSSpROlFKUUnNOc06UUrVWtVa1VpRSlFK1V
rVWtVZzTnNOlFLWVtZW1la1VpRStVbWVrVWlFJzTlJGUkJSQlJGUkpzSnNOdFKUU
rVW1lbXXvhm+GcYZtde1162XrZatlqVVnNOU0pSSjFGMUJSRnNKdE50UnRSlVaVV
pVWdFJUUnVSdFJ0UnRSdFJUUjNOVFJUTlNOM04zTjNOM04zTjNOM04TShJKEUXxR
hFGEUYRRfFF0EHxRfFF0EHQQa89r0HQQbBBrz2POY457zmtMc42ED4QPhA+ED3vO
fA+MUYyRjFGEEIQPlJGUkpzSlJKMUZSSnNKdE50TpRSdFJzTnNOUkqUTpRSlFJzT
nNOlFK0VrVWtVaUUnNOlVa1VrVWlFJ0UrVStlrWWtZatVaUUrVSlFJzSlJGUkZSS
nNOlFKUVrVWtVa1VpRStVbWWvdfOmc6azprOm73Yxhi+GL4Ythi1lq1VrVWlFKUT
nROc05TSjJGMkZTSnRSlVaVVnRSU050UpRSlFJ0UnRSc1JTTnROU05TTlNOM04zT
jNKM04zTjNOM0oSShFGEUYSShJJ8UXxRdBB8UXxRfFB0EGvPc9B0D2wPa89jjmOO
e89rjXOOhBCEEIQQhBB7z3wPjFGMUYxRjFGEEJSRlJKU0pSSjFGUkpzSnNOlE6UT
pROdE5zTlNKlFKUUpRSc05zTpRSlFK1VrVWlFJzTrVStVa1VnNSc06UUtZW1lbWV
rVSdE5zSlNKc0qUTpROlE6UUrVWtVa1WrVWtVaUUpVW9185a79/nX+ef55++Wsab
xprO274YrZWtVa1UrRSlFKUUpRSlFJzTlNOMkoySnNSlFaUUnRSlFJ0UnRSdFJ0U
nNSU05zTlNOU04zTjNOM04zSjNOM04zTjNOMkoSShFGEkoSSfFF8UXQQfFF8UHQQ
dA9rz2vPdA9sD2vPY45bToQPc457joQQhFCMUIQQfA+EEIxRjJGMkoRRhFCUkpTS
lNOUkoxRlJKc0p0TpRSlFKUUnNOc0pTSpRSlFKUVnNOc06UUpRStVa1VpRSc061U
rVWtVaUUpRStVbWWtZatVZzSlJGU0pzSpRStVK1UpRStVa1VrVWtVa1VrVWlFKUV
xhjfHPff51/nX+/fxlnOm86a3xy+GK2VrVWtVa0UpROlFKUUpRSc05zTlJOMkoRR
lNKdFJ0UnRSdFKUUnRSdFJUUlNOU05UTlNOU05TTjNOM04zTjNOM04zShJKEUXxR
hFGEUYRRfFF0EHxRdBB0EHQPa89rz3QPdA9rzmOOY46EEHvPe8+EEIxRjFGMUYQQ
hBCUUpSSlJKEUYQQlJKU0pzTlJKMkZSSnNKc050UpROlE50TnNKUkqUTpVSlFJzT
nNOlFKUVrVWtVaUUpRStVa1VrVWlFKUUrVS1lbWVnNKUkZSRnNKc0qUUrVWtVKUU
rVWtVa1VrVWtVa1VpRSlVbWX1tv33+ef55/3n8ZZztvOmt8cvhitVbVVrVWlFJzT
pRSlE50TlNKU0pTTjJKEUYxRnNOc06UUpRSlFKUUnRSdFJTTlRSVE5TTjNKM0ozT
jJKM04zTjNOE04SShJKEUYRRhJF8UXxRdBB8UXxRdBB0EGvPc890D2wPa85jjWON
jFB7znvPjFCMUYxRjFGEEIQQjJGUkpSSjFGMEJzSnNKc05SSjJGUkpTSnROdE6UT
nROdE5TTlNKlFKVUpRSc05zTpRSlFK1VrVWlVKUTrVWtVa1VpRSlFK1VtZa1lZSS
lJKc05zSnNKlVK1VpRSlFK1VrVWtVa1VrVWtVaUUrVW1lsYY99/nn+ef79++Wc7b
zprfHL4YrZWtVa1VpRSdE6UUnRSdFJTTjJKU0oySjJGEUZzTnROlFKUUpVSdFJ0U
nNSU05UTlRSVE4zTjNOM04zTjNOM04zThNOEkoRShFGEUoRRhFF8UXQQfFF8UHQQ
dBBrz2wPbA9sD2vOY41jjYxRhBCEEIxRjFGMUYxRhBCMUZSSlJKckoxRhFCU0pzS
nROc0pSSlJKc06UTpROlE6UUnROU05TTpRSlFKUUnNOc06UUpRStVa1VpRSc061V
rVWtVZzTpRStVbWWrVWc0pSRlNKc0pzTpRStVaUUpRStVa1VrVWtVa1VrVWtVa1V
rVW91/ff51/nn++fvlrW287b3x2+Ga1VrVWtVaUUnNOlVKUUpROU0pSSlJKUkpSS
lJKc050TnRSlFKUUnRSdFJzUlNOc05TTlNOU05TTlNOMk4zTjNOM04zTjJKEkoRR
hJKEUYRRfFF8EHxRdFB0EGwPa89sEGwQbBBjz1uOW42MUYQQhBCMUZSSlJKMkYRR
jFGU0pTSlNKMkoxRnNOc050TnNOUkpTSnNOdFKUUnRSdFJ0UnNOU06UUpRSlFJzT
nNOlFKUUrVWtVaUUpRStVa1VrVWlE6UTrVS1la1UnNKckpSRlJGckqUTrVWlVKUU
rVWtVq1VrVW1lbWVrVStVa1VtZbvn+de557vnr5Z1tvW2+ddxlmtVa1VrVWlFKUU
rVWlFJzTlJKMUYyRjJKU05TTnNOdFJ0UpRSlVKVUnRSdFJTTlNSU1JTTlNOU05TT
jJKM04zTjNOE04SShJKEUYRRhFGEUXxRdBB8UXxRfBBz0HPPc9B0D3PPa85jjWON
jFKEEIQQjFGMUpSSlJKMUYxRlNKU0pzTlJKMUZzTnNOc05SSlJKUkpzTnNOlE6UU
pRSlFJzTnJKlFKUUpRSc05zTpRStVa1VrVWlFJzTrVWtVa1VpNSdFK1VtZalFJzT
nNKc0pzSnNKc0qUTpROlE61UrZWtVa1VrVWtVaUUrVWtVbWW313nnude512+GM6b
zpvfHcZZrVWtVa1UpRSc06UUnNOUkpSSlJKUkZSSnNKdE50TnROlFKVUpVSlVKUU
nROU05UTlROM05TTlNOU04zTjNOM04zThNOMk4SShFGEkYSRfFB8UHQQfFF0UHQQ
bA9rz2vPdA9rz2vOY41jjoxRhBCEEIxRjFGUkpSSjFGMUZSSnJKU04yShFGU05zT
nNOU0pSSlJKc05zTnRSlFKUUnRSc05zTpRSlFKUUnNOc06UUpRWtVa1VpRSc061V
rVWtVqUUpRStVLWVpRSlE5zSnNKc05zTpNOlFKUTnNKk06TTpROlFK1UrVWlE61V
tZWtVd7b517nXt8dtdfOms6Z3xu+GKUUpRSc1JzTnNOdE5zTlJKUkpSSlJKUkpTT
nRSdFJ0UpVSlVKVVpVSdFJUUlNOVE5UTjNOM04zTlNOM04zTjNOM04TTjJKEknxR
hJJ8knxRdFF0EHxRfFF0EGwPa850D2wPa89jzluNY42MUYQQhBCMUZSSlJKMkoxR
jFGU0pTSlNKUkoxRnNOc050TnNKUkpSSnNOc06UUpRSlFJ0UnNOUkqUUpRSlFJzT
nNOlFK1VrVWtVaUUnROtVa1VrVWlFKUUrVW1lqUUpROc05zTpROc06TTrRSlFKTT
pROtFKUUrRStFK1VrVW1lrWWrVXfG+ef75/nXr4YzprOWtbcvhilFKUUpRSc05zT
pROc05SSlJKckpSSlNKc06UUnROdFJ0UpVSlVKVUnVSVE5TTlROVE5TTjNOU04zT
jNOM04zTjNOM04yShFGEUYRShFGEUXxRfBB8UXxQdBBsD2vPa89sD2vPa85jjWOO
jFGEEIQQjJGUkpSSlJGMUYxRlJKckpzTlJKMUZTTnNOc05zTlJKUkpzTnNSlFKUU
pRSlFJzTnNOlFKUUpRSc05zTpRStVa1VrVWlFJzTrVStVa1VpRSlFK1UtZWlVKUT
nNKc0qTTnNOlE61UpRSc05zTpRSlFK1VrVWtVb3X1prGWb4Z79/33//f79/GWc6b
zpvW3L4YpRStVaUUnNOc05zTnNOUkpSSlJKMkpSSlNOdFJzTnRSdVKVUpVSlVJ0U
nRSU05TUlROU04zTlNOM04zTjNOM04zShJKEknyRfFGEkYRRhFF8UXwQfFF8EXQQ
a9Brz2vQbA9rz2vPY41jjoxRhBCEEIxRlJGUkpSSjFGMUZSSlJKU0oySjFGc05zT
nROU05SSlNOc06UTpRSlFKUUpRSc05zTpRSlFKUUnNOc06UUrVStVa1VpRSlFK1V
rVWtVaUUpRStVbWVpVSlFJzTnNOdE5zTpRStVa1UnNOk06UTpRStVa1VrVXGGN8b
1tvGWf/f/9//3/ffvhjOms6a1ty+GaVUpVSlFJzTnNOc05zTlJKUkpSSjJKUkpzS
pRSdE50UnVSlVKVUpVSlVJ0UnNOVFJUUlNOU05TTlNOM04zTjNOM04TThJKEUnxS
hJKEUnxRfFF8EHxRfFB0EGvPa89sD2wPa89rjmONY46MUYQQhBCMUZSSlJKUkoxR
jFGUkpSSnNOUkoxRnNOc05zTnNOUkpzTnNOc06UUpRSlFKUUnNOc0qUUpRSlFJzT
nNOlFK1VrVWtVa1VpNOtVa1VrVWlFKUUrVS1la0UrRSc05zTnNOc06UTrVSlE5zS
nNOlE6UUrVWtVa1VzlnnHN7bxln/3//f/9/vn74YzprOmt7bvhilVKUUpRSc05zS
pRSlFJSTlJKckoySlJKU0p0UnROdFKVUpVWlVKVVnVSdFJTTlNOVE5TTlNOM04zT
jNKM04zTjNOM0oyShJJ8UYRShFF8UXxRfBB8UXxQdBBsEGvPa89sD2PPY45jTWOO
jFGEEIQQjFGUkpSSlJKMUYxQlJKUkpzTlJKMUZTTnNOc05zTlJKc05zTpRSlFKUU
pRSlFJzTnNKlFKUVpRSc05zTpRStVa1VrVWlVJ0TrVWtVa1VpRSc1K1UrVWlFKUU
nNOc06UTnROlFK1UpRSc06TTpROtFK1UrVWtVc5Z3tvWm74Z/9//3//f7562GM6a
zprW274YpRSlFKUUnNOc05zTpRSU05SSlNOMkpSSlJKdFJzTnRSlVKVUpVSlVJ0U
nRSU05UTlROVE5TTlNOM04zSjNOM04zTjNOEkoRRhFGEkoRRfFF8UXQQfFF8EHQQ
a89rz2vPbBBrz2OOW41jjoxRhBCEEIxRlJKUkoySjFGMUZTSlJKc05SSjFGUk5zT
nNOc0pSSnNOc06UUpRSlFKUUpRSc05SSpRSlFa1VnNSc06UUrVWtVa1VpRSk061V
rVWtVaUTpROtVK1VpRSlFJzTnNOlFJzTpRStVaVUnNKc0qTTpROlFK0UrVTGGN7b
1pvOWv/f/9//3/ffvhjOms5a1pu92KUUpRSlFJzTnNOlFKUUlJKUkpTSjJKUkpSS
nRSdE50UpVWlVKVVpVSdVJ0TlNOU1JUUlNSU04zTjNOM04zTjNOM04yShJKEUYRR
hJKEUoRRfBB0EHxRdBB0EGwPa89sEHPQa89jj1tNW46MUoQQhBCUkZSRlJKUkoxR
jFGUkpSSnNOUkoxRlNOc05zTnNOUkpySnNOk06UUpRSlFKUUnNOc0qUUpRStVJzT
nNOlFK0VrVWtVa0UpNOtVK1VrVWlFJ0UrRStVaUUpRSk06UTrRSlE6UUrVWtVZzT
nJKckqTTpRSlFKUUtZbOWfee713/3//f/9//39abzprOmtbbvdilFKUUpRSc05zT
pRSlFJSSlJKc05SSlJKUkpzTnNOdFJ1VpVSlVZ1VnVSdE5TTnNSc1JTUlNOU05TT
jNOM0ozTjNOE0oyShFF8UYRRhFJ8UXwRfBF8EXwQdBBrz2vPa89sD2PPY45bjWOO
jFKEEIQQjFGUkpSSlJKMUYxRlNKU0pzSlJKMUZyTnNOc05zTlJKU05zTnRSlFKUU
pRSlFJzTlNKlFKUUrVSc05zTpRStFK1VrVWtFKTUrVStVbVVpRSk1K0UrRWtFKUU
pRSlE60UpNOlE6VVrVSckpySnJKk06UTrRSlFKUUvhf/3/+f/9//3//f/9/WnN8d
1tze3L4YpRWdFKUUnNOc06UUpRSUkpSSnNOMkpSSlJKk050TnRSlFaVVpVWlVZ0U
nRSU050UnRSc05TTlNOU04zTjNOM04zTjNKEkoRRfFGEkYRRfFF0UXQQfFF0EHQQ
a89rz2vQbBBrz2OOW01jjoxRjFCEEIxRlJKUkpSSjFGMUZSSlNKc05SSjFGc05zT
nNOc05SSlJKc050UpRSlFKUUpRSc05zTpRSlFKUUnNOc06UUpRStVK1UpRSc061U
rVStVaUTpROlFK0UrRSlFKUTpNOlFKUUpRSlE60UnJGUUZyRnNKlE6UTpRStVc6a
/9//n//f/9//3//f3tznXuef79/XHa1VpRSlE5zTpROlFKUUlJKUkpzTjFGUkpSS
pNOlFKUUpRSlVaVVpVWdFZ0UnNSc1J0UlNOU05TTjNOM04zTjNOM04yShJKEUYRR
hJKEUXxRfBF0EHxRdFB0EGvPa89rz2vQa89jj1tNY46MUYxRhBCMUYxRlJKUkoxR
jFCUkpSSnNOUkoxRnNOc05zTnNOUkpSSnNOc06UUpRSlFKUUnNOc06UUpRSlFJzT
nNOlFKUUrVWtVaUUnNOlVK1UrVWlE6TTrRStVK0UrRSlFKTTpRSlFKUTlFGUUZyR
lJGckpzSpNOlE6UUvdffHP/f95//3//f/9//39bc3x3fX+/f55+tVZ0TpNOc05zT
pNSlFJSSnJKc05SSlJKUkp0TnRSlFKVUpVWlVaVVpVWdFJzUnRSdFJTTlNOU05TT
jNOM04zTjNOEk4SSfFF8UYSShFF8UXxQdBB8UXxQdBBr0GvPa89r0GvPY45bTWOO
jFGEEIQQjFGUkpSSlJKMkYxRlNKc0pzTlJKMUZSTnNOc05zTlJGc0pzTpRSlFKUU
pRSlE5zTnNKlFKUUrVSdE6UTpRSlFK1VrVSlFJ0TrRStVK1UpROlE60UrRStFK0U
pRSlE6UTpROc0owPg86MD5SQnJGk0qUTpRStFcYY3tz/n/ef/9//3//f/9/Wm98d
31/vn+dftVWk06UTnNKc05zTnNOUkpSSnNOUkpSSlJKc050UpRSlVKVVpVWlVKVU
nRSU05zTnRSc1JTTlNOU05TSjJOM04yTjJOEkoRRhFGEUYRRfFB8EHQQfFF8EXQR
a89rz2vQa9Brz2OOW01jjoxRhFF8EIxRlJKUkpSSjFGMUZSSlJKc05SSjFGc0pzT
nNOc05SSlJKc05zUpRSlFKUUnNOc05zTpRSlFK1UnNOdE6UTpRStVKVUpRSc06UU
rRStFKTTpNOtFK0UrRStFK0TpRSlFKUTnJGMD4POg86UUJyRpNKk06UUrVTGGNaa
zlnnHf/f/9//3//fzpvfHd9e55/nn61VpROlE5zTnNOc05zTlJKUkpzTlJKUkpSS
nNOlFKUUpVSlVaVVpVWdFJ0UlNSc1J0TnNOU05TTlNOM04zTjNOM04SShFKEUYRR
hFGEUXxQfBB0EHxQfBB0EGvPa89rz2wQa89jjltNY46MUYxQhBCMUZSSlJKUkoxR
jFGUkpSSnNOUkoxRlJKc05zTnNOUkpySnNOc06UUpRSlFJzUnNOc06UUpRStVZzT
pRSlFKUUrVWtVKUUnNOtFK0UrRSk06TTrRStVK0UrRSlFKUTpRSc05RRlA+MDoPN
jA6ckaTTpROlFK0UzlnWms5Z3tv/3//f/9//386b1x3fXuef55+tVZ0UpRSc05zT
nNOlFJSSlJKc05SSlJKUkpzTnROlFKVUpVSlVaVVpVWdFJ0TnRSdE5UTlNKU04zT
jNOM04zTjNOEk4RShFKEUYRShFJ8UXwRdBB8UXQQdBBrz2vPa89sEGPPY45bTWOO
jFGMUYQQjFGUkpSSjFGMUYQQlJKUkpzTlJKMUZSSnNOc05zTlJKUkpzTnRSlFKUU
pRSc1JzTnNOlFKUUrVWlFJzTpROlFKVVpRWlFKTTrRStFK0UpNOk060UrRStFK0U
rRSlFKUUpNOUT4wPjA+DzYONlA6kkqTSpRSlFMYZ1prGGc5Z/9//3//f/9/Om9bc
3x3nXeeerVWc06TTnNOc050TpRSUkpSSnNOUkpSSjJKc050UpRSlFKVUpVWlVZ1U
nRSdE50UnRSU05TTlNOU0pTTjNOM04zTjJOEkoRShFGEkYRRfFF0EHQQfFF0EXQQ
a89rz2vPa9Brz2OPW01jjoxRjFGEEIxRlJKUkpSSjJGEUZTSlNKc05SSjFGUk5zT
nNOc05SSnNOc050UpRSlFKUUnNSc05zTrVWlFK1VnNOlE6UUpVStVK1UpRSc060U
rRStFKTTpNOtFK0VrRStFK0UpRSlFJzTjFCUUIwPi82DjIOMlE+k0qUTnRPGGNaZ
zhm92P/f/9//3//fzpvW3M6b1tvvXbVVnJKUkZRRlJGc06TUlJKUkpzTlJKUkpSS
nNOk06UUpVSlVaVVnVWdVZ0UnROdFJ0TlNOU05TTlNOU04zTjNOM04SThJKEUXxR
hJGEUXxRdBB0EHxRdBF0EGvPa89sEGvQa9BjjltOY4+MUYxQhBCMUZSSlJKUUoxR
jBGUkpSSnNOUkoxRlJKc05zTnNOUkpSSnNOc06UUpRSlFJzUnNOc0q1UrVStVJzT
nNOlE6UUrVStVKUUnROtFK0UrRWk06TTrRStVa0UrRSlFKUTpROUUIwPlFCUDovM
g4uDi4vMnJGlE5zSxhfOmcYYtZb/3//f/9//38YaxhnGWtaa5xyUUXMKewpzCnMK
g4yU0pSSlJKU05SSlJKUkpzTpNOlFKVVpVWlVaVUpVSdFJUTnRSdFJUTlNOU05TT
jNOU04zTjJOMk4RSfFJ8UYRShFF8EXQRdBF8UXwQdBBrz2vPa9Br0GvPY45bTWOP
jFKMUYQQjFGUkpSSlJKMUYxRlJKUkpzTlJKMUZzTnNOk05zTlJKUkpzTnROlFKUU
pRSlFJzTnNKtVKVUrVSdE6TTpRStFK0UrRStFKTTrRStFK0UpNOk060UrRWlFKUU
pNOk04vNg4yLzZQOlA6LzYtLg0qDSovMpNKcksXXzlnGGK1V99/vnvff756tlb3X
1lrWWt7bfA9aSFpIYkhiiGJHe0uMUZSSnNKUkpSSlJKc05zTnRSlVaVVpVWlVaVV
nRSdFJ0UnRSU1JTTlNOU05TTjNOM04zThJOEUoRRhFGEkYRRfFF0EHQQfFF0EHQQ
a89rz2vPa89jz2OOW01jjoxRjFGEEIxRlJKUkpSSjFGMUZSSlJKc0pSSjFGUk5zT
nNOc0pSSnNKc06UUpRSlFKUUnNOc05zSrVStVK1UnNOc06UUpRStVK1UpRSk060U
rRStFKTTpNOtFK0UrROlE6TTlE9zCYvLlA2MDIvMi8yDi4NKg0mDSpQNg8ykkL2V
xdek085Z1pznHucepVa12Naazlne2nvPWgdiSHLJewpiRlqIe4yUkZzTlJKUkpSS
nNOc050UpVWlVaVVnVWdVZ0UnRSdFJ0UlNSU05TTlNOM04yTjJOMk4yThJKEUYRR
hJGEUXxRdBB0EHQQdBB0EGvPa89rz3PPa89jjluNY46MUYwQhBCMUZSSlJKUkoxR
jFGUkpSSnNOUkoxRlJKc05zTnNOUkpzTnNOlFKUUpRSlFJzTnNOc061UrVStVJzT
pROlFKUUrRWtFazUpNOtFK0UrRWk06TTpROtFK0UrRSk03MKcwmLi5QMnA2Ty4OJ
gwiDCHrHesiDSXsJewmLjLTScwutVNbc5x7nXq1WtZfGGcYY1pqMUXMLaodqh1oF
UcRiRUmEg8yUkZSSlJKUkpzTnNOlFKVUpVSlVaUVnRWdFJUUnRSdFJzUlNOU05TS
jNOMk4yTjJOMk4RShFKEUYSSfFF8UXQQdBB8EXQQdBBrz2wPbA9sD2PPW45bTWOP
jFGMUYQQjFGUkpSSlJKMkYRRlJKUkpzTlJKMUZSSnNKc05zTlJKc05zTpRSlFKUU
pRSlFKUUnNOtVK1UrVSlE6TSpROlE61UrRSlFJzTpRStFK0UpNOk060UrRSlE6UT
lFBaR3MJi4yUDJQMlAuLiYMHeoV6hHJFagRiBFoFWgZiRlHFrFDWm98c3tydFKUU
vde919aZnNKDS2pGYkZZxVnEWcRAwUlDaohzSoPMjFCc06UUpRSlVKUUpVWdVJ1U
nROdE50TnRSU04zTlNOM04zTjNOM04yTjJOEkoRRhFGEUoRRfFF0EHQQfFF0EHQQ
a89rz2vPa89jz2OOW01jjoxRjFGEEIxRlJKUkpSSjJGEUZSSlJKc05SSjFGUkpzT
nNOc05SSnNKc06UUpRSlFKUUnNSc05zSpVSlFK1UnNOc06TTrRStFK0UpNSc060U
rRStFKTTpNOtFK0UrRStFIxQWkZzCYOMlA2cDpPLk4mLB3pFacNpw1FCQMA4gDCA
MIEwgYtMvdjGGcZZjFKckr2WtZXWWJzRg4t7CHLHYgRJAkDBMIAwgDiAQQJSRowQ
nNOlFKUUpVWlVaVVnVWlFJ0UnRSdFJ0UlNSU05TTjNOM04yTjJOMk4yThJKEUnxR
hFKEUXxRdBB0EHRRdBBsEGvPbA90EGvQa89jjluNY86MUYxQhA+MUZSSlJKUkpSS
jFGUkpSSlNOUkoxRnJKc05zTnNOMkpSSnNOlE6UUpRSlFKUUnNOc060UrRWtVaTT
pNOk060UrRStFKUTnNOlFKUUrRSk06TTrRStFK0UrROUUFJGcwmDi4vMlA2Ty5PK
i0iChmnDWYJIwThAMEAwQDiAQIB6SItLtNHWFovOnFC1U7VT1lek0ZPLg0h7B2qF
UYJRQUjASMBRAVlCaoaMUJzSnNOc06UUpRSlVZ1VpRSdFJ0UnRSdFJTTlNOU05TT
lNOUk4yTjJKEkoRRfFGEUYRShFJ8UXQQdBB8UHwQdBBrz2vPa9Br0GPPY45bTWOP
jFGMUYQQjFGUkpSSlJKMUYxRlJKUkpzSlJKMUZSSnNOc05zTjJKUkpzTnNSlFKUU
pRSc05zTnNKlVKUUrVSc05zTpRStFK0UrRSk1JzTpRSlFK0UnNKk0qTTrRStFK0U
lFFaRWsIewiDipPMk8uTypOJg0dqBFlCQIEwgShAKEA4QEiAWQJQwZuL3dWTjYvO
nFCkkMWTpJCLyoNIewhyRWHDWUJQwEjAUQFZg2rHjFGc06UUnRSlFKUUpRWdVaUU
nRSdFJ0UnRSU1JTTlNOU0oyTjJOMk4yThJKEUnxRfFGEknxRfFF0EHQQfBF0EHPQ
a89r0GvQa89jz1uOW01jzoxRjFGEEIxRlJKUkpSSjFGMUZSSlJKU05SSjFGU05zT
nNOc05SSlNKc06UUpRSlFKUUpRSc05zTrVStFK0UpNOk06TTpRStFKUUpNOc06UU
pRSlFKTTpNOlFK0UrRStE5RRYgVqhnLHe0iDiovKi4qLiYtIekVZQkjBOIEwQDBA
OEBIgFkCWQKTi9WUi82UDpxPpJC1U5xPi8qDSYNIckVhw1lCUQBIwFEAWcJzCIyR
nNOdE50TpRSlFKVVnVWdFJ0UnROdFJ0UlNOU05TTlJOMk4yTjJOMk4yShFKEUXxR
hJGEUXxRdBB0EXQRdBFsEGvPa89rz2vPa49jjltNY86MUYxRhBCMUJSRlJGUkYxR
jFCUkpSSnNOUkoxRlJKc05zTnNOUkpzSnNOc06UTpRSlFJzTnNOc06UUpRSlFJzT
nNOk06UUpRSlFKTTnNKlE6UUpRSc06TTpROtE6UTpNOUUWoFagRqBXqHg0mLipOK
k4mLSIKGYcRIwTiBMEAwQDhAQIBRQkkBk0rFEYNLjA2UTpyOrM+UTIvJg0iDR3JE
YcJZgVEASMBRAGGDewiUUZySnNOc06UUpRSlVKVUpRSdE5zTnNSc1JTTlNOU05ST
jJOMk4yTjJOEkoRRfFF8UYRSfFF8UXQQfBB8EXQQa9Brz2vPa89rz2PPW45bjWPO
jFGMUYQQjFGUkpSSlJKMUYQQlJKUkpSSlJKMUZSSlNKc05zTlJKUk5zTnNOlFKUU
pRSlFJzTnNOtFK0UrRSk05zTpROlFKUUpRSlE5zTpROk06UTnNKc06TTpNOlE6TT
lJFqBWHEYcNqBHsHg0iLiYuKi0mDCHJFUQJAgDhAOEA4QECAWUNIwYrKtI+DCoOL
i8yUDZQNi4qLSINIewdqRVnDWYJRAUjAUQFZw3MIjFGUkpzTnNOlFKUVpRWdFZ0U
nNOc05zTnROU05TTlNOM04ySjJOMk4yShJKEUYRRfFGEUXxRfFB0EHQQfBF0EHQQ
a89sD2vQa89rj2OOW05jz4xRjFGEEIxRlJKUkpSSjFGEEJSSlJKUk5SSjFGUkpzT
nNOc05SSlJKc050UpRSlFKUUnRSc05zTpRSlFK1UnNOc06UTpROlFK0UpRSc06TT
pNOk06SSnJKk06TTpNOk05RRagZZhFFCWcNqhXsHg4mLiYtIgwdyhVmDSMFAQEBA
OEBIgWGEQMF6iawOgshyR4LIk0p6hnrHgweDB3rGYgRZglmCUQFJAEkBWYNzCYxR
lJKc05zTpRSlVKVUpVSlFJzTnNOc1JzUlNOMk5TTjJOMk4yTjJOEkoSShFF8UXxR
hFF8EXwRdBB0EHQRdBB0EGvPbA9rz2vPY49bTltOY4+MUYxRhBCEEZSSlJKUkoxR
hBCUkZSSnNOUkoxRlJKc05zTnNOUkpSSnNOlE6UUpRSlFKUUnNOc0q0UrRStFKTT
nNKlE6UTpRSlE50TnNOk06TTpNOckpySnNKk06TTpNOUUWoGYYRRAlFCYgRqhoMI
i0iLSHsHeoZhw0DBQIA4gDhAQIBQwkCAacWbSnpGYcR6RXpGckV6hILFgsWCxmoF
WcNZglEBSQBRAVnDc0mMkZSSnNOlFKUUrRSlFKUUnRSc1JTUlNSU1JTTjJOUk4yS
jJKMk4yThJKEkoRSfFF8UYRRfBF8EXQQdBB8EXQQdBBrz2vPa9Br0GOPW05bTmOP
jFGMUYQQhBCUkpSSlJKMUYQQlJKUkpSSlJKMUJSSnNOc05zTlJKUkpzTpROlFKUU
pRSlFKUUnNOlFKUUpRSc05zTnNOk1KUUpRSdE5zSnNKk0qTSnJGckaSSpNOk05zS
nJFqB1mESQFAwVGCYgR6x4MIgwd6xnJFYcNAwThAOEA4QECAWQNIgEjAWQJhQ2FC
cgZ6h2oFckV6hXKFesVqBFnDUUJRAUjBSQFRw3OKjJGU05zTnRSlFKUUpRSlFJ0U
nRSc1J0TlNOU05TTlNOMk4yTjJOMkoSShJKEUnwRfBF8UXwRfBF0EHQQdFF0EGwQ
a89rz2vPa89jj1tOW05jj4xRjFB7z4QQjFGUUYxRjFGEEIxRlJKUkpSShBCUkpzS
nNOc05SSlJKc06UTpROlE6UUpROc05zTpRSlFK0UpNOc0pzSpROlE6UTnNOckqTS
pNKk0pyRnJGckqSTpNOkk5SRYkhZhEkCQMFJAVmCagR6xnrHcoZyRWHDQMEwQDBA
MEBAwXIHQIFIwlkDYUNZQ2GEckdyh2pGakVqRWpFagRZg1lCSQFJAUkBUcN7ioyR
lNKc05zTpRSlFKUUpRSdFJTUlNOU1JzTlNOUkpSTjJOMk4yThJOMUoRShFF8EXwQ
fFJ8EXQQc9B0EHwQdBB0EGvPa89r0GvQY89bTluOY46MUYxRhBCEEIxRjFGMUYxR
hBCMUZSSlJKUkoQQlJKc05zTnNOUkpSSlNOdE6UTpRSlFKUUpRSc0qUUpRSlFJzT
nJOc06TTpRSk06TTnJKkkpySnJKckpySnNKk0qTSpJKckWpIUUVJA0CBQIFRAVmC
agNyRHJEYgNZgkCAMAAwADAAOIFphkCBSMFQwllDUQJRAmoGeshqBmHFacRqBGHD
UUJJAUjASMFJAVnDe4uMUZSSnNOdFKUUpRSlFKUUnNOU05TTlNOU05TTlJOMk4yT
jJOMkoySjFKEUYRRfBF8UYRSfBF8EXPQdBB0EXQQbBBjz2vPa89rz2OOW01bTmOP
jFGMUYQQhBCMUYxRjFGMUYQQjFGUkZSSlJKMUZSSnNKc05zTlJKUkpzSpROlE6UU
pRSlFJzTnNKlFKUUpRSc05yTnNOk06TTpNOc05ySnJKckpySlJGckZyRnJKk06SS
nJJqSVFFSQNAgTiBQIFJAVmCYcNhw1mCSUE4gChAIAAgADCBWcYwQThBQIFQw0jC
SMFRQmpGYgRZxFmEWYRRA0kCSMFAwEDASMFRxHvNjFGUkpTTnRSlFKUUpRSlFJzT
lNOU05TTlNOU04yTjJKMkoySjJKMkoyShJGEUXxRfFF8UXxRfBFz0HQRdBFz0GvP
Y89rz2vPa89jjltOW05jj4xRjFGEEIQQjFGMUYxRjFGEEIxRlJKUkpSSjFGUkpzT
nNOc05SSlJKc05zTpROlFKUUpRSc05SSpROlFKUUnNOck6TTpNSk06TTnNKUkpyS
nJKckZyRnJGckZzSpNOckpySaolRREjCQIE4QDhAQIBIwFEBUQFRAUjAOEAwACgA
IAAwQVmGMEEwQDhAOEA4QECAQIFqBlmESURBA0kDQMJAwkCBOIBAwUkCYcWDzYxS
lJKc05zTpRSlFKUUnRSdFJTTlNOU05TTlNOMkoyTjFKMk4yTjJKEkoSShFF8UYRR
fFF8EXwRc9B0EXQQc9Br0GPPa9Brz2vPY45bTVtNY46MUYxRhBCEEIxRjFGMUYxR
hBCMUZSSlJKUkoRQlJGc0pzSnNKUkZSRnNKc05zTpRSlFKUUnNOc06UUrRStFaTT
nJKc06TTpNOk06TSnJKckpySnJKUUZSRlJGckqTTnJKckmqKSURAwziBMEAwQDCA
OIBAwEDASMBAgDBAMEAoACgAKAA4gjCAMIA4gDiAOIBAwEDBagZRREDDOMNAwzCC
MIIwgDBAQMBJAVnEg86UUZSSnNOdE50UnRSdFJ0UnNOU05TTlNOU05STjJOMk4SS
jJKMkoySjJKEUnxRfBF8EXxRfBB8EGvPdBB0EHQQa89jj2vQa9Brz2POW01bjmOO
jFGMUYQQhBCMUYxRjFGMUYQQjFGUkpSSlJKMUZSSnNOc05zTlJKUkpzTnNOc05zT
pRSlFJzTnNOlFKUUpRSc05yTnNOc06TTpNOckpyRnJKckZyRlFGUUZSSnJKk05yS
lJJiikkEOMIwQChAKEAoAChAOEA4gECAOIAwQDBAMEAoACgAOIIwgTiAQIBAgECA
QMFJQlnFQUM4wzjDOMMwgjCCMEEwQDjAQQJZxYQPlFKUk5zTnNOdFKUUnRSdFJUT
lNOU05TTlNOU04yTjJOMUoySjJKMkoSShFF8UXwRfBF8UXwQfBBr0HQQdBB0EGvP
a49r0GvPY49bj1tOW05jj4xRjFGEEIQQjFGMUYxRjFCEEIxRlJGUkoxSjFGUkZzS
nNKc0pSRlJGc0pzSnROlE6UTpROc05ySpNSlFKUUnNOc05zTpNOk06TTnNKckpzS
nJKckpRRlFGUUZyRpNKckZyRaspJRTjCMEEoACgAIAAoADAAMEAwQDCAMEAwADAA
KEAoQDjBOME4gTiAOIA4gEDBUQNRQ0ECQMNBA0EDOMI4wjCAMEA4gEDCWgWED4yR
lJKc05zTnRSdFJ0UnRSdFJTTlNOU05TTjNKMkoySjJKMkoySjJKMkoRRfFF8EXxR
fFJ8EXQRa9B0EXQQdBBr0GPPY9Bj0GOPW45TTVtNY46MUYxRe8+EEIxRlJKMUYxR
hBCMUZSSlJKUkoxRlJKU0pzSnNKUkZSSnNOc05zTnNOlE5zTnNOc06UUpRSlFJzT
nJOk06TTpNOk06SSnJGckZyRnJGUUZRRlFGUkqTSnJGckXMLSQRAwjiBMAAwACgA
KAAwADAAMAAwADAAKAAoADAAMEBAwUDCQMFIwUDBQMBJAlFDUUNRA0kDUUNRQ0kD
QQI4wTBAOIBBAloFhA+MUZSSnNOc050UnRSdFJ0UlNSU05TTlNOM05STjJOMkoyS
jJKMkoyShJKEUXxRfBF8EXxRfBB0EHPPfBB0EHPQa89jz2PQa9Bjz1uPU01TTVuO
hBCMUXvPfBCMUYxRjFGMUYQQjFGMUZSSjFGMUYxRlJKUkpzTjFGUkpzTnNOlFKUT
pRSc05zTlJKk1KUUpRSc0pySpNKk06TTpNOc05SSnJKUkpyRlJGUkZRRlFGc0pyS
nFJzC0lEQMJAgThAMEAwADAAMAAwADAAKAAoACgAKAAwAEBASIFIwUkBUQJRAlEC
UQJZg2nFWYRRQ1FDUYNRQkkCQME4gDiAQQFiBoRQlJKUkpzTnNOc050UnRSdFJTT
lJOU05TTlNOMkoySjJKMkoySjJKEkYSShFJ8EXQRfBF8UXQQdBBrz3QQdBBsEGvQ
Y49j0GvPY89jjlNNW05bToQQhBB7z4QQjFGMUYxRjFGEEIxRjFGUkoxRjFGMUZSS
lJKUkoxRjFGUkpzTpRSlFKUUnNOc05zTnNOlFKUUnNOckpzSnNOc05zTnJKUkZyS
nJGUkZSRlJGUUZxRnJKckZSRc0xBRDjCQIE4QDhAOEA4ADBAMEAwQDAAKAAoACgA
OEBAgUjBSMFRQlFCWUJZQ2GDYcRyRmHEUUNRQ1FDUUNJQkDBMIAwgDkBUgaEEIxS
lJKc05zTpNOc1J0UnRSc05TTlNOU04zTjJKMkoySjJKMkoyShJKEkYRRfBB8EHwR
fFF8EHQQa9B0EHQQbBBr0GPPa89rz2PPW49TTltOW4+EEIQQe8+ED4xRjFGMUYxR
hBCMUZSSlJKUkoxRjFGUkpSSlJKMUYxRlJKc0pzTnNOc05zTnNOc05zTpRSlFJzT
nNKc0pzSnNOc05yTlJKckZSRlJGUkZSRlFGcUZyTnJKUUXtNQUU4gzCBOEA4QDhA
OEA4QDBAMEAwADAAMAAwADiASIFRAVEBWYJZw1nDYgRiBWIFcodhxVGDUYNJg1FC
UUNAwjBAKEAwwVIHhBCMUpSSnNOc06TUnRSdFJzTlNOU05TTlNOU04yTjJKMkoyS
jJKMkoSRhJKEUXwRfBB8EXxRfBB0EGvPdBBsD2vQa89jz2vQa89jz2OOU01bjluO
hBCEEHvPe8+MUYxRjFGMUYQQhBCUkpSSlJKMUYxRlJKUkpSSjFGMUZSSnJKk05zT
nNOc05zTlJKk06UUpRSc05TSnNKk0qUTnNOck5SSnJKckpSSlFGUUZRRlFGckpSR
lJF7jUFFMMMoQTAAMAAwADBAMEAwQDAAMAAwACgAOEBAgEjBUQJRQlmDWcRZxGIF
csdyyGqHWcRRg1lDUUJJAkkCOMEoQChAMIFaB4QQhBCUkpzTnNOc1JzUnNSU1JTT
jNKM0pTSlNOMkoxShJKMkoySjJKEUoRSfFF8EXQRfFF8UXwQdBBrz3QQdA9rz2vP
Y89jz2PPY89bjlNNW45bjoRQhBB7z3vPhBGMUYxRjFGEEIxRlJKUkpSSjFGMUZSS
lJKUkoxRjFGUkpSSnNOc1JzTnNOc05SSnNOlFKUUnNOc0pzSpNOk06TTnNKUkZSR
lJGUkZRRlFGUUZRRnJKckpSRe45JRTDDKEEoADAAMAAwADgAOAA4QDhAMEAwQDiA
SMBQwVlCWUJZg2HEWYNiBIMIgwhyh1mDUUJRQklBQQFBATjBKIEgQDDCWkiMUIxR
lJKc05zTnNOc05zTnNOU05SSlJOU05STjJKMkoySjJKEUoSShFKEUnxRfFF8EHwQ
fBF0EHQQa890EHQQa9Brz2PPY89jz2PPW45TTVuOW46EEIQQe857z4QQjFGMUYxR
hBCMUZSSlJKUkoQQjFGUkpSSlJKMUYxRlJKc05zTnNOc05zTnNOUkpzTpROlE5zT
nNKckpzTnNOc05zSlJGUkpSRlJGUUZRRlFGUUZySlFKUUYPPSYYwwihBKAAoACgA
MAAwADgAOAAwADAAMABAQEjASMFRAlFCUUJZw1GCYgSDB4MIcoZZw1FCWYNJAUEB
QME4gSiBIEEww2KJjFCUUZSSlNKc05zTnNOc05zTlJOMkoySjNOMk4xSjJKMkoxR
hFKEUoRShFJ8UXwQfBB8EHwRdBB0EGvQdBBr0GvQa49jj2vPY89jj1uOU01TjluO
fA+EEHvPe8+MEIxRjFGMUYQQhBCMUYxRjFGEEIQQlJKUkpSSjFCMUZSSnNKc05zT
nNOc05zTlJKc06UTpROc05SSlJKc05zSnNKc0pRRnJGUUZRRjFGUUZRRlFGckpxR
lFGDz0mHMIMoQiAAIAAoACgAMAAwADAAMAAwADgAQIBAgUjBUQJRQlFCUYNRg2IE
ewh6x2pFWUNRQlFCSQFBAUDBOMEogSBAKMNay4RQjFGUkpSSlNOc05zTnNOU05SS
jJKMkoySjJKMkoxShJKEUoRShFKEUoRSfBF8EHQQdFF8EXQRa9Br0GwQa9Br0GPP
Y89jz2OPW49bjlNNU41bjnwPfA9zznPOhBCMUYxRjFF7z3vPhBCMkYxQhA97z4xR
lJKUkoxRjFCMUJSSnNOUkpSSlJKUkpSRlJKc0pzSlJKUkYxRlFGUkZSRlFGMEIwQ
jA+MEIPPjFCMEIwQlJKckZSRjA9JhjCDIEIYABgAIAAgACgAKAAoADAAKAAwADhA
QIFAgUkCQQFBAklCSUJZxHKGckZiBFFCSQFJAUDBQME4wTDCKIEYQCjDawuEEIxR
lJKUkpSSnNOc05TTjJKMUoRRjFKMUoRShFKEUoRRhFGEUYRRhFGEUXwRc9Bz0HwR
fBFz0GvPY89sEGPPY89jj2PPY9Bjj1uPW05TDVNOU02EEIQQhBB7z4QQjFGMUYxR
hBB7z4xRlJGUkoxRhBCMUZSSlJKUkoxRjFGUkpzTnNOc04xSnNOc1JzTnNOckpyT
nNOUkpSSlJOUk5SRlJGUkpSRlFGUUZRRlFGUUZySnJGckZQQQccowyBCGAAYARgB
GAEYABgAGAAgACAAIAAwADiAQIFAwTjBOME5AUkBWYNqBWoFWYRJAkDCQMFAwTjB
OMEwwSiBIEAww2tMjFGUkpSTlJKUkpyTnNOU05TTjJOMkoySjJKEUoRShFKEUYRR
hFKEUoRRhFGEUXQQdBB0EXQRdBBrj2vQc9Brz2uPY89jz2OPY45bTltNW01TDVNN
hBCEEHvPc46EEIQQjFGMUYQQe8+EEIxRjFGMUYQQhBCUkpSSlJKMUYxRlJGk05zT
nNKUkZTSpROlE5zTlJKUk5zTnNKc0pzTnNKUkZSRnJGUkZRRlFCUUJRQlFCUUZSR
lJGMEEHHIMQYQhABEAEQARABEAEQARABEAEYASAAKAAwQDCBMMEwgTCAOIFAwklD
WcVZxUlDQME4wTiBOIEwgTCCKIEgQSAAMQNzjYxRlJKU0pSSlJKU0pTTlNOc05TT
jJKMkoySjFGMUYRRjFKMkoyShJKEUYRRfFF8UHxRdBB0EGwQdBB0EHQQdBBrz2vP
a49jjmOPW45bTluOU01bjoQQhBB7z3vPhBCMUYQQjFGEEIPPhBCMUYxRjFGEEIQQ
jJGUkpSSjFKMUYxRnNKc05zSlJGUkpzTpRSc05SSlJKc05ySnNKc0pSSlJGUUZRR
lFGUUZRQlFCUUZRQlFGckpRRjBFJyCjEGEIQARAAEAAQAAgACAAIABAAEAAYACgA
KEAoQTCBOIIwgTCBMIBBAlGEUYRJAkDCOIE4gTiBMIEogCBAIEAgQDEDc46MUYyS
lJOUkpSSlJKUkpSTlNOU04ySjJKMkoSShFGEUYRRhFKEUoRSfBJ8EXwRfBB8EXQQ
dBB0EGvQdBBr0GvQa9Bj0GPPW45bj1uPW45bjlNNW02EEHvPe89zjnvPhBCEEIxR
hBB7z4QQjFGMUYxRhBCEEIxRlJGUkpSRjFGUkZTSnNKc0pSRlJKc05zTnNOUkpSS
nNOc0pzTnJOUkpRRlFGUUZRRlFGUUZRRlFGMUJRRnJKUUYxRSkgoxBhCEAEIAQgB
CAEIAQgBCAEIARABEAEgACgAKEA4wTjBMIAwgDCAOMFRQ0lDQQI4wTiAMIAwgCiA
KEAgACAAKEE5BHvOjFGMUZSSlJKUkpSSlJKckpSTlJOMkoySjJKMkoRShFKEUoRS
hFJ8UnwRdBB8EXwRfBF0EHQQdBBz0HQQdBBrz2PPY89jz1uOY89bjluOU05LDVNO
g897z3vPc457z4QQhBCMUYQQe8+EEIxRlJKMUYQQhBCMUZSSlJKUkoxRlJKUkpzT
nNOMUZSSnNOc05zTlJKUkpyTnNKc0pzSnJGUkZRRlFGUUZRRlFGUUJRQjBCMUJyR
lFGUEFJJKMMYQhABCAEIAQgBCAEIAQgBCAEIAQgBEAEYASABMIIwgigAKEAoQDCB
QQNBBEEDOIEwQDBAKEAgACAAGAAgAChBQQR7z4QQjFGUkpSSjJKM0oySlJOUk5ST
jFKMUoySjJKEUYRRhFGEUYRRfFF8EXQQfBB0EHwQc9B0EHPQc9Bz0HPQa9Bj0GPP
Y89bjluPW49bjltOUw1bTnvPe897znOOe8+EEIQQhBCEEHvPhBCMUYxRjFGEEIQQ
jFGUkpSSlJKMUYxRlJKc05SSjFGUkpzTnNOc05SSlJKc05zTnNKckpSSlJGMUZSR
lFGUUYxQjFCMUIwQjBCckpRRjBFaiijEGEIQAQgBCAEIAQgBCAEIAQgBCAEIAQgB
EAEYAShBKIIgACgAKAAwQTjCQMM4gihBKAAgACAAGAAYABgAGAAoQkFFhA+MUYxS
jJKMkoySjJKMkpSSlJKUkoxRjFKMUoxShFKEUYRRhFGEUYRRfFF8EHwQdBB0EGvQ
dBBr0GvQa9Br0GvQY49jz2OPW45jjluOW45TTUsNU057z3vPe45zjnvPhBCEEIQQ
hBB7z4QQjFGMUYxRhBCEEIxRlJKUkYyRjFCMUZSSlJKUkoxRjJGc05zTnNOUkpSS
nNOc0pzSnJKUkoxRjFGMUZRRjFGMUYxRjFGMEIwQnJKUUYxRWosoxBhCEAEIAQgB
CAEIAQgBCAEIAQgBCAEQARABGAEgQiiCGAAgASABKEEwgjCCKIIgQRgAGAAYABgB
GAEYASAAKEJBhoPPhFGMUYxSjJKMUoySlJKUkpSSjJKEUoRShFKEUnxRhFF8UYRR
hFGEUXxRdBB0EXQRdBFz0HPQa9Br0GvQa9Bj0GOPY89bj1uOW49bjltOU05LDVNO
e897z3vPc457z4QQhBCEEIQQe8+EEIxRjFGMUYQQhBCUkpSSlJKMUYQQjFGUkpSS
lJKMUYxRnNOc05zTlJKUkpzTnNKc0pySlJGUUYxQlFGUUIxQjBCMEIwQjA+MD5SR
lFGUUWLLKMQYQhABCAAIAQgBCAEIAQgBCAEIAQgBEAEQARABIEIoQhgBGAEYASAB
KEIogiCBIEEYABgAGAEYARgBGAEYASiDSceD0IRRjFKMkoySjFKMkoySjJKM0oyS
hFGEUoRShFJ8EXxRfFGEUYRRhFF8EXQQdBB0EHQQbBBr0GvQa9Br0GvQa9Bjj2OP
W49bj1uOW45bjlNNU01TTnvPe45zjnONe8+EEIQQhBB70HvPe8+MUYxRjFGEEIQQ
jFGMUYxRjFGEEIxRlJKUkpSSjFGMUZzTnNOc05SSlJKc05zSnJKUkpRSlFGMUZRR
jFGMUIwQjBCMEIQQhBCUUpRRjBFjDCkEGIIQARABEAAIAQgBCAEIAQgBCAEIAQgB
CAEQARhBIEIYABgAGAEYASBCIEIgQhgBGAEYARgBGAEQARABEAEgg0nIhBCMUYyR
lJKMkoxSjJKMkoyTjJKMUoRRhFGMUYRRfFF8EXxRfFGEUXxRfFF0EHQQdBB0EGvQ
c9Br0GvQa9Br0GPPY49jj2OPW09bj1tOW05TTlMNW057z3vPc89zjXvOhA+EEIQQ
hBB7z3vPhBCMUYxRhBCEEIxRjFGMUYxRhBCEEJSSlJKUkoxRjFGU0pzTnNOUkpSS
nNOc0pySlJGUkpRRjBGUUZRRjFCMEIwQjBCMEIwQlFGMUYwRa00pBBiCCAAIAQgB
CAEIAQgBCAEIAQgBCAEIAQgBEAEYAhhCGAEYABgBGAEgQiBCIEIYARABEAEQARAB
EAEQARgBIINSCXwQhFGMUoySjFKMUYxSjFKMkoySjJKEUYxRhFGEUXxRfBF8UXxS
fFF8UXQQdBB0EHQQbBBrz2vQa89rz2vQa9Brz2OPY49jj1tOY49bTltOU05TDVtO
e897z3OOc45zzoQPhBCEEIQQe897z4QQjFGMUYQQhBCMUYxRjFGMUYQQhBCUkpSS
lJKMUYxRlNKc05zTlJKUkpzTnNOUkpSSlJGUUYwQlFGMEYwQjBCMEIwQi9CMEJRR
lFGMEXNNMQUYQhAACAEIAQgBCAEIAQgBCAEIAQgBCAEIAQgBEAEQQRAAEAAQARAB
GAIYQhgBGAEQABAAEAAIAQgBCAEIASCDUkqD0IRQjJKMkoRSjFKMUoxSjFKMkoSS
hFGEUYRRhFF8UXwRfBF8UXxSfFF0EGvQdBB0EHQQbA9rz2vPa9Br0GvQa5Bjj2OP
Y49bjluPW45bTlNNUw1TTnvPe89zjmtNc457z4QQhBCEEHOOe8+EEIQQjFF7z3vP
jFGMUYxRjFGEEIQQlJKUkpSSjFGMUZSSnNOUkpSSjFGUkpSSlJKUkpSSjFGMEIxR
jFGMUIwQjBCMEIwPhBCUUZRRjFFzjilFGIIQAQgBCAEIAQgBCAEIAQgBCAEIAQgB
CAEIARABEAEQAQgACAAQARhCGEIQQRABCAEIAQgBCAEIAQgBEAEgw1qLe9CEEYxS
jFKMUYxRjFGMUYxSjFKMUYQRhFGEUYQRfBB8EHwRfFF8UXxRdBB0EHQQdBB0EGvP
a89rz2vQa9Br0GuPY49jj2OPW05jj1uOW01TDVMNU057z3vPc45zTXOOe8+EEIQQ
hBB7z3vPhBCEEIxRe897z4QQjFGMUYxRhBCEEJSSlJKUkoxRjFGUkpzTnNOUkoxR
lJKUkpSRlJKUkoxRjBCMUYxRjFCMEIQQjBCED4QPjFCMUIwQe485RiCCEAEQAAgB
CAEIAQABCAEIAQgBCAEIAQgBCAEQARABEAEIAQgACAEQARhCEAEQARABCAEIAQgB
CAEIARABIMRjDHwQhBCMUYxRhFGEUYRRjFGMUoyShFF8EYRRhFF8UXxRfBB8EYQR
fFF8EXPQc9B0EHQQdBBr0GvPa89sD2vQa9BjkFuPW49bj1tOW45bjltOUw1LDVNN
e897z3OOa01zjnvPe8+EEIQQc457z4QQjFGMUXvPe8+EEIxRjFGMUYQQhBCMUZSS
lJKMUYxRlJKc05zTlJKMUZSSlJKUkpRSlFKMUYQQjFGMEIwQjBCMEIwPhA+Dz4wQ
jFKMEHvPOYYgghAAEAAIAQgBCAEIAQgBCAEIAQgBCAEIAQgBCAEQAQgBCAEIAQgB
EAEQQRBBCAAIAQgBCAEAAQgBCAEIASEEY017z4QQjFGMUYxRjFGEUYxRjFKMkoRS
fFF8UYRRfFF8EHQQfFF8UXxRfBFz0HPQc9Bz0HPQa89rz2vQa9Br0GvQY89jjmOO
W45TjluOU05TTksNSw1TTnPOc85zjmuNa458D4QPhBB7z3OOc46EEIQQhBB7z3vP
hBCMUYxRjFGEEIQQjFGMUZSSjFGMUZSSnNOUkoxRjFGUkpSSjFGUkoxRjFGMEYxR
jBCEEIQQg8+D0IPPg8+EEIyRjBCDz0HHIIMQQRABCAEIAQgBCAEIAQgBCAEIAQgB
CAEQARABEAEIAQgBCAEIARABEEEQARABCAEIAQgBCAEIAQgBEAEpBGtNe8+EEIxR
jFGEEYQRhFGEUYRShFKEUoQQhFGEUXwRfBB8EHwRfBF8EXwRa9Bz0GvQdBBr0GPP
Y89jz2vPa9Br0GPPW45bzluOW41bjluOU05LDUsNU05zjnOOa45rTXOOe897z4QQ
e89zjnOOe8+EEIQQe89zjoQQjFGMUYxRhBCEEIyRjFGUkYxQjFGUkpSSlJKMUYxR
lJKUkoxRlJKMUYxRhBCMUIwQjBCED4PPg8+Dz4PPg9CUUYwQg89KCCCCEAEQAQgB
CAEIAQgBAAEIAQgBCAEIAQgBEAAQARABCAEIAQgBEAEQARBBEAEIAQgBCAEIAQgB
CAEIARBBMQVzjXvPhBCMUYxRhBGEEYQRhFGMUYRRhFF8EHxRfFF8EHQQdBB0EHRR
fFF0EWvQa9Br0GwQa9Bjz2PPY89jz2vPY89jz1uOW45bjluOW45bTlNOSw1LDVMO
c45zjmtNa01zjnvPe897z3vPc457z4QQhBCEEHvPc46EEIxQjFCMUIQQhBCMUYxR
jFGMUYQQlJKUkpSSjFGMUZSSlJKUkoxRjFGMUYQQhBCEEIQQg8+Dz4PPg86DzoPO
jFGEEHvPSkgggxABEAEIAQgBCAEIAQgBCAEIAQgBCAEIAQgBCAEIAQgBCAEIAQgB
EAEQQQgBCAAIAQgBCAEIAQgBCAEQQjlGc457z4QRjFGMUYQQhBGEEYRShFKEUXxR
fBB8UXxRfBFz0HQQdBF8EXQRdBFr0GvQa9Br0GvQY5Bj0GPPY89r0GOPY49bj1uP
W45bjluOU45TTksNUw5TTnOOc45rTWtNa017znvPe897z2tOc457z4QQhBB7z3vP
hBCEEIQQhBCEEIQQjFGMUYxRhBCEEJSSlJKUkoxRhBCUkpSSlJKUkoxRhBCED4wQ
hBCEEIQPg86Dz4PPg8+Dz4wQjBB7z0pJIMMIARABCAEIAQgBAAEIAQgBCAEIAQgB
CAEIARABCAEIAQgBCAEIARABEAEQAQgBCAEIAQgBCAEIAQgBEEI5h3OOc8+EEIRR
hFGEEIQQhBCEEYRShFF8EXwQfBB8UHwQdA9z0HwQfBF8EXQQa89rz2vQa9Bj0GPP
Y89jz2PPY89jz2OOW45bjltOW05bj1NOU05LDUsNUw1zjmtNa41jTWuNc897z3vP
e89rTXOOe8+ED4QQe89zz4QQhFGEEIQQe897z4xRjFGMUYQQhBCUkpSSlJKMUYQQ
lJKUkpSSlJKMUYxRhBCEUIQQhA+ED3vOg86DzoPOg86MEIwPe89ayyDDEAEIAQgB
CAEIAQgBCAEIAQgBCAEIAQgBCAEIAQgBCAEIAQgBCAEQARABEAEIAQgBCAEIAQgB
CAEIARhCQghrjnPPhBGEUYRRfBB8EHwQhBGEUYRRfFB8EHxRfFF8EHPQc9B0EXwR
dBFr0GvQa9Br0HPQa5Bjj2PPY89j0GPQY89bjluOW49TTlNOU05TTlNOSw1TTVNN
c45zjmtNY01rTXOOe897z3vPa01zjnvPhBCEEHvPc46EEIQQhBCEEHvPe8+MUYxR
jFGEEIQQjFGUkpSSjFGMUZSSlJKUkoxRjFGMUYQQjBCEEIQQg8+DzoPOg857znvO
hA+ED3vOYwwowxABCAAIAQgBCAEAAQgBCAEIAQgBCAEIARABCAEIAQgBCAEIAQgB
CAEQARABCAEIAQgBCAEIAQgBCAEQgkpJc45zzoQQhFCEUXwQfBB8UIRRhFGEUXwR
fBB8EXwQc9Brz3PQc9B0EHQRc9Brz2vPa89r0GPPY49jj2PPY89jz2PPW45TjluP
W45bTltOU01TTksNSw1TDXONc41rTWNNa01zz3PPe89zz2uOc417z4QQhBB7z3OO
fA+EEIQQg897z3vPhFGMUYxRhBB7z4xRlJKUkoxRjFGUkpSSjFGMUYxRhBB7z4QQ
hBCED4PPe897znvOe857zoQPhA97znNNKQQIAQgBCAEIAQgBCAEIAQgBCAEIAQgB
CAEIAQgBCAEIAQgBCAEQAQgBCAEIAQgBAAEIAQgBCAEIAQgBGINainNOc458EIRR
hBF8EHwQfBGEEYQRfBF8EHQQfBB8EHPPa89r0HQQdBF0EHPQa89rz2vPa89jj2OP
Y49jj2OPY89bj1uPW45bjluOW05TTlNNU01LDEsNSw1zjmuOa01jTWNNc45zjnPP
c89rjXONe857z3vPc45zjXvPhBCEEIQPe897z4xRjFGMUYQQhBCUkpSSlJKMUYxQ
lJGUkYxRjFGEEIQQe8+ED4QPe897z3vPe897znvOe86DzoQPc45zjjFFEEEIAAgB
CAEIAQgBCAEIAQgBCAEIAQgBCAEIAQgBCAEIAQgBCAEIAQgBCAEIAQgBCAEIAQgB
CAEIARiDWstrTmuOfBCEUXxRfBB70HwQhBF8EXwRc9Bz0HwRfBBz0GvPa89z0HQQ
dBBz0GOQa9Br0GvQY49jj2OPY49jj2PPY89bj1tOW49TjlNOU05TTlMNSwxLDEsN
a41rjWtNYwxjDHOOc45zznPOa01rTXOOe897z3OOa017z4QQhBCEEHwPe8+EUYxR
jFGEEIQQlJKUkpSSjFGEEIxRlJKMUYxRjFGEEHvPhBB8D4PPe897znvOe457jnuO
g8+EEHOOc445xhBBEAEIAQgBCAEAAQgBCAEIAQgBCAEIAQgBCAEIAQgBCAEIAQgB
CAEIAQgBCAEAAQgBCAEIAQgBCAEgw2MMa01rjnwQfBB8EHPPc898EHwQfBF8EXPQ
c890EHQQa89rz2vPdBB0EHQQbA9jj2vQa89r0GOPY49jj2OPY49jz1uPW49bTluP
U45TTlNOU05TTksNSw1LDWtNa01rTWMMYwxzjnOOc45zjmtNa01zjnvPe89zjmtO
e8+EEIQQhBB7z3OOhBCEEIxRhBCEEIxRjFGMUYQQhBCMUYxRjFGMUYQQhBB7z4QP
hA+Dz3vOe457jnuOe457jnuPhBBzjnOOSkkYQRABEAAIAQgBCAEIAQgBCAEIAQgB
CAEIAQgBCAEIAQgBCAEIAQgBCAEIAQgBCAEIAQgBCAEIAQgBKQVjTWuOa418EHwQ
fBBzz3PPc9B8EHwQfBBzz2vPc9B0EGvPa89rz2wQdBB0EGvQY49rz2vPa89jjmOO
W49jj2PPY89bj1uPU05bjlOOU05TTlMNUw1LDUtNSw1rTWtNa01jDGMMc45zjnOO
c45rTGtNc457z3vPc45rTXvPe897z3vPe89zjoQQhBCEEHvPe8+MUYxRjFGEUIQQ
jFGMUYxRhBCEEIQQe897z4QQe897znOOc41zjXOOe457joPQc01zTVKJGEIIAQgB
CAEIAQgBCAEIAQgBCAEIAQgBCAEIAQgBCAEIAQgBCAEIAQgBCAEIAQgBCAEIAQgB
CAEIATmGa01rTWNNe9B70HwQc89zz3wPfBB8EHwQdBBzz3QQdBBrz2vPa89sEHQQ
dBBrz2OPa89r0GvQY49jj1uPW49bj2OPW49bTlNOU45TTlNOU05LDksNQwxLDUsM
a01jTWMMYwxjDHOOc45zjnOOaw1rTHOOe897z3OOa01zjnvPe897z3OOc46EEIQQ
hBB7z3vPhBCMUYxRhBCEEIxRjFGMUYQQhBB7z3vPe897z3vPc45zjnOOc45zjnOO
c46Dz3NNc01iyxiCCAEIAQgBCAEIAQgBCAEIAQgBCAEIAQgBCAEIAQgBCAEIAQgB
CAEIAQgBAAEIAQgBCAEIAQgBCAFByGsNa01jTXwQfBB0EHPPc890D3QQfBB0EGvQ
a49z0HPQa89rj2vPa9Br0GvQa9BjjmOPY89jz1uOW45bjluOY49bj1uPU05TTlNO
U05TTktNS01LTUsMSw1LDWtNa01jDWMMWstrTXOOc45zjmNMYwxrTXOOc45zjmtN
c857z4PPe89zjnOOg8+EEIQQe89zjoxRjFGMUYQQe8+MUYxRjFGMUYQQe9B7z3vP
e897z3OOc45zjnOOc41zjXONe89rTWtNYwwgwwgBCAEIAQgBCAEIAQgBCAEIAQgB
CAEIAQgBCAEIAQgBCAEIAQgBCAEIAQgBCAEIAQgBCAEIARBBSklrTGMMYwx7z3wQ
e9Brz3PPc890EHQQc9Brz2uPc9Bzz2uOY45jjmvPa9Br0GPPW45jz2PPY89bjluO
W45bzluPW49bj1OOU05TjlNOU05LTUsNSw1KzEsMSw1rTWtNYwxay1rLa01rTXON
c45jDGsMa01zjnOOa45jTWuOc897z3vOc85zjnwQhBCEEHvPe86EUIRRjFGEEHvP
jFGMUYxRjFGEEHvPc457z3vPe89zjnOOc41zjXONc41zjXvOa0xrDGsNKQQIAQgB
CAEIAQgBCAEIAQgBCAEIAQgBCAEIAQgBCAEIAQgBCAEIAQgBCAEIAQgBCAEIAQgB
CAEQQlrLY0xbDGMMc857z3PPa45rjnPPc89z0HPPa49rj2vQa9Bjj1uOY45rz2vQ
a9BjkFuOY49jz2PPW45bjluOY45bj1uPU09TTlNOU45TTlNOSw5LDksNQsxLDUrM
YwxjDGMMWwtay2tNa01rTWtNYwxjDHONc45zjmtOY01rjnPPe89zz3POa418D3wP
fBB7z3PPhBCEUIRRhBB7z4xRjFGMUYxRhBCEEHOOe89zjnOOc45zjnONc01zTXON
c41zjWMMYwxjDDmGEEEIAAgACAEIAQgBCAEIAQgBCAEIAQgBCAEIAQgBCAEIAQgB
CAEIAQgBCAEIAQgBCAEIAQgBGINjDGMMWwxbDGvPc89zz2uOa45zj3PPc9Bz0GuP
a49rz2vPY45jjmOOa89r0GPQY49bTmOPY49jj1tOW05bjmOPW49bj1uOU45TTlNO
U05TTlNOSw1LDULMSwxLDGMMYwxay1rLWstrTWuNa01rTWMMWwxjTWuOa45rTWMM
a457znPPc85zjmtNe897z3vPc85zjoQQhBCMUXwQe8+MUYxRjFGEUYQQe89zjnOO
c45zjnOOc45rTWtNa01rTWtNc41rDGMLawxCCBBBCAEIAQgBCAEIAQgBCAEIAQgB
CAEIAQgBCAEIAQgBCAEIAQgBCAEIAQgBCAEIAQgBCAEIATFFYwxay1rLUstzj3PP
c89rjmuOa49rz2vPa89jjmOOa89rz2OOY45jjmvPa89r0GOPW05jj2OPY49bTltO
W05bj1uOW45TjlNNU01TTlNOU05LDUsNSw1DDEsNSsxjDGMMYwtay1rLY01rTWtO
a01azFrLY01rjXOOa01jDGtNc457jnOOc41rTXvPfA98D3POa458EIQQjBB7z3PP
hFGEUYRRhBB8EHvPc457znOOc45rTWtNa01rTXNNc01zTWtNYstaylrLUkoQQggA
CAEIAQgBCAEIAQgBCAEIAQgBCAEIAQgBCAEIAQgBCAEIAQgBCAEIAQgBCAEIAQgB
CAFKCFsLWwtSylLKa85rz2vPY45jjmPOa89rz2vPY45jjmvPY49bTltOW49jz2PP
Y89bjltNY45bjluOU01TTVNOW45bjluOU05LTUtOU05LDktOSw1LDUsMQsxLDELL
YwxjDFrLWspSimMMYwxrTGsNWstay2MMa01rTWNNWwxjTXOOc45zjmtNY01zz3vP
e9BzjmtNe8+EEIQQe897joQQjBCEEIQQe89zjnOOc89zjnOOc45rTWtNa01rTWtN
a01rTFrLUotay1rLGIMIAQgBCAEIAQgBCAEIAQgBCAEIAQgBCAEIAQgBCAEIAQgB
CAEIAQgBCAEIAQgBCAEIARABWspay1rKSolKimuOa85rjmNNY01rjmuOa45rj2NO
W05jj2OPW01bTVtOY45jz2PPW45TTluOW45bjlNNU01bjlOOU05TTlNOSw1LDUtN
Sw1LTUMMQwxDDELMSsxCzFrLWstay1KKUopjDGMMYwxjDFrLUspjDGtNa01rDFrL
YwxrjWuOa45rjWMMc457jnvPc45rjnvPfBB8EHPPc46EEIQQhBB8D3vPc45rjnOO
c45zTWtNa01rTWtMa01rTWtNYwxay1KJWspayjGGCAEIAQgBAAEIAQgBCAEIAQgB
CAEIAQgBCAEIAQgBCAEIAQgBCAEIAQgBCAEIAQgBCAEgxGLMWstay0pJUoprjWuO
a45bTWONY45jzmOPY45bTltNY45jjlNNU01TjVuPY49jjltOUw1bTltOW05TDVMO
U05TTlNOU05LTUsNSw1LTksNSw1CzELMQsxCjELMQsxay1LLUstSilKKWwxjDGMM
Ywxay1KKWwtjTWNNY0xSy2MMa01rTWtNY01jDGtNc457jmuNa017z3wQhBBzz2uO
fBB8EHwQfBBzz2uOa01zjnOOc41rTWtNa01rTGtNa01rTWtNWopKSFLJWolKSRBB
CAAIAAgBCAEIAQgBCAEIAQgBCAEIAQgBCAEIAQgBCAEIAQgBCAEIAQgBCAEIAQgB
Ocday1KKSoo6B0qJY41jjWNNUwxbTGNNY45jjluOW01bTWOOW01TDFMMUwxbTluO
W45TTUsNU05TTlNNSwxLDUsNS01LDUsNSs1CzErMSsxCzErMQotCi0KLOopCikKK
WstaylKKUopKiVrKYwtjC2MLWspSilrLYwxjDVrMUstbC2tNa01rTWNMYwtrjXON
c41rTWMMc45zz3vPc45zTXvPe89zz3PPc89rjmONa45rjWtNYwxjDGMMYwxjDGNM
Y0xjC1KKQgdSSVKKWooYwwgBCAEIAQgBCAEIAQgBCAEIAQgBCAEIAQgBCAEIAQgB
CAEIAQgBCAEIAQgBCAEQQlKKWstSiUpJMcZKSWMNY01bTFMMUwxbTVtNW01bDVMM
UwxbTVMMSstKzFMMUw1bTVNNSwxLDFMNUw1KzULLSsxKzErMSsxKzEKMQotCi0KL
QotCizpKOoo6ijqJOko6SVKKUolSikpJSklSilrLWstay1KKUklSimMLYwtay1KK
WstjDGMMYwxbC1rLa01zjmuNY0xjDHOOc45zjmtNY01zj3PPc89zj3OOc45rTWtN
a01rTWMMYwxjDGMMYwxjDGMMWstSijnHSklKSVKKOYcIAQgBCAEIAQgBCAEIAQgB
CAEIAQgBCAEIAQgBCAEIAQgBCAEIAQgBCAEIAQgBKQRailKJSkhCCDGGSolbDFtM
WwxSy1LLWwxTDFMMUwxKy0rLUwxKy0KLSotKy0sMUwxKzELLQstKy0rLQstCikKK
QotCi0KLQos6ijpJOolCSkJKQko6CToJOgkyCDIIMghKiUpJSklKSEIIUolSilKK
UopKCUJJUopaylrLUopKSlKKWstay1rLUopSiWMLawtjDFsLUsprTGuMc41jTFsL
a41rjmuOa41rTWNMWwtjTGMMYwxay1rLWstay1rLWstay1rKUooxhUIHSkhSSVIJ
EEIIAQgBCAEIAQgBCAEIAQgBCAEIAQgBCAEIAQgBCAEIAQgBCAEIAQgBCAEQAUHH
SghCCEIHOccxRUpJUstSy1LLSopKilLLUstSy0rLSopKikrLSopCSUJKSopKi0qK
SopCSUJJQklCikJJOkg6STpJOkk6SToJOgk6CToJOgkyCDIIMccxxzHHMccxxzHH
SghKCEIHOgc5x0pISkhKSUpJQghCCEpJUolSikpJQghKSVKKUopSikpKSklSilrL
WstSikpJWstjDGMMWstSimMMYwxjDGMMYwxay1LLWwtay1rLUopSilKKUopSilKK
UopSilJJMUVBhknHSghKCDFFCAEIAQgBCAEIAQgBCAEIAQgBCAEIAQgBCAEIAQgB
CAEIAQgBCAEIAQgBIMM5RTmGMYU5xjGFKYRCCEpJSopKiUJJQklKSUqJSklKSUII
QklCSUIIOgg6CDoIQklCSUJJOgk6CDoIOgg6BznHOcc5xznHOccxxzHHMcYxxzHH
KYcphymGKYYphimGKUYpRUHHQcc5hzmGOYZBx0oHQghCCEHHOcdCB0oISghCBzoH
QghKSUpJSklCSEIHSohSiVKJSkhKR1qJWspailKJSklSylrKWspaylrKUopSiVKJ
UopSikpISklKSUpJSklKSVJJSklKCDFFOYVBhknGSghBxxiCCAEIAQgBCAEIAQgB
CAEIAQgBCAEIAQgBCAEIAQgBCAEIAQgBCAEYgilEMUU5hTFFOUUxRDlFQgdKCEJI
QghCCEIIQghCCEIIOcc5xznHOgcxxzHHMcc5xznHOcc5xznGMcYxxzHHKYYxhjGG
MYYphimGKYYphSFFKUUpRSkEIUQhRSEFIQQhBCEEIMQ5hTmFMUUxRTFFOYY5hjmG
OccxRTGFOYVBxkHGQcU5hTmGQcdBx0HHQcY5hkIHSghKCEIHQcdKCEoISghCCEIH
SkhKSEpISkhKB0IIQghCCEIIQghBx0IHQgdCB0IHSgdKB0HHQccxRTFFOUU5hkHH
QccxRRBBCAAIAQgBCAEIAQgBCAEIAQgBCAEIAQgBCAEIAQgBCAEIARBBIMQpRTmG
OYYxRDFEMUQxhTnGQcc5xznHOcY5xjnGOcY5xjnGMYUxhjGGKUUpRSlFKUUphSlF
KUUpRSlFKUUpRSlFIQQhBCEEIQQhBCEEIQQhBCEEIQMYwxjDGMMYwxjDEIIYwxjD
MQQpBCkDKQMpAzEEMUQxRDFEMQMpAzFDOUQ5RDFEMQMxRDlFOUU5RTFEMUQ5hTmF
OYUxRDFEMUU5hTmFMUUxhTmFOcU5xTnFOYUxhTmFOYU5hTmFMUU5hTmFOYU5hTnG
OYY5hTmFMUQpBDFEMUQ5hjGFMUUgwwhBCAAIAQgBCAEIAQgBCAEIAQgBCAEIAQgB
CAEIAQgBEAEggykDKQQxRDFEKQMpQzFEKUMpQzFEMUQxRCkEKUQpRClEKUQpBCED
KQQpBCDDIQMhAyEDIQMhAyEDIMMgwyDDIMMgwhjDGMMYwxjDGMMYwxjDGMMYgxiD
GIIYghiCGIEQQhCCEIIQgijDKMMogyjCIMIpAikCKQMowyDDIMMowykEKQMpAykC
KQMpAykDKQMpAykDKQMxRDEDMQQxAzEEMUQxRCkEMQQxRDFEMUQ5RDFEMUQxRDFE
MUQxRCkEMUQxRDEEMQQxBDFEMUQxAzEDKMMxAzEDMUQxRDFEKMMgghABCAEIAQgB
CAEIAQgBCAEIAQgBCAEIAQgBCAEQARiDIMMgwyDDKQQpBCkEKUQpBCkDKQMpAykD
KQMowyjDKQMpAykDKQMhAyDDIMMgwyDDIMMgwyDDIMMgwyDDIMMgwyDDIMMgwyDC
IMIgwiDCIIIgwiDCGIIYghiCGIIYghiCGIIQgRCBGIEowijCKMIowijCKMIwwijC
KMIowijCKMIowijCKMIowijCKMIowijCKMMowzDDMQMxAzEDMMMxAzEDMQMxAzED
MQMxAzEDMQMxAzEDMQMxBDEDMMMwwzDDMMMowjDDMMIowijCKMIowikDMQMxAzED
MQMxAijCKIIggRBBCAEIAQgBCAEIAQgBCAEIAQgBCAEIARABGIIgwyDCIMMpBCkE
MUQxAzEDMQMowijCKMIowyjDKMMowyjDKMMowyjDKMMowyjDKMMowyjCKMIowijD
KMMgwiDDIMMgwiDCIMIgwiDCIMIgwiDCIMIggiCCGIIYghiCGIIYgRiCGEIYgRiB
KMIowijCIIEogSjCKMIowijCKMIowijCMMIowijCKMIowijCKMIgwijCKMIowijC
KMIwwjEDMQMxAzEDMQMxAzDDMMMwwzEDMQMxAzEDMQMwwzDCMMIwwjDCKMIowijC
KIIowSjCKMIowjDDMQMxAzEDKMMowyjDKMIowhiCEEIIAQgBCAEIAQgBCAEIAQgB
GIMgwyDDIMMggikEMQQ5RTEEMQQxAzEDKQMpAikDKQMowyjDKMMpAykDKQMpAykD
KQMpAykDKQMpAijCKMIowijCKMIgwiDCIMIggiDCIMIYwiDCIMIgwiDCIIIgghiC
GIIYghiCGIIYQRiBGIEYgSjCKMIowijCKIEowijCKMIowijCKMIowijCKMIowijC
KMIowyjCKMIowijCKMIwwjDCMMIwwjEDMQMxAzEDMQMxAzEEMQMxAzEDMQMxAzED
MQMxAzEDMQIxAjECMMIwwijCKMIowijCKMIowzEDKQMpAykDMQMxAyjDKMMpBClE
KQQgwxiCGIIYghiCIMMgwyEDKQQpBCkEKMMxBDlFQYYxRDEEMQMxAzECMQIxAykD
MQMpAykDKQMpAykDKQMpAykDKMMowyjDMMMowyjDKMMowyDCIMMgwiDCIMIgwiDC
GMEgwiDCIMIgwiDCIMIggiCCIIIYghiBGIIYghiCGIIogiiCKIIogiiCKIIowijC
KMIowijCKMIowijCKMIwwijCKMIowijCKMIowijCKMIowijCMMIwwjDCMMIxAjEC
OQMxAzEDMQMxAzEDMQMxAzEDMQMxAykCKQIowijCKMIowijCKIIowijCKQMxAyjD
KMIowzEDMYQxRTFEKQMowyjDKMQoxCkEIQQpBCEEIMMgwykEKQQpBCkEKQMpAykD
KQMxAzEDMQIxAikCKQIpAikDKQIpAikCKQIpAykCKMIpAikDIMIowijCKMIowyjC
KMIowiDCIMIgwiDCIMIggiDCIMIgwhjCGMIgwiDCIIIgghiCGIIYghiCGIIYghiC
KIIogiiCKIIogiiCKIIggiDCIMIggiCCKMIowijCMMIowijCKMIowijCKMMowyjC
KMIowijCKMIowyjDKQMpAzEDMQMxAzDDMMMwwzDDMMMwwyjDKMIowijCKMIowijC
KMIowijCKMIowijDMMMowyjDMMMowikDIMIggiCCIIIpAzFEMUQxRCkDKQQhAxjD
IQMpAykDKQQowykEIQMhAylDMQMxAzECMQIxAzEDMQMxAzEDMQMxAzEDMQMpAykD
KQMpAykDKQMpAykDKMMowyjDIMIgwiDCIMIgwhjCIMIgwiDCIMIggiCCIIIggiCC
GIIYghiCGIIYgRiBGIEYgSiCKIIogijCKMIowijCKMIowijCKMIowyjCKMIowijC
KMIgwiDCKMIowijCKMIowijCKMIowikCKMIowijDMMMwwzDDMMMwwzDCMMIowijC
KMIowijCKMIowijCKMIowijCKMIowiDCIIEgwSjDIMMowyiDIIIggRiBGIEYgSDC
IMMpAzFEMUQpQykDKQQgwyDDIMMgwyEDKQQpBCkEKQQwwzEDKQMpAyjDKMMowijC
MMIwwzDDKQIpAikDKQMpAykCKQMpAykDKQMpAykDKMMowyjDKMMowijDIMIgwiDC
IMIgwiDCIMIgwiDCIMIYwhiCGIIYghiCGIEYgRiBGIEogiiCIIEogSiCKIIogijC
KMIowijCKMIowijCKMIowijCKMIowijCKMIowikCKMIowijDKMMowijCKMIowSjC
KMIowyjCKMIowijCKMIowijCKMIowijCKMIowyjCKMIowijCKMIggSCBIIIowiDD
KMMgwiCCGEEYQRhBGIEgwiDDIMMpAykDIQMhAyEDIMMYgyCDIMMgwykEKQQpRCkE
KQMpAykDKQMowyjCKMIowijCKMMowyjDKMMowijCKMIowijCKMIowyjDKMIowijC
KMIgwiCCIMIgwiDCIMIggiCCIIIggiDCIIIggiCCIIIgghiCGIIYghiCGIIYghiC
KIEogSiCKIIogiiCKIIowijCKMIowijCKIIowijCKMIowijCKMIowijCKMIowijC
KMIowijDKMIgwiCBIMIgwijCKMIowijCKMIowjDCKMIowijCKMIowyjDKMMowijC
KMIowijCKMIowijCKMIowyjCIMIgghiBGEAYQRhAIIIgwyjDIMMgwyDDIQMgwhiC
GIIYghjDGMMhBCEEKUQpBCjDKMIowijDKMIowijCKMIowijCKMIowijCKMIowijC
KMMowyjCKMMowyjDIMMgwiDCIMIgwiDCIMIgwiDCIMIggiCCIIIYgRiCGIIYghiC
GIIYghiCGIIYghiBGIEYgSiCIIIogiiCIIEogSiBKMEowSjCKIIogiiCIIIggiCC
IMIgwijCKMIowijCKMIowikCKMIowiCCIIIggiCCKMIowijCKMIowijCKMIowijC
KMIowjDCKMIowiDCKMIowijCKMIowiDCIMIgwiDCIMIgwiDCGIIYgRBBGEEYQRhB
GEEggRiBGIIYgRiBGIEYghiCIIIYgiDDKQQhBClEKQQowyjCKMIowijCKMIowijC
KMIowikCKMIowijCKMIowijCKMIowiDCKMIowijCIMIgwiDCIMIgwhjCIMIgwSDC
IMIYghiDGIIYghiCGIIYghiCGIIYghhCGIEYgRiBGIEggiCCIIIggiiCIIIggSiB
IIEggSCBIIEogiiCKIIogiCCKIIogijCKMIowijCKMIowijCKMIogiiCKIIowijC
KMIowijCKMIogijCKMIowijCKMIowijCKMIowiDCKMIgwijCKMIowijCKMIgwiCC
IIIggiCCIIIYgRiCEIEQQBBAEAAQABAAGEEQQRhBGEEYghiCIMMhBCEEKQQpRCkE
IMMggiCCIIIgwiDCIMIgwiDCIMIpAijCKMIowijCKMIowijCKMMowyjDKMMowyDD
IMMgwyDCIMIYwiDCIMEgwiDCIMIgwiCCIIIgghiCGIIYghiCGIIYghiBGEEQQRBB
IIEggSCBIIIggiCCIIIggiCCIIIggiiCIIIggiCCIIIogiCCKIIggiCCIMIowijC
KMIowyjCKMIowijCKMIowijCKMMowijCKMIowijCKMIowijCKMIowiiCKMIowijC
KMIowijCKMIowijCIMIggSCBGIEYgRiBGIEQQRhBGEEQARABEAEQARABEAEQARBB
GIIggiDDIMMgwykDKQMowiCBIIIgwijCKMIowijCKMIowijCKMIowijCKMIowikD
KQMpAijCKMIowijCKMIowijCKMMgwiDCIMIgwiDCIMIgwiDCIMIggiCCIIIggiCC
GIIYghiCGIIYQhhBGEEQQSCBIIIggiCCIIIggiCCIIEggSCCIIEggiCCIIIggiCC
IIIggSCBIIEgwijCKMIowijCKQIowijCKMIowijCKMIowijCKMIowijCKMIowijC
KMIowijCKMIowijCKMIowSjBKMEowSiBKIIogSCBIIEggBiBGIAYgRhAGEAYQRhB
EEEQQQhAEEEQQRBBEEEQQRhBGIEYgiDDIMMggiCCGIEggSCCIMIowijCKMMowijC
KMIowijCKMIpAikDKQMpAyjCKMIowijCKMIowijCKIIowijCIMIgwiDCIMIgwiDC
IMIgwiDCIIIggiCCGIIYghiCGIIYQhiCGIIYgRiBGIEggSCBIIEggSCBIIEgwSCB
IIEggSCBIIEggSiBIIEggiCCIMIgwiDCIMIgwijCKMIowijCKMIowijCKMIowijC
KMIowijCKMIowijCKMIowijCKMIowijCKMIowijCIMIgwSDBIIEggSCBIIEggBiB
GEEYQRhAGEEYQRBBEEAYQRBBEEEQQRBBEEEQQRBBEEEQQRhBGEEggiCCIIEYgRiB
IIEgwijCKMIowyjCKMIowijCKMIwwijCKMMowyjDKMMowyjDKMIowijCIMIgwiDC
IMIgwiDCIMIgwiDCIMIgwiCCIIIYghiCGIIYghhCGIIYghiCGIIYghiBGIEQgRCB
IIEggSCBIIEggSCBIIEggSCBIIEggSCCIIIggiCCIIIgwiDCIMIowijCKMIowijC
KMIowijCKMIowijCKMIowijCKMIowijCKMIowijCKMIowijCKMIowiiCKMIowijC
KMIggSCBIIEggRiBIEEggRhAGEEYQBhBGEEYQRhBGEEQQBBBEEAQQBhBEEEYQRhB
GEEYgSDCIIIggiCBIIEgwSDBKMIowijCKMIowiDDKMIowijCKMIowijCKMIowijC
KMIgwiDCIMIgwiCCIMIgwiDCIMIgwhjCGMIYwhiBGIEYgRiCGIIYghiCGIIYQhiB
GIEYgRiCGIIYQRiBGIEYgRiCIIIggiCBIIEggSCCIIIggiCCIIIggSCBIIEgwSDB
IMEgwijCKMIowijCKMIowijCKMIowijCKMIpAijCKMIowijCKMIowijCKMIowijC
KMIowijBKMIowijCKMEgwSDBIMEggSCBIIEYgSCBGIEYQRhBGEAYQBhAGEAYQBhA
GEAYgRiBGIEYwRiBGIEggSCBIIEggSCBIIEggSCCIIEggiDCKMIowijCKMMowijD
KMIowijCKMIpAijCKMIgwiDCIMIgwiDDIMIYwiDCIIIgwiCCIIIgghiCGIIggiCC
IIIggiCCIIIYgiCCGIIYghiCGIIYghiCGIEYghiBGIE=
END m9
frame     3 :  an empty glass +0.51  a glass with tea +0.51   led  38/ 77 h0.42 lvl+0.51   -
frame     4 :  a glass with tea +0.40  an empty glass +0.35   led  21/108 h0.32 lvl+0.38   -

snapshot  : frame 5, mean RGB 111 108 108
BEGIN m9 128 128 32768 68bc51e6
UkdCBlrKawtrS2NLYwtaynONfA6ED4QPc45zjoxQjFCMkYRRhFGMkZTSlNKU05TT
lNOU04ySjJGdE50TnRSU0pTSnROdFKUUpRSc05TSpRSlFKVUnNOc050UpVWlVaVV
pVWdFKVVpVWtVaVVnRSdVaVVrVWtVa1VpVWlVJ0UpVWtVa1VrVWlFKUUpRSlVK2V
pVWdFJ0UnVSlVaVVpVWdFJ0UpVWdVKVVlRSVFJ0UnVWdFJUTlROVFJUUlRSVFJUU
lROM04zTjNOM04zTjNKM04ySjNKM0ozThNKEknyRfFGEUYSRfFF8UXQQfFB8UHQQ
dBBrz2vPdBB0EGvPa89jjVJISgdiymsMawtrC2MLWspzjXwPhA+ED3OOe86MUYxR
jJKMUYRRjJGUkpTSnNOc05zTnJOUkoyRnROdE50UlJKU0p0TnRSlFKUUnNOU0p0U
pRSlVZzTnNOdFKVVrVWtVaUUnNOlVa1VrVWlVJ0UnVSlVa1VrVWtVaVVpVSlFKVV
rVWtVa1VpRWlFaVVpVWtlaVVnRSlFKUUpVWlVaVVnRSdFJ0VpVWlVZ0UlRSdFZ0V
nVWVFIzTlRSdFJ0UnRSVFJTUjNOM1IzUjNOMk4yTjJOEk4yTjNOM04zSjJKEUoRR
hFGEUYRRfFF8EHRRfFF0UHQQa89rz3QQbA9sD2PPY85SSEIHUoprDGtLY0tjC1rK
c418D4RQhBBzj3vPjFGUkpSSjFGMUYyRlJKc0pzSnNKc05zSlJKMkZ0TnRSlFJTT
lNOdFJ0UpRSlFJzTlNKlFKUUpVSc05zTnRSlVaVVpVWlVZ0UpVWtla1VrVWlFKUV
rVWtVa1VpVWtFaUVpRStVa1VrVWtVaUVpRWlFaVVrZalVp0UnRSlFaVVpVWlVZ0U
nNSlFaVVpVWdFJ0UnRWdFZ0VlRSU050UnRSdFJ0UlNSU1IzTlROU1JTTjJOMk4zT
jJOMk4yTjJOEk4SShJGEUYRRhFJ8UXxRdBB0EHxRfBB0EGvPa890EHQQdA9rz2OO
WohKBlrJawxrC2sLYwtbC3ONhA+EUIQQc45zzoxRjFGUkYxRjFCUkZSSnNKc05zT
nNOckpSSlJGdE6UTpRSc05zTnRSdFKUUpRSc05TSpRSlFKVUnNOc06UUrVWtVa1V
pRSdE6VVpZWtVa1UpRSlVK1VrVWtVq1VrRWlFZ0UrVWtVa1VrVWlFKUUrRWlVa2W
rVadFKUUpRWlVaVVpVWdVJ0UpVSlVaVVnRSVFJ0UnVSdFJUTlNOdFJ0UnRSdFJ0U
lRSU05TTlNOM04ySjJKM04ySjNKM04zTjJKEkoSShFGEUYRRhFF8UXQQfFF8UXQQ
dBBrz2vPdA90EHPPa45jjlpIScdiiWsLa0trTGMLWwtzjoQPjFCEEHOOc46MUYxR
lJGMUYxRjJKUkpTTnNOc05zTnNKUkoyRnNSdFJ0UlNOU050UpRSlFKUUnNOU06UU
pRSlVJzTnNOlFK1VrZWtVaUVnROlVa1VrVWlVaUUpRWtVa1VrVWtVaVUpVSdFKVV
rVWtVbVVpRSlFK0UrVWtlq2WpRSlFKVVpVWlVaVVnRSdFJ1VpVWlVZ0UnROdFJ0U
nRWVFJTTnRSdFJ0UnRSdFJTUjNOU05TTjNOM04zSjNOM04zTjNOM04yTjJKEUXxR
fFGEUoRRfFF0EHQQfFB8UHQQa89r0GwQbBBrz2OOY41aR0oGWolrS2tLa0tjC1rK
c4yED4xQhBB7z3vPjFGMkpSSjFGMUZSRlJKc05zTnNOc0pzSlJKUkZ0TpRSlFJTT
lNOdFKUUpRSlFKTTnNOlFKUUpVSc05zTpRStVK1VrVWlFJ0TrVWtla1VpVWdFKVV
rVWtVa1VrVWlVaUUnRSlVa1VrZWtlaVVpRSlVaVVrZatVqUUpRStVa1VrVWlVZ0U
nRSlVaVVpVWdFJ0UnRSlFaUVnRSU1J0UnRSdFJ0VnRSU1IzTlNOU05TTjNOMkozT
jJKM0ozShNKE0oSShFF8UYRRhJF8UXxRdBB0EHxRdBB0EGvPc89zz3QQa89jj2OO
WohKRlrJa0trS2tMa0tjCnOMhA+MEIQQe857zoxQlJGUkoxRhBGMkpTSlNOc05zT
nNOU05SSlJKdFKUUpRSc05zTnRSlFKUUpRSc05TSpRSlVKVVnROc06UUrVWtVa1V
pRSdE61VrZatVq1VpRSlVa1VrVWtVa1VrVWlFKUUrVWtVa1VrVWlFKUUpVSlVa1W
rValFKUVrVWtVa1WpVWdFZ0UnVWlVaVVnRSc1J0UnRWdVZ0UlNSdFJ0UnRSdFJ0U
lROU0pTTlNOU04ySjJKMkoyTjNOM04zTjJOEkoRSfFGEUoSSfFF8UXQQdFB8UHRQ
dBBrz2vPdA90D3POa45jjVrJSkdaymtMa0xrTGtMYwtzjoQQjFCEEHvPe86MUZSR
lJKMUYxRjJGUkpzTnNOc05zTlNOUkpSSnRSlFKUUnNKc050UpRSlFKUUpNOc06UU
pVSlVZ0TnNOlFK1VrVWtVaUUnNOtVa1VrVWtVaUUrVWtVa1VrVWtVa1VpVSdFK1V
rVWtVa2VpRWlFaVVrVWtVq1WpRSlFK1VrVWtVa1VnRSdFKUVpVWlVZ0UlNOdFJ0V
pVWdFJ0UnRSdFJ0VnRSdFJUTjNOU05TTlNOUk4zTjNOEk4zTjNOM04zTjJKEkoRR
hFGEkXxRfFF0EHRQfFF0EHQQa89rz2wPdA9rz2vOY45aiUoHWsprTHNMa0xrTGML
c42ED4QPhA9zznvOjJCUkZSSjFGEUYySlNKdE5zTnNOc05zTlJOUkqUUpRSlFJzT
nNOlFKVUpRSlFJ0TlNOlVKVVrVWdFJzTpRStVa1VrVWlFJ0UrVWtVa1VpVWlFKUU
rVWtVa2WrZWlVaVVnRStVa2VrVWtlqVVpVWlVaVVrZatlaUUpRStVa1VrVWtVaUV
pRSlFK1VpVWdVZ0UnRSlVZ1VlRSU050UnRSdFJ0UnNSU05TTlROU05TTjJKM04zT
jJKM04zTjNOE04SSfFGEUYRRhFJ8UXxQdFB0UHxQdBB0D2vPa890D3PPc85rjmNN
WspKSFrKc4xzTHNMc0xjC3ONg8+EEIQQe897zoyRlJKUkoxRjFGMkpTSnNOc05zT
nNOc05STjJKdFKUUpRSc05zTpNSlFKUUpRSc05zTrVWtVa1VpRSc06UUrVW1Va1V
pRSdFK1VrVWtVa1VpRSlFK1VrVWtlq2VrVWlFKUUrVWtVa1VrZWlVaVVpVWtVq2W
rZalFZ1VpVWtVq1WrVWlFKUUpRStVaVVnRSc050UpVSlVZ0UlROVFJ1UnRSdFJ0U
lNSM05TTlNOU04yTjNOM04zTjNOM04zTjNOEkoRRhFGEUYRSfFF8UXQQfFB8UHRQ
dA9rz3PQdBB0D2vOY45jjmMLUoljCnONc41zjWtMY0tzjYRPhFCEUHvOe8+MkZSR
lJKMUYRQjJGU0pzTnNOc05zTnNOUkpSRpRSlFKVUnNOc06UUpVSlVKVUnROU06VU
pVWtVZ0UnNOlFK1VrVWtVaVUpRStVa1VrZWtVaUUpRStVbWWtZatVa1VrVWlFLVV
rZWtla2WpVWlVaVVrVWtlq1WpRWlVa1VrVatVqVVpRSlFK0VpVWlVZ0UlRSdFJ1U
pVWdFJUTnRSdFJ0UnRSdFJTTjNOU05TTlNOM04yTjNOE04zTjNOM04TThJKEUYRR
hJKEknxRfFF0EHxRfFF0EHQQa89z0HQPdA9rzmvOY45jC1KJWwpzjHONc4xzjGtM
c82ED4RQhBB7z3vPjFGUkpSSjFGMUZSSlNKc06UTnRSc05TTlNOUkqUTpRSlFJzT
nNOlFKUUrRWlVJ0UnNOlVK1VrVWdFJzTpRStVa1VrVWlFKUUrVWtVrWWrVWlFKUU
rVW1lrWWtZatlaVVpRStVa1VrVWtlqVVpVWtVa2VrZatlqVUpVWtVa1VrValVaUU
pRSlVKVVpVWdFJzUpRSlVaVVnRSdE50UnVSdFJ0UlRSVFIzTlROU05TTlNOMk4zS
hNKM0ozTjNOM04yShJKEUYSShJKEUXwQdBB8UXxQdFB0EGvPa890D3QPa85rzmOO
awtSiWLKc4xzjXONa41rTHONhA+ET4RQe857z4xRlJKUkoxRhFCMkpTTnNOdE50T
nROU05SSlJKk06UUpRSc05zTpRSlVaVVpVSdFJzTrRStVa1VpRSlFKUUrVWtVa1V
pRSlFK1VtZa1lq1VpRStVa1VtZa1lrWWrZalVaUUrVWtlq2WrZalVaVVrZWtlbWW
rZalVKVVpVWtVa2WpVWlFKUUrRWlVaVVnRSc06UUpVSlVJ0UlNSdFJ0UnRSdFJUU
lROM05TTlNOU04zTjNOM04TTjNOM04zThNKEkoRRhFGEkoSRhFF8UXQQfFF8UXwQ
dBBrz2vQbBBsD2PPY45jjWtMWspjDHPNe45zjXONc0xzjoQQhBGEUHvPe8+UkZSS
lJKMUoxRlJKc050TnROdE50TnNKUkpSSpRSlFKUUnNOc06UTpVSlVaVVnRSc06VV
rVWtVaUTnNOlFK1VrVWtVa1VpRStVa1VtZatVaUUrVW1lrWWtZa1lrWWrVWlFK1V
rZatlq2WrVWtVa1VrVWtla2VpVSlVa1VrVWtlq1VpRSlFK1VrVWlVZ0UnROlVKVV
pVWdFJ0UnRSlVJ0UnRSVFJTTjNOU05TUlNOU04zTjNOM04zTjNOM04TThJOEUYRR
hFKEUYRRfFF0EHxQdFB0UHQQa89z0HQPbA9rz2OOY45rTFrKYwt7zXvOe857zXON
c86EEIxQjFGED3vOjFGUkZSSjJKEUYySnNOdE50TnROdE5TTlNKUkqUUpRSlFJzT
nNOlFK1VrVWtVaUUnNOtVa1VrVWlFKUUpRStVbWWrVWtVaUUrVWtlrWWrVWlFK1V
tZa1lrWWtZatVa0UpRStVaVVrRStVaUUpRSlFKUUrVWtVaUUpVStVa1VrVWtVaUU
pRSlVKVVpVWdFZUUpVWlVaVVnRSU1J0UnRWdFJ0UnRSVE5TTlNOU05TTlNOMk4zT
jNOM04zTjNOM0oSShJKEUYRRhFJ8UXwRdBB8EXxRfBB0EGvPa9B0EGwPa89jzmON
c41jC2tMe857znvOe85zjXvOjBCMUYxRe897z4xRlJKUkoyRjFGUkpzTpROdE50T
nROc05zSlJKlFKUUpRSc05zTpROtVK1UrVSlFJzTrVWtVa1VpRSlFKUUrVW1lrWW
rVWlFK1VtZa1lrWWpRSlFK1VpRSlFJ0TnNKUkZRRlJGUkZSRlJKU0pTSnNKUkZSR
lJGUUJSQlJGUkZSRlNKc050UpVStVa1VpRSdE6VUpVWlVZ0UlNSdFJ0VnRWdFZ0U
lNSU05UTlROU05TTlNOU04zTjNOM04zTjNKEkoSShFGEUYSRfFF8UXwQfFF8UXwQ
dBBrz2vQdA9rz2vOa85jjXvOa0xzjXwPhA98D3vPc457z4QRjFGMUYQQhBCUkpSS
nNKUkoxRlJKc06TTpRSlFJ0UnNOc05TSpRSlFKUUnNOc06UUrVWtVa1VpRSlFK1V
rVWtVZzTnNOlFK1VtZa1lq1VpRStVbWWrVWtVJzSlJGUkJSQlJCckpyTnNOc06UU
rVW1Vr3Xxhm+GcYZtde117WXrZatlqVVnNOUkoySjFGMUZSRnJKlFJ0UnRSlVaVV
pVWdFJzUnRSdFJ0UnRSdFJTUlNOU05TUlNOUk5TTlNOM04zTjNOM04zThJKEUnxR
hFGEUoRRfFF0EHRRfFB0EHQPa89sEGwPbA9rz2OOY41zz2tNc46ED4QQhA+ED3vO
hA+MUIxQjFGEEHwQlJKUkpzTlJKMUZSSnNOc05zTnRSdFJzTnNKUkqUUpRSlFJzT
nNOlFK0UrVWtVaUUnNOtVa1VrVWlFKUTpRS1lrWWtZatVaUUrVWlFJzSlJGUkZSS
nNSlFKUUrVWtVa1VpRStVbWWtdfGWc6bzpvO274Yvhi+GL4Yvhi1lq1VrVWlFKUT
nNOc05SSjJGMkYzSnRSlVaVVnRSdFJ0UpRSlFJ0UnRSU1JTTlNSVE5TTjNOM04zT
jNOM04zTjNOM04yShFJ8UYSShJKEUXxRdBB8UXxRfBB0EGwPbA9sD2wPY85bjluN
fA9rjXOOhBCEUIQQhBB7z3wQjJGMkYyShBCEEJSRlJKU0pSSjFGUkpzTnNOdE50T
nROdE5TSlJKlFKUUpRSc05zTpRSlFK1VrVWlFJzTrVWtVa1VpRSlE61UtZW1lbWV
rVSc05zSlJKU0p0TpRSlFK1UrVWtVa1VrVWtVaUUpVW9186a79/nX+df75++Wsab
xprO274YrZWtVa1UpRSdFKUUpRSlFJzTnNKUkoyRnNOlFJ0UnNSlFJ0UnRSdFJ0U
nRSU05TTlNOU04zTjNOM04zTjNOM04zTjNOEkoRSfFGEkoSSfFF8UXQQfFF8UHRQ
dA9rz2wPbBBsEGPPY45jjoQPc41zzoQQhBCEEIQQhA+EEIxRlJGUkoxQhBCUkpST
lNOUkoxRlJKc06UTpROlE6UTnNOc05zSpRSlFKUUnNOc06UUpRStVa1VpRSc061V
rVWtVaUUpRStVLWVtZWtVJzSlJGc0pzSpROtVaUUpRStVK1VrVWtVa1VrVWlFKVV
xlnfHfff55/nn+/fxlnOm86a1xy+GK2VrVWtVaUUnROlFKUUpRSc05zTlNOMkoRR
lNOdFJUUnRSdFJ0UnRSdFJUUlNOU1JUTlNOU05TTjNOM04zTjNOM04TShJKEkYRR
hJKEkoRRfFF0EHxRdFF0EHQPa890D2wPbA9jz2OOY46EEHvOe8+EEIxRjFGEEIQQ
hBCUkZSRlJKMUYQQlJKUkpzSlJKMkZTSnNKdE6UTpROlFJ0TnNKU0qUTpRSlFJzT
nNOlFKUVrVWtVKUUnNOtVa1VrVWlFKUUrVW1lbWVnNKUkJSRnNKc0qUUrVWtFKUU
rVWtVa1VrVWtVa1VpRStVb3X1tv33+ef55/v375ZztvOmt8cvhitla1VrVWtFJzT
pRSlE50UlJOMkpTTjJKEUYRRnNSdE6UUpRSlVJ0UnRSVE5TTlNOVE5TTjNOM04zT
jJOM04zTjNOM04SShFGEUYSShJJ8UXxRdBB8UXxRdFB0D2vPdA90D3PPa85jjWOO
hFB7z3vPjFGMUYxRjFGEUIRQlJGUkpSSjFGEEZSTnNOc05SSjJGUkpzTpROlE6UU
pROdE5zSlNKlFKUUpRSc05zTpRSlFK1VrVWlFJzTrVWtVa1VpRSlFK1VtZa1lZTR
lJGc0pzTnROlFK1VpRSlFK1UrVWtVa1VrVWtVa1VrVW1lsYY99/nn+ef79++Wc7b
zprXHL4YrVW1Va1VpRSc06UUpRSdFJTTjJKU05TSjJGEUZ0TnROlFKUUpVSlFJ0U
nNSU05TUlROM04zTjNOM04zTjNOM04zThNOEkoSShFGEkoSRhFF8UXQQfFF0UXQQ
bA9rz2vPbA9rz2vOY45jjoxRhBCEEIxRjFGMUYxRhFCEUJSSlJKc04xRhFCc0pzS
nNKUk5SSlJKc06UUpRSlFKUUnRSc05TTpRSlFKUUnNOc06UUpRStVa1VpRSc061V
rVWtVaUUpRStVbWWrVWc0pSRlJGckpzTpRStVaUUpRStVa1VrVWtVa1VrVWtVK1V
rVW91/ff55/nn+/fvhnO286b3x2+GK1VrVWtVaUUnNOtVaUUnNOU04ySlJKUkpSS
lJKc050UnRWdFZ1VnRWdFJUUlNOU05TUlNOU05TTlNOM05TTlNOM04zThJKEkoRR
hJKEkoRRfFF0EHxRfFF0EGwPa89zz3QQc9Brz2OOY46MUXvPhBCMUZSRlJKMUYxR
jFGUkpSTlNKMkYRQlNKc05zTnNOUkZTSnNKlE6UTpROlFKUTnNOc0qUUpRSlFJzT
nNOlFKUVrVWtVaUUpROtVa1VrVWlFKUUrVW1lq1UnNKU0pSSlJKUkqUTrVStFKUU
rVWtVq1VrVWtVa1VrVWtVbWWtZbvn+de517nnr4Z1pvWm+cdzlmtVa1VrVWlFJzT
rVWlFJzTlJKMUZSSlJKU05TTnNSdE6UUpVSlVaVUnRSVFJTTlNOU05TTlNOU05TT
jJOM05TTjNOMk4SShJF8UYRShFJ8UXxRdBB0UXxRdBB0D2vPbA9sD2wPa89jjmOO
jFGEEIQQlJKUkpSSjFGMUYxRlJKU05zTlJKMUZzTnNOc05TSjJKU0pzTpNOlFKUU
pRSlFJzTnNOlFKUUpRSc05zTpRStVa1VrVWlFJzUrVWtVa1VpRSlFK1VtZalVJ0T
nNKc0pzSnNKc0qUTpROlE61UrVWtVa1WrVWtVaUUrVWtVbWW513nXude512+GM7b
ztvfXcZZrVWtVa1VpRSc061UnNOUkpSSlJKMkpSSnNOc05zTnROlFKUUpVSlFJ0U
lROU05zTlNOU04zTlNOU05TTjNOM04zThNOEkoSRhFGEkYSRfFF8UXwQfFF8UXQQ
bA9rz2vPdBBrz2PPW45bjoxRhBB8D4xRlJGUkpSSjFGMUZzSnNKc05SSjFGc05zT
nNOck5SSlNOc06UUpRSlE6UTpROc05zTpRSlFKUUnNOc06UUpVWtVa1VpRSc061V
rVWtVaUUpRStVLWVpRSlE5zSnNKc05zTnNSlFKUUnROc06UTpROlU61UrVWlFK1V
tZWtVd7b513nXucdvdfWms6Z3tu+GKUUpRSdFJzTnNOlFJzTlJKUkpSSlJKUkpzT
pRSdE50UpVSlVKVUpVSdFJ0TlNOU1JTUlNSU05TTlNOM04zTjNOM04zTjJKEkoRR
hJGEknxRdFF0EHxRdFF0EWwQa89zz3QQa89jz1uOW46MUYQQhA+MUZSRlJGUkYxR
jFGUkpSSlNOUkoxRnNOc05zTlJKMkpTSnNOc06UUpRSlFKUUnNOc0qUUpRSlFZzT
nNOlFK1VrVWtVaUUnNOtVa1VrVWlFJzTrVS1laUTpROc0pzTnROc06TTrRStFKTT
pROtFK0UrRStVK1VrVW1lrWWrVXfHOee55/fXbYYzprOWt7cxhitFK0UpRSc05zU
pRSc05SSlJKUkpSSlNKU050UnROdFJ1UpVSlVKVUnRSdE5TTlNOVE5TTjNOM04zT
jNOM04zTjNOMk4yShFGEUYSShFKEUXxRfBB8UXxRdBBzz2vPc89sD2vPa85bjWON
jFKEEIQQjFGUkZSSlJKMUYxRlJKUkpTTjJKMkZzSnNOc05TSjJKU0pzTnROlE6UU
pRSlFJzTnNOlFKUUrVSc05zTpRStVK1VrVWlFJzTrVWtVa1WpRSlFK1UtZWtE6UT
nNOc05zTnNOlFK1VpRSc05zUpRSlFa1VrVWtVb3X1prGWb4Y75733//f79/GWc7a
zprfG74YpVWlVaUUnNOc05zTnNOUkpSSnNKMkpTSnNOdFJ0TnRSlVKVUpVWlVJ0U
nRSU05UTlROU04zTjNOM04zTjNOM1IzTjNOMkoSRhFGEkoRRhFF8EHQQfFF8UXQQ
a9Brz3PPbA9rz2vPY41jjYxRhBCEEIxRlJKUkpSSjFGMUZzSlJKc05SSjFGc05zT
nNOU0pSRlJKc06TTpRSlFKUUnRSc05zTpRSlFKUUnNOc06UUrVStVa1VpRSc061V
rVWtVaUUpRStVbWWpVSlFJzTnNOk06TTpRStVa0UnNOk06UTpRStVa2VrVXGGN8b
1tvGWf/f/9//3/ffvhjOms6a1tu+GKVUpVWlFJzTnNOc05zTlJKUkpSSjJKUkpzT
nRSdFJ0UpVSlVZ1VnVWdVZ0UlROVFJUUlNOU05TTlNOM04zTjNOM04yTjJKEUYRR
hJKEUYRRfFF8EHxRdFB0EGvQa89r0GvQa9Bjj1uOY46MUYQQhBCMkYyRlJKMkoxR
jFGU0pTSnNKUkYxRnJOc05zTlJKUkpzTnNOlFKUUpRSlFKUUnNOc06UUpVWtVZzT
nNOlFK1VrVWtVaUUnNOtVa1VrVWlFKUUrVW1lqUUpRSc05zTnROdE6UUrVSlFJzT
nROlE6VUrVStVa1VzlnnHN7bxln/3//f/9/3n74YzprOmtbbvhitVKUUpRSc05zT
pRSdFJTSlJKUkoyRlJKUkp0UnROdFKVUpVSlVKVUnRSdE5TTlNOVE5TTlNOM04zT
jNOM04zTjNOM04SShJF8UYRRhFF8UXwQfBB8UXxRdBBz0GvPc89rz2vPY45bjWON
jFGEEHwQjFGUkpSSlJKMUYxQlJKUkpzSlJKMUZzSnNOc05zTlJKckpzTpNSlFKUU
pRSlFJzTnNKlFKUUpRSc05zTpRStVa1VrVWlFJ0TrVWtVa1VpRSlFK1UtVWtFKUT
pNOc06UTnNOlE61VpRSc06TTpNOlFK0UrVStVM5Y3tvWm8YZ99//3//f7562GM5b
zlrW274YpRSlFKUUnNOc05zTnRSU0pSSlNOMkpSSlNKlFJ0TnRSlVaVVpVWlVZ0U
nROU050UnRSU1JTTlNOU04zSjNOM04TThNOEkoSRfFGEUoRSfBF8UXQQfFF8EXQQ
a89rz2vPa89rz2uOW01jjoxShBCEEJSRlJKUkpSSjFGEUZSSlNKc05SRjFGc05zT
nNOc0pSSlJOc05zUpRSlFKUUnNOc05SSpRSlFK1UnNOc06UUrVWtVa1VpRSc061V
rVWtVaUUnROtFK1VpRSlFKTTpNOlE6TTpRSlFK1UnNKc0pzSpROtFK0UrVTGF97b
1tvGWf/f/9//3/efvhnOms5a1tu92K0UpRSlFJzTnNOlFKUVlNKU0pzTlJKU0pTS
nROdE50UpVWlVaVVpVWlFJ0UlNOc1JUUlNOU05TTlNOM0ozTjNOM04yThJKEUXxR
hFKEUXxRfBF8EHwRfBF0EGvPa89zz2vPa89jjltNY46UUYQQhA+MUZSRlJKUkoxR
jFCU0pTSnNOUkoxRnJOc05zTlNOUkpTTnNOlE6UUpRSlFKUUnNOc06UUrRStVZzT
nROlFKUUrVWtVaVUnRStVa1VrVWlFKUUrRStVK0UpRSlE6UTrRSk06UUrVWtVJzS
nNGc0qTTpRSlFKUUtZbGWfee713/3//f/9//39abzpvOmtabvdilFKUTpROc05zT
pRSlFJSSlJKc05SSlNKUkqUTnROdFKVVpVWlVZ1VnRSdFJTTnNSdFJTUlNOU05TT
lNOU04zTjNOMk4yShFKEUYSShFGEUXwQfBB8UXRRdBBrz2vPa89rz2vPY45bTWOO
jFGEEIQQjFGMkZSSlJKMUYxRlJKckpzTlJKMUZTSnNKc05zTlJKc05zTpRSlFKUU
pRSlFJzTnNOlFKUUrVWc05zTpRStFK1VrVWtFKTUrRWtVa1VpRSlFK0UrVStFKUU
pRSlE6UUpRSlE61VrVSUkpSRnJGc0qUTpRSlFKUUvdf/3/+f/9//3//f/9/WnN8d
3tzW3L4YpRSdFJ0UnNOc06UUpRSUkpSSnNOMkpSSlJKdE50TnRSlFaVVpVWlVZ0V
nRSc050UnRSU05TTlNOU0ozTjNOMk4yTjJOEkoRRhFGEkYRRfFF8EXwQfFF0EHQQ
a89rz3PQbA9rz2OOW01jj4xRjFCEEIxRlJKUkpSSjFGMUZTSlJKU0pSSjFGck5zT
nNOc05SSnNOc06UUpRSlFKUUpRSc05zTpRSlFKVUnNOc06UUpRStVa1VpRSc06UU
rVWtVaUUpRStFK0UrRStFKTUpNOlFKUUpRSlFKUUlJKUUZSRnJKk06UTpROtVc6a
/9/3n//f/9//3//f3tznXuef79/XHa1VpRSlE5zTpROlFKUUlJKUkpzTjFGUkpSS
nNOlFKUUpVWlVaVVnVWdFZ0UnROdE50UlNOU05TTlNOUk4zTjNOM04zThJKEkXxR
hJGEUXxRfBB8EHxRfBB0EGvPa9B0EGwQa89jjltNY46MUoQRhBCMUZSSlJKUkoxR
jFGUkpTSnNOUkoxRnNOc05zTnNOUkpSSnNOdFKUUpRSlFKUUnNOc06UUpRStVJzT
nNOlFKUUrVWtVaUUnNOtFK0UrVSlE6UTrRStFK0UrRSlFKUTpRSlE6UTlFGUUJRQ
lJGUkZzSpNOtE6UTvdfnHP/f95//3//f/9//39ac3x3nX++f75+tVZzTnNOc05zU
pRSlFJSSlJKc05SSlJKUkpzTpRSlFKUUpVWlVaVVpVWdFJ0TnROdFJTTlNOU05TT
jNKM04zTjNOEk4SShFGEUYSRhFJ8UXwRdBB8UXwRdBBrz2vPa89r0GvPY45bTWOO
jFGEEIQQjFGUkZSSlJKMUYxRlJKUkpTTlJKMUZSSnNOc05zTlJKc05zTpRSlFKUU
pRSlFJzTnNOlFKUUrVWc05zTpRSlFa1VrVWlFJzTpRStFK0UpNOk060UrRWtFK0U
pROlFKUTpNOc04xPjA6MT5SQnJGk0qUTpRSlFMYY3tv3n/ee/9//3//f/9/Wm98d
517vn+derVWc050TnNOc05zTnNOMUZSSnNOUkpSSlJKc050UpRSlVKVVpVWdVaUV
nRSc1J0UlRSU05TTlNOU04zTlNOM04zThJOEkoRRhFGEkYRRfFF0UHQQfFF0EHQR
Y89rz2vQa9Brz2OOW01jjoxRhBCEEIxRlJKUkpSSjFGEEJSSlJKc0pSSjFGck5zT
nNOc05SSnNOc06UUpRSlFKUUpRSc05zTpRSlFK1VpNOk06UUrRStFa1VpRSc06UU
pRStFKTTpNOtFK0UrRSlFKUUpRSlFKUTnJKMD4vOg86UUJySpNKk06UUrRXOGNaa
zlnnHP/f/9//3//fzpvfHd9e79/nn61WpNOlE5zTnNOc05zTlJKUkpTSlJKUkpSS
nNOdFKUUpVSlVaVVpVWlVZ0UlNOdFJUUlROU05TTlNOM04zTjNOMk4ySjFKEUYQR
hFGEUXxRdFB0EHxQdFB0EGvPa89z0GvQa9BjjltNY46MUYxRhBCMUZSSlJKUUYxR
hBCUkpSSnNOUkoxRnNOc05zTnNOUkpSSnNOc06UUpRSlFJzTnNOc0qUUpRStVJzT
nNOlFKVUrVStVKUTpROlFK0UrRSk06TTrRStFK0UrRSlFKUTpROk05SRjFCMDoPN
i86ckaTSpROlE61UzlnWms5Z3tv/3//f/9//386b3t3fXuef556tlaUTpRSc05zT
nNSc1JSSlJKc05SSlJKUkpzTpROlFKUUpVWlVaVVnVWdFJTTnROdE50TlNSU1JTT
jNOM04zTjJOMk4SShFGEUYRShFF8UXQQdBB8UXwQdBBr0GvPbBBsEGvQY49bTmOO
jFGMUYQQjFGUkpSSlJKMUYxRlJKUkpzSlJKMUZSTnNOc05zTlJKU05zTnRSlFKUU
pRSc05zTnNKlFKUUrVSlE5zTpROlVK0UrVSlFJzTpRStFK1UpNOk060UrRWtFKUU
pRSlFKUUpROUUIxPjA6LzIOMlA6kkqTTpRSlFMZZ1prGGc5a/9//3//f/9/Om9bc
3x3nXudfrVWc050TnNOc06UTpRSUkpSTnNOUkpSSlJKc06TTpRSlVKVUpVWdVaVU
nRSdE50UnRSU05TTlNOU04zTjNOM04zThJOMkoRRhFGEkoRRfFF8EHQQfFF0EXQQ
a89rz2vPbBBjz2OPW01jjoxRjFGEEIxRlJGUkpSSjFGMUZTSnJOc05SSjFGUkpzT
nNOc05SSlJKc06UUpRSlFKUUnNSc05zTrVSlFK1UnNOc06UUrRStFa0VpRSk060U
rRStFKTTpROtFK1UrRStFK0UpRSlFJzTlE+UT5QOi82DjIOMlE+k0qUTpRPGGNaa
xhm92P/f/9//3//fzpvWnM6b1tvnXa1VlJGUkZRRlJGc05zTlJKUk5zTlJOUkpSS
nNOc06UUpVWlVaVVpVWlFJ0UlNSdFJ0UlNOU05TTlNKM04zTjNOM04yThJJ8UXxR
hJJ8UXxRdBB0EHxRdBB0EGvPa89sEGwQa89jjltNY46MUYQQhBCMUZSSlJKUkoxR
hBGUk5zTnNOUkoxRlJKc05zTnNOUkpzTnNOlFKUUpRSlFKUUnNOc061UpRStVZzT
nNOlFK0UrRWtFa0UpNOtFK0UrRSk06TTrRStFa0UrRStE6UTpNOMUIwPlFCUT4vN
g4uDi4uMnJGk05zSxhfWWcYYtZb/3//f/9//38YZxhnGWtaa5xyUUGsJcwlzCXMJ
g4yckZSSnJOc05SSlJKUkpzTpNOlFKVVpVWlVaVVnVWdFJUTnRSdFJzTlNOU04zT
jNOM04zTjJOMk4RShFKEUYSRhFF8UXQQdBB8UXQRdBBrz2vPbBBsEGPQY45bTmOP
lFKMUYQQjFGUkpSSlJKUkYxRlJKUkpzTlJKMUZSSnNOc05zTlJKU0pzUpRSlFKUU
pRSlFJzTnNOtVa1UrVSlE6TTpROtFK0UrRStFKTTrRStFK0UpNOk060UrRWtFK0U
pNOk04vNg4yLzZQOlA2LzYuLg0qDSovMnNKUkb3WzlnGGK2V/9/3n//f95+tlr3X
1lrWmt7bfA9aR2KHYkdih2JHe4qMUZSSnNKU0pTSlJKc05zTnRSlFKVVpVWlVaUU
nRSVFJ0UnRSU1JTTlNOU05SSjNOM04yTjJKEknxRfFGEUXxRfBF0EXQQfBF8EXQQ
a89rz2vPa9Brz2OOW01jjoxRhFCED4xRlJKUkpSSjJGEUZSSlJKc05SSjFGUkpzT
nNOc05SSlJKc05zUpRSlFKUUnNSc05zTrVStVK1VpNOk06UUrRStFK1UrRSk060U
rRStFKTTpNOtFK0UrRStFKTTjFBzCoPMlA2UDYvNi4yLi4NKg0qDSpQNi8ykkL2V
xdak085a1pvnHucepVa119aazlnWmoPPWgdih3MJewpiR1pHe4uUkZzTlJKUkpSS
nNOc050UpRSlVKVVpVWlFJ0UnNSc1J0UnNSU05TTlNKM04zTjNOMk4yTjFKEUYRR
hFGEUXxRdBB0EHwRdBB0EGvPa89r0GvQY9Bjj1tOY4+MUYQQhA+MUJSSlJKUkYxR
hBCUkpSSnNOUkoxRlJKc05zTnNOUkpzTnNOlFKUUpRSlFJzTnNOc061UrVStVJzT
nNOlE60UrRStFK0UpNOtFK0UrRSk06TTrRStFKUTpRScknLKcwmDy5QNnE2LzINJ
g0h7B3rHesiDSXsJewqLjKzSawq1VNab7x3vXq1WtZfGGcYY1pqMUXMLaohqh1oF
UcRiRlHEg8uUkZSSlJKUkpzTnNOlFKVUpVWlVZ1VpRSdFJ0UnRSdFJzUlNOU05TT
jNOM04yTjJOEk4SSfFJ8UYRShFF8UXQRdFB8UXQQdBBrz2vPbBBsEGPPW45bTWOO
jFGMUYQQjFGUkpSSlJKMkYRRlJKUkpzSlJKMUZSSnNOc05zTlJKc05zTpRSlFKUU
pRSc05zTnNKtVK1UrVSlE6TTpRSlFK0UrRSlE6TTrRStFK0UpNOk060UrRSs060U
lFFaR3MJi8yUDJwNk8uLiYMHeoVyRXJFagRiBFoFYgZiR0mEpJDWmt7b3tuc1KUU
vZe919aanNODi2pHakZaBFnEWcRBAUlDashzCnuMjFGU050UnRSlVKUVpVWlVaUU
nRSdE50UnRSU05TTlNOM04zTjNOMk4yThJOEUnxRfFGEknxRfFF0EHQQdBF0EHQQ
a89rz2vPa89jz2OOW01jjoxRjFCEEIxRlJKUkpSSjFGMUZSSlJKUkpSSjFGc0pzT
nNOc05SSnNOc06UUpRSlFKUUnNSc05zTpRSlFK1VnNOc06UUrRStFK0VpRSc060U
rRStFKTTpNOlFK0UrRStFJRQWkZzCYOLlA2cDpQLk4mLB3pFagRhw1FCOMEwgDCB
MIEwgotMvdfGGM5ZjFKckr2WtZbOWZySg4x7CXLJYcVBAkDBMIAwgDjBQQJaBoxQ
nNKdE50TpRWlVaVVpVWlFJ0UnRSdFJ0UnNSU05TTlNOMk4yTjJOMk4ySjFJ8UXxR
hJF8UXxRdBB0EHwRdBB0EGvPa89r0GvQY89bjltNY46MUYxRhBCMUZSSlJKUkoxR
jFGUkpSSnNOUkoxRnNOc05zTnNOUkpzSnNOlFKUUpRSlFJzUnNOc061UrRStVKTT
pNOlE60UrRStFKTUpNOtFK0UrVSk06TTrNStFK0UrRSUUFoGcsmDSpPMm82Ty5OJ
i0iChmnDWUNIwjhAMEAwQDiAQIB6R4tLvNLeFpPNnFC1U7UU1lik0YvLg0l7B2qF
WYNRQUjAQMBJAFGCYoeMUJzTnROdE6UUpVSlVaVVnRSdFJUUnRSVFJTTlNOU04yT
jJOMk4yTjJOMk4SShFGEUYRRfFF8UXQQdBB8EXQQbBBrz2vQa9Br0GPQW45bTmPP
jFGEEIQQjFGUkpSSlJKMUYQQlJKUkpTTlJKMUZySnNOc05zTjFGUkpzTnNSlFKUU
pRSlFJzTnNOtFK0UrVSk06TTpNOlFK0UrRSk1JzTpRSlFKUUnNOk06TUrRStFK0U
lFFaRmrIewmDipPMk8yTiouJgwhqBFlCSME4gDBAMAA4QECAWUJQwZuM3dWTjpPO
nFCkkL2TpJCTy4uJgwdyhWHDWYFJAEkAUQBZg2rHjFGU050TnROlVKVUpVWlVaUU
nRSc050UnRSc05TTlNOM04zTjNOMk4ySjJKEUoRRhFGEUYRRfFF0EHQQdBF0EXQQ
a89r0GwQbBBjz1uOW01jzoxRjFGEEIxRlJKUkpSSjFGMUZSSnNKc0pSSjFGUk5zT
nNOc05SSlJKc050UpRSlFKUUpROc05zSrRStFK0UpNOc06UTrROtFKUUpNSk06UT
rRStFKTTpNOlE60TrRStE5RQYgZqRXKGewiLiouKi4qLiYtIekVZQ0jBOIEwQDAA
OEBIQFkCUQGbi82Ui4yUDpxQpJC1U5xQi8uLiYMIcoVhw1mBUQBJAFEAWcJzCIxR
nNOc1J0UpVSlVKVVpVSlVJ0UnROc05zUlNOU05TTlJOMk4yTjJOMk4yThFKEUoRR
hFJ8UXxRdBB0EHRQdBB0EGvPa89r0GvQY49bjluNY86MUYxRhBCMUZSSlJKUkoxR
jFCUkpTTlNOUkoxRlJKc05zTnNOUkpzSnNOlE6UUpRSlFJzUnNOc06UUpRStFKTT
nNKlE6UUrRSlFKUUnNOlFKUTpROc0qTTpROlFKUTpROUkGoGagVqBXKHg0mLiYvJ
i4mLSYLHacVJATiBMEAwQDhAQIBRA1DCk0u9UYNLjA2UTpxPrNCUDYuJg0iDCHJF
YYNZQlEBUMBRAVmDewiMkZzSnNOk06UUpRSlVZ1VpRSdE5UTnROdE5TTlNOU05TT
jJOMk4yTjJOMU4RShFKEUYRSfFF8UXQQdBB8EXQQbBBjz2wPbBBr0GOPW45bTWPO
jJGMUYQQjFGUkpSSlJKMUYQQlJKUkpzTlJKMUZSSnNKc05zTlJKUk5zTnNOlFKUU
pRSlFJzTnNKtFK0UrRSk06TTpNOlE6UUpRSlFJzTpNOk06TTnNKc0pzSpNOlE6TT
lFFiBWHEWcNqRHsGg0iLiYuJg0iDB3JFUQJAgThAOEBAQECAWUNIgYsKvI+DCoNL
i8yUDZQNi4mDSINHewZqRVnCUUJJAUjAUQFhw3MJjFGUkpzTnNOlFKUUpRWdFaUU
nNOc05zTnNOU05TTlNOMk4ySjJOMk4ySjFKEUnxRfFF8UXxRdFF0EXQRdBF0EXQQ
a89sD2vQa9Bjj1uOW05jz4xRjFGEEIxRlJKUkpSSjFGEEJSSlJKc05SSjFGUkpzT
nNOck5SSnJKc06UTpROlFKUUpRSlE5zTpRStFK0UnNOc0qUTpRSlFKUUpROc0qTS
pNKk05ySnNKc0qTTpNOk05RRagZZhFFDWYNyRXrHg0iLiYNIgwdyRVmCSME4gECA
OEBAgGFDSMB6SKwNeshqR4LIk0l6xYMFgwaDBoLGagRZgllCUQBJAFEAWcNzSYyR
lJOc05zTpRSlFKUUnRSdFJ0UnNOc05zTlNOUk5TTjJOMkoySjJKEkoRShFF8UXxR
fFJ8UXxRdBB0EHQRdBB0EGvPa9Br0GvQY49bjltOY46MUYxRhBCMUZSSlJKUkoxR
jFCUkZSSlNOUkoxRlJKc05zTnNOUkpSSnNOlE6UTpRSlFJzUnNOc06UUrRStFKTT
nNOc06TUpRSlFKUTnNKc0qTSpNOckpySnNKk06TTpNOUkWIGWYRJAklBYgNyhnsI
g0mDSXsHcoZhw0jBQIA4gDhAQIBRAkiBaYWjSnpGYcNyRXpFckR6hHrFesV6x2pF
YcNRglEASMBRAVnDc0qMkZTTnNOlFKUUpVSlVKUUpRSdFJzUnNSc1JTTlNOM04yT
jJOMk4yThJKEkoRSfFF8UYRSfFF0UXQQdBB0EXQQa9Bjz2vQa9Br0GuPW05bTmOP
jFGMUYQQhBCMUZSRlJGMUYQQlJGUkpSSlJKMUZSSnNOc05zTlJKUkpzTpRSlFKUU
pRSc05zTnNOtFK0UrRSk05zTnNOk06UTpRSk05ySpNKk0qTSnJGckpySpNOk06TS
nJFqB1mESQFIwFmCagR6hoMIgwiCx3JGYcNIwThAOEA4QECAWQJAgEjAWQFhQ2FC
ckV6hmpFckR6hXqFesVqBFmCUUJRAUjBSQFZg3NKjFGUkpzTnRSlFKUUpRSlFJ0U
nNOc05zTnNOU05TTlNOMk4ySjJKMkoSShJKEknxRfFF8UnxRfFF0EHQQfBF0EGvQ
Y89kD2vQa89jj1tOW01jj4xRjFGED4QQjFGMUYxRjFGEEIxRlJKUkpSShBCUkpzT
nNOc05SSlJKc06UTpRSlFKUUnNOc05zTpRSlFK0UpNOckpzTpNOlE6UUpNOckqTS
nNKc0pSRnJKckqSTrNOkkpyRakdZhFECQMFJAVmCYgR6hoLHeoZyRWHDSME4QDBA
MEBAwXIHQIBIwVlCWUNZQ1mEakZ6h3JGakVqRWpFYgVZg1FCSQFJAUkBWcN7SpRR
lJKc050UpRSlFKUUpRSdFJTTlNOU05TTlNOU04yTjJKMkoySjJOEkoSShFJ8EXwR
fFJ8UXwRc9B8EXQRdBFsEGPPa89r0GvQY49bTltOY4+MUYxRhBCEEIxRjFGMUYxR
hBCMUZSSlJKUkoxRlJKc05zTnNOUkpSSnNKc06UTpRSlFKUUnNOc06UUpRSlFJzT
nNKc06TTpROlE6TTnJKkkpySnJKUkZyRnJGc0qTTpNKckWpJWYRRAkCAQIBIwVmC
agNyRXJFacRZgkCAMEAwADAAOEFphkCBSMFRAllDUQJRAmoFeohqBmHFYcRiBFnD
UYJJAUjASQBJAFnDe4uMkZSSlNOdFKUUpRSlFKUUnNSU1JTTlNOU05STjJOMk4yT
jJKMkoySjJKEUYRRfBF8UXxRfBF8EXPQfBF8EXQQc89jj2vPa89rz2uOW05bTmOO
jFGMUYQQhBCMUYxRjFGMUYQQjFGUkpSSlJKMUJSSnNKc05zTlJKUkpSSnNOc06UT
pRSlFJzTnNOlFK0UpRSc05ySpNOk06TTpNOc05ySnJKckpySlJGckZyRpJKk06SS
nJFqSFFFSQNAgkBBQIFIwVlCYcNhw1mCUUFAgDBAKAAgADBBYcY4QDhAQIFQwkjB
UMFZQnJGYcVZhFmDWYRRQkkCQMFAgEDASMFRxHuMjFGUkpzTnRSdFKUUpRSlFJzU
lNOU05TUlNOU04yTjJKMkoySjJKMkoyShJGEUXxRfFF8UnwRdBFz0HQQdBB0EGvP
Y49rz2vPa89jzluNU45bj4xRjFGEEIQQjFGMUYxRjFGEEIxRlJGU0pSSjFCUkpzS
nNOc05SSlJKc05zTpRSlFKUUpRSc05SSpRSlFKUUnNOc0pzTpNOlFKTTnNOUkpyS
nJKckpxRnJGckZzSnNOckpSRaolRREjDQIE4QDhAOIBIwVEBUQFRAUDAOEAwACgA
IAAwQFmGMEAwQDhAOEBAgECASIBqBlmESUNBAkkDQMI4wTiBOIBAwEkBWcR7zYxR
lJKc050UpRSlFKUUnRSdE5TTlNOU05STjNKMkoyShJKMkoySjJKMkoSShFF8UXxR
fFF8EXwRa9B0EXQRa9Brz2POY89jz2PPW45bTVtNY46MUYxRhBCEEIxRjFGMUYxR
hBCMUZSSlJKUkoxRlJKc05zTnNOUkpSSnNOc05zTpRSlFKUUnNOc06UUpRSlFJzT
nJKk06TTpNOk06TSnJKc0pySnJKUUZxRlJGckaTTnJKckmpKSQRAwjiBMEAwQDhA
OIBAwEjASMBAgDAAKAAoACgAKAA4gjCAOEA4gDiAOIBAwEjCYgdRhEEDOMI5AzDC
MIIwQDBAQIBIwVnEe86MUZSSnNOc050UnRSdFJ0UnNSU05TTlNOU05TTjJKMkoxS
jJKMkoySjJKEUXxSfBF8EoRSfBF8EXPQdBF0EHPQa9Bjj2vPa9Bjj2OOW01bTWOO
jFGMUYQQhBCMUYxRjFGMUYQQjFGUkpSSjFGMUZSSnNOc05zTlJKUkpzTnNOc05zT
pRSlFJzTlJOlE6UUpRSc05yTnNOc06TTpNOk0pySnJKUkpySnFKcUZxRnJKk06SS
nJJqilEEQIIwQSgAMAAoADAAOEBAgECAOEAwACgAMAAwACgAOII4gUCAQIBAgEDA
QMBJA2HGSQM4wjjDOMMwgjCCMEEwQEDBSQJZxYPOlFGUkpzTnNOdFJ0UnRSdFJUU
lNOU05TTlNOU0oySjJKMkoySjJKMkoyShFJ8UXwQfBF8UXQQdBBrz3QQdBBr0GvQ
Y89r0GvQY49jjltNW05jj4xRjFGEEIQQjFGMUYxRjFGEEIxRlJKUkpSSjFGUkpzT
nNOc05SSlJKc05zTnNOlFKUUpRSc05SSpRSlFKUUnNOckpzTpNOk06TTpNOckpyS
nJKckpxRlFGcUpySpNOckpySastJRTjDKEEgACgAIAAoADAAMEAwADBAOEAwQDBA
KEAwQDiBOIE4gTiBQIFAgUjCSUNJREECQQJBA0EDQMI4wjCBMEA4wEkCWgWED4yR
lJKc05zTnROdFJ0UnRSdE5TSlNOU04zTjNOMk4yTjJOMkoySjJKMkoRRhFF8EHwR
fFF0EHQQa890EHQQa9Brz2PPa89rz2uPY45bTltOY4+EUIxRhA+EEIxRjFGMUYxR
hBCMUZSSlJKMUoxRjFKUkpSSnNOMUZSSnNOc05zTnNOlFJzTnNOckqTUpRSlFJzT
nJOc05zTpNOk05zTnJKckpySnJKUkZSRlFGUkaTSnJGUkWsLSURAwjCBKEAoACgA
KAAoADBAMEAwQDBAMAAwADAAOEBAwUDBQME4wUDBQMFJAlFDUUNJQ0kDUUNRREkD
QMI4gTBAOIBAwloGhBCMUpSTnNOc06UUpRSlFJ0UnNOU05TTlNOU05SSjJKMkoSS
jJKMkoyShJGEUXxRdBF8EXxRdBF0EWvPdBB0EGwPa89jj2vPa89jz2OOU01bjWOO
jFGMUXvPhBCMUYxRjFGMUYQQjFGMUZSSlJKMUZSRlJKc0pzSjFGUkpzSnNOlFKUU
pRSc05zTlJKk06UUpRSc05ySnNOc06TTpNOc0pSSnJKckpyRlFGUUZRRlFGc0pyR
nJFzC0lFQMNAgTBAMAAoADAAMAAwADBAKAAgACAAIAAwADhAQIFIwUkBUQJRAlEC
UUNZhGHFWYRRQ1FDWYRRQ0kCQMEwQDiAQMFaBoQQjFGUkpzTnNOc1J0UnRSVFJTT
lNOU05TTlNOMkoySjJKMkoySjJKEkYRShFKEEXwRfBF8UXQRdBBrz3QQdBBr0GvQ
Y89j0GvQY49bjlNNW05bjoQQhBB7z4QQjFGMUYxRjFGEEIxRlJKUkpSSjFGMUZSS
nNKc0oxRlJGUkpzSpROlE6UTnNOc05zTpNSlFKUUnNOc05zTnNOlE5zTnJOUkpyT
nJKckpRRlFGUUZRRnJKUkZSRc0xBRUDCQIE4QDhAMEAwQDBAMEAwQCgAKAAoACgA
OEBAgEjBSQFRQlmCWYNZg1nEYcVyRlnEUUNRg1GDSYNJQzjCMIEwgEDBUgaED4xR
lJKc05zTnNSc1J0UnNSU05TTlNOU05TTjJOMkoyShJKMkoySjJGEUnxSfFJ0EXxR
fFF0UHQQa890EHQQdA9rz2OPY9Bjz2OPW49TTVuOW46EEIQQe897z4xRjFGMUYxR
hBCMUZSSlJKUkoxRjFGUkpSSlJKMUYxRlJKc0pzTnNOlE5zTnNOUkpzTpRSlFJzT
nNKc0pzTpNOc05ySlJGckpyRlJGUUZRRlFGUUZzSnJGckXONSUU4wzBBOEA4QDhA
OEA4QDhAMEAwADAAMAA4AECASIBRAlECWUNhhGHDYgRiBWIFakZZxFGDUYNRQ0lD
UUNBAjCBKEA4wloHhBCMUZSSnNOc05zTnNSdFJUUlNOU05TTlNOU04yTjJKMkoyR
jJKMkoSShFKEUnxRfBF8EYQRfBF0EWvQdBBsEGvPa89jz2PQY89jj1uOU01TjVvO
hBCEEHvPe8+MUYxRjFGEEIQQhBCUkpSSlJKMUYxRlJKUkpSSjFGMUZSSnJKc05zT
nNOc05zTnJKk06UUpRSc05STnNOk06TTpNOck5yRnJKckZSRlFGUUZRRlFGck5xS
nFJ7jklFOMMwQTAAOEA4QDhAOEA4QDgAMAAwADAAOEBAgUjBUQJRAmGDYYRhxGoF
esh6x3KGYcRRglGCUUJJQklCOMIoQChAMIFaB4wPjFGUkpzTnNOc05zUnNSc1JSU
lJOUk5STlJOMk4ySjJKMkoySjJKEkoRRfFF8EXwQfFB8UXwQdBBrz3QQdBBrz2vP
Y89jz2PPY89bjlNNW45bjoQQhBB7z3vPhBCMUYxRjFGEEIxRlJKUkpSSjFGMUZSS
lJKUkoxRjFGUkpSSnNOc05zTnNOc05SSnNOlFKUUnNOU0pzTnNOk06TTnNKUkZSR
lJGUkZRRlFGUUZRRnJKcUpxRg45JRjCDKEEoADAAMAAwADAAMAA4ADgAMAAwAEBA
SMBRAllDUUNZhGHEWcNiBHsIgwhyhlmDUUJRQkkCSQJBAjjCKIEgQCjCWkiMUIxR
lJKU05zTnNSc1JzUlNSU04ySjNOU04yTjJKMkoySjJGEUoSShFKEUYQRfBF8EXwR
fBF0EXQQa9B0EHPQa9Bjj2OPY9Bj0GPPW45TTVuOW46EEIQQe897z4QQjFGMUYxR
hBCMUYxRlJKUkoQQjFGUkpSSlJKMUYxRlJKc05zTnNOc05zTlJKUkpzTpRSlFJzT
lNOck5zTnNOc05zSlJGUkpSRlJGMUZRRlFGUUZySnFKUUYPOSYYwwihBIAAoACgA
MAAwADAAMAAwADAAMABAgEjAUMFRQlFCUUNZw1GDYgR7CIMIcoZZwlGCWYNJAkDC
QMI4gSiBIEAowlqIhFCMUZSSlJOc05zTnNSc1JzTlJOMkpSSlJOUk4xSjJKMkoxR
hFKEUoRSfFJ8EXwRfBF8UXwRdBFsEGvQbBBz0GvQY89jz2PPY89jz1uOU01bjluP
hBCEEHvPe8+EEIxRjFGMUYQQhBCMUZSSjFGEEIQQlJKUkpSSjFGMUYxSlJKc0pzT
nNOc05zTlJKc05zUpNSc05ySnJKckpzSnJKckZRRnFGcUZRQjFCMUZRRlFCc0pSR
lFGDz0mHMMMoQSAAIAAoACgAMAAwADAAMAAwADAAOIBAwEDBSQJJAlFCUYJRgmIE
esh6yGpGUUNRQ1FDSQJAwUDBOIEogSBAKMJiyoQQjFGUkpSSlNOc05zTnNOUk4yS
jJKMkoySjJKMkoxSjFKEUoRShFKEUoRSfBF8EXwQfBB8EXQQdBBrz3QQa9Br0GPP
Y49jz2PPY45bjlNNU05bjnvPhA97z3OOhBCMUYxRhBB7z3vPhBCMUYxRhBB7z4xR
lJKUkoxQjFCMUJSRnNKUkpSRlJGUkpSRlJGckpzSlJKUkYxRlJGUkZSRlFGMUIwP
jBCMD4QPjFCMEIwQlJGckpSRjA9JhjCDKEEYABgAIAAgACAAIAAoACgAKAAwADhA
QIBAgUkCQQJBAklCUUJhxHKHcodiBVFDSQJJAkDBOME4wTiBKIEgACjDasuMEIxR
lJKUkpSSnNKc05TTjJKMkoRRhFGEkoRRhFKEUoRRhFGEkYRRhFGEUXwRdBB0EHwR
fBFr0GvPa89sD2PPY89bz2PPY9Bjj1tOW01TDVNOU02EEIQQhBB7z4QQjFGMUYxR
hBB7z4xRlJKUkpSShBCMUZSSlJKUkoxRjFGUkpzTnNOc05SSnNOdFJzTnNOUkpzT
nNOUkpSSlJKUkpSSlJKckpSSlFGUUZRRlJGUUZyRnJKUUowRQYcoxCBCGAEYARgB
GAEYARgBGAAYACAAKAAwADiBOIFAwjjBOMFBAkkCWYNqRmpGWcRJAkDBQMFAwDjA
OMEwgSCBGEEwxHNNjFGMUZSSlJKUkpzSlNOU05TTjNKMkoySjJKEUoRShFKEUoRS
jFKMkoRSfFF8UXQPdBB0EHQRc9Brj2vQc9Fr0GuPY89jz2PPY49bjlNNW05TDVNN
hBCEEHvPc46EEIQQjFGMUYQQe8+EEIxRlJKMUYQQhBCUkpSSlJKMUYxRjFGc05zT
nNOUkpySpRSk1JzTlJKckqTTnJOc05zTlJOUkpSRnJGUkZRRlFCUUZRRlFGUkpyS
lJGMEEHHKIMYQhABEAEQARABEAEQARABEAEYASABKAAwQTiCOIE4gTiBOMBBAVFD
WcVZhUlDQME4wTiBOIE4gTCBKIAgQRhAKQNzjYxRjJKU05STlJOUk5TTlNOU05TS
jJKMkoyTjFKEUoRSjFKMUoxSjFKEUXxRfFF8UHxRdBB0EXPQa9B0EXQRc9Br0GvP
a89jj2OPY49jjluOU01bToQQhBB7z3OOe8+EEIxQjFGEEHvPhBCMUZRRjFGEEIQQ
jJGUkpSSjFGMUYxRnNKc05zTlJKUkpzTpRSc05SSlJKck5zSnNOU05SSlFGUUZRR
lFGUUZQQlFCUUIxQlFGUkpRSjBFJyCjEGEIQAQgACAAIAAgACAAIABABEAEYASAA
KEAwQTCCOIIwgTCAOIBJAVGEUYRJA0DCOIE4gDiAMIAwgChAIEAgQTEEe8+MUZSS
lJOUk5STlJOUk5STlNOU04ySjJKMkoyShFGEUYRShFKEUoRSfBJ0EXwRfBF8EXQQ
dBBzz2vQdBBsEGvQY89jz2PPW45bj1uPW05TTksNU0570HwPe89zjnvPhBCEEIxR
hBB7z4QQjFGMUYxRhBCEEIxRlJKUkpSSjFGUkpSSnNOc05SSlJKc05zTnNOUkpSS
nNOc0pzTlJOckpRSlFGUUpRRlFGMUIxQjFGMUJRRnJKUUYxRSkkoxBhCEAEIAQgB
CAEIAQgBCAEIAQgAEAEgACgAKEA4gTjCMIEwgTBAQIFRQ1FDSQM4wjCAMIAwgDBA
KEAgACAAIEE5BHvOjBCUUZSSlJKUkpSSlJKU0pTTlNOMkoySjJKMkoxShFGEUYRR
hFKEUXwRfBB8EHwQfBFz0HQQa89sEGwQa9Br0GOQY49jj1uOY45jjluOU41TDVNO
e897z3vPc457z4QQhBCMUYQQhBCEEIxRjFGMUYQQhBCMUZSSlJKUkoxRjJGUkpzT
nNOUkpSSnNOc05zTlJKUkpzTnNOU05zSlJKUUpRRlFGUUZRRjFGMUIxQjFCMUJyS
lFGUEVJJKMQYQhABEAEIAQgBCAEIAQgBCAEIAQgBEAEYACABMIIwgihAMEAwQDiA
QQNBA0DCOIEwQDBAKAAoACAAGAAgAChBOQR7zoxRjJKUkpSSlJKUkpSSlJKMkoyS
jFKMUoxSjFKEUYRRhFGEUYRRhFF8EXQQdBF0EXwRc9Bz0HPQc9Br0GvQa9Brj2OP
Y49bjmOPW49bjlNOSw1TTnvPe897z3OOe8+EEIQQhBCEEHvPhBCMUYxRjFGEEIQQ
jFGUkpSSlJKMUYxRlJKc0pSSjFGUkpzTnNOc05SSlJKc05zTnNKckpSSlJGUUZSR
lFGUUYxQjFCMUIwQjBCckpRRlFFaiijEGEIQAQgBCAEIAQgBCAEIAQgBCAEIAQgB
EAEgAShCMIIgACgAKAAwQTjDQMM4gihBKAAoACgAIAAYABgAGAAoQUFFhA+MUIyR
jJKMkoySjJKMkpTSlNOUkoxRjFKMUoxShFGEUYRRhFGEUoRSfBF0EXwRdBF0EXQQ
bBBr0GvQa9Br0GvQY89jz2PPW49jj1uOW45bTlNNW057z3vPc45zjnvPhBCEEIQQ
hBB7z4QQjFGMUYxRhBCEEIxRlJKUkoxRjFGMUZSSlJKUkoxRjFGc05zTnNOUkpSS
nNOc05zTnJKUkpRSjFGUUZRRjFCMUIwQjFCMEIwQnJKUUZQRYosoxBhCEAEIAQgB
CAEIAQgBCAEIAQgBCAEQARABGAEgQihCGAAgACABKEEwgjCDKIIgQRgBIAAYABgB
GAEYARgBKEJJhnvPjBGMUoxSjFKMUoyTjJKM0pSSjJKEUYRSjFKEUnxRfFF8UXxR
hFKEUnwRfBB8EHQQdBBsEGvPa9Bz0GvQa9Bj0GOPY49jj1tPY49bTltOU01LDVNO
e89zz3PPa458D4QQhBCEEIQQe8+EEIxRjFGMUXvPhBCMUZSSjFGMUYQQjFGUkpST
lJKMUYxRnNOc05zTlJKUkpzTnNOc05SSlJKMUoxRlFGUUYxRjFGMUYwQhBCMEJyS
lFGUEWLLKMQYQggACAAIAQgBCAEIAQgBCAEIAQgBCAEIARgBIEIgQhgAIAAgASAB
KIIogiiCIEEgABgAGAAYARgBGAEYASiDSceED4xQjFKUkpSSjFKMkoySjJKMkoxS
hFGEUoxShFJ8EnwRfBGEUoRShFJ8EXQRdBF0EXQRdBBr0GvQa9Br0WvQa9Bjj2OP
Y49bTmOOW45TjlNNSw1bTnvPe857znOOe8+EEIQQhBCEEHvPhBCMUYxRjFGEEIQQ
jFGMUYxRjFGEEIxRlJKUkpSSjFGMUZzTnNOc05SSlJKc05zSlJKUkZRSlFGMEJRR
lFCMUIxQjBCMEIQPjBCckpRRjFFrDCkEGEIQABAACAEIAQgBAAEIAQgBCAEIAQgB
EAEQARgCIEIYARgBGAEYASBCKEIgQiABGAEYARABGAEQARABEAEgg1HIhBCMUYxR
lJKMkoxSjJOMkoySjJKMUoRRhFGEUoRRfFF8EXxRhFGEUYRRfBF0EHQQdBB0EGwQ
a9Br0GvQa9Br0GvPY45jj2OPY05bj1uPU05TTUsNU057z3OOc45zjnvPhBCEEIQQ
hBBzjnvPhBCMUYxRhBCEEIxRlJKMUYxRhBCMUZSSnNOUkoxRjFGUkpzTnNOUkpSS
nNOckpySlJKUkYxRjFCMUYxRjFCMEIwQjBCMEIwQnFGMUYwRaw0oxBiCEAAQABAA
CAEIAQgBCAEIAQgBCAEIAAgAEAEYAhhCEAEYARgBGAEgQiBCGAIYARABGAEQARAB
EAEQABABIINSCYQPhBCMUYySjFKMUoxSjFKMkoyShJKEUYRRhFKEUXxRfBF8UXxS
hFF8UXwQdBB0EHQRdBFsEGvQa9Br0GvQa9Brj2OPY49jj1tOY49bT1tOU05LTVNO
e89zj3OOa017z4QQhBCEEIQQe897z4QQjFGMUYQQhBCMUZSSjFGMUYxRjFGUkpSS
lJKMUYxRlJKc05zTlJKMUZSSlJKUkpSSlJKMUYwRlFGMUIxQjBCMEIwQi8+MD5SQ
lFGMEHNOMQUYQhAAEAAIAAgBCAEIAQgBCAEIAQgBCAEIARABGAEYARAAEAAQABAB
GEIYQhgCGAEQABAAEAEIAQgBCAEIASCDWop7z4QQjFGMkoxSjFKMUoxSjJKMkoSR
hFGEUYRRhFGEEXwQfBGEEXxRfFF8EHQQdBB0EHQQa89rz2vQa9Br0GvQY9Bjj2OP
Y49bTluPU05TTktNSwxTTXvPe89zjmtNc457z4QQhBCEEHOOe8+EEIQQjFGEEIQQ
jFGMUYxRjFGEEIQQlJGUkpSSjFGMUZSTnNOc05SSlJKc05SSlJKUUpRSjFGMUJRR
jFCMEIwPjBCMEIvPhA+UUZRRjFFzjjEFGEIQAAgBCAEIAQgBCAEIAQgBCAEIAQgB
CAEIARABEAEIAAgACAAQARhCGEIYQRBBEAEQAQgBCAEIAQgBEAEgw2LLhBCMUIxR
jJKMUYRRjFGMUoxSjJKEUnwRhFKEUYRRfBF8EXwRfBF8UXwRdBBz0HQQdBB0EGvP
a89rz2vQa9Br0GOQW49jj1uOW05bjltOW05TDVMNU057z3vPc85rTXOOe8+EEIQQ
e89zjnvPhBCEEIxRe897z4QQjFGMUYxRhBCEEIySlJKUkoxRjFGUkpzTnNOUkoxR
lJKUkpSSlJKUkoxRjFCMUYxRjBCMEIwPjA+Dz4QPjFCMUYwQe44xRRiCEAEQAQgB
CAEIAQgBCAEIAQgBCAEIAQgBCAEIARABCAEIAQgBEAEYARhBGEEQABABCAAIAQgB
CAEIARABIMRjDHwQhBGMUoxShFKEUYxSjFKMUoxSjFGEEYRRhFGEUXwQfBB8EYQR
fFF8UXQQdBB0EHQQdBBr0GvPa89r0GvQa9BrkGOPY49bj1uPW49TTlNOSw1LDVNO
e89zz3OOa01zjnvPe8+EEIQQc457z4QQjFGMUXvPe8+EEIxRjFGMUYQQhBCMUZSS
lJKMUYxRnNOc05zTlJKMUZSSlJKUkpRSlFKMUYwQjBGEEIwQjBCDz4QPg8+Dz4wQ
lFGMEIPPOYYgghBBEAEIAQgBCAEAAQgBCAEIAQgBCAEIAQgBEAEQAQgBCAEIAQgB
EAEQQRBBCAAIAQgBCAEIAQgBCAEQASEEYw17z4QQjFGMUoRRhFGEUYRRhFKEUoRR
fBF8EYRRfFF8EHQQfBB8EXxRfBFz0HPQc9B0EGvQY9Br0GvQa9Br0GvQY89jj2OP
W49bTluPW05TTksNSw1TTXvOc45zjmtMa057z3vPhBB7z3OOc46EEIQQhBB7z3vP
hBCMUYxRjFGEEIQQjFGMUZSRjFCMUZzSnNOUkoxRjFGUkpSSjFGUkoxRjFGEEIxR
jBCMEIwPjA+ED4PPg8+MD5RRjBCD0EGHIIMQAQgBCAEIAQgBCAEIAQgBCAEIAQgB
CAEQARABEAEIAQgBCAEIARABEEEQAQgBCAEIAQgBCAEIAQgBEAEpBGtNe8+EEIxR
jFGEEYRRhFGEUYRSjFKEEnwRhBGEUXwQdBB0EHwQfBF8EXQQc9Bz0HPQc9Br0GPQ
Y89jz2vQa9Bj0GOPY45bz1uOW45bjlONW01TDFMNU01zjnOOc41rTXOOe897z3wP
e89zjnOOe8+EEIQQe857z4QQjFGMUYxRhBCEEJSSlJKUkoxRjFGUkpSSlJKMUYxR
lJKUkoxRlJGMUYxRhBCMUIxQhA+ED4QPhA+Lz4PPg8+UUYwRg89KCCCCEAEQAQgB
CAEIAQgBCAEIAQgBCAEIAQgBEAEQAQgBCAEIAQgBCAEQARABEAEQAAgBCAEIAQgB
CAEIARBBMUVzTXvPhBGMUYxRjBGEEYRRhFGMUoSSfFF8EHwRfFF8EXQQdBB0EHxR
fFF0EGvQa9Br0GvQa9BjkGPQY9Bj0GPQY9Bjz1uOW45bjltOW45TTlNOSw1LDUtO
c45zjnONa01rTXvPe8970HvPc457joQPhBCEEHvPe8+EEIQQjFGEEIQQhBCMUYxR
jFGEEIxQlJKUkpSSjFGMUZSSlJKUkoxRjFGMUYQQjFCMEIQQg9CD0IPQg8+Dz4PP
jFGEEHvPSgkggxABEAEIAQgBCAEIAQgBCAEIAQgBCAEIAQgBCAEIAQgBCAEIAQgB
EAEQAQgBCAEIAQgBCAEIAQgBCAEQQjlGc457z4QRjFGMUYQRhBGEEYRRhFGEUnwR
fBB8UXxRdBFz0HQQdBB8EXwRfBFr0GvQa9Br0GvQa89jz2PPY89jz2PPW49bjluP
W45bjluOW05TTksNSw1TTnOOc45rjWNNa017z3vPe897z2tNc457z4QQhBB7z3vP
hBCEEIQQhBB7z4QQjFGMUYxRhBCEEJSSlJKUkoxRhBCUkpSSlJKUkoxRjFGEEIxR
hBCEEIQPg8+Dz4POg8+Dz4xRhBB7zlJJIMMQAQgBCAEIAQgBCAEIAQgBCAEIAQgB
CAEIAQgBCAEIAQgBCAEIARABEAEQAQgBCAEIAQgBCAEIAQgBEEI5h3OOe8+EEYxR
hFGEUIQQhBCEUYRRhFJ8UXwQfFF8UHQQc9Bz0HQQfBB0EHQQa89r0GvQa9Br0GvP
Y89jz2PPY9Bjz2OPW05bjluOU45TjlNOU05LDUsNU01zjnOOa01rTWuOc897z3vP
e89zTXOOe898EIQQe897z4QQjFGEEIQQe897z4xRjFGMUYQQhBCUkpSSlJKMUYQQ
lJKUkpSSlJKMUYxRhBCMEIQQhBB7z3vPe8+DjoPOg86MUIQQe89ayyjDEEEQAQgB
CAEIAQABCAEIAQgBCAEIAQgBCAEIAQgBCAEIAQgBCAEQARABEAEIAQgBCAEIAQgB
CAEIARBCQghzjnOPfBGEUYRRfBB8EHwQhBGEUYRRfFF0EHwRfBFz0HPQc9B8EXwR
fBFz0GvPa89rz3PQa9Bjj2OPY89jz2PPY89bj1tOW45bjluOW45TTlNOSw1LDVMN
c45zjmuOa01rTXvPe897z3vPa45zjXvPhBCED3vPc458D4QQhBCEEIPPe8+MUYxR
jFGEEIQQjFGUkpSSjFGMUZSSlJKUkoxRjFGMUYQQhBCEEIQQe897z3vPe857znvO
jA+EEHvPawwoxBABCAAIAQgBCAEIAQgBCAEIAQgBCAEIAQgBCAEIAQgBCAEIAQgB
CAEQARABCAEIAQgBCAEIAQgBCAEYQlJJc45zz4QRhBGEUXwQfBB8EHwRhFF8UXwQ
dBB8EHwRc9Bz0HPQdBB0EXQRbBBrz2vPa89z0GuPY49jj2PPY89jz2PQY49bjluP
U45TTlOOU05TTksNSw1TDXOOc41rTWMMa01zjnvPe897z2uOa45zz3wQfBB7z3OO
e8+EEIQQhBCDz3vPjFGMUYxRhBCEEIxRlJKUkoxRjFGUkpSSjFGMUYxRhBCEEIQQ
hA98D3wPe857znvOe857zoQPhA97znNNMQQQQQgACAEIAQgBCAEIAQgBCAEIAQgB
CAEIAQgBCAEIAQgBCAEQAQgBEAEIAQgBAAEIAQgBCAEIAQgBGIJainOOc46EEIQR
hBF8EHwQfBF8EYQRfBF8EHPQfBB8EHPQc9Bz0HPQdBB0EGwQY89rz2vPa9Brj2OP
Y49jj2OPY49jj1uOU05bj1OOU45TjlNNU01LDFMNSw1zjnOOa01jDGtNc45zjnPP
c89rTWtNc897z3vPc45zjnvPhBCEEHwQe897z4QQjFGMUYQQhBCMkoySjJKMUYRR
jJKMkoxRjFGEEIQQe8+EEIQQhA97znvOe857znvOe86DzoQPe457jjFFEEEIAAgB
CAEIAQgBCAEIAQgBCAEIAQgBCAEIAQgBCAEIAQgBCAEQAQgBCAEIAQgBCAEIAQgB
CAEIASCDWstzjmuOfBB8UYQQe9B70HwQfBB8EHwQdBBz0HQQfBBrz2vPa89z0HQQ
dBBsEGOPa9Br0GwQY49jj2OPY49jj2PQW49bj1NOW45TjlNOU05TTVNOSw1LTUsN
c01rTWtNY0xjDHOOc45zjnOOa01rTXOOe897z3OOa017z3wQhBCEEHvPe8+MUYxR
jFGEEIQQjFGUkpSSjFGEEIxRjJKMUYxRhBCEEHvPhBCEEHvPe89zjnuOe457jnvO
g8+EEHOOc445xhBBCAEIAQgBCAEIAQgBCAEIAQgBCAEIAQgBCAEIAQgBCAEIAQgB
EAEIAQgBCAEIAQgBCAEIAQgBCAEgxGMMc05rjnwQfBB8EHPQc898EHwRfBB8EXPQ
c89z0HQQc89rz2vPbA90EHQQa89jj2vPa9Br0GOPY49jkGOPY49jj2OPW45bTluO
W45TjlNOU05TTksMUw1TDWtNa01rTWMMYwxzjnOOe45zjmtMa01zjnvPe89zjmtN
e8+EEIQQhBB7z3vOhBCEUIxQhA+ED4xRjFGMUYxRhBCMUYxRjFGMUYxRhBB7z4QQ
hBCDz3vPe457jnuOe457jnuPhA9zjXONSkgQQQgBCAEIAQgBCAEIAQgBCAEIAQgB
CAEIAQgBCAEIAQgBCAEIAQgBCAEIAQgBCAEIAQgBCAEIAQgBKQVrDWtOa058EHwQ
fBBzz3PPc9B8EHwQfBB0D2vPdA90EGvPa89rz3QQdBB0EGwQY49jz2PPY89bj1uP
W49bj2OPY49bj1uOU05bjlNOU05TTktOU05LDVMNSw1rTWNNY0xbDFsMa45zjnOO
c45rDGtNc457z3vPc45rjXPOfA97z3vPc49zjoQQhBCEEHvPe8+MUYxRjFGMUYQQ
jFGMUYxRhBCEEIQQe897z4PPe897jnuOe45zjXvNe417joPPa01rjVKKGEIIAQgB
CAEIAQgBCAEIAQgBCAEIAQgBCAEIAQgBCAEIAQgBCAEIAQgBCAEIAQgBCAEIAQgB
CAEIATmGa0xrTWtNe898EHwQc89zz3wPfBB8EHwQc89rz3QQdBBrz2vPa890EHQQ
dBBrz2OOa89rz2vPY45jjmOPY49jj2OPW49bTlNNU45TjVOOU01TDUsNQsxLDUsN
a01jDWMMWwtjDGuOc45zjnOOa01rTXOOc89zz3OOa01zjnvPe897z3OOc46EEIRQ
hBB7z3vPjFGMUYxRhBF8EIxRjFGMUYQQhBB70HvPg9CD0HvPc45zjnOOc417jnuO
e46Dz2tNa01ayxiCCAEIAQgBCAEIAQgBCAEIAQgBCAEIAQgBCAEIAQgBCAEIAQgB
CAEIAQgBCAEIAQgBCAEIAQgBCAFByGtNa01jTXQQfBB8EHPPc890D3QQfBB0EGvQ
a89sEHPQa9Brj2uPc9Bz0GvQa9BjjmOPY89jz1uOW45bjmOPY49jj1uPU05TTlOO
U05TTlNNU01LTUMMSw1LDWtNY0xjDFrLWwtrTWtNc45zjmtNY01rjnOOc85rjmNN
c457z3vPe89zjnOOhBCEEIQQe89zjoxRjFGMUYQQg8+MUYxRjFGMUYQQg897z3vP
e897z3uOc45zjnNOc417jXONe85rTWtNawwggwgACAAIAQgBCAEIAQgBCAEIAQgB
CAEIAQgBCAEIAQgBCAEIAQgBCAEIAQgBCAEIAQgBCAEIARABUkljTGNMY0xzz3QQ
c9Brz3PPc89z0HQQc9Br0GuPc9Brz2OPY49jj2vQc9Br0GOPW45jj2OPY89bjluO
W45bj1uPW49bj1NOU05TTlNOU05LTktNSw1LDUsNSw1rTWtNYwxay1rLa01zjnOO
c45jDGMMa01zjnOOa05rTXOOe897z3vPc45rTYQQhBCEEHvPe46EEIRRjFGEEHvP
jFGMUYxRjFGEEIQQe897z3vPe89zjnOOc45zjnONc41zjXvOa0xrDHNMKQQIQQgB
CAEIAQgBCAEIAQgBCAEIAQgBCAEIAQgBCAEIAQgBCAEIAQgBCAEIAQgBCAEIAQgB
CAEQQlrLYwtjDGMMc89zz3PQa49rjmvPdA90EHPPa49rjmvPa89jj2OOY49rz2wQ
Y89jz1uOY89jj2OPW05bTluOW49bj1uPU49TTlNOW09TTlNOSw1LDUsNSwxLDUsN
Yw1jDGMMWstay2tNa01rTWuNWwxjC2tNc45zjmtNYwxrTXvPe897z3OOa017z3vP
hBB7z3PPhBGEEYRRhBB8D4xRjFGMUYxQhBB7z3OOe897z3vPc45zjnOOa01zTXNO
c05zjmNMYwxjDDGGCEEIAAgACAEIAQgBCAEIAQgBCAEIAQgBCAEIAQgBCAEIAQgB
CAEIAQgBCAEIAQgBCAEIAQgBGINjDGMMWwxbDHPPc9Bzz2uOa45rz3PPc89zz2uO
Y45rz2vQY85jjmOOa89rz2PPY49bTmOPY49jj1tOW05bj1uPW49bj1uOU05TTlNO
S05TTksNSw1LDUMMSw1DDGMMYwxay1rLWstrTWuNa01rTWMMYwxrTXOOc45rjmMM
a01zjnOOc49zjmtOe898D3wPc89rjoQQhBGMUYQQe9CMUYxRjFGEEXwQe9BzjnuO
c45zjnOOc45rTWtNc41zjWtNa01jDFrLYwxByBBCCAEIAQgBCAEIAQgBCAEIAQgB
CAEIAQgBCAEIAQgBCAEIAQgBCAEIAQgBCAEIAQgBCAEIATFGWwxbDFLLUstrjnPP
c89rjmuOa85rz3PPa89jjmOOY89rz1uOW41jzmvPa89jz1uOU05bj1uPW49TTlNO
U45bj1uPW49Tj0tOS05TTktNU05LDUsNSw1CzEsNQwxjDGMMYwxay1rLa0xrTWtN
a01izGLLYwxrTmuOa01jDGtNc45zjnOOa41rTXvPe897z3POa458EIRQhBB7z3vP
jFCMUYxRhBB8EHvPc45zjnOOc45rTWtNa01rTWtNa01rTWtNWstay1rLUkoQQQgB
CAEIAQgBCAEIAQgBCAEIAQgBCAEIAQgBCAEIAQgBCAEIAQgBCAEIAQgBCAEIAQgB
CAFCCFrMWstSylLKa45rzmvPY45jjmuOa89rz2vPY45jjmvPY89bTltOY49rz2vP
Y89bjlNNW45bjluOU05TTltPW05bjlOOU05TTUtNU05LTktOSw1LDUsNQwxLDUrM
YwxjDFrLUspSimMMYwxjTGtMWwtay2MMa01rTWNNWwxjTXOOc45zjmtNY01zz3vP
e89zzmtNfA+EEIQQe897joQQhBCEEHwQe89zj3OOc49zjnOOa01rTWtNYwxrTWtN
a01rTVrLUolaylqKGIMIAQgBCAEIAQgBCAEIAQgBCAEIAQgBCAEIAQgBCAEIAQgB
CAEIAQgBCAEIAQgBCAEIARBBWotay1rLSklSimuOa89rj2NNY01rjmuPa49rj2NO
Y05jj2NOW05bTluOY89jz1uPW45TTluOW45bjlNNU01TjlOOU45TTlNNS01LDUtN
S01LTkMMQwxDDELMQsxCzGMLWstay1KKUopay2MMYwxrTVrLUstjDGtNa01jTFrL
YwxzjnOOc45rjWNMc45zznvPc45rTXvPg8+EEHvPc86EEIQQhA+EEHvPc45rjnOO
c45zTWtNa01rTWtNa01zTWtNa01aylKJWspayjFFCEEIAQgBCAEIAQgBCAEIAQgB
CAEIAQgBCAEIAQgBCAEIAQgBCAEIAQgBCAEIAQgBCAEgw2MLUspSykJISolrjmuO
a45jTWNOY45jjmOOY45bTVtNY45bjlNNU01bTmOPY49jjltOUw1bTluOW05TDVMN
U05TTlNOUw5LDUsMSw1TTUsMSw1CzELMQsxCjELMQstay1KLUopSilKKYwxjDGNN
Ywxay1LKWstjTWtNY0xay2MMa01rTWtNa0xjDHONc49zz2uOY01zz3vQfBBzz2uO
fBB8EHwQfBBzz3OOa01zjnOOa05jTWNNY01rTGtNa01rTWtMUopKSVLKWotKCQhB
CAAIAQgBCAEIAQgBCAEIAQgBCAEIAQgBCAEIAQgBCAEIAQgBCAEIAQgBCAEIAQgB
OYdazFKKUoo5yEqJY01jjWONW0xbTGONY45jjluNU01TTFuNW01TDFMMWw1bTluO
W45TTUsMU05TTlNNSwxLDUtNU01TDUsNSw1KzELMSwxKzErLQoxCjDqLOotCi0JK
WstaylKKUolKSVrLYstjC2MMWstSilrLYwxjDWMMWspjDGtNa01rTWNMWwtrjWuO
c45rTWMMc457z3vPc45rjXvPe897z3vPc45rjmNNa05rjmtNYwxjDGMMYwxjDGMM
YwxjDFKKQgdSiVKJWooggwgBCAEIAQgBCAEIAQgBCAEIAQgBCAEIAQgBCAEIAQgB
CAEIAQgBCAEIAQgBCAEQQVKKWopKSUpJMYZKSWNNY01bTFMMUwxbTVtNW01bTFMM
UwxTTVMMSstKy0sMU01TTVNNSwxLDFMNSw1LDULMQsxKzELMSsxKzELMOotCzELM
QotCi0KKOoo6SjJKOko6SVKKUopKSUpJQghaylrLWstay0pKSkpaymMLYwtbC1KK
WstjDGNMYwxjDFrLa01rTmtNYwxbDGuOc85zzmtNY01zznPPc89zj3OOa01jDGtN
a01jDGMMYwxjDGMMYwxjDGMMYwtSiTnGSkhKiFKJOYYIAQgBCAEIAQgBCAEIAQgB
CAEIAQgBCAEIAQgBCAEIAQgBCAEIAQgBCAEIAQgBKQRSilKJSkhCCDGGQklTC1sM
UwxKy1LLWwxbDFsMUwtKy1LLUwxKy0KKSotKy0rMSwxLDELLQstKy0rLQstCikKK
QotCi0KLQopCSjpJQkpCijpJOkoyCTpJOgk6CDoJMghSSUpJSghCCEIISklSilKK
UopKSEJIUopaylrLUspKSVKKWstay1rLUopSilrLY0xjDGMMUsprTGtNa01jTFsL
a41rjmuOa41jTWMMWwxjDGMMYwxay1rLWstSylrLWstay1rLUooxhUoHSkhSSVJJ
EIIIAQgBCAEIAQgBCAEIAQgBCAEIAQgBCAEIAQgBCAEIAQgBCAEIAQgBCAEQQUHH
QghCCEIHQccxRUpJUstSy1KLSopKikrLUstSy0rKSopKikqLQopCSkJKQopKikqK
QopCSkJJQkpCSjpJOkk6STpJOkk6STpJMggyCDIIOgkyCDIIMcgpyDHHMccxxzHH
SghCCEIIQgg5x0pISklKSUpJQghCCEpJSopSiUqIQkhKSVKKUopSikpKSklay1rL
WstSikpJWwtjC2MLWstaimMMYw1jTGMMYwtay1rKWwtay1rLUopSilKKUkpSilrK
WspSiVKJMYU5xkIHSghKSDFFCAEIAQgBCAEIAQgBCAEIAQgBCAEIAQgBCAEIAQgB
CAEIAQgBCAEIARABIMM5RjmGOYY5hjmFMUVCCEqJSolKiUJJQklKikqKSopKSUII
QklCSUJJOgg6CUJJQklCSUJJOgg6CDoJOggyCDIHMcgyCDHHMccxxzHHMcYxxzHH
KYcphymGKYYphilFKUYpRkHHQcZBxjmGOYZJx0oHQgdCBznGOcZBx0oISghCCEHH
QghKSUpJSklCCEIHUklSSVKJSkhCSFKKUopailJKUklailrKWspaylrKUolSiVKJ
UopSiUpISklKSUpJSklKSUpISkhCSDGFMYU5xkHHQghJyBiDCAEIAQgBCAEIAQgB
CAEIAQgBCAEIAQgBCAEIAQgBCAEIAQgBEAEYQjFFMYUxhTFFMUQxRDFEQgdKSEpJ
QghCCEIIQghCCEIIQcg5xznIOggxxzHHMcc5yDnHOcc5xzHGMcYxxjHGKYYphjGG
MYYxRimGKYYpRilFKUUpRSkFKQUhBCEFIQUhBSEFIQU5hTmFMUUpRSlFOYY5hjmG
OYYxhTFFOYZBx0HHOYYxhTmGQcdBx0HGQcY5hkHHSghKB0HGQcZKCEoISghCB0IH
SkhKSEpISghKSEoIQgdKCEoISghBx0nIQcdBx0HHQgdCB0IHQgc5RTFEOYU5hUHG
OcYxRRBBCAAIAQgBCAEIAQgBCAEIAQgBCAEIAQgBCAEIAQgBCAEIARBBIMMxBDmF
OYUxRDFEMUQxhTnGQcc5xznGMcY5xjnGOcY5xjnGMYUxhjGGKUYpRilFKUUxhilF
KUUpRSlFKUUpRSlFIQQhBCEEIQQhBCEEIQQhBCEEIQQYwxjDGMMYwxjDEIIYwxjD
MQQpBCjEKMMowzEDMQMxRDFEKQMpAylDMUQxRDEEMQMxBDlFOUU5RTEEMUQ5RTmF
OYUxRTFEMYU5RTGFOUU5hUGFQYZBhTmGOYY5hjFGOYY5hjmFMYU5hjmFMYU5hTmF
OYU5hTGFMUQpBDFEMUQ5hjmFMUUgwwgBCAEIAQgBCAEIAQgBCAEIAQgBCAEIAQgB
CAEIAQgBEAEggyjEKQQxBTFEKQMxBDFEMQQxRDFEMUUxRClEKUQpRClFKUQpBCEE
IQQhBCDEIMMhAyEDIQMhAyEDIMMgwyDDIMMgwxjDGMMYwxjCGMMYwxjDGIIYghiC
GIIYghiCGIEQghCCEIIQgijDKMMgwyjCIMIpAikDKQMgwyDDKMMowykDKQMpAyED
KQMxBDEDMQMpBCkDMQMxQzEDMQMpAzEDMQQxRDEEMQQ5BDlEOUQxRDFEMUQxBDFE
MUQxRDEEMUQxRDEDMQMxRDFEMUQxRDEEMQQxBDEEMUUxRDFEKQMgghABCAEIAQgB
CAEIAQgBCAEIAQgBCAEIAQgBCAEQASCCIMMowyjEKQQpAykDMQMxBCjDKMMpAykD
KQMhAykDKQMpAykDKQMhAiEDIQMgwyDDIMIgwyDDIMMgwyDDIMMgwyDDIMMgwxjD
IMIgwiDCIMIgwhjCIIIYghiCGIIYghiCGIIYghiCGEEowijCKMIowijCKMIowijC
KMIowijCKMIowjDCKMIowijCKMIowijCKMIwwjDCMQMxAzEDMQMxAzEDMQMxAzED
MQMxAzEDMQMxAzEDMQMxAzEDMMMwwzDDMMIowijCKMIowijCKMIowijCMQMxAzED
MQMowyDCIIIggRhBCAEIAQgBCAEIAQgBCAEIAQgBCAEIARABGIIowyCCKMMwwzEE
MQQxBDEDMQMxAyjCKMIowyjDKMMowyjDKMMowyjCKMIowyjCKMMowyjCKMIowijD
KMIgwiDCIMIgwiDCIMIgwiDCIMIgwiDCGMIYwhiCGIIYghiCGIIYghiCGIIYQRiB
KMIowiiCKMIogijCKMIowijCKMIowijCKMIowikCKMIowijCKMIowijCKMIowjDD
MMMwwzEDMQMxAzEDMQMxAzEDMQIxAjECMQIxAzEDMQMxAzDDMMIwwjDCKMIowijC
KMIogijCKMEowjDDMQMxAzEDKMIowyjDKMMowxiDEEEQQQgBCAEIAQgBCAEIARAB
GIIgwyDDIMMggijEOQU5RTEFMQMxBDEDMQIpAikCKQIowijCKQIpAikCKQMowyjD
KMMowyjDKMMowyjDKMMowyjCKMMowiDCIMIgwiDCIMIgwiDCGMIYwiDCIMIYghiC
GIIYghiCGIIYQhiBGIEYgSjCKIIogiiCKIIogijCKMIowSjCKMIowijCKMIowijC
KMIowijDKMIowijCKMIowjDCMMIwwjDDMMMxAzEDMQMxAzEDMQMxAzEDMQMxAykC
MQMxAzEDMQIwwjDCMMIwwjDCKMIogijCKMIpAzEDKQMxAyjDMQMxAyjDKMQpBCkF
KQQgwxiCGIIYghiCGMMgwykDKQQpBCkEIMMpBDlFOYYxBDEDMQMxAykCMQIxAykC
KQMxAykDKQMxAykDKQMowyjDKMMowyjCKQMowijDKMMowyjDIMMggiDCIMMgwiDC
IMIgwiDCIMIYwiDCIMIYwRiCGIIYghiCGIIYghiCGEIogiiCKIIogiiCKIIowijC
KMIowijCKMIowijCMMIowijCKMIowikCKMIowijCKMIwwjDCMMIwwijCKMIxAzED
MQIxAzEDMQMxAzEDMQMxAzEDMQMwwzDDMMIwwjDCKMIowijCKMIowijCKMMxAyjC
KMIowykDOUQxRDFEKQMgwyjDKMQpBCkEKQQpBCDDIMMoxCkEKQQpBCDDKMMpAykD
KQMpQzEDKQMpAikDKQMpAikCKQIpAyjDKMMpAykDKMMowyjDKMMowyjCKMIgwijC
KMMowyjCIMIgwiDCIMIgghjCIMIgwiDCIMIggiDCIMIYghiCGIIQghiCGIIYghiC
IMIowiCCKIIggiCBKIIggiCCKIIogijCKMIowiiCKIIowiiCKMIowijCKMIowyjC
KMIowijCKMIowijDMMMwwzEDMQMxAzEDKMIowijDMMMwwjDCMMIwwijCKMIowijC
KMIowijBKMIowijDMQMowyjDKMMowijDKMIggSCBIMIpAzFEMUUxRCkEKQQowyDD
KQQpBCkEKQQpBCkEKQMpAykEMQMxAzECMMIxAjECMQIxAzEDMQMxAzEDMQMxAzED
KQMpAykDKQMpAyjDIMIowijCIMIgwiDCIMIgwiDCIMIgwhjCIMIgwiCCIIIggiCC
GIIYghiCGIEYgRiBGIEYgSiCKIEogiiCKIIowijCKMIowijCKMIowijCKMIowijC
KMIowijCKMIowijCKMIowijCMMIowijCKMMowjDCMMIwwjDCMMIwwjDCMMIwwijC
KMIowijCKMIowijCKMIowijCKMIowiiCKIIogijCKMIgwyDCIIIYgRhBGEEYgSDC
IQMpAzFEMQQpAykDIQMgwyDDIMQgxCDEKQQpBCkEKQQxAykCKQMpAijCKMIowijC
MMIwwjECMQIwwikCKQIpAikCKQIpAikCKQIpAykDKQIpAijCKMIowiDCIMMggiDC
IMIgwiDCIMIggiCCIIEgghiCGIIYghiCGIEQgRiBGIEggiiBKIIogiiCIIIowijC
KMIowjDCKMIowyjCKMIowijCKMIowjDCKMIowikCKMIowijCKMIowijCKMIowijC
KMIowijDKMMowijCKMIowijCKMIogijCKMIowijCKMIowyDCKMIggiCBIIIowijD
KMMgwiCCGIEYQRhBGIEowyjDKMMowykDIQMhAykEIMMYwiDDIMMgwykEKQQpRCkE
KQMxAykDKMIowijCKMIowijCKMIowyjDKMMowyjDKMMowyjDKMMowijDIMIgwiDC
IMIgwiCCIMIgwiDCIMEgwiDCIMIgwiDCIIIggiCCIIIggiCCGIIYghiCGIEYgRiB
KIIggiCBIIEggSCBKIEogiiCKMIowijCKMIowijCKMIowijCKMIowijCKMIowikC
KMIowijCKMIggiCBIIIowijCKMIpAijCKMIowijCKMIowijCKMIowijCKMIowijC
KMIowijCKMIgwSDBIMIowijCIIIYgRiBGEEYQRhBIIIgwiDDIMMgwyDDKMQgwxiC
GIIYgiDDIMMhBCEEKUQpBCjEKMMowijCKMIowijCKMIowijCKMIowijCKMMowyjD
KMMowijCKMIowijDIMIgwyDCIMIgwiDCIMIgwiDBIIIggiCCGIIYghiCGIIYghiC
GIIYghiCGIIYQhiCGIIQgSCCIIIggiCCKIIogiiCKIIogiiCKIIggiiCIIIogiiC
KIIogiiCKMIowijCKMIowijCKMMowiiCIIIggiDCKMIowijCKMIowijCKMIowyjC
IMIowikCKMIowijCKMIowijCKMIowijCKMIowijCIMMgwiCCIIIYghhBGEEYQBhA
GEAYgRiBGIIYghiCGIIYghiCIIMggyDDIQQpBCkEKQQpAyDCIMIowijCKMIowijC
KMIowijCKMIpAijCKMIowijCKMIowiDCIMIgwiDCIMIgwiDCIMIgwiDCGMIgwiDC
IMIggiCCIIIgghiCGIIYgRiBGIEYghiCGEIYghiCGIEggiCCIIIggiCBIIEggiCC
IIIggiCCIIIggiCCIIIggiDCIMIgwijCKMIowijCKMIowijCIMIgwiCCKIIowijC
KMIowijDIMIowijCKMIowijCKMIpAyjCKMIgwijCKMIowiDCKMIgwijCKMIogiCC
IIIYgiCCGIIYQRiCGEEQABAAEAEQARBBEEEQQRCBGEEYghiCIIIhAykDKQQpBCkE
KMMgwiCCKIIggiDCIMIgwijCKMIowiDCKMIowijCKMIowikCKMIowijCKMIgwiDC
IMIgwiDCIMIgwiDCGMEgwiDCIMIggSDCIIEgghiCGIIYghiCGIIYghiCEIEQQRBB
IIIowiiBIIEggSCBIIEggiCCIIIggiCCIIIggiCCIIIogiCCKIIogiiCKMIowijC
KMIowijCKMIowijCKMIgwijCKMIowijCKMIowijCKMIowijCKMIowiiCKMIowijC
IMIowijCKMIowijCIIEggSCCGIEYgRiCGIIQgRBBGEEQQRBBEAAIABABEAEQARAB
GEIggyDDIMMowykEIMQgwyCCIMIgwijCKMIowijCKQIowijCKMMowyjDKMMowykD
IQMpAyjCKMIowijCKMIowiDCIMIggiDCIMIgwiDCIMIYwiDCIMEgwiDCGIIgghiC
GIIYghiCGIIQghCBEEEQQSCCIIIggiCCIIIggiCCGIEggSCBIIEggSCCIIIggiCC
IIIggiCCIIIgwijCKMIowijCKMIowijCKMIowiDCKMIowijCKMIgwijCKMIowijC
KMIowijCIMIowijCKMIowijCKMIowijCKMIggiCBIIEggRiAGIEYQRhBEEEQQRBB
EEEQQRBBEEEYgRBBEEEQQRhCGIIYgiDDIMMgwyDCIIEogSCBIMIowijCKMIowijC
KMIowikDKQIpAikCKQIowijCKMIowijCKMIowijCKMIowijCIMIgwiDCIMIgwiDC
IMIgwiDCIIIggiCCGIIYghiCGIIYghiBGIEYgRiBGIEggSCCIIIggSCBIIEggSCB
IIEYgSCBIIEgwSCBIIEggSCCIIEowijCKMIowijCKMIowijDKMIowijCKMIowijC
KMIowijCKMIowijCKMIowijCKMIowijCKMIgwijCKMIowijCIIIggiCCIIIYgRiB
GIAYgBhAGEEQQRABEEEQQRBBEEEQQRBBEEEQQRBBGIEYQRhBGEEggiCCIIEggSCB
IIEowijCKMIowijCKMIowijCKMIowijCKQIpAykDIMIowijCKMIowijCIMIgwiDC
IMIgwiDCIMIYwiDCIMIgwiDDIMIggiCCGIIYghiCGIEYgRiBGIEYgRiCGIEYgRiB
IIEggSCBIEEggSCBIIEggSCBIIEggSCBIIIogiCCIIIgwSDCKMIowijCKMIowikC
KMIowijCKMIowijDKMMowyjCKMIowijCKMIowijCKMIowijCKIIowijCKMEowSjC
IMIggiCBIIEggiCBIIEggRiBGEEYQBhBGEEQQRBBEEEQQRBBEEAQQBBAEEAYQRhB
GEEggSCBIIEggSBBIIEggSDCIMIowikCKMIowijCKMIowijCKMIowijCKMIowyjD
KMMgwiDCIMIgwiDCIMIgwiDCIMIYwhiBGIIgghiCGIIYghiCGIIYghiCGIIYghiC
GIIYghiCGIIYghiCGIEYgSCBIMEggiCCIIIggiDBIIEggSCBIIEggSCBIIEogiCC
KMIowijCKMIowijCKMEowijCKMIowijCKMIowijCKMIowijCKMIowijCKMIowijC
KMIowijCKMIowijCKMIogiiCIIEggSCBIIEYgBiBGIEYQRhAGEAQQBhAGEAYQBhA
IEAYQSCBIIEYgRiBGIEYgRiBIIEYQBhAIIAggSCBIIIgwiDCKMIowijCKMIowijC
KMIowijCIMIowijCIMIgwiDCIMIYwSDCIMIgwiDCIIIgwiCCIIEggiCCIIIYghiC
GIIYghjCIIIYgiCCIIIggiCCGIIYghiCGEIYghiBGIE=
END m9
frame     5 :  a glass with tea +0.33  an empty glass +0.23   led  14/129 h0.27 lvl+0.28   -
frame     6 :  a glass with tea +0.22  an empty glass +0.17   led   6/164 h0.18 lvl+0.20   -

snapshot  : frame 7, mean RGB 112 108 109
BEGIN m9 128 128 32768 d08e55ec
UkdKBmLJa0trS2tMYwtaynONfA+EEIQPe457zoxQjFGUkYxQhFCMkZTSnNOc05zT
nNKU0pSSjJGdE50UnRSU05TSnROlFKUUpRSc05zTpRSlFKVUnNOc06UUrVWtVaVV
pRSdE61VrVWtVaVUnRSlVK1VrVWtVa1VrVWlVZ0UpValVa1VrVWlFKUUpRSlVaVV
pVWdFKUUpRSlVaVVpVWdFJ0UnRWdVaVVnRSU050UnRWdVJUUjNOVFJUUnRSVFJUU
lRSM040TjNOM04zTjNKM0ozSjJKM0ozSjNOEkoRRhFGEUYSRfFF8UXQQfFF8UXwQ
dBBrz2wPdBBsD2wPa89jjlJHQgdaymsMa0xrC2MLWspzjXwPhA+ED3uOe8+MUYxR
lJKMUYQRjFGUkpTTnNOc05TTlNKUkoyRnROdFJ0UlNOU050TpRSlFKUUnNOU0qUU
pRStVJzTnNOlFK1VrVWtVaUVnROlVaVVrVWtVaUUpVStVa1VrVWtVa1VpRSlFK1V
rVWtVa1VpRSlFKVVpVWtVq1VpRSlFKVVpVWlVaVVnRSdFJ1UnVWlVZ0UnROdFJ0U
nVWVFJUTlRSVFJ0UlRSU04zTjNOM05TTjNOMk4zTjNOMk4zTjNOM04zShJKEUnxR
fFGEknxRfFF0EHRRfFF0EHQQa89sD3QPdA9rz2vPY45aSEoGWslrC2tLawtjC1rK
c42ED4RQhBBzznvOjFGMUZSRjFGMUYyRlJKU05zTnNOc05zSlJKMkZ0UnRSdFJTT
lNOdFJ0UpRSlFKTTnNKlFKUUpVSc05zTpRStVa1VrVWlFZ0TpVWtla2VpVWdFKVV
rVWtVa1VpVWlVaVUnRStVa1VrVWtVaUUpRSlVaVVrZalVZ0UpRSlVKVVpVWlVZ0U
nRSlVaVVpVWdFJ0TnRSlVJ1UnRSU050UnRSdFJ0UnRSVFIzTjRSU04zTjJOM04zT
jJOM04zTjNOM04SShFKEUYRRhFJ8UXxRdBF8EHxRdBB0EGvPa9B0EHQQdA9rzmON
UkhKB1qJawtrS2tMYwtbCnONhA+EEIQQc85zzoxRjFGUkYxRjFGMkpSSnNOc05zT
nNSck5SSlJGdE50UnRSU05TTnROdFKUUpRSc05TSpRSlVKVUnNOc06UUrVStVa1V
pVSdFK1VrVWtlaVVnRSlVa1VrZWtVa1WpValFaUVrVatVq1VrVWlFKUUpRWlVa2W
rZalFKUUpVWlVa1VpVWdFJ0UnRWlVaVVnRSVE50UnRWdFZ0UlNOdFJ0UnRSdFJ0T
lRSM040UlNOM04yTjJOMk4yTjNOM04zTjNOMkoSShFGEUYRShFF8UXQRdBB8UXwQ
dBBrz2vPdBBsEGvPa85jjVJISgdaiWsLa0trS2tLYwpzjYQPhE+EEHPOe86MUIxR
lJKMUYxRjFKUkpzTnNOc05zTlNOUkoyRnRSdFJ0UlNOU050UpRSlFKUUnNOU0qUU
pRStVJ0TnNOlFK1UrVWtVa0UpROtVa1VrVWlVaUUpRSlVa1VrVatVqVVpRWdFK1V
rVWtVbWVpRWlFaVVpVWtla1VpRSlFK1UrVWtVaVVpRSdFKVVpVWlVZ0UlRSdFZ0V
nRWdFJTUlRSdFJ0UnRSVFJUTjNOM04zTjNOMk4TTjNOM04zTjNOM04SThJKEkoRR
hFGEUXxRfFF0EHRQfFF8EXQQa89rz3QQdA9rz2vOY41SiEoGWslrS2tLa0tjSmMK
c42ED4RQhA9zznvOjFCMkZSRjFGEUIyRlNKU05zTnNOc05zTlJKMkp0UnRSlFJTT
lNOdFKUUpRSlFKTTnNOlFKUUpVWc05zTpRStVa1VrVWtFJzTrVWtVa1VrVWlFKVV
rVWtVa1VrVWlVaVUpRStVa1VrVWtVqUVnRWlVaVVrVWtVaUUpRStVK1VrVWlVaUU
nRSlVaVVpVWdFJUTnRSdFaUVnRSU1JUUnRWdFJ0UnNSVFJTTlNOU04zTjNOM0ozT
hNKM0ozTjNOM0oyShJGEUYRRhFF8UXxRdFB8UXxQfBB0EGvPa9B0EHPQa89rzmON
WolKB2KJc0xrTGtLa0tjC3ONhA+MUIRQe897zoxRlJGUkoxRjFCMkZSSnNOc05zT
lNOU05TSlJKdFJ0UnRSU05TTnRSdFKUUpRSlE5zTpVSlVa1VnNOc06UUrVWtVaVV
pRSdE61VrZWtla1VpRSlVa2VrVWtlq1VrVWlFKUUrVWtVa1VrValVaUVpVWtVa2W
rZalFKUUrVWtlq1VpVWlFZ0UpRSlVa1VnRSdFJ0UpRWlFZ0UlNSdFJ0UnRSdFJ0U
lRSM05TTlNOU04zTjNOM04STjNOM04zTjNOMkoRSfFGEUYSSfFF8UXQQfBF8UXwQ
dBBrz3PPdBB0EGvPY85jjVrJSghaimtMa0xrTGtMYwtzjYQPjBCEEHvOe86MUZSS
lJKMUYxRlJKc0pzTnNOc05zTnNKUkpSRpROlFKUUnNOc050UpRSlVKUUnROU06UV
pVWtVZ0UnNOlFK1VrVWtVaUUnRStVa1VrVWtVaUUrVStVa1VrZWtVq1VpRWlFK1V
rVWtVa2VpVWlFaVVrVWtVa1VpRSlFaVVrZWtVa1VpRSlFKUUrVWlVZ1VlRSdFZ0V
pRWdFJTUnRSdFZ0UnRSVFJUUlNOU1JTTjNOM0oySjNOM0ozSjNOM04zSjJKEUoRR
hFGEkYRRfFF0EHxQfFB8EHQQa89rz3QQdA9rz2OPY45iyVJHWslzjHNMc0xrS2ML
c42ED4wPjA97znvOjFCUkZSSjFGMUYySlNKc05zTnNOc05TSlNKUkqUUpRSlFJTT
lNOdFKVUpVSlFJ0TlNOlFKVUrVWdE5zTpRStVa1VrVWlFJ0UrVWtVa2VrVWlFK1U
rVWtVa2WrZatVaUUpRStVa1VrVatlqVVpVWlVa1VrZatVaUUpRWlVa1VrVWtVaUU
pRSlFaVVpVWdFJzUnRSlVaVVnRSVE50UnRWdFJ0UlRSU1IzTlNOU05TTjNOM04zT
hNOM04zTjNOM0oyShJGEUYRShJKEUXxRdBB0UXxQdBB0EGvPa89sEHPQa89jjmOO
WslSR2LJc0xzjHOMa0xjS3ONhA+EEIQQe857zoyQjJGUkoxRhFGMkpSSnNOc05zT
nNOc05TSlJGlFKUUpRSU05TTnRSlVK1UpRSlFJzTpVSlVaVVnRSVE6UUrVWtVa1V
pVSdFK1VrVW1lq1VpRSlVK2VrZWtlq2VrVWtVKUUrVWtla2VrZalVaVVrVWtlrWW
rZWlVKVVpVWtVa2VrVWlFKUUpVSlVaVVnRSc06UUpRSlVZ0UnROdFJ0UnRSdFJUU
lNOM05UTlNOU05TTjNOM04zTjNOM04zShNKEkoRRhFGEUYSRfFF8UHQQdFB8UHRQ
dBBrz3PPdA9zz2vOa45jjmMKUohbCnOMc4xzjWtNa0xzjoQQhBCEEHvPe8+MUYxS
lJKMUYxRlJGc0pzTnNOc05zTnNOU0oyRpNSlFKUUnNOc06UUpVSlVaVVnRSc06UU
pVWtVZ0UnROlFK1VrVWtVaUVpRStVa1VtZatVaUUpVStlbWWtZa1lq1WpVWlFa1V
rZatlq2WpVWlVa1VrVWtla2VpVSlVKVVrVWtVqVVpRSlFKVVpVWlVZ0UnNSlFKUV
pVWdFJTUnRSdFJ0UnRSVE5TUjNOVFJTTlNOM04zTjNOE04zTjNOM04zTjJOEUoRR
hFGEkXxQfFF0EHwRfFF8EHQQa89r0HQQdBBrz2POY45jClKIYwpzjHONc41rTWtM
c42ED4wQhBB7z3vPjFGUkZTSjFGMUJSRnNKc06UTnROdE5zTlJKUkqTTpRSlFJzT
nNOlFKVUpVSlVKUUnNOlFK1VrVWlFJ0TpRStVa1VrVWlFKUUrVWtVa2WrVWlFKVU
rZWtlrWWtZatlqVVpRStVbWWrVW1lq1VrVWtVa2VrZatVqVVpVWlVa1WrZalVaVV
pRSlVKVVpVWdFJzUnRSlVaVVnRSVFJ0UnRWdFJ0UlRSVE4zTlROU05TTlNOM04zT
jNOM04zTjNOEk4SShFGEUYRRhJJ8UXxRdBF8UXxRdBB0EGvPa890EHQPa89jjmON
awtaiWMKc41zjXONc41rTHONhA+EEIRQe857z4xRjJKUkoxRjFCUkZTTnROdE50T
nROc05SSlJKk1KUUpRSc0pzTpRSlVaVVpVWlFJzTrVWtVa1VpRSdFKUUrVWtVa1V
rVWlFK2WrZa1lq1VpRStVa2WrZa1lrWWrZatVaUUrVW1lrWWtZatVaVVrZWtlbWW
tValFKVVpVWtla2VrZWlVKVUrVWlVaVVnRWc1KUUpVWlVZ0UlRSdFJ0UnRSdFJUU
lROU05UTlROU0ozSjNKM0oySjNOM04zThJOEk4RShFGEUYSRhFF8UXQQfFF8UXRQ
bBBrz3PQdBB0D2vOa85jjWtLWslrC3ONc45zjnONa01zjYQQjFCMUHvPe86MUZSR
lJKMUYxRlJKU0p0TnROdE5zTnNOUkpSRnNOlFKUUnNOc06UUrVWtVa1VpRSc061V
rVWtVaUUnRSlVK1VrVWtVa1VpRStVbWVtZWtVaUUrVW1lrWWtZa1lq2WrVWlVK2V
rZatlrWWrVWtVa1VrVWtlq2WpVWlVa1WtVatlq1VpVWlFK1VrVWtVaUUnRSlVaVV
pVWdFJUUnRWlFZ0UnRSdFJUTlNOVE5UTlNOM0ozSjNOM04zTjNOM04yTjJKEUoRR
hFKEkoRRfFF0EHRRfFF0UHQQa89r0HQQdBBrz2OOY45rjVrKa0x7znvOe857znON
c86EEIxQjFCED3vPjFGUkpTSlJKMUZSSnNOc050TnROdE5UTlNOUkqUUpRSlFJzT
nNOlFK0UrRStFKUTpROtVK1UrVWlFJ0TpRStVbWVrVWtVaUUrVW1lrWWrVWlFK1V
tZa1lrWWtZatVa0UpRStVa1VrRStVaUUpRSlFKUUpVWlVaUUpVWlVa1VrVWtVaUU
pRStVaVVpVWlFJ0UpVWlVaVVnRSVFJ0UnRSdFJ0UnRSU04zTlRSVFJTTlNOM04zT
jNOM04zTjNOM04SShJKEUYRShJJ8UXxRdBB8EXxRfBB0D2vObA90D3QPa89jjltN
c41jC2tMe857znvPc49zjnPOjFCMUIxQhA+ED5SRlJGUkoySjFGUkpzTpNOlE6UT
pROc05zTlJKdFKUUpRSU05zTpRStVa1VrVWlFKUUpVWtVa1VpRSlFKUUrVW1lrWW
rVWlFK1VtZW1la2VpRSlVK1VpVWlVKUTnNKUkZRRlJGUkZSRlJKUkpSSnJKUkZSR
lJGUUJSRnJGUkZSRlJKU050UpVSlVaVVpRSdE6UUpVSlVZ0UnRSdFJ0UnVSdFJ0U
lRSU05TTlROU05TTjNOM04zTjNOM04zTjNOMkoSSfFGEUYRRfFF8EXQQfFF8UXxQ
dBB0D2wPdA9sD2vOY41jjnvOa0xzjXwPhA98D3vPc457z4RRjFGMUYQQhBCUkpTS
nNKUkoyRlJKc050UnROdE50TnNOc05TSnRSlFKUUnNOc06UUrVWtVa1VpRSlFK1V
rVWtVZzTnNOlFLWWtZa1lq1VpRStVbWVrVWtVJzSlJGUUJSRlJGUkpSSnNOc06UU
rVWtlrXYvhm+Gb5Ztdi117XXrZatlqVVnNOU0pSSjFGMUZSSnNKdFJ0UnRSlVaVV
pVWdFJTTnRSdFJ0UnRSdFJUUlNOVE5UTlNOU04zTjNOM04zTjNOM04TTjJKEUXxR
hFGEUXxRfFF0EHxRdFF0EHQQdA9rz3QQdA9rz2OOW417zmtMc42ED4QPhA+ED3vP
hA+MUYxRjFGEEIQQlJKUkpzSlJKMUZSSnNOlE6UTpROlE50TlNKUkqUTpRSlFJzT
nNOlFKUUrVWtVaUUnNOtVK1VrVWc1JzTpRS1lbWWtZatVaUUrVWlFJzSlJGUkJzS
nNOlFKUUrVWtVa1VpRStVbWWtdfOWs6bzpvO274Yvhi+F74Yvde1lq1UrVWlFJ0U
nRSU05TSjJGMkZTSnROlVaVVnRSdFKUUpRSlFKUUnRSc1JTTlNOU05TTlNOU05TT
jNOM04zTjNOM04SShFKEUYRRhJGEUXxRdBB8UXRQdFBsEGwPbA90D3QPa85jjWON
fA9zjXOOhA+EEIQQhBB7z3vPjFGMUZSRhBCEEJSSlJKU0pSSjFGUkpzSnROlE6UT
pROdE5TSlNKdFKVUpVSc05zTpROtFK1VrVWlFJzTrVWtVa1VpRSlFK1VtZa1lrWW
rVWc05zSlJKU0p0TnNOlFKUUrVWtVa1VrVWtVaUUpVW9186a79/nn+ef75/GWs6b
zprW274YrZWtVa1UpRSlFKUUpRSdE5TTlNOUkpSSnNOlFJ0UnRSdFKUUpRSdFJ0U
lNSU05TTlNOU05TTjNKM04yTjNOM04zTjNKEkoSShFGEUYSShFF8UXQQfFF0UXQQ
dBBzz3QQdA9sD2vOY41jjYQPc817zoRQjFCMUIQQhA+EEIxRlJGUkoxRhFCUkpSS
lNOUkoyRlJKc0pzTnROlE6UTpROc0pzSpRSlFKUUnNOc06UUpRWtVa1VpRSc061V
rVWtVaUUpRStVbWWtZatVJzSlJGU0ZzSpROtVKVUpRStVa1VrVWtVa1VrVWlFK1V
xlnfHe/f55/nn+/fxlrO286b3xy+GK1VrVWtVaUUpRSlFKUUpRSc05zTlJKMUYRR
lNOdFJ0UnVSdVKVUnRSdFJUUlNOVE5UUlROU05TTlNOM04zTjNOM04zThJKEUYRR
hFGEUXxRfFF0EHxRfFF0EXQQa89sEHQQdBBrz2OOY46EEHOOe8+EEIxRjFGMUYQQ
hBCMkZSRlJKMUYwQlJKU05zTlJKMkZSSnNKlE6UTpROlE50TlNOU0qUUpRSlFJzT
nNOlFKUVrVWtVaUUnNOtVa1VrVWlFKUUrVW1lrWVnNOUUZSRlJKc0qUTrVWlFKUU
rVWtVa1VrVWtVa1VpRStVb3X1xv33+ef55/v375ZzpvOm98cvhitVa1VrVWlFJzT
pRSlFKUUlNOU0pTTjJGEUYxRnNOc06UUpRSlFKUUnRSdE5TTlNSU1JTTlNOU04zT
jNOM04zTjNOM0oyShJGEUYSShJKEUXxRdBB0UXxQdFBsD2vPa890EGvPa89jjmON
jFB7z3vPjFGMUYxRjFGEEIQQlJKUkpSSjFGMEZSSnNOc05SSjJKUkpzTnRSdFKUU
pRSdFJzTlJKlFKUUpRSc05zTpRSlFK1VrVWlFJzTrVWtVa1VpRSlFK1VtZWtlZSS
lJKc05zTnNOlFK1VpRSlFK1VrVWtVa1VrVWtVa1VrVW1lsYY99/nn+ef79++Wc7b
zpvfHb4ZrVWtVa1VpRSdFKVVpRSlFJTTlNKU0pTSjJGEUZzTnROdFJ0UnVSdFJ0U
lRSU05UTlROU05TTlNOU04yTjNOM04zTjNOMkoRRfFGEkoSShFF8EHQQfFB8UXRQ
dA9rz3QPdA9rz2vPY45jjoxQhA+ED4xRjFGMkYxRhBCMUZSSlJKUkoxRhFGU05zT
nNOckpSSnJKc05zTpROlE6UUpRSc05zSpRSlFKUUnNOc06UUpRStVa1VpRSc061V
rVWtVaUUpRStVbWWrVWc0pSSnJKc0pzSpRStVaUUpRStVa1VrVWtVa1VrVWtVa1V
tZa91+/f517nn++fvhnW29bb3x3GGa1WrVWtVaUUnNOtVaUUpRSU04ySlJKUkpSS
lJKc050TpRSlFKVUpRSdFJ0UlNOVE5UTlNOM04zTjNOM04zTjNOM04zSjJKEUXxR
hFF8kXxRfFF0EHxRdBF0EHQPa890D3QPbA9rzmOOY46MUYQQhBCMUZSSlJKUkoxR
jFGc0pzSnNKMkYxQnNOc05zTnNOUkpTTnNOk050TpRSdFJ0UnNOc0qUUpRSlFZzT
nNOlFKVVrVWtVaUUnNOtVa1VrVWlFJ0TrVW1la1UnNKckpyRlJGU0aUTrVWlFKUU
rVWtVa1VrVWtVbWWrVWtVa1VtZbvn+de557vn75ZztvO299dxpmtVa1VrVWlFJzT
rVWlFJzTlJKMUYySlJKU0pTTnNOdFKUUpRSlVaVUnRSdFJTTnRSVFJTTjNOM04zT
jJKU04zTjNOM04yShFJ8UYRShFJ8UXwRdBB8UXRQdBBsD2vPc890D3QPa85jjluO
jFGEEIQPjJGUkpSSjJGMUIxRlJKck5zTlJKMUZzTnNOc05zSlJKUkpzTnNOlE6UU
pRSlFJzTnNKlFKUUpRSc05zTpRStVK1VrVWlFZzUrVWtVa1VpRSlFK1VtZalVJzT
nNOc0pzSnNKc0qUTpROlE61UtVWtVa1VrVWtVaUUrVWtVbWW313nnude512+GM6b
zpvfHcZZrVWtVa0UpROc06UUnNOUkpSSlJKMkpTSlNOdFJ0TnRSlVaVVpVWlVZ0U
nRSU05TTlROU05TTlNOU04zTjNOM04zTjNKEkoRRhFGEUYRRhFF8UXwQfFF0EHQQ
a89rz2vPbBBrz2vPW45jjoxRhBCED4xRlJKUkpSSjFGMUZTSnNKc05SSjFGc05zT
nNOc0pSRnNKc0p0TpROlE6UTpROc0pzSpRSlFKVVnNOdFKUUpVWtVa1VpRSc061V
rVWtVaUUpRStVbWVpVSlE5zTnNKlEpzTnNOlFKUUnNOk06TTpROtFK1UrVSlE61V
tZWtVd7b513nXd8dtdfOms6Z3xu+GKUUpRSc1JzTnNOdFJzTlNKUkpTSjJKUk5TT
nRSdFJ0UpRWlVKVVpVSdVJ0TlNOU050UlNOU05TTlNOM04zTjNOM04TThJKEUnxR
hJKEkoRRfFF8EHxRfFF8EHQPa89z0HQQa89rzmONW42MkYQQhBCMkZSSlJKMkoxR
jFGU0pTSnNOUkoxRnNOc05zTlNKUkpTTnNOdE6UTpROlE6UTnNKc0qUUpRWtVZzT
nNOlFK1VrVWtVaUUnNOtVa1VrVWlFJzTrVS1laUUpROc0pzSpNKc05zTpRSlFJzT
nROlFKUUpRSlVK1VrVW1lrWWrVXfHOee757fXbYXzprGmd8bvhilFKUVpRSc05zT
pROc05SSlJKUkoySlNKc050UnROdFKVUpVSlVKVUnVSdE5UTnROVFJTTjNOM04zT
jNOM04zTjNOE04SShJJ8UYSShJJ8UXxRdBB8UXxRdBB0EGvPa9BsEGwPY89bjluO
jFGEEIQQjFGUkpSSlJKMUYxRlJKU0pTTlJKMUZzTnNOc05TTjJKUk5zTpNSlFKUU
pRSlFJzTlNKlFKUUrVSc05zTpRStVK1VrVWlFJzTrVWtVa1VpRSlFK1VtZatFKUU
nNOc05zTnNOlFK1VpRSc05zTpRSlFK1VrVWtVb3X1prGWr4Z95/33//f79++Wc7b
zprXHL4YpRWlVaUUnNOc05zTnNOU0pTSlNKMkpSSlNOdFJ0TnRSlVKVUpVWlVJ0U
nRSU05TTlNSU04zTjNOM04zTjNOM04zThNKEkoRRfFGEUoRRfFF8UXQQfFF0UHQQ
bA9rz2vPbBBrz2POW41bjoxRhBCEEIxRlJKUkpSSjFGMUZTSlNKc05SSjFGc05zT
nNOU05SSlJKc06UTpRSlFKUUpRSc05TSpRSlFK1UnNOdE6UUrVStVa1VrVSc061V
rVWtVaUUpRStVbWVrRStFKTTnNOk05zTpRStVa1UnNOc1KUUpVStVa1VrVXGGN8c
1tvGWf/f/9//3//fvljOms6a1tu+GKUUpRWlFJzTnNOc05zTlJKUkpSSjJKUkpzT
pRSdE50UpVSlVKVUnVWdVJ0UnNOdE5zUnNOU05TTlNOM05TTjNOM04TThJKEkYRR
hJKEkoRRfBF8EHxRfFF0EGvQa89r0GwQa89jz1uOW46MUYQQhA+MUZSRlJKUkoxR
jFGUkpSSnNOUkoxRnNOc05zTnNKUkpSSnNOc1KUUpRSlFJ0UnNOU0qUUpRSlFJzT
nNOlFK1VrVWtVaUUpROtVa1VrVWlFKUTrVS1la1UrRSk05zTpNOk06UUrVSlE5zS
nNOlE6UUrVWtla1VzlnnHNbbxhn/3//f/9/3n74YzpvOmtbbvhelVKUUpRSc05zT
pRSdFJTSlJKU0oySlJKc0qUUnRSdFKVVpVWlVaVVnVWdFJTTnRSdFJTUlNOU05TT
jNOM04zTjNOM04yShFGEUYRShFJ8UXxRdBB8UXxRdBBrz2vPa89sD2PPY85bjWOO
jFGEEIQQjFGMUZSSlJKMUYxQlNKc0pzTlJKMUZzSnNKc05zTlJKc05zTpRSlFKUU
pROdE5zTlJKlFKUUpVSc05zTpRStVK1VrVWlFKUTrVStVa1VpRSlFK1UtVWtFKUU
nNSc06TUpROlE61UpROc0pzTnNOlFK1UrVWtlc5Z3tvWm74Z/9//3//f7562GM6a
zprW274YpVWlFKUUnNOc05zTpRSc05TSlNOMkpSSlJKdFJ0TnRSlVaVVpVWdVJ1U
nRSU050UnRSU1JTTlNOU04zTjNOM04zSjNKEkoSShFGEkoRShFF8EHQQfFF8UXQQ
a9Brz2vPbA9rz2POW41bjoxRhBCEEIxRlJKUkpSSjFGMUZSSlNOc05SSjFGck5zT
nNOc05SSnJKc06TTpRSlFKUUpROc05zTpRSlFa1VnNSlFKUUrVWtVa1VpRSk061V
rVWtVaUUnROtVK1VpRSlFKTTpNOlE6TTpRStVa1UnNKc0pzSpROlVKVUrVTGGN7b
3tvOWf/f/9//3/ffvhjOms5a1pu92KUUpRSlFJzTnNOlFKUUlNKUkpTTlJKU0pTS
nRSdE50UpVWlVaVVnVWdVJ0TlNOdE5UTlNOM04zTjNOM04zTjNOM04zThJKEUoRR
hFGEUnxRfBF0EHxRfFF0EGvPa89rz2wPa89jzluNY46MUYxQhBCMUZSSlJKUkoxR
jFGU05TTnNOUkoxRnNOc05zTnNOUkpzTnNOlFKUUpRSlFKUUnNOc06UUpRSlFJzT
nNOlFK1VrVWtVaUUnNOtVa1VrVWlFKUUrVStVaVUpRSdFKUUpVSlE6UUrVWtVZzT
nNKc0qUTpROlE60UtZbOWvee757/3//f/9//39abzprOmtabvdelFKUUpRSc05zT
pRSlFJTSlJKc05SSlJKUkpzTnROdFKVVpVWlVaVVnVSdFJTTlROVE5UTlNOU05TT
jNOM04zTjNOM0oSShJGEUYSShFF8UXwQdBB8UXwRdBBrz2vPa89sD2PPY85bjWPO
jFGEEIQQjFGUkpSSlJKMUYxQnNKU05zTlJKMUZzTnNOc05zTlJKUkpzTnROlFKUU
pRSc05zTnNOlFKUUpVSc05zTpROlFK1VrVWlFZzTrVStVK1VpRSlE61UrVStVKUU
pROlE60UpROlFK1VrVWc0pySnJKc0qTTpROlE6UTvdf/3/ef/9//3//f/9/WnN8d
1tzW3L4YpRSlE6UUnNOc06UUpRSUkpSSnNOMkpSSlJKdE50TnRSlVaVVpVWlVaVU
nRSdE50UnRSU04zTjNOM04zTjNOM04zTjJOEkoRRhFGEkYRRfFF0UHQQfFF8EHQQ
a89rz2vPbA9rz2OOW01jjoxRhBCEEIxRlJKUkoxRjFGEUJTSlJKc05SSjFGc06TT
nNOc0pSSlJKc050UpRSlFKUUpRSc05zTpRSlVK1UnROdE6UUpRWtVa1VpRSc060U
rVStVaUTpROtFK0UrRSlFKTUpRSlFKUUpRSlE60UnJKUkZySnNKlE6UTpROtVc5Z
/9/3n//f/9//3//f3tznXuef79/XHa1VpRSlE5zTnNOlFKUUlJKUkpzTjFGUkpSS
nNOlFJ0UpRSlVaVVnVWlFZ0UnNOdFJ0TlNOU05TTlNOM04zTjNOM04yThJOEUYRR
hFGEUXxRfFB0EHxRdFF0EGvPa9Br0GvQa89jjltNY46UUYxQhBCMUZSSlJKUkoyS
jFGc0pySnNOUkoxRnNOc05zTnNOUkpzSnNOlE6UUpRSlFJzTnNOUkqUUpRSlFJzT
nNOlFKUUrVWtVaUUnROlVK0UrVWlE6UTpRStVK1UrRSlE6TUpRSlFKTTlFCUUZSR
lJGckpzSpNOlE6UUvdffG//f99//3//f/9//39ab3x3nX/ef75+1lqTTpNOc05zT
pNSlFJSSlJKc05SSlJKUkpzTnRSlFKVUpVWlVaVVpVWdFJ0TnRSdFJTUlNOU04zS
jNOM04zTjNOEk4SShFGEUYSRhFGEUXwQfBB8UXwQfBBzz2vPa89sD2PPY49bTWOO
jFGEUIQPjFGUkpSSlJKMkYxRlJKUkpzTlJKMUZzTnNOc05zTlJKUkpzTnNOlFKUU
pRSlFJzTnNOtVKVUrVSc05zTpROlFK1UrVWlFKUTrRStVK1UpROlE60UrRStFK0T
pROlE6UTnROc0oxPjA6UT5yRnNKc0qUTpRStVMYY3tv/n/ef/9//3//f/9/WnN8d
317vn+dfrVWk06TTnNOc05zTnNOMUpSSnNOUkpSSlJKc050UpRSlFKVVpVWlVZ1V
nRSU1J0UnRSU1JTTlNOU04zTjNOM04zTjNKEkoRShFGEkoRRfFF8EXwQfFF0UHQQ
a89rz2vQa9Brz2OPW01jjoxRhBGEEIxRlJGUkpSSjFGEEZSSlJKc05SSjFGc05zT
nNOc05SSnNOc06UUpRSlFKUUnNOc05zSrRStFK1UpROlE6UUpRStVa1VpRSc060U
rRStFKTTpNOtE60UrRStFK0UpROlFKUTnJGMD4POg86UUJySnNKk060UrVTOWNaa
zlnnHf/f/9//3//f1pvfHd9f75/nn61VpROlE5zTnNOc05zTlJKUkpzTlJKUkpSS
nNOdE6UUpRSlVaVVpVWlVZ0UnRSdFJ0UnNOU05TTlNOM04zTjNOM04ySjFKEUYQR
hFKEUXxRfBB0EHxQdFB0EGvPa89sD2wPa89jjltNY46MUoxRhBCMUZSSlJKUkoyR
jFGU0pTTlNOUkoxRnNOc05zTnNOUkpSSnNOlFKUUpRSlFJzUnNOc061UpRStVZzT
pROlFKUUrVStVKUUpROtFK0UrRSk06TTrRStVK0UrRStFKUUpRSlE5SQlE+MDoPN
i86UkaTTpNOlFK1UzlnWms5Z3tv/3//f/9//386b1t3fXuef55+tVZ0TpRSc05zT
nNOc05SSlJKc05SSlJKUkpzTnRSlFKUUpVWlVaVVnVWdFJUUnRSVFJUTlNOU05TT
lNOU05TTjNOMk4SShFGEUYSRhFF8UXwQdBB8UXQQdBBrz2vPa9BsEGvPY45bTWOO
jFGMUIQPjFGUkpSSlJKMkYxRlJKc0pzTlJKMUZzTnNOc05zTlJKUkpzTnROlE6UU
pRSlFJzTnNKlFKUUrVSlE6TTpRSlVK1UrVWlFKTTrRStFK0UpNOk060UrRStFK0U
pRSlE6UTnRKUUJRPlA6LzYOMlA6k0qTTpRSlVM5Z1prGGc5a/9//3//f/9/Om9bd
113nXuefrVWc06TUnNOc06UUpRSUkpSSnNOUkpSSlJKc050UpRSlVKVUpVWlVZ1V
nRSU050UnRSdE5TTlNOMk4yTjNOM04zThJOEkoRRhFGEkYRRhFF8EHwQfFB0EHQQ
a89rz2vQbBBrz2OPW05jj4xRjFGEEIxRlJKUkpSSjJKMUZTSlNKc05SSjFGUkpzT
nNOU04ySlJOc05zTpRSlFKUUnNSc05zTrVWtVa1VpNOk06UUrRStVKVUpROc060U
rRStFKTTpNOtFK0UrRStFK0UpRSlFJzTjFCUT5QOi82DjIOMlE+k0qUTpRPGGNaZ
xhm92P/f/9//3//fzpvW3M6b1tzvnq1VlJGUkZRRlJKc05zTlJKUkpzTlJKUkpSS
nNOc050UpRWlVaVVnVWdVZ0UnRSdFJ0UlNSU1JTTlNOU0ozTjNOM04SThJOEUnxR
hFGEUXxRdBF0EHxRdFB0EGvQa89z0GvQa89jjltNY46MUYxRhBCMUZSSlJKUkoxR
jBCUkpSSnNOUkoxRlJKc05zTnNOUkpSSnNOc06UUpRSlFJzTnNOc061VrVStVKTT
pNOlFKUUrRStFKUUpNOtFK0UrRSc06TTrRStFa0UrRSlFKUTpROUUIwPlE+UD4vN
g4uDi4vMnJGk05zSxhfWmcYYtZb/3//f/9//38YZxhnGWtaa5xyUUWrJcwlzCXMJ
g4uU0ZSSlNOc05zTlJKUkpzTnNOlFKVVpVWlVaVUnRSdFJ0TnROdFJTUlNOU05ST
lJOU04zTjNOMk4SSfFF8UYSShFF8UXQRdBB0UXQQdBBrz2vPa9Br0GPPY49bTmOP
jFGMUYQQjFGUkpSSjFGMUYxRlJKUkpzSlJKMUZTSnNOc05zTlJKUkpzTnRSlFKUU
pRSc1JzTnNOtVa1VrVSlE5zTpRStVK1UrVSlFJzTrRStFK0UpNOk060UrRStFK0U
pROc0oPNg42LzZQOlA6LzYtLg0qDSpPMnNGUkb3XzlnGGLWW/9/3nv/f756tlr3X
zprWmt7be89aSGJIYgdqh2KHe4uMkZSSnNOU05SSlJKU050TnRSlFaVVpVWlVJ1U
nROdE50UnRSU05TTlNOU05TSlNOM04zThJKEknxRfFGEkYRRfFF0EHQQfFF0EHQQ
a89rz3PQa9Bjz2OOW01jjoxRjFGEEIxRlJKUkpSSjFGEEJSSlJKc05SSjFGc05zT
pNOc05SSnJKc06TTpRSlFKUUnNOc05zTrVSlFK1UpROc06UUpVStVK0VrRSk06UU
rRStFKTTpNOtFK0UrRStFKTTjE9zCYOMlA2MDYvMi4yDi4NJg0mDSZQNi82kkL2V
xdak0s5Z1pvnXeddrVa9l9aazlnW24PPWgdiR3LJgwliRmKHg4yUkpzTlJKUkpSS
nNOc050UpRSlVKVVpVWdFZ0UlRSdFJ0UlNSU05TTlNOU04zTjNOM04yThJKEUXxR
hJKEUXxRdBB0EHxRdBB0EGvPa89z0GwQY89jjltNY46MUYxRhBCMUZSSlJKUkoxR
hBGUkpSSnNKUkoxRlJOc05zTnNOUkpzSnNOlFKUUpRSlFKUUnNOc061UrVStVKUT
nROlFK1UrVWtVKUUpNOtFK0UrRSk06TTrRStFK0UrNOc0nMJcwmDi5QNlA2Ty4NJ
gwiCx3rHesiDSXsJewmLy6zRawq1VNac517vXq1WtZbGGcYY1pqMUXMKaohqR2IG
UcRiBlHEg8yUkpSSlJKUkpzTnROlFKVUpVSlVZ1VpRWdFJ0UnRSdFJzUlNOU05TS
lNKM04yTjJOMk4RShFKEUYSSfFF8UXQQdBB8EXQQdBBrz2vPa9Br0GPPY45bTWOO
jFKMUYQQjFGUkpSSlJKMkYxQlJKUkpzTlJKMUZSSnNKdE5zTlJKUk5zTnNSlFKUU
pRSc05zTnNOtVK1UrVSk06TTpROtFK0UrRStFKTTrRStFK0UpNOk060UrRStFKzU
lFFiB3sJi4yTzZwNk8uLiYMHekV6RHJEagRiBFnFYgZiRlGEpJDWmt7c3tyc1KUU
vZe919aanNKDi2qHYkZZxFnEWcRBAUmDash7SXvMjFCc0pzTnRSlFKVUpVSdVZ1U
nRSdFJ0UnRSdE5TTlNOUk4yTlJOMk4yTjJKEkoRShFGEkYRRfFF0EHQQfFF0EHQQ
a89rz2wQbBBjz2OOW01jjoxRhBCEEIxRlJKUkpSSjFGMUZSSlJKc0pSSjFGUkpzS
nNOc05SSlJKc05zUpRSlFKUUpRSc05zTpVStVK1UpNOk06UTpRStFK0UrRSk060U
rRStFKTTpNOlFK0UpRSlFIxQWkdzCoOMk82cDpPLi4mDB3pFagNhxFFCOME4gTCB
MIE4gYtMvdfGGM4ZjFKUkrWWrZXOWJzRg4t7CHLIYgVBAjjBMEAwgDjAQQJSRowQ
nNOk050UpRSlFaVVnVWlFJ0UnROdFJ0UlNOU05TTlNOUk4yTlJOMk4yShJJ8UXxR
hJF8UXxRdBB0EHRRdBB0EGvPbA9rz2wPY89bjltNY46MUYxRhBCMUZSSlJKUkoyS
hFGUkpSSnNOUkoxRlJKc05zTnNOMUZSSnNOlFKUUpRSlFJzUnNSc061VrVStVaUU
nNOlE60UrRStFKUTnNOlFKUUrRWk06TTrRStFK0UrRSUUVpGcwl7iovMlA2Ty5OK
i0mCh2HDWYNAwjBAKEAoQDiAQIF6SItLtNHeFpPNnFC9U7VT1lik0YvLg0l7CHKG
WYNRQkjASMBRAVmCYoaMUJzTnNOc06VUpVWlFaUVpRWdFJ0UnRSdFJTTlNOU05TT
lJOMk4yTjJOMkoRRhFF8UYSShFF8UXQQdBB8UXQQdBBrz2wPbBBr0GPQW45bjWPO
jJKMUYQQjFGUkZSRlJKUkYxRlJKUkpzTlJKMUZSSnNOc05zTlJKUkpzTnROlE6UU
pRSlFJzTnNOtFa0UrVWk06TTpNOtFK0UrRSlFJzTpRStFK0UpNOk06zUrRStFK0U
lFBiRXLHewmLipPMi8uTipOIgwdqA1FBQIE4QTAAMAA4QEhAWQFQwZvM3hWTjpPO
nFCkkcWUpJCTy4tJgwdyhWnDWUJIwEjAUQFhg3LHjFGckpzTnNOlFKVUpVSlVaUU
nRSdFJ0UnRSc05TTlNOM0oyTjJOMk4yShJKEUoRRfFGEkXxRfBF0EHQQfFF0EHQQ
a89r0GvQa9Bjj1uNW01jjoxRjFGEEIxRlJKUkpSSjFGEUZSSlJKc05SSjFGUkpzS
nNOc05SSnNOc06UUpRSlFKUUpRSc05zTrRStFK0UpNOk06UTrRStFK0UpNOk0qUT
pROlFJzSpNOk060TrROtE5yRYgVqRnKGewiLiYuKk8mTiYtIekRZQ0CBOEEwADAA
OABAgFECUQKTjM3Ti4yUTpxPpNC9U5xPi8qLiYNHckRhw1lCUMBIwFkBYYN6yJRR
nNOdE50UpRSlVKVUnVWlFJ0UnRSdFJ0UlNOU05TTjNOMk4yTjJOMk4SShFJ8UnxR
hFJ8UXxRdBB0EHQQdBB0EGvPa89sEGvQY89bjltNY46MUYxRhBCMUZSSlJKUkoxR
hBCUkpSSnNOUkoxRlJKc0pzTnNOUkpSSnNOc06UUpRSlFKUUpNOc06UUpRSlFJzT
nNOk060UrRStFKTUnNOlFKUTpRSc05zTpROlE6UTpROUkGIFagVqBXKHgwmLiouK
i4mLSILGacRJAjiAMEAwQDhAQIBRA1DCk0vFEYNLk86cT5xPrNCUDYuKg0mDCHJF
YcNZglEBSQBRAWGDewiUUZySnNOlE6VUpVSlVKVVpRSdFJUUnRSVFJTTlNOU04zT
jJOMk4yTjJOEU4RSfBJ8UYRRfFF8UXQQdFB8UXQQc9Brz2vPbA9rz2PPW45bjWPO
jFGMUYQPjFCUkZSRlJKMUYQQlJKUkpTTlJKMUZSSnJKc05zTlJKc05zTpRSlFKUU
pRSlFJ0TlNKlFK0UrRSk05zTpNOlFKUUpRSlFJzTpROk06TTnNKc0qTTrNOtE6TT
lFFqB2HEWYNqRXrHg0iLiYuJi0iCxnJFUUJAgThAOEA4QEiAYUNIwYsKtM+DSoNL
i82cDZwNk8qLiINHewdqRFmCWUJQwUjAUQFhg3MIjFKUkpzTnNOlFKVVpVWlFZ0U
nNSc1JzTnNSc05TSlNOUk4ySjJOMk4yTjFKEUnxRfFGEUXxRfFB0EHRQdFF0EHQQ
a89rz3QQa89rj2OOW05jj4xRjFGEEIxRlJKUkpSSjFGMUZSSlJKc05SSjFCUkpzT
nNOc05SSlJKc06UUpRSlFKUUnNSc05zTrRStFK0UnNOc05zTpRSlFKUUpRSckqTT
pNOk05ySnNKc0qTTpNOk05RRagZhhFFCWcJyRXsHi0iLiYtIgsh6hlmDSME4gDhA
OEBAgFmEQMF6iKwOgslyRoLIk0l6hoLGgwaDBoMGakNZwlmCUQFQwFEBYcNzSIxR
lJKc05zTpRSlFKVUpRSdFJzUnNOc1JzTlNOUk5TTlJOMk4yTjJOEk4SShJKEUXxR
hFF8UXxRdBB8EHwRdBBz0GvPa89rz2vPY49bjltOY4+MUYxRhBCMUZSSlJKUkoxR
hBCUkpSSnNOUkoxRlJKc0pzTnNOUkpSTnNOlE6UUpRSlFKUTnNOc060UrRStFJzT
nNKk06TTpRSlFKTTnNKk0qTSpNKckpySnNOlE6TTnNOcUWoGWYRJQklBYgNyhYNH
i0iDR4MHeoZhw0jBQIBAgEBAQIBRAUiAacWbSnKGYcRyhnpGckV6hHrFgsV6xmpE
WcNZgkkASQBRAGHDc0mMUZSSnNOdFKVUpRSlFaUVpRSc1JzUnNSc05TTlNOU04yT
jJOMk4yThJOEkoRSfFF8UYRRfFF8EXQQdBF0EXQQc9Brz2vPa89rz2PPW45bjmOP
jFGMUYQQjFGUkpSSlJKMUYQQlJGUkpSSlJKMUZSSnNOc05zTlJKUkpzTpRSlFKUU
pRSlFJzTnNOlFKUUpRSc05zTpNOk06UUrRSk05ySpNOk05zTnJKckpySpNOk06TS
nJFiR1mFSQJIwFmCacN6hoMIgwh6x3KGYcNJAThAOEA4QECBUQNAQEjAWQJhg1mD
ckZ6h2oGckR6hXqFesVqRFnDUUJRAVDAUQFhg3tLlJGUkpzTpRSlFKUUpRSlFJ0U
nRSc05zTlNOU04yTjJKMkoySjJKMkoSShJKEUXxRfFF8UXxRfFF0EHQQfBF0EGwP
Y89sD2vPa89jzluNW41jzoxRjFGEEIQQjFGMUYxRjFGEEIxRlJKUkpSSjFGUkpzT
nNOc05SSlJKc06UUpROlFKUUpRSlFJzTpRSlFK0UpNOck6TTpNOlE6UTnNOckqTS
pNKk0pyRnJGckaTSpNOckpyRakdZhFECQMFJAVGCYkR6xnrGeoZyRGHCSMAwQDAA
MEBAwXIHQIFIwlkDWURZQ2GEckdyiGpGakRqRHJFYgRZg1FCUQFIwUkBWcNzi4yS
lJKc050UpRSlVaUVpRSdFJTTlNOU05TTlNKMkpTTjJKMkoySjJOEUoRShFF8EXwR
fFF8EXxRdBB8EXwRdBB0EGPPbA9r0GvPY49bTltOY4+MUYRRfA+EEIxRjFGMUYxR
hBCMUZSSlJKUkoQRlJKc05zTnNOUkpSSnNOc1KUUpRSlFKUUnROc0qUUpRStFKTT
nNOk06TTpRSlE5zTlJKckpySnJKUkZyRnJKckqTTpJKUkWpHUURIwkCBQIBIwVmC
agRyRXJFccNZQUCAMEAwACgAOEFhxUCAQIFRAllDUQJRAmoFeodqBWHEYgRiBFnD
UYJJQUjASMBRAVnEe4uMkZTSnNOc06UUpRSlFKUUnRSVE5TTlNOU04zTjJOMk4yT
jJKMk4ySjJKEkoRRfBF8EYRRfBF0EWwQdBF0EXPQc9BjkGvQa9Bjz2OOW01bTWOO
jFGMUYQQhBCMUYxRjFGMUYQQjFGUkpSSlJKMUZSSnNOc05zTlJKUkpzTpNOk06UT
pRSlE5zTlNKlE6UUpRSc05yTnNOk06TTpNOc05ySnJKckpySlJKUkZyRnJKk05yS
nJJqSFFESMI4gThAQIFIwVmCacNpg2GCUQE4gDAAKAAgADBBWcY4QDhAQIFJAkjB
SMJZQ2pGWgVZxFmDWYRRQ0kCQMFAwEjASQFhxHvNjFGUkpTTnRSlFKUUpRSdFJzU
lNOU1JTTlNOMk4yTjJOMk4yTjJOMk4yShJJ8UXxRfFF8UXwRdBBz0HQQdBF0EGwP
Y89jz2PPa89jj1tOW05jj4xRjFGEEIQQjFGMUYxRjFGEEIxRlJKUkpSSjFGUkpzT
nNOc05SSlJKc05zTpNOlE6UTpRSk05zSpROtFKUUnNOck5zTpROlFKUTnNOUkpyS
nJKckpyRnJGckZzSpNOckpSRaklJREDCOIE4QDhAOIBIwFEBUQFRAUjBOEAwACgA
IAAwQVmFMEEwADhAOEA4QECAQIFiBlGFSURBA0kDQMJAwjiBOEBAwEkBWcR7zYyR
lJKc05zTnRSdFKUUnRSdFJzTlNOU05TTlNKMkoySjJKMkoySjJKMkoSShFF8EXwR
hFF8EXQRa9B0EXQQa9Brz2PPa9Brz2vPY45bTVtOW46MUYxRhA+EEIxRjFGMUYxR
hBCMUZSSlJKUkoxRlJKc05zTnNOUkpSSlJKc05zTpRSlFKUUnNOUkqUUpRSlFJzT
nNOc06TTpNSk06TSnJKckZzRnJGUkZSRlJGc0aTTnJKUkmKKSURAwjiBMEAwQDBA
OIBAwEjASMBAgDgAMAAoACgAKAA4gjiBOEA4QDiAQIBAwEDCYgdJRUEDOMM5AziC
MIIwQTBAQIFIwlnFe86MUZSSnNOc050UpRSdFJ0UnROU05TTlNOU05TSjJOMk4yT
jJKMk4yThJKEkoRSfBF8EXxRfBB8EXPQdBB0EGwQa9Bjj2vQa89rj2OOW01bTluP
jFGMUYQQhBCMUYxRjFGMUYQQjFGUkpSSlJKMUZSSnNOc05zTlJGUkpzSnNOc06UT
pRSlFJzTlJKlFKUUpRSc05ySnNOk06TTpNOk0pySnJKckpyRnFGcUZyRnJGk05yS
nJJiikkEQMIwQTAAKAAoADBAMEBAgECAOEAwQDBAMAAoQCgAOIE4gTiAQIBAgECA
SMFJA1nFSQNAwkDDOMMwgjCCKEAwQDiASMJZxYQOlFKckpzTnNOdFKUUpRSdFJ0T
lNOU05TTlNOU04yTjJOEkoySjJKMkoyShFJ8UXwQfBF8UXxQdBBrz3QQdBBz0GvQ
Y49rz2vPY89jjltNW05jj4xRjFGEEIQQjFGMUYxRjFGEEIxRlJKUkpSSjFGUkpzT
nNOc05SSlJKc05zTnNOc06UUpRSc05zTpRSlFKUUnNOckpzTpNOk06TTpJOckpyS
nJKckpRRlFGUUpSRpNOckpxRastJRDjCMEEoACgAIAAoADBAMEAwADBAOEAwQDAA
KEAwQEDCOIE4gTiAQIBAgEjBUUNJQ0EDQMNBA0kEQMJAwjCBMEA4gEEBWgWED4xS
lJKc050TnRSdFJ0UnRSc05TSlNOU05TTlNOMkoyShJKMkoySjJKEkoRRfFF8EXwR
hFF8EXQQdBB0EHQQbA9rz2POY89jz2PPW45TTVtOY4+MUIxRhA+EEIxRjFGMUYxR
hBCMUZSSlJKUkoxRlJKc05zTnNOUkZSSnNKc05zTpRSlFKUTnNOc0qUUrRStFJzT
lNKc05zTpNOk05zSlJKckpySnFGUUZRRlJKUkaTSnJGckWsLSURAwziCMAAwACgA
KAAoADAAMAAwADAAKAAoACgAMEBAgUDCQMFAwEDBQMFJAlFEUURRA0kDSUNRQ0kD
SQI4gTBAOIBAwWIFhA+MUZSSnNOc050UnRSdFJ0UlNOU05TTlNOU04ySjJKMk4yS
jJKMkoyShJKEUXxRfBB8EXxRfFB0EWvQdBF0EGwQa89jz2PPa89jz2OOU01bjluO
jFCMUXvPhBCMUZSSjFGMUYQQjFGUkpSSjFGMUYxRlJKc05zTjFGUkpSSnNOc05zT
pNOc05zTnJOk1KUUpRSc05SSnNOdE6TTnNOc05SRnJKckpyRlFGUUZRRlFGc0pyR
nJFzDEkFQMM4gTBAKAAoADAAMAAwADAAKAAgACAAIAAwADhAQMFIwUkCSQJRAUkC
UQJZhGHFWYRRQ1GDWYNJQ0lCQME4QDiAQMFaBoQQjFGUkpzTnNOdE50UnRSdFJTT
lJOU05TTjNOMkoySjJKMkoySjJKMkoSShFJ8EXQRfBF8UXQQdBBr0HQQdBBsEGvP
Y49jz2vPY89bjlNOU45bj4xRjFF7z4QQjFGMUYxRjFGEEIxRlJKUkpSSjFGUkZSS
nNKc0oxRlJGU0pzSnNOc06UTnNOc05SSnNOlFKUUpNOck5zTnNOk05zTnJOckpyS
nJGUkZRRlFGUUZRRnJKckZyRe0xJRTjDQIE4QDhAOAA4QDhAMEAwQCgAKAAoADAA
OEBAgEjBSMJRQllCWYNZg2GEYcRyRlnEUUJRg1GDUYJJQ0DCMEAwQEDCWgaED5RR
lJKc05zTnNSdFJ0UnNOU05SSlJKU05TTlJOMkoySjJKMkoySjJGEUoRRfFF8EXxR
fFF8EHQQa890EGwQbBBrz2vPa89rz2PPY49bTltOW4+EEIxRe897z4xRjFGMUYxR
hBCMUZSSlJKUkoxQjFGUkpSSlJKMUYxRlJKc050TnNSlFJzTnNOUk5zTpRStFKTT
nJOc05zTpNOc05yTlJGckZyRlJGUUZRRlFGUUZySnJGUkXtMSUU4wjCBOEA4QDhA
OEA4QDBAMEAwADAAMAA4AECASMBRAlECWURZhFnDYgRiBWIFckZhxFmDWYNRQlFC
UUNAwjBBKEAwwlIHhA+MUZSSnNOc05zTnNSc1JzUlNOU05TTlNOU04yTjJOMkoyS
jJKMkoSShFF8UXxRdBB8EXwRfBB0EGvPdBB0EGvQa89jz2vQa89jz2OPU01bjluP
hBCEEHvPe8+MUYxRjFGMUYQQjFGUkpSSlJGMUIxRlJKUkpSSjFGMUZSSnNOc05zU
nNOc05zTnNOlFKUUpRSc05zSnNKc06UTnNOc0pSRnJGUUZSRlFCUUZRRlFGckpSR
lJF7jUlFOMMwQTAAMEAwQDhAOEAwADAAMAAwADAAOEBAgUjBUQJRAlmDWcRhxGoF
eoh6yHKHYcRZg1mDUUJJQklCQMEwQShAMMJSR4QQjFCUkpzTnNOc05zTnNOU05TT
jNOU05TTlJOMkoxSjJKMkoySjJKEUoRRhFF8UXwQfBF8UXQRdBBr0HQRdBBsEGPP
Y89jz2vPY89jjlNNW45bjoQQhBB7z3vPhBCMUYxRjFGEEIxRlJGUkpSRjFCMUZSS
lJKUkoxRjFGUkpzTnNOc05zTnNOc05SSnNOlFKUUnNOU0pzSnNKc05zTnJKckZyR
nJGUkZRRlFGUUZRRnJKckpRRe45JRjDDKEEoADAAMAAwADAAMAAwQDBAMEAwQECA
SMBRAVlCWUJhg2HDWYNiBIMIgwhyx1mEUUJRQ0kCSQFBATjCKIEgQDDCWkiMUYxR
lJKc05zTnNOc05zTnNSUk5STlJOU05STjJKMkoySjJKEkoSShJKEUnxSfBF8EXxR
fFF0EHQQa890EHQQa9Brz2PPa89rz2POW45TTVuOW46EUIQQe897z4QQjFGMUYxR
hBCMUZSRlJGUkYQQjFGUkpSSlJKMUYxRlJGc0pzTnNOc05zTlJOUkpzTnNOlFJzT
nNOc06TTnNKc0pzSlJGUkZSRlJGUUZRRlFGUUZySnFKUUYOOSYYwwyBBIAAoACgA
MAAwADAAMAAwADAAMABAgEjAUMFRAllCUUJZw1GDYgR6yIMIcoZZg1lCWUNJAkDB
QMEwgiiBIEAwwlqJjFCUkpSSlNOU05zUnNSc05zTlJOMkpTTlNOMkoySjJKMkoSS
hFKEUoRRhFF8UXwQfBB8UXwRfBF0EGvPdBBsD2vQa89jj2vPa89jj1uOU01bjluO
hBCEEHvPe8+MUYxRjFGEUHwQhBCMUYxRjFGEEIxRlJKUkpSSjFGMUYxRlJKc0pzT
nNOc05zTlJKc06UTpROc05SSlJKc0pzSnNKckpRRlFGUUYxQjBGMUZRRlFGckpSS
lFGDz0mGMMMoQSAAIAAoACgAMAAwADAAMAAwADAAOIBAwEjBUQJRQlFCWUJRg2IF
esh6yGpGUYNRQlFCSQJIwUDBOMIogiBBKMNay4RQjFGUkpSSlNOc05zTnNOU05SS
jJKMkoySjJKEUoxSjJKEUoRShFKEUoRSfBF8EHwQfFF8EXQQc9Brz3QQa89rz2OP
Y49j0GPPY49bjlNNU05bjoPPhBB7z3OOhBCMUYxRhBB7z3vPjFCMkYxRhBB70IxR
lJKUkoxRjFCMUJSRnNKU0pSSlJKUkpSSlJKc0pzSlJGUkYxRlJGUkZSRjFCMUIwP
jBCMEIPPjBCMD4wQnJGckpSSjBBJhzDDKEIYABgAGAAgACAAKAAoACgAKAAoADhA
QIBAwUkCSQFJAlFCUYJhxHqHckdiBVFCSQFJAkDBOME4wTDBKIEYQCjDYwuEEIxR
lJKUkpSSnNOc05STjJKMUoRRjFGMkoxRhFGEUYRQhBGEUYRShFKEUnxRdBB0EHwR
fBFz0GvPa890EGvPY89jjmPPY89jj1uOW05TTVtNW06EEIQQhBB7z4QQjFGMUYxR
hBB7z4xRlJGUkpSRhBCMUZSSlJKUkoxRjFGUkpzTnNOc05SSnNOc1JzTnNOck5zT
nNOUkpSSnJKckpSRlJGUkZSRlFGUUZRRlFGUUZySnJKUUYwQQYYwwyBCEAEYARgB
IAEgARgAGAAgACAAKAAwQDiAOME4wTjBOMBBAUkBUYNqRWIGWcRJAUDBQMFAwTjB
OMEwwiCBGEEow3NMjFGMUZSSlJKUkpzTlNOU05TTjNOEkoySjJKEUYRShFKEUYRR
hFKEkoRShFGEUXQQdBB0EXQQc9BjjmvPc9Brz2PPY89jz1vPY49bTlNOW05TDVNN
hBCEEHvPc46EEIxRjFGMUYQQfA+EEIxRjJGMUYQQhFCUkpSSlJKUkoxRlJKc05zT
nNOUkpSSpRSlFJzTlJKckqTTnNKc05zTlNOUkpSRnJGUkZRRlFGUUZRRlFGckZyR
lJGUEUHHKMMYQhABEAEQARABEAEQARABEAEQARgAKAAwQDCBMIE4gTCBOMBBAUlD
WcVZxVFDQME4wDjAOIE4gTCBKEEgQRhAMQNzjYxRlJKUkpSTlJOU05TTlNOU05TT
jJKUkoySjFKEUoRRjFKMUoyShFGEUYRRfFF8EXwRdBB0EHQQdA90EHQQdBBsEGvP
a89jjmOPY49jjluOU01bjoQQfA97z3OOfA+EEIxRjFGEEHvPhBCMUYxRjFGEEIQQ
jFGUkpSSjFGMUJSRnNKc05zTlJGUkpzTpRSc05SSlJKc05yTnNOU05yTlJKUUZxR
lFGUUZQRlFGUUYxQlFGckZRRjBFKCCjDGEIQARAAEAEQAAgAEAEQARAAEAAYACAA
KEAoQDCBOIIwgTCAMIBAwlGEUYRJQ0DCQIE4gTiAMIAwgChAIEAgQTEEc46MUYxS
lJOUk5SSlJKUkpyTlNOUk4ySjJKMkoyShFGEUYRRhFKEUoRSfFF0EXwRfBF8EnQQ
dBBz0HPQc9Bz0GvQa9BjkGOPW49bj1uOW45bjlNNW0570HvPc89zjnvPhBCEEIxR
hBB7z4QQjFGMUYxRhA+EEIxRlJKUkpSSjFGUkpzTnNOc05SSlJKc05zTnNOUkpSS
nNOc0pzSnNKckpRRlFGUUZRRlFGMUYxQlFCMEJRRnJKUUZQRSgkoxBhCCAEIAQgB
CAEIAQgBCAEIAQgAEAAYACAAKEAwwTjBMIAwgDCAOMFRQ0lDQQI4wTCAMIAwgDCA
KEAgACAAKEE5BHvOjFGMkpSSlJKUUpSSlJKUk5STjJOMkoySjJKMkoRRhFGEUYRS
hFKEUnxRdBF8EXwRfBF0EHQQa9Br0GvQa9Br0GPQY89jz1uPY49bjluOU01TDFtN
hA97z3PPc46Dz4QQhBCMUYQQe8+EEIxRjFGMUYQQhBCMUZSSlJKUkoxRlJGUkpzS
lJKMUZSSpROlE5zTlJKUkpzTlJKc0pySnJKUkZRRlJKUUZRRjFGMUYxQjBCUUJyR
lFGUUVJJKMQYQhABCAEIAQgBCAEIAQgBCAEIAQgBEAEYACABMIIwgiBAKEAoQDCB
QQNBA0DCOIAwQDBAMEAoACAAGAAgAChBOQR7z4QRjFKUkpSSlJKUkpTSlNOU05SS
jFKMkoyShJKEUoRRhFGEUoSShFJ8UXwQfBF8EXwRc9Bz0HPPa9BsEGwQY9Bj0GPP
W89bjlvOW45bjlNNUw1TTnvPe897z3OOe8+EEIQQhBCEEHvPhBCMUYxRjFGEEIQQ
jFKUkpSSlJKMUYxRlJKc0pTSjFGUkZzTnNOc05SSlJKc05zTnNOc05SSjFGMUZRR
lFGMUYxQjFCMUIwQjBCckpRRlBFaiijEGEIQAQgBCAEIAQgBCAEIAQgBCAEIAQgB
EAEYAShCKIIgACgAKAAoQTjDOMM4gihAIAAgACAAIAAgABgAGAAoQUFFg8+MUZRR
jJKMkoySlJKUk5STlJOUk4xSjFKMUoxShFGEUYRRhFGEUoRRfBF8EHwRdBB0EWvQ
c9Brz2vQa9Br0GPQY5Bjj2OPW49jj1uPW45bTlMNW057z3vPc45zjnvPhBCEEIQQ
hBB7z4QQjFGUkoxRhBCEEIxRjFGUkoxRjFGMUZSSlJKUkoxRlJKc05zTnNOUkpSS
nNOc05zSnNKUkoxRjFGMUZRRlFGMUYwRjBGMEIwQlJKUUYwQWssoxBhCEAEIAQgB
CAEAAQgBCAEIAQgBCAEIARABEAEgQiCDGAAgASAAIEEwgzCDKIIgQSABIAEYARgB
GAEYARgAKIFJhoQQjFGMUoxSjFKMkoySjJKU0pSSjJKEUYxSjFKEUoQRhFGEUYRR
hFKEUXwRfBF0EXQRdBF0EHPQa9Bz0GvQa9Br0GOPY49jj1uPY49jj1uOU01LDVNO
e897z3vPc457z4QQjFGMUYQQe8+EEIxRjFGMUYQQhBCMUZSRlJKMUYQQjFGUkpSS
lJKMUYxRnNOc05zTlJKUkpzTnNKc0pSSlJKMUYxRlFGUUJRQjBCMEIwQjBCMEJyS
lFGMUWLMKMQYQggBEAEIAQgBCAEIAQgBCAEIAQgBCAEQARABIAIgQhgBGAEgASAB
KEIogiCBIEEgARgAGAEQARgBEAEYACiCUceDz4RRjFKUkoySjJKMkoySjJKMkoyS
hFGMkoxShFKEEXwRhFGEUYRRhFF8UXwQdBB0EHQQa9Br0GvQa9Br0GvQY9Bjj2PP
Y49bj2OPW05bTlNNS01TTnvPc45zjnOOe8+EEIQQhBCED3vOhA+MUYxRjFGEEIQQ
jFGMUYxRjFGEEIxRlJKUkpSSjFGMUZzTnNOc05SSlJKc05zSnJKUkpRSjFGMUIyR
jFGMUIxQjBCMEIwQjBCcUZRRjBFjDCjEGEIQAQgACAEIAQgBCAEIAQgBCAEIAQgA
CAAQARhBIEEYABgAGAAYASBCKEMgQhgBGAAYARgBGAEQARABEAEgg0oIhA+EUIxR
jJKMkoxSjJKMkoyTjJKMkoRRhFKEUoRRfFF8EXxRfFGEUnxRfBF0EXQQdBB0EGwQ
a9Br0GvQa9Br0GvQY49jj2OPW09jj1uOW05TTUtNU057z3PPc89rjnvPhBCEEIQQ
hBB7z3vPhBCMUYxRhBCEEIxRjFGMUYxRhBGMUZSSlJKUkoxRjFGc05zTnNKUkpSR
nNKc0pSSlJKUkoxRjFCUUYwRjFGMEIwQjBCMD4wQlJGUUYxRaw0pBBhCEAEIAQgB
CAEIAQgBCAEIAQgBCAEIARABEAEYAhhCEAEQARABGAEgQiBBIEIYQRgBEAEQARAB
EAAQABABKINSCYPQhBCMUYySjFKMUoxSjFKMUoySjJKEUYRRhFJ8UXxRfBF8UXxR
fFF8UXQQdBB0EHQQdBBsD2vPa9Br0GvQa9BrkGOPY49jj1tPW49bT1NOU05TDVNO
c897z3OOa01zzoQQhBCEEHvPc457z4QQjFGMUYQQhBCMUYxRjFGMUYQQhBCUkpSS
lJKMUYxRnNOc05zTlJKUkpzTlJKUkpSSlJKMUYwRlFGUUYxQjBCMEIwQjBCMEJRR
lFGMEHNNKQUYQggBCAEIAQgBCAEIAQgBCAEIAQgBCAEIAQgBGAEYARAAEAAQARAB
GEEYQhhBGAEQABAAEAAQARABCAAQASCDUop8EIRRjFKMUoxSjFKMUoxSjJKMkoRS
hFGEUYRRfFF8UXwRfBF8UXxRfFF0EHQQdBB0EHQQc89rz2vPa9Br0GvQY5Bjj2OP
Y49bT2OPW45bjlNNSw1TTnvPe89zz2uOc898EIQQhBB7z3vPe8+EEIQQjFGEEHvP
jFGMUYxRjFGEEIQQlJKUkpSSjFGMUZSSnNOc05SSlJKck5ySlJKUkpSSjFGMEJRR
jFCMUIwQjBCMEIvQi9CUUZRRjBBzjjEFGIIIAAgACAEIAQgBCAEIAQgBCAEIAQgB
CAEIARABEAEQABAAEAAQARgBGEIQQRABEAEIAQgBCAEIAQgBEAEgw1qLfBCEEYxS
jJKEUYxRjFGMUoySjJKMUoRRhFGEUYRRfFB8EHwRfFF8UXxRdBB0EHQQdBB0EGvQ
a9Brz2vQa9Br0GuQY49jj1uPW05bj1NPU05LDUsNU01zz3vPc45zjXOOe8+EEIQQ
hBB7z3vPhBCEEIxRe897z4QQjFGMUYxRhBCEEIxRlJKUkoxRjFGUkpzTnNOUkoxR
lJKUkpSSlJKUkoxRjFGMUYxQjBCMEIvQjBCED4QPjFCMUYwQe44xRRiCEAEIAAgB
CAEIAQgBCAEIAQgBCAEIAQgBCAEIARABCAEIAAgAEAEYARhBGEEQABABCAEIAQgB
CAEIAQgBIMRjDHwQhBCMUYxShFKEUYRRjFKMUoxSjFKEEYRRhFJ8UXwRfBF8EYQR
fBF8EXQQdBB0EHQQdBBr0GvQa9Br0GvQa9Bj0FuPY49bj1tOY49bjltOU01LDVNN
e897z3OOa01zjnvPe8+EEIQQc457z4QQhBCEEHvPe8+EEIxRjFGEEIQQhBCMUZSS
lJKMUYxRlJKc05zTlJKMUZSSlJKUkoxRlFGMUYwQjFCMUIwQjBCEEIQQhA+ED4wQ
jFGMEIPPOUYYQhAACAAIAQgBCAEIAQgBCAEAAQgBCAEIARABEAEQAQgBCAEIAQgB
GAEYQRBBEAEIAQgBCAEIAQgBCAEQASkEaw17z4QRjFGMUYRRjFGMUYxRjFGMUoxS
hBGEEoRRhBF8EHwQfBF8EXwRdBBz0HPQc9B0EGvQa89rz2vPa89r0GvQY49bj1uP
W49bjluOW45bTlMNUw1TTnvOe85zjmtNc457z3vPfBB8D3OOe8+EEIQQhBB7z3vP
hBCMUYxRhBCEEIQQjFGUkpSSjFGMUZzTnNOc04xRjFGUkpSSjFGUkpRRjFGMUIxQ
jFCMEIQPhA+ED4PPg8+ED5RRjBCDz0GHIIIQARABCAEIAQgBCAEIAQgBCAEIAQgB
CAEIABABCAEIAAgACAAQARgBGEEQARABCAEIAQgBCAEIAQgBEAEpBGtNe8+EEIxR
jFKEEYRRhFKEUoRShFKEUYQQhFGEUXwRdBF0EHwRfBF8EXwRc9Br0GvQdBFr0GvP
Y89jz2PPY89jz2PPW49bj1uPW45bjlOOU05LDUsNU01zjnOOa45rTXONe897z3wQ
e89zjnOOe8+EEIQQe89zjoQQjFGMUYxRhBCEEIxRjFGUkoxRjFGUkpSSnNOMUYxR
lJKUkoxRlJKMUYxRjBCMEIwQjBCDz4PPhA+Dz4PPg9CUUYwQg89KCCCCEAEQAAgB
CAAIAQgBCAEIAQABCAEIAQgBCAEIAQgBCAEIAQgBEAEQARABEAEQAQgBCAEIAQgB
CAEIARBBMUVzTXvPhBCMUYxRhBGEEYQRhFKEUoRRhFF8EHwRfFF8EHQQdBB0EHwR
fBF0EWvQa9Br0GvQa9Bj0GPPY89jz2PPY89jz1uPW49bj1uOW45bjlNOSw1TDVNO
c45zjmtNa01rTXvPe897z3vPa45zjnvQhBCEEHvPc46EEIQQjFGEEIQQhBCMUYxR
jFGEEIxQlJKUkpSSjFGMUZSSlJKMUYxRjFGMUIQQjBCMEIvQjA+Dz4PPg86Dz4PP
jFGEEHvPSkkggxABEAEIAQgBCAEIAQgBCAEIAQgBCAEIAQgBEAEIAQgBCAEIAQgB
EAEQQQgACAEIAQgBCAEIAQgBCAEQQjlGc457z4RRjFKEUoQRhBGEEYRRhFGEUYQR
fBCEEXxRfBB0EHQQdBB0EHQRdBFr0GvQa9Br0GvQY89jz2PPY89jz2PPW49bj1uP
W45TjlOOU41TTUsNUw1TDnOOc45zTWtNc457z3vPe897z3NNc457z4QQhBB7z3vP
hBCMUYxRhBCEEIQQjFGMUYxRhBCEEJSSlJKUkoxRhBCUkpSSlJKUkoxRhBCEEIQQ
hBCD0IPQg8+Dz4PPg8+Dz5RRhBB7j0pJIMMQAQgBCAEIAQgBCAEIAQgBCAEIAQgB
CAEIAQgBCAEIAQgBCAEQARABEAEIAQgBCAEIAQgBCAEIAQgBEEJBx3OOe8+EUYxS
hFGEUHwQhBGEUYRShFF8EHwQfBF8EXwQdBB0EHQRdFF8EXQQa89rz2vPa9Brz2vP
Y89jz2PPY89jz2PPW45jj1tOW45bjlNNU01LDUsNU01zjnOOa01jTGtNc897z3vP
e89zTXOOe897z4QQe897z4QQjFGMUYQQe897z4xRjFGMUYQQhBCUkZSSlJKMUYQQ
lJKUkpSSlJKMUYQQhBCMEIQQhBB7z4POe897znvOe86MEIQPe89aiiDDEEEQAQgB
CAEIAQgBCAEIAQgBCAEIAQgBCAEIAQgBCAEIAQgBEAEQARABEAEIAQgBCAEIAQgB
CAEIARBCQghzjnPPhBGEEYRRfBB8EIQRhBGEUYRRfBB0EHwQfBF0EHPQc9B0EXwR
dBB0EGvPa89r0GvPa89jj2PPY9Bjz2PPY89bj1uOW49bTltOW05TTlNNSw1LDUsO
c45zjnONa01rTXOOe897z3vPc45zjnvPhBCEEHvPc458EIQQhBCEEHvPe8+MUYxR
jFGEEIQQjFGUkpSSjFGMUZSSlJKUkoxRjFGMUYQQjBCED4QPg897z3vOe857znvP
hBCEEHvPawwoxBABEAAIAQgBCAEIAQgBCAEIAQgBCAEIAQgBCAEIAQgBCAEIARAB
EAEQARABCAEIAQgBCAEIAQgBCAEYgkpJc45zzoQQhBGEUYQQfBB8EIRRhFGEUXwR
dBB8EHwRc9Bz0HPQdBB0EXQRc9Brz2vPa89r0GOPY49jj1uPY89jz2PPW49TTluP
W45TjlOOU05TTksNUw1TDXOOc45rjmNMY01zj3PPe897z2uOc457z4QQhBB7z3OO
e8+EEIQQhBCDz3vPhBCMUYxRhBCEEIxRlJKUkoxRhFGUkpSSjJKMUYxRhBCEEIQQ
g8+Dz4PPe897z3vOe857zoQPhA97znNNKQQQQQgBCAEIAQgBCAEIAQgBCAEIAQgB
CAEIAQgBCAEIAQgBCAEIARABEAEIAQgBAAEIAQgBCAEIAQgBGINainOOc46EEIRR
hFF8EHwQfBB8EHxRfFF0EHQQfBB8EHPPc89z0HQQdBB0EXPQa49rz2vPa9Brj2OP
Y49jj2PPY89jj1uPW05bj1uOU05TTlNOU01LDFNNUw1zjXONa01jDGNMc45zznvP
e89rTWtNc897z3vPc85zjnwPhBCEEIPPe897z4xRjFGMUYQQhBCUkpSSlJKMUYxR
lJKUkoxRjFGEEIQQe8+EEIPPg897jnvOe85zznuOe86ED4QPe857jjFFEEEQAAgA
CAEIAQgBCAEIAQgBCAEIAQgBCAEIAQgBCAEIAQgBCAEIAQgBCAEIAQgBCAEIAQgB
CAEIARiDWstrjnOOfBB8UYRRe9B70HwQfBF8EXwRfBBzz3wQdBBz0GvPc9Bz0HQQ
dBFz0GPPa9Br0GvQY49jj2OPY49jj2OPW49bjlNOW49TTlNOU05TTVNNSwxTTVMN
c41rjWuNYwxjTHOOc45zznPOa01rTnvPe897z3OOc457z4QQhBCEEHvPe8+EEIxR
jFGEEIQQjJGMkpSSjFGEEIxRlJKMUYxRjFGEEHvPhBCEEIPPe897znuOe457jnuO
g8+EEHOOe445hhBBCAEIAQgBCAEIAQgBCAEIAQgBCAEIAQgBCAEIAQgBCAEIAQgB
CAEIAQgBCAEAAQgBCAEIAQgBCAEgxGMMa01rTnwQfBB8EHvPe9B70HwRfBF8EXQQ
a890EHQQa89rz2vPc9B0EHQQbBBjz2PQa9Br0GuPY49jj2OPY49jj2OPW45TTluO
U45TjlNOU01TTUsMSw1LDWtNa01rTWMMYwxzjnOOc45zjmtNa01zjnvPe89zjmtN
e8+EEIQQhBB7z3OOhBCMEIxRhBB8EIxRjFGMUYQQhBCMUYxRjFGMUYxRhBB7z3wP
hA97z3vPc457jnuOe457jnuOhA9zjXONSggQQQgBCAEIAQgBCAEIAQgBCAEIAQgB
CAEIAQgBCAEIAQgBCAEIAQgBCAEIAQgBCAEIAQgBCAEIAQgBKQVjDGtNa018EHwQ
fBBz0HPQc9B8EXwRfBFz0HPPfBB8EGvPa89rz3QPdBB0EGvQY49jz2PPa89jjmOO
Y49jj2OPY49jj1uOU05TjlNOU05TTVNNUw1KzFMMSwxrTWtNYw1jDGMMa01zjnOO
c45jDGtNc457znvPc45rTXOOe8970HvQe897j4QQjFGMUYQQe8+MUYxRjFGEEIQQ
jJKMUYxRjFGEEIQQe8+EEIQPe897znuOe457jnuOe457joPPc01zTVJKGEIIAQgB
CAEIAQgBCAEIAQgBCAEIAQgBCAEIAQgBCAEIAQgBCAEIAQgBCAEAAQgBCAEIAQgB
CAEIATmGa0xrTWNNe898EHwQc89zz3vQfBB8EHwQdA9rz3QQdBBr0GvPa49zz3PQ
bBBrz2OPY49jz2PPY45bjluOY45jj2OPW49bj1NOU45TTlNOU01TTksOSw1LDUsN
a01rTWsNYsxjDGuNa45zjnOOYw1rTXOOe897z3OOa01zjnvPe897z3POc46EEIQQ
jBB7z3vPjFGMUYxRhBCEEIxRjFGMUYQQhBB7z3vPe897z3vPc45zjnOOc41zjnOO
e46ED3NNc01iyxiCCAEIAQgBCAEIAQgBCAEIAQgBCAEIAQgBCAEIAQgBCAEIAQgB
CAEIAQgBCAEIAQgBCAEIAQgBEAFByGMNa01rTXwQfBB8EHPPc9Bz0HQQdBB0EGvP
a890EHQPa89rzmuPc9Bz0GvQY89jjmOPY89jz1uOW41bjluOY89bj1uPU09TTltO
U05TTlNOUw1LDUrMSw1LDWtNa01rTGLMYwxrTWtNc45zjmNNY01rjnOOc85rjmtN
c457z3vPe897z3OOhBCEEIQQe897joxRjFGMUYQQe8+MUYxRjFGMUYQQe897z3vP
e897z3OOc45zjnNOc45zjnOOe89rTWtNaw0gwxABCAEIAQgBCAEIAQgBCAEIAQgB
CAEIAQgBCAEIAQgBCAEIAQgBCAEIAQgBCAEIAQgBCAEIARABSkljTGNMY0xzz3PQ
c9Brj2vPc89zz3QQdA9rz2vPdBBr0GOPY49jj2vQc9Br0GvPW45jz2PPY89bj1OO
W49bj2OPW49bj1NOU05bjlNOU05TTlNNSw1DDEsNSw1rTWtNYwxay1rLa01rTXOO
c45jDGMMa01zjnOOa41jTXOOe897z3vPc49zjoQQhBCEEHvPc46EEIxRjFGEEIPP
jFGMUYxRjFGEEHvPc457z3vPe89zjnOOc45zTXONc41zjXvOa0xrDHMNKQQQAQgB
CAEIAQgBCAEIAQgBCAEIAQgBCAEIAQgBCAEIAQgBCAEIAQgBCAEIAQgBCAEIAQgB
CAEQQlrLYwxbDFsLc49zz3PQa49rj2vPc890EHPPa49rjnPPc89jjmOOY49r0GvQ
a9Bjj1tOY49jj2OPW05TjluOW49bj1uPU05TTlNOU05TTlNOS05LTUsNQwxTDUsM
a0xjTGMLYwtay2tMa01rTXONYwxbDGtOc45zjmtNY0xzjnPPe897z3OOc417z3vP
hBB7z3vPhBCEUYxRhBB8EIxRjFGMUYxRhBB7z3OOc85zjnOOc45zjnOOa01rTXON
c01zjmMMYwxjDDGGCEEIAAgACAEIAQgBCAEIAQgBCAEIAQgBCAEIAQgBCAEIAQgB
CAEIAQgBCAEIAQgBCAEIAQgBGINjDFsMWstTC3POc89zz2OOa45rz3PPc89zz2uO
a45rz2vPa49jjmOPa9Br0GvQY49bT2OPY49jj1tOW05bjluOW45bj1NOU05TTlOO
U05TTksNSwxLDULMSw1CzGNMYwxjC1rLUstjTWtNa01rTVsLWwxjTWuOc45rjmMM
a41zznPOc89rjmtNe897z3wPc89zjoQQhBCEEHvPe8+EUYxRjFGMUYQQe89zjnOO
c45zjnOOc45rTWtNa01zTXNNc01jC1rLYwxCCBBCCAEIAQgBCAEIAQgBCAEIAQgB
CAEIAQgBCAEIAQgBCAEIAQgBCAEIAQgBCAEIAQgBCAEIATFFYsxjDFrLWstzj3PP
c89rjmuOa49zz2vPa89jjmOOa89rz2OOY41jjmvPa9Br0GOPW05jj2OPY49bTltO
W45bjluOW45bjktNS01TTlNOU05LDUsNSw1KzEsNQwxjDFsLWstSy1LLY0xjTWNN
Y41bC1sLY0xrjWuOa01jDGtNc45zjnOOa41rTXvOe897z3POc46EEIRQhFB8D3PP
hFGEUYRRhBCED3vPc457jnOOc45zjnOOa01rTWtNc01rTWtNYstay2LMUkoQQggB
CAEIAQgBCAEIAQgBCAEIAQgBCAEIAQgBCAEIAQgBCAEIAQgBCAEIAQgBCAEIAQgB
EAFCCFrLWwtSylLKa45rjmvOY45jjmuOa89rz2uPY45jjmvPY49bTltOW49jz2PP
Y89bjlNNW45bjluOW01TTlNOW05bjluOU45TTUtNS05LTktOSw1LDUsNQsxKzULM
YwxjDFrLUopSimMMYwxrTWtNYwtay2NMa01rTmNMWwxjTXOOc45zjmtOY01zz3vP
fBBzjmtNfA98EIQQe89zjoQQhFCEUHwQe89zznOOc85zjnOOa01rTWtNYwxrTXNN
a01rTFrLUopay2LLIIMIAQgBCAEIAQgBCAEIAQgBCAEIAQgBCAEIAQgBCAEIAQgB
CAEIAQgBCAEIAQgBCAEIARABWstay1rKSklKimuOa49rjmNNY01rjmuPa89rj2NO
W01jjmOOW01bTVuOY89jz2OPW45TTVuOU45bjlNNU01bTVOOU45TjktOS01LDVNO
Uw5LDkMNQw1LDULMSsxCzFsMWstay1KKUopjDGsMa0xrTFrLWstjDGtNa01rDFrL
YwxrjmuOa45rjWNNc45zznvPc45rTXvPhA+EEHvPc46EEIQQhBCED3vPe45zjnOO
c45rTWtNa01rTWtNa01rTWtNa01aylKJWstayzmGCEEIAQgBAAEIAQgBCAEIAQgB
CAEIAQgBCAEIAQgBCAEIAQgBCAEIAQgBCAEIAQgBCAEgxGLMWstay0pJSoprjmuO
a45bTWONY45jjmuPY45bTVtNY45jjltNU01TTluPW49bjlNOS01TjluOU05LDVMN
U05TTlNOS01LTUsNSwxTDUsMSw1DDELMQsxCy0rMQotay1rLUotKikqJWwtjDGMM
Ywxay1qLYwxrTWtNYwxay2MMa01rTWtNY01jDHONc457znOOa017z3vQe9Bzz2uO
fBB8EIQQfBB7z3PPa01zjnOOc05rTWtNa01rTWtNa01rTWtNWspKSFrKWopSCRBB
CAAIAQgBCAEIAQgBCAEIAQgBCAEIAQgBCAEIAQgBCAEIAQgBCAEIAQgBCAEIAQgB
OcdizFKKUopCCEqJa01jjWNNWw1bTWNNY45jjluNU01bTVuOW01TDFMMUwxbTluO
W01TTVMMU01TTVMNSsxLDVMNUwxLDUsNSwxCy0LMSw1KzErMQstCi0KLQotCi0KL
Wstay1KKUopKSVrLYwxjDGMMWstSilrLYwxjDFsLUstbDGtNa01rTWNNWwtrjWuO
c45rTWMMc457z3vPc45rTXvPe897z3vPc45rjmtNc01zTWtNYwxjDWMNYwxrTWtN
a01jDFKKQghSilKKWooYwwgACAEIAQgBCAEIAQgBCAEIAQgBCAEIAQgBCAEIAQgB
CAEIAQgBCAEIAQgBCAEQQlKKWopSSUpJMcZKSWMMY01bTVMMUwxbTVtNW01bTFMM
UwxbTVMMSsxKzFMNW01bTVtNSwxLC1MMUw1SzErMSsxKzErMSsxCzELMQotCy0LL
QstCi0JKQoo6SjpKOko6SlKKUopKSkpJSklay1rKWspaylKJSolSylsLWwxbC1KK
WstrTWNNYwxbC1rLa01rjXONY0xjDHOOc45zjmtNY01zznvPc89zzmuOa41jDGtN
Y01rTWMMYwxjC2MLYwtjDGMMYwxSijnGSkhSiFKJOYYIAQgBCAEIAQgBCAEIAQgB
CAEIAQgBCAEIAQgBCAEIAQgBCAEIAQgBCAEIARABKQRailJKSglKCDGGSklbC1sM
WstSy1LLUwtTTFMMUwtKykrLUwxKy0KKQotKy0sMSwxLC0LLQspKzErLQstCikKL
QotCi0KLQotCijpKOkpCSjpKOko6CTpJOgk6CDIIMghSSUpJSklCCEIISkpSilKK
UopKSUoJUopay1rLUopKSVKKWstay1rLWstSimMLa0xjTGMLWsprTWtNa01jTFsM
a41rjmuOa41rTWNNWwxjDGMMYwxay1rKWstaylsLYwtiy1rLUooxhUIHSkhSSVJJ
EEEIAAgBCAEIAQgBCAEIAQgBCAEIAQgBCAEIAQgBCAEIAQgBCAEIAQgBCAEQQTnH
QgdBx0IHOccxRUpJWstSy1LLSopKikrKSstKy0rLQopCikqLQopCSjpKQopCi0qL
SopCijpKQopCikJKOkk6SjpKOkk6STpJOggyCDoJOgkyCDIIMcgxyDHIMYcxxzHH
SghCCEIIQghBx0pIUkhSSUpJQghCB0pIUolSiUpIQghKSVKKUopSilKKSkhSylrL
WstSikqJWwtjC2MMWstSymMMYwxjTGMMWwtay1rKWwtjC1rKUopSilKKUolSilqK
UopSilKJMUU5xkIHSkhKSTFFCAEIAQgBCAEIAQgBCAEIAQgBCAEIAQgBCAEIAQgB
CAEIAQgBCAEIAQgBIMM5RjmGOYY5xjGFMYRCCEqJSolKiUJIQklKSkqKSklCSToI
QkhCSUJJOgg6CDoJOklCSTpJOgg6CDoIOgg5yDHHOcg5yDHIMcgxxzHHKccxxzHH
KYYphimGKYYphSmGKUYpRkHHQcc5xzmGMYZBx0oISghKCDnHOcdCB0JIQkhCCDnH
QghKSUpJSklCCEIHSklKSVKJSklCCFKKUopSilKJSklSylrLWspay1rLUopKiVKK
UopSiUpISklSSUpJSklKSVJJUklKCTFFMYU5xkIHSgdByBCCCAEIAQgBCAEIAQgB
CAEIAQgBCAEIAQgBCAEIAQgBCAEIAQgBEAEYgjFEMUU5hTFFMUUxRTFFOgdKSUJJ
Qkg6CEIIQghCCEIIOgg5xzoHOggxxzHGMcc5xznHOcc5xzGHMYcxxzHHMYYxhjGG
MUYxhjGGMYYpRilGKUYpRSlFKUUhRSFFIQUhBCEEIQQ5hTmFMUUxRTFEOYVBhTmF
OYUxRTFFOYZBxkHGOYUxhTmGQcdBxznHOcY5xkIHQgdKB0HHOcZKB0oISghKCEII
SkhSSEpISkhKSEoISghKCEoISghBx0IHQgdCB0IHQgdKB0IHQgcxRTFFMYQ5hUHH
QccxRRBBCAEIAQgBCAEIAQgBCAEIAQgBCAEIAQgBCAEIAQgBCAEIARABKQMxRTmF
MYUpRClEMUQxhTnGQcdBxznHOYYxxjnHOcc5xzHGMYYxhjGGKUUpRSlFMYYxhjGG
KUUpRSlFKUUpRSEEIQQhBCEEIQQhBBjDIQQhBCEEIQQYwxjDGMMYwxjDEIIYwxjD
MQQxBCkEKQMpAykDMQMxAzFEKQQpAzEEMUUxRTFEKQMxAzlEMUQxRDFEKUM5hTmF
OYUxhDFEMYU5hTmFOYU5hDmFQYU5hjmFOYU5hTmFOYU5hTmFOYU5hTmFMYU5hTmF
OYY5hTmFMUQpQzFEMUQ5hTGFMUUhAwhBCAAIAQgBCAEIAQgBCAEIAQgBCAEIAQgB
CAEIAQgBCAEggykDKQQxRDFEMUMxRDFEKUQpRDFFMUUxRClEKUQxRSlEKUQpRCkE
KQQpBCjDIMMgwykEIQQhAyEDIMMgwyDDIMMgwyDDGMMYgxjDGMMYwxjDGMMYwhiC
GIIYghiCGIIQghCCEIIQgjDDKMMowyiCKMIowykDKQMpAyjCKMIowjEDMQMpAikD
KQMxAzEEMQQxAykDKQMxRDFEMQQxAzEEMUQxRDFEMQQxRDlEOUQxRDFEMUMxQzFE
MUQxRClEMUQxBDEEMQQxBDEEMUMxAzEDKQMxAzEDMQQxBDEEKMMgwhBBCAEIAQgB
CAEIAQgBCAEIAQgBCAEIAQgBCAEQARiDIMMgwykDKQMpQykDKQQxAyjDKMMpAykD
IQMpAykDKQMpAykDKQMhAyDDIQMgwyDDIMMgwyDDIMMgwyDDIMMgwyDDIMMgwxjD
IMMgwyDCIMIgwiDCIIIYghiCGIIYghiCGEIYghiCGIIwwijCKMIogiiCKMIowijC
KMIowijCKMIowijCKMIogijCMMIwwzDDMMIwwjDCMMMxAzECMMIxAjEDMQMxAzED
MQM5AzEDMQMxAzEDMQMxAzEDMQMwwjDCMMIwwjDCMMIowijCKMIowijCMQMwxDED
MQMwwyjCIIIYgRBBCAEIAQgBCAEIAQgBCAEIAQgBCAEIARBBIIMgwyDCIMMxBDEE
MQQwwzEEMQMowijCKMIowyjCKMIowijCKMIpAyjCKMIowzDDKMMowyjDKMIowyjD
IMIgwiDCIMIgwiDCIMIgwhjCIMIgwiDCIMIggiCBGIIYghiCGIIYgRiBGIIYgRiB
KMIogiiCKIIogiiCKMIowijCIMIowijCKQIowijDKMIowijDKMIowijCKMIowjDC
MMMwwzEDMQMxAjECMQMxAjEDMQIxAjECMQMxAzEDMQIxAzEDMMIwwjDCMMIwwijC
KMIowijBKMIowjEDMQMxAzEDKMMowyjDKMIowhiCEEIIQQgBCAEIAQgBCAEIAQgB
GIIgwyDDIMMgwikDMQRBRTkEMQMxAzEDMMMwwzDDMMMowijCMQIowikCKQIpAykD
KQMpAykDIMMowyjDKMIowijCKMMowijCIMIgwyDDIMMgwhjCIMIYwiDCGMIYghiC
GIIYghiCGIIYgRiBGIEYgSiCKIIogiiCKIIogijCKMIowijCKMIowijDKMIowijC
KMIowijCKMIpAijCMMIwwzDDMMMwwzDCMQMxAzEDMQMxAzEDMQMxAzkDMQIxAzED
MQMxAzEDMQMxAjEDMMIwwijCKMIowiDCKMIxAjEDMQMpAyjDMQMxAyjCKMMpBDFE
KQQgwxCCEIIYghiCIMMgwyEDKQQpBCjEKMMwxDlFQYYxBTEDMQMwwjECMQMpAykD
KQMpAykDKQMpAykDKQMpAykDKQMgwyjDKMMowyjDKMMowijDKMMgwyCCIMMgwyDC
IMIgwhjCIMIgwiDCIMEYwhiCGIIYghiCGIIYghiCGIIogiiCKIIogiiCKMIowijC
KMIowijCMMIowijCKMIowikCKMIowijCKMIowijCKMIowijCKMIowjECMQIxAjEC
MQMxAzEDMQMxAzEDMQMxAzEDMQIwwjDCMMIwwijCKMIowijCKMIgwijCKMMxAyjD
KMIowykDMYQxRDFEKQMowyjDKQMpBCkEKQQhBCEEIMMhAykEKQQpBCkDKMMpAykE
MQMxAzEDMQMxAzEDMQIwwjECMQIxAikCKQIpAykDKQMpAykDKQMgwijDKMMowiDC
KMMowiDCIMIgwiDCIMIgwiDCIMIYwiDCIMIgwiDCGIEYwhiCGIIYgRiCGIIYQhiC
KIIogiiCIIIggiCBKIEogSCBKMIogiiCKMIowijCKMIowijCKMIowijCKMIowijC
KMIowijCKMIowijCMMIwwzDDMMMxAyjDKMMowzDCMQIxAjDCMMIwwjDCMMIwwjDC
MMIwwijCKMIowijCMQIowyjDKMMowyjDIMMggiCCIMIpAzFEMUQxQykDKQMhAyDD
KQQpBCkEKQQpAykDIQMpAykEMQMxAzEDMQIxAzEDMQMxAzEDMQMxAzEDMQMxAykD
KQMpAykDKQMpAykDKMMowyjDKMMgwyDDIMMgwiDCIMIgwiDCIMIgwiDCIIIggiCC
GIIYghiCGIIYghhBGIEYgSjCKMIowijCKMIowijCKMIowijCKMIowijCKMIowijC
KMIowijCKMIowijCKMIowijCMMIowijCKMIowijCKMIwwjDCMQIwwjDCMQIowijC
KMIowijCKMIowijCKMIogijCKMIowijCIIIgwijDKMMowyjDIIIgghiCGIEYgSDC
IQMpAzFEMUQpAykEKQQgwyDDIMMgwyjDKQQpAykEKUQpAykDKQMpAykCKQMpAykD
KMMowyjDKMMowykDKQMpAykDKQMpAykDKQMpAykDKQMowyjCKMIowijCIMIgwiDC
IMIgwiDCIMIgwiDDIIIYghiCGIIYgRiCGIIYQhCCGIEogiiCKIIogiiCKIIowijC
KMIowijCKMIowijCKMIowijCKMIowijCKMIowijCKMIowijCKMIowijCKMIowijC
KMIpAijCKMIowijCKMIowijCKMIowijCKMIowijCKMIowijCKMIogiCCIIIowyjD
KMMggyCCGIEYQRhBGIEgwyDDIMMgwyDDIQMhAykDIMMYgiDDIMMgwylEKQQxRCkE
KQMpAykCKQIpAikCKMIowijDKMMowyjDKMMowyjDKMMowyjDKMMowyjDKMMowyjD
IMMgwyDDIMIgwxjDIIMggiDCIMIgwiDCIMIgghiCGIIYghiCGIIYghiCGIIYghhC
IIIggiCCIIIggiiCKIIogiiCKMEowSjBKMIowSjBKMIowijCKMIowijCKMIwwijC
KMIowijCKMIgwiCCIIIowijCKMIowijCIMIowijDKMIowijCKMIowijCIMEowijC
KMIowijCKMIowijCKMIowyjDIMIgghiBGEEYQRhBIIIgwyDDIMMgwyDDIQQhAxiC
GIIYghiDGMMhBCEEKUUpBCjDKMMowijCKMIowiDCKMIowijCKMIowijCKMIowijC
KMMowijDIMMgwyDDIMMgwiDCIMIgwiDCIMIgwiDCGIIYwhiCGIIYghiCGIIYghiC
GIIYghiCGIIYgRiBGIEQgSCBIIEggiCCKIIogiiCKIIogiiCKIIogiiCKIIogijD
KMIowijCKMIowijCKMIowijCKMIowiCBIIEggiiCKMIowijCKMIgwiiCKMIowijC
KMIowijCKMIowijCKMIgwijCKMIowijCKMEowSjBKMIgwiDCIIIYghhBGEEYQRhB
GEEYgRiBGIEYgRiBGIIYghiCGIIYgyDDKQQpBCkEKQQpAyDCIMIgwijCKMMowijC
KMIowijCKMIowikCKMIgwijCKMIowijCKMIgwiDCIMIgwiCCIMIgwiDBIMIgwiDC
IMIgwiCCIIMYghiCGIEYgRiBGIIYgRiBGIEYgRiBGIEggiCCIIIggiiCKIIogSiB
IIIggiCCIIIggiCCIIIogijCKIIogijCKMIowijCKMIowijCKMIogiCCKIIowijC
KMIowijCKQIgwijCKMIowijCKMIowijCKMIowijCKMIowijCKMIowijCKMIowijB
IIIggiCCGIIQQhiCEEEQQBBAEEAQQBBAEEAQQRBBGEEYghiCIMMpBCkEKQQpBCkE
KQMggSCBIIIgwiDCIMMgwiDCKMIowijCKMIowijCKMIowikCKQIpAijCIMIgwiDD
IMIgwiDCIMIgwiDCIMIgwiDCIMEgwiDCIMIYwhjCGIIYghiCGIEYgRiBGIEQQRBB
IIEggiCBIIIggSCBIIEggSCBIIIYgiCCIIIogiCBIIIggiCCIIIggiDCIMIgwiDC
KMIowijCKMIpAijCKMIowijCIMIowijCKMIowikCKMIowijCKMIowijCKMIowijC
KMIogijCKMIowijCKMEggSCBGIEYgRiCGIIQgRCCEEEQQRBBEAAQARABEAEQARBB
GEIgwiDDIMMpAykEKQMgwyCCIIIgwijCKMIowijCKMIowijCKMIowijCKMIxAykD
KQIpAijCKMIowijCKMIgwiDDIMMgwiDCIMIgwiDCIMIYwiDCIMIgwiCBIIIgghiC
GIIYghiCGIEYQRhBEEEQgSCCIIIggiCCIIIggiCCIIIggiCCIIIggiCCIIIggiCB
IIEggSCBIMEowSjCKMIowijBMMIwwjDCMMMowyjCKMIowijCKMIowijCKMIowijC
KMIowijCKMIowiDCKMIowijCKMIowSjBKMEogSCBIIEgQBiBGIEYgRhBEEEQgRBB
EEEQQRBAEEEYgRBBEEEQQRBBGIIYwiDDIMMgwiDCIIEggSiCKMIowijCKMIowijC
KMIowjDDKQIpAikCKQIpAijCKMIowijCKMIgwiDCIMIgwiDCIMIgwiDCIMIgwiDC
IMIggiDCIIIggiCCGIIYghiCGIIYQRiBGIEYgRiBGIEggiCCIIEggSBBIIEggSCB
IIIYgSCBIIEggSCBIIEggSiCKIEowijCKMIowijDKMIowijCKMIowijCKMMowijC
KMMowyjCKMIowijCKMIowijCKMIowijCIMMowijCKMIgwiDCIIIggSCBIIEYgSCB
GIEYgRhAGEAYQBAAEEAQQRBBEEEQQRBBEEIQQRBBGEEYQRhBGEEggSCBIIEYgSCB
IMEgwijCKMIowijCKMIowijCKMIxAikCKQIpAikDKMIgwijCKMIowijCKIIowijC
IMIgwiDCGMIgwiDCIMIggiCCIIIggiCCGIIYghiCGIEYgRiBGIEYgRiBGIEQgRiB
IIEggSCBIIEYgSCBIIEggSCBIIEggSCCIIIggiCCIIIggiiCKMIowijCKMIowijC
KMIowikCKMIowijCKMIowijCKMMowijCKMIowijCKMIowijCKMIowijCKMIowijC
KMEggSCBIIEggRiBIIEggBiBGEAYQBBAGEAQQRBBEEEQQRBBEEEQQRBBEEEYQRhB
GIEYgRiBIIEggRhBIIEggSCBKMIowijCKMMowijDKMIowyjDKMIowijCKMIowijC
IMIgwiDCIMIgwiDCIMIgwiDCIMIgwiDCIIIgghiCGIIYghiCGIIYghiCGIIYghiC
GIIYghiCGIIYghiBEIEYgSCBIIEggiCBGIEggSCCIIIggiCCIIIggiCCIMIgwiDC
IMIowijCKMIowijCKMIowijCKMIowijCKMIowijCKMIowijCKMIowijCKMIowijC
IMIgwiCCKMIowijCKIIogiCCIIEggSCBIIEggSBBGEEYQRhBGEEYQRhBGEAYQBiA
GIAYgRiBGIEYgSCBIIEYwSCBIIEYQRiBIIEggSCBIIEggiDCKMIowijCKMIowikC
KMMowijCKMIowijCKMIggiDCIMIgwiDCGMIgwiDCIIIgwiDCIIIggiCCIIIgghiC
GIIggiCDGIIYghiCGIIYghiCGIIYghiCGIEYwRiBGIE=
END m9
frame     7 :  a glass with tea +0.15  an empty glass +0.10   led   3/191 h0.12 lvl+0.12   -
background: after 8 frames (warming up, room spread), this room reads  a glass with tea -0.080 +-0.0105 (COCO -0.161 +-0.0345)  an empty glass -0.043 +-0.0088 (COCO -0.157 +-0.0378)
frame     8 :  a glass with tea +0.08  an empty glass +0.08   led   1/221 h0.06 lvl+0.08   -

snapshot  : frame 9, mean RGB 111 108 109
BEGIN m9 128 128 32768 1be7b60b
UkdCBlqJa0trS2tLYwtaynONfA+ED4QPc457zoxQlJGUkoxQjFCMkZSSlNKdE5zT
nNOU04ySjJKdE50UnRSUk5TTnRSdFKUUpRSc1JTTpRSlFKUUnNOc050UpVWlVaVV
nRSdFKVVpVWllqVVnRSdFKVVrVWtVa1VpVSlFJ0UpVWtVa1VrVWlFKUUpRSlVa2W
rVWdFJ0UpVSlVaVVpVWdFJ0UpVWlVaVVnRSVE50UnRSdFZUUlNOVE50UnRSVFJUU
lNOM04zTjNOM04yTjJKM0ozRjJKM0ozSjJKEkoRRfFGEUYSRfFF8UHQQdFB8UXwQ
dBBrz2vPdA90D2wOa85jjVJISgdaiWsLa0tjTGMLWwpzjXwPhBCED3OOc86MUIxR
jJGEUYRRjJGU0pTTnNOc05TTlNOMkoySnROdE50UjJKU0p0TpRSlFKUUnNOc0qUU
pRSlVJzTnNOdFKVVpVWlVaUUnNOtVa1VrVWlVZ0UpRStVa1VrVWtVaVVpRSdFKVV
pVWtVa1VpRSlFKVVpVWllqVVnRSdFKUVpVWlVqVVpRWdFKVVpVWlVZ0UlROdFZ0V
nRWVFJTTnRSdFJ0UnRSVFJTUjNOM1IzTjNOMkoySjJKMkoySjNKM04yShJJ8kXxR
fFGEkXxRdBF0EHQQfFF0EHQQa89rz3QPdA9rz2vOY41aSEoHWoprC2sLawtjC1rK
c418D4RPhA9zznvOjFGMUZSRjFGEUIyRlNKc0pzTnNOc05yTlJKUUZ0TnROdE5TS
lNOdFJ1UnRSdFJzTlNKlVKVUpVSU05TTpRStVa1VpVWlFJ0TpVWtVq1WrVWdFKVV
pVWtlq1WrVWtVaUVpRStVa1VrVWtVqUVpRWlFaVVrVatVqUUpRSlVaVVpVWlVZ0U
nRSlVaVVpVWdFJ0TnRSdFJ0VlNSU050UnRSdFZ0UlRSVFIzTjNSM04zTjJOMk4yT
jJOMk4zTjNOMk4SShJF8UYRRhFJ8UXxRdBB8EHxRdBB0EGvPc9B0EHQQbA9rzmON
UkhKBlqJa0trS2NLY0tbCnONhA+EEIQQe857zoxQlJGUkoxRjBGMUZSSnNOc05zT
nNOU0oySjJGdE50UnRSU05TTnRSdFKUUpRSc05TSpRSlFKVVnNOc06UUrVWtVa1V
pRWdFK1VrVWtVaVVpRSlFa1VrVWtVa1VrVWlFKUUrVWtVa1VrVWlFKUUrRWlVa2W
rVWlFKUUpRWlVaVVpVWdFJ0UpVSlVaVVnRSdE50UnRSdFJzUlNOc1J0UnRSVFJUU
lNSM040TjNOM04ySjJKMkoySjJKMk4yThJOEkoSRhFGEUYSRfFB8UHQQdBF8UXQR
dBBsD2vPdA90D2vPa85jjVJISgZayWtLa0trS2tLYwpzjYQPhFCEEHOOe86MUJSR
lJKEUYxRjJKU0pzTnNOc05zTlJKUkpSSnROdE6UUlNOU050UpRSlFKUUnNOU0qUU
pRSlVJzTnNOlFK1VrVWtVaVVnROlVa1VrVWtVaUUpVWtVa1VrVWlVa0VpRWdFK1V
rZWtVa1VpRWlFKVVpVWtVa1VpRSlFKVVpVWlVaVVnRSdFKVVpVWlVZ0UnRSdFZ0V
nRWc1JTTlRSdFJ0UnRSdE5TUjNOM1IzTjNOMkoySjNKM0ozSjNKMkoyShJKEUYRR
hFGEUXxQfFF0EHxRfFF0EHQQa89r0HQQdA90D2vOY45SiEoHWolrS2tLa0tjS1sK
c42ED4xPhA97znvPjFGMUpSSjFGMUIySlJKU05zTnNOc05TTlJKUkZ0TpROlFJTS
lNOdFKUUpRSdFJzTlNKlFKVUrVWc05zTpRStVa1VrVWlFJzTrVWtla2VpVWdFKVU
rVWtVa1VrVWtVaUUpRStVa1VrVWtVaUVpRSlVaVVrVWtVaUUpRSlVaVVpVWlVaUU
nRSlVaVVpVWdFJ0TnRSdFJ0VlRSU050UnRSdFJ0UnRSU04zTjNOU04zTjJKM0ozS
jNKM0ozSjNKMkoyShJKEUYRRhFF8UXxRdBB0UXxRdBB0EGvPa89sEGwPa89rj2OO
UohKR1rKc0xrTGtMY0tbC3ONhA+MD4QPe857zoxQlFGUkYxRjFGUkZSSnNOc05zT
lNOU0pTSlJKdE50TnRSU05TTnRSlVKVUpRSdE5TTpVSlVK1VnNOc06UUrVStVa1V
rRSlE61VrZatVqVVpRSlVa1VrVWtVa1VrVWlVKUUrVWtVa1VtZWlVaUUpVWtVa2V
rVWlFKUUrVWtVa1VpVWdFJ0UnRWlVaVVnRSdFJ0UnRSdFZ0UlNOVFJ0UnRSdFJ0U
lNOM040TjNOM04zTjNOM04zTjNOM04zThJOEkoSShFGEUYRSfFF8UHwQfBF8UHQQ
dBBrz3PPdA90D2vPa49jjWLJSgdayWtLc0xrTGsLYwtzjYQPjBCEEHvPe8+MUZSR
lJKMUYRQjJGU0pzTnNOdE5zTlNOUkoySnRSlFKUUnNOc050UpRSlFKUUnNOU06VU
pVWlVZUTnNOlFK1VrVWtVaUUnROtVa1VrZalVaUUpRWtVa1VrZWtlaVVpRWdFK1V
rVWtVa1VpRWlFaVVpVWtla2VpRSlFKVVrVWtVqVVpRSdFKVVpVWlVZ0UlROdFKUV
pVWdE5UTlRSdFJ0UnRSdFJUUlNOVFJTTlNOM0ozTjNOM0ozTjNOM04zShJJ8kXxR
hFGEUXxRfFF0EHwRfFF8EHQQa89rz2vQbBBrz2OPY45iilJIWsprTGtMa0xrS2ML
c42ED4QQhBB7z3vOjFGUkZSRjFGEEIxSlJKc05zTnROc05TTlNKUkp0TpRSlFJzT
nNOlFKVUpRSlFJ0TnNOlVa1VrVWdE5zTpRStVa1VrVWlFJ0UrVWtVa2VrVWlFKUU
rVWtVa1VrVWtVa0UpRStVa1VpVWtlaVVpVSlVa2VrZWtlaUUpRStVa1VrVatVaUV
nRSlVKVVpVWdFJTUnRSlVZ1VlRSU1JUUnRSdFJ0UnNSU1IzTlROU05TTjNKM04zT
jNOM04zTjNOM0oyShFF8UYRRhJGEUXxRdBB0EXxRdBB0EGvPa9Brz2vPa89jjmNN
WspKiVrKa01rjGuNa0xjC3ONfA+ED4QQe857zoyRlJKUkoxRhFGMkpTSnNOc050T
nNOU05SSlJKlFKUUpVSc05zTpRSlFKUUpRSdE5zTpRStVa1VnROc06UUrVWtVa1V
pRSlFK1VrVW1lq1VpRStVK2VrVWtlq2VpVWlVKUUrVWtVa1VrZalVaVVrVWtla2V
rZalFKVVpVWtVa1VpVWlFKUUpVSlVaVVnRSU050UpVSlVZ0UnRSdFJ0VnRWdFJ0U
lRSM05UTlNOU04zTjNOM04zTjNOM04zThNOEkoRShFGEUYSRfFB8UHQQfFB8UHQQ
dBBrz3QQdBBsD2vPY45jTWMJUohjCnOMc4xzjHOMa0tzjYQPhFCEUHvPe86MUYyR
lJGMUYRQlJGc0p0TnROdE50TlNKU0pSSpRSlFKVUlNOc050UpRSlFaVUnRSc06UU
pVWtVZ0UnNOlFK1VrVWtVaUVpRStVa1VtZWtVaUUpRStVa1VrZatla1VpVWlFK1V
rVWtVbWWrVWtVa1VrZW1lq2VpRSlVKVVrZWllaWVpVSdFKVVpVWlVZ0VlNSdFKVV
pVWdFJ0TnRSdFZ0UnRSdFJTTjNOVE5TUlNOM04zTjNOM04zTjNOM04zTjJKEkoRR
hJKEknxRfFF0EHRRfFF0EHQPa89z0HQQbBBrz2vPY41rC1KIYwp7jXONc41rjWtM
c46EEIQQhBB7z3POjFGMkpSSjFGMUJSRnNKc050TnROdE5zTlJKUkqTTpRSlFJzT
nNOlFK1VrVWlFKUUnNOlFK1VrVWlFKUUpRStVa1VrVWtVaUUrVWtVa2WrVWlFKUU
rVW1lrWWrZatla1VpRStVa1VrZa1lq1VpVWlVa1VtZWtlqUVpVWlVa1WrZalVaVU
pRSlVaVVpVWdVZ0UpRSlFKVVnRSdFJ0UnRSdFJ0UnRSVFIzTlRSU05TTjNOMk5TT
jNKM04zTjNOE04SShJKEUYRRhJJ8UXxQdBB0UXxRdBB0EGvPdBB0EHQQa89jz2OO
YwtSiWMLc41zjXOOa41rTXPOhBCEUIRQe897zoxRlJGUkoxRjFGUkpzSnROdE50T
lNOc05SSlJKk1KUUpRSc05zTpRSlVaVVpRSlFJzTpRStVa1VpRSlFKUUrVWtVa1V
rVWlFK1VrVW1lq1VpRSlFK1VtZa1lrWWrZWlVaUUrVWtVbWWrZalVaVVrZWtla2W
rZWlVKVVpVWtVq2VpVWlFKUUpRStVaVVnRSc06VVpVWlVZ0UlNSdFJ0UnRSdFJ0U
lNOU05TTlNOU05TTjNOM04zTjNOM04zTjNOEkoSShFGEUYSRfFF8UHQQdFF8UXQQ
dBBrz3PQdBBrz2vPY85jjWtMWspjC3ONc41zjXONa0xzjYQQhFCMUHvOe86MUJSR
lJKMUYxRlJKc050UnRSdFJzTnNOUkpSSnRSlFKUUnNOc06UUrVStVK1UpRSc06UU
rVWtVZzTnNOlFK1VrVWtVa1VpRS1lrWWtZatVaUUrVW1lrWWtZa1lq2WpVWlVa1V
tZa1lrWWrVWtVa1VrVWtlq1VpVSlVa1VrVWtla1VpVWlFKVVpVWlVZ0UnNOlFKVV
pVWdFJUUnRSdFJ0UnRSdFJUTlNOVE5TTlNOM04zTjNOM04zTjNOM04SThJKEUnxR
hFKEUnxRfFF0EHxQfFB8EHQQa89r0HPQc89rz2uOY41zTGLKa0t7znvOe857znOO
e86EEIxQjFGED3vPjFGUkpSSjJGMUZSSnNKdE50UnRSdE5TTlNKUkqUTpRSlFJzT
nNOlFK1VrVWtVaUUnNOtVa1VrVWlFKUUpRStVa1VrVWtVaUUrVW1lrWWrVWlFK1V
tZa1lrWWtZatVaUUpRStVa1VrVWtVaUUpRSlFKVUrVStVaUUpVStVK1VrVWtVaUU
pRSlVaVVpVWdFJ0TpVWlVaVVnRSdFJ0UnRWdFJ0UnRSU04zTlRSVFJTTlNOM04zT
jNOM04zTjNOM04yShJJ8UYSShJKEUXxRdBB0UXxRdBB0EGvPa9BsD3QPa89jjmNN
c41jC2tNe857znvOc85zjnvPjFCMUYxRhA98D4yRlJGUkpSSjFGUkpzTnROdE50T
nROU05TSlJKlFKUUpROc05zTpRStVK1UrVSlFJzTrVWtVa1VpRSdE6UUrVWtlrWW
rVWlFK1VtZa1lq1VpRSlFK1VpRSlVJ0TnNKUkZSRnJGUkZTRlNGU0pSSnNKUkpSR
lJGUUZSRlJKUkZSSlJKc050UpVStVa1VpRSdFKVVpVWlVZ0UlNSdFJ0VnRWdFZ0U
nNSU05UTlROU05TTjNOM04zSjNKM04zTjNKMkoRShFGEUoRSfFF8UXQQfFF8UXwQ
dBBrz2vQdBBr0GvPY45jjXPNY0xrjXwPfA+ED3vPc457z4xRjFGMUYQQhBCUkpSS
lJKUkoxRlJKc0pzTpNOlFJ0TnNOU0pSSpRSlFKUUnNOc06UUrVWtVa1VpRSdFK1V
rVWtVZzTnNOlFLWVtZa1lq1VpRStVbWWrVWtVZzTlJGUkJSQlJCc0ZzSnNOc06UU
rVW1lb3Yvhm2GcYZtde1l7WXrZetl6VVnNOUkpSSjFGMUZSRnNKdE50TnROlVKVV
pVWdFJ0UnRSlFKUUnRSdFJzUlNOdE5UTlNOM04zTjNOM04zTjNOM04zThJKEUXxR
hFGEUYRQfBF0EHxRfFF0EHQPa89rz3QQbA9rz2POY417zmtMc42ED4QPhA+ED3vO
hA+MUIxRjFGEEIQQlJKUkpzSlJGMUZSSnNKdE50TpROdE50TlNKUkp0TpRStFZzT
nNOlFKUUrVWtVaUUnNOtVK1VrVWlFKUUrVS1lbWVtZWtVaUUrVWlFJzSlJGUkZTS
nNOlFKUUrVWtVa1VpRStVbWWvdfOms6bzpvW274Yvhi+GL4Ytdi1lqVVpVWlFJ0T
nROc05TSjJKMkozSnRSlVaVVnRSdFJ0UnRSdFJ0UnRSc1JTTlNOU05TTlNOM04zT
jNOM04zTjNOM04SShJF8UYSRhJF8UXxRdBB8UXxQdBB0EGvPdBB0D3QPa85jjWON
e89zjXPOhA+ED4QQhA98D4QPjFGMUZSRjFCEEJSSlJKUk5SSjFGUkpzTnNOlE6UT
pROc05zTlJKlFKUUpRSc05zTpRSlFK1VrVWlFJzTrVStVa1VnNOlE61UtZW1lbWV
rVSc0pTSlJKU0p0TnROlFK1VrVWtVa1VrVWtVaUUpVS9185a75/fX99f75/GWs6b
xprO27YYrZWtVa1UpRSlFKUUpRSlE5TTlNOMkoySlROlVJ0UnRSdFJ0UpRSdFJ0U
lROU05TTlNOU05TSjNOM04zSjNKM04zTjNOMkoSSfFGEkoSShFF8UXQQfFF0UXQQ
dBBrz2vQbBBsEGvPY45jjoQPc45zj4QQhBCMUIQQhA+EEIxRlJGUkoxRhBCUkpSS
nNKUkoyRlJKU0pzTnROdFJ0UnNOU05TSpRSlFKUUnNOc06UUpRWtVa1VpRSc061U
rVWtVaUUpRStVbWWtZatVZTSlJGUkpzSpROtVKUUpRStVK1VrVWtVa1VrVWlFKVV
zprfHfff51/nn+/fvlnO286b3xy+Ga1VrVWtVa0UpROlFKUUpRSc05zTlNOMkYRR
nNOdFJ0UpRSlFKUUpRSdFJUTjNOU05TTlNOU04zTjNOM04zTjNOM04TThJKEUoRR
hFGEUYRRfFF0EHxRdFF0EHQPa89zz3QQa89rz2OOW46EEHOPe8+MEYxQjFCMUIQQ
hFCUkpSSlJKMUYRQlNKc05zSlNKUkZSSnNOdFKUUpRSdFJzTnNOUkqUUpRSlFJzT
nNOlE6UVrVWtVaUUnNOtVK1VrVWlFKUUrVW1lbWVnNKUkZSSnNKc0qUTrVWlFKUU
rVWtVa1VrVWtVa1VpRStVb3X1tv33+ef55/v375aztvOm98cvhitVa1VrVWtFKUT
pRSlFKUUlNOMkpTSjJGEUIRRnNOdE6UUpRSlFKUUnRSU1JTTlROU04zTjNOM04zT
jJOM04zTjNOE04SShJGEUYSShJJ8UXxRdBB8UXxRdBB0EGvPdBB0EGwPY85jjmON
hBF7z3vPjFGMUYxRjFGEEIQQlJGUkpSSjFGEEJSSnNKc05SSlJKUkpzSnROlE6UT
pROdE5zSnNKlFK0UpRSc05zTpRSlFK1VrVWlFJzTrVWtVa1VpRSlFK1VtZa1lZSS
lJKc0pzSnNKlVK1VpRSlFK1VrVWtVa1VrVWtVaUUrVW1lsYY99/vn+ef79++Wc7b
zprfHL4YrVWtVa1VpRSc06UUpRSlFJTTlJKUkpSSjFGEUJTTnROlFKUUpVSlFJ0U
lNOU05TTlNOU05TTlNOM04zTjNOM04zThNOEkoRShFGEUoSShFF8EXQQfFF8UHQQ
dBBrz2vQbBBrz2vPY45jjoxRhBCED4xRjJGUkYxRjFCMUJSSlJKUkoxRhFGU0pTS
nROck5SSlJKc06UUpRSlFKUUnNOc05zSpRSlFaUUnNOc06UUpRWtVa1VpRSc061V
rVWtVaUUpRStVbWWrVWc05SSlJKc0pzSpVOtVaUUpRStVa1VrVWtVa1VrVWtVa1V
rVW91/ff55/nn+/fvhnO287b3x2+GK1VrVWtVaUUnNOlVaUUnROU04ySlJKUkpSS
lJKU050TnRSdFKUVnRWdFJTUlNOU1JTUlNOU04zTjNOM04zTjNOM04zThJKEUYRR
hFKEUoRRfFF8EHxRfFF0EGwQbA9sD2wPbA9jzmOOY46MUXwQhBCMkYySjJGMUYxR
jFGUkpSSnNOUkoxRnNKc0p0TnNKUkpTSnNOc06UTpRSlE6UTnNKc0qUTpRSlFJzT
nNOlFK1UrVWtVaUUnNStVa1VrVWlFKUUrVW1lq1UnNKckpySlJGc0qUTrVSlFKUU
rVWtVa1VrVWtVa1VrVWtVbWWtZbvn+de557vnsZZ1tvWm+cdxlqtVa1VrVWtVJ0T
rVWlFJzTlJKUUZSSlJKUkpTTnNOc1KUUpRSlVaVVnRSdE5TTnNSVE5TTlNOU05TT
jNOM04zTjNOE04SShJKEUYRRhFGEUXxRfBB8UXxRdBBsD2vPbA9sD2vPa85jjmOO
jFGEEIQQlJKUkpSSlJKMUYxRnNKU0pTSlJKMUZzTnNOc05ySlJGU0pzSpROlE6UU
pRSlFJzTnJKlFKUUpRSc05zTpRSlFK1VrVWlFJzTrVWtVa1VpRSlFK1VtZWtVJ0S
nNKc0pzSnNKc0qUTpROlE61UrVWtVa1VrVWtVaUUrVWtVbWW513nXude516+GM6b
zpvfHcZarVWtVa1VpRSc06UUnNOUkZSSlJKUkpSSlNKdE50TnROlVKVUpVSlFJ0U
lRSU05TUlNSU05TTlNOM04zTjNOM04zTjNOEkoSSfFGEUYRRfFF8UXQQfFF0EHQQ
a89rz2vPdA9rz2POW41jjYxRhBCEEIxRlJGUkZSRjFGMUZSSlNKU04ySjFGc05zT
nNOU04ySlNOc06TTpRSlFKUUpRSc05zTpRSlFKUUnNOc06UUpRWtVa1VpRSc061U
rVWtVaUUpRStVbWVpVSlE5zSnNKlE5zTnNOlFKUUnNOk06TTpNOtFK0UrVSlE61V
rVWtVd7b513nXt8dtdjOms6a1tu+GKUUpRSc1JzTnNOlFJzTlJKUkpSSjJKU0pzT
nRSdE50UnVSlVKVUpVSdFJ0UlNOU1JTUlNOM04zSjNOMkozSjNOM0ozSjJKEknxR
hFGEUYRRfFF0EHxRfFF0EGvQa89rz2wQa89jz1uNW42MUYQQfBCMUYyRlJGMkoxR
jFGUkpSSlNOUkoxRnNKc0pzTlJOUkpSTnNOc06UUpRSlFJ0UnNOckqUUpRStVJzS
nNOlFK1UrVWtVaUUnNOtVK1VrVWlFJzTrVS1laUUpROc05zTpROc06UTrRSlFKTT
pNSlFKUUrRStVa1VrVW1lrWWrVXfHOef75/nXr3XzprOWdbbvhilVaVVpRSc05zT
pROdE5TSlJKU0oySlNOU050UnROdFKUUpVSlVaVUnRSdFJTTnROdE5TTlNOU05TT
jNOM04zTjNOM04SShJGEUYSShJGEUXwRdBB8UXxRdBBrz2vPa89z0GvPY89bjluO
jFKEEHvQjFGUkpSSlJKMUYxQlJKUkpzSjJKMUZzTnNOc05zTlJKU0pzTnRSlFKUU
pRSlE5zTnNKlFKUUpRSc05zTpRStVK1VrVWlFaUUrVWtVa1VpRSlE61UtZWtFKUT
nNOc05zTpNOlFK1UrRSk06TTpROtFK1VrVWtVb3X1prOWr4Z99/33//f95/GGdab
zpve3L4YpVWtVaUUnNOc05zTnNOU0pSSlNKMkpTSlNOdFJ0UnRSlVKUUpVWlVKUU
nRSU05UTlROU04zTlNOU04zTlNOM04zThJKEkoSRhFGEkYSRhFF8EXQQfFF8UXQQ
a89rz2vPdBBrz2POW41bjYxRhBCD0IxRlJKUkpSSjFGMUZSSlNKU0pSSjFGc05zT
nNOU04ySlNKc05zTpRSlFKUUnRSc05zSpVStVK1UnNOdE6UUrVWtVa1VrVWc061V
rVWtVaUUpRStVbWVpRSlE5zTnNOk06TTpRStVa0UpNOk06UUrVStVa1VrVXGGN8b
1tvGWf/f/9//3/ffvhjOm86b3ty+GaVVrVSlFJzTnNOc05zTlJKUkpSSjJKUkpTS
nRSdE6UUpVSlVKVUpVSlFJzUnNSc1J0UlNSU05TTjNOM04zTjNOM04zThJKEkXxR
hFKEUXxRfFB0EHxRfFF0EHQQa89sD2wPa89jz1uOW46MUYQQhBCMUZSSlJKUkoxR
jFGUkpSSnNOUkoxRnNOc05zTnNKUkpzTnNOlE6UUpRSlFKUUnNOUkqUUpRSlFJzT
nNOlFK1VrVWtVaUUnNOtVa1VrValFKUUrVW1lqUUpRSc1JzTpNOk06UTrVSlE5zS
nROlFKUUrVW1la1VzlnnHN7bzln/3//f/9/3n73YzprOmtbcvhilVaUUpRSc05zT
pRSlFJSSlJKU0oySlJKUkp0UnROdFKVUpVWlVaVVnRSdFJTTnROdFJTUlNOU05TT
jNOM04zTjNOMk4SShFGEUYSRhFKEUXwQfBB8UXwQdBBsD2vPbA9sD2vPY45bTWOO
lFKEEIQQjFGUkpSSlJKMUYxRlJKU0pzTlJKMUZzTnNOlFJzTlJKc05zTpRSlFKUU
nNSc1JzTnNOlFKUUpRSc05zTpRStVa1VrVWlFJ0TrVStVK2VpROlFK1UtZWlFKUT
pNOk06TTpNOlFK1VpRSc0pzSpNOlFK1UrVWtVc5Z3tzWm8YZ/9//3//f956+GM6a
zpnW274YpVWlFKUUnNOc06UUpRSc05SSlNOMkpSSlJKdFJzTnRSlVaVVnVWlVZ1U
nRSU050UnRSU1JTTlNOU04zTjNOM04TTjNKEkoRRhFGEUYRRfFF0UHQQfFF8EHQQ
a89rz2vPc9Brz2POW05jjoxRhBCEEIxRlJKUkpSSjJGMUZSSlNKc0pSSjFGc05zT
nNOc05SSlNKc050UpRSlFKUUpRSc05SSpRSlFKUUnNOc06UUrVWtVa1UpRSc061U
rVStVaUTpROtFLVVrRSlFJzTnNOlE5zTpRStVa1UnNKc0qTTpROtFK0UrVTGF97b
1tvGWv/f/9//3/efvhnGms5a1tu92KUUpRSlFJTTnNOlFKUUnNOUkpzTlJKU0pTS
nRSdE50UpVWlVKVVpVWlFJ0TlROVE5UTlNOM04zTjNOM04zTjNOM04yThJKEUXxR
hFGEUXxRfBB0EHxRfFB0EGvPa89rz2vPa89jjltNY46MUYQQhBCUkpSSlJKUkoxR
jFGUkpzTnNOUkoxRlNKc05zTnNOUkpzTnNOlFKUUpRSlFJ0UnNOUk6UUpRWtVZzT
pRSlFK1VrVWtVaVUnROtVK1UtVWlFKUUrRStFK0UpROlE6TTpRSlE6UUrVWtVZzT
nJKc0qTTpRSlFK0UtZbOWfef757/3//f/9//39abzpvOmtbbvdelFKUUpRSc05zT
pRStVZzTlNOc05SSlJKUkpzTnNOdFKVUpVSlVaVVpVSdFJTTnROdE5UTlNOU05TT
jNKM04zTjNOMk4SShJKEUYSRhFF8UXwRdBB8EXwRdBBzz2vPc89rz2vPY45bjWOO
jFGEEIQQjFGUkpSSlJKMUYxRnNKU0pzSlJKMUZySnNOc05zTlJKc05zTpRSlFKUU
pRSlFJzTnNOlFKUUpRSc05zTpRStFa1VrVWlFJ0UrVStVbVVpRSlFK0UrRWtFK0U
pNSk06UUpROlFK1VrVSckpySnJKk06TTpROlE6UUtdf/3/+f/9//3//f/9/WnN8d
1tzW3b4YpRSlE6UUnNOc06UUpRSUkpSSnNOUkpSSlJKc050TnRSlVKVUpVSlVZ0U
nRSU050UnRSU05TTlNOUk4zTjNOM04zThNOEkoSRhFGEkYRShFF8EXQRfFF0UXQQ
a89rz2vPa9Brz2OPW05jjoxRhBCEEIxRlJKUkpSSjFGMUZTSlJKc05SSjFGUk5zT
nNOc05SSnNOc06UUpRSlFKUUpRSc05zTpRSlFKUUnNOc06UUpRStVa1VpRSk060U
rVStVaUUpNSlFK0UrRStFKTUpNOlFKUUpRSdFKUUlJKUUZSSnJKk06TUpROtVc6a
/9/33//f/9//3//f1tznXuef79/XHa1VpRSlFJzTpRSlFKUUlJKUkpzTjFGUkpSS
nNOdFKUUpVSlVKVUnVWdVJ0UnROdFJ0UlNOU05TTlNOM04zTjNOM04yThJKEUXxR
hJGEUoRRfBB8EHxRdBF0EGwPa89sD2vPa89jjluNY46MUYQQhBCMkYySlJKUkoxR
jFGUkpSSnNKUkoxRnNOc05zTnNOMkpzSnNKlE6UUpRSlFKUUnNOc06UUpRStVZzT
nNOlFKUUrVWtVaUUpNOtFK1UrVSlE6UTrRStFK0UrRSlE6UTpROlE6UTlFGUUZxR
nJGckaSSpNOtFKUUvdffHP/f99//3//f/9//39ab3x3nX+/f75+tVZzTnNOc05zT
nRSdFJSSlJKc05SSlJKUkpzTnRSlFKVUpVWlVaVVnVWdFJTTnROdFJUTlNOU05TT
jNOM04zTjNOMk4yThFKEEYRShFF8UXwRdBB8UXwRdBBrz2vPa89sD2vPY45bTWOO
jFGEEIQQjFGUkpSSlJKMUYxRlNOU0pzTlJKMUZzTnNOc05zTlJKUkpzTnRSlFKUU
pRSc1JzTnNOlFKUUrVWk06TUpRStVK1VrVWlFJzTrRStFK0UpNOk060UrRStFK0U
pROlE6UTpROc0owPhA6UT5SRnJKk0qUTpRSlFMYY3tv/3/ee/9//3//f/9/W3N8d
517vn+dfrVWk06TTnNKc05zTnNOUkpSSnNOU0pSSlJKk06UUpRSlVKVVpVWlVaVV
nRSVE50UnRSU05TTlNOU04zSjNOM04zThJOEkoRRfFGEkYRRfFF0EXQQfFF0EGwQ
a89rz3PQbBBrz2OOW01jjoxSjFGEEIxRlJKUkpSSjFGMUZSSlNKc05SSjFGc05zT
nNOc05SSnNOc06UTpRSlFKUUnNSc05SSpRSlFK1VpRSlE6UUrVStVK1UpRSc060U
rRStFKTTpNOtFK0UrRStFK0TpROlFKUTnJKUD4vOg82UUJyRnNKk06UUrVXGWNaa
zlnnHf/f/9//3//fzpvfHd9e79/nn62VpROlE5zTnNOc05zTlJKUkpzTlJKUkpSS
nNOdE50UpRSlVaVVnVWdVZ0UnNOdFJ0UlNSU05TTlNKM04zTjNOM04yThFKEUoRR
hFKEUXxRfBF8EHxRdBF0EGvPa89z0GvQa9Bjj1tOY46MUoQRhBCMUZSSlJKUUYxR
jBCckpySnNOUkoxRnNOc05zTnNKUkpzTnNOlFKUUpRSlFJzTnNOUkqUUpRStVKTT
pNOlFK1UrVStVKUUpROtFK0UrRSk06TTrRS1FK0UrRStFKUUpRSlE5SRlFCMD4PO
jA6UkKTSpROtE60VzlnWms5Z3tv/3//f/9//386b1t3fXuef55+tVZ0UpRSc05zT
nNOc05SSlJKc05SSlJKUkpzTpRSlFKUUpVWlVaVVnVWdFJTUnRSdFJUUlNSU1IzT
jNOM04zTjNOMk4RShFJ8UYRSfFF8UXQQdBB8UXQRdBBrz2vPa9BsEGPQY89bjWOO
jFGEEIQPjFGUkpSSlJKMUYwQnJKUkpzTlJKMUZTSnNOc05zTlJKUkpzTnNSlFKUU
pRSc05zTnNOlFKUUrVWlFJzTpRSlFKUUrRSlFJzTrRStFK1UpNOk060UrRStFK0U
rRSlFKUTnROUUJRPlA+DzYOMlA+k0qTSpRStFc5Z1prGGc5a/9//3//f/9/Om9bc
3x3nXuefrVWdFKUTnNOc06UUpRSUkpSSnNOUkpSSlJKc050TpRSlVKVVpVWlVZ1V
nRSVFJ0UnRSU05TTlNOU0ozTjNOM1IzTjJOEUoRRfFGEUoRSfFF0EHQQfBF8EXQQ
a89rz2vPbA9rz2OPW05jj4xRjFGEEIxRlJKUkpSSjFGMUZzTlNKc05SSjFGc05zT
nNOc05SSnNOc06UUpRSlFKUUnNOc05zTpVSlVK1VnNOc06UUpRWtFa0VpRSc060U
rRStFKTTpNOtFK0UrRStFK0UpRSlE5zSlFCUT5QPi82DjIPNlE+c0qTTnRPGGNaa
xhm92P/f/9//3//fzpvWm86a1tvnXa1VlJKUkoxRlJKc05zUlJKUkpzTlJKUkpSS
nNOk06UUpVSlVaVVnVWdVZ0UnRSdFJ0UnNOU05TTlNKM04zTjNOMk4yThJOEUnxR
hJKEUnxRdBB0EHxRfBB0EGvPa89sEGwQY89jjltNY46MUYQQhBCMUZSSlJKUkoxR
hBCc05SSnNOUkoxRlJKc05zTnNOUkpzSnNOlE6UUpRSlFJzUnNOc061VrVWtVZzT
nNOlFKUVrRWtFaUUpNOtFK0UrRSk06TTrRStFK0UrRStFKUTpNOUUIwPlA+UD4vN
g4uDS4uMnJGk05zTxhjWmcYYtZb/3//f/9//38YZxhnOWtaa5xyUUXLJcwpzCXMK
g4yUkpSSlJKc05TTlJKUkpzTpNOlFKVVpVWlVaVVpRWdFJzUnRSVFJTUlNOU05TT
jNOM04zTjNOEkoSSfFJ8UYSShFF8UXwRdBF8EXQQdBBrz2vQa9Br0GPPY45bTWOO
jFGEUIQQjFGUkpSSlJKUkYxRlJKUkpzTlJKMUZSSnNOc05zTlJKUkpzTnNSlFKUU
pRSc1JzTnNOtVK1UrVSlE6TTpRStFa0VpRWlFJzTrRStFK0UpNOk060UrRStFK0U
rROk0ovNg4yLzZQOlA6LzYNLg0qDSpPMnNKUkb3WzljGGK1W/9/3nv/f956tVb3X
zlnOmt7bg89aB1pHYkdih2KHe4uMUZSSlNOUkpSSlJKc05zUnRSlFaVVpVWlVaVU
nRSdFJ0UnRSU1JTTlNOU04zSjNOM04zTjJKEUoRRfFGEUYRRfFF0EXQRdFF0EHQQ
a89rz2vPa89rz2OOU41jzoxRhBCEEIxRlJKUkpSSjFGEEJSSlJKc05SSjFGUkpzS
nNOc05SSlJKc05zTpRSlFKUUnNOc05zTpVSlFK1UnNOc06UUrRWtFa0VpRSc060U
rRStFKTTpNOlFK0UrRStE6TTjBBzCoOMlA2UDJPMi4yDS4NKg0qDSpQOi82kkL2V
xdak0s6Z1tznXudepVa1l9aazlne24PPWkZih3MJewpih2KHe8yUkZzTlJKUkpSS
nNOc050UpVSlVKVVpVWdVJ0UnROdFJ0UlNSU05TTlNKU04zTjNOMk4yThFJ8UXxR
hJGEUXxRdBB0EHRRdBBsEGvPa89rz2vPY89jjltNY46MUYxQhBCMUZSSlJKMkoxR
hBCUkpSSnNKUkoxRlJOc05zTnNOMUZzTnNOlFKUUpRSlFKUUnNOc061UrVStVZzT
nNOlFK0VrRWtFK0UpNOtFK0UrRSk06TTpRStFK0UrRSk03MJcwmDi5PMlA2Ty4NJ
gwiDCHrHesd7SXsJewmLzKzRcwq1VNab513vXa1WtZfGGcYY1pqMUXMLaohqh1oF
UcRiRUnEe8yMkpSSlJKUkpzTpRSlFKUVrRWlVaVVnRSdFJ0UnRSdFJzUlNOU05TT
jNOM04yTjJOMk4RShFF8EYRShFJ8UXQQfBB8EXwQdBBrz2vPa89rz2PPY45bTWPO
jFGMUYQQjFGUkpSSlJKMkYxQlJKc0pzSlJGMUZSSnNOc05zSlJKUkpzTnRSlFKUU
pRSlFKUUnNOtVK1UrVSlE5zTpRSlFK0VrRStFKTTrRStFK0UpNOk0q0UrRStFK0U
lFFaR3MKg4yUDJwNlAuLiXsHeoVyRXJFagVhxVnGYgdiR0nFpJDWmt7b3tuc06UU
vde919aZnNKDS2pGakZZxFnEWcNAwElDaohzSnvNjFCU05zTnRSlVKVUpVWdVKVU
nRSVFJ0UnRSU1JTTlNOU05TTjNOM04yTjJKEUoRRfFGEknxSfFF8EHQQfFB0EHQQ
a89rz2vQa9Bj0GOPW05rj4xRhBCEEIxRlJKUkpSSjFGMEZSSlJKU05SSjFGckpzT
nNOc05SSlJKc05zTpRSlFKUUnNSc05zTpVWtVK1UpNOk06UUpRStFK0UrRSc06UU
pRStFKTTpNOtE60UpROlFIxQWkZzCYOLi82UDZPLi4mDB3pFccRpw1lCQME4gTiB
MIE4gYtMvdfGGM5ZjFGckr2WtZbOWZzRg8t7CXLIYgVJAkDBMEAwQDiAQQJaRoxQ
nNOlE50UpVSlVaVVnVWlFZ0UnNSdFJ0UnNSU05TTjJOMkoyTjJOMk4SShJJ8UXxR
hJKEUXxRdBB0EHxRdBB0EGvPa89rz2vQY89jjluNY46UkoxRhBCMUZSSlJKUkpSS
jFGUkpSSnNOUkoxRlJKc05zTnNOMUZSSnNOlFKUUpRSlFJzTnNOc061VpRStVJzT
nNOlE6UUrRStFKUTnNOlFK0UrRSc06TTrRStFK0UrRSUUFpGcwmDi4vMlA2Ty5OJ
k0l6hmnDYYNIwThBMAAwADhAQIB6iJNLtNHeFYvNnFC1U7VT1lek0YvLg0h7B2qG
WYJRQkjASMBRAVlCakeMUJzTnNOc06UUpVWlVaVVpRWdFJ0UnRSdFJTUlNOU04zT
jJOMk4yTjJOMkoRShFF8UYSSfFF8UXQQdBB8UXQQc9Brz2vQbBBr0GvPY45bTmOO
jFGMUYQQjFGUkpSSlJKUkoxRlJKUkpzSlJKMUZSSnNOc05zTlJKUk5zTnNOlFKUU
pRSlFJzTnNKlVKUUrVSk06TTpRStFK0VrRSlFJzTpROtE60TpNKk0q0UrRStFK0U
lFFaRnLIcwmLipPLk8uTipOJiwdyBFlDSME4gDBAMAA4QECAWQJIwZuL3dWTzZPO
nFCkkMWUpJCTy4NJe0hyRWHDUUJJAEjAUQFZw2rHjFGc05zTnROlVKVUpVSlVJ1U
nRSVFJ0UnRSVE5TTlNOU04zSjNKMk4yThJKEUoRRfFGEUoRRfFF0EHQQfBF0EHPQ
a89rz2wQbA9jz1uOW41jjoxRjFGEEIxRlJKUkpSSjFGEEJSSlJKc05SSjFGUkpzS
nNOc04ySlJOc05zTpRSlFKUUpRSc05zSpVSlVK1UnNOc06UTrRStFK0UpNSc06UU
pROtE6TSpNKk060UrROtE5RRYkZqhnLHewmLiouKi8mLiYtIckVZQ0DBOIEwQDAA
OEBAgFECUQKTi9WUi42UD5xQpJG9U5xPi8uDiXtIckVhw1mBUQBQwFEAYYJ7B4yR
nNOdE50UpRSlFKVVnRWdFJzTnNOdFJ0UnNOU05TTlJOMk4yTjJOMk4RShFF8UYRR
hFF8UXxQdBB0EHxRdBB0EGvPa89sEGvQY89bjltNY46MUYxRhBCMUZSSlJKUkoxR
hBGUkpTSnNOUkoxRlJKc06UUnNOUkpzSnNOc06UUpRSlFKUTnNOc06UUpRStFKTT
nNOk1K0UrRStFKUUnNOlE6UTpROc0pzSpNOtFKUTpROUUGoFakVqBHLGg0iLiYuK
i4mLSHrGYcRIwjiBMEAwQDhASIBZAlDBk0u9EYNLjA6cT5xPrNGUDYOJg0iDB3JE
YYJZglEASMBRAWGDewiUUZySnNOdE6UVpRWlVaVUpRSdE50TnROVE5TTlNOU05ST
jJOMk4yTjJOEU4RSfFF8UYRShFF8UXQQdFB8UXQQbBBrz2wPbA9rz2vPY41bTWOO
jFGMUYQQjFGMkpSSlJKMUYxQlJKU0pTSlJKMUZyTnNOlFJzTlJKc05zTpRSlFKUU
pRSlFKUUnNOtFK0UrRSk05zTpNOtFK0UrRSlFJzTpROk06UTnNKc0qTTpNSlE6TT
lJFiBmHFWcNqRHsHg0iLiYuJg0iDB3JFUQJAgDhAOEA4QEiAYUNIwYsKtNCDS4NM
i42UDZQNi4mDSINHgwdqRFnDWUJRAUjAUQFZg3MJjFGUkpzTnNOlFKUUpRWlVJ0U
lROU05zUnNSU04zTjNOMk4yTjJOMk4SSjJKEUXxRfFF8UnxRfFF0EHQQdBF0EHPQ
a89rz2vPa89jj1uOW41jz4xRjFGEEIQQlJKUkpSSjFGEEJSSlJKUkpSSjFGUkpzT
nNOc04xSlJOc06UUpRSlFKUUpRSlFJzTpRSlFKUUnNOc0qTTpROlFKUUpROc0pzT
pNOk05ySnJKk0qUTpNOk05RRagdZg1FCWYNqRXsHg0iLiItIiwd6hVmDQME4gDiA
OEBAgFmESMF6iLQNgshqRoLIk0p6hYLFiwaDBnrGYgRZgllCUQBIwFEAWcNzCoxS
lJKc05zTpRSlFKVUpVSlFJzUnNOc1JzUlNOU05TTjJOMk4yTjJOMk4xShFF8EXxR
hFF8UXxQdBB0EXwRdBF0EGvPa89z0GvPY45bTVtOY8+MUYxRhBCMUZSSlJKUkoxR
hBCUkpSSlJKUkoxRlJKUkpzTnNOUkpSTnNOlE6UUpRSlFJzUnNOck6UUpRWtFKTT
nNKk06UTrRSlFJ0TnNKk06TTpNOc0pySnNKk06TTpNOcUWoGWYRJQVFBYgRyhoMI
i0mDCIMHcoVhw0DBOEA4QDhAQIBRAkiAacWbSnpGYcRyRnpGckR6hILFesV6xnJE
YYNZglEBUMFRAVnEe0mMkZSSnNOdFKUUpRSlFKUUnRSc05zTnNOU05TTjJOMk4yT
jJOMk4yThJKMkoRRfFF8UXxRfFF0UXQQdFB0UXQQbBBjz2vQa9Br0GOPW01bTWOO
jFGMUYQQjFGUkpSSlJKMUYQQjFGUkpSSlJKMUJSSnNOc05zTlJKc0pzSpROlE6UU
pRSc05zTlJKlFKUUpRSc05zSpNOlFKUUpROdE5zSpNKk0qTSnJGckZzRpNKk05zS
nJFiR1mFSQJAwVlCYcRyhoMHgwd6xnJFYYRAwThAMEA4QECAWQNIgEjBWUNhhFlD
ckZ6h2oFckR6hXqFeoVqBFnCUYJRAUkBSQFZw3NKjFGUkpzTnRSlFKUVpRWlFaUU
nRSc1JzUnNOU05TSjNOMkoySjJKEkoySjJKEUoRRfFF8UnxRdFF0EHQQdBB0EGvQ
a89r0GvQa9Bjj1tOW05jj4xRjFGED4QQjFGMUYxRjFGEEIxRlJKUkpSSjFGUkpzT
nNOc05SSlJKc06UTpROlFKUUpRSlFJzTpRSlFK0UnNOc05zTpROlFKUTnNOckqTS
nNKc0pyRnJGckqTSpNKkkpyRYkhRhUkCQMFJAVmCagR6hoLGeoZyRWHDQMEwQDBA
MEBAwXIGQIFIwlFDWUNRQ2GEckZyh2pGagRqRWpFYcRZg1FCUQFRAUkBWcN7i5SR
lJKc06UUpRSlFKUUpRSc1JzTlNOU05TTlJOMk4yTjJOMkoySjJOMk4RShFJ8UXxR
fFF8UXQQc9B0EXQRc9Br0GPPa89r0GPPY49bTltOY4+MUYxRhBCEEIxRjFGMUYxR
hBCMUZSSlJKUkoxRlJKc05zTnNOUkpSSnNOdE6UTpRSlFKUUpRSc06UUrVWtFJzT
nJKk06UTpROlE6TTnJKkk5ySnNKUkZyRnNKk0qTSpJKckWpIWUVRAkCBQIFJAVmC
agRyRXJEagNZgUCAMAAoACgAMIFhxkCASMFRAmFDUQJJAmIFeohqBmIEYgRiBFnD
UUJJAUjASMBJAVnEe4uMkZSSnNOdFKUUpRSlFKUUnRSdE5zTnNOU05STlJKMk4yT
jJOMk4yTjJOEUoRSfBF8EYRRfFF8EHPQdBF0EWvQa9Bjz2vQa89rz2uOW01bTWOO
jFGMUYQQhBCMUYxRjFGMUYxRlJGUkpSSlJKMUZSSnNOc05zTlJKUkpzSnNOc06UU
pRSlFJzTlJKlFKUUpRSc05zTnNOk06UTpNOk05ySnJKckpySlJGckZyRnJKk05yS
lJFiSFFESMNAgThAQIFJAVlCYcNhw1mCUUE4gChAKAAoADBBWcY4QThBQIFIw0jB
SMFRA2pGYcVZhFGDWYRJQ0kCQMFAgEDBSQFZxHvMjFGUkpTTnROlFKUUnRSdFJ0U
lNOU05TUlNOU04ySjJKMk4yTjJOMk4yShJKEUXwRfFF8UXRRdBB0EHQRdBBsEGvP
Y89jz2vQa89jz1tOW05jj4xQjFGED4QQjFGMUYxRjFGEEIxRlJKUkpSRjFCUkpzS
nNOc05SSlJKc05zTpRSlFKUUpRSk05zSpRSlFK0UpNOck5zTpRSlFKTUnNOUkpzS
nJKckpSRlJGUkpzSpNOc0pSRaklRBUDCOIE4QDhAQIBIwFEBUQFRAUjAOEAwACgA
IAAoAVmGMEAwQDhAOEBAQECAQMFiBlGESUNJA0kDQMJAwjiBMIBAwUkCYcWDzYyR
lJKc050TnRSlFJ0UnRSdFJzTlNOU05TTlNOMkoySjJKMkoySjJKMkoRShFF8UXxR
hFJ8UXwRc9B0EXQQc9Br0GvPa9Brz2vPY45bTVtNY46MUYxRhBCEEIxRjFGMUYxR
hBCMUZSSlJKUkoQRlJGckpzSnNOUkpSSnNOk06TTpRSlFKUUnNOc06UUpRSlFKTT
nJKc06TTpNOk05zTnJKckpySnJKUkpSRlJKckqTTnJKckmqKUQRAgjhBMEAwQDCA
OIBAwEDASQBAgDBAMEAoACAAKAA4gjBBOEA4QECAQIBAgEjCYgZRREEDOMI4wjCC
MIEwQDBAQIFJAlnFg86MUZSSnNOc050UnRSdFJ0UlROU05TTlNOU05TSjJKMkoyS
jJKMkoySjJKEkoRRfBF8EXxRfFF8EXPQdBB0EGvQa9Bjj2PQa9Bjj2OOW05bTmOP
jFGMUYQQhBCMUYxRjFGMUYQQjFGUkZzSlJGMUZSRnNKc05zSlJKUkpzSnNOc06TT
pRSlE5zTnNKlFKUUrRSk05zSnNOk06TUpNOk05ySnJKckpySnFGUkZSRnJGk0pyS
nFJqikkEQMI4QTBAMAAwADBAOEBAgECAOEAwQDAAMAAoACgAOIIwgjhBOIBAgUCB
QMFJA1mFSQM4wjjCOMIwgTCBKEAwQDiASQFZxYPOlFGUkpzTpNOlFKUUnRSdFJUU
lNOU05TTlNOM04ySjJKMUoySjJKMk4yShFGEUXwQfBF8UXRQdBBrz3QQdBBzz2vP
a49r0GvPY89jjltNW01jj4xRjFGEEIQQjFGMUYxRjFGEEIxRlJGUkpSSjFGUkZzS
nNKc0pSRlJKc05zTnNSlE6UUpROc05ySpNSlFKUUnNOc0pzTnNOk06TTnNKUkpyS
nJKckZxRlJGUkZySpNKckpyRaspJRUDDMEIoACgAKAAoADBAOEAwQDhAOEAwQDAA
KEAwQEDCOME4gTiBQIFAgUDCUUNJQ0ECQQJBA0EDOMJAwjiBMEA4wEkBWgSED5RR
lJKc050TnRSdFJ0UnRSdFJTTlNOU1JTTlNOMkoySjFKMkoySjJKEkoRSfFF0EXwR
fFF0EXQRa9B0EXQQbBBrz2PPa89rz2OPY45bTVtOY46MUIxRe8+EEIxRjFGMUYxR
hBCMUZSSlJKUkoQRjFKUk5zTnNOUkpSSnNOc05zTpRSc05zTnNOUkqUTpRSlFJzT
nJOc05zTpNSk05zSlJGckpySnJGUkZRRlFGcUqTTnJGUkXMLSURAwziBMEAoACgA
KAAwADAAMAAwADAAMAAwADAAMEBAwUDBQMFAwUDBQMFJAlFDUUNJQ0kDUURRREkD
SQJAgTBAOIBAwVoFhA+MUZSSnNOc050UnRSdFJ0UlNSU05TTlNOU05TSjJKMkoyS
jJKMkoyShJKEUXwRdBF8EXxRfFB0EGwQdBF0EGvQa9Brz2PPa89jj1uPU01bTmOP
jFGMUXvPhBCMUYxRjFGMUYQQjFGMUZSSjFGMUYxRlJKc05zTlJKUkpzTnNOc05zT
pRSc05zTlJKk06UUpRSc05zTnNOk06TTpNOkkpSSnJKckpySlFGUUZRRlFGc0pyR
lJFzC0kEQMI4gThAMEAwADAAMAAwADAAKAAgACAAKAAwQDhAQMBJAUkBUQJRAlEC
UQJZhGHFWYRRQ1FDUYRJQ0kCQMEwgDCAQQFaBYRQjFGUkpzTnNOc1J0UnRSdFJzU
lNOU05TTlNOMk4ySjJKMkoySjJKMkYRShFF8UXwRfFF8UXwRdBBsEHQQdBBr0GvQ
Y49j0GPQY89bjlNNU45bj4QQjFF7z4QQjFGMUYxRjFGEEIxRlJKUkpSSjFGMUZSS
lJKc04xRlJKUkpzTnNOc06UTnNOc05SSpNOlFKUUnNOc0pzTnNOc05zTnJOckpyS
nJKckZRRlFGUUZRRnJKckZSRe0xJRUDCOIE4gDhAOEA4QDBAMEAwQDAAMAAoADAA
OEBAgEjCUMFRQlFDUYJZgmHEYcRyRmHEWUJRg1mDUUNJQzjCMIAwQEDCWgaDz4xR
lJKc05zTnNOdFJ0UlNSU05TTlNOU05TTjJKMkoySjJKMkoyShJKEkoRSfBF8EXwR
fFF8EHQQa9B0EWwQa9Br0GPPY89jz2PPW45TTVuOW46MEIwQe897z4xRjFGMUYxR
hBCMUZSSlJKUkoxRjFGUkpSSlJKMUYxRlJKc05zTnNOc05zTnNOUkpzTpRSlFJzT
lJKc06TTpROk06SSlJGckZyRlJGUUZRRlFGUUZzSnJKckXuNSUU4wzBBMEA4QDhA
OEA4QDBAMAAwADAAMAA4AECASMFJAlECWURZg1nEYgRiBWIFakZhxFlCWYNZQklC
SUNAwjCAMEA4wloHhBCMUZSSlNOc05zTnRSdFJUUlNOMk5TTlNOU05STjFKMkoyS
hJKMkoSShFF8UXxRdBF8EXxSdBF0EWvQdBF0EGvQa89rz2PQa89jz1uOU01bjluO
hBCEEHvPe8+MUYxRjFGMUYQQhBCUkpSSlJKMUYxRlJKUkpSTjFGMUZSSnNOc05zT
nNOc05zTlJKc06UUpRSc05zSnNKc05zTnNOck5SRlJKUkZSRlFGUUZRRlFGckpSS
nJF7jklGOIMwQTAAMAA4ADhAOEA4QDBAMAAwADAAOEBAgEjCUQJRAlmEYcRhw2oE
esZyx3KHYcRRglmCUUJRAkkCQMEwQShAMMJaCIwQjFGUkpzTnROc050UnNSc1JTT
jNKU05TTjNOMk4ySjJKEkoSShJKEkoRRhFF8EXwRfBF8UXQQdBBrz3QQbBBrz2PP
Y89j0GvPY89bjlNNW45bjoQQhBB7z3vPhBCMUYxRjFGEEIQQjFGUkpSSjFGMUZSS
lJKUkoxRjFGUkpSSnNOc1JzTnNOc05SSpNOlFKUUpNOc0pzTnNOc05zTnNKUUZyS
nFKcUZRRlFGUkZRRnJKcUZxRg45JRTDDKEEoADAAMAAwADAAMEAwADBAMEAwAECA
SMBRAVlDUUNZg2HDWYNiBILIgwhyh1mEUUJZQ1ECSQJJAjjCKIEgQCjCWkiMUYxR
lJKc05zTnNOc05zUnNSU04yTlJOUk5STjJOMkoyShJKEkoSShJKEUnxRfFF8EXwR
fBF0EXQQa890EHQQa9Brz2PPY89j0GPPW45TTlOOW4+MEIQQe897z4QQjFGMUYxR
hBCMUYxRlJKMUYQQjFGUkpSSlJKMUYxRlJKUkpzTnNOc05zTnJKUkpzTpNSlFJzT
lNOck5zTnNOc05zSlJGUkZSRlJGMUJRRlJGUUZySnFKUUYPPSYYwwihBKAAoADAA
MAAwADgAOAA4ADAAOABAgEjAUMFRQlFDUYNZhFmDYgSDCIMIcodZg1lCWUNJAUkB
QME4wShBIAAwwlqIhFCUkZSSnNOc05zTnNOc05TTlJOMkoyTlJOMk4xSjJKMkoxS
jFKEUoRRhFJ8EXwQdBB8EXwRdBF0EGvQbBBsEGvPa89jz2PPY89jz1uOU01bjluP
hBCEEHOOe8+MUYxRjFGMUYQQhBCMUYxRjFGEEIQQlJGUkpSSjFGMUYxSlNKc0pzT
nNOc05zTlJOc05zTnNOc05SSlJKc0pzSpNKckpRRlFGUUYxQjBCMUZRRlFGckpxS
lFGDz0mGOMMoQSAAKAAoACgAMAAwADAAMAAwADAAQEBAgUjBUQJJQlFCUUNRg1oF
esh6yGpGUYNJQ1FDSQFBAUDBMIEogSBAMMJiyoRQjFGUkpSTlNOc05zTnNOU05TT
jJKMk5STjJKMUoxShJKEUoRShFKEUoRSfFF0EXQQfFF8EXQQdBBr0HQQa89rz2PP
Y49jz2PPY49bjlNNW45bj3vPe897z3OOhBCMUYxRhBB7z3vPhBCMUYxRhBB7z4xR
lJKUkoxRjFCMUJSRnNKckpSRlJKUkpSSlJKc0pzSlJKUkZRRlFKckZRRlFCMUIQP
jE+MD4QPjFCMEIwQlJKckpRRhA9BhijDIEIYARgBGAEoACgAKAAoACgAKAAoADhA
QIBAwUkCSQJJAlFCUUJhxHKHcodiBVFCSQFJAkDBOME4wTCBKIEYQCjDYwuEEYxR
lJKUkoySlNOc05STjJKMkoRRhFKMUoRShFKEUYRRfFGEUYSRhFKEUnwRfBF0EHxR
dFFsEGvQa89sEGPPY89jj2OPY89jj1uOW05TTVNOU06EEIQQhBB7z4QQjFGMUYxR
hBB7z4xRlJKUkpSShBCMUZSSlJKUkoxSjFGUkpzTnNSc04xSnNOc1JzTnNOckpzT
nNOUkpSSlJKUkpSSlJGUkZSRlFGUUJRRlJGUUZSSlJGUkowQQccowyBCGAAYARgB
GAEgARgBGAAgACAAKAAwADiBOIE4wTjBOIBBAUkBUYNqBWoFWcRJAkDBQME4wTjB
OMEwwiCBGEAow2tMjFGMUZSTlJKUkpzSlNKU0pTTjJKMkoySjFKEUoRShFKEUYRS
hJKEkoRRhFF8UWvPdBB8UXQQdBBrj2vQc9Br0GvPY89jz1uOY45bTltOU05TTVNO
hBCEEHvPc46EEIxRjFGMUYxRe8+EEIxRlJKMUYQQjFGUkpSSlJKMkYxQlJGc05zT
nNOUkpzTpRSlFKTTnJKckqTTnJKc0pzSlJKUkZSRnJGUkZRQlFCUUJxRlFGckZyS
lJGMEEHHKIMYQhABEAEQARABEAEQARABEAEYASAAKAAwQDiBOIE4gTiAOMFBAUlD
YcVhxVGDQMFAwTiBOIE4gTCBKIEoQSBBMQRzjYxRlJKUkpSSlJKUk5TTlNOU05SS
jJKMkoySjFKEUoRSjJKMkoySjFKEUXxRfFF0EXwSfBF0EXQQdBB0EHQQdBBrz2vP
a89jjmOPY49bTluOU01bjoQPe897z3OOe8+EEIQQjFGEEHvPhBCMUYxRjFGEEIQQ
lJKUkpSSjFGMUYxRnNOc05zTlJKUkqUUpRSc05SSlJKc05ySnNOc05ySlJGUUZxR
lFGUUJQQlFCUUJRQlFGUkpRRjBFKCCjDGEIQARAAEAEQARABEAEQARABEAEYACgA
KEAwQTCBOMI4gTiAOIBBAlGEUYRJQ0DBOIE4gTiAMIAwgChAIAAgQTEEc86MUYyS
lJOUkpSSlJKUkpTTlNOU04ySjJKMkoyShFGEUYRShFKEUoRSfFF8EXwRfBF8EXQR
dBBz0HPQdBB0EGvQY9Bjz2PPW45jj1uPW49TjksNU06EEHvPe897z3vPhBCEEIxR
hBB7z4QQjFGMUYxRhBCEEIxRlJKUkpSSjFGUkpzTnNOc05SSlJKlE6UUnNOUkpSS
nNOck5zTnNKUkpSSjFGUUZRRlFCMUIxQjFGMUJRRnJKUUYwRSgkgxBhCEAEIAQgB
CAEIAQgBCAEIAQgBEAEgACgAKEE4gTjCMIEoQDBAOMFJQ0lDQQI4gjiAOIAwQChA
IEAgACAAKEE5BHvOjFCMUpSTlJOMkpSSlJKUk5STlJOMkoySjJKEkoRRhFGEUYRS
hFKEUnxRfBB8UXwRfBFz0GwQa89rz2vQbBBr0GPPY89jz1uPY49bjltOU01TDVtN
e897z3vPc457z4QQhBCMUYQQe8+EEIxRjFGMUYQQhBCMUZSSlJKUkoxRjFGUkpzT
lJKMUZSSpRSlFJzTlJKUkpzTnJOc05zSlJKUUpRRlFKUUZRRlFGUUJRQjFCUUJyR
lFGMUFJJKMQYQhABEAEIAQgBCAEIAQgBCAEIAQgBEAEYASABMIIwgihAKEAoQDCB
QQNBA0EDOIEwQDBAKAAgQBgAGAAgAChBOQV7z4wRjFKUkpSSlJKUkpSSlJOUk4yS
jFKMkoySjJKEUoRRhFGEUYxShFJ8UXwRfFF8EHwQdBBz0HPQc9Bz0GvQa9Brz2PP
Y89bjlvOW45bjVtOUw1bTnvPe897z3OOe8+EEIQQjFGEEHvPhBCMUYxRjFGEEIQQ
jFGUkpSSlJKMUYxRlJKc0pSSjFGUkZzTpNOc05RSlJKc0pzSnNKU0pSSjFGUUZSR
lFGUUYxQjFGUUIwQjBCckpRRlBFaiijEGIIQAAgBCAEIAQgBCAEIAQgBCAEIAQgB
EAEYAShCMIIgACAAIAAoQTjDQMM4gihAKAAgACAAIAAYABgAGAAoQUFFg8+MUJRR
lJKUkpSSlJKUkpTSlJOUk4xSjFKMkoxShFGEUYRRhFKEUoRRfBF8EXQRdBF0EWvQ
c9Br0GvQa9Br0GvQY49jj2OPW45bj1uOW45TTUtNU057z3vPc45zjnvPhBCEEIQQ
hBB7z4QQjFGMUYxRhBCEEIxRlJKUkpSSjFGMUZSSlJKUkoxRlJKc05zTnNOUkpSS
nNOc05zSnJKUkpSRjFGUkZRRjFGMUIxQjFCMEIwQlJGUUYxQWsoowxhCEAEIAQgB
CAEIAQgBCAEIAQgBCAEIARABEAEgQihCGAAgASAAIEEwgzCDKEIgQSAAIAAYABgB
GAEYARgAKEJJhoQPjFGMUoxSjFKMkpSSjJKUkpSSjJKEUYxSjFKEUoRRhFGEUYRR
hFGEUXwQfBB0EHQQdBBr0GvQa9Br0GvQa9Br0GOPY49jj1uOY45bjluOU05LDVNO
e897z3vPc457z4QQhBCEEIQQe897z4QQjFGMUXvPhBCMUZSSlJKMUYxRjFGUkpSS
lJKMUYxRnNOc05zTlJKUkpzTnNOc05SSlJKUkoxRlFGUUIxQjFCMUIxQjA+MEJyS
lFGUEWLMKMQYQggBEAEIAQgBCAEIAQgBCAEIAQgBEAEQARgBIEIgQhgBGAAYABgA
KIIogiiCIEEgABgAGAEYARgBGAEYASiDSceDz4xRjFKUkoySjJKMkoySlJOUk4yS
hFGEUoRShFJ8EnwRfFF8UXyRfFF8UXQQdBF0EHQRa9Br0GvQa9Br0GvQY9Bjj2OP
Y49bjmOPW49TjlNNSw1TTnvPe897j3OOe8+EEIRRjFCEEHvPhBCMUYxRjFGEEIQQ
jFGMUYxRjFGEEIxQlJKUkpSSjFGMUZzTnNOc05SSlJKc05zSnNKUkpRSlFGMUJRR
jFGMUIxQjBCMEIQPjBCcUpRRlBBrDDEEIEIQAAgACAAIAQgBCAEIAQgBCAEIAAgA
CAAQARgCIEIYARgAGAEYASBCKEIgQiABGAEYABgBEAEQARABEAEgg0oIhBCEUYyR
jJKMkoxSjFKMkoySjJKMkoRRhFKEUoRSfBF8EXxRfFF8UXxRfBF0EXQQdBB0EGwQ
a9Br0GvQa9Br0GvQY49jj2OPW05bj1uPW45TTlMNU017z3vPc45zjnvPhBCEEIQQ
hBB7z4QQjFGMUYxRhBCEEIxRjFGMUYxRhBCEEJSSlJKUkoxRjFGc05zTnNOUkpSS
nNOc0pTSlJKMUpRRjBCMUYxRjFGMEIwQlBCMD4wPnJGUUIwQawwpBBiCEAAQAAgA
CAEIAQgBCAEIAQgBCAEIAQgAEAEYAhhCEAEYARgBGAEgQiBCIEIYARgBEAEQARAB
EAEQARgBIINSSXwQhFCMUZSSjJKMUYxRjFKUkoySjJKEUYRRhFKEUXxRfBGEUXxS
fFF8UXQQdBB0EHQQdBBsEGvQa9Br0GvQa9Bj0GOPY49bj1uOW49bjltOU01LDFNN
e897z3OOa41zz3wQhBCEEIQQe897z4QQhBCMUYQQhBCMUZSSjFGMUYQQjFGUkpSS
lJKMUYxRnNOc05zTlJKMkZzSnNKUkpSSlFGMUYwQlFGMEIwQjBCMEIwQg9CMEJSR
lFGMEHNNMQUYQhABCAEIAQgBCAEIAQgBCAEIAQgBCAEIAAgBGAEYARABEAEQARAB
GEIYQhhBEAEQABAAEAAQARABCAEIASDDUop8D4RQjJKMkoRShFKMUoxSjJKMkoxS
hFGEUYRRhFGEEXwRfBF8EXxRfFF0EHQQdBB0EHQQbA9r0GvQa9Br0GvQY49jj2OO
Y49bTmOPW05bTlMNSwxTTnvPe897znOOc46EEIQQhBB7z3vPe8+EEIQQjFGEEHvP
jFGMUYxRjFGEEIQQlJKUkpSSjFGMUZSSnNOUkpSRlFGc0pySlJKUkpSSjFGMUYxR
jBCMEIwPjBCMEIvQjA+UUZRRjBB7jjEFGEIQAAgACAEIAQgBCAEIAQgBAAEIAQgB
CAEIARABEAEQARAACAAQARgBGEIYARABEAEIAQgBCAEIAQgBEAEgw2KLe9CEEIxR
jFKMUYxRjFGMUYxSjFKEUoRRhFGEUoRRfBF8EXwRfBF8UXxRdBB0EHQQdBB0EGvP
a9Brz2PPa89rz2OPY49jj1uPW05jj1tOW05TDVMOU057z3vPc45rTXOOe8+EEIQQ
hBB7z3vPhBCEEIxRe897z4xRjFGMUYxRhBCEEIySlJKUkoxRjFGUkpzTnNOUkoxR
lJKUkpSSlJKUkoxRjFCMUYxQjBCMEIwQjBCMD4wPlFCUUYwQe845RSCCEAEIAAgB
CAEIAQgBCAEIAQgBCAEIAQgBEAEQARABCAAIAAgACAEQARhBEEEQAQgBCAEIAQgB
CAEIARABIMRjDHvQhBCMUoxShFGEUYxRjFGMUoxSjFKEEYRShFGEUXwQfBF8EXxR
fFF8UXQQdBB0EHQQbBBr0GvPa89rz2vQa9Bjj2OOY49jj1uOY45bjltOUw1TDVMO
e897z3OOa01zjnvPe8+EEIQPc857z4QQhFGMUYQQe8+EEIxRjFGEEYQQhBCMkZSS
lJKMUYxRnNOc05zTlJKMUZSSlJKUkoxRjFGMUYQQjBCMEIwQjBCMEIwQhA+Lz4wQ
lFGMEIPPOYYYghAAEAAQAQgBCAEIAQgBCAEIAQgBCAEIAQgBEAEQAQgBCAEIAQgB
EAIQQhBBCAAQAQgBCAEIAQgBCAEIASDEYw17z4QQjFGMUYxRjFGMUYxRjFKMUoRS
fBGEUYRRhFF8EHwQfBF8EXxRfBB0EHQQc9B0EHPQa89jz2PQa9Br0GvQY49bj1uP
W45bjluOW45TTksNSw1TTXvOc45zjWtNc42ED4QPhBB7z3OOc46EEIQQhBB7z3vP
hBCMUYxRjFGEEIQQlJKUkpSSjFGMUZzTnNOUkoxRjFGUkpSSlJKUkoyRjFGMEIxR
jFCMEIQQhA+ED4PPg8+MEJRRjBCDz0GHIIIQAAgACAAIAQgBCAEAAQgBCAEIAQgB
CAEIARABCAEIAQgBCAEIARABGEEQQQgACAAIAQgBCAEIAQgBEAEpBGtNe8+EEIxR
jFGEUYRQhFGEUYRShFKEUXwRfFGEUXxRfBB8EHxRfFF8EXQRa9Bz0HPQdBBr0GvP
Y89jz2vQa9Brz2OPW45bj1uPU45bj1OOU05LDUsNU05zjnOOc45rTXOOe8+EEIQQ
hBBzjnOOe8+EEIQQe89zjoQQjFGMUYxRhBCEEJSRlJKUkoxRjFGc0pzSlJKMUYxR
lJKUkoxRlJKMUYxRhBCMEIxQjA+Dz4PPg8+Dz4PPg8+MUYwQg89KCBiCCAEIAQgB
CAEIAQgBCAEIAQgBCAEIAQgBCAEIAQgBCAEIAQgBCAEQARABEAEQAQgACAEIAQgB
CAEIARBBMUVzjXvPhBCMUYxRhBGEEYQRhFKEUoRShFF8EHxRhFF8EXQQdBB8EHwR
fBF8EXPQc9Br0HPQa9Brz2vPa89rz2PQY9Bjz1uOW45bjlOOW45TTVNOSw1LDVMO
c45zjnOOa01rTnvPe897z3vPa45zjnwPhBCEEHvPe46EEIxRjFGEEIQQhBCUkoxR
lJKMUYxRlJKUkpSSjFGMUZSSlJKMUpSSjFGMEYQQjBCMEIwQg8+Dz4PPg86DzoPP
lFGEEHvPSkkYgxABCAEIAQgBCAEIAQgBCAEAAQgBCAEIAQgBEAEIAQgBCAEIAQgB
EAEQQRABEAEIAQgBCAEIAQgBCAEQQTlGc457z4RRjFGMUYQQhBGEUYRSjFKEUYRR
fBCEUYRRfBB8EHPQfBF8EXwRfBFr0GvQa9Br0GvQa89rz2vPa9Br0GvQY49jj2OP
W49bjluOW05TTksNUw1TTnOPc45zjmtNa457z3vPe897z2tNc457z4QQhBB7z3OO
hBCEEIQQhBCEEIQQjFGMUYxRhBCEEJSSnNOUkoxRjFGUkpSSlJKUkoxRhBCEEIQQ
hBCEEHwQg8+Dz4PPg8+Dz4xQjBB7j1JJIMMQARABEAEIAQgBCAEIAQgBCAEIAQgB
CAEIARABCAEIAQgBCAEQARABEAEQARABCAEIAQgBCAEIAQgBEEJBh3OOe8+EUIxR
jFGEEIQRhBGEEYRRhFF8UXwQfFF8UXwQdBB0EHQQfBF8EXQQa89rz2vQc9Br0GPP
Y89jz2PPY9Bjz2PPW45jj1tOW45bjlNNU05LDUsNS01zjnOOa45rTWuNe857z3vP
e89rTXOOe898D3wQe89zz4QQhFGEEIQQe897z4xRjFGMUYQQhBCUkpSSlJKMUYQQ
lJKUkpSSlJKMUYxRhBCMUIQPhA+ED3vOe897z3vPe8+MEIQQe89ayyDEEEEQAQgA
CAEIAQgBCAEIAQABCAEIAQgBCAEIAQgBCAEIAQgBCAEQARABEAEIAQgBCAEIAQgB
CAEIARhCSchzjnPPhBGEUYRRfBB8EIQQhBGEUYRRhFF8EHwRfBF0EHPQc9B8EHwR
fBF0EGvPa89sD3PQa9Bjj2OPY49jz2PPY89bj1uPW49bjluOW45TTlNOSw1LDUtO
c45rTmtNYwxrTXOOe857z3vPa01zjnvPhBCEEHvPe8+EEIQQhBCEEHvPe8+MUYxR
jFGEEIQQjFGUkpSSjFGEEJSSlJKUkoxRjFGMUYQQjBCEEIQPg897z3vOe857znvO
hA+ED3vOawwpBBABEAEQAQgBCAEIAQABCAEIAQgBCAEIAQgBCAEIAQgBCAEIAQgB
CAEQARABCAEIAQgBCAEIAQgBCAEYQlJJc45zz4QRhBGEEXwQfBB8EHxQhFGEUXwQ
e9B8EXwRc9Bz0HPQdBB0EXQRc9Brz2vPa9Br0GPQY89jz2PPY89jz2PPW45bjluO
U45TTlNOU05TTksNUw1TDXOOa45rjmNNY01zznPPe857z2uNc457z4QQhBB7z3OO
e8+EEIQQhBB7z3vPhBCMUYxRhBB7z5SSlJKUkoxRjFGUkpSSlJKMUYxRhBCDz4QQ
g9CDz3vOe897znvOe857zoQPhA97znNNKQQQQRAACAEIAQgBCAEIAQgBCAEIAQgB
CAEIAQgBCAEIAQgBCAEIAQgBCAEIAQgBAAEIAQgBCAEIAQgBGINSinOOc46EEIRR
hBF8EHwRfBB8UXxRhFF8EHvPfBF8EXPQa9Br0HQQdBF0EWvQa9Brz2vPbBBjz2PP
Y49jz2PPY89jz1uOU05bjlOOU45TTlNOU05LDVMNUw1zjmuNa41jTGNMc45zznPP
c89rjWuOc897z3vPc45rjnvPhBCEEIQQe9B7z4wRjFGMUYQQhBCMUZSSlJKMUYQQ
lJKUkoxRjFGEEIQQe8+EEIPPhA97znvOe857jnuOe46Dz4QPe457jjFFEEEIAAgB
CAEIAQgBCAEIAQgBCAEIAQgBCAEIAQgBCAEIAQgBEAEIAQgBCAEIAQgBCAEIAQgB
CAEIARiDWstzjmuOfBCEEYQRfBB70HwQhFCEUXwQdBBz0HQQfBB0EGvPa89z0HQQ
dBFz0GuPa9Br0GvQY49jj2OPY89jz2PPY89bj1tOW45bTlNOU05TTlNOSw1LTVMN
a45rjmNNYwxjDHOOc45zznPOY01rTXPOe897z3OOc457z4QQhBCEEHvPe8+EEIxR
jFGEEHwQjJGMkoySjFGEEIxRlJKMUYxRjFGEEHvPhBCD0IPQe897jnuOe46DjnuO
e86ED3OOc445hhABCAAIAQgBCAEIAQgBCAEIAQgBCAEIAQgBCAEIAQgBCAEIARAB
CAEIAQgBAAEIAQgBCAEIAQgBCAEgxGMMa01rjnwQfBB8EXvQe9B8EHwRfBF8EXPQ
a9B0EHQQa89rz2vPdBB0EHQQbBBjj2vPa9Br0GPPY49jj2OPY49jj1uPW45TTluO
U45TTlNOSw1TTUsNSw1LDWtNa01rTWMMYwxzjnOOc45zzmtNa01zjnvPe89zjmtN
e8+ED4QQhBB7z3vPhBCEEIxRhBCEEIxRjFGMUYQRhBCMkYxRjFGMUYQQhBB7z4PP
g897z3vOe857jnuOe457jnuOhBBzjnOOSgkQQggBCAEIAQgBCAEIAQgBCAEIAQgB
CAEIAQgBCAEIAQgBCAEIAQgBCAEIAQgBCAEIAQgBCAEIAQgBKQVjDWtOa018D3wQ
fBBzz3PPdBB8EHwQfBBzz2vPdBB0EGvPa89rz2wQbBBsEGvPY45jz2PPa89jjluP
W49jj2OPY89bjluOU45bjlOOU05TTksNSw1CzUsNSw1rTWtNa0xjDGMMc45zjnOO
c45rTWtNc457z3vPc45rTXOOe897z3vPe85zjoQQhBCEEHvPe8+MUYxRjFGEEIQQ
jFGMUYxRhBCEEIQQe8+Dz4PPe89zj3OOc45zjnOOe457joPPc41zTVpKEEIIAQgB
CAEIAQgBCAEIAQgBCAEIAQgBCAEIAQgBCAEIAQgBCAEIAQgBCAEIAQgBCAEIAQgB
CAEIATmGa01rTWtNe8+D0HwQc89zz3PQfBB8EHwQdA9zz3QQdBBrz2vPa89sEGwQ
bBBrz2OPY89jz2PPW45bjluOY49jj2OPW49bT1NOU49TTlNOU05LDksOQw1LDUsN
a01rTWMNYwxjDHONc45zjnOOa01rTXOOe897z3OPa01zz3vPg897z3uOc46EEIRQ
hBB8D3PPjFGMkYxRhBGEEIxRjFGMUYQQhBB7z3vPe897z3vPc45zjnOOc457jnOO
c46D0GtNc01iyxiCEAEIAQgBCAEIAQgBCAEIAQgBCAEIAQgBCAEIAQgBCAEIAQgB
CAEIAQgBCAEIAQgBCAEIAQgBEAJByGMNa01rTXvQfBB8EHPPc890D3wQdBBz0GvP
a49z0HPQa89rj2vPc89z0HPQa9Bjj2vPY89jz1uOW49bj1uPY49jj1uOU05TTVOO
U45TTlNOS05LDkMNSw1LDWtNa01jDFrMYwxrTXOOc45zjmNNY01rjnPPc85zjmtN
c457z3vPe89zjnOOe8+EEIQQe89zzoRRjFGMUYQQe8+MUYxRjFGEEIQQe897z3vP
e897z3OOc45zjnOOc45zjnuOe89rTWtNaw0YgwgACAEIAQgBCAEIAQgBCAEIAQgB
CAEIAQgBCAEIAQgBCAEIAQgBCAEIAQgBCAEIAQgBCAEIARABUkljTGNMY0xzz3vP
e89rj2vPc89z0HQQc89rj2vPc89zz2uPY45jj2vQa9Br0GOQW49jz2PPY89bjluO
W45bj2OPW49bj1NOU05TjlNOU05LTktNS01DDEsNQwxrTWtNYw1ay1rLa01rTWuO
c45jDGMMa01zjnOOa01rTXOOe897z3vPc89rjnwQfBCEUHvPe86MEIxRjFGEEHvP
jFGMUYxRhBCEEHvPc457z3vPe89zjnONc41zjXONc41zjXvOa01rDWsNKQUQAQgB
CAEIAQgBCAEIAQgBCAEIAQgBCAEIAQgBCAEIAQgBCAEIAQgBCAEIAQgBCAEIAQgB
CAEYQlrLYwxjDFsLc89zz3PPa45rjmvPc890EGvPa49rjnPPa89jjmOOY45rz3PQ
a9Bjj1uPY89jj2PPW45bjluOY49bj1uPU45TTlNOW05TTlNOSw5LDksNQsxLDUMN
a01jDGMMWstay2tNa01rTWtNYwxjDGtNc45zjmtNYwxrjnPPe897z3OPa057z3vQ
fBB7z3PPhFCEUYxRfBB8EIRRjFGMUYxRhBB7z3OOe497j3uPc45zjnONa01zjnON
c417jWsMYwxrTTmGEEEIAQgBCAEIAQgBCAEIAQgBCAEIAQgBCAEIAQgBCAEIAQgB
CAEIAQgBCAEIAQgBCAEIAQgBGINjDGMMWwtbC3POc89zz2uOa49zz3PPc89rz2uO
Y49rz2vQY49bjmOPa9Br0GvQY49bTmOPY49jj1tOW05bj1uPW49bj1NOU01TTVOO
U05TTksNSw1LDULMSw1CzGMMYwxjDFrLWstrTWtNa01rTVsMWwxjTWuOc45rjmMM
c41zjnPPc45rjmtNe897z3wPc89zzoQQjBCMUHwQe8+MUYxRjFGMUYQQe89zjnvP
c45zjnOOc45rTWtNa05zTnNNc01rDGLLYstCCAhCCAEIAQgBCAEIAQgBCAEIAQgB
CAEIAQgBCAEIAQgBCAEIAQgBCAEIAQgBCAEIAQgBCAEIATFFYwxiy1rLWstzj3PP
c89rjmuOa49rz3PPa89jjmOOa89rz2OOY45jjmvPa89r0GOPW05jj2OPY49bTltO
W05bj1uPW49Tj0tOS05TT1NOU05LDksNSw1KzEsMQsxjDGMMYwxay1rLY0xjTWNN
a01izFrMa01rjmuOa01jDGtNc45zznOOc05rTXvPe8+Dz3uOc46EEIQQhBB7z3PP
hFGEUYRRhBCED3vPc45zjnOOc45rTmtNa01rTGtNc01zTXNNYsxay2LLUkoQQggB
CAEAAQgBCAEIAQgBCAEIAQgBCAEIAQgBCAEIAQgBCAEIAQgBCAEIAQgBCAEIAQgB
EAFCCGLMWstSilKKa45rj2vOY41jjmPOa89rz2vPY45jjmvOa85bTVtNW45jj2PP
Y89bjlNNW45bjluPU05TTlOOW45bjluOU05TTUtNU05LTktOSw5KzUsNQsxLDErM
YwxjC1rLWspSimMMYwxjTWNNWwtay2NMa01rjWNNWwxjTXOOc45zjmtNY01zz3PP
e89zjmtNe9CEEIQQe897joQQhBCEEYQQe89zjnOOc89zjnOOa01rTWtNa01rTXNN
c01rTVrLUopay2LLGMIIQQgBCAEIAQgBCAEIAQgBCAEIAQgBCAEIAQgBCAEIAQgB
CAEIAQgBCAEIAQgBCAEIARABWstay1rLSklKimuOa49rj2NOY05rjmuPa89rj2NO
W05jj2OOW01TTVuNY85jz2PPW45TTluOW45bjlNNU05TjlOOU45TTVNNS01LTUtN
Sw1LDUsMSwxLDELLSwxCzGMLWstay1KKUopjC2NMYwxjDFrLUopjDGtNa01rDFrL
YwxrTXOOc45rTWsMc457z3vPc45rTXPPhBCEEHvPc8+EEIQQhBCD0HvPc45zjnOP
c45zjmtNa01rTWsNc01rTWtNawxailKJWstayzGGEEEIAQgBCAEIAQgBCAEIAQgB
CAEIAQgBCAEIAQgBCAEIAQgBCAEIAQgBCAEIAQgBCAEgxGMMWstay0pJUoprjmuO
a45bTWNOY45jj2OPY49bTltNY45jTVsNUw1TTluPW89bjlOOU01bjluOW05TDUsN
U01TTlNOU05TTUsNSw1TTUsNSw1DDULMQsw6i0LMQotay1rLUstKikqKWwxjDGMM
YwxSilKKYwxrTWtNY0xay2MMa01zTWtNY01jDHONc85zz2uOY017z3vPfA9zzmuO
fBB8EHwQfBBzz3OOa01zjnOOc45rTWtNa01rTWtNa01rTWtNWopKSVqKWopSCRAB
CAAIAQgBCAEIAQgBCAEIAQgBCAEIAQgBCAEIAQgBCAEIAQgBCAEIAQgBCAEIAQgB
OYdizFKKUopCCEpJY01jjWNNWwxbTFtNY45jjltOWw1bTVuOW05TDVMMW01bjluO
W05TTUsMW01TTVNNSwxLDEtNS01LTUsNSw1CzErMSsxKzErMQotCi0KLOotCizqK
Wstay1LKSopKSVrLWstbC2MMUspSilrLYwxrDGMMWopjC2tMa41rTWMMWwxrjWuO
c85rTWMMc457z3vPc45rTXvPg897z3vPc89rjmNNa01rjWtNYwxjDGMMYwxjDGtM
a0xjDFKKQghSilqKWooggwgBCAEIAQgBCAEIAQgBCAEIAQgBCAEIAQgBCAEIAQgB
CAEIAQgBCAEIAQgBCAEQQlKKWstKSUpJMYZKiWNMY01bTFMMUwxbTFtNW05bDVLM
UwxbTVMMSstKzFMMW01bTVNNSwxKy1MMUwxLDErLSwtLDEsMSwxKzErLQstCy0LL
QstCizpKQopCSjpKOko6SlKKUopKSUpJSklay1rLWstay1JJUklay2MMYwxay1KK
WstjTWNNY0xbDFrLa01rTWtNaw1jDHOOc45zjmtNY0xzznPPc89zjmuOa01jDGtN
a01rDGMMYwxjDGMLYwtjDGMMYwtSijnHSklKSVKKMYcIAQgBCAEIAQgBCAEIAQgB
CAEIAQgBCAEIAQgBCAEIAQgBCAEIAQgBCAEIAQgBKQVSilKJSkhCCDGGQklazFsM
UwtSy1LLWwxbDFMMUwxKy0rLUsxKy0KKSopKy1MMUwxLDErLQstKzErLSstCikLK
QstCi0KLQotCSjpKOko6SjpJOkk6CTpJOgk6CToJMglKSUpIQglCCEIIUklSilKK
UopKSEIJUopaylrLUopKSVKKWstay1rLWspSiWMLa0xjTFsLWstrTWtNa41jTFsL
a41rjWuNa41jTWNNYwxjDGMMYwxay1rLWstaylrLWwtay1rLUooxhUoHSghSSVJJ
EIIIAQgBCAEIAQgBCAEIAQgBCAEIAQgBCAEIAQgBCAEIAQgBCAEIAQgBCAEQAUHG
QgdCB0IHQcYxRUpJUotSy0qLSopSilKKUstSy0rKQopKikqLQkpCSkJKQopKi0qL
QotCSkJKQkpCikJJOkk6STpJOkk6STpJOgk6CDoIOgg6CDnIMcgxyDHIKccpxynH
SghKCEoIQgdBx0pISkhKSUpJQghCCEpJUopSikpJQghKSVKKUopSikpKSklSylrL
WstSikpJWstjDGMMWstSimMMYwxjDFsMWwxay1rLWwxbC1rLUopSilKKUopSilKK
WopSilJJMUU5xUIHSkhKSSmGCAEIAQgBCAEIAQgBCAEIAQgBCAEIAQgBCAEIAQgB
CAEIAQgBCAEIAQgBIMM5RTmGOYU5hjmFMUVCCEpKSopKSUJIQklKSUpJSklCSToI
QklCSUJJOgg6CDoJQklCSUJJOgk6CDoIOgg6CDIIOggyCDHIMccxxynHKccxxzHH
KYYxhimGKYYphilFKUYpRkHHQcc5hzmGOYZBx0oHSghKCEHGQcZCB0pISghCCDnH
QchKSEpISkhCSEIHSklSilKKSklKSFKKUopSilJJSklSilrKWspay1rKUolKSVKJ
UopKSUpJUopKSUpJSklSSVJJUkhKCDlFOUVBxkHHSghJyBiCCAAIAQgBCAEIAQgB
CAEIAQgBCAEIAQgBCAEIAQgBCAEIAQgBEAEYQjFFMUU5hTFFMUQpRDFEOgdKSEpJ
QkhCB0IIQghCCEIIQgc5xzoHOgc5xzHHMcc6BzoHOcc5xzGHMccxxzHGMcYxhjGG
MYYphimGKYYphSlFKUUpRSkEKUUhRCFFIUQZBCEEIQQ5hjmFMUUxRTFFOYU5hTmF
OcUxhTFFOYY5xkHGQYU5hUGGQcdBx0HHQcY5xkIHQghCCEHHQcdKB0oISghKCEIH
SkhKSEpISkhKSEpISgdKCEoIQgdBx0IHQgdCB0IHQgdKB0IHQgY5hTFEOYU5hUHG
QcYxRQhBCAAIAQgBCAEIAQgBCAEIAQgBCAEIAQgBCAEIAQgBCAEIARBBKMQxRDGF
MYUpRClEKUQxhDnGOcc5xznHMYYxhjnHOcc5xjnGMYYxhjGGKUUpRSlFKUUxhilF
KUUpRSlFKUUpRSlFIQQhBCEEIQQhBCEEIQQhBCEEIQQYwxjDGMMYwxjDGMMYwxjD
MQQpAykDKMMowzEEMUQxRDFEMQMpAylEMUUxRTFEKQQxRDlEOYQxRDFFMUQ5hTmF
OYUxRTFEOYU5hTmFOUU5RTmFQYZBhTmFOYU5hTmFOYY5hjmGOUU5hTmFOYU5hTmF
OYU5hTmFMUQpBDFEMUQ5hTmFMUUgwwhBCAEIAQgBCAEIAQgBCAEIAQgBCAEIAQgB
CAEIAQgBEAEggyjEMQQxRTFEKQMpBDFEKQQpRDFEKUUpRClEKQQpRClEKUQpBCkE
KQQpBCDEIMQgwyEDKQQhAyEDIMMgwyDDIMMgwhjDGMMYwxjCGMMYwxjDGIMYgxiD
GIIQghiCGIIYQRiCEIIQgijDKMMowyjDKMMowzDDMMMowyjDKMMgwykDMQMxAykD
KQMxAzEDMQMxAzEDMQMxAzEDMQQxAzEEMQQxBDEEMQQxBDFEMUQxRDFEMUQxRDFE
OUQxRCkEMQQxBDEEMQMxAzEDMQMxAykDMQIxAzEDMUQxRDFEKQQgghABCAAIAQgB
CAEIAQgBCAEIAQgBCAEIAQgBCAEQARiCIMMgwykDKQMpBCkEMQQxBCkDKQMpAykD
KQMpAykDKQMpAykDKQMowyjDKMMgwyDDIMMgwyDDIMMgwyDDIMMgwiDDIMIgwhjC
GMIgwiDCIMIgwhjCGMIYghiCGIIYghiCEIIYghiBGIEowijCKMIowijCKMIowijC
KMIowijCMMIowijCKMIowijCKMIowijCKMIowjECMQIxAjEDMQIxAzEDMQMxAzED
MQM5BDEDMQMxAzEDMQIxAjkCMQIwwjDDMMIowijCMMIowijCKMIowikDMQMxAzED
MQMowyDCIIIgghhCCAEIAQgBCAEIAQgBCAEIAQgBCAEIARABGIIowyDCKMMxBDEE
MQQxAzEEMQMpAyjCKMIowijCKMIowijCKMIowyjCKMIowyjCKMMowijCKMIowyjD
KMIgwiDDIMMgwiDCIMIYwiDCIMIgwiDCIMIggiCBGIIYghiCGIIYghiCGIIYghCB
MMIowiiCKIIowijCKMIowjDCKMIowijCKMIowijCKMIowyjCKMIowjDCMMIowijC
MMIxAjECMQIxAjECMQMxAzEDMMIxAjECMQMxAzEDMMMpAzDDMMIwwjDCMMIowijC
KMIowijCKMIowzEDMQMxAzEDKMMowyjEKMMowyCDEEIQQQgBCAEIAQgBCAEIAQgB
GIIgwyDCIMMgwikEMQU5RTkFMQQ5BDEDMQMxAjECKQMowijCKMMowzDCKQIpAikC
KQIpAikCKMIowyjDKMMowyjDKMMowiDCIMIgwiDCIMIgwhjCIMIgwiDCIIIYghiC
GIIYghiCGIIYghiCGIIYgijCKIIogiiCKIIogijCKMIowijCKMIowijCKMMowijC
KMIowijCKMIowijCKMIowijCKMIwwjECMQMxAzEDMQMxAzEDKQMxAzEDMQMxAzED
OQMxAzEDMMMwwjDCMMIwwijCKMIowiiCKMIpAzEDKQMowyjDKQMxAyjDKMMxBClE
KQQgwxiCGEIYghiDGMMgwyEDKQQpBCkEIMMwxDlFQYY5BDEEMQMpAzEDMQMxAzDD
KMMowykDKQMpAykDKQMpAykDKQMowyjDKMMowyjDKMMowyjDKMMggiDCIMIgwiCC
IMIYwiDCIMIgwiDCIMIgghiCGIIYghiCGIIYghiCGIIogiiCKIIogiiBKIEogSjC
KMIowijCKMIwwyjCKMIowijCKMIowijCKMIowijCKMMowyjCKMIowjDCMQIxAzED
MQMxAzEDMQMxAzEDMQMxAzEDMQMwwijCMMIwwijCKMIowijBKMIowijCKMMxAykD
KMIowjEDMYQxRTFEKQMpAyjDKMMpBCkEIQQoxCDDIMMoxCkEKQQpBCEDKMMpAykE
KQQpQzEDMQMpAjECKQIpAikDKQMpAyjDKQMpAykDKQMpAyjDIMMowyjDKMMowyjC
KMIowijCIMIgwiDCIMIgwiDCGMIgwiDCIMIgwiDCGIIYghiCGIIYghiCGIIYghiC
KIIogiiCIIIggiCCIIIggiCCKIIogiiCKMIowijCKMIowijCKMIowijDKMIowijD
KMMowyjDKMIowijCMQIxAjECMQMxAzECMQIxAjECMQIwwjDCMMIwwTDCMQIwwijC
KMIowijCKMIowijCMQMpAykCKMIowijCKMIggSCCIIIowzFEMUQxRClDKQQgwyDD
KMMpBCkEKQQpBCkEKQMhAylEKQMpAykDMQMxAzEDMQMxAzEDKQIxAykDKQMpAykD
KQMpAykDKQMpAykDKQMowyjDKMIowiDCIMIgwhjCIMIgwyDCIMIgwiCCIIEggiCC
GIIYghiCGIEYgRiBGIEYgijCKMIowiiCKMIowijCKMIowijCKMIowijCKMIowijC
KMIowijCKMIowijCKMIowiDCKMIowijCKMMowijCMMMowjDCMQMwwijCKMMowyjD
KMMowyjCKIIowijCKMIowSjCKMIowijBIIEgwSjDIMMowyjDKIIggSCBGIEYgSDC
IQIpAzFEMUQpAykEKQMgwyDDKMMgwyjDKQQhBCkEKQQpAykDKQIxAzDDMMMwwzDD
MMMowyjDKQMpAykDMQMpAykDKQMpAyjDKQMpAykDKQMgwijDKMIowijCIMIgwiDC
IMIgwiDCIMIgwiDCIIIggiCCGIIYghiCGIIYghCBGIEogiiCKIIogiiCKIIowijC
KMIowijCKMIowijCKMMowijCKMIowijCKMIowikCKMIowijCKMIgwijCKMIowijC
KMMowijCKMIowijCKMIowijCKMIowiDCKMIowijCKMIowijCKMIgwSCBIIEowijD
KMMgwxiCGEIQQRhBGEEowyjDKMMowykDIQIpAykDIMMYwhjDIMMgwylEKQQpRCkE
KQMpAykDKMMowyjCKMIowijDKMMowikCKMIowijDKMMowijDKMMowijCKMIowijC
IMIgwiDCIMIgwiDCIIIggiCCIMIgwiDCIMIYwhiCGIIYghiCGIIYgRiBGIEYgRiB
KIIggiCCIIIggSiCKMIowijCKMIowijBKMEowijCKMIowijCKMIowijCKMIowijC
KMMowyjDKMMggiCCIIIogijCKMIowiDCKMIowijCKMIgwijCKMIowijCKMIowijC
KMIowijCKMIowijCKMIowijCIIIggRiBGEEYQRhBIIEowijCIMIgwyDDIQQgwxiD
GIIYghiDGMMpBCkEKUQpBCkDKMMowzDCKMIowijCKMIowijCKMIowiDCIMIowikC
KMIowijCKMIowijCIMIgwiDCIMIggiDCIMIgwiDCIIIggiCCIIIYgRiBGIEYgRiC
GIIYghiCGIIYghiBGIIYgSiBIIEggSCBKIEogSiBKIEogiiCKIIogiCCIIIgwiDC
IMIowijCKMIowijCKMIowijCKQIowiCCIIEggiCCKMIowijCKMIowijCKMIowijC
KMEowjDCKMIowijBKMIowijCKMIgwijCKMIowijCKMMgwyDCGIIYgRBAEEEQQBhA
GEEYgRiBGIEYgRiCGIIYghiCGIIYgyDDIQQhBCkEKQQpAyjCIMIgwikCKMIowijC
KMIowijCKMIowijCKMIowijCKMIowijCKMIgwyDCIMMgwyCCIMIgwhjCIMIgwiDC
IMIggiCCIIIYghiCGIIYghiCGIIYghiCEIEYgRiBGIEggSCCIIIggiCCKIIggSCC
KIIggiCCIIIggiCCIIIggiCCIMIgwijCKMIowijCKMIowijCKMIggiCCIIIowijC
KMIowijCKMIowijCKMIowijCKMIowyjCKMIowijCKIIowSjCKMIogijCKMIowijC
IMIggiCCGIIYQRiCGEEQARABEAEQARBBEEEQQRBBEEEYghiCIMMhBCEEIQQpBCkE
KMMggiCCIIIowijCKMIowijCKMIgwiDDIMMowijDKMMowijCKMIowijCIMIgwyDD
IMMgwyCDIMMgwiDCIMIgwhjCGMIYwiCCIIIYghiCGIIYghiCGIIYQhiCGIEQQRBB
IIEogSiBIIEggiCCIIIggiCCIIIggiCCIIIggiCCIIEgwiDCIMIgwiCCIMIowijC
KMIowijCKMIowijCKMIowijCKMIowijCKMIowijCKMMowijCKMIowijCKMIowijC
KMIogijCKMIowijCKMIggSCBIIEgQSCBGEEYQRhBGEEQQQhBCAEIARABEAEQARhB
GIIggiDDIMMgxCkEIQMgwiDCIIIowijCKMIowijCKQIowijCKMIowijCKMIpAykD
KQMpAykDKMMowijDKMIgwijCIMIgwiDCIMIgwiDCGMIgwiDCIMIgwiCCIIIgghiB
GIIYghiCGIIYQhBBGEEQQSiBKIEggiCCIIIggSCBIIEggSCBIIIggiCCIIIggiCC
IIIggiCBIIEgwSjCKMIowijCMMIowijCKMIowijCKMIgwijCKMIowijCKMIowijC
KMIowijCKMIowijCKMIowijCKMIowijCKIIogiCBIIEgQBiBGIEYgRBBEEEQQRBB
EEEQQhBBEEEQgRBBEEEQQRCBGIIggiDDKMMgwyDCGIEggSiCKMIowijCKMIowijC
KMIowykDKMMhAikCKQIpAijCKMIowijCKMMowyDDKMMgwyDCIMIgwiDCIMIgwiDC
GMIgwiDCGMIYwhiBGIIYghiCGIIYghhBGIEYgRiBEIEggiCCIIIgwSCBIIEggSCB
IIEggSCBIIEggSCBIIEggSCBIMEgwijCKMIowijDKMIowijCKMIowjDCKMIowijC
KMIowijCKMIowijCKMIowijCIMIowijCKMIowijCKMIowijCIIIggiCCIIEggSCB
IIEYgBhAGEAYQRBAEEAQQRBBGEIQQRBBEEEQQRBBEIEQQRhBGIEggiCCIIEggSCB
IIIowijCKMMowyjCKMMowijCKMIwwijCKMMowyjDIMMgwyDDKMMowiDCIMIgwiDC
IMMgwiDCIMIgwiDCIMIgwiDCGMEYghiCGIIYghiCGIIYghiCIIIYghiBEIEQgRiB
IIEggSCBIEEggSCBIIEogSCBIIEggSCBIIEggSCCIIIggiDCIMIowijCKMIowyjD
KMMowijCKMIowijCKMIowijDKMIowijCKMIowijCKMIowiDCKMIowiiCKMIowiDC
IMEgwSCBIIEggSCBIIEYgRiBGEEYQRhBGEEQQBBAEEEQQRBBEEEQQRBBEEEQQRhB
GEEYgRjBIIIYgRiBGIEggSDBIMIowijCKMIowijCKMIowijCKMIowijCKMIowijC
KMIgwiDCIMIgwiDCIMIgwiDCIMIgwRjCGMIgwhiCGIIYghiCGIIYghiCGIIYghiC
IIIYghiCGIIYghiBGIEYgSCBIIEggSCBIIEggSCBIIEggSCBIIEggSCCIIIggiDC
IMIgwijCKMIowijCKMIowijCMMIowijCKMIowijCKMIowijCKMIowijCKMIowijC
KMIgwiDCKMIowijCIMIgwSDBIMEggSCBIIEYgBiBGEEYQRhAGEAYQBhAGEAYQBhA
GEAYQRiBGIEYgRiBGIEYgSCBIIEggBiAIIEggSCBIIEowiDCKMIowijCKMIowijC
KMIowijCKMIowijCKMIgwiDCIMIgwhjCIMIgwiDCIIIgwiCCIIIggiCCIIIYghiC
GIIYgiCCIIIYghiCGIIYghiCGIIYghiCGIIYgRiCGIE=
END m9
frame     9 :  an empty glass +0.32  a glass with tea +0.24   led  13/132 h0.26 lvl+0.28   -
frame    10 :  a glass with tea +0.09  an empty glass +0.09   led   1/214 h0.08 lvl+0.09   -

snapshot  : frame 11, mean RGB 111 108 108
BEGIN m9 128 128 32768 748545eb
SkdKBlrKawtrS2MLYwtaynONhA+ET4QPc857zoxQlJGUkoxRhFCMkZSSlNKc05zT
nNOU0oySjJGdE50TnROU0pTSnROdFKUUpRSc05TSpRSlVKVUlNOU050UpVWlVaVV
pRSdE6VVpVWtVaVVnRSlFK1VrVWtVa1VpVWlFJ0UpVWtVa1VrVWlFKUUpVSlVK2V
pZWdFJ0UpVSlVaVVpVWdFJzUnRWdVZ1VlRSU050UnRSlVZUUlROVFJUUnRSdFJUU
lNOMk4zTjNOM04TShNKM0ozShNKM0ozSjNKEkYSRfFGEUYSRfFF8UXQQdBB8UXQQ
dBBrz2wPdBB0EHQPa89jjlJIQgdiymtLa0tjS2MLWspzjXwPhE+EEHOOe86MUYxR
jJGMUYRRjJGUkpTTnNOc05zTlNOUkoySnROdE6UUlNKU050UnRSlFKUUnNOU0qUU
pRSlVJzTnNOlFK1VrVWtVaUUnROlVaVVrVWlVJ0UpVSlVa1VrVWtVaVVpRSdFKVV
rVWtVa1VpRSlFKUVpVWtVqVVpRSlFKVVpVWlVqVVnRSdFJ1UpVWlVZ0UlROdFJ0V
nRWVFIzTlRSdFJ0UnVSVFJUTjNOU05TTjNOMk4yTjJKMkoySjNKM0ozShJKEkYRR
hFGEknxRfFF8EXwRfFF0EHQQa89rz3QPdBB0D2vOa45SR0oGWslrS2tLa0tjC1rK
c42ED4QPhBBzjnvOjFGMUZSSjFGMUYxRlJKU05TTlNOc05TSlJKMkZ0UpRSlFJTT
lNOdFJ0UpRSlFJzUlNOlFKVUpVSU05zTpRStVK1VrVWlFZ0TpVWlVa1VpVWlFKUV
rVWtVa1VrVWtFaUUnRSlVa1VrVWtVaUUpRSlVaVVrZalVZ0UpRSlFaVVpValVZ0U
nRSlVKVVpVWdFJ0UnRSdFZ0VlRSM1JUUlRWdFJUUlNSU04zTjROM04zTjJKMkoyT
jJKMkozSjNKM0oSRhJF8UXxRhFF8UXwRdBB0EXxRdBB0EGvPa9B0EHQQc89rz2OO
WkhKBlqIawtrS2sLYwtaynONhA+MT4QQc45zjoxQjFGUkYxRjFGMkpSSnNOc05zT
nNOckpSSlFGdE50UnRSU05TTnRSlFKUUpRSc05TTpRSlVKVUnNOU06UUrVWtVaVV
pRSdE6VVrVWtVaVUnRSlVK1VrVWtVa1VrVSlFJ0UpVWtVa1VrValFaUVpRWlVa1W
rVWlFKUUpRWlVaVWpVWdFZ0UnVWlVqVVnRSdE50UnRSdFJTUlNSc1J0UnRSdFJUU
lRSM05TUlNOM04yTjJKM0oySjNKM04zTjJOEkoSRhFGEUYRRfFF8UXRQdFB8UXQQ
dBBrz3PPdBB0EGvPa49jjlJISgdayWtLa0trTGMLYspzjIQPjE+ED3POe86MUYxR
lJGMUYwRjFKUkpTTnNOc05zTnNKUkpSSnRSlFKUUlNOU050UnVSlFKUUnNOU0qUU
pVSlVJzTnNOlFK1VrVWtVa0UnNOtVa1VrVWlVaUUpVStVa1VrVWtVaVVpRWlFK1V
rVWtVbVWpRWlFa0WrVWtlq1VpRSlFK0VrVWtVqVVnRWdFKVUpVWlVZ0UnROdFJ0U
nRSU1JTTlRSdFJ0UnRSdFJTUjNOM1IzTlNOMk4yTjJOMkoySjNOM04yShJKEUoRR
hFGEUYRRfFB0EHxQfFF0EHQQa89rz2wPbA9sDmvPY45aiEoGYolrS2tLa0trS2MK
c4yED4RPhA9zznvOjFCMkZSSjFGMUYyRlJKc05zTnNOc05zTlJKUkaUTpROlFJTT
lNOdFKUUpRSlFJzTnNOlFKUUpVSc05zTpRStVa2VrVWlFJ0TpVWtVa1VrVWlFKVV
rVWtVa1VrVWtVaUUpRStVa2WrZWtlqUUpRSlFaVVrZatVaUUpRStVK1VrVWlVZ0U
nRSlVaVVpVWdFJzUnRSdFJ0UnRSU050UnRSdFJ0UnNSU04zSlNOU04zTjNOM04zT
jNKM0ozTjNOM0oyShJKEUYRRhFF8UXxRdBB8EXxRfBB0EGvQa89sEGwPbA9rzmON
WolKBmLJa0trS2tLa0tjC3ONhA+MUIQQe857zoyRlJGUkoxRjFCMkpSSnNOc05zT
nNOc0pSSlJKdFKUUpRSU05zTnRSlFKUUpRSk05zTpRSlFKVUnNOc06UUrVWtVaVV
pVSdE6VVrVWtVaVVnRSlFa1VrVWtla1VpVWlFKUUrVWtVa1VrVWlFKUUpVSlVa1V
rVWlFKUUpVWlVq1WpVadFZ0UpVWlVaVVnRSdFKUVpRWlFZzUlNSdFJ0UnRSdFJTT
lROM040TlNOM04yTjJOM04zSjNOM04zTjJKEknyRfFF8UoRRhFF8EXQQfFF8UXRQ
dBBrz2vQbBBsD2wPY85jjVrJSkdaymtMa0xrTGsMYwtzjYQPhE+EUHvPe8+MUZSS
lJKMUYxRlJKUkpzTnNOc05zTnNKUkpSSpRSlE6UUnNKc06UUpRSlFKUUnNOc06UU
pVStVZ0TnNOlFK1VrVWtVa0UpRStVa2WrZWtVaUUpRStVa1VrVWtVaVVpVSlFK1V
rVWtVa1VpVWlVaVVpVWtlq1WpRSlFK1VrVWtVa1VpRSdFKVVpVWlVZ1UlROdFJ0U
nVSdFJTUnRSdFJ0UnRSVFJUTlNOVE5TTlNOM0ozSjNOE0ozTjNOM04TThJKEkYRQ
hFGEUXxRfFF0EHQRfFF0EHQQa89r0HQQdA9rz2vOY45iykpJWspzTHNMc0xrTGML
c42ED4wQhBB7z3vOjFGUkpSSjFGMUYySlNKU0pzTnNOc05zSlJKUkp0UpRSlFJTT
lNOdFKVUpVSlVJ0TnNOtVK1VrVWdE5zTpRStVbVVrVWlFJ0UrVWtVa1VpVWlFK1U
rVWtVa2VrVWlVaVUpRStla1VrVWtlaVVpVWlVa1WrZatlaUUpRStVa1WrVWtVaUU
nRSlFKVVpVWdFJzTpRSlFKVVnRSU050UnRSdFJUUlRSVFIzTlROU1JTTjNOM04zT
jNKM0ozSjNKM0oSShJKEUYRRhFF8UHxRdBB0EHxRdBB0EGvPbA9sD2wPa89jz2ON
WspKSGLKc0xzTHNMa0xjC3ONhA+ED4QQe897zoyRlJGUkoxRhBGMkpTSnNOc05zT
nNOc05SSlJKlFKUUpVSU05TTnRSlVKUUpRSdE5zTpRStVK1VnROc06UUrVWtVa1V
pRSlFK1VrVW1lq1VpRStVK1VrVWtlq2VpVWlVKUUrZWtlq2VrZalVaVVpVWtVbWW
rZalFKUVpVWtVa1VrVWlFKUUpRSlVaVVnRSdFJ0UnVSlVZ0UlRSdFJ0VnRSdFJ0U
lROM05UTjNOU04zSjNKM04zSjNOM04zThNOEkoRSfFF8UoRRfFB8UHQPdFB8UHRQ
dBBrz2vPdA90D2vPY45jjWLLUkliynOMc4xzjHOMa0xzjYQPjBCEEHvPe8+MkZSR
lJKMUYxRlJKUkpzTnNOc050TlNOUkpSSpROdFKUUlJOU050UpRWlVaVUnRSc061V
rVWtVZ0TnNOlFK1VrVWtVaUUpRStVa1VtZatVaUUpVStla2VrZatlq1VrVSlFLVV
tZatVbWWrVWlVa1VrZWtlq2WpRWlVaVVrVWtlqVVpRSlFKVVpVWlVZ0UnNSlFaUV
pVWdFJTTnRSdFJ0UnRSVFJUUjNOVFJTTlNOM04zTjNOE04zTjNOM04TThJKEUYRR
hFGEkXxQfFB0D3xQfFB8EHQQa89r0HQPdA9rzmvOY41jC1KIYspzjHPMc4xrjGtM
c42EEIQQhBB7z3vPjJGUkZSSjFGMUYySlNKdE50TnROc05TTlNKUkqUTpRSlFJTT
nNOlFKVUpVWlVJ0UnNOlFKVVrVWdFJ0TpVStVa1VrVWlFKUUrVWtVbWWrVWlFKUU
rVWtlq2WrZatla1VpRStVa2WrZatlqVVpVWtVa2WrZatlqVUpVStVa1VrVWtVaUU
nRSlVaVVpVWdFJzTpVSlVaVVnRSdFJ0UnRSdFJ0UnRSVE4zTlROVE5TTjNOM04zT
hNOM04zTjNOE04SShJF8UYRRhFJ8UXxRdBB8UXxQdBB0EGvPc9B0EGwPa89jjluN
YwtSiWMKc41zjXONa41rTHONhA+EEIRQe897z4xRlJKUkoxRjFCUkZzSnNOc050T
nROU05SSlJKlFKUUpRSU05zTpRStVK1UpRSlFJzTpRStVa1VpRSdE6UUrVWtVa1V
pRSlFK1VrVW1lq1VpRStVa1VtZa1lrWWrZWlVaUUrVW1lq2WrZalVaVVrZWtla2W
rZalVKVUrVWtVa1VrVWlFKUUpVWlVaVVnRSc1KVVpVWlVZ0UnRSdFKUUnRSdFJUU
lROU0pUTlNOU04zTjNOM04TTjNOM04zTjJKEkoRRhFGEUYSSfFF8UXQQfFF8UXQQ
dBBrz3PPdBBr0GvPa85jjWtLWslrC3uNe417jXONa0xzjYQQhFCMUHwPe8+MUZSR
lJGMUYRRlJKc050TpROlE50TnNOUkpSSpRSlFKUUlNOc06UUrRWtFaUUpRSc06UU
rVWtVaUUnROlVK1VrVWtVa1VpRS1lrWWtZatVaUUrVW1lrWWtZa1lq2VrVWlFK1V
rVW1lrWWrVWtVa1VrZa1lq2WpVSlVa1VrVWtla1VpVSlFKVUpVWlVZ0UnROlVKVU
pVWdFJ0UnRSdFJ0UnRSVFJTTlNOU1JTTjNOM04zTjNOM0ozTjNOM04zShJKEkXxR
hFGEUXxRfFF0EHwRfFF0EHQQa89r0HPQbBBrz2POW41zTWLKa0t7znvOe857znON
e86EUIxQjFCED3vPjFGUkpTSjJKMUZSSnNKdE50TnROdE5zTnJKUkqUTpRSlFJzT
nNOlFK1VrVWlVaUUnNOlFK1VrVWlFKUUpRStVbWWtZatVaUUrVW1lrWWrVWlFK1V
tZa1lrWWtZatVa0UpRStVa1VrVWtVaUUpRSlFKUUrVWlVJ0UpRWlVa1VrVWtVaUU
pRSlVKVVpVWdFJ0UpVWlVaVVnRSVFJ0UnRWdFJ0UnROVE4zTlNOU05TTlNOU04zT
jNOM04zTjNOE04SShJKEUYSRhJGEUXxRdBB8UXxQfBB0EGvPa9BsEGwPa89jjmNO
c41jC2tMfA57znvPc45zjnPOjFCMUIxRhA97z4xRlJGUkoySjFGUkpzTpROlE6UT
nROc05zSlJKlFKUUpRSc05zTpRStVa1VrVWlFJzTrVWtVa1VpRSlFKUUrVW1lrWW
rVWlFK1VtZW1la1VpRStFK1VrVWlVJ0TnNKUkZSQnJGUkZyRlNKU0pTSnNKUkZSR
lJGUkZSQlJGUkZSRlNKc05zTpRStVaVVpRSdFKVUpVWlVZ0UnNSdFJ0VnRSdFJ0U
lNOU05TTlNOU04zTjNOM0ozTjNKNE4zTjJOEkoRShFGEUYSRhFF8UXQQfFF0UXQQ
dA9rz3QPdA90D2vOY45jjnPOa0xrjXwOfA98D3vOc457z4RRjFGMUYQQhA+UkZSS
nNKUkoxRlJKc0pzTnROdE50TnNOc05TSpRSlVKUUnNOc06UUrVWtVa1VpRSc061V
rVWtVaUUpRSlFLWWtZa1lq1VpRStVa1VrVWtVJzSlJGUkJRQlJGUkpySnNOc06UU
rVWtlbXXvhm+Gb5Ztdi1l62XrZatlqVUnNOUkpSSjFGMUZSSnNOlFJ0UnRSdVKVV
pVWdFJ0UnRWdFaUVnRWdFJzUlNOVE5UTlNOM04zTjNOMk4zTjNOM04TThJKEkXxR
hJKEkXxQfFB0D3xQfFF0EHQPa890D3QPbA9rzmOOY457zmtMc42ED4QPhA+ED3vP
hA+MUYxRjFGEEIQPlJGUkpzTlJKMUZSSnNOdE50UnROdE5zTnNKUkqUTpRSlFJzT
nNOlFK1VrVWtVaUUnNOtVK1VrVWc05zTpRS1lbWVtZWtVaUUrVWtFJzSlJGMkZSS
nNOlFKUUrVWtVa1VpRStVbWWvdfGWs6bxpvOm74Yvhi+GL4Ytdi1lq1VpVWlFKUT
nROc05TSjJGMkZTSnROlVaVVnVSc1J0UnRSlFJ0UnRSU05TTlNOU05TTjNOM04zT
jNOM04zTjNOE04SShJKEUYRShFKEUXxRdBB8UXxRdBB0EGvPbA90D2wPa85jjmOO
e89rjXOOhBCEEIQQhBB7z3wPjFGMUZSRjFCEEJSSnNKc05SSjFGUkpzTnNOdFKUT
nRSc05TSlJKlFKUUpRSc05zTpRSlFK1VrVWlFJzTrVStVa1VnNSc1KUUrVWtVbWW
rVWc05zSlJKU0p0TpROlFKUUrVWtVa1VrVWtVaUUrVW9186a79/nX+df55++Ws6b
xprO274YrZWtVa1UpRSlFKUUpRSdFJTTlJOMkoySnROlVKUUnROlFKUUpVSdFJ0U
lRSU05TUlROU05TTjNOM04zTjNOM04zTjNOMkoSSfFGEkYSRfFF8UXwQfFF8UXQQ
bBBrz2vPdBB0D2vPY45jjYQPc417zoQQjFCEUIRQfA98EIxRlJGUkoxRhBCUkpSS
nNOUkpSRlJKc050TpROlE6UTnNOc0pzSpRSlFKUUnNOc06UUpRWtVa1VpRSc061V
rVWtVZzTpRStVa1VtZatVZzSlJGUkZzSpROtVKUUpRStVa1VrVWtVa1VrVWlFKUU
xlnfHfff55/nn+/fvlnOm86a3xy+GK2VrVWtVa0UpRSlFKUUnRSc05zTlJOMkYRR
lNOdFJUUnRSdFJ0UnRSdFJ0TlNOU05UTlNOM04zTjNOM04zTjNOM04zThJKEUoRR
hFKEUoRRfBF8EHxRdBF0EHQQa89zz3QPbA9jzmOOY46EEHOOe8+EEIxQjFGEEIQQ
hBCMUZSSlJKMUYQQlJKU0pTTlNKMkZSSnNKdE6UTpROlE50TlNKU0qUUpRSlFJzT
nNOlFKUUrVWtVaUUnNOtVK1VrVWc1KUUrVW1lbWVnNKMkJSRnNKc0qUUrVWlFKUU
rVWtVa1VrVatVa1VpRSlVbXX1tv33+ef55/v375azpvOmt8cvhitVa1VrVWlFKTT
pRSlFJ0UlNOU0pTTjJKEUYSRnNOc06UUpRSlFKUUnRSc1JTTlNSU05TTjNKMk4zT
jJOM04zTjNOE04SShFJ8UYRShFJ8UXxRdBB8UXxRdBB0D2vPbBB0EGwPa85jjmOO
hBB7z4QQjFGMUYxRjFGEEIQQlJGUkpSSjFGEUJzSnNKc05zSjJGUkpzTpRSlFKUU
pRSlFJzTnNKlFKUUpRSc05zTpRSlFa1VrVWlFJzTrVWtVa1VpRSlFK1VtZWtlZSS
lJGc0pzSnNKtFK1VpRWlFK1VrVWtVa1VrVWtVa1VrVW1lsYY99/nn+ef79++Wc7b
zprfHL4YrVWtVa1VpRSlFK1VpRSlFJTTjNKU0pSSjJGEUZTTnROdFKUUpVSlFJ0U
lROU050UlROU04zTjNOM04zSjNOM04zThNOEkoRShFGEUYRShFJ8UXwQfFF8EHwR
c9Brz3PQdBBzz2vOY41jjYxRhBCEEIxRjFGMUYxRhBCEUJSSlJKU0oxRhFGU05zT
nNOc04ySlJKU05zUpRSlFKUUpRSc05zTpRSlFKUUnNOc06UUpRStVa1VpRSc061U
rVWtVaUUpRStVbWWrVWc0pTRnNKc0pzTpRStVaUUpRStVa1VrVWtVa1VrVWtVa1V
rVW91/ff55/nn+/fvlrO286b3x2+GK1VrVWtVaUUnNOtVaUUnROU04ySlJKUkpSS
lJGc050UnRSlFKVUpRSdFJUUlNOU05TUlNOM05TTlNOM04zTjNOM04TThJKEUoRR
hFKEUnxRdFF0EHxRfFF0EHPQa89z0HQQa89jz1uOY46MUYQQhBCMUZSSlJKMUYxR
jFGUkpSSlJKMUYxRnNOc05zTnJKUkZSSnNKdE6UTpRSlFJ0UnNOc06UUpRSlFJzT
nNOlFKUUrVWtVaUUpRStVa1VrVWlFKUUrVW1lq1UnNKUkpSSlJKUkqUTrVWlFKUU
rVWtVa1VrVWtVa1VpRStVa1VtZbvn+de557nnr5Y1tvO299dxlmtVa1VrVWlFJzT
rVWlFJzTlJKUUYyRlJKU0pzTnNOdE50UpVSlVKVUnRSdE5TTnNSU05TTjNOM04zT
jNOM04zTjNOM04yShFKEUYRSfFJ8UXxRdBB8UXRRdBFr0GvPc890D2vPY85bjWON
jFGED4QQjFGUkZSSlJKMUYxRlJKUkpzSlJGMUZzTnNOc05SSlJKUkpzTpNOlE6UU
pRSdFJzTlJKlFKUUpRSc05zTpRStVK1VrVWlFKUUrVWtVa1VpRSlFK1VtZatVJ0T
nNOc0pzSnNKc0qUTpROlE61UrVStVa1VrVWtVaUUrVWtVbWW513nXude512+GNab
1pvfHcZZrVWtVa1VpRSc061VnNOUkpSSlJKUkpTSlNOdE50TnROlVKVUpVSlVJ1U
nROU05TUlROU05TTjNOMk4ySjNOM04zTjNOMkoRShFGEUoRRfFF8EXQQfFF8UXQQ
dA9rz2wPbA9rz2PPW41bjoxRhBCEEIxRlJGUkZSRjFCMUJTSlNKc05SSjFGc0pzT
nNOUk4ySlJOc05zTnRSlFKUTpROc0pzSpRSlFKUUnNOc06UUrVWtVa1VpRSc061V
rVWtVqUUpRStVbWVrRSlE5zSnNKc0pzSpROlFKUUnNOc06TTpROlFK1UrVSlE61V
tZWtVd7b513nXt8dtdjOms5a3tu+GKUUpRSdFJzTnNOlFJzUlJKUkpSSjJKU0pTT
nRSdE50UpVSlVKVUpVSdFJ0TlNOVFJUUlNOU04zTjNOM04zTjNOM04zThJKEknxR
hFGEUnxRfFB0EHxRfFF0EHQPa89rz2wQa9Brz1uOW46MUYQQhBCMUYxRlJKMkoxR
hFGU0pSSnNOUkoxRnNOc05zTnJKUkZSSnNOc06UUpRSlFKUUnNOc06UUpRSlFJzT
nNOlFK1UrVWtVaUUnNOtVa1VrVWlFKUUrVW1lq0UpROc05zSpNOc0qTTpRSlFJzT
pROlFKUUrRStVK1VrVW1lrWWrVXfG+ef55/fXbXXzprOWd7bvhilFKUUpRSc05zT
pRSc05ySlJKU0oySlNKc050UnROdFKVUpVSlVKVUpRSdE5TTlNSU1JTTlNOU05TT
jNOM04zTjNOE04SShJGEUYSRhFJ8UXwRdBB8UXwQdBB0EGvPa890D2vPY85bjVuO
jFGEEIQQjFGUkpSSlJKMUYxRlNKU0pTSjJGMUZzTnNOc05zTjJKU05zTpRSlFKUU
pRSlFJzTnNKlFKVUpRSc05zTpRStVK1VrVWlFJzTrVWtVa1WpRSc1K1UtZalFKUU
nNOc05zTnNOlFK1VrRSc06TTpRSlFK1VrZWtVb3XzpnGWr4Z99/33//f75++Gdab
zpre3L4YpRSlFKUUnNOc05zTnNOUkpSSlJKUkpSSnNOlFJ0TnRSlVKVUpVWlFKUU
nNOU05TUlNSU04zTjNOM04zTjNOM04zTjNOEkoSRhFGEkYRRhFF8UHwQfFB0UXQQ
bA9rz2wPbA9rz2POW41bjYxShBCEEIxRlJGUkpSRjFGMUZSSlJKc05SSjFGc05zT
nNOU04ySlNKc05zTpROlFKUUpROc0pzSpROlFKUUnNOc06UUrVStVa1VrVSlE61V
rVWtVaUTpRStVbWVpRSlFJzTnNOdE50TpRStVaUUnNOk06UUpRStVa1VrVXGGN7c
3tvGWf/f/9//3/ffvhjO2s6a1tu+GKUUpRSlFJzTnNOc05zTlJKUkpSSjJGUkpTS
nRSdE50UpVSlVKVUpVSdFJ0UnNOdE50TlNOM04zTjNOM0ozTjNOM04TThJKEUYRR
hJGEUYRRfFF8EHxRdFF0EHQQa89r0GwQa89jz1tOW46MUYQQfBCMkYyRlJKUkoxR
jFGUkpSSnNOUkoxRnNOc05zTlNKUkpTTnNOc06UUpRSlFKUUnNOc06UUpRSlFJzT
nNOlFK1VrVWtVaUUpRStVa1VrVWlFKUUrVW1lq0UpRSc05zTnROdE6UUrVSlE5zS
nROlE6UUrVWtVa1VzlnnHN7bxhn/3//f/9/3n74YzprOmtbcvhitVaUUpRSc05zT
pRSlFJSSlJKU0oySlJKU0p0UnROdFKVUpVSlVaVUnVSdE5UTlRSVFJTUjNOM04zT
jNOM04zTjNOM04SShJF8UYSRhFJ8UXxQdBB8UXwRdBBrz2vPa89sD2vPY85bjVuN
jFGEEIQQjFGUkpSSlJKMUYxRlJKUk5zTlJKMUZzTnNOc05TSlJKUkpzTnNOlFKUU
pRSlFJzTnNOlFKUUpRSc05zTpRStVK1VrVWlFJzTrVW1Va1VpRSlFK1VrVWlFKUU
nNOc06UTpNOlFK1UpRSc0pzSpNOlFK1VrVWtVc5Z3xzWm8YZ99//3//f7562GM6a
zprW274YpRSlFKUUnNOc05zTpRSc05SSlNOMkpSSlNKdFJ0TnRSlVKVUpVSlVaVU
nRSU05UUlRSU1JTTlNOU04zTjNOM04zTjJOEkoSRhFGEkoRRhFF8EXwQfFF0EXQQ
a89rz2vPbA9jzmPOW01jjoxRhBCEEIxRlJKUkpSSjFGMUZSSlNKc05SSjFGc05zT
nNOc05SSnNKc06UUpRSlFKUUpRSc05zSpRSlFK1UnNOc06UUrVStVa1VpRSc061U
rVStVaUTpROtVK1VpRSlFJzTnNOlFJzTpRSlFK1UnNKc0qTTpROtFK0UrVTGGN7b
1pvGWv/f/9//3/ffvhjOms6a1tu+GK0VpRSlFJzTnNOc1KUVlJOUkpTTlJKUkpST
nNSdE50UpVSlVaVVpVWdFJ0UlNOVFJUUlNOU05TTlNOM04zTlNOM04yTjJKEkoRR
hJKEUYRRfFB0EHxRfFB0EGvPa89r0GwPa89jzltNY46MUYQQhBCMUZSRlJKUkoxR
jFGUkpzSnNKUkoxRnNOc05zTnNOUkpzSnNOdFKUUpRSlFKUUnNOUk6UUpRSlFJzT
nNOlFK0VrVWtFaUUnNOtVK1UrVSlE6UTpRStVK0UpROlE6UTrROlE6UUrVWtVZzT
nNKk0qUTpRSlFKUUtZbOWe9e713/3//f/9//39abzlrOWtabvdilFKTUpRSc05zT
pRSlVZTTlNKc05SSlJKUkpzTnROdFKVVpVWlVZ1VnRSdFJTTnRSdFJTUlNOU04zT
jNKM04zTjNOM04SShFJ8UYSShFF8UXxQdBB8UXRQdBBrz2vPa9BsEGvPY45bjWON
jFGEEIQPjFGUkZSSjFGMUYxRlJKckpzTlJKMUZzTnNOc05zTlJKc05zTpRSlFKUU
pRSlE5zTnNKlFKUUpRSc05zTpRSlFK1VrVWtVKTTrVStVK1UpROlE6UUrRStFK0U
pNOlE60UpROlE61UrVSckpyRnNKc0qUTpROlE6UTvhf/3/+f/9//3//f/9/W3N8d
1tzW3L3YpRSdE6UUnNOc06UUpRSUkpSSnNOUkpTSlJKlE50TnRSlVaVVpVWdVJ1U
nROU050UnRSU05TTlNOM04zTjNOM04zThJOEkoRRhFCEkYRRfFF8UHQQfFF0UHQQ
a9Brz2wPbA9kD2POW41jjoxShBCEEIxRlJKUkpSSjFGMUZSSnJKc05SSjFGck5zT
nNOc0pSSnNOc06UTpRSlFKUUpRSc05zTpRSlFa1VnNOc06UUpVStVK1VpRSk060V
rVWtVaUUpRStVK1UrRSlFKUTpROtE6UTpROlE60UnJKUUZyRnJKlE6UUpRStVc6a
/9//n//f/9//3//f3tznXuef79/W3a1VpRSlFJzTpROlFKUUlJKUkpzTjFGUkpSS
nNOdFKUUpVSlVaVUpVSlFJ0TlNOdE50TlNOU0pTTjNOM04zTjNOM04SThJKEUYRR
hJGEUXxRfFB8EHxRdFFsEGvQa89rz2wPa89jjluNY46MUYxRhBCMUZSSlJKMUYxR
hBCUkpSSnNOUkoxRnNOc05zTnNOUkpSSnNOc06UUpRSlFKUUnNOc06UUpRWtVZzU
nNOlFKUUrVWtVaUUpROtVK1UrVSlE6UTrRStVK0UrROlE6UTpROlE6UTlFGUUZyR
lJGUkZzSpNOlE6UUvdfnHP/f95//3//f/9//39ab3x3nXu/f55+tVZ0TnNOc05zT
pRSlFJSSnJKc05SSlJKUkpzTpRSlFKVUpVWlVZ1VpVSdFJzTnROVE5TTlNOU05TS
jNOM04zTjNOEk4SShFGEUYRRhFGEUXRQfBB8UXxQdBBrz2vPa89r0GvPY45bTWOO
jFGEEIQPjFGUkpSSlJKMUYxRlJKckpzTlJKMUZzTnNOc05zTlJKc05zTpRSlFKUU
pRSc1JzTnNOlFKUUrVWc05zTpRStVK1UrVSlE5zTpRStFK1UpROk060UrRStFK0U
pNSlFKUUpNOc0oxPhA6MT5yQnJGk0qUTpRStFMYY3tv3n/ee/9//3//f/9/Wm98d
517vn+eetVWlE6UTnNOc05zTnNOUkpSSnNOU0pSSlJKc050UpRSlVKVVpVWlVaUV
nRSU050TnROU05TTlNOM04zTjNOM04TTjJOEkoRRhFGEkoRRfFF8EXQQfFF0EHQQ
a89rz2vPa9Brz2OOW01jjoxRhBCED4xRlJKUkpSSjFGMUZSSlJKc05SSjFGc0pzT
nNOc05SSlNOc06UUpRSlFKUUpRSc1JzTpRSlFKVUnNOc06UTpRStVK1UpRSlE60U
rRStFKTTpNOtFK0UrRSlFKUUpROlFKTTnJKUD4vOg86cUJyRpNKlE6UUrVXGWNaa
zlnnHP/f/9//3//fzpvfHt9e79/nn62VpROlE5zTnNOc05zTlJKUkpzTlJKUkpSS
nNOdE6UUpRSlVaVVpVWdVZ0UlNSdFJ0UlNOU05TTjNOM04zTjNOM04yShJKEUYRR
hJKEUXxRfBF8EHxRdFF0EGvPa89sD2wQa89jjltNY46MUYQQhBCMUZSSlJKUkoxR
jFCUkpSSnNKUkoxRlJOc05zTnNOUkpzSnNOlFKUUpRSlFKUUnNOc061UrVStVKUT
nNOlFK0UrRStFa0UpNOtFK0UrRSk06TTrRStVa0UrRSlFKUUrRSlE5SRjFCUDovN
k86ckaTSpROtFK1VzlnWms5Z3tz/3//f/9//386b1x3fXuef55+tlp0TpROc05zT
nNOc1JSSlJKc05SSlJKUkpzTnRSlFKVUpVWlVaVVnVWdFJTTnRSdFJ0TlNOU04zT
jNOM04zTjNOMkoSShFGEUYSRhFF8UXxRfBB8UXQRdBBrz2vPa89sEGvPY49bTmuP
jFGMUYQQjFGUkpSSlJKMUYxRlJKUkpzTlJKMUZzTnNOc05zTlJKckpzTpNSlFKUU
pRSlFJzTnNOlFKUUrVWlFKTTpRSlFK1UrVSlFJzTrRStFK0UpNOk060UrRStFK0U
pRSlFKUUnROUUJRQlA+LzYPMlA6k0aTSpRSlFMYZ1prOWc5a/9//3//f/9/Om9bc
113nXudfrVWk1KUUnNOc06UUpRSUkpSSnNOUkpSSlJKc050UpRSlVKVUpVWlVZ1V
nRSU1J0UnRSU05TTlNOMk4ySjNOM04yTjJOEUnxSfFGEkoRRfFF8EHQQfFF0EXQQ
a89rz2wPbBBjz2OOW01jjoxRjFGEEIxRlJKUkpSSlJKMUJTSlNKc05SSjFGckpzT
nNOc05SSnNOc06UUpRSlFKUUnNOc05zTrVWtVa1VnNOc06UUrRWtFa0VpRSc061U
rRStFKTTpNOtFK0VrRStFK0UrRStFKTSlFCUT5QPi82DjIOMlE+k0qTTpNPGGNaa
xhm92P/f/9//3//fzpvW3M6b1tvvna1VlJGUkYxQlJGc05zTlJKUkpzTlJKUkpSS
nNOdE6UUpRWlVaVVpVWdVZ0UnRSdFJ0UlNSU05TTjNOM0ozTjNOM04yThJKEUoRR
hJKEUXxQdBB0EHRQdBF0EGvPa89r0GvQY89jjltNY46MUYQQhA+MUZSSlJKUkoxR
hBCUkpSSnNOUkoxRlJKc05zTnNOUkpzTnNOlFKUUpRSlFJzUnNOc061VrVStVKTT
pNOlE6UUrVStVK0UnNOtFK0UrVSk06TTrRStFa0UrRSs1KUUpNOMUIwPlBCUDovM
i4uDi4vMnJGk05zTxhfWmcYYtZb/3//f/9//38YaxhnOWtaa51yUUXMJewpzCXMJ
g4uUkpSRnJKc05TTlNKUkpzTnNOlFKVVpVWlVaVVnRWdFJzUnRSdFJTUlNOU04yS
jJOM04zTjNOEk4SShFGEUYRRfFF8UXQQdBB8UXQQdBBrz2vPa9Br0GvPY45bTWOP
jFGEEYQQjFGUkpSSlJKMUYwRlJKc0pzSlJKMUZSTnNOc05zTlJGc05zTpRSlFKUU
pRSc1JzTnNKtVK1UrVSk06TTpRSlFK1UrRSlFJzTrRStE60UpNOk060UrRStFK0U
pNOc0ovNg4yLzZQOlA6LzYNLe0qDSpQMpNGckcYWzlnGGK1W/9/3nv/f956tVr3X
1lrWmt7bg89aSFqIYkdiiGJHe4uMkZSSnNOUkpSSlNKc06TTpRSlVaVVpVWlVZ1U
nRSdE50UnRSU1JTTlNOU04zTjNOM04zTjJKEknxRfFCEkYRRfFF8EHQQfFB0EHQQ
a89rz2vPa89jz2OOW01jjoxRhBCEEIxRlJKUkpSSjFGMEJSSnJKc05SSjFGUkpzT
nNOc0pSSnNKc06UTpRSlFKUUpRSc1JzTrVWtVa1VnNOc06UUrRStFa1UpRSc06UU
rRStFaTTpNOtE60UrRStFKTTlFBzSoPMlA2TzYvMg8yDi4NKg0qDSpwOi8yk0L3V
vdac085a1pvnXuddrVa919aazlne2nvPWgdih3LJewpih2KIg82UkpzSlJKUkpSS
nNOc050UpVSlVaVVnVWdFZ0UnRSdFJ0UlNSU05TTlNOM0ozTjNOM04yShJKEUYRR
hJKEUXxRdBF0EXRRdBB0EGvPa89r0GvQa89jjltNY46MUYQQhBCMUZSSlJKUkoxR
jFGUkpSSnNKUkoxRlJOc05zTnNOUkpzTnNOlFKUUpRSlFJzTnNOc061VrVWtVaUT
nNOlE6UUrVStVK0TpNOtFK0UrRWk06TTrRStFK0UrRSk0nMKcwmDy5QNnA2Ty4NJ
gwh7B3rHeseDSXsIewiLy7TScwu1VNbb513nXa2WtZfOGcYY1pqUUXMLcodqh1oF
UYRaBVGEg8uUkZSSlJKUkpzTnNOlFKVUpVSlVaVVpRSdFJzUnRSdFJUTlNOU04zT
jNOM04zTjJOMk4RShFKEUYSRhFF8UXQQdBB8UXQQdBBrz2vPa89r0GPPW45bTWOO
jFGEEIQQjFGUkpSSlJKMUYxRlJKUkpzTlJKMUZSTnNOc05zTjFGc05zTpRSlFKUU
pRSlFJzTnNOtVK1UrVWk06TTpRSlFK0UrRSlE5zTpRSlFK0UpNOk060UrRStFK0U
lFFaR3MKi4yUDJxMk8uLiYMGeoVyRHIFagRhxGIFYgZiRlHFpJDWmt7c3tydFKUU
tde919aZnNJ7S2pGakZZxFHDWcQ5AUmDashzSYPMjFGc050UpRSlFKVUpVWlVZ0V
nRSdFJ0UnRSU1JTTlNOU04yTjJOM04yTjJOEkoRRfFGEknxRfFF0EHQQfFF0EXQR
a89r0GvQa9Bjz2OOW01jzoxRjFGEEIxRlJKUkpSSjFGMUZSSlJKc05SSjFGc0pzT
pROc05SSnNOc05zTpRSlFKUUpRSc05zTpRSlFK0UpNOk06UTrRStFK0UrROk060U
rRStFKTTpNOtFK0UrRStFIxQWkZzCYOLlA2UDZPLi4mDB3pFacNhw1FCOMAwgDCA
MIEwgYtLvdfGGM5ZjFKUkr2WtZXOWJzRg4t7CXrIYgVJAkDCMEAwQDjAQQJaRoxQ
nNKc050TpRSlVKVUpVWlFJ0UnRSdFJ0UlNSU05TTlJOMk4yTjJOMk4SShJJ8UXxR
hJGEUXwRdBB0EHwRdBBsEGvPa89sD2vQY89bjluNY4+MUYxRhBCMUZSSlJKUkoxR
jFGUkpSSnNOUkoxRlJKc05zTnNOMkpSSnNOlE6UUpRSlFJzUnNOc060UrRStFKTT
pNOk060UrVStFKUTnNOlFKUUrRSk06TTrRStFK0UrRSMUFpGcwmDipPMlA2TzJOK
i0iChmHDWYNIwThAMAAwQDhAQIB6R5NLtNHeFpPOnFC1VK0T1lek0YvLg0mDCGqG
UYNRQkDAQMBJAVGCYoaMUJzTnROdFKUUpVSlVZ0VpRWdFJ0UnRSVFJTUlNOU05TT
jNOM04yTjJOMk4RShFJ8UYSShFF8UXwQdBB8EXQQdBBrz2wPbBBsEGvPW45bjmOP
jFGEEIQPjFCUkZSRlJKUkYxQlJKUkpzTlJKMUZSTnNOc05zTlJKU0pzTnNSlFKUU
pRSlFJzTnNKtVK0UrRSk05zTpRStFK0UrRSlE5zSpROlE6UTpNOk06UUrRStFK0U
lFFaBXLIewmLi5PMk8yTypOJgwdqA1FCSME4gTAAMAA4QECAWUJQwZvM3dWTjpPP
nFCkkMWUpJCLyoOIewdyhWHCWUJRAEjAUQFZg2rHjFCc05zTnNSlFaUVpVWdFaUV
nNSc1J0UnRSc1JTTlNOU04yTjNOM04STjJKEUYRRfFGEkYRRfFF0EHRQfFF0EHPQ
a89rz2wQbBBjz1uOU41jzoxRjFGEEIxRlJKUkpSSjFGEEJSSlJKU0pSSjFGckpzT
nNOc05SSnNOc05zUpROlFKUUpRSc05zTrRStFa0UpNOk06TUrRStFK0UpNSk06UT
pROtFKTTpNKtE60UpRSlFJRRWgVqhnKGe0iLiYvKi4qLiYtIekVZQ0jBOIAwQDAA
OEBAgFkCUQKTjM2Ui42UDpxPpJC9U5yPi8qDiINHcoRhw1mBUQBIwFEBYYNzCIyR
nNOc05zUpRWlFaUVpRWdFZzUnNSc05zUnNOU05TTjJOMk4zTjJOMk4yThJJ8UXxR
hJJ8UXxRdBB0EHwRdBBz0GvPa89zz2vQa5BjTltNY46MUYxRhBCMUZSSlJKUkoxR
hBCUkpSSlJKUkoxRlJKc05zTnNOUkpSSnNOc1KUUpRSlFKUUnNOc060UrRStFKTT
nNOk06UUrRStFKTUnNOlFKUTpROc0pzSpROlFKUTpROUUWIFYgViBXLHg0mLipPK
i4qLSYLHacRJAjiBMEAwQDhAQIBRAlDCk0vFEotMk86cD6RPrNGUDYOJg0iDCGpF
YcNZQkkASQBRAFmDcwiMUZSTnNOc06UUpRSlVKVVpRSdFJzUnRSdFJTTlNOU04zT
jNOMk4yTjJOMUoRShFF8UIRRfFF8UXQQdBB0EXQQbBBrz2vPa9Br0GuPY41bjWPO
lJGMUYQQjFGUkpSSlJKMUYwQlJKckpzSlJKMUZSSnNOc05zTlJKUkpzTpRSlFKUU
pRSlFKUUnNOlFK0UrRSk05zSnNOlE6UUpRSk1JySpNOk06TTnNKc0qTTpNOlE6TT
lFFqBWHFWcNqRXrHg0iLiYuJi0mCyHJFUQJAgDhAOEBAQEhAYUNIwYsKtM97SoOL
i8yUDZQNi8qDiINHgwdqRVnCWUJRAEjAUQFhg3MJjFGUkpzTnNOlFKUUpRWlFZ0U
nNSc1JzUnNSU05STlNOMk4ySjJOMk4SThJKEUoRRfFGEUnxRfFF0EHQQfBF0EGwQ
a89sD2vPa89jj1uPW05jj4xRjFGEEIxRlJKUkpSSjFGEEJSSlJKc05SSjFGUkpzT
nNOc05SSlJKc06UUpRSlFKUUpRSlFJzTpRSlFKUUnNOc05zTpRSlFKUUpRSc0qTT
pNOk05ySnJKc06TTpNOk05RRYgZZhFFCWcJyhXsHg0mLiYNJgsdyhlmDQME4QDiA
OEBAgGFDSMF6SKwNgshyh4LIk0l6xnsGgwaDBoLGagRZgllCUMFIwFEBYYN7CYxR
lJKc050UpRSlVKVUnRSdFJ0UlNOdE5TTlNOMk4yTjJOMkoyTjJOMkoxShFGEUXxR
hFF8UXxQdBB0EHQRdBB0EGvPa89sEGvQY89bjluOY8+MUYxRhBCMUZSSlJKUkoxR
hBCUkZSSlJOUkoxRlJKUkpzTnNKUkpSSnNKlE6UUpRSlFJzTnNOc06UUpVStFKTT
nNOk06UUpRSlFJzTnJKk06TSpNKckpySnNOk06TTpNKcUWIGWYNJAlEBYgNyhYNH
i0iDR3sHcoZZw0jBOEA4gDhAQIBRAkiAacWjSnpGYcN6RnpGckVyhILFewV6xmpE
YcNZglEBSQBRAVmDc0mMUZTSnNOdFKUVpRWlFZ0UnRSc05zTnNOU05TTjJKMk4yT
jJOMk4STjJOEkoRSfFF8UXxSfFF8UXQQfBB8EXQQbBBrz2vPa9Bz0GuPW05bTmOP
jFGMUYQQhBCMkZSRlJGMUYQQlJKUkpSSlJKMUZSSnNOc05zTlJKUkpzTpROlFKUU
pRSlFJzTlJKlFKUUpRSc0pzTnNOk06UUpRSc05ySpNKk0qTSnJKckZySpNOk06TT
lJFiR1mFSMJIwVlDYgR6hoMIgwd6x3JFYcNAwTiAOEA4QECAWQNIgEjAUQJhg1lD
ckZ6R3IFckR6hXqFcsVqRFnDWUJRAUjBSQFhhHtLlJKckpzTpRSlFKUUpRSlFJ0U
lRSU05TTlNOU05TSlJKMkoyTjJOMk4RThJKEUnwRfFF8UXxRdBFz0HQQdBF0EGwQ
Y89jz2vQa89jj1uOW05jj4xRjFGEEIQQjFGMUYxRjFGEEIxRlJKUkpSShFGUkpTT
nNOc05SSlJKc0p0TpROlE6UUpROlE5zSpROlFKUUnNOc05zTpNOlFKUTpNOckpzT
nJKc0pySnJKckqTTpNOkk5yRYkhRhEkCQMBJAVGCagR6xnrHesZyRWHDQMAwQDBA
MEBAwXIGQIBIwVlDWUNZA1mDakZyh2pGakRqRHJFYgRZg1ECSQFJAUkBWcN7S5RS
lJOc050UpRSlFKUUpRSdFJ0TlNOU05TTlNKU04yTjJKMkoySjJKMkoSShFF8UHxR
hFJ8UXxRc9B0EXwRdBBsEGPPbA9r0GvPY49bTltOY4+MUYxQe8+EEIxRjFGMUYxR
hBCMUZSSlJKUkoQRlJKc05zTnNOUkpSSlNKdE6UTpROlFKUUnNOc0qUUpRSlFJzT
nNKc06TTpRSlE6TTnJKck5ySnNKUkpyRnJGc0qTSnJKUkWpJWURJAkCBQMBJAVmC
agRyRXJFagNZgUCAMAAwACgAMIBpxkCBSIFQwllDUQJRAmoFeodqBWIDYgNiBFnD
UYJJAkjBSMBJAVnDe4uUkZSSnNOlFKUUpVSlFKUUnRSU05TTlNOU05SSjJKMk4yS
jJKMkoySjJKEkYRRfFF8UXxSfFF8EXPQdBF0EXPQc9Brj2vPbBBrz2PPW45bjmOP
jFGMUYQQhBCMUYxRjFGMUYQQjFGUkpSSlJKEEJSSnNKc05zTlJKUkpSSnNOc06UT
pRSlFJzTnNKlFKUUrRSc05yTnNOk1KTTpNOk05ySnNKckpySnJKckZySnNKk05yS
lJFqSVFFSMNAgkBAQIFIwVlCYcNhw1mCUUE4gDAAKAAgADBBWcY4QDhBQIJIwkjB
SMFRAmpGYcVZhFGDWYRRQklBQMFAgEjASMFZxHuMjFGUkpSSnROlFKUVpRSlFJzU
lNOU05TTlNOU04ySjJOMk4yTjJOMk4yShJJ8UXwRfFF8UnRRdBFz0HQQdBBsEGvP
Y89r0GvPa89jj1tOW45bjoxRjFCED4QQjFGMUYxRjFGEEIxRlJKUkpSSjFGUkZzS
nNKc05SSlJKc05zTpROlE6UTpROc05zTpRSlFKUUnNOc05zTnNOlE6UTpNKckpyS
nJKckpRRlJGckZzSpNKckpSRaolRREjDQIE4QDhAQIBIwVEBUQFRAUjAOEAoQCAA
IAAoQFmGMEAwADBAOEA4gECAQIFqBlmESUNIwkkDQMJAwjiBOEBAwEkBYcR7zYyR
lJKc05zTpRSlFKUUnRSdFJTTlNOU1JTTjNOMkoyThJKMkoySjJKMkoSRhFF8UHxR
fFF0EXQRa9B0EXQQc9Br0GPPY89jz2PPY45bTVuNY46MUYxRhBCEEIxRjFGMUYxQ
hBCMUZSSlJKUkoQQlJGc0pzSnNKUkZSSnNKc06UTpROlE6UUnNOc06UUpRSlFJzT
nJOc06UTpROlE6TSnJKc0pySnJKUUZSRnJGckaTTpJKcUWqKSURAwjiBMEAwQDBA
OIBAwEjASMBAgDhAMAAoACgAKAA4gTCBOEBAgECAQIBAwEDBYgZJREEDOMM4wzCC
MIIwQTBAQMBJAVnFg86MUZSSnNOc1KUUpRWdFJ0UnROU05TTlNOU04zTjJOMk4xS
jJKMkoyShJKEknxRfBF8UYRRfFF8EHPPdBB0EHPQa9Bjj2vQa89rz2OOW01bTmOO
jFGEEHvPhBCMUYxRjFGMUYQQjFGUkZSSlJKMUZSSnNOc05zTlJKUkpzTnNOc05zT
pRSc05zTlJOlFKUUpRSc05zTnNOc06TTpNOck5SSnJOckpyRlJGUkZyRnJKk05yS
nFJqikkEQII4QDAAMAAoADAAOEA4gDiAOIAwQDAAKAAoACgAOII4gTiBOIBAgECA
SMBRA1mFSQM4wjjCOMIwgTCCKEEwQDiAQQFaBYQOlJKUkpzTnNOdFJ0UnRSdFJ0T
lNOU05TTlNOU0oySjJKMkoySjJKMkoyShFGEUXwQfBF8UXQQdBBr0HQQdBBr0GvP
Y49r0GvQY49bj1NNW05jj4xRjFF7z4QQjFGMUYxRjFGEEIxRlJKUkoxRjFGUkZzS
nNOc04ySlJKU0pzTnNOlE6UUpROc05SSpNSlFKUUnNOc0pzTpNOk06TTnJKckpyS
nJGckZyRlJGUkZySpNOckpySastJRTjCMEEoACgAKAAwADgAOEAwQDBAMEAwADAA
MEAwQEDBOME4gTiBOIFAgUDBUUNRQ0kCQQJBAkFDQMI4wTBAMEA4gEkCWgWED4xR
lJKc05zTnROdFJ0UnRSVFJTTlNOU05TTlNOMkoyTjJKMkoySjJKMkYRRfFF8EHxR
hFF0EHQQa9B0EHQQc9Br0GuPa9Br0GPPW85bTVtNY46EEIxRe8+EEIxRjFGMUYxR
hBCMUZSSlJKUkoxRjFGUkpzTnNOMUZSSnNKc05zTpNOlFKTTnNOck6TTpRSlFJzT
nJOc05zTpNOk06SSnJGckpySnJGUUZRRlJGUkaTSnJGcUXLLSQRAwjiBKEAoACgA
KAAwADAAMAAwADAAMAAwADAAOEBAgUDBQMFAwEDBSMFJAlFEUUNRQ0kCSUNJQ0kC
QQI4gTBAOIBAwlIGhBCMUpSSnNOc050TnRSdFJ0UlNSU05TTlNOU05TTjJKMkoSS
jJKMkoySjFKEUXwRfBF8EXxRdBB0EGvPdBB0EGwQY9Bjj2PPa89jz1uOU01bjluO
hBCMUXvPhBCMUYxRjFGMUYQQjFGMUZSSlJKMUYxRlJKUkpzTjFGUkpSSnNOlE6UT
pROc05zTlJKk06UUpRSc05zSnNKk06TTpNOkkpySnJKckpyRlJGUUZRRlFGc0pyR
nJFzDElFQMI4gTBAMAAoADAAMEAwQDBAKAAoACAAKAAwADiAQMFJAkkCUUJJAkkC
UQJZhGHFWYRRQlGDWYNJQ0kDQMEwgDCAQQJaBoRPjFGUkpzTnNOc1J0UnRSVFJTT
lNOU05TTlNOU04ySjJKMUoySjJKEkoSSfFF8EXwQfBF8UXQRdBBr0HQQdBBr0GvQ
Y89r0GvPY89bjlNNU05bjoxQjFF7z4QQjFGMUYxRjFGEEIxRlJKUkoxRjFGMUZSS
lJKc0oxRjFGUkpzTnNOc05zUnNOc05zTpRSlFKUUnNOc0pzTnNOlE6TTnNOUkpyS
nJKckZRRlFGUUZRRnJKckZyRc0xBRDjCOIEwQDhAMAAwQDBAMEAwQCgAKAAoACgA
OEA4gEjBSQFRQlmDWYNZg1nEYcRyRmHEUUNRg1GDUYNJQ0ECMIAwgEDBWgaED4xR
lJKc05zTnNOdFJ0UlNSU04yTlNOU05TTlJOMkoySjJKMkYyShJKEUoRSfBF0EXwR
fFF0EHQQc9B0EHQQa89rz2OPY89jz2OPW45TTVOOW4+EEIxRe897z4xRjFGMUYQQ
hBCMUYySlJKMUYxRjFGUkpSSlJKMUZSRlJKc05zTnNOlE5zTnNOUkpzTpRSlFJzT
lNKc0pzTpNOk05ySnJKckZyRlJGUUJRRlFGUUZySnJKUkXtNSUU4wjiBOEA4QDhA
OEA4QDBAMEAwQDAAMAAwQECAQMBJAVFBWYNZw1nEYgRiBWIFakZhxFFCUYNRQlFC
UUNAwTCAKEAwwVIHhBCMUZSSnNOc05zUnNSc1JTUlNOUk5STlNOUk4yTjJKMkoyS
jJKMkoxShFKEUXxRdBF8EXxRdBF0EWvQdBFsEGvQa9Bjz2PQY89jj2OOW01bjluO
hFGMUXvPe8+MUYxRjFGMUYQQhBCUkpSSlJKMUYxRlJKUkpSSjFGMUZSSlJKc05zT
nNOc05zTnNKk06UTpRSc05TTnNOc06TTpNOckpyRnJKckZSRlFGUUZRRlFGckpyR
lFF7jkFGMIMoQTAAMAAwADhAMEAwQDAAMEAwADAAOEBAgEjBUQJRQlmDYcNhw2oE
csdyyGqHWcVRQ1lDUQJRAkkCQMEwQChAMMJaB4QRjFGUkpzTnNOc05zTnNSU05TT
lNOU05TTlJOMkoySjJKMkoySjJKMkoRRhFF8UXQQdFF8UXQQdBBsD3QQdBBr0GvP
a49rz2vPY89bjlNNW45bjoRQhFB7z4PPjFCMUYxRjFGEEIQQlJKUkpSShBCMUZSS
lJKUkoxRjFGUkZzSnNOc05zTnNOc05SSnNOlFKUUnNOc0pzSnNOc05zTnNKUkZSR
lJGUkZRRlFGUUZRRnJKUUpRRe45BhTDDKEEoACgAMAAwADAAMEAwQDBAMEAwADiA
SMBRAVlCUUJZg2HEWYNqBIMIewhyhlnEUUJRQkkBQQFBATjBKIAgQDDCWkiEUIxR
lJKU05zTnNOc1JzUnNSUk4yTjJOM04ySjJKEkoyShJGEkoSShFKEUnwRfBF0EXxR
fFF0EHQQa89sEHQQa89jz2POY89jz2PPW45TTVuOW46EEIQQe897z4RQjFGMUYxR
hBCMUZSSlJKMUYQQjFGUkpSSlJKMUYxRlJKc05zTnNOc05zTlJKUkpzTnNOlFJzT
lJKc0pzSnNOc05SSlJGckZSRlJGUUZRRjFGUUZySnFGUkYPPSUYwwyhBKAAoADAA
MAAwADAAMAAwADAAOABAgEjASMFRAlFCUYNZw1GDYgWCyIMIcoZZg1FCUYNJAUEB
QME4wSiBIEAwwlqJjFGUkpSSlJKc05zTnNSc1JTTlNOMkoySlJOMkoySjJKMkoxR
hFKEUoRShFJ8UXwRdBB8UXwRdBBsEGvQbBFr0GvQY89jz2PPY89jj1uOU01bjmOO
hBCEEHOPe8+EEIxRjFGMUYQQhBCMUYxRjFGEEIQQlJGUkpSSjFGMUYxSlJKc05zT
nNOc05SSlJKc06UUpRSc05SSnJKckpzSnNKUkpSRlJGUUZRRlBCUUZRRlFGckZyR
lFCDz0mGMIMoQRgAIAAoACgAMAAwADAAMAAwADAAOIBAwUDCUQJJAlFCUUJRg2IE
esh6yGpGWUNRAlFCSQFAwUDBMMEogSBAMMJiyoRQjFGUkpTSlNOU05zTlNOUk4yS
jJKMkoySjJKMUoxSjFKEUoRShFKEUoRSfBF8EXQQfFB8EXQQdBBrz2wQbBBr0GPP
Y89jz2PPW49bjlNNU05bjnwPhA9zz3OOhBCMUYxRhBB7z3vPhBCMUYxRhBB7z4xR
lJKUkoxRjFCMUJSRnNKUkoxRlJKUkpSSlJKc0pzSlJKUkYxRlFKUkpSRlFGMUIwP
jA+MEIPPjBCMD4wQlJKckpSRjBBJhjCDIEEYABgAIAAgACAAKAAoACgAKAAwADhA
QIBAgUkCQQJBAklCSUJhxHqHcodiBVFCSQFJAUDBQME4wTDBKIEYQCjDYwuEUIxR
lJKUkpSSnNOc05TTjJKMkoRRhJKEkoRShFKEUYRRfBGEUYRShFKEUnwRc9Bz0HwR
dBFz0GvQa89sEGPPY89jz2PPY89bj1uOU01TTVNNU02EEIQQfBB7z4QQjFGMUYxR
hBB7z4xRjFGUkpSShBCMUZSSlJKUkoxRjFCUkpzTnNOc04yRnNKc05zTnNOUkpzS
nNOUkpSSlJKckpSSlFGUkZRRlFCUUJxQnFGUUZyRnJGUUYwQQccowyBCGAAYARgB
IAEYABgAGAAYACAAKAAwQDhAOIFAwjjCOME5AUkBWYNqBWoGWcVJAkDCQMFAwTjB
OMEwwSCBGEEww3NMjFGMUZSSlJKUkpzTlNOU05TTlJOMUoySjJKMUoxShFGEUYRR
hFKEUoRShFGEUXPPdBB0EHQQc9Brj2vPbBBrz2vPY89jz2OPW49bTlNOU05TDVNN
hBCED3vPe458D4xQjFGMUYxRe8+EEIxRjFGMUYQQhBCUkpSSlJKMUYxRlJGc05zT
nNOUkpSSpROlFJzTlJKUkpzTnJKc0pzTlNKUkpSRnJKUUZRRlBGUUZxRlBGcUZyR
lFGMEEHHKMMYQhABEAEQARABEAEQARABEAEQARgAKAAwQDiBMME4gTCAOIFAwUlD
WcVZxVFEQMI4gTiBOIEwgTCBKIEgQBgAMQNzjYxRlJKUk5SSlJOUk5TTlNOU05TT
lJKUkoySjFKEUoRSjFKMkoySjJKEUXxRfFF8UXxRdBB0EHQQdA90EHQQdBBr0GvP
Y89jjmOPY49bTltOU01bjoQQhBB7z3OOe8+EEIxRjFGEEHvPhBCMUYxRjFGEEIQQ
jFGUkpSSjFGMUZSRnNOc05TSlJGUkpzTnNOc05SSlJKc0pyTlNOc05TSlJKUUZRR
lFGUUYxRjFGMUIxQlFGckpRRjFBJyCjDGEIQARAACAAIAAgBCAEIARABEAEYASAB
MEAwQTiBOIIwgTCBMIFBAlGEUUNJAkDBOIEwgDCAMIAogCBAGAAgQDEEc82MUYxS
lJKUkpSSlJKUkpSTlNOU04ySjJKMkoySjJKEUYRShFKEUoRSfFF0EHwRfBB8EXPQ
dBBzz3PQdBB0EGvQa89jz2PPY45jj2OPW45bjlNNU06ED3vPe89zjnvPhBCEEIxQ
hBB7z4QQjFGMUYxRhBCEEIyRlJGUkpSSjFGMUZSSnNKc0pSRlJKlFKUUnNOUkpSS
lJKc05zTnNOckpRSlFGUUZRRlFGUUZRRlFGMUJRRnJKUUZQRUggoxBhCEAEIAQgB
CAEIAQgBCAEIARABEAEgACgAKEA4gTjCMIEwQDBAQIFRQ0lDQQM4wTCAMIAwgChA
KEAgACAAIEE5BHvOjBCUUZSSlJKUkpSSlNKU0pTTjJKMUoySjJKEkoRRhFGEUYRR
hFKEUXwRdBF8EXQQfBF0EHQQa9Br0GwQa9Br0GvPY89jj1uOY49bjluOU05TDFtN
e897z3vPc457z4QQhBCMUYQQe8+EEIxRjFGMUYQQhBCMUZSSlJKUkoxRjJGUkpzS
lJKUkZSSnNOlFJzTlJKUkZzTlJOc05ySnJKUUZRRlFGUUZQRjFCMUZRQjBCUUJyR
lFGMUVJJIMQYQhABCAEIAQgBCAEIAQgBCAEIAQgBEAEgACABMIIwgigAKEAoQDCB
QQNBA0DDOIEwgDBAKEAoACAAIAAgAChBQQSDzowRlFGUkpSSlJKUkpSSlJOUk5SS
jFKMkoySjFKEUYRRhFGEUoRSfFJ8EXwRfBF8EXwRc9Bz0GvPc9Bz0GvQa9Br0GPP
Y49jj2OPW49bjlNOSw1TTnvPe897z3OOe8+EEIQQhBCEEHvPhBCMUYxRjFGEEIQQ
jFGUkpSSlJKMUYxRlJKc0pSSjFGUkZzTnNOc05SSlJKc05zTnJOckpySlFGUUZRR
lFGUEYxQjFCMUIwPjFCckZRRjBBaiijEGEIIAAgBCAEIAQABCAEIAQgBCAEIAQgB
EAEYAShCKIIgACgAKAAoQTjDQQMwwjCBKAAoACAAGAAYABgAGAAgQUFFe8+MUIxR
lJKUkpSSlJKUkpSSlJKUkoxRjFKMUoxShFKEUYRRhFKEUoRSfBF0EHQQdBB0EGvQ
bA9rz2vPbBBr0GvQY49jz2OPW45bz1uOW45TTUsNU057z3vPe45zjnvPhBCEEYQQ
hA97z4QQjFGMUYxRhBCEEIxRlJKUkoxRjFGMUZSSlNKUkoxRlJGc05zTnNOUkpSS
nNOc05zTnJKUkpSRjFGUkZRQjFCMUIwQjFCEEIwQnJKUUYwRWssoxBiCEAAIAQgB
CAEIAQgBCAEIAQgBCAEIARgBGAEgQiiDGAAgASABKEEwwjDDKIIgQRgBGAAYARAB
GAEYARgAKEJJhoPPjFGMUYxSlJKMUoySjJKM05SSjJKEUoxSjFKMUoQShFGEUYRR
hFKEUnxRdBB0EHQRdBFr0GvQa9Br0GvQa9Br0GPPY49jj1uPW89bj1uOW05TDVtO
e897znvPc457z4QQhBCEEIQQe8+EEIxRjFGMUXvPhBCMUZSSlJKMUYxRjFGUkpSS
lJKMUYxRnNOc05zTlJKUkpzTnNOckpySlJGMUYxQjFGUUYxRjFGMUYxQjBCMEJyS
lFGMEWLLKMQYQggACAAIAQgBCAEIAQgBCAEIAQgBCAEQARABIEIgQhgBGAAYASAB
KEIogiBCIAEYABgAGAEYARgBGAEYASiDSYeEEIxRjFKUkoySjFKMkoySjJKMkoxS
hFGEUoxShFKEEXxRfFGEUYRSfFF8UXQRdBB0EHQQbBBsEGvQbBBr0GvQY9Bjj2OP
W45bjluPW49bjlNNS01TTXvPe85zznOOe8+EEIQQhBCEEHvPhBCMUYxRjFGEEIQQ
jFGMUYxRjFGEEIxRlJKUkpSSjFGMUZzTnNOc05SSlJKc05zSnJKUkpSSlFGMUZRR
lFGMUIxQjFCMEIwPjBCUUYxQjBBjCyjEGEIIAAgACAAIAQgBCAEIAQgBCAEIAQgB
EAEQASACIEIYABgAGAAYACBBIIIgQSABGAAYABgBEAEQARABEAEog0nIfBCEUIxR
jJKMUoxSjJKMkoySjJKMkoRRhFGMUoRSfFF8EXxRfFGEUXxRfBB0EHQQdBBsEGvQ
a9Brz2vPa9Br0GvQY49jj2OOY05jjltOW41TTUtNU017z3OOc45rTXvPhBCEEIQQ
hBB7z3vPhBCMUYxRhBCEEIxRlJKMUYxRhBCMUJSSnNKUkoxRjFGUkpzTnNOUkpSS
nNOc05SSlJKMUYxRjBCUUZRRjFCMEIwQjBCEEIwQlFGUUYwRaw0pBBiCCAAIAAgA
CAEIAQgBCAEIAQgBCAEIAQgBEAEYAhhCEAEYARgBGAEgQiBCIEEYARABEAEQARAA
EAEQABABIINSSXwQhFGMkoySjFGMUoxSjFKUU5STjFKEUYRShFJ8UXwRfBF8UXxR
hFF8UXQQdBB0EHQQdBFr0GvQa9Br0GvQa9Br0GOPY49jj2OOW45bjltOUw5LDVNO
e897z3OOc457z4QPhBCMUIQPc857z4QQjFCMUYQQhBCMUYxRjFGMUYQQhBCUkpSS
lJKMUYxRlJOc05zTlJKUkpzTlJKUkpSSlFGMUYxQlFGMUYwRjBCEEIwPjA+MD5RR
lFGUEHNNMQUgQhABCAAIAQgBCAEIAQgBCAEIAQgBCAEIAQgBEAEQARAAEAAQARAB
GAIYQhhCEAEQARABEAEQARAACAAIASDDUop8D4RQjFKMkoxSjFKMUoxSlJKMkoxR
hFGEUYRRfFF8UHwQfFF8UnxSfFJ0EXQRdBB0EHQQa89r0GuQc9Br0GvQa49jj2OP
W49bTluPU05TjlNNUw1TTnvPe89zz2uOc857z4QPhBCED3OOe8+EEIQQjFGEEHvP
jFGMUYxRjFGEEIQQlJKUkpSSjFGMUZTSnNOU0pRSjFGc05SSlJKUkpSSjFGMUZRR
jFGMEIQQjBCMEIwQhBCUUZRRjBF7jjEFGIIQAQgBCAEIAQgBCAEIAQgBCAEIAQgB
CAEIARABEAEQARAAEAEQARgCGEIQQRABCAEIAQgBCAEIAQgBEAEgw2KLfA+EEIxR
jJKMUYxRhFGMUYxSjFKMUYQRhFGEUXxRfFB8EHwRhFF8UXxRdBB0EHQQdBB0D2vP
a89rz2vPa89rz2uPY49bj1uPU09bj1tOU01TTEtNU057z3vPc45rTXOOe8+EEIQQ
hBBzz3vPhBCEEIxRe897z4QQjFGMUYxRhBCEEJSSlJKUkoxRjFGU0pzTnNKUkYxR
nJKUkpSSlJKUUoxRjFCUUIxQjBCMEIwQhBCED4PPjFCUUYwQe44xRRhCCAAIAQgB
CAEIAQgBCAEIAQgBCAEIAQgBCAEIARABCAEIAQgBEAEQAhhCEEEQAQgBCAEIAQAB
CAEIARABIMRjDHwQhBCMUoxShFGEUYxRjFGMUoxShFKEUYRRhFF8UXwQfBF8EXwS
fBF8EXPQa9Bz0HQQdBBr0GvQa89r0GvQa89jz1uOW45bjlOOW49bTlNOSw1LDVNN
e857znOOa01zjnvPe8+EEIQQc457z4QQhBCEEHvPe8+EEIxRjFGEEIQQhBCMUZSS
lJKMUYxRnNOc05zTlJKMUZSSlJKUkpSRjFGMUYwRjFCMEIwQjBCMD4wPhA+Dz4wQ
lFGMEYPPOYYYghAAEAAIAQgBCAEIAQgBAAEIAQgBCAEIAQgBCAEIAQgBCAEIAQgB
EAEYQRBBCAAIAAgBCAEIAQgBCAEQASjEa017z4QQjFKMUoQRhFGEUYxRjFKMkoRS
fBGEUYRRfFF0EHwQfBB8EXwRfBFz0HPQc9B0EGwPY89jz2PPa89rz2vQY49bj1vP
W49TjluOU45TjksNSw1TTXPOc45rjmtNc457z3vPhBB7z3OOe8+EEIQQhBB7z3vP
hBCMUYxRjFGEEIQQjFGMUZSSjFGMUZzTnNOUkoxRjFGUkpSSlJKMUoxRjFGMUIxQ
jFCMEIwQhA+ED4QPg8+EEJRRjBCDz0GHIIIQARABCAEIAQgBCAEIAQgBCAEIAQgB
CAEIAQgBCAEIAQgBCAEIARABEEEQAQgBCAEIAQgBCAEIAQgBEAEpBGtNe8+EEIxR
jFGMEYQRhFGEUYxSjFKEUYQRhFGEUXwRfBB8EHwRfBF8EXQQc9Bz0HPQc9Br0GPQ
a9Bjz2vQa9Brz2PPW49bjluOW05bjltOU05LDUsNUw1zz2uOa45rTXOOe897z4QQ
e89rjnPPfBCEEIQQe89zjoQQjFGMUYxRhBCEEIySlJKUkoRRjFGUkpSSlJKMUYxR
lJKUkpSSlJKMUYxRjBCMEIwQjBCMD4QPg8+Dz4PPg8+MUYQQg89JyBiCEAEQAQgB
CAEIAQgBCAEIAQgBAAEIAQgBCAEIAQgBCAEIAQgBCAEQARABEAEIAAgACAEIAQgB
CAEIARBCMQVzjXvPhBCMUYxRhBGEEYRRhFGMkYRRhFF8EHwRfFF8EXQRdBB0EHwR
fBF0EGvPa9Br0GvQa9Bj0GPQY89jz2PPY89jz1uPW89bj1uOW45bTlNOSw1LDVMO
c45rjmtNa01zTXvPe8570HvPc45zjnvPhBCEEHvPe8+EEIQQjFGMUYQQhBCMUYxR
jFGEEIxRlJKUkpSSjFGMUZSSlJKUkpSSjFGMUYQQjBCMEIwQg8+Dz4PPg86Dz4PP
jFGEEHvPSkkggxABEAEIAQgBCAEIAQgBCAEIAQgBCAEIAQgBCAEIAQgBCAEIARAB
EAEQAQgBCAAIAQgBCAEIAQgBCAEQQjlGc457z4RRjFGMUYQQhBCEEIRRhFKEUnxR
fBF8EXwRfBFz0HQQdBF8EXwRdBFr0GvQa9Br0GvQa89jz2PPY89j0GPPY89bj1uP
W45bjluOW01TTksNSw1TTXOOc45zTWtNa017z3vPe897z2tNc457z4QQhBB7z3vP
hBCMUYxRhBCEEIQQjFGMUYxRhBCEEJSSlJKUkoxRhBCUkpSSlJKUkoxRjBCEEIQQ
hBCEEIPPg8+Dz4PPg8+Dz4xRhBB7zlJJIMMQAQgBCAAIAQgBCAEIAQgBCAEIAQgB
CAEIAQgBCAEIAQgBCAEQARABEAEQAQgBCAEIAQgBCAEIAQgBEEJBx3OOe8+EEIxR
jFGEEIQQhBCEEYRRhFF8UXwQfFF8EXQQc9Bz0HwQfBF8EXQRa9Br0GvQa9Bj0GOP
Y49jz2PPY9Bj0GOPW45bj1tOU45bjlNOU05LDUsNU01zjnOOa05jTWtNc897z3vP
e89zTXOOe897z4QPe897zoQQhBCEUIQQe897z4xRjFGMUYQQhBCMUZSSlJKMUYQQ
lJKUkpSSjFGMUYxRhBCMUIQQhA+ED4PPe8+Dj4OPg8+MUYQQe89ayyjEGAEQAQgA
CAEIAQgBCAEIAQgBCAEIAQgBCAEIAQgBCAEIAQgBCAEQARABEAEIAQgBCAEIAQgB
CAEIARhCSchzjnvPhBGMUYRRfBB8EHwQhBCEUYRRfFF0EXxRfBF8EXPQc9Bz0HwR
dBF0EGvPa9Br0GvQY5Bjj2OPY89jz2PPY89bjlOOW45bTltOW05TTVNNSw1LDUsN
c45zjmuOY01jTXOPe897z3vPa01rjXvPfA+EEHvPc857z4QQhBCEEHvPe8+MUYxR
jFGEEIQQjFGUkpSSjFGMUZSSlJKUkoxRjFGEEIPQjBCED4QPg8+DzoPPg857znvO
jBCEEHvPawwoxBABCAAIAQgBCAEIAQABCAEIAQgBCAEIAQgBCAEIAQgBCAEIARAB
EAEQAQgBCAEIAQgBCAEIAQgBCAEYQlJJc45zjoQQhBGEUXwRfBB8EHxRhFF8UHwQ
fBB8EHwQc9Bz0HPQdBF8EXQRc9Br0GvQa9Br0GPPY49jj2PPY89jz2PPW45bjluP
W49bjlOOU05LTksMSw1TDXOOa45rTWtNa01zjnvPe897z2tNc457z3vPhBB7z3OO
e8+EEIQQhBCDz3vPhBCMUYxRhBCEEIxRlJKUkoxRhFGUkpSSjJKMUYxRhBCEEIQQ
g9CDz3vPe457znvOe857zoQPhBB7znNNKQQIAQgBCAEIAQgBCAEIAQgBCAEIAQgB
CAEIAQgBCAEIAQgBCAEIAQgBCAEIAQgBAAEIAQgBCAEIAQgBGIJainOOc46EEIRR
hBF8EHwQhBF8EIRRfBF8EHQQfBF8EXPQc89zz3PQdBB0EGvQa89r0GvQa9Bjj2OP
Y49jj2PPY89bz1uPU05bjltOU05TTlNOU05LDUtNUw1rjWuNY01jTGNMa45zznPO
c89rTWtNc897z3vPc45zjnvPhBCEEIQQe897z4QQjFGMUYQQhBCMkoySjJKEUYRR
lJKUkoxRjFGEEIQQe8+EEHvPg897j3vOe857jnuOe86Dz4QPe457jjFFEEEIAAgB
CAEIAQgBCAEIAQgBCAEIAQgBCAEIAQgBCAEIAQgBCAEIAQgBCAEIAQgBCAEIAQgB
CAEIASCDWstzTmuOfBB8EXwQc898EHwQfBB8EHwQfBBz0HwRfBF0EHPQc9Bz0HQQ
dBFsEGOPY89rz2vQY49jj2OPY49jj2PPY49bjlNOW49TjlOOU05TTVNNSwxLTUsN
c41zjWtNYwxjDGuOc45zz3POa01rTXOOe897z3OOa057z4QQhBCEEHvPe8+EEIxR
jFGEEIQQjJGMkoySjFGEEIxRlJKMUYxRjFGEEHvPhA+ED3vPe857znuOe457jnuO
e8+EEHOOc445xhBBCAEIAQgBCAEIAQgBCAEIAQgBCAEIAQgBCAEIAQgBCAEIAQgB
CAEIAQgBCAEIAQgBCAEIAQgBCAEgxGMMa01rjXwQfBF8EHPPc890EHwQfBF8EXPQ
c898EHQQc89rz2vPbBB0EHQQbBBjj2vQa9Br0GPPY49jj2OPY49jj2OPW05bTltO
U05TTlNOSw1TDkrMSw1LDWtNa01jTWMMYwxzjnOOc89zjmNMa01zjnvPe89zjmtN
c898EHwQfBB7z3OOhBCEEIxRhBB7z4xRjFGMUYQQhBCMUYxRjFGMUYxRhBB7z4QQ
hBB7z3vPe497jnuOe457jnuPhA9zjXOOSggQQQgACAAIAQgBCAEIAQgBCAEIAQgB
CAEIAQgBCAEIAQgBCAEIARABEAEQAAgBCAEIAQgBCAEIAQgBKQVjTWuOY018D3wQ
fBBzz3PPdA98EHwQfBB70HPPdBB0EGvPa89rz3PQbBBr0GvPY49rz2vPa9Bjj2OP
Y49jj2OPY49jj1uPU05bj1tOU05TTktNS01DDEtNSw1rTWtNYwxjDGMMc41zjnOO
c45jTGtNc457z3vPc45rTXuOe897z3vPe89zjoQQhBCEEHvPe8+MUYxRjFGEEHwQ
jJGMUYxRjFCEEIQQe8+EEIQPe89zjnOOc45zjXuNe457jovPc01zTVJKEEIIAQgB
CAEIAQgBCAEIAQgBCAEIAQgBCAEIAQgBCAEIAQgBCAEIAQgBCAEIAQABCAEIAQgB
CAEIATmGY01rjWtNe898EHwQc9Bzz3QQdBB8EXQQc89rj3QQc9Brz2vPa890D3QQ
dBBrz2OOa89jz2vPW45bjluPY49jj2OPW49bTlNOU05TTlNOU05LTUtNSwxLDUsN
a01rTWsMYwxjDHONc45zjnOOawxjDHOOc897z3OOa01zjnvPe897z3uOc46EEIQQ
hBB7z3vPjFGMUYxRhBB8D4xRjFGMUYQQhBB7z3vPe897z3vPc45zjnOOc41zjnOO
c46Dz3NNc01iyxiCCAEIAQgBCAEIAQgBCAEIAQgBCAEIAQgBCAEIAQgBCAEIAQgB
CAEIAQgBCAEIAQgBCAEIAQgBEAFByGtNY01jTXQQfBB8EHPPc9Bz0HQQfBB0EGvQ
a49z0HPQa49rj2uPa9BsEGwQa9Bjj2PPY89jz1uOW45bjluPW49bj1uPU05TTlNO
U05TTlNNS01LDUMMSwxLDGtNY01jDFrLWwxrTWtNc45zjmtNa01zjnOOc45zjmtN
c457z3vPe89zjmuOfBCEEIQQe897z4xRjFGMUYQQe8+MUYxRjFGMUYQQe897z3vP
e897z3OOa41zjnOOc45zjnOOe89rTWtNaw0gwwgBCAEIAQgBCAEIAQgBCAEIAQgB
CAEIAQgBCAEIAQgBCAEIAQgBCAEIAQgBCAEIAQgBCAEIARBBUoljTGNMY0xzz3PP
c89rj2vPc89zz3QQdBBrz2PPa9Brz2OPY45jj2vQa9Br0GOPW49jz2PPY89bjluO
W45bz2OPW49bT1NOS01TjlNOU05TTksOSw1DDEsNSwxrTWNNYwxay1rLa01rjWuO
a45jDGMMa01zjnOOa01jDHOOe897z3vPc85zjYQPhBCEEHvPe46EEIRRjFGEEIPP
jFGMUYxRjFGEEHvPc457znvOe85zjnONc41zTXONc41rjXPOY0xjDGsNKQQQAQgB
CAEIAQgBCAEIAQgBCAEIAQgBCAEIAQgBCAEIAQgBCAEIAQgBCAEIAQgBCAEIAQgB
CAEQQlrLYwxjDGMMc890EHQPa45rznPPc890EHPQa49rj2vPa89jjmOOY49jz2vQ
a9Bjj1uOY49jj2OPW05bTluPW49bj1uPW09TTlNNU45TTVNOSw1LDUsNQsxLDUrM
a01jDGMMWstay2NNa41rjWuNWwxbC2tNc45zjmtNYw1rjnPPe89zz3OOa418D3wP
hBB7z3OOhBCEEIxRhBCEEIxRjFGMUYxRhBB7z3OOe89zjnOOc45zjnONc01zTXON
c41zjWtMYwxjTDGGEEEIAQgBCAEIAQgBCAEIAQgBCAEIAQgBCAEIAQgBCAEIAQgB
CAEIAQgBCAEIAQgBCAEIAQgBGINjDGMMWwxbDGvPdA9zz2uOa49zj3PPc89rz2uO
Y45rz2PPY45jjmOOa89r0GvQY49bTmOPY49jj1tOW05bjluPW49bj1NPU05LTVOO
U01TTksOSw1LDUMMSw1KzGMMYwxbDFrLWwprTGuNa01rTWMMYwxrTXOOc45rjWMM
a41zznPOc89rjmuNe897z3wQe89zjoQQjBCMUHwQe8+MUYxRjFGEUIQQe89zjnOO
c45zjmtNa01rTWtNa01zTWtNc41jC1rLYwxCCBBBCAEIAQgBCAEIAQgBCAEIAQgB
CAEIAQgBCAEIAQgBCAEIAQgBCAEIAQgBCAEIAQgBCAEIASlFYsxbC1rLWstzjnPO
c89rjmuOa85zz3PPc89jjmOOY89rz2OOW45jjmvPa9Brz2OPW05jj2OPY49TTlNO
U05bj1uPW49Tj0tOU05TjlNOU05LTUsNSwxCy0MMSsxjDGLMWsxay1LLY01jTWNN
a01bDFrLY01rTWuOa01jDGtNc45zjnOOa01jTXPOe8+ED3POa458EIQRhBF70HvP
hFGMUYxRhBCEEHvPc45zjnOOc45rTmtNa01rTWtNa01rTWtNYstaymLLUkoQQggB
CAEIAQgBCAEIAQgBCAEIAQgBCAEIAQgBCAEIAQgBCAEIAQgBCAEIAQgBCAEIAQgB
CAFCCFsLWwtSylLKc45zznPOY41jjmPOa85rz2vPY45jjmPPY89bTlNOW49jj2PP
Y89bjlNNW49bjluOU01TjlNOU45TjlOOU45TTUtNU05LDksOSw1LDUsNQsxLDULM
WwtbC1MLUstSimMMY0xjTWNNWwxay2MMa01rTWMMWwtrTXOOc45zjmtNa01zj3vP
e89zjmtNfA98EIQQe89zjoQQhBCEEIQQe89zzmuOc89zjnOOa01rTWtNYwxrTWtN
a01rTVrLUopay1rLGIMIAQgBCAEIAQgBCAEIAQgBCAEIAQgBCAEIAQgBCAEIAQgB
CAEIAQgBCAEIAQgBCAEIARBBWstbC1LKSopSimuOa49rjmNNY01jjmuOa49jjltO
W05jjmOOW01bTVtOY49jkGOPW05TTVuPW49bjlNOU05TTltOU05TTlNOS01LTUtO
Sw1LDUsMQwxDDULMQsxCzGMLWstaylKKUopjDGMMYwxjDFrLWspjDGtNa01rDFrL
awxrjmuOa45rjWNMc457znvPc45rjnwQhBCEEHvPc46EEIQQhBB7z3PPc45rjnOO
c45zTWtNa01jDGMMa01rTWtNYwxSilKJWspayjGGCAEIAQgBCAEIAQgBCAEIAQgB
CAEIAQgBCAEIAQgBCAEIAQgBCAEIAQgBCAEIAQgBCAEgxGLMWspaykJJSoljjWuO
a45jTWONY41jjmuOY45bTVtNW05bjlNNU01bTmOPY49jj1tOUw5bTltOW05TDVMN
W05TTVNNU01LTUMMSw1LDUsNSw1DDELMQsxCy0LMQotay1rLWopSilJJWstjDGMM
YwxSilKKYwxjTWNNY0xay2MMa01rTWuNY01bDGuOc89zzmuOY01zz3vQe9Bzz2uO
e898EHwQfBBzz3PPa45zjnOOc45rTWtNa01rTWtNa01rTWtNUopKSFLKWopKCQhB
CAEIAQgBCAEIAQgBCAEIAQgBCAEIAQgBCAEIAQgBCAEIAQgBCAEIAQgBCAEIAQgB
OYdizFKKUopCCEqJY01jjmNNWwxbTFtNY45jjmOOW01bTWOOW01TDFMMU01bjluO
U45TTUsNW05TTVMNSwxLDFNNS01LTUtNSwxCzELMSwxCzErMQoxCzEKLQotCi0KK
WspaylKKUopSiVrLWwtjDGMMUspSilrLYwxrDGMLWopbC2tNa01rTWNMWwtrjWuO
c85rTWsMc457z3vPc45rTXPPe897z3vPc45zjmtNc41zjWtNYwxjDGMMYwxjDGtN
YwxjDFKKQghSiVKKWoogwwgBCAEIAQgBCAEIAQgBCAEIAQgBCAEIAQgBCAEIAQgB
CAEIAQgBCAEIAQgBCAEQQlKKWotSSkpJOcdKiltNY01bTVMMUwxbDFtNW01bDVLM
UwxTTVMMSstKy1MMU01TTUsNSwxDC1NMUwxLDErMSsxKzEsMSwxCzELMQspCy0LL
QstCizqLOoo6ijpKOko6SlKKUopKSkpJQglaylrKWstay0pKUopay2MMYwxbC1KK
WstjDGMMYwxbC1rLa01rjmtNa01jDHOOc457jmtNY01zz3PPc89zj3OOa01rDGtN
a01jDFrMYwxjDGMMYwxrTWMMYwxSijmGUkhSSVJKOYYIAQgBCAEIAQgBCAEIAQgB
CAEIAQgBCAEIAQgBCAEIAQgBCAEIAQgBCAEIARABKQVai1JKSglKCDGGSklbC1sM
WwtSy1LLUwxbDFsMUwtSy1LLUwtKy0KKQopKy0sMUwxLDELLQstKzErLSstCikKK
QotCi0KLQotCSzpKQkpCSjpJOkk6CToJOgk6CTpJMghKiUpJSklCCEIISklSilKK
UopKSUoIUopaylrKWspKSVKKWstay1rLUopSiWMMa0xjTGMLWsprTHOMa41jTVsM
a45rjmuOa01rTWNMYwtjTGMMYwtay1rLWstay1rLYwxay1rLUooxhkoISkhKSVJJ
EEEIAQgBCAEIAQgBCAEIAQgBCAEIAQgBCAEIAQgBCAEIAQgBCAEIAQgBCAEQAUHG
SgdCB0IHQccxRUpJUstSy1KLSopKilLLUstKy0qLQklKikrKQolCSUJJQopKikqK
SopCiUJJQopCSkJKQkk6STpJOkk6STpJOgg6CDoJOgkyCDIIMgcxxzHHMYcxxzHH
SghCCEIIOgc5x0IISklKSUpJQghCCEIJUolSiVKJQghKSVKKUopSikpKSklSi1rL
WstSilJKYstjC2MLWstSimMMYw1jDFsMYwtay1LKWwtbC1rLUopSilKKUopSiVLJ
WslSiVJJOUVBxkoHSgdKSTFFCAEIAQgBCAEIAQgBCAEIAQgBCAEIAQgBCAEIAQgB
CAEIAQgBCAEIAQgBIMM5hTmFOYU5xTmFMURCCEqJSopCiUJJQolCSUqJSolKSUJI
QkhCSToJOgg6CDoJQklCSUJJOgk6CDpJOgk6CDHIMcgxyDHIMcgxxynHKYcphymH
KYYphimGKYYphiFGIUYhRUHGQcc5hzGGOYZBx0HHQgdCBznHOcdCB0pISkhKCDnH
QgdKSEpISkhCB0IHUklSiVKJSkhCSFKJWopailKJSklSylrLWstay1rKUopSSlJK
UopSikpJSklSSUoJSklSSVJJUklKSDFFOYVBhkHHSghJyBiCCAAIAQgBCAEIAQgB
CAEIAQgBCAEIAQgBCAEIAQgBCAEIAQgBCAEYgjFFMYUxhTFFMUUxRTFFQgdCSEJJ
QghCB0IIQghCCEIIOgc6BzoHOgcxxzHGMcc5xznHOcc5xznHMccxxzHGMcYxhjGG
KYYphimGKYYphilFKUUpRSFFIUUpRSEFIQUhBCEEIQQ5hTGFMUUxBTFFOYVBhTmG
OYYxRjFFOYZBx0HHOYYxRTmGQcdBx0HHQcY5hkHHSghKB0HHQcZKCEoISghKCEIH
SkhKSEpISkhCSEoIQghKCEoIQgdBx0HHQgdBxkHHQgdKB0IHQgcxhTFEOYU5hUHG
QcYxBRBBCAAIAQgBCAEIAQgBCAEIAQgBCAEIAQgBCAEIAQgBCAEIARBCIMMpRDmF
OYUxQzFEMUQxhTnGOcc5xznHMcY5xjnHOcc5xznHMYYxhjGGKUUpRSlFKUUpRSlF
KUUpRSlFKUUpRSlFKUUhBCEEIQQhBCEEIQQhBCEEIQQYwxjDGMMYwxjDEIIYwxjD
MQQpAykDIMMowzEDMQQxRDFEKQQpAykEMUUxRTFEKQQxBDlEOUQ5RDFEMUQ5hTmF
OYUxRDFFOYY5hjmGMYUxhTnFOYU5xTmFOYU5hTmFOYZBhjmGMUU5hTmFOYU5hTmG
OYU5hTGEMUQpAzFEMUU5hjGFMUUgxAhBCAEAAQgBCAEIAQgBCAEIAQgBCAEIAQgB
CAEIAQgBEAEggykDKQMpRDFEKQMxRDFEKUMpRDFFMUUpRSkEKUQxRClEKUQpBCkE
KQQhBCDEIQMhAyEEIQQhAyEDIQMgwyDDIMMYwxjDGMMYwxjCGMMYwxjDGMMYgxiD
GIIYghiCEIIQghCCEIEQgikCIMIowyjCIMIowyjDKQMowyDCKMIowzDDMQMpAyjD
MMMxAzEDMQMxAzEDMQMxAzEDMQMpAzFDMUQxRDFEMQMxRDFEMUQxRDFEMUQxRDFE
MUQxRClEMUQxRDEEMQQ5BDFEMQQxBCkDKQMxAzEDMUQxRDFEKQIggxABCAEIAQgB
CAEIAQgBCAEIAQgBCAEIAQgBCAEQASCCKMMowykDKQMpAykDKQQxBCkDKQMpAzED
KQMpAyEDKQMpAykDKQMowyjDKMMgwyDDIMMgwyDDIMMgwyDDIMMggyDDIMMgwiDC
IMIgwiDCGMIYwhjCGMIYghiBGIIYghiBGIEYgRiBGIEowijCKMIowijCKMIowijC
KMIowijCKMIwwijCKMIowijCKMIwwjDCMMIwwjECMQMxAzEDMQMxAzEDMQMxAzED
MQMxAzEDMQMxAzEDMQMxAzEDMMMwwjDCKMIowijCKMIowijCKMIowijDMQMxAzEC
MQMowyiCIIIYgRBBCAEAAQgBCAEIAQgBCAEIAQgBCAEIARBBGIIowyCCKMMxBDEE
MQQxAzEEMQMwwzDCKMIowikCKMIowikCKQIpAiDCKMMowyjDKMMowijCKMIowijD
KMMgwiDDIMIgwiDDIMIgwiDCIMIgwiDCIIIggiCCGIIYghiCGIIYghiBGIEYgRiB
KMIowijCKMIowijCKMIowijCKMIowijCKMIowijCKMIowijCKMIowijCKMIowjDC
MMIxAjECMQIxAjECMQIxAzEDKQMxAzECMQIxAzEDMQMwwyjDKMIowijCMMIowijC
KMIowijCKMIowzEDMQMxAzEDKMIowjDDKMIgwhiCCEEIAQgBCAEIAQgBCAEIAQgB
GIIgwyDCKMMggyjEMQQ5RTkEMQMxAzEDMQIwwjECMQIowijCKMIpAikCKQMowyjD
KMMowyjDKMMowijCKMMowyjDKMMowyDDIMMgwyDDIMMgwyDCIMIgwiDCGMIYghiC
GIIYghiCGIIYgRiBGIEYgSiCKIIowiCCIIIggiDCIMIowijCKMIowijCKMIwwijC
KMIowijCKMIowijCKMIowijCMMIwwjECMQIxAjEDMQMxAzECMQIxAjECMQIxAjEC
MQMxAzEDMQIxAjDCMMIwwTDCKMIowijCKMIowzEDKMMwwyjDMQQxAyjDKMMpAylE
IQQgwxCCEIIYghiCIIMgwykDKQMpAykDIMMwwzlFQYYxBDEDMQMxAjECMQIpAikC
KQIpAikCKQIpAikCKQMpAyjDKMMowyjDKMMowyjDKMMowiDCKMIgwiDCIMIgwiDC
GMIgwiDCIMIgwiDCIMIggiCCIIIgghiCGIIYghiCGIEowSjBIMEgwSDBKMIowijC
KMIowjDCKMIowijCKMIowijCKMEowijCKMIowijCMMIowijCKMIowijCMQIxAjEC
MQMxAzEDKQMxAzEDMQIxAzEDMQIowjDCMMIwwjDCKMIowijCKMIgwijCKMIxAzDD
KMIpAykDMUUxRSkEKQQowyjDKMMpAykDKQMpAyDDIMMhAykEKQQpBCjDKQMpBDEE
MQQxAzEDMQIxAjECMQIxAjECMQIpAikCKQMpAykDKQMpAyjDKMMowyjDKMMowyjD
KMMowiDCIMIgwiDCIMIgwyDDIMIgwhjCIMIgwiDCIIIgghiCGIIYghiCGIIYghhC
KIIogiCBIIIogiCBKIIogiCBIMIgwiDBIMIgwiDCKMIowijCKMIowijCKMIowijC
KMIowijCKMMowyjDMMMwwzDDMMMxAzDDMMMowjDCMMMowyjDKMMowijCKMIowijB
KMIowijCIIIogijCMQIowyjDKMMowijDIMIggSCBIIIowzEEMUQxRCkEKQQgwyDD
IMMhBCkEKQQpBCkEIQQhAykEKQMpAzEDMQIxAjECMQIxAjECMQIxAjEDMQMpAykD
KQMpAykDKQMpAykDKMMowyjDIMIgwiDCIMIgwiDCIMIgwiDCIMIgwSDCIIIggyCC
GIIYghiCGIIYghiCGIIYgSiCKIIogiiCKIIowijCKMIgwiDCIMIowijDKMIowijC
KMIowijCKMIowijCKMIowijCKMIowijCKMIowijCKMIwwjECMQMwwzDDMMMwwzDC
KMIowijBKMIowijCKMIowijCKMIowiDCIIIgwijDKMIowiDCIIIYghiBGIEYgSDC
KQMpAzFEMUQpRClDIQMgwiDDKMMowyjDKQQpBCkEKQQpAzEDKQMpAykCKQIpAikC
KQIpAikCKQIpAikCKQMpAikCKQIpAikCKMIowykDKQMowyDDIMMgwyDDIMMgwiDC
IMIgwiDCIMIgwiDBIIIYghiCGIIYghiCGIIYghiBGIEogiiCKIIogiiBKIIowiiC
MIIowijCIMIowyjCKMIowijCKMIowijCKMIowijDKMIowijCKMIowijCKMIowijC
KMIowijCKMIowijCKMIowijCKMIowijCKMIowijCKMIowijCKMIogiCCIIIowyjD
KMMgghiCGIEYQRhBGEEowijDKMIowykDKMMpAykDIMIYwhjCIMMgwykEMQQpRSlE
KQQpAykDKMMowyjDKMIowijCKMIpAikCKMIowijCKMIowijCKMIgwiDDIMMowyjD
IMIgwiDCIMIgwiDCIIIggiCCIMIgwiDCIIIggiCCIIIYghiCGIEYgRiBGIEYgRiB
IIEggiCCKIIggiCCKMIowijCKMIowijBKMIowijBKMEowijCKMIowijCKMIowijD
KMIowijDKMIgwiCCIIIowijCKMIowijCKMIowijCKMIowijCKMIgwijCKMIowijC
KMIowijCKMEowijCKMIowijCIIIgghiBGEEYQRhBGIIgwyDDIMMgwyDDIMMgwhjC
GIIYgyCDIMMpBCkEKQUpBCkDKMMowijDKMIowijCKMIowijCKMIowijCKMIowiDC
KMIowijCKMIgwyDDIMIgwyDCIMIgwiDCIMIgwiDCIIIggiCCIIIYghiCGIIYghiC
GIIYghiCGIIYgRiBGIIYgSiCIIIogiiCKIEogSiBKIEggSCBIIEggSCCIMIgwiDC
IMIgwijCKMIowijCKMIwwijCKMIowiCCIIIggiiCKMIowijCKMIowijCKMIowijC
KMIowjDCKMIowijCKMIowiiCKMIowijBKMEowSjBKMIowiDCIIIYgRhBGEEYQRBA
GIAYgRiBGIEYghiBGIIYghiCGIIggyDDKQQpBCkEKQMpAyjCKMIowijCKMIowijC
KMIowijCKMIowijCKMIowijCKMMowijCKMIowiDCIMIgwiDCIMIgwhjCIMIgwiDC
IIIgwhiCGIIYghiCGIIYgRiCGIEYgRiBGIEYgRiBEIEggiCCKIIggiiCIIEggSCB
IIIggiCCIIIggiCCIMIgwiDCIMIgwiDCIMIowijCKMIowijCIMIgwiDCIMIgwyDC
KMIowijCKMIowijCKMIowijBKMIowjDCKMIowijCKMIowijCKMIgwiDBIMIgwiCC
IIIYgiCCIIIYgRiCEEEQQBAAEAAQABABEEEQQRBBGEEYghiCGMMhBCEEKQQpBCkE
IMMggiCCIIIgwiDCIMIgwiDCKMIowijCKMIowijCKMIowijCKMIowijCKMIowijC
KMIgwiDCIMEgwiDCIMIgwiDCIMIggiDCIMIYghiCGIIYghiCEIIYghiCGIEQQRBB
IIEggSiBKIEogSiBKIEggiCBIIEggSCBIIEogiCCIMIgwiDCIMIgwiDCIMIowijC
KMIowijCKMIowijCKMIowiDCKMIowijCKMIowijCKMIowijCKMIowiiCKMIowijC
KMIogijCKMIowijCKIIggSCBGIEYgRiBGIEQQRBBEEEQQRBBEAAQARABEAEQARBB
GIIYwyDDIMMgwykDIMMgwiDBIMEgwijCKMIowijCKMIowijCKMIowijCKMIxAykD
KQIpAijCKMIowijCKMIowiDCIMIgwiDCIMIgwiDCIMIgwhjCIMIgwiDCIIIYghiC
GIIYghiCGIIYgRiBEEEQQSCBIIEggSCBIIEggSCBIIEggSCBIIEggSCBIIEggSCB
IIEggiCCKIIowijCKMIowijCKQIowijCKMIowijCKMMowijCKMIowijCKQIowijC
KMIowijCKMIowijCKMIowijCKMIowSDCIIIogSCBIIEggSCAGIEYgRhBEEEYQhBB
EEEQQQhAEEEQgRBBEIEQQRiBGIIggiDDIMMgwxjCGIEggSCCIMIgwijCKMIowijC
KMIowijCKMIpAikCKQIpAijCKMIowijCKMIowijCKMIowiiCIMIgwiDCIMIYwiDC
IMIgwSDCIMIYwhiCGIIYghiCGIIYQhiCGIIYghhBEEEggSCBIIEggSCBIIEggSCB
IIEggSCBIIEggSCBIIEggSCBIIEowSjCKMIowijCKMMowijCKMIowijCKMIowijC
KMIowijCIMIowijCKMIowijCKMIowijCIMIowijCKMIgwiDCIIIggSCBIIEggSCB
IIEYgBhAGEAYQRBAEEAQQRBBEEEQQRBBEEEQQRBBEIEQQRhBGEEggiCCGIIYgRiB
IIEowijCKMMowijCKMIowijCKQIpAikCKMIowikCKMIowijCKMIowijCIMIgwiDC
IMIgwiDCIMIgwSDCIMIgwiDCIMIgghiCGIIYghiCGEEYgRiBGIEYgRCBGIEYgRiB
GIIggiCCIMIggiCCIIIggSCBIIEggSCBIIEogSCBIIEggiiCKMIowijCKMIowjDC
KMIowijCKMIowjDCKMIowijCKMIowijCKMIowijCKMIowijCKMIowijCKMIgwiDC
IMEggSCBIIEggRiBIEEYgRiBGEEYQRhBGIEQQRBBEEAQQBBAEEAQQBBBEEEQQRiB
GIEggSCCIIEYgRiBIIEgwSDBIMEowijCKMIowijCKMIowyjCKMIowijCKMIowijC
KMIgwiDCIMIgwiDCIMIgwhjCIMIgwhiCGIIYghiCGIIYghiCGIIYghiCGIIYghiC
GIIYghiCGIIYghhBGIEYgSCBIIEggiCBIIIggSCBIIEggSCCIIEggSiCKIIowijC
KMIowijCKMIowijCKMIowijCKMIowiDCKMIowijCKMIowijCKMIowijCKMIowijC
KMIgwijCKMIowijCIMIgwiDCIIIggSCBIIEggRhBGEEYQRhAGEAYQBhAGEAYQBhA
IEAYQRiBGIAYgRiBGIEYgSCBGIEYQRiBGIEggSDBIMEowSDCIMIgwijCKMIowijC
KMIowijCIMIpAyjDIMIgwiDCIMIYwiDCIMIgwiDCIIIggiCBIIIggiCCIIIgghiC
GIIYghiCGIIggiCCGIIYghiCGIIQghiBGIEggRiBGIE=
END m9
frame    11 :  a glass with tea +0.24  an empty glass +0.17   led   7/156 h0.20 lvl+0.21   -
frame    12 :  a glass with tea +0.32  an empty glass +0.28   led  13/133 h0.26 lvl+0.30   -

snapshot  : frame 13, mean RGB 111 108 108
BEGIN m9 128 128 32768 17559d58
UkhCB1rJa0trS2tLYwtbCnONfA+EUIQPc457zoxRjFGUkYxQjFCMkZSSlNKc05zT
nNOckpSSjJGdE50TnROU0pTSnROlFKUUpRSc05TSnRSlVKVUnNOU050UpVWlVaVV
pVWdE6VVpVWtVaVVnRSlVKVVrVWtVa1VpVWlFJ0UpVWtVa1VrVWlFKUUpVSlVa2W
rVadFKUUpRSlVaVVpVWdFZTUpRWlVaVVnRSdFJ0UnRSdFJUUjNOVFJUUlRSVFJUU
lROM0ozTjNOM04yTjJOMkoySjNKM0ozSjNKEknxRfFF8UYRRfFF8UXQQdFB8UXQQ
dBBrz2vPdA90D3QPa85jjVJIQgdaymtLa0trS2NLWwpzjXwPhFB8D3OOe86MUYxS
lJKMUYRRjJKU0pzSnNOc05zTlNOUkoyRnROdE6UTlNKU0p0TnRSlFJ0UnNSU0qUU
pRSlFJzTnNOdFKVVpVWlVaUUnNOlVa1VrVWtVZ0TpRStVa1VrVWtVaVVpRWlFK1V
rVWtVq1VpRSlFK1UpVWtVq1VpRSlFKVVpVWllaVVnRSdFJ1UnVWlVZ0UlRSdFJ0V
nVWVFIzTlRSVFJ0UlRSVFJTTjNOU05TTjNOM0oySjNKMkoySjNKM0oySjJKEUoRR
hFKEUYRRfFF0EHwRfFF0EHQQa89rz3QQdBB0D2vOY45SSUIHWslrC2tLYwtrC1rK
c46ED4RPhBB7z3vPjJGUUZSSjFGMUYyRlJKc0pzTnNOc05TSlJKMkZ0UnRSdFJTT
lNOdE6UUpRSlFJzTlNKdFKUUpVSc05zTpRSlVaVVrVWlFJ0TpVWtVa1VpVSdFKVV
rVWtVa1VrVWtFaUUpRSlVa1VrVWtVaUUpRSlFaVVrZatVqUUpRSlFaVVpVWlVZ0U
lRSdVZ1VpVWdFJUUnRSdVJ1UlROU050UnRSdFJ0UlRSU1IzTjRSM04zTjJOMkoyS
jJKMkoySjJOMkoSShJF8UYRRhFJ8UXxRdBB0EHxQdBB0EGvPa890EHQQdA9rzmOO
UkhKBlrJa0trS2NMYwtaynONg8+EEIQPc45zjoxRlJGUkoxRjFGUkZSSnNOc05zT
nNOc0pSSjJGdE50TnRSU0pTTnROlFKUUpRSc05zTpRSlFKUUnNOc06UUrRWtVa1V
pVSdE6VVrVWtVaVUnRSlVK1VrVWtVa1VpRWlFKTUrVWtVa1VrVWlFaUVpRWlVa1W
rValFKUUpVWlVaVVpVWdFJ0UnVSlVZ1VlRSU1J0UnRWdFZ0UlNOdFJ0UnRSdFJ0U
lNSM05TTlNOM04zTjJOM04yTjJOM04zTjJOEkoSRhFGEUYSSfFF8UXQQdBF8UXQQ
dBBrz3PPdBBsD2vOY85jjVJISgdaiWsLa0trS2NLWwprjYQPhE+ED3POe86MUYxR
lJKMUYQQlJGUkpzSnNOc05TTlNOMkoySnROdFJ0UlNOU050TpRSlFKUUnNOU0qUU
pRSlFJzTnNOlFK1UrVWtVaUUnNOtVa1VrVWlVaUUpVStVa1VrVWtVaVVpVSlFK2V
rVWtVa1VpRSlFKUVpVWtlqVWpRSlFaVVpVWlVaVVnRSdFJ1VpVWlVZ0UnROdFZ0V
nRWVFJTUlRSdFJ0UnRSVFJTTlNOU05TTjNOM04ySjNOEkozSjNOM04zThJKEUYRR
hJGEUnxRfFB0D3QQfFB0EHQQa89rz3QQdA9rz2PPY45aiEIHWsprS2tLa0xrS1sK
c42ED4RPhFB7znvOjJCMkZSRjFGMUYyRlJKc0pzTnNOc05TTlJKMkp0UnROdFJTT
lNOdFJ1UpRSlFJzTlNOlFKUUpVWc05zTpRStVK1VrVWtFJzTpVWtla2VpVWdFKVU
rVWtVa1VrVWlVaUVpRStVq1VrVWtVqUVpRWlFaVVrVWlVp0UpRWlVa1VrVWlVaUU
nNSdFKVVpVWdFJ0TpRWdVZ0VlRSU1JUUnRWdFJ0UlRSVE4zTjRSU05TTjJOMk4zT
jNKMkozSjJKMkoyShJKEUYRRhFF8UXxRdBB0UHxRdBB0EGvPa89r0GwPa89jjmON
WolSR1qJc0xzS2tMa0tjC3PNhA+EUIQPe857zoxQlJGUkoxRhBCMUZSSnNOc05zT
nNOU0pTSlJGdE50TnRSU05TTnROlFKUVpRSc05TTpVSlVKVVnNOc06UUrVWtVa1V
rRSlE61VrZWtlaVVnRSlFa1VrVWtVa1VpVWlFKUUrVWtVa1VrVWlVKUUpVWlVa2V
rVWlFKUUpVWtVa1VpVWlFJ0UpRWlVaVVnRSU1J0VnRWdFZUUlNSVFJ0UnRSdFJzT
lNOU05TTlNOU04yTjNKM04zTjNKM04zSjJKMkoSShFGEUoSSfFF8UXQQfFB8UHwQ
dBBrz2vQdBB0D3PPa45jjVqJSkdaiWtLc0xrTGtLYwtzjYQPjE+EEHvOe86MUZSR
lJKMUYwQjJGU0pzTnNOc05zTnNKUkpSSpRSlFKUUnNOc050UpVSlVKUUpROc06UV
pVWlVZ0TnNOlFK1VrVWlVaUUnROtVa1VrVWtVaUUpVWtla2VrZWtVaVVpRSdFK1V
rVWtVa2VpVSlVKVVrVWtVq1WpRWlFa1VrVatVq1VpRSdFKVVpVWlVZ0UnRSdFKUU
pRSdE5zTnRSdFJ0VnRSVFJTUjNOM05TTjNOM04zTjNKM0ozSjNOM04zTjJKEkoRR
hJKEkYRRfFF0EHwRfFB0EHQQa89z0HPQc9Brz2uOY41ayVJIWsprjGtMc01rDGML
c42ED4RPhE97znvOjFCUkZSSjFGMUZSSnNOc05zTnNOc05zSlNKUkp0UpRSlFJzT
nNOdFKVUpVSlFJ0TnNOtVKVUrVSc05zTpRStVa1VrVWlFJ0UrVWtVa1VrVWlFKUV
rVWtVa1WrValVaVUpRStVa1VrVWtlaVUpVSlVaVVrZatVqUUpRStVa1WrVWtVaUU
pRSlFK1VpVWdFJTUnRWdFaUVnRSU050UnRSdFJ0VlNSU1IzTlNOU05TTjNKM0ozT
jJKM04zTjNOEk4SShJKEUYSShJJ8UXxRdBB0UHxRdBB0EGvPa890D2vPa89jjmOO
YspSSFrKc4xzjHOMa0xjC3ONhA+ED4QPe857zoyRlJGU0oxRjFGUkpTTnROdE50T
nROc05SSlJKk1KUUpRSc05zTnRSlVKUUpRSdFJzTpRSlVK1VnROc06UUrVWtVa1V
pRSlFK1VrVWtVq1VpRStFa1VrVWtlq2VrVWlFKUUrVWtVa1VrZalVaVUpVWtVa2W
rVWlFKVVpVWtVa2WrVWlFKUUpRStVaVVnRSc1J0UpVWlVZ0UlNSdFJ0UnRSVFJUT
lRSU05UUlROU04zSjNOM04TTjNOM04zTjNOMkoRRhFGEUYRSfFF8UXQQfFF8UXQQ
dBBrz3PPdA9sD2vOY85jjmMLUkliynONc41zjXONa0xzjYQPhBCEEHvPc8+MUZSS
lJKMUoxRlJKU0pzTnNOdE50TlNOU0pSSnRSlFKUUnNOc06UTpVSlFKVUnRSc06VV
pVWtVZ0UnROlFK1VrVWtVaUUpRStVa1VtZatVaUUpRStVa1VtZatlq1VrVWlFLVV
rVW1Va2WrVWtVa1VrZatlq2WpVSlVaVVrVWtla1VpRSlFKVVpVWlVZ0UnRSlFKVV
pVWdFJUTnRSdFJ0UlRSVFJUUjNOVFJTUlNOU04zTjNOE04zTjNOM04TThJOEUoRR
hFKEUnxRfFF0EHxRfFB0EHQQa89r0HQQdBBrz2OOW01rC1pJYspzjHONc4xzjGtM
e82ED4QQhBB7z3vPjFGUkZSSjFGEUYySlNOc05zTnROc05TTlNOUkqUUpRSlFJzT
nNOlFKVUpVWlVJ0UnNOlFK1VrVWdFJzTpRStVa1VrVWlFKUUrVW1VbWWrVWlFKUU
rVW1lrWWrZatlaVVpRStVa2VrZatlqVVpVWtVa2VrZatlqUUpVWtVa1VrZWlVaVU
pRSlVaVVpVWdFJzTpRSlVKVUnRSdE50UnRSdFJ0UnRSVFJTTlNSU05TTjNKM04zT
jNKM0ozTjNOE04SShFGEUYRRhJGEUXwQdA98EHxQdBB0D2vPa9B0D3QQa89jzluO
awtaiWMLc41zjXONc01rTHONhA+ET4RQfA97zoxQlJGUkYxRjFCUkZzSnROdE50T
nROc0pSSlJKk1KUUpRSc05zTpRStVa1VpVSdFJzTrVWtVa1VnRSdFKUUrVWtVa1V
pVSlFK1VrZa1lq1VpRStVbWVtZa1lrWWrZWlVaUUrVWtlq2WtZatVaVVrVWtVa2V
rVWlVKVUpVWtVa2VpVWlFKUUpRStVa1VnRSc06UUpVWlVZ0UlRSdFJ1UnRSdFJUU
lNOM05TTlNOU05TTjNOM04zTjNKM0ozTjNOMkoRSfFGEUoRSfFF8UXQQdFF8UHRQ
dBBrz3PQdBBsD2POY85bjWtMWslrC3uNe41zjXONa0xzjoQQhBCMUHvPe86MUZSR
lJKMUYxQlJGc0p0TnROdE5zTnNOUkpSSpROlFKUUnNOc06UUrVWtVaUUpRSc06UU
rVWtVaUUnRSlVK1VrVWtVa1VpRStlrWWtZatVaUUrVW1lrWWtZa1lq2VpVWlFK2V
rZatlrWWrVWtVa1VrVWtla1VpRSlVa1VrVWtla1VpVSlFK1UrVWtVaUUnRSdFaVV
pVWdFJ0TnRSlVJ0UnRSdFJUTjNOU05TTlNOU04zTjNOE04zTjNOM04zThJKEUoRR
hFGEUYRQfBF0EHwQfFF0EHQQa890EHQQdA9rz2POY41rTVrKYwt7zXvOe857zmuN
c86EEIxRjFCED3vOjJGUkpSSjJKMUZSSnNOdE50TnROdE5TTlNKUkqUUpRSlFJzT
nNOlFKVVpVWlVaUUnRSlVa1VrVWc1JzTpRStVa1VrVWtVaUUrVWtVbWWrVWlFK1V
rVW1lrWWrZatVa0UpRStVa1VrRStVaUUpRSlFKUUrVWlVJ0UnRSlVKVVrVWtVaUU
pRStVaVVpVWdFJ0UpVSlVKVVnRSU1J0UnRSlFJ0VnRSdE5TTlNOU05TTjJOM04zT
jNOM04zTjNOM04SShJKEUYRShJJ8UXxRdBB8UXxRfBB0EGvPa890EGwQa89jjltO
c41jC2tMe857znvOc45zjnPOjFCMUIxRfA97z5SRlJGUkoyRjFGUkpzTpNOc050T
nROU05TSlJKlE6VUpRSc05zTpRStVa1UrVSlE6UTrVWtVa1VpRSlE6UUrVW1lbWV
rVWlFK1VtZa1lq1VpRSlFK1VrVSlFJ0TnNKUkZSQlJCUkZTRlNKU05SSnNKUkZSR
lJGMUIyRlJGUkpSSlNOc050TpVSlVaVVnVWdFKVUpVSlVZ0UlROdFJ0UnRSdFJ0U
lROU05TTlNOU05TTjNOM04yTjNOM1IzThNOEkoSShFGEkYSShFF8EXwQfBF8UXQQ
dBBrz3QQdBBsD2vPY45jjnONawxrTXvPfA98D3vPc457z4RRjFGMUYQQe8+MkpSS
nJKUkoxRlJKc050TpROlE50TnNOc0pTSpRSlFKUUnNOc06UUrVWtVa1VpRSc061V
rVWtVaUUpRSlFLWWtZa1lq1VpRStVbWWrVWlFJzTlJGUUJRQlFCUkZySnNOc06UU
rVW1lrXXvhm+GcYZtde117XXrZatl6VVnNOUkoySjFGMUYyRlNKdFJ0UnRSdVKVV
pVWdFJ0UnRSdFJ0UnRSdFJzUlNOc1JTTlNOM0ozTjJOMkozTjNOM04zTjJKEkYRR
hJKEkoRRfFF0EHxRfFF8EHQQa89sD2wQbA9rz2OOY457zmtMc42ED4QPhA+ED3vP
hA+MUYxRjFGEEHvPlJGUkpTSlJKMUZSSnJKk06UTpROdE50TnNOU0qUUpRSlFJTT
nNOlFK0VrVWlVaUUnNOlVa1VrVWlFJzTpRS1lrWWtZatVaUUrVWlFJzSlJKMUZSS
nNOlFKUUrVWtVa1VpRStVbWWvdfOmc6bzpvO27YYvhm+GL4Yvhi1lq1VrVWlFJ0U
nROc05TSjJGMkpTSnRSlVaVVnRSdFJ0UnRSdFJ0UnRSVE5TTlROVE5TTlNOU05TT
jNOM04zTjNOE04SShFJ8UYRShFGEUXxRdBB8UXxQdBB0EGvPbBBsEGwPa89jzmON
e89rjXOOhBCEEIQQhBB7z4QPjJGMUYyShBCEEJSSlJKUkpSSjFGUkpzSpROlE6UT
pRSc05zSlJKlFKUUpRSc05zTpRSlFa1VrVWlFKUUrVWtVa1VpRSlFKVUtZW1lrWV
rVSc0pTSlJGU0qUTpRSlFK1VrVWtVa1VrVWtVaUUpRW9185Z79/nXudf55/GWs6b
zprW274YrZWtVa1VpRSlFKUUpRSlFJzTlJOMkoySnROlVJ0UnNSdFJ0UnRSdFJ0U
lRSU05TUlNOU05TTlJOM04zTjNOM04zThNOEkoSSfFGEUoRSfFF8UXQQfFB8UXQQ
dBBrz2vPdA9rz2vOY41jjoQPc857zoQQhFCMUIQQhA+EEJSRlJGUkoxRjFCUkpzS
nNKUkoyRlJKc05zTpNOlFKUTnROc05TSpRSlFKUUnNOc06UUpRStVa1VpRSc061V
rVWtVaUUnNOtVbWWtZatVZTSlJGU0pzSpROtVaVUpRStVa1VrVWtVa1VrVWlFKVU
xljXHe/f55/nn+/fvlnG286a3xy+GK2VrVWtVa0UpROlFKUTnRSc05zTlJOMUYRR
lNOdFJUUnRWdFJ0UnRSdFJ0UlNOU1JUTlNOU05TTjNOM04zTjNOM04TThJKEUoRR
hFGEUXxRfFF0EHxRdFF0EGwQa89sD3QPbA9jzmOOY46EEHOPe8+EEYxRjFGMUYQQ
hBCUUZSSlJKMUYQQlJKc0pzTlJKMUZSSnNOdE6UTpRSdFJ0TlNOU0qUUpVSlFZzT
nNOlFKUUrVWtVaUUnNOtVK1VrVWlE50TrVS1lbWVnNKUkJSRnNKc0qUTrVWlFKUU
rVWtVa1VrVWtVa1VpRStVbXX1tv33+ef55/338ZZztvOmt8cvhitVa1VrVWlFJzT
pRSlE50UlNKM0pTTjJGEUYRRnNOc050UnRSlFKVUnRSdE5TTlNOVFJTTjNOM04zT
jNOM04zTjNOM0oSShFF8UYRShFGEUXwRfBB8UXxRdBB0EGvPbA9sEGwPa85jjWON
hFF7z3vPjFGMUYxRjFGEEIQQjJGUkpSSjFGMUZTSlNOVE5SSjJGUkpzSpROlE6UT
pROlE5zSnNKlFKUUpRSc0pzTpRSlFa1VrVWlFJzTrVStVa1VpROlE61UtZWtlZSS
lJGc0pzSnNKlFK1VrVSlFK1VrVWtVa1WrVWtVaUUrVWtVcYY79/nn+ef79++Wc6b
zpvfHb4YrZWtla1VrRSdE6VUpRSdFJTTlJKU0pSSjJGEUJTTnNSlFKUUpRSlVJ0U
lRSU05zUlNSU05TTjNOU04zTjNOM04zTjJKEkoSRhFCEUYRRhFF8EXQQfFF8UXQR
dBBrz3QPdA9sDmvOY41jjYxRhBCEEIxRjFKUkYxRhBCMUZSSlJKU0oyRhFCU0pzS
nNOUk5SSlJKc06UTpROlFKUUnRSc05zTpRSlFKUUnNOc06UUpRWtVa1VpRSc061U
rVWtVaUUpRStVbWWrVWc0pSRlJKc0pzSpVStVaUUpRStVa1VrVWtVq1VrVWtVK1V
rVW91/ff55/nn++fvlrW29ab3x2+GK1VrVWtVaUUnNOtVKUUpROU0oySlJKUkpSS
lJKc1JzUpRSlFKVUnRSdFJzUlNOU05TTlNOU05TTjNOM0ozTjNOM04zShJKEkoRR
hJKEknxRfBF0EHxRdFB0EGvQa89rz3QQa89rz2OOY46MUYQQhBCUkZSRlJGMUYxR
jFGUkpySlNOMkoRRnNKc0p0TnNKUkZTSnNOc06UTpRSlE6UTnNOc0qUUpRSlFJzT
nNOlFKUVrVWtVaUUnNOtVa1VrVWlFKUUrVW1la1UnNKUkpSRlJKUkp0TrVWlFKUU
rVWtVq1VrVWtVa1VrVWtVa1VtZbvn+de557vnr5Z1tvW2+ddxpqtVa1VrVWlFJzT
rVWlFJzTlJKUUYySlJKU0pTTnNOdE6UUpRSlVKVUnRSVE5TTlNSU1JTTjNOM04zT
jNOM04zTjNOM04yShJGEUYRShFGEUXxRdBB8UXxRdBB0D2vPdA90EGwPa89jjmON
jFGEEIQQjFGUkpSSlJKMUYxRlJKc0pzSlJGMUZzTnNOc05TTlJKUk5zTpRSlE6UU
pRSlE5zTnNKlFKUUpRSc05zTpRStVa1VrVSlFJzTrVWtVa1WpRSlFK1VtZatVJ0T
nNOc0pzSnNKc0qUTpROlE61UrVWtVa1VrVWtVaUUrVStVbWW51znXude516+GM7b
zpvfHMZZrVWtVa0UpRSc061UnNOUkZSSlJKUkZSSlNKdE50TnRSlFKVVpVWlVJ0U
nROU05TUlNSU05TTlNOU04zSjNKM04zThNKEkoRShFGEkoSShFF8EXQQfFF8UXQQ
dA9rz2vQc9Brz2vPY41jjYxRhBCEEIxRjFKUkpSSjFGMUZTSlNKc04ySjFGc05zT
nNOUk5SSlJOc06UUpRSlFKUUnRSc05zTpRSlFKUUnNOc06UUrVStVa1VrVSlE61U
rVWtVaUUnNOtVbWWpVSk05zSnJKk05zTnNOlFKUTnNOk06TTpROlFK1UrVSlE61U
tZWtVd7b513nXd9dtdfOms6a3xu+GKUUpRSc1JzTnNOc1JzUlJKUkpSSjJKUkpTT
nNSc050UnRSlFKUUpRWlFZ0UlNSU05UTlNOU04zTlNOMk4zTjNOM04zTjJKEkoRR
hJKEUoRSfFF8EHxRfFF0EHPPa89rz2wPa89jzluNY42MUYQQhA+MUZRSlJKUkoxR
jFGUkpSSnNOUkoxRnNOc05zTlJOUkpSTnNOc06UTpRSlFKUTnNOc0qUUpRSlFJzT
nNOlFK1VrVWtVa1VpRStVa1VrVWlFKUUrVW1laVUpROc05zTpROc050UpRSlFKTT
pNOlFKUUpVStVK1VrVW1lrWWrVXfG+ee59/fXbYYzprGWdbcvhilFKUVpRSc05zT
pRSc05ySlJKUkoySlNKc050UnNOdFJ1UpRSlVaUVnRSVFJTTlRSVE5TTjNOM04zT
jNOM04zTjNOM04yShJKEUYSShJKEUXxRfBB8UXxQdBB0EGvPbBBsEGwPY85bjVuN
jFGEEIQPjFGUkZSSlJKMUYxRlJKUkpzTlJKMUZzSnNOc05STlJKc05zTnNOlE6UU
pRSlFJzTnNKlFKUUrVSc05zTpRStVK1VrVWlFJzTrVWtVa1VpRSlFK1UtZWlFKUU
nNOc05zUnNOlE61UpRSc06UTpRStFK1VrVWtVb3X1pnOWr4Z75/33//f79/GWc6a
zpre3L4ZpRSlFaUUnNOc05zTnNOUkpSSlNKMkpTSlNOdFJ0UnRSlVaUUpVWlFaUU
nNSU1JTUlNSU05TTlNOU04zTjNOM04zTjNOMkoRRhFGEUYRRfFF8UHwQfFF8UXQQ
c9Br0GvQdA9rz2vOY41jjYxRhBCEEIxRlJKUkpSSjFGMUZSSlJKc05SSjFGc05zT
nNOUkpSSlJKc05zTpROlFKUUpRSc05zTpRSlFKUUnNOc06UUrVStVa1VpRSc061V
rVWtVaUUpRStVbWVpRSlFJzTnNOc05zTpRStVa1UpNOk06UTrRO1VLVVrVXGGN8c
1tvGWf/f/9//3/ffvhnOm86a3xy+GKUUrRWlFJzTnNOc05zTlJKUkpSSjJKUkpzS
nRSdE50UpVSlVaVVpVSlFJzTnNOc05zTlNOU05TTjNOM04zTjNOM04yThJKEUYRR
hFGEUXxRfFB0EHxRdBF0EGvQa89rz2wPa89jzluNW42MkYQQfBCMUZRSlJKUkoxR
jFCUkpSSnNOUkoxRnNOc05zTnNOUkpzTnNOc06UUpRSlFKUUnNOUkqUUpRSlFJzT
nNOlFK1UrVWtVaUUnNOtVa1VrVWlFKUUrVW1laUUpROc05zTpNSk06UTrVSlFJzT
nNOlFKUUrVWtla1VzlnnHNabxhn/3//f/9/3n74YzprOmtbbvhilVKVUpRSc05zT
pRSlFJSSlJKUkoySlJKU0p0UnROdFJ1UpVSlVZ1UnRSdE5TTnROdE5TTlNOU05TT
jNOM04zTjNOM04SShFGEUYRRhFGEUXxRfBB8UXxRdBBrz2vPa9Br0GvQa49bTWOO
jFGEEIQQjFGUkZSSlJKMUYxRlJKUkpzTlJKMUZySnNOc05zSlJKc0pzTpRSlFKUU
nNSc05zTlJOlFKUVpRWc05zTpRStVK1VrVWlFJzTrVWtVa1VpRSlFK1VrVWlFKUT
nNOc06TTnNOlE61UpROc0qTSpROlFK1VrVWtVc5Z5xzW28YZ99//3//f75692M6a
zlrW274YpRSlFKUUnNOc05zTpRSU05SSlNOMkpSSlJKdFJ0TnRSlVKVUpVSlVKUU
nROU05UTlROU05TTlNOU04zTjNOM04zThNOEknyRfFGEUoRRfFF8UHQQfFF8EXQQ
a9Brz2vPa9Brz2OPW05jjoxRhBCEEIxRlJKUkpSSjFGMUZSSlNKc05SSjFGc05zT
nNOc0pSSnNOc05zUpRSlFKUUpRSc05zTpRSlFKUUnNOc06UUrVStVa1VpRSc061V
rVWtVaUTpROtVK1VpRSlFJzTpNOlFKUTpRStVa1UnNKc0qTSpROlFK1UrVTGGN7b
1pvOWf/f/9//3/ffvhnOms6a1tu92KUVpRSdFJzTnNOlFKVVlNOU0pTTjJKUk5TS
nRSdE50UpVWlVaVVnVWdFJ0UlNOVFJUUlNSU1JTTlNOU05TTlNOM0ozShJGEkYRR
hFKEUXxRfFB0EHxRdBF0EGwPa89sEGwQa89jjltNY46UUYwQhBCMUZSRlJKUkoxR
jFGU0pTSnNOUkoxRnNOc05zTnNOUkpSSnNOc06UUpRSlFJzTnNOUkqUUpRStVJzT
nNOlFK1VrVWtVa1UpRStVa1VrVWlFKUTpRStVK1UpRSlE6UTpRSlE6UUrVWtVZzS
nJKkkqTTpNOlE6UUtZbOWfee717/3//f/9//39abzlrOWtabvdilFKUUpRSc05zT
pRSlFJSSlJKc05SSlJKUkpzTnNOdFKVVpVWlVaVVnRSdFJTTnROdFJTTlNOU05TT
jNOM04zTjNOE04SShFGEUYRRhFGEUXwRfBF8EXQQdBBrz2vPc89rz2vPY45bjWOO
jFGEEHwQjFGUkZSSlJKMUYxRlNKU0pzTlJKMUZzTnNOc05zTlJKUkpzTnNOlFKUU
pRSlFJzTnNKlFKUUpRWc05zTpRSlFK1UrVSlFKTUrRStVa1VpRSlFKUUrVStFKUU
pROlE60UpRSlFK1VrVWckpyRnJGk0qTTpRSlE6UUvhf/3/+f/9//3//f/9/WnN8d
1tzW3L4YpRSlE6UTnNOc06UUpRSUkpSSnNOMkZSSlJKc050TnRSlFaVVpVWlVZ0U
nRSU05zTnROU05TTlNOU04zTjNOM04zTjNOMkoRRfFGEkXxRfFF0UHQQfFF8EXQR
a89rz2vPbA9jz2OOW01jjoxShBCEEIyRjJKUkpSSjFGMUZSSlJKc05SSjFGckpzT
nNOc05SSnNOc06UUpRSlFKUUpRSc05zTpRSlFK1UnNOc06UUpRStVK1UpRSc061U
rVStVaUTpROtFK0UrRStE6TUpROlFKUUnROdE6UUnJGUkZyRnNKk06UTpROtVc6a
/9/3n//f/9//3//f1tznXuef59/XHa1VpRSlFJzTpROlFKUUlJKUkpzTjFGUkpSS
pNOlFKUUpVWlVaVVpVSdFJ0TlNOdE50UlNOU04zTjNOM04zTjNOM04SThFKEUnwR
hFGEUYRRfFF0EHxRfBF0EGvQa89rz2vPY89jjltMY46MUYQQhBCMUZSSlJKUkoxR
jFGU0pzSnNOUkoxRnJOc05zTnNOUkpSSnNOc1KUUpRSlFKUUnNOc06UUpRStVJzT
nNOlE61UrVWtVaUUnNOlFK1UrVSlE6UTpROtFK0UpRSlFKUTpRSlFKUTlFGUUJxR
nJGckpySpNOlE6UUvdfnHP/f95//3//f/9//39ac3x3nX/ef75+tVpzTnNOc05zT
pRSlFJSSlJKc05SSlJKUkqTTnRSlFKVUpVWlVaVVnVSdFJ0TnROdFJTTlNOU05TT
jNOM04zTjNOMk4SShFKEUYRRhFGEUXwQfBB8EHwQdBBrz2vPa89sD2vPY45bTWOO
jFKEEYQQjFGUkpSSlJKMkoxRlJKckpzTlJKMUZzSnNOc05zTlJKU05zTpRSlFKUU
pRSlFJzTnNOlFKUUrVSc06TTpRStVK1UrVSlFJ0TrRStVK1UpROk060UrRWtFK0U
pRSlE6UUnNOc04wPi8+MEJSRnJGk0qTTrROlFMYY3tv3n/ee/9//3//f/9/WnN8d
51/vn+dfrVWk06TTpNOc05zTnNOUkpSSlNOUkpSSlJKc050UpRSlFKVVpVWlVZ1U
nRSVE50TnROU05TTlNOU05TTlNOM04zTjJKEknxRfFGEkYRRfFB8EHQQfFF0EXQQ
a89rz2wPbBBjz2OOW01jjoyRhFCED4xRlJKUkpSSjFGMUZSSlJKc05SSjFGc0qTT
nNOc0pSSnNKc06UUpRSlFKUUpRSc05zSpRSlFK1VnROc06UTpRStVK0UpROc060U
rRStFKTTpNOtFK0UrRStFK0TpRSlFKUTlJGMD4POg42UT5yRpNKk06UUrRXGGNaa
1prnHf/f/9//3//f1pzfHede75/nX61VpRSlE5zSnNKc05zTlJKUkpzTlJKUkpSS
nNOdFJ1UpVSlVaVVpVWlVJ0UlRSVFJUUlROU05TTjNOM04zTjNOMk4yTjFKEUYRR
hFGEUnxRdBF0EHxRdBB0EGvPa89zz2wPa89jjltNY46MUYQQhBCMUZSSlJKUUYxR
hBCUkpTSnNOUkoxRnNKc05zTnNOUkpzTnNOdFKUUpRSlFJzTnNOUkqUUpRStVaUT
pROlFKUUrVSlFKUTnNOlFK0UrRSk06TTrRStVK0UrRSlFKUUpRSdE5SRlFCLz4PO
i86cUaTSpROlFKUUzlnWms4Z3tv/3//f/9//386b1t3fHuef55+tVZ0TpROc0pzT
nNSdFJSSlJKc0pSSnJKUkpzTnRSlFKUUpVWlVaVVnVWdFJUUnROdE5zTlNOU05TS
lNOM04zTjNOMk4yShFF8UYRRfFF8UXQQdBB8UXQRdBBrz2vPa9BsEGPQY49bTmOO
jFGMUYQQjFGUkpSSjFKMUYwRlJKUkpTTlJKMUZzSnNOc05zTlJKc0pzTpRSlFKUU
pRSdE5zTnNKtFK0UrVSk06TTpROtVK1UrVWlFJzTpRSlFK0UpNOk060UrRStFK0U
pRSlFKUUnROUUJRPjA6DzYPMlA6k0aUSpROlFMYZ1prOWc5a/9//3//f/9/Om9bc
313nXu9erVWc05zTnNOc06UTpRSUkpSSnNOUkpSSjJKc06UUpRSlFaVVpVWdVaUV
nRSc050UnRSVE5TTlNOUk4yTlNOM04yThJKEUoRRfFGEkoRRfFF8EHwQfFF0EHQQ
a89rz2vPbBBrz2OPW05jjoxRhBCEEIxRlJKUkpSSjFGMUJSSlNKc0pSSjFGc05zT
nNOc05SSnNKc06UUpRSlFKUUpRSc05zTpRSlFK1VnNOc06UTpRStFK0UpRSc06UU
pRStFKTTpNOtFK0UrRStFKUUpRSlFJzTlFCMUIwPi82Di4uMnE+k06UUpRPGGNaa
xhm92P/f/9//3//fzpvWm86a1tvvXa1VnJGUkYyQlJGc05zUlJKUkpzSlJKUkpSS
nNOc06UUpVWlVaVVpVWlVJ0TnROdE50TlNOU05TTlNKM04zTjNOM04SThFJ8UXwR
hFGEUXxRfBF0EHxRdBB0EGvPa89sD2wPY89jjltOY4+MUYQQhBCMUZSSlJKMUYxR
hBCU0pTSnNOUkoxRlJOc05zTnNOMUpSSnNOlFKUUpRSlFKUUnNSc061VrVStVJzT
nNOlE60UrRStFK0UnNOtFK0UrRSk06TTrRStFK0UrRSlE6UTpNOUUIwPlE+UDovN
i4uDS4uMnJGk05ySxhjWmsYYtZb/3//f/9//38YZxhnGWtaa5xyUUWrJcwlrCXMJ
g4uc0pSSnNKc05zTlJKUkpzTpNOlFKVVpVWlVaVVpRSdFJzTnRSdFJTTlNOU05TT
lNOU05TTjNOMkoxShFKEUYSSfFF8UXQRdBB0EXQQdBBrz2vPc89r0GvPY49bTmOP
jFKMUYQQjFGUkpSSlJGMkYxQlJKckpzTlJKMUZzTnNOc05zSlJKc0pzTpRSlFKUU
pRSc1JzTnNOtVKVUrVSc06TTpROtVK1UrVStE6TTrRStFK0VpNOk060UrRStFK0U
pNOc0ovNg4yLzZQOlA6LzYNLg0qDSovMnNKUkb3WzlnGGK1W99/vn/ff95+tlr3X
1lrWmt7be89aSGJIYkdih2KHe4uMkZSSnNOUkpSSlJKc050TnRSlVKVVpVWlVKUU
nRSdE50UnRSU05TTlNOU05TTjNOM04yTjJOMUoRShFGEUXxRfBF0EHQQfBF0EXQQ
a89rz2vQa9Brz2OOW01jj4xRhBCEEIxRlJKUkpSSjFGEEJSSlJOc05SSjFGUkpzT
nNOc05SSnNOc06UUpRSlFKUUnNOc05zSrVStVK1UnNOc06UTrRStFK0UrROk060U
rRStFaTTpNOtE60UrRStFKTTlBBzCoPMlA2UDYvMi8yDi4NKg0qDSpQNg82kkL2V
xdek085a1pznHudepVa9l9abzlne24PPWkdiR3LJewpih2KIe82UkpzTlNKc0pSS
nNOlFKUUpVWlVaVVpVWdFZ0UlROdFJ0UlNSU05TTlNOM04zTjNOMk4yThFKEUXxR
hJKEUXxRdBB0EHxRdBB0EGvPa89rz2vPY89jjltNY46MUYxRhBCMUZSSlJKUkoxR
jFGUkpSSnNKUkoxRlJKc05zTnNOUkpzTnROlE6UUpRSlFJzUnNOc061VrVStVaUT
nNOlE61UrVStFKUUpNOtFK0UrRSk06TTrRStFK0UrRSk03MKcwmDy5QMlE2Ly4NJ
gwh6x3rHesiDSXsJcwmLi6zRcsq1VNab5x3vXq1WtZfGGcYY1pqMUXMLaohqh1oF
UcRiRlHEe4yUkpSSlJKUkpTTnRSdFKVUpVSlVaVUpVSdFJ0UnRSdFJTUlNOU05TT
jNOMk4yTjJOMk4RSfFF8UXyRhFF8UXQQdBB0UXQQdBBrz2vPa89r0GPPW45bjWOO
lFGMUYQQjFGUkpSSlJKMUYxRlJKUkpzSlJKMUZSSnNKc05zTlJKc05zTpRSlFKUU
pRSc05zTnNOtVK0UrVSk06TTpROlFK0UrRStFKTTrRStFK0UpNOk060UrRStFK0U
lFFaR3MKi8yUDZQNk8uLiYLHeoVyhGpEagVhxFnFYgZiB1GFpJDWmt8c3tydFKUU
vZe919aanNKDi2KGYkZaBFHEWcQ4wUlDYohzCnuMjFGU05zTnRSlVKVUpVSdVaUU
nRSdFJ0UnRSU05TTlNOU05TSlNOMk4yTjJKEknxRfFF8UnxRfFF0EXQQdBF0EHQQ
a89rz2vQa9Bj0FuOW01jzoxRjFGED4xRlJKUkpSSjFGMUJSSlJKU0pSSjFGUkpzT
nNOc05SSnNOc06UUpRSlFKUUpRSlFJzTrVStFK1UnNOc06UTpRStFK0UpROc0q0T
rRStFKTTpNOtFK0UrRStFIxQWkZzCYOLlA2UDpQLi4mDR3KEcgNpw1lCQMA4gDCA
MIEwwYtMvdfGGMYZjFGUkrWWtZXOWaSRg8t7CXLIYgVBAjjBMEAwQDiAQQJaB4xQ
nNKdE50TpVSlVaVVnVWlFJ0UnRSdFJzUnNOU05TTlNOU04zTjJOMk4SThJKEUYRR
hFKEUXxRdBB0EHxRdBB0EGvPa89sEGwQY89jjluNY86MUYxRhBCMUZSSlJKUkoxR
jFGUkpSSnNKUkoxRlJKc05zTnNOUkpSTnNOc06UUpRSlFJzTnNOc061UpVStVJzT
nNOlFK0UrRStFKUUnNOlFK0UrRSk06TUrROtFK0UrROUUFpGcwmDS5PNlA2Ty5OJ
i0h6hmHDYYNIwTBBMAAwADhAQIB6iJNLvNHeFpPNnFC1U7VT1lek0YvLg0l7B2pF
WYJRQUjASMBRAVlCakaMUJTTnROdE6UUpVSlVaUVnRWdFJUUnRSdFJTUlNOU05TS
lNOUk4yTjJOEkoSSfFF8UYSShFF8UXQQdBB8UXQQdBBrz2wQa9Br0GPQW45bTmOO
jJGMUYQPjFCUkZSRlJGMUYxQlJKUkpzTlJKMUZSSnNKc05zTlJKc0pzTnNOlFKUU
pRSlFJzTnNKtFK0UrVSk06TTpNOtFK0UrRSk1JzTpRSlFK0UpNOk06TUrRStFK0U
lFFiRXLIewmLi5QMi8yTipOJiwdyBFlCSIE4gDAAMAA4QEiAWQJQwZuM1dWLzYvO
nFCkkMWUpJCLy4NIgwhyRWHDWYJJAEjAUQFhg3KHjFGc05zUnRSlVaVVpVWlVZ0U
nRSdFJ0UnRSc1JTTlNOU04yTjJOMk4yThJKEUnxRfFGEUXxRfFF0EHQQfBB0EHQQ
a89rz2wPbA9jz1uOW05jj4xRjFCED4xRlJKUkpSSjFGEEJSSlJKc05SSjFGUkpzS
nNOc05SSnNOc05zTpRSlFKUUpROc05zSpRSlFK1UnNOc06UUrRStFK0UpNOc0qUU
pROlFKTTpNOlFKUUrRSlFJRRYgZyhnKGe0iLiouKk8qLiYtIckVZQ0jBOIEwQDAA
OEBAgFkCUQKTjM3Ti4yUDqRQpJG9U5xQi8uLiXsIckVhw1mCSQBJAFEAWYJzCIyR
nNOdE5zTpRSlFaUVpVWdFJzUlNOc05zTlNOU05TTjNOM04yTjJOMk4yThJJ8UXxR
hJGEUXxRdBB0EHxRdBB0EGvPa89z0GvPa89bjltOY4+MUYQQhBCMUZSSlJKUkoxR
hBCUkpzSnNKUkoxRlJKc05zTnNOUkpSSnNOc06UUpRSlFKUUnNOc0qUUpRStFKTT
nNOk060TrRStFKTTnNKlE6UTpROc05zTpROlE6UUpNOUUWIGagVqBXqHg0mLiZPK
k4mLSILHacRIwjiAMEAwQDhAQIBZAlDCi0u9EYNLlA2cTpxPpNGUDYuJg0iDB2pE
YcJZgUkASQBRAWGDewiUUZSSnNOc06UUpVSlVaVVnRSdFJTTnNOc05TTlNOU04zS
jJKMk4yThJKEkoRRhFF8UYRSfFF8UXQQdBB0EXQQdBBrz2wQa9Br0GvPW45bTWPO
jFGMUYQQjFGUkpSSjJKMkYRQlJKUkpSSlJKMUZSSnNOc05zTlJKUkpzTpRSlFKUU
pRSlFKTTnNOtFK0UrRSc05zSnNOlFKUUpRSlFJzTpROk06UTnNKc0qTTpNOk06TT
lFFiBWHEYcRqRXrHg0mLiYuKi0mDCHJFUQJAgThAOEA4QECAWUNIwYsKvI+DC4NL
i8yUDZQNi8qDiINHewdqRFmCWUJRAEkAUQBhg3sJjFGUkpzTnNOlFKVUpVSlVKUU
nNOc050TnRSU1IyTlJOMk4yTjJOMk4SShJKEUYRRfFGEUoRRfFF0EHQQfFF0EHQQ
a89zz3PQa9Bjz1uOW05jj4xRjFGEEIQQlJKUkpSSjFGEEJSSlJKc05SSjFGUkpzS
nNOc05SSlJKc06UUpRSlFKUUpRSlFJzTrRStFK0UnNOc05zTpROlFKUUpROc0qTT
pNOk05ySnJKc06TTpNOk05RRagZZhFFCWYNqRXrHi0mLioNIgwdyhVmCQME4QDhA
OEBAgGFDSIB6SLQOgshyh4LIm0l6hXsGgwaDBoLGagRZglmCUQBJAFEBWYNzCIxR
lJKc05zTpRSlFKUUnRWdFJzTnNOc05zTlNOMk5TTjJKMkoySjJKMkoyShFJ8UXxR
hFF8UXxQdBB0EHRRdBB0EGvPa89r0GvPY49bjluNY86MUYxRhBCEEJSSlJKUkoxR
hBCUkpSSlJOUkoxRlJKc0pzTnNOUkpSSnNOlE6UUpRSlFJzTnNOc0qUUrRStFKTT
pNKk06TTpRSlFJ0TnNKk06TTpNOckpySnJKk06TTpNOcUWIGWYRJA0kBYgRyhoMI
i0mLSIMIeoZhw0jBQEBAQEBASIBZAkiAaYWbSnqGYcN6RnpGcgV6hYLFgsWCxWoE
WYNRg1EBSQFRAVnDc0mUkZSSnNOlFKUUpRSlFaUVnRSc1JzUnNSU1JTTjJOMk4yT
jJOMkoyShJKEkoRRfFF8UYRSfFF8EXPQfBB8EXQQbBBrz2vPa9Br0GOPW45bTmOO
jFGMUYQQhBCUkpSSlJKMUYQQlJKUkpSSlJKMUZSSnNOc05zTlJKUkpzTpRSlFKUU
pRSc05zTnNKtFK0UpRSc05zTnNOk06UTpROc05ySpNKk0qTSnJGckaSSpJOk05zT
lJFqB1mESQJIwFlCacR6hosIgwiCx3KGYcNIwjhAMEA4QECBUQNAgEjBUQJZQ1lD
cgZ6R3IFckR6hXqFeoVqRFnDUUJRAUjBSQFZhHNKjFGUkpzTpRSlFKUUpRSlFKUU
nNOc05TTlNOU05TSlNOMk4yTjJOMk4SShJKEUXxRfFGEUXxRfBFz0HwQfBB0EHQQ
a89sEGwPa89jjltOW01bjoxRjFGEEIQQjFGMUYxRjFGEEIxRlJKUkpSSjFGUkpzT
nNOc05SSlJKc0pzTpRSlFKUUpRSk05ySpRSlFKUUnNOc0pzTpROlFKUUnNOc0qTS
nNKc0pyRnJGckpzSpNOckpSRakhZhEkCQMFJAFGCagR6hoKGeoZyRWHDSQE4QDAA
MABAgXoHQIFIwVkDWURRA1mEckZ6h3JGckVqRGpFYgNZglFCUQFJAUkBWcR7i4yS
lJKc050UpRSlFaUVpRSdFJzTnNOc05TTlJOUk4yTjJOMkoyTjJOMU4RShFJ8UXxR
hFJ8UXwRc9B8EHwRdBB0EGvPbBBr0GvQa49bTltOY4+MUYxRhBCEEIxRjFGMUYxR
hBCMUZSSlJKUkoxRlJKc05zTnNOUkpSSnNOc06UTpRSlFKUUpROc06UUpRSlFJzT
nJOc06TUpRSlE6TTnJKk0pzRnNGUkZyRnJGk0qTSpJKckWpIWURIw0CAQIFIwVmC
agNyRXJEagNZgkCBMAAwACgAMIFhxkCBSMFQwllDUQJRAmoGeohqBWHFYcRiBFnD
UYJJAUjASMBJAVnDe4uMUZSSnNOdFKUUpRSlFKUUnRSU05TTlNSU04yTjJOMk4yT
jJOMkoTShJKEknxRfBF8EXxRfBF0EXPQdBF0EXPRc9Brj2vQa9Br0GOOW01bTWOO
jFCMUYQPhBCMUYxRjFGMUYQQjFGUkpSSlJKMUZSSnNKc05zTlJGUkpzSnROlE6UT
pRSlFJzTlJKlFKUUpRSc05zSnNOk06UUpNOc05ySnJKckpySlFGckZyRpNGk06SS
nFJqSFFESMNAgkBBQIFIwVlCYcNhw1mCUQFAgDBAKAAgADBBWcY4QThBQIFIw0jC
SMJRAmoGYcVZxFmDWYNRQkkCQMFAgUDBSMJZxIONjFGUkpSTnNOdFKUUpRWlFJ0U
lNOU05TTlNOU04yTjJOMkoySjJKMkoyShJKEUXwRfFF8UXxQfBBzz3wQdBBz0GvP
Y49jz2vPa89jj1tOW05jj4xRjFGEEIQQjFGMUYxRjFGEEIxRlJKUkpSSjFGUkpzT
nNOc05SSlJKc05zTpROlFKUUpRSc05ySpRSlFKUUnNOck5zTpNOk06TTpNOckpyS
nJKckpRRlJGUkZzSpNOckpRSYklJREDCOIE4QDhAQIBIwFEBUQFRAUjAMEAoACAA
IAAoQFmGMEEwADhAOEA4QECAQMFiBlmESUNBAkFCQQJAwTiBOEBAwEkBWcSDzYyR
lJKU050UnRSlFKUUnRSdFJTTlNOU05TTjNKMkoySjFKMkoySjJKMkoSShFF8UXxR
hFF8EXQRa9B0EHQQa89rz2OPa9Brz2vPY45bTVtNY46MUYxRhBCEEIxRjFGMUYxR
hBCMUZSSlJKUkYxQlJGc0pzSnNKUkZSSnNOc05zTpRSlFKUUnNOc06UUpRSlFJzT
nNOc05zTpNOk06TSnJGckpySnJKcUpSRlJGckqTTnNKckmqKSQRAwjiBOEAwQDhA
OEBAwEjASMBAgDBAMAAoACgAKAA4gjiBOEA4QDiAOIBAgEjCYgdRREEDOMM4wzCC
MIIwQTBAOMBJAmHFg86MUZSSnNOc050UnRSdFJzUlNSU05TTlNOU04zTjJOMk4xS
jJKMkoySjJKEUoRRfBF8EXxRfBF0EWvQdBB0EGwPa89jz2PPa9Bjz2OOW01bTWOO
jFGMUYQPhBCMUYxRjFGMUYQQjFGMkZSSlJKMUZSSnNOc05zTlJKUkpzTnNOc06UT
pRSlE5zTlJKlFKUUpRSc05zSnNKc06UTpNOc0pSRnJKckZyRnFGcUZySnJKk06SS
nJJqikkEQMIwQTAAMAAoADBAOEA4QECAOEAwQDAAMAAoACgAOIIwgjCAQIBAgEiA
QMFJAlmFSQM4wjjCOMMwgjCCMEEwQECASQFZxYQOlJGckpzTnNOdE50UnRSdFJTT
lNOU05TTjNOMk4ySjJKMUoySjJKMkoyShFJ8UXQRfBF8UXQRdBFr0HQRdBBz0GvQ
Y49j0GvQY49jjltNW05jj4xRjFF7z4QQjFGMUYxRjFGEEIxRlJKUkpSSjFGMUZzT
nNOc05SSlJKc0pzTnNOc1KUUnNSc05SSpRSlFKUUnNOc0pzTnROk06TTnNOckpyS
nJGckZRRlFGUkZyRpNKckpxRastJREDCMEAoACgAKAAwADAAMEAwQDhAOEAwQDAA
MEAwQECCOII4gTiAQIFAgUjCUUNJQ0EDQMJJA0EDOMI4wjCBMEA4gEjCWcWED4xR
lJKc05zTnRSlFJ0UnRSVFJTTlNOU05TTlNOMkoyShJKMkoySjJKMkoRRfBF8EXQR
fFF0EXQRa9B0EXQQdBBrz2uPa9Brz2vPY45bTVuOW4+MUYxRe8+EEIxRjFGMUYxR
hBCMUZSSlJKUkoxRlJGU0pzSlJKMUZSSnNOc05zTnNOc05zTnNOUkqTTpRSlFJzT
nNKc05zTpNOk05ySlJGckpSSnJGUUZRRlJGUkaTSnJGckXMKSURAwzCCKEAoACAA
KAAoADAAMAAwADAAMAAwADAAOEBAgUDBQMFAwUDBQMFJAllDUYNJQklCUUNRREkD
QMI4gTBAOIBAwloGhBCMUZSSnNOc050TnRSdFJ0UlNSU05TTlNOU05TTjJKMkoSS
hJKMkoyShJKEUYQRfBF8EXxRdFF0EGvPdBB0EGvQa9Brj2PQa89jz2OOW01bTluO
jBCMUXvPhBCMUYxRjFGMUYQQjFGMUZSSjFGMUYxRlJKUkpzTjFGUkpzSnNOlFKUU
pROc05zTlJKc06UUpRSc05zTnNOc06TTpNOck5SSnJKckpyRnFGUUZRRlFGc0pyR
nJFzC0lEQMI4gTBAMEAoADAAMAAwADAAKAAgACAAIAAwADhAQIFIwVEBUQJRAkkC
UUJZg2HFWYRRQ1FDUYRJQ0kCQMEwgDCAQQFaBYQQjFGUkpzTnNOc1J0UnRSdE5zT
lJOU05TTlNOMkoySjJKEkoySjJKMkoSRhFF8EXwRfBF8UXwRdBBr0HQQbBBr0GvQ
Y49j0GvPY89bjlNNW45bjoxRjFF7z4QQjFGMUYxRjFGEEIxRlJKUkpSSjFGUkZSS
lJKUkoxRjFGUkpzTpRSlFKUUnNOc05zTpNSlFKUUnNOU0pzSnNKk05zTnJOUkpSS
lJKUkZRRlFGUUZRRnNKckpSRc0xJRTjCOIE4QDhAOEA4QDhAMEAwQCgAKAAoACgA
OEBAgEjBSMFRQVlCWYNZg1nDYcRyRmHEWUNRQ1mDUUNJAkDCMEAwgDjCWgaED4xR
lJKc05zTnNOdE50UlNSU05TTlNOU05TTlJOMkoySjJKMkoyShJGEUoRSfBF0EHxR
fFF0EHQRa9B0EWvRa9Bj0GPPY89rz2OOW45bTVtOY0+EEIxRe897z4xRjFGMUYxR
hBCMUZSSlJKMUYQQjFGUkpSSlJKMUYxRlJKc05zTnNOc05zTnNOc06TUpRSlFJzT
lNKc05zTpNOc05yTlJKUkpSSlJGUUZRRlFGUUZzSlJKckXuNSUU4wzhCOEA4QDhA
OEA4ADAAMAAwADAAMAA4AECASIBRAVECWYNZhFmEYcViBWIFakZZxFFDUUNRQlFC
SQM4wjCBMIA4wloHhBCMUpSSlNOc05zTnRSVFJzTlNOU05TTlNOU04ySjJKMkoyS
jJKMkoSShJKEUXxRfBB8EXxRdBF0EGvPdBBsEGwPa89rz2PPa89jz2OOU01bjluO
hBCEEHvPe8+MUYxRjFGEEIQQjFGUkpSSlJKMUYxRlJKUkpSSjFGMUZSSlJKc05zT
nNOc05zTlJKc06UUpRSc05zSnNOc06TTpNKc0pSRlJKUkZSRlFGUUZRRlFGckpyS
nFF7jUlFMMMoQTAAMAA4ADgAOAA4ADAAMAAwADAAOEBAgEjBUQJRAlmDWcRZxGIF
codyx3KHYcRZg1lDUUJJAkkCOMEwgChAMMJSB4QQjFGUkpzTnNOc05zTnNSU1JTT
jJOMk5TTlJOMk4ySjJKMkoySjJKEUoRRfFF8EXwQfBF8EXQQdBBrz3QQc9Br0GvQ
Y5Bjz2PPY89bjlNNW45bjoQQhBB7z3vPhBCMUYxRjFGEEIxRlJGUkZSRhFCMUJSS
lJKUkoxRjFGUkpSSnNOc05zTnNOc05SSnNOlE6UUnNOU0pzTnNOc05zTnJOUkpSR
lJGUkZRRlFGUUZRRnJKckpRRg45JhTDDKEEoADAAMAAwADAAMAAwADgAMAAwAEBA
SMBIwVlCWUJZg2HDWcNiBHsIgwhyhlmEUUJRQ0kCSQJJAjjCKIEgQDDCWkiMUIxR
lJKU05zTnNOdE5zTnNOUk4ySjJKUkoySjJKMkoySjJKMkoyShFKEUoRSfBF8EHwR
fBF0EHQQa890EHQQa89jz2OPa89rz2PPW45TTVOOW46EEIQQe897z4RQjFGMUYxR
hBCMUYxRlJKMUYQQjFGUkpSSlJKMUYxRlJKUkpzSnNOc05zTnNOUkpzTpRSlFJzT
nJKc06TSnNOc05zSlJKUkpRRlFGUUZRRlFGUUZySnFKUUYPPSYYwwyBBIAAoACgA
MAAwADAAMAAwADAAMABAgEjASMFRAlFCUYNZg1GCYgR7B3sIaoZZw1FCWYNJAkDB
QMI4giiBIEAowlpJjFCMUZSSnNOc050UnRSc05zTlJOMkoySlNOUkoySjJKMkoyS
hFKEUoRShFJ8EXwQfBB8UHxRdBBsEGwPbBBsEGvQY89jz2PPY89jz1uOU01bjluO
hBCEEHOOe8+MUYxRjFGEEIQQhBCMUZRRjFGEEIQQlJKUkpSSjFGMUYxRnNOc05zT
nNOc05zTlJKc05zTnNOc0pSSnJKc05zSnNKckpxRlFGUUZRQlBCUUJRRlFGckpyR
lFGDz0GGMIMoQhgAKAAoACgAMAAwADAAMAAwADBAOIBAwUDCSQJJAlFCUUJRgmIE
esd6x2pFUYJRQlFCSQFJAUDBOIIogiBBKMNiyowQjFGUkpSSlNKc05zTnNOU05SS
jJKMk4yTjJKMkoRShFKEUoRShFKEUnxRfFF8EXwQfBF8EXPQc9Br0HPQa89rz2PP
Y9Bj0GPPW49bTlNNW05bjnvPe897z3OOhBCMUYxRhBB7z3vPhBCMUYxRhBB7z4xR
lJKUkoxRjFCMUJSRnNKUkpSSlJKUkpSSlJKc0pzSlJKUkZRRlFGUkZSRlFGMEIwQ
jBCMEIQPlFCMEIwQnJKckpxRjA9JhyiEIEIYARgAIAAgACAAKAAoACgAKAAwADhA
QIBAgUkCSMJJAlECUUJhxHqHcodqBVFCSQJJAkDBOMFAwTjCKIIgQCjDawuMEIxR
lJKUkpSSnNOc05TTlJKMkoRShFGMkYRRhFGEUYRRhBGEUYRRhFKEUnwRc9B0EHwR
fBB0EGvPa89rz2vPY89bj2PPY89bj1uOU01TTVtOU06EEIQQfBB7z4QQjFGMUYxR
hBB7z4xQlJKUkpSShBCMUZSSlJKUkoxRjFGUkpzTnNOc04yRnNOlE5zTnNOUkpzT
nNOUkpSSlJKckpSSlJGUkpSRlFGMUJSRlJGUkZyRnJGUkYxQQYYoxCBCGAEYARgB
GAEYABgAIAAgACAAKAAwQDiBOIE4wTiBOIFAwUkCWYNqBWoFWYRJAkDBQME4wUDB
OMIwgiCBGEAow2tNjFGMUpSSlJKUkpTTlNOU05TTjJOMUoySjFKMUoxShFKEUYRR
hFKMkoRShFGEUXPPdBB0EHQQbA9jz2vPbBBr0GOPY89jz2OPW49bTlNOW05TDVNN
hBCEEHvPc46EEIxRjFGMUYQQe8+EEIxRjFGMUYQQhBCUkpSSlJKMUYxRlJKc06UT
nNOUkpSTpRSlFJzTlJKUkpzTnNKc05zTlNOUkpSSnJKUUZRRlBCUUZRRjFCUkZyS
lJGMEEHHKMMYQhABEAEQARABEAEQARABEAEQARgBKAAwQTCBMIEwgjCBOMFAwklD
WcVZxUmDQME4wTjAOIE4gTiBMEEgQSBBMQRzjYxRlJKUk5STlJOUk5STlNOc05TS
jJKMkoySjJKEUoRSjFKMUoyShFKEUXxRfFF0UHxRdBB0EGvQa9BsEHQQbBBsD2vP
a89jzmPOY49jj1uPU01TjoQQe897z3OOe8+EEIxRjFGEEHvPhBCMUYxRjFGEEIQQ
jFGUkpSSjFGMUYxRnNOc05zTlJKUkpzTpRSc05SSlJKc05zSnNKc0pySlJKUUZRS
lFGUUJRQlFCUUIxQlFGckpRRjBBJxyjDGEIQAQgACAAIAAgACAAIAQgAEAAYASAA
KEAwQTCBOMIwgTCAMIBBAVGEUYRJQkDBOIAwgDiAOIAwgChAIEAgQTEEc46MUYxS
lJKUkpSSlJOUk5STlNOMk4ySjJKMkoyShFGEUoRShFKEUoRSfBF8EXwRdBF8EXQR
dBB0EGwQbBBsEGvPa89jz2PPW45jz1uPW45bjlNNW057z3vPc89zjnvPhBCEEIxR
hBB7z4QQjFGMUYxRhBCEEJRRlJGUkZSRjFCUkZSSnNOc04xRlJKc05zTnNOUkpSR
nNKc0pzSnNKUkpSSlFGUUpRRlFGMUYxQlFCMUJRQnJGUUZRRSgkoxBhCEAEIAQgB
CAEIAQgBCAEIAQgAEAAgACgAKEAwwTjCMIEwgDCAQMBJQ0lDQQI4wTCAMIAwgDCA
IEAgACAAKEE5BHuOjFGMkZSSlJKUkpSSlJKU05TTjJOMkoySjJKMkoRRhFGEUoRS
hFKEUnwRdBB8EXQRdBF0EHQQc9Bz0HPRa9Br0GPPY89jj1uOW45bjluOW45TTVNO
e897z3PPc457z4QQhBCMUYQQe8+EEIxRjFGMUYQQhBCMUZSRlJGUkYxRjFGUkpzT
nNKUkZSSpNOlFJzTlJKUkpzTnNOk05zTnJKUkpRRlJGUUZRQlFCUUJRQjFCUUJyS
lFGUEVJJKMQYQhABEAEIAQgBCAEIAQgBCAEIAQgBEAEYASAAMIEwwihAKEAoQDCB
QQNBAzjDMIEwQDBAKEAoQCAAGAAgAChBOQR7z4QRjFKUkpSSlJKUk5TTlJOUk5ST
jFKMUoxSjFKEUYRRhFKEUoRShFJ8UXQQdBB0EHwRc9Bz0HPQc9Br0GvQa9Bj0GPP
Y89bjmOPY45bTlNOUw1TTnvPe897z3OOe8+EEIQQhBCEEHvPe9CMUYySjFGEEIQQ
jFGUkpSSlJKMUYxRlJKc0pSSjFGUkpzTnNOc05RSlJKc05zTnNOck5ySlFGUUZRR
lFGUEZRRjFCMUIwQjBCckpRRlBFaiijEGIIQAQgBCAEIAQgBCAEIAQgBCAEIAQgB
EAEYAShCMIIgACAAIAAoQDjDOMMwgihBKAAoACAAIAAYABgAGAAgQUFFe8+EUYxR
jJKMkoySlJKUkpSSlJOUkoySjJKMkoRShFGEUYRRhFGEUYRRfBF8EHwQdBB0EHPQ
c9Bzz2vQa9Br0GvQa49jj2OPW45bz1uOW45bTlMNU057z3vPc45zjnvPhBCEEIQQ
hBB7z4QQjFGMUYxRhBCEEJSRlJKUkoxRjFGMUZSSlJKUkoxRlJKc05zTnNOUkpSS
nNOc05zSnJKUkpSRjFCMkZRRjFGUEIxQjFCMEIwQnJKUUYxRWssoxBhCEAAIAQgB
CAEIAQgBCAEIAQgBCAEIABABEAEgQiiCGAAgACABKEEwwjCDKIIgQRgAGAAYABgB
GAEYARgBKENJh4PQjFGMUoxSjJKMkoySlJKU0pSSlJKMUYxSjFKMUoRRhFGEUYRR
hJF8UXwRdBB0EHQQdBBsEGwQa89r0GvQa9Br0GuQY49jj1uOY49bjluOU05LDVtO
e89zz3PPc457z4QQhBCEEIQQe897z4xRjFGMUYQQhBCMUYySlJKMUYQQjFGUkpSS
lJKMUYxRnNOc05zTlJKUkpzTnNOc0pySlJKMUYxQlFGUUZRQjBCMEIwQjBCMEJyS
lFGMUWLMKMQYQggBEAEIAQgBCAEIAQgBCAEIAQgBCAEQARABIEIoQhgBGAEgASAB
KIIogiiCIAEgABgBGAEYARgBGAEYASiDUYiEEIRRjJKMkoySjFKMkoySjJKMkoyS
hFKMUoxShFJ8UXxRfFGEUYRShFF8EXvRdBF0EXQRa9Br0GvQa9Br0GvQa9Bjj2OP
Y49bjmOPW49bjltOUw1TTnvPe89zznOOe8+EEIQQhBCEEHvPe8+MUYxRjFGEEIQQ
jFGMUYxRjFGEEIxRlJKUkpSSjFGMUZzTnNOc05SSlJKc05zSnJKUkpRSjFKMEYxR
lFGMUIwQjBCMEIwPjA+cUZRQlBFrDCkEGIIQABAAEAAIAAgBCAEIAQgBCAEIAQgB
CAEQARgCIEEYABgAGAAYASBCIEIgQhgBGAEYARgBGAEYARABGAEog1IJg9CMUYxS
jJKMkoxSjFKMUoyTjJOMkoRRhFGEUoRRfBF8EXwRhFGEUYRRfFB0EHQQdBB0EGwQ
a9Br0GvQa9Br0GvQY49jj2OPW45jjluOW41TTVNNU017z3vPc45rjXPPhBCEEIQQ
hBB7z3vPhBCMUYxRhBCEEIxRjFGMUYxRhBCEEJSSlJKUkoxRjFGUkpzTnNOUkpSS
nNOckpSSlJKMUYxRjBCUUZRQjFCMUIwQjBCED4wQlJGMUYwRaw0pBRiCCAEIAAgB
CAEIAQgBCAEIAQgBCAEIAQgBEAEYARhBEAAQABgAGAEgQiBCIEEYARgBEAEQARAB
EAEQABABIINKSYQPhFCMUYySjFKMUoxSjFKUkpSSjJKEUYRRhFF8UXwRfBF8EXxS
fFF8UXQQc9B0EHQQdBBsD2vPa89r0GvPa9Bjz2OPY49jj1tOW49bTltOU05LTVNO
e897z3POa45zznwPhBCEEHvPe897z4QQhBCMUYQQhBCMUZSSjFGMUYQQhBCUkpSS
lJKMUYxRlJKc05zTlJKUkpzTnNOUkpSSlJKMUYwQjFGMUIxQjBCMEIwQi9CMD5RR
lFGMEHNNMQQYQhABCAEIAQgBCAEIAQgBCAEIAQgBCAEIAQgBEAEYQRABEAEQARgB
GAIgQhgBGAEQABAACAAIAQgBCAEIASCDUop8EIQRjFKMUoxSjFKMUYxRjJKMkoRS
fFGEUoRSfFF8UXxRfFGEUYRRfFF0EHQQdBB0EHQQa9Br0GPPa9Br0GvQa5Bjj2OP
W49bTluPU45TTlNNSw1TTnPPc89zjmuNc458D4QPhA97z3OOe8+EEIQQhBB7z3vP
jFCMUYxRjFGEEIQQlJKUkpSSjFGMUZSSnNOUk4xRjFGc0pSSlJKUkpSSjFGMEIxR
jBCMEIwQjA+MD4wPhA+MUIxRjBBzjjFFGIIIAAgACAEIAQgBCAEIAQgBCAEIAQgB
CAEIARABEAEIAAgACAAQARgBGEIYARABEAEIAQgBCAEIAQgBEAEgw1rKe9CEEYxS
jFKMUoxRjFGMUYxSjFKEUoRRhFGEUXxRfBF8EXwRfBJ8UXxRdBB0EHQQdBB0EGvP
a89rz2vPa89r0GuPY49jj2OPW45bj1OOU05LDUsNU017z3vPc45rTXOOe8+ED4QQ
e89zjnvPhBCEEIxRe897z4QQjFGMUYxRhBCEEJSSlJKUkoxRjFGUkpzTnNOUkpSS
lJKUkpSSjFGUUoxRjFCMUYxRjFCMEIQQhBCDz4PPjBCUUYwQe445BSCCEAAQAAgB
CAEIAQgBCAEIAQgBCAEIAQgBEAEQARABCAEIAQgBCAEQARBCEEEIAAgBCAEIAQgB
CAEIAQgBIMRizHvQhBGMUYxShFGEUYRRjJGMkoySjFKEEYRRhFGEUXwRfBB8EXwR
fFF8UXQQc9B0EXQQc9Brz2vQa9Br0GvQa9Bjz2OPY49bj1OOY45bjltOUw1TDVtO
e85zjnOOa01zjnvPhA+EEIQQc457z4QQjFGMUXvPe8+EEIxRjFGEEIQQhBCMUpSS
lJKMUYxRlJKc05zTjFGMUZSSlJKUkpSSlFKMUYRQjFCMUIwQjBCDz4QQg8+Dz4wQ
lFGMEYPPOYYgghBBEAEIAQgBCAEAAQgBCAEIAQABCAEIAQgBCAEIAQgBCAEIAQgB
EAEQQRBBEAAQARABCAEIAQgBCAEQASjEYw17z4QQhFGMUoxRhFGEUYxRjFKMUoxS
hBGEEYRRhFF8EHwQfBF8EXxRdBBz0HPQdBB0EGwQa89rz2vPa89rz2vPY89bjluP
W45bjluOW05bTlMNUw1TTXvOc45zjmuNc457z3vPhBB8D3OOe86EEIQQhBB7z3vP
hBCMUYxRjFGEEIQQlJKUkpSSjFGMUZSSnNOUkoxRjFGUkpSSjFGUkoxRjFGMEIwQ
jBCMEIwPhA+ED4PPg8+EEJRRjBCDz0GHIIIQAQgBCAEIAQgBCAEIAQgBCAEIAQgB
CAEIAQgBCAEIAQgBCAEIARABEEEQAQgBCAEIAQgBCAEIAQgBEAEpBGtNe8+EEIxR
jFGEUIRQhFGEUYRShFKEUXwRfFGEUXxRdBB0EHQRdBF8UXQRc9Br0GvQc9Fr0GPQ
a89jz2PPY9Bjz2PPW45bj1uOW09bj1tOU01LDEsMS01zznOOa45rTXOOe8+EEIQQ
e89zjnvPhBCEEIQQe897joQQjFGMUYxRhBCEEJSSlJKUkoxQjFGUkpSSlJKMUYxR
lJKUkoxRjFGMUYxRjBCMEIwQjA+Dz4PPg897z4PPg9CMUYQQe89KCCCDEAEQAQgB
CAEIAQgBCAEIAQgBCAEIAQgBCAEQAQgBCAEIAQgBCAEQARABEAEIAQgBCAEIAQgB
CAEIARABMUVzjXvPhBCMUYxRhBGEEYQRhFGEUoRRhFF8EXwRfFF8EXQQdBB0EXwR
fBF8EHPPc89rz2vQa9Bjz2PPY89jz2PQY89bz1uPW49bj1OOW45TTlNOSw1LDlMO
c45rjnONa01zTXvPe8+EEHvPc45zjnvPhBCEEHvPc46EEIQQjFGEUIQQhBCMUYxR
lJKEEIxQlJKUkpSSjFGMUZSSlJKUkoxRjFGMUYQQjFCMEIQPhA+ED4QPg8+Dz4PP
jFGEEHvPSgkYgwgBCAEIAQgBAAEIAQgBCAEIAQgBCAEIAQgBEAEIAQgBCAEIARAB
EAEQAQgACAEIAQgBCAEIAQgBCAEQQjlGc457z4QRjFGMUYQRhBGEEYRRhFGEUYQR
fBCEEHxRfBF0EHQQdBF8UXwRfBFz0GvQa9Br0GvQY89jz2PPY9Bj0GPQW49bj1uP
W45TjluOU45TTksNSw1TTnOOc45rTWtNa457z3vPe897z2tOc457z4QQhBB7z3vP
hBCMUYxRhBCED4QQjFGUkoxRhBCEEJSSlJKUkoxRhBCUkpSSlJKUkoxRhBCEEIQQ
jBCEEIQPg8+Dz4POg8+Dz4xRhBB7z1JKIIMQARAACAEIAQgBCAEIAQgBCAEIAQgB
CAEIARABCAEIAQgBCAEQARABEAEQAQgBCAEIAQgBCAEIAQgBEEI5h2uOc8+EUIRR
hFGEEYQQhBGEUYRShFJ8UXwQfFF8UXwRc9B0EHQQfBF8EXQQa9Br0GvQa9Bj0GOP
Y49jj2PQY9Bjz1vPW45bjltOW05bjlNNU05LDUsNS01zjnONc41rTWuNe897z3vP
e89rTXOOe8970IQQe89zzoQPhFCEEIQQe897z4xRjFGMUYQQhBCMUZSSlJKMUYQQ
lJKUkpSSlFKMUYxRhBCEEYQQhBB7z3vPe8+Dj4PPg8+MUYQQe89ayyjDEAEQAQgB
CAEIAQgBCAEIAQgBCAEIAQgBCAEIAQgBCAEIAQgBEAEQARABEAEIAQgBCAEIAQgB
CAEIARBCQghzjnvPhBCMUYRRfBB8EIQQhBCEUYRRfFF8EHxRfBF8EHPPc890EHQQ
dBB0EGvPa89sEGvQa9Bjj2OPY89jz2PPY89bjltOW45bTltOW05TTlNOSw1TTVNN
c45zjmtNa01rTXOOe897z3vPa01zjnvPhBCEEHvPc858EIQQhBCEEHvPe8+MUYxR
jFGEEIQQjFGUkpSSjFGMUZSSlJKUkoxRjFGMUYQQhBCED4QPe897z3vPe857znvO
jA+ED3vPYwwpBBABEAEIAQgBCAEIAQgBCAEIAQgBCAEIAQgBCAEIAQgBCAEIARAA
EAEQAQgBCAEIAQgBCAEIAQgBCAEYQlJJc45zzoQQhFGEUXwQfBB8EIRRhFGEUXwQ
c9B8EHwQdBBz0HPQdBB0EHQQdBBrz2vQa9Br0GuQY49jj2OPY9Bj0GPPW49bjluP
W05bTltOU05TTUsMUw1TDXONc41rTWMMa01zjnPOe89zz2tOa457z3vPhBB7z3OO
e8+EEIQQhBB7z3vPhBCMUYxRhBCEEIxRlJKUkoxRjFGUkpSSlJKMUYQQhBB7z4QQ
hA+ED4POe857znvOe857zoQPhA97znONMQQQQQgACAEIAQgBCAEIAQgBCAEIAQgB
CAEIAQgBCAEIAQgBCAEIAQgBCAEIAQgBAAEIAQgBCAEIAQgBGINainNOc46EEYRR
hFF8EHwQfBB8EXwRfBF8EHPQfBB8EHPQc89zz3QQdBB0EGvQY89rz2vPa89jj2OP
Y49jj2PPY89bz1uPW05bjlNOU05TTlNOUw1LDFMNSw1zjWuNa01jDGNMc45zjnvP
e89rjWtNc897z3vPc45zjnvPhBCEEIQQe897z4xRjFGMUYQQhBCUkpSSlJKMUYQQ
lJKUkoxRjFGEEIQQe8+EEHwPhA97znvOe857jnvOe46DzoQPc45zjjFFEEEQAAgA
CAEIAQgBCAEIAQgBCAEIAQgBCAEIAQgBCAEIAQgBEAEIARABCAEIAQgBCAEIAQgB
CAEIARiDWstrjmuOfBCEUYQRe9B70HwQhBB8EHwQdBBz0HQRfBFz0HPPa89z0HQQ
dBBr0GOPa9Br0GwPY49jj2OPY49jz2PQY49bj1NOW49TjlNOU05LTUtNSw1LDVMN
c45rjWtNYwxjDHOOc85zz3POY01rTXOOe897z3OOa417z3wPhBCEEHvPe8+MUYxR
jFGEEHwQjJGMkoyShFGEEIxRjFGMUYxRjFGEEHvPhA+ED3wPe897znvOe457jnuO
e86EEHOOc445xhBBCAAIAAgACAEIAQABCAEIAQgBCAEIAQgBCAEIAQgBCAEIAQgB
CAEIAQgBCAEIAQgBCAEIAQgBCAEgxGMMa01rTXwPfBB8EHvQe9B8EHwRfFF8EXQQ
a9B0EHQQa89rz2vPa9B0EXQQbBBjz2vPa89r0GOPY49jj2OPY49jz1uPW45bTluP
W05TTlNOSw1LTUsMSw1LDWuNa41jTGMMYwxzjnOOc45zjmtNa01zjnvPe89zjmtN
e8+EEIQQe9B7z3vPhBCMUIxRhBB7z4xRjFGMUYRQhBCUUYxRjFGMUYQQhBB7z4QQ
hA97z3vPc45zjnOOe857jnvOhA9zjnOOSkgQQggBCAEIAQgBAAEIAQgBCAEIAQgB
CAEIAQgBCAEIAQgBCAEIAQgBCAEIAQABCAEIAQgBCAEIAQgBKQVrDWuOY018D3wQ
fBBzz3PPc9B8EHwRfBBzz3PPfBB0EGvPY89rz2wQdBB0EGvPY49jz2PPa89jjluO
W49jj2OPY49jj1tOW05bj1NOU05TTksNSw1LDUsNSw1rTWtNa01jDGMMc45zjnOO
c45rDGtNc457z3vPc45rjnPPfBB7z3vPe89zjoQQhFGEUYQQe8+MUYxRjFGEEHwQ
jJKMUYxRhBCEEIQQe897z3vPe89zj3uOc45zjnOOc45zjoPPa01zTVJJGEIIAQgB
CAEIAQgBCAEIAQgBCAEIAQgBCAEIAQgBCAEIAQgBCAEIAQgBCAEAAQgBCAEIAQgB
CAEIATFGa01rjWtNe898EHwQc89zz3wPdBB0EHQQa89rz3QPdBBrz2vPa890EHQQ
dBBrz2OPa5Bjz2PQW49bj2OPY49jj2OPW49bT1NOW05TTlNOU01LTUtNQwxLTUsN
a01jDWMNYwxjDGuOc45zjnOOawxrDHOOe897z3OOa01zjnvPe897z3OOa458EIQQ
hBB7z3vPjFGMUoyShBCEEIxRjFGMUYQQhBB7z3vPe897z3vPc45zjXONc41zjXOO
c46Dz2tNa01ayxiCCAEIAQgBAAEIAQgBCAEIAQgBCAEIAQgBCAEIAQgBCAEIAQgB
CAEIAQgBCAEIAQgBCAEIAQgBCAFByGMNa01rTXvPfA98EHPPc890EHQQdBB0D2vP
a89z0HPQa89rj2uPc9Br0GvQY89jj2vPY89jz1uOW45bjmPPY49jj1uPW05TTVNO
U05TTktNS01LTUsMSwxLDWtNa01jDGMMYwxrTWuNc45zjmtMa0xzjXOOc45zjmtN
c457z3vPe89zz3OOhBCEEIQQe89zjoxRjFGMUYQQe8+MUYxRhFGEUYQQe89zjnvP
e897z3OOc45zjnONe41zjXONe89rTWtNaw0ggwgBCAEIAQgBCAEIAQgBCAEIAQgB
CAEIAQgBCAEIAQgBCAEIAQgBCAEAAQgBCAEIAQgBCAEIARBBSkljTGNMYwx7z3wQ
e9Brj3OPc89z0HQQdBBrz2vPdBBr0GuPY49jj2vQa9Br0GOQW45jz2PPY89TjluO
W49bj1uPW49bT1tOU05bjlNOU05TDUsNSw1DDEsNSw1jTWNNYwxjDFrLa01rTWuO
a45jDGsMa01zjnOOa01jTXOOe897z3vPc85zjoQQhBCEEHvPe46EEIxRjFGEEHwQ
jFGMUYQQhBCEEHvPc457z3vPe897jnOOc45zjXONc41zjXuOa0xrDGsMIQQIAQgB
CAEIAQgBCAEIAQgBCAEIAQgBCAEIAQgBCAEIAQgBCAEIAQgBCAEIAQgBCAEIAQgB
CAEQQlrLYwxjDFsMc89z0HPPa45rjmvPdBB0EHPQa49rjnPPa89jjmOOY45rz2wP
a9Bjj1uPY89jj2PPW45bTluOW49jj1uPW09TTlNOU05LTlNOU05LDUsNQwxLDUsN
Y0xjTGMLWwtay2NMa01rTWtNYwtjDGuNc45zjmtNY0xrjnPPc89zz2vOa417z3vP
hBB7z3PPhBCMUYxRhBB8EIxRjFGMUYxRhBB7z3POc89zznOOc45zjnOOa01rjXON
c41zjmMMYwxjDDGGCEEIAAgBCAEIAQgBCAEIAQgBCAEIAQgBCAEIAQgBCAEIAQgB
CAEIAQgBCAEIAQgBCAEIAQgBGINjDGMMWwxay2vPc89rz2uOa45rj3PPc89zz2uO
a45rz2vPY45bjmOOa89sEGvQY49bjmOPY49jj1tOW05bjmOOW45bjlOOU05TTltO
U01TTksNSw1LDULMSw1CzWMMWwxay1rLWstrTWuNa01rTWMLWwtjTWuOa45rTmMM
a01zznPPc85rjmtNe8+Dz4PQe89zjoQQhBCEEIQQe8+EEIxRhFGEUIQQe89zjnOO
c45zjmtNa01rTWtNc05zTXNNc01jDGMLYwxCCBBCCAEIAQgBCAEIAQgBCAEIAQgB
CAEIAQgBCAEIAQgBCAEIAQgBCAEIAQgBCAEIAQgBCAEIATFGYwxay1rLUstzjnPP
c89rjmuOc85zz3PPa89jjmOOY89jz1uOW41jjmPPa89rz2OPW05jj2OPY45TTlNO
W05bjluPW49Tj0tOU05TTksOU05LDksNSw1LDEsNQsxjDFrLWstSy1LLY0xjTWtN
a01bDFrLa01rTXOOa01jDGtNc45zjnOOa41rTXvPe898D3OOa458EIRQhBB7z3PP
hFGEUYRRhBCEEHvPc45zjnOOc45rTWtNa01rTXNOc05zTXNNYwtaylrLUkoIQQgB
CAEIAQgBCAEIAQgBCAEIAQgBCAEIAQgBCAEIAQgBCAEIAQgBCAEIAQgBCAEIAQgB
EAFCCFrLWstSilLKa45rzmvOY45jjmvPa89r0GvPY45jjmvPa49jTltOW49jj2PQ
Y89bjltNY45bj1uOU01TTlOOW45bjluOU05TTUtNU05LDktOSw1LDUsNQsxLDULM
YwxjC1rLWspSimMMYwxjDGNNWwtay2MMa01rjWNNWwxjTXOOc45zjmuNY01zznvP
e89zjmtNe8+EEIQQe897joQQhBCEEIQQfA9zz3OOc49zjnOOa01rTWtNYwxrTWtN
a01rTVrLUopay1rLIMMIAQgBCAEIAQgBCAEIAQgBCAEIAQgBCAEIAQgBCAEIAQgB
CAEIAQgBCAEIAQgBCAEIARBBWotay1rLSolKimuOa49rjmNNY01jjmvPa89jjmNO
Y05jjmOPW05TTVtOY45jj1vPW45TTVuOW45bjlNNU01TTVOOU45TTlNNSw1TDUtO
Sw1LDUsNSw1LDULMSsxCzGMLWstay1KKUopjC2MMYwxjDFrLWstjDGtNa01jTVsL
Y0xrjnOOa45rTWMMc457jnvPc45rjnwPhA+EEHPPc498EIQQhBCD0HvPe49zTnOP
c45zjmtNa01rTWtNa01rTWtNYwxay1KJWspayjmGCEEIAQgBCAEIAQgBCAEIAQgB
CAEIAQgBCAEIAQgBCAEIAQgBCAEIAQgBCAEIAQgBCAEgxFrMUstSykJJSoprjWuO
a45bTVtNY05jj2OOY45bTVNNY45bjlNNU01TTmOPY49jjltNUw1bjltOW05TDVMN
W01TTVNOU01LDUsNSw1LDUsNSw1KzUrMQsxCy0rMQstay1rLUopKikqKWwxjDGMM
YwxailKKWstrTWtNYwxay2MMa01rTWtNa01jDHOOc85zzmuNY01zz3wQfBBzz2uO
fBB8EIQQe9B7z3OOc01zjnONa41rTWtNa01rTWtNa01jDWtNUopKSVqKWopKCBAB
CAEIAQABCAEIAQgBCAEIAQgBCAEIAQgBCAEIAQgBCAEIAQgBCAEIAQgBCAEIAQgB
OYdiy1KKUopCB0pJa01jjWONWwxbTWNNY41jjmNOWw1bDWNOW05TDFMMUw1bTluO
W05TTUsMU01TTVNNSwxLDFNNU01TTVMNSwxKzErMSw1KzErMQstCy0KLQotCizpK
Wstay1KKSolKSVrLWstay2MMUopSilrLYwxjDGMMWstjDGtNa01rTWNMWwtrjWuN
c45rTWMMc457z3vPc45zTXvPe897z3vPc85rjmtNa01rjWtNYwxjTGNMYwxjDGtM
a0xjDFKJQgdSSVKJWooggwgBCAEIAQgBCAEIAQgBCAEIAQgBCAEIAQgBCAEIAQgB
CAEIAQgBCAEIAQgBCAEQQVKKWotKSUpJOcZKiWNMY01jTFsMWw1bTVtNW01bDVMM
Ww1bTVsNSstKy1MMU01TTVNNSwxKzFMNUw1SzErMSsxKzErMSsxCzEKMQotCjELM
QstCizqKOoo6ijpJOkoySVKKUopSikpJSklSylrKWstay1KKSkpay1rLYwtay1KK
WstjDGMMYwxjDFrLa01rTWtNYwxay2uOc45zjmtNYwxzjnPPc89zjnOOa01jDGtN
a01rTWMMYwxjDGMLYwxjDGMMYwtSiTnGSkhSSVqKOYYIAQgBCAEIAQgBCAEIAQgB
CAEIAQgBCAEIAQgBCAEIAQgBCAEIAQgBCAEIAQgBKQVailKJSkhCCDGGSklbC1sM
UstSy1LLUwxTDVMNUwxKi0rLUwxKy0LLQotKzErMUwxSzErLSstKy0rLQotCi0KL
SotCi0KLQos6SjpKOkpCSjpKQko6CToJOgk5yToJMghKSUpJSklCCEIIUkpSilKK
UopCCUpJUolaylrKWopKSVKKWstay1rLWspSilsLY0xjTFsLUsprTWtNa01jTGMM
a45rjmuOa01rTWMMWwtjDGMMYwxay1rKWstSi1rLWwtay1rKUok5hUIHSkhSSUpJ
EIIIAQgBCAEIAQgBCAEIAQgBCAEIAQgBCAEIAQgBCAEIAQgBCAEIAQgBCAEQAUHH
SghCB0IHQccxRUpJWstSy1LKSopKilLLUstSy0qLQopCikrLQopCSUJKQopKi0qL
SotCSkJKQkpCSkJKOkk6STpJOkk6STpIOgg6CDoIOggyCDIIMccxyDHIMccxxzHH
SghKCEIIQcdBx0oJUklKSUpJQghCCEJJSolSiUpJQghKSFKJUopSikpJSklSilrL
WstSikpJYwtjDGMMWstSimMMYwxjDGMMWwxay1KKWstay1rLUopSilKKUopSilqK
WspSiVKJOUVBhknHSghKCDFFCAEIAQgBCAEIAQgBCAEIAQgBCAEIAQgBCAEIAQgB
CAEIAQgBCAEIAQgBIMM5RjmGOYU5xjGFMYVCCEqJSopKSUJJQklKSUpJSklKSUII
QkhCSToJOgg6CDoJOklCSTpIOgg6CEIIOgg6CDHIMcgxyDHHMccxxzGHMccxxzHH
KYcphymHKYYpRiFGKUYpRUHIOYdBhzmGOYZBx0HHSgdKCEHHQcdCCEoISghCB0HH
QgdKSUpJSkhKCEIISklSSVKJSkhCCFKKUopailKJSklaylrKWstay1KKUopKSVKJ
UolSiUpISklKSUpJUklSSVJJSklKCDFFOUVBhUHGSgdJyBiCCAAIAQgBCAEIAQgB
CAEIAQgBCAEIAQgBCAEIAQgBCAEIAQgBCAEYQjFEMUU5hTFFMUUxRTFFOchCCUpJ
QghCCEIIQghCCEIIQgc6B0HHOgc5xzHHOcc6BznHOcc5xzHGMcYxxjHGMcYphimG
KYYphimGKYYphSFFKUUpRSlFKUUhRSEFIQUZBSEFIQQ5hTmFMUUxRDFEOYU5xTmG
OYYxRTFFOYZBxkHGQcU5hTmGQcdBxjnGQcY5xUIHQgdKB0HGQcZKB0oISghKCEIH
SkhKSEpIQkhKSEoISghKCEoISghBx0oHQgdCB0IHSghKCEoHQcc5RTFFOUU5hkHH
QccxRRBBCAEIAQgBCAEIAQgBCAEIAQgBCAEIAQgBCAEIAQgBCAEIARBCIMMpRDGF
MYUpRDFEMUQxRTHGOcc5xznHMYY5xznHOcc5xjGGMYYxhjGGMYYpRSlFKUUpRSlF
KUUpRSlFKUUpRSlFIQQhBCEEIQQhBCEEIQQhBCEEIQQYwxjDGMMYwxjDGMMYwxjD
MQMpBCjDKMMowzEEMQQxBDFEKQQpAykEMUUxRClEKUMpRDlFOUU5RDFEMUQ5hTmF
OYUxRDFEOYU5hTmFOYU5hTmGOYY5hjnGOYY5hTmFOYVBhTmFOUU5hTmFMYU5hTmF
OYUxhTmFOUQxBDFEOUQ5hTmFMUUgwwhBCAEIAQgBCAEIAQgBCAEIAQgBCAEIAQgB
CAEIAQgBEAEgwykDKQQpRDFEKQQxBDFEMQQxRDFFMUUpRCkEKUQpRClEKUQpBCEE
IQQhBCEEIQMhAyEDIQQhBCDEGMMgwyDDGMMYwxjDGMMYwxjCGMMYwxjDGMMYgxiD
GIIYghiCEIIQghBCEIIQgijDKMIowijCKMIowikCKQIpAijCKMIowikDKQMpAyjD
KQMxAzEDMQMxAykDKQMxAzFEMQMpAzEEMUMxRDEDMQQxRDFEMUQxRDFEMUQxRDFE
MUQxRDEEMQQxBDEEMQMxBDFEMUQxBDEDKQMxAzEDOUQxRDFEIQMgwhABCAEIAQgB
CAEIAQgBCAEIAQgBCAEIAQgBEAEQASCCIMMowykDKQMpBCkDKUQxBCkDKQMpBCkE
KQMpAykDKQMpAykDKQMowyDDIQMgwyDDIMMgwyDEIMMgwyDDIMMgwyDDIMMYwiDC
IMIgwiDCIMIgwiDCGIIYghiCGIIYghiCGIIYQhiBGIEowiDCKMIowijCKMIowijC
KMIowijCKMIowijCKMIowijCKMIowyjCKMIwwjECMQMxAzDCMMIwwjECMQIxAjED
MQMxAzEDMQMxAzEDMQMxAjECMQIxAjDCMMIowijCMMIowijCKMIowijDMQMxAzED
MQMpAyDCIMIYghBCCAEIAQgBCAEIAQgBCAEIAQgBCAEIARBBGIIgwyDDIMMpBDEE
MQQxBDEEMQMwwijCKMIowijCKMIowijCKMMowyjDKMMowyjDKMMowyjDKMMowyjD
KMMgwiDCIMIgwiDCIMIgwhjCIMIgwiDBIIIggiCCGIIYghiCGIIYQhiCGIIYgRiB
MMIowijCKMIowijCKMIowijDKMIowijCKMIowijDKMIowijCKMIowijCKMIowijC
MMIxAjECMQIxAzEDMQMxAzEDMQM5AzEDMQIxAjECMQIxAjECMQIowijCMMIowijC
KMIowijCKMIowzEDMQQxAzEDKMMowyjDIMIowxiCEEEIAQgBCAEIAQgBCAEIAQgB
GIIowyjDKMMogikEMQQ5RTkEMQMxQzECMMIpAikDKQMowyjCKQIpAikCKQIpAikD
KQMpAykDKMIowyjDKMMowyjDKMMgwyDDIMMgwiDCIMIgwiDCIMIgwiDCIIIgghiC
GIIYghiCGIIYghiBEIEYgSiCKIIggiiCKMIowijBKMEowSjBKMEowijCKMIowijC
KMIowijCKMIowijCKMIowijCMMMwwzDDMMMxAzEDOQMxAzEDMQMxAzEDMQMxAzED
MQIxAzECMMIwwjDDMMIwwijCKMIowijCKMIpAjEDMQMwwyjDMQQxAyjDKMMpBClF
KQQgwxiCGIIYgiDCIMMgwykEKQQpBCkEIMMxBDlFQYU5BDEDMQQxAzEDKQMpAykD
KQMpAikCMQMxAjEDKQMpAyjDKQMowyjDKMMowyjDKMMowijCIMIgwiDCIMIYwiDC
IMIgwiDCIMIgwiDCIMIggiCCGIIYghiCGIIYghiCGIIowiiCKIIogiiCKIIogiiC
KIIogiiCKMIowyjCKMIowijCKMIowijCKMIowijCKMIowijCKMIowjDCMMIwwzED
MQMxAzEDMQMxAzkDMQMxAzEDMQMwwzDDMMIwwjDCKMIowijCKMIowiDCKMMwwyjC
KMIowykDMUQxRDEEKQMgwyjDKQMpBCkEKQQpBCjDIMMowykEKQQpBCEEIQMpAzEE
MQQxBDEDMQMxAzEDMQMpAykDMQMpAykCKQIpAykDKQMpAykDKMIowijCKMIowyjD
KMIowijCKMIgwiDCIMIgwiDCIMIgwiDCIMIgwiDCIMIYwhiCGIIYgRiCGIIYQhiC
KIIggiCCIIIggSCBIIIogiDCIMIgwiDCKMIowijCKMIowijCKMMowijCKMIowijC
KMIowijCMMMowijCMMIwwjDCMMMwwzDDKMMowijCMMMwwijCMMIowijCKMIowijC
KMIowiiCKMIgwijCMQMowyjDKMMgwykDIMMgwiCCIIIpAzFDMUQxRCkEKQQgwyDD
IQMpBCEEKQQhBCkEIQQpBCkEMQMxAzEDMQMxAzEDMQMxAzEDMQMxAykDKQMxAzED
KQMpAykDKQMpAykDKMMowyjDKMIgwiDCIMIggiDCIMIgwiDCGMIgwiCCIIIgghiC
GIIYghiCGIIYQhiCEIEYgSiCKIIogiiCKMIowijCKMIowijCKMIowijCKMIowijC
KMIowijCKMEowijCKMIowijCKMIowikCKMIowyjCKMIwwzDDMMMpAijCKQIowijC
KMIowijCKMIogijCKMIgwijCKMIowijCIIIggijDIMMowyDDGMIYghiCGIEYgSDC
KQIpAylDMUQpQykDIQMgwyDDKQMgwykDKQQhBCEEKQQpAykDKQMowykDKMMpAikD
KQMowyjDKMIpAikCKQIpAykDKQMpAykDKQMpAykDKMMowyjDKMMowyjDKMMgwiDC
IMIgwiDCIMIgwiDCIIIgghiCGIIYghiCGEIQghiBEIEogiiCKIIogSiCKIIogiiC
KMIowijCKMIowijCKMIowijDKMIowijDKMIowijCKMIowijCKMIowijCKMIowijC
KMIowijCKMIowijCKMIowijCKMIowijCKMEowijCKMIowijCKMEowiCBIIIowijD
KMMggxiCGIEQgRhBGIIowyjDKMMowykDKQMhAykDIMMYwiDDIMMgwykEKQQpRCkD
KQMpAykDKQIowijCKMIowijCKMIowijCKMMowyjDKMMowijCKMIgwiDDKMIowijC
IMIggiDCIMIgwiDCIMIggiCCIIIgwiDCIIEggiCCIIMgghiCGIIYghiCGIIYghiC
KIEogiCBIIEggSCBKIEogiiCKMIowijCKMIowijCKMIowijCKMMowijCKMIpAijC
KMIowijCKMIggiCBIIIowijCKMMowyjDIMIowijCKMIowijCKMIowijCKMIowijC
KMIowijCKMIowijCKMIowyDDIIMYghhCGEEYQRhBGIIgwyDDIMMgwyDDIQMgwxiC
GIIYghiDIMMpBCkEKUQpBCkDKMIowijDKMMowyjDKMMowiDCKMIowijCKMIowijC
IMIowijCKMIgwiDDIMMgwyDDIMMYwiDCIMIgwiDCIIIgghiCGIIYghiCGIIYghiC
IIIgghiCGIIYQhiCGIIYgSiCIIIogiiCKIIogSiCKIIogiiCKIIogiCCIMIowijC
KMIowijCKMIowijCKMIowijCKMMowiiCIIEggSDCKMIowijCMMIowijCKMIowijC
KMIowijCKMIowijCKMIowijCKMEowijCKMEowijCKMIgwhjCGIEYgRhAGEEYQRBA
GEAYQRiBGIEYgRiBGIIYghiCGIIYgiDDKQQpBCkEKQQowyDDKIIgwijCKMMowijC
KMIowijCKMIowijCKMIowijCKMIowijCKMIgwiDCIMIggiDCIMIgwiDCIMIgwiDC
IMIggiCCIIIgghiCGIIYghiCGIIYghCCGIEYgRiBGIEggiCCIIIggiCCIIIggiCC
IIIggiCCIIIggiCCIMIgwiDCIMIgwiDCKMIowijCKMIowijCKMIgwiDCIMIgwijC
KMIowijCKMIowijCKMIowijCKMIowikCKMIowijCKMIowijCKMIowijCKMIogiiC
IIIgghiCGIIQQhiCGEEQQRBBEAAQABABEEEQQRBBGEEYghiCIMMpBCjEKQQpBCkD
KMMggiCCIIIgwiDCIMIgwiDCKMIpAijCKMIowijCKMIowijCKMIowyjDKMIgwiDD
IMMgwyDCIMIgwhjCIMIgwiDCIMIggiDCIIIYghiCGIIYghiCGIIQgRiBEIEQQRBB
IIEggiCCIIIggiCCIIIggiCCIIIggiiCIIIggiCCIIIgwiDBIMIgwSDCIMIowijC
KMIowijCKMIowijCKMIowijCKMIgwijCKIIowzDDKMMowyjDKIIowijCKMEowikC
KMIgwijCKMIowijCKMIggSCBIIEYQSCBGIIQQhBCEEEQQRBBCAAIAAgBCAEIARBB
GIEggiDDIMMowyjEKMQowiCBIIIowiDCKMIgwiDCKMIowijCKMMowyjDKMMpAykD
KQMhAykDKMMowijCKMIgwijCIMIggiDCIMIYwiDCIMIgwiDBIMIgwiCBIIIgghiC
GIIYghiCEIIYghBBGEEYQSCBIIIggiCCIIIggSCBIIEggSCBIIEggSCBIIEggSCC
IIIggiCCIIIogijCKMIowijCMMIowijCKMIowijCKMIowSjCKMIowSjBKMIowijC
KMIowijCKMIowijCKMEowijCKMIgwiDCIIIggSCBIIEYgCCBGIEYgRhBEEEYQRBB
EEEQQRBBEEEYQRBBEEEQQhBCGIIYwiDDIMMggyCCGIEggSiCIMIowijCKMIowijC
KMIowyjDKMMowykDKQMowijCKMIowijCKMIowijCKMIowijCIMIgwiDCIMIYwiDC
IMIgwiDCIMIgwhiBGIIYghiCGIEYgRiBGIEYgRiAGIEggiCCIIIggSCBGIEggSCB
IIEgQSCBIIEggSCBIIEggSCCIMIggijCKMIowijCKMIowijCKMIowijCKMIowijC
KMIowijCKMIowijCKMIowijCKMIowyjCKMIowijCKMIowiDCIIIggiCCIIEggRiB
GIEYgRhAGEAYQRBBEEAYQRBBEEEQQRBBEEEQQRBBGEIYQRhBGEEggiCCIIEYgSCB
IIEgwijCKMIowyjCKMIowijCKMIowijDKMMowijCKMIowijDKMMowyjDIMMgwiDC
IMIgwhjCIMIgwiDCIMIgwiDCIIEggiCCGIIYghiCGIIYghiCGIIYgRiBEIEYgRiB
IMEggSCBIIEYgSCBIIEogSCBIIEggSCCIIIggiCCIIIggiDCKMIowijBKMIowijC
KMIowyjCKMIowijCKMIowijCKMIowijBKMIowijCKMIowijCKMIowiCCKMIowijC
IMIggSCBIIEggSCBIIEYgRiBGEEYQRhAGEEYQRBBEEEQQRBBEEEQQRBBEEAQQBhB
GEEYghiCGIIYgRiBIIEggSCBKMIowijCKMIowijCKMIowijCKMIowiDCKMIowijC
KMIowijCKMIowiDCIMIgwiDCGMIgwiDBGMIYghiCGIIgghiCGIIYghiCGIIYghiC
GIIYghiCGIEYgRiBGIEYgSCCIIIggSCBIIEggiCCIIIggiCCIIIggiCCIIIogijC
KMIowijCKMIowijCKMIowjDCKMMowijCKMIowikCKMIowijCKMIowijCKMIowijC
KMIowijCKMIowijCIMIgwiDBIMEggSCBGIEYgRiBGIEYQRhBGEAYQBhAGEAYQBhA
GEEYQRhBGIEYgRiBIIEggSCBIIEgQSCBIIEggSCBIIEggijCKMIowijCKMIowijC
KMIowijCKMIowijCKMIggiDCIMIgwiDCGMIgwiDCIMIgwiDCIIEggiCCIIIgghiC
IIIggiCCGIIYghiCGIIYghiCGIIYghiBGIEYgRiBGIE=
END m9
frame    13 :  a glass with tea +0.03  an empty glass -0.08   led   0/242 h0.02 lvl-0.03   -
frame    14 :  a glass with tea -0.04  an empty glass -0.10   led   0/255 h0.00 lvl-0.07   -

snapshot  : frame 15, mean RGB 111 108 108
BEGIN m9 128 128 32768 38979586
UkdKBmKJawprCmNLYwpbCnONhA+ED4QPe857z4xRlJKUkoxRhFGMkYzSlNKc0pzT
nNOU04ySjJGdE50TnROU0pTSnROlE6UUpRSc05TSpRSlFKVUnNOc06UUpRWlVaVV
nRWdFKVVrVWtVaVVnRSdFKVVrVWtVaVVpVWlFJ0UpVWlVaVVpVWdFKUUpRSlVa2W
pVWdFJ0UpVSlVaVVpVWdFJUUnVWdVKVVnVSVE50UnRWdVJUUlNOVE50UnRSdFJTU
lNOM04zTjNOM04yTjJKMkozSjJKM0ozSjNKEkXxRfFGEUYSRfFB8UHQQdFF8UXQQ
dBBrz2vPdA90D3QPc89jjlJHSgZaiWsLawtrS2sLYspzjIQPhA+ED3OOe86MUYyR
lJKMUYRRjJKUkpzSnNOc05zTlJOMkoyRnROdE50TlNKU0p0TpVSlFJ0UnRSU06UU
pRSlVJzTlNOdFKVVrVWtVaUVnNOlVa1VrVWlVJ0UnRStVa1VrVWtVaVVpVSdFKVV
pVWtVa1VpRSlFK0VpVWtlqVWnRSlFKUVpVWtVaVVnVSdFKVVpVWlVZ0UnNSdFJ0V
nRWVFIzTlRSVFJ0UlRSU1IzUjNOM1JTTjNOMk4yTjNKMkoyTjNKM04zSjJKEUYRR
hFGEkXxQfFB0EHQQfFB0EHQQa89zz3QQa9Br0GPPY45SSEIHWolrS2tLa0tjC1sK
c42ED4QQhBBzznvOjFGUUZSRjFGEUYyRlJKc05zTnNOc05zSlJKMkZ0TnRSdFJTT
lNOdFKUUpRSlFJzTlNKlFKUUpVSc05TTpRStVa1VrVWlVKUUrVWtVa1VrVWlFKUV
rVWtVa1VrVWtFaUUnRSlVa1VrVWtVqUVpRSlFa1VrVatVqUUpRSlVaVVpVWlVZ0U
nRSdVaVVpVWdFJTUnRWdFZ0VlNSU1J0UnRSdFJ0UlNSU1IzTjNSM04zTjJOMk4zT
jJKMkozSjNOM0oSSfJF8UXxRhJF8UXxRdBB0EHxQdBB0D2vPbA90D3QPdA9rz2OO
UkhKB1qJawtrS2tLYwtaynONhA6ED4QQc457z4xRjFGUkYxRhBCMUZSSlNOc05zT
nNOc05SSjJKdE50UnRSU05TTnRSdFKUUpRSc05TSpRSlFKVUnNOc06UUrVWtVa1V
pVWdE6VVrZWtVa1VpRSlVK1VrVWtVa1VrRWlFKUUrVWtVa1VrVWdFaVVpVWlVa2W
rValFKUUpRWlVaVVpVWdFJ0UpVSlVaVVnRSU1J0UnRWdFZTUlNOVFJ0UnRSdFJ0U
lRSM04zTjNOM0oySjNKM0oySjJOM04yTjJOEkoSRfFGEUYRSfFF8UXQQdFB8UXQQ
dBBrz2vQdBB0EGvPa85jjlqISgdaymtLa0xrS2tLWwpzjYQPhFCEEHOOe86MUIxR
lJKMUYxQjJGU0pzSnNOc05zTnNOUkoyRnNOlE6UTlJKU050TnRSlFKUUnNOU06VU
pVSlVZzTlNOlFK1VrVWtVaVUnNStVa1VrVWlVaUUpVWtVa1VrVWtVaVVpRWlFK1V
rZWtVa1VpRSlFK0VrVWtVqVWnRWdFKVVpVWlVaVVnRSdFJ0VpVWlVZ0UnNSdFZ0V
nRWVFJTUnRSdFJ0UnRSdFJUUjNONE5TTjNOM04yTjNOEkozSjNOM0oyShJKEkYRR
hFGEUnxRfFF0EHxQfFB0UHQQa89z0HQQdBBrz2vPY45aiUoHWolrS2tLa0trS2MK
c42ED4RQhBBzjnvOjFGMUZSSjFGMUYyRlNKc05zTnNOc05zTlJKUkpzTpRSdFJTS
lNKdE51UpRSlFJzTnNOlFKUUpVSU05zTpRStVK1VrVWlFJ0TpVWtla2WpVWlFKVV
rVatVa1VrVWtVaUUpRStVa1VrVWtVaVUpRSlVa1VrZWtVaUUpRSlVaVVrVWlVZ0U
nRSlVaVVpVWdFJUTnRSdFJ0UlROU050UnRSdFJ0UlRSVE4zTjNOU05TTjJOMk4zT
jNOM0ozTjNOM0oyShJKEUYRRhJJ8UXxRdBB0UHxRdBB0EGvPa9B0EHQQa89jjmON
WolKB1qJa0trS2tLa0tjCnONhA+ED4QPe857zoxRjJGUkYxRjFCMkZTSnNOc05zT
nNOU05SSlJKdE50UnRSU05TTnRSlFKUUpRSk05TTpVSlVKVVnROc06UUrVStVa1V
pRSc061VrZWtlaVVnRSlVK1VrVWtVa1VrVWlFJ0UrVWtVa1VrVWlFaUUpVWlVa1V
rVWlFKUUpVWtVa1VpVWdFJ0UpVWlVaVVnRSU1J0UnRWdFZ0UlNSVFJ0UnRSdFJzU
lNOM05TTlNOU04ySjJKM0ozSjNKM04zTjJKEkoSShFGEkYSRfFF8UXQQdBF8UXQQ
dBBrz3PQdBB0D2vPa85jjVqJSkdayWtMa4xrTGsLYwpzjYwPjA+EEHvOe86MUZSR
lJKMUYRRjJKUkpzSnNOc05TSlNKU0pSSnROdE50UlNKU0p0TpVSlFKUUnNOU06VU
pVWlVZ0TnNOlFK1VrVatVaUUnROtVa2VrZatVaUUpVStVa1VrZWtVaVVpVSlFK1V
rVWtVa1VpVSlFKVVrVWtla1WpRSlFa1VrVatVa1VpRSlFKUUpVWlVZ0UnROdFJ0V
nVWVFJTTlRSdFJ0UnRWdFJUTjNOVE5TTlNOMkoySjNOEkozTjNOM04zTjJKEkoRR
hFGEUXxRfFF0EHxRfFF0EHQQa89zz3QPdA9rzmOOY41ayUpHWslrS2tMa0xrTGML
a42ED4wQhBB7z3vOjFGUkZSSjFGEUIySlNKc05zTnROc05TTlJKUkp0TnROdFJTT
lNOdFKVUpVSlFJ0TlNOlVaVVpVWdFJzTpRStVa1VrVWlFJ0UrVWtVa2VpVWdFKVU
rVWtla2WrZWtVaUUpRStVa1VrVWtlaVUpVSlVa1VrZWtVaUUpRWlVa1VrZWtVaUU
pRSlFK1VpVWdFJUTnVSlVKVVnRSU1J0UnRSdFJ0UnRSVE5TTlNOU04zTjNKM0ozT
jNOM04zTjNOE04SShFGEUYRRhFF8UXxRdBB0EXxRdBB0EGvPa89sEGwPa85jjluN
YspSSGLKc0xzTHOMa0xjC3ONhA+EUIRQe897z4yRlJGUkoxRjFGMUpSSnNOc05zT
nNOc05SSlJKk06UUpRSU05TTnRSlVKVUpRSlE5zTpVWlVaVVnRSc06UUrVWtVa1V
pRSlFK1VrVWtVa1VpRStVa1VrZatlq2VrVWlFaUUrVWtVa1VrZalVaVVrVWtVa2V
rZWlFKVVpVWtVa1VpVWlFJ0UpRSlVaVVnRSU1J0UpVSlVZ0UnROdFJ0UnRSdFJ0U
lRSM05UUlNOU04zSjNOM04TTjNOM04zTjNOEkoSShFGEUYSRfFF8UXQQdFF8UXwQ
dBBrz2vQbBBsEGvOY85jjWLKSkhiynNNc41zjXNNawxzjoQPhBCEUHvOe86MUJSR
lJGMUYxRjJKU05zTnNOdE5zTnNOUkpSRpROlFKUUnNKc06UUpVSlVKVUnROc06VV
pVWtVZ0UnNOlFK1VrVWtVaVUpRStVa1VrZatVaUUrRStVa2VrZatla2VpVWlFLVV
rVa1Va2WpVWlVa1VrZatlq2WpVSlVKVVrZWtVaVVpRSdFKVVpVWlVZ0UlNSdFaVV
pVWdFJUTnRSdFJ0VnRSVFJTUjNOVFJTTlNOU04zTjNOM04zTjNOM04TThJKEUYRR
fFGEkXxRfFF0EHxRfFF0EHQQa89rz3QQbBBrz2POY41jClKIYwp7jXONc41zTWtM
c42ED4RPhBB7z3vPjJGMkZSSjFGMUYxSlNKc050TnROc05zTlNKUkqUUpRSlFJzT
nNOlFKVUrVSlVJ0UnNOlFKVVrVWdFJ0TpRStVa1VrVWlVaUUrZWtVbWVrVWlFKUU
rVWtVa2WrZatlaVVpVStVa2WrZWtlqVVpVWtVa2WrZatlqUVpVWlVa1VrZWtVaVU
nRSlVaVVpVWdFJzTpRSlVKVVnRSVE50UnRSdFJ0UlRSVFIzTlRSU05TTjNOM04zT
jNKM0pTTjNOM04SShJKEUYRRhJF8UXxRdBB8UXxRdBB0EGvPa89sEGwQa89jz2OO
YwtSiWMLc4xzjXONa4xrTHONhA+ET4RQe897zoxRlJGUkoxSjFGMkpTTnROdE50T
nNOU05TSlJKlFKUUpRSc0pzTpRSlVa1VpRSlFJzTpRStVa1VpRSc06UUrVWtVa1V
pRSlFK1VtZa1lq1VpRStVK1VtZa1lq2WrZWlVaUUrVWtla2WrZalVaVVrVWtlq2W
rZalVaVVpVWtla2VrVWlVKUUpVSlVaVVnRSc06UUpVSlVZ0UnROdFJ0UnRSdFJUU
lNOU05UUlNSU04zTjNOM04zTjNOM04zThNOEkoRShFF8UoSSfFF8UXQQfFF8UHRQ
dBBrz2vQdBBrz2vOY45jjWtLWspjC3vNe81zzXONa4xzjYQPhFCEUHvPe86MUZSR
lJKMUoxRlJKc0qUTpROdE5zTnNOUkpSRpRSlFKUUnNOc06UUpVWlVaVVnRSc06UU
rVWtVaUUnRSlVK1VrVWtVaVVpRStlrWWtZatVaUUpVWtla2WtZatlq2WrVWlFK1V
rZatlq2WrVWtVa1VrVWtlq2VpRSlVa1VrVWtVq1WpVSlFKVUpZWlVZ0UnRSlVKVV
pVWdFJ0UnRSdFJ0UnRSVFJTUjNOU1JUTlNOM04zTjNOM0ozTjNOM04TThJKEUoRR
hFKEUoRRfFF0EHxRfFF0UHQQa89r0GwQbA9jz2OOY41rTFrKawx7jnuOe857znON
c86EEIxRjFCED3vOjJGUkZSSjFGMUJSSnNKc06UTpROdE5TTlNKU0p0UpRSlFJzT
nNOlFK1VrVStVKUUnNOtVK1VrVWlFJ0TpVStVa2VrVWtVaUUrVWtla2WrVWlFK1V
rZatlq2WrZatVa0UpRStVa1VpRStVaUUpRSlFKUUrVWtVaUUpRStVK1VrVWtVaUU
pRStVK1VrVWlFJzTpRSlVaVVnRSU1J0UnRSdFJ0UnRSVE5TTlROVE5TTlNOM04zT
jNKM04zTjNOE04SShJKEUYRShFKEUXwRdBB8UHxRdBB0EGvPa9Bz0HPPa85jjmON
c4xjCnNLe857znvOc85zjXvOjFCMUIxRhBB7z4ySlJKUkpSRjFGUkZzSnROdE50T
nROU05TSlJKlFKUUpRSc0pzTpRStVa1UrVSlFKUTrVWtVa1VpRSc06UUrVW1lbWV
rVWlFK1VtZW1lq2VpRSlFK1VrVSlE6UTnNKUkZSRlJGUkZSRlJKUkpySnJKUkZSR
lFGUUJRRlJGUkZSRlJKU050TpVStVa1VpRSdFKVVpVWlVZ0UlNOdFJ0UnVSdFJUU
lROM05TTlNOU05TTjNOM04zTjNOM04zSjNKMkoRSfFGEkoSSfFF8UXQQfFF8UXQQ
dBBrz3QQdA9zz3PPY45jjnONY0xrjXvPfA98D3vPc457z4QRjFGMUYQQhBCUkpSS
lJOUkoxRlJKc0pzTnROdE50TnNOc05TSnRSlFKUUnNOc06UUrVWtVa1VpRSc061V
rVWtVaUTnROlFK1VrZW1lq1VpRStVa1VrVWlFJzSlJGUUJRQlJCc0ZzSnNOdE6UU
rVWtlrXXvhm+GcYZtde1163XrZetlq1VnNOUkpSSjFGMUZSRnNKdE50TnROdVKVV
pVWdFJUUnRSdFJ0UnRSdFJUUjNOU05TTlNOU04zTjNOM0ozTjNOM04zThJKEUoRR
hFGEkXxRfFF0EHxRfFF0EHQQa890EHQQbA9rzmONY417zmtNc42ED4QQhA97z3vO
e8+EUIxRjFGEEHvPlJKUkpzSlJGMkZSSnNKdE6UUpROlFJzTnNKckqUUpRSlFJzT
nNOlFKUVrVWtVaUUnNOtVa1VrVWlFKUTrVStlbWVtZatVaUUrVSlE5TSlJGUUZSS
nNOlFKUVrVWtVaVVpRStVbWWtdfOWs6bzpvOm73Yvhi+GL4Ytdi1lq1VpVWlFKUT
nROc05SSjFGMkZSSnROlVaVVnRSVFJ0UnRSdFJ0UnRSdFJTTnNSVFJTTjNOM04zT
jNOM04zTjNOE04SShJKEUYSShFJ8UXxRdBB8UXxQdBB0EGvPbBBsEGwPY85jzWON
fA9rjXPOhBCEEIQQhBB7z3wQjFGMUpSRhFCEEJSSlJKU0pSSjFGUkpzTnNOdFKUT
nROc05zTnNKlFK1UpRSc0pzTpRStFa1VrVWlFJzTrVWtVa1VpRSc061VtZa1lrWV
rVSc05zSlJKU0pzTnNOlFKUUrVWtVa1VrVWtVaUUpVW12M6a79/nX+df75++Gs6b
zprW274YrZWtVa1UpRSdFKUUpRSlFJzTlNOMkoySlNOlFJ0UnRSdFJ0UnRSdFJ0U
lROU05TTlROU05TTjNOM04zTjNOM04zThNOEkoSShFGEUYRRhFB8UHQQfFF8UXQQ
dBBrz2vPdBBsD2POY45jjoQPc45zjoRQhBGMUIQQhA+EEIxRlJGUkYRQhBCUkpTS
nNOUkoyRlJKc0p0TpROlE50TnNOc05TSpRSlFKUUnNOc06UUpRStVa1VpRSc061U
rVWtVaUUnNOtVLWVtZWtVZzSlJGU0ZzSpROtVKUUpRStVK1VrVWtVq1VrVWlFKVV
zlnfHfff51/nn+/fvlnO286a3xy+Ga2VrVWtVa0UnRSlFJzTpRSc05zTlNOMkYRR
lNOdFJ0TnVSdVJ1UnVSdFJUTlNOU05TTlNOU04zTjNOM04zTjNOM04TThJKEUoRR
hFGEUXxRfFF0EHxRfFF0EHQPa850D3QPdA9rzmOOY46EEHOOe8+MUIxRjFGMUYQQ
hBCUUZSRlJKMUYQQlJKc05zTlJKMkZSSnNOdFJ0UpRSdFJ0UlNOU0qUUpRSlFJzT
nNOlFKUUrVWtVaUUpRStVa1VrVWlFJzTrVS1lbWVnNKUkZTRnNKc0qUUrVWtFKUU
rVWtVa1VrVWtVa1VpRStVb3X1tvv3+ef55/v375azpvOmt7cvhitVa1VrVWlFJzT
pRSlFJ0UlNOUkpzSjJGMUYRRnNSdE50UpRSlFKUUnRSVE5TTlNOVE5TTlNOMk4zT
jJOM04zTjNOE04SShFJ8UXxShJJ8UXxRdBB8UXxRdBB0EGvPa89sD2wPY85jjWOO
hBB7z3vPhFGMUYxRjFGEEIQQlJKUkpSSjFGEEJSSnNKc05SSjJKUkpTTnROlE6UT
pROdE5zSnNKlFKUUpRSc05zTpRSlFK1VrVWlFJzTrVStVa1VpRSlFK1VtZa1lZTS
lJKc0pzTnNOlFK1VrVWlFK1UtZWtla1VrVWtVa1UrVW1lcYY99/nn+ef79++Wc7b
zprfHL4YpVWtVa1VpRSdFKVUpRSdFJTTjJKU04zSjJGEUZzTnNOdFKUUpRSlFJ0U
nROU05zUlROU04zTjNOM04yTlNOM04zThNOEkoRSfFGEkoSRfFF8EXQQfBF8UXQQ
bA9rz2vQbBBrz2POY45jjYxRhBCEEIxRjFGMUYxRhBCMUJSSlJKUkoxRhFGc0pzS
nRKckpSSlJKc06UTpROlE6UTnROc0pySpROlFKUUnNOc06UUpRStVaVUpRSc061V
rVWtVaUUpRStVbWWrVWc05ySnNKc0pzSpRStVaUUpRStVa1VrVWtVa1VrVWtVa1V
rVW91/ff55/nn+/fvlnO286a3x2+GK1VrVWtVaUUnNOlVaUUnROU0oySjNKUkpSS
lJGc050TnRSlFJ1UnVSdFJUTlNOU05UTjNOU04zTjNOMk4zSjNOM0ozShJGEkYRR
hJKEkYRRfBF8EXxRdFF0EGwPa89rz2wPbA9jzluOY46MUXwPfBCMkZSRjJGMkYRQ
jFCU0pTSnNKUkYxQnNKc0pzSlJKUkpSSnNOc050TpRSlFKUTnNKc0qUTpRSlFJzT
nNOlFK1VrVWtVaUUpROtVK1VrVWdE6UUrVW1lq1UnNOU0pSRlJKUkqUTrVWlFKUU
rVWtVa1VrVWtVa1VrVStVa1VtZbvn+de557nnr5ZztvO299dxpqtVa1VrVWlFJzT
rVWlFJzTlJKMUYySjJKU05TTnNSdE50UpVSlVJ1UnRSVE5TTlROVE4zTlNOM04zT
jNOU04zTjNOM04SShJKEUYSShFJ8UXxRfBB8UXxRdBB0D2vPa89sD2wPY85bjWON
jFGEEIQQjFGMUZSSjJKMUYxRlJKUk5TTjJGEUZzSnNOc05STjJKU0pzTpNOlE6UU
pROdE5zSlNKlFKUUpRSc05zTpRSlFK1VrVSlFJzTrVWtVa1VpROlFK1UtZWlFJ0T
nNKc0pzSnNKc0qUTpROlE61UrVWtVa1VrVWtVaUUrVWtVbWW51znXuee516+GNbb
ztrfXMZZrVStVa1VpRSc061VpROUkpSSlJKUkpSSnNOdE5zTnROdVKVUpVSlVJ0U
nRSU05TUlNOU05TTlNOU04zTjNOM04zThNKEkoRShFGEkoSRhFF8EXQQfFF8UXQQ
dA9rz2wPdA9sD2POW41jjoxRhBCEEIxRjJKUkpSSjFGMUZSSlJKc05SSjFGc05zT
nNOckpSSnJKc05zTpROlFKUUnRSc05zTpRSlFKUUnNOc06UUrVWtVa1VpRSlE61U
rVWtVaUUpRStVbWVpVSlE5zSnNKc0pzTnNOlFKUTnNKk0qUTpROlFK1VrVWlFK1V
tZWtVd8b513nXd8ctdfWms5a3tvGGKUUpRSk05zTnNOlFKUTlNKUkpSSlJKU05TT
nRSVFJ0UnVWlFKVUpVSlFJ0TlNOU1JUTlNOM04zTjNOMk4zTjNOM04zThJKEkXxR
hJGEkYRRfFB0EHxRfFB0EGvPa89sD2wPbA9jz1uOW46MUYQQhBCMUZSSlJKMkoxR
jFCUkpSSlNKMkoxRlNKc050TlNOUkpSSnNOc06UTpRSlFJ0UnNOckqUUpRStVJzT
nNOlFK1UrVWtVaUVpROtVa1VrVWlFJzUrVS1laUUpROc05zSpROc06UUrRSlFKTT
pROlFKUUpRStVK1VrVW1lrWWrVXfG++e75/nXbYXzprOmtccvhilFKUUpRSc05zT
pRSdE5SSlJKUkoySlJKc06UUnROdFKVUpVSlVKVUpRSdFJTTlROVE5TTjNOM04zT
jNOM04zTjNOMk4yShJGEUISRhJF8UXxRdBB8UXxRdBBsD2vPa89sD2vPY85bjVuN
jFGEEIQQjFGMkZSSlJKMUYxRlNOU0pTTjJKMUZzTnROc05TSlJKU0pzTnNOdFKUU
pRSlFJzTlJKlFKUUrVSc05zTpRStVK1VrVWlFJzTrVWtVa1VpRSc061VtZWlFKUU
nNOc05zTnNOlFK1UrRSk06TTpROlFK1VrVWtVr3X1prOWr4Y99/33/ff79++Wc7b
zprfHL4YpRStVaUUnNOc05zTnNOUkpSSlJKMkpSSnNOdFJ0TnRSlVaVVpVWlVaUU
nROU05UTlROU05TTlNOU04zTjNOM04zShNKEkYSRhFGEkoRRhFF8EHwQfFF8UXQQ
c89rz2vPbA9sDmPOW41jjoxRhBCEEIxRjJGUkoySjFGMUZySlNKU05SSjFGc05zT
nNOU0oySlNKc06UUpRSlFJ0UnROc05zSpRSlFKUUnNOc06UUrVWtVa1VpVSlE61V
rVWtVaUUnNOtVbWWpRSlFJzTnNOc05zTpRStVa1UnROlE60UrRS1Va1VrVbGGN7c
3tvGWf/f/9//3/ffvhjOms6a1ty+GaUVpVWlFJzTnNOc05zTlJKMkpTSjJKU0pTT
nRSdE50UpVWlVaVVpVWdFJ0UlNOc1JzTlNOM04zTjNOMk4zTjNOM04TThJKEkXxR
hJGEkXxQfBB0EHxRfFF0EGwQa89r0GwQa89jzluNW42UUYQQhBCMUZSSlJKUkoxR
jFGUkpSSnNKUkoxRnNOc05zTlNOUkpTTnNOc06UUpRSlFKUUnNOckqUUpRSlFJzT
nNOlFK1VrVWtVa1VpNOtVK1VrVWlFKUUrVW1laUUpRSc05zTnROdE6UUrVWlFJzT
pROlE61UrVWtVa1VzlnnHNbbxln/3//f/9/vn74YzprOmtbbvhilVKVUpRSc05zS
pRSlE5zTlJKUkoySlJKU0p0UnROdFKVUpVWlVaVVnRSdFJTTlNSdFJTUlNOU05TT
jNOM04zTjNOM04SShJGEUYSRhFF8UXxQfBB8UXxRdBBzz2vPa89sD2vPY45bTWOO
jFKEEIQQjFGUkpSSlJKMUYxRlNKc0pzSlJKMUZzTnNOc05TTlJKUkpzTnNOlFKUU
pRSlFJzTlJKlFKUUpRSc05zTpRStVK1VrVWtVJzTrVWtVa1VpRSlFKVUrVWlFKUU
pNOc06UTpNOlFK1UpROc0pzSnNOlE60UrVStVc5Z3tvWmsYY/9//3//f7562GM6a
zprW274YpRSlFKUUnNOc05zTnRSU05TSlNOMkpSSlNKdFJ0UnRSlVKVUpVSdVJ1U
nROU05UTlROU05TTlNOU04zSjNOM04zTjNKEkoRSfFGEUoRRfFF8UHQQfFF0EXQQ
a89rz2vPdA9rz2OOW01jjoxRhBB8EIxRlJGUkpSSjFGEUJSSnNKc05SSjFGc05zT
nNOc05SSnNKc06UTpRSlFKUUnNSc05zTpRSlFK1VnNOlE6UUrVStVa1VpRSc061V
rVWtVZzUpRStVa1VpRSlFJzTpNOlFKTTpRStVa1UnNKc0qTSpROlVK1UrVTGF97a
1tvOWf/f/9//3/ffvhnGms6a1tu92KUUpRSlFJzTnNOlFKUUlJKUkpTTjJKU0pTS
nROdE50UpVSlVKVVpVWdFZ0UlNSU1JTUlNOM04zTjNOM04zTjNOM04zTjJKEUoRR
hJKEUYRRfBF0EHxRfBB0EHPQa89rz2vQa89jjltNY46MUYQQhBCMUZSSlJKUkoxR
jFGUkpySnNOUkoxRnNOc05zTnNKUkpSSnNOlFKUUpRSlFKUUnNOc06UUpRStVZzT
nNOlFK1VrVWtVa1VpROtVK1VrVWlFKUUrRStVa0UpRSlFKUTpRSk06UUrVWtVJzS
nJKc0qUTpRStFKUUtZbOWfee717/3//f/9//39abzlrOWtabvdilFKTUpROc05zT
pRSlVJTTlNKU05SSlJKUkp0TnROdFJ1UpVWlVaVVnVSdFJTTlRSVFJTUjNOM04zT
jNOM04zTjNOM04SShJKEUYSShFGEUXwQfBB8UXQQdBBr0GvPa89sEGvPY45bTWOO
jFGEEHwQjFGMkpSSlJKMUYxRlJKU0pTTjJKMUZzTnNOc05zTlJKU05zTnRSlFKUU
pRSlFJzTlJKlFKUUpRSc05zTpRSlVa1VrVWlFJzTrVStVa1UpROlE60UrVStFKUT
pROlE60UpRSlFK1VrVWc0pSRnNKk0qUTpROlE6UTvdf/3/+f/9//3//f/9/WnN8d
1tzW3L3YpRSlE6UUnNOdE6UUpRSUkpSSnNOMkpSSlJKdE50UnRSlFaVVpVWdVZ1U
nRSdE50TlRSU04zTlNOU04zTjNOM04zTjJKEkoRRhFGEkoRRhFF8EHQQfFF0EXQR
a9Brz2vPa9Brz2OOW01jjoxRhFCEEIyRlJGUkpSSjFGMUJSSlJKc05SSjFGUk5zT
nNOc05SSnJOc05zUpRSlFKUUpRSc05zTpRSlFKUUnNOc06UUpRStVK1VpRSc061U
rVStVKUTpROlE61UrRSlFKUUpRSlFKUUnROdE6UTlJGUUZyRnJKk06UUpRStlc6Z
/9//n//f/9//3//f3tznXuef79/W3a1VpRSlE5zTpROlFKUUlJKUkpzTjFGUkpSS
nNOlFJ0UpVWlVaVVnVWdVZ0UlNSdFJ0UlNSM04zTjNOM04zTjNOE04TShJKEkXxR
hJGEUoRRfBB8EHxQfBB0EGvPa89zz2vPa89jjltNY46MUYQQhBCMUYxRlJKUUYxR
jFCU0pTSnNOUkoxRnNOc05zTnNOUkpzTnNOlFKUUpRSlFKUUnNOc06UUpRSlFJzT
nNOlFKUUrVStVKUUnNOtFK0UrVSk06TTrRStFK0UrRSk1KUUpRSlFKTTlFGUUJRR
lJGckZzSpROlE6UUvdffHP/f95//3//f/9//39ac3x3nXu/f55+tVZ0TnNOc05zT
pRSlFJSSnJKc05SSlJKUkpzTnRSdFKVUpVWlVaVVpVWdFJUTlROdFJUTlNOU05TT
lJKM04zTjNOMk4yShFGEEYRRhFF8UXxQdBB8UHxRdBBrz2vPa89r0GvPY45bTWOO
jFGEEIQQjFGUkpSSlJKMUYxRlJKUkpzTlJKMUZzSnNOc05zTlJKUkpzTnROlE6UU
pRSc05zTnNKlVKUUrVSc05zTpRSlFK0VrRWlFKUTrRStVK1UpROlE60UrRStFK0U
pRSlE6UTpROc0owPg86MT5SRnJKk06UTpROlVMYY3tv/n/ee/9//3//f/9/WnN8d
51/vn+dfrVWdE6UTnNKc0pzTnNOMUpSSnNOUkpSSlJKc06UUpVSlVKVVpVWlVaVV
nRSU050TnROc05TTlNOU04zTjNOM04yTjJOEkoRSfFGEkYRRfFF8EHQQfFB0EHQQ
a89rz2vPa9Bjz2OOW01jjoxRhFCEEIxRlJKUkpSSjFGMUJSSnJKc05SSjFGc05zT
nNOc05SSnNOc050UpRSlFKUUnNOc05SSpRSlFK1UpROc06UUpRStVK0UpRSc060U
rRStVKTTpNOtFK1VrRSlE6UTpROlE50TnJKMD4POg82UT5yRpNKk06UUrVXGGNaa
zlnnHf/f/9//3//f1pvfHd9e79/nn61VnROlE5zSnNKc05zTlJKUkpzTlJKUkpSS
nNOdFKUUpRSlVaVVpVWdVZ0UnNSdFJUUlROU05TTlNOU0ozTjNOMk4yThFJ8UnwR
hFGEUXxRdFB0EHxRfBF0EGvPa89zz2vQa89jjltNa46MUoxQhBCMUZSSlJKUkoxR
jFGUkpSSnNOUkoxRlNKc05zTnNOUkpzTnNOlFKUUpRSlFKUUnNOc061VpRStVZzT
nNOlFKVUrVStVKUTnNOlFKUUrRSk06TTrRStFK0UrRSlFKUUpROk0pRRlBCLzoPN
i86ckKTSpNOlFK0UzlnWms5Z3tv/3//f/9//386b1x3fXuef556tVaUUpRSc05zT
nNOc1JSSlJKc05SSlJKUkpzTnROlFKVUpVWlVaVVnVWdFJUUnRSdFJUTlNOU05TT
lNOM04zTjJOMk4RShFKEUYRShFF8UXxRdBB8UXwRdBBrz2vPa9BsEGPPY45bTWOO
jFGEUIQPjFGUkpSSlJKMkYxRlNKU0pzTlJKMUZSSnNOc05zTlJKc05zTpROlFKUU
pRSc05zTnNKlFKUUrVSk06TTpRSlFK0VrRWlFJzTrRStFK0UpNOk060UrVStFK0U
rRSlFKUTpROMUIxPlA6LzYOMlA6c0qTTpRSlFMYY1prGGc5Z/9//3//f/9/Om9bc
113nXuefrVWc05zTnNOc050TpRSUkpSSnNOUkpSSlJKc050TnRSlFaVVpVWlVZ1U
nRSVFJ0UnRSU1JTTlNOU0ozTjNOM04zTjJOEkoRShFGEkoRRfFF0EHQQfFF8EHQQ
a89rz2vQa9Brz2OOW01jjoxRjFGEEIxRlJGUkpSSlJGMUJTSlJKU04ySjFGc0pzT
nNOc05SSnNOc06UUpRSlFKUUpRSc05zTpRSlFK1UnNOc06UUpRStFa1VpRSc060U
rRStFaTTpNOtFK1UrRStFK0UpRSlFJzSlFCUT5QOi82DjIuMnE+k0qUTpRPGGNaa
xlm92P/f/9//3//fzpvW286a1tvvXq1VlJGUkYxQlJKc05zUlJKUkpzTlJKUkpSS
nNOc06UUpVSlVaVVpVWdVZ0UlNOdFJUUlNSU05TTlNOU05TTjNOMk4yThJKEUXxR
hJGEUXxRfBF8EHxRfBF0EGvPa89r0GwQY89bjltNY46MUYRQhA+MkZSSlJKUkoxR
hBGUkpSSnNKUkoxRlJKc05zUnNOUkpTSnNOlFKUUpRSlFJzTnNOc061VrVWtVaUT
pNOlFK0UrRWtFa0UpNOtFK0UrRSk06TTpROtVKUUrRSlFKUTpRKUUIwPlFCUDovN
g4uDi4OMnJGk05zTxhjWmcYYtZb/3//f/9//38YaxhnOWtaa5xyUUXMJcwlzCHMJ
g4yU0pSSlJOc05SSlJKUkpzTpNOlFKUVpVWlVZ1VpRSdFJUUnRSdFJzTlNOU05TS
lNOU04zTjJOMk4SSfFGEUYRRhFJ8UXQQdBB8UXQQdBBrz2vPc89zz2vPY45bTWOO
jFGMUYQQjFGUkpSSlJKMUYxRlJKUkpzTlJKMUZSSnNOc05zTlJKc0pzTpRSlFKUU
pRSc1JzTnNOtVK1UrVSlE5zTpROtVK1UrVSlE5zTpRSlFK1VpNOk060UrRStFK0U
pRSk04QNg8yLzZQOlA6LzYNLg0qDSpPMnNKUkb3WzlnGGLWW/9/3nv/f956tlr3X
zpnWmt7be89SR1pHYkdqiGJIg0uUUZSSnNKUkpSSlJKc06TTnRSlVKVVpVWlVZ1U
nROdE50UnRSVE5TTlNOU04zTjNOMk4yTjJOEUoRRhFGEkYRRfFF8EHQQfFF0EHQQ
a89sD2wPa89rz2OOW01jjoxSjFGEEIxRlJKUkpSSjJGMUZSSnJKc0pSSjFGc05zT
nNOc05SSlJKc05zTpRSlFKUUnNOc05zTrVStVK1UpROdE6UUpRSlVa0UpROc060U
rRStFaTTpNOtFK0UrRStFKTTjA9zCYvMlA2UDYvNi4yDS4NKg0qDSpQNi82k0L2V
xdac085Z1pvnHecdpVa9l9aazlnemnvPUgdaiGsJe0pih1qIe82UkZzSlNKUkpSS
nNOk06UUpVSlVKVVpVSlVJ0UnRSdFJ0UlNOU05TTlNKMk5STjJOMk4yShFJ8UXxR
hJKEUXxRdBB0EHwRfBF0EWvQa9Br0GvQY9Bjj1tOY46MUYxRhBCMUZSSlJKUkoxR
jFCUkpSSnNOUkoxRlJKc05zTnNOUkpzTnNOlFKUUpRSlFKUUnNOc061VrVStVKUT
pNOlFK0UrRStFKUTnNOtFK0UrRWk06TTrROtFK0TpRSk03MKcwmLy5QNlE2Ly4NJ
gwiDB3rGeseDSXsJewmLzKzRawqtVNab513vXq1WtZbGGMYY1pqMUXMLcohqh1oF
UcNaBVHEg8yUkZSRlJKUkpTTnROdFKVVpVWlVaVVnRSdFJ0UnRSdFJTTlNOU05TT
lNOMk4yTjJOMk4RShFF8EYRRhFF8UXwQfBB8EXwQdBBrz2vPbBBsEGvPY45bTWOO
lFGMUYQQjFGUkpSSlJKUkoxRlJKUkpzTlJKMUZSSnNOc05zTlJKUkpzTnNOlFKUU
pRSlFKUUnNOtVK1UrVWlFJzTpRSlFK1UrVSlFKTTrRStFK0UpNOk06UUrRSlFKUU
jFFaRnMJi8uUDJwNk8uLiIMHeoVyRXJEagVhxFoFWgZiR0nErJDWmt7b3tuc1KUU
tZe919aanNODjGKHYkZRxFHEWcQ5AUmDasdzSXvMjFGU05zUpRSlVKVUpVWlVJ0U
nRSVFJ0UnRSc05TTlNOU0pTTjNOMk4yThJOEUnxRfFGEknxRfFF0EHQQfBF0EHQQ
a89rz2vQa9Br0GOOW05jj4xRhBCED4xQlJGUkpSSlJGMUZSSlJKUkpSSjFGc0pzS
nNOc04ySlJKc06UTpRSlFKUUpRSc05zTrRStFK1UpNOk06UTpRStFK0UpRSk060U
rRStFKTTpNOtFK0UrRStE4xQWkZzCYOLlAyUTZPLi4iLB3pEcgNpw1FCQMA4gDCA
MIAwwYtMvdfGGM5ZlJKckr2WtVXWWJzRg8x7CXLIYgVBAkDCMEAwgDjAQQJaRoxQ
nNOdFJ0UpVSlVKVVnVWlVJ0UnRSdFJ0UlNOM05TTlNOM04zTjNOMk4yThJKEUXxR
hJF8UXxRdBB0EHwRdBB0EGvPa89r0GwPY89bjltNY46MUYxRhBCMUZSSlJKUkpSS
jFGUkpSSlNOUkoxRlJKc05zTnNOUkpSSnNOc06UUpRSlFJzTnNOc060VrRStFKTT
pNOlE60UrRStFKzUpNOtE60UrRSk06TTrRStFK0UrRSUUFpHcwp7iovMlA2TzJOK
i0l6hmHDWUNIwThAMEAwQDiAQMB6h4tLtNHeFpPOnFC1U7VT1lek0YvLg0mDCGqG
UYNRQkDBSMBRAVFCaoaMUJTTnNOc06VUpVSlVKVVnVWdFJ0UnRSdFJTUlNOU05TT
jNOM04yTjJOMkoRSfFGEUYSRhFF8EXQQdBB8UHQQdBBrz2wPbBBsEGPPW45bjWPO
jFGMUYQQjFGUkpSSlJKMUYxQlJKUkpTTlJKMUZySnNOc05zTlJKc05zTnNOlFKUU
pRSc05zTnNOlFKUUrVWc05zTpROlFK0UrRSlFJzTpRSlFKUUnNOk06UUrRStFK0U
lFFaRXLHewiLipPLi8uTyYuJgwdqA1lCSII4QTAAMAA4QEiAWQJQwZuM3dWTzYvN
nE+kkMWUpI+TyoNIgwdyhWHCWYJRAEjAWQFhg3LHjFGck5zTnROlVKVUpVWlFaUV
nRSc1J0UnRSc05TTlNOU04zTjNOMk4yTjJOEUoRSfFGEUnxRfFF0EHQQdFF0EHQQ
Y89sD2wQa9Brz1uNW01jzoxRjFGEEIxRlJKUkpSSjFGMUJSSlJKc05SSjFGc05zT
nNOc05SSnNOc05zTpROlFKUUpRSc1JzTpRSlVK1UnROc0qUTrRStFK0UpNOc06UT
pROlFJzTnNOk1KUUpRSlFJRRWkVqhnLHg0iLiouKk4qTiYtIeoVRg0DBOEAwQDAA
OEBAgFECUQGbi83Ti42UD5xQpJG1U5yQi8qDiYNHcoRhw1lCUQBQwFkAWYJzB4xR
nNOc05zTpRSlVKVUpVWlVJ0TnROdFJ0UlNOU05TTjNOMk4yTjJOMk4SThFJ8UnxR
hFJ8UXxRdBB0EHwRdBFz0GvPa89rz2vQY89bjltOY4+MUoxRhBCMUJSSlJKUkoxR
hFCUkpSSlNOUkoxRlJKc0pzTnNOUkpSSnNOc06UUpRSlFKUUnNOc06UUpRStFJzT
nNOk06UUpRSlFKTUpNOk1KUTpROc0pzTpROlE6UTpROUkWIGYgViRXLHg0mLipPK
k4qLSYLHYcRJATiBMEAwQDhAQIBZAlECk0vFEYtMk86cD6RPrNCcDYuJg0mDCGpF
WYNZglEAUMBRAVmDcwiMUZySnNOc06UUpVSlVaVVpRSdFJzTnNSc1JzTlNOU04yS
jJOMk4yTjJOEkoRRhFF8UYRRfFF8UXQQdBB8EXQRa9Bjz2vQa9Br0GOPY45bTWOO
lJKMUYQQjFGUkpSSlJKMUYRQlJKUkpTSlJKMUZSSnNOc05zTlJKUkpzTpRSlFKUU
pRSlFKUUnNOtFK0UrRSc05zTnNOlFKUUpRSk1JySpNOk06TTnJKc0qTSpNOk06TT
lFFiBmHEWcNqRHsHg0iLiYvKi0mDCHJFUUJAgThAOEA4QECAWUNIwYrKvI+LCoNL
i8yUDZQNi8qDSINIewdqRFmDWUJRAFDAUQFZg3MJjFGUkpzTnNOlFKUUpVSlVKUU
nNSc05zTnROU05STjNOMk4yTjJOMk4yTjFKEUnwRfFGEUnxRfFF0EHQQfFF0EGwQ
a89sD2vQa9Bjz1uOW01jz4xRjFGEEIQQjFGUkpSSjFGEEJSSlJKUkpSSjFGUkpST
nNOc05SSlJKc06UTpRSlFKUUpRSc05zTpRStFK0UpNOc0pzTpRSlFKUUpNSckqTT
pNOk05ySnNKc0qUTpROk0pyRagZZhFFDWYNqhnsHg4mLiYtIiwd6hVmCQME4gDhA
OEBAgFlESIF6SLQNeshqRnrHk0l6xoMGgwaDBnrGYgRZglmCUQFIwVEBWYNzSYxR
lJKc05zTpRSlVKVUpRSdFJzTlNOU05TTlNOM04zTjJOMk4yTjJOEk4SShFJ8UXxR
fFF8UXxQdBB8EHwRdBBsEGvPbBBr0GvQY49bjltNY86MUYxRhBCMUZSSlJKUkoxR
hBCUkpSSlJKUkoxRlJKc05zTnNOUkpSSnNOlE6UUpRSlFKUUnNOc06UUpRSlFJzT
nNKk06TTpRSlFKTTnJKk06TSpNKc0pzSnNKk06TTpNKUUWoGYYRRAlECYgRyhYNH
i0iDSIMHcoZhg0jBQEBAQEBASIBQwkiBccabS3KGYcN6hXpFckR6hILFgwWCxmoE
WcNRQkkBSMBJAFnEc0qMkZSSnNOdFKUUpRSlFaUUnRSdFJzTnNOc05TSlJOM04yT
jJKMkoyShJKEkYRSfBF8UYRSfFF8UXQQdBF8UXQQbBBrz2vPa9Brz2uPW05bTmOP
jFGMUYQQhBCMUZSSlJKMUYQQlJKUkpSSlJKEUJSSnNOc05zTlJKU0pzTpROlFKUU
pRSc1JzUlJOlFKUUpRSc05zTnNOk06UUpROdE5ySpNKkkqTSnJKckqSSpNOk06TT
nJFqB1mFSQJIwVlCYgRyhoMIgwh6xnpGYcNIwUBAOEA4QEDBWQJIgFDAWUJZg1mD
ckZ6h2pFckRyhHKEcsVqRGGDWUNRAUjASQBZw3tKlJKc05zTnRSlFKUUpRSlFJ0U
lNSU1JTUlNOU05STlJOMk4yTjJOMk4yShFKEUnwRfFF8UnxRdFF0EHQQdBF0EGwQ
Y89sD2vPa89jj1tOW05jj4xRhBB7z4QQjFGMkZSRjFGEEIxRlJKUkpSSjFGUkpzT
nNOc05SSlNKc06UTpRSlFKUUpRSlFJzTpRSlFKUUnNOc05zTpNSlFKUUpROckqSS
pJKc0pySnJGckqTSpNOkkpyRaghZhFDCQIFJAVlCagR6xoLGeoVyRWHDQME4QDBA
MEBAwXIHQIFIwVkDWUNRQ1mEakZyh3JGakRqRGpEYgNRglFBSQFJAUkBWcN7i4xR
lJKc050UpRSlFKUUnRSdFJTTlNOU05TTlNOMk4yTjJOMk4yTjJKMkoSShFF8EXxR
fFJ8EXwQc9B0EXwRdBBr0GvQa9Br0GvPY49bTltOY4+MUYxRhBCEEIxRjFGMUYxR
hBCMUZSSlJKUkoxRlJKc05zTnNOUkpSSnNOc06UUpRSlFKUUnNOc06UUpRSlFJzT
nJKc06TTpROlE5zTnJKk0pySnJKckpyRnJKc0qTSnJKUkWpIWYVRA0CBQIBJAVmC
agRyRGpEagNZgUDAMAAoACgAOEBpxkCASMFRAmFDUQJRAmoFesZqBWHEYgRiBFnD
UYJJAUjASMFJAVmEe4yMkZSSnNOdFKUUpRSlFKUUnNOU05TTlNOU05STjJOMk4yT
jJKMk4ySjFKEUYRRfBF8EXxRfFF0EXPQdBF0EXQQa89jj2vPa9Brz2PPW05bTmOO
jFGMUYQQhBCMUYxRjFGMUYQQjFGUkpSSlJKMUZSSnNOc05zTlJKUkpzSnNOc06UU
pRSlFJzTnNOlFK0UpRSc05yTnNOk06UUpNOk05ySpJKckpySnJKckZyRnJKk06SS
nJFqSFlESMNAgThAQIFIwVmCYcNhw2GCUQFAgDAAKAAoADhBYcY4QThBQIFIwkjB
SMFRAmpGWcRZw1mDWYNRQklBQMFAgEDASMFZxXuNjFGUkpTTnRSlFKUUpRSlFJ0T
lNOU05TTlNOU04ySjJKMkoySjJKMkoyShJJ8UnwRfFF8UXxRdFB0EHQQdBBsEGvP
Y89jz2vPY89jjltOW05jj4xRjFGEEIQQjFGMUYxRjFGEEIxRlJKUkpSSjFGUkZzS
nNKc05SSlJKc05zTpRSlFKUUpRSk05ySpROlFKUUnNOck5zTpNOlFKTTnNOckpyS
nJKckpSSlJGUkZzSpNOckpSRYklJREDCOIE4QDhAQIBIwVEBUQFRAUjAOEAwACgA
IAAoQFmGMEEwQDhAOEA4QECAQIFqBlmESURBAkEDQMI4wTiBOEBAwUkCYcWDzYxR
lJKc05zTnRSlFKUUpRSdFJTTlNOU05TTlJKMk4yTjFOMkoySjJOMkoSSfFF8UXxR
fFF8EXwQc9B0EXQRa9Br0GOPa89rz2vPY45bTVtOY46MUYxRhBCEEIxRjFGMUYxR
hBCMUZSSlJKUkoxRlJKc05zTnNOUkpSSlJKc05zTpRSlFKUUnNOUkqUUpRSlFJzT
nNKk06TTpROk06TTnJKckpySnJKUUZSRlJGc0qTTnJKckmqKSQVAwjiBMEAwQDhA
OIBAwEjASMFAgDBAKEAoACgAKABAgThBOEE4QDiAQIBAwEjBYgZRREEDOMJAwjiC
OIEwQDhAQMBJAlnFg82UUZSSnNOc050UpRSdFJ0UnNOU05TTlNOU05TTjJOMk4SS
jJKMkoyTjJKEUnxSfBF8EYRRfBF8EGvPdBB0EHPQa9Bjj2PQa89jj2OOW01bTWOO
jFCMUYQPhBCMUYxRjFGMUYQQjFGUkpSSlJKMUZSSnNOc05zTlJKUkpzSnNOc06UU
pRSlFJzTlJKlFKUUpRSc05zSpNOlE6UTpROk05ySnJKckpyRlFGUkZyRnJGk06SS
nFJqiklEOMMwgSgAKAAwADAAOEBAgECAQIAwQDAAMAAoACgAOIEwgTiBOIFAgUCB
QMFJQ1nFSUQ4wjjCOMMwgTCBKEEwQDiASQJZxYQNjJGUkpzTnNOdFJ0UnRSdFJTU
lNOU05TTlNOM04yTjJOEkoySjJKMkoyShJKEUXwRfBF8UXQQdBBr0HQQdBBz0GvQ
a49rz2vPY85jjltNW01jjoxQjFCED4QQjFGMUYxRjFGEEIxRlJKUkpSSjFGUkZzS
nNKc0pSRlJKc05zTnNOdE6UTpROc05ySpNSlFKUUnNOc0pzTpNOk06TTpJKUkpyS
nJGckZxRlFGUkZSRpNOckpySastJRDjCMEEoASgAKAAoADBAMEAwQDhAOEAwQDAA
MEAwQEDBOME4gTiBQIFAgUDCUUNJREECQQJBAkEDQMJAwjCAMEA4wEkCWgWED4yR
lNKc05zTnRSdFJ0UnRSU1JTTlNOU05TTlNKMkoyShJKMkoySjJKMkoRSfFF8EXwR
fFF0EXQQa9B0EXQRbBBj0GPPY9Bjz2PPW45TTVuOW4+EUIxRhA+EEIxRjFGMUYxR
hBCMUZSSlJKUkoxRlJGc0pzSnNKUkZSSnNOc06UTpRSlFKTUnNOUkqUTpRSlFJzT
nNOc06TTpNOk05zTlJGc0pSSlJGUUZRRlFGUkaTSnJGckXLLSUVAwjiBMAAoACgA
KAAoADAAMAAwQDhAMAAwADAAOEBAwUDBQMFAwUDBQQFJAlFDUURRQ0kDSUNRQ0kD
QMI4gDBAOIBBAVoGhA+MUZSSnNOc1J0UnRSdFJ0UnROU0pTTlNOU05TTjJKMkoyS
jJKMkoyShJKEUXwRfBB8EXxRdBB0EGvQdBB0EGvQa9Brz2vQa9Bjj1uOU01bjluO
hBCEEHvPhBCMUYxRjFGMUYQQjFGMUZSSlJKMUZSSlJKc05zTjFGUkpSSnNOc05zT
nNOc05zTlJKk06UUpRSc05yTnNOk06TTpNOck5SSnJKckpyRlFGUUZRRlFGk0pyS
nJFzDElFQMM4gTBAMAAoADAAMAAwADAAKAAoACgAKAAwADhAQMFAwUkCSQJJAkkB
SQJZhGHFWYRRQ1GDWYRRQ0kCQMEwgDCAQQFaBYQQjFKUkpzTnNOdE50UnRSVFJTT
lNOU04zTlNOM04ySjJKMkYySjJKMkoSShFKEEXwRfBF8UXQRdBBrz3QQdBBsEGPP
Y89j0GPQY89bjlNNU01bj4QQjFF7z4QQjFGMUYxRjFGEEIxRlJKUkpSSjFGUkpSS
nNKc0oxRlJGUkpzSnNOc06UTnNOc05SSnNOlFKUUnNOckpzSnNOk06TTnJOUkpyS
nJKckZRRlFGUUJRRnNKckZyRc0xJRTjDOIE4QDhAOEA4QDhAMEAwQDAAKAAoACgA
MEBAgEjBSMFRAllDWYNZQ2GEYcVyR2HFUUNRQ1GDUUJJQkEBMIAwgEDBWgaED4xR
lJKc05zTnNOdE50UlRSU04zTlNOU05TTjJKMkoySjJGMkoyShFKEUoRRfFF8EHwR
fFF0EHQQa9B0EHQQbBBrz2uPa89rz2POW45TTVtOW4+EEIxRe8+EEIxRjFGMUYxR
hBCMUYxRlJKMUYxRjFGUkpSSlJKMUYxRlJKUkpzTnNOc05zTnNOUkpzTpRStFJzT
nNKk06TTpNOk06TTnJKckZyRlJGUUZRRlFGUUZySlJGUkXONSUU4wzCBOEA4QDhA
OEA4QDBAMAAwADAAMAA4AECASIFJAkkCWYNhw2HDacRqBGIFckZhxFGCUYNRQlFC
UUJAwTBAKEA4wVoGhBCMUZSSnNOc050TnROdFJzUlNOU05TTlNOM04yTjJKMkoyS
jJKMkoSShFKEUnxRdBF8UXxSdBF0EGvPdBBsEGwQY89jj2PQY89jz1uOU01bjmOP
hBCEEHvPe8+MUYxRjFGMUYQQjFGUkpSSlJKMUYxRlJKUkpSSjFGMUZSSlJKc05zT
nNOc05zTnNOc06UUpRSc05zTnNKc06UTnNOck5SSnJKckZyRlFGUUZRRlFGckpSS
lFF7jUFGOIMwQDAAOAAwADhAOEAwQDAAMAAwACgAOEBAgEjBUQJRQlmEYcRZxGIF
cshyyHKHYcRZg1lDUQJJAkkCOMEwgShAMMJaB4wQjFGUkpzTnNOc050UlNSc05TT
lJKUk5TTlJOMk4ySjJKMkoyShJKEknxSfFJ8UXQQfBF8UXQQdBBrz3QQbBBrz2vP
a49r0GvPY89bjlNNW45bjoRQhBB7z3vPjFGMUYxRjFGEEIQQlJKUkpSShBCMUZSS
lJKUkoxRjFGUkpzTnNOc05zTnNOc05SSnNOlFKUUnNOc05zTnNOc05zTnNKUkpSS
lFGUUZRRlFGUUZRRnJKcUpxRe45JRTDCKEEoADAAMAAwADAAMAAwQDBAMAAwADiA
SMFRAVlCWUJZg2HEWYNqBHsIgwhyh2GEUUNRQ0kCSQJJAjjCMIEgQDDCWkiMUIxR
lJKU0pzTnNOc1JzTnNOU04ySlJKUkpSSjJKMkoySjJGMUoyShFKEUnxRfBF0EXxR
fFF0EHPQa890EHQQa9Bjz2PPY89jz2PPW45TTVOOW46EUIQQe897z4QQjFGMUYxR
hBCMUZSSlJKMUYQQjFGUkpSSlJKMUYxRlJKc05zTnNOc05zTlJKUkpzTpNOlFJzT
nNKc0pzTnNOc05zTlJKUkZSRlJGMUJRQlFGUUZySnFKcUYPPSUYwwyhBIAAoADAA
MAAwADAAMEAwQDBAMEBAgEjASQFRQlFDUYNZg1mCYgSDB4MIcoZZw1lCWYNJAkEC
QMI4giiAIEAowlqIhFCMkZSSnNKc05zUnNSc05zTlJKMkpSSlJOUkoxSjFKMUoxS
jFKEUoRRfFJ8EXwRdBB0UHwQdBBsD2vPdBBsEGvPa89jz2PPY89jz1uOU01bjluO
hBCEEHvPe8+EEIxRjFGMUYQQhBCMUYxRjFGEEIQQlJKUkpSSjFGMUYxRnNKc0pzT
nNOc05zTlJKc05zUnNOc05SSnJKc0pzSnNKc0pRRnJGUUZRQjBCMUJRRjFGckpSR
lFCDz0mGMIMoQSAAIAAgACgAMAAwADAAMAAwADAAQEBIgEjBUUJJAlFDUUNRg2IE
ewd6x2pFUUNRQlFDSQJBATjCMMIogSAAKMNaioQQjFGUkpSSlNOc05zTnNOU04zS
jJKM0oySjJKMkoxSjFKEUoRShFKEUoRShFF8EHQQfFB8UXQQdBBr0HQRbBBr0GOP
Y49jj2PPY49bTlNNW01bTnvPhA97znOOhBCMUYxRhBB7z3vPjFCUUYxRhA97z4xR
lJKUkoRRjFGMUZSSnNKUkpSRlJGckpSRlJGc0pzSlJGUkYxQjFGUkZSRlFGMEIwQ
jBCMEIvPjBCMD4wQnJGckpyRjA9JhzCDIEEYABgAGAAgACgAKAAoACgAKAAoADhA
QIBAgUkCSQJJAklCUUJhxHKGcoZiBVFCSQFJAUDBQMFAwTDBKIEYQCjDYwyEUYxR
lJKUkpSSnNOc05TTjJOMkoxSjFKMUoRRhFKEUoRRhFGEUYSRhFJ8UnwRdBB0D3xQ
fFBz0GvPa89sEGPPY89bj2OPY89bj1uPU05TTVNOU06EEIQQg897joQQjFGMUYxR
hBB7z4xRlJKUkpSShBCMUZSSnJKUkoxRjFGUkpzTnNOc05SSnNKc05zTnNOckpyT
nNOUkpSSlJKckpSRlJKckZSRlFGMUZSRnJGUkZySnJKcUpQRSYcoxCBCGAEYARgB
GAEYARgAGAAgACAAIAAwADiAOIFAwUDBOMFBAUEBUYNqRmoFWcRJAkDBQME4wTjB
OMEwwiCBGEEow3NMjFGUkpSTlJOMkpyTlNOU05TTjNOEkoySjJKEUYSShFKEUoRS
hFKEUoRShFF8UXPPdA90EHQRc9Bjj2vQbBBr0GOPY49j0FuOW45bTlNNW01TDVNN
hBCEEHvPc46EEIxRjFGMUYQQe8+EEIxRlJKMUYQQjFGUkpSSlJKMUYxRlJKc05zT
nNKUkZSSpRSlFJzTlJKUkpzTnJOc05zTnNOUkpSRlJKUkZRQlFGUUJRRlFGcUZyR
lFGMEEHHKIMYQhgBEAEQARABEAEQARABEAEQARgBKAAwQDCBMIE4gTCAOME5AUlC
WcRZxFFDQMFAwTjAOMAwwTCBKIAgQRhAMQN7jYxRlJGUkpSSlJKU05TTlNOc05SS
jJKMk4yTjFKEUYRShFKMUoxThFKEUXxRfFF8UHxRdBB0EGvQc9B0EXQQdBBrz2vP
a89jjmOOY45jjltOU01bjnwQfA97z3POe8+EEIQQjFGEEHvPhBCMUYxRjFGEEIQQ
lJGUkpSSjFKMUZSRnNKc0pzSlJGUkpzTnNOc05SSlJKc05yTnNOU0pzSlJGUUZxS
lFGUUZQRlFGUUYxQlFGUkpRRjBBCCCDDGEIQARABEAAQABAAEAEQARAAEAAYASAA
KEAoQDCBOIEwgTCAMIBBAVGEUYRJA0DBOIE4gDiAMIAwgChAIEAgQDEDe86MUYyS
lJKUkpSSlJKUkpSTlNOMkoySjJKMkoyShFGEUYRShFKEUoRSfBF8EHwRfBF8EXQQ
dBB0EHQQdBB0EHPQa89jj2OPW45jjmOOW05bTlMNU06EEHvPe89zjnvPhBCEEIxR
hBB7z4QQjFGMUYxRhBCEEIxRlJKUkpSSjFGUkZTSnNKc0pSRlJKlFKUUnNOUkpSS
nNOck5zSnNKckpRSlFGUUpRRlFGMUZRRjFGMUJRRnJKUUZRRUkkoxBhCEAEQAQgB
CAEIAQgBCAEIABAAEAEgACgAKEAwgTjBMIEwQDBAOIFRQ1FDSQNAwTiAOIAwgDBA
KAAgACAAKEE5BHvOjFCMkpSSlJKUkpSSlJKUk5STjJKMUoySjJKMkoRShFGEUYRS
hFKEUXwRfBF8EXwRfBFz0XQQc89z0GwQbBBr0GPQY89jz1uOY89bj1uOU05TDVtO
g897z3vOc457z4QQhBCMUYQQe8+EEIxRjFGMUYQQhBCMUZSSlJKUkoxRjFGUkpzT
nNKMUZSSnNOc05zTlJKUUpzTnNOc0pySnJKUUZRRlFKUUZRRlFGMUYxRjBCUUJyS
lFGMUVJJKMQYQhABCAEIAQgBCAEIAQgBCAEIAQgBCAEYACABMII4gigAKEAoQDCB
QQNBA0ECOIEwQDBAMAAoACAAIAAgAChBQQWDz4wRlJKUkpSSjJKMkpSSlJOUk5ST
jFKMUoySjJGEUYRRhFGEUYRShFF8EXwRfBF8EXwRc9B0EHPQc9Bz0GvQa9Brz2OP
Y49bjluPW49bjlNOSw1TTnvPe897z3OOe8+EEIQQhBCEEHvPe8+MUIxRjFGEEIQQ
jFGMUZSRjFGMUYxRlJKc05SSjFGUkZzTnNOc05SSlJKc05zTnNOck5ySlFGMUZRR
lFGUUZRRlFGMUYwQjBGckpRRlBFaiijEGEIQARABCAEIAQgBCAEIAQgBCAEIAQgB
EAEYAShCMIIgACAAIAAoQDjDOQMwwihBIEAgQCAAIAAYABgAGAAoQUFFe8+MUYxS
jJKMkpSSlJKUkpTSlNKUkoxSjFKMUoxShFGEUYRRhFGEUoRSfBF8EXRRdBF0EWvQ
a9Brz2vQbBBr0GPQY49jz2PPW45bz1uPW45TTVMNW057z3vPc85zjnvPhBCEEIQQ
hBB7z4QQjFGMUYxRhBCEEIxRlJKUkoxRjFGMUZSSlJKUkoxRlJKc05zTnNOUkZSR
nNKc0pzSnJKUkpSRjFGUkZRRjFGMUIxQjFCMD4wQnJKUUYwRWosoxBhCCAAIAQgB
CAEAAQgBCAEIAQgBCAEIARABGAEgQiiDGAEYASBBIEEwgjDCKIIgQRgAGAAYABgA
GAAYABgAKEJJhoQQjFGMkYxSjJKMkoySlJKU05SSjJKEUYRSjFKMUoQRhBGEUYRR
hFGEUXxRfBB8EHQQdBBr0GvQa89z0HPQa9Bjz2OPY49jj1uOY45bjluOU05TDVtO
e897z3uOc457z4QQhFCEEYQQe8+EEIxRjFGMUXvQhBCUkpSSlJKMUYxRjFGUkpSS
lJKMUYxRnNOc05zTjFGUkZzSnNKckpySlJKMUYxRlFGUUYxRjFCMUIwQjA+MEJyS
lFGMEWLMKMQYQggBCAEIAQgBCAEIAQgBCAEIAQgBEAEQARABIEIgQhgBGAEYASAB
KEIogiiCIEEgABgAGAEYARgBEAEYASiDScd70IwRjFGUkoySjFKMkoySlJKUk4yS
hFGMUoxShFKEEXwRfFGEUYRRhFF8EHQQdBB0EHQQbBBsEGvQa9Br0GvQY89jj2OP
Y45bjmOPW45bjlNOU01TTnvPe89zz3OOe8+EEIQQhBCEEHvPhBCMUYxRjFGEEIQQ
jFGMUYxRjFGEEIxRlJKUkpSSjFGMUpzTnNOc05SSlJKc05zSnJKUkpRSlFKMUZRR
lBGMUIwQjBCMEIwPjBCckpRRjFBjDCkEGIIIAAgACAEIAQgBCAEIAQgBCAAIAAgA
CAAQARgCGEIYARgBGAEYASBCIIIgQiBBGAEYARgBEAEQARABEAAgg1IIhBCEUYxS
jJKMUoxSjFKMkoySjJKMUoRRhFGEUYRRfBF8EXwRfFGEUnxSdBF0EHQQdBB0EGwP
bBBrz2vQa9Br0GvQY49jj2OPW09jj1tOW45TTVNMW057z3PPc85rjnPPfBCEEIRQ
hBB7z3vPhBCMUYxRhBCEEIxRjFGMUYxRhBCMUZSSnNKUkoxRjFGUk5zTnNOUkpSS
nNOc0pSSlJGMUYxRjFCUUYxQjFCMEIwQjBCMEIwQlJKUUYxQa0wpBBiCEAAQABAA
CAEIAQgBCAEIAQgBCAEIAAgAEAEYAhhCEAEQARgBGAEgQiBCGEEYARAAEAEQARAB
EAEQARgBKINSCXwPhFCMUYySjJKMUoxSjFKMkoySjJKEUYRShFGEUXwQfBF8EXxR
hFF8UXQQdBB8EHQQdBBsD2vQa9Br0GvQa9BrkGOPY49jj1uOW49bjluOU05LTVNO
e897z3OOc45zzoQPhBCEEIQQc497z4QQhFGMUYQQhBCMUYxRjFGMUYQQjFGUkpSS
lJKMUYxRlJKc05zTlJKUkpzTlJKUkpSSlJGMUYxRlFGMUYxRjBCMEIwQg8+ED5RR
lFGMUXNNMQQYQhAACAEIAQgBCAEIAQgBCAEIAQABCAEIAQgBEAEQARAAEAAQARAB
GAIYQhgCEAEQAQgBEAEIAQgBCAEIASDDWoqEEIRQjFKMUoxRjFGMUZRRlFKMkoSR
hFGEUYRRfFF8UXwRfBF8UXxRfFF0EHPQdBB0EHQQbBBr0GvPa9Br0GvQY49jj2OP
Y45bjluOW45TTlNNUw1TTnvPe897z3OOc457z4QPhBCED3OOe8+EEIwQjBB7z3vP
jFGMUYxRjFGEEIQQlJKUkpSSjFGMUZSSnNOc05SSlJKc05SSlJKUkpSSjFGMEZRR
jBCMEIQPjBCMEIwPjA+UUJRRjBBzjTEFGEIQAQgBCAEIAQABCAEIAQgBCAEIAQgB
CAEQARABEAEQAQgAEAEQARgCGEIYARABEAEIAQgBCAEIAQgBEAEgw1qLe9CEEIxS
jJKMUYxRjFGMUYxRjJKEUoRRhFKEUYRRfFB8EHwRfFF8UXxRdBB0EHQQdBBsEGvP
a89rz2vQa9Br0GuQY49jj1uPW49bjlOOU05LDUsNU017z3vPc45rTXOOe8+EEIQQ
hBBzznvPhBCEEIQRe897z4QQjFGMUYxRhBCEEJSSlJKUkoxRjFGUkpzTnNOUkpSS
lJKUkpSSjFGUkoxRjFCMUYxQjBCMEIwPjA+ED4QPjFCMUYwQe44xRRiCCAEIAQgB
CAEIAQgBCAEIAQgBCAEIAQgBCAEQARABEAEQAQgAEAEQQRhBEEEIAAgBCAEIAQgB
CAEIARABIMRjDHwQhBCMUYxSjFGMUYxRjFGMUoxSjFGEEYRRhFGEUXxRfBF8UXxR
fFF8UXQQc9B0EHQQc9Brz2vPY89rz2vPa9Bjj1uPW49bj1uOW45TjlNOUw1TDVMO
e897z3OOa01zjoPPhBCEEHwQc85zz4QQhBCEUHvPe8+EEIxRjFGEEIQQhBCMUZSS
lJKMUYxRnNKc0pzSlJGMUZSSlJKUkpSSlJKMUYQQjFGMEIwQjBCLz4QPg8+Dz4wQ
jFGMEHvPOUYYgggACAEIAQgBCAEIAQgBCAEIAQgBCAEIARABEAEQAQgBCAEIARAB
EAEQQRBBCAAIAAgBCAEIAQgBCAEQASjEYw17z4QQjFGMUoxRhFGEUYRRhFKMUoRS
fFGEUYRRhFF8EHwQfBF8EXxRfBFz0HPQdBB0EHPPa89rz2vQa9BsEGvQY5Bbj1uP
W49TTluOU05bTlMNSw1TTnvPc45zjmuNc418D3vPhBB7z3OOc46EEIRQhBB7z3vP
hBCMUYxRhBCEEIQQjFGUkpSSjFGMUZzSnNOc04xRjFGUkpSSlJKMkoxRjFGMEIwR
jFCMEIwQhA+Dz4PPg8+ED4xRjBCDz0HHIIIQAQgACAEIAQgBCAEAAQgBCAEIAQgB
CAEIARABCAEIAQgBCAEIARABEEEQQQgBCAEIAQgBCAEIAQgBEAEpBGtNe8+EEIxR
jFGMEYQRhFGEUoySjFKEUnwRfFF8UXxQdBB0EHwQfBB8UXwRc9Bz0GvRdBBr0GPQ
a89rz2vPa9Bjz2PPW45bjluOU45bjlOOU05LDUsNS01zjnOOa01rTXOOe897z3vP
e89zjnOOe8+EEIQQe89zjoQQjFGMUYxRhBCEEJSSlJKUkoxRjFGUkpSSlJKMUYxR
lJKUkoxSjFKMUYxRhBCMEIwQhBCEEIQPhA+Dz4PPi9CUUYwQe89CCBiDCAEIAQgA
CAEIAQgBCAEAAQgBCAEIAQgBCAAIAQgBCAEIAQgBCAEQARBBCAEIAAgBCAEIAQgB
CAEIARABMUVzjXvPhBCMUYxRhBGEEIQRhFGEUYRRhFF8EIQRhFB8EXQQdBB0EHxQ
fFF8EWvQa9Br0GvQa9Brz2PPY89jz2PPY9Bjz1uPW85bjluOW45TjlNOSw1LDUsO
c45zjmtNa01zTXvPe897z3vPc45zjnvPhBCEEHvPc46EEIQQjFGMUYQQhBCMUYxR
jFGMUYxRlJKUkpSSjFGMUZSSlJKUkpSSjFGMEYwQjFCMEIwPg8+Dz4PPe857z4PP
lFGEEHvPSkkYwxABCAEIAQgBCAEAAQgBCAEIAQgBCAEIAQgBEAEIAQgBCAEIAQgB
EAEQARABEAAIAQgBCAEIAQgBCAEQQjlGc457z4RRjFGMUYQRhBGEEYRRhFKEUXxR
fBB8EXxRfBFz0HQQdBB8EXwRfBFz0GvQa9Br0GPQY49jz2PPY89j0GPPY89bj1uP
W45bjluPW05TTksNSw1TTXOOc45zTWtNa017z3vPe897z2tNc457z4QQhBB7z3vP
hBCEEIQQhBCEEHwQjFGMUYxRhBCEEJSSlJKUkoxRjFGUkpSSlJKUkoxRhBCEEIQQ
jBCEEIQPe897z3vPe8+Dz4wRhBB7z1JJIMMQAAgACAEIAQgBAAEIAQgBCAEIAQgB
CAEIARABCAEIAQgBCAEQARABEAEQAQgBCAEIAQgBCAEIAQgBEEI5h3OOc86EEIRR
hFGEUYQQhBCEUYRRhFF8UXQQfFF8EXQQdBB0EHwQfBF8EXQQa89rz2vQa9Brz2vP
Y89jz2PQY9Bj0FuPW45bj1uOW45bjlNOU05LDUsNUw5zjnOOc01rTWtNc457z3vP
e89zTXOOe8+Dz4QQe89zz3wQhBCEEIQQe897z4xRjFGMUYQQhBCMUZSSlJKMUYQQ
lJKUkpSSlJKMUYxRhBCMUIQQhBCED3vOe897jnvPg8+MUIQQe89ayyDDEEEQAQgB
CAEIAQABCAEIAQgBCAEIAQgBCAEIAQgBCAEIAQgBEAEQARABCAEIAQgBCAEIAQgB
CAEIARhCSghzjnOOfBCEEIRRfBB8EHwQhBGEUYRRfFB8EHxRfFF0EHPQc9B8EHwQ
dBF0EGvPa9Br0GvQY89jz2PPY89j0GPPW89bj1tOW49Tj1OOU05TTlNNSw1LDVMN
c45zjWtNY01rTXuOe897z3vPa41zjXvPe8+EEHvPc458EIQQhBCEEHvPe8+MUYxR
jFGEEIQQjFGUkpSSjFGEEJSSlJKUkoxRjFGMUYQQjBCEEIQQe897znvPe857znvO
hE+ED3vOawwowxABEAEIAQgBCAEIAQgBCAEIAQgBCAEIAQgBCAEIAQgBCAEIAQgB
CAEQAQgBCAEIAQgBCAEIAQgBCAEYQkpJc45zznwQhFGEUXwQfBB8UIRRhFGEUXwR
dBB8EHwQdBBzz3PQdBB0EXQRa9Brz2vPa89r0GuPY49jj2OPY89jz2PPW49bj1uO
W45bTltOW01TDUsMSw1LTXOOc41rTWMMY01zznPPe897z2uOa45zz3wQfBBzz3OO
g8+EEIQQhBB7z3vPhBCMUYxRhBCEEJSSlJKUkoxRjFGUkpSSlJKMUYxRhBB7z4QQ
hBB70IPPe897znvOe857zoQQhBBzj3NNKQQQARABCAAIAQgBCAEIAQgBCAEIAQgB
CAEIAQgBCAEIAQgBCAEIARABEAEQAQgBCAEIAQgBCAEIAQgBGINainOOc46EEIQQ
hBB8EHwQfBGEEYRRfFF0EHQQfBB0EHPQa9Br0HQQdBB0EGwPa89r0GvQa9Bjj2OP
Y49jj2PPY89bj1uPW45bjlOOU05TTlNNU05LDVNNSw1zjXONa0xjTGNMc41zznvP
e89rjmtNe897z3vPc45zjnvPhBCEEIQQe897z4QQhBCMUYQQhBCUkpSSlJKMUYxR
lJKUkoxRjFGEEIQQe8+EEIQQhA97zoPOe457jnvOe86Dz4QPc45zjjFFEEEIAAgB
CAEIAQgBCAEIAQgBCAEIAQgBCAEIAQgBCAEIAQgBCAEQAQgBCAEIAQgBCAEIAQgB
CAEIARiDWstrjmuOfBB8EHwRc9B70HwQhBF8EXwRdBBzz3wQfBBzz2vPa89z0HQQ
dBBsEGPPa89rz2vQY49jj2OPY49jz2PPY45bj1OOW49TjlNOU05TTVNNSwxLDUsN
c41rjWtNYwxjDHOOc457z3vPa01rTXOOe897z3OOa417z3wQhBCEEHvPe8+EEIxR
jFGEEIQQjFGMUYxRjFGEEIxRjFGMUYxRjFGEEHvPhBCEEIQQe897z3vOe457jnvO
e86ED3OOc445xxBBCAEIAQgBCAEIAQgBCAEIAQgBCAEIAQgBCAEIAQgBCAEIAQgB
CAEIAQgBCAEIAQgBCAEIAQgBCAEgxGMMa01rjXwQfFB8EHPPc898D3wQfBB8EXPQ
a9B0EHQQa89rz2vPc9B0EHQQdA9jj2vQa9Brz2OPY49jj2OPY49jz2OPW45bjluO
W05TTlNOUw1TTUsNUw1LDmtNa01rTWMMYwxzjnOOc45zjmtNa01zjnvOe89zjmtN
e8+EEIQQhBB7z3vPhBCMEIQQhBB7z4xRjFGMUYQQhBCMUYxRjFGMUYQQhBB7z4QQ
hA97z3uPe457jnuOe457jnuPi9BzjnOOQgkQQQgBCAEIAQgBCAEIAQgBCAEIAQgB
CAEIAQgBCAEIAQgBCAEIAQgBCAEIAQABCAEIAQgBCAEIAQgBKQVrDWtOa018EHwQ
fBBzz3PPc9B8EHwQfBBzz3PPdA90EGvPa89rz3QQdBB0EGvPY49rz2vQa89bj2OP
W49jj2OPY49bj1uPU05bj1tOU05TTksNUw1LDUsNSw1rTWtNawxjDGMMa01zjnOO
c45jDGtNc457z3vPc45rjXvPe897z3vPe89zjoQQhBCEEHvPe8+MUYxRjFGEEIQQ
jFGMUYxRhBCEEIQQe897z3vPe89zj3OOc45zjXOOe457joPPa01rTVKKEEIIAQgB
CAEAAQgBCAEIAQgBCAEIAQgBCAEIAQgBCAEIAQgBCAEIAQgBCAEIAQgBCAEIAQgB
CAEIATlHa01rTmNNe898EHwQc89z0HwQfBB8EHQQc89rz3QQdBBrz2uPa89z0HQQ
dBBrz2OOY89jz2PPW45bjluOW49bj2OPW49bT1NOW09TTlNOU05TTktNSwxLDUsN
a01rTWNMWwxbDGtNa45zjnOOaw1rTXOOc857z3OOa01zjnvPe897z3OOc46EEIQQ
jBB7z3vPjFGMUYxRhBCEEIxRjFGMUYQQhBB7z3vPhA98D3vPc49zjnOOc45zjnvO
c46Dz2tNa01iyxiCCAAIAQgBCAEIAQgBCAEIAQgBCAEIAQgBCAEIAQgBCAEIAQgB
CAEIAQgBCAEIAQgBCAEIAQgBEAFByGsNa01rTXvPfA98EHPPc89z0HwQfBB0EHPP
a89zz3QQa89rj2uPc9B0EHQQa89jjmOPY89jz2OOW45bjluOW49bj1uPU09TTlNP
U05TTlNOS01LTUMNSw1LDWtNYw1jDFrLYwxrTXONc41zjWtMY0xrjXPOc85zjmtN
c857z3vPe89zj3OOhBCEEIQQe89zz4RRhFGMUYQQhA+MUYxRjFGMUYQQfA9zz3vP
e897z3OOc45zjnONc45zjXONfA9rTWtNaw0ggwgBCAEIAQgBCAEIAQgBCAEIAQgB
CAEIAQgBCAEIAQgBCAEIAQgBCAEIAQgBCAEIAQgBCAEIARABSkljDGMMYwxzz3QQ
c89rznPOc8970HPQc9Brz2uPc9Brz2uPY49jj2vQa9Br0GPPW45jz2PPY89bjluO
W45bj1uPW49bj1OOU05bjlNOU05TTVMNSw1DDEsNSwxrTWNNWwxbC1sLY01rTXON
c41jDGMMa01zjnOOa01jTWuOe897z3PPc89rjnwQfBB8EHvPe46MEYxRjFGEEHvP
jFGMUYQQhBCEEHvPc457z3vPe89zjnOOc45rTXONc41zjXvOa0xrTGtNIQQIQQgB
CAEIAQgBCAEIAQgBCAEIAQgBCAEIAQgBCAEIAQgBCAEIAQgBCAEIAQgBCAEIAQgB
CAEQQlrLYwxbDFsMc49z0HPPa45rjmvOc89z0HPPa49rj3PQc9Bjj2OOY85rz2vQ
a89jj1uOY89jj2OPY05bTluOW49bj1uPU09TTlNOU49TTlOOS05LDUsNQsxLDUMM
Y01jTGMMWwtay2NMa01rTWuNYwxjC2tNc45zjnNNY0xrjnPPc89zz2uOa057z3vP
hBB7z3PPhBCEUYxRhBB8EIxRjFGMUYxRhBB7z3OOc45zjnOOc45zjXONa01zTXNN
a01zjWMMYwxjDDFGCEEIAAgBAAEIAQgBCAEIAQgBCAEIAQgBCAEIAQgBCAEIAQgB
CAEIAQgBCAEIAQgBCAEIAQgBGINjDGMMWsxay3OOe89zz2uOa45rj3PPc9Brz2OO
Y45rz2vQY49bTmOOa89r0GvQY49bTmOPY49jj1tOW05jTmOOW49bj1OOU05TTlNO
U05TTksNSwxLDELMSwxKzGNMYwxiy1rLWstrTWtNa01rTVrLWstrTXOOc45rjmMM
a01zznPPc85zjmtNe897z3wQc89zjoQQhBCMUXwQe8+MUYxRjFGMUYQQe89zjnOO
c45zjnOOc45rTWtNa01zTWtNc01jDFrMYwtCBxBCCAEIAQgBCAEIAQgBCAEIAQgB
CAEIAQgBCAEIAQgBCAEIAQgBCAEIAQgBCAEIAQgBCAEIATFGYwxiy1rLWstzznPP
c89rjmuOa49rz2vPa89jj2OOa89rz2OOW45jjmPPY89jz2OOW05jjmOPY49bTlNO
W09bjluPW49TjktOS05TTlNOU05LDUsNSw1CzEsNSwxjDGMMWstay1rLY01rTWtN
a01ay1sLY0xrjWuOY01jDGtNc45zznOOc45jTXPPe897z3OOc46EEIQQhFB7z3vP
hBGMUYQRhBF8EHPPc457jnOOc45rTWtNa01rTWtNa01rTWtNWwtay1rLUkoQQQgB
CAEIAQgBCAEIAQgBCAEIAQgBCAEIAQgBCAEIAQgBCAEIAQgBCAEIAQgBCAEIAQgB
EAFCCFrMWstSylLKc85zzmvOY45jjmuOa89rz2vPY45jjmvPY49bTltOW05jz2PP
Y89bjlNNW45jjluOU01TTlNOU05TjlOOU45LTUtNU01LDUtOSw1LDUsNQsxLDULM
Ywtiy1rLUspSymMMY0xrTGNMWstay2MNa01rTWtNWstrTXOOc45zjmtNY01zznPP
e89zjmtNe898EIQQe89zjoQQhBGEEXwQe89zj3OOc49zj3OOa05rTWtNa0xrTWtN
a01rTFrLUopay2LLGMMIAQgBCAEIAQgBCAEIAQgBCAEIAQgBCAEIAQgBCAEIAQgB
CAEIAQgBCAEIAQgBCAEIARABWstay1rLSolKimuOa49rjltNY01jjmuPa49rj1tO
W05jjmOOW01bTVtNY49jj2OPW05TTVuOW45bjktNU01TjluOU45TTlNNS01LDUtN
Sw1LDUsMSwxLDELMQwxCzFsLWstay1KKUopjDGMMY0xjDFrLWstjDGtNa01jDFsL
Y0xrjmuOa45rTWNMc45zznvPc45rTXvPg8+EEHvPc8+EEIQQhBCD0HvPc45rjnOO
c45zTWtNa01rTWMMa01rTWtNa01aylKJWspayjGGCEEIAQgBCAEIAQgBCAEIAQgB
CAEIAQgBCAEIAQgBCAEIAQgBCAEIAQgBCAEIAQgBCAEgxGMMWotSy0JJSopjjmuO
a45jTWONY45jjmOOY45bTVtNY45jjlNNU01TTVuOY45bjlNNS01TjlOOW05TDVMN
U01TTVNOU05LTUsNSw1LTUsNSw1DDELMQsw6y0LMQstay1LLUstSilKKWwtbDGNM
Ywxay1LKWwtjTWNNY01Sy2MMa01rTWtNY01jDHOOc45zj2tOY017z3wQfBBzzmuO
fBB8EHwQe89zz3POa01zjnOOa45jTWNNY01jDWtNa01rTWtNUopKSFKJUopKSRBB
CAEIAQgBCAEIAQgBCAEIAQgBCAEIAQgBCAEIAQgBCAEIAQgBCAEIAQgBCAEIAQgB
OcdbDFKKUopCCEpKY01jjmNNWwxbTFtNY41bjltOUw1bDWNOW01TDFMMU01bjluO
W41TTUsNU05TTksNSwxLDEsMUw1LDVMNSs1KzErMSs1KzErMQotCi0KLQotCi0JL
WspaylKKSklKSVrLWwtjC2MLWspSilrLYwxjDFrLUstjDGtNa01rTWMMWstrTWuO
c45rTWMMc45zz3vPc45zTnvPg9B7z3vPc89zjmtNc45rjmtNYwxjDGMMYwxjDGNM
Y0xjC1KKQghSiVKJWooYgwgACAEIAQgBCAEIAQgBCAEIAQgBCAEIAQgBCAEIAQgB
CAEIAQgBCAEIAQgBCAEQQVKKWstSSUpIMcZKiVtMY01bTVMMUwxbTVtNW01bDVMM
UwxbTVMMSstKzFMMU01TTVNNSwxKy1MNUwxSzELLSstLDEsMSwxKzErLQotKy0LL
QotCi0KKQoo6ijpKOko6SlKKUopKSUpJSklay1rLWstay1JJSklay2MMWwxbC1KK
WstjDGMMYwxbDFrLa01rjWtNY0xbC2uOc85zzmtNY01zz3vPe89zj3OPa01jDGtN
a01jDGMMYwxjDGMMYwxjDFrMYwxSijnHSklSSVJKOYYQAQgBCAEIAQgBCAEIAQgB
CAEIAQgBCAEIAQgBCAEIAQgBCAEIAQgBCAEIAQgBKQRailKJSkhCCDGFSolbC1sM
UsxKy1LLUwxTDFMMSsxKy1LLUwxKy0KKSotKjEsMSwxLDELLQstKzErLQstCikKK
QopCikKKQotCSkJJQkpCSjpKOkoyCTpJOkk6CDoJMchKiUpJSklCCEIIUolSilKK
UopKSUIJUolaylrKWspKSVKKWstay1rLUopSilrLYwxjDFsLUspjTGuNc01jDFrM
a05rjmuOa45rTWNNWwxjDGMMYwxay1rLWstay1rLWwtay1rLUokxhUHISglSSUpJ
EEEIAQgBAAEIAQgBCAEIAQgBCAEIAQgBCAEIAQgBCAEIAQgBCAEIAQgBCAEQATnH
QgdCB0IHQccxRUpJUotSy1LKSopKikqLSstKy0rLQopKikqLQopCSUJJSopKikqK
QopCSjpKQkpCSjpJOkk6STpJOkk6SToJOgkxyDoIOgkxyDHIMccxyDHIKcgxxynH
SghKCEIIQcc5x0pJUklSSVJJSghCCEpJUopSikpJQghKSVKKUopSikpJSkhSilrL
WstSikpKYwtjDGMMWstSimMMYwxjDGMMYwtay1qKWstay1rKUopSilKKUopSilKK
UopSikpJMUZBhkoHSghKCDFFCAAIAQgBCAEIAQgBCAEIAQgBCAEIAQgBCAEIAQgB
CAEIAQgBCAEIARABIMM5hjmGOYU5xTGFKYRCCEqJSopKiUJJSklKSUqJSolCSToI
QklCSToJOgg6CDoIQklCSUJJOgg6CDoIOgg5yDHHMcgyCDHIMcgxxzHHMccxxynH
KYYphimGKYYphilFKUYpRkHHQcc5hjmGOYZBx0IHQgdCR0HGOcdByEoISglByDnH
QghKSUpJSkhCB0IHSohKiVKJSkhCCFKKUopSikpJSklSylrKWstay1KKUopKSVKK
UopKSUpJUklSSUpISkhSiUpJSklKSTFFMUU5hkHHSghBxxiCCAAIAQgBCAEIAQgB
CAEIAQgBCAEIAQgBCAEIAQgBCAEIAQgBCAEYQjFFMUUxhjFFMUUpRDFFOghKSUJJ
QghCB0IIQghCCEIIQgc5xznHOcgxyDHHMcc5xznHOcg5xzGHMYcxxzHHKYcxhjGG
MYUphimGKYYphSlFKUUpRSlFIUUhRSFFIQUhBCEEIMQxhTGFMUUxRTFEOYU5hjmG
OYYxRTFFOYVBxkHGOYYxhTnGQcdCB0HHOYc5hkHHQghKCEHHQcdKCEoISghKCEIH
SkhSSEpISkhKSEoIQghCCEoISghBx0nHQgdCBkIHSgdCCEIHQgcxRTEFOUU5hUHG
QcYpRRBBCEAIAQgBCAEIAQgBCAEIAQgBCAEIAQgBCAEIAQgBCAEIARBBKMQxRDGF
MYUpRClEKUQxhDHGOcc5xznGMYYxhjnHOcc5xzGGMYYxhjGGMYUpRSlFKUUpRSlF
KUUpRSlFKUUpRSlFIQQhBCEEIQQhBBjDIQQhBCEEIQQYwxjDGMMYwxCCGMMYwxjD
MQQpBCkDKQMowzEDMQQxBDEEKQMpAylEMUUxRDEEKQMxRDlFOUUxRTEFMQQ5hDmF
OYUxhDFEOUU5hTmFOYUxhDmFOYU5xTnFOYU5hTmFOYU5hTmFOYU5hTmFOYU5hTmF
OYU5hTmFMUQxAzlEOUQ5hTmFMUUgwwhBCAEIAQgBCAEIAQgBCAEIAQgBCAEIAQgB
CAEIAQgBEAEggykDKQMxRDFEKQMxQzFEMQQxBDFFMUUpRClEKUQpRSlEKUQpBCkE
KQQpBCDEIMMhAyEDIQMhAyEDIMMgwyDDIMMYwxjDGMMYwhjDGMMYwxjDGMMYwxjD
GIIYghCCEIIQghCCEIIQgSjDKMMowyjCKMIpAikCKMMowyjDKMMowykDKQMpAykC
KQIpAzEDKQMpAykDMQMxBDEEKQQpBClEMUQxRClDMQMxRDlEOUQxRDFEMUQpRDFE
MUQxRCkEMUQpBCkEKQQxBDEEMQQxBDEDMQMxAzEDMUQxQzFEKQMgwhABCAEIAQgB
CAEIAQgBCAEIAQgBCAEIAQgBCAEIARiCIMMgwyjDKQQpAykDKUMxBCkDKQMpAykD
KQMpAykDKQMpAykDKQMgwiDDIMMgwyDDIMMgwyDDIMMgwyDDIMMgwyDDIIMgwiDC
IMIgwiDDGMMYwxiCIIIYghiCGIIYghiCGIIYghCCGIEowijCKMIowijCKMMowijC
KMIowSjCKMIowijCKMIowijCKMIowijCKMIowjECMQIxAjEDMMIxAzEDMQMxAzED
MQMxAjECMQMxAjECMQIxAzEDMQIwwyjDKMIowjDCMMIwgjDCKMIowjECMQMxAzED
MQMwwijCIIEYghhBCAEIAQgBCAEIAQgBCAEIAQgBCAEIARBBIIIgwyDCKMMpBCkD
MQQxBDEEMQQowyjDKMMowyjDKMMowyjDKMMowyjDKMMowyjDKMMowyjDKMMowyjD
IMMgwyDDIMMgwyDDIMIgwiDCIMIgwiDCIMIgghiCGIIYghiCGIIYghiCGIIYghiB
KMIowijCKMIowijCKMIwwijCKMIowijCMMIowijCKMIowijCKMIowijCKMIowikC
KQIpAikDKQMxAzEDMQMxAzEDMQIxAzEDMQI5AzDDMQMxAzDDMMIowjDCMMIwwjDC
MMIowijCKMIowzEDMQMxAzEDKMIowjEDKMIowhiCEEEIQQgBCAEIAQgBCAEIARAB
GIIgwyDDIMMgwykEMQQ5RTEEMQMxAzEDKQIpAjECMQIpAijCMMIpAikCKQIpAikC
KQMpAykDKQMowijCKMIowyjDKMMgwyDDIMMgwyDDIMMgwiDCIMIgwiDCIIEggiCC
GIIYghiCGIIYQhiBGIEYgSiCKIIogiiBIIEowSjBKMIowijCKMIowjDBKMIowijC
KMIpAijCKMIowikCKQIowijCMMIwwjDCMQMxAzEDMQMxAzECMQIxAjkCMQIxAzED
OQMxAzEDKQMxAjECMMIwwijBKMIowijCKMIpAzEDKQMpAyjDMQMxAyjDKMMpBClE
KQQgwxiCGIIYghiCGMMgwykEKQQpBCkEIMMpBDlFQYU5RDEDMQMxAzECMQMpAykD
KQMpAikCKQMpAikCKQMpAykDKQMpAyjDKMMowyjDKMMgwyDDIMMggiDCIMIgwiDC
IMIYwiDCIMIgwiDBIMIggiCCGIIYghiCGIIYghiCGIEogiiCKIEogiiBKIIogijC
KMIowijCKMIwwijCKMIowijCKMIowijCKMIowijCKMIowijCKMIowikCMQIxAjEC
MQMxAzEDMQMxAzEDMQIxAzEDMQMxAjDCMMIwwijCKMIowijCKMIgwijCKMMxAyjD
KMMowykDMYUxRDFEKQMowykDKQQpBCkEKQQpBCDDIMMoxCkEKQQpBCEDIQMpAykE
MQQxBDEEMQMxAzEDMQMxAjEDMQIpAijCKMIpAykDKQMpAykDKQMowikDKMIowijC
KMIowiDCIMIgwiDCIMIgwiDCIMIYwSDCIMIgwiDCGMIYwhiCGIIYghiCGIIYQhiC
KIIogiCCKIIggiCCKIIogijBKMEogSiBKMEowijCKMIowijCMMIwwijCMMIwwjEC
KMIowijCKMIowjDCMMIwwjDCMQMxAyjCKMIowjDCMMIwwjDCMMIowijCKMIowijC
KMIowijCKMEowijCMQMpAyjDKMMowyjDIMMgghiCIIIowzFEMUQxBCkEKQQgwyDD
KQMpAykEKQQpBCkEKQMpAzEEMQMxAzEDMMIxAzEDMQMxAzEDMQMxAykDKQMpAykD
KQMpAykDKQMpAyjDKMMowyjDKMMgwyDCIMIgwiDBIMIgwiDCIMIgwiCCIMEggiCC
GIIYghiCGIIYQhiBEIEYgSiCKIIogiiCKIIogiiCKMIowijBKMIowijCKMIowijD
KMIowijCKMIowijDKMIowijCKMIowijCKMIowyjCKMIwwjECMQIpAikCKQIowijC
KMIowijCKMIowijCKMMgwijCKMIowiiCIIIggijDKMMowyjDIIIgghiBGIEYgSDC
IQIpAzFEMUQpAykEIQQgwyDDKQMgwykDKQQpBCkEMQQpAykDKQIowyjDKMMowijD
KMIpAikCKQIpAykDKQMpAykCKQIpAykDKQMpAykDKQMgwijCKMIowiDCKMMgwiDC
IIIgwhjCIMIYwiDCGMIYgxiCGIIYghiCEIIYghiCGIEggiCCKIIogSjCKMIowijC
KMIowyjCKMIowijCKMIowijCKMIowijCKMIowikCKMIowijCKMIowijBKMIowijC
KMMpAijCKMIowijCKMIowijCKMIogijCKMIowijCKMIowijCKMIgwiCCIIIowyjD
KMMgwhiBGIEYgRhAGIEgwijCKMIowyjDKMMpAykDIMMYghjDIMMgwykEKQQpBCkE
KQMpAikCKQIowijCKMIowijCKMIowijCKMIowijCKMIgwijCKMIowijCIMIgwijC
IMIgwiDCIMIgwiDCIMIggiCCIIIggiDCIIEggiCCIIIggiCCIIIYghiCGIIYgRiB
IIEggSCBIIEggSjBKMIowSjBKIIogiiCIMIowijCKMIowijCKMIowijCKMIwwijC
KMMowyjCIMIggiCCIIIowijDKMIpAijCIMIowijCKMIowijCKMIowijCKMIowijC
KMIowSjBKMEowSDBIMIgwiDDIIMgghhCGEEYQRhBGIEowijCIMMgwyDDIQMgwxiC
GIIYgxiDIMMpBCkEKQQpBCkDKMMowzDDKMMowiDCKMIowijCIMIowijCKMIowijC
KMIowijCKMIgwiDCIMIgwiDCIMIgwiDCIMIgwiDBIIIgghiCGIIYghiCGIIYghiB
GIEYgRiCGIEYgRiBGIIYgSCCIIEggiCBIIEggijCKIIogSiBKIEogSiBKIEowijC
KMIowijCKMIowyjCKMIowjDCKQIowiCBIIEggiDCKMIowijCKMMgwijCKQMowijC
IIIowijCKMIowijCKMIowijCKMIowiDCIMIgwiDCIMIgwxjCGIEYgRhBGEEQQRhA
GEAYgRiBGIEYgRiBGEEYghiCGIIggyDEKQQpBCkEKQQpAyDCIMIgwiDCKMIowijC
KMIowijCKMIowijCKMIowijCKMIgwiCCIMIowyDCIMMgwiDCIMIgwiDCIMIYwiDC
IMIYwhiCGIIYghiCGIIYgRiBGMEYghiBGIEYgRiBGIEggiCCIIIggiiCIIEggSCB
KIEogSiBKIIogiiCKIIggyDCIMIowijCKMEowijCKMIowijCKMIgwiDCIMIowijC
KMIowijCKMIowijCKMMowijCKMIowijCKMIowijCKMIowijCKMIowijCKMEowSiB
IIEYghiCGIIQgRiCEIEQQBBAEAAQABBBEEEQQRBBGEEYgSCCIIMgxCEEKQQpBCkE
KMMggiDCIMIgwiDCIMIgwiDCKMIowijCKMIowijCKMIowijCKMIowijCKMIgwijC
KMIgwiDCIMIgwiDCGMIgwiDCIMIgwiDCIMIYghiCGIIYghiCEIIYghiCGIEQgRBB
IIIggiCCIIIggiCCIIIggiCCIIIggiCCIIIggiiCIIIgwiDCIMEggiCCIMIowijC
IMIowijCKMIowijCKMIowijCKMMowiDDKMMowijCKMIowijCKMIgwijCKMIpAijC
KMIowijBKMIowijCKIIggiCBGIEYgRiBGIEQQRBBEIEQQRBBCAAIAAgBEAEQARBB
GIEYgiDDIMMgwykEKQQgwiCCIIIggijCKMIowijCKMIowijCKMIowyjCKMIwwyjD
KQMpAyjDKMMowijCKMIowijCIMIggiDCIMIYwiDCIMIgwiDCIMIgwiCCIIIgghiC
GIEYghiCGIIYghiBGEEYQSCCIIIggiCCIIIggiCBIIEggSCBIIIgghiCIIIggSCB
IIEggSCCIIIggijDIMIowijCKMIowijCKMIowijCKMIowijCKMIgwijCKMIowyjD
KMIowijCKMIowijCKMIowijCKMIowijCIIIggiCBIIEgQSCBGIEYQRhBEEEQQRBB
EEEQQRABEEEYQhBBEEEQQRiBGIEYgiDDIMMgwyDCIIEggSiCKMIowijCKMMowijC
KMIowijDKMIowikCKQMpAijCKMIowijCKMIowijCIMIgwiDCIMIggiDCIMIgwiDB
IMIgwiDCIMIgghiCGIIYghiCGIIYghiCGIIYgRCBEIIggiCBIIEggSCBIIEggSCB
IIEggSCBIIEggSCBKIIggiCCIMIgwiDCKMIowijDKMIowijCKMIowijCKMIowijC
KMIowijCKMIowijCKMIowijCKMIowijCKMIowijCKMIowijCIMIggSCBGIEggSCB
IIEYgBiAGEEYQRBBEEEQQRBBEEEQQRBBEEEQQRBBGEEYQRhBGIEggSCBIIEYgSCB
IIEowijCKMIowijCKMMowyjCKMIowyjDKMMpAyjDKMIowijCKMIowijCKMIowiDC
IMIgwiDCIMIgwiDCIMIgwiDCIIIYghiCGIIYghiCGIEYgRiBGIEYgRCBGIEYgRiB
IIEggSDBIIEggSCBIIEgwSCBIIEggSCCIIIggSCBIIEggSiBKMIowijCKMIowikC
KMIowijCIMIowijCKMIowijCKMIowijCKMIowijCKMIowijCKMIogijCKMIowiDC
IMIggSCBIIEggSCBGEEYgRiBGEAYQBhAGEEYQRABEEEQQRBBEEEQQBhBGEEYQRhB
GEEggSCCIIIggSCBIIEgwSDBKMIowikCKMIowijCKMIowyjCKMIowijCKMIowijC
KMIgwiDCIMIgwiDCIMEgwiDCIMIgwiDCIIIgghiCGIIYghiCGIIYghiCGIIYghiB
GIEYgRiCGIIYghiCGIIYgSBBIIEggSCBIIEggSCCIIIggiCCIIIggiCCIIIogiiC
KMEgwSjCKMIowijCKMIowijCKMIowijCKMIowijCKMIowijDKMIowijCKMIowijC
KMIogijCKMIowijCIMEgwSCCIIIggSCCIIEYgRiBGIEYQRhBGEAYQBhAGEAYQBhA
GEAggRiBGIEYgRiBGIEggSDBIIEggSCAIIAggSCBIIEgwiDCKMIowijCKMIowijC
KMMowijCKMIowijCKMIgwiDCIMIgwiDCIMIgwiDCIMIggSCCIIIggiCCIIIYghiC
GIIYghiCGIIYghiCGIIYghiCGIIYghiBGIEYgRiBGIE=
END m9
frame    15 :  a glass with tea -0.05  an empty glass -0.19   led   0/255 h0.00 lvl-0.12   -
frame    16 :  a glass with tea +0.02  an empty glass -0.04   led   0/248 h0.01 lvl-0.01   -

snapshot  : frame 17, mean RGB 111 108 108
BEGIN m9 128 128 32768 b91e9529
UkhKB1rJa0trS2tLYwpbCXOMfA6ED4QPc417zoxQjFGUkYxQjFCMkZTSnNKc05zT
nNOUkoySjJGdE50TnRSU0pTTnROlFKUUpRSc05TSpRSlFKUUlNOU050UpVWlVaVV
pRSc06VVpVWtVaVVnRSlVKVVrVWtVa1VpVWlFJ0UpVWlla1VrVWlFKUUpRStVK2V
rVWdFJ0UpVSlVaVVpVWdFJ0UpVWlVaVVnRSVE50UnRWdVJ0UlNOdFJ0UnRSdFJTT
jNOM0o0TjNOM04STjNOM0ozSjNKM0ozSjNKEkoRRhFGEUYSRfFF8UXQQdBF8UXQQ
dBBrz2wQbA9sD2vPY85jjVJHSgZaiWsLY0trS2MLYspzjXwPhE+ED3OOc86MUIxR
lJKEUYRRjFGUkpzTnNOc05zTlNOMkoySnROdFJ0UlNOU050TnVSlFKUUnNOc06UU
pVSlVJzTnNOdFKVVpVWlVaUVnROlVa2VrZalVZ0UpVWtVa1VrVWtVa1VpRSlFKVV
rVWtVa1VpRSlFKVUpVWlVaVVnRSdFKVVpVWlVaVVnRSdFJ1UnVWlVZ0UlROdFJ0V
nVWVFIzTlRSdFJ0UlROVFJTTjNONE4zTjNOMkoyTjNOMkoySjNKM0ozShJKEknxR
hFGEkYRRfBF0EHwRfFF0EHQQa89zz3QQdA9sD2PPY85SSEIHWspjC2sLawtjC1rK
c42ED4RQhBBzjnvOjFGMkZSRhFGEEYxRlJKc05zTnNOc05TTlJKMkp0UnRSdFJTS
lNOdE50UpRSlFJzTnNOlFKUUpVSc05zTpRStVa1VrVWlFZ0TpVWlla1VrVSlFKUU
rVWtVa1VrVWtVaUUnRSlVa1VrVWtVaUUpRSlVaVVrZatVaUUpRSlFKVVpVWlVaUU
nRSdVaVVpVWdFJUTnRSdVJ1VlRSM05UUnRSdFJ0UlNSU04zSlNOU04zTjNOMkozS
jJKM0ozSjNKMkoSShFGEUYRRhFJ8UXxRdFB0UHxQdBB0EGvPc9B0EHQQa89rzmOO
UkhKB1qJawtrC2tLawtaynOMg8+EEIQQe857zoxRjFGUkoxRjFGMkZSSlNOc05zT
nNOU0pSSlJGdE6UUpRSUkpzSnROlFKUUpRSc05TSpRSlFKUUnNOc06UUrVStVa1V
pRSc061VrVWtVaVVnRSlVa1VrVWtVa1VrVWlVZ0UrVWtVa1VrVWlFKUUrVWlVa2W
rVadFaUUpRWlVa1VpVWlFJ0UpVWlVaVVnRSdFJ0VnRWdFJzUlNOdFJ0UnRSdFJ0U
lNOU05TTlNOM04zTjNKM04ySjJKM0ozSjJKEknxSfFF8UYRSfFF8UXwQfBF8UXQQ
dBBrz3PPdBB0EGvQa85jjlKIQgdaiWNLa0trS2sKYwpzjYQPjFCED3POc86MUIxR
lJKMUYwRjJKUkpTTnROdE5zTlNKU0oyRpRSlFKUUlNOU050UnRSlVJ0UnNOU0qUU
pVSlVJ0TnNOlFK1UrVWtVaUUnROlVa2VrZWlVaUUpVWtVa2VrVWtVa1VpRSlFK1V
rVWtVa1VpRSlFKUUrVWtla1VpRSlFKVUpVWlVaVVnRSdFKVVpVWlVZ0UnRSdFZ0V
nRWVFJTUnRSdFJ0UnRSc1JTUjNOVE5TTlNOMk4ySjJKEkoyTjNOM04yThJKEUYRR
hFGEUXwRfFF0EHRRfFF0UHQQa89rz3QQc9Brz2PPY45SiEpHUslrS2tLa0trS2ML
c46ED4xPhA9zjnvPjFGMkZSSjFGMUZSRlJKc0pzTnNOc05TTlNKMkpzTnROdFJTT
lNOdFKUUpRSlFJ0TlNKlVKUUpVWc05zTpRStVK1VrVWlVJ0TpVWtla2VpVWlFKVV
rVWtVa1VrVWlVaVVnRStVa1VrVWtlaUUpRStVK1VrVWtVaUUpRSlVaVVpVWlVZ0U
nRSdFaVVpVWdFJ0TnRSdFJ1UlRSVE50UnRSdFJVUlRSVFJTTlNOU04zTjJOMkozT
jNKM0ozTjNOM0oSSfFJ8UYRRhJF8UXxRdBB8EXxRdBB0EGvPa890EHQQa89rzmON
WohKR2KJcwtzC2tLYwtjC3ONhA+MUIQPe857zoxQjJGUkoxRhFCMkZTSlROdE5zT
nNOU05SSjJKc1J0UnRSU05TTnRSlFKUUpRSc05TTpVSlVaVVnNOc06UUrVWtVa1V
rRSlE61VrZatlaVVpRSlVa1VrVWtVa1VpVWlFJ0UrVWtVa1VrValFaUVpVWtVa2V
rVWlFKUUpVWlVa1VpVWdFJ0UnRWlVaVVnRSVE50UnRSdFZUUlNOdFJ0UnRSdFJ0T
lROU0pUTlNOU04zTjNOM04TSjNOM04zTjNKMkoRRfFGEUYRSfFF8UXQQdFF8UXQQ
dBBrz3PPdA90D2vOY85bjVrJQkdayWtLa0trTGtLYwpzjYQPhFCEEHPOe86MkZSR
lJKMUYRRjJGU0pzTnNOc05zTnNKUkpSSnRSlFKUUnNOc050UpVSlVKUUnNOc06VU
pVSlVZzTnNOlFK1VrVWtVaUUnNOtVa1VrVWlVaUUpVWtla1VrVWtVaVVpRSlFK1V
rVWtVa1WpVWlVaVVrVWtVa1VpRSlFK1VrVWtVa1VpRSdFKVUpVWlVZ0UnNSdFKUU
pRWdFJTTnRSdFJ0UnRSdFJUUjNOVE5TTlNOMk4zTjNOM0ozTjNOM04zSjJKEUoRR
hFGEknxRfFF0EHQRfFF0EHQQa89r0GwQbA9rz2POY41ayUpHWsprTHNMa0xrTGMM
c42ED4wQhBB7znvOjJCUkZSRjFGMUJSSlNKc05zTnROdE5TSlJKUkaUTpROlFJzS
nNOlE6VUpVSlVJ0TnNOtFK1UrVWc05zTpRStVa1VrVWlFJ0TrVWtVa2VrVWlFK1U
rVWtVa2VrVatVaUUnRStVa1VrVWtVaVUpVSlVa1VrZWtlaUUpRStVa1VrVWtVaUU
pRSlFaVVpVWdFJTTnRSlFaVVnRSU1JUUnRSdFJ0UnRSVFIzTlRSU05TTjJKMkozT
jNOM04zTjNOM04SShFF8UYRRhFKEUXxRdBB0UXxQdFB0EGvPc890D3QPa85jjmON
WwlKR1rKa0xzjHOMa0xrDHONhA+MT4QQe857zoyQlJGUkoxRhFGMkpTSnNOc05zT
nNOU05TSjJKlFKUUpVSU05TTnNSlFKUVpVSdFJTTpRSlVKVVnROc06UUrVWtVa1V
pVSdFK1VrVWtVa1VpRSlFK1VrVWtla1VrVWtVKUUrVWtVa1VrVWlVaVUrVWtla2V
rZWlFKVUpVWtVa2VrVWlFKUUpRWlVaVVnRSc1KUVpRWlVZ0UnNSdFJ0VnRWVFJUU
lRSM05UTlNOU04zTjNOM04zTjNOM04zThNOEkoRRhFGEUYRRfFB8UHQQdFB8UHRQ
dBBrz2vPdA90D2vPY45bTWMKUoliynNMc41zjXNNawxzjoQPhBCEEHvPe8+MUYyS
lJKMUYxQlJGc0pzTnNOc05zTlNOUkpSSpRSlFKUUnNOc06UUpVWtVaUUnRSc06UU
pVStVJzTnNOlFK1VrVWtVaVUpRStVa1VtZatVaUUpRStVa2VrZatlq1VrVSlFLVV
rZWtla2WrVWlVa1VrZWtlq2VpVSlVa1VrVatlq1WpRWlFaUVrVWlVZ0UnNOdVKVU
pVWdFJ0TnRSdFJ0UnRSVFJTUlNOVFJTTlNOM04yTjNOMk4zTjNOM04TThJKEUoRR
hFKEknxRfFF0EHQRfFF0EHQQa89rz3QPdA9rzmPOY41jC1KIWwtzjXONc41rjGtL
c82ED4QQhBB7z3vPjFGUkZSSjFGEUIyRlNKc05zTnNOc05TTlNOUkqUUpRSlFJzT
nNOlFKVUpVSlVJ0UnNOtVK1VrVWdFJ0TpRStVa1VrVWlVKUUrVW1lbWWrVWlFK0U
tVW1lrWWtZatVq1VpRWtVa2WrZatlqVVpVWtVa1VrZatlaVUpVWlVa1VrZalVaUU
pRSlVaVVpVWdFJzUpRSlFaVVnRSdFJ0UpVSdFJ0VlRSVE4zTlROU05TTjNOM04zT
jNKM04zTjNOE0oSShJGEUYRRhFF8UXxRfBB8UHxRdBB0EGvPc9B0EGwPa89rjmNN
YwtSiVsLc41zjXONa41rTHONhBCMEIRQe897z4xRlJGU0oxRjFCMkZTSnNOdE50T
nNSU05STjJKdFKUUpRSc05zTpRSlVKVUpVSdFJzTrVStVa1VnNOc06UUrVWtVa1V
pVWlFK1VrVW1lq1VpRSlFK1VtZa1lrWWrZalVaUUrVWtlq1WtZatVaVVrZWtVbWW
rZalVaVVpVWtla2VpVWlFKUUpVSlVaVVnRSdFKVUpVWlVZ0UnNSdFJ0UnRSdFJUU
lNSU05UTlROU05TTjNKM04zSjNOM04zThNOEkoRShFGEkoSRfFF8UHQQfFF8UXQQ
dBBrz3PQdBBsD2vPY85bjWtLWspjC3uNc81zjXONa0xzjoQQhBGMUXvPe8+MUZSS
lJKMUYxRlJKU050TnROdE5TTnNOckpSSnROlFKUUnNOc06UUrVSlVKVUpRSc06VV
rVWtVZzTnNOlFK1VrVWtVa1VpRStVa1VtZatVaUUrVW1lrWWtZa1lq2VpVWlVK2V
rZatlq2WpVWlVa1VrVWtlq2VpVSlVaVVrZWtlaVVpVSlFKVUrVWtVZ0UnROlFKVV
pVWdFJ0TnRSlVKUUpRSdFJ0UlNOc1JTTjNOM04zSjNKM04zTjNOM04zThJKEUoRR
hFGEUXxQfFB0EHxRfFB0UHQQbA9sEGwQa89rzmPOY41rTVrLYwxzjnvOe85zzmuN
c86EUIxRjFB8D3vPjFGUkZSSjFGMUZSSnJOc050TnROdE5TTlNKUkqUUpRSlFJzT
nNOlFK1UrVWtVaUUnROtVa1VrVWlFKUUpVStVa1VrVWtVaUUrVW1lrWWrVWlFK1V
tZa1lrWWtZatVaUUnRStVa1VrVWtVaUUpRSlFKUUrVWtVaUUpRSlVK1VrVWtVaUU
pRStVKVVpVWdFJ0UpVSlVaVVnRSU1J0UnRSdFJ0UnRSVE5TTlRSU1JTTjNOM04zT
jNOM04zTjNOE04SShJKEUYRShFKEUXxRdBB8UHxQdA90EGvPbBBsD2wPa89jjltN
c41jC2tMe857znvOc85zjXvOjFCMUIxQhA98D4yRlJGUkoySjFGUkpzTnNOlE6UT
nROc05zSlJKlFKUUpRWU05zTpRStFK1UpRSlFJ0TpVWtVa1VpRSc06UUrVW1lrWW
rVWlFK1VtZa1lq2VpRStVa1VrVSlFJ0TnNKUkZSQlJGUkZSRlJGUkpSSlNKUkZSR
jJGMkIyQlJGUkZSSlNKc0pzTpRStVaVVpRSc06VUpVSlVZ0UlRSdFJ0VnRSdFJUU
lNSM05UTlNSU05TTjNOM04zTjNOM04zThNOEkoSShFGEUYRShFF8EHQQfFF8UXQQ
dBBrz2vQdBBzz2vPY45bjnPNa0tzjHwOfA+ED3vPc457z4QRjFGMUXwQe9CMkpSS
lNKUkoxRlJKc05zTnROdE50TnNOc0pSSpRSlFKUUnNOc06UUrRStVaVVpRSdFK1V
rVWtVaUUpRSlFK1VtZa1lq1VpRStVbWWrZWlVZzSlJGMkJSQlJGUkZzSnNOc06UU
rVW1lbXXvhm+GMYZtde117WXrZatl6UVnNSUkoySjJGMkYyRlNKdFJ0UnRSlVKVV
pVWdFJTTnRSlFKUUnRSdFJUTjNOVFJUUlNOU04zTjNOM04zTjNOM04TThJKEUoRR
hFGEUYRRfFF0EHxRfFF0EHQPa89rz3QPbA9rzmOOY45zzmtMc42ED4QPhA+ED3vO
hA+MUIxRjFGEEIQQlJGc0pTSlJKMkZSSnNKc050TnROdE5zTnNKUkqUUpRSlFJzT
nNOlFK1VrVWlVaUUnRStVa1VrVWlFJzTpRS1lbWVtZWtVaUUrVSlU5zSlJGUkZTS
nNSlFKUUrVWtVa1VpRStVbWWtdfGWs6bzpvOm73Yxhm92L4Yvhi1lq1VrVWlFKUT
nROc05TSjJGMkZTSnRSlVaVVnVSdFJ0UpRWlFZ0VnRSU1JTTlROVE5TTlNOM04zT
jNOM04zTjNOM0oyShJKEUYSRhJGEUHxRdBB0UXRRdFB0EGvPdBBsEGwPY89jjmOO
e89rTXOOhA+ED4QPfA97z3vQjFGMkZSRjFCED5SRlNKc0pSSjFGUkpzTnNOdE6UT
nROc05zTlJKlFKUUpRSU0pzTpRStFa1VrVWlFKUTrVStVa1VnRSc06VUtZW1lbWV
rVSc05zSlJKU0qUTpRSlFK1VrVWtVa1VrVWtVaUUpRS9186a59/fn9+f55++Wsab
xlrW274YrVWtVa1VpRSlFKUUnRSdFJTTlJOUkpSSnROlVKUUnNSlFJ0UnRSdFJ0U
nRSU050UlNOU04zTjJOM04zTjNOM04zTjNOMkoSShFGEUYRRhFF8UXQQfFF0UXQQ
dA9rz2wPdBBrz2vPY45jjoQPc457j4QQhFCMUIxQhA+ED4xRlJGUkoxRhFCUkpSS
nNKUkoxRlJKU05zTnROlE50TnROc05TSpRSlFKUUnNOc06UUrRStVa1VpVSc061U
rVWtVZzUnNStVbWWtZatVZySlJGckZzSpROtVKVUpRStVa1VrVWtVa1VrVWlFKVV
zlrfHe/f51/nn+ffxlrOm86a3xy+GK1VrVWtVaUUpNOlFKUUpRSc05zTlJOMkYRR
lNOdFJ0TnRSdFJ1UnVSdFJUUlNOU05TTlNOU04zTjNOM04zTjNOM04zThJKEUYRR
hFGEUXxRfBF0EHxRfFB0EHQPa89r0GwQbA9jz2OOY46EEHOOe8+EEIxQjFGMUYQQ
hBCMUpSSlJKMUYQQlJKU05zSlJKUUZSSnNOdE50TpRSlFJ0TlNOU06UUpRSlFJzT
nNOlFKUUrVWtVaUUnNOtVK1UrVWlFKUTrVS1lbWVnNKUUZSRnNKc0qUUrVWtVKUU
rVStVa1VrVatVa1VpRSlVb3X3tz33+ef55/338ZaztvOm9ccvhitla1VrVWlFJzT
pRSlFJ0UlNOU0pTTjJGEUYRRnNOdE6UUpRSlFJ0UnRSdFJTTnNSc05TTjNOU05TT
jNOM04zTjNOE04SShJKEUYSSjJJ8UXxRdBB8UXxRdBBsD2vPdA90D2wPY85jjWON
hFF7z3vPjFGMUYxRjFGEEIwQlJGUkZSSjFGEUJSSnNKc05TSlJGU0pTSnNOdE6UT
nRSdE5zTnNKlFKUUpRSc05zTpRSlFa1VrVWlFJzTrVStVa1VpRSlFK1VtZa1lZSS
lJKc0pzSnNKlFK1VpRSlFK1VrVWtVa1VrVWtVaUUrVW1lsYY99/nn+ef79++Wc7b
zprfHL4YrVWtVa1VrRSdE6VUpRSdFJTTjJKU05SSjFGEUZTTnROlFKUUpVSdFJ0U
nNSU05TUlROU04zTjNOM04yTjNOM04zTjNKEkoSRhFGEUYSRhFF8UHQQfFF8UXQQ
dBBrz2vQbBBrz2PPY45jjoxRhBCEEIxRjFKMkYxRhBCMUJSSlJKUkoyRhFCU0pzT
nNOc0pSSlNKc0p0TpROlE6UTnROc05zTpRSlFKUUnNOc1KUUrRStVa0UpRSc061V
rVWtVaUUpRStVLWVrVWc0pTRlNKU0pzTpRStVaUUpRStVa1VrZWtla1VrVWtVK1V
rVW91/ff55/nn+/fvlnO3M6b3x2+GK1VrVWtVaUUnNOtVaUUnRSU04ySjJKMkpSS
lJKc050TnRSlFKVUnRSdFJUUlNOU05UTlNOU04zTlNOM04zTjNOM04zTjJKEkoRR
hJKEknxRfFF0EHwRfFF8EHQQa89sEGwQbA9jz2OOY46MUXwQhBCMUZSSlJKMkoxR
jFGUkpSSnNKUkYxQnNKc0pzSlNKMkZSSnNKdE6UTpRSlFJ0TnNKc0qUUpRSlFJzT
nNOlFK1UrVStVa1UpRStVa1VrVWlE6UTrVS1la1UnNKU0pSSlJKU0qUTrVWlFKUU
rVWtVa1VrVWtVa1VrVStVa1VtZbvn+de557vn75ZztvW2+ddxlmtVa1VrVWlFJzT
rVWlFJzTlJKUUYyRjJKU05TTnNSdFJ0UnVSdVJ0UnRSVFJTTlRSVE5TTlNOU05TT
jNOU04zTjNOM04yShJKEUYRRhFF8UHxQfBB8UXRRdBBsEGvPbA90D2vPa85jjWON
jFGEEIQQjFGUkZSRlJGMUYxRlJKc05zTlJKMUZzSnNOc05SSjJKU0pzTnNOlE6UU
pRSlE5zSnNKlFKVUpRWc05zTpRSlFK1VrVWtVaUTrVStVa1VpRSlFK1VtZatVJzT
nNKc0pzSnNGc0qUUpROlFK1UtVWtVa1WrVWtVaUUrVWtVbWW513nXude512+GNab
zpvfXcZZrVWtVa0VpRSc061VnNOUkpTSlJKUkpSSnNOdE50TnROdVKVUpVWlFJ0U
nROU05TTlROU04zSjNOU04zTjNOM04zThNOEkoRShFGEUYSRfFB8EHwQfFF0EXQQ
a89rz2vPbA9sD2POY41jjYxRhA97z4xRjFKUkpSSjFGMUZzTlJKU0oyRjFGc0pzS
nNOc05SSnJOc050TnROdE6UUnRSc05zTpRSlFKUUnNOc06UUrVWtVa1VpRSc061V
rVWtVaUUpRStVbWVpVSlE5zSnNKlE5zSpNOlFKUUnNOc06UUpROlFK1UrVSlE61U
tZWtVd7b513nXuddvdfWms5a3tzGGKUUpRSdE5zTnNOlFJzUlJKUkpSSjJKUkpzT
nRSdE50UnVSlVKVVpVSdFJ0UlNOU1JUUlNOU04zTlNOM04zTjNOM04TShJKEkoRR
hJKEknxRfFF8EHxRdBB0EGvPa89zz3QQa89rz2OOY42MUYQQfBCMUYyRjJGMkYxR
jFGU0pzTlNOUkYxRnNOc05zTlNKMkpSTnNOc06UTpRSlFJzTnNOc0qUUpRSlFJzT
nNOlFK1UrVWtVaUUpROtVa1VrVWlFKUUrVW1lqUUpRSc05zSpNOc06TTrRStFKTT
pROtFKUUrRStVK1VrVW1lrWWrVXfG+ef75/fXrXYzprGWt7cvhilFKUUpRSc05zT
pROc05SSlJKU0oySlNKU050UnROdFJ1UpVSlVKVUnRSdE5TTlROVE5TTjNOU05TT
jNOM04zTjNOE0oSShFGEUYRRhJF8UXwQdBB8EXxRdBBrz2vPbA9sD2wPa85bjWON
jJKEEIQQjFGMUZSSlJKMUYxRlJKU0pTSjJKMUZzTnNOc05SSlJKU05zTnRSlFKUU
pRSlFJzTlJKlE6UUrVSc06UUpRStVa1VrVWlFJzTrVWtVa1VpRSlFK1VtZalFKUT
nNOc05zTnNOlE61UrRSk06UTrROtVK1VrZWtVr3X1prGmb4Y99//3//f99/GWdaa
zpre3MYYrRStFaUUnNOc05zTnNOUkpSSlJKMkpTSnNOdFJ0TnRSdVKVUpVSdVJ0U
nRSU05UUlROU05TTjNOU04zTjNOM04zTjNKMkoSShFGEkoRRhFF8EHQQfFF8UXwQ
dA9rz2vPbA9rz2POW41bjYxRhBCEEIyRlJKUkpSSjFGMUJSSlNKU0pSSjFGc05zT
nNOc0pSSnNKc05zTpROlFKUUpNOc05ySpRSlFKUUnNOc06UUrVWtVa1VrVWlE61V
rVWtVaUTpRStVbWVrVSlFJzTnNOc05zTpRStVa1UnNOk06UUpRStVa1VrVXGGN7b
3tvGWf/f/9//3/ffvhnOm86b1ty+GaVVpVSlFJzTnNOc05zTlJKUkpSSjJKUkpTS
nRSdE50UnVSlVKVUnVSlFJ0UnNSc1J0UlNOU05TTlNOM04zTjNOM04TThJKEkXxR
hFKEUnxRdFB0EHxRdFB0EHQQa89zz3QQa89jjluNW46MUYQQfBCMUZSRlJGUkYxQ
jFCc0pzSnNKUkoxRlNOc05zTnNKUkpzSnNOc06UUpRSlFKUUnNOc06UUpRStVJzT
nNOlFK1UrVWtVa1UpROtVa1VrVWlFKUUrVS1la0UpRSk05zTpNOlE6UTrVSlE5zS
nROlE6UUrVWtVq1VzlnnHNbbxhn33//f/9/3n74YzprOmtbcvhilVKVUpRSc05zT
pRSdE5SSlJKU0oyRlNKU0p0UnROdFKVUpVSlVZ1UnVSdFJzTnRSVFJUTlNOU05TT
lNKM04zTjNOM04SSfFF8UYRShFF8UXwRdBB8UXRQdBBrz2vPbA9sD2vPY89bjWOO
jFGEEIQPjFGUkZSSlJKMUYxRlNKUkpzTlJKMUZzSnNKc05TTjJKU0pzTnRSlFKUU
pRSlFJzTnNOlFKUUpRSc05zTpRStVa1VrVWlFJzTrVStVK1VpRSlE61UtVWtFKUT
pNOk06UUnROlFK1VpRSc05zTpNOlE61UrVStVc5Z3tvWmr4Z/9//3//f75+2GM6a
zprW274YpVWlFKUUnNOc05zTpRSc05SSnNOUkpSSnJKdFJ0TnRSlVKVUpVWlVJ1U
nRSU05zUlRSU05TTlNOM04zTjNOM04zTjNOEkoRRhFGEkYRRfFF0UHQQfFF8UXQR
a9Br0GvQbBBjz2POW41jjYxRhBCEEIyRjJGUkpSSjFGMUZSSlJKc05SSjFGc0pzT
nNOc05SSnNKc050TpRSlFKUUpRSc05zSpRSlFK1UnNOc06UUrVWtVa1VpRSc061U
rVWtVaUTpROtVLVVpRSlFKTTnNOlE5zTpRStVa1UnNOc06TTpRStFK0UrVTGGN7b
1tvGWf/f/9//3/ffvhnOms6a1tu+GK0UpRSlFJzTnNOlFKUUlJKUkpzTlJKU0pTS
nRSdE50UnRSlVaVVpVWdFJ0UlNSdFJ0UlNSM04zTjNOM04zTjNOM04yThJKEUXxR
hFGEUXxRdBB0EHRRdFB0EGvQa89z0GvPa89jjltNY46MUYQQhA+MUZSRlJKMUoxR
jFGU0pzTnNOUkoxRlJOc05zTnNKUkpTTnNOdFKUUpRSlFJzUnNOc0qUUpRStVJzT
pROlFK1VrVWtVaVUpROtVK1UrVWlFKUTrVStVK0UpRSk06UTrRSlE6UUrVWtVZzT
lJKc0qUTpROlFKUUtZbOWfde713/3//f/9//39abzlrOWtabvditFKTUpROc05zT
pRSlFJSSlJKc05SSlJKUkpzTnROdFKVUpVWlVZ1VnVSdE50TnROdE5TTlNOU05TT
jNOM04zTjNOMk4yShFGEUYRRhFF8UXwQdBB8UXQRdBBrz2vPc9BsD2vPa85bjmOO
jFGEEHwPjFGUkpSSlJKMUYxRlJKUkpzTlJKMUZySnNOc05zTlJKckpzTpROlFKUU
pRSc1JzTnNOlFKUUrVWc05zTpRSlFa1VrVWlFJzTrVWtVK1VpRSlFK0UrVWtFK0U
pNSk060UpRSlFK1VrVWUkpyRnJKk0qUTpRSlFKUUvdf/3/+f/9//3//f/9/W3N8d
1tzW3L3YpRSc06UTnNOc1KUUpRSUkpSSnNOMkpTSlJKlE50TnRSlVaVVpVWdVZ0U
lRSVE5UTlROVE5TTjNOM04zTjNOM04zThJKEkoRRhFGEkoRSfFF0UHQQfFF0EHQQ
a89rz2vQa9Br0GOOW01bjoxRhBCED4yRlJGUkoyRjFGMUZTSlJKc05SSjFGUk5zT
nNOc05SSnNOc06UUpRSlFKUUpRSc05zTpRSlFKUUnNOc06UUrVStVa1VpRSc061U
rVStVaUTpROtFK0UrRStFKUUpROtE6UTpROlFKUUlJKUkZySpJKk06UUpRStVc6Z
/9//n//f/9//3//f3tznXuef79/XHa1VpRSlFJzTnNOlFKUUlJKUkpzTjFGUkpSS
nNOlFKUUpRSlVKVVpVWdVJ0UlNOdE50TlNOM0pTTjNOM04zTjNOM04zTjJKEUYRR
hJKEUYRRfBB0EHxRdFB0EGvPa89rz2vQY89jz1tNY46MUYxQhA+MkZSSlJKMkoxR
jFCU0pTSlNKUkoxRnNOc1JzTnNOUkpzSnNOlFKUUpRSlFJzTnNOUk6UUpRSlFKTT
pNOlFK1UrVStVKUUnNOtFK0UrVSk06UTrROtFK0UrRSlE6UTpROlE6TTlFGUUZSR
lJGckZzSpNOlE6UUvdffHP/f95//3//f/9//39ac3x3nnu/f79+tVZzTnNOc05zT
pRSdFJSSlJKc05SSlJKUkpzTnRSlVKVUpVWlVaVVnVSdE5UTnROdFJTTlNOU05TT
lNOM04zTjNOM04SShFJ8UYRRhFF8UHwQdBB8UHQQdBBrz2vPa89sEGPPY45bTWOO
jFGEUIQQjFGUkpSSlJKMUYxRlJKckpzTlJKMUZzTnNOc05zTjJKUk5zTnNOlFKUU
pRSc05zTnNOlFKUUrVSlE5zTpRSlFK1UrVWlFJzUpRSlFa1VpNSk1K0UrRStFK0U
pRSk06UTpNOc0owPg86MT5SQnNGk0qTTpRStFMYY3xv/3/ee/9//3//f/9/Wm98d
517vn+dfrVWk06TTnNOc05zTnNOUkpSSnNOU0pSTlJKc06UUpRSlVKVVpVWlVKVU
nRSdE50UnRSc05TTlNOU04zTjNOM04yTjJOEUoRSfFGEkoRRfFF8EXwQfFF0EXQQ
a89rz2vPa89rzmOOW01jj4xRhBCED4xRlJKUkpSSjFGEEZSSlJKc05SSjFGc0pzT
nNOc05SSnNOc06UUpRSlFKUUpRSc05zTpRSlFK1VpRSc06UUpRStVK1UrRSdE60U
rRStFKTTpNOtFK0UrRStFKUTpRSlFKUUlJKMEIvOg86UUJyRpNKlE60UrVTGGNaa
zlnnHf/f/9//3//f1pvfHd9e79/nn61VpNOlE5zSnNOc05zTlJKUkpzTlNKUkpSS
nNOdE6UUpVSlVaVVpVWdFJ0UlNSdFJ0UlROU05TTlNOU04zTjNOM04yThJKEUnxR
hJKEUYRRfBB8EHxQfBB0EGvPa89rz2wPa89jjltNY46MUYxQhBCMUZSSlJKUkoxR
jFCUkpTSnNOUkoxRnNOc05zTnNOUkpzTnNOlFKUUpRSlFKUUnNOc06UUpRStVaUU
nNOlFKUUrVSlFKUUpNOtFK0UrRSc06TTpRStFK0UrRStFKTTpRSk05RRjBCLz4ON
i86cUKTSpNOtFK0VzlnWms5Z3tv/3//f/9//386b1t3fXuef516tVaTUpRSc05zT
nNOc05SSnNOc05zTlJKUkpzTnROlFKUUpVWlVaVVnVWdFJ0UnRSdFJUTlNOU05TT
lNOM04zTjNOEk4SShFKEUYSShFF8UXRQdBB8UHQQdBBrz2vPa89r0GvPY49bTmOO
lFGEUIQQjJGUkpSSlJKMkYxRlJKckpzTlJKMUZzTnNOc05zTlJKc0pzTpROlE6UU
pRSlE5zTnNOlFKUUrVWlE5zTpROlFK1UrVSlE5zTrRStFK0UpROlE60UrVWtVK0U
rRSlE6UUpNOUUJRQjA+LzIPMjA2c0aTSpRSlFMZZ1pvGGc5a/9//3//f/9/Om9bd
317nXuefrVWc06TTnNOc06TUpRSUkpSSnNOUkpSSlJKc06UUpRSlVaVVpVWlVZ1V
nRSU1J0UnRSc1JTTlNOU04zTjNOM04zTjJOEUoRRhBGEUoRRfFF0EHQQfFF8UHQQ
a89rz2vPa9Brz2OOW01jjoxRjFGEEIxRlJKUkpSSjFGMUZSSlJKc05SSjFGc05zT
nNOc05SSlJKc05zTpRSlFKUUnNOc05zTrVWtVa1VpRSdE6UUpVStVK1UpRSc06UU
pRStVKTTpNOtFK1VrRStFKUUpROlFJzTjFCUT4wOi82DjIOMnE+k0qUTpRPGGNaa
xlm92P/f/9//3//fzpvWm86b1tzvnq1VlJGUkYxQlJGc05zTlJKUkpzTlJKUkpSS
nNOc06UUpRSlVaVVnVWdVZ0UnROdFJ0UlNOU05TTlNOM04zTjNOM04SThJJ8UXxR
hJGEUXxRdBB0EHxRdBB0EGvPa89r0GvQY89jjltNY4+MUYQQhA+MUZSSlJKMUoxR
hBGUkpSSnNKUkoxRlJKc05zTnNOUkpzTnNOlFKUUpRSlFJzTnNOc060UrVStVKTT
pNOlE6UUrRWtFaUUnNOtFK0UrRSk06TTrRStFK0UrRSlFKUTpNOUUJQPlE+UDovN
i0uDS4uMnJGk05zTxhjOmcYZtZb/3//f/9//38ZZxlnGWc6a5xyUUWrJcwlzCXMJ
g4yc0pSSlJOc05SSlJKUkpzTpROlFKVVpVWlVaVVpVWdFJ0UnRSdFJzUlNOU05TS
lNOM04zTjNOMk4SShFKEUoSShFF8UXwQdBB8UXQRdBBrz2vPa89r0GvPY45bjWPO
jFGMUYQQjFGUkpSSlJKMUYQQlJKUkpzSlNKMUZTSnNOc05zTlJKUk5zTnRSlFKUU
pRSc1JzUnNOtVa1UrVWc05zTpROtVK1UrRStFKTTrRStFK0UpNOk060UrRStFK0U
rROk04vNg4yLzZQOlA6LzYtLi0qDSpPMnNKUkb3WzlnGGK2W/9/3nv/f956tlr3X
zlrOWt7bg89aR2KHWkdiiGKIe4uMUZSSnNOUkpSSlJKc050TnRSlFaVVpVWlVJ1U
nROdE50UnRSc05TTlNOU04zTjNOM04zThJKEknxRfFGEUYRRfFF0EHQQfFF0EHQQ
a89rz2vPa89jz2OOW01jjoxRjFGEEIxRlJKUkpSSjJGMUZSSlJKc05SSjFGckpzT
nNOc05SSnNKc06UTpRSlFKUUnNOc05zTpRSlFK1UnNOc06UTpRStVK1UpROc060U
rRStFKTTpNOtE61UrRStFKTTjBBzCoOLlA2UDYvNi8yDi4NKg0mDSpQNi8yk0L3V
xhak085a1pznXuderVa9mNaazlne24PPWgdih3LJe0lqh2KIg82UUpyTlJKUkpSS
nNOc050UpVSlVKVVpVWlFZ0UnRSdFJ0UnNOU05TTlNOM04zTjNOMk4yThJKEUnxR
hJKEUXxRdBB0EHxRdBB0EGvPa89r0GvQa9BjjltNY46MUYxRhBCMUZSSlJKUkpSS
jFGUkpSSnNOUkoxRlJOc05zTnNOUkpTTnNOlFKUUpRSlFKUUnNOc061VrVWtVaUT
nNOlE61UrVStFKUUpNOtFK0UrRSk06TUrRStFK0UrRSk0nNKcwmDy5QMlE2Ly4NJ
ewh7B3LHesiDSYMJewmLjLSRcwu1VNab5x3vXq1WtZbGGcYY1pqMUXMLYohqh1oF
UcNiRVHEg8yUkZSSlJKUkpzTnRSlFKVUpVSlVaVVpVSdFJ0UnRSdFJzTlNOU04zT
jNOM04zTjJOMk4RSfFF8UYRRfFF8EXQQdBB0EXQQdBBrz2vQa9Br0GvPY45bTWOP
jFGMUYQQjFGUkpSSlJKMUYxRlJKUk5zTlJKMUZSSnNOc05zTlJKUkpzTnRSlFKUU
pRSlFKUUnNOtVK1UrVSlE5zTpROtFK0UrRStFKTTrRStFK0UpNOk060TrRStFK0U
lFFaRnMJi8uUDJRNk8uLiXsHeoVyRXJFagViBGIFYgZqBlGErJDWmt7b3tylFKUU
vde919aanNN7S2pHakZZxFnEWcQ5AUGDYohzCnvMjFGU050UnRSlVKVUpVSlVaUU
nRSdFJ0UnRSU05TTlNOU0ozSlNOM04yTjJOEkoRRhFGEUYRRfFF0EHQQdBF0EHQQ
a89rz2vQa9Bj0FuOW41jzpSSjFGEEIxRlJKUkpSSlJKMUJSSlJKc0pSSjFGUk5zT
nNOc0pSSlJKc06UUpRSlFKUUpRSc05zSpVStFKVUnNOc06UTpRStFK0UrRSk060U
rRStFKTTpNOtFK0UrRSs1IwQWkZzCYOLk8yUDZPLi4mDB3qFagNhw1FCQMAwgDCB
MIEwgYuNvhjGGc4ZjFKckrWWtZXOWJzRg8t7CXLIWgVBAkDCMEAwQDiAQQJaR4RQ
nNOdFKUUpRSlVKVVpVWdFJ0TlROdFJ0TlNSU1JTTlNOM04zTjJOMk4yThJKEUXxR
hJGEUXxQdBB0EHxRdBF0EWvPbA9sEGvQY89bjVONY86MUoxRhBCMUZSSlJKUkoyR
hFGUkpSSnNOUkoxRlJKc05zTnNOUkpzSnNOlE6UTpRSlFKUUpRSc061UrVStVJ0T
nNOlE60UrRWtFK0UpNOtFK0UrRSk06TTpRStFK0TrRSMUFpGcwmDSpPMlA2Ty5OK
i0mCh2nDYYJIwTiAKEAwQDiAQIF6iItLtNHeFpPNnE+1U7VU1lek0YvMg0l7CGqG
UYNJQkDASMBRAVGCaoaMUJzTpROlFKUUpRSlVZ1VpRWdFJ0UnRSdFJzTlNOU05TT
jJOMk4yTjJOMk4RShFGEUYSRhFF8EXQQdBB0EXQQdBBrz2vPbBBr0GPPW45bTWOP
jFGMUIQPjFGUkpSSlJKMkYxQlJKUkpzTlJKMUZSSnNOc05zTjFKUkpzTpRSlFKUU
pRSc1JzTnNKlFK0UrVSk06TSpROtFK0UrRSlFKTTpRSlFK0UpNOk06TTrRStFK0U
lFFiRnLIgwmLi5PNi8yTipOJiwdyBFlCSME4gDBAKEA4QEBAWUJRAZvL3hWTzowO
nFCkkMWUpJCUC4tJgwhyhWHDYUJQwFDAWQFZgmrHjFGc05zUnNSlFKVUpVSdVJ1U
nRSVFJ0UnRSU05TTlNOU04zTjJOMk4yTjJOEkoRRfFGEUnxRfFF0EHQQdFF0EHQQ
a89rz2vPa89jz1uOW41jzpRRjFGEEIxRlJKUkpSSjJGMUZSSlJKc05SSjFGUkpzT
nNOc05SSnNOc050UpRSlFKUUpRSc1JzTpRSlFK1UpNOk06UUrRStFK0UpNOc06TT
pROlE6TTpNOk060UpRSlE5RQYgVqRnKHe0iDiovLi8qTiYtIeoVZQkjBOIAwQChA
OEBAgFECUQKTjM2Ui42UD5xQpNG9U5xPi8uDSYMIckVhw1mCSQBJAFFAYYJzB4yR
nNOdE50TpVSlVKVUpVSlFJ0TlROdFJ0UlNOU05TTlNOMkoyTjJOEk4SShFKEUXxR
hJJ8UXxRdBB0EHwRdBBsEGvPa89sEGvPY89bjltNY46MUYxRhBCMUZSSlJKUkoxR
hFCUkZSSlNKUkoxRlJKc05zTnNOUkpTTnNOc06UUpRSlFKUUnNOc0qUUpRStFKTT
nNOk060UrRStFKTTnNKlE6UTpROc0qTTpROlE60TpNOUUWIGYgZiBXqHg0mLiovL
i8qLSYLHagRRAjiAMEAwQDhASIBZAlDBk0vFEotMk86cD5xOrNCUDYvJg4iDR2pE
WYJZQkkBSMBRAWGDcwiUkZzSnNOdFKUUpVSlVaVUnVSdFJ0UnRSdFJTUjNOU04yT
jJOMk4yTjJOMUoRRhFF8UYRSfFF8UXQQdBB0EXQQdBBrz2wPbA9rz2PPW45bTWOO
jFGMUYQQjFGMkpSSlJKMUYQQlJKUkpSSlJKMUZzSnNOc05zTlJKUk5zTpRSlFKUU
pRSlFKUUnNOtFK0UrRSk05zTpNOlE60UpRSlE5zSpROk06UTnNKc0qTTpNOlE6TT
lJFqBlnEWcRqRXsHg0mLiYvKi0mDCHJFUUJAgThAOEBAQEiAWUNIwYMJtM+DS4OM
i8yUDZQNi8qDSINHewdqRVnDWUJRAUjAUQFhg3sIlFGckpzTnNOlFKUUpVSlFKUU
nROc050TnROU05TTlNOMk4ySjJOMk4SSjFKEUYRRfFGEUnxRfFF0EHQQdBB0EHQQ
a89sEGvQa89jzluOW01jzoxRjFF8EIRQjJGMkoySjFGEEJSSlJKUkpSSjFGUkpzT
nNOc05SSlJOc06UUpRSlFKUUpRSlFJzTrRStFK0UnNOc05zTpROlE60UpNOck6TT
pNOk06STnJKk0qTTpNOk05RRYgZZhFFCWYJyhXsHg0iLiYNIgwd6RVmCQME4gDiA
OEBAgFmDQMB6h6wNeshqRnrHk0l6xYMFgwaDBoLGagRZgllBSQBJAFEAWcN7CYxR
lJKc05zTpRSlFaUVpRSlFJzTnNOc05zTlNOU05TTlNOMk4yTjJOEk4SShFKEUXxR
hFF8UXxRdBB8EHxRdBFr0GvPa89rz2vPY49bjluOY8+MUYxRhBCEEJSSlJKUkoxR
hBCUkpSSlNKUkoxRlJKckpzTnNOUkpSTnNOlFKUUpRSlFJzTnNOc0qUUpRStFKTT
nNKk06TTpRSlFKTTnJKc05zTpNOckpySpNKk06TTpNOckmoGWYRJAklBYgRyhoMI
i0mLCHsHeoZhw0jBOIBAgECAQIBRAkDAacSbSnpFYcN6RXpFckR6hHrFewV6xmpF
WcNZglEBSMFRAVmDewqUUZySnNOdFKVUpVWlVaUVnRSc1JzUlNOU05TTjJKMkoyT
jJOMk4yTjJOEkoRSfFF8UXxRfFF0UXQQdFB0UXQQc89rz2vPa89rz2OPW45bTmOP
jFGMUYQQhBCMUZSSlJKMUYQQlJGUkpzSlJKMUZSSnNOc05zTlJKUkpzTpRSlFKUU
pRSlFJzTnNOlFKUUrRSc05zSpNOlFKUUpRSdE5zSnNOc0pzSnJKckpzSpNOk06TS
nJFqB1mFSQJAwVGCYgNyxoMHgwh6x3JFYcNAwThAMEA4QECAWUNIgFDBWQJhQ2FD
cgZ6RnIFcgR6hXqFcoZqRFnCWYJRAUkBSQFZhHNKjJGUkpzTnRSlVKVUpRSlFKUU
nNOc05TTlNOU04ySjJOMk4yTjJOMkoyShFKEUXxRfFF8UnxRfFF0EHwQfBF0EGwQ
Y89rz2vQa89jj1tOW01jjoxRjFGEEIQQjFGMUYxRjFGEEJSRlJKUkpSSjFGUkpzT
nNOc05SSnNKc06UTpROlE6UTpROlE5zSrROtFK0UpNOk0pzTpNOlFKUUpNOckpzS
nNKc0ZSRlJGckpzSpROc0pSRakdRhEkCQIFJAVGBYgR6hnrGeoVyBGHDQMEwQDBA
MEBAwXIHOIBIwllDWUNZA2GEakdyhmqFakRqRGpEYgRRglFCUQFIwUkBWcNzi4yR
lJKc06UUpRSlFKUUnRSdFJ0TlNOU05TTlJOMk4yTjJOMk4yThJKEkoSShFF8UXxR
fFF8UXRRdBB0EXQRdBBz0GvPa89r0GvPY49bTltOY4+MUYxRhBCEEIxRjFGMUYxR
hBCMUZSSlJKUkoxRlJKc05zTnNOUkpSSnNOlE6UTpRSlFKUUpROc0qUUpRSlFJzT
nNOc0qTTpROk05zTnJKc0pzSnNKUkZyRnJGk0qTTpNKckWpJWURJAkCBQIFRAVmB
agNyRHJEagNZgkCBMAAwACgAOEFpxkCASIFQwllDUQFRAnIFeodqBWHDYgRqBFnD
UYJJAUjASMFJAVnEe4yUUZSSnNOdFKUUpRSlFKUUnROc05TTlNOU0pTTjJOMk4yT
jJOMk4yTjFKEUoRRfBF8EXxRfBF0EWwQdBF0EWwQa89jz2vQa89rz2OOW05bjmOP
jFGMUYQQhBCMUYxRjFGMUYQQjFGUkpSSlJKEEJSSnNOc05zTlJKUkpzSnROlE6UT
pROlE6UTnNKlE6UUpRSc05zSnNOk06UTpNOc05ySnJKckpySlJGckZyRnNKk06TS
lJFiSVFFSMNAgThAQIBJAVmCYcNhw1mCUUE4gCgAKAAgADBBWcY4QDhAQIFRAkjB
SMFRAmpGWcRZhFmDWYNRQlFCSMFAwEDASQFZxHuNlFKUkpzTnROlFKVUpRSdFJzU
lNOU05TTlNOU04ySjJOMkoySjJOMkoyShJKEUXwQfBF8UXxRdFBsD3QQdBB0EGvQ
Y49j0GvQa9Bjj1tOW05jj4xRjFGEEIQQjFGMUYxRjFGEEIxRlJGUkpSRjFGUkZzS
nNOc05SRlJKc0pzTpROlFKUUpRSc05zSpRSlFKUUnNOck6TTpNOlE6TTpNOckpyS
nJKckpSRnJGckpzSpNOckpSRakpRREjDQIE4QDhAQIBIwFEBUQFRAUjAOEAwACAA
IAAoQVmGMEAwQDBAOEA4gECAQIFqBlmFSURBAkkDQMJAwjiBOEBAwUkCWcV7zYyS
lJKc05zTnRSdFJ0UnRSdFJTTlNOU05TTlNKMkoySjJKMkoySjJKEkoSShFF8EXxR
hFF8EXwRa9B0EXQQdBBr0GOPa9Brz2vPY45bTVtNY46MUYxRhBCEEIxRjFGMUYxR
hBCMUZSRlJKUkYxRlFKck5zTnNOUkpSSlJKc05zTpRSlFKUUnNOc06UUpRSlFJzT
nNOc06TTpNOk05zTnJKckpySnJKcUZyRnJGckaTTnJKckWqKSQRAwjiBMEAwQDBA
OIBAwEjASMBAgDBAKAAoACgAKABAgjhBOEA4gDiAOIBAgEDBYgZRRUEDOMI4wzCC
MIEwQDBAOIBJAVoEe82MUZSSnNOc06UUpRSlFJ0UnRSU05TTlNOU05TSjJKMkoyS
jJKMkoySjJKEUnxRfBF8EXxRdBF8EWvQdBF0EGwQa9Bjj2vQa9Br0GOPW05bTmOP
jFCMUIQPhBCMUYxRjFGMUYQQjFGUkZSSlJGMUZSRnNKc0pzSlJGUkpzSnNOc06TT
pRSlE5zTlNKlE60UpRSc05yTnNOc06TTpNOc0pySnJKckpySnFGcUZyRnJGk05yS
nFJqikkFQMIwgSgAKAAoADBAOEBAgECAOIAwQCgAMAAoQChAOME4gjiAOIBAgECA
QMFJA1nFSUM4wjjDOMMwgjCCKEEwQDiBSQJZxYQOlJGU0pzTpNSdFJ0UnRWdFJ0T
lNOU05TTlNOM0oySjJKEU4xTjJOMkoyShJKEUXwRfBGEUXwRfBFr0HQQdBBsEGvP
Y89jz2vPY89bjltNW01jjoxRjFGEEIQQjFGMUYxRjFGEEIxRlJKUkpSSjFGUkpzT
nNOc05SSlJKc05zTnNOc06UUpROc05zTpRStFKUUnNOckpzTnNOk1KTTpNOUkpyS
lJKckpRRlFGUUZyRpNKckpyRastJBTjDMEEoACgAIAAoADBAMEAwQDBAOEAwQDBA
MEAwQDjBOMI4gTiAOIBAgUDBUUNJQ0ECQQJBAkFDOMI4wjBAKEA4gEkCWgWED4xS
lJKc050TnRSdFJ0UnRSVFJTTlNOU05TTjNOMkoySjJKMkoySjJKEkoRSfFF8EHwR
fFF8EXQQa9B0EHQQbBBrz2uPa9Brz2PPW45TTVNOW4+MUYxRhBCEEIxRjFGMUYxR
hBCMUZSSlJKUkoxRjFGUkpSSnNOMUZSSnNOc05zTpRSlFJzTnNOUkpzTpRSlFJzT
lNKc050TpNOk05zSnJKckpyRnJGUUZRRlJGUkaTTnJKckmsMSQVAwziBMAAwACgA
KAAwADAAMAAwADAAMAAwADAAMEBAgkDBQMFAwUDBSMFIwllDUUNJQ0lCSUNRhEkC
QQI4wDCAOIBBAVoFhA+MUZSSnNOc050UnRSdFJ0UnNSU05TTlNOU04zTjJOMkoxS
jJKMkoyShJKEUXwRfBF8EXxRdBB0EGvQdBB0EHQQa9Brj2PPa89jz1uOW01bjVuO
jFCMUHvPhBCMUYxRjFGMUYQQjFGUkpSSlJGMUIyRlNKc0pzTlJKUkpSSnNOlFKUU
pRSlFJzTlJKc06UUpRSc05zTnNOk06TTnNOc0pSRnJKckZyRlJGUkZRRlFGc0pyR
nJFzC0lESMI4gTBAMAAoADAAMAAwQDAAKAAgACAAIAAwADiAQMFJAUkBSQJJAkkC
SQJZg2HFWYRRQ1FDUYRRQkkCQMEwQDCAQQJaBoQQjFKUkpzTnNOc1J0UnRSVFJTT
lJOU05TTlNOMk4ySjJKMkoySjJKMkoSShFF8EXwQfBF8UXQQdBBrz3QQdBBsD2vP
Y89rz2vPY89bjlNNW01bjoxRjFF7z4QQjFGMUYxRjFGEEIxRlJKUkoxRjFGMUZSS
lJKUkoxRlJKUkpzTnNOc06UUnNOc05SSnNOlFKUUnNOck5zTnNOk06TTnJKUkZyS
lJKUkZSRlFGUkZRRnNKckZSRc0xBRTjDOIE4QDhAOAA4ADhAMEAwADAAKAAoACgA
OEBAgEjBUQFRQlmDUYNRg1nEYcVyRmHEWYNRg1GDUUNJAkDCMEAwgDjBUgaED4xR
lJKc05zTnNOdE50UnNOU05TTlNOU05TTjJOMkoySjJKMkoyShJKEUoRSfBF0EHwR
fBF0EHQQbA90EHQQa9Bjz2PPY89jz2OPW45TTVNOW46EEIxRe898EIxRjFGMUYxR
hBCMUZSSlJKUkoxRjFGUkpSSlJKMUYxRlJKc05zTnNOc05zTnNOc06UUpRSlFJzT
nJOc0pzTpNOk05yTnJKckpyRlJGUUZRRlFGUUZySnJGckXtMSUU4wzCAMEA4QDhA
OEA4QDBAMAAwADAAMAAwADiAQMBJAkkCUYNZw1nDYgRqBWIFckZZxFGDUYNRQklC
SUNAwjBAKEA4wlIHhBCMUZSSnNOc05zUnRSVFJ0UlNOU05TTlNOU04ySjJKMkoyS
jJKMkoSShFF8UXxRdBF8EXxRdBF0EGwPdBB0EGwQY89jz2PQa9Bjz1uOU01TjluO
hBCEEHvPe8+MUYxRjFGEEIQQhBCUkpSSlJKMUYxRlJKUkpSSjFGMUZSSnNOc05zT
nNOc05zTlJKk06TUpRSc05zSnNKc06TTpNOc0pSSnJKckpyRlFCUUZRRlFGkkpyR
nJF7jUGFMMIoQTAAOEA4QDhAOEA4QDAAMEAwADAAOEBIgEjBUQJRAlmDWcRZw2IE
esd6x3KGWcRRglGDUUJJAklDOMEoQShAMMJaB4wQjFGUkpzTnNOc05zUnRSc1JTT
lJOUk5TTlJOMk4ySjJKMkoySjJKEUoRRfFF8UHwQfBF8EXQQdBBrz3QQbBBr0GPQ
Y89j0GvPY89bjlNNW05bjoRQhBB7z3vPjFGMUYxRhBCEEIQQlJKUkpSSjFGMUZSS
lJKUkoxRjFGUkpSSnNOc05zTnNOc05SSnNOlFKUUnNKU0pzSpNKk06TTnJKUkZSR
lJGUkZRRlFGUUZRRnJKckZSRe85BhTDDKEAoADAAMAAwADgAOAA4ADhAOEAwAECA
SMBJAVlCWUJZg2HDWcNqBIMIg0hyhlnDUUJRQkkBSQFJAjjCKIEgQCjCWkiEUYxS
lJOU05zTnNSc1JzUnNSUk4yTjJOMk4yTjJOEkoyShJKEkYSShJKEUnxRfBF8EXwR
fBF0EXPQa890EGwPa89jz2PPY89jz2PPW45TTVOOW46EEIQQe8+ED4xRjFGMUYxR
hBCMUZSSlJKMUYQQjFGUkpSSlJKMUYxRlJGc0pzTnNOc05zTnNKUkpzTpNSlE5zT
nNKc0pzSnNOc05zSlJGUkZSRlFGMUJRRlFGUUZySlJKcUYPPSYYwwiBBIAAoACgA
MAAwADAAMEAwQDBAOEBAgEjBSMFRAlFCUYNZxFGDYgR6yHsIaodZw1FCWUJJAkDB
QME4wSiAIEAwwlqJjFGUkpSSlNOc05zTnROc1JzTlNOMkpTTlNOUkoxSjJKMkoxS
jFGEUoRShFKEEXwQdBB8EHwQdBB0D2vPdBBsD2vQY49jj2PPY89jz1uOU01bjVuO
hBCEEHvPe8+MUYxRjFGMUYQQhBCMUZRRjFGEEIQQlJKUkpSSjFGMUYxRnNOc05zT
nNOc05SSlJKc05zUpNOc05SSnJKc0pzSnNKc0ZSRlJGUUZRRjBCMUZRRlFGckpyR
lFGDz1GHMMMgQRgAIAAoACgAMAAwADAAMAAoADAAOIBAwUDBSQJJQ1FDUYJRgmIE
ewd6x2pGWUNRQlFDSQFIwUDCOMEogSBAKMJaiYRQjFGUkpSSlNOc05zTnNOU05ST
jJKMk5STjJKMkoxSjJKEUoRShFKEUnxSfFF8EXwQfBB8EXQQbBBr0HQQa9Br0GOP
Y49jz2PPY45bTlNNW45bjnvPhBB7z3vPhBCMUYxRhBB7z3vPjFCMUYxQhBCEEIxR
lJKUkoxRjFGMUZSSnNOUkpSSlJKUkpSRlJGc0pzSlJGUkYxRlFGUkZRRlFGMEIwQ
jBCMD4PPjFCMEIwQlJGUkpSRhA9BxyjDIEEYABgAIAAgACAAKAAoACgAMAAwADhA
QIFAwUkCQQJBAklCSUJZxHKHcodiBVFCSQFJAUDBQME4wTCBKIEYACjCYwuEUIyR
lJKUkoySnNOc05TTjJKMkoRRjFGMUoRRhFGEUYQRhFGEUYRRhFJ8UXwQfBB0D3xR
fFFz0GvQY89sEGPPY89jjmPPY89jj1uOU01TTVtNU06EEIQQe897z4QQjFGMUYxR
hBB7z4xRlJKUkpSShBCMUZSSlJKUkoxRjFGUkpzTnNOc05SSnNOc05zTnNOUkpzT
nNOUkpSSlJKUkpSSlJGUkpSRjFGUUJSRlJGUkZSSnJKUkYxQQcYwwyBCGAEYARgB
GAEYABgAGAAYACAAKAAwQDiAOIE4wTjBOMFBAUkBUYNqBmoFWcRJAkDBQMFAwTjB
OMEwwiiCIEAwwmtMjFGMUZSSlJKUkpzTlNOU05TTjJKMkoySjJGMUYxRhFKEUYRR
hFGEUYRRhFGEUHQPdBB8UXQQdBBjj2vQbBBr0GvPY89jz2OPY49bjltNW05TTVNN
hBCEEHvPc46EEIxRjFGMUYQQe8+EEIxRlJKMUYQQhBGUkpSSlJKMUoxRjJKc05zT
nNOUkZSSpROlE5zTlJKUkpzTnJOc05zTlNOUkpSSnJKUkZRRjFCUUJRRlFGUUZyS
lJGMUEHHKMMgQhABEAEQARABEAEQARABEAEQASAAKAEwQTCBMIEwgTCBOMFAwVFD
WcVZhUlDQME4gTiBOIE4gTCAKIAgQSBBMQRzjYxRlJKUk5STlJOUk5TTnNOc05TT
jJKUkpSSjFKEUoRSjJKMUoyShFKEUXxRfFF0EHxRdBF0EXPQa9B0EXQQdBBr0GvP
a89jz2OPY49jj1uOU01bjoQPfA97z3POfA+EUIRQjFCEEHvPhBCMUZRSjFKEEIQQ
lJKUkpSSjFGMUYyRnNOc05zSlJGUkpzTpRSc05SSlJKc05zTnNOc05zSlJGUUZxR
lFGUUZRQlFCUUJRQlFGckpRRlBFKCCjDGEIQARABCAEIAQgBCAAIAAgAEAAYASAA
KEAwQDCBOMIwgTCAMIFBAlGEUYRJA0DBOIE4gDiAMIAwgChAIEAoQDkEc46MUYyS
lJKUkpSTlJOUk5TTlNOM0oySjJKMkoyShFGEUoRShFKEUoRSfBF0EHwRfBB8EXQR
dBB0EGvQdBB0EGwPY89jz2PPW49jz2OPW49bTlMNW06ED3vPe89zjnvPhBCEEIxR
hBB70IQQjFGMUYxRhBCEEIxRlJKUkpSSjFGUkZzSnNKc0pSRlJKc05zTnNOUkpSS
nNOc05zTnNOUkpRSlFGcUZRRlFCUUJRRlFGUUJRRnJKUUZQRSgkgxBiCCAAIAAgB
CAEIAQgBCAEIARABEAEgAChAKEAwgTjCMIEwgDBAOMFJQ0lDQQI4wTCAMIAwgCiA
KEAgABgAIEE5A3vOjFGUkpSTlJKUkpSSlJKU05TTlNOMkoySjJKMkoRRhFGEUYRS
hFKEUnwRdBF0EXQRdBF0EHQQc89z0HQQa9Br0GvPY89jz1uPY89bjluOW05LDVNO
hA97z3POc457z4QQhBCMUYQQe8+EEIxRjJGMUYQQhBCUUZSSlJKUkoxRlJGUkpzS
lJKMkZSRnNOlE5zTlJKUkpzTlNOc0pzSlJKUkoxRlFGUUZRRlFGMUYxQjFCMUZyS
lFGMEFJJKMMYQhABEAEIAQgBCAEIAQgBCAEIAQgBCAEYACABMIIwwihAMEAoQDCB
QQNBA0DCOIEwQDBAMAAoACAAGAAYACBBOQR7zoRRjJKUkpSSlJKUkpTSlNOU05SS
jFKMkoySjJKMUYRRhFKEUYRShFJ8UXQQfBB0EHQQdBBsEGwQa9BsEGwQa9Bjz2PP
Y49bjmOOW45bTlNOUw1bTnvPe897z3OOe8+EEIQQhBGEEHvPe8+MUYxRjFGEEIQQ
jFKUkpSSlJGMUYxRlJKc05SSjFGUkpzTnNOc0pSSlJKck5yTnNKc0pSSlFGMUZRR
lFGUUIxQjFCMUIxQjFCckpRRjBBaiijEGEIQAQgBCAEIAQgBCAEIAQgBCAEIAQgB
GAEYAShCKIMYACAAIAAoQTjDQQM4wiiBIEEgACAAIAAYABgAGAAoQUFFhA+MUIxR
jJGMkoySjJKMkpSSlJOMkoRSjJKMkoxShFGEUYRRhFGEUoRRfFF0EHQQdBB0EHPQ
c9Br0GvQa9Br0GvQY49jj2OPW49jj1uPW45TTUsMW057z3vPc85zjnvPhBCEEYQR
hBB7z3vPjFGMUYxRhBCEEIxRlJGUkoyRjFCMUZSSlJKUkoxRlJKc05zTnNOUkpSS
nNKc0pzSnNKUkpRRjFCMkZRQjFCMUIxQjFCMEIwQlJKMUYxRWssoxBhCCAAIAAgA
CAEIAQgBCAEIAQgBCAEQARABGAAoQiiCGAAYACAAKEEwgziDKIIgQSAAGAAYABgB
GAEYASAAKIJJhoQQjFGMUoxSjJKMkoySjJKU05STjJOEUoRShJKEUoRRhFGEUYRR
jFGEUXxRdBF0EXQQdBBz0GvQa9Br0GvQa9Bj0GOPY49jj1uOY49bTltOU05LDVtO
e897znOOc417z4QQjFCMUIQQe8+EEIxRjFGMUXvPhBCMUZSSlJKMUYxRjFGUkpzT
lJKMUYxRnNOc05zTlJGUkpzSnNKc0pSSlJKMUYxRlFGUUZRRjFCMUIwQjBCMEJyS
lFGMUWMMKMQYQhABCAEIAQgBCAEIAQgBCAEIAQgBEAEQARABIEIgQhgBGAEgASAB
KIIogiiCIEEgARgBGAEQARgBGAEYASiDSceDz4wQjFGMkoySjFKMkoySjJKMkoyS
hFGEUYRRhFF8UXxRhFGEUYRShFF8EXQRdBF0EWwQbBBsEGvQa9Br0GvQa9Bjz2OP
Y49bjmOOW45bjlNNUw1TTnvPc45zzmuOe8+EEIQQhBGEEHvPe8+MUYxRjFGEEIQQ
jFGMkpSSjFGEEIxRlJKUkpSSjFGMUZzTnNOc05SRlJGc0pzSlNKUkpSSjFGMUJRR
lBCUUIwQjBCMEIQQjA+UkZRQjBBjDCjEGEIQAAgBCAEIAQgBAAEIAQgBCAEIAQgB
CAEQARhCIEIYABgAIAAYACBBIIIgQhgBGAEYARABEAEQARABEAEgg0oIhBCMUYxR
lJKMkoxSjFKMUoyTjJOMUoRRhFGMUoRRfFF8UXxRhFGEUXxRfBB0EHQQdBF0EWvQ
a9Bjz2vQa9Br0GvQY49jj2OPW05jj1tPW05TTVMNU05zz3vPc49rjnPPhBCEEIQQ
hBB7z3vPhBCMUYxRhBCEEIyRjJGMUYxRhBCMUZSSnNOUkoxRjFGc0pzTnNOUkpSS
nNKc0pSSlJKUUZRRjBCUUYxQjFCMEIwQjBCMD4wPlFGUUYxRa00pBRiCCAAIAQgB
CAEIAQgBCAEIAQgBCAEIAQgBCAEYARhBEAAQABAAEAEYQiBCGEEYARAAEAEQABAB
EAAQABABIINSCXwPhFCMUoySjFKMUoxSjFKMkoyShJKEUYRRhFKEUnwRfBF8EXxR
hFF8UXQQc9B0EHQQdBBsEGvQY9Br0GvQa9Br0GOPY49jjltOW49bTltNU01TTVNO
e89zjnOOa017z4QQhBCEEIQQe897z4QQjFGMUYQQhBCMUYxRjFGMUYQQhBCUkpSS
lJKMUYxRlJKc05zTlJKUkZzSnJKUkpSSlJKMUYwRlFGMEYxQjBCMEIwQi9CMEJRR
lFGMEHNNMQUgQhABCAEIAQgBCAEIAQgBCAEIAQgBCAEIAQgBEAEYQRABEAEQARAB
GEIYQhhCEAEQABAACAAIAQgBCAEIASCDWop8D4RQjJKMkoxSjFKMUpRSjFKMkoSS
hFGEUYRSfFF8UXwRfBF8UXxRfFF0EHQQdBB0EGwQbA9rz2vPa89r0GvQY89jj2OP
W45bTluOU05TTksNSw1TTXvPe89zj2tOc457z4QQhBCEEHvPe8+EEIQQjFGED3vP
jFGMUYxRjFGEEIQQlJKUkpSSjFGMUZSSnNOUk5SRlFKc0pySlJKUkoxSjFGMEZRR
jFGMEIwQjBCMEIvPjA+MUJRRjBFzjjEFGEIQAQgBCAEIAQgBCAEIAQgBCAEIAQgB
CAAIARABEAEIAAgAEAAQARgCGEIYARABEAEIAAgBCAEIAQgBEAEgw1qLg9CMEIxR
jJKMUYxRjFGMUYxSjJKEUoRRhFGEUYRRfFB8EHwRhBF8UXxRdBB0EHQQdBB0EGwP
a89rz2vQa9Br0GuPY49jj1uOW05bj1NOU05LDksNU017z3vPc89rjXOOe8+EEIQQ
g89zjnvPhBCEEIxQe897z4wQjFGMUYxRhBCEEJSSlJKUkoxRjFGUkpzTnNOUkpSS
nJKckpSSlFKUUoxRjBCMUYxQjFCEEIQQjBCDz4QPjFCUUYwRe48xRhiCCAAQAQgB
CAEIAQgBCAEIAQgBCAEIAQgACAAQARABCAEIAQgBCAEQARBBEEEQARABCAEIAQgB
CAEIARABIMRizHvQhBGMUoxShFGMUYxRjJGMUoxSjFKEEYRShFGEUXwQfBB8EXwR
fFF0EXQQc9Bz0HQQbBBrz2vQa89r0GvQa9Brj2OPY49bj1tOW45TTlNOUw1TDVNN
e89zz3OOc01zjnvPe8+EEIQQc45zz4QQhBCEUHvPe8+MEIxRjFGEEIQQhBCMUZSR
lJKMUYxRlJOc05zTlJKMUZSSlJKUkoxRjFGMUYwQjBCMEIwQjA+ED4QPhA+ED4wR
jFGMEIPPOUYgghABEAEIAQgBCAEIAQgBCAEIAQgBCAEIAQgBCAEIAQgBCAEIAQgB
EAEYQRBBEAAIAAgBCAEIAQgBCAEQASjEaw17z4QQjFGMUoRRhFGEUYxRjFGMUYRR
fBGEUYRRfFF8EXwQfBF8EXxRfBFz0HPQdBB0EGvQa9Br0GPQY9Br0GPQY49bj1uO
W45bTluOU05bTlMNUw1TDnPOc85zjmuNc457z3vPhBB8D3OOe898EIQQhBB7z3PO
hBCEUIxRjFGEEIQQjFGUkpSSjFGMUZzTnNOUkoxRjFGUkpSSlJKMUYxRjFCEEIxQ
jBCMEIQQg8+ED4PPg8+EEIxRjBCDz0GHGIIIAQgBCAEIAQgBCAEIAQgBCAEIAQgB
CAEIAQgBCAEIAQgBCAEIARABGEEQAAgACAEIAQgBCAEIAQgBEAEpBGtNe8+EEIxR
jFGMEYQRhFGEUYRSjFKEUoQRhFF8UXxQdBF0EHQQfFF8UXwQc9Bz0GvQc9Fr0GvP
Y89jz2QPa89jz2OPW49bjluOU45bjlONU05LDUsNU05zznPOc45rTXOOe897z3wQ
e89zjnvOhA+EEIQQe89zjoQQjFGMUYxRhBCEEJSSlJKUkoxQjFGUkpSSlJKMUYxR
lJKUkoxRjFGUUYxRjBCMEYwQjBCD0IPQg8+Dz4PPi8+UUYwQg89JyCCCEAEQAQgB
CAEIAQgBAAEIAQgBCAEIAQgBCAEIAQgBCAEIAQgBCAEQARBBCAEIAQgBCAEIAQgB
CAEIARBBMUVzjXvPhBCMUYxRhBCEEYxRhFKEUYRRhFF8EHxRhFF8EXQQdBB8EXwR
fBF8EHPQc9Bz0HPQc9Brz2vPa89jz2PPY89jz1uOW45bjluOW45TjlNOSw1LDVNO
c45zjnONa01zTXvOe897z3vPc45zjnwQhBCEEHvPc4+EEIQRjFGMUYQQhBCMUZSS
lJKEEIxQlJKUkpSSjFGMUZSSjFGUkpSSjFGMUYQQjBCMEIQPhBCED4QPg86DzoPP
lFGEEHvPUkkggxABEAEQAQgBCAEIAQgBCAEIAQgBCAEIAQgBCAEIAQgBCAEIAQgB
EAEQARABCAEIAQgBCAEIAQgBCAEQQTmGc457z4RRjFGMUYQQhBCEEIxRjFGEkXxR
fBB8EHxRdBBz0HQQdBF8EXwRdBBrz2vQa9Br0GvQa89jz2PPY89jz2PPY85bjluO
W45bjlOOU41TTksNUw1TTXOOc45rTWtNa017z3vPe897z3NNc457z4QQhBB7z3OO
hBCEEIQQhBCEEIQQjFGMUYxRhBCEEJSSlJKUkoxRhBCUkpSSlJKUkoxRhBCEEIRQ
hBCEEHwPfA98D3vOg86Dz4xQhBB7z1JJIMMQAQgBCAEIAQgBCAEIAQgBCAEIAQgB
CAEIAQgBCAEAAQgBCAEQARABEAEQAQgBCAEIAQgBCAEIAQgBGEI5h3OOc8+EUIxR
hFGEEHwQhBCEUYRRhFGEUXwQfFB8UXQQc9B0EHwQfBF8EXQQa89r0GvQa9Bj0GOP
Y89jz2PPY9Bbz1vPW49bj1uPW05bjlNNU05LDUsNS01zjmuOa41jTWtNc497z3vP
e89rTXOOe8+EEIQQe897z4QQhFGEUYQQfA98D4xRjFGMUYQQhBCMUZSSlJKMUYQQ
lJKUkpSSlJKMUYxRhBCMEYQQhA+Dz4PPg8+DzoPOg86MEIQPe89ayyDDEEEQAQgB
CAEIAQgBCAEIAQgBCAEIAQgBCAEQAQgBCAEIAQgBCAEQARABCAEIAQgBCAEIAQgB
CAEIARhCSghzjnPOhBCEEYRRfBB8EHwQhBGEUYRRhFF8EHwQfBF0EHPQc9B8EXwR
fBFz0GvPa9Br0GvQY49jj2OPY89j0GPQY9Bbj1uPW49bTluOW45TTVNNSw1TDVMN
c45zjmuNY01rTXOOe897z3vPa01zjnvPhBCEEHvPc46EEIQQhBCEEHvPe8+MUYxR
jFGEEIQQjFGUkpSSjFGMUZSSlJKUkoxRjFGEEIQQjBCEEIQPhA97z3vPe897z3vP
hFCEEHvPYw0oxBABCAAIAQgBCAEIAQgBCAEIAQgBCAEIAQgBCAEIAQgBCAEIAQgB
CAEIAQgBCAEIAQgBCAEIAQgBCAEYQkpJc45zzoQQhBGEEXwQfBB8EXxRfFGEUXwQ
dBB8EXwRc9Bz0GvQdBB0EXQRc9Brz2vQa9Br0GOPY89jj2PPY9Bjz1uPW49bjluO
W05bTltOU01TDUsNSw1TTXOOa45jjWtNY01zj3PPe897z2tNc457z3vPhBB7z3OO
e8+EEIQQhBB7z3vPhFGMUYxRhBCEEJSSlJKUkoxRjFGUkpSSlJKMUYxRhBCED4QQ
hBCED3vPe897znvOe857zoQPhA97znONMQUQAQgACAAIAQgBCAEIAQgBCAEIAQgB
CAEIAQgBCAEIAQgBCAEIAQgBCAEIAQgBCAEIAQgBCAEIAQgBGINSinOOc46EEIQQ
hBB8EHwQfBB8UYRRfFF8EXQQfBF8EXPQa9Br0HQQdBF0EWvQY89r0GvQa9Brj2OP
Y49jz2PPY89jz1uOW05bj1NOW05TTlNOU05LDVMNUw1rjmuOa01rTGNMc45zjnvO
e89rTXONe897z3vPc45zjXvPhBCEEIQQe897z4QQjFGMUYQQhBCMUZSSlJKMUYxR
lJKUkoxRjFGEEIQQe8+EEIQQhA97znvOe857znvOe86Dz4QPe85zjjFFEEEQAAgA
CAEIAQgBCAEIAQgBCAEIAQgBCAEIAQgBCAEIAQgBCAEQARABCAEIAQgBCAEIAQgB
CAEIARiDWstrjmuOfBB8EYQRe9B70HwQfBB8EHwRdBBz0HQRdBBr0GvPa89z0HQQ
dBBr0GOPa89r0GwQY89jj2OPY49jz2PPY89bj1tOW45bjlOOU05TTlNOSw1LDUsN
c41rjWtNYwxjDHOOc45zjnvPa01rTXOOe897z3OOa017z4QQhBCEEHvPe8+EEIwQ
jFGEEIQQjFGUkpSSjFGEEJSSlJKMUYxRhBCEEHvPhBCED4QPe897znvOe457jnuO
e86ED3POc445xxBBEAEIAQgBCAEIAQgBCAEIAQgBCAEIAQgBCAEIAQgBCAEIAQgB
EAEIAQgBCAEIAQgBCAEIAQgBCAEgxGMMc45rjnwQfBB8EHPPe8970HwQfBF8EHvQ
c898EHwQc9Brz2vPdBB0EHQQbBBjz2vQa9Br0GOPY49jj2OPY89jz2OPW49TjluP
W05TTlNOSw1LTUMMS01LDXNNa01rTWMMYwxzjnOOc45zjmNNa01zjnvPe89zjmtN
e8+EEIQQhBB7z3OOhBCEEIxRhBB8EIxRjFGMUYxRhBCMUYxRjFGMUYxRhBCEEIQQ
hBB7z3vOe457jnuOe457jnvOjBBzjXONSggQQQgACAEAAQgBCAEIAQgBCAEIAQgB
CAEIAQgBCAEIAQgBCAEIAQgBCAEIAQgBCAEIAQgBCAEIAQgBKQRjDWuNa018D4QQ
fBBzz3PPc898EHwQfBBz0GvPdBB0EGvPa89r0GwQdBBsEGwPY49rz2vPa89jjluP
W49bj2OPY49bj1uPU05bj1tOU05TTksNS01DDEtNSwxrTWtNY0xjDGMMa01zjnOO
c45jDGtNc457z3vPc45rTXvPg898EHvPe897z4QQhBCEEHvPe8+MUYxRlFGEEIQQ
jFGMUYxRjFGEEIQQe8+EEIQQe897znOOc45zjXOOe457joPQa41zTVJKEEIIAQgB
CAEIAQgBCAEIAQgBCAEIAQgBCAEIAQgBCAEIAQgBCAEIAQgBCAEIAQgBCAEIAQgB
CAEQATFGa01rTWtNe898EHwQc89zz3QQfBB8EHwQc9Brz3QQdBBrz2PPa890EHQQ
dBBr0GOPa89jz2PPY49bjmOPW45jjluPW49TjlNOW49TjlNOU01TTUtNSwxLDEsN
a01rTWsMYwxjDHOOc45zjnOOYwxjTXOOc89zz3OOa01zjnvPe897z3OOc46EEIQQ
jBB7z3vPjFGMUYxRhBCEEIxRjFGMUYQQhBB7z3vPhBB7z3vPc45zjnOOc45zjnOO
c457z2tNa01iyxiCEAAIAQgBCAEIAQgBCAEIAQgBCAEIAQgBCAEIAQgBCAEIAQgB
CAEIAQgBCAEIAQgBCAEIAQgBCAFBx2tNa01rTXwPfBB8EHPPc89z0HQQdBB0EGwP
a89z0HPQa9Brj2uPc9Bz0HPQa89jjmPPY89jz1uOW45bjmOPY49bj1uPU05TTlNO
U05TTlNNU01LDUsMSw1LDWtMa01jTVsMYwxrTWtNc45zjmtNa01rjnOOe85zjmtN
c857z3vPe89zjnOOhA+EEIQQe897joxRjFGMUYQQhBCMUYxRjFGMUYQQe897z3vP
e897z3OOc45zjWuNc41zjXPOe89rTWtNaw0ggwgBCAEIAQgBCAEIAQgBCAEIAQgB
CAEIAQgBCAEIAQgBCAEIAQgBCAEIAQgBCAEIAQgBCAEIARBBSkljTGNMY0xzz3PQ
c9Brj2vPc89z0HQQa9Brz2OPa9Br0GOPY49jj2vQa9Br0GPPW45jz2PPY89bj1uO
W45bz1uOW49bj1NOU05TjlNNU05LTUtNSw1DDEsNSw1jTWNMY0xbC1sLa01rjWuN
a41jTGNMa41zjnOOa41jTXOOe897z3vPc89rjnwQhBCEEHvPc46EEIxRjFGEUIQP
jFGMUYxQjFCEEHvPc457z3vPe89zjnOOc41zjXONc41zjXvOa0xrTGsMKQQIAQgB
CAEIAQgBCAEIAQgBCAEIAQgBCAEIAQgBCAEIAQgBCAEIAQgBCAEIAQgBCAEIAQgB
CAEQQlrLYwxjDGMLc49zz3PPa45rjmvPc890EHPQa89jjmvPa89jjmOPY49r0GvQ
a9Bjj1uOY49bj2PPW49TjluOW49bj1uPW49TTlNOU05TTVNOS05LTUsNQwxLDUsN
Y01jDGMMWwtay2tNa01rjWuNWwxjDGtNc45zjnNNYwxrjXPOe897z3OOa057z3wP
fBB7z3OPhBCEUYxRhBB8EIxRjFGMUYxRhBB8EHPOe89zjnPPc45zjnOOa01zjnON
c41zjWNMYwxrDTGGCEEIAAgACAEIAQgBCAEIAQgBCAEIAQgBCAEIAQgBCAEIAQgB
CAEIAQgBCAEIAQgBCAEIAQgBGINjDFsMWstbC2vPc89zz2uOa45zz3PQc9Bzz2uO
Y45rz2uPY45jjmOOa89rz2vPY45bTWOOY49jj1tOW05bjmOOW45bj1NOU01TTVOO
U05TTksNSwxLDULMSw1CzGMMYwxay1rLWstrTWtNa01rTWMMYwxrTXOOc45rTWMM
c01zjnPOc45rjmtNe897z3vPe89zjoQQjBCEUIQQe8+EUYxRjFGEEIQQe89zjnOO
c45zjnOOc45rTWtNa01rTWtNc41jDFrLYwxCCBBCCAEIAQgBCAEIAQgBCAEIAQgB
CAEIAQgBCAEIAQgBCAEIAQgBCAEIAQgBCAEIAQgBEAEIATFGWwxay1LLWstzj3PP
c89rjmuOa85zz3PPa89jjmOOa89r0GOPY45jj2PPa9Brz2OPW05jj1uPW49TTlNO
W45bj1uPW49Tj0tNU01TTktNU05LDUsNSwxCzEsNSwxjDFsMWsxSy1LLYw1rTWuN
a01bC1sLY01rjWuNa01jDGtNc45zjnOOa41rTXvPe897z3OOc46EEIQQhBB7z3vP
jFGMUYxRhBCEEHvPc45zjnOOc45rTWtNa01rTWuNc01zTWtNYstaymMLUkoQQggB
CAEIAQgBCAEIAQgBCAEIAQgBCAEIAQgBCAEIAQgBCAEIAQgBCAEIAQgBCAEIAQgB
EAFCCGMMWwtSylLKa45rzmvOY45jjmOOa89rz2POY45bjmvPY89bjltOW45jz2PQ
Y89bj1NOW49bj1uPU05TTlNOW09bjlOOU05LDUsNU05TTUtOSw1LDUrNQsxKzErM
YwxjDFrLUspSimMMYwxjTWtNWwxay2MMa01zTWtMWwtjTHOOc45zjmtOY01zz3vP
e89zjmuOe8+EEIQQe89zjoQQhBCEEIQQe89zj3OOe49zjnOOa01rTWtNa0xrTWtN
a01rTVrLUopay2KLGIMIAQgBCAEIAQgBCAEIAQgBCAEIAQgBCAEIAQgBCAEIAQgB
CAEIAQgBCAEIAQgBCAEIARBBWotay1rLSolKimuOa89rjmNNY41rjmuPa89rj1tO
W05jj1uOU01bTVtOY49jz1uPW45TTVuOW45bjlNNU01bjlOOU45TTktOSw1LDUtN
Sw1LTUMMQwxDDELMSwxCy1rLWstay1rLUopjDGNMY0xrTFrLWstjDGtNa01jDFrL
YwxrjWuOa45rTWMMc457znvPc45rTXvPfBCEEHvPc86EEIQRhBB70HvPc45rjnOO
c45zjmtOa01rTWMMa01rTWtNY01aylKJWstayzGGEEEIAQgBCAEIAQgBCAEIAQgB
CAEIAQgBCAEIAQgBCAEIAQgBCAEIAQgBCAEIAQgBCAEgw2MMWstay0pJUoprjWuO
a45bTWNNY45jjmOOY45bTVtNY45bTVNNU01TTluPW49bj1NOUw1bjluOW05LDUtN
U01TTlNOU05LTUMNSw1LDUsNSw1CzELMQsxCjELMQotay1rLUopSilKKWwxjDGMM
Ywxay1LLWwtjTWtNY0xay2MMa01rTWuNY01jTHOOc45zzmuOa01zz3wPfA9zz2uO
fBB8EHwQfBBzz3OOa05zjnOOa41rTWtNa0xjTGtNa0xrTWtNWspKSVLKWopKSAhB
CAEIAQABCAEIAQgBCAEIAQgBCAEIAQgBCAEIAQgBCAEIAQgBCAEIAQgBCAEIAQgB
OYdazFKKUopCCFKKY01rjWNNWwxbTWNOY45jjmOOUw1bTWOOW01TDFMMUw1bTluO
W41TTUsMU01TTUsNSwxLDVNNU01LDksNSw1CzULMSwxCzELMQotCi0KLOopCi0KK
Wstay1KKSopKiVrLWwtjC1sLUspSilrLYwxrDFsMUstbDGNNa01rTWMMWwxrjWuO
c85rTWMMe857z3vPc45rTXvPe897z3vPc49zjmtNc01zjmtNYwxjDGMMYwxjDGMM
YwxjDFKKQcdSSlJKWoogwwgBCAEIAQgBCAEIAQgBCAEIAQgBCAEIAQgBCAEIAQgB
CAEIAQgBCAEIAQgBCAEQQVJKWstSiUpJMYZKSVtMY01jTFMMUwxbTVtNW01TTFMM
UwxbTVNMSsxKzEsMU01TTlNNSwxLDEsNSw1LDELLSsxKzErMSwxKzErMQstCzELL
QstCy0KKOoo6ijpKOkoySVKKUopKSUpJQklaylrLWstay1KKUopay2MLYwxay1KK
WstjDGNNY0xjDFrLa01rjmuNY0xbDGuOc85zzmtNY0xzjnvPe89zjnOOc45rTWtN
a01rTWMMYwxjDGMMYwxjTGMMYwxaijnGSkhSSVKKOYcIAQgBCAEIAQgBCAEIAQgB
CAEIAQgBCAEIAQgBCAEIAQgBCAEIAQgBCAEIAQgBKQRSilKKSklCCDGGSolbDFsM
WwxSy1LLWwxbDFMMUwxKy1MLUwxSy0qKSopKy0sMUwxLDErLQotKzErLSotCikKK
QotCi0KLOopCSjpJQkpCSjpKOko6CToJOgk6CDoIMghSSkpJSklCCUIISklSilKK
UotKSUIIUolaylrLWspKSVKKWstay1rLWstSimMMa0xjDGMLWsprTWtNa41jTFsL
a41rjmuOa45rTWMMYstjDGMMYwxay1rLWstSilrLWstay1rKUoo5hUoHUghSSVJJ
EIIIAQgBCAEIAQgBCAEIAQgBCAEIAQgBCAEIAQgBCAEIAQgBCAEIAQgBCAEIATnH
QghCB0IHOccpRUJJUstSy0qLSopKikqLUsxKy0rKSolKikqKQopCSUJJSopKikqK
QopCSkJKQopCikJKOkk6STpJOkk6STpJOggyCDIIOggyCDIIMcgxyDHIMYcxxzGG
QghCCEIIQgg5x0pJSklKSUpJQghCCEoJUklSikpJQghKSVKKUopSiUpKSklSilrL
WstSilKJYwtjC2MMWstSimMMYw1jDGMMYwxay1rKWwtay1rKUopSilKKUopailqK
WopSiVJIOUVBhknHSghKSTFGCAEIAQgBCAEIAQgBCAEIAQgBCAEIAQgBCAEIAQgB
CAEIAQgBCAEIAQgBIMM5hjnGMYU5xjGGMUVCCVKKSopCiUJJQolKikqKSopCSUJI
QklCSUJJOgg6CDoIOghCSEJIOkg6CDoJOgk5yDHIMccyBzHHMccxxzGHMYcxxzGH
MYcxhimGKYYphiGFKUUpRkHHQcc5xjmHMYY5x0IIQghCBznHOcdCCEoISghJx0HG
QgdKSEpISkhKSEIHSohSiVKJSkhKSFKKUopSilKJSkhSylrKWspaylKKUopSilKK
UopSikpJSklKSUoJSklKSUpJSklKCDFFMUU5xkHHSghByBiCCAEIAQgBCAEIAQgB
CAEIAQgBCAEIAQgBCAEIAQgBCAEIAQgBCAEYQjFEMUU5hTFFMUUxRDFFQghCSEpJ
QghCB0IIQghCCEIIQgc5x0HIOcg5xznHMcc6BzoHOgc5xzHGMcYxxjHHMYYxhjGG
MYYxhimGKYYphilFKUUpRSlFIUUhRSFFIQUhBCEEIQQ5hTmFMUUxRDFEOYU5xjmG
OYYxRTFFMYZBx0HHOYY5hjmGQcdBx0HHOcY5hkHHSghKCEHHQcZKB0oISghCCEIH
SkhKSUpISkhKSEJIQghKSEoISghBx0IHQgdCBkIGQgdKB0nHQccxRTFEMYU5hkHG
QYYxRRBBCAAIAQgBCAEIAQgBCAEIAQgBCAEIAQgBCAEIAQgBCAEIARBBIMQpRTGF
OYYpRClEMUQxRDnGOcc5xznHMYYxxjnGOcc5xznHMYYxhjGGKUUpRSlFMYYxhjGG
KUUpRSlFKUUpRSEEIQQhBCEEIQQhBCEEIQQhBCEEIQQYwxjDGMMYwxjDEIIYwxjD
MQQpBCkEKQMhAykEKQQxRDFEKQMpAykEMUUxRSkFKQQxBTlFMUQxRDFEMQQxRTmF
OYUxRDFEMYQ5hTmFOYU5hTmFOYU5hTmFOYU5hTmFOYU5hjmGMUU5hjmFOYU5hTmF
OYU5hTmFMUQpAzlEMUQ5hTGFMUUgwwhBCAAIAQgBCAEIAQgBCAEIAQgBCAEIAQgB
CAEIAQgBEAEggykEKQQxRTFFKQQpBTEEKUMpRClEKUQpRClEKUQpRSlFKUQpBCkE
KQQpBCDEIMQhAyEDIQQhAyEDIMMgwyDDIMMgwxjDGMMYwxjCGMMYwxjDGMMYghiC
GIIYghiCEIIQghCBEIIQgijDKMMgwyDDKMIpAjEDKQMpAyjDKMIowikDKQMpAykD
KQMxBDEDMQMxAykDMUQxRDFEKQMpAzEDMQMxRDEEMQM5RDFEMUQxRDFEMUQxRDlE
MUQxAzEDMQQxAzEDMQMxRDFEMUQxBDEDMQMxAzEDOUQxBDEEIMMgghABCAEIAQgB
CAEIAQgBCAEIAQgBCAEIAQgBCAEIARiDIMMgwykEKQMpBCkDMUQxRCkDKQMpBCkE
KQQpAyjDKQMpAykDKQMowyjDKMMgwyDDIMMgwyDDIMMgwyDDIMMgwyDDIMMgwyDC
IMIgwiDCIMIgwiDCIIIgghiCGIIYghiCGIIYghiBGIEowijCKMIowijCKMIowijC
KMIowijCKMIowijCKMIowijCKMIwwjDCMMMwwzDDMMMwwjECMQIxAjEDMQMxAzED
MQM5AzEDMQMxAzECMQIxAjEDMQMxAijCKMIowjDCMMIowSjCKMIowikCMQMpAzED
MQMpAiDCIIIYghBBCAEIAQgBCAEIAQgBCAEIAQgBCAEIARABIIIowyDDKMMxBDEE
MQQpAzEDMQMowyjCKMMowyjDKMMowyjDKMMowijCKMIowijCMMMowijDKMIowyjD
KMIowiDCIMIgwiCCIMIgwhjCIMIgwiDCIMIgwiCCIIIYghiCGIIYghiCGIIYghiB
KMIogiCCIIIogijCKMIowijCKMIowijCKMIowijCKMIowijCKMIowijCKMIowjDC
MQIxAjECMQMxAzEDMQMxAzEDMQIxAjECMQIxAjECMQIxAjECKMIowijCKMIowijC
KMIowiiCIMIowykDMQQpAykDKMMowyjEKMMowxiCEEIIAQgBCAEIAQgBCAEIARBB
GIIgwyDDKMMogjDEOQQ5RTkEMQMxAzEDMQMowzDDMMMowyjDKMMowykDKQMpAyjD
KMMpAykDKQMowijCKMIowijCKMIowijCIMIgwiDCIMIgwhjCIMIgwiDCIMIgghiC
GIIYghiCGIIYgRiBEIEYgSiCKIIogiiCIIIowijCKMIowiiCKMIowijCKMIpAijC
KMIowijCKMIowijCKMIowijCMMIwwjEDMQMxAzEDMQMxAzEDMQMxAzEDMQMxAjEC
MQIxAjDCMMIwwjECMQIowijCKMIogiDCKMIowzEDMQMpAyjDMQMxAyjDKQMpBCkE
KQQgwxCCEIEYgiDDGMMgwykEKQQpBCkEIMMwxDlFQYYxBCkDMQMxAzEDMMMxAzED
KQMpAikCKQIpAikDKQMpAykDKQMowyjDKMMowyjDKMMowyjCKMIgwiDCIMIgwyDD
IMIgwhjCIMIgwiDCIMIgghiBGIEYgRiBGIEYgRiBGIEogiiCKIIogiiCKMIowijC
KMIowijCKMIowijCKMIowijCKMIowijCKMIowyjCKMIowijCKMIwwjDCMMIxAjED
MQMxAzEDMQMxAzEDMQMxAzEDMQMxAjDCMMIwwijCKMIowijCKMIowijCKMIpAyjC
KMIowikDOYQxRDFEKQMgwyjEKMQpBCkEKQQpBCDDIMMoxCkEKQQpBCEDKMMpAzED
MQMxAzEDMQMxAzEDKQMpAykDKQMpAykDKQIpAykDKQMpAykDKMMowyjDKMMowyjD
KMMowijCIMIgwiDCIMIgwiDCIMIYwiDCIMIgwiDCIIIgghiCGIIYgRiBGIEYghiB
KIIogiCCIIIggiCCIIIggiCCIIIgwiDCKMIowiiCKMIowijCKMIowijCKQIowijC
KMIowijCKMMowyjDKMMowykDKQMpAykDKMIpAikCMQIwwjDCMMIwwijCMMIwwijC
KMIowijCIIIgwijCMQMpAyjDKMIowijDIMIggiCCIIIowzFEMUQxBCkEKMQgwyDD
IQMpBCkEKQQpBCkDKQMpAzEEKQMwwjDCMQIxAzEDMQMxAzEDMQMxAzEDMQMpAikD
KQMpAykDKQMpAykDKQMowyjDKMIgwiDCIMIgwiCCIMIgwiDCIMIgwiCCIIIggiCC
IIIYghiCGIIYghiCGIEYgSjCKIIowijCKMIowijCKMIowiDCKMIowijCKMIowijC
KMIowijCKMIowijCKMIowijCKMIowyjCKMMowijCKMIowikCMQIxAjDCKMIowijC
KMIowijCKMIowijCKMIowijCKMIowiDCIIEgwSjDIMMgwyDDIIIYghiCGIEYgSDC
IMIpAzFEMUMpAykDIQMgwyCDKMMgwyEDKQQpBCkEKQQxAzEDKQMowykDKMMowijC
KMIpAijCKQIpAikCKQIpAikCKQIpAykDKQMpAzEDKQIowijCKMIowyjDIMMgwiDC
IMIgwiCCIMIgwSDCGIIYghiCGIIYghiCGIIYQhiCGIEogiiCKIIogiiCKMIowijC
KMIowijCIMIgwijCKMIowijCKMIowijCKMIowijCKMIowijCKMIowijCKMMowijC
KMIwwijCKMIowijCKMIowijCKMIgwijCKMIwwijCKMIowijCKMIgwiCCIMIowijD
IMMgghiBGEEYgRhBGIEgwyDDIMIhAyECIQIhAiEEGMMYwiDCIMMgwykEKQQpRCkE
KQMpAykDKQIpAijCKMIowjDCKMIpAyjCKMIowijCKMIowyjCKMIowijCIMIgwiDC
IMIgwiCCIMIgwiDCIMEgwiDCIMIgwiDCIMIggRiCGIIYghiBGIIYghiCGIEYghiC
IIIggiCCIIIggiCCKMIowSDCIMIgwijCIMIowijCKMIowSjCKMIowijCKMIowijC
KMIowijDKMIogiCCIIIgwijCKMIowijCKMIowijCKMIowijCKMIowijCKMIowijC
KMIowijBKMEowijCKMIowijCIIIYgRhBGEEYQRhBIIIgwyDDIMMgwyDDIQQgwxiC
GIIYgxiDIMMpBCkEKUUpBCkDKMIowijDKMIowiDCKMIowijCKMIowyjDKMMowyjC
KMIowijCKMIowijCIMIgwiDCIMIgwiDCIMIgwiDCIMIggiCCIIIYghiCGIIYghiC
GIIYghiCGIIYgRiBGIIQgSCBIIEggSCBIIEogiCCKIIggiCCIIIggiCCIIIowijC
KMIowijCKMMowyjDKMIowijCKMIowiiCIIIggiCDKMMowyjCKMIowijCKMIowijC
KMIowijCKMIowijCKMIowijCKMIowijCKIIowijCKMIowiDCIIEYgRhBGEEYQRhB
GEEYQhiBGIEYghjCGIIYghiCGIIYgiDDIQQhBCkEKQQpBCDCIMIgwiDDIMIowijC
IMIowijCKMIgwiDCKMIgwijCKMIowijCKMIowijCIMIgwiCCIMIgwiDCIMIgwiDC
IMIggiCCIIIYghiCGIIYQhiCGIIYghiCGIIYgRiBEIEggSCBIIEggSiCIIIggSCB
IIIggiCCIIIggiCBIMIgwiDCIMIgwiDCIMIowijCKMIowijCIMIggiCCIMIowijC
KMIowijCKMEowijCKMIowiCCKMIowijDKMIowijCKMIowijCKMIowijCKMIowiDC
IMIggiDCIIIYgRiCGEEQQBBAEAAQARABEEEQQRBBEEIYghiCIIMpBCkEKQQpBCkD
KMMggiCCIIIowiDCIMIgwiDCIMIhAiDCIMIowijCKMMowyjCKQIpAikCIMIgwijC
KMMgwiDCIMIgwiDCIMIgwhjCIMIgwiDCIMIYwhiCGIIYghiCGIIYghiCEIEQgRBB
IIEggiCBIIEggiCBIIIggSCBIIIggiCCIIIogiCCIMIgwiDCIIIggiCCIMIgwiDC
IMIgwijCKMIpAijCKMIowijCKMIowijCIMIowijCKMIowijCIMIowijCKMIwwijC
KMIggijCKMIowijCKMEggSCBGIEYgRjCGIIQQRBCEEIQQRBBEAAIAQgBCAEQARBB
GIIgwiDDIMMpAykEKQMgwiCCIIIowijDKMMowijCKQIowijCKMIowijCKMIxAikC
KQIhAikCKMIowijCKMIowiDCIMIgwiDCIMIgwiDCGMIgwiDCIMIgwiDCIMIYghiC
GIIYghiCGIIYghiBEIEQQSCCIIEggSCCIIIggiCCIIIggSCBIIEggSCCIIIggiCC
IIIggiCCIIIgwijCKMIowijCKMIowijCKMIowijBKMIowijCKMIowijCKMIowyjD
KMIowijCKMIowijDKMIowijBKMIowiiCIMIggSCBIIEggSCBIIEYgRhBEEEQQRBB
EEEQQRABEEEQQhBBEEEQQRBCGIIYwiDDIMMgwyDCGIEggiDCKMIowijCKMIowijC
KMIowjDDKQIpAikCKQIhAikCKMIowijCKMIowijCIMIowijCIMIgwiDCIMIgwhjC
IMIgwiDCIMIggiCCGIIYghiCGIIYghCBGIEYgRiBGIEggSCBIIEggSCBIIEggSCB
IIIggiCBIIEggSCBIIEggSCCIIIggiDCKMIowyjCKQIowijCKMIowijCKMIowijC
KMIowijCKMIowijCKMIowijCKMIowyiCKMIowSjCIMEgwSjBKIEggSCBIIEggSBB
IIEYQBhAGEAYQRBAEEAQQQhBEEEQQRBBEEEQQRBBEIEQQRBBGIEYgSCBGIEggSCB
IIEowSjCKMIowijCKMIwwyjDKMMowyjDKMMowyjCKMIowijCKMIowiDCIMIgwiDC
IMIgwiDCIMIgwiDCGMIgwiDCIIIYghiCGIIYghiCGIEYgRiBGIEYgRiBGIEYgRiB
IIEggSCBIIEggSCBIIEgwSCBIIEggSCBIIEggSCCIIEgwSDBIMIowijCKMIowijC
KMIowijDKMIowijCKMMowijCKMIowijCKMIowijCKMIowiDCKMIowiiCKMIowiDC
IMIggiCBIIEggRiBGEEYgRhBGEAYQBhAGEAYQBhBEEEQABBAEEAQQBBAEEAYQBhB
GEEYgRiBIIEggSBAIIEgwiDCKMIowikCKMIowijCKMIowikCKMIowijCKMIowijC
KMIgwiDCIMIgwiCCIMIYwiDCIMIgwiCCIIIggiCCIIIYghiCGIIYghiCGIIYghiC
IIIYghiCGIIYghhCGIEYgSCBIIEggSCBIIIggiCBIIEggSCBIIEggSCCIMIgwiDC
IMIgwijCKMIowijCKMIowijCKMIowijCKMIowijCKMIowikCKMIowijCKMIowSDC
KMIowijCKMIowijCKIIggiCCIIEggSCBIIEYgRiBGIEYQBhAGEAYQBhAGEAYQBhA
GEAYQRiBGIEYgRiBGIEYgSCBIIEgQBiBIIEggiCBIIEowSDBIMIowikCKMIowijC
KMIowijCKMIowijCKMIgwiDCIMIgwiDCIMIYwiDBIMIgwiDCIMIYwhiCGIIYghiC
GIIYgiCCIIIYgiCCGIIYghiCGIIYghiCGIEYgRiBEIE=
END m9
frame    17 :  an empty glass +0.42  a glass with tea +0.29   led  24/102 h0.34 lvl+0.35   -
frame    18 :  a glass with tea -0.10  an empty glass -0.16   led   0/255 h0.00 lvl-0.13   -

snapshot  : frame 19, mean RGB 111 107 107
BEGIN m9 128 128 32768 7ba89743
UkhKB1qJawtrC2sLYwtjC3OOfA+EEIQPc817zoxQjFGUkoxRhFGMkZTSnNKc0pzT
nNOU04ySjJGdE50TnROUkpTSnROlE6UUnRSc1JTSnRSlVKVUlNOU050UpVWlVaVV
pRSc06VVrVWtVaVUnRSlVK1VrVWtVa1VpVWdFJ0UpVWtVa1VrVWlFKUUpVWlVaWW
pZWdFJ0UpVSlVaVVpVWdFJ0UpRWlVaVVnRWc1J0UnRSdFZUUlNOdFJ0UnRSdFJUU
jNSM04zTjNOM04zTjNKM0ozSjNKM04zTjNOEkoRRhFGEUYSRfFF8UHQQdFB8UXRQ
dBBsD3QPdBB0EHPPa89jjlJHQgZayWsLawtrS2MLWspzjXvPhBB8D3POc86MUIxR
lJKMUYxRlJKUkpzTnNOc05zTlNOUkoyRnROdFJ0UlNOU050UnRSlFKUUnNOc06UU
pRSlVJzTnNOlFK1UrVWtVaUUnNOlVa1VrVWtVaUUpVWtVa1VrVWtVaVVnVWdFKVV
pVWtVa1WpRWlFaVVpVWtlq1WpRSdFKVVpVWlVaVVpRSdFJ1UpVWlVZ0UlRSdFJ1V
nVWVFIzTlRSdFJ0UnRSVFJUTjNONE4zTjNOM0ozSjNOM04zTjNOM04zThJOEUnxR
hFGEknxRfFF0EHRQfFF0EHQQa890D3QQdBB0EGvPY45SSEoGWslrC2tLawtrDGLK
c42DzoQQhBB7znvOjFGMUZSSjFGMUYyRlJKc05zTnNOc05TSjJKMkZ0UnRSdFJTT
lNOdFKVUpRSlFJ0TlNKdFKVUpVSU05zTpRStVa1VpVWlFZ0UpVWlVa2VrVWlFKVV
rVWtVa1VrVWtFaUUnRSlVa1VrVWtVaUUpRSlVaVVrZatVaUUpRSlVaVVpVWlVZ0U
nRSdVaVVpVWdFJ0TnRSdFZ1VlRSU1JUUnRSdFJUUlRSVE4zTjROU04zTjJOM0ozT
jNKM0ozTjNOM0oyShFKEUYRRhJJ8UXxRdFF0UHxRfBF0EGvPc890EHQQdA9rz2vO
UkhKB1qJawtrS2NLYwpaynONhA+ED4QPc857zoxQjFGUkYxRjFCMUZSSnNKc05zT
nNOc0pSSjJGdE50UpRSU05TTnROlFKUUpRSc05zTpRSlFKUUnNOc06UUrVStVa1V
pRSlFKVVrZatVq1VnRSlVa1VrVWtVa1VpVWlVJ0UrVWtVa1VrVWtFaUUpVWlVa2W
rValFKUUrRWtVaVVpVWdFJ0UnVWlVaVVnRSVFJ0UnRSdFZUUlNOdFJ0UnRSdFJ0U
lNSU05TUlNOU04zTjNOM0ozSjNKM04zTjNKEkoRShFGEUoRSfFF8UXQQfFB8UXxR
dBBrz2vPdBB0EHQPa85rjVKJSgdayWtLa0prS2MKWwprjIQOhE+ED3POc86MUIxR
lJGMUYRQjJGUkpTTnNOc05zTlJOUkoySnROdFJ0UlNOU050UpRSlFKUUnNOU0qUU
pVSlVJzTnNOlFK1UrVWtVaUVnNSlVa2VrZWlVZ0UpVWtVa1WrVWtVa0VpRSdFK1V
rVWtVa1VpRWlFaVVpVatlq1WpRSlFaVVpVWlVaVVnRSdFKVUpVWlVZ0UlNOdFJ0V
nRWdFJTUlRSdFJ0UnRSdFJTUlNOU05TTjNOM04zSjNKM0ozSjNKM04zTjJKEUoRR
hFGEknxRfFF0EHwRfFF8EHQQa890D3QQdA9zz2vOY41aiUoGWslrS2tLa0trS2MK
c42ED4xPhA9zznvOjFGMUZSSjFGMUIxRlJKc05zTnNOc05zSlJKUkp0UnRSlFJTT
lNOdFKUUpRSlFKTTlNKlFKUUpVWc05TTpRStVK1VrVWtFKUTrVWtlq1VpVWdFKUV
rVWtVa1VrVWtVaUUpRStVa1VrVWtlZ1VpRWlVaVVrVatVp0UnRWlVaVVpVWlVZ0U
nRSlVaVVpVWdFJ0TnRSdVZ1VlRSU1J0UnRSdFJ0UnRSU05TTlNOU05TTjJOMk4zT
jNKM0ozSjNKM0oyShFF8UYRRhJF8UXxRdBB8EHxQdBB0EGvPc9B0EHQQc9Brz2OO
UohCBlqJa0tzS2tLawtiy3ONhA+EUIQPc857zoxQjJGUkoxRjFGMkZSSnNOc05zT
nNOU05SSjJKdFJ0UpRSU05TTnRSlVKVUpRSc05TTpVSlVKVVnROc06UUrVWtVa1V
rRSk061VrVWtVaVVnRSlFa1VrVWtVa1VrVWlVaUUrVWtVa1VrVWlVKUUpVWlVa1W
rValFKUUrVWlVaVWpVadFZ0UnRWlVaVVnRSU050UnRWdVZUUlNSVFJ0UnRSdFJzU
lNSU05TTlNOU04yTjNKM04zTjNOM04zTjNOMkoSShFGEkYSRfFF8UXQQfFB8UHxQ
dBBrz2wQbA90EGwPa85jjlqISgZayWtLa0trS2NLYwtzjYQPjFCEEHPOe86MUJSR
lJKMUYwQjJKUkpzTnNOc05zTlNKUkpSRnROlE6UUlNOU050UpVSlVKUUpROU06UV
rVWtVZ0UnNOlFK1VrVWtVaUUnNOtVa2WtZatVaUUrVWtla2WrZWtVa1VpRSlFK1V
rVWtVa1VpVWlFaVVrVatVq1WpRWlVa1VrVatVa1VpRSlFKUUpVWlVZ0UlROdFKVU
pVWdFJUTnRSdVJ0UnRSVFJUUlNOU05TTlNOM0ozSjNKM0ozSjNOM04zThJKEUYRR
hFGEUnxRfFF0EHwQfFF8UHQQa89zz3QQdBB0D2vOY41aiUpIWspzTGtMa0xrDGML
c42ED4QPhBBzznPOhFCMkZTRjFGEUIySlNKU05zTnROc05zTlNKUkqUUpRSlVJzS
nNOdFKVUpVSlFJzTlNOlVKVVpVWdFJzTpRStVa1VrVWlFJ0TrVWtVa1VrVWlFK1U
rVWtVa2WrZWtVaUVnRStVa1VrZWtlaVVpVWlVa1VtZatVaUUpVSlVa1VrVatVqUV
pRSlFaVVpVWdFJTUnRWlVaVVnRSU1J0UnRWdFJ0UlRSU04zTlNOU05TTjNKM04zT
jNOM04zTjNOM04SSfJF8UYRShJJ8UXxRdBB8EXxRfBB0EGvPa9BsEGwPa89rz2OO
YslSSFqJc0xzTGtMa0xjC3ONhA+ET4QQe857zoxRjJGUkYxRhBGMUpTSnNKc05zT
nNOc05SSlJKlFKUUpRSc05zSnRSlVKVUpRSdE5zTpRSlVa1VnRSc06UUrVWtVa1V
pRSdFK1VrVW1lq1VpRSlFK2VrZWtlq2VrVWlFKUUrVWtVa2VrZalVaVVrVWtla2W
rZalFaVVpVWtVa1VrVWlFKUUpVSlVaVVnRSc06UUpRSlVZ0UlROdFJ0UnRSdFJ0V
lNSU05TTlNOU04zTjNOM04TTjNOM04zTjNOMkoSShFGEUYSSfFF8UXQQfFF8UXRQ
dBBrz2vPdA9sD2vPY85jjWLKUkhaynONc4xzjXNMYwtzjYQPjA+ED3vOe46MUJSR
lJKMUYxRlJGc0pzSnNOc05zTnNKUkpSRpNOlFKUUlNOU050UpVSlVaVUnRSc06UU
rVWtVaUUnNOlFK1VrVWtVaUUpRStVa1VtZatVaUUpRStVa2WrZatlq1VrRWlFLVW
rVatla2WpVWlVaVVrVa1lq2WpVSlVa1VrVWtla1VpVSlFKVUpVWlVZ0UlNSdFKVV
pVWdFJ0TnRSdFJ0UnRSVFJUUjNOVFJUUlNOM04zTjNOM04zTjNOM04TThJKEUYRR
hFGEknxRfFF0EHwRfFF0EXQQa89zz3QQa9Brz2OOY41jClKIYwpzjHOMc4xrjGNM
c42ED4RQhBB7z3PPjFGMkZSSjFGMUIyRlNKdEp0TnROdE5TSlNKUkp0TnRSlFJzT
nNOlFKVUpVSlFJ0TnNOlFKVUrVWlE5zTpRStVa1VrVWlVJ0UrVWtVbWWrVWlFKUU
rZWtlq2WrZatVqVVpRWtVa2WrZatlqVVpVWtVa2VtZatlaVUpVWlVa2VrZalVqUV
pRSlVaVVpVWdFJzUpRSlFaVVnRSdFJ0UnVSdFJ0UlRSVE5TTlNOU05TTlNOMk4zT
hNOM04zTjNOM04SShJGEUYRRhJKEUXxRdBB8UXxRdFB0EGvPa89sEGwQa89jjmOO
YwxSiVrKc41zjXONa4xrTHONhA+EEIQQe897z4xRlJKUkoxRhFCMkZTSnROdE50T
nNOU05TSjJKdFKUUpRSc05zTpRSlVaVVpVSdFJzTrVStVa1VnRSdFKUUrVWtVa1V
pVWlFK1VtZa1lq1VpRStVLVVtZa1lrWWrVWtVaUUrVW1lrWWtZatVaVVrVWtVa2W
rZalVaVVpVWtVq2WrVWlVKUUpVSlVa1VpRSc1KUVpVWlVZ0UnRSdFJ0UnRSdFJUU
lNSU05TTlNOU05TTjNOM04zTjNOM04zTjNOMk4RShFGEUoSShFF8UXQQfFF8UHQQ
dBBrz3PPdBB0D2vPa45jjWtLWsljCnuMe41zjWuNa0xzjYQPhFCEUHvPe8+MUZSS
lJKMUYxRlJKU0p0TnNOc05zTnNOUkpSSnROlFKUUnNOc06TUrRSlVKVUpRSc06UU
rVWtVaUUpRSlFK1VrVWtVa1VpRStlrWWtZatVaUUrVW1lrWWtZa1lq2WrVWlFK1V
tZa1lrWWrVWtVa1VrVWtlq2WpVSlVa1VrZWtla1VpVSlVKVUpVWtVZ0UnROlVKVV
pVWdFJUUnRSdFZ0UnRSVFJTTjNOU05TTlNOU04zTjNOM04zTjNOM04TShNKEkoRR
hFGEkoRRfFF0EHwRfFF0EHQQa89r0GwQbBBrz2OOY45zTFrKY0tzzXPNe81zzWuN
c86EEIRQjFB8D3vOjFGUkZSSjJGMUYySlNKc06UTnROdFJzTlNOUkqUUpRSlFJzT
nNOlFK1VpVWlVaUUnNOlVa1VrVWlFJzTpRStVa1VrVWtVaUUrVWtVbWWrVWlFK1V
tZa1lrWWrZatVaUUpRStVa1VpVStVaUUpRSlFKUUrVWlVaUUpVStVa1VrVWtVaUU
pRSlVaVVpVWdFJ0UpRSlVaVVnRSU1J0UnRSdFJ0UnRSVE5TTlNOU05TTlNOM04zT
jNOM04zTjNOM04yShFKEUoRShJKEUXxRdBB8UXxRdBB0EGvPc890EHQQa89jjmON
a01iy2tMe857znvOe81zjXvOjFCMUIxQhA97zoyRlJGUkoyRhFGMkpTTnNOdE50U
nROU05TSlJKlFKUUpRSc0pzTpRStVKUUpVSlE5zTrVStVK1VpROdE6UUrVW1lrWW
rVWlFK1VtZa1lq1VpRSlFK1VrVSlVKUTnNKUkZSRnJGUkZSRlJKU05SSlNKUkZSR
jJGMkJSRlNGUkZSRlNKc05zTpRSlVaVVpRSdE6VUpVWlVZ1UlRSdFJ0UnRSdFJ0U
lNSU05UTlROU05TTlNOM04zTjNOM04zTjNKEkoSRfFGEUYSSfFF8UXQQfFB8UXRQ
dA9rz3QPdA90D2vOY41jjXONYwtrTHvOe857znvOc457z4xQjFGMUYQQe8+UkZSR
lJKMUoxRlJKc05zTnROdE50TnNOckpSSpROlFKUUnNOc06UUrVWtVaVVpRSc061U
rVWtVaUTnROlFK2VtZW1la1VpRStVa1VrVWlFJzSlJGUUJRRlFGUkpTSnNOc06UU
rVW1Vr3Xvhm+GcZZtde117WXrZatlq1VnNOUkpSRjFGMUZSRnNKdFJ0UnRSlVaVV
pVWdFZUUnRSdFKVUnVSdVJ0TlNOU05TTlNOM04yTjNOM04zTjNSM04zThJKEUYRR
hJGEkoRRfFF0EHxRfFB8UHQQa890EHQPdA9rz2OOW457zmtMc42ED4QPhA98D3PO
e8+MUYxRjFGEEHvPjFGUkpSSlJGMUZSSnNKk06TTpROdE5zTnNKUkqUUpRSlFJzT
nNOlFK1VrVWtVaUUnNOtVa1VrVWlFKUTpRS1lbWVtZWtVaUUpRSlFJSSlJGUkZSS
nNOlFaUVrVWtVa1VpRStVbWWvdfOWs6bzpvW3L4Yxhm+GL4Zvdi1lq1VrVWlFKUT
nROc05SSjJGMkZTSnRSlVaVVnVSdFJ0UnRSlVJ0UnRSdFJTTlNOU05TTjNOM04zT
jNOM04zTjNOM04SShJKEUYRShJF8UXxRdFB8UXxRfFB0EGvPa9B0EHQQa89jjluO
e85rTHONfA+ED4QPfA97znvPjFGMUYxRhBB8EIySlNKU04ySjJGUkpzTnNOlE6UT
nROc05zSlJKlE6UUpRSc05zTpRSlFa1VrVSlFJzTpRWtVa1VnNOc06VUtZW1lbWV
rVSc05SSlJKUkpzTnNOlFKUUrVWtVa1WrVWtVaUUpRS1ls6a79/fn9+f55/GWs6b
zprW274YrVWtVa1VpRSlFKUUpRSdE5zTlNKMkoyRnNOlVJ0UnRSdFJ0UnVSdVJ0U
lRSU05TTlNOU05TTlNOU04zTjNOM04zTjNOMkoSRhFGEUYSRfFF8UXwRfFF8UXwQ
dA9zz3QPdA90D2vPY45jToPPc45zzoQQhBCEUIQQe8+ED4xRjJGUkYxQhBCUkpSS
lNOUkoyRlJKckpzTpNOlFJzTnNOckpSSpROlFKUUlNOc06UUrRStVa1VpRSc061U
rVWtVaUUnNOtVbWWtZatVJTSlJGUkZzSpROtVKVUpRStVa1VrVWtVq1VrVWlFKUU
tdfXHe/f55/nn+/fxlnOm86a1ty+GK1VrVWtVaUUpNOlFKUUpRSc05zTlJOMkYRR
lNOdFJ0UnRSdFKUUpVSdFJUTlNOU05UTjNOM04zTlNOMk4zTjNOM04zThJKEkoRR
hFKEUoRRfFF0EHxRfFF8EXQQa89zz3QQdA9rzmPNY42EEHPOe86MUIxQjFGMUIQP
hBCUkZSRlJKMUYRQlJKc0pzTlJKMUZSSnNKc050TnROdE5zTnNOUkqUUpRSlFJzT
nNOlE6UUrVStVKUUnNOtVK1VrVWlFKUUrVW1lbWVnNKMkJSRnNKc0qUUrVWlFKUU
rVWtVa1VrVatVa1VpRStVbWW1tv33+ef55/v375ZztvOmt8cvhitVa1VrVWtFKUT
pRSlFKUUlNOU0pzTjJGMUYxRnRSdFJ0UnRSlFKVUnRSVFJTTlNSU1JTTjNOM04zT
jNOM04zTjNOM04SShFKEUYRShJF8UXxRdBB8UXxRdFB0D2vPdA90D3PPa85jjmOO
hFB7znvPjFGMUYxRjFGEEIQQlJGUkZSRjFCMUJSSnNKc05SSjFGUkpSSnNOlE6UT
pROc05zSlJKlFKUUpRSc05zTpRStFa1VrVWlFJzUrVWtVa1VpRSlFK1VtZa1lZSS
lJGc0pzSnNKlFK1VpRSlFK1VrVWtVa1VrVWtVaUUrVStVcZY99/nn+ef79++Wc7b
ztvfHL4YrVWtVa1VpRSc06UUpRSlFJTTjJKU05TSjJKEUZ0TnROlFKUUpVWlVZ0U
nRSU05TTlROU05TTlNOU04zTjNOM04zThNOEkoSRhFGEUoSRhFF8UXQQfFF8UXQQ
bBBrz3QPdA9sD2vPY45jjoRRe897z4xRjFGMUYxRhBCEUJSSlJKUkoxShBGUkpTS
nNOUkoyRlJGU05zTnNOlE50TnNOU05SSpRSlFKUUnNOc06UUpRStVaUUpRSc061V
rVWtVaUUpRStVbWWrVWc05SSlJKc0pzTpRStVaUUpRStVa1VrVWtVa1VrVWlFK1V
rVW91/ff51/nn++fvlnW287a313GGK1VtVWtVaUUnNOtVaUUpRSc05SSlJKUkpSS
lJKc050TnVSlVKVUpVSdFJUUlNOU1JTUlNSM04zTjNOM04zTjNOM04zThJKEknxR
hFGEknxRfBF8EHxRdFB0EGwQa9BsEGwQa9Brz2OOY46MUIQPhBCMUYxRjFGMUYQQ
hFCUkZSSlJKMUYQQlNKU0pzTlJKMkZSSnNOlFKUTpRSdFJ0TlNKU0qUUpRSlFJzT
nNOlFKUUrVWtVaUUnNOtVa1VrVWlFKUUrVS1la1UnNKU0pSRlJKUkp0UrVWlFKUU
rVWtVa1VrVWtVa1VpRStVa1Vvdfv3+ee557nn75ZztvW2+ddzlmtVa2VrVWlVJ0U
rVWlFJzTlJKMkoySlNKU0pzTnNOdE6UUpVSlVKVUnVSdE5UTlRSVE4zTlNOM05TT
jJKM04zTjNOM04yShJKEUYRRhFF8UXxRdBB8UXxRdBBsEGwPbA90EHQPa89jjmOO
jFF8EIQQjFGMUpSSjFGMUYxRlJKUkpzSjJGEUJTSlNOc05SSjJGUkpzSnNOlFKUU
pRSc05zTlJKlFKUUpRSc05zTpRSlFK1VrVWtVZ0TrVWtVa1VpRSlFK1VtZWlFJzT
nNKU0pzSnNKc0qUTpROlE61UrZWtVa1WrVWtVaUUrVWtVbWW553nnude512+GNab
1pvfHMZZrVWtVa0UpRSc061UpROUkpSSlJKUkpTSnNOdFJzTnROlVKVUpVSlVKUU
nRSU05TUlRSU1JTTlNOM04zTjNOM04zThNOEkoRRfFGEUoRRfFF8UXQQfFF0UXQQ
bBBrz2wPbBBsEGPPW45bjoxRe8+EEIxRjFGUkoxRjFGMUZSSlJKU04yRhFGU05zT
nNOUkpSRlJKc06UTpROlE6UTpROc05zSpRSlFKUUnNOc06UUpRStVa1VpRSlFK1V
rVWtVaUUpRStVLWVpRSc05zSnNKdE5zSpROlFKUTnNOk06TTpROtE61UrVSk1K1V
tZW1lecc517nXt8dtdjOms6a3xy+GKUUpRSdE5zTnNOlFJ0TlNKUkpSSjJKUk5TT
nRSdFJ0UnVSlVKVUpVSdFJ0UlNSVFJUUlNOU04zTjNOM04zTjNOM04zTjJKEkoRR
hJKEkoRRfFF8EHxRfBF0EGwPbA90EHQQbBBjz1uOY46MUYQQhBCMUYySjJGMUYRR
hFGUkpTSlNKMkYRQlNKU0pzTlJKMkZSSlNOdFKUUpRSlFJzTnNOc0qUTpRSlFZzT
nNOlFKVVrVWtVaUUpRStVa1VrVWlFKUUrVS1laUUpRSc05TTnNOc05zTpRSlFKTT
pROlFKUUrRStVK1UrVW1lrWWrVXfHOef55/fXrXYzprOmt8cvhilFKUUpRSc05zT
pRSc05SSlJKU0oySlNKc050UnNOdE6VUpVSlVaVUnRSdFJTUnNSc05TTlNOU04zT
jNOM04zTjNOM04yShJJ8UYSShJKEUXwRfBB8EXxRdBBz0GvQa9BsEGwQY89bjmOO
jFKEEIQQjFGMUZSSjFGMUYxQlJKUkpSTjJKEUZTTnNOc05STjJGUkpzTnRSlFKUU
nRSdFJzTlNOlFKUUpRSc05zTpRSlFK1VpRSlFJzTrVWtVa1VpRSlFK1VtZalFKUT
nNOc05zTnNOlFK1UrRSc06UTpRSlFK1VrVWtVb3X1prGWr4Y99/33//f79++Wc6b
zprfHL4YrRStVKUUnNOc05zTnNOUkpSSlNKMkpTSlNOdFJ0TnRSlVKVVpVWlVJ0U
nRSU05TUlRSU05TTlNOU04zTjNOM04zThNOEkoRShFGEUoRRfFF8EXQQfFF8UXQQ
bA9rz3QQdBBrz2POW41jjoxShBB7z4xRjFGUkoxRjFCMUJSSlJKUkpSRjFCc0pzT
nNOUk5SSlJKc0qUTpRSlFJ0UnROc05STpRSlFKUUnNOc06UUrVWtVa1VpRSc1K1V
rVWtVaUUnNOtVbWWrRSlFJzTnNOc05zTpRStVa0UpNOk06UTrRStVa1VrVXGGN8c
1tvGWv/f/9//3/ffvhjO2s6a1tu+GKUVpVSlFJzTnNOc05zTlJKUkpTSjJKU0pTS
nRSdE50UpVSlVaVVpVWdFZ0UlNSdFJ0UlNOU05TTlNOM04zTjNOM04SThJKEUoRS
hJKEUoRRfBF8EXxRdFB0EGwPa89sD2wQa89rz1uOY46MUYQQe8+MUYxRlJKMUYxR
jFGUkpSSlNKUkYxQnNKc0pzTlJKMkZSSnNKdE6UUpRSlFKUUnNOc06UUpRSlFJzT
nNOlFK1UrVWtVaUUnNOtVa1VrVWlE6UTrVS1la0UpRSc05zTpNOk06UTrVSlE5zS
nNOlE6UUrVWtVaUVzlnnHN7bxhn/3//f/9/3374YzpvOWtbcvhmlVKVVpRSc05zT
pRSlFJSSlJKU0oySlJKU0p0UnROdFKVUpVSlVZ1UnVSdFJUTnRSdFJTUlNOU04zT
jNOM04zTjNOM0oyShJGEUYSShFF8UXxRfBB8UXRQdBBrz2vPc89sD2vPY85bjWOO
jFGEEHvQjFGMUpSSjFGMUYxRlJKckpTTlJKMUZzSnNOdE5zSlJKU0pzSpROlE6UU
pRSlFJzTnNOlFKUUpRSc05zTpRStVa1VrVWlFJzTrVWtVa1VpROlFK1UtVWtFKUU
nNOc06TTpNOlE61UpRSc06TTpROlFK0UrVWlFM5Y5xzW28YZ99//3//f95+12M5a
zlrW274YrVStFKUUnNOc05zUpRSU05SSlNOMkpSSlNOdFJ0TnRSlVaVVpVWdVZ0U
nRSU05UUlRSU1JTTlNOU04ySjNOM04zSjNOMkoSShFGEkoRSfFF8UXQQfFF8UXQQ
a89rz2vPdBBrz2OOW01jjoxRhBB7z4xRjFGMkoySjFGEUJSRlJKU0oySjFGU05zT
nNOckpSSlJKc05zTpROlFKUUpRSc05zTpRSlFKUUnNOc06UUpRStVa1VrRSk061U
rVStVaUUpROlFK1VpRSlFJzTnNOlFJ0TpRStVaVUnNKc0qTSpROtFK1UpRPF2N7b
1pvOWf/f/9//3//fxhjOms5a1pu92KUUpRSlE5zTnNOlFKUVlNOUkpTTlJKU0pTS
nRSdE50UpVSlVaVVpRWlFJ0UnNOdFJ0UlNSU05TTlNOM04zTjNOM04zTjJKEUYRR
hFGEUXxRfFF8EHxRdBB0EGvPa89rz2wPa89jzluNW46MUYQQe8+MUYxRlJKMUYxR
jFCUkpSSlNKMkoxRlNOc05zTlNOUkpSSnNOlE6UTpRSlFKUTnNOc0qUUpRSlFJzT
nNOlFKUVrVWtVaUUnNOtVK1UrVWlE6UTpRStVK0UpROlE6TTpRSk06UUrVWtVZzT
nNKc0qTTpRStFKUTtZbOWe+e717/3//f/9//39abzprOWtabvdilFKTUpROc05zT
pRSlFJSSlJKc05SSlJKUkpzTnROdFKVVpVWlVaVVnRWdFJzUnRSdFJzTlNOU05TT
jNOM1IzTjJOMk4SShJKEUYRRhFGEUXwQfBB8UXQQdBBrz2vPa9BsEGvQY89bTmOP
jFGEEHvQjFGMUZSSjFGMUYxQlNKU0pTTjJKEUZzTnNOc05zTlJKUkpzTpROlE6UU
pRSlFJzTnNOlFKUUpRSc05zTpRSlVK1VrVWlFJzTrRStVK1UpROlE6UUrRStFKUU
pRSlE60UpROlFK1VrVWUkpSRnJGk0qUTrRSlFKUUxlj/3/+f/9//3//f/9/W3N8d
1tzW3b3ZpRSdFJ0TnNOc06UUpRSUkpSSnNOUkpSSlJKc05zTnRSlFaVVpVWdVZ0V
nRSVE5UUlRSU1JTTlNOU05TTjNOM04zTjJOEkoRRhFGEkYRSfFF8UHQQfFF8UXQQ
a89rz2wPbA9sD2POW45jj5SRhBCEEIxRjFKUkoxRjFGMUJSSlJKUk5SSjFGc0pzS
nROU04ySlJKc06UTpRSlFKUUpRSc05zSpRSlFKUUnNOc06UUpRStVa1VpRSc060U
rVStVKUTpNOlFK0UrRSlE6UTpNOlFKUUpNSk1KUUlJKUkZSRnJKk06UUpROtVdab
/9/3n//f/9//3//f3tznXuef79/XHa1VpRSlFJzTpRSlFKUUlJKUkpzTjFGUkpSS
nNOlFKUUpVWlVaVVnVSdVJ0UnROdE50UlNSU05TTlNOU05TTlNOM04yTjJKEUYRR
hJKEUYRRfFB0EHxRfFB0EGvPa89rz2wPa89jj1tNY46MUYQQe8+MUYxRlJKMUYxR
jFGUkpSSlJKUkoxRnNKc0pzSlNKUkpSSnNOlFKUUpRSlFKUUnNOU0qUUpRSlFJzT
nNOlE61UrVStVKUUnNOtFK0UrVWk1KUTpRSlFKUUpRSlFKUTpROlE6UTlFCUUJSR
lJGUkpySpNOlE6UTxhfnXf/f99//3//f/9//39bc3x3nnu/f55+tVZzTpNOc05zT
pRSlFJSSnNOdE5SSlJKUkp0TnRSlFKUUpVWlVaVVnVWdFJ0TnRSdFJTUlNOU05TT
lNOU05TTjNOMkoSShFJ8UYRShFJ8UXxRfBB8UXRQdBBrz2vQa9Br0GvQa49bTWOO
lJGEEHvPjFCUkZSSlJKMUYRRlJKUkpySlJKMUZTTnNOc05zSlJKUkpzTpROlE6UU
pRSlFJzTlJKlFKUUpRSc05zTpROtVK1UrVSlFJzTpRStFK1UpROk06UUrVStFKUU
pROlE6UTpNOc0owQg8+MUJSQnJGk0qUTpROlFL3Y1pv3Xvee/9//3//f/9/WnN8d
317vn+dftVWlE6UTnNOc05zTnNOUkpSSlNOUkpSSlJKk06UUpRSlVKVVpVWlVZ1U
nRSdE50UnRSVE5TTlNOU04zTjNOM04zTjJKEkoRSfFGEkYRRfFF8EHQQfFF0UXQR
bBBr0GwQbBBrz2OOW01jjoxRhBB70IxRlJKUkpSSjFGMUZSSlJKUkpSSjFGc05zT
nNOU04ySlJKc0qUTpROlFKUUpRSc05SSpRSlFKUUnNOc06UTpVStVK1UpROc0qUU
rRStFaTTpNOlFK0VrRStFKUTpROlE50TlJKMD4POg82UT5yRnNKlE6UTpRTGGNaa
1lrnHf/f/9//3//fzpvfHd9e75/nn61WpRSlFJzTnNOc05zTlJKUkpzTlJKUkoyS
nNOlFKUUpRSlVaVVpVWdVZ0UlROdFJ0UlRSU05TTlNOM04zTjNOM04yThJKEUYRR
hJKEUXxRfFF0EHxRfBB0EGvPa89r0GwQa89jjltNY46MUYQQe8+MUZSSlJKUkoxR
jFCUkpSSlJKMkYxRnNKc05zTnNKUkpSSnNOlE6UTpRSlFKUUnNOUkqUUpRSlFZzT
nNOlFKUUrRStVKUTnNOlFK0UrRWk06TTpRStFa0UrRSlE6UTpROc05RQjBCLzoON
i82cUKTSpROtFKUUzhnWms5Z5xz/3//f/9//386b1x3fXuef55+tVaUUpRSc05zT
nNOc05SSlJKc05SSlJKUkpzTpRSlFKVVpVWlVaVVnVWdFJ0UnRSdFJUUlNOU05ST
lJOU05TTjNOMkoSShFGEUYRRhFJ8UXwQfBB8UXRQdBBrz2vPa89sEGvPY45bTWOO
jFGEEHwPjFCUkZSRlJGMUYxRlJKc05zTlJKMUZzTnNKc0pyTlJKUkpzTpROlE6UU
pRSlFJzTlJOlFKUUpRSc05zSpROtFK1UrVSlE6TSpRStFK0VpNOk06UUrVWtFK0U
pRSlE6UTnNOUUJRQjA6LzYOMlA6k0aUSpROdE8ZY1prOWdab/9//3//f/9/Om9bc
3x3nXueerVWdE6UUnNOlFKUUpRSUkpSSnNOUkpSSlJKc05zUpRStFKVVpVWlVZ1V
nRSdFJ0UnRSdE5TTlNOU04zSjNOM04yTjJOEkoRRhFGEUYRRfFF0UHQQfFF0UHQQ
a89rz2vPbA9jz2OOW41jzoxRhBB7z4xRjFGUkoxRjFGMUZSSlJKUkpSRjFCc0pzT
nNOc05SSlJKc06UUpRSlFKUUpRSc05SSpRSlFKUUnNOc06UTpRStFK0UpROc06UU
rRStFKTTpNOlFK0UrRStFKUUpROlFJzSjFCMT4wOi82DjIPNnE+k0qTTpNPGGNaa
xhnGGf/f/9//3//fzpvW286a1tvvXq1VlJGUkYxRlJGc05zUlJKUkpzTlJKUkpSS
nNOk06UUpVWlVaVVpVWdVZ0UlROdE50TlNOU05TTlJOMk4zTjNOM04SThJKEUYRR
hJGEUXxRdBF0EHRRdFF0EGvPa89sD2wPY89jjltNY8+MUYQQe8+EEJSSlJKMkoxR
hFGUkpTTlJKUkoxRlNKc05zTnNOUkpSSnNKlE6UUpRSlFKUUnNOU0qUUpRStVJzT
nNOlFKUUrRWtFKUUnNOlVKUUrRSk06TTpROtFK0UrRSlE6TTpNOUUIwPlFCMD4vN
g4uDi4uMpJGk05ySxhfWWcYYtZb/3//f/9//38YaxhnGWtaa5xyUUWsJcwpzCWsK
e4yUkpSSlNKc05TSlJKUkpzTpRSlFKVVpVWlVaVVnVWdFJUUnRSVFJTUlNOU05TT
lJKU05TTjNOMk4SShFGEUYSRhFF8UXwQdBB8UXQQdBBrz2vPa89sD2vPY45bTWOO
jFGEEHvPhBCMUYyRjJGEUYRQlJKUkpSSlJKMUZzSnNOc05STlJKUkpzSpROlE6UU
pRSlFJzTlNKlFKUUpRWc05zTpROlFK1UrVSlE5zSpROlFK0UpNOk060UrRStFK0U
pROk0ovMg8yLzZQOlA6LzYuLg0uDS5PMnJGckb3WzlnGGK2W99/vnvff756tVb3X
zlnWmt7bg9BaSGJIYkdih2KHg0uUUZSSnNOUkpSTlJKc050TnRSlVKVVpVWlVZ1U
nRSdFJ0TnRSVE5TTlNOU04zTjNOM04ySjJKEknxRfFGEkoRRfFF0EHQQdFF0EXQQ
a89r0GvQa9Bj0GOPY05rj4xRhBB7z4QQjFGUkpSSjFGMUZSSlNKUkpSRjFCUkpzT
nNOU0oySlJKc06UTpRSlFKUUpRSc05zSpRSlFK0UnNOc06TUpRStFK1UpROc06UU
rRStFKTTpNOtFK0UpROtFKTSlBBzCovMlA2TzYvNi4yLi4NJg0mDSYvMi4ykkL2V
vdec086a1tznXuderVa9l9abzlnW23vPUkdah3MJe0pix2LIg82UkpzSnJKU0pSS
nNOc050TpVSlVKVUpVSdVJ0UlNOdFJ0UnROU05TTlNOU05TTjNOM04yTjFKEUYRR
hJGEUXxRdBF0EHxRdBF0EGvPa89rz2vPY89jjltNY4+MUYQQe8+EEIxRjJGMUYxR
hBCUkpzSlJKUkYxQlNKc0pzTnNOUkZSSnNOc06UTpRSlFJzTnNOUk6UUpRStFJzT
nNOlFK0UrRWtFKTUnNOlFKUUrRSk06TTrROtFKUTpROc0nMJcwiLi5QMnA2Ly4NJ
ewh7B3sHeseDCXsJewmLjKzRcwmtU9bb513nXa1WtZbGGMYY1pqUUXMLashqh1oF
UcRiBlnFg8yUkpSSnNKUkpzTnRSlFKVVpVSlVaVVnRWdFJUUnRSdFJzUlNSU05TT
lNOM04zTjJOMk4RSfFF8UYSRhFF8UXwQdBB8UXwRdBBrz2vPbBBr0GPPY45bTmOP
jFGEEHvPhBCMUZSSjFGMUYQQlJGUkpSSlJGMUJTSnNKc05zTlJKUkpzSpROlE6UT
pRSlFKUTnNKtFK0UrRSk05zSpNOlFK0UrRSk1KTTpRStFK0UpNOk06UTrRStFKUU
lFBaRnMJi4uUDJRNlAqLiXsHeoVyRXIFYcRhxFnGYgdiB1GFnA/Wm97c3tylFKUV
vde919aanNJ7jGqHakZaBFnEWcQ4wEFDaohzCnvNjFGU050UnRSlVaVVpVWlVaUU
nRSVE50UnRSU1JTUlNOU04zTjNOMk4yTjJOEUoRShFGEkoRSfFF0EHQQfFF0EXQQ
a89r0GvQa9Br0FuOW01jj4xRhBB7z4QQjFGMUYxRjFGEEJSSlJKUkpSSjFGUkpzT
nNOUk5SRlJKc06UUpRSlFKUUpRSc05zSpRSlFKUUnNOc06TTrRStFK0UpNSc060U
rRStVKTTpNOtFK0UrRStE4xQWkdzCYOMlA2cDpPLi4mDB3pFagNhw1EBQIA4gDiB
MIE4gXqJvdfGGc4ZlFKckrWWtZXOWJzRg8t7CXLIYgVJAjjCMEAwQDiBQQJSRoRQ
nNOdE50UpRSlVKVVpVWlFJ0UnRSdFJ0UnNSU05TTlNKM04zTjJOMk4yThFKEUYRR
hFGEUXxRdBB0EHQRdBB0EGvPa9BsEGvQY9BjjltOY4+MUYxRe8+EEIxRjFGMUYxR
hBCUkpSSlJKUkoxRlJKc05zTnNOUkZSSnNKlE6UUpRSlFKUUnNOc06UUpRSlFJzT
nNKlE6UUrRStFKTTnNOlFKUUpVSc06TTrNOtFK0UrROUUFpFcwiDSovLlAyTy5OK
i0mCh2HDWYNIwTiAMEAwQDiAQMBZg4tKtRHeFpPOnFC9U7VT1lik0owMg0l7CGpG
UYNJQkDAQMBJAVFDYoeMUJyTnNOdE6VUpVSlVKVVpVSdFJ0TnRSdFJzUlNOU05TT
jNOMk4yTjJOMk4SSfFF8UYSRfFF8EXQQdBB8UXQQbBBrz2vQa9Br0GvPW45bjWPP
jFGMUHvPhBCMUYxRjFGMUYQQlJKUkpSSlJKMUZSSnNOc05zTlJKUkpSSnNOlFKUU
pRSlFJzTlJKlFKUUpRSc05zTnNSlFK0UrRSk1KTSpRStFK0UpNOk06UUpRStFK0T
lFBiBXLHewiLipPLk8uTiYuJgwdqA1ECQIE4QTAAMABAQEhASIBQwZOM1hWLzowO
nFCkkb2UpJCTy4tJgwhyhWHDWUJJAEjAUQFZg3KHjFCc0pzTnNOlFKUVpVWlVaUV
nRSdFJ0UlRSU1JTTlNOU0ozSjNOMk4yThJKEUnxRhFGEUnxRfFF0EHRQdFF0EHQQ
a89sD2wQbBBjz1uOW05jj4xRjFB7z4QQjFGMUYxRjFGEEIxRlJKUkpSSjFGUkpzT
nNOc05SSlJKc06UUpRSlFKUUpRSc05zTpRSlFKUUnNOc05zTpROlFKUUpNOckqTT
pROlE5zTnNOlE6UUpROlE5RQYgVyhnqGewiLiouKi4qTiYtIcoVRQkDBOIAwQDBA
OEBIgEjAUMGTi83Ti42MDpxQpJG9U5yPi8qDiYNIaoVhw1lCUMBQwFkBYYN7CIxR
nNOdE50TpVSlVKVVpVWdFJ0UnRSdFJ0UlNOU05TTlNOM04yTjJOMk4SShFJ8UXxR
hJKEUXxRdBB0EHRQdBB0EGvPa89r0GvQa89jjluNY46MUIxQe8+EEYxRjFGMUYQQ
hBCMUpSSlJKUkYxQlJGc05zTnNOUkpSSlJKdE6UTpRSlFKUUnNOc06UUpRSlFZzT
nNKdE6UTpRSlFKUTnJKk06TTpROc0pzSpRKlE6UTpNOUUGIFYgVqRXLHg0iLiYvK
i4qLSYLHYcRJAjiBOEAwQDhAQIBIwFDBk0rFEotLlA2cTpxOrNCUDYuKg0h7CHJE
YYNZQlDBUMBRAFnDewiMkZzSnNOc06UUpRWlVaVVpRSc05zTnNSc1JTTlNOU05ST
lJOUk4yTjJOEUoRSfFF8UYRRfFF8UXQQdFB0UXQQdBBrz2wPc89rz2PPW45bjmPO
jFGMUXvPhBCMUYxRjFGMUYQQjJGUkpSSjFGEEJSRnNKc05zTlJGUkpzSnNOlE6UT
pRSlFJzTnNKlFKUUpRSc05yTnNOlFKUUpRSdE5zSpNOk06TTnJKckpzTpNOk06TT
lFFiBlnEWcNiRHsHg0mLiouKi4mDB3JEUQJAgDhAQEA4QEBASMBIwIsJtM+DCntL
i8yUDZQNi4qDSINHgwdqRFmCWUJRAEkAUQBZw3MIjFGUkpzTnNOlFKUUpRWdFaUU
nNSc1J0UlRSU05TTlNOMk4ySjJOMkoSSjJKEUXxRfFGEkXxRfFB0EHQQfBF0EHQQ
a89sD2wQa89rz1uOW41jz4xRjFF7z4QQjFGMUYxRhBCEEIxRlJKUkpSSjFCUkZzS
nNKc0oyRlJGc0p0TpRSlE6UTpROc05SSpRSlFKUUnNOc05zTnRSlFKTTpNOckqTS
pNKk05ySnJKckqTTpNOc0pRQYcZZhFFCWYJyRnrIg0mLiYNIgwdyhVmCQME4gECA
OEBAQEiASIF6R6wNeshqRoLIk0h6xoMGgweDB3rGagRZwlGCUQBIwFEAWcN7SJSR
lJKc05zTpRSlFKUUpRSdFJzTnNOc05TTlNOMk5TTjJOMkoySjJOMkoxShFF8EXxR
hFF8UXxQdBB0EXwRdBB0EGvPbA9rz2vPY89bjluOY8+MUIQQe8+EEIxRjFGMUYQQ
hBCMUZSSlJKUkYxQlJGc0pzSnNKUkZSSnNOk06TUpRSlFKUUnNOUkqUUpRSlFJzT
nJKc06TTpRSlFJzTnJKk0qTSpNKckZyRpJKk0qTSpJKcUWIGWYRRA1ECYcRyhYMI
i0iDSILHekZhhEjBQEBAgEBASIBIgEjBacabS3KGYcNyRnpGckVyhHrFewV6xmpE
WcNZglEBUQBRAVnDc0mMkZSSnNOlFKUVpRWlFZ0UnRSc05zTnNOc05TTlNOUkoyT
jJOMk4yThJOEkoRSfFF8UXxRfFF8EXPQfBB8EXQQc9Brz2vPa9Br0GOPW05bTmOP
jFGEEHvPhBCMUYxRjFGEEIQQjFGUkZSSlJGEUJSSnNKc0pzSjFGUkpzSnNOk06TU
pNSlFJzTlJKlE6UUpRSc05zSpNOk1KUUpNSc05ySpNOc0pzSnJGckZySpJKk0pyS
lFFiB1mFSMJIwVlCYcRyhoMHgwd6xnKFYcRAwThAOEA4QDhAQIBIgUjBUQJhQ2FD
akZyh2pFckR6hHqFcsVqRFnDWYJRAUjBSQFZxHNKjFKUkpzTpRSlFKUUpRSlFJ0U
lRSU05zTnNOU05TTlJOMk4yTjJOMk4xThFKEUnwRfFF8UnxRfFF0EHQQdBF0EGwQ
a89sD2vPY89jj1tOW01jj4wQhBB7z4QQjFGMUYxRhBCEEIxRlJGUkoyShBCUkpSS
nNOc04xRlJKc05zTnNOlFKUUnNOc05SSpROlFKUUnNOc0qTTpROlE6TTpNOckpzS
nJKckpSRlJGckZySpNOckpRRYkdZREkCQMBJAFlCagR6hnrGcoVyBGGDSME4QDhA
OEA4QECBSIJIwllDYUNZQmGDakZyh3JGakRqRGpEYgRRg1FCUQFRAVEBWcN7i4yR
lJKc050TpRSlFKUUpRSdFJ0TlNOU05TTlJOMk5STjJOMkoySjJOEkoRShFKEEXwR
hFJ8UXQRc9B0EXQRdBBsEGvPa89rz2vPY49bTltOW4+MEIQQe8+EEIxRjFGMUYQQ
hBCMUZSSlJKMUoQQjFGUkpSSlJKMUYxRlJKc05zTnNOlFJzTnNOUkqTTpRSlFJzT
nNOc06UTpROk05zTlJGckpySnJKUUpSSnJGckqTTnJKUUWJIUUVIwkCAQIBIwVlD
YcRyRWoFYcRZgkCAMEAwQDBAMEBAwUjBSMFRAllDUQJRAmoFeohqBmHEYcRiBFnD
UYJJAUDASQBJAFnDe4uMkZSSnNOdFKUUpRSlFKUUnRSU05TTnNOU05STlJOUk4yT
jJOMk4yTjJKEkoRRfFF8UXxSfFF0EXPQdBF0EXPQa9Brz2vPa9Brz2OOW01bTWOP
hBCEEHvPe8+MUYxRjFGMUYQQlJKUkpSSjFGEEIxRlJKUkpSSjFGUkZSSnNOc05zT
nNOc05zSlJKlE6UUpRSc05zSnNKk06TTpNOckpSRnJGckZyRnFGUUZySnJKc05yS
lFFiSVFEQMNAgTiAQIBIwVlCYYNhg1mCUUFAgDBAKAAoACgAOIE4gThAQIFIwkjB
SMFZAnJGYcRZhFmDWYNRQkkCQMFAgEDASQFZxIONjFGUkpyTnNOlFKUUpRSlFJzU
lNOU05TTlNOU04yTjJOMkoySjJKMkoyRhJJ8UXwQfFF8UXwRfBFz0HQQdBFr0GvQ
Y89r0GvQa89jjltNW01jj4QQhBB7z3vPjFGMUYxRjFGEEIxRlJKUkpSRhBCMUZSS
lJKUkoxRjFGUkpzTpROlE50TnNOc05SSpNSlFKUUnNKc0pzSpNOk05zTnJKUkZyR
nJKckZxRlFGUkZySpNKckZRRYklRBUDCOIE4QDhAOIBIwFEBUQFRAUjAOEAwACgA
IAAgADiCOIIwQDCAOEA4QECASIFqBlmESUNBAkkDQMJAwjjBOIBAwEkBWcR7zYyR
lJKc06UUpRSlFJ0UnRSdFJTTlNOU05TTlNKUkoyTjJKMkoySjJKMkoRRhFF8UHxR
fFF8EXwRc890EHQQc89rz2OPa89rz2vPY49bTltOY4+EEIQQe8+EEIxRjFGMUYQQ
hBCMUZSSlJKUkoxQjFGUkpSSlJOMUYxRlJKc0pzTnNOc05zTnNOUkpzTpRSlFJzT
nNOc06TTpNOk05yTlJKckZyRnJGUUZRRlFGckqTSnJKUkWKJSQRAgjiBMEA4QDhA
OIBAwEjASMBAgDBAKAAoACAAIABJBUEEOIA4gDiAOIBAwEDCWgZJREEDOMM5AzDC
MIIwQThAQIFIwlnFe86MUZSSnNOc06UUnRSlFJ0UnRSU05TTlNOU05TTjJOMk4ST
jJKMkoySjJKEkoRRfBF8UXxSfBF0EWvQdBB0EHPQa9Bjj2PQY89jz2OOW01bjWOO
hBCEEHvPhBCMUYxRjFGMUYQQjFGUkpSSlJKEEIxRlJGUkpSSjFGMUZSSlNKc05zT
nNSc05yTnJKk06UTpRSc05zSnNKc06TTpNOckpRRnJKckZyRlJGUUZRRlJKc05yS
nJFqikkEOMIwQShAKEAoAChAMEBAQECAOEAwQCgAKAAoAChAUUVJBDiBOIE4gUCB
QMJJA1nGSQM4wjjDOMMwgjCCKEEwQDiASQJaBYQOlJGUkpzTnNOdE50UnRSdFJUU
lNOU05TTlNOM0oySjJKMkoySjJKMkoyShJGEUXwQfBF8UXwRdBBr0HQQdBBsEGvQ
Y49rz2vPY89bjltOW05jj4xRhBB7z4QQjFGMUYxRhBCED4xRlJGUkpSRhBCMUZSS
lJKUkoxRlJGUkpzTnNOc1JzUnNOc05SSnNOlFKUTnNOc0pzSpNKk06TTnJKUkZyR
nJGckZRRlFGUUZRRpNKckZSRaspJBDjCMEEoACgAKAAwADAAMAAwQDhAOEAwQChA
KEAwQFFDQMI4gTiBOIE4gUDBSQNJREEDQQJBAklDQMI4wjBAMEA4gEEBWgWED5SR
nJKc05zTnROdFJ0UnRSVFJTTlNOU05TTjNOMkoyShJKMkoySjJKMkoRSfFF0EXxR
fFF0UHQRa9B0EHQQdBBr0GPPa89sD2PPW45TTVtOW46EUYQQe8+ED4xQjFGMUYxQ
hBCMUZSSlJKUkoQQjFGUkpSSlJKMUYxRlJKUk5zTnNOc05zTlJOUkpzTpNOlFJzT
lJKc0pzTpNOc05zSlFGckpySlJKUUZRQlFGUUaSSnJGcUWrLSQU4gzBCKAEoACgA
KAAoACgAMAAwADAAMAAoACgAMEBBA0DCQMJAwUDBSMFJAllDUUNJA0kDSUNRREkD
SQJAwTBAOIBAwloGhA+MUZSSnNOc05zUnRSdFJ0UnNSU05TTlNSU05SSjJKMkoyS
jJKMkoyShJKEUYRRfBB8EXxRfBB0EGvPdBBsEGwQY9Bjz2PQY9Bjz1uOU01bTluO
hFGEEHvPe8+EEIxRjFGMUYQQjFGMUZSSjFGEEIxRlJKUkpSSjFGMUZSSnNOc05zT
nNOc05TSlJKc06UUpROc0pzSnNKc0pzTnNOckpSRnJGUkZRRlFGUUZRRlFGckpRR
lFFzC0lEOMI4gTBBMEAoADAAMAAwADAAKAAoACAAIAAoADiAQMFIwUkCSQJJAkkC
SQJZg2HFWYRRQ1FDWYRRQ0kCQMEwQDCAQMFaBYQQjFGUkpzTnNOdFJ0UnRSdFJzT
lJOU05TTlNOUk4ySjJKMkoySjJKMkYSShFJ8EXQRfBF8UXwQdBBzz3QQdBBr0GvQ
Y89rz2vPY89bjlNNW41bjoQQhBBzjnvPhBCMUYxRhBCEEIxRjFGMUYxRhBCMUJSS
lJKUkoxRjFGUkpzTnNOc05zTnNOUkpSSnNOk1KTUnNKc0pzSpNKc05zTlJKUUZyR
lJGUUZRRlFGUUZRRnJKUUZRRc0xJRTjCOIE4QDhAOEAwQDBAMEAwADAAKAAoADAA
OEBAgEjBSMFRQlGDWYNZg1nEYgRyRmHEUUJZQ1mDUUNJQzjCMIAwgEDBUgaEEIxR
lJKc05zTnNOc1J0UlNOU05TTlNOU05TTjJOMkoySjJKMkoyShJKEUoRRfBF8EHwR
fFF8EXQQa890EHQQbA9rz2PPY89rz2PPW45TTVuNW46ED4QQc497z4QQjFGMUYQQ
e8+EEIxRjFGMUYQQhBCUkpSSlJKMUIxRlJGc0pzTnNOc05zTlJKUkpzTpNSlFJzS
nJKc0pzSnNOc0pzSlFGUkZxRlFGUUZRRlFGUUaSSnFGcUXtNSQU4gzBBOEA4QDhA
OEA4QDBAMAAwADAAKAAwAECAQMBJAVECWYNZhFnDYgRiBGIEckZhxFlCWUNZQlFD
UUNBATCAKIA4wlIHhBCMUZSSnNOc05zTnNOdFJzUlNOU0pSTlNOU04yTjJOMkoxS
jJKMkoyShFJ8UXxRfBF8EXxRdBF0EGvPdBBsEGwPY89jz2vPa89jz1uPU01bjluP
hBCEEHOOe8+EEIQQhBCEEHvPhBCMUYxRjFGEEIQQlJKUkpSSjFGMUYxSnNKc0pzT
nNOc05zTlJKdE6UUpRSc05ySnJKc0pzTnNKU0pRRlFGUUZRRjFCUUJRQlFCckpxR
lFF7TUFFMMIoQTAAOAA4ADgAOEA4ADAAMAAwADAAOEBIgUjBUQJRAlmEWcRZxGIF
cshyyHKHYcRRQ1lDUQJJAkkDOMEoQCBAMIFaB4RPjFGUkpzTnNOdE50UnNOc05TT
lJOUk5TTlJOMkoySjJKMkoyShJKEUoRRhFF8EXwRfFF8UXQQdBBrz3QQdBBrz2vP
Y89r0GvPY89bj1NOW45jjoQQhA97znvPhBCEEIQQhBB7z4QQjFCMUYxRe9CEEJSS
lJKUkoxRjFGUkpzTnNOc05zTnNOc05SSnNOc06UUnNOUkpySnJKc0pzSlJKUUZxR
lFGUUIwQlFCUUJRQnJGUkZRRe45BRjCDIEEoADAAMAAwADAAMEAwQDBAMEAwAECA
SMBIwVEBUQJZg2HEWYNiBIMIgwhyhmGEUUNRQ0kCQQFJAjjBKEEgQCjBWkiMUIxR
lJKUkpzTnNOc1JzUnNSU04yTjJOUk4yTjJKMkoySjJGEkoSShFKEUoQRfBB0EHwQ
fFF0EHQQa890EHQQa9Bjz2PPY9Bjz2OPW05TTVtNY46EEIQQc457zoQQhBCEEIQQ
e8+EEIxRjFGMUXvQhBGMUpSSlJKMUYxRlJGUkpzSnNKc05zTnNOUkpzSpROlE5zS
lJKckpySnNKckpySlFGcUZRRlFGUEYwQjFCMUJyRlJGUUXuOQUUwgyhBIAAoACgA
MAAwADAAMAAwADAAMABAQEjASMBRAVFCUUNZw1GDYgSCyIMIcoZZw1FCWYJJAkDC
QMIwwSiBIEAwwlpIhBCMUZSSlNKU05zUnNSc05zTlJOMkoyTlJOMk4xSjJKMUoxR
hFKEUoRSfFJ8UXxQdBB8UXwRdBBsEGwPbBBsD2vPY89jz2vPa89jzluOU01bjluO
e897z3OOc46EEIQQhBCEEHvPfA+MUIxRjFGEEIQQjFGMUZSShBCMUIxRlJKUkpSS
nNKc0pySlFKck6TTpNOckpSRlJGUkpySnJKUkpRRlFGUUJRRjBCMEIxQjBCUkZRQ
lBCDzkmFMIMoQSAAIAAoACgAMAAwADAAMAAwADAAOEBAgEDASMFJAlFDUUNRgmIE
esh6x2pGUYNRQlFDSQFJAUDBOMEogSBAKMNiioQRjFGUkpSSlNOc1JzUnNOU05SS
jJKMkoySjJKMkoxSjFKMUoRShFKEUoRRfBF8EXwQfBF8EXQQdBBr0HQQa89rz2OP
Y49jz2PPY49bTlNNW45bjnPPe89zjmtOe9CEEIQQe89zjnOOhBCMUYRQfA97z4xR
lJGMUYQQhA+EEIxRlJKUUpRRlFGUkpRRlFGckpySlFKUUYxQlFGUUZRRjBCMEIvP
jBCMD4PPjBCED4QPlJGUkZRQi89JhjCDIEIYABgAIAAgACAAIAAoACgAKAAoADhA
QIBAgEDBQMFBAklCUUFhw3KGcoZiBVFCSQJJAUDBQMFAwTDCKIIYQCjCYsuEEIxR
lJKUkpSSlNOU05STjJKMUYxRjFGMUYRRhFGEUYRRhFGEUYxRhFGEUXwRdBB0D3xQ
fFBz0GvPa89sD2PPY89jj2PPY89jjluOW01TDVNOW057z3vPc89zjnwPjFCMUIxQ
hA97z4QQjFGMUYxQhA+MUJSRlJGUkoxRhBCUkpzSnNOc0pSRlNKc05SSlJKUkpSS
nNOUkpSSnJKUkpSSlFGUkZRRlFGUUJRRlFGUUZyRlJGUUYwQQccoxCBCGAAYARgB
GAEYARgAGAAYACAAKAAwQDiBOIE4wTiBOIBAwEkBWYNqBWoFWcRJAUDBQMFAwTjB
OMEwgSCBGEAowmtMjFGMUZSSlJKUkpSTlNOU05TTlJOMkoySjJKMUYSShFKEUoRS
hFKEkoRSfFGEUXPPdBB0EHQQc9Bjj2vQa9Brz2vOY85jz2OPW49bTltOW05TDVtO
e897z3vPc457z4QQhBCEEHvPe8+EEIxRjFGMUYQQhBCMUpSSlJKMUYQQjFGckpzS
nNKUUZSSnNOc05TTlJKUkpzTnNKc0pzSnJKUkZRRnJGUUJRQjFCMUJRQlFCUUZRR
lFGMEEHHIMMYQRABEAEQARABGAEQARABEAEQARgBKAAwQThBMIAwgTCBOMFAwVFD
WcVZxUlEQME4gTiBOIE4gTCBKEEgQCBBMQNzjYxRlJKUk5STlJKU05TTlNOU05TT
jJKUkpSSjFGMUoRRjFKMkoyShJGEUXxRfFF8UHxRdBB0EXPQa9B0EHQQdBBrz2vP
a89jjmOPY49bjluOU01bjnvPc49zjmtNe8+EEIQQhBB7z3vOhA+MUIxRjFF7z4QQ
lJGUkZSSjFGEEIxRlJKU0pSSjFGUUZzTnNOc05SSlJKc05zSnJKckpSRlFGMUJRR
lFGMUYxQjFCMUIwQlFCckZRQjBBJxyDDGEIQARABEAEIAQgBCAEIAQgACAAQASAA
KEAoQDCAMIEwgTCAMIBBAVGDUYRJQ0DCOIE4gDiAMIAwgChAIAAgQDEEe46MUZSS
lJKUkpSSlJKUkpTTlNOM04ySjJKMkoyShFGEUYRShFKEUoRSfBF0EXwRfBF8EXQQ
dBB0EGwQdBBsEGwQY9Bjj2OPW49jj2OPW45bTlMNW057z3vOc85rjXvOhA+EEIQQ
e9B7z3vPjFGMUYxRhA+ED4xRjFGMUYxRhBCMUZSSnNKUkoxRjFGc06TTnNOUkpRS
pNOckpSSlJKUUpRRjFCUUZRRlFCMEIwQjBCMEJRQnJGUUIwQSgggwxBBCAAIAQgB
CAEIAQgBCAEIARABEAEYACAAKEAwgDCBMIAwgDBAOMFJQ0kEQQM4gjCBMIAwgDCA
KEAgACAAKEE5BHvOjFGMkpSSlJKUkpSSlJKUk5STlJKMUoySjJKMkoRRhFGEUYRR
hFKEUnwRdBF8EXQQdBB0EHQQbBBsEGwQbBBr0GPQY89jz1uOW89bjluOU45TTVuO
e897z3vOa017zoQQhBCEEHvPc457z4xRjFGMUYQQhBCMUYxRjFGMUYQQhBCUkpzS
lJKMUYxRnNOc05zTlJGUkZzSnJKckpSRlJKMUYxQjFGMUYxQjBCMEIwQjA+MEJSR
jFCMEFIJKMQYQhABCAEIAQgBCAEIAQgBCAEIAQgBEAEYACAAKEEwgShAMEAoQDCA
QQNJA0DCOIEwQDBAKEAoQCAAIAAgACBBOQR7z4RRjJKUkpSSlJKUkpTSlNOU05ST
jFKMkoyShJKEUoRRhFGEkYRSfFF8EXQQdBB0EHQQdBB0EHPQc9Bz0HPQa9Br0GPP
Y89bjluPW45bTlNNUw1bTXvPe89zjmtNc457z4QQhBB7z3OOe8+EEIxRjFF7z3wP
jFGMUYxRjFGEEIQQlJKUkpSRjFGMUpzTnNOck5RSlFGckpySnJKUUZRSlFGMUZRR
jFGMUIwQjA+MD4PQjBCUkYxRjFBSiSjDGEEQABABCAEIAQgBCAEIAQgBCAEIAQgB
EAEYACABKEIgACgAKAAwQTjDOQMwwiiBIEAgABgAGAAYABgAGAAoQkFFg8+MUJRR
lFKUkoySlJKUkpSSlJKMkoRRhFKEUoRShFKEUoRRhFKEUoRSfBF8EHwQfBB0EWvQ
a9Br0GvQa9BsEGPQY89jz2PPW45jj2OPW45bTlNNU057z3vOc45zjnvPhBCEEIQQ
e89zjnvPhBCEEIQQe897z4xQjFGMUYxRhBCEEJSSlJKUkoxRjFGc05zTlJKMUYxR
lJKUkpSSlFKUUYxRjFGUUZRQjBCMEIwQjBCMD4wPlFGMUIwQWoogwxhCCAEIAQgB
CAEIAQgBCAEIAQgBCAEIARABEAEYAiBCGAEgASABIEEwgjCDKIIgQRgBGAEYARgB
GAEYARgBKEJJhoQPjFCMUoxSjFKMUoySjJKUk5STjJKMUYxSjFKMUoQShFGEUYRR
hFKEUXxRfBF8EXQQdBBr0GvQa89r0GvQa9Br0GOPY49jj1uOY49bj1uOW01TDVNO
e85zjnONa01zjnvPhBCEEIQPc457z4QQhBCEEHvPe8+EEYxRjFGEEYQQhBCUkZSS
lJGMUIxRnNKc05zTlJKMUZSSlJKUkpSRlJGMUYxQjFCMUIwPhA+ED4wPjA+MD5RR
jFCMEGLLKMQYQhABCAEIAQgBCAEIAQgBCAEIAQgBCAEQARABGAEgQRgAGAAYASAB
KIIogyiCIEEYABgBGAAQARgBGAEYASiDScd7z4wRjFKMkoySjFKMkoySlJKUkoyS
hFGEkoRShFJ8EnwSfFF8UoRSfFF8EXQQdBB0EHQQa9Br0GvQa9Br0GvQa9Bjz2OP
Y49bj2OPW49bjlNNUw1bTnOOc45zTWtNc46D0HvQfBB7z3OOe46EEIQQhBB7z3vP
hBCMUYxRjFGEEIQQlJGUkpSRjFGMUZSSnNOc0oxRjFGUkpSSlJKMkoxRjFGMEIxR
jFCMEIwQjA+MD4wPhA+UUYwRjBBizCjEGEIIAQgBCAAIAQgBCAEIAQgBCAEIAQgA
CAAQARgBGAEYABgAGAAgASBCKEIgQhgBGAEYARgBGAEQARABEAEog1HIhBCMUYxR
jJKMkoxSjFKMUoyTjJKMkoRRhFGEUYRRfBF8EXxRfFJ8UnxSfBF0EHQQdBBsEGwQ
a9Br0GvQa9Br0GOQY49jj2OPY09jj1tOW05TTUsNU05zjnOOc01rTXOOe8+Dz4PP
e89zjnOOhA+EEIQQe897z4xQjFGMUYxRhBCEEIxRlJKUkoxRjFGc05zTnNOMUYxR
lJKUkpSSlJKMUYxQhBCMEIwQjA+MEIQPjA+ED4QPlFGMEIQQawwpBBhCEAEIAQgB
CAEIAQgBCAEIAQgBCAEIAQgBEAEQARgBEAAYABAAGAEgQSBCIEIYARgBEAEQARAB
EAEIARABIINSCYQQhBGMUpSSjFKMUoxSjFKMkoyShJKEUYRRhFJ8UXwRfBGEUYRR
hFF8UXQQdBB0EHQQdBBsEGvQa9Br0GvQa9Brj2OPY49bj1tPW49bTluOU01TTVtO
c45zjnOOa01zjnvPe898EHvPc417zoQQhBCEEHvPe8+MUYxRjFGMUYQQhBCUkpSS
lJKMUIxQlJKc0pSSjFGMUZSSlFGUkpSSjFGMUYwQjBCMEIwQjBCMEIQPg8+Dz4xR
jFCMEHNNKQQYQRAACAEIAQgBCAEIAQgBCAEIAQgBCAEIAQgBEAEQARABEAEQABAB
GEIYQhhCGAEQABAAEAAQAQgBCAEIASDDWop70IRQjJGMkoxSjFKMUoxSjFOMkoRS
hFGEUYRRhFF8UXwRfBF8UXxSfFF0EHQQdBB0EGwQa89r0GvPa89r0GvQa9Bjj2OP
Y49bTluPU05TTlNNUw1bTnOOc45rTmNNa457z3vPfA97z3ONc86EEIQQhBB7z3vP
hBCMUYxRhBCEEIQQjFGUkZSRhBCMUZSSlJKUkoxRjFGUkpSSjJKUUoxRjBCEEIwQ
jBCEEIQPg8+Dz4PPg8+MEJRRhBBzTjEFGEIQAQgBCAEIAQgBCAEIAQgBCAEIAQgB
CAEQARABEAEQAQgBCAEQARgCGEIYQRBBCAEIAQgBCAEIAQgBEAEgw1qLfBCEEYxS
jFKMUoxRjJKMUoxSjJKEUoQRhFKEUoRRfBF8EXwRfBF8UXxRdBB0EHQQdBB0EGvP
a89rz2vQa9Br0GuQY49jj1uPW09bj1tOW05TDVMNU05zjnOOa01jDGuNe857z3vP
e89zTnOOe8+EEHwQe45zjoQQhBCEEIQQe8+EEIxRjFGMUYQQhBCUkpSSlJKMUYxR
lJKUkpSSlFKMUYwQhBCMUIwQjBCD0IPPg8+Dz4PPjBCUEYwQe44xRRiCEAEIAQgB
CAEIAQgBCAEIAQgBCAEIAQgBCAEIAQgBCAEIAQgBCAEYARhCGEEQAQgBCAEIAQgB
CAEIARABIMRjDHvQhBCMUYxShFGEUYRRjJGMkoxSjFKEEYRRhFF8UXQRfBF8EXwR
fBF8EXPQbBB0EHQQdBBrz2vPa89r0GvQa9BjkFuPW49bj1tOW49bTlNOU01TDVNO
c45zjnOOa0xrTXOOe897z3vPc45zjnvPhBCEEHvPe8+EEIxRhBCEEHvPhBCMUYxR
jFGEEIQQlJGc0pSSjFGEEJSSlJKUkoxRjFGMUYQQjBCMEIQQg8+Dz4PPg46DzowP
lFCMD3uOOUUgQhAAEAEQAAgBCAEIAQgBCAEIAQABCAEIARABEAEIAQgBCAEIAQgB
EAEQQRBBEAAIAQgBCAEIAQgBCAEQASkEa0x7z4QQjFGMUYxRhFGEUYxRjFKMUoRS
fFF8UYRRfFF8EHwQfFB8UXwRdBBz0HPQc9Bz0GvQa89rz2vPbBBr0GvQY9Bbj1uP
W49bT1uPW45bTlMNUw1TTXONc41rTGtMa0xzjnvOe897j2tNc457z4QQhBBzjnOO
hBCEEIQQhBB7z4QPjFGMUYxRhBCEEJSRlJKUkoxQjFGUkpSSlJGMUYxQhBCED4wQ
jBCED4PPg857z4POg86ED4xQhA97zjnGGIIQABAACAEIAQgBCAEIAQgBCAEIAQgB
CAEQAQgBCAEIAQgBCAEIARABEAEQARABCAEIAQgBCAEIAQgBEAEpBGtNe8+EEIxR
jFGEEYQRhFKEUYSRhJGEUXwQhBGEUXwQfBB8EHwRfFF8UXwRa9Br0HPQdBBrz2vP
a89jz2vQa9Bj0GPPW45bj1uPU05bjlNOU05LDUsNU01zjmtNa01jDGtNc85zz3vP
c45rTWuNe897z4QQe45zjoQQhBCEEIQQe897z4xQjFGMUYQQhBCUkpSSlJKMUYxR
lJKUkpRSlFGMEIwQg8+MEIwPhA+Dz3vOe86DzoPOg86UUIQPe85CByCCEAEIAQgB
CAEIAQgBCAEIAQgBCAEIAQgBCAEIAQgBCAEIAQgBEAEQARBBEAEIAAgBCAEIAQgB
CAEIARBBMQVzTXvPhBCMUYxRhBGEEYQRhFGEkYRRfFF8EIQRhFF8EHwQdBB8EHwR
fBF8EWvQa9Br0GvQa9Bjz2PPY89jz2PPY89jz1uOW45bjluOW45bjltOSw1LDVNO
a41rTWtMYwxrTHOOc457z3vPa01rjXvPhA+ED3POc46ED4QQhBB7z3vPe8+MUYxR
jFGEEIQQlJKUkpSSjFGEEJSSjFGMUYxRhBCEEIPPjBCED4PPg897zoPOe857zoPO
jE+ED3uOSggYghABCAEIAQgBCAEAAQgBCAEIAQgBCAEIAQgBCAEIAQgBCAEIAQgB
EAEQAQgACAAIAQgBCAEIAQgBCAEQQjFGc457z4QRjFGMUYRQhBGEEYRRhFGEUXxR
fBB8UHxRdBB0EHQQdBB0EXwRdBBr0GvQa9Br0GvQa9Bj0GPPY9Br0GPPY89bj1uP
W45TjluOW41TTUsNSw1TDWtNa01jDGMMa0xzjnvOe857zmtMc017zoPPe89zjmtN
e8+EEIQQe897z3vPjFGMUYxRhBCEEJSSlJKUkoxRhBCMUYxRjFGMUYQQhBB7z4PP
g8+Dz4PPe457jnvOe457jowQg897jkoIIIMQARABEAEIAQgBCAEIAQgBCAEIAQgB
CAEIAQgBCAEIAQgBCAEIARABEAEQAQgBCAEIAQgBCAEIAQgBGEI5h3OOc8+EUIxR
hFGEEIQQhFGEUYRShFF8UXQRfFF8EXQQc9Bz0HQQfBB0EXQQa89rz2vPa89jz2PP
Y89jz2PPY89jz2PPW49bj1uPW49bj1NOU05LDUsNU05rTWtNa01jDGtNc45zjnPO
c85rTGtNe857z3vPc45rTXvPe8+EEIQQe897z4xRjFGMUYQQhBCUUZRSlFKMEYQQ
jFGMUYxRjFGEEIQQe8+Dz4PPg897j3uOe457jnuOe46EEIPPe45aiijDEAEQAQgB
CAEIAQgBCAEIAQgBCAEIAQgBCAEIAQgBCAEIAQgBCAEQARABEAEIAQgBCAEIAQgB
CAEIARBCQghrjnPPhBCEUYRRhBCEEIQQhBCEUYRRfFF8EHwRfBF8EHPQc9B8EXwR
dBF0EWvPa89rz3PQa9Bjz2PPY89jz2PPY89bz1uOW49TTlNOU05TTVNNSw1TDVNN
a01rTWMMYwxjTHONc45zjnOOYwxrTXOOe897z3OOc457z4QQhBCEEHvPe8+MUYxR
jFGEEHwQjFGMUYxRhBCEEIxRjFGMUYQQhBCEEHvPhA+ED3vPe857jnuOe457jXuN
g8+Dz3uOaswoxBABEAEIAQgBCAEIAQgBCAEIAQgBCAEIAQgBCAEIAQgBCAEIARAB
EAEQAQgBCAEIAQgBCAEIAQgBCAEQQkpJc45zjnwQhBGEEXwQfBB8UHxQhFF8UXwQ
c9B8EXwRc9Bz0HPQdBF0EXwRc9Brj2vQa9Bz0GOPY49jz2PPY9Bj0FvPW49bTluP
U45Tj1OOU05TTksNSw1LDWtNYw1jDGMMYwxrTnOOc45zjmMMa0xzjnvPe89zjmuO
e8+EEIQQe897z3vPhBCEEIQQe897z4xRjFGMUYQQhBCMUYxRjFGEUIQQhA97z4QP
g897znuOe457jnuOe457jYPPg897jnMNKQUQQRABCAEIAQgBCAEIAQgBCAEIAQgB
CAEIAQgBCAEIAQgBCAEIAQgBCAEIAQgBCAEIAQgBCAEIAQgBGIJSSnOOc46EEIQR
hBB8EHwQfBB8EHwRfBF0EHQQfBB8EHQPc89z0HPQdBB0EWvQY89r0GvPa9Bjj2OP
Y49jz2PQY89bj1uPW45bj1uPW09TTlNNS01LDFMNUw1rTGtMYwxjC2MLc41zjXON
c45rTGMNc45zjnvPc41rTXOOe897z3vPc45zjoQQhBCEEHvPe8+MUYxRjFGEEIQQ
jFGMUYxRjFGEEIPPe8970HvPe897jnuOc41zjXuNe417zoQPc45rjjEFEEEQAQgB
CAEIAQgBCAEIAQgBCAEIAQgBCAEIAQgBCAEIAQgBCAEIAQgBCAEIAQgBCAEIAQgB
CAEIARiDWstrTmuOfBCEEIQRfBBz0HwQfBF8UXwRc9Bzz3wQfBBz0HPPc89z0HQQ
dBBsEGPPa9Br0GwQa89jj2OPY49j0GPPW49bj1NOW49bjluOU05TTVNOSw1TDVMN
a0xrTGMMWstay2tNa41zjXOOYwxrTHOOe457z3OOa017z3vPe897z3OOc457z4QQ
hBB7z3vPjFGMUYxRhBB7z4xRjFGMUYQQhBB7z3vOg8+Dz3uPc45zjXONc41zjXON
e42Dz3NNc005hhBBEAEIAQgBCAEIAQgBCAEIAQgBCAEIAQgBCAEIAQgBCAEIAQgB
CAEIAQgBCAEIAQgBCAEIAQgBCAEgxGMMc45zTnwQfBB8EHPPc8970HwQhBB8EHPQ
c898EHwQdA9zz2vPdBB0EXQRa9Bjj2PPY89r0GOPY49jj2OPY89jz1uPW45bjluO
U45TjlNOU01TTUsMU01TDWMMYwxbDFrLWstrTWtNa45zjmMMY01rjnPOc85rjWtN
c457z3vPe897jnOOhBCEEIQQe897z4xRjFGMUYQQhBCMUYxRhBGEEIQQe89zjnvP
e89zjnOOc05zTnNOc41zjXONe89zTXNNSgkQQQgAEAAIAQgBCAEIAQgBCAEIAQgB
CAEIAQgBCAEIAQgBCAEIAQgBCAEIAQgBCAEIAQgBCAEIAQgBKQRrDGuOa0170HwQ
fBBzz3PPc898EHwQfBBzz2vPdBB0EGvPa89rz2wQdBB0EGwPY85rz2PPa89jj2OP
Y49jj2PPY89jj1uOW05bjltOU05TTksNS01LDEtNSw1jDGMMYwtay1rLa01rTWtN
a01jDGMMc41zjnOOa01jDHOOc85zz3PPc85zjnvPhBCEEHvPe8+EEIxRjFGEEIQQ
jFGMUYxRjFGEEHvPc457z3vPc45zjXNNc01rTXNNc01zTYPPa0xrTVJJEIIIAQgB
CAEIAQgBCAEIAQgBCAEIAQgBCAEIAQgBCAEIAQgBCAEIAQgBCAEAAQgBCAEIAQgB
CAEIATFGY01rTWtNe898EHwQc89zz3QQfBB8EHQQdA9rz3QQdBBrz2vPa890EHQQ
dBBrz2OOa49rz2vPY45bjmOOY49jj2OPW49bjlNOU49TTlNOU05TTlNNSw1LTUsN
YwxjDGLLWspay2tNa01rTmtNWsxjC2tNc45zjmtNYwxrjnPPc85zz2uOa057z3vP
hBB7z3OOhBCMUYxRhBB8D4xRjFGMUYQQhBB7z3OOe857z3vPc45zTnNNc01zTXNN
c02DzmtMawxayxiDCAEIAQgBCAEIAQgBCAEIAQgBCAEIAQgBCAEIAQgBCAEIAQgB
CAEIAQgBCAEIAQgBCAEIAQgBCAFByGsNa01rTXPPfA98EHPPc89z0HwQfBB0EGvP
a890D3PQa89rj2vPa9B0EHQQa89jjmvPY89jz1uOW45bj2PPY49jj1uOW05TTlOP
U05TTlNOUw1LDUrMSw1LDGMMYwxjC1rLWstrTWtNa01rTVrLWstrTXOOc45rTWMM
c457jnPOc85rjWuNe897z3vPe89zjoQQhBCEEIQQe8+MUYxRjFGEEHvPe89zjnuO
e45zjnNNa01rTHNMc0xzTXNNe45rDGsMYswggwgBCAEIAQgBCAEIAQgBCAEIAQgB
CAEIAQgBCAEIAQgBCAEIAQgBCAEIAQgBCAEIAQgBCAEIARABUkljDGMMYwx7z3QP
c89rznPOc8970HQQc89rz2uPc89zz2uPY49jj2vQa9Br0GOPW45jz2PPY89bj1uO
W45bj1uPW45bjlNOU05TTlNOU05LTUtNS01KzFMNUs1jDFrLWstaylLKYwxjTWtN
a01ay1rLYwxrTXOOa01jDHONc45zjnOOc41rTXvPfA98D3POa46EEIQQhFF8EHvP
hBCEEIQQhBB7z3vPc457znOOc45rTWtNa0xrTHNMa0xrTHONYwtizGMMKMQIAQgB
CAEIAQgBCAEIAQgBCAEIAQgBCAEIAQgBCAEIAQgBCAEIAQgBCAEIAQgBCAEIAQgB
CAEQQlrLYwxjDFsMc890D3PPa45rjnPPdA90EHQPa49jj2vPa89jjmOOY45rz2wP
Y9Bjj1uOY49bz2OPW45bT1uPW49jj1uPW05TTlNOU05LTlNOS05LTUsNQsxLDUsN
WwtbC1rLUopSimMLYwxjTGtMWwtay2MMa01rjWNMWwtrTXOOc45zjmtNa01zz3wP
e89zjnONhA+EUIRRfA97z4QQhBCEEIQQe897z3OOc45zjnOOa01rTWsMa0xrTGtM
a0xzjWMLYwtrDDGGCEEIAQgBCAEIAQgBCAEIAQgBCAEIAQgBCAEIAQgBCAEIAQgB
CAEIAQgBCAEIAQgBCAEIAQgBGINjDGMMWwxbC3POe89zz2uOa45rj3PQc9Brz2OP
Y45rz2vPY45jjmOOa89rz2vQY49bTmOPY49jj1tOW05bj1uPW49bj1NPU05TTlOO
U05TTksNSw1LDULMSw1CzFsLWstSylKKSopjDGMMY0xjDFrLWstjDGtNa01jDFrL
Y0xrjnOOc45rTWMMe897z3vPc45rTXvPhBCEEHvPc46EEIQQhBCEEHwQc89rjnOO
c45zjmtNa01rTGtMa0xzTWtNc01jC1rLYwtByBBBCAEIAQgBCAEIAQgBCAEIAQgB
CAEIAQgBCAEIAQgBCAEIAQgBCAEIAQgBCAEIAQgBCAEIATFFYsxbDFrLWstzz3PP
c89rjmuOc85zz3PPa49jjmOOa89rz2OOY45jjmvPa89rz2OOW05jj2OPY49bTVtO
W05bj1uPW49Tj1NOU05TT1NOU05LDksNSw1CzEsMSwxay1rLWstSilKKYwxjDGMM
YwxSilLKYwxrTWuNYwxay2MMa05zjmuOa01jDXOOe457z3OOa42Dz4QQhBB7z3PP
hBCEEIQQhA97z3uOa45zjnOOc45rTWtNa01rDGtMc0xrTGtMYspaylrLUkkQQQgB
AAEIAQgBCAEIAQgBCAEIAQgBCAEIAQgBCAEIAQgBCAEIAQgBCAEIAQgBCAEIAQgB
EAFCCGMMWstSilKKa45zj2uPY05jjmuPa89rz2uPY45jjmvPY89bjltOW45jj2PQ
Y89bjlNNW45bjluPU05TTlNPW05bjluOU05TTUsNU05TTlNOSw1LDUsNSsxLDUrM
WstSylKKSklSiVrLYwtjDGMMUopSilrLY0xrTWMLWstjDGtNa01rTWtMYwxzjXPO
e89zjmtNe8+ED4QQc89zjoQQhBCEEIQQe89zjmtNc45zjnOOa01rTWtMYwxrTWtN
Y01rTVrLUopaylqKGMMIAQgBCAEIAQgBCAEIAQgBCAEIAQgBCAEIAQgBCAEIAQgB
CAEIAQgBCAEIAQgBCAEIARABWspay1rLSopSimuOa85rjmNNY41rjmvPa89rjltN
Y01jjmOOW01bTVuOY49jz2OPW05TTVuOW45bjUtNU01TjlOOU49TTlNOS01LDVNO
S01TTksNSw1LDULMSsxCzFrKWopSilKJSklay2MLWwtjDFKKUopay2MMa01jC1rK
YwtrTWtNa01rTWMMc45zjnPOa01jTHPPe8970HOPa058D3wQfBB7z3vPc45rTWuO
a45rTWNNYwxjDGMMawxrTGtMY0xSilJJWopaijFGCAEIAQgBAAEIAQgBCAEIAQgB
CAEIAQgBCAEIAQgBCAEIAQgBCAEIAQgBCAEIAQgBCAEgw1sLUspSykJISoljjWuO
Y41bTVtNY45jjmOOY45bTVtNY45bjlMNU01bTmOPY49jjltOUw1bjluOW05LDUsN
U01TTlNOU05LDkMNSw1LDUsNSw1CzErMQotCy0LMQoxSilKKSklKSUpIWspbC1sL
WstSilKJWstjTGMMYstSilrLYwxrTWtNY0xay2tNc41zjmNNYwxzjnvPe89zjmuN
e897z3vPe89zjmtOa01rTWtNa01jDGMMYwxiy2MLa0xrDGsMUopKSFKJUopKCBBB
CAAIAQgBCAEIAQgBCAEIAQgBCAEIAQgBCAEIAQgBCAEIAQgBCAEIAQgBCAEIARAB
OYday1KKUopCCFKKY01jTWNNUwxbTVtNY45jjmOOW01bTGONW01TDFMMWw1bTluO
W45TTUsNU01TTksNSwxLDFNNS01LDUsNSw1DDEsMSwxKzErMQotCy0KLOopCy0KK
UopSilKKSklKSVLKWspaylrLUopKSVKKWstbC1rKUolaymMMYwxjDGMMWstrTWuN
a01jTFsLc85zznPOa41rTXPPe897z3PPc45rTWMMa01rTWMMYwxjDGMMYwxjDGtN
YwxjDFKKQgdSSVJJUooYwwgBCAEIAQgBCAEIAQgBCAEIAQgBCAEIAQgBCAEIAQgB
CAEIAQgBCAEIAQgBCAEQQVKJWopKSUpJOcdKimNMY01bTFLLUwxbTVtNW01TTFMM
UwxbTVMMSstKy0sMU01TTlNNSwxKzFMNUw1SzUrLSstKzEsMSwxKzELLQstCy0LL
QstCizqKOoo6SjpKQko6SkpJSklKSUIJQghSiVqKWopailJJSglSilrLWstaikpJ
UopjC2MLYstay1KKYwxjDGtNYwxay2tNc45zjmtNYwxzjnOOc45zjmtNaw1jDGMM
a01jDFrLWstay1rLYwtjC2MLWspSiTnGSkhSSVKJOYYIQQgBCAEIAQgBCAEIAQgB
CAEIAQgBCAEIAQgBCAEIAQgBCAEIAQgBCAEIARABKQVailJKSglCCDGGSklbDFsM
UwtKy1LLWwxbTFsMUwtKy0rLUwxKy0qLSopKy1MMUsxTDErLSstKy0rLQspCikKK
QotCi0KLQotCSjpKOkpCijpJOkoyCToJOgk6CDpJMghKSUpJSkhCCEIISklKSVKK
UopKSUIISklSilKKUolKSFKJWspaylrLWspSiVrLYwxjDFrLWoprDGtNa01jDFrL
a01zTWtNa01jTWMMWwtjDGMMYwtaylrKWspaylrKWspay1rLUokxhUIISghSSVJJ
EIEIAAgBCAEIAQgBCAEIAQgBCAEIAQgBCAEIAQgBCAEIAQgBCAEIAQgBCAEQQTnH
Qgg6B0IHQcYxRUpJUstSy1LLSolKikrLUstSy0rKQopKikqKQolCSUJJSopKi0qL
SotCikJKQopCiUJJOkg6STpJOkk6STpJOgkyCDoIOggyCDIIKcgxyDHIMYcxxzGH
QghCCEHIOcc5xkJISkhKSUpJQghCCEoIUklKSUpIQghKSVKKUopSilJJSglSilrL
WstSiUpJWstjC2MLWspSimMMYwxjDGMMWstay1LKWstay1KKUolSiVKJUolSilKK
UopSSUpIMUVBxknHSghKCTFGCAEIAQgBCAEIAQgBCAEIAQgBCAEIAQgBCAEIAQgB
CAEIAQgBCAEIARABIMM5hjnGMYU5hjGFMURCCFKJUopKiUJJQklKSUqJSolKSUJI
QkhCSToJOgg6CEIJQglCSUJJOgk6CDoJOgg6CDIHMcc5xzHIMccxxynHKccxxzHH
KYcphymHKYYphimGKUYpRkHHOcY5xjmGOYZBx0IHQghCCDnGOcZBx0oISghBxznH
QgdKSUpISkhKCEHHUklSiVKJSkhKCFKJUolSilJJSklSilrLWspaylKKUopKSVKK
UolSSUpIUkhSSEpISkhKSEpJSkhKCDmFOYVBhkHHSghByBCCCAAIAQgBCAEIAQgB
CAEIAQgBCAEIAQgBCAEIAQgBCAEIAQgBEAEYQjEFMUU5hTFEMUUxRDFFQchKCUpJ
QghCCEIIQghCCEIIOgc5xzoIOggxxzHHMccxxzoHOcc5xzHGMcYxxzHHKYYxhjGG
MYUphimGKYYphilFKUUpRSlEKUUpRSEFIQUhBCEEIQQ5RTlFMUUxRSlEOYU5xTmF
OYYxRTFFMYY5hznGOYYxhTmFQcdBx0HHQYY5hkHHSghKCEIHQcZKB0oHSghKCEIH
SkhKSEpISkhKSEoIQgdKCEoHSghBx0IIQgdBx0IHSgdKB0oHQccxRTFEOYU5hUHH
QccxRRBBCAEIAQgBCAEIAQgBCAEIAQgBCAEIAQgBCAEIAQgBCAEIARBBIMMxRDGF
OYUpRClEMUQ5RDmGQcdBxznHMccxxjnGOcc5xzGGMYYxhjGGKUUpRSlFKUUpRSlF
KUUpRSlFKUUpRSlFIQQhBCEEIQQhBCEEIQQhBCEEIQQgwyDDGMMYwxjDEIIYwxjD
KQQpBCkEIQQhAzEEMQQxBDEEMQMpAzEEOUUxRDEEMQQxRDlFOUUxRTFEKUQxhTmG
OYUxRDFEOUU5hTmFMYUxRTmFOYY5hjmFOYU5hTmFOYU5xTmFMUU5hjmFOYU5hTmF
OYU5hTlFMUUpBDFFMUU5hjmGMUUgxAgBCAAIAQgBCAEIAQgBCAEIAQgBCAEIAQgB
CAEIAQgBCAEYwyEDKQQxRDFEKQQpRClEKUQpRDFFMUUxRClEKUQxRSlEKUQpAyEE
IQQpBCEDIQQhAyEEIQQhAyEDIMMgwyDDIMMgwxiDGMMYwhjCGMIYwxjDGMIYwhiC
GIIYghiCGIIYghCCEIIQgijDKMMowyiCKMIowyjDKMMowiDCKMIowijDKQIpAyDC
KQMxAzEDMQMxAykDMUMxQzFDMQMpAzEEMQQxRDEEMQQxRDFEMUQxRDFEMUMxAzED
MQQxBDEEMQQxBDEEMQQxBDEEMQQxAykDKQMxBDEEOUQxRDEEKMMggxABCAEIAQgB
CAEIAQgBCAEIAQgBCAEIAQgBCAEQARiDIMMhAykEKQQpBCkDKUQpAykDKQMpAykD
KQMpAykDKQMpAykDKQMpAiDDIQMgwyDDIMMgwyDDIMMgwyDDIMMgwyDDIMMgwyDD
IMMgwyDCIMIgwhjCGMIYghiCGIIYghiCGIIYghiBGIEogiiCKIIogSiBKMIowijC
KMIowijCKMIowijCKMIowSjCKQIowijCKMIowikCKQIpAikCKMIowjDCMQMxAjEC
MQMxAzEDMQMxAzEDMMIwwjDCMMIowijCKMIowijCKMIogSjCKMIgwikDKQMxAzED
MQMowiCCIIIgghBCCAEIAQgBCAEIAQgBCAEIAQgBCAEIARABGIIgwyDCKMMpBDEE
MQQxAzEDMQMwwijCKMIowijDKMIowyjDKMIowyjDKMMowyjDKMMowyjDKMIowyjD
KMMowyDDIMIgwiDCIMIgwiDCIMIgwiDCIMIgwRiCGIIYghiCGIIYghiCGIIYQhiB
KMIogiiBKIIogiiCKIIowijCKMIowijCKMIowijCKMIowijDKMIowijCKMIowjDC
MMIwwjDCMMIwwijCMMIxAzECMMIxAjECMQIxAjECMQIxAjDCMMIowijCKMIowiiC
KMIowijBKMIowjEDMQMxAyjDKMIowikDKMIowhiCEEEIAQgBCAEIAQgBCAEIARAB
GIIgwyDDIMMgwikEMQQ5RTEEMQMxAzEDMQIowzDDMMMowyjCKMMowykDKQMpAyjD
KMMpAykDKQMpAyjDKQMowyjDKMMowyDDIMMgwyDDIMMgwyDDIMMgwiDCIMIgwhiC
GIIYghiCGIIYQhiCGIEYgSCCIIIggiCCIIIggiCCIIIggiDCIMIowijCKMIowijC
KMIowijCKMIowyjCKMIowijCKMIwwjDCMMMwwzEDMQMxAzEDMQMxAjEDMQIxAjED
MQMxAzEDMMIwwjDCMMIwwiiCKMIowijCKMIwwzEDMQMwwyjCMQMwwyjDKMMpAylE
KQQgwxiCGIIYghiCIMMgwykEKQQpBCkEKMMxBDlGQYUxBDEEMQMxAykCMQIxAzED
MQMxAikDKQMxAykDKQMpAyjDKMMowyjDKQMpAijDKMMowyjDKMMogyDCIMIgwiDC
IMIYwiDCIMIgwiDCIMIggiCCGIIYghiCGIIYgRiCGIIogiiCIIIggiCBKIEowSjB
KMEowSjBKMIowijCKMIowijCKMIowijCKMIowijCKMMowijCKMIowijDKMIwwzDD
MQMxAykDMQIxAjECMQIxAzEDMQMwwjDCMMIwwijBKMIowijCKMIowijCKMIpAijC
KMIowjECOUQxRDFEKQMhAiDDIQMpBCkEKQMpAyDDIMMgxCkEKQQpBCkEKMMpAykE
KQMxAzEDMQMxAzEDMQIxAjECMQIxAikCKQIpAykDKQMpAykDKQMowijDKMMowijC
KMIgwijCKMIgwiDCIMIgwiDCIMIYwiDCIMIgwiDCIMEYwhiCGIIYghiCGIIYQhiC
KIIogiCCIIIggiCCIIIggiCCIIIogiiBKIIowiiBKMIowijCKMIowijCKMIowijC
KMIowijCKMIowijCKMIwwjDCMMIwwjDCKMIowijCKMIowijCKMIowijCKMIowijC
KMIowijCKMIowijCMQIowijCKMIowijCKMIggSCCIMIpAylEMUQxAykEKQQgwyDD
KQQpBCkEKQQhBCEEIQMhAylDKQMpAzECMQIxAzEDMQMxAzEDMQIpAykCKQIpAykD
KQMpAykDKQMpAykDKQMgwijCKMIowijCIMIgwiDCIMIgwiDCIMIgwSCCIIIggiCC
IIIYghiCGIIYghiBGIEYgiiCKIIogiiCIIIogiiCKMIowijCIMIowijCKMIowijC
KMIowSjCKMIogijCKMIowijCKMIowijCKMIowijCKMIowijDKMMowijCKMMowyiC
KMIowiDCKIIowjDCKMIowSjCKMIogiCCIIIggijDKMMowyjDIMIgghiBGIEYgSDC
IQIpAjFDMUMxQzEDKQMgwyDDIMMgwykDKQQpBCkEKQQpAykDKQMpAikDKQIpAikC
KMIowijDMMMowyjDMQMpAyjCKQIpAykDKQMowyjDKMMowijCKMIowijCKMIgwiDC
IMIgwhjCIMIgwiDCGMIYghiCGIIYghiCEIIYghiCGIIggSCBIIEogSCBKIEogSiB
KIEowijCKMIowijCKMIowijCKMIowijDKMIowijCKMIowijCKMIowijCIMIgwijC
KMIowijCKMIowijCKMMogijCKMIowijCKMIowjDDKMIowijBKIEogSCBIIEowijC
KMMggiCCGIEYQRBAGIEowijCIMIowiECIQIhAyEDGMIYwiDCIMMgwykEKUQpRClE
KQMpAykCKQIowijCKMIowijCKMIowyjCKMMowijCKMIgwijCKMMowyjDKMMowyDD
IMMggiDCIMIgwiDCIMEggiDCIMIgwiDDIMIggiCCIIIYghiCGIIYghiBEIEYgRiB
IIEggSCBIIEggSCBKIIogiCCKIIggSiBKMIogSiBKMIowijCKMIowijCKMIowzDC
KMIowijCKIIggSCBIIIggiDCKMIowijBKMIowikCKMIowijCKMIowijCKMIowijC
KMIowSjBKMEogSiBKMIowiDCIIIggRiBGEEYQRhBGIIgwiDDIMMgwyDDIQQYwxiC
GIIYgiDDIMMpBCkEKUQpBCkDKMMowyjDKMMowyjDKMMowijCKMIowijDKMMowyjD
KMMowyjDKMIowijCKMIgwiCCIMIgwiDCIMIgwiDCIMIgghiCGIIYghiCGIIYghiC
GIIYghiCGIIYgRiBGIEYgSCBIIEggiCBIIEggSCBIIEogiCCIIEggSCBIMEggSCC
IIIggiCCKMIowijCKMIowijCKMIowiiBIIEggSCCKMIowijCMMIowijCKMIowijC
KMIowijCKMIowijCKMIowijCKMIowSDBIMEogSDCKMIgghiCGIIYQRhBGEEYQRhB
GIEYgRiBGIEYgRiBGIEYghjCGMIYgiDDKQQpBCkEKQQpAyjCIMIgwSjCKMIowijC
KMIowyjCKMIowijCKQMowijCKMIowijCIMIgwiDCIMIgwiDCIMIgwiDCGMIgwiDC
IMEgghiCGIIYghiCGIIYghiCGIIYghhCGIEYgRiBGIEggSCBIIEggSCBIIEggSCB
IIIggiCCIIIggiiCIIIggiCCIIIgwiDCKMIowijCKMIowijCIIEggSCCIIIgwijC
KMMowikCKMIowijCKMIowijCKMIowijCKMIowjDCKMIowijCKMIgwSDBIMIgwiCC
IIEYgRiCGIIYQRiCGIEQQBAAEAAQABAAEEEQQRBBEEEYghiCGMMhBCEEKQQpBCkD
IMMggiCCIIIgwiDCIMIgwiDCIMIpAijCKMIowijCKMIpAikCKQIpAijCKMIgwiDC
IMIgwiDBIMIgwiDCIMIgwiDCIMIgwSDCGMIYwhiCGIIYghiCGIIYghiCGIEQgRBB
IIEggSCBIIEggSCBIIEYgSCBIIIggSCCIIEggSCBIIEogiCCIIIggiCCIIIggiDC
IMIgwiDCIMEgwijCKMIowijCKMIowijCKMIowijCKMIowijCKMIowijCKMIowijC
KMIowijCKMIgwijCKMEggSCBGIEYgRiCGIEQQRBBEEIQARBBCAAQARABEAEQARBB
GIIYwhjDIMMgwyEEIQMowiDBIMEgwijCKMIowijCKMIowijCKMIowijCKMIxAikC
KQIpAikCKQIowiDCIMIgwijCIMIggiDCIMIgwiDCGMIgwiDCIMIgwyCCIIIgghiC
GIIYghiCGIEYQhhBEEEQgSCBIIIggiCCIIIggiCBIIEggSCBIIEggSCBIIEggiCB
IIEggSCBIIIggijCKMIowijCMMIowijCKMMowiiCKMIowijDKMIowijCKMIpAyjC
KMIowiDBKMIowijCKMIowijBKMEgwSCBIIEggSCBIIEYgRiBGIEYQRhBEEEQQRBB
EEEQQQhAEEEQQRBBEEEQQRhBGIIYgiDDIMMgwyDCIIEgwSjCIMIowijCKMMowijC
KMIowijDKMMpAykDKQMpAyECKMMowyjCKMIowijCIMIowiDCIMIgwiDCIMIgwiDC
IMIggiCCIIIggiCDGIIYghiCGIEYghiCGIIYgRiBGEEggSCBIIEggSCBGIEYwRiB
GIEggRiBGIEggSDBIIEggiCCIIIggiiCKMIowijCKMIowijCKMIowijCKMMowyjD
KMIowijCKMIowijCKMIowijCKMIowijCKMIowSjBKMEgwSDCIMEggSCBIIEggSBB
GEEYQRhBGEEQQRABEAEQQRBBEEIQQRBBEEEQQRBBEEEYQRhBGEEggSCCIIEYgSCB
IIEgwSjCKMIowyjDKMMowyjCKMIowjDCKQMowikCKMIowijCKMIowijCIMIgwiDC
IMIgwiDCIMIgwiDCIMIgwiDCGMIYghiCGIIYghiCGIIYghiCGIIYghhCGIEYgRiB
IIEggSCCGIEYgSCBIIEggSCBIIEggSDBIIIggiCCIIIggiiCKIIogijCKIIowijC
KMIowijCKMIogijCKMMowijCKMIowijCKMIowijCKMIowijCKMIowijCKMIowijB
IIEggSCBGIEggRiBIEAYQRhBGEEYQRhBGEEYQRBBEAEQQRBBEEEQQRBBEEEQQRhB
GIEYgRiBIIEggSBBIIEgwSDCKMIowijCKMIowijCKMIowijDKMIowijCKMMowijC
KMIgwiDCIMIgwiDCIMIgwiDCGMIgwiCCIIIYgRiBGIEYghiCGIIYghiCGIIYghiC
GIIYghiCGIIYgRiBGIEYgSCBIIEggSCBIIEggSCBIIEggiCCIIEggSDBIIIggiCC
KIIogijCKMIowijCKMIowijCKMIowijCKMIowijCKMIowijCKMIowijCKMIowijC
KMIgwiDCKMIogiiCIIIggiCCIIIggSCBIIEggRiAGEEYQRhBGEAYQBhAGEAYQBiA
GEEYgRiBGIEYgRiBGIEYgRiBGIEYQCBAIIEggSiBIIEgwiDCIMIowiDCIMIowijC
KMIowiiCKMIowijCKMIowiDCIMIgwiDCIMIgwiDCIMIgwiDCIIIggiCCIIIggiCC
IIIggiCCIIIggiCCIIIgghiCGIIYghiBGIEYgRiBGIE=
END m9
frame    19 :  a glass with tea -0.26  an empty glass -0.38   led   0/255 h0.00 lvl-0.32   -
frame    20 :  a glass with tea -0.58  an empty glass -0.64   led   0/255 h0.00 lvl-0.61   -

snapshot  : frame 21, mean RGB 112 109 109
BEGIN m9 128 128 32768 f9409689
UkdKBlrJa0prS2tLY0tayXONfA+ET4QPc45zz4xRlJGUkYxRhBCMUZSSlNKc05zT
nNOc05TSlJKdFKUUnRSU05zTnROdFKVUnVSdE5UTpVSlVKVVnROdE6VUrVWtVa1V
pVSdFK2VrZWtlaVVpRSlVK2VrZWtlq2WpVWlVZ1VrZatla2VrZalVaVVrZWlVa2W
rValVaVVpVWtlq2WrZalVZ0UpVWlVaVVnRSVFJ0VnVWlVZ1UlROVFJ0UnRSdFJ0U
lRSM05TUlNSU05TTjJKM04STjNOM04zTjNOMkoSRhJGEkYSShFF8UXwQfFF8UXxR
fFB0D3QPdBB0UHQPa89rjlJISgdiymsLawtjS2MLWstzjXwPhBCED3vOe86MkYyR
lJGMUYxRjFGUkpTTnROdE50TnNOUkoySnRSlFKUUnNOc05zUpRWlVaVUnRSU06VV
pVWlVZ0UnROdFK1VrVWtVaVUnRStVa2VrZalVaUUpVStla2VrZatlqWWpVWdFK1V
rZatlq2WpVWlVa1VrVWtlq2WpVWlVa2VpVWtlqVVpVWdFKVVpVWlVZ0UnRSdFZ1V
pVWdFJzUnRSdFZ0VnRWVFJUUlNSU1JTUlNSU04zTjNOM04zTjNOM04zThJKEkoRS
hFKEknxRfFF0EXxRfFF0EHwQc9B0EHQRdBB0EGvPY45SSEIHWslrS2tLa0xjC1rK
c42ED4QQhA9zjnvOjFGMUZSShFGEUYxSlJKU05zTnNOc05TTlJKMkpzTpRSlFJzT
nNOlFKVVpRSlVJ0UlNOlFKVUpVWdFJ0UnRStVa2VrZWtVaUUrVWtVa2WrVWlFKVU
rZWtlq2WrZatVqVVpVWtVa2WrZatlqVVpVWlVaVVrZatlqVVpVWllq2WrZallqVV
nVWlVaVVpVWdFJ0UnRWlVaVVnRWc1J0UnRSdFJ0UlRSU1IzTlNSVFJTUlNOM04zT
jNOM04zTjNOM04yThJKEkoSShJJ8UnxSdBB8EXxRfBF8EWvPdA90EHQQc9Bzz2uO
UkhKB1qJawtrS2NLYwtaynONhA+MUIQQc45zjoxRjFGUkYxRjFGMkZSSnNOc05zT
nNOc05SSlJKc06UUpRSc05zTpRSlVKVUpVSdFJ0TpVSlVKVVnRSc06UUrVWtVa1V
rVWdFK1VrZWtla1VpRStVa1VrZWtlq1WpValVZ0UrVatlq2WrZalVaVVpZatVa2W
rZalVaVVpVatVq2WrValVaUVpVWlVaVVpRSdFKUVpVWlVZ0UnNSdFJ0UnRSdFZUU
lNSU05TTlNSU1IzTjNOM04zSjNOM04zTjNOEkoSShFKEkoSSfJJ8UXQQfFF8UXQR
dFFr0HQQdBB0EGwPa85jzlpISgZaiWsLa0xrTGNLWwpzjYQPhFCEEHPOe86MUIyR
lJKMUYRQjFGUkpzTnNOc05zTnNOUkpSSpNOlFKUUnNOc06UUpVWtVaUVnRSc06UU
pVWtVZ0UnRSlVK1VrVWtlaVVnRStVa2VrZatVaUUrVWtVq2WrZatlq1WpVWlFa1W
rZatlq2WrVWlVa1VrVWtlq2WpVWlVaVVrVWtlqVVpVWdFKVVpVWlVZ0UnRSlFaVV
pVWdFJTTnRSdFJ0VnRWVFJUUjNSU1JTUlNSU04yTjNOE0ozTjNOM04TThNKEkoSR
hFGEkoSRfFF0UHxRfFF8EHxQc890D3QQdBBr0GvPY45aiEoGWolrS2tLa0xrS2MK
c42ED4wPhBB7z3vPjJGMkZSSjFGMUZSSlJKc05zTnNOc05TSlJKUkqUUpRSlFJzT
nNOlFKVVpVWlVZ0UnNOlFK1VrVWlFJ0UpRStVa1VrVWlVaUUrVW1VbWWrVWlFKVV
rVW1lrWWrZatlqVVpRWtVq2WrZatlqVVpVWtVa1WtZatlqVVpVWllq2WrZatlqVV
nRWlVaVWpVWdFZ0UnVSlVaVVnVSU050UnRSdFJ0UlRWVFIzUlNOVE5TTjNOM04zT
jNOM04zTjNOEk4SShJKEkYRRjJKEUYRRfBB8UHxRdFF0UWwPbBB0EHQQdA9rz2vO
WolKB1qKa0xrS2tMa0xjC3ONhBCMEIQQe857zoxRlJGUkoxRjFGMkpTSnNOc05zT
nNOc05TSlJKlFKUUpRSc05zTpNOlFKVUpVWdFJzTpRSlVa1VpRSdFKUUrVWtVa1V
pVWlFK2VrZWtlq1WpRSlVa2VrZa1lq2WrZatVaVVrZatlq2WrZallaVVrVWtVa2W
rZalVaVVrZatlq2WrZalVaVUpVWlVaVVnRSdFKVVpVWlVZ0UnROdFJ0UnRSdFJ0U
lRSM05TTlNOU1IzTjNOM04yTjNOM04zTjNKE0oSSfFGEkYSShFF8UXQQfFB8UXQR
dBBrz3QQdBB0EHPQa89jjlqJSgdaiWtLc0xrTGtMYwtzjYQPhBCEEHvPe86MUZSR
lJKMUYQRjJKU0pzTnNOdE50UnNOU05SSpRSlFKUUnNOc06UUrVWlVaVVpRSdE61V
rVWtVZ0UnRSlFK2VrZWtVaVVpRStVa2VtZatVaUUpVWtlq2WtZatlq2WpVWlVa2W
rZatlrWWrVWtVa2VrZatlq1WpVWlVaWWrZatlqWVpVWdVaVVpZWlVZ0VnRSlVaVV
pVWdFJzUnRSdFZ0VnRWdFZUVjNOU1JUTlNOU04zTjNOMkozTjNOM04TShJKEkoRR
hFKEknxRfFF8UHxRfFF0EHQQa890D3wQdBBrz2vPY45iiVJIYspzTHOMc0xrTGML
c42ED4QPhBBzznvOjFGUkZSSjFGEUIyRlNKdE5zTnROc05zTlJKUkqUTpRSlFJzT
nNOlFKVVpVWlVZ0UnNSlVaVVrVWdFJ0TpVStlbWWrZatVaUUrVWtlrWWrZWlVKVV
rZatlrWWrZatlqVVpRWtlq2WrZa1lq1VrVWtVrWWtZa1lqVVpVWlVq2WrZatlqVV
pVWtVaVVpVWlFJ0UpVWlVaVVnRSc1J0UnRSdFZ0VnRWdFJTTlNSVFIzUlNOM04zT
jNKM04zTjNOMk4SThJKEUoSShJJ8UXxRdBB8UXxRfFF0UGvPdA90EHQQa9Brz2OO
YslSSFrKc0xzjGuMa0xjDHONhA+ED4QPe857zoxRlJGUkoxRhFGMkpTSnNOc050T
nNOc05TSlJKlFKUUpRSc05zTpRStVa1VrVWlFJ0UpVWtVa2VpRSdFKVUrVWtlq2W
rVWlFLVVtVW1lq2VpVSlVa2WrZa1lq2WrZalVaVUrZatlq2WtZatVa1VrVWtla2W
rZalVaVVrVWtlq2WrZalVaVVrVWtVq2WpVWlFKVVpVWlVZ0UlROdFJ1UpVWdFZ0U
lRSU1JTUlRSVE4zTjNOM04zTjNOM04zTjJOMkoSShJGEkYSShJF8UXQQfFB8UXQQ
dBBrz3QPdBB0EHPPa85jjmMKUkhiynOMc4xrTGtMawtzjYQPhBCEEHvPc46MUZSR
lJKMUYxRlJKU0pzTnNOdE50TnNKc0pSSpROlFKUUlNOc06UUrVWlVaVVpRSc061V
rVWtlaUUpRStFK1VtZa1lq1VpRStVbWWtZatVaUUrVW1lrWWtda1lq2WrVWlFLWW
tZa1lrXWrVWtVa1VrZWtlq2WpVWlVa1VrZatlq2WpVWlVK1VrVWtVaVUnRSlVaVV
pVWdFJUUnRSdVZ1VnVSdFJUUlNSVFJUUlRSU1IzTlNOM04zTjNOM04zTjJOEkoRS
hFKEknxRfFF0EHxQfFF0UHRQbA90EHQQdBBzz2uPY45jClJIYwpzjHPMc41rjGtM
c42EEIRQjFB7z3vPjFGUkpTSjFKMUYySlNOdE5zTnROdE5zTlNOU0qUUpRSlFJzT
nNOlFK0UrVWtVaUUnNOtVa1VrZWlFKUUrVW1lrWWtZatVaUUrZW1lrWWtVWtFK1V
tZa1lrWWtZa1Va1VrRS1lrWWtZa1lq1VrVWtVa2VtZa1lq1VrVWtVq2WrZatlqVV
pRWlVa1VrVWlFJ0UpVWlVaVVnRSdE50UnRSlVaVUnRSdFJTTlNSVFJTUlNOM04zT
jNOM1IzTjNOM04zShJKEkYSRhJJ8kXxRdBF8UXxRdBF0EGvPdBB0EHQQdA9rz2OO
awxSiWMKc41zjXONa41rTHONhBCEEIQQe897z4xRlJGUkoxRhFGMkpTTnNOdE50T
nROc05TSlNKlFKVUpRSc05zTpRStFK1VrVWlFJzTrVWtVa1VpRSlFK1VtZa1lrWW
rVWlFLVVtZa1lq1VpRStVbWWtZa1lrWWtVWtVa1UtZa1lrWWtZatVa1VrVWtlbWW
tZatVa1VrVatlq2WrZalVaVVpVWtVa1VpVSdFKVVrVWlVZ0UnNOdFJ0UpVWlVJ1U
nRSVE5UTlROU05TTlNOU04zTjNOM04zUjNOEkoSSfJGEkoSSfJF8UXQQfFF8UXQQ
dBBrz3QQdBBz0HPPY45jjmtLUoljCnvOc45zjnONa0xzjYQPhFCEUHvPe86UkZSR
nNKMUYxQlJGc0pzTnROdE50TnNOU05SSnRSlFKUUnNOc06UUrRStVa1VpRSc061V
rVWtVaUUnNOtVbWWtZa1lq1VpRStlbWVtZatVq1VrVW1lrWWtZa1lrWWrVWtVLWW
tZa1lrWXrVWtVa1VrZW1lrWWrVWtVa1WrZatlq2WpVWlVaWWrVWtlqVVpRSlVaVV
pVWdFJ0UnRWlVaVVpVWdFZ0UlNOVFJUUlRSVE4zTlNOM0ozTjNOM1IzThJOEkoSS
hJKMkoSRhFF0EHxRfFF0EXQQa890D3QQdBBsD2PPY85rTFrKYwtzjnPOc85zzmuN
c86EUIxRjFCED3vPjFGUkZSSjFGMUZSSnNOc05zTpRSdFJ0TlNOU06UUpVWlFJzT
nNOdFKUUrVWtVaVUpRStVa1VrVWlFKUUrVW1lrWWtZatVaUUtZW1lrXWrZWlVa1V
tZa1lrWWtZa1lq1VpVWtVa1VrVWtVaUUpRSlFKUUrVWtVaUUpRStVa2VrZatlaVV
pVWlVa2WrZalVKUUpVWlVaVVnRSdFJ0VpVWlVZ1VnVWVFJTUlNSVFJTUlNOU04zT
jNKM04zTjNOMk4yTjJKEUYSShJKEkXxRdBB8UXxQdBB0EGvPdA90EHQQbA9jzmOO
a01aymMMe857znvOe81zjXvNhFCMUIxQhA97z4xRlJKU0pSSjFGUkpzSpROlE6UT
nROdE5TSlNKlFKUUpRSc05zTpRSlFK1VrVWlVKUTrVWtVa1VpRSlFK1VtZa1lrWW
rVWlFLWWtZa1lq1VpVStVa2WrVWtVaUTnNKUkZRQlJGUkZTRnNKc0pzTnNOUkpSR
lJGUkJSRlNKU0pzSnNKc050TpVWlVa1VpRWdFKVVpVWlVZ0UnROdFKVVpVWlVaVV
nRSU05UUlRSVE40TjNOM04zTjNOM04zTjNOEkoSRhJGEkoSShJF8UXQQfFB8UXwR
fBBrz3QPdBB0EHQPa49rjnONYwtrTIPOe857znvOc417zoxQjFCMUHvQe8+MUZSR
lJKMkYxRlJKc050TnROdE50TnNOc05TSpRSlVKUUnNOc06UUrVWtVa1VpRSc061V
rVWtVqUUpRStVbWWtZa1lq1VpRStVbWWtZatVZzTlJGUkZSRlJGU0pzTnNOlE6UU
rVWtlsZZxlq+GcZatdit17XXrZatlq1VpROc05SSjFGMUZSSnNOlFKUUnRSlFaVW
pVWlFJ0UpVWlVaVVpVWdVZ0UlNOdFJUUlRSVE5TTlNOM04zTjNSM1IzThNKEkoSR
hJKEknxRfFF8EIRQfFF8UXwQa890EHQQdBBr0GuOY45zjmMMa017z3vPe897z3OO
e86MUIxQjFGEEHvQjJGUkpSTjJKMUZSSnNKdE50TpROlE5zTnNKc0qUUpRSlFJzT
nNOlFK1VrVWlVaUUnNOtVa1VrVWlFKUUrVW1lrWWtZatVaUUrVWlFJzTlJKUUZyS
pNOtFK1VrVWtVaUUpRStVbWWvdfW287bztvW274Yxli+GL4Yvhe11q1VrVWlVJ0U
nRSdE5TTjJKMkpzTpRStVa1VpRSdFKVVpVWlVaVVpVSdFJTTlROdFJUTlNOU05TT
jNOM04zTjNSM04yThJKEUoSShJJ8kXxRdBB8UXxRfFF0EGvPdBB0EHQQa89jjmOO
c85rTHONhA+ED4QPhA97znvPjFGMUYxRhBB7z5SSlJKUkpSSjFGUkpzTpROlE6UT
nROdE5zTlNOlFKUUpRSc05zTpRStVK1VrVWlFJzTrVWtVa1VpRSc061VtZa1lrWW
rVWlE5zSnJKc0pzUpRSlFK1VtZW1lbWVrVWtVKUUrVW1lsYY79/nn+ef79/GWc6b
zpvW3MYZrVatVa1VpRSlFKUUpRSdFJzTnNOUkpSSpRSlVaVVnRSlVKVVpVWlVaVV
nRSdE50UnRSVFJTUlNOU04zTjNOU04zTjNOMkoSShJKEkYSRhJF8UHQQfFF8UXRQ
dBBrz3QQdBB0EGvPa45jjnwOa01zjoQQhBCEEHwQe897z4xRjFKMUoQQhBCUkpTS
lNOMkoxRlJKc05zTpRSlFJ0UnRSU05TTpRSlFKUUnNOc06UUpVWtVa1VpRSc061V
rVWtVaUUpROtVbWWtZatVZzSlJKUkpzSpRStVK1VpRStVbWVtZW1lbWVrVWlFLWW
tZbGGPff75/nn+/fxlrOnM6b1xy+WK1VrZWtVa1VpRSlFKUUnRSc05zTnNOMkoxR
nNOlFJ0TpRSlVKVVpVWdVZ0UlNSdFJ0UlROVE5TTlNOM04zTjNOM04yThJKEknyR
hJKEkoSRfFF8EIRRfFF0UHQQa890EHQQdBBrz2OOY46Dz3ONc46EEIRQhFCEEHvP
fBCMUYxRlJKMUYQQlJKU0pzSlJKMUZSSnNOlFKUUpRSlFKUUnNOU0qUUpVSlVJzT
nROlFK1VrVWtVaUUnRStVa1VrVWlFKUUrVW1lrWWnRKMkZSSnNKc06UUrVWlFKUU
rVWtVa1VtZatVa1VpRStVbWWxhj33++f55/338ZazpzOm98dvhmtVa1VrZalVaUU
rVWlFKUUlNOU05TTjJKMUYxRnROdFKUUpVWlVaVVpVWdFJTTlRSVFJUTlROU05TT
jNOU05TTjNOM04TShJJ8UYSShJJ8UXxRdBB8UXxRdFF0EGwQdBB0EHQQdBBjjmOO
hBBzjnvPhFCMUIxQjFCED4QPlJGUkZSSjFGMUJSSnNKc0pSSlFGUkpyTpROlE6UT
pRSlFJzTnNKlVKVUpVSdE50TpRStVa1VrVWlFJzTrVWtVa1VpRSlFK1VtZa1lpzS
lJKc0pzSnNOlFK1VpRWtVa1VrVW1lbWWtZWtVaUUrVWtlcYY99/nn+ef79/GWs7c
ztvfHb4YrVWtlq2VrVWlFK1VrVWlFJzTlJOc05STjJKMUZ0TnRSlFKVUpVWlVaVV
nRSVFJUUlRSVE5TTlNOU05TTlNOM04zTjJKMkoSShJGEkoSSfJF8UXQRfFF8UXQQ
dBBr0HQQdBB0D2vPY45jjoRQc897z4xRjFGMUYQRhBCEEJSSlJKUkoxRhBCUkpSS
nNOU0oySlJKUk6UUpROlFKUUpROc05zTpRStVKVUnNOdE6UUrVWtVa1VpRSdE61V
rVW1laUUpRStVbWWrVWc0pzSnNKc050TpRWtVaUVrVWtVbWVtZW1lrWWrVWlFK1V
rZXGGPff55/nn++fxlnW29bb513GGK2VrZWtlq1VpRStVa1VpRSc05TSlNKU0pTS
jNKdE6UUpVWlVaVVpVWlVZ0UnRSdFJ0UnRSU05TTlNOUk5TTlNOU04zTjJKEkYRR
hJGEkoSRfFF0UHxRfFF8EXQQbA90EHQQbBBrz2OOY46MUXvPe8+MUIxRjFGMUYQQ
hBCUkpSSlJKMUYQRlNKU0p0TlNKMkpSSnNOlE6UTpROlE50TnNOU0qUUrRSlVJ0T
nRSlVK1VrVWtVaUUnNOtVa1VrVWlFKUUrVW1lq1VnROU0pTSlNKc0qUUrVWlFKUU
rVW1lbWVtZW1lq1VpRStVa1Vxhj33++f55/vnsZZ1tvW2+ddzpmtla2WrZatVaUU
rZWlVJ0TlJKUkpSSlJKc05zTpROdFKVVpVWlVaVVpVWdFJTUnRSVFJTTlNOU05TT
lNOU05TTlNOM04yShJKEUYSShJKEUnxRfBB8UXxRfFB0EHQQdBB0EGvQa89jjmOO
jFF7z3vPjFGMUYxRjFGEEIQQlJKUkpSSjFGEEJTSnNKc05SSlJGUkpzTnROlFKUU
pRSdE5zTnNKlFKUVpVWc1KUUpRStVa1VrVWlFZzUrVW1VbVVpRSlFK1VtZatVKUT
nNKc0pzSnNOc0qUUpRSlFK1VrZW1lbWVrVWlFKUUrVW1lsYY99/vn++f516+GNbb
1pvnXcaZrZWtVa1VpRSc060UnROUkpSSlJKMkpTSlNOdE50UnRSdVaVVpVWlVaVV
nRSU1JUUnRSVE5TTlNOU04yTlNOU05TTjNOMkoyShFGMkoSShJF8UXRQfFF8UXwR
dBBz0HQQdBB0EGvPY49jjoxRhA97z4xRjJGMkYxRhBCEEJSSlJKUkoxRhBCc0pzS
nNOUkpSRlJKc0pzTpROlFKUUnRSc05SSpRSlFK1VnNOlE6UUrVStVa1VpRSlFK1V
rVWtVaUUpRStVa1VpVSlE5zSnNOlE5zTpROtVKUUpNOk0qUTpROlVKVUpROlFLWV
tZa91/ff75/nXt8dvhfW2s6a3xu+GKUUpRSlE5zTnNOlFJ0UlNOU05TTlNKU050T
pRSlFKUUpRWlVaVVpVWlVZ0UnROdFJ0UnRSVE5TTlNOM05TTlNOM04yTjJKEknyR
hJGEknyRfFF0EHxRfFF0EXQQdBB0EHQQdBBrz2OOY4+MUYQQe8+MUYxRjFGMUYQQ
hBCUkZTSlNKMkYRQlNKU05zTlJKMkpSSnNOlE6UTpROlFKUUnNOUkqUUpRStVZzT
pROtVK1VrVWtVaUVpRStVa1WrValFKUUrVW1lq1UpRSc05zTnNOc06UTrVWtVaUU
pRSlVK0UrVStFKUTrVW1lrXXtZbv3+ef75/fHr3Y1pvOmt7cxhmlFa1VrVWlFKUU
pRSdE5TTlNKU04ySlNKU06UUnROdFKVVpVWlVaVVpVSdFJ0TnRSVFJUUlNSU1JTT
jNOM04zTjNOM04SShJJ8UoSShJKEUXxRfFCEUXxRfFF0EHQQdBB0EHQQa89jjmOO
jFF8D3vPjFGUkZRRjFGEEIQQlJKUkpSSjFGEEJSSnNOc05SSjJKUkpzTpROlE6UU
pRSdFJzTlJKlFKUUrVWlFKUUrVWtVa1VrVWlFKUUrVWtVbWVpRSlFK1VrValFKUU
nNOc05zUpRSlFK1VrVSk06UTrRStVLVVrVWlFL3X3tvOmr5Z/9/33//f79++GNbb
zprfHMYYrVWtVa1UpRSlFKUUpRSU05TTlNOU0pTSnNOlFKTTpRSlFaVVpVWlVaVV
nRSdE50UnRSU1JTUlNOU04zTjNOU04zTjNKEkoSSfFGEUYSRhFF8UXRQfFF8UXxR
dBB0EHQQdBBsEGvPY45jzoxRhBB7z4xRlJKMUYxRhBCEEJSSnNOU0pSRjFCc0pzS
nNOU0oySlJKc05zTpROlFKUUpRSc05zTpRSlFK1VnNOlE6UUrVStVa1VpRSlFK1V
rVWtVaUUpRStVbWWrVSlFJzTnNOc06TTpRStVa1UpROlE60UrRS1Va1VpRTGGOcc
3tzOWv/f/9//3//fvhnOm8Za3tzGGa1VrVWtVaUUnNOc06UUlNOUk5TTlJKckpzT
pRSdFJ0UpVWlVaVVpVWlVZ0UnNSdFJ0UnRSVFJTTjNSMk4zTlNSM04zTjJKEknxR
hFKEknxRfFF0UHxRfFF0EWwQbBB0EHQQdBBrz2OOY46MUYQPhA+MUYxRjFGMUYQQ
hBCUkZTSlNKMkYRQlNKc05zTlJKUkpSSnNOc06UTpRSlFKUTnNOU06UUpRStVJzT
nNOlFK1VrVWtVaUUpROtVa1VrValFKUUrVStVa0UrRSk06TTpRSdE6UTrVWtFJzT
pNOlFKUUrVWtVaUUzlnnHd7cxln/3//f/9/3374YzprGWdbbvhilFK0VrVWlFJzT
pRSdE5TTlNKU04ySlNKU06UUnRSlFKUVpVWlVaVVpVWdFZzUnRSdFJ0UlROU05TT
lJOU05TTjNOM04SShJJ8UYSRhJJ8UXxRdFB8UXRQdFB0EGwQdBB0EGwQa89jjmOP
jFGEEHvPjFGUkoxRjFGEEIQQlJKUkpTSjJKEUJTTnNOc05SSjFGUkpzTnNOlFKUU
pRSlFJzTnNOlFK0UrVSlE5zTpRStVa1VrVWlFJzTrVWtVa1VpROlE61VtZalFKUU
pNOc06UTpROlFK1VrRSc05zTpNOtFK1VrVSlE85Z5xzWm8YZ/9//3//f99++GMaa
xlnW274YrVStVKUUnNOc05zTpRSc05TTlNOUkpSSlNOdFJ0UnRSlVaVVpVWlVaVV
nRSc050UnRSdFJTUlNSU04yTlNOM04zTjNOEkoSShFGEkoSShFF8UXwQfFF8UHxQ
dBB0D3QQdA9sD2vPW41jz4xRhA97z4xRjFGMUYxRhBGEEJSSlJKUkoyShFGU0pzT
nNOUkpSRlJKc05zTpRSlFKUUpRSc05zTpRSlFK1VpRSlFKUUrVStVa1VpRSlE61V
rVWtVaUUpRStFbVVrRStFKTTpNOlFKTUpRStVa1UnNOc06TTpROtVK0UpNPGGN7b
1pvOWv/f/9//3//fvlnGmsZZ1tu+GKUUpRSlFJzTnNOlFKUUlNKU0pTTlJKUkpzT
pRSlFKVUpVWlVaVVpVWdFZ0UlNOdFJ0UnRSVE5TTlNOU05TTlNOM04yThJKEUnxR
hFKEkoRRfFF8UXxRfFF8UXQQbBBsEHQQa9Brz1uOY86MUYQQe8+MUYxRjFGMUYQQ
hBCUkZSSlJKMkYRQlNKc05zTnJKUkpSSnNOc06UUpRSlFKUUnNOc06UUpRStVZzT
pRStFK1VtVWtVaUUpROtVK1VrVWlFKTUrVStVaUUpRSk1KTUrRSlFKUUrVWtVZzT
nJKk0qTTpRSlE5zStZbe2/ee717/3//f/9//39abzlrGWdabvdilFKUUpRSc05zT
pRSlFJTSlJKc05SSlJKU050UnRSlVKVVpVWlVaVVpVWdFJzUnRSdFJ0UlNSU1JTT
lJOU05TTlNOM04ySjFKEUYxShJJ8UXxRdFF8UXxRdBF0EGwQdBB0EGwQa89jjmvP
jFGEEHwPjFGUUYxRjFGEEIQQlJGUkpTSjJGEUJTSnNKc05TTlJGU0pzSpROlFKUU
pRSdFJzTlNOlFKUUrVWc05zTpRStVK1VrVWtVKUTrVWtVa1VpRSlFK0VrVWtFaUU
pRSlFK0UpRSlFK1VrVWUkpSSlJKk06UTpNOckqUU1pr/3/ef/9//3//f/9/W3N8d
1tze3L4YpRSlFKUUpRSlFKUUrVWU0pTSnROUkpSSlNKlFJ0UpRWlVaVVpVWlVaVV
nRSdE50UnRSdFJTUlNOU04zTjNOM04zTjJOEkoRSfFGEkoSShFF8UXwRfFJ8UXQR
bBBsD2wQdBB0EGvPW45jz4xRhBB7z4xRlJKMUYxRhBCEEJSSlJKUkoyRhFGU0pzT
nROU0pSSlJKc05zUpRSlFKUUpRSc05zSpRSlFK1UpROlFKUUrRWtVa1VpRWc061U
rVWtVaUUpRStVK1UrRStFKTTpNOtFK0UpNSlE60UnJKUkZySpNKlEqTTnNKtVb3W
5xz3n//f/9//3//f3tznXudf79/W3a1VpRSlFJzTpRSlFa1VlJKUkpzTjFGUkpTS
nRSdFKUUpVWlVaVVpVWlFZ0UlRSdFJ0UnRSU1JTTlNOMk5TTjNOM04zThJKEkoRR
hJKEkoRSfFF8EXxRfFF0EWwQbBB0EHQQbBBjz1uOY8+MUYQQe8+MUZSSjFGMUYQQ
hBCUkpSSlJKUkYxQnNKc05zTlJKUkpSSnNOlFKUUpRSlFKUTnNOc06UUpRWtVZzT
pNOlFK0UrVWtVaUUnROtVK1VrVWlFKUUrVStVK1UrRSlFKTTpRSlFKUTlJGUkZSR
lJGU0pzSpROlE5zSvdfOWdaa917/3//f/9//39bc5x3fXu/f55+tVqTTpNOk06TT
pRSlFJSSlJKc05SSnNOU06UUpVSlVaVVpVWlVaVVpRSdFJzUnRSdFJ0UlNSU1JTU
lJOU05TTlNOM04SShFKEUoRShFJ8UnxRdBF8UXxRfBF0EHQQdBB0EGwPY89bTmPP
jFGEEHvPjFGMUYxRjFGEEIQQlJKUkpSSjFGMUZSSnNOc05STlJKUkpzSpROlFKUU
pRSlFJzTnNOlFKUUrVWc06UUpRStFa1VrVWtFJzTrRWtVa1VpRSlFK1UrVStFK0U
pRSk1K0UpNOk0oxPhA+MT5SRnJKc0qTTpROc0sYY1prOWu9d/9//3//f/9/W3Ocd
3x7vn+derZWlE6UTpNOc05zTnNSUkpSSnNOUkpTSlNKdFKUUpRSlVa1VrVWlVaVV
nRWdFJ0UnRSdFJUTlNOU04yTjNOU04zTjNKMkoSSfFGEUoSSfFF8EHwQhFF8UXRR
bBBsEHQQdBBr0GPPW45jz4xRhBB7z4xRjFGMUYxRhBCEEJSSlJOUk5SSjFGU0pzT
nNOUk5SSlJKc06UUpRSlFKUUpRSc05zSpRSlFK1UpROlE6UTrVStVK1VpRSc060U
rRS1VaTUpNStFbVVrVWtFKUUpRSlFKUUnNKMD4vOg86UUJzSpNKlE6UTnNLGGNaa
zlnnHf/f/9//3//f1pzfHd8e75/nn61VpRSlFJzTnNOc05zTlJKUkpzTlJKU0pSS
nRSlFKUUpVWtVaVVpVWlVaUUnNSlFJ0UnRSVE5TUlNSM04zTlNOM04zSjJKEkoRS
hJKEknxRfBF8EYRRfBF8EXQQdBB0EHQQc89rz2OOa8+MUYQQg8+MUZRRlFGMUYQQ
hBCUkpSSlJKMkoRRlJKc05zTnNOUkpSSnNOc1KUUpRSlFKUUnNOc06UUpRStVZzT
pROlFKVUrVStVKUUnNOtFK0UrVWlE6UTrVStVa1UrRStFKTUpRSlFJSRjFCMDoPN
i86ckKTSpNOk05zTzlnWms5Z713/3//f/9//39ab3t3fHu+f55+tVaUUpRSc05zT
nNOlFJSSlJKc05SSlJKUkp0TpRSlFKVVrVWtVa1VpRWdFJ0UnRSdFJ0UlNSU1JTT
lNOU05TTlNOM04yThFKEUYRShJKEUnxRfFGEUXxRfBFz0HQQdBF0EHQQa89jjmvP
jFGEEHvPjFGMUYxRjFGEEIQQlJKUkpySjJKEEJSSnNOc05SSlJKUkpzTnNOlFKUU
pRSc1JzTlJOlFKUUrVSlE6UTpRSlFK1VrVWlFJzTrRStFbVVpNSk1K0VtVWtFK0U
rROlFKUUpROMUIxQjA+DzYONlA+k0qTSnNOc085Z1prOWecd/9//3//f/9/Om9bc
1x3fXuefrZadE6UTnNOc06UUpRSUkpSSnNOUkpSSlJKlFKUUpRStVa1VrVWlVaVV
nRSdFJ0UnRSdFJUTlNSU05TTjNOU05TTjNKEkoRShFKEUoSSfFJ8UXxRfFJ8UXwR
c9B0EHQRdBBzz2vPY45rz4xRhBB7z4QQjFGMUYxRhBCEEJSSlJKUkpSShFGUkpzT
nNOUkoxRlJKc06UUpRSlFKUUpRSc05zSrVStVK1UnROlE6UTpVStVa1VpRSk060U
rRW1VaTUpRStFbVVrRStFKUTpRSlFKTTlFCUUJQPi82DjYPNnFCk05ySnNLOGNaa
zlne2//f/9//3//fzpvW286a1tvvXbVVlJGUkYxQlJKc06UUlJKUkpzTlJKc05SS
nNOlFKUUpVWlVaVVpVWlVZ0VnRSdFJ0UnRSU05TTlNOUk5TTlNOU04zShJKEkYRS
hJKEUnxRdBF8EXxSfBF8EWvQdBB0EHQQa89jz1uOa8+MUYQQe8+MUYxRjFGMUYQQ
hBCUkpSSlJKMUYQQlJKc05zTlJKUkpSSnNOc06UUpRSlFJzTnNOUk6UUpRStVJzT
nNOlFK1UrVWtVa0UpNOtFK0UrVSlFKTUrRW1Va0VrRSlFKUTpROUUIwPlE+UD4vN
g4uDi4vLnJGUkZySxdfWmc4Z1pv/3//f/9//38ZaxhrGWtaa5xyUUXMKc0pzCXMJ
g4uckZSSnJOc05zTnNOU050UpRSlFK1VrVWtVaVVpVSdFJ0TnRSdFJ0UlNSU1JTT
lNOU05TTlNOM04SThJJ8UoRShFKEUXxRfFF8UnwRdBFr0GwQdBF0EGwQY89jjmvP
jFGEEHvPhBCMUYxRjFGEEIQQlJKUkpSSlJKEEJSSnNKc05zTlJGUkpzTpRSlFKUU
pRSlFJzTnNOlFKUUrVWlFJzTpRSlFK1UrVStFKTTrRStFK1UpROlE61UrVStFK0U
pROk0ovMg8yLzJQOlA6LzYOLg4qDiovMlFCUkb3WzljGGc5a/9/3n//f9561Vr3Y
zprWmt7bg89SSFqIYodqiGKIe4uUkZSSnNOUkpzTlNOdFKUUpRSlVKVVpValVZ0V
nRSc1J0UnRSdFJ0UlNOU05TTlNOU05TTjNOMkoRShFKEkoRShFJ8UXwRhFF8EXwR
c9BsEGwQbBBrz2POW45rz4xRhBB7z4QQjFGMUoxRhBCEEJSSlJKUkpSShBCUkpzT
nNOUkpSSlJKc06UUpRSlFKUUpRSc05zTpRSlFK1VnNOc06UUrRStVK1UrRSk060U
rRStFKUTpROtFK1UrRStFKUTjFBzSoPMlA6MDYvNi8yDi4NJg0l7SYuLi8ys0L3W
xhe91/ff1tznXudepZa919aazlne24PPWkdiiHMJewpqiGKIg82UkZzSnNOc05zT
nRSlFKUUpVWlVaVVpVWlVZ0UnRSdFJ0UnROU1JTUjNOM05TTlNOM04zThJKEUXxR
hFKEUoRSfBF8EYRRfBF8EGvPdA90EHQQbA9jz1uOa8+MUYQQe8+EEIxRjFGMUYQQ
hBCMkZSSlJKUkYxQlJKc05zTlJOUkZSSnNOc06UUpRSlFJzTnNOc0q1UrVStVZzT
nNOlFKUUrVStFK0UpNOtFK0UrRSk06TTrRStFKUUrRSk03MKcwmLy5QMnE2TzItJ
gwiDB4LHeoZyh3sJewmLzKzSlFDvXtbc517vXq1WtZfGGcYY1pqMUXNLcshqh1oF
UYNiRlHEhAyMkZSSlJKUkpzTpRSlFKVUpVWlVaVVpVWdFJ0UnRSdFJ0TlNSU1IzT
jNOU05TTlNOM0oyShFKEUoRShFKEUnwRfBF8UnwRdBFr0HQQdBB0EHQQY85bjmPP
jFCEEHvPhFCMUYxRjFCEEIQQlJKUkpySlFGMEZSSnNOc05TSlJGUkpzTpRSlFKUU
pRSc05zTlJKlFKUUrVSc05zTpROtFK0UrRStFJzTrRStFK1UpNOk060UrRStFK0U
lFFaRnMJi8yUDJwNlAyLiYMHeoZ6RWnDYYJiBFnGYgdqR3LK51zW297d3tydFKUU
vde919aanNKDi2qGaoZZxFnEWcQ4wElCaohzSnvMjFCc050UpRSlFK1VrVWlVaVV
pVWdFJ0UnRSVE5TUlNSM04zTlNOU05TTjNOEkoRRhFGEUoRSfFF8EHwRfFF8EXwR
a9BsEHQQdBBsD2PPW45rz4xRhBB7z4QQjFGMUYxRhBCEEJSSlJKUkoxRhBCUkpTT
nNOUk4xRlJKc0qUUpRSlFKUUpRSc05zTpRSlFK1UpNOk06UUpRStFa0VrRSk060U
rRStFKTTpNOtFK0UrRStFJRRWkZzCYOLlA2UDZQLk4iLB3qEagNZglEBQIAwgTCB
MIFRhdbbvhjGWc5ZjFKUkrWWtZXOWJzRi8yDSXrIYkZBAjjBMIAwQDjBQQJaBoxQ
nNOlFKUUpVWtVa1VpVWlVaUUnRSdFJ0UnRSU05TTlNOM05TTlNSU04zTjJKEUoRR
hJKEUYRRfBB8EXxRfFF8EWvQdBB0EHQQbA9jz1uOa8+MUYQQe8+EEIxRjFGMUYQQ
hBCUkpSSlJKUkoQQlJKc05zTnNOUkpSSnNKlE6UTpRSlFKUTnNOckq0UrRStFKTT
pNOlE6UUrRStFK0UpNOtFK0UrRSk06TTrROtFK0UrRSUUFpGcwmDS4vNlA6Ty5PK
k4mCx2HDSQJAwTiBMEAwQDiBUUPeFouNtNLeFpPOnFC9U7VT1lek0YvMg0l7CHKG
WYNRQkjASMBRQFmCaoaMUJzTnNOdFKVVpVWlVqVVpVWlFJ0UnRSdFJ0UnRSU05TT
lNOU05TUjNOM04SShFKEUoSShFKEUXwRfBF8UXwRdBFr0GwQbBBsEGwPY89bjmvP
jFGEEHvPhBCMUYxRjFGEEIQQjFGUkpSSjFGEEJSRlNKc0pzSlJGUkpzTpROlFKUU
pRSlFJzTnNOtFK0UrRSc05zTpNSlFK0UrRSlFJzTpRSlFK0UpNOk060UrRStFK0U
lFFaBXLHewmLipQMlAuTypOJgwdpw0kBQIA4QDAAMAA4QFEC1RJRg5ON3hWTzZQO
nFCkkMWUpJCLy4tJgwhyhWHDWUJJAEkAUUFhgnLHjJGc050TnRSlVaVVpVWlVaVV
pRSdFJ0UnRSVFJTUlNOM04zTlNOM04zTjJKEkoRRhFGMUoRSfFF8EHwRhFF8EXQR
a9Br0HQQdBBsD2POW41jz4xRhBBzj4QQjFGMUoxRhBCEEJSRlJKUkoxRhBCUkZTS
nNKc0pSRlJKc05zTpRSlFKUUpRSc05zTpRSlFK0UpNOc06TUpRStFK0UpROk0qUU
rRStFKTTpNOs060UrRSlE5RQYgVqhnKHewmLiouLk8qTyYtIekVZAkDBOIAwQDBA
OEBQwtTRWYOLjc2Ti42UD5xQpJG9VJxPi8uLiINIcoVpw1lCUQBIwFFBWcN7CJSR
nNOdE50UpVWlVaVVpVWlVZ0VnRSdFJ0UnRSU05TTlJOMkozTjNOM04SShJKEUYRR
jJKEUnxSdBF0EXxRdFB0EGvPbA9sD2wQa89jjmOOa8+MUIQQe8+EEIxRjFGMUYQQ
hBCUkZSSlJKMUYQQlJKc05zTnNOMUZSSlNKdE6UTpRSlFKUUnROc06UUpRStFKTT
nNKk060UrRStFKTUnNOlFKUUrRSk0qTSpROlE6UTpROUkVoFYgViBXLHg0mLiovK
i4mLSYLHYcNJATiAOEA4QDiASMHEkFFDi0zFEYtLlA2cTqROrNCcTYuKg4mDSGpF
YcNZglEBUQBRAWGDewiUkZzTnNSdFKVVpVWtVaVVpVWdFJ0UnRSdFJ0UlNOU04yT
jJOU05TTjNOMk4SSfFKEUYSSfFF8UXQQdBF8UXQRdBBrz2wQdBB0EGvQY49jj2PP
jFGEEHvPhBCMUYxRjFGEEIQQlJGUkpSSjFGEEJSRnNKc05zSjFGUkpSSnNOlFKUU
pRSlFJzTnNOlFKUUrRSc05zTpNOlFKUUpRSk05yTpNSk06UTnNKc06UTpRSk06TT
lFFiBlnEWYNqBXsHg0iLiYuJi0mCx2pEUUJAgThAOEA4QEiAtA1RQosLvI+LCoNL
i8yUDJQNk4qDSINIgwdyRGHDWUJRAUkAUQBhg3sJlFKc06UUpRSlVaVVpVWlVZ1V
nRSdFJ0UnRSdFJUTlNOUkozSlNOU04zTjJOMkoRRhFGEknxRfFF0EHwRfFF0EXQR
a89rz3QQdBBrz2OOY45rz4QQhBBzjoQQjFGMUYxRjFGEEJSRlJGUkoxShBCUkpzT
nNOc04yRlJKc0qUTpROlE6UTpROc05SSpRSlFKUUnNOc06TTpRSlFKUUpNOckqTT
pROtE6TSnNKk0qzTpNOk05RRYcZZhFFCWYNyRnsHg0mLiYtIgwdyhVmDSME4gECA
QEBIgJLJSQJyiKwNgshqRoLIk0l6hoMGgwaDBoLGakRZglmCSQBIwFEBYcN7SJSR
nNOc05zTpRWlVaVVpVWdVZ0UnRSdFJ0UnRSU05TTlJOMk5TTjNOMk4SThJJ8UoRR
hJJ8UXxRdBB0UXxRdFF0EWvQa9BsEGwQa89jj2NPa9CEEYQQc4+EEIxRjFGMUYxR
e8+MUZSSlJKMUoQQlJGc0pzSnNKUkZSRnNKlE6UTpROlFKUUnNOc06UUrRStFKTT
nNOk1KUUpRSlFKUTnNKk06TTpNOck5ySnNKlE6TTpNOcUWoGWYNJAUlBYgRyhoMI
i0iLSHsHeoVpw0jBQIBAQEBASICCR1ECYcWbS3JHYcR6RnpGckV6hYLGgwaCx2pE
YcNZglEBUQBRAGHDe0qUkpzTnROlFKVVpVWlVZ1VnVWdFJ0UnRSdFJUTlNOU05TT
lNOM04zTjJOMk4SShFGEUYSShFJ8UXQQfBF8UXQRdBFr0GvQdBB0EGvPY45jjmvP
hBCEEHOOfA+MUIxRjFGMUYQQjFGUkpSSjFGEEIxRnNOc05zSjFGUkZzSnNOlE6UT
pRSlFJzTlJKlFKUUpRSc05zTpNOlFKUUpRSc1JySpNOk06TTnJKckpySpNOk05zS
nJFqB1mESMFIwFlCagRyhoMIgwd6xnKFYcRIwUBAOEA4QECAekdQwUjBWUJhg2GD
ckV6hnJFckR6hXqFeoVyRGHDWYJRAVEAUQFhw3OKlJKc05zTpRSlVaVVpVWdVZ0V
nRSdFJ0UnRSU05TTlNOUk5STjNOM04yTjJKEknxRhFGEknxRfFF0EXRRfFJ0EXQR
a9Br0GwQbBBj0GOPW45jz4QQhBBzjoQQjFGMUYxRjFGEEIyRlJGUkYxRhBCMUZSS
nNOUkoxRlJGc0pzSpROlE6UUpROc05SSpNOlFK0UpNOckpzTpNSlFKUUnNOckqTT
pNKk0pyRnJGkkqTSpNKkkpyRakdZREjCQIFJAVmDagR6hXrGcoVyRGIDSQA4QDgA
OEA4QIqJUMJIwlkDWUNZQ1mEakZyhmpFagRyBHJEYgRZg1FCUQFRAVEBWcR7i4yS
nNOc06UUpVSlFKVUnRSdFJzTnNOc1J0UlNOU0pTTjNOM04zTjJOMk4SShFJ8UXxR
hFF8UXwRdBB0UHxRdBF0EWvQc9B0EGvQY89bjluOY8+EEIQQc457z4xRjFGMUYxR
hBCMUYxRlJKMUYQQjFGUkpSSlJKMUYxRlJKc06TTpNOlE6TTnNKc0qUTrRSlFJzT
nJOk06TTpROlE5zSnJKckqSSpJKckpySnJKc0qTSnNKUkWpIUURIwkCAQIFIwVlD
YcRyRXJEagNhgkjAOEA4ADAAOECCiVEDQMFQwllDUQJJAmoFeodqBWHEYcRqBVnD
UYJJAUjASMFJAVnEc8yUkZzSnNOlE6VUpVSlVaVVpRSc1JzUnNSdFJTTlJOU04yS
jJOMk4yThJOEkoRRhFF8UYSShFF8UXQQdFB8UXQRdBBrz2vQbBBr0GPPW45bjmPP
hBCEEHOPe8+EEYxRjFGMUYQQjFGMUZSSlJKEEIxRlJKUkpSSjFGUkZSSnNKc05zT
nNOc05zSnNKlFKUUpRSc05yTnNOk06TTpNOc05SSnJKckpySlJKUkZySpNKk0qTS
nJFqSFEESMJAgThAQIBIwFlCYYNhg2GCWUFIwDhAMAAoACgAckhAwziAQIFJAkjB
SMFRAmpGYcVZg1GDWYNRQklBQMFAwEjBSQFZxHvMlJGUkpzTpROlFaUVpRWlFZ0U
lNOc05zUnNSU04zTjNOMkoyTjJOMk4yTjJKEUnxRfFGEknxSfFF0EHxQfFB0EHQQ
a89r0GwQbBBjz1uOW45jzoQQhBB7z3vPjFGMUYxRjFGEEIxRjFKUkoxRhBCMUZSS
lJOUkoxRjFGUkpzTnNOc05zTnNOc05zTpROtFKUUnNOc05zTpROlE6TTpNOckpzS
nNKckpSSlJKckpySpNOckpRRYklJBEDCOIEwQDCAOIBAwFEBUQFRAUjBQEA4QCgA
IAAoAGHHOIIwQDCAOEA4QECAQMFiBlmFUURBAklDQMJAwkCBOIBAwEkBWgR7zYyR
nNKdFJ0UnRSlFKUVpRSdFJTTlNOc05zTlNOU04zTjJOMk4yTjJOMk4yShFJ8UXxR
fJJ8UnxRdBB8UXwRdBF0EGvPbBBsEGwQY89bjluOY8+EEIQQc457z4QQjFGMUYxR
hBCMUZSSlJKUkoQQjFGUkpSSlJKMUYxRlJKc05zTnNOc05zTnNKUkqUTpRSlFJzT
nJKc06TTpNSk06TSnJGckpySnJKUUZRRnJGc0qTTnJKUkmKKSQRAgjhAOEA4QDhA
QEBAgEiASMBAgDhAMAAwACgAKABRRUkEOIA4gECAQIBAwEDBYgZJREEDOMM5AziC
MIIwQTBAQMFJAloFe82MUZyTnNOlFKUUpRSlFaUUnNSU05TTlNOU05TTlJOM04yT
jJOMk4yThJOEkoRShFF8UYSSfFF8UXQQfFF8EXQRdBBr0GwQa9Br0GPPW45bjmPP
hFCEEHOOe8+MUIxQjFCMUIQPjFCUkZSSlJKEEIxRlJKUkpSSjFGMUZSSnNOc05zU
pRSc05zTlJKk06UUpRSc05TTnNOc1KTUpNSk05ySnNKckpySnJGckZyRnJGk0pyS
nJFqikkEOIMwQCgAMAAwADAAOEA4QDhAOIAwQDAAMAAwADBAUUVJBDiBOIBAgUCB
QMFJAlnFSQM4wjjDOMMwgjCCMEE4QECASQJaBYQOjJGc050TnRSdFJ0UnRSdFJ0U
lNSU05TTlNOM04zTjJOMk4yTjJOEk4xThFJ8UXxRfFF8kXxRfFF0EHwRfBF0EXQQ
a89r0GvQa9Bjj1uOW49jz4QQhBBzjnvPhBCMUYxRhBCEEIxRjJKUkoxRhBCMUZSS
lJKUkoxRjFGUkpTSnNOc06UTnNOc05zSpROlFKUUnNOU05zTpNOk06TTnJKUkZyS
nJKckpRRlFGUkZyRpNKckZSRaspJRECCMEEoACAAIAAoADAAMAAwADhAOEAwADAA
KAAwQUkEQMI4gTiAQIBAgUDBUUNRQ0kCQQJBA0kDQMJAwjiAOEBAgEkCWgWED4xS
nNOc1J0UnRSdFJ0UnRSdFJTTlNOU05TTlJOMk4yTjJKMkoySjJKEUoRShFF8UXxR
fFF0EXwRdBB8EHQRdBBr0GvQa9Br0GPQY49bjluOY4+EEIQQc457z4QQjFGMUYQQ
e8+MUIxRlJGMUYQQjFGUkpSSlJKMUYxRlJKc05zTnNOc05zTnNKUkqTTpRSlFJzT
nNKc0qTSpNOk06STnJGckpySnJKcUZRRlFKUkZzSlJGUkXMLSQQ4wjCBKAAoACgA
KAAwADAAMAAwADAAMAAwACgAOIFJA0ECQMJAwUDBQMFJAVGDUYNRQ0kCSUNRREkD
SQJAgThAOIBIwloGjA+UkpzTnRSdFKUUpRSlFJ0UnROU05TTlNOU04yTjJOMk4yS
jJOMk4yThJKEknxSfFF8UXxRfFF8UHQQfFF0EXQRa9Br0GwQa9Bj0GOPW45bj2PP
hBCEEHOOe8+EEIQQhBCEEHvPhBCMUZSRjFGEEIxQlJKUkpSSjFGMUZSSnNOc05zT
nNOc05zSlJKc06UTpRSc05zSnNKk06TTpNOckpSRnJGckpyRlFGUUZRSlJKc0pyR
nJFzC0kEQMI4gTBAMEAoACgAKAAoACgAKAAgACgAKAAwADiASMFJAlECUQJRAlEC
WQNZhGHFWYRJQ1FDUYRRg0lDQMI4gDiAQQJaBoQPjJGc05zUnNSdFJ0UnRSdFJTU
lNOU05TTlNOU0oyTjJOMkoySjJKMkoSShJKEUXxRhFF8UXwRfBFz0HwRfBF0EHPQ
a9Bz0GvQa9Bjj1uOW45jz4QQhBBzjnvPjFGEEYxRhBB7z4QQjFGMUYxRhBCEEJSS
lJKUkoxRjFGUkZzSnNOc05zTnNOUkpSSnNOlFKUUnNOU0pzTnNOk05zTnJOUkZyR
nJGckZRRlFGUUZRRnJKckZyRc0xJRDjCOIE4QDhAOEAwADBAMAAoACgAKAAoACgA
OEBAgUjCSQJRQ1mCWYNZg2HEYgVyR2HEWYNZg1mDUYNJQ0ECOIAwgEECWgaEEIxS
lNOc05zUpRSlFJ0UnRSU05STlNOU05TTjNOMkoySjJKMkoySjJOMkoRSfFF8UXxR
fFJ8EXwRc9B8EXQRdBBr0GvPa9Br0GPPY49bTmOPY4+EEIQQc457z4xRhBCEEIQQ
e8+EEIxRjFGMUYQQjFGUkpTSlJKMUYxRlJKc05zTnNOc05zTlJKUkpzTpRSlFJzT
lJKc0pzTpNOk05zSlJGckZyRnJGUUZRRlFGUUZySlJGUkXtNSUU4gzBBMEA4QDhA
OEAwADAAMAAwADAAMAA4AECASMFRAlEDWYNhg2HEacRqBWoFckZhxFlDWYNRQ1FC
SUNAwTCAKEA4wmIHhBCMUZzSnNOc1J0UnRSdFJ0UlNSUk5TTlNOU04zSjJKMk4yS
jJKMkoySjJKEUYRRfBF8UXxRfFF0EHPQdBF0EXQRa9Br0GvQa9Bj0GOPW05jj2OP
hA+ED3OOe8+EEIQQhBCEEHvPhBCMUYxRjFGEEIQQlJGUkpSSjFGMUZSSnNOc05zT
nNOc05SSlJKc06UUpRSc05STnJOk06TTpNOckpRRlJKckpySlFGUUZRRlFGckpyS
nJF7jUlFOMMoQDAAOAA4ADgAOAA4ADAAMAAwADAAOEBAgUjBYYRRQ1mDYcRhxGoF
csdyyHKHWcRRQ1lDUUJRQklDOMIoQShAMMFaB4QQjFGUkpzTnNOdE50UnRSVFJTU
lJOU05TTlNOMkoySjJOEkoySjJKMkoSShFF8UXwRhFF8UXwQdBBzz3wRdBFsEGvQ
Y9Br0GvQa9Bjj1tOY49jj3wPhA9zjnPOhBCEEIQQfBB7z4QQjFGMUYxRe8+EEJSS
lJKUkoQRjFGUkpzTnNKdE5zTnNOc05SSnNOk1KUUnNOckpzSpNOk05zTnNKUUZSR
lJGUkZRRlFGUUZRRnJKUkpSRe85JRTCCKEEoADAAMAAwADAAMAAwADAAMAAwADhA
SMBRAmoFWYNZg2HDWYNiBIMIgwlyh1mDUUJZQ1ECSQJJAjjBKEEgQCjCWkiEUZSS
nNOc05zTnNOdFJ0UlNSU1IyTlJOU05TTjJOMkoyShJKMkoSShJKEknxRfBF8EXwR
fFF0UXQQa9B0EXQQc9Brz2vPa9Br0GvQY89bTmOOY497z3vPc457z4QQhBCEEIQQ
e8+ED4xRjFGMUYQQhBGUkpSSlJKMUYxRlJKc0pzSnNOc05zTlNOUkpzTnNSlFJzT
nJKckpzTnNOc05TSlJGckZSRlJGUUJRQlFGUUZySlFGUUYPOSUYwgihBKAAwADAA
MAAwADAAMAAwADAAMAA4QEjBUQJqBVmEWYNZxFnCakSDCIMIcodRw1FCUYNJAkDC
QME4wSiBIEAwwlqJjFGUkpzTnNOc05zTnNOc05TTlNOMk5SSlNOU04ySjJKMkoyS
jJKMkoSShFKEUoQRdBF8EXxRfBF0EWwQdBFsEGwQa9Brz2vPa89rj2OOW05jjmOP
e897z3OOc46EEIQQhBCEEHvPhBCMUYxRjFGEEIQQjFGUkpSSjFGMUYxRlJKUkpzT
nNOc05zTlJKc06UUpRSc05SSlJKc0pzSnNKckpSRlJGUUZRRjBCMUZRRlFGckpSS
lFGDz0lGMIMoQSAAKAAoACgAMAAwADAAMAAwADgAQEBIgUjBYcVRQ1FDUYJRgmIE
esd6x2pFUUJRQlFDSQJBAUDBOMIwgiBAKMNiyoRQlJKUkpTTnNOc05zTnNOU05ST
jJKUkpSTjJOMUoySjJKMkoyShJKEkoRShFJ8EXwRfBF8UXwQdBBsD3QQa9Br0GvP
a89r0GvQa9Bjj1tOY45jznvPe89zjmuOe8+EEIQQe89zjnOOhBCMUYQQe897z4QQ
jFGMUYQQhBCEEIxRlJKUkZSRlJKUkpSRlFGckpySlFGUUZRQlFGUkZRRjFGMEIwQ
jBCMEIPQjBGMEIwQnJGckZxRi9BJhjCDKAEYABgAIAAgACAAKAAoACgAKAAwADhA
QIFIwWGFSQNBAkkCUUJhxHKHcodiBVFCSQFJAUDBQME4wTDBKIEYQCjDawuEUJSS
lNKUkpSSnNOc05SSlJKUkoySjJKMkoxSjFKEUoRShFKEUoRShFKEUnxRfBBz0HxR
fFF0EGwQa890EGvQa9Bjz2vQa9Bjj2OPW45TTVuOW458D3vPe45zjYQPjBCMEIxQ
hA97z4xRjFGUkoxRhBCMUZSSlJKUkoxRhBCUkpzTnNOU04yRlJKc05zTnNOUkpzS
nNOUkpSSlJKUkpSSlJGckpRSlFGUUZSRnJGUkZyRnJGUkYwQQYYogyBBGAEYABgA
IAAYABgAGAAgACAAKAA4QDiAQMFRQ0DBOMFAwUkBWYNqBWoGYcRJAkDBQME4gUDA
OMEwgShBIEAwxHMNjFGUkpTTlJKUkpzTnNOU05TTjNOMkoySjJKEkYySjJKEUoRS
hJKMkoRShFGEUXQQdBB8EXxRdBBrz3PQdBBr0GvQa89r0GvPY89bj1tOW45TTVuO
e89zj3OOa017z4QQhBCEEHvPe8+EEIxRlJKMUYQPhBCMUpSSlJKUkYxQjJGc05zS
nNKUkZSSnNOk05zTlJKUkpzTnNKc0pzTnNKUkZRRnJKckZRRlFGUUZRRlFGcUpyR
lFGMEEHHKMMYQhABEAEQARABEAEQARABEAEYASABKAAwgTiCQMI4wjiBOIFAwVFC
YcVZxVFDQMFAwUCBQIE4gTCBKIEoQSBBMQRzjYxRlJKU05TSlNKU05TTnRSc05TT
jJKUk5SSjJKMkoSSjJKMkoySjJKEUoRRhFJ8UXxRfBB0EXQQdBB0EHQQbBBr0GvQ
a9Bjj2PQY89jz1uOU01bjnuPe49zjnONe86EEIQQhBB7z3OOhBCMUYxRjFF7z4QQ
lJKUkpSSjFGEEIxRlJKc05zSjFGUkpzTnNOc04xRlJKc05zTnNOc05ySlFGUUZSR
lFGUUJRQlFCUUJQQlFGckZRRjBFKCCjDGEEQAQgACAEIAAgACAEIAAgAEAAYASgA
MEEwQTiCQMMwgTCAMIBJAlmEUURJA0DCOME4gTiAMIEwQChAIEAgQDkEe46MUZSS
nJOUk5STlJOUk5TTlNOM04ySjJKMkoySjJKEUoRShFKEU4RShFJ8EXwRfBF8UXQQ
dBBz0HQQdBB0EHQQa9Br0GvQY49rz2OPY49bj1NOW497z3OOc45rTXvPhBCEEIQQ
e89zjnvPjFGMUYQQe8+EEIxRlJKUkoxRhBCMUZSSlJKUkoxRlJKc06TTnNOUkZSS
nNOc05zTlJKUkpSRlFGckZxRlFGMUZRQlFCUUJRRnJGUUYwRSgkowxhCEAEIAQgB
CAEIAQgBCAEIARABEAEgASgBKEFAwzjDMIEwgDBAOMFRQ0lDQQJAwTiAOIA4gDCA
KEAoACAAKEE5BHvOjFGUkpSTlJOUkpSSlJKU05TTlNOMkoySjJKMkoSRhFGEUYRS
hFKEUoRRfBB8EXxRfFF0EHQQbBB0EHQRdBF0EGvPa89jz2PPY89jz2OPW49TTluO
e85zznOOa01zzoQPhBCEEHvPc457z4RRjFGMUYQQhBCMUYxRjFGMUYQQjFGUkpzT
lJKMUZSSnNOc05zTlJKUkpzTnNOc0pzSnJKUUpRRlFKUUZRRlBGUUJRQjFCUUZyS
lFGMEUpJIMMQQggBCAEIAQgBCAEIAQgBCAEIAQgBEAEYACABOQQ4wihAKEAoQDCA
QQNBRDjCOIEwQDBAMEAoACAAIAAgAChBQQWDz4xRlJKUk5SSlJKUkpSSlNOUk5ST
jFKMkoySjJKMUoRShFKEUoRShFJ8EXQRfBF8EXwRdBB0EHQQdBB0EHQQbBBj0GPQ
Y89jjmPPY49bj1tOU05bT3vOc85zjmtNc457z4QQhBB7z3OOe8+EEIxRjFF7z4QQ
jFGMUZSRjFGEEIxRlJKUkpSSjFGMUZzTnNOc0pSSlJKc05zSnNKc0pSSjFGMUJRR
lFGUUZRRjFCMUYxQjFCckpRRlFFaiijEGEIQARABCAEIAQgBCAEIAQgBCAEIAQgB
EAEgATjEOMMgACAAKEAoQTjDQMM4gihBKEAoACAAIAAYABgAGAAggkFFhA+MUZSS
lJKUk5SSlJOUk5STlJOUk4xSjFKMUoxShFGEUYRRhFGEUoRSfBF0EXwRfBF8EXQR
dBF0EHQQdBB0EGwQY89jz2PPY49jz2OPW49bjlNNW457znPOc41rTXPOe8+EEIQQ
e89zjnvPhBCMUYxRe8+EEIxRjFGMUYxRhBCMUJSRlJKUkoxRjFKc05zTnNOUkpSS
nNOc0pzSnJGUkpRRlFGUkZRRlFGMEZQRlFGMEIwQnJKUUZQRYssoxBhCEAEQAQgB
CAEIAQgBCAEIAQgBCAEQABABGAEwxCiDGAAgACAAKEEwwjDDKIIgQSABIAAYABgB
GAEYARgBKINJh3vQjFGUkpSSlJKUkpSSlJKU0pSTjJOEUoxSjJKEUoRRhFGEUYSS
hFKEUnwSdBF8EXwRfBFz0HPQa9Br0HQQbBBr0GPPY89jz2OPY49bj1uPW05TTVuO
c85zjnONa0xzjnvPhA+EEHvPc457z4QQjFGMUXvPe8+MUYxRjFGMUYQQhBCUkpSS
lJKMUYxRnNOc05zTlJKUkpzTnNKckpySlFKUUYxRlJGUUZRRjFGMUIxQjFCMEJSR
lFGMUWLLKMQYQhABCAEIAQgBCAEIAQgBCAEIAQgBEAEQARABMMMogyAAIAAgACAB
KIIogiiCIEEYARgAGAAQARgBGAEYASiDSciEEIxRlJKUkpSSlJKUkpSTlJOMkoyS
jFKEkoxShFKEUoRRhFKEUoSShFJ8UXwQfBF8EXwRc9BsEGvQbBBsEGwQa9Br0GPP
Y89bjmOPW49bj1NOU05bjnOOc45zjmtNc457z3wPhBB7z3OOe8+EEIQQjFF7z3vP
jFGMUYxRjFGEEIwRlJKUkpSShBGMUZzTnNOc05SSlJKc05zTnJKUkpSSjFGMUJRR
jFGMEYxRjBGMUIwQjBCUkpRRlFFrDCkEGEIQAQgBCAEIAQgBAAEIAQgBCAEIAQgB
EAEQASiDIEIYARgBGAEgAShCKEMoQiBBGAEYARABEAEQARABEAEog1IJhBCMUYyS
lJOMkoySjJKMkoyTjJKMkoRRhFGMUoRSfFF8UYRRhFKEUnxSfFF8EHQQdBB0EWvQ
c9Br0GvQbBFsEGvQY89jz1vPW49jz1uPW49TTlMNW45zjnOOc01rTHONe8+EEIQQ
e89zjnvPhBCMEYxQe897z4xRjFGMUYxRhBCEEJSSlJKUkoxRjFGc05zTlJKUkpRR
nNKckpySnJGUkpRRjBGUUZQRlFGMEYwQjBCEEIwQlFKUUYxRa00pBBhCCAEIAQgB
CAEIAQgBCAEIAQgBCAEIAAgBEAEggyBCGAEYARgAGAEgQiBCGEIYQRgBEAEQARAB
EAEQARgBKINSCXwPhFGMkoySjJKMUoxSjFKUk4ySjJKEUYRRhFKEUYQRfBGEUYRR
hFGEUXwQfBB0EHQQdBBrz2vPa89r0GvQa9Brz2OPY49jj2OPY89jj1uPW05TTVuO
c45zjmtOa01zjnvPe8+EEHvPc45zjoQQhBCEEHvPe8+EEIxRjFGMUIQQhBCUkpSS
lJKMUYxRnNOc05SSlJKMUZyTnJKUkpRSlFKMUYwRlFGUUZRRjFCMEIwQjBCMEJRR
lFGUUHtOMQUYghABCAEIAQgBCAEIAQgBCAEIAQgBCAEIAQgBIEMYQhABEAEQARAB
GEIYQhhBEAEQARABEAEIAQgBCAEIASDEWkqEEIxRjJKMk4ySjFKMUoxSjJOMkoRS
hFGEUYRRhFF8UXwRfFF8UXxRfFF8EHQQdBB0EHRQbA9r0GvQa9Br0GvQY9Bjj2OP
Y49jj2OPW49bjlNOU01bjnOOc45zTWsMc417z3vPhBB7z3OOe8+EEIxRhBB7z3vP
jFGMUYxRjFGEEIQQlJGUkpSSjFGMUZzTnNOc05SRjFGUkpSSlJKUUoxSjFGMEJRR
jBGMUYwQjBCMEIwQjBCUUZRRjBFzjjEFGIIQABAACAEIAQgBAAEIAQgBCAEIAQgB
CAEIARhCEEEIARAAEAEQARgCGEIYARABEAEQAQgBCAEIAQgBEAEgxFrLe9CMUYxS
jJKMUoxSjFKMUoxSjJKEUXxRhFGEUYRRfBF8EXwRfFF8UXxRdBB0EHQQdBBsEGwP
a9Br0GvQa9Br0GPQY49jj2OPW49jz1uOW45TTVNNU45zjnOOa05jDWtNe897z3wQ
fA9zjXOOhBCMUYQQe89zjoQQjFGMUYxRhBCEEIxRlJKUkoxRjFGc05zTnNOMUYxR
lJKUkpSRjJKUUoxRjBCMUIxQjFCMEIwQjBCMEIwQlBCUUYwRg88xRhiCCAEIAAgB
CAEIAQgBCAEIAQgBCAEIAQgBCAEYQhBBCAAIAAgBCAEQARhCEAEQAQgBCAEIAQgB
CAEIARABIMRjDHwQhFGMUoxSjFKMUYRRjFKMUoxSjFKEEYRRhFGEUYQQfBF8EXxR
fFF8UXQQdBB0EHQQdBBr0GvQa9Br0GvQa9Br0GPPY9Bjj1uOW89bjlOPU05TTVOO
c45rTmtNYwxrTXvPhBCEEHvPa01zjoQQhBCEEHvPe8+MUYxRjFGMUYQQhBCUkpSS
lJKMUYxRnNOc05zTjFGMUZSSlJKUkpRRlFGMUYxQlFGMUYwQjBCMEIwQjBCMEJRQ
lFGMEIPPOUYYgggACAAIAQgBCAEIAQABCAEIAQgBCAEIAQgBEEIQAQgBCAEIAQgB
EEEYQhBBCEAIAQgBCAEIAQgBCAEQASjEYw18EIRQjFGMUoRRhFGEUYySjJKMUoRS
fFGEUYRRhFF8EXwRfBF8EXwRfBF0EGwQdBB0EHQQa9Br0GvQa9Br0GvQa9Bjj2OP
Y49bj2OPW09bTlNNU01bTnONc41rjWNMa017z3vPe897z2tNc457z4QQhBBzjnvP
hBCMUYxRjFGEEIQQlJKUkpSSjFGMUZzTnNOUkoxRjFGUkpSSlJKUUoxRjFGMEIxR
jFGMEIwQhBCMEIwQhBCMEJRRjBCD0EGHIIIIAQgBCAEIAQgBCAEAAQgBCAEIAQgB
CAEQARBCCAEIAQgBCAEIARABEEEQQQgBCAEIAQgBCAEIAQgBEAEpBGtNe8+EEIRR
jFKEUYRRhFGEUYyRjFKEUYQRhFGEUXxRdBF0EHwRfBF8UXQQc9B0EHQQdBB0D2vP
a89rz2vQa9Br0GvPY49jj1uPW49bj1OOW45TTVNNW05zjnONa01jDGtNc457z3vP
e89zTXOOe9CEEIQQe89zjoQQjFGMUYxRhBCEEIxRlJKUkoQQhBCUkpSSlJKMUYxR
lJKUkpSSlJKMUYxRjBCMUYxRjBCMEIQPhA+ED4QPjBCUkYwRg9BKCCCDEAEQARAB
CAEIAQgBCAEIAQgBCAEIAQgBEAEYARABCAEIAQgBCAEQARABEAEIAQgBCAEIAQgB
CAEIARABMUVzjnwPhFCMUYxShFGEUYRRhFGEUoRSfFF8EIRRhFF8EHQQdBB0EHxR
fFF8EXPQc9Br0HQQa89r0GvQa9Br0GvQa89jj2OOY49bj1uOW49bjluOU01TTVNN
c41rTWtNYwxrTHvOe8+ED3vPa01zjnvPhBCEEHvPe86EEIxQjFCEEHvQhBCMUYxR
jFGEEIQQlJKUkpSSjFGMUZSSlJKUkoxRjFGMUYQQjFGMUIwQhA+ED4QPhA+ED4QP
jFGEEIPPSkgggxABCAEIAQgBCAEIAQABCAEIAQgBCAEIARABEAIIAQgBCAEIAQgB
EAEQARABCAAIAQgBCAEIAQgBCAEQQjlGc457z4QQhFGMUYQRhBGEEYRShFKEUYRR
fBCEUYRRfBB0EHQQdBB8EXwQfBBr0GvQa9Br0WvQa89rz2vQa9Br0GvQY49jj2OP
W45bj1uPW05bTlMOUw5bTnONa01rTWMMa017z3vPe89zz2tNa457z3vPhBB7z3OO
hBCEEIQQhBB7z3vPjFGMUYxRhBCEEJSSlJKUkoxRhBCUkoxRlJKUkoxRjFCEEIQQ
jBCMEIQPg8+Dz4QPhA+MD5RRhBB7z1KJIMMQARABCAEIAQgBCAEIAQgBCAEIAQgB
CAEIARACCAEIAQgBCAEQARABEAEQAQgBCAEIAQgBCAEIAQgBGEI5h3OOc8+EEIxR
jFGEEYQRhBGEUYRRhFGEUXwQfFF8UXwQdBB0EHQQfBF8EXQRa9Br0GvQa9Br0GvP
a89rz2vPa9Bj0GOPW49jj1uOW45bjlOOW45LTVNOU05zjWuNa01jDGsMc457z3vP
e89rjWuNe898D3wQc45zjoQQjFGEEIQQe897z4xRjFGMUYQQhBCUkpSSlJKMUYxR
lJKUkpSSjFGMUYQQhBCMUYwQjBCDz3vPg8+Dz4PPhA+MUIQQe89ayyDDEEEIAQgB
CAEIAQgBCAEIAQgBCAEIAQgBCAEQAQgBCAEIAQgBCAEQARABEAEIAQgBCAEIAQgB
CAEIARBCQghzjnPOhBCEUYRRhBGEEIQRhBGEUYRRhFF8EHxRfBF0EXQQc9B0EHwQ
fBF0EWvPa9Br0GvQY89jz2PPY89jz2PPY89jz1uOW49bT1uOW45TjlNOSw1LTVNO
a01rTWMMYwxjDHOOe457z3vPa01zTXvPg8+EEHOOc46EEIQQhBCEEHvPe8+EEIxR
jFGEEIQQlJKUkpSSjFGEEJSSlJKUkpSSjFGMUYQQjFCMEIQQg8+Dz4PPg8+Dz4PP
jBGMEHvPawwoxBABEAAIAAgACAEIAQgBCAEIAQgBCAEIARABEAEQAQgBCAEIAQgB
CAEIAQgBCAEIAQgBCAEIAQgBCAEYQlJJc45zjoQQhBGEUnwRfBB8EYQRhFGEUXwQ
e9B8EXwRc9Bz0HPQdBB8EXwRdBBrz2vQa9Br0GPPY89jz2PQY9Bj0GPQW89bj1uP
W49bj1uPU45TTksNSw5TTmtNa01jDWMMYwxzjnOOc45zjmNNa017z3wQe89zjmuO
e8+EEIQQe897z3PPjFGMUYxRhBCEEJSSlJKUkoxRjFGUkpSSlJKMUYxRjFGEEIwQ
jBCEEHvPe897z3vPg8+Dz4wQhBB7z3NOKQUIQQgBCAEIAQgBCAEIAQgBCAEIAQgB
CAEIAQgBCAEIAQgBCAEIABABEAEIAQgBCAEIAQgBCAEIAQgBGINainOOc46EEIQR
hFF8EHwQfBF8UYRRhFF8EXQQfBB8EXPQc9Bz0HPQdBB0EGvQa49rz2vQa9Bjj1uP
Y49jz2PPY89jz1uPW45bj1tOW45bjltOU05LDVMNU01rjWtNaw1jDGMMc45zjnOP
c45rTWtNc457z3vPc45rTXvPhBCEEIQQe897z4xRjFGMUYQQhBCUkpSSlJKMUYxR
lJKUkpSSjFGMUYQQe8+EEIQQhA97z3vPe897z3vPe9CEEIQQe897zzFFEAEIAAgA
CAEIAQgBCAEIAQgBCAEIAQgBCAEQAQgBCAEIAQgBCAAIAQgBCAEIAQgBCAEIAQgB
CAEIARiDWsxzjmuOfBCEUYRRfBB8EHwQfBF8EXwRdBBz0HwQdBBz0GvPc9B0EHQQ
dBBsEGvPa9Br0GvQY89jj2OPY49jz2PPY89jj1tOY49bT1uPW49TTlNOSw1LDUtN
a01rTWtNYwxjDHOOc45zjnOOYwxrTXOOe897z3OOa017z3vQhBCEEHvPe8+EEIxR
jFGEEIQQjFGUkpSSjFGEEJSSlJKMUYxRhBCEEHvPhBCEEIQQg897z3vPe897z3vP
g8+EEHOOe845xxBBCAEIAQgBCAEIAQgBCAEIAQgBCAEIAQgBEAEIAQgBCAEIAQgB
CAEIAQgAAAEIAQgBCAEIAQgBCAEgxGMMa45rjnwQfFCEEXvQe9B8EXwRfBF8EXPQ
c9B8EHwQc89rz2vPc9B0EHQQdBBjz2vQa9Br0GOPY49jj2OQY5Bjz1vPY49bj1uP
U49Tj1OOS05TTksMS01TTWtMY0xjTFsMYwxzjnOOe89zjmtNa01zjnvPe89zjmtN
e86EEHwQfBB7z3vPhBCMUYxRhBCEEIxRjFGMUYxRhBCMUZSSjFGMUYQQhBB7z4QQ
hA+ED3vPe857znvPfA97z3vPhBBzjnuOSggQQQgBCAEIAQgBCAEIAQgBCAEIAQgB
CAEIAQgBCAEIAQgBCAEIAQgBCAEIAQgBCAEIAQgBCAEIAQgBKQVjDWuOa458EHwQ
fBBzz3PPdBB8EHwQfBBzz2vPdBB0EGvPa89rz2wQdBB0EGvPY49rkGvPa9Bjz2OP
Y49jj2PPY89jz1uOW05bjlOPU45TTlNOU05LDVNNU01rTWtNYwxay1sMa45rjnPO
c45jDGMMa45zz3PPa45rjXvPe8+Dz3vPe89zjoQQhBCEEHvPe8+MUYxRjFGEEIQQ
jFGMUYxRjFGMUYQQe8+EEIQQhBB7z3uOe497joPPg897z4QQc45zjlKKEIEIAAgB
CAEIAQgBCAEIAQgBCAEIAQgBCAEIAQgBCAEIAQgBCAEIAQgBCAEIAQgBCAEIAQgB
CAEIATmGa01rTWtNe898EHwQc89zz3PQfBB8EHwQc89rz3QQdBBrz2vPa890D3QQ
dBBrz2OPa49rz2vQY89jj2OPY49jj2PPW89bjlOOW49bTlNOU05TTlNOSw1TTktO
a01rTWMMWstbC2tNc45zjnOOY01jTXOOe897z3OOa01zz3vPe897z3OOc46EEIQQ
hBB7z3vPjFGUUYxRhBCEEIxRjFGMUYQQhBCEEHvPhBCEEIQQe897z3vOe457z3vP
e8+EEHOOc05izBiCCAEIAQgBCAEIAQgBCAEIAQgBCAEIAQgBCAEIAQgBCAEIAQgB
CAEIAQgBAAEIAQgBCAEIAQgBEAFByGtNa01rTXvQfBB8EHPPc890D3wQfBB8EHPP
a49z0HQQa89jz2vPdBBz0HQQa89jjmvPY89jz1uOW49bj1uPW49bj1uPU45TTluO
W45bT1NPU05TTksMS01LTWNMYwxjC1rLWstrTWtNa45rjmMMYwxrTXOOc45zjmtN
c457z3vPe89zjnOOhBCEEIQQe897z4xRjFGMUYQQg9CMUYxRjFGEUYQQfA97z4QQ
hBCDz3uOe45zjnuOe897z3vOhA9rTWtNa00gwxABCAEIAQgBCAEIAQgBCAEIAQgB
CAEIAQgBCAEIAQgBCAEIAQgBCAEIAQgBCAEIAQgBCAEIARABUolrTWNNY01zz3vQ
fBBzz3PPc9Bz0HQQc9Brz2vPc9Bz0GuPY49jj2vQa9Fr0GPQW45jz2PPY89bjmOP
W49bz2OPY49bj1NPU05bj1NOU05TTktNS01DDUtNSw1jDGMMYwtay1rLa01zjnOO
c45jDGMMa41zjnOOa41rTHOOc897z3vPe89zjoQQhBCEEHvPe46EUIRRjFGEEIPP
jFGMUYxRhFGEEHvQe897z3vPe89zjnOOc45zjnOOc457z3vPa01rTWtNKMQQAQgB
CAEIAQgBCAEIAQgBCAEIAQgBCAEIAQgBCAEIAQgBCAEIAQgBCAEIAQgBCAEIAQgB
CAEQQmLMYwxjDGMMc898EHvQa89rz2vPc890EHPPa89rj2vQa9Bjj2OOY49r0GvQ
a9Bjj1uOY49bz2PPW45bjluOW49bj1uPW45bjlNOU45TTlOOS05LTktOSw1LTksN
YwxjDFrLWstay2tMa01rTWtNYwxbDGtNc45zzmtNYwxrjXPPe89zz3OPc0570HvQ
hBB7z3POhBCEUYxRhBB8EIxRjFGMUYxRhBB7z3vPe897z3vPc45zjnOOc45zjnOO
c45zjmtMa0xrTTmGCEEIAAgACAEIAQgBCAEIAQgBCAEIAQgBCAEIAQgBCAEIAQgB
CAEIAQgBCAEIAQgBCAEIAQgBGINjDGMMWwxbC3PPdA9zz2uOa49rj3PPc9Bzz2uO
a45zz2vPY45bjmOOa89r0GvQY49bTmOPY89jz1uOW45jjluPW49bj1OPU05TTlNO
U05TTktNS01LDUMMSw1LDWMMYwxazFKLUstjTWtNa01rTVsLWwtjTWuOc85rTWMM
c01zjnPPc85zjmuNe8+ED4QQe89zjoQQhFCEUXwQe8+MUYxRjFGMUYQQe89zjnvP
e897z3OOc45zjnONc45zjnOOc45jDGMMYwxKCBBBCAEIAQgBCAEIAQgBCAEIAQgB
CAEIAQgBCAEIAQgBCAEIAQgBCAEIAQgBCAEIAQgBCAEIATFGYw1bDFrLWstzznPP
c89rjmuOa45rz3PPa89jjmOOa89rz2OOW45jzmvPbA9r0GOPW05jj2OPY49bTltO
W49bj1uPW49Tj0tOU05TjlNOU05LDUsNSw1DDEsNSwxjC2MLWstSylKKYwxjTWtN
a01bDFrLY01rjXOOa01jDGtNc45zjnOOa01rTXvPfA98EHPPc46EEIxRjFF8EHvP
jBGMUYxRhBCEEHwPc85zz3PPe89zjnOOc45zjnOOc45zjnOOYwxay2MMUooQQQgB
CAEIAQgBCAEIAQgBCAEIAQgBCAEIAQgBCAEIAQgBCAEIAQgBCAEIAQgBCAEIAQgB
EAFCCGMMWstSylLKa85zz3PPY45rjmvPa89rz2uPY45jjmvPY89bjluOW45jz2PP
Y89bjlNNW85bjluPU05TTlOPW45bjluOU45TTUtNU45TTlNOSw1LDUsNSsxLDUrM
WwtaylrLUopSimMMYwxjDGNNWstay2NNa01rTWNMWwtrTXOOc45zjmtNY01zz3PP
e89zzmuNfBB8EIQQe897z4xQhFCEUIQRe9Bzz3OOe497z3OPc45zjnOOc45zjnPO
c45rjWLLWstjDGLMGMMIAQgBCAEIAQgBCAEIAQgBCAEIAQgBCAEIAQgBCAEIAQgB
CAEIAQgBCAEIAQgBCAEIARBCWstiy1rLUolKimuOa89rz2OOY45jjmuPa89rj2NO
W05jj2OPW01bTWNOY49jz2PPW45TTluOW45bjlNNU01TjlOOU45TjlNOSw1LDVNO
S05LTksNQw1DDULMQsxCzFrLWstaylKKUopjDGMMYwxjDFrLUstbDGtNa01jDFrL
YwxrjXOOc45rTWtNc45zz3vPc45rTXvPhBCEEHvPc46EEIQQhBCEEHvQc89rjnOP
e89zjmtNa01rTWtNc45zjnOOc45ay1KKWstiyzGGCAEIAQgBCAEIAQgBCAEIAQgB
CAEIAQgBCAEIAQgBCAEIAQgBCAEIAQgBCAEIAQgBCAEgxGMNWotay0pJUoprjmvP
a45jTWNNa45rjmuOY45bTVtNY45bTlNNU01bjmOOY45jjlNNUw1bjluOU41LDUtN
U01TTlNOU05TTksNS01LTUsNSw1CzULNQs1CjErMQstai1rLUopSiUpJWstay2MM
YwxSilKKWstjDGtNYwxay2MMa01rTWtNa01jDHOOc89zz2uOY017z3vPfBBzz2uO
fBCEEIQQfBB7z3OOa45zjnOOc45zTWtNa01rTWtNc45rTWtNWstKSVrLYstSSRBB
CAAIAAgBCAEIAQgBCAEIAQgBCAEIAQgBCAEIAQgBCAEIAQgBCAEIAQgBCAEIARAB
OcdjDFrLUopCCEqKa41jjWOOW01bTWOOY45jjltOW0xbTWOOW01TDFMMWw1bjluO
W45TTUsMU05TTUtNSwxLDEsNS01LTUtNSw1CzErMSw1KzUrMQsxCzELMOotCizqL
WopSilKKSklKSVrLWstay2MLUopKSlrLYwxjDFrLUopay2tNa01rTWNMWstrjXOO
c45rTWsMc457z3vPc45zTXvPe9B8EHPPc89rjmtNc45zjnOOa01rTWtNa01rTWtN
a01rTVqLQgdSiVrKWsoYwwgBCAEIAQgBCAEIAQgBCAEIAQgBCAEIAQgBCAEIAQgB
CAEIAQgBCAEIAQgBCAEQQlKKWstKSUpJOcZKiWNNY41bTVMMUwxbTVtOW01bTVMM
UwxbTVsMUsxSzFMNW01bTVMNSwxDDEsNUw1KzErLSsxKzEsMSwxLDErMQstCy0LL
QstCy0KKQoo6ijqKOoo6SVKKUopKSUIIQghSilKKWspaylKJSklSilrLWstay0qK
UstjTGMMYwtjC1rKa01rTWtNYwxay3OOc45zjmtNYwxzjnPPc89zznOOa01jDGtN
a01rTWMMYwxjDGMLY0xrTWtMYwxayjnGSkhSiVqKOccIAQgBAAEIAQgBCAEIAQgB
CAEIAQgBCAEIAQgBCAEIAQgBCAEIAQgBCAEIAQgBKQVai1KKSklKSTGGSolbDFsM
WwxSy1LMUwxbDFsMUwxKy0rLUwxKy0qLSotSy1MMUwxTC0rLQspKzErLQotCikKK
QopCikKLQos6ijqKOopCikJKOko6STpJOkk6CDoJMghKSUJJQkhCCEIISklSilKK
UolKSEpIUolSylLKUolKSFKKWstay1rLUopKilsMYwxjDFrLUsprTGtNc01jDFsM
a45rjmuOa41rTWMMYwxrDGtNYwxay1rLYwxay1sMYwxjDFrLUooxhUIHSkhSSVJJ
EEEIAAgBCAEIAQgBCAEIAQgBCAEIAQgBCAEIAQgBCAEIAQgBCAEIAQgBCAEQAUHH
SghCCEIHQccxRkpJWstay1LLSopKikrLUstSy0rKQopKikrKQopCSUJJSopKikqK
SopCSkJJQopCSkJKOkk6STpJOkk6SToJMgkyCTIJOgkyCTIJMggxyDHIMccxxynH
QghCCDoIOcc5x0IIQghKSUpJQghCB0pIUklSSUpIQghKSVKKUopKSUpJSkhSilrL
WspSikqJYwtjDGMMWstSimMMYwxjDGMLYwxay1LKWwtbC1rLUopSilKKUopSilrK
WspSylKJOYVBx0oHSkhSSTFFCAAIAQgBCAEIAQgBCAEIAQgBCAEIAQgBCAEIAQgB
CAEIAQgBCAEIARABIMMxhjmGOYY5hjmGMUVKSFKJUopKiUJIQklKiUqJSopKSUJI
QklCSUJIOgg6CDpIQklCSUJJOgg6CDoIOgg6CDIIOgg6BzoHMgcxxynHMccxxzHH
KcYphymGKYYphiGGKYYhRUHHQcY5xjmGMYVBx0IHQgdCBznGOcZBx0oHSghByDmH
QchKSUpJQkhCCDoHSkhKSVKJSkhCB1KJWolailKJSklSi1rLWstSy1KKUopKiVKK
UopKikpISklSiUpISkhSSVJJSklKCTFFMYU5xkHHSghByBiCCAAIAQgBCAEIAQgB
CAEIAQgBCAEIAQgBCAEIAQgBCAEIAQgBCAEYQjEEMUUxhTFFMUUxRTFFQghCSUpJ
Qkk6CEIIQghCCEIIQgg5xznHOcgxxzHHMcc5yDoHOgc5xzGHMccxxzHHKcYxhjGG
MYYphimGKYYphSFFKUUpRSlFKUUpRSkFIQUhBSEFIQQ5RTlFMUQxRClEMYU5hTmF
OYUxRDFEOYVBxjnGOYUxhTmGQcdBx0GHOYY5hkHHQghCCEHGQcZKB0oISghCB0IH
SkhKSEpISkhKCEIHSgdKCEoISghBx0IHQgdCB0IHQghCB0IHQccxRTEEMUU5hkHH
QccxRRBBCAAIAQgBCAEIAQgBCAEIAQgBCAEIAQgBCAEIAQgBCAEIARBBIMQpRTmF
OYYxRDFEMUQxhDnGQcc5xznHOcc5xjnHOcc5xznGMYUxhjGGKUYpRilFKUUxhjGG
KUUpRSlFKUUpRSlFKUUhBCEEIQQhBCEEIQQhBCEEIQQYwxjDGMMYwxjDEIIYwxjD
KMMpAykDKMIowzEEMQQxBDEEKQMpAykDMUQxRDFEKQMxRDFFMUUxRTFEMQQ5RTmG
MYUxRDFEOYU5hTmFMUQxhDmFOYU5hTmFOYU5hTGFOYU5hTmFMUQ5hTmFOYU5hTmF
OYU5hTmFMUQxAzlFMUU5hjGFMUUgwxABCAEIAQgBCAEIAQgBCAEIAQgBCAEIAQgB
CAEIAQgBEAEgwykEKUQpRTFFKQQxBDEEMQQxRDFEMUUxRClEKQQpRClFKUQpRCkE
KQQhBCDDIQMhAyEDKQQhAyEEIMMgwyDDIMMYwxjDGMMYwxjDGMMYwxjDGMMYwhjC
GIIQghCCEIIQghCCEIIQgijCKMIowiDCIMIowyjDKMMowyjCKMIpAjEDKQMpAykC
KQMxBDEDKQMpAykDKQMxBDEEMQMxAzEDMUQxRDEDMQMxRDFEMUQxRDFEMUQxBDFE
MUQxBDEEMQQxAykDMQQxBDEEMQQxBCjDMQMxAzFEMUQxRDFEKMMgwhBBCAEIAQgB
CAEIAQgBCAEIAQgBCAEIAQgBCAEIARiCIMMowykDKQMpBCkEMUQxBCkDKQMpAykD
KQMpAyjDKQMpAykDKQMpAyEDIQMgwiDDIMMgwyDDIMMgwyDDIMMgwyDDIMMgwyCD
IMIgwiDCIMIgwiDCIMIYwhiCGIIYghiCEIIYghhCGIIogiiCKIIogiiCKIIowjDC
KMIowijCKMIwwijCKMIowijCKMIxAjDCKMIwwjECMQIxAikCKQIxAjECMQIxAzkD
MQMxAzEDMQMxAzEDMQMxAzEDMMIwwjDCMMIwwjDCMMIowijCKMIowijDMQQpAzED
MQMwwyjCKIIYghBBCAEAAQgBCAEIAQgBCAEIAQgBCAEIARABGIMgwyDDIMMpBCkE
MQUxBDFEMQMowyjDKMMpAyjDKQMpAykDKQMpAyjCKMMowyjDKMMowyjCKMIpAikC
KMIgwiDCIMIgwiDCIMIgwiDCGMIgwiDCIMIggiCCGIIYghiCGIIYghiCGIIYgRiB
KMIogiiCKIIogiiCKMIowijCKMIowijCKMIwwikCKMIowijDKMIowijCKMIwwjDC
MMIwwjECMMIxAjECMQIxAzEDMQMxAzEDMQIxAjECMQIxAjECMQIwwjDCMMIwwzDC
MMIwwijCKMIowjDDMQMxAzEEMMMowzDEKMMowyCCEEEIAQgBCAEIAQgBCAEIARAB
GIMgxCDDKMMogzDEOQVBRjkFMQMxAzECKMIowjDCMQMwwyjDKQMpAzEDMQMxAykC
KQMpAykDKQMpAijCKMMowyjDKMMowyjCIMIgwiDCIMIgwiDCIMIgwiDCGMIYgyCD
GIIYghiCGIIYghiCGIIYgiiCIIIggiCCIIEggiCCKIIogiiCKIIwwijCKMIowijC
KMIowijCKMIowyjCKMIowyjDKMMwwzDDMMMxAzEDOQMxAzEDMQMxAzEDMQMxAzED
MQMxAzEDMQMxAzECMQIxAjDCKMMowiiCKMIpAzEDKQMxAzECMQMxAyjCKQMpBDFF
KUUgxBiDGIIYghiCGMMgwykEKQQpBCkEIMMwxDlFQYYxBDEDMQMwwzEDMQMxAzED
MQMxAzEDMQMxAzEDKQMpAykDKQMpAyjDKMMhAykDKMMowyjCKMMggiDCIMMgwyDD
IMMgwiDCIMIYwiDCIMIgwiCCIIIYghiCGIIYghiCGIIggiCCIIIggSCBKIEogSjB
KMEowSjCKMIowijCMMMowijCIMIowijCKMIowijDKMIowijCKMIowjDCMMIxAzED
MQMxAzEDMQMxAzEDMQMxAzEDMQMxAzEDMMIwwjDCMMIwgijCKMIowijCKMIxAyjD
KMMowzEEOUUxRDEEKQQpAykDKQMpBCkEKQQpBCDEIMMpAykEKQQpBCjDKQMpAzEE
MQQxBDEDMQMxAzEDMQMpAikCKQIpAykDKQMpAykDKQMpAykDKQMowijCKQMowijC
KMIowijCIMIgwiDCIMIgwiDCIMIgwhjCIMIgwiDCIMIgwiDCIIIYghiCGIIYghiC
KIIogiiCIIEggSCBIIEogSiCIIIggiDCIMIowiDCKMIowijCKMIowijCKMIowijC
KMIowijCKMIowijDKMMwwzDDMMMwwzDDMMMwwjECMQIxAjDCMMIwwijCKMIowijC
MMIowijCKIIowijCKQMowyjDKQMowikDKMIggSCBIIIpAzFEMYQxRCkDKQQowyDD
IQMpBCkEKUUpBCkEKQQpBDFEMQMxAjEDMQMxAzEDMQMxAzFDMQMxAykDKQMxAykD
KQMpAykDKQMpAikDIQIhAiDCIMIgwiDCIMIgwiCCIMIgwiDCIMIgwiDCIIIggiCC
GIIYghiCGIIYghiCEIIYgiCCIIIggiiBKIIogiiCKMIowijCKMIowijCKMIowijC
KMIowijDKMIowijCKMIowijCKMIowijCKQIowijCKMIwwzDDMMMwwzDDMMMowyjD
KMIowyjCKMIowijCKMIowiDCKMIowijCIMIgwijDKMMowyjDIMMgghiCGIEYgSDC
IQMpAzFEMUQxBCkDIQMgwyDDIMMgwykDKQQpBCkEKQQpBCkDKQMpAykDKQMowikC
KQIpAikCKQMpAikCMQMpAykCKQIpAykCKQIpAikDKQMowyjDKMMgwyDDIMMgwiDC
IMIgwiDCIMIgwiDCIMIgwhiCGIIYghiCGIIYghiCGIIggSCBIIEggSCCIIIogSjB
KMEowSjBKMIowijCKMIowijCKMIowijDKMIowijCKMIowijCKMIowijCKMIowijC
KQIowijCKMIowijCKMIgwijCKMMowijCKMIpAijCKMIowijCKMIowiDCIMIowijD
KMMggiCCGEEYQRhBGEIgwyjDKMMowykDKQMpAylDIMMgwyDDIMMgwykFKQQpRCkE
KQMxAzDDKMMowijCKMIowijCKMIpAykCKQIpAijCKMIowijCKMIowijCKMIowijC
IMIgwiDCIMIgwiDCIMIgwiDCIMIgwiDCIMEgwiCCIIIggiCCGIIYghiCGIIYghiC
IIEggSCBIIEggSCBKIEogSiCKIIggiiCKMIowijCKMIowijCKMIowijCKMIowijC
KMIowijCKMIgwiCCIIIgwijCKMMowijCKMIowijCKMIowijCKMIowijCKMIowijC
KMIowijCKMIowijCKMIowikDIIIgghhBGEEYQRhBGIIgwyDDIMMgwyEDKQMgwxiC
IIIggiDCIMIpBCkEKUQpBCkDKQIowyjDKMIowijCKMIowijCKMIowijCKMIowyjD
KMMowijCKMIowijCIMIgwiDCIMIgwhjCIMIgwiDCIMIgwhjCGIIYghiCGIIYghiC
GIIggiCCIIIYghiCGIIYgiCBIIIggiCCIIIggiCBIIEggSCBIIEggSCCIIIggiiC
IIIggiCCIMIowijCKMIowijCKMIowiCCIIIggiDCIMIowijCKMIowijCKMIowijC
KMIowijCKMIowijCKMIowijCKIIowijCKMIowijCKMMowiDCIIIYghhBGEEYQRhA
GIAYgRiBIIEggRiBGIIYghiCGIMggyDDKQQpBCkEKQQpAyjCKMIowijCKMMowyiC
KMIowijCKMIowijCKMIowijDKMMowijCKMIowijCKMIgwiDBIMIgwiDCGMIgwiDC
IMIgwiCCIIIgghiCGIIYghiCGIIYghiCGIEQgRiBGIEggSCBIIEggSCBIIEggSCB
IIEggSCBIIIggiCCIIIggiCCKIIogijCKMIowijCKMIowijCIMIggiCCIIIgwijC
KMIowijCKMEowijCKMIowijCKQEowijCKMIowijCKMIogijCKMIowijCKMIgwiDC
IMIgwiDCIIIYQRiCEEEQABAAEAAQQRBAEEAQQRBBGEEYghiCIMIhBCEDKQQpBCkE
KMMggiCCIIIgwiDCIMIowijCIMIgwijCKMIowijCKMIpAikCKQIowyjDKMIowyjD
KMMgwiDCIMIgwiDCIMIgwhjCIMIgwiDCIIIggiCCGIIYghiCGIIYghhCGIEQQRBB
IIEggSCBIIEggSCCIIEggSCBGIEggSCCIIIggSCCIIIgwiCCIIIggiCCIIIgwiDC
KMIowijCKMIowijCKMIowijCKMIowijCKMIowijCKMIowijCKMIgwijCKMEwwijC
KMIowijCKMIowjDCIMIgwSCBIIEggSCCGIIQgRiBEIEQQRBBCAAIAQgBEAEQARBB
GIIgwyDDIMMoxCjEKMMowiDCIIIowijCKMIowijCKMIowijCKMIowijCKMIxAikD
KQMpAikDKQMowijCKMIowijCKMIgwiDCIIIgwiDCIMIYwiDCIMIgwiDCIIIgghiC
GIIYghiCGIIYQhhCGEIQQSCBIIEggSCBIIEggSCBIIEggSCBIIEggiCCIIIggiCC
IIIggiCCIIIggijCKMIowijCKMIowijCKMIowijCKMIowijDKMMowijCKMIowijC
KMIowijCKMIowijCKMIowijCKIIogijCKMIowiCCIIEggCCAGIEYQRhBEEEYQhBB
EEEQQQhAEEEQQRBBEEEQQRhBGIIYgiDDIMMggyCDIIEggSDCKMIowyjCKMIowijC
KMMwwikDKQIpAikCKQMpAykDKMIowijCKMIowijCKMIowiDCIMIgwiDCIMIYwiDC
IMIgwiDCIMIgwiCCIIIYghiCGIIYghiCGIIYghiBGIEggiCBIIEggSCCIIEggSCB
IIIggiCCIIIggiCCIIIggiCCIIIggiDCKMIowijCKMMowijCKMIowijCKMIowijC
KMIowyjDKMIowijCKMIowijBKMIowijCKMIggijCKMIowSjCIMIgwiCCIIEggSCB
IIEYgRhBGEEYQRBBEEEQgRBBEEEQQRBBEEEQQRBBGIIYgRiBGIEgwiDCGIEYgSCB
IIEowijCKMIowijCKMIowijCKMIowikCKQIpAykDKQMowijCKMIowijCKMIgwiDC
IIIgwiDCIMIgwiDCIMIYwiDCIMEggiCCGIIYghiCGIIYgiCCGIIYghiCGIIYgRCB
IIEggSCBIIEggSCBIIEggSCBIIEggSCBIIIggiCCIIIggiCCIMIgwijCKMIowijC
KMIwwijCKMIowijCKMMowijCKMIowijCKMIowijCKMIowijCKMIowiiCKMIowijC
KMIowSCBIIEggSCBIIEggRiBGIEYQRhBGEEYQRhBGEEQQRBBEEEQQRBBGEEYQRhB
GEEYgRiCGIIgghiBIIEggiDBKMIowijCKMIowijCKMIowijCKMIowijCKMMowyjC
KMIowijCIMIgwiDCIIIgwhjCIMIgwiDCIIIggiCCIIIggiCCGIIYghiCGIIYghiC
GIIYghiCGIIYghiCGIIQgSCBIIEggSCBIIEggSCBIIIggSCCIIEggSCCIIIggSCC
IMIgwijCKMIowijCKMIowijCMMIowijCKMIowyjCKMIowijCKMIowijCKMIowijC
KMIowijCKMIowyjCKMIowiiCKIIggiCCIIIYgSCBIIEgQRhAGEAYQBhAGIAYQBhB
GEEYgRiBGIEYgSCBIIEggSCCIIEYgRiBIIEggSCCIIIgwiDCKMIowijCKMIowijC
KMIgwijCKMIowijCKMIogiDCIMIYwiDCIMIgwiDBIMIgwiDCIMIggiCCIIIggiCC
IIIggiCCIIIggiCCIIIYghiCGIIYghiCGIIYghiCGIE=
END m9
frame    21 :  a glass with tea -0.74  an empty glass -0.93   led   0/255 h0.00 lvl-0.84   -
frame    22 :  a glass with tea -0.76  an empty glass -1.13   led   0/255 h0.00 lvl-0.94   -

snapshot  : frame 23, mean RGB 114 110 110
BEGIN m9 128 128 32768 ce9654f2
UkdKBmLJcwtzC2sLawtiynuNhA+MD4QPe457zoxQlJGUkoxRjFCMkZSSnNOc05zT
nNOc0pSSlJKlFKUUpRSc05zTpRSlVKVUpVSdFJzTrVWtVa1VnRSdFKUUrVWtVa1V
pVWdFK1VrZa1lq2VpRStVa2VrZatlq2WrZalVaUVrVatVq1WrZalVaVVpVWtVa2W
rZWlVKVUpVWtVq2WpVWlVZ0UpVWllaVVnVSVE51UpVWlVZ0UlNOdFJ0UnRWdFZUU
lRSM05TTlROU05TTlNKM04zSjNOM04zTjNOEk4SShJGMkYyShFF8UXwQfFCEkXxQ
fFB0D3wQfBB8EHQQc89rzlpHSgZiiWsKawtrTGMLWspzjYQPhA+EEHOOe8+MUYxR
lJKMUYQQjFGUkpzTnNOc05zTnNOc05SSpRSlFKUUnNOc06UUrRWtVa1VpRSc06VU
pVWlVZ0UnRSlVa1VrVWtVaVVpRStVbVVtZatlaVUrVW1lbWWtZatlq2WrVWlVa1W
rZatlq2WpVWtVa1VrVW1lq2WpVWlVaVVrZatlq1WpVWdFaVVpVWlVZ0UnRSlVaVV
pVWdFJUUnRSdFZ0VnRSVFJUUlNOU05UUlNOU04zTlNOM04zTjNOM04zTjJOEkoSS
hJKEkoSRhFF8EHxRhFF8UXxRdBB0EHwQfBB0EHPPa49aR0oGYslrS2tLawxrC2LK
e42ED4QPhBBzjnvOjFGUkZSSjFGEEYxRlJKc0pzTnNOc05zTlNKUkqUUpRSlFJzT
nNOlE60UrVWtVaUUnNOlFK1VrVWlFJ0UpRStVa1VrVWlVaUUrVW1VrWWrVWlFK1V
rVa1VrWWrZatlq1VpVWtVq2WrZatlqVVpVWtla1VtZatlqVVpVWlVa1VrZalVqVV
nRWlVaVVpVWlFJ0UpVWlVaVVnRWU1J0VnRWdFZ0VlRWU1IzUlNSU1JTUlNOUk4zT
jNOM04zUjNOM04yShJKEkoSSjJKEUYRRfBB8UHxRfFF8UHQPdBB0EHQQc89rz2uO
WkhKB2KJcwtrC2tLYwtiynONhA+ED4QPc857z4yRlJGUkoxRhBCMUZSSnNOc05zT
nNOU05TTlJKdFKUUpRSc05zTpRSlFKVUpVSdFJzTrVStVa1VnRSc1KVVrVatlq1W
pVWlFa1VrVW1lq1VpRStVbWWrZatlq2WrVatVaVVrVatlq2WrZetVa1VrVWtVbWW
rZalVaVVpVatVq1WrValVZ0UpVWlVaVVpRWdFKVUpVWlVZ0UlNOdFJ0UnRWdFZ0V
nNSU05zUlNOU05TTlNOU04zTjNOM04zTjJOEkoSShFGEkoSShFGEUXwQhFGEUXwQ
fBF0EHQQdFB0EHQPc89rjlpIUgdiiWsLa0trTGsLYspzjYQPjE+ED3uOe86UUZSR
lJGMUYRRjJGUkpzTnNOc05zTnNOUkpSSnNOlFKUUnNOc06UUrRStVa1VpRSc061V
rVWtVaUUnNOlFK1VrZWtVaVVpRStVbVVtZatVaUUrVW1lrWWtZa1lq2WpVWlFa1W
rZatlrWXrVWtVa1VrVW1lq2WpVWlVa1VrVatlq1WpVWlFa1VrVatVaUVnRSlVKVV
pVWdFJUUnRSdFJ0VnRWdFZ0UlNOU1JTUlNSU05TTjNOM04zTjNOM04zTjJOMkoRR
hFKEkoRShFF8EYRRhFJ8EXwRdA90D3wQdBB0EGvPa45aiEoGWolrS2tLa0trS2MK
c42ED4RQhFB7z3vPlJGUkpSSjFGMUYySlJKc05zTnNOc05zTlJKUkp0UpRSlFJzT
nNOk060UrVStVaUUpROtVa1VrVWlFKUUpRStVa1VrVatVaUUrVWtVbWWrValFa1V
tZa1lrWWtZatlq1VpVStla2WtZa1l61VrVWtlbVWtZa1lqVVpVWtVbVWrVatVqVV
pRWtVa1VrVWdFJ0UnRWlVaVVnRSdFJ0UnRSdFJ0VnRSdFJTTnNOU1JTTlNOU05TT
jJOM1IzUjNOM04yTjJKEkoSShJKEUYRRfBB8UXxRfFF8UXQQfBB8EHwQdBBrz2vP
WolKB1qJc0trS2tMawxjC3ONhA+EEIQQe857zpSRlJKUkoxRjFCUkZzSnNKc05zT
nNOc05ySlJKdFKUUpRSc05zTpRStVa1VrVWlFJzTrVStVa1VpRSdE6UUrVWtVa2W
rVWlFK1VtZa1lq2VpRWtVa2VtZa1lrWWtZatVaVVrZatlq2WtZatVa1VrVWtVbWW
rZalVaVVrZWtlq2WrZWlVaVUrVWtVa1VpRSdFKVUpVWlVZ0UlRSdFZ0VpRWdFZ0U
nRSU05zTlNSU04zUjNSU04zTjNOM04zTjJOMkoyShFKEkoSShJKEUXwQhFF8UXwQ
fBB0D3QQfBB8EHPPa89jjlqJUkdiynNMc0xzTGtMYwtzjYQPhBCEUHvOe86UUJSR
nJGMUYxRlJGUkpzTnNOc05zTnNOck5SSpRSlFKUUnNOc06UUrVWtVa1VpRSlFK1V
rVWtVaUUpRSlFLWWtZa1lq1VpRStVbWWtZa1lq1VrVW1lrWWtZatVa1WrVWtVbWW
tZa1lrWWrVWtVa1VrVW1lrWWrVWtVa1VrZWtla2VpVWlVKVVpVWtVqVVpRSlVaVV
pVWdFJTTnRWdFZ0VnRWdFZUUlNOU1JUUlNSU1JTTlNOM04zTlNOM04zSjNKEkoSS
jJKMkoSShFF8EIRQfFF8UXxRdBB8EHwQfBB0D3POa45aiVJIYspzTHNMc0xzTGML
c42ED4RQhFB7z3vOlJGUkpzSjFGMUZSSlNKc05zTnROc05zTlJKUkqUUpRSlFJzT
nNOlFKUUrVWtVaUUnNOlFK1VrVWlFKUUrVW1lrWWtZatVaUUrVW1lrWWrVWlFK1V
tZa1lrWWtZa1lq1VpRS1lrWWtZa1lq1VrVWtVa2VtZatlqVVpVWtlq2WrZatlqVV
pVWtVa1VrVWlFKUUpVWlVaVVnRSc06UUpRSlFaUVnRWdFJTUlRSVFJTUlNSU05TT
jJOM04zTjNSMk4ySjJKEkYSSjJKEUYRRfBCEUXxRfBF8EXPPdBB0EHQQdA9zzmuO
YslSSGLKc01zjGuMa4xjS3ONhA+EEIQQe897zoxRlJGUkoxRjFCUkZTSnNOc05zT
nNOc05SSlJKlFKUUpRSc05zTpRSlFK1VrVWlFJzTrVStVa1VnRSlFK1VtZa1lrWW
rVWlFK1VtZa1lq1VpRStVbWWtZa1lrWWtZatVa1VtZa1lrWWtZatVa1VrVWtVbWW
tZatVa1VrZatlq2WrZalVaVVrVatVq1WpRWlFaVVpVWlVp1UnRSlFaUVpRWlFZ0V
nRSU05UUlRSVFJTUlNOU05TTjNOU04zTjNOMk4yShJKMkoSShJKEUXwQhFGEUXxQ
fFB0D3QQdBB0EHPPc89jjmMKUohbCnONc41rjWuNa0xzjYQQjBCEEHvPe8+MkZSS
nNKMUYxQlJGUkpzTnROdE6UTnNOU0pSSpRSlFKUUnNOc06UUpRStVa1VpVSlE61V
rVWtVaUUpRStVbWWtZa1lq1VpRStVbWWtZatVaUUrVW1lrWWtZa1lrVVrVWtFbWW
tZa1lrWWtVWtVa1VrZa1lrWWrVWtVK2VrZa1lq2WpValVaVWrVWtVqUVnRSlVaVV
pVWdFJzUnRWlFaVVpVWlFZ0UlRSVFJUUlRSU1JTTlNOU0pTTlNOU04yTjNOEkoSS
hJKMkoRRhFF8EIRRhFF8UHxQdA90EHQQdBBzz2vOY45jC1KIYsp7jXuNe41zTGtM
c42EEIxQjFB7z3vOlFGUkZSSjFKMUZSSnNKc05zTpROlE5zTnNOUkqUTpRSlFJzT
nNOlFKUVrVWtVaVUpRStVa1VrVWlFKUUrVW1lrWWtZatVaUUrVW1lrWWrVWtVa1V
tZa1lrWWtZa1la1VrVW1lrWWtZa1lq1VrVWtVa1VtZa1lq1VrVW1VbWWtZatlq1V
pVWtVa1VrVWlFZ0UpVWlVaVVnRSc050UpRWlVaVVnRWdFJUTlROVE5UTlROU05TT
lNOU05TTlNOU04zThJKEkoSSjJKEUYRRfBGEUYRRfBB8EHPPdBB0EHQQa9Brz2OO
awtaiWrKe417jXONc4xrTHONhA+EUIxQe897zoxRlJKUkoxRjFCMkZTSnRKdE50T
nROc05zTlNKlFKUUpRSc05zTpRSlFK1VrVWlFKUTrVWtVa1VpRSlFK1VtZa1lrWW
rVWtFLWWtZa1lrWWrVWtVbWWtZa1lrWWrVWtVa1VtZa1lrWWtZatVa1VrVW1lrWW
tZatVa1VrZa1lrWWtZatVaVVrVWtVa1VpVSlFKVVpVWlVaUUnNOlFKUUpRWlFZ0U
nRSU050UnRSVFJTTjNOU04zSlNOU05TTlNOMkoyShFKEkoSShJKEUXwQhFGEUXwQ
fBBzz3QPfFB0EHPPa89jjmsMWopjC3vOe417zXONa0xzjYQQjFCMUIPPe8+MUZSS
lJKMkYxQlJGc0qUTpROlE50TnROU0pTSpRSlFKUUnNOc06UUpRStVa1VrVWlFK1V
rVWtVaUUpRStVbWWtZa1lq1VpRS1lrWWtZatVa1VrVW1lrWWtZa1lrWWrVWtVbWW
tZa1lrWWrVWlVa1VrZa1lq2WrVWtVa1VtZa1lrWVrVWtVa1WrVatVqVVnRSlVaVV
pVWlFJ0UpRSlVaVVpVWdVJ0UnNOdE50TlROVE4zTlNOU05TUlNSU1IzTjNOMkoRR
jJKMkoRShFF8EIRRhFF8EXwRc9B8EHwQdBBzz2vPY45zTVrKYwx7zXvNe817znON
e46EEIxQjFGED3vPjJGUkpSSjJKMUYxRlNKc050TpROlE5zTnNOckqUUpRSlFJzT
nNOlFK1UrVWtVa1VpRStVa1VrVWlFJzTrVW1lrWWtZatVaUVtZa1lrWWrVWtVa1V
tZa1lrWWtZatVa1VrVW1lq1VrVWtVaUUpRSlFK1VrVWtVaUUpRStVbWWtZatlqVV
pVWtVa2VrVWlVZ0UpVWtVa1VpRSdE6UUpVSlVZ1VnVWdFJzTnRSdFJUTlROU05TT
lNOU05TTlNOUk4yTjJKEkoySjJKEUYRRfBGEUYRRfBF8EXQQfBF0EHQQc9Brj2uO
a01iymsMe857znvOc41zjXvOjFCMUIxQhA97z4yRlJGUkoxRjFGUkpzTpROlE6UT
pROc05zTnNKlFKUUpRSc05zTpRSlFa1VrVWlFJzTrVWtVa1VpRSc061VtZa11rWW
tZalFbWWtZa1lrWWrVWtVa1VrVWtVKUTnNKckZSRnJGUkZySnJOc05zTnNOUkZSR
lJGUkZSRlNGckZzRnNKc06UUrVWtVa2WpVWdFKVVrZWtVaVUpROlFKVUpVWlVZ1U
nRSdE50TnRSVFJTTlNOU05TTlNOU05TTjNOM0oyShJKEkoyShFKEUXwQhFF8UXxR
dFB0D3QQdBB0D2vPa85jjnONYwprTIPOg897z3vOc457zoxQjFCMUHwQe8+MUZSS
lJKMUYxRlJKc06UTpROlE6UTnNOc0pzSpRSlFKUUnNOc06UUrVStVa1VpRSc061V
rVWtVaUUpRStVbWWtZa1lq1VpRS1lrWWtZatVZzTlJKUkZSRlJGUkpzTnNOc1KUU
rVW1lsZZxhm+GcZZtdi1mLXYrZe1l61VnNOck5SSjFGMUZSRnNKlFKUUpRSlVK1V
rVWlFKUUpRSlVKVVpVWlVZ0UlNSdFJ0UnRSU05TTlNOM05TTlNOU1IzTjNOEkoRS
jJKMkoSShFF8EIRRhFF8EHQQc890EHwQdBBrz2vOa45zjWMLa0x7z3vPe897z3OO
e8+MUIxRjFGEEHvQjFGUkpSSlJKMUZSSnNKc06UTpROlE5zSnNKc0qUUpRSlFJzT
nNOlFK1UrVWtVa1VnNOtVa1VrVWlFKUUrVW1lr3WtZatlaUUrVWlFJzTlJKUkZzS
pROtVK1UrVWtVaUVpRStVbWWvdfW3NabzpvW3L4YxljGGMYYxhi1lq1VrVWlVaUU
pRSdFJTTlJKUkpzTpVWtVa1VpRSlFKVUpVWlVaVVnVWdFJ0UnRSdFJ0UlNOU05TT
lNOU05TTlNOUk4ySjJKEUYySjJKEUYRRfBCEUYRRfBB0EHPPdBB0EHQQa9BrzmOO
e41rDHNNhA+ED4QPhA97z3vPjFGMUYxRhBB7z4yRlJKc0pSSjFGUkZzTnROlE6UT
pROc05zSnNKlFKUUpRSc05zTpRStVa1VrVWtVaUUrVWtVa1VpROlE61UtZW1lbWV
rVWc05zTnNKc06UTpROtVK1VrVW1lbWVrVWlFKUUrVW1ls5Z79/nn+ef79/GWs6b
zpvW3L4ZrZatVq1VpRSlFKUUpRSlFJzTnNOU0pSSpRStVaUUpRSlVKVUpVWlVaVV
nRSc050UnRSdFJTTlNOU05TTlNOU05TTlNOM04yShJKMkoyShFGEUXwRhFGEUXwQ
fBBzz3wQdBB0D2vPY45jjnvOa0xzjYQPhA+ED3wPe897z4xRjFGMUYQQe8+UkpzS
nNKUkoxRlJGc0pzTpROlFKUUnNOc05zTpRSlVKUUnNOc06UUrVWtVa1VrVWlE61V
rVWtVqUUpRStVbWWvZa1lZzSlJGUkZzSpRStVaUVrVStVbWVtZa1lq1VpRSlFLWW
tZbWmvff75/vn/ffxprO3M6b1xzGGLVWtZatVa1VpRSlFKUUpRSc05zTlNOUkoxR
nNOlFKUUpVWlVaVVpVWdVZ0UnNSdFJ0UnRSVFJTTlNOM05TTlNOU05TTjNOMkoSS
jJKMkoSShFJ8EYRRhFF8EXwQc890EHQQdBBrz2OPY46ED2tNc46EEIQQhBCEEHvO
e8+MUYxRlJGEEIQQlJKUkpSSlJKMUZSSnNOc06UUpROlFKUTnNOc0qUUpRSlVJzT
nROlFK1UrVWtVaUUpROtVa1VtVWlFKUUrVW1lrWWnNOUkZSSnNOc06UUrVWlFK1U
rVW1lbWVtZatVaUUpRStVbWW1pr33+ef55/338ZazpzWm98dvhmtVq2WtVatVaUU
pRSlFKUUnNOUkpzTlJKMUYxRpROlFKVVpVWlVaVVpVWdFJzTnRSdFJTTlNOU05TT
jNOU05TTlNOMk4ySjJKEkoySjJKEUYRRfBCEUYRRfBB0EHQPdBB0EHQQa89jzmOO
hBBzjnvOjFCMUIxRhFCED4QPlJGUkZSSjFGEEJSSlJKU0pSSjFGMkpzTpRSlFKUU
pROlE5zSnNKlFKVUpRSc050TpRStVK1VrVWlFKUUrVWtVa1WpRSlE61VtZa1lpzS
lJGc0pzTpNOlFLVVrRSlVK1VrZa1lrWWrVWlFKUUrVW1lc6Z/9/vn++f99/GWtbc
1tvfHb4ZrVa1lrWWrVWlFK1VpRSlFJzTlJKc05zTlJKMkZ0TnRSlVKVVpVWlVZ1V
nRSc050UnRSdE50UlNOU04zTlNOU1JTTlNOMkoSShJKEkoyShFGEUXwQhFF8UXwR
fBBzz3wQfBB0EHQPa85rjoQQc497z4xRjFGMUYxRhBCEEIxRlJKUkoxQhBCUkpzS
nNKUkoxRlJKc06UUpRSlFKUUpROc05zTpRStVK1UnNOlE6UUrVStVa1VpRSc061V
rVW1lqUUpRStVbWWrVWc05SSnNKc0p0TrRS1Va0UrVS1lbWVtZa1lq1VpRSlFK1V
tZbOWf/f55/nn+/fxlnW286b513GGbVVtZa1lq1VpRStVaUUpRSc05TSlNKU05TS
lNKdFJ0UpVWlVaVVpVWdVJ0UlNOdFJ0UnRSVFJTTlNOM05TTlNOU05TTjJKMkoRS
jJKMkoSRhFF8EIRRfFF8EXQQc890EHwQdBBz0GuOa46EEHvPe8+EEIxRjFGMUYQQ
hBCUkpSSlJKMUYQQlJKc0pzTlJKMUZSSnNOlE6UTpROlE6UTnNOc0qUUpRStVKUT
pROlFK1VrVWtVaUUpRO1VbVVtZWlFKUUrVW1lq0VnNOc0pzSnNKk0qUUrVWtFK1U
tVW1lbWWtZa1lqVUpRStVbWWxhj33++f75/vn8YZ3tzW2+ddxpmtlq2WtZatVaUU
tZatVJzTlJKMkpSSlJOc05zTnRSlFKVVpVWlVaVVpVWdFJzTnRSdFJUUlNSU1JTU
lNOU05TTlNOU04ySjJKEkoyShJKEkoRRfBCEUYRRfBF0EHQQdBB0EHQQa89rjmuO
jFB7z3vPjFCMUYxRjFGEEIQQjFKUkpSTjFGEEJSSnNKc05zSlJGUkpzTpROlE6UT
pROlE5zSnNKlFK1UrVWc06UUpRStVa1VrVWlFaUUrZW1VbWWrRSlFK1VtZalVKUT
nNKc0pzSnNKc06UUpNSlFK1VtZW1lbWVrVWlFKUUtZa1ls5Z/9/vnu+e757GGdbb
1tvnXc5atVW1Va1VpRSc06UUpROUkpSSnNOUkpzSnNOlFKUUpRSlVaVVpVWlVZ1V
nRSVE50UnRSVFJUTlNOU04zTlNOU05TTjNOM0oyShJKMkoSShJKEUXwQhFGEUXwR
fBBz0HQQdBB0EGvPY45rjoxRe897z4xRjFGMUYxRhBCEEJSSlJKUk4xRhBCUkpzS
nNOUkoxRlJKc05zTpRSlFKUUpRSc05SSpRSlFK1UnNOlFKUUrVWtVa1VpRWlFK1V
rVW1laUUpRStVbWWpVWlE6TTnNOc05zTpNOtFa0UpNOk0q0TrROtVK0UpNOtE7WV
tZXGGPff517nXucdvdjWm86a3xzGWaUUpRSlFJzTnNOlFJzTlNOU05TTlNKU05zT
pRSk06UUrRStVa1VpVWlVZ0UnNOdFJzUnRSU1JTUlNOM05TTlNOU05STjJKMkoSS
jJKMkoRRhFF8EIRRhFF8UXQQdBB0EHQQdBBrz2OOa86MUHvPe8+MUYyRjJGMUYQQ
hBCMUZSSlJKMUYQQlJKc0pzSlJKMkZSSnNKlE6UTpRSlFKUUnNOc06UUrVStVKUT
pROtVK1VrVWtVaUUpROtVbWVtZWlFKUUrVW1lqUVpROc05zSpROlE6UTrVStFKUU
pROtFK0UrVStFKUTrVW9173Xxhj33++f75/nHr3Y1pvWmt7cxhitFK1VrRWlFKUU
pRSlFJzTlNKc05SSnNOdFKUUpRSlFK1UpVWtVaVVpRWlFJzTnRSdFJ0UlRSU1JTT
lNOU05TUlNSUlIyTjJKEkYySjJKEkoRRfFGEUYRRfFF0EHQQdBB8EHQQa89jjmOO
jFF7z3vPjFGMkYxRjFCEEIQQlJKUkpSSjFGEEJSSnNKc0pSSjJGUkpzTpROlE6UT
pRSlE5zTnNKlVK1UrVSlE6UTrRStVa1VrVWlFaTUrVW1lbWWpRSlFK1VrZatFaUU
pNOc06TUpROlFK1VrVSlFKUUrRStFbVVrRWlFMYY3tvWm9ab/9//3//f79++Gdab
zprfHMYZrVWtVa1UpROlFKUUpRSc05zTnNOUkpSTnNOlFJ0UpRStVKVVpVWlVaUV
nRSc050UnRSdFJUTlROVE5TSlNOU05TTlNOMkoSShFKMkoyShJKEUXxRhFF8UXxQ
dBBz0HQQdBB0EGvPY45jzoxQe897zoxRlJGUkYxRhBCEEJSSlJKUk4xRhBCU0pzS
nNOUkoxRlJKc06UTpRSlFKUUpROc05zSrVStVK1UnNOlE60UrVWtVa1VpRSlE7VV
tVW1la0UpRStVbWWrVWtFKTTpNOlFKTTrRStVa0VpNSk1KUUrRS1Va1VpRTGGOdd
3tzWm//f/9//3//fxhnOm85a3tzGGK1VrVWtVaUUpRSlFKUUnNOc05zTlJKUkpzT
pRSlE6UUrVSlVaVVpVWlVZ0UnRSdFJ0UnRSU05TTlNOM05TTlNOU05STjJKEkoRR
hJKMkoSRfFF8UXxRfFF0EXQQdA90EHQQdBBrz2OOa46MUYQQe8+MUZSSjFGMUYQQ
hBCMkZSSlJOMUYQQlJKc0pzSlJKMkZSRnNOlE6UTpRSlE6UTnNOU0qUUrVStVZzT
pROtFa1VtVa1Va1UpRStVbVVtVWlFKUUrVW1Vq0UrRSk06TTpRSlE6UUrVWlFJzT
pNOtE60UtVWtFaUUzpnvXN7c1pr/3//f/9//374ZzprGWdbbvhilVa1VrVWlFKUU
pRSlFJzTlJKc05SSnNOc06UUpRSlFK1UpVWlVaVVpVWlFZ0UpRSdFJ0UlROU05TT
jNOU05TTlNKU04zSjJKEkYyShJGEkoRRfFGEUXxRfFB0EGwPdBB0EHQQa89jjmvP
jFB8D3vPjFGMUYxRjFGEEIQQlJGUkpSSjFGEEJSSnNKc0pSSlJGUkpzTpRSlFKUU
pRSlFJzTnNOlFK1VrVWlFKUTpRStVa1VrVWlFKUTrVW1VbVVpRSlFK0VrVatFa0U
pNOk06UTpROtFK1VrRSc05zTpNOlFK1VrRSk1M5Z5xzWm85a/9//3//f/5+92M6a
xlnW274YpVWtVaVUnNOc06UUpRSUkpSSnNOUkpySnNOlFKUUpRStVK1VpVWlVaUV
nRSc1J0UnRSdFJzUlNSU05TTlNOU05TTlNOMkoyShJKMkoyShJKEUXxRhFF8UXxR
dBBsD3RQdBBsD2vPY45rjoxQhA97z4xRjFGMUYxRhBCEEIxRlJKUkoxRhBCUkpzS
nNOUk4xSlJKc05zTpRSlFKUUpROc05zSpRStVK1UnROlE60UrVWtVa1UrRSlE61V
rVW1laUUpRStVbVVrVStFKTTpNOtFKUTpRStVa0VnNOc0qTTrRStFKTUpNPGGN7b
1tvOWv/f/9//3//fxhjOmsZZ1pq92KUUpRSlFJzTnNOlFKUUlJKUkpzTlJKc05zT
pRSlFKUUrVWtVa1VpVWlFZ0VnNSdFJ0UnRSdFJTTlNOU05TTjNOU04yTjJKMkoRR
hJKEkoRShFF8UYRRhFF8UXwQdBB0EHQQdBBrz2OOa8+MEYPQe8+MUZSRlJGMUYQQ
hBCUkpSSlJKUkoQQlJKc05zTlJOUkpSSnNOc06UTpRSlFKUUnNOc06UUpRStVKUT
pROtFK1VrVWtVa0UpNOtVa1VtVWlFKUUrVW1Va0UrRSk06TTrRStFK0UrVW1VZyT
nJKkkqTTrROk0pzStZXOWecd717/3//f/9//39ab1lrOGdaavdelFKUTpRSc05zT
pRSlFJzTlJKc05SSlJKc06UUpRSlFK1VrVWtVaVVpVWdFZ0UnRSdFJ0UlRSU05TT
lNOU05TTlNOM04yShJKEUYSSjJKEUXxRfFB8UnxRfFF0EHQPdBB0EHQQa89jjmvP
jBCDz3vOjFGMUYxRjFGEEIQQlJKUkpSSjJGEEJSSnNOc05SSlJGUkpzTpROlFKUU
pRSlFJzTlJKlFK1VrVWk06TUrRStVK1VrVWlFKTTrVWtVa1VpNSlFK1UtVWtVa0U
pRSlFKUUpRSlFK1VrVWc0pyRnJKk06UTnNOU0qUUrVXe2/ef/9//3//f/9/W3N8d
1tzXHL4YpRSlFKUUpNSlFKUUrVWc05SSnNOUkpSTnNKlFKUUpRSlVaVVrVWlVaVV
nRSdFJ0UnRSVFJTTlNSU05TTlNOU04zTjJKMkoyShFKMkoyShFJ8UXwRhFJ8UXwQ
dBB0EHwRdBB0EHPQY45rz4xQhA97zoxQlJGMUYxQhBCEEJSSlJKUk4xRhBCUkpzS
nNOUkpSRlJKc0qUTpROlFKUUpRSc05TTpRStFK0UpNOlE60UrVStVa1VpRSk061U
rVStVaUUpRStVa1VrVStFKTTpROlFKUUpNSlFK1UnNKckZyRpJGk0qTSnJK1Vb2W
1pr3n//f/9//3//f3tznXudf75/W3a1VpRSlFJzTpRStFK1VnNOUkqUUlJKc05zT
pRSlFKUUpVWtVa1VrVWlFJ0UnROdFJ0UnNSU1JTUlNOU05TTlNOU05STjJKEkoRS
jJKMkoRRfFF8UYRSfFF8EXQQdBB0EHRQdBBrz2OOa8+MUYQQe8+MUZRRlFGMUYQQ
hA+UkpSSlJKMUYQQlJKc05zTlJOUkpSSnNKlE6UUpRSlFKUUnNOc06UUrVWtVaTT
pNStFK0UrVWtVaUUpNOtVK1UtVWlE6UTrVStVK0UpROk06TTpRSlFKUTlJGUkZyR
lJCckZzSpNOc0pySvdfOWtab957/3//f/9//39bb3x3nXvff75+tVaTUpNSk06TT
pRSlFJSSlJKc05SSnNOc06UUpRSlVKVVrVWtVa1VpRSdFJ0UnRSdFJ0UlROU1JTT
lNOU05TTlNOM04yTjJKEUoSShJKEUnxRfFGEUnxRfFF0EHQQdBB0EHQPa89jjmvP
jFGEEHvPjFGUUZRRjFGEEIPPlJGUkZSSjFGEEJSSnNKc05SSlJGUkpzTpROlFKUU
pRSlFJzTnNKlFK1UrVSlE6TTrRStFLVVrVWtFKUTrRStVbVVpRSlFK1VrVWtFK0T
rNOk060TpROk0pRQjA+UUJyRnJKk0qUTnNOc0sYX1prWm/de/9//3//f/9/W298d
3x3vn+detVWk06UTpNOc05zTnNOUkpSSnNOUkpzTlNOlFKUUpRSlVa1VrVWtVaUU
nRSdE50UnRSdFJzTlNSU04zTlNOU05TTlNOMkoSShFKMkoyShFGEUXxQhFF8UXxR
dBBsEHQQdBBz0GvPY45rz4xQfA97zoxQlFGMUYxRhBCEEJSSlJKUkoyRhBCUkpzS
nNOUkpSRlJKc0qUTpROlFKUUpROc05zTpRSlFK1UpNOk060UrRWtVa1VpRSk060U
rRStFKUTpROtFLVUrRStE6UUpROtE6TTnJGMD4vOi86cUJzSpNKs06TSnNLOGNaa
zlnvXv/f/9//3//f1pvfHd8e75/vnrVVpROlE5zTnNOc05zUlJKUkpzTlJKc05TT
pRSlVKVUrVWtVa1VrVWlFZ0UnRSdFJ0UnRSVFJTUlNOU05TTlNOU05STjJOEUoRS
jJOEkoRRfFF8UIRSfFF8UXQQdBB8EHwQc89rz2OOa8+MUIQQe86MUIxRjFGMUYQQ
hBCMUZSSlJKMUYQQlJKc05zTlNKUkZSSnNKlE6UUpRSlFKUUnNOc06UUrVStVKUT
pROtFK1UrVStVK0UpROtFK1UrVWk06UTrRStVa1UrRStFKTTrROk05SRlFCMD4PO
jA6ckKTSpRKc0pzSxljWms5Z7x3/3//f/9//39ac1xzfHe+e75+tlaUUpRSc05zU
nNSlFJSSlJKc05SSnNOUkqUUpRSlVKVVrVWtVa1VpRWlFJ0UnRSdFJ0UlRSdFJTT
lNOU05TTlNOM04zShJKEUoyShJKEknxRfFGEkXxRdFF0EHQQdFF0EHQQa89jjmvP
jFCED3vOjFCMUYxRjFGEEIQPlJKUkpSSjFGEEJSSnNKc05SSjFGUkpzSpNOlFKUU
pRSc1JzTlJOtFK0UrVSk06TTrROtFK1UrRStFKUTrVStVa1VpRSlFK0UrVWtFK0U
rROtE60UpROUUJRQjA+LzYvMlA6k0aTTnJKc085Z1prOWe9d/9//3//f/9/Wm9bc
3x3nXu+ftValFKUUnNOc06UUpRSUkpSSnNOUkpzTlNKdFKUUpRSlVa1VrVWtVaUU
nRSdFJ0UnRSc1JTUnNSU1JTTlNOU05TTjNOMkoSShFKEkoSShFJ8UXxRfFJ8UXxR
dBB0EHRRdBB0EGvPY45rz4xQhA97zoxQjFGMUYxRhBCED5SRlJKUkoxRhBCUkpzT
nNOUkoyRlJKc0qUTpRSlFKUUpRSc05zTrRStVK1UpNOk060UrRStVK1UrRSk060U
rVStVKUTpROtFK1VrRStFK0UpROtFKTTlFCUT5QPi82DjIOMnE+k0pySnNLGGNaa
zhnvHf/f/9//3//fzpvW286a1tvvXa1VnJGUkZRRnJKc06UUlJKUkpzTlJKc05SS
pRSlFKUUpVWtVa1VpVWlFJ0UnRSdFJ0UnRSdFJ0TlNOU05TTlNOU05TTjJKEkoRS
hJKEkoRSfFF8UXxSfFF8UXQQdBB0EXQQc9Brz2OOa8+MUIQPe86MUJRRjFGMUYQQ
hA+UkZSRlJKMUYQQlJKUkpzTlJOMUZSSnNKlE6UTpRSlFKUUnNOc0qUUrRStVKTT
pNOlFK0VrRWtVaUUnNOtFa0UrVWlE6UUrVStVa0UrRStFKTTpNOUUIwPlFCUT4vN
g4uDi4vMlJGckpySxhfOmsZZ5x3/3//f/9//385azhnOWtaa5xyUUWsKcwpzCXMJ
g4uckpSRlJKc05SSnNOc06UUpRSlFK1VrVWtVa1VpRSlFJ0UpRSlFJ0UlNOU1JTT
lNOU05TTlNOM04yShJKEUoRShJKEUnxRfFGEUnxRfFB0EHQQdBB0EGvQa89jjmvP
jFGEEHvPjBCMUYxRjFGEEIQQlJGUkpSSjFGEEJSSnNOc05SSjFGUkpyTpNOlFKUU
pRSdFJzTnJKtFK0UrVSk06TTrROtFK0UrRStE6TTrRStFK1UpROlE61UrVStFK0U
rNOk0ovMi8yLzJQPlA+LzouMg0uLS4vMlFCUUb3XzlnGGOcc/9/3n/ef95+tVr3X
zlnWmt7bhBBaSGJIYkdqh2qIg4uUkZzSnNOc0pzTnNOlFKUUpRSlVK1VrVWtVaUV
nRSdE50UnRSdFJTTnNSU05TTlNOU05TTlNOMkoxRhFGMkoSShFJ8EXwRhFJ8UXxR
dBB0EHQQdBBsEGvPY45rz4xQhA97zoQQjFGMUYxRhBCED5SRlJGUkoxRhBCUkpzS
nNOU0oxRlJKc0qUTpROlE6UUpRSc05zTrRStFK1UpNOk06UUrRStVa1VrRSk060U
rVS1VKUTpNOtFK0UrRStFKTTjBBzCoOMlA2LzZQNi8yDi4NKg0p7CYuLi8yk0L3W
xhfWmv/f3p3nXuderVa919aazlne2oPPWgdih3MJg0pqx2rIhA6UkpTTnNOc05zT
pRSlFKUUpRStVa1VpVWlVZ0UnRSdFJ0UlRSVFJUUlNOUk5TUlNOU05TTjJKEkoRS
jJOEUoRSfBF8EXxRfFF8UXQQdBB0EHQQa89rz2OOa8+MUIQQe8+EEIxRjFGMUYQQ
hBCUkpSSlJKMUYQQlJKUkpzTlJKMUZSRnNKlE6UTpVSlFJzUnNOck60UrRStVKTT
pNOlE60UrRStVK0UpNOtFK1UrVSlE6UTrRS1FK0UrRSk03sKewmLi5QNnA2Ty4tJ
gwiDB3rHcoZ6x3sJewqTzKzSrRT3n97c717vXrVWvZfOGcYY1pqUkXtLcshyyGIF
WcRiBlHEg8yUkZSSlJKUkpzTpRSlFKUUrVWtVa1VrVSlFJ0UnRSdFJ0UnRSdFJTT
lJOU05TTlNOM04yShFKEUoRShFKEUnwRfBF8UnxRdFF0EHQQdBB0EGvQa89jjmvP
jFCED3vOhBCMUYxRjFGEEYQQlJGUkpSSjFGEEJSSlJOc05STjFGUkpzSpNOlE6UU
pRSlFJ0TnNKtFK0UrVSk06TTpRStFK0UrVStE6TTrRStFa1VpNOk060UrRStFK0T
lFBahnMJi4uUDZxNlAyLiYMHeoVyRGHCWYJhxFnGYgdqR5wO713Wm97c3tylFK0U
vde919aanNJ7jGqHYkZaBVnEWcQ4wUlCaoh7SoPNlFGc06UUpRSlFK1VrVWtVaVV
pRSdFJ0UnRSdFJTTlNOU05TTlNOU05TTjNOMkoRShFKMkoSShFF8EXxRhFF8UXRR
dBB0EHQQdBBr0GPOY45rz4wQhA97joQQjFGMUYxRhBB70IxRlJKUkoxRhBCUkZzS
nNKc0oyRlJKUk6UUpRSlFKUUpRSc05zSrRStFK1UpNOk06UUrRStVK1UrRSk060U
rRStFKTTpNOtFK0UpROtE5RQYkdzCYOMk82cDpPMk4mLSIKFccNZQVEBQME4gDiA
OIGDCucbxdnOGs5ZlJKckr2WtZbOWZzRi8uDCXrIYkVBAkDBMEAwQDjBQQJaBoxR
nNOlFKUUpRWtVa1VrVWlVaUUpRSlFJ0UnRSVFJzUlNOU05TTlNSU05TTjJKEUoRS
hJKEkoRSfBF8UYRSfFF8UXQQdBB0EHQQc89rz2OOa8+EEIQPe86MEIxRjFGMUYRR
hBCMkZSSlJKMUYQQlJKc05zTnNKUkZSRnNKlE6UTpRSlFKUUnNOckq0UrRStFKTT
pNOs060TrRStFKUUnNOtFK0UrRSk06TTrRStFK0TrROUUFpGcwmDS5PNnA2Ty5PK
i4iCxmHCSQFAwTiBMEAwQDiBeojuV4vMtRLeFpPOnFC9VLVT3les0ZPLi0mDCHKG
YYNZQkjBSMBRAVmDaoeUUZzTpRSlFK1VrVWtVaVVpVWdVJ0UnRSdFJ0UlRSc1JTT
lNOU05TTlNOU04ySjFKEUoSShJJ8UnwRfBGEUXwRfBBz0HQQfBB0EHPPY89jjmvP
hBCED3vOhBCMkYxRjFGEEIQQlJGUkZzSjFGEEJSSnNKc05zSjFGUkpzTpROlFKUU
pRSlFJzTnNKtFK0UrRSk06TTpNStFK0VrRSlE6TSrRStFK0UpNOk060UrRStFK0U
lFBiRXLHewiLi5QMlAyTypOJgwhqA1EBQIE4QDAAMABAgXpH3ZNRg5PO1hWLjZPO
pE+kkMWUrJCUC4uJgwh6hmnDYYJRAFDAWQFhwnrHlJGc1KUUpRStVa1VrZWtVaUV
pRSdFJ0UnRSdE5TTlNOU05TTlNOU04zTjNOMk4SShFKMkoRShFF8EXxRfFJ8UXQR
a9B0EXQRdBBrz2uPY45rz4wQg9B7joQQjFGMUYxRhBF70IxRlJKUkoxRhBCUUZyS
nNKc0oxRlJKc06TUpRSlFKUUpRSc05zTrRStVK0UnNKc06TUrRStFK0UpNSc060U
rRStFKTTpNOs1K0UrNStFJRQYgVqhnLHewmLi5PLk8qTiotJckVRAUDBOIA4QDBA
OIB6R91SWYOTjNWTi4yUDpxPpJC9U6RPk8qLSYsIekVpw2FCUQBQwFkBYcN7CJSS
nNOlFKUUpVWtVa1VrVWlVJ0UnRSdFJ0UnRSdFJTTlNOU05TTlNOU04zSjJKEkYRS
jJKEUoRSfBGEEXxSfFF8UWvQdBB0EHQQbBBjz2OOa9CEEYQQe86EEJRRjFGMUYQQ
hBCMUZSSlJKMUYQQlFGc0pzSnNKMUZSSnNOk06UTpRSlFKUUnNOckq0UrRStFKTT
pNOlE6UUrVStFKUUnNOlFK0UrRSk06TTrNOtFK0TrNOUUWIFYgViBXKHg0mLipPK
k4qLSYLHYcNJATiAOEA4QECAekfVElmDi4u9EYuLlA2cTpyOrM+UTIuKg0iDSHJF
YcNZglEAUMBZAWHDe0iUUZzTnNOlFK1VrVWtVa1VpVWdFJ0UnRSdFJ0UlNSU05TT
lNOU05TTlNOM0oyShJGEUoSShFKEUnwRfBF8UXxRfBBzz3QQdBB0EGwPY49jjmvP
hBGEEHvPhBCMUYxRjFGEUHvPjFGUkpSSjFGEEJRRnJKc0pzSjFGUUZyTpNOk1KUU
pRSlFKTTnJKtFK0UrRSk0qTTpNOlE60UrRSs1KSSpNSk060UpNKk0qUTpRSlE6TT
lFFpxWHDYcNqRHsHg0iLiYuKi0mCx2pEUUJAgThAQEBAQHIGzNBRQ4sLvJCLC4NL
k8ycDZwNk8qLiINHgwdyRWGCWYJRAFEAUQBhg3tJlFGc06UUpRStVa1VrVWlVaVV
nRSdFJ0UnRSdFJTTlNOUk5STlNOU1IzTjJOEkoRRhFKEkoRSfFJ8UXxRhFF8EXwR
c9B0EHQQdBBrz2uPY45r0IQRhBBzj4QQjFGMUYxRjFF7z4xRlJGUkoxRhBCMUZyS
nJKckpRRlFGckqTTpROlE6UTpRSk05zSrRStFK0UpNOc06TTpRStFK0UpNSc06UT
pROlE5zSpNKk0qTTpNOk05RRagZhhFlDYYN6RoMIi0mTiotJgsd6RVmCSMFAgEiA
QIBhhKvNSQF6iLQOgshyRoLHk0l6xYMFg0aLRoLGakRZw1mCUQFJAFEBYcN7SpSR
nNOc06UUpRStVa1VrVWlVZ0UnRSdFJ0UlNSU1JTTlNOM04zTlNOU04ySjJKEUoRS
hFKEUnxSfBF8EXxSfBF0EWvQdBF0EHQQa9Bjj2OPa9CEEIQPc46EEIxQjFGMUYRR
fA+MUZSRlJKMUYQQjFGU0pzSlJKMUYxRlJKc06UUpROlE6UTpNOc0q0TrRStFKTT
pNOk06UTrRStFKTUnJOk06TTpNOck5ySpNOlE6TTpNKcUWIGWYRJAklBYgRyhoNI
i0mLSIrIeoZhw0jBQIBAgECAYYSTCkkCacWbS3pGYcN6RYJGekR6hILFgwWCxnJE
YcNZglFBUQBRAWHEe0qUUZzTpNOlFKVVpVWtVaVVpVWdFJ0UnRSdFJUTlNOU05ST
lJOU05TTlNOMkoxShFGEUYSShFKEUXwRfBJ8UXxRfBFr0HQQdBF0EGvQY49jj2vQ
hBCEEHuOg8+MUYxRhBGEEXvQjFGMUZSSjFGEEIxRnJKckpySjFGMUZSSnNOlE6UU
pRSlFKTTnJKlFK1UrRSk05yTpNOlFK0UrRSlE5ySpNOk06TTnJKckqSSpNOk06SS
nFFiB1lESMJIwVlCagR6xotIiweCxnqFacNQwUCAOEBAQGGEkspQwkjBWQJhg2GD
ckZ6h3IFckV6hXqFeoVyRGHDWUJRAUkBUQFhxHuKlJKc06UUpRStVa1VrVWlVaVU
nRSdFJ0UnRSdFJTTlNOU05TTlNOU05STjJOEkoRRhFGMUoRRhFF8EHwRhFF8EHQQ
a890EHQQdBBrz2uPY49r0IRQhA9zjnvPjFGMUYxRjFGED4xRlJGUkoyRhBCMkZSS
nJKUkoxRlFKckpzTpNOk06UUpNOk05zSpRStFK0UpNOkkqTTrNStFK0UpNOckqTS
pNKk0pyRnJKckqTSpNOc0pyRYkhZhEkCQIBRAFmCagR6xoLHeoVyRGHCSME4QDBA
OIBZhKONUQJIwVlCWYNZQ2GDekZ6h3JGckRyRXJFagRZg1FCUQFRAVEBYcR7i5SS
nNOlFKUUpRSlVKVVpVWlFJ0UnRSc1JzUlNSU05TTlNOU05STlJOUk4yTjJKEUoRR
hJKEUnxRdBB8EXxRdBF0EXPQc9B0EHQQa9Bjj2OPa9CEEIQQc457z4xQjFCMUIwQ
g8+MUJSRlJKMUYQQjFGUkpSSlJKMUZRRnJKc06TTpNOk1KTUpNOckqUTrRStFKTT
nJOk06TTrRStFKTTnJKc0qTSpNKckZySnJKk06TTpNKckXJIWURQwkCBSIBRAWGC
agRyRXJEacNhgkiAOEAwADBAUQOTTFFDSMFRAllDUQJRAmoGeohqBWoEYgNqBGHD
WYNRAVDAUMBRAWHEg4uUUpzTpNSlFKUVpRSlFaUVnRSdFJTUnRSdFJzUlNOU05TS
lNOUk5STlJOMUoRShFGEUYxShFGEEXwQfFF8UXRRdBFr0HPQdBB0EGvPY49jjmvQ
hBCEEHOOe8+MUYxRjFGMUXvPjFGMUZSSjFGED4xRlJKckpySjFGMUZSSnNOk06TT
pRSlE5zTnNKlFKUUrRSk05yTnNOk1KUUpNSk1JySnNKc0pzSnJGckpySnJKk0pyS
nJFqSVFESMJAgTiAQIBIwVlCaYNpg2GCWUFIgDhAMAAoAEDCiwtIwjhAQIFQwkjB
SMFRAmpGYcVZxFGDWYNRQkkBSMFAgUjAUMFhxIOMlJGc06UUpRSlFKUUpRWdFJ0U
nNOc05zTnRSc05TTlNOMk4yTjJOUk4yTjJOEkoRRhFGEknxRfFF0EHxRfFF8EHQQ
a89r0HQQdBBrz2OOY45r0IQQhBB7znvPjFCMUIxRjFB7z4xRlJKUkpSShBCMUJSS
nJKckoxRjFGUkpzTpROk06UTpNOc05yTpNSlFK0UnNOckpzTpNSlE6UTpNOckqTT
nNKc0pySnJKckpzTpNOkkpyRaklJREjCQIE4QDhAQEBIwFEBUQFRAUjAQIAwQCgA
KAA4gnqKOIIwQDhAOEBAQEiASIFqBlmEUUNJAlEDQMJAwjiBOEBAwUkCWgWDzZSS
nNOlFKUUpRSlFKUVpRWk1JzUlNOc05zTlNOU05TTjJOMk4yTjJOMk4RThFKEUYRR
hJKEUnxRdBB8UXxRdBB0EGvQdBB0EHQQa89jjmOOa8+EEIQQe857z4xQjFCMUYxQ
hA+MUZSRlJKUkYwQlFGckpySnJOMUYxRlJKc05zTpNOk1JzTnNOUk6UUrRStFKTT
nNKk06UUpRSlE6TTnJKk0qTSpJKckZyRnJKckqTTnJKckmqKUQRAgjhBMEAwQDhA
OIBIwEjASMFIgDhAOAAwQCgAKEBRhUkDOEA4gECAQIBIwEjCagZRREEDQMJAwziC
OII4QThAQIBJAWIFhA6MUpzTpRSlFKUUpRSlFJ0UnRSc1JzTnNOc05zTlJOU04yS
jJOMk4yTjJKEUoRSfFKEUYSSfFF8UXQQfFF8UXQQdBBz0HQQdBB0EGvPY45jjmvP
hBCEEHuOe8+MUYxRjFGMEYPPjFGUkZSSlJGEEIxRlJGU0pSSjFGMUZSSnNOc06TT
pROc05zTnNOk1K0UpRSc05zSnNOlFKUUpNSk05ySpNKk0pzSnJKckZySnJKk05yS
nJJqikkEQIIwQDAAMAAoADAAOEA4QECAQIA4QDhAMEAoQChAUURJAziBQIFAgUCB
QMFRQ1nESUM4wjjCOMM4gjiCMEEwQDiASQFaBYQOlJKc06UUpRSlFKUUpRSlFKTU
nNOc05zTnNOU05TTlNOMkoyTlJOMk4yTjJKEUnxRfFGEknxRfFF0EHxRfFF8EXPQ
a9Bz0HQQc9Brz2OOY45rz4wQhBBzjnvPjFCMUYxRhBB7z4QQjFGUkoxRhBCMUJSS
lJKUk4wRlFKUkpzTnNOc050TnNOc05yTpRStFKUUnNOc0pzTpNOk06TTnNOckpyT
nJKckpSSnJGckZzSpNOckZyRaspJRDjCMEEoACgAKAAwADgAMAA4QDhAOEAwQDBA
MEA4gFFEQMJAgECAQIBAgUDBUUNRQ0kDSQNJA0kDQQJAwjCBMEA4gEkCYgWED5SS
nNOc06UUpRSlFKUUpRSc1JTTnNSc1JzUlJOMk5STjJOMk4yTjJOMk4yShFJ8EYRS
hFJ8EnwRc9B0EXwRdBBz0GvQc9B0EGwQa89jjmOPa8+EEIQQc457z4xRjFGMUYQQ
e8+EEIxRlJGMUYQPjFCUkpSSlJKMUYxRlJKc06TTpNOk05zTnJOck6TTrRStFKTT
nJOc06TTpNOk05yTnJKkkpySnJKcUpyRnJGckaTSnJGckXMLSURAwjhBMAAwADAA
MAAwADAAOAA4ADgAMAAwADAAOIBJAkDCQMJAwUDBQMFJAlFDUUNRQ0lDUUNZQ0lC
SQJAwThAQIBJAloGjBCUkpzTnNOdFKUUpRSlFKUUpRSc1JzTnNOc05TTlJOUk4yT
jJOMk4yTjJOEkoRSfBGEUoRShFF8UXQQdFF8UXQRc9Br0GvQdBBsD2PPW45jzmvP
hBCEEHOOe8+MUYxQjFGEEHvPhFCMUJSRlFGEEIxRlJKUkpSSjFCMUZSSnNKk06UT
pROk05zTlNKk06UUpRSc05zSpNOk06TTpNOc0pySpJKckpySlFKckZyRnNGk0pyR
nJF7C0kFSMI4gTBAMEAoADAAMAAwADAAMAAoACgAKAA4QEBASMJIwUkCUUJRQlEC
WUJhg2oFWcRRQ1GDWYNRQ0kCQMEwgDiAQMJaBoQQlJKc06UUpRSlFKUUpRSlFJzT
nNOc05zTnNOUkpSTlJOMk4yTjJOMkoyShJKEUoQRhFKEUnxRfFF0EHxRfFF0EWvQ
a9Bz0HQQa9Brz1uOY45jz4QQhBBzjnvPhFCMUIxRhBB7z4QQjFGUkpRRhBCMUZSS
lJKUkoxQjFGUkpzTnNOlE5zTnNOc05SSpNOlFKUUnNOc0pzSpNOk06TTnJKckqSS
nJKckpSRnJGckZyRpNKckZyRe0xBRTjCOIA4QDhAOAA4ADhAMAAwACgAKAAoADAA
OEBAwEkCUQJZQ1mDWYNZg2HEagR6R2HEUUNZg1mDUYNRQ0DCOIE4gEDCYgeMEJRS
nNOk1KUUpRSlFKUUnRSdE5TTlNOc05TTlNOMk5STjJKMkoySjJKMkoyShFF8UYRR
hFJ8UXxRdBB0UXwRdBF0EHPQc9Bz0GvPY89bjmOPa8+EEIQQc457z4xQjBGMUYQQ
e8+EEIxRjFGMUYQQjFGUkpSSlJKMEZRRlFKc05zTnNOc05zTnJKUkqTTrRSlFJzT
nNOk06TTpNSk05yTnJKkkpySnJKcUZRRnJGckaTSnJGckXuNSUU4wjhBOEA4QDhA
OEAwQDgAMAAwADAAMAA4AECASMFZQ1ECWYNhw2HEagVyBWoFekZhxFlDWYNRQlFC
SUNAwjCAMIA4wlpHhBCMUpzTpRSdFJ0UpRSlFJ0UnNOU05TTlNOU05TTjJKMk4yS
jJKMk4yThJOEUoRRhFGEUYRSfFF8EXQQfFB8EXQQdBBr0GvQdBBrz2PPW45jj2vP
hBCEEHuPe8+EEIQQhBCEEHvPhBCMUYxRjFGD0IQRlJKUkpSSjFCMUYxRnNOc05zT
nNOc05TTlJKk060UpRSc05ySnJOk06TTpNOkkpySnJKckpySlFGUUZyRnJGk0qSR
nJGDjklFOIIwQDAAOEA4QDhAOEAwADAAMAAwADAAOEBIgllDagZRg1nEYcRhxGoF
eod6yHKHYcVZg1mDUUJJQklCQMEwQShAMMJSR4QQjFGUkpzTnNOc1KUUpRSdFJzU
lNOU05TTlNOU0pSTlJOMUoySjJKMkoxShFKEUnxRhFGEUoQRfBFz0XQRdBF0EXQQ
a9BsEGwQa9Bjj1uOY49r0IQQhBBzjnOOhBCEEIQQhBB7z4QPjFGMUYxRg9CMEJSR
lJKUkYxRjFGUkpzTnNOc05zTnNOUk5SSnNOlFKUUnNOc0pzSpNOk06TTnJKckpyS
nJKckZSRlJGUkZyRpNGckZyRg85JRTiCKEAoADAAMAA4ADgAOAA4ADgAMAAwAEBA
UMFhQ3pHWYNZg2HEYYNqBIMIgwhyh2HEWUJZg1FCSQJJAjjCKEEoQTDCWkiMEJSS
nNOc05zTnNSk1J0UnRSc05STlNOU05TTjNOMk4yTjFOMkoySjJKMkoRRhFF8EXxR
hFF8EXwRc9B8EXwRdBFr0GvQa9Br0GvQY49bTmOPa4+Dz4QPc45zjoQQhBCEEIQQ
e8+EEIxRjFGMUYQQhBCUkZSSlJKMUYxRlJKc0pzTnNOc05zTnNKUkpzTpRSlFJzT
nJKc0pzTpNOk06TTnJKckpySnJKcUZxRnFGcUaSSnJKckYPPSYUwwihAIAAwADAA
MAAwADgAMAAwADgAOABAQEjBWQNyR1mEWYRhg1mCYkSDCIMIcodZxFmDWYNRAkkB
SQE4wTCBIEAwwlqJjFGUkpzTnNOc05zTnNSdFJ0UlNOU05TTlNOU05STjJKMk4xS
jJKMkoySjJKEUYRRfBF8UXxRfFF8EHQQfBF0EHQQa9Br0GvQa9Br0GOPW05jj2OP
fA98D3OOc46EEIRQhBCEEHvPe8+MUYxRjFGEEIQQjFGUkpSSjFGMUZRRnJKc0pzS
nNOc05zSlJKc06UTpRSc05SSnJKk06TTpNOc05SRnJGckZyRlFGckZRRlFKckpRR
lFGDz0mHMIMgQhgAKAAoACgAMAAwACgAMAAwADAAQIBIwVlDckZZg1GCWYNZgmoE
gseCx3JFWUNRQlFCSQFBAUDBOMEwgiBAMMNiyoRQlJKc05zTnNOc05zUnNSU1JTT
jJKUkpTSlJKMkoySjJKEkoyRjJKMkoSShFGEUXwQhFF8UXxRdBB0EHwQdBB0EGvP
a89r0GvQa49jj1tOY45jj3vPe89zjnOOg8+MEIwQg9B7z3vPjFCMUYQQe897z4wR
lFGUkYwQjBCMEJRRnJKUkpRRlJKUkpSSlJKc05zSnJKUkZRRnJKckpyRlJGMUIxQ
jFCMUIwQlFGUEJRQnJKckpxRjBBJhjCDKEEYABgAIAAgACgAKAAoACgAKAAwADhA
QMFRQ2oGSUNJAlFCWUJhw3qHeodqBVFCUQJQwkkBQME4wTjBKIIgQDDDawuMUJSS
nNOc05STnNOc05yTlJOMk4ySjJKMkoySjJKMkYxSjFGEUoRShJKEUoRRfBB0EHxR
fFF8EHQQc9B0EXPQa9Brz2vPa89rz2OPY45bTmOPY497z3vPc45rTYQQhFCMUYxR
hA97z4QRjFGMUoxRe8+MUJSRlNKUkoxRhBCUkZzSpROc05SRlNOdE5zTnNOUkpzS
pNOckpySnNOc05ySnJKckpySlJKUkZSSnJKckqSSnJGckpRQSccwxCBCGAAYACAA
GAEYABgAGAAgACAAKAAwQDiCSQNZhEECQMFJAUlCWYNqBmoGYcRJAkjBQMFAgUDB
OMI4wSiCIEExBHNNjFKUkpzTnNOUk5zTlNOc05TTlNOMkoySjJKMkoySjJKMUoxS
jJOMkoyShFKEUnQQfBB8UXxRdBBrz3QQdBB0EHPQa89rz2uPa89jjmOOY45bTluO
e897z3OOa017z4QQjBCMEIQQe8+EEIxRjFGMUYQQhFCUkpSSlJKUUYxRlJGc0pzT
nNKMUZSSpRSk1KTTnJKc0qTTpNOk06TTpNKckpxRpJKckpyRnJGckZyRnJGckZyS
nJGUUUnHKMQgQhABEAEQARABEAEQARABEAEYARgAKAEwQTjCQQM4wjCBOMBAwVFC
YcVhxVlESMFAwUCBQIE4gTiBMEEgQSBBOQRzjoxRlJKc05zTnNOc05zTnNOc05zT
lJKUkpSSlJKMUoxSjJOMkoyTjJKEUoRShFKEEYRSfBF8EXwQdBB8UXwRfBFz0HPQ
c9Br0GvQa89jz2OOW05jj3vOe89zjmtNe8+EEIQQhBB8D3vOhA+MUIxRjFGED4QQ
jJGUkZSSjFGMUZRRnJOk05zTlFGUkqUTpRSk05ySnJKk06TTpNKck5zSlJKUkZyS
nJGckZxRlFGcUZRRnFGckpxRlFFSCCjDGEEQARAACAAIAAgACAAQARABEAEYASgA
MEE4gjjCOMIwgTCAOIFBAlmEWYRRQ0jBQME4gDiAOIAwgChAIEAgQDkEe46MUZSS
nNOU05STlJOU05TTlNOU04ySjJKMkoySjJGMUoxSjFKMU4xShFJ8UXxRfFF8UXQR
dBFz0XQRdBF0EXQRa9Br0GvQa49j0GPPY85bj1NOW497z3vPc45rTXvOhA+EEIQQ
fBB7j4QPjFGMUYxRhA+ED5SRlJGUkYxRhBCMUZSSnNOc0pRRlJKlFKUUpNSckpyS
pNOk06STnNKc0pySlFGckpySnJGUUZRRlFGUUZyRnJKckZRRUkgowxiCEAEIAQgB
CAEIAQgBCAEIAQgAEAAgAChAKEFBBDjDMIEwgDBAOMFRQ0lDSQJAwTiAMIAwgDCA
KEAgACAAKEFBBIPOjFGUkpTTlNKUkpSSlJOU05TTlNOMkoySjJKMkoSRhFGEUoRS
jFKEUoRRfFF8UXxRfFF0EHQQdBB0EHQQdBB0EGvQa9Br0GOPa9Bjj2OPW45bTmOO
e897z3OOa017zoQPhBCMUHvPc46ED4xRjFGMUYQQhBCUkZSRlJGMUYxQjFGU0pzS
lNKMUZSSnNOlFJzTlJKUkpzTnNOc05zTnJOUkpSRnJKckpyRlFGUUZRRlFGUUZyR
lFGUUVJJKMQYQhABCAEIAQgBCAEIAQgBCAEIAQgBEAEYAChBSQU4wygAKEAoQDCB
SQNJA0DCOIE4QDBAMEAoACAAIAAgAChBQUWDz4xRlJKUkpSSlJKUkpySlJOU05SS
jJKMkoySjJKEUoRShFKEUoxShFKEUnwRfFF8EYRSfBB0EHQQdBB0EHQQbBBr0GvQ
a9Bjj2vQY89jj1uOW05bjnvOe85zjmtNc4+EEIQQhBGEEHOOe8+MUIxRjFCED4QQ
jJGUkZSSjFGEUIxQnNKc0pzSjFKUkqTUpNSk05SSlJKc05zTnNOc05zTlJKUUpyR
nJGckZRRlFGUUYxRlFGckpRRlFFaiiDEGEIQARABCAEIAQgBCAEIAQgBCAEIAQgB
EAEgQkEGMMMgACAAKAAwQTjDQQM4wjBBKEAoACAAGAAYABgAGAAogUFFhA+MUZSS
lJOUkpSSlNKUkpTTlNOMkoySjJKMkoySjFKEUYxShFKMUoRShFF8UXxRdFF8UXQQ
dBBr0HQQdBB0EWwQa9Br0GuQY49j0GPQY49bTltOY457z3vPc45rTXOOhBCEEIQQ
e89zjnvPhBGMUYRRe8+EEIxRjFGUkoxRhBCMUZSSnNOU0pRRlFKk1KTUpNOUkpSS
nNKc05zTnNOc0pSSlJGUkZSRlJGUUZRRlFGUUJRRnJKUUZRRYssowxhCEAEQAQgB
CAEIAQgBCAEIAQgBCAEQABABIEI5BSiDGAAgACgBKEEwgjCCMIEoQSAAIAAgABgA
GAAYABgAKIJJhnwPjFGMUpSSlJKUkpSSlJKUk5STlJOMUoxSjFKMUoRShFKEUoSS
hFKEUnwRfBF8EXwRfBF0EXQRa9B0EXQRdBB0EGvQa9Br0GOPa9Bjj2OPW49bTVuO
e89zjnOOa01zjnvPhBCEEHvPc457z4QQjFGMUYQQhBCMUYxRjFGMUYQQjFGUkpSS
lJKMUZRRnNOc05zTlJKUkpyTnNKc0pzSlJKUkpRRnJKUkpRRlFGUUZRQlFGUUaSS
nFGUEWrLKMQYQhABCAEIAQgBCAEAAQgBCAEIAQgBCAEQARgCMQUogxgAIAAgASAB
KEMogyCCIEEYARgAGAEYARgBGAEgASiDSciEEIxRlJKUk5SSlJKUkpSSlNKUk5ST
jFKMUoxSjFGMUYRShFKEUoRShFJ8EnwRfBF8EXwRe9F0EHPQdBB0EXQRdBBr0GvP
a89jj2uPY49jj1uPU05bj3vOc45zjmtNc457z4QQhBB7z3OOe8+EEIxRjFGD0IPP
jFGUUoxRjFGEEIxRlJKUkpSSjFGMUZzTnNOc05SSlJKc05zTnNOc05zSlJGUUZxR
lFGUUZRRlFGUUZRRlFGckpRRlFFrDCjEGEIIARABCAEIAAgACAEIAQgBCAEQARAB
EAEYAijEIEIYARgAGAAYASBCKIIgQhgBGAEYARgBGAEYARABGAEog1IIhBCMUZSS
lJOUkoySjJKUkpSSlJKMkoRRjFKMUoxShFGEUYRRhFKEUoRSfFF0EXwRfBF8EHPQ
dBB0EHQQdBB0EHQQa89rz2PPY49jz2OPY49bjltNW497j3OOc45rTXOOe8+EEIQQ
e9BzjnvPhBCMUYxRe897z4xQjJGMUYxRjBCMEJSSlJKUkoxRjFGc05zTnNOUkpSS
nNOc05zTnJKckpRRjFGUkpSRlFGMUYxQlFCUUJRQnJKUkZRRc00wxCBCEAAIAAgA
CAEIAQgBCAEIAQgBCAEIAQgBGAEowyCCGAEYARgAGAEgQiBCIEIYARABGAEQARAB
EAEQARABKINSSYQQjFGUkpSTlJKMkoySjJKMk4ySjFKEUYRRhFGEUYQRhFGEUYRS
hFKEUnxRfBF8EXQRdBFz0HPQc9Bz0HPQc9Br0GvQa89jz2OOY89jj2OPW45bTVuP
e85zjmtNa01zjnvPhBCEEHvPc457z4QQjFCMUHvPe8+MUIxRjFGMUIQQhBCUkpSS
lJKMUYxRnNOc05zTlJGUkpzTnNOc05ySlJKUUoxRlFKUUYxRlFGUUZRRlFCUUJyR
lJGUUXuOMQUgQhABEAEIAQgBCAEIAQgBCAEIAQgBCAAIABABIIMYQhAACAAQABAB
GEEYQhhBGAEQARABEAEQARAACAAQASDDWoqEEIxRlJKUkpSSjFGMUYySjJKMk4yS
hFGEUYRShFKEEoQRhFGEUoRShFF8EXQQdBB0EXQQa9Bz0GvQc9B0EGwQa9Br0GvQ
Y89jjmPPY45bjlNOU01bjnOOc45rTWtNc457z4QPhBB7z3OOc4+EEIQRjFF7z3vP
hBCMUYxRjFGEEIQQlJGUkpSSjFGMUZSTnNOc05SRlJKc05zTlNOUk5SSlJGMUZSR
lFGUUZRRlFGUUYxQlFCckZRRlFGDzzFFGIIQABAACAEIAQgBCAEIAQABCAEIAQgB
CAEQASCDEAIIAQgBEAEQARgCGEIYQRABEAEQAQgBCAEIAQgBEAEgxGKLhA+MUZSS
lJOUUoxSjFKMUoxSjJKEUoRRhFKEUoRRhBGEEYRRhFGEUYRRfBF8EHwQfBB0EHQQ
c9Bz0HPQc9Bz0GvQa89rz2OPW49jj1uPW49TTlNOW45zjnOOa01rTXOOe8+EEIQQ
hA9zjnOOhBCMUYxRe897z4xRjFGMUYQQhBCEEJSSlJKUkoxQjFGc05zTnNOUkpSS
nNOc05zTlJOUkpSRjFGUUZRRlFGUUZQRlFCUUJQQnFGUUYxRg885RhhCCAEIAQgB
CAEIAQgBCAEIAQgBCAEIAQgBEAEYQhBBCAAIAAgACAEYARhCEEEQAQgBCAEIAQgB
CAEIARABKMRrDIQQjFGMkoySjFKMUoxSjFKMUoxShFKEEYRShFKEUnxRfBF8UXxR
hFF8UXwRdBB0EHQQdBBr0GvQa9Br0GvQa9Br0GOQa9Bjj1uOY89bjluOU01TTluO
c45zjnONa0xzjnvPe9CEEHvPc417zoQQhBCEEHvPe8+MUYxRjFGMUYQQhBCMUZSS
lJKMUYxRnNOc05zTlJKUkpzTnNOck5ySlJKUUoxRlFGUUZRRlBCMEIxRjBGMEZRR
lJGUUYwQOYYYghAAEAEIAAgBCAEIAQgBAAEIAQgBCAEIAQgBGEIQQQgACAAIABAB
GAEYQRhBEAEIAQgBCAEIAQgBCAEIASkEa018EIRRjFKUkoxRjFGMUYxRjFKMUoRR
hBGEUYRRhFF8EHwRfBF8UXxRfFF0EHQQdBB0EHQQa89r0GvQa9Fr0GvQa89jz2PP
Y89jj2OPY49bT1NOU05TT3OOa05rjWtMc417znvPe897z3OOc46EEIxRhBB7z3vP
jFGMUYxRjFGEEIQQlJKUkpSSjFGMUZSTnNOc05SSlJKc05zSnNKUkpSRlJGMUJSR
lFGUUZRRjFGMEYwQjBCUUZSSjFGMEEHHIIIQAQgBCAEIAQgBCAEIAQgBCAEIAQgB
CAEIARhCEAEQARABCAEQARABGEEQARABCAEIAAgBCAEIAQgBEAEpBHNOe8+EEYxS
jFKMUoRRhFGMkYySjFKMUYQRhFGEUYRRfBB8EHwQfBGEUXwRdBBz0HPQdBBsEGvP
a9Br0GvQa9Br0GPQY49jz2OPY49jj2OPW45TTVNNW45zjmtOa05jDGtNe897z4QQ
e89rTXOOhA+EEIQQe85zj4QQjFGMUYxRhBCEEJSSlJKUkoxRjFGc05zTnNOUkpSS
nNOc05ySlJKUkpRRjFGUUZRRjFGMEYwQjBCMEIwQjBCUkYxQjBBKCBiCEAEQAQgB
CAEIAQgBCAEIAQgBCAEIAQgBEAEYQhABEAEIAQgBEAEQARABEAEQAAgBCAEIAQgB
CAEIARBBMUVzToPPhBGMUoxShBGEEYRRhFGMUYxRhFF8EYRRhFGEEHwQfBB8EXwR
fBF8EXPQc9Bz0HPQc9Br0GvQa9Br0GvQa9BjkGOPY49jj1uOY49bj1uOU01TTVuO
c45zjmtNa0xrTXvPe897z3vPa01zjnwPhA+EEHOPc46EEIQQjFGEEIQQhBCMkZSR
lJGMUIxRnNKc05zTlJKUkZzSnNKUkpSSlJKMUYwRjFGUUJRRjFCMUIwQjBCMEIwQ
lFGMEYQQUkoYgxABCAEIAQgBCAEIAQgBCAEIAQgBCAEIARABGEIQAQgBCAEIARAB
EAEQARABCAEIAQgBCAEIAQgBCAEQQTFGc457z4QRjFKMUoQRhBGEUYRRjFKEUYQR
fBB8UYRRfBB8EHwQfBGEEXwRfBFz0HPQc9Bz0HPQa9Brz2vQa9Bz0GvQa5Bjj2OP
Y49jjmOPY45bjlNNU01TTnOOc45rTWMMa01zjnvPe897z3OOc457z4QQhBB7z3vP
hBCMUYxRhBB7z3vPjFGMUYxRhBCMUZSSnNOc04xRjFGUkpSSlJKUkpRRjFGMEJRR
lFGUUYxRjBCMEIwQjBCUEJRRjBGD0FKKIMMIABAACAAIAQgBCAEAAQgBCAEIAQgB
CAEQARBCCAEIAQgBCAEQARABEAEQAQgBCAEIAQgBCAEIAQgBEEJBh3OOe8+MUIxR
jFGEEYQRhBGEUoxShFKEEXwRhFGEEXwRfBB0EHwRfBF8EXQRa9Br0HPQc9Fr0GuP
a89r0GvQa9Br0GuQY49jj2OPW09jj1tPW45TTVNNW05zjnOOa01jDGtNe897z3vP
e89rTXOOhBCEEIQQe897zoQPjFCMUIQQe897z4xRjFGMUYQQhBCUkpSSlJKMUYxR
lJKckpSSlJKMUoxRhFCMUYxRjFCMUIQQjBCMEIwQjBGUUYwRg9BiyyjDEAEQAQgA
CAEIAQgBAAEIAQgBCAEIAQgBEAEQAggBCAEIAQgBCAEQARABEAEIAQgBCAEIAQgB
CAEIARhCSgh7znvPhFGEUYxShBGEEYRRjFGEUYRRfFF8EIRRhBF8EHwQdBB8EHxQ
fBF0EGvPa89z0HPQc9Brz2vPa89z0GvQa9Bjz1uPY49jj1uPW45bTlNOUw1TTltO
c41zjWtMYwxrTXOPe897z3vPa01rTXvPe9CEEHvPc46EEIQQhBCEEHvPe8+MUYxR
jFGEEIQQlJKUkpSSjFGMUZTSlJKUkpSSlJKMUYQQjFGMUYxQjFCEEIwQjBCMEIwQ
jBGMEIQQa00pBBBBCAAIAAgBCAEIAQgBCAEIAQgBCAEIARABEAEIAAgBCAEIARAB
EAEQAQgBCAEIAQgBCAEIAQgBCAEYQlJJe857zoQQjFGEUXwQfBCEEYQRhFGEUYQR
dBB8EXwRc9Bz0HPQdBB8EXwRdBFr0GvQa9Bz0GvPY89rz2vPa89rz2PPY89bj1vP
W49bjluOU45bj1MNU05TTnONa41rTGMMYwxzjnvOe897z2tNc417z4QQhBB7z3OO
hBCEEIQQhBB7z3vPjFGMUYxRhBCEEJSSlJKUkoxRjFGUkpSSlJKMUYxRjFGEEIxQ
jFCMUIwQhBCEEIQQjBCMEIxQjFGD0HuOMQUQARABCAEIAQgBCAEIAQgBCAEIAQgB
CAEIARABCAAIAQgBCAEIARABEAEIAQgBCAEIAQgBCAEIAQgBGIJainOOc46EEIRR
hFF8EHwQfBGEEYQRhBF8EHPQfBB8EHPQc9Bz0HQRfBF8EXPQa89r0GvQa9Brj2uP
a49rz2vPa9Bjz2PPW45bz1uOW45bj1OOW45TTVNOU05zjWtNa0xjDGMMc45zj3vP
e89rTWtNe4+D0IPQe89zjoPQhBCEEIQQe897z4QQjFGMUYQQe8+UkpSSlJKMUYQQ
lJKUkpSSlJKMUYxRhBCMUYxRjBCMEIQQhBCEEIQQhBCMUIxQg8+DzzFFEAEQAAgB
CAEIAQgBCAEIAQgBCAEIAQgBCAEQAQgBCAEIAQgBCAAIAAgBCAEIAQgBCAEIAQgB
CAEIARiDYsxzjnOOhBCEEIQRfBF8EHwRhBGEEYQRfBB0D3wQfBBzz3PPc8970HQQ
dBFz0GuPa89rz3PQa49jz2PPY89j0GvQY89jj1uPW49bj1uOW49bjltOSwxTTVNN
a01rTWtNYwxjDHOOc457z3vPa01rTXOOe897z3OOc457z4QQhBCEEHvPe8+MUYxR
jFGEEIQQlJKUkpSSjFGEEJSSlJKUkoxRjFGMUYQQjBCMEYwRjBCED4QPhBCEEIQQ
jBCMEIPPg89BxxBBEAAQAAgBCAEIAQABCAEIAQgBCAEIAQgBEAEIAQgBCAEIAQgB
CAEIAQgBCAEAAQgBCAEIAQgBCAEgw2sMc45rjXwQfFCEUXwQfBB8EXwRfBF8EXvQ
c890EHwQc9Bzz3PQdBB0EHQQbBBrz2vPa9Br0GOPY49jj2PQY89j0GPQW49bj1uP
W49bj1uPW45TTksNU01TTmtNa01jDWMMYwxzjnOOe897z2tNa01zjnvPe89zjmtN
e8+ED4QQhBB7z3OOjFGMUYxRhBCEEJSSlJKUkoxRjFGUkpSSlJKUkoxRjFGEEIwQ
jBCMEIQPg8+ED4QPjA+EEIQQjFF7j4PPUkkYQRAAEAAIAQgBCAEIAQgBCAEIAQgB
CAEIAQgBCAEIAQgBCAEQARABEAEQAQgBCAEIAQgBCAEIAQgBKQVrTXOOc458EIRR
hBF70HwQfBCEEYQRfBBzz3PPfBB8EHPQa89zz3QQdBB0EGvPY45r0GvQa9Bjj2OP
Y49jj2PPY9Bj0FuPW05bj1tOW45bjlNNU05LDVMNUw5rTmtNYwxjDGMMc45zjnOO
c45rTGtNc457z3vPc45rTXOOe8+EEIQQe897zowQjFGMUYQQhBCMUZSSlJKMUYxR
lJKUkpSSlJKMUYQQhBCMUYQQhBCEEIQQhBCEEIQQhBCEEIQRe497z1qLEEIIAQgB
CAEIAQgBCAEIAQgBCAEIAQgBCAEIAQgBCAEIAQgBCAEIAQgBCAEIAQgBCAEIAQgB
CAEQATmGa01rTWtNe8+EEHwQc89zz3wQfBB8EHwQc89rz3QQdBBrz2vPa890EHQQ
dBBzz2OOa89rz2vPY49jjmPPa49jz2PPY49bjluOW45bjluOU45TTlNOSw1TDlMN
a01rTWMMWstjDHONc45zjnOOY01rTXOOe897z3OOa01zjnvPe897z3vPc46EEIQQ
jFGEEIQQjFGUkpSSjFGMUZSSlJKUkpRSjFGMUIQQhBCEEIQQhBCEEHvPe8+EEIQQ
hBCMUXOOc45jDBiCCAEIAQgBCAEIAQgBCAEIAQgBCAEIAQgBCAEIAQgBCAEIAQgB
CAEIAQgBCAEAAQgBCAEIAQgBEAFCCGtNa01rTXvPhBCEEHvPc89z0HwQfBB8EHPQ
c89z0HPQa89rz2vPbBB0EHPQc89jjmvPa89rz2OOY45jj2PPY49jj2OPY45bjmOO
W45bjluOU05TTksNU01TTWtNa01jDGMLYwtrTXONc45zjmMNYwxzjnvPe89zjmtN
c457z3vPe89zjnOOhBCEEIQQe897z4xRjFGMUYxRhBCUkpSSlJKMUYxRjFGEEIQQ
hBCEEHvPe897z3vPg8+Dz4QPhBBzjnOOc00gwwgBCAEIAQgBCAEIAQgBCAEIAQgB
CAEIAQgBCAEIAQgBCAEIAQgBCAEIAQgBCAEIAQgBCAEIARABUkprTWtNa017z3wQ
fBBzz3PPdA90D3wQc9Bzz2vPc89zz2uOY45rj2vQc9Bz0GvPY45rz2vPa89jjmOO
Y49jj2OPY49jj1tOW05bjluOW45TjlNOU05LDVNOUw1rTWtMYwxay1rLa01rTXOO
c45rTWtNc457z3vPc45rTXOOe897z3vPc45rjoQQhBCEEHvPe8+MUYxRjFGEEIQQ
jFGUkpSSjFGMUYQQe8+EEIQQhBB7z3vPe897znvPe897z4QPc41zjXuOKQQQAQgA
CAEIAQgBCAEIAQgBCAEIAQgBCAEIAQgBCAEIAQgBCAEIAQgBCAEIAQgBCAEIAQgB
CAEQQlrMa01jTWMMc898EHwQc89zz3PQc9B0EHPPa89rj2vQc89rj2uOa45z0HPQ
c9Brj2OOY49jj2OPW45bjluPY49jj2OPW49bTlNOW45bjlOPU05TTktOSw1LTksN
Yw1jDGMMYwtay2tNa01zjnOOY01jDGtNc457znONa0xzjnvPe897z3POa458EIQQ
hBB7z3OOjFGMUYxRhBCEEJSSlJKMUYxRjFGEEHvPhBCEEIQQe897z3vPe8+Dz3vP
e897z2tNa01zjjmHEAEQAQgBCAEIAQgBCAEIAQgBCAEIAQgBCAEIAQgBCAEIAQgB
CAEIAQgBCAEIAQgBCAEIAQgBGINrTWNNYwxjDHPPfBB8D3POa89z0HPQc9Bz0GuP
a49rz2vPY45jjmOPa89r0GvQY49bTmOPY45jj1tOW05bjluPY49jj1uPW05bTluP
W05bT1MOUw5TDksNU05LDWsNYwxazFrLUoprTWtNc45rjWMMYwtrTXOOc49rTmMN
c457z3vPe89zjmtNe8+EEIQQe89zjoQQjFGMUoQQg9CMUoxRjFGMUYQRhBB7z3vP
e8+EEHvPe897z3PPe897z3vPe89rTWtNc05KCRBBCAEIAQgBCAEIAQgBCAEIAQgB
CAEIAQgBCAEIAQgBCAEIAQgBCAEIAQgBCAEIAQgBCAEIATFGYw1jDFrLWstzj3PP
c9Brj2uPa89zz3PPc89rjmOOa89r0GOOY45rjmvPc89r0GOPW05jj2OPY49bTltO
W45jj1uPW49bT1NOU05TTlNOU05TTlNOS01LDFMNSwxjDFrMYwtay1rLa01rTWtN
a01ay2MMa01zjnOOc45jTHONc45zz3PPa45rTnvPe9CEEHvPc46EEIxRjFGEEIQQ
jFGMUYxRjFGMUIQQe897z4QPe897z3vPe897z3vPe897z3vPYwxjDGtNYssQQggB
CAEIAQgBCAEIAQgBCAEIAQgBCAEIAQgBCAEIAQgBCAEIAQgBCAEIAQgBCAEIAQgB
EAFKCGMMYwtaylrKc85zz3PPY45rjmuPc89zz2vPY45jjWPPY89jjmOOY45jz2vP
Y89bjltOY49jj2OPW05bTltPW45bj1uPU45TTVNOW45TTlNOSw1LDUsNQsxLDErM
YwxjDFrLUotSimMMa01rTWtNWstay2MMa01zjmtNYwxrTXOOc45zjnNNa017z4QQ
hBB7z3OOhFCMUYxRhBB7z4xRjFGMUYxRhBCED3vPhBB7z3vPc457z3vPc457z3vP
e897z2MMYwxrDGsNIIMQAQgBCAEIAQgBCAEIAQgBCAEIAQgBCAEIAQgBCAEIAQgB
CAEIAQgBCAEIAQgBCAEIARACWstjDGMLUopSinOOc89rz2uOa45rzmvPa89jj2OO
Y05rj2OPW05bTVtOY49jj2OPW05TTVuPW45bjlNOU05bTltOW05TTlNOSw1TTVNO
U05TTksNSw1LDUrNSw1CzGMLWstay1KKUopjDGtNa01rTVrLWstjDGtNa01rTWMM
a01zjnOOc45rTWtNe897z3vPc45rjXwQhBCEEHvPe8+MUYxRjFGMUYQQfBBzz3vP
e9B7z3OOc45zjnOOc457z3vPe89ay1qLYwxjDDmGCAEIAQgBCAEIAQgBCAEIAQgB
CAEIAQgBCAEIAQgBCAEIAQgBCAEIAQgBCAEIAQgBEAEgxGMMWstay0pJSkprjmuP
a45jTWOOY45rjmvOY45bTmNNY49jTlsNW01jTWOOY45jjltNUw1bjltOU05TDVMN
W05bTlNOU05TTksNSw1TDVMNUw1KzUrNSsxKzErMSstay1rLUopSikpJYwxjDGMM
Yw1ay1rLYwxrTWtNYwxay2MMa41rjWuNa01jTXOOe897z3OOc457z4QQhBB7z3OO
fBCEEIQRfBB8EHvQc497z3vPe89zjnOOc45zjnvPc45zj3OOWstSiWLLYwxSighC
CAEIAQgBCAEIAQgBCAEIAQgBCAEIAQgBCAEIAQgBCAEIAQgBCAEIAQgBCAEIARAB
OYdjDFLLUopCCEpJa45rjmuOY01jTWuOY45jjmNOW01bTWOOW01TDFMMU01bjmOO
W45TTVMMW01bTVMNSwxLDFMNU01TTVNNSw1KzEsMUwxKzErMQstCzELMQstCy0KK
WspaylKKSklKSVrLWstjDGMMUopSilrLYwxjDGMMWstjDGtNa01rTWMMYwtzjnOO
c45rTWNNe897z4QQe89zjoQQhBCEEIQQfBB7z3OOc897z3OOa01zTmtNa01zjnOO
c45zjlrLQghSimLLYswgwwgBCAEIAQgBCAEIAQgBCAEIAQgBCAEIAQgBCAEIAQgB
CAEIAQgBCAEIAQgBCAEQQVqKWstSikpJOcdKimNNY01jTVsMWwxjDWNNW01bTVMM
Uw1bTVsMUsxSzFMMW01TTVNNSwxKzFMNUw1SzErMSsxSzEsMSwxKzELLQotKy0rM
QstCy0KLQos6izqKQoo6SVKKUopSSkoJSglailrLWstay1KKSklay2MMYwxay0pJ
WstjDGMMYwxay1rLa01zjnOOa01jDHOOe897z3OOa017z3vPe897z3vPc45rTXOO
c45zjmtNa01rTWtNc41rTWtNa0xayjnHUolailrLQccIAQgBCAEIAQgBCAEIAQgB
CAEIAQgBCAEIAQgBCAEIAQgBCAEIAQgBCAEIAQgBKQVSi1KKSklCCDGGSkljDGNM
Ywxay1LLWwxbDFsMUwtKy1LLUwtSy0qLSotKy1MMUs1KzErLSstSzErMSotCi0KL
SotKi0qLQotCijpJQopCikJKQkpCCTpJOgk6CDoJOglKSUpJSghCCEIIUklSilKK
UopKSUJJUolailqKUopKSVKKWwtay1rLUopSiWMLa0xrTGMLWsprTWtNc45rTWMM
c45zjnOOc45rjmtNYwxrTWtNYwxjDGMMYwxjDGMMYwxjDGMMWssxhkIISkhSilKK
EIIIAQgBCAEIAQgBCAEIAQgBCAEIAQgBCAEIAQgBCAEIAQgBCAEIAQgBCAEQAUHH
SghKB0oHQccxRkpKWstazFLLSopSilLLUstSy1LLSopKy0rLSopKSUJJSopKikqL
SopCSkJKSopCikJJOkk6SUJJQklCSTpJOkk6CToJOgkyCDoIOgg5yDHHMccxyDGH
SghKCEHIOcc5x0oJSklKSUpJQghBx0oIUklSSUpJQghKSVKKUopKikqJSkhaylrL
WstSikpJWwxjDGMMWstay2MMa01rTWMMYwxay1KKYwtjDGMLWspaylrKWspiy2LL
Ystay1KKMYU5xkIHSkhSSTFFCAEIAQgBCAEIAQgBCAEIAQgBCAEIAQgBCAEIAQgB
CAEIAQgBCAEIARABKMM5RjmGOYVBxjmFMURKSVKKUopKiUpJSklKikqKSopCikJJ
QkpCSUJJQghCCEIIQklCSUJJOgg6CDpIOgg6CDHIOcg6CDoIOcgxyDHHMccxxzHH
KYcphimHKYcpRilGKUYpRkHHOYc5hjmGMUVBx0oHScdKBzmFOYZBxkoHSgdJx0GG
QcdKCEpISkhCB0IHUkhSiVKJSkhKCFKKWopailJJUklailrKWspaylrKUopSiVKK
UopSikpJSklSSEpJUklSSVJJUklSCDGFMYU5hkHHSghByBiDCAEIAQgBCAEIAQgB
CAEIAQgBCAEIAQgBCAEIAQgBCAEIAQgBEAEYQjFFMUU5hjmFMYQxhDGFQgdKSEpJ
SklCCEIIQghCCEIIQgg5yDoIOgg5xznHOcc6BzoHOgc5xzHGMcYxxzHHMYYxhjGG
MYUxhjGGMYYphimFKUUhRSFFKUUpRSlFIUQhBSEEIQQ5RTFFMUQxRCkDOUU5hjmG
OYYxRTFFOYVBxkHFQYU5RDmFQcZBxkGGQYY5hkHHQchKB0HGQcVKB0oHSghJx0HH
SghKSEpISkhKCEoIQgdKCEoISghBx0HHQgdCB0IGSgdKB0oHScc5hTlEOUVBhUHG
QcYxRRBBCAAIAAgBCAEIAQgBCAEIAQgBCAEIAQgBCAEIAQgBCAEIARhBKMQxRDGF
OYYxRTFEMUQ5RTnGQgc6BznHMcY5xznHOcc5xznHMYYxhjGGKUUpRSlFMYUxhTGF
KUUpRClFKUUpRSlFIQQhBCEEIQQhBCEEIQQhBCEEIQQgwyDDGMMYwxjDGMMQghjD
MQQpBCkDIMMgwzEEMQQxBDEEKMMowykEMQQxRDEDKQMpQzFEMUQxRDEEKQM5RDmF
OYUxRDFEMYU5hTmFMYQ5RDmFOcVBhTmFOYU5hTmFOYU5hTmFMUU5RTmFOUU5hTmF
OYU5hDmEMUQxAzlEOURBhjmGMUUgwxABCAAIAAgBCAEIAQgBCAEIAQgBCAEIAQgB
CAEIAQgBEAEgwykEKQQxRTFFMQQxRTFEMQQxRDFEMUUxRTEEKQQpRClEKUQpRCkD
KQQpBCEEIQQhBCkEIQQhBCEDIMMgwyDDIMMgwxjDGMMYwxjDGMMYwxjDGIMYgxiD
GIMYghiCGIIYghCCEIIQgijDKMMgwyDCIMIowijDKMMowyDDKMMowzEDKQMowijD
KMMpBDEDMQMxAzEDMQMxBDEEMQMxAzFEMUQxRCkDMQQ5BDFEMUQxQzFEMUQxBDEE
MQUxBDEDOQQxBDEEMQQxRDFEMUQpBDEDMQM5QzlDOUQxRDFEKMMggxABCAAIAQgB
CAEIAQgBCAEIAQgBCAEIAQgBCAEQASCCIMMowykDKQQxBCkEMQQxRDEDKQMxAykD
KQMpAykDKQMpAykDIQMgwyDDKMMowijCIMIpAyjDIMMgwyDDIMMgwyDDIMMgwxjD
IMMgwyDDIMMgwyDCIMIYwhiCGIIYgxiCGIIYghiBGIEowiiCKIIggiiCKIIowijC
KMMowijCKMIowijCKQMowijDKMIowyjCKMIwwjDCMQIxAjECMMIxAjEDMQM5AzED
MQMxAzEEMQMxAzEDMQMxAzEDMQMxAzEDMMMwwzDCMMIowjDCMMIwwjDCMQMxAzED
MQMwwyiCKIIgghhCCAEIAQgBCAEIAQgBCAEIAQgBCAEQARgCIIIowyiDKMMxBDEE
MQQxBDEEMQMowjDCMMIwwjEDKMIowjDDKMMpAyjDKQMpAykCKQIpAiECKQIpAykD
KMMowijCKMMgwiDCIMIgwiDCIMIYwiDCIMIgwSCCIIIYghiCGIIYghiCGIIYghiC
KIIogiiCKIIogiiCKIIogijCKMIowijCMMIowijCKMIowijDKMMowijCKMMwwzDD
MMMwwzDDMQMxAzEDMQMxAzEDMQIxAjEDMQMxAzEDMQMxAzECMQIwwjECMQIwwjDC
MMIwwijCKMIowzEDMQMxAzEDMMMwwzEEKMMowxiDEEEIAQgBAAEIAQgBCAEIARAB
GIIowyjDKMMogzDEOQVBRjkFMQQxRDEDKMMwwzEDMQMxAzDCMQMxAzEDMQMxAzED
KQMpAykDKQMowijCKMIowijDKMMowyjDKMMgwyDDIMMgwyDDIMMgwiDCIMIgwiCC
IIIgghiCGIIYghiCGIEYgiiCKIIggiCCIIIggSiBKIEogiiCKIIogijCKMIowijD
KMMowikCKMIowijDKMMwwjDCMMIwwjDCMQMxAzEDMQMxAzEDMQMxAzEDMQMxAzED
MQQxAzEDMQMxAzEDMQMxAjDCMMIwwjDCMMIwwzEDMQMxAzDDMQQxBCjDKMMpBDFF
KUUgxBCCGIIYghiDGMMgwykEMQQpBCkDIMMwxDlFSYY5BDEDMQQxAzEDMQMxAzED
MQMxAykDMQMxAzEDMQMpAykDKQMpAykDKQMowyDDKMMowyjDKMMowijDIMMgwyDD
IMMgwiDCIMIgwhjCIMIgwiDCIIIgghiCGIIYghiCGIIogiiCKIIogiiCKIIogiiC
KIIowijCKMIowijCKMIowijCKMIpAijCKMIowjDCMMIwwjDCMMIwwjDCMMIxAikD
MQMxAzEDMQMwwzEDMQMxAzEDKQMxAzDDMMMwwyjDMMIwwjDCKMIowijCKMIxAykC
KMIxAzEEOYU5RDFEMQQowykDKQMpBCkEKMQpBCjDIMMpAykDKQQpBCjDKMMxBDEE
MQQxAzEDMMIxAzEDMQMxAzEDMQMxAzEDMQMxAykDKQIpAykCKQMowijDKMMowyjD
KMMowyjCKMIowijCKMIgwiDCIMIgwiDCGMIgwiDCIMIgwiDCGIIYghiCGIIYghiC
KIIogiiCIIIggiCCIIIggiCCIIIgwiDCIMIowijCKMIowijCKMIowijCKMMowjDC
KMIwwjDCMMIwwjDCMQIxAjECMQIxAzEDMQIxAjECMQIxAjDCMMIwwjDCMMMwwjDC
MMIwwjDCKMIowijCKMMowykDMQMpAzEDKMIgwiCCIIMpBDFEMUQpRClEKQQgxCDD
KMQpBCkEKQQhBCkEKQQpBDFEMQMxAzECMQMxAzEDMQMxAzFDMQMxAzEDMQMxAzED
MQMpAykDKQMpAykDKQMowyjDKMMowijCKMIgwiCCIMIgwiDCIMIgwiDCIMIgwiDC
IIIgghiCGIIYghiCGIIYgiiBKIIogiiCKIIogijCKMIowijCKMIowijCKMIowijC
KMIowijCKMIowijCKMIowijCKMIwwijDKQIowjDCMMMwwzDDMQMxAzECMQIxAjDC
MMIwwjDCKMIowijCKMIowijCKMIowijBKMEowjEDKMMoxCjDIMMggSCBGIEYgSDC
KQIpAzFEMUQpAykEKQQgwyDDKMMgwykDKQQpBCkEMUQpQzEDMQMxAzEDMQMxAykD
MQMpAikDMQMxAikCMQMxAikCKQIpAikCKQIpAykDKQMpAyjCKMMowyjCKMIgwiDC
IMIgwiCCGMIgwiDCIMIYwhjCGIMYghiCGIIYghhBGIEogiiCKIEogiiCIIIogiiC
KIIogijCKMIowijCKMIwwijCKMIowijCKMIowijDKMMogijCKMIowijCKMIowjDC
KMIwwijDKMIowjDCMMIwwjDCMMIwwjDCMMIowijCKMIowijCIIIowijCKMIpAyjD
KQMowyCCIIEYQRhBGIEhAiEDKQMpAykDKQMpAykEIMMggyDDIMMgwykEMQUxRCkD
KQMxAykDKQMpAykDKMIowikCKQIpAikCKQIpAijCKMIowijCKMIgwijCKMIowijC
KMIowiDCIMIgwhjCIMIgwiDCIMIgwiDCIMIYgSDCIMIgwiDBIIIgghiCGIIYghiC
IIEggSCBIIEggSCCKIIogiiCKIIogiiCKIIogiiCKIIowijCKMIowijCMMIpAijD
KMMowyjDKMMgwyCCIIIowijCKMIowyjCKMIowijCMMIowijCKMIowijCKMIowijC
KMIowijCKMIowijCKMIwwyjDKMIggiCBGEEYQRhBIIIowyjDIMMgwykDKQMgwxiC
GIIggyCDIMMpBCkEKQUpBCkDKQIowijCKMIowijCKMIowijCKMIowijDKMMowyjD
KMMowyjDKMIowijCKMIowiDCIIIgwiDCIMIgwiDCGMIgwiCCIIIggiCCIIIggyCC
IIIggiCCIIIYghiCGIIYgiiBIIEggSCBKIEogSiBKIEogiiCKIIogiiCKIIogijC
KIEowijCKMIowyjCKMMowijDKMMowyjCIIIggiCDKMIowijCKMIowijCKMIowijC
KMIowijCKMMowijCKMIowijCKMIowijCKMIowijCKMIowyjDIIIgghhBGEEYQRhA
GEEYQSCBIIEggSCCGIIYghiCGIMggyDDKQQpBCkEKQQpBCDDKMIowijCKMIwwijC
KMIowijCKMIowijCKMIowijCKMIowijCKMIowijCKMIgwiDCIMIgwiDCGMIgwiDC
IMIgwiDCIIIggiCCGIIYghiCGIIYghiCGIIYghiCGIIogSCBIIIggiCCIIIggSCB
IIEggSCBIIEggSCCKIIogiiCKIIowijCKMIowijCKMIowijCKMIgwiDCIMIowijC
KMIowijCKMIowijCKMIgwijCKMIwwjDCKMIowikCKMIowijCKMIowijCKMIowijC
KMIggyCCGIIYQRiCGEEQQBAAEEEQQBBBEEEQQRBBGEIYgiCCIMMpBCkEKQQpBCkE
IMMggiCCIIIgwyDCKMIpAijCKMIowyjCKMIowijCKMIpAikCKQIowyjDKMIowijC
KMIowiCCIMIgwiDCIMIgwiDCIMIgwiDCIMIgwiCCGIIYghiCGIIYghiCGEIYQRBB
IMEggiCCIIEggSCBIIEggSCCIIIggiCCIIIggiCCKIIogiCCKIIggiCCIIIowijC
KMIowijCKMIowijCKMIowijCKMIowyjDKMMowyjCKMIowijCKMIowijCKMIowijC
KMIowiiBKMIowijCIMIgwiCCIIEYgSDBGIIQgRiCGIIQQhABCAEQARABEAEQARBB
GIIgwyDDIMMowyjEKMMowiCCIIIowijCKMIowijCKMMowijCKMIowijCKMMpAykD
KQMpAykDKMMowyjCKMIowijCKMIowiDCIMIgwiDCIMMgwiDCIMIgwiDCIMIYwhiC
GIIYghiCGIIYghiCGIEYgSCCIMIggiCCIEIggiCCIIEggiCBIIEggSCCIIEggSCB
IIEggSCBIIEogijCKMIowijCKMIowijCKMIowijCKMMowijCKMIowijCKMIwwjDC
MMIwwijCKMIowijCKMIowijCKMIowijCKMIogiiCIIIggSCBGIEYgRiBEEEQQRhB
EEEQQRABEEIYQRBCEEIQQhCCGIIYgiDDIMMgwyDDGIIggiCCKMIowikCKMMowijC
KMIowykDKQMpAykDKQMpAyjDKMMowijCKMIowijCKMMowiiCKMIowiDCIMIgwiDC
IMIggiDCIIIggiCCIIIggSCCGIIYghiCGIIQgRiBGIEggSCBIIIggiCBIIIggiCC
IIIggSDBIIIggiiCKIIggiCCKIIogijCKMIowijCKMIowijCKMIowjDBMMIwwjDC
KMIwwijCKMIowikCKMIowijCKMIowijCKMIogSjCIMIowijCKMIgwijCIIIggSCB
IIEYgRiAGIEQQRBBEAEQQRBBGEEYQRhBGEEYQRhBGIIQQRhBGIEggiCCGIEggSCB
KIEogijCKMIowijCKMIowyjCKMMpAyjCKQIowijDKQMowijCKMMowijCKMIowijC
KMIgwiDCIMIgwiDCIMIgwiDCIMIgwiCCGIIYghiCGIIYghiCGIIYghiCGIIQgRiC
IIEggiCCIIEggSCBIIEggiCBIIEggSCBIIEggSCBIIEggSjCKMIowijCKMIwwijC
KMMowijCKMIwwjDCMQIwwjDCMMIowijCKMIowjDCMMIwwijCKMIowijCKMIowijC
KMIgwSDCIMIggiCCIIEggRiBGEEYQRhBGEEYQRhBGEEYQRhBGEEYQRhBGEEYQSBB
GIEggiCCIIIgghiBIIEggiiCKMIowijCKMIowijCKMIowijCKMIowijCKMIowijC
KMIowijCIMIgwiCCIMIgwiDCIMIgwhjCIIIggiCCIIIggiCCIIIgghiCGIIYgxiC
GIIYghiCGIIYghiCGEEYgSCBIIEggiCCIIIggiCCIMIggiCBIIEggSCBIIEowijB
KMIowijCKMIowijCKMIowijCKMIowijCKMIowijCKMIowijCKMIowijCKMIowijC
KMIowijCKMIowijCKMIowiDCIMEgwSCBIIEggRiBGIEYQRhBGEEYQBhAGEAYgBhA
GIAYgRiBIIEggSCBIIEggSCBIIEggSCBIIEggiCCIIEgwSjCKMIowijCKMIpAijC
KMIowiDCKMIowijCIMIgwiDCIMIgwiDCIMEgwiDCIMIgwiDCIMIgwiCBIIIggiCC
IIIggiCCIIIgghiCGIIYghiCGIIYghiCGIEYgRiBGIE=
END m9
frame    23 :  a glass with tea -0.24  an empty glass -0.72   led   0/255 h0.00 lvl-0.48   -

stopped   : 24 frames, 24 good, capture overlapped with the compute, configuration C
            24 frames timed, 319 ms/frame mean (capture included)
            300 ms encode + 2 ms waiting for the sensor + 16 ms burst; 354 ms/frame by the clock
            448 ms shutter to LED, arming with 134 ms of compute left
            last frame mean RGB 114 110 110
            camera bus: worst gap 20 us against the 2000 us deadline (#12)
            usb: 0 outages, 0 ms off the bus, 0 re-attaches (#9)
