
=== M8a: Arducam Mega on the RP header ===

clock     : 150 MHz sys
pins      : mosi GPIO12, miso GPIO9, sck GPIO8, cs GPIO13
in_scale  : 0.00787401600  (from the blob, not hard-coded)
model in  : 128x128x3

-- question 1 and 2: is it wired, and how fast --
  bus        rate          id   verdict
  bit-bang     0.50 MHz   0x82   plausible
  pio          0.50 MHz   0x82   agrees with bit-bang
  pio          1.00 MHz   0x82   agrees with bit-bang
  pio          2.00 MHz   0x82   agrees with bit-bang
  pio          4.00 MHz   0x82   agrees with bit-bang
  pio          8.00 MHz   0x82   agrees with bit-bang
  pio         12.00 MHz   0x82   agrees with bit-bang
  pio         16.00 MHz   0x82   agrees with bit-bang

-- bring-up --
  sensor id : 0x82  (legacy table)
  firmware  : 2023-03-03, fpga rev 32

-- repeat-capture matrix: 128x128, 8 MHz, same scene throughout --
  #  recipe      crc32    first px  verdict
  0  as-was      c80a8564 08 01     CONSTANT  <-- NOT what 2026-08-03 measured
  1  as-was      c80a8564 08 01     CONSTANT  
  2  no-rewrite  c80a8564 08 01     CONSTANT  <-- NOT what 2026-08-03 measured
  3  flush       c80a8564 08 01     CONSTANT  
  4  norw+flush  c80a8564 08 01     CONSTANT  <-- NOT what 2026-08-03 measured
  5  settle300   b30b32b3 41 83     a picture 
  6  everything  287a8d52 39 83     a picture 

  -> DOES NOT match the recorded matrix - re-read the comment on cam_capture(). Using recipe `vendor` below.

-- image controls: mean RGB after each, 128x128 @ 8 MHz --
  setting              reg    1st capture        2nd capture       
  (as begin left it)   0x25    73  67  26         73  64  24       
  auto-exposure on     0x30    73  64  25         73  64  26       
  auto-gain on         0x30    73  66  27         73  66  28       
  auto-WB on           0x30    73  65  29         73  65  30       
  WB mode office       0x26    97  58  35         97  59  34       
  WB mode home         0x26    79  58  60         79  59  60       
  WB mode auto         0x26    77  60  60         76  62  61       
  EV +1                0x25    73  63  62         73  63  61       
  EV +2                0x25    73  63  62         73  63  62       
  EV back to 0         0x25    73  63  63         73  63  62       
  brightness +1        0x22    90  79  79         89  79  79       
  brightness +2        0x22   106  95  95        106  96  94       
  brightness back      0x22    73  63  62         73  63  62       
  (no setting blanks its first capture - the fault is specific to the resolution register)

-- f128: 128x128 RGB565, resolution register 0x0b, bus 8.0 MHz, recipe vendor --
  fifo      : 32768 bytes, expected 32768  
  timing    : setup 0.0 ms, expose 68.4 ms, read 32.9 ms  (0.95 MB/s over the bus)
  first 16  : 39 87 39 46 49 c8 5a 8a 4a 08 49 ca 39 88 39 86 
BEGIN f128 128 128 32768 01a1900e
OYc5RknIWopKCEnKOYg5hmKLUklKCEIHQYdBh1qKWopKSUIIOcdKSVrLWstSiUIH
QcdCB1qJe0xqylKJUkpKCUHJQglazGMMYsxKCUIJSghrTGsLUolKSEpIQgZzjGtL
YolKB0oHUkl7jWMLWspSSVJIWkl7THMLYolSCEoIYop7jmsLWolSiUpISkhKCFKJ
a0xzTGLMSkpKCUIIWstrTFqJSkhCR0JHY0tayVKISkhCB0IHWwtiy0oISkhBx0JI
WwpCSDoHOgY6BlrKUolCB0HGOcYxhjGGOYdSikIIMUUxhjGFMYVKSEIHMYYphSlF
IUUpRSFFQggpRSkGKUYpRUGHOQZRy2KMSghByDmHOYZiy1JJSghJx0GHQYdiS1qK
WklKCEGHSglqzGLKWklKB0nHQchainOMYspiyVKISghKCEIHYsprDGLKUkhKB1JI
c0xrC2LJWklSSEoIc01rDFqKSghCCEpJc45izFrLUklSSFJIc4xrC1qKSglSCWKL
e01qy1qKWolSSFJIUkdiiHNMc0tiyVJISgpCCFrLa0xaikoISklKSGtMYwtSiEpI
SkdCB2sLYwpKR0oHScZKB2LKSgdCBkIGOcZaylKKQgg5yDnGMYc5xjmGUopKCDGF
OYYxhjGGSklCBzGFMUUpRilGKUYpRkIJMYYpRSlEKUNBiDlGSglii0oJScg5h0GH
YoxaS0oKScpBiUGJWkxiylqKSkhBx0oJasxqyVqISgZBx0IHWopzjmLKWolaiVJI
SgdCB1sKa0xiykoHSgdSSHNNaw1ai1IJUglKCXOMawtiyUoIQghKSXOOastaiVpI
UgdaSHtMawxaikoJSghiy3uNaspaiVqIUohSSEoGWolzTHNMYspSCFIISkhiy2tM
UopCSEoISkhrTGMLUolCSEIGQgdbCVrISkZKR0HHSkhiy0pIQgg6BznGWspSiUIH
QcY5xjnGOYY5hlKKQgcxhzGHMUcxhkpJQggpRSlGKUYpRSlFKUVCCClFKUQpRSlF
Qck5R0mJYo1SClHJOUdBR2qLWkpSCUnIQYdBhVqJWolaSVIIQcdKCGrLastiiknH
ScdKB1qJc0xiylqKUolSSUHIScdiy3NMYslSSEoHUgd7THMLYopaSVIISghzTGsL
WslKB0pHSkhzjWMLWslSSEoGWoh7jGsLWspSSFJIYwt7jWsLWslSiFKIUohKR1qJ
a0xzTGLKUghSCFIJYstzDFqKUkhKB1JIa0tjC1KJQkdKBkoGYsliyUoHQgY6BUpH
WspKSEIHOcY5x1rKUolCBznGOcVBxjnGOcZSiUIIKUUxhjGGMYRSiEIIMUQxRSlG
KUYphCmGQkgpRCFDKUUpRTnGMYZKCFqLUgpJyjlIQYdijFpKSchRyUGIQYdii2KL
UkpKCUHIUkprDWMMWotKCEHISglai3NOYstailJJSglByEHIYstzTGLKUkhKB1IJ
e05rDFKKSopCSEpJc41jDFLKSghKCFqKe41jC1rKUklKCFJJe01rDFrKUklKRmMK
e45jC1rKWklaSVIIUkhaiWsMa01ay1KJSkhKSFsKa0xayUpISgdKB2sLYspSSFJI
SgZCBmLLYsxCCEIIOcdKSFrKQgdCBkHGQcZiylKIQgc5xjnGOcY5xjnGWopCCDGF
MYY5hjGEUohCBjGEKUQpRSlFKUUpRkIIKUUpRClEKURBxjFFSchaikoJQYg5hzmH
WopailJJSghBx0HIWopai1JKScg5hkoIYstiy1qLSclByUnJYot7TWLLWotSSVIJ
SghByGLLa01iykpGSkdKR3ONa0taiVKISkdKR3ONawtaiVIISchaSIOMawlaiFqI
UkdaiHuMc0taiVJISkdrCnuNYwpiyVpJUkhSR0pHWslrC3NLWslSSEoHSkdiyWsM
UopKSUIIQghjTGMLUolKSEpISgdjCWMJSkZKB0IHSkdjCkpHQgZBxznHWspSiUoH
OcU5xjnGOcY5xlKJQgcxhTmFMUUxhlJKQggphjGFKYQpRClEKURCBikDIUMpRClE
QYg5R0nJWktSCUnJQUc5hmKKWopSSkoJSclBiGJLYotaikoJOcdKCGMMYsxai0oJ
QghKCVqLc05iy1qLUkpSSknIScdiynNMYspSSUoISgl7TnMMYopaSVJIUkd7jGsM
WstKCUIIUol7jWLKWolaSFoHWoh7jHNLYspSSFJIYsp7zWsLWolaiVJJUkhSR2LJ
c0tzTGLKUolSSFJIYspzC1KJSkhCRkJHY0tbCkqJSklKSEIIWwpbCkpHQgZCBkpI
WwpKB0HGQcZCBWMKUohCB0HGOcY5xjGFOYZaikIHMYUxhjGGMYZSikIHMYUxhTGF
MUQpRSlFQcgpRClEKUQpRUGIMQdBiFqLSklByTFGOYZai2KLSglKCUHIQchai2LL
UklJyEHISgljDWLLYopCB0nHUghaiXtNastailKJUolKSEoHYspzTWLLUklKCFJI
e41zTGLLWklSCEoHe41zDGKKSchJyFJJc41iymLKWklSCFpJe01zC1rJUkdKB2LJ
e41rC2KKWkhaSVIIUkhayWtMc0xiykpISghSSGLKawtSiFKISkdSSGtLYspSSFJI
SgdKB2rLYspKSEoHQgZSSWLLSghBx0HHQcdiylKJQcc5xjnGOcY5hjmGUopCBzGF
MYYxhjGFSkk5yDFGMUUxRTEFMQUpRTnHIQQhBCFEIQRBiDFHQYhaS0oJSYhBh0GH
Wkpii1IJSclJyUGHWopiylrKSklBx0oIYwtbC1sJQkdCSUIJWop7jmLLWopSSVJJ
SghKCGMMaw1qzFJKSghSSXOOa01ay1pKUklSCHuNc0xiylIHSgZaiIOMawtiylqJ
UkhainONa0tayVJHUkhiynuNawtaylqIWohSSFJIYspzTHNMYspSSEpIUkhjDHNM
WopSSUpJUkhrDGLKUkhKSEJHQgZjC1rJSkdCR0IGSkhiy0pIQgdBxznFYwpSiEIG
QgZCBjnFQcU5xlKKOccpRSmGMYYxhlKJQgYxhDGEMUUpRSlFKUVBxylEKUQpRClE
QYgxR0GIYotSCVHIQYdBh1qKWotSCUnJQchJyGKLYstSiUIIOcdKCWrLYstaikoI
QcdKB1qJg4xrCmLJWohaSFIIUghrDHNNYstSSUoHUkl7jnMMaotiSlpIUkh7jnNM
YstSCUoGWsmDjmsLYstaiVJIWol7jXNMWspaSFIHasqDjWrKYslaiVKJUklKCGLK
c0xzTGLKUkhSSFJIYwtrDFqKUklSSUoIawtiy1JJSkhCB0IHYwpiykpHQgZCB0pI
YspKB0IGQcY5xmLKUolBx0HGQcY5hjmGOcZayjnHMUUxhjGFOYZSSjnHMUUpRSlF
KUUpBTFGQcgpBSlFKUQpRDmJOYhByVqLUgpJyDmHQYZailrLUkpKCUHIQcZaimLL
WopJyEHHSghqy2rLYopKCEHHUkliioNOastiilqKUklSCFHIasxzDWrLWkpKB1JI
e41rTFrKWopSSFKIc41rS1rJSkdKB1qIe4xiymLKUklSSFqJe0xzC2LKUkhKR2ML
e45rDFrKUolSiVJISkhayXNMc0xiylJIUkhSSGMLawxaiVJISgdKB2tLWspKSEpJ
QkdCBmMKWslKB0oGQgZSh2MKSgdCB0HGQcZiylKJQgdBxjnGOYU5xTmFWopBxzFF
MYUxhTGGUklBxzFFMQUpBSkFMUU5RkHIMQUpBSEFKUVBiDFHQcdailIIQcdBx0GH
Uopay1KJSglCCDnGWsliy1qKSchBx0oIawxiy1qKSghByFIJYop7TWsKYslaiUpI
SkhKCWLLawxiy1JJSgdSSXuNa0tiyVrHUoZShoPMa0pjCVJHSgZaiYOOastqilpJ
UkhainONa0xiylJIUgdqyoPNawpiyVqIUolSSFJIYsp7THNMYwtSiVJIUkhiy2tL
UkhSiEpHSoZrS1rJUkhKCEoIQgdiy2LKSkdKBkIHSkdayUIGQgY5xUHGYwtSSEHH
OYY5hjmHMYcxhlKKOccxRTFGMYYxhkqJOcgxhSlGKUYpRSlEMUY5xykEIQQpRClE
QYcxRjmHWotSCknIQcg5h1qKYopSSEIHQcZBxVqJYwpaiUpIQcZSSGsLawpayUpH
SkdSB2LJe41rC2LKWolaSlIJSgdrCntMaspaSFJHUkhzjGtLWslSiEoHUkd7jWtL
YslSSFJIWomDzmsLYspaiVJHWoh7jXMLYopaSVpIasuDjWsKYspaiVJIUkhKB1rJ
a0tzS2sKUohSSEpIYwtrTFLJUolKR0oGa0tiykqISgdKB0oHYwpaykpISkhCB0pI
YspKB0oHQcZJx2LLUohBxjnGOcU5xjnGOcVaiUoHMUUxhjFFOYVKSDnGKUUpRTFF
KUUpBTGHOcghRClEKUQpREmIOUZBh2KMUcpJx0GGQcZailqKUklKCUnIQclajGLM
YotSCUnIUglzDGsMYspSSEoHSkdiyXuNawtqimJJWghSCFHIawxzTWsMWopSCFpJ
e41zDGLLWopSSVJJe81zS2LJUkdSR1rIe81rS2LLWopSSVqJe41zS2sJWkhSSGsL
g41rCmLJYolaSFJHUkhiynNLe4trClqJUkdSSGsLc0xiiVJISgdKB3NMYspSiFJH
UgZKBmsKYslKB0oGQgZKiFsKQkhCB0IHQgdjC1LJQgc5xznGOcc5x0HHWolBxjFE
MYYxRTnGSok5xzGFKUUpRSkFKUUxhjnHKQQpRClEKURJyTmIOYdii1IJQclByDmH
UopaikoJSclBiEGHWktazFKLSkpByEoJaw1qzGKLSglJyVIJYop7TXMMYopiSVpJ
SgdSCGsLc0xrC1pIUghSSXuOc01ay1KKUkpSSXuNc0xiykpISkdayXvNawtailqJ
UkhaiXuOc0xjCkpIUkdrCnvMa0pjCVrIWodSSFJIYspzTHuMastaSVIIUkhjC2tM
WolSSEpHSkdrTFrKUolSCEoHSgdjClKJSkhCB0IGUohbCkpHQgY5xzoHYstKiToH
Qcc5xjHGOcY5xlKKOccpRTGHMUYxhkoJOcYxRTFFMUYpBSlFMYYxhiEEIQQpBCkE
Sck5R0FIYoxSCknJOYhBh1pKYotSCkoKQclJyVqLasxii1IJSchKCGsMasxaikoI
ScdSCGKJe0xqy2KKWolSSVJISkdzDHtNastaSkoIUkl7jnMNasxiSlpKWkmDjnNM
YspSSEpIUsmDznMLaspqilpIYop7jnNMYstSSVIIcwyDznMLYspiilpJWkhSCGLJ
c0x7TGrLWolSSVKIawtrTFrJSolKCFJIc01iylJJUkhKCEpHY0payUqHQgg5x0pJ
WspCCEIIQcZBx2MMUopCCDnHOYc5hzmGOcdaijnGMYU5hjGFOcZSSTnGMUQpRClF
KUQpRDHGOcYhRCEEIUUpRUHJOYc5h1rMUkpByEGHOYdSSlqLSgpJyUHJQYhaSmLL
WkpKCknJSgprDWMMWopKCEnHUgdiiXuNawtiy1qKUkpKCEpHawtzTGLLWklSSVpJ
e45zTmLMWotSSlJJe45rDGLLUkdSB2KJg81rC2LKWolKCFqKe45zTVrLUklSSGsM
g81rSmLJWsliyFpIUkdiynuNc0xrClJISkdKSGsLc0xaiFJJSghKR2tMWspSiEqI
QkdKR2MKWslKR0pHQgdaiWLLSgdBx0HGOgVjCkqJQghBxzmHOYY5hkHGUokxximF
MYYxhjnHUoo5xylFKUUpRSEEKUQxhjnHIQUhRSlGKUZByDlHOUhaS1JKSclJiEGH
Wkpiy1JJSghKCEGHWolqy2KKUgpByEoJawxrDVqLSghByEoJWop7jWsLWopiyVqI
UkhKR2MLc0xiylqJUkhaSXtOc01iy1qKWklaiYOMc0pjCVJHUkhiioOOcwtqymKK
UklainuMe4xqyVqIUkdrCoPNa0piyWKJYolaSFpIYspzS3OLawpSSFJIUohrC3NL
YolaSFIIUgh7TGMKUohKR0oHSgdrC2LKUkhKB0oHUoliykoHQgdBx0HHYstSSEHG
QcU5xjnGMcVCBVrJOcUphDHFMYQ5xFKHOcQxhSlFKUUpRilGOYc5hykEKUQpRClE
SYg5RkGGWkpSSUoJOcc5h1JKYstSSkoJQchBh1qKasxaikoJQchKCWrNasxii0oI
SchSCWKKe4xrCmKJYohaiVJJSghrDHNNYwpSiFJIWol7jHNMYstailqKWoqDznNM
YspSSFJIYsqDjnMLasliiVpIYomDjXNMYspaiVqIc0uDznMLYspiilpJWklSCGLJ
e4tzi2MJUkdSR1JHc0pzTFqJUkhSSFJIc0xiylJISkdKR0pGawpiyEpHSgdKBlKI
WspKR0IGOgZCBmMKUohCBkIGOcZBxTnFOgRSyDnGKYQxhTFFOcZSSTnGKUUpRSlF
KQUxRjmHMYYhBCFEIUQpRUGIOYc5h1qLUkpKCTmHOYZaiWLLWklJyEnIQYdiSmqN
WkpKCUHISglrDVrMWotKCEHJSgpainuOastayWKJWolKSEpHawtzTGsKWohaR1pJ
g017TGrKWolSiFJJe45rTWLLUklSSWKKg45zC2qLYkpaCGKJg41zTGLKWohSSHMM
g45zDGLLastiiFqJWolqynNLe4tqyVqIUkdSR2sMc0xaiVqKUkhSSHONYspSiVJJ
SghKCGsLWslKR0oHQgdSiFrJSkdCBkHFQcdiy1JJQgdBxzmHOYY5hjnHUooxhSmF
MYUphDGFSogxxCmDKUUpRSlGIUUxxjGGIQQhQyFDKUVBiTlHOYZaS1JJSghBx0HG
Wklqy1JJScpJykGIWktqzGJLUgpJyUoJYwxjC1rKUklCB0pHYst7zWsLYopailpK
WklaSGsLe4trCVKHWkdaiIPNc0trCmLJWkhaSHuNc0xiylJJUkhiiYOOcwtqymJK
UklaynuOc0xqy1qJUkdrCoPMc0prCWLKYopailJIawp7THtMYspaiVJIUohrC3ML
WolSSFIIUghzDWLLWolKSEpHSgZrCWLIUkZKRkIHUolayUIGSgdBx0IHYwxSiUIH
OgVBxznGMYVBx1qKOcYxhTGGMYUxxkpJOccxRTFFKUUpRSlEMcYxhSEEIQUhBilG
QYkxRjmGWopSiUIIOcc5h1JJYsxSSUIIQchBh1qKawtaikoJQclJymrOYsxii0oJ
SghKSFrLe45rDFqLWopaikoIUghrDHNNawtaiVpJYoqDjnNMYwpaiVqIWkiDjXNM
YspSSVIJYoqLj2rMasxiilpJYsuDjnMMYotaSVJIcwuLznNLYwlaylqJUohSSGLK
e0x7TGLKWklaSFpJcwxzC1pJWkhSR1JHc0tiyVqIUkdSB0oHawtaikoIQgc5x1KI
WwpKB0oIQcdCB2MMSkk5xznHOcc5hjmFOcZSiTGFMYUxhjGFOcZKSTGGKUUpBSlF
KUYhRTHGMYYpBCkEKQQpBUHIOYdBh2KLWkpJyEoIQYhaS2KMUkpKCUHJQYhaS2LL
YotaSkoHUgdzC2rKYolSB0oHUghiy3uNcwtiyWKJWohaSFIHasqDjGsKWolaSWKL
g057DWrLYopaSWKJg857TGrKWkhiiGrKi85zS2rKYslaiWLKg45zS2MLWolSiHMM
g45zDGrLYstaiFqKUkhrCnNMe4xrClqIUohSR2tKcwtiiVpHSghSSHNMYwpSSUpI
SghKCGsLYspKCEoHQcdSSWLKSgdKBkHGQcZbClJIQgc5xjmGOYU5hkHGUog5hTGF
OYUxhTmGUkkxhilFKUUpRClEKUQxxSmEIUQpRSFFKUVBiDmHOUdaS1JKSclBiDmH
UkpazFJLSgpJyUGJWktqzVpLUgpJyUoJasxqzFqKSghKB1JIawp7jGsKYolaiFpJ
UkhSCGrLg01zC1pIUghaSXuNe0trCWLJYohaSYPPe01qylpJYoliiovOcwxqy2KL
WkliioOOcwxqylpJYklzDIuOcwtqymLKWopaiVJHasl7S3NLaslaiFJHUkdzS2tL
WslSiFJGUkdzS2LJWohSSFIISgdjC1qKSghCB0IHUolaykIHQgdBxknGawpaiEIG
OcY5xTnFOcVCBVKIOYUxRTGGKYQ5hkoJOYcpRSkFKUUpRSlFOccxRSEEIQQpRClF
QYg5iEGIWkpiS0nJQcg5h1JKYsxSSlJJSghBx1qKawxaikoIQchKCGsMasxiikoI
SgdSCGLKe45rDGLLWopSSVpIUgdrC3uNcwtiilIJYop7TntNasxiilpKUkmDz3NN
YstSSFKIWsmDznMLYspiyVqIYsmDjXtLawpaSFpIc0uDzXNLawtiymKKWopaSWrK
g4x7jGsKWohSSFqIc0tzS1rJUolKSFKIc4tjCVqHUkdSR0oIawxailIISgdKB1qK
WspCB0IHQcdCBmsLUkhBxznGOYYxhjnHOgdSiTnHMYYxhjGFOcZKiTnHKUUpRSlF
KUUpRDnGMYUhQyEEKUQpREnKOYg5R1qMWktKCknJQchSSmrNWktSCknJScliS2rL
YotaSkoISghrDGMMYstKSUoISgliy3uNawxii1qJWopaSUnHasuDjWsLYspaSGKJ
g417TWrLYopiSVpJg41zTGsKWkhaSWKJg41rTGsJYshah2LIg417TXLLWohaiHOL
g8xzC2sKYspiylqIUkhrCoOMe0xyymKIWkhaSHNLc0taiFJIUkdaiXNMYspSSFJJ
SkdSR3MLWolSCEoHQgdSiVrKSgdCBTnGSgdjCkqISgdBxjnGOYU5hkHHUoo5hjFF
MYYxhjmHSkkxhilFKYUpRClFKUU5xzFFIQQpBCkEMYVJyEHHOYdai1KLSglJyUGH
WkpqjFpKWgtRyknJWkxrDGKKSklCCEoJawxrDGKLUklKCFIJaouDTmrLastailpJ
UghSSGsKe4xrCmKIUgZaiYOOc0xrC2rLYkliiovNe0tqyVpHWkdqyIPNcwprCWrK
WohiyYPNc0trClqIWohzS4vNcwpqymrJYslaiFqIawp7THuNaspaSVpJWklzDWtM
WspSiEpHUolzjlrKUolSSEpIUkdrC1KJSgdKB0HGWolaiUoHQgdKB0oGawpah0oH
OcY5xjnGOYVCBlKJMYQphTGGMYU5xkoIMYUpRSkFKUYpBSkFOYcpRSkEKQQpBClE
SclBhzlGWopaikoIQcdBh1IIawxaiVIIUchJyFpKasxai1JJSglKSGMMYwtaylJJ
SghSR2LKg85rTGLLYopailJIUkhrC3NNawtailJJWkmDjntMaspqylqJWomDznNM
awtaiVqIasqDzHNKawliylqIasqDznuNawtaiVqJe0yLzXMLYspqymKJWolSSGsK
e45zjWrMWkpailpJc0xzTFqKWolSSFqJe41iylpHUkdSR1IGc0piyFJHSgZCB1KI
WspKCEIHQgdKB2MLUkdBxkHGQcc5hjGGQcdSijGFMYUxhTGFOcZKSDGFKUUpRSlF
KUUpRTnHKUUhBCkEKQQpRUoIQcg5h1pKWoxKCkHJQYlSCmrNUkpSCknJQYhaimrM
YotSSUoISglrDGsMYotSSUoJUgliy3uOc0xiy1qKUklSSUpJawxzjWsLYopaSVqJ
g457TWsKYspiilqKg457TWrLUkhaSGrKi817S3LJasliiGrKg417jHMKYolaSHtM
i857TGrLYotii1pIUohrCnuMc4xjC1qKWkliSntNew1iilqJUkhaiHuMYwlSiEqH
SkdKR2sKUodSR0oHQgdayVrKSgdCBznGQghizEpJQcg5hzGGOYYxhjnGUokxhSmE
McUxhTHGSkgxhilFKUUpRjFGKUY5hylEKQQpRCEEKUZByUGHQYdii2KLUglJyEHH
SklrDVpJUghSCEHHWoprDGLLUglKB1IIcwtrC2LKUkhKCFJIYst7jnMKawpayFrH
WodaSHMKg4xzS2KJWkdiiYONe0tqymLJWohaiYPOc4xrC1JIUohiyYPNc0prCWMI
WodrCYPNe0xqymKJWoh7S4PNc0tqy2KKYolaiWKIawp7zHuMYwpiiFpIWoh7S2sK
Yslah1JIWklzjFrJWolSSFJIUkhrS1qJSgdKBjoEWshayEoGQgdBxkoIWstKSDnH
QcdBxjmFMYVBxlJIMYQxhDGFMYU5xkIHMYUpRSlGKQUhBClFOccpRSEEKUUpBDFF
SgpBxjmGYkpiilIJSYhBh1IJasxailILSgpBiVpLawxiiloJScdRyXMNawtiylJJ
SghSSGLKg45zDGLKYopaSVqJUklrC3tNawpayVJHWomDjXNMawpiilqJWoiDzXtM
cstaSFoIasmLznNLaspiymKJYsqLjntMcwpiiFpHe0uLzXtLcwpqymLJWohah2sK
e4t7jGLKWkhaSFqIe0tzC2KKWkpSSVqKe0xiyVqIUkdSB1JIa0tSiEpIQgdCBlqJ
WolCR0IGQcdBx2MLSkg5xkHHOcc5hjmGQcdKSTGGKYUxhTGFOcdCCDGFKUQpRSlF
KUUpRTnHKUUpBCkEKQQxRlIJQcg5h1pLWktSCknIQYdSCGrMWkpSCUnJSclaiWsL
YohSh0IIQghrDGsMWopSSEoIUkhiyoONcwxqymKKWklaCVJIawp7jGsKWolSSGKJ
g8x7i3MKasliyFqIhA17i3MKWkhaSGLJi857DGsLasliiWrKi82DjHMKYohiiHuL
i817S3MKawliiGKIYodzCoOMe0xqylqJWkhah3uLa0tiylqJUkdaiHuMYwlaiFpI
UkhSR2sMWopKCEIHQgdSiFKIQgZCB0HGQgdiy1JJQgZBxjmFOYU5xUIGUogxhDFG
MUYxhznHQggxhSmEKUQpRiEFKUU5xyFFIQQpRCkEKUZRyknJQYhaS1qLUglJyEGI
UglzDVpKUglKCEoIWoprDFqKUklKCFIIc0xrDFqLUkpKCVIJYoqDjnMMaspiilqJ
UkhSSGrKe0xqy2KJWkhiiXuMc0trCWLJWohiiIvNe0trC1qJYopqy4vOe0tzCmrJ
YolqyoPNe0xrCmKJWol7TYPOcwtzC2rKYspiiWKJcwuDjXtNaspaiFqIWohzS2sL
YspSiFJIWol7jGLJWohaiFJGUkZzSlKIUkhKB0IGWolaiUoHQcdBxUoGYslSR0HF
QcY5hTmFOYVBx0oIMUYxRTGGMYU5xkoHMYUpRClFKUUpRClEOYYpBCkDKQQpBTGG
SclBh0GHWkpaSlIJSclBiEoKYs1KikpKQghBx1KIawtiylpJSchSCWrMawxai1JJ
SghSSGLKg41zC2KJYolaSFpIWkhqynuNawtiiVpIYomDTXtNastii2JKYkqLz3tO
awxailpKasqLznMLaspqymKJasqLjntNcwtiiWKJe0yDzntLcwtqymLJYolaiGsL
e4x7TGsKWohaiFqIe0tzCmKJWkhSR2LIe0xiyVqIUkdSR1JHa0pSh0pGSkdKB1rK
WolKB0nGQYZBx2LKUkhBxznHOcc5xjGGQghKSDGFMYU5hjGFOcdCBymEIUUpRSEE
KUUpRTnHIUUhBCEEIQQxRUoIQYc5R1IKYkxSCUnIScdSCGLLWklSCkoJQchSSmsL
YspaikoHSgdrDGtMWspSSEIHSkhiinuNcwxqy1qKWopailpJawqDjWsKYohaiWKJ
g417TGrKcstqilpIi82DjGsKWopaiWsLi89zDHLLaspiiGsJg8x7jGsKYohaiXtM
g81zS2sKawliyGKIWohrC3uNc01qy1pJWkhaiHtMcwtiiVpJUghaiXuMYslaiFJI
UghSSGsLUolCB0IHQgdaylKJQgdCB0IHQgdaykpIOgY5xjmGOYY5hkHHSgkxRilG
MYYxhUIHQggphilFKUUpRSlFKUU5hyEFIMQhBCEDMYVJy0HHOUZaSmKLUklByUHI
SglrDFqJUkhKB0IHWolzDGKKWkhSB1IHawtrCmLJUklKB1JIWsp7jnMMaopiilqJ
UkhaSHMLg41zC2KJWkhiiouOe01yzGrLYopiioPOe41rC1qJWoliyovOe0xqymrK
YolqyoONe41zC2KJYol7TIuOe0xzC3LKasliiWKJawuDjXuMcstaiVqIWolzjGsK
YslaiFJHWshzjFsJUohSR1JHUohrSlrISkdKR0IHWslaykoHSgdCBkoHWslCR0IG
OcY5xjGGOYZBx0IIMUQxRTGGMUY5h0HIMUYpBSkFKUUhBClFOcYpRCEDIUQhBDGG
SglBiEGHUkpii1IJSchBhVIHawtaiUpJSghKCFqLc0xiylJJSchSCHMMcwxiylqJ
SgdSSFqKg45zDGqLYotaSlJJUklrC3vOawtailpJYoqDjntNawxqymKJWoiDjXuM
cwtiSVpIawqMD3tMcwpqymKJasqDjntNcwtiiWKJe0yDznNLcwpqyWrJYohaR3MK
e4x7jGsKYslah2KIe0trCmKJWohSSFqJe4xiiVqJWkhSB1IHcwpaiEpHUkdKBlqJ
WolKB0oHQgdKR2LJQkZCBjnGOcY5hTnGQgZKBzGEMUQxRTFEOcZBxjFEKUQhRCFE
KUQpRTnGIQQhBCEFIQQphUoKQcg5h0oJYsxSSkoIQcdKSGsMWopaSlIJSchaS3MN
YotaSknIUglzDHMMaotaSVIJUgpii4OOcwxqy2rKYolaSVpIcwuDjXMMYopaSWJK
g017THLLaspaiFqJg817jGsLWopaSWLLi85zTGsKaspqimrLg817jHMLYspaiXuN
g85zTGsLaspiimKJWkhzC4OMe0xzCmLJWkhaSHtMcspiyVpJUkhiiXNMWopSSFIH
SgdSR2sKUkdKB0oHQcZayVKIQgZCRzoGSkdiykoIQcdBhznHOcY5hkHHSggxRTFF
MYYxhTnGOccpRClEKUQpRSlEKQU5hykFIQQhBSkEMUZSCUGIOUdSCWKLSklKCUHI
UklrC1qJWklSCFHHWohrC2LJWklRyFIIc0xrDGLLUopKCFJJWsmDjXMMastii2JK
WklaSXMKg41zS2KIWoliyoONe41rC2LKYsliiYPNe0xrCmKIYohqyovOe0xzC2sL
Yopqy4uOg0xyymqIYkmDS4vNe0xzCmrKastiilqJcwuDjYOMawpiiWKJYol7THML
YopaiVJIWolzTFqJYolSSFJHUkdrClqIUgdKB0oHWolaiUoHQgdCB0pJYstKCEHI
QcdBxznHOcZCCEpJMUYxRTGFMURBxjnGKUQpBSlFKUYpRilGOYchBCEFKUUhBDGF
SchJyEFIWgtii1JJSghBx0oJYs1aTFoKUglJyVpLawxii1pJUglSCXMMcsxqiloK
UclaCmKLg497TGrLaotiilpJWklrC3uOcwxiilpJYop7zXuMawpiymKKWomDznuN
awpiiGKJawqUDntMawpqy2KKasuLzntMcwpqiGKIg0yLznsMastiimLKYolaiWsM
e417TWsLYoliiWKJe4xzC2KJWohSR2LJe0xiyVpIUkhSSFJIawpaiUoHSgdKBmLJ
WolKR0IHQcdKB1qKSgg5x0HHOYY5xjmFQcdKBzFFMYYphilFOcc5xilEKQMpRClE
KUQxRTGHIQUhBSkFKQQxhUoKSYlBSFIKYoxSC0oIQYdSCGsMWopSClJJSchSSmsN
WotSSlHJUglzDHMMastaSlIJWglii4OOcwxqy2qKaopiSVpJast7zXMLYolaSGKJ
g457TWsLaspiimKJg417THLLaoliSXLLk857S3MLaspiiWsLg817i3NLYoliiXtM
i857THMMaspqymKKYklzC3tNe0xqymKJYolaiXuMcwtiiVqIUkhaiXNOWopaSVpJ
UghaSGsKUohKR0oGSgZayVKISgZKB0HGSgdiyUoHQcZBxjmGMYU5hToHQgcxRTFF
MYUxhkIHOcYpRCEDKUQpRClFKUQxhiFEIQQhBSEFMYZRykmJQYlSClpMSgpByUGJ
UcpqzlpMWgtRyknIWkpyzWqMWktRyVHJawxzDGLLUklKCFJIYsp7jXNLaspiimKK
WolaiWsLe45zDGKKWkliSYuOg01zC2rLYopiioOOe01yy2JJWkhqyovOc0tzC3LK
aolrCoPOe0xrC2KJYol7TIPOc0xzC3MKaolqiWKJc0uDjXtMaspaSVpJYol7TGsL
YslailJJWopzTFqKUkhSSFJIUkhjClKISgdKB0nHYopSCUoISgZBxkpJWopByEHI
QYcxhjmGOYZBx0IHMUUxRTFFMUU5xzGGKUUpRSlFKUUpBSlFMYchBCEEIQQhBClG
UclJyEGHUgpijFIKSclBh0oJaw1aS1oLUgpSCFqKcwtiilpJUkhKCGsMawxqzFpK
SglaiGrJe8xzS2rLYstailqJUkljDHuOawxiy1qJYsqDjntNcwxyy2qKYkmDjXtN
awtiiWKIasuLz3tMawtqymKIasqLjntMcwxiimKKg02LjnMLcstqymKKYolqiXsL
g417THLKYohiiGqJewxqy2KJWolSSFrKc0xiylpJUkhSB1pIawtSSEpHSgdKB1rK
UklBxznHQcdKCFqKSgdBxjnGOcYxhjmGOcdBxzFFMYUxhjGFQcY5xiFEKUUhRSlF
KUUpBDGGIQUhBSFFIQUxh1IJSchBh1IJYotSCVIJSchKCGsMWopSSUpJQghaimrM
YoxiSlHIUchzDHMMastaSloIWghqiotNe0xqymLKYopaiVqJawqDjnMLYspaSWKK
g46DjXMMastiymKKi42DTHsKaohiSGMJjA17S2sJaspiiXLKi46DTXMMaopiioNN
g85zTGsKasliyWKJYoh7C4OMg0xzCmKKYolaSXtNastiiFqIUkhiynNMYopaSFpI
UgdaSGrLUkhSR0oHScZiylJISgdKBkoGUkdayUoIQchBxzmGOYY5hkHHSgcxRTFG
MUYxRkHIOccxRSlFKUUpRSlFKUUxhSEEIQQhBCkEMUZRylHKQUdRyWKMUglSCUHI
SghrDFpLUkpKCUnJUktqzWKMWktKCknKawxrDGLLWklSCVJIYoqDjnMMawtiylqJ
YolaSGrKe41zC2rKWolaiYPOe41zCmrKaoliiIvNe4xzCmKIYohqyZPNe0xzC2rK
aklzC4uOg017C2KJYop7TYPOe0trCmrKaspqiWKIc0uDjHtMYwpaiVqJYop7jWsM
WopSSUpHYolzS1qJUklKSUpJSkliy1JIUgdKBkHGWslKSEIHQgdCBkpHWslCB0HG
QYdBhkGGOYZCB0HHKUUxRTFGMUZByDmHKUYpBSlFKUUpRSlFMYYhBCEEIQQhBDGF
SgpByTmISglqjVoKSglJx0oIaw1ai1pLSgpJyVpLas1ii1pKUglaCXLMesxqi1pJ
UghSSWLLg417DHLLaopqimqKWklrC3uOcwtqymKJYomDjYONcwtqy2LKYomLjXtN
cwtiiWJJasqLz3tNcwxqy2KKasuLzoNNcwpqyWKJe4yDzXNMawtqy2rLYopiiXML
g41zTGrKYolaSFqJe4trCWLIWolSSGKKewxiiVpIUkhSB1JIawpSR0pGQgdKB2LK
UkhKB0oHQcdKCFqJQcdBxkHGOYU5hTGFOcY5xzFFMUYxRTFFQcc5hjFFKUUhRClG
IQQpBTGGIQMhAyEDIQQpRknJQYg5h0oJWotSSVIJQcdJyWsNWkpaClIKSchaSmrM
YopaSlJJSgdzCnMKaslah1IHWkhiyoOOcw1iimKKYopaSFpIawt7jWsLYolaiGKJ
g42DTXsMaspiiWKJg457TGrKYohih2rKi857THsLcspiiWrLg86DTXMMYopiioOO
i85zTGsMaspqy2KKYolzC4ONe0xyy2JJYkliiXtNawtiylqIUkhayXNLYolSSFJI
UghaSGrKUkhKB0oHQcZiilJISgdKBznGSkhSiUIHOcYxxjHGMYUxhUHHOccpRTGG
MYYxRUHHOYYxRSkEKQQpBCkEKUUxhSEEGQQhBCEEMYVKCUHIOUdKCGLLUkpKCUHI
SchrDFqLWktKCkoJWolzTGLKUkhKB0oIawxzDGLKWklSB1JJYsp7jntMastqy1qJ
WolSSGrLg41zDGqKWkliioOPe01zC2rKasliiYPMg4xzCmqIYohyyovOe0xzCmrK
aspqy4OOg01yy2qLYoqDjYvOc0xrC2sLYspiiVqJcwuDjHtMaspiiVqIWol7TGrK
YolaSFJHYopzDGKLWklSSFIHWkhrClJHSghCB0HGWspSSEoHQgZBxkoHUolKBznG
Qcc5hjmGOYVKB0HHMQQ5hTmEMYRCBznGKUUpRClEKQQpRTFFMUUhBCEEIQQhBTFG
UcpRiUFIQchii1JJSghBx0oIawtailpJUghRyFIJawxiy1pJSghKCGrMcw1qzFpK
UglSCGLLg41zDGsLYstailpKWkpqy4OOcwxiy2KKWoqDjoONcwprCmLIYsiDzHuL
awpiiGKIawqLzntMcwxqymKJasqDjntNasxii2KJg4yDzXtLcwpqyWrKYoliiXML
e017TGrLWolaSVpJe01iylqKWolSSFqKawxailKIUkdKRlKIYwpSiEIHSgdCB1qK
UghCB0HHOcZKB1JJQcdBxznHOcc5hjFGQcg5xylFMUYpRilFOccxhikEKQQpRSEE
IQQpRClFIQQhBCDEIQUpRlIJUglBh0nJYstSSUoIQcdKCHMNYotaCVoJUchaCXMN
YotSSUoISgliy2tMYstSSUnHUkhiyoOOcwxqzGLLYotaSlpJasuDjWrLaspiiWKJ
g46DTXMMastiymKKi82DjHNKYoliiWrKi857THMLaspiiXLKi46DTHrLaoliiXtM
g457THMLaspiyWKJWklzC4NMe0xqymKJWkhaiXONawtaiVpJUkhiinMLWolaSFJJ
UghaSWrKUghSCEoHSgdiilJHScZKB0IGSkhSSUIIOcY5xjGGMYUxhUoIOccpRTGF
MYUxhEHGMYYpRSlFKUUpRSlFKUYpRhkEIQUhBCkFMUZSS0oIOYZJyGrMWkpSCUnI
SchqzGKKWkpSCUnHUghqy2KKWklKCEoIYstzTGsLWklSCVoKWop7jXNMYspiylqJ
WklaSWrLg45rDGLLWkpaSYONg41zC3MLYspiiYPNe41zS1qJWkliyovOe0xzDGrK
YolqyYPMe4tzS2KJYol7TIONcwtrC2rKasliiWKJc0t7jHtLawpaiFqIYol7jGrM
YopaSVIJYotzC1qJWkhSSFJHWohiyEpGSkdCB0IGWslSh0oGSgZBxVJHUohCBjnG
OYY5xjGFMUZCCDnGKUUxRilFMUVByDFGKUUhBSEEIQQhRClFKUUhBCEEIQMpBDFF
UgpByUGISchii1IISgg5h0IHYwxajFJKSglKCVJKaw1ai1qKSglKCGrMcw1qzFpL
UglSSWKKg457TGrKYspiy1JJWklqyoOMc0tqymKJYomDjYONcwtqymqKaoqLjoON
cwxiimKJYsqEDXtLcwpqyWLIawqDzXuMcwtiyWKKg42DjXtLcwtqymrKaopqinML
g4x7S2rJYolaiWKJe0xqy2KJWkhaR2KJawpaSFJIUkhSB1qJaspSSEpISgdKB1rJ
SkdKB0IGQcVSR1JHQcY5xjmGOYYxhjFFQgc5xjFEMYUphSlEOccxRiFFIQUhBSkF
KQUpRSlGIMQpBSkFKQUpRlIJSclByUHIYstSSUoIQcdKB2sMWopSSkoKScpSCmrN
WotaikpJSghrDGsMastaSlIJYkpqiouOewxyzWLMWotailKJawuDjnMMaspaSGKJ
g417THLMasxii2KKg46DTXMLWkhiiHLKk8+DTXMMcstqinMKi817THMLaoliiYOM
g417C3MKcspqymKJYoh7TIONc0tqyWKJYohiiHtLaspiiVJIUkhiyWsLWolSSFJJ
SghSimLKSkdKR0IFQgZaiUoHQcZJxkHGUkhSSUnHQcdBxjmGOYUxhUIHOYYpRDFG
MUUxREHGMUYpBCkFKQUpRSlFMUUphCEDIQMpAyEEKUVKCUoIQcdBx2rMUgpSCUGI
QchqzVpLUklSCEoIUglrDWKLWkpSCFIIasxzDWqMWkpSCVoJYoqDjntMcstqimJK
WkpaiWsKe41zC2rKWoliioNNg41zC3LLaopiiouPg01zC2JJYslqyovNe01zCmrJ
aopzC4uNg0xzC2rJasmDjIONe0xzC3LKaolqiWqJewuLjXtMaspiimKKYop7TGrK
YklaSFJIYolrClqJUkhSB0nHWkhiiVJHUghKB0oHWolKB0IGQgdBxlJJUklKBznG
OcY5hjmGMYZCB0GHMUUxRTFFMURCBzGFKQUhBSEFKQUpRSlGMUUgxCEEIQQhBClF
SgpKCkGISchqjFoJUchJh0nHasxaSlJKSglJyVJKa0tiylqIUghSB2sLcwxqy1pK
UglaCmKLg457DWrMYotaSlpJYohqyYOMc0tqy2JKYoqDjoONewxzC2KIasqDzYON
cwtiimKKasqLzntNcwtqymrKcwuLznuNc0xqymrKg4yDjXsLcstqymqJaolqiXsL
g0x7DGrKWklaiVqKe01qy2KJUkhSiGLKawpaiVJIUkdSB1qJYspSR1IHSgdKB1qJ
SgdJyEnISYdSCVJJQgg5xzmGOYY5hjmGQcc5hilFMYYxhTGFQgcxhSkFKQUpBSkF
KQUpRikFIMUhBCEEIQQpRVIKSclBiEmIaoxaClIKSchJyGrMYotaCVIJSghSSXML
YslaSFIHUcdyzHMMastaSlIJWkliinuPe05qzGLLYstiilqIawt7jXMMYstiilqK
e0yDTHMLaspqymrKg46DjWsLYopiiWrKi857S3MKaspiiXMLg417S3MLYsliyYON
g417S3MKcspqymqJYol7C4NMewtqiWJIYohiiXtMYstailJJUkhiyWsKWohSR0pH
UkdaiGLJUkhKB0oHSgdaiUoHSgdKBkHGUkhKR0HGQcY5xTmFOYU5hUHHOYYxRTFF
MUUxRjnHMUYpBSEEIQUhBSEFKUYpRRjDIQQgxCEEIUVKCkHJOYhBx2LLUglKCEnI
SchqzVqLUkpKCUoIUglyzWqKYopSB1IIaspzDGsKWopSCFpJYoqDjntMawpqyWqI
aohiiWrKg41zDGrLYoliiXuNe0xzCmrKYspiyoOOe41zDGKLYotqy4OPe0xzC2rK
YolyyovNe0tzCmrJYomDjYOOcwxzC3LKaspqyWrJe0uDjHMMaspiiWKJYslzTGMK
WolaSFJIYslrClqIUkdSCEoHWoliykoIQghCB0IHWopKCEoHQgdCBkpHSodCBkIG
OcUxhDGEMYQ6BzGGKUQpRSlFMUVBxzFFKUQpBCEEKUQpRCmFKYQhAyEDIQMhBClF
UgtJyjlIScliy1JJSghJyEnIasxiilpJUklKCVIJawxizFJKUglSCWLMcw1izFqK
UkhSSWKKg457TXMMastiilpJWklqy4OOcwxqy2KLYop7jYONcwtzC2LKYsmDzXuM
ewtqimqKcsqLzntLcwpzCmrKcwuLznuNcwxqymrKe42DjXtMcwtrCmrKYsliiXNL
e4xzS2sKYoliiGKIe0xqymKJWkhSSGLKawpaiFJHUkdSR1KIYslSR0oHQcVKBlqJ
SghBx0HHQcZSSFJIQcY5hTmGOYYxhjGGQggphilEMYUxhTFFQccpRSkEKQQpBCkF
KQUxRikFIMQhBCEEIQQpBVIKSchBiEHHYotaSVIIScdJx2rMaotaSVIJSchSCWsM
Ysxai1IJSchiymsMYstaykoHSkliioNNew1yzGqLaotiimKIasp7jXMLastiimrK
g46DjXMLawpqymqKg42DjXMLaolqiWrKi857THMLcwtqynMLi857THMLaopqyYOM
i817S3MLcstqimKJYol7S3uMcwtqymKJYopqyntMaspiiVqHWkdqyWrJWohaCFII
UghaiWLKUkhKB0IGQgdSiUoHQcY5xjnGSkhKSEIHOcY5hjmGMYYxhkIHMYUpRDGF
MUUxRkHIKUYhBSEFKQUpBSkFMUcpBSDEKQQgwylEKURaCUnJQYc5h2LMUklKCUHI
QYhazFqLUktSCkoJSghrDGLLWstKSEIIYsxrDWLLWkpSCFIIYomDjXsMastiimKK
YopaiWrKg45zDGrKaolqi4OOe41zDGsMYstiyYOOg41zC2KJYolqy4POe0xzC2sK
aspzC4vNe0tzCmrJasmDjIuOewxyy2rLYopiymLJcwuDTHsLaopiilqIYolzC2LJ
WolaiFpIaspqylpIUkhSCFIIWoliyVIHSgdKB0IHWolKB0HGQcdBxlJIUklBhjmG
OcYxhjGGMYVCBzGFMUQxRDFFKUU6BymFKUUhRSFFIUUhRSmGKUUhBCEEIQQpRSEE
UglSCUGHQYhijFIKUglBiEGIYsxii1pKUglJyEnIYwxiy1KJUklKCGLLc01rDGKK
UghSSGKJg017DGrLaotiilpKWkliioOOcwxiylqJYop7jXuNawtyy2qKaomLjYON
c0tii1qKasuDznNLcstqy2rKcwuDjXsMcwtqyWqKg02LjXtLcwtqymrKaopiiXML
e0xzC2LJYohaiGKJe01iimKKUklSSWLLYstaSVJISghKB1qJWolKB0oHSghKCFqK
SghBx0HHQYdSSUoJQcc5xjHGMYYxhTGFQccxRTEEMUQpRDFFQccxRSkFIQUhBSEF
IQQxRiEFIMQhBCDEKQQgxFoLSclBiUGJYoxSC1IKSchByGLMWotaSlJJSchKCGsM
asxaTEoLQcpiy2tMawtaiVpIWkhainuOc01rDGqLYoliiVqJawt7jXMMastiimrK
g06DjXsLcstyimqJi42DjXMLYopiiWrKg857THMLcwtiiXLMi4+DDXLMaotqyoOO
g49zDHMLaspiymKJYohzC3tNcw1iylqJWkliiXNMYspaiVqJUohiymLKWolSSVJI
SkhaiVrKSghKB0IHSgdaiUIHScdBxkHHWolKB0HGQcYxhjGGMYYxhkIIMYUpRDFF
MUUxRUHHMUUpBCEEKQUpBSkEMUYpBCEEKQQhBClFKQVSS0oKOYdBiGJMWgtRykHI
QcdrDGLLUkpKCknJSclqzWKLWkpKCUoJYstzDGLLWkpSCFpJWoqDTXtNcstiy1qK
UohaiWKKe41zDGrLYopiynuNe41zCmrKasliyYOMe4xrS2KJWolqyovOc0xrC2sL
YsprC4POewxyy2qKaoqDToNOcwxqy2rLaspaiWKJawt7jXMMYstaSWJJYopzTGrL
WkpaSVpIYspjClqIUkdSSEoIWklaiUoISgdCB0IHUklCB0IHOcY5xlJJQgc5xjnG
OcY5hjGGMYZCCDFGKUUxRjFGMUU5hylFKQUhBSEFIQUhBTFGIMUgxCEEGQQpRSEE
UgpByUGIOYdai1JKSgdBx0HHYotiilpJUgpRyVHJaoxii1pJUglKCGLLcw1iy1qL
UklSSVqKe417TXLMaotiilpJWkliintNcstqy2qKaoqDTIOMewpzCmqJasqDjoON
cwpiimqIasmLzYNLcwlzCmrJcwqLjHuLcwpyyWqIe0yDjXsMastqi2qKYoliinML
e0xzC2rJaohiR2KJc0tiiVqJWkhaR2rJYslaiFJISkhKB1KJWolKB0IHQgdKB1KI
SgZJxkIFQcZSSUoIQcY5xjGFMYUxhTFFSgcxRSlEMUUxRDFEQcYpRCkEKQUhBClE
KUUxhiEEIQQhBCEEKQYhBUpJSghBx0GHYopaSlIKQYdBh2KLYotaSlIKSchSB2rL
astaSVoISchii3LNYstailJIUklainuOe01yzGKLYopaSVpIaomDTXMLaopiiWKJ
g02DTXLLcspqimrJg417THMKYolqiWrKg4x7SnMKaslqyHMKg417THMLYspiiXtN
g41zC3LKcopqimqJYolzC3tMawtqimKJYoliiXMLWolaSFJIWkhqymKJWohaR1IG
UgZaiFJJSgdKB0oGSgdSSEHHQcZBxkHGUkhKBjnGOcYxhTGEMYUxRjnIKUUhBDFF
KUYxREHHKUUpBCkEKQQpBCEEMYYhBCEEKUUhBClFIMRRyknJQYhBiFqMUgpRykmJ
QchizGqMWglJyUnJSclqzWLMWotKCUoJWotyzGKLWkpSCFIIWol7TXtMaspiiWKJ
YkhaCWKKe45zDGrLYopiintNe01rDGrLastii3tOe01qy2KJYslqyYvMe0tzC2rK
aspzC4ONe0xzS2rJYoh7TYOMewpzCmrKYoliiWKJcwt7THMKaspiiVqIYsl7C2KJ
WkhSR1JIYstiy1qKUkpSSUoIUolaiVIISgdBx0oHUolCBznHOcc5x1JKQgc5xjmG
MYYxhTFFMYY6BzFFKUQpRTFFOUVBxzFFKQUpBCFEKQUpRTGGIMQYxCDFIQQpRiDE
SglKCUnIQYdii1pKSclJyEHHYstiy1JJSglKCUnJasxizFpKUglKCWKLaw1qy2KL
UglSSVqJe057TWrMasxii2JKYkpqioOOcwxqy2KLYot7TYNOcsxyzGqKYkmDTYNM
cwtiiWqJcsqLzHtKc0prCmMJawt7zntMcwtqimqKg02LjXMLastqymrKYoliiHNK
e0tzCmKIWkdiR2LJc0tiyVqIUkhSSGLLYopSSVJISgdKB1qIWohKB0oHQcZKB1JJ
SghBx0HHOYZKCEIHOcYxhjGGMYYxhTGFOgcphSFEMYUxRTFFOccpBSkEKQQpBCEE
IQQxhiEEIMQhBCEEKUUYw1HKScpJiUFIWkxaS1IJQYhBiGKMYoxSClIKSchJyGrM
YstaiVIIUghiinMMYotaSlIJWglaintNc01qy2rKYopiSVpJYop7TXMLaspiiWqJ
e0x7TXLMastqymKJg42DjHsMaopqimrLi457C3sLcspqymrLg41zTHLKYohiiXtM
g417S3MLaspqimqJaspzDHtMcwtqylpJWkliinMLYolaSFpIUgdiiWKJWkhSB1IH
ScZaSFpISgdCB0HGSgdSSEHFQcVBxUHFUkhJxzmGOYYxhjGGMUUxhkIHKUUpRSlF
KUUxhjnHKUUpRSFEIQQhBCEEMYYgxCDEIQQhBClFGMRSClHKQYhBR1qKUklSSUnI
QYdaSmKLUkpKCkHISglizGLLWklSCVHIYopzDWLLWkpSCVIIWkl7TXtMawtiylqK
WolaiWKKe01zDGLKYoliinsMe01zCmrJaslqyoONe01yzGKKYopqyoONcwtrC2rL
Yspqy4OOe0xzCmrJasl7jHuNcwtqymLKaopiiWKJcst7DGrLYopaSFpJYopzDGKK
WklSSFJIYspiylJIUkhSB0oHWohaiEoGScZBxkoHUkhBxkHFQcZBhVJHScdBh0GH
OUY5RjFGMYZByClFKUYpRilGMYc5xylFKQUhBSEFIQUhBTFGIMQgxCjEIQQpRhjE
SchJyEGHQYdJyEoJSclBiDlHSgpajFJLSgpByUGIUklii1pJUghJx1IIYstii1pK
SgdKB1JIastzC2qKakliSWJJWklaCXsNcstiSmJKWkpqzHMNYopiilpJWklzC3ML
aopaSWJJYol7TXLLYspaiWKJasp7S3NLawpiiFpIe0t7S3MLaspiiWKJYoliSWqK
ewxqymKJWkhaSFpIawpSSFJIUkhSCFqJWohKR1JHSghKCFIJUkhCBkHGQcVKBkpH
QgZBxjnFMYVKSEIGOYU5hDGEMYQxhDGFOcYpRClEKUQpRTGFMYYhBCEDIQMhAyED
GQMphRkDGQMZAxkDKUUYwznIOYhSC1ILQck5yUoKQclByEpJasxiy1qKUghJxlII
cwxqy2KKSglJyGMKa0tayUpISgdJx2KKe05qzFpLUkliimLLUkhSR1qIYohqylqJ
UkhiimKJYopiiWJJastzDGKKWkliimqKe017THMJYopaR1IGYol7THtLYolaB2KJ
e0yDTHMLaspiiWrKYolaSGJHYohqiGrJYohSR1qIUkhSSVpKUklSSVIIUghaSFJI
SgdKB0oHQcVBhUGFOYVJxUoHQcYxhDGEOgdCRznGMUUxRTEEMUUxRTGFIQQpBCkE
IQQhBDFFIMQpBCkEKUMhAyECIUMZAhkCGQMYwyDEGMM5xzmGUktizEoISchKCEHH
QYZKB2LKYspiy1JJSchKCGrMasxaSloKSchiintNYspaiFqJUkhjCnuNa0xjC1qK
Wsp7jmsMWopaiFqIe4xzTGLKYslrCmrKYsprCovOg41zDGKKaspzS5POg0xzS3ML
YoliiWKJe0yDjWrKWohaSWrLg457DHMLastqyntMaspaiFqJYspiynNLawtaiFpI
WoliimsMYspKSFJIUkhaiWLKWspKR0pIQghBxzmGQcdaikoIOYYxhUHHSkhSiToG
OcYxhTFFQcdBxylEKUQxhTHFOcUxxilFKUUhRDGGMYYhBBjDGQQhRSmGGMMQghjE
Qcc5h1JJYotSCUnISchJyEGHQchaimLLYoxSSknISchiinMMWolSCVIJWklzTGrL
WklSSFJIWol7jXMMYopSSFpJe4xzTGLKWolaiHuMe4xrCmsKawtqymKJYomDjYON
cwtiyWrJasmLjXtLcspyy2qJaopqinLLg4xzCWLJYohqiIuNewtqymKJaol7THtL
cspqymKJYklrC3MMYopaSVpIWohrC2sLWopSSFpJUkdaiWLKSkhKB0HHQgZCBjoG
UolSijnHOYdBxjnGSkc5xjGFMYUxhTnGQgcpRClFKUUpRUIIOccpRClEKQUxRjHH
KYYZBCEEIUQxhilFGMQYxEGIOYhKClqNUkpKCUHIQcg5h0nIWkpizFqKUklJyEnI
YotzDWKLUklJyFpJc0xiylqJUkhSR1qJc0xrC1rJUklaSXtNcw1qy1pJWkhzS4OM
cwtqy2qLaopiSWKJg42DjXMLWoliimsLg417THMLaslqyWrKaslzC4ONcstqimqK
aoqDjHMLaspiiWKJcwt7TGLKYolaiVpJaspzC2KKWohSSFpIYspiy1JJSghKSEpI
UkhiylJISgdCB0HHQcc5x0oIUklBxznGOcY5xkpIQcYxhTGFKUUxhkHIMUUpBSkF
KQU5hzmHKQUpBCEDIQQxhTGFIQMhAyEEMYYpRRjDGMNBiDlHSctajUoLQco5iUGJ
OYhByFJKYoxaS1IKSchJyFpKasxii0oJSghaSXNMaspaiVIIUghaSGsLastailJJ
Ukl7TWsLaspaiVJIc0x7jXNLaspqy2JKYoliiYONg4xzC2KJYolqyoOOe01zC2rK
aspqimqKaouDTnLMaotiimKKe01zC2rKYoliSHMLcwtiymKJWklSSGLKawpiiFpI
WkhaSGqKYopSSEoISgdKCEoIYstSikIIQchBxzmHOcZKB1JIOcY5xjGGMYZCSDnH
MYYxhSmFMYY5xyEEKQQpRSlFOccxhSEEKQQhBCkEMUYpRSDEIQQhBDGGKUUZAxjD
Qcc5h0oKWkxKCknJSYpBiEGIQcdSSWKLWktSCkmISchaS2LMWkpSCUoIUkhzC2LK
YklaCVoIWklzDGrLWopSSVJJc01qzGKKWkliSXMMg01zC2sKawpiyWLJWol7jXtM
astiimKJasmDjXtMcwtqy2rLastqimrKe0xzCmrJWolaiXtNcstiiWKJYoh7SnML
YolaiVqJWkhqynLKYolaSFJIUohiylqJUghKB0oHSgZSCWKJUghKCEHHQcc5xznG
SkdKRznGOcU5xTnFQgc5hjmFMUQxRjmHOccpBSkEKQUpBTmGMUUpBCkEKQQpBDGG
KUQgwyEDIMMxRSlFIMQYw0GIMUZKCFqKSglByEGIQYhBiEHHWkliilpKUglBx0HH
Wkpiy1qKSglByFIJasxailpJUkhSCFpJcwxqy1qKUklSSXNNawtiilpIUklzTXtM
awpqymrKYspiiFqIe417jWrKWkpiimrKg417THMLaspqimKKWohrCnNLasliiVqJ
WolzTGrKYoliiVqJcwtrC2KKWolSSVIIaopqi2JJWkhSRlJHYslaiVJISghKCEoH
SkdaiUpHQgZCBjnGOcY5hkoIQgc5xjnFMYQxxUIHMYUxhTFFMUU5RjGHIQQpBClE
KUQxRSkEIQQhAyDDKQQpRSEEGMMhBCEEMUUpBBiCGIM5iDFHSghSikoIQcdBxzmH
Occ5yFKLWopaSlIIScdJxlpIaspiilIIScdaSXMLYspaiVpJUghaiWtMYstSiVJJ
UghzTGrLYopaSVoJcwxzDWrLastqy2KKYopiiHuLe0tqyWKIaolqyYOMcwtrC2rK
YspiymLKYwpzTGsKYslaiGKJc0trCmKJWolaiXMLawpiyVqIWohShmLJawhax1KH
SkdSiGLKWolSSUoISgdKCFJIWolKR0IHQgc5xznHOcdCB0IGOcU5hTFFOYZCBzGG
MYYphSlFMUU5hiEEIQQhBCFFMYchBSEFIQQhBCEDMYUhBBjDIMMgwzFFIQQYwxDD
QYg5RkmIYktJyUHIOYhBiDmHOcdSSlqKWopSCUnIQYhSSmLLUklSCEnHUghzDGLK
WklSSUoHUolrTGLKWolSSFIHc0xzCmLJWkdaSHsLewxqymqKYopiiVpIWkh7TXMM
astiiVqJasp7TXNMastqi2qKYopiimrKc0xqymKIWohiiXNLasliiVpJWklqymsK
WolaiVqJUkhiymLKWkhSSFJHUghiilpISgdKB0HHSgdSCFqJQgZKB0IGQcZBxjnG
SghKB0HFOYU5hTnGQccxhSmFKUQpRTGFMYUhAyFEIUQhBDGGKUQpBCDEIMQhBDGG
IQQZAyEEGMQpRiDEGMQYg0GIOUdJx2JLUgpJyEGIQcg5hjmHUklai1qKUklBx0HI
Ukliy1JJUghJx1HIawtiilpKUkhSSFpKaw1iylpJUklSSHNMawtiilpIWkh7C3sM
aspiimKKYolaSVqIe01zCmLJWkdiiGLJe4xzS2sKYsliymLJWohiyXNLasliiGJJ
YklzCmsJYslaR1qHawpqyWLJWohaiFJIYsliilqJUghSCFIIYopaiVJHSgdKBkoG
SgZSiUIHQgdCBznGOcYxhkJHQgc5hTmFOYU5hkHHMUUpRTFFMUUxhTGGIQQhBCEE
KUU5hikEKQQhBCEEIQUxRhkEGQQZBBkEKUYYxBiEGIRBiDFFQcdaSkoIQchByEHI
Occ5x0pJUopSikpJQgc5xkqIWwpSikoJSchKCGsMYspaSFJIWkhSR3MLaopiiVII
UkhzDGrLYopSSVIIcwx7DWrLaspiymKKWklaSXtMewxqy1pJWkliintNcwtqymLK
YoliiVqIYslzS2rKYoliSGqJewxqy2KJWkhaSWrKasliiFqIUkdSR2LJYolSR1JH
SkZSSFrJWohKB0oISgdKB0pIWolKBkIGQgZBxUHFOYVKCEnHOUU5hTlFOYVBxzFF
KUUpRSlEMYUxhiEDIUQhAyEEMYUhAyEDIQMhAykEKUUhBCDEGMMYwyFFGMMYwxjD
OYc5RkGIWkpKCUHIQchBh0FHQYdSCVpLUkpSS0HIQghSSGLJUohKR0IGSghrDWLL
WopSSUoJUklrDGqLWkpKCVJIc0xjC2LKWklaCGrLewtqymLKWolaiVJJWkl7TXMM
astaiVqJYsp7THMLaspqymqKYopiiWrLcwxrC2KKWklainMMYstiimKKWklqy2rK
YoliiVJIUkhiymLKUkhSSFJIUkhiilpJUghKB0IGQgdSSFqJSgdJx0HGQcU6BTnF
SkhCBzHFMYUxhTGFQgcxhTFFMUUpBTFFMYUhBClEKUQpRDmGIQQhBCEEGQQpRTGF
IQMhAyEDIMMpRRjDEIMYw0GIOUhBiFpKSclJyUGIQYg5R0GHUglailKJUkhBxkHH
Ukliy1JJSghJyFHJasxai1qKUklKCVJKaw1ai1KKUglKCHMKasliiFoIWgdrC3tM
YspiylqKYopaSVqJe017DGrKWohaiGLJc4xzC3LLaspiimKKWoliymsLYspiiVpI
WklzC2LKYopaSVpJawtiylqJWolaSVIIWspaylJJSkhKSFJIYopaSFIHSgdBx0IH
UkdayUoHQcc5xjnGOcYxhkpIQgcxxjGFMYUxhUHHMYUpRDFFMUQxhTGFIQQhBSEE
IQQxhyEEIQQhBCEEKUUpRhjDGMMYwxjDKUUYwxiEGIQ5hzFHOYhSS0oJSclBiEGI
MUc5iEoJUopKSkoJQYdBx0oJYoxSS0oKQchJymrNYotaSlJJUkhSR3NMYspaiVJI
UgdzC2rKYolaSFpIasp7C2rKYspailqKUklaSXNMawtqylqJYopaintNastqymKK
YopiilpJYotqzGqLYopaSWKJcwtiilpKWglSSGrKawpiiVpHWkhSSGLKYspSSFJI
SghSSVrJUkdSR0oGSgdKBkpHWolKBkIGQcY5xjnGOcdCB0HGMYU5hTmFOYVBxzFG
KUUxRSkFMYYpRSEEIUQhRCFEMYUhAyDDIQMhAyEEKUUZBBjEGMMYxClFGQQYgxjD
QYc5R0GIWktSCknIQYdBhzlGQYZSCVpKUklSSUnIQYdSCWqMWkpSCUnIQchizFqL
UkhSR1JHUkhqy2KLYopSSFIIawxjC1qKUklSB2rKcwtqyWKKWkpaSloKWklzC3ML
aspaSFpHYolzDGsKastiilqKWolaiWLKawtqylqKUkhaiWsLaspiiWKJWkhqymrK
YolaSlIJUklqylqJUkdSSEoHUkhayVqJUkhKBknGSgVSR1qIQgdCBkHGQcc5xjnG
Sgc5xjmGMYYxhTmFQcYxRDFFKUQpRDmFMUUpBCkFKQQpRDGGIQQhBCEEIQMhBClG
GMQYxRjEGMQpBRjDGIIYg0GIOQc5R1JLSglByEHHOYc5hznHSglSikpJSklByEHI
UglizFpLSgpJiEIHastiiVJIUkhSSFJIa0piyFqHUkdKR2sLYspaiVIHUgdqyXML
aopiilqJWklaSVpJcwxzDGrLWklaSFqIc0trCmLJWotii1qKWohiyHNKYslaiFpH
WohzCmLJWohaSFpIaspiylqIUohSSFJHYoliiVpIUkhSB1JHYohSSEoHSgdBxkHH
UghSSUnGQcVBxkGFOYU5hUoHQcY5hjGGMYY5hjnHMYUpRSlEKQQ5hSlEIQMhAyEE
IUQxhiEEIQQZAxkEIUUpRRjDIMQYxCDEKQUYgxiDGINBiDFHOYhSSUoISclByDmH
OUc5h0oIUklai0oJOck5iEIIWspSSVIISchJyGLLWolSSFJIUkhSSWsLYspaiVJI
SgdrDGLLWolSSEoHaspzC2LJYsliiFpIWkhaCHMLcstqylpIWkhaiHNKawpiymLK
YslaiVpIWolrCmLJWslSiFqIYwpaylpJUkhSSGrKYolaiVpIUkhSCGKKWolSSEoH
SgdKR1qJUkhKB0oHQcZJx1IIWolCBzoGOgYxxjnGOcZKBznFMYUxhjGGOYY5xzFF
KUQpRClEMYYpRSDEIQUpBSlFMYYhBCEEIQQgxCEEKQUYgyDDIMQgxCkFGMMYwxjD
OYkxRzmGUkpSCUHIQchBiDmIOYdKCVKKUklSSkHHQcdSCWKLWkpKCUHISghiy1qK
UklSCFIHUgdqymKKWklSCEnIYstiy1qKUklKCGLLasxii2KKWkpaSVIIUghrC2sK
YslaR1pHYohzCmrIasliyWLIWodah2LIawpiyVqJUkhaSGrKYotaSVJJUkliy1qJ
WklSSVJIUgdaiVqJSkhKR0pHUkhayUpHSgdCBznGQcZKR1KIQgY5xjnGOcYxxTHG
Qkg5xjGFMYUxhTHFOcYxhilEKUQpRDnFKUQhAilDIUMpRTGGIQQhBCEEIQQpRSlG
GMQYxBjEIQMpRRjDEMMYwzmIOYcxhlJKSglByEHJOYc5hzlHUclaClIJUglBh0GH
SghiylJJSglKCEoIYsxai1qKUkpJyFIIastiilpJUghSCGLLYstaSlJJUgdiy2sM
YopailqKWkpSSFJIawtqy2rLWklaSFpJcwtqymKJYspaiVJIWkhiiWrKYolaSVJI
WklqzGLKWohSR1JIYwlayVqJUkhSB1JIWslayVKISkhKCEoIWotKSUoIQgc6B0IH
SkhSiToHOgc5xjnGMYUxhUIIOcYxhTGGMYY5hjnGMYYxRTFEKQQ5hikEIQMpBCEE
KUUphiEFIMQhBSDEKQUpBRjEGMQYxCEEKUUYxBjCGMNBiDlHOYZSSkoIQcdBxznG
OYY5hknIUklSSlJISgdBh0nJWotaSlIJScdKB2LKWolaSVIIScdSB2rLWopSSVJI
SgdiymLKWolSCFIJYotqy2KKYopaiVJIUkdSSGsKawliyFJHUkdSSHMLaspqyWKJ
WolaiFJIWoljCmLJWohSR1JHawpiiFqHUgZSSGLJYshaiFpIWkhSCGKKWopSSFIH
SgdKCFqJUklKB0HHScdBx1IIUklBx0HHOcc5xzHGMcZKCTmHMYYxhTFFMYY5xilF
KYQpQylDOYUpRCEDIQMhAykFMYYhBCEEIQQhBCkFKUQYwxjDGMMhBClFGMMQghjD
QYk5SEFIUgtJykGJOYg5iDlIOUhJyVIKUgpKCEHIQYdKCGKKUkhKCEHHSghiy1qJ
UohSSEoHSgdiymLKWklSCEoGYspiyVqIUkdKBmLJawpiyVqJWolSSFJIUkhrCmsL
YspSSFIHWkhzC2LJWoliilqJWolaSlqKawtiylqJUkhSSGrLYopSSVJJUkhiy1qK
WklSCFIISghailqIUkhKCEoISghailIIQcdBx0IHQcdSSFJJQcdBx0HGOYY5hTGG
Sgg5xjGGMYUxhTHGOccphilFKUUpRTGGKUUhBCEEIQQhBTFGIQQhBCEEIMMpBCEE
GMMYwxkEGQQhRBDCEIIQwkmJMUc5SFILSglByDmHQcg5hzFHSclSClJKSghKCEGH
ScliTFJLSclJyEHHWotii1JJSghByEoIYstiylpKSgdKCGLLWolaSFIHUgdiyWsK
WohaiFqKUklSR1JHastiymLJWkhSR1JHawtiymKKYolaiVqIWkhaiWsKYslaiVJH
UkhqylqJWkhSCFJIYslayVJJUklKCEoIWopaiVJISgdKBkpHWslKR0oHQgZCBkIG
UkhSSEHGOcUxxjHFMYU5xUpHOcY5hjGFMUU5xjnGKUUpRSEEKUQxhSlEIQQhBCEE
KUUpRSEDIMMgwyDDKQQpBRjDGMQYxCEEIQUQghCCGMM5hzEIMQhSDEnKQYlBiDmI
OYdBiEHIUklaSVIIQcg5h0HIWotSCUnIQcdBx1qKWopaSUoIUghSCGKLYopSSVJJ
SghiyWLJWodSSEoHYopqymKJYopiSlIJUghKB2sKYspiiVJIUgdaSGrLaotiilpK
WklaSVJIYklqymKJWohaSFpJastailJJUklSSWLKWolSSVIISgdKCGKKUolKB0oH
QcZKR1qJSgdCBkHGQcZBxkoJUklBx0HHOYY5hjmGOYZKBzmFOYUxhTGFOcY5xylF
KUQpBSkFOYYpBCEDIQMhAylFKUUYwyEDIQMhAykEIQQYwxjEGIQhBSEFEMQQgxCC
QYgxRzlHUkpKCkHJQchByDnHOYZBx1JJWklKCUnIQYdJyVqLSghJyUGIQcdailqI
SkhKCEoISchailqLUklSCEoHYslayVqIUkdKR1qJYspaiWKJWkhSCFIIUghqymLK
WolSCFIIUkhqy2KKYopiSloJWklSSGJJastaiVqJUklaSWLKWolSSEpGUkdjCVqI
UkhSR0oHSghaiVpJSgdKB0oHSkhaiUpHQcZBxkHGQcdSCFJIQcY5xkHGOcY5hTGF
Sgc5hTGFMUUxRTmGOYYxRSkEKQQpBDGGKQQhAyEEIQMhBikFGIQgxCDEGMQpBCEE
GMMYwxjDIQUhBRiDEIMYgzmHOYc5R0oKSclBiDmIOYc5RzmHQchKSVJKSghBh0GH
QcdailIJQgg5xzoHUklaiUoISgdCB0HHWopailJJSchJx2KJYolailJJSchaSmKK
WolaiVpIWkhSB1IIaspqylqJUkhKB1JIastayVqJYolSSFJIUghaSmLLWkpSSlIJ
Uglqi2KIUkdSR1JGWslaiFJISgdKB0oHWolaSEoHScdKCEoIUolKB0IHOcY6BkIG
SkdSSDnHOYY5hjmFOYU5hUIHMYUxhTGFKUU5xjmFKUQhBCFEKQQ5xSFDIQIhAyED
KUUpBBjDGMMhBBjDIQQgxBjDGMMYwyEEIQQQgxiDEII5iDEHMUdKCUoJQchBh0GI
OYc5hznISgpKSUoIQgg5hkHHWopSSVIIQcc5x1KJWopKSUIIQchByFpKWopSSUoJ
SghaiVqKUklKCEoIWopiy1qKWkpSSVJJUghKCGLKYspaiVIHSgdSB2rKYolaiVqJ
UkhSSFJIWoliymKKWopSSVJJYsxaSlJJUkhKSGLKWklSSVIIUghJx1KKUolKSEIH
QgdKSFKKSglByEHHOcZBxlKISkdBxkGFQcY5hTFFMYVCBzGFMUUpRTGGOccxhilF
KUUhRClFOcYpBCDDIQMhBCFFGUQZAxkDGQMYxCEFIMQYwxjDGMMhBCEEEIMQgxCD
OYgpBjGGSklKCEHIQYhBiDlHMUdByFJKUkpKCEHHOYZBx1qJUkhKCEHGQcZaiVqJ
UghKCEHHQghailKJSklKCEHHWopailpJSgdJx1pJYspiiVpJWkhSCEoHSgdiymLK
WolSSEoIUkhiylqJWkhaiFJIUkhSSFpJYotaSlpJUghSCWLLWklSCUoISkhiylqJ
UkhSSFIHSgdSiVKJSkhKCEIHSkhSiEJHQgc5xznHQcdKSEpHQcY5xTmGOYY5RjmG
Sgg5hjGGKYYpRjmHOYcxRSkFKQQpBTmGKQQYwyEEIQQpRCkEIMMgwyDDIQIpRCED
GMIhAhjCIQUhBRCCEIMQgzmIMUcxR0oKQgpBx0HHOYYxhjFGOYdCCUoJSglByDmH
OcdSSlJJQgg5xznHSkhSSVIISghKCEIIWotSiVJISghBx1JJWolSiUoIQgdSSVrK
WklSSVpJUghRyEnIYopii1JKSkhKCEpHYspiiVpIWkhSSEpISkhSiVrKWolSSFII
UghiilpJSkhKCEoIWolaSFJISgdKCEoIWopSSUIIQgdCB0oJUopKCUHIQcc5xjnG
SkhKSDnGOYY5hjmGMYY5hkIHMYYxhjGGKUQ5xTmFMUQxBCkEKUQ5xilEGMMZBCEE
KUUhBBkDGQQZBRjEIQUZBBjDGMMYwyEEGMMQghCDEINBhzlGOUZKCUoJOcg5hzmH
MUYxRjmHQclJyUoJOcgxhznHUklKCEHIOYc5x1JKUkpKCUnJSchBh1pKWkpSCEHH
QYZaSVJISkhKCEnIUklailpKWklSCFIHScdJx2KJYolaSEoHScZKB2LKWolaiFqJ
WkhKR0oHWkhiiVpIUgdSB1JIWolaiVJISgdKCFqKUklKSUoISghKCFJKUklKCEIH
QcZSSFJJSgdBxkHHQcc5x0pISgg5xjnEMcQxgzGDMYVCBzHFMYUxhSlEOcYxhSlF
KUQpRClEOYYpBCEDIQMhAylFIQQYwxjDGMMZAyFFGMQYxBjEGIMhBCEEGIIYgxiD
OUcxBjEGSclJyUGHQYc5RzkHMQZBh0oJQchJyUGIOYY5hkpJSgpByTmHOYdKCVJJ
SklKCEHHQcZaSVpJUghJx0GHWkpaSVIJSchBx1JJWopaSVJJSghKCEoHQgZayVrJ
UohKB0oHSghiy1qJUohSSVJIUghKCFJJWspSiVJISgdKB2LKUkhKR0IGSgZaylJJ
SghKCEnIScdSSVIISgdKB0HHSkhSSkHHOYY5xjnGOcZKB0nHQYZBhTmFOYUphDGG
QggxhjGFKUUpRTnGKYUpRSlFIQUpRTGGIQQhBCEEIQQpRSEEGMMYxBjEGMQhBRjE
EIMYwxDDIQQhBBDDEMMQgzGJMQUxRUHIQck5xznHMYcxRjFHMYdByUoIScdBhzmG
OYZKCEoJQcg5hzmGSglKCUoISghBx0HHUklSCFIIScdJx1JJUklSCUoHScZSCGKK
WopSSkoJQchByEHHWolaiVpJSghKB0oHWopailKJUklSCUoIScdSCVqJUkhKB0oH
ScdiylpJSkhCB0IHUolSSEoHSgdKB0oGUohKBkIGOgY6BkpHUolCB0HGOcYxxTnG
SghCBznGOYYxhjGFMYYxhTnGMYUpRSlEIUQ5xylFKUUpBSkFKQUxRiEEIQQhBCEE
KUUhBBjCGMMZAxkDKUUYwxjDGMMYwyFFGQQQwxCDEIM5RzEFMUVBx0HIQcg5hzmH
MYUxRTGGSghCCEIIOccxhTmFSkhKSEHIOYcxhkoISkhKCEHHOYZBxlJJUklKCEHH
QcdSCVJJUkhKB0HGSgdaiVJISghKSEoHQgdBxlpIWolSSEIHQcZCB1qKUohSiEpI
SkhKB0HGSghailJISgdCBkpHYstSSkIIQcdBx1qIUkdKBknHQcZBxlJJSghBxkHG
OYZKB0oHScc5xzGGMYYxhkoIQgcxhTGFMYUxhSlEMYU5ximFKUUpRClEOccpRSlF
IQQhBCEEKUUYwxjDIQQgxClFIMQYxBjDEMIYwikEGMMQghjDGMMpBSEEEIMQgxCC
MYc5RjEFQchByUGIOYgxhzGHKUc5h0IJSglCCDmHMUY5h0oJSghByDmHOYVKCUoI
ScdBxznGOcZKSVJJSgg5xkHGUghSSFJISgdBx0oIWopSSUoJSghCB0HIQgZSiFKI
SklCBjnFQgZax1rHUohKiEoIQghBx1JIWolSR0oHQgdKB1qKUklKCEnHQcdSSlJJ
SghByEHIOYZSSFJIQgY5xjnGQkdKSEHIOYc5hjmGOYZCB0IIMYYxhimFMYQxhDHF
OgYphClEKUUpRDnGKUQpBClEKUQpQymEGQIZAxkDGMMpRRjDGMMYwxjDGMMhBRjD
GIMYwxjDKUQYxBCDEIMQgzlHMUYxBTmHQcg5hjmHMYYpRTFFOYZCCEHJQck5hzlG
OYdKCUIJQckxhzGHSglSSUnHQcc5xzmGUklKCkHJQYg5h0oIUghKCEnIQYhKCVJK
SglKCEIIQgdBx0HGWolailpJQcdBx0HHWopSSVpJUkhKB0IHQcdKCFJKUklJyEnI
SgdiilJISgdBxjnGUolKSEpIQgdBx0HHUolKR0IHOcY5xkIHSkhBxzmGMYY5xznG
SkhKCDmGMYYxhimFKUQxhTnGMYUpRClEKUU5xzFFKQUpBCEEKQQpRRjDGMMYwxjD
KUUYwxjDGMMYwxjDIUUYgxDDEIMYxCFFGQQQwhCDEIM5hzEFMQU5hkHIOYc5hjmH
MUUxBTlGQcdByEHIOccxRjFGSglKCkHIOYcxR0HISgk5x0HHQcc5xkpISklCCDnH
MYZKSVJJSkhBxznGQghSikpJSkhKB0IHQgdBxlJIWolSSEHGQcZBxlqJUkhSSEpH
QgdCB0GGUgdiSloJUYhJh0nIWkpSCUnIQcc5xlKJSkhKR0HHOcY5x1JKSglByDmH
MYZBx0pIOgc5xjmGMYU5hUpHQgc5xTGFMYUxhClEMYU5xilEKUQpRClFOccpRSkE
IQQgwyEEKUYYxBjEIMQhBClFIQMYwxjDGMMYwyEFGIMYwxjDGMMpRRjEEIMQggiC
OUcxBjEGQchByDmHMYcxhzFHMUY5R0GIQclJyTnIOUcxRkHISghJxzmGOYVKCFJI
QcdBx0GHOYZKCFIIUghBxzmGSghSSUpJScdBh0oIUklKSEoISchJx0GHQYdSSVJJ
UklBx0HGQcdaiVJISkhKCEoISgdBxlIHWklSCEnHScdJx1KKUghKB0HGOYZSSUoI
SghBx0HGQcVSR0pGOcU5hTmGQghKSEIHOcYxhjGFMYZCCDnHOYYxhjGGKUUpRTGG
OggpRSlEKUQpBDnFKUMpQyFEIQQhBSlFGMMYwyEDIQMpRBjCGMMYwxjDGMMhBBjC
GMMYwxjDKUUYwxCCEIIQgjmIOUgpBjmJQck5hzmHOUYxRikFMUY5yEHIQchByDFG
MUdByUoJQck5RzFHQYhKCUHIQcg5xzmGSghSSUoJOccxhkoHSkhKCEHHOYdKCFJJ
SglKCEHHQcdBh0GHUklaiUoIQcdBhkHHWklSSFJISghCB0HIOchCCFJJSgdCBznG
QghSikoJQcg5x0HHWopKCEoHQcc5xjnGUklCBznHMYYxhkIISgk5xzGHMYYxhjGG
QghBxzGFMYYxRTFFKUUxhjnHKUUhRCFEIUQ5xilEIUMpRCFDKUQpQxjCGMMgwyDD
KUUYwxjDEMMYwxjDIQQQwhDDEMMQxCEFGMQQwxCDEIM5hykFKQRBx0HHMYY5hjFG
MUYxRjGHOchCCUHIOYcxRjmGQgdKCUIIOYcxhkHHSglByDnHOYc5h1IJUglSCEGH
OUZKCEpJSghBxzmHQchSSUoISghJx0nGQcZBhlpIUkhKSDnGOcVBxlqJUklSSEoI
ScdBx0HHQcdaSVIIQcc5hkHHUolKB0HHQcZBxlJISgdJx0HHOYY5h0pJQcg5xzHH
MYZCB0JIOcYxhjGGMYYxhkIHOgYxxTGFMYUxhSlEMYY5xylGIQUpBSlFMYYpRSlF
IQUhBSlFKUUZAyEEIQQZAylFGMMYwxjDGMMYwyEFGIQYxBjDGMQhRhjEEIMQgxCD
MUYpBikFMYdBxzmHOUYxRTEHKQYpBzmHQchBxzmGMUYxBUHHQcdBxzmGMUY5h0oI
Qcc5xjnGOcZKCEoIQcc5hzmGQcdSSUoHQcY5hUnGUkhKCEpHQgdBxznGOcRSSFJJ
SgdBxkHGOcZSiVIJSghKCEHHQcdBxkIHUkhKCEGGOYVBhlJJQgdBxjmFQcZSSUoI
SghBx0HGOcZKSUIHOcYxhTGFOgdKSDnGMYYxhTFFMYVCR0HGOYUxRTFFMUQpRTGG
MccpRSlFKQQpBTGGIQQhBCEEIQQpRSFFGMMYxBjDGQQphRjDGMMYwxjDIQMhBBjD
GMMYwxjDIQUQgxCCEIMQgzGHMUYpBjlIQYhBR0GHMUYxRSkFMUY5xznHOcg5hykF
KUU5x0IIQccxhTGFOcZKCEHIOYc5hzmHQcdKCEoHQccxhkIHSkhCB0HHOYZBx1JI
SgdCBzoHOgY5xTnGSkhKCEoHOcY5xTnGUolKSEoIQcdBx0HGOcZCB1JIQghBxzmG
OcZSiUpIQgc5xjnGUkhKCEnIQYdBhzGGSkk6BznHMYY5hUIHSkc5xjnHMYYxhjGG
Qgg5xjGFMYUxhClEKUQxhjmGKUQpAylDKUQxhilEIQQhBCEEKUUhBBjDGMMYwhkD
IUQYwxjDGMMYgxjDIQQQwxDDEMMQwyFFGMMQghCCEIIxRzEGKMY5R0FHQYc5hzFG
KQUpBikGOYg5iEHJOYcpBTFFOYdBxzmHMUYxRTnGSgdCBzmGOYY5RkHHSghJxzmH
OUZBx0oISgc5xTGEQgdSSEoHSgdBxkHFOYUxhEpISkdCBznGOYZBx1JJUglKCEoI
QcZBxjmFQcdKSEoHQcY5hTnGUkhCB0IGQYVBhkpIQgc5xjGFOYY5hkoIQcc5hjGF
MYVCB0pHOcYxhTGFMYUxhUpIOcYxhTGFMUUxRSkEOYU5hilEKQMpAylEMYUpBCEE
IQMYwyFEKUQgwhjCGMIZAylEEMIYwhjCGIMgxCEEEMMQwxDCEMMhRBDCEIIQghCC
MUcxBijFOUdBhzlGOUYxBikGKQYpBjFHOYdBhzlGMQUxBTmGQcg5yDFGMUY5h0HI
QYdBhzmGOUVBx0oISgc5hjFGQcdKR0IHOcYxhkHHUklKCEIHOcY5xjnGOcVKCFIJ
Qgg5hzmGQchSSUoIQcZJx0HHOcY5hkHHSklCCEHHOYU5hlJJQcc5hzmGOYZSSUII
Occ5hjGHOYdKCUIJOYcxhTGFQgdCBzHGKYUphjGGMYZKSTnHMYYxRTFFKQUpBTGG
MYcpRCEEIUQhRSmGIQQhBCEDIQMpRCEEGMIYwxjDGMMpRBjCGMMYwxDDGMQhBBCD
EIMQgxCDIQUYwxCCEEIQgzFGKQUpBTGGOYYxRTFGMUUxRikGKQYxRzmHOYY5hykF
KUUxhjnHMYYpRSlFMYZCBzmGMYYxRjFGOYdByTnIOYcxRUHISchBxzmGMUZBx0oI
QcdBxznGOYYxhTGFQgdKB0IHOYY5hjnGUkhKB0HGSgdBxjmFOYVBx0oIQcc5xzGF
OYZKCEHHOYY5hjGFSkhCBznHOYY5hTmGSkg5xjGGMUUxRTnGQgcxhSlEKUQxRTFF
Scc5hTlFMUQpRCkEKQQxhTGFKUQhBCEEIQQphSFEGQMZAxkDIUQhBBCCGMMYwyEE
IQQYwxCDGMMYgyDEIQUYgxiDEIIYwykFGMMQgxCCEIMxBijFIMQxBjlHKQUpBSkF
KQUpBCkEMUU5hjlHKQYpBjEGMUY5hjGGKUUpRjFHQYg5hzlHMUYxBTmIQcgxhzFG
KUQ5xkIGOccxhjFGOYdKB0HGQYc5hjGGMUYxRUHIQcg5xzGGMYUxhUoIQcc5xjnG
McYxhTGFOcZCBznHMYUxRTlGSgdBxjmGMUUxRkoIOYcxhTGFMYQxhUIHMYUxhjGG
KYQ5xjnGMYUxhClEKUUpRUHHOYUxRDFDKQMpQyFEMYUxRSEEIQQZBCEEKUUhBCDD
GMIYwiFEGQMQwhDDEMMZBCFFEMIQwhDCEMIZAxjFEIQQhBCDGIMpBBiDEIIQQhCD
KMQggyCEIMQgxSDFIMMgwyDEKMQoxCkEKMQoxCDEIMQgxCDEKQUpBCkEKQQpBDFE
KQQxBCkEKMMxBTFGMUYpBSkEMUUxRTFGMUUpBDlFQYc5RjmGOUYxRjFGKUU5h0HH
OYYxRTFFMUVByEHGOYY5hjmGMUUxRTnGQcg5hzFFMUUxRUHHOYYxhilFMUZBxzmG
OYUxRDFEMUVBxjGFKUUpRSlEMYY5xylFKUQpRClEMUVBxzFGKUUhRCFEIQQhAylF
KUQhAyEDIQMhBClFGQMYwhjDGMMhBBjDEIIYwxjCIQMhBBjCGMIYwxjDGMMYwxCC
EIIQghCDIMQQghBCEEIQgyCEIMQYgyCEKMQgxSDFIIUYhBiEGIQgxSCEIMQgxCDD
IMMgxCDEIIMoxCjEIMQgxCDFIMQgxCDDIMQhBCEEIQQYxCDEIIQgxCjEKMQowyjE
KMQoxCjEMMQpBCkDKQMpAyDDIQMhAiECKUQpBCkEKQQxBCkEKQQpBCkEKMQoxCjE
KQQxBSkEKQMpAykDMUQpAykDKQMpAyjDMUUxBCEDIQMhAylEKQQgwyDDIMMgwyED
KQQgxCDEIMMYwyDDGMIYwxjDGMMYgxiCGIMgwxiCGIIYghiBGIEYgxBCEEIQQhCC
GIIQQRBBEIEIgRCBEIEQgRCCEEIQQhCCCEEIQQhBEEIghSDGIIUghCCEIIQghCjE
KIMowyiDKMMgwyDEIMQoxCDDIIMgxCDEIMMgwyDDIMMgwyDEIMMgwyDEKMQowyjE
KMQowyDDIMMgwyDEIMQgxCjEKQMgwiDDIMMgwyDDKQMowykDKMMowyjDKMIpAiEC
IMIgwyEDIMMgwyDEIMMgwyjDKMMowijCKMMgwiDCIMIgwyDDIMQYgyDDIMMgwiDD
IMMgwxjDGMMYwhjCGMIYwxjCGMIQgxiDGIIgwhiCGIIYghCCEIIQghCDGIIQQhBC
EEIQARBBEEIQQhBCEEEQQhBBEEEQQRBCEEIQQhBCEEIQQhCCCEEIQQhBCEEIQQhC
IIQgxSCEGIQghCCEIIQYhCCEIIUghCCEIIMghCCDIMQowxiCIMMgwyDDIMQgwyDD
IMMgwyDDIMMgwyDEIMMowyjDKMMowyDEIMQgxCDDIMQoxCjDKMQoxCDDIMMowykE
KMMowijCKMIowyjDIMMhBCEDIMMgwyCEIMQpBCECIMMgwiDCIMIowijCKMIgwyDD
IMMgwyDCIMIYwyDEIMMYwxjDGMMYwyDDGIMggyCDIMMYwxjCGMIYwhiCGIEYgRiB
GIEYQRCBEIEQghDCEIEQgRCCEIEQQRBBEEEQgRCBEIEQgRBAEEEQQRBBEEEQQRBC
EEIQQghBCEIIQghBCEEIQSCFIIQgxCCFIMMghCjFIIMggyCEGIQghCCEIIQghCBE
IIMggyDDIMMYxBjDGMQYwxjDIMMgwyDDIMIgwiEDIMMgwyEEIMMgxCDDIMMgxCDE
IMQgxCjEKMQgwyDDIMMhAyEDIQMhAyDCKMMgwyjDIMMgwijCKMMowykEKMMpAykD
IQMhAyDDIMMgwyDDIMMgwyDDIMMgwiDCIMIgwyDDGIMgwyDDIMMhAxjDGMMYwxjC
GMIYwhjCGIIYghjCEIIYghiBGIEYghiCGIMQQhCCEIIQghCCEIIIQhBBEEIQQhBC
EEIQQRBCEEEQQRBCEAEQQhABEEIIQQhBCEEIQQhCCEIghCCEIIQghCCFGIQgxSDF
IIMYwxiDIIMggyCDIIMggyCDIIMggyCDIIMYxCDDIMMgwxiDIMMgwyDDIMMhAyDD
IMMowyCDIMMgwyEDIMMpAyDCKQIowijCKMMoxCjEKMQhBCEDIQMhAyjDKMMowykD
KMQowyjDKMMowyjDKMIowijCIMIowijCKMIowijDKMIogiDCIMMgwyDDIMMgwxjC
IMMgwyCDIIMgwyCCIIIYgiDDGIMYgxiCGIIYghiCGIIYghiCGEEYghiCGIEYghiC
EEIQQhBCEEIQQhBCEEIQQhCCEIIQgghBCIEIQghBEEIQQggCCEIQQghBCEIIQghB
IIQghCCEIIQghBiEIMUgxCDEIMQgxCCDIMQgxBjEGMQgxCDEIMQggyCDIMMggyDC
IMMggiDDIIIogyCDIMQgwyDDIMMgwyDEIMMgwyDDIMQgwyDDKMMowyDDKMMoxCjE
KMQoxCCDIMMgxCjEKMMgxCDEIMMhBCjDKMMowyjDKMMowyjDKMMgwyDDIMMgwyDD
IMMgwyDDIMMgxCDDIMIhAhjDGMMgwyDDIMMgwiDCIMIgwiDCIMMgwiCCGIIYghiC
GIIYghiCGIIYghiCEIIYghCBEIIQghCCEIIQghCCEIEQghBBEEEQQRBBCEEIQRBB
EEIIQghCEEIQQghCCEIIQSCFIIUgRCiDIIQggyCDIIMggyCEIIQghCDDIMMowyDD
IIMggyCDIMQghCDFIIQghCCEIIQggyCDIIMggyCDIIMggyCDIIMgwyDDIMMgwyDD
IMMoxCDEKMMggiDCIMMgwyDEIMMgxCDEIMMgwyDDIMMYwiDDIMMgwyDDIIMgwiDD
IMMgwyDDIMMgwiDCKMIowijDKMMowyDDIQIgwiDCIMIggSDCIMMYwhiDGMMYwxjC
GMIYghiBGIEYghiCGIIQghCCEIIQghCBEMIQgRCBGIEYQRiBGIEYgRiCEIIQggiC
EIIQghCCEEIQQhBBEEEIQQhCCEIIQghCCEEIQQhBCEEgxSCFGIQYhBiEGIQghBiE
GIMYgxjDGIMYwxjDGMMYwxjDGIQghSCFIIQggyCDIIMggyCDGMMgwyDDIMMgwyDD
IMMgwxiCIMMgwxiCIIIggiCCKMMowyDDGIMgwyDDIMMgwxjDGMIgwyDDIQMgwyDC
IMMgwyCDIIMghCDDIMMgwyCDIMMowyDDIMIgwyCCIIIggiDDIMMYwxjDIMMgwiDC
IMIYwiDCGMIYghiCGMMYghiCGIIYghiCEIIQghjDEIIQghCCEIIQghCBEIIQgRCC
EIEQgRCCCEEIgRCCEIIQghBBEEEQQRBBEEEQQRBBEAEQQRBBCEEIQQhBCEEIQQhB
KMQoxCCDIIQggyjEIIMghCCEIIQYhBiEIIQYxBjDIMQYxBjEGMQYxRjFGIQYgxiD
GIIYgxjCIMIgwyDDIMQgxBjEGMQYgxjDGIIYgyDDIMIggyjDIMMgwyDDIMMgwyCD
IIMowyDDIMMowyjDIMMgwyjDKMMowyDDKMMgwyDDIMMgwyDDIMMgwyDCIMMgwxjC
GMIgwiDCIMMggiCCIMIgwhjCGMMYwhjCGMIYwhjCGMIYghiBGMIYgRiBGIEYgRiB
EIEYgRCBGIIQghiCGEEQgRCBEIEIgRCBEIEQghBCEEIQQhBCEEIQQQhBCEEIQQhC
CEIIQggCCEIIQQhBCEEIQSDEIMQYgxiDGIMYgxiDGIMggxiDGIMYgxiDIIMggyCD
IIIggyCDIIMghCDDGIIYghiCGIMYgyDDIIMggyCDGIMgwyDDIMIYwRjCIMIgwiDC
IMIgwiDCIIIgwyDDIMMYwyDDIMMgwyDDIMMgwijEKMQowyjDIMMgwyDDIMMYwiDD
KQMowyDCIIIggiDDIMIgwiCCIMMgwiDCGMIYwRjCGMIQwhDCGMMYghiCGIEQgRCB
GIIYghhCGEIYQhiCEIEQghiCEIIQghiCGIIYgRCBEIEQgRCBEIEQgRBBEEEIQRBB
EEIQQQhBCEEIQghBCEEIQghCCEIIQghCCEEIQQhBCEEgxCDEIIQghBiEIIQYhBiE
GIQYgxjDGIMghCCDIIQYhBiDGIQYhBiDIIMgwhjDGMMYwxjEGMQYgyDDGIMgwyDD
IMMYghjCGIIYwxjDGMMYwxjDIMQgwyDDIMMgwyDDGMMgwyDDIMMYwyDDIMQgxCDD
IMMgwyDCIMMgwyEDIMMgwyDDIMMYwyDDIMMgwyDDIMMgwyDDIMMgwyDDIMMgwxiD
GIMYgxiDEIIQgxCDEIMQgxCDGIIQgRCBEIEQgRCCEIIQghCCEIIQgRCCEIIIQhCC
EIIQghCCEIIQghCCEIIQghCCEIIQgghCCEIIQghCCEIIQggCCEIIQghCCEIIQghB
IMUgxCDEGIMYgxiDGMQYxBiDGIMYgxiEGIQghBiEGEMYgxiEGIQQgxjEGMMYwxjD
GIMYgxiDGIMYgxiDIMMgwyCCIIIggiDDGMIgwiDDIMMgwyDEIMMgwyDDGIIgwiDC
IMMgwyDDIIMgwyDDKMQgxBjDIMMgwyDDIMMgwyDDIMMgwyDDIMMgwyCDIMIgwiDC
GMIYwxjCGMIgwiDCIIIYghjCEMIQwhCCGIIQgxiDGIMYgxCCEEEQQRCCEIIQghCC
EIIQghCCEEIQQhBCCEIIQhCCEEIQQhBCEEIQQhCCEEIQQhBCEEIQQhBCCEEIQQhB
CEEIQQgCCEIIQQhBCEEIQSDGIMQggxiEGIMYhCCEIIUYhBjEGIQYhBiDGIMYgxiD
EIMgxBiDGIMYhCDFGMQYhCCDGIIgwiCCIMIgwiDDIMMYwxjDGMMYgiDDIMMowyDD
IMMgwyDDIMMghCCDIMMgxCDEIMQgwyDDGMIZAiDCIQIpAiDCIMIhAijCKMIowiCC
IMMgwyDDGMMgwyDDIMMgwxiCGMMgwyDDIMMYgxiCGMMYwxjCGMIYghjCEIIYghiC
GIIYghCBEIIQghCCEEEQghCCEIIQghCCEIIQghCCEIIYghCBEEEQQhBCEEIQQhBC
EEIQQRBBEEEQQghBEEEQQhBCEAEIQQhCCEEIQghCCEI=
END f128
  chw crc32 : 958cd3e5   (low byte first)
  chw crc32 : cb6e50e1   (high byte first)

-- f128fast: 128x128 RGB565, resolution register 0x0b, bus 16.0 MHz, recipe vendor --
  fifo      : 32768 bytes, expected 32768  
  timing    : setup 0.0 ms, expose 63.1 ms, read 16.5 ms  (1.89 MB/s over the bus)
  first 16  : 41 48 41 46 52 09 5a 4a 52 09 41 c8 39 87 41 c8 
BEGIN f128fast 128 128 32768 332edf0e
QUhBRlIJWkpSCUHIOYdByFqLWkpaCkHJOYhByVqMWsxaS0nKQYlKCmLMYwtaiUII
QchKCGLKe01rC1pLWktSClIJScdqy3tOYotaSknIUglzTWsMYotaSVIIUghzTWsL
WslCCEJHUolzjWMLUspSiVJIUopzTmsNWstKSUoIYwp7jWtLWslSiVJIUkhKB1qJ
awtrTFrLUkhKB1JIWoprTFrKSodCR0JHawtjClqJUkdKR0oGYsliyUoHSkdCBkpH
YwpKR0IGQcZBxmLKWolCB0IHOcY5hTGFOcVSyUJHMcUxxTGFOYVKSUoIOYYxRDGF
MYUpRClGSgkxBilGKUYpRjlIOUhJiGJMUglJx0GGQYZqi1pJUghRyFHHQYdii2KL
WkpJyEGISgpizWLMWopKCEnISghaynNNYspSiVqJSchJyEnHYotzTWKLUklKCVIJ
c01jDGLLUklKSFJIc4tzClrJQgdBx1JIe41iy1qKUklKCFJJa01rDFqLSklKSGLL
e45rDFrKWolSSEoISghaimsLa0xayVKIUkhKSGLLa0xailJJSgdKSGtNWstSSlJJ
SghKCGLLWspKCEIIQghKSFrKQgdBxznHOcday0pJQcg5xznHOYYxhTHGUolCBzGF
MYYxhimGSkpCCDGGMUUxhTFGKUYpRkJJMYUpRClEKURJiEFHUcliTVILQck5hznH
WstSikoJSglByEHIYstiy1qKSchByEoJYsxii1qLSglKCEoJYop7TWLLYstSiUpJ
SghJx2rLe0xqy1IIScdKCHNNawxiilpJWglaCXtMcwtiyUoGQgZaiHuNYspaiFpI
UgdaSXMMawtiylJISkdiynvNawtaylKJUklSSUoIWop7TXNMYspSSEpISkhiynNM
WolSSEpHUkhzTGLLUkhSB0oGQgZayWLJSgZCB0IHQkhjC0pIQgZCBkIGWspSiUII
OcY5xznHMcYxxlLJOgcphTGGMYYxhlKJQccxhSlFKUUpBSlFMYZKCClFKUUpRSlF
Qcg5BlHJYkxRyknJOYg5iFqMUktCCUHJOcg5yFrLWotai0oKQYhKCWMNWs1SikIJ
QclJyGKJe0xqylpJWkpSCVIIScdqynMMYspKCEIHSkhzTWsNYkpaSVIIUgh7TWrL
YotKCEoIUkh7jWsKWslSiUJHUolzTWsMWspKSEpIYsqDjWsKYoliiFJIUglKCFKJ
a0xzTGLKUklKCEpIWstrTVKJSklKCEoHa0tjClKISghJyEoHYspiykpHQgZCBUpI
WwpCRzoGOgY5xlrKSohCBznHOcY5xjmGOcZSiUIHKYQxhjGGMcVSikIIKUUpRSlF
KUYphSlGQgkpRSFFKUYpRUGIOUdRyWJMUgtRykFHQYdqi2JKWglRyEmISYdii2LL
WopKSEHHUkpzDWKMWktByUIHSghaintNastaSlJJUkhKCEoHYspzS2MKUkhKB1JJ
c01rDFqJUklSCEoHe41rC2KKSgdSR1qIe41rClqJWklSCFqKc01rTFrKUklKCWrL
g45qy2KJWolaSVIIUghiiXMNc01iy1JIUghSCGLKc0xaiVKISgdKR2tLYspSSVJI
SkdKB2LKYspKSEIHQgdCR2MKSkdCBznHOcday0pJQgc5xjnHOcc5hjnGWopKBzGE
MYYxhTGFUklByDGFKUUxRTFFKUQpRUIIIUQpRSlFKQZBiDlGScliTFIJScg5RkGH
YotaSlJKSgpByUGIYkpiy1qKSklBx0oIYstay1KJQgdCBkpIUol7jWLLWopSSUpI
SghKCGMLc01iy1IIScdSCXtOcwxaSlqJUkhSSHuNcwtiylIHUgdaSYOOawtailpJ
UgdaiXuNa0xiylJJUkliy3uOastailqKUkpSSlJIYslzS3NMYslSSUoJSkliy3NN
WopSSUoHUghrS2LKUohCCEoIQgdiymLKSkhCB0HGSkdiykoHQcdJx0HGYspaiUoH
SgdBx0HGOcY5xlKKQggxhjGGMYY5hkpJOgcphSlFKUUhRSlEKUVCCClEKQQpRSlF
QYc5B0mJYkxRykmJOUc5SFqMWkxKSkoJQghBx2KLYstaSknISchKCWrNawxaikoI
SchKCVqLc05iy1qKUklSSVJISgdiynNMYwtSSEoHUkh7jXNMWolaiVJJUkh7jWsM
YspKCEoIWkmDjmrLYopSCVIJWkp7jWsMYspaSVIHasuDjWsKYspiiVJIUkhKB2KK
c0xzTWLLWkpSCEoIYstrC1qJSkdKRkoGa0tjClKIQkdKSEoHYwtaylIISghCBlJI
YwtKB0IIQgdBx2LKWopKCEHHQcc5xznHMcVSyUJGKYQxxjGFOYVSiUIGMYUxhTFG
KUUpRSlFQggpRSEFKUUpRkmIQUZRyGpLWglByEHHOYdai1qLUglJyUnJQchajGrM
YopKCEHHSghrDGsMWspKB0oHSkhiynuNawtiylKKUkpKCUoJawxzTGsLUkhSCFJJ
e01rDGLLWolSSFqJe45zTGLLUghKB1qJe81rC1rKWkpSCVqKe45zDGLKUkhSSGMK
e81rCmLJWolaSFJIUkdiyWuLc4trCVqIUkdSSGsKc0taiVJISgdKB3MMYspSSFJH
UgdCBmMKWspKSEpIQgdSSWLLSghBx0HHQcday1KKQgc5xznGOYY5hTHGUopCCDGF
OcYxhTGGUoo5xzFFMUUxRTFFMUUxRkIIKUQpBCkEMURJyTlHSYhii1IJSYhBh0GH
Yotii1JKSclByEGHYopqy1pJUghBx0pIawxrDFqKSglJx1JJWop7TWrLYopaiVpJ
SghKB2rKc0tiylJISghSCoOOawxiy1qKWklaioOOc0xiykoISghainuNYwpiyVqI
UghaiXuNa0taylJISkhjC3vOYwtiyVqJWohaR1JHYslzTHNMYstSSUoJSghjC2tM
UslSiEpISkhrTGMKUohKSFJJSgdjC1rLSolCRzoHSohjCkpIQgdCB0HHYwtSikII
Qcg5xzmGOcY5xlrKQgcxhjnGMYYxhlKKQccxhimFKUUpBSlFMURCBilDIQQpRSEF
Qck5SEGIWkxKSkHIOccxhlqKWspSikIJQchByFqLYsxay0oJQcdSCWrMastaikoH
ScdSB2KJe01rC2LKWopSSUoJSgljC3NNastaSUoHUkh7jWtMYstailJJUkh7jXNL
YslKB1JIWoqDjWrLYopailJJWol7TXMMaopaCFoIcwuDzWsMYstailJJUklKSGLL
c0xzTGMMUklSSFJJYwtrTFqJSklKCFIIc0xiylqJWkhKB0IHYspiykpHQgZCBkpI
YwtKCEHHScdCB2MKUolCBzoHOcg5hzmHOYdaikIGMYQ5hjmFOYZSiUHGMYUxhClF
KUUpRDGFQggpRSFFKUYpBUmKQUhBiGJMUgpJyDmHOYhai1qMSklKSUHIQcdaiWLM
WolKSEnIUglqzGKLWolKB0nHUghiintOastailqKUklSCVIJastzTWrLUghSCFpJ
g05zDWKKWolSh1JHe45zDGKKUghSCFqIg81jClrLWolSSVqKe41zDGKKWkhSB3MK
g81rSlrJWspailoJUchqi3MMc0xrClJJUklKSGLKawxaiVJIUgdSSHNMYspSiFJH
SkdKR2MKWslKR0IHQcdSSVrLSgdCBkIGQgZjClKJQgY6BTnGOcYxhjnGWslCBzGE
MYUxhDmFUklBxzGGKUUpRSlFKUUxhjoIKQUxBTFFMQVByEGHQYhii1IKSclBiEGJ
YoxijFIKScpBiUGIWkpqzFqKSglBx0oIawxiy2KKUglJyFIJYouDjmrMYotaSkoJ
UklKCGsLc0xrC1JJUglaCXtOcw1iilpJUghSSXtNe01iy1JJUklayHvMYwpaylKK
WkliinuNc0xiylJIUkhrC4PNa0piyVrIWolSSFJIYslzS3NLYspSSUpIUkhjC3OM
WolSiEoHSkdrS2LKWolSB0oIScdqy2LJUkdKBkoGUodjCUpHQgZCBkIGYwtaiUIH
QgZBxTnGOYU5hlKJOccxhTGGMUY5hlJJOccxRSlFMUUxRSlFMYU5xzFFKQUxBSkF
QYk5R0GIWotSSknJQYhByFqLYsxSSEoJSgdJxmKJcstiSloIScdJyGrMYstiSlIJ
UghaCGLKg81rC2KJWolSSVJJSghrCnNLawpaSVIJUkl7TnMNYstailJJWkiDjnMM
aspSCFIHWkmDjmrLYstaSVpJYomDjXtLYslaR1JIawqDzWsLYspaiVpJUkhSSGLK
cwxzTGLKUkhKSEpIYstrTFqKUklCCEoIa01iy1JJSglKCEoIYwpiyUpHQkhCBkqI
YwpKB0IGQcZBx2sMUopCB0HHQcc5hjmGQYZaijnHMUYxRjGGOYdSSzmHMUUpBDFF
KUUphDGGOcghBSkGKQUhBUGIOYhByWKMUktKCEHHQYdailqLUkpKCUHIQchaymLL
WopKCEHHSgljC2sLYspSSEoHUkhiynuNawtaylqKUklSSUpIawxzTGrKWkhSR1qI
g41zTGLKYopSSVJJe45rDGLKUkdSB2KJg85qymLJWohah2LHe4tzSmLIWkhSSHML
g81zC1rKYopaiVJIUkdiiXNLc0tiy1JKSglKCWLLa0tayVKHSkdKh2tMWspKSEpI
QghKCGLLYotKCEHHSgdSSWMKSgdBxkHGQgZjClKJQchBx0GHQYc5hznHWotBxzFF
MYYxhjGGSkk5xylFKUUxRTFFKUUxhToHIUQpRClEKUVJiUFIQUhijFIKQclBiDmH
Wkpai1IJSglJyUnJWotizFqKSglCCEoJaw1izFqLSghKB0oHYsqDjHLLYkliSlJJ
UglSSWsLc41rC1KJSkdaiYNNewtqymKJUkdSSHuMc0tqykpIUgdiiYONawlqyVqI
WohaiXuMc0xiylpIWklrDHvPYwxiy1qKUolSiFJHWslzS3NMYspSSVJISkhrC2uM
WslSiEIGSkhzTGLJUkhSSEoGSgdqy2LKUgdKB0IGSkdiyUoGSgZBxkHGYwpSiEIG
QcVBxzmGMYY5x1qKQccxRTGGMYUxhkqJOccpRSlFKUQpRSlEMYY5xylFKUUpRSkF
SYhBSEFHYkxSC0nLOUk5SFqLYsxSSkoKQclByVqLYsxii1IJScdSSGsLYwtiy0oI
SghSSWLLe45rDFrLWotSikpJSkhrCnuMaspaiFJHUkl7jWtMWspailKIUoh7zXNL
YwlKB1JIYouDjnMLYspailpJWop7jnNOYsxSilJJaw2Dz2sLYwtayVqJWolSSGLK
c4xzjWMLUolSiVJJawxzTVqKUolKSEpIa0xaylKJSkhKR0JHYwtaykpISgdCB1KJ
YspKB0oHQcZBxmLKUohCBkoGQgc5hjmGOYZaikHHMYU5xjGGMcZSijoIMYYxRikF
KUYpRjnHOccpRClFKUUpRUGJQUhBR2KMUgpRy0GKQUlaTGKNUktKCkIJQclizGrM
WopSCUnIUklrTGsLYspKSEoHSgdiinuNawtiilqKUklSCFIIcwtzTGrLWklaSFqJ
e81zTGLLWklaSVpIg41zS2LKUkhSR2LJe81rS2MLWopSiVqKe41zTWrLWkhaSHMM
g45rCWMKYsliiVpJUkhiynuMc4xjClKJUkhSSGsKawpayFKISkdSSHNMYspSSUpI
SkhCBmsKWslKR0pHQcZSR2LJSgZCBkIFQgZjClKJQgdCBznHOcc5xjnGWoo5xjFF
OYY5hkGGUklBhjFEKUQpRSlFKUUxhjnGKQQpRClEKURBiEFIOUdaS1JKSclBh0GH
Wkpii1JKSglByUHIYotizFqLSglByEoJasxizFqKUglJyFIJWsp7TXMMYopaSlJK
UglSCWrMe05qzFpKUglaSoOOc0xqy1qJWolSSIPOc01iy1JJUklaiXuNawpiymLK
UkliioOOc01qy1qIUkdzC4POcwtiymKKWopSSVJJYst7TXNNYstSSUpJUklrC3ML
WolSSFIHUkhzTFrKUkhSCFJISgdrC1rKUkhKB0IGUohjCkoHQgdCB0HHYsxSSkHI
QchBhzmGOYZBx1qKMYYpRTGGMYY5h1JKQYcxRilFKUYxRSlEMYU5hSkDKUQpRClF
Qco5SEFJYk1aDEnKQYhBiFqLWopailIKSchJx2KKYotailJJSghSCWrMawxay0pJ
QghKSVrKe45qymLKWopaSVJJUklrDHNMawtaiFJHWoiDjXNMYstii1pKWkqDjnNM
YspSSFJIWsqDjXMLaspiilpJYot7jnNNaspaiFpIc0yDzmsMYspaylKJUolaSWLL
e0x7TGrLWklSSFpJawtrS1qJUkhSR1JIc0xiylqJUkhKR0oHawtaikoISghCB1KI
WspKR0IHQgc6B2MLUolCB0HGOcY5xjnGQcdayjnGMYYxhzGGOcdSiUHGMYUxRjFF
MUUxRTmGMYYpBClEKUQpRUnJOYg5iGKMUktSCkmIQUdaS2KMWktJyUnJSYhii3LN
WotSCUoISglqzHMNYoxJyFIJUglaioPOcwxiylqKWolSSFJIast7TWrLWklSCVJJ
e41zS2LJYopaSVqJg85zTGLKUkhSR2LKg81zC2LKYolaiGKLe45zTGsKWolaiHNL
g85zDGLLWolaiVqJWkdiyntMe0xiylqIUkdSh2sKc0tiyVKHSkhSiHOMYwpaiFJI
UkhKR2MKWslKSEIHQgZSiFrKQkdCBkIHQcdrClKIQghCBjnGOYY5hUHGWopBxzFG
MYcxhjnGUkg5hjFFKUUpRSlFKUU5xjGGIQQpRClEKUVByjmIQYhiS1oLUcpJiUFI
WgtijFoLUgpJyUGIWotqzGKLWklBx1IIawtrC2KJUkhRyFIIYop7TXMMYspaiWKJ
WkhaSHLLe01qy1qJWkhaSHuMc0tqymLJWkhaSYPNe4xqy1pJUkhiiYPNcwprCmKJ
YkhqyoONe0xqylqIUkdzSoPNa0prC2LKYopaSVpJast7TXtNastaSVoIWklzC3NM
YolaSEoHUkdzTGLKWohSR0pHSgdrDFqKSkhKB0IHUohaykoIQgc6BkIHYwtKSUII
Qgc5xzmGOYY5xlqKQYcxRjlHMUc5x1JKOYcpRSlGKQUpRSlEOcYxhSEDIQUhBSlG
SYg5R0GIWkpSSkoJQcgxR1JLYoxSSkpJQghByGKLawtaSlpJScZKB2rLawtaiUoJ
SclKCVqLe49jDFrLUopSikpJUkhqy3tNcwtaSVoJYkqDTnsMaspaylKJWoh7jXOM
YspKSFJIWsmDzWsLaspiilpJYsqDjnNNastaiVpIcwuDjnMLastiylqJWohaiGLK
c417jWsKWohSR1qIcwtzDGKKUklSCFJIc0tiylJIUkdSB0oHawtaiUoHSgdCBlKI
YslKB0IHQgZCBmMKUkdCBkHHOYY5hjGFOcZSiTmGMUUxRTFFOYdSSjmIKUYpBikG
KUUpBTnHMUYpBClFKQQxRVGIOUdBh1qKUkpKCUGHOYZSCmLMUkpCCUIJQghai2LM
YotKCUHISghrC2sLWspSCUHISglii4uOcwtiyWKJWolSSFIIawt7jHMLWopaSFpK
e05zDWrLYotaiWJKg49zDWrLUglSSWrKi857S2rKYolaSGKJg497TWrKYkliSHML
g45zTGsLYspiilqJUkhrC3tNe4xrCmKIUkhSSGtMawxailqJUkhSSHOLYwlSh1JG
UkdSCGsLWolSSEoHQgZSyGLJSkdKBkIGQgZjC1KJSkdCB0HGOcc5xkHHUok5hjFF
OYYxhTnHSkkxhilFIUUhRSlGKUZByTFHKQUpBSkGKUZByUGJOYhajFJLSglKCEGH
WkpqzlpMSgtKCkGJWktizFpKUklKCEpJaw1rDFqKUkhKCEpIYoqDjnMMastiylpJ
WolSCHMLe45rC1qJUkdaiIOMe0xqymLKWklaiYPOc0xrClqIWkhqi4OPcw1qymKK
WohqyXuNe4xrC1qKWolzTYPPcwxqy2LLYolaSFqIawl7i3tLYstaSVIIUkhzTGtL
WolSSEpHWoh7jGLJUkhSSEoISghrDFqKSghKCEHHWolayUIHQgY6BUJGYwpSyEIH
QgZBxkHFOYVBxlJJOYQpRTGGKUU5hUoIOYYxRSlFKUUpRSlFOYcxhSEDKUQpRClF
Sco5STlIYkxaC1HLSchBh1pKas1aC1ILScpBSFpLastaSlIJQchKCWMMYwxaykpJ
SghSCWqKg41yzGLLWopSSVJJUkhrCntMaspaiFJHWoiDjXtMYspiilqIWoiDzXuM
awpSR1JHYsqDznNLastailqIYomDzXtMastiSlpIe02LznMLaspiyWKIWkhaiGsK
e4xzTGLLUolSSFJIcwxzDFKJWklSSVJIe41iy1KJUkdKB0oGYwpiyVJISgdJxlqJ
YspKB0oHQgdCB2sLUohBxkHGQcc5hjmGQcdSSTmFMUUxhjFGOcVKCDmGMUYpRilG
IQUpRTnHMYUhBClFIQQpRUnJQYg5h1qLUkpJyUHHQYdSSmrNWktSCknJQchaSmrM
YopaCUnISgdrDGMLWopSSFIHUgdiyoONcwtiyWKJWklaSFIIawt7jWsLWolaSFpJ
e41zTGrKYspaSVJIg417S2LJWodSR2LJg85zTGLLYopaSWqKi457THLLYklaSHMK
g8xrCWLJYshaimJJYklyzINOe01qzGKKWohSSGtLa0taiVqJUkhSSHNMWopaSVJI
UkZKRmsKWshKRkoGSgVSiGLKSgdCCEHHQchjDEpJQcdBx0GGOYY5hkHHUko5hylF
OYUxRTnGSkcxhSlEKUQpRSlEKUU5xylFIQQhBCEEKUVJyjmHOYdaSlpKUglBiEGI
Uglqy1qKSklCCEIHWopqzFqKUklKCFJIawxrDFqKUghJyFIJYouDjnLMYopiSlpK
WglSCGsMe41rC2KKYkliSIuOe0xzC2rMWopaiIOMe0tqyVpJWkliy4PPcwxqzGqL
YopiyoPNe4trCWKIWkl7DIuOewxiiWqKYopaSFpIasp7THtMYslaiVqJUkhzS2sL
WolSSFJIUohzjFrKUohSSFIISgdjC1KKQkhCB0IHUolaykIHQgZBxUoHawpSh0IH
Qcc5hkGHQYZJx1pKOYcxRTGFKYUxxkJIMYYpRSlFKUUpRClGMYcpRiEFIQUhBSlG
ScpBiEFIYktaS1IKSclBiFIKas1aSkoJSglKCFqLawxai1JJQchKCWsNasxiilIJ
UcdaCWJKg45zDGsMYoxiS1oKWgp7C4NNcstiSlpJYkqDjXtMawtiy1pKWkqDjntN
astaSVpJYsmDznNLawpqyWKIasmDzXuLawpiyVqIe0uLznMLaspqymLKWolaSGrK
e0x7jWrJWohaSFqIc0tzS2KIUohSR1KIe4xiylqJUklSCVIJaw1aikoISkdCBlqJ
YslCR0IHQgZCBmMKSkhCBjoFOcU5xTHGOgdSijGHKYUxhTGFOcZKSDGGKUUxRTFF
KQUxRTnHKUUhBCkEKQUxRknJOYhBh1JLWktKCUHIQchaSmsMWkpSCVIJSchaSmrL
YopSSknISglrDWsMYstSSFJHUkhiyoONc0tiylqKWkpSSVJJawt7jWsLWolSR2LK
g417S3MLYolih2LIi86DjXMLYklaSGrKi857S3MLaspiiWqKg457THMLYolaSXtN
i89zDGrKYspaiVqIYolzC4OMe0xrClqIWkhaiXNMc0xiiVpIUgdaSHtMYstaSlIJ
UglSCXMMWopKCEIIQcdaylrKQgdCBkHGQgdbClKHQgU6BDnGOcY5hkIHUogxhTGF
McUxhToGQkcxhTFFKUUpRilGKUZBxylFIQQhBClFMYZByUGJQUhajVpLUgpJikGJ
UgpqzVpLUgpJyUHIWolrCmLKUklKCEoIaw1rDGrLUgtJyVIKYox7j2sMYstailqK
WklaSGsLg01rDFqKUklaioPNe4xrCmLKWolaiYPOe0xqylpIUkdqyYvOe0trCmLK
WoljCnvNc4xrC2KJYol7S4PNc0tjClrKYopiimJJcwuDTHtMaspaSlJJWopzTXNL
WolaiVJIWol7jWLJWohSSFJHUkdrC1qISghKB0HHUolaikIHQcdBxkoGYspKSEoH
QcY5xjmGOYVCB1KIMYUphTGFMUU5h0oIMYUpRClFKUUpRSlFMYcpBSEFKUUpRTFF
ScpJikFJYgxiS0oJQck5iFJLcwxSSVIKSclJyFpKcwxiy1qKSghaSXMNasxiy1IJ
SghSCGqLg45zC2LKYopaiVqIWkhqynuNc0taiVpIWomDjntOasxii2KJWomDzXtM
cwtaiFqIasqLznsMawtqymKJasqDzntMawpiylqJc0yDznNMawtiymKJYolaiHMK
e417jGsKYslaSFqIc0xzS2LJWklaiFqJc0xjCmKJWolSSFJHa0tayVJHSgZKBmKJ
WslKR0IHQgdCB2MLUklCCEHHOccxhzGGQchSSTGFMUUxhTmEOcdCCDFGKUYpRilF
KUUpRTnGKUUpBCkEKQQxRlHLSYpBiFpLYoxSCUnIQYdSCWrNUktSC1HLUclaSmrM
aotaSEnIUghzTWtMWopSSUoISkliy4OPcwxii2rMYolaiVJIcwt7TXMLYolaSGKJ
g417jWrLaopiilpJg497TWrMWklaimrLi857DGsLaspaiWMKg817TGsLWohaiHtM
g857C3MKaspiiVqJUkhrC3NMc0xrC1qJWkhaSXtMawtiylpJUghaiXNLYspaiVJI
UkhSB3MLWolSSUoIQghai1rKSgdBx0HHSghiy0pIQgdBxznHMYUxhUIIUkkxhTGG
MYYxhkIIQkgxhilFKUYpRSlFKUU5xylFIQQhRiEGKUZJykGIQYhaSmKLUglJyDmH
UglqzVpMUgpSCknIWoprDGKKUopKB1JJc01rDGKLUkpKCVJKYsp7zWtLYwpiylqK
UklSSXMLg41zC2KIWkhiiYONe0xzC2rKYoliiYONe4xrC1qJYolqy4vPe0xqy2KK
Wklqy4ONe0xzC2KJYol7TIvOc0trCmMKYspailpJcwt7jHuLaslaSFJIWkhzS3ML
YslaR1pHWoh7jGrJYolaSVpIUkhrC1qJUkdKBkoHWohaiEoGSgY5xUIGYwpKSEHH
QYdBhzmGOYZBx0pIMUUxRTGGMUU5x0IIMYYpRikGKQYpBilGOYgpBSkFKQUhBDGG
UgpByUGIWktai1JKUgpJyVJLas1aS1oKUglBh1pLcwxii1qKSghKCHMMawxay1KK
SglSSmLLg49zDGKLYsxai1JIUkhzC4ONcwtiilpJYop7jnNNastiilpJYoqDznuN
awtiilqJasuLz3NMcwtiiWKIasqDzXtMcwpiiGJHe4uEDXOLYwtiy2qLaopiinMM
g417jGsKWohaiFqIe0xzCmLJWohSR1qJc01iylqJUklSSFIIawtSiUpISgdCB1qK
WolKCEIIQgdCR2LKUkdKB0HGOccxhjGGQghKSTFGMUYxRjFGOcdCCDGGKUUpRSlF
KUUpRTnHKUQhBCEEIQUpRkoJQcg5iEpKWotKCkoJOYdKCWrNWktSSlIKSchaiXNL
YspSiEoHUglzTWsMYstSilIIUkliy4OPcwxii2KLYktaSloKasx7TnMLYoliSWqK
e417jHLMaspqyWKIg4yDS3MKYoliiGrJi85zS2sKasliiWsKg417TWsLYolaiXuM
i857S3MJashiyGKJYohzC4ONe0xrCmKIWohaSHtNawxailJJUkhaiXtMaspiiVpJ
UkdSR2tLWshSRkoHSgZiilqKSghCCDnHSkhiy0oIScdBxznGOYYxhTnHSggxhTGG
MYYpRTnHOcgpRilFKUUpRSlFKUQxhiEEKUQpRCkEMUZRykGJQYlSS1pMUgpJyUmI
UgpzDVJLSgpKCknJWktrDGKKUgpKCVIJaw1rDVqLUkpJyFJIYsp7zmsMYstiilqK
UklSSWrMe45rC1qJWolaiYONe0xyy2rLYopiioPOg41zC1pIWkhqyovOewxqymrK
YolrC4uOg05zC2KJYol7jYwOc0trCmLKYolaiVqIawp7jXuNastaSlpKWkpzTWsM
WolSSVJIYomDjWrKWohSSFJIUkhrDFqJSkhKCEIGWslSyEoHQgdBx0pHWslKSEIG
QgY5xTnGOYVBx0pIKUUphTGFMYU6BkIGKYQphCFDIUUpRSlFOccpRSEEKQUhBTFG
UgpJykFIWgpqTFoLUcpBiFIKcw5ajFJLSgpBiVpKcwxiilpJUglSCXMMcw1ii1JJ
SghaSWrKg41zC2rKYopailqKWolrC3vNc0tiiWJJYomDjntNcwxqy2qLYouDjntN
awxiimKJasqTznsMcwtqimKJcwuLzoONcwtiiWKJe0yDj3NMawtqyWrJYohih3MK
g4t7i2sLYopiimKKe05yzGKKWklaSGKJe41iiVqJUkhSB1IHawtaiEpHSgZJxmKJ
YolRx0nHScdSCGLKSghBxznHOYY5hjmGQgdKSDGFMUUxhTGFQgdCBzFEKUQpRClE
KUQpRDHGKQQhBSEFIQUpR1HKSclBiFILYo1Ry0mKQYlaCnLNYktaC1ILScpaimsM
YstaSknIUgprDXMNYstSSEoHUkhiyoOOc0xqy2KLYotiilqIawqDzWsKYslaiWLK
g417TWrMaotqi2JKi457TXMLYkliiWsKk857S3MKaslqynMLi857jHNLYsliyXuN
jA97TGsLaspqymKJYolzC4OMe0xqylqJWolayXNNawtiyVqHWohaiXNMYspaiVpJ
UghSR3NKWohSR0oGQgViyFqISgZKBkoGSgZiyUoGQcc5xzmGOYY5hkIHSkcxhTGE
OYYxRkHHOccpRSlFKUUhBClFMUU5hikEKQQpBCkFMUZRy0mKQUlaC2KNWgtRyUmJ
UglrDVqLUkpKCUnIWopzDGKKWkpJyFIIcsxzDWrLUkhSCFpJYsqDjnMMYstii2KL
UkpaCXLMe41rC2KKYoliyXuNe41zTGMLYspaioPPe41zDFqKWkpqy4vPe0xzC2rK
Yopyy4uOg05zDGLKYsp7jIvOe0tyzHLMaotiimKJc0t7jHtMawtaiVqJWolzjWML
WslaiVJIWolzTWLKWklSSFJIWohrC1pIUkhKB0oHYspaiUoISgdCB0oIWopKSEIH
QcY5hjmGOYY5x0IHMUUxRjGHMUZByDnIKUYpRilGKUYpRilGMYYpBCkEKQQpBDGG
UclJyEGHWglijFJKSchBh0oJas1aSlIKSglKCFqKawxailpJUghSCHMMcwxii1pK
UghaSWqKi497DGrKaopiilqIWklqyoONcwtiy1pIWomDjXtNcwtrDGKKYoqLj4NN
cstqSWpJcsqLzntMcwtqymKJasqLjYNMcwpqiWKIg4yLzXtLcwpqymLKYspiiXNL
g417TGsLYolaiVqJe0xzC2KJUkhSR1qJe01iilpJUkhSB1pJasxSSkoJSclJyFqL
UkpKCEHHQcdKCFqKQgdBxjnGOYY5hTmGQcdKCDGGMYYxRjFFQcg5xilFKQQpRClE
KUUpRDmHIQQhBCEEKQUxhVHJUclBh1IJYotSSEoJQchCCWsOWotKCEoJUchaSnMM
YopaSVIJUghrC3MMYopSSVIJUkliyYPOc0xqy2qMYktiS2JJcsx7TXLMYotaimKK
g857TXMLastiimKJi857jWsLYopiimrLi857S3sKawlqyWsJg8x7i3NKYslaiHuM
i857S3MLaspiiWKIWohrS4ONe0xrC2KJYopaiXtNastiilpIUkhiiXtMYolaSVII
UkdSSGsLWklKCEnISchailJJQghBxznHSghaykoIQcY5hjmGOYU5hUHHQgcpRjFG
MYYxRkHIOccpRSlFKQUpRSlFKQU5hykFIQQhBCEEKYZKCkGJQUhaCmqMWgpRyEnI
SchrDVqKUkpKCUoIWklzDWKLWktJyUoIawxrDGLLUklKCVIJYop7jXNMYstiy1qL
UkpSSWrLg05yzGpKYklqiYONe01qzGrLYopiyoPOe41rC1qKYolqyYvNe0tzCmqJ
aslzCoPNe4xzS2LIWsh7i4vMe0tzCmrIYshqiGqJewuLjXtMaspiimKJYol7jWsL
WopSSVJJWopzTVqJUolSSEpHWklzDFpJUghKCEoHWspSSEHHSghBx0pIWspKR0IG
QcY5xTmFOYVCB0IHKUQxhTGGMUVBx0GGKQUpBSkFKQUpBikGMUchBRkEIQQhBDGG
UglJyUGIWgtijVILSglByEoKaw1ailJKSglJyFJKYsxiy1JKSglKCWsLa0tiyVqI
SgdaSGrKg45zDGrKaspqilpIWkhyy4ONcwpiimJJYomDjYNOastqy2KKWomLzXuM
cwtiiGJIasmLzntMcwtqymLKawuDzXtNcwxiimKKe42LzntMcstyymqKYolqiXtL
g4x7TGsKYslaiFqJe0xrC1qKUklSSFrJc0xaylKJUkhSCFJIawtaiFIHSgdKBlrJ
UohKB0HGQcZKCFqJSgdBxznHOYUxhTmFScdBxjFFMYUxhjGGQcg5xylFKQUpBSkF
KQQpRTGGIQQhBCEEIQQxhlIMSchBh1IJYo1SC0nKQYhKCnMOYotaSVJIScdaSWsM
WotSikpJSglrDGrLYopSSVIJUkhiyoPOc0xrC2KMYotaSlpKcwyDjnMMYotiSmqK
i46DjXMMastiimKKg897jWsLWoliiGrKi857DHMLaspiiWrLi857THMMYoliiXtN
g857S3MLcspqyWrIYoh7S4OMe4xzC2KJYkliSntNawpiyVJIUkdiyXtLYspSiUpI
SklaiWsLWohKB0oHSghii1JJSghByEHHSglaikIIQgY5xjmGOYY5hUoHSgcpRDFF
MUUxRUHHOYYpRClEKUQpRClFKUUxhiEEKUUpRSEEMUZSC0nJOYZJyWrNWgpKCTmI
SgpjDVKLUkpSCUnIWklyzWKLWkpSCVIJcwxzDGLKUkhSB1JJYsp7jXNMYstiylqK
WklSSGrLg45yy2qLYklqioNNg01yzGrKYopiiovOe01rC2KJYohqyovOe0xzC2qK
YolyyouOe0xyymKJYomDjIvOe0xzC3MLaspiimKJcwuDjXtMaspiiWKIWoh7TGsK
YolSSFJIWolzTGKJWkhaSVIJWklrDFJJUghKCEIIWspSiUIHQgdKB1JIWopJyEGH
Qcg5hjmGOYVBxkHGKUQxRTGFMURCBzmHMUUhBSkFKQYpBikHMUggxiEFKQUhBClF
UglJyUGJScpijVILUgpBx1IIawxiilpKUkpKCFpKcw1ii1pKSkpKCmsNa01iy1qJ
UklaSWLLg45zTWLLYspiimKJWkhrC4OOc0xiilpJWoqDjntMawprC2LKYsqDzntN
cwxiimKKawqLz3tMcwpyyWqJcwqLjYNNcstqimqJg42LznNMawtrC2rKaoliiXMM
e417TWrLWolaiWKJe4xrCmKIWkdSiGLJc0xiylJKUglSCVpIcspaSFIIUghKB2KK
UklKCEHIQcZKCFKJQgc5xjnGOcY5xjmFQgdCBylEKYUpRSlFOcYxhilFKUQpRSlF
IUQpRTFGIQUhBSDFIQUpRlIJScg5h0nJasxaClHISYdSB2sLWolaSVIJSchSCWsM
YstailJJSghrDHMNYstaikpJUohiyXuMc0trCmLJWolaCFpJcsuDjXNMYopiimKJ
e417jXMLYspqymKKi457TGsKaoliiHLKk857DHLLaspiiWrKi857jXMLasliiIOM
i817S3MKaspqimJKYopzDHuNe01qy1pJYkpiintNcwtiiVpIUkhiynNLWslSSFII
UgdaSWsKUkhKB0nGQcZiyVJGSgZBxEHFUkdSiUIGQgY5xjGGMYYxhkIIOccpRClF
MYUxREHFOYQxRCkEKUQhRSFEKUUxhiEEIQQhBSEFKUVKCUHIOYdKCWLMUgpSCUGH
SchqzFqLUkpKSUoIUklrC2LLWolKCFIIcsxzDGKLWkpSCFpJYomDzXNLaspiy2KK
WolaSGsLg45zDGrLYopiioOOg45zC3LKYsliyYPOe41zC2KJYklqyovOe0xqy2rL
Yopqy4OOg4xzC2KJYsmDjYvOe0xzC2rLaspiimKJcwqDjHtMcwtqi2JKYot7TWrL
YopaSVJJWspzDFqKUklSSEoIWklqylpISkdCBkIGUstKSUIIOchBx1JJUopCCEIH
Occ5xjmGMYVCBznGKUUxRjFGKUY5xzGGMUUpBSkFKQYpRylHMYgYxCEFKQUpBTFG
SglJyUGHUglqjVoLUglByEoIYwxailJJSglKCFJJcwtqymJIUkhKB2rMawxiy1pK
UkpSSWLLe45zDGrLaotiilqJWklqy3tOc0xiylqJYomDjYOMcwtrCmLJYoqDjntN
cwtiiWKKasqLzntLcwpzCWqIcwqLzXuMcwtiimKKg02Lz3tMawtqy2qKYoliiXtM
g417TGrKWklaSGqJe0xqyWKKWklSCFqJcwtaiVJIUghSCFJIYspaSUoISgdKB1rK
SkdCBkIGQcVSR1JIQcdByDmHOcc5hjGFQgdBxylFKUYxRilFOccxhylFKUUpBSlF
KQUpRSmGIQQhBCEEIQQpREoLQctBiUnKYo1SCkHJQclKCWsNWotSSlIJSglaSnMN
YotaSknIUghqzHMNasxaCloJWglii4NOcwxqzGLLYopaSVpJasuDjXMLYslaiWKK
e417jXMLcstiiWJKi46DTXMLYolaiWsKhA5zTHMLaspqiXLKg457THMLaopiintM
i817S3MKaspqymqJYslzC4OMe0xqylpJWkliiXuMawpiylqJUkhiiWrLWklaSVII
SchSSWLKUkhSB0nHSgdiilIIQgdBx0HHSklSiUIHOcY5xjHFMcUxhUHHOYYxRTFF
MUUpREHHMYYpRSkFKQUpBSEFKQYpRhkEIQQhAykEMUVSC0nJOYZKCGLLUklKCEHH
SchzDmKMUktSCkoKUgpzDmKMWktJyVIJasxzDGKKWklSB1pHYsmDzXNMawtiilqL
YklaSGrKg41zTGrKYolqiYONg01zDHLLYspiiovOg0xzCWKIYohqyYvNcwxyy2rK
aolyyovNg0x7DGqJYoqDTYuNe0tzCmLJYsliiWKJcwt7TXNMastaiWJJYop7TWrK
WopaSVJJYsprC1qJWkhSSEoHWkliilJJSghKB0oHWopSR0IGQgZCBkqIUklBxzmH
OYc5hjGFMYVCBzmGKQQxRTFGKUU6CDGHKUUpBSkFKQQpBTFGMUYhBCFEIQUhBSlG
WgpRykFIUYlqjFJKSglByEHJYs1ajFJLSgpJyVIJas1ii1pKSglKCGrMcw1ii1oJ
UghaSGKJg417TGrKastiimJKUghqiouOcwxqymJJaoqLjYNMewtyy2KKaoqLjoNN
cwtiiGKIasmLzXtLcwpqymqKcsqLjoNMcstqimKJe42LjXsMcstqy2rLYopaintN
g4xzS2rLWkpaSWJKe05qy2JJWghaSGKJaspaiVJIUgdSB1pIYolSSFIHScdKB1qJ
SgdCBkIGQcZKSEpIQgc5xznGOYYxhjFGQgg5xylEMYUphSlEQccxRSkEKQQpBCkE
KQQpRSlFIQMpBCEEIQQpRVIKSclBiEHIYsxaSlIJQchJyGsMYopaSlIJSchaCWrM
aoxii0oJSghrDHNMYstaSVpIYkpqioNOew1yzGrMYotailpJasuDjnMMastiSWqK
g06DTXLLcstiimqKi82DjHMKYshiiGrKi85zS2sLaspqynMMi8+DTnMMaopqioNN
i417C3MMasxiy1qKWslzS3uMc0trClqJWklaiXtMastiiVqIUgdiyWsLWolSSFII
UgdaSGLJUkhSR0oHUgdaiUoHSgdBxkHGSkhSSUHHOcY5hzmGOYYxRUHIOccpRTFG
MUYxRUHHOYYpRSFEIUUhBCkEMUYxBSDDIQQhBCEEKUVZyUnIQYhJiGLMUkpKCkHJ
QclrDVqLWkpSCVHJUglyzWKMWkpSCVHIasxzDWKLWkpKCVIJWop7jXNNastiymLK
WohaSGsKg4xzC2rMWkpaioOOe45rDGsMaslqyIvMg4tzClpIYolqy4vOe0xzC3ML
aopqy4OOg01zC2rKaomDjYvOe0tzC2rLaspiiWKJewuDjHtMaspiiVqJWolzTGMK
WslSiFJIYspqy1pJUklSSUoIWkhiyVJHSgZCBkoGWslCB0IHQgZBxlJIUkpByDmH
OYc5hjmFOYVBxznGKUQxRTFFMUZCCDGGKUUhBSEFIQYhBilGKUYYxCEFIQUhBSlG
UgpJyUHJScpizFqLSgpByUnJaw5ijFpLUgpJyFIIawxiy1JJSghKCGLLc01jDFKK
SklKSVqKe457TWrKaspiyWKJWohrC4PNc0xqy1qKYsqDjXtNawtqy2LKYsqDznuN
cwxiiWKJasqLz3tNcwxqy2rLasuLznuNcwtiymrKg42DjnsMaspqymqKaopiintN
g417TGLKWkpaimKKe0xqy2KJWkhaSGrKastaSVJIUkhKR1KIWslKSEpISgdKB1rJ
SkZKRkIHQcZKSUpJQcdBxznFMYUxhTGGQcc5hylFMUYxRjFGOccxhilFKQQhBClF
KUUpRilGGQQhBSEEIQQpRVJKSck5h0HHYotaSVJJQcdJxmsMYopaSVoJUchaCHLM
aotaSlIJSglrDGsLYstaSlIHWkhiioNOe01zDGqLakpiSWJJasyDjnMLcstiiWKK
g417jXMLcwtqymrKi86DTXMMYopiimrLi85zS2sKaspiyXMKi817jHMKasliiYON
g457THMMastqimqJaoh7CouLe0tqymKKYoliintMaspaiVqIWkliy2rLUklSSFJI
SgdSiFrJSkdKR0IHQgdSiUoIQgZCBjnGUkhKSEHGQcY5xjmGOYU5hUoHOcUxRDFE
MYUxhTnGMUUpBCkEKQQpBSkFMYYpRhkEIQUhBCEEKURKCUnJQYdBx2LLUklSCUnI
ScdrDWLLUklKCUoIUglzDWKLWktKCUnJasxqzmrLWkpSCFIJYop7TXtMasxii1qK
YopqimrLg01zDGrLaopiiYNNg01yy2rLastiyoPOe41zC2KKYopqyovPe0xzC2sK
aslyyouOg017DGqLasmDjYuNe0xzC2rKaspqyWKIcwqDS3sKcspiiWKJasp7TGrK
WolaSVJIYsprC1qJUkdSSFJIWoliyVJHUgdKB0oHWspKB0HGQgZCBUpHSgg5hzmH
Occ5hjGGMYZByDmGMUUxRTFFMUU5xzGFKUUpRSlFKQUpBTGGKUUhAyEEIQQpBSkF
UcpJiUFHQYdii1JKSghKCEnIYotai1JKSglKCFIJasxii1pKUglKCGLMawxiy1qK
UghSCWKKe01zTGsLYstiimKKYolqy4OOc0xrC2LLYoqDjYNMcwtqymrKasqDjoON
cwtiiWKJawqLznNNcw1yymrKcwuDjXuMawpqymKJg02DjnsMcwxyymrJYsliyXNL
e01zDGqKYkpiimrLe01iy2KKWolSSGLKYspaiVJIUkhSR1pIYohKB0oHQgdKB1qJ
SgdJx0IHQcdSSUpJQcc5xzGGOYY5hjmGSgc5hTEEMUUxRTFFQccxRSlFKUUhBSEF
IQUxhylFIQQhBCEEKQUpBVILSchBiEGJYoxSSlIJSclBiGLLYopSSUoISghKCGsM
YotSikpJSgliy2sMYotaiVIHWkliintMc01qzGLKWopiimKJasqDjXNMaspaiWLK
e42DjHMMcwxqymKJg897jXMLYopiimrLi897DXMLcspqiXrLi46DTXsLaslqyYOM
g81zDHLLaspqymKJYolzC4NMc0tiyVqJaopiinNNYstailJJUgliymMLWolaiFIH
UghaSWJJUgdSCEnHSgdSikoIQgZBxUHFUkhSSEoHOcY5hjmFOYY5hkHHMYUpRClF
KUUpRUHHMUUpBCkEIQQpBSkFMYYpBSDEIQQhBCEEIURSCknJQYdBh2KLWkpSCUnI
SchizWKMUkpSCUnISghrDGLLWopSCUnIaox7DGqLYklSCFpJYop7jntNastqimKJ
YkpiiWrLg45zDGrLYkpqy4NNg017C3MLcspqyYvNg417C2KJYsprC4POe0xyzHLL
aopzC4ONe0xzC2qKaop7TYOOe0xzC2sKYspiimKKcwx7jWsLYspaSVqJYsl7TGLK
WolSSFJIYopqylpJUklKCEpHUohayUoHSgdKCEoIWopKCEIHQcc5x0pJSgg5xzmH
OYYxhjGGKUZByDGGKUQxhTFFMUVCBzFFKQQhRSEFIQUhBTGGKUUhBCkEIQQpRSFF
UglJyEmHQUdiS1oKUglByDmHYstii0oKUgpJyknJawtiylqJUghSCGrLewxyymKJ
WghaSGKJe417S2rLastiimKKWklqi4NOew1qy2rLasqDjYOMcwpzCmrKaomDjXtM
cwtiyGKJasqDzHtLcspyi2qKcsuLjoNMcspqymqJg0yLjXsLcwtqymqJYohiiXsM
g01zCmrJYohiiGLJc0xiylqJUkhaSWrKastaSVJIUghSB1qIYolSB1IHSgdKB1qJ
SgdBx0HHOcZKSEpHOgY5xjmGMYYxhjGFQgc5RTFDOUQxRTFFOccpRSlFKUUpRSEF
IQUxRikFIMQoxSDFKQYgxVIKSclBiEGIYoxaC1HJSchBh2rMYopaSVIJSclKCGsM
YstaiVJJSghiy3MNaoxiSlIJWkpiintNc0xqymLJYslaiFqIYst7jnMMYotiSmKK
e017TXMLawtqymrJg4yDjHMKYohiiGsJg81zS3MKaspiimsKg417TGsLaopqioNN
g41zC3LLaotiiWJJYolzDHuMcwxiy2KJYopiinNMYspaiVpJWkhiimLLWolSSEoI
UgdaSWKJSgdJx0HGSgdaSUoHQcZBxUHGUkhKCDnGOcYxxzGGMYYxhkIHMYUpRCmF
MUUpRUHHKUUpRCFEIQQhRSFFMYYhBBkEKQUgxCkFKQRSC0nKQYhJiGpMWgpRyUnI
QYdizGLLWklKCFHIUghrDGsLUkpKCUHIYsprC2rKWklSB1oIYop7TXMMYopqzGKK
WkliSWrKi457C3KJYklqiYNMg0x7C3LKaslqyoONe4xzC2KJaslzC4POc0xzC2rK
aopyy4OOe01zC2KKYoqDToOOcsxyy3KLaopiSWKJewuDTXsLaopiiVqIYolzTGLK
WkhaSFpGashrCVqIWohSR1JHYohiiVIHScZRx0oHWklKB0HGQcZBxkpISgc5xTnH
MYcxhzFGMYZBxzFFKQQxRTFFMUVBxzFFKQQhBCEEIQQhBClFIMQgwyDFIMUpBiEE
UctRyklJQUliTVIMSglBh0HHWopailpKUglSCUnIYsxiy1pJUklJyGKLaw1izFKJ
SkhSSGKKe01zTGrLYstiilpKYglqi4tOewxqy2qKaoqDTYNNcwtqymrIYsmDjXtL
cwtiiWKJcsqLjXtLcwpqymqJcwqLjXtMcwtiyWrKg42DjXMLaspzC2LKWoliinMM
e01zDGKKYopiiWKJe0xiyVqJWohSSGLKYspaiFJHUkdKR1qIYolSB1HHScZRx1JI
QgZKBkHFQcZaSUnHQYU5hTmFMYUxhTGGQcgxRSkFMUQpRDFFOccpRSkEKQQpBCkE
KQQxRiEFGMQhBSEEKUUhBFIKScpBiEGHWktaS1IKScdJx2KLYotSSlJJSghKCGML
YstSiVIISgdqymsLYstai1IJUklainNNc01iy2KKYotiimKJYoqDjnMMastiy2KK
e0yDjWsLaspiyWLKg457TWrLYoliiWrKg417THMLaspqynLLi417THMLaspiyoNM
g0t7CnMKcwlqyWKKaotzDHtMcwtiylqJWolainMMYspaiVpISkhiymLKWolSSEoI
SgdaSFpIUgdJxknGScdSSEHGQcZBhkHGUkhKBjmFOYUxhTFFOYUxhUIHMUUpBDFF
MUUxRTmHKUQpBCkFIQQhBCEEMYYhBBjDIQQhBClEIQNSCUnIQcdBhmpLWgpZylHJ
SYlijGKMUglSCUoJSgliy2LLWolSCEoHYsprC2LLWopSCFpKYop7TXtNaspiymKL
YopaSWqKg417DHLLaopqinsNg05yzGrLaotiy4OPe05rDGLLYstzC4uOe0xzC3LL
aspzCoONe0xrCmsKYsp7THuNcwpzCmrJaoliyWrKcw17TXLMcotiSlpKYopzTGLL
WolSSFJIYspiyVpIUkhKR0IHUolSiUoHSgdBx0oIWolBx0HHOcdBxlJKQgc5xTnG
OcUxhTGFOYZBxzFFKQUxRTFFMUY5xylFKQQpBClEKQQpBDFGIQQYwyDEIQQpRSEE
UgtJykGJQYhajFJLSgpJyUGIYotijFIKUgpSCUoIYstiy1pKUglSCGKKc0trC1qJ
UkhaSGKKg4xzS2sKYsliiVqJYolqiYNMewxyy2KJYomDjIOMewtyynLKaomDjYON
cwxiiWKJasqDjXNLcwtzC2rKcwqDjXtMcwtyymqKg06DTnMMcwtrCmLJYolqiXML
e0xyy2KKWklaSWKJcwtiimJJWkdaSGLJYslaiVJJUghKB1qJWolKB0oHQgZKB1JI
ScdBxkHGQcZSSUIHOYY5hjGGOYYxhjGGQgcpRSkEMUUpRSlFOccpRSkEKQQpBCkE
KQQxhiDDIMQgxCEEKUYYw1ILSclBiEmIYktSClHLSchBh2KLYotaSVIJUclJyWKM
YoxaSlIJUcliinMMYotSSknJUgliSXtMc0tqyWKJYolaSVpIYoqDjXsMaotiSmqL
ew2DTnLMastiimKJg4x7i3MLYoliiWrKg81zTHMLcspqynMKg417S3LKaoliiINM
g417C3LKaslqyWLJYolzC3MMcstiimJIYohqyXMLYolaSVpIUkhiymLKWkhSSEoH
SgdaSFpISgZJxknFSgdSSEIHQcdBx0HGUkhJx0HGQYY5hTGFMYUxhkIHMUQpBSkF
KUUxRjnHMUUpBSkEIQQhBCFEMYYhBCDEIQQhBClFGMNSCknJQYhBSFoLWgtKCkHJ
OcZailqLUklJykHKScpqjGqMYkpaCUnHYopzDGrLWolSCFpIYol7THtMaspqymqK
YkpiSWqKg05zDGrLYkpiinsMe01qy2rLYopiiYNNg01yy2KKYolqyoONewxyy3KK
aolyyouNe0tqymKJYop7TXtNcwtrC2rKYopiimKJcstzDHMLaspaiVqJYshzS2LI
WohSR1IIastiiVpIWghSB1IHWklaSUHHScdBx0oHUkhBxjnGQcdBx1JISgdBhjmG
MUYxRTFFMYU5xilFIUQpRSlFMYY5hykEKQQhBCEEIQUhBSmGIMQgxCEFIQQpRRkE
UclJyUmISYhJyVIKSck5xzmHSklailqKSglByEGHWkpii1pKUglByFIIYspiylqJ
SgdSB1pIcwt7TWKKakpaSWIJYgliCnLLcstqimJIYklyy3sMastiimKKYkpzDHNL
awpaiGKIaomDTHLLcotqSmpKaop7DHsMaopiiWKJc0t7THMLaspiimJKYkpiSmqL
awtqymKJWkhSSFqJcwtaiVKIUkhKR1qJWohSSEoIUghJx1pHUkdBxUHFOcVKB1JI
ScdBxzmGOYZSB0HGQYUxhClEKYUphSlGOcYpRCkEKUUpRSlFOYYpBCEDIUQhBCEE
IQQpRiDEIMQhBCEEKUUYw0GIQYhaS1IKQclByUoJQchByEpJYwxazFqLQglByFIK
aw1qjFpKSchByGLMa05ai0pJSchJyGLKe01rDFqJUklaimrMUglSCVpKYotii2IK
WglaClpKWopailrKasprC2LLWkliimrKe0x7S3LLaolaCFpIYopzTHNMYopSCFpJ
c0x7THMKYsliiWLJYolSSFqIWsljCVrJWolSSFJJUklaiVqJUklSSUpISghSSVJJ
SklKB0oHQcZBxzmFOYZKCEoIQcc5hjmFQgZCCDnHMYYpRTFFKUUpRTGGIQQhBClF
KUUpRTGGIQQhBCEEIQQhBCEEKQQgxCEEIQQYwyEEEMNByDmHUkpajFIKScpJyUHI
QcdKCFrLWstiy0pJOcdCB1rKYwtaiUpJSghaiXtNastiiloJUghiyoONe0xiylpJ
YoqDj3MMYopaSWKKe01zDWKLastqzGrMastzDIvPg45zDGKLYstzDJPOg0xzC3ML
YslaiWLKc0x7jWLKUkhSSGsLi85zS3MKaslqyntNastaSWKKaspqynNMawtaSVpJ
WopiinMLWolKR1JIUohaiWLJWopSCEoISchBxkGGScdaSUoIMYYxhkHGUghaSUHH
OYc5hzGGOcdCBylEKUQxRDFFOYYxhilEKUUpBTGGMYYYxBDDIQQpRTGFGMMYwhjD
QYg5R1IKYk1SCkoJQclJyUHHSchaSmLMWotSSUnIQghainMMWotKCUnJUkpzDWLL
WolSSFJHYsl7jXMMastaSVpKe01zDWrLWklaSntNe05zC3LLaopqiWqJaomLToNM
cspiiWKJasqDjXtMcwtyymqJaolqSWrKg41qy2qKYklqioNNcstyy2LJYolzC3tL
aslqyWKJYolqynNLYolaiVJIUkhzDGrKWklSCVIJUghaiWLKUkdKB0IHQcdBx0HG
UglaiTnGOcY5hTmGUklBxzmHOUc5RjmGSggxBTFEMUUxRUHHQcYxRTFFKUQpRTmH
KYYhBCEEIQQxhilFGMMYw0GIOUdSCmKMUklKCEHIQYg5h0HIWkpijGKMUgpJyEHI
WoprDFqKWglKCFKJc0xiylrJWolSCFpJewxzC2rKWklaSHuMc0tiyWKIWkh7TYuO
cwtyy2qLaopiSWKJg46DjXMLYopiiWrKg417THMKasliyWLJYslrCoOOcwtqimKJ
Yol7jHMLaspiiGJIcst7DGqKYoliiVJIasprC2LJWkhSSFJJYstiy1JJSghKCEoI
UkliylJIQgdBxkIHOcc5h0oIUkpBx0GHOYcxhkoIOccxhjFFMUUxRkHHKUUhBCkF
KQU5yDGHKQUhBCEEIQUxhylFIQQhBBjDKUUpRRjDGIRBiTlIUglailJJQghCCDnI
OchByVJKWstailJJScdBx1pJastaSlIIScdSCHNMYslaiVJIUkhSSGtMYspaiVKI
Wkh7THMLaspiSVoIewyDTHsLcspqy2qLYopiiXvNg4xyymJIaolqyoONg0xzCnMJ
aspqyWKIcsqDTHLKaoliiWKJe0xzC2rKYohiiHMKe0tqiWKJWolaSWrKaspaiFJI
UkhSSFrKYspSSUoISghKSFJIYspaiEoHQgdBx0HGOYZKB0pIQcZBhkGGOYZKCDnG
MYYxRSlFMYY5xykEKQQpRSlEOYYphiEEIQQhBCEFKUYpRSDEIQQhAzFFKUUgwxjD
QYg5R0oKWoxKSkHJQclBiEGIQYhaSlqLWotSSkHIQchai2LMUkpKCUHIUklzTWKL
YolSSFJIWolzS2sKYopSSFpIe0xrC2LKWolaSHNMg417C3LKYspiiWKKYomDjntM
awtaSWJJasqDjHtLcwlzCWrJYopiiWrKe0xqy2KKYoliiXtMastqiWJJYolzC3ML
YslaiVqIWkdqymrKWkhaR1JHUkdiylqJUgdKBlIHSghSSWLKUkhKB0oHQcY5xjnG
SkdKRznFOcY5hjmGSgcxhTGFMYUpRTGGOccZBCFEKUQpRDnGKUUhBCEEIQQhBDGG
IUUZBCEEIQQpRilFGMMYw0GIOUdJyVpLSglJyEHIQcg5h0HIUkpai1pLUgpJyEGI
WkpqzFpKUglJyFIIcstqilpHWghSB1qJc0xqymJKWklSSXNNYwtailqJWohzS3tM
cspqyWrKYopaiVqJe4xzTGsKWsliyWLJe4xzS2sKaspqymqKYolqynNLawpqylqJ
YkdzDWrLasliiWKJawtrC2LKYolaSFpIaopqylpIWkhSR1qIYspaiUoISgdKB0oH
UkhayUpGQgZCBUHGQcVBxkoISggxhjmGOYYxhUoGOYUxhDFFMUUxRjGHIQUpBSlF
KUUxhiFFIQQhBCEEIQQpRiEEGMQgxBjDKUUhBBjDEIJBiEFHUYliC1HJSchCCEHH
OYdByFIKYoxaS1IKQchKB1pJaspaSVIIUgdSSGsLYopaSVJJUghSSHMLaspaSVIJ
UglzDGrKYolaSFpIcwx7TGrKaspiy2KLWolaiHuMe0xrClqJYslqynuMcwtzCmrK
aspqimKKast7DHLKastiSmKKcwxqy2qKYkliSHMKcwpiiVpJWklSSWLKawtaiVJI
UghSSWLKWolSR1JHSgZKBlJIYspKB0HGScdBx0HGQcZKB0oHOYY5hjGFMYZCBzGG
KYUxRTFGOUY5RyjEKQUpBSEFMYYhBCEEIQQhBCEEMYYhBCDEIMQYxClGKQUYwxCC
QUlBCFGJYoxSSkHJQchByDmHQYhSClpLWkpaS0HIQchSSmLMWopSCEnHUghqzGKK
WklSSEoHWklzDGrLYklaCVoJewxyy2LKWkdSB3MLe0xqymrKaspiiWKJYol7jHNL
astSSVqKYot7jXtLcwpyymKJYoliiWqKe0xqy2LLYkpiinMMastiiWJJWolrC2rK
YoliiVpIWkhqymLKUklSSFIIWkhiylqISkdKR0oHSgZSSGKKSgdCB0IHOgY5xjnF
SghJx0GFOYUxhTmFQgcxhjFGKUYxRjmHMYchBSEEKUQhBDGGKQQhBCEEGMMhBDFG
IQQgxCDEIMQpBSEEGMMYwzmHOUZJyFqKSklBx0IHQcg5h0GHUglailpKUglBh0HG
Ukliy1qKUghJh1IIcwxiilpJUghSB1pJc01qzGKLUklSSXNMawtayVpIUghzC3sM
astqymKKWolaSFqIc4xzS2MJWkhiiGrJg0xzC3LKaspiymLJYohiyXtMcstqilpJ
YklrC2LKYshaiFpIaspqimKJWklaSFpIYopii1JJUklKCFIJYopaSkoHScdKB0HH
SghaiUpHQgZCBjnGOcYxxkoIQcg5h0GGOYY5h0HIMUYpRTFFKUU5RjFGKMQhBCkE
KQQxhikFIQQhBCEEIUQxhSEDIQMgxCDEKUYgxRiDGINBiEGHSclai1IJSchKCUmI
QYdBh1IJWkpSS1IKQclByEpJYspSSUoJQchaCXMNYotaClIJUghaSXMMastiiloJ
UglzDGsLYopSSFJJawxzTWsLYspiylqJWohaiHuLe0tqylqIYohqyYONcwtyy3KK
aopqilpKYotzDGrLYolaiGKIc0prCmLJWolaiGsLYspaSVpJWklaSGLKastaSUoI
SgdaSGKJUkhKB0HHQcdBx0pIWolKB0HGQcZBxjnFOYZKB0IHQYY5hjmGOYZKCDGG
KYUxRSlFOYYxRSDEKQUpBSlFOYUhBCEDKUQhAyEEMYYgxCDEIMQgxCkFGMQQghjD
QYg5R0GHWkpSCUHHSclJyUGIQYhSClqKUklSSUHHQYhKCmKMWktKCUHIUglqzGKL
UopSSUoIUklrDGLLWkpSSVIIcwxqzFqKUklSSHMLe0xqyWrKWopiilpIWkl7TXtN
cstaSWJJYop7DHLLaspqymLKYolaiWrKcwtyymqJYkhiiHMKasliiVqIYolqy2rL
YkpiSlpIWkhqy2LJWklSCUoIUkliylKHSkdKB0oHSgZSR1qISgZBxUHHQYY5hjmG
Sgg5xzmGOYYxhjGGQgcxhilFKUUpRDGFMYUhAykEKQQpRDGGKQQhBCEEIQQhRDFG
IQQYwxjEGMQpRRjDEIMYwjmIOUZJyFqKUghKCEHHQcg5h0GHUglailJKUklByEHI
Ukliy1KJSghBx0oJasxailJJUkhSR1qIcwxiy1pKUglSCXMLYspayVpIUgdrCntL
aslqyWKIWolaiFqJc0xzTGrKWkliiWKJc0xzC2rLYspiylrJWoliiXLLaspiilpJ
YkpzDGLKWolaSVJIastyy1pJWklSSVJIYspaylKJSklKSEpIWspSSEoHSgdBx0oH
UkhaiUoHSgZBx0HGOcc5h0IIOgcxhjGGMUYxhjnHMUUxRDFFKUQxhTGFIQMhAykE
KQQxhikFKQUgxCEEKQUxRiDDIMMYwyDDKUUYwxCCGMNBiDlHQYhai0nJQYlBiEGI
QYhBiFIKWotailJJQcdBx0oJYotSSUoJSchJxmrKYolaiFJISghaSWrMYspaSVJI
SkhrC2LKWklSCFIIcwt7DGrKaopiilpKWkpaCXNLcwtqymKIWohiiXtMastiymLK
WsliyWKIYolzC2rKYopaSVqJawtiylqIUkhaiWsLastailqJWkhaSGrKYopSSUoI
SghKCFqKUklKB0oIScdKB1JIYolKBkHGQcZBxkHGOcZKSEHGOcU5hTlFOYZBxzFG
KUUpRSlFMYUxRCEDKQMpAyEEMYYhBCEEKQQgwykFMQUgxCDEIMQgxClGGMQQwxDD
QckxR0HJUgtKCknJSclBiEFIQYlSC1pLWkpSCUHIQchSCWLLWkpKCEnISchqy1qJ
WkhaSEoHSghrDGKMUkpKCFIIcwxiy1qKUglSSWrLcwxqymqKWklaiVpJWklzTHMM
aopaSVpJYop7TXLKaopqiWKJWopaimKKawpiyWKJWklaSWrLYspiiVpIWkhiymLK
WolSiFJIUkhiimKKUklSCEpIUkhiylqJSgdCCEIIQghKSVqKQgdBxjnGOcU5xUHF
SkZBxTGGMYYxhTnFQgcxhTGFKUUpRTGGKYUhBCEEIQQhBDFGIQQhBBkEIQQpRSlG
GMQYxCDEGMMpRRjDGMMQgkGKOQhBiVpLUglJyEHHQcdBh0GHUglaClpKUglByEHH
Ukliy1qJSghCBkoHYwpailKIUklSSFJIastiilpJUgdSB2sKYwpaiFKIUkdqynML
YspiilqJWklaSVJIcwxzC2KKWkhSSGKJcwtzC2rKYsliiWKKWkliiWrLYspaiVqI
WohzCWLIWohaSVJIawtiymKJUkhSiFJHYslaiVqIUghKB1IIWolSSEoHSgZBhkIH
SkhSiUIGQcZBxjmFOYU5hUoGQcYxhTGEMYQxhUHHMUUxBTFFKUQ5hjFFIQQhBClE
KUUxhSEDIQQhBCEEKUUpRRjDGMMgwyDDKUUYwxiDGMRBiTFHOYdailIJQchJyEGH
OYdBhkoIWopaiVJIQcZBx0oIWopaSlIJQYdJyGrMYopSSFJIUgdSSGsKYslaiFJI
UghrDGKKYkpaSVJIawprC2LKYspailpKUglaSXMMawtiylpIWkliiXMLaspiymLK
WoliiVqIYslqy2LJWohaSFpIawpiylqIUohSR2sKaoliSFpHUkdKR1rJWohSR0pI
SghSSFLKSklKB0HHQgZCBkpHUohCBjoGQgY5xjnGOcZKR0HGOYYxRjFGOYZBxzFF
KUUpRClFOcYpRSEEIQQhAyFEMYUhAyEDIMMgwykEKUUYwxjDGMMhAylFEMMQwxjE
OYgxR0GHUglKCEHHQcdBxzmHOYdKCVpKUglSCUnIQcdRyGKKWglSCUnIUchiimKK
UklSCEoHUgdqymLKWolSCFIIastii1qKWklSCGrLcwxqymKKYopaiVpJUkhzC2sL
aspaSFpIYklzC2rKYspiylqJWolaiWKJastiimJJWklaSWsLYspaiVJIUkhqy2KK
WklSSVIJSghailqJUklKB0oIUkhailJJSghCB0IGQgZSSFqJQcZBxjnGOYY5hjmG
SghBxzFGMUYxRjGHOYcxRjEFKUUpRTGGKUQhAykEKQQpBTFGIQQhBCEEIQQpRSEE
GMMgwxjDIQMpRRjDEIMYw0FHMUZBh1pLUcpBiTmJMYg5hzmHSgpaSlJKUgpByEGG
UghiilIKSglByEoIYstii1pKUkpKCEoIYstiylJJUklSCWLMWotailIJUghiymrK
YspiilpJWklaSFJIcwtrCmKJWkhaSGKIc0tqymLJYoliiVqIWohiyWsKYslaiVJH
UkljC1rJWolSSFJIawtiilpIUklKB0oIWopaiVJISgdKB0oHWopSSEoHSgdCBkIG
SkhSiEHHQcZBxkGGOYYxhUIIOcc5hjmGOUVBhjnGMUUpRSlEKUU5xilEIQMhBCkE
KUYxhyEFIQQhBSEEKQUhBBjDGMMYwxjEIQUYgxCDEIQ5iDkHQUhaC0nJQcg5yEHI
Occ5x0oIUklSSUpJQcc5h0oIWotSSkoJQchCCFrMWotSSlIJSchSCWqLYspaiUpI
Ughqy2LLYopaSVIJYspqy2KLYotaSlpJUkhSSGsLawtiylJIUklSSWsMastqy2KI
YohiSlpKYotrDFrJWolaSFpIastiilpKWklaCWrLYspaiFKISkhKSFrKUolKSUoI
SghSSWKKUkhKCEIHOgZCBkpIUkhKBkHGQcdBxzmGOYZKCDnHMUYxRjFFOcdCBzGE
KUQpQylEOcYpRiEEIQQhBSkFMUUgxCEEIQUZBSEGIQUYxBkEGMQhBClFGMQQgxiE
QYg5RjmHUgtJyUmJQYg5yDmIOYZKCFJJWkpSCUHHQYZJyFqKSklKSEIHSkhaylrK
UolKiUJISghijGKKWklSCEnHaotqy2KKUklSCGKKastiilpIUkdaR1JHUkdqy2rM
YopSCFIIUglqy2rLYspiiWKJWklaSWKKastiiVpIWghaSWrMYopaSVJIUghiylqJ
UkhSSFIIUghiilpJUghJyEoIUglailIISghBx0HHQcdSSFJIQcZBxkHGOcY5xjnF
Skc5xTGFKYQxRTmGOccxRilFKUUpRTGGKUUhAyEEIQUpBDFFIQMhAyEDIQMhBCEE
GIMYxRiEIQQpRRjDEMMYwzmHOUc5RlIJUchJiEmIQYg5hzmGSghSSVJIUkhJyDmG
Qcdai0pJQgg5x0oIYspailJJSkhKB0oHastiilpJWklJyGLKYotaiVIIUgdiimLK
YopiilqJSkhKSUpIYwtiy2LKUkhSB1pIcwxiy1qKWopSSlpKWkliimrLYopaiVIH
WkhqymKIWkhSB0pHYspaiVpIUgdaSFIIYopSiUpISkdKCFJHWolSSEIHQgdCB0HG
UkhSSEnHOYY5hjmGOYY5hUoIQccxhjGFMYU5xkHHKYQpQykDKUM5hSlDIQMhBCEE
KUUpRSDEIQQhBCEDIQUhBRjEIMQYhCEFKQYYgxiDGIM5hjFGOUdSCUnJQYhBiEHJ
OYY5h0HIUklKCEoJQcc5hkGHWkpSSUoJQYhByGKLWkpSSFIIScdKB2LKWolaSUoH
ScZiymKJWolSR0oHWopiylqJWolSSFJIUkhSB2rKYolaiVIIUghaSWsLYspaiVqJ
WkhaSFIIWolqymKJWklaSFoIaspiiFpIWkdSR2rJYolaR1IIUghKB1qJWolSCEnH
SgdSR1qISgZCBkHGQcZBxlJIUkhBxjnGOcY5xTmFOYZCBjnFMYQxhDFFOYY5xylF
KUUhRCkEOYUpQyECKQIhAylEKUQhAhkCIQMgwykEIQQYgyDDGMMhBCEEEIIQghCC
QUg5BjlHUgpKCUHIOcg5hznHOYdJyFJJUkpSCUnIQYdBh1pLUkpByTmIQclSi1pK
UklKCEIHQghay1KKUopCB0HHYstiylpKSglKCFqKawtailqKWklSCEoISghiy2LL
WolKB0oHUkhqy2KKWopaSVpJUkhSCFKJYwtailpJUkhSSGLLWopSSVJJUkhiylrK
UkhSSFIHSgdaiVJISgdKB0IHSkhSiUpIQgc5xkHGQcZSCFIIOcc5xzGGMYYxhjGF
QgcxhTGFMYQphDnHOYcpRSlEKUUhRDHGIQQhBCEEIQQhBSlFGMMYwyDDIMMpBCEF
GMQYxBjEIQUhBBDDEIMQxEGJOUc5R1ILSchByDmHOYc5hzmHSchSCVIKSglJyEHI
QchSikpKSglBx0HHWolSSUoJUklCCEIIWstSilKJQgdKB2KKYopaSVoJSchiimqL
WolailpJUkhSB1IIYstiy1pJSghKCFIIYstiylpJWklaSVIIUghaSWKKWklSCVIJ
UghiylqJUklKSUoIWopaiVJISgdKB0IGWolSSFIHSgdKB0oHWolKCUHHOcc5x0HH
SghKSTnHOcc5hjGGMYY5hUIHMcUxhjGGMYU5xzmGMUUpRSlEKUQ5xilEIQQhBCEE
KUUpRRjDGMMYwxjDIQQhBBjDGMMYwiEEIQQQghCDEIM5iDFHMUdKCkoKQchBhzmH
OYc5h0HISkhSSUoIQcg5hkmIWkpSCUoJQchByFqKWopSCVIJSchByFKLUotSSVII
QcdailqLUkpKCUnIWoliylqJWolSSVIJSchJyGrKYspayVJHSgdSSGLLYspaiVpJ
UkhSSEpHYklqimKJWklaCFoIYspaiVJISghKCGKLYkpaSUoISkhKCFqKUklSB0oH
QgdKR1KJSkhCB0IHQcc5x0pISkhBxkHGOcY5xTmFOYVKBzmGMYUxRSmFOccxhilF
KUQpRCkEMYYhBCEEIQMZBCkEIUQYwxjEIQMYwylEIQQYwxjDGMMhBCDEEIMQgxiD
OUgxRzFHSglJyEHIScg5hzlHOUdBx1IJUglKCUHHOYdBx1qKUklKCTmHQcdailJK
SglSCUnIQcdailpKUklKCEoJWopiy1pKUghJx1qJYspiilJJUklKCFIJSgdiymKK
WolSSEoHUkhiymLJYohaSFJHUkdKSFJIWspaiVJISgdSCVqLWktSSUoISghaiVqJ
UkhKCEoHSgdaiVKJSkdKB0HHSghSSUoIQcg5h0HHQcdSSEoIQcc5hzHHOYYxhjGH
Qcg5hjGFMYUxhTnHOcYxhSlEKUQpRDGGIQQgxCEEIQQpRSEEGMMYxBjEGMMhBhjF
GIUYxRjEIQQhBBCDEIMQgzmIMUcpRkoKOgk5iEHJMYcxhzFGOYdKCEoISgg5xzmG
OYdSikoJSgg5xznHUkpSSUoIScdBxkHGWolSSFIIScdJh1pJWklSCEoGQgZaSGKK
WkpaCVIJUglJyEnIYoliiVpKSghKB1JIaspaiVpJWolKSFJIUghaSWKLWkpSCFII
UghiilpJUkhSB0oHWolaSFIISghKB0IHUopSSEoHQgY5xkoHUkhBxkHGQcU5xUIG
SkhKRznFOcU5xjmGMYU5hkIGOYUxhDFFMUU5xzGGKUUpBSFFKQU5RikFIMQhBCEE
KUUhBBjDGQQhBCEEIQUZBBDDGMMQwyEEIQQQgxiDGIM5hzFGMUZByUHJOYg5iDlI
MUcxRzmHSglKCUoJOYc5hzmHUklKCEIIOcc5hlJJUklSCEoIQcdBhlKJUolKSUnI
QYZSSVpJWklKCEIIUklai1pKUglSCUoIScZCBlrIWshSiEHGQcZSB2LKWolaSFpI
UghKCUnIUgpai1JKSglJyFIJYotSSUoJSghKCFqKUklSCEoIQchByFpKUklCCEHH
OcdKCFKJQgc5x0HHOcU5xVJISgg5hTmFOUU5hjFFMYY5xzGFKUUpRSlEMccpRSlF
KUUpRSlEMYYhBCEDKQQhAylEIQQYwhjDGMMYwyEFIMQYhBjEGMMhBSEEGMMQghCD
OYgpBikFQchByUHHOYY5hjFGMQY5iEnJSglJyDmHOUZBhlpJUglJyDlGQYdSSVJJ
SghKCEHHOYdSSVJJUkhBx0HHWkpaSlIJSchBiFIKWktaSVpISghKCEoHSgdiilqK
WklJx0nHUghqilqJUklKSEpISkhKB1JIWolSSFIISghKCGLLUopKCUIIQghailJI
SgdKB0IHQcZSiUpHSgZBxkHFSgdSiUIHOcY5hkGHOYZKCEoIOccxhjGGMYYpRTGG
OccxRTFGKUUpRTnGMYUpBCkEKQQpBDGFIMMgwyEEIQQpRSEEGMMYwxjDGMMhBBjE
EIMYgxiDIQQYwxCCEIIQgjmIKQcxB0HKSgo5iTnIMUgxRzEIOYhJyVIJSchBx0GH
QYdKCVIJSclBhzlGUklSSUoIQcdBx0HHUklSSUoIQcdBx1JKWopSSVHIQYdSCVpK
UklSSUoISghKBkoGYopiiFpIUgZJxlIGYspaiVKJUkhSCFIISchaCWKKUghSCEnH
SgdiylJJSghJx0nIYotSSEoHSghBxkHGUolKR0IHQcZBxkoHUklKCDnGOcc5hjmF
SgdKB0GGOYY5hTmFMUUxhToHMYUphSlFKUUxhimFKUQpRClFKUUxhiEEIQQhBCEE
KUUhBCDEGMQYwxiDIQQYxBjDEMMQwyFFIQQQwhCCEII5hzFGMUZJyEHIQYc5hjlG
OUY5RjmISclByUHJQck5RzmHUglKCUHIOYc5h1JJUglKCEHIOYc5h0pISkhKR0HG
OcVSSVKJSkhCB0HHSghailJJUkhKB0oIQcdBx1qKWolSSEIHQgZCB1rLUolSSEpI
SgdKB0IGSkdayVKISkdCBkIGWslSR0oHSgdBxlpJUghKCEnIQcdBx1pJSgdJx0HH
QYZKB1JJSgc5xjnGOYY5h1JJQgg5xjnGOYUxhSmEMYVBxjGFKUQpRClEOYYpRSEF
IQQYxCEEMYYYwxkDGMMYwylFGMMYwhjCGMIYwiEEGMMQwhDDEIMhBBjDEIIQghCC
OUgxBzEHOclCCTnIMYcxRzFHKUYxh0IJQchJyUHIMUY5R0nJSclByDmHOYdKCVIJ
SghByEHGOYZKCUoJSghBxzmGSghSSUoIQcdBx0oIWopSSVJJSghJyEHHQYdSSlJJ
UklBx0HGQgZaiVJKUklKCEoJSghBx1JHYolSSEoHQcdKB1rJUkhKCEnHSgdaiVJI
SghBx0nHQcdSSUoIOcc5xjnGQgdSiUHHOYc5hzmHOYZKCEnHOcYxxjGGKUUpRTFF
QccxRSlFKUUpRTnHKYUpRSFFGQQhRCmGGQQYxBkEGMQpRiDDGMMYwxjDGMMhBBjD
GIMYgxjCKQQgwxCDCEIQgzmIMUYxRkHIQcg5iDmIMUcxRjFGQYhByEHIQcg5iDFG
MYZSCFIIScdBhkGGScdSCUoIQchBxzlHUgpSSkoIQcdBhkoIWklKSUHHQcdKB1qJ
UkhKB0oHQghCB0HHUolSSlJKSghByEHIWotSiVJJSklSCEoIScdSCFqKUglSCEnG
SgdiiVJHSgZKBkHHUolKSUIIQchBiDnIUklCB0IGQcY5xUoGUkhKB0GGOYY5hjmG
SghKCDnGOYUxhTFEMUYxhjnIMUYpRSkFKUUxxylFKUQhRCEEIQQpRRjEIQQhBCDE
MUYhBBjDGMQYxBjEKUUYwxjDGMIYwykEGMQQgxCDEIM5hjFGMUZByEGIOYhBhzmG
OYYxRjmGQchKCEHIQccxRjFGSclJyUnIQYg5h0nISghCB0HHOYY5hkoJSklKCEHH
OYZKR1JISghBxkGFUgdaiVJISkhKSEIHOcdBx1KJUklSSUHHQcVBx1qJUkhSR1II
UgdJx0HGSghaSVJISgZBxkIGWohKR0oHQcZBxlJJSklCB0HHQcc5x1JJSghBxzmG
OYZByEpJQcdBxjmFOYU5xkpHQgc5hTGFMYUxhSFFMYY5xzFGKQUpBSlFMccphilF
IQQhBCEEKUQYwxjDIQMgwylFIMMYwxjDGMMYwyEEGIIYgxjDEMMhBRjEEIIQghCC
OUcxBjEFQYhBiEGIQYc5RjlGMQU5R0HJSclByTmIMUc5h0oJSglCCDGHMYZByEoK
Scg5hzmGOcZKCEoJSglByDmGSghSSVIIScdBhkoIUolKSEpISghCB0HHQcdaSVJJ
UkhBxkHGScdaSVJIUghKCEHHQcdBh0oIWkpSCUoIQcdByFKKUkhKR0HHQchSSUoI
Scg5hkHHQcZSSUoKQcc5hjmHSchSSTnHOcc5xjHFOcVKR0IHOYYxRjGGMUUpRTGG
QccxRilFKUUpRTnGKUQpRCFEIQMpRClFGMMYwxjEIQQpRRjEGMMYxBjDGQQhBRjE
EIMQwxjDKUUZAxCCEIIQgjlHMUYpBUnHQcc5hjmGMYYxRjFFMUZBiEnJQchBiDlG
MUZByEoIOcc5RjGGQchKCUIIOcc5xjnFSghSCUoIQcc5hkoIUkpByUHIOYdCB1KJ
SkhKCEHIQcg5hzmHUklSSUoIQYc5h0GHUohKR0pHSkdCB0IHQcZSB1JJUghKBznG
QgZSiUpIQgc5xjnGUklKB0nHOYZBhkGGUghBx0HGOcY5hkHHSghBxzmGOYYxhjGG
Qgg5xzGHMYYpRilGKUYxhjnHMYYpBSlEKUQ5hSlEKQMpAykDKQQpRRjDGMMYxBjD
KUUYwxjDGMMYwxjEIQUYgxjDGIMYgykFGMMQghiDGII5iDFHKQQ5h0HIOcc5hzGH
MUYpRjGGOcdBx0HHOccxRjGGQchJyUHIOYc5hkHHSghBx0HHOYY5hUoISglKCTmH
OYZCCEpJSkhBxzGGQghSiUoISghBx0HGOcc5h0pISklKSTnGOcZBx1qJUghKCEoI
QchBx0HHSghSSUoIScc5hkHHUklKCEIHOcY5x1KJSkhCB0HGQcZBxlJIQgc5xzmG
MUZByEoIQcc5hjmFMYUxhUIIOccxhjGGKUUpRSlEMYY5xylFKUQpRClFOccpRSFE
IQQhBClFKUQYwhjEGMQYxClGIMQYxBjEGMMYxCEFEIMQhBCEEIQhBRDDEIIQghCC
OUYxBikFMYg5yTGIMYcphjFFMUUxRTmHOYc5yDHHKUYpRUGISchBiDlHOUZBh0II
Qcg5hzGGOYZKCEoJQchByDGHQghSSUoIOYc5hkHHUklKB0JGQgVCBTnFOcZKSFKJ
Skg5xzmGQcdaiVJJSghKCEHHScc5xkoHUklJyEGGOYZBx1KJSghBxzmGOcdSSUIH
QgdBxznGMYZSSUIIOcc5xzGGOgdCCDnGMYUxRTFFOYZKCDnGMYUxhTGFKUQhRTGG
OccpRSlFKQUhBTGGKQUhBCEDIQMhBCFEIMMYwxjCGQMhRRjDGMMYghjDGMMhBBDC
GMMYwxjCKUQYwxCCEIIQQjmIMUcxBkGIQYhBhzmHOYYxRTFFOUVBh0nIQchByDFF
MUVBx0HHQcc5hjFFOYdKCEHHQcc5xjmGQcdKCEoIQcc5hkoHUklSCEHGOYVJx1JJ
UgdKR0HGQcZBxjnGUklSSEoHOYY5hkHHUklSSEoHQcdByDnGMcZCB1JJSghBxzmG
QcdSSUoIQcc5hjmHSkk6CEIHQcc5xjmGSkhCBjnGOcY5hTnHSkg5xzGGMUYxRTmF
SkdBxzGGKYYpRSmEKUQxhTmGKUQpRCFEKUQxxSFDIUMhAxkCKUUpRBjDGMMYgxjE
IUUYxBjDGMQYwyDEIQQQgxDDEMIQwiFEEMIQwhDCEMI5SSkHKMY5SEGIOUc5RzFH
MUYpBDFFQcZBiDmIOYcpRilFOcdCCDnHMYUpRTmHSglByDmHOYU5hUoHUgdJxzmG
OUZBx0pISgg5xzGGQchSSUoISchBx0HHOYY5hkoISkhKBzmFOYVBhlJJUkhKB0oG
Qcc5xjnGQcdKSEHHQcc5hjmGUklKBznGOcY5x0pJQgdBxznGOcU5hVJIQcY5xjmG
OYZBx0oIOYcxhTGGMYYxhkIHOYcxRilGKUYpRikFMYY5xilEKUQhAyEEMYYhBCEE
IQQZBClEKUQZAxjDIMQYxClFGMMYwyEDGMMZAyEEGMMYwxjDEIMpBRiDEIMQgxCD
MUcpBiDFMUc5SDlHMUYxRTFFKUUxRTnHOYc5hzmHMQYxBUGHSclBhzFHMUZBiEoJ
Qcg5hzlGOUZJyEoIOYY5hzFGQcdCCEoIOYYxRUHHUklByEHIQYg5iDmHOYVKB0pI
Qkc5xTmFOcZSSEpIQcdByEHIOYc5R0HIUkhKB0HGOYVBxlJISgdBxjmFOYVSSEIG
QcU5xTGFMYZKCDnHOcYxhTGFQgdKB0HHMYYxhjFGMYZKCTnHKYUpRSlFKUUhRCmG
McYpRSlEKQMpAzGFKUQhRCEDIQMpRSFEGMMYwxjDIMMhRRDDGMMYwxjDIQQhBBjD
GMMYgxjDKQUYgxCCEIIQgjEGKQYpBjlHOYcxRilFKUUpRikGKQYxRzFIOYg5iCkG
MQU5h0GHOYYxRilFMYZCBznHMYYxhTFFQYZJx0GGMYUxRTnGQgdBxzmGOUU5h0oJ
QchBxznGOYY5hTmFSgdKR0IGMYYxhjmGUklKCEnIQcdBxzmGMYVBx1IIScdBhkGG
OcdKCEHHOYYxRTGGSghBxznGOYU5hTGFSkhBxzmGMUYpRjnHQggxhilFMYYxRTGG
Qgc5xjGFKYQpRClEIQQxhjGGKUQhQyEDIUQxhSEDIQMhBCEDKUQhQxjCIMQYwxjD
IUUQwxDCEMIYwxjDIQMQghjCEIIYwyEEEMIQwhCCCIIxBikGKMUxBjFGKUYpRSEE
IQQgxCkFMQUxRjlGMUUxBDEEMUY5hzFGKUYpBTFFOcY5hTlFKUQxRkGHQcg5hjlG
MUU5hjnHOYcxhTGFMYVCCDnGQYc5hjGGMUUxRUHIQcdBxjmGOYY5hlIIQcdBxkGG
OYY5RTlFQcZKCEHHOYYxRjGGQgc5xjmFMUU5hUpHOcY5hTmFOYU5hUoHOcYxRSlF
MUU5hkHHMUUxRDFEMUQxRUIIMYYxhSlEKUMhQyEDKUQxRSEDIQQhBCEFKUYYxCDE
GMMYwilEGQMQgxjDGMMhBClFGMMYwxDDGMMYwxkEGMMQwhCCGMMhBBCDEIIQghCC
IEUghiiGKMUgxSDFIMQgxSDFKMUgxSjFKMUoxSDEIMQgxSDFKQUpBCEEIQMpBDFF
KQQpBCkEKMQxBTFFOUYxRjEFMUY5RjmHKUYpRTGGOcc5xjmGOYYxRTFFMUU5xjnG
OYUxRTFFMUVCCEHHQcY5hzGGMUYpRjnHQcg5xzGGKUUphUIHMYYxhSlFMYZCCDmG
MYY5hTGFMYVBxzmGMUUpBSkFMYc5xymFMUUpRClEKURBxjFEMUUpBCkFIQQhBClG
KQUhBCEEIQQpBCkFIMQYwyDDGMMhBBjDEIIYwhDCGQMhRBDCEMIQwhjCGQMYwxCC
EIMQgxjEIQUQwxCCEIIIgiCEIIQghCCEIIQYhCDEIMQgxCCDIIMggyjEKIQghCCE
IMQgxCDEIMMgwyDDIMMhAyEDIMMgwyDEIMQoxCjEKMQoxDDEKMMoxCjEKMQoxCjE
KMQoxCjEKMQoxCjEKQQpBCkDKQMpAikCMQQxAzEEMQMxAzEDKQMxAzEEMQQoxCjD
KQMxRCkEKQMowyjDMQQxBCkDKMMpAykDMUQpBCEEIMQgxCkEKQMhAiECIQIhAiEC
KUQhAyDDIMIYwyCDGIMggxiDGIMYwhDCGMMYwxiDGIMQghCCGIIYghCCEIIQghCC
EIIIQRBCEEEQQRCBEIEQQRBBEEEYQhCCEEEQQRBBEEEohCCEIMQgxCDDIMMgwyDD
IMMgwyDDIMQYwyDEIIQgxCDEIMMgwyDDIMMoxCDEIMQgxCDEIMMoxCjDIMQgxCDE
KMQoxCDEIMQgxCDEIMMgwyEDIMQgxCDFIMUgxCDFIMQpBCDDIMQgxCjEKMQowyjD
IIMgwyDDIMIgwiDCIMIgwiDCKMMowyjCKMMowyDCIMMgwyDDIQMgwyDDIMMgwyDD
IMMYgxjDIMMYgyDDGMMYwxjDGMIYghiCGIIYghiDEIMQghCCEIIQghCCEIIQghCC
EIIQQhBCEEIQQRBBEEIQQhBCEEIQQhACEEIQQRBBEIEQQRBCCEIIQghDCAIIQghC
IIQghCCEGIMghCDEIMQYxSDFGMQghCDDIMMgwyDCKMMoxCDDGIMgwyDDIMMowyDE
GMMgwyDDKMMggyDDIMMgwyDDIMMgwyDDKMQoxCjEKMQoxCDEIMUhBSDEIMUpBSEE
KQMpAyjDKMMowyjDKMMowyjDKMMowyjDKMMggiDDKMMgwiDCIMIgwiDCIMMgwiDC
IMIhAiDDIMIgxCDEIMQgwxjDGMIYwiDDIMMYwxjCIMIYwhjCGIEYghiCGIIYghiC
GIIQghCCEIIQgRBBEIIQghCBEIIQghBCEEIQQhBCEEIQQhBCEEIQQhBCCEEIQRCC
EEEIQQhBCEEIQQhBCEEIQSCFIIUghCCEIIUohCCEIIQghCCEIIMoxCDEIIQghCCE
GIMgwyiDKMQghCCDIIMgwyDDGMMhBBjDIMMgwyDDIMMgwyDDIMMhAyDDIMMowyjD
KMMowyCDIMMowyjEIMQoxCkEIMQpBCDEKMQpAyjDKMMowyjDKMMgwikDKMIowiDD
KMMowyDDKMQgxCDDGMMgwyDDIMIgwyDDGIIYwyDDGMIYwhjCIMIgwiDCIMIgwxjD
GIMYwxiDIIMYgyCCGIIYghiCEIIYghiCGIMYgxCDEIIQghBBEEEQQhBCEEIIQghC
EEIQQhBCCEEQQQhCCEIIQghCCEEIQQhBEEEQQRBCEAIghRiEIIUghSDFGMUYxSCE
IMQgxCCEGIQghCCEIIQgxBiDGIMgwxjDGQQYwxjDIQQgwhjCGMMYwyDDIMQgxCDE
IMIhAyEDIMMoxCjEKMMowyjDKMMowyDDIMMoxCjDKQMpAykDKQMpAyDDKQMpAyDE
IMQgxCDEIMQhAyDDGMIhAyEDIMMgwiDCKQMpAyEDIMQgxCDDIMMgxCDDIMMgwyDD
IMMgwyDDIMMYgxiDEIMYgxjCGIIYwhiCGIIYghCDEIMQgxCDEIIQghCCEIIQghCC
EIIQQhBCEEIQQhBCEEIQQRhCEEIIQQhBCEEIQQhCCEIIQghCCEIIQhBCCEEIQQhB
IMQgxBiDIIMghCCEIIUghSCEKMQggyDDIIQghCCEIIQghCCEGMMgxBjDIMMgxCDE
GMMYwxjDGMQYhCCEIIQgwyDDIMMgwyDDIMMgwyDDIMMgwyDDIMIgwiDCIMMgwyED
IQMhAyjDIMMgwikDKQMgwikDKQMowijCKQMowyjDKMMgxCDEGMMgwyDDIMMgwyDD
IMMgwxjCIMIgwijDIMMgxCDDIMMgwiDBIMIYghjDGMIYwhjCGMMYwxiDGIMYgxiC
GIIYghCCEIMQgxCCEEIQghCCEIIQghCCEIIQghCCEIIQQhBBEEEQQQhBCEEIQghB
CEIIAghCCEIIQghCCEEIQSCFIIUghSCFGIQYhCCEIIQggyCEGMMYwxjDGMMYwyDE
GIMgxCDEIMMggyDDIMMgwxjDGMMgxCDEIMMgxBiDIIMgwyCDIIMghCCDIMQgwyDD
IMMgwyDDIMMgwyDDKQQoxCjEIMQgwyDDIMIhAyEDIMIggijDKMMgwyDDIMMgwyDD
IMMgwyDDIMMgwyjDKMMowyDDIMMgwyDDIMMgwyDDIMMYwxjDIMMYwhiCGIMYghiC
GIIYghiCGIIYghiCGIMYgxCCGIIYghiCGIIYQhhCGIEYgRiCEIIQgghCEIIQQhCC
EIIQghCCEEEQQhBCCEIIQghCCEIIAghCCEIIQghBCEIghSCEIIQghCCEIIQghBiE
GIQghCBDIIQghCCDIMMgwyDDIMMggyDDIMIgwiDCIMIYwiCCIIMgwxiCIIMggyCD
IIMYghiCGIIYgiCDIIMggyCDKMMgwyDDIMMgwyDDIMMgwyDDIIMggyCDKMMowyjD
IMMgwyDDIMIgwyDCIMIgwxjDIMMgwyDDIMMgwyDDGMMYwxjDIMIgwyDDIMMYwyDD
IMMgwyDCGIIYwhiCGIIYghiCGIIYghiCGIMYgxhCGIIYghiCGIIYghCBEEIQghCB
EIEQgRCBEIEQQhBBEEEQQRBCEEIQQhBBEEEQQRCBCEIIQQhBCAEQQRBBEEEQQhAC
IIUghRiEIIUghCCEIMQghCCEIIMYhCCEGIQYhBiEGIQgxCCDGMMYwyCCGIIgwyDD
IIIYgiCDIIMgQyCDIIMggyCDIMMYghiCGIIYgiCDIIMggyCEIIQgxBjDIMMgwyED
GMMgwyDDIQMgwyDDIMMgwyDDIMMgwyCDIMMowyDDIMMYwhjDGMMYwxjDIMIgwiDC
IMEYgyDDIMMgwxjDGMMYwxiDGIIYghiCGIIYghiCGIEYgRiBGMIYghiCGIIQghCC
EIIQghCCEIIQghCCEIIQghCCEIIQghCCEEIQQRBBEEEQQRBBEEEQQRBBCEEQQhBC
CEIQQhBBCEEQQRBBEAEIQSCEIIQghBhEGIQghCCEIIQggyCDIIMghCCEIIQghCCD
IMMggxiCGIIYghiCGIIYghiCGIIYgxiCGIMghBiDGIMggxjDGIIYghiCGIMYwiDC
IMIgwyDDIMMgwyDEIMMgwyDDIMMoxCjEKMMgwiDDIMIowiDCIMIgwiDCKIIggiDC
IMIgwiDCIMIgwiDCIMIgwiDCIMIYwiDCGIIYghjDGIIYghiCEIIYghiCGIIYghiC
GIIYghiCEIIQghiBGIEQQhhCEEIQQhBDEEIQQhBCEEIQQhBCEEIQQhBCEEIQQhBB
GEEQQQhBCEEQQQhBCEEIQQhBCEIIQghCCAIIAghBCEEgxCDEGIQghBiDIIMgQyCD
IIMggxhCIIMggxiEGIQYRCCDGIMgwyCCIIMYghiCGIIYgxiDIIQgxCDEIMQgwyDD
GIMYgxiDGIMYgyCEIIQghCCEIIMgxCDEIMMgwyDDIMMgwyDEIMQgwyDCIMIgwiDC
IMIgwyDDIMMgwyCDIMMgwyDDIMMgwyDDGIIggiCCIMIgwhjCIMMgwyCDIIMYgxiD
GIMYgxiDGIMYgxiDGIIYghiCEIIQghCCEIIQghCCEIEYghBCGIIQQhBCEEIQQhCC
EIIIgRCBEIEQQRBBEIIQQRBCCEEQQhBCCEIIQghCCAMIQghCCEEIQghBCEEIQQhB
KMUgxSCFIIQghCCEIIQghCCDIIMggxiDIMQYhBiEGIMYhBiEGMMYxBjEGIMYgxhD
GIMYgyDDGIMYgxiDGIMYwxjCGMIhAyDCIMIgwyDDIMMgwxjDIMMhAyDBIMIgwyDD
IMMgwyDDKMMowyDDIMMgwyDDIMMgwyCDIMMgwyDDIIMgxCDEGMMgwyDDIMQggyDE
IMMgwiDDIMMgwiDDGMIYghiCGIIYghiDGIMYgxiDGIMYgxCDGIIQQhBCEEIQQhCC
EIIQgRCBEEEQgRCCCIEIQhCCEEIQgRCBEIIQghCCEEIYQhACGEIQQhBCEEIQQghC
CEIIQghBCEEIQghCCEEIQiDFIMUYxBiFGIQghBiEIIQggxiEGIQYhCCFGIQghBiD
GIMYgxiDGIMYgxiEGIQYgxiDGIMYghjDIMQYhBiDGIMYgyDEGIMggiiDKIMohCCE
IIQghCCEIMQgxBjDIMMgwyDDIMMgwxiCIMQgwyDEIMQgxCDEIMQgwiDCIMIggiDC
IMMgxCCEIIQgwiDCIMMgwyDDIMQgxBiDIMIgwRiBGIIYghiCGIIYghiDGIIYghiC
GIIYghiBEIIYghiCGIIYghCCEIIQghBCEEIQQhCCEIIQghCCGIMQgxBCEEIQQhBC
EEIQQhBBEEEQQQhBCEEQQRBBCEEIQQhBCEEIQQhBCEE=
END f128fast
  chw crc32 : fa62f8ab   (low byte first)
  chw crc32 : 4f7cd236   (high byte first)

-- qvga: 320x240 RGB565, resolution register 0x01, bus 8.0 MHz, recipe vendor --
  fifo      : 153600 bytes, expected 153600  
  timing    : setup 17.4 ms, expose 62.8 ms, read 154.1 ms  (0.95 MB/s over the bus)
  first 16  : 5a 0a 49 c8 49 8a 49 8c 49 4b 49 8b 39 4b 39 09 
BEGIN qvga 320 240 153600 f5084293
WgpJyEmKSYxJS0mLOUs5CTjIMMdBCElJYktiTFoLUgpKCUpJQghByDmHMUY5hzmH
QcdiymrLYolaSVpLUgpKCkHJQcpKC0HJSYlJSElHWclqi2rMYopaSlKHUkZSRlIG
ScVJxkHGQYZSClpLYopqy2sMYwxaylLKUklKCEoISgc5hkHHSchKCFJIUkdrCXtL
e0pzSmrJYohaiFqIUkdSS0JKQko6CUJKOglKCkHGScRaR3tKc4prS2sLWspaylrK
SghBx0nIUghSCFIIYsp7TXOMawtjCmLKWolSikpJSklKSEpJQkhKCFqJe017jXNL
awtiymLKWolKB0oISchKCEnIUghaiXuNe41zTGMLWkpiS2JLWkpaClIJSchRyEoI
UkhjCXNKc4tzjWMLWstiy1KKUklSSkoJSghSCFqHg4uDy3uKc0prC2LKYopailKK
UopailqIUkdSRlIGSgZKB0pHSkdjCmMKa0tzS3NKa0ljCGLKUslKiUpISghKCEoI
SghSSFKIawqDzWtLWslayFLISohKR0oISghKSUoISghSiWuNc41jC2KKWkpaS1IK
UgpSSUpISghKB0oHSgZSiGtMa0tayFJISgdKB0oIQchByEIIQghCRlKHY0prSlKI
SkdKBkoGQcZCBkIGOgY5xTnESkZrSWOJWwhKhkpGQgZCBjoHOgZCBjoHMcY5xznH
Qcc5hjmGOcY6BkqIWwpSyUJHOcYphSmFMcYphTHGMYUxhTGFOcZCB1KJUslCRznH
MYcxSDlIMUgxRilEMYUxhTFGMUYxRjFFIUQhRDoHUopCBzGGMUcpBiEGKQYpRylE
KYU5hSlEKUVCCUoJMYcpBVJKUgpJyVHKUYlRiUEIQUhBSEEHQQdJSWJLaktaCloJ
UglKCUHIQYk5SDmKMMg5CVHIYktyzGqKYkpiSlpKWgpKCUGIQck5iDnJQYlBikoM
Ys5zD2KLWopailqJUolKSUIIOcdBh0GHSchiS3LMcsxrDGLLWstailKJSghSCEmI
SYlJyVGJWgpaCWJKewt7SnNKcwtiymKKWopaSlpKUklKCVJLSglCCEoJQghKCFIH
YomDTXuNaw1izFrMWoxSS0oKSclJyknIUgdaR3MKe0x7TXMNasxiy1qLUkpSCVJK
UgpSCkoJUglqyXtLe4tzSmMKYstiilJIUgdSCFIHSkZKh1KHWsh7zXuMa0trC2LM
Ysxii1pJUghaSVIHUghaSWKKasxrDHOOc45rS2MLWspSiUqJSklKCUoJSklSiXvN
e81zzXOMYwtjS1rKUopSSlJKUklSSFJHUgZSBkoFSgZKB0oIYstjDGtMc4xzjGuL
awtqy1qKUklKSEpHSkhKR1JIUkdaiHMLg85zTFrKWspSiVpJUklSSUpJSklKSUpJ
UolzjGuMYwpiylqJWolSiFJIUkhSCEoIQgZCBUpFWsdzimuJWslaSEHGSgdKB0oG
QchKCEoJQgdSyWNKY0pKiEIGQgdBx0HGSgdCB0HHQcZBxkJHYwtjSlrKUslCSDoG
QcZJxkoHQcZBxjnFOcY6BjHFMcUxhTHFQgdSyVrJUohKRzoFKYQxxSmFKYYxhimF
KYUxxTnFQkdayFrIQgU5xzGGMUcxRjFGMUUxRTFFOYYxRilFKUUpRSlFKUU5x1qI
SgY5hDFFMUQpBDFFMUUpRSmGKUUpRDGFSkhCCDFFKQRiilJIScpJylHKUYpJSEmI
QUdBRjkGUglii1qMUktKClJKUktKCkGJQYk5SDkIOUdJyWJKcsxqi2KLYkpSSkoJ
SklCCTnKMYkxijGJOcpKC2KNas1qjGJMYktaiFKISkdKB0GIQchBiEnIWotizFrL
YwxjDWMMUopaSknJSclBiknLSctKC1IKUglainMNe05zTmsNYsxqzGKLYoxiTFoL
WcpaCVoIUchRyFHJSclJiWKMaw6DT3LOYstaimJKWopKCkoKUkpKCUoJUklrDIOO
e01zTGMKYwtaykpJUklSSVIJUglSCVIJYol7i3vLc8pjCGMIWwlSyEpGSkZKBknH
UchSSVqKe417jWtLYwpjCVrJWslSiFJIWklSCEoHUgdaSHMKc017j3MNasxqi2KL
WklKB0nISglKCVJKWoxzTYOOe4xzS2MKYspailKLUotSilKKUopSiVJJUgpSCVII
SghSiWMLawtrC3tMe0xzTGMMYwtSikpJSkdKR0pGUodaSFJIWkprTHONa4xSyVLJ
UslSyFJHSkdKR0oHSgdKB1qJc0xzjGsMWstaylKJUolSSUoISglKCEoIQcdKCFqK
aw1rTFrKSodCBkIHQcdKCEoJSclByEoFWodrCWMISodKh0JIQglByEHIOcg6BjoG
OgZCSFsLYwxSy1KJSkhCCDnIQchCCDnIOcgxxjHGMcUxxTIFMcUxxUIGUslaylKK
SggxxymGMcYphimGMYcphimGMYc5yDpHWspayUIGOYYxRjGGMYYphilGMYYpRylH
KUcpRilFKUUpRSlGOYdKSToIMYYpRimGKUYpRjFHMUYxRTFFKUUxhkpJQggpRSEF
aktSCknLOYtBy0GKQYlJiUEHOUc5R0HJWktai1qLUktSC0nKSgpBiDmHMUcxhjGH
SchaS2qMaoxiS1oKUglCSEIIQgg5yDnJOYg5iDmIQgpqTnKOYk1qjmJMWkpSCUnI
QYdBh0GHOYZBx1KJWwpjS2NLYwtiiVqJWkpKCkHLQco5iUHJSclKB0nHWolrDHON
c01jDlqNYsxizFqLUktSSkpJSklKCFJIUghKCEnHSghainMNcw1qzGLLYsliylrJ
SkhCCEpJSklKSVJJYwt7jnuOa0xjDGMLWstSiVKKUkpKCUpHSkZSRlrIc4t7zHNL
awpjCVrIWsdSSEoIUglJyFHJUglii3OOe81rS2NLWoxajFqMWktSCkoJSgdKBkpG
UodrSXuLe4tzSWsLasprC1qJSklKSUIIUklSCVpJc0x7jXuNe01rDGKLWotai1KK
WspSSEpIUgdSSFIJUglSCEoJUkliymMLa0xrTGtNYwxizFrMWotSSkoJSkpKSUpJ
SkhKSFqKawxzjWtMYstaylLISodKx0rGQoVKREoHSkdaiXNMc0xiymLKWopSSUoI
UglSCUoISchJyUHIQclSS2tNa01ay0qJQkdKR0oHQghKCEIIOcdCBlKHa0pjCVLH
SkdCCUHIQclByUHIQgc5xjnGQgdjC2sMUopKSUoJQghBx0HGQcdCCDGGMccxxjHG
McY5xjGGMYZCCFKKWotaikHIQggxRjHHMgcxxjHHKYUphDGFMYRKR1rKWopKCDnG
OcYxhilGKUYpRjGGMUYxRSlFMUUxRSkFMQUxRjnHSok6CSmHIUYpRilGKUYxRjFH
MQcxBylFMYVCR0IGKYQpQ1nMUYxJzEnMUcpJiUmJSUhBSDFIOYhJymJLYktaClIJ
SglKSUIIOccxhzFGMUc5R0GJWktqzWKLWktSCkoJSghCB0pIQgc5xjnHQYc5h1IJ
YotqzGLLYotiilqKUghJykGJOYg5iTmIOchSSmLLYwtjCmLJWslSyVKKSgk5yTmJ
QYlByknJSgdKB1JIawt7jXNNYw1azGLMWotSilKKSklKSEoIUchSCUGHQYdJyEnH
Wkp7TXNMa0tjClrJWslSiEpGSkdKB0oHSkhSSWsLe017TWsMYstii1qLWkpSSlJJ
SchSCFIIUgdiintNe01zSnMMYopaiFpIUghSCFIISgdSSEoHYwmDzHvMa4tjClqL
WotailJKUklKSFIHUkdKB1KIa0t7jHOMc0xiy2LMYs1ajFJLSglKCEpGUodayHOL
e85zznONa01iy2KJYolayVKJUohKiFLJSkhKCFIJSglKCVJJWstjDGsNcw1zTXNM
awtiylqJWklKCFKKSkhKCUIJSgpSSmsNe45rDWLLUolKikpJSkhCR0JHQkdKSEoI
UklzjXOMYwpaiVJJUkpKSEpISkhKB0oHSchJyEoIWotrDWsNWstSSEoHUgdJxknG
SgdJxkHGSgdaiGtLYwpSiEIIQcdJyEnIQclBiUGJQYhBiFJJawtjC1KISkhKCEnH
SYZBRUmGQcY5xjnGMYYxhjGGMcYxhjGFQcZai1qKSkc5xjnGKUQxhTnGMcYphSmF
MYUxhTGFSkdSiFKJQgY6BjGFMYUpRSlFKUUxhDGEMYQxhTFEMUQxRDFDOYRJxkpH
OcYpRSlFKUUpRSlFKUUhRSkFMUYxRTFFUgg5xSlDKQRaDVINUc1SDUnLSctBijnK
OYkxSDmHQclijGpMYkxSCknKScpByUHJMUcxSDFHOYdJyGKLastailqMUktSCknJ
QchRyVHJSYlBSEGJQYhaSWrKawxiy2KLWotaS1ILSctJi0GLQYpBikoLYs1izGsK
YwtiymMJWslaiVIJQchBh0GISclSCVJJUglaSXMMe017TWsLYspiy1qLWotSSlJJ
UglKCVIJUglSCUoJSglJyGKLesx7DXrOas1qzWqMYkxaSVIJUghKB1oHWkhrCnuM
e45zDWKMYotii2KLUkpSSVJJSglSCFIHYopzi3OLc4trSmLKWopaikpJSchSCEnH
SgZSSFrJc4tzy2tKa0tqy2LLWotii1JKUkpKCUoJSghSSWsNa05zjnNOaw1rDVqK
WopSSkoJSglSClJKWotzTXvPe85zjGtLYwpiyVrKWspSiVKJUklKSFpJUghaiVJI
SgZaiGLJawpzTHtOe05zDWrMYoxaS1pKUglKCUoJSglCCEpIUolzC3tMc0xjCkqI
SkhSiFKIQglCCUpJUkhSSFrJc0x7jWMLWspSiVJJUolSSUpIQgdCB0IHSgdKB2LK
c0xrTFqLSklCCEIHSkVKBEoESgVJxknGUkhrSmMJWshKR0oHSghByEHIOcg5yEHI
OcdKRmMJY0pSikpJSghKCEHHQcdKB0HHOcY5xznHOggxxzoHMcYxxjoHWspSiUpI
QgcxhTGFMYYxRjGGMYYxhzGGMYcxh0IJUopKSUoHOcYxhTGGMYYpRilGKUYpRjFG
MYYxRjFGKUQxgzGDQkVSR0HIMUcxBykGIQYpBikGKQYxBjEGMUUxRVIJOYYpRSkE
YkpaClIKSgg5yEHIOcdByEGHMUZBR0nHWopaSmJJWghaCVnJUcg5RzlHQUg5RzmH
SclaS2rNas1ajFJKUklSCVHKSYpRy0GKQYlBh0GHSkhbCWNKY0piylqKWopSSkoI
SglByEHIQYlJylpMas1zDWrMasxizFrLUklKCUIISghCCEIIQglKSUpISkhjC3ON
c0xrC2rLaopqTGIKYgpiSloJWgpSCVIJUclSCUoISgdah3NKe0tyzWrMaoxqjWKL
UklKB0oHQkdKR1KIYwqDjYOOcwxqymKKYspailqKWkpSCVoHWgdaB2rIe4t7i2tM
YwxjDGMMWstKSUoGUgZRxlIHWkhqyoONe0xzDGsLYstiilqKWopSClJLUgpSCFII
UkhrDXMOcw5zDmrMWstSilKKUkpSCVIJWkpSSVqKe457z3OOa0xjC2MJYsdayGLJ
UohSikpKUopSiVKISkZKR0pHUkliy2sMc01zTXuOc01iy1rLUotSiUpISghSSEoH
SghSCFpIcwyDjXNMYspayUqKSolKSEoHSghSSEpHSkhaynONe45rDFKKUklSSFJH
SodKRkoGSgZKR0IHSghii3NNc01ay1KJUolKCEoISkhKCEoISgZCBlrIa0lrSFrH
SodCRkJHQgdCCEIHQcZBxkHGUohrC2tLUolKiUJIQkhCCDnIQchByDnHOcc5xzoH
MccxxznHMcdCCFrLUolKiDoGMcUxhTGGMYYxhjGGMYYxxjGGOYdKCVJLUkpBxzmG
MYYxhTHFMYYxhimGKUYxRylHKUYpRjFGMQUxRkHISkoxhilGKUYpRSkFKQYpRiEG
KUYpRSlEMYVCCDGJKUgpB1oMUgxJy0nLScpJyUFISUk4x0FISUlKC2KNao1iTFoL
WgtSC0GJQYlBiTEGQUhBiEnJYktzDHMMWspSiUqISog6B0JIQkhCSDnIOcdBx1II
YopyzGrMYolaiFpJUglJyEoIQghCCEHHQchSi2LNaw1qzWrNYs1izVpLUktJykHJ
QchJyEnIUchSCFpJawtzjXvNawtiylrJWspiylqJUkpSC1ILScpByVHJUglSCUoH
YspzjXOOa01jDGLMYotai1JKSglBx0pISklSiWLLe457jnNNastqyVqIWklailJM
SctJylIJSgliy3tOe05zDXLMYoxijFoLUgpSCVHIUchJyFIJYotzTnuOc01rTGML
Yotii2qMYktSClHLScpKC1JJawpzi3uMc0tqymLLYstailpKSkdKRlKHUodiyHvM
g89zjmtNYwxaylqJYspqylpIWkhaSFpIUkhSSUoISghKCVqLYsxrDGsNaw1zTXMM
awtjCmKKWklSSUoIUkhKB1IGUgdaSHNNe45rDGLLYspSiFJHUkhSCEoHSgdKB0HG
UkhzTHMMawtaylKJUklSSEpISklCCEIIQgc6BkIHWslrC2tKYslSSFqJSkdKR0pH
SgdBx0oHScdiinMMawtaiEoGQgZBxknHQcdBx0GIOcc5x0oIYwtjDFqKUklKCEHI
QchBiEGHOYdBxznHMccxxjHGMcc5hzmGQcZiyWLJWodBxTGEMUUxRjGGKUUxRTGF
MYQxxDHFSohiiVoKSchBhzGGMYYphDnFMYUphCmFKUUpRilFKUUpRSEEKUVBx0pI
MYUpBSlFKQQpRTFFMUUpRSlFIUUpRCmEOkgpxilEKURaDFHLScpJy0GKQYo5h0HH
QYg5R0FIQUdaTGqNYktaClnKUcpJiElJSUk4xzlHQYhJx1qJawtiylpJUkpKSkoJ
SglKCUoJSchJiEmISYhRyGKKasliiFqIWodSSUnKQcpCCjnJOckxyDmIWoxSi1rK
YwtaymLKWolSSVIJSchJyEmHUchRyFnIYglaSXsMg0x7C3MLaopqymKKWkliilJJ
UklaSVJISgdJx0nHSghCB1JJc01zjWtNYwxiy1pKUkpSCUnJSclJiUnIWglyzHuO
c01rDWrLYopaiFpJUspKiUIJQglByEoHWol7TXtOcw5qzWrNWoxSSkoJSglSCUnI
UcdaCGrKe417jXNMawtiymKJWkpailJJSkhKCEoISglaSmrMc057TXNMaspqymLK
YspSSFJHSkZKRVJGWsh7i4wOg41zTGLKWkliimKLYotiS1oKWgpSSFJHUkdSCUnI
SchRyWKLcwxzTHNNe41rC2rKWolaSVJIUkhKCFIIUghSR1JHUkdzS3vLYwhayFrJ
UolSiUpISkdKB0oHSghKB1qJc01zTVrLWspSiUqIUohSiEoISghByEHGSgZKBlqI
YwlrCmLLSghCCEIIQghCSEIHOcZCBznHUklrDGLLUklCB0oIQcdJyEoIQghCBznH
OcZKB2sLastay1KKSglByEoHQcZBxkGHOYY5hjnGOYU5xTnGMUY5h0HIYspiilJJ
OgcxxiFFIUUxhjHHOYY5hjFGMYc5h0oJWopSSTmGOYY5hjGFKUQphCmFKYQphClD
KUMpQylEKQMpRDFDSkZKRjGFIQQhRSFDKUQpRClEKUQpRSkFMQUxR0IJMUYhBCFE
WotSCVHJScpSC0nLQclByTmHMUc5SEFJYk1iTFpKWklaCEHHQclBSDlIMQg5SUFJ
SYpaSWrLYkpiSlJJUglSCVIIUglKCEHHSYdJhzmGSchqjGrMasprClpKWgxSDEnL
SglJyEGIQYdJyVpLYoxiynLMaotiiloKYgxaS1IKSclKCkIJSclKCVIJYot7TYPP
c81ji1sLYspaimKLWopSS1JLUgpRy0oLSctBiknLUglijHOOc45zjmtMYwhax1pG
WkZJyFIJWkpSCVqJawuDznuNcwxrC2qIakhiSVpJSkhKSEoISgdKB2LKe457jnON
a0xrTFrKWopSR0oIUghSCFIHUcdiiXuMg81zTGsLastii1pKWkpSikpKQgdSSFoI
Ykl7DHuNc4x7jGsKaspqy2JKWkpaClIJUclKB1pJe02LzoONc01rC2LKYspqymqJ
WkliSloJUkhSSVJISkdKCEoIUklii2sMc01zTXtOcwxrDGKKUklSSUoJSglJyVHJ
UclSCUoIcwyDjWtLWspayVKISolCR0JHQkdKSEpISkhSi3NOc01iyWLLWolKR0pI
QgdCRjpFOkVCRlIHUgdiiXMLcwtiylJIUkhCB0IHQkdCRzoGOgdCCFKKYwtaykqI
QkhCSEIIQgdCB0IGOcY5xToDSoVrSGMKWotKSVIIUchRyEnGOcU5hznHOYc5iDHH
MccxxjGHOYdByFqLWsxKSjnIMYcphCmEMcUpxjGGOYg5iDlIOYdKCFrKUolBxzmF
MYUpRClEKUQxhilFKUUpRSlFMUYxRTFFKUQpREIGSkg5hSlEKUQpRCkEKUUpRTFF
KQQxRTFEMYVCBzGFIQQpBGILYgtRiVHKUgtJykGJOYk5iDFHQUhBSVoLaotiS1oJ
UchJyEGHOYY5xznHMYcxh0HJWgxqjmpOYk1iClnJUglRylILQcpBykGJQYhBR1HK
ao1qjGKMYoxai1KKUkpKCUoJSchByEGHUgliS2qMaox6znLNaotai0oMSgtBy0HJ
SghKCEoIQchCCFqKY0xzzmtMYwtjC1LKSopSzVJLWkxSS1ILUgtKC0nKScpJyVII
YopzTXONc0xrC2MJYshSh1IGSghSCFHIWglaSmsNe497j3MNasxaSlqKWotSSlIJ
WglSCFIIUgpiy3OPc49rTGMLWwpaylKJSghKCEoISghSCFJIYsqDjIOMewxqy2LK
YspiilqJWopSSUpJUklSB1qJawp7jHuMc05ijGLNWoxaSlJJSghSB1HHSgdaiXuN
g857jmtMYwtaylrKWsliyWKJYkpaCVJKUkhSSFqJSkdSSFqHYslzC3tMc0xzTWtM
WwtTC0rKSklKSUoJQglKCUpKSghCSGtNc45rTFrLWstSykqJSkhKB1IIUglKCUoI
WoprTWtNYwtiylrJUkpSSkIJSklKSEJHSkdKBlIGWohrC2sLWslKSEpJQklCSEJI
Qgc6B0IHQgdSiWNMWwtSiUpHQgdCBkoGOgY6BjnGMYU5xlKIY0tjS1LKSklKCUnI
SYhJiEnIOcg5xznHOck5yTHIOcgxhznISgliy2LLUopByDGGMYUxhTGGKUUpRDlG
QYc5hkGHUklaykpJOcc5hzlGOUY5hTGFMYYpRilGKUYpRTFGMUYxRTFEMUVBx0pI
OYYxBSkEKQQhBClFKUUpRSlFKUYphTGFQkcxhSlFKUVhyWHJYclhyVnIUYdRh1FJ
SQg4yEEJQUlaCmqLaopiSWJJSgtByjGIOcc5hzmHOYZBx1qIcwtrCmpJYgliCVpJ
UclJikGJScpJiknJQYhJyGsLawtiymLKYoliiVqJUkhKCEoIQcdKBkoGYolqjHMN
cw5qzWLMYotaTFILSYlByUGJSclSCFIIWklaiXtMe417jHMMYwxiy1qLYkxaTFIL
UgtJyUoJSglKCUnISclJyVpLaw17TmsLYsprDFsKSshKSUIISchJyFoJWgpyzXtP
g49zDWrMYs5ijVpMUkpaSlJKSghBx0oIYst7TXuNa0xrS1rJWshSh1JHSgZKB1II
UklSSFqKe457jmsMYs1ajFqMWspaylrKSkhSSEpIUghaiXtMg817jGtLawtiylqK
UkpSCUnHUghSB1IGYslzjHwNe4xzS2rKYopiymrKYoliiWJJUkhSR1JHSkdSRkpG
WkZah2rJcwp7C3sKe0pzSmLIWshaiVJJUkhKSEpGSkVSRlJGWsdzS3ONY0tay1qK
WkpSSUpJSklSSkoKSghKCFqLa41rTVrLWopaSlJIUkhSSEoISkhKSUJHQkVKRVLH
a4prC2LKWklSCFIISkhCB0IHQgdCB0IHUoljS2MKUolKR0oHQgZCBUHFOcQ5xDnE
OcVKR2LLYstSiVJJSghBx0HHQcg5xznHOcc5xjnGOcY6BjnGOcY5xUoHWopiylJI
QgcxhSlFMYcxhzGGMYYxRjFGKUUxhkpJWspKSDnGMYU5hDmEOUM5RDGEKUQpRDEG
MQYxBikGKQYxRzFGSchSSTFFMUUpBCjEMQQxBTFFMUUpRDFEKUQxhUpJMUUpBDEE
WcxSClHKUghJxknGScZJSEFIQUg5RUGHWkpizVqLUgpSCknLUcxJi0FHQUZBRkFG
SUdaCGqKaotiSloJWglSCEoIQcdByUGJQYlBiUFHSchyzGrLaotiSmJJYklaCFoI
UchJx0nHSYdaCVqLYwxjDGLMYsxay1qKUktKCkGIQYk5iUGISclSCVpIWodzSnuL
c0xjC2KKYkpiTGJMYkxaC1ILUgtKClIJSklCCEJHQgdbCmuMc4xrSmMKawtaikpI
SghKCEnHUcdZyGJKcst7jXuNc0tqy2KMYoxaS1JKUkpSSkoJSchBh1qKc017jmsL
a0xiy1rKUklSSEoHQcdKB1JIUgdqyoONg81zTGsMYopaiWKJYohah1JHUkhKB0oH
WslzTHNMc4xzTGsMYstiiVqIUkdSB1JHSgdaB2LJe4yDzXuOa01jDGMKYwpayVqI
UohSSFJIUkhKSFIJUklSCUoJUkljCmtKa0prSnOKc0trDGKLYotSSVJISgdKR1JI
UolSSVqJcwx7jXNMYspayVKJWkhSCUoJSglKCkoKSkhaiXONa01iymLJWolah1JG
UkZShkoGQgZCBkIGQgZSimsMawpaikoJQghCCFJJQghKCEHHOYZCCFKKWwpbC1KI
SodKRkIGQcVBxkGGQcZCBkIGUkhrC2LLWopSSUIIQghCB0HHOcc5xjHFMcUxxTnF
OcUxxjGFOcdSCWKKYopSCEHGMUYxRzGIMYcxRzGHMYcxRilFMYZKyFrJSog5xjGF
MYUpRSmGKYYphiFFKUcpRykHKUcpRyFFKUUxRkIHSkgxhClEKQQpAykEKQQpRClF
KUQhRClEOYZKCDFFIQUYxWJMWkxSCkoJWclRylnKSUlBSUFJOUlBiVILao1iTFHK
UgtSC0nKQclBiEFIOUdBiEmJUgpizFrMWsxKilJKSghKCkoISghCCEoJQYdBh1HI
aop7DHLLaopaSlpKUglSCUoISghBxzmHQghaimLKYstjC2MLYwxaylqKUghKB0oH
UgdRx1IIUghaSVKIawtzS3uMa0trC2KKYotizGLMWktSS0pLSgpCCEpISghKB1IH
YolzTHuMa0tjCmLLWoxSjEIJQglKCUoIUglaCWqLg457jXNMYspiymLKWslaiUpI
UkhSSEIHSkhqy3tNe45zTGsMYwtSi1JLQglByFJKUgpJyEoHYsuDzoPOe41rDGLL
YstiylrIUodSR1JIUghKB1pJcwxzTXtNe01iy2KLastiylqKUklKB0oGSgZix3tK
g81zi2tLawtiy1sKWslaylKJWolSSVqJUklSSVJJSghSSVKLYwxrDHNNc01zTXMN
aw1ijFqLUklSCVIJSglSCVJKUglaSnMNg09rDFqJWslKSEpISkhSSEIHSgdKSEpH
WslzjHOMYwtay1KKUolKSEpISkdKR0pHSkdCBkIGWslzi2uKUshKh0KGSoZKh0JH
QgZByDGGQchaimMMawxSikpIOcZCB0HGQgc5xznGQgdCRlqIawpiy1qKUklKSEIH
QghCCDnIMcc5xznHMcYxxjnGMYc5hzmHUglaimKKUghBhjlFOUY5hzFIMUYxRzlI
MUcxRimGSolSyUqHSgdBxjFFKUYpRilGMUcpRzFHKQcpRjGGKUYpRilFKYdCSkIJ
MYYpRDGFKUQhBCEFKUUpRSEEKQQpBDmGQggxhikFIMVaCloLWctJiUmJSYlJykFJ
QUg5RzmGQcdaiWKLYotaCVHJUclRikmJOUg5SDlIQYlBh1JJYsxSi1KLQglSilJJ
SclRyknHSgdSCUGIQYdJyWKLas1izFrMUktSjFJLUchRyEnHQYZBhkGGWolqymsL
awtqzGrMYsxiyVpHUgZRxlHHUchSCVHIWghSiWtMe81zjGsMaspqymrLYspaiUpI
SkhKSEpJSklKCVJHSgdKB1qJc01zTWsMWstiy1qKUopKSUpJSklKSkoJUkpjDHvP
e85rTFrKYspiyFqHWolSilKJUklKCFIJYsxzjXvOc41rC2LKWopaiUIHQghKCUoI
UghaSGrKg86DjXNLawpiyWKJWolSSVpJWklSSVIIUgdaCHMLc0t7jHNLawprCmLK
YolaSFIJSgdSSFJIWsd7i4QNe8xrSmsMYstayGLIYslSh1KHUohSikpJSgpSDFIL
SgtSjGMMY0trTHNNe0xzC3LLaspiiVpJScdSCFIIUglSSlJJWopzTXvNYwpayVLJ
SolKiFIHUghSCEnIUgdSCGKKe0xzTWLLWoliiVKJSkhSiVIIQkhCCEoIQgdCCFrK
a4xri1LJUohKiEpIQkhCSEIIQcg5yEHIUkpiy2rLUghKB0oIQcdBx0nHQcc5hjmG
QcZaiWsLawtailJKSglByEHHQgc6BznHQgg5xjnGOcZBx0GGOYY5hUoEWsdix1JG
QYY5RzEGMUcxRTFFOYY5hjmHOUdBh1JJWopKR0nGOcY5hTGEOcUxRSlEMUUxhSlE
KYQxhTFEKUQpRCmFQgk6CDGGKUUhRCFEKUQpRCmEKYQhQykEKQU5iEnJMUYxBijF
WotaC1oKWcpJykmJSYpJikFIOQdBRkGHWglii1pLUglSCkoKSclBiDlIQYk5SEnK
QYlSC2LNYs1ai1qMYotSCUnKScpJyUnKScpBiEGKUctiS2KLas1iy1rLWktSC0nK
SclBiUHIQcg6BlKKaw1rDGsMasxiy2LJaslaiEnGQcdByEoISchSCFqJWop7jXuO
a01rTWsMawxay2JKYkpaSlJJUglSCUoJSglKCEIISghainONe45zTWtMawxiy1qJ
UghZyFoIWchZyFoIasuDjIPNc0piyGLJYwpayFLHWkdaBloGWkdaR2LJg417THNN
awxjC2LKWolKB1JISgdSB1pIWkhqyYOMi4x7CnLKcspqiWqJYoliiWKJWohaR1IG
WkhzSoPLe8tzSWtJYwpayVJIWklSSUoIWklaCGKIe0uLzYOMc0xrC2MLYstiy2KK
YotaiVJHUkdSSFIHSgdSCFJJUopjC2tKc0pzTXNNcwxqy2qLYkpaSVIIWkhKBlJF
UkdaSFJJe02DjnNMasxSilJJSklSSVIJUghJx1IIUklay3NNe4xiyWLJWohaiFKI
UolSiFJHSkdKR0IGSkdayWuNa0xSykqISkhKSEpISkhCSDoHQcdBx1qKawxjC1KI
SgdKCEHHQcdBh0HHQYdBh0nHWklzDGLLUopSikIJQghJx0HGQcU5xUIGOcU5xTnF
OYY5hzlHOUZKCFLJWwlKSDnGMYYpRSlFMYYxhTmGMYYxhjGGMcdKSkqLQko5yDHG
KcYphSmFKYUpRTGFKQUxRTGFMYcpRSFEKUQpREpHQgcxhilGIUYhRiFFIUQhRClE
KUUxRTFFQYZJxzlFMQQoxFqLYktaCkoJSglByDmHOYc5STlJMQhBilIMYo1aTFIL
UgpJyUnISchBiDGHOYg5yTmIUotjDmLNYoxiDGIMWctJy0nLOcgxxzoIOcc5hkoI
WoliymsKYspiyVqJUglKCFHJSYhJiEFHQYdaiWMLawxjDFrLYstailoJaotJiEmJ
QclByUoKUkpKSFKJa02DjXuNa0trCmLKWopaiVqKWopSiVJJSklCCEpHQgZKBknI
WopzTXNNa01jDGLKaoliiFJHUgdSCFIJUglSCXsMg457TXMNasxii2LMWotaSlJI
WghaCFoIWghiyXvMe8xzSmsLYspiy1rKSgdKR0IGSgdSCVHIaouLjYONc0trCmrK
Yotii1pKWopaSlpJUghJyFpKa01zTHuNe01rC2sKYspiylqJSklCCEIJSglii3tN
g457jXMMastqymLKYsliyVqIWktSS1JKSkpCSkpJQkZKSFrJYwlrSXOMc417jXNN
astii1pKWklaSFJISgdKR1JHUolKiHuMe81rTGMKWopKSEpJSklKSEpIQghKCEoI
WolzTXNNYstailJJUklSSVJJSkdKCEoHQgZCBUIFWsdrSWsJWohSSFIISghKCEoI
SghBx0IHOcday2sNawxaikIHQgdBx0IIOcc5hzmHQYdByFqKawxiylqJUkhKB0oG
SkVCBEIFOcU5xjnGMYUxxjnGMcUxhTGFQghaylLJQkc6BSmEKUQxhjnHMccxhjGG
MYYxRjnHSklKikJJOggxhymGIUUhRSFFIUQphiFGIYYphylIKUcpRylGIQZCCkIK
MYcpRiEGIQYhBiEGIQYhBilGKUYhBjHHOcgphiEFIQVai1pMUgpSCVIJSchBh0HI
OYc5iTmIQYlKC2KMYktaCloKUcdRx0nHSchBiDlKQUo5R1JJawtqzGKLWkpaSlpM
UgpKCEHHOYZBxzmHQYdJyFrJYwprCmsLWspSiFJISkdKCUHJQYk5h0HIWotizGsM
c0xqy2rLYotaS1pKSchRyEmIScdCB1KJUoliinsOg097DnrNcstqylqJUspSyVKJ
SolaSlIJUglSCVIIScdKBmrKe0x7TGtLawpayVqKUklKCEnISghKSUJHUohrS3vP
c45rTWsNas1izVpLWktiilpIWolaB1oGYseEC3wLa4lrSWMKYoliSVoIUghSB0oH
UghaSWrLg82DzXuMawprClqIWohaiFpHYolaCVHIUchaSWsMc4x7jHNNawtiymLL
WotSSkpLSgpJylIJYoqDjYvOg45zTGMLYwtiylrJUshSiFKJWohaSFpKWkhSR0pI
SkhaymMLawxzTHuMe017TGLLYotailpJYkpaCVIHSkhSSFJIWolrS3vNa0xTCVLJ
SolKSUpJSkhKCEpJUghSCGKKe417jWMLWspKh0qHUohSR0pHSgdKBkpIQkdKR1qI
c4pzSWLHWkdKCEoIUkhKSEpHQgZCBkIGWoprDGLLWkpKCEIIQchCCDoIOghCSToI
OghSSXNMYslaSVIIScdJxkoGQcVCBUHFOcU5xTGFOcY5xTnGOYY5hkoJWotaylJI
OcY5hTGFMYU5xjHFMYQxhSmEMYUxxkJJSopKCUHIOUYxRDFEKUQpRClFKUYhRiFG
IUUhRilGKUYpRimGQkk6CSmHKQYhBSkEMUUxhSlEIUQpRSlGKUVBxkIIKUUZBCEF
YkpaDFoMSYtBikmLSYpJijlIOUhBiUGJUgpizFqLUktKCUoJSglJyUnKQYtBCkFK
QUpSCXLMawxailJIUkhSSFJIUchRyFGJSYg5h0HGScdaimsMYwtaylrKUolKR1JJ
UghKCEHHQYdJx2KKastyyXKLcstiiWKIWkpSCUmIUchJhknHSgdSR1JHWohzC3uM
e01zDGrLastiilqKWohaiFqIUglSCVIJUgpSCVIIUghqyntNg4xzC3MMastiiVpJ
UglKCEoISghKCEoIawt7zXOMa0tjC2LLYsxqjFJLUkpSR1pIWkdSBmrJasqDzXOL
a0pjCmrJWohSB1HGUchJiFHJWgpqy4vPg41zTGsLawxSSVpJYspaiWKIWkhaB1oH
WoZzinvLe8xzi2tLaspjClqKUkpSSlHJUglSB2rJe4yMDYPNe4xzC2MKWwpSyVKK
UopaSlpLUglaSVpJWkhSSFIHWkhrC3MMc0x7jHuMcwprCmLKWopaiVqJUkhSSEoH
UklSSFJIcwyDjmsLUslaylqKUklSCVJJUklKCEoIUklainuOe01iylqJUkhSSFKI
QkdCRkJGSkZCBUoFSgVah3NJc0hixlqFUkZJyEoJOchByDnFOgVCRlLIa0trS0qH
QkZCRjoHQgc6BzoHQgZCBTnEUodzi2MJWslSiEIGQgdJyEHHOcY5xjnGOcY5xjnH
Occ5hjmHOYdJyFqLWotKCTmHMUUxhTmGOYYxhjGFOYY5hTGFOcZKSFqJSkg5xjGF
MUUxRSlFKUUpRSlFIUUpRSEFKQUxRjFFOUUxhkoIQcoxSCkHKQUpBTFFKUUhRCFE
IUMpRCmEOgZCRylDIQUhBWIKUkpKCUHJQYlJykmKSYpBSjEIOQo5SlHLYoxai1pK
UglJyUoJSglJyUGIOUo5SkGLWotqy2rKWolaSFKIUohKiEpJSkpKSkHKQYlBiUnK
WktqzGrNYoxii1JJWopSSUoJSghByEGISYlijGrMcsxzDWrNaoxiS1pLUkpJyUHI
QcdKCEoJUglaSWKKcwx7TnuNaw5izWKMWkxii2JLYopiiloJUgpSSkoJSgdSB1IH
aspzjXONc45zTWrMYotailJIUkdSB1IISghaSXNMg86DznNMYspiylrKYspaiVKJ
SkhCR0JHUkdrC4OOg89zTWtMawpayVKISkhCB0pIUkdSB1pIcsuLjoPOe01rC2ML
WslSiVKJUklSSUoKSglKCVqIc0tzjHuNc4xzTWsMYstii1pLUglSCVIJUclii3tN
g86DjnNMcwxqy1rLWsxazFKLUotailpJUkhaR1JIUglaSlqLYsxrDHMNc05zjHNL
awpiyWKKWklaSVpJUghSSFJIUkhaiXMMg45zDGKKWkpajFJKUklKCUpJQglByUoK
WoxzTXNNYspayVKIUklSSkIIQglKCEoJQghByEoIYstzTXNLYslaiFIISgdJyEHH
OghCCDoGQkZSyGtLYwpKiEpIQcc6CEIIQghKCEIHQcc5xVKIa0trC1rJUolKSEII
QglByEHIQcdBxzmGQcZBxkHGOYU5hTmGSglai1qLSgk5iDGHMUYxhjGGOYc5hjFG
OYY5hkGHUklaSknKQYk5SDFIMUcxRylGKYgphymHKUcpRilFKUUxRikFMUZKCUHJ
MUcoxykHKQcpBylHKUYhBilFIUUpRToIOcghBSDFIMViSloJUchRyFHIUclJiUmJ
SUlBSEEIQUhRymqMaotiSloJScZRyFHIScdBSTlJOQk5iEoJYsxjC1qKUkpSSlJK
Sko6CTpJQkk6CDnIOYdByGKLasxrC2KKYsliiVpISklCCEIJOchByEmJYktyzXLL
cstqymqKYopiilHKSYlKCjnJQglCCVIJUgdiyHNKg8x7jnMMYotii1qKWotai1qJ
WolaSVIJWklSCUoJSglRyWKKc0x7TXNMcwxqy1qJWohSSUpHWgdaCFoIWkh7C4PM
e8tzjGtKYsliyWKJWkhSiVJJSghaCFIHasp7jXuNc01rTWMMYstSikoISgdKCEoI
SghaSGsIg8uDzHtLcslqiGqIYoliiVpIWklaSFpIUghaSXNNawt7jXNNc0xzC2rL
YotiSlIJUglSCVoJYsh7i4PNe4xrSnMJasliyGLKYspaiVqJWolaiVpJWklSCVHI
WgliS2LMawxzTXMNcw1zDWrMYopiyFqIUodSSFJISkhKR0qIWspzTYOOcw5ijFqL
WotaikpIQgdCB1JISghJx1qJe05zTmLMUktSS1JLUktKSkoJUglKCUnIScdKBmLJ
c0trTFrKUkhKSEoHSgdKB0JHQgY6BUJGUshrCmLJUkhKB0IHQgc5x0HHQghCCDnI
OYdSiWMLYwpaykqJQglCCTnIOcg5xznFOcVBxDnEOcRBxEHFOYU5hkoIWolaiUoH
QcU5hTGFMYUxhTGFMYYxhjmGMUU5hlJJUklKCEHGOYUxhDFEMUQxRDFFKUUpRilG
KQYpRSkFMQQxBDEGSglByDFGKQYpBSkFKUY5BTEFMMQpRTFFKUU5xznHKQQowyjD
YoxaS1JLUkpSCkHJQclByTmKOUk5CUFJScpiTGpMYgtRylHJUchByEGHQcg5h0mI
SchSCWrMYsxai1JLUgtKDEoMSctJy0nIQchJyEHHSghqy2sLawtqi2KLYkpaCUoI
SghCCEIIQchByFqMas1zDGsLaslqyWqJWklJyEHIQchJyEoISghKCVJJWotzTYOO
e01zDGrKYopii1qLYopiiVqIUohSSlJKSkpKCUpKQghiynNMe41zTGsLYstailqJ
UkhKR1JIUgdaSGLKcwyDjXuMc0xrS2LLWopSSlqKWkhaR1pIWkhaR2KJc417jXNN
cw1qzGqLYkpSCUnJUglJyUoJWkpqyoPMg8t7imsJYshqyGrIYodih1pHWkpSSUoJ
WkprDXuOg457TWrMYwpiylqKUklKCVJJWkpSSGLHe4uDzHvNe0tzCnMJcslqiGKJ
WopaSVpKYopaSWJKUchSCFIIUohiymtLc0tzTHNMawxrTGLLYspaiVrJSodKSEqI
SkhKiErIa0t7zWtLWolayVKJUolSSEpISghKCVJISkZiyHNLc0xqy2KKWklaSFJJ
UkhSSUoISghKCEoISgdiynNMa0xjC1JIUkhKR0IGSgdKBkoGSgVKBmLJawpjCVJH
SgZKBkHHQgdCB0IHQgY6BkIGUshjS2MLYspSSEoHSgdKBkIGOgU5xTnFQgY5xTnF
OcUxxjmGOcdKCFqKWopSSEHHOUY5hjmGOYYxhTGGMYYxhjGGOcdSiVKJSgdBxkHG
MYQxRDFFMQUpRSlFMUUxRSlEMUUxRTFFKQQxRUoJQcgxRjEFMQUpBCkFMQQxRTFF
KUUxRSlFOcg5yClFIQQgxFqPWo5KDEoMSgtCCUHJQclBijlJOUk5SEnJYoxijFpK
SgpRy1HLQcpBikGJOUhJiUFIWglzDWrMYsxSS0oLSgtSClIJUclRyEnIScpJikoL
YstrDGsMYspiilpLUgpRyVIKWgtJykGJScpaS2rLc0xzDGsLWslaylrKUkpKCUnJ
SglKCUIJSglSCWKKe06Dj3uOcwxqy2rLastii2KLWkpaSlIKSgpCCkoKSkpCCVJJ
WotzTnNMc01zDWrMYotii1pKUglSCEnGUghaSnMMg4+DT3MNasxqjGLJYslaiFpI
WkpaSloKWglrC3uOg457THMMcwxqzFqKUklKCFIKUgpKCVJIYsuDzYPNc0trCmrK
aspiyWKIWopii1JKUkpKCVJKc057jnuOe45zTWsMYstii1pKWglaSlpLUkpaioOO
g857jHuMc0trCmLNYoxijGKMWkxaS1pLUgtSC1IKUgtSSVqKasxzDHtMe017TnNM
a0taymMKWohSSlJJUklSSVJJWolaiWtMg85zTVqLWopailKKUopSSUoISklKSVJJ
WspzjWuMYwtailKJSolSSUIISkpKSkpJQglKCUoIYstzTGtMWspSSUpJSghCCEoJ
SclByEHIQcdiyWsJYohShkIGQkdCB0IIQgZBxkIGQgU5xVKIYwtay0qKSklCCEIH
QgZCBjoGOcc5xjmHOYZBh0GGOUc5hzmISglajFqLSglByDmHOUY5RzlGOUg5RzlH
OYgxh0HIUotSikoJQcg5hzFGMUYxRilIMUcxRylHKUcpRSlFKUQpRCEDMYVKCUHH
MYYpRTFFKUUpBSlFIUYpRilGKQUpBkHJQcgpRSEEIQNazGKMUkxSTEnLScpKC0oL
SchBiEFISYhRyWrMWotSSkoKSgpBy0nMSYtBijlJQYpBx1pJawtrDGLLWotaTFIK
SglJyUmISchJyEoIQcdByGLLcwxyy2qLYopai1JJUklSSUnHUgg5RknIWkpqy3MM
awtyi2qLaktiSmILUcpJykHJQclByVIKUkliiXtNi857jnNNa0xjC1rLYotii1pL
UgpKCFqKUklKR1JHSgZSR2LJe0x7TXMMawxqy2LLWspSiFJHYgdZx2IHcgpzDIuP
e05qzGrMastiymLKYopailpJWkpaSkoIawyDznvNc0xzDHMMYspailJISkhSSFJI
UgdaR2rJi817jXNLa0piymLKWopailpKWklaSVJIUghaiXtNe46DjnuOc0xzCmrL
aopiSVpJWkpSCloJaouDTYvOe41zjGsLYwpqymrKYstiiVqJWopSSVJJUgtSS1JL
WolayWsLc0x7TXuOe45zTGsLawtaylJJUklSSVpJWklaCVpJYopzTnvPc0xjC1KJ
WslSiVKJSodKCEoISglKCFrLe45zTmLLWkpai1pKUklKCEpJSkhKSEoHQgdKB2MI
c4prSVLJUkhKR0pHSgdSB0oHSgZJxkoGWslrS2LJSkhCCEIIOghCCEIIQgdBx0HG
QYVaiXMLawpaiFJISghBxznHQcY5xTnFOYVBxjmGQcY5xjGGOYc5h0oJYspSiUIH
QcY5hTmFOYU5RDlFOUU5RTmFOYQ5xlKJWolKCDmGOYY5RTGFMYQxhTGFMYYxRzEG
MQYxBjDFOUZBRjmHUko5xylEIQQpRClFKUUpRSEEKUUpRTFFMYVJx0nHMQQhAxkD
YkxaCloKSclJyknKScpByjmIMUc5iDmIQglay1rMSktKSkpKQglCCUHIMUg5SUGJ
QYlSSWrLastiilpJUklKCEoIQchByDmHQYdBx0HHScdiimrLastqylqKWopSSUpI
QkdCRzoHOcZCCGLKc0trC2sLas1izGKLWktaSUJIQgdBxkIGQgZKh0qHWshrTYOP
e45rDWsMawtiy2LKWkpqS2IKWglaSVIJScZKBlIGWkZqiINLewxzTWMMYsxqzGKL
YkpaCVoJUcliCFoJes2Lj4OOc01zDGMMYstailqKWotaSVpIWkdah2sJg82DzXNM
c0trC2LKWopSSUoIUkdKRVJFWoZrSIQMg8tzS3MKcslyyWrIaslSR1qIWohSRlJG
aoh7S4OMg82DjXNMYstiymLKWolSSVJKUglaSmKLe06Dz3uPc01izGrMYstailqK
WopSSVqJUopSSlJKUklSSVJIWslzC2sLc017TXNNc01rDWLLWotaS1pLUkpaS1JL
UklSiVqKc417jWtMYspayVKISkhKhkqGQgVCB0JGSkdjC3OOc01iy1KKUopSikpJ
SkhKR0pGSkZSh0pGSgVqyXMLawtaiVJISkhKSEoISghSSUIIQgdCB1rJY0tbCkqI
QghCCTGGQcdCB0oIQcZBhknHUklzTGLLUopSSUHHQchCCEHHOYZBxzmHMYUphTHG
OccxxjGGOYZKR1rIWshCBTnGMYUxRTmFOYY5hjmGOYY5xjGFOcVSiVKKQgc5hTFF
MQUpRSlFMYYxhzFGMQYxBjEGMQcxBzEHMUc5iEpLOcgpRSEFIQQpBSlFKUUpRSlF
KUUpRTFFSghCCCEDKQMhA2KLYotaCUmJUYpJikmJQUg5CDEGOUdBh0nIYsxii1JK
UglSSFJISkc5xjnGOcY5hUmFUcdiSmrMYotaS1IKSclSClIKSglByUHJUgpByUoI
astqzGLMYo1iTVIMUgtCCkHKQglCCEHISghaimLLcwxrC2MKYspaylqKUklKCEoH
QcdCBkpHSkdSSFpJe0yDjoOOcwxqy2qJaolqiWKJYotaSlpKWkpSSUoISghSSFJI
Ysp7jXtNc0xrDGsLYstiSloKWghSCFoJYkpiSnLLg42DjWsLYspiyWLJYolay1rK
WopaSVJJUklrCoONg817jHNLawxizFqKSYdJyVIJUgdSB1pHawuDzoONe0xzDHML
cstqimKJWklSSVpKWghaB2qHe0mDy3vMc4xrS2MKYwliyVqJUohSSEpIUkhiyntN
g8+DznNLawprCmrLaotii1qLWgliSloJUkpaC1pKUklSSGLIawprCnNNe01zTWtM
awxiymKKWklSCFIIUglaSVpJWgpSiWtLc4xjClrIWshSyFKISklKCEIISklCSEpI
Wwl7jHuLYslah1qJUklSCEoHSghKCEoIQgdCB0oHYslzC2sKUohKh0pIQgdCB0oI
QghCBzoGSkZayGtJYwhKhkKIQkdCSEIHOcY5x0HHOcdCB1KJa0xbClrKUolCR0IH
Qgc5xkHGQcZCBjmGMYYxxznIOcc5xzmHSkdayVrJOcc5xzGGMYYxhjGGMYcxhjGG
MYcxRjnGUspKikJIOccxhilGKUYphimGKYYhRSlGKUYpBikGMUcxRilFOYdKCjmJ
KQcoxykGIQQpRDFEKUQpRClEMUUxRUHIOUgpBykGIMRiC2pMWgxJikmLScxJi0lL
QQk5CDmIOYhByVqLWoxSS1JKSklKSUpJQgg5xzmHQchCBVJHYwlrCmKKYopaSlpK
UkpSCUHJQgk5yUIJQclRymqNao1ajGLNYo1aS1JLSktCSjoJQglByEHIUkpzDXNM
a0xrC2KLYs1ajVJLSglByUHHSghKCUoIUkliyntNg46DTntNcsxiyWrJWshayGLM
SkpSSlJLWkpSCFIIUkhSSGLJe417jXuNawtqzGrMYopaCVoIUghSB1pHWklzDIvN
g85zTWsMawxrDFqKWopailKJUklSCFIHawqDjIPMe01yzGrMasxaTFpLSgpKClIK
UghiSnLMi4+Dj3sNcoxyzGqLaotqilqKWolSSVoIWklaiXNLe8x7zHvMe0tzCmrK
YspaiVKJUohSSFJIYsqDz4PPe41zTGsLaspiymKJYoliiWJJWolaSGKJYolSSFJI
UkhaiWrKcwt7S3tMe0xzTGsLYspai1pLUgpSClIKUkpSSFJIWsh7jIONYwpaylrL
UopSikpJQkhKSUpJUklSSVrKe41zjWMLYspaiVJJUklKCVIJSglCCEIISgdSSGLK
c0xrTFrKSkhKSEpHSgdKSEpIQcdBxkoHWslrSmMJWohKB0oISkhKSEIIQgc5xznH
QgVaiGtJYspSiVJJSglByDnHQcdBxjmGQcc5xjnGQghBx0GGOYY5h1IJYstaiUIH
OYcxhymHMYcpRjlHOUc5RynGIYUyB0qJQolCBznGOYYxRTFGMUYxRjFHKQcpBjEF
KQUxRSlFKUUpRTGGSgk5hylFKUUhBSDEKUYxRykFKQUpBCkEMUVKCDmGKQUpBSDG
WgtSC1IKUgpKCUHJQclBiTmJOUg5SDlIScpijWJKWgliCloKUclKCkHJOYhBiUHI
OYdKCGLLYstiymKKUklSSUnKQcpJyknKQclByEHISgliy2rMYsxrDVqLUopSi1JK
SklKCUHIQchCCFKKc01zDXMNYsxiy2rMYoxaSkoISchJyFIJUklKSFKHWshzi3vN
e41rTGMLYstiylqKWkpaSlIKUglaSVpKUklaCVoJUghii3NMc4pzi2NJawtrC1qL
UklSCVIJWgpaCVoJcw2Dz3uNc0tyy2rKaopiylrKUolSyUpIUolSiWtLe817jXtM
cwxzC2rLYopaSVJIUglSCVIIWgpyzIOPg49zTmMMcsxqimLJYsliyVqIUkhKB1JI
WolzTIONg82DjHNLawlrC1rKUolKiUqJSkhSSWLMg4+Lz3tQcw5qzGrLYstaiVqK
YsliiFpHWkdaiFpJUklSCVJHWohyynMLe017TXtNe05qy2LKYolaiVpIUkdaiFpI
WkdaSGLKe0x7jWtLWslayVLJUslSiEJHSkhCSEpIUkljCXvMa0tjClrJUohaSFJI
UkhSiVJIQgdKB1IHUkdiyWtMa0xaykpISkdSSEpHSgdCBkIGQgZCR1LJWwpbClLJ
QkdCR0pISkhCCEIIQgY6BkIIUspjC2sMWopSSEoHQgdCB0IHSghBx0HGQcVBxUHF
QcVCBjnGOcZKSFKJWopKSTnHKUYxRjGHOUc5hjmFOYYxhTGFQgdSiVKIQgZCBjHF
KYUxhTGFKUUxRTFFKUUpRilGKUYhRSlFKUUxhkpIOcYphSlEKUQhRClFKUYpRSlF
KUUpRClFQgcxhSlEKQQpBGJLYktaClIKSclJiUlJQUlBSEEIOUc5h0HIWktqzFIK
UkpSCknISghBx0GHOUc5R0mIUcliy2LLWopSSlJKUglJyEmLSctJikGKQYpBikoJ
WotjC2MLYwtazFKMUoxKS0IKQgo5yDnIOglSi2MNY0xjC2MKYspaiVqJSglJyEHI
QchByEoJSklSSVpKcwyDjXNNc01rDGrLaotiS1pLWkpSi0pJUklSCkoJSchSClIK
WopzTHuMe0xrCmsKYotailJJUgpaCloJWglaSnNMg42DjXNMYwxajFqLWsxSiVqJ
WolaSFpJYoprS3vNe81zjGtMYstii2KLWklSB1IHUgdSR1pHawqDjIOPcw5qzWsN
astqy2KKYopaiVpIUkhSRlpHewqDjIOMe0trSmtLawxiy1rJSklKSUpJSklai4OP
g897jmtMYwtiymLKYoliSWKKYolaSFpJUklaSVpJUglSSFqIawpzCntKe0x7jXON
awtbCVrJUohCSEpIUklKCFpJWkliyXuLg8xrClrIWohSSFpJUgpSClIJSglKCEpI
YspzjWuMWspSiVJIUghSSVJJSklKSUIIQghBx0oHYsprS2MLWotKCkoKSgpKCEnH
QgdCB0IGQgZbCWNJWwhKh0IGSkdCCEIIOcc6CDoIOgZCB1KKawtrS1KJUkhKCEoH
SglCCEHIOcU5xjnFOcY5xjHGOgY5xjnGUghaSVJKSgk5hylGKUUxhjFGMUYxRzGI
MUcpR0HJWktSS0HHMYU5xSlFKUUpBSkFKUUpRiFFIUUhRSlFIQQpBjEGOYhKSjnI
KUYpRSFFIUQhRCmFKUQhRSEFIQYpRkIJMUcpBSjEKMRii2JLUgpKCknJSclJR1FI
SUc5BjlGOYdByFqLWotSSknIWgpSCUoJQcc5hzmHOYhBSUmKWktizGLLWopSSkoK
UkpCCkIKQgo5yUnJQYhJylKKYwxjDFrLWopailqLUkpJyUHJOck5iDnIUoxjDXNO
aw1rDGrMYstaikoISghKCkHJOYhKClILUktai3NOg89zTWsMYstay1KMWoxai1rK
SopKSkpJSkpKSkoJSglKCWKLe057TXMMawxrDGLMWktRyVoKWglaCVoJWglzTYPN
g81zTWsMasxizGLLWolaylqJUkhaSGKJcwuDzYOOc41rTWMMYwxii1oJUchSCFII
UghaSWrMg8+Dj2sNas1iy2rJaspqyWJKYktiTFpMUgpiinNMe417znOOawxqzGLN
WoxSSlJKUklSSUoIWomDjoPNe45zTGMLYwpiymLKYolaSFpIWohSSVpKWklSSUpJ
WopiymsLc0x7THNMe4xzS2MKYspailqJUkhKCFJJUklSR1pIWoh7jIPNc0tiylqJ
WolaiVKJUkhSSEoHSkdKBmsKe4xzS2KKWklaiVqKUklKR0pISkhCCEIHSgdSSGLL
awxjDFqLUgpSCVIJUgdKB0IHQgdCB0oIWwtrTGLKUkhSSEoHSghCCEIIQghCBznG
QcZaimsNYs1Si1JJSghBxkHHQcdBxznGOcU5xjnHOcYxxjHHMcYxx0KJUstKiUII
OccpRSlFMYUxhjGGMYYxhjGGKURCBlqIUkhCBjmFMYYpRTFFKQYpBijGKQUpRilG
IUYpRilHKQYpRzGHSko5xylFKQQpRSEEKQQxRSkEKQUpBikGMUdByTlHKMUgxRiF
WktqjVHLScpJylILQYlBiDlIOUg5SDmIQclajFqMYktaCVoJWghKCEoIQYdBh0GI
QUdRyWrNaw1qzFKKUkpSCVJJUopKSUIIOclByUGJSclai2sLawtjClrJUslSiUpL
QgpByUHKOYlByWKLcsxzDXMOaw1ijGKMYotSSEnHScdJxkIGQgdKSEpIWotzTnvP
c45rTWLLYstaimLKYstSikpJSkhKCUpKSklCB1IHWgdqyYOMe4xzS2LKawpqymJL
UglSSFpKWkpKCEoKcw6Dz4OPc01zDXMMastii2KKYoxaS1JLUklSSGsLg82DznOM
awxjC2MLYotSSVJHUglKSUpKUktjDXwQe89rTWtMawtqy2rKYklaSWJJYklaSVpJ
YopzSoPMe8x7jHNLawxqy2KLYkpaCVIIWkhaSGLKg8+Lz4OPe01zDGrMYoxijFqM
WotaiGKIaohiiFKHUodSiFqIWohrCnNLc0x7jXuNc4xrC2LKYstSSVJJUghSCFpI
UkhaiVLJc417znNNastiimKKWopaSVoJWglZyFIIUkhrCnuMc4tiyVqIUopSikqK
SklSCEoHSghKCEoISghrC3NMawtiylqJSgZBxkpIQkhCSEIIQghCCVrMYw1ajFKK
SklCB0IHSkhCCDnHQcdBx0HHUkliy2sLUopSSEoHQcZKBkIGQgg5yDnIOgc5xjoF
MgU6BTHFOgZKSFJKUopCCCnGGUQhhSmGMYYxhzGIMUcxRylGOchSiVKJSgg5xjmF
MUUxRikFMUYpRiFFKYYphilFKUUxRilFKURCB0pIOccxhilGKUYpRilGKUUpRClD
MUMxQzlFSgc5hSkDIQMgw1qMWoxKCkHKQYlByUIKOYg5hzGIOYg5R1HIaktyjGoM
WgtRykoKQYk5SUGIOYhBiEGIUglqzXMMasxaSlJJUglSCVHIWclZyUGIQYlJyjmF
YspqymsLawtiiWKKWklaSVHKSYlJyUGISclaimsMcwxrDGsMastqy1qKUklCCEHI
SghByEoISghSikqJa0x7z3uPaw1qzGrMYspiimrLYotSCUoJUklKR0pHSkdKR1pI
asqDjXuNc0xrC2MKaspiiVpHUkhaSlpJUghaSntOi9B7j3tOawxrC2rKaslqiWKK
WklSSVJJSglrC4PPi897S3MLastaiVqIUkdSRlJGUgdSB1qKawyMEIPPc01zDWsM
awtiymrJYohaiFpHUkdSB1qIc0x7jYONg417THMLaspiimKJWghSSFJIUkliy4OO
i8+DjntNcwxqzGrMasxii1qLWolailJJUolSiUqJUohSiGLJawtrDHNNe45zjXNN
awxiy1rKWopSSVJIUkhSSFJIUkhaynONc85zTGLKWspaiVpKUglKCFIJUglSCVIJ
WstzjmtNYstai1qLUkpKSUpJSklCR0pHSkZCRUqGYwlrS1sJUshKR0pGSkZCRkpH
SkZCBkHHSghiy2sMWstKSEpIQgc5x0IIQglCCDnHOcdBx1KJa0xjS1KISkhCBkIG
SgdKB0oIOcc5x0HHOcU5xTHEMcQxwzoFSkZSiFKJQcc5xylFKUQxhTmGMYUxRjFG
MUYxRkHIWopSikIIOcYxhilFKUUpRSlGKUYhBikHKUcpRilGKUYhRSlEQcZKBzlJ
MUgpBykHKUYpBSkFMQUpRTFEMUQ5hUnHMUUhAiEEIMRajFqMUktSS1HKUclRyUmI
SYk5SUFIQUhRiXJMeo1qTEpMSkxCCjnKQcpBijmJOYk5iUnJYstzC2LKWopaSlpK
UgpSClHJSYhBiEnISclSCWLMaw1rDGrLWolaiVKJUkhKCUnLScpBykGKWkxrDHMN
cw1qzGrMYotii1qKUghSCEnISchSCVIKUktaimtMe417jXNMcwtqimqKYkpii2KL
UopKSVJKSklKB1JHSkdSSGsKe4x7jHMLawprCmsKYslaiVqJUkpaSlIIWkl7TYvQ
e49zDWsMaw1qzVqKYopiimJKWklaSUpIYwt7znvNe41rS2MLYwtaylJJUklKCUoJ
WkpiCnrMk46LznuNc0xrC2sLYwpjCGLHYodaR1IIWkliinMMe02DjXuNcwxrCmsJ
asliyFrIUkdSSVpJYoqDjovPg457jXNMaspiiWKKaotailpJWolKiUqKSolKSVJK
UglaimsMcw17jnuOe05zDWsMWstay1qKSopKiVJJSklKSUpIWspzTXuNa0xjClMJ
UspSy0oKSglKCUoJSglKSWLMc49rTVrMWoxai1JKUkpSSlJJUkhSSEoIQgZKCGLL
c01jC1KJSkdKR0pISgdKB0oGSgdCB0pHWwlrSmsJWodKRkIGQcZJx0nIQchByEGI
SclajHMOas1SikpIQgdCBzoGQgdCCDnHOccxhjGGOYYxhjGFMYY5xlJIWspSSkIK
MYcpRylHOYc5hzFGMUYpRzFHKUc5yFKLSos6CjGHMUYxRjFFMUUpRTFFKUcpBjFH
KUcpBilGKUYpRjnHSkkxhjFFKQUpBCkFKQUhBSkFKUUpBDFFOcU6BimEIUMZQiFD
WktaS1IKWgpaCVHISYhJiUGIMUcxRjFGOYdai2KLYopSS1JKSgpKCkHKSck5iDmI
OYhByWLNawtrC2LKUkliS0nIUghSB0oGQgZBxkHGScZiiXMLaspqy1qMUkxSC0oL
SgpByUGJScpByVILao1qzHMMcw1qy1qKWopaS1IKUgpJiEnIWglSClJKWoxzT3uO
e4xrS2sKastaSWJLWglaCVqJUkhSSVJKSghKCUoISgdiynONe41rS2NKYwtiylqK
UklSCVIIUglaCVpKcs2Lj4OPcw1qzGrMYotaS1pKWopaiFqIUkZSR2sJe4yDzXvM
a0prCmsJWohaR1JIUghSCFpJYklyy4vOi857THMNawxrDGsKYslayGKIYkhaSFJI
WolzTHvOc41zTGsMawtrCmLKYopaSVpJWklaSWKKe46ED3POa0xjS2sKaspqy2KK
WkliilqJWolSiFJIUklaCVIJWopzDXNMe0x7TXtNcwxzDGrLYopiSlIJSkpKSkpK
SkpSSWLKe4yDzGtKYshiyVJISklKSUpKSkpKSUIISkhjC3OMa0xiylqJUohKClIK
UgpSCUoISkdKB0JHSohbCmOLawtaiVpIUkhSR0oGQcVKBkIGQcZBxWLIa0lrCFJG
SkVBxkGHSghByEHJOckxiEHIUotiy2LLUklKCEoIQgc6BjoGOgYxxTnHOcc5hjmG
OYU5hDmFOcVSiWLMUok5xzGHKYUpRTGFMYYxhTGFMYUxhTGGOcdSS1JMQggxxilE
MUQxBikGKQYxCDEIKQYpRilGKUUpRSlEMUU5x0pJMQUpBCkEKQQpBCEEKQQhBSEF
IQUhBTGGQggxhhjDGMQhA1nJYkpSCVHISclJy0GLOYkxSDFIMUU5hkHHWolai1qM
UkpCCUnKUgtJyjlGQUZBBUlGUYdqinLLastii1pLWkpKB0IGUkdKBkHGQchBx0oI
WopjCmtLYwxajVKMUktKCUoHSgdBxkGHQYdijGrNas1zDmrNYstaiVrKUolCCEHI
UchRyUoJSglaSlqLc02DjnuNc01zDGrMYotii2KKWoliilqJUghSSVJIUklSCFII
Yot7TXOMa4xrS2MLYstaSloJYgliCWIIYghiSINNi4+DTnMNasxqzGrMYsxai2KL
YopaiEpGUkdiyIPNg857jHNKaspqymrKYghaCFoIWghaB1pIcsqTzovOe01zC2sL
YstrDFqJWoliilqJUodSSGKKc0x7TYOOe0xrS2MKYwliylqJWkhSSFpJWoliynuO
g897zmtMawxqy2rKastqy2KKWklaSFqJYolaSFpIWgdaSGKJcwtzSntLcwp7THML
awtqy2LKWolaSVIIUglRyFHIYkpqxoOKg4pzSWrIYshaiVKIUkhKCFIJUglSCFJJ
awtzi2tKYspaiVJJUkpSikpKQklKSlIJSgdKB1KIa0lzS2sJWodaRlJGUgVSRUHG
SgdSB0HFSgZiyWsLYslSR0oGQgVCBUoGSghKCEIHOcZCB1LJY0tjClqJSghJx0oI
QcdCBjoGOcU6BTnHOccxhzGHMYcxh0GIUkhaiVKJQgY5xSlEKYQxhTGFMYU5hTGF
MYUphToHSohSyEJHOgUxhSmFKUUpRSlFKUUpRTFFKUUhBClFKUUxhilFMcdKSDGF
IQMhRClEIUQhRCFGIUUhRiEGKQY5hjmHMUUpBSDEIMRii2KLUklCCEpJQclJykmJ
OQk5CUEJOQZBR1oLaotiilIJSghByEnKSco5iDmJOYg5h0HJWoxizmLMWotai1qK
UkhKB0JHQgdBxknHSYdJx2KLasxqymMKWslayVKJQghJyEnISchJyEGIWoxizWsO
c09rDmLNYwxSiUpISgdBx0HHQchCSUpJSoliS3sOg057TGtNawtjC1rKWspaylrL
YotailIJUghSCEoISkhKSGLKe417jWtMYwtjDGLMWstailqKWkpaSloJWkpzDIuP
g45zDWrOYw5azVrNUoxaimKKUolKSEqJWsp7zoOPc01zDHLMastqi1pKUghSCFIG
UkVShmMIhA2EDnOMa0prC2sLYspailqKWotSSVJJWolijHNNg457jXuNc0prCWsJ
YslaiWLKYolaSVpJasqDzovPg45zTnMNasxii2rLastiiGKIYopiimJKUchaCVoJ
WkliimsLc4tzjHPMc0tzS3NMasxai1qLUklSCVIIUghSCFqJYsh7i3uLawtiylqJ
UkhSSEpISglKCkoKSkhKSGNLc4xzTGsMWopSiVKKSkpKSUpJSklKCEnIQYdKB2sK
c0trClqJUkhKR0pHSgdCBkIHQcc5xUoIYstrDFqKSklKCEnHSghBx0HHQcdBxjnG
OcZaymMLaspaiVJISgdKB0nHQcY5xjnGQgZBxzmHOcc5xzmIOYg5hkpJUopKiDpG
McUpgymDMcUxxTnGMYYxhimGIcY6R0rIUohCBjnGMYYpRSlFKUUpRikGMQcpRykG
IQUhRimGKUcpRznHSkkxhiFEIUQhRSFFIUUhRSFFIQQhQylDOcU5xylFIQQhBSEE
YkxijFpLUglRyVHJSYlJiTkJOQlBSEFIOUpiTGqNUkxSS1oKSglJykGKOYk5iTmI
OUhBiGLKYwpiylqJWopai0oJSglKSkIJOchCCEHHQchaSmsNasxii2KMWkxaC1GL
UYtRy1GKUcpRyGKKasxzDXMNasxizFrLUopSSknIQchCCUoJSglSSlJLWktzDYPP
e45rDWMMYwxizGKLWkpaSlpJWolSSFJGWkdSRlJGSkZjCXuNe8xzi2tLa0tiylqJ
YkpaSVJJUkpSClKKawx7j3uPe0xqzHLMastbClrJUohSiUqJSklSimsLg86DzXuL
c0tzCmsJWohSR1oIWghaB1JGWoZjB4QLhAt7jGsLaspyynLKaoliymKKWkpSSlpK
YspzTIPOe85zjWsNaw1rDGLKYopaSlpJUglSSWrLg86MEIPPc01rS2sLaspiymLK
WkliiWJIYkliSVpHWkhaSVpIYklqy3NLe4x7jHuMcwxrC2LKWohSSFJISgdSSFKI
UohaiVrJc417jWsMYstiilpIWohSR0oGSkdKSFIIUkhrC3uOc01iy1qLUopSS1pL
UglRyVIJSchJx0HGUkZrCXNKasxii1IJUglKCEnGSgZKBkHFQcVKBmLJa0taykJI
SklCCDnHOgdCB0IGQgZCBkHGWoliy2LLUopKSUIIQcdBxkHFQcZBxjmGOcZBxjmG
QcZBhkGGOcZSiFsKUslCSDGGKUUpRTGGMYY5hjmGMYYxhjHGQgdSiUpIQgc5xjFH
MUYxRiEFKQUpBSkFKQUpBikGKUQpRTFGMUVBxkoHMUQpBiDFIQUhBikGIQUpBSkF
KUUpRTnHQgkpBiDEIMQgw1oKYktaClHISclJyUnKSUpBSjkJSUlJSEFHWktyzlHJ
UgpSCknJSclBiTmJOYg5h0GHUchqynMKYwlSiFJKUkpKC0oLSgtByUHJQchBiEHI
WolrDGsMYstaimKLWkpSCEoHQcZBxknGUcdaSmrMcw1zDWsMYstii2rMUktKCjnI
QchByFIJUglaSFpJc0uDzIPMc4pjCWMJYwpay2JKWklSSFKIUohKR0oHSghKSEpH
Wsl7jHuNe4xzC3LKastiilpKUgpSCVIJUgliimrKg42DjnLMaoxqzWqMYolaiVqI
WohaiFJIWkhrC4OOi857jXNLcwlqyGqHWgdaB1oIUglSCVpKasuMDoPOe41rCmsJ
awlrCWKIYotii1oKYgphyWpJg02DjYONe05rTGMMa0trClJIUklSSVJJUkliyoOO
jA+DznOMc0xrC2LKYspiyWLJWohaiVqKWopaiFKKUshSiGKJastzC3tMe017TXNM
awtrCGLHWodSR1JHWkhaiVJIUkhaiXuMe81zTFrJYwpayVKIUkhSR1JHSgdKB1JI
Ysp7jXNMYopaiVKJUklSSkoJUclSCVHJSgdCBkoHYwtrS2sLUopKSUoISkZKRkpG
QkY6BkIGQkZTCWOKWwhKRkpHQkdCB0IHQcZBxkHHQcZBxlqJawtjClKJSkhCBznG
OcY5xjnGOYU5hjmGOYY5hjnGMYU5hTnGUolSyUqIOkcxhSlFMUYxhzGHMYcxRjGF
MYY5xkIGWohKRkIFOcUxhDFFKQUpRSkFKQUpBSlGKUUpRSlFMYYxhTGEQgZCBzFE
KQQhBCEEIQQpRCEEIQQpRSlFKUQ5xkoIMUQowyDCIMJSCmJMWktSCVHJUclRyVHJ
SYhBR0FIQYhBR2KMas9SSlJKSgtRykoKQYpBikGKOUlBSUnLao1yzmJNWoxSS0oL
SgpKCkHKQYlBykmKSYhJyGJKcsxqzGMMWopSSlJJSglCB0HHQgdCB0oHWopizGsN
a01jDGMLWslaylpLUctJSklKQYhaCVoKWkpqy3tNg897j3NNYstiy1qLWotii1qL
WopailKJUolSCFoJUglSCVqLc417jXuNawxiy2LLWstai1oJUchaCVoJWkpzTIQP
e41zTWsMcwxyy2qJYolqy1pKWotaSlpKcwuDjYPNe4xzTGsLYspaiVKIUkdSR1KK
UklSinNMi8+DzntNcsxqzHMKcwtSCWJLYktiCmJKWglqSYNMi4yLzHvMc0trCmrK
astaSVpKUklSSVpJYsqLzowPg817THMKaspqymrLYopiilqKWopaSVKIWohSiVKI
UklaymsLawxzTXuMg4x7S3MKYsliiVqJWklKCEoIUkhKSFJJYstzjnuOa01ay1KK
UkpSilJJUghKCEoISgdSSGMKe41rS1rJWolaiVKJUklSCVJJUkhSRkpGQgVKRmMK
c4xizFpKUglKCUpIQkZCR0JHSkZKBlIIYstjTVKLQklCCEoKQghCCEHJQclBx0GG
QcdaiWsLawpSiUpIQgc6BznGQcdBxzmGQcdBhjmGOcYxhjHGMYY5x0pJUotSSjnI
MUcpRTFFMYUxhTGFKUcpRzEHMUVBxlpIUkdCBjnFMYUphSEFKQYpBiEFKQYxRikG
KQYpRykFKUYpRjnIQgkxRiEFIQUhBSlGKQUpBSkEKQUpBSlFOcc5xylFIQMYwyDE
YkliS1pKUglSCUnJSclBijlJMQg5SjFJQUlijWrNWopSSUoKSghByknMQYpBSjlK
OUlSDGKOYs1ai2LMUkpKCUIJSgpCCUnKScpJyUHISgpiS2rNasxiy1qKUkpSSUoH
SgdKBknHQchByGKMawxrC2sLawtayWLJYslSSFIJSchJyEHISghSSVqKWopzTXvP
e45zTGsMasxii1qKWotii1KJUslSiFqIUkdSR1JIWohiyXOMc4xzjGtLawxjDGLJ
UklKB0oHUklaSVqJc0yLz4OOc01zDHLMastyy2qKYspaiVrKSkhKiGsJg8yDzHtN
awxqzWLMYotaSVqIWkhaSGKJYolzC4vNg817jXNMawt7DXLLYopaSlJJUkpiilpJ
Yop7DYOOg857zWtLawtrC2rMWktaS1IKUgpaS2LJg8yMDYONe0xzC2rKawtrCmLJ
WslayVKJUslKSVKJUkhaSFpJYolzSnNMe0t7i3uLe0trCWKJYopiiVpIWkhSSFJI
WkhaSGrKg457TWsMYspay1qKUklKSEoISghSCFIJUkdjCXuMc4tiyVqJUklSSVJI
UkdSR1IGUkZSRkpGSkZjCmsLaspaSFJHUgdSR0oHQcdCB0IHOcc6CVLLY05Sy0oJ
SglJyEHISchByEHHQcdBxkoFWohrCWMIUopKSUJISghKB0IGQcg5hjnHQcc5hzHG
MYgxiDGFOcZSi1KLUkpByDFGMUY5hjmFMUUxRjFGMUYxRTFFQchKSUpJOggxximF
KYYphiFGKUYhBSlFMUYpRSEGKQcpBykGKUU6CEJIKYUpRCEDKUMpRClEKUUpBSkF
KQQpREHGQccpRCDDIMQgxFpJYklaSVpJWgpKCkHKOYoxSCkHKQg5SUEJYk1yTmqM
WcpJylIKQclByUmJQUo5SjkJSchqjHLNaoxiS2JLWktSSUpISklKCkHJQclByUoJ
YohqyXMJcwpqyWLJWohaR1IIUghJyEnIQYdiimrKawtzS2sJashqyXMJWkdKRkIH
SghKCFJJUolaSVqJc02DznuNe01rDGLNYoxaTGKMYotii1JISkhSR1IGUgZRx1pJ
Yst7jYOOe01zC3MLaspiylpIUkhSSFJIYopqSnLMi4+DjnNNcwxrC2rKaspqymqL
WopaSlJKUkliy4POhA57jmsOas5qjWKNUghaCWJJWglaCWJKcsyMDYvNe4tzSmrK
aspiymKKYoliSWJJWkhaB2JKcw2DjYOOe41rC2sKastqzGKLWkpSCVpJWoljCnvN
jA6DzXuMewxyymrKYwpjClrJUolailKKUolSiFKHWkdaCGKJaspzS3uMe4x7jHOM
awtqy2KKWklSSVIHUkhaSFIHUkZiyHPLe85rS1qKWopailqKYopSB0oGSgZahlpG
awl7jHNLYstailqKWohSSUqHQkdCRkJHQkdCR0pIYwtrTFrKUohKSEpHSkdKR0oI
QgdCCDnHQghay2sNWstKiUpJSgdBxknIQcZBxknGQcZCRVsIY0paykqISkhCBjnF
OgVCBznGOYY5xznHMYY5xznHMcYxhUHEWodah1JIQcc5RjFFOUU5hTmGMYYxhilF
KUYxhkIISklKR0IFOcQxhClDKUQhBClFKUQpRSmFKUUpCCkIKQgpRSlFOcdBxzGG
KUUhBCEEKUUpRSkFKQUhBSEEKUU5xjmGKQUoxSDFIIVZy1pLWklaCVoJSclJiUmI
OUkxSDEHOUhBSFpKcwxiilpJUghRyEGIQYhBiTlIQYg5iDmHWoljC1rKWstajEoL
QctKC0HKQclByEHIQYhBiFpJYstzCmsKYslaR1qIUkhKB0nLSctBykHJWkpqzGrM
csxqi2qLcsliiFoGSchCCEnJSghKCEoISghSSWsMe417jXNMYspjCmLKWotqjGJM
YktSClJKUglKCEoISchSSWLJc4x7jXuNawtrC2rLYopSSFIIUkhKR1pIYolyy4uO
g45zS2tLawpjC1qKWkpailKKUopSilKKY0x7zoPOe41zTGLMYoxii1pKUglaCloJ
UghaSGsKjA2DzXuLc0lzCWrJYshqyGLIYslaiVKJSkhiintNg42DzntNawtzC2rK
WohiiFpHWkhaSFpJasuDjovQg89zTXMMastqy3LLaspiilJJWopSiEqIUsZaxlqG
UodiyGsKc0t7jXuNc41zjGtMYwpiiVpJUglSClIJUglaCFpJYop7jXuOawxiy2LK
WopaiVJJSghKCEnHUkhSSWsMc41rTGMKUohSiFKJUklKSUpIQkc6CEIJOghKSWrN
e45ai1KISodKRkpHQkhKSEIHQgdCB0oIYslzSmLJUkdKCEoIScdJxknGScZCBkHG
QgZayWsLWstSSUnJQclBx0HHQcdBhznHOccxhjHGMcU6BTHFMYQ5xlJJWspKiDoG
McUphCmFMYUxhTGFMYYxRzFGKUZCCEqJSkk6BzGGKUYhBiFGIUYhRilGIUYpRilG
KUYpRilGKUUpRTnHOccpRiEFIQQhBSlFKUUpBSkEKQQpBCkFQcg5xzFFIQUhBCDF
WoxajFIKWgtSC0nKQYtBy0GLMUg5iDmJQYlSC2rNYktSClIJSclJyUGJQYlBSEFH
SYdJx2KJcwtyzGKKWklSCVIKUglJyVHLSYlJiUnKScpii2sMawxrC1qKWopSikpJ
SghJyEnJSchJyVoKasxzDXMNasxqi2qLWkpaSVIJSghJx0oJSgdSCFIHYol7DINM
g0x7TGrKaspiimKKUolSiVKKSklSSVJJUglSCVIIWklqyXuMe4x7jWtLawtrDGKL
WklSCVIJWkpiSmJKcsyMD4PPc0xzS2sMawxjC1rKWolSiUJHUohSx2NKe8yDzHuM
c0xzDWrNYoxSSlKKSklKSVJIUklrCowOhAx7yWtHawdrB2rKastaSVpKWklaSFIH
aop7THvMe8xzi2uLc0trClqJWolaiFqHWodaRmrJg42ED3vOc41rDGrKaspyy3LK
YspiimLJWohah1qIWghaSFpIaslzS3uMe4x7jXuNc4trCWLIYslSSVJKUkpaSlIK
WgliSWrKe417jWsLaspiyVqIUolSiUpISklCCUoJUklrDHuNawtaiVqIUkhSSVJJ
SklKSEpISgdKB0oHUkhiy2tMYwtayVKHSkdKSEIHQgdBxkIHQgdKB2MJc0piyFJH
SgZSBlIGUgVRxUoGSgZBx0HIYotqzGLMWklSCEHHQchBiUnJQYg5xznFMYUxhTmF
MYU5xjmGQcdSSVqLUklCCDGGIQQhBDGFMYYxRSlGMYYxhjGGSklSikIIOccxxilF
KUUpBSlFKUUpRSlGKUUpRTFFMUUpRSlGMYdByTnIIUYhBiEEKUUphCkDMQQxRCkD
MUQxRUIHOcYphCEDIMMgxFINYo5aTVHKUgpRykmKSUlBSElISUdRBlFGYghyy2KI
WkdiSFJISkdCBznHOYY5hkGGSghaynsLcslih1pHWghaCFoKUctJi0nLQctJyUHG
YolzCnNLawxaSlpLWktSClIKSglByUHIQclSS2LNaw5zTWsMaspaiVqJUkhByUoJ
SchSCVIJUkhSR1rIa0qDzIPMe0pzC2qKaopqiVqKUktai1qLWotSSlpKWgliSmJK
awx7jnuOc45zDXMMcwxqimKJUghaSFpJWkliSnMMi9CLj3MNasxqzWrNYsxazFKL
UotazFJKWklrCoPNi82DjHMLcwtrClqIUkhSiFJHUkhSSFKIYwqEDnwOc01rDWsM
awxiy2LLYstailpJWkliSWpKg0yDjYPNe41zTHNMcwtqymKKWklaSWKJWolrC4QO
hA57jnNNcwxyzGqKcspyynLKWslaiFqJWslaiFpHWkhaCGrKc0x7jXOMe417jHNL
awprCWLIYolaSlJJUkpSSlIJWkpqzHtOg41zDGLLWklaSVqKWolSSVJJSghKSVKK
YwtzjWsMastailqKUklaSlKIUohSSFJHSkZCBlKHa0pzi2sLWolSSEoHSkdCBkJH
QkhCB0HHUghiimsLYslahlKGSkVKBUoFSgVBxkHGQcdKCGLLawtiylqJSgdBx0HH
OYhByEGIQYdBxkHFQYVCBzmGOcY5xjnHSklSiUpJOgcxhiFEMYUxxzGFKUU5hTGF
MYYxhkoIUklKB0HGOYUxhjFHMUYpRiFFKUUphSlFKUQpRTFEMUQ5REGFQcdBxzFG
KQUhBCkEKQQpBClEKQQpBCEFMUc5yTGIIUUhBRjEGMRSTGqNWkxSClHKSYlJylnK
OUg5iTmIQYZJxlpHaspiiVpIWghZyVGISYdJSDlIMQdBiEnJYopzDHLLaotaCVpK
WgpSCVIJSglJyknKScpJx2JKcsxyzGqMao1iTFpMUgtSSUoIQcdBx0nIWoprC3NL
e0tzCnLJaohiiFKISglKCUnJSclJyVJJUklayXOMg86DjXNMYsxqzGqMYoxaS1qL
WotSilKKSklSSlqKWkpaSWKLe06DjnuOawxrDHMMYspaiVIHWghaCFoJastzTIPN
g817THMLaspiy2MLWoxajFqMWotaCWJKawyDz4vOg41zDGrMawtiy1pJWklSSVJJ
WolaiWsLg8+Dz3NNc45rTWMMYstii2KKYkliSWJKYkliiXtMg42LzoNNew1zDGsL
YstailqIYolqymKJewyTzovPg497TnMNcwtqy3MLaspqymKJWohaiGLJWohah1qI
YohiiXMLe4x7i3uMg41zTHMMastaSVoKWgpSClIJUkhSSFqJast7jYOOcwxqy1pL
UktaS1pLUklKCEoHUghSSWsLc4xzS2MKWolSSUpISklSSVJJSkpKCUpJSghSiGtK
c4trSVqGUkZKBUIISkhKSEHHQgc5xkpHawtrC2LKSohKSEpHQgdCBkHGOYhByTmI
SclajGsMYstaiUpISghJyUnIQYhBhzmGOYZBxzmGOcdBxjmFOYU5xkpIUolKSTnH
MUYpRTGFMYU5RzlGOYY5RjlGOYZByEpJSkg5xzHGMUYxRjEHOQgpBylHKUUpRSlE
KUUxhSlEMYU5xkoHQcgxRikFKQQpBClFKUUpBSEEIQUhBSlGOggxhyFFIUUYxBjF
Wkpii2KLUgpRyUnISYhRyUmIQUlBSElJSYlaS2rNYsxSSVqJWkhBx0HHQYdBCEFI
SUhRyGKKew1qjGKMWgpaC1oLWcpZykmJUclRiEnIUYhiSnLMcs1qjGqMWktaS1oL
UgpJyEHHQcdBx2LKcwtzC3tLcwpzCmrJWspKSEJIQghKCUoJSglSCVoKYot7jYPN
e4xzTGsLasxqzWJMYktaSlqKWopaSVJIUgdSR1KISgday3uOg457THMLcwtyy2qK
YklaCFoHWgdaR2KIe0uMDoPNc4tzS2sKYspiyVqKWolaiVIIWkhaSHMLi86DzXuM
awtrDGsMYotaCloKUglaSWKKYkhzC5POi857TXMLawtqy2rLaolqiVpIYohiiVpI
asl7TIOMg8x7jXuMcwtqymLJYslaSGKKYopaiWsLi8+Lz4OOe01rDGsMawtiymKJ
YopiilqJWohaimKLWohSSFqJaslzCnuLe0yDzHuMc0tzC2rJYkliSWJJUkhSSFJI
UkhSSWLKe4x7jXNLYopaSWJJWopiiVpJUglSB1IGWodrCXuMcwtiymKJUkhSiFJI
SglKCEpJQkhCCEpGUohrCmtMawpayVJIUkdKBkoHSgdCBkoGSgVKh2MLYw1ay0pJ
SkhCB0HGSghBxznHOcc5x0IIWotrDGLLUohKR0oHSclByDnHOYc5hznGOYY5xzGF
OYYxhjGGOcVSiFLIUodCBTmFMUMxRDmGOYUxRTFFMYU5hSlEQgZSiUIHOcYxRjFG
KUUxRikFKQUpRSkEKUUpRSFFKYYhBSkFOYdCCEHIMUYhBCEEIQQhBSFEIUQhBCEE
IQQpRTnHMYYhBCEEGMMZA1nLakxiTFHKUgpKCUHIQck5iDmIOYhBiUGHWkpqzGKL
UkpSSlIJSchJyEGJQQhJCFFKUcliSnrMastqy2JLWgxSDFoMUgpKSkIIOcVCB0II
UkpyjHLMcsxqy2KKYopJyEoIQcg5yEHISkpSi2sNawxzTGtLawpqyWLLSgpJyUnJ
SchSCFIISghaSWKJg0yLjYONcwxzDGsMWstaylrLUotaCmJLYkpaSFIHSkdSR1JH
asp7jYONe4xzS2sKWopiy1JIWglaCFpIYkliiXMMi86LzntNe0xqymrLastiy1rK
UolKSVpIWklzC4vOi86DjXsMcwtrC2KJUklSSVJJUkhiSVqHcwmDzYPOe01rDHLL
cspqymKJYslaiWKKYolaSGrJe4yDjYPNc45rTWMMawtqimJJWkliSlpKWkhqy4wP
jA+DzXuMawtrC2rKaotqzGpLYkpqSmpKWolaiVqIUohSh1rIc0tzi3uLe4x7jXNM
awtrClrJWohSSFKJWopSiVJJUolaynuOe41iy2LKWklaiVpKWgpaClIJUkdSRUqF
Y0h7i2NKWwlaylqKWolSSFIISchSCVIJSglKCFqJc0tzS2sJWohShlJFSgVSBVIF
SgU5hUHGQgdjDGNMWstKSUoJSghBx0oIQcdCB0IHQcdCBlrKawtiyVJIQkdCB0IH
QcdBxznGQcdBxzmGOYY5hTmFMYU5xUHGUohSiUpIQcYxRilFMUUxRTGGMYYxhjGG
MUYxRkoJUkpKCTmIMUYpRSlFKUUhRSkFKQUpBTEGMUYxBjFHKUYpBjFGQcc5xymF
KYQhRCFEIQMhBCEEIQUpRSEFKUVCCDGGIQQhAyEDIQJSClqLUkpSSkoJSglByDmJ
MYcxhzFHMYc5yFpKYotqjGpLWctRy0mJScpRykGJQUdJh1HJYktqzGqMYktaC1IK
UgpaSlIKSgpJyEHHQcdKCFqJYslrS3NLYspailqLUkpJyEnIQcdCCEIHWoprDGtM
aw1rDGrMYspaiVJJUgpSCknJSglKCFJJWopiinsNi46DTnsNcwxii2LLYspiy1qJ
WolaSFqJUkhSSFJJQghKCGLLe46DjnuNYspjC2LLYspSSFIIUkhSR1qIYslzC3uO
g457TXMMasxqzFrNWoxizlrNWoxaSmJKcwuLzovOg4x7C3sLcwpiyFqHUkdSR1JJ
UkpaSnMMi8+LzntMcwtqyXLLastqzGKLWopaiFrGWoZjCHuMg82DznvOc01rDGrL
aopiSGJIWgdaSFpIawqLzowPg457jXNMawtrCmLLawtiylrKWspaylKJUolSiVKK
WopaynNKc4pzi3uMe057DnLNcs1iilqJUkhSSFqJWolSSFqIawp7jHuMaspiyVqJ
WolSSVJKUkpSSlJIUkdSiGsKg81zTGrLWspailJJUkpSSUpISkhKCFHHUgdaCHMK
c0pjCFrIUodKRkoHSgdKBknIQchByEoIasxqzFrKSklKSEJIQcdSSUnISchBh0GH
Scdiy2sMYstKiUIIQghCB0IHQcdBxkHGOcY5hTnGMYU5xjGFMcVCBlKIWspKSTmH
KUYxRTlGOYZBSDlHMUcxRjFFMYVBx0pJSgg5hzFGKUUpRSlGKQYhBykGKUYxRilF
KUUpRSlGKUUxhkIIOggpRiFFIQUhBCkEIQQhBSEFIQUhBSEFQcgxhSlFIQQhAyED
SchaSlpJUglKCUoJSglByUHJQYg5RzlHQYdaSWLLaopiSloKUcpRiUmKSYpBiEGI
UcZaB2qJestyjGJLYktSCVoJUghSCFpJScpJiUHKSglaS2rMas1qzGKMYktaSlpK
UglJyEnHSchByFJKYsxjDWMNYw1azVrNWstSikpJSghKCEoISgdSB1pIYsl7S4PN
g417TGsLawtqymKJYstiilpJWklaSVJIUkhKSEoISkhay3uPe417jXNLcwpqymqJ
WgdaB1IIWkdih2KIcwyDjovPe01rDWsNYsxizFqLYspiyVqJWodiiHNKg8yLznuN
c0xzDWsMYotSSFKIWolaSVJJWklrDIvPjA5zjGtLawpqymsLastiimKJWohaiFqI
awl7i4PNi82DjHuLawxii2KKYopqi1pKYkpiS3LMi46T0IuPcwxrDHMMcwtiymLK
YspiymLKWolaiFKHWohaR1pHYohzCnuLe4x7jHONc0xrC2rLYslaiFqHWshSh1KJ
UkhaiWsLg417jWsLYslaiFqIWohSSEpISkdCBlJHWslrCnuMc0xjClrJWohSR1JH
UkhKB0oHUgdSB1IHUgdzC3MKYshayEpISkdKRkoHUghJx0nISchJyGrLawxaiUpH
SgdCCTnIQgk6CDoIOcg5yFIJaoxqzGKKWkpSSUoIQcdBh0HHQcY5hjmFOcY5xjnF
OcU5xjnFQgZSiVKJSgg5hzEGMQYpRzGHOUg5CDkHOQcxRjmGQghKSkpIOgYxhilF
KUUpRSlFKUYpRSlEKUUpRilGKUYpRilFMYZCCDGGKQYhBSEFIQMpQylDKUMxRClD
KQQpREHHMYYpRCEDIQQhBFIIYolqilHHUchRiUoJQYlBizlJMQk5CUFHUchii2KK
WklSCUnISchJykmKSYlJiUmKUYpiTHKPco5qTGILUcpRylIJSglKCUIIOclByUHJ
WotrDGsMYstii2KKWkpSSkoJSglCCUIISghaimsMawxqy2rMastiy1qKUklSSEnH
SgdSB1IHUgdiiVqJawuDjXtLe0tyy2rLaspiymLKYolaiWKJWolaiVpJUglSCVHI
ao2DUIOQe05zDWrLastiiFqGWkZSR1qHWoZiiHNLi86LzntMcw1qzWrMastqyWLJ
YolaiVqJWolqy4vPi897jnsOew1yzGrMWkhaRlpHWkdaB1qIawuMDoPNe4x7S2sL
YspqzGrLYotii2KKYopiiHLKe0uLzHvNc4xrS3MKasliiWKJYolaSFpJYopzC4PO
jA+DznuNawtzC3MLaspqymqKaoliylqJWkhaiGKJWkhaSGrLcwxzS3uLe8x7i2tK
awtqyloIWklaRVpFWkVah1pJYkpyzYuPe45zTGLKWolaiVrIUodSh1JIUkhKSFKJ
a0x7jXNLaslih2KHYkZSCFIIUghZyFHHWgdZx1pGcwlzS2sKWkhKR0oHSkdKR0pI
SghCCEHIScdqy2rMYstKSEIHQghCCEIIQghKCEoIOcdKCFrLYwtaylKIUkhSR0oG
OcY5yDnIOYg5hzmGOcY5xjmGOYc5hjmGUkpaiVJIOcUxRDFFMYY5iDmJOYkxSDEI
MUcxR0IHUohKRjoEMcMpgzGDMYMxRDFFKUUpRSlFKUcpBykHKUUpBTGFSgdBxjFF
KQQpBCDDKUMpQyFDKUQpRCkEMYU5xjFGKQUYxRjEIMZSB1qIWkhaCFoHWglaCknJ
OUkxSDlIQYhBh1IJaoxiS2KLWkpSSUoISck5iEGISYlBiEHJYk1qjmrOYkxqTGIL
WcpZylmKSclJyUnJSclJyVqKawxzDGrKaopiimJKWklSCUoIQchByEoJWotazWrO
cs5yzWqMcoxiSlpKWglJiEmIUchaCVIIUkhjCnOMg857jXuNcwxqzWrNYoxai2KK
WklaSWJJYktiSloKWgpaCmqLg0+L0HsOcw1qi2rLWspSiVKJUklayFqHWodzSoQN
i857DnMNasxqzGLKYspiymKJWkhaiFqIcsqLz4vOgw17DHsMcwpyylpIWkhaSlJJ
UkliiHMLjA6LznuNa0trC2sLYstaimKKaopqSmJJYopqy3tNg857znOMa0trSmsJ
YslaiFqIWslSyVrJa0uDjYvOg417jHNLc0trCWqIcslqimLJYspayVqJUohiSWJI
aoliynMLc0x7jHtNe4xzTGsLYspqymKJWkhSSFpIWkpaimKKcwqLzYPNa0tjCmMK
WohaiFpHUkdSiFJISkhaiWtLe8tzimNHWsZaxlKHSoZKR1KHSkdKB1IHWchiCHLL
cwxqilJIUkhSSEpHSgdKB0pGQgVKBUpGa0prSlrISkdCBjoGQgZBxUHGQcZBxkHG
QgdayWMLWspSiEpISgdKB0oHQcc5hzmIQYg5hzmHMYQxhDnGOYVBx1KJWolKBjnE
OYMpAylEMUU5xjGGMYU5hTmGMUVKCFJJQgU5xDHEMYQpRClEKUQpRSlEKUQpRSkE
IQQpRCFEKUUphUIHOYcpRikFIMUhBSDFKQUpBTEGMQYpBjGGOccpRCkEKQQgwykD
SglSiVqKUklSCVIJUglJyEGHOYc5RzlGQUdRympNak1aCVpJUklKSEHJOYg5R0GH
QYZJx2KLawxzDFqJWopqSloJUglSCVHKSclJyUoJQchay2LKawtrC2LKYopiSlpK
UgpRyknJSclKClqLYstrDWsMawxqy2KLagtiSlIKUcpRyVHJSglSSlKIWslzS4PN
e41zTHMMasxqzGKLWkpii1pKWkpiiVJIUkhaiVJIUkhiioONi857TXMLaspqymLL
YopailJJUolayFqHc0uEDoQPe457TWsMasxii2KLYotiiGKIYohih2rIg82DzYPM
e4trCWsIashih2JHYkliSWJJash7iowNjA17i2tJawprCWrKWspiimqKWklaSWKK
awp7jIPMg82DjHNLc0pzSmsJaslaSWKKYkpiSnsMi4+TzoONe0tzCmrJashqyHLJ
aohqiGKJaoliSWJJYklaSVpIaspzC3tMg02DjXuNc0trCmrKYohaSFpGWodaR1pJ
YkpiinLLe41zy2tJYwhjCGLKWolaiVqIUgdSCFIIWkhqy4OOc41bCFrKWspSh0qH
SodKiEqISkdKB1JHUodzSnNKYslaiFpHWkdKR0oISghKCEHHQgdKh2MJawlayFKH
QkZCBUpGSgZCBTnFQcZBxUoGWspjC2LKUolKSEoHSchBx0HHQcdBx0HHOcY5xjHG
MYY5xzmHQchSSlKKSgg5xTHFKUMphDGFMYYphTGFMYQxhClEQgZKSEoIOYY5hjFG
KQQpBDGFKUQpRClDMUQpRSEEKUUpBSlFKUY5yDGHIUUhBSEEIUQhRCFEIUUhRSFE
IQQphTnGMUQpAyjDIQMhA0nLWktai1pKUgpSCknKScpJiUmJQUg5CEGKSgtajVqO
UopSSUpISghKCEHHQcdBx0HHSgdiinMMawxay1rLWopSSUoISglSCknJSchByEHI
WoprDGsNYsxijFqMWktaC1IKUcpJyUHHSgdSiWsLcw1rDXMNasxiimKKakpaCFIH
UglJyEoJUkpSiGKIewuLjYONe0xrDGLLasxizFpLYotaSlJKWkpaSVJIUkhSSFJI
YsqDzoPNe4xrS2tLYsxailJKUkpSSFJJWolayWtLhA6DznuNew1yzGqMYoxqzGKL
YopaSlIJUklrCYQNg817jHtMcwpzCnLKYkhiSGJIYkhiSGLKc0uMDowOg41zDHMM
asxqy2rLYopqy2pKYgliCXKJe4uMDYvNg817S3MMcwlqyWKKWgliS2IMYgxyjouQ
k9GDj3sNcw1zDWsMYstrC2KJYspiiWKKYopaSlqKYopaiWsLcwx7TIONg417jHNM
awpqymKKYolaCFoIWghSCWJKYkpqy3ONe41rS2MKWslSyVLJUohSiVpJUghSCFJJ
cwx7TnNNWspailqJUohailJJUklSR1JHQkZCR0qIawtzDGrKYopaSVIJSghByUoI
SkhKB0oISghiy2sLWolSSEoHSghKB0nHQcdBhkmHQcdBh2rLawtayVJJSgdKB0IH
Qgc5yDnHOcg5yDGIMcgxiDGHMYcxRjmGUopailJJOYYxRilFKUUxhjGHMYYxhzFG
MYYxhkIHUkhKSDmGMYcphiFFIUUpRSkFKQUpBjFGKQYpBSlFKUUpRDGFQggxhyFG
GQUZBSFFIQUhRCFFIUQhRBkDMURBxilEIQMhAyEDKUM5ilqMWoxai0oJQglJykGJ
QUhBSEFHQUhBiEnIYstiy2KLUglKCUnISghKB0HGQcc5xznHUopjTWMMWspiilqK
UklSSUoISglJyEGHQYdRyFpKcsxyzWqMWkxSC2JMWgpRyUnIScdKB0nGYolzC3MM
cwxqy2rKaslaiFJHUkhKB0nHScdKCFIIWkliiXNLg82Dj4NOew1iy2LMaoxaS2JL
YkpaSlqKUkhSSEoIUghSCGLLe457jnuNawxrC2sLYspSSFpGWkZiSGKJaol7S4wN
g8x7SnNJcwtyynLKaopqi2KKWklaSVpKawmLzIPLe4tzSnMKaslqylpIWolaSVJI
YoliinMMhA+ED3uOawxqzGrLYslqymLJYshaiGqHYkdyyYOLg8uDy4OLcwtzC2rK
YsliiVpIWkhaSVpJasuTz5PQi497TXsNcsxyzHLLcwtiiWLJYoliiVqJYohaR1pI
WodiyXNMc017DYOOg057DXMLcstyymKJWkhaSGKJUkdSB2KJYsp7zXvMa0pjCVrJ
WolaiVKJUohKSFIJUkhSSHMLg4xzCmLIWslayVKJUklKSFIIUghSB1oISkdSiWMK
Y0tjCVrIUkdSB1IHSgdKCEIIQcdBx1JJawxrDFqKSkdKR0IGQgZKBkHFQcVBxkmF
UcZyynMKYopSSEpISgZKBjnFOcU5hkHHQcc5xTHFKcUphSnHKYc5x1JJUolKSDmG
MUQpQzFDOYU5xTHFMYUxRDGFOcZKCFJKSgk5xymGKUYhRimHKQYpBikGMQgxCCkH
KUcpRilFKUUxhkIIMYcpBSEEIQUpRiEEIQQpRSEEIQQhBClFMcYpRCEDGQMhBCEF
UUtiC2JLWkpSCUoISgk5hznHOcg5iDmIOYlKC1pMYo1iS1IKUgdKB0oJQck5iUGJ
OYk5iVJKaw1zDGJKYklaCWIKUgpJyUnKQYlJykGJQYpSDGLNaw5izWLLYoliiVqI
UgZSCEHHQgdBx0pJYwtrTGtMa0trCGLHYsdahlpGUgZJx1HIUghSCVJJWol7TIOO
g41zTWrMYotiymLKUohiymKJWklaSVIJUghKCVpKWkpii3tOg057TnMNcs1qzGJL
WkpaB1oHYklqSWqLew2DjoONe0xzCnMKcslyyHKIashai1JKWotaSmsKg817zHuL
c0tyymrKaopaSFpIWkdSR2KIaolzS4vOi817jHNLawtrC2LLaotii2JKakpqSmJK
aox7ToPPi8+DjHNKe0tzCWrHashih2KHYodih3MKi82TzYuPe057DXMNasxqzGrM
YsxijGKLYotiimKKWklaSVJJastzDHtOe06DjnuOcw1rDGLLYstSSVJJWklaSVpI
YohiiHMKg42DjGrKYspaylKJUolSiUpJSglSSVJJWolzjHtMcwtiiVqIWohah1pH
UkdSSFJISgdSR0pIUoljC2MLYspaiVqJUkhSR0oHSgdCBkHGQgZKR1rJYwpSiEoG
QgZCB0JHQgdBx0HHQcdBhkoIYsprC2LKUkhKB0IGQgZCBjnGOcU5xTnHOcUxhDnG
MYUxhDGFOYZSiVKJQkg5xzGFKUQpRDFEOYU5hTGEKUMxRDmFUgdSB0GGOYUxhSlE
KUUxRjFGMQYxBTEFMQUxBjFHMUcpRilFMUZCCDGGKUQpBCkEKQQpBClFKUUpBSEE
IQQpRTHGKUUhBRkEIMQgxFIKYkxqS2JKUgdSB0nIQYhBiTnJMYgxh0GISgpiTHKO
YgxaC1oLQcpKCUoJSchBiEGJUcpiTHrOcsxqzFqLYotiS1HLUcpByEHIQghCCEII
SkpjDFsLYwxzDGrKYodqyFpGUkZCBkoHSgdayXMLew17DXMNawxiyGLIYodSSFHI
QclJyknKUktaimLKe4yDjoONg01zDGrLYspqymKJaspaiVqKWopailJKUkpaSlqH
Ywl7i4ONg4x7S3MMcstiy1pKUglaSlJJWklaimtMhA6DznuOc0xzC3LLaslqymKJ
YopSSVJJUkprDIOOi86DjXtMawtrCmLKUkhSiVpIWoliiWKJc0mLzIvMe4x7DXLM
astyzHLLaopqiWJJYktiS3LMc02Dz4PPe417jHNLawlqyWrJYohiiFqHYohzC4vO
i86DjXtNc0xzDGsKaslyy2rLaopiilqJYoliylqKUklaSWLKcwx7jXuNe457TXNN
awxiy2LLWkpaSVqJWklah1JHYslzC4PNg4xqymrJaoliiWKJUolKS0oLSgpaSVqK
c0x7jHNLYslayVKJUohSiFKIUkhSSFJIUkhSCFpJcwxzTWsMWopSikoISkhKCEII
QghCB0IHSgdrCmsKWohKB0oISclSCUoJSghByEHHQcZKSVrJYwlayEpHQkZCBUIH
QchByEHIQcc5xznGMYY5xjnFOYU5hUHGWolSikIIOccxRilFMUYxRTFGOUY5RjFF
OYZBx0pJUklCCDnHOcYxhTFHKQYpBylHKUYpRilGKUYpRilGKUYxRjHHQkgxhSFE
IUQhRCFEKYUpRSlFIQMhBCEEMYYxxilEKQQoxCDDKMRBy1pMYgpSCVIJUctRylHL
QYlBiDlHOUg5SFILak1qjmpNWgtSC0nKSgpJyknJSYlJiUFIWgqDD2rMYolai1KK
WopSSkIJSglCCUIIQghJyFpKcsxyzHLMcotiiVpIWolSiUpHQchByEnIWkpyzHsN
ewxzDGsMastiylqJWklSSUnHSghKB1JHUkhaiXNLe457jXtMcwtzC2rKaspiimrL
YotailqKUklSSVIIUghaSWrJg4yDjIOMcwxrDFsKWslKiFKIWolailqKWoprTIwO
g817i3MLawprCmLJYoliSlqKYopaSVpKasuLj4vOg417THMLawtrC1pJUklailqK
WopiiXtLi86LznuNe01zDWrMasxyymrJaohqiVJHWohjCnuMg86DznuNcwxrDHMM
astqy1qKWohiiGKIcwqLzovOg457TXMMaopqymrLasxqy2LLYopiiFKIWopSiVKI
WsljCXNLe417jnuNe41zTGsJawhiyGKHYkZaSFqIWohSSFqJawl7zHuNawliyGLJ
WohaSFJJUkpKCUoJUkhaiXNMg41zTGsLYslailpJUghaSVJIUghSB1IFUgVih3MK
c0pjCVqIUkhSR0oHSgdKB0oHQgZCBVJIYwprS1rJUkhKB0oHSgdJx0oHQcZCBkIG
QgZiyWsKWslKSEJIOgc6BzoHOghCCEHHOYY5hkGHOYY5hjmFOYVBx1KJUopCCDnH
MUYpBTFEMYUxhTFFMYYxRilFMYdKCVJKSgg5hjFFOYUxRSlFKQUpRikGKUUxRTFF
IQMhRClEKUQ5xkIIMYYhRCFEIQQpRClEKYQpQylDIQMpQzmGOcYhBCEEIQQgxCEG
UYliCmpLYglaClHLUctRzEnLOYk5iDmIQYhaC2KMasxiSlpKUglByEIJQck5yTnJ
OclKCFJJewxyimKLWktaSkpJSohKR0pHSgZCB0HISchaS3MNasxyzGKLWopSSVJJ
UklKCEIJQchKCVqKawxzDGrMawxqy2KMYoxSC0oKQglCCFIJSghSR1pJYsprCYPO
e857jmsNYsxijGqMaktqi3KMYktSSlJKSklKCFJHUkhiyIPMg817jGsLYwxbC2ML
WopSSFqKWolaiVqJc0uMDoPNe4xzS3NLawpqy2qLaotqi2KLYklaSXMMi86LzoPN
e4xzS2LLYwtailJJWkliimKJYol7TIvOg897jntNc01yzHLLcstyynLKaolaiFqH
asqDjYOOi46DjnsNcsxyzGqLakpqSmpJYohiSHsKjA6MDoPPe45zTWsMcwxqy2rM
YotijGKLWotqzGLJUshSh1rIawprCntMg417jXtNc0xrC2MLWslaiFqJUkhaSVqJ
UolSiWsLg857jnMLYslayVrJUolSiEpHSkdSh1KHUodzS3uLa0prCWMJWspiilpK
UglSSVJJSglSBkoGWkprC3NLaspaiUpHUkdKR0pHQgdKCEIIQghKSVrLcw1SiUpI
SghKCEHHQchByDnIOcg5yEoJWstiy1rKSkhKR0IGQcZCBkIGQgZBxTmGQYZBhkGG
QYY5hjmHQcdSilJKQgk5xzFGKQUxRjFGMUUxRjFGMYYphTGGQgdKRkIGOYY5RTFG
MUYpRTFGKUUpRTFFMQYxBjEGKQUpBSlGMcdCCSlHIQYZBBkEIQQhAyEDIUMhQiFD
IUUxxzHHIUUhBRjEIMQgxUmHWgpiS1nMWctRi1GLUYtBijmIOUhBiTFHUcpiTGKM
WotKCUpJOgg6CEIJOcg5hzmIQcdSSXMMas1ai1qLSkpKSkoKSgpSC0nKScpJi0mL
UcxyzXMOcw1aSlpJWklSCFJISglKCUHIOcdayWMKawtrS2tLYwxrDVqMUgxSC0nK
SgtSSkHJUgpaS2KKawt7jXuNe0xrC2KLYstijGKKYotSSlqLWotKSUpKUglSSWJK
aoqDTXuNc0xjC2MLUolSiFLJSodSh1qHWodaiHNLg82DznuMewxyzHLLaopqi2JK
YkpqSmIJYgl6zItOi86DjXtMc0xqy2rKWopaSWJJYkhiSWJJcwuDzoPPe45zTXMN
cstyyXLJcslqyWKJWolaiGsLe42DjoPOg417S3NLcwtqymKJYolqiWJJaopzC4wN
i86DjXtNcwxzDHMLaspqymKLYotiS2KJYoliiVpJUkhiimqLasp7DINNg42DjXNN
Ystiy2LJWohaiFKIUklSSlJKWktrDHuOe45rDGLKYsliiVqJUkhKB1IISgdSR2LJ
c0t7jGsKYspaylqKWopSikpJUkdSR0oHSgdSB1pIc0xzS2MJUolSSVJJUklKCEoI
SghCB0IISolbC2MMUklKCEIHQgZCBjnHOcg5h0GIOcZKB2LKawpiylpISgdJx0GG
ScZBxjmGOYQ5hTnFOYU5hDmFOcU5xkIHUohSiUIHOcUxRClDMUQxhDmEMYQxhDGF
McYphkJIQgg5xjGFMUUpBikGKQYxRikFKQUpRSlGKUYpRilGKUYpRTFGOcgpRiEF
IQUhBCFGIQUhBSEGIQQhBCEEMYYxxiFEGQQYxBjEIQVJiFpKasxaC1oMUctJilHL
SYlBiTlIOUk5SVHKco1ijWJMUktKSkoJSclKCUHJSYlJiUHHWopizGMMWo1aTFIL
UgtaDFIMSgtSCEoISghJyFpJcwt7THMLYopiilpJWklKSEHGSgdRyEnHWkpqy3MM
awxrC2MJYwljCVqJUgpRyVHJWcliSlpHWoliiXMLg82DjXtMawpiy2KLYstyjGKM
WktaS1qIUohSR1JIWkhaiWKKe0x7jXuMe0tzS2rJaopaSFpHWkdih1qHYotzDYvR
i9B7TnMNcsxqymLKcopqimKKakliCWIJcsuLjZPPg41zDHMMcstqimJJWghiSWJJ
WkhqyHNKi8yLzYOMe0t7CnMKcspyymrKYslaiWKJYolqyoONi86LzYOMc0trCmMK
Yspii2KLWopqiGqJcwqLzYvOg817jHNLc0trC2sJYspqymrJYshaiWLKWolSSFJJ
Wopqy3MLe4t7jIONe017DnLNaoxizFqLWopaSVJJUodSiFrJa0t7zXvNawpjC2LL
UolaylJISkhSh1JHUodiiHtKg4tzCWsKWslayVqKUopSSlJJUklKCFIIUghiinNL
c0tjClqJUghKB1IISghByEIIQgdCB1JHYwpjClqJSgdCB0IIQkhCCDnIOcg5yDnH
QkhjC2MLUslKSEoIQcdBxknGQYVBhUGGQcc5xznHOcY5xTnFOcRCBlqIWkpJyTmH
KUUpRDGFMcUxhDGEOYUxhSmFKYVCSUIJQchByDmHMUYxRjFGKUYpRSmFKUUpRSkF
KQYpBjFGKYUxxjnHKUUhBSDGIMUpBSlGKUQpBSkDIQMhAzGFMcUhRBkCGMIhAyEE
SYdqi3rMYgtZylnKUchaCEoIQgc5hjmHQYZRyWrMasxaSlpLWkpSCEnHScdRyEmI
SYhJiFJJcwxrTWLNUktKS0IKUoxKSlJJSglKCUnIQchSSGMKa0trCmLLWolai1qL
UkpKCUIISchSCFpJYstzTXNNa0xiy2KKYotaSlIJUglJyEoJUklaSloJYkp7DYPO
g817TXMMasxqzGKLWktaS2JLYopailqJUklSCVIJWkpizIONg42DTXtNew1yzGqL
YglaSGJJWklaSWKJcwuLzovPe05zDXMNawtqy2KKYopiimKJWkhaR3MKi82MDXuM
c4trSmMJWslailqKWklSSVJIWohrCovNi86DjXMLcspzC3MMasxii2KLWkpiimJK
ast7joPOhAx7y3NKa0pjSmMKWwlayGKKYopiSXMLi86TzovNg4t7CnMKcwpqymrK
aspiiWKJWslaiVqJUohaiGLJawpzS3OMe4yDjYNNe01qzGLMWsxay1KJWklaR1qH
YopaiWsLg497jWsLYsxay1rKWslaiFqGUkZSR1JHYol7S3tMcwtrCmKJWopSiVpK
WkpSSVpJSkk5x0oIUopjC2tMYwtaiVJISgdKR0IHQclByEHIQchKSGMLYwtSiUpI
QghCCEnISchBx0nISYhBh0GIYsxjDFqKQgg6BkIHQgZCBkHGQcZBxUGHQYZJxznH
OYY5hTGFQcdSSUpJQgg5hzFGKQUxhTnFOYUxhDGFMUcxRzGIQgpCCToHMYYxhimG
KUYpRilGIUYhRSlFKUUhBSkFKQYpCCkGMYhByjFGKQUgxCjEKQUpRSkFKUUhBCEE
KQQ5hjGGIQQZAxkDGQIhA0nLWk1qjWJLUgpRyUnJQclKCkHJOYdBiDmGSkljDWMM
UopSSVJIUghRx0mHSYhBiEGISclSCmrNcw5ijVqOUo5KTEpMUoxKCUnJUctJyEnI
WkprCmtLawtiymKKWolaSlKLSkpByUIJSglSCXMNcw1rDGrMasxiimKKYopJyUGI
QYhJyUnJUktSi1qLYw17j3uPc01qzHLMcotqTHJNakxiTFpKWkpaSlJJUkhaCVqI
awqDz4OOg45zDXLMasxiiloJWglaCVpIYopiymsLg857znuOa01qzGrMYsxaiGMK
Wshah1qIWklrC4vPi86DzXuMc0tzCmqLYgtaC1oLUktaSmKKasuL0IvQg49zTWsN
aw1qzWLMYsxijFpLWgpaSmrMg4+Dj4POe45zTWMMYw1jDWLMWotSSlpLWotzDYuQ
i9CL0HtOc01zDHLMastqy2LKYspjClrJYshiiFqHWoZix3MJe4p7i3uMe417TXMN
astqy2rLYopaSlpKWkpiiWKJYklyyoOOe01jDGLLYstay1KKUopSSVIIWkhSSFqI
e0uDjHMLYopiSmJKYkpiCloJWgpKSUpJSklKSVKJa0xzTGMLWolaSEIHSkdCRkJG
SgZBxkIGUohjC2MMUopKSUIJQghCCEHHSchByUGJOYhByGLLYwxaykpIQgdCB0HH
OcY5xjnFOcU5xUHGOYZBx0GHOYc5h0HJUktKS0IJMYYxBSkFMUYxhynFKYUphTGF
MYY5hkoJUglByDmIMUgxSCkHKUYpRilFIUUhRSGGIUYpBSkFKQUhBTHHOckpRyDF
KMUgxBkFIUUhRikGIMUpBSkFMYc5hyFFIQQgwxjDIQQxiFoLWotSSkoKUgpKCTnI
Qgk5yClGQQZBR0FHWoxiy1qKUkpKSkoKSgpByEHHOYc5iEHIUkprDWsMYopii2KM
WkxSTEoLSgpBykHHQcdBx1qIawprS2LJYopiimJJWklSCEpISklKSUIIWoprDXMN
asxqy2rKasliiFqISklCCEHISghKCFJJUolSiXMNg46Lj3tNastqy2rLYstii1qL
Wotii1JKUkpKSVJIUkdSR2sKe42DznuNc01rDGsMaotiSloJWglaCWJKYolzDIvN
g4x7TXMNcsxyzGqLYohqyGLHYsdiiGJKasyLz4vOi817THtKcwpqylqKWklaSmKL
Yktii2sLi8+MD3uOe01zDHMNasxii2KLYotailpJWglqyoONi46LjYuNewx6y2rL
astqylpJWkliimJJc0yLzovPg857THMLcwpqyWrKaspqymKJashih1rHYsdah1KG
WohrCXNKe4t7i3vMe4tzCmrJaopqimJKWkpaS1pLWopaSmKKcwyDjXtNastiimKK
WopSiVKJSkdSSVIIWghiiXsMe41rC2LKYstiilpJWklaiVJIUkdSR1JGUkZah3NK
a0liiVpIUgdSB0pGSkZKRkpIScdBx1IJYstjC1KJSkhCR0IHQgZCBkIGOcU5xTnF
UohrC2LKWolSB0nHQcdBxkHGOcY5hTmFOYU5xjGGMYY5hzGGMYZByFqKSklKCDmG
MQQxAzlFOUU5hDFEMUQxhDmFOcVKSEpHQcYxhzFHKQYpBjEGKUUpRSlEKQQpRClE
KUQpRCkFKUYxhjmHKQUwxCjEKIMZAyFEIUUhRSEEIQQhRCmGMYUhBSEDGIIggijD
OUhaS2KMWktKCknJQglBiEHJOYg5h0FGQUVJx1qKYstKikpKQglSSVJKSglBxkGH
MUY5h0oHawtzC2rJWolSSUpKSktCSkIJQck5yTnIOcdKSWNMY0tjC1qJYspii1qK
SghKCEoIQgdKB1KJastzC3sKcwtyy2rKWolii1IJSchJx1HIWkdSiFKIUohrC3uO
g417TGrLYwtiymLLYopiSWJKYklaClpLWktaS1IIUgdqioOMg457TXLMcw1zDWrN
WkpiimJJWkpiimLJc0uLzIuMg0xzC3LLcstqy2rKYolaiVKIWohaiWsLhAyMDYPO
e41zS2sLastqilJJWkpiimKKYopzS4wOjA57jXOMc0pzS2sLYstiimrLYkpaSVpI
asp7TIONg42DjXtMe0xrC2LKWolaiVKIWohiyXMLjA6TzovOe4xzS3MKaslqyHLJ
cslqiWLKYspaymKJWolaSFpIYopzC3tLe4uDjHuNc0xiy2LKYopiilpKWkpailJI
UkhayWMKg817zWsKYslaiFqJWolSikpJSkpKSVJJWopzTXuNawtrCmLKWolSSVJJ
WklSSFJGUkZKRlKHWshri2tKYshah1JFUkZSCEoHUkhSCFIHQcZSSWLLYstaiUpI
SgdKB0oHSgdKBkoFQcVBxkoJasxqy1qKUklKCEnHScdBx0GGQYdBh0GGOYU5hTmF
OYUxhjmGOcZSSUpJOccxhilFKUUxhDnEMYQxhDFFMYYxhjHGSkhCRzoGOcUxhSlE
KUchBikGKQYxBjEGMQUoxCjEKUQpRClEMYUxhSlDKUMhAyEDGUMZQyGDIUQZAyEF
KUYxRzGHIMUgxSCEGIQYxFHJYktiTFpLSgpCCkoJSglKCUGIQYhBSEFHQYdjDWMM
WopaSVJJSghSSUIHOgcxxznHOcdKSWMMa0xjC2KKWkpRyloNUcxJy1HLScpBiEmJ
Ugliy2sKcwpayFrKWopSSUoISghJyEHHUkViynMLc0tzDHMMastqimKLYotSCVIJ
UglSCVIJWkpiimKKcwx7jnuNc01rDGLLYstqzGLLYspijFqLWotaSlpLUkhaCFoI
aoqDjYPOe41zTGtMawtiy1qIYshih2JGYodqyXsLi42LzoNOcsxyzGrMcsxqy2KL
Wotai1qKWohrCYvMi8x7i3tKe0pzDGrMWktaS2KMYoxiS2KMcw2Lz4vQg45zC2rJ
cwprCWrKaspiiWJJYoliiXLLe017jYPNg417jHtMcwtqymLKYoliyWLIYsh7i4wO
jA+DznuNc0xrTHMLasp6y3KKaslyyWrJaoliiGKIYohqiXMJe0qDi4OLg4uDi3sN
csxqy2qLYotaSmKKWkpaSFpIYopzTIPOe41zDGrLWstSi1rLYoxSClIKWkpSSWKK
e02DjXMMYstailpJUklSSVJJUklKSEpHSkdSSFrKa0xrTFrKUkhKB1JJUgpJyUnJ
ScdKB0oGYslrC2rKWolKB0nHUghSCFHIScZJxknGScZSR2sLYwtailJISghKCEnH
QcdBxUHFQcU5xTnFMYc5yDnJOYg5yDoIUopSikHHMYYpRSlFMUY5hzmHMUcxRzFI
KUcxh0IJQgk5xzGHKYchRylGIQUhBSkGKQYpBikFKUUxRjFGMQYpRjGIMYghBSkG
IQUhBSEFIQUpBSkEKMQpBTEFOUc5hykFIQUYxCDEGMRJiVoKYktiS1IKUclKCVIL
ScpBy0mKSYlJSEmJasxiy2LLWopaikpKSkpCCTnIQYhBiEnJWkpqzHMNastaTFoM
Wg1aTVoMWgpRylHJUYlRiWILao16znMOasxii2KLUkpSCVIJSchSCFJIWohrC3tM
ewtzC2rKYwpjCVsISodKh0pIUkhSCFIIWkliiXMMg46Dj3tOcw1rDGLMWstai1qK
WkpiilpJWklaSVqJUkhSSFrKe42DzoOOc01zDGrLaspiilpJWolaiVqJasp7C4vO
i857TXLNcs1qzHMMcsxqi2KKaopiSWKJcwuLjYPOe81zTGtMY0tbClrKWspaylqK
WopaymsMhA6MDoPNcwpyynrLcwtyynLKaohiiFrIYshrC4OOg46Lz4PNe0xzTHML
astqymLKYsliiGKIe0uUDpQPi857TXMLawpzCnMKe0pyyXLJcshqyWrKWopiilpI
YolrCHtJg4qDioPNg4x7S3MKaspqymKKWklaSVpJWklaSGJJcwuDjXuMc0tjSWMI
Wsdax1rHWkpSCVpJWkliinOMg417TGLLYotii2JLWgpaClpIWkhSR1JHWohqynNK
cwpiiVpIUkdSR1JISkdKR0pHSkdCRlqIawtqylJISghSSUoHSgdKB0HGQcZJx0HH
SkhrC2KKWklSCFIISghBxkHGQgY5xTnFOcY5xjmGOYc5hzmHOYdBx1pJWklBxzmF
MYQxRTGFOYcxhilFKUUpRSlFOcZKCEoIOYYxhimGKYYpRSkFKQUpBTFGKUYpRSlF
MUUxRTEFMUY5iDmIKQYoxSjEKQQpBClEKQQpBCkDMUMxAkGEOUQpBCEEGMQgxSEE
SYpaDFqNWo1SS0nIScpJyknISclRy0nJQYZJymrKaspiy1qKSkhKCFIJUclRyUFH
UcdJx1pJastrDWKLWktSClIKWgpJy1IMSgxKDEoLSglaCXKLesxyimqKYopiiVpI
WklaSVIISghJx1qJawpzS3tMc0tqymLKWslaiVKISghKCFIJUglSCVIJYopzDIOO
g457TWsMawxizFqLWopiimKJYkliSFpIWghaSVpIUkhiintNg46DjntNcwxzC2rK
YopSCVpJWkpiSWqJewqLzovOg01zC2rLasxqjGqNakxqTHKMYgpiSnLKi42LznvN
e4xzTGtMWolah1qHWohaiFpIWolzDIvPi8+DjntMewp6ynrKcstyymsKYsliiWKJ
csqDjYvOi46DjoNNewxzC2rKaopiiWKJYohiyXNLjA6MDoPOe41zTXMNasxqi2qL
Yotqy2LLWslaylqKWolaSGqJcsp7C4NLi42DjYONe01zDHMJashiSWJKYkpiSlpK
WkhaiHNLe817jWsLYwtjCVrHSoZSh2KJUkhSSFpHYsh7i3tLewpqyWJIakliSVoJ
WglaRVpFWkZSBVJFYshzSnNLYwlah1JGSkZSRlJFUgdKB0nGSgZah2sJYwlSSUpJ
QghCCEoHSgZKBjnFQgZCBkpHYwtrC1qJSkhCSEIHOcZCBkIHOgY5xTnFOcU5xDHF
OcUxhTmGScdaSVpJScc5hjFEMUQxhTGGMYYpRylGIUUxhjHHQghKSDnGMYQphCmE
KUUhRilGKUYphSmFKUUpRTFFMUUpBTFFOYg5yClFIQQgwyEDKQQpRCEDIQQgwykE
KQM5hjFEIQMhBCEEIQQhBDmIWktqzVKLUotJyUnJSclJiEGJQYg5STlJSctii2LM
WstSSlJJUglRylGKQUZBRkHHQcdSSHMLc0taylJJUklSSVJJWgpRyUmKSYpJykoI
WkpzDHrMcsxqS2pKaopaB1IIWklKSkoJSglaSmrMewx7TXsMcwtaSWKKYopaSFIG
UgdSSEoHUkliSmqKcs2Dj4OPc05rDWsMawxqi2qKakpqS2JLYktaCloJWghiSWIJ
aoqDTYONg017THsMcstqSmKKYkpiiWJIYkhqiHsLk82LzYOMcwxyzHLNas1qzWKM
YsxiimKJYohzCovOi857jXtNc0xzS2rJYohaiVqJYkliSWJJcwuMD4wOe417TXtM
e0xzDGsKYslqy2LJYkhqiXMKg4yLzovOg457TXMLcwtzC2LKYolaiGKJaslzS4wO
i8+DjntNcw17DXLNcs1qylrJWslaylrKWstiylrJUoliymqJcwuDTIONg4yDjHtL
c0tqy2rMYotaiVqJWopaimKKYopzDIOOg41rC2rKaspiyVqIYohiSWJJYkliSGqK
ewx7TXtMYslaiFqIWohaSFJIUghSCEoHSgdSCGLKc0tzTWMLSolKh0qHSkdKR0oH
SghKCEnHUoljC2LKUkhKSEoHSgdSSEoIQchByEHIQchKBmsKYwlah0pGQkZCB0HH
Occ5xjmGOcRBhEGEQYU5xznHMYc5h0IJUktSSkIIOUcxRjFGMUYxRzmGOYY5hTmF
MYU5xkpISkgxxjGFMUYxRSkFKQUpRSlFKUUpRSlFKUUpRSlFKUUpRTnHOccxhSEE
IQQgxCEFIQUhBSEEIQQhBCEFMYcpBRjEGMQhBCDFIQVBh1oKaoxaCloKUcpRylHK
SYpBSTlJOYlJyUnJYotqzWKLUopSClIKUgtBiUGIOUdBh0GHUklrTGtMWspaSVpJ
WolaSlnJWchZyFGHUchSCVpKcwxzTGsMYstiy1KLUkpKSkoJScdJx0nHWklrC3ML
cwtzC3MLaslaiGLIWodSBlJGSkZKSFKKWopaymsMg82DjXNMc0trC2LKaopiSWJJ
WklaiVqJWkpSSlqKYkpiCmqLg02LjYNMewtzCnLLaopiSVpJWolaiFJIYopzTIvO
k86DTHMLcstyy3KNao1ijFrLWolaimLKc0yDzoQOg817jHNKawliiVqJWklaSlpK
YotqzHNMlA+MD3tPew1zDXMNastqinLLaopaiVpJYolqy4OOg46DjnuOa41rTGtM
cwtqy2JKYopii2qLe02L0IwQg857THNMcwxzDHLMcwtqimqJaotiy1qKWolaylqJ
YolqynMLg02DjXuNg417S3tLawliyGrJYohaiVqIYoliyWLKc0yDjYNNastqimqK
YolaSFpIWkhaSVqJWkliyXNKe4tzSmLJWolSiFJIUkhSSVJJUghSCEoHSkdaiGsK
awlayFJHSkdSh1JHSkZKR0pIQgdCCFKJYwtiiVpIUgdJxUHFSgZJyEnISghJyEnI
UglqzGrJWohSR0oGQcU5xUHGQgdBx0GGQYdBhUGGQcY5hjGFOcZKCFJJSgg5xylF
KUUpRTGGMUU5hTlGOUYxRjFGOYZSSUoHQcY5hTFDKQIpAzFFKUUpRSlEKUQxRCkD
KQMpgymEKYRBxzmHMUYoxCjEIMUpBSkGIQYhAylDKQMpBDmGMQUgwyDEIMMgxCkE
ScViSWqKWkpKCUoKQcpKC0oMQcs5SUGJQcdBx1qKasxiy1qKUklKCVqLQglCBznH
MYY5x0pJa01rTWrLYopailpKWkpSCUoJSghKCUoHScZaSXMLcwtrC2LKWolSSVpK
WktSCUnIUghKCGKKawxrDHMMcwxiymMLWspaylKJSghKCFJJUkpSS1JLWoxzDYOO
g457TnLMcs1qjHJLeotyimqJYklqSWpJakpiikpIQgdqy3tMe417THNLawpzCmrK
YolaCVpKWgpiS2JLcwyLzouNe0x7SnMJcshqimqLaotijFpLYktaS2rLi8+Lj4NN
e01zC3tMaspiylqJUklaSlqKYopzDJQPk86DjHtMcwtzC2rLYspqy2LLYopiimKK
cwyLj4PPg4+DjnONc0xzDGsLYspaiWqKYslrCXtLk82LzoOOg017DHMLcwpzSmsK
asliyWLKaopiSWqHaodihmKHcst7DINNg42DjnuNc0xzC2rLYspiimKKYolaSFqJ
WolaimsMe857jWsLaspiylqJWolSSFJJUklSilJKWot7TINMewtqilqJWolSiFJI
WohSSFJHUkhSSEoIYoprDGsKaslSR1JHUkdKR0pHSkZKRkJGQkZKiGsKaspSiVJJ
QghCCEIIQchCCEHIQcZBx1KKYstiy1pJSghBx0IHQcY5xjoHOcY5hzmHOYY5hjnG
OYU5hTmGSghSSVKJOcYphCFDKUQxhDGFOYY5hjFGMUUxRjnHUkpKCEHHOYYpRCFE
KUUhRClEIUQpRClEKUQpRCFEIUUhRTFGOYg5iClGIQYhBSEFIQUpBikFKMUoxSkF
MUYxhylFGQMhBCEDIQQpBTFGWotizFKMSgpBykoJSghBx0HHOYc5hzlGSchSimLL
YstaS1IKSgpJyknKSclBiUGJQchaimsLawtqy2pKWgliSmJKUcpRykmKScpRyknJ
WktrDWsLYwpiylrJWkpaSVpJUgpJyUHISclaimrMawxzTXNLawtiy2KKWkpaSVIJ
SglSCVJIUkhSSGKKcwyLz4uPcw1qzGrMYopiimrLYstiiloIYklqSWJJWkhSCVJK
Wkp7ToNOg4t7SnsJcspyiWKJWolah2KHYsdiiHsMk8+LzXOMc4xrS2tKawtiymqK
akpqSmpKakpyzJPPi86DjHNMa0trS2MLWopiiVpIWklaiVrKc0yMD4wPg417S3NK
c0prCWsJasliyWKIWohii3MNg06LkIuPg417TXMOcw1iy2rLaspiiWKJYsl7ioxM
lEyDy3uKe0lzCGrIawhrCmrJYslqimqKaopiSmJKYopii3MLe0uDjIvNg817jHML
awtrCmLJWohaiVLIUohayVKJWopzTYPPe01iy1qKYopaS1KKUkpSSVIJWkhaSWKJ
c0t7THMLYspailrKUslSiVJIUghSCFIIUghKCGLKcwtrCmLJWohKB1IHSghKCEoI
SgdKCEoIUkhqy2KKUghKCEHIQchJyEnISchJyEHGQcZSiWMKWspKiEpIQkdCBkHG
QYZBxzmHOYc5hzFHOYdBhzmGOYY5hkHIUklSSTnHMUUpBSkFMUY5hjmGMYYpRilG
KYYxx0JISkdBxTGFKQUpBSkFKUYpRSFFKUUpRylHKUYhRilGIUUhRTnHOYcpRilG
IQYhBSkGKQYhBSEFIQUhBSlGMYgpBhjFGMQZAxkDIQNBiFqMYo1SS1ILUgtSClIK
SclByEHIOYk5R0nJYktiy2KLWkpaCFnIUcdaB0IGSchByEnISkprDXMNYstSilqL
WotSSlIKUctRi0nKSclJyVpLasxrDHMMawxijFpLWkpaClIJSglByUoKWoxizGtO
a0tjC2MKYwpiyVqIUkdSCEnHSghKCFIIWklaymsLg857jmsLawtrCmMKWwljCmLK
YspaiWKJYkpaSVoKWgpaCGqKg06DjYOMe0pzSnMKastiilJIWohaiWKJYolzC4vQ
i497TXMNcw1yy2KIcslqyWqJaopiSWJJcsuLjpPOi4x7S3NKcwpiyWLJYopaiFqJ
YoliinsMk8+Tz4uOcwtrC3NMastrC2LKYsliyFqIYohrS3uMg86LzntNe017DHLL
astqymqJYoliiWqKe0qUDZQNi4yDjHsMcwpqymrKcspqynKJcslqiWqKWkhaCWJK
Yopqy3NMc4yDzIPMe4tzi3MKawpiyVqJWkhaSVpIWodah2LIc0qDzHuNawtaiVqK
WotailJJUklSSVJIUohayXNLe0xzC2rKYspiylqJUkhKB0oHUghSB1HHUghiymtL
a0payFLHSoZSRlJHUkdSB0oISghSCFJJastiylKISkdCR0oHSchByEGHQchByDnH
SkhayVsJUodKR0IGQgZBx0HGOcY5xjoGOcgxhzlGQYZBhEHFOcVCB1KKUklBhjlG
MQUpBTFHMYcxRzGFMYcxRjGFMYZKSkIJMcUxhjGGKUUhRSlFKUMpQylDKUUpRiFG
KUcpRiFFKUUxxjHGKQUhBiEGIQUpBCEEKUUpBClEIQQpRDnHKUUgwyEEIMMhAykD
QYlSC1pMWkxiSWJJWglJyDnIQcg5iTlIQYdJyFpMcs1qTGILUclRyVIJSchBh0GH
QcdJx1pIYwpzTGLMWkpSSlJKSglSSkoKUgpJyUnHSchiSnLLcstyy3LLastaSlIK
WgpKCUoJQglKSVrKawxzTXMMcwxyzGqLWopSSlKKSghKCEoISclSClpLYkpzCovM
i4x7THMLcspqymrJaspqymKJYopiiVpIYopaiVJJUkhiiXuMi82DjHNLcwxqy2rL
YopaSFqHYodiiGqKe0yLz4vOe41zTHMMcwxqinLKcspiimqLaotiS3sNi5CTz4NN
g417TGtKawliyGLIWshaiVqJaotzDIwPlBCLj3sNewxzDHLLastqy2qKYspayWqK
cwtzyovMi8yDi4NMcwtqiWrJaohqiGqIaslqyHNLjA6MDoPNe4tzSnMKawprCnLK
aotqi2qLYotiiFqIWohSiGKJcwt7TINNg417jXuNe01zDGsLYspiymKJYohiSGJJ
YkliSWsLg817jHMKashiiWKJYoliilJJUkhSSFKIYsl7jHuNawxiimLJWolSSFJI
UkhaSVIISgdKCFJJYstzC3NLWsdSx1qHUoZKRUoISgdKB0nHSgdSSGMJWwhSx0qG
QkVKB0oHSgdCB0IGQgdCB1KJYwtjC1KJSghKCEHHQcdBxzmGOYVBxjnGOYYxhjmG
OYY5hjFHQclSSlJJQYY5RTEFMQUxBTlGOUY5RjlHMUcxRjGGQkc6RznGMYUpRCkF
KQUxRSlFKUQpRDGFKUQpRCFEIUQpRSlFOcYxhikGIQYhBSjGIMUgxCjGKMUpBSkF
MUZByCkFIMMoxCDEIMQhBDFJWgtijGJLYklaCGJJWghJhkmGQUVBRUlGUcdqi3LM
YopaCUoIUglSCUHHOcc5xznHQghKSWMMc05qzFqKUklSSlJJSgpJylHKSYlRiElH
YglyynMLawpqyWLJWohaiVJISgdRx0nGUcZiSHMKe0t7SnMKcwpqzFpLWoxajFJJ
WglZyFHIUgliSWKKcwyDjoOPcw1zDWrMasxiymrKawpiiWrJYolah1qIWodahlqH
Yol7TIONg45zTWsOaw5qzWKLWkliiWJIYkdqiXsLjA2DzXtMc0tzC3MLasp7S2JK
YkpiS2JKYktyzIuOk8+DjntMe0xzCXLJYkdiR2qHaktiS2qLcwuMD5QPg417THML
ewtyynLKcopqimqJaopiSnLJg4uLzovPg417THMLawprCmrIcshyiGqHaoh7CpQO
lA2DzHtMc0tzC3MKaspqymLKaslqyWKIWohayFrJWsliynMMc0x7TIONg42DjHtL
c0trC2rLYotaSlpJYoliiGKIaolzS4OOe45rDGLLYopiSWJKYopaSVpJWkhaCGrK
g42DjXsMaoliSWJJWkhSCFIIUghSCEnHScdaCWLKcwtzS2LJUkhSR1JISghCCEII
QghCB0IFWohqyWLJUkhKR0oHQgdCB0IHOgU5xEJFQgRShWLJYslaSUnHScdBx0HH
ScdBxjmFOYVBxkHGOYU5hUGGOYYxhUoIUkhKSEHGMYQxRDFFKUYxhzGGMUYxRjlG
MUU5xkJHQgc5xjGFKUQpRCkEKQUpBSEFKUUpRSEEIQQpRClEKQQpRDnGMUcpBikG
KMUpBCkFKQQpBCkEKQQpAzFFQccpRSEFGMQYwyEDGMM5h1JKYw1SSlJLSghBx1II
ScdJxkGFOYY5hUIHWspjC2rKSklKSUoISglJyUnJQYhBiEGIUclqzHMNcsxii1JJ
SghSSFIJSglJyVHKUYpJSGJKYstrTGrMYoxiSmJKYkhaSFIGSgZKBkoHUohrCnML
cwxzC2sLastiiGrJYopaCVHIWglRx1oIYoliiXMMg4+Dj3tOcw5qzWKMYopiy2LK
WohaiVpKWopailqKUkdiSGJIg0yDjYNMew1zDHMMastiilqKYopiSmJJYolqy4vN
i82DjHtLc0pzCmrJaolqiWKKaopiiWJIcwuLzYvOg41zTHNMc0xjClqIWolaiVqJ
WoliynMKi82LzYONe0x7C3LLcslzCmrKaspqimKJYolzDIvOi8+Lz4OPcw1zTXMM
awtqimJJYklqSWpKesyUEYwPg457DnsNcstyy3LLcstyiXKIaohiyFrIWsdbCFrI
YohzCnsLg4qDy4PLe4tzS2sLastqjGKLWktaSlpKWkliSmLKc02DjnNNasxiy2KK
WkpSSlJJSkhSSVKJUolqy3NMcwpzCmrJWohaiGKJUkhSSFpIUghKB0nGUgdiiWrK
aspiiVpJUkhKSEpISgdKR0IHQgdKR1qIasliyFpHSgdKCEoIQcdKCEIIOgVCBkIF
SkZjCVrISkhCCEIHQcdCB0IHOcQ5hTnGQcY5xTmFOcU5hDFDOYRKBVJGSgc5xTGF
KUYpRilHMYcpRjFGMYUxRSlFOYZCB0IHOYYxRikEKQUpBCkEIUQpBClFKUUpRSlF
KUUpRSlEKUU5xzlHKQUpBSkEKQQpBCkFKQQoxCjEKMQxRjGGIUQZAxjDGMMYwyDD
OUhSC2LNSklSSEoHSgdSB1HHScdBhjlHOUZBiloMao5iTFpLUgpKCkoKSglByUGI
OYhBiVJIcwxzC2rKYopiimJKUklKCEnJScpJyEHIQYhSCmKMaw1izGKMWotaSloJ
UglSCVIJSglKCVJIastzC3tMcstqymrKawlah1JGWkdRxloJWghSSFqJWohrSXvL
g8t7inNKcstqi2pLaotiilqKWopSilJKWkpaSlJIUkdix3uKe4p7i2sKawtrC2qL
WgxaDFILWklaSGKKawuLz4POe0xzS2sLawpiyWrKaotiSmqLaotiSHMLi86LzIOM
e0pzSmtKWslaiVpJWkpaSlpKWopzTIwOjA6DjHtLc0pzC3LKewtyynLLaotqSmpK
esyDjovNi82DzntNcwxzC2rKYspiymLJYolqyntMjA6MD3uNg0x7DHLMcsx6zGqK
aspqymrJasliyWLJYshiR2KHcwp7S4OLg8yDi3uLc0tiymLLastqiWpKYklaCFpJ
WklainMMg857TGrLYspiymKJWklaSEpIUkhKSFJKast7TXtNcsxqi2KKWkpSSVJJ
UklaSVJIUkdSB0oHWolrCmsJWohSR1JHUkZKhkpGSkZKB0oGSgdaiGLJYslSSEoI
SghKCUoISghKCEHIQcdBxlJIWslayVJISkdCBkHHOchCBzmGOcZBx0HGOYY5hjmG
OYY5hjmGSghKSUpJQggxhilFKUQpRDGFMUQ5hTFGKUYpRjHHQghByDlGMUUpAylF
KUUhBCFFIUYpRiFFIUUhBCkEKQQpAylEOcYxhSEEIMQgxCDEKQQpBCEEIQMpBCkE
MUY5hylFIQQhBCEEIQMhBElHYgpqS1qMWsxSS0oKSglJyEnIQYk5iDmIOYhajGrN
Yo1aDVILWgtSC0oKQclBiDmIQYdSRmsJa0piylrKWspailpKUchJyEnIQYdBx0HH
UklzTHMMcsxii2KLaotiSloJUghSCEnIScdSCWsMcw1zTXNMaspqy2KLUklKCUoJ
QglKSkpJWotai1qKcsyDjIuNg01zC3LLcstqymLLYstiimLKYolaSVoLWgpSClpJ
csiLi4OLe0p7SnMJe0piimrMWkpiSmKKWopiy2sMg8+DzntMe0tyymrKaopiy2LM
Yotii2KLWklqy4vOk86DzntMe0tzC2LKYolaSlpKWkpiSmJKe0yUD4wOg417THNL
awtzDHMMasxqy2KKWkpaSWrLg46DjovOg417jHNLawtqymrKaopqimKIYoh7TJPP
jA+LzntNcwxzDHMMcwxzDGrLastqiWrJYodiiGrIYohiiXMLc017jXuOe45zjnNN
awxrDGLLYsliimKIYkhiSFqJYolzS3vNe4xrC2KKYotailqKWopSSVpKUklSSmrM
e057TmrNWo1ai1pLWkpiSlpIYkdaR1IGWgZSBmKJcwtqy1qKWkhKR0pISkhKSEoH
SgdJx1IIYolqymKJUolKSEoIQgdBx0oJQchByUmJQYhSSVqKWopSSUIISchBx0HH
Qcc5hzmHOYdByEHIOUc5hzmHOYVBxkoHSkhKSTGHMYcpRilFKYUpRSlFMUUxRjFG
MUY5x0pJSkg5hjGGKUUpBylHIQchBykHIQYhBSEEIQUpBSkFKQUpRDmHOYYxBijF
KMYoxijGKMUoxSkFIQQhBClGOcchRSEFIQUgxSDFIMU5RknIWkxaTFILUgtSCUnH
SchJyEnIQUg5SEGJWgtijWKMWktSClIKSctJi0mMQUs5CkGISclqzGrNYo1iTFoM
UgpSClIKUcpJyUGJQYlRylpLasxzDWqMYoxiTWJNWktaiUpISgdKB0oHWklzDHNN
awxzDGsKasliiVpKSkpKCUoIUghSB1pHYshiiHtLg4uDjHtLawlqymrKYstii2rM
YoliilpKWgpSCloKUgpaSWLJg0yLzXtLc0t7S2rKaspiiVpIYkhiSGqIaspzDIwP
i897TXMMcsxyy2qLcspiimLLWslaiWKJawuLzovPg497TXLMcsxiimJJYkhaiGLI
YshiynNMg8+Dz3uOa01zDHLMcs1yzWqMaopiimKJYkpyy3uOg82MDoPNe01zDHMM
astiimKJakliiVpHg0uTjovPi857jXMLcwtiimrLastqy2LLYspiimKKYkliSWJJ
YklzC3MNe057jnuOe45zTWsMYwtaylKJUoliiWKJWoliiWLJc0x7jXNMYspiiWKJ
WklaSVpKUglSSlJKWkhiynONc41jC1rKWspSiVKJWklSB1pIUgdSBloGSgVqx3tK
cslaiFJHUkhSSFJISghKB0HHQcdCBlrKYwtSiEpHSkhCBkIGQgdJyUHKOYo5iTmI
Uktai1qLUklKCEoHScdBhUnGQcY5hjnHOcg5hzmHOUc5RjmHQYdByFIJSghBxzFG
IQQpBikGKQYxRzFGMUYxhjGFQcdKSEoHOYYxRjEFMQUpBSkFKUcpRyEGGQUhBiFG
IQYhBClEKUUxhzGHKQYpBijFKMUoxikGKQUpBiEFIQUpRzHIIUYhBRjFGMUgxCEE
OUdJyGqLao5iTVoMUctRylpJUglBh0FHOUdJSVoLas5qzWrLWglSCVoJWctJSUlJ
SYhJyFIJasxzDGrKYolaSFJIYkhiSGJIWgdaCFIIWklaSWrMe01yzGqKakpqSmJJ
aopaSVIIUghSCFpLaw5rDXMNawxrCmLJYsliyVqJUkhKB1IHWghaSGJIaol7C4uN
i42DS3sKcslqiXLJawlrCWLJWopai1pMUktaS1oLWklqyoNNg4yDS3tKe0tqyWrK
aoliSVoIYkhqSXLKewuTz4uPe02DTXtNcsxrC2sLYopiilpJYopiSXNKi82LzoOM
e0uDS3tMaspiiVpIYkhiSGqJasp7S4vNlA+DjnMMcwx6y3KLcspyynLLaspiimKK
cwyDTYvOi86DjHtMewtyy2rKaolaiFqIYsliyXNLi86LzouNg417S3tMcstqy2sM
Ystii2KLYotii2KKYopiiWrKcwt7TIONg42DjYONe0xzDGLLYopiSWKJYopiilqK
Wotiy3sNg457THLLasliimKKWklaSVJJUklaSVJJYspzjXNNawtiymKJWohaR1pI
WkhSSFKHSkVSRVqGawhzSWsJWodSSFJJSghKB1IIUghJx0IHSglaiWsMWspSSUoI
QcdBx0HHSgdCBkHHQcdByFpKYstaikpISghBx0HHOcZBxkHHOcY5xjnGMYYxhTlG
OUU5RTlFSgdSSEoHOYYxhSlFKUYpRilGKUYphCmEMcUpxDHFQkhCBznGMYUxRDEE
KQUpBTFGKUYhBilHIQcpRykHKQYpBDFGQYc5RjEEKMQoxCkEIUUhBiEGIQYhBiEG
IYUxxilFIQQYxBkEIQUhBTmHQcdailqKUklSSFIKUglSCUoJOYoxiUEJSUlaCmqM
aotiSmHIYchhyEnHSchJx0nHQYdSCWKLcw1ii1pKWkliSVpIWghRx0mGScdBx0II
UghyynsMcstqymLJWohaiFoHWgdRx1HJUglSSmLMawtrS2MKYwprC2LKYopSDEnL
SctJylILUkpaimKLcwqLjIuMg0xzC2sKasliyGsJawliyFrJWklaSlpKWglSCFII
aop7TYvOg417THtLcwpqyWKIWkdaSVpJWklaimLLi8+Lz3uOew16zHLLcslyyWrI
coxqTGpLYkpyzIuOi86DjYNMe0pzSmsJaohiR1pIWkhiSWKKcwuMD4QOe417THML
aspqynLKcspyymqKakpiSnKLg02LjovNg0x7SnsKcwlrCWLJWolaiVqJYsl7TIvO
i86DjoNMgwx7C3MLawtrC2LKWspjCWLJYsliyWKJYoliinMLe0uDTItMi4yLjINL
ewtqzVoKYgtiC2JLWktSSlpIYspzTIONc0tjCmLKYoliilpJWklSCFIIUklSSVrJ
c0xzjGsKYslaiFpHWkdaR1JISkhSSUpHSgdSRmrJcwlqylpJUklSCEoISgdKB0oH
QcdBxknHYklqy2JLWgpRyUmIQcdBx0IGQcY5xUHGSgdSS2KMWotSCkoIQcdBhjnF
QcZBxzmGOYY5hjmGOYY5hjmFOYQ5hUIGSkdKBznFMUQxRClEMYUxhSmFKYUpRDGF
MYU5x0pISgg5xylFKUUhBiEGKQYpBikGKQUpRSkFKQUpRSlEKUUxhTmGKUUpBSDF
IMUgxCkGKQUpBCkEKQMhAylEMYQpQyEDIMMgxCDEGMQ5x0oIWotSi0pKSkpKCUoJ
SchByEHIOYg5SEGIWgpqzGKLWkpaCloJUchaCUHIQYdBx0HHUkhyynsMcstqilpK
WgtKS0oKUgpByUnJQchByFJKaspzC3MLastijFqLUktSClHJUclRyUnJWkpqzGtN
a0prSmMJYsliiVqKUkpKCkIKSgpKClJLUkxiinMLi42TjXtMcstyy2qKastqymLK
WspjCVrIWshiiGIKWclhyWpKg06Dj3uOcw1yzXLNaoxiS2IKYkpiSmIJaop6y5OO
k4+DTnMMcwxqy2sKcspyymqKakliSVpIcsuLjovNi8yDTHtLcwtyymJJYkpaSVpK
YkpiinMKi86EDnvNc0xrC2rLcwtqy2rMYoxijFpLWopzDIONi82LjYOMe0t7C3ML
cstqi2KKYotyi2pLew2Tz4vPg457TXsNcwxqy3MLcwxqy2rLaspyymrKYopiiWJK
YoprDHNMe4yLjYuNg417DHMMcwtiy1pKUkpailrJWolaiGLJc4t7zGtLawpaiVrJ
WolSSVKJUklSilKJUohayXOMc4xrCmLJYohaSFpIUkdSSFIJUglaSkoJUglii2sM
asxaSlpJSgdKB0pHSgdCB0oIQcdCCFqKYstii1JKQglCCEIIQgdCB0HHQcdBxkoH
WohiiWKJUkdKBkIGOcZBxznHQYdBiEGIOYc5hjGGMYYxhjGGMYZKR1JISkg5xjGF
KUUpRSnFKYUphSlFKQUxRSlFOcZCCEIIOYcxRjFGKUYpBSkFMUYxRTFGKUUpRClE
KUQxRDFFMYY5iCkGKQUpBSEFIQUhBSEFIQQpBCkEKQQxRjmHIQUYxBkEGMQYxRjF
MUZKCFqKYopaikoJQclJyUnISchJx0GHQYZBR1oKasxqzFpKWkpJyknLUg1BijmJ
ScpBx0oIastrDGrMYopaSlpKUkpSSlIKSglCCEIIQglKSWMNa05rDmLNWoxai1JK
UkpSSkoKQclJyFpKasprC3sMcwtqymsKaslaiVJISghJyEnISglaSVpJYolrCoPL
g8yDjHMLcspqymrLcstqi2KKYopiimKIYohiSFoJWglii3uMhA17y3NKcwpqzGKL
WopiiWKJYkdiR2qJewuDzYPOg41zS3MLaspqymrKYstiilqHYshih2sJg4yLzYON
e0xzS3sKcspqiWJIYkhaiGKIYshzCovOjA+DjXtMcwt6y3rLestyy2rKaspayFrH
awl7jIwNi82DjHMKewt6y3KKcolqiWpJaklqiXsMk8+TzouOg01zC2sKawprCmsL
Yspqy2qKaopqimqKYkliSWqKcstzCntMg4x7y3uKc4pzSmsKYsliSWJJYkliSWJI
YohqyXtLg417DWKLWkliilrJWolSiVKIUolSiEqJaotzDHtMawxiyFJHWklSSVIJ
UklKCUnIUkhaCFoIaotyzGLLWkpSSUoHSgZCBkoHScdKB0HHQgdaiWLLWolSSEIH
SgdKBkoGScZJxkHFQcU6BkqHWshah1JHSgY6BjnGOcZBxzmGOYY5hjmGMUYxhDGF
MYUxhTGFQghSSUHIMYcxRikFMUUxhjGGMYUxRSkFKQUxBTmHOgg6BzGGKUYpRTEF
KQUpBTFGMUUxBTFFKUQpRClEKUUhAzGGOccphSEEIQQpBCkDKQMpAyEDIQMhRCEE
KUUxhxkFEMQQxBDEGQQZBCkHSgpai1qLUkpSClHLUc1RzUmMOUg5R0HIQchSSmrN
as1Si1JLUktKS0pLOck5yDnIOcdSiWsLc41aylqJWopaiVJJUklSSkoKQclJyUnJ
UglizGsNaw1izGLMWotaykpHSohCR0JJQglKCWLMawxzTXMNastyy2qLYopaSUoI
SghKB1pIWkhaSGqJcwmLzIvMe41rS2MKYwtrC2rLastqy2KLYopiimKLWotaSVpJ
asuDTYvNg4x7S3MKaspqy2rKYoliimpKYkpqi3sOg9CDz3uOcw1zDHLMcotqinKL
aopqiGrGYsVzB4vMi82DTntNcw1zDHLKYopaSWqKYoliiWqJewyLzpPOe41zTHNM
cwxyzHLLcspqymrJWohiiXLKg4yLzZQNi4t7SntLcwpqyWqJYoliSWJJYol7TJPP
k8+LjoNNcstyy3MLcstyy2rKYspiymrKYopiimpJYklqynMLcwuDjXuNe417jXtM
c0xqymKKWolaiVqJUklaSVqJYsp7THuOaw1izGpLaopiSWJJUolSiVJJSghSSWqL
ew2DDXsKYshaiFqIWslKSFJKSghKCEoISgdCBmMJYwlbClKJUolKSEpIQgdKB0IH
SgdCBkIHWoliy1qJSkhCB0IHQgdCB0IHQcdBxznHQclaSlqKUkpKSUIHQgZCBUIF
QgU5xTHFMYUxxjGGMUVBhjmGOYQ5xUIHSkdCBjmFMUYpRTFGOUY5hTFFMUUxRTFF
OYZBx0oIQggxhilFMUYpBikFKQYxBjEGIQUhAyEEIUMpRClEIQQxRUIIKYUhBBkE
KQQpBDEDKUUhBCEEIUMpRDGGMYUhBBjEEMMQwxkEGMQxBkoHYspiylIIUkpKCVIK
UgtByTlJOYk5iDmIUktay1rLWotSSVJKUgpJyUnIQYhBh0oJUkpjC3NLaslaSVIJ
UglKCVIKUcpRyVIJUcpRiFoJcotzDWrMWkxijGKMWopaCVpKQYpBiknKUktrDWsN
aw1rDWsLYsliiWKJWglSCFHIUghaiVKJWspaymsLe42DjXNLaspqynMKcwtqymKK
aspiiWKKYopiiloJWglaCGJIg02LjoNOe01zDWsMYstiymJIaglySmoKcot7DIPP
jA97jXMMcstyynMIawdzCGrJYsliiGLJawmDzIPMg4x7SnNLe0tzCmKJYkpaCWIJ
YkpiSYMMk82LzXuMc0xzTHNMawtyy2rLastqy1pKWkpqzHuNg86DzXuMg0x7C3MK
copiimKKYoliimKJe0yUD5QPi46Di3tMcwtzCXMLaspqyWrJaolqiWqIYohiimJJ
Yol7DIMNg0yDTYOLe4p7SmsLastiimJKYkpiSmJJYohih2LIe4t7jXMMaotqimKK
YklaSFJIUkhSSFJJUkliy3tLc4pjCGMHWoZahlqHUodaR1JHUkdSR0IGSkZiyGMJ
YwpiiVJISghKCFIJSghKB0oGQgVCBWLJYwlSiEpHQgVKB0oHScZJx0HHQcY5xkHH
UolaylJJSghBx0HHOccxhjnHOcc5xzmHOYY5hjmFQYU5hTmFQYZKB0pIQgcxhilF
KUYxRSlFOUUxRTFFKUYxRTGGOYdKCUHHMYUpRTFEKUQhRSlGKUYhRiEEIQQpBCkE
KQUpBSkFMUcxiCkGIQUgxSEEIQQhBCkEIQQhBCEEKQQxRTmGIQQhBBjDGMMZBCEE
MQhSSGKKYopiiloJUchSCVIJSclBiUGIOUhBiFIJastqSmIKYgpZyVnLUctJyUmK
QYpBiUHJYsp7TGqJYkliiVpJUgpSClIKUgpSCVIIScdaCWrMcwxyy2rLaotqSloK
UgpSCkHJQchKCVqLasxzDHMMcwtqimqKYoliiVIIUkhJx1JJUglSSlqJaspzTHvM
g8yDi3NLe0tzC3MLastqi2rLYopiSmqLYopSSVJJUohiyXuMi46DjXNMc01rDGrL
YopiiWoIcklySWoJgwyLz4vPg45zDHLLcstzCnsLcslqimqLaoxiy2sMhA2MDYPM
e4tzSnNKawpaiGLKYstiylqJYol7C4wNjA2DzHNKe0tzSmsJaspqy2rMYoxaS1qK
awx7jYPOg86DjYNNewxzC3LKYoliiWqKaolqyIOLlA2UTYvMg41zDHMMew1zDGsL
aspiiWrIasliyGLJYohaiVpIasuDTIONg42DjXtMewtzCmrLYotii1pLWkpaimKL
YotjCnuMe81rimMKWspSiVqJWolaSVIIUkhaSVpJYstzjXuLa0ljCVqJWohSSVJJ
WopSCFoIUghSB1pHYslrSmtJWshKhkpGSgZSRkoISgdJxUnGScZaR2LJWopKCEoH
SghJyUHHQcdJyEHHQgdCBlKHWwlSiFJISghCBznGOcZCB0IGQcY5hTGGOYY5hjmH
OcYxhjnGQgdKCEIHOYYpRSkFKUUpRTGGMYYpRjFGMUY5RkGHSchBxzGGMUUxRSED
KUQpRCEEIUQhBSlGKUYpRiEFIQUpRTmHOccpRiEFKQUpBCkEIQQhBCDEIQQhBCEE
KUU5xyEEGQMZAxjDKQQpBDlHUgpijGKMWgpaCVHIUcVSBlIGQYlBSEFIQUdaSnLM
aotiCloKWcpRiVHKQck5iDmIQchKCGLMe05qzFpKWgpaClHJUghKCFIIUghSCFII
Ughqy3MMcwxzDGKLYotii0oJSglKCkHKSghaimsJa0pzSmsKawlrCmLJYslSSUpI
QghKSkoJSglSSlpKcwyLjoONg417DHMLaspqymrKaspiyVqIYolaSlpJUglSSFpI
Ysl7jIPMg4x7S3tKcwlyyWqIYkdiR2JHaodiyHNLi86MDoPNe0xzTGsLcsxyzHLL
cstqimqJYolzC4vOk86DjntNew1rDGrMYkliimKKYolaiWrKc0yMDowOg4x7S3tJ
e0l7CGrJYsliylqKWolaimsLg46LzovOg417THtMcwtqy2rLWspiymLKYolzTIvP
i8+DjoNNcwxyzHLNcs1yzWqLaopqymrKYsliimKJYklqiXLKg0yDjIONg46DTntN
csxyzGqKYkhiSFqIWohaiFqIWsdziXvKc0lrCWLIYolaiVJIWghRx1oHWgdSRmLK
c0xzTGrLYopiSmJKWkpSCVIJUglSCUnIUglaSWLJcwtiiFpIUkdSR1JHUgdJx0nH
QcdBx0nHWklii1qLUgpKCUoJQclByEHIQYhBiEHHQcdSiFrJWkhKB0nHSchBx0HH
QcdBxzmGOYU5hjnGMYY5hjmGOYU5hlIIUghJyDlHMUcpRClFKYUphTGGMUYxRjEG
MUZBxkpHQcY5RTEEOUUxBDlEMUQxAzFEKQQxBzEHKQYpBSkFIQUphzHIKUYpBSkE
KMQpAykDKUMpQyEFGMUhBTFHMYchBCEDIQMhAyFEIURBh0nIYotii1oKUclaCVHJ
WclJyUGHSYdBhkGGUghqzGKLUgpSC1ILSclRyUmIQYhBh0HJUgpizGtPaw5azVJL
WgtRy1nKUcpZyloJUchKCFoJasxrTWMMYwxay1rLYstaiVpJUghJyEnIUkprDXNO
c01zTGrMastiimLKWkpSSEoISghaSlpKWgpiTGrOe5B7z3OOcwtzDHLKaslqyWLI
YshayFKJUklailqJWolaiWqKg06DTotPgw17DWsLastiylqIWolaiFqJYspzTIwO
i8+DjnsMew1yzHKLaopqinLLaopiimKJasqDjYvOg457TnNNcwxizFpLWktSS1JL
Yoxqi3MMi8+Tz3tNcwtzC3LKcspqiWrKastiimKKYolzC4PNjA2LzYOMe01zDGrM
Yotqy2JJYolqimKKe0yTz5PQg497TntNcwxrCmsKcwpzCWrIasliyWLJYsliyWKI
aodrCXtKg0yDjXuNg417THMLcw1iimJKWgpSCVpKYohah2LIc0yDjXNMaspqymqJ
WolailqJUkhaSFpIWkhqynNMc0xrC1qKUolSiVpJUghSCFpJUklSR1JGWkdqyXsK
aolah1JHUkdSB1IHUghKCEHHQcdCCFqLWotaSlJKSclCB0IGQgdBx0nHScdBx0GH
Wkpii1pJUglKCEnHQcZBh0mJQYhBRzmFOcYxhTGFOYU5hTmFQcVKR1JHQgY5hTGE
KUQxRTFFMUUxRTGFMYYxRTFFOgdKCEIHOYU5hTlFOUUxBDFFMQUxBTEFKQUpRSlF
KUUhBiEFMYY5xzFGKQUgxCDFIMUhBSEFIQUhBCDDIQQxxylGGMQYxBjDGQMZBBlE
QYdBx1qLWotaS1HJSYhJyUnIQYdBh0GGOUZBR1IJas1izVJLUgtaDFHLWctJijmJ
QYlByUoKWoxrTmMNUoxSTFJNUgtZy1nKWclSCknJQYhRyWrKcwtrC2sLWstai1qK
SklKSVIJUchRyFIIawxzTXNMc4trDGsMYsxai1JKSglJyFIJWgpiC2JLYkpyzHtO
g06DjHsLcwpqimqMYktai2KLYotaSVpIWolSiVJIWkhqi4OOg417jntOcwxrC2rJ
Yshih1pIYkpiimrLcwyLz4vPe41zTHNMcwxyzGqLaoxqjGJLYkpiSWrKi42TzoON
e0xzDGsLastailqKWkpaimKLaot7DIvPk8+DTXsLewt7C3MKcslrCWrJYoliiWJI
asqLTZPOi86DTXsMewtzC3LLaspiiWKJYkhqyIOLlA2UDoONe0x7DHMMawhrC3ML
aspiyGrKYolaylqKWopaiWKJawp7S3uLe4yDjXuMe0xzCmrKYopiSlpJWkliSVpH
YkdqiINLg0x7S2sKaspiiVqJYolaSFpIUgdSR1qIawpzjGtLawpaiFJHWohSR1qI
UkdKR1IIUghSCFoIaot7DGrLWklSCVIIUkhKB1IIQcdJx0GHQcdiy2rLWkpSCUoI
QgZCBkIGQchBxznHQgdCB1LJWspSiEpHSkdCBkHGQcZBxznHOYY5xzmHOYYxhjFE
OYU5hTmGSgZKCEIHMcYxhSlDKUMxhDFEMUMxRDFEMUQxhEIHSgdBxzGEMYMxhDFD
KQMpBDEFKQUpBSlFIQUhRSFEIUMpQzGFMcYpRSEEIMMhBCEFIQUgxCDEKQQpBClE
OYYxBSDDIMMgwyEDIQIhAkEJSYpiS2rMasxSSknISglJyFHJQYhBSEGIQYlRy2qO
ao5aDFHLWgxRy1HKUgpJyUHIQchCCVrMa01jC1qJWopailILUgtSDEoKUglJiFHH
WghqinLLcwtyy2rLWopSSlIJUglSCUnIUglSCWrKewp7S3NLcwpqyWrMYotaSloJ
UchZylIKWktiS2JJcsuDTIuNg05zDXMMastqy2qLYoxijGKLWklaSFqIWohaSlJK
Yot7TYOOe45zTGtLa0xjClrJWshiiWqKaolyynMLi86MD3tNcwxzDHsMcwxqi2rL
YspiimKJash7CovMk82LjYNMewxzC2rKYolaSWKKYopiimLIe4uUDYwNg4x7THsM
est6y3qLcsxyzGqLaopqynMLg42LzovOg42DTXtOew1zDGqMaotqi2KKYst7TYvQ
lBCDznuNe4pzSXNIcwlzCmrKYsliyWrJaslqiWpJYklqSnMLe4t7i3vMg8x7jHNL
YwpiimKKWkpiSmJKYkpiSmJKYoh7jHuMc0prCmrKYslaiVqIWohSSFIIUkhaiGMK
c4xzTWsMUopSiVqJUkhSSFIHUgdKBlIIUghSCGKLcwxiylqJUkhKSFJIUgdSB0nG
ScZJxlnHYopiikpISkhKCEIHQcdBx0HHQcdBx0oISghah1rIUodCR0IIQgg5xznG
OcZKBkHFOYU5hDmFOYU5hTmFMYQ5xUpHSkc6BjnHMUUpBTFFMUU5hTFFMUUxRTFF
MYZCCEpJQcc5RjFFKUUpRSlFIUUhRSlEIUMpQylEKUQpBClEKUQxhjnHKUQhBCEE
IQQhBSEFIQUgxCjEKQQxBTlHMUYoxCDEIMQgwyEEIQQxCUGIWktqzFqJUgpSClIK
UcpJyUFIOYg5h0HIQglizGLNWktaClIKScpCCkIKOck5iDmIQcljC2tMYwpiyWKK
WkpSCloLSgtBykIKQclBiVHKYklyy3rLaspiymKJWkhaSFpJUchJx1IIWkliy3MM
ew1zDXLMaotiilqLWktKClHJUglaClpLWktaSmLLg8+DzntMcwtrCmLJYslqymKK
YopiylqJWklSSVJJUklaSWKKcwyDjntNcwxrDXMNYspiimKKYoliSGKJaspzC4vO
i497TXMMcstzC3MLastqy2KLYopaSWKJasuLzovOg417THtMcwtiilpJWopailqJ
Wolih3tKjA2MDnuNe0x7DXMLastyy2qLaspiimKKYopqy3uNg82DzYOMe0tzS3ML
aspqymLKaspiimKLc02L0IuPg46DjXuKewpzCWrIY0tjClsJWstay2rLaotiSlpJ
YolzCntLg4yDTIONg017DXLMcoxqi1pKWkpiSGJIWkhaSWqKe017jmsNYstiy1qK
WopaiVpJWkhSR1JHUkdiyHuLe0tiy1JJWklaSVJJSghSCFIISghSCEoHUkhiymtL
YspaiFJISgdSBkoHSchBx0HHQcdKCFqKWstSiUqGQkRCREpEQcVBx0HGQgdBx0HH
UkhiiVpISgY6BkIGOcY5xUHFOcQ6BDnEOcQ5gkGEQYQ5hDmEOYRCB0pHOcYxhSlE
KQQxRTFFOYUxRTFFMUUxRTFFQgdKCDnGMYYpRikGKQcpBiEFKQUpBSkFKQUpBikG
IQUpBikFMYc5hylEIQQhBCEEIQQhBCEEIQQhRSEFIQUxRylHIMUgxSDEIMQhBSEF
QUZJiFJMWo1SSkoKUgpSClILQcpJyjmIOYc5yEoJYstiy1qLUkpSClIJUglKCUHI
ScdBx0nHcsxyzHLMaotiS1oJWkpSSVJKSgpKCUHKSgpSC1pMas1zDGrLaopiilpK
WktSSknISclJx1JJYsxrDGsNaw1rDGrLYslaiFpJSgZCB0pIUkhSSVJJWotqzIOO
g817TGsJc0pjC1qKYspiylrJYslaiVqJUolSiVJJWohih3tKg46DjXtNc01qzGrM
YopiimKKWkhaiWLJawqDzYwNg4xzDHMLcwxrDGrLaspiiWJIYoliiHMKi82LzYuN
e0xzC2rKYspiilqKUklaSlpKYopzTIwOjA57jHuMe0tzCnMKcwlqyGrIaslqiWpK
couLTouPi4+DTXsLewx7C3KKaspiSGKJaslqyXuMjA6LzouOg0yDC3sLewtqyXMK
aspqynMKasliyWKJYkliiWKJe0t7THuMg42DjXuMc0tzCmsKYopaiVqJWolSiVqJ
YktqjHMNg45zDGLLYstaylrJWslSR1JIUghSCFoJYsp7jXNMYslaiFqIUohSR1JI
UghSCFIJUghSCFJIYslrC2LKUohKR0IGSgdKB0oHQcZBx0GHUghiiGrKWohSR0oG
SgdBx0HHQcdBxkHHQcZJx1IJWkpSSkoHQcZBxkHGQcY5xjGGOcY5xznGOYY5hjmG
MUYxhTnGSkhSSEHGOYYxBSkFMUUxRTFFMUYxhTFEMUQxQ0HFSgZBxjFFKUUpRSkG
KMUgxDEEKUUhRCkDKQQpBCEEKQYpBjlHOUgpBSEEGQQhBCEEIMQgxCDEIMQgxCkE
MUYpBSDEIMQYxBjDIQQhBTEGQYhaS1qLUkpCCEIJSklKCUoJSchJiEFHQYhSCWrM
Yotai1pKUklSCEoIScdBhkmHSYZRx2KLcsxyzWKMWktKClJLUkpSCkoJQclByUoK
Wkpqi3LMcsxqi2KKWopaS1ILUgpJyUoISchByGLLaw1zTXMNcsxqi2rLaotSSkoH
ScZKCEoGUkdayWLKYwt7joOOe01zDHMKawpqyGrKYoliiWJJWklaSFpJWklaSWKK
Yol7TIONg417THNMawtiymKJYkliSGJIYkhiyGsKg82LznuNcwtzS2sLawtqymLJ
aolqSWpHYkd6youNg82DjXtMcwxzC2rLYolaSFpIWkhSR1qIc0qEDYPOe41zDHNN
cwpzCmrJaslqiWJJaklqSnLLg02LjoOOg417S3tKewtqiWKKYopiimKJYol7C5PO
k8+LjoNNewx7C3sLcspyynLKaspqyWKIYohqiGqIYodiiHMKe0qDS4OMg0uDS3MK
asliyWKKWkpaSlJKWolaiVqJYst7jXuOcw1iy1qKWopaSVpJUkhSSFJIUkhSSGLK
cwxzS2LJWohaiFpIUkhaSFoJUcdSB1IHUgdaR2qJaspiiVpHUgZJxlIGUgdJxkHG
QgZJxlHHYohqyVpIUkdCB0IHQghByEHHQYdBh0HHSgZSh1rIUodKRkHHQcdBx0HG
QYdBh0GHOUY5hjmFOYQ5hTlEOYQ5xUoHSghBxjmGMUUxRTGGKUUpRimGMYYxRSlE
MYVKCEoGQcc5RjEFKQUoxCkFKQUpRSlFIQQhBCkFKUUpRSlFKQU5SDmIKQYgxhjF
GQQhBCEEKQUoxSDEKMQpBDmGMUUYwyDDIMQYxCDEIMQ5RUlGYklqilpKUklKCEnI
SchBh0GIQYhBhkGHUglii2rMWkpKCEpJQgpKC0nLQclBh0nHScdrC3NNYwxazFrN
SkpKSkpKSklKSUoISchJyUoJWotrDGsMYstaylrKWopSilIJSglSCUoIUkliy3MO
cw5zDWrMYstiy1rLUolKSlJKUgpaSFpJWkliyWsLe42DznMLewxzDGrLWspiimLJ
YohqhmrHYoZaiVJJWklaSWKIe0uDzIONe0xzC3MLY0pjCFrIWodiiGKIYohzCYvN
i82DjHtLcwpzCmsLasprC3LKaopqimqIcsmLzYwNg8x7TGsKc0prCmKGYoZiiFqI
WohiiXMLlA6Tz4NOcw17TnsMcwtzCWsJashiiWqKaopyy3tNi8+LzoONe0xzC3rL
cotqimqLaopqimqJg0yTz4vOg42DjXtMcwxyzHLMcsxqi2qKYoliiWKJYoliiWKJ
Yopqy3tMg42DjYNMe0xzC2rLYotai1qKUopSilKIYsliiGqLew2DT3sOastiiWLJ
WohaSVJJWklSSVIIUkhqy3tMcwxiy1qJUolaiVKJUkhKR0pHSkdKRkpGUodiyGsJ
YslaiFIHUgdSB1IIUgdJxknGScZKB2KKaopaCVIIUghKCEoHQcdByDnHOcc5x0II
UolaiVJIQgY5xjnHOYcxhzmHOYc5RjFGMUUxRjFEMYQxhTGEMcVCB0IHQYg5SDFH
MQY5RzFGMUc5RylGKUUpQjGDQgVJyEGHMUYxRTFFKQQpBTEFKQUpRSEEIQMhBCkF
KQQpBSkFMYYxhiEFIQUYxCkEIQQpRCEEIQQhBCEEKQQxRilFIQQgwxjDGMQgxCDE
OUc5iFpLYoxaTEoLQctByzmKOYo5xzmHOYZBh0nHYotjDFKKSopCikpLSotKCUII
QcdCCEoIYsxzDmsNYsxii1JLUkpSCkoKScpJyUnKSgpCClrLa01izGrMYotaTGJL
WgtaC1IKWgpKCUoJYstrTGtMc0xrC2MLWspai1JLUgpSClJKWklaimKKaotyyoNM
i42DTHMNcsxqzGKLasxii1pKWohiiFqHWkdSSFpIWkhiSHsMg02DTXsMcwtzC2LL
WotailpKWkpii3JLgs2TT4vPg457TXMMcwxyzGqLastqymrKYopiiWrLi8+Tz4OP
ew5zDXMLaspqiWKJYoliSGKJYol7C4vOi42Di3tMe0tzC3LKcspyynKKaopqimqK
ewuDTJPMi8yDTXsLewtzC2rLWopaimKKYopiinMMi8+Lz4OOe017TXsNcsxyzHLM
astqimqIYodqh2qIYkdqiGrJc0p7i3uLg4yDToNNcsxqy2rKYopaiVpJYoliiGKJ
YolqynNLe4xzS2sJYohiiGJIUklSSVJJUklSSVpJYstrTGtMWwpayFqIWohaSFpI
WkhaSVJJSghKB1JJYslrCmLJWohSh1JHQkZCRkIGQgdBx0HHUcdqimKJWkhSB0oH
SgdCBznHQgZCBjnGQcY5xlqKYspSSEoGScdByEHHOYc5xzmHOYc5hzmHMYYxhTFF
MYYxhjGGSklKCDnHMYcxRjFFMUUxhjGGMYYpRTEFMUIxQkHESghBhzFFMQYpRiFE
IQQhBCEDKUQpQylDKQQpBCkEKQQpRDHGMYYhBSkEIMMhBCFCIQIhQyFDIQQhBCFF
KUYhByDGIMYgxiEEIQQhBDmGQcdii1KMSktCS0HLSkxCC0IJQck5hzlHQYhJiWLM
WsxSi0qKUklSSknLSgk5yUHJQclKClKLcw1rDGKLYotSC1pMWkxRyknKSYpJykHK
QcpizmsPasxzDWKNWkliDFoLUcpRyknKQclSSmrMcwx7DHtMcwxizFqLWotSSlIJ
SchSCFoIWklaSVpJasyDToOPg49rDWsLawtiyWLJasliyWKJYotaSlpIWohiiVpH
YohzTIONe45zTXNNcwxqzGrLWopaSlJJYklqSnsMi9CLz3uOc01zDHMMcspqimrK
aspiyWKKastiyovOi9CDjnuNc0xrC2rKYoliiWJIWkhiSGJIewuTzYvOg417THNM
cwxzDHLLcopyinKLaopqinLLg02Lj4uPg01zDHMLaspiymKKWopaimKLaop7DJPN
k82LjINLewtzDHMNcw1qzGKLaopqimKJaspqiWJKYgliSnsMg0uDi4OLg4yDjHLM
cstqy2qLWopaimKKYkpaSWJKast7THuMawliyWLJYohaiFpIUglSClIKUgpaSGrJ
e0tzS2LJYopaSVJJUglSSkpKUglKCUoHQgdSSVrKYwtiylKJUohSiEpHSgdCB0HH
QgZJxlHHYoliiVpIUghJx0IHQghCB0IHOcc5hjmGQYZSSVqJUohKR0oHQcZBxkHG
OcY5hjmHOUc5RzFGMYcxhjGGMYYxx0JJSkk5xzGGMUYpBTFFMUY5RzFHIUYhRiFG
MYU6B0IHOcgxRzFGKUYhBiEFIQUhBClEIQMhBCkEKQQoxCkEKQU5hjmGIQQhBRjE
GMQhBSFEIQMhAyjDKMQpBTFGKQUghSCGKIYoxCjEKQQ5SEGJUkliy1qKSkpCCUoK
SgpByUHJQYZBh0GGSgZrClrJWotSSkoKSgpKCkoKQco5iDmJQcpSS2sNasxiSlpK
WklaCloKUclZy0nKScpRyVHJaopyy2sLYspiy2JKYktaCloJUchByEHIUkliy3MN
cwxzDXLOYkxaiWKLWolSR1oHWgdaB2JIWkliSXLLg42LzYPMc4trimMKYslayGMK
awpiyGKIYohaSGJIWklaSWKKe02LjoOOew5zDXMMcsxqzFqKWoliSmJKYkpyy4uP
i9B7TnMNcwxzC2rLastqy2pKakpqSWpKaouLjovPg457TXMMastiyVrIWshayFqI
YohiiHMLi86TzoONe0x7SXtJcwhzCGqJYkhqiWKJYolqyoONi46DjXuNe0xzS3NL
awliy2KLYotii2KLew2LzovOi4yDS3NKcwpzCnMKaspiymKKWopaimKLWopiimpK
aotyy3sMg017TYNNe0xzC2rLaspiimKKYoliiVqJWolaiWLKc0x7THNJawhix2LI
WolaSVoJUglSCVJIWolrC3NMa0xiilpJWklaSVoJUkhKCEoISgdCB0oIUkhiy2sM
WopSh1JGUkZSRknHQcdBx0HGQcdKCGKKWopaSVIISgdKB0nHScdKB0HHScZKBknG
YoliiVJIQkdCRjoFOgY5xjnGOccxhjmGOYY5hjGGMYYxhjGEMcU6BkJIOcYxhSlE
MUQxRDFEMUQxhClFKYYpRTGGQchByEGHMQYxBzEHMQYxBSkFKQQpRSFEGUQhRCkF
KQUxBTEFOYcxhiFFIQUYxCDEIQUhBRjFIQUhBCkDKUQxhSlEGQMYwiDCIMIgwijD
OYk5h1IJYotaSlIJSgpKCkoKSclJyUFHQUZBRVHHaspqy1pJWklaCVpJUghKCUHJ
QYk5iEHJYox7DnLNWotaS1pLSklKSUpJSklCCUHJSclaCGrKcwtzC2rLYolaiVqJ
WklSCUoJQghKB1JIYstzDnLNes1yzGrKYopaiVJISghKCUIISkpSi1JKYklqzION
g857jXNMcwxrCnLLaopqyWqJaoliSGJJYkpai1KKUkliinMMg42DjXsNewx7DGrL
YstSiVrKWspiiWrKcwyLzovPg057DXLNcs1yzWrMasxqy2KLYkpiSWrLg42Lz4OO
e0xzTGrKawpiiWKIYohaiGKHWkZzCpPOlA57TXtNcwxzCGrHcwhqyWqJYohiiGqI
cwqDjIvNi42DjXtMc0trC2rKaspiy1qKYopiSoNOk86LzYONcwxzC3sLewtyyXsK
asliiGKJYkliilpKYotaSlqLasx7DINMi0yLjXsMewxzC2rKYopiiGKIYolaiFpI
WkliintMe01zTHMLaspayVKIUkpSikoJSkhSSVqJawtrTGsLYoliiVqJUkhaCFJH
UgdSSFIHUgdSCFJHYspqy1qJUkhKCEnHSgdJyEnGScZJx0nHUghai1qLUkpKCUoH
QgZBxkHGQcdByEHHOcZCRlpIYslaSEnHOcY5xjnGMYY5hjmGOYY5hjmGOYYxRTFG
OYYxhTmFQcdKCDnGMUYpBTFGKUUxRSlEMUU5BTEFMQU5hkHHQgc5xilFMQUwxTDF
MMQpBCkEKUUhBCEEIQQhRCFEIUQpRDGFMUYpBSEFIMUZBCEFIQYgxSEFIQUhBjFG
MUYpBBjDGMMYwyDDIMMpAzFIOUlJylqMWktSCUoKUgpRyUnJQYhBiEGIQYdRyGKL
asxaS2JLUgpKCknJSchBh0GHQYhBh2LLcw1qzGKLWopSSVqLUopSSVIJUclJyEnI
SglqzHMNasxqzGLLWopailJJSchJyUnHScdSCGsLcwx7TXMLawlrCGLHWsZSSEoI
SchKCUpKSkxSjWJNasqDTIuNi4xzS3MMcwtiymLKaspiiWqKWghaSlpJWkliilpJ
Woh7S4OMe4tzSnMKc0pjClLIWspaympKakpqinMMi8+Lz4OOcw1qzWrNasxijGLM
YstqinKKaklyy4uOi86DjXuMc0tzCmrKWklaSVpKWkliSWqJewyTz4vPg45zTXsM
cwxyy3LKcotiy2KLYspiinMMg0+Lj4vQg497TnMNawtiymKJWkpaSGJIYop7TYwO
jA6DzXuMewxyy3rLewtyynLKaopiylrKYstaSmJKYkpiinMMcwt7jIONg417THML
cwtqymKJYkhiSGJJWolSSVpKYst7ToMOcwxiylqKWopSSVJJUklSCFJHUohayGsL
a0xqy2rLYopaSVpJWkhSCFIIWglSCEpGSgZaRmrIawliiFpGUgdSBlIGSgdJxknH
ScdJx1IIWopailJJSgdCBkHFQcVBxUIHQcdKB0HGSgVah1qHUglJiUGIQYk5xjHG
MYUxhTmFOYY5hzmHMUY5hzmGMYU5xkpHQgc5hjFFMQQxBTFFMUUxRTFFMUUxRTFF
MYY5xzoHOccxRilFKQQpBDEEKUQpRClDKUQpQylEKUUpRSkFMUY5hzGGIUUZBCEE
IQMpAykDIQMhAykDKQQxRTGFKQQgwxjDGMMYwxjDIQRBSUGHWkpiy2KKWklaCFoJ
UchJiEGHQYZBhUGGUghiimrLYotaSlJKUkpRyVHJScdJiEmISYdqjHMOastiilKK
UklaylJJUglaCVnJUYhRyVHJaotzDWrMasxiy1qKWkpSSUoJSgpKCknIUglqzHMM
e0tzCmrJaoliiWKJWklaSVIIUglSSVJJWotii2rMg0+Lj4OOe0tzC2rKawpiyVqK
Yotqi2KJWkhaSFpIYolaiVqJc0uDzYPMe4tzSmsMastiimKLYolaSGKJYspzDIPO
lA+DjXMLcwtyy3MLcstqimqKakpqimJJcsqLjZQOg417THsMcwtiyGKHYodiiGJJ
YkhqinsLi86LzoOMewt7S3sKewpzCmsJawpiymrJYotqzINOi4+Lj3tOew1yzHLM
aotiSmKKYkpii2KKe02Tz5PPg417THsLcsl7CnsKcwpqyWrKYspiimKKYopiSmJK
Yopyy3tJg4qDyoPLg0tzCWrKcspqiWKJYkliSVpJWkpiSmqKew2DDnLMaotiSmJK
YkliSGJISkdKSFKIWohrCnMLawpiyWKJWolSiUoJWkpSCVJJScdKB1oHWgdqinLK
WolSSEoIUghSCFIIScdBx0HGQcZSCFqJWolSiEoGSgVKBUoFQcVBxkHHOYdBhknG
WkhSiEpHQcdByEHIQchBxkHFQcU5xTmFOYU5hTmFOYU5hTGEOcVKR0oHQcYxhSlE
MUQxhDGEOYQ5hDFEMUUxhTnGOgc6BzHGKUUpRikFIQMpRClDIUMpBSlFKUUpRikG
KQUpBSkFQYg5hykFIMQgxCEEIQQhBCEEIQQhBCkEMUU5hikFIMQYxBjEGMMYwxjD
MYcxh1KLYsxai1JLSglKSknJQYhBiDmHOYY5yEoJYoxizVqMUkpSSlJJUglSCUnK
SclBiEnJYkxzD2rOWkxaTFoLWktKCVJKSglKCUnJSclRymqMaw1rDGLLUopaSlpL
WkxSSknKQclJyUoJYstrS3NLc0piyWLKaotii2JLWkpKCFpJWglaSmJKWgpii3uP
g8+DjnNNYwtiymMLYspaiWKJcspiyVqJWolaiVJIUkhqiYNMi42DzXuMc0xzC2rL
YopiiWJJYkliiWrKcwyLjovPg45zDHMKcwlzCnLKaolii2KLaotqiXMKi82TzoON
e05zTmsNYsxaSmKLYotiSmpKaopzCouNi857TXtMewxzC3LLcslqymrKYolqiWrK
cwuDjouOi86DjXuNcwxzCnMKYsliyWKKakpqioNNi8+Tz4NNe0xzS3NKc0prCWrJ
asliiGKKYotiimKJWoliymLLcspzTHtMe42DjIOLc0prCGsIashiyGKIWgpaS1pL
Yktiy3tNi05yi2qKaopiSmJKWkhSR0pHSkhKiVJJawtzTGsLastiy1JJSkpKCVIJ
UklSSUoISghSCFJKYstrC1qIUkdSCEoGSgdKCEoHQgZCB0IHUklailJKUklKB0oH
SgVBxEIEQgVCBznGQcdKCFqJWolSSUHHQcdBxkGGQcZJxkmHOYcxRjmGMYUxRjGG
OYUxhTnFSgZCBjnFMYYpRSlFMYUxhjGGMYUphClEKUQ5xjoHOgcxxilFKUQpRCEE
IQUpBSkFKQUpBSlFKUUhBSlGIQUhBTHHMYcpRiEFIQUhBSEFIQYgxhjGIMUhBSlG
MYchRSEEIQMYwyEDIQUYxTFHOQVyS3pLYklaClIJUgpKCkGJOYg5iTmIOUhJylqN
YstaimLLUklSCUoISglKCEoIQcdKB1KKaw1izWLNWktSClpLSclSCUoJSglJx0oI
UghiimsLawtiy2LLWopii1qLWkpKCkIJQclKCFrLa0xzC3MMaspiymrKYopaSVII
UghaCVoJYkpaSFpJast7jYPOg41rDWrMastqi2KKYspih2LIWsdah2KIYopaCFpI
YkhzS4uNi457jnsNcsxqymrKYshiiFqHaodiR3rKi86MDoOOc0xyy3MJcslqyWqK
aspqimKJaolyyovOg8yDzXuMc0tzC2rLYopiS1pLWktqinLKgwuLjJPMg4x7S3tL
ewtrC2sLawprCnKKaklqSXLKg46LzoPOg857jWsMc0tzCmrJYoliyGLIYsl7jIwP
jA97jnOMc0pzCnMJawljCWsJYsliymLJYsliilpJYkpqinLJg0t7i3uLe4t7i3NJ
YwdixmLGYshiilJJUklaimKKasuDDYtMcspiSGpJaoliSFpIWklaSVJJUklSSWsM
c0xiy2KLWkpaSVpJUglSCUpJUklKRkpGUkZah2rJawlaiFqIUghKCEoGSgdKRlIG
SgdKB1IIWopaikpIQghCCEoGQgU6BToFQgU6BUHGSgdSiFLJSohCBjnGOYY5xjnG
OcY5xTmFOcUxxTGFMYUxhTHEMcQ5xUJGQgY5xSmEKUQpRDGFMYUxhSmFKYUxhTGF
MYY5x0IHMYUphSlFKUQpRSkFKQUpBSkFKQQpRClEKUQpRSlFKUU5hzGGIQUhBSDF
IMUgxSEGIQYYxRkDIQMpRTFHKMUghCDEIMQhBCEEIQRBSEGGYkpqi2qLYkpJyVHJ
UgpJiEmIQUhBR0FGSYhqTGLMWotai2JLWgpaClHIQYdBh0HISghaynNNaotqimJK
WkpSC1oLSktKCknJUYlSCVIJWotrDWsNYsxqzGKMUkpSSFpIWghSB0oHWgdiymsK
c0t7DHMKaslqy2KJWkhSB1IIWkhaSWJJYolqiXMJg4yDzIOMe0xzC3MLawpqymLJ
YwlayFrJWslaiGKKWkliiFqIc0mDy3vLe4tzi3NKawlrCGLIYshqiGqJYklyy4vO
i86DjXtNcwtzC3LLcstrDGMLYwtiymKJasmLzYvNi82DS3sKewtyymKKYopii2KK
Yopqi4MNi8+TzouNewtzC3MKcspzCnLJashqiGqHaod6youNi86DznuOe01zDHMM
awtrCmLKWoliymLJe4yMD4vOg417THNLcwtzC3sMawtrCmsKaslqyWKJYoliilqJ
YspzDHtNe417jXtNe0xzCmrJYslaiFqKWopai2KLYopiimsKe4yDjHNLYwljCGMI
WsdayFpHYodah2KJYolrCntNastiimKKYotailJKUkpKSVJIUkdKRlJGWodiyGLI
YshSh1KHUkdSR1JGUkdKB0oHSgdSR2LJYslSSEoHSgdKB0oHSgZBxkHGQgZKR0JG
UodayFJHSgZJxUHFQcZBhUGFQYVBhTmEOcQ5xDnEMYQxhTGFQcdKB0IGQcY5RSkE
KQQxRTmGMUUxRDmFMUQxRTmGQcdJyEGGMUUxRDFDMUQpRCkEKQQpBSkEKUUpRilG
KUUpRTFGOYcxhykGKMUoxSDEIMQpBSkFIMQgxSCEMQU5hzEGIMQYxBjEGMQgxCDF
OUg5hlIMYo5iTUoLSgpSSFqJQYZBhkGGQYZJRlGHYktiTFoMUgxSDFIMUkxJykGJ
QYhBiFIJWklzTHNNYotaSVpLUgpSSlJMSgpJyUmISYdaCWLLawxzDWrLastiilqK
WopSiEpHSkdKRVqGYshzSnNKc0trCWrLawxai1JLSgpJylJHUkdah1qJYoprDHuN
g897jnMMcw1qy3LLastiylqKYspaimKKYopaSWKKYopiynNMg82DjHuLc4pzS2sK
YsliiWKJYolqiWqJcsqLjZPOg057DXMNcw1qzGrMasxqi2qLaotqyHMJi8yLzIvM
g4x7inNKcwpiiVqJYspailqJYolzC4vPk8+DjntMewxyynLKcwtrC2rKaolqiWqJ
csqDjYvPi86DjXtMcwtrC2sLYspiimKJaohqyXtLjA2MDnuNc41zDHMMewx7C3ML
aspqymsKYsliyGsKYsliyGrJcwx7THtMe417jHuMe0tzCmsKaoliiWKKYopiilqJ
YolqyYOLe4tzSmLJYwpayVqJWolaSFpIWkhiSVpIasp7DWrLYotiS2JLWkpSSFpI
UkhSSFJISghKCFKIYspjClrJSkhKRkpFSkVKRUpFSgdKB0oIUkhiyGLISkZKRkpG
QgZCR0IHQgg6CDoHQgZCBlKIUodKR0oHQcdBxkGHQYdBhzmHOYcxRzGHOcY5xjmF
OYUxhTnFQgZCBjGFMUUpBSDFKUYxRzFHMUYxBjFEMUQ5hUoJSgk5hzFEKUQpQylE
KQQpBCkEKQUpBSEFKQYpRikFKQUxBjmHMUYoxiDFIMUgxSDEIQQZBCEEIQQhBClF
MYYhBRjEEMQYxBkEIQQhAzFJMUlKC1qMUkxSS0oKSkdKB0mGUYhJh0FHSYdBx2KK
Yotii2KNUgtSC0nLQctBikGISchJyFIJe05zTWKLUkliClnKWglaCVoIUghJx0mI
UglijHMMc0trC2rJaopii1oKWcpSClHKSclaCWrKcwt7THtMest6jHJLcktiClHJ
SctKC0oLUklaSWJJcsuDjYvNe0xzS3MLaspqimqKaoliiWKJYolayVrKUolaiWKK
cop7TIONg417S3tKcwtyy3KLaklqSWqIcslyyXMKi82Lz4ONe0x7DHLMastqy2LK
astqimqJasl7CoPMi86DzXtMewtyynLKYolaiGKKWslayWLJa0uTzovOg42DTXsM
ewtzC3MLastiimKLYsxiS3LLi4yLzIPNe4tzSmsKa0pjCmLJYslqiWqJasl7i4wN
jA2DzHuLc0pzCnsKcspqynLKcspqymrIasZihmKGaohyyXMKe0x7jHuMe8xzi3OL
a0prCmLJWohiiWKJWkhiiWKJasp7THtNastiy2LLWopiimKLWkpaCVJIYklqSnMK
c0tqy2KJWohaSFqHWodaR1JHSgZSR1JGSgVahmsJawlaiFJIUgdKB0IHQgdCRzoH
QgdKSFIHWohiiFIGSgZCBkHFQgZCB0IHQcY5xjmFSgZaiFrGUoZCBjnGMcY5xjnG
OcY5hjmGOYc5iDmIMYcxhzGGMYYxxkpISgc5hTFFMUQpBTFGMUYpRylHMQcxRzFH
OYdCCTnIMYcpRSlFKUUpRCEDIQMpAykDKQQpBSEFIQUhRSEFKQU5hylGIQQoxSDF
IMQpBSEEGQIhAiFDIUMphCmEIUMZAhjCGMQZBiEFIQU5RzmHUghqy2JKWglSCEoJ
SchSC0GJQYc5hzmHQchaSmLKWolSCFIIUghSCEoJSYhBR0FHSYdaCHMMcsxqi1oL
WgtaC1IKSghSCVoJUchJhlHIYgl7DHMLa0liiWqKYolaSloKSglJyEHHSchqy2rL
cw1zDXMMawhiyGKGUkVSRUoGSchSCVoJWoliiXMLg42LzntMcwxyy3KKcopqSWqJ
WolailqLWotai1qLYkpiCmpKcsyLT4NOesx6zHrMestyymqJaolqiWqJaopyi4OO
i8+LjoMMewxyy3LLcstqimqKaopiimqJcwqDi4wMi817THNMesxqy2JJWkpaSmKK
WoliyXMLi8yLzINLewp7DHrNcsxyzHLMaspqyWqJaolqyYOMi4yLjXtLe0pyy3ML
aspqiWqJaolqyHLIg4uUDovNg4x7S3sLewtyymrKcspqymqKaslqiXKIaohih2qI
aohzCXOKg4qDyoOKe0pzCXMKasliiWJIWkhiSmJJYoliiWrKe0xzjWsMYstqimKJ
YkliSVoKWcpaClpHYodzCXMKasliyFqIUodaSFpIUkhSB0oHSghSCFIIWkliyHLJ
YohaRlJGUkZKBkoHSgdKB0oHSgdKB2LJYohSBkoFSgZJxknGQcZBxkHGQcZBxUIG
Ukdah1JHQgVBxUHFQcU5xDnFOYY5hjmGOYY5RjlGOQY5RTlGQcZKB0oHOYU5hTFE
MQQxBDEEMUUpRSlGKUYpBjGHOcg5xzmHMUQpRClDKQQhAykDIQQgxCkEKQUpBCkE
IQQhBCkFMYcpRiEDIMMhAyEDIQQhBBkDGMMhBCEEKUUxRiEDGMIYwiDDIMMgxCDE
OUk5SUnJaoxiS1oKUgpSClHJUcpJiUnJQYg5hznHWkpizFqKSghCCEpISghJyEGH
QUdBh0nIWglzDWrMWoxSTFIMUgxSC0oLUglCCEHJSchRyVpKcsxyzGKLYotBh1pJ
YkpaClHJUclJyVHJYoxyzXLOaw5rDGLLYopiSmJJYklSCEoISklaSVqKYopqzIOP
i4+Dj3NOcw1qzGrMastqimqKaopqimqKYkpiSlpKWkliinMMg42DjXtMe0tzC3ML
cspqiWpKaklqiWqKcoqDjovPg417THtMewtqymrLcsxqzGqLYotqinMLg42LzIvM
e4pzintKcwpqiGKJaopqi2KKYotzC4vOi42DTIMMesx6zHLMcs1yzHLMakpqSXKK
csuDTYOOi46DTXtMcwtzDHLMaotqi2qKcspqyYNMi86Lz4OOc017THsMcstqymsK
aspiymrKaotii2KLYopiimqJewuDTIONg417TXtMcwtyy2rLYopiSWJJYklaSVqJ
YslrCnOLc0trCmLKYspiylrKWopSiVpJUkhaSFqHawpzSmLJYopaSVIIWkpaSFJI
UgdSCFIJUghSCVpIaslyymKIUgVSRVJGSkZSR0oHQgpCCkIKSklailqJSkZKBkoG
SgZKBknJSclBiEnHScdSB1pIWklSCEnHQcdBxUHFOcU5hjmFOYY5hjlFOYU5hjlF
OUU5RkGHQcdBxjmFMUQpBCkFKUUpRTFGMUYxRzFHKUcxiDnJOcg5yDFGKUUpRSkF
KQQpBCkFKQUpBSlFKQUpBSDEIQQpBjGHKUUhBCEEGQQhBCEFIQYhBiEGIQYhBilF
KYUhAxkCGMIYwiEEIQQgxUGHQUdSB2KKaklaCFHJUcpRiknJSYpBiTlHOYdByFJK
Ystai1oJUchSSVIIUclBiDlISYhRyVIKcw5qz2KOWk1aS1JKUkpKSlIKSglKCFII
Wglqi3LMcoxyjWrMYoxiS1oKUctRy0oLSgpKCWJKest6y3MLc0xrC1qJYolaSFJI
UghSCFJIWkpai2KLast7ToOPe05zTWsNasxiy2rLasxqy2KJYolqimJJWkhiiGKI
asl7S4uNi017DHrLest6zHrMaopii2JKYolqymsLg82MDnuMewt7DHrLasxqzFpL
Ys1izVrLYotqy4OOi8+LjntNc0xrC2rKYolqimKMYktii2qMcsuTz4uOg017THNM
cwxzC3LKestyimqJcolqSXrKi0yLzIvMg8x7S3sKewt6zHKLakpyimqKasl7jJQO
jA6DjXsNew17DXLLest7CnLJcslzCWrIcslqyWrJYolqyXMLe0uDTINNe0xzTGsL
astiy2KKYoliSWJJYkliSWqKaspzTHtMawpaiWLJWolaiFpJWohSR1JHWkhaiGsL
c0trClqJUkhSSFJJUklSSVIJUglSCVIJUghiiGrJcwliSFoGWgZaSEpHSghCCEHI
QchByFJIWspaiVJISgdKB0HGQcZKB0mHOYY5h0nIUglaSlpKUgpByDmHOYY5hjmF
OcU5xTnFOYUxRDGGOYYxhjGGOYY5xkIHQgc5hjFFKQQpBTEGMUYpRjGGKUYpRilF
MYZByDnHMYYpRSlEKQQpBCkFKQYgxikGKQchBikFKQUhBCEEKUUxhylGIQUgxRjF
IQUpBilFIUUZBBkEIUUphjGGIQMZAhjCGMMZAxjFGMZBh0lHUclaTFoKUgpSClIK
SclRyVHJSYhBR0mIUYliSnKMYsxaS1pJWkpSCkoJQck5iEGIQYhSCnMMc01qy1qJ
SkhSSVJJUgpaC1HJUcdRyFIJWolzC3NNawxiy2KLWkpaSlJKSglKCUoISkhaiWsL
awxzTHMMastijWKMYoxSSlIJWglaCWJKYgpiS2qMg06Lj4PPe01zTWrMYstqinKL
asxqiWqJaktiSWJIYklaiGKJc0uDzXuMe0t7S3NKcwtqy2KKYopiiWLKYsprDIPP
g9B7T3tOew1yzXLNasxiS2qLcotyzFoJaouLj5PQi4+DTXsMewprCmrKaspiimJM
akxqTHrMk4+Tz4uNg0x7DHMMewx7DGrLashqyHLIcslyyoNMi8yDzIPLg4xzS3ML
awtqymKJaopqimrKg4yLzovOg417THNLcwtyynLKcwxzC2sLastqy2qKYolqiWqJ
aslzC3tLe4x7jHuMc0tzS3LKaopqimqKaopiSWqKWkliimrLe017THMLastqimqK
YoliiVqJUklSSVqJWslqymrKYspiilJJUkhSSFHJUcpaCloIUkhSR0pHUkdqy2rL
WklSB1IGUkZKRkpGQgZCBkIHSglKClqJWohSRkpGSkZCBkIGQgZBxjnFOcVCBUJG
Wshah0pGOgVCBUHFOYU5hUGGOYU5hTnFMYU5hTnHMYcpRjGGOcdCCEHGMYUxRSkE
KMQxBTFFMUUpRSlFMUUpRTFGOcc5yDGHKUYxBikFKQUpBikGKQYpByEGIQUpBClE
KUQpQymFOccpRSkFIMQgxSDFIQYhBSEEGQQhBCEDKUUpRSEEGMQgxBjEGMQhBSDF
QUhBSFGKYk1iTVpMSghCCEHHQchBiUFIOQdJRkmHWglqzFqLUotSSlJJUklKCEHG
QYZBx0GHSghrDHNMaspiiFpKUgtaS1ILSgpJyknIScpJyFJIawxrDGsMYstiy1II
WolSSEpISkZKB1IIYoprC3NMc0xrC2LKYopailqKUklSCUnJWgtaCloKakpyy4NL
i4yLTXtMcstyy2LKYspiymrKYolqimqKaotqiWJJaklqiYMMi02DTXtMcwxzC2rK
YkpiSmJKaoliiGKJaouLj4vPg457DHLLcst6zGrLaopqi2KKaolqimrKg4yLz4OO
e017DXMMcstiiWLKYopiy2qLYop7DZPOi86DjXtNewxyy3LLcwpqymrKaslqTGpM
co2DTYuOg42DzXuMc0tzS2rMYotii2qLaopqi3sNi46LznuMe0xzS3MLcwtzC2sK
asxiy2LLYstiy1qJWodih2LHe0mDSnuKe4t7jXtMe0xyy2rLYolaiVqJYspiylKJ
WspjCnOMc4trSmrJaopqimJKYopaiVJIUkhSSVqJastyzGqKYolailpJUkhSSVJJ
UklSSFJIUghSCFpJYsxiy1JJUkhKB0oHUkhJx0oHQchCCUIJQgpSi1pIUgdRx0nG
QcdCBznGQcdBxjnGQcZKR1rJUohKRznGOcZBxjnGOcZBxTnEOcQ5xDmGOYYxhjGF
MYUxhTnHQgg5yDFGKUUhRSkEMUUxRSlFKUQxRTFFKUQxhUIIOcgxhylGKQUpBCkF
IMQgxSEEKQQpBClEKUQpRCEEIUQphTHGIUQhBBjDIMMhBCkFIQUhBhkFIQUhBClF
KUUZBBjDGMQgxCDFIQUYxTmIOYdKCWrMWopaikpJSglKCkHJOYhBhzmGQYdJyFoK
Ystii1qKUg1KDUHMOco5yTGHOchCCEIJYwxrTGMLWspSilJKWkpSCkoJUklKCEoI
SghSSWsNaw9jDVqLUotSi1KKSklKSUoISglSCWLLcw1zTHNLa0pqyWrJYopaSVIJ
SgpSC1ILUktaS2KKYst7TYPOe41zTWtNawxizHLLYspqimKKWklaSWKKYopaSWJJ
aol7DIONe417DHtNcw1yzGKJWohiyGrJaolqiXLLi46LzoONewx7DHLLastqy2qL
Yotai2KKastrC4PNi86DzXuMc0xzC3MLYspiymLKYspqimqKew2Lz4vPg457TXsM
ewtyymsJawhix3LJcopqinrLi02LzouOg417THNMc0trCmrKaotqi2pKakmDTJQN
jA2Di3uKc0pzSXNJawprC2rLYsxiy2LLYsliyVqIYolqyXNJe0qDi4OLe4t7S3NK
awlqyWpKYkliSWJJYkhiiGrIcwlzi3OLawpqymrJYohiiVqJUohSSVIJWkliinMM
c01qy2KKWkliSFoIYoliiVpJUglSCVIIUghaSmKKYopSyVKISodKR0oHSgdKBlIH
UghKB0pHYspaiVIISgdJx0HHQcc5h0HIQchBx0nHSchaSlJJSglByDmGOYY5hznG
OcY5hjGFMYU5hjGGOYYxhTGGMYY5xkIIQcgxhilFKUYpRSlFKUUpRSlFKUYxBikF
OUdJyUGHMUYpBSkFKQUpBSDEKMUoxCkEKQQpBCEEKQQhBCkEMYU5ximFIUQhBBjE
GQQhRSEFIQUhBSEEKMUpRylGIQQgxBiCIMMgwyEDIMU5STFISgpijVpLUgpKClIL
ScpJy0GLOUpBSklKUYpiC2pMao1aC0oKSgxByznLOckxiDmIQchSSnMMastqymKJ
WolailJKUglSC0nKSchJyFHJYkpyzHLNcs1ii1qMYotSSlIKUclSCVIJUghaSXMM
cwtzC3MLastqy1qJWolSSUoIUglSClJJWopaiGLJc0uDznuNc0xzTWMLYstrDGrL
YopiSmJJYklqimKMWktaSmKKcw2DjoOOe01zC3MLcwpqymLJYshiyGrJawlyyZPN
k8yDynOJc0hzSGsHYslqymqMYotii2rJawp7jIwOjA17jHNLc0prCWLIashiiGrJ
YkhyynNLi86UDoONe0tzCnMKawprCmsKaspqzGqLaktzC4ONg42LjoNNew1zDHMM
awtiymLKYopiimqKg02UD5POi417THMMcwxzDGrLcotyinKLastiymLKYshih2KH
ashzC3tMewx7TXtMe0xzCmrKasliyGLJYohiiGKIWkdiiGrJe0t7C2rJaspqymKI
YohiiFqHUklSSVJJWolzC3tMcstiSVoJWklaSVpJYklSSEoHUghKCEoIWopiy1qK
WolSSFJHSgZKBlIHSgZKBkoGSgZKR1rJWohKR0IHQgZCBkIHQgdCB0HHQcZJx1II
WktSSkHIQchBxznHOcc5hznHOYcxRjGFOYYxhTGFMYUphTGFOcZCRzoHMYQpRClF
KUQpRCmEKUYpRilGMQYxRjmGSgdBxjFFKUUpRClEKUUpBikGKQYpBikGIQYhBikF
KQUpBClFMYYpRSEEIQQYwyEEIQUhBSEFIQUZBCEGKUcpRiEEGMMYgxjDIMMoxCDF
QUdBSFHKYoxaS1JLUgtaC1HJUcpBiEGIOYhBiUmJWgtyzWJLWktSS1IKUghJyUnI
QYdByEoJWktrDXMMasxaS1JKWktaS1IKWgtJiUmIWYhZyGoKeoxyzHLMYotaSmKL
WklSCFIHUghKCFJIWolrTHNMcwxyzGrLYotii1pKWkpSClIKSclSCFqJWohrSXvL
e8t7zHsLcst6zGqLaotqi2KKYopiimKKYotailqKWopaSntNg86DjXtNcstyzHLM
aopqymLKYspiyWsKawuDzoPOe01zTHtMcwtzCmrLastyzGrMcsxiimrLg46LzovO
e41zTHNMcsxqi2qLakpiSnKLaotzDIvPi8+DjXtMcwtzCnMKawlrCmLJcslqiGqJ
cwuDjYPNi86DzntNcsxyzHLMaotiy1qKWopii3tOk9CL0IOOew17DHrLewtyy3LL
cstiymrLYstii1qLYspiyWrJewt7TINNg06DTnsMcsxqimqJYshiyWLJWslaiFqI
WodrCXNKc0tqzGKLWopailqKWklaSVIJWklSSVKKawtzS2LJYshSh1qHWodSSFJI
UkhSCEoISghKCVqJastiyVqHUkdSCVHIUglSCEnHSgdKB0IHUkhiylKKQkdCR0IH
QgZByEHIOYhBiEHIQcdKClKLWolCB0HGQcY5hTmGOYc5hzmHMUY5hzmGOcYxhTGF
MUYxRTnHQgg6CDGHKYYpRTFFKUQphTGFMYYxhjFGMUU5hkHIOYcxRjFGMUUxRSlE
KQQpBClFKUUpRSlFKUUhBCEEIQUxhzGIKUchBRkFIMQhBCEEIQUhRSEFIMUgxSlG
KUYZBBkEGMQZBBjEGMQYxDkGQQdZiWpLYktSSkoJSgpJykHKOYg5SDFHOUdBh1HK
as1qjFIKSgpKCkoJQchByEHHQYdJx2KKastzDGqLWkpiCVpJUohKSEoHSclJylGK
UYpiC3KMewxzCmrJaohqSGJISgdKB0oHSgdKB1pJast7DHrMaotyi3KLaotqS2IK
WgpSClIJWklSSlqJYwl7S4vNg4x7DHMMcsxqi2qLYktqS2JLYopiSlpJUklaSGqJ
aol7S4vNg417TXtMcwxyy2rKYkpaSlqKYstiy3NMg42LzotMgwuDC3rKewpyi3KL
aopqi2qJcslrCYwNjA2DzINMewtzCnLKaolqyWqNYoxiTGKKcwuLzovOg417S3ML
cwpqyXMIewhyx3LHcsdqiHMKg4yDzYvOg417TXMMcwtyy3LJaslqyGqJasl7TIvO
i82DjHtLcwtzDHLLewxyy3LLaotqy2qMYopqi2qKYolqyXMKe0p7i3uLe0xzC2sK
aspqyWKIWodaiGKIWohaiFqIYslzS3NLYstqymKJWolailJJUkpSSlpKUglaSHML
cwtqymKJWohaiVqKUklaSVJJUkhSCFIHSgdaSGrKYolaSVIISchSB0oHScZBx0HH
SghJx1JIYopSSUoHQcZBxkHGScZJyEHHOYY5xkIFSkZSh1KJSkhCBkHFOcUxhTmH
Occ5hzGGMYUxhTmFMYYxhjFGMYZByEnIOYYxRikFKQUxRjFFKUQxhSmFKYUxRTFG
MYg5yTnIKUYpBikFKUUhBSEFIQYhBiEGGQMhRClEKQUhBCkFKUYxhylFKMQgxCDE
KMQpBCkEKQQpBCEEIQQxRSlEGMIgwyDCIMMhAyEDIQM5RUGGUcdiiWqLWklSCUpK
SklCCUIJMYk5STlHQYdSSGrLYopaCVoJWglJykoJSgpJyUmIQYdSCXMKcwtqiWKJ
WkhSCVJJUglRyVoJUchRyFHIWklrC3NMawtqSmJKYgpiSmJKWglSCVIIUghiSHLK
ewt7C3sLaspqymKJWohaR1oHWkdaR1qIYoliymrLcw2DjnuNcwtrS2tKYwprCWrJ
aopqiWKJWolaSlqLWkpaSmKLawt7jYNNe0x7S3MLcsxyzGrMawpiiWKJYslrCouN
k82LjINLewpyzHKMcoxyjGKLaotqy2KKcwuLjovPi417THMMcwtyy2KJYopqy2rK
aolqiHsKi42LzoONe0x7DHsMastyy3MLcstqimqKaop6y3uMg82DzYOMe0xzC3MK
cwpqyGKHcslqyWrJe0yLjovOg41zDHsMew1qy2rLastqymrKawtiylrJaopiSWKJ
aspzDHMKe0uDjINLewtzC2rKasliyGKIYohih2JHUkhaSGrKe0xzC2rKaspiymLK
WolaiVqJUkhSSFJHWohrC3NLawpayVqIWkhaiFpJUkhKCFIISghKCEoHWoliymKL
WkpSCUoHQgdKB0IHSgdCB0HHQcdSSVrKUklKCEHGQgVKBUIFQcZBxkHFOcZKBlJI
WohSSUoIQgc5xznGMYY5xjnGOYY5hjmGOYY5hjGFMYUxhjGGOcdCCEHIMYYpRSEE
KUUpRSlFMYUpRSlGKUYphToGQgc5xjFFKUQpRClDKUMpQyFDIQYhBhkGIQYpBikF
KQUpBDmGOYcxRSjFIMQYwyEDKQMpAyEDKQUhBCEEMUUpBSDDIIMYghjDGMMYwyDE
OYdBRknHWkpyzFpKSYhaClHLUctBikGKOYo5iUHKUkxizlqMWkpSClILSgpJyUHJ
QYg5iEnJUglzDHLMYotii1pKWgpSC1ILUcpJyknJSclKCFpKawxjC2MLYstqy1pK
WkpaSVIJUklJyUoJWotrDXMNc01zDGrLastqylqJWklSCVIIWklaSVpJYkpqy3tN
g857jmtMa0trCmLJYslqymKKaopqSmJLYktaS1JLUktajGtNg46DjoNOcw1rDGqK
awpiiWKJWolqymrLcwyDjYwOg817S3tLcw1yzGqLcstqiWrJasliiHMKg42LzoOO
e0xzC3sLestiSmqLaotqi2pKaomDC4vOi82DjHtMew17DXLNas1qzmrOaotqi3KK
ewqDS4OMg42DjXtNcwtzCnMLawtiimKKaspqyntLi86LzoONe01zTXMNas1qzXML
astqymrKaspqymqJYklqinLLewyDDHtLg017jXNMawtqymLKYoliiWJJWkliCGJJ
Wklqy3tNe0xqzGKLWopailqKWkpSSVqIUkdSSFrJawtrC2MKWslaiFqIWohSh0pI
SkhKSEpHUkdSR1pIYspiy1JJUghSCFIHSkZKRkpGQgdCB0oHUkhiyFrIUkZKBUnF
SgVCBUIFQgZCBToFOgVKR1KISolCSEIHOcc5xznHOcU5xjnGOccxhjGGOYcxhjGG
MYYxhjnIQcg5xzGGKUUpBTFFMUYxRjGGMUYpRSlFKUUxxznJQcgxRilFKQUhBCkF
IQQhBCEEIQMhBCFEKQQpBCkEKQQxRjmGMUQpAyDDIMMhAyEEIQUhBBkEGQQhRTGG
IUUZBBjEGMQgxhjFGMUYxTlIQUhBiWIMao1iTEmKUctRilnLUYlJiUmJQYlBylJM
Ys5STFpMUktRy1IJUglCCEHHOYhByEoKcw1zDWLLWkpaSFpKYkxSC1HKUctJy0nK
SgtSDGrMasxzDWqLYotii1pKUkhSSEoISgpKClpLas5zDWsMawtiylrJWspayVqK
SglKCVJJUopSSFqJYsp7jIPNe4xzDGsMasxii2KLYotijGKLYotaSVpKYopaiVpH
Ysl7S4PNg417S3NLcwtqymrJYohiSGpJaopqinMLg42LzoOOew1yzHMNcs1yzHLM
asxqjGrMaoxzC4ONi86DjHtNc0xzS2sLYspiimKJYoliiWrJasqDzoQOe417DHsM
ewx7DHMLYstrC2LJYslqiHMJg0uLjYuNg0x7THMLawhrCWsKYslqyWqJaoqDTJPO
k86DjXsNcwx7DHMMastqy2rJasliyGLIYsliiWpJakhqiHLKgwuDS4NNg417DXLM
csxyi2KKYkpiSWJJYoliiVrJawp7jXtOasxii2JKWklaSVpJUklSSVIIUkliyWsL
awtiy2KJWkhiSVpIUkhSSFIISghKB0oISkdaiGLJYolaSFIJSghKCEoISgdKCEHI
QchKCFJIYopaSVIHScZJx0nHQcY5xkHGQcZBxknEUkZahlqGSgU5xDnFQgY5xTnF
QcU5hTlGOYYxhjGGMYYxhTGFMcU6BzpHMcYphSmFKUQpRjFHMUcpBjFHMUcpRyGF
McdCB0HHMYUpRCkEIQUpBiEGIQYhBiEFIQUhBSEEKUUpRDFEMYY5hilFIQQZBBkE
GQQZBCEFIQUhBCEEKQQxhSlEGMQYwxjEIQQgwyDDIMNBh0lISchaSlrMUktKSkoK
WclRyVGIQYdBhkGHOcdKS2LOYo5aTVoMWgxJy0nKSclBiEnIQYdSCWrMawxiy1qK
UkpSS1ILUgpSC1JLScpJyknKWkpii2rMasxii1qKWopSilJJUklKB1IIUghiSnLN
cw1qzGrMYstaiVqKWopSSUoIUghSSVJJUklaSmLKc0yDjYOMe0t7C3LKYopqimqL
YotaSmKLYopiSmKJYkpiSmqKewyLj4OOcwxzTGsLYwpjCWLIYodqiGJIaolrCnuN
g857jXtMcwtrC2sLaspqy2rLaoxijGKMcs2DjoOPg46DTXtNewtzCWLIYshiymKJ
YopiymsLg8+LzoONe01zDHMLcwtrC2rLasxiy2rLYopyy4ONi86LzXtLc0t7DHML
aspiimKKYoliyWLJe0yLzovOg02DTXsMcwtyy3LKcwtzCnMJcslqiGpKakpqSmJK
aopzC3tMg42DjXtNcwxrDGrKaspqiWKIWolaiVJIWolaiWrKc0xzC2rKYopiimJJ
WklaSWJJWklaR1pHWodrCWsJWspailJJUklSSVJJUklSSVJJSghSB1IHYoljCWLI
UohKR0oGSgdSCEoIQgdByEHISchSSVqKWklSSUHISgdKB0HGQcZBxkHGQcdKCFJI
WopSSUoGQcVBxUIGQcVBxTmFOUY5hjGGMYYphjGGMYYxhjnGQgZKBznGMYYpRSEF
KQUxRjFGMUYpRSmGIUUhRTHHOcgxxzGGKUUpBSkFIQUhBSEGIQYhBikGKUYpBSkF
KQUpRTGGKcYZRRkEGQQYxCDFGMUgxSEGIQUhBCFEKYUpRRjEGMUYxRjFIMUgxSkF
QcY5RUmIYkpai1JKSglSCknJSYlJiEFIQUhBSEFISYliTGKOWktSClILUktSCknJ
OYZBx0oIUglii2rNYoxiTFoMWcthy1nJWclZyVHJSclJyWJLasxyzGrLaotiSmJK
WkpSCUoIUghaCFJJYkpzDHMLcwxzDWKLYotai1pKSghJx1IIUghSCFpJYopqinsM
i02DTXtMcwxqy2rMasxqzGJLWkpaS1pLWklaSVpJWgliSnsMe02DjXtNc0xrDGsM
aotqimJKaopii1qLawx7j4vQg457THsKawlrCWsJaslyy3KLaopqimrLg46LzoOO
e01zDGsLawpaiGKIYopqi2qLaotyzIuOi82DjHtMc0tzCnsLcstqy2rLastqymrK
cwuLTZOOi42DTINMewxzDGrLYolaiWrJYshqyXuMi42LjYNMgwx7DXLLcstyy3LL
cwpqyWrJaspqimKKYopaiWLKawtzS3tNg01zS3MLesxyy2rLYopqi1pKWklaiVqK
WsprCnNMc0xrC2LKYspiylqIWolSSVIJWgliClqJawpzCWLIWohaSFJJSklKSUqK
SkpKSVIHWgdaB2JIYsliiVJISgdRx0mGUgdKCEoISchByEnJUglaSloKSclJyEnH
SgdBx0HGQcY5xkIGQgZKR1KISklKSEIHOcY5xjnFOYY5hjFFOYU5hzmFMYU5hTGF
MYU5xkIHQgY5xTFFKQUpBSkFMUUxRjFFKQUxRSlEKYNBxUIGOcYxRSlEIQQhBCkE
IMQgxSDFIMUpBikEKQQpRSlFKQYxRzGHIQYhBSEFIMQgxCDEKMQhBCEEIQQhRTGI
KUcYxRiEGMQgxCDEIMQgxDFJOUlBilpLYkxiS1HKUcpRikmJUUpRSUDJSQpJClIL
asxqjFoKUglKCEoJQghByEIIOcdByEoJYsxzTmrMWktaSlHJWgpRyVHIUchRyFGI
UchiCXLJcwpzCmLLUopSS1qLSgpSCVIJUghSCGKLcs1zDHMNcw1ijGKMYoxijFJK
Sglai1IJUglii1pKaox7DYOPe05zDXMNaoxii2LJYsliiGqJaopiSWKLWkpSCWJI
YolzCnuMg817jHNLawpqymrJaslii2rMaoxqjHLNg4+L0INOe017DHsLcspzC2rM
astiimKJYolqyoONi86LjntNcwxzDHMMYotiy2LLWopay2LLa0yLzoPOe017THsM
ewxzC2rLawtiy2LLYspiynMKg4yDzIONg417DHtMc0trCnLKaspqymqKaoqDTYvP
i86DjYMMes16zXLMastqy3LLaopiymLKYstii2KLYopqy3MMcwp7S4NNewt6y3ML
cwtqympKaotiSmJKWkpaSWKJast7THMLaspiyVrJWspSyVKIUkhSSFpJYkpii2rM
cw1izGKKWolSSFqKSglSCVJJUghKB1IIWkhiiWrKYolaSFIIUcdRx0oHSkhKCEII
QghCCFKKUopaiUoHSgdJxkoHSgdBxkHGOcVBxUHFUkdaiFJJSgg5xzGGOcY5xjnH
OYcxhjGGMYcxhTGFMYUxhTGFOYZBx0oIOYYxRSkEKQQpBDFEMUUxRTFFMUUpRTGF
OcdCCDnGMYUxRSkDIQMpRCkEIQQhBCEEIQQpBCFEIUQhRCFEKYUxhikGIQMhAyEE
IQMhAykDKQMhAykEKQQ5hikFIMMgxBjEGMQYxBkEIQQxRzFHOchSSlqLUktSC1GL
SUpRi0lKSYlBSEFIQUhSCmKLaoxaSlpKWkpKCUoJQchBx0oJSghKCWrNcw1qjWJM
WgtaClIKUgpSSkoKSgpKClIJWkpzDWsNWspaylrKWspaiVJJUklKCUHKSgpajWsO
aw1rDWsMWspailpMYk1aC1ILSkpKiUqJUolSSWKLe02Lj4NOe0xzC3LLYoliiWrK
YoliyVqKUklSiVqKWopiSmJKcwuDjYuOg017TXtNcwxrDFqKYstai2KKYoxyzYNN
i4+DT3tNcw1zDWrMas1qzGrMaoxii2KKasyDjovPg457TXNMc0xrS1rKWopailKL
YsliyXMLg86LzoNNe0x7DHsMcstyy2rKYspiimLKaspzC4NMi42LjYNMgwtzCnMK
awpqyWLJaolqiWqKgwyLjoPNe0x7THtMcwxyzHLMas1qzGLLastiymKKYopiimJK
aspzCnNLe0x7TXtLcwtyymrKaspqi2KLYotaiVqJYklqinLLg0x7C2LJWolaSVKJ
UolSiVqJWkhaSFpJWoprDGsMYstiilpJWkpaClIJUglSCVIJSclJyFIHWoliiVqJ
UglSCFHJUghJx0oIQghCBkHGQgdSiFrJUohKR0HGQcZCBznGOgY6BznGOcZBx1JJ
UopSiUnIQYdBhzmHOYY5hjmHOYYxhTnGMUcxRzGHMYYxhTGFQcZCCDmGMUUpBCkE
KUUxRSlGKUYpRilFKUUpRTnHOYc5hjFGMQUpBSkEKQUpBSkEKQUoxiDFKMYpBikG
KQUpBTGGMYYhBSEFGMQhBCDDKQQpBCEEIQQhBSEFMYchBRjEGMMYwxjDGMQhBSDE
QUdBRkmHWkpiilpKWgtRyFHIUchJyEmIQUdBSUlJWcpqS3qLYklaSFJIUgpSCkGI
QYhBxzmGQcdizGsNYsxajFIKUglaCVnIWglaCVnIWchRx1oIYslrCmLJYsliimKK
YopaCVoJUchJx0nIWopqzHMMcw1qymrKYopiimKLWkpJyEoKUgtSSlqLWopiiYNL
i42DS3MKewtiylrKWspayVrJWshah2KIWshah1JIWoliiXMLg42LjYtNesx6znKN
aotiSmKKYkpqimKKaoqDjZPOg016zHsMcsxyzHKMcotyi3KKaopqi3LKg42LzoON
e017THMLcwpiiWKIYsliyWrKasp7S4vOi46DTHtLewtzSmsKawpjCWsJaohqSmpK
esuLjYuNi42DjHtKe0p7CmrJashqymKIaolqiXtMi82DzXtMcwtzS3MMcwxqy2rK
aopqyWrKYoliiWKKYkliiXKKest7C4NMg0x7C3sMaotqy2qKYoliiWrIYshah1qI
YolzCnsMestyynLJWolaSFJIWkhaSFpJWklaCGJJcstzC2rJYohiiFpIWkhaCUnI
UghSB1IIUgdKB1qIYslaiFJHUgZSBlIHScdJx0HHOYZBxkoGUkZih1pGUgVBxDoE
QgRCBDoEQgZBxkHFScZSSFqIUkhByDmGOcY5xjmFOYU5hTnFOYU5hTlGOYY5RjmG
MYY5xkIHSkdBxTGEKUMpAykEKQQxRTFEMUQxRClFKUU5xznHOYYxRTEGKQUpBSEF
IQUpBiEGKUcYxSDFKQYpBSEFKQUxRjFGKQUgxCDDIMMgwykEIQMhAyEEIQQhBSlF
KQQgwxjCGMIgwiDCIMMYw0FGOUVBhloIWopSSVpJWkpJyUmISYhBiEmISYhJiVnK
WkpqzGKJWkhSB0oJSghByDmGOYYxRUHGWsprTGMKUotKSlJKSktCCUpJUktJyUnI
SchRyWKKastii2rKWolaiFJIUkhSSEpHQgc5x1KLYs1iy2sMcsxqinKKaotiSlpJ
UglSCVJKUkpailpKast7DIONi857jHMLaspqymLJYsliiGLJWkhailJJWolSSlJJ
UkhrC3uNg817jWsLcwtqymqJYslaiGLJYsliyWLJi4+Lj3tOew1zDXLMawxiy2rL
astiy2LKaslrCIOLk8yLi4NKe0tzCmrJasliiWKJYolqSWqKcwyLjovNc0t7S3NL
cw1qzGrLaspqymsKYsliimrLg42Di4OKg4p7SXsJcwlqyWrKasliiGrJasl7S5PN
i8yDi3tKe0pzCXMKaspqi2KKaopqimqKaoliiWKJYopqynMLcwx7TYNOewxzC3sL
awpiyWKJWkliiVqJWolSSlqKast7THNLaspqi2KKWklaiVKJUkhaSFJIWkliimrL
cstiilpJUkhaiFpIUkhSCFJIUkhKB0oHUkdaiGLJYohaR1IGScZJx0oHSghJx0HI
QcdKB1JIWolSSEoIQcdBxznHQcdBx0nHQYZBhkHGUghaSVJJSghBxzmGOcY5hTmG
OcYxhjGGMUYxRTFFMYUxhSmFOYZBx0nHOccxRTFEKQMhBClEKUUpRSmFKUUpRSlE
QcZBxznGKUUpRClFIQUhBSEFIQUhBhjFIQUhBClDKUMpQylEMYYxhiEEKQQgwyDD
IMQhBCEEIUUhBCEEKUUpRiEFIMQYwxiDIMQYwxjEGMQ5hzmGQYdSCVpKWotSS1IL
ScpBiUGIQclByEGJOUhSC1rMWsxai1JMSgtJy0nKQclBiUGJQYlJyVqLawtrC1rJ
UkpSSUpJQglCCkoLQctBykHKUolqy2sMastqy1qKUotSi1KLSklKSEIHQgZaimrL
cw1zDWrMcstqymJJYklaiVIKScpSClILWkliimrKe0uDjIONc4xjC2LMastii2KL
YopayFrIWshSS1JLWktSSVpJcwyDjnuNe01zTGtMawxqzVpLWotaimLLYwtrC3uM
g86Dj3tNewx7C3LKcspqy2KLYotii2JLasmDTIvNg417TXMMcsxyy2KKastqi2qL
aopiinMMi86LjntNe01zDWsMcwxzDGsLYstiy2LLYotzDHtOg4+DjoNOe01zDHML
cwpqimqLYolqymrKg0yTzIuLg0pzSmtKa0prC2sLaspiymLKYopiimKKWkhiiVqJ
Yspqy3MNcwx7TXNMcwtrC2rNYo1ijFoLWkpaSlpKUolaimsMc41rDGLLYstailqK
WktSSlJJUkpSSVKKWspqy2rLYopaiVqJWohaiFJHUkhSSVJJUglKSUpIUoliylqK
UghKB0nISchJx0oHSghBx0mGUghaSVqKUkhKCEHHQcZBxjnGQcZBxkGHQYdJiFIJ
WopaikoIQcdByDHHMYcxxzGHMYcxRzGIOYkxiClGMYYphjGGQgdKSDnGMUUpBSEF
KQUpRilFKYUphSlEKUQpRTmGOcY5xjGGKUUpBSkEIQQhBCEEKUQhBCEDIQIhBCEF
IQUhRimHKUcZBiEGIQYgxSDFIMUhBSEFGQQZBClFMYYhBBiEGIQYhCDEIQQYxBjF
QQdBB0GIWgpai1JKSgpKCUoJSclByTnIMYc5yDmJSctiTWKNWktaSkoJSglJyknL
QYs5STmJSgliy2MMYstaS1JLUgpSClIKSglSCVIJSclJyFIIYsliymMKYstSSlpK
WopaSlJJUglJyEHIWgpqi3MMcwxqymLJYslSSFpJWklRyFoJUchaCVoJYklqx3tJ
e4p7jHNMawpqymqJaolqiWLJYslayVqIWolaiVqJWkZiR3LKg0yDTHtLewt7C3ML
YspiiWJIaolqimqKcsuDDYvPg45zTHMLcwxyzHLLaspqyWrJYohqimqKi02LzoOM
e4tzSWtJawlaiWqLYkpiimKKaol7DIvOi857TXtMe0x7C3MLcstqy2LKYspiymKJ
csuDToOOg457TXtMcwtzCnLKaolqiWJJaoliiXNLi82DjXNMc0tjCmtLawxrC2rL
aspqymKJYohiiGKIYohiiGrKcwt7S3tLe0xzC2rLasxqzGKLYotaS1IJWglaSVqJ
YolrC3tMcwtyyWqJYklaSmJJWgliSmJKYklaSWKKawpqymKIWoZah1qHUoZKRkpG
UgZRx1nISghSB1qJYsliiVIHUgdJxknGUgZSBlHHScdJx1HIWklaiVJHSgdKR0IG
SgVJxUnFQYVBhUGFQcZSB1KIUkdKBjnGOYU5hjmGOcY5xjGFMYUxhDFFMYUxhzGG
MUY5hEoGSgZBhjFEKQQpAylEKUQxhSlGKQUxRikFKUQ5xUHFQYQxQzEDKQMhAyED
IMQpBCkFKQUgxCDEKQUhBCEDIUQxhilGIQQgwxjDGMMhAyEEGQQhBCDEIMQpBTFG
GMUgxBiDGMQYxBjDGMQgxDkIOMdRSFoKWopSilKKSklKCUoKScpBiEFIQUlJSVGK
ak1qTWIKWglSCFIISgdByEHIOYdByFIIaotqzGKLWkpiClnJYgpaCVIJSchByEnI
SgZSRmsJcwpqy2KLYkpaSlpJUglJyUnJQYlBiVIKasxrDHMLawtayWLJWolSSlIK
SglSCkoKUgtSClKJYspzTHuOe01rDGrLcwtqymqKaotii2KLWopailqKWopailpJ
Wolqy4ONg417THMLaspyymrKYkhiSWqKYglaS2rNe06Lj4OOew1yzHLMcspiyWqJ
aspiiVqIYshrCYOMi8yDjXtNewxzC3LLYklqimJKaopiimKKcwyDjoOPe057TXLL
ewx7DGrKaspiilqKYspiy2sKe4x7jXvMe4xzTHMLastqy2qKWolaiVqJYsl7S4vO
i857jHNLcwtzC3MLcstqimKKYspiymLKWoliCGpHakhyiXrKe0x7S3tLc0tzS2sK
YspiilpJYkpSSlJKWktaSmKKawxzjHNMYspiyVqJWolSSVJJUklSSUpJWkpii2rM
YstaiVqIWkhaSFJHUkdSB1IHUghRyEIHQghSilrKUslSSFJIUgdKB0oGSgVCBkHG
QcZBxkpHUohCR0IGQgZCBkHGSgZBxjmFQYY5xkIHSkdaiFIHUgdBxzmIQYg5hzmH
OcUxhCmEMYQxhTFGMUYpBTFFOYRCBkIGOcUxRSlFIQQhBSlFMUUpRClEMUUhRCmF
Ogc6BjHFMYQpRClDIQMhBRkEGQUhBSEFIQUhBCFFIUUhBSEEMccphiEEIMQgxBjE
IMMhAyEDIQQgxCDFKQYxRiDFGMQYhBiEGMQYxBjEIMQ5SDkHQUhSC1pLWkxaTVIM
UgtRy0mJUYlBBklHSYhRyWKMWkxSC1ILSgtByUIIOcc5xkHISchByFqKawxiy1qK
WktSCkoJUglKCEHISchJiEmISYhqi3LLaspqyWKKWklaClHJSchJyEnIScdSCGrL
cwxzTGsMYspaiVqLSclSCUoJSghCCUpJUkpaimKLcwyDjntNcwxqy2rKaopqi2qK
YopiilqKWopSSlpKWkpSSVJJYstzTXNNcwxqzGrMYsxiy1qKYotqi2JKYkpqjIMO
i4+DTXMLcwtzC3LKaopqi2qLYopiilrJYsp7jYPOg81rC3sMcspyyWqJaoliimqL
astiy2sMg46DjntNew17C3sMestyymqKaspqymrJYsprC3uNe42DjXtNcwxzC3LM
asxaiVpJYolaiWKJewuLjYvNg4xzS3NLawtqy3LMaotqi2qKaoliiGKJYolaiFqI
YshrCXtMewtzC3MLcwtyzGqKakpiSVpJWklaSVJJWolaiWsLc0xrC2LKYslah1qH
WodSh1JJUklKCVIJWkpqzGsMWopailJJUghSCFIJUgdSB1IHUkhSCEoIUklax1LH
UoZKRkoFUkZKBkIFQgVCBkHGQcZSCGKJUkdCBkHGOcZCBkHGOYU5hkHHOYdBxlJH
WkdSR0oGQcc5hzmGMYY5hjmFOYYxRTFGKUYxRjFFMUUxRjlGQchBxzmGIUQhAyEE
IUQpRSlGKUYhRiFGKUYphjoIOcYxhClEKUMpQykDKQQpBSEFIQQYxBjDIQQhBCEE
GQQhRDGGKUUhAyDDIQIhAiECGMMhAyEDGMUYxSEHKUgYxRCEGIQYgyDEIMQgxCCE
QQhBBkFHUclaSlJKUkpSC0nKUYpZylGJSUdJiEGGQcdaimKNUktCCkpKSkpCCTnJ
OYkxiTnJQclaSmLLYstaimJLYktaClIJSglJyEHIQclBiUnJaotzDGrKawpaSFJJ
UklKCUIJQcdByEnISghai2tMa0xrCmLLYstailJKSgpJykoLSglSCmJKYklqi3LM
i06DTnsNcsxyi2qLaspiiWKJYspaylrKUopailpJWklaSWrKe4yDjHtNcwxzDWqM
WopaSlqLYoliSWqJaouDTYuOe0x7S3MKawlzCXLJaopiiVqKYotaimLJe42LzoON
cwxzDHMMaspiiWKJWohiSmqLaopyy4OOi857THMMcsxyzHKLaspqimrJcwlqyGLI
asl7TIONg417THLLcstzDGrMYotii2KLaotqyntMi82DzXuMc0xrC2sLYstqzGqM
YoxqjGJLYopailrLWspSiVrJawtrDHNLe0xzC3LKaspqi2KKWolaiVqJWkhaSVpJ
WklqinsMcwtqymKJWolaiVqIUodSiFKISkdSiFqIawtrCmLIYshSRlJHUkdSR0pH
UgdSCFIJUglSSFqJWslaiUpGSgZJxkoGQgZBx0HHQcg5h0nIUklaiVKISgdBxjnG
QgY5xznHOcc5hzmFQcVKBlJHSkZCBznGOcdBxzmHMYU5hjnGOYYxRTFFMUUxRDFE
MUQ5hUHGQcc5hSlEKUQhBCEFKUUpRTFGMUYpRikGKUY5hzmGKYUpRSlFKUUhBClF
IQQhBBkEGQQZAxkDIUMhBCEEKQUxhylGGQQgxSDFIQMhAyFEGQMhAxjDIQUpRjGH
IQMQwhDCEMQgxRjFGMQgxDmIMUYxh0HJSktSS1JKSgpJyUnJSclJiUFIQYk5SEHJ
UktajEpKQgpCCUIJQgk5yUGJOUhBSEmKWgtqymKKUklKCVJLUgpKCUnISchJiUnJ
SYlJylqKasxiiWLKWolSSVJJUklKCEoJSchKCUoJWotrC2sKawtiymKKWolSSUpK
QglKSVIIUghSCFIJWoliy3NNe01zTHMLasliyWLJYolaimKLWkpailJJWopSSVpK
WkhiiXMLe0x7DHMLastiylqJWkhaiFqIWohiiGqKewyLjnsMcstqy2LKYspqy2KK
YopiimKKYopiyntMg42DTHMLcwxyy2rLWkpaimLKYopiiWKJasqDjYONe0xzC3LL
aotqi2qLYstqinKKaoliSGrJe0x7jHuMc0xrDGsMawxrDGKLYotiS2KLaoqDTIvO
g41zS3MLcwtrCmsJaslyyWLIYshiiWLJYsliyFrIWohiiWrKawtzDHNMcwxyy2rK
YolaiFJIUkhSSVJJUopaSlqJYspzTGsLWspaimJJWglaCVoJWklSCVIIUghaiWsL
awtaiVpJWkhSCFJHSkdKSFIHUgdSB1IHUgdaiGKJYslKR0oHSgdBxkHGQcdBx0HH
QcdKCFJJUklSSUHHQgY6BjIGOgY6BkIHOcY5xkIGSkdSh1JHQgY5hjmGOYY5hjFF
OUY5hjlFOUYxRjFFMUQxRDFFOYU5xkIGOcUphCEFIQUpBSkFKUYxhjFFMUQpBDFE
OYY5hjlGMQUhBRjFGMYgxiDGIMYgxSDEGMQZBCEFIQQhBCkFMYcxRiDFIMUYxRjE
GQQZRBkDGQMZAyEDKQUpRiDFEIQQgxCEGMUYxSDFGMQ5SUGJOUg5SUHJQclByUnK
SclJyUGJQYhByEHIOYdJiEnJUghKCUnJSglJyEnIQYhBiDmHOYhByEoIWopailKK
UkpSS1JLUglJyFHJUchJh0mIQYhRyWKKYotqzGKKYopiSloJScpBiUHKSgtKClJL
WstqymsJasliiGKKWkpSCUoIUkhKB0oHSgdSCFpJWsprTHNMawxrC2rKWktiS2JL
YktiS2KKWopailqJWolSiVJIYolyy3sNcw1qzWrMaotiSlpJYkhaSFpIWklaiWrL
g45zDHLMcsxii2KLYsxai1pKUklaiWKIYohyyXtLe0pzCnLLcspyyloIYklqimpK
YkhiiGsJe0t7i3NKawlrCWrKaopqimKIYolaSVqIYohqiHMJe0p7CnsMcw1rDWLM
YwxailqJWkliiVqJasuDToNNewxzDHMLaspiyWrKYoliyVqJYopiiVpIWkhaR1pH
YohqyXMKewxyy3LLcstqymKJWolaiVJIWklaSlpJWklSiGLKcwtiylqJWklSSVqK
UklKSkpKSkpKClIIUkhiymKKWklaSVIIUghSCFIHUghSR1JHSgdKBkpGWohiyVqJ
UghKCEnHQcdBh0oHQcY5xkHGSgdKB1JISklBxznHOcc5yDnIOYdBhzlGOUZBh1II
UglKBznFOYU5hTmFOYU5hDmFMUUxRTFEMUQxRClEKUUpRTFFOYZBxzGGKUUhBSEG
IQYpBikFMUUxBTEEKQQxRDnGMYYphiFFIQQZBCEEIQQhBSEFGMQZBBkFGQUZBSEF
GQUpRTHHKUUYxBjEGMQYxBkEGQQRBBkEGQQhRClGKUYYhRCEEIQQhBjFGMQYxRjE
QYpJi0FLQUtJS0lLSYpBiUnKQYdJyEnISclJiEFHQYdBSEFIQUhJh0mHScdBxkHH
OccxhjGGOcdKSFqKawxqy2KKWkpaSlIKSglKCknKQYk5SEGHSYhaCVqLYsxizGLM
WotSSlIJSchJiEmIQYhJyVIKYotrCmrKYslqimJJWgpJiVHJSclBiEHISghJx1II
astzDHMMYotai2KLWkpSSVpJUglSSVpKYkpaSlpKUgpSCVIJUkhqSWKKaolqiWpK
YkliCWIKWkpaSlpIUgZSRmsJawliymKJYopaSVqJYoliSGoIYghiCGIHYkhyyHLI
ewpyyXLJYkhZx2JJYklaSVqIWodqyHNKc0prDGLMYsxiy2qKaoliSGJIYkhiSFoH
YkdqiGqIcopyy3sMewxzCXMJYodaiFqIWohSSGLIcwp7CntLe0t7S3MLawtqy2rL
YopailpJYkpiSWJIYkhaiFqIYodqiHKJaolqimqKaopqimJJWolaiVJKUkpaSloJ
WgpiS2qKYopaSVpIWkhaiFqIUohKCEoISgdSCFIHaoliSFoHUgZSBlJHUkdSR1JH
UkhSR0oGUgZKBlJFUkZSR1JGSgZBxUGGQYZBxjmGOcU5hUHFScVKBkoFScVBxkHG
QcZBxzmGOUYxRDlEQYRKBlIHQcg5hzFGMYUxhTGFMYQpQylDMUMxQylEKUQhBCFF
IQQpRTGFOYUpAyEDIQMgxCkGKQYhBilEKUQhQylDKUM5hDnFKUQhBCEDIMMYwyEE
IQQhBCEEIQQhBCEEIQQpBCDDKUQxhSlEIMMYwxjDGQQhBBkEGQQhBCEDGQMpRSlF
GIMYgxiDGIMYgxjDEIIgw1JIWkhRylHKScpBiUGJQUlBiTmISghSSWLLYopSTEnL
SghJyEoIScdJyVHJUgpJyUHIOYc5xkHHWglqjHLKcwxqy2rLYotajFqMUktSikpJ
OcdBxknGWohiy3MPew9yzmqNYktiSlpJSglBx0HHSclSSmLLe057jnMMasxiS2JM
WgtSCkJJMgg6CToJSglaintOe497jnMNaw1qy2KLYotii1IJUgpaS2rNcw1rDGKL
WglKCEnHUghSCFIIWklii2KKaw1qzGKMWotSSloJSchRyFoJYkliSlpIYkhiSmJK
aktiSmpJcoliiXMKcslzCntLcstqi3KLYglyi3KLaotqjGqLcsx7DYNOe0pzC3tM
e0xzC3MLaopiSVpIWkdaB1IHUghaSGLJe4x7jIOMe0tzS2sJWodaiFJHSgVSRlrH
awl7S4OMg817jHNMa0trC2LLWspiy2LKYopiymKJYolaSVJJWghaCFpIWkhiiWKK
astqy2rLYstiy2LKWopaSVIIUghSCFoHWkhaiGKIWohayFrIWslSiVJKSclJyFII
UghSCEnHSgZCBlIIWkhaSFIIUklSR1KHSgVKRUoFQgVKBUIFQgRCBEIEQgU5xTnF
MYUxhTmFQcZSB0oHSgdKB0IHQcc5iDFGOUY5RTFFOYZJx0nIQYhJyDnIOccxhjHF
MYYxRTGFMYYpRSkFKUUpBCkFKUQxRDFDIQMhAhjDIQQhBCkEKQQpBCkEIQMpAylE
KUUxhSkEKMQgxCDEIMQhBCEEIQQhAyEDKUMpQykDIMQgxCDDKQQhBCEEIQUZBSEF
IQUgxSEEIQQYwxiDIMQhBBCCEIIYwxjEGMMYwxjEEINaiVKIUolSiUpJQglCCDnJ
MYg5SEGKWctiTXKOak1aC1HKUclRiUmJSYlJyUoJSghByEHHQcdBx1HJWkpqyXMJ
aslrC2LLYotaSlpKSglKCUHISclByEnIWkpqzHMNcw1ii2pMWoxKCkIJUgpJyUoI
SghiinNMe41zS2MKYwliy1qKUkpSS0pKSkpKSVJIYoh7S4ONi857jXNMcwtrC2rK
YotaSlpKYopyzIONe89zjmtNWotaSVpKWkpaSmKKYopiinNNg4+Dj3NNasxiymMK
YwpaiVqJYspzTGsLawtiymrLYsprC2sMe42DzowPi86Dj3tOcw1zDWKLaotqi3KL
cot6zIOOi86LzYvMg4t7S3uKc0pzCmsJYspiilpJUklSSVpJYspiy2sMg46DznuM
c0trCmLIWohSSFJIUghiSWrJewuLzYvOg417DHtMewtyynLJashiyWMJawprDHNN
cw1qi1oJWglaCVoJWkpiimLKYslqymLJYwlzTGtNawxii1JJUglKCFJJWopailqJ
WolaymLMYwxjDVLLSolCSEJIQgdKB0oJSgpSS1JLUktaSWKJYsljCmMJUohCB0IH
SghCCEIISchByDnGQcY5xjnGMYUxhkHHQghSSFrJUohKB0IHQYc5RjlHMUcpRzGG
QghSB1pIUkhSSkoJQcg5iDmHOYYxxTGFKYQpRSmGMUYxhjnHOcgxiClHIUYhBSkF
KQUxRTFFMUUpRSkFKQUpRilGKUYpRiEFIQUhBSEFKUUpRSlFKUUxhTGGMYYxhiDE
GIMYQhiDGMMgxCEEIQQpBSEFKQUhRRDDEIIQQhiDGMMQghjDGMMYwxkDGMIYwhjC
WktSSlJKWopSSUHHQYdBhzlJOUlBSknMYo1qzVqJUklSSUoIUghRyVGLSUtBSzlK
Qco5yDGGOcZKSFJIYspqyWrJaspqymqMWktaS1JKUkpKCEnISchJyFIIYspzTWsM
UolailqKUklSC0nKSclSCVIJYkpzDINOcw1qy2rLaopaSVpJWkpaSVJIUkhSSFqJ
cwuDjoOOg45zDGrLastiy1qKWkpSCVoJaot7TIPNg817TGsLYolailqKWopaylqK
WspzDYOPg4+Dj3tNcwtrC2sLastqy3LLcstqinLLaspqyWqJaolzCntMi86UD4vO
g4xzS3MMastiimKKYopiiXLKest7DIuOk8+LjoNNe0x7THtMcwxqymrKaspqimKK
YolqiWrKaspzDIOOi8+Lj3NOYsxqi2KLWopaiVqJYspqymsKg42Lz4ONe0x7C3MK
cspqyWKIYohiiGLJawp7jIPNe0xyzGLJYoliimqKcopqimqKaoliiWKJawp7i4OL
e0pqyWJJWkliSWKKWolaiVqIWoliymsLa0xrTGMLWspSiFpIWkhaSVIKUgpSClIK
UkpaimLJYslrTGMLUolSSVJIUklSSUoISgdBx0HHQcdBxkGGQYdBh0oHUkdaiWLJ
UkdKB0HGOYU5RTGGOYc5xkIHScdSCFIJWotSSkoJSgk5hzmGOcc5xjHFMcUxhTHG
QcVKBlpHUgg5hjEFIMUpBjFFMUUpRSmGKYUxxjnHOgZCBzoHOcYphSmFMYUphClE
KUQxBDEFOUYxxzoHMcYphSEEGMMYgiDCIQMhAyEEKUUxhjHHMcchRQjCCIEIwhDC
GMQhBCDEGMQYxBjDGMQYxFHLWkpSSlJKSchByUFJOUg5SDEHOUhJymKNYotii1pK
UghJyEHISclKCkHJQclByjnIOcg5yDGHOcdKSVKKWopai2KLasxqy1pKUkhSSUoG
SgZBxUnIScdZyWJLcs17DWLLWopaSVJJSghCCEHISghKCFpJasx7TXMMastii2JK
WklailpJWkhaSFIHUgdaSGrKe0yDjHuMc0trCmMKYopaSVoKWgtRylpLcwuDi4OM
e0pzSmrKYotai1pKWotaSlIJasuDjYvNg8yDi3NLaspqy2rLastrDGrMYopiimrL
YopiimKJYolrCnvMjA2LzXuMawpzCmsKYsliyGLIaoliiWqJcwmDi4vMg4t7THML
c0tzC3MLaspiimKKaotqi2rLaopqimqKYkh6y4ONg417TGrKYopiilqKUopaiVqK
YspiiXMLg46DjXNMastqy3LLYopiiWKJWolaiGKJcwuDjXtMc0xqymrJasliymLK
YolaiWKJYoliiWrKcwuDTHsLcspqi2KKYotiilpKUkhSR1JIWoliiXLKcwxqy2rL
aotiilpJWklSCVIJSghKCEoJUkhSiFqJYspiy1qKUklKR0pISkhCCEIHQcdBxznG
QgZBxkHGQYZBxkoHUkhaiVpJScdBhjmGOYU5xUHFOcU5xUHGScdJyFpJUkpKCUGI
OYc5hzmHMYYxhjGGMUUxhDHDOgRCBkIGMYYpBCkFKQUpBSkEKQQpRSlEKYQ5xkIH
QkdCBzmGMUQpRClFKUQpAykDKQMpAykEMYUxxjnGOcYpRSDEIMQhBSEFGQQgxCDE
KUUxhjHHKYYZRREDEMMYwxkDGQQRAxkDEMQQxBDEGMRRy1oMSk1BzDnLQctByzmI
OUc5R0FGUchiS2qMaoxiS1oKSglSSUoIQchBx0HHQYpBiTmHOYdByEoHUkhaiVqJ
WklqjGrNYkxai1pKSkk6CDHGOgZJx0nHUghiinsMgwxqzGJMWgtSS1ILUglJyFGI
UchaCWqKgw1zTWtMYwxjDFqKUolaiVpJWkhaB1oHWghqiXsLgwyDTGsLawxizFqL
UopSSVIJUghaSXMMg02DjntNawxqy2LLYoliiWJJYkhaSGrKe4yDzIPMe4tzS2rM
as1ijWqNas1yjWqMasxqzGKKaspqimKJawl7zYPOg86DjXtLewtyymrJYoliiWqK
akpqinLJi4yLzYONewxzDHMLawtjCmsLastiimrKcstqy2rKYspiiWKIcwmDzIvM
g4tzCmLKYopiymKKYopiimKKYklzC4uNg01zC3LLcstqy2KLYopiimKKWopaiXLL
g4uDi3NKawliyWLKYotii2KLWkpaSlpKWkpiimsKe0x7TGrLYopiilqKWolSiUpI
QghKSFqJYopqy3MMawtiy2LLUklaSVJIUgdSBlIHSgZSR1JIUghSSGLKYspaiUpI
SkdKB1IHQcdBx0HHOcdBxznGOcZBx0HHQcZCBkpHUolSSUpIScc5hTmFQcZBxTnG
OYU5hkGGScdSCFIJScdBxjmGOYYxRTGFOcY5hTGFMYUxhTnGQgdCBzGGKUUpBCkF
KQUpRClEKUQpRCFDKYQ5xkIHOcYphClEKUMhQyFDIQMhQyEDKMMoxDEFOUc5hzmI
MUcgxSDFIMUhAyEEIQQhBCEEKUYxxzHHKUYZBRjEGMMYwxjDGMMQwxjDGQQZAxjD
UkpSTFJMQcpByUnKQYg5SDlHOUdBiFHJYktyjWKNWkxSC1HIUchJx0nHScdBhkGG
QYZJxzmGOcZBx0oIUklSSVIJYstizFqKWopaSVJKSgk5yEIIQYdBxkoHWolzTXNN
YsxaS1pLWklRyFHISYdJh1HIUchqy3tNe01zDGrLYspaiGLJWohaiFpIWghSB1II
YopzTHNNe0xzDGsMYopaSlJLUglKCFHKWktyzXtOe057DnMNasxqzGKLWolaSWIJ
YgpqioNMi42LjYNNe01zDHMLcwxyzHLKcspyymqJaopiSWqJaolqiWrJe4yLzovO
g417THMMYspaiFqKWotijGKLasxzCYOMi82DjXtNewxzDHMLastqy2rLcsxqimqK
aopqimqKYkpihmsHe8qDzIONcwtqy2KKYopiymKKYolqimKKasqDjYOMcwpzC2sL
aspiymKKWkpiTFpKWklyy4NNg0xzC2rLWotijGKLYopiilpIUkhSSFpJYolzC3ML
awtiymKJYolaSVpKUkpSSkpJSglSilrKYwpjC2MMWstai0pJUklSCFIHUgZSBlJH
UkdSRkpHUkhiymLKYspaiFJGSgZKRUoEQgVCRToFOgU5xjnGQcZBxkHGQgVSRlrI
UohKR0HGOYY5hkHHQcZBxkGFOYU5hUHGUkdKSEIHQcc5xzGGMYUxRTFFKUUxRjFF
MUQ5hkHHQgc5hylFKQUpBSkFKQUxhilFKQQhBClEOcZCBzmHMUYpBSkEKQUpBSEF
IQUhBCEEKQQxBjmIOYg5hzFHIMYgxCDFIQUhBCEEIQQYxCEEMYYxhilFIQUYxBiD
GIQYxBDEGMQYxRjFIMUgxVJKUkpaC1HKSYlJiUmIOUk5STFJOYlJymJLcs1qS2JL
UgpRylHJSYhRyFHIUcg5xznIOcg5iEFHSYhRyVoKWkpijGKLUolailKKUklKSUIJ
Qcg5x0HHSchKCFqKaw1rDWKMWktaClpKUglaCUoJQchByVJJawtzS2sKcslqiWJI
WsljCFLHUodayFJJSglKCWqMc01rDHMNawxjDGLLYotiSloHWgdaSGKKc0x7jntN
cwxqzGrLYotiiWKJWohiiWJJcoqDTYtNg42DjXtKc0pzCnMKawpqyWrLastiimqK
YoliiGKIYohiiYONg42DzYOMe0tzSmsKWolaiVrKWspaymLLawx7TouPi4+DTYNN
e01yzHLLastqi2qLaotyi3KKaoliylqJWolrDIOOi817THMMawpqymLKYopaSWKJ
WoliyWsKe4t7i2tJawhqyGrIaohiSGJJYklaCGJHcsqDTINMewtyymrLYopaiWKJ
YolaSVpJWkliSWpKesx7DXLLYspaylqJUohSiFJIUklKCFIJUkliimKKYspqy2KK
WkpSSVJJSghKB0nHSgdSCFIISghKCEpJWslaylrJUohKSEnHScdRx0nHScdBxjmG
OYZBxjnGQcZBx0HISglaSlqKUkhCCDHHMYY5xznHOYZBhzmGOYU5xkpISkhCBjnG
OcYxhTGFMYUxhSmFKYYpRSlEMYZBx0nIOYYpBCjGKMcoxzEGKMUxRjFFKQMxREGG
QgY5xjGFKQQpBCkEKQQgxCEEIQQpRClFMUY5hzmHOYcpBSjEIMQgxSEFIMQgxCDE
IMQpBTmHOYcpRSEEGMQgxBiEGMQYxRjFGIUYhRjFGMRSSFJJUklBx0HIQchBiDGH
MYcpRzGHQghiSmqLaotiSlIJSchJyEnJSclByUHJQck5iEGIQYhBSEmISchaSVpJ
UgdaiFqJWolay1JKSglRyEGHScZSBlHGUgdiSXLMcs1qjGJLYgpaSloJWglRyFGH
ScdaSGrIc0pzC2rLWopailpKWkpSSlqIWohaR1IGUkZiyHNKc0pzSmMJYslqjGKL
UkpaSVIJUghaSXtOe057TXMLcwtzCmKJWkpSSVJJUolSiFrJc02DTYNNg01zTHMK
awlqymqLaoxii2KLastiiWKJYolqiWJIcsuLjouOg46DTXtLc0tzC2JIWohaiFqJ
YslqymrKg02Lj4tOgw17DXMNawxrCnLKcopyiXKJcslqyWLJYsliyVqIasqDjYON
ew56zXLMasxqyWKHWodiyGKJYolzC3uMe4xzCnLJcslyyWqIYshiiGKLWklaSmrM
e017TXMMaopqymLJWslaiVqJWopaSlpKWkliiXMLc0xrC1qKWopaiVJIWkhSR1JI
UkhSR1JHWohiyGrJashih1pHUgdSB1oIUghSCEoIUcdKB0oHSgZSh2LJYslayFqH
UgZSBlIHScZBxkHGSYZBhUGFScZBxkHGQcZJx1IIWklaSUnIQcg5hzmHQYU5hTmE
QcQ5hTGEOcVCBkpHQgY5hTmFOYU5RDFFMUUxhTFFKUYpRTGGOchCCDGGKQQpAykE
KQQhRSEFIQUpRSDDMQRBxkHHOYUpBCEEIMUhBCkEIQQgwyDDKQQhBSlGMYYxhzlG
MQQowykEIQMZAxkEGQUYwyEDIQUxhSmEIUMhAiECIQMYwhjDGIQYxRjEGMQYhBiE
UctaSlIKSchBikHKOYk5iTFIMYcxh0IJUoxaS1pLUgpSClIJQchByUnKQcpBy0HK
OYhByEHHOcZBhknHUkhSSVqKWopaSlJKUglSCkoJSglByEHISghJx1IIWkhrDHMN
YsxaS1qLUkpSSlIJScg5h0HJUglaiXMNcw1qy1qKUkpSSlqKUkpSSFJIUkdSR1IG
WohrS2tLY0tbClsLYotaCloKUclRyVIJUgd7TINNew17DXKMasxii1qLUkpSSlJK
UkliintNg497jntNcwxqy2rLastyy2qLYopiimLJYsliiWKIYolaSGrKe4yDzXvN
e0xzC3MLcstaSVqJYolailJKWktqjHtOg4+Dj3tOew5zDWrMawxqynMKawlqyWLI
aspiy2KLYstiyXNLg4yDTHMLaspqy2rLYspaiVqJWolaiWKJcwuDjXsNcwtrCmrL
WopiymKKWopaimKKYolzDINNc0xrDGLLYspiylqJWolaiVqJUklaSVpIYopyy3ML
awtaiWLJYkhaSFJIUklSilJJUglaSGJJYolqymLKWolaiVJISkhKCEoJSghKCEoI
SchKCEoIUkhiymLKWspSiEpIUkdSB0nGScZJx0nHScdJx0GGQYdBh0GGQYdSCFpJ
UglJyEGHQcY5hjnFOcY5xjnHMYYxhjnHSghKCDnHMYYxRjGFMUUxRDFFMUUxRTEF
MUU5hknIQccxRikFKQUpRSlFKUUpRSlFKUUpRSlGOcc5yDFGKQUgxSEFIQUpBikF
IQUhBCEFIQQpRjGHOYgxRyjFIIUhBSEFIQQpBiEFGMQZBClGOYYxRSkEIQMZBBjD
GMMYwxjDGMMQwxDDGMQYxFIMWgtCCkIJQgg5yDnIOUoxSSkIOUZRyVJKWktSS0pL
SklKCUHIQcdByEHJQckxSDlJOcg5yDnIOclByUpKSopSilqKYstSClpLUgpSCUoJ
QglByEHIQchByUoKaw1rDVqLUkpaSlJIUghKB0HGOgdCSkqJUstjDWMNYstai1JK
Uopai1JKUklSSVpJUghKCGLJc0tzS2LLYstaylqKYgpaClnJYgpZyVoJe0x7TXMM
YotqjGqNaotii2JKWglaCVoJYgp7DntOg057DXLMaotyi3KMastqimKJYopiimLJ
YslaiFrIWohiyXNMe4x7jIMLcwtzCnLKWolaiVKKWopaS1qMWot7jYPOe417TXMN
awxqzGrLaspzC2sLYspiiWKLYotqi2KLaotrDINOg01yy2rLaohqyGLIYohayFqJ
WshiSHKLgw17DGsLYsxiy1qKWopailqKWolaiVqJast7TXMOas1ijGKLYotailKJ
UkhaiVpJWkdaSGKJastzC2rLWohaSFpIUkhSSFJJUkpSCVIKUkpai2rLastiiVJI
WkhSSFJHSgZKBkoHSgdKB0IHSgdKB1JIWoliymLKSopCCEpJSgdKB0pHSgdCB0IH
QcdBxznIMcc5xkHHSghSSUpJQcg5xznIOYc5hzmHOUc5hTFFOYZBxkoISggxhilF
KYUphimEKYQphSlFMUUxRTFFOcdKCDnHKUYpBSEFIQUhBSEFKUUphCGEIUMhhDoG
OcYpRCkDKQQpBCkFKQUgxSDGIMUhBiDFKQYxRzFHMUYgxBjEIMQhBCDEIMUhBSEF
IQQpRTmGMUQpAykDGMMYwxjEGIQQgxDDGMQYwxjDGINSCVHJUclBx0HIQchByDmI
MUkxSTlJQghaymLLWspaSVHJUclJyUHISclByUIHOchByUHIQYdBh0HIQghKSVKJ
UspaymLKUklSSlJKUglSCUnJQcY5xkHGQcZSiGMLawtaiVqJWktSSlIJSglByTnJ
SkhSSVqKYwxrC2LKYopaiFKIWolaikqIUkhSCEoHUgdiiXNMcw1yzWqMaspiimKJ
WkhaCVoKUglaSnMNe057DGrLastiymrKaspiimJKWglaCVpKcwx7jHuMewtyy2qK
astqi2rLYspqyWrIYshayFrJUohSSFqJYsp7TIONg4x7S3sKewpqyWJIYotii2JK
WkpiimrKe0yLj4NNewx6zHLKcsprCmsKYspiymLKaolqiWqJaotqimKKcwx7TntO
cstqy2KLaopqimqKYktai1qKYklyy4MNewx6zHLKaoliiGqKaoliiVqJWohaiGrJ
e0tzCmsJaspqi2qLYopiiFpIWkdaSFpIWkhiiWrKcwpqyWKHYodah1KHUohSCEoI
UglSCVpJYkpqi2qLYkpaSFoIWglSCkHISglKCUoJSghKCEoISkhSiFqJWsliiFIG
SgZKB0nHQcZCBkHGQgZCBkHHQcY5xkHHOcc5x0IHUohKRzoGOcU5xjGFOcY5hjFF
OYU5hTmESgVKRkJGOcYxhjGGMYYxRDGEOYQxgzFEMUQxRDmFScdBhjEFKQUhBSEF
IQUhRSFFIUUhRCFEIYMxxTHFKUMhAyEEIMQhBCEEKQUhBCEEKUUpBClEMYUxhilF
IQQhBRjEIMQghCDEIMUgxSDEIQUxhjGGKQYhBRjFEIMQgxjDGMMYwxjDGMMYwxjD
SctJylJLSgpKCknKOYo5STkJOUc5R0nIWoliylqJUgpKCknKScpJyUHKSglByEnI
QchBiEFHQUhBiknLSgtSSlqLWotaSlJKWgpaC1oLUcpJyEnHScdJh0nHUkprDWsM
YstailJKSklKSUpJQghCCEJISghiy3MMcwxqilqJWklailJKSklSiVqJSghKCFIJ
YotzDXsNcsxqzGrLYopailJJUklaCVIIWghqy3tMc0xrDGLLYstailqKWolSSVJI
UkdaiHOMg417THMMasxqzGKLYstrC2LKYspiyWKKWolaSVpKYkpaSmrKe4yDzYNN
cwtyy3LMaotiCmpLcotiilqJWopiyntMg42DTHsLewtyymrKasxijWrOao1qjGrJ
aslqiGKJYohiiXMLg417TGrLastqymrJaolqSmKKWklaiWKKast7DXMMcwtyymqK
aoliSWJJYkliSGJIYolyyXsKcwpqymKKYopiiWJJYkliSVpJWkpaS1pJWkliimsL
astiilpJUklKSUqKUkpSSVJJUkhaiVqKYotiimKKYklaiUoHSghKCEIIQghCCUoJ
SglKCFJIUodjCWLJWodKRkIGQgZCBkIHQgdCCEHHQcdBxjnGOYY5xkIIQghKSVKK
Skc6BTnFOcUxhjmHOYc5hjmEOYQxhDnFSkdKBzmFOYU5hTmFMUQxRDFEMUQxRDFF
MUU5hkHHOYcxRikFIMUgxSEGIQUhBSkFKQUpBSlFOcYxhilFKQQpBCEEIQUhBSEF
IQUhBCEDGQMpRDGFMYYpBCDFGMQgxSDFIMUYhSDFIMUhBSlGKYcpRiEFIMUYxRjE
EMMYwxjDGMMYgxjDGMQghFJLSgpSSkoJSclBiDmIOYg5RzlHOUVBxlJIWoliiVIH
UclJiUHKQgs5ykIKQcpByTmIQclByTmIQYhJyVIKWgpaS2KMWkxSS1pLWgpZylGJ
UYlJiEGIOYdJyFpKcsxyzWJMWoxKSkpKUkpKCEGHQcdKCFJJWotqzGrNasxiimqK
WklaSVJISkdKSUoISgdSB2JIcstyy2rKaspqzGqMYkpSCVIJUklSCFpIcwtzTGsL
awxiy2LLWopSikqISohSSFoHaol7C4uNe41rTGLLYstqimqJaopqymKKYopaSloL
YkxaTFqLWopiyoOMg8yDjHsLcstyzGqLakpqSmpKYolaiGLIYwl7i4OMe4tzS3NL
cwtqy3MLastyy2rLaopqimLKWolaiVqIWohyyoNOgw1yzHLMastaiVqKYstaiVKJ
YkpiiXMKe0x7CnLJcolyimqJWklailJJWklaiGKIasl7S3MLYstiimKLYotiimKJ
YolaSFpJWkhaB2JIaspzC2rLYopaSVJJUkhSSFpIUkdKBlIHUgdiiWrKYolaiVJK
UkpKCUoJSghCCEoISghKCFIIScdSCFpIWolayVJJSgdKB0oHQcY5xkIGQgdBhkHH
Qcc5hjmGOYY5hjmHSghKBkoGScVBhjmGOYc5xzGHMYcxRjlGMUU5h0oIQgg5xjGF
MUUxRzFGMUcxRilFKUQpRSlFOYY5xkGHMQUpBSjFIMUhBikGKQYpBiFGIQUhRjGH
KUchBSEFIQQhAyEDIQMhAyEDIQMhBCEDKUQxRTGFKQQYwxjDGQQYxBjEGIQgxCDE
IMQpBjGHIQUgxRjFEIQYgxCDGMMYwxCCGMMYwxiDGIRKSkoJSglCCTnHOcc5yDGH
OYc5iDFGQcdaimKKWglSCVIISchJyUHKOYlBykGJSclBiEGIOUg5iUGJSghSSFpI
WkhaTGKMWkxailpJWkhJx0GGSYdBhkmHSchiSnLMcs1ijFpMUgxRy1ILSchJyEnI
UglaSlqKc01rDGLLWopii1pKWkpaS1oKUglKCUoJUklaiXNMcwxzDGrLYotii1qJ
UkhaSFpIUkhaimsMc01rDGrLaotiiVqJWklSSVqJUklSCGJJe02DjntNcwxqy2rL
aslqiWKKaopiimJKYkliSmJKYkpiSWJIcsqDTIOOe01zDHMMcsxqymqJaohiiGJI
YohiyWtIe8qDy3uLc0tzC3LLcstyy3LLcotyy2rKaslqymKKYopaSmKKcsyDDXsM
estzC3LKaopiiWJJYolaSWKJaolyynrLewtqymrKaspqymKJYoliiGKJYoliSHLL
ewxyy2rKYspiymLJYohaiFJIWolailpJUkhih3MIcwlqymKKYopaS1IKUkpSSFJI
UgdKB1IIYolqimKKYolaiVIJSglByUHIQglCCEIIQghKB0oGSgZSSFrKYshaiFJG
SkdKB0IHOcZCBknGQcZBx0nHQcc5hjnHQcdBx1JHSgZRxknGQchBxzmHOYc5hjGF
MYU5hTmEQcVKBknFOYQxhDFEMYQxRDFFMUUxRTEFKUUxRUHHQcc5RjEGKMQoxSkF
KQUpBSkFKQUoxCDEKUU5xjGGKQMhAylDMUQpBCjEKQUpBCkEKUQpRClFMUUxRijF
IMUYxCDFIMQgxSDFIMQgxCDEKUUxhilFIMUYxBiEGIQYhBiEGMQYwxjDGMMYwxjD
UcpJyUnJSglRyUnKQYlBijkJOQk5BklIWkpailJJSkhCCEoJSghCCEIIQcdBxznH
Occ5yTmJOYlBykIJSgpSSlJLWotai1pLYolaSFJIUkhKCEHHQcdBx0HHUkprDGMM
UotSS1pLWkpSCEoIQcZBxkIHSkhSyWtMawxqi2pLYktiSloJWglSCVIJSghKCkoK
UoprDmsNas1qy2KJYoliiVpIWkhiCFHHSgdrC2tMc4tjC2rLastiimJJYklaSFpJ
WkhiiXtMg417TXMMastqy2rLastqymrLaopiimKKYkliSGJIWghiiGrKe0yDTnsN
cwxzDHMLawpiiGLIYolaiWKJYspqyntNe457TXsMcstyinLLawxiy2sMastiy2KL
Wkpiy2KKWkliimrLe017THLKcwhzCGrIYohiSGKJWolaimKKawx7TXMNcwxqy2qK
YspaylqKUklSSWJJYolyy3sMcstqimpKYopaiVqKWkpaSmJKYkpaSlIJWolrC2sL
YspaiVqJUkhSS1IKUkpSClIKUgpSSlqLYotii2JKYklaCFIHUchKB0oHSkdKSEpH
QgdKCEpIWoliymLKWklKSEoIQghCCEIIQghByEnIScdBxznHOcc6BjoHQgdKSVJJ
SghJiEGIQYg5iDnGOcY5xTnFMcUxhUHHSghCBzmGOYYxhTFFMUQxRTFFKUUpRSlF
KUU5hkHHOYYpRCkDIQMhBClFKUQpRSlGKQUgxTFGMYcxRSkEIQMhAylFKQUhBSEE
IQQhAyFDIUQphTGFKUUhBRjEGMQYxCDFIQUhBRkFGQQhBDFFMUYpBSDEGIMYgxiD
GMMYwxjDEIIQwxDEEMQQg1HKUcpByjnJQgo5iTmJOYgxRzkGOUdJyVpJWklaSUpJ
QghCCEIISghBx0GIQYlBiTmJOYhBiDmHQYhJyUoJUktajGKMWkxaS1pKUkpSSUpJ
Qcg5xkHHQcdKB1JJastqy2KKWolSSlpJUghKB0nHScZKCEoHWolrS2sLYsliymKK
YopaSFJHUkdSR0oHSgdKB1pIcwtyy2qLaotqjGJLYklaCVoJWghRyFIIYotzDXNN
awliyGLIWopaS2JMUgpSCFIHWkhzDHuOc05rDWrLYspqymrJaspqimJKakpiCVoK
WgpaSlJKUkpiyntNe417jXNMcwxqy2rLYkliSWJKYopiimrKYsp7TIOLe0p7C3LK
cspyynLKcspyymqJaoliSGJJaslaiFpIYohqyntLe0x6y3rKcspyynKJYohiSVpJ
WolaiXMMcwxzC2rLaopiimKKWolaiVpIWkhaSGJIcslzCmqJaoliiGJJYklaiVpJ
UklaCVpJWklSCVqIa0prSmMKWopaSVJJUkhSRkpGUkdKB1JIUkhaimLLYstailpJ
WglaCFHIUcdJxknGQgdCB0IGSgZKB1KHYshiiFoIUcdJyEHJQclJyEnHQcdBxkHG
QcY5xjmGOcU5xkIGSkdSSFIHScZBxkGGOYY5hzmHMYYxhjGFMYVBxkpIQgcxhTGF
MUUxRTFFMUYxRjFGKUUpRSlFOcZBxzGFKUMhAiECIQIhAykEKQUpBSEEIQQxhjGH
MUYpBiDFIMUgxSDEKQUoxCkEKMQgwyEEKUUpRTFFIQQYwxjDIMMhBCEEIQMYwhjC
IQMpRTFFKQQoxBiCGIIQghDDGMMYxBDDGIQYhBiDGIRRy0mJUclJykHJQck5h0GI
OYY5RTlFQYZSCFqKWopKSEoIUkhKB0oHQcY5h0GIQcg5hzFGMYZBhkGGScdSCVJK
Uopay1rLUopSSlIJUcpJyUGHOcU6BUIFSkVSh1rIawpiilJJUopSikqJSkdKBkoG
UkdKBVqIcwpzCmLKWslaiVKIUkhSSFJIUkhKCFIISghaSXMLc0xqy2rLYotailJJ
UkhSCEoISgZKBlrJc4tzi2sKaslqyWqJYktiS1oKWgpSCFoIew6DjntNcwxyymKJ
YsliyWLJYopaSmIKWkpaSVpIYkhaR1pHash7i3vLc4tzinNKaopyimpJaklqiWpK
YklqSnLJg0uLjHsKewpqynLKcspqymqKaslqiWqJYolqiGrIaodiR2KIasl7THtL
est6y3rLaolyiWJIYodaSGLJWolqynsMcsxqimqKYkliiWJJYoliiFpHWkhiSHLJ
ewpyymqJYkpiimKKYopaSVJJWklaiFJHWkdiiWrLcwxqymKKWkhSCFIIWghaB1IH
UgdSB1JHWoliylrKWslSSFJIUghJx0nHScZKBkoGSkRCBEpFSgRSRWLIYwlSiEoH
QYVBhUnGScZCBkHGOcY5xjGGMYYxhjnGMYY5xkpHUkhKB0IGOcUxxTnGOYY5RjmG
OUYxhTmFQcZCBznGMYUphDGEMYQphClGMUYpRilGKUYxRjnHOccxhClDIQEZASED
IQIpBTEFMQUpBSkEMUU5xjFEKQQhAyECIQMhAyEDIQQZBBjEGMQhBClFMYYxhikF
IMIgwiEDIQMgxCDEIIQgxCkEMYUxhSEDGMIYwhDBEMIQwhjDGMMYgxCDGIMYgxiD
UkxaTEoKSglBiEHJQclBiTlIOUc5R0GHUkpaSlJKUklKCEoISghJyEnIQYhByUHJ
OYk5iDmIQYhByEHIUkpSSlqKYstai1qKWkpaSlpKSclByEGHQghCB0HGUkhqymrK
WslSiFKJUkhSSUoISgdKB1IGUgdSSHNMawxayVKIWohSCVJKWgpaCVoJUglSCVHJ
YotrDGsMawtqymLJWslaiVJJSghKCEoISghiy3NNc0trC2LLastiilpKUglaSlIK
WgliSnsMg457TXNMcwtqymqKaopiimrKYopiilqJUklailqJUkhiiWLJe0yDi3tL
e0tzC2sLYstailqKWopailJKYotqzHtOg457TGsLYwtjCWsKawliyGsJYohiSWJK
YopiimKJYoliiHLKg0x7C3LKespyiXKHcohyiGKHWkliSWJJasp6y3rLeopiylqJ
WopaiVpJWgdiiGJIaolyyXNKawliyWKJYolii2KMWotSS1pLWolSSFpIYolzDGsL
YstSiVKIUohSSFJHSghKCEoISghSSVqIYslqyVqHUkhSCEnIQcdKCEoIQgdKB0oH
QgZCBUIFSkZayVrJSklKCEnIScdJx0nHScZJxkHGOYY5x0HHOccxxjnGQcZKBlIH
SgZBxEHEOcU5xTmGMUUxhTGFMYUxhTnGQgc5xjGFMcUxhSmFKUUpRSlFKUUpRSlF
MUU5hzmIMUYpBSjEIMQoxCkEKQQpBSkFIQQpBDFFOcYpRSEEIQQhAyEDIQIhAyED
IQMhAyEDIUQpRTGGMYUpBCDDIMMgwyDEIMQYxRjFGMUhBTFFMUUpBCDDIMMYgxiD
GIMYgxiDGIMYwyDDGIMYg1IHUgdSCEnJQYk5iDmIOYcxRzDGQQZJR1oJYkpaCVIJ
SghByEnISchJiEGIQYhByDmIMYk5yTmJQYlBiUnJWkliymKLYopaiVpKWklSSVHJ
SchJx0nHScZaB1pJasprCmLJWohSiFJKUgpKCUoJQclCCUoIUklzDGsKYspaiVqI
WopSSVIJWkZaBUoEScZKB1pJcwxrC3LJaohqiGJHWghaCFoIUcpSCFoIao17DmrM
astqy2LLWstaykpJUklSSVIIYol7TIuNewxyy3LLastqinKKaopiimJJaopiSlpJ
WohaiVJIWkhiyoOLg4yDjHtMawtjC2LLUklaSVqJYopaSWJKaop7THuNg0x6y2rL
aspqynLKaolqiWpJYoliiVqJWolayWKJWolyyntLe0tqyWrJasliiGKIYkhiSGKI
YohaiGrJc0prCmLIYshaiFqIWklaSVJJUkhiiGqIcslyyXLJasliilqJWklSSlJL
UgtSS1ILUglSCGqKcsxyi3KLWopaiVpIUkdSR1IGUgdSR0oHUkhaiWMKYslaiFJI
SgdKB0oHSgZKB0IGQcVKBkIGQgVKRlJHYslaiFJHSghByDnHSghKR0IGQcZBxjnH
OcY5xzHGOcU5xUIGSgZKRkoGQcUxhTGGMYUxhimFMYYxRSmFMYU5xkIHOcc5hTFF
MUcxRilGMUYpRTFFMUUpBDGFOYY5hjEFKQQgwyDEKMQxBDEFMQUpBSkFKQYxRznI
MUchBikEKQQgwyCCIMMgwyDDGMMYwyEEKUUpRSkFKQYgxBiDGMMYwxkEGMQYxCDE
IQQpRilFIMMYwxjDGIMYgyDDGIMYgyCDIMMYhBiDGIRJx1HIWglJx0GIQYg5SDlI
OQhBSUFJQYlSC1pMWgtaSlIJSclJiUnJQYhBiEGHQYdByDmHOYcxhznHQgdSCFJJ
WoliimLKWolSiVJKSglBykHKOck5iEGIScdSR2LJawpiiFqJUkhSSUoJSclKCUHJ
SgpKClqMaw5izWMLUslayWMLWkhaSVoIUgdSB1IHUcdiSnLMcsxyzGLLWopailpK
UklSCEoIUghSCWrMcw1zDGrLYopiimKLYotaClJJUklSSVJJcwx7ToNOcsxqi2LL
aotqzGKLYkpqS2pLaktqS2pJWklSRlrHawh7i3uLe4tzCnMKawpiyVqIWoliilqK
WolaiWLKe0x7THtNcsxzDGqLaotyjGqKcstqimLKWolaiVqJWoliiVpIYslzSnNK
YwlqymrKaotqimKKWolaSVJJUkliy3NKawliyGrIYohiSmJLUgpSClIIWoliiWqJ
cspqyVrIWohSR1JIWohaiFpJUklKSEpIUkhiiWrJcwtqy2JKWkhSSVJJSkhSBlpI
UgdSRlKHWohiyVrJWohSR0pHSgZCBkIHQgdJx0GHQcdKB0pHSkdSR2JJakpaCVHI
SchJx0HHScdJx0GGQcZBxkHGQcZBxTnEOcRCBUpGUkZCBToFOYQ5hTmFOYU5hTGG
MUYxRjFGOYdKCDnGMYU5hTFFMUUxRClFKUUxRClDKUMxgzoFOcUphCFDIQIhAyDC
KUMpQyFDIUQhRSlFMUYxRilGIQUhBSEFIMQgwyDDIMQgxSDEGMQhBClFKUUpRSEE
GMMYwhjCGMIYxBjEGMQYxCEDKUUpRSEEGMMYwxiDGIMYgxiDGIMYgxCEEIQQxBDE
ScdJyFHIUYhJh0mJQYk5STkJOUk5SUGJUgtii1JJUklSSUIIQchByEHHQYZBx0HH
OYc5hzmGMUU5hkGHUchSCFIIWkpaSlpKUkpSC1IKSco5yjmJOYdByEHHSgdiyWsK
WolaiVJJUklCCEIIQghByEHISglSSGsJawljCVqJYopaSWpJYgpiC1GIWcpJyUnJ
WkhzCmrKYslayFrJUspaylKISkdCBkpHUkhjCnuNcwxqy2rLYopii1pKWglaCloJ
WghaCHsMe017DXMLaspqymKKYsliyVqKaopqSWJKYglaSVpJUkVahmKHe0p7S3NL
awpjSmNKWslSiFKIUolaiVKHYshjCXNKc0xzTHNMastrC2rLastiimLKYopiiFqH
Ysdah1qJUklaSWqKesx7DGqLYotii2KLYkliiVpJYklaiVpIYspzS2sKYslaiVqK
YkpiSloJWglSCVIHWohiyGtJawlayFrHWohSiFKJUkhaCVJJUglSCVpJYopiyGsJ
Yshah1qHUkZSRlJGSgZSR1JGSgZKBlqIWspbCkqJSkhKR0pHQkVKRkJFOgc5x0II
QghCBlJHUodaiFpKUglKCEoHQcdBxknGQYU5RUGGOYZBxUHFQcVBhDmFQYVSB1pI
SgdBhjGFOcU5xDGDMcQxxTGGMYYxhkIHQgg5xymGKUUpRSlFIQQpRSlGKUUpRClF
KUY5xzGGKUUhBCEEIQMhAyEDKUQhAyEDIQMhAzGFMYUpRSEFGQQhBCDDIQMYwyDD
IMQYxCDFIQYpRSlFIUQhAxjCGMIYwhjDGMMZBBkEGQQZAyGEIYQhAiDDGIIYghCC
EIIQwxDCEIMQgxCDEMMQwkoJSglaSUnIQcdBxkHGQYcxRjEFOUZBxlpIWkhaiVJI
SchBx0HHOcY5xznGOcdCCEGHOYY5R0HIOYhByUoKWkpaSlpLYktaS1pKWkpKCVIK
SclBiEGIScdJx1IHYsprC1qLWotSS0pJSklCCEIIQgc5x0IIWoljC2MLYspailKK
WopSiVJJWolSSEpIUghSCFpIcwxzDGrLYolazFrLWolSSFIIUghSCFJHYslzS3NL
awpqymrKYopaSVoJYkhiSFJIWklzC3uNe4xzSmsJYspiymLLastiiVpIWkhaiVpK
WopailJJWkhiiXtMe4xzTGsKYwljCVrJUolaiVpJWolaiGLJaspzTHNMcwxzDHMM
cstyy3LLaspqymKKYoliyWKJWolaiVpIWoliyXtMewtqy2LLaotiiVqIWohiSVpJ
UkliimrKcwtrCmrLaotiSmJKYkpaSVJIWodah1qIawpzS3MKaoliiVrJWslaiVJJ
UkhSSFJHWkhaSGKJcwtyy2JJUolSiVKHUkdSSFJISkZKRkoGUkdaiGKKYspaSVJI
UkhKB0oHSgdCB0IHQgdCB0IHSgdSB1KIWslayVKIQghBx0HHQcdBx0IHOgZBxjnF
OcU5xUHFQcU5xUHGUklKSUHIOYc5hzmFOYU5hDmEOYQ5hDlGQcdKCEIIQccxRTFE
MUQxhTGFMUUpRSlGKUUpRTFFOYc5hylGKQYpBSEFKUQpRClEIQQhBSEFIQQxhzGI
KUYhBSEEIQQpBCkCKQIpAiDDIMMgxSkFKUUxhSFFIUQYwxjDGMQgxCDEGMMYwyED
IQMpRClEGQIZAhjCGIIQgxCDGIQYxBjEEIMQghjDEMNRyFHIUcdJx0nIQYdBhzmH
MUYxRjEFQYdaCmJLYktaSknIQcdKCDoHQgdCCEHIQcg5xzmHOUY5RjmHQchKCUoL
SkpSi1qLWotSCVqJUgdRxklJSYlJiUmKSclSCWKLas1ijFqLWktSSUoIQgc5xkIH
QgdKCFpKastrC2LJYsliylqKWkpaSloJWglSCFIJUglaSGsLcwtqy2KKYopiimKL
WklSCFIIUchSCGKJa0pzSnNLYspiy1qKWotaSlJKSglSCVpKcwyDjXtLawliyWLJ
Yotii2KKYopiSWJJYkliSVpJYkpiSloHaolzTHuMc0trCmrJaslqiGJIYohaiFpI
WolaiWKKc0x7THsLcsxyzHLLcwtqymrKaspiimpMYktiSlpKWkpaiVqIWslrTGsM
YstqzGrKYsliyWKJWopailJJWolqy3MNYstiy2LKaotiilpJWklSCVpJWklaiWsL
c0xzC2KKYolaiVqJWolSiVKJUklKSFJIUkdaiGLLawxii1qLWktSClIIUkhSBlIF
UgVKRVJGWohiymLKWklSCVIJUghKCEIIQgdKB0oGSgZKRkoGSkZaR1qJYolSR0oH
SgdJx0HGQcZKBjoGQgY5xkHGQcY5xjnFOcZCB0qISklByTmIOYg5hzmFMUUxhTFF
MYUxhjmGSghCCDnHMYUphClEKUUpBSkFKQQxRTFFMUUxhjnGOcYphCkEIQMpAikC
KUMpBSEFKQUoxSDEMYU5xjGFKQMhAykDIQMpAykEKMQgwyEEIQQhBCmEMYUpRCDE
IMMYwxjEIQUYxBDDGMMhAyEEKUUpRCEEGMQYwxiDEIIQwxDDGMMYxBCCEIIYwxjD
OglSCVHJUchJh0nJSYg5iDFIMUgxSEFJUctiTGJNWkpSC0nKScpByUGJScpBiDnI
OYgxhznIMYc5h0HISglKSVJKWopaylKJSkhKSUoJScg5SEFIOUhBiEGHQglai2MN
WotSSlpKUglSCEnISglCCEHHQghSSWsLa0tiy2KMWotSSlpKUklSSVpIYglSCFII
Yglqy2rMaw1rDGLMWotailpIUgdaB1nHYghqiXsLcwtqymrKaspiimKJYklaCVoJ
WghiSXNMg417S3LKaopqimqKcsxqi2JLYkpiiWJJYklaCmIKYgpiCmqLc4x7jXNM
awtqymrLYopaSFpIWklaSVpJYklqSnsMg4x7TGsKasxiy1qKastqyWrKYopiilqJ
UolSilKIUohSiGMJa01rDGLMawxiy2KKYopiiFqIUohaiFqIawpzS2sKasliiWKJ
WohaiGKIUodSh1KIWslrCXNKawlix1qIWolailqKUghaSVpJWklSCVIJWkpqy2rL
YopaiVJJUglSSVJJSkhKR0pGSkZKRlLIYwliy1pKUgpSCkoJSgdCBkoGSgZCBUHF
SgZJxknGUgdiiVrIUkZKBknGScZJxkIHQgc5xznHOcdBxzmGMYY5hznHOgZKR1JH
Qcc5hjmGOYY5hjmGOYY5hjlFOUVBhkoHQgc5xjmFOYYxRTFHKQcpBikFKUUpBSlF
KYYxxzHGKUUhBCEEIQQhBCkEKUUpBSkFIQQhBClFMYYpRSEEIMQhBCEEKQQhBRjE
GMQYxSDGIQUphjGGIUUhBBjDGMMgwyDDGMIYwhDCGQMhAylFKUUhBBjEGIUQhBCE
EIQQhBDEEMQQgxCDGMQQw0oISgpSCknJSchJyUHIQcgxiClHKUcxiEIJUotSilJJ
UklByEHISclBiEHIOYc5iDmIQcg5hzFHOYdByEoJUglSCVoKWklaSVJIUkhKSEoK
OYg5iDmIQYdByEnIWopiy1qKWopaSkoJSchJyUHJQclCCUIISkhjC2sLYstii2KL
UkpaSlJIUghSSFIJSchSCVpJYslrCWsJYsliiWKKSglaS1IKUglSCFpIasp7THMK
aspiymLKYolaSVpIUghaCVoIWghyy3tNcwxrC2KLWopiy1qLWopiilpKUohaiVqJ
WkhaSFoIWghiiWtLc0xzTGsLawpiylpIWkhaSFpIWkdiiFpIYol7DINOg01yy3LK
cspqyGqIashiiGKIYoliiVqJYslaiFqIUoliy3NNawxiy2KLYopqiWqJaoliiVpJ
WklaSWrJawpjCWLIWshaylqJWolaiFqIWkhSR1pHaspzSmsKWshSh1KHUodah1JH
WkdaR1oIUglSCVqLasxqy2LJUshKh0pHSkhKSEoISgdSCEoISklSilrLWotSSVJJ
SkhKCEoHQcZBxknGQcdBx0nHSgdKCFJIYspailHIScdJx1HISchBx0HHQcdBxznH
Qcc5hjmHOYc5iEHHSghSCDmFOYU5xTmFMYUxhTmHOYcxRjFGOYZCB0IHOcQ5xTmF
MYQpRCkFKQUpBSkGIQUhRSmGMccpxylFIQQhBCkEKQQhAykEKQQpBCkEIQUxhzGH
KQYoxCDEKMQhBCDDGMMYwxjDIMQhBCEEKUYxhilFGQMYwxjCIQMZAxkEGQMYwxjD
IQQpRSlEIQQYwxDDEIQQhBCEEIQYxBCEGMMQghCDGMNJyknJQclByUoJQccxxzGI
MYgpRymHOYlKCVJKUkpKCUoJQchByEHIQghByEGIQcg5iDmIOYgxhzmHOchCCkpL
UktajVqMWkxSS1JLUktKC0mKQYlBiEHIQchKCGKLastiiWKKWklSCFIJQglBykHK
QcpKClJJa0xrDGLLWslayVKJWolSSFJKUglaCVnJUchaCWKJaopyymqKYklaSlpM
UktKCVIJSghSCGqJewprCWrJYshiymKKWkpSSFpJUghSCFoIcsuDTHsLcwpiymLL
Ystiy2LLYopiiVJIUklSSFKIUkhSiFpIYslzDHNNc01rC2sKYwlayFKHWodaiVqJ
WolaiFrIc0pzSnNLawtiy2LLYstqymLJYsliimKJYoliiWKJYolaSFqJastzTGsL
awtiymLKYspiiWKJYklaSlpKWkprCHNJcwlqyGLLYstailpKYkliSWIJWghaCGqM
cw1qzGKLWopSh1rHWoZaiFJIUklSSFJISkdiiWrLastaiVJJSkhKB1JKUghKB0oI
UghSCFJIWoliiWKKUkhSB1IISgdKB0oFUcVRxEnGScZJx0HHSghKSFKKWklSB0nH
UcdRx0nHOcc5xznHOcdBxjnFQcVBhjlGOUdBh0oJUchBxzmGOYY5hjmGOYY5hjGG
MYYphjHGOgdCBznGMYUxRjFHKUcpBykHKQUhBCFEIUUphTmGMYUpRClEIQMpBSkF
KQUpBSkGKQYhBiEGMYcxhylFIMQgxCDEIMQgxCDFIMUgxSDFIQUhBSlGKUYpBhjF
GIQYhBjDGMMYwyEEGMQgxCkFMUYxBSDDIMMYghiCGIMQhBiFGIQQRBiEEIMQgxiD
UcpRiUHIQchCCTnIMYc5iCkGMUcxRzlISgZaiFKHUkdJyEHJQclByUHJSchJyDnH
OccxhzGHOUc5R0GISghSSVJJWolailJLUgpSSVJIWglJh0mHScg5hzmHSchaSmrL
YopiilpKUghSCVIKSclJyEnISchaSWrJawpiyFKGUoZSSFqJWghSCFoIUchZyFnI
akpyjHKLcoxqS2JKYoxaC1IKUgpaCEoHSkZiyHNJc0lqyGKKYkpiSWJJWklaSVoI
WghaSXLMe0x7TGsMYstiy1qLYotii2KKYopiiWKJWohSiFJHUohSh1qIcwtzDHMM
astqy2rLYolaSFpIUkhaSFqIWohaiWsJc0xzC2sLYstyy2LLYspiylrKWopaSWKJ
YoliiWKJWkhaSGKLcw1zDHMLYstiimKJYkliSVoJWghaSGKJaspzC2sJYshiyFqH
WkhaSVpKWgpaCVIJYohqyXMKYopiimKKWkhaR1qIUodSRlqHWoZaRlpGYolqymrK
WolaSFKIWklSSFIISghKCEoISghSCVpKYopiiloIUgdSB0oGSgVSRkoGScZJxknG
ScZJxkpHUohayVKIUkhKBknGQcZBxjnGOcY5xjGGOcZBxjmGOYQ5hDnEQcdKSEII
QcZBxTmFOYU5hTGFMUUxRTGGKYYxxjoIQgk5yDGGMUYxRykGKQYpRCkEKQQpBClF
MYU5xzGGKUUhBBkEIUUhRSlFIUUhBiEGIQYhBjFHOYcpBSEEIQUhBCEDIQQhBSDF
GMQYxCEFIQUpRSlFIQQYwxiCGMMgwyDDGMIgwiDDGMQgxSlHKQcYxRjEGMIQghCC
EIIYwxjDGIMYhBiDGIMYg0oISghJyEnJSclBiTnHOccxhjGFOYQ5hUHGYopailJK
UklBx0HHQcdBx0HHQcc5hkHGOYcxh0HIOYk5yUIKSglSSlKKWkpSC0oKSgpSC0nK
OYdByEoIOcdBx0nIWotjDFrJWslSiVJIUghSCEHHQYdJx1IHUkhjCGsJYshaiGJJ
WglaCVIJUglSCFIIUglRyGJJesx6y3rLaolqiVqJUkpSSlJJUklKCEpIWoprDGsM
YstqymKKYotaSlIJSgpJyVIIUglrDXtNe0trCmMJYshiiGKKWopiimKKWklSSFJI
UolaiVJIUkhiyXNLc0tzC2rKaspqymKJYkhaSFpHWkdih1qHYodzCntLc0prCmLL
astqi3KLaotiilqKWklaSFqJYopaSlJHWohiiXsLewpzCWrJaotii2JKYkpSCVpJ
YohiiXMKcwtrCmrKYolaiWJJYkliSVoKWgpaSlIIYstzDGLKWolaimJJYkliSVpI
UkhSSFJIUkdSR2KJaspqy1qKWklSSVJJUglKCUoJSglJyEoIUghaimLLWopSSVJI
SkhCB0IHQgdCB0IHQghBx0oHScZSBlpHYohaSFIIScZBxkHGScY5xUHGOcY5xznG
OcY5hTmFOYU5hkHHSghKB0HGOcY5hTmGMYYxRTFFOYU5hTmFOYVByUHJMYcxhSlE
MYUpRSlFKUUpRSkFKUUxRTGFOcYxhilFIQQhAyEEKUUpRClEIQQhRCkEKQUxRjFG
KQUhBCEEIQQgxCDEGQMZAxkDGQQhBCFFKUcpRyEFGMQYhBiFGMUYxRjEGMMYxBiD
GQYpByEGGMUQxBiDGIIYghiDIMQgxBiDGIMYgxiDGINJx0nISghKCEnHQcdByDmH
KQYxBjlHOQZRyWpLWgpRyVIJSYhKCEHHQcdCCEHIQYg5SDFHOYYxhTGGOcdKSUpJ
UkpailJJWkpRylHLUctJykHKQgk5yDnIOchCCFJJWotijFoLUklaCVHIQcdBx0HH
QcdKB1IIYspiymLKWohSiFJIWolSSUoISghSCFHIUcZaR3LKewpqiWJIaopaSVJJ
WglaCVIJSchRyGJKcsxqzGKLaotaSlpKUkpSSVJJSghRyFoIcspzS3NLawpaiGrK
astaSmKKakpaSlpKWglaSVoJWkhSR1IHYoh7CntKewlzCWrJasliiVpIWohah1qH
Wodah1qHawpzS3MMYstqy2rKaopqymrJWslailqLYotii2JKYkpaCWJJaslzS2tK
YwliyWLJYolSSVpJWkhaSFpHWodiyHNKawliymKJYoliSWJJYkliCFJIWolaiGLK
awxiy1JKWopSSVJHUodSR1qHUkhKR1JHUkdaiHLKaotiS2JKWgpSCVIJSghKCEoH
ScdKB1JIWolailpKUklKCEoISklKCEoISgdKBznHOcZCB0IHQgdSh1rIWkdSRkoF
QcZBx0HHOYc5h0HHOcc5xznHOYY5hjmGOUVJx1IHSgZBxUHFOYUxhTlFOUc5RjlG
OYUxhDnFQgZCBjGFMUYxRTFEMUUpBSkFMUUpRClFKUUxhTGGMYcpRiEEIQMhBCFE
IQUhBSEFIQUpBSlFMYUxRSkDGMIYxCEEGMMZAxjDGMMZBCEEIQQpBClFKUUhBBjE
GIMYhBDEGQUQwxjCGMMgwykFMUYhBhjEEMMQwxCDEIMYwxjDGMIYwRDCGMIYwhCC
SgpByUoKSgpKCEoGSgdBxjFHMUY5BjDHQYlaDFILSgpKCUoJOcdBiEnJScpJyUHJ
OYc5hzFHMUY5iDmISglSilqKWolaiVpJWklSSUoKScpBiEGIQYdBh0mHUchiCmKL
YopiilpKWglRyUnJQclKCEIISghKCGLMYstii1pKWklaSVoLUcpSClHJUchRyFoI
Wkhqy3sMastiymLLWolSSFJIUklSClHJUclijHMNasxizGLLYspKiVKJUklSSVJI
UghSCGrLc4xrS2tKWolrCmLJYoliSWJJWghaSVpKUgpSClIKUghSCFpJawpzS3NL
awlqymrKYoliCGJJWklSCFJJUohayWtLc0xrC2MLYwtrC2rKaspqymrKYopiimLK
YopaSVpKWopiimqLcwtzC2rKYoliilpKWkpaSVpIWkdah1qGawhzSWsIYsliymLJ
YolaSFpIWkhSR1JIUohiyWsKawpaiFqIWolaiVKIUkhSSFJIUkhKB0pHUohiy2LL
WolaSVoJUglSSEoISghKB0oHUghaiVqJWolaiVJJUghSCEpISkdCBzoGOgc5xjnG
QgdCB0oGWodiyVKJSghBx0IGQgVCBUIGQcZBx0HIOYdByDmIOcRBxEGDSgVSB0oH
OcU5xTGEMYUxhTmGMYY5hjGGMUU5hkIHQgc5xjGFMYQxRTGFMUUxRTFFMQUpBSFF
KYcxxymHKUYhBSEFIUUhRiFHIQchByEHKUYpRjHHKYYhBBjDGQQZBBkEGQQhBCEE
IQQhBCEEIUUhRSlFIQUYxBDDGMQYxBjEGMQYwxjDGMMhRSlFKQQgxBiDEIMYhBiE
GIMYgxjDGMMYwxDDEIMQw0GKSctJy1HLUYtJiEnHQcY5hjFEKUU5R0nIWkpaSlIJ
SglKCEGJQYlJyUnJScpBiUGIQYg5hzmHOYdByEnJUclSCVoKYktaSlIJUglSCUnJ
QYhBiEHHOcdBx0oIYopijFpMWktaTFIKSclByTnIQchByDnHSkliymsLWstailpJ
WklaSlIJUglSCVIIUghKB0pHawhrCWLIWohayFrJUolSSVpJSghKB0oIWoprDHMM
YsliyGLIWohaiFJISgdSSUoIUklqyntMawtrC2KJWkhiiWKJYolaSFpJUolSiUpI
SkhKSEoHUghaSXMMc0xrC2sLaspqylqIWkdaSFqIUkhSSVJJWoprDXNMawxiy2LL
Ystii2qLaolqiWKHYodih1qHWkdiiFpIYolqyXMKcwlqyWLJWolaiVrKWolSSVJJ
WklaSGKKcwprCmMJYsliyVqJWklSCFJIUkhSSFJIastqzGqLYklaSVqJWolSiFJI
UklaSVJJUklSB1pIaspiyVpIYgdSR1JIUkhSB1IHSgdKB0oHUolaiVrJWslSSUoH
SgdKB0IGScZBxUnFQcZJxkHGScZSB1KHWshSh0JFQgdCBznGQcdBxzmHOYg5yDmH
MYY5hjmGOYY5hUHHSgdKB0HFOcUxhjGGMYYphTGEMYQxhDFEMUZByEHIQYc5hTGD
MUUxRSlEKUQpBSlFKQUpRDGFQccxhilFIQUhBSEFIUQhRiFFGQQhBClEIUQpxTGG
IQUYxCDEIMQYxBjEIMQgxCDEIMQYxCEFKUYpRSEEGMMQghiDGMQhBSDEIMUgxSDE
KQUxRikFIQQQwxDCEMMQwxDDGMMYwxDDEMMQxBDDCINJyUnJSclRiVHKScdJh0GG
MQYxBTlHOUdBiFJKUkpSSVJJScpJykGISclKCEHIOcc5hznHOcc5xzGGOYZKCEpJ
SglKSVqKWklSCVoJWglZyUnJSYhJh0GHScZJx2KLasxailpKYktSCUnISchBxzmH
QchByEqJWstjDFrLUopSSFKISohSiFJIQkdKCEoISghKSGLKasxiylqKWotijFJJ
UkhSSkoIQgdKB1pJcwxzC2LJYopiSlqJWkpSSUoIUkpSSkoIawxzDGrLastiiWLK
WopaiVqJWohaiFqJWohSSFoHWchaCFoIYolzC3NMcwtiymLKastiiVJHWkhaiVJI
WklaS2JLcs17DXLMasxqzGqLaotqimKJYsliiVqJWkliilpIWohah1qHYshzCnLK
aopqilqJWopailpJUglaSVpJUkhiimsKYspiymKJYkliilKJWklaSFpIWkhaSHLK
ewpyyWJIYgdiSGKIWohSR1JHUkhKSFJIWkhaiWsKYspaSFpIWkhSR1JGUkZSB0oH
QgdKSEpIUohaiVrJUkhKCEoHQgdCBkIFQcVBh0HHQcdBxkIHSgdSSVqKSghKCEoH
QcZBxkHHQcY5xjnHOcc5xjnGOcY5xTHFMcU5xkoGScZJxUHFMcUxxTGFKYUphTGF
MYUpxTHFQgdCBzHGMUYxRSlEKUUpRSlFKUYpRilGKUYxhznIMYcpRiEEIQQhBCEE
KUUhQyFCIUIpgilCMcQpRClDIQMhBCEEIMQhBCDEIQMhAxkDGQQhBClFKUUhBCDE
GIMYhBjFIMQYxCDEGMQYxCEFKUYhBRjCGMIYwhiDGMMYxBjEGMQYxBiEGIQYxBDE
UYhRyUnJSYhJyUHIOYc5hzFFMQU5RjlFQcdaCGJKWglRyFHJSclBikmKSYpJiEnI
QYdBhjmHMYcxhzmGQcdSCFJIUklailpJWkpaSVIJUchJyEmIQYhBiEGISclaimrL
WklaSFpJUglJyUnJQchBx0oGSgZSR2LJaspiiWKIWkhaSFJJUglSCEoIUclRyFHI
UglqyWtLYwpay1JKWktaSlIJUglSCFIIUgdaSGrLawliyGLJWslSilKKSglKCUoK
SglKB2sKa0prSmsJYshiiFqIWodaiFqIWkdaiFqIWkhaR1pIWkhSSFqJa0xrTGsL
YspiymsKYolSSFJIUgdSB1pIWkliSXMMcw1qzGrLYsxiimKKYspiiWKJYopiS2JK
YkpaCFqHWkdaR2LIcstqi2qLaopiimJKWklaSVpIWkhSSFIIWsprC2LKYspqimKJ
Wklah1qGUkVSRlJHWkdqyXLKYslaiVqJWolah1qGWoZSRVJHUkdKB1JHYoliyWKJ
WklaSVpIUghSCEoISgdCB0IGSkdKSFqJWotaS1JJSghKR0IHQgc5x0IHQgdBx0IH
QcdBx0HHUklailJJQgdBx0HHQcZBxDnEQcRBhTmEOYU5xTnFOcQ5hDmEQgZKCEnH
QYYxhjGGMYYxhTGFMYUxhDmFMYQxhEoGQcYxhSGFKYUxhSmFKUQpRSlEKUQpQylE
MYU5hTGFIQQhBCEDIQMhAyEDIQMpAikDKQIhAjmFKUQhAxjDGMMgwyDDIMQgxCDD
GMMhAyEDIQQpRSlFIQQYxBjDGMMYwyDDIMMgwxjDGMMhBClFIQQIwQjCGIIYghCC
GIIYghiCGMQYxBDDEIQQg0mIUclSCVIIUghBxzmHOUkxCDEIMQgxBkHGWklailIJ
ScpRi1GKUUtJS0lLQYhByDnHOYY5hjmGQUZBh0mIUclSCVIKWklSCFJJUgpRyVHJ
SYhBR0nIQYhBSEnJWktiy2KKWolKSUpJSklKCTnIQchBiEHISghayGMJWodah1pH
WklaCVIIUghKCEoISghRyFoJcsxrDWLMWotSSlJKWolKB1JIUghJyEnIWkpqzGsL
YspiilqKYopiSlIJUglSB1IGSgZiiXMLawpqymLKYopaiVqJUopailJJUklSSVpJ
WglaCWJJWklaSHMMcwxzDGrLastqymKKWkhaSFIHWclaB1oHaol7C3sLcwtiymLL
YstiylrJYoliiWKKWotaSlpKWglaSWJJWkhqSXLKcspyynLLYstiSmJJWohaiFpI
WklSCGKKcw1iy2sJashaiFqIWohaR1qHUkZaBmIHaspzC2rKYopaSVpJUklaSVpJ
UghSCFIHUgdSB1pJYoliylqKUklaSlJHSkZKRkpGSkdKB0oHSgdaiVqJWopSCUoJ
SghKB0IHQgdBx0HHQchJyEIIQcdCB1JJWotSSkoIQcdBxkHGOcY5xjnGOcU5xTnF
QgY5hDGEMYUxhUHGSkhKB0HHOYYxhTmGMYYxhTGFOYUxRDFEMYVCBzoHMcYphSmF
MYUpRCkEKUQpRSlFKUQpQzGFOYYxRSkFIQUhBSEEIQMgwykEMUQpBCkEKUQ5hjFF
KQQpBBkEGMUgxSDFIMUgxBjEGMQhBCkFMUYpRSEFGMQYhRiFGIUYhBjEGMQYwxjD
KUUpRSEEEMIIwhDCCMIQghDDEIIQghjDGMQQwxiDGIJByEoJSglJyFHJSYhBhzlJ
MQgpBzFHMUdByVJLWoxSC0oJSclJyUHJQclJiUmJQYlBiUGJOYgxiDlHMUdCB0pJ
UklSSVJJSglSCVILWgpZyVHIQYdByDmGOYZByFJKWstay1KKSkpSCVIKSclJyUHJ
SclJyVIKasxrDFqKWkpaSlJKWktSCVIJSclJyEoHSgZSSGrKYwtay1qMUktSS1pL
SgpJyUoJSghKCFqKYwtrC2LLYopiiWKJWolKSUpIQgdKCEoIYstzDGrLasxqjGKL
Yotii1pKWstSilKJWghaCVIIUghSCFoIYkh6zHMMastiylrKWopailJIWghaCFpJ
WklSSVqJawtrDGsLYspqy2rLaslqyWqKYoliilqKWopailpJWkpaSVpJaotyzHLM
astii2KLYktaiVqIUohSiFKJUkhiynMKawliyGLIYohiiFqIWkhaR1pHWgliCXKL
esxqi2JKYklaSFpJUglSSVJKUglJyUoIUgdaiWLKWspaiVJKUglSCVIJSglKCEoI
SghKCEoJUopailqJUkhKCEoHQgdBx0HHQcc5x0IIQchBx0GHUghaSWKKWklKCEHH
SchByDnHQchBh0GGQYZBhkGGOUY5RjlGMYZCB0pIQgc5xjmFMUUxhSmFMYUpRTGG
MYQxhDnGOcY5xjGGMYUxhTGFKUUhBCkFKUUhRSlEKYUxxTnGMYUhQyEDGQMhQyED
IQMhBCDFIQUhBSlFOYcpRSkFKQUgxCEFIMUgxSDFIIUghSDEKMQpRDFFIUQhAxjC
GMMYwyDEGMQYwxjDGMMYxClGKUUhBBjDGIMQgxCDEIMQgxCDEIMYgxjEEIMYgxiD
QcdKCUoJSchJyEnHQcZKBzFIKQc5SDlHQchSClpLWkpKCEnJQglBx0HKQco5iUHI
OYk5iTmJOYgxRzlHQclKCloLWgtaC1oKUklailJKUgpJyUHFQcY5xUHHQcdSSWrL
YotaS1IKUgpSCUoJSghJyEIJQglCCFqKasxqi1qKUklaSVJHUkdKBkoHScdCB0IF
SkZiyGrJYopii2KLWsxailJJSgdKB1IHSgdSSGsMcwtqy2KKYopiilqJUklKSEpI
UkhKCGrLe0xzC2KJYopiymKJYoliSlqKYklaSVIIUkhSCEoISghKCFJJawtrC2sL
Ystiy2MJYshSR1IJWkpSSVJJWoliiWsLcwtzC2rKaspqymrKYolqimJJYkliiWJJ
YklaSVpJWkliSXKLesxyi3KLYkpiilqKWopaiVpIWkhaSFKIYwprS2rKYopiiVqI
WolaSVoIWghaCFJHWkhqynrMaopaCVoIYkhiiFpISghSSUoJSghKCVIIYopqy2KK
WolaSFpIWgdSB1IHScZJxknHSgdKCFqIYshiyFJISghKCEoISghCB0HGQcZBxkHG
SgZBxkoGUkdaiFJISgdKB0oHQcc5xkHGOcU5hjnGQcc5hjlGQYc5hkHGSgdKB0IG
OcUxhDGEMYQxhDGFMUYxhjGGMYY5x0IHOgcxhjFFMUQxRTFGKQUpBSEFIQUpQzGD
QcRBxDFEKQMowyDDKQQpBCkFKQUhBSEEIQMpAzHFKUQhRCEEIQQgxCDEIMQgxCDE
IMQgwxkDKUMpRClEGQIYwhjDGMMgxCDEGMMYgyDDIMQpBiEFIMUYxBjEGMQQgxCC
EIIQghCCGMMYwxCCGIMYg0GISclJyUHIQchByEGIQck5SDEHOQc5RkGHUglSSlIJ
UklByUoKQchByUHIQYc5hjmGOcY5xzGHKQY5R0mJUclRyVoKWgpaClIKSclRy0nK
ScpBiTmJOck5ykHKUktSi1qJUolKSUoKSglKCUnISchCCEHJSclijXLNYoxaSVIJ
UkpSSVJJQghKCVIJQclKB0pIWolay1rKWstaymLKUolSSVJKUglJyEGHWklqy2rL
astiiWKLWopSSVJJUglSCUnHUghaSWrKcstqimKKYopiimpKYkpaSVpJWklSCVIK
UglSCVIIUghaSGMJa0lrSWsJYsliyWKKUghSSVJJUohKSFKIWohiymrKcstqy2rK
YopailqLWotai1qLWopailpJWkhaSFJIWkhiinMMaspiimKLYopaSWJKWkpaSVpI
WkdSiGsLawtiy2LLYopaSVoJWglaCVpJUglaSVJIYslrCmLJUohSR1pHWkhaSFIG
SgZSiEpGSkhKCFpKYstii1pKUolKSEpISgdCB0oHQchKCEoISghSilrKWopSSUoJ
QchByEHIQcc5xjnGOcZCB0IHQcZKB1JIWolSSEoHQgc5xzmGOcY5xznHOcY5xjnF
OYU5hTmFOUQ5hkIGSkdCRjnFMYQxxTGEMYU5hTlHMUYxRjGFOcdCBznFMYUpRilF
MUUpRClFKUQpRClEKUQpRDGFOcYxhSlEKQMhAykDKQMpAyEDIQMhRCFDKYQxxSFD
IQMgwyDFIMUYxRkFIQYZBRjEGMMZAiFCKYMpgyECGMIYwxjEGMQYxCDEIMQgxCEF
KUUhBRjEEIQQxBDDEIIQwhDBEMIQwhDCEMIQwxjDGMNByEnJQglBykHKQYs5SkFK
OQk5CDjHQQdJiFHJYglRyEnISclJyUGJQUlJiUGIQUdBR0GHQUc5RjlHKUdByFIK
UgpSSVpKWkpSCkoKSgpKCkHJOckxiTmJOck5ykpIWsliyUpGUgdSCFIISgdByDnI
OcdCCEIIWsliy2LKWolSSVpKUktKCkIKQgpByEHHSgZSR2LJYspiimKKWkpaCloK
UcpRyVHJSYhJxlpIaspqyGrIYoliiVqJWklSB0oHSgdKBlIHasprC2LLYstii2JK
YktqS2JKYklaSFpIWklSCEoIUgdKBkoGUgdqynLLaspqymLLYspailIIUglSCVIK
UgpSSVJIYspzDWtKawliylqJWopiimKKYopailqJWolaiVpJWklSSFJIYsprC2LK
aolqimqJWklaiVqJUkhSR1JHUkdiyWrMYotailqIWohah1JHUkdSR1JHUkhaiWLK
YwtaykqJUklSSVIJUghKCEoISkhKCEoISghSClqLYoxailJJUkhCB0oIQcdKB0oH
QghCCEpIUkpai1pKUglJyEnISchByEnIQchBh0HHOYZBx0HIQclSSVJKUklKRUIE
QgRBxTnFOcY6BzGGMcY5hjnFOcU5hTGFOcVKB0pIOgYxxDHEMcQxxCmEMYQxRDGF
MYUpRTGGOgg5xymFMYUxhTGEKUQpRCFEKUQpRCFEIUUpxzHHKYYhBCEDGQMhQyED
GQQZAyFFIQUhBClFMYUhBCEEIMMgwyDEGIQYxBjEGMQYxBjDIQMpBClFKUUhBBjD
GMMYwxkDGMMYwxjDGMMZAilFKUQYwxCCEIIQgxCCEIIYgxDDEMMQwxDDCMMQwxjD
SctByUoKSclJyUGIQYhJSEEGOQYwxTEFOYdSCVIKUglSCVIISYhBiEGIQYg5hzmH
MUgxiTmJOYk5iTmHQchKB0nHUghiClpKWkpSSlHJSglByEGIOYdBh0nHQcdKB2LK
YopaSVpJUghKB0oHSgdBxkHHSchSCVqKYstiyVpIUkdSSEpJSghKCEIHQcdCBkHG
UgZiyGLIYshah1qKWolailJISghKB0oGScZaSGrKYspiymLKWolaiVqISgdSB0oI
SghSSWLLawtiymLKYslaiWKJYolaiFqIWohaR1oJUklKSUpISkhKB1JJYstqzGrL
YspiymKKWkpSCFIJUghaSFIIUkdiiGsKcwxzDGrLaopqiWpJaklailqLWopSSVJJ
WolSSVJIUkhSSGLKawpqymKJYodaiFKHUkpSSUpJSkhSiVKJWspyzGqLYopqimJJ
WkhaSFIIUgdKR1JIUkhiymsLWolSiVKHUkdSR1JHSkhSR0oHSgZJx1IIWkliimKK
WklSCFIISgdKB0pHSkdCB0HHSglSCVpKYopaSlIIUgdKB0nISchByEGHQYZJx0nG
ScZSB0nHWklaSVIGQgVCBUIGQgY5xjnGOcY5xjHFMcUxxTnFMYQxhDnFQgdKR0II
MYYphTGFMUQxRDFEMUQxRDFGMQg5SUHLQcgxhDGDMUMxQykDKQQpBCkEKQMpBCkE
OYU5ximFIQQpAykDIQMpAyEDIQMhAyEDIQMpRDFGKQUgxBjEGQMhAyDCIQMgwyEE
IMQgxCEEKUUxRSlEIQQYxBiEGMMYxBjDGMMYwxjDGQMphClFIQMQwhCCEIIYghiC
GIMYgxjDEIMQgxCDGIMYw0nJUglKCUIJQYhJyUGIQYdBhkFFOUU5RkGIUcpaC1IK
UcpByjmKOYpBikGJOYlByjnIOYg5hzGGMYcxhjlGSYdZyFnJWglaSlpKUclRyUnJ
Qcg5hzmGQYdBh0HHUkhiymLKUklSCVIJSglKCUIJQcY5hkHGSgdaiWrKYolaSFJH
UgdaiEpJSglKCUoJQchJyEnIYotiy1rKWopailqJUklSSEoHSgdJx0nHUglrDGLL
Ystii1qJUklSSVIJUghSCVHJUcliiXMJaslqyWLJYoliimKKWolaSVqJWopSSFpJ
UghSCFoIUclSCmqMcoxqzGrLaopiylqJSkhKSEpJSkhKR0pHWohiynMJcspyiWKJ
aopiSmKLWopai1JJUklSSVJJUklSSVIJUglaSmrLaspaiVqKUklSSVJJWklSSVJI
UkhaSmLMasxqy2LLYspaSVoIWglSCFIIUghSRlKHYshrCWLJWkhaSFpIWkhSR1IG
UkZSBlIHUghKCFqKYstai1JJUklSSEoHQgdKSEIHQghCCEIISklSilqLWopSSUoI
SghCB0HHQgg5hkGGQcdBxkHGQgZCBkpIWkhaSEoHQcZBx0HHOYY5xznHOcYxhTGF
OcY5xjGGMYY5hkIISklByDmGMYYxhjGGKUQphTFFMUY5RjFGQYhJyUGHMYQxhClD
KUMxRDFFKUQpRClEIUQpRDHGOYcpRSDDIQQhBCFEIUUhBCEEIQQhBCkEMUU5hTEE
KQQYwxjDGQMZAxkEGMQZBCEEIQQpBClFKUUhBBjEGMMYwxjDGMQYxBjEGMQYxCDE
KUYhBiEEGMMQgxCDEEIQghCDEIMQgxCCEMIQwhjCGMNBiEoJSglCCEIIQgg5xzmH
OYgxRzkHOQdBiVIKWkpaSkHIQcc5iTmJQclByTmIQck5iDnIMYcpRTGGQYZBh1GJ
WgpaC2JLWktSClJKUkpByEHIQYk5R0GHQYhJyFIJYopii1IIUchaCVoJUghBhkGG
ScZJxkoGWohjClrIWodSB1IHWkhaSFoIWklRyEnISchRyGKKasprCWLIWodah1qI
UgdJyEnIScdJyFpJastiymLJWstailJJUkpSSkoJQclByVHJYotzC2sLYspayVqJ
YoliilpIUkhKCFIIUghKB0oHSkhCCEIIUkpqzGrNasxizGrMYotaSkpISklKSUpG
SgZSCFpJYsprC2rLYopiimqLYkpiSmJIYkliSVpJUklSSFJIUklaSVoJaotyzGrL
YotiSmJKWkhaiFqIUkdSR1JHWkhiymsMYspaiVqJUkhSR1JIUkhSSFJIUgdiR2rI
cwliyWKJWolShlqGWodSR0pHSghKCEIIQghay2LLWstaSkpJUklKB1JISgdCB0IH
SghKCFJIWkliSVqKUklKCEoISgdKB0HGQcZBxkHGQcdBiEHHSghSiVKKUklJyEnI
Qcg5hzmHMYc5xznHOYY5hjmFOYY5hjmGMYY5yEoJQcg5hzmHMUYxhjGGMUUxBSkE
MQU5RUGGScc5hTFFMUQpRClEMUUpRSFEKYUphSFDKYQxxTHGIYQhAyEDIMMhBSEG
IQYhBiEGIQUhBSmFKUUpRRkEGMMZBBjDGMMYwxkDIQMhBCEEIQUhBikGIQYgxBjD
EMMQwxjDGMMQgxjDIMMhAykFKQUYxRCEEIQQgxCCEIIYgxCDEIIQghiCGIIYghiC
SchBiEnISclJyEGHQUdBRjlGOUU5RTFEQcVKR0qISkhCB0nIQYdBh0nHScdBhkGG
QYY5hzmGOYY5hzmHQcdKCEoIUgpSSlJKSgpKSkpKQgs5yjmJOUc5R0mIUclRyGJK
YktSCUoISghKCEoIOgY5xkHGScdRx2JKcstailqKSghKSEpISklCCEIIQglByEnI
Schai2LLWspaiFJIWohSSkoJSclJiUGIQYhSSFrKYwtaylKKUopKSVJJUglRyFGH
UcdRxmqIcwprCWLJWolaiVqJWopaSVIIUghSCVIJUchJyUnJSchJyFpKaspzC2rK
YotiimJKUklKCFJJUklSCFIIUglSCWLLcwxrCmLKYslayVqJWslaiVqJWolaSFoI
WghSCFpJUghKCFqKasxiy2KKYopiilpJWkdSiFJHUkdSSEoIYslrDGLKWolailJJ
UkhSSVJISkhKCEoHWkhqinLLYolaiVKJUolSh1JHUkdKSEoISghByEIIWslSyVrJ
UklSSVJJSghSSEoIQcdCCDnHQcdSSVpKWopaikpISghCB0IIOcY5xjnHOcYxhznH
OYZBxUoHUkhaiEpHOgY6BjoGOcY5xjnFQYY5RkGGOYY5hTmEOYQxQzmESgZKSEIH
QYY5RTlEMUQxRDFEMYUxRDFEMUQ5hknIOYYxhSlEKUQxRClEKQQpBSEFIQUZBCmF
McYxxilFKQQhBCDEIMQoxSEGIQYhBiEDIQMxRTFGKQYQxBjEGMMYwyDCIMIgwiDD
GMQYwyEEKUUpRSlEIQMYwhDCEMIRAxDDGMMgwxjDIQMpRSlFGQQQgxCDEIMQgxCB
GMIYwhCDEIMQhBCDGIMYg0nKUchJikmKQYpBijlJQYo5SDlIOQc5R0GHUglaSlIJ
SglByUnIQYhBx0HHOcc5xznHOcY5xjmFQYdBh0HHSchSCVIJWkpSSlJKSghSCUoI
SYdBiDGHQYhJiEnHUchiSlqKUglKCUpJSglByEHIQYlBiEmJUchiSmrMWopailJJ
UklKSVJJSghKCEnISchJyFIIYkpqy2rLWktaS1pLWgpaClIJSchBh0GGWkliimLL
WopailqKUolSSVJIUkhSCEnHSgdaimLMYstiylqKWslaiVqIWkhSB1IHUghSSFIJ
UgpKClHJUclaCGrKcwtyy2qLYkpii1pKUglSSVJISkdSSFIJWklqy3MMawtiymLK
YoliSWJJYkhaSFpJWolaSVpJUgpSClIKUgliSHLKaspiimJKWklaSVqIUohKB0oH
UkdKR1rJa0xjC1qKWopSSVJKUglSSFJHSkdKR1KIaslqymLKWolSiVJKUklSSEoI
SkhSSEoISghKSFqKWotaykpJSklKSUpISghKCEoIQkg6BkIGUkhiiVqJWolSSEpH
SghKCUHIOYg5iDnIMYg5yDnIOchCCVJKUkpSCUnGQcVBxTnFOcY5x0GHOYc5hzFH
OUc5hTmFOYU5hUHHSgg6BjnGOcYxhTGFMUUxRTFGOUY5RTlFScdCRznGKUQpRClE
KUQpRDFFKUYpRSlFIUQpRTnGOcYxhSlEIQMYwyDDIQQhBCEEIQQhAyEDKUQxhiEE
EMMZBBkDIMMgwyDDIMMYwxjDGMQgxCkFMUUpRRjDEIMQgxiEGMQYxBjEGMQZBCEF
KUYpRiDEEIMQgxCDEIMQwxjEEMMIghDDEMMQwxjDEIJByUnKSclBiUGJQYk5iDmJ
MUcxRykGKUVBhlJIWkhSCEoHScdJxkHFQcVBxEHFOYRBx0GHOYdBSEEIQUlJikmK
UctSC1pLUgpSCVIIWkhSCEoHOYgxiTmJQcpByUoKWotai0pKSgpSSkoKSglByUGI
QYhJyEoJUkpizFqKUkpSSkpJWkpaSVoJSghByEHIScdJxmKJYolaiWKJWkpaSlIK
SglKCUHIQcdJx1oLYkxijFpNWkxaTFKIUkhSR1JJSgdJx0nHWkpqy2rLYopiiVqJ
WolaiVJKUglSCVIJUghSSEoIUglJyUnIUkliimLKaspqymrKYopSCUHIUglKCUHI
SghSCFpIYspqy2LKWoliiWKJWolaSFqIWohah1pHWkhaSVKKUklSSVIJYklqy2rK
YopailqJWklaiVpJUgdSB1JIUkhSiGLLYwtaymKKWgpaCVoIWghSCFIHSgdKB2LJ
YstiilpKWktaS1JJUkhKB0oHSgdKB0IHSghSSlrMWotSCVIJUglKCUIIQchCCEII
OgZCBkpHUohayVKIOcZKSEIJQcg5iDGIOYg5iDnJQck5xznHQghSSVqKUkhBxznI
OcgxhzGHOYg5iDmHMUY5hzGHOYY5hjmGMYZByEIJOcgxhzFGMUUxhTGEMYUxRTFG
MUYxRjnHQgg5xilEKUQxRDFEKQUpBTEGMUYpBSlEKUMxhTnFMUUpBCDEIMMgwykE
KMQoxCkEKQQpBDFFMUYpBRjEGMQYxBjDIMQgxCDDIMQgxCDEIMQpBSlFIQUYxBjD
GIQYxRjFGMUYxRjFGMMhBClEKUQhAxjCEIIQgxCDGIMYgxCDEIMQgxCDEMMQgxCC
SclByEoJQcdBx0nJSYlBiDlIMUgxRzFGOYdSCVHKUcpJyVHJSchBx0GHQchByDmH
OYdJyjkIOUc5SEGIQchJyUnLWgtSC1ILUglSCVJJSghKCTnHOYdBh0HGQcZJx2KK
YopaClIJUkpSSkoJQYhBh0nHScdSCFqIYwpayVKIUkhSSFJIUgdKCEnJQclByUHI
SchaSGLKYslailKJUolKSUIIQghJyUGISYdaCnKLYopaSVqIUohKR1JIUklKCUnH
QYZBx1pKastqjGJLYktaSlpKWkpSCVoHWgdaB1pIWghRyVHIUchRyFoJYkpiimrK
YstiyWKJWkhSCFIIUglSCFIIUghSRmrIcwlqyWLJYshiyWLIWodaiVqJUklSCVoJ
WkhaSVJJUkhSCFpJcstqy1qKWopaiVJJUkhSRlJGWkdSB1IHYopqy2LKYopii1qK
WklaSVpHUgdSB1IIUgliy2LLWopKSUqJUohSSEoHUghKCEoISghCCEIHUolayVKJ
SkhKR0pISgdKB0oHSgdBxUHGQcdKSFKJWolSSUpISklCSEIIQcc5xznHOcc5xjnG
QcdBx0oHUkhailJJQcc5xznHOcY5hjmGOYY5hjlGMUUxhTmFMYUphDHFQgZCBznG
McYphSmFMYUxhTGEMUMxQzFDMUM5hkHHMYYpRSlEKUYpRSkCKQMpAykDKQMpQzGE
OcU5xTFEKQQgxCDEIQQoxSjEKMQoxCEEIQQpRCmEIQIYwyCDIMMgwyDDIMQgxCDD
IMQYxCEEKUQpRSkFGMQQwhjDGMMYwxjDIMQYwyDDIMQpBSEEGIQYxBiDGIMYgxiD
GIMYgxiDEIIQgxDEGMMYg0GHSchJyEGIOUg5ikGKOYgxRzEGMQYxRzlHSclSClIK
SclByEHIOchByEHIQYc5hjlHOUc5SDmIQUhBSEmHScdSCFJJUklSSVJJSghRyFHI
ScdJh0HHQYZBx0oGQgZiylqLUkpKCEpISklKCDmIOUdBR0mHSgdaSGLKYolaSFpI
UgdSCFIHSgdSCEHIQcdBh0nIUkliiWKJWkhSiFpIUklKCEnHSchJyEnIUgliimJJ
YkhiSFqHSkZKR0pIQgdCB0IHSgdaSHLKaopqimJIWklaSVpJUkhSSFIHUghSCFII
UglRyFHHUcVaRmrJaspiiWKJYshiyFqHSgZRxlnJUchJyEpHUkdayWsKYsliyWLJ
Wohah2JHWoZah1pGWkZSR1JHUghSCEnHUghaimLLWopailqLUolSh1KIUkdKR0pI
SgdKB1qJYsliiFpHWodaiFJHUkdSB1IIQgdKB1IIYspiy1pJUklSSFIIUkdSR0oG
UgdSB0nJSchKCVJJWolSiUpISkhKSEIHSgdCB0IGQcZBxknHSghSSVJJUohKR0IG
QchBx0HHQcZBxznHOYc5xjnGQgZCR1KIWohSRkoFQcRBxDoEOcYxxTHGMYY5hjFG
MUYxBTFGMUYxhkHIQgc5xzHHMYYxhSlFMUUxRCkEMUMxRDFEOYdByDmHMYUpRTGF
KUQpQylDIQMhAyEDIQMpRDHFOcUxRCkDIQMhAyEEIQQhAyEDIQMhAyFDMYUxhSED
IMMgwyDDIMMgwhjCGMIYwxjEGMQhBSEFKUUhBRjDGMMYgxjEIMQgxCDDGIIYgyDE
KQUhBBjDEMIQghiDEIMIgxCDEIMQgxiEGIMQhBiEEIRBh1GHSchJyEGHOYg5yDmI
MUcpBjEGMQU5RVIIWklSSkoIQchByEmISYlBSEFIQUg5RUGGQcc5hjlFOUVBh0nJ
UglKCUJJSopCSUoIQchKCUIIOYc5x0GGOUZJh0nIWotai1JJSghKCEHHQcdBhzmH
OYZBh1IIUkhrC1LJUohSSFIHUgdKBkoFSgc5xjnFQcZKBlJHWohailJKUopSSVpJ
UglRx0nHSgZJxVJGaslqimKJWklaiVpHSkZKR0IGQgZByEHGUkdzCmKJYolaSFqI
WohaiFKIUkhKCFIKSglSCVHIUchRyEmHUgdiyWrJYsliyWLJWohaSUoISclJyUoJ
SghKB0pHYsljCVsIYsliyFqHWodah1qHUodSSEpIUghSCVIJUglSCVJKWopiy1qK
WkpailJIWkhaSVpIUgdSCEoISgdaiWLKYshah1qHWodSR1JHUklKSUIISghSSWLK
aspaSVIJUklKSFJJUkhKCEoJSglKCUnISchaSmJLWklSCUpISkhCB0IHQgdCBznG
QcZCBkpHUohSx1qHUkZSB0nGSchKCEHHOcY5hkHGQcc5hkGHQcdSSVJISgdJx0HH
OcZBxjnGOcY5xjmGOYY5hzlGMUYxRTFGOYZBx0IIQcc5hzFGMYYxhSmFMYUpRTFE
MUQxRUGGSchBhzFGKUYpRSlFKQUhBCEEIUQpRClDKUQxhDGEKUMhAyDDIQQgxCED
IQMgwykDIQEhATGDMYQhBBjDGMMYwxjDIQIgwiEDIMMgwxjDIMMhBClFKQQgwxiD
GIMYwxjDGMQQwxjDGMQhBSEGIQYYxBjEEMIQwhDDEMMIwhCCEMIQwxCECIMQgxiE
OYdByEHJSclByEHIQYc5hzFGKUYxRikFOUZJiFnJUglSCUmHScdBhkGHQcdJx0GH
OUdBh0GHOUcxRkFHScdJyEnHUgZSR1qIUkdSR0oGUghBxjmFOYU5hTnFOcc5x1KK
WspSiUpIUghSCEnHQcdBx0HHQcdBx0pIYstSSkoJQchJyVIIScdKB0oHQcZCBjoF
QgVayFsIWspaylqKUklSSlJKSglByEHHSchSCFqIYspiyVrJWohiR1oHWgZKB0oH
QgdSR1qIasliimKKYopaiFKIUohaSFJHSgdSCEoISghJx0nHScZJxlIHYsprCmLJ
WohiyFqHWkdSB0oHScdKCEoISghSCGKKYspiimLJWohayFKHUkdiiFpIWkdiSFIH
WkhSSEoIWklSCVpKasxiylrJWslaiFqIWkhSSFIHSgdCR0pIWslrCmKJYklaCFoI
WghSCkoKSgpCCkIJUglai2LMWkpSCVJJSghSSFJISglKCUoIQchBx0nHUkhiilqJ
UghaSVJISgZKB0oHSgZBxjnFQgZKR1KIUklaSVIJSchCCEHHQgdBxkHGQcY5xznH
OcZBxkoHUkdaSFIHScZBhUGFScZBhjmFOYY5RjFGOUY5hzmHMYY5RjmGSghKCEHH
OYY5RjlFOUUxRSlFKUUpRSmFKUU5x0HHOYYxRSkEKQQxRDFEKQQpRSlFKUUxRDGE
OcU5hSkEKMMowyjDKMQoxCDEIMQgxCDEKQMpRDFFIQQgxBjEGMQYxBjEGQUZBSEF
IQUYxRjFIQQhRCEEIQQYxBiEGIQYhCDEIMMYgxjEIQQpRSEFGMQYwxCCEMIQgRDC
EQIQghCCGIMgxBiDGIMQg0GHQchJyknIQchJyEGIQYg5RykGKQYxBjlHSclaTEnK
ScpJyUGJQYlBiEGIOYdBhzmHOYc5iDmIOUgxSDnJQchByEoIUklSSEpHUkdSB1II
ScdBh0HHOYZBx0GHSghailpKUkpKCUoJSglCCUIIOccxRjmHQcdSSGLKWspSCFII
UghSCEoISghKCEHHQchJx0oHWolailqKWopailqJUklKSUoJQchJiEnGWghqiVLJ
UohSyVKJUkhKR0oHUgdSB0nGUgdaSGrKaspiimqLWglSCVoJWkhSSFIIUkhKB0oH
SgdBx1HHUgdaB2LJawpiyWKJWopaiVqISgZKRkpGSkZCB0oIUkliy2LKYoliiWJK
YkliSmJKYklaSFJHUkhaiFpIUghSCFIJUghaSXLKYspaiFqJWolaiVqJSghKCFII
UkhSSFqKYslayVqJUkhSSFJJSklKSUoJQclByUoJWotiy1KKWopSSkpJSklKSEJG
SkdKR0IHQcZJx1pIYoliSFJIUkhKBkIHSgdCB0IHQgdCB0pHSkhailqJUkhKCEII
QgdBx0HGQcZBxjnGOcU5xkHFQgZKR1KHUohSSEHGOYY5hkHHQYc5hjmGMYYphTGG
OYYxhjGGMYY5h0IISkhBxzmGOYY5hjGGMYYpRSlFKUUpRSmFOgRCBTnEMUQxRDFE
MQQxRDFFKQQpBCEFKUUxhjnHOYYpRCEEIQQhBCEEIMQgxBjEIQMhAyEEKUUxRSkE
IMMYwxjDGMMYwyDDGIQYxBjFGMUhBCEDKUQhAxjEGIQYhBiEGIQYhBjDGMMYwyEE
KUUpBSDEEIMQgxDCEIEQgRjCEIMQgxiDGIMYgxiDGIM5h0mISYhBiEGIQchBiEGH
OUc5BjEGOQc5SFHKUktKCjnJQck5iEHIOYY5xjmGOYc5hzmHMYc5hylGKUY5h0nH
SghKCFJISkhKSUoJSchKCEnHOYc5hzmHQYg5R0HJWkxaS1IKUclRyEnHScdBxjnG
OYY5x0GHUgliyWLJWohSR1IISchJx0nHScZBxkHFScZJxlpIWoliiVpJUkhSSEoI
SghKCEHHQYZBxloIWklSSVJIUklSilJJSkhBx0HIQchBxkIHWkhiylrKWolailoJ
WkhaCFpIWkdSR1IGUgdKCUoJQchJyFHHWghqiWrJasdix2KIWkdSR0nFSgZKB0oI
UchRyFoHaolqyWKIWohaSFpIWkhaiVKJUolKSEpIUkhKCFJIUkhSCFIIWkhiyWKJ
WkhailpIWkhaSFIHSgdKB0oHSghaSWrLWopaSVpJUklKSEpHSgdKB0oHSgZKB2KJ
YspaiVpJUghSSEpJSghKCEIIQgdCB0HGQcZSSFqJWolKR0pHSkZCBEIFOgVBxjnH
QchCCUoKSkpSiUqIQkdCBkoGScc5hjmHOYc5hzlGOYdBhknGSgdSSVqJUghBxzmG
OYc5hzmHMYY5hjmGMUUxRjGGMYYxhTGFMYVCB0oHQcYxhTFFMUM5RDlFMUQxRSlF
KUUxhjnGQgcxhSlFKUUpRSEFKQQpRSkFKQQhBCEEKUUxxjGFKUQpQyEDGQIgxBjE
GMQYxCEFIQQhAylEKUUgwxjEGMMYwxjDGMMYgyDEIMQZBBjEIQQpRSlFIQQYgxiC
GIMYgxjEGIQYgxiDGIMgxCkEIQQQwxCCEIIIwhCDEIIQgxCDEIMYgxiDEIMQwxDC
MUdByUmISclJyEGHOYc5iDFIKQYpBjFHMUdByVJKSglKCUHIQcg5xznGOYc5xzmH
OYYxRjGGOYcxRTFFOYZJx0oHUghKB0pISghKCUoISchBxzmGOYY5hjmHOYc5yEqK
UspKSUIISgdJyDnHOYc5h0HIQcZJxkoHYslaiFJHUkhKCFJKUopCB0IHOcZBxkHG
QcdSSVKJWopSSVqKSklKCUoISghCB0oGQgVKRlqHYshah1JHUklSSUJIQkhCCDnH
OcdBx1JIYstiimKKWolSSFJJUglSCVIHUgdSSUoISkhJyUnJSclJxlIGYohiiGKJ
YoliiVpIUgdJx0nHSchJyEnJSchSCWKLYsxii1qKWklaiWKJYolaSFpIUgdKB0oH
SgdSR0pHSkdKSFJJYopiilpJYkliCVoIWghSR0oGSchByEnIWoprClrJUohSSlpK
UklSSEoHUgdSB1IHUkdaiGLKUklSSEoIUkhSSEoHSkZKB0IGSgZKBkoGWkhaSVqK
UkhSCEoHQgdCB0HHQcZBxjmFQchKClKKUopSSUpIQghCB0HIOcc5xjmGOYY5hkGG
QYZJx0nHWkhaSUnIQYc5h0HHOYc5xjmGOYY5hjFFMYYxhTGFMUQxRDGFQgZKBkHF
OYYxRTFFMYYxhilFKUUpRSlFKURCB0IHMYUphSlEKUUhBCEEIQQhRCEEKUQhBClF
MYYxhilFIQQhBBkEGQUZBRjEGMQZBBkFIUQxhSlFGMQZBBjEGMMYwhjCIMIYgxjD
GMMhAyEEKUUpRRkEEMIQwhDDGMQYgyCEGIMYgxjEIQUhRhkFGMQYhBCDEIIQghCC
EIIYghiCGIMYgxiDGIMYgjmGQYZJiEGHOYg5iDmIOYg5iCjEMMU5BkFGSYhSSkoJ
SglBx0HHQYdBh0GHQYg5RzEHMUg5iTFIMUcxRTFFQgdCRkJGSodSSEoHUghKSEoH
QgdBhjGFMUY5hzmHOchSCVJJUkhCB0IGQgZBxkHHOcY5xjnGQcZKSFrJSklKSVJJ
UglJyFIISghKCEHIQcdBx0HHSghailqLUklSSVJKUglJyEnIScdBhkHFSgZayGLI
Wodah1pIUkhKSEIHQgg6BkHHQcdKSVrKYopiilpKWkpaSlJJUglKBlIHWkdSBlIH
ScZJx0nHScZKB2LLaopqimKKWkliiVJISgdKB0HHQcdCCEIHSgdaiWLLYoliSVoJ
YklaCVpJWkdaR1JGUgZSCFJISghBx0IISghah2MIYsdih1pHWkdaB1oIUglJyFII
UghSSFqJYstiiloIWkhaSFJISkhCSEoISghSCFIIYolqymKIWkdaR1pHUkdSRkoH
QgdCCEHHQcdCBlpIYoliiFIIUgdJx0HHQgdBxznGOcY5xkHGSkdaiVKISkdCR0IH
QgdCCDnHOcc5xznHQYc5h0GHQcZBxlJIUkhKBjnGQcY5xTnFOcUxhTHEMYQxhDGF
MYUpRTFFMUQxhUIHQgc5hjmFOYUxRSlEKUQphCFEIUMpRDFEQcZBxTGEMYQphSlF
IUUhRSFEIUQhQyFDIUMxhDnFMYUpRCEDGMMZBCEFIQUZBBjEGQQhAyFEKYUpRBjD
GMMYxBjEGMQYwxjDGMMggyDEKMQhRSFFKUUhRCDEGMQYxRjEEIQYxBjEGMMZBCFF
KUUZBBjDGIIQgRiCGIIYghiBGIIYghjCGMIQghDCEIJJh0mHSYpJiUmJSYpJikFI
QUgwxjDGOMZBR0nJUglKCUoJQchBiEGIQYg5SEGJQYkxiDlHOUgxhylGKUUxhkHG
SgVKBVIFUclRyVHJUglKCEoIOUc5SDlIOUg5SEHHWolaiFpIUgdJxknIQglBxzmG
OYdBx0GGUghSilJKUkpSSkoJSghKCEoISgc6BjnFOcU5xUJGWopSilKKUotSS0oL
ScpByUGHQYdJxkoHYolaiVpIWkhaCVoKWkpSSUoIQcc5xkGIUkpii1qJYotaSlpJ
WklaCVoJWglSCFIIUghKCEHGScZJxlHHUcdiSWqKaopiilqJUohSSUpHQgZKB0IG
QcZKB1JIYspjCmLJYslaSVpJUklailqIUodSR1IJUglSCVIISchJx0oHWohiyVrI
Uodah1pHUkhaSFIIUchRyFHIWgliimqKYklaSVpJWglSCVIISgdKB0oHSgdSCFqK
YstaSlJISkhSSFJISkdKB0oHScdBx0GHSchaSGLKWohKR0IHQghCCEIIQgg6B0II
QgdCB0pHUolSiEpISgdCB0IGQgc5xzmHOcc5h0GHQcY5xkHGQcZSSFJIQgZBxkHG
OYY5hUGFOYU5hDGEMYQxxDHFMYUxhTmFOYVBx0HIOccxhjGGMUUpRSlFKUYpRilF
KUUpRTmHOccphClEKUQpRClEKQMpQzFEKQIpAilDMUQ5hzFHKQUhBCDDIQMpRClF
IQQgwyDDIQQpRDGFKUQhAxjDGMMYwxjDGMMYwxjDGMMYxCDFKQUpBSEFGMQYxBDD
GMMYwxjCGMIYwhjCGMMpBCkEIMMgwxiDEIMQgxDDEIMYwxCCEIIQghjDEIIQQxCD
QYdJiEGJQUk5iUHKQYk5SDFHMQcxBikGOUZBiFIKSck5yEHIOchKCkGHOUc5iDlI
OUcxRzEIMUkxSTFJMUk5x0oJSklSCUnJSclJyEnISclJyDlIOUgxRzGHMUZJyFpK
YotaCVHIUghSCkHIOYcxRzmIMUdBh1IIUklSSVIJSghBx0HISghCB0oIQgc5x0HH
OcVCRlrJUklSSVJJUklKCVIIQghBxzmGOcdCCFqKWopailpKWkpSSkpKSgk5iEHJ
QYlBh1nIYkpqSmqLWgpaCloKUghaSFIIUghSCFIIQcdBx0HHQcZBxknHWoliilqJ
WolaylKISkdKSEpIQghCB0nHSgZSR2KIYslayGLIWolaSFJIWolSiEpISghSCEnI
ScdRx1HHUcdKB1JIWspayVKJWklSCFIIUglKCUoJQchJyEoHWkhqyVpHSkdKR0oJ
SglKCUoHQgZCBkoGUkhiylrKUohKSFIHUgdKB0oIQgdCCEHIQchByEoJSkpSSlJK
UkpKSEoHQcZBxkHHOcg5yDnHOcdKSFqJUkhSSEoHQgY5xjnIOcg5hzFHOUZBhzmG
OcY5xToGUkhSSEoHQcZBxjmGOcY5hjmHOYY5hjGGMYYxhjGGMUY5RzmIQck6SSnG
KcUphClEKUUhRSlGKUYpRikGKQY5iEGIMUYpRTFFMUUxRSkEKMQxBCjEKQQhBClG
MccphiEEIMQgxCDEKMQgxCDEIMQgxCjEKQUxRilFGMUYxBjEGMQYxBjDGMIYwhjC
GMIYwyFEIUQZAxjEGIQYhBjEEIMQwxDCEIEQwRjCIQMpRSDEGMMYghjDGMMYwxjD
EMMQgxCCEIIQghDCEIIQgjkISUhJiUmIQYdBh0GHQYc5SDEHMMY4xjkHSYlRylHJ
UghKCEIIOckxiTGKMYoxiTGHMUYxRjFGMUc5RzmHOcZCB0pHQkpCSjoKQgo5yjnK
Ock5RzEHMQcxRzGIOchKSVJKUghSCFIJSgpByTmIMYY5hzmGOcdSSVpISohKiEpI
QghCCEnISchJyEHFQcVBxUIFUkdailpKUkpKSkpKQglCCTnJQck5iEGIOYdaSmKL
WkpSCVJKUgpSCUnIScdJxknGQcRSRmKJWolaSFIKUkpiSlpIWkhKR0pISkhRx0nI
ScdBx0oHQgZKRlqIWslSh1qIWolSSEoISchJyUmJSclJyUnHUgdaSGrJYolaiVJI
UkhSSFJIUklSSVJIUglRyUmJUYlBiEnHSgdSSGLJUohSiFJIUkhSCEoISghCCEHI
QghCRVrIYwlah1JIUghSB1JHSkdKB0HGQchByEpIYstiylpJUklSSFIISghJyUHJ
QclByUHJQYdByFJJWolaSVIIUghSCEnHQcdCB0IIQgc5xjnGSghSSVJISghKCEHH
OYY5xznHOcY5xzGGMYYxhzHGMcVCB1KJSkk6CDnHOccxxjmGOYU5hjmGMYUxhTGF
MYQxRDFEMUU5hkoHQgc5xjGFMYUphCmFKYQpRClEKUQpRTEFQcZBxjGFMYUxhSlF
KUQhBCEEKQQhBCEDKUUphjHGKYUhBCEDGMMYwxjEIQQZBRkEGQQhBClFMYYpRCEE
GMIQwhjCGMIYwhjCGMIYwhjDGMQhBSEFIMUYxBjFGMUYxRjFEIIYwhDBGMEZAiEC
IQUgxBiEGMQYwxjDEIIQghiDGIMYgxiDEMMQgxCDEIQ5CUFJQYhSCkHIQYhBiEGI
OUcoxTDFOQY5BkFIUgtRyknJSchByDnHOcc5xzHIKYcxSDmIOUgxSTFJMUg5hkHG
SgdKSEoKSgpCCkILOck5yUHJQUhBSDkHOUdBhznISklailIKSclJyUnJQchBiTmI
OYc5h0HHSkhSSVJKUkpSCknJQclByEIHQgc5xjnHQYhBiEnIWkliSVJIUklSCUnK
QYpJikGKQUk5SEGJWoliiVIHUglaSlJJUklKCEHHScdBh0GHUgdaiWKJWolSSVIJ
WkpailpJUghSSFJHSgZKB0HISghJyEnHUgdaSWKJYolaiFpIWklSB0nISghKCEoI
QcdBxlIHYkpiylqJUkhaiFKIUkhSSFJIUkhKB1IISgdKCEIHQcZKB0IHSklii1qK
UklSCFpHUkZSRlIISgdJx0oHSgdSiVrLUolSSVJKUklSCEoIQghCB0HGQcZKB1qJ
YopSSUoJSglSSkoJSglKCEoIQgc6BznHOgdKSVKKUkpKSUpJSchRyFHHUcZRxknG
OYc5yEIKSkpSS1IKSghBxznGQcdBxzmHQYdBhzmIOYgxiDGHQgdSSEpIQgY5xjnG
OcY6BjGFMYY5RTlFOUYxRilGKUYpRSlFMYZCBznGOYYxhTGGKUYpRSlFKUUpRClD
MUQ5hUoHQcc5RjFFKUQpRClDIQMhAykEIQQhBClFMYYxxylFIQQZAxjDIQQhBSEE
IQUhBRkEIQQpRSmFIQQYwxDDGMMYwxjDGMMYxRjFGQUZBRkFIUYhRiEFGQMZAhkC
EMMRAxDDEMMQwxDDGQQhRSlGGQUQxBDEEIQQhBCEEEMYhBiEGIMYghjDGIIYghiD
QYhBSEGIQYhJyVHJSck5iDGHOYcxRjEGMUZBiEoKSgpByEHHOcc5xjoGQgY5hjmH
OUcxhzFJKUkxSTFJOUg5iUHJQcpCCkIJSklKSUIIQghBx0HHOUYxhTGGOYdByEoK
UktCCkIKSglCCEHHQYc5hjmGOYZBhknIWkpSCVIKUglKCEoJQglCCEnIUchJh0GG
SYdSCFpJWkpSCUoISklCCUHJScpBiUGJQYdKCFpKWkpKCVIJWktSSkoJScpByUHJ
QgdCB1KJWspaylqLUopSi0pJSklKSEpISghKSEoISghKCEoISgdBx0oHWkhiyWLJ
WohaSFpIUgdJx0nHSchJyEnHScdKCFqKYspailpKWkpSSVJJUklaSVJISgdSSEpI
SglByUIIQghCB1KKWstai1KJUklaSVJISghKCEoIQchCCEIIUopazFJJUglaSVII
UchJyEHJQck5yUIISglii2KLWglKCUoJSglKCUnIQchByEHIOchByEHIUkpSSkpK
SgpKCEIJQclByTnIOcg5xznHOgdCSEqJUopKSEoIQcc5xznIOcc5xznGOYY5hzmI
OYg5yEoISolKiEIHQcc5hjmHOYc5hzFGMUYxhjGGMYUphSlEKUUphjGGQgc6BjHG
MYYphimGKUUpRSlEKQMpQylDOYRBxjnHMUYpRSlFKUUhRSFEIQUhBSkGKUUpBSlF
MYYpRhjEGMQYxCDEIQQhBCEEIQQhBCEDKUQxxSEDEIQYxRDFGMUYxRjEGMQgxCDE
GMUYxRkFIUUZRREEEMQQxBDEGMQQwxDDEMQQxBEFIUYhRhkFGMQQhBCDGIMYxBCE
EIQYhBCEEIMYwxDCEIIQwjlIOUhBiEGIQYg5SDlIOUg5RzEGKMYxBzFHQYpJyknK
ScpBiEGHQYdBh0GHOYY5xzGGMYYxRjFGOUcxRzFIOYlByUoJSghCCUnJSglByUII
OccxhimFKYUphCmFOcZCCEpJSklCCUIIOggxxzGHMUc5hjmFOYRJxlpIWklSCUoJ
SglKCUIIQcg5hzmHQYdBhkmGWchiCGJKUghSiEIHSkhCCDoHQcdBh0GHSchKSGLK
UohSiFKISkdCB0IHQcc5xzmGQYZKB1rJYslayFqKUklSSVJJSglKCEoISghKCEnI
QchByEHHQYdKCFqKWstSilKKUopSSUpIQchBxknIQcdBx0nIUghaimKLWopKCVpK
WkpSSVJIUkhKB0oGSghRyFHISchByEHIQchSiWLLWolSiFKIUohSSEpHSgdCBjnG
QgdCBlKIYslSiFKHUohSB1IHUchByEHIQcdBx0oIWopailJJSkhKCEoISghJyEGI
QchBiEHIQchJyFJKWopSSkpJSglCCEIIOcg5xznHOcc5xkIHSkhaiVqJSkhCBzoH
MccxxznHOYc5hjmGOcY5xjmGQYdKCEoJSklCBkHFOcU5xTmEMYQxhTGFMYUphSmF
KYYhRSFFKYUxxkIHOgYxhCmEMUQxRSkFMUUxRSlDKQMpRDFFOcYxxilFKUUhBSFE
IUQhRCEEIQQhBSEFIQUxhTGFKUQhAxkDGMIYwiECIQMYwhkDGMMZBCFEKYUZBBjE
GMQYwxjEGMIYwxjDGMMQghCDGMQhBCEGGMUYxBjEGMMYgxjDEIIQwxCDEMMQwyFF
IUUYxBDDEIMQghCCEIIQQhiDEIMIgxCDEIMQggiCEIM5RzlIQcg5iDmIOYg5iEGI
QUgxBjEHMQYxBjlISclJyUoIQYhBiEGIOUg5RzlHOUc5RzlHOQY5BjlGMQYxR0HI
Qcg5x0IIQghCCEIIQchBx0GHOYc5RjlFOUU5RUnHUghaSVIJSclByDnIOccxhzGH
MUc5yDFHSgdKR1KJUklKCUnJSglBx0HHOcdBxzmHOcdBhkoHWkhSB0oHUkhKSEpJ
Qgc5xzmGMYY5hkHHSgdSh1JHUkhSSUoIQgc5xznHOcY5hUGGUcdiSWJJYklaSVJI
UglKCUoJSghKCEHJQglJyDnGOcY5xkHGSgdaSmKKUklSSlKKSklKCEHHOcdByEHH
OYZBx0oHWoliyVqJUkhSSVJJSklSSEpHUgdSB0oHSgdKB0nGQcZBxkIGUkhailKJ
UklSCFJISghKCEIIQgc6BkIGSkdSiVLJUolSiVJJScdKB0oHQgc5x0IHQgdCCFKJ
WolSSEoHSgVKBUnFScZJx0nISchJx0HHQcdKSFKKUolKBkoIQcg5xznHMcc5yDHI
OYg5iEoJSglSSEoISgdCBznGMccxhzHHMYYxhjGGMYY5hkHHSghSSVJJQgdBxjnG
OcY5hTGEOYQ5hDmEOYQxRSlGKUYpRSmGMYdCB0IHOYUxhSlEMUQxQylDKUMhQylE
KUQxhTnGOYUxRClEKUQpRCFDIUMhQyEDKQUhBSkFMUcxhylGIQQYxBjEGQQZBBkD
GMMYwRjCGQIhhCmGIQQgxCDEGMUYxRDFGMQYxBjEEMMQwxkDGQQhRRkFGMQQhBDD
EMMYwxjEGIQYhBjDGMQpRSFFEMQQwhDCEMIQwxDEEIQIgxCDCIMQghCCEIIQgxCD
QUdJiEmIQYdBh0nIQYhBSTkIMMc5BjDGMQY5R0nIWghSCEmHQYZBR0FHQUk5SDFI
MUgxCDEHMQc5CCkHMUdByToJOchCCUHIQghByEHIOYhByDmHOUc5RzFHMUcxyEoK
UktKC0oKQgc5xjoHMYgxRylHOYg5xzoGSkhSiUpISklKSEIJOchByEHHQcdBhkGG
QYdJx1pKUglSCVJJSkhCSEIHOcc5hjmGOYVBxkoIUkhKR0pHSkhKB0IHQcc5hjmH
MYY5hkpIUopailIKSglSClJLSkpKSkIJQglJyEHISchJyEHIQcc5xkHGWolaylKK
UolSilKKSklCCEIJOcdBx0mHSYZJx1pJaspaiVKJUklKCUIJSklSCVIJUchRx0nH
ScdJxjnFQgZBxkpHWslailqKWkpSCVHJSchJiEnIOcdCB0pIWolaiVJIUklaCFIH
SgdKB0nHQcdBx0HGSgdaiVqJSkhCB0IGQkdCBkIGSghBxznJOcg5iEHISglSSVJJ
SghSCEnHQcZBxznHOcc5xzmGOcdCCEJISklKSUHIQcdBxzmGMUY5hjmGOYY5hTGG
OcdBx0IHUolSSEIGOcY5xjnGMcY5hTGEMYQxhTFFMYYxRilGKQUpRTGGQcg5xzGG
MYYpRTFEKUMhgimDKYMphClEMYQ6BjGFKUQhRClFKUUpRSEEIQQhBCEEIQQpBTGG
MYYpRRjEGMMhBBkEIQQQwxkDGMMhAyEDKUQpRCEEGMUYhBjEGMUYxRCDEMIYwhjB
GMIYwyEEKUUhBBjDEMQQwxDDGMQYxBDDGMMQgxjDIQUpBhjEEIIQghCBEIEQghCB
EIIQgxCDEIMQhBiEEIQQhDlGSYdJiEGHQYg5R0GIQUlBCDFIMUY5BTFFOYdKCFIK
SghByEGHQYdBiElIQUdBRzlIMQcxSDEHMUYxRjFGOcdBx0IIQcdCCEIJQclByUnJ
QYc5RjlGOYYxhimGMYdCSkpKSglCB0nGQcZByDmHOUcxRzmGOYVBxkpHUkhKR0KI
QkhCSDoHOgZBx0HHSYdJh0mHUchiSmJJYklSSUoIScdJyEHHScZBhkHHQcdSSVJJ
SklKSVJKQghCB0HKQck5iDGIOchKSFLKWopSSVJJUklKSFJJUghKCEnJQYhBiEnI
Qcg5x0HHScdKB1pIYolaSlpJWkpSSUoISghKSDnGQYdJhkmGSYdaCGKIYohiiFqJ
UghKCFJJUkhKB0oHSgdKB0IHQcdBx0HHScdSCGKKYotailJJUglSCEnISYdJh0GG
ScZJx1qIYolaR1pIWkdSB1IHScdJx0nGQcZKB1IJWolaSVIIScdKB0oHSgdKB0HG
Qcc5xzmGMcY5x0pJUklSSUoHQgdBxkHGQcZBxkHGOcY5hTnGQgdCR0KJQkk6B0HG
QYZBhjmGOYY5hjGGOYU5hTmFQcRJxlJIUkhBx0HGQcY5xjnGOcUxhDGEMYQpRTGF
MUUpRSlFMYU5xUJHMcYphCmDMYMxgylCKUUpRSlFKUUpRDGFQcc5xylFIQQpBCkF
KQQpAykEIQQgxCEEIQQxhTmFKQQhAxjEGMMYwyEEIMQhBBkEGQMZAiFEKUQhBBjD
GMMYwxjDGQMYwhjCGMIYwhjCGMIhAylFIQQYwxCCEIIYwyDDGIMYhBiEGIQghCkF
KUQYwxCCGMIYwhDCEMEQgRCBGIMYgxCDGIMQgxCDGIM5hjlGSchBxzmGOYY5hzmH
MUcpRilGMQYxRkGHSchKCkHJQck5iDlHOYg5SDlIOUg5SDlIOQcxBjlGOUY5RkGH
QcdJx0HIQghKSUpJQghByDmHOYYxRjFGMQUxRTlFUgdaSEpIUkdKBkIGOcYxRjmG
MUY5hzmHQcdKB1JHSgdCR0IHOgg5yDnIOcc5x0HHQYc5h0HIUopSilJJWghRyFHH
QcY5xTnFOcU5xTnFUkhaSFJKUkpSSkIJQkhCCDnHOYY5hknHUchaSlpKUkdKCEpI
SghKSEIISghBx0HIQchByEHIQchBx0HFQgVSh2KIWohaiVJKSghKCUHIQcdBhkHH
QYdJx0nIUglaiWKJWohaSloJUgpSCVIJUgdJxknGSgdBx0HHQcZBx0HHUkliylqK
UolSSVJISgdKB0nGQcZBxkHGQgZSiFqJUkhSSUoISghByUHJQYhBh0HHQcZBxmLK
YopSSFIIUkhKB0oHSghKB0HGQYU5xTnFQgVSh1KHSkZKCEoIQgdByEGHOcc5hjnF
OcU5xUIGSgdSR0oHQgc5xjnGOcc5xzGGMYYxhjFFOUY5RkGGSchSSUoIQcc5hjmH
MYY5hjmHOUY5hTGEMYQphClFKUUpRSlGOcc6BzHGKYUphSlFKUQpRClEIQQhBClE
IUQxhToHOcYpRSkEIQQpBSlEIQQhBCEEIQQYwxkCKYQxhSDEGMQYxBjDGMMhAyED
IQIZAhkCGQIpRCFEGQUQxBjEGMQYxCDEGIMYxBjEGMQYxCDEKQUpRCEDGMIYghiC
GMMYgxiDEIMQgxiDGMQpRiFFGQQYxBCDEIIQghCCEIIQghCDGMMQghCCEIIQgRCC
OUdBR0mISYg5hzmHQYhBxzlHMQUxBTEEMUU5hkHIQchByEHIOYc5h0GHOUcpRjmG
MYYxRSkFKUUpRSlFKUUxxjnGQcdBx0HHQchCCTnHQchBxzFFMUUxRSkEMYUxhUIH
UklJyEGGQYdBx0HHOUcxRzFGOYY5hjmGSkhSSUpJQghCCEIIOcc5x0HHOccxxTmG
OYZBx1JJSklCCEIHSkhCB0IHMYc5yDGIMUc5x0oIUkhSR0oHSkhKSEIIOcc5xznH
OcZBx1IIUglaSVJJSghKCUoIQgdCB0IIQgdCB0HGQcZBxkIGOcU5xUoGWohiiGKJ
WklaCEoIQgdCBTnEOcQ5x0HHQchKB1KIWslSiFKJSklKCUoJSglKCUoJQchBxzmH
QcdCBznGQcY5hVIJWopSiVJJSghKCEoIQgdBxkHFQcVBxUoGWohiiVJISglKCEII
QghCB0HGOcZBx0HGQgZaiFqISkdKBkIHQgZCB0HHQcc5xkHGQcY5xUHGSkhKiEJH
QgdCB0IIQchByDmIOUY5xjmFOcZCB0JIQkhCBzoGOgY6BjnGMcYxhjGFMYUxhTGG
MYUxhUHGSkc6RjoHMcYxxzGGMYYxhzmGMYYxhilGKUYpRSlEKUQphDmGQcc5xzGG
KUUpRSlFKUQpRCFDIUMhQylDMYU5xjnGKYQhRCFDIQQhRClEKUQhRCEEIQQhBDGG
MYYhBCDDGMMYwxjDGQQZBBjEEMMYxBjEKUUpRRkEEMQQxBkEGQMZAiDCGMIgwxjC
GMIhAylEKQUgxRiDEIMQgxiDGMMYgxCCEMIQwhkDKUUhBRjDGMMQghCCEIIQghCC
EIIQghjCCIIQwwiCEIIQQ0EGQUdJiEFIOUhBiUGJOYk5SDFGMUYxBjEGQYhJyUnJ
SclBiDlHOUc5RzkHOUY5RjlGOUYxRTFFMUUxRTmGOYg5yEHJQglByUHJQclBiEGH
Qcc5hjFFKUYxRjFGOYZKCEoJSghSCUnJQYhByTmIMYcpRzFHMYYxhUpIUohKSEpH
OYZBx0HHQcdBx0HHOcY5xTGFOgZKiEqISkhKR0JHSkhCCDnHOccxhzmHQcZKCFKJ
WkhSSFJISkhKCDnGQcdBxznGOcZCB1KIWolSSEoISkdKR0oGSgdJxknGScdCB0IG
QgdCBkHFQcVKBlqIWohaiFKIUkdKBkoGQgY5x0HJOchByEIGSgZSiFqKUkpKSVIJ
SghKSEpJSkhKSEIHQgdCB0IHQgc5xjnGQcdSSWKKWolKR0pHSgZBxknGQYU5hUGF
QYZJx1pJYslSSFJHSkZKR0pGSgVBxTnFOcU5xUoHWolaiVJHSkZKBkHFQcdBh0GH
QYdBxznGOcU5hVJIUolKSEHHQgdBxkIHOcYxxjGFMccxxynFOgdCiEpHQkc5xjnF
QcU5hTmGOYYxhjGFMYQ6BTnEMYVCB1JISkdCBkIGOcU5hjFFMYUxhDGEMYQxhDGF
MUQpRSkFMYUxhUIIQgcxxjGFMYUpRSlEKUQpRCmFKUQpRDGGOcYxhSlEKUQpRCED
IQQpAyEDKQMpBCkFKQQxRjFGKQUgwiDBGMIYwyDDIMMhAyEDIMIhAzGFKUUhBBjD
GMMYwxkDGMIYwhjCGMIYwhDCIQMpRClEIQMYxBjEGMUYxBDDGMMYwxiDGMMYxClF
IQQYxBCDEIIQghCCEIIQghCCEIIQghCBEIEQwRDBGMExCDlHSchBxzlGOUU5RzkG
MQYgxSkFKQYxB0FISclKCUHIOYc5RjlHOUc5R0GGOUU5RTFFMUUxRTFGMUYxRzmI
QchByUoKSclJyUnJQclByUHHMYY5RjlGOUYxRTGHQglCCkHJQclByEHJOYk5iDFI
MUcxhjGFOcVSSFJIUkhKCEHHQchByEHIQcc5hzmGOYY5xkIHQkdKiEpKSkpByUoJ
QclBxzmGOYY5hjmGQghSSVJIUkhSSFpJSchBx0HHOYY5h0GHQcdiimKKUkhSR0pH
SkdKB0IHSchJyEnIQchBxznHQcY5hTnFQcZSSGLKWolSSFJIUkhSCEHHOchByEHI
QYdBxUoGUohayVKISklKSUpJSghSCEoIQcZBx0IIQghBx0HHQcg5hznGSkhayFKI
SkdKR0oHQgZBx0HFOcUxhTnFQgZSiFqISkdCRkJHQkdCRkHHQYdBhzmFOYVKB2KJ
WkpSCVIJSgdCBkHFQcVBhkGGQYZBxkHGQcdSSFJJSghKCEHIOcc6BzoGMcYxhTGF
MYU5xkJISklKSUpHQgY5xUHGOYY5hjGHMYQxhDGEMcUxxTHFQgZSSVIHSgVBhjmG
OcUxhjGGKYUpRSmFMUUxRTFFKUUpRSmFMYU6CEIHMYUphCFEKUMpRCEDIUQpQylC
KUIxhDnFMYUpRClEIQQpRCEDIQMhBCEEGQQhBSEFMUYpRiFFGQMYwhkDGQMZAhjC
IMIgwhjCIQIxhSlEGMMYwyDDGQMYwxjDGMIYwhjCEMIQgxkEKUYpRSEEGMMYghjD
GMMYgxiDGIQQhBCEGMUpBilEGMMYghCCEIIQghCDEIMQgxiDGIMYghCCEIIQgRCC
QUhJiEmIQUdBBkEHQUg5SDEHKMcoyCjHMMg5B0nISchBxzmGOYY5hTmGOYZBhjlE
OUQ5RDlEOUYxRzFHMUcxh0HIQchBx0nIScdJx0nHSgc5xjmGMYUxhjFFKUUxRTnH
UopKCUIJSglByDmHOYY5hzlGOUY5RUGGSgdSCkoKQclByUIIOgc5xznHOYY5hjmG
McY5x0JIUklKCUoJQgg6CDnIOcc5xzmGOYZBhkoHUkhSSFJHSgZSBknGScZBxzmG
OYY5hkHGWohSiVJISkhKSEpHSkhCB0oKSgpByUHIQcdCBjnGOcU5xTnFUkdaiFqI
WolSiUpISgg5xjmHOcc5x0HHQcZBxmKJYolSiVJIUkhKB0pHSgdJx0nHScdBx0II
Qcc5xznGMYY5x0IIWslaiVJISgdKBkoHSgc5xjnFOgY5xjnHUolaikoISghKCEIH
Qgc5xjnGQgdBx0HHSchaS1pKUglCCEJIQkY6BToFOcU5xTnFOcVBhUHGSkdaSFJH
SgZBxUHFQYdBxTnFOcUxxTGFOcZCB0oHSkdKB0IGOcYxhTGFOYUxhCmEMYQ5hTnF
OcY5hUIHSkhCBznHMcYxxTGFMYUxhTFEMUQxRTEFMUUxRSlEKUQxRTnFQgc5xjGF
MYUpRDFEMUUpRSkEKQQpBDFEOYZBxzmFKUQhRCFEIQQhBCDDIMIgwiECIQMpQjGD
MYMpQSDDGMMYxBjEGMQYxBjDGMMYwyEEKYUpRRjDGMMgwxjCGMIYwRjCGMIYwhiC
EIIYwylFKUUhBBjDGIIYghiDIIMYgxiDGIMYgyDEKQUhBBjDEMMQghCCEIIQghCC
EIIQghCDCEMQQxiDGIQQgzFGOYc5iDmHQYg5RzlHOUcxRijGKMYoxTDGOUdJyEHI
Occ5xzGGMYUxhjmIMUg5SDEHMQYxRjEGMUYxRzFHMYc5yEIISchBx0GHQcdJyEnI
OYcxhymHKYcxRjFFOQZBh0nHSglKCUoJQcdBx0HHOYY5RTEHOUg5SEGJSchSB0nH
Scc6BzoHOcU6BjnFOYQxhDmFQcZKB1JJSghKCEoJMck5yTmJOYg5hjlGSYZSB1JI
SgdSB0oGQcZBxkoHOYc5RkFHQUZJx1qJUolKSEoISghKCEnIScdJyEoIQcc5x0GH
OYc5hjGFMYY5xkpIUolSSVKJSklKSUIIOcg5hzmHOYY5hUHGQgZSSFrJWklSSEpI
SkhKR0oHSgZJxkoHSgdJxkHGQcY5hjnHOcZKCGKKWolSSEoHSgZSB0oIQcZBhkGG
OYZBx1JJUolKCEoISkhBxzoHOgdCBznHOcc5x0HHWklaSVHHSYdJx0nHQcc5hjmG
Occ5xznHOcc5x0pJUolSSEoHQcY5hTmGOcQxxDHEMcUxhTHFQgZKBkoHSgdCB0HH
McYxxjHGMYYphTGFMYQxxDHEMcRCBkqGQkZCBTmGMYUxhjGGMYUxRTFFMUYxhSlF
KUQpRCEEMYU5xkIHOcYphSlEKUQpBCkFKQUhRSkFKQUxRjGGOYcxhSkEIQUgxSEE
IQQhBCEDIQMhAyEDIUIxgymDIQMYwhjDGQMZAxkDGMQYwxiDGIMgwylEKUQgwhjC
GMIYwhjCGMEYwhjCGIIYwxiDIMUpBSEFIQQYwxCDEIMYwxiDEIMQgxCDEIMgxSEG
IMUQgxCCEMIQgRCBEIEQghCCEIIQggiCGIIYgxiCGIIxRzlJOUg5SEGIOUc5RzlH
MQcoxjDGKMYxBjlGQYdByDmHQcg5hznHOYY5hjlHOUcxBzEGKUUpBClFKUUxRTFG
QYdByEGJQYpBikGKQYc5xznGOccpRjEGMQYxRjmHSchKCEHJQchBx0nHQYZBhUGF
OYQ5hTlGOUZBh1HJUchKB0IHOgg6BzHHOYY5hjlGOURBhEGFSgZSR1JHSgdKCEoI
QcdBh0GHOUc5h0HHSglSSVJJSklKCUIIOYhByDmIOYc5hzmGQgVaiFqIUkhSCEoI
SglKCUoISghCCEHIOYc5yDmIOcc5hzGGOcdKSVJKUklSCVIJSglCCEHHQcdBx0HG
OYM5hEIGSkdSyFKJSklKCEoISgdKSEIIQcdJx0GHQYdBx0oHQcZBxznGQgdaylKJ
SkdKB1JHSgdJx0HIQYdBh0HGQcVSR1KIUkhSSEoHQgZCBznGOcU5x0HGOcVBxlII
UghJx0nGSgdJx0nGQYZBxznGOcYxxjGGQcdKCFJJUklSB0nGScY5hznGMYUxhzGF
OYVBxkoGUgZKR0oIQcY5xzmHMYYxhjGGMYY5hjGGMYY5hDmFQcZKR0pHQgY5xjGF
MYYxhimFKUUpRSlFKUUphSFEIUMhQzGEMgZCBzoHKYUphSlFKUUpBCEEIQUhBClF
KUU5hjmGMUUhBCEFIQQhBCEFIQQZBCEFIQUgxCEEMYYxRiEDGMIYwyEEIMQgxCDE
IMUYxBjEIQQpRSEEGMMYwxjBGMEYwRjCGMIYwxjDGMMYwyEEIQQhBSjGGIUQhBCE
GMQYxBDDEIIYghiCIMQhBSEFEMMQghCBGIIYghiCEIIQghCCEIIQghCDEEMQQxCD
MQhBSkGJQUg5SDlIMUgxSCkHKQgpCCDGKIc5CEFISYlBiUGIOYc5hzmIMYcxSDFI
MUgpRylHKUYpRilFKUUxhjnHOcc5x0HHQcdBx0HHQcg5hznGMYUxhSlEKUUxhjmG
ScdKB0HHQcdByTnIOcgxhjGEMYUphDGGQchKCUoJSchByEIIQgc5xjnGMYcxhzGH
MYg5x0IHSohKR0pISkhKR0oHOcY5xjmGOYY5hUnHUglJyUoJSghKCUHIQYdBhzmG
QUZBhUnGWkhSSUpISkhKSFIISclJyUnJSghJyEGIQYhBiDHHQcgxhjnGSkhSiVJJ
SklKCUoISghBxzmHOYdBhzmFMUVBxlJIWolSiEpHQgdKCUnHSchJx0nHQcZBxkHG
QcZBxkGGQYZBhkoHWspSiUJIQkZKRkoGQcc5hzmHOYc5xznGSkhailJJSghKCEHH
QcdBh0GIOYg5iDmIQchSSFKJQgZBxkoGScZKB0HHQcdBxznHOccxRknISghSSFJJ
SgdBx0HHOcY5xjHGMYYxhjGGMcdCCEoISklCCDnHOcc5xzGGMYYphilFMYYxRjGG
OYZBhkHHUghKB0HGOYYphjGGMYcxhilFMYYxhSlEKYUpRSFFIUQxhTnGQcg5hjGF
MYQxRClEKUMpRClEKYMpQylEMcYxxSnFIUQZBCEEIQQpBSEEIQUhBSEGGQUhBTGF
MYUhAxjCEMMYwxjFGMUYxRjDGMMYwiEDMYYpRSEEEMMQwhjCGMIYwhjDGMMYwxDC
GMMpBCEEIQQZBBDDEIMQhBiEGIQQgxCDEIMYgyEEKUUhRBkDEMIQwhDDGIMQghCC
EIIQghCCEIMQgxCDCEQQhDDIQUlBSTmJMYkxiDGIOUcxCDDHKMcohyjHMQdBSUGI
QYhBiDmHOUhBijFHMUcxRzFGKUYxRjFGMUUpRTFGMYYxxjHGQgZKRkIFQcdBxznH
OYYxRTFFKUUpRSEFKUZBh0oFQcVCBUoGQcc5xzGGOYYxhimFKYUxhkIISklKCUnI
SglJyDnHMcYxxjGFMYY5hzmHOcdCCEoJSghKCUoJQghCCDnHMYYxhzGHOcdCCFJK
SklKSUpISgg5hkHGOcY5RTlFOYVKB1qKUklKSEpIUkhKCEoIQcdBx0HIOcgxxznH
Ocg5yDmHOYY5hlJIWolSSFJIUkdKB0IHQcc5hzmHOYY5hkGGQcdKB1KJUolKRkpH
UkZJxUoFQgVCBUIFQgVCBUHGOcY5xjnEOcRKRlqJWkpKCUoJSgZCBjnFOcU5hTmG
MYY5hlJIWolSB0IHQgZCBznGOcZBxjmFOYZBh0HHUolSiEoHQgdKBknHScdBx0GH
QYg5iDmGOYVBxkoHUklKCUHIQchBxznFQcU5hDGEMYUxhTGGOghCCUJJQgg5xznH
McYxximGKYUhRTFFKUUxRTlGMYVJxlIHScZBxTnGMYYxhjGHMYYxhjGGMYYpRSlF
KUUhBCFDKUQ6BkIGOcUxhDFEKUQpRClEKUQpQylEIUMhRDGGOccpRiEFIQQhAyED
KQQhAyDEIMUhBSDFKQQxRClEIQIYwhjCEMIQxBEEEQQYxBjEGMMYwymGIUUZAxjD
GMIYwhjBGMEZARjBGMIYwhjDIQMpRCEEGMMQwxCDEMMQwxDCEMMQwhDDGMMhBClD
IQIZAhjCEIIQghCCEIIQghCCEIIQghCCEIIQghCDEIIwyDkIOUg5SDlIMUgxiDFH
MUcgxSjEKMYoxzlGSchByEGHOYc5RzmIOYgxRjFGMYYxRjFGKUYxBTEGMQYpBjEG
OUZBx0HHQcc5xjnHMcY5xznGMUQpRClEKQQpAzFEOcVKBkoGQgZCBznHMcYxhjFG
KUYpRilGMYdCCUoJSglKCUIJOcg5xznHOcY5xjmFOYU5hTmFSgZSSEpISglCCUHJ
Ock5iDGIMYgxSDmJSctSCkoJSghCB0oIOccxhjmFOYUxhTmFQcZSSVJKSglSSUoJ
QghCCEIHQcdCCEHIOcgxhzGGMYYxhjmFOYZSCFJJUklKSFIISkdKBkGEOYQ5xTmF
OYY5xjHFSkhSiVKISkdKSEIHQgZKBkIGSgZCBkHFQcU5hjGFOcYxxTGFQgdaiVJJ
ScdKB0IHOgRCBDnEOYU5hjmHQcdSSlKKQghCCEHHScdBxUHFOYYxhTGFOcZCB1KI
SkdCBkIGQchByEGIQYc5hzmHOUcxRjlGQYdKCFJJSgk5h0HIOcg5iDGGMYUxhDGF
MYU5x0IIOgdCCDnHMYYxxTGFOYUxhTGFMUUxRTFFOYYxhjGGQchCCEIIOccxhilF
MUUxRjGGMYUxhSmFKUQpRClFIQQhBClFMYY5xjnFMYQpgymEKUQhBCEEKQQhBCEE
KUUxhjnHKYQhAyECIMIhAykEKQQgxCDEIMQhBCFEKcUphCEDGMIYwhkDGMMYwxjD
IQQgxBjEGMQpRiEEGMMQwhjCEIIYwxiDGIMggxiDGIMYgyDEIQUhBRjDGMMQghjD
GMMQwxDDCMMQwhDCGQMpRRkDEMIQghCCEEIQQxBDEEMQgxCEEMIQghCBCIEQghCC
KUYxhzHHMYcxhylHMUc5SDFIKQcoxyDHKQYxR0HJQcg5xznHMccxxjnGKYQphDGE
KUYpBikGMQUxRTFFMQY5RzlIOYg5yDnHQcVCBjmFQcc5xzFGMUYxRikEKUQxhEGF
ScZKCEHJQck5iDGIMYgxSClGKUYxhznIQglCCUoJSglByDmHOYc5yDmHOYY5RjlG
OUZBhkoIUklSSkHJSgpJy0GKOUlBiDlHOUdBiEnJUglSCUoJSglCCTnIOcg5xzmI
MUgxSEGJUkhSSEpHSkhKB0nJSclJiUmJSYhBiDnGOcY5xjnGOcUxhUHGUkhSiVLK
QkhCSEIHQcZBxjnGOcY5xjmGOYY5xkpIUolSyEpIQghBx0HIQghCCEIIQcZBxkHG
QcY5xjGFOYZBxknHYopSSVIJSghKCDnHOccxhTGGMYc5hzmHUgpaSkoJSghJx0nH
QcZBxUHGQcY5xjnGSghailJJSghKCEoIQchBh0GHOUc5hzmGMUY5hkGHSghKB0oH
QcY5yDnIOcg5xjGFMYUxhTGGOcZCB0IGSkc5xjHFMYUxhSmGMYYxhjGGMYUphSlE
MYU5hUIHSkhKB0HHOYYxRTlGMYYxhilGMUYxRTFFMQUpRSEEKUUpRTmGOcc5xilF
MUUxRSkFKQUpBSkEKQQowykEMYYxhilFIQQpBCjDIMMpAyEEIQMYwxjDGQMpRCmF
KUQZAxEDEMMYwxjDGMMYwxjDGMIYwhkCKYUpRRjDEMMYwxDDGMMYwxjDGMQYxBDE
EIQhBClFKUUYwxjDGMQYwxjDGMMYgxCDEIIQgyEEKUYhBRjEEIMQgxCDEIIQghCD
EMMQgxCDGIIYghCBEIIQgjkGOYdBhzmHMUgxSDFJMYgxhilFIQUoxSDFMQdJyUHJ
QchBiDlHOUdBhzlFKUUxRjFGKQYxBikGKQYpBikHMUgxiDmJOYlBiEGHSYhBh0nI
Occ5hzGHKUYxRjEHOUZBh0nKUgpJyEGJQYlBiTlHMQgpBilGKUYxx0IHSkhKB0IH
Occ5hznHMcYxxjGGKYYxhjGGMYZCCEIJSghKCEnKQclBiUGJQYg5RzlHOYhByUoH
UgdSB1JHQgZCBznHOYY5hkGGOUU5hknISklKSUpJSkhKCEnISchJyUHIQchBx0HG
MYU5xjGFMYU5xkpISklKSUpKSglKCUoJOYY5xjGGMYY5hzmHQYhSSVqKWklSR1JI
SkhCB0IHQghCCEHHOcZBxkHGScY5hTmGOYdByFpKUglKCUoJSchByEGHQYY5RTmF
OYVBxlqKUkhKCVHJScdJx0nHSYZJhkGHQYdBh0oJWopaiUpISgdKB0HHQYdBx0GG
QYZBhzmIOYg5h0pJSkhCB0HGOYc5RzmHOccxhjGGMYcphjHGOcZCB0IHQgY5xjmG
OYcxRjFHOUcxRzFGMUY5hjmGMcY5yEIJQgk5yDGHMUYxRjmGMUYxRTFFMUYpRiFG
IUUhBSFFKUYxxjnGMcYxhSlFKQQpBTEFMQQpBCkEKQQpAzGFMcUpRSEEIQQhBSEE
IQQhBCEEGQQZAxkCIYQphilFIQMgwyDEGMQYxBjEGMMYxBCDGMMhBClFIQQZAxDD
EMMYgxiDGIMYwxjDGMIYwhjDIQQhRCEEEMIYwxjDGMMYwxiCGIIYghBDGIQhBSlG
GQUQwhDCEIEYgRiCGEIYghCCEIMQgxCDEIMQghCCEIIxRjmHQYpBS0FLOUkxCClI
KUcpRyEGKQYpBjFHQclJyUFLQUs5SzlHOYcxhilFMYUpRTGGMUYxBikGKQcpCCkI
MUg5iTnHQcc5xjmKQYpBijmKOYkxSClFKUUxRjFGOUZByEnJQchByknKOUg5SDlG
MQQpBDFFOcY6B0qIQghCCDoHOcc5hzmHOYc5hzGHMYcxhzmHQclKCEnISchKCUnI
QYc5iDmGOYYxhjGHQglKSkJJQghKCEHHQgg5xzGGMYY5RTlFQYZSCVpKSglKCEpJ
SglCCEoHSglBh0GIQYhBiDmHOYc5hjGGOchKSUpJSklKCUpJSklKCUFIQYc5RzGG
OYZBx0HGUghaSFpISgdKBkoHQgZCBkIHQgdCB0HGQYZBhkGGQYZBhjmFSgdSiFJI
SkdKB0IGSgZBxjmFOYU5hTnGOYVKB1JIUkhKSEIHOcY5hjmFOYY5hjGFOYZByFqL
UkpKCUoJQchBiEHHQYc5RzlGMYcxiDGIMYhCCUpIQgdBhjmHOYc5xzmHMYcxhzFH
MUc5iEoJSklCCEIIOcgxhzGHMYcxRzFHMUcxRzFHMUcxRzmHQchKCUHIOcgxhzGG
MYUxhTFFMUU5hSlFKUUpBilGIUYhRjFFOYVBxjnGKYUhRCFEIQQhRSFGIUUhBSEE
KUUxhjHGKUUhBCkEIQQhBRjEIQQZAxkDIQMZBCFFMYYhRSDDGMMYwxjDGMMYxBjE
EIMYwxkDIUQxhiEEGMMYwxjDEMIYwxjCGMMQwxDCEMIZAyEDKUQhAxjCGMMYgxjD
GIMYghiCEIIQgxDEGQUhBRkFEMQQwxCDEIMQghCCEIIIghCCEIIQQxCDCIMIggiD
KUYxhzGJMYkxiTGJOYgxhzGHKUYhBSkEKQQxBTlHOYk5iDFIOYgxSDFHMUcxRjFG
KQYpRilFKUYpRykGKMYwxzEHOUg5SDmHOcY5xjnIOYgxhzlHMUchBikGKQYxRzmI
OchByEHJQck5iDmHMUUxhTGEMUQxRDGEQgZKiEpHQgZCBkHIOcc5h0HIMYcxhzGG
MUcxSEHJQghCCEIISklCCDnHQcY5xjGFMYUxhkIISklKSUIHQgdKB0HHOcc5hkGG
OUY5RkGHUghSCVIISghBx0HHSghKCEHIOYdBiDmHMYcxhjGGOYU5hUHGUghKSEpH
UolKSEpIQcc5hjnGOcY5hjmGQcc5x0pHUohSiEoHSgdKB0IHQkdCB0HGScdBx0HG
QcY5hjmGOcdBx0pJUopKSUJISghCBkIFQcU5hDmEOYQxxDnFQkdKiEpHSkdKB0HG
QYZBxkGGOcY5xjGFOcZSSVJISgdJx0oHQcdByDmIOYcxhzmHMYYxhkHGSghSSEoH
QcY5xjmFMYUxxTHGMcYphTGGOcZKSEpISkhCRznGOcYxxjGFMUUxRjFFMUUxRTFD
MUNBhUHGSkhCCEIIOccxhjFFMUUxhSlEKYUpRSlFKUUpRSlFIUUpRDnGOgYxhClE
KUQpRCkEIQQpBCEFIQQpBSlEMYUphSFEGQQZRCEEIQQYwyDEIMQhBCEEIQUpBSmG
IUUZAxkDIQMYgyDDIMQYwxjDGMMYwxkEKUUhBCDDGMMYwxjDGMMYwxDDGMIYwhiB
GMIhAyFEGQMQwxCDEIMQgxCDEIIQgghCCIMYxSEGIQYgxhjDEIMIghCCEIIIQhCC
EIIQghCCEIMQQgiCCIMIgzEIMQgxRzFHMUcpBzFIOYgxiDEHMQYwxjDGKQY5RzHH
McgxyDGGOYg5hzEGOUc5RjEFMQUpBSjHKQgpCCDHMQc5iDmIQYhBiUGIOUg5iDmI
OYg5hzFGKUYpBikGKUY5R0GISclJiUmJQUdBxjmGMYUxRjFGMUY5R0HISkZKh0IF
QcY5hzmHMYg5hzGHKYcpRjGFMYhCB0JHQkhCCEHHQchByDmHOYYxRjFGOYZBx0oI
SghKB0oHSgdBxkHGQYY5hTmGMUYxhkIIUohKR0IGQgZCBkIHQgdBxzmHQchByjFH
MUcxRzmGOUVBxkoISghKCUoKQgk6BzoHMcY5hTmHMYYxhzGHOchKSVKJUkhCB0IH
QghKCEIIQchJx0nGQcY5hUHFOcUxhTnGOcZCCFKKQghCCEIIQghCCDnHMcUxhTGF
MYU5xkpJUklKR0pISghBxzmHOYY5hTnGOcUxxDoEUohKh0JGQkZKR0HGOYc5hznH
Occ5xjGGMYZCB0pJSklCB0HGOYYxhjmFOYYxhjmHMUUxhTnFQgZCBkJGOgU5xTHF
McUphSlEKYQpRDGFMYUxhTGFOYZCB0pIQgg5xzGGMUYxRSlEMUUpRCGEIUQhRClF
KUQpRCkEMUU5hjmGOYYxRSkEKQQhBCEEKQQpBCEDIQMpRDGFMYcpRiEFIQMhAyEE
IMQgwyDEIMQhBCDEKQUxRylFIMQZBBjEEMMYwxjEGIIYwhjCGMIpRCmFIQQZBRjE
EMQQxBDEGMQQwhiCGMIYwhjCIQQpBCEEGMMYwxjDGMMYwhDCCMEIwQjBEQMhRSFF
GQQQxBCDEIMQgxBCEIMQhBCEEIQQRBCDEIMQgxCCEIIxBzFHMYU5hTmFMUYxBjFH
MQcxBzEHKMgghiDGMYg5iTmIOUc5RzlIOUYxBSlFKUUpRjFGMUcpBijGKMUpBjDF
OUdBR0GIOUdBh0FHQUZBh0GHQUY5RSkEKUQxRTlFOUZBh0mJQYhBiEGIQYg5iDFH
MQcxBjEGMQZBh0IHQgc5xjnFOcY5xjmFMYYxhilFMUUpRDFFQcdCCEIIOcg5xznG
OYY5hTmEMUUxRDmEQcZKCEIHQcdKB0nHQYc5RjmGOYYxRSlFQYZJx1IISchJyEnI
SchByEHHQYc5hjnGOYY5hTmFMYU5hznFOcZKCEoHQgdKCEHISchBiDmHMUY5hjFF
OYVBhTmEUgdaSFIHQgdCB0HIQcg5yEHHQcdBxkHGOYY5hjmHOUY5RjlGSchSSkpJ
OghCBznHOcc5xzGGMYUxhTGEOcVKR1JISgdKB0HGOcY5xTmFMcU5xTnEOcRKBVJH
WkhKB0nGQcY5xjmGQYdBxzmGOYY5hTmGQcdKSEpIOgc5xznHOYY5hTmFOYQxRDFF
KUUxh0IIQgg6BjoGOcYxxjGGIUUhRSlFKUUxhTGGMYcxhjGHQgdCCEIGMcUxhDGE
MYQxRCkEKUQpRClEKUQpRSkEIQQhBClEOYY5xjGFKUQhRClEIQQhAyEEIUQpRCEC
MQM5hDGFKUQhBCEEKQQoxCkEIMIgxCEEIMQgxCkFMUUpBCDDIMQYhCDEGMQYwxjC
GMIYwhkCIUMpgyECIQIYxBjEGMQQwhjCGMMYwhjCGQMZAyFDIQMZAxDDCIMQgxDD
EIMQgxCDEIMQwxDDIUUhRRkDEMIQghCCEIIQghCCEIIQghCDEEMIgxBDEIMYgxiC
KQYpBTFFMYU5hTFGMUcxSDFHKQcpByjHIMUxBjmIQYg5RzlGOQY5RzlHOUY5RjkG
MQUpBTEFMQUxBSjFMQUxBDFFQYZBhkFGOUYxhjGHMYYxhjGFMYQxRClEMUU5hTmF
ScdJx0mHSYZBRjlFMUUxRilGKQUpBTEFOYZBx0oGOcUxhTnGMYYxhjmGOYY5RjlF
MQUxRkHHSgdJx0HHQcY5hjmGOYY5hjEGMQYxR0nGSkZCBkoGSgZBxTmFOYUxhTFF
MUUxRUGFScZSB1IGSgZBxkHIQcc5x0GHQYdBhzmHOYUxhTmGMUQxRDnGQghKSEIH
QcZBx0HHQYc5hzmHMYY5hTmFOYU5hEoFUkdShkoHQgdBxznGOcZBxkHGQYZBxjmG
OYY5hjmGOYY5hknHUglJyEnHQcZBxkHFOYU5hTnGOYY5gzGFSgdKB0IHQgZCBjnF
MYUxhDGEOYQ5hDmEQcZKSEpISgdBx0HHQcY5xjmGOcYxhjGFMYQxgznFSgdSB0HG
QcZBxTnEOYQ5xDGEMYQ5hDGEOcVCB0IHQgc6BjHFMcUxhSlFKUUpRSlFKUUxRTFF
MUUxRjoHQgc5xjmFMUUxRDFEMUUpRSlEKUQhRClFKUQpRClDKUMphDHFMgYxhikF
KQUhBSDEIMQgxCEEKQMhAzFEOYUxRikFIQUhBSEEIMMpAyEDIQMhAyDEIMQxRjGG
IQQYwxiCGIIYghjDGMMYwxjDGMMhBClFMYUpBCDDGIIYgiDDIMMYghCBGIIYwxjD
GMMhAyEEIQQYwhDCEMIYwhCCGMIYwxjCGMIhAylEIUQZAxjDEIIQghCCEIEQgRCB
EIEYwhDCEIIYghCBGIMYgijFKMQxRTFFKQYpBzFIMQgoxyjHKIYohiiEMMVBR0FH
OUc5BzEFMQY5RjFFMQQ5RjEFKMQoxSDFKQUpBSjEKQUxBTlHMYkpRylGMUYxRjFG
MUYpBSkFKQQgxCkFMUYxRjmIQck5iDGHMUYxRjFFMUUxBSkFKQUpBTmHQcg5xzmG
OYYxhSmFMYU5hTmFMUUpBDEGMUY5iEHJOcg5hkHHQYZBRjlGOUYxBikFMUU5hkoI
SgdBxkHIOYgxhzGHKYYphSnFMUQ5REHFScZJx0GGOYZBh0HIQcg5iDlHOUc5hzlH
MUYxBzEHOMY5RknIUglKCEoHQcdBxzmGOYYxRTFFOUYxRjFGOUZBxlJISkg6CDoH
Occ5xznFOcU5xTnGOYY5hjlGOUY5RTGGMYY5xkoHQgZCBjoFOcU5xjGFMYUphTFF
MUUxRkHHQgY6BjnGOYc5hzmHMYUxhDGEMYQxhznHSglByTmIOYY5hjmFOYU5hTGE
MYUxhTGGMYY5xknHSghJxkGFOYU5hDGEMYUxhTFEMUQpRDFFOgdCB0IIOccxhSlF
KUQpRSlFKUUpRSlFKUQpRDFEMYVCB0oIOccxhTFFMUUpRSlFIUUhBCEEIQQhRSFE
IUQhQyEDKUUxhjGHKUYhBSEEIMQgwyDDIQMhAyEDIQMpRDGGKUYhBRjEGMQYwxjC
GMIYwhjEGMMYwxjDKUUphiEEGMMQwxDDEMMQwxkDGMMYwxjDGMMhBClFIQQYwxiD
EMMQwxDDGMIYwxjDGMMYwxjDIQQhRBkDEMIIwhDCEMIQwgjDCMMIwwiDEIQhBSDF
GMQYwxjCEIIQghCBEIIQgRCCEMIQgRCCEIMIQhCCEIIoxCjEKQUoxCjFKMUghSjG
KIUohShFMIUwhijFMQYxBjEFKQUpBSkFIQUxBikGIMUgxCEEIMQgxCDEIMUgxSjG
KMcpBykHMUcpRSlFMUUxRTFEMUQpAyjEKMQoxCjFKQUxRjGHMUcxhzGHKUYhBiEG
IQYhBiEGKUUxRjmHOYcxiDFHMYYxRilFMUUxRTmFMQUxRTFGOYdBhznHMYc5yEHI
MYcpRTFFMUUpRSlEMYZBxznGOcY5hjnHMYYxhymHKYYphilGMUZCCEHIQcg5xzGG
Mcc5xznHMcYxhimGMcYxhjGGMUYxRjFGMUZJh0nHScdJx0GHOcY5xTGEMYQxRDFE
MUUxhTmGQgdKSEoHQcc5hzmHOYU5hTmFOYY5hTmFOYUxhDGFKYQphDHGQgdKCEHH
QcY5xjnFOcUxhSlEKUQxRTlEOUVBx0nHOcY5xjmHOUc5RzlHMQUxRTFFMYU5x0pI
Qkg5xznGOYY5hTFFMUUxRTFFMUUxRjFGOYdByEIIOgY5xjnGMYYxhjFGMUUxRDFE
MUQxhTnGOgZCB0HGOYQxhDFEMUQxRDEEKUQpRClEKUQpRDGFQcZCBznHMYYpBSEF
MUYxRjFFKQQpBCkEIQQhRCFFGQQhBSlGOYc5hylGIQQhBCEEIQQZBBkEIQQhBCED
KQMxhSlFIQQgwxjDGMMYwxjEGMQZBBjEGMMZAylFKUYZBBkEEMMQghjCGMMZAxkD
GMMYwhjCKUQpRRjDEMMYxBjEEMMQgxjDGIMQghCDGIQYxBkEIQUZAxDCCIIQgxBC
EIMYgxCDEIMQQhjCKUUhBBjDGIMQgxCDEIMQgxCCEIMQhBBEEEQQgxCDEIIIghCC
GIQYhCDFGIQghCCEIIQohCCEIIQghCCEIIQghCjEKMQhAiECIQIhAyDEKQUwhSiE
KEMwhCiDKIMgxCDEIMQgxBjEGMQoxCDEIQQgxBiDIMQoxCjEIMQghSDDIMMgwyEC
KQMhAikDKQMpBCjGKMUgxSDEIMQgwyDDKQQpBDEEMQQwxDDEMMQwxTDFKQQxBSkD
KQMpBCkEOUUxBCkEKQUxRilFKUQpQylDIQMpBDlFOUUxBDlEMUQxRDFEMUQhRCFF
IUQpRDFFQcZBRUnHOYYxhjGGMcUxxTGFKUUpRDFGMUYpBSkFMUYxRjFFOYZJxkHF
ScVBxEGEOYUxRDFFMUUxRTFEMUQxREHGSkVCBEHEOcRBxTnEOcRCBUGFOUQ5RDlE
OUQxRDFEMUUxBEHHSglByDnHMcYxhTmFOYUxRTFEKQQxRTmGSgdKB0HHOYY5hjmF
OUQ5QzlDOQM5RDlFOYdKSUIJOcc5h0FHQUcxBjFFMUUxRSkFMUY5RjmGQcdBx0GG
OUYxRjFGKUUpRSlFKUMpQzFDOYRBxUHGQcU5hTGEMYMxRClFMYYpRSlFKQUpBCkE
KQQphTHGOcYxhTFFKQQpBClEKUMpQylDKUMpAyEEIQQZAyDEIQQpRTGFOYUhAiED
IUQhAyEDIQMhAyEDIQMYwyEEKUYpRSEEIMQYxCDEIMQgxCDEGMIYwhjCGMIpBCkE
KQMhAyDCGIEYwhjCGMEYwhjDGMMYwylCKUIZABDBGQIYwhjCGMIYwhjCGIIYwhjC
GMMhBCEEIQQYwxiCGMMYgxiDGIMQgxCDEIMYwilDKUMYwRjCEIIQghCCEIIQghCD
EIIQgxCCCIIIggiCCIIQgxiEGMUYhCCEIIQYhCCEGIQYhBiEIIUYRShFKIUoxSjF
GMUYxhjGIMYgxhiEIMUYhBjEIIMggxiDGIUgxSDGIQQYwyDDGIUYhSDFGMMgxCDE
IIMogyiDIMIgwiDCKMMowyCCIMMgwyEEIQQgxCDFKMUoxSjFKMQgwxjCIMIowykD
KMUoxSDFIMQgxCDEKQQpBCDDKMQoxCjFKMUoxSjFKQUpBCkDKQQpBCDDIMMoxCkE
KMQpAykDIQIpAilDKQMpAyDDIMMgxDFFOQU5RTEFMQUxBjEFMQYxBikEKQQpBCkE
KMMowzDEMUMpAjlDQYMxQzlDOUMxAjEEMMUxBTEFMQUxBTlFKQRBhUmGOYU5RTFF
OYU5RTEEOUQ5RDEDMUMxBDFEKUQpRClFKUUxRjmHOYcxRjFGKUQpRDFEMUUpBTEE
MQQxRDmFOYU5RTlFOUUxBDEEKQQpRCkEKUQxRDmFSkdJhzkFMQU5RTFFKUUxRTFF
KUUhBSEFKQUxRjmHOYcxhzFGKUUpRiFFIYQpRCmEIUMpAzFEOYU5hTlFMUUpRSlF
KUUpRSEEIQUgxSEFKQUpRSlFKUQ5xTnGKYQpQzGEMUQpQylDIQQhBCEEIQQYxBjE
GQQYxBjEIQQxRikEIQMpBCkEIQIZAxjDGMMYwxjEIMQgxDEFKQMgwxjEEMQYxBDD
EMMRAxEDEMIQwhjDIQMhAyEDGMEQgBjBGMEQwRDDEIIQwxDCEMEZQhkCEMEIggiC
EIIQwhCCEIIQghDDEIEQghiCGMMYwxjDEIMQgxCDEIMIggiCEIIQghCCEMMgxCEF
GMMQghCCCEIQgRCCEIIQghBCEIIIQghDEIIQghCCEIIgxBiEIIUoxShGKEYoRShF
KEQgRCBEKEQoRChFMIQoxCCDIIMYgyCDIIQggyCGIIYYRiCDIIMgwyCDIIMYgyDF
GIQYhCCFIMYYxiDFIQYYxCjDKMMowyDCIMMgwyDDIMMYwxiCGIQYxCDEIMQggyCE
IIQghSCEIMQgwxiDGMMgwxjDIQMgxCDDIMIowikCKMIgwyDDKMMgxCDDIMMgxCDD
IMMhAyEDIQMhAxjDIQMhBCDDIMMgwyECIQIhAylDIQIowyEDIMMpBCjEKQUowyjD
KMMowyjEKMUoxCjFKMMpBCDDIMQpBCjEKMQpAykDKQMpAyjDIIMoxCkEKMMgwyDC
KMMowyjDKMMowyjDKQMpAykCKQIpAikCKMMowyjDKMMowykCIQIhQiDDKMQxBSjE
KMQowyjCMQIxAjDBMQIwwyjDKQQxBCkDKQQxBTEFMQQoxCkEIQQhAyDDKQMpBCkE
MQQpBCDDKQMpAyDDIMMhAyDDIMMgwyjEKQMpBCkEKQMowyjDKMQowyDDIMIgwiDD
IMMhAykEKQMpAyEDIQIgwyDDGMMYwxjCGMIYwhiDIMQgwykCKUMpAiDDIMMgwyDC
IMIYwRkBGQEYwhjDEIIYgxiEGIMYgyCDIMMYghiBGIIYghCCGIIYwhCCEIIQghiC
GIEggSCCIMIYghCDEIMQgxDCCIEQgRBBEEEQQRBCGIIQgRCBEIAQQRCCEIIQgRBB
GIEQgRCBGIEYgRCBEIEIQQhCCEEIQQhBEEEQQhBCEEIQQhBCEEIQQxBDEEIQQhBC
CEIIQghCCEEQQhBCGEIYQhBBEEEIQQhBCEEQQRBBEAEQQhBBEEIQQRCBEEEQQQhC
GMUYhRiFGIUQRhhHGIYYhxiHGIcYhhiFGIUgxSDDIMMpBCCEIIQgQyiEKIMggyCD
IEMggyCDIIMghCCFIIUYhRiEGIQgxCDEIMQgxCDFIMUgxSDEIMMgwyDEKMQgxBiD
IMQYgyDDIMQYgxiEGIMghCCEIIQghCDEIMQgwyDDIIMggyCDIMQoxCjEKMMoxCjE
KMQoxCCDIMMgwyCCKMMowyDDKMQhBCEFGMQgxCDEIMQgxBjEIMUgxCCEIMQgxCDD
IIMgwyDDKMMowyjDKMMpBCjDIIMggyjEIMMhBCDEIMQgxCEEIMQhBCDEIMMpBClE
IMMgxCDEKMQoxCiDKMMowikBKQEhASjCKMMgwyDDIMMpAikCKMEowSCBKMIowiEC
IMIpAijCKMMoxCjEKMQoxCDDKMMowijCKMMowijCKMMgwijDKMMowyjCKMIowiDC
IMIpBCEEIQMgxCjDKMIowikDKMIowikCKMIowiECIQIhAiEDIQIpAyDDIMMgwyDD
IMMgxCDDGIMggiCBIMIgwiDCGMIgwiDCIMMgwxjDGMMZAhjCGMIYwiDCIIIggiCD
GIIYgxjDGMMYwxjDGMIYghiBGIEggRjCGMIQwRDBGMIYwRiBEIEQgRCBEEEQghCC
EIEQghjCGMIQghBCEEIQQhhCIEMYQiCCGEIQQhCCEIIQghCBEIIQghCCEIIQghCB
EEEQQRBBEEEQQhBBEEIQQhBBEEEQQRBCEIIQQQhBEEEQgRBBEEEIQQhBCAEIQQhB
EEEIQBBBEEEQgQhBCEIIQghBCEEIQQhBCEEQQRBBEEIQARABCAEIAQhBCEIIQggC
CAIIAghCCEEIQQhBCEEIQRiHGIUYhRiFGEQgRSBGIEYghhiFGMUYhRiDIMQgxCiE
KIUohSiFIIUoxSDDGMIYwhiCGIQYhRiFIIUgRCiEIIQggyCEIIQgwxjDKMQgwyDD
GIMggyjEIMUgxSDFIMUghSjEIIQYgyCDIMMYgyDEIMQghiCGIIYoxiDEIMMpAyjD
IMMgwyDDIMQoxCCEIIMggyDDIMMYgyCDIMMgwyDDIMQgxCCEKMUoxSjEIQQhBCEE
IMMgxCDEKMQoxSDEIQQhBCEEKMQoxCjEKMQoxCDEKMQxBSjEKIUoxSjFKMQYgyDE
IMQgwyDDIMMgwiDCIQMhAylEKMQgxSDFIIUoxCjEIMIgwiEDIQMYxSDFIMUpBSkE
KQQxAzECKMIowiDDIQQhAyDDIMMgwyDDIMMggiDCKQIpAijCKMMogyiDKIMgxCDD
IMMhAyEDKMMowykDIMQhBBjDIMMgwyDCIMIgwiDCKMIowyCCIMMgwyDDIMMgwhjC
IQMgwyDFKMUghCCEIMMgwyDDIQMhAyEDIMMgwxiCIIIowyjDKMMggiCCIMMgwyDD
IMMYwhjDGMMYxBiDGIMYgxiDGMMYwxjDGIIYgyCDGIIYgiCCGIIYghiDEIIYghjC
GMIYghiCGIMQghCCEIIQggiCEIIQwhCBEIIQghCDEIMQgxCEEEMQQhCCEIIQghCD
EEIQQhBCEIIQgRCBEIIQghCCGIMYQhBBEEEQQhBCEEIIQwhCEIIQghBCEEIIQQhC
CEIIQQhBCEEQQRBBEEEIQQhBCEAIQQhCCEIQQhBCCEMIQwhDCEMIQwhDCEMIQRBB
EEEQQRBBCEEIQQhBCEEQQghCCEIIAwgDEAMIAwgCCAIYhBhEIIQghBhEIIUghRiE
IIQgxCDDIIMggyiEKIQoxSjFKMYYxRiFIMQgwykDIMIgwiDCIMIgwyCDIIMgxSjF
IMUghiCGIIYYhCDFIMQgxCDEIMQoxSjFKMUgxCDEIMQhBCDDGMMgxCDEIMQYwxjE
IMQghCjFIIQghSDFIMQgxCDEIMQgwyDDIMMgwyDDIMMgwyDDIMMgwyCDIIMgwyDD
KMMgwiDEKMQoxSkFKQQpBCDDIIMgwyjEKMQwxDDEKMMowzEFKMUoxCjFKMUoxCiE
KMUohDDDMQQowyjDKQQoxCjEKMQoxSjFIMYoxiDEIMQhBCDEIMQoxCDEIMQowyDD
IMMgxCDEIMQgxSDFKQUoxSjEKMQowyjDKMIgwikDKQMhAiEDIMMgwyDDGMIYwiDD
IMMgxCjEKMQoxCkEKMQgwyDEIMQpBCDEKMQowyDDIMMYwxjDIQQhAxkDGQMgwiED
IQMhAyEDIMIYwiDCIQMhAyDDIMQgxCDEIMQgxCDEIMMgwyDCIMIgwiDCIIMggyDD
IMIgwiDCIMIgwiCDIIMggxjBGMEYwhjCGMIYwhjCGMIYwiDCIMEgwRiBIIIggiBC
IIMggyCDGIMYgxCCEMIQwxCCEIIYghhCIIIgghiBEIEQgRjCGIIYgRiCGIIQghCC
EIIQghBCEIIQghiCGIIQghCBEIEQQRBCEEIQgghBCEEQghCDEIIIQhBDEEIIQghC
EEIIQRBBEIIQQRBBCAMIQwhDCEIQQRBBEEEQQghCCAIIQghCCEEIQQhCCEIIQghC
EEIQQhBDEEIIQghCCEEIQQhBCEEIQQhBCEEIQQhBCEEIQQhCCEIIQggCAEIIQQhB
EIQYhBjEGMUYhiCGIIYghSjEKMQpBCjEKMQghCDFGIUgxRjFGMQYwxjEIMQoxSCD
IIMowyDDGMMgxCDDIMUgxSDFIMYYhhiGIIcghiiGIIUgxSDDIMMgwxjDGMMYwyDE
GMQQhBiEGMQgxCEEIMMggyCDIIMgxCDFIMUgxCDEIMMggyjEIMMgwyDDKMMowyjD
IIIgwyDDIMQgxCCEIMMgwyDDIMMogyCDKMQgxCDEIMQhAyDCIMIgwiDDKMMowyjD
KMQoxSkFIMQgxCDEKQQpAykDIMMgwykEKMQowyEDIQMhAykEKQQgxCkFKQUpBCjE
KMQohCEEKQQpAykDKQMoxCjEKMQggyjCKQIpAilDIQMhAykEKQMpAykEKMQoxDDF
KMQgxCDEIMQghCDEGMMgwyiDKIQwhTCFKIIowijCIMIhAiECIQMgwiDCIMIgwiDC
GMMhBCEEGMMgwyDDIMQgwyDDIMIhAiDCKMIgwiDDIMMZAhkCGQIQwhkDGQMYwxjD
IMMgwyDDIMMgwxjCIMMgwyDDIMMgwyDCIMMYgxiDGIIYghiDIMMYwhiDGIMYgiCD
IIIggiCCGMIYwRiBGIIYwhiCGIIYghiCGIIYghiDGIIQQRBDEIIQghCCGIEYgRiB
GIEYgRCBEIEQghCDEIIQgxCCGIIQQRBCGEIQQhBDEEIQQhBCEEIQQghCEIIIQQhB
EEEQghCCEIIQghBCEEIQQghBCEEIQQhCEEEQQghCCEEIQghBCEEQARBCEEIQQxAC
EAIQQhBBCEEIQQhBEEIQQRBBCEEIAQgBEEIIQghBCEEIQQhBCIEIQQhBCEEIQQhB
CEEIQQhBCEEIQQhBCEEIQSCFIIUYhBiEGEQghCCEIIQohSiEKIQghBjEGQUYxRjE
IMUgxRiEIIQYgxiDIIQYhBiDIIQghCCFIIQghSCGIIUghSCFIEUghSCFIIUghBiE
IMUoxSDEGMMYgxiDIMMhBBjEIIQghCCEGIIggyDCIMIowyCCKMMgwyDDIMMgwiCC
IIMgwiDDKMQgxCDFIIUghSCEGMMYwyDDIMMgwyDEIMQYwyCDIMIgwiDCIMIgwSkC
MQIpAikCKMIgwijCKMQoxCiEIMQgxCDEIMMpAyDBIMIowijDKMMoxCkEKMMowyjD
IMIgwyDDIMIpAykCKQIowijEKMQoxSjDKQQpBCjEKMQoxCjEKMMowyjDKQMpAykD
IMMgwykDKQIpAikCKQIowyjEKMMowyjDIMMgwSjDIMMowyjDKMMowyjDKMMowyjD
IIMgxCkEIMMpAyEDIQMgwyDDIMQgxBiDIMMgwyDDIIUgxSDFGIQgwyDDGMMYwhjC
IQIgwSDBGMIYwhjCIQMZAxjCGMIYwxkDGMMYwxiCGMEYgRjBIQIowijCKMEggiDC
IMMYgyCDIIIggyCDIIIgwyDDIIEYgiDCGIMQQhiDIIMYghiCGIIYgRiBGIEYghCC
EIIYgxiDGIMYgxCCEIEQgRCCEMIQgRhBGEIYghiCGIIQghiCEEIQQhBBEEEYghBB
EIEQQRCBEEEQQRBCEEIQQhBCEIMQghCCEEIQQRABEEEQQRBBEEEQgghCCEIAQQhB
CIIIQQhBEEEQQRBBEEEQQhBBEEIQQhBBEEEQQRBCEAIIAggCCAIAQghCCEIIQQhB
CEEIQghCCEEIQQhCCEIIQQhBCEEIAQhBCEEIQQhBCEEYgyCDIIMggyCEIIQghCCE
IIQghCCEIIQghCCEIIQgxCDEIMMoxCCDIIUohhhFIEUohCCEKIQohCCEKMUgxSDF
IMUghBiEIMUgxSjFGIQYhBiEIIQoxCiEIIMohCiEKMQggyjDKMMowyCDGIIgwyDD
IMIgwyEEIMMYwxjEGIQYhCDFIMQgxCCEIMUghCiEIIQYgyCDGMIgwiEDIMQoxCEE
IMQYghjCIMIgwyCCKIMoxCjEKMQowyjDKMMwwyjDKMQoxCjEKMQoxDDEMMQohDDE
MQMxAijCMQIpAikCIMIgwSDCKQMpAykCIQMpAykDKQMpAykDKQQgxCDEKMQgwyDD
KQIpAikCKQIpAiECIQQhBCEEIQQhBCEEKMQoxCjDIMIgwiECIQEpQSEBIQAhASDB
KMIowyjDKMIowyDDIMMowyjDKMMowyDCIQIhAiEDIQMhAyEEGMMYwxkCIQIpAijD
KMMowyEDIMMYwyDDGMIgwiDDIMQgxCDEIMIpAyjCKMIggiDDIMMgxCDDGMMgwiDC
IMIhASECIMIgwiDCIIIgwiDCIMIgwiDCIIIgghiCGIIYwhjCGMIYwhjCEMIQghiC
IIIYgiCCGIIYwiDCGMIYghCCGIIQghjCGIEYgBjBGMEYwRiCGIIYghiCGIIYghiD
GIMYgxiCEIEIQBjCGMIQgRCBEIIYghCCEIIQghBBEEEQQhBDEAMYQxBCEEIQQRBB
EEEQQRBBEIIQgghBEEIQgQhBCEEQQRBBCEEIQQhBCEIIQhBCEEEQQRBCEEIQAhBC
EEIQQhBCEEEQQRBBEEEQQRBBEEIQQggBCEEIQQhBCEEIQQhBCEEIQQhBAAEIQQhB
GIQYhCDEIIQgxCCDIMQggyCDIMQghCCDIIQoxCjEKIMggiDDGMMYxCDFIMUYhBiE
KIQohCCEIIQgxCDEIMQYxBCEEIQYhBiFGIUghRhEIIUghRiEIMQgxBjEGIMoxCjE
IIMghSCFGIQgwhkCIQIZAhkBGMMoxCCDIMMgwxjCGMIYwxjDGMMYwxjEIMQgxCjE
KMQoxCCDIIMgwyDDIMQYwyDDIQMgwiDCGIIYgRjCIQMgwyjDKMMowyDDIIMgxSDF
IMUoxCjEKMQowyDEKMQxBCjEKMQoxCjEIMMgwyDCKQMpQykCKQIpAiEBIQEpQylD
KQIpAikCKQIhAyEEIQQpBCkEKQQowyjCIMMgwyEDIQIpAykCKQIxQykDKQQoxCDE
IMQgwyEDIMIgwyDDKMQoxCkDKMMowyjDKMIowikDKMMoxCjEKMQggyDDKMMowyjC
KMIowijCIIMpBCDDIMMgwykDKMMhAyDCIMIhAyDCIMMgwyjEKIMowyiDKMMowyDD
IMQhBCkEIMMgwyDDIIMgwyDDIQIhAiECIQEYxCDEIMQgwyCCIMIogiDDIMIYwhiB
GMIYghiCGIIYwxDDEIIYwxjDEIIYgRiBGIIYghiCGIIYghBCEIIQghCCGIIggRiA
GIAYgBCCGMMQghCCEIIYghjCGIIYghiCEEIQghCDEIIQQhBCEEIQghCCEIIQghCC
EIMQQxBDEEMIQhBBCEEIQRBBEEEQQhBCEEEQQhBDEEMQQhBBEIIYghBCEEIQQQhB
CEEQQhBCEEIQQhBCEEIQQhBCEEIQQhBCEEIQQRBBEEEQQQhBCEEIQQhBCEEQARAB
EAEIQQhBCEEIQQhBCEEIQSiGIEUgRiCGKMcghCiEKIMohCiEKIMohCCEIIQgxCDE
IIMYgxiDGIQgxCDEIMQgxCDDGMMYwyCDIIMghCCEIIQYhBiEGIQYxSDEIIQgQyCE
IMUYxBiDGMMgwyDDGMIgwyEEIMQYhBjEGMQhAxjCGMIgwiDCIMMggyCEIIQghCDD
GIIpBCDCIIIggyCDKIMowyjDKIIgQiCCKMQghCjEIIMYgyDDIMQYwxCCIQMYwhjC
IMMgwyDDIMQgxCCFIMUpBijFKMQoxCjEKMQoxCiEMMQwxCjEKMQohCjDIMQgxCEE
IQQYwyEBIQIhAikCKQQpBCjEKQMgwiDBIMIgwxjDGMMgxCEEKMMowijDKMMpBCkE
KQQgwyjDKMIpAyEDKUMhAyDEIMQghCDFKMYoxSjFMQQxAyjCKMIowyDDIMMgwyDD
KMUgxCEEKMQgwyDDIMIgwijCKMEgwSjBKMEowiiEKIMowyDCIMIgwiDCIMIgwyCD
KIMogyiCKMIowijCKQMowyDDKQMowyjDKMMoxDDEKIQogyDCIMEgwSDCIMMowyjD
IIMgwyDDIIIggiDCIMIgwyDDGMMgwxiDGMMYwxjCGMIYwhCCGMIYgiCCIIIgghiC
GIIQghiCGIIYgRiCGIEYgRiBGIEYQiDCGIIQgRCBEIEYgRCBEEIQghCCEIIQghBB
EEIQQhBCEEIQQhCCCIEQgRCBEIEQgRCCEIIQQRBBEEEQQRBBEEEQghCCEIIIghCC
EIIIQRCBCEEIQRBCCEEIQQhCEEEQQRABEEEQQRBBEEEQQhBCEEIQQRBCEEEQQRBB
EEEIQQhBEIEQQhBBCEEIQQhBCEIQQhBCCEIIAQhBCAEgRCBEIEQgRCiFKIMggyCD
KIUohSCEIIUYhBiEGIQghRiFIEQgRCBEIIQghSCDIMMghCCCIIQghSCFIIUghRiF
GEUYhRiFGMMYwxjDGIMgxCjEIMQgxCDEIIMYwhjBGMEZARjCGMIYwhjCGQIYwSDD
GMMgxBjEGIMYghjDGMIQghCCIQQQwhDCGMMggyCDIIMogyiDIIIYgiCEIIQghCCE
IMQgxCDEIMQYgxjDGMMYwRjCIMMgwyDEIMMgwyjEKIMggyjEKMQoxCjDKMMgwijC
KMIowijEKMMohCiEKIQYgxjEGIMggyDDGMIgwyDEIMMpAikDIMIgwiDBIMIgwxjD
IMQggyCDKMMgwikDKMMoxCjEIIMgxCDDIQQgxCjEKQQgwyDDIIMghSiEKMUowykD
KMMowyjDIMMggyDDIMMgwyDDIMMgwyCDIMQoxCiEKIQowyjDKMMowyCDIMMowyjD
IMIgwyDDGMMgwyDDIMMggyCDIMMgwyDDIMMYwiECIQMYwiDCIMEgwSDBIMQgxCDE
IMMgwiDCIMIgwiDCIMMYgxiCGIMgwxiCGMIgwiDCIIIggiDCIMIgwiDCGMIYwhjC
GMIYwhjCGMIYghiCGIIggxiCEEIQQxiBGIIYghiDGIIQgxiDEIIYgxCCEIIQgRCB
GIEQgRCBEMEQgRBBEEEQQRBBEEEQQRBBEEEYgRCBGIIQghCDCIMIQxBCEEIQQhBC
EEEQQRBBEIIQgRBBEEIQQhBCEEEQQhBBCAEIQQhBCEEIQRCBEEEQQRBBCEIIQgiC
CEIIQghBCEEIQQhBCEEIQQhBCEEQQggCEAIQAhACEAIIAhACEAIIAhACEAIQQggB
IIQggyDEIIMggyiEKEQohCiFKIQghCCEIIQohCjEIMQYxBjEGMQYhCDEIMUghCCE
IIQYRBhEIEMghCCEIIQgxSCFIIUghRjEGMQYxBjEIMQYhCDEIIQghCCEIMQgwyCD
IMMgwyDDGIIggyjEIMMYwyDDKMMgwiCBIMMgwyCCGMIYghjDEIIYwxjEGMQYgyCD
KIMggyCDGIMYgxiDIIMggyCDKMMgxCDEIMQghCCDIIMggxiCIMMpBCjEIIQoxCDF
IMUghCCEIIQohCjEKMMowijCKMIoxCiEKIQggyCDIIMgwyDDIMMgwhjCIQIhAiEC
IQIhAiEDIQIhAiEDIQMowyjDKMMowyjBKMIowijCKMMowyiDIMMYgyDEIMQgxCDE
KMQgxCjEKMQghCCEGIQgwyEDIQMowiiCKIIwwyjDGMIgwyjDKMMogyiDMMQwgyjD
KIMgwyDDIMMgwyDDKMMgwiDCIMIYwSDCKQMpAyDDIMMgwyDDIIMggxjDIIMgxCDE
IMQgxCDEIMQgwyEEIMQgwyDDKQUgxBjDGMQYxBDDEMIQwhjCGMIYwhjCIMMgwyDD
GMMYwhjDGMIYwiCCIIMgghiCGIIYghiCIIIYgRiBIIIYwhCBEEEYghjCEIIYwhDC
EMIYgxCCGIMQgxCDEIIQghjBGMEYwRjBGIIYghCBEEEQgRCCEEIQQxBDGEMYQhBB
EEEQgQiBCIEIghCCEIIQQhBCEEEQghCBEIEQgRiCEIEQQhBCEEIQQggBEEIQQhBC
CEIIQgiBCEEIQQhDCEMIQwhCCEIIQghCCEEIQQhCCEIIQghCCEIIQghCCEIIQghC
CAIIQghCCEEIQQhBCEIIQhiFGIUYxRjEIMQghSCEKIQohCCDIIMogyiEIIQgxCDF
GMQYxRjEGMMgwxjEIMMgwyCDGIIggyCDIMMgwyDDIMMggiCCIIMoxCCEIIMgxCCD
IEMggyCCIIIggijDKIMggyCDKIMoxCDDIMMYxCDDIMMgwyDDIMIgwSCDIIMgwyDD
IIMgxCDDIIMggyDDGMIZAiECGMIYwiDDIIMggiCCIMMgwiDDIMQgxCiEIIMggyDD
GMMYwyEEKMQYwiDCKMMowiDCIIEggyDDIMMoxCDDIMMgxCDEIMQgxCjEIIMogzDC
MMIowikCIQIhASECKMIowijCKMIpAyjCKMMpAykDKQIgwikCKQEgwSjCKMIowijC
KIIowijCGIEgwiDDIMMYghiCIMIgwyDDIMMYwhkBGQEpASDCKMMowyCDIIIgwhiC
IIIgwijCKMIowiiCMMIogyiDGMMYwhiCIMMgwyDDKMMowyEDGMIhAiECIQIgwiDD
IMMgwyCCIIIYgiCCIIIohCjEIIQghCDEIIQgxCDDIMMgwiDDIMIYgSDBIMIYwiDD
IMMYgiCCIIIggiCCIIIgwyDDIMMYgxjDGMIYgiCCIIEggiCCGIIYgRiCIIIYghiC
GIIQgRCBGIIQghCCGIIQgRCCEIIQghjDGIMQghiCGIEYgRiBGIIYQhBCEEIQgRCA
EIEQgRBBEIEQghCBEIIYghiCEIEQghCCEIEQQRBBEEEQQRBBEEEQQhBCEEIQQhBC
EEIQQhBDEEMQQxBDEEMQQxBCEEIQQQhBCEEIQQhCCEIIQhBCEEIQQQhBCEEIQQhB
CEEIQQhBCEEIQQhBCEEIQQhBCEEQQRBBCEEIQQhBCEEoRCiEKIQohCiEIEYoRihH
MIQohCiEKIQYgxiDGIQYhCDFIIQohSiDKIMggyjEIIMggyCCIIIggiDDIIMgwyDD
EIIYghjCIMMYhBCDGIUgRiCEIIQYwyDCIQIhAhjEGIQYhBiEIIQgxSCFGIQYhBjE
IMUgxSDFIMQgxCDDIMMgwyCEIIQYhBiDGMMYwxjDGMMYwyDEGIMYgyCDIIMgwyCC
GIIYwxjDGMQYwyDDGIMYgxiDGIMggyDDIMMgwyDDIMMgwyDCIMMowyjDIMMoxCjD
KMIgwiDDIIMggyCCIIMYxBjDIQMhAyEDIQMhAyDCIMIgwiDDIMMgwyEDGMIgwiEC
IQIhAiEBIQEhAiDDIMMgwyDDIIMggyCCIMMgwykDIMIgwijDIMIggyjEIMQgwxjD
IMMgwyDDIMMYwhjCGMIYwxjDGMMYwyDDIMMgwyjDKMMggyCDIIMgwyDDIIMgwiDC
IMQgxCDDGMMgwyDDIMMgwhjDGMMYwiDCIMIgwiDCKMIowiiCKMIowijCIMMgwyDD
IIMgghiCGIIYwhjCEIIYwhjCGIEYgRiBGIEYghiCGIIYgxiDGMMYwxDCGIIYghiC
EIIQgxCDEEIQghiCGIIYghDCEIIQwxiCGIIYghiCGIIYghiBGIEgwhiCGMIYghCC
GIIQQhhCGEIYQhhCGEIQQRBBEEEQQRBCEIIQghCCEIIQQRBCGEIYQhBCEIIYghCB
EEIQQhBCEEIYQhBCCEIQQhBCEEMQQhBCEEIQQhBCCEIIQQhBCEIIQQhBCEEIQQhB
EIIIQghBCEIIQghBCEEIQQgBEEEQQRBBEEEQQhBCEEIQQghCCEIIQghCCEIIQQhB
IEUghSCEKIUghSCEGEQgxSiFKIUohSiFGIUYhBjDEIIYgxiDIEQoRCBDIEMggyCD
IMMYwxCEGIMYRBiEGIQYgyDDGMMYwxjDGMMYhBCFGIUYhBhEGIIgghjCGMMQwhCD
GIMYwxjDGMQYgxjEGMQYxBjEIMQgxBiDGIMYgxiDIIMYgiCDGIMgwxjCGMIYwhjC
IMMgwiCCIMIggiDDIIMYgxBCGIQYxBjDGMIgwhjCGMIYghiDGEIggyBDIIMohCBD
IEIYghjDGMMYwyDDIMMgxCDEGMQYwxiEIMMgwyDCIMMggyCEIIQgxCDCIMIgwiDC
IQIgwhjCGMIgwiDDGIIgwxiDIMIgwiDBIMIgwiDDIIIggyCDKMMowyDDIMMgwyCD
IIIowyDDIMQgxRiEGIMggiCCIIIgwyDDIMMgwyDDIMMYwhDCGQMYwhjCIMIgwijD
IIMghCCEIIMggxiCIMIggyDDGMIYwRjCGQIZARjBGIIYwyDDIMMgwyDDIMIYgiCC
IIIgwiDCIIMggxhCIIIggyCCGMIQgxCDEIMYgxiCGIMggxiCEIIYghiCGIIYgxiD
GEMYgxjCGMEYwhjCGMIYwhjDEIMQgxCDEIIQghCCEIIQggiBEIIQgRiBGIEQgRCB
EIIQgRCBGIIYghiCEIIQQRCCEIMQgxCDCIMQghBCEEEQQRBBEEIQQhCCEIIQQRCB
EIEQgRCBEEIQQRBCEEIQQggCCEIIQghBCEEQghBCEEIYghCCEEIIQhBCEEEQQRBB
EEEQQRBBEEEQQQhBCEAIQQhBEEEIQRCCEEIIQQhBCEEIQghBEEEIQQhBCEEIQghC
CEIIQgBBCEEIQRBBCEEIQSCGIMUgxCDEIIQoxCjEKMUohSiFKIUohCDEIMQYwhjC
IMIgwiCCIIIohCCEGIQQhBiEGMUYxBDEEIQYhRhEGIQghCCEIIMggxiDGMMYhBiE
IIQgQyCDIEMgQyCDIIQghCCEIIMYgyCDGIMYwiDDIMMYghjDGMMYwxjEEMQQhBiE
IIUghSCEIIQYhBiDGMMgwyDDIMMgwyECIMIgwiDDGMMgwyDEIMQghCjDIMIgwSDC
IIEggSCCIIIggyDDIIIggyCCIIIggiiDIIIggyCDIIMgxSDEGMQYwxjCGMIgwiDD
KMMggyCEIIMggyCDIMQgxCDEGMMYwxjDGMQYwyDDIMMgwyDDIMMgwyDDIMMgwxiD
IIMowyjEKMQowyjEKMMowyjDMMMowiDCIMIYwRjCIMIgwyiDIIMogyjCKMEhASkB
IQEYwSECGMIgwyjDIMMgxCCEIIQghCiEIIQghCDDIMMgwyDDGIMYwxjDIMMYghhC
IIMYgyDCIMMgxCDDGIMYgyCDIMMggyCEGIMgwiDCIMIYwhjCGMMQgxiDGIMYghjD
GIMYgxiCGIIYgxiDEIIYgxiDGIIYwxDCEIIYwhjCGMIYwhiBGIIYghCBGMIYghCB
EIIQghCBGIEQgRCBGEIQQRBBEIEYgRiBEIEYghCBEEIYghCCGIIQghCCEIIQQhhC
EEIQQRBCGEEQQRBBEEEYQRBBEEEQgRBBEEIQQhBCCEIIQghCEEMIQwhDCEEIgQhB
CEEQQhCCEEIIQhBCCEIIQhBCEAIQQhCCCEEIQghCCEIIQghCCEIQQhBCEEIQQghC
CEIIQghCCEEIQQhBCEEIQQhBCEIIQQhBCEEIQghCCEEghiCGIMUgxikFIMQoxSDG
GMYgxRjFGIUYhRiFGIUYgxiDGIMYhBiEGIUYxRjEGIQQgxjEIMQQgxiEIMQYhBiE
IIUYhhiGGIYYhRiGGIUYhRiFGIUghBhDIIIggyCDIIQgxBiEGEMgxBjCGMIZAhjD
GMMYgxjCGMIgwhjCGIQYhBjFGIQYhCDEIMMgwyDCKMMowyjDKMMgwyDDIMMgwyDD
GIMYwyDDIMMYwxjCGMMYwxjDGMQQhBiEGMQYxBjDGMMYwxjDGMMYwyDDIIQYhCCF
IMYgxSDFIMMggyDCGMIYwyDEIIQghSCEIMQgwyCDIMMgwyDDGMMYwxjEIMQghCCE
KMMowyDDGMIYgiDDIMMYwiDCIQMhAykEIMQgwyjDKMQpAyjDIMIgwiDDGMIgwhjC
IMUgxSCEIMMgwiDBIMEhASDBIIMgxCDDIMQgxBjDGMMYwyDDIMQYxCDFIQUgxSkE
IQMgwyDDGMQgxSDEIMQgxBjEGIMYgyDDIMMgwyDCGMMYwhDCGMIYwhjCGMMQwxDD
EMMQhBjDGMMYgxCDEIMQQxiDGIIYwhjCGMIYwhiCGIMYghjCGMIgghjCGMIYgiDC
IMIYghCCGMMQwhjCGMEQwRDBGMEQgBDBEMAQwBCBEIEQgRCBGIEQgRiBGIIgghiC
EIIQghCCEIIQQRCCEIIQgRCCEIIQQxCDEEIQQhBCGEIQQRCBEIEIgRCCEEIQQhBC
EEIIQghCCEIIQgiBEIEQgQhBCEIQQhBCEEEQQhBCCEEIQghCCEIIQghBCEEIQQhB
CEEIQQhBCEEIQQhBCIIIQghCCEIIQghCCEIIQghBCEEIQQhBCEEIQQhBCAEIQQhC
KIYohiiGMMUwxSjEKMQoxCDEIMQggyjFKIUgRiBGGEYYhhiFGMUYxBjEGMQYhBiE
IIUoxCjDKMQgxiDFGIUYhBiFGIUQhSCFGIUgRSCGIIQgxRiEIMUYxBjEIMUYghjD
IQMYwxjDIMQYwxjDGMMYwxjDGMQYgyCDKIQggyCCIIMgwxhCGIIggyDEGMMgxCDE
IMMggiCDIMMgxCDEGMQYhCCCIMIggSjCIMMQwxjDEMMYwxiDGIMYhBiDGIMYwhjB
GMIgwxjDIMMgwyCDIIQghCCEKMMowyjCIMIgghjCIMMgwyDDIMMYwyEDIQMhAyDC
IMMgwiDCIMIgwiDCIMIgwijDIMMgwyDDGMIhAiECIQIowhjCIMIgwyDCIMIgwyDD
GMIgwiDDGMIhAyEDGMMYwyEDIQMgwyDCIMIowiDDIMIggyCDKMQgwyDFIMUYxCDC
IQEYwSEBIQIgwyDDGMMgwxjDIMQYxBjEGMQYgyDDGMMYwxjDGMMgxCCEIIQgxRjD
GMMYwxjDGMMQwhDBEMIQwhDDEIIYghiCGMIYwRiBGIMQgxCDEMIQghCCEIIQghCC
EIIQghCCEIIQwhDCEMMYwxDCEIEQgRjCEMEQghBCEIIQghiCGIIYghCBEIEQgRCB
EIIQghCCEIIYghCCEIIQghCBEIIQgxCCEIEQghCCEIEYghiDEEMQQxBEEEQQRBBE
CEMQQxBDEEMQQwhDCEIIQghCCEEIQRBBEIEQgRCBCEEIQAhBEIIQgghBEIIQQRAB
CEEIAQgBEEEIQQhBCEEIQggBCEIIQggCCAEIAggDEEMIQgBCCEIIQghCCEEIQQhB
CEAIQQhCCEMIQQBBCEEIgSDGGMYgxiDFIMUgxCDEKMQggyDDKMMgwyjDIIIggyCF
GIUYhRiEEIMQgxCCGIMggyiDIIIggiCCIIQghCDEGIMYhBiEEIQYhRiFGEQghSBE
KEMgQyiDKIMgwyDDGIMYgxiEGIQYgxiDGIMYghiDIMMYgyCDIIMgQyiDKIQYgyDD
GMQQwxCCGMMZBBjDGMMYwxiDGMIggiCCIIIggyCDGMMgwyDDGIIggyCDIIMYgxiD
GIIYgiDCGMIYghiCGMIYwhjCGMIYwSDCIMIgwiDDGMMYwyDDIQQhBCCDIIMggyCC
IIIgwyDDIMMgwyCEGMQYwxjDGIMYgxiCIMIYwiDCIMIgwiEDIQMYwyECGQIYwhjC
IMIgwiDCIQIhAhkBIMEgwiCCIIMggyjDKMMgwiDCKMIowijCIMIggiCDIIMggyCD
IIMggyjEKMQogyiDKIEowijBKMEhASDBIMIgwiDCIMIgwyDDIMMgwxjDGIIgwiDC
IMIgwiDCKQMgwiDBIMEgwRiBIMMgxBjDEIIYgRiCGIIYghiDGIMYghiCIMIYwhiB
EIEQgRCBEIIQghCCEEIQQhiCGIIYgSCBGIEQwhCBEIEQgRCBEEEQghCCEIIQghCC
GIIQghCCEIEQgRCBEIEQgRCBEIEQghCDEIMQgxCDEEIYQhhBGIEQgRCBEIEIgRCB
EIEQQRBCEEIYQxBCEEIQQhCCEEIIQhBCEEIQQRBBEEEQgRBBCEAQgRCBEEEIQQgB
CEEIQghCEEEIQQhBCEEIQRBBEEEQQQhACEEIQQhBCEIIQghCCEIIQQhBCEEIQRBB
EEAIQQhBAEEIQQhBCEEIQwgDCEQIQwBBCEEIQQhBCEEhByCFIMYgxSDFIMUgxCkD
IQMhAykDIIQYhBjFGMUYxBDDGMMYgxiDGIMghRiEGIUYhBiEGIMYwxjCGIIYwhiD
EIMYhBjEGMQYhBiEGIQYhCCEKIQghCCEGMUYxBiDGIMYwxiDGIMYhBiDGIQYwxiD
GIMYgyiDIIIgQiBDIIUgxRiFGMQYxBjEGMQgxBiCGMIhAiECGQIZARDBGMMYwyDD
IMQghCCFIEUYRRhFGIUYgxiDIIIgghiCGMIYwhkCGQIYwhiDIMIgwijDIMIgwiDD
GMMYxBjEGMQYxBjEIMQgxCDEGMMYwxjDGMMYwhiCIMMgwyDDIMMgwiDCIMIgwiDD
GIIoxCjEIMMgwhkBGMIgwyDDGMMgwyEBIMEYwBkBIMMgwyDDIMIgwhiBGMEgwSjC
KMIowijCKMIowijDIMQghCCEGIMowyjDIMIggyCEIMQgwyDDIMIgwiDCIMIgwyDD
IMMgxBjDGMMYwhjCGMIYwhjCIMIgwiDDGMIggiDDGMIYwhjDGMMYwhjCGIIYwhjC
GIIYghjCGMIQgRjDGIIYghiCGIEYQxiDEIMQQxCDEIMQgxCCGIIYQRiBGIEQgRCC
EIIIQhCCEIIIghCCEIIQgRDCEIIQgRCBEIIQghBCEIMQghCBEIIQgxBCEEIYQhiC
GEIQQhCCEIIQQhBBEIEYgRiBGEAYQBhBGEEQQhBCEEIQQhBCEEIQQhBCEEMQghBC
CEIQQhCCEIIQQRBCCEEIQQhCCEIIQhBCEEIIQghCCEEIQhBCEEIQAQhBCEEIQQhB
AEEIQQhBCEEIQQhBCEIIQQhBCEEIQghCCEIIQghCCEEIQQhBCEEIQQhACEEQQghC
KMcgxSDGIMUgwyjEIIMoxCjEKMQoxSCEIEIggyCEIIMggyCDIIIggiCDIEQghCCE
IMQghCCEIIMYgxiDGIMYghjDGMMYwyCEGIQYhBiEGMQgxBiEGIQYgxjDGIMYghiC
GIIYghCCEIIQgxCDEIMYgxiDGIMYgxjEGIMYhCCEGIQYhBiDGIMYgyCDGIUYhSCF
IMQYwyCBGMIYwhiCGMMYwxiCIMMggxiDGIMYgxiDGIMYgiCDIIIgwyDDGMMgwyjE
IMMoxCjFKIUghCCEGMMgwyDEIMMggyCDIIQggyCDKIMowyCDGIMYgxjDIMMYwiDD
IQMgwxjDIMQgwyDCIMMgwyDDKQMgwyECIQIhAiEBIMEgwiDDIMMgwijDKMMgwyDC
GMMgwyDDIMMYwxjCGMIgwiDCIMIgwxiCIMMgwxjDKMMowyDDKQMpAyDCIMIgxBjD
GQQYwxjDGQIZAiDCIMMgwyDDGMIYwhjCGIMYwhjCGMIgwiCCIIIggyCDGIMgxCDE
GMIYwhiBGMEYwRjCGIIYgxjDGIMYgxiCGIIYwhiBGIIYgRiCGIEYghiCGIIQghCC
EIIQghCCEIEQgRCBEIAQgRCCEIIQghCCEEIQQhCCEIEQghCCEIIQghBCEEIQghCD
GIMQQhBDEIMQQxBCEEIYgxCCEIIQghCCGIIQgRCBEIEQgRCBGIIQQhBCEEMQQhBC
EEEQQRhCEIIQQhBCEEIQQRBBEEEQghBBEEEQQghCCEIIQghCCEMIQghDCEIIAghC
CEIIQghBCEIIQghBCIIIQQhBCEEIQQhBCEIIAghCCEIIQghCCEIIQwhCCIIIQghB
CEEIQRBCCEEIQQhBCEIIQSDGIMYgxxiGGIYghiDGIQYgxRjFGMQYhRiEGIQYhBiE
IMQggxhCGEIYQxhDIIUghSCFIIUYRRiDGIMYgyDFGIQQgxCEGMQYxBiDIIQghBhD
GIMYgxiDGEMgRSCGIEUgRSBFIEQggxiEIMQYxBCEGIUYhBiEGIQYhBiEGIQYhBiE
IIMYghjCGIIYgiCCIIMggxiCGIMgghiDIIMYgxCEGMMYwxjDGMMYwxjDGMMYwhjC
GMIYwhjDGMMYxCDEIMMgwyDDIMMpAyDDIMIggiCCKIMwwyjDIMMowyDDIIMghCCE
IIQgRCCEIIMgwyDBKMIgwSECGMIYwhjDIMQgwyDEIMQgwyDDIMIhACEAIQEYwiDC
IMMgwyDDIMMowyjDKIMogyiDMMQowyjEIMMgwyDEKMQgxCDEIMQgwyDDIIMgwiDC
IMMgwyDDIMMgwyDDIMMgghjDIMMYwyDCGMMYwiCCIMIgwhjCIMEYwhiCGMMgwxjD
IMMgwiDCIMIggiCCIIIgwiDCGMIYghiCGMMQghCCGMIYghiCGIIYghCCEEMQwhjC
EMMQghjDGIMYghiCEIEQwhCBEIEQwRDBEMEQgRCBCIIQghCCEIIQghCBEIEQgRCA
EIEQghCBEEEQgRCBCIEQgRCCEEIQQhBCEIIQQhiBEIEYgRBBEEEQQQhBEEEQghCC
EEIQQghCEEIQQhBBEEEQQRCBEEEQQRCCEIIQQhBCEEEYQRBBEEIIQRBCEEIQQQhC
CEIIQghBCEIIQQhBCEEIQQhBCEEIQQgBEEEIARBBCEEQQRBBEEEQAhACCEEIQQhB
CEEIQQhBCEEQQRBBEEEIQQhBCEEIQQhBCEEIQQhBCEEhBSEFGQUYxRjFIMUhBSEF
GMUgxRjFGIQYhBCDGIQghSCEIIQggyBCIIMghCCEGIMggxhDGIMYxBjDGMQYxRjE
EIMQgxiEGIMYgxiDEIQYhBiFGIUgRBhEGEQYRBhEGEQYRBhEIEQgRCiEIEQYhBDE
EMQQxBjFGIQYhBBEEIIYgxiDIIMYghiCIMIQghjDGMMQgxjEGIQYgyDEGMQYwxjD
EMMYwxjDGIMYwyDDGMIYwhDCGMMZAhjCGMIZAhjCIMMgwyCDKMQogiiDKIQggyCE
IIQYgxjDIMQoxCCDIMQghCDEGMQgwhjCIMEgwSDCIMIggiCDIMIowiDCIMIZAiEC
IMIgwiDCIMIgwiDCGMIhAyECIMIowyCCKMMogyiDIIIggyjDIMQoxCDDIMMgwyDB
KMIowiECKQMhAxjCIMIowyjDIMIgwiDDIMMgwyDDIMMYgyjDKMMggiDDIMIYwiDC
IMIgwhjDGMMYgxjCGMMYwyDCGIIYwyDDGMIYwiECGMIgwhiCGIIYghCDEIIQwRjC
GMIQwhCCEIIQghCCGMMYwxCCGIIYghiBGIIYgRiCGIIYgRiBGIEYgSCBGIIQgRCC
EIIQQhBCEEIQghCCEIEQgRCBGIEYghhBGEEYQhCCEIIQgRCCEIIQghCBEIIQghCC
GIIQQhBCEEIQghCCEIEYgRhBGEIQQhBCEEIQghCBEEAQgRBBCIIIgQiCCIIIgghC
CEIQghBCEEIQQhBBEEIIAhBCCEIIQghCEEIQggiCCIEIgQhBCEEIQRBBCEIQQghC
EEEQQRBBEEEQQRBBEEEQQQhBCEEIQQhBCEEIQQhBCAEIAQgBEAIQAQhBCEEIQQhB
IMUgxSCEIIUghSjGKMYgxSCFIIQggyiDKIIYQxhDGIQYhBDFEIQYhBiEIEQghCCE
KMQYgxiDEIMYwxCCGMIYwxCEEIQYhBiFGIUYRBhEGIUYhRiEGIQYgxiDEIIQghjC
GIIggyCDGIMgQxhDGEMghCCEGEIgwiDCIMIYgxBDEEIYQxiEGEMYgxiEGIMQgxjF
GMQYxBDEEMMhBBjDGMQggxiDGIMghBjDGIMYwhCBEMIYwhjCIMMgwyDDIQMhAyDD
GMIYwxjEGIQYxCDEIQQgwxiDGIQYwyDEIQQgxBiEGIQYxCDEIMMgwyDCIMIggiDD
IMQgxBjEGMMZAiECIQIhAiDCIMMgwyDCIMIYwiECIMIowyjEKMQoxCjDKMMggiCC
IMIgwyDDIQMgwyEDIMMgwyDDIMMgwyDDIMMgwyDDIMIgwiDCIMIggijDIMMgwyDD
IMMggyDDIMMgwyDDIMMhBBjCGMMYxCDDGMIgwiDBGIEgwiCCIMIgwhhBIIIgwiCC
IIIYwhDDEMMQwxDCGMIYwhjBGMEgwRjDEIIYghiCGIIYghiBEIEQgRiBGIEYghiC
GIIYwhCBEIEYghiCGIIYgRiCGEEQQRBBEIEQgBCBEIAQQhBCGEIYQhhBGEEYQRBB
EIIQghCCEIIQgRCBEIEQgRCBEIEYghiBGIEYghiBEIEQQhCCCEIIQhBCEEIQQhCB
EIEQgQiACEAQgRCBEIIQQhBCEEEIQRBBEEEQQQhBEEIQQhBBEEEQQRBBEEIIQQhB
CEEIQQhBCEEIQQhBEEEQQghBCAEIAhBBEEEQQRCBEEEQQRBBCEEIQQhBCEIIQhAB
CAIIAghCCEIIQQhBAEEIQSjFIMUghSjFIMUgxCEEIMQggyCDKMQggyCDIIQgQyCD
IMUghRiFGEQYQhiCIIMgwxiDIEQgRCBEIEUYhBiEGMQQhBCEEMMYwxCDEEQQhBhE
IIUYhBiEGIQYRBiFGEQYQxhDGEMgQyCDGIMYgiCDIIMYgiCCKMIowijCKMIYgxiC
GIIgwyCDIIMghCCEIMUghCDEIMQggyCDKIMghCCEIIQghCDEIIQgxBjDGMMYwhjC
IMIgwiDCKMMgwyDDIQMgwyDDIIMgxCCEIIQghCDEKQQgwyDEGIMYgyDEGIMYgyjE
IMQgwyDDIMMgwiEDIQIhAiECIMMYgxjDIMMgwiDCKMIggyDDIMMgwyDDIMMpAyDD
IMMgwyDFKMUoxSjEIMIpASkBIQEYxBjEIMQgxCDEKMQogyCCIMIgwiDCIMIgwiCC
KMMwwyjDIMMoxCjEIIMYwxiDGMMYwiDCIMIgwiDCIMIYwhjDGMMYwxiDGIIYgxiD
IMQggyiDIIIYQiCDIIMYgyDDGMMYwxjDGMMYwxjCGMIYwhCBGIIYwhjCGMIYghiC
GIIYghBCEEIQghCCEIMYgxiDGIIQQRiBGIEYwRCBEIEYghiBGIIYghiCEIIYwxiD
EIEQQBBCGIIQgRCBEIEQgRCBEIEQgRCCEIIQghDBGIEQgRiDEIMQghCBEIIQgRCB
EIEQghBCEEIQQhBBGIIQghCBEIEQgRCBEIEQgRCCEIEQghCCCEEQQhBCEEEQQhCC
EEIQQRBCEEEQQhBCCEIIQhBCEEEQQRBCEEEQQRBCEEIQAggCEAIQARBBEEEQQRBB
EEEQQRBCCEIIQhBDEEMQAhACCEEIQQhBCEEIAQhBCEEghSCFIIUgxSDFIMQwxDDF
MMQohCjEKMQghCCEIIQghBiEGIQYhBiDEIIYghiCGIIQghiDEIIYgxjDGMMYwxjD
GMMYgxCDEIQQgxBEEEQQRBiDGIMYgxiDEIQQhBCEEIQQgxiDGIQYhBiDGIMYgxiD
GIMYgyDEIMQgwSDCIIEggSCCGMMYgxiEGIUghCDFGIQYhBiEIEQgxCDDIMMgwxjD
GIMghCDEGMQYwyDDIMMgwiDCIQIgxCEEIMQgwyDDIMQggyCDIIMogyCDGIIggiDD
IQMgwyCDGIIggyCDIMIgwyEDIQIhAhkCGMEowijCIMIgwyDDGMMYgxjDIMMgwyjD
IIMggyCDIMMgwiDBIMEgwijCIIMgxCDEIMMgwiECGQIZAhkCGQMZAxjDIMQYwyDD
IMMgwyDCIMMgwyDDIIMggyCDKMMgwxjDGMIhAyEDGQIYwhjDGMIYwxkDGQEYwRjB
IMEgwRjBGMIYwxiCGMMYwhjCGMIYghiCGIIYwhjDIQQYwxjDGMIYwhjCGMIYwxjD
GMMYghiCEIIYgxiDEIMQghiCGIMQgxCCGEIYQhhCGIMYgxiDGIEQgRCBEIEQgRCB
EMEQgBCCEIIQghCCEIIQgxCCEIEQgRiCEIEQgRCBEIEQgRCBEIIQggiCEIIYghiC
EIEQgRCBCIEIgQiBEEEQQRBBGEEYQRBBEEEQQRBCEEIQQRBBEEEQQRCBEIAQgRCB
EIEIQQhCCEIQQxBCEEIQQhBCCEEIQQhCCEIQQhBCEEIQQRBBEEEQQRBBEEEYghBC
EEIIQghCCEIIQghBCEAQQRBBCEIIQQhBCEEIQQhBCEEIQQhBCEEIQQhBCEEQQhBC
KIYghSCEIMMgxDEEKMMoxSDEKMUoxSCEIEMYRBhEGEQQRBhEGIUYhBiEGIQYgxCC
GIMYghBBEIEYgRiAGIAYwBCBGIIYgxBDGEMQAxhEIEQghBhEGEQQRBiFGIUYgxhD
GIMggxiDGIMYgxiDGMMQwhDCGMIYwhjCGMIYwhCCGIIYgxjEGIQYwxjDGMMYgiCD
IIMgwyCDIIMghCCDIIMgxBiDIIMgxCDEGIMggxiDIIMggyCDGIIYgxjDGMMgwyDD
IIIggiCCKMIowijDKMMowyjDKIIgwSDBIMEgwiDDIMMhAxjDGMIZAiDCIMIhAyDD
IMIgwhiCGMIYwhjCGMIhAhjCGIIgwiCCIIIggiDDIMMowyDDKMIpAikCIMEowijC
IQIYwhjCGMMYgyDDIMMgwiDBIMEgwiDCIMMgwxiCGMIYwhjDIMMgwyDDIMMggyDD
GIIgQiCCIMIgwSDBIMIgwiDCKIMgghiCIIIgwiCCGIIYgxjDEMMQghCCGIIYghiD
GIMYgyCDGIMYgxCDEIMYghiDGIMYhBCDEIQQhBCCEIIQghCBGIEYghiCGIEYgRiC
GIIYghiCGIEYgRjBGIEQgRCACIEQgRiBGIIYQhBCEIIQghCCEMIQgRCBEIIQghCB
EMIQghCCEIIQghDCGIIQgRBBEIEQgQhBEEEQghCCEIIQghBCEEIIQhBCEEIQQRCB
EIAQgRBBEEEQQhBBEEEQQRBBCEEQQRBBEEEIQQhBCEEIQQhBCEEQQRhBGEEYQRhB
EEEQQRBBEEEQQRCBEEEIQQhBCEEIQQhBCEEIQQhBCEEIQQhBCEEIQQhBCEEIQQhB
EEEIQQhBCEEIQQhBCEEIQSCFMIYwhiiGIIUohyCHIIcghyBHGEUYRBhEGEMYQxhE
GIQYRBhEGIQgxBjEGMQYgxCDGIMYwxiDGMMYgxiDIIIYgiCDIIMYQxhDGEMggyCD
GIMYQhCCEIMQwxjDEIIYghiCGIIYQhiDGIIQgRCBGMIYwhjBGMEYwhjDEMIYwhjC
GIIYghhDGIMYwxiCGIIYwxiCGIMYhBiFGIQghSCEIIMggyDDIIMggxiEGIQYhCDF
IMQggyCDIIMghCCEIIQoxSCDIMIgwiDCIMIgwyDDIMMgwyDDGMIgwiEDIMMgwyDD
IMMgwyDDKMMowiDCIMIgwijCIMIggSDCGMIgwSjCKMIowyiDIIMowiCCGMIgwiDD
IMMgwyDDKIMogyCDIIIggiCCIMIYwyDDIMMggyCCIIEgwSDBIMEgwSDBGMEQwSDB
IMEYghiCGIIQwxCCGMMYwxjDGIMYwhiCGMIYghiCGIIYgRiCIMIYwRiBGMIYghiD
EIIggyCDIIIYghhBGEEYghiDGIIYwhjCGIIYghhCGIMYwxiDGIMYgxiDEIMIghCC
CIEYghCBEIEYgRiCGIIYghiCGMEYgRCAGEEYgSCBGIEYgRCAEIEYgRiCEIIQghCC
EIMQghCCEIIQgRCBEIEQQRiCGEMYQhhCGEIYghiCGIEYgRiCEEEQQBBBEIEQgRiB
EEMQQxhDEEMQQxBCEEEQgRCBEIEIgRBBEEEQQRBCEEEQQRBBEIIQgRBBEIEIQQiB
CEEIQQhBCEEQARBBEEIQQRBBEEEQQRBBEEEQQRBBEEEQQRBBCEEIQQhBCEIIQQhB
CEEIQQhBCEEIQQgBCAEIQghCCEIIQghCCEIIQgBCCEIohDCFMMUoxSDGIMYoxyjG
IMQgxCCEIIMYghiDGIMYgxBDEIMQgxiDIIMgxCDEGIMYgyCDIIQYQyCFKIUYhCCE
GIQYhCCEGIQYhBjDGIMYgxiCEIIQghjDGMIYwhjCGIIYgxiDGIMgxCDEGIQgxCDE
GIMQghiDGMMYwxiDEIIYwyCDIIMghSCFIIUYghiCIMIYgiCCGIIggyCEIIMghCCE
KMQwxSiDIEIggyCDIIQgwxiDIMIYgiEDIQQZAxjDGQQYwyDCIMMgwiDCIMIgwyDD
IMMgwyDDIMMgxCDEIMQYwiDCIMMowyDCIMIgwyDDIMMYwyEDIQIhAiECIMMowyDD
IIMowyjDIMIgwiDCIMMgxCDEIMQgwxiDGMIggiCCIIIgwiCDIIIgwyDDIMMYgiDC
IMIgwiDCIMIgwRjBGMEggiDDGMIYwhjDGMMYxBjEGMUYxBiDGIMYghiBIIEgwiDC
GMEYwhjCGMIQghCCGIIYghiCIIIggSCBIIEgQRhBGEEgghiCGIIYghiDGIMYghiC
GIIYghiCGIEYgRiCGIEYgRiCIIIYwhiBGIEgwRiBGIEYghiCEIIQghCCGIIYghiC
GIEYgRiBGIEYwhiCEEEYghiCGIEYghiBEIEYgRiBGIEYghhDGEIYQhhCGIIYghiC
GIIYghBBEEEQQRBAGIEYgRBBEIEQgRCBCIIQghCCEIIQgRCBEEEQgRBBEEEQQRCB
EIEQgRCBEIEQgRCBEIEQgRBBEEIQQhBCEEIQQhBBEEEQQRBBEEEQARBBEEEQQQhB
EIEQQQhBCEEIggiCCIIIQQhBEEEQQRBBEEEIAQgBCAIIAghCCAIIQQhBAEEIQQhB
END qvga

RESULT : bus up, frames dumped. Render them:
         uv run host/cam.py <logfile>
