
=== M8a: Arducam Mega on the RP header ===

clock     : 150 MHz sys
pins      : mosi GPIO12, miso GPIO9, sck GPIO8, cs GPIO13
in_scale  : 0.00787401600  (from the blob, not hard-coded)
model in  : 128x128x3

-- question 1 and 2: is it wired, and how fast --
  bus        rate          id   verdict
  bit-bang     0.50 MHz   0x82   plausible
  pio          0.50 MHz   0x82   agrees with bit-bang
  pio          1.00 MHz   0x82   agrees with bit-bang
  pio          2.00 MHz   0x82   agrees with bit-bang
  pio          4.00 MHz   0x82   agrees with bit-bang
  pio          8.00 MHz   0x82   agrees with bit-bang
  pio         12.00 MHz   0x82   agrees with bit-bang
  pio         16.00 MHz   0x82   agrees with bit-bang

-- bring-up --
  sensor id : 0x82  (legacy table)
  firmware  : 2023-03-03, fpga rev 32

-- repeat-capture matrix: 128x128, 8 MHz, same scene throughout --
  #  recipe      crc32    first px  verdict
  0  as-was      6d326de8 21 81     a picture 
  1  as-was      c80a8564 08 01     CONSTANT  
  2  no-rewrite  5fc7da23 21 82     a picture 
  3  flush       c80a8564 08 01     CONSTANT  
  4  norw+flush  e5249ae9 21 c1     a picture 
  5  settle300   db19cbe5 3a 04     a picture 
  6  everything  a109513c 42 46     a picture 

-- settle sweep (#27): how long untriggered before the sensor writes a frame --
  !! FIFO length 614400, buffer is 153600
  #29 cache : cam_begin() then a no-rewrite capture -> FIFO 614400 B, want 32768  *** the format cache outlived the reset
  premise   : reset then 400 ms -> a picture;  then settle 0 with no register writes -> a picture
  scene     : mean RGB 101 133 112
  settle_ms  up      down   
  0          3/3     3/3
  25         3/3     3/3
  50         3/3     3/3
  75         3/3     3/3
  100        3/3     3/3
  125        3/3     3/3
  150        3/3     3/3
  200        3/3     3/3
  250        3/3     3/3
  300        3/3     3/3
  400        3/3     3/3
  -> settle 0 works 3/3 in both directions, so the fault #27 is about is NOT
     present this boot and there is nothing here to threshold. The matrix above
     says which state the camera is in instead.

  -- and against exposure: does the threshold move with EV? --
  EV   mean RGB           0    25    50   100   200   400   first ok
  0     95 130 106      3/3   3/3   3/3   3/3   3/3   3/3   0 ms
  1     95 130 106      3/3   3/3   3/3   3/3   3/3   3/3   0 ms
  3     95 129 106      3/3   3/3   3/3   3/3   3/3   3/3   0 ms

  -> Matches the recorded matrix exactly. Using recipe `vendor` below.

-- image controls: mean RGB after each, 128x128 @ 8 MHz --
  setting              reg    1st capture        2nd capture       
  (as begin left it)   0x25    99 133 112        106 136 117       
  auto-exposure on     0x30   110 138 122        115 140 126       
  auto-gain on         0x30    99 148 107         98 148 108       
  auto-WB on           0x30    99 148 107         99 147 108       
  WB mode office       0x26   130 131 157        131 132 156       
  WB mode home         0x26   102 129 200         99 125 197       
  WB mode auto         0x26    99 121 189        100 121 187       
  EV +1                0x25   102 121 185        108 125 188       
  EV +2                0x25   113 128 189        117 130 191       
  EV back to 0         0x25   123 133 191        121 130 185       
  brightness +1        0x22   137 143 195        135 140 191       
  brightness +2        0x22   150 152 201        151 152 199       
  brightness back      0x22   120 119 165        121 119 163       
  (no setting blanks its first capture - the fault is specific to the resolution register)

-- f128: 128x128 RGB565, resolution register 0x0b, bus 8.0 MHz, recipe vendor --
  fifo      : 32768 bytes, expected 32768  
  timing    : setup 0.0 ms, expose 69.9 ms, read 32.9 ms  (0.95 MB/s over the bus)
  first 16  : 41 89 5a 4c 62 8d 62 4d 42 09 4a 0b 6a cf 6a cf 
BEGIN f128 128 128 32768 51b977e6
QYlaTGKNYk1CCUoLas9qz2sPYs9ajnNQe9J703OSa1F704xVjFWMFYQUjFWUVpSX
lJeUl5SXlJeUV5zYpNmlGZzYnNidGaUZpRmdGZzYnRmdGZ0ZlNic2KUZpVqlWqVa
nNmlGaVapVqlGZzZpRmlGq1arVqlWqUanRmlGqUapVqlWp0anRqlGq0bpVudGqUa
pRqlW6VapRqc2Z0ZnRqdWp0ZlNmc2Z0ZnRmU2JTYnRmdGZ0ZlNmU2IyYlNiU2IzY
jJeMl4SXjJeMmIyYhJiEl4RXhFeEV3xWfFZ0FXxWfFZ8FXPUdBR8FXQVc9Rr02uT
c9Rz1GuUY1NbUmuTY5Njk0GJWkxijmKNUgpKC2rOas9rD2LPWo9rUXuTe9N7kmtR
e9OEFIxVhBSD1IxVlFaUlpSXlJeUl5SXjFaU2J0ZnRmU2JTYnNilGaUZnRic2J0Y
pRmlGpzZnNmlGqVapVqlGpzZpRmlGqUapRqc2aUapRqlGqVbpRqlGpzZpRqlGqVb
pVulGqUapRqtGq1bpRqlGqUapVulG6UanNmdGp0anRqc2ZzZnNmdGZzZlNiU2ZzZ
nRmc2ZTZlNmU2JTYlNiM2IyYjJiMl4yXlJiMmIyYjFeEV4RXjJeEVoRWfBWEVnxW
dBVz1HQUfBV8FXPUa5Rrk3PUa5Rrk2NTY1JrlGtTa1NBiVqMWs1ijknLSgtqz2rP
Yw9jD1rOa1F703vTe5JzUYPTjBSMVYQVg9WMFpRWlJeU15SXlJeMl4xWnNidGJ0Y
nNic2J0ZpRmlGaUZnNilGaUZpRmc2JzYpRmlGaVapRqc2aUZpRqlWqUanNqlGqUb
rRutG60apRqdGqVbpVulW6VbnRqdGqUapRqlW6UapRqlGq1brVqlGpzZnRqdGqUa
nNmc2ZzZnRqc2ZTZlNmdGZ0ZnRmU2ZTYjJiU2JTYjNiMmIyYhJeEmIyYjJiMmIRX
hFaEV4xXhFd8VnQWfFZ8VnwWc9Vz1XvVfBVz1WuUa5Nr1GvUY5NjUmNTa5Njk2OT
QYhiTWKOYo5Jy0oLYs9jD2MPYw9azmsRe9OD03uSa1F704QUjFWMFYPUjFWUVpSX
lJeUl5SXlJeUVpzYnNidGZzYnNidGKUZpRqlGZzYpRmlGaUZnNic2KUZpRmlWqUa
nNmlGq1arVqlGqUZpRqlG61brVulGqUanRmlWq1apVulW50apRqlGq1arVulGqUa
pRqtW6VbpRqc2pzanRqlWpzZnNmc2aUanNqU2ZTZnNmc2ZzZnNmU2JTYlNiU2JSY
jJiMmIxYjJiMmIyYjFiMV4RXhFaMl4RWfFV8FXxWfFV0FXPUc9V8FXQVbBRr02OT
a9RrlGOTY1NjU2uUY5Njk0GJWkxijWKNSgtKC2LOaw9jD2LOWs5rUXvTg9R7knNR
g9OMFZRVjBWD1IwVlJaclpSXlJeUl5SXlJec2JzZpRmc2JzYpRmlGaUapNmc2KTZ
pRmlGZzYnNilWaVapVqlGpzZpRmlWq1apRqdGaUapRqtG61brVqlGqUapVqtWqVa
pVqlGqUapRqlG61bpRqlGqUapRulW6UanNmlGp0apRqc2ZzZnRmlGZ0ZlNic2ZzZ
nNmc2ZzZlNiU2JTYlNiM2IyYjJiMmIyYjJiMmISYhJeEV4RWhFeEVnxWdBWEVnwW
fBV0FHQUfBV8FXQUa5NrlGvUa5RjlGNSY1Jrk2OSY5NJiVpMYs1ijUoLSgtqz2sQ
YxBi0FqPaxF704PTe5JrEYPTjBSUFYwUg9SMVpSWnJacl5TXlJeUl4xWlNic2Z0Z
nNic2aTZpRmlGaUZnNilGaUZpRmc2JzYpRmtGq0apRqc2aUapRqtWqUapRqlGq0b
rVutW61bpRqlGq0brRutG60bpRqlGqUarRqtW6UapRqlGqVapVqdGp0ZnRmdGp0a
nNmc2ZzZpRqc2pTZlNmc2Z0ZnNmU2ZTZlNiU2JTYjNiMmIyYjJiMmIyYjJiEmIRX
hFaEVoRXfFZ8VnQVfFZ8VnwVc9R71HQUdBRz1GuTa5NzlGuTa1NjUmtTa5Njk2NT
QYpaTWKOYo5KDEoLYs9rD2sPYw9azmtQe9OD03uSa1GD04wUjFWEFYQVhFWUlpTX
nNec15SXlJeUV5zYnNmdGZzYnNilGKUZpRmdGZzYpRmlGaUZnNic2aUZpRqtGqUa
nNmlGq0arVqtGqTZrRqtGq1arVutW6UapRqtWq1arVutW6UapRqlGq1brVulGqUa
pRqlWqVapRqdGp0apRqlGpzanNmdGaUanRmU2JTZnNmc2ZzZnNmU2JTYlNiU2JTY
lNiMmIyYjJiMmIyXhFeEV4RWhFaEV3xWfFZ0FXxWfFZ0FXPUc9R0FHQVc9Rrk2uT
a9Rrk2OTY1Jjk2vTa5NjU0GKYo5izmLOSgtKC2LPa1Bq0GLQWo9rUXvThBR7k3NR
g9OMFYxVhBWEFYxWlJeU15TXlNeU15SXjJec2JzZnNmU2JzYpNmlGaUZpRmc2KUZ
pRmlGZ0ZnNilGqUarRqtGqTZrRqtGq1apRmlGaUarVqtW61bpVulGqUarVutW61b
rVulGqUapRqlGq1apRqlGqUapVqtW6UapRqlGqUapRqc2ZzZnRmlGp0ZlNmU2Z0Z
nNmc2ZzZlNiUmJTYlNiU2IyXjJiMmIyYjJiMmIyYjJeEV4RXhFeEV3xWfBV8VnwW
fBVz1HvUdBR0FGvUa5Nr03PUa9Njk1tSY5NrlGOTY1JJylqOYs9iz0oMSgxjD2sQ
axBjEGLPc1J71IQUe9NzUoPUjFWMVYRVhBWMVpSXlJeU15yXlNeUl5RXnNic2aUZ
nJic2aTZpRmlGaUZnNik2aUZpRmk2JzYpRmlGq1apVqlGaVapVqtW6UapRqtGq0b
rVutW6VbpRqlGq1arVqtW61bpRqtWqUarVutW6UapRqtGq1brVulGqUapRqlGqUa
nNmc2ZzZpRmc2ZTYnNmdGZ0ZnNmc2ZTYjNiU2IzYlNiM14zYjJeMmIyYjJiMmIRX
hFaEVoRXhFZ8VXwVhFZ8FXwVc9R0FXQVdBVz1WOTa5Rz1GuUa5NbUmOTY5Njk2NT
QcpizmLPYs9STFJMaw9zT2tPYxBaz3NRg9OEE3uSc1GD1IxVlFWEVYQVjFaUl5SX
nNecl5yYnJiUl6TYpRmk2ZzYnNmdGaUZpRqdGZzZpRmlGaUZnNic2aUapRqtWqVa
pRmtGq1arVutGqUapRqtGq1brVulW6VanRqtWq1arVutWqUapRqlGq1arVqlGqVa
pVqtWq1bpVqdGaUZpRqlGpzZnNmdGaUZnRmc2Z0ZnRmdGZ0ZnNmU2ZTYlNiU2JTY
jNeM2ISYjJiMmIyYjJiEV4RXhFaEl4RWfFZ0FXxWdFV0FWvUdBR8FHQUdBRjk2uU
c9Rrk2OSW1Jjk2OTY5Njk1ILYs5jD2MPUk1STWsPc1BzEGsQYs9zkYPTg9N70nNR
hBSMVYxWhFWEFYxWlJeU15zXnNicmJSXjJec2JzZnRmc2JzZpRmtGaUZpRmk2aUZ
pVmlGZzYnNmlGqUbrRutGqTZrRqtW61bpRqlGaVarVqtW61brVutGqUarVutW61b
rVulGqUarRqtG61bpRqlGqUbrVutW6UapRmlGqUapRqc2ZzZnRmdGp0alNmc2ZzZ
nNmdGZ0ZlNmU2JTYlNiU2IzYjJiMl4zYjJiMmISXhJeEV4RXhFeEVnwWfBV8VnwV
fBVz1HQUdBV0FWvUY5Nj1HPUa9NrkmNSa5Njk2OTY1JSDGrPaxBrEFqOUk1rUXNR
c1FzUWMQc5KD1IQUe9NzkoQUjFWMloQVhBWMVpSXlJec15yXnJeUl5SXnNik2aUZ
nNic2KUZpRmlGaUZnNilGaVZpRmc2JzZpRqlWq1apVmlGa1arVqtW6UapRqlGq1a
rVutW61bpRqlGq1arVutW6VapRqlGqVapVqtW6UapRqlGq1brVulWqUZpRqlGqUa
nNmdGZ0ZnVqdGpzZnNmc2ZzZnRmVGZTYlNiU2JTYlNiM2IzYjJiMmIyYjJiMmIyX
hFaEVoRWhFZ8FnwVfFZ8FXQVc9Rz1HQUdBVr1GOTa9Rz1GvTa5NbUmuTY5Njk2NT
UkxrD3NQaxBajVqOc1FzknOSc1FrEHuSg9OD1IPTc5KEFIxVjFaEFYQVjFaUlpSX
nNec2JyYlJeUl5zYnNilGZzYnRilGaUZpRqlGZzYpRmlGaUZnNic2aUZrRqtWqUa
pRmtWq1arVqlGqUarVu1W61brVutW60apRqtW61arVulGqUarRqtGq1brRulGqUb
pRqtW61bpVqlGaUapRqlGpzZnRmdGaUanNmc2ZzZnRmdGZ0ZnRiU2JTYlNiMmJTY
jNeM2IyYjJiM2IyYjJiEl4RWhFeEl3xXfFZ8FoRWfBV8FXPUc9R0FXQVa9Rjk2vU
c9Rr02uTW1Jrk2uTY5NbUlKNaxBzUXNRYs5iz3ORc5J7knNRa1F7koPUhBSD1HuT
jBSMVYyWjFWMFYxWlJecl5yYlNiU2JTYjJec2JzZpNmc2JzYpRmlGaUZpRmc2KUZ
pRmk2ZzZpNmlGq0arVqlWqUZrVqtWq1bpRqlGq1brVutW61brVulG6UarVutW61b
rVutGq1arRqtW61bpRqlGq1arVutW6UapRqlGqUbpRqc2Z0ZnRqlWp0alNmc2Z0Z
nRqdGZ0ZlNmU2ZTYlNiM2IzYjNiMmIyYjJiMmYSYhJd8V4RXhJeEV3xWfBZ8VnwV
fBVz1HQUdBVz1WvUY5Nr1GvUa9Njk1tSa5RjlGOTW1JajmtRc5JzUWLPYs9zknuS
e5JzkmtRc5OEFIQUg9R7k4wVlFaUVowWhBWMVpSXlNic2JzYnNicl5SXnNmlGaUZ
nNik2aUZrRqlGqUZpNilGa0apRmc2KTYrRqtWq1apVqdGa1arVqtWqUapRmlW61b
rZutW61bpRqlGq1brVutW61arRqtWq1arVutW6UapRqtWq1brVqtGqUapRqlG6Va
nNmdGp0apRqdGZzZnNmdGZ0ZnRqVGZTZlNmU2YzYlNiU2JTYjJiMmIzYjJiMmIRX
hFeEV4xXhFZ8FnwWhFZ8VnwVdBR0FXQVdBVr1GOTa9Rr1GvTY5NbUmuUY5Njk1tS
Ws9zUXuSc1JrEGLPe5J703vSe5JzUYPTjBSMVIQUe5OMFZRWlFaMFYwVlFaUl5zY
nNic2JzYlJiUl50YnRmlGZzYnRilGaUZpRqlGpzZpRqlGqUapNmk2a0arRqtW6Ub
pRqtW61brVulGqUarRutW61brVutW6UapRqtW61brVutG60brVutW7VbrVulGqUa
rRqtW61brVqlGa0arRqlGqTZpRqlGqVbnRqc2ZzZnRmdGp0ZnRmU2ZTYlNmM2JTY
lNiM14zXjNiM2IzYjJeEV4RXjFeMV4RWfBZ8FXwWfBV8FXPUc9R0FHQVa9Rjk2vU
a9Rj02OTW1Jrk2OTY5NbUlrQc1F7knuSaxBi0HuTe9N703PTc5J704QUjBWD1XuT
jBWUVpRWjBWMFZRWlJaUl5zXnNec2JTXlJec2JzZnNmc2J0ZpRmlGaUapNmc2KUa
pRqlGpzZpNmtGq1arVqtGqUZrRqtW61brRqtGq0brVu1W61brVutGq0atVutW61b
rRqlGq0arVu1W61bpRqtGq1brVutW6UapRqlGqVapVqc2Z0apRqlGp0anNmdGZ0Z
nRmdGZ0ZlNmU2JTYlJiU2JTYlNiMmJTYjJiMmIyXhFeEVoxXjFeEV3wWfBZ8VnwV
fBV0FHwVdBV0FGvUY5Nr02vUa9NjU1tSY5Njk2OSW1JjEHOSe5N7k3NRc1F704PT
g9N703OSe9OEFIwVhBR704xVjFaUloxVjBWMVpSXlJec15zYnNic15SXnNilGKUY
nNilGaUZpRqlGqUanNmlGaUZpRmk2aTZrRqtW61arRqlGa1arVutm6UapRmtWrVb
tVu1W61brRulGrVbtVutW61bpRqtWq1arVutWqUZrRqtWq1brVulGqUapRqtGqUa
nNmlGaUapRqlGpzZnNmdGZ0ZnRmVGZTYlNiU2JTZlNiU2JTYjJiMmIyYjNiMmIxX
hFeMV4RXhFZ8FXwVfFZ8VnwVc9R0FHQVdBRr1GOTa9Rr1GuTY1NjUmuTY5NjU1NS
axF7k3vUe9NzknNRe9OD04QTg9N7koPUjBWMVoQVe9SMVYyWlJeMVoxWlJaclpzX
nNec2JzYlNeUl5zYpNmlGZzYpRmlGaUZrRmlGZzYpRmlGaUZnNik2a0arVqtWq1a
pRmtWq1arZutGq0arVu1W7VbtVutW60arRq1W61btVutWqUarVqtWrWbrVqtGqVa
rVutW61bpRqlGqUarRqlGqTZpRmlGq1apRmdGJ0ZnRmdGZ0ZnRmc2JTYlNiUmJTY
lNiU14yXjJiM2IyYjJiEV4RWhJeEl4RWfBV8FYRWfFV0FXQUdBV8FXQVa9Rjk2vU
a9Rr02NSY1JjlGOTW5JTEmtRe5OD04PTe5JzUoPUhBSEFIQUe9SEFYxVjFaMFYPV
jFaUlpSXjFaMVpSXnJecmJzXnNic2JSYlJek2KUZpRmc2ZzZpRmlGa0ZpRmc2a0a
rRqlGaTYpNmtGrVbtVqtWqUZrVqtW7WbrRqtGrVatVu1W7VbrVutW60atVu1W7Vb
rRutG61brVutnK1bpRqtGq1brVutW60apRqlGqVapRqdGaUZpVmlWqUanNmc2aUa
pRmdGZ0ZnNmU2JTYlNiUmJTYlNiMmIyYjNiM2ISYhFd8VoSXhFd8V3wVfBWEFnwV
fBV0FHwVfBVz1WvUY5Nr1GvUY5NjUmNSa5NjU2NSWxJrUXuTg9SD1HuTe5OEFIQU
hBSD1IPUhBWMVoxWjFWEFZRWlJaUl4xWjFaUl5TXnNic2JzYnNic2JSXpRilGKUZ
nNik2aUZpRmtGaTZpNmtGq0apRmlGKUZrVq1WrVbrVqlGa1brVutW60arRq1WrVb
tVu1W7VarRqtGrVbtVu1W61brVqtWq1brZutW6VarRqtW61brVulGqUapRqtWqVa
nRmlGaUapRqdGZ0ZnRmdGZ0anRqdGZTZlNmU2JTYlNiU2JTYjJiMmIzZjNiMmIRX
hFeEV4RXhFZ8FXwVhFZ8VXwVdBR8FXQVdBVr1GOTa9Rr1GPTW1JbUmOUY1NjU1sS
c1J71IQUhBV703vThBSMFYwVhBSD1IwVlFaUVoxWhBWUVpSXlJeMV4xXlFecmJzY
nNic2JzYlNicmKTZpRmlGZzYnRmlGaUapRqk2aTYrRmtGaUZpNilGa1atVu1W61a
rRmtW7VbtVutGq0btVu1W7VbtVu1Wq0arVqtW7VbtVutW61brVutW62crVulWq1a
rVutm61apRqlGaUarVqlWp0ZpRmlGqUbpRqc2Z0ZnRqdGp0anNmU2JTZlNiU2JTY
lNiM2IzYjNiM2YzYjJiEV3xXhJeElnxWfBV8FYRWfFZ0FXQUdBV0FXQVa9Rjk2vV
a9Vjk1tTY1NjlGOTW1NTEXOSg9SEFYQVe9R7k4wVjBWMVYwVhBSMVoyXlJeMV4QV
jJeUl5SXjFaMVpSXlJec15zXnNic2JTYnJilGaUZpRmc2JzZpRmtGq0apRqk2a0Z
rRmlGaTZpRmtWrVatVqtWqUZrVqtWrVbrRqtGrVbtVu1W7VbrVutGq0atVu1W7Vb
rRqtG61brVu1nLVbrRutW61brVutW6UapRqlGq1apVqlGaUZpRqlGpzZnNmdGZ0Z
nRqdGp0ZnNiU2JTYlJiU2JTYlNiMmIzYjNiMmIyXhJd8VoSXhJd8VnwVfBZ8VnxW
dBVz1HQVdBV0FGvTY5Nr1GPUY5NbU2NTY5RjVGNTUxJ7k4PUjBWMFoPVe9WEFoxW
jFWMVYQVjFaMl5SXjFaEFZSXnJecl5SXlFecl5zYnNic2JzYnNiUmJyYpRmlGaUZ
nNilGa0arRqtGqTZpNmtGq0arNmk2a0ZrVqtWq1arVqlGa1arVu1m61arRqtW7Wb
tVu1W7VbrRqtWrVbtVu1W7VarVqtW61brZutWq0arVqtWq1brVulGqUapRqtW6Va
pRmlGqUapVqlGZzZnRmlGaUapRqdGZTZlNmU2ZTYlNiM2IzXjJiMmIyYjJiMl4yX
hFaMloRWhFZ8FXwVfBZ8FnQVc9R0FXQVc9VrlGuTa9Rr1GOTW1NbU2OUY5NjUlMR
e9SEFYwVjBaD1YPUjBaMVpRWjFaMFYxWlJeUl4yXjFaUl5SXnJiUl5SXlJic2JzY
nNic2JzYnJeU16UZpRmlGZzYpRmlGaUZrRqk2aTYrRqtGqTZnNilGa1btVu1W60a
pRmtWq1btVutGq0atVq1W7VbtZu1W60arVu1W7VbtVu1W61brVutW7WcrVulWq1a
rVutW61bpRqlGqUarVqlGqUZpRmlGaUanRmdGZ0ZpRmlGqUanRmc2JzYlNiU2JTY
lNiU2IzYjNiM2IyYjJeMV4RWjFeEV4RWfBWEFXwVfBV0FWvVdBV0FXQUa9Njk2vU
a9Rjk1tSY5NjlGNTW1JK0XvUhBWMVoxWjBWEFIwWjFaMV4xXhBaMV5SXlJeUV4xW
lJeUl5zXlJeUl5zYnNik2JzYnNic2JzYlNilGaUZpRmc2aTZpRmtGq0arRmk2a0a
rRqtGqUZpRqtWq1brVutW6UarVu1W7VbrRqtGq1btVu1W7VbtVutGq1btVy1W7Wb
rVutW61brVu1XK1brVqtWq1arVutW6UapRqtGq1apVqlGaUZpRqlGp0ZnRmdGZ0Z
pRqdGp0ZlNiU2ZTZlJmU2ZTYjJiUmJSYlJiMmIyXhFeEFoxXjFeEVnwVfBZ8VnwW
dBVr1XQVdBZz1GuTa5Nz1WuUY5NbUmNTY5Njk1tSUtF704QVhFWMVoQVg9SMVoxX
jFeMVoQVjFaUlpSXlJeMVpSXnJeU15SXlJeU2JzYnNic2KTZnNicmJzYpRmtGqUZ
pNik2a0arRqtGq0ZpNmtGq0arRqk2azZrVq1W7VbrVqlGa1arZu1W60arRq1W7Vb
tVu1W7VbrVqtWrVbtVu1W61brVutW61btZytW61brVutW61brVulGqUapRqtWqUa
pRmlGqUapRqlGZ0ZpRmlGqUanRqdGZTZlNmU2ZTZlNmU2IzYjJiU2JTYjJiMmIyX
hFeEl4RXhFd8FnxWfFZ8VnQVc9R0FXQVdBVrlGOTa9Rr1GOTW1Jjk2OTY5NbUkrR
e9SEFYwWjFaEFoPVjFaMVpRWjFaEFYxWlFecmJSXjFaUl5zYnNiUl5SXnNic2JzZ
nNik2ZzYnNic2KUZpRqk2aTYpRmlGa0arRqlGqUZrRqtGq0apNmtGa1arVu1W61a
rRm1W7VbtVutGq0btVu1W7WbtZutW61arVu1m7VbtVutW61brVu1W7WcrVutW61b
rVutW61bpRqtGq0arVqlGp0ZpRqtGq0apRmdGaUZpRmlGaUZpRmc2JzZnNic2ZTY
lNiU2IyYlNiU2YyYjJiEV4RWjFeEV4RXfBaEVnxWfBVz1HPUdBR0FXQVY5Rjk2vU
a9Njk1NSY5Njk1tSW1JK0HvUhBWMVoxWhBV71YxWjFaMVoxWhBWMVpSXlJeUl4xW
nJec2JzYlJeUl5TXnNidGJzZnNmc2ZyYnJilGaUZpNmk2KTZrRqtGq0apRqlGa0a
rRqtGqUZpRqtWrVbtVu1Gq0ZtVq1WrVbrRqtWrVbtVu1W7VbtVutGrVbtVu1W7Vb
rVqtW61btVu1nK1brVutW61brVutW6UarRqtGrVbrRqlGqUapRqlGqUZpRmlGqUa
pRqlGpzZnNmc2ZzZlJmU2ZTYjNiMmJTYjNiMmIyXhFeEVoyXhFeEVnwVhFaEVnwV
c9Rz1HQVdBV0FWOUY5Nr1GvUY5NbUltTY5Nbk1tSStB71IQVhFaMVoQVhBWMVpRX
lFeMV4QWjFaUlpTXlJaMVpyYnJicmZSXlJeU2JzYpNik2KTYpNicmJyYpRmlGaUZ
nNilGaUZrVqtGq0arNmtGq0arRqk2aUZrVq1WrVbrVutGrVbtVu1W60arRqtW7Wb
tZu1m7VarRu1W7VbtVu9W61btVu1W7WbtZutWq1arVutm61brVutGq0arRqtW60a
pRmlGqUapVqlGaUZpRmlGqUapRqdGpzZnNmc2ZzYlNiU2YyYlJiMmIyZjJiMmIRX
fFeEl4RXhFd8FXxWfFZ8VnPVdBV0FXQVbBVjk2PUa9Rr1GOTW1Jjk2OTW1JbUkrQ
e9SEFYRWjFaEFnvVjFaMVoxXjFaEFoxXjJeUmJSXjFaUl5yXnNiUl5SXlNic2JzZ
nNmc2ZzZnJicmKUZpRmlGZzYpRmtGa0arRqlGqUZrRqtWq0apNmlGbVatVu1W60a
rRq1W7VbtVutGq0atVu1m7WbtZu1W61atVu1W7VbtVytW61brVu1W7WbrVqtWq1b
rVu1W61brRutG60brVulGqTapRqlGqUanNqdGaUZpVqlGqUapNmc2ZzZnNic2ZTZ
lNiMmIyYlJiUmJSYjJeEV4RWjJeEV4RWfBWEVoRVfFZ0FXPUdBV0FXQUY5Njk2vU
a9Rjk1tSY5Njk1uTW1JK0HvUg9WMFoxWjBWEFIxWjJaMl4xWhBaMlpSXlJeUl4xW
lNeU15zYlJeUl5TYnNic2KTYnNic2JzYnNilGaUZpRmc2KUZpRqtGq0apRmlGa0a
rVqlGaTZpRqtGrVatVqtGq0atVu1W7VbrRqtWrVbtVu1m7VctVutG61btVutW7Wb
rVu1W7VctZy9nK1brVutW62brVutWqUarRqtGq1arRqlGqUapRqlWp0ZnRmlGqUa
pRqk2pzanNmc2ZTZlNmU2ZTZlJiUmIyYjJiMmISXhFeEV4yXhFeEV3wWfFZ8VnwW
c9Vz1XwWfBVz1GuTY5Nr1GvUY5NbUmOTY5NbU1sSSpB71HwVjBaMVowVhBWMVpRX
lFeMV4QWjFeUl5SXlJeMVpSXnJic2JSXlJeU2JzYnNik2KTZpNic2JzYpRmlGaUZ
pNmtGa0ZrRqtGq0apNm1Gq0arRqtGa0atVq1W7VbrVqtGrVbtVu9W60arVq1W7Vb
tZu1m7VbtVq1W71btVu1m61brVutm7VbtZytW61brVutW7VbrVulGq0arVu1W60a
pRmlGq1apVqlGaUZpRqlGqUapRqdGZzZnNmc2ZSYlNiU2IzYlJiUmZSYjJiMV4RX
hFeEl4RXhFZ8FYRWhFZ8FnPVc9V0FXQVa9Rjk2OUa9RrlGOTW1Jjk2OTW1JbEkqR
e9OEFYxWjFaEFYPUjFaMVoxWjFaEFYxWlJeUl5SXjFacmJzYnNiUl5SXnNec2KTY
pNmk2aTZnJic2KUZpRmk2aTZpNmtGq0arRqtGqUZrRqtWq0apRmtGrVatVu1W7Vb
rRq1W7VbtVutGq1atVq1m7WctZytXK1brVu1m7WbtZutW61btVy1XLVcrVutW61c
rZutW61bpRqtG60btVutGqUapRqlG6VanRmlGaUapRqlGqUanNmU2ZzZnNmc2ZzZ
lNmMmIyYlJiUmJSYjFeEVoRWjJeEV4RXfBV8VnxWfBZz1XPVfBV0FWwVY5NjlGvV
Y5Rjk1sSY5Njk2NTW1JK0HvThBWMFowWjBWEFYxWlJeUV5RWjBWUVpSXlJeUVoxW
lNic2JzYlJeUl5zXnNic2KTYpNmk2ZyYnJilGaUZpRmc2aTZpRqtGq0arRmk2a0a
rRqtGqTZrRq1W7VbtVutGq0atVu1W7VbrRqtW7VbtZu1m7WbtZutWrVbtZy1m7Wc
rVu1W7VbtZu1nK1brVutW7WbtVu1W60arRutW7VbrRqlGqUarRqtGaUapRqlGqUa
pRqlGpzZnNic2JzYlNiUmJTYjJiMmIyYjJiMmIyXhFaEVoyXhFeEVnwVhFaEVnwW
c9Rz1XQVdBVz1WNTY5Rr1GuUY1NbUmOTY5NbU1MSQpB71IQVjFWMVoQVhBWMVoxW
jFaMVoQVjFeUl5yYlFeMVpSXnJic2JSXlJeU2JzZpNmk2aTZpNmcmJzYpRmlGaUZ
pNmk2a0ZrRqtGq0ZpRmtWq1arRqk2a0atVq1m7VbrVqtGrVbtVu1W7UatVq1m7Wb
tZu1W7VbrRq1W7VbtVu1W7VbtVu1XLVctZytW61brVutnK2brVutGq1brVutW60a
pNmlGq0arRqlGaUZpRmlGqUapRqlGpzZnNmc2ZzYlNiU2JTXlJiU2JSYlJiMWIRX
hFaMV4RXhFd8FoRXhBZ8FnPVdBV0FXQVa9RjU2uUa9Vr1GOTW1Jjk2NTY1JbEkqQ
e9SEFIxVjFaMFYQUjFaUV5RXjFeEFoxWlJeUl5SXjFaUmJyYnNiUmJSXnNic2JzZ
pNmk2aTZnNic2KUZpRmlGZzZpNmlGq0arRqk2aTZrRqtGq0apNmtGrVbtVu1W60a
rRq1W7VbtVutGrVbtVu1XLWctZy1W61atVu1m7WbtZutW61btVu1W7VbrVutW61b
tZy1nK1brRqtWq1brVulGqUapRqtWqVanRmlGaUZpRqlWp0anNmc2JzZnNmU2ZTZ
jNiM2IyYlNiMmIyYjJeEV4RXhJeEV3wWdBV8VnxWfBZz1HPVdBV0FXPUY5NrlGvV
a5RjU1NSY5Nbk1tSUxJK0XvUhBWMFoxWhBWD1YxWjFeUV4xXhBaMV4yYlJiMV4xW
nJec2KTYlJeUl5TYnNik2KTYpNik2JzYnNilGaUZpNmc2KUZpRmtGq0arNqs2a0a
rRqtGqUZrRq1WrVbtVu1Wq0atVu1W7VbrRqtWrVbtZu1nLWbtVutW7WbtZu1m7Wb
rVu1W7VbtVu1nK1brVu1W7WbtZy1W60arRutW61bpRqlGqUarVulGp0ZpRmlGaUa
pRqdGp0anNmc2ZzZlNmU2ZTYjJiMmJSYlJiMmIxXhFeEV4SXhFd8FnwVhFZ8VXwV
c9R0FHQVdBRr1FuTa9Rz1WvUY5NbUmOTY5NbUlMRSpB7lHvVhBaMFowWhBWMVpRX
jFeMV4QWjFaUl5SXjFeMVpSXnJic2JSXlJeU15zYnRik2KTZpNmc2JzYpRmlGaUZ
pNmk2aUarRqtGqTapNmtGq0arRqlGa0atVq1W7VatVqtGrVbtVu1W60arVu1XLWc
vZy1nLVbrVu1XLWctZy1nLVbtVu1W71btZytW61brVu1W7VbtVqtWq1arVutW60a
pRqlGq1bpRqlGaUZpRqlGqUapRqdGZzZnNmU2ZTZlNiU2JTXjJiUmJSYjJiMmIRX
hFeEl4RWfFZ8FYRWfFV8FWvUc9Vz1XPVa9Rjk2PUa9RrlGNSWxJjk1tTW1JTEUrQ
e9OEFYxWjFaEFYPVjBaMVpRXjFeEFoxXlFeUl4xXjFacl5zXnNiUl5SXnJik2KTZ
pNik2aTYnJic2KUZpRmk2aTZrNmtGa0arRqs2qUZrRqtGq0ZrNmtGa1atVq1W60a
rRq1W7VbtVutGrVatVu1W7WbtZu1m61atZu1m7WbtZu1WrVbtVu9XLWcrVutW61b
tVu1XLVbrVqtWq1brVulGqUapRqtG6UapNmlGaUZpRqlGqUanNqc2ZzZnNmc2ZzZ
lNiMmJSYlJiMmIyYjFeEV4RXjJeEV3wWfBWEVnwWfBZz1HPUdBV0FWvVY1Nr1GvU
a5RjUltSY5Njk1tSUxFKkHvUhBWMVoxWhBV8FIxWjFaMVoxWhBWMVpSWnJeUV4xW
lJicmJzYlJeUl5TYnNic2KTYpNmk2JyYpNilGaUapNik2KTZrRmtWq0arRmlGa0Z
rVqlGaUZrRq1W7VbtVutGq0atVu1W7VbrRqtW7VbtVy9nL2ctVu1WrWbtZy1nLWc
tVu1W7VbvVy1nK1brVutW7VbtVutW61brVutW61bpRqlGqUarVulGqTZpRqlGqUa
pRqlGpzZnNmc2ZTZlNmU2JTYlJiUmJSYjJiMmIxYhFeEV4xXhFd8FnwVfFZ8FnQV
c9R0FXQVdBVr1FuSa9Rr1WvUW1NbE2OUY5RbE1LRSpB71IPUjBWMFYQVg9WMVoxX
jFaMVoQVjFaUVpyXlFaMVpSXnNic2JSXnJecmJzZnNmc2aTZpNmcmJzYpRmlGZ0Z
pNilGa0ZrVqtGqUZpRmtGq0apRmlGa0atVu1W7VbrRqtGrVbtVu1W60btVu1W7Vb
vZy1nLVbtVq1m7WbtZy1nLVbtVu1W7WbtZytW61btVu1W7VbtVutGq1brVutW6Ua
pRqlGq0apRqdGZ0ZpRqlGqUapRqc2pzZnNmU2ZTZlNmU2JSYlJiUmIyYjJiEWIRW
hFeMl4RXhFZ8FoRWfBZ8FnPVdBR8FXQVa9Rjk2vVa9VrlFtTW1NjlGNTW1NS0UqQ
e9SEFYwWjBaEFYPUjFaMV4xXjFeEFoxWlFeUl4xWjBaUl5yXnJiUV5SXnJic2KTY
pNik2KTYnJic2KUZpRqlGaTZpNmtGq0arRqs2aTZrRqtGqTZpNmtGa1atVu1W60a
rRq1W7VbtVutGrVatVu1m72btZu1W7VbtVy1XLVcvZy1W7VbtVu9W7VcrVutW7Vb
tVu1W60arRqtWq1brVulWqUapRqtGq0apNmlGaUapRqlGqTanNmc2ZzZnNmUmZTZ
lNmMmJTYlJiUmIyYjFeEVoRXhFiEV3wWfBaEVnxWfBVz1HQVdBVsFWvUY5Nr1GvU
a9RbU1sTY5RbVFtTStFCkHvThBSMFYxVjBWD1YwWjFaMV4xWhBWMVpSWlJeUloxW
nJecl5zXlJeUl5yXnNic2KTYpNmk2JyYpNilGaUZpRmk2aUZrRmtGq1apRmlGa0Z
rRmlGaTZrRmtWrVbtVu1Wq0atVu1W7VbrRq1W7VbtVu1nLWctVu1W7VctZu1nLWc
tVu1W7VbtZu1m61brVutXLVbtVu1Wq1arVutW61bpRqlGqVbrVutGqTZpRqlGqUa
pRqlGpzZnNmc2ZzZnNmU2JTYlJiUmIyYjJiMl4yXhFaEV4RXhFd8FnwWhFZ8FnwV
c9R0FXQVdBVrlGOTY9Rr1WPUW1NbU2OUY5NbU0rRQpBz1IQVjBWMFYwVg9WMVoxW
lFaMVowVlFeUl5SXlFeMFpSYlJicmJSXlJec15zYnNic2JzYnNicmKTYpRmlGaUZ
pNmk2q0arRqtGqTZpNmtGq0arRmlGa0atVu1WrVarRqtGrVatVu1W60atVu1W7Vc
vZy1XLVbrVu1nLWctZy1nK1btVu1W71btZu1W7VbtVu1m7VbtVutGq0brVutW6Ua
pRqtWq1arRqk2aUZpRqlGqUapNqc2ZzYnNmc2ZTZlNiU2JSYlJiUmJSYjJiEV4QW
hFaEV4RXfBZ8FnxWfBZ0FWvUdBV0FXPVa5Rjk2vVa9VjlFNTW1NjlFuTU1JK0ULQ
e9SEFYwWjBaEFXvUjBaMVoxXjFeEFoyWlJeUl4xXjFaUmJSXnNiUl5SXnNec2J0Y
pNmk2aTZnNik2KUZpRmlGaTZrRmtGbVarRqk2qTZrRqtGqTZpNmtGbVatVu1W7Va
rVq1W7VbtVutGrVatVu1W72ctVu1W7VavZu9W7WctZy1W7VbtVu9nLVcrVutW61b
tVu1W7VarVqtW61brVulGqUapRqtGq0apNmlGqUapRqlGqUanRmc2ZzZlNmU2ZTY
lNiMmIyYlJiMmIxYhFiEF4RXhFeEV3wWfBaEV3wWc9Vz1HPVc9Vr1WuUY1Nr1GvU
Y5NbU1tTW5RbU1sTStFCkHvUhBWEFowWhBZ71YwWjFaMVowWhBWMVpSXlJeMV4wW
lJecmJyYlFeUl5yYnNic2KTZpNmc2JzYnNilGaUapRmk2K0ZrRqtGq0arNqtGa0a
tVqtGqTZrRqtGrVbtVu1Wq0atVu1W7VbrRq1W7VbtVu1nLWbtVu1Wr2bvVu1nLWc
tVu1W7VbvVu1XK1brVutW7VbtVu1W60arRutW61bpRqlGqUarRqlGqTZpRmlGaUZ
pRqk2aTZnNmc2ZTZlNmU2JTYlJiUmJSYlJiMV4RXhBaEV4RXhFd8FnwVhFZ8FXQV
c9Rz1XQVc9VrlGNTa9Rr1GuUW1JbU1uUW5NTUkrQSpF7lIPUhBWMFYQVe9SMFoxX
jFaMVowVlFaUl5yXjFaMFpSXlJec2JSXnJecmKTYpNik2KTYpNic2KTYrRmtGaTZ
pNmtGa0arRqtGqTZpNmtGq0apNmk2a0ZrRq1W7VbrRqtGrVbtVu1W60atVu1W7Vb
vZy9XLVbrVu1m7WcvVy9XLVbtVu1W7VbtVu1W7VbtVu1nLVctRutG60brVutW6Ua
pRqlWq1apRmk2aUZpRmlGqUapRqc2ZzZnNmc2ZzZlNiUmIyYjJiUmIyYjFeEV3wW
hFeEV4RXfBZ8FoQWfBVz1WvUc9V0FXPVa5RjU2vUa9RjlFtTW1NjVGNTUxJKkUqQ
e5SD1IQVjBWEFYPVjBaMV4xXjFeEFoxXlJeUl4xWjBaUl5SYlNiMl5SXnNic2KTZ
pNik2aTYnNic2KUZrRqk2aTZrRmtGq0arRqk2aUZrRqtGqUZpNitGq0atVq1WrVa
rVq1W7VbtVutGrVatVu1XL2ctVy1W7UbtVy1nLWctVytW7VbtVu9m7VbrVutW7Vb
tZy1XK0brRqtG61brVulGqUapRqlG6UanNqk2aUapRqlGaUanNmc2ZzZnNmU2ZTZ
jJiMmIyYjJiMmIyXjFeEFoRXhFeEV3wWfBWEVnwWc9Vr1HPVdBVz1WuUY1NrlWuV
Y5RbU2NTY5RbU1MTStFCkXPUe9WEFoQWhBV71YwWjFaMVoxWhBWMVpSXlJeMVowW
lJeUl5zYjFeUl5yYnNic2JzYnNmcmJyYnNilGa0ZpRik2KzZrRqtGq0apNmlGa0a
rRqk2aTZrRqtWrVatVqtGrUatVu1W7VbrRu1W7VbtVu9nLVctVutW7WctVu1XLVc
tVu1W7VbtZy1m61atVu1W7WctVytG60brRutW61bpRqlGqVarVqlGp0ZpRqlGqUa
pRqk2ZzZnNmc2JTYlNiU2JSYjJiMmIyYjJiMWIxXhBeEV4RWfFd8FnwWhFd8FnPV
a9Rz1XPVc9VrlGNTa9Rr1GOTW1JbU1tTW1NTEkKQQpB7k4PUjBWMVoQWe9WMVoxW
jFeMVoQWjFaMV5SXjFaMVpSXlJecmJRXlFecmJyYnNmk2ZzZnNic2JzYpNmlGaTZ
pNmtGa0arVqtGqTZpNmtGq0apNmk2a0atVu1W7VbrVq1GrVbtVu1W60atVu1W7Vb
vZy1XLVbtVu9nLWctZy1XK1btVu1W72ctVutW61brVu1W7VbrRqtG60brVutW6Ua
pRqlGq0bpRqlGaUZpRqlGqUapNqc2ZzZnNmc2ZTYlNiUmJSYjJiUmIyYjFeEV4QW
hFeEV4RWfBZ8FnwWfBZz1XPVc9Vz1WvVY5Rbk2vVY9Vjk1tTW1Njk1tTUxJCkEKR
e5SD1YQVjBWD1YPVjBaMVoxWjFaEFYxWlFeUl4xWjBacl5yXnJeUVpRXnJik2KTZ
pNik2aTZnNik2KUZpRmk2aTZpNmtGa0arRqs2a0ZrRqtGqTZpNmtGq1atVu1W60a
rRq1W7VbtVutGrVbtVu1W71ctVy1W7VbvZy1W7VctVytW7VbtVu9nLVcrRutW7Vb
tVu1W61brRutGrVbrVutGqUarRqtG6UapRmlGaUapRqlGqUanNmc2ZzZnNmU2JTY
jJeMmIyYjJiMmIxYhFd8FoRXhFd8F3PWfBZ8FnwWa9Vz1HQVdBVr1WOUW5Nr1WvV
Y5RTU1uTW5RbU1MSQpBCkXuTg9WL1YwWg9WD1IwWjFaMVowWhBWMVpRXlJeUVoxV
nJecl5zXjJaUl5yYpNik2KTYpNik2JyXpNitGa0apRmk2a0ZrRm1Wq0apNmk2a0Z
rRqk2aTZrRq1W7VbrVutWq0atVq1W7VbrRq1W72bvVu9m7VbtVu1WrWbtZu1m7Vb
tVu1W7VbtZy1W60atVu1W7VctVytG60brRutW61bpRqlG6UapRqk2ZzZpRmlGaUa
pRqdGpzZnNmc2ZzZlNiU2IyYjJiMmIyYjJiEl4RXfBaEV4RXfFZ0FXwWfBZ8FXPV
a9V0FXQVc9Vjk2OTa9Rr1GOTW1JbU1uTU1NTEkKQQpF7lIPUjBWMFYPUe9SEFYxW
jFaMVoQVjFaUVpSXjFaMVZSXlJecl4xWlFecmJyYpNmk2aTZnNicmJyYpRmtGaTZ
pNmtGa0ZrRqtGqTZpNmtGq0apNmk2a0arVu1W7VbrRqtGrVbtVutGq0atVu1W7Vb
tVu1W61brVu1XLVctVy1XLUbtVu1W7VbtVu1G7VbtVu1W7VbrVulGq0arVutGqUa
pRqtGqUapRmc2aUZpRmlGqUanRqc2ZzZnNmc2ZTYlNiMl4yYjJiMmIyYjJiEV4QW
hFeEV4RWdBV8FnwWfBZz1XPUdBVz1XPUY1Njk2vUY9Rbk1NSW1NbU1tTUxJCkErQ
e5R71IQVhBWEFXvUjBWMFowWjBaMFYxWlJeUl4xWjBaUl5SYnJiUV5RXnJikmKTY
pNic2JzYnJec2KUZpRmk2aTZrRmtGa0arRqk2aTZrRqtGqTZpNmtGq0btVu1W60a
tVu1W7VbrRqtGrVbtZu1XLVctVu1W7VbtVu1XLVctVytW7VctVu9nLVbrRu1W7Vb
tVu1W60arRqtGrVarVqlGaUapRqtGqTZnNmc2aUapRqlGp0alNmU2ZTZlNiU2JSY
jJiMmIyYjJiMWIxYhFeEFoQXhFd8V3PWfBZ8FnwWc9Vr1XQVdBVr1GOTY5Nr1GuU
W1NTE1tTW1NbE1LSQpBCkHuTe9SEFYQVg9V71YwVjFaMVowWg9WMVpRXlFeMVowW
lFeUl5yYjFaUV5SXnJik2KTYpNik2JyXnJik2aUZpNik2K0ZrRqtWq0apNmk2a0Z
rRmk2aTZrRqtG7VbtVutGq0atVu1W7VarRq1W7VbtVu1XLVbtVu1W71ctVy1XLVc
tVu1W7VbtVu1W60btVu1W7VbtVutGq0arRqtW60apRmlGqUapRqk2aTZnRmlGqUa
pRqdGpTZnNmU2ZTZlNiUmIyYjJiMmIyYjJiEV4RXfBaEVoRXhFZ71XwWfBZ8FnPV
c9V0FXPVa9VjU2OUa9VrlFtTWxJbU1tTW1NTEUKQStB7k4PTjBWMFYPUg5SEFYxW
jFaEFoPVjFaMV5RXjFeMFpRXlJiUmJRXlFicmJyYnNic2JzYnNiU15zYpNmtGaTZ
pNitGa0ZrVmtGaUZpRmtGq0apNmk2a0arVq1W60arRqtWrVbtVutGq0atVq1W7Vb
tVy1W7UbtVu1XLVctVy1XLUbtVu1W7VctVutG7VbtVu1W61brRqtGq0arVqlGqUZ
pRqtGqUapRmk2aUZpRqlGqUanRmc2ZzZlNiU2JTYlJiMmIyYjJiMmIyYhFiEF3wW
hFeEV3wWc9V8FnwWdBVr1GvUbBVr1WvUW1Njk2vUY9RbU1MSW1NbU1MTStJCkEqQ
e5R71IQVjBWD1YPUjBWMVoxWjFaEFYxWlJeUl4xWjBaUV5SXlJeMVpRXlJecmKTY
pNic2JzYlNic2KUZpRmk2KTYrRmtGa0arRqlGaTZrRmtGaTZpNmlGrUatVq1Wq0a
tVq1W7VbrRqtGrVbtVu1XLVbtVutGrVbtVu1W7VbtVu1W7VbtVu9W7VbrRqtW7Vb
tVu1W60arRqtGq0bpRqk2qUapRqlGpzZnNmc2aUZpRqlGpzZlNmU2ZTYlNiUmJSY
jFeMWIyYjJiEl4RXhBaEFoQXhFd8FnPVfBZ8FnwVa9Rr1GwVa9RrlGNTY5Rj1FuU
W1NTEltTU1NTEkrRQpBCkHOUe9SEFYQVg9V71IQWjFaMVoQWhBWMVoxXlJeMVowW
lJeUl5SXjFaMV5SXnNic2JzYpNic2JyXpJik2aTZpNik2KUZrRmtGq0apNms2a0a
rRqk2aTZrRq1WrVbtVqtGrVbtVu1W60arRm1WrVbtVu1W7VbrRqtGrVbtVu1W7Vb
rRq1W7VbtZu1W60brRu1W7VbtVutWq0arRq1G6UapNmlGaUapRqc2qTZpNmk2aTZ
pNmc2ZSZlNmU2JTYlJiUmIxYjFiMmIyYhJiEWHwWfBaEF4QWfBZz1XwWfBZ0FmvU
a9Rr1WvVY5RjU2NUY5VjVFtTUxJbk1tTU1JK0UKQQpB7lIPUhBWEFYPVe9SMFYxW
jFaMFoPVjFaUVpRXjFaMFpSXlJeUl4xWjFeUmJyYnNic2JzYnNicmJyYpNms2aTY
pNmtGa0ZrRqtGqTZpNqtGq0apNmk2a0arRu1W7VarRm1WrVbtVu1W60atVu1W7Vb
tVu1W7UbrVu1XLVctVu1W61btVu1W7VbtVutWq1atVu1W7VbrRutGq0atRqtGqTZ
pRqlGqUanNqc2ZzZpNmk2pzanNqc2ZzZlJmUmJSYlJiMV4xYjJiMmIyYjFeEFnwW
hBaEFnwWc9V8FXwVdBVr1GuUa9Vr1WOVW1NblGOVY5RbU1MSW5RbU1MSStFCkUKR
c5N7lIPVhBWEFHvUjBaMVoxWhBaEFYxWjFeUV4xWjBacV5SXnJeMV5SXlJecmKSZ
pNic2JzYlJec2KTZrRmk2aTZrRmtGa0arRmk2aTZrRmtGaTYpNitGa1atVqtWq0a
tVq1WrVarVqtGbVatVu1W7VctVutW61btVy1XLVctVu1W7VbtVu9W7VbtVq1G7Vb
tVu1W60arRqtGq1apRqlGqUapRqlGp0ZnNmc2Z0ZnRqdGZzZlJmU2JSYlJiMmJSY
jFeMWIyYjJiMmIRXhBZ8FnwWfBZ8FnPUfBV0FXPVa5Rr1HPUa9VjlFtTY5Rj1GOU
U1JTEltUW1NbE0qSQpBCkXuTe9SEFYQWfBR71IQVjFWMVYxWhBWMVoxWlFeMVoQW
lFeUl5SXjFaMl5SXnNik2JzYnNic2JSXnJik2aUZnNik2KUZpRmtGq0apNmtGq0a
rRqc2KTYrRm1WrVatVqtGbVatVu1W60arRq1W7VbtVu1W7VbrRutG7VctVy1XLUb
tRq1W7VbtZy1W61brVu1W7VbrVutG60arVqtWqUapNqlGq0apRqc2pzanNqc2pza
nNqc2ZTYlNiUmJSYlJiUmIxXjFeMl4yYjFeMV3wWfBZ8FnwWe9Zz1XwVfBV0FWuU
a9Rz1WvVa9VbU2OUa5VjlFsTUxJbk1tTU1NC0UKRSpFzU3vUhBWEFYPUe9SMFYxW
jBaMFoPVjBaMVoxWjBaMFpRXnJeUl4xWjJaUl5zYnNic2JzYnNiUl5yYpNmk2aTY
pNik2a0ZrRqtGaTZpNmtGa0ZnNik2K0ZtVq1WrVarRmtWrVatVq1Wq0atVq1W7Vb
tVu1W7VbtRu1XLVbtVu1W61btVu1W7WbrVutGq0brVutW61bpRqtGq0arRqlGqTa
pNqlGqUanNmc2aTZpNmc2ZzZlNmUmZSYlJiUmJSYlJiMV4xXjFiMmIxYhFd8FnwW
fBZ8FnPVc9V8FnwWc9VrlHOUa9VrlWOUW1NblGOVW5RTU1MTW1RTVFMTQtFCkEKQ
c5NzlIPVhBV71HvUhBWMVoxWjBaD1YwWlFeUV4wWjBaUV5RXlJeMVoxXlJeUmJyY
nJic2JyYlJecmKTZpNmc2aTYpNmtGa0ZrRmk2K0ZrRmtGaSYpNitGbVatVqtGq0Z
rVq1WrVbrRqtGq0btVu1W7VbtVutW60atVu1W7VcrRutG7UbtVu1XK0brRutG7Ub
rVutW60arRqtGq0bpNqc2qTapRqlGpzZnNmc2ZzZnNmc2ZTZlNmUmJSYlJiUmIyY
jJeMWIxYjFiMWIQXfBZ8FnxWfFZ0FWvVdBV0FWvVY5RrlGvUa9VjlFtTY5Rj1FuU
U1JTElNTU1JLEkKROpBCkHOTc5SD1YQWe9R7lIQVhBaMVoQVg9SMFoxWlJaMFowV
lFaUV5SXjFeMV5RXnJecmJyYnNic2JSXnNik2aTZnJicmKTZpRqtGqUZpNilGa0Z
rRmcmKTYrRm1WrVarRqlGa0atVq1Wq0arRq1W7VbtVu1W7VbrRutG7VbtVu1W7Ub
tRu1W61btVytG60arRqtG61brRulGqUarRqtGqTapNmk2aUapNmc2ZzZnRmc2ZzZ
nNmcmJSYlJiUmJSYlJiMmIxYjFiMWIxYhFiEV3wWdBZ8FnwWe9Zz1XQWdBZz1WOU
a5Vr1WvVY5RbUmOUY5Rbk1MSUxJbU1tTUxJCkUJRQpFzk3uUg9WEFXvUe5SEFYwV
jBaL1YPVjBaMV5RWjBaEFZRXlFeUl4xWjFaUV5yXnJic2JzYnJiUl5zYpNmlGZzY
nJik2aUZrRmtGaTYpRmtGa0anJik2K0ZrVq1Wq0apNmtGq0atVqtGq0atVq1W7Vb
tVu1W60arRq1W7VbtVytW60arRq1W7VbrRqtGq0arRqtG60bpNqlGq0arVqtGaTZ
pNmk2aTZnNic2ZzZnNqc2ZTZlJmUmJSYlJiUmIyYjJiMWIxXjFiMWIxYhFd8FnwW
fFZ8FnPVa9R0FXQVc9RjlGuUa9Rr1GOTW1Jjk2OUW1NTElMTU1RTE0sSQpBCkEKR
c5NzlHvUhBV71HuThBWMFYwVhBWD1IwVjFaMVoxWhBWUV5RXlFeUFpRWnFecl5zY
pNic2JyXnJec2KTYpNmcmJyYpNmk2a0ZpNmk2KTZrRmtGaTYpNitGq1atVqtGqTZ
rRqtWrVbrRqtGrVbtVu1W7VbtVutGq0atVu1W7VbrVqtGq0atVu1W60arRqtGrUb
rRutG6TapRqlGq0bpNmk2aTZpNmc2ZyZnNmc2pzanNqc2ZSZlJiUmJSYjJiMmIyY
hFeMWIxYjFiEV4QWfBZ8FnxWdBZz1XPVfBZz1WvVY5RrlGvUa5RjVFsTY5VjlFuU
UxJTElNTWxJTEkKQQpBCkHOTc1N71HvVc9Rzk3vVjBaMFYPUg5SEFYxWjFaEFYPU
jFaUVpRXjBaMFpRXnJecmJzYnJicmJRXnJic2aTZnJicl6TYpRmk2aTZnJmk2aza
rRmcmKTYrRmtGq0arRqk2a0arRqtGq0arRq1W7VbtVu1W7VbrRqtG7VbtVu1W60a
rRqtG61brVutGq0arRqtG60brRqk2aUZpRmtGqUZnNmc2aTZpNmcmJzZnNmc2ZzZ
nJmUmZSYlJiMl4yYjJiMmIRYjFeMV4xXhFaEVnwWfBZ8FnwWc9Vz1XwWc9Vr1WOU
a9Rr1GvUY1RTE2OUY5RbU1MSUxNbU1MTUxJCkEKQSpF71XvVe9V71XvVc5R71IQV
jBWEFXvUe9WMVoxWhBZ71YwWlFeUV4wWjBaMFpRXlFeUV4xWlFeUVpRWnJec15SX
lJecl6TYpNik2JyXnJik2aTZlFicmKTZpNqtGaTZpNitGa0atVutGaUZrRqtW7Vb
tVu1Wq0arRu1G7VbtVutG60atRutG7VbrRqtGq0arRqtGq0apNmlGaUapRqc2ZzZ
nNmk2aTZnJmcmZzZnNmc2ZzZlJiMmIyYjJiMmIyYjJiMWIxXjFeMV4RXhBd71nwW
fBZ0FmvVa9V0FnPVa9RjlGPVa9Vr1FtTWxNjlGOUW1NTElMTU1NTE0rSQpBCUEKQ
g9SD1IPUg9R71HOTe9SEFYQVhBV71YPUjFaUVpRWjBWMFZRXlJeUWIxXjFecmJyY
nNicl5SXnNic15zYnJik2ZyYnJicmJzYnJecl5yXpNicmJyYpNmk2a0arRqk2ZzY
nNitGbVarRmk2K0ZtVu1W7VbrRqtGq0arRqtGq1brRqtGa0arRq1Wq0apRqlGq0a
rRqtGqTZpNmk2aTZpJic2JzZpRqc2ZSYnJic2ZzZnNmU2JSYlJiMmIyYjJiMmIRY
hFeEV4xXhFeEF4QWe9V8FXwWfBZz1XPVdBVz1WuUa5RrlGuUa5RbU1tTY5RjlFtT
UxJTE1NTUxNK0kKQQlFCkHvUe9R71HvUe9Rzk3vUhBWEFYwVg9SD1IQWjFeMVoQV
hBWMVpRWlFeMV4xWnJecmJyYlFeUV5yZnJicmJyXnNik2KTZpNmk2ZyYnNitGa0Z
rRmk2KTZrRqtGq0arRutGq0arRqtWq0arRqtGq0atVu1W60arRutGq0arRu1W7Vb
rVqlGa0arRqlGqTZpNmlGq0arRqlGZzYnNmk2ZyYlFecmKTZnJiUl5SXnNic2JSY
lJeMl4xXjFeMV4yXjFeEV4RXhFeEV4RXfFZ8FnQVdBV8FXPVa9Vr1GvUa9Rj02OT
Y5RjlGOUW1NTU1uUW5RTU0sSSxJTU1MTUtJCUEJQSpB71HvUe9R7lHPTc5N71IQV
hBWEFYPUg9SMFYxWjFaEFYQVjFaUVpRXlFaMFpRXnJecmJRXlFek2KTYnNiUV5yY
pNmk2aTZpNmkmJyYpNmk2aTZnJik2KUYrRmtGq0arRqtGqUZrRmtGq0apNmlGa0a
tVutGqUarRqtGrVbtVutGrUarRq1Wq0arRqtWq0ZrVqtGq0arRqk2aUapRqc2ZzZ
nNmc2ZzZlJicmJzZnNic2ZSZjJiMmIxYhBeMV4RXhBeEV4RXhFeEV4QWc9Vz1XwW
fBZzlGOTa9Rr1GuUY1NjlGOUW5RbVFMTUxNTU1tTUxNLElMTUxNK00KRQlBCUEKQ
e5R71HvUe9R7lHOTe5SEFYQVhBZ71YPUhBWMVpRWhBWEFoxXlFeUV4xWjBaUV5yY
nJeUVpRXnJic2JzYlJecmKTYpNmk2ZzZnJicmKTZpNmk2ZyYpNik2a0ZrRmtGa0Z
rRmtGa0arRqtGqTZpNmtGq0arRqtGq0arRqtGq0arRqtG60arVulGqUZrRqtGqUa
pRqlGqTapNmk2aTapNqk2ZzZnNmc2JzZnJicmJSYlJmU2ZSYjJiUmIxXjFeMV4xX
jFeMWIxXhBeEF3wWfBZ8FnwWa9Rr1HQVbBVr1WvUa9VjlGOUY5RjVFtUU1NTE1MT
UxNS01LSStJKkUKQQk9CkHvUe9R71HuUc5Rzk3vUhBWEFYQVe9R71IQVjFWMVoQV
hBWMVoxWjFeMVoQWlFecmJyYlFeUV5yYnNic2JRXnJik2aTZpNmk2aSYnJik2aTZ
pNmcmKTYrNms2a0ZrRqtGq0ZpNmtGq0arRqk2aTarRq1Wq0ZrRqtGrUarRutGqza
rRqtGq0arRqk2aUapRqlGqUZpNmk2aTZpNmk2ZzZnNmcmZyZnNmcmZSYlJiUmJSY
lJiUmIyYjJiMWIxXjFeEV4RXhFeEV3wWfBZz1nwWe9Z71XOVa9Vr1WvVa9VrlWOU
W1NjlGOUY5RTU1tTW1RbVFMTStJS0lLSUtJCkEKQStF71HvUe9V71HuUc1N7lIPV
hBWEFXvUe9SEFYxVjFaEFYQVjFaMVoxXjFaMFpRXlJeUmIxWjFacmJyYnJeUV5yY
nNik2aTZpNmk2ZyYpNmk2aTZnJic2KTYpRmtGa0ZrRmlGaTZpNmtGq0apNmk2q0a
rRqlGaUZrRmtGrUarRqk2q0arRqtG6UapRqlGqTapNqk2qTapNmk2KTZpNmk2ZyZ
nJicmJyYnJiUmJSYlJiUmZSZjFiMWIxYjFeMF4xXjFeEV4RXhFeEFnwWfBV8FnwV
c9VzlGvUa9Vr1WvUY5RjVFtTY5RjU2NUUxNTE1tUW1NTEksSUtJTEkrSOlBCkEqQ
c9Rz1HvUe9Rz1HOTe5SD1YQVhBZ71HvUhBWEFowWhBWD1YxWlFeUV4xXjBaUV5SX
lJeMV4xXnNicmJyYlFecmKSYpNik2ZzYnNicmKTZpNmk2ZyYnJik2aTZpRmtGa0Z
pRmk2aTZrRqlGqTZpNmtGa0apNmlGa0arRqtGq0apRmlGq0arVqlGaTZpRqlGaUZ
nNmk2aTZpNmk2aTZnNicmJSYlJicmJSYlJiUmJSYlJiUmJSYjFiMV4xYhFeEV4RX
hFiEV3xXfBZ0FXQVdBV0FWvUa5Rr1WvVa9Vr1WOUW5RbU2OUY1RbVFMTUxNbVFtU
SxJK0ksSSxJK0TpQQpBCkXuUe5R71HPUc9Nrk3PTfBSEFIQVe9R71IQVhFWMVoQV
g9WMFpRXlFeMVoQVlJeUl5SXjFaMV5SYnJmcmJRXnJik2ZzZnNmc2ZzYnJek2aTZ
nNmcmJyYpNik2a0ZrRmk2aTYpNilGa0ZrRmk2KTZpNmtGqTZpNqs2q0arRqtGqUZ
pRmtGq0apNmk2aTZpNmk2aTZpNmk2ZzZnNmc2ZzZnNmUmJSYlJiUmJSYlJiUmJSY
lJiMV4xYjFeEV4RXhFeEV4RXhFeEVnwWdBV8FXQVdBVr1GvUa9Rr1WPVa9VjlGOU
W1NjlFtUW1RTE1MTU1NTU0sSSxFTEksSStI6UEJQQpFzlHvUe5R7lHOUc1NzlHvV
g9WEFXvUe9SEFYwVjBaD1YPVjBaUV4xXjFaEFoxXlJiUl4xWjFacl5yYnJeUV5yY
pNik2JzYnNiUmJSYnNmk2aTYnNicmKTZpNmk2aTZpNmk2ZzYpNmtGa0ZpNik2a0Z
rRqk2aTZpRmtGq0arNqk2qUapRqtGqTZpNmk2aTZnNmc2ZzZpJicmZzZnNmc2ZTZ
lJiUmJSYlJiUmJSYjJiUmJSYjFeMV4xXjFeEV4RXhFeEWIRXhBd8FnwWdBV0FWvV
a5RrlWuVa9VrlWOVY5RbU1tTY1RbVFtUStJTE1NTUxNK0krSStNK0kKROlA6kEKR
e5N7k3uUe5Rzk3OTe5N71YPVhBV71HvUhBWMFowWg9WD1YwWjFaMVowWg9WUV5RX
lJeMVoxWlJicmJyYlFecmJzYnNic2JyYlJiUmJzZpNmk2JyXnNik2KTYpNmk2aTZ
pNmk2aTZrRqtGaTZpRmtGq0apNmk2aTarRqtGq0apNmk2qzarRqk2aTZpNms2aTZ
nNic2JzYnNic2JzZnNmUmJSYlJiUmJSYlJiMmIyYlJiMmIxXjFeEF4RXhBeEF4QX
hBeEF4QXfBZ8FnQWdBVz1WuUa5RrlWvVa5VjlWOUW1NTE2OUW1RbFErSUxNTU1MT
QtJK0lLTUtJKkTpQQpFCkXOTe5R71HOUc5NzU3OTe9WEFYQVe9R7lIPVjBaMFYPU
g9SMFoxWjFaMVoQVjFaUl5SXjFaMVpSYnNicmJRXnJic2ZzZnNmUmJyYlFek2KTY
pNicmJyYpNmk2aTZpNmk2ZyZpNik2a0ZpRmc2KTZpNmtGaTZpNms2a0ZrRqlGqTZ
pNmk2a0anNmk2aTZpNmk2ZyZnNmc2ZTZnNmc2ZzZlJiUmIyYlJiUmJSYjFiMV4yY
jJiMV4xXjFeEV4QXhBeEF4QXhBeEF3vWe9Vz1XPVa9Vr1GvUa9Rr1GuVY5RjlFtT
WxNbVFtTW1NK0VNTWxNTE0rSStJK0krSQpE6T0KQQpBzk3OUc5RzlHOUa1NzlIPU
g9SD1XPUc9R8FYQVjBWD1IPUjBaMF4xWhFWEFYxWjJaUl4xWjFaUmJTYlJiUV5SY
nNmc2JzYnJiUl5SXpNmk2ZyYnJicmKTZpNmk2aTZpNmkmKTYpNilGaTZnJik2aTZ
rRmk2aTZpRqtGq0apRmk2aTZpNmk2ZzZpNmk2aTZpNic2JzYnNicmJzZnJicmJSY
lJiUmJSYlJiUWIxYjFiMWIxYhFeEV4QXhFeEF4QWhBaEFoQXfBZ71XPVc9Vz1WvU
Y5RjlGOUY9VjlFuUW5RbVFNTW1RbVFsTSxJTE1MTUxNKkkrSStJK0kqROhBCkEKQ
c5R7lHOUc5RzVGtSc5N71HvUe9V7lHuUg9WEFYQVg9R71IwWjBaMVoQWg9WMVpRX
lJeMVoxWlJeUmJSXjFeUl5zYnNicmJyYnJiUl5zYnNic2JSYnJicmKTZpNmk2aTZ
nNicmKTYrRmk2JzYnNmlGaUZpNmk2aUapRqlGqTapNmk2aTZpRqc2ZzZnNmc2ZzZ
nJmcmJSYlJicmJyYnJiUmJSYlJiUmIyYjJiMV4xXjFeMWIRXhFeEF4QXhBeEF4QW
hBaEFoPWe9Vz1XPVc9VrlGuUY5RrlWuVa5VjVGNUW1NbU1tUU1RTE0rSUxRTE1MT
StJK0krSStJCkjIPQpBCUHOUc5RzlHOUc5RrU3OTe9R8FXwVc5Rzk4PVg9aEFnvV
e9WEFoQWjFaMFoPVjFaMV5SXjFaMVpSXlJeUl4xWlJec2JzYnNicmJSXlFec2JzY
nJiUmJyYnNmk2aTZpNmk2ZyYnNik2aTZpNmc2KTZpNmk2aTYpNik2aTapRqk2ZzY
pNmk2aTZnJmc2ZzZnNmc2ZSZnJicmJyYnJicmJSYlFiMWIxYlJiMWIxXjFeMV4xX
jFiEF4QXhBeEF4QXhBZ8FnwWfBZ71nvVc9Vr1WvVa5RjlGOUY5RrlGOUY1RbVFNU
U1NTVFNUSxNC0ksUUxNLE0LSQtJK0krSQpE6UEKRQpFzk3OTc5RzlHNUa1Nzk3vU
e9R71XOUc5N71IQVhBV71HvUjBaMFowWjBaD1YwWjFeUV4wWjBaUl5yYlFeMVpSX
nJicmJyYlJiUWJRXnJic2JyYlJeUmJzYnNik2aTZpNmc2JyYnNik2aTYnNic2KTY
pNmc2JzYpNmlGaTZpNmcmKTZpNmk2ZyYnNic2ZzZlNmUmJyYnJicmJyYnJiUmIxY
jFeMV4xYjFeMV4xXjFeMV4xXjFeEV4RXhBeEF3wWfBZ8FnwWc9Zz1nPVc9Vr1WvV
a5VjlGuUY5RjlGNTW1RTE1MTU1RTU1MTStJTE1MTStNCkkrSStJK0kKROlBCkUKR
a5RzlHOUc5Rrk2tSc5N71HvUfBV7k3OTe9SD1YQVe9R7lIQVjBaMFowWg9WMVoxW
lJaMVowWlFeUmJRXjBaUl5yYnJicmJyYlFeUV5yYnJiUmJRXlJec2JzYnNic2JzY
nNicmJzZpNmk2JyYpNik2KTZnJic2aTZpRmk2aTZnNmk2aTZpRmcmZzZnNmk2ZyZ
nJicmJyYlJiUmJSYlJiUV4xXjFeMV4RXjFeMV4xXjFeMV4RWhBaEFnwWfBZ8FnwW
fBZ8FnvWc9Vr1XPWa9VrlWOVY5RjlGOUW5RbU1tTUxNTE1tTWxNTE0rSUxNS00sT
QpFC0kLSQtFCkTpQQpE6UHOTc5Nzk3OTc5JrUnOSe9R71IPUc5Nzk3vVg9WEFXvU
e9SEFYRVjBaEFoQVjFaMVpRXjBaMFpRXnJeUV5RWlJecl5yYnJiUl5RXlFacmJyY
nJiUV5RXnJicmKTYpNmcmJyYnJicmKTZnJicmJyYpNmk2ZyYnJik2aTZpNmk2ZyY
nNmk2aTZnJicmJyYnJicmJyYlJiUmJSYlJiUmJSYjFeMV4xXjFeMV4xXjFeMV4xX
jFeEFoQWfBZ71nwWfBV8FnwXfBd0FnPVa9Vr1WuVY5VjlGOUY5RjlGOUW1RbVFNT
UxNbU1sTUxJK0lMTUxNS0kKRQpFK0krRQpA6UEKQQpBzU3NTc5Nzk2uTY1JrU3OU
e5V71XOTc5N71IQUhBV71HPUhBWMFowWhBZ71YwXjFeUV4wWhBaUWJSYjFeMFpRX
lJeUmJSYlJiMl4xWnJicmJyYlFeUWJyYnJicmJzZnJiUmJSYnJik2ZyZlJicmKTZ
pNmcmJyYpJik2aTZpNmcmJzZnNmc2ZSYnJicmJyYnJiUWJSYlJeUmJSYlJiUmIxX
jFeMV4yXjFeMV4wXhFeEV4RXfBaEFoPWg9Z8FnwWfBZ8F3wWc9Zz1WvVa9Vr1WuV
Y5RjlGOUY5RjlFtTW1NTE1MTU1NTE0rSStJTEksTStJCkUrRStFC0TpQOlBCkEJP
a1NzU3NUc1RrU2tTa1NzlHuUe9Rzk3OTe9SD1YQVe5R7lIPVjBaMFoQWe9WEFoxW
jFaEFowWlFeUV5RXjBaUV5yYnJicmJyYlFeMVpyYlJicWJRXlFiUmJyYnJmcmZSY
nFecmJyYpNmc2JyYnJikmKTZnJic2KSZpNmk2ZzZnJic2JzYnNmUmJSZnJicmJRX
lJiUmIyYlFeUWJRYlFiMV4xXjFeMV4xXhFeEF4RXhFeEV3wWfBZ8FnwWfBZ8FnwW
fBZ8FnPVc9Vr1WvVY5RjlGNTY5RjlGOUY5RbU1sTUxJTE1MTUxNLEkrSUxJK00rS
QpJKkkrSQpFCUDoPQlBCUGtTa1Nzk2uTa1NrUmtTc5RzlHvUc5Nzk3vUg9SD1XuU
c5SD1oQWhBaEFXvUhBWMVoxWhBWEFYyXlJeUVowWlFecV5yXlJiUmIxXjFeUl5SY
lJeMV5RXlJecmJyYnJicmJxXnJecmKTYnJecV5yYnJicmJyYnJicmJzZnNmcmJyY
nJicmZzYlJiUmJSYlJiMWJSYlJiUl5RXlFiUWIxXjBeMF4xXjFeMF4QXhBaEF4QX
hBaEFoQWfBZ0FXQVfBV8FnwWfBZz1XPVa9VrlWOVY5RblGOUY5RjlFuUW1RTU1MT
UxNTE1MTStJK0lLTStJCkkKRQpJK0kKSOlE6UDpQOlBrUmtTc1NzU2tTaxJrU3OU
c5RzlXOTa1NzlHvVe9VzlHOUe9WEFYQVg9V71YQWjBeMV4QWhBWMVpRXjFaMFoxX
lJeUmJSYlFiMV4xXlJiUmJSXjFaUV5SYnJicmJyYnJiUWJRXnJicmJSYlJeUl5zY
nNiUl5SYnJic2ZzZlJiUmJSYnJiUmJRXlJiUmJSYjJiMWIxYjFiMWIxYjFiMV4wX
jBeEV4RXhFeEFoQWhBeEF4QXhBZ8FnwWe9V71nvWe9Z8FnQWc9Vr1WOVa5VjlWOU
Y5RblGOUY5RbU1tTU1NLE1MTUxRTE0rSStJLEksTQtJCkUKSQpJCkjpQOk9CUEJP
a1JrU2tTa1NjEmMSaxNzlHOUc5RzU3NSc5R71HvVc5Nzk4PVg9WEFoQVe9SEFYQW
jFaEFYQVlJaUV4xXhBaMV5SYlJiUmJRXjFeMF5RYlJeUV4xWjFaUl5yXnJicl5yY
lFeUV5yYnJiUl5SXlJec2JzYlJeUmJzYnNic2ZSYlJiUmJzYnJiUV5RYlFiUmIxY
jFeMl4xXjFeMV4xXhBeEF4QXhBeEF4QXhBeEF4QXhBeEF3vXfBZ71nvVe9Vz1XPV
c9Zz1mvVa9VjlGuVY5RjlFuUW1RjlGNUW1RbU1NTSxNTU1MTUxNK0krSStJK0kKS
QpFKkkLSQpE6UDpQOlA6UGtSa1NrU2tTYxJjEmsSc1NzlHPUa5NrU3OUe5V71XOU
c5R71YQVhBV71HvThBWMVoxWhBWEFZRXjJeMVoQWhFaUl5SXlFeUV4xWjFaUl5SX
jFeMFpQXlFicWJSYlJiUmJRXlFeUmJyYlFeMV5RXnJicmJRXlFicmJzZnJicmJSY
lJiUmZSYjFiUmJRYlFiMWIxXjFeMV4xXjFeMV4xXhBaEFoQWhBd8FnwWfBaEFoQW
fBZ0FnwWfBZz1XPVc9Vz1XPWc9ZrlWuVa5VrlWNUY1RjVFtUW1RbVFtUU1RTU0sS
SxNTE0sTQtJK0ksTQtJCkUKRQpFCkUKROlA6UDpQOlBjEmtTa1NrU2NSWxJjEnOU
c5RzlGuUa1NzlHPUe9VzlHOTe9WD1YQVe9R7lIQWhBaMFoPWg9WMVpRXjBaEFYxW
jJeMV5RXjFeMVowWlFeUV4xXjBaMVpRXlFeUmJSYlFiMV4xXlJeUmJRXjFaUV5yY
nJiUV5RYlJiUmJSYlFeUV5SYnJiUmIxXjFiUWJRYjBeMF4xXjFaMV4xXjFeEV4QW
hBaEFoQWfBZ8FnwWfBZ8FnwVc9Zz1nPVc9Vz1XPVc9Vz1XPVa5VrlWuVY5VbVFtU
W1RbVFtUW1RTU1MTUxNTE1MTUxNLE0LSStJK00rSQpFCkUKSQpJCkTpQOlA6UDpP
a1JrU2tTa1NjU2MSYxJrU3OUc5RrU2tTc5R7lXvVc5Nrk3vVfBV71XvUc5SD1oQW
hFZ8FXwVhFaMVowWhBWMVoyXjFeMV4xXjBaMFpRWlFeMV4wWjFaMV5RXlJiUmJRX
jFeMV5SYnJiUV5RXlFeUmJSYlFeUV5SYlJiUmIxXjFeMV5SYlFiMV4xYjFeMV4wX
jFeMV4RXhFeEV4RXhBZ8FoQWhBaEFnvWfBZ8FnwWfBZ8FXPVc9Vz1XPUc9Vz1XPV
c9Vz1WuUa5RjlGOVW1RbVFtUW1RbVFtUU1NTU1NTUxJTE0sTSxJC0ksSQtJC0kKR
QpFCkUKSOpEyUDpQOlE6T2MSa1JjUmNSYxJbEWMSa1Nzk3OTa1JrUnOTc9R71GuT
a1N71HvUe9V71XOUe9WEFoQWe9V71YQWjFeMFoQVjFaMVoxXjFeMF4wWhBWMVoxW
jBaMFowWlFaUV5RXlFeUV4wXjFaMV5SYjFeMV5RXlJiUmIxXjFiUmJSYlJiMV4xX
lFeUWIxXjBeMV4xXjFeMV4wXjBeMF4QXhBeEF4QXfBWEFYQWhBZ8FnwWdBZ8FnwW
dBZz1XPVc9Vz1WvVa9VsFWvWa9VjlGOVY5RjlGOUW1RbU1tUW1RbU1MTUxNTE0rS
UxNK0krSQpJK0kLSStJCkUKRQpFCkTpQMlA6UDpPOk9jEmMSYxJjEmMRWtFjEmtT
a1Nrk2NSY1Jrk3OUe5VrU2tTc5R71HvUe9Rzk3vUhBWEFXvUe9SMFoxWhBZ71YQW
jFeMVoxWjFaMFYQVjFaMVoRWhBaMVpRXlFeUV5RXlFaMFoxWjFaUV4xWjFaMV5SY
lFeMV5RXlFeUmJSYjFiMV4xYjFiMWIQXjFiMV4xXhBaEFowWhBaEFoQXhBeEFnwV
hBZ8FnwWfBV8FXwVfBZ8FnvVc9Vz1XPVa5Vr1WvVa9Zr1WuVY5RjlGOUY5Rbk1tU
W1RblFtUU1RTE0sTSxNK00sTStNLEkLRStJK0kLSQpJCkULRQpE6kTIQOlA6UDpQ
Y1JjEmMSYxJi0lrRWxJrU2tTc1NjEmMSa1NzlHOUa1NrU3OUc9V71XPUa5N71IQV
hBV71HvUhFWMVoQVe9WEFowWjBaMVowWhBWEFYxWjFaEFYQVhBaMVoxXjFeMV4xX
jBaMVpRXlFeMV4wWjFaUV5RXjBaUV5RXlJiUWIwXjFeMV4yXjFeEFoxXjFeMV4wX
hBaEFoQWhBaEFoQWe9V71XwWfBZ8FnPVc9Vz1XQWdBZz1XPVa9Vr1WvUa5RrlWvV
a9Vr1WOUY5RjlGOUW1NbU1tUW1RbVFtUUxNTE1MTStJTE0sSSxJC0UrSStJC0jqR
OpFCkUKROlE6DzpQOlAyT2LRYtJbElsSUxJS0VrRYxNjU2tUYxJjEmtTa5NzlGtS
a1Jzk3vUe5RzlHOTe9R71XwVc5Rz1IQVhFWEFXvUhBaMFoxWjBaEFoQVhBWMVoxW
hBWEFYwWjBaMVoxWjFeEV4QWhBaMV4xXjBaMFowWlFeMV4wWjFeMV4xXjFeMV4xX
jFeUV4xWhBaMVowWjBaEFYQVhBaEFoQWjBaEFnwWc9V8FXwVfBV71HvVc9Vz1XPV
a9Vr1WvVa9VrlGuUa5Rr1WvVa9VjlGOUY5RblFNTU1NTU1tTU1RTU0sTSxNLEksT
SxJLEksSQpFK0kKRQpJCkTqRQpFCkTpRMg86UDpQMk9a0VrRWtFa0VKRUpFakWMS
Y1NjU2MSYtFrEmtTa1NjEmMSa1NzlHOUc1NrUnPUe9R71HOTc5SD1YQVe9VzlHwV
hBaEFoQWe9Z71XvVhBaEFoPVg9WEFYwWjBaMFowWhBWEFYQVhBaMVoQVhBWEVoxW
hFeEFoxWjFeMV4xXhFeEF4RXjFeEFoQWhBaEFoQWe9Z71oQWhBZ8FnwWfBZz1XOU
c9V71XvVc5Rz1XPVc9Vz1WvUa5RrlGOUY5RjlGuUa9Vr1WOVY1RjVFtUW1RTU1NT
U1NTU1NTS1NLEksTSxNC0krSStJK0kKRQtJCkkKSOlE6UjqROpE6UDIPOlA6UDIP
WpBakVqRUpFSkVJQUpFi0mLRYxJa0VLRYxJjE2tTYxJjEmtTc5Rzk2tTYxJrk3PU
c9RrU3OUe9V71XvUc5N8FYQVhBWEFXwVe9Rz1IQVhBV71HvUg9WEFYQWhBaEFoQW
hBWD1oQWjBaD1YPVjBaMFowWg9WMFowWjFeMFoQWhBaEF4xWhBZ71YQWhBaEFnwV
fBV8FXvVe9V71nvVe9VzlHvVc9Vz1WvUa9Vr1XPUc9RrlGuUa5RrlGNUY1RjlGOU
Y5VjlVtUW1RbVFtTUxNTE1MTUxNTE1MTStJK0krSStJK0kqRQpJCkUKSOpI6kTpR
OlE6kTpQMk8yDzIPOg8yDlJPWlBSUFJQUg9KDlJPWpBakFrRUpBSkFrRYxJjElrR
WpFrEmtTaxJjEmLSa1RrU2uTa1JrU3uUe5RzlGtTe9R71HvUe9R7lHOUc5R71XvV
c5VzlHuUg9WD1YQVg9WD1XvVg9WEFoQWe9R71XvVhBV8FXwVhBWEFYQWhBaEFYQV
hBaEFnwWe9WD1nvWe9Vz1HPUe9V71HvVe9Vz1XPVa5RrlXPUa5RrlGuUa5RrlGuU
Y5RjlGOUY1RjVGNUY5VjlWOVY1RbU1tUWxRTE1MTUxNLEksTSxNK0kLSStJK0krS
StJCkkKROlFCkTqROlE6UTpQOlA6UDIPMc46DzoPMc5KDUoOSg5KDUnNQc1KDlJP
Uk9SUEoOSg5ST1qQWpBST1JPWtFjEVrRWtFakGMSaxJrEmLRYxJrU3NTaxJjEXNT
c5NzlHOTa1NrU2tTc5RzlGtTc1NzVHuUe5R71HuUe5R7lHvUg9R71HPUc5R71HwU
e9Rz03vUfBWEFYPVe9R71XvVe9Vz1XOUe9V71HvVc5R7lHPUc9Rz1HPUc5RzlGtT
c5RrlGNUY1RjlGOUa5RrlGNTY1NjVFsTWxNbVFtUW5RbVFNTUxNTE1MTUtJK0krS
StJK0krSStFCkULRQpFCkUKRQpFCkUJQQlBCUDpQOhA6EEJROhAxzynOMg8yDinN
QctBy0HLQcw5zDmLQcxKDEoMSg1CDEHMSg1STlJOSg1KDVKPWo9aj1KPSk5a0FrR
WtFSkFqQaxJrEmLRWtFjEmtSaxJrEmMSYtFjEXNTa1JjEWMRa1JzUnNTc1NzU3NT
a1NrU3OTc5RrU2tTc5Rz1HOUa1NzlHOUc5RzlHNTc5NzlHOUc5NrU3OTc5RzlGtT
a1RrU2tTa1Nrk2tTa1NjU2NTY1NjU1sTY1NbU2NTW1NbUlsSWxNS0lLSUxJTE1MT
WxNS0lLSStJK0krRQtFCkUKRQpFCkUJQQlBCUTpQOlA6UDpQOlA6TzpPOg86DzHO
Mg4yDjIOKc0pzDHNMc0pjEGJQYlBiTmJOYgxiTmJQcpByknLQYo5ikHLQgxCC0HL
QctKDUoOSg1KDEoMUk1SjlJOSg1KTlqPWo9aj1JOYpBi0WLRWtBakFKPWpBi0WLR
WpBaj1rQYxFrEmsRaxFjEWLRYxFrEWsSYtFjEWMSa1JrEmMRaxJrEnNTa1NrE2tT
a1NzU2sSYxJrUmtSaxJjEmMSYxJjEmMSYxNbE1rSWtJa0lsSWxJbElsSWxJbElsT
UtFS0VLRSpFKkUqRSpJK0krSQtJKkUqRSpFCUUJQQk9CT0JPQk9CTzoPQg86DjoO
Og46DjoNMc0xzTHNKc0pjCnMKc0pzCGMIUspiymLKUsxRjFGMUYxRikGMQcxRzlI
OUg5SDFHMUc5iEHJQYg5SDlIQYpBykHKQck5iUHKSgtJy0HKSctSTFJMSgtKC1JM
Uk1STlJOUk5KDVINWk5ajlJNUk1aTlqOWo9aj1qPWk5aj1qPYtBi0FqPWs9az2LQ
Yo9ij2LQYtFi0WLQYtBi0WLRYtFakVqRYtFi0WLRWtFa0VrRWtFa0VrRWtFS0VKQ
UpBSkFKQUpBSkFKQUpBSkFJPUk9KT0pPSk9KUEJQQlBKUEJQQlBCT0IPQg86DjnN
Og06DToNOc05zTHNMYwxjDHMMcwxiymLMYsxiymLKUopiimKKUohSSEJIUkhSiEJ
MQQwxDDEMMQwxDDEKMQwxTEFMQUpBSkFMQU5BjkGOQU5BTlGOYYxRzFHMUdBiEGI
QYc5RkFHSchByTmIOYhByUHJSclBykGKQclBylILUgtJyknKSgtSC1ILUgtSC1IL
UgtSC1JMUkxKC1ILUg1aTVpMUgxaTVpOWk5aTlINWk5STlKOUk5STlJPUk5SjkpO
Uk5STlJOUk5STlJOSg1KTUpNSk5KTUoNSg5KDUoOSg5KDUINQg1CDEINQg1BzUIN
Qg1CDToNOcw5zDnMOcsxyzGLMYsxizGLMYsxijFKMUopSilKIUkhCSlJKUkpSSEI
IQghCCEIGMcYxyEHIQghByjEKMQoxCjEKMQwxCjEMQQwxDDEMMQwxDDEMMQ4xDEE
MMQ5BTkFMQU5BTkFOQY5BTkFOQU5BTlFOUY5RjlGQUZBRkFGQUZBRkFGQUZJh0mI
QUdBR0mISYlJiEGJSYhBiEGISYhJyUnJSchJyEnJSclJyUnJScpJyknKSYpJyknK
ScpJykHJQclJyknKScpJykHKSctBykHLQcpBykHKQcpBykHKQclBykHKQco5yjnK
Oco5yjGJMYk5iTmJOYk5iTmJMYkxiSlJKUgpSDFJMUgxSClIKUgpSClIKUgpBykI
KQcpByEHIQYhByEHIQchBiDGIMYgxhjFGMUYxhjGGIUwhCjEKMQoxCjEKMQoxCjE
KMQoxSjEKMQoxCjEKMQwxDEEOQUxBTEFMQUxBTkFOQU5BTkFOQU5BTEFOQU5BTkF
OQU5BjlGOUZBRkFGSUdBRkFGQUZBRkFGSUZBRkFGQUZBRkFGQUZBRkFGQUZJRkmH
SYdJR0lHQUdBR0GHQYdJh0mHQYdBh0GHQYdBh0GHOYc5h0GHQUdBR0FHQUc5RzlH
OUc5RzlHOUc5RzlHMUcxRzFHMUcxRjFGMUYxRjFGKUYpRilGKUYpBikGKQYpBiDG
IQYhBiEFIQUhBSDFIMUYxSDFIMQYxRjEGMUYxBjEEMQYxBiEGIQYhBCEEIQQhBCD
KMQoxDDEKMQohCjEKMQoxCjEKMQoxCjEKMQwxTDEMMQwxDDEOMQ4xTkFMMU5BTkF
OQU5BTkFOQVBBUEFQQZBBkEGQQZBBkEGQUZBRkFGQUZBRkFGQUZJRklGSUZJRklG
SUZJRklGSUZJRklGSUZJRklGSUZJRklGSUZJRklGSUdJR0lHSUdJRkFGQUZBRkFG
QUZBRjlFQUZBRkFGQUY5BjkGOQY5BTkFOQUxBTEFMQUxBTEFMQUxBTEFMQUxBSjF
KQUpBSkFKQUgxCjEKMQgxCDEIMQgxCDEIMQgxCDEIMQYhBiEGIQYgxiDGIMYgxiD
GIMYgxCCEIMQgxCDEIMQQyjEMMQoxCjEKMQoxCjEKMQoxCjEKMQpBCjEMMQwxDDD
MMQwxDDEMQQxBDEFOQU5BTkFOQU5BUFGOQVBBUEFQQZBRkFGQUZBRkFGQUZBRkGG
QUZBRklGSUZJRklGSUZJRklGSUZJRklGSUZJRlFHSUZJRklHSUdJR0lHSUdJR0FG
QUZJR0FHQUZJRklGSUZJRklGQUZBRkFGQUZBRkFGQUY5RjlGOQY5RjlGOQY5BTkF
OQU5BTkFOQUxBTEFMQUpBTEFMQUpBSjFKMUoxSjFKMQoxCDEIMQgxCDEIIQghCCD
IIMYgxiDIIMYgxiDGIMYgxCDEIMQQxCCEIIQghBCEEIoxCjEKMQoxCjEKMQoxCjE
MMQoxCjEMMQwxDDEMMQwxDDEMMQwxDDEMMQwxDjEMMQxBTEFMQU5BTkFOQU5BTkF
QQVBRkFGQQZBRkFGQUZBRkFGQUZBRklGSUZJRklGSUZJRklGSUZJRklGSUZRRklG
SUZJR0lHSUdJR1FHSUdJR0lHSUdJR0lHSYdJh0FGQUZBRkFGQUZBRkEGQUZBRkFG
QUY5RjlGOUU5RTlFOUUxBTkFOQUxBDEFMQUxBTEFMQUxBTEEKQUoxCjFKMQoxCjE
KMQoxCjFIMQgxCDEIMQgwyDDIMMggyCEGIMQgxiDGIMYgxCDEEMQgxBCEEIQQhBC
KMQoxCjEKMQoxCjEKMQoxCjEKMQoxDCEKMQoxDDEMMQwxDDEMMQxBDEEMQQxBTEF
MQUxBTEFMQUxBTEFMQU5BTkFQQU5BTkFQQZBBkFGQUZBRkFGQUZBRkFGQUZBRkFG
QUZBRkFGQUZBRkFGSUZJR0lGSUZJRklHSUZJR0lHSUZJR0lHSUZJR0FGSUZJRklG
QUZBRkFGQUZBRkFGQUZBRkFGQUVBRjlGOUY5RjlGMUY5RjlFMQUxBTEFMQUwxTEF
MQUxBTEEKQQpBCjEKMQowyjEKMQoxCDDIMQgxCDEIMQghCCEIIQghBiDEEMQgxCD
GIMYgxBDEEIQQxBDEEIQQijDKMQowyjEKIQoxCjEKMQoxCjEKMUohCjEKMQoxDDE
MMQwxDDEMMQwxDDEMQQxBTEFMQUxBTEEMMQwxDDEOQU5BTlFOQU5BTkFQQVBBTkF
OQVBBUEFQUZBRkFGQUZBRkFGQUZBRkFGQUZBRkFGQUZBRkFFQUZBRkFGSUZJRkFG
SYZJRklGSUZBRkFGSUZBRklGQUZBRkFGQUZBRkFGQUZBRkFGQUY5RjlFOUY5RjlG
OUU5RTkFOQU5BTkFMQUxBTEEMQUxBTEFKMQoxCjEKMQoxCjEKMQoxCDEIMQgxCDE
GMQYgyCDGIMYgxiDGIMYgxiCEIMQQxBDEEIQQhBCEEIoxCjEKMQoxCjEKMQoxCjE
KMQoxCjEKMQoxDDEKMQoxCjEMQQoxDDEMMQxBDEEMQQxBTEFMMUwxDDEMMQwxDEF
OQU5RTkFOQU5BTkFOQU5BTlGQUZBRkFGQUZBRkFGQUZBRkFGQUZBRkFGQUZBRkFG
QUZBRkFGQUZBRkFGQQVBRkFGQUZBRkFGQUZBBkEFQQVBRkFGQUZBRjlGQQZBRkFG
OUY5RjlGOUU5BTkFOQU5BTkFMQUxBTEFMQUxRTEFMQUxBDEEMQQxBCjEKMQoxCjF
KMQoxCjEKMQgxCCEIMQgxBjEGMMYgxiDGIMYgxiCGIMQgxCDEEIQQhBCEEIQQhBC
KMQoxCjEKMMowyjDKMMowyjEKMMowyjDKMMoxCjEKMQoxDDEMMQwxDDEMMQwxDDE
MMQxBDDEMMQxBDkEOQU5BTkFQUY5BTkFOQU5BTkFQUVBBUFGQUZBRkFGQUZBRUFG
QUZBRkmGSUZJRklGSUZJRklGQUZBRkFGSUZJRkFGQUZBRkFGQUZBRkFGQUY5BTkF
QQU5BTkFOQU5BTkFOQU5BTkFOQU5BTkFMQU5BTkFOQU5BTEEMQQxBTEFMQUxBSkF
KQQpBCDEKMQoxCjEKMQgxCDEIMQgxCDEIMQgxCDEIMQgxCDEGIQYgxiDGIMQgxCD
GIMYgxBDEEMQQhBCEEIQQiCEIIQogyiDKIMowyjDKIQowyjDKMMowyjDKMMowyjD
KMQoxCjEMMQwxDEEMQQxBDEEMQUxBTkFOQU5BUEGOQU5BTkFOQU5BTkFOQVBRkFG
QUZBRkFGQUZJRkFGQUZBRkFGQUZBRklGSUZJRkkGSUZJRklGQUVBRklGSUZJRkFG
QUZBRkFGQUZBRkFGQUY5RjkGOQUxBTEFMQU5BTkFOQQ5BTkFOQU5BTEFOQU5BTkF
OQUxBTEEMQUxBjDFMQUxBTEFKQUpBSkFKMUoxSjEIMQgxCDEIMQgxCDEIMQgwyDD
IIMggxiDGIMYgxCDGIMYgxiDGIMYgxCDEEMQQxBCEEIogyiDKIMogyiDKMMowyjD
KIMgwyDDKMQoxCjEKMQwxCjEKQQoxDDEMMQxBDkFMQUxBTEFMQUxBTkFOQU5BTkF
OQU5BTkFOQU5RTlGOUZBRkFGQUZBRkFGQUZBRkFGQUZBRkFGQUZBRkGGQUZBRUFG
QUZBRkFGQUZBRkFGQUVBRkFGQYZBRkFGQUY5RjlFOQUxBTkFOQU5BTkFOQUxBTkF
OQU5BTlFOUU5RTlFOUU5RTlFMUUxBTEFMQUxBTEFMQUxBDEEMQQpBCkEKQQgwyjE
KMQoxCjEIMQgxCDEIMQgwxiDGIMYgxiDGIMYgxiDGIMQgxCDEEIQQhBCEEIQQhBC
KIMogyjDKIQohCiEKIQoxDDEKMQoxCjEMMQoxCjEKQQwxDDEMMQwxDDEMMQxBTEF
MQUxBTEFMQUxBTkFOQU5BTkFOQU5BTkFOQVBBkFGQQZBRkFGQUZBRkFGQUZBRUFF
QUVBRUFFQUVBRkFGQUVBRjlGOUY5RkFGQQY5BUEFQQVBBTkFOQU5BTkFOUY5RjkF
OQU5BTkFOQU5BTlGOUY5RjlGOUY5RjlGOUY5RjlGOQU5BTkFOQU5BDkFMQUxBTDF
MQUxBTEFKQUpBSjEKMQoxCjEKMQoxCjEIMQgwyDDGMMYgxiDGIMYgxiDGEMYgxiD
GIMYgxiDEEMQQhBCEEIIQiiDKIMowyjEKMQoxCjEKMQpBCjEKMQoxCjEMMQwxDDE
MMQwxDDEMQQxBTEFMQU5BTkFOQU5BTEFOQY5BTkFOQU5BUEFOQU5BTlFQQVBBUEF
QQVBBUEFQQVBBUEFQQU5BTlGOUY5BUFFQQVBBUEFOQU5BTkFMQU5BTkFOQU5BTkF
QQVBRkFGQUZBRkFGSUZBRkFGQUZBRkFGQUZBRkFGQUY5RjlGOUY5RTlFOQU5BTkF
OQUxBTEFMQUxBTEFMQUpBSkEKQQpBSkEKMQoxCjDKMQoxCjEIMQgxCDEIMQgwyDD
IIMYgxiDGIMQgxiDGIMYgxiCEIMQgxCDCIIQQhBCEEIogyiDKIMowyjDMMMoxCjE
KMQgxCjEKMQoxDDEMMQxBDDEKMQoxCkEMQQoxDEEMQQxBDkFMQUxBTEFMQUxBDkF
OQUxBTkFOQU5BTkFOQU5BTkFOQQ5BTkFOQU5BTkFOQY5BjkGOUVBBUEFQQZBRkFG
QUZBRkFGQUZBRkmHQUZBRkFGQUZBRkFGQUZBRUFGQUZBRkFGQUZBRjlGOUY5BTlF
OUUxRTEFOUU5RTkFMQUxBDEFMQUxBTEFMQUwxTDFMMQwxCjEKMQoxCjEKMQoxCjE
KMQoxCDEIMQgxCDEIMMgxCDDIMMYgxiDGIMYgxhDGIMYgxCDEIMQgxBDEEIQQhBC
KMMowyjDKMMowyjDKMQoxCjEKQUoxCjEKMQoxDDEMMQwxDEEMQQxBDEFMQUxBTkF
MQU5RTkFOQU5BTkFOQU5BTkFOQU5BTkFOQVBRTlFOUY5RjlGOUY5RjlFQUVBRkFF
QUVBRkFFQUZBRkFFQUZBRkFGQUZBRkFGQUZBRUFGQUZBRkFGQUZBR0FGQUZBRkFG
OUVBRTlFOQU5BTkFOQU5BTkFOQUxBDEFMQUxBTEFMQUxBCkEKQUpBTEFMQUxBTEF
MQQpBCkEKMQoxCjEKMQoxCjEKMQoxCiEKMQgwyDDIMMYwxjCGIMYgxCDEIMQQxCD
EEMQQwhDEEIQQhBCEEIQQiiDKIMowyjDKMMowyjDKMQoxCjEKMQoxCkEKMQowyjE
MMQwxDDEMMQ4xDDEMQQxBTEFMQUxBTEFOQU5BTkFOQU5BTkFOQU5BTlFOUU5BUFG
QQZBRkFGQUZBRkFGQUZBRjlGOUZBRkFGQUZBRkFFQUVBRUFFQUZBRkFGQUZBBkEG
QQZBBkEGQUY5RjlFOUU5RTlFOUUxBTkFOQU5BTjFOQU5BjEFMQQxBTEFMQUxBTEF
MQUxBTEFMQUpBTEFKQQoxCjEKMQoxCDDKMQoxCjEIMMgwyDEIMQgxCDEIIQggyCD
IIMYgxiDGIMQghCDGIMQQhBDEEMQQhBCEEIQQhBBEEIogyiDKMMogyiDKIMogyjD
KMMoxCjEKMQoxCjEKMQoxDDEMMQwxDDEMMQwxDEEMQUxBTEFMQU5BTEFOQU5BTkF
OQU5BTkFOQU5RTkFOQU5BTkFOQVBBjkGOQU5BjlGOUY5RjlGOUVBRkFGQUZBRkFG
QUZBRkFGQUZBRkFGQUZBRkFGQUZBRjlGQUZBRUFGQUY5RTkFOQU5BTkFOQU5BTkE
MQUxBTEFMQUpBTDFMQUxBTEFMMQoxCjEKMQoxCjEKMQoxCkEIMQgxCjEKMQoxCDE
IMQgwyDDIMMggyCDIIMggyCCGIMYgxiDEEMYgxCDEIIQghBCEEIQQxBCEEIQQhBC
KIMogyiDKIMogyiDKIMwwyjDKMQoxCjEKMQoxCjEKMQoxCjEMMQwxDDEMMQwxDDE
MQQxBDkFOQU5BDkFMQUxRTkFOQU5BDkFQQVBBUEFOQU5BUEFQQVBBjkFOUZBRkFG
QUZBRkFGQUZBRkFGOUZBRkFGQUZBRkFGOUY5RjlFOQU5BTkFOQUxBTkFOQU5BTkF
OQU5BTkEOQUxBTEFMQUxBTEFMQUxBTEFKQUpBCkEMQQxBDEEKQQpBCkEKMQoxCjE
MMQoxCjEIMQgxCDEIMQgxCDDIMMYwyDDIMMggiCDIMMYgxiDGIMYwxCDGIMYgxCC
EEIQQhBCEEIQQhBCEEIQQiiDKIMogyiDKMMowyjDKMMowzDDKMQoxCjEKMQoxCjE
KMQoxCjEKIQwxDDEMMQwxDDEOMQxBTEEMQUxBTEFMQUxBTEFMQU4xTkFOQU5BTkF
OQU5BTkFOQU5BTkFOQU5BTkFOQU5BUEFOQU5BTkFOQU5BTkFOQU5BTkFOQUxBTkF
OQU5BTkFOQU5BTkFOQU5BTkFOQU5BTkFOQQxBTEFMQUxBTEFMQUxBTEFMQUxBSkF
KMUoxCkEKMQpBCjDKMQpBSkEKMQoxCjEIMQgxCDEIMQYxCDEIMQgxCDEGMMYgyCD
IIMYgxiDGIMYgxiCGIIYQhiCGIIQQhBCEEIQQhACEEIogyjDKMMowyjDKIMowyjD
KMQoxCjEKMQoxCjEKMQoxCjEKMQoxCiEKMQoxCjEKMQwxDEEMQQ5BTEFMQQxBDEF
MQUxBTEFMQU5BTkFOQU5BTkEOQU5BTkFOQU5BTkFOQQ5BTkFOQY5BTkGOQU5BTkF
OQU5RTkFOQU5BTkFMQU5BTkFQQU5BTkFOQU5BTkFOQU5BTkFOQU5BDEFMQUxRTEF
MQUxBTEFMQUxBTEFMQQxBDEEMQQpBDEEKQQpBCkEKMQoxCjDKMQoxCjEKMQggyDD
IMMYgyCDIIMggyDDIIMggxiDGIMYgxiCGIIYghiCGIIYghiCEEIQQhBCEEIQQRBB
KIMogyiDKIMowyjDKMMowyjDKMMowyjDKMQoxCjDMMQoxCiEKMQoxDDEMMQwxDEE
MQQxBDkEMQQxBDEEMQUxBTEFOQUxBTEFOQU5BTkFOQUxBTEFMQUxBTkFOQU5BTkF
OQU5BTkFOQU5BTkFOQU5BTkFOQU5BTlFOUU5BTkFOQU5BTkFOQU5BTkFOQU5BTkF
OQU5BTkFOQUxBDEFMQUxBTEFMQQxBTEFMQUxBTDEMQQpBCjEKMQoxCjEKMQoxCjE
KMQoxCDDIMMgwyDDIMMgwxjDIMMYgyCDIIMYgxiDGIMYgxiDGIIYghiCGIIYghiC
GIIYQhBCEEIQQhBCCEIIQiCDIIMogyCDKIMggyCDIIQghCCEIIQohCjDKMMowyjD
KMQowyjEKMQoxCjEKMQoxCjEKMQwxDEEMMQxBDEEMQQxBDEEMQQxBDEEMQQ5BTkF
OQUxBTEFMQUxBTEFMQUxBTEEMQUxBTEFMQU5BTkFOQU5BTkEOQU5BTkFOQU5BTkF
OQU5BTkFMQQxBDEFMQUxBTEFMQUxBTEFMQUpBTEFMQUxBSkFKQUpBSjEMMQxBCkE
KMQoxCjEMMQoxCjEIMQoxCjEKMQgxCDEIMQgwxjDIMMgwyCDIIMggyCDIIMggyCD
GIMYgxiDGIMQgxCCGIIYghiCGIIQQhBCCEEQQhBCEAI=
END f128
  chw crc32 : e9554d50   (low byte first)
  chw crc32 : b466c411   (high byte first)

-- f128fast: 128x128 RGB565, resolution register 0x0b, bus 16.0 MHz, recipe vendor --
  fifo      : 32768 bytes, expected 32768  
  timing    : setup 0.0 ms, expose 62.9 ms, read 16.5 ms  (1.89 MB/s over the bus)
  first 16  : 41 88 62 4c 62 8d 5a 8c 4a 0a 4a 0a 63 0e 63 0e 
BEGIN f128fast 128 128 32768 aeeae159
QYhiTGKNWoxKCkoKYw5jDmMOYs5ajWsQe5J70nuRa1B70owTjFSMFIPUjBWUVZSW
lJeUlpSWlJaUlpzXpRilGJTXnNedGKUZpRmlGJzXpNilGKUZnNic16TYpRmlWaUZ
nRilGaUZpVmlGZ0YpRilGa1ZrVmtWaUZpRilWaVZpVmlWqUZpVmlGa0ZrVmlGKUZ
pRmtGa0ZpRmc2J0YpRmlGZ0YnNidGKUYnRiU2JTYlNmdGJ0YnRiU15SXlNeU15TX
jJaMloSWjJeMl4yXjJaEloRVhFWEloRVhFV8FIRVfFV8FXQTdBN8U3QUc9Rr02OT
a9Nr02PSY5FjkWvSa5JrkkmIYkxijWKNScpKCmsOYw5jDmLOWo1rUHvSg9J7kXNQ
g9KMVIxUhBSEE4xVlFWclpyWnJaUlpSWjFac150XnRic15zXnRilGKUYpRic16TX
pRilGJzXnNek2aUZpRmlGZzYpRmlGq1apRmdGKUZpRmtWa1ZrVmlGaTZrRqtGq1Z
rVqlGaUapRqlWqVanRmlGaUZrRqtGqUZnNidGZ0ZpRqc2ZzYnRilGZ0YlNiU2JzY
nNmdGZUYlNiM15TXlNeU14yXjJeMl4yXjJeMl4yXhFaEVoRWjFeEVoRVfBSEVYRV
fBRz03QTdBR8FHQTa9Nr0mvTa9Nr0mOSY5Jrk2uSa5JBiFqMYoxajEoKSgpjDWsO
aw5izlqNaxB7koPTc5FrUIPSjBOMVIwUg9SMVZSWlJaUlpTWlNaUlpSWnNelGKUX
nNec150YpRilGaUYnNec2KUYpRmc2JzYpRmlGaVZpVmdGaUZpVqlWqUZpNilGa0Z
rVqtWq1apRmdGaVapVqlWaVapRmlGa0arRqtWqUZpRmlGa1ZpVqlGZzYnRmlGaUZ
nNic2JzYnRic2JTXnNic2JTZnRmU2JTYlNiU2JTYlNeUl4yXjJeMl4yXjJeEl4SW
hFWEloRWhFWEFXwUhFWEVXwUc9Rz1HQVdBR0E2vTY5Jz02vTa5JjUWNSa5Nrk2NS
QYhii2LMWsxKCknJYs1rDmsOas5ijnMQe9KD03uSc1CD0owUjFSEFIQTjFSUlZyW
nJecl5SXlJeUl5zXpRelGJzXnNilGKUZpRilGJzXpRilGKUYnNec16UYpRmlGaUZ
nNilGaUZrVmtGaTYrRmtGa1arVqtWqUZpNmtGq1arVqtWqUZpRmlGaVarVqlGaUZ
pRmtWqVZnRmdGJ0ZpRmlGZzYlNic2KUZnRmU15zYnNic2J0YnNiU2JSXlNiMl5SX
jJeUl4yXjJeMl4yXhJaEloRVhFaMVoRVhFV8FIRVfFR8FXPUc9V0FHQUc9Nr02uS
c9Nz02uSY5JjUmuTY5NjkkGIYoxizWKNSgpKCmrOaw5rD2rPWo5rUHvSg9J7kmsQ
e9OMFIxUhBSEE4xUlJWclpyWnJaUl5SWlFac15zYpRic15zXpRitGK0YpRic16TY
pRilGJzYnNilGaUarVqlGaTZpRmtGq1apRmlGaUZrRqtWq1arVqlGaUZrVqtWq1a
rVqlGaUZpRmlWa1apRilGa0ZrVqtWaUanNmlGaUZpRmc2JzYnRilGZzYlNic2JzY
nRiVGJUYlNiUl5TYlNeU14yXjJeMl4yXjJiMl4yXhJaEVYRWhFZ8VnxWdBV8VnxV
dBVz1HPUdBR0FHQUa5Nrk3PUa9NjkmNRY1Jrk2uTY5JBiFqLYsxajFIKSgpqzmsO
Yw9jDlrNa1B70nvSe5FzUIPSjBSUFYwUhBOMVJSVnNaclpzXnJeUl5RWnNec2KUY
nNec16UYpRmlGaUZnNilGaUZpRic2JzYpRmtGa1apRmdGKUZrRmtWaUZpNilGa1Z
rVmtWa1apRmlGa0arRqtWq1apRmlGaUZrRqtWqUZpRmlGaUapVqlGaTZpRmlGaUZ
nNic2J0YnRidGJTXnNidGJ0YnRidGJTXlNeU2IzXlNeUl5SXjJaMl4yXjJeMloxW
hFaEVoRWhFWEVXwUhFV8VXwUc9Nz1HwUe9Rz1GuTa5Nr02uTY5JjUWNSa5NrkmOS
QYhijGrNYo1SC1IKaw5zDmsPYs5azmtQe9KD0nuRc1CD0owUlFSMFIQTjFWUlZzW
nJaclpTWlJaMlp0YnRilGJzXnNek2KUYpRidGJzXpRilGKUYpNek16UYpRmtWaUZ
pRitGa0ZrVmlGaUYpRmtGa1arVqtWqUZpRmtWq1arVqtWqUZpRqlGq1arVqlGaUZ
rRqtWq1apRmk2KUZpRmlGZzYnNic2KUZpRmU2J0YnRmdGJ0YnRiU2JTYlNeU15TX
lNeU14yXlJeMl4yXjJeMVoRWhFaEloRWfFV8FIRVfFV8FHPTdBN0FHQUc9NjkmOS
c9NrkmuSY1FjkmvSY5JjkUmJYo1qzWLNSgpKC2rPaw9rD2sPYs5zUIPThBJ70XNQ
g9KME4xUjFSEFIxVlJaU15yXnJecl5SXlJac2JzYpRic15zXpRilGKUYpRic2KUY
pRilGJzXpNelGK1ZrVmtWaUYrRmtWa1ZpRmlGKVZrVmtWa1arRqlGaUZrVqtWa1a
rVqtGa0arRmtWq1apRmlGaUZrVqtWqUZnRmlGaUZpRmc2JzYnRilGZ0YlNic2J0Z
nRmdGZUYlNiU2IzXlNeU15SXlJeMl4yXjJeMl4yWhJaEVoRWhFaEVYRVfBSEVXxU
fBRz03vUfBR8FHPTa5JrknPTc5NrkmNRa5JrkmtSY1JJyGKNYs5qzlILUgtqznMP
aw9jD2LOc1CD04PTe5JzUYPTjBSMVYwUhBSMVZSWlNaUlpTWlNaU1pSWnRec2KUY
nNec16UYpRilGKTYnNelGKUYpRic15zXpRmtGa1apRmlGK0ZrRm1WqUZpRmlWa1a
rVqtWqVapRmlGa1arVmtWq1apRmlGqUZrVqtWqUZrRqlGaVapVqlGZ0YpRmlGaUZ
nNic2J0YnVmdGJTYnNidGJ0YnRidGJTYlNiU2JTYlNiU14yXjJeMl4yXjJiMl4SW
hFWEVYRWhFWEVXwVfFV8FHwUc9Nz1HwUdBRz1GuTa5Nz1GuTY1JbUmOTY5NjkltS
SclizWLNYs5SC1ILaw5zT2sPaw5iznNQg9KD0nvSa1CD04wUjFWMFYQUjFWUlpzW
nNac1pzWnJaUlZzXpRelGJzXnNelGKUYpRilGJzXpRilGKUYpRec2KUZrRqtWq1Z
pRitWa1ZrVmlGaUZpRqtWq1arVqtWqUZpRmtWq1arVqtWqUapRqtGq1arVqlGaUa
pRmtWq1apVmlGaUZpRmlGZzYnRidGKVZnRiU2J0YnRidGJ0YnNiU15TXlNiU15TX
lNeU14yWjJeUl4yXjJeMVoRWhFaEVoRWfFV8FYRVfFR8FHPTdBN8FHQUbBNjkmuT
a9Rrk2OSY1JrkmuSY5JjUUoKYs5rD2sPWkxaTHMPc09zT2sPYw5zkHvShBJ70nOR
hBOMVJRUjBWEFIxVlJac1pzWnNec15SXlJac16TYpRic15zYpRilGKVYpRic16UY
pRmk2JzXnNitGa0ZrVqtGqTZrRqtWq1apVmlGK1ZrVmtWq1apVqlGqUZrVqtWq1a
rVqlGaUZrRmtWq1apRmtGq0arVqtWq1apRmlGa0arVqdGZ0ZnRmlGZ0YnNec2J0Y
nRidGJUYlNiU2JTYlNeU15TXlJeMl4yXjJeMl4yXhFaEVoRWhFaEVoRVfBWEVXwU
fBRz03QTfBR8FHPUa5Nz03PUa9NjkmNRa5JrkmOSY1JSC2rOcw9zD2JMWoxzD3tQ
c1BzT2MPe5GD0oPTg9JzUYQTjFSMVYxUhBSMVZSWlJeclpzWnNeU1pSWnNedGKUY
nNec2KUYpRmlGaTYnNelGKUYpRic2JzYpRmtWq1arVmlGa1arVqtWqUZpRmtGbVa
rVqtWq1apRmlGa1arVqtWqVapVmlGaVZrVqtWqUZrRqtWa1arVqlGaUYpRmlWaVZ
nRidGJ0YpVmdGJzXnNidGKUYnRidGJTYlNiU2JTYlNiU15SXjJeMl4yXjJeMl4RW
hFaMVoRWhFaEVXwVhFV8VXwUc9N0FHwUfBRz1GuSa9Nz02vTY5JbUWOSY5JjkWNR
UkxrDnNPc1BijWKNc1BzUHORc1BrEHORg9KEE4PTe5KMFIxUlJWMVYwUlFWclpSW
nJac15zXnJaUlp0XnRelGJzXpRilGKUYpRilGJzXpRilGKUYnNic2K0ZrVqtWaUZ
pRitWa1ZrZqlWaUZrVmtWq1arVqtGqUZpRmtWq1arVqlWqUZrRqtWq1arVqlGa0Z
rVmtWq1apVmlGaVZpVmlWZ0YnRilGKVZnRic2JzYnRilGZ0ZnRmU2JTYlNiU2JTY
lNiU14yXjJeMl4yXjJeMVoRVhFWEVoRVfFV8FIRVfBR8FHPTdBR0FHPUa9RjkmvT
a9Nr02OSY1Jrk2OSY5JbUlqNaw97UHNQYs5iznuQe9B7kHNQa1B70oQThBOD0nuS
jBSMVZRVjBWMFZRVnJaclpzWnNec15TXlJak2KUZpRmc2JzYpNmlGa0ZpRic2KUZ
pRmlGZzYpNitGa1ZrVmtGaUYrVmtWq1arRmtGa0ZtVqtWq1arVqlWaUZrVqtWq1a
rVqlGa1ZrVm1Wq1ZpRmlGa1arVqtWq0apRmlGaVapVmdGaUYpRmlWZ0ZnNic2J0Z
nRmdGZUZlNiU2JTYlNiM15TXlNeU1pTXlNeUl4yXhJaEVoyWjJaEVXxVfBWEVnwU
fBV0FHQUfBR0FHPUa5Jr02vTa9NjkltSa5NjkmNSW1JajXMQc1FzUWMPYs9zkXvS
e5J7kXNQe5KEE4wUg9N7koQUlFWUVYxUhBSMVJSWnNec15zXnNeU15SWpRilGKUY
nNec2KUYpRitGKUYnNilGKUYpRmc2KTYrRmtWq1arVmlGK1ZrVmtWq0ZrRmtGq1a
rVqtWq1arVmtGa1ZrVmtWq0arRmtGa1ZtVqtWaUZpRmtWa1arVqtWaUZpVmtWa1Z
pRilGKUZpRmdGJzYnRidGJ0ZnRmdGZTYlNiU2JTXlNeU15TXlJeU15TXlNeMloxW
hFaMVoxWhFZ8FXwVfFV8FXwUc9N8FHwUc9Rz02OSa9Nz02vTY1JjUmuTa5NrkmNR
Ys5zUHuRe5FrD2MPe5GD0nvSe5JzUXvTjBOMFIwTe9KME5RVlFWMVYQVlFWclpyW
nNac15TXlNeUlpzYpRilGKTXpNelGKUYrRilGJzXpRilGKUZpNik2K0ZrVmtWq0Z
pRitWa1atVqtGa0ZtVm1WrVatVqtWq0ZrRm1Wq1atVqtGaVZrVmtWbWarVqlGaUZ
rVmtWq1apVmlGaUZrRqtGqTZpRmlGa0ZpRic2J0YnRilGZ0ZnRiU15TYlNiU2IzX
lNeU15TXlNeU14zXjJeEVoRWjFaMVoRVfBV8FIRVfFR8FHQTfBR8FHwUc9NrknPT
c9Nr0mOSY1Jrk2OSY1JbUWKOc1F7knuRaxBrEHuSe9J70nvSc5GD0owUjBSEE3vS
jFSUVZRVjFWMFZRVnJaclpzWnNac1pzWlJac150YpRic15zYpRilGKUYpRic16UY
pRitGaTYpRitGa1arVqtGaUYrVmtWrWarRmtGa0ZtVq1WrVatVmtGa0ZtVq1WrVa
rVqlWa1ZrVq1m61apVmtWq1atVqtWqUZpRmlGa0ZpVmdGKUYpRmlWZ0ZnNidGJ0Y
pRilGZ0ZlNiU2JTYlNeU15TXlNeUl5SXlNeM14zXhJaEVoSXhJaEVoQVfBSEVXwU
fBR0E3wUfBRz1GvTY5Jr02vTa9JjkmNSa5NjkmNRW1FjD3ORe9J70mtQaxB70oPS
g9OD0nuRg9OMFJQUhBR704xVjJaUloxVjFWUVpyWnJak1pzXlNeU15SWpNilGKUY
nNelGKUZpRmtGazZpNitGa0ZrRmk2KTYrRm1Wa1arVqlGa1arVq1mq0ZrRm1WrVa
tVq1Wq1apRmtGbVatVq1Wq1ZrVmtWa1arZqtWqUZrVmtWbWarVqlGaUZpRmtWa1Z
pRilGKUYrRmlGZ0YnRilGaUZpRmlGJzYlNiU2JTYlNiU15TXjJeU15TYlJiMl4RW
hFWEVoRWhFZ8FXwVhBWEFHwUc9Nz1HQUdBRr02OSa9N0E2uSY1FjUWuSY5JjUVsR
aw97kYPSg9NzkXNRg9KD04QTg9N7koPUjBSUVIwUg9OMVJRVlJWMVYxVlJacl5yX
nNec15zXnJeUlqTYpRilGKTYpRilGK0ZpRmlGZzYpRmlGaUZnNilGa1ZtVm1Wa0Z
pRi1WrVZtZqtGa0ZrVq1WrVatVutWq1arRq1WrVatVqtWq0ZrVqtWrWarVqlGa1Z
rVqtmq1apRmlGaUZrVmtWZ0YpRmlGaVZnRidGJ0YpRilGKUYnNiU15zYlNeU15TX
lNeU15TXlNeU14zXjJeMloRVhJaElnxWfBV8FYRVfFR8FHPTdBR0FHQUa9NjkmvT
c9Nr0mOSY1Jrk2tTY1JbEWtPe9J70oPTe5JzkYPThBOEE4QTe9KEE4xUjJWMVIQT
lFWclpyWlFWMVZSWnJac15zXnNec15TXlJalF6UYpRic2J0YpRilWa0ZpRmlGK0Z
rRmtGKTYpNitWbVatVmtWaUYrVmtWrVarRmtGbVatVq1WrVbtVqtGa0ZtVq1WrVa
rVmtGbVarVq1mrVarVmtWq1arZqtWqUZpRmlGa1ZrVmlGKUYpVmlWZ0ZnRidGKUY
pRmlGJ0YnNiU2JTYlJiU2JTYjNeM15TYlNeU14yXhJeEVoSWhJaEVnwVfBWEVXwU
dBR0E3QUfBR0FGvUY5Jr02vTa9NjkmNSa5NrU2NSWxFrUXvThBOEE3vSc5GEE4QU
jBSEFHvTjBSMVZRVjBSEE5RVlFWUloxVjFWUlpzXnNec15zXnNec15SWpRelGKUY
pNik2KUYpVmtGaUYnNitGa0YrRik16TYrRm1WrVZrRmtGLVZtVm1Wq0ZrRm1WrVa
tVq1WrVarRmtWbVatZq1mq1arVqtWq1atZutWq0ZrRqtWrVatVqlGaUZpRmtWqUa
nRilGaUZpVmlGJzYpRilGKUZpRmdGJzYnNiU2JTXlNeU15TXjNeU2JTXlJeMl4RW
hFaEVoRWhFV8FXwVhFV8VXQUdBN0FHQUdBRr02OSa9Nr02OSW1JjUmuSY5JjUlMQ
c5KD04QThBN7knuShBOEFIwUjBSEE4wUlFWUVYxVhBSUlZSVnNaUVpRWlJac1pzW
nRec15zYnNecl6UYpRilGKTXpRetGK1ZrVitGKUYrRitGK0YpNik2K0ZtVq1Wq0Z
pRm1WbVZtVqtGa0ZrVm1WrVarVqtWq0ZrVqtWrVatVqtWa1ZrVqtWrVbrVqtGrVa
rVqtW61apRqlGaUZrVqlWaUYpRmtGaUZpRidGJ0YpRilGaUZnNic2JzYlNiU2JTY
lNeM14zXlNeU15TXjJaMVoRVhFaMVoRWfBV8FYRVfBV0FHQTdBR8FHQTa9NjknPT
c9NrkmNSY1Jjk2OTW1JTEHOSe9OEFIQUe9N7k4QUjBWMFYwVhBSMVIyVlJWUVIwU
lJaclpyWlJWUVZyWnJac1qTXnNec15SXnJek2K0YpRik16UYrRitGa0ZrRmk2KUZ
rVmtGKTYpRmtWrVatVqtWqUZrVqtWrVarRmtGbVZtVq1WrVatVqtGa0ZtVq1WrVa
rRmtWa1arVq1m61arVmtWq1atZutWqUZpRmtGa1ZrVmlGKUZrRmlGaUZpNik2KUZ
nRmlGZ0ZnNic2JzYnNiU15TXjNeU15TYlNeU14yWhFaEVYyWjFaEVnwVfBV8FXwU
dBRz1HQVdBR0FGvTY5Jz03PTa5NjUmNSa5NjkltSUxF7koPUjBWMFYPUg5SMFYxW
jFWMVYQUjFWMlZSWjJaEFJSWnJaclpSWlJWclpzXnNec15zXnNecl5yXpRitGKUY
nNik2K0ZrRmtWaUYpNitGa0YpRilGKUYrVm1WbVZrRmtGbVatVq1Wq0ZrRmtWrVb
tVq1WrVarRmtWbVatVq1W61arVqtWrVatVqtWa1ZrVmtWrVarVqtGaUZrRmtWqUa
pRilGaUZrVmlGKUYpRilGKUZpRmdGJzYnNiU2JSYlNiU2IzXjNeU15TXlJeMl4RW
hFWMVoxWhFZ8FXwVhFV8FXQUdBN0FHQUdBNr02OSc9Nz02vSY1JjUmuTY1JjUlLQ
e9OEFIwVjBWEFIPTjBWUVZRVjFWEFJRWlJaUloxWjFWUl5yXnJeUlpSWnJec15zX
nNec15zXnNecl6UYpRilGJzYpNilGa0ZrRmtGaTYrRmtGaUYpRilGK1ZrVm1Wq0Z
pRm1WrVatVutGa0ZrVq1WrVavVq1Wq0ZrVq1WrVatZqtWq1arVq1WrWbrVqtGq1a
rVqtWq1arRmtGa0ZtVqtWqUZpRmlGa1ZpRilGKUYpRmlGZ0ZnNmU2JTYlNiU2JTY
lJiUl4yXlNiUmJSYjJeMVoRVjJaMloRVfBR8VYRVfFV0FHPUdBV0FHQUa9Njk3PU
a9Nr0mNRY1Jjk1uSY1JS0HvThBSMFYwVhBWD1IxVlJWUVZRVjBSUVZSWlJaUVoxV
lJecl5yXlJaUlpTXnNec16TXpNik2JzXnJek2KUZpRmc2KUZrRmtWa0ZpRmk2K0Z
rRmlGaUYpRitWbVZtVm1Ga0ZtVq1mr2arRmtGbVatVq1WrVatVqtGbVatVq1WrVb
rVqtWrVatVq1Wq1arVmtWq1atVqtWq1ZrRmtWbVarRmlGKUZpRmtWaUYpRilGKUY
pRmlGZzZnNic2JzYnNiU2JTYjNeM15TXlJeUl4yWhFaEVoyXjFaEVnwVfBV8VXxU
dBR0FHwUdBR0FGuTY5Nr1GvUY5JbUmNSa5NjUltSUtB70oQUjFSMVIQUhBSMVZSW
lFaMVoRVjFaUlpyXlJaMVZyWnNac1pSWlJacl5zXnNek16TXpNec15zXpRilGKUY
nNek2KUYrRmtGa0ZpRitGa1ZrRmk2KUZrVmtWbVarRmtGbVatVq1Wq0ZrRm1WrVa
tVq1Wq1arRm1WrWatZq1W7VatVq1WrVavVutWq0arVqtWrVarVqtGa0arRqtWqUZ
pRilGa0ZrVmlGKUYpRitGKUYpRmc2ZzYnNiU2JTYlNiU2IzYjJeUl5TXlNeMloSW
hFaMloxWhFZ8FXxVhFV8VXQUdBR0FHQUdBNj02OSa9Nr02OTWxJjUmOSY1JjUVLP
e9OEFIRUjFWEFIPUjFWMVoxWjFaEFYxWlJaUlpSWjFWclpyXnNeUlpSWnNac15zX
pNek2KTXnNec16UYpRilGJzXpNilGa0ZrRmtGaUYrVmtWa0ZpNitGa1ZtVm1Wq0Z
rRm1WrVavVutGa0ZtVq1WrWatZu1Wq0ZtVq1mrWatZqtWa1atVq1WrWarVmtWa1a
rVq1WrVarRmtGa0atVqtGaTZpRmtGq1ZpRilGKUZpRmlGaUZpNmc2JzYnNic2JTY
lNeM15TXlNeU15TXjJeMVoQWjFaEVoRWfBR8VYRVfFVz1HPTdBR0FHQUa5JrknPU
a5Njk1tSY5JjkmOSW1FK0HvThBSEVYxVhBSD1IxVjFaUVoxWjBWMVZSWlJaUloxV
lJec15zXlJeUlpTXnNelF6TYpNik15zXnNelGKUZpRic16TYrRitGa0ZpRilGK1Z
rVmlGaTYrRm1WbVatVqtGa0ZtVq1WrVarRmtWrVatZq1m7VbtVutWrVbtVu1W7Vb
rVqtWq1atVq1W61arVmtWrVatVq1Wq0arVmtWbVarRmlGaUZpVqlWaUYpRilGaUZ
pRmlGZzZnNic2JzYnNiU2JTYjNeM15TXlNeUl4yXjFaEVYyWhFaEVXwUhFWEVXxV
c9Rz1HwUfBR0E2uSa5Jz03OTY5JbUWOSY5JjkWNRSs9704QUjBSMVYwUg9SMVYyV
jJWMlYRUjJaUlpTWlJaMVZyWnNek15SWlJaUl5zYnNek16TYpNec15zXpRitGKUY
pNelGK0YrVmtGaUYpNitGa0ZpRmlGKUZtVq1WrVatRmtGbVatVq1Wq0ZrVm1WrWa
tZq1m7VarVq1WrVatZq1m61arVq1WrVavVu1WrVatVq1WrVatVqtGa0arVq1Wq0Z
pRmlGaVZrVmlGKUZpRmlGaVZpRmk2ZzYnNic2JzYnNicmJSXlJeUl5SXlJeMloRW
hFWMloRVhFV8FIRVhFWEFXPUc9R0FXQUc9RjkmuTa9Nr02OSW1FjkmOSY5JbUVLP
e9OEFIxVjFWEFIPTjFWMlYyWjFWEFYxWlJaUlpSWjFWc15zXnNeUlpSWnJek16TX
pNek2KTYnJek16UYpRilGJzYpRilGa0ZrRmtGKUYrVmtWaUZpRilGK1ZtVq1Wa1Z
rRm1WrVavVqtGa1ZtZq1WrWatZq1WrUatVq9WrVatVqtWq1atVq1Wr2btVqtWrVa
tZu1WrVarRmtWa1ZtVqtWqUZpRmtGa1ZpRilGa0ZpRmlGaUZpNmc2JzYnNic15TX
lNeM14yXlNeU14zXjJeElnxVjJaEVoRVfBSEFYRVfFVz1HPTdBR0FHQTY5JrknPT
c9NjkltRY5JjkltSWxFK0HvShBSMVYxVjBWEFIxVjJaUloxVjBWUVpSXlJeUloxV
nNac15zXlJeUl5yXnNek16TXpNik2KSXnNelGKUZpRic16TYpRitGa0ZpRilGK0Z
rRmtGKTYrRm1WrVatVqtWq0ZtVq1W7VbrRqtWrVatVq1m7WbtVqtWrVatVq1W7Wb
tVq1WrWatZq9m61arVqtWrVatVu1Wq0arRqtWrVarRmlGaUZrRmtGaUYpRmlGaUZ
pRmlGZ0ZnNic2JzYnNic2JTYlNeU15TXlJeUl4yXhFaEVoRWhFaEVXwUfFV8VXwV
c9Rz1HwVfBR0E2uSa5Jz02vTY5JbUWOSY5JjUlsRSpB704QUjBWMVYQUhBSUVZRW
lFaUVowVlFWclpyXlJaMVZyXnJec15SWlJac15zXpNek2KUYpNic15zXpRilGKUY
pNetGK0YrRmtGaUZpRitGq0ZrRik2K0YtVm1mrVarVmtGbVatVq1Wq0ZtVm1WrWa
tZq1m7VbrRq1WrVatZq1m61arVq1WrVbtZu1WrVatVq1W61arVqtGa0ZrRq1Wq0Z
rRmtGa0ZrRmlGKUYpRmlGaUZpRmc2ZzYnNic2JzYnNiU2IyXjJeUl5TXlJeMl4xW
hFaMl4RWhFZ8FIRVfFV8VXPUc9R8FXQUdBRjk2OTa9RrlGOTUxFjk1uTW1JbEUqQ
e9OEE4xUjFWEFIQUjFaMVZRWlFWMVYxWlJaUlpSWjFWclpzXnNeUlpSWnNac16TX
pNek2KTYnNic16UYpRilGKTXrNitGa0ZrRmlGKUYrRmtWa0ZpNitGbVZtVq1WrUZ
rRm1WrVbtVqtWa1atZq1mrWbtZu1W61atVq1WrWatZutWrVatVq1Wr1btVqtWq2a
tVq1mrVarRmtGa0arVqlGaUZpRmtGa1ZpRilGKUYpRmlGaUZpNmc2JzYlNiU2JTY
lNiMl4zXlNeU15SXjJaEVoQWjFeEVoRWfBV8VnxVfFVz1HPUfBR8FHPTY5Jr02vU
a9NjkltRY5JjkmNSWxFKz3vThBSMVYxVhBSEFIxVjFWUVpRVjBWUVpSWlJeUVoxV
lJecmJzYlJeUl5zXnNec16TYpNik2JyYnNelGK0YpRik2K0YrRm1Ga0ZrRilGK1Z
rVmtGaTYrRi1WbVatVqtGq0ZtVq1WrWarVmtWbVatZq1mrWbtZqtWbVatZq1mrWb
tVq1WrVavVq9W7VarVq1WrWatVq1Wq0ZtVqtWq1apRmlGaUZrRmtGaUYpRmlGaUZ
pRqdGZzZnNic2JzYlNiU2JSYlJeUl5SXlJeUl4yWhFaEVoyXhFaEVnwVhFV8VXwV
c9Rz1HPUdBRz1GNSY5Nr1GuTY1JbUWOSY5JjkVMRSo971IQUjFWMVYQUhBSMVYxV
lFaMVYQUlFaUlpSWlJaMVZyXpJec15SWlJac15zXpRek2KTYpNic15yXpRmtGa0Y
pNis2K0ZtRmtGa0ZpRitWa1ZrRmlGK0YtVq1WrVarVqtGbVatVq1Wq1ZrVq1m7Wb
vZu1m7VbrRq1W7WbtZq1m7VatVq1WrVatZutWq1arVq1WrVatVqtGbVZrVq1Wq0Z
pRmlGa0ZrRmlGKUZpRmlGaUZpRmdGZzYnNic2JTYlJiU2IyXjJeUmJSXlJeMl4RW
hFaEloRWhFZ8FYRWhFV8FXPUc9Rz1XQVc9Rjk2vTc9Rrk2NSWxFrkmOSY1JTEUrP
e9OEFIxVjFWEFYQUjFWUVZRWlFaEFZRWlJeUl5RWjFWU1pzWnNeUlpSWnNek16TX
pNik2KTYnJic16UYrRilGKTXrNitGa0ZrRmlGKUYrRitWaUYpRitWbVatVq1Wq1Z
rVm1mrWatVqtWbVZtVq1mr2avZu1Wq1atZq1mrWavZu1WrVatVq1Wr2btVq1WrVa
tVq1Wq1arVqtWq1arVqlGaUZpRmtGa0ZpRmlGaUZpRqlGZ0ZnNic15zYnNic2JzY
lNiUl5SXlJeUl5SXjJaEVoRVjJaEVoRVfBWEVYRVfBVz1HPUdBR0FGvTY5Jr03PU
a5NjUltRY5JjkmNSUtFKkHvTg9SMFYxVhBSEE4xVlFaUVpRVjBWUVpSXlJeMV4xW
lJec15zXlJaUlpzXpNik2KTYpNik2JzYnNilGKUYpRik16zYrRi1Ga0ZpRilGK1Z
rVmtGKUYrRm1WbWatVqtWa0ZtVq1WrVarVmtWbWatZq9m72btZu1WrWbtZu1m72b
tVq1WrVatVq9m7VatVq1W7WatZu1Wq0ZrVqtWq1apRmlGaUZrVmlWaUYpRilGaUZ
pRmlGZzZnNic2JzYnNic2JTXlJeUl5SXlJeMl4yWhFaEVoyWhFZ8VnwVhFaEVXwV
c9Nz1HQVdBRr02OSa9Nz1GuTY1JbEWOTY1NbUlMRSo9704QUjBWMFYQUhBSMVZSW
lFWUVYwUlFWclpyWlFWMVZSXnJec15SWlJac1pzXpNek2KTYpNicl5zXpRilGKTY
pNis2K0YtRmtGaUYpRitWa1ZrRmk2K0YtVq1WrVarRqtGrVatVq1Wq0ZtVm9Wr2a
vZu1m7VbrVq1m7WbtZu1m7VatVq1WrWatZutWq1atVq1mrWatVmtGa1ZrVmtWq0Z
pRmtGa0ZpRmk2aUZpRmlGaUZpRic2JzYnNic2JzYnNiU2IyXjJeMl4yYjJiMl4RW
hFaMloRWfFZ8FXxWhBZ8FXPUc9Rz1HQUc9NjknPUc9Rr1GOSW1Jjk2NTW1JTEUqQ
e9OEFIwVjFWEFIQUjFWMVYxVjFWMFZRWnFecl5RWjFWclpyXnNeUlpSWnNec16TX
pNik2JzYnJec16UYrRilGKTYrNitGa0ZrRmk2KUYrVitWaUYpRitGbVZtVm1Wq0Z
rRm1WrVatVqtGbVatVq9m72bvZu1Wq1atZq1mr2btZq1WrWatVq1mrWbtVq1WrWa
tZq1mq1arVmtWq1arVqtGaUZrRmtWqUZpRmlGaUZpRmlGaUZnNic2JzYnNic2JzY
lNiMl5TXlNiUmJSXjFeEVoRWhJeEVnwWfBWEVoRVfBVz03QUdBR0FHPTY5Jr02vT
Y9NjUltRY5NjUltSUtBKkHvThBSMFYxVhBSD1IxVjFaUVoxVjBSUVZSWnJeUloxV
nJecl5zXlJaUlpzXnNek16TYpNik2JzXnNelGK0YpNik2KzZrRm1Ga0ZpNmlGa0Z
rRmlGKUYrVm1WrVatVqtGq0ZtVq1WrVarRm1WrWatZu9m7WbtVutWrVbtZu1m72b
tVq1m7VatVq1m7VatVq1WrVatVq1Wq1ZrVqtWq1arRmtGaVZrVmlWaUYpRmlGaUZ
pRmlGZzYnNic2JzXnNic2JTYjJeM15TXjJeMl4SWhFaEVoxXhFZ8VnwVhFaEVXwU
a9N0E3QUdBRr02OSa9Nr1GvTY5JbUmOTY1JbUlLRSpB71IPUjBWMFYwUhBSMVYyV
lFaMVowVlFaUV5yXlFaMVZyWnNec15SWlJacl6TYpNik2KTYpNicl5zYpRilGKUY
pNitGK0YtRmtGaUYpRitWK1ZpRilGK0ZtVq1WrVarRmtWrVatVq1mq1atVq1Wr2b
vZu9m7VarVq1m7WbvZu9m7VbtVq1WrVbvZu1WrVatVq1WrVatVqtGa1arVqtWqUZ
pRmlGa1ZrRmlGKUZpRmlGaUZpRmc2JzYnNic2JzYlNiU2JSXlJeU15SXlJiMV4RW
hFaEVoRWfBV8FXxWfFV8FXPUc9R8FHQUa9NjkmvTa9Nr01tRW1Jjk1uTW1JTEUrP
e9OD1IQVjBWMFYPUjBWUVoxWjFWMFYxWlJaUlpSWjFWc15yXnNeUlpSWnNek2KTY
pNik2KTYnJec16UYpRilGKTYrRitGa0ZrRmk2KUYrRitGaUYpNitGbVZtVq1Wq0Z
rRm1WrVatVqtWbVatZq1m72bvZu1mrVatZu1m7WbvZu1WrVatVq9W72btVq1WrVa
vVq1Wq1arVqtWq1arVqtGaUZpRmtGa0ZpNilGaUZpVmlGaUZnNic2JzYnNic2JzY
lNeUl5SXlJeUl5SXjFaEFoxWjJeEVnwVfBV8VnwWfBVz1HPUfBR0FGvTY5Jr02vU
a9NbUltSY5Nbk1tSStFKj3vThBSMFYxVjBR71IxWjFaUVoxVhBSMVpSWlJaMVoxV
nJacl5yXlFeUl5yXnNek16TXpNik2JyXnNelGK0YpNik2KzYrRmtGa0ZpNilGK1Z
rVmlGKUYrRi1WrVatVqtGa0ZtVq1WrVarRm1WrVatZq9mrWatVqtWbWatZq9mr2a
tVq1WrVatVq1mrVZtVq1Wr2atZutWq0ZrVqtWrVarRqtGa0ZrVqlGaUYpRmlGaUZ
pRmk2ZzYnNic2JzYnNiU2JTYlJeUl5SXlJeMl4xXhFaEVoyWhFZ8FXwVfFV8VXQV
c9R0FHwUdBRr01uSa9Nr02vTW1JbUmOTW5JbUkrQQo9704QUjBWMFYQUg9SMFYxV
lFWMVYQUlFWUlpSWlFaMVZyWnJecl5RWlJacl6TXpNik2KTYnNic15zYpRilGKUY
pNitGK0YtRmtGaUYrRitGa0ZpRik2K0ZrVq1WrVarRmtGbVatVq1Wq0ZtVq1Wr2a
vZu1m7VatVq9m72btZu1m7VatZu1W7WbtZu1WrVatVq1WrVatVqtGq0arVqtWq0Z
rRmtGa1ZpRmk2KUZpRmlGaUZnNmc2JzYnNiU2JzYnNiU2JSXlJeUl5SXlJeMVoQW
jFaMVoRWfBV8FXxVfBV8FHPTdBN8FHQUa5NjkmvTa9Nj01tSW1JjkluSW1JK0UqQ
e9OD1IQVjFWEFIPUhBWMVYxWjFWEFYxVlJaclpRVjFWUl5yXnJeUlpSWlNec16TY
pNik2KTYpNik2K0YrRmlGKTYrNitGLUZrVmlGKUYrVitWaUYpRitGa1atVq1Wq0a
rVm1WrVatVqtGbVatZq1mr2btZu1Wq1atZu1m72bvZu1WrVatVq9Wr2btVq1WrVa
tVu1W7VarRm1Wq1atVqlGa1ZrRmtGa0ZpNilGaUZpRmlGaUZnNic2JzYlNiU2JTY
jNeMl5SXlJeUl4yXhJaEVoRWhFaEVnwVfBV8VXwVdBVr1HQUdBRsFGvTY5Jr1GvT
Y9NbUltSY1NbUlsSStBCkHvShBOEFYxVhBSD04wVlFWUVoxWhBSMVZSWlJaMloxV
nJac15zXlJaclpzXnNec16TYpNik2JyXnNelGKUYpRik2K0YrRm1Wa0ZpRilGK1Z
rVmtGKTYrRmtWbVZtVqtGa0ZtVq1WrVarRm1WrWatZu1m7WbtVqtWrWbtZu9m72b
tVq1WrVatVu1m7VatVq1WrWbtVutWq0arRq1WrVapRmtWa0ZrVmlGaTYpRmlGaUZ
pRmlGZzYnNic2JzYnNiU2JTYjJeUl5SXlJeMl4SWfBWEVoRWhFV8FXwVhFV8VXwU
c9R0FHQUc9Rrk2NSa9Nr02OTW1JbUmOSW5JbUkrQSpB704PThBSMFYQUg9SMFZRW
lFaMVoQVlFaUVpSWlFWMVZyWnJacl5RWnJac16TXpNek2KTYpNic15zXpRitGKTY
pNitGK0ZtRmtGaUYpRitWa1ZpRilGK0ZrVq1Wq1arVmtWbVatVq1Wa0ZtVq1WrWa
vZu1mrVarVq1m7WbvZu9m7VatVq1WrWatZu1WrVatVq1WrVarRqtGq0atVqtWqUZ
rRmtGa1arRmk2KUZpRmlGaUZpNmc2JzYnNic2JyYnNiUmJSXlJeUl4yYjJeEV4QW
hFaEVoRWfBV8FHxVfFR0FGvTdBR8FHQUa5NjUmvUa9Rjk1tSW1Jjk1uSU1FK0EqQ
e9KD1IwVjBWEFIPTjFWMVYxVjFWMFYxWlFacloxWjFWcl5zXnNeUVpRWnJec15zX
pNek16TXnNec16UYrRik2KTYrNmtGa0ZrRmk2KUYrRmtWa0YpRitGa1atVq1Wq0Z
rRm1WrVatVqtGbVatVq9mr2atZq1Wq1atZu1m7WbtZu1WrWbtVu1m7WbrVqtWrVa
tVq1Wq0ZrRmtWbVarVqtGa0ZrRmtGaUYpRilGKUZpRmlGaUZnNic2JzYnJic2JzY
lJeUl5SXlJeUl4yWhFaEFoRWhFaEFnwVfBV8VXwVdBRz03PUdBRz1GOTY5Jr02vT
Y5JbUluSY5NbUlMRQpBKkHuTe9SEFYwVhBWD1IwVlFWUVYxVhFSMVZSWnJaUVZRV
nJaclpyXlFacVpyXnNek16TXpNekmJyXnNelGK0YpRik2K0YrRmtGa0ZpNilGa0Z
rRmlGKTYrRitWbVarVqtGa0ZtVq1WrVarRm1Wr1avZq9mrWatVq1Wr2bvZu9m7Wb
tVq1mrVatZu1m7VatVu1W72btVqtWq1arVmtWq1apRmlGa0ZrRmlGaUYpRmlGaUZ
pRmlGZzYnNic2JyYnNiU2JSXlJeUl5SXlJeMV4RXhBWEVoRWhBZ8FXwVfFV8FXPU
c9N0FHQUa9Rjk2NTa9Rr1GOTW1JjU2NTW1NTEkqQSpBz04PUjBWMFYQUg9SMFYxV
lFWMVYQUjFWUVpSWlFaMVZSXnJecl5RWnFecl5zXnNek2KTYnNecl6TXpRitGKUY
pNitGa0ZtRmtGaTYpRitWa1ZrRilGK0ZtVm1WrVarVmtGbVatVq1Wq0ZtVq1Wr2b
tZu1m7VatVq9m72bvZu1m7VatVq1WrWbtZqtWrVatVq1WrVarRqtGa0arVqtWqUZ
rRqtGa0ZrRmlGaUZpRqlGaUZpRic2JzYnNic2JzYnNiU15SXlJeUl5SXjFeMVoQW
jFaEVoRWfBV8FXxWfBVz1HPUc9R0FHPUY5NjkmvTa9Rjk1tSY1JjkltSUxFKj0qP
e5N71IwVjBWL1IPUjFWMVZRVjFWEFIxVlJaclpRWjBWclpyXnJeUVpRWnJecl6TX
pNek16TXnJec16UYpRik2KTYrNmtGa0ZrRmk2KUYrVmtWa0YpNitGa1atVq1Wq0Z
rRm1WrVatVmtWbVatVq1mr2btZu1WrUatZu9m72btZu1WrVatVq1m7VarVq1WrVa
tVq1WrUarRqtGq1arVqtGa0arRqtGqUZpRmlGaUZpRmdGaUYnNic2JzYnJic15zX
lJeUl5SXlJeMl4yWjFaEFYxWhFaEVXwVfBV8FXwVc9Rr1HQUdBRz1GOTY5Jr1GvU
Y1NbEmNSY1NbUlsSSo9KkHuSg9OMFIwVhBR71IwVjFaMVoxVhBSUVZRWlJaUVYwV
nJacl5yXlFaUVpyXpJek2KTXpNek15yXnNelGK0YpRik2K0YrRmtGa0ZpNilGa0Z
rRmlGKUYrRm1WbVatVqtGa0atVq1Wq1ZrRm1Wr1atZu9m7WatVq1Wr2atZq1mrVb
tVq1WrVatZu1W60atVq1WrVatVqtGq0ZrRmtWq1apRmlGa0ZrRmlGaTYpRmlGaUZ
nRmdGJzYnNic2JyYnNiU2JSXlJeUl5SXjJeMVoRWfBWEVoRWfFV8FXwVfFV8FXPU
c9R0FHPUc9RrkmOSa9Rr1GNTUxFbU1tTW1JTEUKPQpB7knvTjBSMFIQUg9SMFYxV
jFWMVYQVjFaUlpyXlFaMFZSXnJecl5RWlFaUl5yXpNek16TXpNec15zXpRitGKUX
pNik2K0ZrRmtGaTYpRitGa0ZpRmk2K0ZrVq1WrVarVmtWbVatVqtWa1ZtVm1mrWb
vZu1W7VatRq9m72btZu1m7VatZq1WrWbtVqtWrVatVq1WrVarRmtGa0arVqtWqUZ
pRmtGa0ZpRilGKUYpRilGaUZnRmc2JzYnNic2JTYlNiMl4yXlJeUl5SXjFaEVoRV
hFaEVoRVe9R8FXwVfBVz1HPUc9Vz1GvUY5Jjk2vUY9Njk1sRY1NjU1tSUxFKj0KQ
e5N71IwVjBWMFIPUjFWMVoxWjBWEFIxVlJacloxVjBWUlpSWnJeUVpRWnJekl6TX
pNek2KTXnJec16UYpRik16TXrNitGa0ZrRmk2KUYrRmtGaUYpRetGK1ZtVq1Wq1Z
rVq1WrVarVqtGbVZtZq1mrWatVq1WrVavZu9m7WbtZq1WrVatVq1mrVarVq1WrVa
tVq1Wq0ZrRmtGa1arVmlGaUZrRmtGaUZnNilGaUZpRmlGZ0ZnNic2JzYlNiU2JTY
lJeUl5SXjJeMl4SWhFZ8VoRWhFaEVnwVfBV8FXwVc9Rz1HPUc9Rz1GOSY5Nr1GOU
W1NbEltSW1JbUlMRQo9CkHvTg9OEFYQVg9SD1IwVlFWUVYwVhBWMVpSWnJaUVYwV
lJaclpyWlFWUlZyWnNek16TXpNek15yWnNelGK0YpNek16zYrRmtGa0ZpNilGK0Z
rVmlGKTYrRmtWrVatVmtGLVZtVq1WrVarRm1Wr1avZq9m7VatVq1Wr2bvZu1m7Wb
tVq1WrVatVu1Wq1atVq1WrVatVq1Ga0ZrRmtWq1ZpRmlGa0ZrRmk2aTYpNmlGaUZ
pRmdGZzYnNiU2JTYlNeU2IyXjJeMl4yXjJeMl4RWfBWEVoRWhFV8FHwUfBV8FWuT
c9N0FHPUc9NjkmuSa9Rjk1tSWxJbU1tTUxJTEUKPSpB7k3vThBSMFYPUe9SMFYxV
jFWEVYQUjFaUVpSWjFaMFZyWnJecl5RWlFacl5zXpNek16TXnNec15zXpRilGaUY
pNitGK0YrRmtGaTYpRitGa1ZpRik2K0ZrVm1WbVZrVitWbVatVq1Wq0ZtVq1m7Wa
tZq1Wq1atVq9m72btZu1WrVatVq1WrVatVqtWbVatVq1WrVatRmtGa0ZrVqtGqUZ
rRmtGa0ZpNmk2aTZpRmlGaUZnRmc2JzYnNiU2JSYlJiMl4yXjJeUl4yXjJaEVoQV
jFaEVoQVe9R8FXwVdBVr03PUdBRz1HPTY1Jjk2vUY5RbU1MSY1NbUlsSUtFCj0qQ
e5OD1IQUjBWD1HvUhBWMVoxVhFWEFIxWlFaUVoxVjBWcVpyWnJeUVpRWnJecl6TY
pNik2KTXnJec16UYpRik16TXrRitGK0ZrRmk2KTYrRmtGaTYpNitGa1ZtVq1Wq0Z
tVq1Wr1arVmtGbVZtZq1mrWatVqtWbVZtZq1mrWatVq1WrVbtVq9WrVatRq1WrVa
tVq1Wq0ZrRmtGq0arRqk2aUZpRmtGaTYpNik2aUZpRmlGZzZnNic2JTYlJiUl5SX
jJeMl4yXjJeMl4SXhFaEFYQWhFZ8FXPUfBV8FXwVc9Nr03QUc9Rr01tSY5Nj02OT
W1JTEltTW1NTEkrQQo9Cj3uSg9OEFIwUg9SD1IwVjBaMVYwVg9SMVZRWlFaUVowV
lJaUlpSXjFaUVpRXnJic2KTYpNic2JyXpNik2K0ZpNek16zYrRitGa0ZpNilGK1Y
rVilF6TXrRmtWbVZtVmtGLUZtVq1WrVZrRm1WbWatZq1mrVarVqtWrWbtZu1m7Vb
rVq1WrVatVq1Wq0ZtVq1WrVatVqtGa0ZrRmtGq0ZrNmtGa0ZrRmk2KTYpNmk2aUZ
pRmk2ZzYnNiU2JTYlJeUl4yXjJeMl4yXjJeMVoQWhBWEFoQWfBVz1HwVfBV71WuU
a5Rr1WvUa5NjUmOTa9Rjk1tSUxJbU1tSUxJS0EqPSo9zknvThBSMVIPUe5OEFYwV
jFWMFYQUjFWUlZSWlFWMFZSWlJeUlpRVlFaclpyXnNek2KTYpNicl5zXpRilGKTX
pNes2K0YrRmtGaTYpNitGa0ZpNik2K0ZrVq1WrVZrRm1WbVatVqtWa0ZtVm1WrVb
tVu1Wq0arVq1W7VbtVu1Wq1atVq1WrVbtVqtGbVatVq1WrVarRmtGa0ZrVmlGaTY
pRmtGa0ZpNik2KTYpRmlGaUZnNic2JzYlJiU2JSYlJiMV4yXjJeMl4yXjFeEFoQV
hBaEFnwVc9R0FXQVdBVr02vTa9Rz1GuUY1JjU2vUY5NbUlMRY1NbUlMSStFCj0KQ
e5N704QUhBSD1HvThBSMVYxVjFSEE4xVjFWUlpRVjBWcVpyWnJeUVpSWnJec15zY
nNec15zXnNak16UYpRik16TXpNitGa0ZrRmk2KTYrRitGaTXpNitGa0ZrVq1Wa0Y
tVm1WrVarRqtGa1atZq1WrVatVqtWa1atVq1WrVbtVutGrVbtVq9m7VatRq1WrVa
tVq1Wq0ZrRmtGa0apRmlGaUZpRmlGaTYpNik2KTYpRilGJzYlJiU2JSYlJeUl5SX
jFeMl4yXjJeEV4RWhBV8FYQWhBZ8FXPUdBV0FXQUa9Nr03PTa9Nrk1tSY1Njk2NT
U1JTEltTW1JTEkrRQpBCkHuTe9OEFYQVg9R7k4wUjFWMVYwVg9SMVoxWlFaMFYQV
lFaUlpyWlFaUVpyXnNec16TXpNec15yXpNelGKUYpNik2K0YrRmtGa0ZpNik2a0Z
rRmk16TYrRm1WrVatVmtGLVZtVq1Wq0ZrRmtWrVatVq1WrVarRmtWrWatVu1W7Va
tVq1WrVavZu1Wq1ZrVq1WrVatVmtGa0ZrRmtGaUZpRmlGaUZpRmc2JzYpNik2KUY
nRic2JyYlNiU2JSYjJeMl4xWjFeUl4yXjFaEVoQVfBaEFnwVfBVz1HwVfBV0FGuT
a5Rr1GvUY5RbU2OTY5NjU1tSWxJjU1tSUxJK0EKPSpBzk3uThBSMFIPUe5OMFIwV
jBWMFIPUjFWMVZRWjFWEFJSWlJeclpRVlJWclpzWnNek2JzYnNicl5yYpNik2JzX
pNelGK0YrRmtGKTYpNitGK0YnNek160YtVm1Wa1ZrRitWbVZtZqtGa0ZrVq1WrVa
tVq1Wq0arVq1WrVatVqtWq1atVq1WrWatVqtWq1atVq1WrVarRmtGa0ZrRmlGKTY
pRmtGaUZnNic2JzZpNmc2ZzZnNmU2JTYlJiUl4yXlJeMVoxXjJeMl4xXhFZ8FXwV
hFWEFXwVc9R8FXQVdBVrk2uTa9Rr1GOTW1Jrk2OTY5NbUlMSW1NbU1MSSpBCUEKQ
e5J704QUjBSD04PTjBSMFYxUhBSD1IxVjFWUloxVjBSUVpyWlJeMVoxWlJecl5yX
nNec15zXlJecl6TYpNic16TXpRitGa0ZrNmk2KzYrRitGJzXpNetGbVZtVm1Wa0Y
rVm1WbVZrRmtGa1atVq1WrVatVqtGa0ZtVq1WrVarVqtWrVatVq1m61arRqtGq0a
rVqtWq0ZrVmtGa0ZpRik2KUYpRmk2ZzYnNic2KTYnNmc2ZzYlNiU2JSYlJiUl5RX
jFeMV4xXjFeMV4RWfBV8FXxWfBV71XPUfBV8FXPUa5Nrk2uUa9Rrk1tSY5NjlGNT
WxJbEmNTW1NTEkLQQo9CkHOSe9OEFIQUg9N7k4wUjBWMFYwVg9SMFZRVlFaMVYQV
lJaUlpSWjFWUVpSWnJac15zXpNec15yWnNek2KUYpNek16UYpRitGa0YpNes2K0Y
rRikl6TYrRm1GbVZrVmlGK1ZrVm1Wq0ZrRm1GrVatVq1WrVarRqtWrVatVq1Wq0a
rVq1WrVatZutWq0arRqtGq1arRqlGaUZpRmtGqUZpNmk2a0ZpNmc2JzYnNmk2ZzZ
nNicmJSXlJiUl5SXlJeUV4xWlFeMV4xXjFeEFoQVfBWEFoQVe9Vz1HwVfBVz1GuT
a9Rr1GvUY5NbUmOTY5NjU1MSUxJbU1tTUxJK0EKPSo9zknvSg9OEFIPUe5OEFIwU
jBWEFIPUjBWMVYxWjBSEFJRVlFaUVoxVlFaUlpyWpNec15zXnNeUlpzXpNik2JzX
nNek2KUYrRitGKTYpRitGK0ZpNik2K0ZtVm1WbVZrRitGbVatVqtWa0ZrVm1WrVa
tVqtGq0arRq1WrVatVqtGa0ZrVq1WrVatRqtGa0ZrRqtWq0apRmtGa0ZrRmk2KTY
pNilGKUYnNic2J0ZnNmc2ZzYlNiUmJSXlJeUl5SXlFeMVoxWjFeMV4RXhBZ8FXwV
fBV8FXPUc9R8FXwUc9Rrk2vUa9RrlGOTW1Jjk2OTY1JTEVMRW1JbElMRSo9CkEKQ
c5J7k4PUg9R703uThBSMFYwVhBR71IwVjFWMVoxVhBWMVpRWlFaMVYxVlJac1pzX
nNec15yXnJec16TYrRic16TXpRelGK0YpRik16UYpRitGJyXpNetGLVYtVmtGaTY
rRmtWbVZrVmtGbVZtVm1WrVatVqtGq0atVq1WrVarRqtGq1atVq1W7UarRm1Ga1a
rVqtGqUZpRqtGa0ZpNmk2KTYpRilGJzXnNic2JzYnNic2JzXlJeUl5SYlFeUl5SX
jFaMV4xXjFeMVoRWfBV8FYQVfBVz1HPUdBV0FXPUa5Rr1GvUa5Rjk1tTY5Njk1uS
UxFTEVtTWxJTEkKQQo9CkHOSc1J7k4PUe9NzUoPTjBSMFYPUg9OEFIxVjFWEFIQU
jFWUVpRWjBWMFZRWnJacl5yXnJecmJRXnJik2KTYnJecl6TYpNilGKTYnNilGKUY
rRic16TXrRitWa1ZrRmk2K0ZrRmtWa0ZrRm1WrVatVu1WrVarRmtGbVatVq1WrUZ
rRmtWq1atVqtWa0ZrRmtGa0arRmk2KUZrRmtWaTYpNik2KzYpNicmJzYnNic2JzY
nNiUl5SXlJeUl5RXlJeMl4xWjFeMV4xXhFeEVnwVhBWEFXwVc9Rz1HvUc9Rz1GOT
a5Rr1GvUY5NbUmOTY5RbU1MSUxJbE1sSUxFCj0KPQpCD1HvTe9OD1IPTe5OD04wU
jBSMFIPThBOMVZRVjFSD04wUlFWUlYxVjBWMFZRWnJeUVpRWlFaUVpRWnJecl5RW
lJaclqTXpNek15yXnJek2KTYlJacl6TYpRmtGaUYpNitGbUZtVmtGK0YrRm1WbVa
tVq1Wq0ZrRm1WrVatVqtWq0arRqtGrVarRmtGa0ZrRmtGq0ZpNik2a0ZrRmk2aTY
pNmk2ZzZnJic2JzYnNic2JyYlJiUl5SXjJeMl4yXjJeMVoxWjFeMVowWhBV71XwV
fFV8FWvUc9R0FXPUa9Rjk2vUa9Rr1GNTW1Jjk2OUW1JTEltSW1NbUlMRQo9Cj0KP
e9SD1IPUg9SD03uSg9OEFIwVjBWD1IPUjBWUVZRVjBSMVJRWlJaUVoxVjFWcl5zX
nNeUlpyXpNicmJyXnJek2KTYnNec2JzYnJecl5yXnJecl5zXpNek2K0ZrRmk2ZzY
nNetWbVarRik16UYtVq1WrVarVqtGa0YrRmtGa1arVmtGa0ZrRmtWq0ZpRmtGa0Z
rRmtGaTYpNik2KTYpNec2JzYpRic2JSXnNic2JzYnNic2JSXlJeMl4yWjJeMl4xW
hFaMVoxXjFaEFoQWc9R8FXwVfBVz1GvTdBRz1GuTY5Nr02vUa5RjU1sSY1NjU1tS
UxFTUlNTUxJK0UJPQk9CkHvUg9SD1HvUe5R7k3vThBSEFIQUg9SD1IwVjFaMVoQV
hBWUVpSWlFaMVowVlJacl5yXlFaUVpzXnNec15yWpNelGKTYpNik2KTXpNetGK0Y
rRik16UYrRmtGa0ZrRmlGa0YrRm1Wa1ZrRmtGLVZtVm9WbUZrVmtGa0ZrVm1Wq1Z
rVmlGa0arVqtGaUZpNilGa0ZrRms2JzXpNik2ZyYnFec2KTYnJeUl5yXnNic2JSX
lJeMV4xWjFaMVoxXjFaMVoRWhFaEVoRWhFV8FXwUfBV8FXQVa9Rr1HPUc9Rrk2OT
Y5Nrk2OTWxJbUmOTY5NbE0sRUxJTElMSStFCj0KPQo9703vTe9N703uTc5N704QU
hBSEFYPUe9SEFYxWjFWEFIQUjFWUlpSWlFaMFZxWnJecl5RWlFakl6TXnNeUl5zX
pNik2KTYnNikmJyXpNilGKUYnNek2KUYrRmtWa0ZpRmlGaUYrRitGa0ZpNitGa0Z
rVqtGa0ZtRmtWrVatVqtGrUarRm1Wq1ZrRmtWq0ZrRmk2a0ZrRmtGK0ZpRmlGZzY
nNic2JzXnJec2JzYnNic2JzYlJeMV4xXjFaMl4xWhFaEVoSWjFaMVoQWc9Rz1HwV
fBVz1GtTa5Rz1GuTY5Njk2OTW5NbU1MSUxJbU1NTUxJK0VMRUxJLEUrRQk9CT0JP
e9N703vUe9Rzk3uTe5OEFIQUhFV71HvUjBSMFYxVhBSEFZRWlFaUVpRWjBWUl5yX
nJeUVpRWnJek2KTYlJec16TYpNik2KTYnJecl6TYpNik2KTXpNilGK0ZrVmtGa0Z
rRmlGK0YrRmtGaTYpNmtGa0ZrRmtGa1ZrVqtWq0arRmtGq0ZrRqtGazZrRmtGa0Z
rRilGKUYpNik2KTYnNic2JzYnNic2JzYlNic2JyYnJic2JyXlJeMl4yXjFeMV4xX
jFeMV4xXhBaEVnwVhBZ8FXQVc9Rr1HQVc9Rz1HPUc9Rjk2OTY1NjU1sSW1JbElMR
UxJS0lLSSpFKkUKPQk9KT3uTe9N703vTc9Nzk3vThBSEFIQUe9N704QVjFaMVoQV
hBSMVZRVlFWMVYwVlFaclpyWlFaUVZyXpNec15SWnJec16TYpNik2JyYnJek2KTY
pNic15zXpRitGK0ZrRmtGa0ZpNilGK0ZrRmk2KTZrRm1Ga0YrRmtGa1ZrVqtGaUZ
rRmtGa0apRmlGK0ZrRmlGaUZpNmk2JzYpNik2KTYnNic2JzYnNic2JyYnJiUl5SY
lJiUl5SXjFeMV4xXjFaMVoxWjFeMVoRVhBV8FXwVfBR0FGvUc9Rz1HPUc9NrlGuU
Y1NjU2OTY5NTEltTW1NbU1MSUtJTEVMRUxFCkEKQStF703vUe9R71HOTc5J704QU
hBSEFXvUe9SEFYxWjFWEFIQUjFaMVpRWjFaMFZRWlJacl5RWlFac2JzYnNeUVpyX
nNek2KTYpNicmJyXpNik2KTYnJec16TYpRmlGa0ZrRmlGaUYpRitGa0ZpNilGK0Z
rRmtGK0ZrRmtGa0ZrRmlGa0ZrRm1Gq0ZpNmtGa0ZrRmk2aTZpNic2KTYpNik2JyY
nJicl5zYnNicmJyXlJecmJSXjJeMV4xWjFaMVoxWjFaMVoxXhFaEFnwVdBV8FXPU
c9Rrk2vUa9Rz1GvTa5RjU1tSY5NjU2NTUxFTEltTW1NTElLRUxJTEkrRQo9Cj0qQ
e9N703vUc9Rz03OSe5OD1IQUhBV71HvThBSMVYxVhBSEFIxVlFaUVowVjBSUVpSW
nJeUVpRWnNic15yXlFacl6TYpNik2KSYnJicl6UYpNik2JyXnNek2KUYpRmtGa0Y
pRik2KUYrRmlGaTYrNmtGa0ZpRilGa0ZrRmtGa0ZpNitGa0ZtVmlGaUYpRmlGaUZ
pNik2KTYpNik2KTYpNecmJSXnJec15yXlJeUl5RXlJeUl4xXjFeMVoxWjBaMVoRW
hFaEVoRWfBV8FXwVfBV0FXPUa9Rr1GvUa9Rj02OUY1NbUmNTY1NbU1rSWxNbU1NT
SxJK0VLSUtFS0UJPQpBCkHvSe9N703vUc5NzUnuSg9OMFIQVe9R71IQUhBWMFYPU
g9SMVZRVlFaMVYQVlFaclpyWlFWUVZzXnNecl5RWnJec2KSYpNik2JzXnJak2KTY
pNikl6SXpNes2K0YrRilGKTYpNik2K0ZrRik2KzYrRitGaTYpRitGa0ZrRmtGaTY
rRmtGa0ZpRmk2KTYpRmlGZzYpNik2KTYpNik2JzYnJiUl5SXnJeUl5SXlJeUV5SY
lJiMV4xXhFeMV4RWhFaEVoRWhFZ8VXwVfBV8FXwVdBVz1GuTa9Rr1GvUY9RjlGOT
WxJjk2NTW1NTElsTW1NbU1MSStFK0VLRStE6j0KPQpB703vTe9N703OTc5J7k4PU
g9SEFHvTc9OEFIwVjBWL1IPUjFWUVoxWjFWEFYxWlJaUloxWjFac15zXnJeUVpSX
nJik2KTYpNecl5SXpNik2KUYnJec16TYpNilGaTYpNik2JzXpNitGa0YpNik2KUY
rRmk2KTYpRitGa0ZpRmlGKUZrRmtGqTZpNmk2aTZpNmk2KTYnNic2JzYpNic2JzX
lJeUl5yXlJeUV5SXlJeUl5SXlFeMVoxWjFaMVoRWhFaEVoRWfFZ0FXQVdBV0FXPU
a9Rr1GvUa9Rr1GvUY5RjU1tSW5NbU1tTSxFTUltTW1JK0UrRStJK0UqROk9Cj0KQ
e9N703vTe9R7k3NSc5N71IQUhBR703vThBSMFYwVg9SD1IwVjFWUVYxVjBSUVpSW
lJaMVoxWnNecl5yXlFWcl6TXpNek15zXlJaUlpzXpNik2KSXnNek2KUYpRilGaTY
pNik16TYrRitGKTYpRilGa0ZpNik2KUYrRmtGa0ZpNilGa0ZrRmlGKTYpNik2KTY
pNik2JzYnNic2JzYnNiU2JSXlJeUl5SXlJeUl4yWlJeUl4xXjFaMVoRWhFaEVoRW
hFaEVoRWfBV8FHwUfBRz1GvUa5RrlGvUa9RjlGNTW1NbE2NTY1NbU0rRUxJTU1NT
QtFK0UrRStFKkUJPQpBKkHuTe5N7k3uTe5NzUnOTg9SD1IQUe9N704PUjBWMFYPU
g9SMFYwVjFWEVYQUjFWUVpyWlFWUVZyXnJeclpRWnJek2KTXpNic2JyXlJak16TX
pNeclpyWnNek2KTYpNmk2JzYnNik2KUZpRic16TYpRitGKTYpNik2KUZrRmlGKTY
pNilGaUZpNik2KTYpNik2KSYpNic2JzYnNic2JzYnJeUl5SXlJiUl4yXjJeMl5SX
jJeMV4xWjFaEVoRWhFaEFoQWhFaEFXwUfBRz1HPUc9Rr1GuUa5RrlGuUY5Rjk1tT
W1Jjk1tTW1NK0VMSU1JTEkLRStFLEUsRStA6TkKPQpBzk3OTc5NzlHOTa1Jzk3vT
g9SEFHvTe5OD1IwUjBWD1HvTjBSMVYxVhFWEFYxWlJaUloxVjFWUlpyXnJeUVpyX
pNek15zXnJeclpSWnNek16TXnJacl5zXpNek16TYpNik2KTXpNitGazYpNek2KTY
rRmk2KTYpNilGa0ZrRmk2KTYpRitGaTYpNmk2KTYpNec15zYnNic15zXnNicmJyX
lJeUV5SXjJeMl4yWjFeMl4xXjFaMVoxWjFaEFoQWfBWEFoQWhBV71HvUc9Rz1GvU
a5RrlGuUa5RrlGOTY5NbUlNSW1NbU1tSUtFTUlNSUxJK0UrRStJK0kqQOg5CkEKQ
e5J7k3uTe5N7k3NSc5J71IPUhBR703vTg9SEFYQVe9R71IQVjBWMVYwVhBSMVoyW
lJaMVYxVlNaclpyXlFacl5yYnJic2JyXnJeUV5zYnNic2JyXnJek16TYpNik2KTY
nNic2KTYpNik2JyXpNik2K0ZpNik2KzZrRmtGaUZpNik2KTZpNic2JzYpNik2KTX
nJek2JyXnJecmJyYnJiUV5SXlJeUl5SXjJeMVoxWjFaMV4RWhFaEVoQWhBaEFoQW
hBaEFnwVe9Vz1HPUc9RrlGuUa5RrlGuUa5RjlGOTW1JbUmNTWxJTEkrRUxJTElMS
StFK0UrRStFCkDpPQo9Cj3uSe5N7k3OTc5NrUnOTg9OD1IPUe5N7k4PUg9WEFXvU
e9SEFYxVjFWMFYQUjFWUVpSWjFWMVpSXnJeUloxWlJec15zYnJicl5SXlFecmJzY
nNicl5yYpJik2KTYpNik2KTYnJek2KUYpNicl6TYpNilGJzXpNilGKUZrRmk2aTY
pNik2KTYnNic2KTYpNik2JzYnNecl5yXnJecl5yXlFeUV5RXlJeMl4xXjFaMVoxW
jFaMVoRWhBaEFoQWhBaEFoQWhBZ8FXvVc9Rz1HPUa9Rrk2uTa5NrlGuTY1NjU1tS
U1JbU1NSUxJK0VMSUxJLEkKRStFK0UrRQpA6T0KQQo97knuTe5Nzk3OTa1JzUnvT
g9OD1HuTe5J704QUhBR70nvThBWMVYxVjBWEFIxWlJaUloxVjFWUl5SXlFaMVZyX
nJecl5yXnJecVpRWnNec15zXlJaclpzXpNek2KTYpNicl5yXnNik2JzYnNec2KTY
pNic15zYpNis2aUZpNik16TYpNik2JyXnNec2KTYnNicl5yXnJecl5yXnJeUl5RX
lFaMV4xXjFeMV4xXjFeMV4xXjBeEFoQWfBaEFnwWhBaEFnwWe9Vz1HPUc9Rz1GvU
Y5Njk2OTY5Njk1tTW1NbU1tSW1NbUlMSStFTElMTUxJCkULRStFK0UKQOk9CkEKP
a5NzknOTc5JrU2tSc5N71HvUe9Rzk3OTe9SD1IQUe9N704QUjBWMFYwUhBSUVZRV
lFaMFYwVlFacl5SWjFaUl5yXnJecl5yXlJaUVpyXnNecl5SWlJacl5zXpNek2KTX
nNecl5zXpNic2JyXnNik2KTYnJek2KTYpRmlGKTYpNik2KTYpNicmKSYnNic2JzY
nJecmJyXnJecmJSYlJeMVoxXjFeUV4xXjFeEVoxWjFaMVoRWhBaEFYQWhBV8FXwV
fBV8FXQVc9Vz1HPUa5RrlGOUY5NjlGuUY5RbU1tTUxJTEltTW1JTElMRUxJTEkrS
QpFK0UrRStFCkEJPQpBCT3OSc5Nzk3OTa1JrUXNSe5N703vTc5Nzk3vUg9SEFHvT
e9OEFIxVjBWEFYPUjFWUVpRVjBWMFZRXnJeUl4xWlJacl5yXnJeUl5RWlFacl5yX
nJeUVpSWnJec15zXnNec15yXnJekmKTYpJicl6SXpNik2JyXnNek2KTYpNik2JzX
pNik2KTYnJecmJyYnJiUmJSXnJeUl5SXlJeUmJSXlFeMV4xXlFeMV4xXjFaMVoxX
jFaEFoQWhBaEFXwVfBV8FXxVdBVz1HPVa5Rz1GvUa5Rrk2OUa5RjlGOUW5NbUlNS
WxJbUlsSUxJK0VMSUtJK0kKRQtFK0krRQpA6T0KPQk9rUmuTc5Nzk3NTa1JzUnuT
g9N703OSc5J703vUhBR703uThBWEFYQVhBR71IwVjFaMVYwVhBWUVpSWlJaMVZSW
nJacl5yXlJeUVoxWnJecl5yXlFacV5yXnJec15zXnJeclpyXpJek2JzXnJecl6TY
pNicl5yXpNik2KTYnNicl5yYnNmk2JyXnJecl5yXnJecl5SXlJaUl5SXlJeMl4xW
jFaMVoxWjFaMVoxWjFaMVoxWhBaEFoQVhBV8FXwVfBV8FXwVc9Rz1HOUa9Rr1GuU
Y5NjlGOUY5Rbk1tTW1NTElMSWxNTEkrSStJLEksSStJCkUrRStFK0EKQOk9CkEKP
a1JzUnOTa5Nrk2tSc1J7k3uTe9RzkmuSe9OEE4QUe9N7k4PUhBWMFYwVg9SMFYxW
jFaEFYQVlFaUl4xWjBWUVpyXnJecl5SWlFaUVpyXnNeUl5RWlFacl5zXnNec2JyX
lJaclpzXpNec15yWnJec2KTYnJec15zYpNik2KTXnJecl5zYpNicl5yYnJecl5RX
lJeUl4yXlJeUl5SXlFeMVoxWjFaMV4QWhFaEVoRWhFaEVoQWhBWEFXvVfBV8FXwV
fBV8FXPUc9Rr1GvUa9RrlGNTY5NjlGOUW5NbU1tTUxJTElsSUxJK0UrRUxJTEkrS
QpBCkUrRQtE6kDpPQpBCj2tTc5JzknOSa5JrUWtSc5N7k3vTc5JzknvTg9SD1HuT
e5OEFIQUhBSEFHvUjBWMVYxVhBSEFJRWlFaUVowVlFacl5yYnJeUl5RWjFWcl5yW
lJaUVpSWnJecl5yXnJecl5RWlJecl5zYnJeUlpyXpJek2JyXnNecl5zYnNic2JyX
nJec2JzYlJeUl5SXnJeUlpSWlJeMV5RXlFeUV5RXjFaMVoxWjFaEVoRWhFaEFoRW
hBZ8FXwVfBV0FXwVfBV8FXwVfBVz1HPUc9Rr1GvUY5Rjk2OTY5RjlFtTW1NbU1MS
WxNTElMSStFK0FMRStFK0UKQQpFKkUKROlA6T0KQOo9rUmtSa1JrUmtSaxFrUnOT
c5NzlHOTa5Nz03vUfBRz03OTe9SEFYQVfBR71IRVjFWMVYQVhBWMVpRWlFaMFZRW
lJecl5SXlJeUVowWnJecl5SWlFWUVpyXnJec15yXnJeUVpRWnJek2JyYnJecl5zY
nNicl5yXnNik2KTYnJicmJyYnJicmJRXlJiUl5SXjJeUV5RXjFeMV4xXjFeMV4xW
hFaEVoxWhFaEFoQWhBeEFoQWfBV8FXwVfBV8FXvVe9V8FXPVc9Rr1GvUa9RjlGOT
Y5Njk2OTY5NjU1tSW1NTElMTUxJTEkrRStFLEUrSStFCkUKRSpFKkUJPQk9CjzpP
a1JrUmtRa1JrEmMRa1Fzk3PTc9NzkmtSc5N71HvUc5NzknvUhBSEFXwUe9SEVYRV
jFWEFIQUjFaMVoxWhBWUVpSXlJeUl5RXjFaMVpSXlJeUl5RWlFacl5yXnNeUl5SX
lJeUVpyXnNeclpSWnJec15zXlJeUl5SXnJicmJyXnFecl5yYlJeUVpSXlJeUl4xW
jFaUVpRWlFaUV5RXjBaEFYQWhBaMVowWhBaEFoQWhBZ8FnvVfBV8FXvVc9Vz1XPV
dBZ0FWvVa9Rj1GuUa5Rjk2NTY5Rbk1tTW1NTUlNSUxFTElMSUxJK0UrRUtJK0kKR
OpBC0ULRQpAyTzpPQk9CT2MSa1JrUmtSYxJjEWsSc5Nzk3uTa5JrUnOTe9R71HOT
c5N71IQUhBR703vThBWMFYwVhBSEFIxWlFaMVowVlFaUlpRWlJaUVowWjBWUV5SX
lFaMFoxWlJeUl5SXlJeUl4xXlFecl5yXnFeUVpRXnJeUl5RWlJeUl5yXnJicl5yX
nJecl5yXlFaUV5SXlJeMVoxWjFaMVoxWjFaMVoRWhBWEFoQWhBaEFoQWhBWEFYQW
hBZ71XvVe9V71XPUc9Rz1HQVdBVr1GvUa9RrlGuUY5RbU1tTW1Nbk1NTU1JTUksR
UxJTElLSStFK0UsSStJCkTqRQpFCkUKQOk86TzqPOk9rEWtSa1JrUmsSYxFjEnOT
c5Nzk2tSa1Fzk3uTe9R7k3OTe9R71IPUg9R7k4QVjBWMVYQUhBSMVZSWjFWEFIxW
lFaUlpSWlFaMVYwVlJaUlpRWjFWMVZSWlJeUl5SXjJeMl4xWlJecl5RWjFaUVpSX
nJeUVpSXnJicmJyYlFeUV5SXlJiUl4xWlJeUV5RXjFaMVoxWjFaMVpRWjFaEVoQV
hBWEFYQVhBWEFYQVhBWEFXwVc9R0FXQVc9Rz1HPUc9Rz1XPVa5RrlGuUa5Rjk2OT
Y1NjU2NTW1NbUlNSUxJTEVMSUxJTEkrRSxJLEUrRQpBCkEKRQpFCkTJPOk9CjzpO
axJrUmtSa1JjUmMRaxFzUnOSc5NrUmtSc5N7k3vTc5JzknvThBSD1IPUe5SEFYwV
jBWD1IPUjBWUVoxVhBSMVYyWlJaUVoxWjBWMFZRWlFaUVowVlFWUVpSWlJeUl5SX
lFaUVpRWnJeUloxWlJeUl5SXjJeUl5SXlJiUl5RXlFeUV5yXlJeMVoyXjFaMV4wW
jFaMVoxWjFaMVoxWjBaEFYQVhBWEFYQVfBV8FXwVfBV8FXvUc9V71XPUa9Rz1HPU
dBVr1WuUa5RrlGuUY5NjU1tTW1NbU1tTWxNTElsSUxFTEksSSxJC0UsSStJKkkKR
QpFC0UKROpA6TzpPOo86TmsRaxJrEmsSYxFjEGMRc1JzknuSc1FrUXOTe9N703OS
c1KD04PUg9R71HOTe9WEFYQVe9R71IwVjFaMVYQUjFWUVoxWjFaMVoQVjBWUVZRW
jBaMFYwVjFaUVpRXlFeUVoxWjFaMVpSXlFaMVYxWlFeUl4xWlJeUl5SXlJeMVoxW
lFaUl5SWjFaUV4xWjFaMFowWjFaMFowWjBaEFoQVe9V8FYQVhBV71HwVfBV8FXwV
c9Vz1HPUc9Rr1GvUc9R0FHPVc9RrlGuUa5RjlFtTW1NbU1tTW1NbU1MSUxJTElMS
UxJTEksSQtFLEkrSStJCkEKRQpBCkEJQOk9CTzpPOg5jEmtRaxJjUlsRWtBjEWtS
c5JrkmtSa1FzknOTc5RrU2tTc9N71HvUe9Rzk4PUhBWEFXvTe9SEFYxVjBWD1IxV
jFaMVoxWhFaEVYQUjFWMVoxWjBWMVZRWlFaUVpRWlFaMVoxWjFaUVoxWjFaMVpSX
lJeMVoxXjJeUl5SXlFaMVpRWlFeUVowWlFeMVoxWhFaEFoQWjBaMFowWjBaEFXwU
hBSEVYQVfBV8FXwUfBV8FXPUc9Rz1GvUa5Rr1HPUa9Rr1GvUY5NjlGOUY5NjU1tT
W1NbU1tTW1NTU1MSUxJS0lMSUtJK0kqRStJK0kKRQpBCkULRQpBCUDoPQk9CTjoP
YxFrEWsRYxFjEVrQYxBrUmtSa5JjUWMRa1Jzk3OTa1JrUnOTe9N703vTc5J71IQV
hBV71HvUhFWMVYQVe9SEFYwVjFaMVoxWhBWEFIxVjFWEVYQVhBWMFoxWjFaMVoxW
jFWMVpRWlFaMFYwVlFaUV5RWjBaMVoxWlJeMV4xWjFaMVoxXjFeEFoxWjFaMVoQW
hBWEFYQVhBWEFoQWe9V71HwVfBV8FXvUe9R71HwVfBVz1HPUc9Rzk2vTa5Nr1GvV
a9Rr1GOTY5NjlGOUW1NbU1tTW1NbU1tTUxJTElMSSxFTElLRStJCkUrSQpFCkUKQ
QpBCkEKQQpA6DzpQOk86D2MQYxBjEVrRWtFakFrQY1FrUWuRY1BjEWtSc5Nzk2tS
a1Jzk3vUe9Nzk2tSe9N71HwUe9N704QVhFWEFHvThBSEFYxWjFWEFYQVhBSEVYxV
jBSEFIQVjFaMVoxWjFaMVYwVjBWMVpRWjBWMFYwVjFaMVoxWjFaMVpRXjFeMFowX
jFeMV4xWhBWMVoxWjFWEFYQVhBV8FYQVhBWEFYPUe9R71HvUe9Rz1HPUc9Rz1XPU
c9Rz1GvUa9RjlGuUa5Rr1GvUa5RjU2OUY5Nbk1tSW1JbU1tTW1NTU1MSUxJLEksS
SxJLEkrSQpFK0kLRQpFCkEKQQpBCkEKPMg46TzpPMg5i0GLQYtBi0FrQUo9a0GMR
Y1FrUmMRYtBrEXNRc1JrEWMRc1Jzk3OTc5NrUnuTe9R71HOTc9OEFIQVe9Nzk4PU
hBWEFYQVhBWD1IPUjBWMFYPUg9WD1YwVjBWMFowVjBWMFYwVjBaMVoQVhBWMVYxV
jFWEFYQVjFaMVoxWhBaMFowVjBaMFYQVjFWEFYQVfBSEFYQVhBWEFYQVhBV71XPU
e9R71HvUc5Rz1HPUc9Rz1GuTa5NrlGuUa5RrlGuUa5RrlGOUW5Rjk2OTY1NbElsS
W1JbU1tTUxNK0ksSSxJLEkrSStFK0UqRStFCkEKROlA6kEKQQpA6TzIOMg86TjIO
WpBakFqQWpBSj1JPUpBi0WMSYxFa0FrQYxFrUmtSYxFjEGtSc1Nzk2tSY1Jzk3OU
e5Rzk3OTfBV8FHvUc5J71HwUhBSEFIQUe9N704wVhBV71HvUe9SEFYQVjBWEFYQV
hBSEFYQVjBWEFIQUhBSMVYwVhBSEFYwVjFaMFYwVhBWMFYwVjBWEFIQVhBWEFXwU
fBR8FHvUe9R71HPUc9Rzk3PUc9Rz1HPTc9Nz03PTc9RrlGuUa5Rrk2OTY5Njk2OU
Y5RjlGNTY1NbU1tTUxNTElMSUxJTEksSSxFLEUrSStFK0UqRSpFCkELRQpBCkDpQ
OlBCkDpQOk8yDjpOOk4yDVJOUk5STlJOSg5KDlJOWs9a0FrQUo9Sj1rQYxFjEVrQ
Ws9jUWtRa1FrEWMQa1JzU3OTa1JzUnuTe9Rzk2tSe9N71HvUe9Rz1HOTc5OD1IPU
e5N7k3vUg9SEFIQUhBSEFHvTg9OEFIwUg9OD04PUhBWD1IPUg9WEFYwWhBWEFYQV
hBSMVYQUe9OEFIQUe9R71HvUe9R71HvUe9R71HPUc5NzlHPUa5Rrk2vTa5RrlGuU
Y5Njk2OTY5JbUltTY1NjlGOUW5NbU1tSW1NTUlMSUxJTElMTSxJLEkLRStJK0UqR
StFK0UKRQpFCkTpQQlA6T0KPQk86TzIOMg06TjoNMc1KDUoNSg1KDUnNQcxKDFJO
Uk5ajkoNSg1STlqPWpBSTlJOWtBi0GLQWo9aj2sRaxJrEWLQYtFzUnNSaxFjEXOT
c5N7k3OTc5NrUnNSe5N7k3NSc1JzUnuTe9N703vTe9N7k3vTe9OD1HuTe5ODlIPU
g9N7k3vUe9SEFIPUe9N71HvUe9R71HPTe9R71HvUc5N7lHPUc5Rz1HPUc5Rzk2tT
c5Nzk2uTa5Nrk2uTa5Nrk2tSY1JjU1sSUxJbU1tTW5NbU1tSUxJTElMSUtFK0krS
StJK0krSStFCkELRQpFCkUKROlBCkDpPQk86TzpQMg8yDzpPMk8yDinNMg0yDSnM
QcpBykHKQco5yjnKQctKDFIMUgxBzEHMSg1STlJNSgxKDFJOWo9aT1JPUk5az2LQ
YtBaj1qPYxFrEWLQYtBrEXNRaxFrEWsRYtBi0XNSc1JrEWMRaxFzUXNSc1JzUmtS
axFzUnNSc5NrUnNSe5N7k3tSc1Jzk3uUe5Rzk3NSc5Nzk3OTc5Nzk3OTc5Nzk2tT
a1Nrk2uTa5NrU2tTa1JjUmtSa1JjUmNSY1JjUmNSY1JbUVsSUxJS0VMSUxJTElsT
WxJS0VMRUtFS0UrQSpBKkEqQSpFKkEpQQlBCkDpQOlA6TzpPOk86DjpOOg46DjIN
Og46DTINKc0pjDHMMcwpjDmIQYg5iDmIOYg5SDlIQcpJyknKQYk5iUHKQgtKC0HK
QcpKC0oMSgxKDEHLUk1STlKNSgxKTVqOWo5SjlJOWo9i0GLPYs9az1qPWo9i0GMQ
Wo9aj2LPYxBrEGtQaxBrEGLQaxFrUWsRYxBjEGsRaxFrEWMRa1FrUXORc1JrEWsS
c1JzUmtRa1FrUmtSa1FjEWsRaxFjEWMRYxFjEVsRWxFbEVsSWxFa0VrRWtFa0VsR
WtBS0VLRSpBKkErQStFK0VMRStFKkUqQSpBCkEJQQk9CT0JOQk5CTjoNOk06DToN
Og06DTnMMcwxzDHMMcwpzCnMKcwpyymLIUopiimKIUoxRjFGMUYxRTFGKQYxRzlH
OYg5hzFHMUY5h0HIOcg5hzmHQclByUHJOck5iEIJSgpKCkHJQglSS1JMSgtKClJM
UkxSTFJMUktSTFJMWo1ajlJMUk1ajVqOWo5ajlqOWo1ajlqOYs9iz1qOWo5iz2LQ
Ws9az2LQYtBi0GLQWtBjEGLQYxFi0FrPYxBi0GLQYpBiz2LQYtBi0GLQYtBa0FqP
Wo9aj1qPUo9Sj1JPUo9SkFKPSo9KTkpOSk5KjkpPQo9Cj0JPQk5CTkJOQg5CDToN
Og06DDIMOgw5zDnMMYsxyzHLMcspyimKMYoxiSmJKUkpSSlJKUohSSEJKUkpSSFI
MQQpBCkEKQQoxCjEKMQxBTEFMQUwxTDFMQU5RjlGMQUxBTlGOUY5RjkFOUZBh0GH
QYc5R0GHSchJyEGHQYdJyEnJQclByUHJQchJyVIKUgpJyUnJUglaClIKUgpSC1IK
UgtaC1pLWkxSC1ILWgxSTFJLUkxSTFpMWoxSTFJMUoxSTVqNWk1STVKNUk1STVJN
Uk1STlJNUk1STVJNUk1STFJMUk1STUpMSkxKDEpMSk1CDEoMQgxCC0IMQgxCDEIM
QgxCDDoLOcs5yznLOcsxyjGKMYoxijGKMYopSSmJKYkpiSlJKUkpSClIKUgpSCEH
IQghCCEIGMcYxhkHIQchBijEKMQxBCjEKMQoxCjEKMQoxCjEKMQwxDDEMMQwxDEE
MQQxBTEFOQU5BDkFOUU5BTkFOQU5BTlGQUZBRkEGQUZBRkFGQUY5RkFGQUZJh0GH
QUZBRkGHSYdJiEmISYdJR0mHSYdJyEnIScdJyEnISghBx0nISglJyUnJSchJyEnJ
SclJyUnJSclJyUnJSclJyUnJSclJyknJSclByUHJQclByUHJQclByUHJQclByUHJ
OYk5yTGJMYk5iTmJOYk5iTmJOYkxiDGIMUgxiDGIMUgpRylIKUgpSClIKUcpByEH
KQchBiEGIMYhBiEGIQYhBiDGIMYgxiDFGMUYxRjFGIUohCjEKMQoxCjEKMQpBCjE
KMQoxDDEMMQwxDDEMMQwxDEEMQQxBTEFMQU5BTkFOQU5BTkFOQU5BDkFOQU5BTkF
QQVBBUEFQQVBRUlGQUZBRUFFQUVBRUlFSUZJRklGSUZBRklGSUZJRklFSUZJRklG
SUZJRklGSUZJRklGSYZJhkGHSYdBh0FGQUZBh0GHQYZBhkGGQYdBRkFHQUY5RjlG
OUY5RTlGOUY5RjlGOUY5RjFGMUYxBjFGMUYxRilGKUYpRilGKUUhBSkFKQYpBijF
IQUhBSEFIQUhBSEFIMQgxCDEIMQghBjDIMQYxBjEGMMYwxiEGMQYhBCDEIQQhBCD
KMMowyjEKMQoxCjEKMQowyjDKMMwxDDEMMQxBTDEMMQwxDDEMMQxBDEEMQUxBTkF
OQU5BTlFOQU5BTkFQUVBRUFFQUVJRklGQQZBRkFGSYZJRkFGQUVBRkFGQUZJRklG
SUZJRklFSUZJhklGSUZJRklGSUdJRklGSYdJR0lGSUZJRklGSUZJRkFGSUZBRkFG
QUZBRkFFQUZBRkFGQUY5RTlGOQU5BTkFOQU5BTkEMQUxBTEFMQUxBTEFMQUxBSkE
KQQpBCkEKQQowyjEKMQoxCDEIMQgxCDEIMQgxBjEIMMYgxiDGIMYgxiDGIMYghiC
EIIQghCCEIIQghBCEEIQQijDMMQwxDDEMMQwxCjEKMQoxCjEKMQoxCjEMQQoxDDE
MMQwxDDEMQQxBDEEOQU5BTkFOQU5BTkFOQU5BUEFQQVBRUFFQUVBRUFFQUVJRUlF
SUVJRklGSUZJRklGSUZJRkkGSUZJRklGSUZJRkmGSUZJRklGSUZJRkmGSUZJRklG
SUZJRklGSUZJRklGSUZJRklGSUZJRkFGQUZBRkFGQUZBRjkFOQU5BTkFOQU5BTkF
OQU5BTkEOMUxBTEFMQUxBTEFKQQpBCjEKMQoxCjDKMQoxCiEKMQowyjDIMMggxiD
IIMggyCDIIMYgxiCGIIQghCCEIIQghCCEIIQghBCEEIoxCjEKMQoxCjEKMQoxCjE
KMQpBCjEKMQoxCjEKMQoxDDEMMQwxDDEMMQwxDEEMQQxBDEFMQUxBTkFOQU5BTkF
OQU5BTkFQQVBRUFFQUVBRUFFQUVBRUFFSUZJRklGSUZJRklGSUZJRklGSUVJRUlG
SUZJRklGSUZJRklGSUZJRklGSUdJRklGSYZJhkmGSUZJRklGSUZBRkFGQUY5RjlF
OUVBRUFFOQU5BTkFOQU5BTkFMQUxBTEFMQUxBTEFKQUxBTEFKQQpBCkEKMQowyjE
IMQgxCjEKMQoxCjDKMMgwyDDIIMYgyCDIIMYQhCCEIIQghCCEIIQghBCEEIQQxBD
KMQoxCDEIMMoxCjDKMMoxDDEMMQwxDDEMMQwxDDEMMQwxDDEMMQwxDDEMQQxBTEF
KQQxBDEEMQQ5BDkEOQU5BTkFOUU5BUFFQQVBBUFFQUVBRUFFQUVBRUFFQUVBRUFF
QUVBRUFFQUVBRklFSYZJRklGSUZJRklGSUZJRklGSUZJRklGSUZRRklGSUZJRklG
SUZJRklGSUZBRkFGQUVBRTlFQUVBRUFFOUU5RTlFOUU5BTkFOQQxBDkFMQUxBTEF
MQUxBDEEMQQoxCjEKMQoxCjEKMQoxCjEKMQoxCDEIMMgwyDDIMMggxiDGIMYgxiD
GIIYghCCEIIQQhBCEEIQQiiDKIMogyjDKMMowyjEKMQoxCjEKMQoxCjEKMQoxCjE
MMQoxCjEMMQwxDDEMQQxBTEFMQU5BTDFMMQwwzDDOQQ5BTkFOQU5BUEFQQVBBkEF
QQVBBUEGQUVBRUFGQUZBRkFFQUZBRUFFQUVBRUFFSUVJRUFFQUVBRUlGSUZJRUlF
SUZJRklGQUZBRkFGQUZBRkFGQUZBBkFGQUZBRkFFQUY5RkFFQUVBRUFFQUVBRUFG
OUY5RTkFOQU5BTkFOQQxBTEFMQUpBTEEKQQpBCjEIMMgxCjEKMQoxCDDIMMgwyDD
IMMggyCDGIMYgxiDEIIYgxiDGIMQQxBDEEIQQhBCEEIowyjDKMMowyjDKMMowyjE
KMQgxCjEKMQoxCjEKMQoxCkEMMQwxDDEMMQwxDjEOMQ5BTkFMQUwxDDEMMQwxDkF
OQU5BTkFOQU5BTkFOQU5BTlGQUVBRUFFQUVBRUFFQUVBRklGSUVJRUlFSUVJRUFG
QUZBRkFGQUZBRkFGQQVBRkFGQUZBBUFFQUVBRUEGQQVBBUEFQUVBRUFFOUVBRUFF
QUU5RTlFOQU5BDkFOQUxBTkFMQU4xTEFMQUxBTEFMQUxBTEEMQQwxDDEKMQoxCjD
KMQoxCjEKMQoxCDDIMMgwyDDIMMggxiDGIMYgxCDEIIQghCCEIIQQhBBEEIQQRBB
KMMowyjDKMMowyjDKMMowyjEKMQowyjDMMQoxCjEKMQoxDDEMMQwxDDEMMQwxDDE
MMQwxDDEMMQ4xDkFOQU5BTkFOQU5BTkFQQVBBUEEQQVBBUFFQUVJRUlFSUVJRUlF
SUVJRklGSUZJRklGSUZJRkFGSUZBRUFFSYZJRklGQUVBRkFGQUZBRkFGQUY5BTkF
OQU5BTkFOQU5BTkFOQU5BDkEOQQ5BDkEOQQ5BTkFOQU5BTkFMQUxBTEFMQUxBTEE
KQQpBCDEKMQoxCjEKMQoxCjEKMQoxCDDKMMowyjDIMMgwyDDIIMggxiDGIMYgxiD
EIMQgxCDEEIQQhBBEEEQQSjDKMMowyjDKMMowyjDKIMogyjDIMMowyjDKMMoxCjD
KMQoxCjEKMQoxDDEMMQxBDEEMQQ5BDkEOQU5BTkFOQU5BTkFOQQ5BTkFQQVBBkEG
QQZBBUFFQUVJRkFGSUZBRUFFQUZBRklGSUZBRkFGSUZJRklGSUVJRklGSUZBRkFG
QUZBRkFGQUZJRkFGOUY5RjkFOQU5BTEFOQU5BTkFOQU4xTkFOQU5BTkFOQU5BTkF
OQUxBTEFMQUxBTEFKQUxBDEEMQQpBCjEKQQoxCjEKMQoxCCEIMMgwyDDIMMgwyCD
IIMggxiDGIMYgxiDGIMYQxiDGIIYghCCEEIQQhBCEEIowyjDKIMogyiDKIMogyiD
KIMowyjDKMMowyjDKMQoxCjEKMQwxDDEMMQwxDEFMQUxBTkFOQU5BTkFOQU5BTlE
OUU5BTkFOQY5BjlFQUZBRkFFQUVBRUFFQUVBRUFFQUVBRUFFQUVBRUmFSUVBRUlF
QUVBRUFFQUVBBUFFQUVBRUFFQUVBRkFGQUZBRjkFOQU5BTkFOQU5BTkFOQU5BTkF
OQU5BTkFOQU5RTlFQUU5RTlFOQU5BTkFMQUxBTEFMQUwxTEEMQQxBDEEKMQowyjE
KMQoxCDEIMQgwyDDIMMgwyCCGIIYghiDGIMYghiCGIIYghiCEEIQQhhCGEIQQhBC
KIMowyjDKMMowyjDKMMowyjDKMMoxCjEKMQwhDDEMMQwxDEEMMQwxDDEMMQxBDEE
MMQxBTkFOQU5BTkFOQU5BTkFOQVBBUEFQQVBBUEFQQVBRUFFQUVBRTlFQQVBBUEF
QQVBRUFFQUVBRUFFQUVBRUFFQUVBRUEFOQU5BTkFOQU5RTlFOUU5BTkFOUU5RTlF
OQU5BTkGOQU5BTlGOUY5BTkFQUVBRUFFQUU5BTkFOQU5BTkFOQU5BDkFMQUxBTEF
MQUpBDEEKQQpBCjEKMMoxCDEKMQgxCDEIIMgwxjDGIMYgxiDGIIYgxiDGIMYgxiD
GIIQghCCEIIQQhBCEEIQQijDKMQowyjEKMQowyjDKQMowyjDKMQoxDDEMMQwxDDE
MMQwxDDEMMQxBDEEOQQ5BDkEOQQ5BTkEOQU5BTkFOQVBRTkFOQU5BTkFOQU5BTkF
OQU5BTkFOQVBBUEFQQVBBUEFQQZBBEEFQQVBBUEEQQU5BTkFMQU5BTkFOQU5BTlF
QUVBRUFFQUVBRUFFQUZBRUFFQUZBRkFGQUZBRUFFQUVBRTlFOUU5RDlFOUU5RTlF
OQU5BTkEMMUxBTEFMQUxBTEEMQQxBCkEKMQoxCjEKMQoxCjEIMMgwyDDIMMgwyDD
IMMgghiDGIMYgxiDEIMYgxiDGIIYghCCEEIQQhBCEEIogyiDKIMowyjDKMMwxCjE
KMQowyjEKMQoxCjEMMQwxDDEMMQwxDDEMMQwxDDFMMQwxDEEMQQxBDEFMQUxBTEF
MQU5BTkFOQU5BTkFOQU5BTkFOQU5BUEFOQU5BUEFQQRBBUEFQQVBBUFFQUVBRUFF
QUVBRUFFQUVBRUFFQUVBRUFFQUVBRUlFSUVBRUFFQUVBBUFFQUVBRTlFOUU5RTlF
OUU5RTkFOQU5BTkFOQU5BTEFMQQxBDEEMQQxBDEEKMQoxCjDKMQoxCjEKIQoxCjE
KMQpBCDDIMMowyDDIMMgwyDDIIIYgxiDGIMYQxiDGIIYghiCGIEYghhCGEIQQhBC
KIMowyjDKMMogyjDKMMowyjDMMQwxDDEMIQwxDDEMMQwxDEFMQQxBDEEMQQxBDEE
OQQ5BDkFOQU5BTkFOQU5BTkFOQU5BTkGQQVBBUEFQUVBRUFFOUVBRUFFQUVBRUFF
QUVBRUFFQUVBhUFFQUVBRUFFQUVBRUFFQUVBRUFFQUVBRkFGQUZBRkFGQUZBRTlF
OUU5BTkFOQU5BTkFOQQ5BTkFOQU5BTEFMQUxBDEEMQQpBDEEMQQxBDEEMQQxBCkE
KQQpBCkEKMQoxCjEKMQoxCjEKMQoxCjEIMMgwyDDIMMgwxiCIIMYghiDGIMYgxiD
GIIQQhBCEEIQQhBCEEIQASjDKMMowyjDKMMwwyjDKMMowyjEKMQoxCkEKMQwxDDE
MMQwxDDEMMQwxDkEMQQxBDEEOQU5BTkFOUQ5BTkFOQU5BTkFOQY5BUFFQUVBRUFG
QUVBRUFFQUVBRUFFQUVBRUFFQUVBRUFFQUVBRUEFQUVBRUFFQUVBRUFFQUVBRUFF
QUVBRUFFQUU5RUFFOUU5BTlFOUUxBTkFOQU5BTkFOQU5BTkFMQUxBTEFMQUxBTDF
MQUxBTEFKQQxBCkEKQQpBCjEKMQoxCDEKMQoxCjEIMMgwyDDIMMYwyDDIIIggyCD
IIMYgxiDGIMYghiCGIIQghCCEEIQQhBBEEIQQhBCCEEogyiDKIMowyjDKMMwwyjE
KMMowyjDKMMowyjEKMQoxCjEMMQwxDDEMMQwxDEEMQQxBTEEOQQ5BDkEOQU5BTkF
OQU5BTkFOQVBBUEFQQVBBkEFQQVBBUEFQQVBBUFFQUVBRUFFQUVBRUFFQUVBRUFF
QUVBRTlFQUVBRUEFQUVJRUFFQUU5RUFFOUVBRUFFOUU5RTlFOQU5BTkEOQU5BTkE
MQQxBTEFMQUxBTEEMQUxBCjEMMQwxCjDKMQpBCjEKMQoxSjEKMQoxCjEKIQgxCDD
IMMgwyDDIIMggyCDIIMggyCDIIMggyCDGEMYghCCEIIQQhCCEIIQghBCEEIQQhBC
KIMwgyiDKMMowyjDKMMowyjDKMMowyjDKMMoxCjEKMQoxCjEMMQwxDDEMMQxBDEE
MQQxBTEFOQU5BTkFOQU5BTkFOQQ5BTkFOQU5BTkFOQU5BEEFQUVBRUFFQUVBRUFF
QUVBREFFQUVBRUFFQUVBRUFFQUVBRUFFOUU5RTlFOUU5BTkFOQU5BTkFOQU5BTkF
OQU5BTkFMQUxBTEFMQUxBTEFMQUxBTEFMMUwxSjEMQQxBDEEMQQpBCkEKQQgwyjE
KMQoxCjEKMQoxCjDIMMgwyDDIMMggyDDIIMggyCDIIMggyCDGIIYghiCGIIYghCC
EEIQQhBCEEIQQhBCCEIQQSiDKIMogyiDKIMogyjDKMMowyjDKMMowyjDKMQoxCkE
KMQoxCjEKMQoxCjEMMUwxDDEMMQ5BDEEMQQxBDEEOQQ5BTkFOQU5BTkFOQU5BTkF
OQU5BTkFOQU5BTkFOQU5BTkEOQU5BUEFOQU5BTkFOQU5RTlFOUU5BTkFOQU5BTkF
OQUxBTkFOQU5BTEFOQQ5BTkFOQU5BjkFOQU5BTkFOQU5BTkFMQUxBDEEKQQxBDEE
KQQpBCkEKMQpBCjEKMQoxCjEKMQoxCjEKMQoxCDEIMMgwyDDIMMgwyDDIIIggyCD
GIMggyCDGIMYgxiDGEIYghiCGIIYQhBCEEIIQhBCCEIogiiDKMMowyjDKIMowyjD
KMMowyjDKQQoxCjDKMMoxCjEKMQoxCkEKMQwxDDEMMQxBDEEMQQxBDEEKMQxBDEE
OQUxBTkEOQQ5BDkEOQU5BTkEOQU5BTkFOQU5BTkFOQU4xDkFOQU5BTkFOQU5BTkF
OQU5RTlFOQU5BTkFOQU5BTkFOQU5BTkFOUU5BTkFOQU5BTkFOQUxBTEFOQU5BDkF
MMQxBDEEMQQxBCkEMQQxBDEEKQQpBCkEKQQpBCjEKMQoxCjDKMQoxCjEKIQowyjD
IMMgwyDDIMMgwyDCIIMYgxiDGIMYghiCGIIYghCCGIIYghiCEIIQQhBCEEIQQRBB
KIMogyiDKIMogyiDKIMowyjDKMMowyjDKMMowyjDKMQoxCjEKMQpBCkEKMQwwzEE
MQQxBDEEMQQxBTEEMQQxBTEEMQQxBDEEOQQ5BTkFOQU5BTkFOQRBBTkFOQUxBTkF
OQU5BTkFOQU5BTkFOQU5BTkFOQU5RjlFOUU5RTkFOUU5RTlFQUU5BTkFOQU5BTkF
OQU5BTkFOQU5BTEFMQUxBTEFMQQxBDEEMQQxBCkEMQQoxCjEKMQoxCjEKMQoxCjE
KMQgwyDDIMMgwyDDIMMgwyDDIIMggyCDIIMYgxiDGIMYgxhDGIIYghiCEIIYghiC
GIEYQhhCEAIQQRBBEEEQQSCDIIMggyiDKIMogyiDKIMogyiDKIMowyjDKMMowyjD
KMMgwyjEKMQxBCjEMMQwxDDEMMQwxDDEMMQwxDDEMMQwxDDEMQMxBDEEMQQ5BDkE
OQQ5BDkEOQU5BTkFOQU5BTkFOQQ5BTkFOQU5RTkFOQUxBDkFOQU5BTkFOQU5BTkF
OQU5BTkFOQQ5BDkEOQQ5BTkFMQUxBTEFMQUxBDEEMQQxBDEEKQQoxCjEMQQxBDEE
MMQoxCjEKMQoxCjEKMQoxCjEKMQoxCjDKMMgwyDDIMMgwyDDIIMggyCDIIMggyCD
GIMYgxiDGIIYghCCGIIYghhCGEIYQhhCGEIQQhBCEEI=
END f128fast
  chw crc32 : c794098f   (low byte first)
  chw crc32 : 47b5a7d9   (high byte first)

-- qvga: 320x240 RGB565, resolution register 0x01, bus 8.0 MHz, recipe vendor --
  fifo      : 153600 bytes, expected 153600  
  timing    : setup 17.4 ms, expose 62.7 ms, read 154.1 ms  (0.95 MB/s over the bus)
  first 16  : 5a 09 5a 0a 5a 0a 52 09 41 88 41 87 41 87 49 c7 
BEGIN qvga 320 240 153600 6e5ccbee
WglaCloKUglBiEGHQYdJx2JKYotqzGKMYoxijGKLWgpKCEHISghSCWLLcwxzDGrM
awxzTWsOYw1jDVrNWsxai2LMe4+DkIPQg9CD0YPRg9F70XORa1BrT3NQg9GEEoxS
jFOMU4xTjFOMU4QSe9KEE4QThFOMVJRUlJSUlZSVlNWU1ZTVlNWU1ZTVnNWc1ZSV
lJWUlZSVlJWc1pzWnNedFp0XnRedF5UWlNaU1pTWnNadFqUWpRelWKUYpRidGKUY
pNic15zXnNadFp0WnRalFqUXpRelF6TXnNec15zXnNalFqUXpRelV6VYpVilWaUY
pRilGJ0YnRedF6VYrVitWK1YrVitWKVYpVidF50YnRelF6UYpRilWK1YrVitWK1Y
rVitWKVYpRilWKUYpRidGKUYpVilWK1YrVilWKVYpVilmKVYpVelF6UXpRelF6UX
pRelF61YrVitWK1YpVidF50YnRidGKUYpRilGKVYpVilWaVZpVilWKVYnRedF50X
nRedF50XnRelGaVYnViVGJUXlNeU150XnRedF51XnRidGJ0YlRiVF5TXlNac15zX
nNedF50XnRedF50XnRedF50XlReM1ozWjNaU1pTWlNeU1pSWlNaU1ozVjNaM1ozW
jNaM1ozVjNWM1YzVjNWM1ozWjNaM1ozWjJaMloRWhFWEVYRVhFSEVIRUhJSElYSU
hJWEVIRUhFSEFHwTfBN8U4RUhFSEVHwUfBN8E3wTfBJ0EXQSdFJ8EnwTfBN0E3QT
dBN0EnQSa9Fr0WvRa9Jr03PTc9Nz02vSY9JrkmuRa5BjUGNQY5Br0mvSa9JrkmuR
a5FrkWtRY5FTD1tPW1BbT1oJWgpSCkoJQYg5h0GIQYhSCWKLYsxizGLMWsxazEpK
QghKCEoIUkliy2tNaw1rTWsMaw1zDWsNYs5izmLOWo1ajHOPe5CD0YPRg9GD0oPS
e5FzkWtPaw9zkXvShBKEE4RTjFOMU4xTjFOEEoQRhBKEE4wTjFOMlJSUlJWUlZSV
lNaU1ZTWlNaU1ZTVlNWU1YyVjJWMlYyVnNadFqTWpNelF6UXnReU1pTWlNaU1pzW
nNak1qUXpRilGKUYpRilGKUYnRec15zWpRelF6UXpRelF6UXnRec15zXnNec1pzW
pRetF60XrRetGK1ZrVmtGaUZpRidGJzXnRelWKVXrVitWK1YrVitWKVYpRedF6UX
pRilGK1YrVitWK1YrVmtWaVZpZilWJ1YpRilGaUYnNidGK0ZrVmtWa1ZrVmtWK1Y
rZmlWZ0YpRilGKUYpRilWKUXpRetWK1YrVitWKUYnRedF50XpRilGKUYpRilWaVZ
pVmlWaVZpVmlWJ0XnNedF6UXpRedF6UYpVilWJ1YnRiU15TXnNedF50XnRedF50Y
nRidGJ0XnNeU1pTXnNec15zXnRedF50XnRidF50XnRidF5zXlNeUl4yWjNaU1pTW
lNaU1pSWjNaM1YzVjNWM1YzWjNaMloyWjJaU14zWjNaM1ozWjJaMloyWjJaMloxV
jJSEVIRUhFSEVYSVhJWElYRVhFSEVIRUfFN8U3xThFOEVIRUfFR0E3RTdFN8E3wS
c9J0EnwTdBN8E3QTdBN0E3QTdBNz03PSa9FrkWvRa9JsEnQSa9Jr0muSa5JrkWOR
Y1BjUGORa9JrkmuSa9JjkWuRa5FrkWNQW09TDltPW09SSVJJUklKCDnHQcdBx0nI
Wklii2KLastii2qLYstSSUoKQclJyUoKYstrDWsNaw1izGsNa05rDmMOYs5azVrM
Ysx7j3uPe9F70YPSg9GD0nuRc5BrUGNPa0+D0YwSjBKMU4xTjFOMU4xThBN8EoQT
hBOMU4xTjJSUlJSUlJSU1ZTVlNWU1ZTWlNaU1pTVlNWU1YzVjJWUlZzWpNak1qTW
pRalF5zXnNaU1pzWnNec15zXnNelF6UYpRilGKUYpRidGJ0YlNeU1p0XpRelF6UX
pRelF6UYnNec15zXnNedF6UXpVitF61YrRitGK0ZrRmtGKUYpRidF6UXrVitWK1Y
rVitWK1ZrVmlWKUYpRidF6UYpRilGK1YrVitWK1ZpVmlWaVZpVmlGZ0YpRilGJ0Y
nRitWKVZpVmlWKVYpVitmK1ZrVmlGKUYpRilGKUYpVelV6VYpVilWa2ZpVmlWaUY
nRidGKUYpRilGKUYpRilWaVZpVmlWaVYnVic2JzXnNilGKUYpRelGKVYpVidGZ0Z
nRiU150YpRedF50XnRedGJ0YnRic2JTXlJeU15TXnRedF50XnRedF50XpRedF5zX
lNeU15TXlNeU15TWlNeU15TWlNaM1ozWjNaM1ozWjJaMloyWjJaMloyWjJeMloyW
jJaUloyWjJWMloyWjJaEVYxVjFWEVIRUhJWElYSVhJaEVYRVhFWEVHxTfBN8E3xU
hFR8VHxUfFR8E3xTfBNz03PTc9N8E3wTfBN8E3wTfBN0EnQSc9Jz0nORa5Br0XPR
dBJz0nPSc9JzkWuSa5FjkWOQY1BrkWuSa9Jr0WvRa9Fj0WORY5FjUVsPWw9jUFsQ
WglaSVJJSchJh0GHQYdJyFoJaopqimqKYotijGLNUktKCkoJSglSCWKLcwxrDGsN
aw1rDWMNYw1azVqOWs5ajVqNc1B7kIPRg9GD0YQRhBJ7kXNQa1BrT3OPhBGMUoxS
jFOMU4xUjFSEVIQTfBKEE4wUjFOMVJSUlJWUlZSVlJWU1ZTVlNaU1pTWlNaUlpSW
jJaMloyVjJWc1pzWnNac16UXpRidF5TXlNeU15zXnNedF50XpRelF6UXpRilGJ0Y
pRidF5zXlNedF6UXpRelF6UXpRelF5zXnNec15zXnNedF6UXpRetWK1YrVmtWa1Y
pRidGJ0XnRedF6UYrVitWK1YrVitWa1ZpVidGJ0YnRilGKVYrVmtWa1ZrVmtWa1Z
pVmlWaVZpVmlWZ1YpRic16UYrVmtWK1YrVitWKVYpVilWaUZpRmlGaUYpRilGKVY
pVilWKVYrVmtWa1ZrVmlGJ0YnRilGKUYpVilGKUYrVilWaVZpVmlGaUZpRidF50Y
pRidF50XnVilWKVYnVidF5UXlNac16UXnRedF50XnVidWJ0YnRiU15TXlNeU15UX
lRedF50XnRedF50YnRic15zXlNeU15TXjNaU15TXlNeU1pTWlNaU1ozWjNaM1ozW
jNaU1oyVjJaMloyWjJaMloyWjJaMloyWjJaMloSWhFaElYRVhFWEVYRVhJWEloSV
hJWEVYRUfFR8U3wTfBN8VIRUfFR8U3xUfFN8VHwUc9Nz0nQTdBN8E3wTfBN703QT
dBN0EmwSa9JrkWuRa5Jz03PTc9Nz02vSa9JrkWORY5FjUGNRY5FjkmvSY9Jj0muS
a5JrkmOSW1FTUFtPY09bT2JKYkpSCVHKSYlBSEGISYhaCmqNaoxijWqNYoxijFIL
ScpJiUnKWgpijHNOaw1jDWMNaw1jDWMNYw5bDlrNWoxazXNPe5B70HvQhBGEEYQR
e5FzkGtPa09zkIQSjFOMU4xTjFOMU4xTjBSEE4QThBOMU4xTlFOUVJSVlJWUlZyV
nJWUlZTVlNaU1pTWlNaU1pSVjJWMlYyVnNak16TWpNak16UXnNic15SXnNec150X
nRedF6UXpRilF6UYpRidGJ0YnRic15zXnNelF6UXpRelF6UXpRelF5zXnNec15zX
pRilGK0YrVitWK1ZrVmlWaVYnVidGJ0XpRelWK1YpVmlWKVYrVmtWaUYnRidGJ0Y
pVilGaVYrVitWa1ZrVmtWa1ZrRilWaVZpVilGJ0YnNilGK1ZrVmtWa1ZpVilWK1Z
rVqtWqUZpRmlGKUYpRilGKUYpRilGK1ZrVmlWaVZpRidGJ0XpRilGKUYpRitWK1Z
pVmlWaVZpRmlGJ0YnRedGJ0YnRedF50YnVidWJ0YnRiVF5TWnRedF50XnRidGKVZ
pVidGJ0YnNeU15TXlNec150XnRidF50YnRilGJ0YnNiU2JTYlNeM14yXlNaU1pTW
lNaU1ozWlNeU14yXjJaMloyWjJaMloyWjNaMlozWjJaMloyWjJaMloyWjJaMlYyV
jJWEVYRUhFWMVYSVhJaElYSVfFWEVYRUhFR8FIRUhFWEVIRVfFR8E3wTfBN8E3PS
c9J0EnwTdBR8FHwUfBR0FHQUdBJ0EmvRa5FrkXOSc9Nz03PTa9Jr02uTa5JrUWNR
Y1BjUWORa9JjkmuSa5JrUmuSa5FrkWNRUw9bT1tPW09iCWIJWglRyUnISYdBh0nI
Ykpii2qLaotiTGKNWkxSC0nKScpJyUoJYstzTWsNaw1rDmsOaw1jDmMOYs5azVrN
Ws5zkHuQg9CD0IPRhBGD0nuRc5BrUGtQa1CMEowSjFOMU4xTjFOMU4wUg9N704QT
jBSMVJRUlFSUlZSVnJaclpyWnJaUlpTWnNaU1pTWlNaU1pSVjJWUlZzWpNak1qUW
pRalGKUYnNec15zXnNec15zXnRedF6UXpRelGJ0YpRik2J0XnNec1qUXpRelGKUY
pRilGKUYnRidGJzYnNec16UYpRilGK1YrVitWK1YrVilWKUYnRic150YrVmtWa1Z
rVmtWa1ZrVmlWJ0YnRidGKUYrRitWK1YrVitWK1ZrVmtWa1ZrVmlGaUZpRmlGaUY
pRitWa1YrVmtWa1ZrRmtGa1ZrVmlWKUYpRilGKUYrRmlGK0YrVitWa1ZpVmlGaUY
nNilGKUYpRilGKUYpRmlWaVZpVmlWKVZpRidGJzYnRilGKUYnRidGaUZpVmdGJ0Y
lReU150YnRidGJ0YnVilWJ0YnRidF5zXlNec15zXnNedF50XnRedGJ0YnRidGJ0Y
nNiU2JTXlNaUlpTWlNaU15TWlNaM1pTXlNeMloyWjJaMloyWjJaMloyWjJaMlpTX
jNeMloyWjJaMloyWhJaMlYyVhFWEVIRUhFSMloSWhJaEVYRVhFSEVIRUfBN8E4QU
hFSEVIQUhBN8E3wTfBNz0nPTe9N8E3wUfBR8FHwUfBN0E2wSa9Jr0WuRa5FrkWvS
c9Nz02vSa9Jr0mORY5FjkGNQY1BrkXOSa5JrkWuRa5FrkWuSY1JjUVsQWw9bD2MQ
WklaCVpJWclJyEGHQYdJyFpKYotqzGrMYoxazFrMSotKCUnJSglKCWrMasxzDXMO
aw1rDmsNYw1izmLOWo1ajVrMc497kIPRg9GD0YvSg9J7kXNRa1BrUHNPhBKMUoxS
jFOMU4xTjFOMU4QTe9KEE4wTjFSUVJRVnJWUlZyVnJWclZyWnNac1pzWnJaUlpSW
lJaMloyWjJadFqUWpRalFqUXpRic2JzXlNeU1pzWnNec16TYpRilGKUYpRilGJ0Y
pRilGJzXnNalF6UYpRilGKUYpRilGJzXnNec15zXpNelF6UYpRilWKVYpVilWKVY
pVilGKUYnNelGKVZrVmlWa1ZrVmtWaVZpRidGJ0YpRilGKVZrVmtWK1YrVmtWa1Z
rVmlWa1ZpRmlGaUZnRmdGKUYpVitWK1ZrVmtWK1ZrVqtWa1ZpRilGKUYpRilGKUZ
pRilGKUYrVitWa1apVmdGaUZpRilGKUYpRilGKUZpVmlWaVZpVmlWKUYnNic2J0Y
pRilGKUYpRmlWaVZpRmdGJzYlNidGJ0YnRidGJ0YpRmlGZzYnNic15SXnNec15zX
nNedF50XnRidGJ0YnRiU2JTYlNeU15TXlNeU15TXlNeU1pTWlNaU1pTXjNeUl5SX
lNaUloyWjJaMloyWjJeMl4yWjJaMloyWjJaMloyWjJaMVYRUhFSEVIRVhFWElXyV
fJR8VHxUfFR8E3QTfBOEVIRUhFSEVHxTfFN8E3wTc9Jz0nvTe9N8FHvUdBR0FHQT
dBNsEmvSY9JjkWuSa5Jz03PTc9NzknOSc5FrUWtRY1BjUGNQa5FzkWuRa5FrkWtS
a5FrkWuRY1FSz1sQWxBbEFoJWglaSVoJSchBh0GISYhSCmKMYoxijGKMYotajFJK
SgpJyUoKUgpijGrNcw1qzmrOas5qzmMOYw5azVqNWo1ijXtPe5B70XvRg9GD0YPR
e9FzkHNPa09zUIQShBKMU4xTjFOMU4xUjFOEE4QThBOMU4xUjFSUVZSVlJWc1pzW
nNac1pzWnNeclpyWnJaUlpSWjJaMlYyVnNek16TXpNek16UXpNeU15TXnNac1pzW
pNek16UXpRilGKUYpRmlGKUYpNec15zXpRelF6UYpRilGKUYnRidF5TXlNec15zX
pRitGK0YrVitWK1YrVilWKVYpRilGJzYpRilWa1ZrVmtWa1ZrVmtWaVZpRidGKUY
pRitGK1ZrVitWK1YrVmtWa1ZrVmtWaVZpRmlGZ0ZpRilGK1YrVmtWa1ZrVmtWq1Z
rVmtWKUYpRmlGaUZpRmtGaUYpRilGa1ZrVmtWaUZpRidGKUYpVilGKUYpRilWaVZ
pVmlWaVZpRmdGZ0YnRilGKUYpRilF6UYpVilWZ0YnRedF5TXnRidGJ0YnRidGJ1Z
nRmdGJzYlNiU15zXnNec15zXnNec150YnRidGJ0YnRiVGJTYlNiUl5SXlNeU15TX
lNaU1oyWjNaM1oyWjJaMloyWjJaMloyVjJWMlZSWlNaM1oyWjJaMloyWjJaEloSW
hJWEVYRVhFWMVYyVjJWElYRVhFWEVYRUhFN8FHwUfBSEVYRUhFR8VHwTfBR8FHPT
c9N0E3wUfBN8E3wTfFN0E3QTa9Jz0nOSa5JrkmvSa9NsE2vTa9JrkmuSa5JjkWNQ
Y1FbUGuSa9JrkmuSa5JrkmuRa5FrkWNQWw9bD1sPW09aSVpKWktaSkmIOUdJSEmJ
WgpqjGKMao1ijWKNWoxaS0oKSglJyUoKYoxqzXLOaw5rDmMOYw5jDmLNYs1ajWKN
Wo1zUHuRe9GD0YPRg9GD0XvRc5BzUHNQc5CEEoQSjBOMU4xTjFOMVIwThBOEE4QT
hBOMVIxUlFSUlZSVlJWUlpyWnNac1pzXnNaU1pTVlNWM1ZSVlJWUlZzWnNak1qTW
pRalF6UXnNec15zXnNec150XpRelF60XpRilGKUYpRidF5zXnNec16TXrRes16UX
pRilGKUYpRec15zXnNec16UYrRitGK0YrRitWK1YpVilGKUYpRic2KUYrRmtWa0Y
rRitWa1ZrVmlGJ0YnRidGKVYpVitWK1YrVitWa1ZrVmtWa1ZrVmtWaVZpRmlGKUY
pRitWK1ZrVmtWaVZpVmlWa1apVmlGaUYpRilGKUYpRilGKUYpVitWa1ZrVmlGJ0Y
nRilGKUYpRilGaUYpVmtWa1ZpVmlWaUZpRic2JzXpRilGKUYpRilGKVZpVmlGJ0Y
nRiU150XnRidGJ0YnRilGKUYpRidGJzYlNeU15zXnRedF50XnRedGJ0YlRidGJ0Y
nNiU15TXlNeU15TXlNeU15TXlNeM1pTXjNaM1oyWjJaMloyWjJaMloyWjJeMl4zX
jNaM1ozWjJaMloyWjJaMloSWhFWEFYRVhFWEloSWhFWEVYRVhBWEFYQUhBOEE4RU
hFSEVIRUfFN8FHwUe9Nz0nPSc9J8E3wTfBN8E3wTdBR0E3PTc9NzkmuSa5Jr0mvT
bBNr02vTa9NrkmuSY1FjUWNRY1FrkmvSa5JrkmuSa1JrUmNSY1JbUFMPUw9bUFtP
WgpaCloKWgpJyEGIQYhByFpKaoxqjGqNYoxijVqMUktJyUnJUclRymqMcs1yzXMO
cw5rDmsPYw5izmLOWs1azVrNc5B70HvRe9F8EYQRg9J70XOQa09rT3NQg9KEE4wT
jBOMVIxUjFSMVIQThBOEE4xTjFSUVJRUlJWUlZSVlJWclpyWnJacl5TWlNaU1pTW
lJWUlYyVlJWc1qTWpNak1qUXrRelF5zXnNec15zXpRelF6UXpRelGKUYpRilGKUY
pRidF5zXnNelF6UXpRelGKUYpRilGKTYnNec150XnNelGKUZrVitWK1YrVitWK1Y
pRilGJ0YnRelGK1ZrVmtWa0YrVm1Wa1YpVilGKUYpRilGKVYpVitWK1YrVmtWa1Z
rVmlWa1ZpVmlGKUYpRilGKUYrVitWa1ZrVmtWa1ZrVmtWa1ZpRilGKUYpRilGaUY
pRilGK0YrVmtWaVZpRidGJ0YpRilGKVYpRilGKVYpVilWKVZpVmlGZ0YpNic16UY
pRilGKUYpRmlWKUYnRidF5zXlNedGJ0YnRidGJ1YpVilGJzXnNec15TXnNec15zY
nRidGJ0YnRidGJ0YlNic2JzYlNeU15SWlNeU15TXlNeU15TXlNaU1pTWlNaM1ozW
jJaMloyWjJaMloyWjJaUloyWjJaMloyWjJaMloSVhJWElYRVfFWEVYRVjFaMloxV
hFWEVYRVhFV8E3wTfFN8VIRUhFR8VHQUfBR0FHQUc9Nz03PTdBN8E3wTfBN8E3QT
dBNz03PTa5JrUmuRc9J0E3PTc9Nr0mvSY5FrkWuRY1FjUGNRY5JjkmOSY5FrkWuR
a5FrkWtRY1BbD1sPWxBbEFoJWgpaCloKSYhBiEmISYhaSmKMao1qjGqMao1ijFpL
SgpJyVIJWkpqzHLNcs1yzXLOas5rDmrOYw5izlqNWs1azXOPe9B70HvQe9GD0nvS
e9FzkXNQa1BzkIQShBOEEoxTjFSMVIxUjFSEE4QThBSEVIxUjFSUlZSVnJWclpyW
nJaclpzWnNac1pTWlJaUlpSVlJWMlZSVnNac1qTWpNelF6UXpRec1pzXnNec15zX
pRelF6UXpVilGKUYpRilGKUYpRec15zWpRelF6UXpRilGKUYpRic2JzXnNec15zX
pNilGa0ZpRitWK1ZrVmlWaVYnRidGJ0YnRilWK1YrVitWK1YrVmtWa0ZpNilGKUX
rRitGK1YrVitWa1ZrVmtWa1ZrVmtWa1ZrVmlGaUYnRelGK1ZrVmtWa1ZrVitWK1Y
rVmlWaUZpRmdGKUZrRmtGK0YrRitWK1ZrVmlWaUZnRilGKUYpRilGKUYpRilWKVY
rVmtWaVZpVilGKUYnNilGKUYpNilGKUYrRilWJ0XnRedF5zXpRilGJ0YnRilWKVY
nRidGJzYlNeU15TXnNec2J0YnRidGJ0YnRidGJ0YlRiVGJTYlNeU15TXlNeU15TX
lNaU1pSVlNaU1pSWjJaUlpSWlNaUlYyVjJaMloyWjJaM14zWjNeMl4yXjJeMloSW
hJWEVYRVhFWMVYyVjJWEVYRVhFWEVYRUfFN8FHwUfFSEVXxVfBR8FHwUfBR0FGvT
c9Nz03vTfBN8E3wTdBN0E3QTa9Jr0muSa5FrkXPSc9Jz0mvSa9Jj0WORY5FjUWNR
Y1FrUWuSa5JrkmuSa5JjUmOSY5FjkVtQWw9TD1MPW1BaCVoJWgpKCUHJQchJSFGJ
Wcpqi2qMasxijFqMWsxSC1IKScpKCVIJYsxrDWsNaw1rDWLNaw5rDmsOYs5izWLN
Ws1zT3uQg5CD0YPRhBF70XuRc1FrEGtQc1GEEoRThFOMU4xTjFOMU4wUhBOEE4QT
jFSMVIxUlJSUlZyVnJWclZzVlNac1pzWnNac1pTWlNaUlZSVlJWUlZzWnNak1qTX
pRelF5zXlNaU1pzXnNec15zXnRelF6UXpRelV6UYpRilGJ0YnNec16UXpRelF6UX
pRetF6UXnRec15zXnNec2KUYpRitGK0YrRitWK1YrVmlWaUZpRik2KUYrVitWK1Y
rVitWK1YrVmlWaUYpRilGK0YrRitGa1ZrVmtWa1ZrVmtWa1YrVmtWaVZpRilGJzX
pRilGa1ZrVmtWa1YrVitWa1ZpRilGKUYpRelGK0YrRitGK0YrRmtWa1arVmlGKUY
pRilGKUZpRilGK0YrVilWK1YrVmlWaVYpRmlGJzYpRilGKUYpRilGKUYpRilGJ0Y
nNec150YpRidGJ0YpRmlGaUYnRidGJUXlNedF5zXnRedF50YnRidGJ0YnRidGJUY
nNiU2JTYlNeU1pTXlNaU1pTWlNeU1pTWlNeUloyWjJeMl5SWlJaMlpSWlJaUloyW
jNaM1oyXjJeMl4yXjJaEloRWhFWEFYRVjFWMloyWhFWEVYQVhFWEVHwUfBR8FHxV
hFWEVXxUfFR0FHQUdBRz03PTdBN8E3wTfFN8E3QSdBNsE2wTa9JzkmuRa5Fz0nPS
c9Nr0mvSY5JjkWORY5FjUGNQY1BzkmuSa5JrkmOSY5JjkluRY5FbT1MPUxBTEFMQ
WglaClpKSglByDmISYhJiFoJaotqi2qLaotqjFqMUktKCkHJSclKCVqMcw5zDnMN
cw1zDWsNaw1rDmLNYs1azVrMc4970HvRhBGD0oPSg9J7kXuQa09rT3OQhBKME4xT
jFOMU4xUlJSMVIQThBOEU4RTjFSMVJRUnJWclZyVnNWclZyVnNac1pTWlNaU1ZTW
lNaUlZSVjJac16TYpNek16UXpRelF5zWnNac15zXnNedF6UXpRetF60XpRelF6TY
pRic15zXlNelGKUYpRilF6UYrRik16TXnNec2JzXnNelF60YrVitWK1ZrVmtWa1Z
rVmlGKUXnNelF61YrVitGK0YrVitWa1ZpRilGKUYpRitGa0ZrVmtWbVZrVmtWa1Z
rVmtWa1ZrVmtWKUYpRic2KUYrRmtWK1YrVmtWa1ZrVmtWaUYpRilGKUYpRitGK0Y
rRitGK1YrVmtWa1ZpRilGKUYpRmlGKUYpVilWaVZpVqlWaVZpVmlWaUZnRidF6UY
pRilGKUYpRmlWaVZnRic2JzYnNek2KUYpRelF6VYpVmdGZ0YnRiU15TXlNec15zX
nRedF50XnRedF50YnRic2JzYlNiU15TXlNaU15TWlNaU15TXjNaU14zXjNaM14yX
jJeU1oyWjJaMloyWjNeMl5TXjJeMl4yXhJaMloyWjFaMVoRVhFWEVYRVhFaMloRV
hFWEVYRVhFR8FHwUfBR8VIRUfFR8VHRUdFR0VHQTc9Nz0nwTfBN8E3wTfBN0E3QT
c9Nz02vSa5JjUWuRa9Jz0nQSa9Jr0mvSa5FrkWOQY1BjUGNRa5JrkmuRa5FrkWuR
Y1FjkGNQWxBbEFMPUw9TEFoLWgtaClIKSck5yDmISclSSmLMYsxqy2LLYwxazFJL
SgpJyknJUglii2sMaw1rDmsOcw5rTmsOaw5izVrMUoxjDXOPe5CD0YPRg9KD0oPS
e5JzkHNQc09zkIwTjBOMVIxUjFSMVIxUjFOEE4QShBKME4xUlFSUlJSVlJWUlJyV
nNWc1pzVnNWU1ZzVlNWU1ZTVlJWMlZSVnNalF6TXpNek16UYnNec1pzWnNac15zX
pRelF6UYpRelGKUYpRilGKUYnRic15zXpRelGKUXpRilGKUYnNec15zXnNec15zX
pRelF60YrRitWK1YrVmlWaVYpRilGKTXrRitGa0ZrRmtGa1ZrVmtWaUYpRilGKUY
pRitWK0YrVitWa1ZrVmtWa1ZrVmtWaVYpRilGKUYpRilGK1ZrVmtWa1ZrVitWK1Y
rVmtWKUYpRilGK0YrRitWKUYrRitGa1arVmtWaVZpRilGKUZrRilGKUYrRitWa1Z
rVmtWqVZpVmlWZ0YpRilGKUYpRilGKUZpVmlGaUYpRic15zXpRelF6UXpRelF6VY
pRidGJzYlNeU15zXnNec150XnRedF50XnRedF50XlRedF5UXlNaU1pTWlNeU1pTW
lNaU1oyWlNaM1ozXjNaM1ozWlNaMloyWjJaMl4yXjJeU14yXjJeMl4yWjJaMloSV
hJWElXxVhFWEVYSWjJaElYSVhFV8VXxVdFR8E4RThFSEVIRUhFR8U3xUfBR0E2vS
c9Nz03QTfBN8E3wTfBN8E3QTa9Nz0nOSa5FrkWuSa9Jz02vTa9JjkWORY5BbkGNQ
Y1BjUWuSa5JjkWORY5FrkWOSY1JjUVsQWxBbD1sPUw9aC1oLWgtSCknJOYdBiEmJ
UgpqjWqMaoxijFrNYs5KS0oKSgpKClJKYsxrDmsOaw5rDmsOaw5jDmLNYs1jDlqN
Ws5zkIPRg9GD0YQRg9F70nuRc5BzUHNQe5CMEowSjBKME4xTjFSMVIxThBOEE4QT
jFSMVJRUlFWUlZyVnJWclZyVnNac1pzWnNac1pTWnNaUlYyVlJWclqTWpNek1p0W
pRalF6UXnNac1pzWnNadF6UXpRetF6UXpRilGKUYpRik2JzXnNac16UXpRilF6UX
pRelGJzXnNic15zXnNek16UYrVitWK1YrVitWa1ZrVmtWqUZnRilF6UZrRitGa1Z
rVmtWa2ZrVmlGKUYpNitGK0YrVitWa1YrVmtma1ZrVmtWa1ZrVmtWaUZpRmk2aUY
rRmtWa1ZrVmtWa1ZrVmtWaWZpVilGKUYpRilGK0YrVitGK1YrVmtWa1ZpVmlGKUY
nRilGKUYpRilGKUYrRitWa1ZrVmlWaVZpVidGJ0YpRilGaUYpRilGaVZpVmdGJzY
nNec16UXpRelF50YpRilGaUYnNic15zXnNec15zXnRedGJ0YnRidGJ0YnRidGJUX
lReU15TXjJaM1pTWlNac1pzWnNaU1pzXlNeU14zWjNaU1oyWjJaMloyWlJeMloyX
jJeMloyWjJeMloyWjJaMlYyWhFWEVYRVhFWMloyVhJV8lYRVhFV8VXwUfBR8FIRU
hFSEVIRUfFN8FHwUe9R703vTe9N8E3QTdBN0E3QTdBN0E2vSa9JrkWuRa5FzknPS
c9Nz02vTa5Jr0muRY5FjUVtQY1FrkmuRa5FrkWuRY5FjkWORY1Faz1rPWs9az1sP
YkpaSVpKUkpKCUHIQchJyVJLYoxqzWrNYw1izWLMWotKCknJSglKCWLMaw1rDWsO
cw5zD3MOaw5rDWMNYw1izGLMe4+D0IPRg9GEEYQSg9J70XOQa09rT3OQhBKMEoxT
jFOMU4xTjFSEE4QShBOEE4wUjFSMVJSVlJWclZSVnNaclpzWnNac1pzWnNac1pzW
lNaUlZSVlJac1qTXpNek16UXrRelF5zWnNac1pzXpNelF6UXpRelGKUYpRilGJ0X
nNedF5zXnNalF6UXpRelF6UXpRec1pzWnNec15zXpNelGK0YrRitWK1ZrVmlWa1Z
pVmlGKUYnNelGKVYrVitWK1YrVmtmaVZpRilGKUYpRilWK1YrVmtWa1ZrVmtWa1Z
rVmtWa1ZrVmlGaUZpRilGKVYrVmtWa1ZrVmtWa1ZrVqtWqVZpRilGKUYpRmlWKVY
pVilWK1YrVmtWa1ZpRidGKUYpRilGK0YpRitGK1ZrVmtWaVZpVmdWJ0YnRidGKUY
pRilGJ0YpRilWaVZnRidGJzXnNelF6UYpRelGKUYpRilGKUYnNic2JTXnRedF50X
nRedGJ0YnRidGJ0YnRidGJ0YlNiU2JTXlNac15zXlNeU15TXlNeU15TXlNaU1pSW
lNaU1oyVjJWUlpTWlNaU1oyWjJaMloyWjJaMloxVjFWMVYRVhFSEVYRVhJWElYRU
hFWEVXxVfFR0FHxUfFR8VHxUfFR8FHwUfBR8FHvTc9Jz03vTdBN0E3QTfBNz03PT
c9Nz03PTa5JjUWuSa9Jz02vSa9Jr0muSa5FjUVtRW1FbUWNRa5JjkmuSY5JjkmOS
Y5JjUWtRWs5izlsPWw9TD2JKYktaCloKUclJyEnHSchaSmLLawxqzGrMYsxizFqM
SgpKClIKUgpizHMNcw1rDXMNc05zTmsNaw1qzmLOYs5ijntQg5GD0IPRhBGEEYPR
g9F7kHNPc09zkIQSjBOMU4xTjFOMU4xUjBSEE4PTjBOME4xUlFSUlJSVlJWU1ZTV
nNac1ZzWnRac1pzXnNaU1pSVlJWUlZSVnNak1pzXpNetF6UXnRedFpzWnNac16UX
pRelF6UXrRelGKUYpRilGKUXnRec1pzWpRelF6UYpRelF6UYnRedF5zXnNec16TX
pRitGK1YrVitWK1YrVitWaVYpRik16TXpRetGK1YrVitWK2ZrVmtWaUYpRilGKUY
rRitWK1YrVmtWa2ZrVmlWa1ZrVmtWa1ZrRmlGaUYpRilGK1ZrVmtWa1ZrVmtWbVZ
rZmtWaUZpRilGKUYpRmlWKVYrVitWa1ZrVmtWaUYpRilGK0YrRitGK0YrVitWK1Z
rVmlWaVZpVmdWZ0YpRilWKUYpRilGKUZrVmlGaUYpRic15zXnRelF6UXpRetGKUY
nRidGJUYlReU150XnRedF50XnRidGJ0YpRedF50XnRedF50XlNeU15TXlNeU15TX
lNeU14zXlNeU15TXlNeUl5SXlJaMloyWjJaMloyXjJaMlpSWjJeMl4yWjJaMloSV
hJaEVYRVhFSEVIyVjJaEVYRVhFWEVIQUfBN8FHwUfBSEVYQVfBV8FHQVdBR0E3QS
dBJ0EnRTdBN0E3QTdBN0E3PTc9NzkmuRa5FrkWvSa9Jr02vSa9Jr0muRY5BjkFtQ
W1BjkWuSa5JrkmtSa5JrkWNRY1FjUFrPWw9bD1sPWw9iSmJLYktaSlIJSchJyEmI
WgpqzGrMasxrDGLMYo1ajEpLSgtKDEpKYs1zTmtNcw1zDXMOaw5rDmMOYw5izmLO
as57kHvRg9GEEYQRhBJ70nvSc5FzkHOPc5CEEowSjFOMVIxUjFSUVIxUhBOEE4QU
jBSMU4xUlJSUlJzVnNWc1pzWnNac1pzWnNac1pzWnJaclpSWlJaUlpzXpNek16UX
pRelF50WlNaU1pTWnNak16UXpRelF6UYpRilGKUYpRilGJzXnNec16UXpRelF60X
rRitGKTXnNec2JzXnNelF60XrRitWK1YrVitWa1ZrRmtGaUYpRilGKVZrVmtWa1Y
rVitWa1ZrRmlGKUYpRilGKVYrVmtWa1ZrVmtWa1ZrVmtWaVZrRmtWa0ZpRmlGKUY
rRitWa1ZpVmtWa1ZrVmtWa1ZpVmlWaUYpRitGK1ZrVilWK1YrVm1Wq1ZrVmtWKUY
pRilGKUYrRitWK1YrVitWa1ZrVmlGaUZpRic2KUYrRitGKUYpRilWK1ZpVmlGaUY
nNec16UXpRilGKUYpVmlWZ0YnRec15TXnNec15zXnRedGJ0YnRidGJ0YnRidF50X
nRec15TXlNeU1pzXnNeU1pTWlNeU15TXlNeMlpSXlJeMlpSWjJaUlpSWlJaUl4yX
jJeMl4yXjJeMl4yWjJaMVYxVhFSEVIxUjFSMlYyVhFWEVYRVhFV8VXwUfBR8VIRU
hFSEVHwUfBR8FHwTdBJz0nQTdBN0E3RTdBN0E3QTc9Nz02vTa9JrkmuRa5JzknPS
c9Jz0mvSa9JjkWOQY1FjUGNQa5FrkmuSa5JrkmOSa5JjkWORY1BbD1sQWxBbEFsQ
aotii2KLWoxKCknKSYlRiWJLao1yzWrNas1jDWLNWo1SS0oLSgtSS2LNcw5zDmsO
cw5zDnMPaw9rD2MPYs5izmLNe5CDkYPQg9GD0YwSg9KD0nOQc1BzUHuRjBKME4wT
jFOMVIxUjFWMFIQThBOEU4xTjFSUVJSUnNWc1ZzVnNWc1pzWnNac1pzWnNac1pSW
lJaUlpSWlJWlFqUXpRelF6UXpRik15zXnNec15zXnNelF6UYpRilGK0YpRilGKUY
pRic15zXnNelGKUYrRitGK0YrRik16TXnNec15zXpRelF60YrVi1WLVYrVitWK1Z
rRmlGaUYnRelWK1ZrVmtWa1ZrVmtWaVYpRilF6UYpRilGK1YrVitWK1YtVmtWa1Y
rVmtWa1ZrVmtWaVYnRidGKUZrVmtWa1ZrVmtWK1YrZmtWa1YpRilGKUYpRitWK0Y
rRitGK1ZrZmtma1ZpRilGKUYpRitGK0YrVitWK1YtVmtWa1ZpVilWKUYpRelGK0Y
rRilGKUYpVilWKVZpRidGJ0YnNidGKUYpRilWKVZpVilGJ0YnRiU15zXnNec16TX
nRedGJ0YnRedGJ0YlRidGJ0YnNiU15TXlNeU15TXlNeU15TXlNeU15TXlNeU15SX
lNeUlpSWlJaMlozWjJaM1ozXjNeMloyWjJaMloSWhJaEVYRUhFSEVIRVjJaEloRW
hFWEVYRVhFR8E3xTfFR8VISVfFR8VHxUfFR8FHPTc9Nz03wTfBR8FHQUdBR0E2wT
c9Jz0mvRa5FrkWuSa5Jz0nPSdBNz0mvSa5JjkmNRY1FjUGtRa5FrkmuSa5JrkmOR
Y5FjkWNQWs9Sz1MPUxBTEGqLYotii1pLUgpJyUnJSclaS2rNas1qzWsNaw1jDWLM
UkpKClILUktizHNOa05zTmtPa09rT2tPY09jDmMOYs5jDnuRe5GD0YPRhBGEEoQS
e9JzkXNQa1B7kYwTjFOUU5RTlJOUU5RVjFWEFIQUhFOMVJRUlFSclZyVnJac1pzW
nNac1pzWnNaU1pTWlNaU1pSWlJWUVZyVpNak1qTWpNelF6UYnReU15zXnNec15zX
nRelF6VYpRilGKUYpRilGKUYpNec16TXpRilGK0YrRitGK0YnNak15zXnNek16TX
rRetGK0YrVitWa1ZrVmtWaVZpVmlGJzYpVitWa1ZrVmtWa1ZrZmlWaUYpRilGK0Y
rRitWLVYtVmtWa1ZrVmtWa1ZrVilWK1YpRilWKUYnRitWbVatVmtWa1ZrVmtWa1a
rVmtWaUZpRilGaUYrVmtWK1YrVitWK1ZrVmtWaUYpRilGKUYrRitWK1YrVmtWa1Z
rVmtWaUZpVilGKUXpRilGK0YrRitGK1YrVmlWaUYnRic15zXpRilGKUYpRilWaUY
pRidGJ0YnNiU15TXlRedF50XnRidGJ0YnRidGJ0YlRiVGJTXlNeUl5zXnNec15TX
lNeU15TXlNeU15TXlNeU15TXjNaMloyXjJeMloyWjJeMlozWjNaM1ozWjJaMloRW
hFWEVYRVhFWElYyVjJaMVYRVhFWEFYQUfBN8E3wThFSEVXxUfFR8FHwUfBRz03PT
c9N8FHwUfBR8FHwUdBN0E3QTc9Nr0muSa1JrknOTc9Nz03PTc9NrkmuSY1FjUWNQ
Y1FjUWuSa5JjkmOSY5JjkWORY5FbUFLPUs9az1LPUw9izGLLYstajFILUgpKCFIJ
YoprDGsNaw1rDWsPYs9izlKNSkxSS1qLas1zDnMPc09zT3NPa09zj2sOaw5rDmLN
aw57kYPRg9GEEYQRhBGD0nuRc5FzUWtQe5GME4wTjFSMVJRUlFSUVIxThBOEE4QU
jBSMVJSVlJWU1ZyVnNac1pzWnNaU1pTWlNaU1pTWlNaU1pSVlJWclqTXpNek16UX
pRelF6UXnNac15zXnNek16TXpRitGK0XrRilGKUYpRic2JzXnNek160XrRetF60X
rRitGKTWpNec15zXpNek160YrRitGK1YrVmtWa1ZrVmtWa0YpRelF61YrVmtWa1Z
rVmtma1ZrVmlGKUYpRilGK1ZrVitWK1ZrVmtWa1ZrVmtWa1ZrVitWa1ZrRmlGKUY
rVmtWa1ZrVmtWa1ZrVmtWa1ZrVilGKUYpRitGK0YrRitGK0ZrVmtWa1ZrVmlWKUY
pRitGK0YrVitWK1YrVmtWa1ZrVmtWaVZnRidGKUYrRmtGK0YrRitGK1ZrVmlGKUY
nNec16UYpRilGKUYrVmlWaUYnRidGJTYnNic2JzYnRidF50XpRidGJ0YnRiVGJUY
lRiU2JTXlNeU15zXnNec15TWlNaU1pTWlNeU1pTWlNaM1ozWjJWMloyWjJaUlpTW
jNaM14yXjJaEloyWjJaMloyVhFSEVIxUjFWMlYSVhJWEVYRVhFWEVXwTfFN8VHxV
hFV8VYQVfBR8FXwUc9Nz03PTdBN0E3QTfBN8E3wTfBN0E3PTa5JrkmOSY9Jr0mvT
a9Nr0mvTa5JjkmOSY1FbUWORa5JrkmuRa5JjkWOSY5JjkWNRWxBSz1LPUw9TD1MP
aotqzGrMWoxSS0oKUcpaCmJMcs5yzXrNcw5zDmsPWs5ajVJLUktai2sMe05zTnNP
c09zT3NPc09rUGsQaxBqz2LOe5CD0YwRhBGEEoQSg9J70nuRc1FzUHuRjBOME4wT
jFSMVJRUlFSMVIQThBOMFIwUjFWUlZSVnJWclZzVnJac1pzWnNac1pzWnNac1pyW
lJaUlpSVlJac16TXpNelF60XpRedF50XnNec15zXpNelGKUYrRitGK1YpRilGKUY
nRik2JzXnNelGKUYrRetGK0YrRic16TXnNec16TXpRetWK1YrVitWa1ZrVmtWa1Z
rVmlGKUYpRitWK1ZtVmtWa1ZrVqtWqVZpRilGaUZrRmtWa1ZrVmtWa1ZrVqtWa2Z
rVmtWaVZpVmlWaUZpRmlGK1ZrVmtWa1arVmtWa1ZrVqtWq0ZpRmlGaUZpRmtGa0Z
rRmlGa1ZrVmtmaVZpRilGKUYpRilWKVYpVitWa1ZrVmtWa1ZrVmlGaUZpRilGK0Y
rRitGK0YpVilWaVYpVidF50XnRelGJ0YnRidGKUYpRidGJ0YnRic15zXnNec150X
nRedF50XnRedF50XnRidGJ0XlNeU15SXlNec15TXlNeU1pTWlNeU1oyWjNaM1ozW
jNaM1oyWjJaMloyWjJaUl5SXlJeM14zWjJaMloyWjJWEVYRVhFWEVYSVjJWMlYRV
hFSEVYRUhFR8E3wUfBSEVYRVhFWEVXwUfBR8FHPSc9N0E3QTdBN8E3QTdBN0E3QT
dBN0EmvRa5BjkWvSa9Jr0mvTa9NrkmuSY5JjkWNQY1BjkGuRa9JrkmuRY5FjkWOR
Y1FjUWMQWs9bD1MPUw5TD2rLawxrDGKMWkxSC1HLWgtijXMOcw5zDnMOcw9zD2rO
Wo1STFJMWotrDnNOc05zj3NQc1BzUHNQcxBzEWsQaxBrT3ORhBGEEowShBOEE4QT
e9JzkXORc1B7kYwTjBOMVJRUlFSUVJRUjFSEE4QThBSMFZRVlFWUlZyVnJac1ZzW
nNac1pzWnNac1pzWnNac1pSWlJaUlZTWnNelF6TXpRelF6UXnRec1pzWnNac150X
pNelGKUYrRitGKUYpRilGJzYpNec15zXpNilGK0YrRitGK0YpRec2JzXpNek16UX
rRitWK1YrVitWK1YrVitWaVZpVmdGKUYrRm1Wa1ZrVmtma1ZrVmtWaUYpRilGKUY
rRitGK1ZrVmtWa1ZrVmtWa1ZrVmtWaUZrRmlGaUYpRilGa1ZrVmtWa1ZrVmtWa1a
rVqlGaUZpRmtGa1ZrVmtWK0YrVitWa1arVqtWqUZpRilGKUYpVitWK1YrVmtWa1Z
rZmtWa1ZpVilGJ0YpRitGKUYpRilGa0ZrVmlWp0ZnRidF50YnRidGJ0YnRilWaVZ
nRidGJUYlNic2JzXnRedF50XnRidGJ0YnRidGJzYnNec15TXlNeU15TXlNeU15SX
lNeU15TXlNeM1ozWlNeU15TXjNaMloyWjJaMloyWjNaM1ozWjNaMloyWjJaMVoxV
hFWEVYRUjFWMVYyVhFWEVIRUhFSEVHxUfBN8E4RUhFWEVYRUhFR8U3xTfFR703PT
dBR0E3QTdBN0E3QUc9N0E2wTa9JrkWuRa5Fz0nPSdBJz0mvSa9JrkmuSY5JjUWNR
Y1FrkWvSa5NjkWuRY5FjkGOQY1FbEFLPUs9bD1MPUs9qzGrNas1izVKLSktKS1JM
Ws1rDnMOa05rTmtPa09jDlqNUkxaTGKMas1zT3NPc09zj3OPc49zT3NQa1BrD2sP
axB7kYPRg9GMEowSjBKEE3vSe5F7kHuQe9GMUoxTjFOUVJRVlFWUVYwUhBOEE4RU
jFWMVZSVnJWc1ZzVnNWc1ZzWnNac1pzWnNac1pzWnNaUlpSVlJWU1Z0WpNak16UX
pRilGJzXnJec15zXnNec16TXpRilGK0YrRitGK0YpRic15zXnNek16UYrRitGK0Y
rRi1GKTXpRedF5zXpRelF61YrVitWLVYtVmtWa1ZrVmtWa0ZpRilF61YrVi1WK1Y
rVitWa1ZrVmlGKUYpRelGK1YrVitWK1YrVqtWa1ZrVmtWa1ZrVmtWa1ZpRmlGKUY
rRm1Wa1ZrVmtWK1YrVitWK1ZpRmlGKUYpRitWK1YrVitWK1YrVmtWa1ZrVmtGKUY
pRilGKVYpVitWK1ZrVmtWa1ZrVmlWaUZpRilGKUYpRilGKUYpRmtWaVZpVmdGJ0X
lNedF6UXpRidF6UYpRmlGKUYnRidGJzYnNec15zXpRedF50XnRidGJ0YnRidGJ0X
nRedFpTWlNaU1pTXnNeU15TXlNaU1pTWlJaU15TWjNaU15TWjJaUlpSWlJaUlpTW
lNaU1pTWjNaMloSWjJaEVYSVhFSEVIRUjJWMlYyVhFWEVYRVhFV8FHwTfBOEFIQU
hFSEVIRUfFR8U3wUc9Nz03PTdBN8E3wTfBN0E3QTa9Nr02vTY9JjkmORa5Jz02vT
a9Nr0mvTa5NrkmNSY1FjUWNRa5JrkmuSa5JrUWuRY5FjkWNQWw9TDlMPUs9TEFMQ
cs5qzmsOYs5ajVJMSgtaS2KNcw5zDmsOcw9zT2sPYw9ajVKMWoxizGtOc49zkHOQ
c5FzkHOQc5BrUHNQaxBrEGsQe9GEEoQShBKEEoRShBJ70XuSc5JzkXvSjBSMVIxU
jFSMVJRUlFWMFIQThBOMU4xUlFWUVZSVlNWc1pzVnNWc1ZzVnNac1pzWnNeU1pTW
lJWUlpSWlNalF6UXpRelF6UXpRic2JyXnNec1pzXpRelF6UXrVilGK1YrRilGKUY
pRic15zWnNetGK0YrRitGK0YrRik2KTYnNik16TXpNetGK0YrVitWK1ZrVmtma1Z
pRilGKUYpRetWLVYtVi1WK1YtVm1Wa0ZpRilGKUXpRitWK1YtVmtWa1ZrVqtWq1Z
rVmtWa1ZrVmtWaVZpRilGK1ZtVm1WbVYtZi1WbVZrVmtWq0ZrRmlGaUZrRmtWa1Z
tVmtWq1ZrZqtmqVZpRmlGKUYpRilGKVYrVitWK1ZrVmtWaVZpRmlGaUYpRilGK0Y
rRitGK0ZrVmtWaVYpRidGJzXnNelGKUYpRilGKVZpVmlGZzYnNiU2JzYnNidF50Y
nRidGJ0YnRidGJ0YnRic2JzYnNeU15TWlNadF5TXlNaU1pTWlNaU1pTWlJaU1pTW
lNaU1oyWjJaMloyWjJaUlpTXlNeMl4yXjJeMl4yWhFaEVYRUhFSEVYyWjJaMloSV
fFV8VXxVfBR8E3wThFOEVIRVfFR8VHxUfBR8E3PSc9J0EnQTfBN8E3wSdBJ0EmwT
a9Nr0muSa5FrkWvRbBJr0mvTa9Nr02vSa5FjUWNRY1FjUWOSa5JrkmOSY5JjkmNR
W1BjUFsPUs5Sz1rPUs9TD3MOaw5rD2LPYo5STVpNWkxizXMOc097TnNOc09zUGMO
Ws1ajFrMWs1rT3OQc5B7j3uQe5B7kHOQc5BzUHNQa1BrT3vQhBGEEYQRhBKEEoQS
e9J7knuSe5F70oxTjFOMU4xUjFSMlJRUjFOEEoQSjBOMU5RUlFSUlZyVnJWclZzV
nNac1pzWnNac1pzWnNaU1pTWlJaUVpyWpNek16TXpRilGKUXnNec1pzXnNec2KTY
pRelF61XrRetGKUYpRilGKUYnNec16TXrRitGK0YrRetGK0YpNek16TXpNek1q0X
rRitGK1YrVi1WbVZrVmtWaVZpVilF6UXrVi1WbVZrVi1WLVZtVmtGa0ZpRilGKUY
rVitWK1YrVitWa1ZrVmtWa1ZrVmlWa1ZrVmtWKUYpRitWa1ZrVmtWa1ZrVmtWa1Z
rVmtGKUYpRmlWaVZrVmtWa1ZrVmtWq1arVqlWaUYpRilGKUYrRmtGK1YrVmtWa2Z
rVmtWa1ZrRilGKUYpRilGKUYpRilWK1YrVmtWKUYpRic2JzYpRidGKUYpRitGKUY
pRidGJ0XnNec15zXnNedGJ0YnRidGJ0YnVidGJ0YnNidGJTXlNeU15TXlNeU1pTW
lNaU1pSWlNaU1pTWlNaU15TXlJaUloyWlJaUlpSXlJeUl5TXlJeUl4yXjFaMloxV
jFWMVIRUhFSMVYyVjJWEVYRVhFSEVHwTfBN8E4RUhFSEVIRUfFR8FHwUfBNz0nQS
dBN0E3wTfBN8E3QTdBN0FHQTc9NrkmuRa5Fr0XQSc9Jr02vSa9Jr0muRY5FjUVtQ
Y1BrknPSa5JjUWuSa1JrUWNRWxFTD1MPUs9TD1MPUw9zDnMOcw5qzmKNWkxaTGKL
YsxzTnNOc05zT3NQaw9rD2LOWs1ajWLNc097kHuQe5CDkHuQe5B7kHuQa1FrUGsQ
a5B70IQShBKEEoRSjBOEE4PTe9JzkXuRg9KME4wTjFSMVIxUlFSUlIxThBKEE4wT
jFSMVJSUlJWUlZzVnNac1pzWnNac1pzWnNWc1pzWnNaU1ZSVlJWclqTXpNelF6UY
pRilF5zXnNec1pzWpNek160XrRetF60XrRetGK0YpRilGKTYpNelGK0XrRitGK0Y
rRitGKTXpNek16TXpNelF61YrVitWK1ZrZmtWa1ZrVmlGaUYpRilGK1YrVitWa1Z
rVm1WbVarVmtGaUYpRitGK0YrVm1WbVZtVm1WbVZtVmtWa1ZrVmlWa0ZpRilGKUY
rVmtWa1ZrVitWa1ZrVqtWbVZrRmlGa0ZrRmtGa1ZrVmtWbVZrVqtWq1apVmlGKUY
rRitGK1YrVitWK1ZrVmtWq1arVmlWaVYnRilGKUYpVelV6UXpVitWK1YrVilF6UY
pRelF6UYpRilGKUYrVmlWKUYnRidF5zXnNec16TYpNedGJ0YnRidGJ0YnRidGJ0Y
nReVF5TXlNeU15TXlNeU15TXlNaU1pTXlNaU15TXlNeU15TWjJaMloyWlJaUlpSW
lNeU15TXlJaMloyWjJaMVoxVhFSEVYRVhFWMlYSVhFWEVYRVhFR8FHwTfBSEVIRU
hFSEVIRUfFR8VHwUc9Nz0nwTfBN8E3QTdBN0E3wTdBN0E3PSa5FrkWuRa5Jz03PT
c9Jr0muSa5JrkmuRY1FjUGNQa5Jr0mvSa5JrkmORY5FjUWNRUw9Sz1LPUs9TD0sP
cw5rDmsOc09rDVqLWotijGrNc05zT3OPc5BzkHNQa1Baz1qOWs5jDXNOe497kHuR
e5F7kXuRe5FzkXNRa1FrUHNQe9GEEoQShBKEE4wThBOD03vSc5F7kXvSjBOMU4xU
lFSUVJRVlJWMVIRThBSMU4xUlFSUlJSUnJWclaTWnNac1pzWnNac15zXnNac1pzW
nJaUlpSVlNadF6UXpRelF6UXpRic15zXnNec2JzXpNelF6UXrRetGK0YrRilGKUY
pRic15zWpNetGK0YrRitGK0YrRilF6UXpNek16TXpRetGK1YrVitWK1ZrVmtWaVZ
pRmlGKUXpRetWK1ZrVmtWa1ZrVmtWa1YpRilGKUYpRitGK1YtVm1WbVZtVm1WbVZ
rVmtWK1arVmlWaVZpRilGa1arVq1mbVYtVm1GLVZtVmtWa0YrRitGK0YrRitWa1Z
rRmtWbVatVq1ma1ZpRilGK0YpRitWK1YrVitWa1ZrVqtWq1ZrRmtGKUYpRilGKUY
pRilGKUYrVmtWaVZpVilGJzXpNilGKUYpRilGKVYpVilGKUXnRec15zXpNik2KUY
pRilGKUYpRilGKUYnRidGJ0YnNic2JSXlNeU15TXlNaU1pTWlNaU1pTWlNeU15TX
lNeUlpSWlNaU15TXlNeU15TXlNeU1pSWjJaMloyWhJaEVoRUhFWEVYxWjJaMVoxW
hFWEVXxUfFR0FHwUfFSEVIRUfBR8FIQUfFR8E3PSc9J0E3wTfBR0E3wTdBN8E3QT
c9Nz0muSa5FrkmvSc9Nr02vSa9JrkmuSa5FjUmNRY1FjUWuSa5Jjk2OSY5JjkmOR
Y1FbUVsQUw9Sz1LPSs9LD3MPcw9rD2sOYw1ajFqMYo1rDnNPc09zkHuQe5B7kHNP
aw5azWLOas5zUHuQe5B70HvQe9B70XvRc5FzkXNQc1BzkIPRhBKMEYwSjBGEE4QS
hBKD0nvRe9GD0oxTjFOUU5RTlJSUlJSUjFSEE4QUjBWMVIxVlJWUlZSVlNWU1pTW
lNaU1pzXnNac1pTWlNaU1ZTVlNWUlZzWpNalFqUWpRalF6UXnRec15zXnNek16UX
rRelF60YrRetF60YpRilGJ0YnRec15zXpRitGK0YrRitGK1YpRelF6UXpNelF6UX
rRetWK1YtVi1WbVZtVmtWa1ZpRilF6UXrVi1WK1YrVitWbWZtVmtWaUYpRilGKUX
rVi1WLVZtVm1WbVZtVq1WbVZrVmtWa1ZrVmtWa0YrRi1WbVZtVm1WbVZrVmtWa1Z
rZmtWa1YrRitGa1ZrVmtGbVZrVm1WbVatVqtWa0ZpRilWKVYrVitWK1ZrVmtWa1Z
rVmtWaUZpVmlGaUYpRilGKUYrRitGK1YrVmlWaUZpRidF6UXpRilGKUYrVitWK1Y
pVilGJ0YnNec15zXnRelF6UYpRilGKUYpRic2J0YnRidGJUXlNeU1pUXlNeU15TX
lNeUlpTXlNaU15TXlNeU15TXjNeMloyWjJeUl5TXlNeU14zXjNaM1oyWjJaMloxW
jFWEVIRUjFWMVoyWhJaEVoRVhFWEVXwUfBR8E3wUhFWEVXwUfBN8VHxUfBRz03PT
e9N8EnwTfBR0FHQTdBN0E3QSc9NrkmuSa5Jr02wTbBJr0mvSa9JrkWtRa1FjUWNR
Y5JrkmuSY5JjUmNSa1JjUWNRY1FSz1MPUw9TD1MPUxBzT3NPa09rT2sQWs5ajFqM
as57kHuQe5B7kHuQe1BzUGLPYs5iz2MPc0970XvRe9F70XvRe9F70XvRc5FzkGtQ
c5GEEoQShBKMEowSjBOME4QTe9J70nvRhBKMU5RTlFOUVJRUlJSUlYxUhBOEFIRU
jFSUlJSVnNWc1ZzVnNac1pzXnNac1pzWnNac1pzWnNaUlpSWlJac1qUXpRelF50X
pRilF5zXnNec15zXnNek160XpRetF60YrRitGK0YrRilGKUYpNelGK0YrRetGK0Y
rRilGKUYpRik16TXpRetF60YtRitWLVZtVm1WbVZrRmtWKUYpRelF60YrVi1WLVY
tVm1mbVarVmtGKUYpRelGK1YrVi1WLVYtVi1WbVatVm1WbVZrVmtWa0ZrVitGK0Y
tVm1WbVZtVm1WbVZtVm1WbVZrVmtWa1ZrVmtWa1ZrVmtWa1ZtZq1WrVarVmlWKVY
pVitWK1YrVitWa2ZrVmtWa1ZrRmtWa0ZrRilGK0YrRitGK0YrRmtWaVZpVilGJ0X
nNelF6UYpRilGKUZpVmlWaVYpRilF5zXnNek2KUXpRelF6UXpRilGJ0YnRidGJ0Y
nRedF5zXlNec15zXnNec15zXlJeU15TXlNeU15TWlNeU1pSWjJaM1pTWlNaU1pTW
lNaU1pTWlNaMloyWjJWMlYxVhFSEVYRVjFWMloyWjJWElYRVhFR8FHwUfBSEVYRV
hFWEVXxUfBR8FHQUc9Nz03QTdBN8U3wTfBN0E3QTdBNsE2vSa9JrkWuRc9Jz0nPT
c9Jr0mvSa5JjkWNRY1BjUGNQa9FrkmOSY5JjkWuSa1FjUWNRUs9Sz1MPUs9TD1MP
e09zT3NPa09rDmLNYoxqzHNOc497kHuQe5B7kHuRc1BrD2LPaw9rDnOPe9B70IQR
g9KD0nvRe9F70XORc5BzkHORhBKEEowSjBOME4wTjFSEE3vTe5J7koPSjFOMU5RT
lFSUlJSUlJWMVIRUhFOEU4xUjJSUlZSVnJac1pzVnNac1pzWnNac1pzWnNaclpTW
lNaUlpSVnJWlFqUWpRalF6UYpRik15zXnNec16TWpRelF60XrRetGK0YrRitGKUY
pNik15zXpNetF60YrRitGK0YrRilGKTXnNedF6UXpRetGK1YrVitWK1YrVitWaVZ
pRmlGKTYpRitWa1ZtVm1WLVYtVi1ma1ZpVmlGKUYrRitWa1ZrVmtWbVZtZm1mbWZ
tZm1WrVZrVmtWaUZpRmlGK1ZtVq1WbVZtVm1WbVZtVqtWq1ZrVmtGa1ZrVmtWa1Y
rVmtWbVZrZmtma1ZrVitGK0YrVitWK1YrVitma1ZrVqtWq0arVqtGa0YpRilGK0Y
rRitGK0YrVmtWaVZpRidGJzXnRelGKUYpRilGa1YpVilWKUYnNec15zXnNedF50Y
nRidGJ0ZnRidGJ0YnRidGJzXnReU15TXlNec15zXnNec15TXlNeU15TWlNeU15TX
lNeU1ozWjNaU1pTWlNaU1pTWlNaM14zWjJaMloyWhFaEVYRUhFWEVYxVjJaMloyV
hFWEVYRVfBR8E3wUhBSEVYRVhFR8VHwUfBR8FGvSc9J70nwSfBJ8E3wTdBN0FHQT
c9Nr02uSa1JrUmuSc9Nz02vSa9Nr0mvSa5FjUGNQW09jkWPSY9Jj0luSY5JjkmNS
W1FbUUrPUs9az1LPUtBSz3NQe1BzUHNQaw9izlrNYs1rT3uQe5B70XuRe9F7kXNQ
a09jD2MPa05zj3vQe9CD0YPSe9J70nvSe9J70XORc1BzkIQShBKMEowTjBOME4QT
hBOD0nvSe9KD04xUjFOUVJRUlJWUlZSVjFWEFIQUhBSMVZRVlJWclZyVnNac1pzW
nNec1pzWnNac1pzWnNac1pTWlJWUlZTVpRalFqUXpRelGKUYnNec15zXpNek16UX
rRelF60YrRitGK0YrRilGKTYpNec16TYrRilGKUYpRitGK0XpRik16TXpNelF60Y
rVitWK1YrVmtWa1ZrVmtGaVZpRmlGK0YrVm1WbVZtVm1WbVZtVmtWaUYpRilGK0Y
tVm1WbVZtVi1WbWZtZm1mbWZtZm1Wa1ZrVmtWa0YrRitWbVZtVm1WbVZtVm1Wa1a
rVmlGaUZrRmtGa0ZrVmtWa1ZrVmtWq2arZqtWaUZpRmtGK1YrVitWK1ZrZmtWa1Z
rVmtWa1ZrVmlGaUYpRilGKUYrVitWK1ZrVmtWaUZnRidF50XpVilGKUYpRilWaVZ
pRmlGJzYnNek16TXpRelF6UYpRilGaUYpNilGKUYnRidF50XlNeU15TXlNec15TY
lNiU2JTYlNeU15TXlNeU15TXjNaM1ozWjNeU15TXlNeU15TXlNeUl4yWjJaMlYyV
jFWEVYRUhFWMVYyVhFWEVYRVhFWEFHwUfBN8FIQThFSEVIQUfBN8VHxTfFRz03PT
dBN0E3QTdBN0U3QTdBRz03PTa5JrkWtRa5Jz0nPTc9Nzk3OSa5NrkmNRY1FbUFuR
Y5Fr0mPSY5JjkluRY5JbkluRU1BKzkrPUw9TDlMPUw9zUHNRc1JrUWsQYs9azmMO
a097kHvQe9F7kXuSe5FzkGtQYw9jD2tPc5F70YPSg9J70YPSe9J70nvRc5Fz0XOQ
c5CEEoQSjBKME4wTjFOMU4RSfBJ70nuShBOMVYxVlFSUVJSVlJWUlYxVjBSMFIwV
jFSUVJSVnJWclZzVnNWc1pzWnNac1pzWnNac1pzWnNaU1pSWlJac1qTXpRelF60X
pRilGJzXnNec15zXnNilF6UWpRetF60YrRitGK0YpRilGKTYpNek160YrRitGK0Y
rRitGKzXpNek16TXpRetF61YtVmtWa1ZrVmtWa1ZrRitGKUYpRilGK1ZrVm1WbVZ
tVm1WbVarVmtWKUYpRilGa1ZtVm1WbVZtVm1WbWZtZq1mbVZtVm1Wa1ZrRitF60Y
tVm1WbVZtVm1WbVZtVm1WbVZrRmtGa0ZrVmtWbVZrVmtWa1ZtVq1WrVarVmtWa1Z
rRitWK1YrVitWK1ZrVmtWa1ZrVmtWa1YpRilGKUYrRitF60YrRitWa1ZpRmlGKTY
nRelGKUYpRilGKUZpVilWKUYpRidGJzXpRelF6UXpRelGKUYpRilGKUYpRidGJ0Y
nRidGJzXlNaU15TXlNeU15TXlNeU15TXlNeU15TXlRaU1pTWlJaUlpTXlNaU1pTW
lNeU14zXjNeM1oyWhJWElYRVhFSEVYRVjJaMloSVhFWEVIRVhBV8FHwTfBN8VIRU
hFR8VHwTfBN8U3wTc9J0E3QTdFN0E3QTdBN0E3QUdBNr03PSa5JrkWuRc9Jr0mvS
a9Nr02PSY5JjkWNRW1FjUWOSa9Jr0mOSY5JjkluRY1JjUWNRUs9a0FKOSs5TD1MP
e5B7kHuQe5BzT2sOYw5jDnNQe5B70XvRe9F70XvSc5FrUGsPaw9zT3uRg9KD0oPS
g9J70nwSfBJz0nvRc5FzkHPRhBKMEowTjBOUVIxTjFSEE4PSe9J70oQSjFSUVJRU
lJSUlZSVlJaMVYwUjBOMVJRUlFSUlZyVnJWc1ZzVnNWc1pzWnNac1pzWnNac1pzW
lNaUlpSVnNalF6UXpRelF6UXpRec15zWnNac1pzXpRelF60XrRelGK0YrVitWKUY
pRec15zXpNetGK0YrRitGK0YrRilGJ0XnNec150XpRitGK0YrVmtWbVZrVmtWa1Z
pRmlGKUXpRitWK1YtVi1WLVZtVm1Wa1ZpRilGKUYpRitWK1YtVm1WbVZtVq1WrWa
tVm1Wq1arVmtWaUYpRitGbVZtVm1WbVZtVm1WbVYtVm1WbUZrRmlWa1ZrVmtWa1Z
rVmtWbVZtZm1ma1ZrVitWKVYrVitWK1YrVmtma1ZrVmtWa1ZrVmlGKUYpRilGKUY
pRilWKVYrVmtWa1ZpRilGJzXpRelGKUYpRilWaVZpVmlWKUYnRic150YnRelGKUX
pRilGKUYpNilGKUYpRidGJ0YnReU15TXnNec15TXlNeU15TXlNeU15TXlNeU15TX
lNeU1pTWlNaU1pTWlNaU1pTXlNeU14yXjJeMl4yXjJaMVYRUhFWEVYRVjJWMlYRV
hFWEVIRUfBR8E3wUhFSEVIRVhFSEU3xTfBR8E3PSdBN0E3QUdBN0E3wTfBN8E3QT
dBNr02ORY5FjkWvSbBJsEmvSa9JrkmuSa1FjUWNRY1FrkWvSY9Fj0WORY5FbkWNR
Y1FbEFLOUs5SzlMPUw9Kz3uQe9B7kHuQc1BrDmsPaw9zT3uQg9GD0YPRg9GD0XuR
c1BrD2tQc1F7kYPSg9KD0oPSg9KD0oPRg9KD0nuSe5F7kYwTjBOMU4xTjFOMU4xT
hBOD03vSe5GEEoxUlFSUVZRVlJWUlZSVjFSMVIwUjFSUVZRVlJWUlZyVnNWc1qTW
nNac1pzWnNac1pzWnNaUlpSWlJaUlZzXpRelF6UXpRilF6UYnNec15zXnNec16TX
pRilGK0YrRitF60YpRilGKUYnNec16TXrRetF60XrRetGK0YpRedGKTYpNek160Y
rVitWK1YrVm1Wa1ZrVmtWa1YrRilF6UXrVi1WbVZtVm1WbVZtVmtWK1YpVilGK1Y
rVitWK1ZtVm1WbVZtVq1WbVZrVqtWa1ZrVmtWK0YrRi1WbVZtVm1WbVZtVm1WbVa
tVqtWa1ZrVmtWa1ZtVi1WK1YtVi1WbWZtZmtWa1YpVitWK1YrVitWK1YrVmtWa1Z
rVmtWaUZpVmlGKUYrRitGa0ZrRmtGa1ZrVmlWKUYpRelF6UXpRilGKUYpVilWaVZ
pRmdGZ0YnRidF50XpRelGKUYpRilWKUYpRilGKUYnRidGJTXlNeU1pTXnNec15zX
nNeU15TXlNeU14yXlNeU15TXjJaMlpTWlNaU1pTWlNaU15TXlNeM1oTXhNaEloRW
hFWEVIRUhFSEVYyVjJaEVYRVhFWEVXwUfBSEVIQUhFSEVIRUfFR8FHwUfBRz0nQS
dBN0E3RUfBR8E3wTfBNz0nPSa5JrkmuSa5Jz03PTc9Nr02vTa9JrkmORY5FbUWNR
a5JrkmuSW5FjkWORW5FbkVuRW1BKz1LPUs9Kz1MPUs97kHuRe5F7kXOQaw9rD2sP
c1CDkYPRg9GD0oPSg9J7kXNRa1BrUHORe9KEEoPRg9KME4QShBKEEoPSg9J70nOR
e5GEE4wTjBOUU5RTlFOUVIwThBKD0oPShBOUVJRUlFSUlZSVlJWUlZSVjFSMVIxU
lFWUVZyVnJWclZyWnNac1pzWnNac1pzWnNac1pzWnNaU1ZSVlJWc1pzXpRelF6UX
pRelF50XnNec15zXpNek2K0YpRilGKUYpRitGKUYpRilGKTXpNelF60XrRitGK0Y
rRitGKUYpRilGKUYpRetGK1YrVitWLWYrVitWbVZrVmtGaUYpRilGK1ZtVi1WbVY
tVi1WbVZrVmtGK0YrRitGK1YtVi1WLWYtVi1mbWZtZm1mbWZtVmtWa1ZpVilGK1Z
tVq1WrVatVq1WbVZtVm1WbVZtVmtWa1ZrVmtWbVYrVmtWbWZtZm1mbWZrVitGK1Y
rRitWK1YrVitWLVZtVq1WrVarVmtWaVZpRilGKUZpRilGK0YrVmtWa1ZpRmlGJzX
pRelF6UYpRilGKUZrVmtWaVYpRilF5zXnRelF6UXpRilGKUYpRilGKUYnRidGJ0Y
nRedF5zXlNec15zXnNec15zXnNeU15TXlNeM15TXlNeU15TWjNaU1pTWlNaU1pTW
lNaU1pTWjNaM1oyWjJaMVYRVhFSEVIRUjJWMloyWhFaEVYRVhFV8FHwUfBSEVIRV
hFV8VHxUfBR8FHQTdBJ0EnQSdBN8VHwUfBR8FHwTdBJz0mvSY5FjkWvSa9Nz03PT
a9Nr02vSY5JjkWNRW1BjUGuSa5JrkmNSY5JrkmORY1FjUVsQUs9Sz1rPUs9Sz1LP
e5B7kHuRc5FzkWtQaxBrUHNRe5J70oPSg9KD0oPSg9J7kXOQc5FzkHvRhBKEEoQS
jBOME4QThBOD03wSe9JzknvSjBOME4xTjFSUVJRUjFSMVIQThBOEE4wTlFSUVJRU
lJWUlZSVlJWUVIwUjFSMVIyUlJWUlZyWnJac1pzWnNac1pzWnNac1pzWnNaU1pTW
lNaUlpSVnNadF6UWpRalFq0WpNec15zXnNec15zXpRetF60XrRetF60YrRilGKUY
pRic2KTXpRetF60XrRetGK0YrRilF6UXpRelF6UXrRitWLVYtVitWLVZtVm1Wa1Z
rVmlGKUXpRe1WLVYtVi1WLVYtVm1Wa1YrVetWK1YrVi1WLVYtVi1WbVZtVm1WbWZ
tZm1mbVZtVmtGK1ZpRitWa1ZrVm1WbVZtZm1WbVZtZm1WbVZrVmtWa1ZrVm1Wa0Z
rVitWbVZtZm1ma1ZrVitGK0YrVitWK1YrVmtma1ZrVmtWa1ZrRmtGaUYpRilGKUY
rVitWK1YtVmtWa0ZpRilF6UXpRelGKUYpRilGK1YpVilWKUXnNec16TXpRelF6UX
pRelGKUYpRilGKTYpRidGJ0XnRec15TWnNec15zXnNeU15TXlNiU15TXlNeU15zX
lNeM1ozWjNaM1pTWlNaU1pTWlNaU1ozWjNaMloyWjJWElYRUhFWEVYxWjJaMloRW
hFWEVYQVfBR8FHwUhBSEVYRVhFV8VXwUfBRz03PTc9N8E3wTfBN8E3QTdBN0E3QT
c9Nr0muRa5Fr0nPSc9Jz03OTa9Nrk2OSY1FjUVtRY1FjkmuTa5JjUmOSa5FjkWNR
Y1FbD1LOWs5azlLOUs5Sz3vRe9F70XPSc9JrUWMQa1BzkXvSe9KD0oPSg9OD04PS
e5FzUXNRe5GEE4QThBOEEoQSjBOME4PThBN70nvSe9J70owTjFSMVIxUjFSMVYxV
hFV8FIQThBKME5RUlJWUlZSWlJWUlZSWjFWEVYxUjFWUVZSVlJWc1pzVnNac1pzW
nNec1pzWnNac1pzWnJaU1pTWlJaUlpzXnNelF6UXpRelWKUYnRec15zXnRedF6UX
pRetF60XrRetGK0YrRilGKUXpNec1qUXrRetF60XrVitWK1YpRelF6TXpRelF60Y
rVitWK1ZrVm1WbVZtVmtGa1ZrRilF60YtVm1WbVZtVm1WbVZrVqtWaVZrVitWK1Y
rVitWbVZtVm1WbVZtVm1mbVZtVm1Wq1ZrRmtWKVXrVi1mbWZtVm1WbVZrVm1WbWa
tVqtWa0ZrRmtWa1ZrVmtWa1YtZm1mbWZtZqtWa1ZrRitWK1YrVitWK1ZrVmtWa1Z
rVmtWa1ZpVilGKUYrRitGK0YrRitWK1ZrVmlGaUYnRelF6UYrRilGKUYrVmtWaVY
pVilGZzYnNec16UXpRelGKUYpRilGKUYpRic2J0YnRidGJ0XlNeU15UXlNiU15TX
lNeU15TXlNeU15TXlNeU15TXjNaU1pSWlJaUlpTXlNeU15TXlJeUloyWjJaMlYyV
hFWEVYRVhFWMVoyWhFWEVYRVhFWEFHwTfBR8E3wUhFWEVYRUfFR8U3wTfBNz0nPT
dBN8E3wTfBN8E3wTfBN703PTa5JrkmuSa9Jz03PTc9Nzk2vTY5JjkmORY1FjUWNR
Y1Jrk2OTY5JjkmOSW1FbUVtRUxBSz1LPUw9Sz1LPUs+DkYPRe9F70nOSa1BrUGtQ
c5GD0YPRhBKEEoQSfBKD0nuRc1FzkXuSg9KMEowSjBKME4wTjBOL04QThBR703vS
e9KMFIwUjFSMVJRUlFSUVYxUhBOEE4PTjBSUVZRVlJWUlZSVlJWUloxVhBWMVIxU
lFWclZSVnNac1ZzVnNWc1ZzWnNac1pzWnNac1pzWnNac1pTWlNac16UXpRelF6UX
pRelGJ0XnNac150XnRelF6UXrRitGK0YrRitGK0YpRilF5zXnNelF61XrVetGK0Y
rVitGKUXpRek16UXpRelGK0YrVitWLVZtVm1WbVZrRitGK0YpRitGK1ZtZm1WbVZ
tVi9WbWZrVitWK1YrRitWK1YtVm1WbWZtVm1mbWZtZm1mbVZrVmtWa0ZrRmtGK1Z
tZm1mbWZtZm1WbVZtVm1mrVarVmtGa0ZrVmtWa1ZrVmtWbVZrVq1mrWarVqlGa0Y
rRmtWa1ZrVmtWbVZtZm1mbVarVmtWaVYpVilGK0YrRitGK0YrVmtWa1ZpVilGKUY
nNelGKUYpRilGKUYrVitWKUYpRik15zXnNedF50YpRilGKUYpRilGKUZpRilGJ0Y
lRidGJzXlNaU15zXlNeU1pTXlNeU15TXlNeM15TXlNeU14yWlJaUlpSXlJeU15TX
lNeU1pTXjNaM1oyWjJaMloRVhFWEVYxVjJaMloxWhFaEVoRVhFV8FHwTfBR8VIRU
hFR8VHxTfFR8VHQTa9J0E3QTfBR8E3wTfBN8E3wTe9Nz0mvRa9FjkWvSdBJz0nPT
c9Jr0muSa5JjUWNRY1FbUWuSa9Jr0mOSY5FjkWNRY1FbUVMQSs5SzlLPUs9Sz1LP
fBF70YPRg9J70XOQc5BzkHvRhBKD0oQThBOEE4QTfBN7knNSc1J7koPSjBOME4wT
jBOME4wTjBOEE4QThBN8EoPSjFOMVJRVlFWUVJRVlJWMVIQThBN8E4xUlJWUlZSV
lJWUlZSVlJaMVYxVjFWUlZSUlJWUlZzVnNWc1ZzVnNWk1qTWnNac1pzWnNac1pTW
lNac1pyWpNalF6UXpRelF6VYpRedFpzWnNadF50XpRilF61XrRitGK0YrRitGKUY
pNik2KTXrRetV61XrVetV61XrVelF6UXpRelF6UXrVitWK1YtVm1WbVZtVm1Wa1Z
rVitGKUYpRitWbWZtVm1WLVYtZm1ma1YrVitWK1YrVitWLVYtVm1WbVZtVm1ma2Z
rZmtma1ZrVmtWa0YpRitWK1ZtVm1WbVZtVm1WbVZtZmtWa1ZrVmtWa1ZrVm1WrVZ
tVm1mbWZtZm1ma1ZrRmtGK1YrVitWK1YrVmtWa1ZrVmtWa1ZrVmtWKUYpRitGK0Y
rRitGK1ZrVmtWaUYpRilF6UXpRilGKUXpRelGK1ZrRmlGKUYnRec150XpRelF6UY
pRilGKUYpRilGKUYpRidF50YlReU15zXnNec15zXnNec15TXlNeU1pSXlNeU15TX
lNeU1pSXlNaUlpTWlNeU15TXjNeM14zWjJaMloyWjJaEVYRUhFSElYyVjJaMloRV
hFWEVYRVfBR8FHwUhBWEVYRVhFR8VHxUfBR0E3QTdBN0E3QTdBN0E3QTdBN0E3QT
dBNz0muRa5FrkmvTc9Nz03PSc5FrkmuSa5FjUWNRY1FrkmOSY5Jj0mOSY5FjkWNR
Y1FTD1LOUs5SzlLOUw9Sz4PSg9GD04PTe9Fz0WuQc5B7kXvSg9KEE4QThBOEE4QT
e9JzknOSe9KEE4xTjBOMU4xTjFOMVIwUhBSEFIQThBOEEpRUlFSUVJRUlFSUVJRV
jFSMFIQThBOMVJRVlJSUlZyVnJWclpyWlFaMVYxVlJWUlpSVlJWc1ZzVnNWc1pzW
nNac15zXnNec15zWnNac1pzWnNaUlpzXpNek16UXpRelV6UXnNec15zXnNek16UX
pRetF60YrRitGa1ZrRilGKUYpRek160YrVitGK0YrVitWK1YnRelF6UXpRelFq0X
rVitWLVYtVi1WbVZrVmtWa0YrRitGK0YtVm1WbVYtVi1WLWZtZm1Wa1YrVitGK1Y
rVi1WLVZtVm1WrVatVq1mrWatZq1WbVZrRmtGK0YrVi1WbVZtVm1WbVZtVm1WbWZ
rVmtWK1ZrVmtWa1arVm1WbVZtZm1mrWarVqtWa1YrVitWK1YrVitWK1ZrVmtWbVZ
rVmtWa1ZrVmlGKUYrRitGK0YrRitWa1arVmlGKUYpRilF6VXpRilF6UYrVitWK1Y
pRilGKUYnNelF6UYpRilGKUYpRilGKUYpRilGKUZnNidGJ0XnNec15zXnRec15TX
lNeUl5TXlNeU15TXlNeU15TXlNaU1pTWlNaU1pTXlNeU15TXjNaM1oyWjJaMloxW
hFWEVIRVhFWMloyWjJaElYRVhFWEVHwTfFN8U3xUhFSEVIRUfFR8VHxUdBNz03QS
dBN0FHwTfBN8E3QTdBNz03PSa5JjUWNSa5Jz03PTc9Nz02uTa5JrkmNRY1JbUWNR
a9Jrk2uSY5JjkmNSW1FbUVsQUs9Kz1LPUs9KzlMOUw6D0oPSg9KEE4PTe5JzknNR
e9KD0oQShBKEE4QThBOEE3wTe9J70nvShBOME4wTjFOMU4xTjFOMVIRUhBOEE4QT
hBOMVIxUlFSUVJRUlFWMlYxVhFSEVIwUjFWUlZSVnJWclZyVnJWclpRWlFWUVZRV
lJWUlZSWnNac1ZzVnNac1qTWpNak1qTWpNak1pzWnNaUlpyWnJak16TXpRelF6UY
pRilF5zXnNec15zXpNelF60XrRetF60YrRitWK0YrRik2KTYpNelF61XrVitGK0Y
rRitGKTXpRelF6UXrRetV61YrVitWLVZtVm1WbVZrVmtGKUYpRitGK1YtZm1mbVZ
tVm1WrVarVmtWa0YrRitWLVYtVi1WbVZtZm1mbWZtVqtWrVatVm1Wa1ZrRitGK1Z
tZm1WrWZtVm1WbVZtZm1mbVZrVitWK1ZrVmtWa1ZrVmtWq1atZq1mrWarVmtWa1Y
rVmtWa1ZrVmtWa1ZtVm1mbWZrVmtWaUZpRilGK0YrRitGK0YtVmtWa1ZpVmlGKUY
pRitGK0YrRetGK1ZrVmtWaUYpRilF5zXpRelF6UXpRelWKUYpRilGKUYpRilGJ0Y
nNic2JTXlNec15zXnNac1pzWlNaU1pTWlNeU15TXnNeU15SWjJaM1pTWlNaU1pTW
lNeU15TXjJeMl4yXjJaEloRVhFWEVYRVjJaMloyVhFWEVYRVhFR8E3wThBSEVIRU
hFR8FHwUfFR8FHPTc9Jz03QTdBN8FHwTdBN0E3QTdBNz0nPSa5FrkWvRc9Jz03PT
c9Nr02vSY5JjUWNRY1FjUWORa5JrkmuSY5JjkWNRW1FbUErPSs9LD1LOUs9Sz1LP
e9J8E3wThBOD03uSe5J7koPTg9OD04wTjBOME4wThBJ70nvSe5J70oQThBOMFIxU
jFSMVIxUjFSEVIRThBOEE4QTjFSUVJSUlJSclJSUlJWUVYwUjBSMFIxUlJWUlZyV
nJWclZzVnJaUlYxVlFWUVZSVlJWclpyWnNac16TWpNak1qTWpNac1pzWnNac1pzW
lJaUlpyWpNek16UXpRelF60YpNec15zXnNec16TXpRelF6UXpRetGK1YrRitGK0Y
pNik15zXpNitGK0YrRi1GK1ZrRilF6TXpNek160XrRitWK1YtVm1WbVZtVm1Wa1Z
pRilGKUYrRi1WLVZtVm1WbVZtVm1Wq1ZpRitGK0YrVi1WbVZtVm9WrVZtZm1mbVZ
tVmtWbVZtVmtWK1YrRitWa1ZtVm1WrWZtZm1mbWZtZm1Wa1ZrVmtWa1arVmtWa1Y
rVm1WbVatZq1Wq1ZrRmtGa1ZrVmtWa1ZrVm1WbVatVm1Wa1ZrVmtGKUYpRitGa0Y
rRitGa1ZrVmtWa0YpRilF6UXrRitGKUYpVitWa1ZrVmlGKUYnRedF50XnRelF6UY
pRilGKUYpRilGKUYnRidF50YnRic15zWpNec15zWnNac1pTWlNeU15TXlNeU15TX
lJeUlpSWlJaUlpTWlNaU1pTWlNaU15TXjJeMl4yWjJaEVYRUhFWMlYyVjJWMlYSV
hFWEVHwUfBR0E3wUfFSEVXxVfFV8VXxVfFR703PTdBN0E3QTdBN0E3QTc9N0E3QT
c9Jr0WuRa5Fr0mvSa9Nz02vTa9Nr02OSY5JbUVtQW5FjkmPSY5JjkmOSY1JbUltS
WxFSz1LOUs9Sz1LPUs9Sz4PTg9OEFIQUhBR70nuSe5GD0oPTjBOMFIwUjBSEFIQU
g9R703vTg9OEE4wUjFSMVIxUjFSMVIxUhFSEVIQUhBOEE5RUlFWUlZSVlJWUlZSW
jFWMFIwUjBSMVJSVlJWU1pzWnJac1pyXlJaMVZRVlFWUlZyWnJaclpzWnNac16UW
pNak1qTXpNak15zXnNecl5yWnJaclqTXrNek16UYpRilWKUYnNec15zXpNik16UX
rRetGK0YrRmtGK0ZrRilGKUYpNik16UYrRitF60YrRitWKVYnRelF6UXpRitF61Y
rVitWLVZtVm1WbVZrVmtWa1ZrRmlGK0YtVi1WLVYtVm1WbVZtZmtWaVYrRitGK1Y
tVi1WbWZtVq1WrVatVq1mrWatZm1WbVZrVmtWa0ZrVmtWbVZtZm1mbVZtVm1mbWZ
tVmtWK1ZrVmtWa1ZrVm1WbVZtVm1mrWatZqtWa1ZrVmtWa1ZrVmtWLVYtVm1WbVZ
tVm1Wa1ZpRmlGKUYrRitGK0YrRi1Wa1ZrVmlGKUYpRelF6UYpRilGKUYrVmtWa1Z
pVmlGJ0YnRedGKUYpRelGKUYpRilGKUYpRidGJ0YnReVGJUXnNec15zXnNic15TX
lNeU15TXlNeU15TXnNeU14yXjJaUlpTWlJaU1pTXlNeU15TXlNeU14yXjJeMloyV
hFSEVIRUhFWMlYyVjJWMVYRVhFWEFXwUfBR8VHxUhFWEVHxUfFR8VHxUe9Nz0nPT
dBN0E3QUdBR0E3QTdBNz03PSa5JjkWORa9J0EnQSdBJr02vTY9NjkmNRW1FjUWOR
Y9JjkmOSY5JjUmNSY1JjUVtQUs9KzlLPSs9TD1MOUw6D04wTjBOME4QTc9Jz0nPS
e9OEE4wUjBSMVIxUjBWMFIPTg9OD04PSjBOMVIxUjFSMVIxUjFSMVIxUhFSMFIwT
jBSMVJRVlFWUVZSVlJWUlpRVjFSMVIwUlFWclZyVnJWclZyWnNac1pSWlFWUlZSV
lJaUlpSWnNac1pzWnNec1qTWpNek16TXnNac15zWnNac1pzWnJak16zXpRelGKUY
pRilGJzXnNec16TXpNetF60XrRetGK0YrRitGa0YrRitGKUXpNetGK1YrVitWK1Y
rVitGKTXpNelF60XpRetGK1YrVi1WbVZtVm1WbVZrVmtWK0YpRetGLVZtVm1WbVZ
tVm1mbVZrVitGK0YrRitWLVYtZm1mbWZtZm1mbWZtZq1mrWatVq1Wa0ZrRitGK1Y
tVm1mbWZtZm1mbWZtZm1mq1arVmtWa1ZrVmtWbVZtVm1WbWZtZq1mrWarVmtWa1Z
tVm1Wa1ZrVm1mbVZtVm1WbVZtVmtWK1YpRilWK1YrVitWK1ZrVmtWa1ZrRmlGKUY
pRilGKUYpVilGK1YrVmtWaUZpRic15zXnRelF6UXpRilGKUYpRilGKUYpRilGKUY
nRidGJzXnNeU15TXlNeU15TXlNeU2JTXlNeU15zXnNeU14yWlJaUlpSWlNaU15TX
lNeU15TXlNeMl4yWjJaMloxVhFWEVYRWjJaMloxVhFWEVYRVhFSEFHwUhFSEVYRV
hFWEVXxUfFR8VHPTc9Nz03QUdBR0FHQUdBR0FHQUc9Nr02uSY5JrkWvSc9Nz03PT
a9Jr0muSa5JrUmNRY1FrkmuSa5JjkmORY5FjkWORW1FbUFLOUs5SzlLOSs5KzlMP
hBOEE4QUhBSD1HvTc5J70oQTjBOME4wTjBSMFIwUhFSEE3wSe9KEE4wTjBSMVIxU
jFWMVYxVjFSMVIwUhBSEE4QUjFSUlZSVlJWUlZTVlJWUlYxVjFSMVJRVnJWclZyW
nNac1pzWnNaUloyVjJWMlZSVlNaU1pzWnNac1pzWnNak1qTXpNek16TXpNac1pzW
nJWUlpzWpNelF6UXpRilGK0YpRec15zXnNec16UXpRetF60XrRetWK1YrVitGKUY
pRec16TXrRetV61YrVilWK1YrRik16TXpNelGKUXrVitWK1YrVi1WLVYtVm1WbVZ
rVmtGK0YrVitWLVYtVm1WbVZtZq1Wa1ZrRitGK0YrVi1WLWZtZm1WbVZtVm1mbWZ
tZm1mbWZtVmtWa1ZrRm1WbWZtVm1mbWZtZm1mbWZtZmtWa1ZrVmtWa1ZrVm1WbWZ
tVm1WbVZtZqtma1ZrVmtWK1ZrVmtWa1ZtVm1mrVatVq1Wa1ZrVmtWKUYrRetWK1Y
rVitWa1ZrVmtWaUZpRilGKUYpRilGKUYpRitGa1ZrVmlGaUYnRic2J0XnRelF6UY
pRilGKUYrRilGKUYpRidGJ0YnRec15zXnNec15zXnNac15zXlNeU15TXlNeU15TX
jNeU1pSWlNeU15TXlNeU15TXlNeU14yXjJeMloyWjJaEVYRVhFWElYyWjJaMVoRV
hFWEVHxUfBN8E4QUhFWEVXxVhFV8VXwUfBRz03PTc9Nz03QTfBN8E3wTc9N0E3PT
a9JrkWORY5Fr0mvSbBNsEmvSa9JrkmOSY1FjUWNRa5Jr0muSY5JjkmNSW1JjUVtR
W1BKzlLPUs9Sz1LPSo9Kz4QThBOME4QUhBN70nvSe9KEEowTjBOME4xTjBSMVYwU
hBR703vThBOEFIwVjFWUVZRVlFWUVYxUjFWMVoRVhBWEFJRVnJWUlZSVlNWUlpSW
jJWMVIxUjFOUlZzVlJaclpSWnJac1pzWlJWMlYyVlJWUlZTVlNWc1ZzWnNak1qTX
pNec1pzXnRedF5zXnNec15TXlNac1qTXpRelF6UXpRetGKUYnNec15zXpNetF6UX
rRetGK0YrRitWK1ZrRilGKUYpRedFq0XrRetV61XrVitWKUXpNelF6UXpRelF61Y
rVitWLVYtVm1WbVZtVqtWa1YrRilGK0YtVi1WLVYtVi9mbWZtVmtWa0YrRitWK1Y
rVi1mLWZtVi1WbWZtZm1mbWatZq1mrVZrVmtGK0YtVm1mbWZtZm1mbWZtZm1mrWZ
rVmtWa1ZrVmtWa2YtVmtWbVZtVq1mrWatZmtWa1ZrVmtWbVZtVm1WbVZtVm1WbVZ
tVmtWa1ZrVmlGKVXrVitWK1YrVitma1ZrVmtGaUYpNelF60YpRilGK0ZrVmtWaVZ
pVmdGJ0YnRidGJ0YpRilGKVYrRilGKUZpRilGKUYpNidGJzYlNec15zXnNec15zX
nNeU15UXlNeU15TXlNec15TWlJaUlpTWlNeU15TXlNeU15TXlJeUl4yXjJaEVoyV
hFSMVIRUjFWMlYyWjJWEVYRVhFWEFXwTfBSEFIRUhFV8VHxUfFR8FHwUc9Nz03PT
e9N8E3wTfBN8E3wTdBN0E2vSa5JjkmuSc9Nz03PTc9Nr02vTa9JjkmNRY1FjUWOR
a9Jr0muSY5JjkmNRW1FbEFsQSs9Sz1LPUs9Sz1LQUs+EE4xUjBSMFIQUe9N703wT
g9OEE4wTjBOMU4xUjFWMVYQUhBSD04QTjBOMVIxUlFWMVYxVjFWMVYxVhFSEVIRU
hFSMVZSVlJWUlZSVlJaUloxWjFWMVIxUlJWc1pzWnJaclpyWnNec14yWjJWMlpSW
lJaUlpyXpNak1qTWpNak1qTXpNek16TXnNec15zXnJec1pyWnJak16TXpRelGKUY
rRilGKTXpNek16TXrRelF61YrRitGK0YpRmtGa0YrRilGKTXpNetF60YrRitGK1Y
rVitGaTXpNek16UXpRetGLVYtVi1WbVZtVm1WbVZtVmtWa0YpRitWK1YtZm1WbVZ
tVm1mbVZrVitWK1YrVitWK1YtZm1mbWZtZq1mrWatZq1mrWatVqtWq1ZrVmtWK1Z
tZm1mbWZtVm1WbWZtVq1mrVarVmtWa1ZrRmtWrVZtVm1WbVZtZq1mq1ZrVmtWK1Z
rVmtWa1ZrVmtmbVZtVm1WbVZrVmtWaUYpRelGK1YrVitWK1YrVmtWa0ZpRmlGJ0Y
pRilGKUYpRitWa1ZpVmlGaUYpRic15zXpRelF6UYpRilWKUYpRilGKUYpRilGJ0Y
nRic2JzYnNec15zXnNec15TXlNeU15TXlNeU15TYlNeUloyXlJaUlpTXlNeU15TX
lNeU15SXlJeMl4yXhFaElYRUhFSEVYxVjFaMloyVhFWEVYRVhBR8E3wUfBSEVYRV
hFSEVIRUfFR8FHPTc9Nz03QTfBN8E3wTdBN0E2wTa9Nr0muRa5FrkWvSc9Jz02vT
a9Nr02vTa5JjkWNRW1BjUWvSa9JrkmORW5FbkluSW1FTUFLOUs5TD1LPUw9TD1MP
hBOME4wUhBSEE3vSc5J70oQThBOEE4wTjFSMVIxUjFSEFIQUg9SEFIwUjBSMVYyV
jJWMlYyVjJWMVYxVhFWEFIwUlFWUlZSVlJWUlZSWlJWUloxVjFSMVJSVnNac1pzW
nNac1pzWnNaU1pSVjJWUlZSWlNac1pzWpNak1qTWpNak16TXpNek2KTXnNec15zX
lNaclpzVpRetF6UXpRelF60YpRec15zXnNek16TXpRilGK0YrRmtGK0YrRitGKUY
pRedF6UXpRetF61YrVitWK1YrRik16UXpRelF6UXrVitWLVYtVm1WbVZtVmtWa1Z
rVmlGKUXrVitWbVYtVi1WbVZtZm1ma1YrVitWK1YtVm1mbWZtZm1mbWatZq1mbWZ
tZm1mbWZrVmtWa1ZrRitWLVZtVm1WrVZtVm1WrVatZq1Wq1YrVitWK1ZrVm1WbVZ
tVm1mbWZtZqtmq1ZpVmtWa1ZrVmtWa2ZtVm1WbVZtVm1WbVZrRmlGKUYpRitWK1Y
rVitWK1ZrVmtWa1ZpRilGKUXpRelGKUYpVitWa1ZrVmlGKUYpRilF6UXpRelF6VX
pRelGKUYpRitGKUYpRik2KTYnNic15zXnNec1pzXnNec2JTXlNeU15TXlNeU15TX
jJaMloyWlJaU1pTWlNeU15TXlNeU15TXjJaMloyVjFWEVIRUhFWMVYyVjJWEVYRV
hFWEVXwUfBN8FIQUhFWEVYRUhFOEU4QUhBNz0nPSc9Nz03QTfBR8E3wTfBN8E3PS
a9Jr0mOSY5Fr0mwSc9Nz02vSa5JrkmORW5FbkVtQY5FjkWuRY5JjkmOSY5JbUltR
UxBKjlKOUs9Sz0sPSs9Kz4QTjBOME4wUjBOD0nvSe9J70oQUhBSMFIxTjFSMVIxU
hBSEFIPUhBOMVIxUjFSUVZRVlFWUVYxVjFWMVYxVhBSEVJSWlJaUlpSWlJaUlpTW
jJaMVYxVjBSUlZzWnNac1pzVnNWc1ZzWjJWUlZSWlJaclpzWnNac1pzWnNak1qTX
pNek15zYpNik2KTXnNec15yWnJac1qTXrRelF6UXrRetGKUXpNek16TXpNes16UY
rRitGK0YrRitWK1YrRitGK0XpRek160XrVitGK1YrRitGa0YpNek16TXpRelF61X
rVitWLVYtVm1WbVZtVmtWa1ZpRilF61YtVi1WLVYtVi1WbWatVqtWa0YrRitWK1Z
tVm1WbVZtZq1mrWatZq1mrWatZq1mrVZrVmtWa0ZrVm1mrWZtZm1mbWZtZm1mbWZ
rZmtWa1ZrVmtWa2ZtVi1WLVYtZm1mrWbrZqtWa1ZrVmtWa1ZrVm1WbVZtVm1WbVa
tVqtWq0arRqlGKUYrVitWK1YrVitWa1ZrVmlWKUYpRilGKUYrRitGK0YrVitWa1Z
pRilGKUYpRelF6UXpRelF6UXpRelGKUYpRilF6TXpRilGJ0XnNec15zXnNac15zX
nNec2JzXlNeU1pTXlNeU14yXlNaU1pTWlNaU15TXlNeU15TWlNaU1oyWjJaMloxV
hFSEVIRVjJaMloyWjFaEVYRVhFR8FHvTfBSEVIRUhFSEVIRUhBOEE4QTe9Jz0nPT
dBN0E3wTfBN8E3wTfBNz0mvSa5FrkWuRc9J0EnPSc9Jz0muSa5JjUWNQW1BbUGOR
a9Jr0WOSY5JjUWNRY1FjUVsQSs9Sz1LPUs9Kz0rQSs+ME4wTjBSMFIQUg9N703vT
hBKMU4wTjFSMVIxUjFSEVIQUe9OD04PTjBSUVJRVlFWUVZRVlFWUlYxVjFWEVYQU
hBSUVZSVlJWUlpTWlNeU15SWjJWMVYxUlJWc1pyWnNac1pzXnNeU15TWlJaUlpSW
lJaUlpzWnNak1qUXpNak16TXpNek16TXpNec15zXnNec15yWnNak16UXpRelF6UX
rRilF50XnNec16TXpNelF60XrRitGK0YrVitWa1YrVilGKTXpNetGK0YrRitWK1Y
rVitWJ0XpRelF6UXrRetWK1YrVi1mbVZtVm1WbVZtVmtWK0YrRitWLVZtVm1WbVa
tVq1WbWZrVitWK1YrVitWLVZtVm1mbWZtZm1mrWatZq1mrWatVmtWa1ZrVitWLVZ
tZm1mbWZtZm1mbWZtZq1mrVZtVm1Wa1ZtVm1WbVZtVi1WbVZtZq1mrWarVmtWa1Z
rVmtWa1ZrVmtWbVZtVq1WrVarVmtWaVYpRilWK1YrVitWLVZrVmtWa1ZpRilGKUY
pRitGK0YrRitGK1ZrVmlWKUYpRidF6UXpRelGKUYpRilGaUYpRilGKUYnRilGJ0Y
nNedF5zXnNec2JzXnNec15TXlNeU15TXlNeU15TXlNeMlpSWlJaUlpTXlNeU15TX
lNeU15TXjJeMloyWjJaMlYRUhFSElYSVjJaElYRVhFWEVYRVfBR8FHwUhBSEVIRU
hFSEVIQTfBR8E2vSc9Jz03QTdBR0FHwUfBR8FHQTc9Nr0muRY5FrkXPSc9Jz0nPT
a9Nj0mOSY5FbUVtRW1FjkmvTY5JjkWORY5FjUVtRW1BTD1LOUs5KzkrOSs5KzlMP
jBOMFIwUjBSD1HvTe9J70nvTjBSMFIwUjBSMVYxVhFSEVIQTg9OEE4xTlFSUVJRU
lFWUVZSVjJWMVYxVjFSEFIwUlJWUlZSVlJWUlZyWnNaUloyVjFSMVJSVnNWc1ZzW
nNac15zXnNeU1oyWlJaUlpTWnNac1pzWnNac1qTWpNek1qUWpRelF50XnNec15zX
nNac1pzWpNelF6UXpRetF60YrRik15zXnNek16TXpRelF61YrVitWK0YrVitGK0Y
rRilF6UXrRitGK0YrRitWK1ZrVmlF6UXpRelF60XrRetWLVYtVi1WLVZtVm1WbVZ
rVmtGK0YrVi1WLVZtVm1WbWZtZm1Wa1YrRitGK1YrVi1WLWYtZm1mbWZtZm1mbWZ
tZm1mbWZtVm1WK1YrVi1mbWZtZm1mbWZtZm1mbWZtZqtWa1ZrVmtWbVZtZm1WbVZ
tVm1WbWatZqtma1ZrVmtWa1ZrVmtWa1ZtVm1WbVZtVm1WrVatVmtGK0YrRitWK1Y
rVitWLVZrVmtWaVZpRilGKUYrRilGK0YrRitWaVZpVmlWKUYpRelF6UXpVelGKUY
pRilGKUYpRmlGaUZpRmc2J0YnReU15zXnNec15zXnNeU15zXnNeU15TXlNeU15TX
jNeM1pSWlNaU1pTXlNeU14zXlNeU14yXjJaMloyWjJWEVIRUhFWMVoyXjFaEVoRV
hFWEVXwUfBR8FIQUhFWEVYQVfBR8FHwUdBRz03PTdBN0E3QTdFN8FHwTfBN0E3QT
a9JjkmORa5Fz0nQTdBNz0muTa9NjkmOSW1JbUVtRY5JrkmuSY5FjkltRY1FbUVsR
UtBCjkrOSs5TD1MPSw5Kz4wUjBOMFIwUg9OD03vSe9J704QUhBSEFIxUjFSMVIxV
hBSEE4QThBOMVIxUlFSUVJSVlJWUlZRVlFWMVYRUjFSMVJSVnJWclZyVnJWclZzV
lJWMVYxUjFSUlZzVnNac1pTWnNac15zXlJaUlpSWlJaclpzWnNec1qTWpRak1qTX
pNek16TXpNek15zXnNac15TWlNaU1qUWpRalF60XrRetGKUXnRec15zXpNek160X
rRetF60YrRitWK0ZpVmlGaUYpNik160YrRitGK0ZrRitGa0YpNik2KTXpRelF61Y
rVi1WLVYtVm1WbVZtVm1Wa0ZrRilF61YtVi1WLVYtVi1WbWZtZmtWK1YrVitWLVZ
tVm1Wb1atZq1mrWatZq1mrWatZm1mbVZtVmtWa1YtVq1mbWatZq1mrWZtZm1mbWZ
tVm1Wa1ZrVmtWbVZtVm1WbVZtZm1mrWarVmtWa1YrVitWK1ZtVm1WbVZtVm1WbVZ
tVm1WbVYrVitGK0YrVitWK1YrVitWa1ZrVmlGKUYpRilGKUYpRilGKUYrVmtWa1Z
rVilGKUXpRelF6UXpRilGKUYpRilGKUYnRilGKUYpRic2JzXnNec15zXnNec15zX
nNec15zXlNeU15TXlNeU14yXjJeMlpSXlNeU15TXlNiU15TXlJeUloyWjJaMlYyV
hFSEVYRVhJaMloyWjFWMVYxVhFV8FHwTfBSEVIRUhFWEVYRVfFR8VHQTc9Nr03QT
fBR8E3wTfBN8E3wTdBN0E2vSY5JjkmuSa9N0E3PSc9Jz0nPTa5JjkWNRW1FbUWOS
Y9NjkmOSY5FbkVtRY1FbEVMPSs5TD0rOSs5K0ErQStCME4wUjBSMFIwUhBR703vT
hBOMFIwTjBOMVIxUjFSMVYQUg9OD04QTjBSUVZRVlFWUVZRVlJWUVYxVjFWEFYQU
hFSUlZSUlJWUlZSVlJaUlpSWjJWMVIxUlJWc1pzWnNac1pzWnNac1pSWlJaUlpSW
lJaUlpzXnNac1qUWpNak1qTXpNek16TXpNek16TXnNeU15TWnJak160XrRetF60X
rRilGKUXnNec16UXpRetF60XrRitGK0YrVitWK0YrRilGKTXpNetF60YrRitGK1Y
rVilWKUXpRilGKUXrRitWK1YtVi1mbVZtVm1WbVZtVm1Wa0ZrRitWbVZtVm1WbVZ
tZq1mrWZrVmtWa1ZrVitWbVZtVm1mbWZtZm1mrWatZq1mrWatVq1Wq1ZrRmtGbVZ
tZq1mrWatZm1mbWZtZm1mq1ZrVmtWa1ZtVm1WbVZtVm1WbVZtZq1mrVZrVmtWLVY
rVi1WLVZtVm1WbVZtVm1WbVZtVmtWa1YrRitGK0YrVmtWK1ZrVqtWq0ZpVilGKUX
rRilGKUZpRilGK1YrVmlWaVYpRidF6UXpRelF6UXpRilGKUYpRilGKUYpRidGJ0Y
nNic2JzXnNec15zWnNac15yXnNiU15TXlNec15UXlNeUl5SWlJaUlpTWlNeU15TX
lNeU15TXjJeMl4yWjJaEVYRVhFWEVIRVjJaMloxVhFWEVYRUfBNz03wThBSEVIRU
hFSEVHxUfFR0E3PTc9N0E3QTdBN0E3QTdBN0E3QTdBNrkmuSa1JrkmvSc9Nz0mvT
a9Nr02OSY1FjUWMQW1BjkmvSa5JrkWuRY1FjUWNRY1FTEErPSs9Kz1MPUw9LD1MP
hBOEE4wUjBSMFIPTe9J704QThBOMVIwUjBSMVIxVhFWEVIQTg9OEE4xUjFSUVZSV
lJWUlYxVjFWUVYxVjBSEFIwTlJSUlJSVlJWclZTWlJaUlYxVjFSMVJSVlNac1pzW
nNac1pzWnNaU1pSWlJaUlpSWnNac1pzWnNalF6TXpNek16UXpRelF6UXpRek15zX
nNac1pzWpRelV6UXpRelF6UXpRec15zXpNelF6UXpRetF60XrRitWK1YrVmtGK0Y
rRilF6TXrRitWK1YrVitWa1YrRilGKUXpRelF6UXrVitWLVYtVm1WbVZtVmtWa1Z
rVitWKUYrVi1WLVYtVi9WbWZtZmtma1ZrVmtWbVZtVm1WbVZtZm1mbWatZq1mrWa
tZq1mrWatZq1Wa1ZrVm1WbWZtZq1mrWZtZm1mbWZtZq1mbVZrVmtWbVZtVm1WbVZ
vVm1mbWatZq1mrVarVmtWa1ZrVmtWbVZtVm1WrVZtVm1WbVZrVitWK0YrVitWK1Y
rVitWLVZtVm1Ga0YrRilGKUYpRmlGKUYrRitWa1ZrVmlGKUYnRedF6UXpRelF6UY
pRilGKUYpRilGJ0YpRik2J0XnRec15zXnNec15zXnNeU15TXlNeU15TXlNeU15TX
jJaUlpSWlJaU1pSWlNaU15TXjNeM14yXjJeMl4yWhFWEVYRVhFWEVoSWjJaEVYRV
hFSEVHwTfBN8E3xUfFR8VIRUhFR8VHwUdBNz03PTfBN8E3QTdBN0E3QTbBNz03PT
a5JjkWORa9Jz0nPTc9Jr0mvSa5JjkmOSW5FbUVtRY5JrkmOSY5FjkWNRW1FbUFtQ
Uw9KzlLPUs9KzlLPUs9S0IQThBOEE4QUfBN703PTc5N704wTjBSMFIwUjFWMVYxV
jFSEE4QTg9OMFIxVlFWUVZRVlFWUVZRVlFWMVYxUjFOMU5SUnJSclZyVnJWclpSV
lJaMVYxVjBSUlZyWlNWc1pzWnNac15zWlJaUlpSWlJaUlpyWnNec1pzWpNak16TX
pNek16TXpNedF5zXnNec15TXnJac1qUXrRetF6UYpRilGKUYnRec16TXpNelFq0X
rRetF61YrVitWK1YrVilGKUXpRek160YrVitWLVYtVitWK0YpRelF6UXpRelF61Y
rVi1WLVYtVm1WbVZrVmtWK0YrRitF7VYtVi1WbVZtZm1mbWatZqtWaVZrVmtWLWZ
vZm1mbWZtZm1mbWZtZm1mrWatZq1WrVZrVmtWa1YtZm1mrWZvZm1mbWZtZm1mrWa
tZq1Wa1ZrVmtWbVZtVm1WbVZtVq1mrWatZqtWa1ZtVmtWbVZtVm1WbVZtVm1WrVa
tVq1Wq0ZrRitGK1YrVitWK1YtVmtWbVZrRmtGK0YpRilGK0YrRitGK1YrVitWKVY
pRilGKUXpRelF6UXpRelGKUYpRilGKUYpRidGJzYnRilGJ0XnNec15TXlNeU15TX
lNeU15zXnNeU15TXlNeU14yWlJaUlpSWlJaUlpTWlNaU1pTWlNeM1oyWhJaMloRV
hFSEVYRVjFaMloyVhJWEVYRVhFR8E3QTfBSEFYRVhFWEVXxUfFR8VHQTc9Jz03wT
fBN0E3QTdBR0E3QTbBNz02vTY5JjkmOSa9Nr02vTa9Nr0mPSY5JjUWNRWxFjUWOS
Y5JjkmOSY5FjkVtQW1BbEFLPSo5SzVLOUs5SzlLPUs+ME4wTjBSMFIQUe9Nz0nvS
hBOMU4xTjFOMVIxUjFWMVYxVhBOEE4wTjFSMVJSVlFWUlZRVjFWUVYxVjFWMVYxV
jFSUlZSVlJWUlZyWlNaU1pSWjJaMVYxVlJaclpyWnNac1pzWnNec15SWjJaUlpSW
lJeUlpzWnNac1qTWpNak1qTWpRelF50XnRec15zXnNeU1pTWnNalF6UXpRilF6UX
rRelGJzXnNec16TXpRetGK0YrRitGK0YrVmtWa1YrRilF6TXpRetF60YrVitWK1Y
rVitGK0YpNetF6UXrRetWK1YtVi1WbVZtVm1Wa1ZrVmtWa0YrRi1WbWZtZm1mLWZ
tZm1mrWarVmtWa1ZrVm1WLVZtVm1mbWZtZm1mbWZtZq1mrWatVq1WrVZtVm1WbWZ
tZm1mbWZtZm1mbWZtZm1mrWZtVm1WbVZtVm1WbVZtVm9WbWatZq1mrWarVmtWbVZ
rVmtWa1ZtVq1WbVZtZm1mrWarVqtWa1ZrRmtWa1ZrVmtWLVZtVmtWa0ZrRmtGKUY
pRilGKUYpRitWa1ZrVmtGKUYpRilF6UXpRelF6UYpRilGKUYpRilGKUZpRidGJ0Y
nRidF5UXnRec15zXnNeU15zXnNeU1pTXlNeU15TXlNeUlpSXlJeUl5SXlJeU15TX
lNeU15TWjJaMloyWjJaMlYRVhJWEVYyWjJaMloSVhFWEVXxVfFR8E3wThFSEVIRV
hFV8FHxUfFR0E2vSc9Nz03wTfBN8E3wTfBN0E3QTc9NrkmNSY1FrkmvTa9Nz03PT
c9Nr0muRY5FjUWNRY1BrkmvSY5JjkltSW1FjUmNRW1FSz1KOUo9KzlLPUs9Sz1LQ
jBOME4wTjBSEFHvTc9N70oPSjBKMEoxTjFSMVYxVjFWEFIQUg9SD04wUjFSUVIxU
lJSUlZSVlJWUVYxUjFSMFIwUlJWUlZSVlJWUlZTWlNaUloyVjFSMVJSVlJaU1pTW
nNac1pzWnNaUlYyVlJWUlpSWnJaclpzWpNek1qTWpNalFqUXpRelF50XnRec15zX
nNeU1pzWpRelF60XrRetF60YpNek16TXpRek16UXpRilF60XrVetGK1YrVmtWK0Y
pRelF6UXpRetWK0YrRitWK1YpVilGKUXpRelF6UXrVitWLVZtVm1WbVZtVm1Wa1Z
tVmtWK0YtVm1WbWZtZm1mbWZtZq1mq1ZrVitWK1YtVm1WL2ZtZm1mbWZtZm1mrWa
tZq1mq1atVqtWa1ZrVm1mbWZtZm1mbWZtZm1mbWZtZqtWq1ZrVmtWbVZtVi1WbVZ
tZm1mrWatZq1ma1ZrVmtWa1ZrVmtWbVZtVm1WbVZtZm1ma1ZrVmlWKUYrVitWK1Y
rVitWLWZrVmtWaVYpRilGKUYpRilGKUYrVitWa1ZrVmlGKUYnRidF50XpRilGKUY
pRilGKUYpRilGJ0YnRidGJzYnRic15zXnNic15TXlNeU15TXlNeU15TXlNeU15TX
jNaMlpSWlJaU1pTWlNeU15TXjNeM14zXjJaMloyVjFWEVIRVhFWMVoyWjJWMlYRV
hFWEVXwUfBN8E4RUhFSEVHxUfFR8VHxUfBRz03QTdBN0FHwUfFR8FHvUfBN8E3PS
a5FrUWtRa5Nr03PTc9Nz03PSa5JjkWOQW1BbUGNQa5FrkWuSY5JjkVuRW1FbUFtQ
Ss9Kz0rPSs9TD0rPSs9Kz4QThBOMFIQTjBSD1HuTe5OD04QTjBOMFIxUjFWMVYxV
jBSEE4QThBOMU5SUlJSUVJRVlJWUVZSVjFWMVYwUjBSMU5SVlJWUlZSWlJaUlpyW
lJWUlYxUjFSUlZSWlNaU1pzWnNak15zWlJaUVpSWnJaclpzWnNac1qTWpNalF6UX
pRelF6UXpRic2JzYpNec15TWnJac1qUXpRelF6UXrRetGKTXpNec16TWpRelF60X
rRitGK0YrVitWK1YrVitWK0YpRelF60YrVitWK0YrVitWa1YpRelF6UXpRetF61Y
tVi1WLVYtVm1WbVZrVmtWK1YrVitGLVZtVm1WbWZtZm1mbWZtZmtWK1YrVitWLVZ
tVm1WrWZtZm1mbWatZq1mrWatZq1WrVatVmtWa1ZtZq1mrWatZq1mrWZtZm1mrWa
tVm1Wa1ZrVm1mbVZtVm1WLVZtVm1mrWatZqtWa1ZrVmtWa1ZrVm1WbVZtVm1WbVZ
tVm1Wa0ZrRmtGa0ZrVmtWK1YtVi1mbVZrVmtGa0YrRitGK0YrRitGK1ZrVmtWaVZ
pVidF6UXpRelF6VYpRilGKUYpRilGKUYpRilGKUYnRidF5zXnNec16TXnNeU15TX
lNeU15TXlNeU15TXlNeU1pTVlNWM1pTWlNaU1pTWlNeU15TXlJeUl4yXjFeMVoRV
hFWEVYSVjJaMloyWjJWEVYRUhFR8E3wUhFSEVIRVhFV8FHxUfBR8FHQTa9Nz03PT
fBR0E3QTdBN0E3QTdBNr0muSY5FjkWvSa9Nr02vTa9Nr0mvSY5FbkVtRWxFbUWOS
Y5Njk2NSY5FjUWNRWxBbEFLPSs5Kz0rPSs9TD0rPSs+ME4wTjBOME4wTg9N703vT
g9OMFIwUjBSMVIxVlFWMVYwVg9R704QTjBSMVZRVlFWUlZSVlJWUloxVjFWMFIwU
jFSUlZSVnJWUlZyWnJaclpRWjFWUVZRVlJWc1ZzVnNac1pzXnNec15SWjFaMlpSW
lJaclpzWnNac1qTXpNek16TXpNek15zXpNek16TXnNec1pzWnNelF6UXpRelF60X
rRelF6UXpRek16UXpRelF6UXrRitWK1YrVitWa1ZrRitGKTXpRetWK1YrVitWK1Y
rVmtWKUXpRelF6UXrVe1WLVZtVm1mbVZtVm1WbVZrVmtWaUYrRi1WLVZtVm1WbVZ
tVm1mrWarVmtWa1ZtVm1mrWZtZm1mbWatZq1mrWatZq1mrWatZq1Wa1ZrVmtWa2Z
tZq1mrWatZq1mrWavZq9mrVZrVmtWbVZtVm1WbVZtVm1WbWatZq1mrWarVmtWa1Z
rVmtWa1ZtVm1WbVZtVm1WrVatVqtWq0ZrRitGa1ZrVm1Wa1arZqtWa1ZrRmlGKUY
rVitWK1YpRitWK1ZrVmlWaVYnRidF50XpRilGKUYpRilGKUYpRilGJ0YpRik2KUY
nRec15zXnNec15zXnNec15TXnNeU15TXlNeU15TXlNeMloyWlJaUl5SXjJeU15TX
lNeU15TWjJaMloyWjJaEVYRVhFWElYyWjJaMloRVhFWEVHxUfBN8E3wThBSEVYRV
hFSEVHwUfBR703PTc9N0E3QTdBR0FHQUdBRz03PTc9JrkmNRa5FrkmvSa9Nr02vT
a9Jj0mORW1FbUVsRW1FjkmOSY5JjkluSW5JbUlMRWxFKz0rPSs9Kz0sPSs9Kz0rP
hBOEE4QTjBSEFHvUe9N704PTjBOME4xTjFSMVIxUhFV8FXwUfBSEFIxUjFWUVZRV
lFWUVZSWlJaMlYyVjFSEFIxUlJWU1ZSVlJWUlZTWlNaMloxVhFSMVZSWnJaclpyW
nNac1pzWnNaU1pSVlJaUlpyWnJaclpzWnNak16TXpNek16UXpRelF6UXpNek16TX
nNac1pzWpRelF61XrRetF60XrNek1qTXpNes160XrRitGK0YrRitGK1YrVmtWK1Y
pRik16UXrRitWK1YrVitWK1YrVilF6UYpRilGK1YrVi1WLVYtVi1WbVZtVmtWa1Z
rRmtGa0ZtVm1WbVZtVm1mbWZtZm1mq1ZrVmtWbVZtZq1mbWZtZm1mbWZtZq1mrWa
tZq1mq2ZtZm1Wa1ZrVi1mbWZtZm1mbWZtZq1mr2atZq1WbVZtVm1WbVZtVq1WbVZ
tVm1mrWatZq1mq1ZrVmtWK1YtVm1WbVZtVm1WrWatZq1mq1arVmtWa0YrVitWK1Y
rVmtWa2ZrVmlWaUYpRilGKUYrRilGKUYrVmtWa1ZrVmlGKUYpRelF6UYpRilGKUY
pRilGKUXpRilGKUYpRic2J0YnRec150YnNec15zXnNaUlpTWlNeU15TXlNeU15SX
lJaUlpTWlNaU1ozWjNeM1ozXjNeU14yXjJeMloxWhFWEVYRUhFWEloSWhJWEVYRW
hFV8VHwTfBN8U4RUhFSEVIRVhFV8VXwUc9Nz0nPTc9N0E3QTdBN0FGwTbBNsE2vT
a5JjUWNRa5Jz02wTa9Nr02vTa9JjkluRW1BbUGORY5JjkmOSW1JjUltSW1JbUlsR
So9Sz0qPUtBKz0rPSs9Kz4QUhBSMFIwUhBSEE3vSe9KD04wSjBOME4xUjFSUVYxV
hFSD04PThBOEVIxVjFWMVZRVjJWMlYyVjJWEVYwUjBSMVJSVlJWUlZSVlNac1pTW
lJaMVYxVjBWUlZzWnNac1pzXnNadFpzWlJaUVpRWlJaUlpyXnNac1pzWpNek16TX
pRetF6UXpRek16TYpNec15zXnNac1qUXpRelF60XrRitGKTYpNek16TXpRelF61X
rVetF60YrVitWK1YpVilGKUYpNelF61XtVetWK1YrVitWK1XpRelF6UXpRelGK1Y
rVm1WbVZtVm1WbVZrVm1Wa1YrRitGK1ZtVm1WbVYtZm1mbWatZqtWa1ZrVmtWbWZ
tZm1mbWatZm1mbWZvZq1mbWZtZq1mbWZtVmtWa1ZrZm1mrWZtZm1mrWatZq1mrWa
tVm1WbVZtVm1mbVZtVm1WbVZtZq1mrWatZqtWa1YrVi1ma1ZtVm1WrVatVq1WrVa
tVq1WrUZrRitGK1YrVitWK1YrVm1WbVZrRitGK0YpRetWK1YrVitGK0ZrVmtWa1Z
pRilGKUYpRilGK0YrRmtGaUZpRilGKUYpRilGJ0YnRidGJ0YlNec15zXnNec2JzY
lJec15TXlNeU2JSXlNeU15SWlJaU1pSXlJeU14zXjNeM14zWjNeMl4yWjJaMVoRV
hFSEVYRVjJaMlYSVhFWEVYRVhFR8FHwUfFR8VIRVfFV8VHwUfFR8VHQTa9Jz03PT
dBN0FHQUdBR0FHQTdBNr02OSY5JjkWvSa9Nr02vUa9Nr02vTY5JjUltRU1BbUWPS
Y9JjkWORY1FjUVtRW1FTEEKPSs9Kz0rQSs9Kz0rPQs+EE4QTjFSMFIwUhBN70nvS
e9KME4wTjBOMVIxVjFWMVYwVg9OD04QTjBSMVIxUlFWUVZRVlJWMlYyVjFWMVYwU
jFSUlZSVlJWUlZyVnJaclpSWjFWMVIxVlJWc1pzWnNac1pzWnNec15SWjFaUlpSW
nJeclpzWnNac1pzWpNalFqUXpRelF6TYpNik2KTXpNec15TWnNalF6UXrRetGK0Y
rRik2KTXnNek16TXpRetF60XrRetGK1YrVitWK1YrRilF6UXpRetV61XrVitV61Y
rVitWKUXpRelF6UYpRitWa1ZtVm1mbVZtZm1mbVZtVmtWa0YrRi1WLVZtVm1mbWZ
tZq1mrWZrVitWa1YtVi1mbWZtZm1mbWZtZm1mr2btZq1mrWatZq1WrVZrVmtWLWZ
tZm1mbWatZq1mrWatZq1mq1ZrVm1WbVZtVm1WbVZtVq1WrWbtZu1mrWZtVitWK1Z
rVmtWa1ZrVm1WbVZtVq1WrVatVqtGa0YrRitGa1ZrVmtWa2ZrZmtWa1YrVitF6UX
rRetGK0YrRitWa1ZpVmlWaUYpRilF6UYpRitGKUYpRilGKUYpRilGKUXpRilGKUY
nRidF5zXnNec15zXnNec15TXnNiU15TXlNeUl5TXlNeMloyWlJaUl5SXlJeU15TX
lNeM14zXjJeMloyVjJWMVIxUjFSMlIyVjJaEloRWhFaEVXwVfBR8FIQUfBSEVYRU
hFSEVHxUfBRz03PTc9Nz1HQTdBN0E3QTdBRz03QTa9JrkmORY1Fr0mvTa9Nr02vT
a9NrkmOSY5FjUVsQY1FjkmORY5FjkWORW5FbkVNQSxBKjkrOUs5Kz0rPSs9Sz1LQ
hBOMFIwUjBSEFHwTc9N70oPSjBOMVIxUjFSMVIxUjFSEFIPTg9OEE4xUjFSMVJRU
lFWUVZSVjJWMVYxVjBSEFIwUlJWclZyVnJWclZSWlJaUlpRWlFWMVZSWnNac1pzW
nNak15zWnNeUlpRWlJaclpyWnJac1pzWpNak1qTWpNak16TXpRilGKUXpNek1pzW
nNaclpzWpRelF6UXrVitGK0YpNik16TXpNelF6UXrRitGK0YrRitWK1ZrVilWK1Y
rRelF6UXrVitWK0YtVitWK1ZrVilGKUXpRelF60XtRi1WbVZtVm1WbVZtVmtWbVZ
rVmtWK1YrVm1WbVZtVm1WbWatZq1mq1ZrVmtWa1ZtVm1WbWZtVm1mbWatZq1mrWa
tZq1mrWarZqtWa1ZrVi1mbWZtZm1mbWZtZm1mbWatZq1WrVZtVm1WbVZtVm1WbVZ
tVq9m72btZu1Wa1ZrVm1WbVZtVm1WbVZtZm1mbWZtVq1WrVatRmtGK0ZrVmtWa1Z
rVm1mrWatZmtWaUYpRilGK0YrRitGK0YrVmtWaVZpVilGKUYpRelF6UXpRilGKUY
pRmdGKUYpRilGKUYnNilGKUXnRec15zXnNec15zXnNec15zXnNec15zWnNac15TX
jJaMlozWlNaU1pTWlNaM1pTXlNeM14yWjJaEloxWhFWEVIRVjJWMloyWhJWEVYRV
hFR8VHwTfBN8FIRUhFSEVIRUfFR8VHwUc9Nr03vTe9N8E3QTdBN0FHQUdBR0FHPT
a5JjkVtRa9Jr02vTa9Nr02OSa5JrUWNRY1FbUWNSa5JrkmuRY5JjUVuRW5BbUFMP
So5KjkrOSs9Kz0rPSs9Kz4QThBSMFIwUhBSEE3vTe9J70owTjBOMU4xUjFSMVYxU
hFSEE4QTjBSMVIxUlFWMVZRVjJWMVYyVjFWMVYwVjBSMVJSVlJaUlZSVlJWUlpSW
lJaUVYxVjFWUlpyWnNaclpzWnNac1pzWlJaMVZSWlJaclpyWnNak16TWpNak16UX
pRelF6UXpRelF6TXnNec15zWnNak1qUXpRelF60XrRetF6UXpNek16TXpNelGK0X
rRetF61YrVitWK1YrVitGK0YpNilF61YrVetWK1YrVitWK0YrRilGKUYpRitGLVY
tVi1WbVZtVm1WbVZrVm1WbUZrRitF7VYtVi1WbVZtVm1mrWatZqtWa1ZrVmtWbVZ
tVq1WrVatZq1mrWavZq9mrWatZq1mrVarVmtWa1ZtZq1mrWatZq1mbWZtZm1mrWZ
tVm1WbVZtVm1WbVZtVm1WbWZvZq9m7WatVqtWa1ZrVm1WbVZtVm1WbVZtVm1mbWZ
tZm1Wa0ZrRitGK1ZrVmtWa1ZrVm1mq1ZrVmtGaUYpRitWa0YrRitGK1YtVitWa1Y
pRilF6UXpRelF6UYpRilGKUYpRilGKUZpRmlGKUYpNidGJzXnNec15zXnNec15zX
nNec15zXnNeU15TWlNeU15TXlJeUlpSXlNeU15TXlNeU15TXlJeMl4SWhJaElYRV
hFSEVYRVjFWMlYxVhFWEVYRVfBR8E3wUfBSEFIRVhBWEFYQUhBR8FHPSc9Jz0nPS
dBN0E3QTfBN0E3QTc9Rrk2uSY5JjUmuSa9Nr02vTa9NrkmuSY5FbkVtQW1FbkWOS
Y5JjkluRY5FjUWNRU1BTEErPSs5KzkrOSs5KzkrOSs+EE4QUhBSEFIQUg9N70nvS
e9KME4wTlBOMFJRUlFWMVYQUg9OEE4QTjFOUVIxUjFWMVYxVjFWMVYxVjFWMFYwV
jBSclZSVlJWUlZSWnJWUlpSWjFWMVYxVlJWc1ZzVnNWc1pzWnNac15SVlJWUlpTW
lNac15zWpRac1pzWnNalF6UXpRelF6TXpNek16TXnNec1pzWnNalF6UXpRelF6UX
rRelF6TXpNek16TYpRilF60YrRitGK0YrVitWK1YpRilF6UXpRetWK1YrVitWK1Y
rVitWa0YpRilGKUYrVitWK1YtVi1WbVZtVmtWa1ZrVmtWa0ZrRitWbVZtVm1WbVZ
tZm1mbWZrVmtWa1ZrVm1mbWZtZm1mbWZvZq9mr2avZq1mbWZtZm1WbVZrVi1WbWa
tZq1mrWatZq1mrWatZq1mrWatVm1WbVZtVm1WbVZtZm9mb2ZvZq1mrVatVm1WbVZ
tZm1WbVYtVm1WrWatZm1mrWarZqtWa0ZrRi1GK1ZrVmtWa1ZtVmtWa1YrRmlGKUY
rVmlWKVYrVitWK1YrVitWKUYpRilF6UYpRilGKUYpRilGKUYpRilGJ0YpRilGJ0Y
nRidF5zXnNec15zXnNeU15TXnNiU15TXlNeU15TXlNaUlpTWlJeU15TXlNeU15TX
lJeUl5SWlJaMloyWjJaEVYRVhFWElYSVjJWElYRVhFWEVXwVfBN8FHxUhFWEVYRU
hFWEVYQUfBRz03PTc9Nz03wTfBN0E3wTfBN0E3PTa5NjkmNSY1FrkmvSc9Nz02vT
a5NjkmOSW1FbUVMRW1JjkmuSY1JjUWNSY1JbEVsRUtBKj0qPSo9Kz0rPSs5KzkrO
hBOEFIwUjBSMFIPTe5N7k4PTg9SEFIwUjFSMVIxVjFWEFHwUhBOEE4xUjFSMVIxU
lJSUlZSVlJWMVYwVjBSMFIxUlJWUlZSVlJWUlpyWnNaclZRUjFSMVJSVnJWclZyV
nNac1pzWnNeUlpSVlFWU1pTWlNac15zWnNec16TXpNek16TXpRelF6TXpNek16TX
pNec1pzWpRelF6UXpRilGKUYpRik15zXpNek16UYrRitWK1YrVitWK1YrVitWK0Y
rRilF6UXrVetV61YrVitWK1ZrVilF6UXpRelF61YrVi1WLVYtVm1WbVZrVm1WbVZ
tVmtWK1YtVi9WbWZtZm1mbWatZm1ma1YrVmtWK1YtVm1WbVZtZq1mbWatZm1mr2a
tZq1mrWatVqtWa1ZrVm1mrWatZq1mrWatZm1mr2atZq1mbVatVm1WbVZtVm1WbVZ
tZm9mr2avZq1mrVZtVm1WbVZtVm1WbVZtVm1mrWatZq1mrVarVmtWK1YrVitWa1Z
rVmtma1ZrVmtGa0YpRilGKVYpVilGK0YrVitWa1ZpVmlGKUYnRelF6UXpRilGKUY
pRilGKUYpRelGKUYpRidF50XnRec15zXnNec15zXnNeU15zXnNec15TXlNeU14zX
jJaMl4yXlJaUl5TXlNeM15TXlJaUloyWjJaMVoyVhFWEVIRVhJWElYSWhJWEVYRV
hFV8FXwUfBSEFYQWhFaEFYRUhFR8VHwUc9Nz03QUc9N0E3QTdBN0E3QTdBNz02vT
a5JjkWORa9Jz03PTa9Rj02PTY5NjkltSW1FbUWNSa5NjU2NSY1JjUVtRW1FbUFLP
So9Kj0qPSs9Kz0rPSs5Kz4wSjBOME4QUhBR71HvTe9N704QUhFSMVIxUjFWMVYxV
hBR71HwThBOMU5RTlFSUVJRVlJWUlZSVjJSMVIxUjFOMVJSVlJWUlZSVlJWclpSW
lJWMVYxUjFWUlpzWnNac1ZzVnNac1pzWlJaUlZSWnJac15yXnNec1qTWpNak16TX
pNek2KTXpNek16TXpNek1pyXnNac16UYpRilGKUYpRitGKUYpNek16TXpNes160X
rRitGK0YrVmtWK1ZrVilGKUYpNilF60YrVitWK1YrVitWK1YrRilGKUXpRitWK1Y
tVm1WbVZtZm1mbWatVm1Wa1ZrVitWLVYtZm1mbWZtZm1mbWatVmtWK1YrVi1mLWZ
tZm1mbWZtZm1mb2avZq9mr2atZm1mbWZrVmtGK1ZtZm1mrWatZm1mrWZtZm92r2a
tVm1WbVZtVm1WbVZtVm1mbWatZq9mr2atVqtWa1ZtVm1mbVZtVm1WbVZtZq1mrWa
tZm1Wa1ZrVmtGLVZrVmtWa1ZtVq1WrVarVmlGKUYpRilGKUYpRitGa1ZrVmlWaVZ
pRilGKUYpRilGKUYpRilGKUYpRilGKUYpRilF6UXnRedF50XnNek16TXnNec15zX
nNec15zXnNeU15SXlNeUl5SWlJaUlpSWnNeU15TXjNeU15TWlNaUloyWjJWMlYRV
hFWEVYSVjJaMloSVhFWEVYRVhBR704QUhBWEFYRVhFWEVXwVfFR0FGvTa9Nz03PT
dBN0FHQUdBRsE3QTdBJz0WuRa5BjkWvSbBNsE2vTa9Nrk2OSY1JbUltRW1BrkmuS
Y5JjkWORW1FbUFtRWxBSz0qOSs5KzkrPSs9SzlLPUs+EEoQShBOMU4QTe9N70nvT
e9OEE4wTjBOMVIxUjFSMVYQUfBN8E4QTjFSUVJRVlFWUVoxVjJWMVYxUjFSMFIwT
jBSUlZSWlJWUlpzVlNWU1ZSVjFSMVIxUlJWc1pyWnNac1pzWnRaU1oyVjJWUlpSW
lJacl5zWnNec1qUXpNek16TXpNik16TXpNek16TXpNec1pzWnNalF6UXpRelF60X
rRik16TXpNek16zXpNelF61XrRetWK1YrVmtWaVZpRmlGKUXpRetV61XrVitWK1Y
rVitGK0YpRilGKUYpVetWLVYtVi1WLVZtVm1WbVZrVmtWK0XrRi1WLVZtZm1WbWZ
tZm9mrVZrVitWK1YtZi1mbWZtZm1mbWZtZq1mbWavZq1WrWatVqtWq1ZrVmtWbWa
tZq1mrWatZq1mbWZvdq9mbVZtVm1WbVZtVm1WbVZtVm1mb2avZq9mrVatVm1WbVZ
tVm1WbVZtVm1WbWatZq1mq2arVmtWa1ZrRi1WbVZrVmtWbVatVq1Wq0ZrRmlGKUY
pRilWK0YrVitWa1ZrVmlWaUYpRilGKUYpRilGKUYpRilGKUYpRilGKUYpNidGKUY
nNic2JzYnNec15zXnNac15TXnNeU15TXlNeUl5TXlJaUlpSWlJaU1pTWlNaU1ozX
lNeU15TXjJeMl4SWjJWEVIRUhFSEVYyWjJaMloRVhFWEVXxUfBN8E3xVhFWEVoRV
hBV8FXwVfBRz03PTa9Nz03QUdBR0VHQUdBRz03PTa5JjkmOSY5Fr0mwTbBNr02vT
Y9JjkmOSY1FbUVsRY1Jjk2OSY5JbkluRW1FbUFtQSs9Kj0qPSs9Kj1LPSs9Kz0rP
jBKME4wTjBOME4PTe9N704PUjBSMFIwUjBSMVYxVjFSEFIPTe9OEFIxUlFSUVZRU
lJWUlZSVlJWMVYxUjFOMFIwUlFWUlZSVlJWUlZTWlNaUloyVjFSUVJSVnJWclpzW
nNac15zXnNaUloyVlJaUlpSWnJac1qTVpNak1qTXpRelF6UXpRelF6TXpNek16SW
nNaclpzWpRalF6UXpRetF60YrNek16TXpNek16UXrRetWK1YrVitWK1YrVitGKUY
pNilGKUYrVitWK1YrVitWK1YrRitGKTYpRilGK0YtVi1WLVZtVm1WbVZtVm1WbVZ
rVitGK0YrVi1WbVZtVi1mb2ZvZm1Wa0YrVitWbVZtVm1WbVZtZq1mr2avZu9mr2a
tZq1mrWatVq1Wq1ZtVm1mrWavZq9mr2avZq9m72avZm1mbVZtZm1WbVZtVm1WbVZ
tZm9mr2avVq1Wa1ZrVi1WbVZtVm1WbVZtVm1WrWatZqtmrVZrVmtGK0YtVm1Wa1Y
rVm1mq1ZrVitWa1YpRelWK1YrRitGK0YrVmtWaVZpVmlGKUYpRilGKUYpRilGKUY
pRilGKUYpRilGKUYpRidF50XnRec150XnNec15zXlNec15TXlNeU15TXlNeU15TX
lJaUloyWlNaM1ozWjNaM1ozXjNeMl4yXjFaMloxWhFSEVIRUhFWMlYyWjJaEVYRV
hFV8FHvTfBN8FIRVhFSEVYRUhFR8FHwTc9Nz03PTc9N0E3wTdBR0FHQUdBRz02vT
a5JjUWORa9Jr0mvSa9Nr02PTY5JjkltRW1FbUGORa5JjkmOSY5JbkluRW1FTUUrP
Ss5Kj0rPSs9Kz0LPSs9Cz4wThBOMFIwUjBSD1IOTe9OD1IwUjBSMFIwUjFSMVIxV
hBR8E3wThBSEVIxUjFWUVZRVlFWUVZRVjFWMVYwVhBSMFJSVnJWUlZSVlJWU1pSW
lJaUVoxWjFWclpzWnJaclpzXnNac1pzWlJWUlZSVlNWU1pzWnNac1qTWpNak1qTW
pNek2KUXpRec150XnNec15zWnJac1qUXpRelF60XrRetGKUXnNek16TXrNelF60X
rRetGK0YtRitGK0YrRitGKUYpRelF60YrRitGK1YrVitWK0YrRilGKUYpRitGK1Y
tVi1WLVYtZm1mbWZtZmtWa1YrRitGK1ZtVm1mbVZtZm1mbWZtVmtWK1YrVi1WLVY
tZm1mbWZtZq1mr2bvZq9mr2atZq1mrVZrVmtGbVZvZm9mrWZtZm1mbWavZq9mr2a
tVm1WbVZtVm1WbVZtVm9WrWavZq9mrWatVmtWa1ZrVmtWbWZrVm1WbVatZq1mrWa
tZq1ma1ZrVmtWa1ZrVmtWa1ZrVqtWa1ZrVitWKUYpRilGK0YrRitGK1ZrVmtWaUZ
pRilGKUXpVelGKUYpRilGaUZpRmlGaUZpRmdGaUZnRidGJzXnNec15zXnNec15zX
nNeU15SXlNeU15TXlNeM14zWjNaM1ozWjNaU1pTWlNeU14yWjJaMloxWjJaMlYRV
hFWEVYRWhJaEVoxWjFaEVoRVfBR703wThBOEVYRVhFV8VHwVfBR0FGvTa9Nz03PT
dBN0E3QUdBRz1HQTdBNr0mOSY5JrkmvTa9Nr02vTa9NjkmOSW5FbUVNRWxFjkmOT
Y5JjkmOSY1FbUVtQW1BKzkqNSo5KjkrPSs9Kz0rPUtCEE4QTjFSME4QUg9N703vT
fBOEE4QUjBSMFIxUjFSMVIRUfBOD04PTjBOMVIxUjFWMVZRVlFWUVZRUjFSMFIwU
jBSUlZSWlJWUlZSVnJaUlpRVjFWMVYxUlJWc1pzWnNak15zWnNac1pSWlJaUlpSW
lJac1pzWnNak16TWpNek2KTYpNik2KTXpNec15zXnNec15TWnNalF6UXpRetF60X
rRilF5zXpNek16TXpRetF60XrRitGK0YrVitWK1YrRilGKTYpNetWK0XrVetV61X
rVilF60XpRelF6UYrRi1WLVYtVi1WLVZtVm1WbVZrVmtWa1YrRi1WrVZtVm1WbVZ
tZq1mrVZtVitWK1YtVm1mbWZtZm1mbWZtZq9mr2avZq9mrWatZmtWq1ZrVm1mbWa
vZq9mrWZtZm1mrWavZu9mrVatVm1WbVZtVm1WrVatVq1mbWZvZq1WbVZtVm1WbVZ
tVq1WbVZtVm1WbVZtVq1WrVarVqtWa1YrVitWLVYrVmtWbVZtVq1Wa0ZrRmlGK0Y
rRitGK0YrRitWa1ZrVmlWaUYpRilGKVYpRilGKUYpRilGKUYpRilGKUYpRilGJzY
nRic2JzYnNec15zXnNec15zYnNec15zXnNeU15zXlJaMlpSWlJeUl5SXlNeU15TX
lJeUl5SXlJeMV4xWjFaEFIRVhFWEVYyWjJaMVoxVhFWEVYQUe9N8FIQUhBWEVYQV
fBV8FHwUdBRz03PTc9N8E3wTfBR8FHwUdBNz02vTa5JrkmNSa5Jz03PTc9Nr02vT
Y5JjkluSW1JTUVtRY5Fr0mPSY5FbUVtRW1FbUVsQUs9KzkrPSs9Kz0rPStBK0ErQ
hBOEE4xTjBOEE3vTe5J70oPThBOME4wUjFSMVIxUjFSMFIQUe9OEFIxUjFSUVJRU
lFSUVJRVjFWMVYxVjBSMFIwUlJWUlZSUlJWU1pzWlJaUlYxVjFSMVJyVnJWclZzV
nNac1pzWnNeUloyWlJaUlpyWnJaclqTWpNek1qTXpNek16TXpNek16TXpNec15yX
nNaclqTWpRelF6UXpRitGK0YpRik16TXpNik16UXrRetGK0YrRitWa1YrVitGK0Y
rRilGKUXrVitWK0YrRitGK1YpRelF6UXpRelF61XtVi1WLVYtVi1WbVatVmtWbVZ
rVmtGK0YtVm1WbVZtZm1mbWZtZm1WbVYrVm1WbVZtVm1mbWZtZm1mr2avZq9mr2a
tZq1mrWatVm1WbVYtVm9mr2atZq1mr2avZq1mr2atZq1mrVatVm1WbVZtVm1WbVZ
tZq1mr2atZq1Wa1ZrVm1WbVZtVm1WbVZtVq1WrVatVq1WrVZrVmlWK1ZtVm1WbVZ
rVm1WrVarVqtGa0YrRitGK0YrRitGK1ZrVmtWa1ZrVilWKUXpRelGKUXpRilGKVY
pVilWKVYpRilGKUYnRidGJzYnNic15zXnNec1pzXlNeU15zXnNec15zXnNec15SW
lJaUlpSXlJeUl5SXlNeU15TXlNeU14yWjJaMloxVhFWEFYRVhFWMloyVjFWMVYRV
hFV8FHwUfBR8VIRVhFWEVXxVfBR8FHQTa9Nz03PTdBN0E3QUdBR0FHQUdBRsE2uS
Y5FjkWuRa9Jr02vTa9Nr02uTa5JjkmNSWxFbUWOSY5JjkmOSY5JjUVtRW1FbUErO
So5KjkrPSs9Kz1MPSs5Kz4QUjBSMFIwUhBR703vSe9OEE4QTjFOMU4xTjFSMVIxV
hBSD1HvTg9SMFIxUjFWMVYxVjJWMlYyVjFWMVYQUhBSMVJSVnJaUlZSVlJaU1oyW
jFWMlYxUjFSUlZzWnNac1pzWnNac15zXlJaUlpSWnJaclpzWnNac1pzXpNek16TX
pNek16TXpNek15zXnNeclpzXnJac1qUXpRelF60YrRitGKTYnNek16TXpNelF60X
rRitGK0YrVitWK1ZrVilGK0YpRelF60YrRetGK0YrVitWKUXpRelF6UXrRitWLVZ
tVm1WbVZtVm1Wa1ZtVm1Wa0YrRitGLVYtVm1mbWZtZm1mr2atZqtWa1ZrVi1WbVZ
tZm1mbWZtZq9mr2avZq9mr2atZq1mrVatVmtWbVZvZm9mbWZtZm1mbWZtZm9mrWa
tZm1WbVZtVm1WbVZtVm1WbWavZu1m7WatVqtWa1ZtVm1WbVZtVm1WrVatZq1mrWa
tZq1Wq1ZrVitWa1ZrVmtWa1ZtVq1Wq1ZrVmlGKUYrRitGK0YrRitGa1ZrVmlWaVY
pRilGKUYpRilGKUYpRilGKUYpRilGKUYpRilGaUYnRec15zXnNec15zXnNec15TX
nNec15zXlNeU15TYlNiU15SXlJeUl5TXlNeU15TXlNeU15TWjJaMloyWhJaEVYRV
hFWEVYxWjFaMVoxWhFaEVYRVfBR8FHwUfBSEVYRVhFWEVHwUfBR0E3PTc9Nz1HPT
c9N0E3QTdBN0FHQUbBNrkmORY5Fj0mvTa9Nr1GvTa9Jr0mvSY5FjUVsRW1FjkmOS
Y5FjkmOSY5JjUltRUxBKjkqOSo9KjkrPSs9Sz1KPUo+ME4wThBOEFIQUg9N70nvS
g9KEE4xTjBOMU4xUjFWEVIQUe9N704QUjFSMVJSUlFSUlJSVjJWMVYxVhBWEFYQU
jBSUlZSVlJWUlZSWlJaMloyVhFWMVIwUlJWclpyWnJac1pzWnNac1pSWlFaUlZSV
nNac1pzWnNac1qTWpNak1qTXpNec16TXpNek16TXnNec15yWnNelF60XrRetF60X
rRek16TWpNek16UXpRelGK0YrRitGK0YrVitWK0YpRilGKTXpRatV61YrVetV7VX
tVetFqUXpRelF6UXrRi1WLVZtVm1WbVZtVm1WbVZtVmtWa0YrRi1WbVZtZq1mbWZ
tZm1mrVZtVmtWa1YrVm1mbWZtZq1mbWatZq9mr2avZq9mrWatZq1WbVZrRm1WbWa
tZm1mbWZtZm1mr2avZq1mbVZtVm1WbVZvVm1mbVZtZm1mr2bvZu9WrVZtVm1WbVZ
tVm1WrVatVq1WrVatZq1mq2arVqtWa0YrVitWK1ZrVmtWbWatVq1Wa1ZpRilGK0Y
rRitGK0ZrRmtWq1ZrVmlGKUYpNilGKUYpRilGaUYpRitGK0YrRilGKUYpRic2JzY
nRic15zXnNec15zXnNic15zXlNeU15TXlNeU15SXjJeMloyWlJaU1pTWlNaU1pTW
lNaU1oyWjJaMloRWhFaEVYRVhFWMlYyWjFaEVoRWhFWEVHwUfBR8FIQUhBWEVYRV
fFV8FXwUdBRr03PTc9Nz03QTdBN0E3QTc9Nz03PTa5JjkWORa5Jr02vTa9Nj02vT
Y9JjkluRW1FbUFtQY9JjkmOSY5JjkmNRY1FbUVMPSs5KjkqOSo5Kz0rPSs9Kz0LP
hBOEE4wTjBOEE4QTe9J70nvThBOME4wTlFOMVIxVjFSMFIPTg9OME4wUlFSUVJRU
lFWUVYxWjFWMVYQVhBSEFIwUlJWUlpSVlJac1pyWlJaMVYxVjFSMVJSWnNaclpyW
nJac1pzXnNeUlpSWlJaclpzWnNac1pzWnNek1qTWpNek16TXnNelF6UXpNek15yW
nJac1pzWpRelF6UXpRitGKUYnRidF50XpRelF60XrVetF60XrRitWK1YrVitGK0Y
pRik16UXrRitGK0YrRitWLVYrRetF6UXpNilGK0ZrVm1WbVZtVm1WbVZtVmtWa0Y
rVmtGK0YtVm1WLVZtVm1mbWZtZm1mLVZtVitWLWZtVm1mbWZtZm9mr2avZq9m72a
tZq1mrWZtZm1WbVZtVm9mr2avZq9mr2avZq9mr2avZq1mbVZtVm1WbVZtVm1WbVa
tZq9m72avZq1Wa1ZrVmtWbWZtVm1WbVZtVm9WrWatZq1mrVatVmtWK1YrVmtWK1Y
rVmtWq1arVqtGa0YpRilGKUYpRilGa0ZrVmtWa1ZpRmlGKUYpRilGKUYpRmlGaUY
pRmlGaUYpRmlGKUYpRilGJ0YnRec15zXnNec15zYnNic15zXnNec15zXnNec15TW
lJaUlpSWlJaU1pTWlNaU15SXlJeUl4yXjJaMloxVhFSEVIRVhFWMVoxWhFaEVYRV
hFV8FHwUfBR8FYRVhFWEVYRVhFV8FHPTc9Jz0nwTfBN0FHQUdBR0FHQUdBNr02uS
Y1JbUWuTa9Nr02PTa9Nr02uTY5JbUVtRW1FbUWOSY5JjkluSY1JbUVtRWxFTEErO
Ss5KzkrPUtBK0ErQStBK0IQTjBOMFIwUg9R703vSc9N704wUjBSMFIxUjFSMVIRV
hBN704PThBOMFJRVlFWUVZRVlFWUVYxVjFaMVYRUhBSEVJSVlJWclZSVlJWUlpSW
jJWMVYxUjFWUlZTVlNWc1pzWnNac15zWlJaUlZSVlJaUlZzWnNac1qTWpNak1qTW
pNalF6UXnRek16UXpNec1pzWnNak1qUXpRelF6UXrVitGKUXpNek16TXpNilGK0Y
rRitGK0YrRmtWa1YrRitGKUYpRetGK1YrVitWK1YrVitWKUXpRelGKUYpRitGLVZ
tVm1WbWZtVm1mbWZtVm1Wa1ZrRmtGLVZtVm1WbVZtVm9mbWZtZm1WK1YtVi1mLVZ
tZm1mrWZvZq9mr2avZq9mr2atZq1mrWatVm1WbVZvZq9mr2avZq1mrWatZq9mrWa
tZm1WbWZtVm1WrVatVq1WbWatdq1mrWbtVqtWq1ZtVm1WbVZtVm1WbWZtZq1mrWa
tZq1WbVZrVmtWa1ZrVmtWa2arVqtWq1ZrRmtGKUYrRitGK0YrRmtGa1ZrVmlWaVY
pRilGKUYpRilGK0ZpRilGKUYpRilGKUYpRilGJ0YpRic15zXnNec15zXnNec15zX
nNec15zXnNeU15TXlJeUl5SXlJaUlpTWlNaU1pTWlJeMl5SXlJaMloyWjJaEVYRU
hFSEVYyVjJWMlYRVhFWEVYRVfBR8FHwUfBSEVYRVhFV8VXxVfFR0E3PTc9Jz03PT
dBN8E3wTdBR0FHQUc9NrkmNRY1FrkmvTbBNr02vTa9Jr0mOSY5JbUVtRW1FbkmOS
W5JbkluSW1JbUltRUxBSzlLOUs5KzkrOSs5KzkLOSs+EEoRSjFOME4wUg9N70nvS
e9KEE4wUjBSMVIxUjFSMVIwUg9OD04QUjFSUVJRUlFSUVJRVlFWUVYxVjFWMFIQU
jFSUlZSVnJWclZSVlNaUloxWjFWMVIxUlJaclpyWnJac1pzWnNac1pSWlJWUlpSW
nNaU1pzWpNak1qTWpNak16TXpNek16TXpNek16TXnNecl5yXpNelF60XrRetF61Y
rRitGKTXpNek16zXrRetF60YrRitGK0YrVitWa0YrRetF6UXpRetWK1YrVitWa1Y
rVilGKUYpRelF6UXrVetWLVYtVm1WbVZtZm1Wa1ZtVmtWa0YrVi1mbWZtZm1mbWZ
tZq1mbWYtVitWLVYtVi1WLVZtZm1mbWavZq9mr2avZq9mrWatZq1WbVZrRi1WbWZ
tZq1mr2btZq1mrWavZq1mrVZtVm1WbVZtVm1WbVZtZm1mb2avZq9mrVZtVm1WbVZ
tVm1WrVatVq1WrVatZq1mrWarVmtWa0ZrVmtWa1ZrVmtWbWZrVqtWqUZpRilF6UY
pRitGK0YrVitWa1ZrVmtWaUYpRilGKUYpRilGKUYpRilGKUYpRilGKUYpRilF6UY
nRec15zXnNec15zXnNec15zXnNec15TXlNeU15TXjJaUlpSWlJaUlpSWlJaU1pTW
lJaUl5SWjJaMloyWhFWEVYRVhFWEVoRWjFaEVoRVhFWEVXwUfBR8FHwUhFSEVYRU
fFR8VHxUdBNr0mvSdBN0E3wTfBN8E3wTdBN0E3PSa5JrkWNRa5Jr0mvTa9Nr02vT
a9JjkluRW1BbUFtRY5JjkmOSY5JbkltSU1FbUVMPUs9Kj0qPSo5Kz0rPSs9Sz1LP
hBOEE4xTjBOEE4PTe9J70XvSjBOMFIwTjBSMVIxUjFSEFHvUg9OEE4xUjFSUVJRU
lJSUlJSVjFWMVYxUhBSEFIxUlJWclZSVlJWUlZTVlNWMlZSVjFSMVJSVnJaclpzW
nNak1qTWnNaUlZSVlJWUlZyWnJac1pzWnNak16TXpNek16TXpNek16TXpNek1qTW
pNac1pzXpRelF6UXpRetF60XpRec15zXpNelF6UXpRetF60YrVitWK1YrVitWK0X
rRilF6UXrVitWK0YrRitGK1ZpNelGKUXpRelF60XrVi1WLWZtVq1WbVZtVmtWa1Z
rRmtGK0YtVm1WbWYtZm1mbWatZq1WbVYrVitWLVYtVi1mbWZtZm9mb2avZq9mr2a
vZq9mrWZtZmtWa1ZtVm9mr2avZq1mrWatZq9mr2atZm1WbVarVq1WrVatVq1WrWa
tZq9mr2avZm1WbVZtVm1WbVatVm1WbVZtVm1mbWZtZm1mq1ZrRmtGa0ZrVmtWa1Y
tVm1WbVZtRmtWa0YpRilGKUYrRitGK0YrVitWa1ZrRilGKUXpRilGKUYpVilGKUZ
pRilGKUYpRilGKUYpRilGJzXnNec2JzYnNec15zXnNeU15zXnNec15TXlNiU15TW
lJaUlpSWlJaUlpSWlJeUl5SXlJeUl4yWjJaMloxVhBWEVYRVhJWMlYxWjFWMVYxV
hFV8FHwUfBOEFIRUhBWEFIQUhBR8FHPTc5Jz03QTdBN0FHQUdBR0FHQUdBNr02OS
W5JjkWuSa9Nz02vTa9Nrk2OTY5JbUVtRW1BbUWOSY5JjkluRW5FbUVtRWxBbEEKO
So9Kj0qPSs9Kz0rPSs9KzoQShBOEE4QUg9R71HOTe9J70oQThBOMFIwUjBSMVIxV
hBR8E3vThBOMVIxUjFSMlYyVlJWUlZRVjFWMVYxVhBWMFZRVlJWUlZSVlJWUlpSW
jJaEVYxVjFWUlpTWnJaclpyXnNac1pzWlJaUVpRWlJaclpyWnNac16TXpNek16TX
pNek16TXnNek16TXpNec1pzWnNac1qUXpRelF6UXrVitGKTXpNek16TXrRelF60X
rRetGK0YrRmtWa1ZrRmtGKTXpNelF61YrRitGK0YrRitWKTXpRilGKUYpRitGLVY
tVi9WLWZtVm1WbVZrVm1Wa1ZrRmtGLVatVm1WbVZtVq1WrWatVmtWK1YtVi1WLVZ
tVm9WrWavZq9mr2avZq9mr2atZq1mrVatVm1WbVZvZq9mr2avZq9mr2avZq9mrVZ
tVm1WbVZtVm1WbVatVm1WrWavZu9mr2ZtVm1WbVZtVi1WbVZtVm1WbWZtZm1mrWa
tVq1Wq1ZrVitWa1ZrVmtWa1ZtZm1Wa1ZrRmlGKUYpRilGK1YrVitWK1ZrVmlWaUY
pRilGKUYpRilWKUYpRilGKUYpRilGKUYpRilGKUXpRedF5zXnNec15zXnNec15zX
nNeU15TXlNeU15TXlNaUloyWlJaUlpSXlJeUl5TXlNeUlpSWlJeMloyWjJaMVoRU
hFWEVYRWjJaMVoRVhFWEVYRUfBN8E3xUfFSEVYRVfFV8FXwUfBRz02uSc9Nz03QU
dBR0FHQUbBRz03PTa9NjkmNSY5Jrk3PUc9Nz02vTa5Nj0mOSY5JbUVtRY1FjkmOS
Y5JjkmORY1FbUVsQUxBCjkKOSo9Kz0rQSs9Kz0rNSs+EEoQThBOEE4QTe9N7knvS
e9KEE4xUjFSMVIxUjFSEVYQUe9N704QSjFSMVIxUjFWUVZRVlFWUVZRVjBWMFYwU
jBSUlZSVlJWUlZTWnNaUloyWjFWMVYxUlJWUlpyWnJaclpyWnNaU1pSVlJWUlZTV
lJaU1pzWpNak1qTXpNek16TXpRek16TXpNec2JzXnNac1pzVnNalF6UXpRelF61X
rRilF6TXpNek16UXrRetV60YrRitGK0ZrVmtGK0YpRik16TXrRetWK0YrRitGK0Y
tVilFq0XrRetF60XrRetGLVYtVi1WbVZtVm1WbVZtRmtWa0YrVi1WLVZvVm1WbVa
vZm9mrVZtVitWK1YtVm1WbWZtZm1mrWavZq9mr2avZq9WrVatVq1WrVarVm1WbWa
tZq9mr2avZq9mr2avZu1WrVatVm1WbVZtVq1Wb1ZtZq9mr2avZq9mbWZtVm1WbVZ
tVm1WbVZtZm1mrWatZq1mrVatVq1Wa0ZrVmtWa1ZrVmtWbVatVqtWa0YrRilGK1Y
rVitGK0YrVmtWaVZpVmlGKUYpRilGKUYpRilGKUYpRilGKUYpRilGKUYpRilGKUY
nRic15zXnNec15zXnNic15zXlNeU15TXlNeVF5TXlJeUl5SXjJeMl5TXlNeU15TX
lNeU15SXjJaMloxWhFaEVYRVhFWEloyWjJaEVYRVhFWEVXwUfBSEVIRUhFWEVYRV
hBWEFHwUc9Nz03PUc9Nz1HQTfBN0E3QTdBN0E3PTY5NjUmNSY5Jr02vUa9Rr02vT
Y5JjkmNRW1FbUVtRY5JjkmOSY5JjkVuRW1FTEErOQo5KjkqPSo9Kj0rPSs9Kz0rP
hBOEE4wTjBOME4PTe9J70nvThBOMFIwUjBSMVIxUhFSEVHwTg9OEE4xUlFSUVJRU
lFSUVJRVlFWMVoxVhBSEFIwUlFWUlZSVlJWUlZSWlJeMloxVjFWMVJSVlJWclZyV
nJac1pzWnNaUlZSVlJaUlpyWnNac1qUWpNak16TXpNek16TXpNec16TXpNek1pzX
nNac1qTWrRetF6TXpRetF60YpNek16TXpNek16UXpRetGK0YrRitGK1YrVitWKUY
pNek16TXrVitWLVXtVi1WLVYpRelF6UXpRetF60YrVitWbWZtVm1WbVZtVmtWa0Z
rRmtGK0YtVm1WLVZtVm1WbWZtZm1WbVZrVmtWbWZtVm1mrWZtZq1mr2avZq9mr2a
tZu1mrVZtVmtGa1ZtVq1mrWatZq9mr2avZq9mr2btVq1WbVZtVm1WbVZtVm1WbVZ
tZq9mr2atZm1Wa1ZrVm1WbVZtVm1WbVZtZm1mbWZtZq1WrVZrVmtGa1ZtVm1WbVZ
tVq1Wq1arRqtWaUYpRitWK0YpRitGK1ZrVmtWa1ZrRilF6UYpRilGKUYpRilWKUY
pRilGKUYpRilGKUYpRilF50XnNac15zXnNec15zXnNedF5zWnNec15yXnNeU14yW
lJaUlpSWlJeUl5SXlJaU1ozWlJaMloyWjFaEVoRVhFWEVYRVhJaEloRWhFaEVYRV
fFV8FHwUfBWEVYRVhFWEVIQUhBSEFHvTc9Nz03PTdBR0FHwUfBR0E3QTdBNr02OS
W5FbkmPTa9Nr02vTa9Nr02uTY5FbUVtQUxBbkWOSY5JjkluSW5FbUVtRUxBKz0qO
So5KjkqPSo9Kj0KPStBKz4PTjBOMFIwThBR703uSe9KD04QUjBSMFIwVjBSMVIxU
hBR70nwShBKMU5RUjJSMVYxVjFWMVJRVlFWMVYxUhBSMVJSVlJWUlZSVlJWUlpSW
jFaMVowVjFSUlZSWlNaclpyWnJaclpSWjJaMlpSWlJaUlpyWnNWc1qTWpNak16TX
pNek2KTYnNik16TXpNaklpzVnNac1qUXpRelGKUYrRitWKUXpNek16TXpRelF60X
rRitGK0YrRitGK0YrRilGKUXpRetF61YrRitGK0YrRitWKUXpRelF6UXpRetGK1Z
rVm1WbVZtVm1WbVZrVmtWK1YrRitWLVYtVi1WbVZtZm1mbWatVm1WbVZtVi1WbVZ
tVm1mb2avZq9mr2avZq9mrWatZm1WbVZtVm1WbVatZq9mr2avZm9mb2ZvZq9mrVZ
tVm1WbVZtVm1WbVZtVm1WbWatZq9mrWarVmtWa1ZtVm1WbVZtVm1WbWZtZm1mbVZ
tVm1Wa1ZrRitWa1ZrVitWbVZtVq1Wq1ZrVmlGKUYrVitWK0YrRitWa1ZrVmlWaUY
pRilF6UXrRilGKUYpRilGKUZpRilGKUYpRik16UYpRilF5zXnNec15zXnNec15TX
nNec15yXnNeU15TXlNaUlpSWlJaUlpSXlJeU15TWlNeUl5SXlJeMloyWhJWEVHxU
hFSEVYyWjFaEVYRVhFWEVIQUfBR8FHwUhFWEVYRVhFSEFHwUfBRz02vTa9N0E3QT
fBN8E3wUfBN0E3QTa9JrkmOSY5Jj02vTa9Nr02vTY9NrkmOSW1FbUVtQW5FjkmOS
Y5JbUVtRW1FTUVNRSs9KjkqOSo5KjkqOStBKj0rQSs+EE4QThBOMVIwUe9N703vS
e9OEE4QTjBOMFIxUjFSMVIQUhBN704QTjFSMU4xUlFSUVZRUlFWUVZRVjFWMVYQU
jBSUlZSVlJWUlZSWlJaUloxWjFWEFYxVlJac1pyWnJWc1ZzVnNaU1pRVlJaUlpyW
nJaclpzWnNWc1qTWpNek16TXpNek16TXnNek16TWpJac1pyWnNelF6UXrRetF60Y
rRis2KTXpNek16TXrRitGK1YrRitWK1YrVitWK0YpRilF6TXpRitGK0YrRitGK0Y
rVilF6UXpRelF6UXrRetWK1YtVi1WbVZtVm1Wa1ZtVmtWa0YrVi1WbVZtVm1WbVZ
tVq1mrVZtVmtWK1YtVm1WbVZtZm9mb2ZvZm9mr2avZq1mrWatVmtWa1YrVm1WrWa
vZq1mr2atZq1mr2bvZq1mrVatVm1WbVZtVm1WbVZtVm1mrWavZq1mq1ZrVm1WbVZ
tVm1WbVZtVm1WbWatZq1WrVatVmtWa0ZrVmtWa1YrVi1WbVZtVm1Ga0ZpRilGKUZ
rRitGK0YrRmtWa1ZrVilGKUXpRilGKUYpRilGKUYpRilGaUZpRilGaUYpRic2J0Y
nNic15zXpNec15zXlNecl5zXnNec15zXlNeU15TWjJaUlpSWlJeUl5SXlJeU1pSX
lJeUl4yXjJaEloSVhFSEVIRUjFWMVoxWjFWMVYxVjFSEVHwUfBR8FHxVhFWEVIQU
hBSEFHwTc9Jz03QTdBN0E3QTfBR8FHQUdBR0E2vSa5JjUmOSa9Jr02vTa9Nr02vT
a9NjkltRW1FbUWORY5JjkmOSY1JbUlNRW1FTUUrPSs5KjkqOSs5KjkqPSo9Kj0rP
hBOEE4QUjBSMFYOTe5N7k3vThBSMFIwUjBSMFIxUhFSEE4QThBOEE4xUjFSMVJSV
lFWUlZRVjFWMVYRUjFSEU4xUlJWUlZSVlJaUlZSVlJWMlYxVjFWMVZSWnJaclpyW
nJaclpzXnJaUVZSVlJWclpyWnNac1qTWpNak1qTXpNek16TXpRelF6TXpNek15yW
nJac1pzWpRetF60XrRetGK0YpNek16TXpNelF6UXpRetF60XrVitWK1YrVitV6UY
pRik160YrRitGK1YrVitWLVZpRilGKUXpRelF61YrVitWLVYtVm1WbVZtVm1WbVZ
rVmtGK1YtVm1WbVZtVm1WbWatZq1WbVZrVmtWLVYtVm1mb2avZq9mr2avZq9mrWa
tZq1mrVZrVmtWa1YtZm1mbWZtZq1mrWatZq9mr2atZq1WrVZtVm9WbVatVmtWbVa
vZq9mr2atZq1WbVZtVm1WbVZtVm1WbVZtZm1mrWatZq1mq1arVmtGLVZtVm1Wa1Z
tVm1mbVZrVmlWaUYpRilGK0YrRitGK1YrVmtWa1YpRilGKUXpRelV6UXpRelGKUY
pRilGaUYpRilGJzYpRic15zXnNec15zXnNec15zXnNac15zXlNeU15TXlNeUl5SW
lJaUlpSWlJeUl5SXlJeU15SXjJeMl4yWjFaMVoRVhBWMVYxVjJWMVYRVhFWEVYRV
fFV8FHwTfFN8VIRUhFSEVHxUfBR0FHPTc9Nz03PTc9N0FHQUdBR0FGwUa9Rr02OS
Y5FjkmvTc9Nr02vTa9Nr02PSY5FbkVtRW1BbkWOSY5FbkVuRW1FbUVsQWxBKjkqO
So5KjkqOUs9KjkrPSs9Cz4QShBOEE4xUjBR703PSe9N704QTjBOMFIwUjBWMVYRU
hBSEE4QThBOMFIwUlFSUVJSVjFWMVYxVjFWMVIwUhBSMVJSVlJWUlZSVlJWclZSV
jFWMVYwVjFWUlpSWnJaclpyWnNac1pzXlJWUlZSVnJWclpyWnNac1pzWpNek1qTW
pRelF6UXpRelF6UXnNec1pzWnNak16UXpRelF6UXrVitGKUXpNek16TXpNetGK0X
rRetF61XrVitWK1YrVilGKTYpNitGK1ZrVitWK1YrVmtWaUYpRilGKUYrRitWLVY
tVi1mbVZtVm1WbVZtVm1Wa1YrRitWLVYtVm1WbVZtVm1mrWatVmtGa0YrVi1mLWZ
tZm1mrWZvZm9mr2avZq9mr2atZq1mrVZrVmtWbVZtZq1mrWavZq9mb2Zvdm9mrWZ
tVm1WbVZtVm1WbVYtVm1mbWavZu9m7WarVqtWa1ZrVm1WbVZtVm1WbWatZq1mrWa
tVq1WbUYrRitWK1ZrVmtWa2ZrZqtWa1ZrRilGaUYrRitGK0YrRmtGa1ZrVmtWK0Y
pRilGKUYpRilGKUYpRilGaUYpRilGKUYpRilGaUYnRidF5zXnNec15zXnNec15yX
nNeU15zXlNeU15TWlNaUlpSWlJaUlpSWjJeMl5TXlJeUl4yXjJeMV4xXjFaEFYQV
hBWEVYSVjFaEVoRWhFWEVYQUfBN8E4RThBSEVIRUhFSEU3wUfBRz03PTc9Nz03PU
c9R0FHQUdBRsE2wTa9JjkmNSa5Jr0mvTa9Nr02vTa5JjkmORW1FbUVtRY1FjkmOS
Y5JjkltRW1FbUVMQSo9Kj0qPUs9KzkrOSs9Kz0rPSs+EEoQTjBOMFIQUe9Nz0nPS
e9KEEoxTjBOME4wUjFWMFXwTe9N704PTjBSMFJRUlFSUVYyVjFWMVYxUjFSMVIwU
jBSUVZSVlJWUlZSVlJWUlYxVjFSMVIxUlJWclpyWnJaclpzWnNaUlpSWlJaUlpyW
nJaclqTWnNac1qTWpNak16TXpRelF5zXpNec15zXnNaclpzWnNalF6UXpRelF61X
rRek16TXpNek16TXpRitGK0YrRitGK0YrVitWK0YpRelF6UXpRitWK1YrVitWa1Y
tVmk16UXpRelF6UXrVitWK1ZtVm1mbVZtVm1WbVZrVmtWK0YrRi1WbVZtVm1WbVa
tVq1mq1ZrRitWK1YtVi1WbVZtZm1mrWZtZm1mb2ZvZq1mrWatZqtWa0ZtVm1WbWZ
tZq9mb2avZm9mb2ZvZq1mbVZtVm1WbVZvVm1WrVatVq9mr2bvZu1mrVatVq1WbVZ
tVm1WbVZtVq1WrVatVm1WrVarVmtWa0YrVitWa1ZrVmtma2ZrVmtWa1ZrRitGK0Y
rRitGK0YrRmtWa1ZrVmlGKUXpNelGKUYpRilGKUYpRilGKUYpRilGKUYpRic2JzY
nNec15zXnNec15zXlNeUl5zXnNeU15TXnNeU15TXlJaUlpSWlJaUlpSWlJaU1pSX
lJeMl4yXjJaMVoxVhFWEVYRVjFWElYSVhFaEVYRVfFWEVHwTfBOEE4RUhFSEVHxU
fFR8FHwUa9Nr03PUc9N0FHQUdBR8E3QTdBR0E2vTY5JjUmOSa9Nz02vTa9Nr02vS
Y5JjkWNRWxFbEWOSY5JjkmOSY1FbUVtRW1FTEUqPSo9Kj0qPSo9Kj0rPSs9Kz0rP
hBKEEoQTjBSEFIPTe5N7knvThBOME4xUjBSMFYwVjBWMFHvTe9KD04wUjFSUVJRV
lFSUVZRVjFWMVYwVjBSEFIwUlFWUVZSVlJWUlpSWlJaUVYxUjBSMVJSVnJWclpyW
nJaclpzXlJeUlpSWlJaUlpyWnJaklpzWpNek16TXpNelF6UXpRek16TXpNec15zX
nNac1pzWpRelF6UXpRetGK0YpRec16TXpNek2K0XrRetWK0YrRitWK1ZrVitGK0Y
rNek1q0XrVitWK1YrVitWLVZpNelF6TXpRelF61YtVi1WLVYtVm1WbVZtVm1WbVY
rRitGK1YtVm1WbVZtZm1mrWatZq1Wa1YrVitWLWZtZm1mbWZtZm1mb2avZq9mr2a
vZq1mrWarVmtWbVZvZq1mr2avZq9mb2ZvZm9mr2atVm1WbVZtVm1WbVZtVm1WrVa
vZq9mr2atVq1WrVZtVm1WbVZtVm1WbVatVq1WrVatVq1WrVZrVmtWa1ZrVmtWa1Z
rZmtWa1ZrVmtGKUYpRitGa0YrRitGK0YtVitWK1YpRilGKTXpRilGKUYpRilGKUY
pRilGKUYpRilGKUXpRidGJzXnNec15zXlNec15zXnNec2JyYlNeU15TXlNeU1pSW
lJaUlpSWlJaU1pTWlNeU15SXjJeMloxWjFaMVYRVhFSMFYRVjFaEVoRWhFWEVYRU
hBR8E3wTfBSEVYRVhFV8VHxUfBR0FHPTc9Nz03PTdBR0FHQUdBR0E3QTbBNj0WOR
Y5FjkWuSa9Jr02vTa9Nrk2uSY1JjUVtRW1FjkmPSY5JjkltRW1JTEVtRWxFSz0qP
So9Kj0rPSs9Kz0rPSs9Kz4QThBOEE4QUhBOEE3vSe9J70oQTjBOME4wTjFSMVIxU
hBOD04PTg9OMFIwUjFSUVZRVlFWMVYxVjFSMFIwUjBSMVJSVlJWUlZSVlJaclpSW
lFWUVIwUjFSUlZSWnJaclpyWnJec15yXlJWUlZSVlJWUlpyWnNec1pzWpNak16TX
pNek16TXpNek15zXnNec1pTWnNac16UXpRetF60XrRetGKTYpNek16TXpRelF60X
rRetF60YrVmtWa0ZrRitGKTXpNetGLVYrVitWK1YrVitWaUXpRilGKUYpRitGK1Y
tVm1WLVYtVm1WbVZrVmtWK1YrRi1WbVZtVm1WbVatZm1mbWZrVmtWa1ZrVm1WbVZ
tVm1WbWZtZq9mr2avZq9mr2atZq1mrVZtVm1WbWatZq1mrWavZq9mr2avZq9mrWa
tVm1WbVZtVm1mbVZtVm1WbWavZq9mr1ZtVm1WbVZtVm1WbVZtVm1WbVatZq1mrWZ
tZm1Wa1ZrVi1Wa1ZrVmtWrVatZqtWq0ZrRmlGKUYrRmtGK0YrRitWa1ZrRitGK0Y
pRelF6UXpRelF6UYpRilGKUYpRilGKUYpRic2KUXpRec15zXnNec15zYlNec15zX
nNeU1pTXnNeU15TXlJeUloyWlJaUlpSWlJaUlpSWjNaMloyWjJaMVoxWjFWEFYQV
hBWEVYRWhFaEVoQWhFaEVXwUc9R8FHwUhFWEVIRVhFR8FHwUdBRr02vTc9Nz1HPT
dBN0E3QUdBN0E3PSa9JrkmNRY5Fj0mvTa9Nr02vTY9Njk1tRW1FTEFNQW5JjkmOS
W1JbUVtRU1FbEFMQSs9Cj0qPSo9Kj0rPSs9Kz0rPSs+D04wThBOEE4PTg9N7knvS
g9KEE4wTjBOMVIxUjFSEVIQTe9N704PThBSMFIxVjFWUVYxVjFWMVYxVjBWEFIQT
jFSUlZSVlJWUlZTWnJaUloxVjFWMFIxUlJWU1pTWlJaUlpSWnNec1pRVlFWUlZSW
lJaclpzWnNak1qUXpNek16TYpNek16TXpNek15zXnNec1pzWnNalF60XrRetF60Y
rRik15zXpNek160YrRetF60XrRetWK1ZrRmtGaUYrRis16TXrRe1WLVXtVi1WK1Y
rVilF6UXpRik2KTYrRi1GLVYtVi1WbVZtVm1WbVZrRmtGK0YrVi1WbVZtVm1WbVZ
tZm1mq1ZrVmtWa1ZtVm1Wb2ZtZm1mb2avZq9Wr2atZq1mrWatVm1WbVZrRi1Wb2Z
vZq9mr2atZq9mr2avZq1WbVZtVm1WbVZvZq1mbWZtZm1mr2avZq1mrVZrVm1WbVZ
tVm1WbVZtVm1WbVZtVq1Wq1arVqtGa0ZtVmtWa1ZrVm1WbVZtVmtWKUYpRilGKUY
rRitGK0YtVmtWa1ZpVmlGKUYpRetGKUYpRilGKUYpRmlGKUYpRilGKUYpRilGJ0X
nNec15zXnNec15zWnNeU15TXlNeU15SXnNeU15SWlJaUlpSWlJaUlpSWlJaUlpyW
lJaUloyWjJaMloxWhBWEFYRUhFWMVoRWhFaEVoRVhFV8VHwTfBOEFIRVhFWEFYQV
fBV8FXQVa9Jr02vUc9N0FHQUdBR0FHQUdBN0E2uSa5FjkWuSa9Jr02vUa9Nr02PT
Y9JjkVtRUxFbUWOSY5Njk2NTWxJbUmNSWxFTEEqOSo5CjkLOSs9Kz0rPSs9K0ErQ
g9OD04QThBOEE3vTc5J70nvShBOEE4wTjBSMFIxUjFWEFHwUg9OD04wUlBSUVJRU
lFSUVZRVlFSUVIwUhBOEFIwVlFaUVZSVnJWclZSVlJWMVYxUjFSMVJyVnJWclpyW
nJaclpyWnJaUVZRVlJWclZyVnNac1pzWpNak1qTWpNak16TXpNek16TXpNec15zX
nNaclpzXpRelF6UXrRetGK0YpNek1qTXpNek160YrRitWK1YrVmtGK0YrRilF6UY
pRek160YrVitWK1YrVi1WK1YpRelF6UXpRelF61YrVi1WLVZtVm1WbVZtVm1WbUZ
rVitF7VYtVm1WbVZtVm1WbVatVqtWa1ZrRmtWLVZtVm1WbWZvZq1mbWavZq9m72b
vZq1mbWZtVm1WbVZtZq1mr2bvZq9mr2avZq9mr2atVqtWbVZtVm1WbVZtVm1WbWa
tZq9mr2atZmtWa1ZrVm1WbVZtVm1WbVZtVq1WrVarVq1WbVZrVmtGK1YrVitWK1Z
tVm1mbVZrVmtWKUYpRitWK0YrRitGK0ZrVmtWKUYpRilF6UXpRilGKUYpRilWKUY
pRilGKUZpRmk2aUZpRik2JzXnNec150XnNec15zXnNec15TXlNeU1pzXlNeU1pSW
lJaUlpSWlJaUl5SXlJeUl5SWjJaMloyWjJaEVoQVhFWEVYxVjFWMVYxWhFWEVYRV
fFRz03wUfBSEVYRVhFSEVXxVfBRz03PSc9Nz03PTdBR0FHQUdBR0E3QTc9Jrk2NS
Y1JrkmuSa9Nr02vTa9Nj02OSW1JbEVsRWxFjkmuSY5JjkltRW1JbUVsRUxBKjkqO
So5Kj0qPStBKz0rPSs9Kz4PThBOEE4QTjBSD03vTe9N704QUhBOME4xUjFSMFIwV
hBR71HvTe9OMFIxUjFSMVZRVlFWUVZRVjFWMVYQVhBSMVZRVlFWUlZSVlJWUlZSV
lFWMVIxUjFSUlZSVnJWclZyVnJac1pSWlJWUlZSVnJac1pzWnNac1pzWpNek16TX
pNek16TXpNec15zXnNaclpyWnJac16TXpRelF60YrRitGKTYpNek16TXpNelF60X
rRetGK1YrVitWK1YpRitF6UXpNelGK1YrVitWK1YrVmtWKUXpRelF6UXpRetWK1Y
tVi1WLWZtVm1Wa1ZtVm1WbVZrRi1WbVZtVm1WbVZtVm1mrWarVmtWa1ZrVm1WbVZ
tZm1mbWZvZq9mr2avZu9mrWatZm1mbVZtVm1WbWatZq1mrWavZq9mr2bvZq9mrVa
tVq1WrVatVq1WrVatVq1WrWavZq9mrWZrVm1WbVZtVm1WbVZtVm1WbVatVq1WrVZ
tVm1Wa0ZrRitWa1ZrVmtWbVarVqtWq0ZrRmlGKUYrRitGK0YrRitGa1ZrVmlGKUY
pRilF6UYpRelGKUYpRilGKUYpRilGKUYpRilGJ0YnRic15zYnNic2JzYnNicmJzX
nNec15zXlNeU15TXlNeUlpSWlJeU15SXlJeUmJSXjJeMl4yXjJeMloyWhFaEVYQV
hFWEVoRWhFaEVoQWhFaEVXwUdBR8FHwUhFWEVYQVhBV8FXwVc9RrknPTc9Nz03PT
c9N0E3QTdBNz03PTa5NjUmNSY1Jrk2vTc9Nr02vTa9NjkltSWxFbEVsRY1Jjk1uT
W5NbUltSU1FTEVMQQo5CjkqOQs5Kz0qPSs9Kz0rPSs+EEoQShBOEE4wUg9N7k3uT
e9OEE4wTjBOME4wUjFSEVIQTe9N704QThBSMFIxUjFWUVZRVjFWMVYxVjFSMFIQT
jBSUVJRVlJWUlZSWlJaUlpRVjFSMVIxUlJWclZyVnJWclZzWnNeclpSWlJaUlZyW
nNac1pzXnNec15zXpNek16TXpNek16TXpNec15zXnNac1pyVnNalF6UXpRelF61Y
rRik15zXnNek16TXrRetGK0YrRitGK0YrRitGKUYrRilGKUXpRetGK0YrRitGK1Y
rVilF6UXpRelF6UXrVitWLVYtVm9WbVZtVm1WbVZtVitGK0YtVm1WbVZtVm1WbVZ
tZm1ma1ZrVmtWa1ZtVm1WbVZtVm1mr2avZq9mr2avZq1mrVatVqtWa1ZtVm1mbWa
vZq1mr2avZq9mr2bvZq1WbVZtVm1WbVZtVm1WbVZtZm9mr2avZq1ma1ZtVm1WbVZ
tVm1WbVZtVq1WrVatVq1WrVZrVmtGa0ZrVmtWa1ZrVmtWa1arVmtGa0ZpRilGK0Y
rRitGK0YtVitWKVZrRmlGKUYpRilGKUYpRilGKUYpRilGKUYpRilGKUYpNilGJ0Y
nNeU15zXnNec15zXnNec15zXnNeU15TWlNeU15SWlJaMl5SWlJeUl5SXlJeUl5SX
lJeMl4xXjFaMVoxVhFSEVIRUjFWMVYxWjFaEVoRVhFV8E3QTfBR8FIRVhFV8VHxU
fBR8FHQUa9Nr03PUc9N703vTfBN8E3vTc9Nz02uSY1JjUmOSa5Nr02vTa5Nr0mPS
Y5JjUWNRWxBbEWOSY5Njk1uSW1JbUlNRU1FTEErOQo5KjkqOSs9Kz0rPSs9Kz0rP
g9OEE4QUhBSEFHvTc9Jz03vThBOMFIxTjFOMVIxUjFSEE4QTg9OEE4wUjBSMVJRV
lFWUVZRVlFWMVYxUjBOEE4xUlJWUlZSVlJaUlZSWlJaMVYxUjBSMVJSVlJWUlZyW
nJaclpyWnJaMVYxVlJWUlpSWnJac1pzWnNak1qTWpNek16TXpNik16TXpJek15zX
nNec1pzWpRelF6UXrRetGK0YpNek16TXpNetF60YrRetF7UXrRitGK0YpRitGK0Y
pRik160XrRitGLUYtVi1WK1YpNelGKUYpRitGK1YrVi1WLVYtVm1WbVZtVm1WK1Y
rVitV61YtZm1mbWZtVm1WrWatZqtWa0ZrRitWbVZtVm1WbWZtZq1mrWavZq9mrWa
tZq1WrVarVmtGbVZvZm9mb2avZq9mrWatZq9mrWZtVm1WbVZtVm1WrVatZm1WbWZ
vZq9mr2atVm1WbVZtVm1mbVZtVm1WrVatVq1WrVatVq1Wa1ZrRmlGa1ZrVmtWa1Z
rVqtWa1ZrVitWKUYpRitGK0YrRitGK1ZrVmtWaVZpRik2KTYrRilGKUYpVilGaUZ
pNmlGaUZpRilGKUXnRedF5zWnNec15zXnNac15zYnJeU15TXlNeU15TXlNeMlpSW
lJeUl5SXlJeMl4yXjJeMl4yXjJeMloyWjFWEVYQUhBSEVIxVjFWMVoxVhFaEVYRV
fBN8E3wTfBSEVXwVfBV8FHQUfBRz02vTa9N0E3PTc9Rz1HQUdBR0FGvTc9NrkmNR
Y1Jrk2uTa9Nr02vTa9Nrk2OSW1FbUVtRW1FjkmOSY5JjkluRW1FbUVNRSxBCzkqO
So9Kj0qPSo9Kz0rPSs9Kz4PTg9OEFIQUhBN71HOTc5N7k4PUg9OEE4xTjFSMVIxU
hBR8E3vTg9OMFIxVjFWMVYxVjFWMVYwUjFWEVYQVhBSEFJRVlFWUVZRVlJWUlZSV
jFWMVIQUjBSUlZSVnJaclpyWnJaclpyWlFWUVZRVnJaUlpyWnNac1pzWpNak1qTX
pNek16TXpNek16TXpJec15zXnNac16UYpRelF60YrRitGKTXpJek16TXrNetF60X
rRe1WK0YrVitGK0YpRelGKUYpNetGK0YrRitGK1YrVitWKUXpRelF6UXpRetWK1Y
tVi1WLVYtVm1Wa1ZrVitWK1YrVi1WLVZvVm1WbVZtVm9WrVZrVitWK1YrVi1WLVY
tVm9mb2avZq9mrWatZq1mrWatZq1WbVZtVm1Wb1avZq9mr2avVq1mrWavZu9mrVZ
tVm1WrVatVq1WrVZtVm1mrWatZq9m7WatVm1WbVZtVm1WbVZtVm1WbVZtZm1mbWZ
tVmtWa1ZrVitWK1YrVitWa1arVqtWq0ZrRilGKUYrRitGK0YrRitWa1ZrVmlWaUY
pRelGKUYpRilGKUYpRilGKUYpRilGaUYpRic2J0YnRec15zXnNec15yXnNec15zX
nNecl5TXlNeU15TWlJaUlpSXlJaMloyXjJeMl4yWjJaMloyWjJaMlYxVjFWEVYQV
hFWEVYRWhFWEVYRVhBSEVHQTdBN8E3wThFSEVIRUfFR8FHwUc9NzknPTc9Nz03PU
dBR0FGwUdBRz03PTa5JrUWNRa5Jrk2vTa9Nr02OTY5NjkltSW1FbUGNRa5FrkmuS
Y5JjkVtRW1FbEFMPSo5KjkqOSo9Kj0qPSo9Kz0rPSs+D04PThBOEE4QTfBNz0nOS
c9KEE4QTjBOMFIwUjBSMFIQTg9J70oQTjBOMVIxUjFSMVIxUjFWMFYwVjBWMFIQT
jBSUVJRVnJWUlZSVlJaUlpSVjFSMFIwUlJWclpyWnJaclpyWnNaclpRVlFaUVpSW
nJac1pzWnNak1qTWpNak16TXpNek16TXpNek16SXnNec1pyWpNetGKUYpRelF60Y
rRilF6TXpNek16TYpRitF61YrRitGK0YrRitGKUXpRelF6UXrRetGK0YrRitWK1Y
rVmlF6UXpRelF6UXrVitWK1ZtVm1WbVZtVm1WbVZrVitGK0YtRi1WbVZtVm1WbVZ
tZm1Wa1YrVitWK1YtVm1Wb1ZvVm9mb2ZvZq9mr2atZq1mrWatVq1WbVZtVm1Wb2a
tVm1mrWatZq9mr2avZq1WbVZtVq1WrVatVq1WbVatVq1mr2bvZq1WbVZrVm1WbVZ
tVm1WbVZtVm1WbVZtVmtWbVZtVmtWa1ZrVmtWa0ZrVmtWbVZtVmtWa0YpRilGK0Y
rRitGK0YrRmtWa0ZpRmlGJzXpRelGKUYpRilGKUYpRilGKUYpRilF6UYpRilGJ0X
nNec15zXnNec15zXnJec15zXnNec15zXnNec15SWlJaUlpSWlJaUlpSWlJeUlpSW
jJaMloyWhJaMVoRVhBWEFYwVhFaEVoRVhFWEVYRVhFV8FHwUfBSEFYRVhBWEFXwU
fBR8FHPTa9Jz03PTc9Nz03PUdBR0FHQUa9Nr0muSY1FbUWOSa9Jr02vSa9Nr0muT
Y5JbUVNRU1BbUWOSY5JjkltSW1FbUVsQWxFS0EKPQo9Kj0LPQo9K0ErQSs9Kz0rP
g9KEEoQThBOEFHwTc5JzknvSg9OMFIwUjBOME4wUjFSEFHvTe9N8E4wUjBSMVJRV
jFWMVYxVjFWMVIxUjBOEE4wUlFWUVZRWlFaUlpSWlJaMlYxVjBSMFZyWnJaclpyW
nJaclpyWnJaUlZRVlFWUlpyWnJaclZzWnNak1qTWpNek16TXpNek16TXpNeclpzX
nNac15zWpNetF60XrRetWK0YpRik2KTYpNes16UYrRetF60YrRitWK1YrVitGK0Y
pRik160XrRitF60XrRitWK1YpRilGKUXpRelF61XtVi1WLVZtVm1Wb1ZtVmtGa1Z
rRmlGK1ZtVm1WbVZtVm1WbWZtVmtWK1ZrVitWLWZtZm1mbVZtZm1mr2avZq9mrWa
tZq1mrVZtVm1WbVZvZq9mr2avZq9mrWavZq9mr2atZm1WbVZtVm1WbVZtVm1WrVa
tZu9mrWatZmtWa1ZrVm1WbVZtVm1WbVZtVm1Wq1atVq1WrUZrRitGK1ZrVmtWK1Z
tVm1Wa1ZrRmtGKUYpRitGK0YrRitGa0ZrVmtGKUZpRic2KTYpNilGKUYpRilGKUY
pRilGKUYpRilGJ0XpRic2JzYnNic15zXnNec15zXnNec15TXnNec15TXlNeUlpSW
lJaUlpSXlJeUl5SXlJaUloyWjJaMlYxWjFaMVYQUhBWEVYRWjFaEVoRVhFWEVYRV
fBR8FHwUfBV8VXxVfFV8FXwVdBVz1GuTc9Nz03PTdBNz03vTfBN8E3PTa9JrkluR
Y5FrkmvTa9Nr02uTa9Njk2NSY1JbUltRW1FjkmOSW1JbUltRW1FbEVsRUpBCjkqP
So9Kj0qQUo9Sj1KPUo9Sj4QThBOEE4QThBR703uSe5J7kovThBOMU4xTjFOMU4xU
hBR71HvUg9SMVIxUjFSUVIxUjFSMVYxVhFWMFIQThBOMFJRVlJWUVZRVnJWUlpSV
lJWMVYwUjFSUlZyVnJaclZyWnJaclpSWlJaMVZRVlJWclZyWnJak1qTXpNek1qTX
pNek16TXpNek16TXnNeclpzVnNWlFq0XrRetF60YrRitGKTXpNek16TXpRelF60X
rRetGK0YrRitWK1YrRetGKUXpNelGK0YrRitGK0YrVitWaUYpRik2KTXpRetV61Y
tVm1WbWZtVm1WbVZtRmtWK0YpRetWLVYtVi1WbVZtVq1WrVarVmtWa1ZrVm1WbWZ
tZm1mbWZtZq9mr2avZq1mrWatZm1WbVZtVi1WbWatZq9mr2avZm9mr2avZq9mrVZ
tVm1WbVZtZm1mbWZtVm1mrWatZq1mrVarVmtWbVatZm1WbVZtVm9WbVZtZm1ma1a
tVmtWa0YrRm1Wa1ZrVmtWbVZtVmtGa0ZrRilGK0YrRitGK1YrVitWa1ZrVmtGKUY
pNik2KUYpRilGKUYpRilGKUYpRic2KUYpRilGKUYpNic15zXnNec15zXnNeU15zX
lNeU15SXlNeU15TWjNaMloyXjJaMloyWlJaUlpSWjJaMloyWjJaMloRVhFWEFIQU
hFWMVoxWjFaEFoRWhFWEVXwUdBR8FHwUfBV8VXwUfBR8FHwUc9NrknPTc9Nz03PT
dBN0E3PTdBNr02vTY5NbUluSY5Nr02vTa9Nj02PTY5NbUlNRU1FTEVtRY5JjkmOS
Y5JbUltRUxFbEFLPSo5KjUrOSo5Kz1LQSo9KkEqQSs+EEoQShBOMFIQUe9N70nuS
e9KD04QThBOEE4QUjFSEVYQUe9R71HvUjBSMVIxUjFSMVYxVjFaMVYQVjFWMFIQT
jFSUlZRVlFWUVZSVlJaUVpRVjFSMFIxUlJWclZyVnJWclZyVnJaclpRVlFaUVpRW
lJaclpyWnNac16TXpNek16TXpNek16TXpNek16TXnNec1pzWpNetF6UXrRelF61Y
rRik2KTXpNek16UXrRetF60XrRitWK1YrVitWK0YrRek16TXpRetF61XrVitWK1Y
rRilF6UXpRelF6UXrRitWK1YtVm1WbVZtVm1WbVZrVitGK0YtVi1WLVZtVm1WbVa
tZq1Wa1ZrVitWK1ZrVm1Wr1avZm9mr2avZq9mrWatZq1mrVatVm1Wa1ZtVm1mrWa
tZq1mrWZtZm1mr2avZq1WrVZtVm1WbVZtVm1WbVZtVm1mr2btZq1mq1arVmtWbVZ
tVm1Wb1ZtVq1WrVatVqtWa1ZrVmtGa1ZrRmtWa1ZrVmtWa1ZrVmtWa0ZpRilGK0Y
rRitGK0YrVmtWa1ZpRidF50XpRelGKUYpRilGKUYpRilGKUYpRilGJ0YnRic2JzY
nNec15zXnNec15zXnNeU15TXlNaU1pTWlNaU1oyWjJaMloyWjJaMl5SXlJeUl4yX
jJaMloyWjJaMVYRUhBSEFIRVhFaMVoRVhBWEVoRVhFV0FHQUfBSEFIQUhBSEFHwU
fBR0FHPTc5Nz03PTc9Nz03QUc9Rz1HPUa9Rrk2OSW1FbUmOTa9Nr02vTa9Nr02OT
Y5JbUltRWxFbUWOSW5JbkluSW5JTUVNRUxFKz0KNQo5CzkKOQs5Kz0rPSs9Cz0LP
hBOEE4QThBOEFHvTc9Nz0nPTg9KME4wUhBOEVIxUhBWEFXvUe9OEE4wUjFSUVJRU
lFSMVYxVjFWMVIwVjBSD04wUjFWUVZRVlFWUlpSWlJaMVYwVjBSMFJSVlJaclpyW
nJWclZyWnJWUVZRVlFWUVZSWnJaclqTWpNek16TXpNek16TXpNek16TXnNec15yW
nJaclqTXrRetF60XrRetF60YpNek16TXpNek160XrRetV61XtVitWK1YrVitF60Y
pNak1q0YrVitGK0YrRilGK0YpRek16TYpRelF60YrVi1WLVZtZm1WbVZtVm1Wa1Y
rRitGLVYtVm9WbVZtVm1WbWZtVmtWa1ZrVm1WbVZtVm1WbVZtZm9mb2avZq9mrWa
tZq1mrVatVmtGa1ZtVq1mr2bvZq9WrVatZq9mr2atZm1WbVZvVm1WbVZtVm1WbVZ
tZq1mrWatVqtWa1ZtVm1mbVZtVm1WbVZtVq1WrVatVq1Wa0YrRitGK1ZrVmtWa1Z
rVqtWaVZrRmtGKUYpRitGK0YpRitGa1ZrVmtWKUYpRilF6UYpRilGKUYpRilGKUX
pVilGKUYpRic2ZzYnNic15zXnNec15zXnNec15yXnNec15TWlNaU1pTWlJaUlpSW
lJaUlpSWlNeUl5SXlJeUl4yXjFaMloyWhJWEVYQVhBWEVYRWhFaEVnwVhFWEVIRU
e9N703vUfBSEFYRUhFR8FHwUfBRz03PSdBNz03PTdBN0E3QTc9Nz1GvUY9Njk1uS
W5JjkmvTa9Nr02vTY9JjkmNRW1FbUFsQY1FjkmOTW1JTkVORU1FTUFsQSs9KjkKO
So5CjkKOSs9Kz0rPSs9Kz4PShBOEE4QThBN70nuSe5J70oQThBOEE4wTjBSMVIRU
fBNz03vTg9OMFIwUjFSMVIxUjFWMlYxVhFWEFIQUhBOMU5RUlJSUlJSUlJWUlpSV
jFWMFIwUjFSUlZSVnJaclpyWnJaclpyWlFWUVZRVnJWclpyWnNac1qTWpNak1qTW
pNek16TXpNek16TXnNec15yWnJak16TXpRetF60XrVetF6TXnNek16TXpRelF60X
tRitGK0YrRitGK0YrRilGKTYpNetGLVYrRitGK0YrRitGKUYpRelF6UXpRetWLVY
tVi1WbVZtZm1WbVZrVmtGa0YrRi1WbVYtVm1WbVZtVq1WrVZrVitWK1YrVi1WLVZ
tVq1mrWatZm1mrWatZm1mrWatVq1WrVatVm1WbVatZq9mrWatZq1mrWavZu9mrVa
tVq1WbVZtVm1WbVZtVm1WbWavZq1mrVZtVmtWbVZtVm1WbVZtVm1WbVZtVm1WrVa
tVmtGK0YrRitWa1ZrVmtWa1arVqtWa1ZpRilGKUYrRitGK0YrRitWa1ZrRmlGKUY
nNek2KUYpRilGKUYpRilGKUYpRilGKTYpRilGJ0XnNec15zXnNec15zXnNecl5zX
lNeU15TXlNeU14zXjJaMlpSWlJaUlpSWlJaUloyWjJaMloyWjJaMloRVhFSEFIQU
hFSMVYxWhFaEFoRVhFWEVXwTfBR8FHwUfFV8VHwUfBR8FHwUc9Nz02vTa9N0E3QT
dBR0FGwTbBRr02OTY5JjUmNSY5Nr02vTa9Nr02PTY5NbkltRU1FTUFuRW5JjkluS
Y1JbUVtRW1FbEEqOQo1CjkqOSo9Kj0qPSs9Kz0rPSo6D04PTjBSEFIQTe9NzknOS
e9KD0oQTjBOME4wUjBSMFIQTfBN704PTjBSMFIwVjFSMVJRVjFWMVYwVhBSEFIQU
hBSMVZRUlJWUlZSVlJaUlpRVjBSMFIwUlJWUlpyWnJaclpyWnJaclpSVlJWUlZSV
nJWclpyWnNac1pzXpNek16TXpNek16TXpNek16TWnNeclpyWnNak16UXpRetGK0Y
rRik16TXpNek16TXpRitGK0YrRitGK0YrRitGKUYpRik2KTXrRetGK0YrRitWK1Y
pRik16TXpNelF6UXrVitWLVYtVm1WLVZtVm1Wa0ZrRmtGK0YtVm1WbVZtVm1WbVZ
tVm1Wa1YrVitWK1YtVm1WbVZtVm1mb2avZq9m7WatZq1mrWatVm1WbVZtVm9mrWa
tZq9mr2avZq9mr2atZq1WrVatVm1WrVZtVm1WbVZtVm9mr2avZq1WbVZrVm1WbVY
tVm1WbVZtVm1WbVZtVmtWa0ZrRmtGK0YrVitWa1ZrVmtWq1ZrVmtWK0YpRilGK0Y
rRitGK0YrVmlGaUZpRmc2KTYpNilGKUYpRilGKUYpRilGKUYpRmlGaUYpRic2JzX
nNec15zXnNac1pTWlJeU15TXlNeU15TXlNiU15SWlJaUlpSWlJaUloyWjJaMloyW
jJaEloyWjJaMVYRUhBSEFIRUhFWEVYRWhBWEVYRVfBR71HPUdBR8FXwVfBV8FXwV
dBRz1GvTa9Nr03PTc9Nz03QTbBNsFGwUbBNjkmOSW1FjkmOTa9Nr02vTa9Nr02uS
Y1FjUVtRUxBbkVuSY5JbUVtRW1BbUFtQWxBKjkJOQo9Kj0qPSs9Kj0qPQo9Cz0LP
hBOEE4QThBSEFIQTe9JzknuSg9OME4wTjBSMFIwUjBSD1HvTe9OD04wTjBSMVIxU
jFSMVYxVjFWMVYwUhBSEE4wUjFSUlZSVjJWU1ZSWjJaMVYxUjBSMVJyVnJWclZyV
nJaclpyWnJaUVpRWlFaUVpSWnNaclpzWpNak1qTXpNek16TXpNek16TXpNek15zX
nJaclqTWrNetF60XrRitWKUYpRic16TXpNek16UXrRetWK0YrRitGK0YrRitF60X
pRelFq0XrRitGK0YrRitGK0YpRelF6UXpRelF60YtVi1WLVZtVm1WbVZtVm1Ga0Y
rRitGLVZvVm1WbVZtVm1WbWZtVmtWK1YrRitWLVZtVm1WbVZtVm9mr2ZvZq1mrWa
tZq1mrVatVm1WLVZtZq1mr2atZq1mbWZtVq9mrWatVq1WbVZtVq1WrVZrVm1WbWZ
vZq9mrVatVmtWa1ZtVm1WbVZtZm1WbVZtVq1WrVatVq1Ga1ZrRitGa1ZrVmtWa1Z
tVq1Wa1ZrRilGKUYpRilWaUYrRitGK0YrVmtGKUYpRik2KTYpRilGKUYpRmlWK0Y
pRilGKUYpRidGJ0XnNic15yXlNeU15TXlNeUl5TXlNeU15TXlNeU1pzXlJeMloyW
lJaUlpTXlJaMloyWjJaMloyWhJaMVoxWjFaEVYQVhFWEVYRWhFaEVoRWfFV8VXwV
c9Rz03wUfFSEVHxUfBR8FHwUdBRr02vSc9Nz03PUc9Rz1GvUc9Rr02vTY5JjUltR
Y1Frk2uTa9Nr02uTY5NjkltRW1FbUVtQY5FjkmOSW1JbUltRW1FTUFMQQo5Cj0qP
Qo5Kz0rPSs9Kj0qPSo9Kj4PTg9OEE4QUhBR703OSc5Jzk4PUg9SEE4wUjBWEFYwV
hBR703vTg9OMFIxUlFSMVIxUjFSMVIRUjFSEU4QUhBSMFJRVjFSUVZRVlJaUlpSV
jFWMVYxUjFSUlZSVlJWclZyWnJaclpyWlFaUVpRWlFaclpyWnJaclpzWnNak1qTW
pNak16TXpNek16TXnNec15zWlJak16TXpNek16UXrRitGKTXpNek16UXpRetGK0X
rRetV61YrVitWK1YrRitGKUXpNatF60XtRi1GK0YrRitF6UXpRelF6UXpRetWK1Y
rVi1WLVZtVm1WbVZtRmtGK0YrRitGbVZtVm1WbVZtVm1mbVZrRitWK0YrVi1WbVZ
tVm1WbVZtZm1mbWZtZm1mbWatZq1WbVZtVm1Wb2avZq1mrWZvZm1mbWZtZq1mrVa
tVq1WrVatVq1WrVatVm1mrWatZq1mq2ZrVmtWbVZtVm1WbVZtVm1WbVatVq1Wq1a
rVmtGa0YrRitGK0ZrVmtWa1ZrVqtWa0ZpRilGKUYpVitGK0YrRitWK1ZrRmlGJzY
nNik2KTYpNilGKUYpRilGKUYpRilGJ0YnRidGJzYlNiU15zYnNic15TXlNeU15TX
lNeU1pTXlJeU14yWjJaMloyWjJaMloyWjJaMloyWjJaMVoyWjJaMlYxVhFSEFIQU
hBSEVYRVhFWEVYRVhFV8FHPTdBN0E3wUfFR8VHwUfBR8FHQUa9Nr02vTa9Nz03PT
c9Rz1HPUc9Rzk2OSW5JTUVuSa5Nr02vTa5Nrk2OTY1NbElsSUxFTEVtSY5JbkmOS
W1FTUVNRSxBLEEKOSo5KjkqOSo5Kz0rPSs9K0EqPSpCD04PTg9OEE4QUe9NzknOT
e9OD1IQTjBOMFIwUjBSMFIQTe9N704PTjBSMFIwUjFSMVYxVjFWMFYxVjBSEE4PT
jBOUVZRVlFWUVZSVlJWUlYxVjFWMFIwUlFWUlZSVnJWclpyWnJacVpRWlFWUVZyW
nJaclZzVnNac1pzWnNak1qTXpNek16TXpNekl5zWnNec1pyWpNek16TXpRelF60Y
pRek16TXpNelF60XrRetF60XtVitWK1YrVitGK0YrNek16TWrRetF60XrRitGK0Y
pRilGKUXpNelF6UXrVitWLVYtVm1WbVZtVm1WbVZrVitGK0YtVm1WbVZtVm1WbVa
tZq1Wa0ZrRitGK1YtVm1WbVZtVm1mb2ZtZm1mbWZtZq1mbVZrVm1WK0YtVm1mrWa
tZq1mrWatZq1mrWatZq1WbVZtVm1mbVZtVm1WbVZtZm1mbWatZq1Wa1ZrVm1WbVZ
tVm1WbVZtVq1WrVZtVm1WbUZrRmtGa0ZrRmtGa0ZrVmtWa1ZrVmtWaUYpRilGKUY
pRilGK0YrRitWaUYpRilGKUYpRilGKUYpRilGKUYpRik2KUYpRilGKUYnNic2JzY
nNic2JzYnJec15TXlNeU15TXjNaU1pTXlNeUl4yWjJeMl4yXjNeMl4yXjJeMl4yW
jJaMloyWjFaMVYQUhBR8FYQVhFaEVoRWhFWEFYQVfBRz03wUdBR8VHxVfFV8FHwU
fBR8FHOSc5Jzk3PTc9Nz03PTc9Rz1HPUa5NjkmNSW1FjUmuTa5Nr02vTa9Njk2NS
W1FTEVMRUxFbUluSW5JbUltRU1BbUVtRUxBCjkqOSo5KzkrOSs9K0ErQStBK0ErQ
g9KD04QThBR8FHvTe9NzknuSg9OME4wTjBOMFIwUjBSD03vTg9OD04wUjBSMFIxV
jFWMVYxVlFWMVYxUhBSEE4xUlFWUVZRVlFWUlZSVlFWMVYwVjBWMFZRVnJaclpyW
nJaclpyWnFaUVZRVlFWcVpyWnJaclaTWnNak1qTWpNak16TXpNek16TXpNec1pzW
nJaclqTXrNilF6UXrRetF6TYpNik16TXpNek16zYrRitGK1YrVitWK1YrVilGKTY
pNek16zYrRitGK0YrRitGK0YpRelF6UXpRelF61YtVi1WLVYtVi1WbVZtVmtGK0Y
rRitGLUZtVm1WbVZtVm1WbWatVmtGa0YrRitWbVZtVm1WbVZtVm1mrWatZq1mrWa
tZm1Wa1ZrVmtWbVZvZq9mr2avZq9mrWatZq9mrWatVm1WbVZtVm1WbVatVm1WbVa
tZq1m7WatVmtGa1ZtVm1WbVZtZq1WbVZtVm1mbVZtVmtWa1YrRmtGa0ZrRmtGbVa
rVqtWq1ZrRmlGKUYpRilGKUYpRitGK1YrVitGKUYpRilF6UXpRelF6UYpRilGKUZ
pRilGKUYpRilGJ0YnRic15yXnNec15zXnNec1pTXlNeU15TXlJeUl5SXjJeMloyW
jJaMloyWjJeMloyWjJaMloyWjJaMloxVjFWEFIQUhBWEFYRVhFWEVYRVhFWEFXwU
c9Nz1HQUfBR8FHwUfBR8FHwUfBNrkmuSc9Nz03PTc9Nz1HQUa9Rr02vTY5JjUmMS
a1Jjk2uUa5Nrk2uTa5NjUlsRWxFTEVNRY1JjkltSW1JbUlNSUxFTEVMQQk5KjkqN
Ss5KjkqOSs9Kz1LPSo9Kj4PThBOEE4QThBN8E3OSc5JzknvShBKEE4QThBOEFIQU
g9OD03vSg9OME4xUjFSMVYxVjFWMVYxVjFWMVYQUhBSMFJRVlFWUVJRVlFWUlZSV
jFSMFIQUjFSUlpSWlJWUlpyWnJWclpyWlFWUVZRVlFWUlZyWnJac1pzWnNak1qTW
pNak1qTXpNek16SXnNec1pSWnJak16UXpRelF6UXrRis2KTXpNek16TXpNelF60X
rRetGK0YrRitGK0YpRik2KTXnNetF60XrRetF61YrVitGKUXpRelF6UXpNetGLVY
tVi1WLVZtVm1WbVZtVmtWK0YrRe1WL1ZtVm1WbVZtVm1WrVZrRitWK1YrVi1WbVZ
tVq1WrWatZq1mrWatZq1mrWatVq1WbUZtVm1Wb2avZm9mr2avZq1mr2avZq1mrVZ
tVm1WbVZtVm1WbVZvVm9Wr2avZq1mq1ZrVmtWbVZtVm1WbVZtVm1WrVatVq1WrVa
tVmtWa0YrRmtWa0ZrVmtWrVarVqtWa0ZpRilF6UYpRilGKUYpRmlWa0ZpRmk2KTY
pNek2KTYrRilGKUYpRilGaUYpRidGKUYnRidGJ0YnNeU15zXnNec15zXnNeU15TW
lNaU1pTWlJaUlpSWjJaMlpSWjJaMloyWjJaMloyWjJaMloyWjFaMVowVhBSEFHwU
hFWEVoRVhBWEVXxUfBR8FHPTc9N8FIQUhBR8FHwUfBR8FHvUa5JrknPTc9Nz03PT
c9Nz1GvUa9Nr02uSY1FjUWOSY5Nr02vTa5Nrk2uTY1JjUlsSWxFTEWOSY5JbkluS
W5JTUlNSUxFS0EJOSo9KjkqPSo5Kz0qPSs9Kj0qPQo970oQShBKEE4QTg9Nz0nuS
e5KD0oQSjBOME4wTjBOEFHvTe9N704QThBSMU4xTlFSMVIxVjFWMVIxUjBSEE4PT
hBSMVZRVlFWUVpRWlFaUVoxVhBWMFIxUlJWUlZSVlJWUlpTWlJaUlYxVjFWUVZSV
lJaclpyWnNak1qTWpNak1qTXpNek16TXpNak1pzWnNac1pyVpNalF6UXpRelF60Y
pRik16TXpNek16UXrRitGK0YrRitGa0YrRitGK0YrRik16TXrRitGK0YrRitGK0Y
rRelF6TXpNelF6UXrRetWK1YtVi1WLVZtVm1WbVZrRilGK0XtVi9mbVZtVm1WbVZ
tVq1Wa1YrVitWK1YtVm1WbVZtZm1mbWZtZq1mrWatZq1WrVatVm1WbVZtVm1mrWa
tZq1mrWatZq1mrWbtZq1WrVZtVm1WbVZtVm1WbVZtVm1mrWatZq1Wa1ZrVm1WbVZ
tVm1WbVatVq1mrVatVq1WbUZrRmtGK0ZrVmtWa1ZrVm1Wq1ZrVmtGKUXpRetGKUY
pRilGaUYrRmlGKUYpRilGKUYpRik2KTYpRilGKUYpRmlGKUYpRilGKUYnRec15zX
lNec15zXnNeU15TXlNeU15TXlNeU15SWlJaMloyWjJaMloyWjJaMloyWjJeMVoyX
jFaMVoRWhFWEFXwUfBR8FIRUhFWEVYRVhFWEVHxUfBRz03vTe9R8FHwUfBR8FHwU
fBR702uSa5Jrk3PTc9Nz1HPUc9Rr1GvTY5NrkmNRY1FrUWuTa5Nrk2uTa5Jrk2NS
WxJbEVLQWxFjUWOSY1JjUlsSWxJbElMRUxFCjkKOQo5CjkJOSo9Kj0rPQs9Cz0LO
g9OEFIQUhBR8FHvTc5JzknuSg9KEEoQTjBOME4wUjBOEE3vSe9KEEowTjFSMVIxU
jFSMVYxVjFSMFIQUg9OD04wUlFWUVZRVlJWUlZSVlFaMVoQVhBSEVJSVlJWUlZSV
lJWclZyVlJWUVYxVlFWUlZyVnJWc1ZyWnNac1pzWnNek16TXpNek16TXpNac15zX
nJaclqTWpNetF6UXpRelF6UXnRec15zXpNek16UYrRitGK0YrRitGK0YrRitGKUY
pRek160YtRi1GLUXtRi1GK0XrRelF6TXpRelGK0YrVi1WLVYtVm1WbVZtRm1Wa0Z
pRitGLVZvVm1WbVZrVq1WbVZtVmtGK0YrRitWbVZtVm1WrVZtZm1mrWavZq1WrVa
tVq1Wq1arVmtWbVZvVq9mrWatZq1WrWatZq1m7VarVq1WbVZtVm1WbVZtVm1WbVa
tZq1mrWatVmtWa1ZrVm1WbVZtVq1WbVZtVm1WrVatVqtWa0ZrRitGK0YrRitGK1Z
rVmtWa1YrRilF6UYpRilGKUYrRmtWa0ZrRmk2KUYpNik16TXpNik2KUYpRilGKUY
pRilGKUYpRilGJzXnNec15TXnNec15zXnNec15zXlNaU1pTWlNeM15TXjJaMVoxW
jJaMloyWjJaMloyWjJaMloyWhFaMVYxVjFWEFIQUhBSEVIRVhFWEVYRVhFWEVHwU
c9Nz03wUfBR8FHwUfBR703vUc9NrkmvSa9Jz03QTdBRz02vUa9Nr02uTY5JjUltR
Y1JrkmvTa9Nr02vSY5JjUmNSWxFTEFtRY1JjUmNSY1JbUltRUxFTEUrQQo5CjkKO
So5KjkqPSo9Kz0rPSs9CzoPTg9OEE4QThBN703OSc5J70oQShBOEE4QThBOMFIQU
fBNz03vTg9OMFIwUjFSMVYxVjFWMVYxVjBSMFIvUg9SMFJRVlFWUVZRVlJWUlZSV
lFWMVYwUjBSUlZSWlJWUlZSWnJaclpSWjJWMVYxVlJaUlpyWnNaclpyWnJac1pzX
nNec15zXnNec1pzWnNac1pzWnJak16TXpNek16UXpRelF50XnNec16TXpNelF6UX
pRetGK0YrRmtGK0YrRik16UXpNetGLUYtRi1GLUYtRitGK0XpRek16UXpRitGK1Y
rVitWLWZtVm1WbUZtVmtGa0YrRe1WLWZtVm1WbVZtVm1WrVZtVitGK0YrVm1WbWZ
tVm1WbVZtZm1mrWatZm1mrWZtVm1Wa1ZrVm1WrWatZq1mrWatVm1Wb2avZq1mq1Z
tVm1WbVZtVm1WbVZtVm1mrWatZq1ma1ZrVmtWbVZtVm1WbVZtVm1WbVatVq1WrUZ
rVmtGa0YrRitGK0YrRitWa1ZrVitWaUYpRilF6UYpRilGKUYrRmtGaUYpRilGKUY
pRelGKUYpRilGKUYpRilGKUYpRilGKUYpRic2JzXlJeU15TXnNac15zXnNeU15TX
lNeU15SXlJeUl5SXlFaMloyWjJeMloyWjJaMVoyWjJaMloxWjFaMVoQVhBSEFHwU
hFSEVYRVhFWEVYRVhBV8FHPTc9R0FHwUfBV8FHwUfBR71HvTc5JzkmvTa9Nr02wT
dBRz02vTa9Nrk2OSW1FbUWOSY5Nrk2uTa5Nrk2uTY1FbEVsRUxBbEVtSW5JbUmNS
W1FTEVNRUxBLD0KOQo5KjkqPSo9Kj0qPSs9Kj0rPQo6D0oPSg9OEE3wTe9N7knuS
e5KD0oQThBOEFIwUjBSMFIPUe9N703vThBOMU4xUjFSMVIxUjFWMVYQUhBSEE4QT
jBOUVJRVlFWUVZRVlJaUlYxVjBSME4wUlFWUlZSVlJWUlZyWlNaUlpRVjFWUVZSW
lJaUlpzWnNac1pzWnNac16TXpNek16TXpNak1pzWnNaclpyWpNek2KTXpNelF6UY
pRec15zWnNak16TXpRelF60XrRitGK0YrRitGK0YrRelF6TXrRitGK0YrRitGK0Y
pRelF6UXpRek16UXrVitWbVYrVm1WbVZtVi1WK1YrVitGK0XtVi1WLVZtVm1WbVa
tVqtWa1ZrVitWK1YrVm1WbVZtVm1WbVZvVq9mrVZtVm1WbVZtVi1Wa0YrVm1mrWa
tZq1mrWatVq1WrWatVqtWbVZtVm1WbVZtVm1WbVZtVm1mrWatZqtWa1YrVi1WLVZ
tVm1WbVZtVm1WbVatVq1Ga1ZrRitGK0YrRitGK0YrVmtWa1ZrVitGKUYpRilGKUY
pVilGK1ZrRmtGa0YpRic15zXpNek2KTYpRilGKUYpRilGKUYpRilGKUYnReU15TX
lNec15zXnNec15TXlNeU15TWlJaUlpSWjJaMloyWjJaMloyWjJaMloyWjJaMloyW
jJaEVoRWhFaEVXwUfBSEFIQVhFWEVYRVhFSEVXxVfBRz1HPTe9R8FHwUfBR8FHwU
fBRz02uTa5Nrk3PTc9Nz03PTc9Nr02vTa9JjkmOSW1FjkmOSa5Jr02vTa5NjkltS
WxJTEVMRU1FbkluSW5JbUltRUxFTEFMRSs9KjkqOQo5CTkqQSpBSkEqPSo9Kj0KO
g9OD0oQShBSD1HvTc5N7knvTg9KEE4QTjBOME4wUhBR71HvTe9OD04wTjBOME4wU
jFSMVIxUhFSEVIQUhBSEE4QUlFWUVZRVlFWUVZRVlJWMVYxVjBSMFJSVnJWclZSV
lJWclpyWlJaMVYxVjJWUlpSWnJaclpzWnNac15zWpNek16TXpNek16TXnNac1pyW
nJaclqTXrNek16TXpRelGKUYnNec15zXpNek16UXpRetWK0YrRitGK0YrRitGK0Y
pNec160YrVitGK0YrRitGKTXpRek16TXpNek2K0YrVitWLVZtVm1WbVZtRmtWK0Y
rRetF7VYtVi1mbVZtVm1WbVZtVmtWK0YrRitWLVYtVi1WbVZtVq1WrVavZq9mrVZ
tVq1WrVZrVmtWK1ZtVm1mbWatZq1mrVZtVm1mrVZtVm1WbVZtVm1WbVZtVm1Wb1a
tZq1mrWZrVmtGa1ZrVmtWbVZtVm1WbVZtVm1WbVZtRmtGa0YrRitGK0YrRitWK1Z
rVmtWa0ZrRilGKUYrRitGK0YrRmtGK1YrRitGKUYpNek16TXpNek16UYpRilGKUY
pRilGKUYpRidGJzYnNeU15TXnNec15zWnNac15zXlNeUl5SXlJeMl4yXjJaMloyW
jJaMl4yXjJeMloyWjJaMVoxWjFeMVoRVhFV8FIQUhBSEFYRVhFWEVHxUhFSEFHvT
e9N703vUfBR8FHwUfBR0FHQUc9Rr02uTc9Nz03PTc9Nz03PTa9Nr02vSY5JbUVtR
Y5JjkmOSY9Nj02OSY5JbUlsRWxFS0VtRY5JbkluSW1FbUVNRUxFTEErPQo5CjkrO
Qo9Kj0qPSo9KkEqPSo9KjoPSg9KEE4QThBN70nPSc5J7koPTg9OD04wUjBSMFIwU
g9N70nvSg9KME4wUlFSMVIxUjFSMVIxUhFSME4QThBOMFJRVlFWUVZRVlFWUVZRV
jFWMFYQUjBSUVZyVlJWUlZSVnJaclpSWjFWMVZRVlFWUlZyWnJaclpzWnNek16TX
pNek1p0XnNec15zWnNac1pyWnJak16zXpNelF6UYrRilGKTXpNek16TXpRelF60X
rVetGK0XrRitGKUYrRilGKTXpNetGK0YrRitGK0YrRik16TXpNek16TXrRetWK1Y
tVm1WbVZtVm1WbVYrVitV6UXrRetWLVYtZm1mbVZtVm1WbVZrRitGK0YrVm1WbVZ
tVm1WbVZtVm1WbWatZq1WrVatVq1WbVZrVm1WbWatZq1mrVatVq1WrVatZq1Wa1Z
rVm1WbWZtVm1WbVZtVm9mrWatVm1Wa1ZrVmtWa1ZrVmtWa1ZrVmtWa1ZrVm1Wa0Z
rVitGK0YrRitGK0YrRitWK1ZrVmtWa0ZpRik16UYpRelGKUYpVitWKUYpRilGKTY
pNek16TXpNelGKTYpRilGKUYpRilGKUYnNic2JzXlNaU1pzXnNeU15SXlNeUl5TX
lNeU15TXlNeU1oyWjJaMloyWjJaMloyXjJaMloyWjJaMVYxWjFaEVoQVhBR8FIQU
hFWEVYRVhFWEVYQVfBRz1HPTc9N8FHwUfBR8FHwUc9R0FGvTY9Jr03PTa9Nr1GvT
a9Nr02vTa9Nr0mORY1FjUWuSa9Nrk2uTY5Nbk1uTU1JTElMRSxFTEVtSW1JbUlsS
UxFTEVMQUxBKz0KPQo9Cj0qPSpBKj0qPSo9KUEpQSo+D0oPTi9OEE4PTe9NzknOS
c5GD0oPThBOEFIxUjBWEFIQUe9J703vThBSMVIwUjFSMVIxUjFWMVIxUhBSEFIQU
hBSMVZRVlFWUVZRVlJWUVYxVjBSEE4wUlFWUlZSVlJWUlZSWnJaUVoxVjFWMlpRW
lJaclpyWnJec1pzWpNak16TXpNak16TXpNac1pzWnJaUlpyWpNalF6UXpRelF6UY
pRic15zXpNek16TXrRetF60XrRetF60YrRetGK0YpRek16TXrRitGK0YrRitGK0Y
pNelF6UWnNak16UXrRi1GbVYtVm1WLVZrVm1Wa1ZrRitF60XtVi1WLVYtVi1WLVZ
tVm1Wa0YrRitGK1ZtVi1WbVZtVm1WbWZtZm1mbWZtVq1WrVatRq1Wa1ZtVm1mbWa
tZq1mrWatVm1mrWatVq1Gq1ZtVm1WbVZtVm1WLVZvVq9mrWatVqtGa1ZrVmtWa1Z
rVmtWa1ZtVm1WbVZtVm1Wa1ZrRilGK0YrVitF60YtVm1Wa1ZrRmlGKTYpNilGKUY
pRilGKVZpRilGKUYnRic2JzYpNik2KTYpRilGKUYpRilGJ0YnRidGJ0XnNec15yW
nJec15zXnJeUl5SXlJeUl5SXlJeUl5SXlJeMVoyWjJaMloyWlJaMloyWjJaMloxW
jFaMVYRVhFV8FXwVfBR8FYRVhFWEFYQVfBV8FHwUc9Nz03PTdBR8FHwUfBR8FHPU
dBRr02vTa9Nr02vTc9Rr1GvUa9Rr1GvTY5JjUWNRW1FjkmuTa9Njk2OTW5NbU1tS
W1JTElMRWxJbUluSW1JbUlNRUxFTEVLQSo9CTkKOQs9Cj0qQSo9Kj0qQSpBKj0KP
hBKD04PThBOD04PTc5FzknuSe9OD04QThBOMVIxUjBOD04PTe5KD0oQTjBSMFIwU
jBSMFIxUjBSEVIQThBOEE4QTlFWUVZRVlFWUVZRVlFWMVYxVjBSMVJSVlJWUlZSV
lJWUlpSWlJaMVYxVlFWUVpRWnJaclpyWnNac1pzWnNec15zXnNec15yXnNec15yX
nJaclqTWpRelF6UXpRilGKUYnNec16TYpNek16TXrRetGK0YrRmtGK0YrRitGKzY
pNek160XrRitGK0YrVitGKTXrRek16TXpNek2K0YrRi1WbVYtVm1WbVZtVqtWa0Y
rRitGLVZtVm1WbVZtVm1WbWZrVmtGK0YrRitGLVZtVm9mb1ZtZm1mbWZtZq1mrVa
tVq1WrUZtVi1WLVZtZq1WrVatVq1WrVatVq1WrVarVqtWrVZtVm1WbVZtVm1WbWZ
tZq1mrVZrVmtGa1ZrVmtWa1ZtVm1WbVZtVm1WbVZtVitWK0YrRitGK0YrRitGK1Z
rVmtWa1ZpRik2KTYpNik2KUYpRitGK0YpRilGKTYnNic2KTYnNelF6UXnRedGJ0Y
pRilGKTYnNic15zXnNeU15zXnNec15yXnJeUl5SXlJeUloyXlJeUl5SXlFaMVoxW
jJaMloyWjJaMloyWjJaMVoxWhFWEVoRVhBV8FHwUfBWEVYRVhFWEVIQUfBR8FHPT
c9Nz03QUfBR8FHwUfBR0FHQTa9Nr02uTa9Nr1GvUa5Rr1GvUa9Nr02OSW5FbUVNR
W5JjkmOSY5Njk2OTW5NjUlsRWxFTEVtRW5JbkltSU1JTEVMRUxFTEEqPQo5CjkqP
So5KjkpPSo9Cj0qPSo9CToPSg9KD04PTg9N703OSc5Fz0nvShBOEE4RTjBOMFIQT
hBN70nvSg9OME4wTjBOME4xUjFWMVYwUjBSD1IQTg9OMFIxUjFWUVZRVlFWUlZRV
jFSMFIQUhBSUVpSWlJaUlZSVlJac1pSWjFWMVYxWjFaUVpyWnJaclpyWnNac15zW
nNek15zXpNek15zWnNac1pyWnJak16UXpRelF6UYpRilGJzXnNek16UWpNetF60Y
rRitGK0YrRitGK0YrRelF6TXpNetF60XrRetF60YrRic16TXpNek16TXpNetGK0Y
rRi1WbVZtVm1WbVZrVitWK0XrRi1GLVYtVi1WLVZtVm1Wa0YrRitGK0YrVi1WLVZ
tVm1mrWatVq1WrVatVq1WbVatVm1Wa1ZrRitWbVatVq1WrVatVq1WrVatVqtWbVZ
tVm1WbVZtZm1WbVZtVm1WrWZtZq1Wa0ZrRmtGa1ZtVm1WbVZtVm1WbVZtVm1WLVY
rVitGK0YrRitGa0YrRmtGa1ZrVmtGKTYpNik16TYpRilGKUYpRilGKUYpRik2KTX
pNek16TYpNik2KUYpRilGKUYpRelGJ0YnNec15TXlNeU15TXlNeU1pTXlJeUl5SX
lJeUl5SWlJeUloxWjFaMVoSWjJaMloSWjJaMl4yWjJaMVoxWhFWEVXwVfBV8FHwU
hBSEVIRUhBR8FHwUfBNz03PTc9R8FXwVfBR8FHQUdBR0E2vSa9Jr0mvTa9Rr02vT
a9NsE2vTY9JjkluSW1FbUWOSY5NrlGuTY5Njk1uTW1JbEVsRWxFbUVtSW1JbUlNS
U1JTUlMRUxBKj0JOQk5CjkqPSo5KjkqPSo9Kz0qPSo+D04PShBOD04PTe9NzknOS
c5J704QThBOEE4wTjBSEFHvTc9Jz0oPSjBOME4wTjFOMU4xUjFSEVIQUhBSEFHwT
hFOMVIxUjFSUVZSWlJaUVYwUhBSMFIwUlFWUlZSVlJWUlpSWlJaMloxVjFWMVpRW
lFaUlpyWnJac1pzWnNac1pzWnNek16TXnNac1pzWnNaUlpSWnNelF6UXpRelGKUY
pRik2JzXnNek16UXrRelF6UXrRitGK0YrRitGKUXpRek16TXrRetGK0XrRetGK0Y
pNek16TXpNek16zYrRitGK0YtVm1WbVZtVmtWa1YrVitF60XtVm1WbVZtVm1WbVZ
tVmtWK0YrRitGLUZtVm1WbVZtVm1WbVZtVq1WrVatVq1WrVZtVmtGK0YrVm1WbVZ
tVm1WbVZtVm1mrWatVm1WbVZtVm1WbVZtVm1WbVZtZq1mrVarVqtWa0ZrRmtWa1Z
rVm1WbVZtZq1WbVZtVmtWa1ZrRitGK0YrRitGK0ZrRmtWa0ZpRilF6UXpRelF6UY
pRilGKUYpRmlGKUYpRek16TXpNek16TYpNilGKUYpNilGKTYpRidGJzYnNicl5yX
nJec15zXlJacl5SXlJeUl5SXlJeUl5SXlFaMloyWjJaMloyWjJaMloyWjFaMloyW
jFaMVoRWhBaEFXwUfBR8FIQUhFWEVYQUhBSEFHwUc9Nz03PTdBR8FHwUdBR0FHQU
dBNr0mvTY5Nr02vTa9Nr02uTa9Nr02vTY5JjUVtRY1FjkmuTa5Njk2OSY5JjkltR
W1FTEFMQWxJbUltSW1JbEVsSWxFTEVMQSo9KjkKOQo5Cj0KPQo9KkEqPSo9Cj0KP
g9KD04QThBSEE3vTc5JzknOSe9OD04PThBOEFIRUhBR8E3PSe5KD0oPTjFSMVIxU
jFSMVIxUjFWMFYwUhBSEE4QUjFSMVJRUlFSUVZRVlFWMVIwUjBSMVJSVlJWUlZSV
lJWc1ZyVlFWUVYxVjFWUVpRWlJaclZyWnJac1pzWnNac15zXnNec15zXnNec15yX
lJecl5yXpNek16TXpNilGKUYpNic15zXpNek16UXrRetF60XrRi1GK0YpRik16TX
nNek160XrRis2K0XrRitWKTXpNek16TXpNek2K0YrRitWLVYtVi1WbVZrVitWK1Y
pRelF61YtVi1WbVZtVm9mbVZrVmtGKUYrRi1GLVZtVm1WbVZtVm1WbVZtVm1WbVZ
rVm1WbVZrRitGbVZtVq1WbVZtVmtWbVZtVq1WrVatVm1WbVZtVm1WbVZtVm1WbVa
tVq1Wq1ZrRmtGK0YrVitWK1YrVm1WbVZtVm1WbVZrVmtGa0YrRitGK0YrRitGK0Z
rRmtWaUZpRilGKTXpRilGKUYpRmlGaUYpRik2KTXpNak16TXpNik2KTYpNik2KTY
pNilGJzYnNic2JzXlJeUlpTXnNeU15SXlJeUl5SXlJeUl5SXlJaUloxWjFWMVoxW
jFaMVoxWjJaMloyWjJaMloxWjFaEVYQVhBR8E3wUfFR8VYRVhFV8FHwUfFR8E3PT
e9Nz03wUfBR8FHQTdBR0FHQUa9Nrk2uUa5Nr02vTa9Nr1GvUa9Rj02OSW5FbUVtR
Y5Jjk2uTY5JjkmOSW5JbUVtRUxBTEVtSW1JbUltSW1JTUVNRUxBLD0qOSo5KjkqO
So5KjkqOQs9Kj0qPQo9Cj4PSg9KD0oPTe9N70nOSc5J7knvThBOEE4QThBOME4wT
g9N703vTg9SEFIQUjFSMVIxUlFSMFIwUjBSME4QThBOEFIxVjFWMVJRVlFWUVZRV
jFWEFIQTjBSUVZSVlJWUlZSVlJWUlpSWjFWMVZRVlFWUVZyWnJac1pzWnNac1pzW
nNak16TXpNec2JzXlJeclpyWnJak16TXpNek16UXpRedGJzYnNek16TXpNetF60X
rRetF60YrRitGK0YpNelF6TXpNetGLUYrRetGK0YrVik1qTWpNek16TXpRitGK1Y
rVi1WLVYtVi1Wa1ZrVmtGKUXrRe1WLVYtVi1WLVYtVm1WbVZrRitGK0YtVi1WbVZ
tVm1WrVatVq1WrVatVq1WrVatRm1Wa1YrVitWbVatVq1WrVatVq1Wb1atVq1Wq0Z
rVm1Wa1ZtVm1WbVZtZm1WrWatVq1Wa0ZrRmtGa0ZrVmtWa1ZtVm1Wa1ZrVm1Wa1Z
rRilGK0YrRitGK0YrRitWa1ZrVmlGKUYpRek16UYpNilGKUYpRmlGKUYpNik16TX
nNek16TXpNek16TYpNilGKUYnRic2JzYnNic2JzXlJec15TXlNeU15TXjNeM14zX
jJeMl5SWlJeUloxVlFaMVoyWjJaMloyWjJaMloSWjFaMVoxVjFWEVXwUfBR8FHwV
fBV8VnxVfBR8FHwUfBRz03PTdBN0FHwUfBR8E3wUfBRz02uSa5Jrk3PTa9Nr02vT
a9Nr02vTY9NjkltSW1FbUmOSa5Nrk2OTY5Njk1uSW1FTEVLQUxFbUltTW1JbUltR
WxFTEFMRUxBCjkJOSo5Kj0KPSo9KjkqPSo9Kj0qPSo970oPTg9OD04PTe5N7k3OS
e5J70oPThBOEE4QThBOEE4PSe5J70oPThBOME4wUjBSMFIwUjBSMFIQUhBN704PT
hBSMVIxUjFSMVYxVlFWUVYwUjBSEE4QUlFWUlpSVlJWUlZSVlJaUloxVjFWMVZSV
lJWclpyWnJaclpzWnNac1pzWnNec15zXnNeU15zXnJaclpyWpNek16TXpRelF6UX
pNec15zXnNek16UXpRelF6UXrRetGK0YrRitF60YpRec16TXrRetF60XrRetF60X
pNak1qTWpNak16UXrRitGK1YrVi1WLVYtVitWK1YpRelF6UXrVi1WbVYtVi1WbVZ
tVm1GK0YrRitF60YrVi1WbVZtVm1WrVatVq1WrVarVq1WrUZrRitGK0YrVm1WrVa
tVm1WbVatVq9WrVarVmtWa1ZrVmtWbVatVmtWbVZtVm1WbVZrVmtGa0ZrRmtGa0Z
rVmtWbVZtVm1WbVZrVmtWaUYpRilGK1YrVitWK0YrVmtWaUZpRik2KTXpNelGKUY
pRilGKUYpRilGJzXnNec15zXnNek2KTYpNik2JzYnRic2JzYnNic2JzYnNeUl5SX
lJeU15TXlJeUl5SXjJeMl4yXjJeMl5SXlJeMVoyWjJaMloyWlJaMloyWjJaMloxW
jFaEVoRVhBSEFHwUfBR8FYQVhFWEFXwVfBR8FHQTc9Nz03vUe9R8FHwUdBR0FHQU
dBRrk2uTa5Nr02vTa9Nr02vTY9Nr02vTY5JbUVtRW1FjkmuTY5Njk2uTY1JjUlsS
WxFS0FLRW1JbkltSW1JbUVsSWxJTEVLRQo9Cj0KOQk5Cj0qPSo9Kj0qPSo5KjkKO
e9J704QThBOD1HuTc5JzUnuSe9KD04QThBOEE4QThBN703PSc9J70oQThBOEE4xU
jFSMVIxUjFSEFIQUhBOD04QUjFWMVYxVjFaMVYyWjJaEVYQUhBSMFJRVnFWUVZRV
lJWUlpSWjJWMVYxVjFWMVZRVnJWclZyVnNac1pzXnNec15zXnNec15zXnNecl5yW
nJaclaTWpRek16UXpRelF6UXnNac1pzXpNek16TXpRetGK0YrVitGK0YrRilGKUX
nNac16UXrRitGK0XrRitGKTXpNek1qTXpNelGK0YrRitWLVYtVi1WLUYrRitGKUY
pRilGLVYtVi1WLVYtVi9WbVZrRitGK0YrRitGK1ZtVm1WbVZtVm1WbVZtVm1WbVZ
tVmtWa1YrVitGLVZtVq1Wq1ZtVq1WbVZvVq1Wq1ZrVmtWa1ZrVmtWa1ZrVm1WbWZ
tZm1Wa1ZrRitGa0YrRmtGa1ZrVmtWa1atVmtWa1ZrVitGKUYpRitWa0YrRitGK1Z
rRmtGa0YpRek16TXpNek16TXpRetGKUYpRik2JzXnNec15zXpNek16TYpNik2KTY
pNik2JzYnNic15TXlJaUlpSXlNeU15SXlJeUlpSXlJeUlpSXlJeUl4xWjFWMVoyW
jFaMloyWjJaMlpSWjJaMVoxWjFaEFYQVfBR8FHwUhBSEFYRVhFV8FXwUfBRz03PT
c9Nz03QUfBR0FHQUdBR0FHPTa5JrkmuTa5Nr02vTa9Nr02vTa9Nrk2OSW1JbUltS
W5Jjk2OTY5Njk2NTW1JbEVsRUtBbEVtSY1JjUltSW1FbUlsSUtFS0EJOSk5KjkqO
So5KjkKPQo9Cj0KPQo5KjnvSe9J8E4QTg9R7k3NSc1NzknvTfBOEE4QThBOEE4QT
fBN7knuSe9KEE4QTjFOMFIxUjFSMFIwUjBSEFIQUg9OEE4xUjFSMVIxVjFaMVpRW
jBWEFIQThBOUVJRVnFaUVpRWlFaUlpRWlFWMVZRVlJWUVZSVnJaUlpSWnJac1qTW
nNac15zXnNec15TXnNeclpyWnJak1qTWrRelF6UXpRelF5zWnNac1pzWpRalF6UX
rRetGK0YrRitGK0YpNik16TXpNetF60XrRetF7VXrRik16TXpNek1qTXpRetGK0Y
rVitWK1ZrVitWK1YrRitGKTXpRetWK1ZtVm1WbVZtVm1WbVZrRitGK0YrRi1WLVY
tVm1WbVZtVm1WbVZrVm1WbVYtVmtGK0ZrRitWbVZtVq1WrVatVq1WbVZtVmtWa1Z
rVmtWa1ZtVm1WbVZtVm1mbVZtVmtWaUYrRmtGa0ZrRmtWa1ZrVqtWa1arVmtWa1Z
rRilGKUYpRitGKUYrRitGa0ZrRilGJzXnNek16TYpNik16UYpRilGKTXpNec15zX
nNec150YnNic2JzXpNik2KTYnNec15zXlNeUlpTXjJaU15TXlJaUloyWlJaUlpSW
lJaUlpSWlJeMVoxWjFaMVoxWjFaMloyWjJaMloyWhFaMVoxWhBWEFXwVfBV8FIRU
hFWEVXxVfBV8FXwUfBRz03PTc9N8FHwUfBN0E3QTdBN0E2uSa5JrkmvTa9Nr02vT
a9Nr02vSa5NjUltRW1FbUVuSY5Jj0mPTY5JjkltSUxFTEUsQUxFbUltSWxJbUlNS
UxFTEUsQSs9CjkKOQo5CjkKOOs5CzkLOQs9Cj0KPQo970nvSfBN703wTe5NzknOS
e5J70nwThBOEE4QThBOEE4PSe5J7kXuSg9OMFIwUjBSMFIwUjBSEFIQUhBSD1HvT
hBOMVIxUjFSMVZRVlFWMVYwUjBSEFIwUlFWUVZRVlJWUlZSVlJaUlYxUjFSUVZRV
lFWUlZyVnJWclpyWnNak1pzWnNac15zXnNaclpyWnJaclZyWpNalFqTWpRalFqUY
pNec1pzXnNac1qUXpRelF6UXrRitGK0YrRilGKUXpNek16TXrRetF60XtRetF60Y
nJek16TXpNek16TXrRitGK0YrRmtWa1ZrVmtGa0ZrRik2KTYrRm1WbVatVm1WbVZ
tVmtGa0YrRitF7VYtVi1WbVZtVq1WrVZtVm1WbVZtVmtGa1ZrRmtGK0YrVm1WbVZ
tVm1WbVZtVm9WrVZrVmtWa0ZrRmtWa1ZrVitWLVZtZm1WrVarVmtGa0YrRmtGa0Z
rRmtGq0ZrVmtWa1ZrRmtGa0ZpNilGKUYrRilGKUYrVmtGa0ZpNik15zXnNek2KTY
pNitGaUYpRilF6TXpNec15zXnNedF5zXnNik2KTYpNic15zYnNic2JzXnNec15TX
lNeU15SWlJaUlpSWlJeUl5RWlJaUlpSWjJaMVoxWjFaMVoxWjFaMVoxWjFaMVYRV
hFWEVYRWhFV8FHwUfBSEVIRVhBR8FHwUfBR8FHQTa9Jr02wTdBR0FHQUa9R0FHQU
c9NrkmuSc5Nrk2vTa9Nr02vTa9Nr02uTY1JbUlsRW1JjkmPSY5JjkmOSY5JbUVsR
UxFLEVMSW1JbUltSW1FbUVtSUxFTEErPQk5CjkKOQo9CjkqOSo5Kj0qPSo9Kj0qO
e5F7koPTg9OD03vTc5JzknuSe5KD0oPTg9OD04QThBR71HOTc5N7koPSjBOME4wT
jBSMFIwUjBSMFIQUg9SD04QUhFSMVIxUlFSUVZRVjFWEFYQUfBOEE4yUjJSUlJSV
lJWUlZSWlFWMFIwUjFWMVZRVnJWclpyVnJaclpyWnNac1pzXnNec15yWlJaclpyW
nJWclZzWpRak1qTWpNelGKTYnJecl5zXnNek16TXrNetF60XrRitGK0YrRilGKTX
pNek160YrRitGK0XrRitGJzWpNek16TXpNek2K0YrRitGK0YrRitWa0YrRitGKUY
pNetGLVZtVm1WbVZtVm1WbVZrRitGK0YrRitWLVYtVi1WbVZtVm1WbVZtVm1WbVZ
tVmtWa1ZrRmtGbVZtVq1WbVZtVm1WbVZtVm1Wa0ZrRmtGa1ZrVmtWa1ZrVm1WbWZ
tZm1WbUZrRitGK0YrRitGa1ZrVm1Wa1ZrVmtGa0ZpRmlGKUYpRitGK0YrRitGK0Z
rRmtGaTYpNec16TXpNek16TXpRilGKUYpNic2JzXnNec15zXnNec15zXnNec2JzY
nNec15zXlNec15zXnNeU15TXlJeUl5SXlJeUl5SXlJaUloyWlJeUl4yXjFaMVoxW
lFaMVoxWjFaMVoxWjFaEFYxWhFWEVYRVfBR8FHwUhBSEFYQVfBV8FXwVc9Rz02vS
c9J703wUfBR8FHQUc9Rz1GuUY5Njk2uTa9Rr1GvTa9Nj02vTa9Nr0mOSW1FbUWNS
Y5Njk2OTY5JjkltSW1JTEVMRUxBTUVNRW5JbUltSUxFbEVMRUxFSkEJOSk5CTkqO
So5Kj0qPSo9Kj0qPSk9KTnORe5GD0oPSg9KD03uTc5JzUnNSe5J7knvTg9N703vT
c9NzkmuSc1J70oQThBOMU4xUjBSMFIQUg9OD04PTg9N704wTjFSMVIxUjFSMVIxU
hBOEE4QShBOMVJRVlFWUVpRVlFWUVYxVjBWMFYwVjFWUVZRWlJaclpyWnJaclpyW
nJaclpzWnNac1pyWnJaclpyWnJWc1qUWpNak1qTYpNik2JyXnJeclpzXpNek16TX
rNes160XrRetF6UXpRek1pzWnNatF60XrRetFq0XrRik16TYpNik16TYpNitGK0Y
rRitWK0YrVmtGa0YrRik2KTXpRe1WLVYtVi1WLVZtVm1Wa0YrRitGK0YrRitWK1Y
tVm1WbVZtVm1WbVZtVm1WbVYtVitWK0YpRitWLVZtVm1WbVZtVm1WbVZtVmtGa0Z
rRmtWa1ZrVmtWa1ZrVm1mbVZtVmtWa0ZrRitGK0YrVitWK1YrVitWK1ZrVmtWaUY
pRilGKUYrRitGK0XrRetGK0YrRilGKUYpNek16TXpNec16UYpRilGKUYnNic15yX
nNec1pzXnNedF5zYnNic2JzYnNic15zXlJec15SWlJaUl5SXlJeUl5SXlJaUl5SX
lJeUlpSWjJaMloxVjFaMVoxWjFaMVoyWjJaMVoxWjFaEVoRWhFWEFHwUfBR8FHwU
fBV8FXwVfBV8FXwUc9Rr03PTdBN0E3wUdBR0FHQTc9Nz02uSa5Nrk2vTa9Nr02vT
a9Nj02PTY5NbUlsRWxFjUWOSY5Jjk2OTY1JjUmNRWxFTEFMQWxFbUVtSW1JbUVtQ
W1FTEVMRStBCTkJOQo5KjkqPSo9Kj0KPQtBCj0KPQo5zk3uRc5F70YPRg9KD0oPS
e5J7knNSe5J703vTe9R703vTc5NzknOSe5KEE4wTjFOMU4xUjBSEFIPUe9N703vT
e9N70owTjBOMVJRUlFSMVIwThBN704PTjBSMVJRUlFWUVZRVlFaMVYQUhBOME4xT
jFSMVJSVlJWclZyWlJWUlpSWlJaclpyWnJaclpyWnJaUlZSVnNak16TXpNek16UX
pNecl5yWnJaclpzWpNek16TXpNelF6UXpRelF6TXpNec16TXpRitGK0YrRetGK0Y
pNak16TXnNek16UXrRi1GLUYtRi1GK0YrRitGKzXrRek1q0XrVi1WLVYtVi1WLVY
tVmtGK0YrRitGK1ZrVmtWa1ZtVq1WrVatVm1WbVZtVm1WLVZtRitGK0YrVi1WbVZ
tVm1WbVZtVm1WbUZrVmtGa1ZrVmtWa1ZrVmtWbVZtVq1WrVarRmtGa0ZrRitGK0Y
rRitGK1YrVmtWa1ZrVmtGa0YpRilGKUYpRitGK0YrVitGK0YpNec15zWnNek16UX
pNelGKUYpRilGJ0XnNecl5zXnNec150XnNec15zXnNic2JzYnNic2JzXnJeUl5SX
lJeUl5SXlJeUlpSWlJaUlpSWjFWMlpSWjFaMVYxVjFaMVoxWjFaMVoxWjFaMVoxW
hFaEVYRVhFR8FHwUfBR8VHwUfBR8FHwUfBRz1HPUc9Nz03PUdBR0FHQUdBRz03PT
c5NrkmOSa5Nrk2uTa5Nr02vUY9Rj02OTW1JbUVtRY1JrkmuSa5JjkmOSW1JbUlMR
UxBTEFsRW1FbUVtRU1FTUVMRUxFTEErPQk5KjkqOSo5SjkqPSo9Kj0rOSo5KjkJO
c9NzkWuRa1B7koPShBOEE3vSe9J8EnvTfBOEE4QUhBR703vTe9NzknvThBOMFIwU
jFOMU4xTjFSEVIQUfBN703vThBSMFJRVlFWUVJRVlFWUFYwUg9R703vThBOUVJRU
lFSUVJRUjBSEFIQUhBSEFIQUjBOMFJRVnJWclpRWlFWMVIxUjFSUVZSVlJWUlZRV
lFWUVZRVnJWclZzWnNadF6UXnNaclpyWnJaclpyWnNac16TXpNek16TXnJec15yW
nJaclqTXpNek16zXrNes15RVpNeclpyWnNec16TXrRitGK0YrRitGK0YrRilF6UX
nNak16UXrRitWK1YrVi1WbVZrRitGKUYrRitGLUYtVm1WbVZtVm1WbVZtVm1GbVZ
rVmtWK0YrRitGLVZtVm1WbVZtVi1WbVZtZq1Wa1ZrRmtGa0ZrVmtWa1ZrVmtWbVZ
tVm1Wa1ZrRitGK0YrRitGK0YrRitGK0ZrRmtGa0ZpRilGKUYpRilGKUYpRilGK1Z
pRmlGKUYnNec1pzXpNelF6TYpRilGKUYpNic15yXnNec15zXnNic15zXnNec15zX
nNec2JyYnNic15yXlJaUl5SXlJeUl4yXlJaMloyWjJaMloxWjJaUloyWjFaMVoxW
jFaMVoxWjFaEVoxWjFaMVoRWhFWEVYQVfBR8FHwUfBWEVXwVfBR8FHwUe9Rz03PT
c9Nz03wUfBR8FHPUc9Rz02uSY5JrkmvTa5Nrk2vTa9Nr02vTa9Njk1tSWxJbEWNR
Y5JjkmOTY5NbU2NTW1JTEVMQSxFTEVNRW5JbUVtRU1FTEVMRUtBKj0qOSo5KjkqO
So5CzkKPQo9Cj0KPQo5CjnvTc5JrUmtSc5J704QTg9OD04PUe9OD04PTg9N704PT
g9N7k3uSc5J7kYPTjBOMFIxUjFSMVIwUhFSMVIQTe9N8E4QTjBOUVJRUlFWUVZRV
lFWMVYRUhBSEE4xTlJSUlJyUnJWclZyWlJaMloyVjFaEVYxUlJSc1ZzVnNWclpSW
nNec15SWlJWMVJRVlFWUlpRVjFWUVZRVlFWclpSWlFWMFIwUlFaUVpRWjFaUVpRW
nJecl5yWnJWclZyVnJWclZRUlFSUVJSUnJWclaSVnJWL06TXpNec1pzWnNek16TX
pRilGKUYrRilGKUYpNek15zXnNalF6UXrRetGLVYtVi1Wa0YpNek16TXpRetF7UX
tRi1WbVZtVm1WbVZrVmtWa0ZrRmlGKUYrRitWK1ZrVmtWa1ZrRmtWbVZtVmtWK0Y
rRitGK0YrRitGK1YrVitWbVZrVmtWK0YpRitGK0YrRitGK0YrRitGK0YrRitGKUY
pRik16TYpRilGKUYpRilGKUYpRik15zXnNec2KTYpNik2KTYpNilGKTYpNic15zX
nNec15zXnNec15zXnNec15zXnNec15yWnNeUl5SXnJeUl5SXlJeUl5SWjJaUlpSW
jJaMloyWjJaMloxWjFaMVoRWhFaEVoRWjFaMVoxWjBWEVYRVhFWEFHwUfBR8FHwV
hBV8FXwUfBR8FHQUc9Nr02vTc9Nz1HwUe9Rz03PTa9NrkmOSY5JrkmuTa5Nrk2vT
a9Nr02uTY5NjUltRWxFbUmOSY9Njk2OTW1JbUlsRUxFTEFLQUxFbkVuRU1FTEVNR
UxFTEUrQSk9CT0pOSk5KjkqPQo9Cj0KPQo9CT0JOQk5703OSc1FzUXORe9KD0oPS
g9OD04PTg9OD03vTe9N703vTc9Nz03OSe5KD04vUhBSMFIwUhBSEFIxUhBSEE3vS
e9OD04QTjBOMVIxUlFWUVZRVjFSEFIQThBOMFJRUnFWUVZSVlJWUlpSWjJaMVoxW
jFWMVJSUnJWk1pzWnNac1pzXnNaclpSWlJWUlaTWpNek15zXnNek2JzXnJeclpyW
nJak16UYpRic2JzXnNec16TXpNek16TXpNek15zWnNak16UXpNek16zXpNek16TX
nJac1qTXpNek16TXpNitGK0XrRetWK1YpRitGKUYnNec1pyWnJak160XrVe1WLVZ
tVm1GaUYpNec1pzWpNetGLVZtVm1WbVYtVmtWa1ZrVmtGK0YpRitGK0YrRitGK0Y
rRitGK0ZrRm1WrVarVmtGa0YpRitGK0YrRitGK0YrVm1Wa1ZrVitGK0YrRelF6UX
pRilGK0YrRitGK0YrRmlGKUYpNik2KTYpNik2KUYpRilGKTYpNec1pzWnNac16TX
pNik2KUYpNic15zXlJeUlpzXnNec15zXnNec15zXnNec15TXnNec15zXlJeUlpSW
lJaUlpSWlJaMloyWjJaMloyWjJaMlpRWjFaMVoxWjFaMVoxWhFaMVoRWhFaMFoRV
hFWEVYQUfBRz03PUfBR8FXwVfBR71HwUfBR8FHPTc9Nz02vTdBR0FHQTbBNz1GvU
Y5NjUmOTY5Nrk2vTa9Nr02vTY5Njk2OTW1FTEVsRY1JjUmOSY5NjkmNSW1JbEVsR
UtFS0FsRW1JbUVtRW1FbUVsRUtFS0EJPQk5CTkKOQo5Cz0KQQpBCkEKPQo9CjkKO
e9JzkmtRa1FzkXuSg9KD0oPSg9KD04PTg9N71HvUe9N703PTc9NrknOSg9OEE4wT
jBOMFIwUjBSMFIwUhBN70nvSe9OD04wUjBSMVIxUlFSUVYxUhFSEFIQTjBSMVJSV
lFWcVZRVlJWUlYyVjFSMVoxVjFSMVJSVnNac1pyWnJac1pzWlJaUloxVlFWk1qTW
pNaklpyXpNec15zXnJeUl5yVpNelF6UXpNec16TXpNek16UXpRelF6UXpNek16TX
rNetF60XrRitGK0XrRilGKTWpNek16zXrRetGLUYtRi1GLUYtVm1Wa1ZrVmtWaUZ
pRmlGKUYrRitGLUXtVe1V7VYrVmtGaUZpRic16UXrVe1WLVYtRi1WLVZtVm1mbVY
rRitGK1YrVitGKTYpNik2KUZrRitWLVZtVm1Wa1ZrVitWK0YpNek16TXpRitGa1Z
tVmtWa1YpRilF6TXnNak16TYpNitGK0ZrRmtGa0ZrRmtGKTXpNek16TXpRelF6UX
pNic15yXlJeUlpzWnNac16TYpNilGKTYnNeU1pSWlJaUlZSWnNec15zXnNec15zY
nNecl5yWlJaUloxWjFaMlpSWlJaUlpRWlFaMVoxWjFaMloyVjJaMVoxVjFWEVYxW
jFaMloxWjFaMVoRWhFaEVYRVhFWEFIQUe9Rz1HQUfBV8FXwVfBR8FHwUfBRz03PT
c9N0E3QTc9Nz03PTc9Nz02uTa1Nrk2uTa5Nrk2uTa5Njk2OTY5Njk1tSW1FbUWNS
Y5JjkmOSY5JjUltSWxJbEVMQUxBTUVtSW1JbUltSUxFTEVMRUtFCj0JOQo46jjqO
Qs9Cj0KPQo9Kj0KPQo5CjnuSc1JrEHNRc1F7koPSg9OEE4PSg9OD04PTg9SD03uT
e9Nz03PSc5JzknvThBSEE4QThBSMFIwUjBSMFHwUe9N703vThBOEE4xTjFOMVIxU
jFWEVYRUhBOEE4QUjFSUVZSVlFWUVZRWlFaUVpRWlFWMVYxUjFSUlZyVnJWclZzW
nNac1pSWlFaUVZRVnJac15zXnNec15zXnNec1pSWlJaUlaTWpNalFqUXpRek16UY
pRilF6UXpNek16TXpNak1qTWpRetGK0XrRetF60XrRek16TXpNek16zXrRitF60Y
rRe1F7UYtRi1WK1ZrRitGK0YrRilGKUYpRetF60XrRetWK1YrVitWa0YpRetGK1Y
rVi1WK1YtVi1WLWZtZm1Wa0YrRitWK1YrVmtWa1ZrRitGa1ZrVm1mrVatVm1WLVZ
tVm1Wa1ZrRitGa0ZrVmtWa1YrVitWK1YrVilGKUXpNek2K0YrRitGK0XrRetF60X
rRitGJzXnNec15zXpRilGKUXnNec15yXlFaUVpxWnNek16UYpNek15zWnJaUlpRV
lFWUlpzXnNec15zWnNac1pTWlJaUloxWjFaMVoxWjFWMVYxVjFWMVIxVjFWMVYxV
hFWMVoxWjFaEFYQVhFWEVoRWhFaMVoxWjFaEVoRWhFWEVYRVfFR8E3wUc9N71HwU
fBR8FHwTfBN8FHPTa9Jr02vTa9Nr02vTa9Nr02uTa9NjkmNSY5Njk2OTY5Njk2PT
Y9Njk2OSY1JbEVsRWxJbUluTW5NbkluTW5NbUlMRUxFTEVMQU1FbUltSU1JTUlNR
SxFLEErPQo9CjkJOQk9CT0JPSo9KjkKPSo5CjkKOQo570nOSa1FrUXORe5GD0oPS
g9KD04PTg9OD04PTe9J703uTe5N7knOSe9GD0oQTjBSMFIQUjBSMFIwUhBSEFHPT
e9OEE4QThBSMFIxUjFSMVIyUjFSEVIQThBOEE4xUlFSMVZRVlFWUlpSVlJaUVoxV
jFWMVYxUlJWclZyVnJaclpyWlJaUVpRWlFWUVZzWnNac1pzWpNek15zXnNeUlpSV
nJWc1qUWpNalFqTXpNik2KTYpNek15zXpNek15zXnNec16TXrNetF6zXrRis160Y
pNak1qTXpNek16zXrRetF60XrVetF60YrRitGK0YrRitGK0YrRitGKUYpRetF60X
rVitWK1YrVitWKUYpRitGK1YrRetF61YrVitWbWZtVmtWK0YrRitGK1YrVmtWa1Z
rVm1WbVZtVm1Wa1ZrRmtGbVZtVmtWa1YrVmtWbVZtVm1WK0YrRitGK1ZrVmtGa0Y
rRi1Ga0ZrRitGK0YrRitGK0YrRitGKUYrRitGK0YrRmtGaUZpNmc2JzYlNec16TX
pNelF6TXpNac15zXlNaUlpSWlJac15zXnNaUl5SXlJeUl5SXjJeUl4yXjFeMVoxV
jFWMVYxVhFV8FIxVjFaMloxWjFWEFYQVhBWEFYQVhFWMVYxWjFaMVoxVjFaEVYRV
hBV8FHQUc9Nz03PTfBSEFHwUfBR8E3PTc9Nzk2uSa5Jrk2uTa9Nr02vTa9Nr1GuT
Y5JjUmOTY5Njk2OTY5Njk2OSY5JjkltSUxFTEVMRW1FbUmNSY1JjUltSUxJTElMR
StBK0FMRU1FTUVNRUxFTEFMQUw9Sz0JOQk5CTkJOQo5CjkKPQo9Cj0qPQo5CjkKO
e9JzkmtRa1FrUXuRg9KD0oPSg9OD03vTg9N703vSe9J70nvTe5JzknuRg9KD04QU
jBSMFIwUhBSMVYwUg9R7koPTg9OEE4wTjBSMFIxUjFWMVYxVjBSEE4QTjBOMVIxU
lFWUVZSVlFWUVYxVlFWUVYwUjBSMFJxVnFWclpyWnJak15yWnFWUVZRVlFWc1qTW
nNac15zWnNec15SXlJeUVpSWnJek16TXpNek16TYpNik2KTXpNek16TXpJec15yW
nJac16UXrRetF60XrRetF6UWpNek1pzWpNas160XrRetGK0YtRitGK0YrRilGK0Y
rRitGK0YrRilF6TXrRetF60YrRitGK0ZrRilGKUYpRitGK0YrRetGK0YrVmtWa0Z
rRitGK0YrVitWK1YrRmtWa1atVm1WbVZtVmtWa1YpRitGK0YrRitGK1ZtVm1WbVZ
rRitGKUXrRitGK0YrRitGK0YrRmtGK0YrRitGK0YrRitGK0YrRik2KTYpRilGK0Z
rRmlGaUYpRilF6TXpNek16TXpNek16TXnNec15zXlJec1pzXpNek15zXnJic15zX
nNec2JzXnNecl5zXlJeUl5SXlJeUlpSWjJaMloyWjJaMloyVjJaMVoxWjFaMVoxW
jJaMl4xWjFWMVYxVjFWMVYQVfBRr02vTc9N8FHwUhBSEFIQUfBRz02uTY1JjUmuT
a9Nz03PTa9Jr02vTY5Njk2NSY5Jrk2uSY5JjkmNSW1JbUltSU1FTEFMQUxFbEVtR
W1FbUVNRU1FTEFMRSxFLEUsRSxBTUFNRUxJK0UrRStFK0UqQQo9CT0JPQk5CTkJO
Qk5KTkqPSo9Kj0qOQo9CToPTc5JrUWtRc5F7knvSg9OD0oPTg9OD04PTe9J70nvS
e9J70nuSc5J7knvShBKEE4QThBOEE4wUjBSMFIPTe9N7k3vTg9OME4wUjBSMVIxV
jFWMVYwUhBOD04wUjFSUVZRVlFWUVZRVlFWUVZRVjFWMFYwUjBWUlZSVlJWclpyW
nNaUlpSVlFWMVYxUlJWc1ZzWnNac1pzXnNecl5yXlJaUVZzXpNek16TXpNek16TY
pNic16TXnNek15zXnNec15yWnNetF60XrRetF60XrRik16TXpNek16TXrRetF60X
rRetF60YrRitGK0YpRitGK0YrRitGK0XrRelF60XrRe1WK0YrRitGK0YpRelF6UX
rRitGK0YrRi1GLVYtVitWK0YrRitGK0YrRitGK0YrRitWa1ZtVm1Wa1arVmtGK0Y
rRitGK0YrRitGLVZrVmtWa1ZpRilGKUYrRitGa0YrRitGK0ZrRilGKUYpRilGKUY
pRilGKUYpNik16TXpNilGKUYpRilGKUYpNik16TXnJec15zXnNec15zXnNec15zX
nNec15zXnNac15zXnNec15zXnNec15zXlNeU15SXlJeUl5SWlFaMloyWjJaMloyW
jJaMlpSWlJaUloyWjJaMloxWjFaMVoRVhFaEVoRWhFaEVXwUdBR0FHxVfBV8FHwU
fBR8FHwUc9Rr02vUa9Rr1HQUdBR0FHQUc9Rr02vTa9Nr02vTa9Jr0mOSW5JbkluT
W1NbkltSY1JjUmNSW1FTUVNRU1FTUVNSSxJK0FMRWxFTEFMPUxBTEErQStBK0ErQ
Qo9Kj0JOSo5CjUJNOkw6TDpNOk1CjUKOQo5CjkKOOkx7knOSa1FzUXNRe5J7knvT
e9N704PThBN703vTe9N7k3vTe9N70nOSa1F704PThBOEE4QThBOMFIwUjBSD03uT
e9N704QThBOMFIxUjFSMVIxVjFWMVYPUg9SD1IwUlFWUVZRVlFWUVpRWlFaUVYxV
jBSMFIwUlJaUlpSVnJWclpyWlJWUVYxVjFSMlJSVnNWc1pzWnNedF5zXlJaUlpRW
lFac16TXpNek16TYpNik2KTXnNek16TXpNek15zXnJeUl6TXrRetF60XpRelF6UX
nNec15zXnNek16TXrRetF60XrVitGK0YrRitGK0YrRitGK0YrRitGKUYpRetF60X
rRetGK0YrVitGKUXpRelF6UXrRetF60YrVitWK1YrVilGKUYrRitGK0YrRitGK0Z
rVmtWa1ZrVmtWa1ZpRitGK0YrRitGKUYrRmtWa1arVmlGaUYpRitGK0YrRitF60Y
rRitGKUYpRilGKUYpRilGKUYpRic16TXpNek16UYpRik2KTYpNik2KTXpNec15zX
nNec15zXnNec15zXnNec15TXnNec15zXnNecl5yXnJicl5zXnNec15zWlJaUlpSW
lJaUlpSWjJaMloyWjFaMVYxVjFaMVoxWjFaMVYxWjFaMVoxXjFaMVoRWhBaEVXwU
hBSEFHwTfBSEFHwVfBV8FHwUfBR71HPTc5Nz03PTc9N0FHPUdBR0FHPTc9Nz03PT
c9Nz03PTa9JjkmORY5Jr0mOSY5JjkmOSY5JjkltRU1FTUVtSW5JbkltSW5JjUmNS
Y1FS0FMQUxJTElMSStJK0UrRUxFTEVMPQo5CjkKPQtBC0ErQQo9Cj0KNQo06SynK
e5JzUmtRa1FzUXuSg9N703vTe9OD04PTg9OD03vTe9N703vTc5JzknOSe9KEEoQS
hBKEE4QThBOME4QUhBN703vTe9OEFIQTjFSMVIxUjFWMVYxVjFWEFIQUhBSMFJRU
lFWUVZRVlFWMVpRWlFaUVYwVjBWMFJRWlJaclpyWnJacl5yWnFaUVZRVjFSclpzW
nNac1qTXpRec15zWlJaUlpSVnNac1qTXpNek16TXpNek16TXnNek16TXpNec15yX
nJek16zXrRetF6UXpRetF5zWpNac1pzWpNek16UXpRetF60YrRitWK0YrRitGK0Y
rRis2KTYpNik16TXpRetF60YrRitGK0YrRilF6UXpNelF6UYrRitGK0YrVm1Wa0Y
rRitGK0YrRmtGa0ZrRmtGa1ZrVmtWa1ZrVmtGaUYrRitWa0YrRilGK0ZrVmtWa0Z
pRilGKUYrRitGK0XrRitGK0YrRitGKUYpNilGKUYpRilGKUYpNek16TXpNelGJ0Y
pRmk2KTYpNik16TXnNec15zXnNec15zXnNec2JzXnNeU1pTXnNec15zXnJeUl5SX
lJecl5zXlNaU1oyWlJaUloyWjJaMloyWjJaMVoxWjFaMVoxWjFaMVoxWjFaMVoxW
jFaMVoxWhFaEVoQVhBWEFYQVfBR8FHwUhBR8FHwUfBR8FHwUc9Rz03PTa9Nr1GvU
a9Rr1HPUa9Rr1HPTc5Nrk2uTa5Nrk2OSW1FbUWOSa9Nrk2uSa5JrkmuSY5JbUVNR
U1FbkluTW5JbUltSW1JbUlNQSs9TEFMRUxFTEVMRUxFS0VLRUtFS0EpPQk5CjkrQ
StBK0ErQSo9Kj0KOOkwpy3uSc5FrUWtRc5FzknvTe9J70nvTg9OD04PTg5N7k3vT
c9Nzk3OTc5JzkYPShBKEE4QThBSEFIQUhBR8FHvUe9N703vTe9OEE4wUjFSMVIxV
jFWMVYQUfBN704QTjBSMVJRVlFWUVZRVlFaUVpRWjFaMVYwUjBSUVJSVlJWclZyV
nJaclpRWlFWUFYxVnJac1pyWnNec16TXpNec15yWlJaUlZzWnNek16TXpNek16TX
pNek15zXpNek16TXnNac1pyWpNek16TXpRelF6UXpRec15zXnNec1qTXpRelF60X
rRetF60XrRetGK0YrRitGK0YrRilGKTYpNik16TXrRetF60YrRitGK0YpRelF6UX
pRetF60YrVitGK0YrRitGKUYpRitGK0ZrRitGK0YrRitGa1ZrVmtGa0ZrRms2K0Y
rRitGK0YrRitGa1ZrVmtGaUYpRelF60YrRitGK0YrRitGK0YrRik2KTYpNilGKUY
pRilGKTYpNek16TYpNik2KTYpNik2KTYpNec15zWnNac1pzXnNac1pzXnNec15zX
lJeUl5SXlNeUl5SWlJaUl5SXlJeUl5SXlJeUloyWjJaMloyWjJaMVoyWhFaEVoRW
hFaEVoRWhFaEVoRWjFaMloxWhFaEVoRWhFV8FXwVhBV8FXvUfBR8FHwUfBR8E3wU
fBR71HPTc9Nz03PTa9Nr02vTa9Rr1GvTa9Nr02PTY5Njk2uTY5NjUmNSW1JjkmOT
Y5JjkmOSY5JjkmNSWxFTEVMRW1JbUltSW1JbUltSWxJS0VLQUxBTEVMRUxFLEUsR
SxFLEUsQSs9CjkJOQo9K0ErQStBKkEqPSo9CTToMMgt7knOSa1FrUGtRc5J70nvT
e9N703vTe9N703vTc9N70nPSc9JzkmuRc5GD04PUg9SD1IQThBSEFIRUhBSD1HvT
e9N70nvThBSMFIwUjFSMVIxUjFSEVIQUhBSEFIwUjFWMVZRVlFWUVZRVlJWUVIxU
jFSMFIwUlFWUlZSVlJWclZyWlJaUVZRVjBSMVZyWnNac1pzWnNak15zWnNaUlpSW
lJac16TXpNek16UXpNek16TXpNek16TXpJek15zXnJaclqTXrRek16TXpNelF6UY
nNec15zXnNec16UXpRelF6UXpRelF60XrRitGK0YrRetGK0YpRilF6TXpNek16zX
rRe1GK1YrVitGKTYpNik2KUYpRetF60YrRitWK1ZpRilGKUYrRitGK0YrRitGLUY
rVmtWa1ZrVmtGaUZpNilGK0YrRitGK0YtRitGa1ZrRmlGKUXpRetGK0YrRitGKzY
rRitGazYpNik2KUYpRitGKTYpNic2KTYpNek16UXpRelF6TYpNik2KTXnNec15zX
nNec15zXnNec15zXnNeU15TXlNaUlpSWlJaUloyXlJeUl5SXlJeUl5SWlJaMlpSW
lJaMVoxWjFeMV4xWjFaEVoRWhFaEVoQWjFaMVoxWhJaEV4RWhFaEVoQVhBWEFYQV
fBV8FXwUfFR8FHwUdBR0FHQUc9Rr03PTc9Nz02vTa9Nr02vTa9Nr02vUa5Nr02vT
a9Njk2OTW5NbUltSY1JjkmOSY5JbkmOSW5JbkVNRSxFLEltSW1JbUltSW1JbEltS
UtFS0FLRUtFS0VMRUxFTEVLRSxBK0EKPOo5CTUKOSpBKkEqPSpBCjzpOOg0yCzIL
c5JzkmtRa1FrUXOSe9J703vTe9N703vTe9N7k3vTe9Nz0nPSc5JrkXORe9KEE4QT
hBOEEoQThBOEE4QUg9R703vTg9OD04wTjBOMFIxUjFSMVIxUjBOEE4QThBOMFIxV
lFWUVZRVlFWUVZRVlFWMVYxVjBWMFJRVnFWclZyVnNWc1pSWlFaUVZRVjFSclZzW
nNac1pzWnRec1pSWlJaUVZRVnJac16TXpNek16TXpNek16TXpNek16TXpNecl5yW
nJak1qUXpRelF6UXpRelGJzXnNec15zXpNelF6TXpRelF6UXrRitGK0YrRitGK0Y
rRitF6UXpRek16TXrNes160XrRitGK0ZrRik2KTXpNelF6UXpRetV60YtVmtGa0Y
pRilGK0YrRitGK0YrRitGK1YrVmtWa1ZrRmtGa0YpRitGK1YrRitGK0ZrVmtWa0Y
pRilGKUXrRitGK0YrRilGKUYrRilGKUYpRilGKUYpNik2KTYpNek16TXpNek16TX
pNek16TXpNek15zXnNeU15zXnNac15zXnJec2JzXnJecl5yXnJecl5yXlJeUl5SX
lJeUl5SXlJeUl5SXlFaUVpRWjFaMVoxWjFaMVoxWhFaMVoRWhFaEVoQWhFaMVoxW
jFaMVoRWhFaEFXwVfBV8FXQVdBR0FHwUfBR8FHQUdBR0FHPUc9Nz03PTc9Nz1GwU
a9Nr02vTa9Nr1GuUa9Nrk2uSa5NjUmNSY1JbUltSY1JjkmOSY5JjkluSU5JLUUsR
UxJTUlNSU1JTUlNSU1JTUkrQStBKkErQUtFTElMRUxFLEUsQSxBCzkKNQk1CjkqP
So9Kj0qPSo9CjjoNMgwxzHuSc5JrUWsRaxFzknvSe9J70nvSe9N703vTe9Nz03uT
c5NzknOSc5JzkXvSg9OEE4QThBKEEoQTjBOEFHwTc9Jz0nwTfBOEE4xTjFOMU4xU
jFSMVIQTe9OD04QUjBSMVYxVjFWMVZRVlFWUVYxVjFWEVIQUjBSUVZRVlJWUlZyW
nNaclpSVlFWMFIxUnJWclZzWnNac15zXnNeUlpSWlJaUlZyWnNec16TXpNek16TX
pNek16TXpNek15zXnNaclZyWpJak16TXpNek16TXpRec1pzWnNac16TXpNek16TX
pRelF60XpRetF60XrRetGKUYpRelF6UXpNek16UYpRelGK1YrVitWKUXpRek16TX
pRelGKUXrRitGK1YrRmlGaUYpRilGK0YrRitGK0YtRmtGa1ZrVmtGaUYrRis160X
rRitGKUYrRitGK0ZrRmlGaTYpNik2KUYpRilGKUYpRilGKUYpRik2KTXpNek16UX
pRek16TXpNek2KTYpNik2KTYpNik2KTXpNec15zXlJaUl5TXlNeUl5yXnNec15zX
lJaUlpSXlJeUlpSXlJaUlpSXlJeUl4yXlJeUl4yWjFaMVoRWjFaMVoxWjFaMVoxW
jFaMVoxWjFaEVYRVjFaEVoRWhFWEVYRVhBR8FHwVfBV71HvUdBR8FHwUfBR8FHQU
dBR0E2vTa9Nr02vTc9Rz1HPTc9Rz1HPTa9Nr02uTa5Njk2uTY5Njk2NSW1FbkmOS
Y5JjkmuRY5FjkltRUxBTEVMRW1JbUltSW1JbUltRW1FK0ErQStFK0EsQUxBTEUsQ
SxFDEEsQQo5CTTpNQk9Cj0KPSpBKj0KPQk46DTHMMcx7knNSaxBrEWsRc5F70nvS
e9J70nvSe9J703vSe9J70nPSc5JzknNSc1J704QTg9OEE4QThBOEE4QThBR71HPT
c9N704PThBOME4wTjBSMFIxUjFSEFHwTe9OEE4RUjFSUVJRUlFWUVZRVlFWUVYwU
jFSME4wTlFSclZyVnJWclZyWlJaUVYxVjFWMVZyWnJaclpyWnNec15yXnJaUVpRW
lFaclpyXpNek16TXpNek16TXpNek16TXpNec15zXlJaclqTXpNek16TXpNek16TX
nJec15zXnNec16TXpNelF6UXpRelGKUYrRetF60YrRitGKUYpRik16TXpNes160X
rRetGK0YrRilF6UXpNek16TXpRelF6UXrVitWK0ZpRilGKTYpRilGK0YrRitGK0Y
rRmtGa0ZrVmtGK0YpNek2K0YrRitGK0YrRitGa0ZrRilGKUYpNilGKUYpRelGKUY
pRilGJzYnNik16TXpNek2KTYpNik16TXpNek16TXpNek16TXpNek15zXnNeU15SX
lJeUl5SXlJac1pzXnNecl5yXnJecl5yXlFeUlpSWlJaUl5SXlJeUl5SXjJaMVoxW
jFaMVoRWjFaEVoxWjFaEVoRWhFaEVoRWhFaEVoRWhFaEVoRVhBWEVYQVhBSEFIQU
hBN8FHwUfBR8FHwUdBNz1HQUc9VzlGuUa5Nr1HPUa9Rr02vTa9NjkmvTa9Nr02uT
a5Njk2OSY1JbUltRY1JjkmNSW1JjUmOSY1JbEVMQUxFTUVtRU1JTUlNSUxFTUVNR
StBK0ErQStFLEUsRSxFDEUsRSxBK0EKPOk46T0JPQo9Kj0qPSo9CjkKOMgsyDDHL
e5JrUWMQY1BrUHORe9J70nvSg9J70nvSe9F70nPSc9Jz0nOSc1JzUXORe9J704PT
g9OEE4QThBOEE4QUg9R7k3OTe9N704QThBOME4wUjBSMVYxVhBR703vTg9OMFIwU
jFSMVJRVlFWMVYxUjFWMFIwVjBSME5RVnJWclZSVlJWclpSWjFWMFYxVjFSUlpzW
nJecl5yXnNeU15SWjJaMlZSVnNak1pzXnNec16TXpNek16TXpNek1pzXnNecl5yW
nJak16UXpNek16TXpNelF5yWnJecl5zXnNek16TXpNes2KUXpRelF6UXrRetGK0Y
rRelF6TYpNik2KTYrNes160XrRi1GK0YpRik16TXpNek16TXpRelF60YrRitGKUY
pRek16UXpRilGK0YrVmtWK1YrRitGa0ZrRitGKUXpRetF60YrRitGK0ZrRmtGa0Z
pRilGKUYpRilGKUYpRilGKUYpRilGJzXnNec16TXpNik2KTXpNek16TXpNek16TX
pNek15zXnNec15zXnJaclpyXnNaclpyWlJac1pzXlJeUlpSXlJeUl5RWjJaUlpSW
lJaUlpSWjJaMloyWjFaMVoxWjFaMVoxWjFaMVoxVjFaMVYxWjFWEVYRWhFaEVoRW
hFaEVnxWhFaEFYQVfBV8FHwUfBR8FHwUfBR71HPUc9Rz1GvUa5Nrk2uTa9Nr02vT
a9Nr02vSa9Nr02vTY5Njk2uTY1JjUltSW1FbUWORY5JbkluSW5JbkluSW1FTEVMR
U1JbUluSW1JbUltRW1FbEUrQStFS0VLRUtFTEVMRUxFTEUsRStBCjjpNOk5Cj0qP
So9Kj0JOQo46jTpLMgsyC3OSa1FrUWsRaxFzUnuTe9J70nvSe9J70nvSe9N703uS
e5J7knuRc5JzUXvTe9KD0oQThBOEE4QThBOEFHvTc9NzknvSg9OEFIQUhFSMVIxV
jFSMVIQUg9N704PThBOMVJRUjFSUVJRVlFWUVYxVjFWMVIQUhFOUVZSVlJWUlZSW
nJaUlpRWjFWMVYxVlJWc1pyWnJec15zXnNeUlpRVlJSUlZzXpNek16TYpNek16TX
nNec16TXpNec15zXnJaclZyWpNek16TXpNek16TXpNeclpyWnJaclpyWpNek16TX
pRes16UXpRelF6UXpRelF6UXpRek15zXpNek16TXpNek160YrRitGK0YpNek16TX
pNek2KTYpRitWa0YrRilGKUYpNilGK0YpRilGK0YrRitGK0YrRilGK0YrRelF6TX
pRitGK0YrRitWa0ZrRmk2aTYpNek16UYpRilGKUYpNik2KUYpNik2KTXpNek16TX
pNek16TXnNek16TXpNik2KTXpNek15zXnNec15SWlJaclpyWnJaUlpSWnJeUlpSX
lJeUl5SXlJaUlpSWlJaUlpSWlJeUl4yWjJaMloxWjFaMVoxWjFaMVoRWjFaEVoRW
hFaMVoxWjBWEVYRVjFaEVoRVhFWEVYRVfFV8FXwVdBR0FHQUdBR0FHQUdBRz1HQT
c9Nz02uTa9Nr02vTa9Rr1GvUa9Rr1GvTa9Nr02uTa1NrlGNTY1NjU1tSW1JjkmOS
Y5JjkWNSW5JbUlMRUxBTEVtRW1JbUltSW1JTUltRWxFK0ErQUtFLEUsRUxFTEUsQ
SxBLEErQQo9CTjpOQo9Kj0qPSo9Cj0JOQk06DDoMMgxz0mtRYxFrEWsRc1J7koOS
e5J703vTe9J70nvTe9J703OTc5NzknORc5F704QTg9OD04PTg9OEE4QThBR703PT
c9N704PThBOMFIwTjBSMVIxVjFWMFIPTg9OEE4wUjBSUVZRVlFWUFZRVjFWMVYxV
jBWMFYwUlFWUVZRVlJaUlpyWnJaUVYxUjFSMVJSVnNaclpyWnNec15TWlJaUlpRV
lFWclpyXnNec16TXpNek15zXnNac1pzWnNac1pSWlJaUlpzXpNek16TXpNes16TX
nJacl5yXnJekl6TXpNek16TXpNelF6UXpRelF6UXpRelF6TYpNic15zXpNek160Y
rRetGK0YrRitGKTXpNek16zXpNelF6UXrVitGK0YpRilGKTYpNilGK0YpRitGK0Y
rRmtGaUZrRmtGa0YpRilGKUYrRilGK0YrVmtGa0ZrRik2KTYpNik2KTYpNilGKTY
pRilGKUYnNec16TXpNek16TXpNek1pzXpNec15zXnNec2JzYnJec15zXnNaclpSW
lJaclpyWnJacl5yXnJeUl5SXlJeUl4yXlJaMlpSWlJaUl5SXlJeUl4yXjJeMVoyW
jFWMVoxWjFaMVoxWjFaMVoRWhFaEVoRWhFWEVYRVhFaEVYRVhFWEVYQUfBR8FHwU
fBN0E3QTdBR0FHQUdBRz03PTc9Nrk2vTa9Nr02vTa9Nr02PTa9Nr03PTa5Nrk2OT
Y5Njk2OSY1JjUmNSY1JjU2NTY1JjU2NSY1JbEVLQUxFbUlNSW1JbUVsRWxFbEVMR
StBK0UrQSxFLEUsRSxFLEUsQSxBK0EKPOk46TkKPQtBCkEKQOo86TjpOMgwyCznL
c1JrUWMRYxFrEXORc5F70XvRe9J70nvSe9J7k3uTe5N7k3tTc1JzUnNSe5N703vT
hBOEFIPThBOEE4QTe9NzknOSe5J70nvThBOEE4wUjFSMFIwUhBN8E3vSfBOEE4xU
jFWMVYxVjFWUVYxVjFWMVYwVjBSEFJRVlFWUVZyVlJWclpSWlFWUVIwUjFSUlZyW
nJaclpyXnNeUlpSWjJaMlYxVnJWc1qTWpNec15zXnNec15zXnNec15zXnJeUl5RW
lJac16TXpNek16TXpNek15yWnJaclpyWnJak1qTXpNek16UXpRelF6UXpRetGKUY
pRik16TXpNek1qTXpNek160XrRetGK0YrNik16TXpNek16TXpNelGK0YrRmtGKTY
pNic2KTYpRilGKUYrRitGK0YrRitGK0YrRitGKTYpRilGKUYpRitGK1ZrRmtGazY
pNik16TXpRelF6UXpNic2KTYpRik2KTXpNik16TXpNek16TXnNec15zXnNedF5zX
nNec15zWnNeU15zXlJeUlpSWnJeUlpSWnJecl5yXlFaUlpSWlJaUloyWjJaMlpSX
lJeUlpSXlJeMl4xXjFaMVoxWjFaMVoyWjFaMVoxVjFWEVYRVhFWEVYRVhFWMVYRW
hFaEVoRWhFWEFIQUfBR8FHwUdBR0FHwUfBR8FHQUc9Rz1HPTa5Nr02uTa5Nr02vT
a9Rr1GvUa9Rr02OTY5Njk2OTW5JbkltSW1FbUVuSY5NjUmNSY1JjUmNSWxFS0FMQ
W1BbUltSW1FTUVNRU1FTEUrQStBK0FMRSxBLEEsRSxJC0ELQQpA6TjpOOk5CTkqQ
Qo9Cj0KPOk46TToMMcwxy3OSa1BjUWMPYxBzkXOSc9J70nvSe9J70nvSe9N703uT
e5NzU3NSc1JzUnOTe9N704PTg9OD04PThBSEFHvTc5JzknvTe9J8EoQShBOMVIxU
jFSEE3wTfBN70nvThBOMVIxUjFSMVYxWjFaMVYxVjBWMFIwUjBSUVJRVlJWUlZSV
lJaUloxWjFWMVIxUlJWUlZSWnJacl5yXnJeUloyWjFWMVJSWnNac1pzXnNec15zX
nNec1pzXnNec15yXnJaclpyWnNelF6TXpNek2KTXpNeclpyWnJaclpyWnNak1qUX
pNek16TYpRelF6UXpRelGKUXpNek16TXpNek16TXpNes160XrRitGK0XpNek16TX
pNek16TXpRitGK0YrRitF6TYpNek16TXpRelF60YrRitGK0YrRitGKUXpRelF6TX
pRelGKUYpRitGK1YrRms2KTXpNek160YpRik16TYnNek2KTYpNik2KTXpNekl6TX
pNek16TXnNec15zXnNec15zXnNec15TXnNec15yXlFaUlpyXlJeUl5SXnJeUlpSW
lJaUlpSWlJaUVpRWlFaUl5SXlJeUl5SXjJaMVoxWjFaMVYxVjFWMVYxVjFWEVYRV
hFWEVoRWhFaEFoRWhFaEVYRVhFWEVYRVhBV8FHwUdBR0E3QUe9R71HvUe9Rz1HPT
c9Rz1HPTa9Nrk2vTa9Nr1GvUa9RrlGuUa5Njk2OTY5Njk2OSY5JbUltSW1JbUmNS
Y1JjUWNSW1JbUlsRStBK0VMRU1JbUltSW1JbUVtRUxFK0ErQStBLEErRStBTEEsQ
Qs9K0EKQQk5CTUJOSo9Cj0KPQo9CjzqOOk46DDHMOgxzkmtSYxFjEGsQc1F7knuS
e5J7knuTe5J7k3uTe5N7k3OTc5JzkmuRa5Fz0nvTe9OEE4QThBOEE4QUhBR703OS
c5J7knvSg9KME4wTjBOMVIxUjBSEFHvTe9N704QTjBOMVIxUjFWUVZRWjFaMVYwU
jBSEFIQUjFWUlpSVlJWUlZSWlJaMVYxVjFSMVJSWlJacl5yWnJecl5yXlJaUlZRV
jFWclpzXpNec1pzXpNec15zXnNec15zWnNaclpyWnJacVqTWpNak1qTWpNek16TX
nJacl5yWnJaclpzXpNek16TXpNek16TYpRilF6UXpRelF6TXpNec16TXpNelF6TW
rRetF60YrRik16TXpNek16TXpNik16UXpRitGK0YpNik2KTXpNik16TXpRelGK0Y
rRitGK0YrRetF6UXpNelF6UXpRelF6UYrRitGK0YpNik16TXpNelF6UYpNek2KTY
pNik2KTXpNec16TXnNelF6TXnJecl5yXnNac15zXnNec15zXnNec15zXnNeUlpRW
lJaUl5SXlJeUl5SXlJaUlpSWlJaUlpSWlJaUVpRWlFaUl4yXjJeMloyWhFaMVoxW
jFaEVoRWhFaEVoRWhFaEVYRVhFWEVXxVfFWEVYRVhFWEVYRVfFWEVXwVfBR8FHwU
fBR8E3QTdBR0FHPUc9Rz03PTc5NrkmuTa5Nr02vTc9Nz02vTa9Nr02uTY5Jjk2OT
Y5NbkluSW1JbUltRY5JjkmOSY5JjUltRW1FTEFMQUxBTElNSU1JTUlNRU1JTUlMR
StBK0FLRStFK0ErQUxFTEVLRStFCkDpPOk46TkJPQo9Cj0JPQk9CTzpOOgwxzDoM
c5FrUWsRYxBrEXORe5J7knuSe9J703vTc9N703PTc9Nz0nOSc5JzUXNRe5KD0oPT
g9OEE4PTg9OEE4QUe9NzknOTc5N704PTjBOMFIwUjBSMFIwUg9N70nuSg9OME4xU
jFSMVIxUjFWUVYxVjFSMVIwThBOEE4xVjFWUVZSVlJWUlpSWjFWMVYxVjFWUlpyX
nJaclpzXnNeUl5RWlFaUVZRVnJaklqTWpNac15zXnNec15zXnNeclpTXlJaUlpSV
lJWc1pzWpNek16TXpNec15yWnJaclpyWpJac15zXpNek16UXpRelF6UXpRelF6UX
pNek16TXpNek16TXpNek16TXpRilGK0YpNic15zXnNek2KTXpNek160XrVitGazY
pNik2KTYrNek16UYpRitGK0YrRitGKzYrRik16TXpNek16TXpNilGKUYrRilGKTX
pNec15zXpNik2KTYpNik2KTYpNic15zXnNek1pzWnNak15yWnJaclpzXnNec15zX
nNec15zXlNec15SXlJaUlpSXlJeUl5SXlJeUl5SXlJaUVpSWlJaUVpRWjFaUVpSW
lJaUlpSWlJaMVoxWjFaMVowWhFaEVoxWhFaEVYRVhFWEFYRVhFWEFYQVhFWEVYRV
hFSEVYRVhBV8FHwUfBR8E3wUc9Rz1HPUdBRz1HPUc9Rz1HOUa5Nrk2uTa5Nrk2uT
a5Nr02uTa5Njk2OTY5Jjk2OSW5JbUltSU1FbUWOSY1JjUltSW1FbUVtSUxFK0VMR
UxFTUVNSU1FLUVNRUxFS0ErQStBLEUrQStBK0ErQStFS0UrQQo9CjjpNOk5CjkKP
Qo9CT0JOSk5CTToMOcs5zHOSa1FjEGMQaxBzUHvSe5Jz0nPSc9J70nPSc9Jz0nPS
c5JzkmtRa1FrUXPSe9J704PTg9OD04QThBOEE3vTc5Nzk3OTe9OEE4QThBOEE4wT
jBSMFIQTe9N703wThBSME4xTjFSMVYxVjFWMVYwUjBSMFIwThBOUVJRVlFWUlZSV
lJWUlYyVjFWMVYxVlJWclpyWnJaclpyWnJaUVpRVlFWMVZyWnNac1pzXnNec15zX
nNec15zXlJeUl5SXlJaUlpSWnNak16TXpNek16zXpNeclpyWnJaclpyWnNec16TX
pNek16TXpRelF6UXpRelF6TXpNek16TXnNac1qUWpRelF6UXpRelF6UXnNec15zX
pRek16UXpRelF60YrRilGKTXpNek16zXpRelGKUYrRitGK0YrRitGKzYpNik2KTY
pRilGKUYpRilGK0YrRik16TXpNek16TXpNek16TXpNek16TXpNek15zXnNec15zX
pNec15zXnNec15zXnNec15zXnNec15zXlJaUlpSVlJaUlpSXlJeUl5SXlJeUl5SX
lJeUl4yWjJaMVoxWjFaMloyWjJeMl4yWjJaMVYRWjFaMVoRWhFaEVoRVhFSEVYRV
hFWEVYRVfBWEFYQVhFWEVYRVhFWEVHwUfBR8FHwUfBR0FHPUdBR0FHQUc9Nz03PT
c9Nz02uTa5Nrk2uTa5Nrk2vTa9Nrk2OTY5Njk2OSY5JjkltSW1JbElNSW1FbkltS
W5JbUltSW1JbElMRStFS0VsSUxJTUlNSU1JTElMRStFC0ErRStFK0UsRSxFLEEsQ
StFK0EKPQk46DkJOQo9Cj0KPQo5Cj0JOOg0xzDHMMgxzUmtRY1FjEWMRa1F7knuS
e5J70XvSe9N7k3uTc5Jzk3OTc5JzUnNSa1F7k3vTe9N704PTg9OD04QThBN703uS
e5J70nvTe9OEFIwUjBOMFIwUjBSEFHuSc9N704QTjBSMFIwUjFWMVYxVjFWMFYwV
jBSD04QTjFSUVJRVlFWUlZSWlJaMVYxVjFSUVJSVnJaclpyXnJecl5SXlJaMVYxV
jFWUlpzWnNac15zXnNec15TXnNec15zXnJeclpyWlFWUlpzXpNek16TXpNek16TW
nJaclZyWnJaclpzWpNek16TXpNek16TXpNek16TXnNek16TXpNec15zWnNak16TX
pRelGKUYpRilF6TXnNec16TXpNek16zXrRitGKUYpNic16TXpNek16TXpNelGKUY
rRitGa0YrRitGKUXpNek16TYpRelF6UXpRetGKUYpNek16TXpNek2KTYpNik16TX
pNek15yXnNec15zXnNec15zXnJecl5yXnJec15zXnNec15yXnJeUl5SXlJaUVpRW
lJaUlpSWlJeUl5SXlFaUlpSWlJaUlpSWjFaMVoxWjFaMloyXjJaMVoxWjFaMVYxW
hFaEVoRVhFWEVYRVhFWEVYRVhFWEFYQVhBSEFIRVhFWEVoRVfBV8FXwUfBR8FHwU
c9Rz1HPUdBR0FHPTc9Nz02vTa5JrkmuTa5Nzk2uUa5Nr02vUa5NrlGuUY1NjkluS
W5JbkltSW1FbUVtRY5JjUmNSW1JbUltSW1NLEUrRUtFTElNSU1JLEUtRS1FLEUrQ
StBK0ErQStBLEVLRStFK0ErQSs9CjjpNOk06TkKOQo9Cj0KPQo5CTjpMMgsyCzoM
c5FrUWtQYxBrEHNRe5F7kXuRe5J7knuSe5J7knOSc5Jzk2uTa5JrUWtSe5N703vT
g9OD04PTg9OEE4QTg9J7kXuSe5J704PThBOEFIQUhBSMFIwUg9R703vTg9OEE4xU
jFSMFYxVjFWMFYwVjBSMFIwUhBOEE4xUjJSUVZRVnJaUlpRVlFWMVYwUjBSUlZyW
nJaclpyWnJeclpRWlFWUVZRVnJac1pzWnNac1pzXnNec15zXnNecl5yXnJeUl5SW
lJWc1qTWpNak16TXpRek15yXnJeclpyWnJaclpzXnNek16TXpNek16TXpNek15zX
pNec15zXnNec15zXpNek16zXpNelGKUYnNec15zXnNec16TXpRelF60XrRitGKUX
nNek16UXpNek16TXpRelGK0YrRitGK0YpRik15zYpNik2KTYpNik2KUYpRilGKTY
pNec16TXpNik2KTXpNek16TXpNek15zXnJecmJyYnJicmJyXnJecl5yXnNec15zX
nNec15zXnJeUl5RXjJaUlpSWlJaUVpRWnJaUl5SWlJaUVpRWlFaUVYxWjFaMVoxW
jJaMloyWjFaMVoxWhFaEVoRWhFaEVoRVhFWEVYRWhBV8FYQVhBWEFXwVhBWEFYRW
hFWEVXwVfBR8FXwUfBR8E3QTc9Nz03PTc9Rz1GvTa9Nr02OTY5Njk2uTa5Rr02uT
a9Nr02uSa5Nrk2OTY5NjkmOSY5JbUVtSU1FTUVuSW1FbUltSW1JbUlsSStFK0VLS
UxJTUlNSUxJTElMSUxJK0UqQSpBK0UrQQxFS0UrRStFK0ErQQo86TjpOOo5Cj0KP
Qo9Cj0JPQk86DTHMMcwyDHNSaxJrEWLRYxFrUXOSc5J7knuSe5J7knuSe5JzknOS
c5JzUmtSa1FrUnOSe9N703vTe9OD04PTjBOD03vSc5J7knuSe9KD04QThBOEE4wT
jBOME4PUg9N703vTg9OMFIwUjBSMFYxVjFWMVYwVjBSMFIPThBSMVZSUjFSUVJSV
lJaUlpRVjBSMFIwUlJWUlZyVnJWc1ZzWlJaUVpRVlFWUVZyWnJac1pyWnNac15zX
nNec15zXnJecl5yWnJaUlpSVnNac1pzWnNak1qTXpNec1pyWlJaclpyWnJac16TX
pNek16TXpNek16TXnNek16TXnNec15zXnNac16TXpNek16TXpRilGJzXnNecl5zX
nNek16TXpNelF6UYrRilF5zXpNek16TXpNik16UXpRetGK0YrRitGKUYpNek16TY
pNik2JzYpRilGK0YpRilGJzXnNec16TYpNek15zWpNek2KTYnJecl5zXnJakl5yX
nJecl5yXnJac1pzWnNac15zWnNac1pyWlJaUlpSWlJaUlpSWlFaUlpSWlJeUl5RW
jFaMVpSWjFWMVYxVjFWMVoyWjJaMl4RWhFaEVYRWhFWEVYRVhFWEVYRVhFWEVYQV
hBWEFYQVhBWEFYQUhBWEVYRVhBV8FXQVdBR0FHQTdBRz03PTc9Rz1HPUc9Nr02vT
a9Jj0muSa5Nrk2uTa5Nrk2vTa9Nj02PTY5JjkmNSY5JjUmNSY1JbUlsSW1JjUltS
W1JbUltRW1FTEUrQStBLEVMSS1JTUlNRS1FLUVMRStBK0EqQStFS0UrQStBK0ErR
QtBC0EKPOk46TkJPQo9Cj0KPQo9Cj0KOOgwyCzILOgxzUmsRYxBjEGNQa1BrknOS
c5J7knuSe5JzkmuSc5JzknOSc5JzkmtRa1FzknvTe9OD04PTg9OEE4PThBN703OS
e5NzknuSe9N8E4QThBOEFIQUhBR71HvTe9N704QThBSMFIwUjFWMVIxUjFSMVIwU
jBSEE4QTjFWUlZRVlFWUVpSWlJaUVYxVjBSMFJSVlJWUlZyWnJac1pyWlJWUVYxV
jFSUlpzWnJecl5yXnNec15zXnNec15zWnJaclpyWlJaUVpyXnNec15zXnNec15zX
nJeUlpSWlJaclpyWnNac16TXpNek16zXpNek16TXpNek16TXnJac1pyWnNak1qTX
pNes2KUYpRic15zXnNec16TYpNek160XpRelGKUYpNek16TXpNek16TXpNek16UY
pRilGKUYpRik2KTYpNek16TXpNec16TXrRilGKUYpNek15yXnJek15zXpNac15zX
pNic15TWnNac1pzWnNec15yXnJaclpyWnJacl5yXnNec15yXnJaUlpSWlJaUVpRW
lFaUVpRVlJaUlpSWlJaMloyWjFaMVoxWjFWMVYxWjFaMl4xXjFaMVoxWjFWEVYRV
hFWEVYRVhFWEVIRVhFWEFYQVhBWEFYQVfBV8FYQWhBaEFnwVfBV8FXPUc9Rz1HPU
c9Rz1HPUc9Rz03PTa9Nr0mvSY5JjkmOSY5Jrk2uTa5Nr02uTa5Njk2OSY5JbkluS
W5JbkltRW1FbUltSW5JbUltSW1JTEVsSUxFLEErQUxFTEVMRU1FTEVMRUxFTEUrQ
QpBK0EqQStFK0UrQStFK0UrQQtBCT0JPQg5CTkKPSpBCj0KPOo46jTpMMgsyDDoM
c5JrEWsRYtFjEWtRc5JzknuSe5F7knuSc9Jz0nOTc5Nzk3OTc1JrUmtRe5J70oPS
g9KD0oPSg9OD03wTe9NzknOSe5J7knvSg9OEE4QUhBSEFIQUe9N703uTg9OD1IwU
jBSMFIxUjFSMVIxVjFWEFIQThBOEE4xUjFWMVZRWlFaUlpSWlFWMVYwVjBWUVpyW
nJaclpyWnJaclpRVlFWMVIxUlJWclpyWnJec15zXnJecl5yXnJecl5SXlJaUlpRW
lFacl5zXnNec15zXnNec1pSWlJaUlpSXnJaclpzWnNak1qTWpNek16TXpNek16TX
pNek15zXnNecl5zXnNek16TXpRitGKTYnNec15yXnNec16TXpNitF6UXpRelF6TX
nNec16TXpRek16TXpNelGKUYpRilGKUYpNic2JyXpNek16TXpNek16zYpNik2JzY
nNeclpyXpNek16TXnNec16TXnNeUlpyWnNec15zXnNec15yWnJacl5yXnNecl5yX
nJecl5yWlJaUlpSWlFWUVZRVjFaMVYyWlJaUloyWjFaMVoxWjFaMVoRVjFWMVYxW
lFaMVoxWjFaEVoRWhFaEVYQVhBWEFYQVhBWEFHwVhBWEFYQVfBV8FXwVfBV8FXwV
fBV8FXwVe9Vz1HQUdBRz1GvUc9Rz1HvUc9Nz02vTa9Nr02OTY5JrkmuTY5Njk2OU
Y5Nrk2uTY5Njk1uTW5JbkltRW1JbUlNRUxFTUVtSW1JbUltSW1FTUlMRStBK0FMQ
U1FTUVNRUxFTEVMRSxFK0EKPQtBK0ErRStFK0UqQStFC0EKPQk9CDjpOQk9Kj0qP
So5CjjqOOk4yDDHMMcwyDHNRa1FrUWMQYxBrUHOSc9J7knuSe5J7knuSc9JrkmuS
a5JrkmORa1FzUXuRg9KD0oPSe9J703vTe9N703PTa5JrknOTe5N704PTg9OEE4QU
hBR8FHvTe9N703vTg9OME4wTjBOMVIxVjFWMVIxUjBSEE4QTg9OMVZRVjFWUVZRW
lJaUVoxWjFWEFIQUlJaUlpyWlJaU1pzXlJeMVoxWjBWMVZSXlJac1pzWnNec15zX
nJecl5yXlJeclpxWnJaUVpRVnJaklqTWnNac1qTXnNeUlpSWlFaUlpyWnJac15zX
nNec16TXpNek16TXpNek16TXpNec15zXnJec15zXpNek16TXpRek15zXnNeclpzW
nNac1qTXpNelF6UYpNec15zXnNek16TXpNek16TYpRilGKUYpRilGKTYnNec16TX
pNek16TXpNek2KTYpNic2JyXnJecl6TXpNec1pzWnNac15zXnJacl5yWnJecl5yX
nJeclpyWlJaclpyXnJecl5yXnJecl5RXlJeMl4xWjFaMVoxWlFaUVpSWjJaMVoxW
jFaMVoxWjFaMVYxVjFaMVoxWjFaMVoRWhFaEVYRVhFWEVYQVhBWEFYQUhBSEFIQU
hBSEFIQUhBSEFXwVfBV8VXwVfBV8FHvUc9Nz03QUc9Rz1GvUa9Rz1HPUa9Rr02vT
a9Rjk2OSY5Nrk2uTa5Njk2OTY5Njk2OTY5NjkluSW1JbUltRU1JTUlNSW1JbUltS
W1JbUltSW1JTEUrQStBTEFMRSxFTUksRUxJTElMSStFKkUqQUpBK0ErQStBK0ErQ
StBCkDpPOg46DkJPQo9Cj0KOQo5CTkJOOg0xzDHMOgxzUmsRYtBrEWsQa1FzUXOS
e5J7knOSc5Jzk3NTc5Nzk3OSc5JzUWtRa1FzknPSe9J70nvSe9J703vTe9Nz03PS
c5J7knuSe9KD04PShBOEE4QThBN70nvTe5J70oPThBOMFIwUjFSMVIxUjFSMVYQU
hBR8E4QTlFSMVJRVlFWUVZRVlFWMFIwUjBSMFJSVlJWUlpSWlJacl5SXjFaMVYwU
jFSUlpyWnJacl5yXnJekl5yXnJeUl5SXnJeclpSWlFWUVZyWnJaclpyWnNec15zX
lJeUlpSVlJaclpyWnJac1pzXnNek16UXpNik16TXpNek16TWnNec1pyWnJac1qTW
pRek16TXpNek15yXnJaclpzXnNek16TXpNik2KTYnNec15zXnNek2KTXpNes16UX
pRelGKUYpRek16TXpNak16TXpNek16TXrNik2KTYnNecl5yWnNek16TXpNec15zX
nNec15TWlJaUl5SXnNec15SXlJeUl5SXlJac1pyXnJecl5yXlJeUl5SWlJaUVpRW
lFaUVpRWlFaUVpSWjFaMVoxWjFaMVoxWjFaMVoxWjFaEVoRWjFaMVowVjBWEFYwV
hBWEFYQVhBWEFYQUhBSEFIQUhBSEFHwUfBV8FXwVfBV8FXwVfBR8FHQUdBR0FGvU
c9Rz03PUc9Rr02vUa9Nr02uTa1JrU2uTa5Nrk2uTa5Nrk2uTY1Njk2OTY5JjkmNS
W1NbUltSWxJTEVtSW1JbUltSW1JTUlNSUxFK0ErQSxFTUVMRUxFTEVMSUxJTEkrR
SpFKkUrQStBS0kqRStBK0UrQQpA6TzIOOk5CT0KPQo9Cj0JPQk86DToNMcwxzDIN
c1JrUWMQYxBjEHNRc1F7kXOSc5JzknOSc5Jzk3OSc1JrkmuSa1FrUWtQc5F70nvS
e9J703vSe9N703vTe9NzknOSc5J7koPTg9OEE4QThBSEFIQUe9NzknOSe9KD0owT
jBSMFIxUjFSMVIxVhBWEFIQUfBSEE4xUlFWUVJRVlFWUVpRWjFWMFYwUjBSUVZSW
lJaUlpSXnJeUV4xWjFaMVYxUlJac1pyXnJecl5yXnJecl5yXnJaclpyWlFWUVZRV
lFWclpyWnJac1pzXnNec15SWlJaUlpyWnJaclpyXnNec16TXpNek16TXpNek15zY
nNec15SWnJaclpyWnJak16TXpNik16TXnNaclpyWnJecl5zXnNelF6TXpRek16TW
nNac1pzXpNek16TXpNek2KTYpRilGKTYpNicl5yXpNelF6TXpNek16UYpNik2JyX
nJeclpyXnNec15zXnNec2JzXnNeclpyWnJecl5yXnJecl5SXlJaUlpSWnNaclpSX
nJeUlpSXlJaUlpRWlFaMVpRWlFaUVpRWlJaUloxWjFaMVoRWhFaMFYxVjFaMVoxW
jFaMVoxWjFaEVYQUhFWEVYRVhFWEVYQVhBWEFIQUhBSEFIQUhBV8FXwVfBV8FXwV
fBV0FXwUfBRz1HvUe9Rz1HPUc9Rz1HQUc9Nr02vUa5RrlGtTa5Nrk2uTY5Njk2OT
Y5Njk2OTW5JbUltSW1JbUltSW1JbUVsRWxFbUltSU1JbUlNSU1JTUlMSStFK0VLR
UxJTElMRUxFTElMSStFKkELQQtBK0ErQStBSkFLRSpBC0ELPOo46TTpNQo5CjkKP
Qo9CjkJOOk0yDDHMMcwyDGtRa1FbEFrQYxFrUHNRc5F7kXuRc5FzkXORc5JrUnNS
a5JrUmtRa1FrUXORc9J703vTe9N703vTg9SD03uSc5FzknOSe5J7koPTg9OD04QT
hBOEE3vTc5JzknuTe9OEFIxUjBSMFIwUjFSMFIwUhBSEFIPTg9OUVJRVlFSMVYxV
jFWMVoxVjFSEE4QTlFWUlpSWlJaU15SWlJaMVZRVjBWMFZSWlJaclpyWnJaclpyW
nJaUlpSWlJaUlpSVlJaUVZRVnJaclpyWnJac15zXnNeUlpSWlJaUlZSVnJaclpzW
nNac1pzWpNak16TXpNek15zXnNecl5yXnJaclpyWnNek16TXpNek2KSXnJecl5yX
pJec15zXpNelGKUXpRec1pzWnNac16TXnNek16TXpNelGKUYpRic16TXnNaclpzX
nNec15zXpNelF6UXpNec15zWnJaklpzWnNec15yXnNec2JyXnJeclpyWnJaclpyW
nJaclpSWlJaUlpSWlJaU1pSWlJaUlpSWlJaMVoxWjBaMVoxWjFaMVoyWjJaEVYxW
jFaMVoxWjFaMVYyVjFWMVoxWhFaEVoRWfFWEFIQVhBWEFXwVhBV8FYQVhBV8FXwV
fBV8FXwVfBV8FXxVfBV8FXwVfBR8FHQUa9Rz1HPUc9RrlGvUa9Rz1HPTa9Nr02vT
Y5NjU2OSY5Jjk2OSY5Jj0mPSY9JbkluSW1NbU1tSW1JbUltSW1FTEVMRW1JTUltS
U1JTUlNSU1JTEUrRStBS0VMRUxFTElMRSxFLEUrQQpBCkEKQQtBDEUMRQxFC0ULQ
QtBCj0JOQk1CTkKOQo5Cj0KPQo9CT0JOMgwxyzHMOgxzUmsSYtBi0GsQa1FzUXuS
e5J7knORc5Fz0nOSc5JzknNSc1JrUmtSa1Jzk3vSe9J70nvTe9N703vUe9N703OS
c5JzknuSe5OD04PTg9OEE4QUhBR703vSe5J7koPThBOEE4wUjBSMFYxVhBSEFIQU
e9R704PTjFWMVYxVlFaUVZRVlFWMFIwUjBOMFJRVlJaUlpSWlJaUlpSWjFWMVYxV
jFSUlZSWnJacl5yXnJacl5yWlJaclpyWlJaUlpRWlFWUVZyWnJWclpyWnNac1pTW
lNWUlpSWlJaUlpyWnJaklpyWnNec16TXnNek16TXnNec15yXnJecl5yWnNec1pzW
nNek16TXpNec15yXnJaclqSXnJec16TXpNek16TXnJecl5yXpNec16TXpNek16TY
pNik2JzYnNicl5yXnJec15zXnNec150YpRik16TXpNecl5yXnJecl5yXnJecl5yX
nNeU15SXlJaUlpyWnJeclpyWlJaUlpSWlJeUl5SXlJaUVpSWlJaUlpRWjFaMVYxV
jFaMVoxWjFaMl4xWhFWMFYwVjFaMVoxVjFWMVYxVjFWMVYxWjFWMVoRVhBWEFYQV
hBSEFYQVhBWEFYQVhBR8FHwUfBR8FHwUfBV8FXwVfBV8FXwVfBR71HPUc9Rz1GvU
c9Nr02vTa9Nr02vTa5Nrk2uTa5JjkmOTY9Njk2OTY5NjkmOSY5JjkltTW1JbUltS
W1JTEVMRUxFTEVtSU1JTUlNSU1JTUlMRUxFK0ErQUxFTEVMRSxFLEUsRStFK0EKP
QpBK0ErQStBK0UrQStBKz0rQSo9CTjpOOk9CUEKQQpBCUEJPQk46DjINKc0xzTIN
a1BrUVrQWtBi0WtSc1JzUnNSc5JzknOSc5JzknOSa5JrkmuSY1JjUmtSc1J7k3uT
e5ODk3uTe9N703vTc9NzknOSc5J7knvThBOEE4QThBOEFIQUfBRz03OSc9N704QU
jBWMFIwUjBSMFIwUjBSD1IPUe9OD04xVjFWMVYxVjFWUVpRWhBWEFYQUhBSUVZRW
lFaUVpyWlJaUloyVjFWMVYxVnJaclpyWnJaclpyWnJacl5yWnJaclpSXlJaUVpRV
lFWclpyWnJaclpyWnNaclpSVlJaUlpSWlJaclpyWnJac1pzWnNec15zXnNec15zW
nJaclpyWnJaclpyWnJec16TXpNek16TXpJaUlpSWlJaclpyWnNak16TXpNik15yX
nJecl6SXpNec16TYpNik2KTYpNik2KTXpNek15yWnNec15zXnNek2KTXpNek15zX
lJaclpyXnJecl6SXnJacl5zXlJaUlpSWlJaUl5SXlJeUlpSWlJaUlpSWlJaUlpSW
lJaUl5SXjJaMVoxWjFaMVoxVjFWMVYxWjFaMVoxWjFaMVYxVjFWMVYxVjFWMVYxV
jFaMVowWjFaEVYRVhBWEFIQVhBWEFYQVhBWEFXwVfBR8E3wUfBR8FIQUfBV8FXwV
fBV0FXQUc9Rz03PTc9Rz1GvUa9Rr02vTY9Nr02vTa9Njk2OTY5Nbk2OTY5Jj02OT
Y5NbkmOTY1NbkltSW1JbUltSWxJTEVMRUxFbUltSW1JbUltSUxJTEkrRStBK0EsR
SxFLEUsRStFLEUsRStBCj0KQQtBC0ELQStBK0ErQQtBKkEKPQk46DTpOQo9CkEKQ
Oo9CjkKOQg06DDHLMcwyDWtRa1Ba0GLQYtFrEXNSc1FzUXOSc5JrknOSc5JrkmuS
a1JrUmtSY1FrUXORe5J7knuSe5N7k3vTe9N703vTc5JzUnOSc5J704QThBOEE4QU
hBSEFIPTe9JzknOSe9OD1IQTjBOEE4QUhBSEE4QUhBSEE4PTg9OMVIxUjFWMVYxV
lJaUVYQVhBWEFIQUlFWUVJSVlJWUlpSWjJaMVYwVhBWMVZSVnJaclpyXnJecl5yW
nJaclpSWlJaUl4yWlFWMVYxVnJaclpyWnJaclpyXnJeUlpRWlFaUVpRWnJaclpyW
nJaclpyWnNec15zXnNec15yXnJeclpyVlFWclZzWnNac16TXpNik2JyXnFaclpyW
nJaclpyWnNek16TYpNeclpyWnJaclpzWnNac16TXpNek16TXpNek15zXnNeclpyX
pNekl5zXnNek2KTYnNecl5SWlJac15zXnJecl5yXnJecl5yXnJeUl5SXlJeUlpSX
lJeMVpSWlJaUlpSWlJaUlpSWlJaUlpRWjFaMFoxWjFaMVoxWjFaMloxWjFaEVoxV
jFaMVoxWjFaEVYRWhFaEVoRWhFaEFoRWhBWEFYQVhBWEFYQVhBV8FXwUfBR8FHwU
fBR8FHwUfBR8FHwUfBR8VXQVfBV0FHPUc9Rz1HPUa5Rr02vTa9Nr0mPTY9Nr02vT
Y5JjkmOSY5Jb0mOSY5Njk2OTW5Njk2NSY1JjUmNSY1JbUlMSUxJLEVMRW1JbUltR
U1FTUVMRUxFK0ErQStBLEVNSUxFTEVLRSxFLEUMQQo9CkEKRQpBKkErQStBK0ErQ
QpBCjzpPOk06TjpOQo9Cj0KPQo9CTzoOMc0xzDHMMg1rUWtRWs9a0GMQa1FrkXOR
c5JzknNSc5JzknOSc5JzknNRc1JrUWNQa1FrkXuSe5J7knvSe9N703vTe9Nz03OS
c1JzknuRe5J703vTe9OEFIQUhBR703OSc5JzknvThBOEE4wUjBSMFIwUhBSEFIQU
hBOD0oPSjBOMVIxUjFWMVZSWjFWMVIwUhBOEFIxVlFWUVZSWlJaUloxWjFWMVYxV
jFSclZyVnJWclpyWnJecl5yWnJaclpSWlJaMloyVjFWMVZSVnJaclpyWnJaclpyW
lFWUVZRVlFWUVZyWnJaclpzWnNec16TXnNec15zXnNec15yXnJaclpSWnJaclpyW
nNac15zXnNeclpyWnJaclpyWnJaklqTXpNek16TXnJecl5yWnJeclpzWnNek16TX
pNik2KTYnNic15yXlJacl5zXnNec15zXpNik15yXnJeclpSWnJaclpyWlJaclpyW
nJecl5SXlJaUlpSWlJaUlpSWlJaUlpRWlFaUVpSWlJaUlpSWlJaMVoxWjFaEFYxV
jFWMVYxWjFaMVoxWjBaMVYxVjFWMVYxVjFWMVYxWjFaMVoRWhFaEVoRVhBWEFYQV
hBWEFnwVfBV8FHwUfBR8FHQTfBR8FHwUfBR8FHwUfBR8FHwUfBRz03PTc9Nz03PT
a9Nr02vTa9Nr02OTY5Njk2OTY1JrkmNSY1JjkmOSY5NjkmOSY1Nbk2NSW1JbUltR
W1JbUVsRUxFTEVMSW1JbUlNRU1FbEVsRUtBK0ErRUxFTEVMSUxFLEUMRSxBC0EKQ
QpBC0ELQStBK0ELQQtBKkEKPQk9CTjpOQo5Cj0KQQpBCUEJQQk9CDTnMMcsxzDoN
a1JjEVrQWxBbD2NRa5FrknOSc5JzkXOSa5FzUnOSc1JrUWtSa1FrEWtQc1F7knuS
e5JzknvTe9J703vTc9NzknOSc5J7knuSg9OD04PTg9SD1IPUe5N7k3OTc5N703wU
hBSEFIwUjBSMFIwUhBOEFIQUe9OEE4wTjFOMVIxUjFWMVYxUjFSEE4QThBSUVZRV
lFWUVZSVlJaMVYxVjFWMVYwUlJWUlZSWnJaclpyWnJaclpyWlJaUloyWlJaUVoxV
jFWUlpSWnJaclpyWnJaUlpRVlFWUVZRVlFWUlZSWnJaclpyWnJac1pzXnNec15zX
nNecl5yWlJaUlpyWnJecl5yXpNek16TXnJaclpyWnJac1pyWnJak16TXpNek15yW
nJaclpyXnJec15zXnNek16UXpNek15zXnNeclpSWnJecl5yXnJec2KTXpNecl5yX
nJeUlpyXnJecl5yWlJaUl5yXlFaUVpSWlJaUlpSXlJeUlpRWlFaUVpSWlJaUlpSW
jJaMloyWjFaMVoxVjFWMVYxVjFWMVoxWjJaMVoRWjFWMVYxVjFWMVYRVhBWEVYxV
jFWEVYRVhFSEVYQUhBSEFIQUfBR8FHwTfBR8FHwUfBR8FHwUfBR8FHwUfBR8FHwV
dBV0FHQUbBNr03PTc9Nz03PTa9Nr1GvUa9Rrk2uTY5JjkmORY5Jjk2uTY5Njk2PT
W5JjkmOSY5JbUltSW1JbEltSW1JTEVMRUxFTUlNSU1JTUVMRUxFTEUrQStBK0FLQ
UxFTEUsRSxFK0UrRQpBCkEKQSpBK0ErQQtBC0ELQQtBCjzpPOk4yTUJOQo9Cj0KP
Qo86TkIOOg0xzDHLMcw6DGtRYxBa0FrQYtBjEGtRc1FzkXORc1JzUnNSc5FzkWuQ
a1FrUWtRYxFjEHNSc5NzknuTe5J70nuSe9J703PTa1FzkXORe5J7kYPSe9KD0oPT
g9OD1HvUc5Nzk3OTe9OD1IwUjBSEFIwUjBSMFIQUhBR8E3vTe9OME4xUjFSMVIxU
lFWMVIwUhBSEFIQUjFWUVZSVnJWclZSWlFaUVoxVjBWMFZSWlJWUlpSWlJaUlpTX
lJaUlpSWlFWUVZRVlFWMVIxVlJaclpyWnJaclZyWlFWUVZRVlFWUlZRWlJaUlpyW
nJacl6SWnJac15zXnNaclpyWlJaUlpRWlJaUlpyWnNec15zXpNec1pyWlJaUlpSW
nJaclpyWnJek16TXnJeclpyWnJaclpyXnJec15zXpNek16TXpNec15yXnJaUlpyW
nJacl5yXnJec15zXnJeclpRWlJaUlpSXlJeUl5SWlJeUl5SWlFaUlpSWlJaUlpSW
lJaUVpRVlFWUVZSWlJaUlpSWlJaMVoxWjFaMVYxVjFWMVYxVjFWMVoyWjFaEVYwV
jBWMFYwVjBWEFYQVhFWEVYRVhFWEVYRVfBV8FHwUhBV8FHwUfBR8FHvUfBR8FHwU
fBR8FHwUfBR8FHwUfBV8FXwUfBR71GvTa9Nr02vTa9Nr02vTc9Nz02vTa5NjkmuS
Y1JjkmOSY5Jjk2OSY5NjkmOSY5JjkmOTW1JbUltSW1JbUVNRU1FTEVNRU1FTUVNR
U1FTUFMRUxFK0ErQStBTElMSSxFLEUsRSxFLEULQQtBKkEqQQpBC0ErQQtBC0ELQ
Qo9CTzpOOk06TkKPQo9Cj0KPQk5CTjoOMc0xzDINMg1rUWNSWxFa0VrRYxFzUXNS
c1JzUnOSc5FzkXORc5FzUWtRa1FrUWMQYxBzkXOSc5J7k3vTe5Jz0nPTc9Nzk2tS
a1FzknORe9J70nwSfBN704PTfBR703OSc5JzknvShBOEE4QTjBSMFIQThBSEFHvU
e9N704PTjBSMFIwVjFWMVYxVjFWEFIQUg9OEFIxVlFWUVZSVlJWUloyVjFWMVYwU
jBWUVZSVlJaUlpSWlJaUlpSWlJaUloyVlJWUloxVjFWMVZSXnJaclpyWnJac1pSV
jFWMVZRVlFWUVZxWnJaclpyWnJaclpyWnNaUlpyXnJeclpRWlJaUVZRVnJaclpzW
nNec15zXnNeclpSWlJaUlpyWnJac1pzXnNec15yXlJaUVpSWnJaclpyXnJec16TX
pNek16TXnNecl5yWlJacl5yWnJaclpyWnNec15yWlJaUlpSWlJaclpyWlJaUlpSW
lJeUloxVjJaUlpSWlJaUlpRWlFaUVpRVlFaUVpRWlFaUVpRWjFaMVoxWjFWMVYxV
jFWMVYxVjFWMVYxVhFWEVYRVhFWEVYRVhFWEFYRVhFaEVoRVhFWEFYQVfBR8FXwU
fBR8FHwUe9R8E3wUe9R71XvUe9R71HwTdBR0FHQUdBR0FHQUa9Rr1GvUa9Rr1GvU
Y9Nr02vTa9Nrk2uTa5Nrk2OTY1JjUmNSY5Jjk2OTW5Njk2OTY5Njk1tSW1JbUltS
W1JTUVMRUxBTEVsRU1FTUVNRUxFTEVMRSs9C0ErRSxFLEksRSxFLEUrRStFCkEKQ
QpBCkEKQSpBKkErQQtBCkEKQQk9CDjoNQk5Cj0KPQo86jzpOOk4yDSnMKcsyDDoN
a1FjEFsQWxBbEGNQa1FrUmtSa1JrkmuRa5FrkWuRa1FrUWtRY1FjEGMRa1FzUnOS
e5J70XPSc5Jz03PTc9NrkmtRc1FzknOSe9J70nvTfBN8E3wTc9JzknOSc5J7koPT
hBOME4wTjBSEFIQUhBSEFHvTe9N704QUjBWMVIxVjFWMVYRVhBSEFIQThBOMVJRV
lFWUlZSVlJWUVYxVhFWEFIwUlFWUlZSWlJaUlpSXlFaUlpSWlJaUVYxVlFWUFIwU
jFSUlpSWnJaUlpSWlJaUVZRVlFWUVZRVlFWUVZSVlJaUlpyWnJac1pzWnNac1pyW
nJaUlpSWlJaUlpSWnJacl5zXnNek16TXnJaUlpRWlJaclpyWnJak15zXpNec15SW
lJaUlpSWnJacl5yXnJec2JzYnNicl5yXlJeUVpSWnJeclpyWnJac15zXnNeUl5SW
lFaUVpSWnJaUlpSWlJaUlpSXlJeMVoxWjFaUVpSWlJaUloxWjJaMVoxWjJaMloxW
jFaMVoxWjFaMVoRVhBWMFYxVjFWEVYxWjFaEVYQVhBWEFYQVhBWEFYQVhBWEFYRV
hFWEVoRVfBWEFXvUfBR8FHwUfBR8FHwUfBR0FHQUc9R0FHQUc9Rz1HvUdBR0FHPU
fBRz1HPUc9Nr02vTa9Rr02vTa9Nz02vTY5Njk2OTY5Njk2OTY5Njk2OTY5Njk2OS
Y5Njk2NSY1JbEltSW1NbUlNSUxJTElMRUxFTUVNRUxFTEVMRUxFTEUKQSpBK0VMR
WxFTEVLRStFK0UrRQpBCkEKQStBKkErQStFK0ELQQtA6j0JOOg06DTpOQo5CjkKP
Qo9CjjpOMg0pzCnMMc0yDWsRYtBS0FrQYtBrEHNRc1FrUWtRa1FzkWuRa5JrUmtS
axFrUWMQYxBjEGtRc5FzknOSc5JzknuSe9Jz0mvSY5FjkWtRc5FzknvTe9N704PU
e9Nz1HOTa5JrknPSc9KD04PTg9SEFIQUhFSEFIQUe9OD03uSe9OEFIwUjFSMFIxV
jFWMVYQUhBN8E4QTjFSMVJSVlJWUlpSVlJWMVYxVjBSMFJRVlFWclZSWlJaUlpSW
lJaUlpSWlJaMVYxVjFWEVIxUlFWUlpSWlJaUlpSWlFWUVYxUjFWMVZRWlJWUlZyV
nJaclpyWnJaclpyXnJecl5yWlJaUVpRWlFaclZyVnJaclpyXnNecl5SWlJaUVpRW
lJaUlpzWnJek15zXnNeUlpSWlJac1pyXnJacl6TXnNec15zXnNec15yWlJaUlpyX
nJeclpyXnJec15TXlJeUloyVjFWUlpSWlJaMlpSWlJaUloxWjFaMVpRWlFaUVoxW
jFaMVYxWjFaMV5RWlFaMVoxWjFWMVoRWhFWEVYQUhBWEFYQVhFWMVYxVhBWEFYQV
hBWEFYRVhBWEFYQVjBaEVYRVhFWEFIQVfBR8FHwUfBR8FHwUfBR8FHwTfBN0FHPU
c9Rz1HPUdBR0FHwUfBR8FHwUe9Rz02vTa9Nr02vTa9Jr0mvTa9NrkmOSY5Njk2OS
W1JjkmOSY5Jjk1uSW5Jbk2OSW1JbUltSW1FTEltSW1JTElMSUxFTEVNRW1FbUVMR
UxFTEVMRUxFKz0rPSw9TEFMRSxFLEUrRStFK0UKPQpBCkEKQQpBKkErQQtBC0ELP
Qo9CTjpNOk1CTzqPOo9Cj0KPQo46TjoNMcwpzDINMg1jUWMQWtBSj1rQaxFrUWtR
a1FrUWtSa5FrUmtSa1JrUWtSaxFrEWMQYxBrUWuRc5JzknPSc9Nz03PTc9Rrk2NR
Y1FrUXOSc5J70nvSe9J703vTe9Nzk3OSc5JzknvSg9OD04PUhBSEFIQUhBR71HvU
e9N7k3uTjBSMFIxUjFSMVYxVhFWEFIQTg9OEFIxUjFSMVJRVlJWUlYxVjFSEVIQU
hBSUVZRVlFWUlpRWlJaUlpSWlJWUlZRVlFWUVYwVjBSMVJSVnJWclZSVlJWUlYxV
jFWMVYxVjFaUVZRVlJWUlpyWnJaclpyWnJaclpRXlJeUl5SXlJaUlZRVlFWUlpyW
nNac16TXnJeclpSWlFaclpyWlJaclpzXnNec15TWlJaUlpSWlJaclpyWnJecl5yY
nJec15yXnJeclpSWlJaUl5SXnJaclpyXnJecl5SXlJaUVoxWlJeUloxWlJaUlpSW
lJaMVoxWjFaMVpRWlFaUVoxWjFaMVpRWlFaUVoxWjFaMVoxWjFaMVowWhBWEFYQV
hBWMFYwVjFSMVYRVfFV8FYQVhFWEVYQUhBSEFIQUhFWEVYRVhBWEFIQUfBN8FXwV
fBV8FXvVe9R71HvUe9Rz1HPUc9R71XPUc9Rz1HwVfBR8FHPUc9Rr02vTa9Nr02uT
a5NrlGvTY5Njk2OTY5Njk2NSY1JjUmOSY5JjkluSW5JTUluTW1NTUltSW1JbUltS
W1JTEVMRUxFTUVNRUxFTEVMRUxFTEVLQStBK0ErQUxFTEUsRSxFLEUsQStFCkEKQ
QpFCkELQQtBC0ELQQtBCkEKPQo86TTpNOo06jkKOQo5CjkKPOk0yDDIMKc0yDTIO
a1BjEFrPWs9az2sQa1FrUWtRa1FrUWtRa1FrUmtRa1JrEWsRYxFjEGMQa1FrkmuS
c9Jz0nOSe5Jzk3PTa5NjkmOSa1JzknOSe5J70nvSe9J8E3wTc9JzknOSc5J70oPT
g9OEE4QThBOEE3wUg9OEE3vTe9J70oQUjBSMFIwUjBSMVYRVhFSEFIPTg9OMFZRV
lFWUVZRVlFWMVYwVjBWEFIQUjFWMVpRWlFaUlpSWlJWUlpSWlJaUVZRVlFWMFIwU
jFWUlpyWnJaUlpSWlJaUVYxVjFWMVYxVjJWUlZSVnJaUlpSWnJaclpyWnJecl5SX
lJaUlpSWlFaUVZSWlJaUlZzWnJac15yWlJaUVpRWlJaclpSWnJeUlpyXnNeclpSW
lJaclpyWnJaclpzWnNec15zXnNic15yXlJaUlpSWnJecl5yXnJecl5yXnJeUl5SW
lFWUVpyWlJaUlpSWlJaclpSVlJWUVZRVjFWMVZSVlFWMVYxVjFWMVYxWjFaMVpRW
lFaMVoxWjFWMVYQVhBWEFYQVhBWEVYRVjFWMVYQUhBWEFYQVhBWEFIQVhBWEFYwV
hBWEFYQVhBV8FXwUfBR8FHwUfBR8FHwUe9R71HPUc9Nz1HPUc9Rz1HvUc9R0FHQU
dBRr1GvUa5Nr02vTa9Nrk2uTa5NrlGuTa5JrkmOSY5JjkmNSY1NjU2OSY5Jjk2OT
W5Nbk1uTW1NbUltSW1FbUVtRWxFTEEsQU1FTUVNRUxFTEUsRUxBTEErPStBLEUrR
UxJTEVMRStFK0ErQSpBCkEKQQpBKkEKQQtBCkEKPQpBCj0JOOg06TTqNQo5Cj0KP
Qk86TjoNMgwxzDHMMg0yDWtRYxBaz1qPWs9jEGtRa1FrUWtRa1FrUGtRa1FrUWNR
a1FjUWMRWxFjEWtRc1FzknORc9J7knOSc9Jz03OSa5FrUWtRc1JzknuSe9N703vT
fBN703vSc5JzknOSe5KD04PTg9OEE4QThBOEFHwUe9R71HvUe9OEFIwUjBSMFIwV
jFWMVIQThBOEE4QTjFSUVJRVlJWUVZRVjFWMVYQUhBSEFIxVlFWUVZRVnJaUlpSW
lFaUVpRWlFWMVYxVjBWMFIwVlFWUlZSVlJWUlZSVjFWMVYxVjFWMVYxVlFWUVpyW
nJaUlpSWnJaclpyWlJaUlpSVlJaUVZRVlFWUVZRVlJWclpyWnJeclpRWlFaUVpRW
lFaUlpSWlJaclpzXnJaUVZRWlFaUlpSWnJac15zXnJecl5zXnJecl5SXjJeUVpSX
nJaUlpSWlNaU15SXlJaUlpRWlFaUlpSWlJaUVZRVlFaUVpRWjFaMVoxVjFaMVoxW
jFaMVoxWjFaMVoyWjFaMVoxWjFaMVYxVjFWEFYQUhBSEFIQUhBSEFYQVhBSEFIQV
hBWEFYQVhBWEFYQVfBWEFoQVhBV8FHwUe9R71HwUfBR8FHwUfBR8FHPUc9Rz03PU
c9Rz1HPUc9R0FHPUdBR0FHQUc9Rr1GuTa5Nr1GvUa5Nrk2vTa9Nrk2OTY5JbkmOS
W5JbkltSW1JjU2NTY1JjkluSW5JTkluSW1JbUltSW1FbEVMRUxBLEEsRUxFTUVMR
UxFTEVLRStFKkEqQStFK0UsRSxFK0UrRStFK0EKPQo9CkEKQQpFKkUqQSpBCz0KP
Qo9CTkIOOg1CTjqOOo86TzpQOk8yDjHMMcsxyzoMOg1rEWLQWtBaz1qPYxBrEHNR
axFzUWtRa1FrUWtRa1FrUWtRa1FjEWMQYxBrUXNRc1FzknOSc5JzknOSc5JzkmtR
a1FrUWtSc5JzknvSe9J70nvSe9Nzk3OSa5JzknuSe9OD04PThBOEE4QTfBN8FHvU
e9R703vShBSEE4QTjBSMVIxUhFSEFHvUg9OD1IxUjFSMVZRVlJWUVYxVjFSEFIQU
hBSMVZRVlFaUVpRWlFaUlpRWlFaMVoxWjFWMVYxVjBWMFJRVlFWUlZSVlJWUlYxU
jFWEVYxVjFWUVZSVlJWUlZSWlJaUlpSWlJaUlpSWlJaUVpSWjFaUVZRVlFaUVpRW
lJecl5yXnJeUVpRWlFaUVpRWlFaUlpyWnJecl5yWlJaUVpxWnJeclpSWnNec15zX
nNecl5yXnJeUlpRWlFaclpSWlJaUlpSXlJeUl5RWjFaMVpRWlJaUlpRWlFaMVpRW
jFaUVoxWjFWMVYxVjFWMVoxWjFaMVYxVjFWMVYxVjFaMVYxVjFWMVYQVhBWEFYQV
hBWEFYwVjFWMVYwVhBWEFYQVhBWEFYQUhBSEFIQUhBWEFYQUhBSEFHwTe9N8FHwU
e9R8FHwUe9Rz1HPUc9Rz1HPUc9Nz03PUc9RsFHQUdBR0FGwUa9Nj02vTa9Nr02uT
Y5Nrk2uTa5NjUmNSY1JjkltSY1JjUmNTY1Nbk1uTW5NTk1OSW5JbUltSUxFTUlNS
U1JTEVMSUxFTEVMSUxJTEVMRUxJTEUrQQtBK0UrRSxFLEUsRStBK0ErQSpBCj0KP
QpBC0ELRStBC0ELPQo9Cj0KOOk46TjpOOo46jjqOQo5CjkJOOg4xzDHMMcw6DDoN
axBqz2LPWs9az2MQa1BrUGtQc5FzUWtRa1JrUmtSa1JrUmMRYxFbEWNRa1FzknOS
a5JzkXORc5J7knuTe5NrUmtSa1FrkXNSe5J7knuSg9J703vTc5NrkmuSa5J7knvT
g9OD04PThBOEE4QThBN703vTc9N704QUhBOEE4QUhFSEVYQUhBSEFHvTe9OMFIxV
lFWUVZRVjFWMVYQUhBSEE4QTlFWUVZRVlFWUVZRVlJaUVpRWlFaMVoxVhFWMFIQU
jBSUVZRVlFWUlZSVlJWMVIxUjFSMVIxUjFWUVZRVnFaUlpSWlJaUlpSWlJaUlpSW
lJaUlpRWjFWMVZRWlFaUVpSXlJaUlpSWjFWUVZRVlFaUVZRWlFaUlpyXnJeUV5RW
lFaUVpRWlJeUlpSWlJeUl5yXnJeclpSWlJeMVpRWlFeUlpSWlJaUlpSWlJeUlpRW
jFaMVZSWlFaMVoxWjFaMloyVjFaMVYxVjFWMVZSVjFaMFYwVjBWMVYxVjFaMVoxV
jFWMVYxVhFWEVYQUhBSEFIQVhBWEFYQVhBWEFXwUfBR8FIQUhBR71HwUhBWEFYQV
hBWEFYQVe9R71HvUfBR8FHwUfBR8FHPUc9Rz1HPUc9Rz1HPUc9Rz1HQUdBR0FHQU
bBVr1GvTa5Rr1GvTa9Nrk2OTa5Njk2OTY5NjUmOSY1JbUmNSY1JjUmNSY1JjUmNS
Y1JbUltSW1JTUVMSUxJTElMSUxFTEVMRUxFTEVMRSxFLEUsRStFC0ELQStBLEUsR
SxFLEUrQStBK0EqQQpBCkEKQQpBC0ELQStBCz0KQQpBCUDpPMk46TjqPOo9Cj0KP
Qk86TjpNMc0xzTHNOg06DWsQYtBaj1qPWo9jD2MQaxBrUGtRa1FrUWtRa1FrUWNR
Y1FjUWMQYs9rEGsQc1BzUXORc5FzkXuSe5J7kntSaxFrEWtRa1FzUnOSe5J70nvS
e9J703OSc1FzUnNSe5KD0nvSe9KEE3wThBN8FHwUe9R703PTe5OEFIwUjBSEFIQU
hFWEVXwUe9R703vTjBSMVIxUjFWMVYxVjFWMFIQUhBOEE4xUlFSUVJRVlFaUVZRW
lFaUVpRVlFaMVYwVhBWEFIwUlFWUVZRVlFWUVZSVjFSMVIxUjFWMVYxVlFWUVZRV
lFWUlZSVlJaUlpSWlJeUloxWjJWMVYxVjFWMVZRWlFaUlpyWnJacVpRWlFaUVpRW
lJaUVpRWlFacl5yXlJaUVZRWlFaUVpRWlJaUlpSWlJeUl5SXlJeUV5SWjFaUVpSW
lJaUlpSWlJeUl5SXlJaMVoxWlFaUVpRWjFaMVoxWlJeUloxWjFWMVYxVjFWMVYxV
hFWMVYxVjFWMVoxWjFaEVYRVhFWEVIQVhBR8FIQUhBSEVIQUhBSEFYQVfBR8FHwU
fBR8FHwUfBR8FHwUfBR71YQVfBV8FXwUfBRz03QUdBR0FHQUc9Rz1HPUc9Rz03PT
dBNz1HPUfBR0FHQUc9Rz1HPUc9Rrk2uTa9Nr02vTa5Njk2PTY9Nbk2NSY1JjUmNS
Y1JjUltSY1JjUmNSY1JjUmNSY1JjUltRWxFTEltSW1JTUlMSUxFTEVMSUxJLEUsR
UxFLEUsRStBC0EsRSxFK0UrRStFK0UrRQtBC0EKPQpBCkEqQQpBCkELQQo9CkEKQ
Qk86TzpOOk46jzqPOo86TzpPOk8yDjHNMcwxzDHNOg1jEGMQUs9SzlLOYxBjEGNQ
a1FrUWtQa1BrUGtRY1FjUWtSY1FjEGMQYxBrUGtRc5FzkWuRa5JzknOSc5JzUmsR
axFzUnNRc5JzknOSe5N7k3vUe9R7k3NSa1JrUnOSe9J704QTfBOEFIQTfBN8E3vT
e5N7k3uTg9OEE4QTjBOME4wUhBSEE3vTe9N704QUjFSMVIxVjFWMVYRVhBWEFXvU
hBSMVIxVjFWMVYxWjFaUVpRWlFaUVoxWjFWMVIQUhBSEFJRVlFWUVZRVlFWUVYwU
jBWMFIwVjBWUVZRWlFWUVZRVlFaUlpSVlJaUlpSWlFaMVoxWjFWMVYxVlJWUVZSV
lJWclpyWnFaUVZQVlFWUVZSVlFWUlpSWnJecl5RWlFaUVpRWlFaUVpyWnJaclpyW
nJeUlpSWlFaUVoxWlFaUlpSWlJaUlpSXlJeUl4xWjFaMVoxWjJaUVoxWjFWMVpRW
jFaMVowVjFWMVYxVjFWMVYxVjBWMVYxVjFaEVYRWhFaEVoQVhBWEFIQUfBR8FIQU
hBSEFIQUhBWEFYPVfBR8FHwUfBSEFHwUfBR8FXwVhBWEFYQVe9V71HPTc9N0E3QT
dBN0FHPUc9Rz1HPTc9Nz03PUc9Nz03PUc9Rr1HPUc9Rz03PTa9Nj0mPTY9Nj02PT
Y5Nj02OTY5NbUmNSY1NjUmNTW1JjU2NTY5NjUmNSY1JbUltSW1JTUlNRUxFTUVMR
U1JLEUsRUxFTElMSSxFLEUsRSxBK0ErQQo9K0ErRSxFK0UrRQtFK0UrRSpBCkEKQ
QpBKkEqQStBKz0qPSo9Cj0JOQk46TjpOQo9CjzqOOk46TjpNOg0xzDHMOgw6DToN
YxBbEFKOUo5az2MQYxFjEGMQa1BrUGtQa1FrUWsRaxFjEVrQYtBa0FrQa1FrUXOS
c5JrkmuSa1JzknOSa5JrkmMRa1JrUmtRc5J703vTe9N703vTe5NrUmtRa1JzknvT
fBN8E3wTfBOEE3wTfBNz0nOTc5Nzk3wUfBSEFIQUhBSEFIQUhBN703vTe9SEFYxV
jFSMVZRVjFWMFIQUhBR704QUjFSMVYxVlJWMVYxVjFWMVYxVjFWMVYxVjFWMFIwU
jBSUVZRVlFWUVZRUlFWMFIwUjBWMFIwVlBWUVZRVlFaUVZRVlFWUlZSVlJWUlZSV
lFaMVYxVjFWMVYxVlFWUVpSWnJaclpSWjFWMFYxVjFWUVpRVlFaUVpSXlJeUloxW
jFaMVoxWlFaUVpyWnJaclpyWlJaUlpRWjFaMVYxWlFaUVpRWlFaUVpSWlJaUloxW
hBWMVZRWlFaUVZRWlFWMVoxWjBWMFYwVjBWMFowVlBWMFYwUjBWMVYxVjFWMVYxV
jBWEFYQVhBWEFIQUhBOEFIQUhBWEFIQVhBV8FHwUfBR8FHwUhBR8FHwUfBR8FXwU
fBR8FXwUc9Nz03PTc9Nz03vTe9Nz03vTc9Nz02vTc9Nz03PSc9Nz03PUc9Rr1HPU
c9Rz02uSa5Jr02uTY5Njk2OTY5Njk1tTW1NbU2NSW1JbUltSW1JjUmNSY1JbUltT
W1JTUltSW1JTEUsRS1FTUVNSUxFS0VMRUxFTEUsRSxFLEUMRUxFK0UrQStBK0EsQ
SxBK0ULQStFK0UKQQpBKkUKQQpBCkEKQQo9Cj0KPQo9CTzpOMk06TkKOQo46jjqO
Ok46TToNMcwxzDHMOg4xzWMQYtFakFKPUpBbEWMQY1FrUWNQY1BrUWtRY1BrUGNQ
YxBjEFrRWtFa0WsSa1JzUXNRc1FzUXOSc5JzkmtRa1BjEWtQa1FzUXORc5JzknvS
e9J703OTa1JrEnNSc5F70nvSe9KD03vTe9N703vTe9Nz03OSc5N704QThBOEE4QU
hBWEFHvUe9N704PTjBSMFYxUjFSMVYxVhBSEFIQUhBOEE4xUjFWMVYxVjFWMVYxV
jFWMVYxVjFWMVYxVjBWD1IwVlFWUVYxVjFWMVZRVhBOMFIwUjBSMFYwUlFWUVZRV
lJWUVZRVlFWUVZSVlJWUVpRVjFWMVIxUjFWMVZRVjFWUVZSWlJaUVoxVjFWMVYxV
jFWMVZRWlFaclpSWlJWMVYxVjFWUlZRWlJaUlpSWnJaUl5SXlJeMloyVjFWMVZSV
lFWUVZRWnFaUlpSWjFWMVYxVjFWMVYxVjFWMVYxVjFaMVoRVjBWEFYQVjBWMVYxV
jFWEFYQVhFWEVYRVjFWMFYwVjBWEFIQUhBR8E3wThBOEFIQUhBSEVHwUfBR8FHwU
fBN8E3wTfBN8FHwUfBV8FXwVhBV8FXvUc9Rz1HPUc9Rz1HPUc9Nr03PUa9Nr02vT
bBNr02vTa9Nz1HPUc9Rr1GvTa5Njk2OTY5Njk2PTY5Njk2uUY5NjU1tSW1JbUlNS
W1JbUltSW1JbUltSW1JbUltSW1JbElsSUxJTElMRUxJLEUsRSxFTEVMRUxFK0EsR
SxFDEUrRStBCz0LQSxFK0UrSStFCkUqRSo9Cj0KPQo9Cj0KQQpBCkEKPQo9Cj0JO
Qk46TjpOOk46jkJOOo46jjpOOk4yDTHMMcwxzToNMg1i0FrQUo9Sj1KPWtBjEGMQ
Y1BjUGNQY1FjUWMRaxFrEWsRYtBaz1rPWs9jUWNRa1FzUnOSc1JzknNSc1JjEWMR
YxFjEWsRa1FzkXORc5JzknPSc9JrkmtRa1FzUHNRe9J70nvTe9N703vTc5N703vT
c5JzknOSe9N8E4QThBOEE4QUhBR8E3vTe9N704wUjBSMFIxUjFWMVYxVhBSD1HvT
hBOMVIxUjFWMVYxVjFWMVYxVjFSMVYxVjFWMVIQUhBSMFIxVjFWMVYxVjFWMVYPT
jFSEFIQUhBSMFIxVlFWUVZRVlJWUVZRVlFaUVpRWlFaUVpRVjFWMVYxVjFWMVZRW
lFaUV5SWlFaMVYwVjBWMVYxVjFWMlpRWlJaUloxVjFWMVYxVjFWMloxWlJaUlpSX
lJaMlpSWlJaUVoxWjFaMVpRWlFWUVpRWlJaUVoxWjFWMVIxVlFWUVYxVjFWMVYxV
jFWEVYQVjBWMFYQVjBWMVYQVhBWEFYQWhBWEFYQUhBWEFIQVhBSEFIQUe9N71IQU
hBSEFIQUhBSEFIPTe9OD04PUg9R8FHvTfBN8FHwUfBR8FHwUfBRz03PTc9Nz03PT
c9Nz03OTa9Nr02vTa9Nr02vTa9Nr02vUc9Rz1HPUa9Nr02uTY5NjkmuTY5Njk2OT
Y5Njk2OTY1Nbk1tSW1JbUltSW1JbUltSU1JTUlNSW1NbUltSUxJTElMSSxFTElMS
UxJLEVMRUxFTEVMRUxFLEUsRSxFLEUKQQpBK0UrRSxFC0ELRQtFC0ULQQpA6j0KP
Qo9Cj0KPQpBCkEKPQo9CjkKOOk06TUJNQo5CTkJOOk46TjJNMkwqCzHMMgwyDTIN
Ys9ijlKOWo5SjlrPYxBrEGtQYxBjUGMRYxFjEWMRYxFjEWMRWtFa0FLQY1FjUWNR
a1FrUWtSa1JrUnNTa1JrUWMQYxBrEWtRc1JzknOSc5JzknOTa1JrEWtSc1FzknOS
e9N703vTe9N71HvTe9Nzk3OSc5JzknvTe9N8E4QThBOEFIQTg9N703vTe9OMFIwU
jBSMFYwVjBWMFYQUg9R703wTjFSMVYxVlFWMVYxVjFWEVYxWjFWMVYRUhFSEE3vT
hBOMVYxVjFSMVYxVjFV704RUhBSEFIQUhBSMFIxVlFWUVZRVlFWUVpRVlFWUVpRV
lFWMVYxVjBSMFIxVlFWUVpSWlFaUVpRVlFWMVYwVjFWMVYxVjFWUVZRWlJaMVYxV
jFWMVoxWjFaMVpSWlJaUlpSWjJaUloxWjFWMVYxVlFaUVpQWjFaUV5RXlFeMVoxV
jBWMFYxVjFWMVYRVjFWMVYxVhFWEFYQVhBWEFYRVhBWEFYQVhBWEVYQVhBWEFYQV
hBSEFHwUfBR703PTe9R8FIQUfBSEFIQVfBR8FHvTe9N703vUe9R71HvUe9SEFHwU
fBN8FHQTa9Nr03PTc9Nz03PTc9Nzk3PTa9Nr02vTa9Nr1GvTa9Nr02vTa9Rr1GvU
a9Rrk2uTY5Nrk2uTY5Nrk2OTY5Njk1tTW1NjU1tTW1JbUluSW1FbUltSW1NTU1NS
W1NbUlNSU1JTElMSUxJTEkrRUtFTEVMRUxFTEVMRSxFLEUrRStFK0EqQStBK0UrR
StFCkUqRStFCkUKQQo9Cj0KPQo9Cj0KROpA6kDqQOk86TzoOMg46TjqOOo86TjpO
Ok06TTIMMcwqCzIMMk0yDVrPUo5SjlKNUo5az2MQYxBrEGMQYxFjEWMQYxBjEGtQ
YxBjEFrQUtBS0GNQY1FrUWtRa1FrUWtRa1FrUWsRYxBaz2MQYxBrUXORc5FzkXOS
c5JzkmtSY1FjEWtRc5JzknuSe5N703vTe9N703PTe5Nzk3NSc1J703vUfBN8E4QT
hBOEFHvTe9Nz0nvShBOEFIwUjBSMFIwUjBR71HvTe9N704QUjFSMVIxUlFWMVYxV
jFWMVYxUjFSEVIQUhBOEE4QTlFSMVIxUjFSMVYxVe9OMFYQUhBOEE4QUjBSMVIxV
jFWMVYxWjFWUVZRVjFWMVYxVjFWMFYwUjBSUFIxUjFWMVZRVlFaMVYxVjFWMFYwV
jFWMVYyWlFWUVpRWjFWMFYwVjBWMVYxVjFWUVpSWlJaUlpSWjFaMVoxWjBWMVYxW
jFWMVYxWlFaMV4xWjFaMFYQVjBWMVYxVjFWMVYxVjFWEVYQVhBWEFIQVhBWEFYQV
hBWEFIQUhBSMFYwVjBWEFYQVhBR8FHwUfBN8E3vTfBN8E3wTfBSEFHwUe9N703vT
e9N703vUe9R71HvUe9R8FHwTdBRz02vTa9Nz1HPUc9Nz03PTc9Jr02vTa9Nr02vT
c9Nz03PTa9Nr02vTa9Nr02uUa5RjU2OTa5Njk2OTY5Nj02OTW5JbUltSW1JjUltR
W1FbUVtRW1JbUltSWxJbUlNSU1JTElMTUxFTEVMSUxJK0UsRSxFLEEsRSxBLEEsQ
SxBK0ErQQtBCkELQStFK0UrRStFK0EqQSpBCUEJPQo9Cj0KQQtBCkEKQQpBCkEKQ
Ok86DzoOOg06T0JPOk46DjpOMg0yDCnLKcsqDDINMg1iz1KOSg1STlJOWo9iz2MP
Ww9jUGMPYw9i0GsRYtBjEGLQWs9Sz1LPUs9bEGMRa1FrUWtRa1FrUWtSa1JjUWMQ
WxFbEGMQa1BzkXORc5Fz0XORc5FzUmtRY1FrUXOSc5N7k3uTe9N71HvTe9Nzk3OT
c5JzUnNSg9OD03vTe9OEE4QTfBNz0nPSc9J7koQUhBOEE4QUhBSEFIQUfBR71HvT
e9SEFYwVjBWMFYwVjFWMVYxVjFWEVIQUhBSEFIQUhBSEE4xUjFSMVIxUjFSMVXvT
hBSEE4QThBSMFIwUjBSMVYxVjFWMVYxVjFWMVYxVjBWMVYRVjBWMFIwTjBSMVIxU
lFWUVZRVjFWMVIQUhBSMVIxUjFSMVYyWlJaUVoxVjFWMFYxVjFaMVZRWlFaUVpRW
lFeUVoxWjFaMVYwVjFWMVoxWjFaMVoyWjFaMVoxVhBSEFIQUjFWMVYxUjFSMVIxV
jBWEFIQVhBSEFYQUhBSEFIQUhBSEFIQVhBWEFYQVhBWEFYQUhBN8E3wTc9N703vT
fBR8FHwUhBR8FHvUe9N703vTe9Nz03PTc9N71HwUe9R8FHvUc9Rr02uTc9Nz03PT
c9Nz03PTc5Nrk2uTa5Nr02vTa9Nr02vTa9Nr02vTa9Nr1GuTY1Jjk2OTY5NjkmOS
Y5Jjk2OSW1JbUlNSW1JjUmNSYxJbUltSW1JTUltSU1JbUlNSU1JTElMRUxFTEVMR
UxBTEUsQSxBLEUsRQtFC0ULRStJLEkKQQpBKkUrRStFC0ELQQtBC0EKQQlBCUEJQ
QpFCkUKRQpBCj0JPQo9CjzpOMk4yDjpOQk46TjpOOk46TToNMcwpzCnMMg0yTTIN
Us9SjkqNSo1SjlrPWtBjEGMQYxBa0FsPYw9jEGMQWxBa0FrQUs9Sz1KPWs9jEGsQ
aw9rUGtQa1BrUWuRY1FTD1rPWtBjEGtRa1FrUXNRc5FzkXOSa1JjEWMRYxFrUXuR
e5J7knOTc5Nzk3OTa5Nrk2uSa1JzUXuSe9KD0oPThBOEFIQUe9N7knOSc5KEE4QT
hBSEFIQUhBR8FHvUe9N70oPThBSEFIQUjBSMVIxUjFSMVIwUjBSEFIQUfBR8FHwU
hBSMFIwUjBSMFIwVjFV704QUg9SD04vTjBSMFIwUjBSMVIxUjFSMVIxUjFSMVIxU
jFSMVIwUhBOEFIQUjFWMVYxVjJWMVYxVhBSEFIwUjFSMVYxVjFWMVoxWjFaMFowV
jBWMFYwVjBWMFYxVlFWUVpRWlFWMVYwVjFWMFYwVjFWMFYxVjFaMVoxWjBaMFYwV
hBSMFIwVjFWMFYwVjBWMFIQUhBSEFIQUhBSEFIQUhBOEFIQUhBSEFIQUhBSEFIQU
fBR71HwUdBNz03PTc9N703vTe9N703wTfBRz03PTc9Nr03PTe9Nz03PTe9R71HvV
e9R71HPTc5Nrk3OTc5Nz03PTc9Nr02uTY9NrkmuSa5Jr02uTa5Nr02vTa9Rr1GvU
a9Njk2OTY5Njk2OTY5Njk2OTY5NjkltSU1FTUltSWxJbElsSWxJbUltSW1JbUltS
W1JTEksRSxFLEUsSSxJLEUsQSxFK0EsQSxFK0UrRStFK0UrRSpBCkEKQQtBC0ErQ
StBC0ELQQs9CjzpPQk9Cj0KQQpA6kEKPQo9CjzqPOo46TjpNOg1CDUJOQk5CTjpO
Og06DTIMKcwpzDINMg0yDVqPUo5STUpNSk1SjlrPYs9iz2LQYxBbD1rPWxBa0FLQ
UtBS0FKPWo9SjmMQYxFrEGsQa1BrUGtQa1FrUWMQWtBaz1rPYxBjD2tRa1FrUXNS
c1JzUmtRYxBjEGNRa1FzknOSc5JzknOTc9Rzk3NTa1JrUmtSa1F7knvSe9KD0oPT
g9OD03uSc5JrkmuSfBOEFIQThBSEFIQUe9R71HuTe5N704QThBSEFIQUhBSEFIQU
hBSEFIQThBN8E3wUe9N703vThBSMFIwUjBSMFIxVc5J71IPUg9OD04QUjBSMFIwV
jBSMFIwUjFSMVYRUjFSMVIwUhBSEFIQUhBSMVYxUjFSMVIxVjJWMVYQUhBSEFIQU
jBSMFIxVjFWMVYxVhBWEFIQUhBSMFIwUjFWMVZRVjFWUVpRVjFWEVYRVhBSEVYxV
jFWMVYxVjFaMVoxWhFWEFIQUhBSMVYQVhBSMFYQVhBWEFHwUfBR8FHwUhBSEFIQU
g9SEFIQUhBSEFIQUg9SEFIQUfBR8FHvUc9Rz03PTe9N703vTe9N8E3vTc9Nz03PT
c9Nz03PTc9Nz03vTe9Rz1HPUc9Rrk2uTa5Nzk3OTc5Nzk2vTY5Jjk2NTY5Njk2PT
Y9Nj0mPTa9Nz1GvUa9Nrk2uTY5NjkmOSY5NbkluSW5JbkluSW1JTUlMRU1JTUlNS
U1JTUlNSU1JTUktRU1JbUltSUxFS0VMRStFTEksSUxFK0VLQStBS0EsRStFK0UrR
StFK0UrQSpBCkEqQStFKkEqQSpBKkEKQQo86TzpPQo9Cj0KPSo9Cj0KPOo86jzqP
Ok8yDToNOg1CDkJOOk46TjpNMkwyDCnMKcwxzTINMg1SjkpOSg1KDUoNUk1azlrO
Yw9azlrOWs9az1rPWpBakFqQWo9aT1KOUo9iz2MPYxBjEGMQYxBjEGMQYxBbEFrP
Ws9az2LQYxFrUmtRa1FrUmtSa1FrEWMQWxBjEGMQc1JzUnNSc5JzknOSa5JrUmtT
a1JrEmsRe5J7knuTe5N71HvUe5Nzk3OSc5JrkXvTe9OD04QThBSEFHvUc9Nzk3OS
c5KEFIQUhBSEFIQUhBSEFIQUfBSEFIQUfBN8E3vTc5J704QUhBSEFIwUjBSMFHuS
g9N703vSg9OMFIQUhBSMFIwUjBSMFIwUjBSMFIwUjBSEFYQVhBSEFIQUjBSMFIxU
jFSMVIxUjBSEFIQUhBSEFIwUjBSMFYxVjFWMVYQUhBSEFIQVhBWEFYwVjFWMVYxV
jFWMVYxWjFWEFYQUjBSEFYRVjBWMFYxVjFaMVYQUhBSD04QUjBSMFIQUhBSEFIQU
hBSEFHwUe9R8FHwUhBSEE3wTe9OEE3wTfBR8E3wTfBR8E3wTfBNz1HPTc9Nz03PU
e9R703vUe9Rz1GvTc9Nz03PTc9Nz03PTc9Nz03PTc9Nz03PTa9NrkmuSa9Nrk2uT
c5Nrk2OSW5Njk2OTY5Jjk2OTY5Nrk2uUa5Rr1GvUa5Njk1uTW5JbkluSW5JbkltS
W5JbkltSUxJTElMSU1JTUlNSU1FTUltSWxJTElNRU1FLUVMRUxFLEUsQUxFTEVMQ
StBK0ErPStBLEErQStBC0ELQQtBCkEKPStFCkUrRStFCkEKQQpBCj0KPOk46jjqP
Oo86kDqQOpA6kDqPOk86TjoOMg0yDTpOOk46TjpOOk0yTTIMMgwpizHLMgwyDDIM
Uk5KTjoNQgxKTFKNWs5azlrOWs5az1rPWo5aj1qPWo9aj1KOUk9SjkpNWo9iz2LP
Ws9bD2MPYw9rD2sPYs9aj1qPWo9akGMQaxFrEWsQa1BrUWNRYxFbEFsQYxBrEHMR
c1FzUXORc5FzkXOSa1JrU2sSaxJrEntSe5J7knPSc9J703PTc5JrkmtRc1J7k3vT
e9N71HwUfBSD03uSc5JrknOTg9SEE4QThBOEE4QThBOEE4QTfBN8EnvTe9JzknOS
e9OEFIQUhBSEFIQUhBN70oPTe9OD03vTg9OD04QThBSEFIQUjBWMFIwUjBSEE4QU
hBSD1HvUe9SEFIwUjBSMVIwUjFSMVIQTg9N704PTjBSMFIwUjFWMFYwVjBSEFIQT
hBOEFIQUhBSEFYwVjFWMVYxVjFaMVYwVhBSEFIQUhFSEFIQVjBWMFYwVjBSD1IPU
g9SEFIwUjBSEE4QThBSEFHvTe9N703vTg9OEE4QUhBSD04PTg9OD04PUg9SD1IPU
g9N8E3QTc9Nz03OTc9Nz03PTc9Nz03PTc9Nz0muTa9Nr02vTc9Nz03PSc9Nz03OT
c5Nr02vTY9NjkmPTa5Nrk2uTa5NjU2OSW5JjkmOSY5JjkmOSa5Jrk2uTa5Njk2OT
Y5NjU1tSW1JjkmOSY1JbUltSW1JTUlMSU1JTUlNSU1FTEVMRUxFbEVtSU1FTEUsR
SxFLEUrQStBK0FMQSxFLEUsRStBK0FLQStBC0ELQQtBK0ErQQo9Cj0KPQtBC0EKP
Qo9Cj0KPQo9CjzpOOk46jzqPOo86jzqPOo46jzpOOk4yDTIMMg06TjpOOk46TjpN
Og05zDHMMcwxyzoMMgwyDEpMSgtCC0HLQctKTFKNUo1SjVqOWo5aj1JOUk1azlKN
Uo1KjUpOSg1KDVJOWo5aj1rOYs5iz1rPYs9i0FqPUk9ST1qPWo9aj2LQaxBiz2sQ
axBrEVqQUtBSj1rQYw9rUHNRc1FzUGtQa1FrUGsRYxJjEmLRYxFzknOSc5JzknOS
c5NrkmNSY1FbEWNRc5N703vSg9N8E3vTc5NzkmtSc1JzkoPTg9OD04PTg9OD04QT
hBN703vSe9J703PTc5FzknvThBOD04PTg9OEE4RUa5Jz03PTc9Nz03vTe9OD04PT
hBOMFIwUjBSMFIQUhBSEFIQTfBN703vTe9OEE4QThBOEFIQUhBWEFIPTg9N704PT
hBOEE4QUhBWEVYQVhBSD04QTjBOMFIwUjBSMFIxVjBWMFYwVjBSMFIQUhBSEFIQU
hBSEFIQUjBWMFYwUhBSD1HvThBSEFIQUhBSEE4QThBR8E3vTe9N703vUe9R71HvU
e9N703vTe9N703vUe9R71HvTe9N703PSc9NrknOTc9Nz03PTdBNz02vTa9Nrk2uT
a5Nrk2vTa9Nr02vTc9Nz1HPTa9Nrk2OSY5JjkmuTa5Njk2OTY5JbkluTW1NjU2NT
Y5Njk2OTY5Nj02OTY5Nbk1uTW5JbUmNSY1JbUltSW1JbUltSW1JTEVMRWxFTEVMR
UxFTEVMRUxFbEVMRUxFTEUsRSxFLEUrQStBK0UsQSxBK0ELQQtBDEELQStBC0ErQ
StBK0EKQQo9Cj0LQQtBCkDqPQo86j0KPQk5CTkJOQk5CjkKOQo46jzqPOk46TjoO
Mg0yDTINOk06TTpOOk06TTIMMgwxzCnLKcsxzDIMMgxKC0oLQcpByknKSgtSjFJM
UkxSTEpMSoxSjVJNSk1STUpNSkxKTEpMSgxKTVKOUo5SjlKOWo5aj1qPWo9aj1JO
Uk1STlqOWo5iz2MPYs9iz2LPYxBa0FKPUo9ajmLOaw9rD2sQaxBrUGtQY1BjUGMQ
WxFa0FrQY1FrUWtRa1FzkWtRa1FjEWsRYw9jEHOSc5J7knuTe5Nzk3OTc5JrUmtR
c1J7k3vTe9N703vTe9R7k3uTe9N7k3vTc5NzknOSc5JzknvTe9N703vTe9OD1GtR
c5JzknOSe9KD04PTg9OD04PTg9OD04PTe9N703vUe9N703vTe9N7koPThBOEE4QT
hBOEFIQUhBN703vTe9N8E4QThBOME4wTjFSEFHwTe9N703wThBOEE4RUhBSEFIwU
jBSL1IwUhBR8FHvThBSEFIQUhBSEFIQUhBR8E3wTe9N704PUg9SD1IQUg9OD04QU
e9R703vTe9N703vTe9N703uTe9N703vTe9N703vTe9N703vTc5Nr0nOSa5JzknOT
c9Jz03PTc9Nz02uTa5JrkmuSa5JrkmuSa5Jrk2uTa5Nrk2uTa5NjUmNSY5NrkmuS
a5JjkmORW1FbUltSW1JbUmOTY1Njk2OTY5Njk2OTY5NjU1tTU1JbUltTW1JbElsS
W1NbUlNSUxFLEUsRUxFTEVMRUxFS0VMRUxFTEVMQUxBTEUrRStFK0EqQStFK0krS
QtFC0EKQQpBCkErQStBK0ELQQpBCUDpPQk9Kj0qPQo9CjkKOQo5CjkJOOk46TjpO
Ok46TjpOOk46TjpOMk46DTINMc0yDToNOg46DjoOOg0xzTHMKcwpzCnLKgsqDCoM
SctBykGKQYo5iUnLUgxSDFIMSgxKDFJNSkxKTEoMQgxBzEHMSgxCC0ILSkxSTVJN
Uk1STVJOUo5SjVqOUk5KTEoMSg1STVqOWo5ajlqOWo9a0FrPUo9KTkpNUo1ajWLO
Ys9jD2MQYw9jEGMQWtBa0FrQUo9SjmMQaxBjUWtRa1FzUWtQaxBjD2LPYxBzUnNS
c1JzUnNSc1NrUWtRaxFrEGsRc5J7k3uTe5N7k3OSc5Nzk3OTc5NrUnNSc1JzUnNS
c1J7knuSe5J7knuSe9JjEGtRc1JzUXNRc5J7knuSe9J703vTe9N703vTe9R703PT
e9J70nvSe5F7koPSg9OD04PTg9OEE3vSc9Jz0nvSe9J70nvTg9OD04QThBN703vT
e9N704QThBOEE4QThBOEE4QUhBR8FHvTe9N703wThBOEE4QThBOEE4QThBN703vT
e9N704PUe9R71HvUe9N703PTc9NzknOTc9Nz03PTe9N70nvTe9N703vTe9N703PT
c9Nr03OSa5JrkmtSa5JrknOSc5Nzk3PTa5JjkmuSY5JrkmuSa5JrkmuSc9JrkmuT
a5JrkmOSY1JjUmOSY1JjUmNSW1FbElsSWxJbUltSW1JjkltSW1JjUmOTY5NjkltS
Y1NbUlMRUxFbUltSWxJTEVNRUxJLEUrRStFK0VLQUtFS0VLRUtBS0VLRStFLEEsR
SxFC0ULQQtBCkErRStFC0ULQQpBCkEKQQtBCj0LPQo86j0KPQo9CTkKOQo9CjzqP
Oo46jjqOOk46TjoOOg46TjpPOk46TjJOMk4yDTINMg0pzCnMMcwyDTINMg4yDTIM
McwxyynLIcspyynMMgwpzEHKOYo5iTmKOYpByknLSgtKC0oLSgxKTEIKQgtKC0IK
QgpCC0IKOgpByknKUgtSDEoMSgxKTVKMUoxSjEpMQgxCDEoMSkxSTFpMWo1ajlqO
Us5SjkqNQkxKTEpMUk1azmLOWs5azlrPWs9aj1KPUo9ajlKNSo1jD2MPYxBjD2MP
aw9jD1rPWs9aj1rPa1BrUGtQa1BrUXNRa1FjEGMQYxBjEHOSc5FzUXNRc1FzUXNR
c1FzUXNRa1BrUWsRaxFrEWtRc5JzknORc5FzkXuSaxBrEGsRaxFrUXOSc5JzknOS
c5Nzk3OSc5JzknuTe5J7knOSc5JrknOSc5F70nuRe5J70nvTe9NzknNSc1JzUXuT
e5N7k3vTe9N703vTe9NzknuTe9N703vTe9N703vTe9N703vTe9Nz03OSc9Jz0nvT
e9N703vTe9N703vTc5Nzk3OTc9N703vTe9N70nvTe9Nzk3OSc5JzknOSc5JzknOS
c5JzknOSc5Jzk2uTa5Nzk3OTa5NrUmuSa5JrUWuSa5JrkmuSa5Jrk2tSa1JjUmOS
Y5JjkmuSa5JrUWuSa5JrkmOSY5JjUlsRW1FjUmNSY1JjUlsRUxFbEVsSWxJbElsT
W1JbUltSW1JbkluSW1JbUVtRU1FTEFsRUxFTEVMQUxBTUUsQSxBDEErQStBS0FLQ
UtBS0FLQStBK0EsQStBK0EqQStBK0EKQQpBCz0KPQpBCj0KPQo9Cj0KPQo5Cj0KP
Qo9CTzpOOk46TjpOOk9CTjoOOk46TjpNOk06DToNOg06DjoNOg4yDjJOMg4yDjHN
KcwpyynMMgwyDTIMMgwxzDoMMcspiyGKKYopyynLKcxBiTmIMUgxSDGIOYlBykHK
QcpBykHKQcpBykIKQgpByznKQco5yjnJOclCCUoKUgpSCkoLSgxKC1JMSgtCCznK
OgpCC0ILSktSTFKNUk1STFqNUoxKTEILQgtCDEpNUo5SjlqOWo1ajlpOWo5SjlJO
Sk5KTUpNWs5iz2MPYw9jD2MPWs9SjlKOUo5ajmMPaw9rD2sPaw9jD2MQUs9az2LO
Ys9rUGtQa1BrUGtQa1BrUGtQY1BrUGMQYxBjEGLPYw9jEHNRc1FzUXNRc1FzUmLP
axBjEGsQaxBrEHNQc1FzUXNSc1FzUXNSc1JzUnNSa1FzUXNQa1BrUGtQc5FzkXuR
e5J7knOSc1JzUXNRc1FzkXORe5F7kXuSe5J7knNRc1FzUXtSe5J7knuSe9J703vT
g9N7k3uSc5JzknORc5JzknOSc5Jz0nvSc9Jzk2uTa5JrUnOSc5JzknOSc5JzknOS
a1JrkmtSa1JrU3OSc5JzknOSc5JrknOSc5JzkmuSa5JrkWuSa5FrUWtRa1FrUWuR
a1FrUWtSa1JrUWNRY1FjUWNRY1FjUWOQY1FjUWNRY1FbUVtRWxFbUVtRW1FbUVtQ
W1FbEFMQUtFTEVMRUxFTEVMRWxFbElsSWxFbEVtRU1FTUUsQStBTEVMRUxFTEVLQ
UtBS0FLQStBKkErQSpBKkEqPSo9Kj0rQSpBKkEqRSpFKUEKQQpA6j0KPQo9Cj0KQ
Qk9CTkJPQk46TkJOQk5CTkJOQk46TjoNOg06TTpNOk0yTDJNOk06TToMOgw6DDoM
Og0yDTINMg0yDTINMg0pzCnLKYsxyzHLMcwxzDHMKcsxyymKIYkhSSGKKcspyynL
QYcxRzFHMUcxhzlIQYlByUHJQclByUHJQclByUHKOYk5iTmJOYk5iTmJQcpKCUoJ
SgpKCkoKQcpKC0oKSck5yTnKOcpCCkIKSktSC1ILUktSS0pLSkpCCkIKQgtKDEoM
Uk1STVJMUkxSTFJMUk1KTEoMSgxKDFJNWo1ajlqOWo5ajlqOUk1STFJMUkxizmLO
Ys5izmMPYw9a0FKOUo5SjlrNYw9jD2MPYw9jEGMQYxBjEGMQYxBjEFrPWs9az1rO
Yw9rEGsQaxBrEHMRa1Faz1rPWs9iz2LPYw9rD2sQaxBrUGtRa1FrUWtRa1FrUWtR
Y1BjUGtQYxBrEGsRc1FzUXORc1FrUWsRaxFrEGsQaxFzUWtQc5FzknOSc5JzUWtR
a1FrUXORc5FzkXORc5JzknOSc5JzknNRc1FrUXNRc5FzkXORc5FzknOTc1JrUmsR
a1FzUnNSc5JrUmtSa5JrUmNSY1JjUmNSa1JjUWtRa1FrUWtRYxFrUWtRa1FrUWtR
a1JrUmtSY1FjEGMRa1FjUWNRY1BjUWNRYxBjEWLRYxJjEmMSYxFjEWMRY1FjUWNR
W1FbEVsQWtBaz1sQWxBTEFLQStBSz1LPUxBS0FLQUtBbEVMRUtFTEVMRUxFS0VMR
StBK0ErQStBLEUrQSpBKkEqQSpBKkEKPQo9KkEKPQo9CkEKQOo9Cj0KPQo9CjzqP
QpBCUEJPQk5CTkqPQk5CTkJOOk46TjpOOk4yTTpNOk06TTpNOg0yDDIMMgwyDDIM
MgwyDDIMMgwxzDHLMcwxzDHMMc0yDTINMgwxzDHMKYspiiFKKYopyynLKcspyynL
KYohSiFJGUkhiiGLIYopizmHMUYpBjEHKQYxRjmHOYc5hzmHQYhBh0GHQYg5iDmI
OUg5SDFHMUcxRzmHQchBiEHISclByUHJSgpByjnJOYg5iTmJQYlBiUnKScpJyknK
SgtJy0HKQclByUHISglKSVJKUklSS1JLUktKS0oLSgtCC0ILQgpKS1KLUotSi1KM
UoxSTEpMSgxKDFIMWo5ijVqNWo1azVrNUo1STVJNSkxSTWKOYo5izmLPYs9iz2LP
Ws9azlqOWo5ajlqOWo1ajVqNYs9izmMOYw9izmLPUo5aj1qPWo9ajmLPYs9jD2MP
axBjD2MPaxBjD2MQYxBbEGMQYtBiz2LPcw9rEGsQaxBrEGtQa1BrEGLPYs9jD2sQ
axBrEGsQa1FzUWtRaxFrEGsQa1BrUGsQa1FrUWtRc1FrUWtRa1FjUWsQaxBrUHNR
a1FrUXNRc1JrUmtSY1FjUWMQa1FrUmtRa1FrEGsRa1FjEGMQYxBjEGMQYxBjEWMQ
YxFjEWMRaxFjEWMRY1FbUWNRYxFjEVsRWxBbEFsQWxBjEFsQWxFjUVsQWxBa0FrQ
WtBa0VrQWs9bEFrQWtBa0FrQWtBa0FLQUtBS0FKQUtBS0FKQSo9Kj1KPSo9Sz1LP
Us9Sz1LPUtBS0FLQUtBS0EqPSo9Kj0qPSo9Kj0JPSo9Kj0KPQo5CjkKOSo5KjkJO
Qk5CTkIOQk1CTUJOQk5CTzpOOg46DjoNOg1CDUINOg06DTIMMgwyDDIMMgwyDDIM
MgwyDTnMMcwxyznLMcsxyzHLMcsxyynKMYspyjHLMcsxyzHLMcsxyynLKcspyymL
KUopSilKKYoxiimKKYopiimKKUkhSSFJIUkpiSGJKYk5RjEFMMUpBTEGMUY5RkGH
OUY5RjlHOUc5RjlGOYc5hjFFMUYxRTFFMUUxRjlHOYc5hzmHQYdBh0GIQYc5RzFH
OUc5R0FHQYhJyUHIQclByUHJOYlBiTmJQYhBiEHISglKCUoJSglByUnJQgpCCjoJ
OchByUHJSgpSClJLUktSSlJKUktKCkoKQcpKC1ILUktai1qMWoxSTFJMUgxSDEoL
UkxajVqNWo1ajVqNWo5STVqNWo5ajVKMUoxSjEpMUkxSjVrOWo5ajlrOWs9azkpM
Uo1SjlKOUo5SjlqOYs5izmLOYw9jD2LOYs5izmLOYs9aj2KPWo5ijmLOYs5qzmrP
as9rD2sPYs9azlrOYs9izmrOas5rDmsQaxBrEGLPYs9iz2sPaw9rEGsQaw9rD2sP
aw9rEGMQYxBiz2LQaxBrEGsQaw9rUGtQa1BrEGMPYw9bD2NQYxBjEGMQYtBjEGsQ
Yw9i0GLQYxBjEGMQYxBjEGMQYxBi0GLQYtBjEGMQWxBbEFsQWtBa0FrPWtBi0FqQ
WpBa0FrQWtBSz1LPUs9Sz1rPWs9aj1qPWo9Sz1LPUs9Sz1LPSs9Sj1KPUo9Sj0qO
Uo9KTkpOSk5KTkqOSo5KjkqPSo5KjkqPSo9CTlKOSo9KjkqOQk5CjkKPQk5CTkJO
Qk1CTUJNQk1CTUJNQk1CDUIMQgxCDEIMOkw6DToNOgw6DDoMOgw5zDoNOcw5zDoM
McsxyzHLMcsxyzHLMcwxzDHMMcwxizGKMYoxijHKMcoxyzHLMYsxiymLKYspijGK
MYoxiimKKYopiimKKYohiSFJIUkhSSFJKUkpSSlJKUkpSCFIIQghCCEIIQghCCFI
MQQowyjEKMQoxDEEMUU5RTlFMQUxRTEFOQUxBSkFKQUxBSkGKQUpBTEFMQUxRTlF
OQVBRkFGQUZBRklGMUUxRTFFMUY5RjlGOUdBh0GIQcg5xzmGMYYxRjFGMUY5hzmI
QchBiEGIQYhBiEGIOYc5iEGJQUhBiEnJUclSCVIJUglJyUHIQYhByEHIQchSCVIJ
UglSClIKUgtJyknKQcpByUoKUktSS1JLUktSC1JLUktSS0pLSktKS0pLSktKC0oL
SktazFKLUotSS1pMUkxKClJLUktSS1JLUoxajFqMWoxajFqNWo1ajVqOWo1ajFJM
WoxajFqMWoxajFrMYo1ijWKOYs5izmKNUoxSjFqNYo5ijWLOas5izmLPWs5ajlqO
Ys5izmLOYs1izWLNYs9iz2LPYs9iz1qOWs5ajmLPYs9izmLOYs5rD2LPYs9aj1qP
Yo9ijmLPYs5iz2LPYs9iz1qPWo9aj1rOWs5az1rPWs5az1rPWs9az1rPWtBaz1rQ
WtBaj1qPUo5SjlKOUo9aj1qOWo9aj1qPUo9ST1KPUo9az1KOUo1SjlKOUs9Sj1KP
Uo9Sj1KOSk1KTUpOSk5KTUpNSk1KTUpNSk5KTkpOSk5KTkpOSk1KTUJOSk5KTkpO
Sk5CTUINQk1CTEIMQg1CDEoMQgxCDEIMOgw6CzoLOcs5yznLOcs6CzoLOgs6CzoL
Ocs5yznLOcs5yznLOcs5yjnKMYkxijGKMYo5yjHKMYoxiimJKYkpiTGJMYkpiSmJ
KYkpiSmJKUkhSSlJKUkpSSlJKUkpSSlJKUkpSilKIQkhCBkIIQghSCFIIUgpSCEI
IQghBxkGGQcZCCEIIQghBzDEKMQoxCjEKMQoxDEEOQQ5BDEEMQQxBDEEMQQpBCkE
KQQpBCjEKMQpBDEEMUUxBDEFMQUxBTEFMUUxBTEFMQUpBTEFMQUxBTlFQYY5RjlF
OUY5RjFFMQUxRTlFOUZBRkmGQUZBhkGHQUc5RzFGOUY5RjFFOUZBh0mHScdBh0nH
QchBiDlHOUc5h0GHSchJyEnJSchJyEoJQchByEHIQYhJyEnISglSCVIJUglSCVIJ
SglKCUnJSgpCCUIJQclByVIKUgpSClIKUgpSClIKQclJyUoJScpKCkoLUkpSSlJK
UkpSSlJLUkxKC1ILUgtSC1JLUkpKSkpKUotajFKMWoxajFqMWoxSS0oLUkxKC1JM
WkxaTFqNYo1ajVqNUkxaTVqNWo1ajVqNWo1ajVqNWo5ajVqOWk1aTVpNWk1ajVrO
Us1SzVLNWs1azlqNWo1aTFqMYo1ijlqNUo1SjVqNWo1ajVJNUk1SjVKNWo5ajVqN
Wo1ajVJMWo1SjVKNUo5ajlKOUo5SjkqNSo1KjUqNUk1STVJNUk5STkpNSk1KTUpN
Sk1STUpNSkxKTEpNUk1KTFJNSkxKTUJMSkxKTUpMQkxCTDoLOgxCDEpMQkxCTEJM
Qkw6DEIMQg1CDUJNQk1CTEJMQkxCC0IMQgtCC0HLOcxCDEHMQcw5zDnLOcs5yjnK
Oco5ijnKMcoxyjHKMcoxyjHKMckxyTGKMYoxijGKMYoxiilJMUkxijGJMYkxiTGJ
MYkxiSlIKUgpSClIKUgpSSFJKYkhSCFIIQgpBylIKUghSClIIUghSCFIIUghSBlH
GQcZBxkHGQghCCEIIQghCCEHGQcQxxDGGMYgxyEHIQcgwyjDKMMowyjDMMMwwzDD
MMMxAzDDKMMowzDDMMMwwzDDMMMowyjEKMQwxDDEMMQwxDDEMMQ5AzkEMMMwwyjD
MQMxAzkDMQQxBDEEMUUxBTFFMQUpBCkEMQQxBDEFOQU5BUFFOUU5RTFFMUUxRTEF
MUUxBTkFQUZBhkGGQYVBhkGGQYY5RTlFOUU5RUGHQYdBh0mHQYdBhzlHOUdBSEFH
QUdJh1HHScdJx0nHScdJyEHIQchByEHIQYhBiEGIQYhByFIIUghRyFIISclJyUGI
OYhJyEHHSchJyFHIUghSCFIIUghSCVIJSglSCVIJSglKCUoJQglKCVIKUkpSClIK
UklSSVJJSkhKCUoJSglSCVIKUgpSClIKWktSClIJUgpSClHKUgpaSlJKWkpaSlpL
WktSS1JMUktSS1ILUkxajFJLUktSS1JLUktSTFILUgpSC1JLWktaS1JLUktSS1JL
UktSC0pLSktSS1JLUktSS1JLUktSSlJLUktSS1JMSkxKTUpMSkxKTEpMSgxKC0pL
SktKS0pMSktKSkpKSktCCkoKSgpKCkoLSgtKC0oLSgxKDEIMQgtCC0ILQgtCC0IL
Qgs5yjnLOcs6CkIKOgpCCkIKQcpBykHKQgtBy0HLQctByznKOcpByjmKOco5yTnJ
Ock5yjnJOcoxyjHJMckxiTGJMYkxiTGJMYkxiTGJMYkxSTGJKUkxiDGIMYgxSDFI
MUgpCClIKUgpSClIKUgpSClIKUghByEHKQcpRylHKUcpRylHKUchRyEHIQchByEH
IQchCCEIIQcZByEHIQcgxhjFGMUZBhkGIQYhByEGIQYhBhjFGMUYxRjFGMUgxSDF
KMMogyiDKMMowyjDKMMowyjDKMMowyjDKMMwwzDDMMMowyjDKMQoxCkEKMQwxDDD
MMQwxDDDMMQwxCjDKMMwwzDDMMQwxDDEMMQxBDDDMMMxBTEFMQQxBDEEMQQxBDED
OQQ5BDFFMUQxBDkEMQQ5BDkEMQUxBDkFOQU5BTkFOQU5BDEEOQUxRTkFQQVBRUFF
QUVJRUlGQUZBBTkFQQU5BkFGQUZJRklGQUZBRkFGQYZBhkGGQYdBR0FHOUdBR0FG
QYZJh1GHSYdJh0mHQYc5RjmGQYdBh0GHSYdJh0nHSchJyEmHSYdJh0mHScdJx0HH
QcdBx0HHQcdJyEoISchJyEnISchJyEHIQchByEnIUghSCFIIUchSCFHISghBx0oI
SghRyVHIUchRyFIIUghSCVIJUglKCEoJSglByUoKSgpKCUoJUglSCVHKUclJyUnJ
SclRyVHKUgpSCUoKSglKCUoJSclByUnJSgpKCkoKSgpJykoKSglSCknKSgpKCkIK
QglCCUIJQglCCUIJQglCCUHJQclCCUIJOclBykHKQcpByUHKQco5yUHJQcpByUHK
QcpByTnKOck5yTnJOYk5iTnJOYk5iTnJQco5iTnJOck5yTnJOck5yTnJOck5yTHJ
OYk5iTGIMYgxiDFHMYgxiDGIMckxiDGIMUgxiDGHKYcpRylHMUcpSClJKUgpSClI
KUgpSClIKUgpRylHKUcpRykHKQYpBikHKQcpRylHKQcpBykHIQYhBiEGIQYhByEG
IQYhBiEGIMYhBiDGIQYhBiDGIMYhBhjFIQYhBiEGGMYYxRjEGMUYxRjFGQUZBRkF
GMUQhBCEEIQQxBjEGMUYxSiDKIMowyjDKMMwwyjDMMMwwzDEMMMwwzDEMMQwxDDE
MMQoxCjEKMMpAyjDKMMwgzDCMMMwwzDDMMMwxDDDMMMwwzDDMMMwxDDEMMQwxDDE
MMQwwzEEMQQxBDEEMQQxBTEEMQQ5RTkFOQQ5BDkFOQUwxDkEOQQ5BTkFOQU4xTkF
OQQ5BDlEOQQ5BDkEOQRBBEEFQQVBBUEFQQVBBEEEQQVBBUEFSQVJRUEFQQZBBkEG
QQZBRkFFOUVBRkFGQUVJhjlFQUVJhUFEQUVBRUFFQUZBRkFGOUVBhUFGQUZBR0lH
SUdJh0mHSYdBhkGGQYZBhkGGQYY5hkGFQYZJxkmGSYZJhlGGSYdBR0GHQYdBh0mH
SYdJh0mISYdJh0mHQYdBh0GHQYZJx0nHScdJh0nHScdJx0nHSYdJh0nHSYdJyEnH
ScdJyEnISYlBiEGIQYhBiEGHSchJyEmIScdJx0HHQcdBxznHQcdByEHIQchByEHI
QclByEHHQcdByEHIQchByEHIQchBiEHIQYhBiDnIOYg5yDmIOYg5yDmIOYg5iDmH
OYc5yDmIOYY5hzmIOYg5yDnIOYc5hzmHOYg5iDmIOUcxRjFHMUY5hzmHMYcxhzGH
MYcxhjGGMYYxhzGIMYgxiDGIMYgxRzFHMUcxRzFHMUYpRylHKUcpRylHKUcpRylG
KUYpRikGKQYpBykGKQYpBilGKUYpBSkGKQYhBiEGIQYhBiEFIQUhBSEGIMUhBSEF
KQUhBSDFIMUgxSDFIMUhBSEFIQUhBSEFIMQYxBjFGMUYxRjFGMUYxRjFGMUYxRiF
GIQYhBiEGIQYxRjFGMUYxRDEEIMQgxCDEIMQhBjEGMQogzDDKIQogyjDKMQowyjD
KMMwwzDDMMQwxDDDMMMwwyjDMMQowyjDKMMowyjDKMMowyjDKMMwwzDDMIMwxDDE
MMQwxDDEMMQwxDDDMQQwxDEEMQQ5BDjEMQQwxDkEOQQ5BTkEOQQ5BDjEOMQ5BDkE
OQQ5BDkDOQM5BDkEOQQ5BDkEOQU5BTkFOQU5BTkEOQQ5BDkEOQQ5BDkEQQVBBTlF
QQVBBjkFOQQ5BUEFQQVBRUFFQUVBREFFQUVBRUFFQUVBRUFFQUVBRUFFQQRBBUEF
SQVBRUEFQQVBBkEGQUVBRUFFSYVJRUFEQUVBRUFFQUVBRUFFOUVBRklFSUVBRUkE
SUVJRUlFSUVJRUFGSUZJhkmGSYZJhkGGSUZJRklGSUZJRklGSUZJRkmHSUdJR0lH
SUZJRklGSUZJRkmGSYZJhkmGSUZJRklGSUZJRkmGQYZBhkGGSYZJhkmGQYZJhkGG
QYZBhkGGQYZBhkGGQYZBhkGGSYZBhkFGQUZBhkGGQYZBhjmFOYY5hjmGOUY5hjmG
OUY5RjmGOYY5RTlGOUY5RjlGOYc5RjlGOUY5RjFGMUYxRjFGMUYxRTFGMUYxRjFF
MUUxRDFFMUYxRjFGMUYxRjFGMUYpRSlFKUUpRSlFMUUxBikGKQUpBjEGKQUpBSkF
KUUpBSkFKQUpBSkFKQUpBSEFIQUhBSEFIQUhBSEFIQUhBSkFKQUpBSkFIQUhBSDE
IMQgxBjEIQQhBCDEIMQgxCDEIMQgxBiEGMQYxBjEIMQgxBjEGMQYxBjDGMQYxBjE
GMQYxBjEGMUYxBjEGIMQhBCECIMQgxDDGIMYgxiDGIMYhBCDEIMQQxCDEIMQgxiD
KIMogyjDKMMowyjDKMMowyjDKMMpAyjDMMMowyjDKMMoxCjEKMQoxCjEKMQowzDE
KMQoxCiEKMQoxCjEKMQoxDEDKMMowyjDKMMoxDDEMMQwxDDEMQMxAzEDMQMxAzED
OQQ4xDjEOQU5BDkEOQQ5BDkEMQQxAzEDOQQ5BDkEOQQ5BDkEOQQ5BDlFOQU5RTkF
OUU5BjkFOUU5BTkFQUVBBTlFQUU5RTkEOQU5RTlFOUVBRUFFQUVBBUEFSUVJRUkF
SQVJRUlFSUVJBUFFSQVJBUEFQQVJBkkGSQZJBkkGSQZJRkFFSUZBRkFFQUVJRUlF
SURBREFEQUVJRUlFSUVJRVFFSUVJRUFEQURBREFESYRJhUmFSUVJRklGSUZJBUlF
SUZBRklGSUZJRklGSUZRRklGSUVJhkmGSYVJhkmFSYZJhkmGQUZJRklGSUZBRUFF
QUZBRkFFSUZJRklGQUZJRkFGQUZBRkFGQUZBRkFGQUZBRkFGOUVBRUFFQUVBRUFF
QUVBRUFFOUU5RTlFOUU5RTlFOUU5RTlFOQQ5BDkFOQU5BTkFOQU5BTkEOQU5BTkF
OQU5BTkEMQUxBTEFMQU5BTEFMQUxBTEFMQUxBTEFMQQxBDEEMQUpBSkFKQUpBSkF
KQQpBCkEKQQoxCkEKQQpBCkEKQQpBCkEKQQgxCjEKMQoxCjEKMQoxCjEKMQoxCDE
IMQgxCDEIMQYxCDEIMQgxBjEGMMgwyDDIMMgwyDDIMMgwxjDGMMYgxiDGMMYwyDE
GIMYwxjDGMMYwxiDGIMYgxCDEMMYgxiDGIMYgxCDEIMQgwiDEIMQgxCDEIMIgxCD
EIMQgwhDCEIIQxBDEEMQgyiCMIMogyiDKIMowyjDKMMowzDDMMMowyjDKMMoxCjD
KMMowzDEMMQwgzDEMMQowzDDMMMwxCjEMMQoxDDEMMMwwzDDMMMwwzDDMMMwxDDE
MMQwwzDDMMMwwzDDMMQwxDDEMMQwxDDEMMQwxDjEOMQ4xDkDOQQ5AzkDOQM5AzkE
QQRBBDkEOMQ5BDkFOQQ5BEEFQQU5BTkFOQU5BUEFQUVBRUFFQQVBBUFFQUVBRUFG
QUZBRkFGSUZJRUkFSQVJRUlESUVJhUlGSUZJRklGSUZBBUFFSUZJRklFSUZJRlFG
SQZJRklGSUZBRklGSUZJRUlFSQVJRUEFSUVJRUlFSUVJRVFFSUVJRUlGSUVJRUFF
SUVJRVFFSUVJRUlFSUZJRkFGSUZJRklGSUZJRUlFSUZJRklGUUZRRlFGUUZRhlFG
SYZJRkFGQUVJRUlFSUVJRklGSUZJRklFQUVBRUFFQUZBRkFFQUVBRUFFQUZBRkEG
QUZBRjlGQUZBRkFGQUZBRkFGQUU5RUFFOUU5BEFFOQU5BUEFOQU5BTkFOQU5RTkF
MQU5BTkFOQU5BTkEOQU5BTkFOQU5BTkFMQUxBTEFMQUxBTEFMQQxBDEEMQQxBDEE
MUUxBTEFKQQpBCkEKQQpBCkEKQQpAykEKQQoxCjEKMQoxCjEIMQoxCjEKMQoxCkE
KMQoxCjDKMQoxCjEKMQgxCDEIMMgwyDDIMMggyCDGIMgwyDDIMMgwyCDIIMggyCD
IIMggyCDGIMYgyCDIIMggxiDGIMYgxiCGIMYgxCDEIIQghCCEIIQghCCEIIQghCC
EIIQghBCEEIIQghCCEMQQxBDEEMQQhBCEEIQQhBCEEIogyiDKMQowyiDMMMowyjD
KMMowyjDKMQowyjDKMMowyjDKMMwwzDDMMMowijDKMMowyjDKIMwxDCDMMQwxDDE
MMQwxDDEMMQwxDDEMMQ4xDDEMMMwwzDDMQQxBDEDMQQxBDEEMQQxBDDEOMQ4xDjE
MMQwxDEEMQQxBDkEOQQ5BEEFOQQxBDkEOUU5BTkFOQVBBUEFOQVBBUEFQUVBRTlF
QUVBRUFFQUVBRUFFQUVBRUFFQUVBRUFFQUVBBEEFQUVBRUlFSUVJRUlFSUVJRUlF
SUVJRUlFSUVJRUlFSUVJRUlFSUVJRUlFSUVJRUlFSUZJRklFSUVJRUlFSUVJRkFF
QUVJRUlFSUVRRklGSUVJRUlFSUVJRUlFSUVJRklGSUZJRklGSUZJRklGSUZJRklG
UUZJRkkGSUZJRklGSUZJRlFGSUZBRkFFQUVBRUFFQUVBRUFFSUVJRklFSUZJRklG
SUVJRklGSUVJRUlFQUVBRUlGQUVBRUFFQUVBRkFGQUZBRkFFQUVBRUFFOQVBRkFG
QQU5BTkFOQU5BTkFOQVBBTkFOQU5BTkFOQU5BTlFOQQ5BTkFOQU5BTEFMQU5BTkF
OQU5BDkFMQQxBDEEMQQxBDEEMQQwxCjEKMQwxDDEMMQwxDEEMMQwxCjEKMQoxCjE
KMQoxCjEKMQgxCjEKMQoxCjEKMQohCjEKMQoxCjEIMMgwyDDIMMgwyDDIMMgwyDD
IMMgwyCDIMMggyCDIIMggyCDIIMggxiDGIMggyCDGIMYgxiCGIMYghiCGIIYghCC
EIIQghCCEIIQghCCEIIQghCCEIIQghCCEIIQgghCEEIQQxBCEEIQQhBCEEIQQxBC
KMQowyjDKMMowyjDKMQwxDDEMMQwwzDEMMQoxCjEKMQogzDDMMMwwzDEMMQowzDE
KMQowyjDKMQoxCjEKMQwxDDEMMQwxDDDMMMwwzDDMMQwxDDEMMMwxDDDMMMwwzjD
MQMxBDEEMQQxBDEEMQQxBDEEMQQxBTEFMQUxBTEFMQUxBDEEMQQ5BDkEOQU5BDkF
OQRBBUEFQQVBBUEFQQVBBUEFQUVBRUFFQUVBRUFFQUVBRUGFQYVBRUmFSUVBRUFF
QUZBRkmGSUZJRklGSQZBRUFFQUVJRklFSUVJRklGSUZJRkFGSUZJRUlFSUVJRUmG
QUZBRUGFQUVJhkFFSUVJhUlFSYZJRklGSYZJRklGUUZJRklGSUZJRklGSUZJRklG
SUZJRklGSUZJRklGSUZJRklFSUVJRUlGSUZJRUlFSUVJRUlFSYVJRUFFSUVBRUFF
SUZJRkmGSYZJRklGSUZJRklGSUZJRklGSUZJRkkFQUVBRUFGQUZBBkFGQUZBRkFG
QUZBRkFFQUVBRUFFQUU5RTkFOQU5BTkFOQU5BTkFOQU5BTkFOQU5BTkFOQU5BTEF
OQU5BTkFOQU5BTkFOQUxBDEEMQQxBDEEMMQxBDEFMQUxBTEEMQUxBDEEMQUpBDEE
MQQxBDEEMMQwxDDEMMQwxCjEKMQoxCkEKMQoxCjDKMQoxCjDKMQowyjDKMMowyjD
IMMgwyDDIMMgwyDDIMMggyDDIIMggiDDIMMYgyCDIIMggyCDIIMgghiDGMMYghiC
GIIYQxiDEIMYghiDGIMQghCCEEIQQhBCEEIQQhCCEIIQghCCEIIQQhBCEEMQQhBD
EEIQQghCEEIIQhBCCEIIQTDDMIMwgzCDMIQwxCjEKMQoxCjDMMMwwzDDMMMwwyiD
MMQwhDDEMMQwxDDEMMQwxDDEMMQwxDjDMQMwwzDDMMMwxDDEMMQwxDDEMMMwxDDE
MMMwxCjEKMMowyjDMMMwwzDDMMQwxDDEMMQwxDDEMMQ5BDEEMQQxBDEEMQQ5BDkE
OQQ5BDkEOQQ5BTkFOQVBBUEFQQU5BTkFOQY5BUEFQQVBBEEFSQVBBUFFQUVBRkFF
QQU5BDkFOUQ5REFEQUVBRUlFSUVJRUFFQQZBRkFGQUZBhUlGSUVJRUlFSUVJRVFF
SUVJRUmFSUVJhUlFSUVJRUmFSURJRUlFSUZJRklFSUVRRUlFSYZJhklGSUZJRUlG
SUZJRklGSUZJRUlFUUVRRVFFUUVJRklFSUVJRUmGSYZJRklGSUZJRklGUYZRhlGG
SUVJRUlFSUVJRUlFSUVJRUlGUUZRRklGSUVJRUlFQYVBhUFFQUVJRUlFSUVJRUmF
QUVJhklHQUVBRUFFQUVBRUFFQUVBRUEFQQVBRUFFQQVBRUFFQUVBRTkFOQZBRTlF
QUY5RTlFOQU5BTkFOQQxBTEFOQU5BTkFOQUxBTDFMQUxBTEEMQQxBDEEMQQxBDEF
MQUxBTEFMQUxBTEEMQQxBDEEKQQxBCkEKMQwxDEEMMQwxDDEMMQoxCjEKMQoxCjD
KMQoxCjEKMQoxCjEKMQogyjDKMMowyDDIMMgwyDDIMMgwyDDGMMggyDDIIMggyCD
IIMggyCDIIMggyCDIIMggxiDGIIYghiCGIIYghiCGIIYghhCGEIQghBCGIIYghhC
GEIYQhhCEEIQQhBCEIIQQhBCEEIQQhBCEEIQQhBCEEIowyiDKIMogyjEMMQowzDD
KMMowzDDKMMowzDDMMQwxDDEMMQwxDDDMMMwwzDDOMMwxDDEMMQxBDEEMMMwwzDD
KMMoxCjEMMQoxCjDMMQwxDDEMMQwxCjDKMMpBCkEKQQpBCjEKMMwxDDEMMQwxDDE
MMQwxDDEMQQwxTEFMQQxBDEDMQMxAzEEMQQxBDkEOQQ5BTkFOQQ5BTkFOQU5BUEF
QQVBBTkFOQQ5BTkFQQVBRUEFQQVBBUEFSQVBBUEFQUZBRUFEQUQ5RDlEQUVBRUFF
QURBREFEQURJRUlFSUVRhklFSUVJRUlFSURJRUlFSUVJRUlFSUVJRUlFSUVJRUlF
SUVJRUlFSUVJRUlFSUVJRUlFSUVJRUlGSUZJRklGSUZJRklGSUVJRkmFSUVJRUlF
SUVJRUlFSUZJRklGUUZRRUlFSUVJhkmGSUdJRklFSYdJhkmGSYZJhkmGSYZJhkGG
SUZJRklGSUZJRklGSUZJRklGSUZJRklGSUZBRkFGQUZBRUFFQQVBRUFFOQVBBUEF
QQVBRTlFQUVBRkEFQQU5BTkFOUQ5RDlEOUQ5RDlEOUU5BDkEOQQ5BTkFOQU5BTkF
OQU5BDkEOQQ5BTEFMQUxBTEFMQUxBDEEMQQxBDEEKQQxBDEEMMQxBDDEMQQxBDDD
MMQwxCjEKMQoxDDEMMQwxDCEKMQoxCjDKMQgxCjEKMQowyjDKMMowyjDKMMowyiD
KIMowyjDIMMggxiDIIMggyDDIMMgwiDDIMMggxiDGIMYgxCCGIIYghiCGIIYghiC
GIIYghiCGIMQQxBCEEIQQhBCEEIQQhCCEIIQghCCEEIQQxBCEEIQQhBBEEEQQRBC
KIMogzDEKMQoxCjEKQQoxCjDKMMowyjDKMMowyiDKMMowyjEKMMowyjDMMMwwzDD
MMQwxCjEMQQwxDDEMMQwwzDEMQQxBDEEMMMwxDDEMMQwxDDEMMQwwzDDMMQwxDDE
MMQwxDEEMQQxBDEEMQQwxDDEMMUxBTEEMQQxBDEEMMQwxDDEMMQwwzjEOQQ5BDkE
OQU5BDkEOQU5BTkFOQU5BTkFOQU5RTlEOUQ5RTlFQUVBBUEFQQRBBUFFQUVBRUFF
QQVBBUFFQQVBBUkFQQVBBUFFQUVBRUFFQUZBRkFGQUZBRUFEQURBREFEQUVJRUlF
SUVBRUFGQUVBRUFFQYVJRklGSUVJRUlFSUVJRklGSYZJRklGSUZJRklGSUZJRklG
SUZJRUlFSUZJR0lGSUZJRlFGSUZJRklGSUZJRklGSUVJRUlFSYVJhkGGQYZBRUmG
SYVJRkmGQUZJRkFGQUVBhklGSUZJRkmHSYZBhkGGSYZJhkmFSUZJRklFQUVBRkGG
QUZBRkFGQUZBRkFGQUVBRUFFQUVBRkFFQUU5RkFFQUVBRTlFOUU5RTlFOUU5RTkF
OQU5BTkFOQU5BTkFMQQxBDEEMMQxBTEFMQUxBDEEMQQxBDEEMQQxBDEEMQQxBDEE
MQQxBDEEMQQpBCkEKQQpBDEEMMQwxCjDKMQoxCjEKMQoxCjEKMQoxCjEKMMowyjD
KMMowyjDKMMowyjDKMMogyiDKIMggyCDIIMggxiCIMMgwyDDIMMgwyCDIIMYgxiD
GEMYgxiDGIMYgxiDGIMYgxiDGIMYghiCEIIQghCCEEIQQhBCEIIQghCCEIEQghCC
EEIQQhBCEEIQQRBCEEIQQTCDKIMogyiDKMMowyjDIMMowyjEKMMogyiDKIMowyjD
KMMowyjDKIMoxCjEKMQoxCjEKMQwxDDEMMMwwzDEMMMwwzDDMMQwxDDEMMQoxCjE
MMQwxDDEMMQoxDDDMMQwxDDEMMQwxDEEMQQxAzEEMQQwxDEEMMQxBDEFMQUxBTDF
MQUxBDDEOMQ4xTjFOQUxBDEEMQQxBDEEMQQxBDEEMQQ5BDkEOQQ5BDkFOQU5BUEF
QQVBBUEFQQRBREFEQUVBRTkFQQVBBUEFQQVBBUEEQQRBRUFFQUVBRUFFQUZBRUFF
QUVBRUFFQUVBRUFFQUVBBUEFQQZBBUEFQQRJBUkFSUVBRUFFQUVBREFEQUVBRUlF
SUVJRUlESUVJRUlFSUVRhklFSUVJRUlFSYVJhklGSUVJRlFGSUZJRkmGSUVJhUmF
SUZBRkmGSUZJRklGSUZJRklGSUZJRUlFSUVJRUlFSYZJRklGSUZJRkFFQUVBRUlF
SUVJRElFSUVJRUlFQUVBRkFGQUZBRkFFQUVBRUFGQUVBRUFFQUVBRUFFQUU5RUFF
QUVBRUFFQUVBRUFFOUY5RjlGOUY5RUFFOUQ5BDkEMQQ5BTEEMQQ5BDkEMQQxBDDE
MQQxBDEEMQQxBCjEMMQxBDEEMMQwxDDEKQQpBCkEKMQoxCjEKMQoxCjEKMQoxCjD
KMQoxCjEKMMoxCjEKMQoxCjEKMQoxCjEKMQowyjDKMMoxCjEIIMggyDDIIMggyCD
IMMgwyDDIMMYgxiDGIMYgxCCGIIYghiCGIIYQhiCGIIQghCDEIIQghCCEEIQQhBC
EEIIQhBCEEIQQhBCEEIQQxBCEEIQQhBCEEIQQhBCEEIogyiDKIMogyiDKIMogyiD
KIQogyiDKMMowyjDKMMoxCiDKIMogzCDMMQowyjDMMMwwzDCMMMwwzDDKMMowyjD
KMMwwzDDMMMwwzEDKMQoxDDEMMQwwzDDMMMwwzDDMMQwxCiDMMM4xDkEMQQwwzDE
MMQwxDDDOMU5BTkFOQU5BTkFOQU5BTkFOQU5BTkFOQU5BDEEMMQowyjDMMMwwzDD
MMQ5BDkEOQQ5BTkFOQU5BTkFOQVBBTkEOQQ5BEEEQQU5BUEFOUVBBUEFQQVBBUEF
QQVBBUEFQQVJBEFEQURBRElESUVJRUFFQUVBRUFFQUVJRUFEQQVBRUFFQUVBRUFF
QUQ5REFFQUVJRUFFQUVBRkFFQUVBRUFEQUVJRUlFSUVBBUkGSUZJRUlFQUVJRUlF
SUVJRUlFSUVJRElFSUVJRUlGUUZJRkFGQUVJRUlFSYVJRUlFSUVJRUFGSUZJRklG
SUZJRklGQYZBRkFGQUZBRkFGQUZBRkFGQUZJRkFGQUZBRkFFQUVBRUFFQUVBRUFF
QUVBRUFFQUU5RDlEOURBRTlFQUVBRUFFQUVJRUFFQUVBRUFFOUU5RTlFOUU5RTkE
OQQ5BDkEOQQ5BDkEOQQ5BTkFMQQ5BTkFOQUwxTEFMQQxBTEEMMQxBDDEKMQoxCjE
KMQoxCjEKMQoxCjEKMQoxCjEKMMowyjDKMMogyjDKMMowyjDKMMowyDDIMMgwyDD
IMMgwyDDIMMgwyDDIMMgwyDDIMMggyCDIIQYgxiDGIIYghiCEIIYQhiDGIIYghiC
GIIYghiCGIIQghBCEEIQQxBCEEIQQhBCEEIQQghCEEIQQhBCEEIQQhBCEEIQQhBC
KIMogyiDKIMogyiDKIIogyiDKIMogzCDKIMowyjEKIMogzDDMMMogyjDKMMoxCjE
KMMowyjDKMMoxCjEKMQwxCjEKMQoxDDEKMQoxCjEKMQpBCjEMMQwxDDDMMMwxDDE
MMQwxDDEMQQpBCjDKQQxBDEEMQQxBDkEOQQ5BDEEOQU5BTkFOQQ5BTkFMQU5BDDE
MMQwxDDDMMMwwzDDMMMwwzkEMQQxBDEFOQQ5BTkEOUU5RDkEOQQ5BTkFOQU5BTkF
OQU5BDkEOQQ5BEEFQUVBRUFFQUVBBUEFQQRBBEEEQQRBBUlFSUVJRUlFSUVBRUEF
QUVBRUFFSUVJRUlFSUVBRUFFQUVJRUlFSUVJRUlFQUVBRUFFQUVJRUlFSUVJBUkF
SUZJRUFFQUVBRUFFQUVBRUFFQUVBRUEFQUVBBUFFSUVBRUFGQUVBRUFFQUVBRUFG
SUVJRUlFQUVBRUlFQUZBRkFGQUVBRUFFSUVJRUlFSUVJRUlFSUZBRkFGQUY5RkFF
QUVBRUFFQUVBRUFFQUU5RTlFOUU5RTlFOUU5RTlFOUU5RTkFOQQ5BTlFOUU5RTlF
OUQ5BDkFOQU5BTlFOUQ5BTkFOQU5BTkFOQU5BTkFOQU5BTkEOMUxBTEFMQUxBTEF
MQUxBTEFMMQxBDEEMQQwwzEEMQQxBDEEKQQpBCkEKMQoxCjEKMQoxCjEKMQoxCjE
KMMowyjDIMMgwyDDIMMgwyDDIMMgwyDDIMMggyCDIIMggyCDIIMggxiDGIMQghiD
GIMYQxiDGIMYgxiDGIIYghCCEIIQghCCEIIQQhBCEIEQQRBCEEIQQhBCEEIQQhBC
EEIQQhBCEEIQQhBCEEIQQiiDKIMogyiDKIMowyDDKMMowzDDKMMowyjDKIMohCiD
KIMogyiDMMQwxCiDMMQoxCjDKMMowyjDKMMowyjEKMQpBCjEKMMoxCjEKMQowyjE
KMMowzDDMMMwwzDDMMMwwzDEKMQoxDCEMMQwwzjEOMQwxDDEMMQxBDEEMQMxAzkD
OQQ5BTkFOQU5BTkFMQQwxDDDMMMwwzDDMMMwxDDDMMQxBDkFOQM5BEEEQQRBRUEF
OQU5BDkEOQU5BTkFOUU5RTlEOUQ5BDkEOQRBBUEEQUVBRUFFSUVBREFFQUVBRkFF
QUVBRUlFQQVBBEEESUVJRUlFSUVJRUlGSUVJRUlFSUVJRUlFSUVJRUlFSUVJRUlF
SUVJRUlFSUVJRUlFSUVJRUlFSUVBRUlGSUZJRUlGSUZBRkFFQUVBRUEFQURBRUFF
QUU5RUFFQUVBRUFFQUVBRUEFQQVBBUEESQVBBEFEQURBREFEQQRJRUlFSUVBRUFF
QUVBRUFFQUVBRUFFOUVBRUFFQUVBRUFFQUVBRUFGQQVBBUEFQUU5RUFFQUU5REFE
OQQ5BDkEOQQ5BTkFOQQ5BDkEOQQ5BDlEOQQ5BTEFMQQwxDkEOQQ5BDkDOQQ5BDkE
OQQ5BDEFMQUxBTEEMQQxBDEEMQQxBDEEMQQxBDEEMQQowzEDKQMpAzEEKQQpBCjE
KMQoxCjEKMQoxCjEKMQoxCjEKMQoxCjDKMMoxCDDIMMgwyDDIMMgwyDDIMMggyCC
IIMggyCDIIMggxiCGIIQghCCEIIQQhhCGEIYghiDGIMYghCCEIIQghCBEIIQQhBC
EEIQQhBCCEIQQhBCEEIQQhBCEEIQQhBCEEIQQhBCEEIowyjDKMMowyjDKMMowyjE
KMQogzCDKIMogyiDKMMowyjDKMMowyjDKIIowyjEKMMowyjDKMMowyjDKMMowyjE
KMMwwzDDMMMpAyjEKMQoxDDEMMQwxDDEMMQwxDDEMMQwxDDEMMQwxDDEMMQwwzDE
MMQwxDDEMMQwxDEEMQQxBDkEOMRBBTjFOMQwxDDEMMQwxDDEMMMwwzEEMQQ5BDkF
OQU5BDkEOQQ5RDkEQQRBBEEFOQU5BTkFMQU5BTkFOQU5BTkEOQQ5BDkEQUU5REFE
SUVBRUFFQUVBRUFGQUVBRUFFQUVBRUFEQURBREFFQQVBRUFFQUVBRUlFSUVJRUlF
QQZBRklGQUVJRUlFSUZJRklGSUZJBkkFSUZJRUlFSUVJhUFFQUVBRUFFQUVJRUlF
SUVJRUlGSUVBRUFFQUVJRUFFQUVBRUFGQUZBRUFFQUVBRUFFQUZBRkFFOQU5BTEF
OQU5BDkEQUVBRUFFQQVBBUEFQQVBBUEFQURBREFEQURBREFEQUVBBUEFQQVBBUEF
QQVBBUEEQQRBBEEEQQRBBEEEQQU5BTlFOUU5RTEFOQU5BTkEOQQ5BDEEMQQxBDED
MQMxBDEEMQQxBDEEMMQxAzEEMQQxBDEEMMQwxDDEKMMowyjDKMMowyjEKMQoxCjE
KMQoxCjDMMMwwyjDKMMoxCjEKMQoxCjEKMQoxCjEKMQowyjDKMMowyjDKMMowyDD
KMMowyjDIMMgwyDDIMMggyDEIIMggyCDIIMYgxiDGIIYghiCGIIYghiCGIIYghiC
GIIYQhCCEEIQQhBCEEIQQhBCEEIQQhBCEEIQQhBBEEEQQhBCEIIIQhBBEEIQQhBC
MIMogyjDKMMowyjDKMMowyjDKIMogyiDKIMogyiCKMMoxCjEKMQowyjDKMQoxCjD
KMQoxCjDKMMowyjDKMMowyjDKMMowyjDKMMowyjDKMQoxCjEKMQwxDDEMMQwxDDE
MMQwxDDEMMQwxDDEMMQwxDDEMMQwxCjEKMQoxCjEKMMwxDjEMMQwxDDEMQQxBTEE
MMQwxDDEMMQ5BDEEOQQ5BEEEQQVBBTkEOQQ5BDkEOQQ5BDkEOQQ5AzkDOQRBBEEE
QQRBBTkFOQU5BTlFOUU5RUFFQUVBREFFQUVBRUFGQUZBRUFFQUVBRUFFSUVBRUFF
QUVBRUlFQQZJBklGSUZJRklGSUZJRUFFSUVJRUlESUVJRklGSUVJBUkFSUVJRUFF
QUVBhTlFQUVBRUFFQUVJRklGSUZJRklGQUZBRkFGQUVBRUFFQUZBRkFGQUVBRUFF
QUVBBkFGQUZBRjlGOQU5BTkFOQU5BTkEOQQ5BDkEQQU5BTkEOQQ5BDkEOQQ5QzlE
OUU5BTkFMQU5BDkEOQQ5BDkEOQU5BTkFOQQ5BDkEOQQ5BDkEOQQ5BTkFMQUxRDEE
OQQ5AzkEMQQxBDEEOMQ5BTkFMQUxBDEEMQQxBDEDMQMxBCkEKQQxBDEEMQQwxCjD
KMQpBCkEKMQoxCjEKMQoxCDEKMQowyjDKMQoxCDEIMQgxCDEIMMowyjDKMMowyjD
KMMowyjDKMMowyjDKMMowyjDKMMowyDDIMMgwyDDIMMYwxiCGIMYgxiDGIMYgxiD
GIIYgxiCGIIYghiCGIIYghiCEIIQghBDEEMQQhBCEEIQQQhBEEEQQRBBEEEQQRBC
EEIQAhBCEEIQQhBCEEIQQiiDKMMowyjDKMMowyjDKIMggijDKMIogyiDKIMogyiD
KMMowyjDKMMowyjDKMMoxCjDKMMwxCjDKMMowyjDKMMowyjDKMMowyjDKMMowzDD
MMMowyjDMMMwwzDDMMQwxCjEKMQowyjDKMMowyjDMMMwxDDEMMQwxDDFMMUwxDDE
OMQ4xDDEMMQwxDDEMQUxBTEFMQUxBTEFMQUxBTkFOQU5BTkFOQU5BUEEQQRBBEEE
QQRBBDkEOQQ5BDkEQQVBBUEFQQVBBUEFQUVBRUFFQUVBRUFFQUVBRUFFQUVBRUlF
QUVBRkFGQUVBhUFFQUVJRUFFSUVBRUmGQUVJRUmGSYVJhUlFQQRBRElFSUVJRUlF
SUVBRUlFSUVJRUlFSUVJBElFSUVJRUlESUVJhUlFSUVJRkFFSUVJRUFFQUVBRUFF
QUVBRUlFSUZJRkkFQUVBRUFFQUVJRUlFSUVBRUFFQQVBRUFFQUU5RTkEOQQ5BDkE
OQQ5BDkEMQQ5BDkEOQQ5BDkEOQU5BTEFMQQ5BDkEMQQ5BDkEOQQ5BDkEOQQ5BDkE
OQQ5BDkFOQU5BTkFOQQ5BDkEOQQ5BDkEOQQ5BDEEMQQxBDEEMQU5BTEFMQQxBDEE
MQQxBDEEMQQwxDDEMQQxBDEEMQQxBDEEKQQoxCjEKMQoxCjEKMQohCjEKMQhBCDE
IMMgwyCDIMMgwyDDIMMgwyDDIMMgwyDDIMMgwyjDKMMgwyDDIMIgwyDDIIMYgiCD
IIMggxiDGIMYghiDGIMggxiDGIMYgxiDGIMYgxiDGIMYgxiDGIIQghCCEIIQghCC
EIIQQhBCEEIQQhBCEEEQQhBCEEEIQQhBEEEQARBBEEEgwyDDIQMgwyDDIMMowyjD
KMMgwyjDKMMowyjDKIMogyiEKIMowyjDKMMowyjDKMMogyiDKIIogijDKMMowyjD
KMMowyjDKMMowyjEKMMowyjDKMMowyjDKMMowyjDIMQoxCjEKMQoxCjEKMQoxCjE
MMQwxDDEMMU4xTDEMMQxBDEEMQQxBDEEMQQxBDkEOQQ5BDkEOQQ5AzkEOQQ5BDkE
OQQ5BUEFQQU5BEEEQUQ5BDkEOQQ5BDkFOQU5BUEFQQU5BUEFOQVBBUEFQUVBRUFF
QUVBRUFFQUU5RUFFQUVJRUFFQUVJRUlFSUVJRUlGSUVBBUlGQUVJRklGSUVJRUlF
SUVJRUlFSUZJRUmFQUVJhUFFQUVBRUmFSUVJRUlFSUVJRUlESUVJRUlFSUVJRklF
SUVJRUlFSUVBRUFFQUVBRUFFQUVJRUlFSUVJRUFFQUVBRUFGQUU5RUFFQUVBRUFG
QUVBRUFFOQU5BDkFOQU4xDEFOUUxBDEEMQQ5BTkEOQRBRDkEOQQ5BDEDOQQ5BDkE
MQM5BDkEOUU5BTkFOQQ5BDEEMQQxBDkFOQQ5BDkEOQQ5BDlEOUQ5RDlEOQQ5BDEF
MQQxBTEFMQUxBTEEMQQxBDkEMQQxBTEEMQQxBDEEMQQxBDEDMQQpBCkEKMQoxCjE
KMQoxSjEKMUoxCjEKMQgxCDEIMQgxCCEIMQgwyDDIMMgwyDDIIMggyDDIMMgwyDD
IMMgwxiCIIMggyCDGIMYgxiCGIIYghiCGIIYghiCGIIYghiCGIIYghiCGIIYghiC
GIIYghCCGIIYghiBGEIYQhhCGEIYQhBCEEIQQhBCEEIQQhBCEAEQQRBBEEEQQRBB
KIIogyCDIIQgxCDDKMMowyjDKMMowyiDKIMogyiCKIMogyiDKIIogzDDKMMggyCD
KIMogyiDKMMowyiDKIMogyiDKIMogiiDKMMowyjDKMMowyjDKMMowyjDKMMowyjD
KMQoxCjEKMQoxCjEKMQxBDEEMQMxBDEFMQUxBTEFMQQxBDDEOMQ5BDkEOQQ5BDlE
OQU5BTkFOQU5BDkEQQQ5BDkEQUU5BTkFOQU5BTkFOQU5BEEFQQRBRUkFQQVBBUFF
QUVBRUFFQUVBRUlFSQVJBUEFQQVBRUFEQURBRUlFQUVBRUGFQUVJRUlFSUVJRUFF
QUVBRUlFQUVJRUlFSUVJRUFFSUVJRUlGSUZBRkFFQUVBRUFEQUVBRUlFSUVJRElF
SUZJRkFFQUVBRUFFQYVJRUFFQUVBRUEGQUZBRkFGQUVBRUFFQUVBRUlFSUVJRUFF
QUZBRkFFQUVBRUFEQURBRDlEOQU5BTkFOQUxBTEFMQUxBDkEOQQ5BTkFQQU5BTkF
OQU5BTkFMQQ5BDkEOQU5BTlFOQU5BDlEOUQ5RDlEOUQ5BDkEOQQ5BEEEQQRBRDlF
OQU5BTkFOQU5BDkFOQU5BTkFOQU5BDkEOQQxBDEEMQQxBTEEMQQxBTEFMMQxBDEE
MQQxBDEEMQQxBDEEMQMwxCjEKMQowyjEKMQoxCjEKMQoxCjEKMQoxCjEKMQoxCjE
IMMgwyDDIMMgwyDDIMMgwyDDIMIggyCDIIMYgxiDGIIYghiCGIIYghiCGIIYghiC
GIIYghiCGIIYghCCEIIQghCCEIIQgRiCGIIYQhhCGEIQQhBCEEMQQhBCEEIQQhBC
EEIQQhBCEEIQQRBBEEEQQSiCKIMogyiDMIQohCiDKIMogyiDKIMogyiDKIMogyiD
KIMogyiDKMQowyiDKMMggyCCIIIowyiDKIMogyiDKIMogyiDKIMowyjDKMQwwyjD
KMQoxCjDKMMowyjEKMQoxDDEMMQwxDDEMMQwxDDEMMUwxTDFMQUxBDEDMQQ5BDkE
OQQ5BDkEOQQ5BEDEOQQ5BTkEOQU5BTkFOQU5BDkEOQQ5BDkEOQQ5RTlFOUVBRTkE
OQRBBEEFQQVBRUFFQURBREFEQQRBBUkFSQVJBUkFSUVJRUlFQUVBRUlFSQVJRUFG
QUZBRUFFQURJBUlESURJREFEQURBREFFQUVBRUFFQUVBREFFQUVBRUFGQUZJRkFF
QUVBRUFEQUVBRUFFQUVBRkFFQUVBRTlFQUVBRUFFQUVBBUFFQUVBRUFFQUVBRUFF
QUVBRUlFQURBREFFQUVBRUFFQUVBRUFFQQRBREFEOUQ5RDkFOQUxBTkFOQU5BTkF
QQVBBEEEQQRBBEEFQUVBBUEFQQVBRUEFOQU5BTkFOQU5BTlFOUU5RTlFOUU5RTlF
QUU5RTlFOUU5RTlFQUVBRTlFQUU5BTkFOQUxBTkFOQU5BTkFOQU4xDkFMQUxRDEE
MUQxRDEFMQUxBTEFMQQxBDEEMQQxBDEEMQQxBDEEOQQwxDDEMMQowyjEKMQoxCjE
KMQoxCjEKMQoxCjEKMQohCjEKMQgwyDDIMMgwyDDIMMgwyDDIMMgwhiCGIIYghiD
GIMYghiCGIMYgiCCGIMYghiCGIIYgxiDGIIYgxiCGIIQghiCGIIYghiCGEIYQhhC
GEIQQRBCEEIQQhBCEIMQQhBCEEIIQhBBEEEQQRBBEEIogyiDKIMogyiDKIMogyCD
KIIogzCDKIMogyiDKIQogyiDKIMogyiDKMMowyjDIMMggyCDIMMgwyjDKMMowyjD
KMQowyjEMMMowyjDKMMowyjDKMMowyjDKMMowzCDMMMwwzDEMMQwxDDEMMQwxDDE
MMUpBDEEMQQxBDEEOQQ5BDkEOQU5BDkEOQU5BDkEOQUxBTkFOQU5BDkEOQQ5BDkE
OQRBBEEEQQRBBUEFQQVBBEEEQQVBBUEFQUZBRUFFQUVBREEEQQVBRUFFQUVBRUlG
QUZBRkFFQUU5RUFFQUVBBkEFQQVBBUEEQURBRUFEQQVBBUEFQQRBBUFFQUVBBUFF
QUVBRUlFQURBREFFQUVJRUlFSUVBRUFFQUVBBEFEQUVBRUFFQUZBBUFFQUVBRUFF
QURBBEEEQQRBBEFEQURBRUFFQUVBBTlFOUU5RDlEOUQ5RDkEOQRBBEEEQQRBREFE
QUVBBTkFOQU5BTkFOQQ5BDkEOUQ5BDkEOQRBBUFFQUVBRUFFQUVBBTkEOQU5BDkE
OUU5RTlFOUU5RTlFOQU5BDlEOUU5RTlFOUU5RjkFOQU5BUEFOQQ5BTkFOUU5BTlF
MQQxBDkEOQQ5BDkFMQQxBDEEKQQxBTEFMQUxBTEEMQQxBDEEMQQxBDEEMQQxBDDE
MMQwxCjEKMQoxCjEKMQoxCDEKMQoxCjEKMMoxCjEKMQoxCjEKMMgwyDDIMMgwyDD
IMMYwxjDGMMYgxiDGIIYghiCGIIYghiCGIIYghiCGIIYghiCGIIYghiCGIIYghiC
GIIYghiCGIIYghiBEIIYghhCGEIYQhhCGEIYQhBCEIIQQhBCEEIQQhBCEEIQQhBC
KIMogyiDKMMowyjDKMMowyjDKMMowyjDKMMowyjDKMMowyjEKMMowyjDIMMowyjE
KMQoxDDDKMMowyjDKMMwxCjEKMMoxCjEKMMowyjEMMQxBDDEMMQoxCjEKMQwwzDD
MQMxBDDEMMQwxDDDMQQxBDEEKQUpBCkEMQQxBDEEMQQxBDkEOQQ5BDEEOQQ5BDkE
MMQ5BTkEOQU5BTkFOQU5BTkEOQQ5AzkEOUVBBUEFQQVJBUEFOQU5RTkFOUQ5RDlE
QURBREFEQUVBRUFFQUVBRUFGQUVBRUFFOUU5RTlEOURBBUEFQUVBBUEFQQRBBEEE
QQRBRDlFQUVBRUFFQQVBBEEESQVBBUEFQQVBBUFFQUVBRUFFQUVBRUFFQUU5RTlF
MQU5BTkFOQU5BTkFOQVBBTkEOQU5BTkFOQU5BUFFQUVBRUFFQUVBRUFFQQVBBUEF
QQVBBTkFOQU5RTlFOUU5RDlEOUQ5RDkEQUQ5REFEQURBREFFQUVBRUFFQUVBRUFF
QURBRUFFQQVBBUFFQQU5BTkFOUU5RTlFQURBRUFFOUU5RTlEOUU5RTlFOUU5RTlF
OUU5BTkFOQQ5BTkFOQU5BTkFOQU5BDEEMQQxBDEEMQQxBCjEMQQxBDEEMQQxBDEE
MQQxBDEEMQQpBCkEKQQpBCkEKQQpBCEEKMQpBCjEKMQoxCjEKMQoxCjEKMQohCDE
IMQgxCDDIMMgwyDDIMMYwyDDIMMgwxiDGIMYghiDGIMYgxiDGIMYghiCGIMYgxhD
GIMYgxiCGIIYghiCGIIYghhCGIIQghCCEIIQgRCCEIIQghCCEEIQQhBCEEIQQhBC
EEIQQhBCEEIQQRBBEEEQQiiDKIMogyiDKIMowyiDKMMowyjEKMQoxCjEKMQoxCjD
KMMowyjDKMMpAyjDMMQwwzDDMMQwxDDEKMQowyjDKMQoxCjEKMMowyjDKMMwgzDE
MMQwxDDEMMQwxDDEMMQwwzDEMMQxBDEEMMQwxDkEOQQ5BDEEMQQxBDEEMQUxBTEF
MQUxBTkFOQU5BTkFOQQ4xDkEOQU5BTkFOQQ5BTkFOQU5BTkFOQVBRTkEOQQ5BDkE
QQQ5BDkEOQQ5BDkEOQQ5BDlFQURBBEEEQQQ5BDkEQUVBBDkEQQU5BTkFQUU5RDlE
OQQ5RTlFQUVBRTlFOUU5RUFFQUVBRUEFSUVBBUEFQQVBBTkFQUVBRTlFOUU5RTkF
QUVBRUEEQUVBRTkFOQU5BTkEOQQxBDkEOQQ5BUEFQQVBBUFFOQU5BDkEQQVBBUEE
QQRBRUEFQUVBRkFFOUZBBUFFQUVBRUFFQUZBRUFFOQU5RTlFQUVBRUFFQUVBRUFE
QURBRUFEQUQ5RUFFQUVBRUFFQUVBRkFGQUY5RjkFOQU5RTlFOUU5RTlFOUU5RTlE
OUQ5RTkFOUUxRTlFOUU5RTkFOQU5BTkFOQQ5BDkEOQM5BDkEMQQxAzEEMQQxBDEE
MQUxBDEEMQQxBDEEMQQxBDEEKQMpBCkEKQQpBCjEKMQwxCkEKQQoxCjEKMQoxCjE
KMQoxCjEKMQoxCDDIMMgwyDDIMMgwyDDIMMgwyDDIMMgwyDDIMMgwiCCIIMggyCD
IIMggxiDGIIYwxjDGIMYgxiCGIIYghiCGIIYghiCGIIYghiCEIIYghCCEIIQghCB
EIIQghCCEEIQQhBCEEIQQhhCEEIQQhBCEEIQQhBCEEIowyiDKIMogyiDKIMowyjD
KMMowyjDKMIowyjDKMMowijDMMMwwyjDKMMowyjEKMQoxCjEKMQowyjEKMQowyjE
KMMoxCjDKMQowyjDKMQoxCjEKMQoxCjEKMQwxDDEMMQ4xTDEMMQ4xDDEMMQwxDDE
MMQwxDjEOMQ4xDkFMQUxBTEFMQUxBTEFMUUxBDEEOMQ5BDkEOQU5BDkEOQQ5BTlF
OQQxBDkFOQU5BDkEQQVBREEEQQRBBEEEQQRBBTkFOQQ5BDkEOQQ5BDkEOQQ5RDkE
OQRBBDkFQQVBBUEFOQQ5BDkEOQQ5BDkFOQVBBUEFQQU5BDlFOUU5RDlEOUQ5RDlF
OQU5BTkFMQU5BTkFOQU5BDkEOQQ5BEEFQQU5BTkFOQQ5BDlEOUQ5RDlEOUQ5RDlE
QUVBRUFFQQRBRElFSURBBEEESUVJRUlFSQVJRUlEQUVBRUFFQUVBRUlFQURBREFE
QUVBRUFFQUVBRUFFQUVBRUFFQUVBRUFFQUVBRUEFQQVBBDkFOQU5RTlFOUU5RTlF
OUU5RDlFOUU5RTlFOUU5RTlFOUU5BTkFOQU5BDkFOQU5BTkFOQU5BTkFOQUxBDEE
MQQxBDEEMQQxBDEFMQQxBTEEMQQpBDEEMQQwxCjEKMQxAykEKMQoxCjEKMMoxCjE
MMQwxCjEKMQoxCjEKIQoxCjEIMMgwyDDIMMgwyDDIMMgwyDDKMMowyDDIMMgwyDD
IMMgwyDDIMMYwyDDIMMgghiCGIMYgxiDEIMYgxiDIIMYghiCEIIYghiCGIIYghiC
GIIQghCDEIMQgxCCEIIQghCCEIIQghCCEIIQQhBCEEIQQhBCCEIQQhBCEEIQQhBC
KIIogyiDKIMogyCDKIMowyjDKIMogyiDMIMwgyiDKIMogyjDKMMowijDKMMgwyjD
KMMgwzDDMMMwwzDEMMMoxCjEKMQogyjDKMMowyjDMMMpAyjDKMMowzDDMMQwxDDE
MMQwxDDEMMQwxDDEMMQwwzDDMMMwxDDEMQQxBDEEMQQxBDDEMQQxBDkEMQM5BDkE
OQQ5BDkEOQQ5BDEEOQQ5BDkFOQQ5BDkEOQQ5BDkEOUQ5BDkEOQQ5BDkEOQQ5BDkE
OMQ5BDEEMQQxBDEDMQQ5BEEEOQQ5BDkEOQQ5RDkEOQQ5BDkEOQQ5BEEFQQVBBUEF
OQU5RTlFOUU5RTlEQUU5RUFFOUU5RTlFOUU5RTlFOUVBhTlFQURBRUlFQURBREFE
QURBRUFFQQVBRUFFQUVBRUFFQURBRElESURRRElFSUVBRUFFQUVBRElFSUVJhUFF
QUVJRUFFSUVJBUFFSUVBRUFFQUVBRUFFQYVBRUFGQUY5RTlFQUVBRTlFOUU5RTlF
QUVBBUEFQQVBBTkFOURBRTlFOQUxRTEFMQUxBTEFMUUxRDlFMUU5RTkFOQUxBTEF
MQUxBTEEMMQxBDEEMQQxBCkEMQMxAzEDMQQxBDEEMMQxBDEEKQQoxCkEKMQowyjE
KMQoxCjEKMQoxCjEKMMowyjDKMMoxCjEKMQggyjDKMQoxCjEKMQowyjDKIMowyjD
KMQowyjDKMMgwyDDIMMgwyDDIMMgwyDDGMMgwyCDIIMggxiDGIMYgxiDEIIYghiC
GIIYghiCGIIYghiCGIIYghiCGIIYghiCGIIYghiCEIIQghCCEIIQghBCEEIQQhBC
EEEQQhBBEAEQQRBBGEEQQSiDKIIogyiDKIIogyiDKIMogyiDKIIogiiCKMMowyjD
KMMowyjDIMMowyjDKMMogzDEKMQohCiDKMQowyjDIMQoxDDDMMMowyjDKMIowzDD
MMMxAzDDMMMwxDDEMMQwxCjEKMQowzDEMMQwxDEEMMQwwzjDOMM4wzjEOMQ4xDjE
OMQwxDjEOQQ5BTkEMQQxBDEEMQQxBDEEMMQxBDEEMQQ5BDkEOQQ5BDkFOQU5BTEF
OQU5BDkEOQQ5AzkEOQU5BDkEOQU5BDkFOQU5BTkFOQU5BTkFOQU5BTkFOQVBBUEE
QQQ5BDlEOURBRUFFQUVBRUFFQUVBRUlESUVJRElEQURBREFFQUVBBUFFSUVBRUFE
SURJRElESURBREFFQUVBRklFSUVJRklFSUZJRklGQUVBRUFFQUVBRUlFSUVJRklG
QUZBRUFGSUZJRklFSUVJRUGFSUVJRUlFSUVBRUFFQUU5BUFFQUVBRUFFQUVBRTlE
OUU5RDlEOUQ5RDlFOUU5RTlFOUU5RTlFOUU5BTkFMUU5RTkFOQU5BTkFOQU5BTkF
OQUxBDEFOQU5BTkFOQUxBDEFMQUpBCkEKQQxBDEEMMQwxDDEMMQwxDDEKQUpBCkE
KQQpBCkEKQMoxCjEKMQoxCjEKMQoxCjEKMQoxCjEKMMowyjDKMQoxCjEKIQowyjD
KMMowyjDKMMowyjDKMMogyDEIMQgxCDEIMMgwyjDKMMogyiDKMMowyCDIIMYgiCD
GIMYgxiDGIMYgxiDGIIYgxiCGIIYghiCGIIYghiCEIIYghiCGIIYgRhCGEIYQhBC
EEIQAhBCEEEQQRBCEEIQQRBBEEEQARBBEEEQQRBBEEEogyiDKIMogyiDKIMowyjD
KMMwwzCDMMMowyjDKMMowyjDMMIwwjDCKMIwwyjDKMMowzDDMMMwwyjDKMQowyjD
KMMowzDEMMQwxDDEMMQwxDEEMQQxBDDDOMQwwzEDMQQxRDEEMQQxBDEEMQQxBDEE
MQQxBDEEOQQ5BDkEOQQ5BDkEOQRBBDkEOQQ5BDkEOQQ5BDkFOQU5BTkFOQU5BTkF
OQQ5BDkFOQU5BUEFQQU5BUEFOQU5BTkFOQU5BTkFOQU5BUFFQUVBRUFFQUVBRUFF
OUU5RUFFQUVBRUFFQQVBBUEFQUVBRUFFQUVBRUFEQUVBRUFEQURBRElESURJRElE
SUVBRUFFQUVBRUFEQURBRUlESURBQ0lFSURJRElFSUVJRUlFSUVBRkFGQUY5RkFF
QURBREFEQURBREFEQUVBRUFGQUZBRkFFQUVBRUEFQUVBRkFFQUVBRUFEQUVBBUFF
QUVBRUEGQQVBBUEFQQU5BTkFOQU5BTlFOUU5RTFEMUQxRDEFOQU4xTkFOQU5BTkF
MQU5BTkEOQQ5BDEEMQQwxTEEMQQxBDEEMQQxBDEEMQQxBDEFMQQxBDEEMQQxBDEE
MQQxBDEEMQQxBDEEMQQxBCkEMQQxBDEEMQQxBDEEMQQxBDEEMQUoxCjEKMMoxCjE
KMQoxCjEKMQoxCjEKMQoxCDEIMQgxCDEKMQpBCDEIMQgxCDEIMMgwyDDIMMgwyDD
IMMgwiDDIMMgwyCDIIIggxiDGIMYgxiDGIIYghiCGIIQghCCEIIYwhCCGIIYghiB
EIIYQhBCEEIQQhBCEEIQQRBBEEEQQRBBEEEQQRBBEEEQQRBBEEEQQRBBEEEQQRBB
KMMogyjDKMMowyiDKIMwgyiDKIMogyiDIMMowyjDMMMowzDCKMIwwijCMMMwwyjD
KMMwwzDDMMMwwzDDMMMwgzDDMMMwxDDEMIQwxDDEMMQxAzjDOMM4wzjDOMMwxDEE
MMQxBDEDMQMxAzEEMQQxBDEEMQQ5BDkEOQQ5BDkFOQQ5BDkEOQQ5BDkEOQQ5BDkE
OQQ5BEEEQQVBBTkFOQU5BTkFQQU5RTlFQQVBBUEFQQVBBUEFQUVBRUFFQUZBRUFE
QURBRUFFQUVBRUFFQUVBRUFGQUZBRkFFQUVBRUFFQQVBBEkEQURBREEEQUVBRUFF
QUU5RUFFQUVBRUFFQUVBREFFQUVBRUFFQUVBBEFEQURBRUFEQUVBREFEQURBREFE
QURBREGFQUVBRUEEQUVBRUFFQUVBREFFQUVBRTkFQQVBBUEFQQVBBUFEQURBRUFF
QUVBRTlFQUVBRUFFQUVBRTlFOQU5BTlFOQU5BTkFOQQxBDkEOQQ5BDkEOQQ5BDkE
OQQ5BDkEOQQ5BDkEOQQ5BDkEOQQxBDEEMQQxBDEEOQQxBDEFMQUxBTDEMQQxBDEE
MQQxBDEEMQQwxDEEMQQxBDEEMQQxBDEEMQQxBDFEMQQxBDEEMQQxBDEEMQQxBDEE
MQQxBDEEMMQwxCjEKMQoxCDEKMQoxCjDKMMowyjDIMMggyDDIMMgwyDDIMMgwyDD
IMMgwyDDIMMgwyDDIMMgwyDDIMMYwyCDIIMggyCDIIMggyCDIIIYQhiCGIIYghiC
GIIYghiCGIIYghCCEEIQQhBCEEIQQhBCEIIQQhhCGEIYQhhCEEIQQhBCEEIQQhBB
EEEQQRhBEEEQQRBBEEEQQiiDKIMogyiDKIMogyiDKIMogyiDKIMogyjDKMMowyjD
KMMowyjDKIMowyjDKMQwwzDDMMMwwijDKMMowzDDMIMwwzDDMQMowzDEKMMoxDDE
MIMwwzDEMQMwxDDEMMQwwzjDMQMxAzDDMMMxAzEEOQQwxDDEMMQwxDEFOQQ5BDkE
OQQ4wzkEOQQ5BDkEOQQ5BDkEOQQ5BDkEOMRBBEEEQQVBBTkFOQU5BTkFOQVBBUEF
QQVBBUkGQQVBBUEFQQVBRUEFQQVBBEEEQQRBBEFEQQVBRUFFQUU5RUFFQUVBBUEF
QQVBBUFFOUQ5BDlFOUU5RUFFQUVBBDkEQURBREFEQUNBREFEQURBREFEQUQ5RDkD
OUQ5BEFEQURBREFEQUVBRUEFQQVBRUFFQUVBREFFOURBRUEEQQVBRUlFQUVBREFE
OURBREFEQURBRUFFQUVBBUFFQQVBBUEFQQU5BDkFQUU5RTlFOQU5RTlEQUQ5RDlE
OUQ5RDlEOQQ5BDkEOQU5BTkFOQQ5BDkEOQQ5BDkFOQU5BTlFOQUxBDEEMQQxBDlE
OQQ5BTkFOQU5BTkFOQU5BTkEOQQ5BDkFOQQxBDFEMQQxBDEEMQQxAzEEMQQxBCkE
KQQoxCjEKMQowyjEKMQoxCkEKQQgxCjEKMQwxCiEKMMowyjDKMMowyjCKMMowyDD
IIMggyCDIIMowyjDKMMgwyDDGMIgwyCDIMMgwyCDIIMggyCDIIMggyCDIMMYgyCD
IIMggiCCGIIYghiCGIIQghCCEIIQgRCCEEIQQhhCGEIYQhBCEEMQQhBCEEIQQhBB
EEIQQhBCEEIQQhBBEEEQQRBBEEEQQRBBGEEYQRBBEEEogyiDKIMogyiDKIMogyiD
KIMogyiDMMMwgyiCKIMowyjDKIMogyiDKIMogyjDMMMowyjDKMMowyjDKMMowyjD
KMMowyjDKMMwxDDEMMQwxDDEMMQwxDDEMQQwxCjEKMQoxDDDMIMwxDDEMMMwwzDD
MMQwxDDEMMQ5BDEEOQQ5BDkEOQQ5BDkEOQQ5BDkEOQQ5BDkEOQQ5BDkEOQRBBDkE
OMQ5BDkEOQQ5BDkEOQQ5BDkEQQRBBEEEOQU5BTlEOQRBBEEEQQRBBEEFQUU5RTlF
OURBBUEFQQVBBUEFQQRBBEEEQQVBBUEFQQU5BTlFOUVBRTlEOUQ5REFEQURBREFE
OQRBREFEQUVBRTkFOUU5RTlFOUU5RTlFOUVBRUFFSUVBBUFEQURBREFEQUVBRUFF
QUVBRUFFQUVBRUFFQUVBRUFFQUVBRUFFQUVBRUEFQUVBRTlFQUVBRUFFQUVBRUFF
QUVJRUFEQUVBREFEQUQ5RDlEOUU5RTkFOQU5BTkFOQQ5RTlEOQQ5BDkEMQQ5BDlF
OUU5RTFEMQQxBDkEOUQ5RDlEMQUxBTEFMQUxBTEEMQQxBDEEMQQxBDEEMMQwxDDE
MMQpBCjEKMQoxCkEKMQoxCjEKMQoxCjEKMQoxCjEKQQpBCjEKMQoxCjEKMQoxCjD
KMMoxCjEIMMgwyDDIMMgwyDDIMMgwyDDIMMgwyDDIMMggyCDIIMggyCEIIMggyCC
IIMggyCDIIMggyCDIIMggyCDIIMggxiDGIMYghiCGIIYghiCEIEQghCCEIMQghBC
EIIQghBCEEIQQhBCEEIQQhBCEEIQQhBCEEIQQhBCEEIQQhBCEEEQQRBBEEEQQRBB
IMMgwyjDKMMowyjDKIIogyiDKIMogyjDKIIwgzCDKMMowyjDKMIogijCKMMowyjD
KMMowyjDKMMpAyjDKMMoxDDEMMMwxCjDKMMowyjDKMMowzDDMMMwwzDDMMMwxCjD
MMQwxDDEMMQxBDEEMQQxBDEEMQQwxDjEOMQ5BDkEOQQ5AzkEOQQxAzkEMQQxBDEE
OQQ5BDkEOQQ4xDkFOQU5BTkFOQU5BDlEOQQ5BDkEOQQ5BDEEOQQ5BDkEOUQ5REFE
QURBREFEQURBREFEOUQ5RUFFQUVBRUFFQUVBRUFFQUVBBUEFQUVBRUFFQURBREFE
QURBRUFFQUVBRUFFQUU5RDlFOUU5RTlFQUVBRUFFQUVBRUFFQUVBRUFESURBhElE
SUVJRUlFSUVJRUFFQUVBRUFFQUVBRUFFQUVBRUEFQUVBREFFQUVBRUFFQUVBRUFE
QUVBRUFFQUVBRUEEOQRBBEEEQQRBBTkEOQQ5BDkEOUQ5RDEEOQQ5BDkEOQRBBDkE
OQQ5BDkEOQQxBDEEMQQxBDEEMQQxBDEEMQQ4xDEDMQMxRCkEKQQpBCkEMQQxBDEE
MQQxBDEEKMMwxDDEMMQwxDDEMMQwxDCEMMQoxCjEKMMowykDKQMhAykDKQQxBCkE
KQQoxCjEKMQoxCjEKMMowyjDKMQgxCDEIMMgwyDDIMMgwyDDIIQgwyDDIMMgwyDD
IMMgwiCCIIIggyCDIIMggyCDIIMggiCCIIIggiCDIIIggiCCIIIYghiCGIIYghiC
GIIQghCCEIIQghCCEEIQQhBCEEIQQhBCGEIQAhBCEEIQQhBCEEIQQhBCEEIQQhBC
EEIQQRBBEEEQQRBBEEEQQSiDKIQoQyiDKIMogyiDKIMogyiDKIMogyjDKIMowyjC
KMIgwijCKMMwwyjDKMMowzDDKMMowyjDKMQoxCjEKMQoxCjEKMQowzDDMMMowyjD
KMMowyjDKMMowzDDMQM4wzDDMMMwwzEEMQQxBDEEMQQ5BDEEMQQxBDEEMQQxBDkE
OQQ5BDjEOMQ5AzkDOQM5BDkEOQQxBDkEOQQ5BDkEOQQ5BDkEOQQ5BDkEOQQ5BDkE
OQQ5RDlEOQQ5BUEFSQVJRUlFQURBREFEQUVBBUEEOUVBRUFFQUVBRUFFQURBRUFF
QQVBRUlGSUVBRUFEQURJREFFQUVBRUFEQUVBRUFFQUVBRUFFQUU5RTlFQYVBRkFF
QUVBBUFFQUVBRUFEQURBRElFQQRBRUFFQYVBRUFFQUVBBEFFQUVBREFEQURBREGF
QURBRUEFQQVBBUEFQQVBBUEEQQRBBEEEQQU5BTEFMQQxRTlFOQU5BDlEOUQxBDkE
OQQ5BDkEOQU5BDkEOQQ5BDkEOQQ5BDkEOQQ5BDEEOQQ5BDkEOQQ5BDkEOMQxBDEE
MQUxBDDEMQQxBDEEMQQxBDEEMQQxBDEEMQQxBDEEMQMwxCjEMMQwxDDEKMQowyDE
KQQpBCjEKMQoxCjEKMQoxCjEKMQoxDDEKIQoxCjEKMQoxCDEIMMgwyDDIMMgwyDD
IMMgwyDDIMIgwyCDIMMgwyDDIMMgwyCDIIMggyCDIIMggyCDIIMggiCCGIIYghiC
GIIYgiCCGIIYgxiCGIIYghiCGIIYghCCEEIQQhhCGEIYQhhCGEIYQhBCEEIQQhBC
EEIQQhhCEEIQQhBBEEEQARBBEEEQQRBCEEIQQhBCEEEogyiDKIIogiiDMIMogyiD
MIMogiiDKMMowyjDKMMowyjDKMMowyjDKMQoxCiEMIMwhDCDKIMwwyjDKMMowykE
KMQowyiDMMMwwzDDKMQowyjEKMMoxCjDKMMowyjDKMMwwzDDMMMwwzDDMMMwxDDE
MMQwxDDDMQMxBDEDMQQwxDEEMMQwxDkEOQQ5BDkEOQQ5BDEEMQQxBDEEOQQ5BDkE
MQQxBDEEOQQ5BDkEOQQ4xDkEOQQ5BEEEQQRBBEEEQQRBBEEEQQRBBEFEOUQ5QzkE
QUQ5RDlFOQU5BTkFOQU5BTkFOQU5BTlFOUU5RTlFOUVBRUFFQUVBRUFFOUVBBUEF
QQVBBUFFOUQ5RUFFOURBREFEQURBRUFFQUVBBUEFQQVJRTlFOUU5RTlFOUU5BDkE
OQQ5BDkEOQQ5BDkEOQQ5BDkEOQQ5BDkEOQQ5BDkEOQU5BTkFQUZBBTkFOQU5BTkF
OQU5BUEFQQVBBUEEQQQ5BDkEOQU5BDkEOQQ5BDkEOQQ5BDkEMQQ5BTEEMQQxBDEE
MQQ5BDkFOQU5BTkFMQQxRDEEMQQxBDEEMQQxBDEEMQQxBDEEMQQxBDEEMQQxBDEE
MQQwxDDEMMQwxCjEKMMoxCjEKMQoxCjEKMQoxCjEKMQoxCjEKMQoxCjEKMMoxCjE
KMMgwyDDIMMgwyDDIMMgwyDDIMMgwyCDIIMgwyDDIMMgwyDDIMMggyCDIIMggyCD
IIMggyCDIIMggyCDGIIYghiCGIIYghiCIIIggiBCIIIggiCCGIIYghiCEIIQQhhC
GEIYQhhCEEIYQhBCEEIQQhBCEEIQQhhCEEIQQhhCGEIYQRhCEEEQQRBBEEEQQRBB
KIMogyiDKIQogyiDKMIwwijCKMIgwiDCKMMowyjDMMMowyjDKMMowyjDKMMowijD
KMMowyjDKMQgwyiDKIMowyjDIMMowyjDKMMowyjDKMMowzDDMMMwwzDDMMMwwyjD
KMMwwzDDMMIwwjDCMMIwwzDDMMMwwzDDMMQxBDDDMMMwwzDEMMQwwzkEOQQ5BDED
MQQxBDEEMQQ5BDkEOQQxBDkEMQQ5BDkEOQQwwzkEOQQ5BDEEOUQ5BDkEOQU5BTkF
OQQ5REEEOQQ5BDkFOQU5BDkEOQQ5BDkFOQU5BTkFOQU5BTkFOQU5BTEFOQU5BUEF
QQVBBUEFOQU5BTkFOQU5BUEFQQVBRUFFQURBBUEFOQRBBUEFOQVBRUFFOUU5RTlF
OUU5BDkEOQQ5BDlEOUQ5REEEQQRBBUEFQQU5BDlEOUQ5RDkEOQQ5BDkEOQQ5BTkF
QQVBBTkFOUU5BTkFOQQ5BDlEOQQ5BDkEOQQ5BDkEOQQ5BDkEOQQxBDEEMQQxBDEE
MMQxBDEEMQQ5BDEEMQQ5BDEEMQQxBDDEMMQxBDEEMQQxAzEDMQMxAzEDMQQxBDEE
KQQpBCkEKMMowykDKQMpBCjEKMQoxCjEKMQoxCjEKMMowyiDKMQoxCkEKMQoxCjE
KMQoxCDEKMQoxCjDKMMowyjDKQMgwyDDKMQgwyjEKMQgwyDDIMIgwiDCIMIgwyDD
IMMgwyDDIMMgwyDDIIIggyCDIIMggyCDIIMggyCDGIMggyCDIIIYgiCCGIIggiCC
IIMgghiCGIIYghCCGIIYghiCGIIYgRiCGIIYghiCEEIQQhBCEEIQQhBCEEIQQRBB
EEIQQhBCEEEQQRBBEEEQQSiCKIIogiiCKIMogyjDKMQowyjDKMMogyjDKIMogyjD
KMMowyjDKMMowyjDMMMowyjDKMIowyjDMMMowijCKMMowyjDKMMowyjEKMMoxCjD
KMMwwzDDMMMwwzDEMMQwxDDEMMMwwijCKMIwwzDDMMMwwzDEKMQwxDDEMMQwxDDD
MMMowzDDMQQ5BDEEMQQ4xDkEOQQ5AzkEOQQ5BDkEOQQ5BDkDOQQ5BDkEOQM5AzkE
OQQ5BDkEOQQ5BDkEOQQ5BDkDOQQ5BDkEOQU5BTkFMQU5BTkFOQQ5BDkEOQRBRDlF
OUU5RTlFOUU5RTlFOQU5BTkFOQU5BTkFQQU5RTkFMQU5BDkEOQU5BTlFOUU5RTlE
OUQ5BDkEQQRBBEFEQURBRTlFOQU5BDkEOQQ5BEEEQQRBBEEFQQVBBUEEQQQ5RDlE
OUQ5RDlEOQU5RTkFOQVBBUFFQUVBRUEFQQU5RDlEOUU5BTkEOQQ5BDkEOQQ5BDkE
OUQ5RDlEOQQxBDEEMQQ5RDkEOQQ5AzkEMQQxBDDEMQQ5BDkEOQQxBDEEMQQxBDEE
MQQxBDEEMQQxBDEEMQUpBCkEMQQxBCkEKQQpBCkEMQQxBDDEMMQwxDDEKMQoxCkD
KQQpAykDMQQxBCkDKQQoxCjEKMQoxCjEKMMowyjDKMMowyjEKMQoxCjDKMMowyjD
KMMowyjDIMMgwyDDIMMgwyDDIIMggyCDIMMggyCDIIMggyCDIIIggiCDIIMggyCD
IEMYghiCGMIYghiCGIIggiCCIIIggiCCGIIYghiCGIIYghiCGEIYQhhCGEIYQhBC
EEIQQhBCEEIYQhhCEEIQQhBCCEIQQhBCEEEQQRBBEEEogiiCKIIogyiDKIMogyjD
KMMowyjDKMMogyiDKMMowyjDIMMgwyDCKMMowyjDKMMowyjDKMMowyjDKMMowyjD
KMMowyjDKMQoxCjEMMQoxCjDKMMwwzDDMIIwxDDEKQMoxCjEKMMowyjEMMQwwzDE
MMQwxDDDMMQwxDDEMMQxBTEEMMQxBDkEOQQ5BDEEOQQ5BTkFOQU5BDEEMQMxAzED
OQM5AzkEOQQ5BTkEOMQ5BDkEOQQ5BDkEMQQ5BDEEOQQxBDEEOQQ5BTkFOQU5BDkE
OQU5BTkEOQQ5BDkEOQQ5BDlFOUQ5RDlEOUQ5RDEFMQU5BTEFMQQxBDkFOQU5BDkE
OQQ5BDkEOURBRDlEOUU5BTkFOQU5BTkFOUU5RTlFOUU5BTkFOQUxBEEEQQU5BTkE
OQQ5RTlFOQU5BDkEOQQ5BEEEQQRBBDlEOUU5RTlFOUU5RTlFOUU5RDkEOQQxBDkE
OQQ5BDkEOQQ5RDkEOUQ5RDkFOQU5BTjEOQQ5BDkEOUQ5BDkEOQU5BTkFOQQ5BDkE
OQQ5BDlEOQQ5BDEDMQQxBDEEMQQxBDkEMQQxBDEEMQQxBTEFMQUxBTEEMQQxBDEE
MQQxBDEEKQQpBCjDKMMpAykDKQMpBCkEKQQpBCjDKMMowyjDKMMowyjDKMMowyjD
KMMowyjDKMMowyjDKMMowyjDKMMgwyDDIMIggyCDIMMggyCCIIMggyCDIIMYgxiD
GIMggyCDIIMggyCCIIMgQhiCGIIYghiCGIIYghiCGIIYghiCGIIYghiCGIIYghiC
GIIYghiCGEEYQhhCEEIQQhBCEEIQQhBBEEEQQhBCEAIQQhBCEEEQQRBBEEEQQRBB
KIMogiiDKIQogyiDKIMowijDKMMowzDDKMMowyjDKMMowyjDKMMogjCDMIMwwzDD
MMMowyjDKIMowyjDKMMowijCKMIowyjDKMMowyjDKMQoxDDEMMMwwzDDMMMowikD
KQQowyjDKMMwxDDEMMQwxDDEMMQwwzDDMMMwwzDEMMQwxDEEMQQxBDkEOQQ5BDEE
OQQ5BDkEOQQ4xDEEMQQxBDEEMQQxBTEEMQQxBDEEMQQxBDEEOMU5BTkEOQQ5BDkE
OUM5RDlEQUQ5RDkFOQU5BTkFOQU5BTkEOQQ5BDkEQQVBBTkFOQUxBDkEOQQ5BDkE
OQU4xDkEOQQ5BDkEQQU5BTkFOQU5BTkFOQQ5BDkFOQU5BDlEOUU5RDlEOUQ5BDkF
OUU5RTlFOUU5RTlFOUUxRDlEOURBREFEOUQ5BDkEQURBRTlFOUU5RTlFOUVBRjlF
QUVBRTlFOUU5BDkEOQQ5BDkEOQQ5RDkEOQQ5BDkEOQU5RTkFOQU5BDkEOQQ5BDkD
OQU5BTEFMQQxBDEEOQQ5BDkEOQQxBDEEOQQxBDEEMMQxBDEDMQQxAzEDMQMxAzEE
MQQxBDEFMQQxBCkEKQMpAykDKQQpBCkEKQQpBCjEKMQoxCjEKMQoxCjEKMQoxCjE
KMQowyjDKMMgwyDDKMMogyjDKMMgwyDDIMMgwyCDIIIggiCDIIMggyCDIIMggyCD
IIMggyCDGIIgwxiCGIMggyCDGIIggiCCIIIggiCCGIIYghiCGIIYghiCGIIYghiC
GIIYghiCGIIYghiCGIIYghiCGEIYQhhCGEIYQhhCEEIQQghBEEEQQRBBEEEQQRBB
EEEQQRBBEEEQQRBBEEAQASCCIIIggiiDKIMogyjDIMMgwyDDKMMgwyjDKMMowijC
KMMowyjDKMMowyjDKMMowyDDKMMowyjDKMMowyiCKMMowyjDKMMowyjDKMQoxCDE
KMQowyjDKMQoxCjDKMMowyjDKMMwwzDDOMQxBDDDMMMwwzEDKQMxBDEEMQM5AzkD
MQMxAzEDMQMxBDEDMQMxBDkEOQQ5BDjEMMQ4xDjEOMQ5BTjFOQQ5BDkDOQQ5BDkE
OQQ4xDkEMQQxAzkEOQQ5Q0FEOUQ5RDlEOQQ5BDkEQQU5BDkFOMVBBUEFQQRBBEEE
QUQ5RTlEOUQ5RDlEOQQ5BDkEOMU5BTkFOQQ5RDkEOQQ5BDkEOQQ5BDkEOQQ5BDkF
OQU5BTkEOQQ5REFEOQQ5BDkEQQVBBUFFQUVBBUEFQUVBRUFFQURBREFEQURBBUEF
QUU5BTkFOQU5BTkFOQU5BTlFOUQ5RDlFOUQ5RDlEOUQ5RDkEOUQxRDkEOQQxBTEE
QQVBBUEEOQQ5BDkEOQQxBDEFMQUxBTEFMQQxBDEEMQQxBCjFKMQoxDEEMQQxBDEE
MQQxBDEEKQQpAykEKQQxBCkEKQQpBCkEIQMowyjEKMQoxCjEKMQoxCjEKMQoxCjE
KMQoxCjEKMQoxCjEIMMgwyDDIIMgwyDDIMMgwyDCIMMgwyDDIMMgwyDDIMMgwxjD
IMMgwyCCIIMggyCDIIMggyCDIIMgwyCDIIMggyCDIIMgghiCGIIYgiCCIIMggyCD
GIMYgxiCGIIYghiCGIIYghiCGIIYghiCGIIYghhCGEIYQhhCGEIYQhBCEEIQQhBC
EEIQQRBBEEEQQRBBCEEQQRBBEEIQQRABEAEIAQhCCAEogyiDKIMggyCDIIMggyCD
IIMgwyDDIMMgwyDDIMMgwyjDKMMowyjEMMMowijDKMMowijDIIMogyiDKMMowyiD
KIMogyjDKMMogyjDKMMowyjDKMMowyjDKIMowyjDKMMowzDDMMMwwzDEMMMowzDE
KMMwxDDEMMQwxDDEMMQwwzDEMMQwxDDEMMQwxDkEOQQxBDEEMMQxBDEEMMMxBDEE
OQQxBDEEMQQxBDEEMQQxBDkEMQQxBDEEMQQxBDkEOMQ5BDkEOUQ5BDkEOQQ5BDkE
OQQ5BDEFOQU5BDkFOQQ5BDlFOQU5BTkEOQQ5BDkEOQU5BTkEOQQ5BDkDOQM5A0ED
OQQ5BEDEOQRBBEEEQQVBBUEFQQU5BTkEOQQ5BEEEOQQ5BDkEOUQ5REFEQUVBRUFF
QQVBBTkFOQU5BTkFOQU5BTkFMQQ5RTkFOQQ5BTkFOQQ5BDkEOQQ5BDkEOQQ5BDkE
OQQ5BTkFMQUxBDEEMQQxBDEEOQQ5BDkEMQQxBDEEMQQxBDEFMQQxBDEEMQQ5RDEE
MQQxBCjEKMMoxDDFMQQxBDEEKMQpBCjEKMQpBCkEKQQpBCkEKQQowyjDKMMowyjE
KMQoxCjEKMQowyjDMMMoxCjEKMQoxCjEKMQoxCjEKMQgxCDDIMMgwyDDIMMgwyDD
IMMgwyDDIMIgwyDDIMQgwyDDIMMggyCCIIMYwyDDIIIggyCDIIMgwyCDIIMggyCD
IIMggxiDIIMggyCDIIMgQyCDIIMggyCCGIIYgxiCGIIYghCCGIIYghiCGIIYghiC
GIIYQhhCGEIYQhhCGEIYQhBCEEIQQhBCEEIQQhBCEEIQQRBBEEEQQRBBEEEQQRBB
KIMogyCDIIMggyCDIIMggyiDKIMggyCDIIMghCiDKIMogyiDKIMogyCCKMMowyjD
KMIggiCCIMIgwiiCKIMogyiDKMMogyiDKMMowyjEKMQoxCjDKMMowyjDKMMowyjD
KMIowyjCMMMwwzDEMIQwxDDEMMQwwzDDMMMowzDDMMQwxDDEMMQwxDDEMMQwxDDE
MMQwxDDDMMQwxDDEMMQwxDEFMMQxBCkEKQQpBCkDKQMxAzEEMQMxBDEEMQQxBDEE
MQQxBDkEOQQ5BDkEMQQxBDkEOQQ5BDkFOQQ5BDkEOQQ5BDkFOQUxBTkFOQQ5RDkE
MUQxBDEDMQMxAzEEMQQxBDEEOQQ5BDkEOQUxBDkEOQQ5BDkEOQQ5BDEEMQQxBDEE
MQQ5BDkEOQQ5BDkEOQQ5BDkEOQQ5BDkEOUQ5BDkFQQU5BTkFOQU5BTkEOQQ5BDkE
OMQ5BDkEOQQ5BDEEMQQxBDEEMQQxBDEEMQQxBDEEMQQxBDEEMQQxBDEFMQUxBTEF
MQUxBDEEMQMxAzEEMQQxBSkEKQQpBCkEKQQpBCkEKQQpBCkEKQQpBCkEMQQxBCkE
KQQxBCkEKMQoxCjEKMQoxCjEKMQwxDDEMMQoxCjEKMQoxCjEKMQowyDDKQQoxCjE
IMQgxCDEIMQgwyjDKMMgwyDDIMIgwyDDIIMggyjDKMMgwyDDIMMgwiDCIMMgwyCD
IIMggyiDIIMggyCDIIMggyCDIIMYgxiDGIMYgxhCGIIggiCCIIMggiCCIIIYghiC
GIIYQhhCGEIYQhhBGEIYQhhCGEIQQRhCGEIYQhhCGEIQQhBCEEIQQhBBEEEQQRBB
EEEQQRABEEEQQRABEEEQQSiDKIIogyiDKIMggyCDIIMogyCDIIMggyCDKIMogyiD
KIQogyiDKIMogiiDKIMogyjDKMMogyjCKMIgwiCDIMMgwykDKMMowyjDMMMowyjD
KMMowyjCKMMowyjDKMMowyjDKMQowyiDKMMowyjDKMMpBCjDKMMowzDDKMMoxCjD
KMMpAzDDMMMwxDDEMQQxBCkDKQMowyjEMMQwxDDEMMQwxDEEMQMxBDEEMQQwxDDE
MMQwxDDEMQQxBDEEMQQxBDEEMQQxBDEEMQQxBDEEMQQxBDEEMQQxBTEEOUQxBDkF
OQU5BTEFMQUxBTEFMQUxBDEEMQQxBDEEMQQxBDEEMMQwxDEEMQQ5BDkEOQQ5BDkE
OUU5RUFEQUQ5BDkEOQQ5BTkFOQQ5BDkEMQQxBDEEOQQ5BDkEOQQ5BDkEOQQ5BDkE
MQQxBDEEMQQxBDEEMQQxBDDEMQQxBDkFOQQ5BDEEMQQowzEEMQUxBTEFMQUxBTEF
MQUxBTEFMQUxBTEFMQUxBTEFKQQxBDEEMQQxBDEEKQQpBCkFMQUpBCkEKQQpBCkE
KQQpBCkEKQQpBCkEKQQpBCkEKQQoxCjEKMQoxCjEKMMoxCjEKMQowyjDKMMowyjD
KMMowyjEIMMgwyDDIMMowykEKMQoxCjEIMMgwyDDIMMgwyCDIIMggyCDIIMggyCD
IIMggyCDGIMggyCDIIMggyCDIIMggyCCIIIggiCCIIEggRiCGIIYghiCGIIYQhiC
GIIYghiCIIIYghhCGEIYQhhCGEIYQhhDGEIYQhhCGEIYQhhCGEIYQhhCGEIYQhhC
EEEYQhhCEEIYQhBCEEEQQRBBEEEQQRBBEEEIQAhBCEEogyiDKEMggyCDKIMogyiD
KIMogyiDKIMogijCKIIogyiDKIMogyiDKIMoQyiDKIMowyjDKMMowijDKMMogyiD
KIMogyiDKMMowyjDKIMogzCDKIMwgyiDKIMwhCiDKMMoxCjDKMMowyjDKMMowyjE
KMMoxCjDKMMowyjDKMMowyjDKMMpBCjEKMQoxCjDKMMowyjDMMQwxDDEMMQwxDDE
MMQwxDDEMMUxBSjEMQQxBDEEMQQxBDEEMQQxBDEDMQQxBDEEMQQxBDEEMQQxBDEE
MQQxBDEEMQQxBDEFMQUxBTEEMQQxBDEEMQQxBDEEKMQoxDEEMQQxBDEEMQQxAzED
MQM5BDEEMQQxBTkFOQU5BUEGOQU5BTkFOQU5BTkFOMU5BTkEOQQ5BDkEOQQ5BDkE
OQQ5BDkEOQM5BDkEOQQxBDEEMMQxBDEEMQQxBDkEMQQxBTEEMQQxBDkEOQQ4xDkE
OQQxBDEEMQQxBDEEMQQxBDEEMQQxBDEEKMQpBDEEMQQoxDEEMQQpBCkEKQQpBCkE
KQQpBCkEKQQpBCkEKMQoxCjEKQUpBCkEKMQoxCjEKMQwxDDDKMMowyjDKMMoxCDD
KMMowyjDKMMowyjEIMMgwyCDIMMgwyjDIMIgwyDDIMMgwyDDIMMgwyDEIMMgwxiC
GIMYgxiDGIMYgxiDIIMggyCDIIMggyCDGIMggyCDIIMggyCDIIIggiCDGIIYgiCC
GIIYghiCGIMYghiCGIIYghjCGIIYghiCGIIYghiCGEEQQhhCEEIYQhBCGEIYQhhC
GEIYQhhCGEIYQhhCGEIYQhhCGEIYQhhCGEIYQhBBEEEQQQhBEAEQQRBBCEEIQQhB
KIIggyCDIIMggyCDIIMggiCDIIMggyCDIIMggyCEIIMogyiDKIMogyiDKIMogyiD
KIMogyiDKIMggyiDKIMggyCDIIMggyCDIIMggyiDKMMgwiDDIMMgwiDDKMMowyjD
KMMgwyDDKMMowyjDKMMowyjDKMMowyjDKMMowyjDKIMoxCjEKMQoxCjEKMQowyiE
KMMowyjDKMMowyjDKMMowykEKMQoxCjEMQQxAzEDMQQxAzEEMQQxBDEEMQQxBDEE
MMQwxDDFMMQwxDDEMQQxBDEEMQQxBDEEMQQxBDEFMQQwxDDDOQQ5BDEEMQQxBDEE
MQQxBDEEMQU5BTkEMQQxBDEEMQQxBDEEMQQxBDEFMQQxBDkEOQU5BTkFOQU5BTkF
OQUwxDEEMQQxBDkEOQQ5BDkEOQQxBDkEOQQxBDEFMQQxBTEEMQQxBCkEMQQxBDkE
MUQxBDEEMQQxBDkEMQQxBDEEMQQxBDEEMQQpBDEEMMQwwzEDMQMxAzEEKMQoxCkE
KQQpBCkEKMQoxDDEMMMwxDDDKMQoxCjEKMQoxCjEKMQoxCkEKQQowyDDIMMowyjD
KMMwwzDEKMMowyjDKMMowyjDKMMowyDEIMQgxCDEIMMgwyDDIMMowyDDIMMgwyDE
IMMgwyjDKMQoxCjEIMQgwyDDIMMgwyCDIMMgwyDDIMMgwyCDIMMgwxjDIIMgwyCD
GIMggxiDIIMggyCDIIMggxiDGIMYgxiCGIMYgxiCGIIgwxiCGIIYghiCGIIYghiC
GIIYghiCGIIYghhCGEIYghiCGIIYgRiCGIIYQhhCGEIYQhhCGEIYQhhCGEEYQRhB
EEEQQhBCCEEQQRABEEEQQSiDIIMogyiDIIMggyCDKIMogyiDKIMogiCDIIMggyiE
IIIowyjCKMIowijDKMMowyjDKIMogyCDIIMggiDDIMMgwyCDIIMggyCDIIMowyiD
KMMowyiDKIMogyiDIMMowyjDIMMowyjDKMMowyjDKMMowyjCKMMowyjDKMMowyjE
KMQoxCjEKMQoxCjEKMMowyjDKMMowzDDMMMwwzDEKMQoxCjEKMQoxDDDMMQwxDDE
MMMwxDEEMQMxBDEEMMQwxDDEMMQxAzEEMQQxBDEEMQQxAzEDMQQxBDEEKQQxBDDE
MMQwxDDDOMQ5BDEEMQQxBDEEMQUxBDEEMQQxBDEEMQQxBDDEMQQxBDDEMMQwxDEE
MQQxBDEEMMQxBDkEOQQxBDEEMQQpBDEEMQQxBTEFMQUxRDkEMQQ5BDjEOQQ5BDEE
MQQxBCkEMQQpBCkEMQQwxDDEMMQwxCjEKMQxBDEEMQQxBDEEMQQxBDEEMMQwxDDD
KMMpAykDKQMpBCkEKQQoxDDEMMQwxCjDKMQpBCjEKMQoxCjEMMQoxCjEKMQoxCjE
MQQpBCkEKQQhBCjEKMQoxCjEKMQowyjEKQMowyjDKQMwwzDDMMMoxCjEKMQowyjD
KMMowyjDKMMowyjDIMMowyjEKQMoxCjEKMQoxCjEIMMgwyDDIMMgwyDDIIMgwiDD
IMIgwiDCIMIgwiDCIIMggyCDIIMggyCDIIMggyCDIIMggyCDIIMYgxiDGIMYghiC
GIIYQhiCGIIYghiCGIIYghiBGIIYghiCGIIQQhhCGIIYQhhCEEEYghhBGIIYQhhB
GEIYQhhCGEIYQhhCGEIYQhhCGEIQQhBCEEIQQRBBEEEogiiCKIIogiiCKIMogyiD
KIMogyjCKIIwwyjDKIIogyiDKIMogyiDKIMogyiDKIMogyiDKIMogijDKMMowyjD
KMMogyCDKMMowijDKMMowyjDKMMowyjDKMMowyDCIMMowyjDKMMowijDKMMowyjE
KMQwxDDEMMQowyjDKMMoxCiDKMQwxDDEMQQoxCjEKMQoxCjEKMMowzDDMMQwxDDE
MMQxBDDEMMQwxDDEMQQxAzEDMQMxAjEDMQQxBDEEMQQxBDkEOQQxBDEEMQQxBCkE
MQMpBDEEMQQxBDEFMQUxBTEFMQQxBDEEMQQxBDFEMQQxBDEEMQQxBDkEMQQxBDEE
MQUxBDjEOQQ5BDEEMQQxBCkEMQQwwzDDMMMxAzkEOQQxBDEEOQQ5BDkEOQQ5BDkE
OQQxAzEEMQMxBDEEMQQwxDDEMQQxBDEEMQQxBDEEMQQxBTEEMQUxBTEFMQQxBDEE
MQQpBCkEMQQxBDEEMQQwxDEEMQQxBDkEMQQxBDEEMQQxBCkEMQQpBCkEKQQxAzEE
MQQxBDEDMQQxBCkEKQQwxDDEMMQwxDDEMQQpBCjEKQQoxCjEKMMowyjEKMMowyjD
KMMowyjEKMMowyjDKMMowyjEKMQoxCjEKMQoxCjDKMMowyjDIMMoxCjEKMQoxCjE
KMQgwyDDIMMgwiCCIIIYgSCCIIIggyCDIIMggiCCIIIggiCCIIIggiCCIIIggiCC
IIIggiCCIIIggiCCIIIYQhiCGIIYghiCGIIQghiCGIIQghiCGIIYghiCGEIYQhhC
GEIYQhhCIEIYQRhBGEEYQRhCGEIYQhhCGEIYQhhCEEIQARBBEEEQQRBBEEEQQRBB
END qvga

RESULT : bus up, frames dumped. Render them:
         uv run host/cam.py <logfile>
