[host] reattached on /dev/cu.usbmodem21101, DTR raised.

=== M9: fpga-open-vocab - describe it, the board spots it ===

clock     : 320 MHz requested; BOOTSEL is reachable for 1.5 s
clock     : 320 MHz system, core 1.25 V
reset     : chip_reset 00010000
            nothing new since the last banner - whatever reset the core left powman alone.
waiting for a bitstream on USB CDC (host/demo.py)
bitstream : 173124 bytes announced, crc32 0a2e9953
bitstream : received intact
configure : configured, CDONE high   CDONE=1 nSTATUS=0
crc       : DMA sniffer, calc=1 out_rev=1 out_inv=1
model     : 9 layers, 512-d embedding, 131072 B/buffer
weights   : 780720 B, crc32=0xF368CC6E  (126 ms to hash)

reference : encoder_fast on the flash test vector  (1583 ms)

link      : probing the wire by running the whole test vector over it
probe     : 3 forward data lines -> 512/512 floats exact, 269 ms
link      : configuration C, 3 forward data lines, 160.0 MHz

camera    : exposure ramp 84 95 105 115 123 128 130 132 134 135 136 136 136 136
camera    : live 128x128 RGB565, id 0x82, 16.0 MHz, expose 37 ms, read 16 ms, exposure settled after 14 frames
            regs fmt 02 res 00 bri 00 ev 00 wb 00 auto 00 state 26 id 82 fpga 20
            reset gate: polls 425, first state 21, busy yes   defaults polls: ae 0 ag 0 awb 10 wbmode 5
            mean RGB 139 134 136  (tuned camera on a neutral scene: about 115 107 105)

queries   : waiting for a query set on USB CDC (host/demo.py)
queries   : 2 accepted, 512-d, crc ok
            level axis carries 0.95 of one query's swing; most opposed pair +0.795
            scored as z = (cos - background) / std, where the background is this room's
            own mean over its first 30 frames and is then FROZEN - so a thing left in
            shot keeps its score instead of decaying into the furniture. 'N' re-learns
            it, 'H' switches to tracking. The COCO figures below are only the seed for
            frame 0 and the fixed std.
            std is THIS ROOM's, measured over the same 30 frames ('S' switches to COCO's).
            The thresholds below still mean the 90th percentile of a background; the
            background they now mean it against is this room empty, not 5000 COCO photos.
            z is EMA-smoothed at 0.35 (~5 frames) before ranking, so a state has to
            persist for about two seconds to be called.
            a red cube           match above z 1.23   (COCO background -0.150 +- 0.045, so cos -0.094)
            a green cube         match above z 1.23   (COCO background -0.140 +- 0.043, so cos -0.087)

loop      : capture, 8 convs on the T8, pool and head, then one cosine per query. 'B' for BOOTSEL, 'R' to restart,
            'P' to dump the next frame for host/cam.py, 'V' to dump its 512 floats for host/caption.py,
            'E' to provoke a fault so D1 shows its fault display, 'H' to freeze/unfreeze the background,
            'S' to switch the spread between this room's and COCO's, 'W' to hang on purpose and see
            the watchdog name the stage, 'C' to stall the camera bus on purpose and see it cost one frame,
            'U' to drop off USB on purpose and watch it come back, 'I' to drop off and refuse to,
            'N' to forget it and learn it again from now. 'P' and 'V' together describe the same frame.
            'O' closes the timing window, prints it and flips the capture between overlapped and serial;
            'D' does the same and flips the trigger between late and at-the-collect, which is #14's A/B.
            'L' freezes the gain and nothing else - the AE ignores the mask on 32 boots of 33 and
            freezing the white balance drops the colour gains instead of holding them. A second press
            is the pre-09-07 arm (exposure + gain), a third and a fourth are the two ways to go green,
            a fifth restores. Issue #30, and the one hotkey whose answer depends on when you press it.
            Do not use two arms in one run: the unlock fails 31 times in 56, so the second arm is a
            camera sometimes still in the first.
            Every 'L' now prints what the sensor die did about it a few frames later, which is usually
            'nothing moved' and means nothing either way. 'K' asks the question that does answer, by
            writing an exposure and reading it back - it costs the frames around it, and a verdict of
            'held' can leave the sensor parked on the exposure it wrote. Issue #33.
            'M' goes further and takes the sensor OUT of the loop: the ArduChip feeds a fixed pattern, so
            the frame cannot drift for any reason. If the walk survives that, the walk is not the camera.
            Run it with the background frozen and z smoothing OFF, or the flat column is a filter and not a
            result. The pattern is not a photograph - judge the cosines it prints, not the z.
            scores are z against this room's background, ranked; '*' means over its threshold.
            '1'..'6' enrol the next 20 frames as that class, and press again on a LATER visit
            to fold a second one in - 2 visits is what makes the enrolment guard mean
            something. Two classes in and the board decides by nearest reference instead of
            by threshold - see M21.
            '0' ENROLS THE EMPTY SCENE the same way, and it is worth a visit: with one, a frame
            is absent when the empty reference is the nearest of the three and no radius is
            involved. Without one the board falls back to the band - absent beyond 2.0 sep
            from every class - which scores 53.8% over 33 benches against the third reference's
            79.4%, because with two queries that band is an interval the empty scene can sit
            inside. #18.
            'T' DUMPS THE ENROLMENT as text - the references, and the qbg and spread they were
            written against, which are the coordinate system and are re-measured every boot.
            Read-only: whether a saved reference means anything in the next boot is #34, and
            it is being measured before there is a way to load one back.
            'Y' FORGETS THE ENROLMENT AND KEEPS THE BACKGROUND, which is the half of 'N' that
            is safe: re-enrolling after it lands in the same coordinate system, so two
            references of one class become comparable. Pressing '1' twice does NOT do this -
            it folds a second visit into a running mean. #34.
            The first 30 frames set the baseline and it is then frozen, so anything left in
            shot KEEPS its score. Point the camera at the empty scene for those frames.
            Send a new set at any time to re-query - that resets the baseline too.

frame     0 :  a red cube +1.01  a green cube +0.59   led 164/  6 h0.82 lvl+0.80   -

enrol     : the next 20 frames are 'a red cube'. HOLD THE SCENE STILL until it lands.
frame     1 :  a red cube +0.65  a green cube +0.37   led  63/ 48 h0.53 lvl+0.51   -
frame     2 :  a red cube +0.38  a green cube +0.22   led  19/113 h0.31 lvl+0.30   -
frame     3 :  a red cube +0.24  a green cube +0.11   led   7/157 h0.20 lvl+0.17   -
frame     4 :  a red cube +0.12  a green cube +0.05   led   2/203 h0.10 lvl+0.09   -
frame     5 :  a red cube +0.06  a green cube +0.05   led   0/230 h0.05 lvl+0.05   -
frame     6 :  a red cube +0.04  a green cube +0.03   led   0/236 h0.03 lvl+0.04   -
frame     7 :  a green cube +0.00  a red cube -0.02   led   0/254 h0.00 lvl-0.01   -
background: after 8 frames (warming up, room spread), this room reads  a red cube -0.023 +-0.0034 (COCO -0.150 +-0.0455)  a green cube -0.071 +-0.0022 (COCO -0.140 +-0.0428)
frame     8 :  a green cube +0.75  a red cube +0.27   led  86/ 32 h0.61 lvl+0.51   -
frame     9 :  a green cube +0.22  a red cube +0.16   led   6/167 h0.18 lvl+0.19   -
frame    10 :  a red cube +0.67  a green cube -0.06   led  66/ 46 h0.54 lvl+0.30   -
frame    11 :  a red cube +0.80  a green cube -0.41   led  98/ 26 h0.65 lvl+0.19   -
frame    12 :  a red cube +0.82  a green cube +0.02   led 105/ 23 h0.67 lvl+0.42   -
frame    13 :  a red cube +0.54  a green cube -0.85   led  41/ 72 h0.44 lvl-0.16   -
frame    14 :  a red cube +0.21  a green cube -0.45   led   5/168 h0.17 lvl-0.12   -
frame    15 :  a red cube +0.86  a green cube +0.70   led 117/ 18 h0.70 lvl+0.78   -
frame    16 :  a green cube +0.82  a red cube +0.35   led 105/ 23 h0.67 lvl+0.59   -
frame    17 :  a green cube +0.80  a red cube +0.26   led  98/ 26 h0.65 lvl+0.53   -
frame    18 :  a green cube -0.03  a red cube -0.59   led   0/255 h0.00 lvl-0.31   -
frame    19 :  a red cube -0.12  a green cube -0.19   led   0/255 h0.00 lvl-0.16   -
enrol     : a red cube, level +0.19, scatter 0.38 (20 frames, visit 1 of 2)
frame    20 :  a red cube +0.30  a green cube -0.47   led  11/139 h0.24 lvl-0.09   -
frame    21 :  a red cube -0.10  a green cube -0.72   led   0/255 h0.00 lvl-0.41   -
frame    22 :  a red cube +0.63  a green cube -0.50   led  59/ 52 h0.51 lvl+0.06   -
frame    23 :  a red cube +0.71  a green cube -1.46   led  77/ 38 h0.58 lvl-0.38   -
frame    24 :  a red cube +1.25*  a green cube -1.14   led 255/  0 h1.00 lvl+0.05   MATCH a red cube (cos -0.013)
frame    25 :  a red cube +1.32*  a green cube -1.47   led 255/  0 h1.00 lvl-0.07   MATCH a red cube (cos -0.015)
frame    26 :  a red cube +0.77  a green cube -1.11   led  91/ 29 h0.63 lvl-0.17   -
frame    27 :  a red cube +0.57  a green cube -1.21   led  47/ 65 h0.46 lvl-0.32   -
frame    28 :  a red cube +0.97  a green cube -0.85   led 150/  9 h0.79 lvl+0.06   -
frame    29 :  a red cube +1.22  a green cube -0.67   led 250/  0 h0.99 lvl+0.27   -
frame    30 :  a red cube +0.72  a green cube -1.05   led  79/ 36 h0.59 lvl-0.16   -
frame    31 :  a red cube +0.53  a green cube -1.04   led  40/ 74 h0.43 lvl-0.25   -
frame    32 :  a red cube +0.94  a green cube -0.58   led 140/ 11 h0.76 lvl+0.18   -
frame    33 :  a red cube +1.33*  a green cube -0.51   led 255/  0 h1.00 lvl+0.41   MATCH a red cube (cos -0.012)
frame    34 :  a red cube +2.81*  a green cube +0.10   led 255/  0 h1.00 lvl+1.45   MATCH a red cube (cos 0.002)
frame    35 :  a red cube +8.97*  a green cube -1.79   led 255/  0 h1.00 lvl+3.59   MATCH a red cube (cos 0.063)
frame    36 :  a red cube +13.01*  a green cube -1.34   led 255/  0 h1.00 lvl+5.83   MATCH a red cube (cos 0.064)
frame    37 :  a red cube +8.29*  a green cube -4.99   led 255/  0 h1.00 lvl+1.65   MATCH a red cube (cos -0.022)
frame    38 :  a red cube +3.74*  a green cube -4.60   led 255/  0 h1.00 lvl-0.43   MATCH a red cube (cos -0.040)
frame    39 :  a red cube +4.70*  a green cube +0.43   led 255/  0 h1.00 lvl+2.57   MATCH a red cube (cos 0.006)
frame    40 :  a red cube +5.63*  a green cube +3.00*   led 255/  0 h1.00 lvl+4.32   MATCH a red cube (cos 0.010)
frame    41 :  a red cube +5.12*  a green cube +3.17*   led 255/  0 h1.00 lvl+4.15   MATCH a red cube (cos -0.003)
frame    42 :  a red cube +6.30*  a green cube +6.03*   led 255/  0 h1.00 lvl+6.17   MATCH a red cube (cos 0.015)
frame    43 :  a green cube +5.74*  a red cube +4.19*   led 255/  0 h1.00 lvl+4.97   MATCH a green cube (cos -0.053)
frame    44 :  a green cube +9.89*  a red cube +2.67*   led 255/  0 h1.00 lvl+6.28   MATCH a green cube (cos -0.007)
frame    45 :  a green cube +13.75*  a red cube +2.96*   led 255/  0 h1.00 lvl+8.36   MATCH a green cube (cos 0.006)
frame    46 :  a green cube +14.19*  a red cube +2.55*   led 255/  0 h1.00 lvl+8.37   MATCH a green cube (cos -0.016)
frame    47 :  a green cube +12.18*  a red cube +3.10*   led 255/  0 h1.00 lvl+7.64   MATCH a green cube (cos -0.041)
frame    48 :  a green cube +9.66*  a red cube -6.79   led 255/  0 h1.00 lvl+1.43   MATCH a green cube (cos -0.054)
frame    49 :  a green cube +8.76*  a red cube -12.23   led 255/  0 h1.00 lvl-1.73   MATCH a green cube (cos -0.046)
frame    50 :  a green cube +7.65*  a red cube -15.07   led 255/  0 h1.00 lvl-3.71   MATCH a green cube (cos -0.052)
frame    51 :  a green cube +7.91*  a red cube -16.18   led 255/  0 h1.00 lvl-4.13   MATCH a green cube (cos -0.041)

enrol     : the next 20 frames are 'a green cube'. HOLD THE SCENE STILL until it lands.
frame    52 :  a green cube +7.09*  a red cube -17.54   led 255/  0 h1.00 lvl-5.23   MATCH a green cube (cos -0.052)
frame    53 :  a green cube +6.59*  a red cube -18.79   led 255/  0 h1.00 lvl-6.10   MATCH a green cube (cos -0.051)
frame    54 :  a green cube +6.70*  a red cube -19.58   led 255/  0 h1.00 lvl-6.44   MATCH a green cube (cos -0.047)
frame    55 :  a green cube +7.26*  a red cube -19.71   led 255/  0 h1.00 lvl-6.22   MATCH a green cube (cos -0.041)
frame    56 :  a green cube +6.64*  a red cube -20.53   led 255/  0 h1.00 lvl-6.94   MATCH a green cube (cos -0.052)
frame    57 :  a green cube +7.36*  a red cube -20.33   led 255/  0 h1.00 lvl-6.48   MATCH a green cube (cos -0.040)
frame    58 :  a green cube +6.91*  a red cube -20.40   led 255/  0 h1.00 lvl-6.75   MATCH a green cube (cos -0.050)
frame    59 :  a green cube +6.05*  a red cube -20.98   led 255/  0 h1.00 lvl-7.47   MATCH a green cube (cos -0.056)
frame    60 :  a green cube +6.74*  a red cube -20.52   led 255/  0 h1.00 lvl-6.89   MATCH a green cube (cos -0.043)
frame    61 :  a green cube +7.21*  a red cube -20.22   led 255/  0 h1.00 lvl-6.50   MATCH a green cube (cos -0.042)
frame    62 :  a green cube +7.84*  a red cube -19.41   led 255/  0 h1.00 lvl-5.79   MATCH a green cube (cos -0.039)
frame    63 :  a green cube +7.99*  a red cube -19.41   led 255/  0 h1.00 lvl-5.71   MATCH a green cube (cos -0.042)
frame    64 :  a green cube +7.59*  a red cube -20.23   led 255/  0 h1.00 lvl-6.32   MATCH a green cube (cos -0.047)
frame    65 :  a green cube +6.98*  a red cube -20.58   led 255/  0 h1.00 lvl-6.80   MATCH a green cube (cos -0.051)
frame    66 :  a green cube +6.83*  a red cube -20.83   led 255/  0 h1.00 lvl-7.00   MATCH a green cube (cos -0.048)
frame    67 :  a green cube +7.16*  a red cube -20.69   led 255/  0 h1.00 lvl-6.77   MATCH a green cube (cos -0.043)
frame    68 :  a green cube +7.48*  a red cube -20.41   led 255/  0 h1.00 lvl-6.47   MATCH a green cube (cos -0.042)
frame    69 :  a green cube +6.86*  a red cube -20.77   led 255/  0 h1.00 lvl-6.96   MATCH a green cube (cos -0.051)
frame    70 :  a green cube +7.07*  a red cube -19.67   led 255/  0 h1.00 lvl-6.30   MATCH a green cube (cos -0.045)
enrol     : a green cube, level -6.43, scatter 0.58 (20 frames, visit 1 of 2)
enrol     : 2 classes, nearest pair 19.34 apart, spread 0.58 (33.3x over 1 visit)
            absent beyond 38.68 (2.0 sep) - THE BAND, which is the fallback and
            scores 54.6% over 28 benches. Press '0' on an empty scene for the rule.
            Measured over 1 visit, so this ratio cannot see how far a class moves
            when it is staged again - which is what decides the run. Show each class
            again ('1'/'2' on a later visit) to make it mean something.
            'a red cube' SITS 0.01 SEP FROM THE ORIGIN, which is where a scene identical to
            the frozen background lands. Presence cannot separate the two, so an empty
            desk will read as that class. Re-freeze the background ('N') on a scene
            that is actually empty, or enrol a class that looks less like it.
frame    71 :  a green cube +8.45*  a red cube -19.35   led   0/248 h0.00 b0.99 lvl-5.45 d0.02   MATCH a green cube (cos -0.031, nearer by 19.34)
frame    72 :  a green cube +8.29*  a red cube -19.67   led   0/247 h0.00 b0.98 lvl-5.69 d0.03   MATCH a green cube (cos -0.043, nearer by 19.34)
frame    73 :  a green cube +7.86*  a red cube -19.70   led   0/251 h0.00 b0.99 lvl-5.92 d0.02   MATCH a green cube (cos -0.046, nearer by 19.34)
frame    74 :  a green cube +6.73*  a red cube -20.45   led   0/255 h0.00 b1.00 lvl-6.86 d0.00   MATCH a green cube (cos -0.055, nearer by 19.34)
frame    75 :  a green cube +6.96*  a red cube -20.34   led   0/253 h0.00 b1.00 lvl-6.69 d0.01   MATCH a green cube (cos -0.045, nearer by 19.34)
frame    76 :  a green cube +6.57*  a red cube -21.17   led   0/249 h0.00 b0.99 lvl-7.30 d0.02   MATCH a green cube (cos -0.051, nearer by 19.34)
frame    77 :  a green cube +7.04*  a red cube -20.77   led   0/248 h0.00 b0.99 lvl-6.87 d0.02   MATCH a green cube (cos -0.043, nearer by 19.34)
frame    78 :  a green cube +7.28*  a red cube -20.48   led   0/249 h0.00 b0.99 lvl-6.60 d0.02   MATCH a green cube (cos -0.044, nearer by 19.34)
frame    79 :  a green cube +7.37*  a red cube -20.13   led   0/251 h0.00 b0.99 lvl-6.38 d0.01   MATCH a green cube (cos -0.044, nearer by 19.34)
frame    80 :  a green cube +7.87*  a red cube -19.96   led   0/248 h0.00 b0.99 lvl-6.05 d0.03   MATCH a green cube (cos -0.040, nearer by 19.34)
frame    81 :  a green cube +8.99*  a red cube -19.73   led   0/239 h0.00 b0.97 lvl-5.37 d0.06   MATCH a green cube (cos -0.031, nearer by 19.34)
frame    82 :  a green cube +9.11*  a red cube -19.61   led   0/239 h0.00 b0.97 lvl-5.25 d0.06   MATCH a green cube (cos -0.038, nearer by 19.34)
frame    83 :  a green cube +8.67*  a red cube -12.43   led   7/114 h0.22 b0.89 lvl-1.88 d0.22   MATCH a green cube (cos -0.043, nearer by 10.81)
frame    84 :  a green cube +9.46*  a red cube -6.17   led  23/ 46 h0.42 b0.79 lvl+1.65 d0.42   MATCH a green cube (cos -0.032, nearer by 3.07)
frame    85 :  a green cube +6.36*  a red cube -10.82   led  18/ 61 h0.36 b0.82 lvl-2.23 d0.36   MATCH a green cube (cos -0.070, nearer by 5.25)
frame    86 :  a green cube +2.23*  a red cube -12.80   led  24/ 41 h0.44 b0.78 lvl-5.29 d0.44   MATCH a green cube (cos -0.093, nearer by 2.22)
frame    87 :  a green cube -1.36  a red cube -14.65   led  31/ 29 h0.51 b0.75 lvl-8.01 d0.49   MATCH a red cube (cos -0.095, nearer by 0.24)
frame    88 :  a green cube -3.52  a red cube -15.51   led  40/ 25 h0.55 b0.78 lvl-9.52 d0.45   MATCH a red cube (cos -0.091, nearer by 2.08)
frame    89 :  a green cube -4.35  a red cube -15.73   led  45/ 23 h0.58 b0.79 lvl-10.04 d0.42   MATCH a red cube (cos -0.087, nearer by 2.93)
frame    90 :  a green cube -4.94  a red cube -15.90   led  49/ 22 h0.59 b0.80 lvl-10.42 d0.41   MATCH a red cube (cos -0.087, nearer by 3.53)
frame    91 :  a green cube -6.45  a red cube -16.26   led  60/ 18 h0.63 b0.82 lvl-11.35 d0.37   MATCH a red cube (cos -0.090, nearer by 5.15)
frame    92 :  a green cube -7.15  a red cube -16.47   led  65/ 16 h0.65 b0.83 lvl-11.81 d0.35   MATCH a red cube (cos -0.090, nearer by 5.85)
frame    93 :  a green cube -6.63  a red cube -16.04   led  64/ 17 h0.65 b0.82 lvl-11.33 d0.35   MATCH a red cube (cos -0.083, nearer by 5.74)
frame    94 :  a green cube -6.15  a red cube -15.80   led  61/ 17 h0.64 b0.82 lvl-10.97 d0.36   MATCH a red cube (cos -0.083, nearer by 5.38)
frame    95 :  a green cube -6.70  a red cube -16.25   led  63/ 17 h0.64 b0.82 lvl-11.47 d0.36   MATCH a red cube (cos -0.091, nearer by 5.53)
frame    96 :  a green cube -7.02  a red cube -16.53   led  63/ 17 h0.64 b0.82 lvl-11.78 d0.36   MATCH a red cube (cos -0.090, nearer by 5.59)
frame    97 :  a green cube -6.44  a red cube -16.19   led  60/ 18 h0.64 b0.82 lvl-11.31 d0.36   MATCH a red cube (cos -0.084, nearer by 5.24)
frame    98 :  a green cube -6.62  a red cube -16.63   led  58/ 19 h0.63 b0.81 lvl-11.63 d0.37   MATCH a red cube (cos -0.092, nearer by 4.88)
frame    99 :  a green cube -6.79  a red cube -16.66   led  59/ 18 h0.63 b0.82 lvl-11.73 d0.37   MATCH a red cube (cos -0.089, nearer by 5.07)
background: after 30 frames (frozen, room spread), this room reads  a red cube -0.020 +-0.0041 (COCO -0.150 +-0.0455)  a green cube -0.073 +-0.0037 (COCO -0.140 +-0.0428)

enrol     : the next 20 frames are THE EMPTY SCENE. TAKE EVERYTHING OUT until it lands.
frame   100 :  a green cube -7.47  a red cube -17.19   led  61/ 18 h0.64 b0.82 lvl-12.33 d0.36   MATCH a red cube (cos -0.095, nearer by 5.28)
frame   101 :  a green cube -7.41  a red cube -17.32   led  59/ 18 h0.63 b0.81 lvl-12.37 d0.37   MATCH a red cube (cos -0.092, nearer by 5.02)
frame   102 :  a green cube -8.00  a red cube -17.55   led  63/ 17 h0.64 b0.82 lvl-12.78 d0.36   MATCH a red cube (cos -0.094, nearer by 5.52)
frame   103 :  a green cube -7.23  a red cube -16.96   led  61/ 18 h0.64 b0.82 lvl-12.10 d0.36   MATCH a red cube (cos -0.086, nearer by 5.27)
frame   104 :  a green cube -6.96  a red cube -16.60   led  62/ 17 h0.64 b0.82 lvl-11.78 d0.36   MATCH a red cube (cos -0.086, nearer by 5.40)
frame   105 :  a green cube -7.88  a red cube -16.68   led  71/ 15 h0.67 b0.84 lvl-12.28 d0.33   MATCH a red cube (cos -0.089, nearer by 6.60)
frame   106 :  a green cube -7.17  a red cube -16.47   led  65/ 16 h0.65 b0.83 lvl-11.82 d0.35   MATCH a red cube (cos -0.086, nearer by 5.88)
frame   107 :  a green cube -6.77  a red cube -16.22   led  64/ 17 h0.65 b0.82 lvl-11.49 d0.35   MATCH a red cube (cos -0.085, nearer by 5.68)
frame   108 :  a green cube -6.55  a red cube -16.00   led  64/ 17 h0.65 b0.82 lvl-11.28 d0.35   MATCH a red cube (cos -0.084, nearer by 5.68)
frame   109 :  a green cube -5.78  a red cube -15.56   led  60/ 18 h0.63 b0.82 lvl-10.67 d0.37   MATCH a red cube (cos -0.081, nearer by 5.19)
frame   110 :  a green cube -6.21  a red cube -15.79   led  62/ 17 h0.64 b0.82 lvl-11.00 d0.36   MATCH a red cube (cos -0.087, nearer by 5.49)
frame   111 :  a green cube -5.60  a red cube -15.63   led  58/ 19 h0.63 b0.81 lvl-10.62 d0.37   MATCH a red cube (cos -0.083, nearer by 4.85)
frame   112 :  a green cube -5.85  a red cube -15.74   led  59/ 18 h0.63 b0.82 lvl-10.79 d0.37   MATCH a red cube (cos -0.086, nearer by 5.04)
frame   113 :  a green cube -5.69  a red cube -15.25   led  63/ 17 h0.64 b0.82 lvl-10.47 d0.36   MATCH a red cube (cos -0.079, nearer by 5.52)
frame   114 :  a green cube -5.84  a red cube -15.67   led  60/ 18 h0.63 b0.82 lvl-10.75 d0.37   MATCH a red cube (cos -0.088, nearer by 5.13)
frame   115 :  a green cube -6.78  a red cube -16.28   led  63/ 17 h0.64 b0.82 lvl-11.53 d0.36   MATCH a red cube (cos -0.092, nearer by 5.59)
frame   116 :  a green cube -5.81  a red cube -15.76   led  58/ 18 h0.63 b0.81 lvl-10.79 d0.37   MATCH a red cube (cos -0.081, nearer by 4.96)
frame   117 :  a green cube -5.78  a red cube -15.58   led  60/ 18 h0.63 b0.82 lvl-10.68 d0.37   MATCH a red cube (cos -0.083, nearer by 5.17)
frame   118 :  a green cube -5.77  a red cube -15.17   led  64/ 17 h0.65 b0.82 lvl-10.47 d0.35   MATCH a red cube (cos -0.080, nearer by 5.74)
enrol     : the empty scene, level -11.35, scatter 0.20 (20 frames, visit 1 - one is what the rule was measured on)
enrol     : 2 classes, nearest pair 19.34 apart, spread 0.58 (33.3x over 1 visit)
            absent when the empty scene is the nearest of the 3 references -
            no radius, nothing fitted. It sits 6.95 from the nearest class (0.4 sep).
            Measured over 1 visit, so this ratio cannot see how far a class moves
            when it is staged again - which is what decides the run. Show each class
            again ('1'/'2' on a later visit) to make it mean something.
            'a red cube' SITS 0.01 SEP FROM THE ORIGIN, which is where a scene identical to
            the frozen background lands. Presence cannot separate the two, so an empty
            desk will read as that class. Re-freeze the background ('N') on a scene
            that is actually empty, or enrol a class that looks less like it.
frame   119 :  a green cube -6.45  a red cube -15.71   led   0/  0 h0.65 b0.04 lvl-11.08 d0.35 de0.01   - (nothing there)
frame   120 :  a green cube -6.04  a red cube -15.38   led   0/  0 h0.65 b0.03 lvl-10.71 d0.35 de0.01   - (nothing there)
frame   121 :  a green cube -6.14  a red cube -15.63   led   0/  0 h0.65 b0.01 lvl-10.88 d0.35 de0.00   - (nothing there)
frame   122 :  a green cube -6.08  a red cube -15.68   led   0/  0 h0.64 b0.00 lvl-10.88 d0.36 de0.00   - (nothing there)

enroldump : nq 2, classes 2, empty 1
enroldump : bg 0 qbg -2.037916854e-02 sd 4.106162116e-03 coco -1.496121585e-01 cocosd 4.548674738e-02 a red cube
enroldump : bg 1 qbg -7.256650791e-02 sd 3.743129549e-03 coco -1.398691237e-01 cocosd 4.282847341e-02 a green cube
enroldump : ref 0 vis 1 scat 3.831146359e-01 1.081780419e-01 -1.081780419e-01 a red cube
enroldump : ref 1 vis 1 scat 5.816247463e-01 -1.356812000e+01 1.356812000e+01 a green cube
enroldump : ref e vis 1 scat 2.005166113e-01 -4.803458214e+00 4.803458214e+00 the empty scene
enroldump : end
frame   123 :  a green cube -5.62  a red cube -15.67   led   0/  0 h0.62 b0.04 lvl-10.65 d0.38 de0.02   - (nothing there)
frame   124 :  a green cube -5.12  a red cube -15.24   led   0/  0 h0.62 b0.05 lvl-10.18 d0.38 de0.02   - (nothing there)
frame   125 :  a green cube -5.74  a red cube -15.59   led   0/  0 h0.63 b0.02 lvl-10.67 d0.37 de0.01   - (nothing there)

enrolment : forgotten - 2 queries, background KEPT (qbg frozen 30 frames ago). Re-enrol into the same space.
frame   126 :  a green cube -6.23  a red cube -15.76   led   0/255 h0.00 lvl-10.99   -
frame   127 :  a green cube -6.01  a red cube -15.90   led   0/255 h0.00 lvl-10.95   -
frame   128 :  a green cube -5.74  a red cube -15.59   led   0/255 h0.00 lvl-10.66   -
frame   129 :  a green cube -6.23  a red cube -16.07   led   0/255 h0.00 lvl-11.15   -
frame   130 :  a green cube -6.41  a red cube -16.24   led   0/255 h0.00 lvl-11.32   -
frame   131 :  a green cube -6.73  a red cube -16.25   led   0/255 h0.00 lvl-11.49   -
frame   132 :  a green cube -6.93  a red cube -16.47   led   0/255 h0.00 lvl-11.70   -
frame   133 :  a green cube -6.60  a red cube -15.97   led   0/255 h0.00 lvl-11.29   -
frame   134 :  a green cube -6.15  a red cube -15.73   led   0/255 h0.00 lvl-10.94   -
frame   135 :  a green cube -5.99  a red cube -16.07   led   0/255 h0.00 lvl-11.03   -
frame   136 :  a green cube -6.26  a red cube -16.29   led   0/255 h0.00 lvl-11.27   -
frame   137 :  a green cube -6.33  a red cube -16.63   led   0/255 h0.00 lvl-11.48   -
frame   138 :  a green cube -5.86  a red cube -16.38   led   0/255 h0.00 lvl-11.12   -
frame   139 :  a green cube -6.99  a red cube -17.37   led   0/255 h0.00 lvl-12.18   -
frame   140 :  a green cube -6.57  a red cube -11.55   led   0/255 h0.00 lvl-9.06   -
frame   141 :  a red cube -1.00  a green cube -8.81   led   0/255 h0.00 lvl-4.90   -
frame   142 :  a red cube +4.39*  a green cube -7.90   led 255/  0 h1.00 lvl-1.75   MATCH a red cube (cos 0.039)
frame   143 :  a red cube +9.84*  a green cube -7.27   led 255/  0 h1.00 lvl+1.28   MATCH a red cube (cos 0.062)
frame   144 :  a red cube +13.72*  a green cube -6.36   led 255/  0 h1.00 lvl+3.68   MATCH a red cube (cos 0.066)
frame   145 :  a red cube +13.41*  a green cube -5.74   led 255/  0 h1.00 lvl+3.83   MATCH a red cube (cos 0.032)
frame   146 :  a red cube +13.49*  a green cube -4.88   led 255/  0 h1.00 lvl+4.31   MATCH a red cube (cos 0.036)
frame   147 :  a red cube +14.00*  a green cube -4.44   led 255/  0 h1.00 lvl+4.78   MATCH a red cube (cos 0.041)
frame   148 :  a red cube +13.48*  a green cube -3.99   led 255/  0 h1.00 lvl+4.74   MATCH a red cube (cos 0.031)
frame   149 :  a red cube +14.37*  a green cube -4.75   led 255/  0 h1.00 lvl+4.81   MATCH a red cube (cos 0.045)
frame   150 :  a red cube +14.28*  a green cube -4.98   led 255/  0 h1.00 lvl+4.65   MATCH a red cube (cos 0.038)
frame   151 :  a red cube +14.41*  a green cube -5.28   led 255/  0 h1.00 lvl+4.57   MATCH a red cube (cos 0.040)
frame   152 :  a red cube +14.61*  a green cube -4.34   led 255/  0 h1.00 lvl+5.14   MATCH a red cube (cos 0.041)
frame   153 :  a red cube +15.52*  a green cube -3.62   led 255/  0 h1.00 lvl+5.95   MATCH a red cube (cos 0.050)
frame   154 :  a red cube +16.66*  a green cube -2.85   led 255/  0 h1.00 lvl+6.91   MATCH a red cube (cos 0.057)
frame   155 :  a red cube +17.13*  a green cube -2.64   led 255/  0 h1.00 lvl+7.24   MATCH a red cube (cos 0.054)
frame   156 :  a red cube +17.93*  a green cube -2.98   led 255/  0 h1.00 lvl+7.47   MATCH a red cube (cos 0.059)
frame   157 :  a red cube +18.55*  a green cube -3.19   led 255/  0 h1.00 lvl+7.68   MATCH a red cube (cos 0.061)
frame   158 :  a red cube +18.37*  a green cube -2.66   led 255/  0 h1.00 lvl+7.85   MATCH a red cube (cos 0.054)

enrol     : the next 20 frames are 'a red cube'. HOLD THE SCENE STILL until it lands.
frame   159 :  a red cube +18.30*  a green cube -2.41   led 255/  0 h1.00 lvl+7.94   MATCH a red cube (cos 0.054)
frame   160 :  a red cube +17.59*  a green cube -2.25   led 255/  0 h1.00 lvl+7.67   MATCH a red cube (cos 0.046)
frame   161 :  a red cube +18.01*  a green cube -2.27   led 255/  0 h1.00 lvl+7.87   MATCH a red cube (cos 0.057)
frame   162 :  a red cube +18.10*  a green cube -2.37   led 255/  0 h1.00 lvl+7.86   MATCH a red cube (cos 0.055)
frame   163 :  a red cube +17.61*  a green cube -2.91   led 255/  0 h1.00 lvl+7.35   MATCH a red cube (cos 0.048)
frame   164 :  a red cube +17.54*  a green cube -2.53   led 255/  0 h1.00 lvl+7.50   MATCH a red cube (cos 0.051)
frame   165 :  a red cube +18.17*  a green cube -1.54   led 255/  0 h1.00 lvl+8.31   MATCH a red cube (cos 0.059)
frame   166 :  a red cube +18.00*  a green cube -1.34   led 255/  0 h1.00 lvl+8.33   MATCH a red cube (cos 0.052)
frame   167 :  a red cube +17.65*  a green cube -2.02   led 255/  0 h1.00 lvl+7.81   MATCH a red cube (cos 0.049)
frame   168 :  a red cube +18.01*  a green cube -2.13   led 255/  0 h1.00 lvl+7.94   MATCH a red cube (cos 0.056)
frame   169 :  a red cube +17.97*  a green cube -2.23   led 255/  0 h1.00 lvl+7.87   MATCH a red cube (cos 0.053)
frame   170 :  a red cube +17.85*  a green cube -2.12   led 255/  0 h1.00 lvl+7.86   MATCH a red cube (cos 0.052)
frame   171 :  a red cube +18.13*  a green cube -2.08   led 255/  0 h1.00 lvl+8.03   MATCH a red cube (cos 0.056)
frame   172 :  a red cube +18.23*  a green cube -2.44   led 255/  0 h1.00 lvl+7.90   MATCH a red cube (cos 0.055)
frame   173 :  a red cube +17.83*  a green cube -2.02   led 255/  0 h1.00 lvl+7.90   MATCH a red cube (cos 0.050)
frame   174 :  a red cube +18.13*  a green cube -1.75   led 255/  0 h1.00 lvl+8.19   MATCH a red cube (cos 0.056)
frame   175 :  a red cube +18.21*  a green cube -2.02   led 255/  0 h1.00 lvl+8.09   MATCH a red cube (cos 0.055)
frame   176 :  a red cube +18.63*  a green cube -2.22   led 255/  0 h1.00 lvl+8.21   MATCH a red cube (cos 0.059)
frame   177 :  a red cube +18.23*  a green cube -1.78   led 255/  0 h1.00 lvl+8.23   MATCH a red cube (cos 0.051)
enrol     : a red cube, level +7.93, scatter 0.31 (20 frames, visit 1 of 2)
frame   178 :  a red cube +17.25*  a green cube -1.86   led 255/  0 h1.00 lvl+7.70   MATCH a red cube (cos 0.043)
frame   179 :  a red cube +17.09*  a green cube -2.23   led 255/  0 h1.00 lvl+7.43   MATCH a red cube (cos 0.048)
frame   180 :  a red cube +17.50*  a green cube -1.96   led 255/  0 h1.00 lvl+7.77   MATCH a red cube (cos 0.055)
frame   181 :  a red cube +16.81*  a green cube -2.49   led 255/  0 h1.00 lvl+7.16   MATCH a red cube (cos 0.043)
frame   182 :  a red cube +17.06*  a green cube -3.14   led 255/  0 h1.00 lvl+6.96   MATCH a red cube (cos 0.052)
frame   183 :  a red cube +16.71*  a green cube -2.92   led 255/  0 h1.00 lvl+6.89   MATCH a red cube (cos 0.045)
frame   184 :  a red cube +16.10*  a green cube -3.48   led 255/  0 h1.00 lvl+6.31   MATCH a red cube (cos 0.041)
frame   185 :  a red cube +16.58*  a green cube -2.92   led 255/  0 h1.00 lvl+6.83   MATCH a red cube (cos 0.051)
frame   186 :  a red cube +16.00*  a green cube -2.49   led 255/  0 h1.00 lvl+6.76   MATCH a red cube (cos 0.041)
frame   187 :  a red cube +15.39*  a green cube -2.33   led 255/  0 h1.00 lvl+6.53   MATCH a red cube (cos 0.038)
frame   188 :  a red cube +16.32*  a green cube -1.80   led 255/  0 h1.00 lvl+7.26   MATCH a red cube (cos 0.054)
frame   189 :  a red cube +12.68*  a green cube -6.26   led 255/  0 h1.00 lvl+3.21   MATCH a red cube (cos 0.004)
frame   190 :  a red cube +1.06  a green cube -8.10   led 185/  3 h0.86 lvl-3.52   -
frame   191 :  a red cube -6.84  a green cube -9.20   led   0/255 h0.00 lvl-8.02   -
frame   192 :  a green cube -10.71  a red cube -12.44   led   0/255 h0.00 lvl-11.57   -
frame   193 :  a green cube -10.74  a red cube -15.60   led   0/255 h0.00 lvl-13.17   -
frame   194 :  a green cube -10.25  a red cube -16.84   led   0/255 h0.00 lvl-13.54   -
frame   195 :  a green cube -10.05  a red cube -17.74   led   0/255 h0.00 lvl-13.90   -
frame   196 :  a green cube -6.34  a red cube -13.49   led   0/255 h0.00 lvl-9.91   -
frame   197 :  a green cube -3.27  a red cube -10.05   led   0/255 h0.00 lvl-6.66   -
frame   198 :  a green cube -0.07  a red cube -8.82   led   0/255 h0.00 lvl-4.44   -
frame   199 :  a green cube +6.38*  a red cube -5.92   led 255/  0 h1.00 lvl+0.23   MATCH a green cube (cos -0.004)
background: after 30 frames (frozen, room spread), this room reads  a red cube -0.020 +-0.0041 (COCO -0.150 +-0.0455)  a green cube -0.073 +-0.0037 (COCO -0.140 +-0.0428)
frame   200 :  a green cube +6.43*  a red cube -5.63   led 255/  0 h1.00 lvl+0.40   MATCH a green cube (cos -0.048)
frame   201 :  a green cube +6.96*  a red cube -5.22   led 255/  0 h1.00 lvl+0.87   MATCH a green cube (cos -0.043)
frame   202 :  a green cube +9.39*  a red cube -4.56   led 255/  0 h1.00 lvl+2.41   MATCH a green cube (cos -0.021)
frame   203 :  a green cube +9.96*  a red cube -4.94   led 255/  0 h1.00 lvl+2.51   MATCH a green cube (cos -0.031)
frame   204 :  a green cube +10.83*  a red cube -3.73   led 255/  0 h1.00 lvl+3.55   MATCH a green cube (cos -0.026)
frame   205 :  a green cube +12.56*  a red cube -4.79   led 255/  0 h1.00 lvl+3.89   MATCH a green cube (cos -0.013)
frame   206 :  a green cube +12.73*  a red cube -4.71   led 255/  0 h1.00 lvl+4.01   MATCH a green cube (cos -0.024)
frame   207 :  a green cube +13.15*  a red cube -5.28   led 255/  0 h1.00 lvl+3.94   MATCH a green cube (cos -0.020)
frame   208 :  a green cube +13.93*  a red cube -5.55   led 255/  0 h1.00 lvl+4.19   MATCH a green cube (cos -0.015)
frame   209 :  a green cube +13.99*  a red cube -5.99   led 255/  0 h1.00 lvl+4.00   MATCH a green cube (cos -0.020)
frame   210 :  a green cube +13.40*  a red cube -5.92   led 255/  0 h1.00 lvl+3.74   MATCH a green cube (cos -0.026)
frame   211 :  a green cube +13.40*  a red cube -6.16   led 255/  0 h1.00 lvl+3.62   MATCH a green cube (cos -0.022)

enrol     : the next 20 frames are 'a green cube'. HOLD THE SCENE STILL until it lands.
frame   212 :  a green cube +13.39*  a red cube -5.65   led 255/  0 h1.00 lvl+3.87   MATCH a green cube (cos -0.023)
frame   213 :  a green cube +13.56*  a red cube -5.23   led 255/  0 h1.00 lvl+4.16   MATCH a green cube (cos -0.021)
frame   214 :  a green cube +13.34*  a red cube -4.54   led 255/  0 h1.00 lvl+4.40   MATCH a green cube (cos -0.024)
frame   215 :  a green cube +14.30*  a red cube -4.23   led 255/  0 h1.00 lvl+5.03   MATCH a green cube (cos -0.012)
frame   216 :  a green cube +12.83*  a red cube -4.95   led 255/  0 h1.00 lvl+3.94   MATCH a green cube (cos -0.035)
frame   217 :  a green cube +11.41*  a red cube -5.27   led 255/  0 h1.00 lvl+3.07   MATCH a green cube (cos -0.040)
frame   218 :  a green cube +11.93*  a red cube -5.03   led 255/  0 h1.00 lvl+3.45   MATCH a green cube (cos -0.024)
frame   219 :  a green cube +12.35*  a red cube -4.59   led 255/  0 h1.00 lvl+3.88   MATCH a green cube (cos -0.023)
frame   220 :  a green cube +12.12*  a red cube -4.33   led 255/  0 h1.00 lvl+3.89   MATCH a green cube (cos -0.029)
frame   221 :  a green cube +11.82*  a red cube -4.74   led 255/  0 h1.00 lvl+3.54   MATCH a green cube (cos -0.030)
frame   222 :  a green cube +12.03*  a red cube -3.50   led 255/  0 h1.00 lvl+4.26   MATCH a green cube (cos -0.026)
frame   223 :  a green cube +12.09*  a red cube -3.12   led 255/  0 h1.00 lvl+4.49   MATCH a green cube (cos -0.027)
frame   224 :  a green cube +11.63*  a red cube -2.50   led 255/  0 h1.00 lvl+4.57   MATCH a green cube (cos -0.032)
frame   225 :  a green cube +12.51*  a red cube -0.71   led 255/  0 h1.00 lvl+5.90   MATCH a green cube (cos -0.020)
frame   226 :  a green cube +11.94*  a red cube -0.57   led 255/  0 h1.00 lvl+5.69   MATCH a green cube (cos -0.032)
frame   227 :  a green cube +11.86*  a red cube -1.33   led 255/  0 h1.00 lvl+5.26   MATCH a green cube (cos -0.029)
frame   228 :  a green cube +12.28*  a red cube -1.10   led 255/  0 h1.00 lvl+5.59   MATCH a green cube (cos -0.024)
frame   229 :  a green cube +12.18*  a red cube -0.99   led 255/  0 h1.00 lvl+5.59   MATCH a green cube (cos -0.028)
frame   230 :  a green cube +12.44*  a red cube -0.21   led 255/  0 h1.00 lvl+6.11   MATCH a green cube (cos -0.024)
enrol     : a green cube, level +4.65, scatter 1.55 (20 frames, visit 1 of 2)
enrol     : 2 classes, nearest pair 25.22 apart, spread 1.55 (16.2x over 1 visit)
            absent beyond 50.44 (2.0 sep) - THE BAND, which is the fallback and
            scores 54.6% over 28 benches. Press '0' on an empty scene for the rule.
            Measured over 1 visit, so this ratio cannot see how far a class moves
            when it is staged again - which is what decides the run. Show each class
            again ('1'/'2' on a later visit) to make it mean something.
            'a green cube' SITS 0.44 SEP FROM THE ORIGIN, which is where a scene identical to
            the frozen background lands. Presence cannot separate the two, so an empty
            desk will read as that class. Re-freeze the background ('N') on a scene
            that is actually empty, or enrol a class that looks less like it.
frame   231 :  a green cube +12.79*  a red cube -0.19   led   1/199 h0.07 b0.96 lvl+6.30 d0.07   MATCH a green cube (cos -0.022, nearer by 21.55)
frame   232 :  a green cube +12.88*  a red cube -0.11   led   1/199 h0.07 b0.96 lvl+6.38 d0.07   MATCH a green cube (cos -0.024, nearer by 21.55)
frame   233 :  a green cube +13.49*  a red cube -0.13   led   0/212 h0.06 b0.97 lvl+6.68 d0.06   MATCH a green cube (cos -0.018, nearer by 22.44)
frame   234 :  a green cube +12.85*  a red cube -0.45   led   1/205 h0.06 b0.97 lvl+6.20 d0.06   MATCH a green cube (cos -0.029, nearer by 22.00)
frame   235 :  a green cube +14.13*  a red cube +0.30   led   0/216 h0.05 b0.98 lvl+7.21 d0.05   MATCH a green cube (cos -0.011, nearer by 22.75)
frame   236 :  a green cube +13.87*  a red cube -0.22   led   0/222 h0.04 b0.98 lvl+6.82 d0.04   MATCH a green cube (cos -0.022, nearer by 23.11)
frame   237 :  a green cube +13.73*  a red cube -0.26   led   0/219 h0.04 b0.98 lvl+6.74 d0.04   MATCH a green cube (cos -0.022, nearer by 22.97)
frame   238 :  a green cube +14.32*  a red cube -0.01   led   0/227 h0.04 b0.98 lvl+7.16 d0.04   MATCH a green cube (cos -0.015, nearer by 23.45)
frame   239 :  a green cube +14.50*  a red cube +0.57   led   0/218 h0.05 b0.98 lvl+7.54 d0.05   MATCH a green cube (cos -0.017, nearer by 22.88)
frame   240 :  a green cube +14.77*  a red cube +1.41*   led   1/206 h0.06 b0.97 lvl+8.09 d0.06   MATCH a green cube (cos -0.015, nearer by 22.07)
frame   241 :  a green cube +15.01*  a red cube +1.35*   led   0/213 h0.05 b0.97 lvl+8.18 d0.05   MATCH a green cube (cos -0.015, nearer by 22.51)
frame   242 :  a green cube +15.60*  a red cube +1.88*   led   0/214 h0.05 b0.97 lvl+8.74 d0.05   MATCH a green cube (cos -0.010, nearer by 22.60)
frame   243 :  a green cube +12.16*  a red cube -0.99   led   1/202 h0.07 b0.97 lvl+5.59 d0.07   MATCH a green cube (cos -0.051, nearer by 21.78)
frame   244 :  a green cube +3.82*  a red cube -8.64   led   1/189 h0.09 b0.96 lvl-2.41 d0.09   MATCH a green cube (cos -0.116, nearer by 20.80)
frame   245 :  a green cube -2.98  a red cube -14.75   led   2/176 h0.11 b0.95 lvl-8.87 d0.11   MATCH a green cube (cos -0.131, nearer by 19.85)
frame   246 :  a green cube -7.06  a red cube -17.97   led   3/161 h0.13 b0.93 lvl-12.51 d0.13   MATCH a green cube (cos -0.127, nearer by 18.61)
frame   247 :  a green cube -8.83  a red cube -19.47   led   3/157 h0.14 b0.93 lvl-14.15 d0.14   MATCH a green cube (cos -0.118, nearer by 18.23)
frame   248 :  a green cube -9.35  a red cube -20.00   led   3/157 h0.14 b0.93 lvl-14.67 d0.14   MATCH a green cube (cos -0.111, nearer by 18.24)
frame   249 :  a green cube -9.43  a red cube -19.87   led   3/154 h0.14 b0.93 lvl-14.65 d0.14   MATCH a green cube (cos -0.108, nearer by 17.96)
frame   250 :  a green cube -9.71  a red cube -20.00   led   3/151 h0.15 b0.93 lvl-14.86 d0.15   MATCH a green cube (cos -0.111, nearer by 17.73)
frame   251 :  a green cube -10.64  a red cube -20.59   led   4/146 h0.16 b0.92 lvl-15.62 d0.16   MATCH a green cube (cos -0.119, nearer by 17.25)
frame   252 :  a green cube -11.41  a red cube -21.02   led   4/141 h0.17 b0.92 lvl-16.21 d0.17   MATCH a green cube (cos -0.121, nearer by 16.77)
frame   253 :  a green cube -11.72  a red cube -21.13   led   4/138 h0.17 b0.91 lvl-16.43 d0.17   MATCH a green cube (cos -0.119, nearer by 16.49)
frame   254 :  a green cube -11.11  a red cube -20.80   led   4/142 h0.17 b0.92 lvl-15.95 d0.17   MATCH a green cube (cos -0.110, nearer by 16.89)
frame   255 :  a green cube -11.65  a red cube -21.20   led   4/140 h0.17 b0.92 lvl-16.42 d0.17   MATCH a green cube (cos -0.120, nearer by 16.69)
frame   256 :  a green cube -11.72  a red cube -21.23   led   4/139 h0.17 b0.91 lvl-16.48 d0.17   MATCH a green cube (cos -0.117, nearer by 16.63)
frame   257 :  a green cube -12.10  a red cube -21.34   led   5/135 h0.18 b0.91 lvl-16.72 d0.18   MATCH a green cube (cos -0.120, nearer by 16.25)
frame   258 :  a green cube -11.97  a red cube -21.48   led   4/139 h0.17 b0.91 lvl-16.73 d0.17   MATCH a green cube (cos -0.116, nearer by 16.64)
frame   259 :  a green cube -12.04  a red cube -21.37   led   5/137 h0.17 b0.91 lvl-16.71 d0.17   MATCH a green cube (cos -0.118, nearer by 16.39)

enrol     : the next 20 frames are THE EMPTY SCENE. TAKE EVERYTHING OUT until it lands.
frame   260 :  a green cube -11.80  a red cube -21.44   led   4/141 h0.17 b0.92 lvl-16.62 d0.17   MATCH a green cube (cos -0.115, nearer by 16.82)
frame   261 :  a green cube -11.71  a red cube -21.49   led   4/143 h0.16 b0.92 lvl-16.60 d0.16   MATCH a green cube (cos -0.116, nearer by 17.02)
frame   262 :  a green cube -11.41  a red cube -21.25   led   4/144 h0.16 b0.92 lvl-16.33 d0.16   MATCH a green cube (cos -0.113, nearer by 17.11)
frame   263 :  a green cube -11.99  a red cube -21.61   led   4/141 h0.17 b0.92 lvl-16.80 d0.17   MATCH a green cube (cos -0.121, nearer by 16.79)
frame   264 :  a green cube -11.75  a red cube -21.64   led   4/145 h0.16 b0.92 lvl-16.70 d0.16   MATCH a green cube (cos -0.115, nearer by 17.18)
frame   265 :  a green cube -11.65  a red cube -21.61   led   4/146 h0.16 b0.92 lvl-16.63 d0.16   MATCH a green cube (cos -0.115, nearer by 17.28)
frame   266 :  a green cube -11.28  a red cube -21.21   led   4/145 h0.16 b0.92 lvl-16.25 d0.16   MATCH a green cube (cos -0.112, nearer by 17.22)
frame   267 :  a green cube -10.67  a red cube -20.84   led   3/149 h0.15 b0.92 lvl-15.76 d0.15   MATCH a green cube (cos -0.108, nearer by 17.57)
frame   268 :  a green cube -10.86  a red cube -21.44   led   3/156 h0.14 b0.93 lvl-16.15 d0.14   MATCH a green cube (cos -0.114, nearer by 18.15)
frame   269 :  a green cube -10.69  a red cube -21.15   led   3/154 h0.14 b0.93 lvl-15.92 d0.14   MATCH a green cube (cos -0.111, nearer by 17.98)
frame   270 :  a green cube -10.89  a red cube -21.29   led   3/153 h0.15 b0.93 lvl-16.09 d0.15   MATCH a green cube (cos -0.115, nearer by 17.89)
frame   271 :  a green cube -10.43  a red cube -20.95   led   3/155 h0.14 b0.93 lvl-15.69 d0.14   MATCH a green cube (cos -0.108, nearer by 18.06)
frame   272 :  a green cube -10.44  a red cube -20.75   led   3/152 h0.15 b0.93 lvl-15.60 d0.15   MATCH a green cube (cos -0.112, nearer by 17.77)
frame   273 :  a green cube -10.58  a red cube -21.22   led   3/157 h0.14 b0.93 lvl-15.90 d0.14   MATCH a green cube (cos -0.113, nearer by 18.23)
frame   274 :  a green cube -11.25  a red cube -21.55   led   3/151 h0.15 b0.93 lvl-16.40 d0.15   MATCH a green cube (cos -0.119, nearer by 17.76)
frame   275 :  a green cube -11.61  a red cube -21.85   led   3/150 h0.15 b0.93 lvl-16.73 d0.15   MATCH a green cube (cos -0.119, nearer by 17.67)
frame   276 :  a green cube -11.47  a red cube -21.78   led   3/152 h0.15 b0.93 lvl-16.62 d0.15   MATCH a green cube (cos -0.114, nearer by 17.78)
frame   277 :  a green cube -11.36  a red cube -21.80   led   3/154 h0.14 b0.93 lvl-16.58 d0.14   MATCH a green cube (cos -0.114, nearer by 17.95)
frame   278 :  a green cube -11.92  a red cube -21.88   led   4/146 h0.16 b0.92 lvl-16.90 d0.16   MATCH a green cube (cos -0.121, nearer by 17.27)
enrol     : the empty scene, level -16.36, scatter 0.22 (20 frames, visit 1 - one is what the rule was measured on)
enrol     : 2 classes, nearest pair 25.22 apart, spread 1.55 (16.2x over 1 visit)
            absent when the empty scene is the nearest of the 3 references -
            no radius, nothing fitted. It sits 3.84 from the nearest class (0.2 sep).
            Measured over 1 visit, so this ratio cannot see how far a class moves
            when it is staged again - which is what decides the run. Show each class
            again ('1'/'2' on a later visit) to make it mean something.
            'a green cube' SITS 0.44 SEP FROM THE ORIGIN, which is where a scene identical to
            the frozen background lands. Presence cannot separate the two, so an empty
            desk will read as that class. Re-freeze the background ('N') on a scene
            that is actually empty, or enrol a class that looks less like it.
frame   279 :  a green cube -12.02  a red cube -21.89   led   0/  0 h0.16 b0.05 lvl-16.95 d0.16 de0.01   - (nothing there)
frame   280 :  a green cube -11.20  a red cube -21.32   led   0/  0 h0.15 b0.01 lvl-16.26 d0.15 de0.00   - (nothing there)
frame   281 :  a green cube -11.96  a red cube -22.25   led   0/  0 h0.15 b0.03 lvl-17.11 d0.15 de0.00   - (nothing there)
frame   282 :  a green cube -11.63  a red cube -21.77   led   0/  0 h0.15 b0.00 lvl-16.70 d0.15 de0.00   - (nothing there)

enroldump : nq 2, classes 2, empty 1
enroldump : bg 0 qbg -2.037916854e-02 sd 4.106162116e-03 coco -1.496121585e-01 cocosd 4.548674738e-02 a red cube
enroldump : bg 1 qbg -7.256650791e-02 sd 3.743129549e-03 coco -1.398691237e-01 cocosd 4.282847341e-02 a green cube
enroldump : ref 0 vis 1 scat 3.059369326e-01 1.004326820e+01 -1.004326820e+01 a red cube
enroldump : ref 1 vis 1 scat 1.554918170e+00 -7.789540291e+00 7.789540291e+00 a green cube
enroldump : ref e vis 1 scat 2.196549326e-01 -5.071754456e+00 5.071754456e+00 the empty scene
enroldump : end
frame   283 :  a green cube -12.30  a red cube -22.01   led   0/  0 h0.16 b0.07 lvl-17.15 d0.16 de0.01   - (nothing there)
frame   284 :  a green cube -11.37  a red cube -21.40   led   0/  0 h0.16 b0.02 lvl-16.38 d0.16 de0.00   - (nothing there)
frame   285 :  a green cube -11.47  a red cube -21.49   led   0/  0 h0.16 b0.02 lvl-16.48 d0.16 de0.00   - (nothing there)

enrolment : forgotten - 2 queries, background KEPT (qbg frozen 30 frames ago). Re-enrol into the same space.
frame   286 :  a green cube -10.38  a red cube -20.45   led   0/255 h0.00 lvl-15.42   -
frame   287 :  a green cube -10.59  a red cube -20.75   led   0/255 h0.00 lvl-15.67   -
frame   288 :  a green cube -11.43  a red cube -21.43   led   0/255 h0.00 lvl-16.43   -
frame   289 :  a green cube -11.42  a red cube -21.18   led   0/255 h0.00 lvl-16.30   -
frame   290 :  a green cube -10.75  a red cube -21.02   led   0/255 h0.00 lvl-15.89   -
frame   291 :  a green cube -11.66  a red cube -21.55   led   0/255 h0.00 lvl-16.61   -
frame   292 :  a green cube -11.05  a red cube -21.01   led   0/255 h0.00 lvl-16.03   -
frame   293 :  a green cube -11.03  a red cube -20.80   led   0/255 h0.00 lvl-15.91   -
frame   294 :  a green cube -11.61  a red cube -21.14   led   0/255 h0.00 lvl-16.37   -
frame   295 :  a green cube -12.40  a red cube -21.74   led   0/255 h0.00 lvl-17.07   -
frame   296 :  a green cube -12.49  a red cube -21.79   led   0/255 h0.00 lvl-17.14   -
frame   297 :  a green cube -13.09  a red cube -22.14   led   0/255 h0.00 lvl-17.62   -
frame   298 :  a green cube -12.79  a red cube -21.88   led   0/255 h0.00 lvl-17.33   -
frame   299 :  a green cube -11.39  a red cube -20.11   led   0/255 h0.00 lvl-15.75   -
background: after 30 frames (frozen, room spread), this room reads  a red cube -0.020 +-0.0041 (COCO -0.150 +-0.0455)  a green cube -0.073 +-0.0037 (COCO -0.140 +-0.0428)
frame   300 :  a red cube -11.29  a green cube -12.82   led   0/255 h0.00 lvl-12.06   -
frame   301 :  a red cube -1.02  a green cube -9.35   led   0/255 h0.00 lvl-5.18   -
frame   302 :  a red cube +6.58*  a green cube -4.96   led 255/  0 h1.00 lvl+0.81   MATCH a red cube (cos 0.065)
frame   303 :  a red cube +10.55*  a green cube -4.39   led 255/  0 h1.00 lvl+3.08   MATCH a red cube (cos 0.053)
frame   304 :  a red cube +11.17*  a green cube -4.20   led 255/  0 h1.00 lvl+3.49   MATCH a red cube (cos 0.030)
frame   305 :  a red cube +9.69*  a green cube -3.91   led 255/  0 h1.00 lvl+2.89   MATCH a red cube (cos 0.008)
frame   306 :  a red cube +7.98*  a green cube -4.34   led 255/  0 h1.00 lvl+1.82   MATCH a red cube (cos -0.001)
frame   307 :  a red cube +8.24*  a green cube -4.75   led 255/  0 h1.00 lvl+1.74   MATCH a red cube (cos 0.015)
frame   308 :  a red cube +11.03*  a green cube -4.46   led 255/  0 h1.00 lvl+3.28   MATCH a red cube (cos 0.046)
frame   309 :  a red cube +12.60*  a green cube -4.65   led 255/  0 h1.00 lvl+3.97   MATCH a red cube (cos 0.043)
frame   310 :  a red cube +14.65*  a green cube -3.11   led 255/  0 h1.00 lvl+5.77   MATCH a red cube (cos 0.055)
frame   311 :  a red cube +16.71*  a green cube -2.00   led 255/  0 h1.00 lvl+7.36   MATCH a red cube (cos 0.064)
frame   312 :  a red cube +17.56*  a green cube -2.01   led 255/  0 h1.00 lvl+7.78   MATCH a red cube (cos 0.058)
frame   313 :  a red cube +18.71*  a green cube -1.75   led 255/  0 h1.00 lvl+8.48   MATCH a red cube (cos 0.065)
frame   314 :  a red cube +19.37*  a green cube -0.69   led 255/  0 h1.00 lvl+9.34   MATCH a red cube (cos 0.064)
frame   315 :  a red cube +19.49*  a green cube -0.80   led 255/  0 h1.00 lvl+9.34   MATCH a red cube (cos 0.061)
frame   316 :  a red cube +19.81*  a green cube -0.98   led 255/  0 h1.00 lvl+9.41   MATCH a red cube (cos 0.063)
frame   317 :  a red cube +19.86*  a green cube -1.13   led 255/  0 h1.00 lvl+9.36   MATCH a red cube (cos 0.062)
frame   318 :  a red cube +20.62*  a green cube -0.27   led 255/  0 h1.00 lvl+10.17   MATCH a red cube (cos 0.070)

enrol     : the next 20 frames are 'a red cube'. HOLD THE SCENE STILL until it lands.
frame   319 :  a red cube +19.89*  a green cube -1.15   led 255/  0 h1.00 lvl+9.37   MATCH a red cube (cos 0.056)
frame   320 :  a red cube +18.60*  a green cube -0.32   led 255/  0 h1.00 lvl+9.14   MATCH a red cube (cos 0.046)
frame   321 :  a red cube +18.69*  a green cube +0.26   led 255/  0 h1.00 lvl+9.47   MATCH a red cube (cos 0.057)
frame   322 :  a red cube +18.68*  a green cube +0.40   led 255/  0 h1.00 lvl+9.54   MATCH a red cube (cos 0.056)
frame   323 :  a red cube +18.57*  a green cube +0.93   led 255/  0 h1.00 lvl+9.75   MATCH a red cube (cos 0.055)
frame   324 :  a red cube +19.12*  a green cube +1.00   led 255/  0 h1.00 lvl+10.06   MATCH a red cube (cos 0.062)
frame   325 :  a red cube +19.27*  a green cube +2.06*   led 255/  0 h1.00 lvl+10.67   MATCH a red cube (cos 0.060)
frame   326 :  a red cube +19.30*  a green cube +2.29*   led 255/  0 h1.00 lvl+10.79   MATCH a red cube (cos 0.059)
frame   327 :  a red cube +18.97*  a green cube +2.02*   led 255/  0 h1.00 lvl+10.49   MATCH a red cube (cos 0.055)
frame   328 :  a red cube +18.17*  a green cube +1.89*   led 255/  0 h1.00 lvl+10.03   MATCH a red cube (cos 0.048)
frame   329 :  a red cube +18.92*  a green cube +2.48*   led 255/  0 h1.00 lvl+10.70   MATCH a red cube (cos 0.063)
frame   330 :  a red cube +18.96*  a green cube +2.51*   led 255/  0 h1.00 lvl+10.74   MATCH a red cube (cos 0.058)
frame   331 :  a red cube +18.54*  a green cube +2.33*   led 255/  0 h1.00 lvl+10.44   MATCH a red cube (cos 0.053)
frame   332 :  a red cube +18.78*  a green cube +2.36*   led 255/  0 h1.00 lvl+10.57   MATCH a red cube (cos 0.059)
frame   333 :  a red cube +18.45*  a green cube +2.24*   led 255/  0 h1.00 lvl+10.34   MATCH a red cube (cos 0.053)
frame   334 :  a red cube +18.03*  a green cube +2.50*   led 255/  0 h1.00 lvl+10.26   MATCH a red cube (cos 0.050)
frame   335 :  a red cube +17.94*  a green cube +2.27*   led 255/  0 h1.00 lvl+10.11   MATCH a red cube (cos 0.053)
frame   336 :  a red cube +18.07*  a green cube +1.92*   led 255/  0 h1.00 lvl+10.00   MATCH a red cube (cos 0.055)
frame   337 :  a red cube +18.55*  a green cube +1.95*   led 255/  0 h1.00 lvl+10.25   MATCH a red cube (cos 0.059)
enrol     : a red cube, level +10.15, scatter 0.91 (20 frames, visit 1 of 2)
frame   338 :  a red cube +19.08*  a green cube +1.48*   led 255/  0 h1.00 lvl+10.28   MATCH a red cube (cos 0.062)
frame   339 :  a red cube +18.94*  a green cube +1.73*   led 255/  0 h1.00 lvl+10.33   MATCH a red cube (cos 0.056)
frame   340 :  a red cube +18.84*  a green cube +2.11*   led 255/  0 h1.00 lvl+10.48   MATCH a red cube (cos 0.056)
frame   341 :  a red cube +19.00*  a green cube +2.34*   led 255/  0 h1.00 lvl+10.67   MATCH a red cube (cos 0.059)
frame   342 :  a red cube +19.03*  a green cube +1.86*   led 255/  0 h1.00 lvl+10.44   MATCH a red cube (cos 0.058)
frame   343 :  a red cube +19.48*  a green cube +2.50*   led 255/  0 h1.00 lvl+10.99   MATCH a red cube (cos 0.063)
frame   344 :  a red cube +19.44*  a green cube +2.71*   led 255/  0 h1.00 lvl+11.07   MATCH a red cube (cos 0.059)
frame   345 :  a red cube +18.80*  a green cube +2.61*   led 255/  0 h1.00 lvl+10.71   MATCH a red cube (cos 0.052)
frame   346 :  a red cube +18.92*  a green cube +2.25*   led 255/  0 h1.00 lvl+10.58   MATCH a red cube (cos 0.058)
frame   347 :  a red cube +19.93*  a green cube +2.00*   led 255/  0 h1.00 lvl+10.96   MATCH a red cube (cos 0.069)
frame   348 :  a red cube +19.85*  a green cube +1.62*   led 255/  0 h1.00 lvl+10.74   MATCH a red cube (cos 0.061)
frame   349 :  a red cube +18.26*  a green cube -0.70   led 255/  0 h1.00 lvl+8.78   MATCH a red cube (cos 0.042)
frame   350 :  a red cube +3.91*  a green cube -4.87   led 255/  0 h1.00 lvl-0.48   MATCH a red cube (cos -0.114)
frame   351 :  a red cube -5.93  a green cube -7.87   led   0/255 h0.00 lvl-6.90   -
frame   352 :  a green cube -8.48  a red cube -10.55   led   0/255 h0.00 lvl-9.51   -
frame   353 :  a green cube -9.36  a red cube -14.15   led   0/255 h0.00 lvl-11.76   -
frame   354 :  a green cube -10.41  a red cube -17.28   led   0/255 h0.00 lvl-13.84   -
frame   355 :  a green cube -10.46  a red cube -18.32   led   0/255 h0.00 lvl-14.39   -
frame   356 :  a green cube -11.03  a red cube -19.79   led   0/255 h0.00 lvl-15.41   -
frame   357 :  a green cube -11.26  a red cube -20.36   led   0/255 h0.00 lvl-15.81   -
frame   358 :  a green cube -10.23  a red cube -19.86   led   0/255 h0.00 lvl-15.05   -
frame   359 :  a green cube -11.10  a red cube -20.76   led   0/255 h0.00 lvl-15.93   -
frame   360 :  a green cube -12.17  a red cube -21.85   led   0/255 h0.00 lvl-17.01   -
frame   361 :  a green cube -12.96  a red cube -22.76   led   0/255 h0.00 lvl-17.86   -
frame   362 :  a green cube -12.82  a red cube -22.53   led   0/255 h0.00 lvl-17.68   -
frame   363 :  a green cube -11.75  a red cube -19.98   led   0/255 h0.00 lvl-15.86   -
frame   364 :  a green cube -3.66  a red cube -16.93   led   0/255 h0.00 lvl-10.30   -
frame   365 :  a green cube +1.43*  a red cube -13.16   led 255/  0 h1.00 lvl-5.86   MATCH a green cube (cos -0.032)
frame   366 :  a green cube +5.85*  a red cube -11.12   led 255/  0 h1.00 lvl-2.64   MATCH a green cube (cos -0.020)
frame   367 :  a green cube +9.54*  a red cube -8.97   led 255/  0 h1.00 lvl+0.28   MATCH a green cube (cos -0.011)
frame   368 :  a green cube +10.53*  a red cube -6.22   led 255/  0 h1.00 lvl+2.16   MATCH a green cube (cos -0.026)
frame   369 :  a green cube +10.96*  a red cube -4.63   led 255/  0 h1.00 lvl+3.17   MATCH a green cube (cos -0.029)
frame   370 :  a green cube +10.08*  a red cube -4.12   led 255/  0 h1.00 lvl+2.98   MATCH a green cube (cos -0.041)
frame   371 :  a green cube +11.83*  a red cube -1.84   led 255/  0 h1.00 lvl+5.00   MATCH a green cube (cos -0.016)

enrol     : the next 20 frames are 'a green cube'. HOLD THE SCENE STILL until it lands.
frame   372 :  a green cube +12.95*  a red cube -3.77   led 255/  0 h1.00 lvl+4.59   MATCH a green cube (cos -0.016)
frame   373 :  a green cube +13.19*  a red cube -5.04   led 255/  0 h1.00 lvl+4.07   MATCH a green cube (cos -0.022)
frame   374 :  a green cube +13.97*  a red cube -4.24   led 255/  0 h1.00 lvl+4.87   MATCH a green cube (cos -0.015)
frame   375 :  a green cube +13.53*  a red cube -4.96   led 255/  0 h1.00 lvl+4.28   MATCH a green cube (cos -0.025)
frame   376 :  a green cube +13.50*  a red cube -5.16   led 255/  0 h1.00 lvl+4.17   MATCH a green cube (cos -0.022)
frame   377 :  a green cube +13.89*  a red cube -4.52   led 255/  0 h1.00 lvl+4.68   MATCH a green cube (cos -0.018)
frame   378 :  a green cube +14.15*  a red cube -4.72   led 255/  0 h1.00 lvl+4.71   MATCH a green cube (cos -0.018)
frame   379 :  a green cube +15.72*  a red cube -4.19   led 255/  0 h1.00 lvl+5.77   MATCH a green cube (cos -0.003)
frame   380 :  a green cube +16.44*  a red cube -4.49   led 255/  0 h1.00 lvl+5.98   MATCH a green cube (cos -0.006)
frame   381 :  a green cube +17.21*  a red cube -4.81   led 255/  0 h1.00 lvl+6.20   MATCH a green cube (cos -0.003)
frame   382 :  a green cube +17.55*  a red cube -4.82   led 255/  0 h1.00 lvl+6.37   MATCH a green cube (cos -0.004)
frame   383 :  a green cube +17.65*  a red cube -4.27   led 255/  0 h1.00 lvl+6.69   MATCH a green cube (cos -0.006)
frame   384 :  a green cube +17.55*  a red cube -4.64   led 255/  0 h1.00 lvl+6.45   MATCH a green cube (cos -0.008)
frame   385 :  a green cube +18.33*  a red cube -3.67   led 255/  0 h1.00 lvl+7.33   MATCH a green cube (cos 0.001)
frame   386 :  a green cube +18.50*  a red cube -4.60   led 255/  0 h1.00 lvl+6.95   MATCH a green cube (cos -0.002)
frame   387 :  a green cube +17.82*  a red cube -3.71   led 255/  0 h1.00 lvl+7.06   MATCH a green cube (cos -0.011)
frame   388 :  a green cube +17.52*  a red cube -3.37   led 255/  0 h1.00 lvl+7.08   MATCH a green cube (cos -0.009)
frame   389 :  a green cube +18.11*  a red cube -3.16   led 255/  0 h1.00 lvl+7.47   MATCH a green cube (cos -0.001)
frame   390 :  a green cube +17.77*  a red cube -3.42   led 255/  0 h1.00 lvl+7.18   MATCH a green cube (cos -0.008)
enrol     : a green cube, level +5.96, scatter 1.24 (20 frames, visit 1 of 2)
enrol     : 2 classes, nearest pair 26.55 apart, spread 1.24 (21.4x over 1 visit)
            absent beyond 53.09 (2.0 sep) - THE BAND, which is the fallback and
            scores 54.6% over 28 benches. Press '0' on an empty scene for the rule.
            Measured over 1 visit, so this ratio cannot see how far a class moves
            when it is staged again - which is what decides the run. Show each class
            again ('1'/'2' on a later visit) to make it mean something.
            'a red cube' SITS 0.46 SEP FROM THE ORIGIN, which is where a scene identical to
            the frozen background lands. Presence cannot separate the two, so an empty
            desk will read as that class. Re-freeze the background ('N') on a scene
            that is actually empty, or enrol a class that looks less like it.
frame   391 :  a green cube +17.70*  a red cube -3.15   led   0/252 h0.00 b0.99 lvl+7.27 d0.01   MATCH a green cube (cos -0.007, nearer by 26.55)
frame   392 :  a green cube +18.23*  a red cube -2.96   led   0/249 h0.00 b0.99 lvl+7.64 d0.02   MATCH a green cube (cos -0.001, nearer by 26.55)
frame   393 :  a green cube +17.99*  a red cube -1.99   led   0/246 h0.01 b0.99 lvl+8.00 d0.01   MATCH a green cube (cos -0.007, nearer by 25.97)
frame   394 :  a green cube +17.01*  a red cube -2.38   led   0/233 h0.03 b0.99 lvl+7.32 d0.03   MATCH a green cube (cos -0.016, nearer by 25.13)
frame   395 :  a green cube +17.75*  a red cube -1.41   led   0/228 h0.03 b0.98 lvl+8.17 d0.03   MATCH a green cube (cos -0.001, nearer by 24.81)
frame   396 :  a green cube +17.18*  a red cube -1.27   led   0/214 h0.05 b0.97 lvl+7.96 d0.05   MATCH a green cube (cos -0.012, nearer by 23.81)
frame   397 :  a green cube +16.57*  a red cube -1.05   led   1/198 h0.07 b0.96 lvl+7.76 d0.07   MATCH a green cube (cos -0.015, nearer by 22.64)
frame   398 :  a green cube +16.57*  a red cube -1.95   led   0/216 h0.05 b0.98 lvl+7.31 d0.05   MATCH a green cube (cos -0.011, nearer by 23.91)
frame   399 :  a green cube +16.94*  a red cube -2.40   led   0/232 h0.03 b0.99 lvl+7.27 d0.03   MATCH a green cube (cos -0.007, nearer by 25.08)
background: after 30 frames (frozen, room spread), this room reads  a red cube -0.020 +-0.0041 (COCO -0.150 +-0.0455)  a green cube -0.073 +-0.0037 (COCO -0.140 +-0.0428)
frame   400 :  a green cube +16.30*  a red cube -2.99   led   0/231 h0.03 b0.99 lvl+6.66 d0.03   MATCH a green cube (cos -0.016, nearer by 24.99)
frame   401 :  a green cube +16.30*  a red cube -2.98   led   0/231 h0.03 b0.99 lvl+6.66 d0.03   MATCH a green cube (cos -0.012, nearer by 24.98)
frame   402 :  a green cube +15.74*  a red cube -3.00   led   0/220 h0.04 b0.98 lvl+6.37 d0.04   MATCH a green cube (cos -0.018, nearer by 24.22)
frame   403 :  a green cube +5.39*  a red cube -8.79   led   4/142 h0.17 b0.92 lvl-1.70 d0.17   MATCH a green cube (cos -0.124, nearer by 17.76)
frame   404 :  a green cube -1.53  a red cube -14.74   led   5/128 h0.19 b0.90 lvl-8.13 d0.19   MATCH a green cube (cos -0.126, nearer by 16.40)
frame   405 :  a green cube -5.54  a red cube -18.03   led   6/119 h0.21 b0.89 lvl-11.79 d0.21   MATCH a green cube (cos -0.121, nearer by 15.37)
frame   406 :  a green cube -6.89  a red cube -19.19   led   7/116 h0.22 b0.89 lvl-13.04 d0.22   MATCH a green cube (cos -0.108, nearer by 15.11)
frame   407 :  a green cube -8.14  a red cube -19.95   led   8/110 h0.23 b0.89 lvl-14.05 d0.23   MATCH a green cube (cos -0.112, nearer by 14.42)
frame   408 :  a green cube -10.32  a red cube -21.60   led   9/104 h0.24 b0.88 lvl-15.96 d0.24   MATCH a green cube (cos -0.126, nearer by 13.67)
frame   409 :  a green cube -10.16  a red cube -21.47   led   8/104 h0.24 b0.88 lvl-15.81 d0.24   MATCH a green cube (cos -0.109, nearer by 13.71)
frame   410 :  a green cube -10.50  a red cube -21.23   led   9/ 98 h0.26 b0.87 lvl-15.86 d0.26   MATCH a green cube (cos -0.114, nearer by 12.90)
frame   411 :  a green cube -11.00  a red cube -21.62   led  10/ 97 h0.26 b0.87 lvl-16.31 d0.26   MATCH a green cube (cos -0.117, nearer by 12.74)
frame   412 :  a green cube -11.71  a red cube -22.31   led  10/ 96 h0.26 b0.87 lvl-17.01 d0.26   MATCH a green cube (cos -0.121, nearer by 12.71)
frame   413 :  a green cube -12.30  a red cube -22.89   led  10/ 96 h0.26 b0.87 lvl-17.60 d0.26   MATCH a green cube (cos -0.123, nearer by 12.69)
frame   414 :  a green cube -12.31  a red cube -22.63   led  10/ 94 h0.27 b0.87 lvl-17.47 d0.27   MATCH a green cube (cos -0.119, nearer by 12.32)
frame   415 :  a green cube -11.32  a red cube -21.91   led  10/ 96 h0.26 b0.87 lvl-16.62 d0.26   MATCH a green cube (cos -0.108, nearer by 12.69)
frame   416 :  a green cube -12.77  a red cube -23.01   led  10/ 93 h0.27 b0.86 lvl-17.89 d0.27   MATCH a green cube (cos -0.130, nearer by 12.20)
frame   417 :  a green cube -12.53  a red cube -23.10   led  10/ 96 h0.26 b0.87 lvl-17.82 d0.26   MATCH a green cube (cos -0.118, nearer by 12.66)
frame   418 :  a green cube -12.22  a red cube -22.70   led  10/ 95 h0.26 b0.87 lvl-17.46 d0.26   MATCH a green cube (cos -0.116, nearer by 12.55)
frame   419 :  a green cube -11.87  a red cube -22.54   led  10/ 97 h0.26 b0.87 lvl-17.21 d0.26   MATCH a green cube (cos -0.115, nearer by 12.81)

enrol     : the next 20 frames are THE EMPTY SCENE. TAKE EVERYTHING OUT until it lands.
frame   420 :  a green cube -11.49  a red cube -22.29   led   9/ 99 h0.26 b0.87 lvl-16.89 d0.26   MATCH a green cube (cos -0.113, nearer by 12.99)
frame   421 :  a green cube -11.51  a red cube -22.43   led   9/100 h0.25 b0.87 lvl-16.97 d0.25   MATCH a green cube (cos -0.116, nearer by 13.15)
frame   422 :  a green cube -11.00  a red cube -21.59   led  10/ 96 h0.26 b0.87 lvl-16.30 d0.26   MATCH a green cube (cos -0.110, nearer by 12.70)
frame   423 :  a green cube -12.09  a red cube -22.33   led  10/ 93 h0.27 b0.86 lvl-17.21 d0.27   MATCH a green cube (cos -0.125, nearer by 12.19)
frame   424 :  a green cube -11.23  a red cube -21.99   led   9/ 98 h0.26 b0.87 lvl-16.61 d0.26   MATCH a green cube (cos -0.109, nearer by 12.95)
frame   425 :  a green cube -10.64  a red cube -21.76   led   9/102 h0.25 b0.88 lvl-16.20 d0.25   MATCH a green cube (cos -0.108, nearer by 13.45)
frame   426 :  a green cube -11.17  a red cube -21.80   led  10/ 97 h0.26 b0.87 lvl-16.49 d0.26   MATCH a green cube (cos -0.118, nearer by 12.75)
frame   427 :  a green cube -11.90  a red cube -22.46   led  10/ 96 h0.26 b0.87 lvl-17.18 d0.26   MATCH a green cube (cos -0.122, nearer by 12.65)
frame   428 :  a green cube -12.32  a red cube -22.62   led  10/ 93 h0.27 b0.87 lvl-17.47 d0.27   MATCH a green cube (cos -0.122, nearer by 12.29)
frame   429 :  a green cube -12.23  a red cube -22.59   led  10/ 94 h0.27 b0.87 lvl-17.41 d0.27   MATCH a green cube (cos -0.118, nearer by 12.37)
frame   430 :  a green cube -11.80  a red cube -22.09   led  10/ 93 h0.27 b0.87 lvl-16.95 d0.27   MATCH a green cube (cos -0.114, nearer by 12.26)
frame   431 :  a green cube -12.28  a red cube -22.45   led  11/ 92 h0.27 b0.86 lvl-17.37 d0.27   MATCH a green cube (cos -0.122, nearer by 12.11)
frame   432 :  a green cube -11.59  a red cube -22.38   led   9/ 99 h0.26 b0.87 lvl-16.99 d0.26   MATCH a green cube (cos -0.111, nearer by 12.97)
frame   433 :  a green cube -11.42  a red cube -22.07   led  10/ 97 h0.26 b0.87 lvl-16.74 d0.26   MATCH a green cube (cos -0.114, nearer by 12.78)
frame   434 :  a green cube -11.30  a red cube -21.98   led  10/ 97 h0.26 b0.87 lvl-16.64 d0.26   MATCH a green cube (cos -0.114, nearer by 12.82)
frame   435 :  a green cube -11.29  a red cube -21.76   led  10/ 95 h0.26 b0.87 lvl-16.53 d0.26   MATCH a green cube (cos -0.115, nearer by 12.53)
frame   436 :  a green cube -11.89  a red cube -22.41   led  10/ 96 h0.26 b0.87 lvl-17.15 d0.26   MATCH a green cube (cos -0.121, nearer by 12.59)
frame   437 :  a green cube -12.35  a red cube -22.38   led  11/ 90 h0.28 b0.86 lvl-17.36 d0.28   MATCH a green cube (cos -0.122, nearer by 11.89)
frame   438 :  a green cube -12.83  a red cube -23.14   led  10/ 93 h0.27 b0.87 lvl-17.99 d0.27   MATCH a green cube (cos -0.124, nearer by 12.30)
enrol     : the empty scene, level -17.01, scatter 0.19 (20 frames, visit 1 - one is what the rule was measured on)
enrol     : 2 classes, nearest pair 26.55 apart, spread 1.24 (21.4x over 1 visit)
            absent when the empty scene is the nearest of the 3 references -
            no radius, nothing fitted. It sits 6.97 from the nearest class (0.3 sep).
            Measured over 1 visit, so this ratio cannot see how far a class moves
            when it is staged again - which is what decides the run. Show each class
            again ('1'/'2' on a later visit) to make it mean something.
            'a red cube' SITS 0.46 SEP FROM THE ORIGIN, which is where a scene identical to
            the frozen background lands. Presence cannot separate the two, so an empty
            desk will read as that class. Re-freeze the background ('N') on a scene
            that is actually empty, or enrol a class that looks less like it.
frame   439 :  a green cube -12.66  a red cube -23.01   led   0/  0 h0.27 b0.02 lvl-17.83 d0.27 de0.00   - (nothing there)
frame   440 :  a green cube -11.42  a red cube -22.29   led   0/  0 h0.25 b0.03 lvl-16.86 d0.25 de0.01   - (nothing there)
frame   441 :  a green cube -11.37  a red cube -22.35   led   0/  0 h0.25 b0.05 lvl-16.86 d0.25 de0.01   - (nothing there)
frame   442 :  a green cube -10.98  a red cube -22.02   led   0/  0 h0.25 b0.05 lvl-16.50 d0.25 de0.01   - (nothing there)

enroldump : nq 2, classes 2, empty 1
enroldump : bg 0 qbg -2.037916854e-02 sd 4.106162116e-03 coco -1.496121585e-01 cocosd 4.548674738e-02 a red cube
enroldump : bg 1 qbg -7.256650791e-02 sd 3.743129549e-03 coco -1.398691237e-01 cocosd 4.282847341e-02 a green cube
enroldump : ref 0 vis 1 scat 9.068643451e-01 8.578604698e+00 -8.578605652e+00 a red cube
enroldump : ref 1 vis 1 scat 1.239205122e+00 -1.019292164e+01 1.019292164e+01 a green cube
enroldump : ref e vis 1 scat 1.892617494e-01 -5.263594627e+00 5.263594627e+00 the empty scene
enroldump : end
frame   443 :  a green cube -10.93  a red cube -22.02   led   0/  0 h0.25 b0.06 lvl-16.47 d0.25 de0.01   - (nothing there)
frame   444 :  a green cube -11.38  a red cube -22.06   led   0/  0 h0.26 b0.02 lvl-16.72 d0.26 de0.00   - (nothing there)
frame   445 :  a green cube -12.17  a red cube -22.68   led   0/  0 h0.26 b0.00 lvl-17.43 d0.26 de0.00   - (nothing there)

enrolment : forgotten - 2 queries, background KEPT (qbg frozen 30 frames ago). Re-enrol into the same space.
frame   446 :  a green cube -12.15  a red cube -22.67   led   0/255 h0.00 lvl-17.41   -
frame   447 :  a green cube -12.92  a red cube -23.42   led   0/255 h0.00 lvl-18.17   -
frame   448 :  a green cube -12.64  a red cube -23.34   led   0/255 h0.00 lvl-17.99   -
frame   449 :  a green cube -13.29  a red cube -23.72   led   0/255 h0.00 lvl-18.51   -
frame   450 :  a green cube -12.17  a red cube -22.92   led   0/255 h0.00 lvl-17.54   -
frame   451 :  a green cube -12.38  a red cube -22.83   led   0/255 h0.00 lvl-17.61   -
frame   452 :  a green cube -11.96  a red cube -22.72   led   0/255 h0.00 lvl-17.34   -
frame   453 :  a green cube -11.59  a red cube -21.90   led   0/255 h0.00 lvl-16.74   -
frame   454 :  a green cube -11.99  a red cube -22.32   led   0/255 h0.00 lvl-17.16   -
frame   455 :  a green cube -12.49  a red cube -22.81   led   0/255 h0.00 lvl-17.65   -
frame   456 :  a green cube -12.53  a red cube -23.02   led   0/255 h0.00 lvl-17.78   -
frame   457 :  a green cube -11.37  a red cube -22.12   led   0/255 h0.00 lvl-16.74   -
frame   458 :  a green cube -11.31  a red cube -21.99   led   0/255 h0.00 lvl-16.65   -
frame   459 :  a green cube -11.46  a red cube -21.78   led   0/255 h0.00 lvl-16.62   -
frame   460 :  a green cube -11.95  a red cube -21.81   led   0/255 h0.00 lvl-16.88   -
frame   461 :  a red cube -9.79  a green cube -11.41   led   0/255 h0.00 lvl-10.60   -
frame   462 :  a red cube -1.18  a green cube -7.62   led   0/255 h0.00 lvl-4.40   -
frame   463 :  a red cube +4.96*  a green cube -4.98   led 255/  0 h1.00 lvl-0.01   MATCH a red cube (cos 0.047)
frame   464 :  a red cube +9.43*  a green cube -3.28   led 255/  0 h1.00 lvl+3.08   MATCH a red cube (cos 0.052)
frame   465 :  a red cube +13.53*  a green cube -2.23   led 255/  0 h1.00 lvl+5.65   MATCH a red cube (cos 0.066)
frame   466 :  a red cube +16.43*  a green cube -2.20   led 255/  0 h1.00 lvl+7.11   MATCH a red cube (cos 0.069)
frame   467 :  a red cube +17.31*  a green cube -2.71   led 255/  0 h1.00 lvl+7.30   MATCH a red cube (cos 0.057)
frame   468 :  a red cube +17.13*  a green cube -3.15   led 255/  0 h1.00 lvl+6.99   MATCH a red cube (cos 0.049)
frame   469 :  a red cube +17.15*  a green cube -3.07   led 255/  0 h1.00 lvl+7.04   MATCH a red cube (cos 0.050)
frame   470 :  a red cube +17.09*  a green cube -2.81   led 255/  0 h1.00 lvl+7.14   MATCH a red cube (cos 0.049)
frame   471 :  a red cube +17.14*  a green cube -2.65   led 255/  0 h1.00 lvl+7.25   MATCH a red cube (cos 0.050)
frame   472 :  a red cube +17.92*  a green cube -3.12   led 255/  0 h1.00 lvl+7.40   MATCH a red cube (cos 0.059)
frame   473 :  a red cube +18.14*  a green cube -3.38   led 255/  0 h1.00 lvl+7.38   MATCH a red cube (cos 0.056)
frame   474 :  a red cube +17.24*  a green cube -4.83   led 255/  0 h1.00 lvl+6.20   MATCH a red cube (cos 0.043)
frame   475 :  a red cube +15.85*  a green cube -5.18   led 255/  0 h1.00 lvl+5.33   MATCH a red cube (cos 0.034)
frame   476 :  a red cube +16.23*  a green cube -5.37   led 255/  0 h1.00 lvl+5.43   MATCH a red cube (cos 0.049)
frame   477 :  a red cube +16.90*  a green cube -5.58   led 255/  0 h1.00 lvl+5.66   MATCH a red cube (cos 0.054)
frame   478 :  a red cube +17.39*  a green cube -5.50   led 255/  0 h1.00 lvl+5.95   MATCH a red cube (cos 0.055)

enrol     : the next 20 frames are 'a red cube'. HOLD THE SCENE STILL until it lands.
frame   479 :  a red cube +17.68*  a green cube -5.13   led 255/  0 h1.00 lvl+6.27   MATCH a red cube (cos 0.054)
frame   480 :  a red cube +18.56*  a green cube -5.19   led 255/  0 h1.00 lvl+6.68   MATCH a red cube (cos 0.063)
frame   481 :  a red cube +18.36*  a green cube -5.31   led 255/  0 h1.00 lvl+6.53   MATCH a red cube (cos 0.053)
frame   482 :  a red cube +18.30*  a green cube -5.23   led 255/  0 h1.00 lvl+6.54   MATCH a red cube (cos 0.054)
frame   483 :  a red cube +18.68*  a green cube -5.09   led 255/  0 h1.00 lvl+6.80   MATCH a red cube (cos 0.059)
frame   484 :  a red cube +17.74*  a green cube -6.05   led 255/  0 h1.00 lvl+5.84   MATCH a red cube (cos 0.045)
frame   485 :  a red cube +18.86*  a green cube -6.96   led 255/  0 h1.00 lvl+5.95   MATCH a red cube (cos 0.066)
frame   486 :  a red cube +19.49*  a green cube -6.90   led 255/  0 h1.00 lvl+6.29   MATCH a red cube (cos 0.065)
frame   487 :  a red cube +19.83*  a green cube -7.58   led 255/  0 h1.00 lvl+6.12   MATCH a red cube (cos 0.064)
frame   488 :  a red cube +20.13*  a green cube -7.59   led 255/  0 h1.00 lvl+6.27   MATCH a red cube (cos 0.065)
frame   489 :  a red cube +19.07*  a green cube -8.03   led 255/  0 h1.00 lvl+5.52   MATCH a red cube (cos 0.050)
frame   490 :  a red cube +19.84*  a green cube -7.95   led 255/  0 h1.00 lvl+5.95   MATCH a red cube (cos 0.067)
frame   491 :  a red cube +19.28*  a green cube -8.35   led 255/  0 h1.00 lvl+5.47   MATCH a red cube (cos 0.055)
frame   492 :  a red cube +18.07*  a green cube -9.06   led 255/  0 h1.00 lvl+4.50   MATCH a red cube (cos 0.045)
frame   493 :  a red cube +18.06*  a green cube -8.86   led 255/  0 h1.00 lvl+4.60   MATCH a red cube (cos 0.054)
frame   494 :  a red cube +17.36*  a green cube -8.25   led 255/  0 h1.00 lvl+4.55   MATCH a red cube (cos 0.046)
frame   495 :  a red cube +16.61*  a green cube -8.15   led 255/  0 h1.00 lvl+4.23   MATCH a red cube (cos 0.042)
frame   496 :  a red cube +15.59*  a green cube -8.61   led 255/  0 h1.00 lvl+3.49   MATCH a red cube (cos 0.036)
frame   497 :  a red cube +15.63*  a green cube -8.24   led 255/  0 h1.00 lvl+3.70   MATCH a red cube (cos 0.044)
enrol     : a red cube, level +5.47, scatter 1.22 (20 frames, visit 1 of 2)
frame   498 :  a red cube +15.60*  a green cube -7.58   led 255/  0 h1.00 lvl+4.01   MATCH a red cube (cos 0.043)
frame   499 :  a red cube +15.30*  a green cube -7.92   led 255/  0 h1.00 lvl+3.69   MATCH a red cube (cos 0.040)
background: after 30 frames (frozen, room spread), this room reads  a red cube -0.020 +-0.0041 (COCO -0.150 +-0.0455)  a green cube -0.073 +-0.0037 (COCO -0.140 +-0.0428)
frame   500 :  a red cube +15.43*  a green cube -8.18   led 255/  0 h1.00 lvl+3.62   MATCH a red cube (cos 0.044)
frame   501 :  a red cube +16.15*  a green cube -6.94   led 255/  0 h1.00 lvl+4.60   MATCH a red cube (cos 0.051)
frame   502 :  a red cube +15.40*  a green cube -7.65   led 255/  0 h1.00 lvl+3.88   MATCH a red cube (cos 0.037)
frame   503 :  a red cube +15.28*  a green cube -7.76   led 255/  0 h1.00 lvl+3.76   MATCH a red cube (cos 0.041)
frame   504 :  a red cube +16.20*  a green cube -7.22   led 255/  0 h1.00 lvl+4.49   MATCH a red cube (cos 0.053)
frame   505 :  a red cube +15.98*  a green cube -6.76   led 255/  0 h1.00 lvl+4.61   MATCH a red cube (cos 0.044)
frame   506 :  a red cube +15.92*  a green cube -5.85   led 255/  0 h1.00 lvl+5.04   MATCH a red cube (cos 0.045)
frame   507 :  a red cube +12.16*  a green cube -9.72   led 255/  0 h1.00 lvl+1.22   MATCH a red cube (cos 0.001)
frame   508 :  a red cube -1.21  a green cube -11.68   led   0/255 h0.00 lvl-6.45   -
frame   509 :  a red cube -9.36  a green cube -12.35   led   0/255 h0.00 lvl-10.85   -
frame   510 :  a green cube -13.31  a red cube -14.54   led   0/255 h0.00 lvl-13.92   -
frame   511 :  a green cube -13.07  a red cube -17.06   led   0/255 h0.00 lvl-15.06   -
frame   512 :  a green cube -11.95  a red cube -18.36   led   0/255 h0.00 lvl-15.15   -
frame   513 :  a green cube -12.06  a red cube -19.32   led   0/255 h0.00 lvl-15.69   -
frame   514 :  a green cube -12.09  a red cube -19.98   led   0/255 h0.00 lvl-16.04   -
frame   515 :  a green cube -12.62  a red cube -20.94   led   0/255 h0.00 lvl-16.78   -
frame   516 :  a green cube -11.90  a red cube -20.90   led   0/255 h0.00 lvl-16.40   -
frame   517 :  a green cube -11.01  a red cube -20.55   led   0/255 h0.00 lvl-15.78   -
frame   518 :  a green cube -11.44  a red cube -17.83   led   0/255 h0.00 lvl-14.63   -
frame   519 :  a green cube -4.84  a red cube -14.02   led   0/255 h0.00 lvl-9.43   -
frame   520 :  a green cube +0.14  a red cube -10.51   led   2/197 h0.11 lvl-5.19   -
frame   521 :  a green cube +4.39*  a red cube -7.45   led 255/  0 h1.00 lvl-1.53   MATCH a green cube (cos -0.027)
frame   522 :  a green cube +5.54*  a red cube -6.83   led 255/  0 h1.00 lvl-0.65   MATCH a green cube (cos -0.044)
frame   523 :  a green cube +6.79*  a red cube -5.07   led 255/  0 h1.00 lvl+0.86   MATCH a green cube (cos -0.038)
frame   524 :  a green cube +7.52*  a red cube -4.01   led 255/  0 h1.00 lvl+1.75   MATCH a green cube (cos -0.039)
frame   525 :  a green cube +8.64*  a red cube -3.00   led 255/  0 h1.00 lvl+2.82   MATCH a green cube (cos -0.032)
frame   526 :  a green cube +7.99*  a red cube -2.57   led 255/  0 h1.00 lvl+2.71   MATCH a green cube (cos -0.047)
frame   527 :  a green cube +6.91*  a red cube -3.93   led 255/  0 h1.00 lvl+1.49   MATCH a green cube (cos -0.054)
frame   528 :  a green cube +7.22*  a red cube -4.45   led 255/  0 h1.00 lvl+1.39   MATCH a green cube (cos -0.043)
frame   529 :  a green cube +8.03*  a red cube -4.44   led 255/  0 h1.00 lvl+1.80   MATCH a green cube (cos -0.037)
frame   530 :  a green cube +9.34*  a red cube -4.15   led 255/  0 h1.00 lvl+2.59   MATCH a green cube (cos -0.029)

enrol     : the next 20 frames are 'a green cube'. HOLD THE SCENE STILL until it lands.
frame   531 :  a green cube +8.84*  a red cube -4.03   led 255/  0 h1.00 lvl+2.40   MATCH a green cube (cos -0.043)
frame   532 :  a green cube +9.05*  a red cube -4.27   led 255/  0 h1.00 lvl+2.39   MATCH a green cube (cos -0.037)
frame   533 :  a green cube +9.20*  a red cube -4.38   led 255/  0 h1.00 lvl+2.41   MATCH a green cube (cos -0.037)
frame   534 :  a green cube +9.21*  a red cube -4.11   led 255/  0 h1.00 lvl+2.55   MATCH a green cube (cos -0.038)
frame   535 :  a green cube +7.68*  a red cube -3.97   led 255/  0 h1.00 lvl+1.85   MATCH a green cube (cos -0.054)
frame   536 :  a green cube +5.65*  a red cube -4.53   led 255/  0 h1.00 lvl+0.56   MATCH a green cube (cos -0.066)
frame   537 :  a green cube +4.39*  a red cube -4.73   led 255/  0 h1.00 lvl-0.17   MATCH a green cube (cos -0.065)
frame   538 :  a green cube +3.30*  a red cube -3.00   led 255/  0 h1.00 lvl+0.15   MATCH a green cube (cos -0.068)
frame   539 :  a green cube +4.72*  a red cube -2.18   led 255/  0 h1.00 lvl+1.27   MATCH a green cube (cos -0.045)
frame   540 :  a green cube +5.49*  a red cube -2.08   led 255/  0 h1.00 lvl+1.71   MATCH a green cube (cos -0.047)
frame   541 :  a green cube +8.46*  a red cube +0.09   led 255/  0 h1.00 lvl+4.28   MATCH a green cube (cos -0.020)
frame   542 :  a green cube +11.88*  a red cube -0.67   led 255/  0 h1.00 lvl+5.61   MATCH a green cube (cos -0.004)
frame   543 :  a green cube +15.24*  a red cube -0.74   led 255/  0 h1.00 lvl+7.25   MATCH a green cube (cos 0.008)
frame   544 :  a green cube +15.96*  a red cube -1.39   led 255/  0 h1.00 lvl+7.29   MATCH a green cube (cos -0.008)
frame   545 :  a green cube +15.58*  a red cube -2.66   led 255/  0 h1.00 lvl+6.46   MATCH a green cube (cos -0.017)
frame   546 :  a green cube +15.81*  a red cube -1.54   led 255/  0 h1.00 lvl+7.13   MATCH a green cube (cos -0.012)
frame   547 :  a green cube +15.76*  a red cube -1.13   led 255/  0 h1.00 lvl+7.31   MATCH a green cube (cos -0.014)
frame   548 :  a green cube +14.70*  a red cube -0.72   led 255/  0 h1.00 lvl+6.99   MATCH a green cube (cos -0.025)
frame   549 :  a green cube +14.81*  a red cube -0.25   led 255/  0 h1.00 lvl+7.28   MATCH a green cube (cos -0.016)
enrol     : a green cube, level +4.10, scatter 2.55 (20 frames, visit 1 of 2)
enrol     : 2 classes, nearest pair 26.99 apart, spread 2.55 (10.6x over 1 visit)
            absent beyond 53.98 (2.0 sep) - THE BAND, which is the fallback and
            scores 54.6% over 28 benches. Press '0' on an empty scene for the rule.
            Measured over 1 visit, so this ratio cannot see how far a class moves
            when it is staged again - which is what decides the run. Show each class
            again ('1'/'2' on a later visit) to make it mean something.
            'a green cube' SITS 0.34 SEP FROM THE ORIGIN, which is where a scene identical to
            the frozen background lands. Presence cannot separate the two, so an empty
            desk will read as that class. Re-freeze the background ('N') on a scene
            that is actually empty, or enrol a class that looks less like it.
frame   550 :  a green cube +14.47*  a red cube -0.08   led   0/242 h0.00 b0.98 lvl+7.19 d0.05   MATCH a green cube (cos -0.021, nearer by 26.99)
frame   551 :  a green cube +13.38*  a red cube -0.74   led   0/246 h0.00 b0.98 lvl+6.32 d0.03   MATCH a green cube (cos -0.030, nearer by 26.99)
frame   552 :  a green cube +12.78*  a red cube -1.82   led   0/242 h0.00 b0.98 lvl+5.48 d0.05   MATCH a green cube (cos -0.029, nearer by 26.99)
frame   553 :  a green cube +12.55*  a red cube -1.72   led   0/244 h0.00 b0.98 lvl+5.42 d0.04   MATCH a green cube (cos -0.027, nearer by 26.99)
frame   554 :  a green cube +11.68*  a red cube -1.51   led   0/252 h0.00 b1.00 lvl+5.08 d0.01   MATCH a green cube (cos -0.035, nearer by 26.99)
frame   555 :  a green cube +11.33*  a red cube -2.09   led   0/251 h0.00 b0.99 lvl+4.62 d0.02   MATCH a green cube (cos -0.033, nearer by 26.99)
frame   556 :  a green cube +11.07*  a red cube -2.37   led   0/251 h0.00 b0.99 lvl+4.35 d0.02   MATCH a green cube (cos -0.033, nearer by 26.99)
frame   557 :  a green cube +11.71*  a red cube -2.48   led   0/245 h0.00 b0.98 lvl+4.61 d0.04   MATCH a green cube (cos -0.024, nearer by 26.99)
frame   558 :  a green cube +10.23*  a red cube -3.36   led   0/249 h0.00 b0.99 lvl+3.43 d0.02   MATCH a green cube (cos -0.045, nearer by 26.99)
frame   559 :  a green cube +5.09*  a red cube -5.97   led   0/218 h0.05 b0.98 lvl-0.44 d0.05   MATCH a green cube (cos -0.089, nearer by 24.50)
frame   560 :  a green cube -0.42  a red cube -11.28   led   0/214 h0.05 b0.97 lvl-5.85 d0.05   MATCH a green cube (cos -0.112, nearer by 24.22)
frame   561 :  a green cube -5.00  a red cube -15.38   led   1/205 h0.06 b0.97 lvl-10.19 d0.06   MATCH a green cube (cos -0.123, nearer by 23.53)
frame   562 :  a green cube -7.41  a red cube -17.55   led   1/201 h0.07 b0.96 lvl-12.48 d0.07   MATCH a green cube (cos -0.117, nearer by 23.19)
frame   563 :  a green cube -8.54  a red cube -18.77   led   1/202 h0.07 b0.97 lvl-13.66 d0.07   MATCH a green cube (cos -0.112, nearer by 23.32)
frame   564 :  a green cube -10.22  a red cube -20.03   led   1/195 h0.08 b0.96 lvl-15.13 d0.08   MATCH a green cube (cos -0.123, nearer by 22.71)
frame   565 :  a green cube -11.17  a red cube -20.74   led   1/190 h0.09 b0.96 lvl-15.95 d0.09   MATCH a green cube (cos -0.121, nearer by 22.38)
frame   566 :  a green cube -11.24  a red cube -20.67   led   1/188 h0.09 b0.96 lvl-15.96 d0.09   MATCH a green cube (cos -0.115, nearer by 22.18)
frame   567 :  a green cube -12.07  a red cube -21.14   led   1/182 h0.10 b0.95 lvl-16.60 d0.10   MATCH a green cube (cos -0.123, nearer by 21.68)
frame   568 :  a green cube -12.03  a red cube -21.36   led   1/186 h0.09 b0.95 lvl-16.69 d0.09   MATCH a green cube (cos -0.117, nearer by 22.04)
frame   569 :  a green cube -11.60  a red cube -21.12   led   1/189 h0.09 b0.96 lvl-16.36 d0.09   MATCH a green cube (cos -0.113, nearer by 22.31)
frame   570 :  a green cube -11.87  a red cube -21.45   led   1/190 h0.09 b0.96 lvl-16.66 d0.09   MATCH a green cube (cos -0.119, nearer by 22.39)
frame   571 :  a green cube -11.45  a red cube -20.89   led   1/188 h0.09 b0.96 lvl-16.17 d0.09   MATCH a green cube (cos -0.112, nearer by 22.21)
frame   572 :  a green cube -11.56  a red cube -21.11   led   1/190 h0.09 b0.96 lvl-16.34 d0.09   MATCH a green cube (cos -0.117, nearer by 22.35)
frame   573 :  a green cube -11.27  a red cube -21.17   led   1/196 h0.08 b0.96 lvl-16.22 d0.08   MATCH a green cube (cos -0.113, nearer by 22.86)
frame   574 :  a green cube -12.25  a red cube -21.47   led   1/184 h0.09 b0.95 lvl-16.86 d0.09   MATCH a green cube (cos -0.125, nearer by 21.89)
frame   575 :  a green cube -12.02  a red cube -21.50   led   1/189 h0.09 b0.96 lvl-16.76 d0.09   MATCH a green cube (cos -0.116, nearer by 22.25)
frame   576 :  a green cube -12.79  a red cube -21.99   led   1/184 h0.09 b0.95 lvl-17.39 d0.09   MATCH a green cube (cos -0.126, nearer by 21.86)
frame   577 :  a green cube -12.43  a red cube -21.68   led   1/185 h0.09 b0.95 lvl-17.06 d0.09   MATCH a green cube (cos -0.117, nearer by 21.93)
frame   578 :  a green cube -12.61  a red cube -21.86   led   1/185 h0.09 b0.95 lvl-17.23 d0.09   MATCH a green cube (cos -0.121, nearer by 21.94)
frame   579 :  a green cube -11.91  a red cube -21.61   led   1/193 h0.08 b0.96 lvl-16.76 d0.08   MATCH a green cube (cos -0.112, nearer by 22.56)

enrol     : the next 20 frames are THE EMPTY SCENE. TAKE EVERYTHING OUT until it lands.
frame   580 :  a green cube -12.45  a red cube -21.77   led   1/186 h0.09 b0.95 lvl-17.11 d0.09   MATCH a green cube (cos -0.123, nearer by 22.03)
frame   581 :  a green cube -12.67  a red cube -21.69   led   1/181 h0.10 b0.95 lvl-17.18 d0.10   MATCH a green cube (cos -0.122, nearer by 21.59)
frame   582 :  a green cube -12.06  a red cube -21.09   led   1/181 h0.10 b0.95 lvl-16.58 d0.10   MATCH a green cube (cos -0.113, nearer by 21.62)
frame   583 :  a green cube -11.39  a red cube -21.02   led   1/191 h0.08 b0.96 lvl-16.20 d0.08   MATCH a green cube (cos -0.110, nearer by 22.47)
frame   584 :  a green cube -11.22  a red cube -20.96   led   1/193 h0.08 b0.96 lvl-16.09 d0.08   MATCH a green cube (cos -0.113, nearer by 22.63)
frame   585 :  a green cube -10.87  a red cube -20.95   led   1/200 h0.07 b0.96 lvl-15.91 d0.07   MATCH a green cube (cos -0.111, nearer by 23.11)
frame   586 :  a green cube -10.67  a red cube -20.69   led   1/198 h0.07 b0.96 lvl-15.68 d0.07   MATCH a green cube (cos -0.111, nearer by 23.01)
frame   587 :  a green cube -11.00  a red cube -20.65   led   1/192 h0.08 b0.96 lvl-15.83 d0.08   MATCH a green cube (cos -0.116, nearer by 22.51)
frame   588 :  a green cube -11.31  a red cube -20.95   led   1/192 h0.08 b0.96 lvl-16.13 d0.08   MATCH a green cube (cos -0.117, nearer by 22.48)
frame   589 :  a green cube -11.31  a red cube -21.05   led   1/193 h0.08 b0.96 lvl-16.18 d0.08   MATCH a green cube (cos -0.115, nearer by 22.62)
frame   590 :  a green cube -10.76  a red cube -20.48   led   1/193 h0.08 b0.96 lvl-15.62 d0.08   MATCH a green cube (cos -0.109, nearer by 22.59)
frame   591 :  a green cube -10.26  a red cube -20.03   led   1/194 h0.08 b0.96 lvl-15.15 d0.08   MATCH a green cube (cos -0.107, nearer by 22.67)
frame   592 :  a green cube -10.25  a red cube -20.14   led   1/196 h0.08 b0.96 lvl-15.20 d0.08   MATCH a green cube (cos -0.111, nearer by 22.84)
frame   593 :  a green cube -10.17  a red cube -20.07   led   1/196 h0.08 b0.96 lvl-15.12 d0.08   MATCH a green cube (cos -0.110, nearer by 22.84)
frame   594 :  a green cube -9.39  a red cube -19.45   led   1/199 h0.07 b0.96 lvl-14.42 d0.07   MATCH a green cube (cos -0.102, nearer by 23.07)
frame   595 :  a green cube -9.74  a red cube -19.85   led   1/200 h0.07 b0.96 lvl-14.79 d0.07   MATCH a green cube (cos -0.111, nearer by 23.15)
frame   596 :  a green cube -10.35  a red cube -20.20   led   1/195 h0.08 b0.96 lvl-15.28 d0.08   MATCH a green cube (cos -0.116, nearer by 22.78)
frame   597 :  a green cube -10.76  a red cube -20.47   led   1/193 h0.08 b0.96 lvl-15.62 d0.08   MATCH a green cube (cos -0.116, nearer by 22.59)
frame   598 :  a green cube -11.48  a red cube -21.22   led   1/193 h0.08 b0.96 lvl-16.35 d0.08   MATCH a green cube (cos -0.121, nearer by 22.62)
enrol     : the empty scene, level -15.85, scatter 0.21 (20 frames, visit 1 - one is what the rule was measured on)
enrol     : 2 classes, nearest pair 26.99 apart, spread 2.55 (10.6x over 1 visit)
            absent when the empty scene is the nearest of the 3 references -
            no radius, nothing fitted. It sits 2.19 from the nearest class (0.1 sep).
            Measured over 1 visit, so this ratio cannot see how far a class moves
            when it is staged again - which is what decides the run. Show each class
            again ('1'/'2' on a later visit) to make it mean something.
            'a green cube' SITS 0.34 SEP FROM THE ORIGIN, which is where a scene identical to
            the frozen background lands. Presence cannot separate the two, so an empty
            desk will read as that class. Re-freeze the background ('N') on a scene
            that is actually empty, or enrol a class that looks less like it.
frame   599 :  a green cube -11.56  a red cube -21.49   led   0/  1 h0.08 b0.07 lvl-16.53 d0.08 de0.01   - (nothing there)
background: after 30 frames (frozen, room spread), this room reads  a red cube -0.020 +-0.0041 (COCO -0.150 +-0.0455)  a green cube -0.073 +-0.0037 (COCO -0.140 +-0.0428)
frame   600 :  a green cube -10.42  a red cube -20.84   led   0/  8 h0.06 b0.22 lvl-15.63 d0.06 de0.02   - (nothing there)
frame   601 :  a green cube -9.82  a red cube -20.32   led   0/ 10 h0.06 b0.25 lvl-15.07 d0.06 de0.02   - (nothing there)
frame   602 :  a green cube -9.53  a red cube -20.33   led   0/ 22 h0.05 b0.35 lvl-14.93 d0.05 de0.03   - (nothing there)

enroldump : nq 2, classes 2, empty 1
enroldump : bg 0 qbg -2.037916854e-02 sd 4.106162116e-03 coco -1.496121585e-01 cocosd 4.548674738e-02 a red cube
enroldump : bg 1 qbg -7.256650791e-02 sd 3.743129549e-03 coco -1.398691237e-01 cocosd 4.282847341e-02 a green cube
enroldump : ref 0 vis 1 scat 1.221338868e+00 1.267157555e+01 -1.267157555e+01 a red cube
enroldump : ref 1 vis 1 scat 2.548851252e+00 -6.414056301e+00 6.414056301e+00 a green cube
enroldump : ref e vis 1 scat 2.101947218e-01 -4.863356590e+00 4.863357067e+00 the empty scene
enroldump : end
frame   603 :  a green cube -9.85  a red cube -20.16   led   0/  6 h0.07 b0.19 lvl-15.00 d0.07 de0.02   - (nothing there)
frame   604 :  a green cube -10.04  a red cube -20.71   led   0/ 16 h0.06 b0.30 lvl-15.37 d0.06 de0.02   - (nothing there)
frame   605 :  a green cube -10.01  a red cube -20.56   led   0/ 12 h0.06 b0.26 lvl-15.28 d0.06 de0.02   - (nothing there)

enrolment : forgotten - 2 queries, background KEPT (qbg frozen 30 frames ago). Re-enrol into the same space.
frame   606 :  a green cube -10.65  a red cube -21.14   led   0/255 h0.00 lvl-15.90   -
frame   607 :  a green cube -10.61  a red cube -21.03   led   0/255 h0.00 lvl-15.82   -
frame   608 :  a green cube -10.19  a red cube -20.68   led   0/255 h0.00 lvl-15.44   -
frame   609 :  a green cube -10.26  a red cube -20.87   led   0/255 h0.00 lvl-15.57   -
frame   610 :  a green cube -10.97  a red cube -21.56   led   0/255 h0.00 lvl-16.27   -
frame   611 :  a green cube -11.48  a red cube -21.89   led   0/255 h0.00 lvl-16.68   -
frame   612 :  a green cube -11.54  a red cube -21.69   led   0/255 h0.00 lvl-16.62   -
frame   613 :  a green cube -10.36  a red cube -20.66   led   0/255 h0.00 lvl-15.51   -
frame   614 :  a green cube -10.22  a red cube -20.49   led   0/255 h0.00 lvl-15.35   -
frame   615 :  a green cube -10.30  a red cube -20.23   led   0/255 h0.00 lvl-15.26   -
frame   616 :  a green cube -10.08  a red cube -20.21   led   0/255 h0.00 lvl-15.15   -
frame   617 :  a green cube -10.20  a red cube -20.17   led   0/255 h0.00 lvl-15.19   -
frame   618 :  a green cube -10.25  a red cube -19.92   led   0/255 h0.00 lvl-15.09   -
frame   619 :  a green cube -10.52  a red cube -20.28   led   0/255 h0.00 lvl-15.40   -
frame   620 :  a green cube -11.45  a red cube -21.16   led   0/255 h0.00 lvl-16.30   -
frame   621 :  a green cube -11.29  a red cube -17.02   led   0/255 h0.00 lvl-14.16   -
frame   622 :  a red cube -8.94  a green cube -12.79   led   0/255 h0.00 lvl-10.86   -
frame   623 :  a red cube -0.71  a green cube -10.57   led   0/255 h0.00 lvl-5.64   -
frame   624 :  a red cube +4.75*  a green cube -9.62   led 255/  0 h1.00 lvl-2.43   MATCH a red cube (cos 0.041)
frame   625 :  a red cube +8.37*  a green cube -7.90   led 255/  0 h1.00 lvl+0.24   MATCH a red cube (cos 0.042)
frame   626 :  a red cube +12.55*  a green cube -6.72   led 255/  0 h1.00 lvl+2.92   MATCH a red cube (cos 0.063)
frame   627 :  a red cube +15.30*  a green cube -5.81   led 255/  0 h1.00 lvl+4.74   MATCH a red cube (cos 0.063)
frame   628 :  a red cube +16.67*  a green cube -5.98   led 255/  0 h1.00 lvl+5.35   MATCH a red cube (cos 0.059)
frame   629 :  a red cube +18.46*  a green cube -6.02   led 255/  0 h1.00 lvl+6.22   MATCH a red cube (cos 0.069)
frame   630 :  a red cube +21.04*  a green cube -6.24   led 255/  0 h1.00 lvl+7.40   MATCH a red cube (cos 0.086)
frame   631 :  a red cube +20.44*  a green cube -5.46   led 255/  0 h1.00 lvl+7.49   MATCH a red cube (cos 0.059)
frame   632 :  a red cube +21.70*  a green cube -4.88   led 255/  0 h1.00 lvl+8.41   MATCH a red cube (cos 0.078)
frame   633 :  a red cube +21.31*  a green cube -5.10   led 255/  0 h1.00 lvl+8.10   MATCH a red cube (cos 0.064)
frame   634 :  a red cube +21.83*  a green cube -5.46   led 255/  0 h1.00 lvl+8.19   MATCH a red cube (cos 0.073)
frame   635 :  a red cube +21.92*  a green cube -6.30   led 255/  0 h1.00 lvl+7.81   MATCH a red cube (cos 0.070)
frame   636 :  a red cube +21.57*  a green cube -6.30   led 255/  0 h1.00 lvl+7.64   MATCH a red cube (cos 0.066)
frame   637 :  a red cube +21.60*  a green cube -6.35   led 255/  0 h1.00 lvl+7.62   MATCH a red cube (cos 0.068)
frame   638 :  a red cube +22.04*  a green cube -6.19   led 255/  0 h1.00 lvl+7.92   MATCH a red cube (cos 0.074)

enrol     : the next 20 frames are 'a red cube'. HOLD THE SCENE STILL until it lands.
frame   639 :  a red cube +21.33*  a green cube -5.68   led 255/  0 h1.00 lvl+7.83   MATCH a red cube (cos 0.062)
frame   640 :  a red cube +20.72*  a green cube -4.87   led 255/  0 h1.00 lvl+7.93   MATCH a red cube (cos 0.060)
frame   641 :  a red cube +20.20*  a green cube -4.86   led 255/  0 h1.00 lvl+7.67   MATCH a red cube (cos 0.059)
frame   642 :  a red cube +19.95*  a green cube -4.30   led 255/  0 h1.00 lvl+7.82   MATCH a red cube (cos 0.060)
frame   643 :  a red cube +19.82*  a green cube -4.36   led 255/  0 h1.00 lvl+7.73   MATCH a red cube (cos 0.060)
frame   644 :  a red cube +18.97*  a green cube -4.29   led 255/  0 h1.00 lvl+7.34   MATCH a red cube (cos 0.051)
frame   645 :  a red cube +18.28*  a green cube -4.36   led 255/  0 h1.00 lvl+6.96   MATCH a red cube (cos 0.049)
frame   646 :  a red cube +18.00*  a green cube -4.03   led 255/  0 h1.00 lvl+6.98   MATCH a red cube (cos 0.051)
frame   647 :  a red cube +17.91*  a green cube -4.00   led 255/  0 h1.00 lvl+6.96   MATCH a red cube (cos 0.053)
frame   648 :  a red cube +17.58*  a green cube -4.63   led 255/  0 h1.00 lvl+6.47   MATCH a red cube (cos 0.049)
frame   649 :  a red cube +17.89*  a green cube -4.81   led 255/  0 h1.00 lvl+6.54   MATCH a red cube (cos 0.055)
frame   650 :  a red cube +18.24*  a green cube -4.67   led 255/  0 h1.00 lvl+6.78   MATCH a red cube (cos 0.057)
frame   651 :  a red cube +17.73*  a green cube -4.53   led 255/  0 h1.00 lvl+6.60   MATCH a red cube (cos 0.049)
frame   652 :  a red cube +18.64*  a green cube -4.35   led 255/  0 h1.00 lvl+7.14   MATCH a red cube (cos 0.063)
frame   653 :  a red cube +18.42*  a green cube -4.59   led 255/  0 h1.00 lvl+6.92   MATCH a red cube (cos 0.054)
frame   654 :  a red cube +17.94*  a green cube -4.50   led 255/  0 h1.00 lvl+6.72   MATCH a red cube (cos 0.050)
frame   655 :  a red cube +18.19*  a green cube -4.72   led 255/  0 h1.00 lvl+6.73   MATCH a red cube (cos 0.056)
frame   656 :  a red cube +18.25*  a green cube -4.70   led 255/  0 h1.00 lvl+6.77   MATCH a red cube (cos 0.055)
frame   657 :  a red cube +17.95*  a green cube -4.66   led 255/  0 h1.00 lvl+6.65   MATCH a red cube (cos 0.051)
enrol     : a red cube, level +7.04, scatter 0.90 (20 frames, visit 1 of 2)
frame   658 :  a red cube +17.64*  a green cube -4.95   led 255/  0 h1.00 lvl+6.35   MATCH a red cube (cos 0.050)
frame   659 :  a red cube +17.98*  a green cube -4.95   led 255/  0 h1.00 lvl+6.51   MATCH a red cube (cos 0.056)
frame   660 :  a red cube +17.67*  a green cube -4.99   led 255/  0 h1.00 lvl+6.34   MATCH a red cube (cos 0.050)
frame   661 :  a red cube +17.36*  a green cube -4.77   led 255/  0 h1.00 lvl+6.29   MATCH a red cube (cos 0.049)
frame   662 :  a red cube +17.29*  a green cube -4.09   led 255/  0 h1.00 lvl+6.60   MATCH a red cube (cos 0.050)
frame   663 :  a red cube +18.30*  a green cube -4.30   led 255/  0 h1.00 lvl+7.00   MATCH a red cube (cos 0.062)
frame   664 :  a red cube +17.72*  a green cube -4.16   led 255/  0 h1.00 lvl+6.78   MATCH a red cube (cos 0.048)
frame   665 :  a red cube +18.85*  a green cube -4.90   led 255/  0 h1.00 lvl+6.97   MATCH a red cube (cos 0.066)
frame   666 :  a red cube +15.85*  a green cube -7.85   led 255/  0 h1.00 lvl+4.00   MATCH a red cube (cos 0.022)
frame   667 :  a red cube +3.09*  a green cube -8.60   led 255/  0 h1.00 lvl-2.75   MATCH a red cube (cos -0.105)
frame   668 :  a red cube -5.42  a green cube -9.42   led   0/255 h0.00 lvl-7.42   -
frame   669 :  a green cube -9.76  a red cube -10.91   led   0/255 h0.00 lvl-10.33   -
frame   670 :  a green cube -8.54  a red cube -13.24   led   0/255 h0.00 lvl-10.89   -
frame   671 :  a green cube -8.11  a red cube -15.05   led   0/255 h0.00 lvl-11.58   -
frame   672 :  a green cube -7.60  a red cube -15.96   led   0/255 h0.00 lvl-11.78   -
frame   673 :  a green cube -7.97  a red cube -16.79   led   0/255 h0.00 lvl-12.38   -
frame   674 :  a green cube -8.77  a red cube -18.14   led   0/255 h0.00 lvl-13.45   -
frame   675 :  a green cube -8.20  a red cube -18.12   led   0/255 h0.00 lvl-13.16   -
frame   676 :  a green cube -8.06  a red cube -14.64   led   0/255 h0.00 lvl-11.35   -
frame   677 :  a green cube -1.64  a red cube -11.89   led   0/255 h0.00 lvl-6.77   -
frame   678 :  a green cube +2.87*  a red cube -9.64   led 255/  0 h1.00 lvl-3.38   MATCH a green cube (cos -0.030)
frame   679 :  a green cube +6.59*  a red cube -7.59   led 255/  0 h1.00 lvl-0.50   MATCH a green cube (cos -0.022)
frame   680 :  a green cube +8.21*  a red cube -7.47   led 255/  0 h1.00 lvl+0.37   MATCH a green cube (cos -0.031)
frame   681 :  a green cube +9.13*  a red cube -7.53   led 255/  0 h1.00 lvl+0.80   MATCH a green cube (cos -0.032)
frame   682 :  a green cube +10.78*  a red cube -7.45   led 255/  0 h1.00 lvl+1.67   MATCH a green cube (cos -0.021)
frame   683 :  a green cube +11.68*  a red cube -5.87   led 255/  0 h1.00 lvl+2.90   MATCH a green cube (cos -0.023)
frame   684 :  a green cube +13.15*  a red cube -5.87   led 255/  0 h1.00 lvl+3.64   MATCH a green cube (cos -0.013)
frame   685 :  a green cube +14.31*  a red cube -5.78   led 255/  0 h1.00 lvl+4.27   MATCH a green cube (cos -0.011)
frame   686 :  a green cube +14.73*  a red cube -5.24   led 255/  0 h1.00 lvl+4.75   MATCH a green cube (cos -0.015)
frame   687 :  a green cube +13.78*  a red cube -5.14   led 255/  0 h1.00 lvl+4.32   MATCH a green cube (cos -0.028)
frame   688 :  a green cube +13.63*  a red cube -5.38   led 255/  0 h1.00 lvl+4.13   MATCH a green cube (cos -0.023)
frame   689 :  a green cube +13.19*  a red cube -5.29   led 255/  0 h1.00 lvl+3.95   MATCH a green cube (cos -0.026)
frame   690 :  a green cube +12.20*  a red cube -5.68   led 255/  0 h1.00 lvl+3.26   MATCH a green cube (cos -0.034)

enrol     : the next 20 frames are 'a green cube'. HOLD THE SCENE STILL until it lands.
frame   691 :  a green cube +11.33*  a red cube -6.20   led 255/  0 h1.00 lvl+2.56   MATCH a green cube (cos -0.036)
frame   692 :  a green cube +12.21*  a red cube -5.90   led 255/  0 h1.00 lvl+3.15   MATCH a green cube (cos -0.021)
frame   693 :  a green cube +11.95*  a red cube -5.14   led 255/  0 h1.00 lvl+3.40   MATCH a green cube (cos -0.030)
frame   694 :  a green cube +12.23*  a red cube -4.84   led 255/  0 h1.00 lvl+3.70   MATCH a green cube (cos -0.025)
frame   695 :  a green cube +13.80*  a red cube -3.63   led 255/  0 h1.00 lvl+5.09   MATCH a green cube (cos -0.010)
frame   696 :  a green cube +13.24*  a red cube -4.91   led 255/  0 h1.00 lvl+4.17   MATCH a green cube (cos -0.027)
frame   697 :  a green cube +13.08*  a red cube -5.66   led 255/  0 h1.00 lvl+3.71   MATCH a green cube (cos -0.025)
frame   698 :  a green cube +13.44*  a red cube -6.01   led 255/  0 h1.00 lvl+3.72   MATCH a green cube (cos -0.020)
frame   699 :  a green cube +13.17*  a red cube -5.92   led 255/  0 h1.00 lvl+3.62   MATCH a green cube (cos -0.025)
background: after 30 frames (frozen, room spread), this room reads  a red cube -0.020 +-0.0041 (COCO -0.150 +-0.0455)  a green cube -0.073 +-0.0037 (COCO -0.140 +-0.0428)
frame   700 :  a green cube +13.36*  a red cube -6.37   led 255/  0 h1.00 lvl+3.50   MATCH a green cube (cos -0.021)
frame   701 :  a green cube +12.51*  a red cube -6.48   led 255/  0 h1.00 lvl+3.01   MATCH a green cube (cos -0.032)
frame   702 :  a green cube +12.37*  a red cube -6.22   led 255/  0 h1.00 lvl+3.07   MATCH a green cube (cos -0.027)
frame   703 :  a green cube +11.52*  a red cube -6.54   led 255/  0 h1.00 lvl+2.49   MATCH a green cube (cos -0.035)
frame   704 :  a green cube +11.99*  a red cube -6.53   led 255/  0 h1.00 lvl+2.73   MATCH a green cube (cos -0.024)
frame   705 :  a green cube +10.55*  a red cube -6.98   led 255/  0 h1.00 lvl+1.79   MATCH a green cube (cos -0.043)
frame   706 :  a green cube +10.66*  a red cube -7.04   led 255/  0 h1.00 lvl+1.81   MATCH a green cube (cos -0.032)
frame   707 :  a green cube +11.98*  a red cube -6.22   led 255/  0 h1.00 lvl+2.88   MATCH a green cube (cos -0.019)
frame   708 :  a green cube +12.20*  a red cube -6.66   led 255/  0 h1.00 lvl+2.77   MATCH a green cube (cos -0.025)
frame   709 :  a green cube +12.77*  a red cube -6.50   led 255/  0 h1.00 lvl+3.14   MATCH a green cube (cos -0.021)
enrol     : a green cube, level +3.15, scatter 0.57 (20 frames, visit 1 of 2)
enrol     : 2 classes, nearest pair 29.46 apart, spread 0.90 (32.6x over 1 visit)
            absent beyond 58.92 (2.0 sep) - THE BAND, which is the fallback and
            scores 54.6% over 28 benches. Press '0' on an empty scene for the rule.
            Measured over 1 visit, so this ratio cannot see how far a class moves
            when it is staged again - which is what decides the run. Show each class
            again ('1'/'2' on a later visit) to make it mean something.
            'a green cube' SITS 0.44 SEP FROM THE ORIGIN, which is where a scene identical to
            the frozen background lands. Presence cannot separate the two, so an empty
            desk will read as that class. Re-freeze the background ('N') on a scene
            that is actually empty, or enrol a class that looks less like it.
frame   710 :  a green cube +12.49*  a red cube -7.20   led   0/246 h0.00 b0.98 lvl+2.64 d0.03   MATCH a green cube (cos -0.028, nearer by 29.46)
frame   711 :  a green cube +12.95*  a red cube -7.01   led   0/245 h0.00 b0.98 lvl+2.97 d0.04   MATCH a green cube (cos -0.021, nearer by 29.46)
frame   712 :  a green cube +12.99*  a red cube -6.74   led   0/246 h0.00 b0.98 lvl+3.12 d0.03   MATCH a green cube (cos -0.024, nearer by 29.46)
frame   713 :  a green cube +14.14*  a red cube -6.05   led   0/243 h0.00 b0.98 lvl+4.04 d0.04   MATCH a green cube (cos -0.012, nearer by 29.46)
frame   714 :  a green cube +13.68*  a red cube -6.09   led   0/246 h0.00 b0.98 lvl+3.80 d0.03   MATCH a green cube (cos -0.025, nearer by 29.46)
frame   715 :  a green cube +13.75*  a red cube -5.92   led   0/246 h0.00 b0.98 lvl+3.92 d0.03   MATCH a green cube (cos -0.021, nearer by 29.46)
frame   716 :  a green cube +13.63*  a red cube -5.54   led   0/250 h0.00 b0.99 lvl+4.05 d0.02   MATCH a green cube (cos -0.022, nearer by 29.46)
frame   717 :  a green cube +13.81*  a red cube -6.08   led   0/245 h0.00 b0.98 lvl+3.87 d0.04   MATCH a green cube (cos -0.020, nearer by 29.46)
frame   718 :  a green cube +13.00*  a red cube -7.03   led   0/244 h0.00 b0.98 lvl+2.98 d0.04   MATCH a green cube (cos -0.030, nearer by 29.46)
frame   719 :  a green cube +1.88*  a red cube -10.37   led   3/152 h0.15 b0.93 lvl-4.25 d0.15   MATCH a green cube (cos -0.143, nearer by 20.78)
frame   720 :  a green cube -2.69  a red cube -14.56   led   4/147 h0.16 b0.92 lvl-8.63 d0.16   MATCH a green cube (cos -0.114, nearer by 20.24)
frame   721 :  a green cube -5.17  a red cube -16.89   led   4/145 h0.16 b0.92 lvl-11.03 d0.16   MATCH a green cube (cos -0.109, nearer by 20.04)
frame   722 :  a green cube -6.56  a red cube -17.82   led   4/139 h0.17 b0.91 lvl-12.19 d0.17   MATCH a green cube (cos -0.107, nearer by 19.38)
frame   723 :  a green cube -7.60  a red cube -18.55   led   5/135 h0.18 b0.91 lvl-13.08 d0.18   MATCH a green cube (cos -0.108, nearer by 18.94)
frame   724 :  a green cube -7.55  a red cube -18.63   led   5/136 h0.18 b0.91 lvl-13.09 d0.18   MATCH a green cube (cos -0.100, nearer by 19.14)
frame   725 :  a green cube -9.05  a red cube -19.59   led   5/130 h0.19 b0.91 lvl-14.32 d0.19   MATCH a green cube (cos -0.117, nearer by 18.37)
frame   726 :  a green cube -9.27  a red cube -19.47   led   6/125 h0.20 b0.90 lvl-14.37 d0.20   MATCH a green cube (cos -0.109, nearer by 17.87)
frame   727 :  a green cube -9.76  a red cube -19.87   led   6/124 h0.20 b0.90 lvl-14.82 d0.20   MATCH a green cube (cos -0.113, nearer by 17.74)
frame   728 :  a green cube -9.69  a red cube -19.72   led   6/123 h0.20 b0.90 lvl-14.71 d0.20   MATCH a green cube (cos -0.108, nearer by 17.63)
frame   729 :  a green cube -9.84  a red cube -19.95   led   6/124 h0.20 b0.90 lvl-14.89 d0.20   MATCH a green cube (cos -0.110, nearer by 17.76)
frame   730 :  a green cube -9.07  a red cube -19.35   led   6/126 h0.19 b0.90 lvl-14.21 d0.19   MATCH a green cube (cos -0.101, nearer by 18.00)
frame   731 :  a green cube -8.81  a red cube -19.36   led   5/130 h0.19 b0.91 lvl-14.09 d0.19   MATCH a green cube (cos -0.104, nearer by 18.38)
frame   732 :  a green cube -8.59  a red cube -19.31   led   5/132 h0.18 b0.91 lvl-13.95 d0.18   MATCH a green cube (cos -0.103, nearer by 18.63)
frame   733 :  a green cube -9.08  a red cube -19.82   led   5/132 h0.18 b0.91 lvl-14.45 d0.18   MATCH a green cube (cos -0.110, nearer by 18.64)
frame   734 :  a green cube -9.12  a red cube -19.75   led   5/131 h0.19 b0.91 lvl-14.44 d0.19   MATCH a green cube (cos -0.107, nearer by 18.48)
frame   735 :  a green cube -8.71  a red cube -19.43   led   5/132 h0.18 b0.91 lvl-14.07 d0.18   MATCH a green cube (cos -0.102, nearer by 18.62)
frame   736 :  a green cube -9.38  a red cube -19.87   led   5/129 h0.19 b0.91 lvl-14.63 d0.19   MATCH a green cube (cos -0.112, nearer by 18.30)
frame   737 :  a green cube -9.45  a red cube -20.35   led   5/134 h0.18 b0.91 lvl-14.90 d0.18   MATCH a green cube (cos -0.108, nearer by 18.86)
frame   738 :  a green cube -9.77  a red cube -20.32   led   5/130 h0.19 b0.91 lvl-15.04 d0.19   MATCH a green cube (cos -0.111, nearer by 18.37)
frame   739 :  a green cube -9.54  a red cube -19.99   led   5/129 h0.19 b0.90 lvl-14.76 d0.19   MATCH a green cube (cos -0.107, nearer by 18.24)
frame   740 :  a green cube -9.78  a red cube -20.25   led   5/129 h0.19 b0.90 lvl-15.01 d0.19   MATCH a green cube (cos -0.111, nearer by 18.26)

enrol     : the next 20 frames are THE EMPTY SCENE. TAKE EVERYTHING OUT until it lands.
frame   741 :  a green cube -10.54  a red cube -20.32   led   6/121 h0.21 b0.90 lvl-15.43 d0.21   MATCH a green cube (cos -0.117, nearer by 17.30)
frame   742 :  a green cube -10.12  a red cube -20.33   led   6/126 h0.20 b0.90 lvl-15.22 d0.20   MATCH a green cube (cos -0.108, nearer by 17.90)
frame   743 :  a green cube -10.42  a red cube -20.64   led   6/126 h0.20 b0.90 lvl-15.53 d0.20   MATCH a green cube (cos -0.114, nearer by 17.90)
frame   744 :  a green cube -9.98  a red cube -20.00   led   6/123 h0.20 b0.90 lvl-14.99 d0.20   MATCH a green cube (cos -0.107, nearer by 17.61)
frame   745 :  a green cube -10.45  a red cube -20.70   led   6/126 h0.20 b0.90 lvl-15.58 d0.20   MATCH a green cube (cos -0.115, nearer by 17.96)
frame   746 :  a green cube -11.35  a red cube -21.46   led   6/124 h0.20 b0.90 lvl-16.41 d0.20   MATCH a green cube (cos -0.121, nearer by 17.74)
frame   747 :  a green cube -11.48  a red cube -21.35   led   6/122 h0.20 b0.90 lvl-16.42 d0.20   MATCH a green cube (cos -0.116, nearer by 17.42)
frame   748 :  a green cube -10.80  a red cube -21.04   led   6/126 h0.20 b0.90 lvl-15.92 d0.20   MATCH a green cube (cos -0.108, nearer by 17.94)
frame   749 :  a green cube -10.45  a red cube -20.90   led   5/129 h0.19 b0.90 lvl-15.68 d0.19   MATCH a green cube (cos -0.109, nearer by 18.24)
frame   750 :  a green cube -10.30  a red cube -21.16   led   5/134 h0.18 b0.91 lvl-15.73 d0.18   MATCH a green cube (cos -0.110, nearer by 18.82)
frame   751 :  a green cube -10.05  a red cube -20.94   led   5/134 h0.18 b0.91 lvl-15.50 d0.18   MATCH a green cube (cos -0.108, nearer by 18.85)
frame   752 :  a green cube -10.65  a red cube -21.52   led   5/134 h0.18 b0.91 lvl-16.08 d0.18   MATCH a green cube (cos -0.117, nearer by 18.83)
frame   753 :  a green cube -10.08  a red cube -21.13   led   5/136 h0.18 b0.91 lvl-15.61 d0.18   MATCH a green cube (cos -0.106, nearer by 19.08)
frame   754 :  a green cube -9.72  a red cube -21.02   led   4/139 h0.17 b0.91 lvl-15.37 d0.17   MATCH a green cube (cos -0.106, nearer by 19.43)
frame   755 :  a green cube -10.80  a red cube -21.40   led   5/130 h0.19 b0.91 lvl-16.10 d0.19   MATCH a green cube (cos -0.120, nearer by 18.45)
frame   756 :  a green cube -10.26  a red cube -20.67   led   5/128 h0.19 b0.90 lvl-15.47 d0.19   MATCH a green cube (cos -0.107, nearer by 18.18)
frame   757 :  a green cube -10.42  a red cube -20.65   led   6/126 h0.20 b0.90 lvl-15.53 d0.20   MATCH a green cube (cos -0.113, nearer by 17.92)
frame   758 :  a green cube -10.54  a red cube -20.72   led   6/125 h0.20 b0.90 lvl-15.63 d0.20   MATCH a green cube (cos -0.113, nearer by 17.85)
frame   759 :  a green cube -10.65  a red cube -20.80   led   6/125 h0.20 b0.90 lvl-15.73 d0.20   MATCH a green cube (cos -0.113, nearer by 17.80)
enrol     : the empty scene, level -15.69, scatter 0.29 (20 frames, visit 1 - one is what the rule was measured on)
enrol     : 2 classes, nearest pair 29.46 apart, spread 0.90 (32.6x over 1 visit)
            absent when the empty scene is the nearest of the 3 references -
            no radius, nothing fitted. It sits 5.66 from the nearest class (0.2 sep).
            Measured over 1 visit, so this ratio cannot see how far a class moves
            when it is staged again - which is what decides the run. Show each class
            again ('1'/'2' on a later visit) to make it mean something.
            'a green cube' SITS 0.44 SEP FROM THE ORIGIN, which is where a scene identical to
            the frozen background lands. Presence cannot separate the two, so an empty
            desk will read as that class. Re-freeze the background ('N') on a scene
            that is actually empty, or enrol a class that looks less like it.
frame   760 :  a green cube -10.91  a red cube -20.80   led   0/  0 h0.20 b0.05 lvl-15.86 d0.20 de0.01   - (nothing there)
frame   761 :  a green cube -10.85  a red cube -20.70   led   0/  0 h0.20 b0.06 lvl-15.78 d0.20 de0.01   - (nothing there)
frame   762 :  a green cube -11.12  a red cube -20.89   led   0/  0 h0.21 b0.07 lvl-16.01 d0.21 de0.01   - (nothing there)
frame   763 :  a green cube -11.36  a red cube -20.82   led   0/  1 h0.21 b0.09 lvl-16.09 d0.21 de0.02   - (nothing there)
frame   764 :  a green cube -11.26  a red cube -20.72   led   0/  1 h0.21 b0.09 lvl-15.99 d0.21 de0.02   - (nothing there)

enroldump : nq 2, classes 2, empty 1
enroldump : bg 0 qbg -2.037916854e-02 sd 4.106162116e-03 coco -1.496121585e-01 cocosd 4.548674738e-02 a red cube
enroldump : bg 1 qbg -7.256650791e-02 sd 3.743129549e-03 coco -1.398691237e-01 cocosd 4.282847341e-02 a green cube
enroldump : ref 0 vis 1 scat 9.037377834e-01 1.163807869e+01 -1.163807869e+01 a red cube
enroldump : ref 1 vis 1 scat 5.746172071e-01 -9.194993973e+00 9.194993973e+00 a green cube
enroldump : ref e vis 1 scat 2.892274261e-01 -5.189378738e+00 5.189378262e+00 the empty scene
enroldump : end
frame   765 :  a green cube -11.23  a red cube -20.82   led   0/  1 h0.21 b0.08 lvl-16.03 d0.21 de0.02   - (nothing there)
frame   766 :  a green cube -11.33  a red cube -20.82   led   0/  1 h0.21 b0.09 lvl-16.08 d0.21 de0.02   - (nothing there)
frame   767 :  a green cube -11.58  a red cube -21.20   led   0/  1 h0.21 b0.08 lvl-16.39 d0.21 de0.02   - (nothing there)

enrolment : forgotten - 2 queries, background KEPT (qbg frozen 30 frames ago). Re-enrol into the same space.
frame   768 :  a green cube -10.89  a red cube -20.84   led   0/255 h0.00 lvl-15.86   -
frame   769 :  a green cube -11.37  a red cube -21.28   led   0/255 h0.00 lvl-16.33   -
frame   770 :  a green cube -11.20  a red cube -21.15   led   0/255 h0.00 lvl-16.18   -
frame   771 :  a green cube -11.82  a red cube -21.49   led   0/255 h0.00 lvl-16.66   -
frame   772 :  a green cube -11.95  a red cube -21.39   led   0/255 h0.00 lvl-16.67   -
frame   773 :  a green cube -11.66  a red cube -21.25   led   0/255 h0.00 lvl-16.45   -
frame   774 :  a green cube -11.68  a red cube -21.34   led   0/255 h0.00 lvl-16.51   -
frame   775 :  a green cube -11.56  a red cube -21.36   led   0/255 h0.00 lvl-16.46   -
frame   776 :  a green cube -12.12  a red cube -21.84   led   0/255 h0.00 lvl-16.98   -
frame   777 :  a green cube -12.64  a red cube -22.04   led   0/255 h0.00 lvl-17.34   -
frame   778 :  a green cube -11.18  a red cube -20.58   led   0/255 h0.00 lvl-15.88   -
frame   779 :  a green cube -11.00  a red cube -20.13   led   0/255 h0.00 lvl-15.57   -
frame   780 :  a green cube -10.30  a red cube -19.77   led   0/255 h0.00 lvl-15.03   -
frame   781 :  a green cube -9.38  a red cube -18.55   led   0/255 h0.00 lvl-13.96   -
frame   782 :  a red cube -9.38  a green cube -11.92   led   0/255 h0.00 lvl-10.65   -
frame   783 :  a red cube -0.30  a green cube -9.31   led   0/255 h0.00 lvl-4.81   -
frame   784 :  a red cube +7.28*  a green cube -7.11   led 255/  0 h1.00 lvl+0.08   MATCH a red cube (cos 0.067)
frame   785 :  a red cube +10.82*  a green cube -5.53   led 255/  0 h1.00 lvl+2.65   MATCH a red cube (cos 0.051)
frame   786 :  a red cube +14.59*  a green cube -5.09   led 255/  0 h1.00 lvl+4.75   MATCH a red cube (cos 0.068)
frame   787 :  a red cube +16.68*  a green cube -5.19   led 255/  0 h1.00 lvl+5.75   MATCH a red cube (cos 0.064)
frame   788 :  a red cube +16.64*  a green cube -5.09   led 255/  0 h1.00 lvl+5.78   MATCH a red cube (cos 0.048)
frame   789 :  a red cube +17.24*  a green cube -3.76   led 255/  0 h1.00 lvl+6.74   MATCH a red cube (cos 0.055)
frame   790 :  a red cube +18.04*  a green cube -3.64   led 255/  0 h1.00 lvl+7.20   MATCH a red cube (cos 0.060)
frame   791 :  a red cube +19.05*  a green cube -2.96   led 255/  0 h1.00 lvl+8.05   MATCH a red cube (cos 0.066)
frame   792 :  a red cube +19.27*  a green cube -3.01   led 255/  0 h1.00 lvl+8.13   MATCH a red cube (cos 0.060)
frame   793 :  a red cube +19.49*  a green cube -2.41   led 255/  0 h1.00 lvl+8.54   MATCH a red cube (cos 0.061)
frame   794 :  a red cube +19.27*  a green cube -2.27   led 255/  0 h1.00 lvl+8.50   MATCH a red cube (cos 0.057)
frame   795 :  a red cube +18.75*  a green cube -2.09   led 255/  0 h1.00 lvl+8.33   MATCH a red cube (cos 0.053)
frame   796 :  a red cube +19.45*  a green cube -1.79   led 255/  0 h1.00 lvl+8.83   MATCH a red cube (cos 0.065)
frame   797 :  a red cube +18.92*  a green cube -1.16   led 255/  0 h1.00 lvl+8.88   MATCH a red cube (cos 0.053)
frame   798 :  a red cube +19.31*  a green cube -1.45   led 255/  0 h1.00 lvl+8.93   MATCH a red cube (cos 0.062)
frame   799 :  a red cube +19.41*  a green cube -1.51   led 255/  0 h1.00 lvl+8.95   MATCH a red cube (cos 0.060)
background: after 30 frames (frozen, room spread), this room reads  a red cube -0.020 +-0.0041 (COCO -0.150 +-0.0455)  a green cube -0.073 +-0.0037 (COCO -0.140 +-0.0428)
frame   800 :  a red cube +19.90*  a green cube -1.08   led 255/  0 h1.00 lvl+9.41   MATCH a red cube (cos 0.065)

enrol     : the next 20 frames are 'a red cube'. HOLD THE SCENE STILL until it lands.
frame   801 :  a red cube +19.87*  a green cube -1.10   led 255/  0 h1.00 lvl+9.38   MATCH a red cube (cos 0.061)
frame   802 :  a red cube +19.19*  a green cube -1.90   led 255/  0 h1.00 lvl+8.65   MATCH a red cube (cos 0.053)
frame   803 :  a red cube +19.37*  a green cube -1.94   led 255/  0 h1.00 lvl+8.72   MATCH a red cube (cos 0.061)
frame   804 :  a red cube +19.35*  a green cube -2.26   led 255/  0 h1.00 lvl+8.54   MATCH a red cube (cos 0.059)
frame   805 :  a red cube +20.19*  a green cube -2.24   led 255/  0 h1.00 lvl+8.98   MATCH a red cube (cos 0.069)
frame   806 :  a red cube +19.97*  a green cube -1.50   led 255/  0 h1.00 lvl+9.23   MATCH a red cube (cos 0.060)
frame   807 :  a red cube +20.86*  a green cube -1.43   led 255/  0 h1.00 lvl+9.72   MATCH a red cube (cos 0.072)
frame   808 :  a red cube +20.43*  a green cube -2.20   led 255/  0 h1.00 lvl+9.12   MATCH a red cube (cos 0.060)
frame   809 :  a red cube +21.37*  a green cube -1.84   led 255/  0 h1.00 lvl+9.77   MATCH a red cube (cos 0.075)
frame   810 :  a red cube +21.45*  a green cube -1.95   led 255/  0 h1.00 lvl+9.75   MATCH a red cube (cos 0.068)
frame   811 :  a red cube +21.31*  a green cube -2.34   led 255/  0 h1.00 lvl+9.49   MATCH a red cube (cos 0.066)
frame   812 :  a red cube +20.88*  a green cube -2.28   led 255/  0 h1.00 lvl+9.30   MATCH a red cube (cos 0.062)
frame   813 :  a red cube +20.30*  a green cube -2.37   led 255/  0 h1.00 lvl+8.96   MATCH a red cube (cos 0.058)
frame   814 :  a red cube +20.37*  a green cube -2.52   led 255/  0 h1.00 lvl+8.93   MATCH a red cube (cos 0.064)
frame   815 :  a red cube +20.24*  a green cube -2.01   led 255/  0 h1.00 lvl+9.12   MATCH a red cube (cos 0.062)
frame   816 :  a red cube +20.20*  a green cube -2.23   led 255/  0 h1.00 lvl+8.98   MATCH a red cube (cos 0.062)
frame   817 :  a red cube +20.36*  a green cube -2.43   led 255/  0 h1.00 lvl+8.97   MATCH a red cube (cos 0.064)
frame   818 :  a red cube +20.09*  a green cube -2.23   led 255/  0 h1.00 lvl+8.93   MATCH a red cube (cos 0.060)
frame   819 :  a red cube +19.89*  a green cube -2.36   led 255/  0 h1.00 lvl+8.76   MATCH a red cube (cos 0.060)
enrol     : a red cube, level +9.14, scatter 0.52 (20 frames, visit 1 of 2)
frame   820 :  a red cube +20.92*  a green cube -1.78   led 255/  0 h1.00 lvl+9.57   MATCH a red cube (cos 0.073)
frame   821 :  a red cube +20.50*  a green cube -1.88   led 255/  0 h1.00 lvl+9.31   MATCH a red cube (cos 0.061)
frame   822 :  a red cube +20.46*  a green cube -1.95   led 255/  0 h1.00 lvl+9.25   MATCH a red cube (cos 0.063)
frame   823 :  a red cube +19.78*  a green cube -2.44   led 255/  0 h1.00 lvl+8.67   MATCH a red cube (cos 0.056)
frame   824 :  a red cube +20.09*  a green cube -2.22   led 255/  0 h1.00 lvl+8.94   MATCH a red cube (cos 0.064)
frame   825 :  a red cube +19.78*  a green cube -2.74   led 255/  0 h1.00 lvl+8.52   MATCH a red cube (cos 0.059)
frame   826 :  a red cube +20.56*  a green cube -1.54   led 255/  0 h1.00 lvl+9.51   MATCH a red cube (cos 0.070)
frame   827 :  a red cube +21.51*  a green cube -1.94   led 255/  0 h1.00 lvl+9.79   MATCH a red cube (cos 0.075)
frame   828 :  a red cube +21.28*  a green cube -2.23   led 255/  0 h1.00 lvl+9.52   MATCH a red cube (cos 0.065)
frame   829 :  a red cube +20.24*  a green cube -3.40   led 255/  0 h1.00 lvl+8.42   MATCH a red cube (cos 0.055)
frame   830 :  a red cube +18.79*  a green cube -4.21   led 255/  0 h1.00 lvl+7.29   MATCH a red cube (cos 0.046)
frame   831 :  a red cube +6.73*  a green cube -7.33   led 255/  0 h1.00 lvl-0.30   MATCH a red cube (cos -0.085)
frame   832 :  a red cube -3.90  a green cube -9.14   led   0/255 h0.00 lvl-6.52   -
frame   833 :  a green cube -10.20  a red cube -10.42   led   0/255 h0.00 lvl-10.31   -
frame   834 :  a green cube -10.69  a red cube -14.15   led   0/255 h0.00 lvl-12.42   -
frame   835 :  a green cube -10.60  a red cube -16.32   led   0/255 h0.00 lvl-13.46   -
frame   836 :  a green cube -10.38  a red cube -17.45   led   0/255 h0.00 lvl-13.91   -
frame   837 :  a green cube -10.19  a red cube -18.50   led   0/255 h0.00 lvl-14.35   -
frame   838 :  a green cube -9.42  a red cube -18.62   led   0/255 h0.00 lvl-14.02   -
frame   839 :  a green cube -9.00  a red cube -17.40   led   0/255 h0.00 lvl-13.20   -
frame   840 :  a green cube -3.66  a red cube -10.73   led   0/255 h0.00 lvl-7.20   -
frame   841 :  a green cube +3.75*  a red cube -7.43   led 255/  0 h1.00 lvl-1.84   MATCH a green cube (cos -0.007)
frame   842 :  a green cube +6.56*  a red cube -4.39   led 255/  0 h1.00 lvl+1.08   MATCH a green cube (cos -0.028)
frame   843 :  a green cube +9.50*  a red cube -1.34   led 255/  0 h1.00 lvl+4.08   MATCH a green cube (cos -0.017)
frame   844 :  a green cube +11.83*  a red cube -0.05   led 255/  0 h1.00 lvl+5.89   MATCH a green cube (cos -0.012)
frame   845 :  a green cube +13.25*  a red cube -1.58   led 255/  0 h1.00 lvl+5.83   MATCH a green cube (cos -0.013)
frame   846 :  a green cube +14.13*  a red cube -0.47   led 255/  0 h1.00 lvl+6.83   MATCH a green cube (cos -0.014)
frame   847 :  a green cube +14.80*  a red cube +0.60   led 255/  0 h1.00 lvl+7.70   MATCH a green cube (cos -0.013)
frame   848 :  a green cube +15.12*  a red cube +1.49*   led 255/  0 h1.00 lvl+8.30   MATCH a green cube (cos -0.014)
frame   849 :  a green cube +15.07*  a red cube +2.91*   led 255/  0 h1.00 lvl+8.99   MATCH a green cube (cos -0.016)
frame   850 :  a green cube +15.54*  a red cube +4.16*   led 255/  0 h1.00 lvl+9.85   MATCH a green cube (cos -0.011)
frame   851 :  a green cube +16.36*  a red cube +3.98*   led 255/  0 h1.00 lvl+10.17   MATCH a green cube (cos -0.006)
frame   852 :  a green cube +16.04*  a red cube +3.29*   led 255/  0 h1.00 lvl+9.67   MATCH a green cube (cos -0.015)
frame   853 :  a green cube +16.09*  a red cube +3.55*   led 255/  0 h1.00 lvl+9.82   MATCH a green cube (cos -0.012)

enrol     : the next 20 frames are 'a green cube'. HOLD THE SCENE STILL until it lands.
frame   854 :  a green cube +15.52*  a red cube +3.14*   led 255/  0 h1.00 lvl+9.33   MATCH a green cube (cos -0.018)
frame   855 :  a green cube +15.74*  a red cube +3.49*   led 255/  0 h1.00 lvl+9.61   MATCH a green cube (cos -0.012)
frame   856 :  a green cube +16.22*  a red cube +4.06*   led 255/  0 h1.00 lvl+10.14   MATCH a green cube (cos -0.008)
frame   857 :  a green cube +16.34*  a red cube +4.17*   led 255/  0 h1.00 lvl+10.26   MATCH a green cube (cos -0.011)
frame   858 :  a green cube +16.22*  a red cube +4.22*   led 255/  0 h1.00 lvl+10.22   MATCH a green cube (cos -0.013)
frame   859 :  a green cube +16.45*  a red cube +3.47*   led 255/  0 h1.00 lvl+9.96   MATCH a green cube (cos -0.009)
frame   860 :  a green cube +17.63*  a red cube +3.43*   led 255/  0 h1.00 lvl+10.53   MATCH a green cube (cos 0.002)
frame   861 :  a green cube +18.57*  a red cube +4.06*   led 255/  0 h1.00 lvl+11.32   MATCH a green cube (cos 0.003)
frame   862 :  a green cube +19.76*  a red cube +4.58*   led 255/  0 h1.00 lvl+12.17   MATCH a green cube (cos 0.010)
frame   863 :  a green cube +19.59*  a red cube +3.67*   led 255/  0 h1.00 lvl+11.63   MATCH a green cube (cos -0.000)
frame   864 :  a green cube +19.50*  a red cube +2.67*   led 255/  0 h1.00 lvl+11.09   MATCH a green cube (cos -0.000)
frame   865 :  a green cube +18.82*  a red cube +0.96   led 255/  0 h1.00 lvl+9.89   MATCH a green cube (cos -0.007)
frame   866 :  a green cube +18.43*  a red cube +1.58*   led 255/  0 h1.00 lvl+10.01   MATCH a green cube (cos -0.006)
frame   867 :  a green cube +18.89*  a red cube +1.35*   led 255/  0 h1.00 lvl+10.12   MATCH a green cube (cos 0.001)
frame   868 :  a green cube +19.16*  a red cube +1.33*   led 255/  0 h1.00 lvl+10.24   MATCH a green cube (cos 0.001)
frame   869 :  a green cube +19.25*  a red cube +0.92   led 255/  0 h1.00 lvl+10.08   MATCH a green cube (cos 0.000)
frame   870 :  a green cube +19.97*  a red cube -0.07   led 255/  0 h1.00 lvl+9.95   MATCH a green cube (cos 0.007)
frame   871 :  a green cube +19.22*  a red cube -1.04   led 255/  0 h1.00 lvl+9.09   MATCH a green cube (cos -0.006)
frame   872 :  a green cube +19.18*  a red cube -1.04   led 255/  0 h1.00 lvl+9.07   MATCH a green cube (cos -0.001)
enrol     : a green cube, level +10.19, scatter 2.07 (20 frames, visit 1 of 2)
enrol     : 2 classes, nearest pair 27.12 apart, spread 2.07 (13.1x over 1 visit)
            absent beyond 54.23 (2.0 sep) - THE BAND, which is the fallback and
            scores 54.6% over 28 benches. Press '0' on an empty scene for the rule.
            Measured over 1 visit, so this ratio cannot see how far a class moves
            when it is staged again - which is what decides the run. Show each class
            again ('1'/'2' on a later visit) to make it mean something.
            'a green cube' SITS 0.42 SEP FROM THE ORIGIN, which is where a scene identical to
            the frozen background lands. Presence cannot separate the two, so an empty
            desk will read as that class. Re-freeze the background ('N') on a scene
            that is actually empty, or enrol a class that looks less like it.
frame   873 :  a green cube +19.00*  a red cube -0.90   led   0/227 h0.00 b0.95 lvl+9.05 d0.10   MATCH a green cube (cos -0.003, nearer by 27.12)
frame   874 :  a green cube +18.62*  a red cube -1.76   led   0/224 h0.00 b0.94 lvl+8.43 d0.12   MATCH a green cube (cos -0.006, nearer by 27.12)
frame   875 :  a green cube +19.07*  a red cube -2.10   led   0/219 h0.00 b0.93 lvl+8.48 d0.14   MATCH a green cube (cos 0.002, nearer by 27.12)
frame   876 :  a green cube +18.56*  a red cube -1.01   led   0/229 h0.00 b0.95 lvl+8.78 d0.09   MATCH a green cube (cos -0.007, nearer by 27.12)
frame   877 :  a green cube +18.48*  a red cube -1.23   led   0/228 h0.00 b0.95 lvl+8.62 d0.10   MATCH a green cube (cos -0.004, nearer by 27.12)
frame   878 :  a green cube +18.87*  a red cube -1.24   led   0/226 h0.00 b0.95 lvl+8.81 d0.11   MATCH a green cube (cos 0.001, nearer by 27.12)
frame   879 :  a green cube +18.94*  a red cube -1.58   led   0/223 h0.00 b0.94 lvl+8.68 d0.12   MATCH a green cube (cos -0.001, nearer by 27.12)
frame   880 :  a green cube +19.10*  a red cube -1.84   led   0/220 h0.00 b0.94 lvl+8.63 d0.13   MATCH a green cube (cos 0.000, nearer by 27.12)
frame   881 :  a green cube +19.32*  a red cube -0.51   led   0/228 h0.00 b0.95 lvl+9.40 d0.10   MATCH a green cube (cos 0.001, nearer by 27.12)
frame   882 :  a green cube +18.67*  a red cube -0.85   led   0/230 h0.00 b0.95 lvl+8.91 d0.09   MATCH a green cube (cos -0.007, nearer by 27.12)
frame   883 :  a green cube +7.87*  a red cube -9.24   led   0/247 h0.00 b0.99 lvl-0.68 d0.03   MATCH a green cube (cos -0.118, nearer by 27.12)
frame   884 :  a green cube +0.42  a red cube -15.01   led   0/243 h0.01 b0.99 lvl-7.29 d0.01   MATCH a green cube (cos -0.123, nearer by 26.35)
frame   885 :  a green cube -3.59  a red cube -17.08   led   1/205 h0.06 b0.97 lvl-10.33 d0.06   MATCH a green cube (cos -0.114, nearer by 23.60)
frame   886 :  a green cube -5.55  a red cube -17.82   led   1/183 h0.10 b0.95 lvl-11.68 d0.10   MATCH a green cube (cos -0.107, nearer by 21.88)
frame   887 :  a green cube -8.09  a red cube -19.60   led   2/170 h0.12 b0.94 lvl-13.85 d0.12   MATCH a green cube (cos -0.121, nearer by 20.81)
frame   888 :  a green cube -9.44  a red cube -20.46   led   2/162 h0.13 b0.94 lvl-14.95 d0.13   MATCH a green cube (cos -0.117, nearer by 20.12)
frame   889 :  a green cube -9.73  a red cube -20.48   led   3/158 h0.14 b0.93 lvl-15.10 d0.14   MATCH a green cube (cos -0.111, nearer by 19.73)
frame   890 :  a green cube -9.64  a red cube -20.19   led   3/155 h0.14 b0.93 lvl-14.91 d0.14   MATCH a green cube (cos -0.108, nearer by 19.45)
frame   891 :  a green cube -9.90  a red cube -19.97   led   3/148 h0.15 b0.92 lvl-14.93 d0.15   MATCH a green cube (cos -0.111, nearer by 18.76)
frame   892 :  a green cube -9.98  a red cube -20.00   led   4/147 h0.16 b0.92 lvl-14.99 d0.16   MATCH a green cube (cos -0.110, nearer by 18.70)
frame   893 :  a green cube -9.51  a red cube -19.25   led   4/143 h0.16 b0.92 lvl-14.38 d0.16   MATCH a green cube (cos -0.105, nearer by 18.30)
frame   894 :  a green cube -9.09  a red cube -18.67   led   4/141 h0.17 b0.92 lvl-13.88 d0.17   MATCH a green cube (cos -0.104, nearer by 18.07)
frame   895 :  a green cube -9.29  a red cube -18.65   led   4/138 h0.17 b0.91 lvl-13.97 d0.17   MATCH a green cube (cos -0.109, nearer by 17.77)
frame   896 :  a green cube -9.05  a red cube -18.68   led   4/142 h0.17 b0.92 lvl-13.86 d0.17   MATCH a green cube (cos -0.105, nearer by 18.14)
frame   897 :  a green cube -8.63  a red cube -18.07   led   4/139 h0.17 b0.91 lvl-13.35 d0.17   MATCH a green cube (cos -0.102, nearer by 17.88)
frame   898 :  a green cube -8.52  a red cube -17.76   led   5/136 h0.18 b0.91 lvl-13.14 d0.18   MATCH a green cube (cos -0.104, nearer by 17.60)
frame   899 :  a green cube -8.28  a red cube -17.53   led   5/136 h0.18 b0.91 lvl-12.90 d0.18   MATCH a green cube (cos -0.102, nearer by 17.61)
background: after 30 frames (frozen, room spread), this room reads  a red cube -0.020 +-0.0041 (COCO -0.150 +-0.0455)  a green cube -0.073 +-0.0037 (COCO -0.140 +-0.0428)
frame   900 :  a green cube -8.57  a red cube -17.60   led   5/133 h0.18 b0.91 lvl-13.08 d0.18   MATCH a green cube (cos -0.107, nearer by 17.29)
frame   901 :  a green cube -8.95  a red cube -17.87   led   5/132 h0.18 b0.91 lvl-13.41 d0.18   MATCH a green cube (cos -0.109, nearer by 17.15)

enrol     : the next 20 frames are THE EMPTY SCENE. TAKE EVERYTHING OUT until it lands.
frame   902 :  a green cube -9.10  a red cube -17.81   led   5/129 h0.19 b0.91 lvl-13.46 d0.19   MATCH a green cube (cos -0.108, nearer by 16.84)
frame   903 :  a green cube -9.69  a red cube -18.43   led   5/129 h0.19 b0.91 lvl-14.06 d0.19   MATCH a green cube (cos -0.113, nearer by 16.88)
frame   904 :  a green cube -9.49  a red cube -18.32   led   5/131 h0.19 b0.91 lvl-13.90 d0.19   MATCH a green cube (cos -0.107, nearer by 17.01)
frame   905 :  a green cube -9.30  a red cube -18.20   led   5/132 h0.18 b0.91 lvl-13.75 d0.18   MATCH a green cube (cos -0.106, nearer by 17.11)
frame   906 :  a green cube -9.07  a red cube -17.57   led   6/126 h0.19 b0.90 lvl-13.32 d0.19   MATCH a green cube (cos -0.105, nearer by 16.55)
frame   907 :  a green cube -8.72  a red cube -17.64   led   5/132 h0.18 b0.91 lvl-13.18 d0.18   MATCH a green cube (cos -0.103, nearer by 17.15)
frame   908 :  a green cube -8.94  a red cube -17.70   led   5/130 h0.19 b0.91 lvl-13.32 d0.19   MATCH a green cube (cos -0.108, nearer by 16.91)
frame   909 :  a green cube -8.73  a red cube -17.56   led   5/131 h0.19 b0.91 lvl-13.15 d0.19   MATCH a green cube (cos -0.104, nearer by 17.01)
frame   910 :  a green cube -8.53  a red cube -17.47   led   5/132 h0.18 b0.91 lvl-13.00 d0.18   MATCH a green cube (cos -0.103, nearer by 17.17)
frame   911 :  a green cube -8.52  a red cube -17.61   led   5/134 h0.18 b0.91 lvl-13.07 d0.18   MATCH a green cube (cos -0.104, nearer by 17.39)
frame   912 :  a green cube -8.41  a red cube -17.31   led   5/132 h0.18 b0.91 lvl-12.86 d0.18   MATCH a green cube (cos -0.103, nearer by 17.11)
frame   913 :  a green cube -8.27  a red cube -17.21   led   5/132 h0.18 b0.91 lvl-12.74 d0.18   MATCH a green cube (cos -0.102, nearer by 17.18)
frame   914 :  a green cube -8.28  a red cube -17.19   led   5/132 h0.18 b0.91 lvl-12.73 d0.18   MATCH a green cube (cos -0.104, nearer by 17.13)
frame   915 :  a green cube -8.65  a red cube -17.69   led   5/133 h0.18 b0.91 lvl-13.17 d0.18   MATCH a green cube (cos -0.108, nearer by 17.31)
frame   916 :  a green cube -9.10  a red cube -18.33   led   5/136 h0.18 b0.91 lvl-13.71 d0.18   MATCH a green cube (cos -0.110, nearer by 17.58)
frame   917 :  a green cube -8.41  a red cube -17.40   led   5/133 h0.18 b0.91 lvl-12.91 d0.18   MATCH a green cube (cos -0.099, nearer by 17.24)
frame   918 :  a green cube -8.21  a red cube -17.13   led   5/132 h0.18 b0.91 lvl-12.67 d0.18   MATCH a green cube (cos -0.102, nearer by 17.15)
frame   919 :  a green cube -7.71  a red cube -16.92   led   5/136 h0.18 b0.91 lvl-12.31 d0.18   MATCH a green cube (cos -0.098, nearer by 17.56)
frame   920 :  a green cube -7.91  a red cube -16.98   led   5/134 h0.18 b0.91 lvl-12.45 d0.18   MATCH a green cube (cos -0.104, nearer by 17.36)
enrol     : the empty scene, level -13.12, scatter 0.12 (20 frames, visit 1 - one is what the rule was measured on)
enrol     : 2 classes, nearest pair 27.12 apart, spread 2.07 (13.1x over 1 visit)
            absent when the empty scene is the nearest of the 3 references -
            no radius, nothing fitted. It sits 4.99 from the nearest class (0.2 sep).
            Measured over 1 visit, so this ratio cannot see how far a class moves
            when it is staged again - which is what decides the run. Show each class
            again ('1'/'2' on a later visit) to make it mean something.
            'a green cube' SITS 0.42 SEP FROM THE ORIGIN, which is where a scene identical to
            the frozen background lands. Presence cannot separate the two, so an empty
            desk will read as that class. Re-freeze the background ('N') on a scene
            that is actually empty, or enrol a class that looks less like it.
frame   921 :  a green cube -8.24  a red cube -17.20   led   0/  0 h0.18 b0.01 lvl-12.72 d0.18 de0.00   - (nothing there)
frame   922 :  a green cube -8.63  a red cube -17.32   led   0/  0 h0.19 b0.03 lvl-12.97 d0.19 de0.01   - (nothing there)
frame   923 :  a green cube -8.95  a red cube -17.68   led   0/  0 h0.19 b0.03 lvl-13.31 d0.19 de0.01   - (nothing there)
frame   924 :  a green cube -9.17  a red cube -17.78   led   0/  0 h0.19 b0.04 lvl-13.48 d0.19 de0.01   - (nothing there)

enroldump : nq 2, classes 2, empty 1
enroldump : bg 0 qbg -2.037916854e-02 sd 4.106162116e-03 coco -1.496121585e-01 cocosd 4.548674738e-02 a red cube
enroldump : bg 1 qbg -7.256650791e-02 sd 3.743129549e-03 coco -1.398691237e-01 cocosd 4.282847341e-02 a green cube
enroldump : ref 0 vis 1 scat 5.213051438e-01 1.118729019e+01 -1.118729019e+01 a red cube
enroldump : ref 1 vis 1 scat 2.068989038e+00 -7.985955715e+00 7.985955715e+00 a green cube
enroldump : ref e vis 1 scat 1.179984957e-01 -4.459806919e+00 4.459806919e+00 the empty scene
enroldump : end
frame   925 :  a green cube -9.46  a red cube -17.92   led   0/  0 h0.20 b0.06 lvl-13.69 d0.20 de0.01   - (nothing there)
frame   926 :  a green cube -9.11  a red cube -17.80   led   0/  0 h0.19 b0.03 lvl-13.46 d0.19 de0.01   - (nothing there)
frame   927 :  a green cube -8.99  a red cube -17.77   led   0/  0 h0.19 b0.02 lvl-13.38 d0.19 de0.00   - (nothing there)

enrolment : forgotten - 2 queries, background KEPT (qbg frozen 30 frames ago). Re-enrol into the same space.
frame   928 :  a green cube -9.09  a red cube -17.76   led   0/255 h0.00 lvl-13.43   -
frame   929 :  a green cube -9.33  a red cube -18.27   led   0/255 h0.00 lvl-13.80   -
frame   930 :  a green cube -9.24  a red cube -17.98   led   0/255 h0.00 lvl-13.61   -
frame   931 :  a green cube -9.24  a red cube -17.86   led   0/255 h0.00 lvl-13.55   -
frame   932 :  a green cube -9.52  a red cube -18.19   led   0/255 h0.00 lvl-13.85   -
frame   933 :  a green cube -8.94  a red cube -17.91   led   0/255 h0.00 lvl-13.43   -
frame   934 :  a green cube -8.67  a red cube -17.94   led   0/255 h0.00 lvl-13.31   -
frame   935 :  a green cube -8.58  a red cube -17.76   led   0/255 h0.00 lvl-13.17   -
