
=== M9: fpga-open-vocab - describe it, the board spots it ===

clock     : 320 MHz requested; BOOTSEL is reachable for 1.5 s
clock     : 320 MHz system, core 1.25 V
reset     : chip_reset 00010000
            nothing new since the last banner - whatever reset the core left powman alone.
waiting for a bitstream on USB CDC (host/demo.py)
bitstream : 173124 bytes announced, crc32 0a2e9953
bitstream : received intact
configure : configured, CDONE high   CDONE=1 nSTATUS=0
crc       : DMA sniffer, calc=1 out_rev=1 out_inv=1
model     : 9 layers, 512-d embedding, 131072 B/buffer
weights   : 780720 B, crc32=0xF368CC6E  (126 ms to hash)

reference : encoder_fast on the flash test vector  (1583 ms)

link      : probing the wire by running the whole test vector over it
probe     : 3 forward data lines -> 512/512 floats exact, 270 ms
link      : configuration C, 3 forward data lines, 160.0 MHz

camera    : exposure ramp 118 121 122 125 126 128 130 132 134 134 135 135 135
camera    : live 128x128 RGB565, id 0x82, 16.0 MHz, expose 37 ms, read 16 ms, exposure settled after 13 frames
            regs fmt 02 res 00 bri 00 ev 00 wb 00 auto 00 state 26 id 82 fpga 20
            reset gate: polls 425, first state 21, busy yes   defaults polls: ae 0 ag 10 awb 0 wbmode 10
            mean RGB 136 134 137  (tuned camera on a neutral scene: about 115 107 105)

queries   : waiting for a query set on USB CDC (host/demo.py)
queries   : 6 accepted, 512-d, crc ok
            level axis carries 0.62 of one query's swing; most opposed pair -1.000
            'a single cup~' AND 'double cups~' ARE EXACT NEGATIVES, so the LEVEL AXIS IS DEAD: lvl cannot
            move on any frame, M21's centring subtracts nothing, and both of its axes
            collapse to the raw pair. A MARGIN question still measures something -
            08-20 14:22 got a valid AUC this way - but every presence and level number
            in this run is void, and the enrolment guards cannot see it. Re-word one
            side so the two are not the same two phrases swapped (#25).
            scored as z = (cos - background) / std, where the background is this room's
            own mean over its first 30 frames and is then FROZEN - so a thing left in
            shot keeps its score instead of decaying into the furniture. 'N' re-learns
            it, 'H' switches to tracking. The COCO figures below are only the seed for
            frame 0 and the fixed std.
            std is THIS ROOM's, measured over the same 30 frames ('S' switches to COCO's).
            The thresholds below still mean the 90th percentile of a background; the
            background they now mean it against is this room empty, not 5000 COCO photos.
            z is EMA-smoothed at 0.35 (~5 frames) before ranking, so a state has to
            persist for about two seconds to be called.
            TWO-STAGE: the presence queries gate, and the state queries are then RANKED
            against each other with no threshold of their own - a contrast query's z
            is measured against an empty room, which is as much 'not an open hand' as
            a fist is, so it has no absolute level to clear. D1 reads the same two
            stages: brightness is the gate, red/green is which state leads.
            a single cup~        state, ranked; nominal z 1.23   (COCO background -0.016 +- 0.039, so cos 0.032)
            double cups~         state, ranked; nominal z 1.23   (COCO background 0.016 +- 0.039, so cos 0.063)
            a single cup         match above z 1.23   (COCO background -0.142 +- 0.033, so cos -0.101)
            double cups          match above z 1.23   (COCO background -0.132 +- 0.032, so cos -0.093)
            two cups             match above z 1.23   (COCO background -0.137 +- 0.033, so cos -0.096)
            tableware            presence, gates above z 1.23   (COCO background -0.158 +- 0.045, so cos -0.102)

loop      : capture, 8 convs on the T8, pool and head, then one cosine per query. 'B' for BOOTSEL, 'R' to restart,
            'P' to dump the next frame for host/cam.py, 'V' to dump its 512 floats for host/caption.py,
            'E' to provoke a fault so D1 shows its fault display, 'H' to freeze/unfreeze the background,
            'S' to switch the spread between this room's and COCO's, 'W' to hang on purpose and see
            the watchdog name the stage, 'C' to stall the camera bus on purpose and see it cost one frame,
            'U' to drop off USB on purpose and watch it come back, 'I' to drop off and refuse to,
            'N' to forget it and learn it again from now. 'P' and 'V' together describe the same frame.
            'O' closes the timing window, prints it and flips the capture between overlapped and serial;
            'D' does the same and flips the trigger between late and at-the-collect, which is #14's A/B.
            'L' freezes the gain and nothing else - the AE ignores the mask on 32 boots of 33 and
            freezing the white balance drops the colour gains instead of holding them. A second press
            is the pre-09-07 arm (exposure + gain), a third and a fourth are the two ways to go green,
            a fifth restores. Issue #30, and the one hotkey whose answer depends on when you press it.
            Do not use two arms in one run: the unlock fails 31 times in 56, so the second arm is a
            camera sometimes still in the first.
            Every 'L' now prints what the sensor die did about it a few frames later, which is usually
            'nothing moved' and means nothing either way. 'K' asks the question that does answer, by
            writing an exposure and reading it back - it costs the frames around it, and a verdict of
            'held' can leave the sensor parked on the exposure it wrote. Issue #33.
            'M' goes further and takes the sensor OUT of the loop: the ArduChip feeds a fixed pattern, so
            the frame cannot drift for any reason. If the walk survives that, the walk is not the camera.
            Run it with the background frozen and z smoothing OFF, or the flat column is a filter and not a
            result. The pattern is not a photograph - judge the cosines it prints, not the z.
            scores are z against this room's background, ranked; '*' means over its threshold.
            '1'..'6' enrol the next 20 frames as that class, and press again on a LATER visit
            to fold a second one in - 2 visits is what makes the enrolment guard mean
            something. Two classes in and the board decides by nearest reference instead of
            by threshold - see M21.
            '0' ENROLS THE EMPTY SCENE the same way, and it is worth a visit: with one, a frame
            is absent when the empty reference is the nearest of the three and no radius is
            involved. Without one the board falls back to the band - absent beyond 2.0 sep
            from every class - which scores 53.8% over 33 benches against the third reference's
            79.4%, because with two queries that band is an interval the empty scene can sit
            inside. #18.
            'T' DUMPS THE ENROLMENT as text - the references, and the qbg and spread they were
            written against, which are the coordinate system and are re-measured every boot.
            Read-only: whether a saved reference means anything in the next boot is #34, and
            it is being measured before there is a way to load one back.
            'Y' FORGETS THE ENROLMENT AND KEEPS THE BACKGROUND, which is the half of 'N' that
            is safe: re-enrolling after it lands in the same coordinate system, so two
            references of one class become comparable. Pressing '1' twice does NOT do this -
            it folds a second visit into a running mean. #34.
            The first 30 frames set the baseline and it is then frozen, so anything left in
            shot KEEPS its score. Point the camera at the empty scene for those frames.
            Send a new set at any time to re-query - that resets the baseline too.

frame     0 :  a single cup +0.49  a single cup~ +0.32  tableware +0.30  double cups +0.26  two cups +0.10  double cups~ -0.32   led   6/  1 h0.76 b0.24 lvl+0.19   - (nothing there)
frame     1 :  a single cup +0.36  tableware +0.26  a single cup~ +0.21  double cups +0.21  two cups +0.11  double cups~ -0.21   led   3/  1 h0.67 b0.21 lvl+0.16   - (nothing there)
frame     2 :  a single cup +0.30  tableware +0.21  a single cup~ +0.19  double cups +0.17  two cups +0.12  double cups~ -0.19   led   2/  0 h0.65 b0.17 lvl+0.13   - (nothing there)
frame     3 :  a single cup +0.16  a single cup~ +0.14  tableware +0.09  double cups +0.06  two cups +0.04  double cups~ -0.14   led   0/  0 h0.61 b0.07 lvl+0.06   - (nothing there)
frame     4 :  a single cup +0.09  tableware +0.07  a single cup~ +0.06  double cups +0.05  two cups +0.02  double cups~ -0.06   led   0/  0 h0.55 b0.06 lvl+0.04   - (nothing there)
frame     5 :  a single cup~ +0.06  a single cup +0.01  tableware -0.02  double cups -0.04  double cups~ -0.06  two cups -0.08   led   0/  0 h0.55 b0.00 lvl-0.02   - (nothing there)
frame     6 :  a single cup~ +0.05  a single cup +0.03  double cups -0.01  tableware -0.03  two cups -0.05  double cups~ -0.05   led   0/  0 h0.54 b0.00 lvl-0.01   - (nothing there)
frame     7 :  double cups~ +0.05  double cups +0.00  two cups -0.00  tableware -0.01  a single cup -0.03  a single cup~ -0.05   led   0/  0 h0.46 b0.00 lvl-0.01   - (nothing there)
background: after 8 frames (warming up, room spread), this room reads  a single cup~ 0.020 +-0.0039 (COCO -0.016 +-0.0386)  double cups~ -0.020 +-0.0039 (COCO 0.016 +-0.0386)  a single cup -0.093 +-0.0036 (COCO -0.142 +-0.0335)  double cups -0.107 +-0.0030 (COCO -0.132 +-0.0316)  two cups -0.125 +-0.0037 (COCO -0.137 +-0.0328)  tableware -0.116 +-0.0044 (COCO -0.158 +-0.0450)
frame     8 :  a single cup~ +0.59  a single cup +0.20  two cups -0.26  double cups -0.27  tableware -0.40  double cups~ -0.59   led   0/  0 h0.98 b0.00 lvl-0.12   - (nothing there)
frame     9 :  a single cup~ +0.93  a single cup +0.79  two cups +0.07  double cups +0.07  tableware -0.18  double cups~ -0.93   led   0/  0 h1.00 b0.00 lvl+0.13   - (nothing there)
frame    10 :  a single cup~ +0.26  a single cup -0.25  double cups~ -0.26  two cups -0.26  tableware -0.41  double cups -0.63   led   0/  0 h0.71 b0.00 lvl-0.26   - (nothing there)
frame    11 :  a single cup~ +0.16  double cups~ -0.16  a single cup -0.33  two cups -0.38  tableware -0.51  double cups -0.63   led   0/  0 h0.63 b0.00 lvl-0.31   - (nothing there)
frame    12 :  double cups~ +0.21  a single cup~ -0.21  tableware -0.82  a single cup -0.96  two cups -1.11  double cups -1.17   led   0/  0 h0.33 b0.00 lvl-0.68   - (nothing there)
frame    13 :  a single cup~ +0.53  a single cup -0.03  tableware -0.28  double cups -0.49  double cups~ -0.53  two cups -0.60   led   0/  0 h0.94 b0.00 lvl-0.23   - (nothing there)
frame    14 :  a single cup~ +0.74  a single cup +0.47  tableware +0.12  double cups +0.07  two cups -0.20  double cups~ -0.74   led   2/  0 h1.00 b0.10 lvl+0.08   - (nothing there)
frame    15 :  a single cup~ +0.57  a single cup +0.35  double cups +0.03  two cups -0.17  tableware -0.22  double cups~ -0.57   led   0/  0 h0.96 b0.00 lvl-0.00   - (nothing there)
frame    16 :  a single cup~ +0.32  a single cup -0.08  double cups~ -0.32  double cups -0.42  two cups -0.51  tableware -0.54   led   0/  0 h0.76 b0.00 lvl-0.26   - (nothing there)
frame    17 :  a single cup~ +0.21  a single cup +0.21  tableware +0.16  double cups +0.12  two cups +0.08  double cups~ -0.21   led   1/  0 h0.67 b0.13 lvl+0.09   - (nothing there)
frame    18 :  tableware +0.10  a single cup~ +0.06  a single cup +0.01  double cups -0.04  double cups~ -0.06  two cups -0.30   led   0/  0 h0.55 b0.08 lvl-0.04   - (nothing there)
frame    19 :  a single cup +0.34  a single cup~ +0.30  double cups +0.25  tableware +0.09  two cups -0.04  double cups~ -0.30   led   0/  0 h0.74 b0.08 lvl+0.11   - (nothing there)
frame    20 :  a single cup~ +0.27  a single cup +0.23  tableware +0.20  double cups +0.10  two cups -0.09  double cups~ -0.27   led   2/  0 h0.72 b0.16 lvl+0.07   - (nothing there)
frame    21 :  double cups +0.64  tableware +0.58  two cups +0.47  a single cup +0.36  double cups~ +0.11  a single cup~ -0.11   led   7/ 15 h0.41 b0.47 lvl+0.34   - (nothing there)
frame    22 :  double cups~ +0.63  double cups +0.08  two cups -0.27  a single cup -0.32  tableware -0.33  a single cup~ -0.63   led   0/  0 h0.00 b0.00 lvl-0.14   - (nothing there)
frame    23 :  double cups~ +0.22  tableware +0.08  double cups -0.08  a single cup -0.19  two cups -0.22  a single cup~ -0.22   led   0/  0 h0.32 b0.07 lvl-0.07   - (nothing there)
frame    24 :  double cups~ +0.04  tableware +0.02  a single cup~ -0.04  double cups -0.05  a single cup -0.06  two cups -0.16   led   0/  0 h0.47 b0.02 lvl-0.04   - (nothing there)
frame    25 :  double cups +0.41  a single cup +0.31  tableware +0.30  two cups +0.28  a single cup~ +0.06  double cups~ -0.06   led   3/  2 h0.55 b0.24 lvl+0.21   - (nothing there)
frame    26 :  double cups~ +0.28  two cups +0.09  double cups -0.02  tableware -0.13  a single cup -0.17  a single cup~ -0.28   led   0/  0 h0.27 b0.00 lvl-0.04   - (nothing there)
frame    27 :  tableware +0.87  double cups +0.73  two cups +0.61  a single cup +0.46  double cups~ +0.06  a single cup~ -0.06   led  20/ 33 h0.45 b0.71 lvl+0.45   - (nothing there)
frame    28 :  tableware +0.89  double cups +0.70  two cups +0.36  double cups~ +0.36  a single cup +0.29  a single cup~ -0.36   led   4/ 75 h0.21 b0.73 lvl+0.37   - (nothing there)
frame    29 :  tableware +0.90  double cups +0.40  double cups~ +0.28  two cups +0.28  a single cup +0.12  a single cup~ -0.28   led   7/ 63 h0.27 b0.73 lvl+0.28   - (nothing there)
frame    30 :  tableware +0.94  double cups +0.42  double cups~ +0.32  two cups +0.17  a single cup +0.11  a single cup~ -0.32   led   6/ 78 h0.24 b0.77 lvl+0.27   - (nothing there)
frame    31 :  tableware +0.56  double cups +0.38  a single cup +0.23  two cups +0.10  double cups~ +0.06  a single cup~ -0.06   led   8/ 12 h0.45 b0.45 lvl+0.21   - (nothing there)
frame    32 :  double cups~ +0.14  tableware -0.02  two cups -0.12  a single cup~ -0.14  double cups -0.14  a single cup -0.18   led   0/  0 h0.39 b0.00 lvl-0.08   - (nothing there)
frame    33 :  double cups~ +0.44  two cups -0.07  double cups -0.30  tableware -0.42  a single cup~ -0.44  a single cup -0.45   led   0/  0 h0.15 b0.00 lvl-0.21   - (nothing there)
frame    34 :  two cups +0.51  a single cup +0.32  a single cup~ +0.26  double cups +0.25  tableware +0.23  double cups~ -0.26   led   3/  0 h0.71 b0.19 lvl+0.22   - (nothing there)
frame    35 :  double cups +0.60  two cups +0.58  a single cup +0.56  tableware +0.49  a single cup~ +0.25  double cups~ -0.25   led  16/  2 h0.71 b0.40 lvl+0.37   - (nothing there)
frame    36 :  a single cup +0.62  double cups +0.52  two cups +0.49  a single cup~ +0.45  tableware +0.16  double cups~ -0.45   led   2/  0 h0.87 b0.13 lvl+0.30   - (nothing there)
frame    37 :  a single cup~ +0.19  double cups~ -0.19  a single cup -0.39  two cups -0.49  double cups -0.69  tableware -1.08   led   0/  0 h0.65 b0.00 lvl-0.44   - (nothing there)
frame    38 :  a single cup~ +0.12  double cups~ -0.12  a single cup -0.55  two cups -0.61  double cups -0.87  tableware -1.27   led   0/  0 h0.60 b0.00 lvl-0.55   - (nothing there)
frame    39 :  double cups~ +0.33  two cups -0.18  double cups -0.21  a single cup -0.33  a single cup~ -0.33  tableware -0.43   led   0/  0 h0.23 b0.00 lvl-0.19   - (nothing there)
frame    40 :  a single cup~ +0.08  a single cup +0.01  two cups -0.00  double cups -0.04  double cups~ -0.08  tableware -0.26   led   0/  0 h0.57 b0.00 lvl-0.05   - (nothing there)
frame    41 :  a single cup~ +0.11  double cups~ -0.11  a single cup -0.18  two cups -0.24  double cups -0.34  tableware -0.67   led   0/  0 h0.59 b0.00 lvl-0.24   - (nothing there)
frame    42 :  a single cup~ +0.22  a single cup -0.12  double cups~ -0.22  two cups -0.30  double cups -0.34  tableware -0.66   led   0/  0 h0.68 b0.00 lvl-0.24   - (nothing there)
frame    43 :  a single cup~ +0.91  a single cup +0.17  two cups -0.33  tableware -0.42  double cups -0.47  double cups~ -0.91   led   0/  0 h1.00 b0.00 lvl-0.17   - (nothing there)
frame    44 :  a single cup~ +0.63  a single cup -0.15  tableware -0.61  double cups~ -0.63  two cups -0.68  double cups -0.71   led   0/  0 h1.00 b0.00 lvl-0.36   - (nothing there)
frame    45 :  a single cup~ +0.76  a single cup -0.27  double cups~ -0.76  two cups -0.96  double cups -0.98  tableware -1.00   led   0/  0 h1.00 b0.00 lvl-0.54   - (nothing there)
frame    46 :  a single cup~ +0.66  a single cup -0.12  two cups -0.59  double cups~ -0.66  double cups -0.68  tableware -0.71   led   0/  0 h1.00 b0.00 lvl-0.35   - (nothing there)
frame    47 :  a single cup~ +0.13  tableware +0.04  a single cup -0.10  two cups -0.12  double cups~ -0.13  double cups -0.24   led   0/  0 h0.61 b0.03 lvl-0.07   - (nothing there)
frame    48 :  double cups~ +0.12  tableware -0.01  a single cup~ -0.12  a single cup -0.30  double cups -0.33  two cups -0.39   led   0/  0 h0.41 b0.00 lvl-0.17   - (nothing there)
frame    49 :  a single cup~ +0.27  tableware -0.08  a single cup -0.23  double cups~ -0.27  double cups -0.54  two cups -0.57   led   0/  0 h0.72 b0.00 lvl-0.24   - (nothing there)
frame    50 :  a single cup~ +0.74  tableware +0.33  a single cup +0.14  double cups -0.38  two cups -0.51  double cups~ -0.74   led  14/  0 h1.00 b0.27 lvl-0.07   - (nothing there)
frame    51 :  a single cup~ +0.60  a single cup +0.26  tableware +0.18  double cups -0.09  two cups -0.28  double cups~ -0.60   led   4/  0 h0.99 b0.15 lvl+0.01   - (nothing there)
frame    52 :  a single cup~ +0.67  a single cup +0.45  tableware +0.35  double cups +0.11  two cups -0.12  double cups~ -0.67   led  16/  0 h1.00 b0.28 lvl+0.13   - (nothing there)
frame    53 :  a single cup~ +0.48  a single cup +0.39  tableware +0.36  double cups +0.17  two cups +0.08  double cups~ -0.48   led  13/  0 h0.89 b0.29 lvl+0.17   - (nothing there)
frame    54 :  a single cup~ +0.59  a single cup +0.43  double cups +0.16  tableware +0.15  two cups -0.20  double cups~ -0.59   led   2/  0 h0.98 b0.12 lvl+0.09   - (nothing there)
frame    55 :  a single cup~ +0.77  a single cup +0.27  tableware -0.13  double cups -0.21  two cups -0.43  double cups~ -0.77   led   0/  0 h1.00 b0.00 lvl-0.08   - (nothing there)
frame    56 :  a single cup~ +0.46  a single cup +0.34  double cups +0.12  two cups +0.09  tableware +0.03  double cups~ -0.46   led   0/  0 h0.88 b0.03 lvl+0.10   - (nothing there)
frame    57 :  a single cup~ +0.63  a single cup +0.11  two cups -0.28  double cups -0.34  tableware -0.43  double cups~ -0.63   led   0/  0 h1.00 b0.00 lvl-0.16   - (nothing there)
frame    58 :  a single cup~ +0.59  a single cup -0.02  two cups -0.44  double cups -0.48  double cups~ -0.59  tableware -1.17   led   0/  0 h0.98 b0.00 lvl-0.35   - (nothing there)
frame    59 :  a single cup~ +0.95  a single cup +0.11  two cups -0.27  double cups -0.57  double cups~ -0.95  tableware -1.05   led   0/  0 h1.00 b0.00 lvl-0.30   - (nothing there)
frame    60 :  a single cup~ +0.71  a single cup +0.52  two cups +0.21  double cups +0.19  tableware -0.24  double cups~ -0.71   led   0/  0 h1.00 b0.00 lvl+0.11   - (nothing there)
frame    61 :  a single cup~ +0.95  a single cup +0.57  double cups +0.08  two cups -0.10  tableware -0.35  double cups~ -0.95   led   0/  0 h1.00 b0.00 lvl+0.03   - (nothing there)
frame    62 :  a single cup~ +1.18  a single cup +0.42  two cups -0.10  double cups -0.32  tableware -0.60  double cups~ -1.18   led   0/  0 h1.00 b0.00 lvl-0.10   - (nothing there)
frame    63 :  a single cup~ +0.97  a single cup +0.42  two cups +0.14  double cups -0.16  tableware -0.60  double cups~ -0.97   led   0/  0 h1.00 b0.00 lvl-0.03   - (nothing there)
frame    64 :  a single cup~ +1.15  a single cup +0.33  two cups -0.23  double cups -0.43  tableware -0.61  double cups~ -1.15   led   0/  0 h1.00 b0.00 lvl-0.16   - (nothing there)
frame    65 :  a single cup~ +1.30*  a single cup +0.39  two cups -0.18  double cups -0.45  tableware -0.54  double cups~ -1.30   led   0/  0 h1.00 b0.00 lvl-0.13   - (nothing there)
frame    66 :  a single cup~ +0.94  a single cup +0.31  two cups -0.20  double cups -0.29  tableware -0.84  double cups~ -0.94   led   0/  0 h1.00 b0.00 lvl-0.17   - (nothing there)
frame    67 :  a single cup~ +0.52  a single cup +0.35  two cups +0.21  double cups +0.09  double cups~ -0.52  tableware -0.66   led   0/  0 h0.93 b0.00 lvl-0.00   - (nothing there)
frame    68 :  a single cup~ +0.54  a single cup +0.12  two cups -0.18  double cups -0.25  double cups~ -0.54  tableware -1.16   led   0/  0 h0.94 b0.00 lvl-0.25   - (nothing there)
frame    69 :  a single cup~ +0.59  a single cup +0.14  double cups -0.25  two cups -0.28  double cups~ -0.59  tableware -0.83   led   0/  0 h0.98 b0.00 lvl-0.20   - (nothing there)
frame    70 :  a single cup~ +0.49  a single cup +0.22  tableware +0.05  double cups -0.07  two cups -0.45  double cups~ -0.49   led   0/  0 h0.90 b0.04 lvl-0.04   - (nothing there)
frame    71 :  a single cup~ +2.02*  a single cup +0.46  tableware -0.57  two cups -0.88  double cups -0.91  double cups~ -2.02   led   0/  0 h1.00 b0.00 lvl-0.32   - (nothing there)
frame    72 :  a single cup~ +2.82*  a single cup +0.99  tableware -0.63  double cups -0.79  two cups -1.04  double cups~ -2.82   led   0/  0 h1.00 b0.00 lvl-0.24   - (nothing there)
frame    73 :  a single cup~ +3.33*  a single cup +1.20  tableware -0.46  double cups -0.89  two cups -1.34  double cups~ -3.33   led   0/  0 h1.00 b0.00 lvl-0.25   - (nothing there)
frame    74 :  a single cup~ +4.24*  a single cup +1.24*  tableware -1.41  double cups -1.53  two cups -2.09  double cups~ -4.24   led   0/  0 h1.00 b0.00 lvl-0.63   - (nothing there)
frame    75 :  a single cup~ +5.19*  a single cup +1.63*  tableware -1.58  double cups -1.72  two cups -2.41  double cups~ -5.19   led   0/  0 h1.00 b0.00 lvl-0.68   - (nothing there)
frame    76 :  a single cup~ +4.96*  a single cup +1.84*  double cups -1.25  tableware -1.43  two cups -2.13  double cups~ -4.96   led   0/  0 h1.00 b0.00 lvl-0.49   - (nothing there)
frame    77 :  a single cup~ +4.80*  a single cup +1.77*  double cups -1.21  tableware -1.30  two cups -2.03  double cups~ -4.80   led   0/  0 h1.00 b0.00 lvl-0.46   - (nothing there)
frame    78 :  a single cup~ +5.01*  a single cup +1.88*  double cups -1.23  tableware -1.47  two cups -2.13  double cups~ -5.01   led   0/  0 h1.00 b0.00 lvl-0.49   - (nothing there)
frame    79 :  a single cup~ +5.22*  a single cup +2.03*  double cups -1.17  tableware -1.19  two cups -1.85  double cups~ -5.22   led   0/  0 h1.00 b0.00 lvl-0.36   - (nothing there)
frame    80 :  a single cup~ +4.99*  a single cup +1.70*  double cups -1.46  tableware -1.65  two cups -2.12  double cups~ -4.99   led   0/  0 h1.00 b0.00 lvl-0.59   - (nothing there)
frame    81 :  a single cup~ +5.22*  a single cup +1.70*  double cups -1.65  tableware -1.76  two cups -2.11  double cups~ -5.22   led   0/  0 h1.00 b0.00 lvl-0.64   - (nothing there)
frame    82 :  a single cup~ +5.13*  a single cup +1.69*  double cups -1.59  tableware -1.80  two cups -1.81  double cups~ -5.13   led   0/  0 h1.00 b0.00 lvl-0.59   - (nothing there)
frame    83 :  a single cup~ +4.60*  a single cup +1.45*  double cups -1.51  two cups -1.66  tableware -1.94  double cups~ -4.60   led   0/  0 h1.00 b0.00 lvl-0.61   - (nothing there)
frame    84 :  a single cup~ +3.85*  a single cup +1.20  double cups -1.29  two cups -1.63  tableware -2.04  double cups~ -3.85   led   0/  0 h1.00 b0.00 lvl-0.63   - (nothing there)
frame    85 :  a single cup~ +2.81*  a single cup +0.34  double cups -1.70  two cups -1.91  tableware -2.22  double cups~ -2.81   led   0/  0 h1.00 b0.00 lvl-0.92   - (nothing there)
frame    86 :  a single cup~ +2.40*  a single cup +0.69  double cups -0.88  tableware -1.07  two cups -1.15  double cups~ -2.40   led   0/  0 h1.00 b0.00 lvl-0.40   - (nothing there)
frame    87 :  a single cup~ +1.23  a single cup -0.28  double cups~ -1.23  double cups -1.35  tableware -1.35  two cups -1.51   led   0/  0 h1.00 b0.00 lvl-0.75   - (nothing there)
frame    88 :  a single cup~ +1.22  a single cup +0.11  double cups -0.79  two cups -0.92  tableware -1.17  double cups~ -1.22   led   0/  0 h1.00 b0.00 lvl-0.46   - (nothing there)
frame    89 :  a single cup~ +1.07  a single cup +0.12  double cups -0.66  two cups -0.77  tableware -1.01  double cups~ -1.07   led   0/  0 h1.00 b0.00 lvl-0.39   - (nothing there)
frame    90 :  a single cup~ +0.73  a single cup -0.02  double cups -0.60  two cups -0.68  double cups~ -0.73  tableware -0.98   led   0/  0 h1.00 b0.00 lvl-0.38   - (nothing there)
frame    91 :  a single cup~ +0.80  a single cup -0.34  double cups~ -0.80  double cups -1.11  two cups -1.15  tableware -1.73   led   0/  0 h1.00 b0.00 lvl-0.72   - (nothing there)
frame    92 :  double cups~ +0.38  a single cup~ -0.38  a single cup -0.75  double cups -0.77  two cups -0.95  tableware -1.25   led   0/  0 h0.19 b0.00 lvl-0.62   - (nothing there)
frame    93 :  a single cup~ +0.09  double cups~ -0.09  a single cup -0.60  double cups -0.92  two cups -0.97  tableware -1.37   led   0/  0 h0.57 b0.00 lvl-0.64   - (nothing there)
frame    94 :  a single cup~ +0.01  double cups~ -0.01  a single cup -0.90  two cups -1.24  double cups -1.29  tableware -1.68   led   0/  0 h0.51 b0.00 lvl-0.85   - (nothing there)
frame    95 :  a single cup~ +0.66  a single cup -0.49  double cups~ -0.66  double cups -1.21  tableware -1.36  two cups -1.36   led   0/  0 h1.00 b0.00 lvl-0.74   - (nothing there)
frame    96 :  a single cup~ +0.46  double cups~ -0.46  a single cup -0.70  double cups -1.34  two cups -1.54  tableware -1.67   led   0/  0 h0.87 b0.00 lvl-0.87   - (nothing there)
frame    97 :  a single cup~ +1.00  a single cup -0.65  double cups~ -1.00  double cups -1.70  tableware -1.80  two cups -1.84   led   0/  0 h1.00 b0.00 lvl-1.00   - (nothing there)
frame    98 :  a single cup~ +2.73*  a single cup +0.71  double cups -1.11  two cups -1.24  tableware -1.27  double cups~ -2.73   led   0/  0 h1.00 b0.00 lvl-0.48   - (nothing there)
frame    99 :  a single cup~ +3.78*  a single cup +1.24*  tableware -1.00  double cups -1.18  two cups -1.35  double cups~ -3.78   led   0/  0 h1.00 b0.00 lvl-0.38   - (nothing there)
background: after 30 frames (frozen, room spread), this room reads  a single cup~ 0.022 +-0.0037 (COCO -0.016 +-0.0386)  double cups~ -0.022 +-0.0037 (COCO 0.016 +-0.0386)  a single cup -0.093 +-0.0046 (COCO -0.142 +-0.0335)  double cups -0.108 +-0.0033 (COCO -0.132 +-0.0316)  two cups -0.126 +-0.0034 (COCO -0.137 +-0.0328)  tableware -0.116 +-0.0044 (COCO -0.158 +-0.0450)
frame   100 :  a single cup~ +4.43*  a single cup +1.96*  double cups -0.67  tableware -0.79  two cups -1.16  double cups~ -4.43   led   0/  0 h1.00 b0.00 lvl-0.11   - (nothing there)
frame   101 :  a single cup~ +4.88*  a single cup +2.07*  tableware -0.85  double cups -0.86  two cups -1.45  double cups~ -4.88   led   0/  0 h1.00 b0.00 lvl-0.18   - (nothing there)
frame   102 :  a single cup~ +4.80*  a single cup +2.51*  double cups -0.17  tableware -0.22  two cups -1.00  double cups~ -4.80   led   0/  0 h1.00 b0.00 lvl+0.19   - (nothing there)
frame   103 :  a single cup~ +5.06*  a single cup +2.52*  tableware +0.16  double cups -0.36  two cups -1.50  double cups~ -5.06   led   3/  0 h1.00 b0.13 lvl+0.14   - (nothing there)
frame   104 :  a single cup~ +4.68*  a single cup +1.98*  tableware -0.13  double cups -0.83  two cups -2.22  double cups~ -4.68   led   0/  0 h1.00 b0.00 lvl-0.20   - (nothing there)
frame   105 :  a single cup~ +5.13*  a single cup +2.21*  tableware -0.17  double cups -0.84  two cups -2.14  double cups~ -5.13   led   0/  0 h1.00 b0.00 lvl-0.16   - (nothing there)
frame   106 :  a single cup~ +5.03*  a single cup +1.71*  tableware -1.02  double cups -1.48  two cups -2.54  double cups~ -5.03   led   0/  0 h1.00 b0.00 lvl-0.55   - (nothing there)
frame   107 :  a single cup~ +5.55*  a single cup +2.12*  tableware -0.56  double cups -1.30  two cups -2.52  double cups~ -5.55   led   0/  0 h1.00 b0.00 lvl-0.38   - (nothing there)
frame   108 :  a single cup~ +5.23*  a single cup +2.10*  tableware -0.60  double cups -1.08  two cups -2.23  double cups~ -5.23   led   0/  0 h1.00 b0.00 lvl-0.30   - (nothing there)
frame   109 :  a single cup~ +5.23*  a single cup +1.93*  tableware -0.79  double cups -1.32  two cups -2.25  double cups~ -5.23   led   0/  0 h1.00 b0.00 lvl-0.40   - (nothing there)
frame   110 :  a single cup~ +5.17*  a single cup +2.04*  tableware -0.81  double cups -1.11  two cups -2.14  double cups~ -5.17   led   0/  0 h1.00 b0.00 lvl-0.34   - (nothing there)
frame   111 :  a single cup~ +5.18*  a single cup +2.01*  tableware -0.77  double cups -1.17  two cups -2.30  double cups~ -5.18   led   0/  0 h1.00 b0.00 lvl-0.37   - (nothing there)
frame   112 :  a single cup~ +3.80*  a single cup +0.71  tableware -1.85  double cups -1.94  two cups -2.45  double cups~ -3.80   led   0/  0 h1.00 b0.00 lvl-0.92   - (nothing there)
frame   113 :  a single cup~ +2.27*  a single cup -0.33  double cups -2.23  tableware -2.25  double cups~ -2.27  two cups -2.55   led   0/  0 h1.00 b0.00 lvl-1.23   - (nothing there)
frame   114 :  a single cup~ +1.39*  a single cup -0.97  double cups~ -1.39  two cups -2.41  double cups -2.46  tableware -2.80   led   0/  0 h1.00 b0.00 lvl-1.44   - (nothing there)
frame   115 :  a single cup~ +1.31*  a single cup -0.90  double cups~ -1.31  double cups -2.29  two cups -2.41  tableware -2.84   led   0/  0 h1.00 b0.00 lvl-1.41   - (nothing there)
frame   116 :  a single cup~ +2.13*  a single cup +0.00  double cups -1.65  two cups -1.70  tableware -2.08  double cups~ -2.13   led   0/  0 h1.00 b0.00 lvl-0.90   - (nothing there)
frame   117 :  a single cup~ +2.77*  a single cup +0.44  double cups -1.53  two cups -1.61  tableware -1.86  double cups~ -2.77   led   0/  0 h1.00 b0.00 lvl-0.76   - (nothing there)
frame   118 :  a single cup~ +2.22*  a single cup +0.24  double cups -1.38  two cups -1.45  tableware -1.79  double cups~ -2.22   led   0/  0 h1.00 b0.00 lvl-0.73   - (nothing there)
frame   119 :  a single cup~ +2.26*  a single cup +0.43  double cups -1.14  two cups -1.35  tableware -1.43  double cups~ -2.26   led   0/  0 h1.00 b0.00 lvl-0.58   - (nothing there)
frame   120 :  a single cup~ +2.33*  a single cup +0.53  two cups -1.04  double cups -1.06  tableware -1.33  double cups~ -2.33   led   0/  0 h1.00 b0.00 lvl-0.48   - (nothing there)
frame   121 :  a single cup~ +1.66*  a single cup -0.06  two cups -1.14  double cups -1.37  tableware -1.53  double cups~ -1.66   led   0/  0 h1.00 b0.00 lvl-0.68   - (nothing there)
frame   122 :  a single cup~ +1.33*  a single cup -0.59  double cups~ -1.33  two cups -1.72  double cups -1.87  tableware -2.12   led   0/  0 h1.00 b0.00 lvl-1.05   - (nothing there)
frame   123 :  a single cup~ +1.63*  a single cup -0.45  two cups -1.53  double cups~ -1.63  double cups -1.90  tableware -2.08   led   0/  0 h1.00 b0.00 lvl-0.99   - (nothing there)
frame   124 :  a single cup~ +1.58*  a single cup -0.01  two cups -1.11  double cups -1.24  double cups~ -1.58  tableware -1.65   led   0/  0 h1.00 b0.00 lvl-0.67   - (nothing there)
frame   125 :  a single cup~ +2.31*  a single cup +0.62  two cups -0.72  double cups -0.91  tableware -1.50  double cups~ -2.31   led   0/  0 h1.00 b0.00 lvl-0.42   - (nothing there)
frame   126 :  a single cup~ +2.69*  a single cup +0.64  double cups -1.19  two cups -1.25  tableware -1.72  double cups~ -2.69   led   0/  0 h1.00 b0.00 lvl-0.59   - (nothing there)
frame   127 :  a single cup~ +3.16*  a single cup +0.68  two cups -1.47  double cups -1.49  tableware -2.12  double cups~ -3.16   led   0/  0 h1.00 b0.00 lvl-0.73   - (nothing there)
frame   128 :  a single cup~ +3.63*  a single cup +1.10  two cups -1.12  double cups -1.27  tableware -1.73  double cups~ -3.63   led   0/  0 h1.00 b0.00 lvl-0.50   - (nothing there)
frame   129 :  a single cup~ +3.51*  a single cup +1.14  two cups -0.99  double cups -1.11  tableware -1.55  double cups~ -3.51   led   0/  0 h1.00 b0.00 lvl-0.42   - (nothing there)
frame   130 :  a single cup~ +2.02*  a single cup +0.54  two cups -0.66  double cups -0.80  tableware -1.61  double cups~ -2.02   led   0/  0 h1.00 b0.00 lvl-0.42   - (nothing there)
frame   131 :  a single cup~ +1.32*  a single cup +0.03  two cups -0.81  double cups -0.98  double cups~ -1.32  tableware -1.93   led   0/  0 h1.00 b0.00 lvl-0.61   - (nothing there)
frame   132 :  a single cup~ +1.59*  a single cup +0.76  double cups -0.16  two cups -0.42  tableware -0.90  double cups~ -1.59   led   0/  0 h1.00 b0.00 lvl-0.12   - (nothing there)
frame   133 :  a single cup~ +1.31*  a single cup +0.99  double cups +0.40  two cups +0.02  tableware -0.54  double cups~ -1.31   led   0/  0 h1.00 b0.00 lvl+0.14   - (nothing there)
frame   134 :  a single cup~ +1.32*  a single cup +0.73  double cups +0.01  two cups -0.26  tableware -0.39  double cups~ -1.32   led   0/  0 h1.00 b0.00 lvl+0.01   - (nothing there)
frame   135 :  a single cup~ +1.10  a single cup +0.31  double cups -0.41  two cups -0.64  tableware -0.99  double cups~ -1.10   led   0/  0 h1.00 b0.00 lvl-0.29   - (nothing there)
frame   136 :  a single cup~ +0.53  a single cup +0.04  double cups -0.36  two cups -0.47  double cups~ -0.53  tableware -1.34   led   0/  0 h0.93 b0.00 lvl-0.36   - (nothing there)
frame   137 :  a single cup~ +0.31  a single cup +0.09  double cups -0.11  two cups -0.29  double cups~ -0.31  tableware -1.92   led   0/  0 h0.75 b0.00 lvl-0.37   - (nothing there)
frame   138 :  a single cup~ +0.82  a single cup +0.32  double cups -0.18  two cups -0.55  double cups~ -0.82  tableware -1.54   led   0/  0 h1.00 b0.00 lvl-0.32   - (nothing there)
frame   139 :  a single cup~ +1.16  a single cup +0.54  double cups -0.14  two cups -0.36  double cups~ -1.16  tableware -1.76   led   0/  0 h1.00 b0.00 lvl-0.29   - (nothing there)
frame   140 :  a single cup~ +1.71*  a single cup +0.55  double cups -0.55  two cups -0.92  double cups~ -1.71  tableware -1.74   led   0/  0 h1.00 b0.00 lvl-0.44   - (nothing there)
frame   141 :  a single cup~ +2.15*  a single cup +0.68  double cups -0.71  two cups -0.77  tableware -1.79  double cups~ -2.15   led   0/  0 h1.00 b0.00 lvl-0.43   - (nothing there)
frame   142 :  a single cup~ +2.28*  a single cup +0.77  two cups -0.55  double cups -0.68  tableware -1.42  double cups~ -2.28   led   0/  0 h1.00 b0.00 lvl-0.32   - (nothing there)
frame   143 :  a single cup~ +2.05*  a single cup +0.39  two cups -1.02  double cups -1.04  tableware -1.84  double cups~ -2.05   led   0/  0 h1.00 b0.00 lvl-0.59   - (nothing there)
frame   144 :  a single cup~ +2.31*  a single cup +0.21  two cups -1.41  double cups -1.50  tableware -2.15  double cups~ -2.31   led   0/  0 h1.00 b0.00 lvl-0.81   - (nothing there)
frame   145 :  a single cup~ +2.46*  a single cup +0.31  two cups -1.37  double cups -1.47  tableware -2.15  double cups~ -2.46   led   0/  0 h1.00 b0.00 lvl-0.78   - (nothing there)
frame   146 :  a single cup~ +2.18*  a single cup +0.08  double cups -1.57  two cups -1.69  double cups~ -2.18  tableware -2.23   led   0/  0 h1.00 b0.00 lvl-0.90   - (nothing there)
frame   147 :  a single cup~ +2.09*  a single cup +0.20  double cups -1.34  two cups -1.49  tableware -2.05  double cups~ -2.09   led   0/  0 h1.00 b0.00 lvl-0.78   - (nothing there)
frame   148 :  a single cup~ +2.36*  a single cup +0.35  double cups -1.33  two cups -1.55  tableware -2.17  double cups~ -2.36   led   0/  0 h1.00 b0.00 lvl-0.78   - (nothing there)
frame   149 :  a single cup~ +2.32*  a single cup +0.67  double cups -0.86  two cups -1.00  tableware -1.92  double cups~ -2.32   led   0/  0 h1.00 b0.00 lvl-0.52   - (nothing there)
frame   150 :  a single cup~ +2.29*  a single cup +0.84  double cups -0.59  two cups -0.73  tableware -1.73  double cups~ -2.29   led   0/  0 h1.00 b0.00 lvl-0.37   - (nothing there)
frame   151 :  a single cup~ +2.54*  a single cup +1.01  two cups -0.54  double cups -0.54  tableware -1.47  double cups~ -2.54   led   0/  0 h1.00 b0.00 lvl-0.26   - (nothing there)
frame   152 :  a single cup~ +2.51*  a single cup +1.29*  double cups -0.12  two cups -0.37  tableware -0.86  double cups~ -2.51   led   0/  0 h1.00 b0.00 lvl-0.01   - (nothing there)
frame   153 :  a single cup~ +2.74*  a single cup +1.12  double cups -0.54  two cups -0.63  tableware -1.10  double cups~ -2.74   led   0/  0 h1.00 b0.00 lvl-0.19   - (nothing there)
frame   154 :  a single cup~ +2.12*  a single cup +0.73  two cups -0.51  double cups -0.61  tableware -1.34  double cups~ -2.12   led   0/  0 h1.00 b0.00 lvl-0.29   - (nothing there)
frame   155 :  a single cup~ +1.88*  a single cup +0.34  double cups -0.98  two cups -1.08  double cups~ -1.88  tableware -2.17   led   0/  0 h1.00 b0.00 lvl-0.65   - (nothing there)
frame   156 :  a single cup~ +2.11*  a single cup +0.44  two cups -0.78  double cups -1.01  tableware -1.96  double cups~ -2.11   led   0/  0 h1.00 b0.00 lvl-0.55   - (nothing there)
frame   157 :  a single cup~ +2.40*  a single cup +0.91  double cups -0.57  two cups -0.57  tableware -1.65  double cups~ -2.40   led   0/  0 h1.00 b0.00 lvl-0.31   - (nothing there)
frame   158 :  a single cup~ +2.31*  a single cup +0.80  double cups -0.66  two cups -0.76  tableware -1.62  double cups~ -2.31   led   0/  0 h1.00 b0.00 lvl-0.37   - (nothing there)
frame   159 :  a single cup~ +2.10*  a single cup +0.76  double cups -0.54  two cups -0.64  tableware -1.35  double cups~ -2.10   led   0/  0 h1.00 b0.00 lvl-0.29   - (nothing there)
frame   160 :  a single cup~ +1.96*  a single cup +0.82  double cups -0.36  two cups -0.48  tableware -1.01  double cups~ -1.96   led   0/  0 h1.00 b0.00 lvl-0.17   - (nothing there)
frame   161 :  a single cup~ +1.41*  a single cup +0.57  double cups -0.29  two cups -0.41  double cups~ -1.41  tableware -1.79   led   0/  0 h1.00 b0.00 lvl-0.32   - (nothing there)
frame   162 :  a single cup~ +1.31*  a single cup +0.61  double cups -0.15  two cups -0.19  double cups~ -1.31  tableware -1.50   led   0/  0 h1.00 b0.00 lvl-0.21   - (nothing there)
frame   163 :  a single cup~ +1.95*  a single cup +0.91  two cups -0.13  double cups -0.22  tableware -1.33  double cups~ -1.95   led   0/  0 h1.00 b0.00 lvl-0.13   - (nothing there)
frame   164 :  a single cup~ +2.15*  a single cup +0.76  two cups -0.51  double cups -0.58  tableware -1.46  double cups~ -2.15   led   0/  0 h1.00 b0.00 lvl-0.30   - (nothing there)
frame   165 :  a single cup~ +1.80*  a single cup +0.72  two cups -0.30  double cups -0.38  tableware -1.39  double cups~ -1.80   led   0/  0 h1.00 b0.00 lvl-0.23   - (nothing there)
frame   166 :  a single cup~ +1.26*  a single cup +0.32  two cups -0.47  double cups -0.52  double cups~ -1.26  tableware -1.53   led   0/  0 h1.00 b0.00 lvl-0.37   - (nothing there)
frame   167 :  a single cup~ +1.79*  a single cup +0.77  two cups -0.17  double cups -0.30  tableware -1.27  double cups~ -1.79   led   0/  0 h1.00 b0.00 lvl-0.16   - (nothing there)
frame   168 :  a single cup~ +1.93*  a single cup +0.95  double cups -0.16  two cups -0.17  tableware -1.22  double cups~ -1.93   led   0/  0 h1.00 b0.00 lvl-0.10   - (nothing there)
frame   169 :  a single cup~ +1.41*  a single cup +0.62  double cups -0.22  two cups -0.22  tableware -1.11  double cups~ -1.41   led   0/  0 h1.00 b0.00 lvl-0.15   - (nothing there)
frame   170 :  a single cup~ +1.59*  a single cup +0.73  double cups -0.20  two cups -0.42  tableware -1.04  double cups~ -1.59   led   0/  0 h1.00 b0.00 lvl-0.15   - (nothing there)
frame   171 :  a single cup~ +1.75*  a single cup +0.67  double cups -0.41  two cups -0.50  tableware -1.20  double cups~ -1.75   led   0/  0 h1.00 b0.00 lvl-0.24   - (nothing there)
frame   172 :  a single cup~ +1.78*  a single cup +0.40  two cups -0.73  double cups -0.81  double cups~ -1.78  tableware -2.03   led   0/  0 h1.00 b0.00 lvl-0.53   - (nothing there)
frame   173 :  a single cup~ +1.55*  a single cup +0.23  two cups -0.76  double cups -0.88  double cups~ -1.55  tableware -2.22   led   0/  0 h1.00 b0.00 lvl-0.60   - (nothing there)
frame   174 :  a single cup~ +1.41*  a single cup +0.28  two cups -0.48  double cups -0.70  double cups~ -1.41  tableware -2.17   led   0/  0 h1.00 b0.00 lvl-0.51   - (nothing there)
frame   175 :  a single cup~ +0.88  a single cup -0.06  two cups -0.66  double cups -0.77  double cups~ -0.88  tableware -2.33   led   0/  0 h1.00 b0.00 lvl-0.64   - (nothing there)
frame   176 :  a single cup~ +1.05  a single cup +0.23  two cups -0.48  double cups -0.48  double cups~ -1.05  tableware -1.88   led   0/  0 h1.00 b0.00 lvl-0.43   - (nothing there)
frame   177 :  a single cup~ +1.21  a single cup +0.29  double cups -0.52  two cups -0.64  double cups~ -1.21  tableware -1.98   led   0/  0 h1.00 b0.00 lvl-0.48   - (nothing there)
frame   178 :  a single cup~ +1.38*  a single cup +0.33  two cups -0.55  double cups -0.60  double cups~ -1.38  tableware -1.80   led   0/  0 h1.00 b0.00 lvl-0.44   - (nothing there)
frame   179 :  a single cup~ +1.62*  a single cup +0.66  two cups -0.28  double cups -0.32  tableware -1.59  double cups~ -1.62   led   0/  0 h1.00 b0.00 lvl-0.25   - (nothing there)
frame   180 :  a single cup~ +2.23*  a single cup +0.75  double cups -0.67  two cups -0.90  tableware -1.72  double cups~ -2.23   led   0/  0 h1.00 b0.00 lvl-0.42   - (nothing there)
frame   181 :  a single cup~ +1.79*  a single cup +0.72  double cups -0.37  two cups -0.67  tableware -1.63  double cups~ -1.79   led   0/  0 h1.00 b0.00 lvl-0.33   - (nothing there)
frame   182 :  a single cup~ +1.95*  a single cup +0.45  double cups -0.87  two cups -1.04  tableware -1.83  double cups~ -1.95   led   0/  0 h1.00 b0.00 lvl-0.55   - (nothing there)
frame   183 :  a single cup~ +2.20*  a single cup +0.58  double cups -0.88  two cups -1.03  tableware -1.62  double cups~ -2.20   led   0/  0 h1.00 b0.00 lvl-0.49   - (nothing there)
frame   184 :  a single cup~ +2.57*  a single cup +0.53  two cups -1.20  double cups -1.24  tableware -2.37  double cups~ -2.57   led   0/  0 h1.00 b0.00 lvl-0.71   - (nothing there)
frame   185 :  a single cup~ +2.30*  a single cup +0.63  double cups -0.89  two cups -1.04  tableware -2.14  double cups~ -2.30   led   0/  0 h1.00 b0.00 lvl-0.57   - (nothing there)
frame   186 :  a single cup~ +2.49*  a single cup +0.62  double cups -1.05  two cups -1.06  tableware -1.98  double cups~ -2.49   led   0/  0 h1.00 b0.00 lvl-0.58   - (nothing there)
frame   187 :  a single cup~ +1.89*  a single cup +0.26  two cups -1.05  double cups -1.10  double cups~ -1.89  tableware -2.17   led   0/  0 h1.00 b0.00 lvl-0.68   - (nothing there)
frame   188 :  a single cup~ +2.32*  a single cup +0.42  two cups -1.02  double cups -1.20  tableware -2.10  double cups~ -2.32   led   0/  0 h1.00 b0.00 lvl-0.65   - (nothing there)
frame   189 :  a single cup~ +2.29*  a single cup +0.23  two cups -1.26  double cups -1.45  double cups~ -2.29  tableware -2.62   led   0/  0 h1.00 b0.00 lvl-0.85   - (nothing there)
frame   190 :  a single cup~ +2.55*  a single cup +0.58  double cups -1.16  two cups -1.26  tableware -1.93  double cups~ -2.55   led   0/  0 h1.00 b0.00 lvl-0.63   - (nothing there)
frame   191 :  a single cup~ +2.52*  a single cup +0.73  double cups -0.92  two cups -1.05  tableware -1.65  double cups~ -2.52   led   0/  0 h1.00 b0.00 lvl-0.48   - (nothing there)
frame   192 :  a single cup~ +2.21*  a single cup +0.45  double cups -1.08  two cups -1.20  tableware -1.93  double cups~ -2.21   led   0/  0 h1.00 b0.00 lvl-0.63   - (nothing there)
frame   193 :  a single cup~ +2.48*  a single cup +0.72  double cups -0.91  two cups -0.91  tableware -1.83  double cups~ -2.48   led   0/  0 h1.00 b0.00 lvl-0.49   - (nothing there)
frame   194 :  a single cup~ +2.56*  a single cup +0.66  double cups -1.05  two cups -1.07  tableware -2.01  double cups~ -2.56   led   0/  0 h1.00 b0.00 lvl-0.58   - (nothing there)
frame   195 :  a single cup~ +2.83*  a single cup +0.95  two cups -0.79  double cups -0.85  tableware -1.80  double cups~ -2.83   led   0/  0 h1.00 b0.00 lvl-0.42   - (nothing there)
frame   196 :  a single cup~ +1.87*  a single cup +0.47  two cups -0.72  double cups -0.79  double cups~ -1.87  tableware -1.92   led   0/  0 h1.00 b0.00 lvl-0.49   - (nothing there)
frame   197 :  a single cup~ +2.17*  a single cup +0.57  two cups -0.70  double cups -0.87  double cups~ -2.17  tableware -2.31   led   0/  0 h1.00 b0.00 lvl-0.55   - (nothing there)
frame   198 :  a single cup~ +1.69*  a single cup +0.25  two cups -0.69  double cups -0.96  double cups~ -1.69  tableware -2.31   led   0/  0 h1.00 b0.00 lvl-0.62   - (nothing there)
frame   199 :  a single cup~ +2.07*  a single cup +0.37  two cups -0.89  double cups -1.09  double cups~ -2.07  tableware -2.46   led   0/  0 h1.00 b0.00 lvl-0.68   - (nothing there)
background: after 30 frames (frozen, room spread), this room reads  a single cup~ 0.022 +-0.0037 (COCO -0.016 +-0.0386)  double cups~ -0.022 +-0.0037 (COCO 0.016 +-0.0386)  a single cup -0.093 +-0.0046 (COCO -0.142 +-0.0335)  double cups -0.108 +-0.0033 (COCO -0.132 +-0.0316)  two cups -0.126 +-0.0034 (COCO -0.137 +-0.0328)  tableware -0.116 +-0.0044 (COCO -0.158 +-0.0450)
frame   200 :  a single cup~ +1.81*  a single cup +0.19  two cups -1.01  double cups -1.13  double cups~ -1.81  tableware -2.69   led   0/  0 h1.00 b0.00 lvl-0.77   - (nothing there)
frame   201 :  a single cup~ +1.69*  a single cup -0.09  two cups -1.43  double cups -1.45  double cups~ -1.69  tableware -2.77   led   0/  0 h1.00 b0.00 lvl-0.96   - (nothing there)
frame   202 :  a single cup~ +1.66*  a single cup +0.37  double cups -0.76  two cups -0.80  double cups~ -1.66  tableware -2.19   led   0/  0 h1.00 b0.00 lvl-0.56   - (nothing there)
frame   203 :  a single cup~ +1.75*  a single cup +0.44  two cups -0.70  double cups -0.74  double cups~ -1.75  tableware -2.26   led   0/  0 h1.00 b0.00 lvl-0.54   - (nothing there)
frame   204 :  a single cup~ +1.66*  a single cup +0.45  double cups -0.64  two cups -0.74  double cups~ -1.66  tableware -2.16   led   0/  0 h1.00 b0.00 lvl-0.52   - (nothing there)
frame   205 :  a single cup~ +1.71*  a single cup +0.60  double cups -0.48  two cups -0.58  double cups~ -1.71  tableware -1.85   led   0/  0 h1.00 b0.00 lvl-0.39   - (nothing there)
frame   206 :  a single cup~ +1.96*  a single cup +0.85  double cups -0.31  two cups -0.39  tableware -1.58  double cups~ -1.96   led   0/  0 h1.00 b0.00 lvl-0.24   - (nothing there)
frame   207 :  a single cup~ +1.76*  a single cup +0.81  double cups -0.22  two cups -0.44  tableware -1.15  double cups~ -1.76   led   0/  0 h1.00 b0.00 lvl-0.17   - (nothing there)
frame   208 :  a single cup~ +2.33*  a single cup +1.01  double cups -0.37  two cups -0.54  tableware -0.95  double cups~ -2.33   led   0/  0 h1.00 b0.00 lvl-0.14   - (nothing there)
frame   209 :  a single cup~ +1.60*  a single cup +0.54  double cups -0.48  two cups -0.55  tableware -1.42  double cups~ -1.60   led   0/  0 h1.00 b0.00 lvl-0.32   - (nothing there)
frame   210 :  a single cup~ +1.47*  a single cup +0.35  two cups -0.53  double cups -0.65  double cups~ -1.47  tableware -1.69   led   0/  0 h1.00 b0.00 lvl-0.42   - (nothing there)
frame   211 :  a single cup~ +1.25*  a single cup +0.48  double cups -0.28  two cups -0.29  double cups~ -1.25  tableware -1.36   led   0/  0 h1.00 b0.00 lvl-0.24   - (nothing there)
frame   212 :  a single cup~ +1.36*  a single cup +0.58  double cups -0.23  two cups -0.32  double cups~ -1.36  tableware -1.55   led   0/  0 h1.00 b0.00 lvl-0.25   - (nothing there)
frame   213 :  a single cup~ +1.93*  a single cup +0.87  double cups -0.26  two cups -0.34  tableware -1.20  double cups~ -1.93   led   0/  0 h1.00 b0.00 lvl-0.16   - (nothing there)
frame   214 :  a single cup~ +1.56*  a single cup +0.73  double cups -0.18  two cups -0.34  tableware -1.47  double cups~ -1.56   led   0/  0 h1.00 b0.00 lvl-0.21   - (nothing there)
frame   215 :  a single cup~ +2.12*  a single cup +1.08  double cups -0.12  two cups -0.46  tableware -1.15  double cups~ -2.12   led   0/  0 h1.00 b0.00 lvl-0.11   - (nothing there)
frame   216 :  a single cup~ +2.29*  a single cup +1.22  double cups -0.05  two cups -0.25  tableware -1.25  double cups~ -2.29   led   0/  0 h1.00 b0.00 lvl-0.06   - (nothing there)
frame   217 :  a single cup~ +2.50*  a single cup +0.79  two cups -0.73  double cups -0.81  tableware -2.06  double cups~ -2.50   led   0/  0 h1.00 b0.00 lvl-0.47   - (nothing there)
frame   218 :  a single cup~ +3.36*  a single cup +1.32*  double cups -0.73  two cups -0.77  tableware -1.82  double cups~ -3.36   led   0/  0 h1.00 b0.00 lvl-0.33   - (nothing there)
frame   219 :  a single cup~ +3.80*  a single cup +1.62*  two cups -0.59  double cups -0.66  tableware -1.49  double cups~ -3.80   led   0/  0 h1.00 b0.00 lvl-0.19   - (nothing there)
frame   220 :  a single cup~ +4.56*  a single cup +1.84*  double cups -0.93  two cups -1.09  tableware -1.30  double cups~ -4.56   led   0/  0 h1.00 b0.00 lvl-0.25   - (nothing there)
frame   221 :  a single cup~ +4.22*  a single cup +2.01*  two cups -0.39  double cups -0.42  tableware -0.85  double cups~ -4.22   led   0/  0 h1.00 b0.00 lvl+0.06   - (nothing there)
frame   222 :  a single cup~ +4.95*  a single cup +2.27*  double cups -0.63  tableware -0.73  two cups -0.91  double cups~ -4.95   led   0/  0 h1.00 b0.00 lvl+0.00   - (nothing there)
frame   223 :  a single cup~ +5.03*  a single cup +2.10*  tableware -0.72  double cups -0.92  two cups -1.13  double cups~ -5.03   led   0/  0 h1.00 b0.00 lvl-0.11   - (nothing there)
frame   224 :  a single cup~ +4.38*  a single cup +1.95*  tableware -0.21  double cups -0.63  two cups -0.74  double cups~ -4.38   led   0/  0 h1.00 b0.00 lvl+0.06   - (nothing there)
frame   225 :  a single cup~ +4.11*  a single cup +2.05*  tableware +0.23  double cups -0.28  two cups -0.64  double cups~ -4.11   led   6/  0 h1.00 b0.19 lvl+0.23   - (nothing there)
frame   226 :  a single cup~ +3.94*  a single cup +1.75*  tableware -0.04  double cups -0.57  two cups -0.70  double cups~ -3.94   led   0/  0 h1.00 b0.00 lvl+0.07   - (nothing there)
frame   227 :  a single cup~ +3.95*  a single cup +1.87*  tableware +0.29  double cups -0.41  two cups -0.58  double cups~ -3.95   led  10/  0 h1.00 b0.23 lvl+0.19   - (nothing there)
frame   228 :  a single cup~ +3.56*  a single cup +1.78*  tableware -0.04  double cups -0.25  two cups -0.33  double cups~ -3.56   led   0/  0 h1.00 b0.00 lvl+0.19   - (nothing there)
frame   229 :  a single cup~ +3.94*  a single cup +1.82*  tableware +0.04  double cups -0.48  two cups -0.68  double cups~ -3.94   led   0/  0 h1.00 b0.03 lvl+0.12   - (nothing there)
frame   230 :  a single cup~ +4.02*  a single cup +1.95*  tableware -0.14  double cups -0.35  two cups -0.45  double cups~ -4.02   led   0/  0 h1.00 b0.00 lvl+0.17   - (nothing there)
frame   231 :  a single cup~ +3.55*  a single cup +1.95*  tableware +0.41  double cups +0.01  two cups -0.21  double cups~ -3.55   led  23/  0 h1.00 b0.34 lvl+0.36   - (nothing there)
frame   232 :  a single cup~ +3.50*  a single cup +1.89*  tableware +0.35  double cups -0.04  two cups -0.59  double cups~ -3.50   led  16/  0 h1.00 b0.29 lvl+0.27   - (nothing there)
frame   233 :  a single cup~ +3.46*  a single cup +1.86*  tableware +0.30  double cups -0.04  two cups -0.49  double cups~ -3.46   led  11/  0 h1.00 b0.24 lvl+0.27   - (nothing there)
frame   234 :  a single cup~ +3.09*  a single cup +1.34*  tableware +0.14  double cups -0.50  two cups -0.62  double cups~ -3.09   led   2/  0 h1.00 b0.11 lvl+0.06   - (nothing there)
frame   235 :  a single cup~ +3.09*  a single cup +1.54*  tableware +0.06  double cups -0.21  two cups -0.25  double cups~ -3.09   led   0/  0 h1.00 b0.05 lvl+0.19   - (nothing there)
frame   236 :  a single cup~ +3.97*  a single cup +1.46*  two cups -0.69  tableware -0.80  double cups -1.01  double cups~ -3.97   led   0/  0 h1.00 b0.00 lvl-0.17   - (nothing there)
frame   237 :  a single cup~ +4.33*  a single cup +1.63*  two cups -0.69  double cups -1.04  tableware -1.08  double cups~ -4.33   led   0/  0 h1.00 b0.00 lvl-0.20   - (nothing there)
frame   238 :  a single cup~ +3.55*  a single cup +1.00  two cups -1.07  double cups -1.34  tableware -1.49  double cups~ -3.55   led   0/  0 h1.00 b0.00 lvl-0.48   - (nothing there)
frame   239 :  a single cup~ +3.37*  a single cup +0.84  two cups -1.19  double cups -1.42  tableware -1.69  double cups~ -3.37   led   0/  0 h1.00 b0.00 lvl-0.58   - (nothing there)
frame   240 :  a single cup~ +3.30*  a single cup +0.60  two cups -1.61  double cups -1.71  tableware -2.28  double cups~ -3.30   led   0/  0 h1.00 b0.00 lvl-0.83   - (nothing there)
frame   241 :  a single cup~ +3.53*  a single cup +1.10  double cups -1.17  two cups -1.27  tableware -1.63  double cups~ -3.53   led   0/  0 h1.00 b0.00 lvl-0.49   - (nothing there)
frame   242 :  a single cup~ +3.70*  a single cup +1.10  double cups -1.31  two cups -1.58  tableware -1.82  double cups~ -3.70   led   0/  0 h1.00 b0.00 lvl-0.60   - (nothing there)
frame   243 :  a single cup~ +3.41*  a single cup +1.42*  double cups -0.64  tableware -0.90  two cups -1.09  double cups~ -3.41   led   0/  0 h1.00 b0.00 lvl-0.20   - (nothing there)
frame   244 :  a single cup~ +2.47*  a single cup +0.71  double cups -0.91  two cups -0.97  tableware -1.52  double cups~ -2.47   led   0/  0 h1.00 b0.00 lvl-0.45   - (nothing there)
frame   245 :  a single cup~ +1.54*  a single cup +0.21  two cups -0.75  double cups -0.90  double cups~ -1.54  tableware -1.73   led   0/  0 h1.00 b0.00 lvl-0.53   - (nothing there)
frame   246 :  a single cup~ +1.29*  a single cup +0.78  double cups +0.11  two cups +0.04  tableware -0.45  double cups~ -1.29   led   0/  0 h1.00 b0.00 lvl+0.08   - (nothing there)
frame   247 :  a single cup~ +2.35*  a single cup +1.29*  double cups +0.01  tableware -0.17  two cups -0.29  double cups~ -2.35   led   0/  0 h1.00 b0.00 lvl+0.14   - (nothing there)
frame   248 :  a single cup~ +2.65*  a single cup +1.55*  double cups +0.13  tableware +0.01  two cups -0.15  double cups~ -2.65   led   0/  0 h1.00 b0.01 lvl+0.26   - (nothing there)
frame   249 :  a single cup~ +2.90*  a single cup +1.72*  tableware +0.27  double cups +0.19  two cups -0.09  double cups~ -2.90   led   9/  0 h1.00 b0.22 lvl+0.35   - (nothing there)
frame   250 :  a single cup~ +3.07*  a single cup +2.05*  tableware +0.66  double cups +0.53  two cups +0.19  double cups~ -3.07   led  64/  0 h1.00 b0.53 lvl+0.57   - (nothing there)
frame   251 :  a single cup~ +3.20*  a single cup +2.02*  tableware +0.72  double cups +0.38  two cups +0.21  double cups~ -3.20   led  80/  0 h1.00 b0.59 lvl+0.56   - (nothing there)
frame   252 :  a single cup~ +3.23*  a single cup +2.16*  tableware +0.77  double cups +0.56  two cups +0.46  double cups~ -3.23   led  91/  0 h1.00 b0.63 lvl+0.66   - (nothing there)
frame   253 :  a single cup~ +3.73*  a single cup +2.42*  tableware +1.20  two cups +0.60  double cups +0.55  double cups~ -3.73   led 242/  0 h1.00 b0.98 lvl+0.80   - (nothing there)
frame   254 :  a single cup~ +3.40*  a single cup +2.04*  tableware +0.88  two cups +0.27  double cups +0.25  double cups~ -3.40   led 123/  0 h1.00 b0.72 lvl+0.57   - (nothing there)
frame   255 :  a single cup~ +2.92*  a single cup +1.69*  two cups +0.38  tableware +0.32  double cups +0.13  double cups~ -2.92   led  14/  0 h1.00 b0.26 lvl+0.42   - (nothing there)
frame   256 :  a single cup~ +3.04*  a single cup +1.74*  two cups +0.33  tableware +0.31  double cups +0.11  double cups~ -3.04   led  12/  0 h1.00 b0.25 lvl+0.42   - (nothing there)
frame   257 :  a single cup~ +2.61*  a single cup +1.59*  two cups +0.32  double cups +0.23  tableware +0.17  double cups~ -2.61   led   3/  0 h1.00 b0.14 lvl+0.39   - (nothing there)
frame   258 :  a single cup~ +2.67*  a single cup +1.88*  tableware +0.75  two cups +0.62  double cups +0.59  double cups~ -2.67   led  87/  0 h1.00 b0.61 lvl+0.64   - (nothing there)
frame   259 :  a single cup~ +2.05*  a single cup +1.50*  tableware +0.60  double cups +0.55  two cups +0.26  double cups~ -2.05   led  52/  0 h1.00 b0.48 lvl+0.49   - (nothing there)
frame   260 :  a single cup~ +2.28*  a single cup +1.34*  tableware +0.22  double cups +0.14  two cups -0.02  double cups~ -2.28   led   6/  0 h1.00 b0.18 lvl+0.28   - (nothing there)
frame   261 :  a single cup~ +2.05*  a single cup +1.37*  tableware +0.37  double cups +0.36  two cups +0.11  double cups~ -2.05   led  18/  0 h1.00 b0.30 lvl+0.37   - (nothing there)
frame   262 :  a single cup~ +2.37*  a single cup +1.39*  double cups +0.13  tableware -0.01  two cups -0.07  double cups~ -2.37   led   0/  0 h1.00 b0.00 lvl+0.24   - (nothing there)
frame   263 :  a single cup~ +2.95*  a single cup +1.55*  tableware +0.05  double cups -0.09  two cups -0.11  double cups~ -2.95   led   0/  0 h1.00 b0.04 lvl+0.23   - (nothing there)
frame   264 :  a single cup~ +3.72*  a single cup +2.13*  tableware +0.75  double cups +0.14  two cups +0.05  double cups~ -3.72   led  86/  0 h1.00 b0.61 lvl+0.51   - (nothing there)
frame   265 :  a single cup~ +3.75*  a single cup +2.02*  tableware +0.47  two cups +0.01  double cups -0.05  double cups~ -3.75   led  30/  0 h1.00 b0.38 lvl+0.41   - (nothing there)
frame   266 :  a single cup~ +3.85*  a single cup +1.85*  tableware +0.47  two cups -0.26  double cups -0.36  double cups~ -3.85   led  31/  0 h1.00 b0.39 lvl+0.28   - (nothing there)
frame   267 :  a single cup~ +3.68*  a single cup +2.04*  tableware +0.68  two cups +0.10  double cups +0.04  double cups~ -3.68   led  69/  0 h1.00 b0.55 lvl+0.48   - (nothing there)
frame   268 :  a single cup~ +3.91*  a single cup +2.09*  tableware +0.50  double cups -0.07  two cups -0.16  double cups~ -3.91   led  35/  0 h1.00 b0.40 lvl+0.39   - (nothing there)
frame   269 :  a single cup~ +3.65*  a single cup +2.10*  tableware +0.91  two cups +0.14  double cups +0.14  double cups~ -3.65   led 133/  0 h1.00 b0.74 lvl+0.55   - (nothing there)
frame   270 :  a single cup~ +3.65*  a single cup +1.96*  tableware +0.81  two cups -0.01  double cups -0.06  double cups~ -3.65   led 101/  0 h1.00 b0.66 lvl+0.45   - (nothing there)
frame   271 :  a single cup~ +3.24*  a single cup +1.83*  tableware +0.77  two cups +0.17  double cups +0.08  double cups~ -3.24   led  91/  0 h1.00 b0.63 lvl+0.47   - (nothing there)
frame   272 :  a single cup~ +3.28*  a single cup +2.06*  tableware +1.21  double cups +0.38  two cups +0.37  double cups~ -3.28   led 247/  0 h1.00 b0.99 lvl+0.67   - (nothing there)
frame   273 :  a single cup~ +2.44*  a single cup +1.82*  tableware +1.05  double cups +0.68  two cups +0.60  double cups~ -2.44   led 182/  0 h1.00 b0.86 lvl+0.69   - (nothing there)
frame   274 :  a single cup~ +2.69*  a single cup +1.96*  tableware +1.16  double cups +0.69  two cups +0.67  double cups~ -2.69   led 225/  0 h1.00 b0.95 lvl+0.75   - (nothing there)
frame   275 :  a single cup~ +3.02*  a single cup +1.97*  tableware +0.67  double cups +0.46  two cups +0.36  double cups~ -3.02   led  67/  0 h1.00 b0.55 lvl+0.58   - (nothing there)
frame   276 :  a single cup~ +3.21*  a single cup +2.43*  tableware +1.52*  double cups +0.97  two cups +0.91  double cups~ -3.21   led 255/  0 h1.00 b1.00 lvl+0.97   MATCH a single cup~ (cos 0.035, by 6.41)
frame   277 :  a single cup~ +3.16*  a single cup +2.44*  tableware +1.72*  double cups +1.01  two cups +0.92  double cups~ -3.16   led 255/  0 h1.00 b1.00 lvl+1.01   MATCH a single cup~ (cos 0.033, by 6.32)
frame   278 :  a single cup~ +3.08*  a single cup +2.14*  tableware +0.93  double cups +0.65  two cups +0.38  double cups~ -3.08   led 137/  0 h1.00 b0.75 lvl+0.68   - (nothing there)
frame   279 :  a single cup~ +2.58*  a single cup +1.90*  two cups +0.70  double cups +0.69  tableware +0.36  double cups~ -2.58   led  17/  0 h1.00 b0.29 lvl+0.61   - (nothing there)
frame   280 :  a single cup~ +2.37*  a single cup +1.79*  tableware +0.71  double cups +0.71  two cups +0.56  double cups~ -2.37   led  77/  0 h1.00 b0.58 lvl+0.63   - (nothing there)
frame   281 :  a single cup~ +2.35*  a single cup +1.99*  two cups +1.12  tableware +1.05  double cups +1.00  double cups~ -2.35   led 182/  0 h1.00 b0.86 lvl+0.86   - (nothing there)
frame   282 :  a single cup~ +2.91*  a single cup +2.32*  tableware +1.11  double cups +1.03  two cups +1.00  double cups~ -2.91   led 204/  0 h1.00 b0.90 lvl+0.91   - (nothing there)
frame   283 :  a single cup~ +3.32*  a single cup +2.03*  tableware +0.65  two cups +0.31  double cups +0.31  double cups~ -3.32   led  64/  0 h1.00 b0.53 lvl+0.55   - (nothing there)
frame   284 :  a single cup~ +3.46*  a single cup +2.34*  tableware +0.69  double cups +0.63  two cups +0.22  double cups~ -3.46   led  73/  0 h1.00 b0.57 lvl+0.65   - (nothing there)
frame   285 :  a single cup~ +4.49*  a single cup +2.69*  tableware +0.54  double cups +0.33  two cups -0.19  double cups~ -4.49   led  42/  0 h1.00 b0.44 lvl+0.56   - (nothing there)
frame   286 :  a single cup~ +5.19*  a single cup +2.90*  double cups +0.08  tableware -0.14  two cups -0.66  double cups~ -5.19   led   0/  0 h1.00 b0.00 lvl+0.36   - (nothing there)
frame   287 :  a single cup~ +6.32*  a single cup +3.77*  double cups +0.44  two cups -0.20  tableware -0.34  double cups~ -6.32   led   0/  0 h1.00 b0.00 lvl+0.61   - (nothing there)
frame   288 :  a single cup~ +5.77*  a single cup +4.06*  double cups +1.29*  two cups +0.36  tableware -0.39  double cups~ -5.77   led   0/  0 h1.00 b0.00 lvl+0.89   - (nothing there)
frame   289 :  a single cup~ +5.93*  a single cup +4.71*  double cups +2.09*  two cups +1.00  tableware -0.01  double cups~ -5.93   led   0/  0 h1.00 b0.00 lvl+1.30   - (nothing there)
frame   290 :  a single cup~ +5.56*  a single cup +4.58*  double cups +2.18*  two cups +0.72  tableware +0.06  double cups~ -5.56   led   0/  0 h1.00 b0.05 lvl+1.26   - (nothing there)
frame   291 :  a single cup~ +5.73*  a single cup +4.07*  double cups +1.33*  two cups +0.16  tableware +0.10  double cups~ -5.73   led   1/  0 h1.00 b0.08 lvl+0.94   - (nothing there)
frame   292 :  a single cup~ +5.62*  a single cup +4.11*  double cups +1.47*  tableware +0.46  two cups +0.01  double cups~ -5.62   led  29/  0 h1.00 b0.37 lvl+1.01   - (nothing there)
frame   293 :  a single cup~ +5.28*  a single cup +3.22*  double cups +0.47  tableware -0.30  two cups -0.80  double cups~ -5.28   led   0/  0 h1.00 b0.00 lvl+0.43   - (nothing there)
frame   294 :  a single cup~ +6.12*  a single cup +2.86*  double cups -0.69  tableware -1.15  two cups -1.51  double cups~ -6.12   led   0/  0 h1.00 b0.00 lvl-0.08   - (nothing there)
frame   295 :  a single cup~ +6.76*  a single cup +3.81*  double cups +0.15  two cups -0.67  tableware -0.74  double cups~ -6.76   led   0/  0 h1.00 b0.00 lvl+0.43   - (nothing there)
frame   296 :  a single cup~ +7.50*  a single cup +5.26*  double cups +1.64*  tableware +0.70  two cups +0.47  double cups~ -7.50   led  74/  0 h1.00 b0.57 lvl+1.34   - (nothing there)
frame   297 :  a single cup~ +8.77*  a single cup +7.59*  double cups +3.96*  tableware +3.13*  two cups +2.90*  double cups~ -8.77   led 255/  0 h1.00 b1.00 lvl+2.93   MATCH a single cup~ (cos 0.064, by 17.55)
frame   298 :  a single cup~ +8.56*  a single cup +7.65*  double cups +4.22*  tableware +3.38*  two cups +3.26*  double cups~ -8.56   led 255/  0 h1.00 b1.00 lvl+3.08   MATCH a single cup~ (cos 0.052, by 17.12)
frame   299 :  a single cup +7.39*  a single cup~ +6.77*  double cups +5.23*  two cups +4.82*  tableware +3.82*  double cups~ -6.77   led 255/  0 h1.00 b1.00 lvl+3.54   MATCH a single cup~ (cos 0.035, by 13.54)
background: after 30 frames (frozen, room spread), this room reads  a single cup~ 0.022 +-0.0037 (COCO -0.016 +-0.0386)  double cups~ -0.022 +-0.0037 (COCO 0.016 +-0.0386)  a single cup -0.093 +-0.0046 (COCO -0.142 +-0.0335)  double cups -0.108 +-0.0033 (COCO -0.132 +-0.0316)  two cups -0.126 +-0.0034 (COCO -0.137 +-0.0328)  tableware -0.116 +-0.0044 (COCO -0.158 +-0.0450)
frame   300 :  a single cup +6.74*  two cups +5.95*  double cups +5.73*  a single cup~ +4.94*  tableware +3.55*  double cups~ -4.94   led 255/  0 h1.00 b1.00 lvl+3.66   MATCH a single cup~ (cos 0.028, by 9.88)
frame   301 :  a single cup +6.31*  two cups +5.74*  a single cup~ +5.21*  double cups +4.92*  tableware +2.72*  double cups~ -5.21   led 255/  0 h1.00 b1.00 lvl+3.28   MATCH a single cup~ (cos 0.043, by 10.42)
frame   302 :  a single cup~ +6.02*  a single cup +5.90*  two cups +5.27*  double cups +3.70*  tableware +2.48*  double cups~ -6.02   led 255/  0 h1.00 b1.00 lvl+2.89   MATCH a single cup~ (cos 0.050, by 12.05)
frame   303 :  a single cup~ +5.64*  a single cup +5.26*  two cups +3.31*  double cups +3.08*  tableware +2.25*  double cups~ -5.64   led 255/  0 h1.00 b1.00 lvl+2.32   MATCH a single cup~ (cos 0.040, by 11.29)
frame   304 :  a single cup~ +4.19*  a single cup +3.35*  double cups +1.51*  two cups +0.98  tableware +0.04  double cups~ -4.19   led   0/  0 h1.00 b0.03 lvl+0.98   - (nothing there)
frame   305 :  a single cup~ +3.72*  a single cup +2.55*  double cups +0.73  two cups -0.03  tableware -0.46  double cups~ -3.72   led   0/  0 h1.00 b0.00 lvl+0.47   - (nothing there)
frame   306 :  a single cup~ +3.09*  a single cup +2.44*  double cups +1.07  two cups +0.18  tableware -0.92  double cups~ -3.09   led   0/  0 h1.00 b0.00 lvl+0.46   - (nothing there)
frame   307 :  a single cup~ +1.91*  a single cup +1.77*  double cups +1.04  two cups +0.05  tableware -1.03  double cups~ -1.91   led   0/  0 h1.00 b0.00 lvl+0.31   - (nothing there)
frame   308 :  a single cup~ +1.70*  a single cup +1.55*  double cups +0.88  two cups -0.40  double cups~ -1.70  tableware -1.73   led   0/  0 h1.00 b0.00 lvl+0.05   - (nothing there)
frame   309 :  a single cup +1.78*  double cups +1.65*  a single cup~ +1.13  two cups +0.19  double cups~ -1.13  tableware -1.56   led   0/  0 h1.00 b0.00 lvl+0.34   - (nothing there)
frame   310 :  a single cup +1.52*  double cups +1.29*  a single cup~ +1.11  two cups -0.20  double cups~ -1.11  tableware -1.79   led   0/  0 h1.00 b0.00 lvl+0.14   - (nothing there)
frame   311 :  a single cup +1.62*  double cups +1.42*  a single cup~ +1.14  two cups +0.04  double cups~ -1.14  tableware -1.76   led   0/  0 h1.00 b0.00 lvl+0.22   - (nothing there)
frame   312 :  double cups +1.35*  a single cup +1.35*  a single cup~ +0.73  two cups +0.11  double cups~ -0.73  tableware -2.20   led   0/  0 h1.00 b0.00 lvl+0.10   - (nothing there)
frame   313 :  double cups +1.64*  a single cup +1.59*  a single cup~ +0.78  two cups +0.27  double cups~ -0.78  tableware -2.21   led   0/  0 h1.00 b0.00 lvl+0.22   - (nothing there)
frame   314 :  a single cup +1.63*  double cups +1.39*  a single cup~ +1.18  two cups -0.03  double cups~ -1.18  tableware -2.40   led   0/  0 h1.00 b0.00 lvl+0.10   - (nothing there)
frame   315 :  a single cup +1.48*  double cups +1.47*  a single cup~ +0.81  two cups -0.01  double cups~ -0.81  tableware -2.42   led   0/  0 h1.00 b0.00 lvl+0.09   - (nothing there)
frame   316 :  a single cup +1.68*  a single cup~ +1.55*  double cups +1.18  two cups -0.19  double cups~ -1.55  tableware -2.19   led   0/  0 h1.00 b0.00 lvl+0.08   - (nothing there)
frame   317 :  a single cup~ +2.24*  a single cup +1.84*  double cups +0.87  two cups -0.70  tableware -1.92  double cups~ -2.24   led   0/  0 h1.00 b0.00 lvl+0.01   - (nothing there)
frame   318 :  a single cup~ +1.82*  a single cup +1.36*  double cups +0.51  two cups -0.87  double cups~ -1.82  tableware -2.33   led   0/  0 h1.00 b0.00 lvl-0.22   - (nothing there)
frame   319 :  a single cup~ +2.11*  a single cup +1.30*  double cups +0.21  two cups -1.11  double cups~ -2.11  tableware -2.83   led   0/  0 h1.00 b0.00 lvl-0.40   - (nothing there)
frame   320 :  a single cup~ +2.32*  a single cup +1.73*  double cups +0.66  two cups -0.57  tableware -2.03  double cups~ -2.32   led   0/  0 h1.00 b0.00 lvl-0.03   - (nothing there)
frame   321 :  a single cup~ +1.96*  a single cup +1.37*  double cups +0.42  two cups -0.86  double cups~ -1.96  tableware -2.37   led   0/  0 h1.00 b0.00 lvl-0.24   - (nothing there)
frame   322 :  a single cup~ +1.62*  a single cup +1.32*  double cups +0.61  two cups -0.59  double cups~ -1.62  tableware -2.70   led   0/  0 h1.00 b0.00 lvl-0.23   - (nothing there)
frame   323 :  a single cup +1.24*  a single cup~ +1.13  double cups +0.89  two cups -0.38  double cups~ -1.13  tableware -2.90   led   0/  0 h1.00 b0.00 lvl-0.19   - (nothing there)
frame   324 :  a single cup +1.25*  a single cup~ +1.05  double cups +0.97  two cups -0.23  double cups~ -1.05  tableware -3.02   led   0/  0 h1.00 b0.00 lvl-0.17   - (nothing there)
frame   325 :  a single cup +1.27*  a single cup~ +1.18  double cups +0.88  two cups -0.40  double cups~ -1.18  tableware -2.96   led   0/  0 h1.00 b0.00 lvl-0.20   - (nothing there)
frame   326 :  a single cup +1.33*  double cups +1.08  a single cup~ +1.04  two cups +0.23  double cups~ -1.04  tableware -2.86   led   0/  0 h1.00 b0.00 lvl-0.04   - (nothing there)
frame   327 :  a single cup +1.67*  double cups +1.45*  a single cup~ +1.19  two cups +0.50  double cups~ -1.19  tableware -2.51   led   0/  0 h1.00 b0.00 lvl+0.18   - (nothing there)
frame   328 :  a single cup~ +1.59*  a single cup +1.57*  double cups +0.99  two cups +0.11  double cups~ -1.59  tableware -2.50   led   0/  0 h1.00 b0.00 lvl+0.03   - (nothing there)
frame   329 :  a single cup~ +1.75*  a single cup +1.49*  double cups +0.76  two cups +0.29  double cups~ -1.75  tableware -2.49   led   0/  0 h1.00 b0.00 lvl+0.01   - (nothing there)
frame   330 :  a single cup +1.83*  a single cup~ +1.77*  double cups +1.22  two cups +0.42  double cups~ -1.77  tableware -2.01   led   0/  0 h1.00 b0.00 lvl+0.24   - (nothing there)
frame   331 :  a single cup +2.36*  double cups +2.03*  a single cup~ +1.71*  two cups +0.97  double cups~ -1.71  tableware -1.72   led   0/  0 h1.00 b0.00 lvl+0.61   - (nothing there)
frame   332 :  a single cup +1.90*  double cups +1.72*  a single cup~ +1.26*  two cups +0.58  double cups~ -1.26  tableware -2.49   led   0/  0 h1.00 b0.00 lvl+0.28   - (nothing there)
frame   333 :  a single cup +1.72*  double cups +1.51*  a single cup~ +1.20  two cups +0.45  double cups~ -1.20  tableware -2.29   led   0/  0 h1.00 b0.00 lvl+0.23   - (nothing there)
frame   334 :  double cups +1.88*  a single cup +1.81*  a single cup~ +0.88  two cups +0.76  double cups~ -0.88  tableware -2.40   led   0/  0 h1.00 b0.00 lvl+0.34   - (nothing there)
frame   335 :  a single cup +1.79*  double cups +1.66*  a single cup~ +1.13  two cups +0.46  double cups~ -1.13  tableware -2.27   led   0/  0 h1.00 b0.00 lvl+0.27   - (nothing there)
frame   336 :  double cups +1.45*  a single cup +1.45*  a single cup~ +0.78  two cups +0.18  double cups~ -0.78  tableware -2.51   led   0/  0 h1.00 b0.00 lvl+0.09   - (nothing there)
frame   337 :  a single cup +1.48*  double cups +1.20  a single cup~ +1.15  two cups +0.01  double cups~ -1.15  tableware -2.15   led   0/  0 h1.00 b0.00 lvl+0.09   - (nothing there)
frame   338 :  a single cup +1.49*  double cups +1.29*  a single cup~ +1.05  two cups +0.22  double cups~ -1.05  tableware -2.04   led   0/  0 h1.00 b0.00 lvl+0.16   - (nothing there)
frame   339 :  a single cup +1.48*  a single cup~ +1.27*  double cups +1.11  two cups +0.07  double cups~ -1.27  tableware -1.94   led   0/  0 h1.00 b0.00 lvl+0.12   - (nothing there)
frame   340 :  a single cup +2.01*  double cups +1.65*  a single cup~ +1.55*  two cups +0.53  tableware -1.54  double cups~ -1.55   led   0/  0 h1.00 b0.00 lvl+0.44   - (nothing there)
frame   341 :  a single cup~ +1.16  a single cup +1.00  double cups +0.53  two cups -0.39  double cups~ -1.16  tableware -2.67   led   0/  0 h1.00 b0.00 lvl-0.25   - (nothing there)
frame   342 :  a single cup +1.12  a single cup~ +1.05  double cups +0.78  two cups -0.51  double cups~ -1.05  tableware -2.54   led   0/  0 h1.00 b0.00 lvl-0.19   - (nothing there)
frame   343 :  a single cup +1.06  double cups +0.96  a single cup~ +0.70  two cups -0.45  double cups~ -0.70  tableware -2.39   led   0/  0 h1.00 b0.00 lvl-0.14   - (nothing there)
frame   344 :  a single cup +0.90  a single cup~ +0.81  double cups +0.65  two cups -0.56  double cups~ -0.81  tableware -2.41   led   0/  0 h1.00 b0.00 lvl-0.24   - (nothing there)
frame   345 :  a single cup~ +1.02  a single cup +0.85  double cups +0.41  two cups -0.60  double cups~ -1.02  tableware -2.56   led   0/  0 h1.00 b0.00 lvl-0.31   - (nothing there)
frame   346 :  a single cup~ +1.20  a single cup +0.59  double cups -0.10  two cups -1.00  double cups~ -1.20  tableware -3.21   led   0/  0 h1.00 b0.00 lvl-0.62   - (nothing there)
frame   347 :  a single cup~ +1.51*  a single cup +0.87  double cups +0.06  two cups -1.20  double cups~ -1.51  tableware -2.82   led   0/  0 h1.00 b0.00 lvl-0.51   - (nothing there)
frame   348 :  a single cup~ +1.34*  a single cup +0.92  double cups +0.27  two cups -1.06  double cups~ -1.34  tableware -2.58   led   0/  0 h1.00 b0.00 lvl-0.41   - (nothing there)
frame   349 :  a single cup~ +2.12*  a single cup +1.49*  double cups +0.47  two cups -1.12  double cups~ -2.12  tableware -2.33   led   0/  0 h1.00 b0.00 lvl-0.25   - (nothing there)
frame   350 :  a single cup~ +3.24*  a single cup +2.75*  double cups +1.39*  two cups -0.09  tableware -0.84  double cups~ -3.24   led   0/  0 h1.00 b0.00 lvl+0.53   - (nothing there)
frame   351 :  a single cup +3.88*  a single cup~ +3.35*  double cups +2.90*  two cups +1.53*  tableware +0.71  double cups~ -3.35   led  76/  0 h1.00 b0.58 lvl+1.50   - (nothing there)
frame   352 :  a single cup +4.50*  a single cup~ +3.78*  double cups +3.45*  two cups +2.16*  tableware +1.65*  double cups~ -3.78   led 255/  0 h1.00 b1.00 lvl+1.96   MATCH a single cup~ (cos 0.039, by 7.57)
frame   353 :  a single cup +4.70*  a single cup~ +4.40*  double cups +3.25*  two cups +2.29*  tableware +1.93*  double cups~ -4.40   led 255/  0 h1.00 b1.00 lvl+2.03   MATCH a single cup~ (cos 0.043, by 8.80)
frame   354 :  a single cup~ +4.13*  a single cup +3.89*  two cups +2.96*  double cups +2.31*  tableware +0.83  double cups~ -4.13   led 107/  0 h1.00 b0.67 lvl+1.67   - (nothing there)
frame   355 :  a single cup +3.88*  a single cup~ +3.76*  two cups +3.45*  double cups +2.59*  tableware +0.89  double cups~ -3.76   led 124/  0 h1.00 b0.72 lvl+1.80   - (nothing there)
frame   356 :  a single cup +4.30*  two cups +4.14*  a single cup~ +3.51*  double cups +3.38*  tableware +1.27*  double cups~ -3.51   led 255/  0 h1.00 b1.00 lvl+2.18   MATCH a single cup~ (cos 0.033, by 7.03)
frame   357 :  a single cup +4.37*  a single cup~ +4.11*  two cups +3.50*  double cups +3.01*  tableware +1.05  double cups~ -4.11   led 179/  0 h1.00 b0.85 lvl+1.99   - (nothing there)
frame   358 :  a single cup +4.34*  double cups +3.49*  a single cup~ +3.44*  two cups +3.09*  tableware +1.67*  double cups~ -3.44   led 255/  0 h1.00 b1.00 lvl+2.10   MATCH a single cup~ (cos 0.030, by 6.88)
frame   359 :  a single cup +3.73*  double cups +3.24*  two cups +2.70*  a single cup~ +2.65*  tableware +1.66*  double cups~ -2.65   led 255/  0 h1.00 b1.00 lvl+1.89   MATCH a single cup~ (cos 0.026, by 5.29)
frame   360 :  a single cup +4.81*  a single cup~ +4.01*  double cups +3.71*  two cups +3.01*  tableware +2.64*  double cups~ -4.01   led 255/  0 h1.00 b1.00 lvl+2.36   MATCH a single cup~ (cos 0.046, by 8.02)
frame   361 :  a single cup~ +4.84*  a single cup +4.45*  tableware +2.89*  double cups +2.56*  two cups +1.19  double cups~ -4.84   led 255/  0 h1.00 b1.00 lvl+1.85   MATCH a single cup~ (cos 0.046, by 9.68)
frame   362 :  a single cup +3.16*  a single cup~ +2.82*  double cups +2.30*  tableware +2.07*  two cups +0.17  double cups~ -2.82   led 255/  0 h1.00 b1.00 lvl+1.28   MATCH a single cup~ (cos 0.018, by 5.64)
frame   363 :  a single cup +2.74*  a single cup~ +2.36*  double cups +2.06*  tableware +1.45*  two cups -0.62  double cups~ -2.36   led 255/  0 h1.00 b1.00 lvl+0.94   MATCH a single cup~ (cos 0.027, by 4.71)
frame   364 :  a single cup +2.32*  a single cup~ +2.01*  double cups +1.74*  tableware +0.55  two cups -1.27  double cups~ -2.01   led  44/  0 h1.00 b0.45 lvl+0.56   - (nothing there)
frame   365 :  a single cup~ +2.09*  a single cup +1.95*  double cups +1.14  tableware +0.27  two cups -2.00  double cups~ -2.09   led   9/  0 h1.00 b0.22 lvl+0.23   - (nothing there)
frame   366 :  a single cup~ +1.76*  a single cup +1.67*  double cups +1.00  tableware -0.05  double cups~ -1.76  two cups -2.19   led   0/  0 h1.00 b0.00 lvl+0.07   - (nothing there)
frame   367 :  a single cup~ +2.63*  a single cup +2.53*  double cups +1.55*  tableware +1.41*  two cups -1.57  double cups~ -2.63   led 255/  0 h1.00 b1.00 lvl+0.65   MATCH a single cup~ (cos 0.038, by 5.26)
frame   368 :  a single cup~ +3.42*  a single cup +2.22*  tableware +0.64  double cups +0.49  two cups -1.51  double cups~ -3.42   led  61/  0 h1.00 b0.52 lvl+0.31   - (nothing there)
frame   369 :  a single cup~ +2.73*  a single cup +1.91*  double cups +0.59  tableware +0.22  two cups -0.46  double cups~ -2.73   led   6/  0 h1.00 b0.18 lvl+0.38   - (nothing there)
frame   370 :  a single cup~ +3.35*  a single cup +2.02*  double cups +0.27  two cups -0.06  tableware -0.50  double cups~ -3.35   led   0/  0 h1.00 b0.00 lvl+0.29   - (nothing there)
frame   371 :  a single cup~ +2.55*  a single cup +2.50*  double cups +1.56*  two cups +1.05  tableware -0.48  double cups~ -2.55   led   0/  0 h1.00 b0.00 lvl+0.77   - (nothing there)
frame   372 :  a single cup~ +3.31*  a single cup +2.88*  double cups +1.52*  two cups +1.20  tableware -0.64  double cups~ -3.31   led   0/  0 h1.00 b0.00 lvl+0.83   - (nothing there)
frame   373 :  a single cup~ +2.92*  a single cup +2.89*  double cups +1.84*  two cups +1.73*  tableware -0.47  double cups~ -2.92   led   0/  0 h1.00 b0.00 lvl+1.00   - (nothing there)
frame   374 :  a single cup +3.68*  double cups +3.13*  a single cup~ +2.69*  two cups +2.37*  tableware +0.23  double cups~ -2.69   led   6/  0 h1.00 b0.19 lvl+1.57   - (nothing there)
frame   375 :  a single cup +3.81*  a single cup~ +3.08*  double cups +3.02*  two cups +1.97*  tableware +0.66  double cups~ -3.08   led  64/  0 h1.00 b0.53 lvl+1.57   - (nothing there)
frame   376 :  a single cup +2.51*  a single cup~ +2.19*  double cups +1.86*  two cups +0.20  tableware -1.15  double cups~ -2.19   led   0/  0 h1.00 b0.00 lvl+0.57   - (nothing there)
frame   377 :  a single cup +1.79*  a single cup~ +1.66*  double cups +1.25*  two cups -0.70  double cups~ -1.66  tableware -2.04   led   0/  0 h1.00 b0.00 lvl+0.05   - (nothing there)
frame   378 :  double cups +1.94*  a single cup +1.74*  a single cup~ +0.68  two cups -0.03  double cups~ -0.68  tableware -1.11   led   0/  0 h1.00 b0.00 lvl+0.42   - (nothing there)
frame   379 :  double cups +1.94*  a single cup +1.22  two cups +0.40  double cups~ +0.27  a single cup~ -0.27  tableware -0.94   led   0/  0 h0.28 b0.00 lvl+0.44   - (nothing there)
frame   380 :  double cups +2.07*  double cups~ +1.18  a single cup +0.81  two cups +0.50  tableware -0.20  a single cup~ -1.18   led   0/  0 h0.00 b0.00 lvl+0.53   - (nothing there)
frame   381 :  double cups~ +1.95*  double cups +1.76*  two cups +0.21  a single cup +0.17  tableware -0.67  a single cup~ -1.95   led   0/  0 h0.00 b0.00 lvl+0.24   - (nothing there)
frame   382 :  double cups~ +2.92*  double cups +1.22  two cups -0.06  a single cup -0.74  tableware -0.89  a single cup~ -2.92   led   0/  0 h0.00 b0.00 lvl-0.08   - (nothing there)
frame   383 :  double cups~ +3.11*  double cups +1.30*  two cups +0.19  a single cup -0.78  tableware -0.85  a single cup~ -3.11   led   0/  0 h0.00 b0.00 lvl-0.02   - (nothing there)
frame   384 :  double cups~ +3.03*  double cups +1.24*  two cups +0.00  a single cup -0.79  tableware -0.93  a single cup~ -3.03   led   0/  0 h0.00 b0.00 lvl-0.08   - (nothing there)
frame   385 :  double cups~ +3.15*  double cups +1.35*  two cups +0.29  a single cup -0.78  tableware -0.87  a single cup~ -3.15   led   0/  0 h0.00 b0.00 lvl-0.00   - (nothing there)
frame   386 :  double cups~ +3.69*  double cups +1.43*  two cups +0.31  a single cup -1.01  tableware -1.33  a single cup~ -3.69   led   0/  0 h0.00 b0.00 lvl-0.10   - (nothing there)
frame   387 :  double cups~ +3.89*  double cups +1.60*  two cups +0.53  a single cup -1.00  tableware -1.03  a single cup~ -3.89   led   0/  0 h0.00 b0.00 lvl+0.02   - (nothing there)
frame   388 :  double cups~ +3.81*  double cups +1.02  two cups -0.28  tableware -1.04  a single cup -1.37  a single cup~ -3.81   led   0/  0 h0.00 b0.00 lvl-0.28   - (nothing there)
frame   389 :  double cups~ +3.64*  double cups +0.92  two cups -0.30  a single cup -1.35  tableware -1.55  a single cup~ -3.64   led   0/  0 h0.00 b0.00 lvl-0.38   - (nothing there)
frame   390 :  double cups~ +3.80*  double cups +1.17  two cups -0.28  tableware -1.08  a single cup -1.26  a single cup~ -3.80   led   0/  0 h0.00 b0.00 lvl-0.24   - (nothing there)
frame   391 :  double cups~ +3.74*  double cups +1.54*  two cups -0.02  tableware -0.87  a single cup -0.96  a single cup~ -3.74   led   0/  0 h0.00 b0.00 lvl-0.05   - (nothing there)
frame   392 :  double cups~ +3.76*  double cups +1.14  two cups -0.32  a single cup -1.25  tableware -1.52  a single cup~ -3.76   led   0/  0 h0.00 b0.00 lvl-0.32   - (nothing there)
frame   393 :  double cups~ +3.01*  double cups +1.59*  two cups +0.08  a single cup -0.53  tableware -0.85  a single cup~ -3.01   led   0/  0 h0.00 b0.00 lvl+0.05   - (nothing there)
frame   394 :  double cups~ +2.87*  double cups +1.46*  two cups +0.08  a single cup -0.54  tableware -0.71  a single cup~ -2.87   led   0/  0 h0.00 b0.00 lvl+0.05   - (nothing there)
frame   395 :  double cups~ +2.67*  double cups +1.80*  two cups +0.68  a single cup -0.19  tableware -0.62  a single cup~ -2.67   led   0/  0 h0.00 b0.00 lvl+0.28   - (nothing there)
frame   396 :  double cups~ +2.36*  double cups +1.92*  two cups +0.80  a single cup +0.06  tableware -0.54  a single cup~ -2.36   led   0/  0 h0.00 b0.00 lvl+0.37   - (nothing there)
frame   397 :  double cups~ +2.71*  double cups +2.38*  two cups +1.35*  a single cup +0.19  tableware -0.40  a single cup~ -2.71   led   0/  0 h0.00 b0.00 lvl+0.59   - (nothing there)
frame   398 :  double cups~ +2.34*  double cups +2.15*  two cups +0.90  a single cup +0.24  tableware -0.74  a single cup~ -2.34   led   0/  0 h0.00 b0.00 lvl+0.42   - (nothing there)
frame   399 :  double cups~ +2.36*  double cups +1.85*  two cups +0.82  a single cup +0.02  tableware -0.89  a single cup~ -2.36   led   0/  0 h0.00 b0.00 lvl+0.30   - (nothing there)
background: after 30 frames (frozen, room spread), this room reads  a single cup~ 0.022 +-0.0037 (COCO -0.016 +-0.0386)  double cups~ -0.022 +-0.0037 (COCO 0.016 +-0.0386)  a single cup -0.093 +-0.0046 (COCO -0.142 +-0.0335)  double cups -0.108 +-0.0033 (COCO -0.132 +-0.0316)  two cups -0.126 +-0.0034 (COCO -0.137 +-0.0328)  tableware -0.116 +-0.0044 (COCO -0.158 +-0.0450)
frame   400 :  double cups~ +2.45*  double cups +1.91*  two cups +0.91  a single cup +0.01  tableware -0.92  a single cup~ -2.45   led   0/  0 h0.00 b0.00 lvl+0.32   - (nothing there)
frame   401 :  double cups~ +2.27*  double cups +1.66*  two cups +0.65  a single cup -0.07  tableware -0.98  a single cup~ -2.27   led   0/  0 h0.00 b0.00 lvl+0.21   - (nothing there)
frame   402 :  double cups~ +2.06*  double cups +1.69*  two cups +0.70  a single cup +0.06  tableware -0.94  a single cup~ -2.06   led   0/  0 h0.00 b0.00 lvl+0.25   - (nothing there)
frame   403 :  double cups~ +1.49*  double cups +1.25*  two cups +0.42  a single cup +0.07  tableware -1.30  a single cup~ -1.49   led   0/  0 h0.00 b0.00 lvl+0.07   - (nothing there)
frame   404 :  double cups~ +2.03*  double cups +1.84*  two cups +0.72  a single cup +0.19  tableware -0.29  a single cup~ -2.03   led   0/  0 h0.00 b0.00 lvl+0.41   - (nothing there)
frame   405 :  double cups~ +1.89*  double cups +1.86*  two cups +0.87  a single cup +0.28  tableware -0.63  a single cup~ -1.89   led   0/  0 h0.00 b0.00 lvl+0.40   - (nothing there)
frame   406 :  double cups~ +2.00*  double cups +1.59*  two cups +0.72  a single cup +0.03  tableware -0.36  a single cup~ -2.00   led   0/  0 h0.00 b0.00 lvl+0.33   - (nothing there)
frame   407 :  double cups~ +2.40*  double cups +1.49*  two cups +0.80  a single cup -0.26  tableware -0.92  a single cup~ -2.40   led   0/  0 h0.00 b0.00 lvl+0.19   - (nothing there)
frame   408 :  double cups~ +2.06*  double cups +1.35*  two cups +0.36  a single cup -0.18  tableware -1.04  a single cup~ -2.06   led   0/  0 h0.00 b0.00 lvl+0.08   - (nothing there)
frame   409 :  double cups~ +2.49*  double cups +1.24*  two cups +0.16  a single cup -0.49  tableware -1.45  a single cup~ -2.49   led   0/  0 h0.00 b0.00 lvl-0.09   - (nothing there)
frame   410 :  double cups~ +2.44*  double cups +0.96  two cups +0.04  a single cup -0.66  tableware -1.75  a single cup~ -2.44   led   0/  0 h0.00 b0.00 lvl-0.24   - (nothing there)
frame   411 :  double cups~ +2.36*  double cups +0.99  two cups +0.23  a single cup -0.59  tableware -1.48  a single cup~ -2.36   led   0/  0 h0.00 b0.00 lvl-0.14   - (nothing there)
frame   412 :  double cups~ +2.53*  double cups +1.08  two cups +0.35  a single cup -0.62  tableware -1.79  a single cup~ -2.53   led   0/  0 h0.00 b0.00 lvl-0.16   - (nothing there)
frame   413 :  double cups~ +2.14*  double cups +0.74  two cups +0.02  a single cup -0.65  tableware -1.81  a single cup~ -2.14   led   0/  0 h0.00 b0.00 lvl-0.28   - (nothing there)
frame   414 :  double cups~ +2.18*  double cups +1.09  two cups +0.26  a single cup -0.42  tableware -1.34  a single cup~ -2.18   led   0/  0 h0.00 b0.00 lvl-0.07   - (nothing there)
frame   415 :  double cups~ +2.23*  double cups +1.59*  two cups +0.54  a single cup -0.10  tableware -0.88  a single cup~ -2.23   led   0/  0 h0.00 b0.00 lvl+0.19   - (nothing there)
frame   416 :  double cups~ +2.04*  double cups +1.39*  two cups +0.41  a single cup -0.14  tableware -0.92  a single cup~ -2.04   led   0/  0 h0.00 b0.00 lvl+0.12   - (nothing there)
frame   417 :  double cups~ +2.14*  double cups +1.98*  two cups +0.87  a single cup +0.23  tableware -0.93  a single cup~ -2.14   led   0/  0 h0.00 b0.00 lvl+0.36   - (nothing there)
frame   418 :  double cups~ +2.36*  double cups +1.81*  two cups +0.57  a single cup -0.02  tableware -1.16  a single cup~ -2.36   led   0/  0 h0.00 b0.00 lvl+0.20   - (nothing there)
frame   419 :  double cups~ +2.90*  double cups +1.78*  two cups +0.61  a single cup -0.33  tableware -1.24  a single cup~ -2.90   led   0/  0 h0.00 b0.00 lvl+0.14   - (nothing there)
frame   420 :  double cups~ +2.80*  double cups +1.48*  two cups +0.36  a single cup -0.49  tableware -1.17  a single cup~ -2.80   led   0/  0 h0.00 b0.00 lvl+0.03   - (nothing there)
frame   421 :  double cups~ +2.85*  double cups +1.53*  two cups +0.42  a single cup -0.48  tableware -1.19  a single cup~ -2.85   led   0/  0 h0.00 b0.00 lvl+0.05   - (nothing there)
frame   422 :  double cups~ +2.92*  double cups +1.44*  two cups +0.15  a single cup -0.58  tableware -1.52  a single cup~ -2.92   led   0/  0 h0.00 b0.00 lvl-0.09   - (nothing there)
frame   423 :  double cups~ +2.59*  double cups +1.64*  two cups +0.55  a single cup -0.26  tableware -1.20  a single cup~ -2.59   led   0/  0 h0.00 b0.00 lvl+0.12   - (nothing there)
frame   424 :  double cups~ +2.46*  double cups +1.52*  two cups +0.42  a single cup -0.27  tableware -1.39  a single cup~ -2.46   led   0/  0 h0.00 b0.00 lvl+0.05   - (nothing there)
frame   425 :  double cups~ +1.96*  double cups +1.81*  two cups +0.58  a single cup +0.21  tableware -0.95  a single cup~ -1.96   led   0/  0 h0.00 b0.00 lvl+0.28   - (nothing there)
frame   426 :  double cups~ +2.33*  double cups +1.93*  two cups +0.90  a single cup +0.08  tableware -1.06  a single cup~ -2.33   led   0/  0 h0.00 b0.00 lvl+0.31   - (nothing there)
frame   427 :  double cups~ +2.28*  double cups +1.74*  two cups +0.50  a single cup -0.02  tableware -0.76  a single cup~ -2.28   led   0/  0 h0.00 b0.00 lvl+0.24   - (nothing there)
frame   428 :  double cups~ +2.44*  double cups +2.16*  two cups +0.86  a single cup +0.19  tableware -0.62  a single cup~ -2.44   led   0/  0 h0.00 b0.00 lvl+0.43   - (nothing there)
frame   429 :  double cups~ +2.55*  double cups +1.66*  two cups +0.46  a single cup -0.23  tableware -1.29  a single cup~ -2.55   led   0/  0 h0.00 b0.00 lvl+0.10   - (nothing there)
frame   430 :  double cups~ +2.70*  double cups +1.34*  two cups +0.27  a single cup -0.53  tableware -1.36  a single cup~ -2.70   led   0/  0 h0.00 b0.00 lvl-0.05   - (nothing there)
frame   431 :  double cups~ +2.23*  double cups +1.51*  two cups +0.55  a single cup -0.16  tableware -1.09  a single cup~ -2.23   led   0/  0 h0.00 b0.00 lvl+0.13   - (nothing there)
frame   432 :  double cups +1.86*  double cups~ +1.58*  two cups +0.89  a single cup +0.45  tableware -0.73  a single cup~ -1.58   led   0/  0 h0.00 b0.00 lvl+0.41   - (nothing there)
frame   433 :  double cups~ +2.22*  double cups +2.06*  two cups +1.36*  a single cup +0.24  tableware -0.71  a single cup~ -2.22   led   0/  0 h0.00 b0.00 lvl+0.49   - (nothing there)
frame   434 :  double cups~ +2.37*  double cups +1.74*  two cups +0.91  a single cup -0.07  tableware -1.17  a single cup~ -2.37   led   0/  0 h0.00 b0.00 lvl+0.23   - (nothing there)
frame   435 :  double cups~ +2.24*  double cups +1.48*  two cups +0.59  a single cup -0.18  tableware -1.67  a single cup~ -2.24   led   0/  0 h0.00 b0.00 lvl+0.04   - (nothing there)
frame   436 :  double cups~ +2.43*  double cups +1.81*  two cups +0.95  a single cup -0.05  tableware -1.40  a single cup~ -2.43   led   0/  0 h0.00 b0.00 lvl+0.22   - (nothing there)
frame   437 :  double cups +2.32*  double cups~ +2.19*  two cups +1.30*  a single cup +0.44  tableware -1.20  a single cup~ -2.19   led   0/  0 h0.00 b0.00 lvl+0.48   - (nothing there)
frame   438 :  double cups~ +2.30*  double cups +1.94*  two cups +0.93  a single cup +0.11  tableware -1.33  a single cup~ -2.30   led   0/  0 h0.00 b0.00 lvl+0.27   - (nothing there)
frame   439 :  double cups +2.00*  double cups~ +1.84*  two cups +1.08  a single cup +0.41  tableware -0.65  a single cup~ -1.84   led   0/  0 h0.00 b0.00 lvl+0.47   - (nothing there)
frame   440 :  double cups~ +2.18*  double cups +1.86*  two cups +1.03  a single cup +0.12  tableware -0.86  a single cup~ -2.18   led   0/  0 h0.00 b0.00 lvl+0.36   - (nothing there)
frame   441 :  double cups +1.75*  double cups~ +1.73*  two cups +0.88  a single cup +0.29  tableware -0.42  a single cup~ -1.73   led   0/  0 h0.00 b0.00 lvl+0.42   - (nothing there)
frame   442 :  double cups~ +1.80*  double cups +1.74*  two cups +0.94  a single cup +0.25  tableware -0.52  a single cup~ -1.80   led   0/  0 h0.00 b0.00 lvl+0.40   - (nothing there)
frame   443 :  double cups~ +2.38*  double cups +1.87*  two cups +1.17  a single cup +0.02  tableware -0.72  a single cup~ -2.38   led   0/  0 h0.00 b0.00 lvl+0.39   - (nothing there)
frame   444 :  double cups~ +2.35*  double cups +1.70*  two cups +0.90  a single cup -0.08  tableware -0.91  a single cup~ -2.35   led   0/  0 h0.00 b0.00 lvl+0.27   - (nothing there)
frame   445 :  double cups~ +2.85*  double cups +1.99*  two cups +1.00  a single cup -0.16  tableware -0.74  a single cup~ -2.85   led   0/  0 h0.00 b0.00 lvl+0.35   - (nothing there)
frame   446 :  double cups~ +2.21*  double cups +1.59*  two cups +0.41  a single cup -0.08  tableware -0.58  a single cup~ -2.21   led   0/  0 h0.00 b0.00 lvl+0.22   - (nothing there)
frame   447 :  double cups~ +2.62*  double cups +1.53*  two cups +0.35  a single cup -0.35  tableware -1.09  a single cup~ -2.62   led   0/  0 h0.00 b0.00 lvl+0.07   - (nothing there)
frame   448 :  double cups~ +2.59*  double cups +1.65*  two cups +0.41  a single cup -0.26  tableware -1.03  a single cup~ -2.59   led   0/  0 h0.00 b0.00 lvl+0.13   - (nothing there)
frame   449 :  double cups~ +2.92*  double cups +1.23*  two cups -0.21  a single cup -0.73  tableware -1.40  a single cup~ -2.92   led   0/  0 h0.00 b0.00 lvl-0.18   - (nothing there)
frame   450 :  double cups~ +3.04*  double cups +1.60*  two cups +0.26  a single cup -0.54  tableware -1.18  a single cup~ -3.04   led   0/  0 h0.00 b0.00 lvl+0.02   - (nothing there)
frame   451 :  double cups~ +2.72*  double cups +1.65*  two cups +0.53  a single cup -0.33  tableware -1.12  a single cup~ -2.72   led   0/  0 h0.00 b0.00 lvl+0.12   - (nothing there)
frame   452 :  double cups~ +2.73*  double cups +1.99*  two cups +0.87  a single cup -0.09  tableware -0.95  a single cup~ -2.73   led   0/  0 h0.00 b0.00 lvl+0.30   - (nothing there)
frame   453 :  double cups~ +2.64*  double cups +2.06*  two cups +0.64  a single cup +0.01  tableware -0.94  a single cup~ -2.64   led   0/  0 h0.00 b0.00 lvl+0.30   - (nothing there)
frame   454 :  double cups~ +2.97*  double cups +1.97*  two cups +0.67  a single cup -0.23  tableware -1.00  a single cup~ -2.97   led   0/  0 h0.00 b0.00 lvl+0.23   - (nothing there)
frame   455 :  double cups~ +2.11*  double cups +1.75*  two cups +0.47  a single cup +0.08  tableware -0.83  a single cup~ -2.11   led   0/  0 h0.00 b0.00 lvl+0.25   - (nothing there)
frame   456 :  double cups~ +2.24*  double cups +1.77*  two cups +0.69  a single cup +0.02  tableware -0.77  a single cup~ -2.24   led   0/  0 h0.00 b0.00 lvl+0.28   - (nothing there)
frame   457 :  double cups~ +2.44*  double cups +1.84*  two cups +0.81  a single cup -0.04  tableware -0.92  a single cup~ -2.44   led   0/  0 h0.00 b0.00 lvl+0.28   - (nothing there)
frame   458 :  double cups~ +1.74*  double cups +1.52*  two cups +0.60  a single cup +0.12  tableware -1.21  a single cup~ -1.74   led   0/  0 h0.00 b0.00 lvl+0.17   - (nothing there)
frame   459 :  double cups~ +1.97*  double cups +1.32*  two cups +0.39  a single cup -0.14  tableware -1.51  a single cup~ -1.97   led   0/  0 h0.00 b0.00 lvl+0.01   - (nothing there)
frame   460 :  double cups~ +2.44*  double cups +0.99  two cups -0.20  a single cup -0.64  tableware -1.64  a single cup~ -2.44   led   0/  0 h0.00 b0.00 lvl-0.25   - (nothing there)
frame   461 :  double cups~ +2.03*  double cups +1.49*  two cups +0.34  a single cup -0.06  tableware -1.22  a single cup~ -2.03   led   0/  0 h0.00 b0.00 lvl+0.09   - (nothing there)
frame   462 :  double cups~ +1.89*  double cups +1.87*  two cups +0.57  a single cup +0.28  tableware -0.94  a single cup~ -1.89   led   0/  0 h0.00 b0.00 lvl+0.30   - (nothing there)
frame   463 :  double cups +2.15*  double cups~ +2.05*  two cups +0.59  a single cup +0.39  tableware -0.73  a single cup~ -2.05   led   0/  0 h0.00 b0.00 lvl+0.40   - (nothing there)
frame   464 :  double cups +2.27*  double cups~ +2.21*  two cups +0.60  a single cup +0.39  tableware -0.64  a single cup~ -2.21   led   0/  0 h0.00 b0.00 lvl+0.44   - (nothing there)
frame   465 :  double cups +2.55*  double cups~ +2.21*  two cups +0.94  a single cup +0.59  tableware -0.17  a single cup~ -2.21   led   0/  0 h0.00 b0.00 lvl+0.65   - (nothing there)
frame   466 :  double cups +2.82*  double cups~ +2.41*  two cups +1.26*  a single cup +0.67  tableware -0.05  a single cup~ -2.41   led   0/  0 h0.00 b0.00 lvl+0.78   - (nothing there)
frame   467 :  double cups~ +2.61*  double cups +2.44*  two cups +1.01  a single cup +0.29  tableware -0.59  a single cup~ -2.61   led   0/  0 h0.00 b0.00 lvl+0.53   - (nothing there)
frame   468 :  double cups +2.48*  double cups~ +2.21*  two cups +0.96  a single cup +0.54  tableware -0.44  a single cup~ -2.21   led   0/  0 h0.00 b0.00 lvl+0.59   - (nothing there)
frame   469 :  double cups +2.66*  double cups~ +1.96*  two cups +1.12  a single cup +0.80  tableware -0.01  a single cup~ -1.96   led   0/  0 h0.00 b0.00 lvl+0.76   - (nothing there)
frame   470 :  double cups~ +2.68*  double cups +2.47*  two cups +0.94  a single cup +0.27  tableware -0.56  a single cup~ -2.68   led   0/  0 h0.00 b0.00 lvl+0.52   - (nothing there)
frame   471 :  double cups~ +2.37*  double cups +1.91*  two cups +0.39  a single cup +0.05  tableware -0.96  a single cup~ -2.37   led   0/  0 h0.00 b0.00 lvl+0.23   - (nothing there)
frame   472 :  double cups~ +2.60*  double cups +1.65*  two cups +0.29  a single cup -0.26  tableware -0.70  a single cup~ -2.60   led   0/  0 h0.00 b0.00 lvl+0.16   - (nothing there)
frame   473 :  double cups~ +2.48*  double cups +1.85*  two cups +0.18  a single cup -0.05  tableware -0.61  a single cup~ -2.48   led   0/  0 h0.00 b0.00 lvl+0.23   - (nothing there)
frame   474 :  double cups +2.12*  double cups~ +2.08*  two cups +0.50  a single cup +0.35  tableware +0.01  a single cup~ -2.08   led   0/  0 h0.00 b0.01 lvl+0.50   - (nothing there)
frame   475 :  double cups~ +2.11*  double cups +2.02*  two cups +0.34  a single cup +0.27  tableware -0.37  a single cup~ -2.11   led   0/  0 h0.00 b0.00 lvl+0.38   - (nothing there)
frame   476 :  double cups +2.49*  double cups~ +2.12*  two cups +0.95  a single cup +0.60  tableware -0.19  a single cup~ -2.12   led   0/  0 h0.00 b0.00 lvl+0.64   - (nothing there)
frame   477 :  double cups~ +1.88*  double cups +1.81*  two cups +0.37  a single cup +0.25  tableware -0.74  a single cup~ -1.88   led   0/  0 h0.00 b0.00 lvl+0.28   - (nothing there)
frame   478 :  double cups +2.07*  double cups~ +2.05*  two cups +0.52  a single cup +0.34  tableware -0.53  a single cup~ -2.05   led   0/  0 h0.00 b0.00 lvl+0.40   - (nothing there)
frame   479 :  double cups +2.65*  double cups~ +2.34*  two cups +1.16  a single cup +0.59  tableware -0.36  a single cup~ -2.34   led   0/  0 h0.00 b0.00 lvl+0.67   - (nothing there)
frame   480 :  double cups +2.83*  double cups~ +2.77*  two cups +1.49*  a single cup +0.48  tableware -0.14  a single cup~ -2.77   led   0/  0 h0.00 b0.00 lvl+0.78   - (nothing there)
frame   481 :  double cups +2.28*  double cups~ +2.09*  two cups +1.06  a single cup +0.46  tableware -0.04  a single cup~ -2.09   led   0/  0 h0.00 b0.00 lvl+0.63   - (nothing there)
frame   482 :  double cups +2.05*  double cups~ +1.96*  two cups +0.56  a single cup +0.37  tableware -0.02  a single cup~ -1.96   led   0/  0 h0.00 b0.00 lvl+0.50   - (nothing there)
frame   483 :  double cups~ +2.08*  double cups +2.03*  two cups +0.58  a single cup +0.29  tableware +0.01  a single cup~ -2.08   led   0/  0 h0.00 b0.01 lvl+0.49   - (nothing there)
frame   484 :  double cups~ +2.31*  double cups +1.99*  two cups +0.50  a single cup +0.14  tableware -0.59  a single cup~ -2.31   led   0/  0 h0.00 b0.00 lvl+0.34   - (nothing there)
frame   485 :  double cups~ +2.27*  double cups +2.18*  two cups +0.65  a single cup +0.29  tableware -0.69  a single cup~ -2.27   led   0/  0 h0.00 b0.00 lvl+0.41   - (nothing there)
frame   486 :  double cups~ +2.45*  double cups +2.00*  two cups +0.38  a single cup +0.07  tableware -0.60  a single cup~ -2.45   led   0/  0 h0.00 b0.00 lvl+0.31   - (nothing there)
frame   487 :  double cups~ +2.95*  double cups +2.06*  two cups +0.43  a single cup -0.16  tableware -1.25  a single cup~ -2.95   led   0/  0 h0.00 b0.00 lvl+0.18   - (nothing there)
frame   488 :  double cups~ +2.86*  double cups +1.87*  two cups +0.44  a single cup -0.24  tableware -1.40  a single cup~ -2.86   led   0/  0 h0.00 b0.00 lvl+0.11   - (nothing there)
frame   489 :  double cups~ +2.55*  double cups +2.52*  two cups +0.87  a single cup +0.39  tableware -0.31  a single cup~ -2.55   led   0/  0 h0.00 b0.00 lvl+0.58   - (nothing there)
frame   490 :  double cups~ +2.74*  double cups +2.60*  two cups +1.13  a single cup +0.34  tableware -0.19  a single cup~ -2.74   led   0/  0 h0.00 b0.00 lvl+0.65   - (nothing there)
frame   491 :  double cups~ +2.67*  double cups +2.53*  two cups +1.11  a single cup +0.32  tableware -0.28  a single cup~ -2.67   led   0/  0 h0.00 b0.00 lvl+0.61   - (nothing there)
frame   492 :  double cups~ +2.71*  double cups +2.36*  two cups +1.05  a single cup +0.18  tableware -0.37  a single cup~ -2.71   led   0/  0 h0.00 b0.00 lvl+0.54   - (nothing there)
frame   493 :  double cups~ +2.81*  double cups +2.12*  two cups +1.03  a single cup -0.04  tableware -0.90  a single cup~ -2.81   led   0/  0 h0.00 b0.00 lvl+0.37   - (nothing there)
frame   494 :  double cups~ +2.30*  double cups +2.24*  two cups +0.96  a single cup +0.32  tableware -0.57  a single cup~ -2.30   led   0/  0 h0.00 b0.00 lvl+0.49   - (nothing there)
frame   495 :  double cups~ +2.21*  double cups +2.04*  two cups +0.78  a single cup +0.23  tableware -0.46  a single cup~ -2.21   led   0/  0 h0.00 b0.00 lvl+0.43   - (nothing there)
frame   496 :  double cups +2.54*  double cups~ +1.98*  two cups +0.92  a single cup +0.70  tableware -0.22  a single cup~ -1.98   led   0/  0 h0.00 b0.00 lvl+0.66   - (nothing there)
frame   497 :  double cups +2.71*  double cups~ +2.16*  two cups +0.77  a single cup +0.73  tableware -0.18  a single cup~ -2.16   led   0/  0 h0.00 b0.00 lvl+0.67   - (nothing there)
frame   498 :  double cups +2.61*  double cups~ +1.86*  two cups +0.92  a single cup +0.82  tableware -0.55  a single cup~ -1.86   led   0/  0 h0.00 b0.00 lvl+0.63   - (nothing there)
frame   499 :  double cups +2.56*  double cups~ +2.27*  two cups +0.92  a single cup +0.56  tableware -0.45  a single cup~ -2.27   led   0/  0 h0.00 b0.00 lvl+0.60   - (nothing there)
background: after 30 frames (frozen, room spread), this room reads  a single cup~ 0.022 +-0.0037 (COCO -0.016 +-0.0386)  double cups~ -0.022 +-0.0037 (COCO 0.016 +-0.0386)  a single cup -0.093 +-0.0046 (COCO -0.142 +-0.0335)  double cups -0.108 +-0.0033 (COCO -0.132 +-0.0316)  two cups -0.126 +-0.0034 (COCO -0.137 +-0.0328)  tableware -0.116 +-0.0044 (COCO -0.158 +-0.0450)
frame   500 :  double cups +2.59*  double cups~ +2.50*  two cups +1.09  a single cup +0.46  tableware -0.33  a single cup~ -2.50   led   0/  0 h0.00 b0.00 lvl+0.64   - (nothing there)
frame   501 :  double cups +2.41*  double cups~ +2.10*  two cups +0.93  a single cup +0.55  tableware -0.35  a single cup~ -2.10   led   0/  0 h0.00 b0.00 lvl+0.59   - (nothing there)
frame   502 :  double cups +2.23*  double cups~ +1.99*  two cups +0.66  a single cup +0.48  tableware -0.70  a single cup~ -1.99   led   0/  0 h0.00 b0.00 lvl+0.45   - (nothing there)
frame   503 :  double cups~ +2.80*  double cups +2.18*  two cups +0.66  a single cup +0.01  tableware -0.96  a single cup~ -2.80   led   0/  0 h0.00 b0.00 lvl+0.32   - (nothing there)
frame   504 :  double cups~ +2.82*  double cups +1.77*  two cups +0.30  a single cup -0.29  tableware -1.50  a single cup~ -2.82   led   0/  0 h0.00 b0.00 lvl+0.05   - (nothing there)
frame   505 :  double cups +2.66*  double cups~ +2.63*  two cups +0.95  a single cup +0.43  tableware -0.64  a single cup~ -2.63   led   0/  0 h0.00 b0.00 lvl+0.57   - (nothing there)
frame   506 :  double cups~ +2.67*  double cups +2.35*  two cups +0.67  a single cup +0.19  tableware -1.13  a single cup~ -2.67   led   0/  0 h0.00 b0.00 lvl+0.35   - (nothing there)
frame   507 :  double cups~ +2.84*  double cups +2.04*  two cups +0.50  a single cup -0.11  tableware -1.40  a single cup~ -2.84   led   0/  0 h0.00 b0.00 lvl+0.17   - (nothing there)
frame   508 :  double cups~ +2.71*  double cups +1.69*  two cups +0.24  a single cup -0.29  tableware -1.61  a single cup~ -2.71   led   0/  0 h0.00 b0.00 lvl+0.00   - (nothing there)
frame   509 :  double cups~ +2.93*  double cups +1.55*  two cups +0.03  a single cup -0.51  tableware -2.05  a single cup~ -2.93   led   0/  0 h0.00 b0.00 lvl-0.16   - (nothing there)
frame   510 :  double cups~ +2.80*  double cups +1.52*  two cups +0.00  a single cup -0.46  tableware -2.00  a single cup~ -2.80   led   0/  0 h0.00 b0.00 lvl-0.16   - (nothing there)
frame   511 :  double cups~ +2.86*  double cups +1.78*  two cups +0.30  a single cup -0.31  tableware -1.13  a single cup~ -2.86   led   0/  0 h0.00 b0.00 lvl+0.11   - (nothing there)
frame   512 :  double cups~ +2.91*  double cups +1.95*  two cups +0.34  a single cup -0.21  tableware -1.05  a single cup~ -2.91   led   0/  0 h0.00 b0.00 lvl+0.17   - (nothing there)
frame   513 :  double cups~ +3.09*  double cups +2.15*  two cups +0.32  a single cup -0.18  tableware -1.08  a single cup~ -3.09   led   0/  0 h0.00 b0.00 lvl+0.20   - (nothing there)
frame   514 :  double cups~ +3.22*  double cups +2.09*  two cups +0.37  a single cup -0.29  tableware -1.09  a single cup~ -3.22   led   0/  0 h0.00 b0.00 lvl+0.18   - (nothing there)
frame   515 :  double cups~ +3.39*  double cups +1.72*  two cups +0.19  a single cup -0.64  tableware -1.09  a single cup~ -3.39   led   0/  0 h0.00 b0.00 lvl+0.03   - (nothing there)
frame   516 :  double cups~ +3.64*  double cups +2.22*  two cups +0.67  a single cup -0.42  tableware -0.84  a single cup~ -3.64   led   0/  0 h0.00 b0.00 lvl+0.27   - (nothing there)
frame   517 :  double cups~ +3.37*  double cups +2.29*  two cups +0.74  a single cup -0.23  tableware -0.29  a single cup~ -3.37   led   0/  0 h0.00 b0.00 lvl+0.42   - (nothing there)
frame   518 :  double cups~ +3.01*  double cups +2.24*  two cups +0.51  a single cup -0.06  tableware -0.21  a single cup~ -3.01   led   0/  0 h0.00 b0.00 lvl+0.41   - (nothing there)
frame   519 :  double cups~ +3.28*  double cups +2.23*  two cups +0.64  a single cup -0.22  tableware -0.47  a single cup~ -3.28   led   0/  0 h0.00 b0.00 lvl+0.36   - (nothing there)
frame   520 :  double cups~ +3.13*  double cups +2.06*  two cups +0.74  a single cup -0.26  tableware -0.44  a single cup~ -3.13   led   0/  0 h0.00 b0.00 lvl+0.35   - (nothing there)
frame   521 :  double cups~ +3.04*  double cups +1.78*  two cups +0.82  tableware -0.39  a single cup -0.41  a single cup~ -3.04   led   0/  0 h0.00 b0.00 lvl+0.30   - (nothing there)
frame   522 :  double cups~ +3.08*  double cups +2.00*  two cups +0.76  a single cup -0.28  tableware -0.44  a single cup~ -3.08   led   0/  0 h0.00 b0.00 lvl+0.34   - (nothing there)
frame   523 :  double cups~ +2.93*  double cups +2.35*  two cups +1.10  a single cup +0.05  tableware -0.32  a single cup~ -2.93   led   0/  0 h0.00 b0.00 lvl+0.53   - (nothing there)
frame   524 :  double cups~ +2.39*  double cups +2.31*  two cups +1.02  a single cup +0.32  tableware -0.32  a single cup~ -2.39   led   0/  0 h0.00 b0.00 lvl+0.55   - (nothing there)
frame   525 :  double cups~ +2.61*  double cups +2.27*  two cups +0.98  a single cup +0.17  tableware -0.40  a single cup~ -2.61   led   0/  0 h0.00 b0.00 lvl+0.50   - (nothing there)
frame   526 :  double cups~ +2.93*  double cups +1.70*  two cups +0.32  a single cup -0.40  tableware -1.21  a single cup~ -2.93   led   0/  0 h0.00 b0.00 lvl+0.07   - (nothing there)
frame   527 :  double cups~ +3.03*  double cups +2.04*  two cups +0.52  a single cup -0.22  tableware -0.65  a single cup~ -3.03   led   0/  0 h0.00 b0.00 lvl+0.28   - (nothing there)
frame   528 :  double cups~ +2.83*  double cups +2.13*  two cups +0.51  a single cup -0.05  tableware -0.30  a single cup~ -2.83   led   0/  0 h0.00 b0.00 lvl+0.38   - (nothing there)
frame   529 :  double cups~ +2.73*  double cups +1.94*  two cups +0.41  a single cup -0.12  tableware -0.79  a single cup~ -2.73   led   0/  0 h0.00 b0.00 lvl+0.24   - (nothing there)
frame   530 :  double cups~ +2.88*  double cups +2.13*  two cups +0.57  a single cup -0.08  tableware -0.76  a single cup~ -2.88   led   0/  0 h0.00 b0.00 lvl+0.31   - (nothing there)
frame   531 :  double cups~ +3.13*  double cups +2.24*  two cups +0.68  a single cup -0.13  tableware -0.56  a single cup~ -3.13   led   0/  0 h0.00 b0.00 lvl+0.37   - (nothing there)
frame   532 :  double cups~ +2.51*  double cups +2.24*  two cups +0.48  a single cup +0.21  tableware -0.36  a single cup~ -2.51   led   0/  0 h0.00 b0.00 lvl+0.43   - (nothing there)
frame   533 :  double cups~ +2.43*  double cups +2.14*  two cups +0.42  a single cup +0.17  tableware -0.43  a single cup~ -2.43   led   0/  0 h0.00 b0.00 lvl+0.38   - (nothing there)
frame   534 :  double cups~ +2.44*  double cups +2.09*  two cups +0.30  a single cup +0.14  tableware -0.10  a single cup~ -2.44   led   0/  0 h0.00 b0.00 lvl+0.40   - (nothing there)
frame   535 :  double cups~ +2.61*  double cups +2.59*  two cups +0.70  a single cup +0.40  tableware +0.34  a single cup~ -2.61   led   0/ 15 h0.00 b0.28 lvl+0.67   - (nothing there)
frame   536 :  double cups~ +2.70*  double cups +2.70*  two cups +1.16  a single cup +0.43  tableware +0.16  a single cup~ -2.70   led   0/  3 h0.00 b0.13 lvl+0.74   - (nothing there)
frame   537 :  double cups~ +3.06*  double cups +2.48*  two cups +0.95  a single cup +0.07  tableware -0.29  a single cup~ -3.06   led   0/  0 h0.00 b0.00 lvl+0.53   - (nothing there)
frame   538 :  double cups~ +2.34*  double cups +2.12*  two cups +0.52  a single cup +0.21  tableware -0.40  a single cup~ -2.34   led   0/  0 h0.00 b0.00 lvl+0.41   - (nothing there)
frame   539 :  double cups~ +2.82*  double cups +2.01*  two cups +0.62  a single cup -0.13  tableware -0.83  a single cup~ -2.82   led   0/  0 h0.00 b0.00 lvl+0.28   - (nothing there)
frame   540 :  double cups~ +3.45*  double cups +2.00*  two cups +0.69  a single cup -0.48  tableware -1.23  a single cup~ -3.45   led   0/  0 h0.00 b0.00 lvl+0.16   - (nothing there)
frame   541 :  double cups~ +3.51*  double cups +1.83*  two cups +0.40  a single cup -0.63  tableware -0.94  a single cup~ -3.51   led   0/  0 h0.00 b0.00 lvl+0.11   - (nothing there)
frame   542 :  double cups~ +3.27*  double cups +1.98*  two cups +0.29  a single cup -0.39  tableware -0.82  a single cup~ -3.27   led   0/  0 h0.00 b0.00 lvl+0.18   - (nothing there)
frame   543 :  double cups~ +3.23*  double cups +2.14*  two cups +0.68  a single cup -0.26  tableware -0.26  a single cup~ -3.23   led   0/  0 h0.00 b0.00 lvl+0.38   - (nothing there)
frame   544 :  double cups~ +3.29*  double cups +2.21*  two cups +0.89  tableware -0.16  a single cup -0.25  a single cup~ -3.29   led   0/  0 h0.00 b0.00 lvl+0.45   - (nothing there)
frame   545 :  double cups~ +2.72*  double cups +1.95*  two cups +0.76  a single cup -0.12  tableware -0.25  a single cup~ -2.72   led   0/  0 h0.00 b0.00 lvl+0.39   - (nothing there)
frame   546 :  double cups~ +2.63*  double cups +1.83*  two cups +0.53  a single cup -0.15  tableware -0.26  a single cup~ -2.63   led   0/  0 h0.00 b0.00 lvl+0.33   - (nothing there)
frame   547 :  double cups~ +3.12*  double cups +2.13*  two cups +0.53  a single cup -0.21  tableware -0.27  a single cup~ -3.12   led   0/  0 h0.00 b0.00 lvl+0.36   - (nothing there)
frame   548 :  double cups~ +2.94*  double cups +1.95*  two cups +0.25  a single cup -0.24  tableware -0.46  a single cup~ -2.94   led   0/  0 h0.00 b0.00 lvl+0.25   - (nothing there)
frame   549 :  double cups~ +2.92*  double cups +2.18*  two cups +0.46  a single cup -0.06  tableware -0.63  a single cup~ -2.92   led   0/  0 h0.00 b0.00 lvl+0.33   - (nothing there)
frame   550 :  double cups~ +2.53*  double cups +1.82*  two cups +0.12  a single cup -0.10  tableware -0.31  a single cup~ -2.53   led   0/  0 h0.00 b0.00 lvl+0.25   - (nothing there)
frame   551 :  double cups~ +3.03*  double cups +2.13*  two cups +0.52  a single cup -0.16  tableware -0.32  a single cup~ -3.03   led   0/  0 h0.00 b0.00 lvl+0.36   - (nothing there)
frame   552 :  double cups~ +3.38*  double cups +2.29*  two cups +0.56  a single cup -0.24  tableware -0.57  a single cup~ -3.38   led   0/  0 h0.00 b0.00 lvl+0.34   - (nothing there)
frame   553 :  double cups~ +2.80*  double cups +2.64*  two cups +0.84  a single cup +0.33  tableware -0.04  a single cup~ -2.80   led   0/  0 h0.00 b0.00 lvl+0.63   - (nothing there)
frame   554 :  double cups +2.80*  double cups~ +2.77*  two cups +1.15  a single cup +0.46  tableware -0.05  a single cup~ -2.77   led   0/  0 h0.00 b0.00 lvl+0.72   - (nothing there)
frame   555 :  double cups~ +2.84*  double cups +2.20*  two cups +0.48  a single cup -0.00  tableware -0.56  a single cup~ -2.84   led   0/  0 h0.00 b0.00 lvl+0.35   - (nothing there)
frame   556 :  double cups~ +3.09*  double cups +2.71*  two cups +0.94  a single cup +0.22  tableware -0.11  a single cup~ -3.09   led   0/  0 h0.00 b0.00 lvl+0.63   - (nothing there)
frame   557 :  double cups~ +2.84*  double cups +2.51*  two cups +0.81  a single cup +0.22  tableware -0.17  a single cup~ -2.84   led   0/  0 h0.00 b0.00 lvl+0.56   - (nothing there)
frame   558 :  double cups~ +2.90*  double cups +2.12*  two cups +0.60  a single cup -0.09  tableware -0.75  a single cup~ -2.90   led   0/  0 h0.00 b0.00 lvl+0.31   - (nothing there)
frame   559 :  double cups~ +3.07*  double cups +2.44*  two cups +0.88  a single cup +0.04  tableware -0.47  a single cup~ -3.07   led   0/  0 h0.00 b0.00 lvl+0.48   - (nothing there)
frame   560 :  double cups~ +2.76*  double cups +2.67*  two cups +1.19  a single cup +0.38  tableware -0.29  a single cup~ -2.76   led   0/  0 h0.00 b0.00 lvl+0.66   - (nothing there)
frame   561 :  double cups~ +2.93*  double cups +2.29*  two cups +0.85  a single cup +0.01  tableware -0.90  a single cup~ -2.93   led   0/  0 h0.00 b0.00 lvl+0.37   - (nothing there)
frame   562 :  double cups~ +2.76*  double cups +2.45*  two cups +0.96  a single cup +0.22  tableware -0.60  a single cup~ -2.76   led   0/  0 h0.00 b0.00 lvl+0.51   - (nothing there)
frame   563 :  double cups~ +2.79*  double cups +2.39*  two cups +1.09  a single cup +0.15  tableware -0.22  a single cup~ -2.79   led   0/  0 h0.00 b0.00 lvl+0.57   - (nothing there)
frame   564 :  double cups~ +2.89*  double cups +2.38*  two cups +0.90  a single cup +0.10  tableware -0.29  a single cup~ -2.89   led   0/  0 h0.00 b0.00 lvl+0.51   - (nothing there)
frame   565 :  double cups~ +2.80*  double cups +2.78*  two cups +1.11  a single cup +0.43  tableware +0.36  a single cup~ -2.80   led   0/ 17 h0.00 b0.29 lvl+0.78   - (nothing there)
frame   566 :  double cups~ +3.33*  double cups +2.47*  two cups +0.76  tableware +0.18  a single cup -0.08  a single cup~ -3.33   led   0/  4 h0.00 b0.15 lvl+0.55   - (nothing there)
frame   567 :  double cups~ +3.45*  double cups +2.59*  two cups +0.91  a single cup -0.06  tableware -0.15  a single cup~ -3.45   led   0/  0 h0.00 b0.00 lvl+0.55   - (nothing there)
frame   568 :  double cups~ +2.70*  double cups +2.60*  two cups +0.96  a single cup +0.36  tableware -0.25  a single cup~ -2.70   led   0/  0 h0.00 b0.00 lvl+0.61   - (nothing there)
frame   569 :  double cups~ +3.10*  double cups +2.11*  two cups +0.56  a single cup -0.21  tableware -0.74  a single cup~ -3.10   led   0/  0 h0.00 b0.00 lvl+0.29   - (nothing there)
frame   570 :  double cups~ +2.99*  double cups +2.00*  two cups +0.42  a single cup -0.23  tableware -0.27  a single cup~ -2.99   led   0/  0 h0.00 b0.00 lvl+0.32   - (nothing there)
frame   571 :  double cups~ +3.00*  double cups +1.96*  two cups +0.73  a single cup -0.26  tableware -0.34  a single cup~ -3.00   led   0/  0 h0.00 b0.00 lvl+0.35   - (nothing there)
frame   572 :  double cups~ +3.41*  double cups +2.16*  two cups +0.93  tableware -0.19  a single cup -0.34  a single cup~ -3.41   led   0/  0 h0.00 b0.00 lvl+0.43   - (nothing there)
frame   573 :  double cups~ +3.59*  double cups +2.29*  two cups +1.00  tableware -0.14  a single cup -0.35  a single cup~ -3.59   led   0/  0 h0.00 b0.00 lvl+0.47   - (nothing there)
frame   574 :  double cups~ +3.41*  double cups +2.22*  two cups +1.09  tableware -0.23  a single cup -0.30  a single cup~ -3.41   led   0/  0 h0.00 b0.00 lvl+0.46   - (nothing there)
frame   575 :  double cups~ +3.04*  double cups +1.74*  two cups +0.96  a single cup -0.44  tableware -0.78  a single cup~ -3.04   led   0/  0 h0.00 b0.00 lvl+0.25   - (nothing there)
frame   576 :  double cups~ +2.31*  double cups +0.98  two cups -0.18  a single cup -0.57  tableware -1.88  a single cup~ -2.31   led   0/  0 h0.00 b0.00 lvl-0.28   - (nothing there)
frame   577 :  double cups +1.89*  a single cup +1.23*  two cups +0.46  double cups~ +0.19  a single cup~ -0.19  tableware -1.44   led   0/  0 h0.35 b0.00 lvl+0.36   - (nothing there)
frame   578 :  double cups +3.15*  a single cup +2.94*  two cups +1.50*  a single cup~ +1.31*  tableware +0.06  double cups~ -1.31   led   0/  0 h1.00 b0.05 lvl+1.27   - (nothing there)
frame   579 :  a single cup +3.28*  double cups +3.07*  a single cup~ +2.04*  two cups +0.78  tableware +0.45  double cups~ -2.04   led  28/  0 h1.00 b0.36 lvl+1.26   - (nothing there)
frame   580 :  a single cup +2.61*  double cups +2.53*  a single cup~ +1.50*  tableware +0.12  two cups +0.11  double cups~ -1.50   led   2/  0 h1.00 b0.10 lvl+0.89   - (nothing there)
frame   581 :  double cups +3.11*  a single cup +2.31*  two cups +0.36  a single cup~ +0.22  tableware -0.16  double cups~ -0.22   led   0/  0 h0.68 b0.00 lvl+0.94   - (nothing there)
frame   582 :  double cups +3.41*  a single cup +2.10*  double cups~ +0.57  two cups +0.46  tableware +0.39  a single cup~ -0.57   led   0/ 18 h0.04 b0.31 lvl+1.06   - (nothing there)
frame   583 :  double cups +3.59*  double cups~ +1.82*  a single cup +1.53*  two cups +0.50  tableware +0.06  a single cup~ -1.82   led   0/  0 h0.00 b0.05 lvl+0.95   - (nothing there)
frame   584 :  double cups +3.81*  double cups~ +3.46*  a single cup +0.79  two cups +0.77  tableware +0.16  a single cup~ -3.46   led   0/  3 h0.00 b0.13 lvl+0.92   - (nothing there)
frame   585 :  double cups~ +4.89*  double cups +3.63*  two cups +0.38  a single cup -0.12  tableware -0.35  a single cup~ -4.89   led   0/  0 h0.00 b0.00 lvl+0.59   - (nothing there)
frame   586 :  double cups~ +5.34*  double cups +3.14*  two cups -0.12  a single cup -0.71  tableware -1.07  a single cup~ -5.34   led   0/  0 h0.00 b0.00 lvl+0.21   - (nothing there)
frame   587 :  double cups~ +5.85*  double cups +2.97*  two cups -0.40  a single cup -1.11  tableware -1.21  a single cup~ -5.85   led   0/  0 h0.00 b0.00 lvl+0.04   - (nothing there)
frame   588 :  double cups~ +6.47*  double cups +3.36*  two cups -0.34  tableware -0.70  a single cup -1.17  a single cup~ -6.47   led   0/  0 h0.00 b0.00 lvl+0.19   - (nothing there)
frame   589 :  double cups~ +6.24*  double cups +3.03*  two cups -0.54  tableware -0.82  a single cup -1.28  a single cup~ -6.24   led   0/  0 h0.00 b0.00 lvl+0.07   - (nothing there)
frame   590 :  double cups~ +6.96*  double cups +2.92*  two cups -0.54  tableware -1.17  a single cup -1.75  a single cup~ -6.96   led   0/  0 h0.00 b0.00 lvl-0.09   - (nothing there)
frame   591 :  double cups~ +7.24*  double cups +2.55*  two cups -0.99  tableware -1.50  a single cup -2.17  a single cup~ -7.24   led   0/  0 h0.00 b0.00 lvl-0.35   - (nothing there)
frame   592 :  double cups~ +6.75*  double cups +2.46*  tableware -1.03  two cups -1.31  a single cup -1.96  a single cup~ -6.75   led   0/  0 h0.00 b0.00 lvl-0.31   - (nothing there)
frame   593 :  double cups~ +7.53*  double cups +2.96*  two cups -0.66  tableware -0.99  a single cup -2.03  a single cup~ -7.53   led   0/  0 h0.00 b0.00 lvl-0.12   - (nothing there)
frame   594 :  double cups~ +7.77*  double cups +2.92*  two cups -0.59  tableware -0.76  a single cup -2.19  a single cup~ -7.77   led   0/  0 h0.00 b0.00 lvl-0.10   - (nothing there)
frame   595 :  double cups~ +8.00*  double cups +2.79*  two cups -0.57  tableware -1.18  a single cup -2.41  a single cup~ -8.00   led   0/  0 h0.00 b0.00 lvl-0.23   - (nothing there)
frame   596 :  double cups~ +7.57*  double cups +2.60*  two cups -0.98  tableware -1.23  a single cup -2.30  a single cup~ -7.57   led   0/  0 h0.00 b0.00 lvl-0.32   - (nothing there)
frame   597 :  double cups~ +7.32*  double cups +2.72*  two cups -0.73  tableware -1.10  a single cup -2.09  a single cup~ -7.32   led   0/  0 h0.00 b0.00 lvl-0.20   - (nothing there)
frame   598 :  double cups~ +7.83*  double cups +3.24*  two cups -0.44  tableware -1.01  a single cup -2.00  a single cup~ -7.83   led   0/  0 h0.00 b0.00 lvl-0.03   - (nothing there)
frame   599 :  double cups~ +7.69*  double cups +3.00*  two cups -0.55  tableware -1.19  a single cup -2.09  a single cup~ -7.69   led   0/  0 h0.00 b0.00 lvl-0.14   - (nothing there)
background: after 30 frames (frozen, room spread), this room reads  a single cup~ 0.022 +-0.0037 (COCO -0.016 +-0.0386)  double cups~ -0.022 +-0.0037 (COCO 0.016 +-0.0386)  a single cup -0.093 +-0.0046 (COCO -0.142 +-0.0335)  double cups -0.108 +-0.0033 (COCO -0.132 +-0.0316)  two cups -0.126 +-0.0034 (COCO -0.137 +-0.0328)  tableware -0.116 +-0.0044 (COCO -0.158 +-0.0450)
frame   600 :  double cups~ +7.55*  double cups +2.94*  two cups -0.80  tableware -1.09  a single cup -2.06  a single cup~ -7.55   led   0/  0 h0.00 b0.00 lvl-0.17   - (nothing there)
frame   601 :  double cups~ +7.93*  double cups +2.38*  two cups -1.25  tableware -1.50  a single cup -2.66  a single cup~ -7.93   led   0/  0 h0.00 b0.00 lvl-0.51   - (nothing there)
frame   602 :  double cups~ +7.94*  double cups +2.48*  two cups -1.14  tableware -1.34  a single cup -2.59  a single cup~ -7.94   led   0/  0 h0.00 b0.00 lvl-0.43   - (nothing there)
frame   603 :  double cups~ +7.61*  double cups +2.65*  two cups -0.80  tableware -0.99  a single cup -2.29  a single cup~ -7.61   led   0/  0 h0.00 b0.00 lvl-0.24   - (nothing there)
frame   604 :  double cups~ +7.85*  double cups +2.20*  two cups -1.03  tableware -1.55  a single cup -2.74  a single cup~ -7.85   led   0/  0 h0.00 b0.00 lvl-0.52   - (nothing there)
frame   605 :  double cups~ +7.25*  double cups +2.23*  two cups -0.81  tableware -1.53  a single cup -2.39  a single cup~ -7.25   led   0/  0 h0.00 b0.00 lvl-0.42   - (nothing there)
frame   606 :  double cups~ +7.60*  double cups +2.32*  two cups -0.64  tableware -1.85  a single cup -2.52  a single cup~ -7.60   led   0/  0 h0.00 b0.00 lvl-0.45   - (nothing there)
frame   607 :  double cups~ +7.28*  double cups +2.70*  two cups -0.24  tableware -1.21  a single cup -2.08  a single cup~ -7.28   led   0/  0 h0.00 b0.00 lvl-0.14   - (nothing there)
frame   608 :  double cups~ +6.94*  double cups +2.69*  two cups -0.24  tableware -1.05  a single cup -1.90  a single cup~ -6.94   led   0/  0 h0.00 b0.00 lvl-0.08   - (nothing there)
frame   609 :  double cups~ +6.85*  double cups +2.65*  two cups -0.17  tableware -1.35  a single cup -1.88  a single cup~ -6.85   led   0/  0 h0.00 b0.00 lvl-0.13   - (nothing there)
frame   610 :  double cups~ +7.23*  double cups +2.61*  two cups -0.46  tableware -1.68  a single cup -2.11  a single cup~ -7.23   led   0/  0 h0.00 b0.00 lvl-0.27   - (nothing there)
frame   611 :  double cups~ +7.54*  double cups +2.58*  two cups -0.63  tableware -1.43  a single cup -2.31  a single cup~ -7.54   led   0/  0 h0.00 b0.00 lvl-0.30   - (nothing there)
frame   612 :  double cups~ +7.04*  double cups +2.77*  two cups -0.53  tableware -1.13  a single cup -1.90  a single cup~ -7.04   led   0/  0 h0.00 b0.00 lvl-0.13   - (nothing there)
frame   613 :  double cups~ +7.12*  double cups +2.73*  two cups -0.67  tableware -1.01  a single cup -1.98  a single cup~ -7.12   led   0/  0 h0.00 b0.00 lvl-0.15   - (nothing there)
frame   614 :  double cups~ +6.84*  double cups +2.65*  two cups -0.76  tableware -1.14  a single cup -1.87  a single cup~ -6.84   led   0/  0 h0.00 b0.00 lvl-0.19   - (nothing there)
frame   615 :  double cups~ +7.17*  double cups +2.81*  two cups -0.61  tableware -0.79  a single cup -1.94  a single cup~ -7.17   led   0/  0 h0.00 b0.00 lvl-0.09   - (nothing there)
frame   616 :  double cups~ +7.26*  double cups +2.98*  two cups -0.46  tableware -0.83  a single cup -1.87  a single cup~ -7.26   led   0/  0 h0.00 b0.00 lvl-0.03   - (nothing there)
frame   617 :  double cups~ +7.43*  double cups +2.81*  two cups -0.42  tableware -1.28  a single cup -2.08  a single cup~ -7.43   led   0/  0 h0.00 b0.00 lvl-0.16   - (nothing there)
frame   618 :  double cups~ +7.42*  double cups +2.99*  two cups -0.15  tableware -0.80  a single cup -1.95  a single cup~ -7.42   led   0/  0 h0.00 b0.00 lvl+0.01   - (nothing there)
frame   619 :  double cups~ +7.16*  double cups +2.80*  two cups -0.35  tableware -0.64  a single cup -1.94  a single cup~ -7.16   led   0/  0 h0.00 b0.00 lvl-0.02   - (nothing there)
frame   620 :  double cups~ +7.54*  double cups +3.11*  two cups -0.16  tableware -0.71  a single cup -1.94  a single cup~ -7.54   led   0/  0 h0.00 b0.00 lvl+0.05   - (nothing there)
frame   621 :  double cups~ +7.37*  double cups +2.82*  two cups -0.58  tableware -0.98  a single cup -2.05  a single cup~ -7.37   led   0/  0 h0.00 b0.00 lvl-0.13   - (nothing there)
frame   622 :  double cups~ +7.32*  double cups +2.74*  two cups -0.58  tableware -1.20  a single cup -2.07  a single cup~ -7.32   led   0/  0 h0.00 b0.00 lvl-0.18   - (nothing there)
frame   623 :  double cups~ +6.92*  double cups +2.60*  two cups -0.73  tableware -0.94  a single cup -1.95  a single cup~ -6.92   led   0/  0 h0.00 b0.00 lvl-0.17   - (nothing there)
frame   624 :  double cups~ +6.87*  double cups +2.33*  tableware -0.95  two cups -1.09  a single cup -2.12  a single cup~ -6.87   led   0/  0 h0.00 b0.00 lvl-0.30   - (nothing there)
frame   625 :  double cups~ +6.53*  double cups +2.37*  tableware -0.98  two cups -1.09  a single cup -1.90  a single cup~ -6.53   led   0/  0 h0.00 b0.00 lvl-0.27   - (nothing there)
frame   626 :  double cups~ +7.19*  double cups +2.40*  two cups -1.12  tableware -1.14  a single cup -2.25  a single cup~ -7.19   led   0/  0 h0.00 b0.00 lvl-0.35   - (nothing there)
frame   627 :  double cups~ +6.76*  double cups +2.57*  tableware -0.83  two cups -0.95  a single cup -1.89  a single cup~ -6.76   led   0/  0 h0.00 b0.00 lvl-0.18   - (nothing there)
frame   628 :  double cups~ +6.88*  double cups +2.90*  two cups -0.69  tableware -0.70  a single cup -1.72  a single cup~ -6.88   led   0/  0 h0.00 b0.00 lvl-0.03   - (nothing there)
frame   629 :  double cups~ +7.02*  double cups +2.77*  two cups -0.81  tableware -0.82  a single cup -1.89  a single cup~ -7.02   led   0/  0 h0.00 b0.00 lvl-0.12   - (nothing there)
frame   630 :  double cups~ +6.95*  double cups +2.92*  tableware -0.72  two cups -0.73  a single cup -1.75  a single cup~ -6.95   led   0/  0 h0.00 b0.00 lvl-0.05   - (nothing there)
frame   631 :  double cups~ +7.16*  double cups +3.08*  two cups -0.25  tableware -0.83  a single cup -1.74  a single cup~ -7.16   led   0/  0 h0.00 b0.00 lvl+0.04   - (nothing there)
frame   632 :  double cups~ +7.56*  double cups +3.26*  two cups -0.07  tableware -0.73  a single cup -1.84  a single cup~ -7.56   led   0/  0 h0.00 b0.00 lvl+0.10   - (nothing there)
frame   633 :  double cups~ +7.73*  double cups +3.39*  two cups +0.08  tableware -1.06  a single cup -1.84  a single cup~ -7.73   led   0/  0 h0.00 b0.00 lvl+0.09   - (nothing there)
frame   634 :  double cups~ +7.37*  double cups +3.58*  two cups +0.20  tableware -0.83  a single cup -1.51  a single cup~ -7.37   led   0/  0 h0.00 b0.00 lvl+0.24   - (nothing there)
frame   635 :  double cups~ +7.29*  double cups +3.36*  two cups +0.07  tableware -0.71  a single cup -1.62  a single cup~ -7.29   led   0/  0 h0.00 b0.00 lvl+0.18   - (nothing there)
frame   636 :  double cups~ +7.23*  double cups +3.63*  two cups +0.55  tableware -0.60  a single cup -1.40  a single cup~ -7.23   led   0/  0 h0.00 b0.00 lvl+0.36   - (nothing there)
frame   637 :  double cups~ +7.32*  double cups +3.18*  two cups +0.08  tableware -0.80  a single cup -1.76  a single cup~ -7.32   led   0/  0 h0.00 b0.00 lvl+0.12   - (nothing there)
frame   638 :  double cups~ +5.97*  double cups +3.45*  two cups +0.27  tableware -0.26  a single cup -0.84  a single cup~ -5.97   led   0/  0 h0.00 b0.00 lvl+0.44   - (nothing there)
frame   639 :  double cups~ +0.35  tableware -0.24  a single cup~ -0.35  double cups -0.58  a single cup -0.60  two cups -1.99   led   0/  0 h0.22 b0.00 lvl-0.57   - (nothing there)
frame   640 :  a single cup~ +1.72*  a single cup -1.58  double cups~ -1.72  tableware -2.44  two cups -2.98  double cups -3.58   led   0/  0 h1.00 b0.00 lvl-1.76   - (nothing there)
frame   641 :  a single cup~ +2.41*  double cups~ -2.41  a single cup -3.18  tableware -4.59  two cups -4.70  double cups -6.38   led   0/  0 h1.00 b0.00 lvl-3.14   - (nothing there)
frame   642 :  a single cup~ +4.68*  a single cup -3.42  double cups~ -4.68  two cups -5.93  tableware -6.46  double cups -8.49   led   0/  0 h1.00 b0.00 lvl-4.05   - (nothing there)
frame   643 :  a single cup~ +4.79*  a single cup -3.10  double cups~ -4.79  two cups -5.46  tableware -5.57  double cups -8.12   led   0/  0 h1.00 b0.00 lvl-3.71   - (nothing there)
frame   644 :  a single cup~ +5.88*  a single cup -2.30  two cups -5.49  tableware -5.75  double cups~ -5.88  double cups -7.83   led   0/  0 h1.00 b0.00 lvl-3.56   - (nothing there)
frame   645 :  a single cup~ +7.00*  a single cup -1.25  two cups -5.04  tableware -6.24  double cups~ -7.00  double cups -7.20   led   0/  0 h1.00 b0.00 lvl-3.29   - (nothing there)
frame   646 :  a single cup~ +2.05*  a single cup -0.19  tableware -0.61  double cups -1.86  double cups~ -2.05  two cups -3.14   led   0/  0 h1.00 b0.00 lvl-0.97   - (nothing there)
frame   647 :  a single cup~ +4.38*  a single cup -0.07  tableware -1.72  two cups -3.16  double cups -3.50  double cups~ -4.38   led   0/  0 h1.00 b0.00 lvl-1.41   - (nothing there)
frame   648 :  a single cup~ +5.85*  a single cup +0.57  tableware -2.30  two cups -2.52  double cups -3.73  double cups~ -5.85   led   0/  0 h1.00 b0.00 lvl-1.33   - (nothing there)
frame   649 :  a single cup~ +6.95*  a single cup +0.30  tableware -3.09  two cups -3.13  double cups -4.96  double cups~ -6.95   led   0/  0 h1.00 b0.00 lvl-1.81   - (nothing there)
frame   650 :  a single cup~ +7.60*  a single cup +0.63  two cups -2.76  tableware -3.27  double cups -5.01  double cups~ -7.60   led   0/  0 h1.00 b0.00 lvl-1.73   - (nothing there)
frame   651 :  a single cup~ +8.28*  a single cup +0.56  two cups -3.10  tableware -3.84  double cups -5.64  double cups~ -8.28   led   0/  0 h1.00 b0.00 lvl-2.00   - (nothing there)
frame   652 :  a single cup~ +9.09*  a single cup +0.61  two cups -3.20  tableware -4.35  double cups -6.20  double cups~ -9.09   led   0/  0 h1.00 b0.00 lvl-2.19   - (nothing there)
frame   653 :  a single cup~ +8.92*  a single cup -0.12  two cups -3.98  tableware -4.78  double cups -7.10  double cups~ -8.92   led   0/  0 h1.00 b0.00 lvl-2.67   - (nothing there)
frame   654 :  a single cup~ +7.85*  a single cup -0.99  two cups -4.72  tableware -5.02  double cups -7.51  double cups~ -7.85   led   0/  0 h1.00 b0.00 lvl-3.04   - (nothing there)
frame   655 :  a single cup~ +7.54*  a single cup -1.55  tableware -5.47  two cups -5.47  double cups~ -7.54  double cups -8.05   led   0/  0 h1.00 b0.00 lvl-3.42   - (nothing there)
frame   656 :  a single cup~ +6.52*  a single cup -2.29  tableware -5.58  two cups -6.27  double cups~ -6.52  double cups -8.31   led   0/  0 h1.00 b0.00 lvl-3.74   - (nothing there)
frame   657 :  a single cup~ +6.21*  a single cup -2.40  tableware -5.47  double cups~ -6.21  two cups -6.69  double cups -8.23   led   0/  0 h1.00 b0.00 lvl-3.80   - (nothing there)
frame   658 :  a single cup~ +5.17*  a single cup -2.94  tableware -5.09  double cups~ -5.17  two cups -7.12  double cups -8.18   led   0/  0 h1.00 b0.00 lvl-3.89   - (nothing there)
frame   659 :  a single cup~ +4.56*  a single cup -3.43  double cups~ -4.56  tableware -4.99  two cups -7.63  double cups -8.41   led   0/  0 h1.00 b0.00 lvl-4.08   - (nothing there)
frame   660 :  a single cup~ +4.61*  a single cup -3.34  double cups~ -4.61  tableware -5.43  two cups -7.43  double cups -8.33   led   0/  0 h1.00 b0.00 lvl-4.09   - (nothing there)
frame   661 :  a single cup~ +4.62*  a single cup -3.35  double cups~ -4.62  tableware -5.59  two cups -7.33  double cups -8.35   led   0/  0 h1.00 b0.00 lvl-4.10   - (nothing there)
frame   662 :  a single cup~ +4.17*  a single cup -3.40  double cups~ -4.17  tableware -4.96  two cups -7.15  double cups -8.07   led   0/  0 h1.00 b0.00 lvl-3.93   - (nothing there)
frame   663 :  a single cup~ +4.97*  a single cup -3.40  double cups~ -4.97  tableware -5.47  two cups -7.40  double cups -8.69   led   0/  0 h1.00 b0.00 lvl-4.16   - (nothing there)
frame   664 :  a single cup~ +5.07*  a single cup -3.47  double cups~ -5.07  tableware -5.50  two cups -7.38  double cups -8.85   led   0/  0 h1.00 b0.00 lvl-4.20   - (nothing there)
frame   665 :  a single cup~ +5.68*  a single cup -3.14  double cups~ -5.68  tableware -5.85  two cups -7.34  double cups -8.87   led   0/  0 h1.00 b0.00 lvl-4.20   - (nothing there)
frame   666 :  a single cup~ +5.66*  a single cup -3.08  tableware -5.62  double cups~ -5.66  two cups -7.49  double cups -8.76   led   0/  0 h1.00 b0.00 lvl-4.16   - (nothing there)
frame   667 :  a single cup~ +5.30*  a single cup -3.24  double cups~ -5.30  tableware -5.62  two cups -7.62  double cups -8.71   led   0/  0 h1.00 b0.00 lvl-4.20   - (nothing there)
frame   668 :  a single cup~ +5.20*  a single cup -3.13  double cups~ -5.20  tableware -5.51  two cups -7.67  double cups -8.48   led   0/  0 h1.00 b0.00 lvl-4.13   - (nothing there)
frame   669 :  a single cup~ +5.13*  a single cup -3.37  double cups~ -5.13  tableware -5.84  two cups -7.55  double cups -8.76   led   0/  0 h1.00 b0.00 lvl-4.25   - (nothing there)
frame   670 :  a single cup~ +5.42*  a single cup -2.97  double cups~ -5.42  tableware -5.48  two cups -6.90  double cups -8.43   led   0/  0 h1.00 b0.00 lvl-3.96   - (nothing there)
frame   671 :  a single cup~ +5.53*  a single cup -2.88  tableware -5.15  double cups~ -5.53  two cups -6.93  double cups -8.37   led   0/  0 h1.00 b0.00 lvl-3.89   - (nothing there)
frame   672 :  a single cup~ +5.22*  a single cup -3.37  double cups~ -5.22  tableware -5.77  two cups -7.36  double cups -8.84   led   0/  0 h1.00 b0.00 lvl-4.23   - (nothing there)
frame   673 :  a single cup~ +5.34*  a single cup -3.30  double cups~ -5.34  tableware -5.90  two cups -7.36  double cups -8.83   led   0/  0 h1.00 b0.00 lvl-4.23   - (nothing there)
frame   674 :  a single cup~ +5.18*  a single cup -3.74  double cups~ -5.18  tableware -6.18  two cups -7.72  double cups -9.32   led   0/  0 h1.00 b0.00 lvl-4.49   - (nothing there)
frame   675 :  a single cup~ +5.26*  a single cup -3.68  double cups~ -5.26  tableware -5.89  two cups -7.66  double cups -9.31   led   0/  0 h1.00 b0.00 lvl-4.42   - (nothing there)
frame   676 :  a single cup~ +6.04*  a single cup -3.05  tableware -5.34  double cups~ -6.04  two cups -7.65  double cups -9.02   led   0/  0 h1.00 b0.00 lvl-4.18   - (nothing there)
frame   677 :  a single cup~ +5.44*  a single cup -3.56  double cups~ -5.44  tableware -5.72  two cups -7.79  double cups -9.27   led   0/  0 h1.00 b0.00 lvl-4.39   - (nothing there)
frame   678 :  a single cup~ +5.69*  a single cup -3.42  double cups~ -5.69  tableware -5.79  two cups -8.03  double cups -9.27   led   0/  0 h1.00 b0.00 lvl-4.42   - (nothing there)
frame   679 :  a single cup~ +5.33*  a single cup -3.55  double cups~ -5.33  tableware -5.68  two cups -8.08  double cups -9.17   led   0/  0 h1.00 b0.00 lvl-4.41   - (nothing there)
frame   680 :  a single cup~ +5.31*  a single cup -3.75  double cups~ -5.31  tableware -6.39  two cups -7.95  double cups -9.44   led   0/  0 h1.00 b0.00 lvl-4.59   - (nothing there)
frame   681 :  a single cup~ +5.38*  a single cup -3.74  double cups~ -5.38  tableware -6.82  two cups -7.53  double cups -9.48   led   0/  0 h1.00 b0.00 lvl-4.59   - (nothing there)
frame   682 :  a single cup~ +4.75*  a single cup -3.85  double cups~ -4.75  tableware -6.10  two cups -7.47  double cups -9.15   led   0/  0 h1.00 b0.00 lvl-4.43   - (nothing there)
frame   683 :  a single cup~ +4.81*  a single cup -3.59  double cups~ -4.81  tableware -5.53  two cups -7.44  double cups -8.83   led   0/  0 h1.00 b0.00 lvl-4.23   - (nothing there)
frame   684 :  a single cup~ +5.12*  a single cup -3.63  double cups~ -5.12  tableware -5.62  two cups -7.63  double cups -9.12   led   0/  0 h1.00 b0.00 lvl-4.33   - (nothing there)
frame   685 :  a single cup~ +5.31*  a single cup -3.64  double cups~ -5.31  tableware -5.71  two cups -7.75  double cups -9.29   led   0/  0 h1.00 b0.00 lvl-4.40   - (nothing there)
frame   686 :  a single cup~ +5.14*  a single cup -3.72  double cups~ -5.14  tableware -5.77  two cups -7.77  double cups -9.27   led   0/  0 h1.00 b0.00 lvl-4.42   - (nothing there)
frame   687 :  a single cup~ +5.38*  a single cup -3.32  double cups~ -5.38  tableware -5.65  two cups -7.26  double cups -8.89   led   0/  0 h1.00 b0.00 lvl-4.19   - (nothing there)
frame   688 :  a single cup~ +5.07*  a single cup -3.38  double cups~ -5.07  tableware -5.49  two cups -7.29  double cups -8.73   led   0/  0 h1.00 b0.00 lvl-4.15   - (nothing there)
frame   689 :  a single cup~ +4.51*  a single cup -3.61  double cups~ -4.51  tableware -5.64  two cups -7.20  double cups -8.62   led   0/  0 h1.00 b0.00 lvl-4.18   - (nothing there)
frame   690 :  a single cup~ +4.64*  a single cup -3.69  double cups~ -4.64  tableware -5.78  two cups -7.39  double cups -8.84   led   0/  0 h1.00 b0.00 lvl-4.29   - (nothing there)
frame   691 :  a single cup~ +5.13*  a single cup -3.40  double cups~ -5.13  tableware -5.70  two cups -7.50  double cups -8.80   led   0/  0 h1.00 b0.00 lvl-4.23   - (nothing there)
frame   692 :  a single cup~ +5.27*  a single cup -3.37  double cups~ -5.27  tableware -5.83  two cups -7.32  double cups -8.88   led   0/  0 h1.00 b0.00 lvl-4.23   - (nothing there)
frame   693 :  a single cup~ +5.02*  a single cup -3.45  double cups~ -5.02  tableware -5.84  two cups -7.49  double cups -8.79   led   0/  0 h1.00 b0.00 lvl-4.26   - (nothing there)
frame   694 :  a single cup~ +5.06*  a single cup -3.44  double cups~ -5.06  tableware -5.70  two cups -7.70  double cups -8.81   led   0/  0 h1.00 b0.00 lvl-4.27   - (nothing there)
frame   695 :  a single cup~ +4.75*  a single cup -3.26  double cups~ -4.75  tableware -5.21  two cups -7.44  double cups -8.31   led   0/  0 h1.00 b0.00 lvl-4.04   - (nothing there)
frame   696 :  a single cup~ +4.61*  a single cup -3.55  double cups~ -4.61  tableware -5.56  two cups -7.50  double cups -8.62   led   0/  0 h1.00 b0.00 lvl-4.21   - (nothing there)
frame   697 :  a single cup~ +4.80*  a single cup -3.43  double cups~ -4.80  tableware -5.23  two cups -7.49  double cups -8.59   led   0/  0 h1.00 b0.00 lvl-4.12   - (nothing there)
frame   698 :  a single cup~ +5.10*  a single cup -3.46  double cups~ -5.10  tableware -5.30  two cups -7.68  double cups -8.87   led   0/  0 h1.00 b0.00 lvl-4.22   - (nothing there)
frame   699 :  a single cup~ +5.41*  a single cup -3.34  double cups~ -5.41  tableware -5.47  two cups -7.79  double cups -8.95   led   0/  0 h1.00 b0.00 lvl-4.26   - (nothing there)
background: after 30 frames (frozen, room spread), this room reads  a single cup~ 0.022 +-0.0037 (COCO -0.016 +-0.0386)  double cups~ -0.022 +-0.0037 (COCO 0.016 +-0.0386)  a single cup -0.093 +-0.0046 (COCO -0.142 +-0.0335)  double cups -0.108 +-0.0033 (COCO -0.132 +-0.0316)  two cups -0.126 +-0.0034 (COCO -0.137 +-0.0328)  tableware -0.116 +-0.0044 (COCO -0.158 +-0.0450)
frame   700 :  a single cup~ +5.26*  a single cup -3.28  double cups~ -5.26  tableware -5.31  two cups -7.58  double cups -8.73   led   0/  0 h1.00 b0.00 lvl-4.15   - (nothing there)
frame   701 :  a single cup~ +5.21*  a single cup -3.01  tableware -5.04  double cups~ -5.21  two cups -7.21  double cups -8.31   led   0/  0 h1.00 b0.00 lvl-3.93   - (nothing there)
frame   702 :  a single cup~ +5.51*  a single cup -3.06  tableware -5.43  double cups~ -5.51  two cups -7.30  double cups -8.62   led   0/  0 h1.00 b0.00 lvl-4.07   - (nothing there)
frame   703 :  a single cup~ +5.49*  a single cup -2.83  tableware -4.93  double cups~ -5.49  two cups -7.09  double cups -8.28   led   0/  0 h1.00 b0.00 lvl-3.85   - (nothing there)
frame   704 :  a single cup~ +5.52*  a single cup -2.79  tableware -4.91  double cups~ -5.52  two cups -7.01  double cups -8.24   led   0/  0 h1.00 b0.00 lvl-3.82   - (nothing there)
frame   705 :  a single cup~ +5.12*  a single cup -3.22  tableware -4.99  double cups~ -5.12  two cups -7.23  double cups -8.54   led   0/  0 h1.00 b0.00 lvl-4.00   - (nothing there)
frame   706 :  a single cup~ +5.29*  a single cup -2.70  tableware -4.56  double cups~ -5.29  two cups -6.64  double cups -7.93   led   0/  0 h1.00 b0.00 lvl-3.64   - (nothing there)
frame   707 :  a single cup~ +5.71*  a single cup -3.01  tableware -5.31  double cups~ -5.71  two cups -7.26  double cups -8.71   led   0/  0 h1.00 b0.00 lvl-4.05   - (nothing there)
frame   708 :  a single cup~ +5.35*  a single cup -3.34  double cups~ -5.35  tableware -5.46  two cups -7.36  double cups -8.89   led   0/  0 h1.00 b0.00 lvl-4.18   - (nothing there)
frame   709 :  a single cup~ +5.41*  a single cup -3.29  double cups~ -5.41  tableware -5.43  two cups -7.51  double cups -8.87   led   0/  0 h1.00 b0.00 lvl-4.18   - (nothing there)
frame   710 :  a single cup~ +5.55*  a single cup -3.08  tableware -5.00  double cups~ -5.55  two cups -7.52  double cups -8.69   led   0/  0 h1.00 b0.00 lvl-4.05   - (nothing there)
frame   711 :  a single cup~ +5.42*  a single cup -2.89  tableware -4.74  double cups~ -5.42  two cups -7.24  double cups -8.31   led   0/  0 h1.00 b0.00 lvl-3.86   - (nothing there)
frame   712 :  a single cup~ +5.33*  a single cup -3.33  double cups~ -5.33  tableware -5.36  two cups -7.63  double cups -8.86   led   0/  0 h1.00 b0.00 lvl-4.20   - (nothing there)
frame   713 :  a single cup~ +4.90*  a single cup -3.62  double cups~ -4.90  tableware -5.47  two cups -7.74  double cups -8.94   led   0/  0 h1.00 b0.00 lvl-4.30   - (nothing there)
frame   714 :  a single cup~ +5.17*  a single cup -3.68  double cups~ -5.17  tableware -5.89  two cups -7.95  double cups -9.23   led   0/  0 h1.00 b0.00 lvl-4.46   - (nothing there)
frame   715 :  a single cup~ +5.31*  a single cup -3.52  double cups~ -5.31  tableware -5.84  two cups -7.91  double cups -9.11   led   0/  0 h1.00 b0.00 lvl-4.40   - (nothing there)
frame   716 :  a single cup~ +5.64*  a single cup -3.27  tableware -5.41  double cups~ -5.64  two cups -8.09  double cups -9.03   led   0/  0 h1.00 b0.00 lvl-4.30   - (nothing there)
frame   717 :  a single cup~ +5.29*  a single cup -3.24  double cups~ -5.29  tableware -5.55  two cups -7.50  double cups -8.71   led   0/  0 h1.00 b0.00 lvl-4.17   - (nothing there)
frame   718 :  a single cup~ +5.51*  a single cup -3.09  tableware -5.49  double cups~ -5.51  two cups -7.57  double cups -8.66   led   0/  0 h1.00 b0.00 lvl-4.13   - (nothing there)
frame   719 :  a single cup~ +5.80*  a single cup -3.16  tableware -5.66  double cups~ -5.80  two cups -7.94  double cups -8.98   led   0/  0 h1.00 b0.00 lvl-4.29   - (nothing there)
frame   720 :  a single cup~ +5.64*  a single cup -3.56  double cups~ -5.64  tableware -6.32  two cups -8.02  double cups -9.43   led   0/  0 h1.00 b0.00 lvl-4.56   - (nothing there)
frame   721 :  a single cup~ +5.46*  a single cup -3.38  double cups~ -5.46  tableware -5.92  two cups -7.59  double cups -9.03   led   0/  0 h1.00 b0.00 lvl-4.32   - (nothing there)
frame   722 :  a single cup~ +5.94*  a single cup -3.01  tableware -5.54  double cups~ -5.94  two cups -7.66  double cups -8.88   led   0/  0 h1.00 b0.00 lvl-4.18   - (nothing there)
frame   723 :  a single cup~ +5.42*  a single cup -3.35  double cups~ -5.42  tableware -6.07  two cups -7.65  double cups -8.97   led   0/  0 h1.00 b0.00 lvl-4.34   - (nothing there)
frame   724 :  a single cup~ +5.38*  a single cup -3.50  double cups~ -5.38  tableware -6.29  two cups -7.69  double cups -9.14   led   0/  0 h1.00 b0.00 lvl-4.44   - (nothing there)
frame   725 :  a single cup~ +5.57*  a single cup -3.21  double cups~ -5.57  tableware -6.04  two cups -7.57  double cups -8.87   led   0/  0 h1.00 b0.00 lvl-4.28   - (nothing there)
frame   726 :  a single cup~ +5.15*  a single cup -3.17  double cups~ -5.15  tableware -5.87  two cups -7.26  double cups -8.50   led   0/  0 h1.00 b0.00 lvl-4.13   - (nothing there)
frame   727 :  a single cup~ +5.02*  a single cup -3.40  double cups~ -5.02  tableware -5.74  two cups -7.49  double cups -8.72   led   0/  0 h1.00 b0.00 lvl-4.23   - (nothing there)
frame   728 :  a single cup~ +4.74*  a single cup -3.37  double cups~ -4.74  tableware -5.12  two cups -7.39  double cups -8.46   led   0/  0 h1.00 b0.00 lvl-4.05   - (nothing there)
frame   729 :  a single cup~ +4.99*  a single cup -3.23  double cups~ -4.99  tableware -5.41  two cups -7.26  double cups -8.46   led   0/  0 h1.00 b0.00 lvl-4.06   - (nothing there)
frame   730 :  a single cup~ +5.08*  a single cup -3.05  double cups~ -5.08  tableware -5.67  two cups -6.97  double cups -8.27   led   0/  0 h1.00 b0.00 lvl-3.99   - (nothing there)
frame   731 :  a single cup~ +5.26*  a single cup -3.14  double cups~ -5.26  tableware -5.79  two cups -7.20  double cups -8.54   led   0/  0 h1.00 b0.00 lvl-4.11   - (nothing there)
frame   732 :  a single cup~ +5.64*  a single cup -3.04  double cups~ -5.64  tableware -5.97  two cups -7.36  double cups -8.69   led   0/  0 h1.00 b0.00 lvl-4.18   - (nothing there)
frame   733 :  a single cup~ +5.64*  a single cup -3.31  double cups~ -5.64  tableware -6.29  two cups -7.65  double cups -9.07   led   0/  0 h1.00 b0.00 lvl-4.39   - (nothing there)
frame   734 :  a single cup~ +5.28*  a single cup -3.73  double cups~ -5.28  tableware -6.96  two cups -7.84  double cups -9.39   led   0/  0 h1.00 b0.00 lvl-4.65   - (nothing there)
frame   735 :  a single cup~ +4.50*  a single cup -4.02  double cups~ -4.50  tableware -6.98  two cups -7.67  double cups -9.20   led   0/  0 h1.00 b0.00 lvl-4.65   - (nothing there)
frame   736 :  a single cup~ +4.57*  a single cup -3.83  double cups~ -4.57  tableware -6.72  two cups -7.54  double cups -8.98   led   0/  0 h1.00 b0.00 lvl-4.51   - (nothing there)
frame   737 :  a single cup~ +5.07*  a single cup -3.49  double cups~ -5.07  tableware -6.41  two cups -7.43  double cups -8.89   led   0/  0 h1.00 b0.00 lvl-4.37   - (nothing there)
frame   738 :  a single cup~ +5.59*  a single cup -3.09  double cups~ -5.59  tableware -6.14  two cups -7.50  double cups -8.72   led   0/  0 h1.00 b0.00 lvl-4.24   - (nothing there)
frame   739 :  a single cup~ +5.81*  a single cup -3.06  double cups~ -5.81  tableware -6.21  two cups -7.64  double cups -8.85   led   0/  0 h1.00 b0.00 lvl-4.30   - (nothing there)
frame   740 :  a single cup~ +5.41*  a single cup -3.49  double cups~ -5.41  tableware -6.49  two cups -7.78  double cups -9.15   led   0/  0 h1.00 b0.00 lvl-4.49   - (nothing there)
frame   741 :  a single cup~ +5.78*  a single cup -3.05  double cups~ -5.78  tableware -5.99  two cups -7.51  double cups -8.82   led   0/  0 h1.00 b0.00 lvl-4.23   - (nothing there)
frame   742 :  a single cup~ +5.84*  a single cup -3.27  double cups~ -5.84  tableware -6.36  two cups -7.59  double cups -9.18   led   0/  0 h1.00 b0.00 lvl-4.40   - (nothing there)
frame   743 :  a single cup~ +5.45*  a single cup -3.33  double cups~ -5.45  tableware -6.35  two cups -7.35  double cups -8.96   led   0/  0 h1.00 b0.00 lvl-4.33   - (nothing there)
frame   744 :  a single cup~ +5.04*  a single cup -3.16  double cups~ -5.04  tableware -5.97  two cups -6.89  double cups -8.41   led   0/  0 h1.00 b0.00 lvl-4.07   - (nothing there)
frame   745 :  a single cup~ +5.16*  a single cup -3.21  double cups~ -5.16  tableware -6.14  two cups -6.84  double cups -8.56   led   0/  0 h1.00 b0.00 lvl-4.12   - (nothing there)
frame   746 :  a single cup~ +5.23*  a single cup -3.33  double cups~ -5.23  tableware -5.99  two cups -7.27  double cups -8.79   led   0/  0 h1.00 b0.00 lvl-4.23   - (nothing there)
frame   747 :  a single cup~ +4.45*  a single cup -3.49  double cups~ -4.45  tableware -5.67  two cups -7.02  double cups -8.41   led   0/  0 h1.00 b0.00 lvl-4.10   - (nothing there)
frame   748 :  a single cup~ +4.48*  a single cup -3.64  double cups~ -4.48  tableware -5.92  two cups -7.30  double cups -8.64   led   0/  0 h1.00 b0.00 lvl-4.25   - (nothing there)
frame   749 :  a single cup~ +4.33*  a single cup -4.09  double cups~ -4.33  tableware -6.48  two cups -7.85  double cups -9.17   led   0/  0 h1.00 b0.00 lvl-4.60   - (nothing there)
frame   750 :  a single cup~ +5.00*  a single cup -3.62  double cups~ -5.00  tableware -6.28  two cups -7.64  double cups -9.01   led   0/  0 h1.00 b0.00 lvl-4.42   - (nothing there)
frame   751 :  a single cup~ +5.04*  a single cup -3.60  double cups~ -5.04  tableware -6.34  two cups -7.54  double cups -9.02   led   0/  0 h1.00 b0.00 lvl-4.42   - (nothing there)
frame   752 :  a single cup~ +5.43*  a single cup -3.43  double cups~ -5.43  tableware -6.20  two cups -7.52  double cups -9.08   led   0/  0 h1.00 b0.00 lvl-4.37   - (nothing there)
frame   753 :  a single cup~ +5.30*  a single cup -3.49  double cups~ -5.30  tableware -6.34  two cups -7.52  double cups -9.07   led   0/  0 h1.00 b0.00 lvl-4.40   - (nothing there)
frame   754 :  a single cup~ +5.54*  a single cup -3.17  double cups~ -5.54  tableware -5.92  two cups -7.45  double cups -8.80   led   0/  0 h1.00 b0.00 lvl-4.22   - (nothing there)
frame   755 :  a single cup~ +5.41*  a single cup -3.37  double cups~ -5.41  tableware -6.36  two cups -7.44  double cups -8.98   led   0/  0 h1.00 b0.00 lvl-4.36   - (nothing there)
frame   756 :  a single cup~ +5.37*  a single cup -3.59  double cups~ -5.37  tableware -6.77  two cups -7.63  double cups -9.26   led   0/  0 h1.00 b0.00 lvl-4.54   - (nothing there)
frame   757 :  a single cup~ +5.37*  a single cup -3.54  double cups~ -5.37  tableware -6.72  two cups -7.61  double cups -9.19   led   0/  0 h1.00 b0.00 lvl-4.51   - (nothing there)
frame   758 :  a single cup~ +5.25*  a single cup -3.34  double cups~ -5.25  tableware -6.26  two cups -7.22  double cups -8.81   led   0/  0 h1.00 b0.00 lvl-4.27   - (nothing there)
frame   759 :  a single cup~ +4.97*  a single cup -3.65  double cups~ -4.97  tableware -6.57  two cups -7.44  double cups -9.03   led   0/  0 h1.00 b0.00 lvl-4.45   - (nothing there)
frame   760 :  a single cup~ +4.85*  a single cup -3.69  double cups~ -4.85  tableware -6.33  two cups -7.45  double cups -8.99   led   0/  0 h1.00 b0.00 lvl-4.41   - (nothing there)
frame   761 :  a single cup~ +5.12*  a single cup -3.69  double cups~ -5.12  tableware -6.49  two cups -7.67  double cups -9.21   led   0/  0 h1.00 b0.00 lvl-4.51   - (nothing there)
frame   762 :  a single cup~ +5.18*  a single cup -3.15  double cups~ -5.18  tableware -6.06  two cups -7.01  double cups -8.50   led   0/  0 h1.00 b0.00 lvl-4.12   - (nothing there)
frame   763 :  a single cup~ +5.10*  a single cup -2.96  double cups~ -5.10  tableware -5.81  two cups -6.76  double cups -8.16   led   0/  0 h1.00 b0.00 lvl-3.95   - (nothing there)
frame   764 :  a single cup~ +5.35*  a single cup -2.90  double cups~ -5.35  tableware -5.82  two cups -6.79  double cups -8.26   led   0/  0 h1.00 b0.00 lvl-3.96   - (nothing there)
frame   765 :  a single cup~ +5.06*  a single cup -3.22  double cups~ -5.06  tableware -6.30  two cups -7.05  double cups -8.50   led   0/  0 h1.00 b0.00 lvl-4.18   - (nothing there)
frame   766 :  a single cup~ +5.04*  a single cup -3.23  double cups~ -5.04  tableware -6.54  two cups -7.07  double cups -8.50   led   0/  0 h1.00 b0.00 lvl-4.22   - (nothing there)
frame   767 :  a single cup~ +5.39*  a single cup -2.94  double cups~ -5.39  tableware -6.30  two cups -6.86  double cups -8.35   led   0/  0 h1.00 b0.00 lvl-4.08   - (nothing there)
frame   768 :  a single cup~ +5.13*  a single cup -3.15  double cups~ -5.13  tableware -6.57  two cups -6.87  double cups -8.45   led   0/  0 h1.00 b0.00 lvl-4.17   - (nothing there)
frame   769 :  a single cup~ +4.40*  a single cup -3.52  double cups~ -4.40  tableware -6.38  two cups -7.04  double cups -8.41   led   0/  0 h1.00 b0.00 lvl-4.22   - (nothing there)
frame   770 :  a single cup~ +4.35*  a single cup -3.99  double cups~ -4.35  tableware -6.89  two cups -7.71  double cups -9.05   led   0/  0 h1.00 b0.00 lvl-4.61   - (nothing there)
frame   771 :  a single cup~ +4.54*  a single cup -3.85  double cups~ -4.54  tableware -6.68  two cups -7.78  double cups -8.99   led   0/  0 h1.00 b0.00 lvl-4.55   - (nothing there)
frame   772 :  a single cup~ +5.05*  a single cup -3.50  double cups~ -5.05  tableware -6.37  two cups -7.59  double cups -8.89   led   0/  0 h1.00 b0.00 lvl-4.39   - (nothing there)
frame   773 :  a single cup~ +5.15*  a single cup -3.51  double cups~ -5.15  tableware -6.54  two cups -7.68  double cups -8.98   led   0/  0 h1.00 b0.00 lvl-4.45   - (nothing there)
frame   774 :  a single cup~ +5.08*  a single cup -3.73  double cups~ -5.08  tableware -6.84  two cups -7.93  double cups -9.24   led   0/  0 h1.00 b0.00 lvl-4.62   - (nothing there)
frame   775 :  a single cup~ +5.57*  a single cup -3.58  double cups~ -5.57  tableware -7.42  two cups -7.84  double cups -9.40   led   0/  0 h1.00 b0.00 lvl-4.71   - (nothing there)
frame   776 :  a single cup~ +4.94*  a single cup -3.66  double cups~ -4.94  tableware -7.10  two cups -7.55  double cups -9.02   led   0/  0 h1.00 b0.00 lvl-4.56   - (nothing there)
frame   777 :  a single cup~ +5.21*  a single cup -3.06  double cups~ -5.21  tableware -6.67  two cups -6.72  double cups -8.38   led   0/  0 h1.00 b0.00 lvl-4.14   - (nothing there)
frame   778 :  a single cup~ +5.02*  a single cup -3.43  double cups~ -5.02  tableware -6.90  two cups -7.21  double cups -8.77   led   0/  0 h1.00 b0.00 lvl-4.39   - (nothing there)
frame   779 :  a single cup~ +4.62*  a single cup -3.78  double cups~ -4.62  tableware -6.68  two cups -7.55  double cups -8.95   led   0/  0 h1.00 b0.00 lvl-4.49   - (nothing there)
frame   780 :  a single cup~ +5.15*  a single cup -3.48  double cups~ -5.15  tableware -6.65  two cups -7.81  double cups -8.94   led   0/  0 h1.00 b0.00 lvl-4.48   - (nothing there)
frame   781 :  a single cup~ +5.02*  a single cup -3.28  double cups~ -5.02  tableware -6.43  two cups -7.17  double cups -8.55   led   0/  0 h1.00 b0.00 lvl-4.24   - (nothing there)
frame   782 :  a single cup~ +5.22*  a single cup -3.17  double cups~ -5.22  tableware -6.26  two cups -7.14  double cups -8.55   led   0/  0 h1.00 b0.00 lvl-4.19   - (nothing there)
frame   783 :  a single cup~ +4.85*  a single cup -3.39  double cups~ -4.85  tableware -6.14  two cups -7.48  double cups -8.58   led   0/  0 h1.00 b0.00 lvl-4.26   - (nothing there)
frame   784 :  a single cup~ +4.82*  a single cup -3.79  double cups~ -4.82  tableware -6.76  two cups -7.73  double cups -9.11   led   0/  0 h1.00 b0.00 lvl-4.56   - (nothing there)
frame   785 :  a single cup~ +5.12*  a single cup -3.48  double cups~ -5.12  tableware -6.39  two cups -7.66  double cups -8.91   led   0/  0 h1.00 b0.00 lvl-4.40   - (nothing there)
frame   786 :  a single cup~ +5.26*  a single cup -3.30  double cups~ -5.26  tableware -6.21  two cups -7.61  double cups -8.76   led   0/  0 h1.00 b0.00 lvl-4.31   - (nothing there)
frame   787 :  a single cup~ +4.94*  a single cup -3.61  double cups~ -4.94  tableware -6.41  two cups -7.93  double cups -8.96   led   0/  0 h1.00 b0.00 lvl-4.49   - (nothing there)
frame   788 :  a single cup~ +4.60*  a single cup -3.60  double cups~ -4.60  tableware -6.44  two cups -7.61  double cups -8.68   led   0/  0 h1.00 b0.00 lvl-4.39   - (nothing there)
frame   789 :  a single cup~ +5.12*  a single cup -3.29  double cups~ -5.12  tableware -6.80  two cups -7.30  double cups -8.64   led   0/  0 h1.00 b0.00 lvl-4.34   - (nothing there)
frame   790 :  a single cup~ +5.31*  a single cup -3.07  double cups~ -5.31  tableware -6.43  two cups -7.15  double cups -8.49   led   0/  0 h1.00 b0.00 lvl-4.19   - (nothing there)
frame   791 :  a single cup~ +5.11*  a single cup -3.17  double cups~ -5.11  tableware -6.66  two cups -6.94  double cups -8.47   led   0/  0 h1.00 b0.00 lvl-4.21   - (nothing there)
frame   792 :  a single cup~ +4.82*  a single cup -3.24  double cups~ -4.82  two cups -6.72  tableware -6.84  double cups -8.33   led   0/  0 h1.00 b0.00 lvl-4.19   - (nothing there)
frame   793 :  a single cup~ +4.79*  a single cup -3.43  double cups~ -4.79  tableware -6.54  two cups -7.06  double cups -8.59   led   0/  0 h1.00 b0.00 lvl-4.27   - (nothing there)
frame   794 :  a single cup~ +4.69*  a single cup -3.47  double cups~ -4.69  tableware -5.83  two cups -7.49  double cups -8.56   led   0/  0 h1.00 b0.00 lvl-4.22   - (nothing there)
frame   795 :  a single cup~ +4.80*  a single cup -3.47  double cups~ -4.80  tableware -6.05  two cups -7.64  double cups -8.65   led   0/  0 h1.00 b0.00 lvl-4.30   - (nothing there)
frame   796 :  a single cup~ +5.11*  a single cup -3.44  double cups~ -5.11  tableware -6.89  two cups -7.59  double cups -8.84   led   0/  0 h1.00 b0.00 lvl-4.46   - (nothing there)
frame   797 :  a single cup~ +4.84*  a single cup -3.52  double cups~ -4.84  tableware -6.96  two cups -7.32  double cups -8.75   led   0/  0 h1.00 b0.00 lvl-4.42   - (nothing there)
frame   798 :  a single cup~ +4.39*  a single cup -3.75  double cups~ -4.39  tableware -6.74  two cups -7.41  double cups -8.73   led   0/  0 h1.00 b0.00 lvl-4.44   - (nothing there)
frame   799 :  a single cup~ +4.46*  a single cup -3.89  double cups~ -4.46  two cups -7.27  tableware -7.39  double cups -8.98   led   0/  0 h1.00 b0.00 lvl-4.59   - (nothing there)
background: after 30 frames (frozen, room spread), this room reads  a single cup~ 0.022 +-0.0037 (COCO -0.016 +-0.0386)  double cups~ -0.022 +-0.0037 (COCO 0.016 +-0.0386)  a single cup -0.093 +-0.0046 (COCO -0.142 +-0.0335)  double cups -0.108 +-0.0033 (COCO -0.132 +-0.0316)  two cups -0.126 +-0.0034 (COCO -0.137 +-0.0328)  tableware -0.116 +-0.0044 (COCO -0.158 +-0.0450)
frame   800 :  a single cup~ +4.44*  a single cup -3.57  double cups~ -4.44  tableware -6.55  two cups -7.01  double cups -8.52   led   0/  0 h1.00 b0.00 lvl-4.28   - (nothing there)
frame   801 :  a single cup~ +4.18*  a single cup -3.71  double cups~ -4.18  two cups -6.77  tableware -6.95  double cups -8.51   led   0/  0 h1.00 b0.00 lvl-4.32   - (nothing there)
frame   802 :  a single cup~ +4.44*  a single cup -3.55  double cups~ -4.44  tableware -6.41  two cups -6.75  double cups -8.48   led   0/  0 h1.00 b0.00 lvl-4.20   - (nothing there)
frame   803 :  a single cup~ +4.81*  a single cup -3.43  double cups~ -4.81  tableware -6.31  two cups -6.74  double cups -8.61   led   0/  0 h1.00 b0.00 lvl-4.18   - (nothing there)
frame   804 :  a single cup~ +5.13*  a single cup -3.03  double cups~ -5.13  tableware -5.77  two cups -6.57  double cups -8.28   led   0/  0 h1.00 b0.00 lvl-3.94   - (nothing there)
frame   805 :  a single cup~ +5.12*  a single cup -3.41  double cups~ -5.12  tableware -6.62  two cups -7.00  double cups -8.81   led   0/  0 h1.00 b0.00 lvl-4.31   - (nothing there)
frame   806 :  a single cup~ +5.74*  a single cup -3.23  double cups~ -5.74  tableware -6.48  two cups -7.26  double cups -9.05   led   0/  0 h1.00 b0.00 lvl-4.34   - (nothing there)
frame   807 :  a single cup~ +6.02*  a single cup -3.23  double cups~ -6.02  tableware -6.74  two cups -7.57  double cups -9.26   led   0/  0 h1.00 b0.00 lvl-4.47   - (nothing there)
frame   808 :  a single cup~ +5.80*  a single cup -3.43  double cups~ -5.80  tableware -6.88  two cups -7.86  double cups -9.37   led   0/  0 h1.00 b0.00 lvl-4.59   - (nothing there)
frame   809 :  a single cup~ +5.20*  a single cup -3.75  double cups~ -5.20  tableware -6.79  two cups -7.87  double cups -9.36   led   0/  0 h1.00 b0.00 lvl-4.63   - (nothing there)
frame   810 :  a single cup~ +4.98*  a single cup -3.85  double cups~ -4.98  tableware -7.25  two cups -7.50  double cups -9.32   led   0/  0 h1.00 b0.00 lvl-4.65   - (nothing there)
frame   811 :  a single cup~ +5.18*  a single cup -3.75  double cups~ -5.18  tableware -6.91  two cups -7.56  double cups -9.35   led   0/  0 h1.00 b0.00 lvl-4.59   - (nothing there)
frame   812 :  a single cup~ +5.46*  a single cup -3.48  double cups~ -5.46  tableware -6.79  two cups -7.51  double cups -9.18   led   0/  0 h1.00 b0.00 lvl-4.49   - (nothing there)
frame   813 :  a single cup~ +4.49*  a single cup -4.05  double cups~ -4.49  tableware -7.15  two cups -7.68  double cups -9.23   led   0/  0 h1.00 b0.00 lvl-4.69   - (nothing there)
frame   814 :  a single cup~ +4.87*  a single cup -3.73  double cups~ -4.87  tableware -6.73  two cups -7.68  double cups -9.07   led   0/  0 h1.00 b0.00 lvl-4.53   - (nothing there)
frame   815 :  a single cup~ +5.40*  a single cup -3.24  double cups~ -5.40  tableware -6.27  two cups -7.39  double cups -8.80   led   0/  0 h1.00 b0.00 lvl-4.28   - (nothing there)
frame   816 :  a single cup~ +4.43*  a single cup -3.89  double cups~ -4.43  tableware -6.05  two cups -7.82  double cups -8.96   led   0/  0 h1.00 b0.00 lvl-4.45   - (nothing there)
frame   817 :  a single cup~ +5.18*  a single cup -3.84  double cups~ -5.18  tableware -6.03  two cups -8.38  double cups -9.47   led   0/  0 h1.00 b0.00 lvl-4.62   - (nothing there)
frame   818 :  a single cup~ +5.39*  a single cup -3.50  double cups~ -5.39  tableware -5.72  two cups -8.13  double cups -9.15   led   0/  0 h1.00 b0.00 lvl-4.42   - (nothing there)
frame   819 :  a single cup~ +5.57*  a single cup -3.43  double cups~ -5.57  tableware -5.62  two cups -8.47  double cups -9.20   led   0/  0 h1.00 b0.00 lvl-4.45   - (nothing there)
frame   820 :  a single cup~ +5.77*  a single cup -3.27  tableware -5.45  double cups~ -5.77  two cups -8.40  double cups -9.12   led   0/  0 h1.00 b0.00 lvl-4.37   - (nothing there)
frame   821 :  a single cup~ +6.42*  a single cup -2.58  tableware -4.97  double cups~ -6.42  two cups -7.74  double cups -8.65   led   0/  0 h1.00 b0.00 lvl-3.99   - (nothing there)
frame   822 :  a single cup~ +6.50*  a single cup -2.78  tableware -5.06  double cups~ -6.50  two cups -8.12  double cups -8.99   led   0/  0 h1.00 b0.00 lvl-4.16   - (nothing there)
frame   823 :  a single cup~ +6.26*  a single cup -3.26  tableware -5.52  double cups~ -6.26  two cups -8.52  double cups -9.49   led   0/  0 h1.00 b0.00 lvl-4.46   - (nothing there)
frame   824 :  a single cup~ +6.03*  a single cup -3.64  tableware -5.67  double cups~ -6.03  two cups -8.88  double cups -9.85   led   0/  0 h1.00 b0.00 lvl-4.67   - (nothing there)
frame   825 :  a single cup~ +5.81*  a single cup -3.64  tableware -5.45  double cups~ -5.81  two cups -8.79  double cups -9.68   led   0/  0 h1.00 b0.00 lvl-4.59   - (nothing there)
frame   826 :  a single cup~ +5.82*  a single cup -3.61  tableware -5.54  double cups~ -5.82  two cups -8.73  double cups -9.64   led   0/  0 h1.00 b0.00 lvl-4.59   - (nothing there)
frame   827 :  a single cup~ +5.97*  a single cup -3.49  tableware -5.65  double cups~ -5.97  two cups -8.91  double cups -9.58   led   0/  0 h1.00 b0.00 lvl-4.61   - (nothing there)
frame   828 :  a single cup~ +5.87*  a single cup -3.15  tableware -4.93  double cups~ -5.87  two cups -8.46  double cups -9.03   led   0/  0 h1.00 b0.00 lvl-4.26   - (nothing there)
frame   829 :  a single cup~ +6.10*  a single cup -3.21  tableware -4.91  double cups~ -6.10  two cups -8.74  double cups -9.28   led   0/  0 h1.00 b0.00 lvl-4.36   - (nothing there)
frame   830 :  a single cup~ +6.04*  a single cup -3.01  tableware -4.82  double cups~ -6.04  two cups -8.36  double cups -8.96   led   0/  0 h1.00 b0.00 lvl-4.19   - (nothing there)
frame   831 :  a single cup~ +5.97*  a single cup -3.06  tableware -4.68  double cups~ -5.97  two cups -8.37  double cups -8.97   led   0/  0 h1.00 b0.00 lvl-4.18   - (nothing there)
frame   832 :  a single cup~ +5.86*  a single cup -3.16  tableware -5.16  double cups~ -5.86  two cups -8.39  double cups -9.03   led   0/  0 h1.00 b0.00 lvl-4.29   - (nothing there)
frame   833 :  a single cup~ +5.96*  a single cup -2.86  tableware -4.71  double cups~ -5.96  two cups -7.78  double cups -8.68   led   0/  0 h1.00 b0.00 lvl-4.01   - (nothing there)
frame   834 :  a single cup~ +5.96*  a single cup -3.17  tableware -5.18  double cups~ -5.96  two cups -8.17  double cups -9.13   led   0/  0 h1.00 b0.00 lvl-4.28   - (nothing there)
frame   835 :  a single cup~ +5.84*  a single cup -2.96  tableware -4.74  double cups~ -5.84  two cups -7.77  double cups -8.73   led   0/  0 h1.00 b0.00 lvl-4.03   - (nothing there)
frame   836 :  a single cup~ +5.81*  a single cup -2.82  tableware -4.76  double cups~ -5.81  two cups -7.49  double cups -8.51   led   0/  0 h1.00 b0.00 lvl-3.93   - (nothing there)
frame   837 :  a single cup~ +6.18*  a single cup -3.01  tableware -5.16  double cups~ -6.18  two cups -8.05  double cups -9.07   led   0/  0 h1.00 b0.00 lvl-4.21   - (nothing there)
frame   838 :  a single cup~ +6.12*  a single cup -2.90  tableware -4.91  double cups~ -6.12  two cups -7.99  double cups -8.88   led   0/  0 h1.00 b0.00 lvl-4.11   - (nothing there)
frame   839 :  a single cup~ +6.49*  a single cup -2.88  tableware -5.34  double cups~ -6.49  two cups -8.25  double cups -9.12   led   0/  0 h1.00 b0.00 lvl-4.26   - (nothing there)
frame   840 :  a single cup~ +6.16*  a single cup -2.84  tableware -4.78  double cups~ -6.16  two cups -7.77  double cups -8.81   led   0/  0 h1.00 b0.00 lvl-4.03   - (nothing there)
frame   841 :  a single cup~ +5.90*  a single cup -2.86  tableware -4.92  double cups~ -5.90  two cups -7.72  double cups -8.64   led   0/  0 h1.00 b0.00 lvl-4.02   - (nothing there)
frame   842 :  a single cup~ +5.63*  a single cup -2.56  tableware -4.93  double cups~ -5.63  two cups -7.25  double cups -8.01   led   0/  0 h1.00 b0.00 lvl-3.79   - (nothing there)
frame   843 :  a single cup~ +6.03*  a single cup -2.62  tableware -5.53  double cups~ -6.03  two cups -7.00  double cups -8.40   led   0/  0 h1.00 b0.00 lvl-3.92   - (nothing there)
frame   844 :  a single cup~ +6.22*  a single cup -2.39  tableware -5.49  double cups~ -6.22  two cups -6.24  double cups -8.23   led   0/  0 h1.00 b0.00 lvl-3.72   - (nothing there)
frame   845 :  a single cup~ +7.09*  a single cup -2.04  tableware -5.87  two cups -5.96  double cups~ -7.09  double cups -8.39   led   0/  0 h1.00 b0.00 lvl-3.71   - (nothing there)
frame   846 :  a single cup~ +7.01*  a single cup -1.76  tableware -5.28  two cups -5.50  double cups~ -7.01  double cups -7.93   led   0/  0 h1.00 b0.00 lvl-3.41   - (nothing there)
frame   847 :  a single cup~ +6.64*  a single cup -2.28  tableware -5.63  two cups -5.69  double cups~ -6.64  double cups -8.39   led   0/  0 h1.00 b0.00 lvl-3.66   - (nothing there)
frame   848 :  a single cup~ +6.26*  a single cup -2.24  tableware -5.23  two cups -5.24  double cups~ -6.26  double cups -8.03   led   0/  0 h1.00 b0.00 lvl-3.46   - (nothing there)
frame   849 :  a single cup~ +6.98*  a single cup -1.96  two cups -5.13  tableware -5.92  double cups~ -6.98  double cups -8.20   led   0/  0 h1.00 b0.00 lvl-3.53   - (nothing there)
frame   850 :  a single cup~ +7.27*  a single cup -1.77  two cups -4.94  tableware -5.83  double cups~ -7.27  double cups -8.16   led   0/  0 h1.00 b0.00 lvl-3.45   - (nothing there)
frame   851 :  a single cup~ +7.32*  a single cup -1.80  two cups -5.14  tableware -5.85  double cups~ -7.32  double cups -8.24   led   0/  0 h1.00 b0.00 lvl-3.50   - (nothing there)
frame   852 :  a single cup~ +6.81*  a single cup -1.64  two cups -4.55  tableware -5.29  double cups~ -6.81  double cups -7.61   led   0/  0 h1.00 b0.00 lvl-3.18   - (nothing there)
frame   853 :  a single cup~ +6.76*  a single cup -1.84  two cups -4.83  tableware -5.42  double cups~ -6.76  double cups -7.85   led   0/  0 h1.00 b0.00 lvl-3.32   - (nothing there)
frame   854 :  a single cup~ +6.43*  a single cup -2.07  two cups -5.07  tableware -5.26  double cups~ -6.43  double cups -7.92   led   0/  0 h1.00 b0.00 lvl-3.39   - (nothing there)
frame   855 :  a single cup~ +6.29*  a single cup -2.29  tableware -5.35  two cups -5.43  double cups~ -6.29  double cups -8.12   led   0/  0 h1.00 b0.00 lvl-3.53   - (nothing there)
frame   856 :  a single cup~ +6.89*  a single cup -2.09  tableware -5.48  two cups -5.66  double cups~ -6.89  double cups -8.32   led   0/  0 h1.00 b0.00 lvl-3.59   - (nothing there)
frame   857 :  a single cup~ +7.87*  a single cup -1.38  tableware -5.24  two cups -5.29  double cups~ -7.87  double cups -8.07   led   0/  0 h1.00 b0.00 lvl-3.33   - (nothing there)
frame   858 :  a single cup~ +7.66*  a single cup -1.54  two cups -5.31  tableware -5.41  double cups~ -7.66  double cups -8.13   led   0/  0 h1.00 b0.00 lvl-3.40   - (nothing there)
frame   859 :  a single cup~ +7.12*  a single cup -1.65  two cups -5.12  tableware -5.22  double cups~ -7.12  double cups -7.87   led   0/  0 h1.00 b0.00 lvl-3.31   - (nothing there)
frame   860 :  a single cup~ +6.52*  a single cup -2.19  two cups -5.36  tableware -5.72  double cups~ -6.52  double cups -8.18   led   0/  0 h1.00 b0.00 lvl-3.58   - (nothing there)
frame   861 :  a single cup~ +6.38*  a single cup -2.29  two cups -5.45  tableware -5.96  double cups~ -6.38  double cups -8.20   led   0/  0 h1.00 b0.00 lvl-3.65   - (nothing there)
frame   862 :  a single cup~ +6.65*  a single cup -2.02  two cups -5.20  tableware -5.71  double cups~ -6.65  double cups -8.02   led   0/  0 h1.00 b0.00 lvl-3.49   - (nothing there)
frame   863 :  a single cup~ +5.91*  a single cup -2.08  two cups -4.86  tableware -5.37  double cups~ -5.91  double cups -7.54   led   0/  0 h1.00 b0.00 lvl-3.31   - (nothing there)
frame   864 :  a single cup~ +5.98*  a single cup -2.42  two cups -5.53  tableware -5.58  double cups~ -5.98  double cups -8.08   led   0/  0 h1.00 b0.00 lvl-3.60   - (nothing there)
frame   865 :  a single cup~ +6.45*  a single cup -2.27  tableware -5.41  two cups -5.47  double cups~ -6.45  double cups -8.22   led   0/  0 h1.00 b0.00 lvl-3.56   - (nothing there)
frame   866 :  a single cup~ +6.43*  a single cup -2.02  two cups -4.84  tableware -5.18  double cups~ -6.43  double cups -7.85   led   0/  0 h1.00 b0.00 lvl-3.31   - (nothing there)
frame   867 :  a single cup~ +6.95*  a single cup -1.82  two cups -4.96  tableware -5.50  double cups~ -6.95  double cups -7.98   led   0/  0 h1.00 b0.00 lvl-3.38   - (nothing there)
frame   868 :  a single cup~ +7.36*  a single cup -2.23  two cups -5.81  tableware -6.59  double cups~ -7.36  double cups -8.88   led   0/  0 h1.00 b0.00 lvl-3.92   - (nothing there)
frame   869 :  a single cup~ +7.31*  a single cup -2.11  two cups -5.54  tableware -6.33  double cups~ -7.31  double cups -8.68   led   0/  0 h1.00 b0.00 lvl-3.78   - (nothing there)
frame   870 :  a single cup~ +7.21*  a single cup -2.20  two cups -5.52  tableware -6.24  double cups~ -7.21  double cups -8.72   led   0/  0 h1.00 b0.00 lvl-3.78   - (nothing there)
frame   871 :  a single cup~ +7.73*  a single cup -1.73  two cups -5.15  tableware -5.88  double cups~ -7.73  double cups -8.45   led   0/  0 h1.00 b0.00 lvl-3.53   - (nothing there)
frame   872 :  a single cup~ +7.35*  a single cup -1.69  two cups -4.99  tableware -5.48  double cups~ -7.35  double cups -8.10   led   0/  0 h1.00 b0.00 lvl-3.38   - (nothing there)
frame   873 :  a single cup~ +7.51*  a single cup -1.82  two cups -5.23  tableware -5.82  double cups~ -7.51  double cups -8.42   led   0/  0 h1.00 b0.00 lvl-3.55   - (nothing there)
frame   874 :  a single cup~ +6.65*  a single cup -2.38  two cups -5.64  tableware -5.87  double cups~ -6.65  double cups -8.53   led   0/  0 h1.00 b0.00 lvl-3.74   - (nothing there)
frame   875 :  a single cup~ +6.10*  a single cup -2.39  tableware -5.28  two cups -5.43  double cups~ -6.10  double cups -8.12   led   0/  0 h1.00 b0.00 lvl-3.54   - (nothing there)
frame   876 :  a single cup~ +5.80*  a single cup -3.00  double cups~ -5.80  two cups -5.88  tableware -6.10  double cups -8.77   led   0/  0 h1.00 b0.00 lvl-3.96   - (nothing there)
frame   877 :  a single cup~ +5.56*  a single cup -3.20  double cups~ -5.56  two cups -6.04  tableware -6.11  double cups -8.86   led   0/  0 h1.00 b0.00 lvl-4.03   - (nothing there)
frame   878 :  a single cup~ +6.13*  a single cup -2.90  two cups -5.99  double cups~ -6.13  tableware -6.45  double cups -8.88   led   0/  0 h1.00 b0.00 lvl-4.04   - (nothing there)
frame   879 :  a single cup~ +6.51*  a single cup -2.69  two cups -6.09  tableware -6.38  double cups~ -6.51  double cups -8.88   led   0/  0 h1.00 b0.00 lvl-4.01   - (nothing there)
frame   880 :  a single cup~ +6.74*  a single cup -2.95  tableware -6.51  two cups -6.66  double cups~ -6.74  double cups -9.42   led   0/  0 h1.00 b0.00 lvl-4.26   - (nothing there)
frame   881 :  a single cup~ +6.66*  a single cup -3.09  double cups~ -6.66  two cups -6.83  tableware -6.87  double cups -9.55   led   0/  0 h1.00 b0.00 lvl-4.39   - (nothing there)
frame   882 :  a single cup~ +6.65*  a single cup -3.24  double cups~ -6.65  two cups -6.95  tableware -7.15  double cups -9.76   led   0/  0 h1.00 b0.00 lvl-4.52   - (nothing there)
frame   883 :  a single cup~ +6.08*  a single cup -3.43  double cups~ -6.08  two cups -7.02  tableware -7.08  double cups -9.59   led   0/  0 h1.00 b0.00 lvl-4.52   - (nothing there)
frame   884 :  a single cup~ +6.23*  a single cup -3.27  double cups~ -6.23  two cups -6.69  tableware -7.03  double cups -9.48   led   0/  0 h1.00 b0.00 lvl-4.41   - (nothing there)
frame   885 :  a single cup~ +6.33*  a single cup -3.09  double cups~ -6.33  tableware -6.56  two cups -6.70  double cups -9.29   led   0/  0 h1.00 b0.00 lvl-4.27   - (nothing there)
frame   886 :  a single cup~ +6.71*  a single cup -3.00  two cups -6.62  double cups~ -6.71  tableware -6.84  double cups -9.46   led   0/  0 h1.00 b0.00 lvl-4.32   - (nothing there)
frame   887 :  a single cup~ +7.38*  a single cup -2.57  two cups -6.50  tableware -6.68  double cups~ -7.38  double cups -9.38   led   0/  0 h1.00 b0.00 lvl-4.19   - (nothing there)
frame   888 :  a single cup~ +7.06*  a single cup -2.50  two cups -5.93  tableware -6.39  double cups~ -7.06  double cups -9.04   led   0/  0 h1.00 b0.00 lvl-3.98   - (nothing there)
frame   889 :  a single cup~ +6.56*  a single cup -2.70  two cups -5.92  tableware -6.29  double cups~ -6.56  double cups -8.93   led   0/  0 h1.00 b0.00 lvl-3.97   - (nothing there)
frame   890 :  a single cup~ +7.39*  a single cup -2.30  tableware -6.10  two cups -6.14  double cups~ -7.39  double cups -9.01   led   0/  0 h1.00 b0.00 lvl-3.93   - (nothing there)
frame   891 :  a single cup~ +7.13*  a single cup -2.00  two cups -5.33  tableware -5.68  double cups~ -7.13  double cups -8.38   led   0/  0 h1.00 b0.00 lvl-3.56   - (nothing there)
frame   892 :  a single cup~ +6.78*  a single cup -2.50  two cups -5.78  tableware -6.07  double cups~ -6.78  double cups -8.81   led   0/  0 h1.00 b0.00 lvl-3.86   - (nothing there)
frame   893 :  a single cup~ +6.83*  a single cup -2.42  two cups -5.70  tableware -6.32  double cups~ -6.83  double cups -8.73   led   0/  0 h1.00 b0.00 lvl-3.86   - (nothing there)
frame   894 :  a single cup~ +6.82*  a single cup -1.85  two cups -5.18  tableware -5.22  double cups~ -6.82  double cups -7.92   led   0/  0 h1.00 b0.00 lvl-3.36   - (nothing there)
frame   895 :  a single cup~ +7.30*  a single cup -1.60  two cups -4.74  tableware -5.36  double cups~ -7.30  double cups -7.94   led   0/  0 h1.00 b0.00 lvl-3.27   - (nothing there)
frame   896 :  a single cup~ +7.18*  a single cup -1.84  two cups -4.93  tableware -5.76  double cups~ -7.18  double cups -8.18   led   0/  0 h1.00 b0.00 lvl-3.45   - (nothing there)
frame   897 :  a single cup~ +7.07*  a single cup -1.44  two cups -4.32  tableware -5.24  double cups~ -7.07  double cups -7.53   led   0/  0 h1.00 b0.00 lvl-3.09   - (nothing there)
frame   898 :  a single cup~ +7.00*  a single cup -1.59  two cups -4.43  tableware -5.49  double cups~ -7.00  double cups -7.69   led   0/  0 h1.00 b0.00 lvl-3.20   - (nothing there)
frame   899 :  a single cup~ +6.39*  a single cup -2.28  two cups -4.98  tableware -5.94  double cups~ -6.39  double cups -8.20   led   0/  0 h1.00 b0.00 lvl-3.57   - (nothing there)
background: after 30 frames (frozen, room spread), this room reads  a single cup~ 0.022 +-0.0037 (COCO -0.016 +-0.0386)  double cups~ -0.022 +-0.0037 (COCO 0.016 +-0.0386)  a single cup -0.093 +-0.0046 (COCO -0.142 +-0.0335)  double cups -0.108 +-0.0033 (COCO -0.132 +-0.0316)  two cups -0.126 +-0.0034 (COCO -0.137 +-0.0328)  tableware -0.116 +-0.0044 (COCO -0.158 +-0.0450)
frame   900 :  a single cup~ +6.13*  a single cup -2.23  two cups -4.84  tableware -5.41  double cups~ -6.13  double cups -7.93   led   0/  0 h1.00 b0.00 lvl-3.40   - (nothing there)
frame   901 :  a single cup~ +6.66*  a single cup -1.81  two cups -4.89  tableware -5.17  double cups~ -6.66  double cups -7.75   led   0/  0 h1.00 b0.00 lvl-3.27   - (nothing there)
frame   902 :  a single cup~ +6.67*  a single cup -1.85  two cups -4.93  tableware -5.18  double cups~ -6.67  double cups -7.80   led   0/  0 h1.00 b0.00 lvl-3.29   - (nothing there)
frame   903 :  a single cup~ +6.99*  a single cup -2.04  tableware -5.35  two cups -5.39  double cups~ -6.99  double cups -8.33   led   0/  0 h1.00 b0.00 lvl-3.52   - (nothing there)
frame   904 :  a single cup~ +6.74*  a single cup -2.21  two cups -5.51  tableware -5.54  double cups~ -6.74  double cups -8.37   led   0/  0 h1.00 b0.00 lvl-3.60   - (nothing there)
frame   905 :  a single cup~ +7.11*  a single cup -2.00  two cups -5.32  tableware -5.67  double cups~ -7.11  double cups -8.35   led   0/  0 h1.00 b0.00 lvl-3.56   - (nothing there)
frame   906 :  a single cup~ +6.81*  a single cup -2.19  two cups -5.28  tableware -6.04  double cups~ -6.81  double cups -8.39   led   0/  0 h1.00 b0.00 lvl-3.65   - (nothing there)
frame   907 :  a single cup~ +6.55*  a single cup -2.19  two cups -5.15  tableware -5.76  double cups~ -6.55  double cups -8.19   led   0/  0 h1.00 b0.00 lvl-3.55   - (nothing there)
frame   908 :  a single cup~ +6.48*  a single cup -2.37  two cups -5.47  tableware -5.79  double cups~ -6.48  double cups -8.39   led   0/  0 h1.00 b0.00 lvl-3.67   - (nothing there)
frame   909 :  a single cup~ +5.94*  a single cup -2.75  two cups -5.54  double cups~ -5.94  tableware -6.41  double cups -8.51   led   0/  0 h1.00 b0.00 lvl-3.87   - (nothing there)
frame   910 :  a single cup~ +6.41*  a single cup -2.47  two cups -5.45  tableware -6.30  double cups~ -6.41  double cups -8.48   led   0/  0 h1.00 b0.00 lvl-3.78   - (nothing there)
frame   911 :  a single cup~ +5.80*  a single cup -2.80  two cups -5.41  double cups~ -5.80  tableware -6.29  double cups -8.47   led   0/  0 h1.00 b0.00 lvl-3.83   - (nothing there)
frame   912 :  a single cup~ +5.96*  a single cup -2.98  two cups -5.77  double cups~ -5.96  tableware -6.71  double cups -8.85   led   0/  0 h1.00 b0.00 lvl-4.05   - (nothing there)
frame   913 :  a single cup~ +6.02*  a single cup -2.78  two cups -5.83  double cups~ -6.02  tableware -6.41  double cups -8.63   led   0/  0 h1.00 b0.00 lvl-3.94   - (nothing there)
frame   914 :  a single cup~ +6.28*  a single cup -2.81  two cups -5.84  double cups~ -6.28  tableware -6.53  double cups -8.86   led   0/  0 h1.00 b0.00 lvl-4.01   - (nothing there)
frame   915 :  a single cup~ +6.63*  a single cup -2.87  two cups -6.23  tableware -6.62  double cups~ -6.63  double cups -9.22   led   0/  0 h1.00 b0.00 lvl-4.16   - (nothing there)
frame   916 :  a single cup~ +6.68*  a single cup -2.70  two cups -5.74  tableware -6.32  double cups~ -6.68  double cups -9.01   led   0/  0 h1.00 b0.00 lvl-3.96   - (nothing there)
frame   917 :  a single cup~ +7.08*  a single cup -2.09  two cups -5.21  tableware -5.95  double cups~ -7.08  double cups -8.46   led   0/  0 h1.00 b0.00 lvl-3.62   - (nothing there)
frame   918 :  a single cup~ +7.09*  a single cup -1.70  two cups -4.97  tableware -5.28  double cups~ -7.09  double cups -7.91   led   0/  0 h1.00 b0.00 lvl-3.31   - (nothing there)
frame   919 :  a single cup~ +6.57*  a single cup -2.03  tableware -5.07  two cups -5.32  double cups~ -6.57  double cups -7.98   led   0/  0 h1.00 b0.00 lvl-3.40   - (nothing there)
frame   920 :  a single cup~ +6.79*  a single cup -2.07  two cups -5.20  tableware -5.32  double cups~ -6.79  double cups -8.21   led   0/  0 h1.00 b0.00 lvl-3.47   - (nothing there)
frame   921 :  a single cup~ +6.49*  a single cup -2.08  two cups -4.89  tableware -5.11  double cups~ -6.49  double cups -7.98   led   0/  0 h1.00 b0.00 lvl-3.34   - (nothing there)
frame   922 :  a single cup~ +6.15*  a single cup -2.19  two cups -4.90  tableware -5.13  double cups~ -6.15  double cups -7.88   led   0/  0 h1.00 b0.00 lvl-3.35   - (nothing there)
frame   923 :  a single cup~ +5.70*  a single cup -2.42  tableware -5.21  double cups~ -5.70  two cups -5.71  double cups -7.87   led   0/  0 h1.00 b0.00 lvl-3.53   - (nothing there)
frame   924 :  a single cup~ +5.71*  a single cup -2.56  tableware -5.30  double cups~ -5.71  two cups -6.31  double cups -8.07   led   0/  0 h1.00 b0.00 lvl-3.71   - (nothing there)
frame   925 :  a single cup~ +5.40*  a single cup -2.78  tableware -5.20  double cups~ -5.40  two cups -6.81  double cups -8.13   led   0/  0 h1.00 b0.00 lvl-3.82   - (nothing there)
frame   926 :  a single cup~ +5.30*  a single cup -3.22  tableware -5.15  double cups~ -5.30  two cups -7.60  double cups -8.67   led   0/  0 h1.00 b0.00 lvl-4.11   - (nothing there)
frame   927 :  a single cup~ +4.67*  a single cup -3.51  double cups~ -4.67  tableware -5.28  two cups -7.68  double cups -8.61   led   0/  0 h1.00 b0.00 lvl-4.18   - (nothing there)
frame   928 :  a single cup~ +5.28*  a single cup -3.38  double cups~ -5.28  tableware -5.43  two cups -7.89  double cups -8.90   led   0/  0 h1.00 b0.00 lvl-4.27   - (nothing there)
frame   929 :  a single cup~ +5.17*  a single cup -3.48  double cups~ -5.17  tableware -5.64  two cups -8.07  double cups -8.95   led   0/  0 h1.00 b0.00 lvl-4.36   - (nothing there)
frame   930 :  a single cup~ +5.35*  a single cup -3.36  tableware -5.27  double cups~ -5.35  two cups -8.14  double cups -8.92   led   0/  0 h1.00 b0.00 lvl-4.28   - (nothing there)
frame   931 :  a single cup~ +5.01*  a single cup -3.59  double cups~ -5.01  tableware -5.30  two cups -8.08  double cups -8.99   led   0/  0 h1.00 b0.00 lvl-4.33   - (nothing there)
frame   932 :  a single cup~ +5.09*  a single cup -3.19  double cups~ -5.09  tableware -5.24  two cups -7.58  double cups -8.48   led   0/  0 h1.00 b0.00 lvl-4.08   - (nothing there)
frame   933 :  a single cup~ +5.14*  a single cup -3.12  double cups~ -5.14  tableware -5.29  two cups -7.51  double cups -8.42   led   0/  0 h1.00 b0.00 lvl-4.06   - (nothing there)
frame   934 :  a single cup~ +4.59*  a single cup -3.30  double cups~ -4.59  tableware -5.49  two cups -7.41  double cups -8.25   led   0/  0 h1.00 b0.00 lvl-4.08   - (nothing there)
frame   935 :  a single cup~ +4.40*  a single cup -3.47  double cups~ -4.40  tableware -5.51  two cups -7.57  double cups -8.34   led   0/  0 h1.00 b0.00 lvl-4.15   - (nothing there)
frame   936 :  a single cup~ +4.36*  a single cup -3.55  double cups~ -4.36  tableware -5.27  two cups -7.56  double cups -8.42   led   0/  0 h1.00 b0.00 lvl-4.13   - (nothing there)
frame   937 :  a single cup~ +4.49*  a single cup -3.66  double cups~ -4.49  tableware -5.64  two cups -7.79  double cups -8.68   led   0/  0 h1.00 b0.00 lvl-4.30   - (nothing there)
frame   938 :  a single cup~ +4.29*  a single cup -3.82  double cups~ -4.29  tableware -5.54  two cups -7.84  double cups -8.76   led   0/  0 h1.00 b0.00 lvl-4.33   - (nothing there)
frame   939 :  a single cup~ +4.84*  a single cup -4.01  double cups~ -4.84  tableware -5.95  two cups -8.32  double cups -9.45   led   0/  0 h1.00 b0.00 lvl-4.62   - (nothing there)
frame   940 :  a single cup~ +4.87*  a single cup -3.91  double cups~ -4.87  tableware -5.73  two cups -8.38  double cups -9.33   led   0/  0 h1.00 b0.00 lvl-4.56   - (nothing there)
frame   941 :  a single cup~ +4.78*  a single cup -3.90  double cups~ -4.78  tableware -5.86  two cups -8.23  double cups -9.24   led   0/  0 h1.00 b0.00 lvl-4.54   - (nothing there)
frame   942 :  a single cup~ +5.26*  a single cup -3.72  double cups~ -5.26  tableware -5.61  two cups -8.37  double cups -9.36   led   0/  0 h1.00 b0.00 lvl-4.51   - (nothing there)
frame   943 :  a single cup~ +5.38*  a single cup -3.48  tableware -5.37  double cups~ -5.38  two cups -8.10  double cups -9.11   led   0/  0 h1.00 b0.00 lvl-4.34   - (nothing there)
frame   944 :  a single cup~ +5.28*  a single cup -3.56  tableware -5.07  double cups~ -5.28  two cups -8.32  double cups -9.15   led   0/  0 h1.00 b0.00 lvl-4.35   - (nothing there)
frame   945 :  a single cup~ +5.41*  a single cup -3.72  double cups~ -5.41  tableware -5.87  two cups -8.42  double cups -9.48   led   0/  0 h1.00 b0.00 lvl-4.58   - (nothing there)
frame   946 :  a single cup~ +5.26*  a single cup -3.69  double cups~ -5.26  tableware -5.97  two cups -8.36  double cups -9.32   led   0/  0 h1.00 b0.00 lvl-4.56   - (nothing there)
frame   947 :  a single cup~ +4.70*  a single cup -3.80  double cups~ -4.70  tableware -5.49  two cups -8.37  double cups -9.04   led   0/  0 h1.00 b0.00 lvl-4.45   - (nothing there)
frame   948 :  a single cup~ +4.47*  a single cup -4.06  double cups~ -4.47  tableware -5.44  two cups -8.46  double cups -9.23   led   0/  0 h1.00 b0.00 lvl-4.53   - (nothing there)
frame   949 :  a single cup~ +5.07*  a single cup -3.75  double cups~ -5.07  tableware -5.66  two cups -8.46  double cups -9.26   led   0/  0 h1.00 b0.00 lvl-4.52   - (nothing there)
frame   950 :  a single cup~ +5.26*  a single cup -3.55  double cups~ -5.26  tableware -5.76  two cups -8.36  double cups -9.11   led   0/  0 h1.00 b0.00 lvl-4.46   - (nothing there)
frame   951 :  a single cup~ +4.84*  a single cup -3.43  double cups~ -4.84  tableware -5.42  two cups -8.05  double cups -8.62   led   0/  0 h1.00 b0.00 lvl-4.25   - (nothing there)
frame   952 :  a single cup~ +4.81*  a single cup -3.46  double cups~ -4.81  tableware -5.65  two cups -8.02  double cups -8.65   led   0/  0 h1.00 b0.00 lvl-4.30   - (nothing there)
frame   953 :  a single cup~ +5.24*  a single cup -3.30  double cups~ -5.24  tableware -5.37  two cups -8.11  double cups -8.75   led   0/  0 h1.00 b0.00 lvl-4.25   - (nothing there)
frame   954 :  a single cup~ +5.10*  a single cup -3.45  double cups~ -5.10  tableware -5.63  two cups -8.08  double cups -8.86   led   0/  0 h1.00 b0.00 lvl-4.34   - (nothing there)
frame   955 :  a single cup~ +4.74*  a single cup -3.56  double cups~ -4.74  tableware -5.88  two cups -7.86  double cups -8.73   led   0/  0 h1.00 b0.00 lvl-4.34   - (nothing there)
frame   956 :  a single cup~ +4.98*  a single cup -3.32  double cups~ -4.98  tableware -5.63  two cups -7.42  double cups -8.58   led   0/  0 h1.00 b0.00 lvl-4.16   - (nothing there)
frame   957 :  a single cup~ +4.70*  a single cup -3.84  double cups~ -4.70  tableware -6.43  two cups -7.98  double cups -9.10   led   0/  0 h1.00 b0.00 lvl-4.56   - (nothing there)
frame   958 :  a single cup~ +4.55*  a single cup -3.89  double cups~ -4.55  tableware -6.54  two cups -8.00  double cups -9.05   led   0/  0 h1.00 b0.00 lvl-4.58   - (nothing there)
frame   959 :  a single cup~ +4.73*  a single cup -4.02  double cups~ -4.73  tableware -6.45  two cups -8.55  double cups -9.37   led   0/  0 h1.00 b0.00 lvl-4.73   - (nothing there)
frame   960 :  a single cup~ +4.71*  a single cup -3.85  double cups~ -4.71  tableware -6.03  two cups -8.10  double cups -9.13   led   0/  0 h1.00 b0.00 lvl-4.52   - (nothing there)
frame   961 :  a single cup~ +4.48*  a single cup -4.04  double cups~ -4.48  tableware -6.12  two cups -8.14  double cups -9.21   led   0/  0 h1.00 b0.00 lvl-4.58   - (nothing there)
frame   962 :  a single cup~ +4.62*  a single cup -3.95  double cups~ -4.62  tableware -6.10  two cups -8.17  double cups -9.19   led   0/  0 h1.00 b0.00 lvl-4.57   - (nothing there)
frame   963 :  a single cup~ +4.84*  a single cup -3.92  double cups~ -4.84  tableware -6.11  two cups -8.25  double cups -9.32   led   0/  0 h1.00 b0.00 lvl-4.60   - (nothing there)
frame   964 :  a single cup~ +5.03*  a single cup -3.90  double cups~ -5.03  tableware -6.16  two cups -8.37  double cups -9.44   led   0/  0 h1.00 b0.00 lvl-4.64   - (nothing there)
frame   965 :  a single cup~ +4.85*  a single cup -4.15  double cups~ -4.85  tableware -6.36  two cups -8.54  double cups -9.66   led   0/  0 h1.00 b0.00 lvl-4.78   - (nothing there)
frame   966 :  a single cup~ +4.25*  double cups~ -4.25  a single cup -4.42  tableware -6.39  two cups -8.61  double cups -9.57   led   0/  0 h1.00 b0.00 lvl-4.83   - (nothing there)
frame   967 :  a single cup~ +4.23*  a single cup -3.96  double cups~ -4.23  tableware -6.05  two cups -7.72  double cups -8.90   led   0/  0 h1.00 b0.00 lvl-4.44   - (nothing there)
frame   968 :  a single cup~ +4.67*  a single cup -3.67  double cups~ -4.67  tableware -5.62  two cups -7.84  double cups -8.83   led   0/  0 h1.00 b0.00 lvl-4.33   - (nothing there)
frame   969 :  a single cup~ +4.81*  a single cup -3.39  double cups~ -4.81  tableware -5.35  two cups -7.70  double cups -8.54   led   0/  0 h1.00 b0.00 lvl-4.16   - (nothing there)
frame   970 :  a single cup~ +4.90*  a single cup -3.85  double cups~ -4.90  tableware -6.25  two cups -8.22  double cups -9.27   led   0/  0 h1.00 b0.00 lvl-4.60   - (nothing there)
frame   971 :  a single cup~ +4.76*  a single cup -4.08  double cups~ -4.76  tableware -6.31  two cups -8.52  double cups -9.48   led   0/  0 h1.00 b0.00 lvl-4.73   - (nothing there)
frame   972 :  a single cup~ +5.02*  a single cup -3.99  double cups~ -5.02  tableware -6.16  two cups -8.67  double cups -9.56   led   0/  0 h1.00 b0.00 lvl-4.73   - (nothing there)
frame   973 :  a single cup~ +5.25*  a single cup -3.67  double cups~ -5.25  tableware -6.19  two cups -8.44  double cups -9.27   led   0/  0 h1.00 b0.00 lvl-4.60   - (nothing there)
frame   974 :  a single cup~ +5.99*  a single cup -3.17  double cups~ -5.99  tableware -5.99  two cups -8.14  double cups -9.15   led   0/  0 h1.00 b0.00 lvl-4.41   - (nothing there)
frame   975 :  a single cup~ +6.19*  a single cup -2.91  tableware -5.89  double cups~ -6.19  two cups -7.73  double cups -8.93   led   0/  0 h1.00 b0.00 lvl-4.24   - (nothing there)
frame   976 :  a single cup~ +6.25*  a single cup -2.96  tableware -6.24  double cups~ -6.25  two cups -7.52  double cups -9.06   led   0/  0 h1.00 b0.00 lvl-4.30   - (nothing there)
frame   977 :  a single cup~ +6.03*  a single cup -2.91  double cups~ -6.03  tableware -6.32  two cups -6.84  double cups -8.82   led   0/  0 h1.00 b0.00 lvl-4.15   - (nothing there)
frame   978 :  a single cup~ +6.85*  a single cup -2.50  two cups -6.12  tableware -6.32  double cups~ -6.85  double cups -8.87   led   0/  0 h1.00 b0.00 lvl-3.97   - (nothing there)
frame   979 :  a single cup~ +7.06*  a single cup -2.38  two cups -5.88  tableware -6.01  double cups~ -7.06  double cups -8.85   led   0/  0 h1.00 b0.00 lvl-3.85   - (nothing there)
frame   980 :  a single cup~ +6.83*  a single cup -2.47  two cups -5.69  tableware -6.07  double cups~ -6.83  double cups -8.81   led   0/  0 h1.00 b0.00 lvl-3.84   - (nothing there)
frame   981 :  a single cup~ +6.92*  a single cup -1.85  two cups -4.97  tableware -5.26  double cups~ -6.92  double cups -7.99   led   0/  0 h1.00 b0.00 lvl-3.34   - (nothing there)
frame   982 :  a single cup~ +7.41*  a single cup -1.83  two cups -5.14  tableware -5.71  double cups~ -7.41  double cups -8.35   led   0/  0 h1.00 b0.00 lvl-3.51   - (nothing there)
frame   983 :  a single cup~ +7.67*  a single cup -1.69  two cups -5.13  tableware -5.56  double cups~ -7.67  double cups -8.35   led   0/  0 h1.00 b0.00 lvl-3.45   - (nothing there)
frame   984 :  a single cup~ +7.43*  a single cup -1.96  two cups -5.21  tableware -5.82  double cups~ -7.43  double cups -8.54   led   0/  0 h1.00 b0.00 lvl-3.59   - (nothing there)
frame   985 :  a single cup~ +7.38*  a single cup -1.68  two cups -4.91  tableware -5.43  double cups~ -7.38  double cups -8.12   led   0/  0 h1.00 b0.00 lvl-3.36   - (nothing there)
frame   986 :  a single cup~ +7.30*  a single cup -1.91  two cups -5.38  tableware -5.40  double cups~ -7.30  double cups -8.37   led   0/  0 h1.00 b0.00 lvl-3.51   - (nothing there)
frame   987 :  a single cup~ +7.02*  a single cup -2.19  tableware -5.38  two cups -5.67  double cups~ -7.02  double cups -8.56   led   0/  0 h1.00 b0.00 lvl-3.63   - (nothing there)
frame   988 :  a single cup~ +8.07*  a single cup -1.66  tableware -5.54  two cups -5.70  double cups~ -8.07  double cups -8.62   led   0/  0 h1.00 b0.00 lvl-3.58   - (nothing there)
frame   989 :  a single cup~ +7.66*  a single cup -1.75  tableware -5.28  two cups -5.45  double cups~ -7.66  double cups -8.42   led   0/  0 h1.00 b0.00 lvl-3.48   - (nothing there)
frame   990 :  a single cup~ +7.30*  a single cup -1.65  two cups -4.70  tableware -5.28  double cups~ -7.30  double cups -8.00   led   0/  0 h1.00 b0.00 lvl-3.27   - (nothing there)
frame   991 :  a single cup~ +7.23*  a single cup -1.62  two cups -4.74  tableware -5.07  double cups~ -7.23  double cups -7.91   led   0/  0 h1.00 b0.00 lvl-3.22   - (nothing there)
frame   992 :  a single cup~ +7.71*  a single cup -1.19  two cups -4.64  tableware -4.67  double cups -7.68  double cups~ -7.71   led   0/  0 h1.00 b0.00 lvl-3.03   - (nothing there)
frame   993 :  a single cup~ +7.82*  a single cup -0.96  two cups -4.33  tableware -4.47  double cups -7.43  double cups~ -7.82   led   0/  0 h1.00 b0.00 lvl-2.86   - (nothing there)
frame   994 :  a single cup~ +7.10*  a single cup -1.47  two cups -4.51  tableware -4.76  double cups~ -7.10  double cups -7.59   led   0/  0 h1.00 b0.00 lvl-3.06   - (nothing there)
frame   995 :  a single cup~ +7.30*  a single cup -1.67  tableware -4.94  two cups -5.07  double cups~ -7.30  double cups -8.03   led   0/  0 h1.00 b0.00 lvl-3.28   - (nothing there)
frame   996 :  a single cup~ +7.40*  a single cup -1.12  tableware -4.33  two cups -4.52  double cups -7.34  double cups~ -7.40   led   0/  0 h1.00 b0.00 lvl-2.89   - (nothing there)
frame   997 :  a single cup~ +7.12*  a single cup -1.72  two cups -4.96  tableware -5.08  double cups~ -7.12  double cups -7.97   led   0/  0 h1.00 b0.00 lvl-3.29   - (nothing there)
frame   998 :  a single cup~ +7.08*  a single cup -1.70  two cups -4.87  tableware -5.03  double cups~ -7.08  double cups -7.90   led   0/  0 h1.00 b0.00 lvl-3.25   - (nothing there)
frame   999 :  a single cup~ +7.53*  a single cup -1.63  two cups -4.89  tableware -5.38  double cups~ -7.53  double cups -8.15   led   0/  0 h1.00 b0.00 lvl-3.34   - (nothing there)
background: after 30 frames (frozen, room spread), this room reads  a single cup~ 0.022 +-0.0037 (COCO -0.016 +-0.0386)  double cups~ -0.022 +-0.0037 (COCO 0.016 +-0.0386)  a single cup -0.093 +-0.0046 (COCO -0.142 +-0.0335)  double cups -0.108 +-0.0033 (COCO -0.132 +-0.0316)  two cups -0.126 +-0.0034 (COCO -0.137 +-0.0328)  tableware -0.116 +-0.0044 (COCO -0.158 +-0.0450)
frame  1000 :  a single cup~ +7.96*  a single cup -1.27  two cups -4.79  tableware -4.82  double cups~ -7.96  double cups -7.99   led   0/  0 h1.00 b0.00 lvl-3.15   - (nothing there)
frame  1001 :  a single cup~ +7.75*  a single cup -1.66  tableware -5.28  two cups -5.28  double cups~ -7.75  double cups -8.37   led   0/  0 h1.00 b0.00 lvl-3.43   - (nothing there)
frame  1002 :  a single cup~ +7.86*  a single cup -1.49  two cups -5.04  tableware -5.35  double cups~ -7.86  double cups -8.21   led   0/  0 h1.00 b0.00 lvl-3.35   - (nothing there)
frame  1003 :  a single cup~ +7.99*  a single cup -1.37  two cups -4.96  tableware -5.48  double cups~ -7.99  double cups -8.15   led   0/  0 h1.00 b0.00 lvl-3.33   - (nothing there)
frame  1004 :  a single cup~ +7.50*  a single cup -1.65  two cups -5.20  tableware -5.36  double cups~ -7.50  double cups -8.17   led   0/  0 h1.00 b0.00 lvl-3.40   - (nothing there)
frame  1005 :  a single cup~ +7.86*  a single cup -1.73  two cups -5.39  tableware -5.77  double cups~ -7.86  double cups -8.55   led   0/  0 h1.00 b0.00 lvl-3.57   - (nothing there)
frame  1006 :  a single cup~ +7.59*  a single cup -1.94  two cups -5.53  tableware -5.78  double cups~ -7.59  double cups -8.64   led   0/  0 h1.00 b0.00 lvl-3.65   - (nothing there)
frame  1007 :  a single cup~ +8.03*  a single cup -1.28  two cups -4.92  tableware -5.18  double cups~ -8.03  double cups -8.05   led   0/  0 h1.00 b0.00 lvl-3.24   - (nothing there)
frame  1008 :  a single cup~ +7.09*  a single cup -1.98  two cups -5.28  tableware -5.47  double cups~ -7.09  double cups -8.32   led   0/  0 h1.00 b0.00 lvl-3.51   - (nothing there)
frame  1009 :  a single cup~ +7.38*  a single cup -1.83  tableware -5.07  two cups -5.29  double cups~ -7.38  double cups -8.32   led   0/  0 h1.00 b0.00 lvl-3.42   - (nothing there)
frame  1010 :  a single cup~ +7.15*  a single cup -2.07  tableware -5.38  two cups -5.44  double cups~ -7.15  double cups -8.49   led   0/  0 h1.00 b0.00 lvl-3.56   - (nothing there)
frame  1011 :  a single cup~ +7.31*  a single cup -1.98  two cups -5.26  tableware -5.45  double cups~ -7.31  double cups -8.48   led   0/  0 h1.00 b0.00 lvl-3.53   - (nothing there)
frame  1012 :  a single cup~ +7.34*  a single cup -2.09  two cups -5.31  tableware -6.18  double cups~ -7.34  double cups -8.67   led   0/  0 h1.00 b0.00 lvl-3.71   - (nothing there)
frame  1013 :  a single cup~ +8.01*  a single cup -1.72  two cups -5.29  tableware -6.02  double cups~ -8.01  double cups -8.66   led   0/  0 h1.00 b0.00 lvl-3.62   - (nothing there)
frame  1014 :  a single cup~ +7.87*  a single cup -1.38  two cups -4.83  tableware -5.35  double cups~ -7.87  double cups -8.06   led   0/  0 h1.00 b0.00 lvl-3.27   - (nothing there)
frame  1015 :  a single cup~ +7.51*  a single cup -1.73  two cups -5.16  tableware -5.42  double cups~ -7.51  double cups -8.28   led   0/  0 h1.00 b0.00 lvl-3.43   - (nothing there)
frame  1016 :  a single cup~ +8.31*  a single cup -1.47  two cups -5.20  tableware -5.60  double cups~ -8.31  double cups -8.53   led   0/  0 h1.00 b0.00 lvl-3.47   - (nothing there)
frame  1017 :  a single cup~ +7.79*  a single cup -1.59  two cups -4.87  tableware -5.61  double cups~ -7.79  double cups -8.30   led   0/  0 h1.00 b0.00 lvl-3.39   - (nothing there)
frame  1018 :  a single cup~ +7.90*  a single cup -1.28  two cups -4.51  tableware -5.39  double cups~ -7.90  double cups -7.95   led   0/  0 h1.00 b0.00 lvl-3.19   - (nothing there)
frame  1019 :  a single cup~ +7.72*  a single cup -1.52  two cups -4.89  tableware -5.30  double cups~ -7.72  double cups -8.15   led   0/  0 h1.00 b0.00 lvl-3.31   - (nothing there)
frame  1020 :  a single cup~ +7.86*  a single cup -1.64  two cups -5.18  tableware -5.77  double cups~ -7.86  double cups -8.43   led   0/  0 h1.00 b0.00 lvl-3.50   - (nothing there)
frame  1021 :  a single cup~ +7.88*  a single cup -1.43  two cups -5.03  tableware -5.32  double cups~ -7.88  double cups -8.15   led   0/  0 h1.00 b0.00 lvl-3.32   - (nothing there)
frame  1022 :  a single cup~ +7.21*  a single cup -1.80  two cups -4.82  tableware -5.78  double cups~ -7.21  double cups -8.16   led   0/  0 h1.00 b0.00 lvl-3.43   - (nothing there)
frame  1023 :  a single cup~ +7.27*  a single cup -1.49  two cups -4.73  tableware -4.91  double cups~ -7.27  double cups -7.75   led   0/  0 h1.00 b0.00 lvl-3.15   - (nothing there)
frame  1024 :  a single cup~ +6.98*  a single cup -1.66  two cups -4.54  tableware -5.37  double cups~ -6.98  double cups -7.77   led   0/  0 h1.00 b0.00 lvl-3.22   - (nothing there)
frame  1025 :  a single cup~ +6.47*  a single cup -2.03  two cups -4.73  tableware -5.45  double cups~ -6.47  double cups -7.90   led   0/  0 h1.00 b0.00 lvl-3.35   - (nothing there)
frame  1026 :  a single cup~ +7.24*  a single cup -2.00  two cups -5.37  tableware -5.79  double cups~ -7.24  double cups -8.46   led   0/  0 h1.00 b0.00 lvl-3.60   - (nothing there)
frame  1027 :  a single cup~ +7.12*  a single cup -2.21  two cups -5.36  tableware -6.22  double cups~ -7.12  double cups -8.66   led   0/  0 h1.00 b0.00 lvl-3.74   - (nothing there)
frame  1028 :  a single cup~ +7.66*  a single cup -1.79  two cups -5.11  tableware -6.00  double cups~ -7.66  double cups -8.49   led   0/  0 h1.00 b0.00 lvl-3.56   - (nothing there)
frame  1029 :  a single cup~ +7.27*  a single cup -1.60  two cups -4.76  tableware -5.43  double cups~ -7.27  double cups -7.91   led   0/  0 h1.00 b0.00 lvl-3.28   - (nothing there)
frame  1030 :  a single cup~ +7.50*  a single cup -1.52  two cups -4.60  tableware -5.53  double cups~ -7.50  double cups -7.98   led   0/  0 h1.00 b0.00 lvl-3.27   - (nothing there)
frame  1031 :  a single cup~ +7.27*  a single cup -1.96  two cups -4.99  tableware -5.74  double cups~ -7.27  double cups -8.42   led   0/  0 h1.00 b0.00 lvl-3.52   - (nothing there)
frame  1032 :  a single cup~ +7.55*  a single cup -1.65  two cups -4.79  tableware -5.36  double cups~ -7.55  double cups -8.20   led   0/  0 h1.00 b0.00 lvl-3.33   - (nothing there)
frame  1033 :  a single cup~ +7.00*  a single cup -2.08  tableware -5.31  two cups -5.38  double cups~ -7.00  double cups -8.39   led   0/  0 h1.00 b0.00 lvl-3.53   - (nothing there)
frame  1034 :  a single cup~ +7.53*  a single cup -1.23  two cups -4.49  tableware -4.74  double cups~ -7.53  double cups -7.59   led   0/  0 h1.00 b0.00 lvl-3.01   - (nothing there)
frame  1035 :  a single cup~ +7.09*  a single cup -1.53  two cups -4.47  tableware -4.94  double cups~ -7.09  double cups -7.67   led   0/  0 h1.00 b0.00 lvl-3.10   - (nothing there)
frame  1036 :  a single cup~ +7.02*  a single cup -1.68  two cups -4.68  tableware -5.34  double cups~ -7.02  double cups -7.83   led   0/  0 h1.00 b0.00 lvl-3.26   - (nothing there)
frame  1037 :  a single cup~ +7.16*  a single cup -1.69  two cups -4.61  tableware -5.52  double cups~ -7.16  double cups -7.96   led   0/  0 h1.00 b0.00 lvl-3.30   - (nothing there)
frame  1038 :  a single cup~ +7.46*  a single cup -1.46  two cups -4.44  tableware -5.67  double cups~ -7.46  double cups -7.86   led   0/  0 h1.00 b0.00 lvl-3.24   - (nothing there)
frame  1039 :  a single cup~ +7.45*  a single cup -1.40  two cups -4.20  tableware -5.72  double cups~ -7.45  double cups -7.77   led   0/  0 h1.00 b0.00 lvl-3.18   - (nothing there)
frame  1040 :  a single cup~ +7.74*  a single cup -1.26  two cups -4.34  tableware -5.36  double cups~ -7.74  double cups -7.80   led   0/  0 h1.00 b0.00 lvl-3.12   - (nothing there)
frame  1041 :  a single cup~ +7.89*  a single cup -1.81  two cups -5.14  tableware -6.45  double cups~ -7.89  double cups -8.69   led   0/  0 h1.00 b0.00 lvl-3.68   - (nothing there)
frame  1042 :  a single cup~ +7.61*  a single cup -1.79  two cups -4.97  tableware -6.16  double cups~ -7.61  double cups -8.45   led   0/  0 h1.00 b0.00 lvl-3.56   - (nothing there)
frame  1043 :  a single cup~ +7.57*  a single cup -1.70  two cups -4.74  tableware -5.92  double cups~ -7.57  double cups -8.29   led   0/  0 h1.00 b0.00 lvl-3.44   - (nothing there)
frame  1044 :  a single cup~ +7.23*  a single cup -1.87  two cups -4.93  tableware -5.83  double cups~ -7.23  double cups -8.27   led   0/  0 h1.00 b0.00 lvl-3.48   - (nothing there)
frame  1045 :  a single cup~ +6.89*  a single cup -2.06  two cups -5.16  tableware -5.50  double cups~ -6.89  double cups -8.27   led   0/  0 h1.00 b0.00 lvl-3.50   - (nothing there)
frame  1046 :  a single cup~ +7.12*  a single cup -2.11  two cups -5.34  tableware -5.64  double cups~ -7.12  double cups -8.52   led   0/  0 h1.00 b0.00 lvl-3.60   - (nothing there)
frame  1047 :  a single cup~ +7.53*  a single cup -1.69  two cups -4.98  tableware -5.35  double cups~ -7.53  double cups -8.25   led   0/  0 h1.00 b0.00 lvl-3.38   - (nothing there)
frame  1048 :  a single cup~ +8.12*  a single cup -1.64  two cups -5.02  tableware -5.69  double cups~ -8.12  double cups -8.63   led   0/  0 h1.00 b0.00 lvl-3.49   - (nothing there)
frame  1049 :  a single cup~ +8.22*  a single cup -1.42  two cups -4.99  tableware -5.69  double cups~ -8.22  double cups -8.39   led   0/  0 h1.00 b0.00 lvl-3.41   - (nothing there)
frame  1050 :  a single cup~ +8.03*  a single cup -1.25  two cups -4.68  tableware -5.31  double cups -8.00  double cups~ -8.03   led   0/  0 h1.00 b0.00 lvl-3.21   - (nothing there)
frame  1051 :  a single cup~ +8.08*  a single cup -1.10  two cups -4.48  tableware -4.96  double cups -7.83  double cups~ -8.08   led   0/  0 h1.00 b0.00 lvl-3.06   - (nothing there)
frame  1052 :  a single cup~ +8.23*  a single cup -1.14  two cups -4.45  tableware -5.70  double cups -8.01  double cups~ -8.23   led   0/  0 h1.00 b0.00 lvl-3.22   - (nothing there)
frame  1053 :  a single cup~ +8.04*  a single cup -1.45  two cups -4.56  tableware -6.06  double cups~ -8.04  double cups -8.29   led   0/  0 h1.00 b0.00 lvl-3.39   - (nothing there)
frame  1054 :  a single cup~ +8.07*  a single cup -1.42  two cups -4.82  tableware -5.94  double cups~ -8.07  double cups -8.28   led   0/  0 h1.00 b0.00 lvl-3.41   - (nothing there)
frame  1055 :  a single cup~ +8.05*  a single cup -1.53  two cups -5.00  tableware -6.04  double cups~ -8.05  double cups -8.42   led   0/  0 h1.00 b0.00 lvl-3.50   - (nothing there)
frame  1056 :  a single cup~ +7.71*  a single cup -1.28  two cups -4.60  tableware -5.08  double cups~ -7.71  double cups -7.80   led   0/  0 h1.00 b0.00 lvl-3.13   - (nothing there)
frame  1057 :  a single cup~ +7.79*  a single cup -1.56  two cups -5.07  tableware -5.21  double cups~ -7.79  double cups -8.26   led   0/  0 h1.00 b0.00 lvl-3.35   - (nothing there)
frame  1058 :  a single cup~ +7.61*  a single cup -1.36  two cups -4.57  tableware -5.31  double cups~ -7.61  double cups -7.84   led   0/  0 h1.00 b0.00 lvl-3.18   - (nothing there)
frame  1059 :  a single cup~ +7.79*  a single cup -1.21  two cups -4.39  tableware -5.00  double cups -7.77  double cups~ -7.79   led   0/  0 h1.00 b0.00 lvl-3.06   - (nothing there)
frame  1060 :  a single cup~ +8.23*  a single cup -0.97  two cups -4.10  tableware -5.17  double cups -7.77  double cups~ -8.23   led   0/  0 h1.00 b0.00 lvl-3.00   - (nothing there)
frame  1061 :  a single cup~ +7.53*  a single cup -1.23  two cups -4.02  tableware -5.24  double cups~ -7.53  double cups -7.59   led   0/  0 h1.00 b0.00 lvl-3.01   - (nothing there)
frame  1062 :  a single cup~ +7.60*  a single cup -1.42  two cups -4.10  tableware -5.42  double cups~ -7.60  double cups -7.91   led   0/  0 h1.00 b0.00 lvl-3.14   - (nothing there)
frame  1063 :  a single cup~ +7.48*  a single cup -1.29  two cups -4.05  tableware -5.25  double cups~ -7.48  double cups -7.63   led   0/  0 h1.00 b0.00 lvl-3.04   - (nothing there)
frame  1064 :  a single cup~ +7.21*  a single cup -1.46  two cups -3.99  tableware -5.36  double cups~ -7.21  double cups -7.67   led   0/  0 h1.00 b0.00 lvl-3.08   - (nothing there)
frame  1065 :  a single cup~ +6.78*  a single cup -1.69  two cups -4.06  tableware -5.65  double cups~ -6.78  double cups -7.65   led   0/  0 h1.00 b0.00 lvl-3.18   - (nothing there)
frame  1066 :  a single cup~ +6.87*  a single cup -2.01  two cups -4.62  tableware -5.64  double cups~ -6.87  double cups -8.19   led   0/  0 h1.00 b0.00 lvl-3.41   - (nothing there)
frame  1067 :  a single cup~ +7.17*  a single cup -1.75  two cups -4.69  tableware -5.19  double cups~ -7.17  double cups -8.05   led   0/  0 h1.00 b0.00 lvl-3.28   - (nothing there)
frame  1068 :  a single cup~ +7.48*  a single cup -1.74  two cups -4.81  tableware -5.60  double cups~ -7.48  double cups -8.28   led   0/  0 h1.00 b0.00 lvl-3.41   - (nothing there)
frame  1069 :  a single cup~ +7.56*  a single cup -1.61  two cups -4.58  tableware -5.75  double cups~ -7.56  double cups -8.15   led   0/  0 h1.00 b0.00 lvl-3.35   - (nothing there)
frame  1070 :  a single cup~ +7.83*  a single cup -1.39  two cups -4.38  tableware -5.43  double cups~ -7.83  double cups -8.06   led   0/  0 h1.00 b0.00 lvl-3.21   - (nothing there)
frame  1071 :  a single cup~ +7.73*  a single cup -1.31  two cups -4.12  tableware -5.61  double cups~ -7.73  double cups -7.86   led   0/  0 h1.00 b0.00 lvl-3.15   - (nothing there)
frame  1072 :  a single cup~ +7.48*  a single cup -1.33  two cups -3.97  tableware -5.43  double cups~ -7.48  double cups -7.68   led   0/  0 h1.00 b0.00 lvl-3.07   - (nothing there)
frame  1073 :  a single cup~ +7.50*  a single cup -1.49  two cups -4.27  tableware -5.45  double cups~ -7.50  double cups -7.93   led   0/  0 h1.00 b0.00 lvl-3.19   - (nothing there)
frame  1074 :  a single cup~ +7.71*  a single cup -1.47  two cups -4.67  tableware -5.37  double cups~ -7.71  double cups -8.08   led   0/  0 h1.00 b0.00 lvl-3.26   - (nothing there)
frame  1075 :  a single cup~ +8.12*  a single cup -1.74  two cups -5.33  tableware -5.90  double cups~ -8.12  double cups -8.78   led   0/  0 h1.00 b0.00 lvl-3.62   - (nothing there)
frame  1076 :  a single cup~ +8.25*  a single cup -1.60  two cups -5.37  tableware -5.68  double cups~ -8.25  double cups -8.68   led   0/  0 h1.00 b0.00 lvl-3.55   - (nothing there)
frame  1077 :  a single cup~ +8.78*  a single cup -1.36  two cups -5.31  tableware -5.70  double cups -8.75  double cups~ -8.78   led   0/  0 h1.00 b0.00 lvl-3.52   - (nothing there)
frame  1078 :  a single cup~ +8.42*  a single cup -1.56  two cups -5.25  tableware -5.87  double cups~ -8.42  double cups -8.75   led   0/  0 h1.00 b0.00 lvl-3.57   - (nothing there)
frame  1079 :  a single cup~ +8.17*  a single cup -1.50  two cups -4.95  tableware -5.56  double cups~ -8.17  double cups -8.47   led   0/  0 h1.00 b0.00 lvl-3.41   - (nothing there)
frame  1080 :  a single cup~ +7.81*  a single cup -1.34  two cups -4.23  tableware -5.51  double cups~ -7.81  double cups -7.96   led   0/  0 h1.00 b0.00 lvl-3.17   - (nothing there)
frame  1081 :  a single cup~ +7.63*  a single cup -1.43  two cups -4.26  tableware -5.48  double cups~ -7.63  double cups -7.95   led   0/  0 h1.00 b0.00 lvl-3.19   - (nothing there)
frame  1082 :  a single cup~ +7.23*  a single cup -1.84  two cups -4.56  tableware -5.60  double cups~ -7.23  double cups -8.23   led   0/  0 h1.00 b0.00 lvl-3.37   - (nothing there)
frame  1083 :  a single cup~ +7.42*  a single cup -1.42  two cups -3.99  tableware -5.29  double cups~ -7.42  double cups -7.78   led   0/  0 h1.00 b0.00 lvl-3.08   - (nothing there)
frame  1084 :  a single cup~ +7.48*  a single cup -1.53  two cups -4.47  tableware -5.47  double cups~ -7.48  double cups -7.98   led   0/  0 h1.00 b0.00 lvl-3.24   - (nothing there)
frame  1085 :  a single cup~ +7.36*  a single cup -1.56  two cups -4.15  tableware -5.59  double cups~ -7.36  double cups -7.92   led   0/  0 h1.00 b0.00 lvl-3.20   - (nothing there)
frame  1086 :  a single cup~ +7.73*  a single cup -1.35  two cups -4.18  tableware -5.35  double cups~ -7.73  double cups -7.92   led   0/  0 h1.00 b0.00 lvl-3.13   - (nothing there)
frame  1087 :  a single cup~ +7.89*  a single cup -1.69  two cups -4.64  tableware -6.02  double cups~ -7.89  double cups -8.52   led   0/  0 h1.00 b0.00 lvl-3.48   - (nothing there)
frame  1088 :  a single cup~ +7.79*  a single cup -1.52  two cups -4.52  tableware -5.81  double cups~ -7.79  double cups -8.20   led   0/  0 h1.00 b0.00 lvl-3.34   - (nothing there)
frame  1089 :  a single cup~ +8.22*  a single cup -1.69  two cups -5.23  tableware -5.86  double cups~ -8.22  double cups -8.78   led   0/  0 h1.00 b0.00 lvl-3.59   - (nothing there)
frame  1090 :  a single cup~ +8.40*  a single cup -1.50  two cups -5.36  tableware -5.70  double cups~ -8.40  double cups -8.65   led   0/  0 h1.00 b0.00 lvl-3.53   - (nothing there)
frame  1091 :  a single cup~ +8.19*  a single cup -1.70  two cups -5.24  tableware -6.15  double cups~ -8.19  double cups -8.77   led   0/  0 h1.00 b0.00 lvl-3.64   - (nothing there)
frame  1092 :  a single cup~ +7.77*  a single cup -1.43  two cups -4.60  tableware -5.54  double cups~ -7.77  double cups -8.05   led   0/  0 h1.00 b0.00 lvl-3.27   - (nothing there)
frame  1093 :  a single cup~ +7.67*  a single cup -1.52  two cups -4.44  tableware -5.93  double cups~ -7.67  double cups -8.11   led   0/  0 h1.00 b0.00 lvl-3.33   - (nothing there)
frame  1094 :  a single cup~ +7.25*  a single cup -1.79  two cups -4.45  tableware -6.15  double cups~ -7.25  double cups -8.17   led   0/  0 h1.00 b0.00 lvl-3.43   - (nothing there)
frame  1095 :  a single cup~ +7.43*  a single cup -1.63  two cups -4.45  tableware -6.05  double cups~ -7.43  double cups -8.08   led   0/  0 h1.00 b0.00 lvl-3.37   - (nothing there)
frame  1096 :  a single cup~ +7.60*  a single cup -1.96  two cups -5.26  tableware -6.16  double cups~ -7.60  double cups -8.69   led   0/  0 h1.00 b0.00 lvl-3.68   - (nothing there)
frame  1097 :  a single cup~ +7.82*  a single cup -2.20  two cups -5.76  tableware -6.50  double cups~ -7.82  double cups -9.20   led   0/  0 h1.00 b0.00 lvl-3.94   - (nothing there)
frame  1098 :  a single cup~ +7.51*  a single cup -1.94  two cups -4.95  tableware -6.06  double cups~ -7.51  double cups -8.58   led   0/  0 h1.00 b0.00 lvl-3.59   - (nothing there)
frame  1099 :  a single cup~ +7.45*  a single cup -1.83  two cups -4.65  tableware -6.07  double cups~ -7.45  double cups -8.38   led   0/  0 h1.00 b0.00 lvl-3.49   - (nothing there)
background: after 30 frames (frozen, room spread), this room reads  a single cup~ 0.022 +-0.0037 (COCO -0.016 +-0.0386)  double cups~ -0.022 +-0.0037 (COCO 0.016 +-0.0386)  a single cup -0.093 +-0.0046 (COCO -0.142 +-0.0335)  double cups -0.108 +-0.0033 (COCO -0.132 +-0.0316)  two cups -0.126 +-0.0034 (COCO -0.137 +-0.0328)  tableware -0.116 +-0.0044 (COCO -0.158 +-0.0450)
frame  1100 :  a single cup~ +7.22*  a single cup -1.91  two cups -4.69  tableware -6.17  double cups~ -7.22  double cups -8.32   led   0/  0 h1.00 b0.00 lvl-3.52   - (nothing there)
frame  1101 :  a single cup~ +8.20*  a single cup -1.72  two cups -5.14  tableware -6.51  double cups~ -8.20  double cups -8.80   led   0/  0 h1.00 b0.00 lvl-3.69   - (nothing there)
frame  1102 :  a single cup~ +7.88*  a single cup -1.65  two cups -4.69  tableware -6.16  double cups~ -7.88  double cups -8.46   led   0/  0 h1.00 b0.00 lvl-3.49   - (nothing there)
frame  1103 :  a single cup~ +7.69*  a single cup -1.66  two cups -4.87  tableware -5.53  double cups~ -7.69  double cups -8.33   led   0/  0 h1.00 b0.00 lvl-3.40   - (nothing there)
frame  1104 :  a single cup~ +7.55*  a single cup -1.89  two cups -5.15  tableware -5.78  double cups~ -7.55  double cups -8.54   led   0/  0 h1.00 b0.00 lvl-3.56   - (nothing there)
frame  1105 :  a single cup~ +8.17*  a single cup -1.71  two cups -5.36  tableware -5.95  double cups~ -8.17  double cups -8.77   led   0/  0 h1.00 b0.00 lvl-3.63   - (nothing there)
frame  1106 :  a single cup~ +8.05*  a single cup -1.66  two cups -5.03  tableware -5.89  double cups~ -8.05  double cups -8.60   led   0/  0 h1.00 b0.00 lvl-3.53   - (nothing there)
frame  1107 :  a single cup~ +7.65*  a single cup -1.88  two cups -4.97  tableware -5.80  double cups~ -7.65  double cups -8.61   led   0/  0 h1.00 b0.00 lvl-3.54   - (nothing there)
frame  1108 :  a single cup~ +7.94*  a single cup -1.81  two cups -5.24  tableware -5.94  double cups~ -7.94  double cups -8.73   led   0/  0 h1.00 b0.00 lvl-3.62   - (nothing there)
frame  1109 :  a single cup~ +8.10*  a single cup -1.72  two cups -5.39  tableware -6.05  double cups~ -8.10  double cups -8.73   led   0/  0 h1.00 b0.00 lvl-3.65   - (nothing there)
frame  1110 :  a single cup~ +7.70*  a single cup -1.45  two cups -4.95  tableware -5.17  double cups~ -7.70  double cups -8.04   led   0/  0 h1.00 b0.00 lvl-3.27   - (nothing there)
frame  1111 :  a single cup~ +7.80*  a single cup -1.49  two cups -4.73  tableware -5.48  double cups~ -7.80  double cups -8.17   led   0/  0 h1.00 b0.00 lvl-3.31   - (nothing there)
frame  1112 :  a single cup~ +7.59*  a single cup -1.61  two cups -4.83  tableware -5.33  double cups~ -7.59  double cups -8.18   led   0/  0 h1.00 b0.00 lvl-3.32   - (nothing there)
frame  1113 :  a single cup~ +7.45*  a single cup -1.53  two cups -4.54  tableware -5.60  double cups~ -7.45  double cups -7.95   led   0/  0 h1.00 b0.00 lvl-3.27   - (nothing there)
frame  1114 :  a single cup~ +7.37*  a single cup -1.86  two cups -4.79  tableware -5.88  double cups~ -7.37  double cups -8.36   led   0/  0 h1.00 b0.00 lvl-3.48   - (nothing there)
frame  1115 :  a single cup~ +7.69*  a single cup -1.62  two cups -4.90  tableware -5.81  double cups~ -7.69  double cups -8.27   led   0/  0 h1.00 b0.00 lvl-3.43   - (nothing there)
frame  1116 :  a single cup~ +7.88*  a single cup -1.42  two cups -4.73  tableware -5.58  double cups~ -7.88  double cups -8.12   led   0/  0 h1.00 b0.00 lvl-3.31   - (nothing there)
frame  1117 :  a single cup~ +8.01*  a single cup -1.58  two cups -5.19  tableware -5.57  double cups~ -8.01  double cups -8.46   led   0/  0 h1.00 b0.00 lvl-3.47   - (nothing there)
frame  1118 :  a single cup~ +7.67*  a single cup -1.87  two cups -5.54  tableware -5.89  double cups~ -7.67  double cups -8.60   led   0/  0 h1.00 b0.00 lvl-3.65   - (nothing there)
frame  1119 :  a single cup~ +7.53*  a single cup -1.68  two cups -5.26  tableware -5.47  double cups~ -7.53  double cups -8.23   led   0/  0 h1.00 b0.00 lvl-3.44   - (nothing there)
frame  1120 :  a single cup~ +7.16*  a single cup -2.02  two cups -5.32  tableware -5.85  double cups~ -7.16  double cups -8.42   led   0/  0 h1.00 b0.00 lvl-3.60   - (nothing there)
frame  1121 :  a single cup~ +8.03*  a single cup -1.63  two cups -5.24  tableware -6.03  double cups~ -8.03  double cups -8.54   led   0/  0 h1.00 b0.00 lvl-3.57   - (nothing there)
frame  1122 :  a single cup~ +7.44*  a single cup -1.78  two cups -5.30  tableware -5.68  double cups~ -7.44  double cups -8.31   led   0/  0 h1.00 b0.00 lvl-3.51   - (nothing there)
frame  1123 :  a single cup~ +7.82*  a single cup -2.07  two cups -5.80  tableware -6.58  double cups~ -7.82  double cups -9.01   led   0/  0 h1.00 b0.00 lvl-3.91   - (nothing there)
frame  1124 :  a single cup~ +7.40*  a single cup -2.28  two cups -5.74  tableware -6.62  double cups~ -7.40  double cups -8.98   led   0/  0 h1.00 b0.00 lvl-3.94   - (nothing there)
frame  1125 :  a single cup~ +7.69*  a single cup -2.10  two cups -5.65  tableware -6.43  double cups~ -7.69  double cups -8.95   led   0/  0 h1.00 b0.00 lvl-3.86   - (nothing there)
frame  1126 :  a single cup~ +8.14*  a single cup -1.76  two cups -5.60  tableware -6.53  double cups~ -8.14  double cups -8.81   led   0/  0 h1.00 b0.00 lvl-3.78   - (nothing there)
frame  1127 :  a single cup~ +8.14*  a single cup -1.51  two cups -5.29  tableware -6.00  double cups~ -8.14  double cups -8.46   led   0/  0 h1.00 b0.00 lvl-3.54   - (nothing there)
frame  1128 :  a single cup~ +8.62*  a single cup -1.25  two cups -5.06  tableware -5.75  double cups -8.46  double cups~ -8.62   led   0/  0 h1.00 b0.00 lvl-3.42   - (nothing there)
frame  1129 :  a single cup~ +7.68*  a single cup -1.76  two cups -5.03  tableware -6.09  double cups~ -7.68  double cups -8.47   led   0/  0 h1.00 b0.00 lvl-3.56   - (nothing there)
frame  1130 :  a single cup~ +7.68*  a single cup -1.52  two cups -4.96  tableware -5.55  double cups~ -7.68  double cups -8.12   led   0/  0 h1.00 b0.00 lvl-3.36   - (nothing there)
frame  1131 :  a single cup~ +7.81*  a single cup -1.54  two cups -5.07  tableware -5.39  double cups~ -7.81  double cups -8.25   led   0/  0 h1.00 b0.00 lvl-3.37   - (nothing there)
frame  1132 :  a single cup~ +7.64*  a single cup -2.06  two cups -5.56  tableware -6.07  double cups~ -7.64  double cups -8.85   led   0/  0 h1.00 b0.00 lvl-3.76   - (nothing there)
frame  1133 :  a single cup~ +7.67*  a single cup -1.70  two cups -5.32  tableware -5.53  double cups~ -7.67  double cups -8.37   led   0/  0 h1.00 b0.00 lvl-3.49   - (nothing there)
frame  1134 :  a single cup~ +7.59*  a single cup -1.67  tableware -5.13  two cups -5.25  double cups~ -7.59  double cups -8.25   led   0/  0 h1.00 b0.00 lvl-3.38   - (nothing there)
frame  1135 :  a single cup~ +7.27*  a single cup -1.88  tableware -4.97  two cups -5.45  double cups~ -7.27  double cups -8.31   led   0/  0 h1.00 b0.00 lvl-3.44   - (nothing there)
frame  1136 :  a single cup~ +6.88*  a single cup -1.92  tableware -5.11  two cups -5.12  double cups~ -6.88  double cups -8.06   led   0/  0 h1.00 b0.00 lvl-3.37   - (nothing there)
frame  1137 :  a single cup~ +6.08*  a single cup -2.07  two cups -4.79  tableware -4.83  double cups~ -6.08  double cups -7.65   led   0/  0 h1.00 b0.00 lvl-3.22   - (nothing there)
frame  1138 :  a single cup~ +6.41*  a single cup -2.22  two cups -5.02  tableware -5.40  double cups~ -6.41  double cups -8.12   led   0/  0 h1.00 b0.00 lvl-3.46   - (nothing there)
frame  1139 :  a single cup~ +6.44*  a single cup -2.21  two cups -4.83  tableware -5.65  double cups~ -6.44  double cups -8.14   led   0/  0 h1.00 b0.00 lvl-3.47   - (nothing there)
frame  1140 :  a single cup~ +6.38*  a single cup -2.00  two cups -4.52  tableware -5.50  double cups~ -6.38  double cups -7.79   led   0/  0 h1.00 b0.00 lvl-3.30   - (nothing there)
frame  1141 :  a single cup~ +7.03*  a single cup -1.90  two cups -4.79  tableware -5.79  double cups~ -7.03  double cups -8.16   led   0/  0 h1.00 b0.00 lvl-3.44   - (nothing there)
frame  1142 :  a single cup~ +7.47*  a single cup -1.58  two cups -4.79  tableware -5.63  double cups~ -7.47  double cups -8.05   led   0/  0 h1.00 b0.00 lvl-3.34   - (nothing there)
frame  1143 :  a single cup~ +7.27*  a single cup -1.80  two cups -4.78  tableware -5.91  double cups~ -7.27  double cups -8.21   led   0/  0 h1.00 b0.00 lvl-3.45   - (nothing there)
frame  1144 :  a single cup~ +7.01*  a single cup -2.22  two cups -5.41  tableware -6.15  double cups~ -7.01  double cups -8.58   led   0/  0 h1.00 b0.00 lvl-3.73   - (nothing there)
frame  1145 :  a single cup~ +7.26*  a single cup -2.02  two cups -5.52  tableware -5.83  double cups~ -7.26  double cups -8.50   led   0/  0 h1.00 b0.00 lvl-3.64   - (nothing there)
frame  1146 :  a single cup~ +7.41*  a single cup -1.80  two cups -5.32  tableware -5.70  double cups~ -7.41  double cups -8.30   led   0/  0 h1.00 b0.00 lvl-3.52   - (nothing there)
frame  1147 :  a single cup~ +7.29*  a single cup -2.04  two cups -5.45  tableware -5.98  double cups~ -7.29  double cups -8.56   led   0/  0 h1.00 b0.00 lvl-3.67   - (nothing there)
frame  1148 :  a single cup~ +6.60*  a single cup -1.97  two cups -4.84  tableware -5.18  double cups~ -6.60  double cups -7.92   led   0/  0 h1.00 b0.00 lvl-3.32   - (nothing there)
frame  1149 :  a single cup~ +6.29*  a single cup -2.44  two cups -5.22  tableware -5.86  double cups~ -6.29  double cups -8.34   led   0/  0 h1.00 b0.00 lvl-3.64   - (nothing there)
frame  1150 :  a single cup~ +6.90*  a single cup -2.18  two cups -5.35  tableware -5.83  double cups~ -6.90  double cups -8.45   led   0/  0 h1.00 b0.00 lvl-3.64   - (nothing there)
frame  1151 :  a single cup~ +6.72*  a single cup -2.31  tableware -5.62  two cups -5.70  double cups~ -6.72  double cups -8.49   led   0/  0 h1.00 b0.00 lvl-3.69   - (nothing there)
frame  1152 :  a single cup~ +6.89*  a single cup -2.43  tableware -5.56  two cups -6.16  double cups~ -6.89  double cups -8.80   led   0/  0 h1.00 b0.00 lvl-3.82   - (nothing there)
frame  1153 :  a single cup~ +7.46*  a single cup -2.16  tableware -5.69  two cups -6.32  double cups~ -7.46  double cups -8.86   led   0/  0 h1.00 b0.00 lvl-3.84   - (nothing there)
frame  1154 :  a single cup~ +7.38*  a single cup -1.92  tableware -5.53  two cups -5.70  double cups~ -7.38  double cups -8.45   led   0/  0 h1.00 b0.00 lvl-3.60   - (nothing there)
frame  1155 :  a single cup~ +7.55*  a single cup -2.43  tableware -6.23  two cups -6.48  double cups~ -7.55  double cups -9.31   led   0/  0 h1.00 b0.00 lvl-4.08   - (nothing there)
frame  1156 :  a single cup~ +7.15*  a single cup -2.51  tableware -6.10  two cups -6.20  double cups~ -7.15  double cups -9.12   led   0/  0 h1.00 b0.00 lvl-3.99   - (nothing there)
frame  1157 :  a single cup~ +7.13*  a single cup -2.48  two cups -6.08  tableware -6.18  double cups~ -7.13  double cups -9.05   led   0/  0 h1.00 b0.00 lvl-3.96   - (nothing there)
frame  1158 :  a single cup~ +7.26*  a single cup -2.29  two cups -5.96  tableware -6.07  double cups~ -7.26  double cups -8.89   led   0/  0 h1.00 b0.00 lvl-3.87   - (nothing there)
frame  1159 :  a single cup~ +7.67*  a single cup -2.32  two cups -6.15  tableware -6.37  double cups~ -7.67  double cups -9.25   led   0/  0 h1.00 b0.00 lvl-4.02   - (nothing there)
frame  1160 :  a single cup~ +7.19*  a single cup -2.56  tableware -6.17  two cups -6.18  double cups~ -7.19  double cups -9.22   led   0/  0 h1.00 b0.00 lvl-4.02   - (nothing there)
frame  1161 :  a single cup~ +6.98*  a single cup -2.56  tableware -6.10  two cups -6.12  double cups~ -6.98  double cups -9.06   led   0/  0 h1.00 b0.00 lvl-3.97   - (nothing there)
frame  1162 :  a single cup~ +7.00*  a single cup -2.61  two cups -6.26  tableware -6.33  double cups~ -7.00  double cups -9.13   led   0/  0 h1.00 b0.00 lvl-4.05   - (nothing there)
frame  1163 :  a single cup~ +6.88*  a single cup -2.45  two cups -5.86  tableware -6.06  double cups~ -6.88  double cups -8.83   led   0/  0 h1.00 b0.00 lvl-3.87   - (nothing there)
frame  1164 :  a single cup~ +6.70*  a single cup -2.39  two cups -5.45  tableware -6.07  double cups~ -6.70  double cups -8.60   led   0/  0 h1.00 b0.00 lvl-3.75   - (nothing there)
frame  1165 :  a single cup~ +6.93*  a single cup -2.16  two cups -5.31  tableware -5.66  double cups~ -6.93  double cups -8.45   led   0/  0 h1.00 b0.00 lvl-3.60   - (nothing there)
frame  1166 :  a single cup~ +6.75*  a single cup -1.93  two cups -5.21  tableware -5.47  double cups~ -6.75  double cups -7.97   led   0/  0 h1.00 b0.00 lvl-3.43   - (nothing there)
frame  1167 :  a single cup~ +7.34*  a single cup -1.89  tableware -5.57  two cups -5.62  double cups~ -7.34  double cups -8.38   led   0/  0 h1.00 b0.00 lvl-3.58   - (nothing there)
frame  1168 :  a single cup~ +7.35*  a single cup -2.12  two cups -5.95  tableware -6.23  double cups~ -7.35  double cups -8.71   led   0/  0 h1.00 b0.00 lvl-3.84   - (nothing there)
frame  1169 :  a single cup~ +6.50*  a single cup -2.50  two cups -5.71  tableware -6.34  double cups~ -6.50  double cups -8.60   led   0/  0 h1.00 b0.00 lvl-3.86   - (nothing there)
frame  1170 :  a single cup~ +6.43*  a single cup -2.58  two cups -5.49  tableware -6.35  double cups~ -6.43  double cups -8.65   led   0/  0 h1.00 b0.00 lvl-3.85   - (nothing there)
frame  1171 :  a single cup~ +6.67*  a single cup -2.34  two cups -5.59  tableware -5.60  double cups~ -6.67  double cups -8.50   led   0/  0 h1.00 b0.00 lvl-3.67   - (nothing there)
frame  1172 :  a single cup~ +6.89*  a single cup -2.37  tableware -5.75  two cups -5.92  double cups~ -6.89  double cups -8.72   led   0/  0 h1.00 b0.00 lvl-3.79   - (nothing there)
frame  1173 :  a single cup~ +7.47*  a single cup -2.05  tableware -5.50  two cups -6.15  double cups~ -7.47  double cups -8.71   led   0/  0 h1.00 b0.00 lvl-3.73   - (nothing there)
frame  1174 :  a single cup~ +7.57*  a single cup -2.49  two cups -6.45  tableware -6.52  double cups~ -7.57  double cups -9.41   led   0/  0 h1.00 b0.00 lvl-4.14   - (nothing there)
frame  1175 :  a single cup~ +7.60*  a single cup -2.82  two cups -6.84  tableware -7.11  double cups~ -7.60  double cups -9.90   led   0/  0 h1.00 b0.00 lvl-4.45   - (nothing there)
frame  1176 :  a single cup~ +7.25*  a single cup -2.92  two cups -6.74  tableware -6.82  double cups~ -7.25  double cups -9.76   led   0/  0 h1.00 b0.00 lvl-4.37   - (nothing there)
frame  1177 :  a single cup~ +7.30*  a single cup -2.83  two cups -6.67  tableware -6.84  double cups~ -7.30  double cups -9.68   led   0/  0 h1.00 b0.00 lvl-4.34   - (nothing there)
frame  1178 :  a single cup~ +7.24*  a single cup -2.86  two cups -6.68  tableware -6.74  double cups~ -7.24  double cups -9.68   led   0/  0 h1.00 b0.00 lvl-4.33   - (nothing there)
frame  1179 :  a single cup~ +7.23*  a single cup -2.66  two cups -6.44  tableware -6.61  double cups~ -7.23  double cups -9.39   led   0/  0 h1.00 b0.00 lvl-4.18   - (nothing there)
frame  1180 :  a single cup~ +6.45*  a single cup -3.05  double cups~ -6.45  tableware -6.54  two cups -6.73  double cups -9.34   led   0/  0 h1.00 b0.00 lvl-4.28   - (nothing there)
frame  1181 :  a single cup~ +6.14*  a single cup -3.33  double cups~ -6.14  tableware -6.38  two cups -6.91  double cups -9.49   led   0/  0 h1.00 b0.00 lvl-4.35   - (nothing there)
frame  1182 :  a single cup~ +6.97*  a single cup -2.89  tableware -6.10  double cups~ -6.97  two cups -7.05  double cups -9.51   led   0/  0 h1.00 b0.00 lvl-4.26   - (nothing there)
frame  1183 :  a single cup~ +6.71*  a single cup -2.75  tableware -5.88  two cups -6.47  double cups~ -6.71  double cups -9.11   led   0/  0 h1.00 b0.00 lvl-4.03   - (nothing there)
frame  1184 :  a single cup~ +6.84*  a single cup -2.90  tableware -6.17  two cups -6.64  double cups~ -6.84  double cups -9.43   led   0/  0 h1.00 b0.00 lvl-4.19   - (nothing there)
frame  1185 :  a single cup~ +6.87*  a single cup -3.01  two cups -6.71  tableware -6.75  double cups~ -6.87  double cups -9.60   led   0/  0 h1.00 b0.00 lvl-4.34   - (nothing there)
frame  1186 :  a single cup~ +6.56*  a single cup -3.27  double cups~ -6.56  tableware -6.75  two cups -7.02  double cups -9.73   led   0/  0 h1.00 b0.00 lvl-4.46   - (nothing there)
frame  1187 :  a single cup~ +6.04*  a single cup -3.08  double cups~ -6.04  two cups -6.41  tableware -6.58  double cups -9.06   led   0/  0 h1.00 b0.00 lvl-4.19   - (nothing there)
frame  1188 :  a single cup~ +6.18*  a single cup -3.35  double cups~ -6.18  two cups -6.82  tableware -6.86  double cups -9.56   led   0/  0 h1.00 b0.00 lvl-4.43   - (nothing there)
frame  1189 :  a single cup~ +6.92*  a single cup -3.00  tableware -6.85  two cups -6.90  double cups~ -6.92  double cups -9.62   led   0/  0 h1.00 b0.00 lvl-4.40   - (nothing there)
frame  1190 :  a single cup~ +6.50*  a single cup -3.18  double cups~ -6.50  two cups -6.79  tableware -7.06  double cups -9.56   led   0/  0 h1.00 b0.00 lvl-4.43   - (nothing there)
frame  1191 :  a single cup~ +6.38*  a single cup -3.23  double cups~ -6.38  two cups -6.85  tableware -7.05  double cups -9.54   led   0/  0 h1.00 b0.00 lvl-4.45   - (nothing there)
frame  1192 :  a single cup~ +6.87*  a single cup -2.94  tableware -6.67  double cups~ -6.87  two cups -6.95  double cups -9.51   led   0/  0 h1.00 b0.00 lvl-4.34   - (nothing there)
frame  1193 :  a single cup~ +7.35*  a single cup -2.53  tableware -6.36  two cups -6.58  double cups~ -7.35  double cups -9.29   led   0/  0 h1.00 b0.00 lvl-4.13   - (nothing there)
frame  1194 :  a single cup~ +6.79*  a single cup -3.03  tableware -6.59  double cups~ -6.79  two cups -7.04  double cups -9.57   led   0/  0 h1.00 b0.00 lvl-4.37   - (nothing there)
frame  1195 :  a single cup~ +6.87*  a single cup -2.80  tableware -6.13  two cups -6.85  double cups~ -6.87  double cups -9.30   led   0/  0 h1.00 b0.00 lvl-4.18   - (nothing there)
frame  1196 :  a single cup~ +7.46*  a single cup -2.55  tableware -6.24  two cups -6.89  double cups~ -7.46  double cups -9.41   led   0/  0 h1.00 b0.00 lvl-4.18   - (nothing there)
frame  1197 :  a single cup~ +7.64*  a single cup -2.68  tableware -6.47  two cups -7.01  double cups~ -7.64  double cups -9.74   led   0/  0 h1.00 b0.00 lvl-4.32   - (nothing there)
frame  1198 :  a single cup~ +7.39*  a single cup -2.40  tableware -5.91  two cups -6.50  double cups~ -7.39  double cups -9.15   led   0/  0 h1.00 b0.00 lvl-3.99   - (nothing there)
frame  1199 :  a single cup~ +7.92*  a single cup -2.35  tableware -6.23  two cups -6.97  double cups~ -7.92  double cups -9.48   led   0/  0 h1.00 b0.00 lvl-4.17   - (nothing there)
background: after 30 frames (frozen, room spread), this room reads  a single cup~ 0.022 +-0.0037 (COCO -0.016 +-0.0386)  double cups~ -0.022 +-0.0037 (COCO 0.016 +-0.0386)  a single cup -0.093 +-0.0046 (COCO -0.142 +-0.0335)  double cups -0.108 +-0.0033 (COCO -0.132 +-0.0316)  two cups -0.126 +-0.0034 (COCO -0.137 +-0.0328)  tableware -0.116 +-0.0044 (COCO -0.158 +-0.0450)
frame  1200 :  a single cup~ +8.07*  a single cup -2.30  tableware -6.10  two cups -7.32  double cups~ -8.07  double cups -9.53   led   0/  0 h1.00 b0.00 lvl-4.21   - (nothing there)
frame  1201 :  a single cup~ +7.62*  a single cup -2.63  tableware -6.05  two cups -7.46  double cups~ -7.62  double cups -9.65   led   0/  0 h1.00 b0.00 lvl-4.30   - (nothing there)
frame  1202 :  a single cup~ +7.39*  a single cup -2.37  tableware -5.65  two cups -6.67  double cups~ -7.39  double cups -9.10   led   0/  0 h1.00 b0.00 lvl-3.97   - (nothing there)
frame  1203 :  a single cup~ +6.99*  a single cup -2.13  tableware -5.36  two cups -5.94  double cups~ -6.99  double cups -8.45   led   0/  0 h1.00 b0.00 lvl-3.65   - (nothing there)
frame  1204 :  a single cup~ +6.50*  a single cup -2.89  tableware -5.91  double cups~ -6.50  two cups -6.69  double cups -9.15   led   0/  0 h1.00 b0.00 lvl-4.11   - (nothing there)
frame  1205 :  a single cup~ +6.29*  a single cup -3.18  double cups~ -6.29  tableware -6.37  two cups -7.10  double cups -9.40   led   0/  0 h1.00 b0.00 lvl-4.34   - (nothing there)
frame  1206 :  a single cup~ +6.20*  a single cup -3.13  double cups~ -6.20  tableware -6.36  two cups -7.04  double cups -9.25   led   0/  0 h1.00 b0.00 lvl-4.30   - (nothing there)
frame  1207 :  a single cup~ +6.44*  a single cup -3.30  double cups~ -6.44  tableware -7.15  two cups -7.40  double cups -9.68   led   0/  0 h1.00 b0.00 lvl-4.59   - (nothing there)
frame  1208 :  a single cup~ +6.81*  a single cup -2.66  tableware -6.43  two cups -6.68  double cups~ -6.81  double cups -9.06   led   0/  0 h1.00 b0.00 lvl-4.14   - (nothing there)
frame  1209 :  a single cup~ +6.54*  a single cup -3.11  double cups~ -6.54  tableware -6.86  two cups -6.98  double cups -9.49   led   0/  0 h1.00 b0.00 lvl-4.41   - (nothing there)
frame  1210 :  a single cup~ +6.32*  a single cup -3.27  double cups~ -6.32  tableware -6.87  two cups -6.93  double cups -9.55   led   0/  0 h1.00 b0.00 lvl-4.44   - (nothing there)
frame  1211 :  a single cup~ +6.53*  a single cup -3.05  tableware -6.47  double cups~ -6.53  two cups -7.19  double cups -9.40   led   0/  0 h1.00 b0.00 lvl-4.35   - (nothing there)
frame  1212 :  a single cup~ +6.48*  a single cup -2.92  tableware -6.30  double cups~ -6.48  two cups -7.08  double cups -9.17   led   0/  0 h1.00 b0.00 lvl-4.24   - (nothing there)
frame  1213 :  a single cup~ +6.53*  a single cup -3.04  tableware -6.45  double cups~ -6.53  two cups -7.24  double cups -9.38   led   0/  0 h1.00 b0.00 lvl-4.35   - (nothing there)
frame  1214 :  a single cup~ +6.34*  a single cup -3.16  double cups~ -6.34  tableware -6.75  two cups -7.24  double cups -9.40   led   0/  0 h1.00 b0.00 lvl-4.42   - (nothing there)
frame  1215 :  a single cup~ +6.40*  a single cup -2.44  tableware -5.95  two cups -6.16  double cups~ -6.40  double cups -8.43   led   0/  0 h1.00 b0.00 lvl-3.83   - (nothing there)
frame  1216 :  a single cup~ +6.64*  a single cup -2.27  tableware -5.64  two cups -6.18  double cups~ -6.64  double cups -8.38   led   0/  0 h1.00 b0.00 lvl-3.75   - (nothing there)
frame  1217 :  a single cup~ +6.82*  a single cup -2.31  tableware -5.73  two cups -6.32  double cups~ -6.82  double cups -8.57   led   0/  0 h1.00 b0.00 lvl-3.82   - (nothing there)
frame  1218 :  a single cup~ +6.23*  a single cup -2.67  tableware -5.87  double cups~ -6.23  two cups -6.47  double cups -8.63   led   0/  0 h1.00 b0.00 lvl-3.94   - (nothing there)
frame  1219 :  a single cup~ +6.64*  a single cup -2.61  tableware -6.10  double cups~ -6.64  two cups -6.71  double cups -8.86   led   0/  0 h1.00 b0.00 lvl-4.05   - (nothing there)
frame  1220 :  a single cup~ +6.46*  a single cup -3.02  double cups~ -6.46  tableware -6.54  two cups -7.09  double cups -9.30   led   0/  0 h1.00 b0.00 lvl-4.33   - (nothing there)
frame  1221 :  a single cup~ +6.25*  a single cup -2.75  tableware -5.85  double cups~ -6.25  two cups -6.69  double cups -8.75   led   0/  0 h1.00 b0.00 lvl-4.01   - (nothing there)
frame  1222 :  a single cup~ +6.21*  a single cup -2.39  tableware -5.33  two cups -6.06  double cups~ -6.21  double cups -8.20   led   0/  0 h1.00 b0.00 lvl-3.66   - (nothing there)
frame  1223 :  a single cup~ +6.12*  a single cup -2.45  tableware -5.67  two cups -6.04  double cups~ -6.12  double cups -8.22   led   0/  0 h1.00 b0.00 lvl-3.73   - (nothing there)
frame  1224 :  a single cup~ +5.80*  a single cup -2.78  tableware -5.79  double cups~ -5.80  two cups -6.50  double cups -8.45   led   0/  0 h1.00 b0.00 lvl-3.92   - (nothing there)
frame  1225 :  a single cup~ +5.92*  a single cup -2.64  tableware -5.36  double cups~ -5.92  two cups -6.49  double cups -8.35   led   0/  0 h1.00 b0.00 lvl-3.81   - (nothing there)
frame  1226 :  a single cup~ +6.27*  a single cup -2.85  tableware -5.84  double cups~ -6.27  two cups -7.06  double cups -8.92   led   0/  0 h1.00 b0.00 lvl-4.11   - (nothing there)
frame  1227 :  a single cup~ +6.50*  a single cup -2.82  tableware -6.18  double cups~ -6.50  two cups -6.87  double cups -9.05   led   0/  0 h1.00 b0.00 lvl-4.15   - (nothing there)
frame  1228 :  a single cup~ +6.69*  a single cup -2.76  tableware -6.24  double cups~ -6.69  two cups -6.77  double cups -9.10   led   0/  0 h1.00 b0.00 lvl-4.15   - (nothing there)
frame  1229 :  a single cup~ +6.86*  a single cup -2.92  tableware -6.53  double cups~ -6.86  two cups -7.22  double cups -9.47   led   0/  0 h1.00 b0.00 lvl-4.36   - (nothing there)
frame  1230 :  a single cup~ +6.66*  a single cup -2.69  tableware -5.93  double cups~ -6.66  two cups -6.96  double cups -8.98   led   0/  0 h1.00 b0.00 lvl-4.09   - (nothing there)
frame  1231 :  a single cup~ +6.47*  a single cup -2.99  double cups~ -6.47  tableware -6.52  two cups -7.21  double cups -9.26   led   0/  0 h1.00 b0.00 lvl-4.33   - (nothing there)
frame  1232 :  a single cup~ +6.20*  a single cup -3.04  double cups~ -6.20  tableware -6.47  two cups -7.21  double cups -9.12   led   0/  0 h1.00 b0.00 lvl-4.31   - (nothing there)
frame  1233 :  a single cup~ +5.83*  a single cup -3.15  double cups~ -5.83  tableware -6.52  two cups -6.97  double cups -8.99   led   0/  0 h1.00 b0.00 lvl-4.27   - (nothing there)
frame  1234 :  a single cup~ +5.91*  a single cup -3.13  double cups~ -5.91  tableware -6.37  two cups -7.01  double cups -9.03   led   0/  0 h1.00 b0.00 lvl-4.26   - (nothing there)
frame  1235 :  a single cup~ +6.13*  a single cup -2.93  tableware -6.11  double cups~ -6.13  two cups -7.09  double cups -8.92   led   0/  0 h1.00 b0.00 lvl-4.18   - (nothing there)
frame  1236 :  a single cup~ +6.10*  a single cup -3.34  double cups~ -6.10  tableware -6.64  two cups -7.45  double cups -9.47   led   0/  0 h1.00 b0.00 lvl-4.48   - (nothing there)
frame  1237 :  a single cup~ +5.79*  a single cup -3.49  double cups~ -5.79  tableware -7.06  two cups -7.30  double cups -9.45   led   0/  0 h1.00 b0.00 lvl-4.55   - (nothing there)
frame  1238 :  a single cup~ +5.89*  a single cup -3.43  double cups~ -5.89  tableware -6.76  two cups -7.23  double cups -9.44   led   0/  0 h1.00 b0.00 lvl-4.48   - (nothing there)
frame  1239 :  a single cup~ +6.59*  a single cup -3.15  double cups~ -6.59  tableware -6.63  two cups -7.38  double cups -9.58   led   0/  0 h1.00 b0.00 lvl-4.46   - (nothing there)
frame  1240 :  a single cup~ +6.39*  a single cup -2.97  tableware -6.24  double cups~ -6.39  two cups -7.16  double cups -9.18   led   0/  0 h1.00 b0.00 lvl-4.26   - (nothing there)
frame  1241 :  a single cup~ +6.45*  a single cup -2.84  double cups~ -6.45  tableware -6.53  two cups -6.74  double cups -9.03   led   0/  0 h1.00 b0.00 lvl-4.19   - (nothing there)
frame  1242 :  a single cup~ +6.59*  a single cup -2.70  two cups -6.38  double cups~ -6.59  tableware -6.69  double cups -8.95   led   0/  0 h1.00 b0.00 lvl-4.12   - (nothing there)
frame  1243 :  a single cup~ +6.62*  a single cup -2.62  two cups -6.40  double cups~ -6.62  tableware -6.72  double cups -8.85   led   0/  0 h1.00 b0.00 lvl-4.10   - (nothing there)
frame  1244 :  a single cup~ +6.29*  a single cup -2.79  double cups~ -6.29  two cups -6.53  tableware -6.54  double cups -8.84   led   0/  0 h1.00 b0.00 lvl-4.12   - (nothing there)
frame  1245 :  a single cup~ +6.48*  a single cup -2.67  tableware -6.23  double cups~ -6.48  two cups -6.66  double cups -8.82   led   0/  0 h1.00 b0.00 lvl-4.06   - (nothing there)
frame  1246 :  a single cup~ +6.47*  a single cup -2.75  tableware -6.36  double cups~ -6.47  two cups -6.89  double cups -8.93   led   0/  0 h1.00 b0.00 lvl-4.15   - (nothing there)
frame  1247 :  a single cup~ +6.86*  a single cup -2.79  tableware -6.31  double cups~ -6.86  two cups -7.07  double cups -9.29   led   0/  0 h1.00 b0.00 lvl-4.24   - (nothing there)
frame  1248 :  a single cup~ +7.30*  a single cup -2.48  tableware -6.23  two cups -7.05  double cups~ -7.30  double cups -9.19   led   0/  0 h1.00 b0.00 lvl-4.16   - (nothing there)
frame  1249 :  a single cup~ +7.00*  a single cup -2.78  tableware -6.52  double cups~ -7.00  two cups -7.31  double cups -9.39   led   0/  0 h1.00 b0.00 lvl-4.33   - (nothing there)
frame  1250 :  a single cup~ +7.15*  a single cup -2.74  tableware -6.71  double cups~ -7.15  two cups -7.29  double cups -9.44   led   0/  0 h1.00 b0.00 lvl-4.37   - (nothing there)
frame  1251 :  a single cup~ +7.32*  a single cup -2.48  tableware -6.58  two cups -7.02  double cups~ -7.32  double cups -9.20   led   0/  0 h1.00 b0.00 lvl-4.21   - (nothing there)
frame  1252 :  a single cup~ +7.24*  a single cup -2.84  tableware -6.59  double cups~ -7.24  two cups -7.56  double cups -9.65   led   0/  0 h1.00 b0.00 lvl-4.44   - (nothing there)
frame  1253 :  a single cup~ +6.85*  a single cup -2.98  tableware -6.65  double cups~ -6.85  two cups -7.48  double cups -9.55   led   0/  0 h1.00 b0.00 lvl-4.44   - (nothing there)
frame  1254 :  a single cup~ +6.50*  a single cup -2.97  double cups~ -6.50  tableware -6.52  two cups -7.30  double cups -9.27   led   0/  0 h1.00 b0.00 lvl-4.34   - (nothing there)
frame  1255 :  a single cup~ +6.08*  a single cup -2.90  double cups~ -6.08  tableware -6.14  two cups -6.90  double cups -8.84   led   0/  0 h1.00 b0.00 lvl-4.13   - (nothing there)
frame  1256 :  a single cup~ +6.27*  a single cup -2.96  tableware -6.10  double cups~ -6.27  two cups -7.23  double cups -9.06   led   0/  0 h1.00 b0.00 lvl-4.22   - (nothing there)
frame  1257 :  a single cup~ +5.79*  a single cup -3.46  double cups~ -5.79  tableware -6.96  two cups -7.40  double cups -9.41   led   0/  0 h1.00 b0.00 lvl-4.54   - (nothing there)
frame  1258 :  a single cup~ +6.43*  a single cup -3.01  double cups~ -6.43  tableware -6.94  two cups -7.27  double cups -9.26   led   0/  0 h1.00 b0.00 lvl-4.41   - (nothing there)
frame  1259 :  a single cup~ +6.94*  a single cup -2.95  double cups~ -6.94  tableware -7.29  two cups -7.51  double cups -9.58   led   0/  0 h1.00 b0.00 lvl-4.55   - (nothing there)
frame  1260 :  a single cup~ +6.73*  a single cup -3.03  double cups~ -6.73  tableware -7.03  two cups -7.35  double cups -9.53   led   0/  0 h1.00 b0.00 lvl-4.49   - (nothing there)
frame  1261 :  a single cup~ +6.86*  a single cup -3.02  double cups~ -6.86  tableware -7.15  two cups -7.50  double cups -9.61   led   0/  0 h1.00 b0.00 lvl-4.55   - (nothing there)
frame  1262 :  a single cup~ +6.88*  a single cup -2.94  double cups~ -6.88  tableware -7.14  two cups -7.37  double cups -9.52   led   0/  0 h1.00 b0.00 lvl-4.49   - (nothing there)
frame  1263 :  a single cup~ +6.21*  a single cup -3.05  double cups~ -6.21  tableware -6.72  two cups -7.32  double cups -9.15   led   0/  0 h1.00 b0.00 lvl-4.37   - (nothing there)
frame  1264 :  a single cup~ +5.85*  a single cup -2.87  double cups~ -5.85  tableware -6.30  two cups -6.81  double cups -8.62   led   0/  0 h1.00 b0.00 lvl-4.10   - (nothing there)
frame  1265 :  a single cup~ +5.75*  a single cup -3.13  double cups~ -5.75  tableware -6.45  two cups -7.13  double cups -8.90   led   0/  0 h1.00 b0.00 lvl-4.27   - (nothing there)
frame  1266 :  a single cup~ +6.52*  a single cup -2.86  double cups~ -6.52  tableware -6.57  two cups -7.34  double cups -9.12   led   0/  0 h1.00 b0.00 lvl-4.32   - (nothing there)
frame  1267 :  a single cup~ +6.54*  a single cup -2.82  tableware -6.53  double cups~ -6.54  two cups -7.28  double cups -9.08   led   0/  0 h1.00 b0.00 lvl-4.29   - (nothing there)
frame  1268 :  a single cup~ +6.71*  a single cup -2.55  tableware -6.05  double cups~ -6.71  two cups -7.12  double cups -8.83   led   0/  0 h1.00 b0.00 lvl-4.09   - (nothing there)
frame  1269 :  a single cup~ +6.90*  a single cup -2.63  tableware -6.23  double cups~ -6.90  two cups -7.17  double cups -9.09   led   0/  0 h1.00 b0.00 lvl-4.19   - (nothing there)
frame  1270 :  a single cup~ +6.75*  a single cup -2.72  tableware -6.43  double cups~ -6.75  two cups -7.12  double cups -9.10   led   0/  0 h1.00 b0.00 lvl-4.23   - (nothing there)
frame  1271 :  a single cup~ +6.48*  a single cup -2.46  tableware -6.13  two cups -6.47  double cups~ -6.48  double cups -8.52   led   0/  0 h1.00 b0.00 lvl-3.93   - (nothing there)
frame  1272 :  a single cup~ +6.92*  a single cup -2.56  tableware -6.22  double cups~ -6.92  two cups -7.02  double cups -9.01   led   0/  0 h1.00 b0.00 lvl-4.14   - (nothing there)
frame  1273 :  a single cup~ +7.62*  a single cup -2.17  tableware -6.21  two cups -6.69  double cups~ -7.62  double cups -8.99   led   0/  0 h1.00 b0.00 lvl-4.01   - (nothing there)
frame  1274 :  a single cup~ +7.54*  a single cup -2.32  tableware -6.34  two cups -6.94  double cups~ -7.54  double cups -9.14   led   0/  0 h1.00 b0.00 lvl-4.12   - (nothing there)
frame  1275 :  a single cup~ +6.99*  a single cup -2.18  tableware -5.97  two cups -6.26  double cups~ -6.99  double cups -8.52   led   0/  0 h1.00 b0.00 lvl-3.82   - (nothing there)
frame  1276 :  a single cup~ +6.75*  a single cup -2.45  tableware -6.19  two cups -6.51  double cups~ -6.75  double cups -8.72   led   0/  0 h1.00 b0.00 lvl-3.98   - (nothing there)
frame  1277 :  a single cup~ +6.50*  a single cup -2.71  tableware -6.42  double cups~ -6.50  two cups -6.54  double cups -8.90   led   0/  0 h1.00 b0.00 lvl-4.09   - (nothing there)
frame  1278 :  a single cup~ +6.23*  a single cup -2.77  double cups~ -6.23  tableware -6.38  two cups -6.56  double cups -8.77   led   0/  0 h1.00 b0.00 lvl-4.08   - (nothing there)
frame  1279 :  a single cup~ +6.50*  a single cup -3.05  tableware -6.43  double cups~ -6.50  two cups -7.32  double cups -9.38   led   0/  0 h1.00 b0.00 lvl-4.36   - (nothing there)
frame  1280 :  a single cup~ +5.82*  a single cup -3.39  double cups~ -5.82  tableware -6.81  two cups -7.06  double cups -9.33   led   0/  0 h1.00 b0.00 lvl-4.43   - (nothing there)
frame  1281 :  a single cup~ +6.11*  a single cup -3.11  double cups~ -6.11  tableware -6.30  two cups -7.07  double cups -9.15   led   0/  0 h1.00 b0.00 lvl-4.27   - (nothing there)
frame  1282 :  a single cup~ +6.43*  a single cup -2.68  tableware -5.95  double cups~ -6.43  two cups -6.72  double cups -8.79   led   0/  0 h1.00 b0.00 lvl-4.02   - (nothing there)
frame  1283 :  a single cup~ +7.10*  a single cup -2.32  tableware -5.82  two cups -6.54  double cups~ -7.10  double cups -8.81   led   0/  0 h1.00 b0.00 lvl-3.92   - (nothing there)
frame  1284 :  a single cup~ +6.50*  a single cup -3.09  double cups~ -6.50  tableware -6.64  two cups -7.28  double cups -9.44   led   0/  0 h1.00 b0.00 lvl-4.41   - (nothing there)
frame  1285 :  a single cup~ +6.57*  a single cup -3.27  double cups~ -6.57  tableware -7.01  two cups -7.61  double cups -9.74   led   0/  0 h1.00 b0.00 lvl-4.60   - (nothing there)
frame  1286 :  a single cup~ +7.15*  a single cup -2.85  tableware -6.77  double cups~ -7.15  two cups -7.60  double cups -9.59   led   0/  0 h1.00 b0.00 lvl-4.47   - (nothing there)
frame  1287 :  a single cup~ +6.49*  a single cup -3.02  double cups~ -6.49  two cups -6.89  tableware -7.06  double cups -9.33   led   0/  0 h1.00 b0.00 lvl-4.38   - (nothing there)
frame  1288 :  a single cup~ +6.59*  a single cup -3.10  double cups~ -6.59  tableware -7.03  two cups -7.16  double cups -9.51   led   0/  0 h1.00 b0.00 lvl-4.47   - (nothing there)
frame  1289 :  a single cup~ +6.49*  a single cup -3.26  double cups~ -6.49  tableware -6.82  two cups -7.37  double cups -9.67   led   0/  0 h1.00 b0.00 lvl-4.52   - (nothing there)
frame  1290 :  a single cup~ +6.36*  a single cup -3.28  double cups~ -6.36  tableware -6.72  two cups -7.38  double cups -9.59   led   0/  0 h1.00 b0.00 lvl-4.49   - (nothing there)
frame  1291 :  a single cup~ +6.05*  a single cup -3.51  double cups~ -6.05  two cups -7.45  tableware -7.45  double cups -9.68   led   0/  0 h1.00 b0.00 lvl-4.68   - (nothing there)
frame  1292 :  a single cup~ +6.39*  a single cup -3.30  double cups~ -6.39  tableware -7.23  two cups -7.37  double cups -9.65   led   0/  0 h1.00 b0.00 lvl-4.59   - (nothing there)
frame  1293 :  a single cup~ +6.43*  a single cup -3.25  double cups~ -6.43  tableware -7.10  two cups -7.54  double cups -9.61   led   0/  0 h1.00 b0.00 lvl-4.58   - (nothing there)
frame  1294 :  a single cup~ +6.27*  a single cup -3.24  double cups~ -6.27  tableware -6.91  two cups -7.31  double cups -9.46   led   0/  0 h1.00 b0.00 lvl-4.49   - (nothing there)
frame  1295 :  a single cup~ +5.92*  a single cup -3.19  double cups~ -5.92  tableware -6.75  two cups -7.20  double cups -9.12   led   0/  0 h1.00 b0.00 lvl-4.38   - (nothing there)
frame  1296 :  a single cup~ +6.56*  a single cup -3.29  double cups~ -6.56  tableware -7.41  two cups -7.74  double cups -9.77   led   0/  0 h1.00 b0.00 lvl-4.70   - (nothing there)
frame  1297 :  a single cup~ +6.41*  a single cup -3.16  double cups~ -6.41  two cups -7.36  tableware -7.38  double cups -9.46   led   0/  0 h1.00 b0.00 lvl-4.56   - (nothing there)
frame  1298 :  a single cup~ +6.81*  a single cup -2.87  double cups~ -6.81  tableware -6.87  two cups -7.24  double cups -9.35   led   0/  0 h1.00 b0.00 lvl-4.39   - (nothing there)
frame  1299 :  a single cup~ +6.85*  a single cup -2.78  tableware -6.64  double cups~ -6.85  two cups -7.31  double cups -9.26   led   0/  0 h1.00 b0.00 lvl-4.33   - (nothing there)
background: after 30 frames (frozen, room spread), this room reads  a single cup~ 0.022 +-0.0037 (COCO -0.016 +-0.0386)  double cups~ -0.022 +-0.0037 (COCO 0.016 +-0.0386)  a single cup -0.093 +-0.0046 (COCO -0.142 +-0.0335)  double cups -0.108 +-0.0033 (COCO -0.132 +-0.0316)  two cups -0.126 +-0.0034 (COCO -0.137 +-0.0328)  tableware -0.116 +-0.0044 (COCO -0.158 +-0.0450)
frame  1300 :  a single cup~ +6.99*  a single cup -2.79  tableware -6.74  double cups~ -6.99  two cups -7.23  double cups -9.38   led   0/  0 h1.00 b0.00 lvl-4.36   - (nothing there)
frame  1301 :  a single cup~ +6.62*  a single cup -2.98  double cups~ -6.62  tableware -6.76  two cups -7.26  double cups -9.37   led   0/  0 h1.00 b0.00 lvl-4.39   - (nothing there)
frame  1302 :  a single cup~ +6.00*  a single cup -3.35  double cups~ -6.00  tableware -6.95  two cups -7.08  double cups -9.40   led   0/  0 h1.00 b0.00 lvl-4.46   - (nothing there)
frame  1303 :  a single cup~ +6.37*  a single cup -3.19  double cups~ -6.37  two cups -6.89  tableware -7.07  double cups -9.47   led   0/  0 h1.00 b0.00 lvl-4.44   - (nothing there)
frame  1304 :  a single cup~ +6.28*  a single cup -3.34  double cups~ -6.28  two cups -6.80  tableware -7.40  double cups -9.61   led   0/  0 h1.00 b0.00 lvl-4.53   - (nothing there)
frame  1305 :  a single cup~ +6.46*  a single cup -3.13  double cups~ -6.46  two cups -6.80  tableware -7.30  double cups -9.46   led   0/  0 h1.00 b0.00 lvl-4.45   - (nothing there)
frame  1306 :  a single cup~ +5.94*  a single cup -3.56  double cups~ -5.94  two cups -7.21  tableware -7.25  double cups -9.67   led   0/  0 h1.00 b0.00 lvl-4.61   - (nothing there)
frame  1307 :  a single cup~ +6.29*  a single cup -3.18  double cups~ -6.29  two cups -6.88  tableware -7.07  double cups -9.40   led   0/  0 h1.00 b0.00 lvl-4.42   - (nothing there)
frame  1308 :  a single cup~ +6.28*  a single cup -3.21  double cups~ -6.28  two cups -6.88  tableware -7.22  double cups -9.43   led   0/  0 h1.00 b0.00 lvl-4.46   - (nothing there)
frame  1309 :  a single cup~ +6.41*  a single cup -3.29  double cups~ -6.41  two cups -6.88  tableware -7.36  double cups -9.64   led   0/  0 h1.00 b0.00 lvl-4.53   - (nothing there)
frame  1310 :  a single cup~ +5.88*  a single cup -3.50  double cups~ -5.88  two cups -6.94  tableware -7.03  double cups -9.52   led   0/  0 h1.00 b0.00 lvl-4.50   - (nothing there)
frame  1311 :  a single cup~ +6.11*  a single cup -3.47  double cups~ -6.11  tableware -7.05  two cups -7.13  double cups -9.67   led   0/  0 h1.00 b0.00 lvl-4.55   - (nothing there)
frame  1312 :  a single cup~ +6.39*  a single cup -3.18  double cups~ -6.39  tableware -6.82  two cups -6.96  double cups -9.47   led   0/  0 h1.00 b0.00 lvl-4.41   - (nothing there)
frame  1313 :  a single cup~ +6.17*  a single cup -3.30  double cups~ -6.17  tableware -6.94  two cups -6.97  double cups -9.46   led   0/  0 h1.00 b0.00 lvl-4.45   - (nothing there)
frame  1314 :  a single cup~ +6.17*  a single cup -3.22  double cups~ -6.17  tableware -6.89  two cups -7.01  double cups -9.36   led   0/  0 h1.00 b0.00 lvl-4.41   - (nothing there)
frame  1315 :  a single cup~ +6.40*  a single cup -3.17  double cups~ -6.40  tableware -6.92  two cups -7.17  double cups -9.47   led   0/  0 h1.00 b0.00 lvl-4.46   - (nothing there)
frame  1316 :  a single cup~ +6.17*  a single cup -2.82  tableware -5.98  double cups~ -6.17  two cups -6.78  double cups -8.80   led   0/  0 h1.00 b0.00 lvl-4.06   - (nothing there)
frame  1317 :  a single cup~ +6.36*  a single cup -2.52  tableware -5.65  double cups~ -6.36  two cups -6.68  double cups -8.51   led   0/  0 h1.00 b0.00 lvl-3.89   - (nothing there)
frame  1318 :  a single cup~ +6.65*  a single cup -2.29  tableware -5.63  two cups -6.58  double cups~ -6.65  double cups -8.41   led   0/  0 h1.00 b0.00 lvl-3.82   - (nothing there)
frame  1319 :  a single cup~ +6.06*  a single cup -2.96  double cups~ -6.06  tableware -6.32  two cups -6.92  double cups -8.91   led   0/  0 h1.00 b0.00 lvl-4.18   - (nothing there)
frame  1320 :  a single cup~ +6.85*  a single cup -2.77  tableware -6.77  double cups~ -6.85  two cups -7.13  double cups -9.25   led   0/  0 h1.00 b0.00 lvl-4.32   - (nothing there)
frame  1321 :  a single cup~ +6.41*  a single cup -3.08  double cups~ -6.41  tableware -6.87  two cups -7.36  double cups -9.35   led   0/  0 h1.00 b0.00 lvl-4.44   - (nothing there)
frame  1322 :  a single cup~ +6.14*  a single cup -3.29  double cups~ -6.14  tableware -6.91  two cups -7.41  double cups -9.44   led   0/  0 h1.00 b0.00 lvl-4.51   - (nothing there)
frame  1323 :  a single cup~ +6.53*  a single cup -3.32  double cups~ -6.53  tableware -7.25  two cups -7.37  double cups -9.78   led   0/  0 h1.00 b0.00 lvl-4.62   - (nothing there)
frame  1324 :  a single cup~ +6.35*  a single cup -3.22  double cups~ -6.35  two cups -6.93  tableware -6.98  double cups -9.50   led   0/  0 h1.00 b0.00 lvl-4.44   - (nothing there)
frame  1325 :  a single cup~ +5.91*  a single cup -3.43  double cups~ -5.91  tableware -6.94  two cups -6.96  double cups -9.45   led   0/  0 h1.00 b0.00 lvl-4.46   - (nothing there)
frame  1326 :  a single cup~ +6.11*  a single cup -3.41  double cups~ -6.11  tableware -6.99  two cups -7.06  double cups -9.58   led   0/  0 h1.00 b0.00 lvl-4.51   - (nothing there)
frame  1327 :  a single cup~ +5.98*  a single cup -3.33  double cups~ -5.98  two cups -6.70  tableware -7.07  double cups -9.37   led   0/  0 h1.00 b0.00 lvl-4.41   - (nothing there)
frame  1328 :  a single cup~ +6.38*  a single cup -3.08  double cups~ -6.38  two cups -6.83  tableware -6.91  double cups -9.32   led   0/  0 h1.00 b0.00 lvl-4.36   - (nothing there)
frame  1329 :  a single cup~ +6.39*  a single cup -3.25  double cups~ -6.39  tableware -6.95  two cups -7.20  double cups -9.58   led   0/  0 h1.00 b0.00 lvl-4.50   - (nothing there)
frame  1330 :  a single cup~ +6.39*  a single cup -3.33  double cups~ -6.39  tableware -7.10  two cups -7.45  double cups -9.68   led   0/  0 h1.00 b0.00 lvl-4.59   - (nothing there)
frame  1331 :  a single cup~ +6.30*  a single cup -3.03  double cups~ -6.30  tableware -6.87  two cups -6.98  double cups -9.20   led   0/  0 h1.00 b0.00 lvl-4.35   - (nothing there)
frame  1332 :  a single cup~ +6.31*  a single cup -3.00  double cups~ -6.31  two cups -6.70  tableware -6.78  double cups -9.15   led   0/  0 h1.00 b0.00 lvl-4.27   - (nothing there)
frame  1333 :  a single cup~ +6.30*  a single cup -2.90  double cups~ -6.30  two cups -6.49  tableware -6.70  double cups -9.01   led   0/  0 h1.00 b0.00 lvl-4.19   - (nothing there)
frame  1334 :  a single cup~ +6.39*  a single cup -2.89  double cups~ -6.39  two cups -6.51  tableware -7.04  double cups -9.06   led   0/  0 h1.00 b0.00 lvl-4.25   - (nothing there)
frame  1335 :  a single cup~ +6.32*  a single cup -3.00  double cups~ -6.32  two cups -6.53  tableware -7.12  double cups -9.17   led   0/  0 h1.00 b0.00 lvl-4.30   - (nothing there)
frame  1336 :  a single cup~ +5.81*  a single cup -2.70  double cups~ -5.81  two cups -6.05  tableware -6.09  double cups -8.34   led   0/  0 h1.00 b0.00 lvl-3.86   - (nothing there)
frame  1337 :  a single cup~ +6.24*  a single cup -2.63  two cups -6.07  double cups~ -6.24  tableware -6.32  double cups -8.57   led   0/  0 h1.00 b0.00 lvl-3.93   - (nothing there)
frame  1338 :  a single cup~ +6.58*  a single cup -2.49  tableware -6.36  two cups -6.37  double cups~ -6.58  double cups -8.64   led   0/  0 h1.00 b0.00 lvl-3.98   - (nothing there)
frame  1339 :  a single cup~ +6.42*  a single cup -2.49  two cups -6.17  tableware -6.33  double cups~ -6.42  double cups -8.52   led   0/  0 h1.00 b0.00 lvl-3.92   - (nothing there)
frame  1340 :  a single cup~ +6.45*  a single cup -2.85  double cups~ -6.45  tableware -6.61  two cups -6.77  double cups -9.05   led   0/  0 h1.00 b0.00 lvl-4.21   - (nothing there)
frame  1341 :  a single cup~ +6.61*  a single cup -2.88  double cups~ -6.61  tableware -6.78  two cups -7.08  double cups -9.22   led   0/  0 h1.00 b0.00 lvl-4.33   - (nothing there)
frame  1342 :  a single cup~ +6.57*  a single cup -2.89  double cups~ -6.57  tableware -6.79  two cups -7.15  double cups -9.20   led   0/  0 h1.00 b0.00 lvl-4.34   - (nothing there)
frame  1343 :  a single cup~ +6.49*  a single cup -3.00  double cups~ -6.49  tableware -6.92  two cups -6.99  double cups -9.30   led   0/  0 h1.00 b0.00 lvl-4.37   - (nothing there)
frame  1344 :  a single cup~ +5.82*  a single cup -3.35  double cups~ -5.82  tableware -7.09  two cups -7.20  double cups -9.27   led   0/  0 h1.00 b0.00 lvl-4.49   - (nothing there)
frame  1345 :  a single cup~ +6.18*  a single cup -3.49  double cups~ -6.18  two cups -7.41  tableware -7.53  double cups -9.74   led   0/  0 h1.00 b0.00 lvl-4.69   - (nothing there)
frame  1346 :  a single cup~ +5.78*  a single cup -3.19  double cups~ -5.78  tableware -6.74  two cups -7.03  double cups -9.02   led   0/  0 h1.00 b0.00 lvl-4.33   - (nothing there)
frame  1347 :  a single cup~ +5.91*  a single cup -3.07  double cups~ -5.91  two cups -6.74  tableware -6.78  double cups -8.95   led   0/  0 h1.00 b0.00 lvl-4.26   - (nothing there)
frame  1348 :  a single cup~ +5.83*  a single cup -2.88  double cups~ -5.83  tableware -6.46  two cups -6.66  double cups -8.61   led   0/  0 h1.00 b0.00 lvl-4.10   - (nothing there)
frame  1349 :  a single cup~ +5.82*  a single cup -3.33  double cups~ -5.82  tableware -6.99  two cups -7.40  double cups -9.24   led   0/  0 h1.00 b0.00 lvl-4.49   - (nothing there)
frame  1350 :  a single cup~ +5.51*  a single cup -3.57  double cups~ -5.51  tableware -7.07  two cups -7.47  double cups -9.34   led   0/  0 h1.00 b0.00 lvl-4.57   - (nothing there)
frame  1351 :  a single cup~ +5.64*  a single cup -3.45  double cups~ -5.64  tableware -6.96  two cups -7.12  double cups -9.27   led   0/  0 h1.00 b0.00 lvl-4.47   - (nothing there)
frame  1352 :  a single cup~ +5.49*  a single cup -3.61  double cups~ -5.49  two cups -7.09  tableware -7.35  double cups -9.38   led   0/  0 h1.00 b0.00 lvl-4.57   - (nothing there)
frame  1353 :  a single cup~ +5.10*  a single cup -3.76  double cups~ -5.10  tableware -7.15  two cups -7.16  double cups -9.30   led   0/  0 h1.00 b0.00 lvl-4.56   - (nothing there)
frame  1354 :  a single cup~ +5.19*  a single cup -3.65  double cups~ -5.19  two cups -6.81  tableware -7.19  double cups -9.21   led   0/  0 h1.00 b0.00 lvl-4.48   - (nothing there)
frame  1355 :  a single cup~ +5.97*  a single cup -3.52  double cups~ -5.97  two cups -7.24  tableware -7.47  double cups -9.64   led   0/  0 h1.00 b0.00 lvl-4.65   - (nothing there)
frame  1356 :  a single cup~ +5.75*  a single cup -4.00  double cups~ -5.75  two cups -7.50  tableware -7.88  double cups -10.14   led   0/  0 h1.00 b0.00 lvl-4.92   - (nothing there)
frame  1357 :  a single cup~ +5.48*  a single cup -3.78  double cups~ -5.48  tableware -6.97  two cups -7.32  double cups -9.62   led   0/  0 h1.00 b0.00 lvl-4.61   - (nothing there)
frame  1358 :  a single cup~ +5.87*  a single cup -3.23  double cups~ -5.87  tableware -6.41  two cups -6.97  double cups -9.15   led   0/  0 h1.00 b0.00 lvl-4.29   - (nothing there)
frame  1359 :  a single cup~ +5.86*  a single cup -3.02  double cups~ -5.86  tableware -6.12  two cups -6.78  double cups -8.83   led   0/  0 h1.00 b0.00 lvl-4.13   - (nothing there)
frame  1360 :  a single cup~ +5.40*  a single cup -3.58  double cups~ -5.40  tableware -6.68  two cups -7.08  double cups -9.27   led   0/  0 h1.00 b0.00 lvl-4.43   - (nothing there)
frame  1361 :  a single cup~ +5.20*  a single cup -3.93  double cups~ -5.20  tableware -6.90  two cups -7.35  double cups -9.61   led   0/  0 h1.00 b0.00 lvl-4.63   - (nothing there)
frame  1362 :  a single cup~ +5.46*  a single cup -3.80  double cups~ -5.46  tableware -7.02  two cups -7.26  double cups -9.62   led   0/  0 h1.00 b0.00 lvl-4.62   - (nothing there)
frame  1363 :  a single cup~ +5.43*  a single cup -3.92  double cups~ -5.43  two cups -7.25  tableware -7.30  double cups -9.78   led   0/  0 h1.00 b0.00 lvl-4.71   - (nothing there)
frame  1364 :  a single cup~ +4.88*  a single cup -4.18  double cups~ -4.88  two cups -7.37  tableware -7.48  double cups -9.71   led   0/  0 h1.00 b0.00 lvl-4.79   - (nothing there)
frame  1365 :  a single cup~ +4.82*  a single cup -4.20  double cups~ -4.82  two cups -7.35  tableware -7.46  double cups -9.70   led   0/  0 h1.00 b0.00 lvl-4.78   - (nothing there)
frame  1366 :  a single cup~ +5.06*  a single cup -4.05  double cups~ -5.06  two cups -7.18  tableware -7.55  double cups -9.68   led   0/  0 h1.00 b0.00 lvl-4.74   - (nothing there)
frame  1367 :  a single cup~ +5.33*  a single cup -3.96  double cups~ -5.33  two cups -7.37  tableware -7.49  double cups -9.75   led   0/  0 h1.00 b0.00 lvl-4.76   - (nothing there)
frame  1368 :  a single cup~ +5.60*  a single cup -3.84  double cups~ -5.60  tableware -7.44  two cups -7.63  double cups -9.80   led   0/  0 h1.00 b0.00 lvl-4.78   - (nothing there)
frame  1369 :  a single cup~ +5.90*  a single cup -3.53  double cups~ -5.90  two cups -7.36  tableware -7.49  double cups -9.59   led   0/  0 h1.00 b0.00 lvl-4.66   - (nothing there)
frame  1370 :  a single cup~ +5.71*  a single cup -3.68  double cups~ -5.71  two cups -7.36  tableware -7.66  double cups -9.66   led   0/  0 h1.00 b0.00 lvl-4.73   - (nothing there)
frame  1371 :  a single cup~ +5.16*  a single cup -3.83  double cups~ -5.16  tableware -7.03  two cups -7.22  double cups -9.45   led   0/  0 h1.00 b0.00 lvl-4.59   - (nothing there)
frame  1372 :  a single cup~ +5.30*  a single cup -3.87  double cups~ -5.30  tableware -7.16  two cups -7.19  double cups -9.61   led   0/  0 h1.00 b0.00 lvl-4.64   - (nothing there)
frame  1373 :  a single cup~ +4.76*  a single cup -3.84  double cups~ -4.76  tableware -6.62  two cups -6.79  double cups -9.15   led   0/  0 h1.00 b0.00 lvl-4.40   - (nothing there)
frame  1374 :  a single cup~ +4.93*  a single cup -3.86  double cups~ -4.93  tableware -6.85  two cups -7.04  double cups -9.31   led   0/  0 h1.00 b0.00 lvl-4.51   - (nothing there)
frame  1375 :  a single cup~ +5.18*  a single cup -4.00  double cups~ -5.18  two cups -7.30  tableware -7.54  double cups -9.70   led   0/  0 h1.00 b0.00 lvl-4.76   - (nothing there)
frame  1376 :  a single cup~ +4.84*  a single cup -4.10  double cups~ -4.84  two cups -7.11  tableware -7.78  double cups -9.58   led   0/  0 h1.00 b0.00 lvl-4.76   - (nothing there)
frame  1377 :  a single cup~ +4.80*  a single cup -3.76  double cups~ -4.80  two cups -6.57  tableware -7.36  double cups -9.07   led   0/  0 h1.00 b0.00 lvl-4.46   - (nothing there)
frame  1378 :  a single cup~ +5.14*  a single cup -3.40  double cups~ -5.14  tableware -6.56  two cups -6.57  double cups -8.82   led   0/  0 h1.00 b0.00 lvl-4.23   - (nothing there)
frame  1379 :  a single cup~ +5.70*  a single cup -3.16  double cups~ -5.70  tableware -6.51  two cups -6.65  double cups -8.91   led   0/  0 h1.00 b0.00 lvl-4.20   - (nothing there)
frame  1380 :  a single cup~ +5.93*  a single cup -3.37  double cups~ -5.93  two cups -7.01  tableware -7.18  double cups -9.39   led   0/  0 h1.00 b0.00 lvl-4.49   - (nothing there)
frame  1381 :  a single cup~ +5.71*  a single cup -3.46  double cups~ -5.71  two cups -7.06  tableware -7.24  double cups -9.35   led   0/  0 h1.00 b0.00 lvl-4.52   - (nothing there)
frame  1382 :  a single cup~ +5.46*  a single cup -3.60  double cups~ -5.46  two cups -7.14  tableware -7.14  double cups -9.35   led   0/  0 h1.00 b0.00 lvl-4.54   - (nothing there)
frame  1383 :  a single cup~ +5.89*  a single cup -3.44  double cups~ -5.89  two cups -7.19  tableware -7.21  double cups -9.45   led   0/  0 h1.00 b0.00 lvl-4.55   - (nothing there)
frame  1384 :  a single cup~ +5.79*  a single cup -3.66  double cups~ -5.79  tableware -7.22  two cups -7.36  double cups -9.69   led   0/  0 h1.00 b0.00 lvl-4.65   - (nothing there)
frame  1385 :  a single cup~ +6.09*  a single cup -3.45  double cups~ -6.09  tableware -7.12  two cups -7.47  double cups -9.62   led   0/  0 h1.00 b0.00 lvl-4.61   - (nothing there)
frame  1386 :  a single cup~ +5.74*  a single cup -3.87  double cups~ -5.74  two cups -7.57  tableware -7.62  double cups -9.95   led   0/  0 h1.00 b0.00 lvl-4.83   - (nothing there)
frame  1387 :  a single cup~ +5.67*  a single cup -3.90  double cups~ -5.67  two cups -7.64  tableware -7.87  double cups -9.93   led   0/  0 h1.00 b0.00 lvl-4.89   - (nothing there)
frame  1388 :  a single cup~ +5.87*  a single cup -3.71  double cups~ -5.87  tableware -7.45  two cups -7.68  double cups -9.83   led   0/  0 h1.00 b0.00 lvl-4.78   - (nothing there)
frame  1389 :  a single cup~ +6.07*  a single cup -3.43  double cups~ -6.07  tableware -6.99  two cups -7.56  double cups -9.57   led   0/  0 h1.00 b0.00 lvl-4.59   - (nothing there)
frame  1390 :  a single cup~ +6.19*  a single cup -3.36  double cups~ -6.19  tableware -7.08  two cups -7.43  double cups -9.58   led   0/  0 h1.00 b0.00 lvl-4.58   - (nothing there)
frame  1391 :  a single cup~ +6.03*  a single cup -3.54  double cups~ -6.03  tableware -7.27  two cups -7.60  double cups -9.71   led   0/  0 h1.00 b0.00 lvl-4.69   - (nothing there)
frame  1392 :  a single cup~ +6.19*  a single cup -3.48  double cups~ -6.19  tableware -7.09  two cups -7.60  double cups -9.74   led   0/  0 h1.00 b0.00 lvl-4.65   - (nothing there)
frame  1393 :  a single cup~ +7.11*  a single cup -3.08  double cups~ -7.11  tableware -7.34  two cups -7.57  double cups -9.89   led   0/  0 h1.00 b0.00 lvl-4.65   - (nothing there)
frame  1394 :  a single cup~ +6.73*  a single cup -3.34  double cups~ -6.73  tableware -7.40  two cups -7.78  double cups -9.96   led   0/  0 h1.00 b0.00 lvl-4.75   - (nothing there)
frame  1395 :  a single cup~ +7.02*  a single cup -3.31  double cups~ -7.02  tableware -7.42  two cups -7.88  double cups -10.15   led   0/  0 h1.00 b0.00 lvl-4.79   - (nothing there)
frame  1396 :  a single cup~ +6.14*  a single cup -3.57  double cups~ -6.14  two cups -7.48  tableware -7.59  double cups -9.83   led   0/  0 h1.00 b0.00 lvl-4.74   - (nothing there)
frame  1397 :  a single cup~ +6.20*  a single cup -3.59  double cups~ -6.20  tableware -7.47  two cups -7.70  double cups -9.91   led   0/  0 h1.00 b0.00 lvl-4.78   - (nothing there)
frame  1398 :  a single cup~ +5.92*  a single cup -3.38  double cups~ -5.92  tableware -6.86  two cups -7.30  double cups -9.38   led   0/  0 h1.00 b0.00 lvl-4.49   - (nothing there)
frame  1399 :  a single cup~ +6.03*  a single cup -3.47  double cups~ -6.03  two cups -7.26  tableware -7.31  double cups -9.60   led   0/  0 h1.00 b0.00 lvl-4.61   - (nothing there)
background: after 30 frames (frozen, room spread), this room reads  a single cup~ 0.022 +-0.0037 (COCO -0.016 +-0.0386)  double cups~ -0.022 +-0.0037 (COCO 0.016 +-0.0386)  a single cup -0.093 +-0.0046 (COCO -0.142 +-0.0335)  double cups -0.108 +-0.0033 (COCO -0.132 +-0.0316)  two cups -0.126 +-0.0034 (COCO -0.137 +-0.0328)  tableware -0.116 +-0.0044 (COCO -0.158 +-0.0450)
frame  1400 :  a single cup~ +5.34*  a single cup -3.94  double cups~ -5.34  tableware -7.05  two cups -7.43  double cups -9.74   led   0/  0 h1.00 b0.00 lvl-4.69   - (nothing there)
frame  1401 :  a single cup~ +5.32*  a single cup -4.04  double cups~ -5.32  tableware -7.46  two cups -7.59  double cups -9.87   led   0/  0 h1.00 b0.00 lvl-4.83   - (nothing there)
frame  1402 :  a single cup~ +5.97*  a single cup -3.67  double cups~ -5.97  tableware -7.46  two cups -7.59  double cups -9.83   led   0/  0 h1.00 b0.00 lvl-4.76   - (nothing there)
frame  1403 :  a single cup~ +5.88*  a single cup -3.94  double cups~ -5.88  two cups -7.56  tableware -7.75  double cups -10.15   led   0/  0 h1.00 b0.00 lvl-4.90   - (nothing there)
frame  1404 :  a single cup~ +5.54*  a single cup -4.19  double cups~ -5.54  two cups -7.63  tableware -8.07  double cups -10.24   led   0/  0 h1.00 b0.00 lvl-5.02   - (nothing there)
frame  1405 :  a single cup~ +6.06*  a single cup -4.09  double cups~ -6.06  two cups -7.96  tableware -8.04  double cups -10.50   led   0/  0 h1.00 b0.00 lvl-5.10   - (nothing there)
frame  1406 :  a single cup~ +5.66*  a single cup -4.03  double cups~ -5.66  two cups -7.73  tableware -7.93  double cups -10.11   led   0/  0 h1.00 b0.00 lvl-4.97   - (nothing there)
frame  1407 :  a single cup~ +5.69*  a single cup -3.79  double cups~ -5.69  tableware -7.37  two cups -7.38  double cups -9.79   led   0/  0 h1.00 b0.00 lvl-4.72   - (nothing there)
frame  1408 :  a single cup~ +5.78*  a single cup -3.83  double cups~ -5.78  two cups -7.31  tableware -7.58  double cups -9.93   led   0/  0 h1.00 b0.00 lvl-4.78   - (nothing there)
frame  1409 :  a single cup~ +5.94*  a single cup -3.68  double cups~ -5.94  tableware -7.25  two cups -7.43  double cups -9.83   led   0/  0 h1.00 b0.00 lvl-4.70   - (nothing there)
frame  1410 :  a single cup~ +6.17*  a single cup -3.58  double cups~ -6.17  two cups -7.33  tableware -7.71  double cups -9.86   led   0/  0 h1.00 b0.00 lvl-4.75   - (nothing there)
frame  1411 :  a single cup~ +6.27*  a single cup -3.58  double cups~ -6.27  tableware -7.54  two cups -7.57  double cups -9.95   led   0/  0 h1.00 b0.00 lvl-4.77   - (nothing there)
frame  1412 :  a single cup~ +6.25*  a single cup -3.46  double cups~ -6.25  two cups -7.32  tableware -7.43  double cups -9.76   led   0/  0 h1.00 b0.00 lvl-4.66   - (nothing there)
frame  1413 :  a single cup~ +6.34*  a single cup -3.00  double cups~ -6.34  tableware -6.74  two cups -6.80  double cups -9.18   led   0/  0 h1.00 b0.00 lvl-4.29   - (nothing there)
frame  1414 :  a single cup~ +6.11*  a single cup -3.08  double cups~ -6.11  two cups -6.61  tableware -6.95  double cups -9.11   led   0/  0 h1.00 b0.00 lvl-4.29   - (nothing there)
frame  1415 :  a single cup~ +5.74*  a single cup -3.33  double cups~ -5.74  tableware -6.77  two cups -7.10  double cups -9.18   led   0/  0 h1.00 b0.00 lvl-4.40   - (nothing there)
frame  1416 :  a single cup~ +5.60*  a single cup -3.54  double cups~ -5.60  two cups -6.99  tableware -7.11  double cups -9.37   led   0/  0 h1.00 b0.00 lvl-4.50   - (nothing there)
frame  1417 :  a single cup~ +6.57*  a single cup -2.94  double cups~ -6.57  two cups -6.76  tableware -6.79  double cups -9.28   led   0/  0 h1.00 b0.00 lvl-4.30   - (nothing there)
frame  1418 :  a single cup~ +6.31*  a single cup -2.97  double cups~ -6.31  two cups -6.38  tableware -6.60  double cups -9.11   led   0/  0 h1.00 b0.00 lvl-4.18   - (nothing there)
frame  1419 :  a single cup~ +5.85*  a single cup -3.34  double cups~ -5.85  tableware -6.56  two cups -6.76  double cups -9.29   led   0/  0 h1.00 b0.00 lvl-4.32   - (nothing there)
frame  1420 :  a single cup~ +5.44*  a single cup -3.55  double cups~ -5.44  tableware -6.40  two cups -6.79  double cups -9.26   led   0/  0 h1.00 b0.00 lvl-4.33   - (nothing there)
frame  1421 :  a single cup~ +5.71*  a single cup -2.99  double cups~ -5.71  tableware -5.96  two cups -6.04  double cups -8.68   led   0/  0 h1.00 b0.00 lvl-3.95   - (nothing there)
frame  1422 :  a single cup~ +5.64*  a single cup -3.64  double cups~ -5.64  tableware -6.57  two cups -6.74  double cups -9.54   led   0/  0 h1.00 b0.00 lvl-4.42   - (nothing there)
frame  1423 :  a single cup~ +5.77*  a single cup -3.65  double cups~ -5.77  tableware -6.58  two cups -6.94  double cups -9.66   led   0/  0 h1.00 b0.00 lvl-4.47   - (nothing there)
frame  1424 :  a single cup~ +5.74*  a single cup -3.66  double cups~ -5.74  tableware -6.49  two cups -6.93  double cups -9.64   led   0/  0 h1.00 b0.00 lvl-4.45   - (nothing there)
frame  1425 :  a single cup~ +5.54*  a single cup -3.81  double cups~ -5.54  two cups -6.93  tableware -6.95  double cups -9.71   led   0/  0 h1.00 b0.00 lvl-4.57   - (nothing there)
frame  1426 :  a single cup~ +5.57*  a single cup -3.47  double cups~ -5.57  two cups -6.26  tableware -6.75  double cups -9.25   led   0/  0 h1.00 b0.00 lvl-4.29   - (nothing there)
frame  1427 :  a single cup~ +5.46*  a single cup -3.37  double cups~ -5.46  two cups -6.45  tableware -6.51  double cups -9.02   led   0/  0 h1.00 b0.00 lvl-4.22   - (nothing there)
frame  1428 :  a single cup~ +6.11*  a single cup -3.13  double cups~ -6.11  two cups -6.22  tableware -6.87  double cups -9.19   led   0/  0 h1.00 b0.00 lvl-4.23   - (nothing there)
frame  1429 :  a single cup~ +6.56*  a single cup -2.96  two cups -6.22  double cups~ -6.56  tableware -6.82  double cups -9.29   led   0/  0 h1.00 b0.00 lvl-4.22   - (nothing there)
frame  1430 :  a single cup~ +6.52*  a single cup -2.89  two cups -6.14  double cups~ -6.52  tableware -6.70  double cups -9.16   led   0/  0 h1.00 b0.00 lvl-4.15   - (nothing there)
frame  1431 :  a single cup~ +6.44*  a single cup -2.96  two cups -5.96  double cups~ -6.44  tableware -6.83  double cups -9.19   led   0/  0 h1.00 b0.00 lvl-4.16   - (nothing there)
frame  1432 :  a single cup~ +6.67*  a single cup -2.73  two cups -5.82  tableware -6.57  double cups~ -6.67  double cups -9.05   led   0/  0 h1.00 b0.00 lvl-4.03   - (nothing there)
frame  1433 :  a single cup~ +6.28*  a single cup -2.96  two cups -5.97  double cups~ -6.28  tableware -6.38  double cups -9.09   led   0/  0 h1.00 b0.00 lvl-4.07   - (nothing there)
frame  1434 :  a single cup~ +5.93*  a single cup -3.13  two cups -5.90  double cups~ -5.93  tableware -6.02  double cups -9.05   led   0/  0 h1.00 b0.00 lvl-4.02   - (nothing there)
frame  1435 :  a single cup~ +5.93*  a single cup -3.29  two cups -5.92  double cups~ -5.93  tableware -6.43  double cups -9.28   led   0/  0 h1.00 b0.00 lvl-4.15   - (nothing there)
frame  1436 :  a single cup~ +6.15*  a single cup -3.19  two cups -5.85  double cups~ -6.15  tableware -6.63  double cups -9.30   led   0/  0 h1.00 b0.00 lvl-4.16   - (nothing there)
frame  1437 :  a single cup~ +5.50*  a single cup -3.44  double cups~ -5.50  two cups -6.03  tableware -6.48  double cups -9.15   led   0/  0 h1.00 b0.00 lvl-4.18   - (nothing there)
frame  1438 :  a single cup~ +5.50*  a single cup -3.25  double cups~ -5.50  tableware -5.99  two cups -6.16  double cups -8.89   led   0/  0 h1.00 b0.00 lvl-4.05   - (nothing there)
frame  1439 :  a single cup~ +6.07*  a single cup -2.89  two cups -5.95  double cups~ -6.07  tableware -6.13  double cups -8.82   led   0/  0 h1.00 b0.00 lvl-3.96   - (nothing there)
frame  1440 :  a single cup~ +5.83*  a single cup -2.98  double cups~ -5.83  tableware -6.04  two cups -6.11  double cups -8.76   led   0/  0 h1.00 b0.00 lvl-3.98   - (nothing there)
frame  1441 :  a single cup~ +5.69*  a single cup -3.19  double cups~ -5.69  tableware -6.23  two cups -6.27  double cups -8.94   led   0/  0 h1.00 b0.00 lvl-4.11   - (nothing there)
frame  1442 :  a single cup~ +5.60*  a single cup -3.43  double cups~ -5.60  two cups -6.42  tableware -6.45  double cups -9.21   led   0/  0 h1.00 b0.00 lvl-4.25   - (nothing there)
frame  1443 :  a single cup~ +5.80*  a single cup -3.29  double cups~ -5.80  tableware -6.22  two cups -6.29  double cups -9.17   led   0/  0 h1.00 b0.00 lvl-4.16   - (nothing there)
frame  1444 :  a single cup~ +6.08*  a single cup -3.19  double cups~ -6.08  tableware -6.42  two cups -6.66  double cups -9.25   led   0/  0 h1.00 b0.00 lvl-4.26   - (nothing there)
frame  1445 :  a single cup~ +5.87*  a single cup -3.38  double cups~ -5.87  tableware -6.41  two cups -6.82  double cups -9.36   led   0/  0 h1.00 b0.00 lvl-4.33   - (nothing there)
frame  1446 :  a single cup~ +6.01*  a single cup -3.13  double cups~ -6.01  tableware -6.32  two cups -6.50  double cups -9.11   led   0/  0 h1.00 b0.00 lvl-4.18   - (nothing there)
frame  1447 :  a single cup~ +6.24*  a single cup -3.04  double cups~ -6.24  tableware -6.28  two cups -6.53  double cups -9.16   led   0/  0 h1.00 b0.00 lvl-4.17   - (nothing there)
frame  1448 :  a single cup~ +5.88*  a single cup -3.33  double cups~ -5.88  tableware -6.30  two cups -6.57  double cups -9.28   led   0/  0 h1.00 b0.00 lvl-4.25   - (nothing there)
frame  1449 :  a single cup~ +5.50*  a single cup -3.83  double cups~ -5.50  tableware -6.68  two cups -6.99  double cups -9.71   led   0/  0 h1.00 b0.00 lvl-4.53   - (nothing there)
frame  1450 :  a single cup~ +5.40*  a single cup -3.72  double cups~ -5.40  two cups -6.73  tableware -6.80  double cups -9.46   led   0/  0 h1.00 b0.00 lvl-4.45   - (nothing there)
frame  1451 :  a single cup~ +5.30*  a single cup -3.42  double cups~ -5.30  two cups -6.25  tableware -6.26  double cups -8.96   led   0/  0 h1.00 b0.00 lvl-4.15   - (nothing there)
frame  1452 :  a single cup~ +5.46*  a single cup -3.40  double cups~ -5.46  two cups -6.13  tableware -6.29  double cups -9.06   led   0/  0 h1.00 b0.00 lvl-4.15   - (nothing there)
frame  1453 :  a single cup~ +4.73*  a single cup -3.52  double cups~ -4.73  tableware -5.88  two cups -6.16  double cups -8.66   led   0/  0 h1.00 b0.00 lvl-4.04   - (nothing there)
frame  1454 :  a single cup~ +4.67*  a single cup -3.48  double cups~ -4.67  tableware -5.87  two cups -5.96  double cups -8.57   led   0/  0 h1.00 b0.00 lvl-3.98   - (nothing there)
frame  1455 :  a single cup~ +4.17*  a single cup -3.67  double cups~ -4.17  tableware -5.48  two cups -6.04  double cups -8.45   led   0/  0 h1.00 b0.00 lvl-3.94   - (nothing there)
frame  1456 :  a single cup~ +4.69*  a single cup -3.45  double cups~ -4.69  tableware -5.35  two cups -6.26  double cups -8.54   led   0/  0 h1.00 b0.00 lvl-3.93   - (nothing there)
frame  1457 :  a single cup~ +5.13*  a single cup -3.58  double cups~ -5.13  tableware -5.72  two cups -6.69  double cups -9.07   led   0/  0 h1.00 b0.00 lvl-4.18   - (nothing there)
frame  1458 :  a single cup~ +5.55*  a single cup -3.42  double cups~ -5.55  tableware -5.88  two cups -6.54  double cups -9.17   led   0/  0 h1.00 b0.00 lvl-4.17   - (nothing there)
frame  1459 :  a single cup~ +5.54*  a single cup -3.18  double cups~ -5.54  tableware -5.65  two cups -6.27  double cups -8.82   led   0/  0 h1.00 b0.00 lvl-3.99   - (nothing there)
frame  1460 :  a single cup~ +6.03*  a single cup -3.36  double cups~ -6.03  tableware -6.32  two cups -6.69  double cups -9.44   led   0/  0 h1.00 b0.00 lvl-4.30   - (nothing there)
frame  1461 :  a single cup~ +5.31*  a single cup -3.62  double cups~ -5.31  tableware -6.28  two cups -6.49  double cups -9.25   led   0/  0 h1.00 b0.00 lvl-4.27   - (nothing there)
frame  1462 :  a single cup~ +6.54*  a single cup -3.28  two cups -6.27  double cups~ -6.54  tableware -7.01  double cups -9.72   led   0/  0 h1.00 b0.00 lvl-4.38   - (nothing there)
frame  1463 :  a single cup~ +6.30*  a single cup -3.10  two cups -5.96  double cups~ -6.30  tableware -6.85  double cups -9.29   led   0/  0 h1.00 b0.00 lvl-4.20   - (nothing there)
frame  1464 :  a single cup~ +6.14*  a single cup -3.28  double cups~ -6.14  two cups -6.27  tableware -6.69  double cups -9.42   led   0/  0 h1.00 b0.00 lvl-4.28   - (nothing there)
frame  1465 :  a single cup~ +6.02*  a single cup -3.19  double cups~ -6.02  tableware -6.31  two cups -6.38  double cups -9.20   led   0/  0 h1.00 b0.00 lvl-4.18   - (nothing there)
frame  1466 :  a single cup~ +6.24*  a single cup -3.37  double cups~ -6.24  two cups -6.90  tableware -6.91  double cups -9.63   led   0/  0 h1.00 b0.00 lvl-4.47   - (nothing there)
frame  1467 :  a single cup~ +6.52*  a single cup -2.84  tableware -6.26  two cups -6.52  double cups~ -6.52  double cups -9.10   led   0/  0 h1.00 b0.00 lvl-4.12   - (nothing there)
frame  1468 :  a single cup~ +6.59*  a single cup -2.81  tableware -6.38  two cups -6.53  double cups~ -6.59  double cups -9.10   led   0/  0 h1.00 b0.00 lvl-4.14   - (nothing there)
frame  1469 :  a single cup~ +6.57*  a single cup -2.55  tableware -5.87  two cups -6.15  double cups~ -6.57  double cups -8.71   led   0/  0 h1.00 b0.00 lvl-3.88   - (nothing there)
frame  1470 :  a single cup~ +6.26*  a single cup -2.87  tableware -6.22  double cups~ -6.26  two cups -6.32  double cups -8.93   led   0/  0 h1.00 b0.00 lvl-4.06   - (nothing there)
frame  1471 :  a single cup~ +6.04*  a single cup -3.11  double cups~ -6.04  two cups -6.26  tableware -6.52  double cups -9.10   led   0/  0 h1.00 b0.00 lvl-4.16   - (nothing there)
frame  1472 :  a single cup~ +5.57*  a single cup -3.58  double cups~ -5.57  tableware -6.57  two cups -6.67  double cups -9.41   led   0/  0 h1.00 b0.00 lvl-4.37   - (nothing there)
frame  1473 :  a single cup~ +5.93*  a single cup -3.27  double cups~ -5.93  tableware -6.45  two cups -6.52  double cups -9.25   led   0/  0 h1.00 b0.00 lvl-4.25   - (nothing there)
frame  1474 :  a single cup~ +5.46*  a single cup -3.43  double cups~ -5.46  two cups -6.22  tableware -6.54  double cups -9.11   led   0/  0 h1.00 b0.00 lvl-4.22   - (nothing there)
frame  1475 :  a single cup~ +5.22*  a single cup -3.60  double cups~ -5.22  two cups -6.19  tableware -6.38  double cups -9.16   led   0/  0 h1.00 b0.00 lvl-4.22   - (nothing there)
frame  1476 :  a single cup~ +4.98*  a single cup -3.87  double cups~ -4.98  tableware -6.45  two cups -6.72  double cups -9.37   led   0/  0 h1.00 b0.00 lvl-4.40   - (nothing there)
frame  1477 :  a single cup~ +4.79*  a single cup -3.97  double cups~ -4.79  tableware -6.61  two cups -6.63  double cups -9.35   led   0/  0 h1.00 b0.00 lvl-4.43   - (nothing there)
frame  1478 :  a single cup~ +5.89*  a single cup -3.21  double cups~ -5.89  tableware -6.41  two cups -6.49  double cups -9.12   led   0/  0 h1.00 b0.00 lvl-4.20   - (nothing there)
frame  1479 :  a single cup~ +5.59*  a single cup -3.44  double cups~ -5.59  tableware -6.48  two cups -6.54  double cups -9.21   led   0/  0 h1.00 b0.00 lvl-4.28   - (nothing there)
frame  1480 :  a single cup~ +5.67*  a single cup -3.27  double cups~ -5.67  two cups -6.34  tableware -6.36  double cups -9.05   led   0/  0 h1.00 b0.00 lvl-4.17   - (nothing there)
frame  1481 :  a single cup~ +5.83*  a single cup -3.37  double cups~ -5.83  tableware -6.38  two cups -6.79  double cups -9.31   led   0/  0 h1.00 b0.00 lvl-4.31   - (nothing there)
frame  1482 :  a single cup~ +5.89*  a single cup -3.31  double cups~ -5.89  tableware -6.35  two cups -6.63  double cups -9.27   led   0/  0 h1.00 b0.00 lvl-4.26   - (nothing there)
frame  1483 :  a single cup~ +5.88*  a single cup -3.41  double cups~ -5.88  two cups -6.33  tableware -6.77  double cups -9.40   led   0/  0 h1.00 b0.00 lvl-4.32   - (nothing there)
frame  1484 :  a single cup~ +5.64*  a single cup -3.42  double cups~ -5.64  two cups -6.34  tableware -6.57  double cups -9.23   led   0/  0 h1.00 b0.00 lvl-4.26   - (nothing there)
frame  1485 :  a single cup~ +5.31*  a single cup -3.36  double cups~ -5.31  tableware -5.97  two cups -6.11  double cups -8.89   led   0/  0 h1.00 b0.00 lvl-4.05   - (nothing there)
frame  1486 :  a single cup~ +5.14*  a single cup -3.22  double cups~ -5.14  tableware -5.46  two cups -6.00  double cups -8.56   led   0/  0 h1.00 b0.00 lvl-3.87   - (nothing there)
frame  1487 :  a single cup~ +5.03*  a single cup -3.22  double cups~ -5.03  tableware -5.63  two cups -5.75  double cups -8.47   led   0/  0 h1.00 b0.00 lvl-3.84   - (nothing there)
frame  1488 :  a single cup~ +4.55*  a single cup -3.43  double cups~ -4.55  tableware -5.63  two cups -6.10  double cups -8.40   led   0/  0 h1.00 b0.00 lvl-3.93   - (nothing there)
frame  1489 :  a single cup~ +4.81*  a single cup -3.25  double cups~ -4.81  tableware -5.58  two cups -5.73  double cups -8.35   led   0/  0 h1.00 b0.00 lvl-3.82   - (nothing there)
frame  1490 :  a single cup~ +4.97*  a single cup -3.00  double cups~ -4.97  two cups -5.22  tableware -5.80  double cups -8.12   led   0/  0 h1.00 b0.00 lvl-3.69   - (nothing there)
frame  1491 :  a single cup~ +5.23*  a single cup -3.25  double cups~ -5.23  two cups -5.62  tableware -6.33  double cups -8.67   led   0/  0 h1.00 b0.00 lvl-3.98   - (nothing there)
frame  1492 :  a single cup~ +5.02*  a single cup -3.29  double cups~ -5.02  two cups -5.47  tableware -6.38  double cups -8.57   led   0/  0 h1.00 b0.00 lvl-3.95   - (nothing there)
frame  1493 :  a single cup~ +5.03*  a single cup -3.24  double cups~ -5.03  two cups -5.55  tableware -6.07  double cups -8.50   led   0/  0 h1.00 b0.00 lvl-3.89   - (nothing there)
frame  1494 :  a single cup~ +5.08*  a single cup -3.19  double cups~ -5.08  two cups -5.57  tableware -5.83  double cups -8.47   led   0/  0 h1.00 b0.00 lvl-3.84   - (nothing there)
frame  1495 :  a single cup~ +4.47*  a single cup -3.57  double cups~ -4.47  two cups -5.68  tableware -5.96  double cups -8.54   led   0/  0 h1.00 b0.00 lvl-3.96   - (nothing there)
frame  1496 :  a single cup~ +4.77*  a single cup -3.68  double cups~ -4.77  two cups -5.81  tableware -6.49  double cups -8.93   led   0/  0 h1.00 b0.00 lvl-4.15   - (nothing there)
frame  1497 :  a single cup~ +4.70*  a single cup -3.86  double cups~ -4.70  two cups -5.99  tableware -6.71  double cups -9.12   led   0/  0 h1.00 b0.00 lvl-4.28   - (nothing there)
frame  1498 :  a single cup~ +5.06*  a single cup -3.67  double cups~ -5.06  two cups -6.24  tableware -6.35  double cups -9.14   led   0/  0 h1.00 b0.00 lvl-4.24   - (nothing there)
frame  1499 :  a single cup~ +5.34*  a single cup -3.47  double cups~ -5.34  two cups -5.98  tableware -6.50  double cups -9.07   led   0/  0 h1.00 b0.00 lvl-4.17   - (nothing there)
background: after 30 frames (frozen, room spread), this room reads  a single cup~ 0.022 +-0.0037 (COCO -0.016 +-0.0386)  double cups~ -0.022 +-0.0037 (COCO 0.016 +-0.0386)  a single cup -0.093 +-0.0046 (COCO -0.142 +-0.0335)  double cups -0.108 +-0.0033 (COCO -0.132 +-0.0316)  two cups -0.126 +-0.0034 (COCO -0.137 +-0.0328)  tableware -0.116 +-0.0044 (COCO -0.158 +-0.0450)
frame  1500 :  a single cup~ +5.27*  a single cup -3.65  double cups~ -5.27  two cups -6.00  tableware -6.90  double cups -9.27   led   0/  0 h1.00 b0.00 lvl-4.30   - (nothing there)
frame  1501 :  a single cup~ +5.02*  a single cup -3.75  double cups~ -5.02  two cups -6.26  tableware -6.84  double cups -9.22   led   0/  0 h1.00 b0.00 lvl-4.34   - (nothing there)
frame  1502 :  a single cup~ +4.34*  a single cup -3.86  double cups~ -4.34  two cups -5.94  tableware -6.43  double cups -8.84   led   0/  0 h1.00 b0.00 lvl-4.18   - (nothing there)
frame  1503 :  a single cup~ +4.91*  a single cup -3.84  double cups~ -4.91  tableware -6.44  two cups -6.52  double cups -9.26   led   0/  0 h1.00 b0.00 lvl-4.34   - (nothing there)
frame  1504 :  a single cup~ +5.03*  a single cup -3.95  double cups~ -5.03  two cups -6.69  tableware -6.91  double cups -9.50   led   0/  0 h1.00 b0.00 lvl-4.51   - (nothing there)
frame  1505 :  a single cup~ +5.12*  a single cup -3.89  double cups~ -5.12  two cups -6.83  tableware -6.90  double cups -9.49   led   0/  0 h1.00 b0.00 lvl-4.52   - (nothing there)
frame  1506 :  a single cup~ +5.40*  a single cup -4.03  double cups~ -5.40  two cups -6.76  tableware -7.57  double cups -9.91   led   0/  0 h1.00 b0.00 lvl-4.71   - (nothing there)
frame  1507 :  a single cup~ +4.94*  a single cup -4.50  double cups~ -4.94  two cups -7.16  tableware -7.55  double cups -10.22   led   0/  0 h1.00 b0.00 lvl-4.91   - (nothing there)
frame  1508 :  a single cup~ +4.93*  a single cup -3.98  double cups~ -4.93  two cups -6.28  tableware -7.04  double cups -9.47   led   0/  0 h1.00 b0.00 lvl-4.46   - (nothing there)
frame  1509 :  a single cup~ +5.29*  a single cup -3.93  double cups~ -5.29  two cups -6.67  tableware -7.54  double cups -9.68   led   0/  0 h1.00 b0.00 lvl-4.64   - (nothing there)
frame  1510 :  a single cup~ +5.75*  a single cup -3.64  double cups~ -5.75  two cups -6.68  tableware -7.32  double cups -9.62   led   0/  0 h1.00 b0.00 lvl-4.54   - (nothing there)
frame  1511 :  a single cup~ +6.03*  a single cup -3.76  double cups~ -6.03  two cups -6.92  tableware -7.50  double cups -10.02   led   0/  0 h1.00 b0.00 lvl-4.70   - (nothing there)
frame  1512 :  a single cup~ +6.08*  a single cup -3.81  double cups~ -6.08  two cups -7.03  tableware -7.46  double cups -10.13   led   0/  0 h1.00 b0.00 lvl-4.74   - (nothing there)
frame  1513 :  a single cup~ +5.67*  a single cup -3.93  double cups~ -5.67  two cups -6.98  tableware -7.58  double cups -9.98   led   0/  0 h1.00 b0.00 lvl-4.74   - (nothing there)
frame  1514 :  a single cup~ +5.41*  a single cup -3.79  double cups~ -5.41  two cups -6.76  tableware -7.25  double cups -9.58   led   0/  0 h1.00 b0.00 lvl-4.56   - (nothing there)
frame  1515 :  a single cup~ +5.34*  a single cup -3.66  double cups~ -5.34  two cups -6.46  tableware -6.85  double cups -9.34   led   0/  0 h1.00 b0.00 lvl-4.39   - (nothing there)
frame  1516 :  a single cup~ +5.21*  a single cup -3.97  double cups~ -5.21  two cups -6.86  tableware -7.06  double cups -9.68   led   0/  0 h1.00 b0.00 lvl-4.60   - (nothing there)
frame  1517 :  a single cup~ +5.97*  a single cup -3.75  double cups~ -5.97  two cups -6.92  tableware -7.47  double cups -9.96   led   0/  0 h1.00 b0.00 lvl-4.68   - (nothing there)
frame  1518 :  a single cup~ +6.13*  a single cup -3.51  double cups~ -6.13  two cups -6.60  tableware -7.27  double cups -9.74   led   0/  0 h1.00 b0.00 lvl-4.52   - (nothing there)
frame  1519 :  a single cup~ +6.37*  a single cup -3.30  double cups~ -6.37  two cups -6.38  tableware -7.08  double cups -9.62   led   0/  0 h1.00 b0.00 lvl-4.40   - (nothing there)
frame  1520 :  a single cup~ +6.56*  a single cup -3.36  double cups~ -6.56  two cups -6.73  tableware -7.47  double cups -9.86   led   0/  0 h1.00 b0.00 lvl-4.57   - (nothing there)
frame  1521 :  a single cup~ +6.08*  a single cup -3.41  double cups~ -6.08  two cups -6.29  tableware -7.31  double cups -9.56   led   0/  0 h1.00 b0.00 lvl-4.43   - (nothing there)
frame  1522 :  a single cup~ +5.62*  a single cup -3.86  double cups~ -5.62  two cups -6.41  tableware -7.73  double cups -9.84   led   0/  0 h1.00 b0.00 lvl-4.64   - (nothing there)
frame  1523 :  a single cup~ +6.11*  a single cup -3.36  double cups~ -6.11  two cups -6.12  tableware -7.50  double cups -9.51   led   0/  0 h1.00 b0.00 lvl-4.42   - (nothing there)
frame  1524 :  a single cup~ +6.32*  a single cup -3.40  double cups~ -6.32  two cups -6.58  tableware -7.41  double cups -9.73   led   0/  0 h1.00 b0.00 lvl-4.52   - (nothing there)
frame  1525 :  a single cup~ +6.09*  a single cup -3.77  double cups~ -6.09  two cups -7.09  tableware -7.56  double cups -10.08   led   0/  0 h1.00 b0.00 lvl-4.75   - (nothing there)
frame  1526 :  a single cup~ +6.29*  a single cup -3.65  double cups~ -6.29  two cups -6.87  tableware -7.57  double cups -10.07   led   0/  0 h1.00 b0.00 lvl-4.69   - (nothing there)
frame  1527 :  a single cup~ +5.81*  a single cup -3.89  double cups~ -5.81  two cups -6.97  tableware -7.15  double cups -10.03   led   0/  0 h1.00 b0.00 lvl-4.67   - (nothing there)
frame  1528 :  a single cup~ +5.82*  a single cup -3.48  double cups~ -5.82  two cups -6.41  tableware -6.81  double cups -9.45   led   0/  0 h1.00 b0.00 lvl-4.36   - (nothing there)
frame  1529 :  a single cup~ +4.97*  a single cup -4.13  double cups~ -4.97  two cups -6.87  tableware -7.51  double cups -9.73   led   0/  0 h1.00 b0.00 lvl-4.71   - (nothing there)
frame  1530 :  a single cup~ +5.84*  a single cup -3.72  double cups~ -5.84  two cups -6.84  tableware -7.53  double cups -9.82   led   0/  0 h1.00 b0.00 lvl-4.65   - (nothing there)
frame  1531 :  a single cup~ +6.21*  a single cup -3.39  double cups~ -6.21  two cups -6.66  tableware -7.22  double cups -9.63   led   0/  0 h1.00 b0.00 lvl-4.48   - (nothing there)
frame  1532 :  a single cup~ +6.37*  a single cup -3.19  double cups~ -6.37  two cups -6.80  tableware -7.24  double cups -9.47   led   0/  0 h1.00 b0.00 lvl-4.45   - (nothing there)
frame  1533 :  a single cup~ +6.30*  a single cup -3.28  double cups~ -6.30  two cups -6.49  tableware -7.22  double cups -9.55   led   0/  0 h1.00 b0.00 lvl-4.43   - (nothing there)
frame  1534 :  a single cup~ +6.54*  a single cup -3.23  two cups -6.41  double cups~ -6.54  tableware -7.17  double cups -9.65   led   0/  0 h1.00 b0.00 lvl-4.41   - (nothing there)
frame  1535 :  a single cup~ +6.08*  a single cup -3.48  double cups~ -6.08  two cups -6.31  tableware -6.95  double cups -9.66   led   0/  0 h1.00 b0.00 lvl-4.40   - (nothing there)
frame  1536 :  a single cup~ +6.26*  a single cup -3.24  double cups~ -6.26  two cups -6.38  tableware -6.48  double cups -9.45   led   0/  0 h1.00 b0.00 lvl-4.26   - (nothing there)
frame  1537 :  a single cup~ +5.80*  a single cup -3.53  double cups~ -5.80  tableware -6.55  two cups -6.81  double cups -9.52   led   0/  0 h1.00 b0.00 lvl-4.40   - (nothing there)
frame  1538 :  a single cup~ +6.04*  a single cup -3.17  double cups~ -6.04  tableware -6.43  two cups -6.52  double cups -9.19   led   0/  0 h1.00 b0.00 lvl-4.22   - (nothing there)
frame  1539 :  a single cup~ +6.28*  a single cup -3.04  double cups~ -6.28  two cups -6.55  tableware -6.65  double cups -9.19   led   0/  0 h1.00 b0.00 lvl-4.24   - (nothing there)
frame  1540 :  a single cup~ +6.05*  a single cup -3.41  double cups~ -6.05  two cups -6.76  tableware -7.32  double cups -9.54   led   0/  0 h1.00 b0.00 lvl-4.50   - (nothing there)
frame  1541 :  a single cup~ +5.62*  a single cup -3.50  double cups~ -5.62  two cups -6.92  tableware -7.23  double cups -9.32   led   0/  0 h1.00 b0.00 lvl-4.49   - (nothing there)
frame  1542 :  a single cup~ +5.16*  a single cup -3.82  double cups~ -5.16  two cups -7.09  tableware -7.71  double cups -9.42   led   0/  0 h1.00 b0.00 lvl-4.67   - (nothing there)
frame  1543 :  a single cup~ +4.90*  a single cup -3.92  double cups~ -4.90  two cups -6.96  tableware -7.69  double cups -9.37   led   0/  0 h1.00 b0.00 lvl-4.66   - (nothing there)
frame  1544 :  a single cup~ +4.35*  a single cup -4.11  double cups~ -4.35  two cups -6.86  tableware -7.43  double cups -9.21   led   0/  0 h1.00 b0.00 lvl-4.60   - (nothing there)
frame  1545 :  a single cup~ +4.46*  a single cup -4.01  double cups~ -4.46  two cups -6.93  tableware -7.01  double cups -9.15   led   0/  0 h1.00 b0.00 lvl-4.52   - (nothing there)
frame  1546 :  a single cup~ +4.35*  a single cup -4.11  double cups~ -4.35  two cups -7.15  tableware -7.21  double cups -9.21   led   0/  0 h1.00 b0.00 lvl-4.61   - (nothing there)
frame  1547 :  a single cup~ +4.74*  a single cup -3.95  double cups~ -4.74  tableware -7.06  two cups -7.09  double cups -9.29   led   0/  0 h1.00 b0.00 lvl-4.56   - (nothing there)
frame  1548 :  a single cup~ +4.83*  a single cup -4.17  double cups~ -4.83  tableware -7.12  two cups -7.75  double cups -9.68   led   0/  0 h1.00 b0.00 lvl-4.79   - (nothing there)
frame  1549 :  a single cup~ +5.45*  a single cup -3.89  double cups~ -5.45  tableware -6.89  two cups -7.55  double cups -9.76   led   0/  0 h1.00 b0.00 lvl-4.68   - (nothing there)
frame  1550 :  a single cup~ +5.08*  a single cup -4.08  double cups~ -5.08  tableware -7.21  two cups -7.35  double cups -9.73   led   0/  0 h1.00 b0.00 lvl-4.73   - (nothing there)
frame  1551 :  a single cup~ +5.46*  a single cup -3.89  double cups~ -5.46  tableware -7.06  two cups -7.26  double cups -9.76   led   0/  0 h1.00 b0.00 lvl-4.66   - (nothing there)
frame  1552 :  a single cup~ +5.71*  a single cup -3.84  double cups~ -5.71  tableware -7.29  two cups -7.50  double cups -9.88   led   0/  0 h1.00 b0.00 lvl-4.75   - (nothing there)
frame  1553 :  a single cup~ +5.97*  a single cup -3.76  double cups~ -5.97  tableware -6.95  two cups -7.74  double cups -9.97   led   0/  0 h1.00 b0.00 lvl-4.73   - (nothing there)
frame  1554 :  a single cup~ +5.24*  a single cup -3.65  double cups~ -5.24  tableware -6.59  two cups -7.22  double cups -9.24   led   0/  0 h1.00 b0.00 lvl-4.45   - (nothing there)
frame  1555 :  a single cup~ +5.35*  a single cup -3.58  double cups~ -5.35  tableware -6.49  two cups -7.09  double cups -9.23   led   0/  0 h1.00 b0.00 lvl-4.40   - (nothing there)
frame  1556 :  a single cup~ +5.21*  a single cup -3.59  double cups~ -5.21  tableware -6.62  two cups -6.88  double cups -9.14   led   0/  0 h1.00 b0.00 lvl-4.37   - (nothing there)
frame  1557 :  a single cup~ +5.00*  a single cup -3.85  double cups~ -5.00  tableware -7.06  two cups -7.23  double cups -9.34   led   0/  0 h1.00 b0.00 lvl-4.58   - (nothing there)
frame  1558 :  a single cup~ +5.34*  a single cup -3.60  double cups~ -5.34  two cups -7.08  tableware -7.25  double cups -9.25   led   0/  0 h1.00 b0.00 lvl-4.53   - (nothing there)
frame  1559 :  a single cup~ +4.94*  a single cup -3.59  double cups~ -4.94  two cups -6.70  tableware -7.08  double cups -8.94   led   0/  0 h1.00 b0.00 lvl-4.39   - (nothing there)
frame  1560 :  a single cup~ +5.28*  a single cup -3.62  double cups~ -5.28  two cups -6.91  tableware -7.39  double cups -9.23   led   0/  0 h1.00 b0.00 lvl-4.52   - (nothing there)
frame  1561 :  a single cup~ +5.11*  a single cup -3.43  double cups~ -5.11  two cups -6.51  tableware -7.19  double cups -8.83   led   0/  0 h1.00 b0.00 lvl-4.33   - (nothing there)
frame  1562 :  a single cup~ +4.89*  a single cup -3.63  double cups~ -4.89  two cups -6.45  tableware -7.37  double cups -8.95   led   0/  0 h1.00 b0.00 lvl-4.40   - (nothing there)
frame  1563 :  a single cup~ +5.33*  a single cup -3.67  double cups~ -5.33  two cups -6.88  tableware -7.26  double cups -9.34   led   0/  0 h1.00 b0.00 lvl-4.53   - (nothing there)
frame  1564 :  a single cup~ +5.45*  a single cup -3.64  double cups~ -5.45  tableware -7.08  two cups -7.08  double cups -9.39   led   0/  0 h1.00 b0.00 lvl-4.53   - (nothing there)
frame  1565 :  a single cup~ +5.70*  a single cup -3.59  double cups~ -5.70  tableware -7.20  two cups -7.33  double cups -9.52   led   0/  0 h1.00 b0.00 lvl-4.61   - (nothing there)
frame  1566 :  a single cup~ +5.23*  a single cup -4.04  double cups~ -5.23  tableware -6.90  two cups -7.88  double cups -9.79   led   0/  0 h1.00 b0.00 lvl-4.77   - (nothing there)
frame  1567 :  a single cup~ +5.10*  a single cup -3.74  double cups~ -5.10  tableware -6.52  two cups -7.44  double cups -9.27   led   0/  0 h1.00 b0.00 lvl-4.50   - (nothing there)
frame  1568 :  a single cup~ +5.36*  a single cup -3.54  double cups~ -5.36  tableware -6.52  two cups -7.33  double cups -9.18   led   0/  0 h1.00 b0.00 lvl-4.43   - (nothing there)
frame  1569 :  a single cup~ +5.43*  a single cup -3.43  double cups~ -5.43  tableware -6.25  two cups -7.25  double cups -9.08   led   0/  0 h1.00 b0.00 lvl-4.34   - (nothing there)
frame  1570 :  a single cup~ +5.19*  a single cup -3.52  double cups~ -5.19  tableware -6.62  two cups -7.03  double cups -9.02   led   0/  0 h1.00 b0.00 lvl-4.36   - (nothing there)
frame  1571 :  a single cup~ +5.19*  a single cup -3.85  double cups~ -5.19  tableware -6.70  two cups -7.67  double cups -9.49   led   0/  0 h1.00 b0.00 lvl-4.62   - (nothing there)
frame  1572 :  a single cup~ +5.30*  a single cup -4.02  double cups~ -5.30  tableware -7.04  two cups -7.94  double cups -9.82   led   0/  0 h1.00 b0.00 lvl-4.80   - (nothing there)
frame  1573 :  a single cup~ +5.48*  a single cup -3.90  double cups~ -5.48  tableware -7.27  two cups -7.65  double cups -9.79   led   0/  0 h1.00 b0.00 lvl-4.77   - (nothing there)
frame  1574 :  a single cup~ +5.57*  a single cup -3.96  double cups~ -5.57  tableware -7.17  two cups -7.83  double cups -9.94   led   0/  0 h1.00 b0.00 lvl-4.82   - (nothing there)
frame  1575 :  a single cup~ +5.20*  a single cup -4.00  double cups~ -5.20  tableware -6.79  two cups -7.78  double cups -9.71   led   0/  0 h1.00 b0.00 lvl-4.71   - (nothing there)
frame  1576 :  a single cup~ +5.34*  a single cup -3.93  double cups~ -5.34  tableware -6.82  two cups -7.61  double cups -9.73   led   0/  0 h1.00 b0.00 lvl-4.68   - (nothing there)
frame  1577 :  a single cup~ +6.01*  a single cup -3.75  double cups~ -6.01  tableware -6.94  two cups -7.86  double cups -9.98   led   0/  0 h1.00 b0.00 lvl-4.76   - (nothing there)
frame  1578 :  a single cup~ +5.86*  a single cup -3.96  double cups~ -5.86  tableware -7.05  two cups -8.01  double cups -10.16   led   0/  0 h1.00 b0.00 lvl-4.86   - (nothing there)
frame  1579 :  a single cup~ +6.23*  a single cup -3.85  double cups~ -6.23  tableware -7.03  two cups -8.24  double cups -10.30   led   0/  0 h1.00 b0.00 lvl-4.90   - (nothing there)
frame  1580 :  a single cup~ +5.94*  a single cup -3.85  double cups~ -5.94  tableware -7.35  two cups -7.93  double cups -10.07   led   0/  0 h1.00 b0.00 lvl-4.87   - (nothing there)
frame  1581 :  a single cup~ +6.03*  a single cup -3.99  double cups~ -6.03  tableware -7.48  two cups -8.10  double cups -10.34   led   0/  0 h1.00 b0.00 lvl-4.98   - (nothing there)
frame  1582 :  a single cup~ +5.99*  a single cup -3.68  double cups~ -5.99  tableware -7.08  two cups -7.67  double cups -9.87   led   0/  0 h1.00 b0.00 lvl-4.72   - (nothing there)
frame  1583 :  a single cup~ +5.81*  a single cup -3.87  double cups~ -5.81  tableware -7.03  two cups -8.04  double cups -10.01   led   0/  0 h1.00 b0.00 lvl-4.83   - (nothing there)
frame  1584 :  a single cup~ +5.61*  a single cup -3.90  double cups~ -5.61  tableware -7.39  two cups -7.67  double cups -9.89   led   0/  0 h1.00 b0.00 lvl-4.81   - (nothing there)
frame  1585 :  a single cup~ +5.37*  a single cup -3.50  double cups~ -5.37  tableware -6.61  two cups -7.06  double cups -9.13   led   0/  0 h1.00 b0.00 lvl-4.38   - (nothing there)
frame  1586 :  a single cup~ +5.42*  a single cup -3.66  double cups~ -5.42  tableware -7.03  two cups -7.04  double cups -9.40   led   0/  0 h1.00 b0.00 lvl-4.52   - (nothing there)
frame  1587 :  a single cup~ +4.71*  a single cup -4.13  double cups~ -4.71  tableware -6.96  two cups -7.42  double cups -9.52   led   0/  0 h1.00 b0.00 lvl-4.67   - (nothing there)
frame  1588 :  a single cup~ +3.95*  double cups~ -3.95  a single cup -4.66  tableware -7.49  two cups -7.51  double cups -9.68   led   0/  0 h1.00 b0.00 lvl-4.89   - (nothing there)
frame  1589 :  a single cup~ +4.09*  double cups~ -4.09  a single cup -4.39  two cups -7.05  tableware -7.32  double cups -9.40   led   0/  0 h1.00 b0.00 lvl-4.69   - (nothing there)
frame  1590 :  a single cup~ +4.90*  a single cup -3.80  double cups~ -4.90  two cups -6.50  tableware -7.25  double cups -9.20   led   0/  0 h1.00 b0.00 lvl-4.46   - (nothing there)
frame  1591 :  a single cup~ +4.81*  a single cup -3.73  double cups~ -4.81  two cups -6.55  tableware -7.02  double cups -9.03   led   0/  0 h1.00 b0.00 lvl-4.39   - (nothing there)
frame  1592 :  a single cup~ +4.77*  a single cup -3.54  double cups~ -4.77  two cups -6.17  tableware -6.61  double cups -8.72   led   0/  0 h1.00 b0.00 lvl-4.17   - (nothing there)
frame  1593 :  a single cup~ +5.29*  a single cup -3.33  double cups~ -5.29  two cups -6.29  tableware -6.77  double cups -8.83   led   0/  0 h1.00 b0.00 lvl-4.20   - (nothing there)
frame  1594 :  a single cup~ +5.52*  a single cup -3.56  double cups~ -5.52  two cups -6.87  tableware -7.13  double cups -9.34   led   0/  0 h1.00 b0.00 lvl-4.48   - (nothing there)
frame  1595 :  a single cup~ +5.22*  a single cup -3.91  double cups~ -5.22  two cups -6.89  tableware -7.32  double cups -9.60   led   0/  0 h1.00 b0.00 lvl-4.62   - (nothing there)
frame  1596 :  a single cup~ +5.36*  a single cup -3.77  double cups~ -5.36  two cups -6.96  tableware -7.16  double cups -9.51   led   0/  0 h1.00 b0.00 lvl-4.56   - (nothing there)
frame  1597 :  a single cup~ +5.40*  a single cup -3.80  double cups~ -5.40  two cups -7.16  tableware -7.80  double cups -9.59   led   0/  0 h1.00 b0.00 lvl-4.72   - (nothing there)
frame  1598 :  a single cup~ +4.98*  a single cup -3.76  double cups~ -4.98  tableware -6.99  two cups -7.15  double cups -9.20   led   0/  0 h1.00 b0.00 lvl-4.52   - (nothing there)
frame  1599 :  a single cup~ +5.67*  a single cup -3.49  double cups~ -5.67  tableware -6.75  two cups -7.43  double cups -9.35   led   0/  0 h1.00 b0.00 lvl-4.50   - (nothing there)
background: after 30 frames (frozen, room spread), this room reads  a single cup~ 0.022 +-0.0037 (COCO -0.016 +-0.0386)  double cups~ -0.022 +-0.0037 (COCO 0.016 +-0.0386)  a single cup -0.093 +-0.0046 (COCO -0.142 +-0.0335)  double cups -0.108 +-0.0033 (COCO -0.132 +-0.0316)  two cups -0.126 +-0.0034 (COCO -0.137 +-0.0328)  tableware -0.116 +-0.0044 (COCO -0.158 +-0.0450)
frame  1600 :  a single cup~ +5.21*  a single cup -3.88  double cups~ -5.21  tableware -7.10  two cups -7.85  double cups -9.56   led   0/  0 h1.00 b0.00 lvl-4.73   - (nothing there)
frame  1601 :  a single cup~ +5.23*  a single cup -4.13  double cups~ -5.23  tableware -7.41  two cups -8.09  double cups -9.92   led   0/  0 h1.00 b0.00 lvl-4.93   - (nothing there)
frame  1602 :  a single cup~ +5.53*  a single cup -4.08  double cups~ -5.53  tableware -7.32  two cups -8.26  double cups -10.08   led   0/  0 h1.00 b0.00 lvl-4.96   - (nothing there)
frame  1603 :  a single cup~ +5.44*  a single cup -3.94  double cups~ -5.44  tableware -7.35  two cups -8.11  double cups -9.81   led   0/  0 h1.00 b0.00 lvl-4.87   - (nothing there)
frame  1604 :  a single cup~ +5.29*  a single cup -3.88  double cups~ -5.29  tableware -6.94  two cups -7.93  double cups -9.61   led   0/  0 h1.00 b0.00 lvl-4.73   - (nothing there)
frame  1605 :  a single cup~ +5.89*  a single cup -3.61  double cups~ -5.89  tableware -6.98  two cups -8.03  double cups -9.70   led   0/  0 h1.00 b0.00 lvl-4.72   - (nothing there)
frame  1606 :  a single cup~ +5.88*  a single cup -3.40  double cups~ -5.88  tableware -6.55  two cups -7.77  double cups -9.38   led   0/  0 h1.00 b0.00 lvl-4.52   - (nothing there)
frame  1607 :  a single cup~ +5.35*  a single cup -3.51  double cups~ -5.35  tableware -6.01  two cups -7.63  double cups -9.14   led   0/  0 h1.00 b0.00 lvl-4.38   - (nothing there)
frame  1608 :  a single cup~ +5.31*  a single cup -3.29  double cups~ -5.31  tableware -5.62  two cups -7.10  double cups -8.80   led   0/  0 h1.00 b0.00 lvl-4.13   - (nothing there)
frame  1609 :  a single cup~ +5.47*  a single cup -3.29  double cups~ -5.47  tableware -6.22  two cups -7.14  double cups -8.92   led   0/  0 h1.00 b0.00 lvl-4.26   - (nothing there)
frame  1610 :  a single cup~ +5.40*  a single cup -3.54  double cups~ -5.40  tableware -6.54  two cups -7.40  double cups -9.21   led   0/  0 h1.00 b0.00 lvl-4.45   - (nothing there)
frame  1611 :  a single cup~ +5.54*  a single cup -3.30  double cups~ -5.54  tableware -6.02  two cups -7.25  double cups -8.98   led   0/  0 h1.00 b0.00 lvl-4.26   - (nothing there)
frame  1612 :  a single cup~ +5.19*  a single cup -3.41  double cups~ -5.19  tableware -6.13  two cups -7.05  double cups -8.87   led   0/  0 h1.00 b0.00 lvl-4.24   - (nothing there)
frame  1613 :  a single cup~ +4.83*  a single cup -3.71  double cups~ -4.83  tableware -6.43  two cups -6.96  double cups -9.01   led   0/  0 h1.00 b0.00 lvl-4.35   - (nothing there)
frame  1614 :  a single cup~ +4.65*  a single cup -3.91  double cups~ -4.65  tableware -6.68  two cups -7.41  double cups -9.15   led   0/  0 h1.00 b0.00 lvl-4.52   - (nothing there)
frame  1615 :  a single cup~ +4.80*  a single cup -3.84  double cups~ -4.80  tableware -6.75  two cups -7.28  double cups -9.18   led   0/  0 h1.00 b0.00 lvl-4.51   - (nothing there)
frame  1616 :  a single cup~ +4.83*  a single cup -3.74  double cups~ -4.83  tableware -6.25  two cups -7.14  double cups -9.06   led   0/  0 h1.00 b0.00 lvl-4.37   - (nothing there)
frame  1617 :  a single cup~ +5.00*  a single cup -3.78  double cups~ -5.00  tableware -6.32  two cups -7.49  double cups -9.25   led   0/  0 h1.00 b0.00 lvl-4.47   - (nothing there)
frame  1618 :  a single cup~ +5.14*  a single cup -3.76  double cups~ -5.14  tableware -6.38  two cups -7.57  double cups -9.33   led   0/  0 h1.00 b0.00 lvl-4.51   - (nothing there)
frame  1619 :  a single cup~ +4.97*  a single cup -4.17  double cups~ -4.97  tableware -6.83  two cups -8.09  double cups -9.77   led   0/  0 h1.00 b0.00 lvl-4.81   - (nothing there)
frame  1620 :  a single cup~ +4.73*  a single cup -3.92  double cups~ -4.73  tableware -6.43  two cups -7.55  double cups -9.24   led   0/  0 h1.00 b0.00 lvl-4.53   - (nothing there)
frame  1621 :  a single cup~ +5.01*  a single cup -3.86  double cups~ -5.01  tableware -6.57  two cups -7.75  double cups -9.37   led   0/  0 h1.00 b0.00 lvl-4.59   - (nothing there)
frame  1622 :  a single cup~ +4.23*  a single cup -4.08  double cups~ -4.23  tableware -6.29  two cups -7.66  double cups -9.08   led   0/  0 h1.00 b0.00 lvl-4.52   - (nothing there)
frame  1623 :  a single cup~ +4.14*  double cups~ -4.14  a single cup -4.28  tableware -6.67  two cups -7.60  double cups -9.28   led   0/  0 h1.00 b0.00 lvl-4.64   - (nothing there)
frame  1624 :  a single cup~ +4.40*  a single cup -3.97  double cups~ -4.40  tableware -6.40  two cups -7.37  double cups -9.04   led   0/  0 h1.00 b0.00 lvl-4.46   - (nothing there)
frame  1625 :  a single cup~ +4.08*  double cups~ -4.08  a single cup -4.20  tableware -6.85  two cups -7.14  double cups -9.13   led   0/  0 h1.00 b0.00 lvl-4.55   - (nothing there)
frame  1626 :  a single cup~ +4.43*  a single cup -4.10  double cups~ -4.43  tableware -7.26  two cups -7.53  double cups -9.26   led   0/  0 h1.00 b0.00 lvl-4.69   - (nothing there)
frame  1627 :  a single cup~ +4.13*  a single cup -4.08  double cups~ -4.13  tableware -6.85  two cups -7.17  double cups -8.99   led   0/  0 h1.00 b0.00 lvl-4.51   - (nothing there)
frame  1628 :  a single cup~ +4.36*  a single cup -3.93  double cups~ -4.36  tableware -6.85  two cups -6.90  double cups -8.96   led   0/  0 h1.00 b0.00 lvl-4.44   - (nothing there)
frame  1629 :  a single cup~ +4.32*  a single cup -3.89  double cups~ -4.32  tableware -6.37  two cups -7.22  double cups -8.88   led   0/  0 h1.00 b0.00 lvl-4.39   - (nothing there)
frame  1630 :  a single cup~ +4.08*  a single cup -3.84  double cups~ -4.08  tableware -6.09  two cups -6.91  double cups -8.61   led   0/  0 h1.00 b0.00 lvl-4.24   - (nothing there)
frame  1631 :  a single cup~ +3.68*  double cups~ -3.68  a single cup -3.82  tableware -5.67  two cups -6.45  double cups -8.28   led   0/  0 h1.00 b0.00 lvl-4.04   - (nothing there)
frame  1632 :  a single cup~ +3.68*  double cups~ -3.68  a single cup -3.76  tableware -5.93  two cups -6.32  double cups -8.19   led   0/  0 h1.00 b0.00 lvl-4.03   - (nothing there)
frame  1633 :  a single cup~ +4.16*  a single cup -3.78  double cups~ -4.16  tableware -6.22  two cups -6.62  double cups -8.59   led   0/  0 h1.00 b0.00 lvl-4.20   - (nothing there)
frame  1634 :  a single cup~ +3.96*  a single cup -3.85  double cups~ -3.96  two cups -6.48  tableware -6.55  double cups -8.53   led   0/  0 h1.00 b0.00 lvl-4.23   - (nothing there)
frame  1635 :  a single cup~ +3.85*  double cups~ -3.85  a single cup -3.98  two cups -6.36  tableware -6.77  double cups -8.64   led   0/  0 h1.00 b0.00 lvl-4.29   - (nothing there)
frame  1636 :  a single cup~ +4.67*  a single cup -3.60  double cups~ -4.67  two cups -6.30  tableware -6.61  double cups -8.74   led   0/  0 h1.00 b0.00 lvl-4.21   - (nothing there)
frame  1637 :  a single cup~ +4.70*  a single cup -3.46  double cups~ -4.70  two cups -5.89  tableware -6.67  double cups -8.56   led   0/  0 h1.00 b0.00 lvl-4.10   - (nothing there)
frame  1638 :  a single cup~ +4.55*  a single cup -3.67  double cups~ -4.55  tableware -6.45  two cups -6.48  double cups -8.75   led   0/  0 h1.00 b0.00 lvl-4.23   - (nothing there)
frame  1639 :  a single cup~ +4.81*  a single cup -3.26  double cups~ -4.81  two cups -5.98  tableware -6.05  double cups -8.37   led   0/  0 h1.00 b0.00 lvl-3.94   - (nothing there)
frame  1640 :  a single cup~ +5.21*  a single cup -3.14  double cups~ -5.21  two cups -6.06  tableware -6.24  double cups -8.50   led   0/  0 h1.00 b0.00 lvl-3.99   - (nothing there)
frame  1641 :  a single cup~ +5.21*  a single cup -2.99  double cups~ -5.21  two cups -5.88  tableware -5.91  double cups -8.28   led   0/  0 h1.00 b0.00 lvl-3.84   - (nothing there)
frame  1642 :  a single cup~ +5.07*  a single cup -3.02  double cups~ -5.07  two cups -5.65  tableware -6.10  double cups -8.22   led   0/  0 h1.00 b0.00 lvl-3.83   - (nothing there)
frame  1643 :  a single cup~ +4.89*  a single cup -3.13  double cups~ -4.89  tableware -5.73  two cups -5.85  double cups -8.24   led   0/  0 h1.00 b0.00 lvl-3.83   - (nothing there)
frame  1644 :  a single cup~ +5.25*  a single cup -3.03  double cups~ -5.25  tableware -5.99  two cups -6.03  double cups -8.38   led   0/  0 h1.00 b0.00 lvl-3.91   - (nothing there)
frame  1645 :  a single cup~ +5.07*  a single cup -3.48  double cups~ -5.07  two cups -6.51  tableware -6.56  double cups -8.88   led   0/  0 h1.00 b0.00 lvl-4.24   - (nothing there)
frame  1646 :  a single cup~ +5.44*  a single cup -3.31  double cups~ -5.44  two cups -6.45  tableware -6.53  double cups -8.91   led   0/  0 h1.00 b0.00 lvl-4.20   - (nothing there)
frame  1647 :  a single cup~ +5.43*  a single cup -3.18  double cups~ -5.43  two cups -6.05  tableware -6.61  double cups -8.73   led   0/  0 h1.00 b0.00 lvl-4.09   - (nothing there)
frame  1648 :  a single cup~ +4.90*  a single cup -3.29  double cups~ -4.90  tableware -6.15  two cups -6.27  double cups -8.47   led   0/  0 h1.00 b0.00 lvl-4.03   - (nothing there)
frame  1649 :  a single cup~ +5.14*  a single cup -3.37  double cups~ -5.14  tableware -5.99  two cups -6.48  double cups -8.77   led   0/  0 h1.00 b0.00 lvl-4.10   - (nothing there)
frame  1650 :  a single cup~ +4.97*  a single cup -3.65  double cups~ -4.97  tableware -6.43  two cups -6.98  double cups -9.04   led   0/  0 h1.00 b0.00 lvl-4.35   - (nothing there)
frame  1651 :  a single cup~ +4.67*  a single cup -3.77  double cups~ -4.67  tableware -6.34  two cups -6.75  double cups -8.98   led   0/  0 h1.00 b0.00 lvl-4.31   - (nothing there)
frame  1652 :  a single cup~ +4.89*  a single cup -3.38  double cups~ -4.89  tableware -6.01  two cups -6.44  double cups -8.60   led   0/  0 h1.00 b0.00 lvl-4.07   - (nothing there)
frame  1653 :  a single cup~ +4.59*  a single cup -3.67  double cups~ -4.59  tableware -6.24  two cups -6.50  double cups -8.77   led   0/  0 h1.00 b0.00 lvl-4.20   - (nothing there)
frame  1654 :  a single cup~ +4.41*  a single cup -3.60  double cups~ -4.41  two cups -6.13  tableware -6.33  double cups -8.54   led   0/  0 h1.00 b0.00 lvl-4.10   - (nothing there)
frame  1655 :  a single cup~ +4.97*  a single cup -3.68  double cups~ -4.97  two cups -6.53  tableware -6.56  double cups -9.09   led   0/  0 h1.00 b0.00 lvl-4.31   - (nothing there)
frame  1656 :  a single cup~ +4.71*  a single cup -3.44  double cups~ -4.71  two cups -6.04  tableware -6.09  double cups -8.54   led   0/  0 h1.00 b0.00 lvl-4.02   - (nothing there)

[host] /dev/cu.usbmodem21101 vanished mid-run. That is what m9's watchdog reboot looks like from this end; the board should come back in a few seconds and say why. Following it.
[host] reattached on /dev/cu.usbmodem21101, DTR raised.
frame  1659 :  a single cup~ +5.24*  a single cup -3.00  double cups~ -5.24  tableware -5.64  two cups -6.09  double cups -8.33   led   0/  0 h1.00 b0.00 lvl-3.84   - (nothing there)
frame  1660 :  a single cup~ +5.07*  a single cup -3.44  double cups~ -5.07  tableware -6.29  two cups -6.41  double cups -8.82   led   0/  0 h1.00 b0.00 lvl-4.16   - (nothing there)

[host] /dev/cu.usbmodem21101 vanished mid-run. That is what m9's watchdog reboot looks like from this end; the board should come back in a few seconds and say why. Following it.
[host] reattached on /dev/cu.usbmodem21101, DTR raised.
frame  1663 :  a single cup~ +5.53*  a single cup -3.01  double cups~ -5.53  two cups -5.73  tableware -6.44  double cups -8.57   led   0/  0 h1.00 b0.00 lvl-3.96   - (nothing there)
frame  1664 :  a single cup~ +5.03*  a single cup -3.61  double cups~ -5.03  two cups -6.42  tableware -6.74  double cups -9.03   led   0/  0 h1.00 b0.00 lvl-4.30   - (nothing there)

[host] /dev/cu.usbmodem21101 vanished mid-run. That is what m9's watchdog reboot looks like from this end; the board should come back in a few seconds and say why. Following it.
[host] reattached on /dev/cu.usbmodem21101, DTR raised.

[host] /dev/cu.usbmodem21101 vanished mid-run. That is what m9's watchdog reboot looks like from this end; the board should come back in a few seconds and say why. Following it.
[host] reattached on /dev/cu.usbmodem21101, DTR raised.
frame  1669 :  a single cup~ +6.06*  a single cup -2.92  double cups~ -6.06  two cups -6.35  tableware -6.80  double cups -8.84   led   0/  0 h1.00 b0.00 lvl-4.15   - (nothing there)
frame  1670 :  a single cup~ +5.39*  a single cup -3.21  double cups~ -5.39  two cups -6.20  tableware -7.09  double cups -8.73   led   0/  0 h1.00 b0.00 lvl-4.21   - (nothing there)

[host] /dev/cu.usbmodem21101 vanished mid-run. That is what m9's watchdog reboot looks like from this end; the board should come back in a few seconds and say why. Following it.
[host] reattached on /dev/cu.usbmodem21101, DTR raised.
frame  1673 :  a single cup~ +5.34*  a single cup -3.55  double cups~ -5.34  tableware -6.72  two cups -6.76  double cups -9.19   led   0/  0 h1.00 b0.00 lvl-4.37   - (nothing there)
frame  1674 :  a single cup~ +4.90*  a single cup -3.91  double cups~ -4.90  two cups -6.72  tableware -7.17  double cups -9.35   led   0/  0 h1.00 b0.00 lvl-4.53   - (nothing there)

[host] /dev/cu.usbmodem21101 vanished mid-run. That is what m9's watchdog reboot looks like from this end; the board should come back in a few seconds and say why. Following it.
[host] reattached on /dev/cu.usbmodem21101, DTR raised.

[host] /dev/cu.usbmodem21101 vanished mid-run. That is what m9's watchdog reboot looks like from this end; the board should come back in a few seconds and say why. Following it.
[host] reattached on /dev/cu.usbmodem21101, DTR raised.

[host] /dev/cu.usbmodem21101 vanished mid-run. That is what m9's watchdog reboot looks like from this end; the board should come back in a few seconds and say why. Following it.
[host] reattached on /dev/cu.usbmodem21101, DTR raised.
frame  1682 :  a single cup~ +5.64*  a single cup -3.60  double cups~ -5.64  two cups -6.88  tableware -7.04  double cups -9.48   led   0/  0 h1.00 b0.00 lvl-4.50   - (nothing there)
frame  1683 :  a single cup~ +5.72*  a single cup -3.47  double cups~ -5.72  two cups -6.72  tableware -7.01  double cups -9.37   led   0/  0 h1.00 b0.00 lvl-4.43   - (nothing there)
frame  1684 :  a single cup~ +5.07*  a single cup -3.72  double cups~ -5.07  two cups -6.62  tableware -7.29  double cups -9.21   led   0/  0 h1.00 b0.00 lvl-4.47   - (nothing there)
frame  1685 :  a single cup~ +5.24*  a single cup -3.53  double cups~ -5.24  two cups -6.33  tableware -7.14  double cups -9.08   led   0/  0 h1.00 b0.00 lvl-4.35   - (nothing there)
frame  1686 :  a single cup~ +5.14*  a single cup -3.50  double cups~ -5.14  two cups -6.35  tableware -6.77  double cups -8.96   led   0/  0 h1.00 b0.00 lvl-4.26   - (nothing there)
frame  1687 :  a single cup~ +5.04*  a single cup -3.72  double cups~ -5.04  two cups -6.63  tableware -6.67  double cups -9.19   led   0/  0 h1.00 b0.00 lvl-4.37   - (nothing there)
frame  1688 :  a single cup~ +5.06*  a single cup -3.90  double cups~ -5.06  tableware -6.87  two cups -6.94  double cups -9.46   led   0/  0 h1.00 b0.00 lvl-4.53   - (nothing there)
frame  1689 :  a single cup~ +5.12*  a single cup -4.06  double cups~ -5.12  tableware -6.96  two cups -7.31  double cups -9.74   led   0/  0 h1.00 b0.00 lvl-4.68   - (nothing there)
frame  1690 :  a single cup~ +5.09*  a single cup -3.69  double cups~ -5.09  tableware -6.74  two cups -6.89  double cups -9.18   led   0/  0 h1.00 b0.00 lvl-4.42   - (nothing there)

stopped   : 1691 frames, 1691 good, capture overlapped with the compute, configuration C
            1691 frames timed, 282 ms/frame mean (capture included)
            265 ms encode + 0 ms waiting for the sensor + 16 ms burst; 293 ms/frame by the clock
            367 ms shutter to LED, arming with 75 ms of compute left
            last frame mean RGB 134 128 131
            camera bus: worst gap 26 us against the 2000 us deadline (#12)
            usb: 0 outages, 0 ms off the bus, 0 re-attaches (#9)
            enrolment: 'a single cup~' and 'double cups~' are exact negatives, so every presence and
            level number above is void - a margin figure is not (#25)

[host] /dev/cu.usbmodem21101 vanished mid-run. That is what m9's watchdog reboot looks like from this end; the board should come back in a few seconds and say why. Following it.
[host] reattached on /dev/cu.usbmodem21101, DTR raised.

[host] /dev/cu.usbmodem21101 vanished mid-run. That is what m9's watchdog reboot looks like from this end; the board should come back in a few seconds and say why. Following it.
[host] reattached on /dev/cu.usbmodem21101, DTR raised.

bitstream : 173124 bytes announced, crc32 0a2e9953
bitstream : received intact
configure : configured, CDONE high   CDONE=1 nSTATUS=0
crc       : DMA sniffer, calc=1 out_rev=1 out_inv=1
model     : 9 layers, 512-d embedding, 131072 B/buffer
weights   : 780720 B, crc32=0xF368CC6E  (126 ms to hash)

reference : encoder_fast on the flash test vectorprobe     : 3 forward data lines -> 512/512 floats exact, 269 ms
link      : configuration C, 3 forward data lines, 160.0 MHz

camera    : exposure ramp 108 111
[host] /dev/cu.usbmodem21101 vanished mid-run. That is what m9's watchdog reboot looks like from this end; the board should come back in a few seconds and say why. Following it.
[host] reattached on /dev/cu.usbmodem21101, DTR raised.
 123 125 126 126 126 126
camera    : live 128x128 RGB565, id 0x82, 16.0 MHz, expose 37 ms, read 16 ms, exposure settled after 13 frames
            regs fmt 02 res 00 bri 00 ev 00 wb 00 auto 00 state 26 id 82 fpga 20
            reset gate: polls 425, first state 21, busy yes   defaults polls: ae 0 ag 10 awb 0 wbmode 10
            mean RGB 126 127 126  (tuned camera on a neutral scene: about 115 107 105)

queries   : waiting for a query set on USB CDC (host/demo.py)
[host] /dev/cu.usbmodem21101 vanished mid-run. That is what m9's watchdog reboot looks like from this end; the board should come back in a few seconds and say why. Following it.
[host] reattached on /dev/cu.usbmodem21101, DTR raised.
.
[host] /dev/cu.usbmodem21101 vanished mid-run. That is what m9's watchdog reboot looks like from this end; the board should come back in a few seconds and say why. Following it.
[host] reattached on /dev/cu.usbmodem21101, DTR raised.

[host] /dev/cu.usbmodem21101 vanished mid-run. That is what m9's watchdog reboot looks like from this end; the board should come back in a few seconds and say why. Following it.
[host] reattached on /dev/cu.usbmodem21101, DTR raised.
.
[host] /dev/cu.usbmodem21101 vanished mid-run. That is what m9's watchdog reboot looks like from this end; the board should come back in a few seconds and say why. Following it.
[host] reattached on /dev/cu.usbmodem21101, DTR raised.

[host] /dev/cu.usbmodem21101 vanished mid-run. That is what m9's watchdog reboot looks like from this end; the board should come back in a few seconds and say why. Following it.
[host] reattached on /dev/cu.usbmodem21101, DTR raised.
.