
=== M9: fpga-open-vocab - describe it, the board spots it ===

clock     : 320 MHz requested; BOOTSEL is reachable for 1.5 s
clock     : 320 MHz system, core 1.25 V
reset     : chip_reset 00010000  (scratch was cold: either the always-on domain went away - power, a brown-out - or this boot came through the bootrom, which clears it too)
            new this boot: power-on reset - the supply arrived
waiting for a bitstream on USB CDC (host/demo.py)
bitstream : 173124 bytes announced, crc32 0a2e9953
bitstream : received intact
configure : configured, CDONE high   CDONE=1 nSTATUS=0
crc       : DMA sniffer, calc=1 out_rev=1 out_inv=1
model     : 9 layers, 512-d embedding, 131072 B/buffer
weights   : 780720 B, crc32=0xF368CC6E  (126 ms to hash)

reference : encoder_fast on the flash test vector  (1583 ms)

link      : probing the wire by running the whole test vector over it
probe     : 3 forward data lines -> 512/512 floats exact, 272 ms
link      : configuration C, 3 forward data lines, 160.0 MHz

camera    : exposure ramp 92 94 97 98 101 102 104 106 107 108 108 108 108
camera    : live 128x128 RGB565, id 0x82, 16.0 MHz, expose 37 ms, read 16 ms, exposure settled after 13 frames
            mean RGB 110 109 107  (tuned camera on a neutral scene: about 115 107 105)

queries   : waiting for a query set on USB CDC (host/demo.py)
queries   : 2 accepted, 512-d, crc ok
            level axis carries 0.95 of one query's swing; most opposed pair +0.810
            scored as z = (cos - background) / std, where the background is this room's
            own mean over its first 30 frames and is then FROZEN - so a thing left in
            shot keeps its score instead of decaying into the furniture. 'N' re-learns
            it, 'H' switches to tracking. The COCO figures below are only the seed for
            frame 0 and the fixed std.
            std is THIS ROOM's, measured over the same 30 frames ('S' switches to COCO's).
            The thresholds below still mean the 90th percentile of a background; the
            background they now mean it against is this room empty, not 5000 COCO photos.
            z is EMA-smoothed at 0.35 (~5 frames) before ranking, so a state has to
            persist for about two seconds to be called.
            an opened book       match above z 1.23   (COCO background -0.151 +- 0.030, so cos -0.114)
            a closed book        match above z 1.23   (COCO background -0.159 +- 0.035, so cos -0.116)

loop      : capture, 8 convs on the T8, pool and head, then one cosine per query. 'B' for BOOTSEL, 'R' to restart,
            'P' to dump the next frame for host/cam.py, 'V' to dump its 512 floats for host/caption.py,
            'E' to provoke a fault so D1 shows its fault display, 'H' to freeze/unfreeze the background,
            'S' to switch the spread between this room's and COCO's, 'W' to hang on purpose and see
            the watchdog name the stage, 'C' to stall the camera bus on purpose and see it cost one frame,
            'U' to drop off USB on purpose and watch it come back, 'I' to drop off and refuse to,
            'N' to forget it and learn it again from now. 'P' and 'V' together describe the same frame.
            'O' closes the timing window, prints it and flips the capture between overlapped and serial;
            'D' does the same and flips the trigger between late and at-the-collect, which is #14's A/B.
            'L' freezes exposure and gain, then on a second press the white balance too - which goes green,
            and is the control. A third restores all three. Issue #30, and the one hotkey whose answer depends on when you press it.
            scores are z against this room's background, ranked; '*' means over its threshold.
            '1'..'6' enrol the next 20 frames as that class, and press again on a LATER visit
            to fold a second one in - 2 visits is what makes the enrolment guard mean
            something. Two classes in and the board decides by nearest reference instead of
            by threshold - see M21.
            '0' ENROLS THE EMPTY SCENE the same way, and it is worth a visit: with one, a frame
            is absent when the empty reference is the nearest of the three and no radius is
            involved. Without one the board falls back to the band - absent beyond 2.0 sep
            from every class - which scores 54.6% over 28 benches against the third reference's
            79.1%, because with two queries that band is an interval the empty scene can sit
            inside. #18.
            The first 30 frames set the baseline and it is then frozen, so anything left in
            shot KEEPS its score. Point the camera at the empty scene for those frames.
            Send a new set at any time to re-query - that resets the baseline too.

frame     0 :  a closed book +0.49  an opened book +0.04   led  34/ 82 h0.40 lvl+0.27   -
frame     1 :  a closed book +0.28  an opened book +0.02   led  10/146 h0.22 lvl+0.15   -
frame     2 :  a closed book +0.13  an opened book -0.00   led   2/199 h0.11 lvl+0.06   -
frame     3 :  a closed book +0.09  an opened book +0.03   led   1/215 h0.07 lvl+0.06   -
frame     4 :  a closed book +0.01  an opened book -0.02   led   0/249 h0.01 lvl-0.00   -
frame     5 :  a closed book +0.06  an opened book +0.01   led   0/229 h0.05 lvl+0.03   -
frame     6 :  a closed book +0.10  an opened book +0.03   led   1/213 h0.08 lvl+0.07   -
frame     7 :  a closed book +0.11  an opened book +0.04   led   1/208 h0.09 lvl+0.07   -
background: after 8 frames (warming up, room spread), this room reads  an opened book -0.147 +-0.0018 (COCO -0.151 +-0.0303)  a closed book -0.112 +-0.0040 (COCO -0.159 +-0.0351)
frame     8 :  a closed book +0.35  an opened book +0.28   led  16/122 h0.28 lvl+0.32   -
frame     9 :  a closed book -0.11  an opened book -0.16   led   0/255 h0.00 lvl-0.13   -
frame    10 :  an opened book -0.30  a closed book -0.38   led   0/255 h0.00 lvl-0.34   -
frame    11 :  an opened book +0.27  a closed book +0.02   led   9/146 h0.22 lvl+0.15   -
frame    12 :  an opened book +0.86  a closed book +0.20   led 115/ 19 h0.70 lvl+0.53   -
frame    13 :  an opened book +1.05  a closed book +0.18   led 179/  4 h0.85 lvl+0.61   -
frame    14 :  an opened book +0.22  a closed book -0.02   led   6/164 h0.18 lvl+0.10   -
frame    15 :  an opened book +0.31  a closed book +0.25   led  12/136 h0.25 lvl+0.28   -
frame    16 :  a closed book +0.79  an opened book +0.53   led  96/ 27 h0.64 lvl+0.66   -
frame    17 :  a closed book +0.59  an opened book -0.05   led  51/ 60 h0.48 lvl+0.27   -
frame    18 :  a closed book +0.68  an opened book +0.43   led  68/ 44 h0.55 lvl+0.55   -
frame    19 :  a closed book +0.88  an opened book +0.76   led 123/ 16 h0.72 lvl+0.82   -
frame    20 :  an opened book +1.04  a closed book +0.91   led 176/  4 h0.85 lvl+0.98   -
frame    21 :  a closed book +0.49  an opened book +0.25   led  34/ 82 h0.40 lvl+0.37   -
frame    22 :  a closed book +0.00  an opened book -0.16   led   0/254 h0.00 lvl-0.08   -
frame    23 :  a closed book -0.01  an opened book -0.35   led   0/255 h0.00 lvl-0.18   -
frame    24 :  a closed book +0.57  an opened book +0.34   led  46/ 66 h0.46 lvl+0.45   -
frame    25 :  an opened book +0.42  a closed book +0.28   led  24/101 h0.34 lvl+0.35   -

snapshot  : frame 26, mean RGB 110 108 109
BEGIN m9 128 128 32768 7e0645ec
UopSSTmGOUZKCEpISghBx1JJUopKSUIIQgdSiVrKWspSSFKJa0xrTWtNa017zoQQ
hBCEUYxRjFGMUZSSlJKc05zTnNOU050UnRSdFJ0TnNOdE50TnROdE50UpVSdFKUU
nRSlFKUUpRSdFKUUpRSlVKUUnROlFJ0UnRSdFZzUnRSdE6VUnRSdFJ0UnRSdFJ0U
lNOU050UnROU05TTnROU04yTjJKU0pTTlNKU0oyRjJKMkYySjJKEkoSShJKEkoSS
fFF8UHxQhFF8UHQPdA90EHQQa89rj2vPa89rj1tNY05jjmNNWwxbDFtNW01TDErL
SstKy1LLSspKiToIQklCSVKKSkk5hjGGSghSSUpIQcZSSFqJUkhKSEIHUolaylrK
SklSimNMc41rTXNNe8+D0IQQhFGMUYxRjFGUkpTSnROU05zTnNOdFJ0UnRSdE50T
nROdE50UnRSdVaVVpRSlFKUUpRSlFKUUnNSlFaUUpVWlVZ0UpRSlFKUUpRSlFJ0U
nRSlFJ0UnRSdFJ0UnRSdFJUUlNSdFJ0UlNOU050UlNOU04yTlNOU05TTlNOMkoyS
hFKMkoySjJKEUYSShJKEkYRRfBB8EIRRfFF0EHQQdBB0D2vPa85rz2vPY89bTWNN
a45jTVMMUwtbTFtMUwtKykrKSspKykrKQok6B0JIQkhSiUpJOYY5hkpIUkhKSDnG
SkhSiUpJSkhCB1KJWspiylKIUolrTHONa01rTXPPfBCEEYRRjFGMUYxRjJKUkpzT
lNOc05zTpNOlFJ0TnNOdE50TnROdE50UpVSlVKUUpRSlFKUUpRSlFKUUpRSlVaVV
pRWdFKUVpRSlFKUUpRSdFJ0UpVWdFJ0UnRSdFKUUnRSdFJzTnRSdFJTTlNOdFJUU
jNOM04zTlNOU05TTjJKMkoySjJKMkoyShFGMUoSShJGEUXwRfBB8UXxRdA90D3wQ
c89rz2OOa89jzmOOW01bTVuOW01TDFLLW01bTFMLSopKikqKSopKikpJOcdCCEII
UopKijHGOYZKCFJJSgg5x0oJUopSikpJQghSiVrLWwtKiVKJY0xzjWtNa01zj4QQ
hFGMUYxRjFGMUZSSnJKc05zTnNOc06TTpRSdFJ0UnRSdFJ0UnRSdFKVVpVWlVKUU
pRStFKUUpRSlFKVVpVWlVaUVpRSlFKUUpRSlFKUUpRSdFKVVnRSdFJ0UnRSlFJ0U
nNOc06UUnNSU05TTlRSc1JTTlJOU05TTlNOU04ySjJGMkYySjJKEUYRRhFKEkoRR
hFF8EHwQfFB8UHQQa890EHPPa49rjmuPa89jjltNW01jjltNUwtLC1tMWwtTC0KJ
QopKikqKSopCSTIHOgc6CFKJSkk5xjGGQghSSUoIOcZKSFKKUolKSEIHUolay1rL
UolSimtNa01rjWtNe8+EEIQRjFGMUYxRjFGUkpSSnNOc05zTnNOlE6UUnRSdFJ0U
nRSdFKUUpRSlVaVVpVWlFKUUpRWlFKUUpRSlFKVUpVWlVaUVpRWlFKUUpRSlFKUU
nRSlFaUUpRSc06UUpRSlFJ0UnNSdFJ0UlNOU050UnNOU05TTlNOU05TTjJOMkoxS
jJKMkoySjJKEUYyShJKEkYRRfBB0EHxRfFF0EGvPfBBzz2uOa45rz2vPY45TTFtM
Y41bTEsLSstbDVsMUstKikKJQopCikKJQkg5xzoHOghSiUpJOcYxhkoISklKSUHH
SkhSilKJSkhCB0pJWspiy1KJUolrTWuNa41rTXvOhA+EEIxQjFGMUYyRlJKU0p0T
nNOc05zTpROlFJ0UnRSdFJ0UpRSlFKVUpVWlVaVUpRSlFKVUpVSlFKUUpRStVa1V
rVWlFKUUpRWlFKVUpRSlFKUUpRWlFKUUnNSlFK0VpRSdE5zTpRSdFJzTlNOdE50T
lNOU05TTlNOU05TSjJKMkYySjJKMkoyShFGEkoyShJKEUXxQfFCEUHwQdA9rz3QQ
c89rjmOOa45rzmuNWwxbTGNNY0xSy0rLU0xTDFMMSolCiUqJSolKSUJIMcY5xzoH
WopSSTnHOYZKB1JJSkk5x0pIUopSiUqIQghSSVrLYstSilKKa01zjXONa017z4QQ
jBCMUYxRjFGMUZSSlJKc05zTnNOc06UTpRSlE50TnRSlFKUUpRSlFK1VrVWlVaVU
pVSlVa1VpVWlFKVVrVWtVa1VpVSlVKVVpVWlVaVVnRSlFK1VpRWlFJ0UpVWlVZ1V
nRSdE6UUnRSc05zTnNSdFJTUjNOU05TTlNOU0oySjJKMkoySjJKMkoRRhFKMkoSS
hFF8UHQQfFF8UXQQa890EGwQa45jjWuOa85rjVtMW0xbTVtMUwtKy1sMUwxTDEKK
QklCSUJJQkk6CTGGOYc5x0pJSklBxzGGSghSSUpIOcdKSFKKUopKSUoIUoliy2ML
UolSiWtNa41rjWtNe86EEIQQjBGMUYxRjJGMkpTTnROc05zTnNOlFKUUpRSlFKUU
pRSlFKUUpRStVa1VrVWtVa1VrVWtVa1VpVStVa1VrVWtVa1VrVWtVaVVrVWtVaVV
pVSlVaVVpVSlFKUUpRSlFJ0UnRSlFaUUnNOc050TnRSU05TSlNOU05TTlNOU0oyS
jJKMkoyShFGEUYRRhFKEUYRRfBF8EHxRfFB0EGvPdBBsEGvPY45rzmuOY45bDFtM
Y41bTVMMSstbTFMMUstCikJJQkpCSUJJOggphjHGOcdKSEpJQgc5hkoIUklSSUHH
SghailqKUklKCEpJWsxjC1KJUolrTXONc41rjXvOhA+EEIxRjFGMUZSRlJKc06UT
nNOc1JzTpRSlFKUUpRSlFKVUpRSlFKUUrVWtVaVVrVWtVa2VrVWtVa1VrVW1lq1V
rVWtVK1VrVWtVa1VrVWtVaVVrVWlVaVUpRSlVKVVpVWlFJ0UpVWlFJzUnNOlFJ0U
nNSU05TTnNOU05TSlNKMkoySjJKMkoRShFGEUYyRjJKEUXxQfBB8EXxQdA9rznQP
dA9rjmONY45rjmOOWwxbDGNNW01LC0rLW0xTDFLLQoo6SEJJQklCSUIIMYYxxjnH
QghCCEHHOYVKCFJIUkhKB0oIWopailKKSkhSSVrLYwxailKKa01zjnOOa017z4QQ
jFGMUZSSjJKMkpSSnNOlFJzTnROdE50UpVSdFKUUpRSlFKUUpRSlVK1VrVWtVaUU
rVWtVa1VrVWtVa1VrVWtVa1VpVWtVa1VrVWtVa1VrVWtVa2VrVWlVaVVpVWtVa0U
pRSlFK1VpVSdFJ0UnRSdFJzUlNOc05zTnNOUkpSSjJKMkoySjJKMkoRRhJKMkYyR
hFF8UXwQfBF8UHwPa850D2wPa85jjWvOa85jjlMMUwxbTVtNUwtKylNMUwtTC0JJ
QkhCSUJIQkhCCDGGMYYxx0IIQghBxzmGSghSSVJJQghKCFrKWslSiUpIUkliy2LM
WspSiWuNc41zjmuNc86EEIRQjFGUUZSSlJKUkpzTpRSc050TnNOlFKUUpRSc06UU
pRSlFKUUpVWtlq2WrZWtVa1VrVW1Va1VrVWtVbWWtZa1lq2WrZatlq1WrZatVq1W
rVWtVq1WrVWtVa1WrVatVa1VpVWlVaVVnVWlVKVVpVWlFJ0UnRSU0pSSlJKMUZSS
lNKMkoyShJKEUYRRjJGMkYRRfBB8EHwRfFB8EGvOdA90D2vOY01rjmuOY45bDVMM
W01bDUrLSspbTFsMUstCSUJIQkhCSEJIOggphjGHMcdByEIIQgc5xkoIUklSSUII
SghailqKUolKSEqIYwtjDFqKUolzTXONc41rTXvPhBCEEYxRjFGUkZSRlJKc050U
nRSdE5zTpRSlFKUUnROlFa1VrVatlq2WrZatlq2WrZatlq2WtZa1lrWWtZa1l7WX
rZetl7WXtZatlq2WrZatl62WrZatlq2WrZatlq2WrZatlq1VrVatVqVWpRalVaUV
pVWlFaUVnNKU0pzTnRSdFJTTjJKMkoxShFGEUoyShJKEUXwQfBB8EHwQdA9rznQP
dA9rzmONa45rjmuNWwxbDFtNWw1Sy0rLWwxTDFLLQko6SEJJQklCSUIIMYYxhznH
QcdKCEHHOYZCB1KJWolCCEIIWopailKJSkhKSFrLYwxay1KJa01zjnOOa457z4QQ
hBCMUZSRlJGUkZSSnNOc05zTnNOdE6UUpRSlFJzTrVW1la2WrZatlq2WrZatlq2W
rZa1lrWWtZa1lrWWtZa1lrWXtZa1l62XrZetlq2WrZatlq2WrZatlq2WpZatlq1W
rVatVqVWpValVqUTlJGUkaUVpRWlFZSNjEycjaURlFFrTYxRjJGMkoRRhJKMkoyS
hFGEUHwPhFB8UHQQa850D3QPa85jjWuOa45rjVsMWwtjTVtMSstKylNMUwtKy0JJ
OkhCSEJIQgg6CCmGKYcxxznHQghCBznGQgdSiVqJSgdKB1qKWopaiUpISkhbC2ML
WspSimtNc45zjmuNe86EEIQQjFGMUZSRlJKUkpzTnNSc1JzUnRSlFKUUpRSc061V
tZW1lrWXrZatlrWWtZa1lrWWtZa1lrWWtZa1lrWWtZe1l7WXtZe1l62XrZatlq2W
rZatlq2WrZatlq2WpZatVa1WrVatVq1WpVac0oxQjFCdFKUUpRSMTYxNpI+1EYQP
QceMEIyRjJGEUYRRhJKMkoRRhFF8EIRRfFB0D2uOc89zz2vOW41jjWuOa45bDFMM
W01bTUsLSspTTFMMSstCSToIOgg6SDoIQggphjGGOcdBx0nISghBxkIHUolSiUJH
QgdailqKUklKSEpIWwtjC1rKUolrTGuNc41zTXvPhBCMUYxRlJGUkpSSlNKc06UT
nROlFJ0TpRSlFJzTlNOtVa2WrZatlq2WrZatlq2WrZatlq2WtZe1lq2WrZatlrWW
tZe1l7WWtZa1lq3WrZatlq2WrZatlq2WrZatlqWWrVatVq1WrValVqVWpRSMUYxR
pROlFKUUnNKUkpzSpROMD0nHg4+MUYxRhFGEUYySjJKEUYRQdA98UHxQdA9rznQP
dA9rzmONa41rjmNOWwxTDFtNW01Ky0rKW0xTDErLQkk6CUIJQghCCEHIKUUxhjGG
QYZKB0oIOcZCB1KKUolKSEoIWopailqJSkhKSFrLYwtaylKJa01zjnOOa417zoQQ
hFCMUYxRjJKUkpTSnNOlFJ0UpRSc06UUpRSc05SSrVW1lrWWrVWcUKRRpBCkUZwP
pFGcEMVVpJGckZySrVWtlrWWtZa1l7WXtZe1l7WXrZatlq2WrZatlq2WrZallq1W
rVatVq1WrVatVaVVnRSdFKUVpRWlFaUVnRWdFZ0VlJOEEHvQhFGMkoRRhFKEUYxR
jFGEUHwPhFB8UHQPa85zz2vPa85jTWOOa45rTlsMUsxbTVsNSstKilMMUwxKy0JJ
QghCCEIIQgg5xylFKYYxh0HHSghKCDnHQgdSiVKJSkhCSFrKWspSilJJSkhizGML
YspSiWtMc41zjmuNe86EEIxQjFGMUoyRlJGUkpzTnNSc1KUUpRSlFKUUnNOUkq2W
tZa1lpSSvZakUZvPpBCbjqxQm8/FlpxRlJK1lrWXtZe1l7WXtZe1l7WXtZe1l7WX
rZetl62XrZatlq2WrZatVq2WrVatVq1WrVatVqUWpVWlVZ1VpVWdVZ0VnRWdFZUV
nRWMUoRRjJKEUYSSjJKMkoxShFB8D3xQfBB0D2uOdA9zz2vOY01rjmuOY45TDFML
W01bTErKSopbDFMLUspCSToIOgg6CDoIOgcpRSmGMcdBx0oISghBx0nHUkpaikpJ
QghaylrKWolSSVJIYwtjDGLLUoprTXOOe49zjnvPjFGMUYxRjFKUkpSSlJKc06TT
pNOlFKUUpRSlFJzTnNKtVbWWtZalFJRSrNSk1KTUnJKk06SSpNOckpzTtZa1l7WX
tZe1l7WXtZe1lrWWtZa1lq2WrZatlq2WrZatlq2WrVatVq1WrVatVqVWpValVqVV
pVWlVaVVpRWlFZ0VnRSUkpzThFCEUISRhFGEkoySjJGMUYRQfA98UHxQdA9rjnPP
c89zj2NNY45jjmOOWwxSzGNMW0xSykqKWwxSy1LKQklCCDoIOghCCDoHKUUxhTGG
QcZKCFIIQchCCFKKWspKiUpIWspaylLKUolKSWMLa0xjDFrKa01zjnvOc457z4QQ
jFGMUZSSlJKUkpTSnNOk1KUUpRSlFKUUpRSc05zTrZa1lrWWrVWkkqSSrNOk060V
rVWlFJzTpRSlFKUVtZe1l7WXtZe1l7WXtZe1l7WXtZe1l7WXtZetl62WrZatlq2W
rVWtVq1WrVatVq1WpValVqVVnVWlVaUVpRWdFJ0VYgZRhHrKhBCEUIRRhJKMkoyS
jFGEUHwPfFB8UHQPa45zz3PPa85jTWOOY45jjlMMUstbTVtMUwtKylsLUstKyjpI
Ogc6CDoIOgg5yClFMYYxxkHHSkhKCEIHQgdSiVKKUolKSWLKYspaylKJUklrDGsN
YwxSymtNc457znONe8+EEIxQjFGUkZSSlJKUkpzTnNOdE6UUnRSlFKUUnNOc07WW
tZe1l62WpVWtVa1VrVW1lrWWrVatVq2XrVa1lrXWtZe1l7WXtZe1l7WXtZe1l7VX
tZe1l7WWtZa1lq2WrZatlq2WrVatVq1WrVWtVqVWpValVp1VpVWdFZ0VnRWdFGIH
UYWCy3wPc8+EUISRjJGMkYxRhFB8D3xQfBB8D2uOc89zz3PPY01jjmOOY05TC1LL
W01bTFMLQopTDFMMSso6SDIIOgg6CDoIOggpRTFGMYdBx0IISklCCEIIUopai1KJ
SkhaylrKWspSiVKJYwtrTGNMWspzTXuOe85zjnvPhBCMUYxRjFGUkpSSlJKc06TT
pRSlFJ0UpRSlE5zTnNO1lrWXtZa1lrWWtZe1l7WXtZe1l7WXtZe1l7WXtZe1l7WX
tZe1l7WXtZe1l7WXtZe1l7WXtVe1l7WWrZatlq2WrZallq1WrVatVq1WrValVJ0U
nRSlVZUTlRSVFJ0VnRVrDVqLc05jTGuNhFCMkYyRjJGMUYRRfA+EEHwQfA9rjXPP
c89zz2NNY45jjmNNUwxKy1tNW0xLC0KKUwxKy0rKQkk6CDoIOgg6CDIHIUUxRTGG
SghSSUpJSkhKCFqKYstailJJWstiy2LLWspSiWtMa0xjTFrLa417zoQPe8+ED4xQ
jFGMUZSSlJKUkpSSnNOc06UUpRSlFKUUpRSc05zTrZa1l7WXtZe1l7WXtZe1l7WX
tZe1l62XtZe1l7WXtZe9l7WXtZetl7WXrZe1l7WXtZe1l7WXtZetl62WrZatlq2W
rZatVqVVrVatVq1WpM+UTZyNpY10SmPJfEydFZTUlNSU1HRRU01bjXxQhFGEkYyR
hFGEUHwPfBB8EHQPa45zz3PPa89bTGONY41jTVsLUstbTFtMUstKilMLUstKikJI
Ogg6CDoIOgg5yCFFKYYxhkoHUklSiUpJSklSymLLWstSimMLawxrC1rLWoprTWtN
a01jDHONe857z3vOhA+MUIxRlJGUkZSSlJKUkpzTpROlFKUUpRSlFKUUnNOc07WW
tZe1l7WXtZe1l7WXtZe9l7WXtZe1l7WXtZe1l7WXtZe1l7WXtZe1l7WXtZe1l7WX
tZe1l7WXtZe1lrWWrZatlq2WrZatlq1WrVatVqTQlE6UjJ2MbElbiGyLjVVsUWPP
dJFkkUtMW0x0UIRRhFGMkYRRhFB0D3wQfBB0EGuOc89zz2vPW01jTWOOY01TDErL
WwxbDFLLSopSy1LLSopCSDnHOgdCCDoIOccpRSlGMYZKCFKJWopSiVJJWstjC2ML
UspjDGtNa0xjC1sLa01zjXONa0xzznwPhBB8EIQQjFGMUZSSlJKUkpSSlJKc050T
nRSlFJ0UnRSc05zTlJK1lrWXtZa1l7WWtZa1lrWXtZetlq1WtZe1162WpVWtlrWX
tZe1lq2WrValFLWXtZe1l7WWtZe1l7WXrZetlq2WrZatlq2WpVatVq1VrVWlE5SR
lM+djnRMa8t8jo1UZFFTzmRRXNJDTFsMdA+EUYyRjFGMUYQQe898EHwQdA9rjnPP
c89zz2NNY01jjmONWwtKylsMW0xSy0qKUwtSy0rKOkg6CDoHOgg6CDoHKUUphTGG
Sklai1rLWspSimMLYwxjDFrLawxrTWtNawxjC3ONc85zjmtNc8+ED4QQhBCMUIxR
jFGUkpSSlJKUkpTSnNOdFKUUpRSlFKUUnNOc05zTtZa1l7WWtZaEEFrLnNO1l7WX
lJNzj7XXtdadFEIIhBCtFLUTaspaiUHGWoq1l7WWtZe1l7WXtZe1VrWXtZa1lrWW
rZatlq2WrVatVq1WrVWlFJ0TnRKlUpTQjJCU0XSSY89sUnUUS01Ky2vPhFGEUYRR
hFF8UHPPfBB8EHPPY45zz3QPa85bTFuNY41bTVMMSstbDFsMSspKiVMLUspKyjoI
Ogc6CDoIOgc5xylFMUUxhlKKWstjDFsLWspjDGtNa01jDGtNa01rTWtNa0xzjnuO
e89zjnvPhBCEEYQQhBCMUYxRlJKUk5zTnNOc05zTpRSlFKUUpRSc05zTnNKc062W
tZe1l7WWlFJCCZzTnNO1llrMnNS1lrWXfBA5x5TSUoqc1JzUa018EHwQtZa1l7WX
tZe1l7WXtZe1l7WXrZatlq2WrZatlq1WrVatVq1WpM+UjZzNtUycy5RLlIyU05TT
jJOM02NNY01zz4RQhFGEUYRRfBBzz3wQfBB0D2uNa85zz2vOW0xjjWONY41bC0rK
W0xbDVLLQopSy1LLSoo6CDHHOcc5yDnIOccpBSlGMYZSimMLYwtjDFrLa01rTXON
a0xrjXOOc45rjmtNc457znwPc857z4QQjFCMUIxRlJKUkpzSnNKc0pzSnNKlE6UT
pRSlE6UUnNOc05zTnNO1lrXXtZatVmtMMYRayoOOtVQ5RkpJtZa1lpSSc01zjpSS
tZa1l0pKtZelFLWXtZe1l7WXtZe1l7WWtZa1lq2WrZatlq2WrZatVa1VrVWtVaUQ
nE6UTKSInMmMTJSNrRCkzznHUoprjWuNc898EIRRhFGEUXwRc898EHwQfBBrjnPP
c89rzltMY01jjWONWwtKylsMWwxKy0KJSstKy0qKOggxxznHOcc5xznHIUUpRTGG
WstjDGMMa01jDGtNc45zjmtNc45zjnvPe85zjnvPhBCEEHvPhBCMUYxRjFGMUZSS
lJKc05zTnNOc05zTnNSlFKUUpRSlFJzTnNOc05zTtZa1l7WXc89CCYxROcdSinwP
e89KSa1VlJJjDGtLOcd7z72WvdZKiZzUrZa117WXtZe1l7WXtZe1l7WXtZe1lrWW
rZatlq2WrValFaUTpROlEpxPnIyUS4wKhAyMTaURg4tBhkGGa01rjXvPhBCMUYRR
hFGEEXPPfBB8EHwQa45zz3PPa89bTGNNY41jTVMMSspTDFsMSspCSUrKSspCiToI
Mcc5xznHOcc5xykFKUYxRmMMa01zjnOOa01rjXPOe89zjnvPe8+EEHvPe8+EEIQQ
hBCEEIQQjFGMUYxRlJKUkpSSlJKc05zTnNOc05zTnNOlFKUUpRSc05zTnNOc07WW
tde1l4wRWsyMUmsNpVVizLWXUkpSSpyTrVVjDFKKYwytVbWWnNJSi7WWvde1l7WX
tZe1l62XtZe1l7WXtZa1lrWWrZatVq1VpRSc06TTrVSlVKUUnRN8DnwPe8+dFIOP
QYZBhmMMa4570HwQhFGEUYRRhFFzz3wQfBBzz2uOc85zz2vOW0xjTGONY41TC0rK
WwtTDErKQolSylLKSok6CDHHMgc5xznHOcYpRSlFMYZrTWtNc45zjnOOc457z3vP
e897z3vPhBCEEIQQhBCEEIxRjFGMUYxRlJKUkpSSnNKUkpzSnNOc05zTnNOc05zT
pRSlFJzTnNOc05zTnNO1lrXWtZa1l62XpVatlrXXrZa1l61WrZa117XXrZatlrXX
tde1l7WXrZe1l7WXtZe1l7WXtZe1l7WXtZe1l7WXtZe1l7WWrVatVaUUnNOc061T
rROUjZRNlE2MD4wPnJGDjkGFOUViyXvPhBCEUIRRhFGEUXwQc8970HwQfBBrjnPO
c89rjlsMY0xjjWNNWwxKilsMWwxSy0JKSstKy0KKOggxxzHHOcc5xzmHIQUpRTGG
c45zjnvPe897z3vPe8+EEIQQhBCEEIxRhFGEEIxQjFGUUYxRjFGUkpSSlJKUkpSS
lJKc05zTnNOlFJzTnNOlFKUUpRSc05zTnNOc05zTtZa1l7WXtZe1l7WXtZe1l7WX
tZe1l7WXtZe1l7WXtde117WXvZe917XXtde1l7WXtZe1l7WXtZe1l7WXtZe1l7WW
rVWtVa1VrVWtVaUUpRStVa1VjI6MTZQNlA+UD5QPi85JxUFEYsl7z4QQhFGMUYRR
hFGEUHPPfBB8EHwPa41rznPOa45bDGNNY41jTVMMSspTC1MMSspCSkrLSstCijoJ
MccxxznHOccxhiEEKUUxRnvPe8+Dz4QQg8+EEIQQjFGEEIQQhFCMUYxRjFCMUYxR
lJKUkYySlJKUkpSSlJKc05zSnNOc06UUpRSlFKUUpRSlFKUUnNOc05zTnNOc07WW
tZa1lrWWtZa1lrWWtZa1lr2WjFG1VbWWhBG1l7WXtZe1l72XvZe1l7WXtZdrTqUT
rVSUkYxQpRS1lrWWtZa1lq1UpROlE61VrVWtVq1WrValVZTOjI2czqUTnNKUUZPP
YkhBhWqJe8+EEIxQjFGEUYRRhFFzz3PPfBB8EGuOc89zz2vPWwxbTWNNY01TC0qK
UwxbDEqLQopKy0rLQok6CDHHMccyCDnHMcchBClFMYaEEIQQhFCMUYRQhBCEEYxR
jFGMUYxRlJKUkoySjJKMkpTSlJKUkpSSnJKc05zTnNOc05zTnNOlFKUUpRSlFKUU
rVSlFKUUnNOc05zTnNO1lrWXtZeUklpIUkhSB0nGawu1VFqLe9Ck1HvQtZe1lpzU
tZe1l7WXtZe1l3vQQcitVZzTSklKSZSStZa1lrWWtZatVaUUpRStVa1VrVWtFa1V
rVWlFKUUpRSlFaUVnNSUEXsMaop7DHvOhBCEUIRRhFGEUXxRc890EHwQc9BrjmuO
c45rjlsMYwxjTWNNWwxKilMMUwxKy0KKSotKikJJOgcxxjHHMccxxzHHIUQhRSmG
hFGEEIRRjFGMUYxRjFGUkpSSjFGMkZSSlJKUkpSRlJKUk5TTlNKU05TTnNOc05zT
nNOc06UUpRSlFKUUpRSlFKUUpRSc05zSnNKc05zTtZa1lrWXnVWM03PPc89SinOO
e8+EELWVtZZzz7WWtZVCBpzSe861lrVWc44ZBKUUtdec1EpJUoqUkqUUrVa1l7WW
rValFKUUrVStFJzTnNOlFK1VrVWlEpzSpNKtEZzRlA6LjYOMg017z4QQhFCEUYRR
hFF8UHPPdA98EHPPY41rjmvOa85bDFtNW01bTVMMQopSzFsMSstCikqKSopCSToH
MccxxzHHMccxxyFFIUUphoxRjFCMUZSSlJKMUYxRlJKMkpSSlJKc0pzTnNOU05TS
nNOc05ySnNOc06TTnNOc05zTnNOlFKUUpRSc06UUpRStVaUUnNOUkpzTnNOlFLWX
vZe1l7WXtZdrjlrLOge1lZzTYwy1loxROce1VmrLKQNSB0nHvZVailJJMUW1lrWW
lJNKSlLKjFBCB61UtZe1l7WWrZatlq1WpVOUkJSQpROtU61TnMyUi6TLrU2Ui5PN
i4yLjINNe898EIRQhFGEUYRRfFBzz3PPfBB0EGuOa85rz2vOWwxbTFtNY0xTC0KK
UwxTDELKQklKikqKQkk5xzHHOccxxzHHMccZBSFFKYaUkoxRlFKUkpSSjJKMkpTT
lNOMkpSSnNOc05zTnNOU050TnNOU0pzTnNOk05zTpNOc05zTpRSlFKUUnNOlFKUU
rVWlFJzTlJKc0pzSpRO1lrXWtde117WXUouMUaUUvde117WXnJM5x6UUtZeck1KL
hBGUUr3XnNO11ymGtZe1lmMMc05iyzGFa021lrWWtZa1lrWWrZatVqVUlJCUkKUS
rVOtU5zNlEucjLUNpIyTzYuMi4yDTHOOfBCEUYRRhFGEUXwQc890EHwQdBBjjWuO
a89rjlsMW0xjTGNMUstKilLLUwtKykJISopKikJJOcgxhzHHMccxxzHHIUQpRTGF
lJKMkZSSlNKUkoyRjJKU05TTjNKUkpzTnNOc05zTlNOc05zTlNOc05zTpNOk06TT
nNOc06UUpRSlFKUUpRSlFK1VpRSc05SSnNKc05zTtZa1lrWXtZelFDnHtZa9l72X
tZZ7zznHlNK9173Xvdd7j4xRtde917WXvdcxh7WWrVVKSbVVc45azLWXtZetlrWW
tZa1lq2WrVatVZzSnNKlVK1UrVSk0JROnI+tEZyQlA6LjYtNg0xzjnwPhFCEUIRR
hFCEUHPPc897z3PPY41rjWvOa85bDFtMY01jTVsLSolTC1MLSso6SUKKSopCSToI
MYcxhznHMYcxhyEFIQUpRpSSjJGUkZSSlJKMkoySlNOU05TSlJKc05zTnNOc05zS
nROc05TTnNOc06TTpNOlFJzTnNOlFKUUpRSlFKUUpRStVaUUpRSUkpyTnNOlFLXW
tZe9l7WXUouMUb3Xvde915zTUoqlFL3Xvde9173XnNOMUr2Xvde9mL3XYsytlrXX
rZa1l61WrZa1l7WXtZe1VrWWtZa1lq2WrVatVq1VrVWtVa1VpRWlFKUUpRSlFJyS
i46LjYNMc457z3wQhFCEUIRQfBBzznwPfA9zz2ONa45zzmuOWwxbDFtNY01TC0KJ
UwtTC0rKQklKikqKQkk6BzGGMYYxhzGHMYchBSEFKUaUkoySjJKUkpSSjJKMkpTT
nNOUkpSSnNOc05zTlJKc05zTnNOc05zTnNOlE5zTnRSc05zTpRSlFKUUnNOlFKUU
rVWlFKUUlJKU0pzSpRS1lrWWtZe9l7WWvde92L3Xvde917WWtde9173Xvde9173X
vZe9l73Xvde9172XvZe9l7WXtZe1l7WXtZe1l7VXrZa1lrWWtZa1Vq1Vi86LzqTS
pValVqVVpRSUkJRQpNGkUJNNi02LTXOOe898EIQQhFGEUXwQc890D3QQdA9jjmuO
c85rjlsLWwxbTVtNUwxKilMLUstKikJISopKikKJOgcxhimGMYYxxjHGIQQhRSlF
lJKMkYyRlJKUkoySjJKU05zTlNKUkpzTnNOc05zTnNOc05zTnNOc05zTpNOk06UU
pRSc06UUpRSlFKTUpROlFK0UpRSc05SSlJKc0qUTtZa1l72XtZe1l7WXvZe9173X
vde9173Xvde91r3Xvde9173XvZe1l72YvZe9l72XvZe1l7WXtZe1l7WXtZe1V62X
tZetl62WrVatVopHegWjCaUUpRSlE6UTjI2MTazPpE+TTItMi0tzjnvPhBCEEIRQ
hFB8EHPPc898EHPPY01rjnPOa45bDFsMWwxbTFMLQolLC1MLSspCSEpJSopCSToI
MYYxhjGGMYYxhiEEKQQpRZSSlJKUUZTSlJKMkoySlNOc05TTlJKc05zTnNOU0pTT
nNOlE5zTnNOc06TTpNOlFKUUpRSlFKUUpRSlFKUUpRStVaUUnNOUkpzSnNKlFL2X
vde1l62WpVWtlqVVtZatVbVVpRStFK1VnROtVZzTrVWU0q1VlJO1lr3Xvde9173X
vZe1l7WXtZe1l7WXtZe1l62WtZa1lrWWrVVyR2oGm8ytEaTRpNGtEZSNjE2kjayN
igWBxIHEc0x7z4QQhFGEUIRQhBBzz3PPfBB0D2ONY41rzmONWwxbDFtNW0xSy0KJ
SwtSy0qKOklCikKKQkk6BzGGMYYxhjGGMYYhBCEEKUWUkpRRjFGUkpSSlJKMUZTT
nNOU05SSnNOc05zTlJKc05zTnNOc05zTnNOlFKUUpRSlFKUUpRSlFKUUpRSc06UU
pRSlFJzTlJKc05zTpRS1lrWWtZeVFHQQlRSEUaVVlNOtloRRhFGU04yTrZaU061W
c9ClFYySpRS9173Wvde9172XtZe1l7WXtZe1l7WXtZe1lrWWtZa1Vq0VlA9zTJyR
rRKk0qTRpRGUT5SRpM+kz4lEgQOBA3NMe8+EEIRRhBB8EHwPc89zz3wQe89rTWuN
a45rjlsMWwxbTVtMUwtCiVLKUstKikJIQklKiUJJMcgphzGHMYcxhzGHIQUhBSlG
lJGMUYxRlJKUkpSSjJKU05zTlNOUkpzTnROc05zSnNOc050UnNOc05zTnNOc06UU
nNOc06UUpRSlFKUUpRSlFK1VpRSc05SRlJKc0qUUtZa1l7WXnVV0EKWWjJKlVZST
pVSU05TTlNSUk62WnRW115TUrZadFK1WvZe9l72XvZe1l7WXtZe1lrWWtZa1lrWW
tZa1lrWWrZatVq1WpVWlVaUUnNKk0YMJeoibjKxOpA2JQ4ECgQN7jXPPfBCEUIQQ
hBB8D3POc898EHPPY01jjmuPY45bDFsMW01bTFMLQolKy1LLQoo6SUKJSopCSTnI
KYYphjGGMYYxhiEEIQQpRZSSjJKMUpSSlJKUkpSSlNOc05TSlJKc05zTnNOUkpzT
nNOc05zTnNOc06UUpRSlFKUUpRSlFKUUpRSlFKUUpRSlFKUUnNOUkZSSnNOlFLWW
tZe1l62WrZatl62WtZa1lrWXtZe1l7WXrVa1lq1VrVa1lq2WtZa1lbXWrVWtVaVV
rZatVa2WpRS1lrWXtVatlrWWtZa1lq2WpVWEUoRRlNOlVaUUpRWKR3mEkojEDrvN
gYR5Q4nFe897z3wQhFCEEIQQfA9rznPOdA9zz2tOa05rj2uOWwxbDFtMW0xSy0JJ
UstSy0qKOkhCiUqJQkg5xymGKYYphjGGMYYhBCEEKUWUkoySjFGUkpSSlJKMUZSS
nNOc05SSnNOc05zTnNOc05zTnNOc05zTnNOlFKUUpRSlFJzTpRSlFKUUpRSc05zT
pRSlFJzTlJGUkpyTrRS1lrWXtZeU03xRjNN0EJ0UjJKlFK1VnRSMknxRjNNzz4yS
jJGc06UUnNSlFKUVnNOc1JTThFGU04ySrVa1l7WXtZetlrWWtZa1VqVVfBBzz4yT
rVWtVaUUckdpxptMvFCrzolFgQSBBHuOe858D4QQhBCEEHvPa85zznQPc85jTWNN
a45rTVsLWwtbTFsMUstCSUqLUstKikIJQklCSjoIOccpRSmGKYYxhzGGIQQhBSlF
jJKMkoxRlJKUkpSSlJKc05zTnNOUkpzTnNOc05SSnNOc05zTnNOc05zTnNOc06UT
nROc06UUpRSlFKUUnNOc06UUpRSc05RRlJKckq0UtZe1l7WXhJJj0ISTa9CVFIRR
lNOU05UUhJN0UYTTbBCEk4yTnRWtlp0UrZadFK1WnRSdFJ0UnRSdFK1WtZe1l7WX
rZe1lrWWrZalVXQQc8+Mkq0VpNSlE6TTe86UkqTTnJGJhXlDeQNyyHOOfA+EEIQQ
fA98D3POc858D3POa41jjWuOY41TC1MLW0xbDErLQklKilLLSopCCEJJQko6CDnH
KYYphjGGMYYxhiEEIQQpRpSSjJKMkZSSlJKUkoyRlNKc05TTlJKc05zTnNOc05zT
nNOlFJzTnNOc05zUpRSlFKUUnNOlFKUUpRSlFJzTpRSlFKUUnNOUUpSSnNKtFLWW
tZe1l50VlNSlVpzUrVatlrXXtZatVq2XpVatl62XrZa117WXtZe1l72XtZe1l7WX
tZe1l7WXtVe1l7WXtZe1l62XtZa1lrVWrVaMk4xSnNOcjZSMnM6lFKUUnNOUkpSR
gYWBRInGckdzjnvPfBCEEHwPfBBrjnOOe89zzmuNY01rjWNNUwxTDFsMWwxSy0JJ
UopSy0qKQklCSUJJOgk5xylGKYYphimGKYYhBCEEKUWUkpSSjFGUkpSSlJKMkZSS
nNOUkpSSnJKc05zTlNOc05zTpRSc05zTnNOc05zTpRSlFJzTpRSlFKUUpRSc05zT
pRSlFJzTlFGUkpzTrVW1l72XvZe1l7WXvZe9l73Xvde91r3Xvde9173Xvde9173X
vde9173Xvde9173Xvde9172XvZe1l7WXtZe1l7WXrZe1lrWWtZatVq1WrVWtVa1V
pMucS6SLpRKlUnyOW4dbiFoEgkabCmpKc45zz3wQfBB8EHwQc45zjnvPc89rTWNN
a45jTVLLUstbDFsLUstCSUqLUstKikJJQklCSToJMccphilGKYcxhjGGIQQhBClF
lJKMkZRRlJKc05SSjFGUkpTTlNOUkpySnNOc05SSnNOc06UUnNOc05zTnNOc06UU
pRSc06UUpRSlFKUUnNOc06UUpRSc05RRlJGc0q0UtZa1l7WXtZe9mL3Xvde9173X
vde9173Xvdi9173Xvde9173Xvde9173Xvde9173Xvde9l7WXtZe1l7WXtZe1l7WW
tZa1lrWVlNCETpTQrVKtUqTQlE6cj6VQnVB0jEuHS0dKhYLItA5aynOOc858EHwQ
fBB0D3OOc857z3POY01jTWuOa41bC1MLWwxbDFLLQklSi1LLSopCCEJJQkk6CDHH
KYYpRimGMYYphhkEIQQhRZSSjJGMUZSSnJKUkoySlJKc05TSlJKckpzTnNOc05zT
nNOlFJzTnNOc05zTpRSlFKUUnNOlFKUUpRSlFJzTnNOlFKUUpNSUkpSSnJKtFLWW
tZe1l7WXvde9173Xvde9173Xvde9173Xvde9173Xvde9173Xvde9173Yvde9172X
vZe1l7WXtZe1l7WXtZe1lrWWtZa1lnxKa8h8i6VVpVWlFJzTpRSU03RRW8pLiFvJ
UwZ7CbSRYwtzjnvPfBB8EHwQdA9zjnPOc89zjmNNY01rjmNNUwtSy1MLUwtSykJJ
SspKykKJOgg6SEJJOggxxymGKYYphimGKYYZBCEEKUWUkpSSjFGUkpzTlJKUUZSS
nNOUkpSSlJKc05zTnNOc05zTpRSc05zTnNOc05zTpRSlFJzTpRSlFKUUpRSc05zT
pRSlFJzUlJKUkpyTrVW1lrWXvZe9173Xvde9173Xvde9173Xvde9173Xvde9173X
vde9173Xvdi9173XvZe9172XtZe1l7WXtZa1l7WWtZa1lrWWtZZ8S2vJfEulVK1V
rVWlVaUVjNRj0FuPfFCEkFrJgsmsDlqKc457z3vPfA98D3PPa45rjnPPa45jTWNN
a45jTVLLUstTDFMMSss6SUqKUstKijoJOklCSUIIMccpRilGKUYpRimGGQQhBCFF
lJKMkYxRlJGU05SSjFGUkpzTnJKUkpzTnNOc05zTnNOc06UUnNOc05zTnNOc06UU
pRSc06UUpRSlFKUUnNOc06UUpRSc1JSRlJGckq1VtZa1l7WXtZe9l72XvZe9173X
vde9l73Xvde9173Xvdi9173Xvde9173Xvde9173Xvde9l7WXtZe1l7WWtZe1Vq2W
tZa1lq1WjI98S4RKlMydDaVVpVWlFYzUY49jj4TSnNNiyFqHg8x7znOOe898D3wP
fA97z2uOa45zzmuOY01jTWuNY41Sy1LKUsxbC1LKQkhKilKLSoo6CUIJQkk6CDGH
KUUpRilGKUYpRhkEIQQpRZSSlJKMUZSSlJKUkoxRlJKUkpSSlJKUkpzTnNOUkpzT
nNOlFJzTnNOc05zTnNOlFKUUnNOlFKUUpRSlFJzTnNOc06UUnNOUkpSRlJKtFbWW
tZa1lq1VpRStVa1VrVS9lZzSnNKtVLWVtZa1lb3Xvde9173Xvde9173Xvde9172X
vZe1l7WXtZe1l7VWtZatl7WWtZa1Vq1VrVWkjJyMpM2lFaUVpRSc03wQc8+MkJTQ
WshayIyPjJFrjnPOe897z3wPe89zjmuOc89zzmNNY0xrjWNNUstSy1rMWwtSy0JI
SopKikJJOghCCEJJOggxxylGKUYpRilGKUYYxCEEKUWUkpSSjFGUkpyTlJKMUZSS
nNOc05SSnNOc05zTnNOc05zTpRSc05zTnNOlFKUUpRSlFJzTpRSlFKUUpRSc06TT
pNOlFKTTlFGUUZySrRS1lrWWtZd70HONa0yUUJzSlJFzjXuNe46UUaTTlJO9l73X
vde9173Xvde9173XvZe1l72XtZe1l7WXtZe1lq2WtZa1lrWWtVatVq1VnI2cjbTN
tM5zB2qJnEy1DpxLlAqUCHMEYsaUkJSSc45zjnPPfA97z3vPa45rjnPPa85jTGNM
Y41jTVMLUstTDFMLSso6SEqKUopKSTnIQghCCToIMYcpRSlFKUYpRilGGMQYxCEF
lJKUkoxRjFGUkpSSjFGUkpzTnNOUkpSSnNOc05SSnNOc06UUnNOc05zTnNOc06UU
nNOc06UUpRSlFKUUnNOc05zTpNOk05RRlFGckq0VtZe1l7WXpRalFaUVrVa1l61W
tZe1l61WrVa1l7WWtZe9lrWXvZe9173XvZe9l72XtZe1l7WXtZe1l7WXtVa1lrWW
tZatVa1VrVWtFKUSpNGlEqUQYkZiBpwKtQ2ci4xKnAuDSXMKlNKUknOOc45zj3vP
e89zzmuOa05zz3OOY0xjTGtNY01TC1LKUstay0qKOkhCiUqKSkk6CDoIQkk6CDGG
KUYpRilGKUYpRhjEGMQhBZSSlJKMUZSSlJKUkpRRlJKc05zTlJKUkpzTnNOc05SS
nNOdFJzTnNOc05zTnNOc05zTnNOlFKUUpRSlFJzTnNOc06TTnNOUUZRRnJKtFbWW
tZa9lrWWrVWlFK2VnNOtVaUUnNS1lqUVrVWEULVVlBCMEK0Tvde9172XtZe1l72X
tZe1l7WXtZe1lrWWrZa1lrVTpNCsy70MpIqkjKzNtVC1D2oHYcabir0OpIyUCpQL
g4p7DJzTlNNzjnOOc49zz3PPc49rjmuOa85rjmNNY0xjjWNMUstKy1LMUsxKyjoI
SolKikJJOgg6CEIIOggxhylFKUUpRilGKUYYxBjEIQWMkoyShFGMUpSTlJKMUZSS
nNKc05SSlJKc05zTlJKUkpzTpROc05zTnNOc1KUUpRSc05zTpRSlFKUUpRSc05zT
nNOdE5zSlJGUUZSSrRW1l7WXtZeMEYwRe46ckmsMjBCMEIPPtZaUkoxRYwylFHuO
e46c061VrVW1lrWXtZe1l7WXtZe1l7WXtZatlrWWtZa1EpyOrIi9CayHrIikiKyK
rI6LjYONnFGlE5zSlJGUkXuNa0yUk5SSc45rjnOPe89zz3PPa45rjmvOa45jTVtM
Y01bTVLLSotSy1rLSoo6CEJJSopCSTnIOgg6CTnIMYcpRSlFKUUpRSlFGMMYxCEE
lJKUkoxRjJKUkpSSjFGUkpzTnNOUkpSSnNOc05zTnNOc06UUnNOc05zTnNOc05zT
nNOc06UUpRSlFKUUnNOc05zTnRSc05RSlFGUkq1UtZa1l7WXpRWlFqUVrValFK0W
rVa1lrWWtZa1lq1VrVa1lr2XtZec06UVtZe1l7WXtZe1l7WXtZe1VrWWrZa1lrWW
tRKcjayIvQmsh6yHpIekh5yMpRSlFKTUnI+UTpSOpI9rCWtMhA+ED2tNa01rjnPP
c89zz2uNa41zjmuNW0xbDGNMWwxSy1LLUstSy0qKOghCSUKKQkk6CDoIOgg5xzGG
KQUpRSlFKUUpRRkDGMQhBZSSlJKMUpRRlJKUkpRRlJKc05zTlJKUkpzTnNOc05zT
lNKc05zTnNOc05zTpRSlFKUUnNOlFKUUpRSlFJzTnNOc050UnNOUUZRRlJKtVbWX
tZe1l5SThFGMEJyRhA5zTa0UtVVzTXvOlFFzjoxRlJK117XXtZe1l7WXtZe1l7WX
tZe1lrWWtZatlrWWtZa1la1UpNCkzqzOpImkiKSIpIici5RQlFCk0qRMlAqUC5zT
jFGMkoySjJJrjmuNa45zz3PPa89rjmtNc45rjWNMWwxjTWNMUstKi1LLUstKijoI
QklKiUJJMcc6CDoIOccxhikFKUUpRSlFKUUYwxjDIQSUkpSSjFGUkZSSlJKMUYyS
nNOU05SSlJKc05zTnNOc05SSnNOc05zTnNOc06UUnNOc05zTpRSlFKUUpRSc05zT
lJKlFJzTlFKUUZSSrVW1l7WXtZeMUoQSg9Gk1IwRjFGlFbWXlJKlFa1WnRSlFKUU
vde9l72XtZe1l7WXtZe1lrWWtZa1lrWWrZatla1VrVWtVa1WrVatFaUUpRSUz5yO
nI5JgzkBlAacR5xHnEmlDoyPhFGMkpSTe89rjnOOc85zznPOa41rTWuOa41jDFsM
Y01jTFLLSotSy1LLSoo6CEJJSopCSTnIOcc5yDnHMYYpRSFFKUUpRilFGMQYxCEF
lJKUkoyRjFGUkpSSjFGMUZzTnNOUkpSSlJKc05SSnNOUkpzTnNOc05zTnNOlFJzT
nNOc05zTpRSlFKUUnNOc05TSpNOc05SSjFGUkq1VtZe1l7WXtZe1l7WXtZe1l7WX
tZe1lrWWtZa1lrWWtZe1l7WXtZe1l7WXtZe1l7WXtZa1lrWWrZa1lrWWtRKkkJyQ
rVWtVq1WrVWtVa1VrRSlFZzUUYRJQ4tJlEyUTJRMpM6US3vNe82MkXvPa01rTXOO
c45zjmtNa01rjWNNWwxbC2NMY0xSy0qKSspSy0qKOghCSUJJQkgxxznHOgg5xzGG
IQUpBSlFKUUpRRjDGMMhBJSSlJKMUYxRlJKUkpRRjFGUkpTSlJKUkpzTnNOU05zT
lJKc05zTnNOc05zTpRSc06UTnNKc06UTpRSlFKUUnNOU05zTnNKUUYxQlJKtVbWX
tZe1l5zTlJKUkbVTjA+ED61UnNKckqTTjBC9lr2XvZe1l7WXtZe1l7WXtZe1l7WX
tZa1la0UrRG9UbUPnI+cj7USrVSlE61UtVKlEaTRpNGs0WIHWcV6ypSQnNSc1JzU
jEyDyoQLlJJ8EGNNa41zjnOOc45jTWNNa45jjlsMUwxjTVsNUstKikqLSstKijoI
QklKSUJJMcc5yDoIMcgphiEFIQUpBSlFKUUYxBjEIQSUkpSSjFGMUZSSnJKMUYxR
lJKUkpSSlJKc05zTnNOc05SSnNOc05SSnNOc06UUnNOc05zTnNOlFKUUpRSlFJzT
nNKc05zTlJGMUJSRrVW1lrWWtZaUkoxRlJKtVYxSlJOtVqVWrVWtVq1WtZe1l7WX
tZe1l7WXtZe1l7WXtZe1V7WWrVKc0KSOxUu9C6SPrIm9CqyInI69C71LnIyUi5zN
nNNrjmuOa46EEJSSa0qcTpQLg4yEDZSSe9BjTWtNa45zzmuOY01jTWuOY01bDFsM
W01bDErLSopKikqLSoo6CEJJQklCSTnHOcc5yDHHKYYhRSFFIUUpRSlFGMQZBCEE
lJKUkoxRjFGUkpSSlFGMkZSSlJKUkpRRlNKc05zTlNOU0pTTnNOU05zTnNOlFJzT
nNOc05zTnNOlFKUUpRSc05SSnNOc04yRjFCUkq1VtZa1lrWWtZa1lrWWtZe1l7WX
tZe1l7WXtZe1l7WXtZe1l7WXtZe1l7WXtZa1lrWWrZa1lrVSrI+kTrTQrRGs0azR
tRKcjpxNtQu9TJyMlEucjHPQW5Bbj1uPW4+LjlIGSYaLzoQQjFGMknwQa01rTWuO
c45rjmNNY01rTmtNWwxTC2NNWwxKi0qKSopKikJJOghCSUpJQkk5xznHOggxxymG
IUUhRSEFKUUpRRjEGMMhBJSSlJKMUYxRlJKUkpSRjFGUkpSSlJKMUZSSnNOc05zT
lJKc05zTnNOc05zTnNOc05zTlJKc05zTpRSlFKUUnNOUkpzTnNOUkowRlJKtVbWW
tZa1lrWWtZe1l7WXtZe1l7WXtZe1l7WWtZe1l7WXtZe1l7WWtZa1lrWWrZa1lbWU
tVOtUqyLmoWKA6rItVWtVa0VnI2cjKzMtQ2cjYxLhAtjkFuQW5BbkFuPcklhhmGG
lFB7jnwPe89zzmNNY01rjWuOa45jTWNNa41jTVsMUstbTFsMUotKiUqKSopKSToI
QklKSkIJOcc5xznIMccphiEFKQUhBSkFKQUYwxjDIQSMkoySjFGMUZSSlJKUkYyR
lJKc0pSSjFKUk5zTnNOU05SSnNOc05SSnNOc05zTnNOc05SSnNOlFKUUpRSlFJzT
lJKc05zTlJKEEZRSrVW1lrWWtZa1lrWWtZe1l7WXtZe1l7WXtZe1l7WXtZe1l7WW
tZa1lrWWrZa1lrWWtRCkzqSOxRHFEZpIicaiyq1VrVWtFaTQpNCkipyKpImUknQP
W49bj1uPW09bj3LLWghiSZSRhE+UkZSRhBBrTWNNa01rjWuOY01jTGuNY01bDFML
W0xbDErKSopKykqKQkk6CEJJQkpCCTnHMcc5yDHHKYYhBCEEIQUhBSEFGMQYwyEE
jFGMUYxRjFGUkZSSjFGMUZSSnNOUkpSSlJKc05zTlJKUkpzTnNOUkpzTnNOc05zT
nNOUkpzTpRSlFKUUpRSc05SSnNKc0pSRjBCUkq1VtZa11rWWtZa1l7WXtZe1l7WX
tZe1l7WXtZe1l7WXtZe1l7WWtZa1lq2WtZa1lrVSpI+kkLzUxRWkUqRSrFKs0KzP
rRC1UbVRrIqkSaRJjFFjj1uPW49Tj1OPU45zz5RJjAiUSIwEi8eDyoQOa01rTWNN
a05rTWNNYwxjjWNMWwtTC1tMWwxKikqKUopKikpKOchCCUpKQgkxyDHHOggxxymG
IQUhBSEFIQUhBRjDGMMZBIxRjFGMUYxRlJKUkoySjFGUkpSSlJKUUZSSnJKc05SS
lJKc05zTlJKUkpSSnNOc05zTlJKc06UUpRSlFJzTlJKMUZSSnNKUkYwQlFKtVbWW
tZa1lrWWtZa1lrWWtZa1lrWWtZa1lrWWtZa1lrWWtZa1lrWWtZa1lrWWtZa1Va0V
rRWtVbVVrVWtFK1UpIykjKzNvU+9T6SMpIqcSmvPY49bj1uPU49Tj1OOc86USYwI
lAWLxIvFe8qEUGNNYw1jTWtOa01jTWNMY01bTVsMUstbDFsMSopKiUqKSopCSjHI
OglCSToIMccxxzHHMccpRiEFIQUpBSEFIQUYgxjEGQSMkYyRjFGMUZSSlJKMkoxR
lJKU0pSSlFGUkpySnNOUkpSSnNOc05SSlJKUkpzTnNOc05SSnNOc06UUpRSc05yT
lFGckpySlJGED5SRrVS1lrWWtZa1lrWWtZa1lrXWtZa1lrWWtZa1lrWWtVa1lrVS
pNCk0bVUtVa1VrWWtVatVq1WrVaszaSMrMzFTqyLpIqsy61UrVSlE6UTe85jTGuP
W49bj1OPU49TTnONlEuMCowKjAqMT4QPjFFjTWMMYwxjTWtNY01jTGNNYwxbC1LL
WwtSy0qKQkpCSkqKQkk6CDoIQkk6BzHHMcYxxymGKUUhBSEEIQQhBBjEEIMYwxjD
jJGMkYxRjFCMkZSSjFGEUYySlJOUkoySlJKU05zTlJKUkpzTnNOUkpSSlJKc05zT
nNOUkpzTnNOlFKUUnNOUkpRRlJKckpRRhBCMUa1VtZa1lrWWvZa1lrWWtZa1lrWW
tZatlrWWtZa1lq2VtZatEKSPpI61VLVUrVStVK1VrZatVq1WrIukiqzLvVGsz6TR
pRKtU6UTpROc0lKIlJJzj2OPU49Tj1OPU09zjpSTlJOUk3vPe49zjnOOYwxjDGNM
a01jTVsMWwxjTVsMSopKilLLSspKikqKQkpCSUIJOggxyDoIOcg6CDHHMccxhzGG
IUUhRSlFIQQYwyEEIQQYxIyRjJKEUYRQjJGUkoxRhFGMkpTSlJKMkpSSnNOU05SS
lJKUkpzTnNOUkpSSnNOc05zTlJKc05zTnNOc05zTlJKMUZSSlJKUkoQPjFGtVLWV
tZalFLWWpRS1lrWWtZa1lq1VlJKtVZSShBC1lrWWtQ6kjaSNvVS9VKzTrNOtFK1V
rVWtVazMpIuki61VrVWtVa1VrVWszpxMcwiUUZzTjFJjkFOPU49Tj1NOc4+ckpSP
lFB7zoySjJKMkWtNYwxjDGNNY01jTGNMY01bDFLLWwtbDFLLUspKikJJSkpKSkIJ
OcdCCEIIOcgxhzGHMYcxhiEFIQUhRSEEGMMgwyEEGMOUUYxRjFGMEIxRlJKMUYxR
jFGUkpSSjJGUkpzSlNKUkpSSlJKc05STlJKUkpSSnNOc05zTnNOc05zTnNOc05SS
jFGUkpSSlJGD0JRRrVWtVVrLWsu1VXvOhA+lE6UTnROlE2uOlRStloQQtZa1lq0R
pNCk0L2UvVSs06zTrROtVbVVrVWsz6SPpM+tVa1VrVWtVa1VpIqcSZwJpRSc1IxS
a9BTj1OPU49TT3OPnM+UTIPLe4mMkoyShJFrjlsMWsxjDGMNY01jDWMNUsxSzFLM
UwtSy0rKQolCSUpJSklCCDHHOgg6CDHHMYYxhzGHMYchBSEEIUUhBBiDGMQgxBjE
jFGMUYxRhBCMUZRSjFKMUZSSlJKUkoxRlJKU05SSlJKUkpSSnNOc05SSlJKc05zT
nNOUkpSSnJOc05zTnNKMkYwQlFGUUYwQe4+MUa1VtZVzjXNMrVRz0ISTnRaEk4yU
jJN8EHwQjNN8EJzUtVa1Vq1WrVW1Vq1VpNOk060UtVatVq1WrRatVa1VrVWtVa1V
rVWlFJQKjAmci6UUpRSMUmPRU49Tj0uPU09zj5zPlEyDyntJlI2MT4QQa01azFsL
WwtjTGMMYwxjDFrLUstSy1LLUstKi0KKOklCSUJJOgk5xzoIQgg5xzGGMYYxhzGG
IQQhBSEFIQUQgxjEGMQYxIxSjFGMUYQRjFGUkoxRhBCMUZSSjJKMUZSSlJKUkpSS
lJKUkpSSlJKUkpSSlJKUkpSSlJKUkpSSlJKUkpSSjFGUkpSSjFGMEIwRlFGtFLVV
c017TrVVlJKEEK1VrZa1lqVVpVatV50UrZatVa2WtZa1lbWWtZWtVaUUrRWtVa1W
rVWtVa1VpRSlFK1VrVWtVa1VrRWDz3NNnJOlFJzUhFFj0EuPS49LTlNOa46Uz4xM
g8t7hZxGg8dzi2NKWwtSy1rLYwxjDGMMWwtSy1LMUsxSzFKLSopKSUIIQklCSUII
Occ6CDoIMgcphimGKYYpRiEEIQQpBCEEEMMYxBkEGMOMUoxRjFGMUYxRjFGMUYxR
lJGUkpSSlJKUkpSSlJKUkpSSjFGUkpzTlJKUkpSSnNOc05zTlJKUkpzTlJKUkoxR
lJKUUowRhBCMEZRSrRWtVbWWtZa1VrWWtVa1VrWWtZa1lrWWtZa1lrWWtZa1lrVW
rVatVa1WrVWtVZzUrVWtVa1VrVWlVJ0TpNOlFK0VrVWlFaUVe4+EEaUUpRSdFIxS
Ww1LTlNOU05LTXMKi82UDYxOe82MDnOLc4pjSVsLUstSy1sMWwxbDFMMUstSy1LL
UstSy0qKSklCCEpIQkk6CDHHOgg6CDHHKYYphjGHKYYZBCEEIUQhBBiCGMMYwxjD
jFCMUYxRjJKUUYxRjFGMUZSSlJKUkpSSlJKUkpSSlJKUkoxRlJKUkpSSlJKUkpzT
nNOc05SSlJKc05SSjJGMUZSSlJGMEIQQjFGUkq0UtVWlFJySrVWlFKUUrVWtVrWW
tVaMUa1WpRSEEJzTrValFKUUlJKlFa1Va017z61VrVWtVa1VpRSk05zTpRSlVaVV
pRWlFGMNjFKlFaUVnRSMUlLLIYZTDUrLKUVhhFlDegeUkYQPc0xjCWMJYwlay1LL
UstbDFsMWwxbDFLLUstSy1LLUotKikJJOghCSUJJOggxxzoIOggxxymGKYYphimG
IQQhBClFIQQYwxjDGMMYw4xRjFGMUYxRjFGMUYQQjFGMUpSSjJKMkoySjJKMkpSS
lJKMkpSSlJKUkoxRlJKc05zTlJKUkpSSnNOUkoxRjBGUkpSShBCEEIxRlFKtFbUU
UklrDKVVhFBjDJzTlNKUkpSSa010EIySa46EUZ0Ue9CtVqVVe9CMkpTThFGtVa1V
rVWtVa0TpNOk06UUpRWlFaUVpRVKSpSTpRWlFKTUe9BKSRDEQowxSBjAYcVRhGpH
lJKEUIQQhA98EGuOUstSylLLWwxbDFsMWwxSy1LLUstSy1LLSopCSToIQkk6CDoI
Mcc6CDoIOcgphimGMYYphSEEIQQhBSEEGMMYwxjDGMOMUYRRhFGEUYxRjFGMUYxR
jFGUkoySjJGMkoyRjJKUkpSSjFGUkpzTlJKUkpSSnNOc05SSlJKUkpzTlJKMUYQQ
lJKUkYwQhBCMEJRRrRS1VHuOawy1VXwQfFKVFYzTlNSdVYRSpVWtVYQQpVaVFHxR
nVVzz5TTpVV8EJ0UrVWtVa1VrVWtFaTTnNOlFKUUpRWlFaUVOciU06UUpRSlFIQR
WswQxFLNQkkowFmEWURyB4yShFGEEIxSjFFzj1LLUotSi1rMWwxbDFsMUstSy1LL
UstSykqKQkk6CEJJOgk6CDHHOgg6CDHHKYYphimGKUUYxCEEIQUhBBiDGMQYwxjD
hFGEUYxRjFGMUoRRhFGMUYxRjJKMkoxRjFGMUYySlJKUkoySlJKc05SSlJKUkpzT
nNOUkpSSlJKc05zTjFGEEJSSlJKEEIPQjBCUUa0UtVVrTXvPrVWtVaTUrVatVq1W
rVaMUq1WnRWdFK1WrVac1KVVpRWtVq0WpNStVq1VrVWtVa1VrRWlFaUVpRWlFaUV
pRWlFSmGnNSlFKUUpNSEEWMMGMNjDlKLGIJqzHNOe4+MkoRSfBGEUoxSe9Bay1LK
Uopay1rLWwtSy1LKUstSy1LLUotKSkJJOghCCToIOcgxhznIOcg5xymGKYYphimG
IQQhBCEFGMQQgxjEGMQQg4RRhBGEUYRRjFGEEYQRjFGUUpRSjFGMUYxRjFGUUZSS
lJKMUZSSnNOUkoxRlJKUkpzTlJKUkpSSnNOc04xRjBCUUpRRjBCDz4wQlFGlFK1V
rVatVq1WrVatVq1VrVWtVa1VrVWtVq1WrVWtVq1VpVWtVa1VrVWtVa1VrVWtVa1V
rVWtEZyPpNCtFaUVnNRKSnuNnJAphZzUnNSk1JzUhBJjDRjFc5FjDhCDa4+EUoyS
jJOEUnPQhFKEUnPQUstKikqKWstay1rLUstSykrKUspSykqKSolCSToIQklCSToI
MYY5xznHMYcpRimGKYYpRhjEIMQhBBkEEIIYwxjDEIOEUYQQhFCEUIxRjFCEUIxR
jJGMkYyRjFGMUYxRjFGUkpSSjFGUkZSSlJKMkoySlNOU05SSlJKUkpzTlJKMUYQQ
jFGMUYQQhA+MEJRRrRStFKUUlJKtVZSTpVWdVHQPa8+VE2uOa46EkmuPSsyMk1sM
Y02tVK1VpRSlVKUUpRStVa1VpImkiaSJrVSlFHOOEIIpAowOOcWlE6UUnRSc1IQS
Yw0QxYQTc5AQw2uOjFGMk4yThJJzz4RShFJ70FLKSopKilLLUsxSy1LLSspKikqK
SotKikJKQkk6CDpJOgg5yDGHOcc5yDHHKYYphilGKUUYxBjEIQQhBBCDGMMYxBDD
hFGEEYQQhBCEUYxRhFCEUYyRjJGMkoxRjFGMUYxRjFKMUoxRjFGUkpSSlJKUkpSS
lJKUkpSSlJKc05SSjFGEEIxRjFGEEIPPhBCUka0UpNNSCXMNrVWEEHQQhNJLDFNM
bFFLDUtObJNbjzrMdJJKzFMNnRWU1GvPlNNzz5zUrRWtFaSMnEucS6TTrRRzTiCD
KMKcUGJJnNSc1JzUnNSEEWMNGMWMU4PREMRjToRSjJOMk4xSY0xrTWtNYwxSikqJ
SolSy1LLUstSy0rKSopKi0qLSopKSkIJOghCCUIIOggxhznIOccxhylGKUYpRilF
GMMhBCEEGQMQgxjDGMMQw4QRhBCEEIQQjFCEUYQQhFGMUYxRjFGMUYxRjFGMUYxR
jFGMUYxRlJKUkoxRjJGUkpSSlJKUkpSSnNOUkoxRhBCMUYxRhBB7z4QQjFGlFK0U
e41rC7WUfFCdVnyTQstLTZWWSw1bT4TUY9BTTnzUQw1KzZ1WlNRjDIyShBCc060V
pRWkz5RNnI6lE6UVlNMgw0GDlA2UDZzUnNSc1JzUhBFjDRkEjJOEUhjEWwyEUYyS
jJKEUnOPhFKEUnwRUstKiUqJUspSy1LLSstKi0qKSopKikpJQklCCToIOgg6CDHI
MYcxyDnIMYcpRilGMUYpRRjEGMQhBRjEEIMYgxjDGMOEUIQQhBCEEIRRhFF8EIRR
jFGMUYxRjFGMUYxRjFGMUYxRjFGMUZSSlJKMUYxRlJKUkpSSlJKMUZSSlJKEEIQQ
jFGUUoQQe8+EEJRRrRStVGMMe4+Uk2NOa5B8lGOPbBGNFmwRc9CdVozUfFKVFXyT
jFKdV6VWlNSdFZTUpRWlFaUVpNSc06UUpRSlFKUTMURSApQKnEuc1JzUnNSc1HvQ
UosYxGtPc44ZA0JJhBGMUoxSjFJrj4RShFJ8EVLLSklKSVKKUstSy1KLSotKikqK
SopKSUpJQgg6CEIIOgg5xymGMYcxxymHIUYpRilGKUUYxBjEIQQYxBCDGMMYxBDD
hBCEEIQQhBCMUIQQhBCEUYxRjFGMUYxRjFGMUYxRjFGMUYRRjFGUkpSSjFGMUZSS
lJKUkpSSjFGUkpSSjFGEEIxRlJGEEHvOhA+MUaUUrVWtVa1VrVWtVa1WrVatVq1W
rVatVa1VrVWtVa0VrRWtFa0VrRWtFaUVpRWlFaUVpRSlFKUUpRSlFJ0UnRGciJRG
lEaURpSInNOc1JzTnNOEEWtOGQWMlYzTIUVSzHwRjFKMUoxSc4+EUoRShFFSy0qK
QklKilLLUstKy0qKSopKikqKQkpCSToIOgdCCDoIOccphjHHMccphilFKUUpRSkF
IMQYxCDEGMQQghjDGMMYw4QQhBCEEIQQjFGEUIQQhFCEUYxRjFGEEIxRjFGMUYyS
jFGEUYxRlJKUkoxRjFGMkZSSlJKMkoxRlJKMUYxRhBCMUYxRhBBzj3vQjFGlFK1U
nNOc1JSSlNOU06UUnNOckpSSlJKMUYQQlJKU0p0UpVSdVIRRhBGc04QRhFF70HOP
hBGEEaUUpRSlFJyKnEacRZxFnEacSZzUnNSc1JTUhBFjThkFjJSMkymHSox8EYyS
jFKEUmuPhBKEUoQRUsxCSUJISopKikrKSopKikqKSopKiUKKQklCCDnIOgg6CDHH
MYYxxzGHMYcpRSlFKUYpRRjDGMQYxBjEEIMQgxjDGMOEEIQQhBCEEIRRhBGEEIQQ
jBCMUYxRjBCMUYxRjFGMUYxRhFCEUYxSjFKMUYxRlJKUkpSSjFGMUZSSlJKMUXvP
hBCMUYQQc497z4xRpRSMk1MNdBFCjGvQW5B0EFuQUwxr0GvPlNR8EYyUfBF8EXPP
dBGEkWvPc85rz4ySfBF8EGuPa46lFaUUpRSUBpxFnEWURZwFnEqc1JzUnNSU1IQR
Y04hRYyTjJM6CEJKe9CMUoxShFJrz4RRhFF8EFrLQklCCUqKSopKikqKSkpKikqK
SolCSUJIOgg5xzoIOggxxymGMccxhzGHKUYpRilGKUUYxBjEGMQYxBCDEIMYwxCD
hBB70HwQfBCEUIQQg8+EEIxRjFGMUYRRhFGEUYRRjFGMUYwRhBGMUYxRjFGMUYyS
lJKMkoxRjFGUkpSSjFB7z4QQjFGEEHOOe8+MUaUUfFNLDWPQQs1r0VtPdFJ0EmPQ
fJNz0IRTpRaMU5zUnNWc1J0VjJOUk5TUjJOMUpTUlNSU1IxSpRSlFKUUaoOcRJxE
nEScRJxJnNOc1JzUlNR8EWtOIUWMk4ySQkpCSnwRjFKEUoRSY05jDWMNYw1Si0oJ
QghKikqKSopCikKJQopCikKKQko6SToJOcg6CDnIOccpRjGHMYcphilGKUYpRilF
GMQYxBjEGMMQghCDGMMQg4QQhBB70HwQhBCEEHvPhBCEEYRRhFGEEYRRhFGEUIxR
jFGMUYQQjFGMUYxRhBCMUZSSlJKMUYxRjFGMUYQQe8+EEIQQhA9zjnvPjFGlFJ0V
lNSdFZ0VnRWdFaUVpRWlFaUVpRWlFaUUpRSlFaUVpRWlFaUVpRWlFaTVnRWlFaUV
pRWlFKUUpRSUUklCnAWcBZwFlAWUSJTTnNOc05TTfBBjTSmGjJOMklLLOglz0IxS
hFKEUmvPfBF8UnwRWw1CSUIISopKikqKSopKikKKQkpCSkJJOgk6CDHHOcgxxzHH
KYYxximGKYYhRSlFKUYpBRjEGMQYxBjDEIIQwxjDEIN8EHwQfA98D4QQhBB70HwQ
hBGEUYRRhFGEUIRQhBCMUYxQjFGEEIxRjFGMEYwQjFGMUYxRjFGEEIxRjFGEEHOO
hBCMUYQQc457z4xRpRSlVaUVpRWlFaUVpRWlFaUVpRWlFaUVpRWlFaUVpRWk1aUV
pRWlFaUVpRWdFaUVpRSlFKUUpRSlFJ0Ua01BQZwFnAWcBZwFlEec05TTlNOU03wQ
Y01Bx4xRjFFay0IIc4+EUoRShFJr0HwRfBJ8EVsNQkk6CEpKSopKikqKQopCikJK
QkpCSUIJQgk5yDnIOcgxhymGMcYphimGKUUpRSlFIUUYxBjEGMQYwxCCEIMYwxCC
fBB7z3vPe8+D0IQQe9B8EIQQhFCEUYQQhBCEEIQQhBCEUYRQhBCMUYxRjFGMEIxR
jFGMUYxRjFGMUYxRhBBzjnvPhBCEEHOOe8+MUaUUrRWlFaUVpRWlFaUVpRWlFaUV
pRWlFaUVpRWlFaUVpNWdFKUUpRWlFKUUpRSlFKUUpNSk1KUUpRSdFFJJYoOUBZQE
lAWUBZQGlJKUk5STlJNz0HPPc89rj2uPUotbDWuPhFKEUoRSa9B8EXwRfBFbTUJJ
OghKSUqKSopCikKKQkpCSkJJQkk6CToIMcgxyDHIMYgphimHMYcphiFGKUUhRSFF
GQQYxBjEGMMQghCDGMMQg3vPe897z3vPg9CD0HvQe9CEEIQQhBGEEIQQhBCEEIxR
jFGEUXwQjFGMUYxRhBCMUYxRjFGMEYQQjBGMUYQQc497z4QQhBBrTXOOhBCc1KUV
pRWlFaUVpRWlFaUVpRWlFaUVpRWlFKTUpRSlFaUUnNOc1IySlNKMkZTSnNOMUZzU
nNSk1JzUpNQ4w4uEnAWUBJQElASUBZSTlJOUk4yTe9CMUoxThJOEU4xThFJz0IRS
hFKEUmvOY01zznwPY0xCSToIQklKSkpJQkpCSkJKQklCSToJOgg6CDIIMcgxxzGH
KYYphymHKUYhRSFGIUYhRRjEGMQYxBjEEIMYgxjDEIN7z3vPe897z3wQfBB7z3vP
hBCEEIQQhBCEEIQQhA+EUIRQfFB8EIRRjFGMUYQQjFGUUYxRjFGEEIRRjFGEEHPP
e8+EEHvPa01zjoQQnNSc04QRjJKMkp0UnRSc1JSTe9GU1HPPjJKMk3QQfFF8EWuP
fFJTDXQRWw10EYyUWw2UlJzUnNSc1IQRSYWUB5QFlAWUBZQFlAaU05STlJOMk3vQ
jFKMkoyThFOMU4RSc4+EUoRShFJzjlsJWwljilsLQgg6CEJJQopCSkJKQklCSUJJ
QklCSToJOggxyDnIMcgxxymGMccxhimGKUYpRilGIUUZBBkEGMQYwxCCGMMYwxCD
fA97z3vPe897z3wQe897z4QPhBCEEIQQhBCEEHvQhBGEEIQQe8+EUIxRhFGEEIQQ
jFGMUYwRhBCEEIxRhBBzjnvPhBB7z2tNc46EEJzUnRV8EZTUfBGEUoRSfBGU1GuP
fFJ8EYySjFF7zoxQhA5rjXQOUwt0DltMc8+U02uOlJOc1JzUnNRrDWsKlAeUBZQF
lAWUBYwGlJKUk5STlJN70IySjJKMk4ySjFKMUmuPhFKEUoRRa4tSyFrJa05bDDpJ
OghKSUJJQklCSUJJQklCSTpJOkk6CDoIMggyCDHIMYcphjGGKYYphilGKUYpRiEF
GMQYxBkEGMMQgxCDGMMQg3PPc89zz3PPc9B70HPPc4970IQQhBF8EHwQfBB8EHxQ
hFCEEHvPhBCMUIRRfBCEUYRRjFGMUYQQhBCMUYQQc457z4QQhA9rTXOOhBCc1JzU
nNSUlJzUnNSc1JzUnRWdFZ0VnRWdFZTTlNOU05zTnNOc1JTUlNSc1JzUnNSc1JzU
nNSc1JzTSgicEJQGlAWUBJQElASUBZSTlJOUk5STe9CMUoyTjJOMU4xThFJrj4QS
hFKEUnOMYwprS3wQa45CCTHIQklCSUJJQklCSUJJQklCSDoIOgg6CDHHMcgxxzHH
KYYpximGKYYhRilGIQYhBRjEGMQYxBjDEIMQgxjDEIJzz3PPc89zz3PPfA9zz3PP
e898D4QQhBCEEHwQfBB8EIQQhBB7z4QQhBGEEHwPhFCEUYxRhFGEEIQQjFGEEHOO
c46EEHvPa01zjoQQnNOc1JSTlNOMkp0UlNOMkpTSjJKEUYySjJKEUZTTfBGMknQQ
jJNzz4RRY01rj2NNfFGEUZTUnNSc1EJJpJGUBpQFlASUBJQElAaU05STlJKUk3vQ
jFKMUoxSjFKMUoRSa4+EEoRShFF70GuPc9B8EGuOOkgyCEJJQkk6SUJJOklCSUJJ
Okk6CDnIOcg5yDHIMYcphymGKYYphiFGIUUhRSFFIQUYxBkEGMQYxBCDEIMQwxCD
c85zznOOc45zz3vPc85zjnvPfA98EHwQe9B70HvPe9CEEIQQe498EIRRhBF70IQQ
jBGEUYQQe897z4QQe89rTXOOhBB7z2tNa02EEJzUhFJbTXwRY06EUpTUY450EWOP
W05sEYSTa9CEUnQQfFFjj3xSU058UkLMY5BTDXwSjFKU05zTjFFSypySlAaUBZQF
lAWUBZRIlJOUk5STlJN70HOOc45rTWtNa01rTWtNhBGEUoRSe9Fjj3wRdBFrzzoI
Mcg6CUIJQghCCUIJQgk6CToIOgg6CDIIMccxxymHKYcpRimGKUYpRilGKUYhRSEF
GMQYxBjEGMQQgxCDEIMQg3OOc45zjnONc857z3PPa45zz3vQe897z3vPe897z3vP
fBB8EHPPfBCEEIQQe8+D0IQQhBGEEHvPe8+EEHvPa01rTXvPe89rTWtNhBCU03RS
W0+ElHQRjNSEk3QRfFF0EHQQfFKM1HQQfFJ8UoSTdBF8UnQRfFJ8U3xSdBF8EZSU
lNSc1JSUjFKUkowGlASUBJQElASMSIyTjJOMk4yTdBCEUoRShFKEUnxSfFJjj3xS
fFJ8EXQQa450EHwQc886CDHHOgg6CToIOgg6CDoIOgg5yDoIMcgxyDGHMccxhymG
KUYpRiFFIUUhBSEFGQQhBRjEGMQYxBiDEIIQgxCDEIJzj3OOc45zjnOOc89zjnOO
c457z3vPe897z3vPc89zz3wQe89zjnvPhBB70HvPe8+EEIQQhBB7z3vPhBB7z2tN
a017z3OOYwxrTXwQlNSU1JTUlRSdFJ0VnRWdFZ0VnRWdFZzUlNSc1JzUnNSc1JyT
nNSc1JzUlNSU05STlJOUkpSTlJOUk5RSlJGMCowJi8qLyoPLhA2MUYQRhBGEEHPP
c9Bz0HOPc49zj3OPa05jjmOOY05jTltNW01bDFLLOcgxhznIOgg6CDoIOgg6CDoI
OggxxzHHMccphjGGKUYpRiFFKUYpRSEFIQQhBCEEIQMYwxjDGMMYwhCCEIIQghCC
c01rjmuNa01rjXOOc41rTXONc45zjnOPa45zjnOOc457z3vPc457z4QQe9Bzz3PQ
fBB8EHvPc89zj3wQc89rTWNNc897z2MMY02EEJTTlNOU05STlJOUk5STlJKUkpSS
lJKUUoxSjFKMEoxRhFGEUYxSjFGEEIQQfBB8EHwQfBB8EHwQfBB8EHvPe897z3vP
c45rjnQQfBFz0GNOY05bTVtNWw1TDFtNUwxSzErMQotKzErMQsxTTltOc9Bz0TnI
MYY5xznHMccxxzHHMccxxzHHMYYxhjGGKUUpRSlFKUQhBCEEIQQhBBjDGMMYwxDD
EIIQghCCEIIIQQhBEEIIQWtNa01rDGsMa01rTmtNawxrTXNNa45rjmuOa45rjmuO
c85zzmuNc457z3PPc457z3wQfBB8EHOOc457z3uOY01jDHOOc45bDGMMe9CUk4xS
hFGEUoQRe9B8EHwQfBB8EHwQc898EHPPa46EEYQRhBCMUYRSUsxbTVMMW01jTmNO
SotKjELMW05bDkrMUw1TDUrMSs1rj3wRa5BLDksOMktCzTJLOoxCzTqMOoxCzDIK
Qs1LDjqLUw5bT2vRdBExxylFMYYxhjGGMYYxhimGKYYpRSlFIQUhBSEEIQQhBCEE
GMMYwxjDEMMQgxCDEIMQgghBEIIQghCCCEEIQQhBCEFjDGMMWwtbDFsMY01jTFsM
Y0xrTWtNa01rTWtNa01rTXOOc45rTWuOc45zjnOOc457z3vPc89zjmuNc85zjmMM
YwxzjnOOWwxbDHwQlNOMUoRRhFJz0VMNUw5jj1NOW49bj0rMUw1bT1MMc898EHvQ
fBF8EkLNSw5CzUsNW49TTkKMSs1CzEsOUw5CzFtOW05bTlMNa498EWuPY49jj1NP
U09TT1NOU05TDlMOWw9TTluPW49bj1tPW490EXQRMcchBSlFKUUpRSlFKUUhBCEE
IQQYwyEEGMMYwxjDGMMYwxiCGIIQghCCEEEQQRBBCEEIAQhBCEEIAQgBCAEIAQgB
Wstay1rLUopay2MMWstaylrLWsxjDGMMYwxjDGMMYwxjDGtNYwxrTXOOc45rjmuO
c45zz3OPa01jTWuOa45jDFrLa01rTFrLWst7z5SThFKEEYQSdBFjj2OQa9Br0HQR
a9Brj2vQc9Fz0HwRfBB8EHwRhFFz0HPQc9Bz0HPQc9Bz0HPQdBBr0HPQc49rj2vP
a49rTmvQfFFz0HPQc9Bzz2vPa89rzmOOa45rjmNOc9F0EnRSdFNj0HQSdBJ0EimH
GMMYwyDDGMMYwxiDGMMYwxjDGIIYghiCEIEQQRBBEEEQQRBBEEEQQRBBCEEIQQgB
CAEIAQgBCAEIAQgBCAEIAVKKUopKiVKKUopay1KKUopSilKKUopSilKKUopSilrK
WstjC1rLYwxrTWtNa01rTWuOc45rTWNMWwxrTWtNWstSimMMYwxSilKKe8+U1JST
hFKEUoRShFKEUoRShFKEUoRShFKEUoRShFKEUoRShFKMU4yTjFOEUoRThFOMU4xT
jFOMU4xTjJOMk2uQQw1sUlvQUsxz0YRThFKEUoRSc9BzkGuPY49jT2NOY09bDnwS
hFOEU4STc9F8EnxSdBApRhiCGEIYghhBGIEYgRiBGIEYgRiBGEEQQRBBEEAQARBB
EEIQQRBBCEEIQQhBCAEIAQgBCAEIAQABCAEIAQgBCAFKSEpISkhKSEpJSklKSEpI
SkhKSEpISklCSUpJSklKSVKKUopSilLLWwxbDFrLWstjDGMMYwxay1KKWstay0pJ
SklSilqKSkhKSHvPlNOc1JzVlNWU1ZTVnNWc1ZzUnNSUlJTUlNSU1JTUlNSUk5ST
lJOUk5STlJOUk5STlJOMk4yTjJOMk4yThJNjj0MNbJNkEUrMa9CEUoRShFKEUWvQ
fFKEUoRSfFJ8EXwSdBCM04zUhJOEk3QRdFJ8U3QSKYgYghiCGIEYgRiBGIEYgRiB
GIEYgRiBEEEQQRBBEEEQQRBBEAEQQQhBCEEIQQgBCAEIAQgBAAEIAQgBCAEIAQgB
QghBx0HHQcdBx0HIQcdBx0HIQghCCEIIQgdCCEoIQghKCEpJSkhKSEqJUolSiVKJ
UopSilKKQklCSFJJUkhCBznGSghKCEHHQcdzjZTTnRSdFJ0VnRWdFZzVnNSU1JTU
lNSU1JTUlNSMlJSUlJSUk5STlJOUk4ySjJOMk4yTjJOMk4yTjJOMk4STa49LDWyT
bBJKzGvQfFKEUoRShFJz0IRShFJ8UnxSfBF8EWuPhBKEUoRShFN8EYSThNN8UTnI
GIIYghiCGIEYgRiBGIEYgRiBGIEQgRBBEEEQQRBBEEEQQRABEEAIQQhBCEEIAQgB
CAEIAQgBAAEIAQgBCAEIATGGOYYxRjGGOYY5hjGGOYY5hjmGOYY5hjGFOYU5hjmG
QcZBxkHGQcZCB0HHQcdBx0HHQcdBx0GGOYZBhjmGOUU5RTlFOUUxRDFEc4yU050V
nRWc1aVWpVac1ZTUlNSU1JTUlJSUk5TTlJOMk4yTjJOMk5STjJOMk4yTjJOMk4yT
jJOMk4yTjJOMk2uPSs10k3QSSsxr0IRShFKEUoRSc9B0EXxSfBF8EXwRfBBjTnQR
dBB0EHQQW018UYSSdFA5yBiCGIEYgRiBGIEQgRiBGIEYgRiBGIEQQRBBEEEQQRBB
EEEQQRBBEEEIQQhBCAEIAQgBCAEIAQgBAAEIAQgBCAEpAykEKQQpBCkEKQQpBCkE
KQQpBDEEMQQpBDEEMQQxBDEDMQQxAzEDMQMxAzEDMQMxAzEDMQMxAzEDMQMxAzEC
MQMxAzEDMQMww3NMlJKU05STnNSlFZzUlNSU1JTUnRWU1JSTlJOMkoyTjJOMk4yS
jJKMk4yTjJOEUYwOi86DzoONg42MUoxSjFJrj0rMbFJ0EkLMY8+EUoRShFJ8UnQR
a9B8EXwRfBF8EXQQW05z0HPQc9Br0FtNa890D2ONMYYgghiCGIIYQhiCGIIYghiC
GIIYghiBGIEYQRBBEEEQQRBBEEEQQRBBEEEIQQhBCEEIQQgBCAEIAQABCAEIAQgB
IIIgwijDKMMowyjDKMMowyjDKMMpAykDKMIpAykDKQMxAzEDKQIxAzEDMQMxAzED
MQMxAzEDMQMxAzEDMQMxAzEDMQMxBDEDMQNrS5SShBF7z2LLWklSCFpIWohiy5TT
jNOUk4ySfBFjj3QRbBBrz4RSjJOMk4xTe89yiHJIckhySHsMhFKEUnxSa9BTDWxS
fFJTDGuOfBB70HPPc45rTVrLYwxay1KJSolKSDnHOcYxhSlFIQQYwxiDEIIYQhiC
GIIYghCCGIIYghiBGIEYgRCBEIEQgRhBEEEQQRBBEEEQQRBBEEEQQRBBCEEIQQhB
CAEIAQgBCAEAAQgBCAEIASCCKMMowyjDKMIowyjDKMIwwyjDKMMowyjDKMMowyjD
KQMowykCKQMpAykDKQMpAzEEMQMxAzEDMQMxAzEDMQMxAzEDMQMxAzEDasuMkoyT
jJOMk4RTa5BjT0qLSoqU0pTSjNKMkoRQa45rzmvOY0xzjXONa0xjC1rKOcc5xjmG
OYVBxknGQYU5hTFEKQMpAyDCGIIYQRhBEAAQARABEAEQARABEAEQARABEAEQARAB
CAEIARABEAEQARABGEEYghiCGIIYghiCGIIYghiCGIIYghiCGIEQgRBBEEEQQRBB
EEEQQRBAEEEQQQhBCEEIQQhBCAEIAQgBCAEAAQgBCAEgQiCDIIIowijCKMIowyjD
KMMowykDKQIpAikCKMMowyjDKMMowyjDKQMpAykDKQMpAykDKQIpAykDKQMowyjD
KMMowykDKQIpAkGFWkdSRlJHSgZCBjnFMUUowyCCKMIggiCBIIEgQRhAGEEYQBhB
GEAYQBhAGEEYQRBBEAEQARABEAEQARABEAEQAAgAEAEQARABEAEQARABEEEQQRBB
EEEQQRBBEEEYQRhBGEEYQRiBGIEYgRiBGIEYgRiBGMIYghiCGIIYghiCGIIYQhiC
GIIYgRCBEEEQQRBBEEEQQBBBEEEQQRBBEAEQQQhBCEEIAQgBCAEIAQABCAEIAQgB
GIIggyDDKMIgwyjDKMMowyjDMMQpAykDKQMpAikDKQMpAykDKQMpAykDKQMpAykD
KQMpAykDMQMxAykCKQMpAyjDKMIowijDKMMgwxhCEEEQQRBBGEEYQRhBGEEQQBBA
EEAYQRhBGEEYQRhBGEEYQRhBGEEYQRhBGEEYQRhBGEAYQRhBGEEYQRiBGIEYghiB
GIEYgRiBGIEYgSCBIIEggiCCKIIgwiDCIMIgwiDCIMIgwiDCIMIgwSDCIMIgwiDC
IIIYghiCGIIYghiCGIIYQRiBGIEYgRiBGIEQgRBBEEEQQRBBEEEQQRBBCEEIQQgB
CAEIAQgBAAEIAQgBCAEIARhBIIIgwijCKMMowyjDKMQowyjDKMMowykDKQMpAykD
KQMpAykDKQMpAykDKMMowyjDKMMpAykDKQMpAykDKQMowiDCKMIowyjDIMIYgRiB
GIEYQRhBGEEYgRiBIIEggSCBIIEggSCBIIEggSCBIIEggSCBIIIogiCCIIIggSCC
IIIggiCCIMIgwiDCIMIgwiDCIMIgwiDCKMIowijCKMIowijCKMMowyjDKMMowijC
KMIowiDCIMIgwiDCIMIgghiCGIEYghiCGIIYghiCGIEYgRiBGIEYgRCBEIEQQRBB
EEEQQRABEEEQQQhBCEEIQQgBCAEIAQgBAAEIAQgBCAEYQSCCIMMgwyDCIMIgwyDD
IMMowyjDKMMowyjDKMMowyjDKMMowyjDKMMwwyjDKMMowyjDKMMowykDKQMowyjD
KMMowijCKQIpAikCKMIogijCKMIowijCKMIowijCKMIowijCKMIowijCKMIowijC
KMIowijCMMIowiiCKMIowijCKMIwwijCKMIowijCIMIowijCKMIpAikCKQMpAyjC
KMIowijCKMIowijCIMIgwiDCIMIgwiDCGMIgwiDCIMIgghiCGIIYghiCGIIYghiC
GIEYgRiBEIEQQRBBEEEQQRBBEEAQQRBBEEEIQQhBCEEIAQgBCAEIAQgBCAEIAQgB
GEIgwiDCIMIgwiDCKMIowyjDKMMowyjDKMMowyjDKMIowyjDKMMowyjDKMMowyjD
KMMwwyjDKMMpAykDMQMxAzEDMQMxAzEDMQMxAzEDMQMxAzECMQIowijCKMIowijC
KMIwwzDDMMMwwyjDMMMowyjDKMMowyjDKMIowijCKMIowijCMQIxAzEDMQIxAjEC
KQIpAikCKQIpAijDKMIowijCIMIowiDCIMIgwiDCIMIgwiDCIMIgwiDCIMIgwiDB
GIIYghiCGIEYgRCBGIEYgRiBGIEQQBBBEEEQQRBBEEEQQRBBEEEQQRBBEEEIQQgB
CAEIAQgBCAEIAQgBCAEIASBCIIMgwiDDKMMowyjDKMMowyDDKMMowyjDKMMowyjD
KMMowyjDKMMowyjDKMMowyjDKMMxAzEDMQMxAzEDMQMxAzEDMQIxAzEDMQQxAzED
MQMxAzEDMQIowijCKMIowjDDMQMxAzEDKQMpAyjDMMMxAzEDMQMxAzEDMMMxAzED
MQMxAzEDMQMxAzEDKQMpAykCKMIowjDCMMMowijCKMIowijCKMIowiiCKMIgwiDC
IMIYwiDCIMIgwiCCIIIYghiCGIIYghiCGIEQghiCGIIYghiBEIEQgRBBEEAQQRBB
CEIIARBBEEEQQRBBCAEIAQgBCAEIAQABCAEIAQgBCAEggiCCIMIowyjDKMIowijC
KMIowijCKMIowijCKMIowijCIMMpAyjDKMMowyjDKMMpAykDMQMxAykCMQMxAzED
MQMxAzEDMQMxAzEDMQMxAzEDMQMxAzEDMMIowijCMQMxAzEDMQMxAzEDMQMxAzED
MQMxAzEDMQMxAzEDMQIxAzEDMQMxAzEDMQMxAjECMQIpAijDKMIowijDKMMowyDD
IMIgwijCIMIggiDCIMIgwiDCIMIgwhiCIIIgwiDCIIIYghiCGIIYgRiBGEEYgRiB
GIEYgRiBGEEQQRBBEEEQQRBBEEEQQRBBEEEIAQgBCAEIAQgBCAEAAQgBCAEIAQgB
IIIggijCKMIowijDKMMowyjDKMMowijCKMIowzDDKMMowyjDKMMowyjCKMMpAykD
MQMxAzEDKQMpAykCMQMxAzEDMQMxAzEDKQMpAzEDMQMxAzEDMQMxAzEDMQMxAzED
MQMwwzEDMQMxAzECMQMxAyjDMQMxAzEDMQMxAyjDMQMxAzEDMQMxAzEDMQIowijC
KMIowyjDKMIowyjCKMIowijDKMMgwiDCIMIgwiDCIMIgwiDCIMIgwiDCIMIgwiCC
GIIYghiCGIIYgRiBGIEYgRiBGEEQQRBBEEEQQRBBEEEQQBBBEEEQQQhBCAEIAQgB
CAEIAQgBCAEIAQgBCAEIASCDIMIgwyjCKMMowyjDKMMowyjDKMMowyjDKMMowyjD
KMMowyjDKMMowyjDMMMxAzEDMQMxAzEDMQMxAzEDMQMxAzEDMQMxAzEDMQMxAzED
MQMxAzECMQMxAzEDMQMxAzDDMQQxAzEDMQMxAzEDMQMxAzEDMQMxAykDMQMpAykD
KQMpAyjCKQMpAykCKMIowijCKMIowiDCKMIowyjDKMIowyjDKMMowyDCIMIgwiDC
IMIgwiDCIIIggiCCGIIYghiCGIIYgiCCGIIYQRiBGEEQQRBBEEEQQBBBEEEQQRBB
EEEQQRBBEEEQQRBBCAEIAQgBCAEIAQgBCAEAAQgBCAEgwiDCIMIgwiDCIMMgwyDD
KMMowyjDKMMowyjDKMMowyjDKMMowykDKQMpAykDKQMxAykDMQMpAzEDMQMxAzED
MQMxAzEDMQMxAzECMQIxAjEDOQMxAzEDMQMxAzFDKQMxAzEDMQMxAzEDMQMxAzEE
MQMxAzEDMQMxAzEDKQMpAykDKQMpAzEDMQMxAyjCKMIowijCKMMowijCKMIowijC
IIIgwiDCIMIYwiDCIMIgwiDCIMIggiDCGIIYghiCGIIYghiBEEEYQRiBGIEYgRiB
GIEQQRBBEEEQQRBBEEEQQRABEEEQQRBBCEEIQQhBCAEIAQgBCAEIAQgBCAEIAQgB
KMIowijCKMIowijCIMIowijCKMMowyjDKMMowyjDKMMowyjCKMIowijCKMMowykD
KQMpAykDKQMpAykDMQMxAzEDMQMxAzEDMQMxAjEDMQIxAzEDMQMxAzEDMQMxAzED
MQMxAzEDMQMxAzEDMQMxAzEDMQMxAzEDMQMxAzEDMQMxAzEDMQMxAyjDKQIowijC
KMIowijCKMIowyjCIMIgwiDCIMIgwiDCIMIgwiDCIMIggiCCIIIYghiCGIIYghiC
GIIQgRiBGIEYgRiBGIEQgRCBEEEQQRBBEEAQQRBBEEEQQRABEEEIQQhBCEEIQQgB
CAEIAQgBCAEAAQgBCAEIASDCIMIgwiDCIMIowijCKMIowijCKMMowyjDKMMowyjD
KMMowyjDKMMowyjDKMMowyjDKMMowyjCKMIowijCKQMpAykDKQMpAyjDKQMpAykD
MQMxAzEDMQMxAykDKQMpAzEDMQMxAzECMQMxAzEDMQMxAzEDMQMxAzEDMQMpAykD
KQMpAyjCKMIowijCIMIowijCKMIowijCKIIgwiDCIMIYwiDCIMIgwiDCIMIgwiDC
IMIgwiDBGIIYghiCGIIYghiCGIIYQhiBGIEYgRiBGEEYQRhBEEEQQRBBEEEQQRBB
EAEQARBBCEEIQQgBCAEIAQgBCAEIAQgBCAEIAQgBCAEgwiDCIMIowiDCIMIgwiDC
IMIowijCKMIpAijCKMMowijDKMMowyjDKMMowyjDKMMowyjDKMMowyjDKMIpAykD
KQMpAykDKQMpAikDMQMxAzEDMQMxAzEDKQMpAykDKQMpAykDKQMpAyjDKMMowykD
KQMpAykDKQMowyjDKMMowyjCKMIgwijCKMIowijCKMIowiDDIMIgwiDCIMIgwiDC
IMIgwhjCIMIgwiDCIMIgwiDCIIIYgiCCGIIYghiCGEIYghiCGIIYgRiBGIEYgRhB
GEAYQRBBEEEQARBBEEEQQRBBEEEIQQhBCEEIAQgBCAEIAQgBCAEIAQgBCAEIAQgB
IIIgwijCKMIgwiDCIMIgwijCKMIowijDKMMowyDDKMMowyjDKMMowyjDKMMowyjD
KMMowyjDKMMowykDKQQowyjDKMMowzDDKMMowyjDKMMowyjDKMMowyjDKMMwwyjD
KMMowyjDKMMowyjDKMMowyjDKMMowyjDKMMowyjDKMMowyjDKMIowijCKMIowijC
KMIowijCKMIowijCIMIgwiDCIMIggiCCIIIggiCCIIIggiCCIIIgghiCGIIYghhC
GIEYgRiBGIEYQRhBGEEYQRBBEEEQQRBBEAEQQRBBEEEQQQhBCEEIQQhBCEEIAQgB
CAEIAQgBCAEIAQgBCAEIASDCIMIgwSDCIMIgwiDCIMIgwiDCIMIowijCKMMowijC
KMIgwiDCIMMgwyjDKMMowyjDKMMowyjDKMMowyjDKMMowijCKMIowyjDKMIowyjD
KMMowyjDKMMowzDDKMMgwyjDKMMowykDKQMpAykDKQQowyjDKMIpAikCKMIowyjD
KMMowyjDKMIowijCKMIowiDCIMIgwiDCIMIgwiDCIMIgwiDCIMIgwiDCIMEggiCC
IIIggiCCGIIggiCCGEIYQRiBGIEYgRiBGIEYQRBBEEEQQRBBEEEQQRBBEEEQARBB
EEEQQQhBCEEIQQgBCAEIAQgBCAEIAQABCAEIAQgBCAEgwiDCIMIgwiDCIMIgwijC
IMIgwiDCIMIgwiDCIMMowyjCKMIowijCIMIgwiDCIMIgwijDKMMogijCKMMowyjD
KMMowyDCKMMowyjCKMIowijCKMIowzDDKMMowyjCKMIowijCKMIowzDDKMMowyjD
KMMowijCKMIowijCKMIowijDKMMowyjDKMIowyjCKMIggiDCIMIgwiDCIMIgwiDC
GMIgwhjCIIIggiCCGIIgghiCGIIYghiCGIIYghiCGIIYgRiBGIEYQRhBGEEQQRBB
EEEQQRBBEEEQQRBBEEAQQQhBCEEIQQhBCEEIAQgBCAEIAQgBCAEAAQgBCAEIAQgB
IIIggiCCIIIggiCCIIIgwhjCIMIggiDCIMIgwiDCIMIgwiDCIMMgwyDDIMMgwyDD
KMMowyDDIMIowijCKMIowijCIMIgwijCKMIowyjDKMMowyjDKMMowyjDKMMowijD
KMMowyjDKMMwwykDKQMpAykDKQMowyjDKMMowyjDKMMowyjDKMMowyjCKMIowijC
KMIgwiDCIMIgwiDCIMIYwiDCIMIgwiDCIIIgghiCGIIYghiCGIIYghiCGIIYghiB
GIEYgRiBGIEYgRiBEIEQQRBBEEEQQRBBEEEIQRBBEEEQQQhBCEEIQQgBCAEIAQgB
AAEIAQgBCAEIAQgBCAEIASCCIMIgwiDCIMIgwiDCIMIgwiDCIMIgwiDCGMIgwiDC
IMIgwiDCIMMgwyDCIMIgwiDCIMIgwiDCIMIowijDKMMowiDCIMIgwiDCKMMowyjD
IMMowyjDIMMowyjDKMMowyjDKMMowijDKMMowyjDKMMowyjDKMMowijDKMMowijC
KMIowikCKMIowijCIMIgwiDCIMIgwiDCIMIgwhjCIMIYwhiCGIIYghiCIIIggiCC
IIIYghiCGIIYghiCGIEYgRiBGIEYQRiBEEEQQRBBEEEIQRBBEEAQQRBBEEEQQRBB
EEEIQQhBCEEIAQgBCAEIAQgBCAEIAQgBCAEIAQgBCAE=
END m9
frame    26 :  a closed book +0.39  an opened book +0.14   led  20/111 h0.31 lvl+0.26   -
frame    27 :  a closed book +0.15  an opened book -0.02   led   3/190 h0.12 lvl+0.07   -

snapshot  : frame 28, mean RGB 110 108 108
BEGIN m9 128 128 32768 012679dd
UolKSDmGMYZKCEpJQgg5x0pJUopKiUIIQgdSiVrKWspSSFKJa0xrjWtNa017z4QQ
hBCMUYxRjFGMUZSSlJKc05TTlNOc050TnROdE50TnROdE50TnROdFJ1UpVSlFKUU
nRSlFKUUnRSdFKVUpVSlVKUUpRSdFJ0UnRSdVZ0UnRSdFKVVnRSdFJ0UnRSdFJzT
lNOc05zUlNOU05TTlRSU05STjJOU05TTlNOU04ySjJKMkYySjJGEkYSRhJGEkYSR
fJF8UHxQhFF8UHQPdBB8UHQPa85jjmvPa89jjltNY01jjltNUwxTDFuNW0xbTErL
SspLC0sLSspKijoIQklCSVKKSkkxhjmGSghSSEpIOcdKSVKKUklKSEHHUklaymLK
UklSimNMc41rTWtNe8+EEIQRjFGMUYxRjFGUkpySnNOc05zTnNOlE50UnROdE50T
nROdE50TnRSlVKVVpRSdFJ0UpRSlFKUUnNSlFaVVpVWlFZ0UpRSlFKUUpRSlFJzU
nRSdFZ0UnRSdFKUUnRSc05TTlNOdFJzTlNOU050UnNOU0pSSlNOU05TTjNKMkoyR
hJGMkoySjFKEUoRSjFKEUoRRfBF8UIRRfBB8D3PPfBBzz2vPa85rz2vPY85bTVtN
Y45jTVsMUwxbTVNMUwxKykrKUspKykqKQok6B0JIQkhSikpJMYYxhkpIUklKSTnH
SkhSikpJSkhCB1KJWspaylKJUolrTXONa01rTXvOhBCEUIRRjFGMUYxRlJKU0pzT
nNOc05zTnROdFJ0UnRSdE50TnROdFJ0UpVWlVaUUpRSlFKUUpRSlFKUUpRWlVaVV
pRWlFKUUpRSlFKUUpRSdFJ0UpVWlFJ0UnROlFKUUnRSU05TTnRSdE5TTlNOVFJTT
lJOUk5TTlNOU05TTjJKMkoRRjJKMkoyRhFGEUYRShJKEUXxQfBB8UXxRdBB0EHQR
a9Brz2OPa89rz2OOW01bTWONW01TDFLLW01TTFMLSopKikqKSopKikJKMcc6B0II
UolKSTnGMYVKCEpJSkg6B0JIUolSiUpIQgdSiVrKWwpSiVKJa0xzjXONa017zoQP
jFCMUYxRjFGMUZSSlJKc05zTnNOc06UTpRSdFJ0UnROdFJ0UnRSlFKVVpVWlFKUU
pRStFKUUpRSlFKUUpRWlVaUVpRSlFKUUpRSlFKUUpRSdE6UVpRSdFJ0UnRSlFJzU
nNOc050UnRSU05TTnRSdE5STlJOU05TTlNOU04ySjJKEkoySjJKMkoRRhFKEUoRS
hFF8EHwQfFB8UHQPc890EHPPa45jjmuPa89jjltNW01bjltNUwxKy1sNUwxSzEqK
QolKikqKSopCSTHHOgg6CFKJUok5xjGGQghSSUpIQcZKSFKJUolKSEIHSkhay2LL
UolSimtMc41zjWtNe8+EEIQQjFCMUYxRjFGUkpSSnNOc050TnNOlFKUUnRSdFJ0T
nRSdFJ0UpRSlVaVVpRSlFKUUpRSlFZ0UpRSlFKVVpVWlVZ1UpVSlFKUUpRWlFKUU
nRSlVZ0UpRSc1KUUpRSlFJzUnNOlFJzUnNOUkp0UnNOU05TSlNOdE5TTlNOMkoyS
jJKMkoySjJKEUYRShFKEUoRRfBB8EHxQfFB0D3PPdBB0EGuPa45rj2vOa45bDFtM
Y41bTFMLSspbDFsLUstCikJJQklKSUpJSggxxznHQcdSikqKOccxhkpISklKSTnH
SkhSylKJSkhCB0qJWspbC1KJUoprTXOOc45rTXvPhBCMEYxRjFGMUYxRlJKU0pzT
nNOc05zTpROlFJ0UnRSdFJ0UnRSlFKVUrVWtVaVUpRSlFKUUpVSlFKUUpRSlVa1V
rVWlVK1UpRSlFKUVpRWlFKUUrVWlFaUUpRSlFaUVnRSdE5zUpRSc1JzTlNOc05zT
lNOU0pTSlNOU05TTjJKMkYySjJKMkoyShFGMkoSRhJGEUXxQdBB8UXxRdBBzz3QQ
c89rjmOOa85rzmOOW01bTWNOW01Sy0rKWwxbC1MLQolCiUJJQolCSUJJMcY5xznH
UolSiUHGOYVKB1JJUklBx0pIWolSiVJIQgdKSVrLYstSiVKKa01zjXOOa017z4QQ
hFGEUYyRjJGMkpSSnNKc05zTnNOc06UTpRSlFJ0UnRSlFKUUpRSlFK1VrVWtVaVV
pVWlVa1VpVSlFKUUrVWtVq1VpVSlVKVUpVSlVaVUpRSlFK1UpRWlFKUUpRWlVaUV
nRSdFJ0UnRSc05zTnRSdFJTTlNKU05TTlNOU04ySjJGMkYySjJKMkoRRjJKMkoyS
hFF8UHQQfFF8UXQPa890EGwQa89jjmuOa85jjlMMW0xjTVtMUwtKylsMWwxSy0JJ
QklCSUpJQklCSDGGMcc5x1JJUklBxjGFQgdSSVJJQcdKCFqKWopKiUIISkhii2ML
WolSiWtMa01zjWtNe8+EEIxRjFGMUYySjJGUkpSSnNOc05zTnNOlFKUUpRSlFKUU
pRSlFKUUpRStFK1VrVWtVaVVrVWtVa1VpRStVa1WrVWtVaVUrVWtVaVVrVWlVaVU
pRStVaUUpRSlFKVVpVWlVZ0UnRSlFKUUnNOc050TnRSU05TTlNOU05TTlNOUkoyS
jJKMkoySjJKEUYRShJGEkYRRfBB8EHxRfFF0EGvPdBBsEGvPY45jjmOOY45TDFsM
Y01bTFMLSspbTFsMUsxCSkJKQklCSTpJOggphjHGOcdKSUpIQcc5hkoIUklSSUHH
SghailqKUklKCFJIWspjC1rJUolrTXONc41rjXvOhBCEEIxQlJGMkYyRjJKU0p0T
nNOc05zTnRSlFKUUpRSlFKUUpRSlFK0UrVWtVa1VrVWtVa1VrVWtVa1VrVW1lq1V
rVWtVK1VrVWtVa2WrVWtVaUUrVWtVaVUpRSlVaVVpVWdFJ0UpRSlFJ0TnNOlFJ0U
lNOU05TTlNOU05TTlJKMkoxSjJKMkoRShFGEUoSShJKEUnxQfBCEUXxRdBBrz3QQ
dA9rzmONY41rjmOOWwxTDGNNW01Sy0rLW0xbDFMLQklCSUJJQklCSUJIMYY5hjnH
SghCCEIHOcZKCFJJUklBx0oIUopSiVJJSkhSSWLLYstaylKJa0xzjXONa017z4QQ
jFGMUYySjJKMkpSSnNOdE5zTnNOc06UUpRSdFKUUpRSlFKUUpRSlVK1VrVWtVa1V
rVWtVa1VrVWtVa1VrVWtVa1VrVWtVa1VrVWtVa1VrVWtVa1VrVWtFKUUrVWtVa1U
pRSlFKVVpVSdFJ0UnRSdFJzTlNOc05zTnNOc0pSRlJGMkoySjJKEkoRRhFKMkoyS
hFJ8EXQQfFF8UXQQa850D2wPa85jjWuOa49jjlMMUwxbTVtNUstKylsMWwxSy0pK
QklCSUJJQklCSDGGMYcxx0HHQgdCBzmGQghSSVJJSghKSFrKUolSiUpIUklay2MM
WopSiWtMc41zjWtNe8+EEIwQjFGMUYxRlJKUkpzTnNSc05zTnNOdFKUUpRSlE6UU
rRSlVKVUpVWtla2WrZatVbVVrVW1Va1VrVWtVa2WrZatlq2WrZatlq2WrZatlq2W
pVWtlq1WrVWtVa1VrVWtVa1VpRWlVqVVpVWlVaVVpVWlFZ0VnRSUk5SSlJKUkoxR
lNOMkoySjJKEUYSShJKEkoSRfFB8D3xQfFB0EGvOdBB0D2vOW41rjmuOa45bDFMM
W01bTUrLSspbTFMLSstCSTpIQkhCSUJJOggphjGGOcdByEHIQgc5hUIIUolSiUIH
QghaylqKUopKSUpJWstjDFLKUolrTXOOc45rTnvPhBCEEIxRjFGMkYySlJKc06UU
nROdE5zTnRSlFJ0UnROlVa1VrZWtlq2WrZatl62WrZatlq2WrZe1l7WXtZe1l7WX
tZe1l62XrZetlq2WrZatlq2WrZatlq2WrZatlq2WrVWtVq1WpValVqVWpVWlVZ1V
pVWlVaVVlNKU0p0TnRWdFJTUjJKMkoxShFGEUYySjJKEkXxQfBB8UXxQdA9jznQP
dA9rz2ONa45rjmONU0xTDFtNW0xKy0rKWwtTDFMLQkk6CEJIQkhCCDoIKYYxhjnH
QcdCCEIHOcZCB1KJUolCB0IHUslSyVKJSkhKSFsLYwtaylKJa0xzjXOOa017z4QQ
hBCMUYxRjJGUkZSSnNOlE5zTnNOc06UUpRSlFJzTpVWtlq2WtZa1lq2WrZatlq2X
rZa1lrWWtda1lrWXtZe1l7WXtZe1l62XrZatlq2WrZatlq2WrZatlq2WrZallq2W
rVatVq1WrVatVqUSlJCUkKUVpVWlFZSNjEyUjqURlFFrTYxRjJKMkoRRjJKMkoyS
hFF8EHwPfFB8UHwPa850D3PPa45jTWuOa41rjlsMWwxjTVsMUstKilsMUwxKy0JJ
OghCCEIIQghCCCmGKYY5x0HHSgdKBznGQgdSiVKJSghKB1qKWopSiUpISkhbC2ML
WspSiWtMc41zjWtNe86EEIQQjFGMUYxRlJKUkpzTpRSlFKUUnROlFKUUpRSc061V
tZa1lq2WrZatlq2WrZa1lrWWtda1lrWWtZa1lrWWtZa1lrWXtZa1lq2WrVatlq2W
rZatlq2WrZatlq2WrZatlq1WrVatVa1WrValEYyPjI+lFKUUpRSMjYxNpI61EIwO
QceMEIyRjJGEUYRRjJKEkYSRfFB8D3xQfFB0D2vOdA90D2uOY01rjmOOY45TDFLM
W01bTUrLSopbDFsLUstCSToIOkg6CDoIOgcphSmGMcdBh0oISgg5x0IHUolSiUoI
QgdailqKUopKSEpIWwpjC1rKUohrTHONc45rTXvPhBCEEIxRjFGUkpSRnNKc06UU
pRSlFJzTpRSlFKUUnNOtVbWWtZa1lq2WrZatlq2WrZatlrWWtZa1lq2WrZatlrWX
tZe1l7WXrZetV62XrZatlq2WrZatlq2WrZatlqWWrZatVa1WrVatVqVWpRSMUYxR
nROlE6UTnNOUkpzTpNOLz0nIg4+EUYyRhFGEkYSShJKEUXxQfA98UHwQfA9rjnQP
c89rzmNNa45rjmOOWwxTC2NNW0xTC0rKWwxbDErLQkk6SDpIOkg6CDoHKUUxhjGH
OYdKCEoIQcdCB1KJUolKR0pHWspaylqKSklKSWMMYwxiy1KKa01zjnOOc417zoRP
hFCMUYxRlJKUkpTSnNOlFKUUnRSdE6UUpRSc05SSrVW1lrWWrVWckJyQnE+cUJwP
pJCUUMWVpJGkkqSSrVW1lrWWtZe1l7WXtZe1lrWWtZatlq2WrZatlq2WrZatlq2W
rVatVq1WrVWtVqUVnRSdFaUVpRalFaUVnRWdFZ0VlJR8EIQQhFGMkoxRjFGMkYyR
hJF8UHQPfFB8UHQPa850D3PPa89jjWOOY45jjlMMUwtbTVtMUwtKilsMUwxKy0JJ
OghCCEIIQgg6BymFKYYxx0HHSghKCEHHQcdSiVqJSkhKR1qKWspailJJSkhiy2sM
YstSinNNe457jnONe8+EEIxRjFGMUpSSlJKc0pzTnNOc06UUpRSlFKUUnNOUkq1W
rZa1lpSSxVakUZvPpBCbjqxQm8/FlpxQlJK1lrXXtZe1l7WXtZe1lrWXtZa1VrWW
tZatlq2WrZatlq2WrZalVq1WrVatVq1VrRatVqVWpValVZ1VpRWlFaUVnRSdFZ0V
nRWEUYRQjJGEUYxRjJGMkYyRhFB8D3xQfFB8EGvOdA9zz2vPY01jjmOOY45TDFML
W0xTTEsLSopTDFMLSspCSToIOglCCDoIOcgphTGGMcdBx0oISghBxkHGUolSiUpI
QghaylrKWolSSFJIYstrDGLLWoprTXOOe85zjnvPhBCEEIxRjFGUkpSSlJKc05zU
nRSdFJ0UpRSlFJzTlNOtla2WrZalFJSSpRSk1KTUlJKk06STpNOckpzTtZW1l7WX
tZe1l7WXtZe1l7WXtZe1l7WWtZatlq2WrZatlq2WrZatlq1VrVatVq1WpVWlVaUV
pVWlVaVVpVWdFZ0VnRWUkpSTjFGEUIyRhFGEUYyRjJKEUYRQdA98UHxQdA9rznQP
dA9zz1tNY45jjmNOWwxTC2NMW0xSykqKWwxTC0rKQkg6CDoIOghCCDnIKUUphjHH
QcdKCEoIQcdBx1KJUopSSUoIWopiylqKUolSSWMLa0tjC1rJa0xzjXvOc417z4QQ
jFGMUpSSlJKUkpTSnNOlFKUUpRSlFKUUpRSc05zSrVatlrWWrVWk0qSSrNOk060V
rVWlFaTTpNSs1K0UtZa1l7WXtZe1l7WXtZe1l7WXtZe1l7WXrZatlq2WrZatlq2W
rVatVq1WrValVqVWpValVaVVpVWlVaUVpRWdFJ0VYcdRRYLKhBCEUYRRjJKMkoyS
hFGEUHQPfFB8EHQQa45z0HPPa85bTWOOY45jjlMMUwxbTFtMSwtCylMMUwxKyzpJ
Ogg6CDoIOgg5yCFFKYUxhkHHSghKCEHHQgdSiVrKUolKSFrKWwpaylKJSoljC2ML
YwtSimtNc457z3OOe8+EEIxRjFGUkpSSlJKc0pzTnRSlFKUUnRSlFKUUnNOc062W
rZa1lq1WrRWtVa1WrVW1lrWWtVatVrWWrZa1lrXXtZe1l7WXtZe1l7WXtZe1l7WW
tZa1lq2WrZatlq2WrZatlq2WrVatVq1WrVatVq1WpVWlVaVVnVWlFaUVpRWlFWIH
UYaDC3wQfA+EUYyRjJGMkYRRfFB8D3xQfBB0EGuOc89zz3PPW01jjmOOY45TDFLL
W01bDErLSopTC1MLSspCSDoHOgg6CDoIOgchRSmGMYdBx0oISkhCB0IHUopaylKJ
SkhaylsKWspSiUqJYwxrTGNMWstrTXPOe85zjnvPhBCMUYxRjFGUkpSSlJKc05zT
nRSdFJ0UpRSlFJzTnNOtlrWWtZe1l7WXtZe1l7WXtZe1l7WXtZe1l7WXtZe1l7WX
tZe1l7WXtZe1l7WXtZe1l7WXtZetl62XrZetlq2WrZatVq1WrVatVq1WrVatVaUU
pROlVJ0TlROVFJ0VnRRrDVqLc01jTWuNhFCMkYyRjJGEUYRQdA98UHxQfA9rjnPP
c89rz1tNY45jjmONUwxTC1tMW01TC0qKUwtKy0rLOkk6CDoIOgg6CDnIKUUxRTGG
QgdKSUpJQkhCCFLKWspaykpJWstjDFrLWspSiWNLa0xjTGMLa417z3wPc86ED4RQ
jFGMUZSRlJKUkpySnNOc06UTpRSlFKUUpRSc05zTtZa1l7WWtZa1lrWWtZa1l72X
tZe1l7WXrZe1l7WXtZe1l7WXtZe1l7WXtZe1l7WXtZe1l7VXtZe1lrWWtZatlq2W
rZatlq1VrVatVq1WpM+UTZyNpY10S2PJdIydFZUUlNSU1HxRW01bjXxQhJGEkYSR
hFGEUHQPfBB8EHQPa41zz3PPc85bTGONY41jjVsLSstbTFsMUstKilLLUstKijoJ
Ocg6CDoIOggxyClFKUUxhkIIUklSSUpJSghaylsKWspSiWMLYwtjC2LKWsprTGtN
a01jDHOOe897z3vPhBCMUYyRjJKUkpSSlJKUkpzTnNOlFKUUpRSlFKUUnNOU062W
tZe1l7WXtZe1l7WXtZe1l7WXtZe1l7WXtZe1l7WXtZe1l7WXtZe1l7WXtZe1l7WX
tZe1l7WWtZatlq2WrZatlq2WrZatlqVWrVatVqUQlI6UjKWMbAlbSGyLjZR0UGvP
bJJkklNNW018EIRRhFGEUYRRhBB7z3wQfBB0D2OOc89zz2uOW01jjWONY41TDErL
WwxbTFLLSopSy1LLSopCCDnIOgg6CDoIOgchRSlGMYZKSVKJUspSiVKJWstjC2ML
WopjDGtMa0xjDFrLa01rjXONa0xzjnvPhA97z4QQjFCMkZSRlJKUkpSSlJKc05zT
pRSlFKUUpRSlFJzTlNOtlrWXtZe1l7WWtVa1lrWXtZetlq2WtZe1lrWWpRStlrWX
tZa1lq2WrVWdFLWWtZa1l7WWtZa1l7WXrZatl62XrZetlq1WrVatVq1WrVWk0pSQ
nM6dj3xMa8t8zo1UbFFbzmSRXNJLTFsMdBCEUYSRjFGMUYQRe898EHwQfBBrjnPP
c89zz1tNY41jjmONWwtSyltMY0xSy0qKUsxSy0qKOkg6BzoHOgc6BznHKUUpRTGG
SkpailrKWspSiWMLY0xjDFrLYw1rTWtNYw1jDGtOc45zjmtNc46EEIQQhBCEEIxR
jFGUkpSSlJKUkpTSnNOc06UUpRSlFKUUnROc05zTrZa1lrWWtZaMEFrKnNK11rWW
lJJzjrWWtZalFEoJhBCtFK0TYspaiUHGYsq1l7WXtZe1l7WXtZe1l62XrZatlq2W
rZatVq1WpVWtVq1WrValFJzTnRGlUpTQlJCc0XRRY89sUWzSS0xKy3PPhFGMUYxR
hFF8UHQPfBB8EHwPa45zz3PPc85jTGONY41jTVMLSspbTFtMSspCiVMLUwpKijoI
Occ5xzoHOgcxxyFEKUUxhlKKWstjC2MLWspjDGtNa01jDGtNa05zjmtNYwxzjnvO
e85zjXvPhBCEUYQQhFGMUZSSlJKUkpzSnNOc05zTpRSlFKUUpRSlFJzTnNOc07WV
tZe1l7WXlJJCCJSTnNO1llrLnRS1l7WXfBA5x5ySUoqdFJzTa02EEIQQtZa1l7WX
tZe1l7WXtZe1l7WXtZatlq2WrZatlqVVrVatVq0WpM+UjpyMtUyczIxLlIyVE5TU
jNOE02OOW010D4RRhJGEUYRRfBBzz3wQfBB0D2uNc850D3POW0xjTWONY01TC0rK
UwxbDFLLQopSy1LLSoo6CDHHOcc5xznHOcchRClGMYZaymLLYwtjDFrLY0xrTWtN
YwxrTXOOc45rTWtNc457z3vPc457z4QQjFGMUYxRjFGUkpSSnNKc05zTnNOlFKUU
pRSlFJ0UnNOc05zTnNO1lrWXtZatVWtMMYVaynvOtZUxhkpJtZa1lpSSc45zjpzT
tZa110pKrZalFbWXtZe1l7WXtZe1l7WXtZe1lrWWtZatlq2WrVatVq1WrVWtVaTR
nE+UjZyInMqUTJSMrRCkjznHUoprTWuOe8+EEIxRjFGEUXwQc898EHwQc89rjnPO
c89zzltMY01jjWNNUwtKyltMWwxSy0pJUstSy0qKOggxxznHOcc5xznHKUQpRTGG
YwtjDGtNa01jDWtNc41zjmtNc41zjnPPc85zjnvPhA+EEHvPhBCMUYxRjFGMUYxR
lJKUkpzTnNOc05zTnNOlE6UUpRSlFJzTnNOc05zTtZa1l7WWc486CIwROchSinwP
e89KSa1VlFFrDGtLQcd7z7WWvddKSpzUtZa1l7WXtZe1l7WXtZe1l7WXtZetlq2W
rZatlq2WpVatVKUTpROlE5RPnI2cS4xLjAyMTaUQg8tBhUGGa0xrTXPPhBCEUYRR
hFGEUXPPfA98EHPQa45zznPPa85bTGNMY01jjVsLSspbC1sMSstCSkrLSstCijoI
Mcc5xznHOcc5xiFFKUUxhmMMa01zjnOOc41zjXvOe85zjnvPe897z3vPe897z4QQ
jFGEEIQQjFGMUYxRlJKUkpSSlJOc05zUnNOc05zTnNSlFKUUpRSc05zTnNOc062W
tZa1loRRWwyMkmNNrVVay7WWUklSSpyTrVVjDFqLYwytlrXXnNNSi62WtZe1l7WX
tZe1l7WXtZe1l7WWtZa1lrWWrZatVq1WpROk0qTTpRSlFKUUnRN7znvOe8+c04OO
QYY5hmMMa45z0HxQhFGEUYRRhBBzz3wPfBB7z2uOc85zz3POW0xbTGONY01TC0rK
WwxbDFLLQklSy0qKQok6CDHHMcgxxznHOccpBSlFMYZrTWtNc45zjnOOc457z3vP
e897z3vPhBCEEIQQhBCEEIQQhBCMUYxRjFGUkpSSnNOUkpzSnNOc05zTnNOc06UU
pRSlFJzTnNOc05SSnNO1lrXWtde117WXpVWtl7XXrZa1mK1WrZa12LXYrZetVrWX
tZe1l7XXrZe1l72XtZe1l7WXtZa1lrWWtZa1VrWWtZa1l62WrVatVqUUpNOk061T
rVOcjZSNlEyMDovOnFCDjUGFQYRiyXvPfBCEUIRRhFGEUYQQc898EHwQc9BrjmvP
c89rzltMY0xjTWNNUstKylsLWwxSy0JJSstKy0KKOkgxxzHHMcc5xznHIUUpRTGG
c45zjnvPe897z3vPe8+EEHvPhBCEEIxQjFGEEIRRjFGMUYxRjFGUkpSSlJKUkpSS
lJKc050TnROlE5zTnNOlFKUUpRSc05zTnNOc05zTtZe1lrWXtde1l7WXtZe1l7WX
tZe1l7WXtZe1l7WYtZe9l7WXvZe9l7WXtZe1l7WWtZa1lrWWtZa1lrWWtZa1lrWW
rZWtVK1UrVWtVaUVpRStVa1VjI6MjZxNlA+UD5QPi85JxUFEasl8D4RQhFGEUYRR
hBF8EHPPdBB8EHPPY41rznPPa45bDGNNY01jTVMLSspbC1sMUspCiUrLSspCiToI
MccxxzoHOcc5hyEFKUUxhnvPe897z4QQe9CEEIQQjFGMUYQQhFCMUYxRjFGMUYxR
lJKMkYySlJKUkpSSlJKc05zTnNOc06UUpRSc06UUpRSlFKUUpRSc05zTnNOc07WW
tZa1lrWWtZa1lrWWtZa1lr2WjFG1lbWWjFG917XXtde117XXtde1l7WXtZdrTqUT
rVSUkYxQpRO1VrWXtZe1lq1VpRSlFK1VrVatVq1WrVatVZSOlI6cz6UUnNOUUYvP
WkhBhWKJe8+EEYRRhFGEUYRRhFFzz3QQfBB8EGuOa85zzmvOW0xjTGNNY01Sy0qK
UwxbDFLLQklKikqKQkk6BzHHMcc5xzHHMYchBSkFMUaEEIQQjFGMUYQRhBGEEYxR
hFGMUYxRjJGUkoyRlJKUkpSSlJKUkpSSlJKU05zTnNOc05zTpNOlFKUUpRSlFKUU
rVWlFJzTnNOc05zTnNO1lrWWtZaUklqJUkhSB0nGcsu9VFqLg9Cc1HvQtZe1l5zU
tZe1l7WXtZe1l3vPOcetVZzTSklSSpyTtZe1l7WXtZatVaUUpRStVa1WrVatVq1V
rVWlFKUUpVSlFaUUpNSUEHMMYopzC3PPhBCEUIRRhFGEUXxRc89zz3wPc89jjWvO
a85rzlsMW01bjVtNWwtKilMMWwtKykKJSspKikJJOggxxzHHOcc5xznHIUQpRTGG
jFGEEIxRjFGMUYxRjFGUkpSSjJKMkpSSlJKUkpSSlJKc05TSlNKU05zTnNOc05zT
nNOc06UUpRSlFKUUpRSlFKUUpRSc05zSnNKc05zTtZa1l7WXpVaUlHOQc5BSinNN
e8+MULWVvZZ7j7WWtZVCBpzSe861lrWVe84hA6UUtZac1EIJUoqMUaTTrVW1lrWW
tZalFKUUrRStFJzTnNOlFK1VrVSlEpzSnNGlEZTQlA6LjIuMe41zz4QQhFCEUYRR
hFF8UHPPc898EHwPa41rjmvPa85TDFtNY01jTVMMSopbC1sMUspCiUqKSotCSToH
McYxxjHHMccxxyFEIUUpRoxRjFCMUZSSlJKMUYxRlJKUkpSSlJKc05zTnNOc05TS
nNOc05ySnNOc05zTnNOc05zTnNOlFKUUpRSc06UUpRStVaUUnNOUkpzTnNOlFLWW
tZe1l7WXtZdrT1rLQgi9lZzSYwy1loxROce1VWLMKMRSCEoItVVaSlJJKUW117WW
lJNKSlKKjFA5x61UtZa1lrWWrVatVq1WpRSMkZSQpROtVK1UnIyUS5zLrU2Ui5PO
i4yLjYNNe8+EEIRRhFGEUYRRfFBzz3PPfBBz0GuOa85zzmvOWwxbTWNNY01Sy0KK
UstTC0rLQklKikqKQkk6CDHHMccxxzHHMcchBCkFMUaMkoxRjFGUkpSSlJKUkpTT
lNKUkpSSnNOc05zTnNOU050UnROU05zTnNOk05zTpRSc05zTpRSlFKUUnNOlFKUU
rVWlFJzTlJKc0pzTpRS1l7WXtZe1l7WXUouMUaTUvde1l7WXnNI5x6UTvZec1FLL
hBCUUrXXlNO11ymHtZa1lmMMc45iyzFFa061lrWWtZa1lrWWrZatVq1UlJCUkKUS
rVOtU6TNlEucjK0MnIyTzYuMi42DTHvPfBCEEYRRhFGEUXwQc89zz3wQc89rjWuO
a45rjlsMWwxjTWNNUwtCiVLLUwtKykJJSopKikpJOcgxhjHGMccxxzHHIQUhRSlG
lJKMUYxRlJKUkpSRjJKU05TTlJKUkpzTnNOc05zTnNOdE5zTnNOc05zTnNOc06UU
nNOc06UUpRSlFKUUpRSlFK1VpRSlFJSSnNKc0qUTtZa1lrWWtZac1DnHtZa9173X
tZZ7zznHlJK1l7XXtdd7z4xStZe9l72XvdcxhrWWrVVCSa1Wc45jDLWXtZe1lrWW
tZa1lrWWtVatVZzSnNKtVK1UrVSk0JyPnI+tEJyQlA6DjIONg01zjnwQhFGEUXxR
hFF8EHPOc898D3PPY41rjmuOa45TDFtMW01jTFMLSolTC1MLSspCSUqKSopKSTnI
MYYxhzmHMccxhyEEKQQpRYxRjFGMUZTSjJKMkoySlNOU05TSlJKc05zTnNOc0pTT
nNOc05zTnNOc06UUnNOlFJzTnNOlFKUUpRSc06UUpRStVaUUpROUkpTSnNKlFLWW
tde117WXUoqMUbWXvde915zTSkmlFLWWvde9173XnNOMUrXXvde9173XYsu1lr2X
rVa1l61XrZa1l7WXtZe1VrWWtZa1lq1WrVWtVa1VrVWtVaVVpVWlFaUUpRSk1JRS
i42LTYtNc458D4RQhFGEUYRRfBBzznPPfBB8D2ONa45zzmuOWwxbDFtNW01TC0KK
UwtTC0rKQklKikqKSkk6CDGHMYYxxjHGMcYhBCEEKUWUkoxSjJKU0pSSjJKUkpzT
nNOU05SSnNOc05zTlNKc05zTnNOc05zTnNOlFKUUpRSc05zTpRSlFKUUpRSlFKUU
rVWlFJzTlJKc0pzTpRS1l7WXtZe1l7WWtde117XXvde917WWvZe9173Xvde9173X
vde9173Xvde9172XtZe1l7WXtZa1l7WXtZe1l7WXrZe1lrWWtZa1Vq1Wi8+LzqSS
pVWlVaVVpRSUkZRQpNGkUJNNi02LTHOOe8+EEIQQhBGEUXwQc85zz3QQdA9jjmuO
a85rjlsMWwxjTVtNUwtCiVLLUstKikJJQolKiUKJOgcxhjGGMYYxhjGHGQQhBSlG
lJKMUYxRlJKUkpSSlJKc05zTlNOU0pzTnNSU05TTlNOc06UTnNOk05zTpRSc06UU
nNOc06UUpRSlFKUUpRSlFK1VpRSlFJSSlJKc0qUUvZa9lr3XtZe9l72XvZe9173X
vde9173Xvde9l72XvZe9l72XvZe9l72Yvde9l72XvZe1l7WXtZe1l7WXtZe1l62W
tZa1lrWWtZatVopHecWbCa1UpROlE6TTlE6MTqyQrE+TTYtMiwxzjXvPhBCEEIxQ
hFCEEHPPc890EHPPY45jjWvOY41bDFsMW01bTFMLQolSy1MLSspCSUqJSolCSTnH
MYYphjGGMcYxhiEEKQQpRpSSjJKMkZSSlJKMkoySlNOc05TTlJKc050TnNOc05TT
nNOlFJzTnNOc05zTnNOlFJzTpRSlFKUUpRSlFKUUpRStVaUUpRSUkpSSnNKlFLWW
tZa1l7WWrVWtlqVVtZatVa2VnRSlVKVVnNOtVZzTpVWUk61VlJO1lr3Xvde9l72X
tde1l7WXtZe1l7WXtZe1lrWWtZa1lrWWrRVqRmoGm82lEqTSpNGtEpSNjE2kjqyO
icaBhIHEa017z3wQhBCEEIQQhBBzz3PPdA90D2NNY41rzmuNWwxbDGMNWw1SzEKK
UstSy0qKQklCSUKKQkk6BzGHMYYxhzGGMYYhBCkEKUaUkYyRjJGU0ozSlJKMkpzT
nNOU05SSnNOc05zTnNOc05zTpRSc05zTnNOlFJzTpRSc05zTpRSlFKUUpRSlFKUU
rVWlFJzTlJKUkpzSpRS1lrWXtZec1HPPlNSEUaVVlNOtVoRRhFKU1IyTrZeU1K1W
c9CdVYSRpRS9173Xvde9173XvZe1l7WXtZe1l7WXtZetl62WtZa1Vq1VlBB7TaSR
rRKk0qTRpRGUT5SQnM+k0IlDgQKBAnNMc898EIQQhBCEEIQPc85zz3QQc89jTWuN
a45rjVsMWwxjTWNNUstCiVLLUstKikIIQklKikJJMccphimGMYYxhzGHIQQpBSlF
lJKMkYyRlJKUkpSSjJKU05TTlJKUkpzTnNOc05yTnNOc06UUnNOc05zTnNOc06UT
nNOc06UUpRSlFKUUnNOlFKUUpRSc05SSlJKc0qUUtZa1l7WXnVV0EKWWjJKlVYyS
pRWU050UlRSU0q2WnRS1l5TTrVadFKVVvde9172XvZe1l7WXtZe1l7WXtZe1V62W
tZa1lrWWtZatVq1WpRWlFaUUpNKk0YMKcoiTzKyPnA2JQ4ECgQJzjnPPfBB8UIRQ
hBB8D3POc858D3vPY01rjWuOa41bC1sLY0xbTFMLQolKy1MLSopCSEJJSolCSToH
KYYphjGGMYYxhiEEIQQpRZSSlJGMkZSSlJKMkoxSlNOU05SSlJKc05zTnNOckpzT
nNOc05zTnNOc05zTpRSlFKUUnNOlFKUUpRSlFJzTpRSlFKUUnNOUkZSSnNOlFLWW
tZa1l62WrZatlrWWrZa1lrWXtZe1l7WXrZatlq1WrZatlq2WrZatVrWXrVWtVq1V
rVatVa2WpRS1lrWXtZatlrWWtZa1lrWWpVaMUoRRlNOlFaUVpRWKR3mEkojEDruN
gYN5AonEc45zznwPfBCEEIQQe9BzznPOfA9zz2NNY01rjmNNWwxbDGNMW0xSy0JJ
UopSy0qKQkhCSUJJOkkxxymGMYYxhjHHMYYhBCEFKUWUkpSRlFGUkpSSlJKMkpTT
nNOU05SSnNOc05zTnNOc05zTnNOc05zTnNOk1J0UpRSlFKUUpRSlFKUUpRSc05zT
pRSlFJzTjFGUkpzTpRS1lrWXtZec03xQjNJ8D50UhJKdFKVVnRSM03xRjNNzz4yS
jJGc1KUVnNSlFaUVnNSc1JTThFKU1IyTrVa1l7WXtZe1l7WWtZatVqVWdBBz0IyT
pVWtVaUUckZqBZuLvI+sDYmEgUKBQ3uNe858D3wQhBCEEHwPc45zznQPc89jTWON
a45jjVMMUwxbTFtMUstKiUrKUstKijpIQklKSUIJOccphimGKYYxhjGGIQQhBClF
lJKMkoxRlJKUkoySjJKU05zTlJKUkpySnNOc05SSnNOc05zTnNOc05zTnNOlFKUU
pRSc06UUpRSlFKUUpRSlFKUUpRSk05SRlJKck6UUtZa1l7WXhJJjz4STa9CVFHwR
lNOM05UUhJJ0UYTTdBCEkoyTnRStlp0UpZalFK1WnRSdFJ0UnVWc1KVVtZa1lrWW
tZa1lrWWrValVXQQa9CE06UUnRSlE5zSg8+UU6TTnFKJhnkEeQN6yXOOe898EHwQ
fBB70HPOc890D3POY01jTWuOa01TC1MLW0xbDFLLQklKy1LLSoo6CEJJQkk6CDHH
KUUphjGGMYYxhiEEIUQpRZSSjJKMkZSSlJKMkoxRlJKc05SSlJKc05zTnNOUkpzT
nNOc05zTnNOc05zUpRSlFKUUnNOlFKUUpRSlFJzTnNOlFKUUnNOUUZSSnNOtVLWW
tZa1l50UjNSlVpzVrVatV7XXtZelVa2XpVatV61XrZa117WXtZe1l73XtZe1l7WX
tZe1l7WXtZe1l7WXtZetl7WXtZa1lrVWpVWMk4ySlNOcjpRNpM6lFKUUnNOUkpTR
gYV5RYnHekdzjnvPhA+EEHwQfA9zznPOc89rz2ONY01rjmONUwtTC1tMWwxSykJJ
UspSy0qKQkhCSUJJQggxxymGKYYphimGMYYhBCEEKUWUkpSSjFGUkpzTlJKUkpSS
nNOU05SSlNOc05zTnNOc05zTpRSc05zTnNOc05zTpRSlFJzTpRSlFKUUpRSc05zT
pRSlFJzTlFGUkpzTrVW1l72XvZe1l7WXtZe9l73Xvde9173Xvde92L3Xvde9173X
vde9173Xvde9173Xvde9172XvZe1l7WXtZe1l7WWtZa1lrWWtZatVq1WrVWtVq1V
pMuci5yLpVKlUoSPW4dbh1pEgoabS2pJc417z4PQhBB8EHwQc45zjnvPc45jTWNN
a45jTVLLUwxbDFsMUstCSUqKUstKijpJQklKSUIIOccpRimGKYYxhjGGIQQhBClF
lJKUkoxRlJKUkpSSjJGUkpzTlNKUkpSSnNOc05TSlNOc06UUnNOc05zTnNOc06UU
pRSc06UUpRSlFKUUnNOc06UUpRSc05RRlJGc0q0UtZa1l7WXtZe9173Xvde9173X
vde9173Xvde92L3Xvde9173Xvde92L3Xvde9173Xvde1l7WXtZe1l7WWtZa1lq2W
tZa1lrVVlNCMjpTPrZKtUqTPnE2UTqURnVFsTEtGS4ZKhILIrA5SynOOe898EHwQ
fBB8D3OOc457znPOY01jTWOOY01TC1MLWwtbDFKLQklSilLLSoo6CEJJQkk6CDHH
KYYphimGMYYxhiEEIQQpRZSSjFGMUZSSnJKUkpRRlJKU05TSjJKU05zTnNOc05zT
nNOlFJzTnNOc05zTpRSlFKUUnNOlFKUUpRSlFJzTnNOlFKUUpROUkZSSlJKlFLWW
tZa1lrWWvde9173Xvde9173Xvde9173Xvdi9173Xvde9173Xvdi9173Xvde9173X
vde1l7WXtZe1l7WWtZatlrWWtZatlnRLY8l8jK1VrVWlFJ0TpRSVE3RQW8pTiFvJ
UwZ6yLRRYwxrjnPPe9B8EHwQfA9rjmuOc85zz2NNY01rjmtNUwtSy1sMWwxSy0JJ
SopSi0qKOgg6CUJJOggxxylGKUYphilGKUYYxCEFKUWUkoySjJGUkpzTlJKMkpSS
nNOckpSSnJKc05zTnNOc05zTpRSc05zTnNOc05zTpRSlFJzTpRSlFKUUpRSc05zT
pRSlFKTUlFKUkpzSrVS1lrWXtZe9172Xvde9173Xvde9173Xvde92L3Xvde9173X
vde9173Xvde92L3XvZe9l72XtZe1l7WXtZa1lq2WtZa1lrWWrZZ0TGPJdEylVKVV
rVWtFaUVjNRjz1uOdJCEkFrKgsmrzlqKc45zz3wPfBB8EHvPa45rjnPPc89jTWNN
a45jjVMLUstbDFsMUspCSEqKUotKSjoIQklCSToIMccpRilGKUYpRilGGMQhBClF
lJKMkoxRlJKU0pSSjJKUkpzTnNKUkpSSnNOc05zTnNOc06UUnNOc05zTnNOc06UU
pRSc06UUpRSlFKUUnNOc05zTpRSlFJSRlJGU0q1UtZa1lrWWtZe9173Xvde9173X
vde9l73Xvde9173Xvde92L3Xvde9173Yvde9172XvZe9l7WXtZe1l7WXtVetlrWW
tZa1lq2VjI98TIRKlMydDaVVpVWlFZTTa49rToySnNNiyFqHe4x7z3OOc898D3wP
fA97z3OOa41zz3POY01jTWuNY01SzFLLWwxTC1LLQkhKilLKSolCCEIJQkk6CDHH
KUYpRilFKUUpRRkEIQQpRZSSlJKMUYySlJKUkoxRlJKc05SSlJKUkpzTnNOc05zT
nNOlFJzTnNOc05zTnNOlFKUUnNOlFKUUpRSlFJzTnNOc06UUpNOUkZSSnJKtFLWW
tZe1l61VrRStVK1UrVS1lZzTnNKtVK2VtZa1lr3Xvde9173Xvde9172Xvde9l72X
tZa1l7WXtZe1l7VWtZa1lrWWtZa1Va1VrVWkjJyLrMylVaUVpRSU03wQc8+MkJTQ
YshiyZRPlJFzjnPOe898EHvPe89zjmuOc89rjmNMY01rjWNNUstSy1LMUwtKyjpI
SopSykqJOgg6CEIJOggxxilFKUUpRSlGKUYYxBkEIUWUkpSSjFGUkpzTlJKMUZSS
nNOc05SSnNOc05zTnNOUkpzTpRSc05zTnNOlFKUUpRSlFJzTpRStFKUUpRSk05zT
nNOlFKTTlFGUUZySrRS9lrWXtZd70HONa0yMUZzSlFF7jnuOe46cUazUnJO9173X
vdi9173Xvde9l73Xvde1l7WXtZe1l7WXtZa1lq2WtZa1lrWWtVatVq1VnI6cTbTN
vM57CGrJpEy1DpxLlAqcSHMDasaUj5SSc45zjnvPe897z3vPa45rjnPPa85jTGNM
Y01jTVLLUspbC1rLUopCSEqKSopCSToHOglCCToIMYcpRilFKUYpRilGGMQZBCEF
lJKUkoxRlJKU05SSjJGMkpzTlNOUkpySnNOc05SSnNKc0qUUnNOc05zTnNOlFKUU
pRSc05zTpRSlFKUUpROc05zTpROc04xRlFGckq0UtZa1lrWXpRWlFaUVrVa1l61W
tZe1l61WrVa1l7WXtZe1l7WXtZe9l72XvZe9l72XtZe1l7WXtZe1l7WXrZa1lrWW
tZWtVa1VrVWlE6TSnNGlEqUQYgZZxZwKtQ2ci4xJnAqDSnLKnJKUknOOc457z3vP
c89zzmuOa45zz2vOY01jTGNNY0xSy1LLUstSy0qKOghKiVKKSkk6CDoIQgk5yDGH
KUUpRSlFKUUpRRjDGMMhBJSSlJKMUZSSlJKUkoyRjJKc05TTlJKUkpzTnNOUkpzT
nNOlFJzTnNOc05zTnNOc05zTnNOlFKUUpRSlFJzTnNOc06TTnNOUUZRRlJKlFLWW
tZa1lrWWrVWlFLVVpNOtVKUTnNO1lqUUpRSMELVUjFCMEKUUtZe1l7WXtZe1l7WX
tZe1l7WWtZa1lq2WtZa1lq1TpNCsy7UMpMqcjKTNtQ+1DmoHYcabirTOnIyUCpwL
g4p7C5TTjNJrjmuOc45zz3PPc85rjmuNa85rjmNNW0xjTWNMUstKy1MLUstKijoI
QolKikJJOgc6CEIJOcgxhylFKUUpRSmFKUUYwxjDIQSUkpSSjFGUUpTSjJKMkYyS
nNOU05SSlJKc05zTnNOc05zTpRSc05zTnNOc05zTpRSc05zTpRSlFKUUpRSc05zT
nNOlFJzTlFGUUZSRrVW1lrWXtZeMUYxRe4+ckmsMhBCMUIPQtZack4xRYwylFHuO
e46k07VVtVW9l72XtZe1l7WXtZe1l7WXtZa1lrWWtZatEpyNrIe1CayHrIisiKyL
tI6DjIONnJGlE5zSnJGckXvNa0yU0pTSc45zjXOOe897z3PPa45rjXOOa45jTVsN
Y01jTVLLSstSy1LLSoo6CEJKSopCSTnIOgg6CDnHMYYpRSlFKUUpRilFGMQYxCEF
lJKUkoxRjJGU0pSSjJGUkpzTlNOUkpSSnNOc05zTnNOU050UnNOc05zTnNOc06TT
nNOc06UUpRSlFKUUnNOc05zSpROc05SRlFGUkq1VtZa1lrWXpRWlFaUVrValFK1W
rVatlq2WrVW1la1VrZW1lrWXtZec1KUUtZe1l7WXtZe1l7WWtZa1Vq2WtZa1lrWW
rRKcjqyIvMmsh6yHpIekh5yLpRSlFKUUnM+MTpyOrJBzCmuNhBCEEGuNa01zjnPP
c89zz2uNa01rjmuOW0xbDGNNYw1Sy1KLUstSy0qKOghCSUqKQkk6BzoIOgg6CDGG
KQUpBSlFKUUpRRkDGMMhBJSSlJKMUYxSlJOUkoxSlJKc05zTlJKUkpzTnNOUkpSS
lJKc05zTnNOc05zTpRSlFKUUnNOk1KUUpRSlFJzTnNOc0p0TnNOUUoxRlJKtVbWW
tZa1lpSShFGMEJyRg85zTa0TtZVzTHuOlFFzToxRlJK1lr2XtZe9l72XvZe9l7WW
tZe1lrWWtZa1lrWWtZa1lq1TpNCkzq0OpIqkiaSIpEici5RQlFCk0pyMlAuUCpzT
jFKMkoySjJJrjmtNc45zz3POc85rjWONa45rjWNNWwxjTWMNUstKilLLUstKijoI
QklCSUJJMcg5yDoIOccxhilFKUUpRSlFKUUYwxjEIQWMkpSSjFGMUZSSlJKUkYyS
lNOU0pSSlJKUkpzTlJKc05SSnNOc05zTnNOc06UUpRSlFJzTpRSlFKUUpRSc05zT
nJKlE5zTlJGMUZSSrVS1lrWWtZeMUoQRg9ClFIxRjFGlFLXWjJKlFa1WpNSlFKUV
tZe1l7WXtZe1l7WXtZe1l7WXtZe1lq2WtZa1la1VrVWtVa1VrVWlVaUUpROcz5yP
pI5JgzkBlAWcRpxGlEilDYyOhBCUkZSSe89rjWuNc45zjnOOa01rTXOOa01bDFsL
Y01bTFLKSspSylLKSoo6CEJJQkpCSTnIOchCCDnIMYYhBSkFKUUpRSlFGMQgxCEF
lJKUkoxRjFGUkpSSjFGMUZSSlJKUkpSSlJKc05SSnNOUkpzTnNOc05zTnNOlFKUU
pRSc05zTpRSlFKUUpRSc05zTpROc04xRjFGUkq1VtZa1lrWXtZa1lrWWtZa1lrWW
tZa1l7WWtZa1lrWWtZe1l7WXvZe1l7WXtZe1lrWXtZe1l7WWrZa1lrWWtVGkj6SP
rVStVa1VrVWtVa1VrRWlFJzUUYVJRINJlEyUTJRMpM6US3vMg82UkXvPa01rTXOO
c45zjmNNY01rjWNNWwxbDGNNWwxSykrKUspSy0qKOghCSUpJQkgyBzoHOgg5xzGG
IUUpRSlFKUUpRRjDGMQhBJSSlJKMUoxSlJKUkpRSlFKck5zTlJKUkpzTnNOc05TT
lJKc05zTnNOc05zTpRSlFJzTnNOc06UUpRSlFKUUnNOc05zTnNOUkoxRlJKtVbWX
tZe1lpzTlJKUUa1UhA+EEK1UnNKckqTTjFC9lr3WvZa1l7WXtZe1l7WXtZe1l7WX
tZatlaUUrRG1UbUPnI6cjq1RrVOlE61TtVGlEZzQpNGs0WIHWcZ6ypSQnNSc05zT
jEt7yoQLlJJ8EGNNa41rjnOOa45jTWNNa45jjVsMWwtjTFsMSstKilKKUspKiToI
QklCSkJJMccxxzoIOccphiFFIQUhRSlFKUUYxBjEIQSUkoySjFKMUZSSlJKMUYxR
lJKc05SSlJKc05zTnNOc05TSnNOc05zSnNOc06UUnNOc05zTnNOlFKUUpRSlFJzT
nNOc05zSlJGMUZSSrVW1lrWWtZaUkoxSlFKtVYxSlJOtVqUWpRWtVa1WtZe1l7WX
tZe1l7WXtZa1lrWWtZa1lrWWrVKckJyPxUu9CpyOrIi9CqyInE69C8VMnIyUi5zN
nNRrjmuOa458D5SRa0qcTZQLi4uEDJSSfBBjTWtNa41rjmuNY01jTWuOY41bDFMM
W0xTDErLSopKikrKSok6CEJJQkpCCTnIOchByDnHMYYhBSEFIQUpRSlFGMMZAyEE
lJKUkoxRjFGUkpSSlFGUUZSSlJOUkpRSnNOc05zTnNOUkpzTnNOc05zTnNOlFJzT
nNOc05zTpRSlFKUUpRSc05ySnNOc05SRjFCUkq1UtZa1lrWWtZa1lrWWtZa1lrWW
tZa1l7WXtZe1l7WXtZe1l7WXtZe1l7WXtZe1V7WWrZa1lrVSrI+cTrTQrNGs0azR
tRKcjpyOtQy9TZyLlEqci2wQW89bj1OOW46DjUnGScaLzYQPjFGMkXwPa01jTWuN
a45rjmNNY01jTmNNWwxay1sMWwxKi0qKSspSikqJOgdCSEpJQgg5xznHOcgxxymG
IUUhRSEFKUUpRRjDGMMhBIxRjFGMUYxRlJKUkpRRjFGUkpySlJKUUZTSnNOc05TT
lJKc05zTlJKc05zTpRSc05zTlJKc06UUpRSlFKUUnNOUkpzTnNOUkYxQlJGtVbWW
tZe1l7WXtZe1l7WWtZe1lrWXtZe1lrWWtZa1lrWXtZa1l7WXtVe1l7WXtZa1lbWU
tVO1ErSLmkWJw6rItVWtVa0VnI2cjazLtQ2cjYxMhAtbkFuQU49bj1uPckhZhVmF
jFFzjnvPe89zjmNNY01rjWuOa45jTWNNa41jjVsMWstbDFsMSotKilKKUopKSjoI
QglKSkIJOccxxznHMccphiFFIQUhBSlFKUUYwxjDIMSMkoyRjFGMUZSSlJKUkYxR
lJKckpSSlFGckpzTnNOc05SSnNOc05SSnNOUkpzTnNOc05SSnNOlFKUUpRSlFJzT
lJKc05zSlJGMUJSSrVW1l7XWtZa1lrWWtZe1l7WXtZe1l7WXtZe1l7WXtZe1l7WX
tZa1lrWWrZa1lrWWtQ+kjqSOzRHFEZpIicaqyq1VrVWtVaURpNGkiqSKpEmUknPQ
Y9BbkFuQW49bj3LLWghiSJSQjA+UkJSQhFBjTGNNY41rjWOOY01jTWuNY01bDFML
W0xbC0rKSolKykqKQooyCEJJQklCSTnHOcc5xzmHKUYhBSEFIQUhBSkFGMMYwyEE
jJKMkoxRjFGUkpSSjJKMUZSSlJKUkpRRlJKc05zTlJKUkpSSnNOUkpSSlJKc05zT
nNOUkpzTpRSlFKUUpRSc05SSnNOc05SRjBCUka1VtZa9lrWXtZe1l7WXtZe1l7WX
tZe1l7WXtZe1l7WXtZe1l7WWtZa1lq2WtZa1lrUSpJCkkL0TxVWkkqRRtJKsz6TO
rQ+1kbVRpIqkSaRJjFFjkFuQW49Tj1NPU09zz5RJjAiUCIvEg8d7yoQNaw1jDGNN
a45rTWNMY0xrTWNNWwxSy1sMUwxKikqJSopKikpJOcdCCEpIQkg5xznHOcgxhylG
IQUhBSEFKQUhBRjDGMQhBIxRjJGMUYxRlJKUkpSSjFGUkpSSlJKMUZSSlJKc05SS
lJKUkpzTlJKUkpSSnNOc05zTlJKc05zTpRSlFJzTnNOUkZzSnJKUkYQQlFKtVbWW
tZa1lrWWtZa1lrWWtZa1lrWWtZa1lrWWtZa1lrWWtZa1lrWWtZa1lrWWtZa1Va0V
rVW1VbVVrVWtFK1UpIyci6zNvU+9T6SMnEqcSmvPY89bj1uPU49TjluPc46USYwI
lEeMBIQGg8uEUGMMYwxjTGtNa01jDGMMa01jTVsMUstbDFrLSopKSkqKSopKSToI
OghCSToIMccxxznHMYcpRiEFIQUhBSEFIQUYwxjDIQSMUYySjFGMUJSSlJKUkoxR
lJKUk5SSjJKUkpzTnNOUkpSSnNOc05zTnNOUkpzTnNOc05SSnNOc06UUpRSc05SS
jFGckpySlFGMEJSRrVW1lrWWtZa1lrWWtZa1lrWWtZa1lrWWtZa1lrWWtVa1lq0S
pNGk0bVUtVa1VrWWtZa1VrVWrVaszaSMrM3FTqyLpEqsy61UrVSlE6UTe85jTGvP
W45Tj1OPU49Tj3ONlEuECowKjAqMToQPjFFjTVsMY0xjTWNNYw1bDGNNW01bDFLL
UwtSy0qKQklKikpKQkkxyDoJQgg5yDGHMYcxxzGGKUUhBCEEIQQhBBjDEIMYwxjD
jJGMkoRRhFGMkpSSjJKEUYyRlJKMkoxSlJKUk5zTlJKUkpzTnNOUkpSSlJKc05zT
nNOUkpSSnNOlFKUUnNOUkpRRnJKckpSRhBCMUa1VtZa1lrWXtZa1lrWWtZa1lrWW
tZa1lrWWtZa1VrWWtZa1EKSOpI61VLVUrVStVK1VrZa1lq1WrIyki6zMvVGk0JzR
pRKtU6UTpROc0lKIlJJzz1uOU49Tj1OPU09zjpTTlJOUknvPe45zjmuOYwxbC2NM
Y01jTVsMWwxjTVsMUspKilLLUspKikqKQkpCSkIJOgk5yDoIOgg5yDGHMYcxhjGG
IQQhBSFFIUUYwxjEIQQYxIxRjFKMUYQQjJGUkoxRjFGUkpTTlJKUkpSSnNOc05SS
lJKUkpzTlJKUkpSSnNOc05zTlJKUkpzTnNOc05zTlJKMUZSSlJKUUYQPlFGtFLVV
tValFLWWpRStVbWWtZa1lq1VlJKtVZSSfBC1lrWWtQ+kjaSNvVO9VK0TrRKtU61V
rVatVazMpIuki61VrVWtVa1VrVWszpyNc0iUUZzTjFJj0FuPU49TT1NOc4+c0pSQ
jFF7zoxSjJKEUmNNWwxbDGMMY01bDFsMW01bDFMLUwxbDFMLUstKikJJSolKiUJI
OcdCCEIIOggxhzGHMYcxhiEEIQQpBSkFGIMgxCDEGMOMUYxRjFGEEIxRlJKMUYxR
lJKUkpSSjFGMkpSTlJOUkpSSlJKc05zTlJKUkpzTnNOc05zTnNOc05zTnNOc05SS
jFGUkZSSjFGDz4xRrRS1VVrKYsqtVXvOe8+c06UTnROlE2uOlRStlYQQtZW1lrUR
pJCk0L1UvVStE6TTrRStVq1WrVak0JyPpNClVa1WrVWtVa1VpIucSpQJpRSc1IxS
Y5BTT0uPS49LjnOPnM+MS4PKc4iMkYySjFJrTlsMWwxjDGNNWwxjTVsMWsxSzFLM
UsxSy0qLSkpCSUpJQkk6STHHOgg6CDHHKYYxhjGGMUYhBCEEKUUhBRCDGMQYxBjD
jFGMUYxRhBCMUZSSjFGMUYyRlJKUkoxRlJKU05TSlJKUkpSSnNOUkpSSlJKc05zT
nNOUkpSSnJKc05zTnNKUUYwQlFGUUYwQe46MUK0UtVVzjmtNrVV0EYyTnRWEk4yT
hJN8EXwRjNN8EJzUrZa1lq1VrVWtVq1VpNOk060UtVatVq1WrRWtVa1VrVWtVa1V
rVWtFJQKlAmci6UUpRSMUmPQU49Tj1NPU09zT5TPjEyDynOJjI2MToQQa01azFrL
WstjDGMMY01bDVLLUstSy1LLUstKikpJQghKSUJJOggxxzoIOggyCCmHKYcxhzFG
IQQhBCFFIQQQwxjEIQQYxIxSjFKEUYQQjFGUkoxRhBCMUYxRjFGMUZSSlJKMUYxR
jFGUkpSSlJKMUZSSlJKUkpSSlJKUkpSSlJKUkpSSjFGUkpSSjFGEEIwQjFGlFK1V
a01zja1VlNKEEK1VtZa1lqVVpVWtlpzUrZalVa2WrZatlrVWtVatVqUVpRWtVa1V
rVWtVa0VrVWtVa1VrVWtVa1VrRWDj3NNnJKlFKTUjFJj0EtPS09LT0tPa06Uz5RM
g8p7hZxFg8ZzymNKWstSy1rLYwxjDGMMWwtSy1LLUstSy1LLSopCSTpIQklCSToI
Mcc6CEIIOccphimGMYYxhiEEIQQhRCEEEMMYwxjEGMOMUYxRjFGEEYxRjFGMUYxR
jFGMkoySjJKUkpSSlJKUkpSSjFGUkpzTlJKUkpSSnNOc05SSlJKUkpzTlJKUkpRR
nJKUkYxQjBCMUZRRrRW1VrVWtVa1lrWWtVa1lrWWtZa1lrWWtZa1lrWWtVatVq1W
rVatVq1WrVatFZzUrVWtVa1VrVWlVJzTnNOlFKUVpRWlFaUVc4+EEaUVpRWlFIxS
Ww5LDlNPU09LTnMKi82UDoxOe8yMTnuJc4lrSFsLWstay1sMWw1jDFrMUstSy1LL
UstSi0qKQklCCUJJQkk6CDHHOgg6CDnIMYYxhjGGKYYhBCEEKQUhBBjDGMQYxBjD
jFGMUYxRjFKUUoxRjFGMUpSSlJKUkpSSlJKUkpSSlJKUkoxRlJKc05SSlJKUkpSS
nNOc05SSlJKc05SSjFGMUZSSlJGEEIQPjBCUUa0UtVWtFZzTrVWlFKUUrVWtVrVW
tZaEUaVVpVSEEJzTrVWlFKUUjFKlFaVVa057z61VrVWtVa1VpRSk05zTpROtVa0V
pRWlFGMNjFKlFaUVpRSMUlLLKYdSzUqLIUVhhFlDcgaMkYQPa4xjSVsIWwhay1KK
UstbDFsMWwxTDFLLUstSy1LLSstKikJKOghCSUIJOggxxzoIOggxyCmGKYYxhimG
GQQhBCkFIQQYwxjEGMQYw4RRhFGEUYxRjFGMUYwRjFGUUpSSjJKMkoySjJKMkpSS
lJKMkpSSlJKUkoxRlJKUkpzTlJKUkpSSnNOUkoxRjFGUkpSShBB7z4xRlFGtFa0U
UklrDKVVhFFjDZTTlJKUkpSSa058EIySc46EUZ0Ue9CtVqUVe9CMk5TUhFGtVa1V
rVWtVa0TnNOc0qUUpVWlFaUVpRVKSpSTpRSlFKUUe9BKShDESooxhyDBWcZRhWpI
jJGEEIQQg8+ED2uOWstSylLLWwxbDFsMUwxSy1LLUstSy0rLSopCSjoIQklCSToI
Mcc6CDoIOccphimGKYcphhkFIQQhBSEFGIMYwxjEGMOEUYRRhFGEUYxRjFGMUYxR
jJGMkoySjFGMkYyRjJKUkpSSjJGUkpzTlJKUkpSSlJKc05SSlJKUkpzTnNOMUYxR
lJKUkowQg9CMEJRRrRStVHvOYwytVXwQhFKVFYyTjNSdFnxSpVWtVnwQpZadFIRR
pVVzz5TTpVV70KTVrVWtVa1VrVWtFKTTnNOlFKUVpRWlFaUVOciU1KUVpRWlFYQS
WswQw1MNSkkowFmEWYNyR5SShFF8EYxShFFz0FrLUopSimLLWwxbDFMMSstKy1LL
UstKy0qKQkk6CEJJQgk6CDHHOgg6CDnHKYYphimGKUUYxCEEIQQhBBjDGMQYxBCD
hFGEUYRRjFGMUowRhBGMUYxSjJKMkoxSjFKMUYxRlJKUkpSSlJKc05SSjFGUkpzT
nNOUkpSSlJKc05zTjFGEEJSSlJKMEIPQjBCUUa0UtVVrTXuPrVWtVaUUrVatVq1W
rVaUk61WpRWlFa1WrVac1KUVpRWlVq1WpRStVa1VrVWtVa1VrVWlFaUVpRWlFaUV
pRWlFDGGnNOlFKUUnNSEEWMNGMRjDlKKGIJqzHNOe4+MkoRSfBGEUoRSc9BSy1LK
SopTC1MLUwtTC0rKSspKy0rLSotKikpJQghCCEIIOcgxxjnHOcgxhylGKYYphilF
GMQhBCEFGMQQgxjDGMQQg4RRhBGEEYRRjFGEUYQQjFGMUYxRjFGMUYxRjFGMUZSS
lJKMUZSSnNOUkpSSlJKc05SSlJKUkpSSnNOU04xRhBCUkpSShBB7z4QQjFGlFK1V
rVWtVa1WrVatVq1WrVatVq1WrVWtVa1VrVWtVa1VpRStVa1VrVWtVa1VrVWtVa1V
rVWlEZzPnM+lFaUVnNRKSnuNnJExhqUUpRSk1JzUhFFjDRjFc5FjDhCDa4+EUoyS
jJKEUnvQhFKEUnPQUsxKikqKUstay1rLUstKykrKUstKy0qKSopCSToJQgk6CTnI
MYc5xznIMccpRimGKUUpRRjEGMUhBCDEEIMYxBjEEIOEEYQRhBGEEYxRjFGEEIxR
jJGMkYxRjFGMUYxRjFGMkoySjFGUkZSSlJKUkpSSlJKUkpSSlJKUkpzTlJKMUYQR
jFKMUYQQe8+EEJRRrRStVKUTlJKtVZSSpVWdFHvPa46U02ONY46EkmuOUwyMk1sM
Y02lFa1VpRStFaUUpRStVa0VpImciaSJpRSlFXNOEIMpA4wOOcSlFKTUnNSc04QR
Yw0YxYRTc5AQg2tOjFGMkoySjJJz0IRSjFJ70FLLSopCilLLUstSy1LLSopKikrK
SspKikKKQkk6CEIJQgg6CDGHOcg5yDHHKUYpRilGKUYYxCDEIQQhBBCDGMMYwxCC
hBCEEIQQhBCMUYQQhBCMUYxRjFGMUYxRjFGMUYxRjFGMkoxRjFGUkpSSlJKUkpSS
lJKUkoxRjFGUkpSSjFGEEIxRjFGED3vPhBCMUa0UrJNSCXMNrVWEEHQQhNNTDUtN
bFFLDVNOdJNbj0LMdJM6y1MNnRWc1HOPlNNzz5zTrVWtFKSNnEucS6UTpRNzTRiC
KMGcT1pInNSk1JzUnNOEEWsOGMWMVHwREMNjDoRSjJOMk4SSY0xrjWtNYwxSykqK
SopSy1LLUstSy0qKSopKikqKSopCiUJJOghCSUIIOccxhjHHMccxhilFKUUpRilF
GMMYxCEEIQQQgxjDGMMQgoQRhBGEEIQQhBGEUYQQjFGMUYxRjFGMUZRRjFGMUYxR
jJGMUYySlJKUkoxRjFGUkpSSlJKUkpSSlJKUkoQQhBCMUYxRhBB7znwPjFGlFK0U
e45rDK2VfFGdVnyTQstLDpWWSw1bTozUY9BTTnyUQw1KzZ1WlNRjDYyShBCc06UU
pRSkkJROnE6k06UVnJMgg0GDlA2UDJzTnNSc1JzUhBFjTRkEjJOMUhDDWw2EUoyS
jJKMUnOPhFKEUnwRUstKikqKUstSy1LLUstKikqKSotKikqKQklCCToIQgk6CDnI
MYY5xzHHMYcpRilGKUYpRRjEGMQhBBjEEIMYwxjDGMOEEIQQhBCEEIxRhFGEEIwQ
jFGMUYxRjFGMUYxRjFGMUYxRhFGMUZSSjFGMUYxRlJKUkpSSlJKMUZSSlJKMUYQQ
jFGMUoQQe8+EEIxRpRSlVGMMe4+Uk2tPa8+Ek2OPbBGVFmwQc9GdVozUfFKVFXyS
jFKdV6VWlNSdFpTUpRWlFaUVpNSck6UUpRSlFJ0TMURSApQKnEuk05zUnNSclHuQ
UosZA2uPa44ZBEJJfBGMUoxSjFJzj4RShFJ8UVLMQolCSVKKUstSy1LLSopKikqK
SopKikJJOgk6CDoJOggxxymFMccxxymGKUYpRilGKUYYxBjEIQUYxBCDGIMYwxjD
hBGEEIQQhBCMUYRRhBCEUYxRjJGMUYxRjFGMUYxRlJKMUYxRjFGUkpSSjFGMUZSS
lJKUkpSSjFGUkpSSjFGEEIxRjFGEEHvPhBCMUaUUrVWtVa1VrRWtVa1WrVatVq1V
rVWtVa1VrVWtVa0VrRWtFa0VrRWlFaUVpRWlFaUVpRSlFKUUpRSlFJ0UnRKciJxF
lEWURZxJnNSc1JyUlNSEEWtOGQWMk4yTGUVSjHwRjFKMU4xSc4+EEoRShFFSy0qJ
QklKilKLSopKikqKSopKikpJSkpCSUJJOgg6CDoIMccphjGHMYYphilFKUUpRSkF
IMMYxCDEGMQQgxiDGMMYg4QQfBCEEIQQjFGEUYQQhFCEUYxRjFGMUIxRjFGMUZSS
jFGMUYxRlJKUkoxRjFGMkZSSjFGMUYxRlJKUkoxRhBCMEYxRhA9zz3wQjFGlFK1V
nNOc05SSnNOc06UUnNOU05SSjJKEUYQQjJKU06UUpVWlFIxRhFGc04RRhFFz0HOP
fBCEEKUUpRSlFKSMnEacRpxFnEWcSpzUnNSc1JzUhBFrThkFjJSMkymHUot70YxS
jFKMUnOPhFGEUnwRUstKSUJISopKikrKSopKikqKSopKikpKQkk6CDoIOgg6CDHH
KYYxxzHHMYYpRSlFKUUpBRjEGMQYxBjEEIMYgxjDGIOEEIQPfBB8EIRRfFB8EIQQ
hFCEUYxRhFGMUYxRhFGMUYxRjBCMUYySjJKMUYRRlJKUkpSSjFGMUZSSlJKMUXvP
hBCMUYQPe857z4xRpRSMk1MNdBJCjGvPY490EGPPUwxz0WvQjNR0EYzTfBF8EXQP
fBKEkmvPc89rz4zTfBF0EWvPa06lFKUUpRScBpxFnEWcBZwFnEmc05zUnNSck4QR
a04ZRYyUjJI6CEpKe9CMUoxShFJzz4RRfFF8EVLLQklCSEqKUopSikqKSopKikqK
QopCikJKOggxyDoIOggxyCmGMccxhymGKUYpRilFKUUYxBjEGMQYxBCDEIMYgxCD
hBCED3wQfBCEUIQQfA+EEIRQhFGMUYxRjFGMUYxRjFGMUYwQhBCMUYxRhFGMEJRR
lJKUkoxRjFGUkpSSjFF7z4QQjFGEEHOOe8+MUZzUfFJLDWPQSsxj0FtPdBJsEWPQ
fJNz0YRTnRaMUpzUnNSU1J0VlNOMlJTVjJOMk5TUlNSU1IxSpRSlFKUUaoKcRZxF
nEScBZRJnNOc1JzUlNR8EWNNIUWMkoySQklCSnvQjFKEUoRSY05bDVsMYwxSikJJ
QghKiUqKSopKikKKSopKiUKJQklCSUIJOcg6CDHIMccphjHHMYcxhylFKUUpRSkF
GMQYxBjEGMQQghDDGMMQg4QQfBB8EHwPhBCEEHvPhBCEEYRRhFGEUYRRhFGEEIxR
jFGMUYRQjFGMUYRRhBCMUYySjJKMUYRRjFGMUYQQe8+EEIxRhA97jnvPjFClFJ0V
lNSdFZ0VnRWdFZ0VpRWlFaUVpRWlFaUVpRWlFaUVpRWlFaUVpRWk1aUVpRWlFaUU
pRSlFKUVpRSUUklBnAWcBZwFlAWUSJzTnNOc05TTfBBjTSFGjJOMklLLQklzz4RS
hFKEUmuPfBF8EXwRWw1CSToJSklKikqLSopKikqKSkpKSkJKOkk6CTHIOcg5yDHH
KYYxxzGHMYYpRilGKUYpRRjEGMQYxBjEEIIQgxjDEIJ8EHwQfBB8EHwQhBB8EHwQ
hBGEUYRRhFGEUYQQhBCEUYRRhFGEEIxRjFGMUYRQjFGMkYxRjFGMUIxRjFGEEHOO
hBCMUYQQc457z4xRpRStVaUVpRWlFaUVpRWlFaUVpRWlFaUVpRWlFaUVpRWlFaUV
pRWlFaTVpRWdFaUVpRWlFaUVpRSk1KUUc01BQZwFlAWUBZQFlEec05zTlJOUk3vQ
Y005x4RRjFFay0IIc9CMUoRShFJrj3wRfBF8EVsMQgk6CEpJSopKikKKQopCikJK
QklCSUIJOgkxyDIJMcgxxymGKYYxhimGIUYpRilGKUUYxBjEGMQYxBCDEIMYgxCD
e9B70HvQe9CEEHwQfBB8EIQQhBGEEYQRhBCEEIQQhBCMUYQQhBCMUYxRhFGEUYxR
jJGMkYRRhFGMUYxRhBB7z3vPhBCED3OOe8+MUaUUpRWlFaUVpRWlFaUVpRWlFaUV
pRWlFaUVpRWlFaUVpNWlFaUVpRWlFKUVpRWlFaUVpRWk1aTUnNSc1FIJYkKUBZwF
lAWUBZQGlNKU05TTlJN7z3PPc89zj2uPUstbDGuPhFKEUoRSa9B8EXwRfBFjDUJJ
OghCSkqKQopCikJJQklCSUJJQkk6SToJOgg6CDHIMccphjHHMYcphiFGKUYpRiEF
GMQYxBjEGMQQgxDDEMMQgnvPe897z3vPhBCEEHvPe9B8EIQRhFGEEYQQhBCEEIwQ
hBCEEIQQjFGMUYxRhBCMUYxRjFGMUYQQjFGMUYQQc457z4QQe89rTXOOhBCc1KUV
pRWlFaUVpRWlFaUVpRWlFaUVpRWlFZ0VpRSlVaUUnRSdFIySlJKMUZTSnNOEUZzU
nNSc1JzUnNQ4xIuElASUBJQElASUBpSSlJOUk5STe9GMk4yThJOEk4xTjFJzj4xS
hFKEUnPPY01rznwPY01CSToIQolCikKKQkpCSUJKQkpCSUIJOgg6CDIIMcgxyDGH
KYYxhzGHKYYhRilGKUYhBRjEGMQYxBjDEIMQgxDDEIJ8D3vPe89zz3wPfBB8D3PP
fA+EEIQQhBCEEIQQg9CEEIRQhBB8EIRRjFGMUYQQjFGMkoxRhFGEEIQQjFGEEHvP
e8+EEHvPa01zjoQQnNSU1HwRjFKMkp0UnRSU04yTe9Cc1HvQjJOMk3PQhBF8EWuP
fFFTDXQRUw10EYyUWw2Uk5zUnNSc1IQRSYSUB5wFnAWUBJQElEWUkpSTlJOUk3vR
jFKMk4yTjFOMUoRSa4+EUoRShFJzzlsJWwlrS1rMQgk6CEJJQklCSUJJQkpCSTpJ
Qgk6SToJOggxyDHIMcgxxymGMYcphymGIUYpRilFKUUgxCEEIMQYxBCCEMMYwxCD
e9B7z3vPe497z4PPe897z3wQhBCEEIQQhBCD0IQPhBCEEIQQe8+EEYxRhFGEEIRR
jFGMUYwRhBCEEIxRhBBzjnvPhBB7z2tNc46EEJzUnRV8EZTUhBKEUoRSdBGM1GOP
fBF0EYySjFF7zoxQhA9rjXQOUwt0D1tMdA+c03OOlJOc1JzUnNRjTGsKlAacBZQE
lASUBJQFlJKUk5STlJN70IxSjJKMkoSShFKEUmuPhFKEUnxSa4xSyVrJa05jDUIJ
OchCSUJJQklCSUJJQklCSUJJQkk6CDoIMcg5yDnHMYcphimHKYYphilFKUYpRiEF
GMQZBBjEGMMQghDDGMMQg3vPc897j3OPe897z3vPc898D4QQhBB8EHwQfBB8EHwQ
hBCEEHvPhBCEEYQRfBCEUYxRjFGEUYQQhBCMUYQQc457z4QQhBBrTXOOhBCc1JzU
nNSU05zUnNSU1JzUnRWdFZ0VnNWdFJSTlNOc05zTnNOc050UlNSU1JzUnNSc05zT
nNSc05zTQkiUUZwGlAWUBJQElASURZSSlJOUk5STe9CMUoxSjFKEUoRShFFrj4QS
hBKEEmuMWwtjDHwQa046CDnHQghCSUJJQklCSUJJQklCSToJOgk6CDHIMcgxyDHH
KYYphilGIUYhRiFGIUYhRRkEIQQYxBjEEIIQwxjDEINzz3PPc49zj3PPe897z3PP
e8+EEIQQfBB8EHwQfBB8EIQQhBB7z4QQjBCEEIPPhBCEUYRRhFGEEIQQhFGEEHOO
c46EEHvPa01rTYQQnNOdFJTTlNOMkp0UlNOMkpTTjJKEUYySjJKEUZTTfBGMknwQ
jJJrzoSRY01rz2OOhBGMUZzUnNSc1EJIpJGUBpQFlAWUBZQFlEeUk5STlJOUk3vQ
jFKMUoxSjFKEUoRSa498UXxSfFJ0EGuPa898EGuOOggxx0IJQklCSUJJQklCSkJJ
Ogk6CToIOcg5xzHIMcgpxymGKYcphiFGIUUhRSFFIUUZBBkEGMQYwxCDGMMYgxCD
c49zz2uOc45zz3vPc85zznPPe9B7z3vQe9B7z3vPe898EHwQc8+EEIRRhBB7z4QQ
jBCEUYQQe897z4QQe89zjnOOhA97z2tNa06EEJzUfFJTDXQRY06EUpTUY450EGOP
W05sEXySa9CEUnQRfFJjj3RSUw10UkLMY5BTDXwRjFOUlJzUjFJay5ySlAaUBZQF
lAWUBYxIlJOUk4yTjJN7z3ONc45zjnOOa01jTWtNhFKEUoRSfBBrj3wRfBFrzzoI
Mcc6CTpJOgk6CToJOgk6CToIMggxyDHHMccxxynHKYYpRimGKYUpRSFFKUUhRSFF
GMQYxBjEGMMQgxiDGIMQgnPOc45zjnOOc457z3PPa45zz3PPe897z3vPe897z3vP
fA98EHPPe9CEEIQQe8+EEIRRhBCEEHvPe8+EEHvPa01rTXvPe89jDGtNhBCUk3RS
U06Ek3PRjNSEU2wRdFJsEWwRfFOM1HQRfFKEUoSTdBF8UnQSfFJ8k4RTdBJ8EpSU
lNSU1JTTjFKUk5QGlAWUBZQElASMSZSTlJOMk4yTdBGEUoRShFF8UnxSfFJjj3xS
fFF8UXQQY450EHQRa9A6CDHHOgg6SDoIOgk6CToJOgk5yTnIMcg5yDGHMccxhzGH
KUYpRiFFIUUhRSEFIQUhBRjEGMQYxBCEEIMQgxCDEIJrjmuOc05zTnOOe89zjmuN
c457z3vPe89zz3PPc89zz3wQe89zjnPPhBB8EHvPe9CEEIQQhBB7z3vPhBB7z2tN
a017z3vPYwxrTYPQlNOU1JzUnNSc1J0VnRWdFZ0VnRWc1ZzUnNSc1JzUnNSc1JzU
nNSU05TTlNOUk5STlJOUk5STlJOUk5RSlFGMCoQKhAqDy4PKhA2MUYQQhBCD0HPP
c890D3PPc89zz2uOY45jjmOOY45jjltNW01TDFLLOcgxhznIOgg5yDoIOgg6CDoI
OggxxzGHMccphymHKUYpRiFFKUUpBSEEIQQhBCEEIQQYwxjDGMMQghCCEIIQghCC
a45rjmuOY01rjXOOc41rTWuOc89zznPPc45zznOOc457z3vPc457z3wQfA97z3wQ
hBB8EHwQc89zjnvPe89rTWtNe89zjmMMY018EJTTlNOU05TTlJOUkpSTlJKUkpSS
lJKUkoxSjFGMUYxRjFGMUYxRjFGEEIQQhA98EHvQe9B70HwQfBB8EHPQe89zz3wQ
c89zjnPPhBBzj2NOW05bTVtNUw1TDFtNUw1KzErMQotKzErMQotTDVtOa9Fr0TnI
MYcxxznHMccxxzHHMccxxzGHMYYxhimGKUUpRSlFKUUhBCEEGQQYxBjDGMMYwxDD
EIIQghCCEIIIQQhBEEEIQWNNa01rTGsMa01rTWtNYwxrTWtNa45rjmuOa45rjmuO
c45zjmtNc457z3vPc89zz3vQfBB70HOOc457z3OOY01jDHOOc45jDGMMe8+U04xS
hFKEUnwRe9B70HwQfBB8EHwQc890D3PPc4+EEYQRg9GEEYRRSstbDVMMWwxjTWNO
QotCjEKLW01bTUrMUw1KzUrMSsxrj3wRc9BTTlMNMkpCzDqLOotCzDqLOotCzDIK
QsxLDTpKUw1bTnPRdBExxylGMYYxhjGGMYYxhimGKYYpRilFKUUpRSEEIQQhBCED
GMMYwxjDEIIQghCCEIIQgghBEIIQghBCCEEIQQhBCEFjDGMMYwxbDFsMY01jTFsM
YwxjDGtNa01jTWtNY01jTWuOa41jTWuNc85zjmuOc457z3vPe89zjmtNe85zjmMM
YwxzjmuOWwxjDHwQlNOEUoRRhFFr0UsNU05jkFNOW45bj0LMSwxTTlMMc898EXvQ
fBF8ETrMQw46zUsNW49TDzqMQs1CzEsOUw5KzFtOW05TTlMOa098EXPQY49jj1NO
U05TTlNOU05LDUsOUw5TDlOPW49bj1uPW49sEXQRMcchBSlFKUUpRSlFKUUhBCEE
IQQhBCEEIQMYwxjDGMMYwxCCEIIQghCBEEEQQRBBEEEIAQgBCAEIAQgBAAEIAQgB
Wstay1rLWstay2MMWstay1rLWstjDGMMYwxjDGMMYwxrDGsMYwxrTXOOc45zjnOO
c45zjnOOa01jDHOOc45jDFrLa01rTVrLWst7z5SThFKEEYRSdBFjj2vQa9Br0HPR
a9Bjj2vQa9BrkHwQfBB8EHwQhBJz0HPQc9Bz0HPQc9Bz0HPQc9Br0GvQa5Bjj2uQ
a49jT2vQfBFz0HPQc9Bzj3PPa45rzmuOa45rjmNNc9F0EXQRfFJj0HRRdBJ0ETGH
GMQYwyDDIMMgwxiDGMIYwxiDEIIYghiBGEEQQRBBEEEQQRBBEEAIQQhBCEEIAQgB
CAEIAQgBAAEIAQgBCAEIAVKKUopKSUpJUopSilKKSklSilKLUopSilKKUopSilrL
Wstay1rLYwxrTWtNa01rTWuOa45rjmMMWwxrTWtNWstSimMMYwxSilKKe8+Uk4yT
hFKEUoRThFKEUoRShFKEUoRShFKEUoRShFKEUoRShFKEUoxThFOEUoRShFOEU4xT
jFOMU4xTjJOMk2vQQw1sUmQRSs1z0YRThFOEUoRSa5Br0GuPa49jTmNOY45bDXxS
hFOEU4STdBB8UXxRc9AxRhiCGIIYgRhBGIEYgRiBGIEYQRhBEEEQQRBBEEEQQRBB
EEEQQRBBEEEIQQgBCAEIAQgBCAEAAQgBCAEIAQgBCAFKSEpJSkhKSEpISklKSUpI
SkhKSUpJSklKSUpJSklKSVKKUopSilKKWstjDFsLWwtbDGMMYwxay1KKWstay0pJ
SkhSilKKSklKSHOOlNOc1JzUlNSc1ZTVnNWc1JTUlNSU05TUlNSU1JTUlNSU05ST
lJOUk5STlJOUk5STlJOUk4yTjJOMk4yTjJJrj0MNbFNkEkrMbBCEUoRShFKEUXPP
fFGEUnxSfFJ8EnwSc9GMlIyUjJOMk3QSfFN8U3RSMYcQQRiCGIIYghiCEIIYghCB
GIEQgRCBEEEQQRBBEEEQQQhBCEEIQAhBCEEIQQhBCAEIAQABCAEIAQgBCAEIAQgB
QgdBx0HHQcdBx0HHQcdBx0IHQgdCB0IHQcdCCEoISghKSEpJSklKSVKKUopSiVKJ
UolSilJJSklCCEpJSklCCEHHSghKCEHHOcdzjpSTnNSdFJ0VnRWdFZzUlNSU1JTU
lNSUlJTUlNSU05STlJOUk5STlJOUkpSTjJOMk4yTjJOMk4yTjJOMk4yTa49KzmyT
bBJKzGvQhFKEUoRShFJrz3wRhFF8UXwRfBF8EWuPhFGEUYSShJN0EYSUjJR8UjoI
GIIYghiCGIIQghiBGIIYghiCGIIQQhBBEEEQQRBBEEEQQRBBEEEQQQhBCAEIQQgB
CAEIAQABCAEIAQgBCAEIATGGMYYxhTmGMYYxhjGGMYYxhjmGOYY5RjmFOYY5xjmG
OYY5xkHGOcZCB0HHOcc5x0HHQcdBx0HGOYVBhkGGOUUxRDmFOYUxRDFEc42Mk5zV
nNSc1aVWpVac1JTUlNSU1JTUlNSMlJSUlJSUlJSUlJOUk4yTjJOUk4yTjJOMk4yT
jJOMk4yTjJOEU2uPSs1sk2wRSsxr0IRShFKEUoRSc9B8EYRRfBF8EXwRe9BjTnQR
dBF0EHQRW058UoSTdBExyBiBGIIYgRiBGIEYgRiBGIEYgRiBGEEYQRBBEEEQQRBB
EEEQQRBBEEEIQQhBCAEIAQgBCAEIAQgBCAEIAQgBCAEpRCkEKQQpBCkEKQQpBCkE
KQQxBDEEMQQpBCkEMQQxBDEDMQMxAzEDMQMxAzEDMQQxBDEEMQMxAzEDMQMxAzED
MQMxAzEDMQMxBHNMlJKc05zTnNOlFZzUlNOU1JTTnNSU1IyTjJOMk4yTjJKUkoxS
jJKMk4ySjJOEUYvPg86DzYONg42MUoxTjFNrj0rMbJJ0UkLLY4+EUoRShFKEUnvQ
c9B8EXwRfBFz0HQQY01zz3PPc9Brz1tNa890D2ONMYYYghiBGEEYgRiBGIEYgRiB
GIEYgRiBGEEQQRBBEEEQQRBBEEAQQRBBEEEIQQhBCEEIAQgBCAEAAQgBCAEIAQgB
IMIowyjCKMMowyjDKMMowyjDKMMpAykDKQIpAykDKQMpAykDKQMpAzEDMQMxAzED
MQMxAzEDMQMxAzEDMQMxAzEDMQMxAzEDMQNrS4ySfFBz0GLLWolSR1qIWohrCpTT
lJOUk4xTfFFrj3QRdBBrz4RRjJKMk4xTe89ySHpIekh6SXsMjFKEUoRSc9FTDHRR
dFFTDGOOfBBzz3POc85rTFsLYwxay1KKSklCCDnHOcYxhTFFKQQYwxiDGEIYghiB
GIEYgRiBGIEYgRiBGIEYgRiBGIEYgRBBEEEQQRBBEEEQQRBBEAEQQRBBCEEIQQhB
CAEIAQgBCAEAAQgBCAEIASCCIMMgwijCKMIowyjDKMMwwyjDKMMowyjDKMMowikD
KQMowyjDKQMpAykDMQMxAzEDMQMxAzEDMQMxAzEDMQMxAzEDMQMxAzEDYsqMkoyS
jJOMk4RSa89rjkqKSoqUkpTSlJKMkYQQc45zz2uOYwxzTXONc0xjC1rKOcc5xjmG
OYVBxkoGQcZBhTFEIQMhBCDDGIIYQRhBEAAQARABEAEQAQgBCAEIAQgBCAEIAQgB
CAEIAQgBCAEIARABEEEYghiCGIIYghiCGIIQghiBGIEYgRiBEIEQgRBBEEEQQRBB
CEEQQRBBEEEQQRBBCEEIQQhBCAEIAQgBAAEIAQgBCAEggiDDIMIgwiDCKMIowijC
KMIwwyjDKMMoxCjDKMMowyjDKMMowyjCKQMpAykDKQMpAykDKQMpAykDKQMpAyjD
KMMowyjDKMMow0GFWkhSB1JHSgZBxjmFOYUowyiCKMMowiCBIIEggRhBGEEYQRgB
GEEYQRhBGEEYQRBBEEEQARABEAEQARABEAEIARABEAEQARABEAEQARABEEEQQRBB
EEAQQRBBEEEQQRhBGEEYQRhBGIEYgRiBGIEYghiCGMIYghiCGIIYghiCGIEYQRiB
GIEYgRiBEIEQQRBBEEEQQRBBEEEIQRBBEEEQARBBEAEIAQgBCAEIAQgBCAEIAQgB
IEIggiDCIMIowijDKMMowyjDKQMpAykDKQMpAykDKQMpBCkDKQMpAykDKQMpBCkD
KQMpAykDKQMpAykDKQMpAyjDIMMgwijCKMMowxhCGEEYQRhBEEEQQRBAEEEYQRhB
GEEYQRhBGEEYQRhBGEEYQRhBGEEYQRhBGEEYQRhBGEEYQRhBGEEYQRhBGEEYQRhB
GEEYQRiBGIEYgSCCIIIggiCCIIIgwiDCIMIgwiDCIMIgwiDCIMIgwhjCIMIgwiCB
IIIggiCCIIIYghiCGIIQgRiBGIEYgRiBGIEYgRBBEEEQQRBBEEEQARABEAEIAQgB
CAEIAQgBCAEAAAgBCAEIARhCIIIogyjDKMMowyjDKMMowyjDKMIowijDKMMowykD
KQMpAykDKQMpAykDKQMpAyjDKMMpAykDKQMpAzEDKQIowijCKMIowijCIMIYgRiB
GIEYgRhBGEEYgRiBGIEYgRiBIIEgQSCBIIEggSCBIIEggiCCIIIggiCCIIIggSCB
IIEggijCKMIowiDCIMIgwiDCIMIgwijCKMIowyjCKMIowijCKMIowyjDKMIgwiDC
IMIgwiDCIMIgwhjCIMEgghiCGIIYghiCGIIYghiCGIIYghiBGIEYgRiBEEEQQRBB
EEEQQRBBEEEIQQhBCEEIAQgBCAEIAQABCAEIAQgBCAEYQSCCIMIgwijCKMMowyjD
KMMowyjDKMMowyjDKMMpAzEDKMMpAyjDKMMowyjDKMMowykDKQMpAykDKQMpAyjD
KMMowzDDMMMxAyjDKMIowijCKMIowijCKMEgwijCKMIowijCKMIowijCKMIowijC
KMIowyjDKMMowyjCKMIowijCKMIowijCKMIowijCKMIowijCKMIowijDKMMowyjD
KMMowyjDKMMowyjDKMIgwiDCIMIgwhjCIMIgwiDCIMIgwhiCGIIYghiCGEIYgRiB
GIEYgRiBGIEYQRBBEEEQQRBBEEEQQRBBCEEIQQhBCEEIAQgBCAEAAQgBCAEIAQgB
GEIggyDDIMMgwijDKMMowyjDKMMowyjDKMMowyjDKMMowijCKMMowyjDKMMowzDD
KMIowijCKMMpAykDMQMxAzEDMQMxAzEDMQMxAzEDMQMxAykDKMMowijCKMIowjDC
MMMwwzDDMMMwwyjCKMIowijCMMMowyjDKMIowijCKMIowijDMQMxAzEDMQMwwzDD
MMMowyjDKMMowyjDKMMowijCIMIgwiDCIMIgwiDCIMIgwiDCIMIgwiDCIMIgwiDC
GIEYgRiBGIEYgRiBGIEYgRiBGEEYQRBBEEEQQRBBEEEQQRBBEEEQQRBBEEEIAQgB
CAEIAQgBCAEAAQgBCAEIASBCKMMowyjDKMMowyjDKMMowyjDKMMowyjEKMMowijC
KMIowijDKMMowykDKMMowyjDKMMpAykDMQMxAzEDMQMxAzEDMQMxAzEDMQMxAzED
MQMxAzEDMQMxAyjDKMMxAzEDMQMxAzECMQMxAjEDMQMxAzEDMQMxAzEDMQMxAzED
MQMxAzEDMQMpQykDKMIowykDKMMowijCKMMowyjDKMMowyjDKMIowiDCIMIggiDC
IMIgwiDCIIIgwiCCIMIggRiBGIEYgRiBGIEQgRiBGIEYgRCBGIEYQRhBEEEQQRBB
EEEQQRBBEEEQQRBBCAEIAQgBCAEIAQgBCAEIAQgBCAEggiDCIMIgwijCKMMowyjD
KQMowyjDKMMowyjDKMMowyjDKMMowykDKMMowyjDKMMowykDMQMxAzEDMQMxAzED
MQMxAzEDMQMxAzEDMQMxAzEDMQMpAyjDKMMowyjDKQMxAzEDOQMxAzEDMQQxAzED
MQMxAzEDMQMxAzEDKQMxAykDMQMxAzEDMQMxAyjCKQMowyjCKMIowijDKMMowyjC
KMIowijCIMIggiDCIMIgwiDCIMIgwiDCIIIgwiDCGIIYghiCGIIYghiCGIEYgRiB
GIEYgRiBEEEQQQhBEEEQQRBBEEEIQQhBCEEIAQgBCAEIAQgBAAEIAQgBCAEIAQgB
IIIgwyDDKMIowijDKMMgwyjDKMMowyjDKMMowykDKQMpAykDKMMowyjDKQMpBCkD
KQMpAikDKQMpAykDKQMpAzEDMQMxAzECMQMxAzEDMQMxAzEEMQMxAzEDMQMxAzED
MQQxAzEDMQMxAzDDMQMxAzEDMQMxAzEDMQQxAzDDMQMxBDEDMQMxAzEDMMIowijC
KMIowijCKMIowijCKMIowijCKMIgwiDCIMMgwiDCIMIgwiDCIMIgwiDCIMIgwiCB
GIIYghiBGIEYQRCBEIEQgRCBEIEQQRCBEEEQQRBBEEEQQQhBCEEQQQhBCAEIAQgB
CAEIAQABCAEIAQgBCAEIASDCIMIowijCKMMowyjDKMMowyjDKMMowyjDKMMowzDD
MMMwwijDKMMowyjDKQMpAykDKQMpAzEDMQMxAzEDMQMxAzEDMQMxAzEDMQMxAzED
MQMxAzEDMQMxAzEEMQMxAzEDMQM5AzEDMMMxAzEDMQMwwzEDMQMxAzEDMQMxAzED
KQMxAyjDKQMowykCIMIowijCKMIowijCKMIowijDKMIgwijCKMIogijCIMIgwiDC
IMIgwiDCIMIggiCCGIEYghiBGIEYgRiBGIIYghiCGIEQQRBBEEEQQRBBEEEQQBBB
EEEQQRBBEEEQQQhBCEEIQQgBCAEIAQgBCAEIAQgBCAEgwiDCKMIowiDCKMIowijC
KMIpAijCKMIowyjDKMMowyjDKMMpAykDKQMpAykDKQMpAykDKQMpAykDMQMxAzED
MQMxAzEDKQMxAzEDMQMxAzEDMQMxAzEDMMMxAzEDMQMxAzEDMQMxAzEDMQMxAzED
MQMxAzEDMQMxAzEDMQMpAzEDMQMxAzEDMQMxAykCKQIpAikCKQMpAijCKMIowijC
IIIgwiDCIMIgwiDCIMIgwiCCIMIgwiDCIIIggiCCGIIYghhCEIEQgRiBGIEYgRiB
EIEQgRBBEEEQQRBBEEEQQRABEEEQQRBBEEEIQQhBCAEIAQgBAAEIAQgBCAEIAQgB
IMIowijCKMIowijCIMIowijDKMMowyjDKMMowyjDKMQowyjDKMMowyjDMMMowyjD
KMMowykDKQMpAzEDMQMxAykDKQMpAykDMQMxAzEDMQMxAzEDMQMxAzEDMQMxBDED
MQQxAzEDKQMpAzEDMQMxAzEDMQMxAzEDMQMxAzEDKQIpAykDKQMxAzEDKMMowyjC
KMIowijCKMIowijCKMIowiDCIMIgwiDCGMIgwiDCIMIggiCCGIIYghiCGIIYghiC
GIIYghhCGIEYgRiBGIEYQRhBGEEQQRBBEEEIARBBEEEQQRBBEEEIQQhBCEEIQQhB
CAEIAQgBCAEIAQgBCAEIASDCIMIgwiDCIMIowijCKMIowijDKMMowyjDKMMowyjD
KMIowijDKMMowyjDKMMowyjDKMMowyjCKQMpAykDKQMpAykDKMMowyjDMMMpAykD
MQMxBDEDMQMpAykDKQMxBDEDMQMpAykDKQMpAykDKQMxAykDKQMpAykDMQMxAyjD
KMMowyjDKMMowijCIMIowijCKMIowijCKIIowiDCIMIgwiDCGMIgwyDCIMIgwiDC
IMIgwiDCIIIggiCCGIIYghiCGEIYghiCGIEQgRCBEEEQgRCBEEAQQRBBEEEQQRAB
EEEQQRBBCEEIQQhBCEEIQQgBCAEIAQgBCAEIAQgBCAEggijCKMMowyjDKMMowyDD
IMIhAyDDIMMowyjDKMMowyjCKMIowijCKMMwwyjDKMMpAykDKQMpAykDKQMpAykD
KQMxAykDMQMwwzDDKMMowyjDKQIpAykDKQMpAykDKQMpAykDKQMpAyjDKMMowyjD
KQMpAykDKMIowijCKMMowijDKMMowyjCKMIowijCKIIowiDCIMIgwiDCIMIgwiDC
IMIgwiDCIMIgwiDCIMIgwiDCIIIYghiCGIIYghiCEIIYghiCGIEYgRiBGIEYgRCB
EEEQQRBBEEEQQRABEEEQQRBBEEEQQRBBCAEIAQgBCAEIAQgBCAEIAQgBCAEIAQgB
KIIggijCKMIowiDCIMIgwiDCIMMhAyDDIMMowyDDKMMowyjDKMMowyjDKMMowyjD
KMMowyjDMMMowyjDKMMowyjCKMMowijDKMMowyjDKMMowyjDKMMowyjDKMMowykD
MMMpAyjDKMMowijCKMIowijCKMIowijCKMIowijCKMIowyjDKMMowyjCKMIowijC
KMIowiDCKQIowijCIIIgwhjCIMIggiDCIMIYwhjCGMIggiCCIIIYghiCGIIYghiC
GIIYgRiBGIEQQRBBEEEQQRBBEEEQQRBBEEEQQRBBEEEQQRBBEEEQQQhBCAEIAQgB
CAEIAQAACAEIAQgBAAEIASjDIMIgwijCKMIowijCKMIowyjDKMIowijCKMIgwiDC
IQMgwyjDIMMowyjDKMIowyjDKMMowyjDKMIowijCKMMowyjDKMMowijCKMIwwijC
KMMowyjDKMMowyjDKMMowyjDKMMowyjDKQMpAykDKQMpAykDKMMowyjDKMMowyjD
KMMowyjDKMMowijCKMIogijCKMIowijCIMIgwiDCIMIgwiDCIMIgwiDCIMIggiCC
IIIYghiCGIIYghiCEIIYgRiCGIEYgRiBEIEQgRBBEEEQQRBBCEEQQRBBEEEQQRBB
EEEQQRBBEEEQQQhBCEEIAQgBCAEAAAgBCAEIAQgBCAEogyiCIIIggiCCIIIggiDC
IMIgwiDCIMIgwiDDIMMgwyDDIMIgwiDCIMIgwiDCIMMgwyDDKQMowijCKMIowijC
KMMowijCKMIowijCKMMowyjDKMMowyjDKMMpAyjCKMIowijCKMIowijDKMMowyjD
KMMowyjDKMMowyjDKMMowyjDKMMowyjCKMIpAijCIMIgwiDCIMIgwyDCIMIgwiDC
GMIgwiDCIIIgghiCGIIYghiCGIIYghiCGIIYghhBGIEQgRiBGIEYgRiBGEEQQRBB
EEIQQRBBEEEQQRBBEEAQQRBBCEEIQQhBCEEIQQgBCAEIAQgBAAEIAQgBCAEIAQgB
IIIggiCDIIIggiDCIMIgwiDCIIIggiDCIMIgwiDCIMIgwiDCIMIgwiDDIMMgwyDD
IMMgwyDCIMIgwijDKMMowyjDIMMowijCKMMowijCKMIowijCKMMowyjDKMMgwyDC
IMIowyjDKMMpAzEDKQMpAyjDKMMowyjDKMMowyjCKMMowyjDKMMowijCIMIowijC
IMEgwiDCIMIgwiDCIMIgwhjCGMIgwiCCIIIggiCCIIIgghiCGIIYghiCGIIYgRiB
EIEYgRiBGIEYQRhBEIEQQRBBEEEQQRBAEEEQAQhBCEEQQQhBCEEIQQhBCAEIAQgB
CAEIAQgBCAEIAQgBCAEIASCCIMIgwiDDIMMYwyDDIMMgwiDCIMIgwiDCIMIgwhjC
IMIgwiDCIMIgwiDCIMIgwiDCIMIgwiDCIMIgwijCKMMowyjDKMMpAijCKMMowyjD
KMIowyjDKMMxAykDKMMowijCKMMowyjDKMMowyjDKMIowyDDKMMowyjDKMMowijC
KMIowijCKMIowijCKMIgwiDCIMIgwiDCIMIYwiDCIMIggiCCIIIYgiCCIIIggiCC
GIIYghiBGIEYQRiBGIEYgRiBGIEQgRCBEIEQgRBBEEEQQRBBEEEQQRBBEEAQQBBB
EEEIQQhBCEEIAQgBCAEIAQgBCAEAAQgBCAEIAQgBCAE=
END m9
frame    28 :  a closed book -0.19  an opened book -1.14   led   0/255 h0.00 lvl-0.67   -
frame    29 :  a closed book -0.72  an opened book -1.54   led   0/255 h0.00 lvl-1.13   -

snapshot  : frame 30, mean RGB 110 108 108
BEGIN m9 128 128 32768 bb874d5a
UopKSTmGOYZKCEpISkhBx0pJUopKSUJIQgdSiVrKWspSSVKKaw1zjWtNa017z4QP
hBCMUYxRjFGMUZSSlNKdE5TSlNOU050TnRSdFJUTnROdE50TnROdE51UpVSlFJ0T
nRSlFKUVnRSdFJ0UpVSlVKUUnROdFJ0UnRSdFJ0UnRSdFKVVnRSdFJ0UnRSdFJ0U
nNOU050UlNOM05TTlROVE4zSjJOM05TTlNOU0oySjJGMkYySjJKEkYRRhJKEkoSS
fJF8UHwQhFF8EHQPdA98EHQPa85jjmvPa89jjltNW05jjluNU0xLDFtNU0xbDErL
SstKy0rLSspCiToIQklCSVKKSkk5hjmFSkhSSEpIOcdKSVKKSklKSUIIUopay1rL
SklSimMNc41rjGuMe86ED4QQhBCMUYxRjFGUkpSSnROc05zTnNOc1KUUnNSdE5zT
nROdE50TnRSlVKVUpRSlFKUUpRSlFKUUnROlFKUUpVWlFJ0UpRSlFJ0UpRSdFJzU
nRSdVJ0UnRSdFJ0VnRSc1JTUlNOdFJzTlNOU050UlNOU0oySlNOU05TTlNOMkoyS
jJGMkoySjJGEUYRRhJGEkYRRfBB8EIRRfBB8EHQQdBB0EGvPa49rz2vPY85bTVuN
Y45bTVMMUsxbTVtMWwxKykqKUotKykqKSok6B0IIQkhSikpJOYYxhUpISklKSUHH
SklailKKSklCCFKJWstay1KJUopjDWuNa01rTXvPhBCMUYxRjFGMUYxRlJKckpzT
nNOc05zTnRSdFJzUnNOc05zTnROdFJ0UpVWlVZ0UnRSlFKUUpRSlFKUTpRSlVKVV
pRSdFKUVpRSlFKUUnRSdFJ0UpVWdFJ0UnRSdFJ1VnRSVFJTTnRSdFJTTlNOdFJTT
lNOU0pTSlNOU05TTjJKMkYyRjJGMkoyShFGEUYRShFKEUXwQfBCEUXwQdBB0EHQQ
c9Brj2uOa89rzmOOW01bTWOOW01TDErLU01TDFMMSspCikqKSopKikpJOcc6CEII
UopSSTnHMYZKCEpISkg5x0pIUolSiUpIQghKiVrLWwtSiVKJa0xzjWuNa017z4QQ
hFGEUYxRjFGMUZSSlJKc05zTnROc050TnRSdFJ0UnNOdE50UnRSdFKVVpVWdVJ0U
pRSlFaUVpRSlFKUUrVSlVaVUnRSlFKUUpRSlFKUUpRSc1KUUpRSdFJ0UpRSlFJ0U
nNOc050UnRSU05TTlRSU1JTTlJKU05TTlNOU04ySjJKMkYySjJKMkYRRhFKEkYSR
fFF8UXQQfFF8EXPPc898EHPPa45rjmuPa49jjltMW01jjVtMSwtKy1MMUwxSzEKK
QkpCikKKSklCSTnHOcg6CFKKSok5xjmGSkhKSUpJOcdKSVKKUopKSUIISopay1sL
UolSiWtMc01zTmtNc8+EEIRQjFGMkYxRjFGMkpSSnNOc05zTnNOlFKUUpRSdFJ0T
nRSdFJ0UpRSlVaVVpVSlFKUUpRSlVKUUpRSlVKVVpVWlVaUVpRWlFaUUrRWlFaUU
nNSlVZ0UnRSdFKUVpRWdFJ0UnNOlFJzTlNOUk50UnNSU05TTlNOU05TTjNOMk4yS
jJKMkoyShFGEUYRSjJKEUYRRfBB8EHxRfFB0D3PPdBBzz2uOY45rzmvOY41bTFtM
Y41bTEsLSspbTFMMUwtCikJJQklKSkpKQkkxxznHOghSilKJOccxhkpISklKSDnH
SkhSiVKJSkhCB0pJYspaylKJUolrTGtNc41rTXvPhBCEEIxRjFGMUYxRlJKckpzT
nNOc05zTpROlFKUUnRSdFJ0UnRSlFKUUpRWlVaUVpRSlVKVUpVWlVKUUpVSlVaVV
pVWlFKUVpRSlFKUVpRSlFKUUrVSlVKUUnRSlFaUVpRSc05zUpRSdFJTTlNOdFJ0U
lNOU04zTlNOU1JTTjJKMkYySjJKMkoSRhFGEUoSRhJGEUXwQfBB8UXxQc89zz3QQ
c89rjmuOa45rzmONW0xbTGONW0xTC0rKU0xTC0sLQolCiUJJSklCSUIJMccxxzoI
UolSiUHHOYZKCFJJUkhBx0pIWolSikpJQghKSVrLWstSikpKa0xzjXONa4xzzoQP
hBCMUYxRjJGMkoySlNKdE5zTnNOc06UUpRSlE50UpRSlFKUUpRSlFK1VrVWtVaVV
pVWlVaVVpVWlFKVVrVWtVa1VpRStVKVVpVWlVaVVpVSlFK1VpRSlFJ0UpVSlVKVU
nROdE50UnRSc05TTnNSdFJTTjNOU05UTlNOU05SSjJGMkoySjJKMkoRRhJKEkYSR
hFF8UXwQfFF8UXQQa890EHQQa85jjmvOa85rjltMW0xjjVtMUwtKy1NMUwxTC0KK
QolCiUJJQkk6CTHHMcc6B1JJUklBxzGGQghSSVJJQgdKSFrJWopSSUoIUklay2LM
UopSimtMc41zjXONe86EEIxQjFGMUYxRlJKUkpzSnRSc05zTnNOlFKUUpRSlFKUU
pRSlFKUUpRStVa1VrVWtVaVVrVWtVa1UpVSlVa1VrVWtVa1VrVWlVaVVrVWlFKUU
pRStVaVVpRSdFKUUpVSlFJ0UnRSlVKUUnNOc06UTnRSc05TTlNOU05TTlNOU0oyS
jFKMkoySjJKEUYRSjJKEkYRRfFB0EHxRfFB0D2vOdA90D2vPY45rjmuOY41bDFtM
Y41bTVLLSspbDFsMUstCSUJJQklCSUJJQkkxhjHGOcdCSEpIQgc5hkIIUklKSUIH
SkhailqKUklKCFJJYstjC1rKUolrTHONc01zTXvOhBCEEIxRjFKUkpSSlJKc050T
nNOc05zTpRSlVJ0UpRSlFKUUpRSlFKUUrVWtVa1VrVWtVa2VtVWtVa1VrVWtVa1V
rVWlFK1VrVWtVa1VrVWtVaUUrVWtVaVUpRSlVaVVpVWlFKUUpVWlFJ0UnNOlFJ0U
lNOU05TTnNOc05TTlNKMkoySjJKMkoyShFGEUoSRhFGEUXxQfBCEUXxQc89rznQP
dA9rzmONa45rjmONWwxbTFuNW01Ky0rKWwxbDFMLQolCSUJJQklCCUIIMYYxxjnH
QghCCEHHOYZCCFJJUklCB0pIWspailKJSghSSWLLYstailKJa01zjnOOa017z4QQ
hBCMUYyRjJKMkpSSnNOlFJzTnNOc050UpRSlFKUUpRSlFKUUpRSlFK1VrVWtVa1V
rVWtVbVVrVWtVa1VrVWtVa1VpVWtVa1VrVWtVa1VrVWlVa2VrVWlVaVVpVWtVaVU
pRSlFKVUpVSdE50UnRSdFJzUnNOc05zTnJKUkoySjJGMUoySjJKMkoRRhFKEkoSR
hJF8UHwPhFB8UHQPa890EGvPa49jTmuOa49rjlsMUwxbTVNNSstKylsMWwxSy0JJ
QklCSUJJQkhCCDGGMYYxx0IHQghCBzGGQghKiVKJQgdKCFrKWolSiUpISohjC2ML
UspSimtNc41zjWtNe8+EEIQRjFGMkoySjJKMkpTTnRSdE50TnNOlFKUUpRSlFKUU
pRSlFKUUrVWtVbWWrVWtVa1VrVWtVa1VrVWtVa1VtZa1lq2WrZatlq2VrZWtVq1W
rVatVq1WrVWtVa1WrVatVq1VpVWlVa1VpVSlVaVVpVWlFaUUnRSUkpSSlJKMkoyS
lJOMkoySjJKEUYySjJKMkYRRhFB8EIRRfFB0EGvOdA9rz2uOY41rjmuOY45bDFsM
Y01bDVLLSstbDFMMUwtCSkJIQklCSUJJQggxhjGGOcdBx0IIQgg5xkIHUklaiUIH
SghailKKUolKSUpJWwtjDFrKUoprjXOOc45rTnvPhBCMUYxRjFGMkoySlJKc06UU
nROdE5zTnRSlFKUUpROlVa1VrZatlq2WrZatl62WrZatlq2WtZa1lrWWtZa1lrWX
tZetl62XrZetl62XrVatlq2WrZatlq2WrZatlqWWrZatVq1WrVatVqVWpRWlFaUV
pVWlVaVVlNGU0Z0SnRSVFJTUjJOMkoyRhFGEkoySjJKEUYRQfBCEUHxQdA9rznQP
dA9rzmONa41rjmuOWwxTDGONYwxSy0qKUwxTDFLLQklCCEJIQkhCCEIIMYYxxjHG
QcdKCEoIOcZCB1KJUolKCEoIWopailKJSkhKiGMLYwtay1KJa01zjnOOa017z4QQ
hBCMUYxRjJKMkpSSnNOlFKTTpRSc06UUpRSlFJzTrVWtlq2WrZatlq2WrZatlrWW
tZa1lrXWtZa1lrWWtZa1lq2WrZetl62XrVetlq2WrZatlq2WrZatlqWWrZatlq2W
rVatVq1WpValVqUSlJCUkKUUpRWlFZSMjEuUjKUQjFFrTYySjJKMkoRRjJKMkoSS
hJF8UHQQfFB8EHQPa850D3PPa85jjWuOa45rjlsMUwxbTFtMUwtKyltMUwxSy0JJ
QghCCEJIOkg6BymGKYYxx0IHSgdKBzmGSgdSSVKJSkdKB1rKWopSiUpISkhaymML
WspSiWtMc45zjmtOe8+EEIQQjFGMUZSSlJKUkpzTpNOc05zTnNOlFKUUpRSc061V
rZatlq2WrZatlrWWtZa1lrWWtZa1lrXXtZa1lrWWtZa1lrWWtZatlq2WrVetl62W
rZatlq2WrZatlq2WpZatlq1WrVatVq1WrValEoyPjJCdFKUUpRSMTYxNpI+s0YwO
QceMEYySjJKEUYyRjJGMkYyRhFB8EIRRfFB8EGvOdA9zz2vOY41rjmuOY45TDFMM
W01bDVLMSspTDFMMSstCSToIQgk6CEIIQggphjGGOcdBxkIIQgg5h0IHUolSiUoH
QgdSilLKUolKSEpJWstjDFrLUoprTXOOc45rTXvPhBCMUYxRlJKUkZSSlJKc06UU
pRSlFJzTpRSlFJzTlNOtVa2WrZa1lq2WrZatlq2WrZWtlrWWtZa1lrWWrZatlq2W
rZatlrWWrZatl7WXrZatlq2WrZatlq2WrZatlq2WrVatVq1WrValVaVWpVSMUYxR
pROlVKUUnNOUkZzSrNOMD0HHg4+MUYxRhFCEUYyRjJGEkXxQdA98UHxQdBBrznQP
dA9rzmONa41rjmuNWwxTDFtMWwxSy0qKWwxbDFLLQkk6CDoIOghCCDnHKYUphjHH
OcdCB0IHOcZCB1KJUolKSEoIWspaylqJUkhKSGLKYwtaylKJa0xzjXPNc417z4QQ
jFCMUYxRlFGUkpSSnNOk06TTnNOc06UUpRSlE5SSrZatlrWWrVackKSQnFCkUJwP
pFGcEMWVpJKkkaSSrVW1lrWWtZa1l7WXtZe1l7WXtZetlq2WrZatlq2WrZallqWW
rVatVq1VrValVqUVnRSdFKVVpVWlFaUVpRWdFZ0VlNR8EHwQhFGMkoRRhFKMkoyS
jJKEUXwQfFF8UHQPa850D3PPa85jTGuOa45jjlMMUwxbTVtMUwtKylsMWwxSy0JJ
QghCCEIIOgg6CCmFKYY5x0HHSghKCEHGSgdSiVqJSkhKCFqKWspaikpJSklay2MM
YstSiWtMc41zznOOe8+EEIRQjFGUUZSSlJGUkpzTnNSlFKUUnRSlFKUUnNOUka1W
rZa1l5SSxZakUZwQpBCbzqxQk87FVpxRlJK1lrXWtZe1l7WXtZe1l7WXtVe1l7WX
rZatlq2WrZatlq2WrZatlq1WrVatVq1WrValVqUWpVWlVaVVpVWlFaUVpRWdFZzV
nRWMUYRRjJKEUYSSjJKMkoRRhFF8EHxRfFB0D2uOc89zz2uPY01rjmuOa45bDFsL
Y0xbDFLLSopbDFMMSstCSToIOghCCDoHOccpRSmGMcdBx0oISghBx0oHUolailJJ
SkhaymLKWolSiVJJYwtjDGMLUsprTXOOc85zjnvPhBCMUYxRjFKUkpSSnNKc05zT
nNOc050UpRSlFJzTlJKtVbWWtZatFZRSpRSlE6UTnJKk06TTpNOckqTTtZa11rWX
tZetl7WXtZa1l7WXtZe1l7WXrZatlq2WrZatlq2WrValVq1WrVatVa1WpRalVqVW
pVWdVaVWpRWlFZ0VnRWUkpTThFGEUYRRhFGEUYyRjJGEUYRQdA98UHxQdA9jznPP
c89rz1tNY45jjmONWwxSy2NMW0xSy0qKUwtTC0rKOkg6SEIIQghCCDnHKUUphjGG
QcdKCEoIQcdBx1KKUopKSUIIWspaylrKUolKSWMMa0xjDFrKa41zjnvPc457z4QQ
jFGMUZSSlJKUkpSTnNOc050UnRSdFKUUpRSc05zSrVW1lrWWrVWckpySpROk061V
rVWtFKTTrNOtFK0UtZa1lrWXtZe1l7WXtZe1l62XrZetl7WXrZatlq2WrZatlq2W
pZatVq1WrVatVaVWpValVqVWpVWlVaUVpRWdFJ0VWgdJRXrLhBCEUYRRhFKMkoRS
hFGEUXwQhBF8EXQQa45zz3PPa85bTWOOY45jjlMMUwtbTFsMUspKilMLUwtSykJI
Ogg6CDoIOgg6CClGMUYxh0HHSghKCUHHQcdSilrKUolKSFrLWstay1KKSkljDGtM
YwtaymtMc457z3OOe8+EEIxRjFGUkpSSlJKc0pzTpROlFKUUpRSlFKUUnNOc062W
tZe1lq1WrRWtFa1VrVW1l7WWrZatlq2WrVa1lrWXtZe1l7WXtZe1l7WXtZe1l7WX
tZe1l7WXrZatlq2WrZatlqWWrVatVq1WpValVqVWpVWlVaVVpVWdFZ0VpRWlFWII
UYZ6y3QQdA+EUYRRjJKMkoyRhFF0D3xQfFB8D2uOc89zz2vOW01jTmuOY41TDFLL
W0xbTFLLSopTC1MMSspCSToIQgg6CDoIOgcpRSmGMYZBx0oISkhCB0IHUslSylKK
SkhaylsLWstSilKJYwtrTGMMWstrTnOOe89zjnvPhBCMUYxRjFGUkpSSlJKc05zT
pRSlFKUUpRSlFJzTnNOtlrWXtZe1lrWXtZe1l7WXtZe1l7WXtZe1l62XtZe1l7WX
tZe1l7WXtZe1l7WXtZe1l7WXtVe1l62XrZatlq2WrZatlqVWrVatVq1WrValVZ0U
nRSlVJUTlNSVFJ0VnRRrTVrLc01jTGuNhFCEUYSRjJGEUYRQfA98EHwQdA9jjmvP
c9Brj1tNY45rjmONWwxSy1tMW0xKy0qKUwxSy0qKQkg6BzoIOgg6CEHIKUUxRTGG
QghKSUpKSghKCFqKYstailJJWstizGLLWopaiWsMa01jDFrLa017znvPe86ED4xQ
jFGMUZSSlJKUkpSSnNOc06UUpRSlFKUUpRSc05TTrZa1l7WXtZe1l7WXtZe1l7WX
tZe1l7WXtZe1l7WXtZetl7WXtZe1l7WXtZetl7WXtZe1l7WXtZe1l62WrZatlq2W
rZatlq1VrVatVq1WpM+UTZyOpY58S2OJdEydFZTVlNSVFHxRWw1jjXxRhFGMkYyR
hFGEUHwPfBB8EHQPY41zz3PPa89bTGONY41jjVsLUstbTFtMUstKilMMUstKikII
Occ6CDoIOgg5yClFMYUxhkoIUklSSUpJSklay1sLWspSiWMLYwtjDFrLUoprTWtN
a01jDHOOe897z3vPe8+MUYxRlJKUkpSSlJKUkpzTnNOlFKUUnRSlFJ0UnNOUkq2W
tZe1l7WXtZe1l7WXtZe9l7WXtZe1l7WXtZe1l7WXtZe1l7WXtZe1l7WXtZe1l7WX
tZe1l7WWtZatlq2WrZatlq2WrZatVq1WrVWtVqUQlE6UjaWMbAlbiGyLhVV0UWPP
dJJkkUsMW018EIRRhFGMkYRRhFBzz3wQfBB0D2uNc89zz2vPY0xjjWOOY41TC0rK
W0xbTFLKSopSy1LLSopCCTnIOcg6CDoIOgcpRSlFMYZKSVKKUopSilJJWstjDGML
UspjDGNMa0xjDFsLa01zjXONa0xzjXvPhBB7z4QQjFGMUYyRlJKckpSSlJKc1KUU
pRSlFKUUpRSlFJzTnNO1lrWWtZa1lrWWtZa1lrWXtZetVq1WtZe1l7WWpRW1lrWX
tZe1lq2WrVWlE7WWtZa1l7WWtZa1lrWWtZatlq2WrZatlq2WrVatVq1WrVWlE5SR
lNClj3RNY8t8jo1VbFFbz2RRZJNLTFsMdBCMUYxSjFGEUYRRdA98EHwQfA9rjXPO
dA9zz2NNY01jjWNNUwxKy1sMWwxKy0KKUstSykqKQgg5xzoHOgc6BznHIUUpRTGG
UolaylrLWspSimMMY0xjC1rLY01rTWtNYwxjC3OOc45zjmtNc8+ED4QQhA+MUIxR
jFGUkpSTnNOc05zTnNOlFKUUpRSlFKUTnNOc0pzTtZa1lrWWtZaMEFqLnNO1l7WX
lJJzjrWXtZalFEpJhBCtFK0TaspaiUHGWoq1lrWXtZe1l7WXtZe1l7WXrZatlq2W
rZatlq1WpVWtVq1WrVWlFJzTnRGlUpTQjNCU0XSRY89sUWzTS0xKymvPhFGMUYxR
hFGEEHPPfBB8EHQQa45zz3PPa49bTWONY41jjVsMUspbTFsMSstCiVLLUspKikII
Occ5xznHOcg5xylFKUYxhlKKWstjC2MLWspjDGtNa0xay2tNc41zjXONa0xzjXPO
e85zjXvOhBCEEYQQhBCMUYyRlJKUkpTTnNOc0p0TnROdFJ0UpNSc05zTnNOc07WW
tZa1lrWWlJJKSZzTnNO11mLMpRS1l7WXfBA5x5ySUoqc05zTa02EEIQQtZa117WX
tZe1l7WXtZe1lrWWrZatlq2WrZatVqVWrVatVa1VpQ+UjZyMtUyky5RMnIydE5zT
jJOM02NNY01zz4RRhFGEUYRRfBBzz3wQfBB0EGuOc890D2vOW0xjTWOOY05TDErL
W0xbTErKQolTC1LLSso6CDHHOcc6BzoHOccpRClFMYZSilsLYwtrDGLLa0xrTXON
a0xrTXOOc45rjmtNc457z3vPc457z4QQjFCMUIxRlJKUkpTTlNOc0pzTnNOdE50U
pRSlFKUUnNOc05zTnNO1lrWXtZetVmtNKURaynvOtZQxhkpJtZa1lpSSc01zjpyS
tZa9l0qKtZelFbWXtZe1l7WXtZe1lrWWtZa1lq2WrZatlq2WrZatVq1WrVatVqUR
lE6UTKSInMmUTJRNrRCkzznHSoprTWtNc898EIRRhFGEUXxRc898EHwQdA9rjmvO
c89rzltMW0xjjWONUwtKylNMW0xKykKJSstKy0qKOggxxzHHMcc5xznHIQUpRTGG
WstjDGtNa01jDGtNc45zjmtNc45zjnvPe89zjnvPe898D3vPhBCMUYxRjFGMUZSS
lJKc0pzTnNOc05zTnNOc1KUUpRSlFJzTnNOc05zTtZa1l7WXc89CSYRROcdSioPP
e89KSK1VlFFrDGsLQceDj72WvddSip0TtZa1l7WXtZe1l7WXtZe1l7WXtZetlq2W
rZatlq1WrVWlFKUTpROlE5xQpIyUS4wLhAyMTaUQg8w5hkGFa0xrTXvPhBGMUYRR
hFF8EXPPdBB8EHPQa45rz3PPa45bTGNNY01jTVsLSspbC1sMUstCiVLLUstKijoI
MccxxznHOcc5xylFKUUxhmMMY01rTWuNa01zjnOPe89zjnvOe897z3vPe8+EEIQQ
jFGEEIQQjFGMUYxRjFGUkpSSlJKc05zTnNOc0pzTpROlFKUUpRSc05zTnNOc07WW
tZe1l4QRWsyMUmsNrVVizL2XUklSSpyTrVVjDFKKYwytVb3XnNNSi62Wtde1l7WX
tZe1l7WXtZe1l7WXtZatlq2WrZatlq1VpROc05zTpRSlFKUUnNN7z3vPe86c04OP
QYY5RWMMa410D4RQhFGEUYRRfFFzz3wQfBBzz2uOa85rzmuOW0xbTGNNY01bC0rK
WwxbDFLKQolSy0rLSoo6CTHIMcg5xznHOcchRClFMYZrTWtNc45zjnOOc457z3vP
e897z3wQhBCEEIQQhBCMUYxRhBCMUYyRjJGMkoySlNOUkpzSnNOc05zTnNOc05zT
pRSlFKUUnNOc05zTnNO1lrWXtZe117WXpVWtlrXXrZa1162WrZa117XXrZalVrWX
tde117XXrZa117WXtZe1l7WXtZe1l7WXtZe1lrWWtZatlq1WrVatVaUUpNOk060T
rROUjZRNlE2EDoQPnJGDjkGGOUViynvPhBCEEYRRhFGEUYRQc898EHwQdBBjjWvO
a85rzltMY0xjTWNMUwtKylsMWwxSy0JKSotKi0KJOggxxzHHMcc5xzmHKUUpRTGG
c45zjnvPe897z3vPfA+EEIQQhBCEEIQQjFGEEIQQjFGMUYxRjFGMUZSSlJKUkpyS
lJKc050TnROdE5zTnNOdFKUUpRSlFJzTnNOc06UTtZa11rWXtZe1l7WXtZe1l7WX
tZe1l7WXtZe1l7WXtde117XXtZe1l7WXtZe1l62XtZe1l7WXtVa1lrWXtZa1lrWW
rZWlVaVUrVWtVaUUpRWtVa1VjI2MTZRNlA+UD5PPi45JhUGEYsl7z4QQhFCEUYRR
hFGEUHPPfBB8EHPPa41rznPPa49bTFtNY41jTVsLSspbC1sMUstCSkqLSotCijoI
KccxxzHHOccxxiEEIUUpRnvPe897z4QQhBCEEIQQjFGMUYQQjFGMUYxRjFGMUYxR
lJKUkpSSlJKUkpTSlJKc05zTnNOc06UUpRSc05zTpRSlFKUUpRSc05zTnNOc07WW
tZa1lrWWtZa1lrWWtZa1lr2WjFG1lbWVjBC9l73XvZe9mLWXtde117XXtZdrTqUU
rVSUkYxQpRStlrWWtZa1lq1VpRSlFK1WrVatVq1WrRatVZSOlI2czq0TpNKUUYvO
YkhJhWqJe8+EEIRRhFGEUYRRfBBzz3wPfBBz0GONa45zz2uOWwxbTGONY01bC0qK
UwxbDFLLQolKykrKQok6CDHHMccxxzHHMcchBSFFKUaEEIQQhBCMUYxRhBCEUIxR
jFGMUYxRjFGUkoySjJKMkpTTlJKUkpySnJKc05zTpRSc05zTnNOlFKUUpRSlFKUU
pRSlFJzTnNOc05zTnNO1lrXWtZaUklpIUghSB0nHawu9VFqLe9Cc1HvQtZe1l5TU
tZe1l7WXtZe1l3vPOcetVZzTSklSipSTtZa1lrWWtZa1VaUTpRStVa1WrVatVa0V
rVWlFKUUpRSlFKUUnRSUUXMMYspzDHPPhBCEEIRRhFGEUXwQc89z0HwQdBBjjmvP
c89rz1sMW0xjTWNNWstKilrMWwxSy0JJSopKikJJOggxxzHHMccxxzHHIUUpRTFG
jFGEEYRRjFGMUYRRjFGUkoySjJGMkZSSlJKMkpSSlJKc05zTnNOc05zTnNOc05zT
nNOc050UpRSlFKUUpRSlFKUUpRSc05zSnNOc06UTtZa11rWWpVWU03PPc49SinON
e8+EELWVtZZ7z7WWtZVCBqTSe861lbWUe84ZA6UTtZac1EIJUoqMUpzUrZW1lrWW
rZalFKUUrVStFJzTnNOlFK1VrVSlE50SnRGlUZzQnA6LjIuNe0x7z4QQhFCEUYRR
hFF8EHPPc9B8EHPPY41rjmvPa85bDFtMY01jTFMMSopSy1sMSspCiUqKSopKSToI
MccxxzHHOccxxyFFIUUphoxRhBCMUYySjJKMUYyRlJKMkoySlJKc05zTlNOU05SS
nNOc05STnNOc05zTnNOc05zTnNOlFKUUpRSc06UUpRStVaUUpRSc05zTnNOlFLWX
tZe1l7WXtZZzjlrLQgi1VZTTYwy11pSSQgi9VmsLKQNSCEnHtVVaSkpJMUW1lrWW
lJJKSlrKjFBCB61UtZe1l7WWrVatVq1WpRSUkJRQpRKtU61TnIyUS5yLrQ6UjJPO
i42LTYNNc858EIRQhFCEUYRRfFBzznQPfBBzz2OOa45zzmuOWwxbDFtNW01Sy0KK
UwtTC0rKOolKikqKSkk6CDHGMccxxzHHMcchBSFFMYaMkoxRjFGUkoySjFKMkpTT
lNOUkpSSnNOc05zTnNOc05zTnNOc05zTnNOc05zTpRSc05zTpRSlFKUUnNOlFKUU
pRSlFJzTlJKc05zTpRS1lrXXtZe1l7WXUouEEaTUvZe9l7WXlJM5x5zTtZec1FKL
hBGMUrXXlNO11zGHtZa9lmMMa01iyjGFa061lrWWtZa1lrWWrZatlqVUlJCUkKUS
rVOtU5zNlEucjLUNnIyTzouNi42LTXPOfBCEUIRRhFGEUXxQc89zz3QPdA9jjWvO
a85rzlsMWwxjTVtNUwtCiVMLUwtKykKJSopKikJJOcgxhzHHMccxxynHIQUpBSlG
jJKMUZSSlNKUkoyRjJKU05TTlJKUkpzTnNOc05yTnNOc1J0TlNOc05zTnNOc06UU
nNOc06UUpRSlFKUUpRSlFK1VpRSc05SSlJKc05zTtZa1l7WXtZelFTnHtZa91r3X
tZZ7zznHnNK9173Xvdd70IxSvde9173Xvdcxh7WWrVVKSa1Vc45izLWWtZa1lq2W
tZa1lrWWtZatVZzSnNKlVK1UrVSk0JSPnI+tEJyQlA6LTIuMi0x7jXwPhBCEUYRR
hFF8UHPOc898EHPPY01rjXPOa85bDFsMY01bTVMLQopTC1MLSspCSUqKSopCSToI
MYcxhzHGMcYxxiEEKUQpRZSSjFGMUZSSlJKUkYySnNOU05TSlJKc05zTlNOU0pTT
nNOdE5zTnNOc06UTpNOlFJzTpRSlFKUUpRSlFKUUpRStVaUUpRSUkpSSnNKlFLWX
tZe1l7WXUouMEb3Xvde915zUSoqlFL3Xvde9173XnNSMUb3Xvde9173XYsy1lrWX
rZa1l62WrZa1l7WXtZa1VrWWtZatlq2WrValVaVVrVWtVa1VpRSlFKUUpRSk1JxS
i42LjYNMc457z4QQhFCEUIRQhBBzznPPfBBzz2tNa41zzmvOWwxbDGNNY01Sy0KK
UstSy1LKQkhKikqKQkk5yCmGMYYxhjGHMYchBCEFKUWUkpSSjFGUkpSSlJKUkpzT
nNOUkpSSnNOc05zTnJKU05zTnNOc05zTnNOlFJzTpRSc05zTpRSlFKUUnNOlFKUU
rVWlFJzTlJKUkpzSpRS1lrWXtZe1l7WXvZe9l73Xvde917WXvZe9173Xvde9173X
tde9173Xvde9172WtZe1l7WXtZe1lrWXtZe1l7VXtZa1lrWWrZatVq1Vi86Lz6SS
rVWtVaVVpRSUkZRQrJGkUIuNi42LTHOOe8+EEIQQhFGEUHwQc85zz3QQdA9jjWuN
a85rjlsMWwxjTWNNUwtKiVMLUwtKyjpJSkpKikJJOggxhjGHMYcxhzGHIQQhBClF
lJKUUpSSlJKUkoySjJKU05zTlNKUkpzTnNOc05SSlNKc050TnNOc05zTnNOc06UU
nNOc06UUpRSlFKUUpRSlFK1VpRSlFJSSlJKc0qUTtZa1l7WXtZe1l7WXtde117XX
vde117XXtde1l7WXvZe1l7WXtZe1l7WXvZe9172XvZe1l7WXtZe1l7WXtZe1V7WX
tZe1lrWWrZatVoqHecSbCaVUpRSlE6UTlI6MTayQpFCTTYtNiwxzjnvPhBCEEIQQ
fBB8EHPPc890EHPPY41rjmvOa45bDFsMW01bTFMLQolLC1MLSspCSEqJSolKSToI
MYYxhjGGMYYxhiEEKQQpRZSSjFKUUpSTlJKMkoxSlNOU05STjJKc05zTlNOU0pTS
nNOdE5TTnNOc06UUpNOlFJzTnNOlFKUUpRSc06UUpRStVaUUnNOUkpSSnNKlFLWW
tZe1l62WpVWtlqVVtZatVbVWpRStVKVVnNOtVZzTpVWUk61VlJK1lr3Xvde917WX
vZe1l7WXtZe1l7WXtZe1lq2WtZa1lrVWrVVyRmoGo8ytEqTSpNGtEpSNjEykjazO
igWBhImEc0xzz3wQhBCEEIQQhBBzjnPPfBB0D2ONY41rzmuNWwxbDFsNWwxSy0KK
UstTC0qKQklCSkqKQkk5yDGGMYYxhjGGMYYhBCEEKUWUkpSSjJGUkpSTjJKMkpTT
nNOUk5SSnNOc05zTlJKc05zTpRSc05zTnNOlFJzTnRSc05zTpRSlFKUUpRSlFKUU
pRSlFJzTlJKckpzTpRS1lrWXtZeVFHPQlNSEUaVVlNSlloRShFKU04ySrZaU061W
e9ClFYxSpRW9173Xvde9l72XtZe1l7WXtZe1l7WWrZa1lrWWrZatVa1VlBBzTaSR
rRKk0qTRpRKUT5SRpNClEIlEgQOBA3tMe8+EEIRQhFCEEHwPc85zz3PQc89jTWuN
a45jjVsMWwxjDVsMUwtCiVLKUwtKijpIQklKikJJMccphimGMYYxhjGGIQMhBClF
lJKMUoxSlJKUkoySjJKU05zTlNOUkpzTnROc05TSlNOc050TnNOc05zTnNOc06UU
nNOc06UUpRSlFKUUnNOlFKUUpRSc05SSnJKck60UtZe1l7WXpVV8EKWVjJKlVYyS
nRSU05UUlRSM062WnRW115TUrVac1K1VvZe9l72XtZe1l7WWtZe1l7WXtZe1l7WW
tZa1lrWWtVatVqVWpVWlVaUUnNKk0oMJcoebjLRPpA2BhHkDeUNzjnPPfBCEUIRQ
hBB8D3POc858D3PPa41jjWuOY41TDFMMW0xbTFLLQklSy1LLSopCCUpJSkpCSDnH
MYYxhjGGMYYxhiEEIQQpRZSSjJKMUZSSlJKUkoySlNOU05TTlJKc05zTnNOUkpzT
nNOlFJzTnNOc05zUpRSlFKUUnNOlFKUUpRSlFJzTpRSlFKUUnNOUUpySnJOlFLWW
tZe1l62WrVatlq2WtZa1l7WXtZe1l7WXrVatlq2WrZa1lrWWtZetlrWXrVWtVa1V
rVWtVa1WpRW1l7WXtVa1lrWWtZa1lrVWpVWEUoRRlNOlVaUVpRWKR3GEkojEDrOM
iYOBApGEe85zznwPhBCEEIQQfA9zjnPOc89zzmNNa01rjmtNWwxTDFtNWwxSy0KJ
UspSy0qKOghCSUJJQkgxxymGMYYxhjHHMYYhBCkFKUWMkoySjFGUkpySlJKMUZTS
lNOU05SSnNOc05zTlJKc05zTpRSc05zTnNOc06UTpRSlFJzTpRSlFKUUpRSk06TT
pRSlFJzTlFKUkpzSpRS1lrWWtZeU1HwRjNN0EJ0UjJKdFK1VnRSM03xRjNNzz4yS
jFKc1KUVnNOlFKUVnNOc05TThFGU04zSrZa1l7WXtZetlrWWtZatVqVWdBFr0IST
pValVaUUckdpxZtLvJCsDYGEeQN5A3uNc457z4QQhBCEEHvQc85zznwPc85rTWtN
a45rTVsMUwtbTFsMUstCSUqLUstKijoJQklCSkIJOccphimGMYYxhjGGIQQhBClF
lJKUkoyRjJKUkoySjJKU05zTlNOUkpzTnNOc05zTnNOc06UUnNOc05zTnNOlFKUU
pRSc06UUpRSlFKUUnNOc06UUpRSc05RRlJKc06UUtZa1l7WXhJJj0HyTa9CVFIRS
lNOM1J0UhJJ0UYTTbBCEkoyTnRWtl50UrZalFK1WnRSdFJzUpRSc1K1WtZe1l7WW
tZa1lrWWtValVXRRbBCE06VVpNSlE6SSg8+cUqTTnJGJhXkDeQN6iHuOe8+EEIQQ
hBB70HOOc850D3POY41jTWuNY01TC1MLWwxbDFLLQklSi1LLSopCCEJJQklCCDHH
KUUphimGKYYxRiEEIQQpRZSSjJKMkZSSlJKUkoxRlJKc05TTlJKc05zTnNOUkpzT
nNOc05zTnNOc05zTpRSlFKUUnNOlFKUUpRSlFJzTnNOlFKUUnNOMUZSSlJKlFLWW
tZe1l6UVlNSlVZzUrVatlrXXrZelVq2XpVatl62XrZa1l7WXtZe1l72XtZe1l7WX
tZe1l7WXtVa1l7WXtZatlrWWtZa1lrVWrVWMk4xSlNOcjZSMnM2lVKUUnNOMkpTR
eYV5hYoHekd7jnvPhA+EEIQQe9BzjmvOc89zz2NNY01rjmONWwxbDFsNWwxSy0JJ
SopKy0qKOgg6SUJJOgg5xylFMYYphjGGMYYhBCEEKUWUkpSSjFGUkpTTlJKMUZSS
lNOUkpSSnJKc05zTnNOc05zTpRSc05zTnNOk06UUpRSlFJzTpRSlFKUUpRSc05zT
pRSlFKTTlFKUkpzTrRS1l7WXtZe1l72Xvde9173Xvde9173Xvde9173Xvde9173X
vde9173Xvde9173Xvde9173XtZe1l7WXtZe1l7WXtZa1lrWWtZatVq1WrVatVq1V
pIucSqRLpRKlEnyOW4dbiFpEeoebS2pKc457z3wQfBB8EHvQc45zjnvPc85rTWNN
a45jjlsMWsxbDFsMUspCSUrKSstKijpIQklCSToIMccphimGKYYphimGGQQhBClF
lJKUkoxRlJKc05SSlJKU0pzTlNOUkpzTnNOc05zTnNOc06UUnNOc05zTnNOc06UU
pRSc06UUpRSlFKUUnNOc06UUpRSc05RSlJGckq0UtZa1lrWXtZe9173Xvde9173X
vde9173Xvdi9173Xvde9173Xvde9173Xvdi9172XvZe1l7WXtZe1l7WXtZe1lq2W
tZa1lrWWlM+MjZTPrZKtUqTQnE6cTqVQpVF0TFNHU0dKhILItA5ainONe858D3wQ
fBB8D3OOc457z3OOa01jTWuOY01TC1MLWwtbDFLLQklKikqLSoo6CEJIQkk6CDHH
KUYpRimGKYYphiEEIQQpRZSSjFKMUZSSlNOUkoxRlJKc05SSlJKUkpzTnNOc05zT
nNOlFJzTnNOc05zTnNOlFJzTnNOlFKUUpRSlFJzTnNOlFKUUpRSUkZSRnJKtFLWW
tZa1lrWWvde9173Xvde9173Xvde9173Xvde9173Xvdi9173Xvde9173Xvde9173X
tZe1l7WXtZa1l7WWtZatlrWWtZatlXRLY8l8jK1VrVWlFJzTpRSU03RRW8tLh1PI
UwZ7CLSRYwxrjnPPfBB8EHwQdA9rjmuOc85rjmNNY01rjmNNUstTC1MLWwtSikJJ
SopSykqJOghCCEJJOggxxylFKUYphimGKYYYxCEFKUWUkpSSjFGUkpTTlJKUkZSS
nNOckpSSlJKc05zTnNOc05zTpRSc05zTnNOc05zTpRSlFJzTpRSlFKUUpRSc05zT
pRSlFKUTlJGUkpSSrVS1l7WXtZe1l72Xvde9173Xvde9173Xvde9173Xvde92L3X
vde9173Xvde9172XvZe9l7WXtZe1l7WXtZe1l7WWtZa1lrWWrZV8S2PJdEulVKVV
rVWlFaUVjNRbz1uOdFCEkGLKgsmsDlqKc457znwPfBB8EHQPa45rjnPPa89jTWNN
a45jTVMLSstTDFMMSss6SUrKSspKiToIQghCSToIMccphimGKUYphSmGGQQhBClF
lJKMkYxRlJKU05SSjFGUkpzTlNKUkpSSnNOc05SSnNOc06UUnNOc05zTnNOc06UU
pRSc06UUpRSlFKUUnNOc06UUpRSc05SSlFKckq0UvZa1lrWXtZe9l72XvZe9l72X
vZe9l73Xvde9173Xvde9173Xvde9173Xvde9173XvZe9l7WXtZe1l7WWtZa1lq2W
tZatlq2VjI98DIRKlMydDaVUrVWlFZTUa49jToySnNNiyFqHe8x7z3OOc897z3wP
fA97z2uOa45zzmuOY0xjTGuNY01Sy1LKWstTC0rKOkhKiUrKSok6CDoIQkk6CDHH
KUYpRSlGKUYpRhjEIQQpBZSSjJGMUZSRlNOUkoxRlJKc0pTSlJKUkpzTnNOc05zT
nNOlFJzTnNOc05zTpRSlFJzTnNOlFKUUpRSlFJzTnNOc06UUnNOUUZSRnJKtFLWW
tZa1lq1VrVStVK1VrVS1lZzSnNKtVLWVtZa1lrXXvde9173Xvde9173Xvde9l72X
tZe1l7WXtZe1l7WXrZa1lrWWtZa1Vq1VrVWkjJyMpM2lVaUVpRSc03wQe8+UkJzR
YwlayJSPlJFzjnOOe897z3vPe89zjmuOc49rjmNMY0xrjWONUstSy1rMUstSykJI
SopSykqKOgg6CEJJOgkxhylGKUYpRilGKUYZBBkEIUWUkoySjJGMkpTTlJKMUZSS
nNKU05SSnJKc05zTnNOc05zTpRSc05zTnNOc06UUpRSlFJzTpRSlFKUUpRSlE5zT
pNOk05zTlFGUUZySrRS9lrWWtZd70HONa0yMkJzSlJFzjnONe46cUaTUlJK1173X
vde9173Xvde9173XvZe1l7WXtZe1l7WXtZe1lrWWtZa1lrWWtVatVq1VnI2cTbTO
vM5zB2KInEytDpxMlAqUB3MDasWMj5SSc45zjnvPe9B7z3PPa45rjnPPc85jTGNM
a41jTVMMUstTDFLMUotCCUqKSotCSjoIOghCSDoIMYcpRilGKUUpRSlFGMMZBCEF
lJKUkoxRjJKU05SSjFGMkpTTlNOUkpSSnNOc05zTnNOc06UUnNOc05zTnNOc06UU
nNOc05zTpRSlFKUUnNOc05zTpRSc05RRlFGckq1UtZa1lrWWpRWlFKUVrVa1l61W
rZetl62WrVW1l7WXtZe1l7WXtZe9l73Xvde9172XtZe1l7WXtZe1l7VXrZa1lrWW
tZatVa1VrVWlE6USpNKlEaUPagdhxpvKvQ2ci5QJnAmDSXLKlJKUknOOa45zz3PP
c89zz2uOa45zzmuOY01jTGONY0xSy0rKUwtTC0rKOkhKiUqKQkk6BzoIQgg6CDGG
KUUpRSlFKUUpRRjDGMQhBZSSlJKMUZSSlNKUkpRRlJKc05TTlJKUkpzTnNOUkpzT
nNOlFJzTnNOc05zTnNOc05zTnNOc06UUpRSlFJzTnNOc05zTnNOUUZRRnJKtVLWW
tZa1lrWWrVWlFK1VnNOtVa0UpNO9lq0UrRSMELUUjBCMEKTUtZe1l7WXvZe1l7WX
tZe1lrWWtZa1lq2WtZa1lrVSpM6sy7UMpIqkjKzNtU+1D2pHYcabirzOnIyUC5QL
g4tzC5TTlJJrjmuOc45zz3PPc89rjmuOc89zjmNNY01jTWNNUstKi1LLUstKijpI
QolKikJJOgc6CEJIOggxhyEFKUUpRSlFKUYYxBjEIQWUkoySjFGMkZTSlJKMkZSS
nNOU05SSlJKc05zTnNKc0pzTnRSc05zTnNOc05zTpRSc05zTpRStFKUUpRSc05zT
nNOc05zTlFGUUZSSrVW1lrWXtZeMUYxRe46ckmsNjBCMEIPQtZaUk4xRYwytFHvP
e8+k07WWrVW1l7WXtZe1l7WXtZe1l7WXtZatlrWWtZa1EpyOrIi9CayIrIisiKyL
rI6LjYONnFCk0pTSlJGUkXuNa0yUkpSSc45rjXOOc89zz3PPa45rjXPOa45jTVsM
Y01jTFLLUopay1rLSoo6CEJJSolCSTnIOghCSDnHMYYpRSlFKUUpRSlFIMQYxCEF
lJKUkoxRlJKU05SSjFGMkpTTlNOMkpSSnNOc05SSlJKU0pzTnNOc05zTnNOc06UU
nNOc06UUpRSlFKUUnNOc05zSpRSc05RRjFGUkq1Uvda1lrWXpRWlFaUVrValFa1W
tZa1lrWWtVa1Vq1WtVa1lr2XtZec1KUUtZe1lrWXtZe1lrWXtZe1V62WtZa1lrWW
rRKcjayIvMmsh6yHpEekR5yLpRSlFKUUpI+UTpxOrJBzCmtNhBCEEGuNa41rjnPO
c89zz2uOa45rzmuOY01bDGNNWw1Sy1LLUstSy1LKOghCSUqJQkk6CDoIOgk5yDGH
IQUpRSlFKUUpRRjDGMMhBJSSlJKMUYxRlJKUkpSRjJKU05TTjNKUkpzTnNOc05zT
lJKc05zTnNOc05zTnNOc05zTnNOlFKUUpRSlFKTTnNOckqUTnNOUUYxRlJKtVbWW
tZe1l5SSjBGMEJySg89zjq0UvZZzTHvOlJFzjYwRlFK9l72XtZe1l7WXtZe1l7WX
tZe1lrWWtZatlrWWtZa1lq1TpNCszq0OrImkiaSJpEici4xQlFCk0pyNlEuUC5zT
jFKMkpSSjJJrjmNNa45zz3POa85jjWONa45jjVtMWwxjTWMNUstKikrLUstKijoI
QkpCikJJOcc6CDoIOcgxhikFKUUpRSlFKUUhAxjDIQSUkpSSjFGMUZSSlJKMUYyR
lNKU05SSlJKc05zTnNOc05SSnNOc05zTnNOc06UUpRSc05zTpRSlFKUUpRSc05zT
lJKc05zTlFKMUZSSrVS11rWWtZaMUYQRg9Gk1IwRjFGlFLXXjJKlFa1WpRSlFKUV
tZe1l7WXtZe1l7WXtZa1lrWWtZa1Vq2WtZa1la1VrVWtVq1WrRalVaUVpRScz5yO
nI5JgzkBk8acR5wGnEikzYxPhBGUkpSSe89rTXNNc45zzmvOY41jjWuOa45bDVsM
Y01bDFLKSopSy1LLSoo6CEJJSkpCSTnIOgg6CDnHMYYpRSEFKUUpRSlFIQMYwyEE
lJKUkoxRjFGUkpSSjFGMUZTSlNOUkpSSnNOc05zTnNOUkpzTnNOc05zTnNOlFKUU
pRSc05zTpRSlFKUUnNOc05zTpRSc05SRjFGUkq1VtZa1lrWXtZe1l7WXtZe1l7WX
tZa1lrWWtZa1lrWWtZe1l7WXtZe1l7WXtZe1l7WXtZe1l7WWtZa1lrWWtRKkkKSQ
rRS1Vq1VrVWlVa1VpVWlFZzTWYVJA4tInEycTJRMpM6UTHvNg82UUXvPa01rTXOO
c45zjmNNY01rjmOOWwxbDGNNWwxKykqKSstSykqKOghCSUJKQkkxxznIOggxyCmH
IUUhBSFFKUUpRRjDGQMhBJSSlJKMUYyRlJKUkpRRjJGU0pTTlJKUkpzTnNOc05zT
lJKc05zTnNOc05zTpRSc05zTnNOc06UUpRSlFJzTnNOUkpzTnNKUkYxQlJKtVbWW
tZa1lpzTlJKUka1UhA+EEK1UnNKc0pzTjBC1lrWWtZa1l7WXtZe1l7WWtZa1lrWW
tZatVa0UrRG9UbUPnI+cj7VRrVOlE61TrVGlEZzQpRGs0WIHWcWDCpSQnNSc1JzT
jEx7yoQLjJJ8EGNNa01rjnOPa45jTmNNa41jTVsMUwtbTFtMSspKilLLUstKijoI
QklCiUJJMccxxzoIMccphiFFIUUhRSlFKUUYxBkEIQWUkpSSjFGMUZSSlJKUUYxR
lJKUkpSSlJKc05zTnNOc05SSnNOc05SSnNOc06UUnNOc05zTnNOlFKUUpRSlFJzT
nJKc05yTlFGMEZSSrVW1l7WXtZeUkoxSlFKtVZRRlJOtVqVWpVWtVq1WtZe1l7WX
tZe1l7WXtZe1lrWXtZe1VrWWtVKkkKSPxUq9CqSPrIm9CqyInE69C8VMnIyUTKSN
nNNrjmuOY410D5SRc0qcDpQMg4yEDZSShBBrTWtNc41zjmuOY01jTWuOa01bDFrL
YwxbDEqKSopSylLKSok6CEJJSolCSDnHOcc5yDHHKYYhBCEFIQUpRSlFGMQYwyEE
lJKUkoxRjFGUkpSSlFGMUZSSlJKUkpSRlNOc05TTlJKUkpzTnNOUkpzTnNOlFJzT
nNOc05zTpRSlFKUTpRSc05ySnNOc0pSRjFGUkq1VtZe117WWtZa1lrWXtZe1l7WX
tZa1l7WXtZe1l7WXtZe9l72XtZe1lrWXtZe1VrWWrZa1lrVSrI6kTbTQrRGlEaTR
rRGcjpyOtQu9TJyLlEqci2vQW49bj1uPW46DjlHGScWDzYQPjFCUUXvPY01rTWuO
a45rjmNNY01jjmNNWwxSy1sMWwxKikqKSopSikqJOghCSUqJQkkxxzHHOccxxymG
IQUhBSEFKQUpBRjDGMMhBIySjJKMUYxRlJKUkpRRjFGUkpSSlJKMUZSSnNOc05SS
lJKc05zTlJKc05zTnNOc05zTlJOc06UUpRSlFKUUnNOUkpzTnNOUkowQlJKtVbWW
tZe1l7WXtZe1l7WXtZe1l7WWtZa1l7WXtZe1l7WXtZe1l7WXtZa1VrWWtZa1lbWU
tVO1EqyLmoWKA6rIrVWtVa0VnIycjKzMtU2cjIxLhAtbkFuQW49bj1tPckhZhVmF
jBBzjnvPe89zjmNNY01rTWuOa05jTWNNY45rTVsMWwxbDFsMUstKiUrKSopKSTnI
QglCSUJJMccxxznHMccphiEFIQUhBSEFIQUYxBjDGQSUkZRSjFGMUYySlJKUkoxR
lJKckpSSlFGUkpzTnNOUkpSSlJKc05SSnNOc05zTnNOc05SSnNOlFKUUpRSlFJzT
lJKc05zTlJKMEJRSrVW1lrWWtZa1lrWWtZa1lrWWtZa1l7WXtZe1l7WXtZe1lrWW
tZa1lq2WtZa1lrWWtRCsjqSOxRDFEKKIicaqya1VrVWtVaTRpNCkiaSJpImUkXQQ
W49bj1OPU49Tj2rMWglaSZSQhE+UkZSRhFBrTWNNa01rjmtOY01jTWuOY01bDFrL
WwxbDEqKSopKikqLSkk5x0IIQklCSDHHMcc6CDHHKYYhBSEFIQUhBSEFGMMYwyEE
jFKMUoxRjFGUkpSSjJGMUZSSlJOUkoySlJOc05zTlJKUkpSSnNOUkpzTnNOc05zT
nNOUkpzTpRSlFKUUpRSc0pSRnNKc0pSRjBCUUa1VtZa1lrWXtZa1l7WXtZe1lrWW
tZe1lrWWtZe1l7WXtZe1l7WWtZatlrWWtZa1lrUSpJCckL0UvVWkUqRSrFOsz6TP
pRC1Ua1RrIqkSaRJjFFjkFuQU49Tj1OPU497zpRJjAiUCJPEg8aDyoQMa01jTWNN
a41rTWNNWwxjTWNNWwxSzFsMWsxKikpKUopKikpKOghCSUJJQggxxzHHOccxxymG
IQUhBSEFIQUhBRjDGMMZA4xRjJGMUYxRlJKUkpSSjFGUkpSSlJKUkpSSnNOc05SS
lJKckpzTlJKUkpSSnNOc05zTlJKc05zTpRSlFKUUlJKUUpySnJKUUYwQlFGtVLWW
tZa9lrWWtZa1lrWWtZa1lrWWtZa1lrWWtZa1lrWWtZW1lrWWvZa1lrWWtZa1Vq0U
rRWtVa1VrVWtVK1UnMuci6TMvU61TqSLnEqcSmvPW89bj1OPU49TT1OPc86USYwI
lAeLxIPGe4uET2NNY01jTWNNa01jDGMMY01jTVsMUstbDFMMSopCikqKSopKSTnH
OghCSDoIMccxxzHHMccpRiEEIQQhBSEFIQQYgxjEIMSMkoyShJGMUZSSlJKMUYxR
lJKU0pSSjJGUkpzSlJKUkpSSlJKc05SSlJKUkpzTnNOc05zTnNOlFKUUpRSc05SS
lFGckpySlJGED5RRrVW1lrWWtZe1lrWWtZa1lrWWtZa1lrWWtZa1lrWWtZatVbVS
pNCs0LVUtVa1VrWWtZatVq1WrVaszaSMrMy9TqSLpEqsi61UrRSk1KTUg89jTWvP
Y45bj1OPU49TT3OOlEuMCowKjAqMToQOjFFrTWMMYwxrTWtNYw1jDGNNWwxTC1LL
WwtTC0qKQklKiUqJSkk6B0IIQgg6CDHHMcc5xzGHKUUhBCEEIQQhBBjDEIIYwxjD
jFGMkoxRjFGMUpSSjFGMUZSSlJKUkpSSlJKc05zTlJKUkpSSnNOUkpSSlJKc05zT
nNOUkpzTnNOc06UUnNOUkoxRlJKckpRShBCMUa1VtZa1lrWWtZa1lrWWtZa1lrWW
tZatlrWWtZa1lbWWtZa1EKSOpI61VLVUrVStVK1UtZatVq1WrIykS6yLtVGkz5zR
pRKtU6UTpNKc0VqIlJJzj2OPU49Tj1NOU09zj5STlJOUk3uPc49zjnOOYwxiy2MM
Y0xjTFsMWwxjTVsMSstKy1LLUstKikqKSklCSUIJQgg6CDoIOgg6CDHGMYcphjGG
IUQhRClFKUUYwxjDIQQhBIxRjFGMUYQQjFGUkpSSjFGUkpTTlJKMkpSSlJKc05SS
lJKUkpzTlJKUkpSSnNOc05zTlJKc05zTnNOc05zTlJKMUZSSlJKUUYQPlFGtVLWV
tVWlFLWWpRS1lrWWtZa1lq2VlJKtVZSShBCtVa2WrM6kjaSNtVO1U6zTpNKtE61W
rVatVazMpIuki61VpVWtVq1VrVWkzpxNawiUUZzUhFJj0FOQU49TT1NPc4+c0ZSP
jJB7zoyTjJKEkmNNWwxbDFsNY01bDFsMY01bDFLLWwxbDFMLUspKikJJSopKSkJJ
Occ6CDoIOcgphzGHMYcxhyEEIQQpRSEEGMMgxCEEGMSUUYxRjFGEEIxRlJKMkoxR
jJKUk5SSjFKUkpzSnJKUkpSSlJKc05SSlJKUkpSSnNOc05zTnNKc05zTnNOc05SS
jFGUkZTSlJGEEJRRrRS1VFrKWsqtlXvPhBCc06UUnNOlE2tOlNSlVoQQtZa1lrUS
pNCk0L1TvVOtE6UTrROtVa1VrVWk0KSPpI+tVa1VrVWtVa1VpIucSpQJpRSc04xS
Y9BTj1NPU05TTnOPnM6US4PKc4iMkoySjJJrjmMMWwtjDGNNY0xjTVtMWwtSy1sL
UwtSy0rKQolCSEpJSklCCDnHOghCCDoIMYYxhjGGMYYhBCEEKQUhBBCDGMQYxBjD
jFKMUYRRjFGMUpSSlJKEUYyRlJKUkoxRlJKU05SSlJKMUZSSnNOc05SSlJKUkpSS
lNKUkpSSlNKc0p0TnNKUkYxQjFCUUYwQe8+MEK1UtVR7jnNNrVR8EIzTlRaEkoST
hJN0EXQRjNNz0JzTtZa1VrVWrVatVrVWpNOk060TrVWtVa1VpRWtVa1VrVWtVa1V
rVWlFJQKjAmci6UUnRSMUmuQU09TT1NOU05zTpzPjEx7ynOJjIyMT4QPa01izFrL
WstjDVsMWwxbDFLLUstTC1LLUstSykqJQghKSUIJQggxxzoIOgg5xzGGMYYxhjGG
IQQhBCFFIQUQwxjEGQQYw4xRjFGMUYQQjFGUkoxRhBCMUZSSjFGMUYxRlJKUkpSS
jFGUkpSSlJKUkpSSlJKUkpSSlJKUkpSSlJKUkpSSjFGUkpSSjFCEEIxQjFGlFLVV
c01zTa1VlJKEEa1VtZa1lqVVrVatV5zUtZetFbWWtVa1VrVWtVatVqUVpRWtVa1W
rVatVaVVpVWtVa1VrVWtVa0VrRV7z2tNlJKlFKUUjFJj0VNPS09LT0tPa46cz4xN
e8t7hZxFg8Zzi2tKWwtay1rLYwxjDGMMWwtSy1LLUstSy0rLSopCSToIQklCCToJ
Mcc6CDoIMggphjGGMYYxRiEEIQQhRSEFEMMYwxjEGMOMUYxRjFGEEIxRjFGMUYxR
lFGUkpSRlJKUkoySlJKUkpSSlFGUkpSSlJKUkpSSnNOc05SSlJKUkpzTlJKUkoxR
lJKUkoQQhBCMUYxSpRWtVrVWtVa1VrWWtVa1lrWWtZa1lrWXtZa1lbWWtZa1lrWW
rVatVq1WrValFZzUrVWtVa1VrVWlVJzTpNOtFK0VrRalFaUVe4+D0KUUpRSdFIRS
W05LTlOOU05LTXMKg82MDoxPe82MTnOKc4pjSFrLWstay1sMWwxbTFMMUstSy1LL
UstSi0qKQkk6CDpJQkk6CSnHOgg6CDoIKYYphjGGKUYhBCEEKQQhBBjCGMMYwxjD
jFGMUYxRjFKMUoxRhFGMUYySlJKMkYySjJKMkpSSlJKUkpSSlJKc05SSlJKUkpzT
nNOUkpSSlJKc05SSjFGMUZSSlJKEUIQQjFGUUa0VtVWtFJySrVWlFKUUrVWtVq1W
tVaMUa1VpVSEEJzTrZalFKUUjJKlFK1Va017z61VrVWtFK1VrRSk05zTpROlVaVV
pRWlFWMNjFKk1aUVpNSMUVKLIYZTDFLLKUVhhVlEcgeUkIQOc4xjCWLJYshay1rK
UspbDFsMWwxTDFLLUstSy1LLUspKikJJQghCSUIJOggxxzoIOgg5yCmGKYYphimG
GQQhBCEEIQQYwhjDGMMYw4xRjFGMUYxRjFKMUYxRjFGMkoySjJKMkoySjJGMkpSS
lJKUkpSSnNOUkpSSlJKUkpzTlJKUkpSSnNOc04xRjFGUkpSSjBCDz4RQlFGtFK0U
UklqzKVVhFBjTZzTlJKUkoySY050EISSa458UZzUc9CtVqVVdBCMkpTTfFGtVa1V
rVWtVa0TnNOc06UUpVWlFaUVpRVKSpSTpNSlFJzUe9BKShDDQksxiBjBWcZRhWpI
jJKEUIQQfA98D2uOWstSylLKWwtTDFsMWwxSy1LLUstSy1LLSopCSToIQkk6CDoI
Mcc6CDoIOccphimGKYYpRhkEIQQhBCEEGIMYxBjEEIOMUYRRhFGMUYxShFGEUYxS
lJKMkoyRjJGMkYyRjJKUkpSSlJKUkpzTlJKUkpSSnNOc05SSlJKUkpTSlJKMUYxQ
lJKUkoQQg9CMEZRSrRStVHOOYwytVXwQfFKU1YyTjJSVVYRSpVWtVYQRpVaVFIRR
pVVzz5TTpVV8EJ0UrVWtVa1VrVWlFJzTnNOlFKUUpRWlFaUVOciUlKUUnRSdFIRR
WswQxFMNQkogwFmEWURyB4yShFF8EIRShFFzj1LLUopSilsLWwxazFLLSstSy1LL
UstKikqKSkk6CEIJQgg5yDHHOcg5xznHKYYphimGKUYYxCEEIQUgxBCDGMMYxBjD
hFGEUIRQhFGMUoQRjBGMUYyRjJKMkoyRjJGMUYyRlJKUkoySjJKU05SSjFGUkpzT
nNOUkpSSlJKc05zTjFGMUJSRlJGEEIPPjBCUUa0UrVVrDXuOrVWtVaUUrVatVa1W
rVaUk61WpRWlFK1WrVac1KUVpRWtVq1WpRStVq1VrVWtVa1VrVWlFaUVpRWlFKUV
pRSlFCmGnNSlFKTUnNSEEVsMEQNbDkqKGIJizHNOe4+UkoxSe9GMUoxSc5BSy1KK
SopazFsMUwxTC0rKUstSy0rLSspCikJJOghCSUIJOggxhznIOcgxhylGKYYphilG
GQQhBCEFIMQQgxjDGMQQw4RQhBCEEIxRjFGMUYRRjFGMkoySjJGMUYxRjFGMUZSS
lJKMUZSSlJKUkoxRlJKUkpSSlJKMUZSSnNOc0oxRhBCMUZRRhBB8D4QQjFGlFK0V
rVatVq1WrVatVq1WrVatVq1WrVatVq1VrVWtVa1VrVWtVa1VrVatVa1VrVWtVa1V
rVWlEZyQnJClFaUVnNRKSnuNnJEphpzUpNSk1JzUhBFjDRDEc5BjDRCCa06MUoxT
jJOMUnPQhFKEUnPQUotKikqKUstay1MLUstKykrKSspSykqKSklCSToIQklCCTnI
MYY5xznHMYYpRSmGKUYpRRjEGMQhBBkEEIIYwxjDGIOEEYQRhBGEEYxRjFGEEIxR
jJGMkYxRjFGMUYxRjFGMkpSSjFGUkZSSlJKUkpSSlJKUkpSSlJKUkpzTlJKMUYQQ
jFGUUYQQg8+EEIxRrRStVKUUlJKtVZSTpRWdFHwPa46U02uOa46Mk2vPSwyE01tM
Y02tVa1VpRSlFKUUpRStVa1UpImkSaSKpRSlFHOOGIMxA4wPOcWc1JzUnNSc1IQR
Y00QxIRSc9AQw2OOhFKMk4yThJJzz4RSjFJ8EVLLSopKilLLUwtTC1LLSspKikqK
SopKikpKQkk6CDpJOgg5xzGGMcc5xzGGKUYpRjFGKUYYxBjEIMQYxBCDGMMYwxCC
hBGEEIQQhBCMUYwRhBCMUYxRjFGMUYxRjFGMUYxRjFGMUYxRjFGUkpSSjFGMkZSS
lJKUkoxRjFGUkpSSjFGEEIxRjFGEEHvPhBCMUqUUpNNSCWsNrVWEEHPQhJNTDEtN
bFFLTVNOdJNbj0LMfJNCzEsMnRWc1XOPlJNzj5zTpVWlVaSNnEucS6UTpRRzjhiC
KIKcEGJInNSc1JzUnNOEEWMNGMWMVIPRGMNjTYRRjJOMUoxSYw1rTWtNYwxSikqK
SkpSy1LLUstKi0qKSopKikqKQopCijpJOgg6CToIOccxhjHGOccxhylGKUYpRilG
IMQgxCEEIMMQgxiDGMMQw4QRhBCEEIQQjFGEEIQQjFGMUYxRjFGEUYxRjFGMUZRR
jFGEUYxRlJKUUpSSjFGUkpSSlJKMUYxRlJKUkoQQhBCMUYxRhBB7z4QQjFGlFKUU
e45qzK2VfFGdVnyUOsxLDpVXSw5TToTVY9BTTnzUQwxTDZ1WlNRbTIySfBCc1KUV
pRSk0JROnE6k060UnNMgw0GDlAyUDJzUnNSc1JzUhBFjThkFjJOEUhjDWsyEEYyS
jJKEk2vQhFKEUnwRUsxKikqJUspSy1LLUstKikqKSopKikJKQkk6CToIOgg6CDoH
KYYxxzHHMccpRilGKUYpRSDEGMQhBBjEEIIYwxjDEIKEEHwQhBCEEIwQhBCEEIQQ
jFGMUYxRjFGMUYxRjFGUUYxRjFGMUZSSjJKMUYxRlJKUkpSSlJKMUZSSlJKMUYQQ
jFGUkoQQe86ED4xRpRSlFGMMc4+Uk2tPa5CElGOPdBKVFnPRc9GdFoyVfBKVFXxT
hFGdV6VVlNSlFZTUpRWlFaUVnNSc06UUpRSlFKUTMURSApwKnAuk05zUnNOck3vQ
UosYxHOPa44ZA0JJfBGMkoySjFJrj4RShFJ8EVLLSkpCSVLKUstSy1LLSopKikqK
SotKikJJQgk6CDoJOggxyCmGMccxxymHKUYpRilFKQUYxBjEGMQYxBCCGIMYwxiC
hBCEEIQQhBCMUIRQhBCEEIxRjFGMUYRRjFGMUYxRlFGMUYxQjFGMkpSSjFGMUZSS
lJKUkpSSjFGUkpSSjFGEEIxRlFGEEHvPg9CMUaUUpVWtVa1VrVWtVq1WrVatVq1V
rVWtVa1VrVWtFaUVrRWtFa0WrRWlFaUUpRWlFaUVpRSlFJ0UpRSlFKUUnNGciJRF
lEaURpSInNSc1JzUlNSEEWtOGQWMlIyTIUVSjHwRjJOMUoxSc4+EUoRShBFSy0qJ
QklKikqLSstKi0qKSopKikpKQopCSUJIOgg6CDoIMcgphzGHMccphylGKUYpRSkF
GMQYxCDEGMQQgxiDGMMYg4QQhBCEEIQQjFCEUIQQhBCMUYxRjFGMUYxRjFGMUZSS
jFGMUYxRlJKUkoxRjFGMUZSSlJKUkoxRlJKUkoxRhBCMEZRRhBBzznwPjFGlFKUU
nNOk05SSnNOU06UUnNOc05SSlJKMUYQQlJKUk5zUpRSlFIRRhBCc04RRhFFzz3OO
fBCEEaUVpRSlFJyLnEWcRZxFnEWcSpzUnNSc1JzUhBFjThkFjNOMkymHSot8EYyS
jFKEUnOPhBKEEoQSUstCSUIJSopKilKKSopCiUKKQopKSkpKQkk6CTnIOgk5yDHH
KYYxxzHGMYYpRSlFKUUpBRjEGMQYxBjEEIMQgxjDGIKEEHvQfBB8EIRRhFGEEIQQ
hFGMUYxRhFCMUYxQhFGMUYxRjBGMUZRSlFKMUYxRjJKUkpSSjFGMUZSSlJKMUYQQ
hBCMUYQQc457z4xRnNSEk0sOdBJCzGvQY490EGPPUwx0EGvPlNR0EIzTfBF8EXvP
dBKEkmvPa9Brz4yTfFF8EGvPY46lFKUUpRSUB5xFnEWcRZxFnEqc1JzUnNSU1IQR
a00hBYyTjJI6CEqKe9CMUoxShFJrj4RRhFF8UVrLSklCCEqKSopKikKKQkpCikqK
QopCiUJJOggxxzoIOggxxymGMccxximGKUUpRSlFIQUYwxjEGQQYxBCDEIMYwxCD
fBB8EHwQfBB8UIQQhA+EEIQQjFGMUYRRhFGEUYRRhJKMUYRRhFCMUYxRjFGMUJSR
lJKUkoxRjFGUkpSShBB7z4QQhBCEEHOOe8+MUaUUfFJLDWPQQs1r0GNQdBJz0WOQ
fFNz0IxSnRWEUpzTnNWc1J0VjJOM1JTUjJOEU5SUlNSU1IxSpRSk1KUUaoOcRpxF
nEWcBZxJnNSc1JzUlNN8EWtOIUWMk4ySSopCSnPQjFKMUoQRa45bDVsNWwxSi0JJ
OglKikqLSotKSkJKQkpCikJKQko6SToJMcg6CDnIMcgphjHHMcYphilFIUUhRSEF
GMMYxBjEGMQQghDDGMMQw4QQhBB8EHvQhBCEEIPQhBCEEYRRjFGEEIwRhBGEEYxR
jFGMUIQQjFGMUYxRhBCMUZSSlJKMUYQQjFGMUYQQe8+ED4xQhBBzjnvPjFGlFJ0V
jNSVFZUVnRWdFZ0VpRWlFaUVpRWlFaUVpRWlFaUVpRWlFaUVpRWk1aUVnRWlFaUU
pRSlFKUUpRSMkklBnEScRJwEnASUR5zTnNOc05STe9FrTilGjJOUk1LLQglz0IRS
hFKEUmuPfBF8EXwRWwxCSUIISkpKikqKQopCikKKQopCSkJJQgk6CTnHOcg5yDHH
KYYxxzHHKYYhRSlFKUUpRRjDGMQYxBjEEIMQwxjDEIN8EHwQfBB8D3wQfBB70HwQ
hBGEUYRRhBGEEYQRhBCMUYxRjFGEEIxRjFGMUYQQjFGMUYxRjFGMUYxRjFGEEHvO
hBCMUYQQc457z4xRpRSlFaUVpRWlFaUVpRWlFaUVpRWlFKUVpRWlFaUUpRWlFaUV
pRWlFaUUpRWdFaUUpRSlFKUUpRSlFKUUa01BQZRFlEWURJQFlAeUk5STlJOUk3vQ
a045x4xRjFFay0IIc5CEUoRShFJrj3wRfBF8EVsNQgo6CUJKSopKikqKQklCSkJK
QklCSToIOggxxznIMcgxxymGMcYxhymGIUUpRilGKUUYxBjEGMQYwxCCEIMYwxCD
g897z3vPe897z4QQe897z4QQhBGEEYQQhBGEEIQQjFGMUYRRhBCMUYxRjFGMUIxR
jFGMUYxRhFGMUYyShBBzjnvPhBCEEHOOe8+MUaUVpRWlFaUVpRWlFaUUpRWlFaUV
pRWlFaUVpRWlFaTVnRWlFaUVpRWlFaUVpRSlFKUUpNSlFKUUpNSk1FpJYkKUBZQF
lAWUBZQGnJOUlJSUlJN70HPPc89zz2uOUstbDGuPhFKEUoRSc9B8EXwRfBFbTkIJ
OghKSUpJSkpKSkpKSkpCSUJJOkg6CDoIMcg5yDHIMYcphinGKYYphiFFIUUhRSFF
GQQYxBjEGMQQghCDGMMQgnvPe897z3vPhA98EHwPe8+EEIQQhBCEEIQQhBCEEIwQ
hBGEEXwQhFGMUYxRhBCMUYySjFGMUYQQjFCMUYQQe457z4QQe89rTXOOjFGk1KUV
pRWlFaUVpRWlFaUVpRWlFaUVpRWlFaTUpRSlFKUUnRSdFIySlNKMkpTTnNOMUZzU
nNSk1JzUpNQ4xIODlAWUBJQEjASUBpSTlJOUk4yTe9CMUoyTjJOMk4yThFJzz4RS
hFKEUnPPY01zznwPY0w6SDoIQolKikJKQkpCSkJJQklCSToJOgk6CTIIMggxxzHH
KYYxhjGGMYYpRSlFKUUpRRjEGMQYxBjEEIIQgxjDEIN7z3vPe897z3vQfBB7z3vP
hBCEEIQQhBCEEIQQhA+EUYQQhFB8EIRRjFGMUYQQjFGMUYxRjFGEEIQQjFGEEHvP
e8+EEIQQa01zjoQQnNSU1IQRjJKMkpzUnNSU05STe9Cc1HvQjJOMk3vRhBJ8EWOP
fFJTDXQQUw10EYyTWwyUk5zUnNSc1IxRQYSUBpQElASUBIwElAaUkpSTlJOMk3vQ
jJKMkoyShJKEkoRSa4+EUoRShFFzjlrJWwprS1rLQghByEJJQkpCSUJJQklCSUJJ
OglCSToJOggxxzHIMccxhzGGMYYxhimGKUYpRSlFIUUZBBjEGMQYxBCDEIMYwxCC
e897z3vPe86ED3wPe897z4PPhBCEEIQQg9CEEIQQhFGEEYQQe8+MEYxRjFGEEIxR
jFKMUYwQhBCEEIxRhBBzjnvPhBB7z2tNc46EEJzTnRV8EYzUfBGEUoRSfBGU1WuQ
hBF70IyRjFB7zoxQhA5rjHwOWwp0DlsMc86Uk3OPlJSc1JzUnNNrDWsLlAeMBZQF
lAWUBZQFlJKUk5STlJN70IxSjJKMkoxSjFKMUnOPhFKEUoRSa4xSyVrJa05bDToJ
MghCSUpJQklCSUJJQklCSUJJQgg6CDnIMccxyDHIKccphinGKYYpRilGKUYpRilG
IMUYxBjEGMMQghCDGMMQg3PPc89zjnPPc898D3PPc458D4QQfBB8EHwQfBB8EHwQ
hBCEEHvPhBCEEIQQhBCMUYxRjFGMUYQQhBCMUYQQc457z4QQhBBrTXOOhBCc1JzU
lNSUk5zUnNSdFJzUnRWdFZ0VnRWdFZTTlNOU05zTnNOc05UUlNSU1JzUnNSc1JzU
nNSc1JyUSgmUEJQGlASUBJQEi8WUBpSSlJOUk5SSe9CMUoxTjFKMUoRShFJrj3xS
hFKEUnOMYwprS3wQa45CSToIQklCSUJJQklCSUJJQklCSDoIMgg6CDHHMcgxxzGH
KYYxhimGKUYhRiFFIUUhRRkEGQQZBBjDEIMYgxiDEINzz3PPc89zj3vPe9B7z3PO
e898D3wQfBB0EHwQfA98EHwQhBB7z4QQjBCEEXvQhBCEUYRRhFF8EHwQhFF8EHOO
c46EEHvPa01zjoQQnNSc1JSTlNOMkp0VlNOMkpSSjJKEUYySjJKEUZTTfBCMUnwQ
jJJzzoSRY41rzmONhFGMUZzUnNSc1EpJpJGURpQFlAWUBZQFjAeUk5STjJOMk3PQ
hFKMkoxSjFKEUoRSa498UYRShFJz0WuPc5B8EGuOOkgyBzpIQkhCSUJJQkk6STpJ
Okk6CToIOcgxxzHHMccphylGKYYphiFGIUUhRSFFIQUYxBkEGMQYxBCDEIMYgxCD
c49zz3PPc45zz3vPc89zjnvPe8970HvPe9B70HvPe898EHwQc898EIRRhBB8D3wQ
hFGEUYRQe897z4QQe89zjnOOhBB7z2tNc42EEJTUfFJTDXQRW458kpTUY45sEGPP
W45sEHySbBCEUnQQfBFbj3RSS010UULLY89TTXwRjFKc1JzUjFJSipySlAaUBJQE
lASUBJRGlJOUk5STlJN7z3OOa45rjWuNa01jTWtNhFGEUoRRdBFrj3QRdBFrzzoJ
MchCCUIJOgk6CUIJQglCCToJOgg6BzHHMccxxzHHMYYpRjGGKUYpRiFGIUUhRSFF
GQQZBBjEGMQQgxCDEIMQgnuOc45rjmuOc89zz3PPa45zznPPfA97z3vPe897j3vP
g898EHPOfA98EHwQe8+EEIQRhFF8EHvPe8+EEHvPc01rTXvPc89jTWtNhBCc03xS
U058k2vRjNSEk2vQdFFsEGwQfJKE03QRfFJ8UoSTdBF8UnRRfFJ8U3xTdBJ8EpSU
nJSc1JSTjFKU0pQFlASUBJQElASUCZSSlJOMk4ySdBCEUoRShFJ8UnxSfBJjjnxR
fFF8EXQRY450EHQRa9A6CDHHOkg6CDoIOgg6CDoJOggxyDnIMccxxymHMccxhymG
KUYpRiFFKQUhBSEFIQUhBRjEGMQYwxCDEIIQghCCEEJzjnOOa45rjnOOc85zjmtN
c45zz3PPc89zz3PPc89zz3vQe89zjnvPhBCEEHvQe9CEEIQQhBB7z3vPhBB7z2tN
a017znvPY0xrTYQQnNSc1JzUnNWdFZ0VnRWdFZ0VnRWc1ZzUnNSc1JzUnNSc1JzU
lNSU1JTUlNSU05STlJOMk5STlJOUkpSSlJGMCoQKg8qDyoPLhA2EUYQRhBF8EHPP
c89zz3PPc89zjmuPY05rj2OOY45jTlsNWw1TDFLLOcgxhznIOggyBzoIOgg6CDoI
Ocg5yDHHMccphymGKYYphiFFKUUpRSlFIQQhBCEEIQQYwxjDGMMYwxCCEIIQghCC
a45rjmuNa41rjWuOa45rTWuNc85zznOOc45zjnOOc457z3vPc45zz3wQfBB7z3wP
hBCEEHwQc89zznwPc89rTWtNe897z2MMYwyEEJzTnNOUk5SSlJOUk5STlJOUkpSS
lJKMkoxSjFGMUYRRjFGMUYxRjFGEEIQQhBCD0HvQe9B70HwQfBB8EHvQe897z3PP
c45rjnPPfBFrz2OOW01bDFtNUwxTDFNNUw1SzEsMQstKzEsMQstbDVtOc9B0EDHH
KYYxxznHMccxxzHHMccxxzGHMYcphimFKUUpRSlFIQQZBCEEIMQgxBjDGMMYwxDD
EMIQghCCEIIIQQhBCEIIQWNNa01rTWtNa01rjmtNYwxrTWtNc45zjmuOa45rjmuO
c85zjmuNc457z3vPc45zj3wPfBB8D3OOc457z3POY0xjDHOOc45jDGMMg9CUk4xS
hFGEUXwRe9B8EHwQhBB8EHwQc890EHPQc4+EEYQRhBCEEYRRSsxTDUsMW01jjluO
QotCjEKLW05TDUrMUw1TDUrMSsxrj3wRa9BTTksNMkpCzDpKOotCzDKLOos6zCpK
Qw1DDTJLUw5bTnQRdBExyCmFMYYxhjGGMYYxhjGGKUYpRSlFKUUhBSEEIQQhBCEE
GMMYwxjDEIMQgxCCGIMQghCCEIIQghCCCEEIQQhBCEFjDGMMYwxjDGMMa01jTFsM
YwxjTWtNa0xjTWtNa01rTWtNa01rTWuNc85zznOOc457z3vPe85zjmtNc89zjmMM
YwxzjXONWwtjDHwPlNSMUoQRhBJr0EsNU05jj1NOW49bj0LMSw1TTksNc898EXvQ
fBF8EULNSw1CzEsNW09LTkKNQs1CjUsOUw5KzFtOW05bDVMNY498EWvPY49jj1NO
U09TTlNOU05TDVMNU05TTlOPW49bj1tPW090EXQRMcchRClFKUUpRSlFKUUhBCEE
IQQYwyEEIQQYwxjDGMMYwxCCEIIQghCBEIEQQRBBCEEIAAgBCAEIAQgBCAEIAQgB
Wstay1rLWstay2MLWsxay1rLYwxjDFsMWwxjDFsMW0xjTWNMYwxrTXOOc45rjmuO
c49zz3POa01jTXOOc45jDFrLa01rTVrKWsp7z5STjFKEEYRSdBFjj2vQa9Br0HQQ
c9Brj2vQc9Br0HwQfBB8EIQQhBJz0HPQc9Bz0HPQc9Bz0HPQa9Br0GvQa9Bjj2vQ
a49jj2vQfFFz0HPQc9Brz3PPc89rz2uOa45rjmNNa9B0EXQSdFJj0HRSdBJ0EjGI
GMMYwyDDGMMYwxjDGMMYwxjDGIIYghiCEEEQQRBBEEEIQQhBCEAIQQhBCAEIAQgB
CAEIAQgBCAEIAQgBCAEIAVKKUopSilKKUopSilKKSklSilKKUspaylKKWstSy1LL
WwtjC1sLYwtrTWtNa01rTWuOc45rTWMMYwxrTWMMWstSiWMLYwtSylKKc8+Uk4yS
hFKEUoRShFKEUoSShFKEUoRShFKEUoRShFKEUoRShFKMUoxTjFKEUoRShFOEU4RT
hFOEU4xTjJOEU2uQQw5sUlvRSsxr0IRShFKEUnxSc9Brj2uPY49jT2NOY05bDXxR
fFKEU4STdBF8UXxRdBApRhiBGIEYgRiBGIEYgRiBGIEYgRBBEEEQQRBBEEEQARBB
EEEQQRBACEEIQQhBCEEIAQgBCAEAAQgBCAEIAQgBCAFKSUpISkhKSEpISkhKSEpI
SkhKSUpJSklKSUpJSklKiVKKUopSilqLYsxizFrLWstjDGMMYwtay1rKWstaykpJ
QglSilqKSghKCHuOlJOc1ZTVlNWU1ZTVlNWc1ZTVlNSUlJTTlNSU1JSUlJSUlJST
lJOUk5STlJOUU5STlJOMk4yTjJOMk4yTjJNr0EMNbJNkEUrMbBCMUoRShFKEEmvQ
fFKEUnxSfFJ8EXxSc9CMk4yUhJOElHQRfBJ8U3QSKccYgRiBGIEYgRiBGIEYgRiB
GIEYgRCBEEEQQRBBEEEQQRBCEEEQQQhACEEIQQgBCAEIAQgBCAEIAQgBCAEIAQgB
QgdBx0HHQcdByEHIQcdBx0HHQgdKB0IHOgdCB0IHQghKCEpISkhKSFKJUopKSUpJ
UolSiVKJSkhCB0pISkhCBznGSghKCEHHQcdzjpSTnRWdFZzVnRWdFZTVlNWU1JSU
lNSU1JTUlNSMk5STlJOUk5STlJOUU5STjJOMk4yTjJOMk4yTjJOMk4STa49KzXST
bBFKzGwQhFKEUoRShFJz0HwShFF8UnxSfBF8EWuPhFJ8EoRShFJ0EYSUjJR8UjoJ
EIIYghiCGIIYghiCGIIYghCCGIIYgRhBGEEQQRBAEEEQARBBEEEQQRBBCAEIAQgB
CAEAAQgBCAEIAQgBCAEIATmGMYYxhjGGMcYxhjGGMYY5hjmGOYY5hjmGOYY5hjmG
OcY5xkHGQcZKB0HHOcc5x0HHQcdBxznGOYY5xkGGMYQ5RDmFOYUxRDFEc4yMk5zV
nNWc1aVWpVaU1JTUlNSU1JTUlNSUlJSTlJOUk5STlJOUk5STlFOUk4yTjJOMk4yT
jJOMk4yTjJOEU2uQSs1sk3QRSsxr0IRShFKEUoRSc9B0EXxRfFF8EXwRfBFjTnwR
dBF0EXQRW058UoSSdBE5yBCCGIIYQhiCGIIYghCCGIIYghhBGEEQQRBBEEEIQRBB
EEEQQRBBEEEQQQgBCAEIAQgBCAEIAQgBCAEIAQgBCAEpBCkEKQQpRCkEKQQpBCkE
KQQxBDEEMQQxBDEEMQQxBDEEMQMxAzEDMQMxAzEDMQMxAzEDMQMxAzEDMQMxAzED
MQMxAzEDMQMww3NMlJOU1JTUlRSlVZTUlJOU05TTnRSc1JSTjJOMk4yTjJOMk4yS
jJKMk4yTjJOEUYvPi86LzYPNg82MUoxTjFNrkErMbFNsEkLMW5B8UnxSfFJ8UXPQ
a498EXwRfBF0EXQRW05r0HPQc9Br0FsNa890D2ONMcYYghiCGIIYghiBGIIYgRCB
GIEYgRiBGIEYQRBBEEEQQRBBCEEQQRBBEEEQQRBBCAEIAQgBCAEAAQgBCAEIAQgB
IMIowiDCKMIowijCKMMowyjCKQIxAykDKQMpAykDKQMxAykDKQMpAykDMQMxAzED
MUMxAzEDMQMxAzEDMQMxAzEDMQMxAzEDMQNrS5SRhBB7z2LLWklSB1pIWohrCpTT
lNOUk4xSfBFrj3QRa9Frj4RRjJKMkoySe89yR3JIekhySHtLjFGEUoRSa9BTDWxS
fFFTTGOOfBBzz3POc85rTFrKYwtbClKJSklCSDnHOccxhSlFIQQhAxiCGEEYQRiC
GIIYghiCGIIYghiCGIIYghhBGEEYgRBBEEEQQRBBEEEQQRBBEAEQQRBBEEEQQQgB
CAEIAQgACAEIAQgBCAEIASCCIMMgwyDCIMIgwiDCKMIowijDKQMowyjCKMMowyjD
KQMpAykDKQMpAykDKQMpAykDMQMxAjEDMQMxAzEDMQMxAzEDMQMxAzEDYwqMkoyT
jJOM04RSa9BjT0qKSoqU0pTSjJKMkXxQa85rz2vPY0xzjXONa0xrC1rKQcZBxkGG
OUVBhknGQYY5hTFEKQMpAyDCGIEYQRhBEEEQARABEAEQAQgBCAEIARABCAEIAQgB
CAEIAQgBCAEIAQgBEEEYghiCGIIYghiCGIIYgRiBEIIYghiCEIIQghBBEEEQQRBB
EEEQQRABEEEQQRBBEEEIQQgBCAEIAQgBAAEIAQgBCAEggiDCIMIgwiDCIMMgwyjC
KMIowykDKQMowykDKMIpAykDKMMpAykDKQQpAyjDKQMowykDKQIpAikDKQMowikD
KQMpAykDKQIpAjmEWkdSR1JHSgdJxkGFOUUowyCCMMMogyCBGIEYQBhBGEEYQRhB
GEEYQBhAGEEQQRBBEEEQQRABEAEQAQhBEEEQQRABEAEQARABEAEQARABEEEQQRBB
EEEQQRBBEEEQQRhBGEEYQRiCGIIYgRiBGIEYgRiCGMIYghiCGIIYghiCGIEYgRCB
GIEYgRCBEIEQQRBBEEEQQRBBEEEQQRBBEAEQQRBBEEEIAQgBCAEIAQABCAEIAQgB
GEIgwiDCIMIgwyjDKMMowyjDKQMpAykDKQMpAykDKQMpAykDKQMpAykDKQIpAykD
KQMpAykDKQMpAykDKQMpAijDKMMowijCKMIgwhhBEEEYQRBBEEEQQRBBEEEQQRBB
EEEYQRhBGEEYQRhBGEEYQRhBGEEYQRhBGEEYQRhBGEEYQRhBGEEYQRhBGEEYQBhB
EIEYgRiBGIEYwhiCGIIggiCCIMIgwiDCIMIgwiDCIMIgwyDCIMIgwiDCIMIgwiCB
IIIYghiCGIIYgRiBGIEYgRiBGIEYgRiBGIEYQRBBEEEQQRBBEEEQQRBBCEEIQQgB
CAEIAQABCAEIAQgBCAEIASBCIIIgwyDDKMIowyjDKMMowyjDKMMowyjDKMMowyjD
KQMpAykDKQIpAykDKQMpAykDKQMpAykDMQMxAzEDMQMowyjCKMIowyjDIMIYgRiB
GIEYgRhBGEEYgRiBGIEggSCBIIEogSCBIIEggSCBIIEggSCBIIIggiCCIIIggiCC
IIEggSjCKMIowijCIMIgwiDCIIIgwiDCKMIowijCKMIowijCKMIowijCIMIowijC
KMIgwSDCIMIgwiDCIMIgghiCGIIYghiCGIIYghiCGIIYghiBGIEYgRhBGEEQQRAB
EEEQQQhBCEEIQQhBCEEIAQgBCAEIAQABCAEIAQgBCAEYQiCCKMIowyjDKMMowyDD
KQMowyjDKMMowyjDKMMpAyjDKMMowyjDKMMowyjDKMMowyjDKMMowykDKMIowijC
KMIowijDMMMxAzDDKMIowijCKMIowijCKMIowijCKMIowijCKMIowijCKMIowijC
KMIowijCKMIowijCKMIowijCKMIpAijCKMIowiDCKMIowijCKMIowyjDKQMpAyjD
KMMowyjDKMMowyjDKIIowiDCIMIgwiDCIMIgwiDCIMIgghiCGIIYghiCGIIYgRCB
GIEYgRiBEIEQQRBBEEEIQRABEEEIQQhBCEEIQQhBCEEIQQgBCAEIAAgBCAEIAQgB
GEIggiDDIMIgwyDDKMMowyjDKMMowyjDKMMowyjDKMMowyjCKMIowijCKMMowyjD
KMMowyjDMMMpBCkDKQMpAykDMQMxAzEDMQMxAzEDMQMxAzEDMMIwwjDCKMIowjDC
MMIxAjDCMQIpAyjCMMIowijCMMIowijCKMMowyjDKMIowjDCMQMxAzEDMQMpAikD
KQMpAyjDKMMowykDKQMgwijCKMIowijCIMIgwiDCIMIgwiDCIMIgwiDCIMIgwiDC
GIIYghiCGIEYgRiBEIEYgRiBGIEQQRBBEEEQQRBBCEEQQRBBEEEQQRBBEEEQQRBB
CAEIAQgBCAEAAQgBCAEIASCCIMIgwijCKMIowyjDKMMowyjDIMMowyjDKMMowyjC
KMIowijDKMMowyjDKMMowyjDMQMxAzEDMQMxAzEDMQMxAykDMQMxAzEDMQMxAzED
MQMxAzEDMQMwwyjDMMMwwjEDMQMxAzEDMQMpAykDKQMxAzEEMQM5AzEDMQMxAzkD
MQMxAzFDMQMxAykDKQIpAykDIMIowijCKMIowijCKMMowyjCKMMgwyDDIMIgwiDC
IMIYwiDCIMIgwiCCIMIgghiCGIIYghiCGIEQgRiBGIEYgRiBGIEYgRBBEEEQQRBB
EEEQQRBBEEEIQQhBCEEIAQgBCAEIAQABCAEIAQgBCAEYwiDCIMIgwykCKMIowijC
KMIowijCKMIowijCKMIowijCKMIowijCKMMwwykDKQMpAykDKQMxAykDKQMpAykD
KQMpAykDKQQpAykDMQMxAzEDMQMxAzDDKMMowykDKQMxAzEDMQMxAzEDMQMxAzED
OQMxAzEDMQMxAzEDMQMxAzECMQIxAzEDMQMpAykCKQIpAikCKQIowikCKMIowijC
KMIowijCIMIgwiDCIMIgwiDCIMIgwiDCIMEgwiDCIIIYgRiCGIEYgRiBGIEYgRiB
GIEYgRiBEEEQQRBBEEEQARBBEEEQQRBBCEEIAQgBCAEIAQgBCAEAAQgBCAEIAQgB
GMIgwiDCIMIhAiDCIMIowyjDKMMowyjDKMMpAykDMQMxAzDDMMMowyjDKQMpAykD
KQMpAykDKQMxAzEDMQMpAykDKQMpAykDKQMpAykDKQMpAzEDMQMxAzEDMQQwwzED
MQMxAzEDMQMxAzEDKQMxAzEDMQMxAzEDMQMxAzEDKMMxAzEDMQMxAzEDKQIowijC
KMIowijCKMIowyjDKMMowijCIMIgwiDCIMIgwhjCIMIgwiDCGMIgwhjCIMIgwhjC
GIEYgRiBGIEYgRCBGIEYgBiBGIEQgRBCEEEQQRBBEEAQQBBBCEEIQQhBCAEIAQgB
CAEIAQABCAEIAQgBCAEIASDCKMIgwijCKMIowijCKMIowijDKMMowyjDKMMowzDD
KMMowyjDKMIowijCKQMxAykDKQMpAykDMQMwwzEDMQMxAzEDMQMxAzEDMQQxAzFD
MQMxAzEDMQMxAzEDMQMxAzEDMQMxAzEDMQMxAzEDKQMxAzEDMQQxAzEDMQMxAzED
KQMpAykDKQMpAyjDKMIowijCIMIowijCKMIowijDKMMgwyDDIMMgwyDCIMIgwiDC
IMIgwiDCIIIYgRjCGIIYghiCGIIYghhBGIEYgRiBGIEQgRCBEIEQQRBBEEEQQRBB
EEEQQRBBEEEQQQhBCEEIQQgBCAEIAQgBCAEIAQgBCAEgwiDCKMIowijCKMIhAiDC
IMIowijCKMMowyjDKMMowyjDKMMpAykDKQMpAykDKQMpAykCKQMpAykDKQMpAykD
KQMpAykDKQMxAzEDMQMxAzEDMUMxAzEDMQMxAzEDMQMxAzEDMQMxAzEDMQMxAzFD
MQMxAzEDMQMxAzEDMQMxAykDKQIpAzEDMQMpAijCKMIowiDCKMIowijCKMIowijC
IMIgwiDCIMIgwiDCIMIYwiCCIIIggiCCIIIgghiCGIIYghiCEIEYgRiBGIEYgRCB
EIEQgRCBEEEQQRBBEEIIQRBBEEEQQQhBCEEIQQgBCAEIAQgBAAEIAQgBCAEIAQgB
IMIowyjDKMMowyjCKMIowyjDKMMowyjDKMMowyjDKMMwwyjDKMMowyjDKMMowyjD
KQMpAykDKQMpAykDKQMpAykDKQMxAzEDKQIpAzEDKQMxAzEDMQMxAzEDMQMxAzED
MQMxAykDKQMpAykDMQMxAzEDMQMxAykDKQMxAzEDMQMxAzEDMQMpAyjCKMIowijC
IMEowijCKMIowyjCIMIgwiDCIMIgwhjCIMIgwiDCIMIgwiDCIIIYghiCGIIYghiC
GMIQghCBGIEYgRiBGIEYgBCBEIEQQhBBEEEQQRBBEEEQQRABEEEIQQhBCEEIQQhB
CAEIAQgBCAEAAQgBCAEIASiDKMMowyDDKMMowiDCIMIgwijCIMIgwyjDKMMowyjD
KMMowyjDKMMowyjDKMMowzDDKMMowyjDKMMowyjDKQMpAykDKQMpAykDKQMpAykD
MQQxAzEDMQMpAykDKQMpAykDMQMxAzEDMQMxAykDKQMpAykDKQMpAikDKQMpAyjD
KMMowyjDKMMowyjCKMIowijCKMIowiDCIMIggiDCIMIgwiDCIMIgwiDCIMIgwiDB
IMIgwiDCIMIgwiCCGIIYghiCGIIYQRiBGIEYgRiBEIEQgRCBEEEQQRBBEEEQQRBB
EAEQQRBBEEEQQQhBCEEIQQgBCAEIAQgBCAEIAQgBCAEgwiDCIMIgwiDCIMIgwSDC
IMIgwiDDIMIgwyjDKMMowyjDKMMowyjDKMMpAykDKMMowzEDKQMpAykDKQMowykD
KQMpAykDKQIpAikDKQMpAykDKQMpAykDKQIpAykDKQMpAykCKQIpAyjCKMIowjED
KQMpAykDKQMowyjDKMMowyjDKMMowyjCKMIowijCKMIowijCIMIgwiDCIMIgwiDD
IMIgwiDCIMIgwiDCIMIgwiDCGIIgghiCGIIYghiCGIEYgRiBGIEYgRiBEIEQgRCB
EEEQQRBBEEEQQRABEEEQQRBBEEEQQRBBCEEIAQgBCAEIAQgBCAEIAQgBAAEIAQgB
IMIgwiDCIMIgwiDDIMIgwiDCKMIowijDKMMowyiDKMMowyjDKMMowyjDKQMpAykD
KMMowyjCKMIpAikDIQMpAykDKMMwwyjDKMIowyjDKMMowyDDKMMowyjDKMMowykD
KQMpAyEDKMMowyjDKMMowyjDKMIpAikCKMIowijCKMIowiDCKMIowijCKMIowiDC
KMIgwijCKMIowijDIMIgwhjCIMIggiCCIIIggiCCIIIggiCCIIIYghiCGIIYghiB
GIEYgRiBGIEYgRBBEEEQQRBBEEEQQBBBEEEQQRBBEEEQQQhBCEEQQQhBCAEIAQgB
CAEIAQgBCAEAAQgBCAEIASDCIMIgwiDCIMIgwiDCIMIgwiDCIMIgwiDCKMIgwiDD
IMIgwiDCKMIowijDKMMowyjDKMMowyjDKMMowyjDKMMowijCKMIowyjCKMIowyjD
KMMowyjCKMIowijCKMIowijCKMMowyjDKQMpAykDIQMpAyjDKMMowyjDKMMowyjD
KMIowyjCKMIowijCKMIgwiCCIMIgwiECIMIgwiDCIMIgwiDCIMIgwiDCIMIYgRiC
GIIYghiBGIEYghiCGIIYQRiBGIEYgRiBGIEQgRBBEEEQQRBBEEEQQRBBEEEQQRBB
EEEQQRBBEEEQAQhBCAEIAQgBCAEIAQgBCAEIAQABCAEgwiDCIMIgwiDCIMIowiDC
IMIgwiDCIMIgwijCIMIgwiDDIMMowyDDIMMhAyDDIMMgwyDDIMMgwijCKMMowyjD
KMMowyDDIMMowyjDKMMowyjDKMMowyjDKMMowyjDKMMowyjDKMMowyjDKQMpAyDD
KMMowyjDKMMowyjDKMMowijCKMIowijCKMIowijCKMIgwiDCIMIhAiDCIMIgwiDC
IMIgwiDCIMIggiCBGIIYghiCGIIYghiBGIEYghiBEIEYgRiBGIEYgRCBEIEQgRCB
EIEQghBBEEEQQRABEEAQQRBBEEEIQQhBCEEIQQgBCAEIAQgBAAEIAQgBCAEIAQgB
IIIgwiDCGIIgwiDCIMIgwiDCIMIgwiDCIIIgwiDCIMIgwiDCIMMgwyDDIMMgwyDD
IMIgwiDDIMIgwiDCIMIgwyDDIMMgwyDDKMMowijCKMIowyjCKMMowyjDKMMowyjC
KMIowijCKMIwwykDKQMpAykDIMMowyjDKQMowyjDKMMowyjDKMMowijCKMIowijC
IMIgwiDCIMIgwiDCGMIggiCCIMIgwiDCIMIYghiCGIIYghiCGIIYghiBGIEYgRiB
GIEYgRiBGIEYgRiBEEEQQRBBEEEQQRBBEEEQQRBBCEEIQQhBCEEIQQhBCAEIAQgB
AAEIAQgBCAEIAQgBCAEIASDCIMMgwhjCIMIgwiDCIMIgwiDCIIIgwiDCIMIgwiDC
IMIgwiDDIMMgwyDCIMIgwiDCIMIgwiDCIMIowyjDKMMowiDCIMIowijCKMIowyjD
IMIgwiDCKMIowyjDKMIowyjDKMMowyjDKMIowyjDKMMowyjDKMMowyjDKMMowyjD
IMIgwyjDIMMgwyDDIMIgwiDCIMIgwiDCIMIgwhjCIMIYwhjCGMIYghiCGIIYghiC
GIIYghiCGIIYghiBGIEYgRiBGIEYgRiBGIEQgRBBEEEQQRBBEAAQQRBBEEEQQRBB
EEEIQQhBCEEIAQgBCAEAAQgBCAEIAQgBCAEIAQgBCAE=
END m9
frame    30 :  a closed book -0.49  an opened book -1.51   led   0/255 h0.00 lvl-1.00   -
frame    31 :  a closed book +0.05  an opened book -0.33   led   0/232 h0.04 lvl-0.14   -

snapshot  : frame 32, mean RGB 110 108 108
BEGIN m9 128 128 32768 8f53e929
UolKSTmGOYZKSEpIQkc5xkpIUopKiUJIQgdSiVrKWspKiVLJa0xrjGuNY4xzz3wQ
hBCMUYxRjFGMUZSSlJKc05zTlNOc05zUnRSc1JTTnNOdE50TnROdFJ1UpVSdFKUU
nRSlFaUUnRSdFJ0UpRSlVKUUpRSlFJ0UnRSlFKUUnRSdFJ1VnRSdFJ0UnRSdFJTU
lNOU050TlROU0pTSlROU04ySjJKU0pTTlNOM04yShJKEkYySjJKMkYRRjJGEkYSR
fJF8UHxQhFB8UHQPdA98T3QPa85jjmvPa89jjltNW41jjVuNUwxTDFtNW0xTDErL
SspKy1LLSstKijoIQklCSVKJSkkxhjGGSkhKSEpIOcdKSVKKUopKSUIHUolay1rK
SklSimtNc45rTWtNe8+EEIQQjFGMUYxRjFGUkpSSnNOc05TTnNOdE50UnNSdE5zT
nROdE50UnRSlVaVVpRSlFJ0UpRSlFKUUpRSlFKVUpVWlFZ0UpRWlFKUUpRSlFJzU
nRSlFJ0UnRSc1KUUpRSc1JTTlNOdE50TlNKU050TlNOMk4yTlNOU1JTTlJOMkoSS
hJGMkoSShJKEUYxShJKEknxRfBB8EHxRfFF0EHQQfFB0D2vPY85rzmvPY45bTWNO
Y45jTVMMUstbTVMNUwxKikrKSspKykrKQok6CDoIQghSikpJOYY5hkoISklKSDnH
SklSilJJSkhCB1KJYspaykqIUolrTGuNa01rTXvOhBCEUYRRjFGMUYxRlJKUkpzT
nNOc05zTpNOlFJ0TnNOc05zTnROdFJ0UpVWlVZ0UnRSlFKUUpRSlFJ0UpVSlVKVV
pVWdFKUUpRSlFKUVpRSdFJ0UpVWdFJ0UnRSdFJ0UnNOU05TTnRSdFJTTlNOdFJTU
lNOUk5TTlNSU05TTjJKMkoyRjJKMkoRShFGMUoyShJJ8UnwQfBCEUXxRdBBzz3wQ
c89rz2OOa89rz2OOW01bTWONW01TDErLW0xTTFMMSopKikqKSopKikJJOcdCB0II
UopKSTnGMYVKCEpJSkk5x0pIUopSiUpIQgdKiVrKWspSiVKJa0xzjWtNa017zoQQ
hFCEUYyRjFGMUZSSnNKc05zTnNOc05zTpRSc1J0UnROdE50UnRSlFKVVpVWlFKUU
pRSlFKVUnRSdFKUUrVSlVaVUnRSlFaUUpRSlFKUUpRSc1KUVnRSdFJ0UnRSlFJzU
nNOc06UUnRSU05TTnRSc1JTTlJKU05TTlNOU04ySjJKMkoySjJKMkoRRhFKEUoRS
hFF8EHwQhFF8UXQQa9B0EHQPa89jjmvOa85rjltMW01bjVtNUwtKy1tMUwxTDEqK
SopKikqKSopCSTHHOgc6CFKKSok5xjGGQghKSUpJOcdKCFKKUklKSEIHUohiymLK
UolSiWtMc01rjmtNc8+EEIRQhFGMUYxRjFGUkpSSnNOc05zTnNOdE6UUnRSdFJ0T
nROdFJ0UpRSlVaVVpVSlFKUUpRSlFKUUpRSlFKVVrVWlVaUVpRWlFaUUpRWlFKUU
nRSlVaUUpRSlFKUUpRSdFJ0UnNSlFJzUlNOU05UUnROU05STlNOU05TTjJOMk4yS
jJKMkoySjJKEUYRShFKEUYRRfFB0EHxRfFB0D3PPdBBz0GuPa45rzmvPa45bDFtN
Y01bTVMLSstbDFMLUstKikJKQklKSUJJQkgxxzIHOgdaiVKJQcY5hUoHUkhKSDnG
SkhSiVKJSkhCB1JJWstay1KKUolrTHNNc41rTXvOhBCEUIxRjJGMkYyRlJKUkpzT
nNOc06TTpNOlFKUUpRSlFKUUpRSlFKUUpVSlVaUUpRSlFKVUpVSlFKUUpRWlVa1W
pVWlVKVUpRSlFKVVpRWlFKUUpRSlFKUUnRSlFKVVpRSc05zTpRSlFJzTlNOdFJ0U
lNOU05TTlNSU04yTjJOMkoySjJKMkoyShFGEUYRShFGEUXwRfBB8UHxQdA9rz3QQ
a9BrjmONY45rzmOOWwxbTGNNY0xTC0rLW0xbDFLLSolCSUJJQklCSUIIMcY5xznI
UkpSSTnHMYZKCFJJSkhBxkoIUopSiUpIQgdSSFrKYstSiVKJa01rTXONa017z4QQ
hBCMUYyRjFGMkYySlNKc05zTnNOc06UTpRSlE50TnRSlFKUUpRSlFK1UrVWlFKUU
pVSlVaVVpVWlFKUUpVWtVa1VpRSlVKVUpVSlVaVUpRSlFK1VpRSlFKUUpVSlVKUU
nNSc06UUpRSc05zTnROdFJTTlNOU05TTlNOU05SSjJKMkoySjJKMkoRRhJKEkoRR
hFF8EHQQfFF8UXQQa890EHQPa85jjWvOa85jjVtMW0xjjVtMUwtKy1tMWwxSy0qK
QklCSUJJQklCCDHHMcc6B0pJSklBxjlGSghSSVJJQcdKCFqKUopSSUoHUkhiymLL
UopSiWtMc41zjWuMe8+EEIxRjFGUkoxRlJKUkpTTnRSc05zTnNOlE6UUpROdFJ0U
pRSlFKUUpRStVa1VrVWtVa1VrVWtVaUUpRStVa1VrVWtVaUVpVWlVa1VrVWtVaVV
pRStVaVVpRSlFKVVpVWlVZ0UnRSdVKUUnNOc050TnRSVE5TSlNOc05zTlJOUkoyS
jJGMkoySjJKEUYRSjJGEUYRRfFB8EIRRfBB0EGvPdBB0EGuPY45rjmuOY45TDFsN
W05bTFLLSstbDFsMUstCSUJJQklCSUJJQkgxhjHGOcdKSEoJQccxhkoIUklSSUII
QkhailKKUklKCFJJYstrDFrKUolrTHONc41rTXvPhBCEEIxRjFGMkYySlJKc050T
nNOc05zTpRSlVJ0UnRSlFKUUpRSlFKUUrVWtVa1VrVWtVa1VrVWtVa1VrVWtVa1V
rVWlFK1VrVStVa1VrVWtVaVUrVWtVaVVpRSlVa1VpVWlFJ0UpVWlFKTUnNSdFJ0U
nROU0pTTnNOc05STlJKMkoySjJKMkoyShFGEUoSShFGEUXxQdBB8UXxRdBBrz3QQ
dA9rzmONa45rjmuOWwxbDGNNW0xKy0qKWwxbDFMLSopCSUJJQklCSUJIMYYxhjnH
SghKCEIHOYZKB1JJUklBx0oIWopSikpJSkhKSFrLYwtaylKKa01zjXONa017z4QQ
jFGMUZSSlJKUkpSSnNOdE5zTnNOc050UpRSlFKUUpRSlFKUUpRStVK1VtVWtVa1V
rVWtVa1VrVWtVa1VtZatlq1VrVWtVa1VrVWtVa1VrVWtVa2VpVWtVaVVrVWtVaVU
pRSdFKUVpRSdFJ0UnRSdFJzUnNOc05zTnNKc0pSSlJKMkoySjJKEUoRRhFKEkoSR
hJF8UHQQfFF8UHQQa850D3QPa85jjWvOa45jjlMMUwxbTVtMSstKylsMWwxSy0pJ
QglCSUJJQkg6CCmGMYY5x0IHQghCBzmGSghSiVKJQgdKCFqKUopSSUoIUklay2MM
WspSinNNc45zjmtOe8+EEIwQjFGMUYySjJKUkpzTpRSc050TnNOlFKUUpRSlFKUU
rRSlFKUUrVWtVa2WrVatVa2VrVWtla1VrVWtVa1VtZa1lq2WrZatlq2VrZatVa1V
rVWtVq1WrVatVq1WrVatVqVVpVWlVaVVpVWlFaVVpRWdFJ0UnRSU05SSlJKUkoyS
lJKMkoySjJKEUYRRjJKEUoRRfBF8EIRRfFB0D2vOdA9sD2vOY41rjmuOa45bDFsM
W01bTFLLSspbC1MLUstCSkIJQglCSUJJQggphjHGOcdBx0IISgg5hkoHUolSSUoI
SghailqKUklKSEqIYspjC1rKUolrTXOOc45rTXPOhBCEEYxRjJKMkoySlJKc050U
nNOdE5zTnRSlFKUUpRSlVK1VrZatlq2WrZatlq2WrZatlrWWtZa11rWWtZa1lrWW
tZa1lrWWtZa1lq2WrZatlq2WrZatlq2WrZallq2WrZatlq1WrVatVq1WrVWlVaUV
pVWlVaUVlNKU0p0TnRSdFJTUjJKMkoyShFGMkoySjJKEUXwRfBB8UXxQdA9rznQP
c89rzmONY45jjmONW0xTDGNNWwxSy0qLWwxTDFLLQkk6SEJIQkhCCEIIKYYxhjnH
QcdJyEoHOcVCB1JJUolKR0IHWslaylKJSklSSVrLYwtaylKKa01zjnOOa017z4QQ
hBCMUYxRlJKUkpTSnNOlFJzTnNOc06UUpRSlFJzTpVWtlq2WrZatlrWWrZatlq2W
rZatlq2WtZatlq2WrZatl7WXrZetl62XrVatlq2WrZatlq2WrZatlq2WrZWtlq2W
rVatVq1WrVatVqUSlJCUkKUVpVWdFJSMjEuUjKUQjFFrTYxRjJKMkYRRhFGMkYyR
hFGEUHwPfFB8EHwQa850D3PPa85jjWuOa45jjlsMUwxbTVsMUstKilsMUwxKy0JJ
OklCSEJIOkg6CClGMYY5h0HHSghKCEHGQghSiVKJSghKCFqKUopSiVJIUkliy2ML
WspSiWtMc45zjmtOe8+EEIxRjFGMUZSSlJKUkpzTnNOc05zTnNOlFKUUpRSU0q1V
rZatlq2WrZa1lrWWtZa1lrWWtZa1lrWWtZe1l7WXtZe1l7WWrZatlq2WrVatlq2W
rZatlq2WrZatlqWWrZatlq1VrVatVqVWpVac0oxQjE+dFKUUpRSMTYRNnI+tEYwP
QceMEIyRjJGEUYRRjJGMkYRRhFF8EHxQfFB0D2vOdA90D2vOY01rjWuOa45bDFMM
W01bDErLSopbDFLMSstCiTpIQkhCCEIIOgcphTGGOcdBx0oHSghBxkIHUolSiUII
QghSilqKUolKSUpJWstjDFrLUolrTHONc81rjXvPhFCEUIxRjFGUkZSSlJKc06UU
nRSdFJzTpRSlFKUUnNOtVq2WrZatlq2WrZatlq2WrZatlq2WtZatlq2WrZatlq2X
rZatl62XrZetlq2XrZetVq2WrZatlq2WrZatlq2WrZatla1WrVatVqVVpRSMUIxR
nROlVKUUnNOUkpzTpROMD0nHg8+EUYyRhFGMUYyRjJGEUXxRdA98UHxQdA9rjnPP
c89rzmONY41jjmONUwxTC1tMW0xLC0KKUwtTC0rKQkk6SDoIQkg6CDoHKYUxhjHH
OcdCB0IHOcZCB1KJUolKSEJHWslayVqJSkhKSGLKawtiy1qKa0xzjXOOc417zoQQ
jBCMUYxRlJKUkpSSnNOk050TnROdE50UpRSc05SSrVa1lrWWrVWcUaSRnFCcUJwP
pFGUUMWWpJKkUaSSrVW1lrWWrZatlq2WtZa1lq2WrZatl62WrZatlq2WrZatlqWW
rZatVq1WrValVqVWnRSdFaUVpRWlFaUVpRWdFZzUlNN8EHwQhFGMkoRRhFGEkYSR
hJF8UHwPfFB8UHQPa850D3PPa85jTWuOa45jTlMMUstbTVtMUwtKylMMUwtSy0JJ
Ogg6CDoIOgg6BymFKYYxx0GHSghKCEHHQchSilqKUkhKR1rKWspSikpJSkliy2MM
YstSimtNc45zjnOOe8+EEIxRjFGMUZSSlJKU0pzTnNOc050UnRSlFKUUnNOUkq1W
tVatlpSRvZakUZvPpA+bzqxRm8/Fl5RRlJKtlrWWtZe1l7WXtZe1l7WXtZetlq1W
rZatlq2WrZatl62WrZalVq1WrVatVq1VrValVqVWpValVaVVpVWlFaUVnRWdFZUV
nRWEUoRRjJGEUYxRjJGMUYyRhFF8EHxRfFF8EGuOdA9zz2vOY01jjmuOY05bDFML
W0xbTFLKSspTDFMLUspCSUIIQghCCEIIOccpRSmGMcdBx0IISghBx0HHWopaiUpI
SkhaylrLWopSiUqIYwtrC2LLWoprTXOOc85zjnvPhBCEEYxRjFGUkpSSlJKc05zU
nNOc050TpRSlFJzTnJOtVrWWtZatVJxSrNSs1KzUnFKs06SSpJOckqTTtZa1lrWW
tZe1l7WXtZe1l7WXtZe1l7VXrZetl62XrZetlq2WrZatVq1WrVatVa1WpValVqVV
pVWlVaVVnRWlFZ0UnRWUkpSTjFGEUIxRjFGMkYyRhJGEUYRQfA98UHxQdA9rjnPP
c89rj1tNY45rjmOOUwxSy1tNW0xSykqKWwxSy0qKQkg6CDoIOgg6CDnHKUUphjHH
QcZKCEoIQcdBx1JJWolSSUoIWspiylrKUolKSGMLYwtjC1rKa4xzzXvOc417z4QQ
hBGMUZSRlJKUkpTSnNOc1KUUpROlE6UUpRSc05SSrVWtlrWWrVWc05zSpRSk1K0V
rVWlFJzTpRSlE60UtZa1lrWXtZe1l7WXtZe1l7WXtZe1l7WWrZatlq2WrZatlq2W
rZalVq1WrVatVq1WpVWlVaVVpVWdVZ0VnRWdFZ0VYgdRhXrKfBCEUIRQjJGMkYyR
jFGEUHwPfFB8UHwPa45zz3PPc85jTWOOY45jjlsMUstjTVtNSstCilMMUstKykJI
Ogc6SDoIOgg5yClFKUUxhkHHSghKCEnHSgdaiVqKUklKSFLKWspaylKJUkljDGsM
YwxSimtMc457z3OOe8+EEIxQjFGUkZSSlJKUkpzTnNOlFKUUpRSlFKUUnNOc062W
tZa1lq1VrRWtFa1VrVW1lrWWrVatVrWWrZa1lrWXtZe1l7WXtZe1l7WXtZe1l7WX
tZetl62WrZatlq2WrZatlq1WrVatVq1WrValVqUWpVWlVaVVpVWlFaUVpRSlFWII
UYZ7C3wQfBCEUYyRjJGMkoRRhFB8D3xQfBB0EGuOc89zz2vOW01jjmOOY45TDErL
W01bTVLLSopTDFMLSspCSToIOgg6CDoIOggpRSlGMYZBxkoIUghKB0IHUolailKJ
SkhaylsLWspSikpJYwxrTGNLUsprjXPOe89zj3vPhBCMUYxRlJGUkZSSlJKc05zU
pRSlFKUUpRSlFJzTnNO1lrWWtZa1lrWWtZe1l7WXtZe1l7WXtZe1l62XtZe1l7WX
tZe1l7WXtZe1l7WXtZe1l7WWtZatlq2WrZatlq2WrZatVqVWrVatVq1VrVWtVKUU
pRSlVJ0TlNSdFJ0UnRRrTFrKc4xjTWuOhFGEUYyRjJGMUYRQfA98EHwQdA9rjnPP
c89rz1tNY45jjmOOUwxKy1tMW0xTC0KKUwxKy0rKOkg6BzoIOgg6CDoHKUUxRTGG
QgdKSUpJSghKCFqKYspaiVJIWstjC1sLWspSiWNMa01rTFrLa017znvPe86ED4xQ
jFGMUZSSlJKUkpSSnNOc06UUpRSlFKUUpRSc05zTtZa1lrWWtZa1lrWXtZe1l7WX
tZe1l7WXtZe1l7WXtZe1l7WXtZe1l7WXtZe1l7WXtZe1l7WXtZetlq2WrZatlq2W
rZatlqVWrVatVq1WpM+UjpyOpY10S2PJfEydFZUUlNSVFHxRWw1bTXwRhFGMUYxR
jFGEUHwPfBB8EHQPY45zz3PPc45bTGONY45jjlsMSstbTFtMSspCiVMLUwtKykJJ
Ogc6BzoIOgg6CClFKUUxhkIIUklSSVJJSkhaymLLYspSiWMLawxjDFrLUotrTGtN
a0xjDHOOe897z3vPe8+MUYxRjFGUkpSSlJKUk5zTnNSlFKUUpRSlFKUUnNOUkq1W
tZa1l7WXtZe1l7WXtZa1lrWWtZe1l7WXtZe1l7WXtZe1l7WXtZe1l7WXtZe1l7WX
tZetl62XrZetlq2WrZatlq2WpZatlq1WrVatVqTQlE6UjKWNbApbiWyMjVVsUWPP
bFFkkVNMW0x8EIRRjFGMUYxRhFB8D3wPfBB0D2uOc89zz2uPW01jjmOOY45TDErK
W01bTFLLSopSy1LLSoo6CDnHOgc6BzoHOgcpRSmGMYZKCVKKUopSiUpIWstjC2ML
UopjC2tMa0xjDFrLa01rjnONa0xzznvPhBB8D4QQjFGMUZSRlJKUkpSSlJKc06UU
pRSlFKUUpRSc05zTnNO1lrWXtZe1l7WWrZa1lrWWtZa1lq2Wtde117WWpRWtlrWX
rZetlq2WrVWdFK2WtZa1lrWWtZa1VrWWrZatlq2WrZatlq1WrValVq1WrVWk05SR
nM+lTnRNa8t8zpVVbFFbz2RSXJNDTVsMdBCEUYyRjFGEUYRQdA98EHwQdBBrjnPP
c89rzltMY41jjWONUwtKylsMWwxSykKJUstSy0qKQgg5yDnIOggyCDnHKUUpRTGG
SolSylrLWspSilrLYwxjDFrLY0xrTWtNa0xjC3ONe85zjmtNc46ED4QQhA+MUIxR
jFGUkZTSlNKU0pTTnNOdFKUUpRSlFKUUnNOc05zTrVa1lrWWtZeMEFrLnNO1l7WX
lJNrjrWXtZalFEpIhA+tFK0UYstaiUHGWsq1lrWXtZe1l7WXtZe1l7WXtZatlq2W
rZatlq2WrVWtVq1WrValFJzTnRGlUpTPjNCU0XRRY89sUmzUS01Ki2vPhFGEUYRR
hFGEEHPPfBB8EHQQY45rz3PPa49bTWONY41jjVsLSspbDFMMSstCilLLUstKikIJ
Occ5xzoHOgg5xylFKYUxhlKKYstjC1rLUspjDGtMa0xjDGtNc45zjmtNa01zjnOP
e89zjnvPhBCEUYQQhBCMUYxRlJKUkpTTlNKc0pzTpROlFKUUpRSc05zTnNOc062W
tZe1l7WXlJJKCJyTnNO1llrMnNS1l7WXhBE5x5ySUomdE5zTc058EIQQrZa1l7WX
tZe1l7WXtZe1l7VXrZatlq2WrZatVqVVrVatVq1WpNCUTpSNtQycy4xLlIyU05TT
jJOM02ONY01zz4QQhFGEUYRQfBBzz3wQfBB0D2uOc89zz2vOW0xjjWONY41bC0rK
WwxbDErLQolTC1LLSopCSDHHOcg5yDnIOccpBSlFMYZaimMLYwxjC1sLa0xrTXON
a0xrTXOOc45zjmtNc857znwPc858D4QQjFGMUYxRlJKUkpSSnNOc05zTnNOc06UU
pRSc06UUnNOc05zTnNO1lr3XtZatlmtMMUViy4OOtZUxhkJJtZa1lpSSa01zjpSS
tZa110pJtZalFLWXtZe1l7WXtZe1lrWXtZetlq2WrZatlq2WrZatVq1WrVatVqUR
nE6cjaSIpMmUDJRMrRCkjzHHSoprTWuNc8+EEIRRhFGEUXwRc890D3wQfBBrjnPP
c89rjltMW0xjjWNNWwxKyltMW0xSy0JJSstSy0qKOgkxxzHHOcc5xznHKUUpRTGG
WstjDGMMa01jDGtNa41zzWtNc45zz3PPe89zjnvPe898D3vPhBCMUYxRjFGMUZSS
lJKUkpzTnNOc05zTnNOc06UUpRSlFJzTnNOc0pzTtZa1l7WXc5BCCYQROcdSioQQ
e89KSa1VlFFjC2tLQgd7zrWVvddSipzUtZa1lrWXtZe1l7WXtZe1l7WWtZa1lq2W
rZatlq1WrVatFaUUpRSlE5yPnIyUS4wKhAyMTaURg8xBhjmGa0xrTXPPfBCEUYRR
hFGEEXvPfA98EHwPa45zz3PPa85bTGNMY41jjVMLSspbTFMMSstCSlLLSstCijoI
Mcc5xznHOcc5xyFFKUYxhmMMa0xzjXONa01zjnvPe89zjnPOe897z3wPe8+ED4QP
jFCED4QQjFGMUYxRjFGUkpSSlJOc05zTnNOc05zTpRSlFKUUpRSc05zTnNOc07WW
tZe1l4QRWsyMkmMMrVVjC7WWSklSipzTrVVjDFKKYwytVbWWnNNSi7VWtZe1lrWX
tZe1l7WXtZe1lrWWtZatlq2WrZatlq1VpRSk06TTpRWlFaUUnNN7znvPe9Cc1IOQ
OYU5RGsLc4570IQQhFGEUYRQfFBzz3QQfBB0EGuOc85zz2uOW0xjTWONY01bDErK
W0xTDErLQolSykrLQoo6SDHHMccxxznHOcchBCFFMYZrTWuNc457jnOOc457z3vP
e897z3vPhBB7z3vPhBCEEIRRhBCMUYxRlJKUkpSSlNOUkpzTnNOc05zTnNOc050T
pRSlFJzTnNOc05SSnNO1lrWWtZa1l7WXpRWtlrXXrZa1162WrZa117XXrZalVbXX
tde117WXtZa117WXtZe1l7WXtZe1l7WWtZa1VrWWrZatlq2WrVatVqUUnNOc061S
rRKUjZRMlEyMD4wPnFGDjkGFOURiyXPPfBCEUYRRhFGEUXwQc89z0HwQc9BrjmvP
a89rzltMY01jTWNNWwtKylsMWwxKy0JJUspKykqJOkgxxzHHMccxxzHGIQQpRTGG
c45zjnvPfBB7z3vPhA+EEIQPhBCEEIxRjFGEEIQQjFGMUYxRjFGMUZSSlJKUkpSS
lJKc05zTnNOc05zTnNOc06UUpRSlFJzTnNOc05zTtZa9l7WXtZe1l7WXtZe1l7WX
tZe1l7WXtZe1l7WXtde1l7WXtZe9l72XtZe1l7WXtZe1l7WWtVa1lrWWtZa1lrWW
rVWtVa1VrVWtFaUUpRStVa1VjI2MjJxMlA+UD5QPi81JxUGEYsl8D4QQhFGEUYRR
hFF8UXPPdBB8EHQQa45rznPPa85bTFtMY01jTFLLSopbDFsMUstCiVLKSspKiToI
Mcc5xznHMcc5hikEKUUxhnvPe897z4QQe8+EEIQQjFGEEIQQhFGMUYxRjFGMUYxR
lJKMUYySlJKUkpSSnJKc05zTnNOc1KUUpRSc05zTpRSlFKUUnNOc05zTnNOc07WW
tda1lrWWtZa1lrWWtZa1lrWWjFG1lbWVjFC117XXtZe1l7XXtZe1l7WXtZZrTqUT
rVSUkYxRpRS1lrWWtZa1lq1VpROlE61VrVatVq1WrVatVpSOjE2czqUTnNKUUYvP
YgdJhWqJe8+EEIRQhFGEUYQRfBBzz3QPfBB70GuOc45zz3POWwxjTGNNW0xTC0qK
UwxbDFLLQolKikqKQkk6CDHHMccxxzHHMcchBClFMUaEEIQQhBCMUYxRhBCEEIxR
jFGMUYxRjJKMkoxSjJKMkpTSlJKUkpySnJKc05zTnNOc05zTpRSlFKUUpRSlFKUU
pRSlFJzTnNKc05zTnNO1lrXXtZeUklpIUkdSB0nGasu9VFqLe8+c03vPtZa1lpzT
tZa1l7WXtZe1l3vQOcitVZzTSklSSpSTtZa1lrWWtZatVaUUpRStVa1VrVWtFa1W
rVWlFKUUpRSlFKUUpNSUEXsMaop7DHvPhFCEUYRRhFGEUYRRc89z0HwQc9BjjWuO
a85rjlsMW01jTVtNUstKilMMUwxKyzqKSstKi0JKOggxxzHHMccxxzHHIUUhRSmG
hFGEEIxRjFGMUYxRjFGUkpSSjFKMUpSSlJKMkpSSlJKckpySlJKc05zTnROc05zT
nNOc05zUpRSlFKUUpRSlFK1VpRSc05zSnNKc05zTtZa1l7WXpRWMk3OPc5BSi2uO
fA+EELWWtZZzz7WWtZU6B5zSe821lrWVe44hBKUUtZac1EIJUoqMUqTUrVW1lrWW
rVWlFKUUrVStVJzTnNOlFK1VrVSlE50SnNGlEZyRlA+DjYONe41zz3wQhFGEUYRR
hFF8UHPPdA98EHQQY45rzmvPa85bDGNNY01jTVLLSopSzFMMSstCSUqKUopCSToI
MccxxzHHMccxxyFFIUUpRoRRhBCMUZSSjJGMUYxRlJKUkpSSlJKUk5zTnNOU05TS
nNOc05SSnNOc05zTnNOc05zTnNOlFKUUpRSc05zTpRStVaUUnNOUkpzTnNOlFLWW
tde1l7WXtZdzj1rLQgi1lpzTYwy1l5SSQgi9VmsMKQRKCEoItZVSikpJKUW1l7WW
lJNKSlrKjFA5x61UtZa1lrWWrVatVq1WpROMkIyQpVOtU61TnIyUS6TLrQ2ci5PN
i4yLjYNNe498EIQRhFGEUYRRfFBzz3PPfA9zz2uOa45rj2uOWwxjDWNNY01TC0qJ
UwtTDErLQklKikqLQkk6CDHHMccxxznHMcchBCFFMUaMkoxRjFGUkpSSjJGMkpTT
lNOU0pSSnNOc05yTnNOc06UUnNOc05zTnNOc05zTpRSc05zTpRSlFKUUnNOlFKUU
rVWlFJzTlJKc0pzSpRO1lrWXtZe1l7WXUouEEZ0Utde117WXlJM5x5zTtZec01rL
hFGMUrXXlNO11zGGtZa1lmMMa05iyzFFa021lrWWtZa1lrWWrZatVq1UlI+Uj6UR
rVKtUpzMlEucjLVMpIyTzYuMg4yDTHOOfBCEUIRQhFGEUYRRc89zz3wQc89jjWuO
a45rjlsMWwxjTWNNUwtCilMLUwtKykKJSopKikJJOggxxzHGMccxxzHHIQUhRSlG
jJKMUZSRlJKUkpSRjJKc05TTlNKUkpzTnNOc05zTnNOc05zTnNOc05zTnNOc06UU
nNOc06UUpRSlFJzTpRSlFK1VpRSc05SSlJKc05zTtZa1l7XXtdedFDnHtZa9173X
tZaEEDnHlJK1lrXXvdd7z4xRvde917XXvdcxhrWWrVVCSK1Vc45azLWWtZa1lrWW
tZa1lrWWrVatVZzSnNKlU61UrVSc0JRPnI+tEJyQlA6LjYtNg0xzjnwPhFCEUIRQ
hFB8UHPOc898EHPPa45rjnPPa85bTFtMY0xjTFMLQolTC1MLSspCSUqJSopCSToI
MYcxhzHGMYYxhiEEIQQpRpSSjJGUkZSSlJKUkoySlNOU05SSlJKc05zTnNOUkpTT
nNOc05zTnNOc06UUnNOlFJzTnNOlFKUUpRSc06UUpRStVaUUpRSUkpSSnNOlFLWW
tda117WWUoqMUb3Xvde915zTSomlFL3Xvde9173XnNOMUb3Xvde9173XYwy1lr2X
tVa1l61WtZa1l7WXtZatl62WrZatlq1WrValVqVVrVWtVaVVpVWdFKUUpRSlE5RS
i42LjYNMc4570IQQhFGEUYRRhBBzznPPfBB0D2uNa45rjmuOUwxbDFtMW0xLC0LJ
SwtTDErKOklKikqKSkk6CDGGMYcxhzGHMYchBCEEKUWUkoyRlJGUkpSSlJKMkpTT
nNOU05SSnNOdE5zTnNKU05zTnNOc05zTnNOc05zTpRSc05zTpRSlFKUUpRSlFKUU
rVWlFJzTlJKUkpzTpRS1lrWWtZe1l7WWvde92L3Xvde917WWvZe9173Xvde92L3X
vde9173Xvde917WXtZe1l7WXtZe1l7WXtZe1l7VWtZa1lrWWtZa1Vq1Wi8+Lz6SS
rRWtFaUVpRSUkYxRrNGckIuNg0yDTXOOe898EIQQhFB8UHxQc89zz3wPc89jjWuO
a49rjlsMWwxjTWNMUstCiVLLUstKikJJQopKikJKOcgxhzGGOYcxhzGGIQQpBSlF
jFKMUYySlNOU0oySjJKU05TTlNOUkpzTnNOc05ySlNOc050UnNOc05zTnNOc06UU
nNOc06UUpRSlFKUUpRSlFK1VpRSlFJSSlJKc05zUtZa1l7WXtZe1l72Xvde9173X
vde9172XvZe9173Xtde117WXtde1l7WXvZe9l73XvZe1l7WXtZe1l7WXtZe1l62X
tZa1lrWWrVatVopHecWjCqVUpRSdFKUUjE6MTqyQrE+TTItMi0xzjXvPhBCEEIQQ
hBB8EHPPc897z3PPY01jjWvOa41bC1sMY01jTVMMQopSy1LLSopCSEqJSolCSTnH
MYYxhjGGMYYxhiEEIQQpRZSSjJKUkpTSlJKMkoySlNOc05TSlJKc05zTnNOUkpTT
nNOdFJzTnNOc06TTpNOlFJzTnNOlFKUUpRSc06UUpRStVaUUnNOUkpSTnNOlFLWX
tZe1l61WpVWtlqVVtZatVa1WpRSlVaVVnRStVZzTrVWUkq1VlJKtlr3Xvde9l72X
tZe1l7WXtZe1l7WXtZe1V7WWtZa1lrVWrVVyRmoFo8ytEpzRnNGtEYxNjE2kjqzP
igaBhYGFc0x7z4QQhBGEEIQQhBBzz3PPfBB0D2ONY41rzmuNWwxbDFsMW0xSy0JJ
UstSy0qKOkhCiUKJQkgyBymGMYYxhjGGMYYhBCkEKUWUkoxSjFGUkpTSjJKMkpTT
nNOU05SSnNOc05zTnNKc05zTpRSc05zTnNOc05zTpRSc05zTpRSlFKUUpRSc06UU
pRSlFJzTlJKUkpzTpRS1lrWXtZec1HPQlRSEUaVVlNOtVoRShFGU1IyTrZeU1KWW
dBCdVYyRpRS9173Xvde9l72XtZe1l7WXtZe1l7WXrZe1lrWWtZa1Vq1VlBB7TKSR
rRKkkqTRpNGUT5SRpM+kz4mDeQJ5AnNLc858EHwQhBCEEHwQc89zz3wPe89rTWuN
a85jjVsMWwxbDFtMUwtCiUrKUwtKyjpIQklKSUJIOccphjGHMYYxhzGGIMQhBClF
lJKUkpSSlJKUkoySjJKU05zTlNOUkpzTnNOc05zTlNOc06UUnNOc05zTnNOc06UU
pRSc06UUpRSlFKUUnNOlFKUUpRSc05SRlJKc0qUUtZe1l7WXnVV0EKVWhJKlVYyT
pVWU1JzUlNSUk62WnRS115TUrZadFK1Vvde9172XvZe1l7WXtZe1l7WXtVetl7WX
tZa1lrWWrVatVq1VpRWlFaUUnNKk0YsKeoibjLRPpA6JRIEDgQNzjnPOfBCEUIQQ
hBB8D3POc850D3PPY01jTWuOY45TDFMMW01bTErLQolSylLLSopCSEJJQolCSDnH
KYYphimGMYcxhyEEIQQpRZSSjJKMkpSSlNKUkoySlNOc05TTlJKc05zTnNOc05TT
nNOlFJzTnNOc05zTnNOlFKUUpRSlFKUUpRSlFKUUpRSlFKUUnNOUUpySnNOlFLWW
tZe1l61WrVatlq2WtZa1lrWXtZe1l7WXrZa1lq2VrZatlq2WrdetlrWWrVWtVa1V
rVatVa2WpRW1l7WXtZatlrWWtZa1lq1WpVWEkoRRlNSlVaUVpRWKB3GEkkjEDruM
gYR5A4mEe897z3wQhBCEEIQQfA9rznPOdA9zz2uNY01rjmuOWwxbDFtMW0xSy0JJ
SspSy0qKOglCSUJKQgg5xymGKYYphimGMYYhBCEEKUWUkoySjJGUkpSSlJKMkZTS
nNOUkpSSnJKc05zTlJKc05zTnNOc05zTnNOc06UUpRSlFJzTpRSlFKUUpRSc05zT
pRSlFJzTlJGUkpzTrRS1lrWXtZec1HwRjNN8EJ0TjJKc061WnRSU03xRjNN0D4yS
jJKVFJ0VnNOlFKUVlNOVFIzThFGU05SStVa1l7WXtZe1l7WWtZatlqVWdBFz0IzT
rVWtVaUUekdpxZtLvE+rzomFeQN5A3uNc898D4QQhBCEEHvPc85zznwPc89jTWNN
a45jTlsLWwxbDFsMUstCSUrKUstKikJJQklCSUIJMcgpRimGMYYxhjGGIQQhBClF
lJKMkYxRlJKUkoySjJKU0pzTlNKUkpzSnNOc05ySnNOc05zTnNOc05zTnNOlFKUU
pRSc06UUpRSlFKUUnNOc06UUpRSc05SRlJKUkqUUtZa1lrWXhJJjz4STa8+dFIQS
lNOUlJzVhJJ8UYTTbBCEkpSSnRStlp0UrZadFa1WnRSdFJ0UpRWc1a1WtZe1l7WX
rZa1lrWWtValVXQRa9CEk6UVnNSk05zSg8+UUqTTnJGJhXkDeQNyiHOOe8+EEIQQ
fBB70GuOc45zz3PPa01jTWuOY05TDFMMUwxbDFLLQklSilLLQoo6SUJJQok6SDHH
KUYphimGKYYphiEEIQQpRZSSlJKMUZSSlJKUkoxRlJKU05SSlJKc05zTnNOc05zT
nNOlFJzTnNOc05zTnNOlFKUUnNOlFKUUpRSlFKUUpRSlFKUUnNOUUpSSnNKtFLWW
tZa1l50VlNSlVZ0UrVatlrXXtZelVa2WpVatl62WrZa117WXtZe1l72XtZe1l7WX
tZe1l7WXtVe1l7WXtZa1lrWWtZa1lrVWrVWMk4yTlNScjpRNpM6lVaUUnNSUkpSR
gYV5hYnHeghzjnPPfA98EHwQfBBrjnOOc89zz2tNY01rjmuNWwxbC1sMWwxSy0JJ
SotSy0qKOghCSEJJQggxxymGKYYphjGGMYYhBCEEKUWUkpSSjFGUkpTTlJKMUZSS
nNOU05SSnNKc05zTnNOc05zTpRSc05zTnNOc06UUpRSlFJzTpRStFKUUpRSc05zT
pRSlFJzTlFGUkpzTrRS1lrWXtZe1l72XvZi9l72Xvde9173Xvde9173Yvde9173X
vde9173Xvde9173Xvde91rWWtZe1l7WXtZe1l7WXtZatlrWWtZatVq1WrVWtVq1V
pIycS6RLpROlE4RQW4dbh1oDgkajS2pKc497z3wQfBB8EHvQc45zjnPPc89jTWNN
a45jTlsMUwxbDFsMUstCSUqKUspKikJIQklCSToIMccphimGKYYphimFIQQhBClF
lJKUkoxRlJKUkoySjJGUkpTTlNOUkpSSnNOc05TTlNOc06UUnNOc05zTnNOc06UU
pRSc06UUpRSlFKUUnNOc06UUpRSc04xRlJKUkqUUtZa1l7WXtZe9l72Xvde9173X
vde9173Xvde9173Yvde9173Xvde9173Xvde9173Wvde1l7WXtZe1l7WXtZe1lrWW
rZa1lq2WlNCETpTPrZKtUaTQlE6UTp0RnRFsTVNHU4dKhYKItA9SinOOe898EHwQ
fBB8D3OOa45zz3POY01jTWuOY41bC1LLWwtbC1LLQklSylLLSoo6CDpIQkk6CDHH
KUUpRilGMYYxhiEEIQQhBZSSlJKMUpSSlJKUkoxRlJKc05TTlJKc05zTnNOUkpTT
nNOlFJzTnNOc05zTnNOc06UUnNOlFKUUpRSlFJzTnNOlFKUUnNOUkZSRlJKlFLWW
tZa1l7WXvde9173Xvde9173Xvde9173Yvde9173Xvde9173Xvdi9173Xvde9173X
vde917WXtZe1l7WXtVetlrWWtZatVXxKa8h8i6VUrVSlFJzTpRSU03RRW8pLh1vI
UwV6yLRRYwtzjnvPfA98EHwQdA9rzmuOc85rjmNNY01rjmuNWwtSy1MMWwxKyzpJ
SopKy0qKOghCSEJJOggxxymGKYYphjGGKYYZBCEEKUWUkpSSjFGUkpSTlJKMUZSS
nNOU05SSlJKc05zTnJKc05zTpRSc05zTnNOc06UUpRSlFJzTpRSlFKUUpRSc05zT
pRSlFJzTlJKUkpzTrVW1lrWWtZe1l73Xvde9173Xvde9173Xvde9173Xvde9173X
vde9173Xvde9173Xvde9l72XtZe1l7WWtZa1lrWWrZa1lrWWtZV8jGPJdEulVKVV
pVWlFqUVjNRbj1uPdFGEkFrKisqzzlKKa01zznvPfBB8EHQPa45rjnPPc45jTWNN
a45jjVLLUstSy1sLUstCSEqKUstKSkIIQglCCUIIOccpRilFKUUpRSmFGQQhBClF
lJKUkoxRlJKUk5SSjFGUkpySnJKUkpSSnNOc05zTnNOc06UUnNOc05zTnNOc05zT
pRSc06UUpRSlFKUUnNOc06UUpRSlE5SRlJGckq0UtZa1l7WXtZe9l72XvZe9173X
vZe9l72Xvde9173Xvde9173Xvde9173Xvde9173Xvde1l7WXtZe1lrWWtZatlrWW
tZa1lq1WjJB8TIRKlMydDaVVpVWlFZTUa49jj4ySnNNiyFqHe4x7z3OOc897z3wP
fA9zz2uOa45rz2uPY01jTWuOY01TC0rLUwxTC0rKOghKikqKSko6CEIIQgk5yDHH
KUUpRSlGKUYpRhjEIQQpRZSSlJKMUZSSlJKUkoxRlJKc05TSlJKUkpzTnNOckpzS
lNOdFJzTnNOc05zTnNOlFKUUnNOlFKUUpRSlFJzTnNOk06UUnNOUUpRSnJKtFLWW
tZa1lq1VrVStVK1VrVW1lpzTnNOtVbWVtZa1lr3Xvde9173Xvde9173Xvde9lr2X
tZe1l7WXtZe1l7VWtZa1lrWWtZa1Vq1WrVWcjJyLpMytVKUUpRSU03wQc8+MkJTR
YwhayJSOlJFzjnOOe897z3vPc89rjmuOc49rjmNMY01jjWNNUstSy1rMUwtSy0JJ
SopKi0KKOghCCEIIQggxhylFKUYpRSlGKUYYxCDEKQWUkpSSjFGUkpzTlJKMUZSS
nNOU05SSlJKc05zTlNOUkpzTpRSc05zTnNOc1KUUpRSlFJzTpRSlFKUUpRSc05zT
nNOlFKTTlFGUkZSSrVS1l7WXtZd70HNNa0yUUaTTlJFzjXuNe42UUaTTlJK1l73X
vde9173Xvde9l72XvZe9l7WXtZe1l7WWtZa1lq2WtZa1lrWWtVatVq1WnI2UjLTN
tM5zB2KInEy1DpxLlAqcB3MDaoaUjpSSc45zznvPfBB7z3PPa45rjnPPa45jTFtM
a41jTVLLUstSzFMLUspCSEqKUopKSToIOghCSToIMccpRilGKUYpRilGGMQYxCEF
lJKUkoxSlJKck5SSjFGUkpzTlNOUkpSSnNOc05zTnNOc050UnNOc05zTnNOc06UU
pRSc05zTpRSlFKUUnNOc05zTpNSk05RRlJGUkq1UtZa1lrWXpRadFaUVrVW1lq1W
tZe1l61WrVa1l7WWtZe1l7WXtZe9l72Xvde9l72XtZe1l7WXtZe1l7WXrZa1lrWW
tZatVa1VrVWtVKUSpNGlEq0RagdiBpwKvQ6ci5QKnAuDSXLLlJKMkmuOa45zj3PP
c89zzmuOa45zz3POY0xjTGNNY01Sy1LLUstSy0qKOghKiUqKQkk6CDoIQkk6CTHH
KUYpRilFKUUpRRjDGMQhBJSSjJKMUYxRlJKUkoxRlJKc05TTlJKUkpzTnNOUkpzT
nNOlFJzTnNOc05zTnNOc05zTnNOlFKUUpRSlFJzTnNOc06TTnNOUUZRRlJKtFbWW
tZa1lq1VrVWlFK1VnNOlFKUUnNO1lq0UrRSMELUVlBCUEazUvZe9l7WXtZe1l7WX
tZe1l7WXtZa1lq2WtZa1lrVSpM6sy7ULrIqkjKzNtU+1D2pGYcWbirTPpEyUC5QL
g4p7C5TSlJJzjnOOc85zz3PPc89rjmuOc85rjmNNYwxjTWNNUstSy1LLUstSijoI
QolKikJJOgg6CEJJOggxhylGKUUpRSlGKUUYxBjEIQWUkpSSjFGMUZTSjJKMkYyR
nNOc05SSlJKc05zTnNOc05SSnNOc05zSnNOc06UUpRSc1JzTpRSlFKUUpRSdE5zT
nNOc05zTlFGUUZSSrVS1lrWXtZeMUYRRe46ckmtNhBCMUIPQtZaUkoxRYwylFHvO
e8+c07VVrVa1l7WXtZe1l7WXtZe1l7WWtZatlrWVtZa1EpyNrIi9CqyIrEikiKyL
rI6DjYONnFGk05zSlJGckXvOa0yck5SSc45rjnOOc89zz3POa45rjXPOa45jTWMM
Y01jTVLLSspSy1LLSoo6CEJJSopCSTnIOghCCTnIMYcpRSlFKUYpRilGGMQYxCEF
lJKUkoxRjJKUkpSSjFGMUZSSlJKUkpSSnNOc05SSnNOUkpzTnNOc05SSnNOc05zT
nNOc06UUpRSlFKUUnNOc05zTpRSk05SSlFGUkq1UtZa1lrWXpRWlFaUVrVadFa1W
tVa1lrWWrZWtla1VrVa1lrWXtZec1KUVtZe1l7WXtZe1lrWXtZe1lq2WtZa1lrWV
rVKcjayItMmsh6xHpIakRpyMpRWlFaUVnM+UTpxOrI9rCmuNhBCED3ONa41rjnPO
c89zz2uOa41rjmuNY0xbDGNNWw1Sy0rKUspSy0qKOghCSUqKQkkyBzoIOkg5xzGG
IUUpRSlFKUUpRRjDGMMhBJSSlJKMUYxRlJKUkoxRjFGc05zTlJKUkpzTnNOUkpSS
lJKc05zTnNOc05zTpRSc05zTnNOc06UUpRSlFJzTnNOc06UUnNOUUpRRlJKtVbWX
tZe1l5SThBGMEJyRg85zjbUTvZVzTIOOlFF7TowRlJK117WXtZe1l7WXtZe1l7WX
tZe1l7VXtZatlrWWtZa1lq1UpNGkz60PpImkiKSHnIici4xQjFCk0pyMjEuMC5TT
hFGMkoySjJJzjmuNc45zz3PPc85rjWuNc45rjVsMWwxjTWNNUstSylLLUstKijoI
QklKiUJJOgg6CEIIOccxhilFKUUpRSlGKUUZAxjDIQSMkoySjJGMkZTSlJKMkYyR
lNOU05SSlJKc05zTnNOc05SSnNOc05zTnNOc06UUpRSc05zTnNOlFKUUpRSc05zT
lJKc05zSlFGMUJSSpVS1lrWXtZeMUoQRe9Ck1IwRjFGlFL2XlJKlFK1VpRSlFKUU
tZa91rWXtZe1l7WXtZe1l7WXtZatlrWWtZa1lbVVrVWtVa1VrVWlVaUUpROczqSN
pI5JgjkAlAWcRpxGnEilDYyOhBCUkpSSe89rTWuNc85zzmvOa01rTWuNa01jDFsM
Y01bDVLLSopSylLLSoo6CEJJSklCSTnHOchCCDnHMYYhRSkFKUUpRSlFGMMYwyEE
lJKUkoxRjFGUkpSSjFGMUZSSnNOUkpSSnNOc05zTlJKUkpzTnNOUkpzTnNOlFJzT
pRSc05zTpRSlFKUUnNOc05SSnROc0pSRjFCUkq1VtZa1lrWWtZa1lrWWtZe1l7WW
tZa1l7WWtZa1lrWXtZe1l7WXtZe1l7WXtZe1lrWXtZe1l7WXtZa1lrWWtRGkj6SQ
rVStVa1VrVWlVa1VpRWlFZzTWYVJQ4tJlEyUTJRMpM6UTHvNg82UUXvPa01rTXOO
c45zjmtNa01rjWtOWwxbDGNNWwxSi1KKUopSykqJOghCSUpKQgkxyDnIOgkxyDGG
IUUhBSlFKUUpRSDDGMMhBJSSjJKMUYxRlJKUkpRRjFGUkpTSlJKUkpzTnNOc05zT
lJKc05zTlJKc05zTpRSc05zTnNOc06UUpRSlFJzTnNOUkpzTnNOMkoxRlJKtVbWW
tda1lpzTlJKckbVTjA+MELVUnNOckpzTjBC1lr3XtZe1l7WXtZe1l7WXtZe1l7WW
tZatlKUTrRG9UbUPpI+kj60RrVOlE61UrVKlEJzQpRGs0WIHWcaCypRPnNOck5zT
jEx7yoQKlJJ8EGtNa01rjnOOc45jTWNNa45jjVsMWsxjTVsMUotKikqKUopKijoI
QklCikJJMcg5yDnIMccphiFFIUQhRSlFKUUYwxjDIQSUkoySjFGMUZSSlJKMUYxR
lJKUkpSSlJKc05zTnNOc05zTnNOc05SSnNOc06UUnNOc05zTnNOlFKUUpRSlFJzT
lJKc05zTjFGMUJSSrVW1l7WXtZeUk4xSlJOlVYxSlJOtVa1VrVWtVq1WtZe1l7WX
tZe1l7WXtZe1l7WWtZa1lrWWrVKkkKSPxUu9CpyPrMi9CqyInE+9C71MnIyUTKTN
nNNrTmuOa458EJRSa0qUDZQLg4uMDJSSfA9jTWNNa45rjmuOY01jDWuOY45bDFML
Y0xbDFLLSopKilKKSkk6CEJJQkpCCTHIOchByDnHMYYhBSEFIQUpBSkFGMQYwyEE
jJKMkoxRjFGUkpSSjFGMUZSSnNKUkpSSnNOc05SSlJKUkpzTnNOc05zTnNOlFJzT
nNOUkpzTnNOlFKUUpRSc05SSnNOck4xRjBCUka1VtZa1lrWXtZe1l7WXtZe1l7WW
tZa1l7WXtZe1l7WXtZe1l7WXtZe1lrWXtZe1lrWWtZa1lq1TpI+cDbTQtRGtEazR
tRGcjpyOtMu9TZyLlEqci2vQW49bj1uPW4+LjlHGScWLzoRPjFCUUXvPY01rTWtN
a45rjmNNY01jjmNNWwxbDGNNWwxSy0qKUspSikqJOghCSEpJQgk5xznHOcgxxymG
IQQhBSEFIUUhRRjDGMMhBJSSlFKMUYxRlJKUkpSSjJGUkpSSlJKMUZSSnNOc05zT
lJKc05zTlNOc05zTnNSc05zTlJKc06UUpRSlFKUUnNOUkpzTnNOUkoxRlJKtVbWW
tZa1lrWWtZa1l7WXtZe1l7WXtZe1l7WXtZe1l7WXtZe1l7WXtZe1V7WWrZa1lrVU
tVO1UqyLmoWKA6rIrVWtVa0VnI2cjKzMtU6cjIxMhAtj0FuQW5Bbj1uPckhhxlmG
jFBzznvPe89zjmNNa01rjWuOa45jTWNNa41jTVsMUstbDFMMSopKiUqKSopKiTnI
QglKSUJJMcc5xznIMccphiEEIQUhBSEFIQUYwxjDIQSUkoyRjFGMUZSSlJKMkYxR
lJKckpSSlFGUkpzTnNOc05SSlJKc05SSnNOUkpzTnNOc05SSnNOlFKUUpRSlFJzT
lJKc05zTlJGMUJSRrVWtlrWWtZa1l7WXtZe1l7WXtZe1l7WXtZe1l7WXtZe1l7WX
tZe1lq2WtZa1lrWWtRCkzqSOxRDFEKKIigaqya1VrVWtVaURpNGkiqSKpIqUknPQ
Y5Bbj1OPU45Tj2rLWklaSIyQhE+UkZSRhFBjTWNNa41rjWuNY0xjTWuNY01bDFMM
Wwxay0qKSolKikqKQkk5yEJJQko6CTHHMccxyDGHKUYhBSEFIQUhBSEFGMQYwyEE
jFKUUoxRjFGUkpSSlJKMUZSSnJKUkpRRlJKc05zTlJKUkpzSnNOUkpzSlJKc05zT
nNOUkpzTpRSlFKUUpRSc05SSnNOc05SSjFCUkq1VtZa1lrWWtZa1lrWWtZa1lrWX
tZa1lrWWtZe1lrWWtZa1lrWWtZatlrWWtZa1lq1SnJCckLUUvVWkUqRRrJK0z6zP
rQ+1UbVRrIqkSqRJjFBjkGOPW49bT1NOU05zz5RJjAiUB4wEg8Z7yXwNa01rTWtN
a45rTWNNWwxjTWNNWwxTC1sMWwxKikqJSopKikJKOchCCEpJQgg5xzHHOccxxymG
IQUhBCEEIQUhBRjDGMMZBIxRjFGMUYxRlJKUkpSSjFGUkpzTlJKUkpTSnNOc05SS
lJKc05zTlJKUkpSSnNOc05zTlJKc06UUpRSlFJzTlJKMUZSSnJOUUowQlJGtVLWW
tZa1lrWWtZa1lrWWtZa1lrWWtZa1lrWWtZa1lrVWtZa1lrWWtZa1lrWWtZa1Vq0V
rRW1Va1VrVWtVK1UpMuki6zMvU69TqSLnEqcSmvPY89bj1OPU1BTT1NPc8+USYwI
lAeLxIvGg4uEUGNNYwxjDWtNa01jDFsMY01jTVsMUstbDFsLSopKiUqJSopKiTnH
QghCCDoIMccxxznIMYcpRiEFIQUhBSEFIQUYgxjDIQSMUoxSjFKMUZSSlJKMUYxR
lJGU0pSSjJKUkpTTnNOUkpSSnNOc05zTnNOUkpzTnNOc05SSnNKc06UTpRSlE5SS
lFKckpySlJGED5SSrVW1lrWWtZa1lrWWtZa1lrWWtZa1lrXWtZa1lrWWtVa1lq1S
pNClEbVUtZa1lrWWtZa1Vq1WrVaszaSMrMzFTayKpIqsy61VrVWlE6TTe85jTGvO
Y49bj1OPU49Tj2uOlAyMCowLhAqMDoQPjFFrTWMMYwxjTWNNW01bTGNNYwxay1LL
UwxSy0qKQklKiUqJSkk5xzoIQgg5xzHHMccxxzGHIUUhBCEEIQQhBCDDGIMYwxjD
jJGMkoxRhFGMkpSSjJGMUZSSlNOUkoySlJKUkpSSlJKUkpzTnNOUkpSSlJKc05zT
nNOUkpSSnNOlFKUUnNOUkpRRnJKckpRRhBCMUa1VtZa1lrWWtZa1lrWWtZa1lrXW
tZa1lrWWtZatlrWVtZa1EKzOpI61VLWUrVStVK1VrZWtVa1VrIyki6yMvVGs0KSR
pNKtE6UTpNOk0lKIlJFzz1uPU49Tj1NOS09zj5STlJOUk3vPe45zjnOOYwxjDGMM
Y0xjTVsMWwxjTVsMSspSylLLUspKiUqJSolCSTpIOgg5yEIIOgc6BzHHKccphymG
IQUhBCFFIUUYwxjEIQQYxIxRjFKMUYQQjFGUkoyRhFGMkpSSlJKMUZSSnNOc05SS
lJKUkpzTnNOUkpSSnNOc05zTnNOc0pzTnNOc05zTlJKMUZSSlJKUUYQPlFGtFL1V
tVatFbWWpRS1lrWWtZa1lq2VlJKtlZSShA+tVbWWtQ+kjaSNvVO9U6zSrNK1E7VV
rVWtVazMpIykjK1VrVWtVa1VrVWkzpSNc0iMUZ0ThFFj0FOPU49Tj1NOc46U0ZSQ
jFB7zoxSjJOMUmNOWwxbDGMMY01bDGNNY01bDFLLUwxbDFLLUstKikJJQkpCSUII
Mcc6CDoIMcgxhzGHMYcphiEFIQQhBSEEGIMYxCDEGMSUUYxRjFGEEIxRlJKMUYxR
lJKUkpSSjFGUkpzTlJKUkpSSlJKc05zTlJKUkpSSnNOc05zTnNOc05zTnNOc05SS
jFCUkpSSlFGDz4xRrVS1VVrKWsutlXvOhA+lE6UTnNOlE2uOlRStloQQtZW1lq0R
pNCk0L1UvVStE6UTrRStVq1WrVWs0KSPpJCtVa1WrVWtVa1UpIqcSZwJpRSk04xR
Y9BTj1NPU09TT3NPnM+MTIPKc4mMUYySjFFrjlsMWsxbDGMNW01jDWMNWsxSzFLM
UsxSy0qKQklCCUJKQkk6CDHHOgg6CDIHKYYphimGKYYhBCEEIUUhBBCDGMQYxBjD
jJKMUoxRhBCMUZSSjJKMUYySlJKMkoxSlJKck5SSlJKUkpSSnNOUkpSSlJKUkpSS
lJKUkpSSlJKc05zTnNOUUYwQlFGUUYwQg8+MUK1UtZVzjnNNrVV8EYyUlRaEU4RT
hJN0EXQRjNJ0D5zTtZW1lq1WrVatVq1WpNOk060UrVWtVa1WrRatVa1VrVWtVa1V
rVWlFZQJi8icS6UUnNWMUmPQU49Tj0tPU05rTpzOjEx7y3OJjI2MT4QPa01izFrL
WstjDGMMYwxjDFLLUstSzFLLUstSikpJQghKSUJJOggxxzoIOggyBymGKYYphymG
IQQhBCFFIQQQwxjEGMQYw4xSjFGMUYQQjFGUkoyRhBCMUYySjFGMUYxRlJKUkpSS
lJKUkpSSlJKUkpSSlJKUkpSSlJKUkpSSlJKUkpSSjFGUkpSRjFCMEIwQlFGtFLVV
c017Tq0VlJKEEK1VrZa1lqVVpVallp0UrZalVa2WtZa1lrVWtZatVqUVrRWtVa1W
rVWtVa1VrVWtVa1VrVWtVa1VpRWDz2tNlJKlFKUUjFJj0FNPU09LT0tOa46Uz4xM
e8p7hZRFg8Zzi2tKWwtSy1sLYwxjDFsMWwtSy1LLUstSy1LLUotKSkIJQklCSUII
Mcc6CDoIMccphimGMYYphiEEIQQhRSEEEMMYwxjEGMSMUYxRhBCEEIxRjFGMUYxR
lFKUkpSSlJKUkpSSlJKU0pSSlJKUkpTTlJKUkpzTnNOc05zTlJKUkpzTlJKUkoxR
lJKUkowQjBCMUJRSrVWtVrVWtVa1VrVWtVa1VrWXtZa1lrWWtZa1lrWWtZa1lrVW
rVatVq1WrVWlFZzUrVWtVa1VrVWlVJzTpNOlE61VrRWtFaUVc4+D0aUVpRWlFIRS
W05LTlNPS05LTmsKg82EDoROe8yMTnOKc4pjSVrLUstSy1sMWwxbDFMLUstSy1LL
UstSy1KKSklCCEJJQkk6CDHHMgg6CDHHMYYphjGGKYYhBCEEKQUhBBjDGMMYwxiD
jFGMUYxRjFGUUYxRjFGUkpSSlJKUkoySjJKMkpSSlJKUkpSSlJKUkpSSlJKUkpzT
nNOc05SSlJKc05SSjFGMUZSSlJKEEIQQjFGUkq0VtVWtFJySrVWlFKUUrVWtVq1W
tZaMUaVVpVSEEJzTrValFKUUjFKlFaVVa05zz61VrVWtVa1VrRSk05zTpROtVa1V
rRWlFWMNjFGk1KUUnRSEUUrLKYdSzUrLIUVhhFlEcgeUkIQPc0xjSVsJWshay1KK
UspbDFsNWwxbDFLLUstSy1LLUspKikJJOghCSUJJOggxxzoIOggxxymGKYYphimG
GQQhBCEFIQQQwxjDGMMYw4xRjFGMUYxRjFGMUYRRjJGMkpSSjJKMkoySjJKUkpSS
lJKUkpSSnJKUkpRRlJKUkpzTlJKUkpSSnNOUkoxRjFGUkpSShBCEEIxRlFGtFK0U
Ukliy6UVhBBjTZTTlJKUkpTTY450EISSa458UJUTc8+tVaVVc8+MkozTfFCtVa1V
rVWtVa0TpNKk0qUUpRWlFaUVpRVKSpSTpRSlFJ0UfBBCShDESksxiCDBYYZZhXJI
lJKEUYQQfA98D2uOUstSylLKWwtbDFsMUwtSykrKUspSy1LKSopCiToIQkhCSDoI
Mcc6CDoIMccphimGKYYphhkEGQQhBCEEGMIYwyDDGMOMUYRRhFGEUYxShFGEUYxR
jJKMkoySjJKMkoxSjJKUkpSSlJKUkpzTlJKUkpSSnNOc05SSlJKUkpzTlJKMUYQQ
lJKUkowQg8+MEJRRrRS1VHONawy1VXwQhBKc1YyUjJSdFoQSpVatVoQRpVadFIRR
pVVzz5TTpVV70KUVrVWtVa1VrVWtVJzTnNOlFKUVpRWlFaUVOceU050UpRSdFIRR
WswQw1LNQkgggFmEWYVyR5SRhBF8EYRShFJzz1LLUspSilrLWwxbDFsLUstSy1LL
UstKykqJQkk6CEJJOgk6CDHHOcc5xznHKYYphimGKUYZBCEEIQUgxBiDGMQYxBjD
hFGEEYQRhFGMUoxRjFCMUYxRjJKMkYyRjJGMUYyRjJKUkoySlJKU05SSjFGUkpzT
nNOUkpSSlJKc05zTjFGMUZSSlJKEEIQPjBCUUa0UtRVrDHuOrVWtVaUUrVatVq1W
rVaMUq1WpRWlFK1WrVac1KUWpRWtVq1WpNStVq1WrVWtVa1VrVWlFaUVpRWlFaUV
pRSlFDFFnNSk1KTUpNSEUVsMGQNjDlKLGINizHNOe4+MUoRSe9CMUoxSe9BSy1KK
Sopay1sMWwxbDFLLUstSy1LLUstKikJKOghCSUIIOccxhjnHOcc5ximFKYYphilG
GQQhBCEEIMQQghjDGMMQg4RRhBGEUYRRjFGMUYRQjFGMkoySjJGMUYxRjFGMUZSS
lJKMUZSSlJKUkpSSlJKc05zTlJKUkpSSnNOc04xRjBCUUZRShBB7z4QQjFGlFK1V
tZatVq1WrVatVq1WrRatVq1WrVWtVa1VrVWtVa1VpRSlFK1VrVWtVa1VrVWtVa1V
rVWtEZyPpNClFKUUnNNKSXtMpJAxhZzUnRSc1JzUhBJjDhDFa5BjDhDDa4+EUoyS
jJKMUnPQhFKEUnPQUstKikqKUstTC1LLUstKikqLUstSy0qKQklCSToIQglCCDnI
MYY5xznHMYYphilGKUYpRhkEIMQhBCEEEIMYwxjDEIOMEYQRhBGEEYxRjBCEEIxR
jJKMUYxRjFGMUYxRlFGUkpSSjFGMUZSSlJKUkpSSlJKUkpSSjFGUkpzTlJKMUYQQ
jFGUUYQQe8+EEIxRrRStFKUUlJKtVZSSrVWdFHwQc8+U02OOa46MkmuPUw2Ek1tM
Y0ytVK1VpRStVaUUpRStVa1VpIqkSaSJpRSlFHOOGIIpAowOOcWlFJ0UnNSc1HwR
Yw0QxIRTa9AQxGtOjFKMk4yShFJz0IRSjFF70VLLSopKilLLUwtSzFLLSotKi0qL
SotKikJKQkk6CDpJOgg5xymGMccxyDGHKUYpRilGKUYgxBjEIQQhBBCCGMMYwxCC
jFGEEIQQhBCMUYxRhBCMUYxSjFGMUYxRjFGMUYxRjJGMkYxRjFGUkpRRlJKUkpSS
lJKUkoxRjFGUkpSSjFGEEIxRjFGEEHvPhBCMUaUUpNNSCXMMrVWEEHQQhNNTDEtN
bFFLTUtOdJNbj0LNfJRCzFLNnRWc1GuOlNNzz5zTrVWtVaSNnEycS50TpRRzjSCC
KMKcEGJJpNSc1JzUnNSEEWtNGMWMU4QRGMNjTYRRjJKMkoxSY0xjTWtNYwxSikqK
SolSy1LLUstKy0qLSotKi0qLQopKSkIJOghCSUIJOcgxhzHHMccxhylGKUYpRilG
GMQgxCEFIQQQghjDGMMQg4QQhBCEEIQQjBGEEYQQhBGMUYxRjFGEUYxRjFGMUYxS
jFKMUYxRlJKUkYxRjFGUkpSSlJKMUYxRlJKUkoxRhBCMUYxRg9B7z4QQjJGlE6UU
c45jC62VfFGdVnyTOotLDZVWUw1bTozVa9BTTXzTQw1TDJ1WlNRjDYSSfBCdFKUU
pRWk0ZRPlE+c06UUnNMgw0GDlA2UDZzUnNSc1JTUhBFjDhjFjJOEUhDDWw2EUoxS
jFKEUnPPhFKEUnwRUstKikJKUstSy1LLUstKikqKSopKikpKSklCCToIOgk6CTHI
KYcxxzHHKYcpRilGKUYpBSDEIMQhBBjEEIMYgxjDEIOEEIQQhBCEEIRQhBCEEIQQ
jFGMUYxRjFGMUYxRjFGMUYxRjFGMUZSSjFGMUYxRlJKUkpSSlJKMUZSSlJKMEIQQ
jFGMUYQQe8+EEIxRpRStVGMMe4+Uk2OOa8+E1GOPbBKVFmvRc9GVVozVfFKVFYST
hFKdV6VWlNSlVZTUnRWlFaUVpNSc06UUpRSlFKUTOURSApQKnAuc05zUnNSc1HvQ
UosYxHNPc44gw0JJfBGMUoxSjFJzkIRShFKEEVLLSopKSVLKUstSy1LKSopKikqL
SopKikJKQkk6CDoJOggxxzGGMccxxzGHKUYpRilGKUYYxBjEIQQYxBCDEIMYwxiD
hBGEEIQQg9CMUIQRfBCEEIxRjFGMUYxRjFGMUYxRlJGMUYxRjFGUkpSSjFGMUZSS
lJKUkpSSjFGUkpSSjFGEEIxRlJGEEHvPhA+MUaUUrVWtVq1VrRWtVq1WpVatVq1V
rVWtVa1VrVWtFaUVrRWtFa0VpRWlFaUUpRWlFaUVpRWlVaUVpRWlFKUUnRKUiJRF
lAaURpyJnNSc1JzUlNSEEWNOGQWMlIyUIUVSi3wQjFKMUoRSa4+EEoRShBFSzEJK
QklKi1KLUotSi0qKSopKikqKQolCSToIOchCCDoIOccxhjHHMccphilGKUYpRilG
GMQYxCDEGMMQghiDGMMYgoQQhBCEEIQQhFGEUYQQhBCEUYxRjFGMUYxRjFGMUYyR
jFGMUYxRlJKUkoxSjFGMUpSSjFGMUYxRlJKUkoxRhBCMUIxRhBBzjnvPjFGlFKUU
nNOlFJSSnNOc06UUlNOc05SSlJKMUYQQlJKc050UpVWlFIxRhBCc1IQShFF70HOP
hBGEEKUVpRSlFJyLnEWcRZxFnEWcSpzUnNSc05zThBFrThkFjJOMkzGHSop8EIyS
jFKEUWuPfBKEEYQRUsxCSUJISopKilLLSopKikqKSopKikqJQklCCDnIQgg6CDHI
KYYxxzHHKYYpRSlFKQYpRRjDIMQgxBjDEIIYgxjDGIKEEIPPhA+EEIRRhBB8EIQQ
hBCMUYxRhFGEUYRRhFGMkoxRjFGMUZSSlJKMUYxRlJKUkpSSjJGMUZSSlJKMUYQQ
hBCMUXwQc457z4xRpRSEk0sNbBFCy2PPW49sEGPQUwx0EWvQjNR0EYyTfBF8EXPQ
dBKEUmuPa89r0IzSfFF0EGuPY46lFaUUpRSUBpxFnEWcRZxFnEmc05zUnNSU03wQ
a04ZRYyTjJM6CUJKe9CMUoxRhFJrj4RRhFGEUVrMQkpCCUqKSopKikqKSopKikqK
SopCSUJJOgkxyDnIOcgxxymGMccxxymGKUYhRiFGIUUYxBjEGMQYxBCDEIMYwxiC
hBB70HwQe9CEEYQQe8+EEIRQjFGMUYRRjFGEUYRRjFGMUYxQjFGMkoySjFGMUJSR
lJKUkoxRjFGUkpSSjFF7z4QQjFGEEHuOe8+MUZ0UdFNDDlvROs1j0VtPdFF0EmPQ
fJNz0YxTpRWMUpzUnNSc1J0VlJOUlJTVjJOMU5TUlNSU1IxSpRSlFKUUaoOcRZwF
nAWcBJxJnNOU1JTUlNR8EWOOIQWMkoySQkpCSXPQjFKEUoRSa05bDVsNYw1Si0JJ
QghKikqKSopKikqJSopKikqJQklCSUIIOcg5yDnIMcgphjHHMYcpRiFGKUYhRiFG
GQQYxBjEGMQQgxCDGMMQg3wQfBB8EHwQhBCEEIPPhBCEUIRRjFGEEYRRhFGEEIxR
jFGMUYQQjFGMUYxRhBCMUYxSlJKMUYxRjFGMUYQQe8+EEIxRhBBzjnvPjFGlFJ0V
lNSU1Z0VnRWdFZ1VpRWlFaUVpRWlFaUVpRSlFaUVpRWlFaUVpRWk1aUVnRWlFaUU
pRSlFKUUpRSUkklBnAWcBZwFnAWcR5zTlNOU1JTUfBFjTiFGjJOMk1LMQglzz4RS
hFKEUmuPfBF8EXwRWw1CSUIJSkpKikqLSopCiUKKQopCikJJQgk6CDHIOggxyDHH
KYYxxjGGMUYpRSlGKUYpRRjEGMQYxBjEEIMQgxiDEIJ8EHvPe897z4QQhBB8EIQQ
hBCEEYRRhBGEUYQRhBCMUYxRhFCEEIxRjFGMUYwQjFGMUYxRjFGEEIxRjFGEEHOO
hBCMUYQQc457z4xRpRSlFaUVpRWlFaUVpRWlFaUVpRWlFaUVpRWlFaUUpRSlFKUU
pRWlFaUVpRWdFaUVpRSlFKUUpRSlFKTUc05BAZQFlAWUBZQFlAeUk5TTlNOUk3vQ
a045x4RRhFFay0IIc4+EUoRShFJrj3wRfBF8EVsNQgk6CUpKSopKikqKSopCSkJK
Qko6STpJOgk5yDnIOcgxiCmHMYcphimGIUUpRilGKUUZBBjEGMMYwxCCEMMQwxCC
fA98D3vPe8+EEIQQfBB8EIQQhBCEEYQRhBGEEIQQjBGMUYRQfBCMUYxRjBGMUYxR
jFGMUYxRjFGMUZSShBB7z3vPhBCEEHOOe8+MUaTUpRWlFaUVpRWlFaUVpRWlFaUV
pRWlFqUVpRWlFaTVnRSlFKUUpRSlFKUVpRSlFKUUpNSk1KTUpNSc1FpJYkKcBZwF
lAWUBZwGnJOclJSTlJN70HPQc89rj2uPUotbDGuPhFKEUoRSa898EXxRfBFbTUJJ
OghCiUqKSopKikJKQkpCSkJKQglCCDoIMcgxyDHIMYcphzGHMYcpRilGKUYpBSEF
GMQYwxjEGMQQgxCDGIQQg3vPe897z3vPfBB8EHwPe8+EEIQQhBCEEIQQhBCD0IwQ
jBGEUHwQjFGMUYxRhBCMUYxRjFGEEIQQhFGMUYQQc457z4QQhBBzTXuOjBGk1KUV
pRWlFaUVpVWlFaUVpRWlFaUVpRWlFZ0UnRSlFKUUnNSk1IySlJKMUZSSnNOMUZzU
nNSc1JzUnNQ4xIuEnAWUBJQElASUBZTTlJOUk5STe9CMkoySjJOMk4yThFJrz4RS
hFKEUnOPY01zjnvPY01CSToIQklKikqJQklCSUJJQkk6SUIJOgk6CDnHOcg5xzGH
KYYxhimGKYYpRSlFKUUpBRjEGQQYxBjEEIIQwxDDEIN8D3vPe897j3wPfBBzz3vP
hA+EEIQQhBCEEIQPhBCEUYRRhFB8EIRRjFGMUYQQjFGUkoxRjFCEEIwQjFGEEHvP
e8+EEIPPa01zjowQnNSU03wRjFKMkp0UnRSc05STe9Cc03vPjJKMknQQfFF8UWOP
fFJTTWwQU010EZTUWw2Uk5zUnNSc1IxRSYSUBpQFlAWUBJQEjAaUk5STlJOUk3vQ
jFKMkoyThFOMU4RSc4+EUoRShFJrzVsJWwlrS2LMQgg5yEJJQklCSUJJQklCSUJJ
QklCSDoIOggxyDHIMcgphymGMYYphimGKUYpRSlFKQUYxBjEGMQYxBCDEIMYgxCD
e897z3PPc898EHwQe897z3vPhBCEEIQQhBCEEHwQhFGEUIRQe8+EEIxRhFGEEIxR
jFGMUYwQhBCEEIxRhBBzjnvPhBB7z2tNc46EEJzUnRV70YzUfFJ8UoRSdBGU1GuQ
fBF0EIyRjFB7zoxQfA5rjHwNWwp0DltMc8+U02uOlNOc1JzUnNRzDWrLlAeUBZwF
lASUBJQFlJKUk5STlJN70IxTjJOMk4ySjFKEUmuPhFGEUoRRc4tayFsJa05jDToJ
OghCSUJJQklCSUIJQklCSUJJOkg6CDoIMccxxzHHMYcphimHKYYpRilGKUYpRSFF
GQQZBBkEGMQQgxCEEIMQg3PPc89zz3PPdA98D3vPe8570IQQfBB8EHwQfBB8EIQQ
hBCEEHvPhBCMEYQRhBCEUYRRjFGEEHwPhBCMUYQQc457z4QQhBBrTXOOhBCc1ZzU
nNSUk5zUnNSc1JzUnNSdFZ0VnRWdFJTTnNOc05zTlNOU05TTlNSU1JTUnNSc1JzU
nNSc1JzUQkmUUJQHlAWUBJQElASUBpSSlNOUk5SSe9CMUoxSjFKMU4xShFJrj4QS
hFKEUnONYwtrS3vPa006CDnHQghCSUJJQklCSUJJQklCSToJOgg5yDHHMgcxxzHH
KYYxhimGKUYhRSFFIUYhRRkEGQQZBBjDEIMYgxjDEINzz3PPc89zznvPe89zz3OP
e897z3wQhBB8EHwQe898EIQQhBB7z4QQhFGEEXwQhFCEUIxRhFF8EIQQhBB8EHOO
c46EEHvPa01zjYQQnNOc1JSTlNOMkp0UlNOMkpTSjJGEUYySjJKEUZTThBCMUnwQ
jJJrzoRRY01rj2NNhBGMUZzTnNOc00IIpJGUBpQFlASUBJPElAeUk5STlJOUk3vQ
jFKMUoxSjFKEUoRSa458UYRShFJ0EGuPa898EGuPOkkxyEIJQklCSUJJQklCSUJJ
Qgk6CDoIOggxxzHHKccphymGKYYphilFKUUpRSFFIUUhBCEEIMQYxBCCEIMYwxCC
e49zj3OPc45zznvPc85rjnvPe898D3wQdBB7z3vQe9CEEIQQe8+EEIxRhBB7z4QQ
jBCEUYQQe897z4QQe89zjnOOhBB7z2tNa02EEJzUfFJbTXRRW06EUozUY45sEWOP
W45sEYSTa9CEUnQRfFFjj3RSU050UjrLY49bTXQRjFKc1JzUjFJSipyRlAWUBZQF
lAWUBZQHlJOUk5STlJN7z2uNc41rjWtNa01rTWNMhFKEUoRSfBFrj3wRfBFzzzoI
McdCCEIJQgk6CToJOgk6CDoIOcg5yDnIMcgxyDHHMYYphimGKUYpRiEGIUYhBiEF
GMQYxBjEGMMQghCDGIMQg3OOc45rjmuOc457z3POc45zznvPe8970HvPe897z3vP
hA98EHPPfBCEEYQQe8+EEIRRhBCEEHvPe8+EEHvPa01rTXvPe89jDGtNhBCc03RS
U058k2wRjNR8U2wRdFJsEWwRfFOM1HQRhFKEUoRSdBF8UnRRfFJ8UnxSdBF8EpSU
nNSU1JSTjFKUkpQGlAWUBJQEjASMSZSTlJOMk4yTc9GEUoRShFKEUoRShFJrj4QR
fFF8EXQQY450EHQQa886CDHHOgg6SDoIOgg6CDoJOgk5yTnIMcgxyCmHMYcxhimG
KUYpRiFGKQUhBSEFIQUhBRjEGMQYxBiDEIMQgxCDEIJrjnOOa45rjWuOc89zjmuN
c45zz3vPe89zz3PPc89zz3wPe89zjnvPg9CEEHvPfBCEEIQQg9B7z3PPhBB7z2tN
a017z3vPYwxrTYQQnNOc1JzUnNWdFZ0VnRWdFZ0VnRWdFZzVnNSc1JzUnNSc1JyT
nNOc1JTUlNSUk5STlJOUk5STlJOUk5STlJKMCovKg8qDyoPLg82EUYRRhBF8EHPP
c89z0HPPc89zjmuPY09jj2OOY45jTltNW01bDVMLOcgxhznIOgg6CDIIOgg6CDoI
OcgxxzHHMccphimGKUYpRiFFKUUhRSEFGQQhBRkEGQQYwxjDGMMYgxCCEIIQghCC
c45rjmuOa01rTXOOc01rTXONc457jnPOc45zjmuOc457z3vPc457z4QQe9B7z3vQ
fBCEEHwPc85zj3wQe89rTWtNe897zmMMa018EJTTlNOUkpSTlJOUk5STlJKUkpSS
lJKUkoxSjFGMUYxRjFGMUIxRjFGEEIQQhBCEEIQQe9B70HwQfBB8EHPQc897z3PP
c89rjnPPfBFrkGNOY05bDVsNUwxTDFsNUw1KzFLMSotKzEsNQsxTTltOc9Bz0DnH
MYYxxznHOcc5xznHOccxxzHHMYYphimGKUUphSlFKUUhBCEEIQQhBBjEGMQYxBDD
EIIQghCCEIIIQQhBCEEIQWtNa01rTWtNa01rjmtNYwxrTXNNc45zjmuOa45rjmuO
c45zjmtNc457z3vPc45zznwQfBB7z3OOc457z3uOawxjDHOOc45ay2MMhA+U04yS
hFGEUYRRe898EHwQfBB8EHwQc898EHvQc46EEYQRg9GEEYRRSstbDVMMW01bjmOO
QotCi0LLW05bDUrLUw1TTUrMSsxrj3wRa9BTTksNMko6zDKKOotCzDqLOotCzCoK
Qs1LDjpLUw5bT3QRdBExyCFGKYYxhjGGMYYphimGKYYphSlFKQUpBSEEIQQhBCEE
GMMYxBjDEIIQghCCEIIQgghBEIIQghCCCEEIQQhBCEFjDGMMYwxjDGMMY01jDFsM
W0xjTGtNa01rTWtNa01rTWuOa41rTWuOc85zjnOOc457z3vPc89rjmtNc49zjmMM
YwxrTXOOWstjDIQQlNOEUoQRhBFr0ErMW05jj1tOY49jj0rMUw1bTlsNc9B8EHwQ
fBF8EULMSw1CzEsNU09TDjqMQs1CzEsOUw5KzVsPW09bDlMNa498EWuPY49jj1NO
W09TTlNOU05TDVMNU05TTltPW49bT1tPW490EXQRMcghBCFFKUUpRSlFKUUhBSEE
IQQhBCEEIQMYwxjDGMMYwxiCGIIQghCCEIEIQQhBCEEIAQgBCAEIAQgBCAEIAQgB
WspaylrLUopSi1rLWstaylrLWwxjDFsMWwtjDFsMWwxjTWNNYwxjTXOOc45zjmuO
c45zznOOa01jTGuOc45jDFrLa01rTVrLWst7z5STjFKEEoQSdBFjj2uQa9Fr0HQR
a9Bjj2vQc9Br0HwQfBB8EHwQhFFz0HPQc9Bz0HQQc9Bz0HPQc9Bz0HPQa9Bjj2vQ
Y49rT2vQfBJz0HPQc9Brj2vPa85rzmuOa45rjmNNc9B0EXwSfFJj0HQSdBF0ETGH
IMMgwxkDGMMYwxjDGIIYwxjCGIIYghCCEEEQQRBBEEEQQRBBEEEQQQgBCAEIAQgB
CAEIAQgBCAEIAQgBCAEIAVKKUopSilKKUopSilKKSklSilKKWstay1rKWspaylrL
YwtjC1sLYwxrTWtNa01rTWuOc45zjmtMYwtrTWMNWstSimMMYwxSilKKe8+U1IyT
jFOEUoRShFKEUoRShFKEUoRShFKEUoRShFKEUoRShFKEUoxTjFOMU4RSjFOMU4xT
jFOMU4xTjFOElGvQSw1sUmQQUsx0EYRThFOEU4RSc9Bz0GvPY45jjltOW05TDXxR
fFKEU4STbBF8UnxSdBAxhhiBGIEYgRiBGIEYgRiBGIEYgRBBEEEQQRBBEEEQQRBA
EEEQQRBBEEEQAQgBCAEIAQgBCAEIAQABCAEIAQgBCAFKSUpJSklKSUpJSklCCEoI
SklKSUpJSklKSEpJSklSiVKJUopSilKLYwxjDFrLWstjDGMMYstay1qKWstay0pJ
SkhSilqKSkhKSHvOlNOc1JTVlNWU1ZTVlNSc1JzUlNSU1JTUlNSU1JTUlJSUlJST
lJOUk5STlJOUk4yTjJOMk4yTjJOMk4yUhJNjkErNbFNr0UrMdBGEUoRShFKEUXPP
hFGEUnxSfFJ8EnwSc9CMk4yThJOEk3QRfFJ8UnQSMcgQghCCGIIYghiCGIIYghiB
GIEQgRCBEIEQQQhBEEEQQRBBEEEQQRBBEEEIQQgBCAEIAQgBCAEIAQgBCAEIAQgB
QcdBx0HHQcdBx0HIQcdBx0HHQgdCB0IHQcdCB0IISkhKSEpISkhKSVKKUolSiUqJ
UopSilJJSkhKCFJJSkhCBznHSghKCEHHOcdzTpSTnNWdFZzVnRWdFZzUlNSc1JTU
lNSU1JTUlNSU1JSTlJOUk5STlJOUk5STlJOUk5STjJOMk4yTjJOMk4yTa49KzWyT
dBJKzGwRhFKEUoRShFJz0HwRhFJ8UnwSfBJ8EmuPhFKEUoRShJN0EYSUhJN8UjHI
GIIYghiCGIIYghiCGIIYghiCGIIYgRCBEEEQQRBBEEEQQBBBEEEQQQhBCEEIAQgB
CAEIAQgBCAEIAQgBCAEIATmGOYY5hjGGMYYxhjGFMYUxhTmFOYY5hjmGOYY5hjmG
Occ5x0HGQcZCB0IHOcc5x0HHQcdBx0GGOYVBhjnGOYUxRDlFOYUxRDFEc42Uk5zU
nNSc1aVWpVaU1ZTUlNSU1JSUlNSU1JSTlJOUk5STlJOUk5RTlJOUk4yTjJOMk4yT
jJOMk4yThFOMU2uQSs10lHQSSsxr0HxShFKEUoRRc9B8EHxRfBF8EXwRfBFjTnQR
dBF0EXQRW058UoSTdBE6CBiCGIIYghiCGIIQgRiBGIEYgRiBGEEYQRBBEEEQQRBB
EEEQQRBBEEAQQQgBCAEIAQgBCAEIAQABCAEIAQgBCAEpBCkEKQQpBCkEKQQpAykE
KQQpBCkEKQQpBDEEMQQxBDEEMQMxAykDMQQxAzEDMQMxAzEDMQMxAzEDMQMxAzDD
MQMxAzEDKQIpA3NMlJOU1JTUnRSlFZzUlNOU1JTTnRSU1JTUlJOMkoyTjJOMkoyS
jJKMkoySjJOMUYvPi86LzYONg42MUoxThFNrj0LMbFJ0EkLLY4+EUoRShFKEUnQQ
a898EXwRfBF0EXQQW01rz2vQa9Br0FNNa850D2ONMYYYghiCGIIYghiCGIIQghiC
GIIYghiBEIEQQRBBCEEQQRBBEEEQARBBEEEQQRBBCAEIAQgBCAAIAQgBCAEIAQgB
IIMowyjDKMMowyjDKMMowyjDKQMxAykDKQMpAzEDMQMxAzEDKQMpAzEDMQMxAzED
MQMxAzEDMQMxAzEDMQMxAzEDMQMxAzEDMQNrS5SShBB7z2LLWkpSSFqIWohiypTT
lJOUk4xSfBFrj3QRdBBrz4RRjJOMk4yTe89ySHJIckhySHsLhFKEUnxSc9BTDXRS
fFJTDGOOfBBzz3PPc85rTFrKYwtaylKJSkhKCDnHOcYxhSlFKQQgwxiDGEIYQRiC
GIIYgRiBGIEYgRiBGIEYgRiBGIEYgRBBEEEQQRBBEEEQQRBBEEAQQRBBCEEIQQgB
CAEIAQgBCAEAAQgBCAEIASCCKMIowijDKMIowikDKMMowzDDMMMwwyjDKQMpAykD
KQMpAykEKQMpAykDKQMpAzEDMQMxAjEDMQMxAzEDMQMwwzDDMQMxAzEDYwuMkoyS
jJOMlIRTa9BjjkqKSoqU05TSlJKMkoQQc45zznPOY0xzjXONa4xjC1rKQcZBhkGF
OUVBhUnGQcU5hTFEKMMowyjDGIEYQRBBEAEQARABEAEQARABEAEQARABCAEIAQgB
CAEQARABEAEQARABEEEYghiCGIIYghiCGIIYghCCGIIYghiCEIIQghBBEEEQQRBB
EEEQQRBBEEEQAQhBEEEIQQhBCEEIAQgBCAEIAQgBCAEgQiDCIMIgwiDCIMIowikC
KMIowyjDKMMowyjDIQMowzEDKMMowykDKQMowykDKQMowykDKQMpAykDKQMowyjC
KMIowikDKQIpAkGEWohSR1JHSgZBxjmGOUUowyCBKMMogiCBIEEgQRhBGEEQQRhB
GEEYQRhBGEEYQRhBEEEQABBBEAEQABBBEAEQARABEAEQARABEAEQARABEEEQQRBB
EEEQQRBBEEEYQRhBGEEYQRhBGIEYgRiBGIEYghiCGIIYghiCGIIYghiCGEIYghCC
GIEYgRiBEIEQQRBBEEEQQRBBEEEQQRBBEAEQARBBEAEIAQgBCAEIAQgBCAEIAQgB
IEIggyCCIMMgwyjDKMMowyjDKMMowyjDKQMpAykDKQMpAykDKQMpAykDKQIpAykD
KQMpAjEDMQMpAykDKQMpAyjCKMIowijCMMMogyBBGAEYQRhBGEEYQRhBGEEQQRBB
GEEYQRhBGEEYQRhBGEEYQRhBGEEYQhhBGEEYQRiBGEEYQRhBGEEYQRhBGEEYgRiB
GIEYgRiBGIEYgSCBIIEggiCCIIIggiDCIMMgwiDCIMIgwiDCIMIgwiDCIMIggiCC
IIIgghiCGIIYghiCGEIYghiBGIEYgRiBGEEYQBBBEEEQQRBBEEEQARBBCEEIQQgB
CAEIAQgBCAEAAQgBCAEIARhCIIIgwyDDKMMpAyjDKMMoxCjDKMMowyjDKMMowikD
KQMpAykDKQMowykDKQMpAykDKQMpAykDKQMxAzEDKQMowyjCKMMwwyjDKIIggRhB
GEEYQRhBGEEYgRiBIIEggSCBIIEggSCCIIEggSCCIMIggiCCIIIogiiCKIIogiiC
IIIggiCCIMIowiDCIMIgwiDCIMIgwiDCKMIowyjCKMIowijCKMIowijCKMIowijC
KMIowiDCIMIgwiDCIMIgghiBGIEYgRiCGIIYghCCGIIYghhBGIEYgRiBEEEQQRBB
CEEQQRBBEEEQQRBBCEEIQQgBCAEIAQgBAAEIAQgBCAEYQiCCKMIgwiDCKMMowijC
KMMowyjDKMMowyjDKMMowijCKMMowyjDKMIowikDKQMpAykDKQMpAykDKQMpAyjD
KMIowyjDKQMpAykDKMIowijCKMIowijCKMIgwijCKMIowijCKMIowijCKMIowijC
KMIowijCKMIowiiCKMIowijCKMIpAijCKMIowijCIMIowijDKMMowyjDKMMowyjC
KMIowijCKMIowijCKMIowiDCIMIgwiDCIMIgwiDCIMIggSCCGIIYghiCGIIYgRiB
GIEYgRhBGEEQQRBBEEEQQRBBEEEQQRBBEEEIQQhBCEEIAQgBCAEIAQgBAAEIAQgB
GEIggiDCKMIowikDKMMowyjDKMMowyjDKMMowijCKMMowyjDKMMowyjCKMMowyjD
KMMowyjDMMMxAzEDKQMpAykDMQMxAjECMQMxAzEDMQMxAzEDMMIwwijCKMIowijC
MMIxAjECMMIwwjDCMMIowijDKMMowyjDKMMowyjCKMMowyjDMQMxAzEDMQMxAjEC
KQIpAijCKMIowijCKMIowijCKMIowijCKMIgwiDCIMIgwiDCIMMgwiDCIMIgwiDC
IIIYghiCGIIYghiBGIEYgRiBGIEQQRBBEEEQQRBBEEEQQRBBEAEQQQhBCEEIQQhB
CAEIAQgBCAEIAQgBCAEIASCCKMMowijDKMMowyjDKMIowijDKMIowyjDKMMowyjD
KMMgwyDDIMMgwyjDKMMowzDDMMMxAzEDMQMxAzEDMQMxAzEDMQMxAzEDMQMxAzED
MQMxAzEDMQMpAijCKQMpAikCMQMxAzEDMMMwwzDDMQMxAzEDMQM5AzEDMMMxAzEC
MQIxAzEDMQMxAzEDMMMowijCKMIowijCKMMowyjDKMMowyDDKMMowyjDKMMgwyDC
IMIgwiCCIIIggiCCIIIgghiCGIIYghiCGIIYgRiBGIEYgRCBEIEQgRBBEEEQQRBB
CEEQQRBBEEEQQRBBCAEIAQgBCAEIAQgBCAEIAQgBCAEggiDCIMIowijCKMMgwyjD
KMMowyjDKMMowyjDKMMgwyDDKMMowyjDKMMowyjDKMMpAzEDMQMxAzEDMQMxAzED
MQMxAzEDMQMxAzEDMQMxAzEDMQMowyjDKMMowijDKQMxAzEDMQMxAzDDMQMxBDED
MQMxAzEDMMMxAzEDMQMxAjEDMQMxAjEDMQIxAikCKQIpAyjDKMIowijDKMMgwyjC
IMIgwiDCIMIggiDCIMIgwiDCIMIgwhjCGIIggiDCIIIYgRiCGIIYghiBEIEYgRiB
GIEYghBCEEEQQQhBEEAQQRBBEEEQQRBBEEEIAQgBCAEIAQgBAAEIAQgBCAEIAQgB
IIIogiDCKMMowyjDKMMowyjDKQMoxCjDKMMowyjDMMMowyjDKMMowyjDKQMpAykD
KQIpAykDKQMpAykDKQMpAykDKQMpAykDKQMpAzEDMQMxAzEDMQM5AzEDMQMwxDED
MQMxAykDMQMxAzEDMQMxAzEDMQM5AzEDMQMxAzDDOQMxAzEDMQMxAzEDKMMowijC
KMIowijCKMMowyjDKMMowyjCIMIgwiDCIMIgwiDCGMIgwiDCIMIgwiDCIMIgwhjB
GIEYgRiBGIEQgRiBGIEYgRhBGEEYQRhBEEEQQRBBEEEQABBBEEEIQQhBCAEIAQgB
CAEIAQABCAEIAQgBCAEIASCCKMIowijCKMIpAyjDKMMowyjDKMMowyjDKMMowzDD
KMMowyjDKMMowykDKQMpAykDMQMxAzEDMQMxAjEDOQMxAzEDMQMxAzEDMQMxAzED
MQMxAzEDMQMxAzEDMQMxAzEDMQMxBDEDMQMxBDEDMQMxAzEDMQMxAzEDMQMxAykD
KQIowijCKQIowijCKMIowijCKMIowijCKMIowijCKMIowijCKMIgwiDCIIIgwiDC
IMIgwiDBIMIgwhjCGIIYghiCGEEYgRiBEIEYgRiBGIEYgBCBEEEQQQhBEEEQQRBB
EEEQQRBBEEEIQQhBCEEIQQgBCAEIAQgBCAEIAQgBCAEggiDCIMMgwyjDKMMowyjD
KMMowijDKMMowyjDMMMowyjDKQMpAykDKQMpAykDKQMpAzEDMQIxAzEDMQMxAzED
KQMpAzEDMQMxAzEDMQMxAzEDMQQxAzEDMQMxAzEDMQMxAzEDMQMxAzDDMQMxAzED
MQIxAzFDKQMpAzEDMQMxAykDKQMpAykDMQMpAikCKMIowijCKMIowijCKMMowijC
IMIgwiDCIMIgwiDCIMIgwiDCIMIgwiCCIIIggiCCGIIYghhCEIEYgRiBGIEYgRiB
GEEYQRhBEEEQQRBBEEEIQRBBEEEQQRBBCEEIAQgBCAEIAQgBAAEIAQgBCAEIAQgB
IMIowijCKMIowijCKMIowijCKMIowyjDKMMowyjDKMMowyjDKMMowyjDKMMowyjD
KMMowykDKQMpAykDMQMxAzEDKQMpAykDKQMpAykDMQMxAzEDMQQxAzEDMQMpAykD
MUMxAykDKMMpAykDKQMpAykDMQMxAzEDMQMxAzEDMQMpAzEDMQMxAzDDKMMowijC
KMIgwijCKMIowiDCKMIgwiDCIMIgwiDCIMIYwiDCIMIggiCCIIIYghiCGIIYghiC
GIIYghhCGIEYgRiBGIEYQBhBGEEYQRBBEEEIARBBEEEQQRBBCEAIQAhACEEIQQgB
CAEIAQgBCAEAAQgBCAEIASDCKMIowijCKMIowijCKMMowyjDKMMowijCKQIowijD
KMMowyjDKMMowyjDKMMowyjDKMMowzDDKMMowyjDKQMpAykDKQMpAykCKQIpAikD
KQMpAykDKQMpAykDKQMpAykDMQQxAykDKMMxAzEDMQMxAzEDMQMwwzDDMMMwwyjC
KMMowyjDKMIowijCKMIowijCKMIowijCKMIowijDIMIgwiDCIMIgwiDCIMIgwiDC
IMIgwiDBIIIggiCCGIIYghiCGIIYQhiCGIEYgRCBEIEQQRBBEEEQQRBBCEEQQRBB
EEEQQRBBCEEIQQhBCEEIAQhBCAEIAQgBCAEIAQgBCAEogyjDKMMowyjDKMMowijC
KMIowijDKMIowyjDKMMowyjDKMMowyjDKMMwwyjDKMMowyjDKMMowykDKQMpAykD
KQMpAykDKQIpAykCKQMpAykCMQIxAzEDKQMpAykDKQIpAyjDKMMowyjDKMMowijD
KQMxAykDKQMpAyjDKMIowijCKMIowijCKMIowijCKMIowijCIMIgwijDIMMgwiDC
IMIgwiDCIMIgwiDCGMIgwiDCIIEgghiCGIIYghiBGIEYgRiBGIEYgRiBGIEYgRiB
EIEQQRBBEEEQQRBBEEAQQRBBEEEIQQhBCEEIQQgBCAEIAQgBCAEAAQgBCAEIAQgB
IIIggiDCIMIowiDCIMIgwiDBIMIowijCKMIowijDKMMowyjDKMMowyjDKMMowyjD
KMMowyjDKMMowyjDKQMowyjDKMMowyjDKMMowyjDKMMowyjDKMMowyjDKQMpAykD
KQMowyjDKMMowyjDKMMowijDKMMowyjDKMMowyjDKMMowyDCKMIowyjDKMMowyjC
KMIgwiDCIMIgwiDCIMIggiCCIIIggiCCIIIggiCCIIIggiCCGIIYghiCGIIYgRiB
GIEYgRiBGIEYQRhBGEEYQRBBEEEQQRBBEEEQQRBBEEEQQRBBEEEQQQgBCAEIAQgB
CAEIAQgBCAEIAQgBCAEIASjCKMEowijCKMIowijCKMIowiDCIMIowiDCIMIgwiDC
IMMgwyDDIMMoxCjDKMMowyjDKMMowyjDKMMowyjDKMMowijCIMIgwiDCKMMowyjD
KMMowyDCKMIowyjDKMMowyjDKMMowykDKQMpAykDKQMpAykDKQMpAyjCKMIowijC
KMIowyjDIMMowyjCKMIogiDCIMIgwyDDIMIgwiDCIMIgwiDCIMIgwiDCIIIgghiC
GIIYghiCGIIYghiCGIIYQRiBGIEYgRiBGIEQgRBBEEEQQRBBEEEQQBBBEEEQQRBB
EEEQQRBBCAEQQQgBCAEIAQgBCAEAAAgACAEIAQgBCAEgwiDCIMIgwiDCIMIgwiDD
IMMgwiDCIMIgwiDCIMIgwiDDIMMgwyDDIMMowyjDKMMowyjDKQMowyjDKMMowyjD
KMMowyjDKMIowijCKMIowyjCKMIowyjDKQMpAyjCKMMowyjDKMMowyjDKMMowyjC
KMMowyjDKMMowyjCKMIogijCKMMowijCKMIowyjCIMIgwiDCIMIgwiDCIMIgwiDC
GMIgwiDCIIIYghiCGIIYghiCGIIYghiBGIEYgRiCGEIYghiBGIEYgRiBGIEQgRBB
EEEQQRBBEEEQQRBBEEAQQRBBEEEQQRABCAEIAQgBCAEIAQgBCAEAAQgBCAEIAQgB
IMIgwiDCIMIggiCCIMIgwiDCIMIgwiDCIMIgwiDCIMIgwiDCIMIgwyDDIMMgwyDD
IMMgwyDDIMMgwyEDKMMowyjDKMMgwiDCKMIowiDCKMIowijDKMMowyjDKMMowyjD
KMMowyjDKMMowykDKQMowyjDKMMowyjDKMMowyjDKMMowyjDKMMowyjDKMIowijC
IMIgwiDCIMMgwiDCIMIgwiDCIMIgwhjCGMIYwhiCGIIYghiCGIIYghCCGIIYghiC
GIEYgRiBEIEQgRCBEIEQQRBBEEEQQRBBEEEQQBBBEEEIQQhBCEEIQQgBCAEIAQgB
CAEAAQgBCAEIAQgBCAEIASjCIMIgwiDCIIIggiDCIMIgwiDCIMIowiDDIMIgwiDC
IMIgwiDCIMIgwiDCIMIgwiDCIMIgwiDCIMIhAijDKMMowiDCIMIgwyjDKMMowyjD
KMMowijCKMIowijDKMMowyjDKMMowijDKMMowyjDKMMowyjDKMMowyjDKMMowyDD
KMMowyjDKMMgwiDCIMIgwiDCIMIgwiDCIMIgwiDCIMIgwiDCIIIggiCCIIIYghiC
GIIYghiCGIEYgRiBGIEYghiBGIEYgRiBGIEQQRBBEEEQQRBBEEEQQRBBEEEQQRBB
EEEIQQhBCEEIAQgBCAEIAQgBCAEIAQgBCAEIAQgBCAE=
END m9
frame    32 :  a closed book -0.23  an opened book -0.63   led   0/255 h0.00 lvl-0.43   -
frame    33 :  a closed book +0.11  an opened book -0.20   led   1/209 h0.09 lvl-0.05   -

snapshot  : frame 34, mean RGB 109 108 108
BEGIN m9 128 128 32768 0f7af591
UopKSTGGMYZKCEpIQgg5xkpJUolSiUpIQgdSilrKWspKSFKJY0xrjWONa41zz3wQ
hBCEUIxRjFGMUZSSlJKc05TSlNOU05zUnRSU1JzTnNOc050TnROdE6VUpVSdFJ0U
nRSlFKUUnRSdFKUUpRSlVKUUnROdFJ0UnRSdFZ0UnNSdFKUVnRSdFJUUnRSdFJ0U
lNOU05UUlNOM0pTSlROU04zSjJKM0pTSlNKM0oySjJGMkYyRjJGEkYRRhFGEkYSR
fFF8EHwQhFB8UHQPdA90EHQPa85rzmvPa89jjltNY41jjltNUwxTDFtNW0xbTErK
SspKykrKSspKijoIQkhCSVKKSkk5hjmGSkhSSEpIOcdSSVqKWopKSEIIUklay1rL
SolSimtMc41rTWtNc46EEIQQjFGMUYxRjFGUkpTSnNOU0pTTnNOdE50UnNSc05zT
nNOlE50TnRSlVKVUnRSdE50UpRSlFKUUnRSlFKUVpVWlFJ0UnRSdFJ0UpRSdFJ0U
nRSdVZ0UnRSdFJ0UnRSdE5zTlNOdE5TTlNOM05zUlNOUkoySjNKU05TTlNOMkoyS
jJKMkoySjJGEUYSRhJGEkYRRfBB8EIRRfBB0EHQQdBBrz2vPa85rz2vPY45bTVuO
Y45bjVMMSwtbTVsMWwxKi0qKSstKykqKSkk6CEIIQghSikpJMcYxhkoIUklKSUHH
SklSilKJSkhCB1KJWspaylKJUoprTXONa41rTXPOfA+EUIRQjFGMUYxRlJKU0pTT
lNOc05zTnRSdFJzTnNOc050TnROdFJ0UpVSlVJ0UnROlFKUUpRSlFKUTpRSlVKVV
pRSdFKUUpRSlFKUUpRSdE50UpRWdFJ0UnRSdFJ0UnNSc05TTnRSdFJTTlNOdFJTT
jNKM0ozTlNOU04zTjJKMkoyRjJKMkoSRhFGEkYSShJGEUXwQfBCEUXxQdBBsD3wQ
c89rz2uOa89rzmOOW01bTWONW01TDFMLW0xTTFMMSopKikqKSopKiUpJOgc6CDoI
WotKSTnHOYZKSFJJSghBxlIIUopSSUpJQghSSVrLYstSSVKKa01zjWuNa017z4QQ
jBCMUIxRjFGMUZSSlJKc05zTnNOc05zUnRSc1J0TnROdE50UnRSdFKVVpVWdFJ0U
pRSlFKUUpRSdE6VUpVSlVaVUnRSdFKUUpRSlFKUUpRSdFKUVnRSdFJ0UnRSdFZ0U
nNOc050UnRSU05TTlRSU1JTTlJOU05TUlNOU04ySjJKMkoySjJKEUoRRhFGMUoRS
hFF8EHwQfBF8UHQQc898EHQQa45rjmvPa89jjlsNW01jjltNSsxKy1MMUwxKy0KK
QolCiUKJQolCSTnHOcc6CFKKUkk5hzGGSklKSkpIQcZKSVqKUolKSUIISklay1rL
UklSimtMc41rjWuNc8+EEIQQjFGMUYxRjFGMkpSSnNOc05zTnNOk06UUnRSdE50T
nRSdFJ0UpRStVKVVpVSlFKUUrVSlVJ0UpRSlFKVVpVWlVaUVpRWlFKUUpRSlFKUU
nRSlVZ0UnRSdFJ0UpRSdFJ0UnNSdFJ0UlNOU05UUnRSU05TSlNOU05TTlNOUkoyS
hJKMkoySjJGEUYyRhJGEUYRRfBB8EIQRfBBzz2vPdBBzz2uOY45rj2vOY45TDFtM
W41bTFMLSspbTFsLUstKikJJSklKiUJJQkkxxzHIOchSiVKJOcYxhkpIUklSSEHH
SklSilKJSklCCEpJWstay1KJUoprTWtOa01rTXvOhBCMUIxQjJGMUYxRlJKUkpzT
nNOc05zTpNOlFJ0UnRSdFJ0UnRSlFKUUpVWtVaVVpRSlFKVUpVSlFKUUpRStVa1V
pVWlFKVUpRSlFKVUpRSlFKUUrRSlFKUUnRSlFKUUpRSc05zTpRSc1JTTlNOdFJ0U
lNOU05TTlNOU05STjJKMkYyRjJKMkoxShFGMkoxShJGEUXwRfBCEUXxRdBBrz3QQ
a89jz2OOa89rzmOOUw1bTVtNW01LC0rKU0xTC0rLSopCSUJKQkpCSUJJMYc5xzoI
SklKSTnHMYZKCVJJSkk6B0pIUolSiUpJQghSSWLLYstSilKJa0xrjXONa417zoQQ
hBCMUYxRjFGMUZSSlJKc05zTnNOc050TpRSdE50TnRSlFKUUpRSlVa1VrVWtVaVU
pVSlVaVVpVSlFK1UrVWtVa1VpRWlFaUVpRWlVaVVnRSlFKVVpVSlFKUUpVSlVKUU
nROdE6UUnRSc05zTnNSdFJTTlNOU05TTlNOU04yTjJKMkoySjJKMkoRRjJKMkoyR
hFF8EXQQfFF8UHQPa858EHQPa85jjWuOa45jjlMMW01jTltMUstKylMMUwxTC0KJ
QklCSUJJQklCCTGGOcY5x0pJSklBxzmGSghSSVJIQcdKCFqKUopKSUIISklaymLL
WolSiWtMa41zjWuNe8+EEIQQjFGMUYyRjJKUkpTSnNOc05zTnNOlE6UUpRSlFKUU
pRSlFKUUpRSlVK1VrVWlVa1VrVWtVa1UpRStVa1VrVWtVaUUpVWtVaVVrVWlVaVV
nRSlVaUVpRSdFKVVpVWlVZ0UnRSlFKUUnNSc06UUnRSU05TTlNOU05TTlJOMkoyS
jJKMkoySjJGEUYxShFGEUYRRfBB8EIQRfBBzz3POdA9zz2vOY41rjmuOY45TDFMM
W01bTUrLSspbDFMLUstKSkJJQklCSUJIOkgxhjGGOcdKCUoJQcg5hkIIUklSSUIH
QghSilKKSklKR1JIWstjC1qKUoprTXONc41rTXvPhBCEUYxRjFGMkYySjJKU0p0T
nNOc05zTpRSlFKUUpRSlFKUUpRSlFKUUrVWtVa1VrVWtVa1VrVWtVaVUrVWtla1V
rVWlFK1VrVWtVa1VpVWlVaVUrVWtVK1UpRSlVaVVpVWlFKUUpRWlFJzTnNOlFJ0U
lROU05TTlNOU05TTlJKMkoRSjJKMkoyShFGEUYRShJKEUXxRfBB8UXxQc89zznQQ
dA9rzmOOa45rjmOOW0xbDGNNW0xSy0rKUwxbDFLLSolCSUJJQklCSUIIMYYxxjnH
QghCCEIHMYVCB1JJUklKB0oHWopailJJSkhSiWMLYwxaylKKa01zjXONc017zoQQ
jFCMUZSRlJGUkZSSnNOdFJ0TnROc06UUpRSlFKUUpRSlFKUUpRSlFK1VrVWtVaUU
rVWtVa1VrVWtVa1VrVWtVa1VpVWtVa1VrVW1Va1VrVWtVa2VrVWlVaVUpVWtVaVU
pRSlFKUUpRSdFJ0UnRSdFJzTnNOc05zTnNOU0oySjJKMkoySjJKMkoRRjJKMkoyS
hFF8EHQQfFF8EXQPa850D3QPa85jjWuOa45jjlMMUwxbTVtMSwtKylNMUwxKy0JJ
QkhCSEJIQkhCCDGGMcY5x0HIQchCCDGGQghSSVJJQghCSFrLUopSSUpISkhiymML
UolSimtNc45zjmtNe8+EEIQQjFGMkYyRlJGUkpzTnRSdE50TnROlFKUUpRSlE6UU
pRSlFKUUpVWtlq2WrVWtVa1VrVWtVa1VrVWtVa2VrZatlq2WrZatlq1WrZatVq1W
rVWtVq1WpValVa1VrVatVaVVpVWlVaVVpVWlVaVVpRWdFZ0VnRWU0pSSlJKUkpSS
lJKMkoySjJKEUYRRjJGEUYRRfBF8EHxRfFB0D2vOc89zz2uOa01rjmuOY41bDFMM
W01bDUrLSopTDFMMSstCSjpIQkhCSEJIQggphjGGOcdByEHHQcc5hkIHUklSSUIH
QghSilKKUolKSUpJYstjC1rKUolrTHOOc45rTXPPhBCEEYxRlFKUkpSSlJKc050U
nNOdE50TnRSlVJ0UpRSlVa1WrVatVq2WrZatlq2WrZatlrWWtda1lrWWrZa1lrWW
tZa1l7WXtZe1l62WrZatlq2WrZatlq2WrZatlq1WpVatVq1WrValVqVWpValVaVV
pVWlVaUVlNGU0Z0SnRSdFJzTjJKMkoyShFGMkoySjJKEUnxRfBB8UXxQdA9rznQP
dA9rzmNNa45jjmONUwtTC1tMWwxSykqKWwxazFLLQkk6CUIJQkhCSEIIKYUxhjnH
QcdByEIHOcZCB1KJUolCB0IIWopSilKJSkhKiFrLYwtaylKJa0xrjXONa017z4QQ
jFGMUYyRlJKUkpSSnNOlFJ0TnROc06UUpRSlFJzTrVW1lq2WrZatlq2WrZa1lrWW
tZa1lrWWtZa11rWWtZatlq2WrZatlq2WrZatlq2WrZa1lrWXrZatlq2WrZatVa1W
rVatVq1WpValVp0SlNCUkKVVpRWdFZSMjEuUjKUQlJFrTYxRjJKMkoRRhJKMkoyS
hFF8UHQQfFB8UHQPa45zz3PPa45jTWuOa45jTVsMUwtjTVtMUstKylsMUwtSykJJ
Ogg6CEJIQgg6BymGMYYxxznHQghCCDnGQgdKiVKJQkhCCFKKUopSiUpISkhaymML
WspSiWtMc45zjmtNe8+EEIxQjFGMUYySlJKUkpzTpRSc050UnNOlFKUUpRSc061V
tZatl62XrZetlq2WtZa1lrWWtZa1lrWXtZe1l7WXtZa1lrWWrZa1lrWWtZa1lq2W
rZatlq2WrZatlq2WrVatVq1WrVatVqVWpVadEoyPjI+lFKUUpRSMTYRNpI+tEIwP
QceMEIyRjJGEUYRRhJKEkoSRfFB0EHxQfFB0EGuOc89zz2uPY01jjmuOY45TDFMM
W01bDErKSopbDFsLUstCSUIIQghCCEIIQgcphSmGMcdBx0oISgg5x0HHUklSiUIH
QghSilKKUopKSUpJYwtrDFrKUolrTHOOc45rTXvPhBCEEIxRlJGUkpSSlNKc050U
nROdE5zTnRSlFJ0UlNOtVa2WrZatlq2WtZa1lrWWrZatlq2WrZatlq2WrZatlrWW
tZa1lrWWtZa1lrWXrZatlq2WrZatlq2WrZatVq1WpVWtVq1WrVatVq1VpRSMUIxQ
pROlU6UTnNOUkpzTpRSUEEnIg4+EUoxShFGEUoxShJKEUXxQdA98UHxQdA9jjnPP
c89rjmNNa45rjmONUwxTDFtMW0xSy0rLWwtSy1LKQklCCEIIQghCCDoIKYUphjHH
QcdKCEoHOcZCB1KJUslKSEJIWspaylKJSkhKSGMLawtaylKJa0xzjXOOa017zoQQ
jFGMUYxRlJKUkpTTnNOdFJ0TnRSc06UUnROc04ySrVW1VrWWrVWcUaRRpFCkUJwP
rJGcUMWWpJKckZySrVW1lrWWtZa1lrWWtZa1lrWWrZatlq2WrZatlq2WpZatlq2W
rVatVq1WrValVaUVnRSdFKVVpVWlFaUVnRSdFZ0VlNR8EHwPhFCMkYRRjFGMUYxS
hFF8UXQQfFF0UXQQa850D3PPa85bTWONY41jTVsMUwtbTFtMUwtKylMMUsxKy0JJ
Ogg6CDoIOgg6BymFKYUxxznHQghCCDnHQcdSiVKJSkhCCFKKWspSikpJSkljDGMM
WstSiWtNc45zjnONe8+EEIRRjFGMUZSRlJKc0pzTnROdE50TnNOlFKUUnNOUkq1W
tZa1lpSSvZakUZwPnBCTzqRQk87FVpxRlJK1lrWXtZe1l7WXtZe1l7WXtZe1l62W
rZatl62WrZatlq2WpZatlq1VrVatVqVWpValVaVVpVWlVaVVpRWlFZ0VnRWdFZTV
nRWEUYRRjJKEUYRSjJKMkoRRfFB0D3xQfFB8D2vOdA9zz3POY01jjWOOY45TDFLM
W0xbTFLKSspTDFLLSss6SToIOkg6CDoIOggpRSmGMcdBxkoHSgdBxkIHUolSikpJ
Qkhay1rKWspSiUpIYwtjTGMLUsprTXOOe85zjXvPhBCMUIxRjFGUkpSSlJKc06UU
nRSdFJzTpRSlFJzTlJOtVq1WtZalFJRSpNSk1KTUnFKk06SSpJOcUpyTtZW1lrWW
tZe1lrWWtZe1l7WWtZa1lrWWrZatlq2WrZatlqWWrZatVa1WrValVqVWpValVqVW
nVWlVaUVpRWdFJ0UnRSMkZTShFCEUIRRhFGMUYxRjJGMkYRQfA98EHwQdA9rjXPP
c89rz1tNY45jjmNNUwxKy1tNW0xSykqKWwxTC1LKQkg6CDoIOgg6CDoHKUUxhjGG
QcZKCFIIQcdJx1KKUopKSEpIWstay1rKUopSiWMLa0xjC1rKa41zjnvOc457z4QQ
jFGMUZSSlJKUkpTSnNOk06UTnRSdFJ0UpRSc05zTrZa1lrWWrVWc0pzSpROk060V
rVWlFKTTrRSk1K0UtZe1l7WXtZe1l7WXtZe1l7WXtZe1l62WrZatlq2WrZatlq1W
pVWtVq1WrVatVq1VpVWlVaVVpVWlFaUVnRWdFZ0VWcdJhXrLfBCEUIRRjJGMkYyR
hFGEUHQPfBB8UHQPa45zz3PPc49jTWuOY45jjVMMSstbTFtMSstCilMMUstKyjpI
Ogg6CDoIOgg5yClFKUYxhkHHSghKCEHIQghSilrKUolKSFrKYstai1KKSkljC2tM
YwtaymtMc817z3OOe8+EEIxRjFGUkZSSlJKUkpzTnNOlFKUUpRSlFKUUnNOc062W
tZa1lq1VrRWtFa1VpVW1l7WWrVatVrVWrVa1l7WXtZe1l62XtZe1l7WXtZe1l7VX
tZetl62XrZatlq2WrZatlq1WpVatVq1WrValVqVWpValVqVVpVWlFZ0VnRWdFWIH
UcV7CnQPdA+EUYyRjJGMkYRRfFB0D3xQfFB8D2uOc89zz2uOW01jjWOOY41bDFLL
Y01bDFLLQopSzFLLSoo6SDoIOgg6CDoIOgghRSmGMYZBx0oIUglKCEoIUolaylKK
SkhaylsLWstSykqJYwtrTGsLWspzTXOOe89zjnvPhBCMUIxRlJGUkpSSnNKc05zT
pRSlFKUUpRSlFJzTnNO1lrWXtZa1lrWWtZe1l7WXtZe1l7WXtZe1l7WXtZe1l7WX
tZe1l7WXtZe1l7WXtZe1l7WXtZe1lq2WrZatlq2WrZatlq1WrVatVq1WpVWlFJzU
nROlVJUTlNOVFJ0VnRRrTFrKc01bTWNOfFGEUoRRhFGEUXxRdBB8EHwQdA9rjXPP
c89rj1tNY41jjWONWwxSy1tMW0xSykKJUstSy0rKQkg6CDoIOgg6CDoIKUUphjGH
QgdKSFJISghKCFqKWspSiUpIWspjC1rLWopSiWtMa01rTFrLc417znvPe86ED4xQ
jFGMUZSSlJKUkpSSnNOc06UUpRSlFKUUnNOc05TTrZa1l7WXtZe1l7WXtZe1l7WX
tZe1l7WXtZe1l7WXtZe1l7WXtZe1l7WXtZe1l7WWtZa1lrWXtZe1lq2WrZatlq2W
pZatla2WrVatVq1VpM+UTZyNpY50SmOJdEyVFJUUjNSU1HxRUw1bTXwRhFGEUYyR
hFF8UHQPfBB8EHQQY45zz3PPc49jTWONY41jjVMLSspbDFsMSspCikrLSwtKikIJ
OchByDoIOggxyClFKUYxh0oHUkhSSUpISkhaylsLWspSiWMKawtjC1rLUoprTWtN
a01jDHOOe898EHvPe8+MUYxRjFGUkpSSlJKUkpzTnNOlFKUUpRSlFJzTnNOUkq1W
tZa1lrWXtZa1lrWWtZa1l7WXtZe1l7WXtZe1lrWWtZe1l7WXtZe1l7WXtZe1l7WX
tZa1l7WXrZatlq2WrZatla2WrZatlq1WrVatVaTQlE+UjJ2MZAlbh2xLjVV0EWvQ
dJFkkUtMW0x8EIRRjFGMUYRRhBB7z3wQfBB0EGOOa89zz2uPW01jjWONY41bDErL
W0xbTErLQopSy1LLSotCCTnIOgc6CDoHOgchRSmFMYZKSFKKUopSSVJJWstjDGML
UspjC2tMa0xjC2LLa01zTXONa0xzjnvPhBB7z4QQjFGUkpSSlJKUkpSSlJKc05zT
pRSlFKUUpRSc05zTnNO1lrWWtZa1l7WWrZa1lrWXtZe1lq1WtZe117WWpRStlrWW
tZatlq2WrVWc1LWWtZa1l7WWtZa1VrWWtZa1lrWWrZatlq2WrVatVq1WrValE5SR
lM+lj3RNY8t8jo1VbFFbz2SSXNJLTFsMfA+EUYyRhFGEUXwQc898EHwQfA9rjnPP
c89rj1tMY01jjmONUwtKylNMW0xKykKJUstSykqKOgkxyDnIOgg6CDnIIUUphTGG
SklSilqKWspSiWMLawxjDFrLYwxrTGtNY0xjDGtNc45zjWtNc4570IQQhBCEEIxR
jFGUkpSSlNKc0pTSnNOlE6UUpRSlFKUUnNOc05zTrVa1lrWWtZeMEFrKnNK1lrWW
lJJzjrWWtZalFEpIhA+tVK1UYstaSUHGYsq1lrWWtZa1l7WWtZe1l7WWrZatlq2W
rZatlq1WrVatVq1WrRWlFJzTnRGlEpTQlJCc0XSRY89sUXTTU0xKy2vPhFGMUYxR
hFGEEHPPfBB8EHQQa45rz3PPa85bTFuNY41jjVMLSspbDFsMSstCiVLLUstKikII
Occ5yDnIOgg5xylFKYYxhlKKWstjC1rLWspjDGMMa01jDGtNa05zjmtNa01zjnvP
e89zjnvPhBCEEIQQhBCMUYxRlJKUkpzTnNOc05zTnNOlFKUUpRSc05zTnNOc062W
tZe1l7WXlJNCSZTTnNO1lmLLnNS1l7WXfBA5yJyTUoqc1KTTa018EHwQrZa1l7WX
tZe1lrWWtZa1lrWWrZatlq2WrZatVq1WrVatVqVWpM+UTZSMtUycy4xLlIyU05TT
jJKM02ONY0xzz4RQhFGEUYRRhBFzz3wPfFB0D2uOa89zz2vOW0xjTWOOY01TC0rK
W0xbTFLLQopSy0rLSso6CDHHMcc5xznHOccpRSlFMYZaymMLYwtjDFrLa0xrTWtN
Y01rjXOOc45zjnNNc457zoQPe857z4QQjFCMUYxRlJKUkpSSlJKc0pzTnNOlFKUU
pRSlFJzTnNOc05SSnNO1lrWXtZetVmtNMUViynvOtZUxhUpJtZa1lpSSa01zjpSS
tZa1l0pKtZalFLWWtZe1l7VXtZe1l62WrZatlq2WrZatlq2WrZalVa1WrVWtFaTR
nE6UTKSInMqUTJRNrRCkzzGGSolrTWtNc8+EUYxRjFKEUYRRc898EHwQfBBrjnPP
c89zzltMY01jTWNNUsxKylsMWwxKy0JKUstSy0qKQggxxznHOcc5xznHKUQpRTGG
WstjDGMMa0xjTGtNc45zjmtNc45zjnvPc45zjnvPe8+EEHvPhBCMUYxRjFGMUYxR
lJKc0pzTnNOc05TTnNOdE6UUpROc05zTnNOUk5zTrVa1lrWWe49CCYwQOcdSioQQ
e89KSa1VlFFjC2tKQcd7z7WWvddKipzUtZe1l7WXtZe1l7WXtVe1l7WXtZe1lrWW
rZatlq1WrValFKUTpROlEpyQnIycS4wKhAyMTaURg8w5hUGFa0tzjXvPhFCEUYRR
hFCEUHPPfBB8EHwQa45zznPPa89bTFtNW41bjVMLSspbDFsMUstCSkrLSstCijoI
MccxxznHOcc5xiFEKUUxhmMMa0xrTXONa01zjnPOe89zznOPe8+D0HvPe857z4QP
jFCED4QQjFGMUYxRjFGUkpSSlJKc05zTnNOc05zTpRSlFKUUpRSc05zTlJKc07WW
tZa1l4QRWsyMUmsNrVVjDL2WUopSipzTrVVjDFKKY02tVrWXnNNSi7VWtZe1l7WX
tZe1l7VXtZe1lrWWtZa1lq2WrZatVq1WpROc05zTpRSlFKUTnRN7z3vPc8+c1IOP
QYU5RGMKa417z4QQhFGEUYRRhBFzz3wQfBBz0GOOa85zz2uOWwxjTWNNY01TC0rK
UwtbDFLLQolSy1LKSoo6CDHHOcc5xznHOcYhBSlFMYZrTWtNc457z3OOc457zoQP
e857z3vPhBCEEIQPhBCEEIRQhBCEUIyRlJGUkpSSlNOUkpzTnNOc1JzTnNOc05zT
pRSlFKUUnNOc05SSnNO1lrWXtZe1l7WXpVWllrXXtZa1l61WrVa117WXtZetVrWX
tZe1l7WXtZa1l7WXtZe1l7WXtZe1l7WXtZe1l7WWrZatlq2WrZatVqUVnNOc060T
rROUjZRNlEyMDowPnFCDjUGFOURiyXPPfBCEEYRRhFGEUYQRc8970HwQc9BrjnPO
c85rzltMW0xjjWNMWwtKylsLWwxSy0KKUstKy0qJOggxxzHHOcc5xznHIUQpRSmG
c45zjnvPfA97z3vPe8+EEIPPhBCEEIQQhFCEEIQQjFGMUYxRjFGMUZSSlJKUkpSS
lJKU05zTnNOdE5zTnNOlFKUUpRSlFJzTnNOc05zTtZa1lrWWtZe1l7WXtZe1l7WX
tZe1l7WXtZe1l7WXtZe9l7WYtZe1l7WXtZe1l7WXtZe1l7WXtVa1lrWWtZa1lrWW
rZWtVKVUrVWtVaUUpRStVa1VjI6MTpQNlA+UD5QOi81JxUFEYsl7z4QQhFCEUYRR
hFGEUHPPdA98EHwPa41rzmvOa85bDFtNY01bTVLMSopbDFsMSso6iUrKSopCSToI
MccxxzHHMccxhyFFKUUxhnvPe898D4QQhA98EIQQjFGEEIQQhBCMUYxRjFGMUYxR
lJKMkYySlJKUkpSSlJKc0pzSnNOc06UTnNOc06UUpRSlFKUUnNOc0pzTnNOc07WW
tZa1lrWWtZa1lrWWtZa1lrWWjFGtVbWVjFC1lrXWtZe1l7WXtZe117WXtZdrTZzT
rVSUkYxQpRO1lrWWtZa1lq1UpROlE61VrVWtVa1WrVWlVZSOjI2czqUTnNKUUZPO
WkhBhWKJe8+EEIRQhFGEUYRRfFBzz3QPfBB0D2ONa85zzmuOWwxjTWNNY01TC0qK
UwtTC0rKQolKykqKQkk6CDHHMccxxzHHMYYhBSlFKYaEEIPQhBCEUIRQhBCEUIxR
jFGMUYxRlJKUkoySjJKMkpSSlJKUkpSSlJKc05zTnROc0pzTpNSlFKUUpRSlFKUU
pRSlFJzTlNKc0pzTnNO1lrWWtZaUklpIUgdSB0nGawu9lVqLg5Ck1HvPtZa1lpzT
tZe1l7WXtZe1l3vQOcitVZzTSklSipSTtZa1lrWWtZatVaUUpRStVa2WrVatVq1V
rVWlFKUUpRSlFaUUpNSUEXsMYolzDHvPhFCEUIRRhFGEUYRRc89z0HQQc9BjjWvO
a85rzlsMW0xjTWNNUstKilMLUwtKykJJSopKikJJOggxxzHHMcc5xzHHIQUpRSmG
jFGEEIxRjJGMUYRRhFGMkoySjFKMkZSSlJKMkpSSlJKckpySlJKc05zTnNOc05zT
nNOc06UUpRSlFKUUpRSlFKUUpRSc05zSnNKc0pzTtZa1lrWXpVaMk3OPc49ainNN
e8+MELVWvZZzz7WWtZU6B5zTc461lrWVe84hA6UTtZac1EIJUoqMUpzTrVW1lrWW
rVWlFKUUrVStVJzTnNKlFKVUrVSlEpzRnNGlEZzQlA6DjIOMe4x7z4QQhBGEUYRR
hFGEUHPPc9B8EHPPa41rjnPOa45bDFsNY01jTVMMSopTDFMMSstCSUrKSspKSToI
MccxxzHHMccxxyEEIUUphoxRhBCMUZSSlJKMUYyRlJKUkpSSlJKUkpTTlNOU05TS
lNOc05zSnNOc05zTnNOc05zTnNOlFKUUpRSc05zTpRStVaUUnNOUkpzSnNOlE7WW
vZe1l7WXtZdzjlsLOge9lpzTWwy11pSSOgi9VWsMKMNKCEHItVVSikpJKUW1lrWW
lJNKSlLKjFA6B6VUtZa1lrWWtVa1Vq1VpRSUkJSQpROtU61TnIyUS5zLrU2Ui5PN
i4yLjINMe86EEIQRhFGEUYRRfBBzznPPfA98D2uNa45zj2uOWwxbDGNNY01TDEKK
UstTC0rKQkhKikqKQkk6CDHHMccxxjHHMccZBCFFKYaUkoxRjFGUkpSSjFGMkpTT
lNKUkpSSnNKc05zTnNOU050TnNOU05zTnNOlE6TTpRSc05zTpRSlFKUUnNOlFKUU
rVWlFKUUlJKc0pzSpRO1lrWWtZe1l7WXUouEEaTUvde917WWlNI5x50TtZec1FLL
hBKUU7WXlNO1lymGtZe1lmMMc45iyzlFa021lrWWtZa1lrWWrZatVqVUlJCUkKUS
rVOtU6TNlEycjLVMnIyTzYuMi4yLTXOOfBCEUIRRhFF8UHxQc850D3wPfA9jjWuO
a45rjlsMWwxjTWNNWwtKilMLUwtKyjpISopKikJJOggxxzHHMccxxzHHIQQhBSlG
lJKMUYyRlNKUkoySjJKU05TTlJKUkpTTnNOc05zTnNOdE5zTlNOc05zTpNOc050U
nNOk06UUpRSlFJzTpRSlFK1VpRSk05SSnJKc05zTtZa1l7WXtZelFDnHtZa1l7WX
tZZ7zznHlNK9173Xvdd7z4xSvZi1l7WXvZcxhrVWrVVKSbVVc45izLWWtZe1lrWW
rZa1lq2WrVatVZzSnNKlVK1UrVSk0JROnI+tEKSQlA6LjIOMg0xzjnvPhBCEUIRR
fFF8UHPPc890EHPPa41rjmuPa45bDFsMY01jTFMLQolTC1MLSso6SUKJSolCSToI
MYYxhjGGMYcxhiEEIQUpRpSSjJGMkZTSlJKUkYySlNOU05TSlJKc05zTnNOc05zT
nNOc05zTnNOc05zTnNOlFJzTnNOlFKUUpRSc06UUpRStVaUUnNOUkpSSnNKlFLWW
tZe1l7WXUouMUb2XvZe915zTSoqlFL3Wvde9173XnNOMUb3Xvde9173XYwy1lrWX
rVa1l7VWtVa1l7WXtZetl62WrZa1lq2VrVWtVaVVpVWlVaVVpRSlFKUUpRSlFJSS
i46LTYNNc457z4QQhBCEUIRQfBBzz3PPdBBzz2ONa41rzmuOWwxbDGNNW0xTC0KJ
UwtTC0rKQklKikqKQkk6CDGGMYYxhjGGMYYhBCEFKUaUkYxRlFGUkpSSjFGMkZTT
nNOU0pSSnNOc05zTlJKUkpzTnNOc05zTnNOlFJzTpROc05zUpRSlFKUUnNOlFKUU
rVWlFJzTlJKUkpzTpRS1lrWXtZe1l7WXvde9173Xvde917WXtde9173Xvde9173X
tde1173XtZe1l7WXtZa1l7WXtZe1l7WXtZe1V7WWrZe1lrWWtZatVq1Vi86LzqTR
rVWtFaUVpROUkZRQrJKkUItNi0yDTHOOe8+EEIQQhBCEEHwQc85zz3wQdA9jTWuO
a89jjlsMWwxbTVtMUstCilLLUstKijpIQolKiUJJOgcxhjGGMYY5hzGGIQQhBClF
lJKUkpRRlNKUkoySjJKU05TTlNKUkpzTnNOc05ySnJKc05zTnNOc05zTnNOc050U
nROc06UUpRSlFJzTpRSlFK1VpRSc05SSnNOc06UUtZa11rWXtZe1l7WXtZe9l72X
vZe1l7WXvZe9l73Xvde9l7WXtZe1l7WXtZe1l7WXtZe1lrWXtZe1l7WXtZe1VrWW
tZatlq2WrVatVopHccWbCaUUpRSlE6UTlE6MDayQrFCTTZNMiwxzTnvPhBCEEYQR
hBF8EHPOc89zz3PPY01rjWvOa41bDFsMWwxjTFLLQolSy1LMSoo6SUKKQopCSToH
MYYxhjGGMYYxhiEEIQQpRZSSjJGUkpSSlJKMkoySlNOc05SSlJKc05zTnNOc0pTT
nNOlE5zTnNOc06TTnNOlFJzTnNOlFKUUpRSc06UUpRSlFKUUnNOUkZzSnNOlFLWW
tZa1l61WpVWtlqVVtZatVbVVpRStFK1VnNOtVZzTrVWUkq1VlJK1Vr2XvZe1l7WX
tZe1l7WXtZe1l7WXtZatlrWWtZatlq1WrVVyRnIGo4ytEqTRpNGtEpSNjE2sjazO
igWBhIHEc0x7znwQhBCEEIQQfA9zz3PPc89zz2NNa41rzmuOWwxbDGNNY0xSy0KJ
UstSy0qKQglCSUqJQkk5yDGGMYYxhjGGMYYhBCEEKUWUkoxRlFGUkpSSlJKMkpTT
lNOU05SSnNOc05zTlNKU05zTnRSc05zTnNOc05zTpRSc05zTpRSlFKUUpRSlFKUU
rVWlFJzTlJGUkpzSpRS1lrWWtZaU1HPPlRSEUaVVlNOtloRRhFGU04ySrZaU06VW
dBCdVYxRnRS9173Xvde9l72XtZe1l7WXtZe1l7WXtZe1lrWWtZa1Vq0VlA9zDKSR
rRKk0qTRpNGUT5RRnM+kz5FDgQKAwnMMe8+EEIQRhBGEEHwQc89zz3QPc89jjWON
a85jjVsMUwxbDVsMUstCSVLLUstKijpJQklCikJJMccphimGKYcxhzGHIMQpBClF
lJKMUZRRlJKUkoySjJKU05zTlNOUkpzTnNOc05zTnNOc050UnNOc05zTnNOc06UU
pRSc06UUpRSlFKUUpRSlFK1VpRSc05SSlJKck6UUtZe1l7WXnRVz0KVWjFKlVYyS
pVWU05UUlRSUk62WnRS115TTrZalFK1Vvde9172XtZe1l7WXtZe1l7WXtVe1lq2X
tZa1lrWWtVatVq0VpRWlFaUUnNKkkYMKcoiTjKxPpA2JRIEDgQN7jnvPfBCEEIQQ
hBB8D3POc858EHPPa01rTWuOY41TDFMLW0xbTFLKQklKylLLSoo6CUJJQkpCSTnI
KYYphjGGMYYxhiDEIQUpRZSSjJGMUZSSlJKUkoxSlJOc05TTlJKc05zTnNOc05zT
nNOc05zTnNOc05zTnNOlFKUUnNOlFKUVpRSlFKUUpRSlFKUUnNOUkZSSnNOlFLWW
tZa1l61WrZatlq2WtZa1lrWXtZe1l7WXrVatlq1VrVWtlq2WtZa1lrWXrVWtVaVV
rVatFa1WpRS1lrWWtZa1lrWWtZa1lq1WpVWEUoRRlNOlVaUVpRWKB3mEmojMDsOM
iYN5AomEe857znwPhBCEEHwQe9BzznPOfA9zzmNNY01rjmONUwxTDFtMWwxSy0JJ
SspSy0qJOglCSUJKQkkxxylGMYYxhjGGKYYhBCFFKUaUkoySjFGUkpSSlJKMkpST
lNOUk4ySnNOc05zTnNKc0pzTpROc05zTnNOc06UUpRSlFJzTpRStFKUUpRSc05zT
pRSlFJzTlJGUkpSSpRS1l7WXtZeU1HwRjNN8EJ0UhJKdFKVWnRWM03QRjJNz0IyS
jFKc1KUUnNOlFKUUnNOc05SThFGM04ySrVa1lrWWrZa1lrWWtZatVqVWdBFr0IyT
pRalFaUUekZpxZtLvJCrzYmFeQN5A3tNc457z4QQfBCEEHvPc85zznQPc89jjWNN
a45jjlMLUwtbTFsMUstCSVLLUstKikJJQklCSkIJOccpRimGMYYxhjGGIQQhBClF
lJKMkoyRlJKUkpSSlJKUkpzTnNOUkpSSnNOc05zTnNOc05zTnNOc05zTpRSlFKUU
nNOc06UUpRSlFKUUpRSlFKUUpRSlFJSSlJKUkqUUtZa1l7WXhJJjz4TTa9CVFHwS
lNOUlJzVjJN0UYTTdBCMk5TTnRStlp0UrZadFK1WnRSdFZ0UpRWdFK1VtZatlrWW
tZa1lrWWtValVnQRa9CE06UVnNOk05zSe86UUqzTnJGJhXkDeQN6iHOOe898EHwQ
fBB8EHOOc857z3POY01jTWuOY05TDFMMUwxbDErKQklKilLLSopCSEJJSklCSTnH
KYYphimGMYYxhiEEIUQpRZSSlFKMUZSSlJKUkoxRlJKc05SSlJKc05zTnNOc0pzT
nNOlFJzTnNOc05zTnNOlFJzTnNOlFKUUpRSlFKUUpRSlFKUUnNOMUZSRnNKlFLWW
tZe1l50VlNOlVZ0UrVatlrXXrZelVa2WpVatl62XrZe1l7WXtZe1l7WYtZe1l7WX
tZe1l7WXtVe1l7WWtZa1lrWWtZa1lrVWrVaMk4ySnNOcjZRMpM6lFKUUnNOUkpSQ
eYVxRInHckdzjnvPhA98EHwQe9BrjnPOc89zz2NNY01rjmNOUwxTC1MMWwxKy0JJ
SopSy0qKQghCSUJJQggxxymGKYYphimGMYYhBCEEKUWUkoySjFGUkpSSlJKMkpSS
nNOUkpSSnJKc05zTnJKc05zTpRSc05zTnNOc05zTpRSlFJzTpRSlFKUUpRSlFKUU
pRSlFJzTlFGUkpzSpRS1lrWXtZe1l72XvZe9173Xvde9173Xvde9173Xvde9173Y
vde9173Xvde9173XvZe9l7WXtZe1l7WXtZe1l7WXrZa1lrWWtZatVq1WrVatVq1W
pMyci5yLpVKlUnyOW4dbh1pEekabS2JKc417z3wQfBB8EHwQc45zjnPPc45jTWNN
a45jTVMMUwtbC1sMUstCSVKLUstKikIIQglCSToIMccphimGKYYphimGIQQhBClF
lJKUkoxRlJKUkoySjJKU0pTTlNOUkpzTnNOc05zSnNOc06UUnNOc05zTnNOc06UU
pRSc06UUpRSlFKUUnNOc06UUpRSc05RRlJGUkqUUtZa1lrWXtZe9l73Xvde9173X
vde9173Xvde9173Xvde9173Xvde92L3Xvde91r2XvZe1l7WXtZe1lrWWtZatlrWW
tZa1lq2VlM+ETozPrZKlkqTQlE6UTqURnRF0TVNHU0dShYqItA5ay3OOe898EHwQ
fBB0D2uOa85zz2vOY01jTWuOa01Sy1LLUwxTC1LLQolKilKLSko6CEIIQkk6CDHH
IUUpRSmGMYYxhiEEIQQpRZSSlJKMUZSSnNOUkoySlJKc05TSlJKc0pzTnNOckpzT
nNOlFJzTnNOc05zTnNOc05zTnNOlFKUUpRSlFJzTnNOlFKUUpRSUkpSSlJKlFLWW
tZa1lrWXtZe9173Xvde9173Xvde9173Xvde9173Xvde9173Xvde9173Xvde9173X
tZe1l7WXtZe1l7WXtZa1lrWWtZatlXRLY8h8i61VrVWlFJzUpRSc03RRW4pTSFuJ
UsaCyLRRYstzjXPPe898EHwQc89zjnOOe85zzmNNY01rjmuOWsxSy1sMWwxSy0JJ
SopSikqKOghCSUJJOgkxxylGKUYpRimGKUYYxCEEKUWUkpSSjFGMkpTTlJKMkpSS
nNOU0pSSnJKc05zTlJKc05zTpRSc05zTnNOc05zTnNOc05zTpRSlFKUUpRSc05zT
pRSlFKUUlJKUkpySrRW1lrWWtZa1lr3Xvde9173Xvde9173Xvde9173Xvde9173X
vde9173Xvde9173XvZe9l7WXtZe1l7WXtZe1lq2WtZa1lrWWtVZ8TGPJdEulU6VV
rVWlVaUVjNRb0FuPdJGEj1rJgomzzlqJc41zz3vPfBB0EHPPa45rjnPPc89jTWNN
a45jTVLMUstbDFsLUspCSEqKSopKijoIQghCCToIMYcpRilGKUYpRilFGMQhBCEF
lJKUkoxRlJKU0pSSjFGUkpySlJKUkpSSnNOc05zTnNOc06UUnNOc05zTnNOc05zT
nNOc06UUpRSlFKUUnNOc05zTpRSc04xRlJKUkqUUtZa1l7WXtZe1l7WXvde9l72X
tZe1l72XvZe9173Xvde9173Xvde9l73XvZe9l72XtZe1l7WXtZa1lrWWtZatlrWW
tZa1lq1WjJB8TIRLlMydDa1VrVWlFZTUa9Bjj4SSnNNiyFqHg8x7z3OOc897z3wQ
e897z3OOa45zj2uOY01jTWuNY01Sy1LLWwxbC1LKQkhKiVLKSkk6CEIIQgk6CDGG
KUUpRilGKUYpRhjEGMQhBZSSjJGMUZSRlJKUkoxRlJKc0pSSlJKU05zTnNOUkpzT
nNOlFJzTnNOc0pzTpROlE6UTnNOc06UUpRSlFJzTnNOk06UUnNOUUYyRlJKlFLWW
tZa1lq1VrRStFK1UrVS1lZzSnNKtVLWVvZa1lr3Xvde9173Xvde9l72XtZe1l72X
tZe1l7WXtZa1VrWWtZa1lrWWtVatVq1VrVWki5xLpMylFKUVpRSU03wQc8+MUJSQ
YwhayIxOlJFzjXPOe897z3vPe89rjmuOc89rzmNNY0xrjWNNUwtSy1sMWstSykJI
SolSikpJOgc6CEIJOggxxyFFKUUpRSlFKUUYwyDEIQWUkpSSjFGUkpTTlJKMkpSS
nNOU05SSnNOc05zTlJKc05zTpRSc05zTnNOc05zTnNOlFJzTnNOlFKUUpRSc05zT
nNOlFKTTlJGMUZSSpRW1l7WXtZZ70HOOa02MUaTTlFJ7jnuNe46UUaTTlJO9173X
vde9173Xvde9l7WXtZe1l7WXtZe1l7WXtVetlrWWtZa1lrVWrVatVq0VnI2cjbTN
tM5zB2qInEu1DpxMlAqcCHMEaoWUj5SSc45zjnvPfA97z3POa45rjnPPc45jTWNM
Y41jTVMLUspbC1rLUopCCEqKSopKSToHOgg6CDoIMYYpRSlFKUUpRSlFGMMZBCEF
lJKUkoxRjFKUkpSSjFGUkpzTnNOUkpSSnNOc05ySnNKc06UUnNOc05zTnNOc05zT
pRSc05zTpRSlFKUUnNOc05zTpNOc05RSlFGckq0UvZa1lrWXpRWlFaUVrRW1l61W
tZa1l61WrVa1l7WXtZe1l7WXtZe1l7WXvZe9l7WXtZe1l7WXtZe1l7VXrZa1lrWW
tZWtVa1VrVWlU6USpNGlEqUQYgdhxpvKtQ6cTIwKnAqDSXLKlJKUknOOa41zznPP
e89zz2uOa45rzmuOY01jDGNNY01Sy0rKUstSy0qKOghKiUqKSkk6BzoIQkk6CDGH
KQUpRSlFKUUpRhjEGMQhBZSSjJKMUYxSlJKUkoxRlJKc05zTlJKUkpzTnNOc0pzT
nNOlFJzTnNOc05zTnNOc05zTnNOlFKUUpRSlFJzTnNOc06TUpNOUUZRRnJKtFbWW
tZa1lrWWrVWlFK2VnNOtVKUUnNO1lqUUpRSEEK0UjBCMEKTTtZa1lrWWtZa1lrWW
tZa1lrWWtZa1lrWWtZa1lrVSpM+syrULpMqcjKTMtQ+tDmoGYcWbirTOnEyUC5QL
g4p7C5TTlNJrjmuOc85zz3PPc89rjmuNc85rjmNNWwxjTWNMUspSylLLUstKijoI
QklKiUJJMgc6CDoIOccxhilFKUUpRSmFKUUYxCDEIQWUkpSSjFGUkpzTlJKMUYyS
nNOU05SSlJKc05zTnNOc05zTnNOc05zTnNOc06UUpRSk1JzTpRSlFKUUpRSdE5zT
nNOlFJzTjFKMUZSSrVW1lrWXtZeMUYxRe46ckmsMhBCEEIQPtZackoxRYwytFHuO
e4+c061VrVW1lrWXtZe1l7WXtZa1lrWWrZa1lrWWtZatUpyOrIi9CayHrIekh6yL
rI2LjYONnFCk0pySlJGckXuNa0yU04yTc45rTXOOc85zz3PPa45jjWvOa45bDFsM
Y01bTVLLSopSy1LLSoo6CEJJSklCSToIOghCCTnIMYcpRSlFKUUpRSlFIQMYwyEE
lJKUkoxRlJKUkpSSjFGMUZTSlNOUkpSSnNOc05TTnNOUkpzTnNOc05zTnNOc05zT
nNOc06UUpRSlFKUUnNOc05zTpRSc04xSjFGUkq1VtZe1lrWXpRWlFaUUrValFK1W
rVatlq2WrVW1lq1VrVW1lrWXtZec06UUtZe1l7WXtZe1l7WXtZetlrWWtZa1lrWV
rRKcjayIvMmsh6yHpIekR5yLpRSlFKUUnM6UTZxOrJBzCmtNhBCEEGuNa41rjnPP
c89rzmuNa41rjmuNW0xbC2NNYwxSy1LKUspSy0qKOghCSUqKQkk5xzoIQgk5xzGG
KQUpRSlFKUUpRRjDIQQhBJSSjJKMUoxRlJKUkpRRlJKc05zTlJKUkpTTnNOc05zT
lJKc05zTnNOc05zTpRSlFKUUnNOlFKUUpRSlFJzTnNOc0qTTnNOUUYxRlJKtVbWW
tZa1lpSShBGMEJySg89zja0UtZVrTHvOlFBzTYwQjFK1lrWXtZe1lrWXtZa1lrWW
tZa1lrWWrZa1lrWWtZa1la0UpNGsz6zPpIqkiJyIpIici5RQjFCk0pyMjAqMSpTT
jFGMkpSSjJJzjmuNc45zznPOa85rjWtNa45rjmNMWwxjTWMMUstKikrKUstKijoI
QklKikJJOgg6CDoIMccphiFFKUUpRSlFKUUZAxjDIQSUkoySjFGMUZSSlJKMUYxR
nNOc05SSlJKc05zTnNOc05SSnNOc05zTnNOc06UUpRSc05zTnNOlFKUUpRSc05zT
lJKk05zSlFGUUJSRrVW1lrWXtZaMUYQRe9Ck1IQRjFGlFLXXlJKlFK1VpRSlFKUU
tZa1l7WXtZe1l7WXtZa1l7WXtZatlrWWtZa1la1VrVWtVa1VrVWlVaUUpROcj6SP
pI9JhDkBi8acR5xHlEilDYyOhBCUkZSSe89rTWuNc45zzmuOY01jTWuOa01bDFsM
Y01bTFLLSopKi0rLSoo6CUJJSolCSTnHOcdCCDnHMYYhRSkFKUUpRSlFGMMYxCEE
lJKUkoxRjFGUkpSSjFGMUZTSlNOUkoySnNKc05zSnNOUkpzTnNOc05zTnNOlFJzT
nNOc05zTpRSlFKUUpRSc05zSpNOc05SRjFCUkq1VtZa1lrWXtZe1l7WXtZe1l7WX
tZa1lrWWtZa1lrWWtZa1lrWXtZe1l7WXtZa1l7WXtZe1l7VWtZa1lbWWtRGkj6SP
rRStVa1VrVWtVa1VrRWlFJzUWYRJQ4tInEyUTJRMpM6MTHPNfA2MkXvPa01rTnOO
c45zjmtNY01rjmNOWw1bDGNNWwxSy0qKSotSykqKOghCSUKKQkk5yDnIOcgxxymG
IQUhBSEFKUUpRRjDGMMhBJSSlJKMUYxRlJKUkpRRjFGUkpSSlJKMkpzTnNOU05SS
lJKc05zTlJKc05zTpRSc05zTnNOc06UUpRSlFKUUnNOc05zTnNOMkYxRlJKtVbWX
tZa1lpzTlJKUUa1UhA+ED61UnNKU0aTSjBC1lrWXtZe1l7WXtZe1l7WWtZa1lrWW
tVa1VK0TtRG9UbUPpI6cjq1RrVOlE61TtVGk0aTQpNCs0WIHWcV6yZSPnNOck5zT
jAx7yoQLlJJ8EGtNa41zjnPOa45jTWNNa45jTVsMWwtjTFsMSopKiUqKSspKijoI
QklKiUIJMcg5xznIMccphyEFIQUhBSkFKQUYwxjDIQSMkoySjFGMUZSSlJKUUYxR
lJKUkpSSjFGc05zTnNOc05SSnNOc05zSnNOc06UUnNOc05SSnNOlFKUUpRSlFJzT
lJKc05zTlFKMEZRSrVW1lrWWtZaUkoxRlJOlFYxSlJOtVqVVrRWtVa1WtZe1l7WX
tZe1l7WXtZe1lrWWtZatlrWWtVKkkKSPxUq9CpyPrIm9CqyJnE+9C70MnIyUTJzN
nNNrjmuOa458EJSSc0qcDpQMg4yEDYySfBBjTWtNa41rjmuNY01jTWuOY01bDFLM
WwxbDFLKSolKylKKSok6B0JJQkpCCTHIMcc6CDnHKYYhBCEFIQUpBikFGMQYxCDE
lJKMkoxRjFGUkpSSlJGMUZSSlJKUkoxRlNKc05zTnNOUkpzTnNOc05zTnNOc05zT
nNOUkpzTnNOlFKUUpRSc05ySnNKc05SRjFCUka1VtZa1lrWWtZa1lrVWtZe1l7WX
tZe1l7WXtZe1l7WXtZe1l7WXtZa1lrWWtZatlrWWtZa1lrVSrI6cTbTPrNCk0KzQ
rRGcjZyNtQu9TJyLlEqcimvQW49Tj1uPW4+DjVHFScSLzIQPhFCMknwPY01jTWuN
a45rjmNNY01jjWNNWwxSy1sMWwxKikqJSopKikpJOghCSEpJQgk5xznHOcgxxymG
IUQhRCFEKUUpRRjDGMMhBIxRjFGMUYxRlJKUkpRRjFGUkpSSlJKMUZSSnNOc05SS
lJKc05zTlJKc05zTnNOc05zTlJKc06UUpRSlFKUUnNOUkpzTnNOUkowQlJGtVbWW
tZa1lrWWtZa1lrWXtZe1l7WXtZe1l7WXtZe1l7WXtZa1lrWWtVa1lq2WtZa1lrVU
tVStEqyLmoWKA6rIrVWtVaUUnIycjKzMtU2cjIRLhAtjj1uQU49TT1OOckhZhlmG
jFFzjnvPe897jmMMY01jjmuOa45jTVtMY41jTVsMUstbDVsMSopCikqKSopKSToH
QkhCSUJIMcc5yDoIMccphiEFIQUhBSEFIQUYxBjDGQSMkoxSjFGMUZSSlJKMUYxR
lJKUkpSSlJKU0pzTnNOUkpSSnNOc05SSnNOUkpzTnNOc05SSnNOlFKUUpRSlFJzT
lJKc05zTlJGMEJSSrRW1lrWWtZa1lrWWtZa1lrWWtZa1lrWWtZa1lrWWtZe1l7WX
tZa1lq2WtZa1lrWWtRCkjqSOxRDFEJqIigaqya1VrVWtVaURpNGkiqSKpImUknQQ
W49bkFuQU09Tj3LMWghiSJSRhA+MkZSRhFBrTWNNY01rjmtNY01jTGuNY01bDFLK
WwxbC0qKSolKilKKSkk5x0IISkhCCDnHMcc6BznHKYYhBSEFIQUhBSEFGMMYwyEE
jJKMUoxRhFGUkpTSjJKMUZSSlJKUkpSSlNKU05TTlJKUkpSSnNOUkpzTlJKc05zT
nNOUkpzTpRSlFKUUnNOckpRSnJKc0pSRjBCUUa1VtZa1lrWWtda1lrWWtZa1lrWW
tZa1lrWWtZa1lrWWtZa1lrWWrZa1lrWWtZa1lrUSpJCkkL0UxRWkUqRSrJKsj6TP
rRC1UbVQpIqkSaRJjFFjj1uPU49Tj1NPU09zzpRJjAiUCIwEg8d7yoQNY01jTGtN
a01rTWMMYwxjTWNMWwtSy1sMUsxKikKKSopKikKKOghCCUJJQgkxxzHHOcgxxylG
IQUhBSEFIQUhBRjDGMQhBIxRjFKMUYQRlJKUkoxRjFGMUZSSlJKUkpSSnNOU05SS
lJKU05zTnNOUkpSSnNOc05zTlJKc05zTpRSlFJzTlJKMUZSSnJKUkYQPjFGtVbWW
tZa1lrWWtZa1lrWWtZa1lrWWtZa1lrWWtZa1lrVWrVa1VrWWtZa1lrWWtZa1Vq1V
rRW1VbVVrVWtVK1UpMykjKzNvU+9T6SLnEucSmvPW89bj1uPU49Tj1OPa8+USYwI
lAeLxYvGe8qET2NNWwxjTWNNY01jTFsMY01jTVsMUstbDFrMSopCSkqKSopCiTIH
OglCCToIMccxxznHMccpRSEEIQQhBSEFIQUQgxjDIQSMUYxSjFGEUZSSlJKMUYxR
lJKc05SSlJKUkpSSlJOUkpSSnJOc05zTnNOUkpzTnNOc05SSnNOc05zTpRSc05SS
lFGUkpySlFGED5RRrRS1VrWWtZa1lrWWtZa1lrWWtZa1lrWWtZa1lrWWtZa1lq1S
pNCk0bVUtVa1VrVWtVatVq1VrVWszaSMrMzFTqyLpEqsi60UrRWlFKTTe85jTGuO
W45Tj1OPU09TT2uOlAyLy4wLhAqET3wOhFBjTFsMYwxrTWtNYw1bDGMNYwxay1LL
UwtSy0KJQklKiUqJQkg6BzoIOgg5xzHHMYc5xzGGKUUhBSEEIQQhBBjDEIIYwxjD
jFGMUYxRjFCMkZSSjJKMUZSSlNKUkpSSlJKUkpSSlJKUkpSTnNOc0pSSlJKc05zT
nNOUkpzTnNOc06UUnNOUkoxRlJKUkpRRhA+MUa1VtZa1lrWWtZa1lrWXtZa1lrWV
tZa1lrWWtZa1lrWWtZa1EKSOpI61VLVVrVStVK1VrZatVq1WrIukiqyLvVCsz5zR
pRKtU6UTpROc0lrHnJFzz2OOU49Tj1OOU09rjpSTlJKUknPPc85zjnOOYwxbDFsM
Y0xjTFsMWwxjTVsMUspSilrLUopKikqKQklCSToIOgg6CDoIOcg5yDGHMYYxhimG
IQUhBSFFIQUYgxjEIMQYw4xRjFGMUYQQjFGUkpSSjFGUkpTSlJKMkpSSnNKU05SS
lJKUkpzTlJKUkpSSnNOc05zTnNOc05zTnNOc05zTlJKMUZSSlJKMUYQPjFClVLVV
rVWlFLWWpRO1lrWWtZa1lrWWlJKtVZSSfBCtVbWWtQ6kjKSMvVO9VK0TrROtFK1W
rVatVayNpEykTK1VrVWtVa1VrVWkzpRNc0iUUJzTjFFj0FOPU49Tj1NOc46U0ZSP
jFB7zoxRjJKEUWNNWwxbDGMNY01bDGMMY0xbDFsLWwxbDFLLSstKikJJSolKSUII
Occ6CDoIOccxhjGHMYYxhiEEIQQpBSEEEIMYwxjEGMSMUYxRjFGEEYyRjJKMkoRR
jJKM0pSSjFGUkpTTlJKUkpSSlJKUkpSSlJKUkpSSnNOc05zTnNOc05zTnNOc05SS
jBCUkZSSlFGED4xRrVS1lVrLWsu1lXvOhA+c06UTnNOlFGtPnRWtVoQQtZa1lq0S
pNCk0L1TvVOtEqTSrROtVa1VrVWk0JyPnM+tVa1VrVWtVa1VpIucSpwKpROc1IxS
Y9BTj1OPU49TTmuOlM6MTIPLc0mMUYyShFJrTlsMWwtbDGNNYwxjTFsMUstSy1LL
UstSy1LKSolCSEJJQkg6CDHGOgg6CDHIMYYxhjGGMUYhBCEEIUUhBBDDGMMZBBjD
jFGMUYxRhBCMUZSSjFKEUYySlJKMkYyRjJGU0pySlJKUkpSSnNOUkpSSlJKUkpSS
nNOUkpSSlJKc05zTnNKUkYxQjFGUkYQQe8+MEK0UtVVzjWtNrVR8EISTlRWEU4ST
hJN0EHQQjNNzz5zTrZatla1VrVWtVq1WpNOk0q0TrVWtVa1WpRWtVa1VrVWtVa1V
rRWlFIwJjAici6UUpRSMUmPQU49TT1NPU09rTpTOjEx7ynNJlE2MT4QQa01iy1rL
WstbTFsMW0xbDFLLUstSy1LLSstKykKJOkhCSUJJOggxxzoIQgg5xzGGMYYxhjGG
IQQhBCkFIQUQwxjEGMQYxIxSjFKMUYQQjFGUkoxRhBCEUYyRjFGMUYxRlJKMUYxR
jFGMUZSSjFGUkpSSlJKc05SSlJKUkpSSnNOUkpSSjFGUkpRRjFCEEIxRjFGtFbVV
c017Ta1UlJKEEK1VrZatlqUVpVatV5zUrValVa2WrZatVq1WrVatVaUUrRStVa1W
rVatVqVVrVWtVa1VrVWtVa0VpRWDj3NNnJKlFJ0UhFJr0FOOU49TT1NPa06UkIxM
e8p7hZRFg8Zri2NKWstSylLLWwxbDFsMWwtSy1LLUsxSy1KLSopCSToIQklCSToI
Mcc6CDoIOccxhjGGMYYphiEEIQUpBSEEEMMYxBjEGMOMUYxRjFCEEIxRjFGMUYxR
jFGUkpSSjJKMkoySlJKUkpSSjFGUkpSSlJKUkpSSnNOc05zTlJKUkpzTlJKUkoxR
lJKUkoQRhBCMEZRRrRWtVrVWrVatVrVWtVa1VrWWtZa1lrWWtZa1lrWWtVatVq1W
rVatVa1WrVWlFZzUrVWtVa1VpVWtVJzTnNOlFKVVpRWlFaUVc4+D0KTUpRWlFIxR
W05LTkuOS05DDXMKg42MDoxPe82MD3OKa4pjSVrLWspSy1sMW0xbDFsMUstSy1ML
UstSy0qKQkk6CEJIQgk6CDHHOgg6CDHHKYYphimGKYYhBCEEKQUhBBjDGMMYwxjD
jFGMUYxRjFGUUYxRjBCMUZSSlJKUkpSSlJKUkpSSlJKUkpSSlJKc05SSlJKUkpzT
nNOUkpSSlJKc05SSjFGMUZSSlJGEEIQQjFGUka0UtVWtFJySrVWlFKUUrVWtVa1V
rVWMUa1VpRSEEJzTrVWlFKUUjFKlFK1Va017z61VrVWtVa1VrRSc0pzTpROtVaUV
pRWlFWMNjBKdFZ0UnRSEUlLLIYdTDFKLIURhhFlDcgaUkIQOc0xjCWMJWwlay1LL
UstbDFsMWwxTDFLLUstSy1LLSopKikJJOghCSUIJOggxxzoIOggxxymGKYYphilG
GQQhBCEEIQQYgxjDGQMYw4RRjFGMEYxRjJKMUYRRjFGMkoySjJKMkYySjJKMkpSS
lJKUkpSSnNOUkpSSlJKUkpzTlJKUkpSSnNOc04xRjFGUkpSSjBCEEIwQlFGtFK0U
UklizKUVhBBjDJzSlJKUkpSSa058EIySc46EEZzUc8+tVqVVc9CMk5TTfFGtVq1V
rVWtVa0UnNOc050UpVWlFaUVpRVKSpSTnRWlFKUUe9BKShDESosxhyCAWcZRhWpI
lJKEEIQQe897z2uOUstSy1LKWwxbDFsMUwxSy1LLUstSy1LKSopCSToIQkk6SToI
MccxyDnIMccphimGKYUpRRkEIQQhBCDEEIIYwxjDGIOEUYRRhFGEUYxRhFGEUYxR
jFGMUYyRjFGMUYxRjJKUkpSSjJKUkpzTlJKMUZSSnNOc05SSlJKUkpzTnNOMUYxR
lJKUkoQQhA+MEJRRrRS1VHuOawy1VYQQhBKU1IyTjNSdFYQRpVWtVnwQpZaVFHxR
nVVrz5TTpVV8EKUUrVWtVa1VrVSlFJzTnNOlFKUVpRWlFaUVOYiUk6UVpRSc1IQR
WswYw1rNQkkgwFmEWYRyR4yShFF8EIRShFJzj1LLUopSilrLWwtbC1sLUspSylLL
UstKikqKQkk6CEJJOgk6CCmHOcg5yDHHKYYphimGKYUZBBkEIQQZBBCDGMMYwxDD
hFGEUYQRjFGMUoxRhFGMUZRRjJKMkYxRjFGMUYxRlJKUkoxRlJKc05SSlJKUkpzT
nNOUkpSSlJKc05zTjFGEEJSSlJGEEIPPjBCUUa0UtVVrDXuPrVWtVpzUrVatVq1W
rVaMU61WnRWk1K1WrVWlFK1VpRStVa1VpRStVa1VrVWtVa1VrRWlFaUVpRWlFaUV
pRWdFDGGnNOlFKUUnNSEElsNEQRbDkrLIIJqzHtOg4+UkoRRfBCEUoRRc89Sy0qK
SolSy1LLWwtSy0qKSotKi0rLSotKSkJJOghCSUIIOccxhjnHOccxhilGKYYphilG
GMQYxCEFGQQQwxjDGMMYg4RRhFCEUIRQjFGEUYQQjFGUkoySjJGMUYxRjFGMUYyS
lJKMUZSSlJKUkpSSlJKc05zTlJKMUZSSnNOUkoxRhBCUUZRRhBCDz4QQjFGlFK0V
rVWtVa1VrVatVq1WrVatVq1VrVWtVa1VrVWtVaVVpVWtVa1VrVatVa1VrVWtVa1V
rVSlEZyPnM+tFaUVnNRKSnuNpJAxhpzUpNSc1JzUhBFjDRjEc9BjDRDDa06EUoyS
jJKEUnvQhFKEUnPQUoxKikqKUstTDFLLUstSykqKUotKi0qLQkpCSToIOkg6CDnH
MYY5xznHMYYpRilGKUYhRhjEGMQhBCEEEIMYwxjEEMOEEYQRhBGEEYxRhFGEEIxR
jFKMUoxSjFGMUYxRlFGUkpSSjFGMUZSSlJKUkpSSlJKUkpSSjFGMUZzTlJKMUYQQ
jFGMUYQQe8+EEIyRpRSlVKUUlJKtVZSSpVWlFHvPc46U0muOa46EkmuPUs2Mk1sM
Y02tVK1VpRStFaUUpRStVaUUpImciaSJpRSlFHOOGIIxAovOMYSc1JzUnNSU1IQS
Yw4QxYRSc5AQw2tOjFKUkoySjFJzz4RRhFFzz1LLSopKikrLUstSzFLLSotKikqK
SopKikKKQgk6CDoJOgg5yCmGOccxxzHGKUYpRilGKUYgxCDEIQQgwxCCGMMYwxDD
hFCEEIQQhBCEUYQQhBCMUYxRjFGMUYxRjFGMUYxRlFGUUYxRjFGUkoxSjFGMUZSS
lJKUkoxRjFGUkpSSjFGEEIxRjFGED3vPhBCMUaUUnJNSCWsMrVWEEGvQhJNLDEtN
bFFLDVNOdFNbjkLNdJM6y1MNnRWdFGuOlNNzz5zTrVSlFaSMlEuUS6UTrRRzjSCC
KMKcUFqInNSc1JzUlNSEEWMNGMWMU3vREMNjToRRjJOMkoxSY01jTWNNYw1Si0qK
SolSy1LLUstKy0qLSopKikqKSolCSkJIOghCSToIMcgphjHHMYcxhilFKUUpRSlF
GMMYwyEEGMQQgxjDGMMYw4RQhBCEEIQQjBGEEYQQhBGMUYyRjFGMUYxRjFGMUZRS
jFGMUYxRlJKMUYxRjFGUkpSSlJKUkoxRlJKUkoxRhBCUkYxRhBB7z4QQjFGlFKUU
c41jC61VfFCVFXyTQsxLTZWWSw1bToTUY9BLTXyUQw1KzJ1WjNRbDYSSfBCc1KUV
pRWkkJQOlE+c06UUnJMggzmDlA2MDZzUnNSc1JyUhBFrDRjFjFOEUhkDWwyEEYyS
jJKMUnPPhFGEUnwRUstKikqJUspSy1LLUstKikqKSopKikqJQklCCToIOgg6CDHH
KYYxxzHHKYcpRilGKUYpBSDEGMQgxBjEEIMYgxjDGIOEEIQQhBCEEIxRhFCEEIRR
jFGMUYxRjFCMUYxRjFGMUYxRjFGMUZSSlJKMUYxRlJKUkpSSjJKMUZSSlJKEEIQQ
jFGUkoQQe8+EEJRRpRStVGLLc4+Uk2OOa8+E02OPdBKVFmvRc9GVFozUfFKVFXyT
hFGdVqVVlNOdFZTTpRSlFaUVpNSc06UUpRSlFKUTMURRwpPLnAyc1JzUnNSc1HvP
UooZA2uPa44ZA0JJfBGMUoxShFJzj4RShFKEUVLLSolKSVKKUopSy0qLSopKikqK
SopKiUJJOggxyDoJOcg5yClGMccxxymGIUYpRilGKUUYxBjEIQQYxBCCEIMYwxCC
hBCEEIQQhBCMUYRRhBCEUIRRjFGMUYxRjFGMUYxRlJKMUYxRjFGUkpSSjFGMUZSS
lJKUkpSSjFGUkoxRjFGEEIxRjFGD0HuPg8+MUaTUrRWtVa1VrVWtVq1WrVatVaVV
pRWtFa0VrRWtFaUUpRWlFaUVpRWlFaUVpRWk1aUVpRSlFKUUpRWlFaUVpNKciJRF
lEaURpxInNOc1JzTlNOEEWtOGQWM1JTUIUZSi3wRjJKMUoxSc4+EEoRShBFSzEJK
QklKilKKUopKikpKQopKikqKQopCSTpIOgg6CDoIMccphzHHMccxhilFKUUpRSFF
GMMYxBjEGMMQghDDGMMYw4QQhBCEEIQQhFGEEXwQhBGMUYxRjFGMUIxRjFCMUYyS
jFGEUYxRlJKUkoxRjFGMUZSSlJKUkoxRlJKUkoxRhBCMUYxRhBB7z3wQjFGlFKUU
nNOlE5SSnNOc06UUlNOU0pSSlJKMUYQQlJKc0qUUpRSlFIRRhBCdE4RRhFF0EHOP
fBCEEaTUpRSlFJyLnEWcRJxEnEScSZzUnNSU1JSUhBFrThkFjJOM0inHSot70YxS
jFKMUnOPhBKEUnwRUsxCSUJJSopKikqKSopCiUqKSopKikJKQkk6CTHIOgg6CDHH
KYYxxymHKYYhRSmFKUYhBRjEGMQYxBjDEIIQgxjDEIOEEHvPfBB8EIRRhFF8EHwQ
hFCEUYxRjFGMUYxRhFGMkoxRhFGEUYySjJKMUYxRlJKUkpSSjFGMUZSSlJKMUXvP
hBCMUYQQe46Dz4xRpRSE01MNdBFCjGPPW490EGPQUwx0EWvQjRV0EYSUfBF8EXPQ
fBKEkmPPa9Brz4zTfFF8EWvPY02lFKUUpRSUBpxFnEScBJwEnEmc05zUnNSU1IQR
a04hBYyTjJI6CEJKe9CMUoxShFFzz4RRhFGEUVLLQklCCUqKSopKikqKSopKikqK
SkpCSUIJOggxxzoIOcgxxymGMccxhzGGKUUpRSlFKUUYxBjEGMQYxBCCEIIYwxCC
hBB70HwQfBCEEIQQg8+EEIRQhFGMUYRRhFGEUYRRjFGMUYQQhBCMUYxRjFGEEIxR
lJKUkoxRjFGUkpSShBB7z4QQhFCEEHOOe8+MUZ0UdJJKzGPQQoxjz1NPdBJsEmPQ
fJNz0IySnVWEk5TUnNSU1J0VlJOMk5TUjJOEUpTUlNSM04xSnRWdFKUUaoOcRZwF
nAWcBZxJnJOU05TTlNN8EGNOGUWMk4ySQkpCCnPQjFKMUoxSa05jDVsMWw1Ki0JJ
OghKiUqKSopKikqKSopKSkpKQklCCUIIOcc5yDnHOccphjHHMYcphilFKUUpRSlF
GMQYxBjEGMMQghCCGMMQgnwQfBB8EHwQhBCEEHvPhBCEEIRRhFGEEIRRhBGEEYRR
jFGEUYRQjJGMUYxRjBCMUYxRjFGMUYxRjFGMUYQQe8+EEIxRhBBzjnvPjFGlFZ0V
lNSdFZ0VnRWdFZ0VnRWlFaUVrRWlFaUUpRWk1aUVpRWlFaUVpRWk1aUVnRWlFKUU
pRSlFKUUpNSMUklBnAWcBJwElAWUR5TTlNSU05STe9BjTiFGjJOMk1LMQglzkIRS
hFKEUmvPfBF8EXwRWw1CSToIQklKiUqKSopCikJKQopCSUJJOgg6CDHIOgg5yDGH
KYYphimGKYYhRSFGIUYhRhjEGMQYxBjDEIIQgxjDEIN8D3vPe897z4QQhBB8EIQQ
hBCEEIQRhBCEEIQQhBCMUYxRhFGEEIxRjFGMUIxQjFGMUYxRjFGMUYxRjFGEEHOO
hBCMUIQPc457z4xRpRSlFaUVpRWlVKUVpRWlFaUVpRWlFaUVpRWlFaUVpRWdFaUV
pRWlFaUVnRSlFKUUpRSlFKUUpRSlFKTTc05BQZQFlAWUBZQFlAaUk5TTlNOUk3vQ
a005x4RRhFFbC0IIc8+MUoRShFJrj3wRfBJ8EVsNQgk6CUJKSkpKikKKQkpCSkJK
Qko6CToJOggxxznHOccxhimGKYYphimGIUUhRSFGIQUYxBjEGMQYwxCCGMMYwxCD
e897z3vPe898D3wQe9B70IQQhBCEEYQQhBCEEIQQjBCMUYRQhBCMUYxRhFGEEIxR
jFGMUYRRhBCMUYxRhBBzjnvPhBCED3OOc46MUaTUpRWlFaUVpRWlFaUVpRWlFaUV
pRWlFaUVpRWk1aUUnRWlFaUVpRWlFaUVpRSlFKTUnNSdFJzUnNSc1FIJYkOUBZQF
lAWUBZQGlJOUk5STjJJz0HPPc49zj2uPUsxbDWuPhFKEUoRSa498EXwRfBFjTUJJ
OghCSUJKQkpCSkJKQkpCSkJKQgk6CToIMcgxyDHIMYcphimHKYcphiFFIUUhRiFF
GMQYxBjEGMMQghCDGMMQg3vPe897z3vPhA+EEHwPe898EIQRhBGEEYQQhBCEEIxQ
hFCEUHwQjFGMUYxRhBCMUYxRjFGEUIQQhFGMUYQQe897z4QQe89rTXOOhBCc06UV
pRWlFaUVpRWlFaUVpRWlFaUVpRWlFaUVpRSlFKUUpNSc1IySlJKMUZSSnNOMEZzU
nNSc1JzUnNM5BIOElAWUBJQElASMBpSTlJOUk4yTe9CMUoxTjFOMU4xThFJz0IRS
hFKEUnPPY01zznwPY01CSToIQklKSUJJQklCSUJJQklCSUJJOgk6CDHHOcgxyCmH
KUYphimGIYYhRSFFIQUhBRjEGMQYxBjDEIIQwxDDEIN7z3vPe857z3wPfBB7z3vP
hBCEEIQQhBCED4QQfBCEUYRQhBB8D4RRhFGEUYQQjBGMUYxRjFGEEIxRjFGEEHvP
e8+EEHvPa01zjoQQnNSU1IQRjJKMkpTUnNSU04yTfBCdE3PPjJKMk3PQhBF8EWOO
fFFTDXQQUw10EJSTWwyUkpzUnNSc1IQRSYSUBpQElASUBJQElAWckpSTlJOUk3vQ
jFKMUoyShFKEUoRSa4+EUoRShFFrjlsJWwlrS1rLQgk5yEJJQklCSUJJQklCSTpJ
Qkk6SDoIOcgxyDHIMcgpiCmHKYcpRylGKUYpRilGIUUYxBjEGMQYwxCCEIMYwxCD
fBB7z3vPc898EHwQe897z3vQfBCEEIQQhA98EHwQhFGEUIQQg8+EEIRRhFGEEIwQ
jFGMUYQQhBCEEIxRhBBzjnOPhBB7z2tNc46EEJzUnNV8EYyUfBF8EoRSdBGVFGuP
fBF8EIxSjFB7zoxQfA5rjHPOUwp0DltMdA+U0muOlNOc1JzTnNRrTWsLlAeUBZQF
lAWLxJQFlJOUk5STlJN70IxSjFOEU4RTjFOEUmuPhFKEUYRSc4tayVrJa05jDEII
OghCSUJJQklCSUJJQklCSUJJOgk6CDoIMccxyDHIMYcphymHKYYpRilGKUYpRiFF
GQQZBBkEGMMQwxDDGMMQgnvPc89zz3PPc8970HvPc498EHwQhBB8EHwQfBB8EIQQ
hBCEEHvPhBCMUIRQhBCEUYxRjFGEUXwQfBCEEXwQc45zz4QQg9BrTXOOhBCc1JzU
lNSUlJTUnNWc1JzUnRWdFZ0VnRSdFJTTlJOU05TTlNOU05zTnNOc1JzUnNSc1JzU
nNSc1JzUSkiUUJQFlASUBIvElASUBZSSlJOUk5STe9CMkoxSjFKMUoxShFJrj3xR
hFGEUXOMYwpjS3vPa05CCTnIQglCSUJJQklCSUJJQklCSToJOgg6CDHIMcgxxzGH
KYYphymGIUYhRSFFIUUhRRkEGQQYxBjDEIIQgxjDEINzz3PPc89zz3vPe897znPP
e898D3wQfBB8EHwQfA98EIQQhBB7z4QQhFGEEYQQhBCEUYxRhBB8EIQQhBCEEHOO
c46EEHvPa01zjoQQnNOc1JSTlNOMkp0UlNOUkpTSjJGEUYSSjJKEEZSThBGMUnwQ
jJJrzoRRY01rz2NNhBGMEpzUnNSc1EIIpJGUBZQElASUBIwEjAaUk5STlJOUk3vQ
jFKMUoxSjFKEUoRSa4+EUoRShFJz0GuPa9B8EGuOOggxxzoJQkk6STpJQklCSTpJ
Ogk6CTIIOcgxyDHHMccxximGMYYpRilGKQYpRiFGIQUYxBjEGMQYxBCCEIMQgxCD
c49zz3OPc45zj3vPc89zj3vPe9B70HvQe9B70HvPfBCEEHwQc898EIRRhBB7z4QQ
jBCEUYQQe897z4QQe89rTXOOhBB7z2MMa02EEJzTfFJbDXQRW46EUozTY450EGPP
W05sEHySbBCEUnQRfBFbj3QSSw50EjqMY5BTDYQRjFKc1JTUjFJSipyRjAWUBZQE
lASUBZRHlJOUk5STjJNzz2uNa41rjWuNa01rTWtNhBGEEoQSe9Fjj3QSdBFr0DII
Mcc6SEJJQglCCUIJQglCCToJOggxyDHIMYcxyDHHMYcphimGIYYpRSFFIUYhBSEF
GMQYxBjDGMMQghCCEIMQg3OOc45zjnOOc457z3PPc45zz3wQe9B7z3vPe897z3vP
hBB70HOPe9CEEIQQe9CD0IQRhBF8EHvPe8+EEHvPc01rTXvPe89jDGtNhBCUk3QS
U06Ek2vRjNR8kmwRdBJsEWvRfFOM1HQRfFJ8UoSSdBF8UnQSfFN8U3xTdBJ8UpSU
nNSU1JSTjFKUkpQFlASUBJQEjASMCJSTlJOMk4yTc9CEUoRShFKEUoRSfFJjj3xS
hBF8EXPQY050EHQQa886BzHHOgg6CDoIOgg6CToJOgg6CDHIMcgxyDGHMYcxhjGH
KUYpRilGIUUhBSEFIQUhBRjEGMQYxBCDEIIQghCCEIJrjmuOa45rjmuOc89zjnON
c45zznPPc89zz3PPc89zz3wPe89zjnvPhBCD0HvPfBCEEIQRfBBzz3PPfBB7z2uN
a017z3vPY01rTYQQnNSU1JTUnNWc1Z0VnRWdFZ0VnRWVFZzVnNSc1JzUnNSc1JzU
nNSU1JTUlNOM05STlJOUk5STlJOUkpSSlJKMCowKg8qDyoPKg82EUYRQfBB8EHPP
c9Bzz2vPa89rz2uPY45jjmOOW45bjVtNW01bDFLLMcgxhznIOcg5yDnIOcg5yDnI
OcgxhzGHMYcphimHKYYphiFFIUUhRSEFIQQhBCEEIQQYwxjDGMMQgxBCEIIQghCC
c45zjWtNa01rTXOOa01rTXONc45zznPOc45zjnOOc457z3vPc457z3wQe897z3vP
hBCEEHwQc89zjnvPe49rTWtNe897j2MMYwx8EJTTlNOUk5STlJOUkoySlJKUkpSS
lJKMkoxSjFGMUYwRjFGEEIxRjFGEEIQQhA+EEHvQe9Bz0HvQfBB8EHvQe897z3vP
c49rjnPQfBFzj2NNY01bTVtNUwxLDFtNUw1KzErNQotKzErMQotTDVtOc9Bz0DnH
MYYxxznHMccxxzHHMccpxzHHMYcxhimGKUYpRilFIUUhBCEEIQQgxBjDGMMYwxDD
EIIQghCCEEIIQQhBCEIIQWtNY0xrTWNMY01rjWtNY0xrTWtOa45rjmuOa45rTWuN
c45zjmtNc457z3vPc89zz3wPe897z3OOc457z3uOYwxjDHOOc45jDGMMe8+U04xS
hFKEUXwRe9B70HwQfBB8EXwQc898EHvQc4+EEYQRfBCEUYRRUstbTVMMW01jTluO
QotCi0KLWw5bDUqMUw1TDUrMSsxrj3wRa49LDksOMks6zDKLOotCzDqLOotCjDIK
Qs1LDjKLU05bT3PRc9ExxylFMYYxhimGKYYphimGKYYpRilFKUUpRSEEIQQhBCEE
GMMYwxjDEMMQghCCEIIQgghBEIIQghCCCEEIQQhBCEFjDGMMWwtjDGMMa01jDFrL
YwxjTGNNa01rTWtNa01rTXOOa01rTWuNc45zjnOOc457z3vPe49zjnNNe89zjmMM
WwxzjnOOWwxjDIQQlJOEUoQRhBFr0ErMU05jj1NNW49bj0LLSw1bTlMNc5B8EXwR
hBF8EkLMSw1CzEsNW45LDjqMQs06zEsNUw5KzFtOW05bDVrNa098EWvPY49bj1MN
U05TTlNOU05TDlMOU05TTluPW49bj1tPW090EXQRMcchBSlFKUUpRSlFKUUhBCEE
IQQZBCEDGQMYwxjDGMMYwxCCEIIQghCBCEEIQQhBCEEIAAgBAAEIAQgBCAEIAQgB
Wstay1rLWstay2MMWstaylrLWstjDGMMYwxjDGMMYwxjTWNNYwxrTXOOa45rTXON
c85zznOOa01jTXOOa41jDFrLa0xrjVrLWst7z5STjFKEEYRSbBFbj2PPa9Br0GwR
a9Bjj2vQa9Br0HwQfBB8EHwRhBFz0HPQc9Bz0HPQa9Br0GvQa9Br0GvQa9Bjj2vQ
a49jT2uQfBFz0HPQc9Brj3PPa85rzmvOY45jj1tNa9F0EXQSfFJr0HQRdBF0ETGH
GMMgwxjDGMMYwxjDGMMYwxjCEIIYghiCEIEQQRBBEEEQQQhBCEEIQQhBCEEIAQgB
CAEIAQgBAAEIAQgBCAEIAVKKUopSilKKUopSilKKUolSilrKWspSylKKUopSilKL
WstjDFsLYwxrTWtNY01jTWuOa45rTWMMWwxrTWtNWstSimMMYwxSilKKe8+U04yT
hFOEUoRThFKEUoRShFKEUoRShFKEUoRShFKEUoRThFKMU4xThFKEU4RThFOEU4xT
jFOMU4xTjFOMU2uQSw1sUmPQUsxz0IRShFKEUoRSc9Brj2OPY49bTltOW05bDXwS
fFKEU4STdBB8UXxRc9AxRRiCGIIYghiBGEEYgRiBGIEQgRCBEEEQQRBBEEEQQRBB
CEEQQAhBCEEIQQgBCAEIAQgBCAEAAQgBCAEIAQgBCAFKSUpJSklKSEpJSklKSUoJ
SkhSSEpISklKSUpJSkpKiVKKUopSilKKYwtjC1sLWstjDGMMYwxay1KKWstay0qJ
SkhailqKSkhKSHuPlJOc1JzVlNWc1ZzUnNSc1ZzUlNSU1JTUlNSU1JSTlJSUlJST
lJOUk5STlJOUk5STjJOMk4yTjJOMk4yTjJNrj0MMbJNkEULMa9CEUoRShFKEUnPQ
fBJ8EnwSfBJ8EXwRc9CMk4yUhJOEk3QRdBJ8UnQSMYgQghiBGIEYgRiBEIEYgRiB
GIEYgRhBEEEQQRBBEEEIQBBBEEEQQRBBCEEIQQgBCAEIAQABCAEIAQgBCAEIAQgB
QcdBx0HGQcdJx0HIOcdBx0HHQchCCEnIQchJyEIIQghKSEpISkhKSVKJUolSiVKJ
UolailKJSkhCCEpJSkhCBznGQgdKCDnHOcdzjZSSnNWdFZzVnRWdFZTUnNSc1JzU
lNSU1JTUlNSUlJSUlJSUk5STlJOMk4yTjJOMk4yTjJOMk4yTjJOMk4yTa49CzWST
bBJKy2vQhFKEEoRShFJz0HwRhFJ8UnwSfBF8EWuOfFF8UXxSfFJ0EYSThJN8UToI
GIIYghiCGIIYghiCGIIYghiCGIIYgRhBEEEQQRBBEAEQQRBBEEEQQQhBCAEIAQgB
CAEAAQgBCAEIAQgBCAEIATlGOUYxRjmGOYY5hjGGMYYxhjmGOYY5hjmFOYU5xjnG
OcY5xjoGOcZBx0IHQcdBxkHGQcZBxjmGMYU5hjmGOUUxRTmFOYUxRDFEc42Uk5zU
nNSc1KVVpVaU1JTUlNSU1JTUlNOMlJSTlJOUk5STlJOUk4yTjJOMk4yTjJOMk4yT
jFOMU4RTjFOMU2uPSs10k3QSSstrz4RShFKEUoRSc9B0EHxRfBF8EXwRdBFjTnQR
dBB0EHQQW418UoSTdBE6CBiCGIIYghiCGIEQgRiBGIEYgRiBGEEQQRBBEEEQQRBB
EEEQQRBBCEEIQQhBCAEIAQgBCAEIAQgBCAEIAQgBCAEpAykEKQQpBCkEKQQpBCkE
KQQpBCkEKQQxBDEEMQQxBDEDMQMxAzEDMQMxAzEDMQMxAzEDMQMxAzEDMQMxAzED
MQMxAzEDMQMow2tNjJOU05TTlRSdVZTTlNOU05TUlRSU1IyTjJOMkoySjJKMkoyS
jJKMkoySjJKEUYvPi86LzYONg42MUoxShFNrj0rMbFJ0EULLY4+EUnxSfFJ8UnPQ
a898EXwRfBB8EHQQW01sD2vQa9Brz1MNa89zz2ONMYYYgRiBGIEYgRiCEIEYgRiB
GIEQgRCBEIEQgRBBEEEIQRBAEEEQQRBBEEEIQQhBCEEIAQgBCAEAAQgBCAEIAQgB
IMIgwyjCKMMpAyjDKMMowyjDMMMpAykDKQIpAikDKQMxAzEDMQMxAzEDMQMxAzED
MQMxAzEDMQMxAzEDMQMxAzEDMQMxAzEDMQNrTIyShBF70GLLWklaSFqIWohjCpTT
lJOUk4xSfBFrj3QRc9Fzj4QSjJOMkoxSg896R3pHekd6SHsLjFKEUoRSc9BTDHRR
fFFTDGOOfA98D3PPc45jTVrLYwxay1KKSolKSDnGOcYxhSlFKQQgwyDCGIIYghiC
GIIYgRiBGIEYgRiBGIIYghBBEEEQQRBBEEEQQRBBEEEQQRABEEEIQAhBCEEIQQgB
CAEIAQgBAAEIAQgBCAEIARiCIMMgwiDCKMMowyjDMMMowyjDKQMpAyjDKQMpAykC
KMIpAikDKQMxAzEDMQQpAykDKQMpAzEDMQMxAzEDMQMxAzEDMQMxAzEDYsqMkoyS
jJOMk4RSa49jTkqKSomU0pTSlNKMkXwQa41zz3POY0xrjXONa0xjC1rKQcZBxjmG
OUZBhknGQYY5RTFFIQMpAyDDGEIYQRBBEEEQQRBBEAEQARABEAEQARABEAEQARAB
EAEQARABEAEQARABGEEYgRiBGIEYghiBGIIYQhiBGIEYgRiBGIEQgRBAEEEQQRBB
EEEQQRBBEEEIQQhBCEEIQQhBCAEIAQgBAAEIAQgBCAEYQiCCIIIowiDCIMIgwikD
KMIowykDKMMowyDDKMMowyjDKMMpAykDKQMpAyjDKMMowykDKQMxAykDKQMpAykD
KMMpAzEDKMMowkGFWkhSB1IHSgZBxTmFOUUpAyCCKMMogiCBGIEYQRhBGEEYQRhB
GEEYQRhBGEEYQRBBEEEQQRABEAEQARABEAEQARABEAEQARABEAEQARABGEEQQRBB
EEEQQRBBEEEQQRhBGEEYQRhCGIEYgRiBGIEYghiCGIIYghiCGIIYghiCGIEYgRiB
GEEYgRiBEIEQQRBBEEIQQRBBEEEQQRBBEAEQQRBBCEEIAQgBCAEIAQgBCAEIAQgB
IEIggyCCIMIgwiDCKMMowyjDKQMpAykDKQMpAykDKQMpAykDKQMpAykDKQMpAykD
KQMpAikDMQMpAykDKQMpAyjDIMIowijCKMIowhhBEEEYQRhBGEEYQRBBEEAQQRBB
EEEQQRABEEEQQRhBGEEYQRhBGEEYQRhBGEEYQRhBGEEYQRhBGEEYQRhBGEEYQRhB
EIEYgRiBGIIYghiCGIIggiCCIIIgwiDCIMIgwiDBIMIgwiDCIMIYwiDCIMIggSDC
GIIYghiCGIIYghiCGEIYgRiBGIIYgRiBGIEQQRhBEEEQQRBBEEEQABBBCEEIQQgB
CAEIAQABCAEIAQgBCAEIASBCIIIgwiDCKMIpAijDKMMowzEDKQIowyjDKMMpAykD
KQIpAikCKQMpAikCKQIpAykDKQMpAykDKQMpAykDKQIowijCKMIxAyjCIMIggRhB
GIEYQRhBGEEYQRhBGIEggSCBIIEggSCBIIEogSCBIMIggiCCIIIggiCCIIIggSCB
IIIggiiCKMIgwSDBIMIowiDCIMIgwiDCKMIowijCKMIowijCKMIowiDCKMIowijC
IMIgwiDCGMIgwiDCIMEYgRiCGIIYghiCGIIYghiCGIIYQhiBGIEYgRCBEEEQQRBB
EEEQARBBEEEQQRBBCAEIAQgBCAEIAQgBCAEIAQgBCAEYQSCCIMIgwiDCIMIgwijC
KMIowyjDKMMowyjDKMMowyjDKMMowyjDKMMowyjDKMMowyjDKQMpAykDKMMowyjD
KMMowyjDKQMpAykDKMIowijCKMIowijCKMIgwijCKMMowijCKMIowijCKMIowijC
KMIowyjDKMIowijCKMIowijCKMIwwjDCKMIowijCKMIowijCKMIowijDKMMowyjD
KMMowijCKMIowijCIIIgwiDCIMIgwhjCIMIgwiDCGMIYghiCGIIYgRiBGIEYgRiB
GIEYgRiBGEEQQRBBEEEQQRABEEEQQRBBCEEIQQhBCEEIAQgBCAEIAQABCAEIAQgB
IEIggiCCIMMgwiDDKMMowyjDKMMowyjDKMMowzDDKMMowyjDKMMowyjDKMMowyjD
KMMowyjDMMMowykDKQMpAzEDMQMxAjEDMQMxAzEDKQMpAykCKQIowijCKMIowijC
KMMowyjDKQMpAyjDKMMowyjDKMMowyjDKMMowjDCKMIwwjDCMQMxAzEDMQMpAykC
KQIowijDKMMowyjDKMMowyjDKMIgwiDCIMIgwiDCIMIowiDCIMIgwiDCIMIgwiDC
IIIYgRiBGIEQgRiBGIEYgRiBGIEQgRCBEEEQQRBBEEEQQRBBEAEQQQhBEEEIQQhB
CAEIAQgBAAEIAQgBCAEIASCCIMIgwiDCKQIowijDKMMowyjDKMMowyjDKMMowyjD
KMMowyjDKMMowyjDKMMowyjDKMMpAzEDMQMxAzEDMQMxAzEDMQMxAzEDMQMxAzED
MQMxAzEDMQMowyjDKMMowykDKQMpAykDKQIowykDMQMxAzEEMQMxAzEDMQMxAjED
MQMxAzEDMQMxAzEDKQIpAijCKMIowijCKMMowyjDKMMowijCKMIowiDCIMIgwiDC
IMIgwhjCIMIggiCCIMMYghiCGIIYghiBGIEYgRCBGIEYgRiBEIEYQRBBEEEQQRBB
EEEQQBBBEEEQQQhBCAEIAQgBCAEIAQABCAEIAQgBCAEggSDCIMIgwiDCIMIgwiDC
IMIgwiDCIMIgwiDDIMMgwijCKMIowyjDKMMowyjDKMIpAykDKQMpAykDKQMxAzED
MQMxAzEDKQMpAykDMQMxAzEDKQMpAykDKMMpAykDKQMxAzEEMQMxAzEDMQMxQzED
MQMxAzEDMQMxAzEDMQMxAzEDMQMxAzEDMQMxAykCKQIpAijCKMIowijCKMIgwijC
KMIgwiDCIMIgwiDCIMIgwiDCGMIgwiDCIIIgwiDCGIIYghiCGIIYghiCGIEQgRiB
GIEYgRiBEEEQQRBBEEEQQRBBEEEQQQhBCEEIAQgBCAEIAQABCAEIAQgBCAEIAQgB
IIIowiDCKMIowijCKMIowijDKMMowyjDKMMpAyjDKMMowyjDKMMowyjCKQMpAykD
KQMpAzEDKQMpAzEDMQMxAykDKQMpAykDKQMpAzEDMQMpAzEDMQMxAzDCMQMxAzED
MQMxAzEDMQMxAykDMQMxAzEDMQMxAzEDMQM5AzEDMQMxAzEDMQMxAikCKQIowijC
KMIowijCKMIowijCIMIowiDCKMIgwiDCIMIgwiDCIMIgwiDCIMIgwiDCIMIgwiCB
GIEYgRiCGIEQgRiBEIEYgRCBEIEQQRBBEEEQQRBBEAEQQRBBEEEQQQhBCAEIAQgB
CAEIAQgBCAEIAQgBCAEIASDCIMIgwiDCIMIowijDKMMowyjDKMMowyjDKMMowyjD
KMMowyjDKMMwwyjDKQMpAzEDMQMxAzEDMQMxAzEDMQMxAzEDMQMxAzEDMQMxAzED
MQMpAzEDMMMxAzEDMQMxAzEDMQMxAzEDMQMxAzEDMQMxAzEDMQMwwzEDMQMxAykD
KQIpAikDKMIowyjDKMMowijCKMIowiDCKMIowijDKMIowijCIMIgwiDCIMIgwhjC
IMIgwiDCIIIgwhiCGIIYghiCGIIYghiCGIEYgRCBEIEQQRBBEEEQQRBBEEEQQRAB
EEEQQRBBEEEQQRBBCAEIAQgBCAEIAQgBCAEIAQgBCAEgwiDCIMIgwiDCIMIowijC
KMMowykDKMMowyjDKMMowykDKQMpAykDKQMowykDKQMpAykDKQMpAykDKQMpAykD
KQMpAykDKQMxAzEDMQMxAzEDMQMxAzEDMMMxAzEEMQMxAykDMQMpAzEDKQMxBDED
KQMxAykDKQMpAykDKQIpAikCKQIpAzEDMQMpAyjCKMIowijCKQIpAijCKMIowijC
IMIgwiDCIMIgwhjCIMIgwiDCIMIgwiCCGIIYghiCGIIYghiBGIEQgRCBEIEQgRCB
EIEQQRBBEEEQQRBBEEEQARBBEEEQQRBBCEEIQQgBCAEIAQgBCAEIAQgBCAEIAQgB
IMIowijDKMMowyjDKMMowyjDKMMowyjDKMMowijCKMMowyjDKMMowyjDKMMowyjD
KMMowykDMQMxAzEDMQMxAykDKQMpAykDKQMpAzEDMQMxAzEDMQMxAykDKQMpAykD
KQMxAykDKQMpAykDKQMpAykDMQMxAzEDMQMxAzEDKQMpAykDKQMpAykCKQIowijC
KMIowijCKMIowijCIIIgwiDCIMIgwhjCIMIgwiDCGIIYghiCGMIYgRiBGIEYghiC
GIIQghCBEIEQgRCBEIEQgRBBEEEQQRBBEEEQQRBBEEEQQRBBEEEQQRBBCEEIQQhB
CAEIAQgBCAEAAQgBCAEIASDCKMIowijCKMIowiDCIMIowijCKMIowijCKMIowijD
KMMowijDKMMowijCKMIowijCKMIowijCMMIowykDKQMpAykCKQIpAijDKQMpAykD
KQMpAykDKQMpAikCKQIpAykDKQMpAykDKQMpAykDKQMxAzEDMQMpAjEDKQMowyjC
KMIowijCKMIowiDCKMIowijCKMIowiDCIMIgwiDCIMIYwiDCIMIgwiDCIMIggiDC
IMIgwiDBIIIgghiCGIIYghiBEIEYgRiBGIEYgRCBEIEQgRCBEEIQQRBBEEEQQRBB
EEEQQQhBCEEIQQhBCEEIAQgBCAEIAQABCAEIAQgBCAEgwijCIMIgwijDIMIgwiDC
IMIgwikCKMIowyjCKMIowijCKMIowijDKMMowyjDKMMowyjDKMMowyjDKMMowykD
KQMpAykDKQMpAykDKQMpAykDKQMpAykDKQMpAykDKQMpAykDKQMowyjCKMMwwijD
KQMxAykDKMMowyjDMMMowijCKMIowijCKMIowijCKMIgwiDCIMIgwiDCIMMgwyDD
IMIgwiDCIMIgwiDCIMIgwSDCIIIYghiCGIIQghiCGIEYgRiBGIEYgRiBGIEYgRiB
GEEQQRBBEEEQQRBBEEEQQRBBCEEIQQhBCEEIAQhBCAEIAQgBCAEAAQgBCAEIAQgB
IMIgwiDCKMIgwiDCIMIgwiDCIMIgwijCKMMowijCKMMowyjDKMMowyjDKMMowyjC
KMIowyjDKMMowykDKQMpAykDKMMowyjDKMMowyjCKMMowijDKMMowzDDKMMowykD
KMMowyjDKMMowyjDKMIowijCKMIowijCKMMowijDKMMowijCKMIowijCKMIowijC
KMEgwiDCKMIowiDCIMEYwiDCIMIYwhiCGMIYghjCGMIYwhjCGIIYgRiCGIIYghhB
GIEYgRiBGIEQgRBBEEEQQRBBEEEQQRBAEEEQQRBBEEEIQQhBCEEIQQhBCEEIAQgB
CAEAAQgBCAEIAQgBCAEIASDDIMMgwiDCIMIgwyDCIMIgwiDCIMIgwiDCIMIgwiEC
KMIgwiCCIMIgwijCKMIowijDKMMowyjDKMMowyjDKMMowyjDKMMowijCKMIowyjD
KMMowyDCKMMowzDDKMMowijCKMMowyjDMMMowyjDIQMpAyjDKMMpAyjDKMMowyjC
KMIowyjCKMIowijCKMIgwiDCIMIgwiDCIMIgwiDCIMIgwiDCIMIgwiDCGMEYgRiC
GIIYghiBGIEYgRiBGIEQQRiBEIEYgRCBEIEQgRCBEIEQQhBBEEEQQRBAEEEQQRBB
EEEQQQhBEEEIQQhBCAEIAQgBCAEIAAgBCAEIAQABCAEgwiDCIMIgwiDCGMIgwSDC
IMIgwiDCIMIgwiDCIMIgwiDCIMIgwiDCIMIgwiDCIMIgwiDDKMMgwyDCIMIgwyjD
KMMgwyDDIMMowyDDKMMowyjDKMMowykDKQMpAyjCKMIowyjDKMMowyjDKMMpAyjD
KMMowijCKMMowyjDIMIgwiDCIMIowijCIMIowiDCIMIgwiDCIMIgwiDCIMIgwiDC
GMIgwiDBIMEYghiCGIIYghiCGIIYgRiBGIEYgRiBGEEYgRiBGIEYgRCBEEEQQRBB
EEEQQRBBEEEQQRABEEEQQRBBCEEIQQhBCEEIAQgBCAEIAQgBAAEIAQgBCAEIAQgB
IMIgwhjCIMIgwiDCIMIgwiDCIIEgwiDCIMIgwiDCIMIgwiDCIMIgwiDCIMMgwyDD
IMMgwyCCIMIgwiEDKMMowyjDIMMgwiECKMIowijCKMIowyjDIMIgwyjDKMMowyjD
KMMowyjDKMMowykDKQMpAzEDKMIowijCKMIowijCKMIowijDKMMowyjDKMIowiDC
IMIgwiDCIMIgwiDCIMIggiCCIIIggiCCIMIYgRiCGIEYghiBGIEYgRiCGIEYgRiB
GIEYgRiBGIEQgRCBEEEQQRBBCEEQQRBBEEEQQRBBEEEQQQhBCEEIQQgBCAEIAQgB
AAEIAQgBCAEIAQgBCAEIASCCIIMgwiDCIMIgwiDCIMIgwiDDIMMgwiDCIMIgwiDC
IMIgwiDCIMIgwiDCIMMgwyDDIMMgwiDDIMMgwyDDIMMgwiDCKMIowijCKMIowyjD
KMMgwyDDIMMowyjDKMMowyjDKMMowyjDKMMowyjDKMMowyjDKMMowyjDKMMowyjD
KMIowijCKMIgwiDCIMEgwiDCIMIgwiDCIMIgwiDCIMIgwiDCIIIYghiCGIIYghiC
GIIYghiCGIIYghiBGIEYgRiBGIEQgRiBEIEQgRBBEEEQQRBBEEEQQRBBEEEQQQhB
EEEIQQhBCEEIAQgBCAEIAQgBCAEAAQgBCAEIAQgBCAE=
END m9
frame    34 :  a closed book -0.16  an opened book -0.47   led   0/255 h0.00 lvl-0.32   -
frame    35 :  a closed book +0.16  an opened book +0.08   led   3/186 h0.13 lvl+0.12   -

snapshot  : frame 36, mean RGB 109 108 108
BEGIN m9 128 128 32768 aa78f499
UopKSTmGOYZKCFJJSgg5xlJIUolSiUpIQgdSiVrKWwpKiVLKY01rjWtNa017z4QQ
hBCMUYxRjFGMUZSSlJKc05TSlNOU050UnRSc1JUTnROdE50TnROdE50UpRSlFJ0U
nRSdFKUUnNSdFJ0UpRSlFKUUnRSlFJ0UnRSdFJ0UnRSdFJ1VnRSdFJ0UnRSdFJTU
lNOU05UUlNOU05TSlROU04zSjJKM0pTSlNKU0oySjJGMkYyRjJGEkYRRhJKEkYSR
fJF8UHxQhFB8EHQPdA98EHQPa85jjmvPa89jjltNY01jjVtNUwxTDFtNWwxbDFLL
SspKy1LLUspKijoIQkhCSVKKSkk5hjGGSghKSUpIOcZKSFKJUklKSEIHUopay1rK
UklSimtMc41rTWuNc898EIQQjFGMUYxRjFGUkpTSnNOc05zTnNOc050UnROVE5zT
nNOc050UnRSlVaVVpRSdFKUUpRSlFKUTnRSlVKVUpVSlFKUUpRSdFJ0UpRSdFJ0U
nRSlFZ0UnRSU1J0VnRSdFJUUlNSdFJTUlNOU05zTlNOMk4ySlNOU05TTlNKMkoyS
jFKMkoySjJGEUYRRhJKEknxRfFB8UIRRfBF0EHPQfBBzz3PPa49rz2vPY45bTVtN
Y45bTVMMUwtbTFtMWwtKikKKSstKykqKSoo6CEJIQkhSikpKOYYxhkoJSklKSTnH
SklSilKJSklCCFKKWspaykqJUoprTGuNa41rTXvOhBCEUYRRhFGMUYxRlJKUkpzT
nNOc05zTnRSdFJ0UnROc05zTnROdFJ0UnVSlVaUUpRSlFKUUpRSlFJ0UpRSlFKVV
pRSdFKUUpRSlFKUUpRSdFJ0UnVSdFJ0UnROlFKUUnRSdE5zTnROVE5TTlNOdFJzU
lNOUk5TTlNOU05TTjJKMkoySjJKMkoyShFGEUYSShJJ8UXwQfBCEUXxQdA9zz3wQ
c9Bzz2OOa89rz2uOW01bTWOOW01TDFMLW01TTFMLSspCikqKSopKikJJMcc6BzoI
UopKSTnGOYZKCEpJSgg5x0oJWopSSkpJQghKilrLWstSiVKKa01zjWuNa017z4QQ
hBCMUIxRjFGMUZSSlJKU05zTnNOc05zTnRSdFJ0TnROdE50UnRSdFKVVpVWdFJ0U
pRSlFKUUpRSlE6VUpVSlVaVUnRSdFZ0UpRSlFKUUpRSlFKVUpRSlFJ0UpRWlFJ0U
nNOc050UnRSU05TSnRSU05SSlJKU05TTlNOU04ySjJKMkoySjJKMkoRRhFGEkYRR
hFF8EHwQhFF8EXQPa890EHPPa45rjmuOa85jjltMW0xjjVtMSwtKy1NMUwxTC0KJ
QolKiUqJSolCSTHHOcc6CFKKSoo5xzmGSkhSSUpJQcdKCFqKUopKSUIISklay1sL
UolSiWtMa41rjWtNc898EIQQjFGMUYxRjFGUkpSSnNOc05zTnNOdE50UnNSc05zT
nROlFJ0UpRSlVa1VpRSlFKUUpRSlVJ0UnRSlFK1VpVWlVZ0UpRSlFKUUpRSlFKUU
pNSlVZ0UnRSdFJ0UpRSdFJ0UnNSdFJ0UlNOU05UUlNOU05TTlNOU05TTjJOMkoxS
hFKMkoySjFKEUoySjJKEkoRRfBB0EHwRfBBz0GvPdBBsEGvPY45rj2uPa45bDVtN
W05bTUsMSstbDVMMUsxKikJKQolKSUpJQkgxxzHHOgdSiVJJQcY5hkpISklKSDnH
SglSilKKSkhCB0pIWspay1KJUolrTXOOc45rjXPOhA+EUIxQjFGMUYxRlJKUkpzT
nNOc05zTnROlFJzUnRSdFJ0UnRSdFKVUpVSlVaUUpRSlFKUUpVSlFKUUpVWtVa1V
pVWlFKUUpRSlFKVVpRSlFKUUpRWlFKUUpRSlFKVUnRSc05TTnRSdFJTTlNOdFJ0U
lNOU05TTlNOU05TTjJKMkoySjJKMkoSShFGMUoRShFKEUXwRfBCEUXxQc89zz3wQ
c89rz2OOa45jzmOOU0xbTGONW01TC0rKU0xTC1LLSolCSUJJQklCSEIIMcY5xzoH
UolSiTnGOYVKCFJJUkk5x0oJWopSiUpIQghKSVrKWstSiVKJa0xzTXONa017zoQP
jFCMUYxSjFGMkYySlNKc05zTnNOc06UTpRSc050UnRSdFJ0UnRSlFK1VrVWtVaVU
pVSlVaVVpVWlVK1VrVWtVa1VpVWlVaVUpRSlVaVUpRSlFK1UpRSlFKUUpRWtVaUV
pRSc1J0UnRSU05TTnRSdFJTTlNOU05TTlNOU04ySjJKMkYySjJKMkoRRhJKEkoSR
hFF8EHwQhBF8EHPPc898EHPQa45jjmvOa85jjVtMW0xjjVtMUwtKylNMUwxSy0KK
QklCSUJJQglCCDGGOcY5x1JJUklBxzmGSghKCVJJQcdKSFqKWopKSUIISklay1sM
UspSiWtNc41zjWtNe8+EEIxRhFGMkYxRjJGUkpSSnNOc05zTnNOlE6UUnROdFKUU
pRSlFKUUpRStVa1VrVWlVaVVpVWtlaVUpVSlVa1VrVWtVaUUrVWtVa1VrVWtVa1V
pRStVaUUpRSdFKVVpVWlVJ0UnRSlFJ0UnNOc05zUnRSU05TTlNOU05TTlJOMk4yS
jJKMkoySjJKEUYRShJKEUoRRfBB8EIQRfBBzz2vPdBBzz2vOY41rjmuOY45TDFsM
Y01bTVLMSopbDFsLUstCikJJQklCSUIIOggxhjGGOcdKSEpJQcc5hkoIUklSSUHI
SghailqKUklCCEpJWstjC1rKUolrTXOOc45zjnvPhBCEEIxRjJGMkYyRlJKc050T
nNOc05zTpRSlFKUUpRSlFKVUpRSlFK0UrVWtVa1VrVWtVa1VrZWtVa1VrVW1lq1V
rVWlFK1VrVWtVa1VrVWtVaUUrVWlVKUUpRSlVKVVpVSlFKUTpRSlFJzTnNOlFJ0U
lNOU05zTnNOc05zTlJKMkoySjJKMUoSRhFGEkoySjJKEUYQRfBB8UXxQdA9rznQP
bA9rjmONa45rjmONU0xTDGNNWwxSy0qKUwxTDFLLQkpCSUJJQklCSToJKYYxhjnH
QghKCEIHOYZKCFJJUklCB0JIUopSilJJSghSSWLLYwtaylKJa01zjnOOa017z4QQ
hBCMUYxRjFGMkpSSlNKc05zTnNOc06UUpRSlFKUUpRSlVaUUpRSlFK1VrVWtVaUU
rVWtVa1VpVWtVa1VrVWtVa1VrVWtVa1VrVWtVa1VrVWtVa1VrVWtVa1VrVWtVa1U
pRSlFK1UpRWdFJzUnRSdFJzTnNOc05zTnNOUkpSRlJGMkYySjJKMkoRRhJGMkYxR
hFF8EHwQfFB8UHQPa850D2wPa85jjWuOa45rjlsMUwxbTVsNSstCylNMUwxKy0JJ
OklCSUJJQkhCCCmGMcY5x0HHQghCCDGGSghSSVJJSgdCCFqKUolSiUpISkhbCmMM
WspSimtNc41zjWtNe8+EEIQQjFGMUZSSlJKUkpzTpRSc050UnNOlFKUUpRSlFKUU
pRSlFKUUrVWtVa1VrVWtVa1VrVWtVa1VrVWtVa2VrZatlq2VrZatla1WrZatVq1W
rVWtVq1VrVWtVa1VtVWtVa0VpVWlVaVVpVWlFaVVpRWlFZ0UnRSU0pSSlJKUkpSS
nJKMkoySjJKEUYRShJGEUYRRfFB0D3xQfFB0D2vOdA9zz2uPY05rjmuOY45TDFMM
W01bDUrLSotbDFMLUstCSUJIQklCSUJIQggxhjHHOcdBx0oISgg5hkoIUklSSUoI
SghailqKUklKCUpJWstjC1rKUolrjXOOc45rTXvPhBCEEYxRjFGMUZSSlJKc06UU
nROdE50TnRSlFKUUnNOlVa1VrVWtVq1WrZatlrWWtZa1lrWWtda1lrWWtZa117WX
rZetl62XrZetl62XrZatlq2WrZatlqWWrZatlq1VrVatVq1WrVatVqVVpVWlVZ1V
pVWlVaUVlNKU0Z0SnRSdFJTTjJKMkoyShFGEkoySjJKEUXxQdA98UHxQdA9rznQP
a89rjmNNa45rjmtOWwxTDFtNW0xSy0rKW0xbDFLLQklCCEIIQghCCEIIMYYxhjnH
QcdCCEIHOYZCB1KJWolKCEoIWopSilKKSkhKSVrLYwtSylKJa0xzjXONa017z4QQ
hBGMUYxSlJKUkpSSnNOc05zTnNOdE50UpRSlFJzTrVWtVq2WrZatlq2WrZatlq2W
tZa1lrWWtZa1lrWWtZe1l7WXtZetl63XrZatlq2WrZatlq2WrZatlqWWrZatla2W
rVatVq1WpVWlVZ0RlNCMkKUVpRWlFZSNjEucjKUQlFFrDYxRjJKMkoRRhJGMkoyS
hFF8UXQQfFB8UHQPY450D3QPa45jTWuOa45jTlsMUwxbTFsMUstKilMLUwtKykJJ
OghCCEIIQghCBymFKYYxh0HHSchKCDnGQgdSSVJKQghCCFLKUspSiUpISkhiymML
WspSiWtMc41zjmtNe86EEIQRjFGMUpSSlJKUkpzTpROdE6UUnROlFKUUpRSc061V
tZatlq2WrZatlq2WrZa1lrWWrdatlrWXtZa1lrWWtZa1lq2XrZetl61WrZatlq2W
rZatlq2WrZatlq2WrVWtVq1WrVatVq1WpVadEoyPjE+dFKUUpRSMTYxNnI6tEIwO
QceMEIyRjJGEUYRRhJGEkYSRfFB8EHxRfFB0D2OOdA9rz2uOY01rjmuOa41bDFML
W0xbTErLSopTDFMMSstCSUJIQghCCEIIOggpRTGGOcdBx0oHSgg5xkIIUklSikpI
SghailqKWolKSEpIYsprC2LKUolrTHONc45rTXvOhBCMUIxRjFGUkpSSlJKc06UU
pRSdFJzTpRSlFJzTnNOtVbWWrZatlq2WrZatlq2WrZatlq2WrZa1lrWWtZa1lrWX
tZe1l7WXtZetl62WrZatlq2WrZatlq2WpZatlq1WrVWtVq1WrVatVqVWpRWMkIyQ
pROlVKVUnNOUkpzTpRSUD0nIg4+MUZRRhFGEkYSRhJGEkXxQdA98UHwQdA9rjnPQ
c89rj2NNa45rjmONUwxSy1tNW0xKy0rKWwxazFLKQkk6CEIIQgg6CDnHKYUphjHH
QcdKB0oHQcZBx1JJUolKCEIIUspaylqJUkhKSGLKawtaylKJa0xzjXOOa417z4QQ
hBGMUYxRjJKMkpSSnNOc05zTnNOc06UUpRSc05SSrVa1lrWWrVWcUZxQnA+cUJwP
pFGUUMWVpJGcUaSSrVW1lrWWtZa1l7WXtZe1l62WrZatlq2WrZatlq2WrZallq1W
rVatVq1WpVWlVaVVnRSlFKUVpRWlFaUVpRSdFZ0VjNSEEHwQjFGMkoRRjFGEUYSR
hFF8UHQQfFB8UHQPa45zz3PPa45jTWOOY45jjVsMUstjTVsMUspKilsMWstSykJI
Ogg6CEIIQgg5yClFMYYxx0HHSghKCEHHQgdSiVKJSkhCCFqKWspSiUpISkhbC2ML
WwtaimtMc417znOOe8+EEIQRjFGMUZSSlJKUkpzTpNOdE50UnROlFKUUnNOUkq1W
tZa1lpSSxZakUJwPnA+TzqxRk8/FlpxRlJK1lrWXtde1l7WXtZe1l7WXrZe1l7WX
rZatlq2WrZatlq2WpZatVq1WrVatVqVWpValVqVWpVWlVZ0VpRWdFaUVnRWdFZUV
nNSEUYRRjJKEUYySjJKEkoRRfFF0EHxRfFF0EGuOc89rz2uPW01jjmOOY05bDFML
W0xbDFLKSopbC1LLUspCSUIIOgg6CDoIOggpRTGGOcZBx0oISghBx0IHUolaiUpI
QghSylrKWspSiUqIYwtjTFsLUolrTHONc85zjXvOhE+MUIxRjFKUkpSSnNKc05zT
nNOdFJ0TpRSlFJzTlJKtVbVWtZalFJSSpNSk1KTUlFKk06SSpJOckqTTtZa1l7WX
tZe1l7XXtZe1l7WXtZetlq2WrZatlq2WrZatlq1WrValVa1WrVatVqVWpValVqVW
pVWdVZ1VnRWdFZ0UnRSMkZTShFCEUIyRhFCEkYyRjJKEUXxQdA98EXwQdBBrjnPP
c89zz1tNY45jjmONUwtLC1tNW0xKykLKUwxKy0rKQkg6CDoIOgg6CDnIKUUphTHG
QcdKCEoIQcdBx1KJWopSSUoHWslaylLKUolKSWMLa0xjC1rJa0xzjXvOc417z4QQ
hBGMUYxRlJKUkpzSnNOc05zTpRSdFKUUpRSc05zTrVW1lrWWrVWc05zTpNOk060V
rRWtFKTTrRSlFK0UtZa1l7WXtZe1l7WXtZa1l7WXtZe1lrWWtZatlq2WrZatlq2W
rVatVq1WrVatVqUWpVWlVZ1VpVWlVaUVnRWdFJ0UYgZRRHrKhBCEUIRRhJGMkYyR
jFGEUHQPfBB8UHQPY41zz3PPa85bTGOOY45jjlMMSstbTFtMUspKilMLUstKykJI
Ogg6CDoIOgg5yClFMUU5hkHHSghKCEHHScdSiVqKUolKSFrKYstaylKKSkljDGtM
YwtSymtNc457znONe8+EEIxQjFGUkZSSlJKc0pzTnNSlFKUUpRSlFKUUnNOUkq1W
rZa1lq1VrRWtVa1VrVW1lrWWrVa1Vq2WrVatlrWWtZe1l7WXtZe1l7WXtZe1l7WX
tZe1l62WrZatlq2WrZatlq2WrVWtVq1WrValVqVVpVWlVaVVpRWlFaUVpRWlFWpH
UYV7CnwPc8+EUYySjJKMkYxRhFB8D3wQfBB0D2uOc89zz3OPW01rjmOOY41TDFLL
W0xbTFLKSopTC1LLSspCCDnHOgg6CDoIOgghRSlGMYZBx0oJSkhCB0IHUolaylKJ
SkhaylsKWspSiVKJawxrTGtMWstzjXvOe857znwQhBCMUYxRlJKUkpSSnNKc06UT
pRSdFJ0TpRSlFJzTnNOtlq2XtZa1lrWWtZa1l7WXtZe1l7WXtZe1l7WXtZe1l7WX
tZe1l7WXtZe1l7WXtZa1lrWWtZa1lq2WrZatlq2WrZallq1WrVatVq1WpValFJ0U
nRSdVJUTlNOdFJ0UnRRzTVrLc01jTWuOhFGMkYyRjJGEUYRQfA98EHwQdA9jjnQP
c89rz1tNY41jjWONUwtKy1sMWwxKykKKUwtKy0qKOkgyCDoIOgg6CDIIKUUphTGG
QgdKSEpISghKCFqKWstaylJJWspjC2LLWopSiWsMa01jDFsLa01zz3wPc858D4RQ
jFCMUZSSlJKUkpSSnNOc050UnRSdFJ0UnROc05zTtZa1lrWWtZe1l7WXtZe1l7WX
tZe1l7WXvZe1l7WXtZe1l7WXtZe1l7WXtZe1l7WWtZa1lrWWtZatlq2WrZatlq2W
rZatVq1WrVatVq1WpM+UTZyNpY10S2PJdEyVFZTUjNSNFHxSUw1bTYQRhFGEUoRR
hFF8UXPPfBB8EHQPa45zz3PPa49bTWOOY45jjlMMSstbDVsMUstKilMLUstKikJI
Ogg6CDoIOgg5xyFFKYUxhkoIUklSSVJISkhaymLLWstSSWLLYwxjC2LLWoprTGuN
a01jDHOOe897z3vOhA+MUIxRlJKUkpSSlJKUkpzTnNOlFKUUpRSlFJzTnNOU062W
tZe1l7WXtZe1l7WXtZe1l7WXtZe1l7WXtZe1l7WXtZetl7WXtZe1l7WXtZe1l7WX
tZe1l7WXrZatlq2WrZatlq2WpZatVq1WrVatVqUQlE6UjKWNbAlbiGyLjVV0UWQQ
bFFkkUtMW0x8EIRRjFKMUYRRhFBzz3wQfBB8EGuOc89zz2uOW01jjWOOY45bDErL
W0xbTErLQopSy0rKSoo6CDnHOgc6CDoIOcgpRSlGMYZCCFJKWopSiVJJWstjDGMM
WspjDGtNa0xjDFrLa41rjXONa01zjnvPhBB7z4QQjFGMUZSRlJKUkpTSlJKc06UU
pRSlFKUUnNOc05zTnNOtlrWXtZe1l7VXrZatlrXXtZe1lq1WtZe1l7WWpRWtlrWW
tZatlq2WrVWc07WWtZa1lrWWtVa1lrWWrZatlq2WrZatlq1WrVatVq1WrVWlE5SR
lM+dj3xNa8t8zpVUbFBbzmRRXNJDTFMMdA+EUYyRjFGEUYQRc898EHwQdBBrjnPP
c89rzltMY01jjWONUwtKylsMWwxKy0KKUstSy0qKOgg5xznIOcg5yDnHKUUpRTGG
SklSilqLWotaimLMawxrDFrLawxrTWtNYw1jDHONc45zjmtNc4+EEIQQhBCEEIxR
jFGUkpSSlJKUkpzSnNOc06UUpRSlFKUUnNOc05zTtVa1l7WXtZeMEFrKnNK1lrWW
lJJzjrWWtZalFEIIhBCtFK0UYspaSUGFYoqtlrWWtZa1lrWWtZa1VrWWtZa1lq2W
rZatVq1WrVatVa1VrRWlFJzTnRGlEpTQjJCU0HRRY89sUW0TS0xKy2vPhFGEUYRR
hFF8EHPPfA98UHQQY45rz3PPa49bTWNOY45jTlMMSstbDFsMSstCilMLSstKijoI
Occ5xznHOcc5xyFFKUUxhlKJWspjC1rLWspjDGtNa0xjC2tMa01zjWuNa0xzjnOP
e89zjnvPhBCEEIQQhBCMUYxRlJKUkpTSnNOc05zTnNOlFJzTpRSc05zTnNOc062W
tZa1l7WXlJNCCZyUnNO1llrMnNS1l7WXhBE5x5ySUoqc05zTa02D0IQQtZa1l7WW
tZa1lrWWtVa1lrWWtZa1lq2WrZatVq1WrVatVq1WpNCUjpyMtQycy5RLlIydE5TT
jJOM02NNY0xzz4QQhFGEUYRRfFB0D3wPfBB8EGuOc89zz3POY0xjTWOOY01TDErK
W0xbDErLQopSy1LLSopCCDHHOcc5xznHOccpRSlFMYZay2LLYwtjDFrLa01rTWtN
Y0xrTXOOc45zjWtNc857z3vPe857z4QQjFGEUYxRlJKUkpSSlJKc05zTnNOlE6UT
pRSlFKUUnNOc05zTnNO1lrWWtZa1VmtMMYVaynvOtZU5hkpItZa1lpSSa01zjpzT
tZa110pJtZalFLWWtZe1l7WXtZa1lrWWtVa1lrWWrZatVq1WpVatVq1WrVatVaUR
nE6UTKSHnMmUTJSMrRCkjzGHSklrTWtNc8+EEIxRhFGEUXwRc890EHwQdA9jjXPP
c89rjltMY01jTWNNWwtKylsMWwxSy0JKSstKy0KKOggxxznHOcc5xznHIUUpRTGG
WstjDGsMa01rTGtNc41zjmtNc45zj3vPe85zjnvPe9CEEHvPhBCMUYxRjFGMUZSS
lJKckpzTnNOc05zTpRSlFKUUpRSlFJzTnNOUkpzTtZa1l7WXe49CCYxROcdSinvP
e89KSa1VjFFjDGtLQgd7z72WvddSipzUtZa1lrWXtZe1l7WXtZe1l7WXtZe1lrWW
rZatVq1WrValFaUUpROtE5yPnIyUi4wLhAyMTKUQg8xBhjmGa01rTXPPfBCEUYRR
hFGEUXPPfBB8EHPPa45zznPOa85bTGNNY01jTVsMSspTDFsMSstCSUrKSspCiTpI
McY5xznHOcc5hykFKUUxhmMMa01rTXOOa01zjnvPe897z3vPe897z3vPe857z4QQ
hFB7z4QQjFGMUYxRjFGUkpSSlJOc05zTnNOc05zTnNOlFKUUpRSc05zTlJKc062W
tZe1l4QRWsuMkmsMrVRjDL2WUklSSZyTrVVjDFKKYwytVbWWnNNSi7VWtZe1l7WX
tZe1l7WXtZe1l7WXtZa1lq2WrVatVq1VpROc05zTpVWlVKUUnNN7z3wPc9Cc1IOP
OYY5RWrLa458D4RQhFGEUYRRfBBzz3wQfBBz0GuNa85rz2vOW0xjTWNNY01TDErK
UwtTC0rKQkpKy0rLQoo6CTHHMcc6BznHOcchRClFMYZrTWtNc457jnOOc457z4QQ
e8+EEHvPhBCEEIQQhBCEEIRRhBCMUYxRjFGUkpSSnNKUkpzSnNOc05zTnNOc05zU
pRSlFKUUnNOc05TSnNO1lrWWtZe1l7WXrVWtlrXXtZe1162WtZa117XXrZatVbWX
tde117WXtZe1l7WXtZe1l7WXtZe1l7WXtZe1l7WWrZatlq1WrVatVaUUnNOc060T
rROUjpRNjE2MD4wPnJCLjUGFQUViynPOfBCEUYRRhFGEUYQRc890EHwQfBBrjWvO
c85rzltMW0xjTWNNUstKilMMUwxKy0JJSopKikpJOggxxzHHOgc5xzHGIUQhRSmG
c45zjnvPe897z3vPe8+EEHvPhBCEEIRQhFCEEIRQjFGMUYxRjFGUkpSSlJKUkpTS
lJKc06UTpRSc05zTnNOlFKUUpRSlFJzTnNOc06UUtZa1l7WXtZe1l7WXrZe1l7WX
tZe1l7WXtZe1l7WXtZe117XXtdi1l7WXtZe1l62XtZa1l7WXtZa1lrWWtZa1lrVW
rVWtFK1VrVWtFaUUpRStVa1VjI2MTZRNlA+UD5PPi41JhUFFYol7z4QQhFGEUYRR
hFF8UXPPc898EHwPa41zzmvPa45bDFtNY01jTVMLSopbDFsMUspCSUqKSopKSToI
MccxxzHHOccxxyEFKUUphnvPe897z4QQhBCEEIQQjFGEEIQQhFCMUYxRjFCMUYxR
jJKMUZSSlJKUkpSSlJKc05zTnNOc05zTnNOc05zTpRSlFKUUpRSc05zTlJKc07WW
tZa1lrWWtZa1lrWWtZa1lrWWjFGtlbWVjFC1lr2XvZe1l72XvZi9l7WXtZdrTqTT
rVSUkYxRnRS1lrWWtZa1lq1UpROlE61WrVatVqVWrVatVZSOlE6cj6UUnNOUUZPO
YkdJhGLIe8+EEIwQhFGEUYRRhFBzz3QPfBBz0GOOa45zz2vOWwtjTGNNY01bC0qK
UwxbDErLQklKikqKQkk6CDHHMccxxzHHMcYhRCFFKYaEEIQQhBCMUYQQhBCEEIxR
jFGMUYxRlJKUkoySlFKUkpSSlJKUkpSSlJKc05zTnNOc05zTpRSlFKUUpRSlFKUU
pRSlFJzTnJKc0pzSpNO1lrWWtZeUklqJUkhSB0nGawq9VFqLe8+c03vPtZa1lpzT
tZe1l7WXtZe1l3vPOcetVZzTSklSSpSStZa1lrWWtZa1VaUUpRStVq1WrVatVq1V
rVWlFaUUpRWlFaUVpNSUEHsMaop7C3vPhBCEEIRRhFGEUXxQc89zz3wPe89jjWuO
a85rzlsMY01jTWNNUstKilsLWwtKy0JJSopKikJJOggxxzHHMccxxzHHIUQpRTGF
hFGEEYxRjFKMUYxRjFGUkoySjJGMUZSSlJKUkpSSlJKc05TTlNOU05zTnNOc05zT
nNOc06UUpRSlFKUUpRSlFKUUpRSc05SSnNKc05zTtZa1lrWXpVaU03OPc49SinON
g8+MELVWvZZzz7WWtZVBx5zSe461lrVVc44ZA6UTtdac00IJUoqUkpzTrVW1lrWW
rVWlFKUUrVStVJ0TnNOlFKVVpVSdE5zSnRGlUZzRlA6DjYOMe01zzoQQhBCEUYRR
hFF8UHPPfA98D3wPY41rjnPPa45bDFtMW01bTVLLSopbC1sLUstCSUqKSopCSToI
MccxxzHHMccxxyEEIUUpRoxRjFGMUZSSlJGMUYxRlJKUkoxRlJKU05TTlNOU05TS
nNOc05ySnNOc06UUnNOdE5zTnNOlFKUUpRSc05zTnNOlFKUUnNOUkpTSnNOlE7WW
tZe1l7WXtZdzT1rLOgi9lpzTYwy1lpSRQgi1VWsMKQNSCEoHvVZaSlJJMUW1lrWW
lJNKSlqKjBA5x61UtZa1lrWWrZWtVq1WpRSMkIyQpRKtU61TnIyUS5yLrQ2Ui5PN
i4yLTINNe898EIRRhFGEUYRRfBBzznQPfA90D2ONa45zzmPOUwxbTFtMW01Sy0KJ
UwtbC1LKQkhKikqKQko5yDGGMccxxzHHMcchBSFFKUaMkoxRjFKUkpSSlJKUkpTT
lNKUkpSSnNOc05zTnNOc050TnNOc05zTnNOc05zTnNOc05zTpRSlFKUUnNOc06UU
pRSlFJzTlJKU0pzTpRO1lrXXtZe117WXUouEEZzUtZe9l7WXlJI5hpzTtZec1FqL
hBGUUrWXlNO1lzGHtZe1l2MMa01iyjFFa061l62XrZatlrWWrZatVq1UlJCUkKUS
rVOtU6SNnEycjK1MnIyTzYuNi0yDTHPOfBCEUYRRhFGEUXwQc89zz3wPfA9jjWuO
c85rjltMWwxbTFtMUwtCiVMLWwtKikJJSopKikJJOccxhjGGMYYxhjGGIQQhBSlG
jJKMUZSRlNKUkpRSlJKc05zTlJKUkpzTnNOc05zTnNOc05zTnNOc05zTpRSc05zT
nNOc06UUpRSlFJzTpRSlFK1VpRSlFJSSlJKc0pzTtZa117WXtZedFDnHtZa1173X
tZZ7zzmGlJK1l73XvZd7z4xRtde917XXvdc5x7WWrVVKSa1Vc45azK2WtZa1lrWW
tZatlq1WrVatVJzSnNKlU61UrVSc0JSPnI+tEJyQlA6LjIOMg0xzjnvPhBCEUIRR
hFF8EHPOc898D3PPY41jjmvPY45bDFsMW01bTVMMQopTC1MLSspCSUqKSopCSTnI
MYcxhzHHMccxhyEEIQQpRZSSjJKMkpSSlJKMkYySlNOU05TSlJKc05zTlNOUk5TT
nNOc05zTnNOc06TTpNOk05zTnNOlFKUUpRSc06UUpRStVaUUnNOUkpSSnNOlFLWW
tZa1l7WWUoqEEbWXvde915zTSkmlFL3Xvde9173XnNOMUrXXvde9173XYwy1lrXX
rZa1l61WrZa1lrWXtZe1l7WWtZa1lq1WrVWtFa0VrRWtVaVVpRWlFaUUpRSlFJSS
i42LTYNNc457z3wQhFCEUYRRfBBzz3PPdBBzz2ONY41rzmOOWwxbDFtMW01TC0KJ
Uwtay0qKQklKikqKQkkyCDGHMYcxhzGHMYchBCEFKUaUkYxRlFGUkpSSjJKMkpTT
lNOU0pSSnNOc05zTnNOU05zTnNOc05zTnNOc05zTpRSc05zTpRSlFKUUnNOlFKUU
rVWlFJzTlJKUkpzSpRS1lrWWtZe1l7WWvde9173Xvde917WWvZe9l73Xvde9173X
vde9173Xvde917WXtZe1l7WXtZe1l7WXtVe1l7WXrZe1l7WWrZatVq1Wi86LzqSS
rRWtFaUVpRSUkZRQpNGkUJNNi02LTHOOe9B8EIQRhBF8EHwQc89zz3PPc89jTmuO
a45rjVsMWwxjTWNMUwtCiVLLUstKikJJQolKiUJJOccphimGMYYxhjGGIQQpBClF
jJKMkYyRlNKUkoySjJKU05TTlNKUkpzTnNOc05zSnNKc050TnNOc05zTpRSc06UU
nNOc06UUpRSlFJzTpRSlFK1VpRSc05SSnNOc06UUtZa1lrWXtZe1l72XvZe9l73X
vde9172XvZe9l72XvZe9l7WXtZe1l7WXvZe9l72XtZe1l7WXtZe1l7WXtZe1VrWW
tZa1lq2WrVatVopHccWayaUUpRSlFKUTjI6MTqyQrFCTjYtMiwxzTXvPhBCEEIQQ
hBB8EHPPc898EHPPa41rjXPOa41bDFsMY01jTFMLQolTC1LLSoo6SUJKSkpCSTHI
KYcphzGHMccxhiEEKQQpRZSSjFGUkpSSlJKMkoySlNOU05TTjJKU05zTnNOckpzS
nNOlE5zTnNOc06TTnNOlFJzTnNOlFKUUpRSlFKUUpRStVaUUnNOUkpSTnNOlFLWX
tZe1l61WpVWtlqVUtZatVa1VpRSlFK1VnROtVZzTrVWUkq1VlNOtlr3Xvde9173X
tZe1l7WXtZe1l7WXtZa1lrWWtZatlq1WrVVyR2oGo82tEpzRnNGs0YxNjE2kjqzO
icWBhIGEc0xzz3wQhBCEEIQQhBBzjnPPfBBzz2NOa45rjmONWwxbDFsMW0xTC0KJ
UspSy0qKOkhCiUqKQkk6BzGGMYYxhjGHMYchBCEEKUWUkoyRjJGUkpSSjJKMkpTT
lNOU0pSSnNOk05zTlNOc05zTnNOc05zTnNOk06TTpRSc05zTpRSlFKUUpRSlFKUU
pRSlFJzTlJKUkpzTpRS1lrWXtZeVFHPPlNOEUaUVlNOtloRRhFGU04ySrZaU06VV
c9CdFYxSpRS9l73XvZe9l7WXtZe1l7WXtZe1V7WXrZe1l7WWtZa1Vq0VlBBzTKSR
rRKc0pzQpNGUj5SRpM+sz4lEgQKBAnNMe898EIRQhFCEEIQPc85zz3wPc89jTWNN
a45rjVsMWwxbTFtMUwtCSVLLUstKijoJQklCSkJJMccphimGMYYxhjGGIQQhBClF
lJKMkoxRlJKUkpSSjJKU0pzTlNKMkpTTnROc05zSnNOc06UUnNOc05zTnNOc06UU
nNOc06UUpRSlFKUUpRSlFKUUpRSc05SRlJKc0qUUtZa1lrWXnVV0EKVWjJKlVYyS
nVSU05UTnNSMk62WnRWtl5TUpVadFKVWvde9172XtZe1l7WXtZe1l7WXtZe1V62W
tZa1lrWWrVatVqVVpRWlFaUVnNKkkosKeoibzLROrA2JQ3kCgQJ7jnvOhBCEUIQQ
hBB8D3POc850D3POY41jTWuOY41bDFsMW0xbDErLQklKy1LLSopCCUJJQkk6SDHH
KYYphimGMYYxhiEEIQQpRZSSlJKMkpSSlJKMkoySlNKc05TSlJKc05zTnNOUkpzT
nNOc05zTnNOc05zTnNOlFKUUnNOlFKUUpRSlFKUUpRSlFKUUnNOUkpSSnNOlFLWW
tZe1l62WpZatlq2WtZa1lrWXtZe1l7WWtZa1lq2WtZa1lq2WtZatlrWWrVWtVaUV
rVWlVa1WpRS1lrWWtZa1lrWWtZa1lrVWrVWEkoRRlNSlFqUVpRWKB3GEkojEDbvM
iYR5AomFe89zz3wQhBCEEIQQe89zznPOdA9rz2NNY01rjmtNWwtbC1sMWwxSykJJ
SspSy0qKOghCSUJJOgkxxylGMYYxhjGGMYYhBCkFKUWUkpSSjFKUkpSSlJKMkpTS
lNOUkpSSnNOc05zTnNOc05zTnNOc05zTnNOlFKUUpRSlFJzTpRSlFKUUpRSdFJ0U
pRSlFJzTjFGUkpSTpRS1l7WXtZec1HwRjNN8EJ0UjJKdE6VVnRSM0nxRjNNzz4yS
jJKc1KUVnNOlFKUVnNOdFJTThFGU04ySrVa1l7WWtZa1lrWWtZatVqVVdBBrz4TT
pVWlVaUUckdpxZtLvE+rzomEgQKBA3tNc497z4QQhBCED3vPc45zznQPc85jTWNN
a45jTVMLUwtTDFsMSstCSVLLUstKikJJQklCSjoJMccpRimGKYYphjFGIQQhBSlF
jJKMkoxRlJKUkpSSjJKU0pTTlNKUkpzTnNOc05ySnNOc06UUnNOc05zTnNOc06UT
pROc06UUpRSlFKUUpRSlFKUUpRSc05RRlJKc06UUtZa1l7WXhJJj0ISTa8+VFHwR
lNSU050UjJJ0UITTdBCMkpTTnRStlp0UrVadFK1WnRSdFJ0UnRWc1K1VtZe1lrWX
tZa1lrWWrValVnRRa9CE0qUUnNOk0pzSg8+UUqzTnJKJhXkEeQNyiXOOe898EHwQ
fBB70GuOa45zz3PPa01rTWuOa41ay1MLWwxbDFLLQklSi1LLSopCCEJJQkk6CDHH
KUYphimGKYYphhkEIQQpRZSSjJKMkZSSnJKUkoyRlJKc05TSlJKc05zTnNOUkpzT
nNOlFJzTnNOc05zTnNOlFKUUnNOlFKUUpRSlFKUUpRSlFKUUnNOUUZSRnNKlFLWW
tZe1l50UlNOdVZTUpVWtVrXXrZelVa2WpVatl62WrZe117WXtZe1l72YtZe1l7WX
tZe1l7WXtZe1l7WXtZetl7WXtZa1lq1WpVaMk4yTlNOcjJSMpM2lFKUUnNOUkpSQ
gYZ5RYnHckdzjnPPfA98EHwQe89zjmuOc89zzmNNY01rjmNNUstTC1sLWwxSy0JJ
SopSy0qKOghCSUJJOggxxylGKYYphjGGMYYhBCEEIQWUkpSSjFGUkpTTlJKMkpSS
lNOU05SSnJKc05zTlJKc05zTpRSc05zTnNOk05zTpRSlFJzTpRSlFKUUpRSc05zT
pRSlFJ0TlJGUkZzSrVS1lrWWtZe1l7WXvZe9lr3Xvde9173Xvde9173Xvde9173X
vde9173Xvdi9172XvZe9l72XvZe1l7WXtZa1lrWWrZa1lrWWtVatVq1WrVWtVa1V
pMucSqSLpRKlE3yPW4dbiFoEgkabS2pKc457z4QQfBB8EHwPc45zjnPOc45jTWNN
a45jTlMLUwtbC1sMUstCSUqKUspKikIIQglKSToIMccpRSmGKYYphimGGQQhBClF
lJKUkoxRlJKckpSSjJGUkpzTlNKUkpSSnNOc05SSnNOc06UUnNOc05zTnNOc06UU
nNOc06UUpRSlFKUUnNOc06UUpRSk1JRSlJKckq0UtZa1lrWWtZe9173Xvde9173X
vde9173Xvde92L3Xvde9173Xvde92L3Xvde9l72XvZe1l7WXtZe1l7WXtZe1lrWW
tZa1lrVVlNCMjpTPrZKtUqTPlE6UTqURpVF0TVNHS0dKhYKItA5SynOOe898EHwQ
fBB8D3OOc45zznOOY01jTWuOa41bC1LLUwxbDFLLQklKilKKSoo6CEIIQkk6CDnH
KUYpRSmFKYYphhkEIQQpRZSSlJKMUZSSnNOUkoySlJKc05SSlJKUkpzTnNOc05zT
nNOlFJzTnNOc05zTnNOc05zTnNOlFKUUpRSlFJzTnNOlFKUUpNOUkpSRnJKlFLWW
tZa1lrWWvde9173Xvde9173Xvde9173Xvde9173Xvde9173Xvde9173Xvde9172X
tZe1l7WXtZe1l7WWtZatlrWWtZatVnRLY8l8i61VrVWlFJzTpRSc03RQW4pTSFuI
UsaCyLRRYsxrjnPPfBB8EHwQc89zjnOOc85rzmNNY01rTmNOWsxSy1sMUwxSy0JJ
SspKikqJOghCSUJJOggxhylGKUYpRilGKUYYxCEDKUWMUoyRjFGUkpSSlJKMkZSS
nNOU0pSSnNOc05zTlJKc05zTpRSc05zTnNOc05zTpRSlFJzTpRSlFKUUpRSc05zT
pRSlFJ0TlJGUkZSSpRS1lrWXtZe1l73Xvde9173Xvde9173Xvde9173Xvde92L3X
vde9173Xvde9172XtZe9l7WXtZe1l7WXtZe1lrWWtZa1lrWWtZZ8jGPJdEulVK1U
rVWlFaUVjNNbj1uOdJCEkFrJgomrzlKJc01zznvPfA98D3PPa45rjnPPc49jTWNN
a45jTVrLUstSy1sMUstCSUqKSspKijoIQklCSToIMcchRSlGKUYxRilGGMQhBClF
lJKMkoxRlJKU0pSSjFGUkpzTlNKUkpTTnNOc05ySnNOc06UUnNOc05zTnNOlFKUU
nNOc05zTpRSlFKUUnNOc05zTpRSc05SSlJKUkqUUtZa1lrWXtZe1l7WXvZe9l72X
vZe1l72Xvde9173Xvde9173Xvde91r3Xvde9l72XtZe1l7WXtZe1l7WXtZa1lrWW
tZa1lq1WjJCETIRKlMydDa1VpVWlFZTUa49jjoSTlNNiyFqHg8x7z2uOc857z3vP
e89zz2uNa45zjmvOY01jTGtNa01ay1LKWwtTC1LKQkhKilLLSoo6CEIJQgk6CDGH
KUUpRSlFKUUpRRjDIQQpRZSSlJKMUZSSlJOUkoxRjJKU05TSlJKc05zTnNOUkpzT
nNOlFJzTnNOc05zTpRSlFKUUnNOlFKUUpRSlFJzTnNOc06UUnNOMkZSRlJKlFLWW
tZe1l61VrVStVK1VrVS1lZzSnNKtVLWWvZa1lb3Xvde9173Xvde9172XvZe9l7WX
tZe1l7WWtZa1lq2WtZa1lrWWtVatVa1VrVWkjJyMpM2lVaUUpRSU03wQc8+MUJyQ
YshayIyOlJFrjnOOe897z3vPe89zjmuOc89zzmNMY0xrjWNNWwtSy1LLUwxKyjpJ
SopSykpJOghCCEIIOggxhylFKUUxRSlFKUUYwyEEIQWUkpSSjFGUkpySlJKMUZSS
nNOc05SSlJKc05zTlNOc05zTpRSc05zTnNOk06UUpRSlFJzTnNOlFKUUpRSc05zT
nNOlFKTTlFGUUZySrRS1lrWXtZd70HNOaw2MUJzSlFFzjXONe46UUaTUnJO9173X
vde9173Xvde9172XvZe1l7WXtZe1l7WWtZatlrWWtZa1lrVWrVatVq0VnI2cjbTN
vM5zB2KInEu1DZxLlAqcCHMEasaUj5SSc45zjnvPe897z3vPc45rjmvPa85bTFtM
Y41jTFLLSstSy1LLSspCSEqKSopCSToIOgg6SDoIMYchRSlFKUUpRSlFGMQgxCEF
jJKMkoxRjJKU05SSjFGMkpTTlJOMkpSSnNOc05ySnJKc05zTnNOc05zTnNOc06UT
nNOc06UUpRSlFKUUnNOc05zTnNOc05RRlFGckq0VtZa1lrWWpRWlFaUVrVa1l61W
tZe1l61WrVa1l7WXtZe1l7WXtZe1l72XvZe9l7WXtZe1l7WXtZe1l7VWtZa1lrWW
rZWtVa1VrVWlE6TTnNKlEqUQYkdhxpvLtQ6cTJQKnAqDSXLKlJKUknOOa45zj3vP
c89zz2uOa45rzmuOW01bTGtNY0xTC1LKUstSy0qKOkhCiUqJQkk6CDoIQkk6CDGH
KUUpRSlFKUUpRRjDGMMhBIySjJKMUYxRlJKUkoxRjJKU05TTlJKUkpzTnNOUkpzT
nNOlFJzTnNOc05zTnNSc05zTnNOlFKUUpRSlFJzTnNOc05zTnNOUUZRRlJKtFLWW
tZa1lq1VrVWlE7VVnNOtVKUTnNO1lq0UrRSEELVUjFCMEKUTtZa1l7WXtZe1l7WX
tZe1l7WXtVe1lq2WtZa1lq1TpM+sy7UMpMqci6TMtQ+tDmoGacWbirTOpE2UC5QL
g4pzC5TTlNJzjmuNc85zz3PPc85rjmuOc85rjmNNYwxjTWNNUstKy1LLUstKijoI
QklKikJJMcg6CEIIOcgxhylFKUUpRSlFKUUgwyDDIQSUkoySjFKMUpSSlJKMUZSS
nNOU05SSlJKc05zTlJKc05SSnNOc05zTnNOc05zTnNOc05zTpROlFKUUpRSc05zT
nNOlE5zTlFGUUZSSrRW1lrWWtZeMUYxRe4+ckmsMi9CMEIQQtZackoxRYwylFHOO
e8+c061VrVW1lrWXtZe1l7WXtZa1lrWWrZa1lrWVtZatUpyNrIi9CqyIpIikiKyK
rI2LjYONnJClEpzRlJGUkXuNa0yU05TTc49rjnOOe89zz3OPa45jjWvOa45jTVsM
Y01jDFLLUstSy1LLSos6CEJJQopCSjnIOgg6CTnIMYcpBSlFKUUpRSlFGMMYwyEE
lJKMkoxSjJKUkpSSjJGMkpTTlNOUkpSSnNOc05zTnNOc05zTnNOc05zTnNOlFJzU
nNSc06UUpRSlFKUUnNOc05SSpNSc05RRjFGUkq1VtZa1lrWWpRWlFZ0UrValFK1V
rVatlrWWrZatlq1VrVWtlrWXtZec1KUUtde1l7WXtZe1l7WXtVe1l62XtZa1lrWW
rRKcjayItMmsh6yHpIekh5yLpRSlFKUUnM6UTZyOrJBzCmtMhA+Dz3ONc41zjnPP
c89zzmuNa41zjmuOYwxbDGNNW01Sy0rKUstSy0qKOghCSUqKQkk5yDnIQgk5yDGH
KQUpRSlFKUUpRSDEGMQhBZSSjJKMUYxRlJKUkpRRlJKc05zTlJKUkpzTnNOc05zT
lJKc05zTlJKc05zTpRSlFKUUnNOlFKUUpRSlFJzTnNOUkqUTnNOUkYxRlJKtVbWW
tZa1lpSShBCMEJyRg85zTa0TtZVrTHvOlFBzTYwRlFK9l7WXtZe1l7WXtZe1l7WX
tZe1l7VWtZa1lrWWtZa1lq1UpNCkj60PpImkiKRIpEicipRPlE+k0ZyMlAuMCpzT
hFGMkoySjJJrjmtNa45zz3PPa89rjmtNa45rjltMWwxjTWMNUstKilLKUstKijoI
QklKikJJOgg6CEIJOcgphyFFIUUpRSlFKUUZAxkDIQSUkoySjFGMUZSSlJKMUYyR
lNKU0pSSlJKc05zTnJKc05SSnNOc05zTnNOc06UUnNOlFJzTnNOlFKUUpRSk05zS
lNKlE5zTlJGUUZSSrVW1l7WXtZeMUoQRg9Gk1YwQjFGlFLWXlJKlFa1WpRSlFKUU
tZa1l7WXtZe1l7WXtZe1l7WXtZa1lq2WtZa1la1VrVWtVq1WrValFaUUpNOczpyN
nI1JgjkAk8WURpRGlEilDYxOhBCMUZSSe89rTWuNc45zznOOa01jTWuOY05bDVrM
Y01jDFLKUopSi1LLSoo6CEJJSkpCSTnHOcg6CDHHKYYhRSFFKUUpRilFGMMYwyEE
lJKUkoxRjFGUkpSSjFGMUZSSlJKUkpSSnNOc05SSlJKUkpzTnNOUkpzTnNOlFJzT
pRSc05zTpRSlFKUUpRSc05zTpNOc05RSjFGUkq1VtZa1l7WXtZe1l7WXtZe1l7WW
tZa1lrWWtZa1lrWWtZe1l7WXtZe1l7WXtZe1lrWWtZa1lrWWrZa1lrWWtRGkkKSQ
rVStVa1VpVWtVa1VrRWlFZzUUcRJQoNIlEyUTJRMpM6US3vNe86UkXvPa01rTWuO
c45rjmNNY01rjmNNWwxTDGNNWwxKy0qKUotSy0qKOghCSUJJQkk5xznHOggxxzGG
IUUpRSlFKUUpRRjEGMQhBJSSjJKMUYxRlJKUkoxRjFGUkpzTlJKUkpzTnNOc05TS
lJKc05zTlJKc05zTpRSc05zTnNOc06UUpRSlFKUUnNOUkpzTnNOUkYwQlJKtVbWW
tZa1lpzTlJKUUK1ThA+ED61UnNKU0qTTjBC1lrWXtZe1l7WXtZe1l7WXtZe1l7VX
tZatVa0UrRG9UbUPnI+cj60SrVSlEq1TtVGlEZzQpNGs0WIHWcWCypSPnNOc05zT
jEyDyoQLjJF8D2NNa41zjnOOa45jTWNNa45jjVtMWwtjTFsMSotKi0qLSotKijoI
QklCSkIJOcc5xznIMccphiFFIUUhRSlFKUUYxBjDIQSUkpSSjFKMUZSSlJKMUYxR
lJKUkpSSjFGc05zTnNOc05SSnNOc05SSnNOc06UUnNOc05SSnNOc06UUnROc05zS
lJKc05zTlFKMEJyRrVW1lrWWtZaUkoxRlFOtVoxSnJOtVa1VrVWtVbVWtZe1l7WX
tZe1l7WXtZe1lrWWtZa1lq2WtVKc0JyPxUu9CpyPrIm1CqyJnI61C71MnIyUi6TN
lNNrTmtOa458EJSSawuUDpQMg4yEDYySfBFrTWtNa41rjmuNY01jDGuOa01jDFrL
W0xbC0qKSopKi0qLSko6CEJISklCSTHIMcg6CDHHKYYhBSEFIQUhBSEFGMMYwxkE
jJKMkoxRjFGUkpSSjFGMUZSSlJKUkoxRlJKc05zTnNOUkpzTnNOc05zTnNOc05zT
nNOUkpzTnNOlFKUUpRSc05SSnNOc05SRjFCUka1UtZa11rWWtZa1l7WWtZe1l7WW
tZa1lrWWtZa1l7WXtZe1l7WXtZa1lrWWtZa1lq2WtZa1lrVTrI6cTbTQrRGs0azR
tRGcTpSOtMy9TZyLlEqci2vQW49bj1uPW4+DjUnGScaLzYQPjFCMkXwPY01jTWuO
a45rjmNNY01jjmNNWwxay2MMWwxSikqKSspKikJJOgdCSEpJQgg5xzHHOccxxymG
IQQhBCEFIUUpBRjDGMMZBJRSjFKMUYxRlJKUkoyRjFGUkpySlJKUUZSSnNOc05TT
lJKc05zTlJKUkpzTnNOc05zTlJKc05zTpRSlFKUUnNOUkpzTnNOUkYxQlJKtVbWW
tZe1l7WXtZe1l7WXtZe1l7WXtZe1l7WXtZe1l7WWtZa1lrWWtZa1lq2WtZa1lbVU
tVOtUqyLkoWCA6LIrVWtVa0VpI2cTKzMtQ2cjYxMhAtjz1uPW49bj1uPcklZhlmG
jFFzjnvPe89zjmNNY01jjWuOa45jTWNNa45jTVsMUwtbTFsMSspCikrKSopCSToI
QkhCSUIJOccxxzoIMccphiEFIQUhBSEFIQUYwxjDIQSMkYxRjFGMUZSSlJKUUYxR
lJKUkpSSlFGUkpzTlNOU0pSSlNOc05SSlJKUkpzTnNOc05SSnNOlFKUUpRSlFJzT
lJKc05zTlJKMEJSRrVW1lrWWtZa11rWWtZa1lrWWtZa1lrWWtZa1lrWWtZa1l7WW
tZa1lq2WtZa1lrWWtRCkjqSOxRDFEJqIigaiya1VrVWtVaTRpNCkiaSJpImUknPP
Y49bj1uPU49Tj3LLWghaCYyQhA+MkYyRhBBrTWNNa01rTmNOY01bTWNOY01bC1LL
WwxTDEqKQkpKikqKSkk5x0IISklCCTnHOcc5xzmHKUYhBSEFIQUhBSEFGMMYwyEE
jFKMUoxRjFGUkpSSlJGMUZSSlJKUkpRRlJKc05zTlJKUkpSSnNOUkpSSlJKc05zT
nNOUkpzTpRSlFKUUnNOc05SSnJOck5RSjBCUUq0VtZa1l7WWtZe1lrWWtZe1l7WX
tZa1lrWWtZa1l7WWtZa1lrWWtZatlrWWtZa1lrUSpJCckL0UvRWkUqRSrJKs0KTP
rRC1UbVRpIqkSaRJjFBjj1uPU49Tj1OPU49rzpRJjAiUCIvEg8aDyYQNa0xrTWNN
a41rTWNMYwxjTWNNWwxSy1sMUwxKikKJSopKikKKOghCCEJJOggxhzHHOccxhylG
IQUhBSEEIQUhBRiDGMMhBIxSjFKMUYQRjJKUkoxRjFGUkpTTlJKUkpSSnNOc05SS
lJKc05zTlJKUkpSSnNOc05zTlJKc05zTpRSlFJzTlJKMUZSSnJKUkYQQlJGtVbWW
tZa9lrWWtZa1lrWWtZa1lrWWtZa1lrWWtZa1VrWWtZa1lrWWtZa1lrWWtZa1Va0U
rRW1Va1VrVWtVK1UnMycjKTNtU+1T6SLnEqUSWvOY49jj1uPU1BTT1NOc46USYwI
lAeLxIvGe4uEEGMMYwxjDGtNa01jDGMMY01jTVsMUstbDFLMSopKiUqKSopCSTnH
QghCCDoIMccxxzHIMYcpRiDEIQQhBCEEIQQYgxjDIQSMUYxSjFGMEZRSlJKMUYxR
jFGUkpSSjJKUkpzSlNOUkpSSlNOc05SSlJKUkpzTnNOc05SSnNOc05zTpRSc05SS
jFGUkpySlFGEEJSRrVS1lrWWtZa1lrWWtZa1lrWWtZa1lrWWtZa1lrWWtZa1VbUS
pJCs0bVUtVa1VrVWtVatVq1WrVWszKSMrMzFTaSLnIqky61VrVWlFKUTe89jjWvO
Y41Tj1NPU49TTmuOjEuECowKhAmMTnwOjFBjTGMMYwxjTGNNY0xjDGNNYw1Sy1LK
WwtSy0qKQkpCikKJQkkxxzoIOgg6BzHGMcYxxymGIUUhBCEEIQUhBBjDEIIYwxjD
jFGMUYxRhBCMUZSSjFGMUZSSlNOMkoySlJKUk5TSlJKUkpSSnNOc05SSlJKc05zT
nNOUkpzTnNOk06TTpNOckoxRlJKckpRRhBCMUa0VtZa1lrWWtZa1lrWWtZe1lrWW
tZatlrWWtZa1lrWWtZa1EKSOpI61VLWVrVStVa1VrZatVq1VrIykS6yMtVGk0JyR
pNKtU6UTpROc0lrIlJFzz1uOU49Lj0uPU09rj5STlJKUknvPc85zjnONYwxiy2MM
awxjTFsLWwtjTVsMSspKilLLUopKikKJQklCSUIIOgg5yDoIOgg6CDHHMYcphymG
IUUhRSFFIUQQwxjDGMQYw4xSjFKMUYRQjFGUkpSSjFGUkpSSlJKUkpSSnNOc05SS
lJKUkpzTnNOUkpSSnNOc05zTnNOc05zTnNOc05zTlJKMUZSSlJKUUYQPjFGtVL2V
rVWlFLWWpRStVbWWtZa1lrWVlJK1VZSShBC1lrWWtQ6kjaSNvVS1U60TrNO1FK1W
rVatVayNpEykjK1VrVWtVa1VrVWkzpxMcwiUUZzTjFFj0FNPU09TT1NOc4+c0pSP
jFF7zoxShJKEUmNNWwxbDFsMY01bDFsNY01bDFMLWwxbDFLLSspKikJJSolKSUJI
OcdCCEIIOccxhjGHMYcxhiEFIQUpBSEFGIMYxCDEGMOMUYxRjFGEEYxSlJKUUYxR
lJKUkpRSjFGUkpzTnNOUkpSSlJKUkpSSlJKUkpTSnNKc0pzSlJKc06UUnNOc05SS
jFGUkpySlJGED4xQrVS1VVqLYsqtlXvPfA+lE6UTnNKlE2NOlNSlVoQQtZa1lrUS
rJGkkL1TvVOtEqTSrROtVa1VrVWk0JyPnJCtVa1VrVWtVa0UpIqcSZQIpRSc04RS
Y9BTj1OPS09TT3OPnM+UTYPLc4mMkYyShFFrjlsMWstbDGNNY01jTGMMWstSy1LL
UstSy0qKSklCSEpJQklCCTHHOgg6CDIIKYYphjGGMYYhBCEEIQQhBBCCGMMYwxjD
jFGUUYxRhFCMUYySjJKEUYxSlJKMUYxRjJKU0pSSlJKUkpSSnNOUkpSSlJKc05zT
nNOUkpSSlJKc05zTnNOMUYwQjFGUUYwQe4+MEK0UtVV7jnNNrRR0EISTlRaEk4ST
hJN0EXQRjNN0EJzUrZa1lq1WrVatVq1VpNOk060TrVatVq1WrRatVa1VrVWtVa1V
rVWlFJQJjAmci6UUnRSMUmPRU49Tj0tPS05rTpTOjEx7ynOJlI2MT4QQa01izFLL
WwtbTFsMWwxbDFLLUstSy1LLSspKikJJQghCSUJJOggxxzoIOggxyCmHKYcphymG
IQQhBClEIQQYgxjEGMQYw4xRjFGMUYQQjFGUkpRRhBCMUZSSjFGMUZRRlJKUkoyS
jFGMUZSSlJKUkpSSlJKUkpSSlJKUkpSSlJKUkpSSjFGUkpSSjFGMEIwRjFGlFLVV
c01zTa0VnJOEEK1VtZa1lqUVpVatV5zUtValFa1WrVatVq1WrVatVqUVpRWtFa1W
rVWtVaVVpVSlVK1VrVWtFa0VpRWDz3NNnJKlFJzUjFJj0UuPU09LT0tPa46Uz4xN
e8t7hJRFg8Vzy2tKWsxay1rLYwxbDFsMWwxSy0rLUstSy1KLSopCSToIQkhCSDoI
Mcc6CDoIMccphimGMYYphSEEIQQhRCEEEMMYxBjEGMOMUYxRjFGMUYxRjFGMUYxR
lJGUkpSSjJKUkpSSlJKUkpSSlFGUkpTSlJKUkpSSnNOc05zTlJKUkpzTlJKUkoxR
lJKUkoQQhBCMUZSRrVS1Vq1WrVatVrVWrVatVrVWtVa1lrWWtZa1lbWWtVatVq1W
rVatVa1WrVatFZzUrVWtVaVVrVWlFKTTnNOk1KUVpRWlFaUVe4+D0KUUpRSlFYxS
W05TTVNOS05LTnMKg82MDYxOe82MTnuKc4prSFrLUspSy1sMWwxbDFsMUstSy1LL
UstSi0qKSkk6CUJJQgk6CDHHOgg6CDHIKYYphjGGKYUhBCEEIQUhBBjDGMMZAxjD
jFGMUYxRjFGMUYxRjFCMkpSSlJKUkYySjFKMkpSSlJKUkpSRlJKUkpSSlJKUkpzT
nNOc05SSlJKc05SSjFGMUZSSlJKMUIQQhFCMkaUUrVWlFZSSrVWlFKUUrVWtVq1W
rVaMEa1VpRSEEJzTtVWlFKUUjFKlFa1Va057z61VrVWtVa1VrRSc05zSpRSlVaUV
pRWlFWMNjFKlFKUUpNSMUVLLKYZTDVKLIUVhRFlDegeUkYQPa4xjCWMIWwhay1rK
UstbDFsMWwxTDFLLUstSy1LKSopKikJJOghCSUJJOggxxzoIOgg5xymGKYYphilG
IMQhBCEEIQQYwxjEGQQYxIxRjFGMUYxRjFGMUYxRjFGMkoySjJKMkYySjJKUkpSS
lJKUkpSSnNOUkpSSlJKUkpzTlJKUkpSSnNOUkoxRjFGUkpSSjBCED4xQlFGtFK0U
UklizKVVhFBjTZTTjJKMkoySY010EIySa46EUZ0Ue9CtVqUWc9CMk5TUhBGtVa1V
rVWtVa0UnNOc06UUrVWlFaUVpRVKSpSSnRSlFJ0Ue89KShDDSksxhyDBWcZRhWpI
lJKEEIQQfA98D2uOWstSy1LLWwxbDFsMUwxSy1LLUstSy0rKSopCSToIQklCSToI
Mcc6BzoIOccphimGKYYpRhkEIQQhBSDEGIMYwxkDGMOEUYRRjFGMUYxRjFGMUYxR
lJGMkoySjFGMUYxRjJKUkpSSjFGUkpzTlJKUkpSSnNOc05SSlJKUkpzTnNOUkoxR
lJKUkowQhBCMEJSRrRStVHuNawu1VHwQhBKVFYyUjJSdFYQRpVWlVXwQpVaU1HwR
pRVzj5TUpVV70J0VrVWtVa1VrVWtFKTTnNOlFKUUpRWlFaUVOciUk6UUnRSdFIRR
WswQxFLNQkkggFlEWURyB4yRhFGEEYSShFFzz1LLUspSylsMWwtbC1sLUspSylLK
UstKikqKQkk6CEJJQgk6CDHHOcg5xznHKYYphimGKUYYxCDEIQUgxBCDGMQYxBCD
hFGEEYQRhFGMUoRRhBGMUYyRjJGMkYxRjJGMUYxRjJKUkoyRlJGU0pSSjFKUkpzT
nNOUkpSSlJKc05zTjFGEEJSRlJGEEIQPjBCUUa0TrVRrDXuPrVWtVaTUrVatVq1W
rVaUUq1WnRSlFK1WrVac1K0VpRWtVq1WpNStVq1VrVWtVa1VrRWlFaUVpRWlFaUV
pRSlFDGGnNOlFKUUnNSEEmMNGMNjDlLLGINjDHOOe4+UkoxSfBCEUYRSc89Sy0qK
UopSy1rLWwxSy1LLUotSy1LLSotKSkJJOghCSUIJOggxhznIOcg5xylGKYYpRilG
GMQYxCEFGQQQwxjDGMMQg4wRhBGEEIQQjFGMUIQQjFGMUYyRjFGMUYxRjFGMUYyS
jJKMUZRRlJKUkpSSlJKc05SSlJKMUZSSnNOc04xRhBCUUZRRhA+Dz4wQlFGlFa1V
rVWtVa1VrVWtVa1VrVWtVa1VrVWtVa1VrVWtVaUUpRStVa1VrVWtVa1VrVWtVa1V
rVWlEZyPnJClFKUVnNNKSnuNnJAphpzUpNSc1JzUhBFjDRjEc5BjDRCCa06EUoyS
jJKEUnPQhFKEUnPQUotKikqKUstbDFsLUstKikqKSspKykqKSklCSToIQklCCDnI
MYc5xznHMccpRilGKUYhRRjEIMQhBBkEEIMYwxjEEMOEUYRRhBGEUIRRhFGEUIxR
jJGMUYxRjFGMUYxRjFGMkZSSjFGMUZSSlJKUkpSSlJKUkpSSlJKUkpzTlJKMUYQQ
jFGMUYQQe8+EEIxRpRStFKUUlJKtVZSTpRWdFHvPc46U02uOY46EkmuPUwyMklsM
Y0ylVK1VpRSlFKUUpRStVK1UpImcSaRJpRSlFHOOEMIpA4wOMYWc1JzUnNSc04QR
Yw0QxYRTc5AQwmtOhFKMk4yThFJz0IRShFJ0EErLSopKilLLUsxSy1LLSotKi0qL
SotKikpKQgk6CDoIOggyCCmGMccxxzGGKUYpRilGKUYZBBjEIQUgxBCDGMMYxBDD
hBGEEYQQhBGEUYQQhBCMUYxRjFGMUoxRjFGMUYxRlFGUUYxRjFGUkoxRlJKMUZSS
lJKUkpSSlJKUkpSSjFGEEIxRjFGED3vPhBCUkaUUpNNSCXMNrVWEEHQQhJNKzEsN
bBFLDVNOdJNbj0LNfJNCzFMMnRWU1GvPlNNrz5zUrVWlFaSMnEuUS6USpRRzjSCC
KMKcUFpJnNSc1JzUlNSEEWtOGMSMU4PRGMNjTYRSjJOMk4xSYw1jTWtNYw1SikqK
SkpSy1LLUstSy0qKSopKikqKQopCSkIJOglCCToIOccphjHHMccxhilGKUYpRilG
GMQYxCEEGMQQgxjDGMMYgoQQhBCEEIQQjFCEUYQQhFGMUYxRjFGMUZRRjFGMUYxR
jFGEUYxRlJKUkoxRjFGUkpSSlJKUkoxRlJKUkoxRhBCMUYxRhBB7z4QQjFGlFK0U
e41jC61UfFCVVnyTQstLDZWVS0xbTYUUY89TTnSTQw1TDJ1WlNRjDYRSfBCc1KUU
pRSc0JROlE+dE6UUnNMgw0GDlA2MDZzUnNSc1JTUhBFrDRjEjJOMUhjEWw2EEYxS
jJKMUnOPhFGEUXwQUstKikqKUspSy1LLUstKikqLSopKikpKQklCCToIOgk6CDnH
KYYxxzGHKYYpRilGKUYpRRjEGMQZBBjEEIMQgxjDGIOEEIQQhBCEEIxRhFF8EIQR
jFGMUYxRjFGMUYxRjFGUUYxRhFGMUZSSlJKMUYxRlJKUkpSSlJKMUZSSlJKMUYQQ
jFGUkYQQe898EIxRpRStVGMMc46UkmOOa9CElGOPbBGNFmvRc9GVVozUfFKVFXyS
hFGdVqVWlNSdFZTUnRWlFaUVnNSck6TUpRSlFKUUKUVSA5QLnAyc05zUnNSUk3PP
UosYw2uPc44ZBEJJhBGMkoxSjFJzj4QShFJ8EVLMSklKSVKKUopSy1KLSotKikqK
SopKikJJQgk5yDoIOcgxxymGMccxxymGKUYpRilGKQUYwxjEGQQYxBCCGMMYwxjC
hBCEEIQQg9CEUIQQfBCEEIRRjFGMUYxRjFGMUYxRjJKMUYxRjFGUkpSSlJKMUZSS
lJKUkpSSjFGUkoxRjFGEEIxRjFGEEHvOhA+UUKUUrRWtVq1WrRatVq1WrVatVq1V
rVWtVa0VrVWtFaUVpRWlFaUVpRWlFaUVpRWlFaUVpRSlFKUUpRSlFKUUnNKUiJRF
lEWURZyInNOc05zUlNOEEWtOGQaM1IyUIUZSjHwRjFKMUoRRc4+EEYRRhBFSykpJ
QkhKilKKUopSikpKSopKikqKSolCSUJJOgg6CDoIMccphjHHMccxhylGKUYpRilG
GQMYwyEEGMMQghCDGMMYgoRQfBB8EIQQhFGEUIQQhBCMUYxRjFGEUYxRhFGEUYxS
jFGMUYxRlJKUkoxRjFGUkpSSlJKUkoxRlJKUkoxRhBCMUYxRhBB7znvPjFGlFKUU
nNOc05SSlJKU06UUlNOU05SSlJKMUYQQlJOc0qUUpRWlFIxRhBCc04RRhFF0EHOP
g9GEEaUVpRWlFJyLnEWcRZxFnAScSZzTlNSU05TThBFrThkFjJOMkymHSot70YRS
hFKEUmuPhBGEUYQQUstCSToJSopKikrLSopCiUqKSopKikJJQklCCTnIOgg6CDHH
KYYxxjHHMYYpRilFKUUpBRjEGMQYxBjDEIIQgxjDGIKEEIQQhBB8EIRQhBB8D4QQ
hBGEUYRRhFGEUYRRhFGMUoxRjBGMEYxSjJKMUoxRjJKUkpSSjFGMUZSSlJKMUXvP
hBCMUYQQc457z4xRpRSE00sMdBBCy2vPW09sEGOPUwxsEWvQlNR0EYyUfBF8EXvQ
dBKEUmvPc9Brz4ySfBF8EWuPa06lFaUUpRSUBpRFnEWcRZQFnEqc1JzUlNOU03wR
a04hBYyTjFM6CUJKc9CMUoxShFFrj4RRfFF8EVLMQklCCEqKSopKikqKQkpCikKK
QopCSkJJOgg5yDoIOcgxxymGMccxhzGHKUUpRSlFKUUZAxjDGMQYwxCCEMMYwxCC
fBB8EHwQfBCEEIQQe8+EEIRRjFGEUYRRhFGEUYRRjFGMUYxRhFCMkYxRhFGMEYxS
lJKMkoxRjFGUkpSShBB7z4QQhBCEEHOOe8+MUZ0UfFNLDmPRQs1j0VtPdBJsEmOQ
fJNz0ISTnRWMUpTUlNSU1J0VjNOM1JTUjJOEkozUjNSM04RSnRWdFKUUaoOcRJxE
nAScBJxInJOc05zTlJN8EGtOIUWMk4ySSolCSXPQhFKEUnwSY05bDVsNWw1SikJJ
QkhKikqKSopCikKJQopCikJKQkpCSToJOcg6CDHIMccphjHHMYcphiFGKUYpRiFF
GMQYxBjEGMQQghjDGMMYw3wQe9B70HvQhBCEEIQQhBCEUYRRhFGEUYRRhFGEEIxR
jFGMUIQQjFGMUYxRjFGMUZSSjFGMUYQQjFGMUYQQe8+EEIxRhBBzjnvPjFGdFJ0W
lNSVFZ0WnRWdFaUVpRWlFaUVpRWlFaUVpRWlFaUVpRWlFaTVpRWlFZ0VpRWlFKUU
pRSlFKTUpNSMUkFBlAWUBZQFlAWUR5zTnNOc05STe9BrTSFFjJOMklLLOglz0IRS
hFKEUmuPfBF8EXQRWw1CSToJSopKikqKSopKSkpKQkpCSkJKQgk6CTnIOcg5xzGH
KYYxxymHKYYpRSFFIUUhBRjEGMQYxBjEEIIQwxDDEIJ8EHwQfA90D3wQfBB70HvQ
hBCEEYQRhBGEEYQRhBCEUYxRjFGEEIxRjFGEEIQQjFGMUYxRjFGEEIxRjFGEEHOO
hBCMEYQQc457z4xRpRSlFaUVpRWlFaVUpRWlFaUVpRWlFaUVpRWlFaTVpRWlFaUV
pRWlFaUVpRWdFaUUpRSlFKUUpRSk1KTUa05BApQFnAWUBZQElAeUk5STlJOUk3vQ
a005x4RRhFFay0IIc4+MUoRShFJrj3wSfBF8EVsNOgg6CEJJSopKikqKQkpCSkJK
QkpCCUIJOggxxznIOccxhymGMYcxhylGKUUpRiFFIUUZBBjEGMQYxBCDEMMYwxCC
e8970HvPe898EHwQfA97z3wQhBCEEXwQhBGEEYQQjBGEUYRRhBCMUYxRjFGEUIxR
jJKMkYxRhFGMUYxRhBBzjnvPhBCDz3NOe8+MUZzUpRWlFaUVpRWlFaUVpRWlFaUV
pRWlFaUVpNWlFaUVnRWlFaUVpRWlFaUUpRSlFKTUnNSk1KUUnRSc1FJJYkKUBZQE
lASUBZRGlNOUlJSUlJNzz3PPc49rj2uPUstbDGuPhFKEUnxSa898EXwRfBFjTUJJ
OghCikqKSopCiUJJQklCSUJJOgk6CToIMcc5yDnHMYcxhjGHMYcphiFFIUUpRSFF
GQQYxBjEGMQQgxjDGMMQgnvPe897z3vPe898EHvPe8+EEIQQhBCEEIQQhBCEEIwQ
hBGEEYQQjFGMUYwRhBCMUYxRjFGMUYQQhBCMUYQQc457z4QQg89rTXOOhBCc1KUV
pRWlFaUVpRWlFaUVpRWlFaUUpRSlFJ0UpRSlFKUUnRSdE4xRlJKMUZSSnNOEEZzU
nNSc1JzUnNQ4w4OElASUBZQElASUBZSSlJOUk5STe9GMU4yTjFOEU4xThFJzz4RR
hFKEEXPPY01zznwPY006SToIQklKiUKJQklCSUJJQkk6SToJOgk6CDIHMggxxzGH
KYYpxymHKUYpRilGKUYhRRkEGMMYxBjDEIMQgxCDEIN7z3vPe897z3wPfBB7z3vP
e9CEEIQRhBGEEIQQhA+EUIRQhBB70IQRjFGMUYQQhFCMUYxRjBCEEIQQjFGEEHOO
e8+EEIPPa01zjoQQnNSU03wRjFKMUpTUnNSU1JSTe9Gc1HvQjJKMk3PQfBJ8EWOP
fFFTDXPQUw10EYzUWwyUk5zTnNSc1IxRQYWURpQElASUBJQElAWckpSTlJOUk3vQ
lFOMk4xTjFOMUoRSa4+EUoRShFJrjlsJWwljS1rLQgg5x0JJQkpCSUJJQklCSkJK
Okk6STpJMggxyDHIMccxxymGMccxhilGKUUpRSlFIUUZBBjFGMQYxBCDEIMYwxCC
fA97z3vPe8970HvQe897z3wPhBCEEIQQhBCEEIQQhBGEEIQQe8+EEYRRhFGEEIxR
jFGMUYQQhBCEEIRRhBBzjnvOhBCDz2tNc46EEJTUnNV8EYzUfFKEUoRSfBKU1WuQ
fBF0EIxSjFB8DYxPfA5rjHPOWwtzzltMc8+U02uOlJOc1JzUnNRrDWrLlAeUBZQF
lAWMBZQGlJOUk5STlJN70IySjJKMUoRShFKEUmuPhBKEUoRSc4tayFsIa01jDToJ
OghCSUKJQklCSUJKQklCSUJJQgg6CDoIMccxyDHHKccphimHKYYpRiFFIUUhRSFF
GMQYxBjEGMMQgxDDGMMQg3QPc89zz3POe897z3PPc457z4QQhBCEEHwQfBB8EHwQ
hBCEEHvPhBCMEYQQfBCEUYxRjFGMUYQQhBCEEIQQc457z4QQhBBrTXOOhBCc1JzU
lNSU1JzUnNSc1JzUnNWc1Z0WnNSc1JSSlJKU05TTlNOc05TTlNOdFJzUnNSc1JzU
nNSc1JzUSkiUEZQGlAWUBZQElASUBZSSlJOUk4yTe9CMUoxSjFKMUoxShFJrj4RR
hFKEUnOMYwpjC3vQa046CTHIQklCSUJJQklCSUJKQkk6SToJOgg6CDHHMccxxzGH
KYYxhilGKUYhRSFFIUUhRRkEGQQYxBjDEIMQgxiDEIJ7z3vPe89zjnvPe897z3OO
e8+D0IQQfBB8D3wQfA98EHwQfBB7z4QQjFGEEXvQhBCMUYRRhFCEEHwQhFF8EHOO
c46EEHvPa01zjoQQnNOc05STlNOMkp0UlNOMkpTSjJGEUYyShJKEUZTThBCMknwQ
jJNrz4SRY41rzmONfBGEUpTUnNSc1EIJpJKUBZQFlAWUBJQEjAWUk5STlJOUk3vQ
jFKMUoxShFKEUoRSa498UYRSfFJz0WuPc9B8EGuPQkkxyEIJQkpCSUJJQklCCUJJ
Ogg6CTIJOckxyDHIMcgphymGKYYphimGIUUhRiFFIQUYxBjEGMQYxBCDEIMQgxCD
c85zjnOOc45zjnvPc85zjnvPe9B8D3wPfA98D3vPfA98EHwQc8+EEIRRhBB7z4QQ
jBCMUYQQe897z4QQe89rTXOOhBB7z2tNa018EJzUfFJTDXQRW02EUozTW45sEGPP
W45r0YSSa9CEUXQRfFFbj3RSS050EjqMY5BTDXwRjFKc1JzUjFJSi5xSlAaUBZQF
lAWUBZQHlJOUk5STjFJzz2uNc45rjWtNa01rTWtNhBGEEYRSdBFjj3QRdBFrjzoI
Mcc6CEIJQgk6CUIJOgk6CToIOggyBzHIMcgxyDGHMYcpRilGKUYpRiEGIUUhRSEF
GMQYxBjEGMMQghCDEIMQg3PPc85zjnOOc457j3OOa45zj3PPe897z3vPe897z3vP
e898D3POfA+EEIQQe8+D0IQRhBF8EHvPe8+EEHwPa01rTXvPe89rTWtNhBCc1HxS
W06Ek2wRjNSEU3PQdBFsEGwQdFKM03vRhBKEUoSTdBF8UnRRfFJ8U3xTdBF8EpSU
lNSU1JSTjFKUkpQFk8SUBJQElASMCIyTjJOMk4yTc9CEUoRShFKEUnwRfFFrjnxR
fFF8EXQQY450EHQQa886CDHHOgg6CDoIOgg6CToJOgk6CTnIMcgxyCnHKYcxhymH
IYYphilGKQUpRSEFIQUhBRjEGMQYhBjDEIIYwxCCEIJzjnOOa41rjmuOc45zjmuN
c85zznQPc897j3vPe897z3wPe89zjnvPhA98D3PPe9B8EIQQfBB7z3vPhBB7z2tN
a01zjnvPYwxrTYQQlNOU1JTUnNSc1Z0VnRWdFZ0VnRWc1ZzUnNSc1JzUnNSc1JzT
nNSc1JzUlNSUk5STlJOUkpSTlJKUUpSSlJKECoPKg8qDy4PLhA2EUXwRfBB8EHPP
c9Bzz2vPc89rz2uPY45jj2OPY45jTltNWw1TDFLLOccxhzoIOgg5yDoIOgg6CDoI
OgcxxzHHMccxhimHKYYhRSFFIUUhRSEEIQUhBSEEIQQYwxjDGMMYwxBCEIIQghCC
c41rjmuNa01rjXOOa01rTXONc85zznPPc49zj3OOc497z3vPc457z3wQe9Bzz3vP
fBB8EHwQc89zznwPe89rTWtNe89zjmMMYwx8D5TTlNOUk5STlJOUk4ySlJKUUpRS
lJKUUoxSjFGMUYxRjFGMUYxRjFGEEIQQhBCD0HvQe9B70HvQfBB0EHvQc897z3PP
c89rj3PQfBFzj2NOW01bDVtNUwxTDFtNUwxKzFLMQotKzErNSstTDVtObBBsEDHI
KYYxxzHHMccxxzHHMccxhzGGMYYxRimGKUUpRSkFKQUhBCEFIQQZBBjDGMMYwxjD
EIIQghCCEIIIQQhCCEIIQWtNa01rTWtNa01rjWtNYwxjTWtNa45rjmuOc45rjmuO
c85zjmtNc457z3vOc89zz3wQfBBz0HOPc457z3PPYw1jDHOOc45ay2MMe8+Uk4xS
hBKEUoQRe9B70HwQfBB8EHwQc898EHvQc4+EEIQQg9CEUYRRSstTTVMNW01bTmOP
QotCi0KLW05TTUrMUw1TDErMSsxrj3wRc5BTDksNMkpCzDJKOotCzTpMMos6iyoK
QsxLDTpLUw5bTnPRdBA5xylFMYYxhjGGMYYxhimGKUUpRSlFKUQhRCEEIQQhBCEE
GMMYwxjDGMIQghCCEIIQgghBEIIQghCCCEEIQQhBCAFjDGMMYwxjDGMMa01jDFsM
YwxjTWtNa01jTWtNY01rTWuOa41jTWuNc85zzmuOc457z3vPc45rjmuNc89zjmMM
YwxzjnOOYwxjDIQQlJOEUoQRhBJr0UrNU05jkFMNW49bj0LMSs1bTlMNc898EXwQ
hBF8EULMSw1CzEsNW05TDjqMQs1CzUsOUw5KzVtOW09bDlMOY098EWuPY49bj1NO
W09TTlNOU05TDlMOU05TTluPW49bjltPY090EXQRMcchBCFFKUUpRSlFKUUhBCEE
IQQYwyEEGMMYwxjDGMMYwxiCEIIQghBBEEEQQRBBEEEIQAhBCEEIAQgBCAEIAQgB
Wstay1rLWstay2MMWstaylrKWwtjDGMMYwxjDFsMWwxjTWtNYwxrTXOOc45rjmuN
c45zznPOa01rTXOOc45jDFrLa01rTVrLWst7z5STjFKEEYRSdBFjj2vQa9Fr0HQQ
a9Bjj2vQbBBr0HwQfBB8EHwRhBJz0HPQc9Bz0HPQc9Bz0HPQa9Br0GvQa9Bjj2vP
Y49jTnPPfBFz0HPQc9Bzz3PPc89rzmuOa45jjltNa9B0EXQSdFJj0HQRdBF0ESmH
GMMgwyDDGMMYwxjDGIIYghiCEIIQghCCEIEQgRBBEEEQABBBCEEQQQhBCAEIAQAB
CEEIAQgBCAEIAQgBCAEIAVKKUopSilKKUopSilKKUopSilrKWspay1KKUstSy1rL
WstjDFrLYwxrTWtNa0xrTXONc45zjmtNYwxrTWtNWstSimMLYwtSilKKe86U04yT
hFKEUoRShFKEUoRThFOEU4RShFKEUoRShFKEUoRShFKEUoxThFKEUoRThFOEU4xT
jFOEU4xTjJOMk2vQQw1sUmPQSsxsEIRShFKEUnxSc9Brj2uPY09jTmNOY05bDXxS
fFKEU4STdBB8UXxRdBAxhhiBGIEYgRiBGIEYgRiBGIEYQRhBEEEQQRBBEEEQQRBB
EEEQQRBBCEEIQQgBCAEIAQgBAAEIAQgBCAEIAQgBCAFKSEpISkhKSEpISklCSUJI
SkhKSUpJSklCCUpJSklKiVKKUopSiVKKWwtjC1sLWwtjDGMMYsxay1KKWstay1KJ
SklSiVKJSkhCSHOOlJOc1JTUlNSU1JTUlNWU1ZTUlNSUlJTUlNSU1JSUlJSUk5ST
lJOUk5STjJOMk4yTjJOMk4yUjJOMk4yTjJNrz0MNbJJkEUrMa9CEUoRShFKEUmvQ
hFGEUnxSfBF8EXwRc9CMk4yUhJOElHQSfFN8k3RSMYgQghiCGIIYghiBGIEYgRiB
GIEQgRBBEEEQQRBCEEEQQRBBEEEQQBBBCEEIQQgBCAEIAQgBAAEIAQgBCAEIAQgB
QcdBx0HHQcdBx0HHQcdBx0HHQcdBx0HHQcdBx0IISghKCFIISkhKSFKKUolSiVKJ
UopSilJKSklKCFJJUklKCEHHSghKCDnHOcZzjpSSnNWdFZzVnRWdFZTVnNWU1JTU
lNSU1JTUlNSUlJSUlJOUk5STlJOUk5STlJOMk4yTjJOMk4yTjJOEk4yTa49CzWxT
bBJCzGwQhFKEUoRShFJz0HwRhFJ8UnwRfBF8EWuPfFJ8UnyShJN0EYSUhJN8UjII
GIIYghiCGIIYghiCEIIYghiCGIIYgRhBGEEQQRBBEEEQARBBEEEQQQhBCEEIQQgB
CAEIAQgBCAEIAQgBCAEIATlGOUY5RjGGMYYxhjGGMYYxhjGGOYY5hjGFOYU5hTmF
OcY5xjnGQcZCB0IHQcc5xkHGQcdBx0GGOYU5xUGFOUU5RDlFOUUxRDFEa4yUk5zV
nNWc1aUWpRac1JTUlNSU1JTUlNOU05STlJOUk5STlJKUU5STlJOMk4yTjJOMk4yT
jFOMU4yTjFOMU2uQSsx0U3QSSsxr0IRShFKEUoRSc9B0EXxRfFF0EXwRfBFjTnwR
dBF0EHQQW018UoSTdFE6CBiCGIIYgRiBGIEYgRCBGIEYgRiBGIEQgRBBEEEQQRBB
EEEQARBBEEEQQQgBCAEIAQgBCAEIAQgBCAEIAQgBCAEpBCkEKQQpBDEEKQQpBCkE
KQQpBCkEMQQpBDEEMQQxBDEEMQQxBDEEMQQxBDEEMQMxAzkDMQMxAzEDMQMxAzED
MQMxAzEDMQMxA3NNlJKU05TTlRSdFZTUlNOU05TTnRSU1IzTjJOMkoySjJKMkoyR
jJKMk4yTjJOEUYvPi86DzoONe4yMUYxSjFJrj0qMdFJ0EkrMY4+EUoRShFJ8UXPQ
a498EXwRfBFz0XQQW01rz2vPc89rz1tNa890D2ONMYYYghiCGEIYghiCGIIYghiC
GIIYghiCGEEYQRBBEEEQQRBBEEEQARBBEEEQQQhBCEEIAQgBCAEAAQgBCAEIAQgB
IMIgwiDCIMIowyjDKMIowyjDKMMpAykDKMMpAykDKQMxAykDKMQpAykDMQMxAzED
MQMxAzEDMQMxAzEDMQMxAzEDMQMxAzEDMQNrTIyShBB7z2KLWklSB2JIWohrCpTT
jNOMk4yTfFJrj3QRa9Frz4RRjJKMkoySg896R3JHckhySXMMhFKEUoRSc9BTDXRR
fFFbDGONfBBzz3PPc85jTVsLYwxay1KKSklKSDnHOccxhSlFIQQYwxjCGIEYQRiB
GIEYgRiBGIEYgRiBGIEQgRCBEIEQgRBBEEEQQRBAEEEQARBBEEEQQQhACEEIQQgB
CAEIAQgBCAEAAQgBCAEIASCCKMIowijCKMIowijDKMMowijDKQMpAyjDKMMowyjD
KMMowykDKQMpAykDKQMpAykDKQMpAykCMQMxAzEDMQMxAzEDMQMxAzEDYwuMkoyT
jJOUk4ySc89rTlKKUoqU0pTSjJKMUXwQa45zz3OOY0xzTXONa0xjC1rKQcdBhjmG
OYY5xUnGQYU5hDFEKMMpAyDDGIIQQRBBEEEQQRABEAEIAQgBCAEIAQgBEAEQAQgB
CAEIAQgBCAEIARABEEEYghiCGIIYghhCGIIYghiCGIIYghiBEIEQQRBBEEEQQRBB
EEEQQRBBEEEQQRBBCEEIQQhBCAEIAQgBAAEIAQgBCAEggiDDIMIgwiDCIMIowijC
KMIpAyjDKMMowyjCKMMpAykDKMMowyjDKMMowykDKQMpAikDKQMxAzEDMMMowzDD
KMMowikCKMIpAkGFWkhaB1oHUgZJxkGFOUUowyCCMMMogiCBIIEggRhBEEEYQRhB
GEEYQRhAGEAYQBBAEEEQARABEAEQAQgBEAEQARABEAEQARABEAEQARABEAEQQRBB
EEEQQRBBEIEQQRhBGEEYQRiBGIEYgRiBGIEYghiBGIIYghiCGIIYghiCEIIYghiB
GIEYgRiBEEEQQRBBEEEQQRBBEEEQQRBBEAEQQQhBCEEIAQgBCAEIAQgBCAEIAQgB
IEIggiDCIMIgwyDDKMMowyjDKMMowyjDKMMowykDKQMpAykDKQMpAykDKQMpAykE
KQMxAzEDMQMxAykDKQMpAyjDKMIowijCKMIowhhBEEEYQRhBGEEYQRBBEEAQQBBB
EEEQQRABGEEYQRhBGEEYQRhBGEEYQRhBGEEYQRhBGEEYQRhBGEIYQRhBGEEYgRiB
GIEYgBiBIIIggiCCIIIggiCCIIIggiDCIMIgwiDCGMIgwiDCIMIYwiDCIMIgwiDC
GIIYghiCGIIYghiCGIIYghiBGIIYgRiBGEEYQRhBGEEQQRBBEEEQABBBEEEIQQgB
CAEIAQgBCAEIAQgBCAEIARhCIIIgwiDCIMMowyjDKMMpAykDKMMpAykDKQMxAykD
KQMpAykDKQMpAykDKQMpAyjDKMMpAzEDKQMpAykDKQIowiDCKMIpAijCKMIggRiB
GIEYgRhBGIEYgRiBIIEggSCBIIEggSCBIIEggSCBIMEggSCBIIEggSiBIIEggSCC
IIIggijCKMIgwiDBIMIgwiDCIMIgwijCKMIowijCKMIowijCKMIowijCKMIowyjD
IMMgwiDCIMIgwiDCIIIgghiCGIIYghiCGIIYghiCGIIYghhBGIEYgRiBEEEQQRBB
EEEQARBBCEEIQQhBCEEIQQgBAAEIAQgBCAEIAQgBCAEQQiCCIMIgwijCKMIowikC
KMMowyjDKMMowyjDKMMowyjDKMMowyjDKMIowykDKMIowzDDKMMowykDKMMowyjD
KMMowyjDKMMpAykCKMEowijCKMIowijCKMIowijCKMIowijCKMIowijCKMIowijC
KMIowijCKMIowijCKMIowijCKMIwwijCKMIowiDCKMIowijCKMIowijDKMMowyjD
KMIowijCKMIowijCKMIgwiDCIMIgwiDCIMIgwiDCIMEYghiCGIIYghiBGIEQgRiB
EIEYgRiBEIEQQRBBEEEQQRBBEEEQQRBBCEEIQQhBCEEIAQgBCAEIAQABCAEIAQgB
IEIggyDCIMIgwyjDKMMowyjDKMMowyjDKMMwwyjDKMMowyjDKMMowyjDKMMowyjD
KMMowyjDKQMpAykDKQMxAzEDMQMxAzEDMQMxAzECMQIxAjECMQIowijCKMIowjDC
MMIxAikCKMIowyjCKMMowyjDKMMowyjCKMIowjDCKMIwwjDCMQIxAzEDMQMxAzED
KQIpAijCKQIpAikDKQMowijDKMIowijCIMIgwiDCIMIgwiDCIMIgwhjCGMIgwhjC
GIIYghiCGIIYghCBGIEYgRiBEIEQQRBBEEEQQRBBEEEQQRBBEEEQQRBBCEEIQQgB
CAEIAQgBCAEIAQgBCAEIARiCIMIgwiDCKMIowyjDKMMowyjDKMMowyjDKMMowyjD
KMMowyjDKMMpAyjCKMMowyjDKQMpAzEDMQMxAzEDMQMxAzEDMQMxAzEDMQMxAzED
MQMxAzEDMQIpAijCKMIowjEDMQMxAzEDMQMxAzDDMQMxAzEDMQMxAzEDMQIxAzEC
MQIxAjEDMQMxAzEDKQMowijCKMIgwijCKMMowyjDKMMowyDCIMIgwiDCIMIgwiDC
IMIYwhjCGMEYwhjCIMIYghiCGIIYgRiBGIEQgRiBGIEYgRiBGIEYQRBBEEEQQRBB
EEEQARBBEEEQQRBBCAEIAQgBCAEIAQgBCAEIAQgBCAEggijDKMMowyjDKMMowyjD
KMMowijCKMIowijCKMIowijCKMIowijCKMIpAjECKQIpAikDKQMxAzEDKQMxAykD
KQMpAykDKQMpAzEDMQMxAzEDMQMxAykDKMMpAykDKQMpAykDMQMxAzEDMQMxAzED
MQMxAzEDMQMxAzEDMQIxAzEDMQMxAzEDMQMxAykCKQIpAikCKMIowijDKMMowyjC
IMIgwiDCIMIggiDCIMIgwiDCIMIgwhiBIIIgwiDCIIIYgRiCGIIYgRiBGEEYQRiB
GIEYgRCBEEEQQRBCEEEQQRBBEEEQQQhBCEEIAQgBCAEIAQgBAAEIAQgBCAEIAQgB
IMIgwiDCIMMgwyjDKMMgwyjDKMIowjDDKMIowyjDKMMowyjDKMMowyjDKQMpAykD
KQMpAzECMQMpAykDKQMpAykDMQMxAykDKQMpAykDKQMpAzFDMQMxAzEDOQMxAzED
MQMxAzEDMQMxAzEDMQMxAzECMQMxAzEDMQMxAzEDMQMxAzEDMQMxAzEDKMMowyjC
KMIowijCKMIowijCKMIowijCKMIgwiDCIMIgwiDCIIIgwiDCGMIgwiDCIMIgwhjB
GIIYgRiBGIEQgRiBEIEQgRCBEIEQQRBBEEEQQRBBEEEQARBBEEEQQRBBCAEIAQgB
CAEIAQgBCAEIAQgBCAEIASCCKMMowyjDKMMowyjDKMIowijCKMMowyjDKMMpAykD
KMMowyjDKMMowzDDKMMxAzEDKQMpAzEDKQMxAzEDMQMxAzEDMQMxAzECMQMxAzEE
MQMxAykDMQMxAzEDMQMxAzEDMQMxAzEDMQMxAzEDOQMxAzDDMQMxAzEDMQMxAjEC
KQIpAikDKMMpAyjDKMIowijCKMIowijCKMIowijCKMIowiDCIMIgwiDCIIIgwiDC
IMIgwhjCIMIgwiDCGIIYgRiBGIEYgRiBGIEYgRiBGIEQgRCBEEEQQghBEEEQQRBB
EEEQQRBBCEEIQQhBCEEIQQgBCAEIAQAACAEIAQgBCAEggiCCIMIgwiDCKMIowijC
KMIowijCKMIowyjDMMMowyjDKQMpAykDKQMpAykCKQIpAykDKQMpAykDKQMxAzED
MQMxAzEDMQMxAzEDMQMxAzEDOQMxAzEDMQMxAzEDMQMwwzEDMQMxAzEDMQMxAzED
MQMxAzEDMQMxAzEDKQMpAykDKQIxAjECMQIxAikCKMIowijCKMIgwijCKMIowijC
IMIgwiDCIMIgwiDCIMIggiCCIIIggiCBIIIYghiCGIIQghiBGIEYgRiBGIEYgRiB
EIEQQRBBEEEQQRBAEEEQQRABEEEQQRBBEEEIAQgBCAEIAQgBCAEIAQABCAEIAQgB
IMIowijCKMIowijDKMMowyjDKMMowijCKMIowijCKMMowyjDKMMowyjDKMMowyjD
KMMowykEMQMxAykDMQMxAzEDMQMpAykDMQMpAzEDMQMxAzEDMQMxAzEDMQMxAzED
MQMpAykDKQMpAykDKQMxAzEDKQMpAykDKQMpAykDKQMpAykDKQMpAykCKMIowijC
KMIowijCKMMowyDDIMIgwiDCIMIgwiDCIMIgwiDCIMIggSCCIIIYghiCGIIYghiC
GIIYghiBGIEYgRiBGIEYQRiBEEEQQRBBEEEQQBBBEEEQQRBBEEAIQQhBCEEIQQhB
CAEIAQgBCAEAAQgBCAEIASDCIMIgwiDCIMIgwiDCIMIgwiDCIMIowiDCKMIowijC
KMIowijDKMMowyjDKMMowyjDKQMpAykDKMMowijDKQMpAykDKQMpAykDKQMpAzED
MQMpAykEKQMpAykDKQMpAzEDMQMxAykDKQMpAzEDMQMxAzEDMQMxAzEDMQMxAzDC
KQMowyjCKMIowijCKMIowijCKMIowiDCIMIggiDDIMIgwiDCIMIgwiDCIMIgwiDC
IMIgwiDCIIIggiCCIIIYghiCGIIYQRiBGEEYgRiBGIEQQRBBEEEQQRBBEEEQQRBB
EAEQQRBBCEEIQQhBCEEIQQhBCAEIAQgBCAEIAQgBCAEgwiDCKMIowijCKMIowijC
KMIowijCKMIowijCKMIowijCKMIowijCKMIowijCKMIowjECKQIpAikCMQIpAykD
KQMpAykDKQIpAikCMQIpAykDKQMpAykDKQMpAykDKQMpAyjDKQMpAyjDKMIowykD
KQMpAykDKMIowijDKMMowyDDKMMowyjCKMIowijCKMIowiDCIMIgwiDCIMIgwyDD
IMIgwhjCIMIgwiDBIMIgwiDCIIIgghiCGIIYghiCGIIYgRiBGIEYgRiBGIEYgRiA
EIEQQRBBEEEQQRBBEEEQQRBBEEEQQQgBCAEIAQgBCAEIAQgBCAEIAQABCAEIAQgB
IIIgwiDCIMIgwiDCIMIgwiDCKMIowijDKMMowyjDKMMowyjDKMMowyjDKMMowyjD
KMMowijCKMMpAykDKMMowyjDKMMowyDDKMMowyjDKMMowyjDKMMowyjDKMMowyjD
KQMowyjDKMMowyjDKMIowyjDKMMowyjDKMMowyjDKMMowyjCKMIowijCKMIowijC
KMIowijCKMIowijCIMIgwiDCIMIgwiCCIIIggiCCIIIggiCCIIIYghiCGIIYghiC
GIEYgRiBGIEQgRBBEEEQghCBEEEQQRBBEEEQARBBEEEQQQhBCEEIQQhBCEEIAQgB
CAEIAQABCAEIAQgBCAEIASDCIMIgwijCKMIowiDCIMIgwijCIMIowijCIMIhAiDC
IMIgwiDCKMIowyjDKMMowyjDKMMowyjCKMIowijCKMIowyjDKMMowyjCKQIowyjD
KMMowyjDKMMoxCjDKMMowyjDKMMpAykDKQMpAzEDKQMpAyjDKMMowyjDKMMowyjC
KMIowyjDKMMowijCKMIowiDCIMIgwiDCIMIgwiDCIMIgwhjCIMIgwiDCIMIggSCC
IIIggRiBGIIYghiCGIIYQRiBGIEYgRCBEIEQgRBBEEEQQRBBCEAQQRBBEAEQQRBB
EEEQQRBBEAEQARABEAEIAQgBCAEIAQgBAAEIAQgBCAEggiCCIIIgwiDCIMIgwiDC
IMIgwiDCIMIgwiDCIMIgwyDCIMIgwiDCIMIgwiDCIMMgwyDDIMMgwyjDKMIowijC
KMIogijCKMMowyDDIMMowyjDKMMowzDDKMMowyDCKMMowyjDKMMowyjDKMMowyjD
KMMowyjDKMMowyjDKMMowijCKMIowijCKMIowijCIMIgwiDCIMIgwiDCIMIgwiDC
IMIgwiDCIIIgghiCGIIYghiCGIEYghiBGIEYgRiBEIEYgRiBGIEYgRiBEIEQQRBB
EEEQQRBBEEEQQRBBEEEQQRBBEEEQQQhBCEEIAQgBCAEIAQgBAAEIAQgBCAEIAQgB
IMIgwiDCIMIgwiDCIMIgwhjCIMIgwiDCIMMgwyDDIMIgwiDCIMIgwyDDIMMgwyDD
IMMgwyDCIMMgwyjDKMMowyjDKMMowijCKMMowijDKMMowyjDKMMowyjDKMMowyjD
KMMowyjDKMMpAykDKQMpAyjCKMMowijCKMMowyjDKMMowyjDKMMowiDCIMIgwiDC
IMIgwiDCIMIgwhjCIMIgwiCCIIIggiCCIMIYghiCGIIYghiCGIIYghiBGEEYgRiB
GIEYgRiBGIEQgRiBEIEQgRBBEEEQQRBBEEEQQRBBEEEIQQhBCEEIQQhBCAEIAQgB
CAEAAQgBCAEIAQgBCAEIASDCIMIgwiDCIMIgwiDCIMIYwiDCIMIgwiDDIMMgwiDC
IMIowiDCIMIgwiDCIMIgwiDCIMIgwiDCIMIgwijCKMMgwyDDIMMgwiDCKMIowyjD
KMMowyjDKMMowyjDKMMowyjDKMMowijCKMIowijCKMMowyjDKMMowyjDKMMowyjD
KMMowykDKMMgwiDCIMIgwiDCIMIgwiDCIMIgwiDCIMIgwSCCIIIYghiCGIIYghiC
GIIYghiCGEIYghiBEIEYgRiBEIEQgRCBEIEQQRBBEEEQQRBBEAAQQRBBEEEQQRBB
EEEIQQhBCEEIAQgBCAEIAQgBCAEAAQgBCAEIAQgBCAE=
END m9
frame    36 :  a closed book +0.57  an opened book +0.14   led  46/ 66 h0.46 lvl+0.35   -
frame    37 :  a closed book +0.41  an opened book +0.33   led  22/106 h0.33 lvl+0.37   -

snapshot  : frame 38, mean RGB 109 108 108
BEGIN m9 128 128 32768 87a558fb
UopSSTmGOUVKSUpJQgg5x0pJUolSiUpIQgdSiVrKWspSiVKKa0xrTWtNa01zjoQP
hBCMUYxRjFGMUZSSlNKc05TTnNOU05zUnRSc1J0TnNOdE50TnROdFKVUpRSlFKUU
pRSlFaUUpRSdFKUUpRSlFKUUnROdFJ0UnRSdFZ0UnRSdFKVVnRSdFJzTnRSdFJzT
nNOU050UlNOU05TTnROU04ySjJKM0ozSlNOM0oySjJKMkoySjJKEkYSRjJGEkYSR
fJB8UHxQhFF8EHQPdBB8EHQPa89rzmvOa85jjVtNY01jjluNU0xLDFtNW01TTErL
SstKy0rLSspKijoIQklCSVqKUkhBhzlGSghSSEpJQcdKSFKKUolKSEIHUolaylrL
UklSimtNa01rTWtNe86EEIQQjFGMUYxRjFGUkpSSnNOc05TTlNOc1J0UnRSdE50T
nROdE50UnRSlVKVUnRSdFJ0UpRSlFJ0UnRSdVKVVpVSlFKUUpRSlFKUUpRWlFJ0U
nROlVKUUnRSc1J0UnRSc1JTUlNOdFJzTlNOU05UTlNOU04ySlNKU0pTTlNOMkoyS
jJGMkoyShJGEUYRShJKEkYRRfBB8EIRRfFB0EHQQdBB0D2vPa89rz2vPY45bTVtN
Y41bTVMMUwxbTVtNUwxKikqKSopKykqKSko6CEIIQkhSiUpJOYYxhUoISklKSDnG
SkhSiVJJSkhCB1JJWspiy1JJUoprTXONa01rTXPOfBCEUIRRjFGMUYxRlJKUk50T
nNOU05zTnROdFJ0TnROdE5zTnROdFJ0UpVSlVKUUpRSlFKUUpRSlFJ0UpRWlVaVV
pRSdFKUUpRSlFKUUpRSc1J0UpVWdFJ0UnRSdFZ0UnNSU1JTTnNSc05TTlNOdFJUT
lNOU0pTTlNOU05TTjJKMkoRRjJKMkoyShFGEUYRShFKEUnwRfBCEUXwQdA9zz3wQ
c89rjmuOa85rz2uOW01jTWNNY01TDFLLW01bTFsLSopCikqKSopKikqJMcc6B0II
UolKSTmGMYVKCFJJSgg5x0oJUopSikpJQghSSlrLWstKSVKJa0xrjWtNa01zj4QQ
hBGMUYxRjFGMUZSSlJKc05zTnNOc05zUnRSdFJ0TnROdE50UnRSdFKVUpVSlFKUU
pRSlFKUVpRSlFKVVpVWlVaUVnRSlFKUUpRSlFKUUpRSdFKVVnRSdFJUUpRSlFJ0U
lNOU050UnRSU05TTnRSVE5TTlNKU05TTlNOU04ySjJKMkoySjJKMkYRRjFGEUoRS
hFF8EHwQhFF8EXPPc898EHPPa45rjmuOa49jjltMW0xjjVtNUstKy1MNUwxTC0qK
SolKiUqKQolCSTHHOgg6CFKKUkk5xzGFSkhSSUpIOgdKSFLKUolKSEIHUklay1rL
UolSiWtMc01zTWtNe8+EEIxRjFGMUYxRjFGMkpSSnNOc05zTnNOlE6UUnRSdFJ0U
nRSdFJ0UpRSlVaVVpRSlFKUUrRWlFaUUpRSlFKVVpVWlFaUUpRSlFKUUpRSlFKUU
pRStVaUUnRSdFJ0UpRWdFJzUnNOdFJ0UlNOU05zUnNOU0pTSlNOU05TTlNOMkoyS
jJGMkoySjJKEUYRRhFKEUoRRfBB8EIQRfBBzz2vPdBB0EGvPa45rj2uOY45bTFtM
Y41bTUrLSstTDVsMUstKikJJSklKSUpJQggxxjnHOgdailKJOccxhkoISklKSDoG
SkhSylKJSkhCB0pIWspaylKJUolrTHONc41rjXvOhA+EEIxRjFGMUYxRlJKUkpzT
nNOc05zTnRSlFJ0UnROdFJ0UpRSlFKUUpVWtVaVVpRSlFKUUpVSlFKUUpRSlVa1V
pVWlFaUVpRWlFKUVpRSlFKUUrVWlFKUUnRSlFKUUpRSc05zTnRSdFJTTlNOdFJ0U
lNOU05TTlNSU05TTjJKMkoySjJKMkoyShFGEUoRRhFGEUXwQfBCEUHxQdA9zznQQ
dA9rzmOOa45rjmuOW0xbTVuNW01Sy0rKWwxbC1LLSklCSUJJQklCSUIIMccxxznI
UolSiUHHOYZKCEpJUkhBx0pIUspSiUpIQgdKSGLKYspSiVKJa01zjXONa017z4QQ
hBCMUYxRjFGMkYySlNKdE5zTnNOc06UTpRSdFJ0UnRSdFKUUpRSlFK1VrVWtVaVU
pVSlVaVVpVSlFK1UrVWtVa1VpVWlVaVUpRWlVaVVpRWlFKVUpVSlFJ0UpVWlVaUV
nRSdFKUUnRSU05TTnNSdFJTTjNOU05TTlNOU04zSjJKMkoySjJKMkoRRjFKMUYRR
hFF8EHwQfFF8UHQPa850EGwPa85jjmOOa45jjlsMWwxjTVsMUstKylsMWwxSzEJK
QklCSUJJQklCSDGGOcc5x0pJSkk5xzmGSghSSVJJQcdKSFrKUolKSEIISklay2ML
UopSiWtNc41zjnONe8+EEIQQjFGMUYxRlJKUkpzSnNOc05zTnNOlFKUUnROdFJ0U
pRSlFKUUrRStVa1VrVWtVa1VrVWtVa1UpVStVa1VrVWtVaUUrVWtVa1VrVWlVKVU
pRStVaVVpRWlFKVUpVWlVJ0UnRSlFJ0UnNOc050UnRSc05TTlNOc05TUlJOMkoyS
hFKMkoyShJKEUYRShFGEUoRRfBB8EIRRfFB8D2vOdA90D2vOY41rjmuOY41bDFsM
Y01bTVMLSstbTFMMUstCijpJQklCSUJJQggxhjGHOcdCCEoJQcg5hkIISklKSUIH
QkhaylLJSohCR0pIWwtjC1qKUoprTGuNc45zjXvPhBCEEIxRjFGMUZSSlJKUkpzT
nNOc05zTpRSlFKTTpRSlFKVUpRSlFK0UrVWtVa1VrVWtVa1VrVWtVa1UrVWtVa1V
rVWlFK1VrVWtVa1VrVWtVaUUrVWtFKUUpRSlFK1VpVWlFJ0UpVWlVJ0UnNOdFJ0U
lNOU0pTTlNOU05STjJKMkoxRjJKMkoyShFGEUoyShJGEUXwQdBB8UXwRdA9rznQP
dA9rzmONY45rzmONU0xbDFtNW01Ky0LKU0xTC0rLQklCSEJJQklCSUIIMYYxhznH
SghCCEHHOYZKCFJJUklCB0JIWspSyVJJSghKSGLLYwtaylKJa0xzjXONa417zoQP
jFCMUYxRjJKUkpSSnNOdFJzTnNOc06UUpRSlFKUUpRSlFKUUpRSlFK1VrVWtVaVU
rVWtVa1VrVWtVa1VrVWtVa1VrVWtVa1VrVWtVa1VpVWlVa1VrVWtFKUUrVWtVaVV
pRSlFKUUpRSdE50UnRSdFJzUlNOc05zTnNOU0pSRjJGMkYySjJKEkoRRhFKEUYRR
hFF8EHQQfBF8EHQQa890EHQPa89jjmuOa45jjlMMWwxbTFtMSwtCylNMUwtKy0JJ
OghCSEJIQkhCCDGGMYYxx0IIQghCCDnGQghSSVKJQgdCSFLKUopSikpJSklay2ML
WspSiWuMc41zzmtNe8+EEIQQjFGMUYxRjFGUkpzTnRSc050TnNOlFKUUpRSlFKUU
rVWlFKUUrVWtla2WrVWtVa1VrVWtVa1VrVWtVbWWtZatlq2VrZatlq2WrZatlqVW
rVWtlq2WrVatVa1VrVWtVaVVpVWlVaVVpVWlFaVVpRWlFaUVnRWU05SSlJKUkpSS
lNKMkoySjJKEUYySjJKMkoRRfBB8EHxRfFF0EGvPdBBzz2vOY41rjmuOa45bDFsM
Y01bDErLSspTC1sLUstCSUJIQkhCSEJIQggxhjGGOcdBx0nISgg5hkIHUolSiUIH
SgdailqKUolKSEpIYstjDFrKUoprTXONc85rjXvOhBCEUIxRjFGMkYySlJKc050U
nNOc05zTnRSlFKUUpRSlVa1WrVWtVq2WrZatlq2WrZa1lrXWtZa1lrWWtZa1lrWW
rZatlq2WtZatlq2WrZatlq2WrZatlq2WpZatVq1WrVatVq1WrVWlVaUVpVWlVKVV
pRWlFaUVnNKUkpzTnRWdFJTUjJKMkoySjFGMkoySjJKMUYQQfBB8UHxQdA9rznQP
dA9rzmNNa45jjmONUwxTDFtNW0xLC0rKUwtTC0rLQklCCUIIQghCCEIIMYYxhjHH
QcdJyEnIOYZBx1KJUolKCEoIWopailKKSkhKSFrLYwtaylJJa0xzjXOOa017z4QQ
hBGMUYxRjJGMkpSSnNOlFJzTnROc06UUpRSlFJzTrVW1la2WrZetlq2XrZatlq2W
rZa1l7WXtZa1lq2WrZatlq2WrZatlrWWrZatlq2WrZatlq2WrZatlqWWrVatVq1W
rVWtVq1WpValVp0SlJCUkKUVpRWlFZSMjEuUjaUQjFFrDYxRjJKMkoRRhFGMUYxR
jFGEEHwPhFB8UHQPa450D3PPc49jTWuNa45jjlsMUwxbTVsMUwtKilMMUwxKy0JK
OglCCToIOgg6BymGKYYxxkHHSghKBznGQgdSiFKJSgdKCFqKWopSSkpJSklbC2ML
WspSiWtNc45zjmtOe8+EEIQQjFGMUZSSlJKUkpzTpRSc06UUnNOlFKUUnNOc061V
tZatl62WrZatlq2WtZa1lrWWtZa117WXtZe1l7WXtZe1l7WWtZa1lq2WrZatlq2W
rZatlq2WrZatlq2WpVWtVq1WrVatVqVWpVak0oxPjE+lFKUUpRSMTYxNpI+s0IwP
QceMEIyRjJGEUYRRjFKMUoxRhBB8D4RQfBB0D2OOdA90D2uOY01jjmuOY41bTFML
W01bTFLLSspbDFMMSstCSToJOgg6CDoIOggpRimGMcdBx0oISgc5xkIHUolSiUpI
SgdailrKUolKSEpIWspjC1rKUolrTXOOc45rTnvPhBCMUYxRlFGUkpSSlJKc06UU
nRSdFJ0TnRSlFKUTnNOtVa2WrZatlq2WrZatlq2WrZatlq2WtZatlq2VrZatlq2W
rZe1l7WXrZe1l7WXrZetlq2WrZatlq2WrZallq1WrVatVq1WrVatVq1VpRSMUYxR
nROlVKVUnROUkpzTpROMD0nHg4+MUYxRhFGMUoySjJKEUXxQdA98UHxQdA9rznQP
dA9rzmNNa41rjmuOWwxSzGNNWw1Sy0qKWwxSy0rKQkk6CDoIQgg6CDoHKYYphjHH
OcdCCEIIOcZCB1KJUolKCEoIWopailqKSkhKSVrLYwxay1KKa01zjnOOa017z4QQ
jFGMUYxRjJKUkpSSnNOk06TTpRSc06UUpRSc05SSrZWtlq2WrVackZxRpFGkUZwQ
pJGUUMWVpJGkkaSRrVW1lrWWtZetlq2WrZetV62WrZatlq2WrZatlq2WrZatVq1W
pVWlVq1WrValVqUVnRSdFKVVpRWlFZ0VnRWdFZ0VlJN8EHwQhFGMUoRRhFKMkYRR
hFF8UHQQfFB8UHwQa45zz3PPc85jTWOOa45jjlMMUwxbTVtNUwtKilsMUwtKyjpJ
OghCCDoIOgg6CCGGKYYxx0HHSghKCEHHQghSilKKSkhKCFqKWopailJJSkliy2sM
YstaiWtMc45zjnONe86EUIxQjFGMUpSSlJKUkpzTnROdE50TnROdFKUUnNOUkq2V
tZa1lpSSvVakkaPPo8+bzqxRk869lpRRlJK1lrWWtZe1l7WWtZa1lrWWtZa1l62W
rZatlq2WrZatlq2WrZatlq1WrVatVq1VrVWlFaVVpVWlVZ1VpRWlFaUVnRWdFZ0V
nRWEUoRRhJKEUYSSjJGEkoRRfFB0EHxQfFB0D2uOc9Bzz2uPY01rTmuOa45bDFMM
W01bDFLLSopbC1MLSso6SDpIOghCCDoIOgcphSmGMYdBxkoHSghBx0nHUolaiVJI
SkhaylrKWolSSFJIYstrC2LLUolrTXOOc45zjXvOhBCMUYxRjFGUkpSSlJKc05zU
nNSc1KUUpRSlFJzTlJKtVq2XtZetFZRRrRSk06TTnJKk06SSpNOckqTTtZW1l7WX
tZe1l7WXtZe1lrWWtZe1l62WrZetl62WrZatlqWWrZatVq1WrVatVqVWpValVqVV
pVWdVaVVnRWlFZ0UnRWMUpSShBCEEIxRhFGEUYxRhJKEkXxQdA98EHwQdBBjjnPP
c89rjmNNY41jjmOOUwxTC1tMW0xSy0KKUwxTC0rKQkhCCDoIOgg6CDoIKUUxhjGG
QcZKB0oIQcdCB1KJWolKSEIIWspay1rKUolSSGMLa0tjC1rKa01zjnPOc457z4QQ
hFGMUYxSlJKUkpTTnNOc050TnRSdFKUUpRSc05SSrVW1lrWWrVWc0qTSrROk060V
rVWlFKTTpRSlE60UtZa1lrWWtZa1l7WXtZe1l7WXtZe1l7WXtZa1lq2WrZatlq2W
rVatVq1WrVatVqVWpRWlVaVVpVWlVaUVnRWdFJ0VWgdJhXrLhBCEUIRQhJGEkYSR
hJF8UHQPfFB8UHQPa41zz3PPa45jTWuOa45rjlsMUstbTVsMUstKilsLUstSikJJ
Ogg6CDoIOgg6CClFMUUxhkHHSghKCEIHQgdSilrKUolKSFrKWspaylKJUoljC2tM
awtaymuNc457znONe8+EEIxRjFGUkpSSlJKUkpzTnNOc06UUpRSlFKUUnNOc062W
tZa1lq1WpRWtFa1VrVW1lrWWrZatlq2WrVatlrWXtZetl7WXtZe1l7WXtZe1l7WX
rZetl62WrZatlq2WrZatlq2WpVatVqVVrValVaVVpRWlFaUVpRWlFZ0VnRSdFGIH
UYV6ynQPdA+EUYRRhFGMUYRRhFB8D3wQfBB0EGOOdA9zz3PPY01jTmOOY45bDFML
W01bDErLSopTDFMMSstCSToIOgg6CDoIMggpRSmGMYZBxkoISkhKB0oHWolaylKJ
SkhaylsLWstSykqJYwxjTWMMWspzjXPOe85zjnvPhBCMUYxRjJGUkpSSlJKc05zT
pRSlFKUUpRSlE5zTnNO1lrWXtZe1l7WXtZe1l7WXtZe1l7WXtZe1l72XtZe1l7WX
tZe1l7WXtZe1l7WXtZe1l7WXtZe1lrWWtZatlq2WrZatlq1WrVatVq1WrValVaUU
nRSlVJUTlNOdFJ0UnRRzDGLKc0xjTGONhFGEkYyRjJGEUXxQdA98EHwQdBBjjnPP
c89rzltMY41rjmONUwtSy1tMW0xSykKKUwtSy0rKOkg6CDoIOgg6CDHHIUUpRSmG
QgdKSUpJQkhCCFrKWstaikpJWspjC2LLWspSiWtMa01jTFrLa417znvPe897z4QQ
jFGMUZSRlJKUkpSSnNOc050TnRSdFKUUpRSc05TTrZa1lrWWtZa1lrWXtZe1l7WX
tZe1l7WXtZe1l7WXtZe1l7WXtZe1l7WXtZe1l7WXtZe1l7WXtZetlq2WrZatlq2W
rZalVq1WrVatVq0WpM+UTpyNpY10SmPJfEydFZTUlNSVFHxRU0xbjXxRhFGMUYxR
jFGEEHvPfBB8EHQQY45zz3PPa45bTWONY41jjVMLSwtbTFtMUstCilMLUstKijoJ
Ogg6CDoIOggxxyFFKUUxhkoIUklSSVJJSklaymMLWstSiWMLYwxjDFrLUoprTGuM
a0xjC3ONc86ED3vPhBCMUYxRjFGUkpSSlJKUkpzTnNOlFKUUpROlFKUUnNOU062W
tZe1l7WXtZe1l7WXtZe9l7WXtZe1l7WXtZe1l7WXtZe1l7WXtZe1l7WXtZe1l7WW
tZe1V7WXrZetlq2WrZatlq2WrVatVq1WrVWtVaTQlE6UjKWMbAlbiGyLjVV0EWPQ
dFJkkktMW0x8EIRRhFGMUYRRhFBzz3wPfBB0D2uOc89zz2uPW01jjWOOY41bC1LL
WwxbTFLLQopSy1LLSoo6CDoHOgg6CDoIOccpRSlFMYZCCFKKUopSikpJWstbC1rL
UopjDGMMY0xjC1rLa01rTXONa0xzjnvQhBB7z4QQjFGMUYxRlJKUkpSSlJKc05zT
pRSlFKUUnNOc05zTnNOtlq2WtZa1l7WWtZa1l7XWtZetlq1WtZe1l7WXpRWtVrWX
tZatlq2WpZadFK2WtZa1l7WWtZa1lq2WrZatlq2WrZatlq1WpVWtVq1WrValE5RQ
lI+dTnRNa8t8zo1VbFFbzmRRZNNLTFsMdBCEUYyRhFGEUXxQdA98EHwQfA9rjnPP
c89rj1sMY01jjWONUwtKylsMWwxSy0KJUstSy1KKQgg5xznHOgg6CDnHKUUphTGG
SolSilrKWspSimMMYwxjTFrLYwxrTGtNY0xjC3ONc81zjmtNc4+EEIQQhBCMUYxR
jFGUkpSSnNOc0pzSnNOc06UUpRSlFKUUnNOc05zTtZa1l7WXtZaMEFrLnNO1l7WW
lJJzTrWWtZadE0JIhBCtFLVTaspaiUHFYsq1lrWWtZa1l7WXtZa1l7WXtZa1lq2W
rZatVq1WrVatVq0WrValFKUUnRGlUZTQjNCU0XRRY89sUXTTS01Ky2vPhFGEUYRR
hFF8EHPPfA98EHwPa45zz3PPc49bDWNOY45jTlsMSspbTFsMUstCiVLLUstKijoI
Mcc5xznHOcc5xylEKUUxhlKKWstbDFrLWspjDGtNa01jDGtNc41zjXONa0xzjnOO
e85zjnvPhBCEEIQQhBCMUYxRlJKUkpSSnNOc05zTnNOlFJzTnNOc05zTnNOc07WW
tZe1l7WXlJNCCJSTnNO1llrMnNS1l7WXfBE5yJySUoqc1JzTa018EHwQrZa117WX
tZe1l7WXtZe1l7WWrZatlq2WrZatlq1WrVatVq1WpM+UTZyMtUycy4xLlIyVE5TT
jJOM02NOY01zz4QQjFGMUYRRhBBzz3QPfBB8EGuOa89rz2vOW0xjjWONY41bDErK
U0xTDErLQopKy0rLQopCCDHHOcc5yDnIOcchRSlFMYZaymMLYwtrTGMLa0xrjXON
a0xrjXOOc45rjmuNc457z3vPc457z4QQhBCEEIxRlJKUkZSSlJKc05zTnNOlE6UT
pRSlE6UUnNOc05TTnNO1lrXXtZetVmtMKURaynuOtVU5hkpJtZa1lpSSa01zjpSS
tZa9l0pKrZedFLWXtZe1l7WXtZe1l7WXtZe1lrWWrZatlq2WrVatVqVWrVWtVaUQ
nE6cTaSIpMqUTJRMrNCkjznHSklrTWuNc8+EEIRRhFGEUXwRc898D3wQdBBrjnPP
c89zjltMY01jTWNNUwxKylsMWwxKy0KKUstKykqKOggxxznHOcc5xznHIUUpRTGG
WstjDGMMY0xjTGuNc45zjnNOc45zznvOe85zjnvPfA98EHvPfA+EUYxRjFGMUZSR
lJKc0pzSnNOc05zTnNSc1KUUpRSlFJzTnNOc05zTtZa1l7WWe49CCYwROcdSinvP
e89CCK1VlFFrDGsLQcd7jr1WvddSSpzTtZa1lrWWtZe1l7WXtZe1l7WWtZa1lq2W
rZatlq1WrValVaUTpROlEpxPnIycS4xLhAyETaURg4xBhTmFa0xrTXPPfBCEUYRR
hFF8EXPPdBB8EHwQa41rznPOa85bTFtNY01jTVsLSopbC1sMSstCiUrKSspCiToI
MccxxzHHOcc5xykEKUUxhWMMa0xrjWuNa01zjnOOe85zjnuPe897z3vPe86EEIQQ
hBCEEIQQjFGMUYxRjFGUkpSSlJKc05zTnNOc05zTpRSlFKUUpRSc05zTlJKc07WW
tZa1loQRWsuUkWsNrVVjDLWWUolSiZzTrVVjDFKKYwytVbXWnNNSi7VWtZe1l7WX
tZe1l7WXtZa1lrWWrZatlq2WrZatVq1WpRSc06TTrVWlFKUUnNN7z3vPe8+dFIuP
QYU5hGMKa418D4RQhFGEUYRRfBFzz3QQfBB0D2uOa85rzmvOW0xbTGNNY01TDEqK
UwtbDFLKQklKykrKQok6CDHHOcg5xznHOcchBSlFMUZrTWtNa45zz3OOc497z3wQ
e898EHwPhBCEEIQQhBCMUYxRhBCMUYxRjFGUkpSSlNKU0pzTnNOc05zTnNOc06UU
pRSlFKUUnNOc05zTnNOtlrWXtZe117XXpVatlrXXtZe1mK1XtVa12LXXrZelVrWX
tde1l7WXtZa1l7WXtZe1l7WXtZe1l7WXtZe1l7WWtZatlq2WrVatVqUUnNOc060T
rROUjZRNlAyEDoQOnFCDjUGFOYViynPPfBCEUIRRhFGEUXwRc897z3wQc9BjjmvP
a89rz1tMY01jTWNNWwxKylsMWwxSy0KJUspKykqJOggxyDHHMccxxzHHIUUpRTGG
c45zjnPPe89zz3vPe8+EEIPPhBCEEIxQhFGEEIRQhFGMUYxRjFGUkpSSlJKUkpyS
nJKc05zTnNOc05zTnNOc06UUpRSlFJzTnNOc06UUtZa1lrWWtZe1l7WXtZe1l7WX
tZe1l7WXtZe1l7WXtZe1l7WXtZe117XXtZe1l62XtZa1l7WWtZa1lrWWtZa1lrWW
rVWtVa1VrVWtVKUUpRStVK1UjI2MjJRMlA6UD5QPi81JxUGEYsh7z4QQhFCEUYRR
hFGEEXPPfBB8EHwQa41zznPOc85bDFtMY05jTVsMSspTDFMMSspCSUqKUopKiToI
Mcc5xznHOcc5xyFEKUUphnvPe897z4QQe8+EEIQQjFGEEIQQhBCMUYxRjFGMUYxR
jJGMkYyRlJKUkpSSlJKc05SSnNOc06TUnNSc1JzTpRSlFKUUnNOc05zTnNOc07WW
tZa1lrWWtZa1lrWWtZa1lr2WjFG1lbWWjFG117XXtZe1l7WXtZe1mLWXtZdrTqUT
rVSUkYxRpRO1lrWWtZa1lq1UpROlE61VrVatVq1WrVatVpTOjI2UzqUTnNKUUZPO
WghBhWqJfA98UIRQhFGEUYQRfBBzz3QPfBBzz2ONa45rz2vOW0xbTFtNY01Sy0KK
UwtTDErLQopKykrKSok6BzHHMccxxzHHMcchBCFFKYaEEIQQhFGMUYxRhBCMUYxR
jFGMUYxRlJGUkoyRjJKMkpTSlJKUkpSSlJKc05zTnNOc05zTpNOlFKUUpRSlFKUU
rVWlFJzTlJKc05zTnNO1lr3WtZeUklpIUkdSB0nGasu9VFqLe9Ck1HvPtZe1lpzT
tZe1l7WXtZe1lnvPOcetVZzTSglSSZSStZa1l7WWtZatVaUUpRStVa2WrVatVa1V
rVWlFKUUpRSlFaUUpNSUEHtMYspzDHPPfBCEEIRRhFGEUYRQc89zz3wQfA9rjWvO
c85rjlsLY0xjTWNNWwtKilLLWwtKykJJSopKikJJOggxxznHOccxxzHHIUUhRSmG
hFGEEIxRjFGMUYxRjFGUkpSSjFGMkZSSlJKUkpSSlJKc0pSSlJKc05TTnNOc05zT
nNOc06UUpRSlFKUUpRSlFKUUpRSc05zTnNOc05zTtZa1lrWXpRWMk3PQc9BSinNN
e8+EEK1VtZZzj7WWtZVCB5zSc821la1Vc44Yw6UUtZac1EIJUoqMUpzTrVW1lrWW
rVWlFKUUrVStVJzSnNKtVK1VrVSlEpzRpNGlEZyQlA6DjYOMe4xzz3wQhFGEUYRR
hFF8UHPPfA98EHwPa41rjnPPa45TDFtNY01jTVMLSopTC1MLSspCSUqKSopCSToH
KcYxxzHHMccxxyEFIUUpRoxRhFGMUZSSlJKMUYxRlJKUkpSSlJKc05zTlNOU05TS
nNOc05ySnNOc05zTnNOc05zTnNOlFKUUpRSc05zTpROtVKUUnNOUkpzTnNOlFLWW
tZa1l7WXtZdrjlrLQgi9lZTTYwy1lpSSQgi9VWsMKQRKCEoItVVSilJJKQS1lrWW
lJNKSlrKjBA5x6UUtZa1lrWWrVWtVq1WpRSUkJSQpRKtU60SnIyUS5yMrQ2cS5PN
i4yLjINMc858EIRQhFGEUYRQhBBzz3QPfBB0D2ONa45zzmuOWwxbDWNNY01TC0KK
UwtTC0rKQolKikqKQkk6BzHGMcYxxjHHMccZBSFFKUaMkoSRjJKUk5SSjJGMkpTT
lNKUkpSSnNOc05zTnNOU05zTnNOU05zTnNOc05zTnNOc05zTpRSlFKUUnNOc06UU
rVWlFJzTlJKc0pzSpRO1lrWWtZe1l7WXUsuMUaTUtde117WXnJM5x6TTtZec01KL
hBGMUrWXlJO1lzGHtZa1l2MMa01iyzFFa021lrWWtZa1lrWWrVatVq0UlI+UkKUS
rVOtU6TNlEycjbUMpEyTzYuMi4yDjHvOfBCEUIRRhFGEUXxQc89zz3wQdA9jjWuO
c85rjlsMWwxjTVtNUwxCilMLUwtKykJISolKikpJOgcxhjGHMYcxxzGHIQUpBSlG
lJKMUZSRlJKUkoyRjJKU05TTlNKUkpzTnNOc05zTlNOdE5zTlNOc05zTpNOk06UU
nNOc06UUpRSlFJzTpRSlFK1VpRSc05SSlJKc05zTtZa1lrWWtZalFDnHtZa9172X
tZZ7zznGlJK1l7XXtddzz4xRtZe9l72XvdgxhrVWrVVCSK1Vc45azLWWtZa1lrWW
tZa1lrWWrVatVZzSnNKlVK1UrVSk0JSPnI+tEJyQlA6LTYtNi01zjnwPhFCEUIRQ
hFB8EHPOe898EHQPY45rjmvOY45bDFsMYw1jTFLLSolTC1MLSspCSEqJSopCSTnI
MYYxhjmGMYYxhiEEKQQpRZSSjFGUkZSSlJKMkoySlNOU05TSlJKc05zTnNOc05TT
nNOc05zTnNOc06UUnNOc05zTnNOlFKUUpRSc06UUpRStVaUUnNOUkpSSnNOlFLWW
tde1l7WXUouMEb3Xvde915zUSkqlFL3Xvde9173XnNOMUb3Xvde9173XYwy1lrWW
rZa1l61WtZe1l7WXtZe1lrWWtZa1lq1WrValVaVVpVWtVa1VpRSlFKUUpRSlFJSS
i42LTYMMc457z4QQhFCEUIRQhBBzznPPfBB0D2ONY41rzmOOWwxbDFsNY0xSy0KK
UwtTC0rKQklKikqKQkk6CDGGMYYxxjHGMcYhBCFFKUaUkoySjJKUkpSSjJKMkZTS
lNOU0pSSnNOk05zTnNOc05zTnNOc05zTnNOdE5zTnRSc05zTpRSlFKUUpRSlFKUU
rVWlFKUUlJKUkpzSpRO1lrWXtZe1l7VWtZe9173Xtde117WXvde9173Xvde9173X
tde1173Xvde9l7WXtZe1l7WXtZe1l7WXtZe1V62WtZa1lrWWtZa1Vq1Wi86LzqTR
rVWtFa0VpRSUkZRQpNGcUJONi0yLDHOOe898EIRQhFCEUIQQc85zz3wQdA9jTWON
a45jjVMMWwxjDWNMUwtCiVMLUwtKykJISolKiUJJMcgphimHMYYxhjGGIQQhBSlG
lJKUkoySlJKUkoySjJKU05TTlNKUkpzTnNOc05SSlNKc050TnNOc05zTpRSk06UU
nNOc06UUpRSlFJzTpRSlFK1VpRSc05SSnJKc0qUTtZa1l7WXtZe1l7WXtZe1l73X
vde9l7WXvZe9l72XvZe9l7WXtZe1l7WXvZe9172XtZe1l7WXtZe1l7WWtZe1l7WW
tZa1lq2WrVatVopGecWbCqVUpRSlFKUTjI6MTqyQpE+TTItMi0xzjXvPhBCEEIQQ
hFB8EHPPc89z0HPPY01rjWvOa41bDFsMWwxbTFMLQolSy1LMSoo6SUKKQopCSTHI
MYYxhjGGMYYxhiEEIQQpRYySjFKMUpSTlJOMkoySlNOU05TTlNKc05zTnNOckpTS
nNOdE5TTnNOc06UUnNOlFJzTnNOlFKUUpRSlFKUUpRStVaUUnNOUkpzSnNKlFLWW
tZe1l62WpVWtlqUVtZatVbVVpRSlFK1VnROtVZzTrVWU0q1VlJK1Vr2XvZe9l7WX
tZe1l7WXtZe1l7WXtVetlrWWtZa1Vq1WrVVyR2oGo42tEqTRnNGtEZSNjEykjqzP
igZ5hYGFc0xzz3wQhBGEUYQQfBBzz3PPfBB0D2ONY41rjmuNWwxbDGNMY0xTC0KJ
UwtSy0qKQklCikKKQkk5xzGGMYYxhjGGMYYhBCEEKUWUkoxRjFGU0pTSjJKMUpTT
nNOU05SSnNOc05zTnJOc05zTpRSc05zTnNOc05zTpRSc05zTpRSlFKUUpRSlFKUU
rVWlFKTTlJKckpzTpRS1lrWXtZeVFGvPlNSEUaVVlNOlloRShFKU1IyTrZaU1K1W
dBCdFYSRpRS9173Wvde9l72XtZe1l7WXtZe1l7WXrZa1lrWWtZa1Va1VlBB7DKSR
rRKk0qTRpNGUT5SRpM+k0IlDgQKBAnNMe898EIRRhFCEEHwQc49zz3wPc89jTmuO
a45rjlsMWwxjTGNMUstCSUrKUstKikIIQklCiUJJOccxhjGGMYYxhjGGIQQhBClF
lJKMkoxRlJKUkpSSjJKU05zTlNOUkpzTnNOc05zTnNOc06UUnNOc05zTnNOc06UU
nNOc06UUpRSlFKUUpRSlFKUUpRSc05SSnJKc06UUvZa1l7XXnVV0EKWWjJKtVYyS
pVSU05UTlNSU062WnRS11pzTrZadFKVWvde1173XtZe1l7WXtZe1l7WXtZa1lq2W
tZa1lrWWrZatVq1WpVWlVaUUnNKk0oMKcoiTjKxPpA2JQ4ECgQJ7jnuPfBB8EYQQ
hBB8D3POc850D3PPY01jTWuOa41bDFsMW0xbDFLLQklKylLLSoo6SEJJQklCSTnH
KYYxhjGGMYYxhiDEKQQpRZSSjJGMUZSSlJKUkpSSlNKc05TTlJKc05zTnNOc05TS
nNOc05zTnNOc05zTnNOlFKUUnNOlFKUUpRSlFJzTnNOlFKUUnNOUkpSSnNOlFLWW
tZe1l61WrVatlq2WrZatl7WXtZetl7WXrVatlq1WtZa1lq2WtZa1lrWXrVWtVa1V
rVWtVa1WpRS1lrWWtZatlrWWtZa1lrWWpVaEkoRRlNSlVaUVpRWKB3mFkojMDrvM
gYR5Q4mFe85zz3wPfBCEEHwQfA9zznPPdA9zz2NNY01rjmONWwxTDFtMW0xTC0KJ
UspSy0qKOglCSUJJQgk5xzFGMYYxhjGGMYYhBCEEKUWUkpSSjJKUkpSSjJKMkZTS
lNOU0pSSnNOc05zTnNOc05zTpRSc05zTnNOc05zTpRSlFJzTpRSlFKUUpRSlFKUU
pRSlFJzTlJGUkpSSpRS1lrWWtZec1HxRjNN8EJ0UjJKdE6VVnRSM03xRjNN0D4yS
hFKU1J0VlNSlFaUVlNSc1JTThFGU05SSrVW1l7WXrZa1lrWWtZatVqVVdBBrz4yT
pRatFaUVckdpxZtLxI+rzYmFeQR5A3tNc858D4QQhBCEEHvQc45zz3wPc89rjWNN
a45jTlsLUwtbTFtMUstKSVKKUstKijoJQklCSkIJMccphimGKYYphzGGIQQhBClF
lJKMkoyRlJKUkpSSjJGU0pTTlNOUkpTTnNOc05zTnNOc06UUnNOc05zTnNOc06UU
pRSc06UUpRSlFKUUpRSlFKUUpRSc05SRlJKc06UUtZa1l7WXjJJrz4STY8+VFHxS
lNOM05UUhJN0EYTTbBCEkoySnRStlp0UrZadFK1WnROdFJ0UnRWc1K1WtZe1l62X
tZa1lrVWtValVXQRa9CEk6UVnNSk05ySe8+UUqzTnFKJhXkDeQN6iHOOe8+EEIQQ
hA97z3POc85zz3PPY01jTWuOa41bDFsLWwxbDFLLQklKylLLSopCCUIJQkk6CDHH
KYYphimGKYcphhkEIQQpRZSSlJKMUZSSnJOUkpRRlJKc05TTjJKU0p0TnNOc0pzT
nNOlFJzTnNOc05zTnNOlFKUUnNOlFKUUpRSlFJzTnNOlFKUUpROUkpySnNOlFLWW
tZa1l50VlNOlVpzUrVatl7XXrZelVa2WpVatl62XrZa1l7WXtZe1l7XXtZa1l7WX
tZe1l7WXtZa1VrWXtZatlrWWtZatlq1WpVaMk4yTnNScjZRMnM2lFKUUnNOUkpSQ
gYV5RYnHekdzjnvPfBB8EHwQe9BrjnPOe89zz2NNY01rjmONUwtTDFsMWwxSy0JK
SopSy0qKOghCSUJJOggxxymGKYYphimGKYYhBCEEKUWUkoySjFGUkpSSlJKMkZTT
nNOUkpSSnJKc05zTnNOc05zTpRSc05zTnNOk06UUpRSlFJzTpRSlFKUUpRSc05zT
pRSlFJzTlJGUkpzSrVS1lrWWtZe1l72XvZe9173Xvde9173Xvde9173Yvde9173X
vde9173Xvde9173XvZe9l7WXtZe1l7WXtZe1l7WXtZa1lrWWtZatVq1WrVWtVq1V
pIycS6SLpRKlEnyPW4dbiFpEgkajS2pKc457z3wQfFB8EHwQc45zjnvPc89jTWNN
a45jjVMLUwtbC1sMUstCSVLKUstKikJIQklCSToIMccpRTGGMYYxhimGIQQhBClF
lJGMkYxRlJKUkoySjJGUkpzTlNKUkpzTnNOc05ySnNOc06UUnNOc05zTnNOk06UU
nNOc06UUpRSlFKUUnNOk06UUpRSc04yRlJGckqUUtZa1lrWXtZe9l72Xvde9173X
vde9173Xvde9173Xvde92L3Xvde9173Xvde9173XvZe1l7WXtZe1lrWWtZa1lrWW
tZa1lq2WlNCETozQrZKtUqTQlE6UTqURnVF0TVNHU4dKhYKIs9BSinOOe898EHwQ
fBB8D3OOc45zz3PPY01bTWuOY01TC1LLWwtbDFLLQklKikqKSoo6CDpIQklCCDHH
KUUpRimGKYYphhkEIQQpRZSSlJKMUZSSlJKMkoxRlJKc05TSlJKUkpzTnNOc05zT
nNOlFJzTnNOc05zTnNOc05zTnNOlFKUUpRSlFJzTnNOlFKUUpROUkZSRnJKlFLWW
tZe1l7WXvZe9173Xvde9173Xvda9173Xvde9173Xvde9173Xvde9173Xvde9l72X
tZe1l7WXtZe1lrWWtZatlrWWtZatVnxKY8h8i6VVrVWlFJ0TpRSU03RQW8pLSFPI
UsZ6yLRRYwxrjnPPfA98EHwQdA9rjmuOc89rj2NNY01rjmNOWwtSy1MLWwxSy0JJ
UopSikpKOghCCEJJOggxxymGKUUxhjGGMYYZBCEEKUWUkoySjFGUkpTTlJKMkZSS
nNOUkpSSnJKc05zTlJKc05zTpRSc05zTnNOc05zUpRSc1JzTpRSlFKUUpRSc05zT
pRSlFJzTlJKUkZySrRS1lrWWtZe1l72XvZe9172XvZe9173Xvde9173Xvdi9173X
vde9173Xvde9173XvZe9l7WXtZe1l7WXtZa1lq2WtZa1lrWWrVZ8TGPJdEulVKVV
pRWlFaUVjNRjz1uOdJB8kFrKgsmrzlqKc45zz3vPhBB8EHQPa45rjnPPa45jTWNN
a41jTVMLUstTC1MLUstCSUqKUstKijoIOklCSToIMccpRimGKUYpRilGGMQZBCEF
lJKUkoxRlJKc05SSjFGUkpzSlJKUkpTTnNOc05SSlJKc06UUnNOc05zTnNOc05zT
pRSc06UUpRSlFKUUnNOc05zTpRSc1JSRlJGckqUUtZa1l7WXtZe1l7WXtZe9l73X
vde9l72Xvde9173Xvdi9173Xvde9173Xvda91r3XtZe1l7WXtZe1l7WXtZe1lq2W
tZa1lq1WjJB8S4RKlMydDa1VrRWlFZTUa49jj4SSnNNiyFqHe8t7zmuOc858D3wP
fA9zz2uNa45zj2vOY01jTWuNY01Sy1LLUstTC0rKQklKilKLSoo6CDoIQkg6CDHH
KUUpRSlGKUYpRhjEIMQpBZSSjJGMUZSSlJOUkoyRlJKc05ySlJKUkpzTnNOUkpzT
nNOlFJzTnNOc05zTnNOc06UUnNOlFKUUpRSlFJzTnNOk06UUnNOUUpRSlJKtFLWW
tZa1lqUUpRStFK0UrRS1lZzSnNKtVLWVtZW1lr3Xvde9173Xvde9173Xvde917WX
tZe1l7WXtZe1l7WWtZa1lrWWtZatVq1VrVWkjJyLpMylVaUUpRSU03wQdA+MkJzR
Ywhax5ROlJFzjnPOe897z3vPc89rjmuOc89zzmNNY01rjWNMUstSy1LMUstKijpJ
SopKi0JJOgg6CEJIOggxhylGKUYpRilGKUYYxBkEIQWMkoyShFGMkpTSjJKMkYyS
nNOUk5SSlJKc05zTnJKc05zTpRSc05zTnNOc06UUpRSlFJzTpRSlFKUUpRSk06TT
pNOk1KTTlFKUUZySrRS1lrWWtZZ70HNOa02UUZzTlJJzjnuOe4+UUaTUlJO9173X
vde9173Xvde9173XvZe1l7WXtZe1lrWWtZa1lrWWtZa1lrWWrVatVa0VnI2cTbSO
vM5zB2qJnEu1DpxLlAqUSHMEasaUT5SSa45rjnPPc89zz3PPa45rjnPPa85jTFtM
Y41jTFLLUstTDFMLSss6SEqJSspCSTIHOgg6CToIMYcpRilGKUYpRilGGMQgxCEF
jJKMkoxSlJKU0pSSjJGMkpzTlNOUkpSSnNOc05ySnNOc06UUnNOc05zTnNOlFKUU
pRSc06UUpRSlFKUUnNOc05zTpRSc05RRlFGckq0UtZa1l7WXpRWdFaUVrVa1l61W
tZa1lq1WrVa1l7WWtZe1l7WWtZe1l7WXvZe9l7WXtZe1l7WXtZa1lrVWrZa1lrWW
tZWtVa1VrVWlFKTSpNKlEqURYgdiBpvKvQ6cjJQKnAqDSXLKlJKUknOOc41zznPP
c89zz2uOa45zzmuOY01jTGNNY01Sy1LKUwtay0qKQglKSkqKSoo6CDoIQkk6CDGH
KUUpRSlGKUYpRRjDGMMhBZSSjJKMUZSRlJKUkoxRlJKc05TTlJKUkpzTnNOc05zT
nNOdFJzTnNOc05zTpRSlFJzTnNOlFKUUpRSlFJzTnNOc06TTnNOUUpRRlJKtFbWX
tZe1l7VWrVWlFLVVnNOtFKUUnNO1lqUUpRSMELVVjBCMEKUTtZe1l7WXvZe1l7WX
tZe1l7WXtZe1V7WWrZa1lq1TpNCsy7ULpIqkjKTNtQ+1D3IHacabirTPnI2MC5RL
g4pzS5STlJNrj2tOc457z3PPc89rjmuOc89rjmNNWwxjTWNNUstSylLLUstKijoI
SklKikJJOgg6CEIIOcgxhykFKUUpRSlFKUUYwxjEIQSMkoySjFGMUZSSlJKMUZSS
lNOU05SSlJKc05zTnJKckpzTnNOc05zTnNOc05zTnNOc05zTpRSlFKUUpRSc05zT
nNOk1JzTlFKUUZSSrVW1lrWXtZeMUYRRc46UkmsNhBCMEIPPtZackoxRYwylFHuO
e8+c061VrVW9lr2XvZe1l7WXtZa1lrWWtZa1lrWWtZatEpyNrIi0yaSHpIikiKyK
rIyLjYOOnFCk0pySlJGUkXvOYw2ck5SSc45rjnOOc89zz3OPa45rTXOOa41jTGMM
Y01jDFLLUstSy1LLSos6CEJJQopCiToIOgg6CTnIMYcpBSlFKUUpRSlFGQMZAyEE
lJKUkoxRlFGUkpSSjFGUkpzTnNOUkpSSnNOc05SSnNOUkpzTnNOc05zTnNOc05zT
nNOc0qUTpRSlFKUUpRSc05zTnNOc05RRjFGUkq0VtZe1l7WXpRWlFaUVrVak1a1W
rVa1VrWWrVatVq1VtVW1VrWXtZec1KUUtZa1lrWWtZa1lrWWtZa1lq2WtZa1lrWV
rRKcjqyItMqsh6SHpIekh5yLpRSlFKUUnM+UTpxOrJBrCmtMhA+ED3OOa45zjnPO
c89zzmuOa45zjmuOYw1bDGNNW0xSy0rKUstSy0qKOglCSkpKQkkyCDoIOgk5xzGG
KUUhRSlFKUUpRRjDGMMhBJSSlJKMUYxRlJKUkoxRjJKU05TTjJKUkpzSnNOckpzT
lJKc05zTlJKc05zTpRSlFJzTnNOc06UUpRSlFKUUnNOc06TUnNOUkoxRlJKlVbWW
tZe1l5SShBGMEKSRg85zjbUTtZVzTHuNlFBzjYxQjJK1l7WXtZe1l7WXtZa1l7WW
tZa1lrWWrZa1lrWWtZa1lq1UpNCszq0OpIqkiJyIpIiki5RQjFCc0pyMjAuMCpTT
jFKMkoySjJJzjmuNc45zz3PPc85rjWNNa45rjltMWwxjTWNMUspKykrKUstKijoI
QklKSkJJMcg6CDoIOcgphiEFKQUpRSlFKUUYwxjEIQWUkpSSjFGMUZSSlJKMUYyR
lJKUkpSSlJKUkpzTlJKc05SSnNOc05zTnNOc06UUpRSlFJzTnNOlFKUUpRSlFJzT
lJKc05zTlJKMUZSSpRS1lrWXtZeMUoQRg9Gk1IwQjFGlFLWXjFKlFa1WpRSlFKUU
tZe1l7WXtZe1l7WXtZe1l7VXtZetlrWWtZa1lbVVrVWtVa1VrVWlVaUUpROkzpyO
pI5Jg0EBlAacR5RGlEikzYxPhBCMkpSSe89rTXNNc45zzmuOY01jTWuOa45jDFsM
Y01bTErKSopSy1LLSopCCEJJSopCSToHOgg6CDnHMYYhRSlFKUUpRSlFIMQYxCEE
lJKUkoxSjJGUkpSSjFGMUZSSnNOUkpSSlJKc05SSlJKUkpzTnNOUkpzTnNOlFJzT
nNOc05zTpRSlFKUUpNOc05STpNOc0pSRjFCUkaVVtZa11rWXtZe1V7WXtZe1l7WX
tZe1l7WXtZe1lrWWtZa1l7WXtZe1l7WXtZe1l7WXtZe1V7WWrZa1lrWWtRKkj6SP
rVStVa1VrVWtVa1VrRSlFZzTWYRJQotInEyUTJRNpM+UTHvNhA2UkXvPY01rTWuO
c45rjmtNY01rjmNOWwxTC2NMW0xKykqKUstSy0qKOglCSUpKQgkxyDnIOgg5xzGG
IUUhRSlFKUUpRRjDGMMhBJSSjJKMUoxRlJKUkpSRjJGU0pTTlJKMkpzTnNOc05zT
lJKc05zTlJKc05zTpRSc05zTnNOc06UTpRSlFJzTnNKckqTTnNOUkYxRlJKtVbWX
tZe1lpzTlJKUkK1ThA+ED61UnNKc0qTThBC1lrWWtZe1l7WXtZe1l7WXtZe1l7VX
tZatla0UrRG9UbUPnI6cj7VRrRSlE60TrVGk0JzQpNCs0mHHWYZ6y5RQnNOc05zT
jEyDyoQLlJF8D2NNa05rjnOOa45jTWNNa45jTlsMUwxjTFsMSopKikqLSopCijoI
QklKSkIJMcc5xzoIMccphiFFIUUhRSFFIUUYwxjDIQSUkpSSjFKMUZSSlJKMUYxR
lJKUkpSSlJKc05zTnNKc05SSnNOc05SSnNOc06UUnNOc05SSnNOc06UUpRSlFJzT
nJKc05zSjFGMEJSSrVW1lrWWtZaUkoxRlJOlVYxSlJOtVq1WrVWtVq2WtZe1l7WX
tZe1l7WXtZe1l7WXtZe1lrWWrVKkkJyPxUu9CpyOrIi9CqyInI69C8VMnIycjKTN
nNNrjmuOa418D5SRa0qUDpQLg4yEDYySfBBjTWtNa45zjmuNY01jTWuOY41bDFrM
Y01bDFLLSopKi0qLSko6CEJISklCSDnHMcc6CDHIKYYhRSEFIUUhRSlFGMMYwyEE
lJKUkoxRjFGUkpySlFGMUZSSlJKMkoyRlNOc05zTlNKUkpzTnNOc05zTnNOc05zT
nNOckpzTpNOlFKUUpRSc05SSnNOc04xRjBCUkq1VtZa1lrWWtZa1lrWWtZa1lrWW
tZa1l7WXtZe1l7WXtZe1l7WXtZa1lrWWtZa1lrWWtZa1lq1TpI+cTrTQtRGtEazR
tRGcjZyNtQu9TZyLlEqci2wRW9Bbj1OPW4+DjVHGScaLjYQPjE+UkXwPY01jTWuO
a45rjmNNY01rjmNNWwxbC2NMWwxSy0qKUstSikpJOghCSEpJQkk5xznHOcgxxylG
IQUhBSEFKUYpBRjEGMMhBJSSjJKMUYxSlJKUkoyRjFGUkpSSjJKMkZSSnNOc05zT
lJKc05zTlJKc05zTnNOc05zTlJKc05zTpRSlFKUUnNOckpzTnNOUUYQQlJKtVbWX
tZa1lrWWtZa1lrWWtZe1l7WXtZa1l7WXtZe1l7WXtZe1l7WXtZe1l7WWtZa1lbVU
tVO1EqyLmoWKA6LHrVWtVa1VnI2cjKzMtU2cjIRMhAtjkFuQW49Tj1OPckhZhVmF
jFBzjnvPe89zjmNMY01jjWuOa45jTWNNa45jTVsMUwxbTFsMUspKilLKUopKSToI
QklKSUIJOccxxznIMccphiEFIQUhBSEFKQUYwxjEIQSUkpSSjFKMUZSSlJKMUYxR
lJKUkpSSjFGUkpTTlNOUkpSSlJKc05SSlJKUkpzTnNOc05SSnNOlFKUUpRSlFJzT
lJKc06TTlJGMEJSSrVW1lrWWtZa1lrWWtZa1l7WWtZa1lrWWtZa1lrWWtZa1lrWW
tZa1lq2WtZa1lrWWtRCsjqSOxRDFEJqIigaiya1VrVWtVaTRpNGkiqRKpIqUknQQ
W89bj1uPW49Tj3LMWklaSIyQhE6MkJSRhBBrTWtNa01rjmtOY01jTWONY01bDFrL
WwxbDEqKSopKi0qKSkk5x0IISklCCDnHMcc5yDGHKUYhBSkFIQUpBSEFGMMYwyEE
lFGUUYxRjFGUkpSSlJGMUZSSnNOUkoxRlJKc05zTlJKUkpSSnNOUkpSSlJKc05zT
nNOUkpzTpRSlFKUUpRSc05SSnNKc0pSRjBCUUa1UtZa1lrWWtZa1lrWWtZa1lrWW
tZa1lrWXtZe1l7WWtZa1lrWWtZatlrWWtZa1lrUSpJCkkL0UvRakUqRSrJKsz6TP
pRC1UbVRpIqkiaRJhFFb0FuQU49Tj1OPU49zz5RJjAmMB4vEg8Z7ynwNY01jTWtN
a41rTWNNWwxjTWNNWwxTC1sMUwxKikKKSopKikpJOchCCUIJOggxxzHHOgcxxymG
IQUhBSEFIQUhBRjDGMMhBIxRjFGMUYRRlJKUkpSSjFGUkpzTlJKMkpTSlNOU05SS
lJKc05zTnNOUkpSSnNOc05zTlJKc05zTpRSlFKUUlJKUUZySnJKUUYwQlFKtVLWW
tZa1lrWWtZa1lrWWtZa1lrWWtZa1lrWWtZa1lrWWtZW1lrWWtZa1lrWWtZa1Va0V
rRWtVa1VrVWtVK1UpMuci6zMvU69TqSLnEqcCmvOW89bj1OPU49Tj1NPc46USYwI
lAeLxIvGg4qEEGNMYw1jTWtOa05jDVsNY01jTVMMUstTDFLMSopCiUKKSopCSTnH
QghCSDoIMccxxznIMccpRiEEIQQhBSEFIQUYwxjDIQSMUYyRjFGEUYySlJKMUYxR
lJKc05SSjJKUkpyTlNOUkpSSlJOc05zTnNOc05zTnNOc05SSnNOc06UUpRSc05SS
jFGUkpySlFKEEJRSrRS1lrWWtZa1lrWWrVW1lrWWtZa1lrVWtZa1l7WWtZatVrUS
pJCs0bVUtVa1VrVWtVa1VrVVtVWszaSMrMy9TayLpIqsy61VrVWk06TTg85jTWvO
Y41bj1OPU49TT3OOlEuMCowKjAqMToQOjFFrTWMMYwxjTWNMWwxbDGNNY0xbC1LL
WwxSy0qKSolKiUqJQkk5xzoIOgg6BzHHMccxxymHIUYhBSEEIQQhBBjEEIMYwxjE
jFGMUYxRjFCMUZSSjFGMUZSSlJKUkpSSlJKUkpSSlJKUkpSSnNOc05SSlJKc05zT
nNOUkpzTnNOlFKUUnNOUkoxRlJKUkpSRhBCMUa1VtZa1lrWWtZa1lrWWtZa1lrWW
tda1lrWWrZa1lrWWtZa1EKSOpI61VLWVrVStVK1VrZWtVq1VrIyki6TLvVGk0JzR
pRKtU6UTpROc0lqInJJzj2OPU49Tj1NPU09zj5STlJKUknvPe45zjnOOY0xbDGMM
a01jTVsMWwxjTVsMSopKylLLUspKiUqJSklCSUIIOgg6CDoJOgg6CDHHMYcxhzGG
KQUpBSlFKQUYwxjDIMQYxJRRjFGMUYQQjFGUkoxRjFGUkpSSlJKUkpSSlJKc05SS
lJKUkpzTlJKUkpSSnNOc05zTlJKUkpzTnNOc05zTlJKMUZSSlJKUUYQQjFGtFLVV
tValFLWWpRStVbWWtZa1lrWVlJKtlZSShBC1lrWWtQ6kjKSNvVO9VK0TrROtE7VV
rVWtVazNnIykjK1VrVWtVa1VrVWkz5SNc0iUUJzTjFFj0FOPU49TT1NOc4+c0ZSP
jFB7zoxSjJKMUmtOWwxbDGMNY01bDGMNY0xbDFMLWwtbDFLLSstKikJJSopKiUJI
OcdCCEIIOccxhzGHMYcxhiEEIQQhRSEEGMMYxCDEGMSMUoxSjFKMUZRRlJKMUYQR
jFKUkpRSjFKUkpzTnNOUkoySlJKc05TTlJKUkpTTnNOc05zTlJKc05zTnNOc05SS
jBGMkpSSlJGED4xQrVStVFrKYsq1VXvPhA+lE6UTnNOlFGuOnRStloQRrZa1lq0R
pNCk0L1UvVOtEqzSrROtVq1VrVWk0JyPpJCtVa1VrVWtVa1UpIucSpRKpRSdE4xS
Y5BTT1OOU09TT3OPnM+UTIPKc4iMkYyShJJrjlsMWwxbDGNNY01jTWMNUstSy1LL
UwtSykqKQolCSEpJQklCCDnHOgg6CDnIMYYxhjGGMUYhBCEEKQQhBBiDGMQYxBjD
jFGMUYRRhBCMUZSSjFKMUYyRlJKUkoxRlJKU05SSlJKUkpSSnNOUkpSSlJKc05zT
nNOUkpSSnJOc05zTnNOUkYxQjFCMUYwQe8+MUK1UvZV7jnNNrRR0EISTlRWEk4ST
hJN0EHQRjNJzz5zTrVa1Vq1WrVa1Vq1WrNOk060TrVWtVa1VrRWtVa1VrVWtVa1V
rVSlFJQJjAmci50UnRSMUmPQU49TT1NPU09rTpTOlE2Dy3NJjIyMToQPa01iy1rL
WwtjTWNMY01bDFLLUstSy1LLUstSikpJOghCSUJJQggxxjoIOgg6CCmGMYYxhimG
IQQhBCFFIQQQwxjEGMQYxIxSjFGMUYQQjFGUkpRRhBCMUYySjFGMUZSSlJKUkpSR
jFGUkpSSlJKUkpSSlJKc05SSlJKUkoxRlJKUkpSSjFGUkpSRjFCEEIxRjFGtFbVV
c01zTa0UlJKEEa1WrZa1lqVVpVWllp0UrZalFa1WrVatVrVWrVatVqUVpRWtVa1W
rVWtVa0VrRWtVa1VrVWtVa1VpRWD0HMNnJKlFKUUhFJj0UuPS09LT1NPa4+Uz4xM
e8t7hZRFg8ZzimtKWstay1rLYwxbDFsMWwxSy1LLUstSy1KLSopCSToIQklCSToI
Mcc6CDoIMggphimGKYYpRhkEIQQhRSEFEMMYxBjEGMSMUYxRjBCEEYxRjFGMUYxR
lFGUkoySjJKMkoySlNKUkpSSlFGckpySlJKUkpzTnNOc05SSlJKUkpzTlJKUkoxR
lJKUkYRQhBCMUZRRrRW1VrVWtVa1VrVWrVa1VrWWtZa1lrWWtZa1lrWWtVa1Vq1W
rVatVq1WrVWlFZzUrVWtVaVVrVWlFKTTpNOlFK1VrRWlFaUVe4+D0KTUpRSlFIxR
W01LTlOOU05TTmsKg82MDoRPe82EDnuKc4prSFrKUstSy1sMWwxbDVrMUstSy1LL
UstSylKKSklCCEJJQkg6CDHGOgg6CDHHKYYphimGKYYhBCEEKUUhBBjDGMMYxBjD
jFGMUYxRjFKMUYxRhFGMkYyRlJKUkoySjJKMkpSSlJKUkoxRlJKUkpSSlJKUkpSS
nNOUkpSSlJKc05SSjFGMUZSSlJKEEIwQjFGUUa0UtVWtFJySrVWlFKUUrVWtVa1W
tZaEUaVWpVSEEJzTrVWlFKUUlFKlFaVVa057j61WrVWtVa1VrRSc05zTpRStVaUV
pRWlFGMMjFGdFKUUpRSMUVLMIYdTDUqLIURhhVlEcgeMkXwPa41bClsJWwlay1LL
UstbDFsNWwxazFLLUstSy1LLSopKikJJOghCSUJJOggxxzoIOgg5xymGKYYphimG
IQQhBCEEIQQYwxjEGMQYw4xRhFGEUYRRjJKMUYxRjFGUUpSSjJKMkoySjJKMkpSS
lJKUkpSSnNOUkpSSlJKUkpzTlJKUkpSSnNOUkoxRjFGUkpSSjFGEEIxQlFGtFK0U
Uklqy61VhBBjTZTTlJKUkZSSY010EISSa46EEZzUe8+tVaUVe8+MkpTTfBGtFa1V
rVWtVa0UnNKc06UUpVWlFaUVpRVKSpSTpRWlFKUUe9BKShjESksxiBjBWcZRhWpI
lJKEEYQQg8970GuOUstSi1LLWwxbDFsMWwxSy1LLUstSy1LLSopCSjoIQklCSUII
Mcc5yDnIOccphimGKYYphhkEIQQhBSEEGMMYwxjDGIOMUYRRhFGMUYxRjFGMUYxR
jFGMkoySjFGMUYxRjJKUkpSSlJKUkpzTlJKUkpSSnNOc05SSlJKUkpzTlJKMUYxR
lJKUkowQhA+MEJRRrRStVXuOYwy1VYQQhBKc1IyTlJSdFYQRpVWlVXwQpVaU1HwR
nVVzz5TTpVV8EKUUrVWtVa1VrVWlFJzTnNOlFKUUpRSlFKUUOceUk6UUpRSc1IQR
WswQw1LMQkkggFlEWYRyB4yShFGEEYyShFJz0FLLUstSylrMWwxTDFMMSstKy0rL
SstKykqKQkk6CEJJQgk6CCmHOcg5yDmHKYYphimGKUUYxCEEIQQgxBCDGMQYwxCD
jFGEEIQQjFGMUYQQhBGMUYySjJKMkoxRjFGMUYyRjJKUkoyRlJKU05SSjFGUkpzT
nNOUkpSSlJKc05zTjFGEEJSSlJGEEIQPjBCUka0UrVVjDHuPrVWtVqTUrVatVq1W
rVaUU61WpRWlFK1WrVac1KUWpRWtVq1WpNStVq1VrVWtVa1VrRSlFaUVpRWlFaUV
pRSlFCmFnNSc1KTUnNSEEVsNGMNjDlKLGINizHNOe4+MUoRSfBCMUoRRc9BSy0qL
Sopay1sLUwxTC0rKSspKykrKSspCiUJJOgg6SDoIOgcxxjnHOccxhylGKYYphiFG
IMQgxCEEIMQQgxjEGMMYw4RRhBGEEYQRhFGMUYRRhFGMUoxSjFKMUYxRjFGMkYyS
jJKMUYxRlJKUkpSSlJKc05zTlJKUkpSSnNOUkoxRhBCMUYxRhBB7z4QQjFGlFK0V
rVatVq1WrVatVq1WrVatVq1WrVWtVa1VrVWtVa1VrVWtVa1VrVWtVa1VrVWtVa1V
rVSs0JyPpNClFKUUnNRKSYOMpJAxhpzUpNSc1JzUhBFjDRjFc5BjDhCDa0+MUoxT
jFOEUnQQhFKEUnPQUotKikqKUwtTC1MLUstKikrKSspKykqKSklCSDoIQkk6CTnI
MYcxxznHMYcpRilGKUYpRhjDGMQhBBkEEIMYwxjDEMOEEYQRhBGEEYxRhBGEEYxR
jFGMUYxRjFGMUYxRjFGMkoyShFGMkZSSjJKMkoySlJKUkpSSjFGUkpzTlJKMUYQQ
jFGMUYQPe8+EEIxRpRStFKTUlJK1VZTTpVWlFHvPa46U02uOY46EkmOOSsyEk1sM
Y0ylFK1VpRWlFaUUpRStVa1VpImkiaSKpRSlFHOOGIIpAowOOYSc1JzUnNSc1IQR
Yw4QxIRTc9AQw2NOhFKMk4yThFJzz4RSjFJ8EFLLSopKilLLUstSy0rLSspKikrK
SopKikJKQkk6CEIIQgg6CDGHOcc5xzHHKUYpRilGKQYgxCDEIQQhBBCDGMMYwxCC
hBCEEIQQhBCMUYxRhBGMUYxSjFGMUYRRjFGMUYxRlJKMkoxRjFGUkpSRlJKUkpSS
lJOUkoySlJKc05ySjFGEEIxRjFGEEHvPhBCMUaUUpNNSCWsNrVWEEHPQjJNTDFNO
bFFLDUtNbJJTjzrMdJNCzFLNlRWU1GuPlNNzz5zTrVWtVKSMnEucS6UTpRRzjhiD
IMKcEGJJnNSc1JzUnNSEEWMOGMWMVHwREMNjDYRSjJOMk4RTY01jTWtNYwxSikqK
SolSy1LLUstKy0qLSotKi0qLQopCSjoJOghCCUIJOggxhzHHMccxximGKUYpRilF
GMQYxCEEIMQQgxjDGMMQwoQQhBCEEIQQjBGEEYQQjFGMUYxRjFGMUYxRjFGMUZRR
lFGMUYxRlJKMkoxRjFGUkpSSlJKUkoySlJKUkoxRhBCMUYxRhBB7z4QQjJGlFK0U
c41jC61UfFCVVnyTQstLTpWWSwxTToUUY9BLTXzTQw1KzZ1XjNRjTYSSfBCdE6UV
pRSkkJQOlE+dE6UUnNMYw0GDlA2UDZzUnNSc05zThBBrDRjEjFOEUhDEUs18EYyT
hJKEUmvPhFKEUnwRUstKiUqJUspSy1LLSstKikqKSopKikpKQklCCDoIQghCCDnH
MYYxxzHHKccpRilGKUYpRhjEGMQhBBjEEIMYwxjDEMOEEIQQfBCEEIxQhFF8EIQR
hFGMUYxRjFGMUYxRjFGUkYxRjFGMUZSSlJKMUYxRlJKUkpSSlJKMUZSSlJKEEIQQ
jFGUUoQQe8+EEIxRpRSlFGMMc4+MkmOOa9CEk2uPdBKVFmwRdBGVV4zUfFKVFYRS
hFGdVqVVlNSdFZTUnRWlFaUVnNSc06UUpRSlFKUTMURSApQLnAyc1JzUnNSclHvQ
UosYxGuOc44ZA0JJfBGMU4RSjFJrj4RRhFJ8EVLLSopCSVKKUspSykrKSopKikqK
SopKSUJJOgg6CDoIOggxxymGMccxxymGIUYpRilGKUUYwxjEIQQYxBCDGIMYwxiC
hBCEEIQQjBCMUYQQhBCEEYxRjFKMUoxRjFGMUYxRjJKMkYRRjFGUkpSSlJKMUZSS
lJKUkoySjFGUkpSSjFGEEIxRjFGEEHvPg8+MUaUUrRWtVa1VpVWlVqVWpVWtVa1V
rVWtVa1VrVWtFa0VpRWlFaUVrRWlFaUVpRWlFZ0VpRWlFaUUpRWlFKUUpNGcSJRF
lEWURZyInNOc1JzUlNSEEWtOGQWMlJSTIUZKi3wQhJKEUoRSa4+EUoRShBJazEpK
QglKilKKUstKikqKSopKikqKSopCSUJJOgg6CDoIMccphjGGMYYxhilFKUYpRSkF
GMQYxBjEGMQQgxiDGMMYgnwQfBCEEIQQjFGEEIQQhBCEUYxRjFGMUYxRjFGMUYyS
jFGMUYxRlJKUkoxRjFGMUZSSjFGMUYxRlJKUkoxRhBCMUIxRhBBzjnvPjFGlFKUV
nNOdE5SSlNOc06UUlNSU0pTTlJKMUYQQlJKUk50UpRSlFIxRhBGU04RRhFFz0WvO
fBB8EKUUpRSlFJyLnEWcRZxFnEWcSZzUnNSU1JTTfBFrThkFjJSMkzGHUot8EYyS
jFKEUnOPhBKEUnwRUstKSUJISopSy1KLSopKSkqKSopKikJKQko6CToIOgg6CDnH
KYYxxjHGMYYpRSlFKUUpBRjDGMQgxBjEEIMQgxjDEIKEEIQPfBCEEIRRhBCEEIQQ
jFGMUYxRjFGMUYxRjFGMUYxRhBCMUZSSlJKMUYxRlJKUkpSSjFGMUZSSlJKMUXvP
hBCMUXwPc457z4xQpRSEklMNdBE6zGvPW490EGPQUwx0EWvQjNR0EIyTfBF8EXPP
fBKEkmvQc89r0IzTfBF0EGuPa06dFKUUpRSUBpxEnEScRJxGnEqc05yUnNSck4QR
a04ZBYyTjJI6CEJLe9CMUoxShFJrzoRRhFF8UVLLQklCCEqKSopKi0qLQkpCikqK
SopCSkJJOgg6CDoIOggxxymGMccxhzGGKUUpRilGKUUYxBjEGMQYxBCDEIMYwxCD
hBB7z3wPfA+EEIQQhA+EEIRQhFGMUYRRjFGMUYxRjFGMUYwRhFCMUYxRjFGMUIyR
lJKMkoxRjFGUkpSShBB7z4QQhBCED3OOe8+EEKTUfFJKzWPRQs1j0FNPdBJsEWOQ
hFNz0YSTnVaEU5TUnNWU1J0WjJOM1JTVjJOEk4zUlNSM04xSpRWlFaUUaoOcRZxF
nAWcBZRJnNSc1JzUlNR8EWtOIQWMk4xTSopCSXvQjFKEUoRSY05bDVsNWw1Ki0JJ
OglKikqKUotKikqKSopKikKKQkk6SToJOcg5yDnIMccphjHHMYcphilFKUUpRSlF
GMQYxBjEGMMQghDDGMMQg4QQfBB8D3wPfBCEEHwQfBCEUYRRhFGEUYRRhFGEEYxS
jFGEUYQRjFGMUYxRhBCMUZSSlJKMUYQQjFGMUYQQe8+EEIxRhBB7jnvPjFClFJ0V
lNSVFZUVnRWdFaUVpRWlFaUVpRWlFaUVpRWlFaTVpRWlFaUVpRWk1Z0VpRWlFKUU
pRSlFKUUpNSMUklBnAWcBZwFlAWUR5zTnNOU05STe9BrTSEFjJOMklLLOglz0IRS
hFKEUmuPfBF8EXwRWwxCSUIISopKikqKSopCiUKKQkpCSkJJQkk6CTIIOgg5xzHH
KYYxxjGGKYYpRSlGKUYhRRjEGQQZBBjDEIIQgxjDEIOEEHwPe897z3wQfBB8EHwQ
hFCEUIRRhBGEEYQRhBCMUYRRhFGEEIxRjFGMUYxRjFGMkoyRjFGEEIxRjFGEEHOO
hBCMEYQQc457z4xRpRSlFaUVpRWlFaUVpRWlFaUVpRWlFaUVpRWlFKUVpRWk1aUV
pRWlFKUVpRWdFaUVpRSlFKUUpRSk1KTUc01BQZQFnAWUBZQFlAeUk5STlJOUk3vQ
a005x4RRhFFay0IIc9CMUoRShFJrj3wRfBJ8EVsNQkk6CEpJSopCikqKQolCikJJ
QklCSUIIOgg6CDnIMcgxxymHMYcphilGIUYhRiFGIUUYxBjEGMQYxBCCEMMYwxCC
fBBzz3vPe8+ED3wQfA98D4QQhBCMEIQQhBCEEIQQhBCEEIQRhBCMUYxRjFGEEYxR
lJGMUYxRhBCMUZSShBB7z3vPhBCEEGtNe86MUaTUpRWlFaUVpNalFaUVpRWlFaUV
pRWlFaUVpRWk1aUVnRWlFaUVpRWlFaUVpRWlFaTVpNSk1KTUpNSc1FoJYkOcBZwF
lASUBZQFlJOU05STlJN70HPQc89rz2uOUstbDGuPhFKEUoRSa9B8EXxRfBFjTUJJ
OglKSkpKQopCikKKQklCSkJKQgk6CDoIMgc5yDHHMccphjGHMYcpRilFIUUpRSFF
GMQYxBjEGMMQghCCGIMQgnvPc897z3vPfA98EHPPe898EIRQhFCEEIQQhBCED4RR
hFGEUHwQhFGMUYxRhBCMUYxRjFGMUYQQhBCMUYQQc457z4QQhBBrTXOOhBCc1KUV
pRWlFaUVpRWlFaUVpRWlFaUVpRWk1aUUpRSlFKUUnROdFIySlJKMkZTSnNOEUZzU
nNSc1JzUnNQ4w4OElAWUBJQElASUBZSSlJOUk4yTe9GMUoyShFOMUoxShFJz0IRS
hFKEUnPPY01rjnvPY006SToIQolCSUKJQklCSUJJQkk6SUIJOgg6CDHHMcg5yDGH
KYYxhjGGKYYhRSlGKUYhRRjEGMQYxBjDEIIQgxDDEIJ7z3vPe897z3wQfBBzz3PP
fA+EUIQQhBCEEIQQhBCEUYRQhBB8EIRRjFGMUYQQhFGMUYxRhFB8EIQQjFGEEHvP
e8+EEHvPa01zjoQQnNSc1IQRjFKMUpzUnNSc1JSTe9Gc1HvQjJKMk3PQfBJ8EWOP
fFFTDXQQUw10EYyUWwyUk5zUnNSc1IxSQYSUBpQFlASUBJQEjAaUkpSTlJOUk3vQ
jFKMkoyThJOMUoxSc4+EUoRSfFJrjlsJWwlrSlrLQgg5x0JJQklCSUJJQkpCSkJK
Qkk6CToJOggyCDHIMcgpxymGMccxhimGIUYpRilGIUYYxBjEGMQYwxCDEIMYgxCD
e89zz3PPc897z3wPe897znwPhBCEEIQQhBB70HwQhBCEEYQQe8+EEYRRhFF8EIRR
jFGMUYQQhBCEEIxRhBBzjnvPhBB7z2tNc46EEJzUnRV0EYzUfBKEUoRSdBGU1WuP
fBF0EYSShFB7z4xQfA5rjHPNUwp0DltMc8+U02uOlJOc1JzUnNRrDWsKlAeUBZQE
lASUBJQFlJKUk5STlFN70IxTjJOMk4xShFKEUmuPhFKEUoRSc4tSyFMIa45bDEJJ
OghKSUJJQklCSUJJQklCSUJJOkg6CDoIMcgxyDHIMccphjGHMYYpRilGKUYpRiFF
GQQYxBjEGMMQgxCDGMMQgnvPe89zz3PPc8970HPPc497z4QQhBCEEHwQfBB8EHwQ
hBCEEHvPhBCMUYQQfBCEUYxRjFGEUXwQhBCEUYQQc457z4QQhA9rTXOOjFCc1JTU
lNSMk5zUnNSc1JzUpNSdFZ0VnRSdFJTTlJOU05TTlNSU05TTlNOU05TTlNOc05zU
nNSc1JzUQkmUUJQHlASUBJQElASUBZSSlJOUk5STe9GMUoySjJKMUoxShFJrj4QR
hFKEUXOMYwtjS3vQa046CTnIQglCSkJJQklCSUJJQklCSDpIOgg6CDHIMcgxhzGH
KYYxhylGKUYpRiFFIUUhRRkEGQQYxBjDEIMYgxjDEIJz0HPPc89zj3PPe897z3PP
e9B8EIQQhBB8D3wPe898EIQQhBB7z4QQjBCEEIQPhBCMEYxRhBF8EIQQhFGEEHOO
c46EEHvPa01zjoQQnNOc1JSTlNOMkZ0UlNOMkpTSjJKEUYySjJKEEZSThBGMknwQ
jJJzzoRSY05zz2ONhBGMUpzUnNSc1EJJpJGURpQElASUBJPFlAaUkpSTlJOUk3vQ
jFKMkoxShFKEUoRSa498EnxSfFJ0EGOOa9B8EGuOOkgxyDoJQklCSUJJQkk6STpJ
Okg6CDoIOcgxyDHIMYgphylGKYYphilFIUUhRSFFIUUZBBkEGMQYwxCCEIMQgxCD
c85zzmvOc85zznvPc89rjnPPe898D3wQe897z3vPfA+EEHwPe8+ED4RQhBB7z4QQ
hBGEUYQRe9B7z4QQe89rTWuOhBB7z2tNa02EEJTTfFJTDXQRW058kozUY450EWPP
W05r0YRTa9B8UnQRdFFjj3RSU050UTqLY49TTXwRjFKU05zUjFJSy5ySlAaUBZQF
k8WMBYwHlJOUk4yTjJNz0GuOa45rTWuNa01rTWtNhBGEUYQSdBFjj3QRdBFrzzoI
Mcc6CDoJOgk6CToJOgk6CToIOgg5yDHIMcgxxzHHKYYpRimGKUYpRiEFIUUhRSEF
GMQYxBjEGMMQgxCDEIMQg3POc45rjmuOc457z3OOa45zz3vPe897z3vPe897z3vP
g8+Dz3vOfA+EEIQQe9CEEIQRhBGEEXvPe8+EEHwPa01rTXvPe89jDGtNhBCc1HRS
W06Ek2vQjNR8UmwRdBFr0WwRfFOM1HQRfFKEkoRSdBF8UnRSfFN8k3xTdBJ8EpST
nJSU05STjFKUkpQGlAWUBZQFlAWUCJSSjJOMk4ySc9CEUoRShFJ8UnwSfFFjjnxR
fFF8EHQQY050EXQQa88yCDHHOgg6CDoIOgg6CDoIOgk5yTnIMcgxyCmHMYcxhymG
IUYpRiFGIUUhBSFFIQUhBBjEGMQYwxCDEIIQwxCDEIJzjnOOc41zjXOOc89zjmtO
a45zznvPe89zz3vPc89zz3wPe89zjnvPhBCEEHvPfBCEEIQQhBB7z3vPhBB7z2tN
a017j3vPYwxrTYQQnNSU1JTUnNWc1J0VnRWdFZ0VnNWdFZzUnNSc1JzUnNSc1JyU
nNSc1JTUlNOUk5STlJKUk5STlJOMk5SSlJKMCoPKg8qDyoPLhA2MUYRQhBCEEHPP
e9Bz0HPQa89rz2uPY45jj2OPY45bTlsNWw1TDFLLOccxhznIOgg5yDnJOgg6CDnI
OcgxxynHMccphymHKYYpRSFFKUUpRCEFIQQhBCEEIQQYwxjDGMMYghBCEIIQghBB
a45rjmtNa01rjXOOc41rTXONc45zznPOc45zzmuOc457z3vPc45zj3wQfA9zz3vP
hBCEEIQQc89zjnvPe89rTWtNe897z2MMYwx8EJTTlNOU05STlJOUk5STlJKUkpSS
lJKMUoxSjFKMUYwRjFGMEYxRjFGEEIQQhBCEEHwQfBB8EHwPfBB8D3PPc89zz3wP
c85rjnvQfBFzj2NOY05bTVtNWw1TDFtNUw1KzErMQotKzErNQoxTDltPdBBz0DnI
MYY5xznHMcc5xzHHMccxxzGHMYcxhymGKUYpRilFKUUhBCEEIQMhAxjDGMMYwxDD
EIIQghCCEIIIQQhBCEEIQWNNa01jTWNNY01rjmtNY0xjTWuOa45rjmuOa45rjmuO
c45zjmuNc457z3vOc457znwQfBB7z3OOa057z3OOYwxjDHOOc45ay2MMe8+Uk4xS
hFKEUnxRdBB8EHwQfBB8EHwPc898EHPQa4+EEIQQhBCEUYRRUstbTVMMU0xbTWNP
QotCi0KMW05bTUrMU01LDULMSsxrj3wRa49TDUsNMkpCzDKLOotCzDqLOos6zCpK
Qs1DDjJLU05bTmwQdBAxxylFMYYxhjGGMYYxhimGKYYpRSlFKUUpRCEEIQQhBCED
GMMYwxjDEIIQghCCEIIQgghBEIIQghCCCEEIQQhBCEFjTGNMYwtjDFsMY01jTFsL
YwxrTWNNa01jTWNNY01jTWtOa45jTWuNc85zjnOOc857z3vPe89rjmuOc89zjmMM
WwxrTnOOYsxjDHvPlJOMUoRRhFFr0UrNU05jj1NNW49bj0LMSw1bTlMMc8+EEXwR
hBF8EULMSw1CzEMNU09LTzqMOsxCzEsNU05KzFNOW05TTlMNY490EWvQY49jj1MN
W05bTlNOU05TDlMOW05TTluPW49bj1uPW49sEXQRMcchRSFFKUUpRSlFKUUhBCEE
IQQYwyEEGMMYwxjDGMMYwxCCEIIQggiBEEEQQRBBCEEIAQgBCAEIAQgBCAEIAQgB
Wstay1rLWstay2MLWstay1rLWstjDGMMYwxjDGMMYwxrDGtNYwxjTHOOc45rjmuO
c85zznOOa01jTGuOa45jDFrLa01rTVLLWst7z5SUjFKEEYQRc9FjkGOQa9Fr0HQR
a9FjkGvQa9Br0HwQfBB8EIQRhFFz0HPRa9Br0HPQc9Bz0HPQc9Fz0GvQa89jj2vP
a49jjnPQfFFz0HPQc9BrkGvPa89rz2uOa45rjmMNc9F0EXQSdBJj0HQSdBJ0EjGH
GMMgwyDDIMMYwxiDGMMYwxjDGIIYghiCEIIQQRBBEEEQQRBBEEEIQQhBCEEIAQgB
CAEIAQgBCAEIAQgBCAEIAVKKUopSilKKUopSilKKUopSilrKUopSilKKUopSilrK
WstjC1sLWwxjTWNNY01jTWuOa45rTWMMYwxrTWtMWstSimMMYwxSilKKe8+U04yS
jFKEUoRShFKEUoRShFKEUoRShFKEUoRShFKEUoRShFKEU4xThFKEUoRShFKEUoxT
jFOEU4xTjFOEk2OQQw1sUmQRSsxr0IRShFKEUoRSc9Brz2uPY09jT2NOY05bDnwS
fFKEk4STdBF8UnxRdBAxRhiCGIIYghCCGIIYghiBGIEYgRBBEEEQQRBBEEEQQRBB
EEEQQRBBCEEIQQgBCAEIAQgBCAEAAQgBCAEIAQgBCAFCCEpISkhKSEpJSklKSUpJ
SklKSUpJSklKCVJJSklSiVKKUopSilKLWsxazFrLWstjDGMMYwtaylKKWstaykpJ
SkhSilqKSklCSHOOlNOc1JTVlNWU1ZTVlNWU1ZTVlNSU1JTTlNSU05TTlNOUk5ST
lJOUk4yTlJOMk4yTjFOMk4yTjJOMk4yTjJNrj0MNbJNkEUrMa9CEUoQShFJ8UnPQ
fFGEUnxSfBJ8EXxSa9CEk4SUhJSElHQSfFJ8U3QSMYgYghiCGIEYgRiBGIEYgRiB
GIEYgRhBGEEQQRBBEEEQQRBBEEEQQQhBCEEIQQhBCAEIAQgBAAEIAQgBCAEIAQgB
QgdCB0HHQchByEIIQcc5x0IHQgdCB0IIQcdCB0IIQghKCEpISkhKSFKJUolSiVJJ
UolSikpKSklCCEpJSklCBznHQghKCEHHOcZzjZTTnRSdFZ0UnRWdFZzUlNSU1JTU
lNSU1JTUlNSMlJSTlJOUk5STlJOUk5STjFOMk4yTjJOMk4yTjJOMk4yTa49KzWyT
dBJCzGPQhFKEUoRShFJz0HwRhFJ8UnwSfBF8EWuPhFJ8UoRShFJ0EYSThJR8UjnI
GIIYghiCGIIYghiCGIIYghiCGIEYgRhBEEEQQRBBEEEQQRBBEEEQQQhBCEEIAQgB
CAEIAQgBCAEIAQgBCAEIATGGMYYxhjGGMYYxhjFFMYUxhTGFOYU5hTlFOYY5hkGG
QYc5xznGOcZCB0IHQcdBxkHHQcdBxzmGOYVBhkGGOUU5RTlFOUQxRDFEc02Uk5zV
nNWc1KVWpVac1JTUlNSU1JTVjNSU1JSTlJOUk5STjJKMk4yTjJOMk4yTjJOMk4yT
jJOMU4yThFOMUmuPSs1sk3QSQstj0IRShFKEEoRSc9B0EXxSfBF8EXwRfBFjTnvQ
dBB0EHQQW018UoSTfBE6CBiCGIEYghiCGIIYQRiBGIEYgRiBGIEQgRBBEEEQQRBB
EEEQQRBBEEAIQQhBCAEIAQgBCAEIAQgBCAEIAQgBCAEpBCkEKQQpBCkEKQQpAykE
KQQpBCkEKQQpBCkEMQQxBDEEMQQxBDEEMQQ5BDEDMQMxAzEDKQMxAzEDMQMxAzED
MQMxAzEDMQMpA3NNlJKU05TUlNSdFZTUlJOU05TTnRSU1JSTlJOMU4ySjJOUkoyS
jJKMkoySjJKEUYvOi86LzYONg42MUoxTjFJrj0rMbFN0EkLLW498UnxSfFJ8UnPR
a9B8EXwRdBF0EXQQW01rz3PPa89rz1tNa89zz2ONOcYYghiBGIIYghiCGIEYghiC
GIEYgRiBEIEQQRBCEEEQQRBBEEEQQRBBEEEIQQhBCEEIAQgBCAEIAQgBAAEIAQgB
IMIgwiDCIMIgwyjDKMIowijCMQMpAykDKQMpAikCKQMpAzEDKQMpAzEDMQMxAzED
MQMxAzEDMQMxAzEDMQMxAzEDMQMxAzEDMQNrTIyShBF7z2KLWklSB1qIWohrCpST
lJOUk4xSfBFrj3wRdBBrz4RRjJKMkoySg89ySHJHckhySXsMhFKEUoRSa89TDHQR
fFFTC2OOfFB0D3PPa45rTFrLYwxay1KJSklKCDnHOcYxhSlFKQQYwxiDEEIYQhiC
GIIYghiCGIEYgRiBGIEYgRCBEIEQgRCBEEEQQRBBEEEQQRBAEEEQQRBBEEEIQQgB
CAEIAQgBCAAIAQgBCAEIASCCIIIgwiDDIMIowikCKMIowjDDKMMowyjDKMMowyjD
KMMpAykDKQMpAykDKQMpAykDKQMpAzEDMQMxAzEDMQMxAykDMQMxAzEDasuMUoyS
hJOMk4RSa89rTkqKSoqUkpSSlJKMUYQQa45zz3OOY0xzjXONa0xjC1rKQcdBxzmG
OYU5hUnGQYU5hTFEKQMpAyDDGEIQQRBBEAEQARABEAEQAQgBCAEIAQgBCAEIAQgB
CAEIAQgBCAEIAQgBEEEYghiBGIEYghiCGIIYghhCGIEYgRiBEIEQQRBBEEEQQRBB
EEEQQRBBEAEQQRBBCEAIQAhBCAEIAQgBAAEIAQgBCAEYQiCCIMIgwiDCIMIowyjD
KMMowykDKQIpAikDKMMgwyjDKMMowykDKQMpAykDKQMowykDKQMxAzEDMMMwwzDD
MMIxAzEDMMIwwkGFWkhSR1IHSgdJxkGGOUQowyCCKMMogiCBIEEYQRhBGEEYQRhB
GEEYQRhBEEEQQRBBEEEQARAAEAAQQRBBEEEQQRABEAEQARABEAEQARABEAEQARBB
EEEQQRBBEIEQQRBBEEEYgRiBGIEYgRiBGIEYgRiBGIEYghiCGIIYghiCGIEYgRiB
EIEYgRiBEEAQQRBBEEEQQBBBEEEQQRBBEEEQQRBBCEEIAQgBCAAIAAABCAEIAQgB
GIIggyDCIMMgwiDCKMIowyjDMMMpAykDKQMpAykDKQMpAykDKQMowykDMMMxAzED
MQMpAykDKQMpAykDKMMpAyjCKMIowijCKMIowhhBGEAYQRhBGEEYQRhBEEEQQRBB
EEEQQRBBGEEYQRhBGEAYQRhBGEEYQRhBGEEYQBhAGEAYQRhBGEEYQRiBGIEYgRCB
GIEYgRiBIIEggSCBIIEggiCCIIIgwiDCIMIgwhjCIMIgwiDCIMIgwiDCIMIgwSCC
IIIYgiCCGIIYghiCEIIQgRCBGIEYgRiBGIEQgRBBEEEQQRBAEEEQQRBBEEEIAQgB
CAEIAQABCAEIAQgBCAEIARhCIMMgwyDCKMIowijCKMMwwykDKQMpAykDKQMpAykD
KQMpAykDKQMpAykDKQMpAykDKQMpBCkDKQMpAykDKQMowyDCIMIowijDKMIYgRiB
GIEYgRhBGEEYQRhBGIEggSCBIIEggSCBIEEggSiBIIEggSCBIIEggiCBIIEggSCB
IIEggiDCIMIgwiDBIMIgwiDCIIIowiDCKMIowijCKMIowijCKMIowijCKMIgwiDC
IMIgwiDCGMIgwiDCIMEgghiCGIIYghiCGIIYghiCGEIYghiCGIEYgRCBEEEQQRBB
EEEQQRBBEEEIQQhBCEEIAQgBCAEIAQABCAEIAQgBCAEYQiCCKMIowijCKMIowijC
KMIowijDKMMwwyjDKMMowyjDKMMowyjDKMMowykDKQMpAykDKQMxAykDKQMowyjD
KMMowykDKQMxAykCKMIowijCKMIowijCKMEowijCKMIowyjCKMIowijCKMIowijC
KMIowijCKMIowSDCKMIowijCKMIpAijDKMMgwijCKMIowijCKMIowijDKMIpAikC
KMIowijCKMIowijCIMIgwiDDIMMgwiDCIMIgwiDCIMIYghiCGIIYghiBGIEYghiC
GIEYgRiBGIEQQBBBEEEQQRBBCAEIQQhBCEEIQQhBCAEIAQgBCAEIAQgBCAEIAQgB
IEIogiiCKMIowijCKMIowyjDKMMowyjDKMMowyjDKMMowyjDKMMowyjDKMMowyjD
KMMowyjDMMMpAikCKQMpAykDMQMxAzEDMQMxAzEDMQMxAykCKMIowijCKMIowijC
KMIwwjDDKMMwwyjDKMMowyjDKMMowyjDKMIowijCKMIowijCMQMxAzEDMQMpAikC
KQIpAijCKMIowijDKMIowijCKMIowijCIMIgwiDCIQIgwiDCIMIgwiDCIMIgwiDB
GIIYghiCGIEYgRhBGIEYgRiBEIEQgRCBEEEQQRBBEEEQQRBBEEEQQRBBCEEIQQhB
CAEIAQgBAAEIAQgBCAEIASBCIMMgwiDCKMIowijCKMMowyjDIMMowyjDKMMowyjD
KMMowyjDKMMowyjDKMMowzDDKMMxAzEDMQMxAzEDMQMxAzEDMQMxAzEDMQMxAykD
MQMxAzEDMQMowyjDKMMowykDKQMxAzEDMQMpAykDKQMpAykDMQMxAzEDMQMwwzED
MQMxAzEDMQMxQzEDKQIowikCKQIowijCKMIowijCKMIowijCKMIowijCIMIgwiDC
GMIgwhjCIMIgwiCCIMMgghiCGIIYghiCGIIYgRiBGIEYgRiBEIEQQRBBEEEIQRBB
EEEQQRBBEEEQQQhBCAEIAQgBCAEIAQgBCAEIAQgBCAEggiDCIMIgwiDCIMIgwiDC
KMMowyjDKMIowijCKMIowijDKMMowyjDKMMowykDKMMpAykDKQMxAzEDMQIxAzED
MQMxAzEDMQMxAzECMQMxAzEDMQMxAzDDMMMowyjDKMMxAzEDMQMxAzEDMQQxAzED
MQMxAzEDKMIxAzEDMQMxAzEDMQMxAzEDMQMpAykDKQMpAijCKMIowijCKMIowijC
KMIgwiDCIMIgwiDCIMIgwiDCGMIgwiDCIMIgwiDCGMIYgRiCGIIYghiCGEEYQRiB
GIEYgRCAEIEQQRBBEEEQARBBEEEQQQhBCEEIAQgBCAEIAQgBAAEIAQgBCAEIAQgB
IMIgwiDCIMIgwiDCIMMowyjDKMMowyjDKMMwwyjDKMMowyjDKQMowykDKQMpAykC
KQMpAykDKQMpAykDKQMpAykDMQMpAykDKQMpAykDKQMxAzEEMQMxAzEDMQMwwzED
MQMxAzEDMQMxAzEDMQQxAzEDMQMxAzEDMQMxAzEDMQMxAzEDMQMxAikCKQIowijC
KMIowijCKMIowiDCKMIowijCIMIgwiDCIMIgwiDCIMIgwiDCGMIYwiDCIMIggRjB
GIEYgRiCGEIYghiBGIEYgRCBEIEQQRBBEEEQQRBBEEEQARBBEEEQQQhBCAEIAQgB
CAEIAQABCAEIAQgBCAEIASCCIMIgwiDCKMIowyjDKMMowyjDKMMowyjDKMMowyjD
KMMowyjDKMMowyjDKQMpAykDMQMxAzEDMQMxAzEDMQMxAzEDMQMxAzEDMQMxAzED
MQQxAykDKQMpAzEDMUMxAzEDMQMxAzEDMQMxAzEDMQMxBCkDMQMxAzEDMQIxAzEC
KQMpAijCKQIpAikCIMIowijCKMIowijCKMIowijCKMIowijDIMIgwiDCIMIgwiDC
IMIgwhjCIMEgwiDCGIIYghiCGIEQgRiBGIEYgRiBGIEYgRBBEEEQQRBBEEEQQRBB
EEEQQRBBEEEQQRBAEEEIQQgBCAEIAQgBAAEIAQgBCAEgwiDCIMIgwijCKMIowijC
KMIowijDKMMowyjDKMMowyjDKMMowijDKMMpAykDKQMpAzEDMQMpAykDMQMxAzED
KQIxAzEDMQMxAzEDMQMxAzEDOQMxBDEDMQMxAzEDMQMxAzEDMQMxAzEDMQMxAzED
MQIxAzEDMQMxAykDKQMpAykDKQMpAzEDMQMpAyjCKMIowijCKMIowijCKMIowijC
KMIgwiDCIMIgwiDCIMIgwiDCIMIgwiCCIIIYghiCGIIYghhBGEEYgRiBGIEYgRiB
GEEQQRBBEEEQQRBBEEEQQRBBEAEIQQhBCEEIQQgBCAEIAQgACAEIAQgBCAEIAQgB
KMMowijCKMIowyjDKMIowijDKMMowyjDKMMowyjDKMMowyjDKMMowyjDKMMowyjD
KQMpAykDMQMxAzEDMQMxAykDKQMpAikCKQIpAikCMQMpAikDKQMpAykDKQMpAzED
MQMxAzEDKQIpAykDKQMpAykDMQMxAzEDMQMxAzEDKQMpAykDKQMpAykCKQIowijC
KMEowijCKMIowyjCIMIgwiDCIMIgwiDCGMIgwiDCIMIgghiCGIIYghiCGIIYghiC
GIIQghiCGIEYgRiBGIEQgRCAEIEQgRBBEEEQQRBBEEEQARBBEEEIQQhBCEEIQQhB
CAEIAQgBCAEAAQgBCAEIASDCIMIgwiDCIQIgwijCIMIgwiDCIMIgwyDDIMMgwyjD
KMMowyjDKMIowijCKMIowikDKQMowyjDKMMowyjDKQMpAykDKQMpAikCKQIpAikD
KQMxAzEDMQQpAykDKQMpAykDKQMxAzEDMQMxAjECKQIpAykDKQMpAikDKQMpAykC
KQIpAiDCKMIowijCKMIowiDCKMIgwijCKMIgwiDCIMIgwiDCIMIgwiDCIMIgwiDC
IMIgwiDBGMIYwhjCGIIYghiCGIIYQRiBGEEQgRCBEEEQQRBBEEEQQRBBEEEQQRAB
EEEQQQhBCEEIQQhBCEEIQQhBAAEIAQgBCAEIAQgBCAEogiCCIMIgwiDCIMIgwiDC
IMIgwijCKMIpAijCKMIowyjDKMIowyjDKMMowyjDKMMowyjDKMMowyjDKMMpAykD
KQMpAykDKQMpAykDKQMpAykDKQMxAykDKQMpAykDKQMpAykDKQMpAyjDKMMowzED
KQMpAykDKQMpAikDKMIowijCKMIowijCKMIgwiDCIMIgwiDCIMIgwiDDIMIgwiDC
IMIgwiDCIMIgwiDCIMIgwiDBIIIgghiCGIIYghiBGIEYQRiBGIEYgRiBGIEYgRiB
GEEQQRBBEEEQQRABEEEQQRBBCEEIQQhBCEEIAQgBCAEIAQgBCAEIAQABCAEIAQgB
IIIgwiDCIMIgwiDCIMIgwiDCIMIowiDCKMIowyjDKMMowyjDKMMowyjDKQMowyjD
KMMowyjCMMMowyjDKMMowyjDKMIowijDKMMowyjDKMMowyjDKMMwwyjDKMMpAykD
KMMpAyjDKMMowyjDKMIowjDCKMIowijDKMMowyjDKMMowyjDKMIgwijCKMIowijC
KMIgwiDCIMIgwiDCIMIgwiDCIMIgwiCCIMIggiCCIIIgghiCGIIYghiCGIIYgRiB
GIEYgRiBGIEYQRBBEEEQQRBBEEEQQRBBEEEQARBBEEEQQRBBEEEQQQgBCAEIAQgB
CAEIAQABCAEIAQgBCAEIASjCIIIgwiDCIMIgwiDCIMIgwiDCIMIgwiDDKMMgwyjD
KMMgwijCIMIgwyDDIMMowyjDKMMowyjDKMMowyjDKMMowyjDKMIowijCKMIowyjD
KMMwwyjDKMMowyjDKMMowyjDKMMowyjDKQMpAykDKQMpAyjDKMMowyjDKMMowyjC
KMIowyjDKMIowyjCKMIowiDCIMIgwiECIMIgwiDCIMIgwiDCIMIgwiDCIMEggRiC
GIIgghiCGIIYghiCGIEQQRiBGIEYgRiBGIEQgRBBEEEQQRBBEEAQQBBBEEEQQRBB
EEEQQRBBCEEIQQhBCAEIAQgBCAEIAQgBAAEIAQgBCAEgwiDCIMIgwiDCIMIgwiDC
IMIgwhjCIMIgwijCKMIowiDCIMIgwyDCIMIgwiDCIMIgwiDCKMIgwiDCIMIowijC
KMMgwyDDKQIowijCKMIowyjDKMMowyjDKMMowyjDKMMowyjDKMMowyjDKQMowyjD
KMIowijCKMIowijCKMIowijCKMIowyjDKMIowyjCIMIgwiDCIMIgwiDDIMIgwiDC
IMIgwSDCIIIYghiCGIIYghiCGIIYghiCGIIYghiBGIEYgRiBGIEYgRhBGEEQQRBC
EEEQQRBBEEEQQRBBEEEQARBBEEEIQQgBCAEIAQgBCAEIAQgBCAEAAQgBCAEIAQgB
IMIgwiDCIMIgwiDCIMIgwiDCIMIgwiDCIMIgwiDCIMIgwiDCIMIgwiDCIMIowyjD
KMMowyDDIMMgwyEDKMMgwyDDIMIgwijCKMIowijCKMMowyjDKMMowyjCKMIowijC
KMIgwijDKMMpAykDKQMpAykDKMIowijDKMMowyjDKMMowijDKMIowiDCKMIowijC
KMIgwiDCIMIgwiDCIMIgwiCCIMIgwhjCGIIgghiCGIIYghiCGIIYghiCGIIYghCC
GIEYgRiBGIEQgRCBEEEQQRBBEEEIQRBBEEEIQQhBCEEQQRBBCEEIQQgBCAEIAQgB
AAEIAQgBCAEIAQgBCAEIASDDIMIgwiDCGMIgwiDCIMIgwiDCIMIgwiDCIMIgwiDC
IMIgwiDCIMIYwiDCIMIgwiDCIMIgwiECIMIgwijCKMIowyjDKMIpAyjDKMMowyjD
KMMowyjDKMMowyjDKMMowyjDKMMowyjDKMMowyjDKMMowyjDKMMowyjDKMMowijC
KMIgwiDDIMIgwiDCIIIgwiDCIMIgwiDCIMIgwiDCGMIgwiCCIIIYghiCGIIYghiC
GIIYghiCGIEYgRiBGIEYgRiBEIIQghCCEIEQQRBBEEEQQRBBEEEQQRBBEEEQQRBB
EEEQQAhBCEEIAQgBCAEIAQgBCAEIAQABCAEIAQgBCAE=
END m9
frame    38 :  an opened book +0.17  a closed book -0.02   led   3/182 h0.14 lvl+0.08   -
frame    39 :  a closed book +0.18  an opened book +0.12   led   4/181 h0.14 lvl+0.15   -

snapshot  : frame 40, mean RGB 110 108 108
BEGIN m9 128 128 32768 43550f4f
UolKSDmGOYVKSEpISkc5xkpIUolKSEpIQgdSiVrKWspSiFLJa0xrjWtNa017z4QQ
hBCMUYxRjFGMUZSSlNKc05zTnNOc05zUnRSdFJUTnROc050TnROdE50UpVSdFJ0U
nRSlFaUUpNOdE50UpRWlVKUUnROdFJ0UnRSlVZ0UnRSdFJ1VnRSdFJ0UnRSdFJ0U
lNOU050TlNOU05TTnRSU1JSTjJOUk5TTlNOU0oySjJKMkYySjJGEkYSRhJGEkoSR
fFF8EHwQhFB8EHQPdA98T3QPa85rzmvOa85jzltNY41rjWNNWwxTDFtNUwxTDErL
SspKy1LLSspCiToIQkhCSVKJSok5hjGFSkhKSUpIOcZKSFKJSkhKSEIHUolaylrL
UolSimtNc41rTWtNe858EIRQhFGMkYyRjJGUkpSSnNOc05zTnNOc06UUnRSc05zT
nROdE50TnRSdVKVUpRSlFKUUpRSlFKUUnRSlVKVVpVWlFJ0UpRSdFJ0UnVWdFJ0U
nRSdVZ0UnRSVFJ0UnRSc1JTUlNOdFJTTlNOU05zUlNOMk4yTjNOU05TTlNOMkoyS
jJKMkoyShJKEkYSRhJKEUoRRfBB8EXxRfBFz0HPPfBBzz2vPa45rz2vOY45bTVtN
Y45jTVsMUwtbTFtMUwtCikqKSstKykqKSkk6BzoIQghSikpJOYYxhUoIUkhSSEHG
SkhSiVKJSkhCB1KJWspaylKJUoprTXNNa01rTXuOhBCEEIRRjFGMkYyRlJKUkpzT
nNOc05zTnROlFJzUnNOc05zTnROdE50UpVSlVJ0UpRSlFKUUpRSlFKUUpRStFaVV
pRSdFKUUpRSlFKUUpRSdFJ0UpVWdFJ0UnRSdFJ0UnNSU05TTnRSdE5TTlNOdFJzT
lJOMkozSlNOU04zTjJKMkoRSjJKMkoSRhFGMkYyShFKEUnwRfBF8UXwQdA9rz3QQ
dBBrz2POa85rz2uOWw1jTWNOY01TC0rLW01TDFMMSopKikqKSopKSkJJMcc6B0II
UopKSTnGMYZKCFJJSghBx0oJWopSikpJQgdKiVrKWstKilKKa01zjWtNa01zzoQQ
hBCEUYxRjJGMUZSSlNKc05TTnNOc06TTpRSdE50TnROdE50UnRSdFKVVpVWdFJ0U
pRSlFKUUpRSk1KUVpRWlVaUVnRSlFKUUpRSlFKUUnRSdFKVVpRSdFJzUnRWlFZzU
nNOc050UnNOU05TTnNOc05STlJOU05TTlNOU0oySjJKEkoySjJKEkYRRhFKMkoRS
hFF8EHwQfFF8EHQPc890EHPPa45jjmvPa89jjltMW0xjjVtMUwtKy1tMWwxSzEqK
SkpKSkpKQklCSDHHOgdCCFKKSko5xzGGSkhSSUpIOcdKSFKKUopSSUIHUolaylrK
UolSiWtMc0xzTWtMc858EIQQhFGMUZRRjFGUkpSSnNOc05zTnNOk06UUpRSdFJ0U
pRSlFKUUpRSlVaVVpVWlFKUUpRSlVZ0UnRSlFa0VrVWtFaUUpRSlFKUUpRSlFKUU
nRSlVZ0UnRSdFKUVpRWdFJzUnNSdFJ0UlNOU05UTnROU05TTlNOU05TTlNOMkoyS
jJGMkoySjJKEUYRRhJGEUYRRfBB0EHxRfBBzz3PPfBBzz2uOa45rzmvOY45bDFtM
Y01bTVMLSstbDFMMUstCikKJSolKikKJOkkxxzHHOgdSilKKQccxhUoIUklKSEHH
SkhSilKKSkhCB1KJWstiy1KKUoprTGuNa41rTHPOhA+EEIxQjFGUUoyRlJKU0pzT
nNOc05zTpROlFJ0UnRSdFJ0UnRSdFKUUpVWtVaVVpRWlFaUVrRWlFKUUrRStVa1V
pVWlFK0UpRSlFKVUpRSlFKUUpVWlFKUUpNSlFaUUnRSc1JzTnRSdFJTTlNOdFJzU
lNOM05TTlNOU05STjJKMUoySjJKMkoyRhFGMUYSRhFKEUXwQfBCEUXwQc9Bzz3QQ
dA9rzmOOa85rzmOOWwxbDGNNW01LC0rKW0xTC1LLSolCSUJJQklCSUIIMcY5xznI
UopSijnHOYZKCFJJUklBx0oIWolSiUpIQgdKiFrKWwtSilKKa01zjnONa017zoQQ
jFCMUYxRjFGMUZSSlJKc05zTnNOc050TpRSk05zTpRSlFKUUpRSlVK1VrVWtVaVU
pVWlVa1VpRSlFKUUrVWtVaVVpRSlFKVUpVSlVaVUnRSlFK1VpVSlFKUUpRSlVKUU
nNOc050UnRSU05TTnRSdFJTTjNOU05TTlNOU05SSjJKMkYySjJKEkoRRhJGMkYyR
hFF8EXwQhFF8UHQQa890EGwPa89jjWOOa85jjlsMW0xjTVtMUwtKyltMWwxSy0pJ
QklCSUJJQklCSDGGMcY5x1JJUklBxzmFSghSSVJJScdKCFqJUolKSUIISklay2MM
UopSimtNc41zjmtNe8+EEIQRhFGMUYyRjJGUkpTSnROc050TnROlFKUUpRSk1KUU
pRSlFKUUpRSlFK1VrVWtVKVVrVWtVaVVpVWlVa1VrVWtVaVVpVWlVaVVpVWlVaVV
pRStVaVVpRSlFKUUpVSlFZ0UnRSlFaUUnNOc05zTnRSU05TTlNOU05TTlJKUkoyS
jJKMkoySjJKEUYyRjJGMkYRRfBB0EHxRfBB0EGvPdBBrz2vOY41rjmuOY45TDFtM
W01bTUsLSstbTFMMUwtCiUJJQklCSUIJOggxhjHHMcdKCEpIOccxhkIIUkpSSUHI
SghailKJUklKCEpJWstbC1KJUolrTXONc41rTXvPhBCEEIxRjFGMkoyRlJKc050T
nNOc05zTpRSlFKUUpRSlFKUUpRSlFKUUrVWtVa1VrVWtVa1VrVWtVa1UrVWtlq2V
rVWtVK1VrVWtVa2VrVWtVaUUrVWtVKUUpRSlVaVVpVWdFJ0TpVSlFJ0TnNOdFJ0U
lROU05TTlNOc05TSlJKMkoySjJKMUoSRhFGEUYyRjJKEUXxQdBB8UXxQdA9rz3QQ
c89rzmONa85rzmOOUwxbDGNNWw1Sy0qLWwxbDFLLQkpCSUJJQklCSEIIMYY5hjnH
QghCCEHHOYZKCFJJUklCCEoIWopailJJSkhSSWLLYwxaylKJa0xzjXOOa017z4QQ
jFGMUZSSlJKMkpSSnNOc1JzTnNOc06UUpRSlFKUUpRSlFKUUpRSlFK1VrVWtVa0U
rVWtVa1VrVWtVa1VrVWtla1VpVWtVa1VrVWtVa1VrVWlVa2WrVWlVaVUrVWtVaVU
pRSlFKUVpRSdFJ0UnRSdVJ0UlNOc05zSnNKckpSRjJGMkYySjJKMkoRRhJKMkoyS
hFF8EHwQfBB8EHQPa850D2wPa85jjWuOa45jTVsMUwxjTVsNSstKylMLUwxTC0JJ
OkhCSUJJQkg6SDGGMYY5x0IHQghCCDmGQgdSSVJJQgdCCFKKUopSikpISklay2MM
WspSiXONc41zjXNNe86EEIxRjFGMkoySjJKUkpzTpRSdE50TnNOdFKUUpRSlFKUU
rRSlFKUUrVWtVbWWrVWtVa1VrVWtla1VrVWtVbWWtZa1lq2WrZatla1WrVatVq1W
rVatVq1WrVatVa1WrVatVq1VpVWlVaVVpVWlVaVVpVSdFZ0UnRSUkpSSlJKUkpSS
nNKUkoySjJKEUYRShFKEUYRRfFB8D3wQfBB0D2vOdA9sD2vOY41rjmuOY45TDFML
W01bDVLLSspTDFMLSstCSToJQglCSUJIQggphjHGOcdBx0IIQgc5xkIHUolSiUII
SghailqKUolKSFJIYspjC1rKUolrTHONc41rjXvOhFCEUIxRjJKMkoySlJKc050U
nROdE5zTnRSlVKUUpROlVK1VrVWtVq2WrZatlq2WrZatlq2WrZatlq2WrZatlq2W
rZetlq2WrZatlq2WrZetlq2WrZatlq2WrZallq2WrVatVq1WrValVqVWpRWlFaUU
pVWlFaUVlNKU0p0SnRWdFJzUjJGMkoyRhFGEkYSSjJGEUYRQfA98UHxQdA9rznQP
c89rzmNNa41rjmuOWwxTDFtNW01Ky0rKWwxTC1LLQkk6SEJIQkhCSEIIMYYxhjnH
QcdCCEIHMcZCCFKKUolKB0oHWolaylKJSkhKSFrKYwtaylKJa0xzjXOOa017z4QQ
hBCMUYxRjJGMkpSSnNOc1JzTnNOc050UpRSlFJzTrVW1Vq2WrZatlq2WrZatlq2W
tZa1lrWWtZa1lq2WrZatlq2XrZetl61XrZatlq2WrZatlq2WrZatlq2WpZatlq1W
rVatVqVWpValVp0SlNCUkKVVpVWlFZSMjEuUjKUQjFFrDYxRjJKMkoRRhFKMkYyR
jJGEUHwPfFB8EHQPa850D3PPa45jTWuOa45jjVMMUwxbTVsNUstKilsLUstSykJJ
Qkg6CEJIQgg6BymFMYY5x0HHSghKCDnGQgdSiVqJSghCCFKKWopSiUpJSklay2MM
WstSimtNc45zjmtNe8+EEIQQjFGMUZSSlJKUkpzTpRSc05zTnNOlFKUUpRSc061V
tZa1lrWWtZa1lrWWrZa1lq3WtZa1lrWWtZa1lrWWtZe1l7WXtZetl62XrVatlq2W
rZatlq2WrZallq2VrZatVq1WrVatVq1WpValEpRQlE+lFKUUpRSMTYxNpI+tEIwO
QceMEJSRjJGEUYRRhJGEkYRRfFB8D3xQfFB0D2vOdA9zz2vOY01rjWuOa05bDFMM
W01bDVLLSopbDFMMSstCSToIQghCCEIIQggphimGMcdBx0IIQgc5xkIHUklaiUpH
SghaimKKUopKCUpJWstjDFrLUoprTXOOc45rTXvPhBCEUIxRjFKMkpSSlJKc05zT
nNOc05zTpRSlFKTTnNOtVa2WrZatlq2WrZatlq2WtZatlq2WtZatlq2WrZatlq2W
tZe1lrWXtZetl62WrZatlq2WrZatlq2WrZatlq1WrVatVq1WrValVqVWpRWMUYxR
nROlFKUUnNOUkpzTpNOMEEnHg4+MUYyRjFGEkYySjJKEUYRQfA98EHwQc89rjnPP
c89rjmNNa41rjmONUwxTC1uNW0xLC0rKUwxTDErLQkk6CDoIOgg6CDoIKYYphjHH
QcdKCEoIQcdCB1KJUolKB0oIWopailKKSklKSWLLYwtay1KKa01zjnOOa017zoQP
jFCMUYxRjJKMkpTSnNOlE6TTpROc06UUpRSc05SSrVWtlq2WrVWcUZxRnFCkUJwP
pFGcUMWVpJKkkaSSrVW1l7WWtZe1l7WXtZetV62WrZatlq2WrZatlq2WpZatlq1W
rVatVq1WrVatVqVVnRSdFaUVpRWlFaUVnRWdFZ0UlJN8EHwQhFGMkoRRhFKMkoxS
hFGEUHwQfFB8UXQQa45zz3PPa85jjWOOY45jTVsMUstjTFtMUwtKylsLUwtKykJJ
Ogg6CToIOggyCCmGKYYxxznGSghKCEHHQcdSSVKJSkhCB1LKUspSikpJSkhbC2MM
YstSimtNc45zjnONe86EUIxQjFGMkpSSlJKUkpzTnNOlFKUUpRSlFKUUnNOUkq1V
tZa1lpSSxZacUZwPpBCbzqxRk87FVpxRnJK1lrWXrZe1l7WXtZe1l7WXtZe1l62W
rZetlq2WrZatlq2WrZallq1WrVatVq1WrValVqUWpVWdVaVVpVWlFZ0VnRWdFZTV
lRWEUYRQjJGEUYRRhJGMkYRRfFB0D3xQfFB0D2uOc89zz2vOY01rjmOOY41TC1ML
W0xbTFMKSspTDFMLUspCSToIOgk6CDoIOccpRSmFMcZBx0oISghBx0HHUklaiUpI
QgdaiVrKWspSiUpIYwtjDGMLUsprTXOOc85zjXvOhBCMEYxRlFKUkpSSlJKc05zT
nNOdFJ0UpRSlFJzTlJKtVbWWtZalVZRSpNSk06TTnJKk06SSrJOcUqTTtZa117WX
tZe1l7WXtZe1l7WXtZetlq2XrZatlq2WrZatlq2WrVatVq1WrVatVqVWpRalVaVV
pVWlVaVVnRWdFZ0VnRWUkZSShFCEEIxRhFGMUYxSjFKMUYQQfA98EHwQdBBrjnPP
c89rzltMY41jjWONUwxKy1tMW0xSy0qKWwtTC0rKOkg6CDoIOgg6CDnIKUYxhjHG
QcZKCEoIQcdBx1qJWopSSUoIWspay1LKUolKSWMLa0xjDFrKa01zjnvOc417z4QQ
hBCMUZSSlJKUkpzSnNOc1J0UnRSdFJ0UpRSc05SSrVWtlrWWrVWc0pzSpROlE61V
rVWlFJzTpRSlFKUUtZe1l7WXtZe1l7WXtZe1l7WXtZetlq2WrZatlq2WrZatlq2W
rValVa1WrValVqVWpValVqVVpVWlVaUVpRSlFZ0VYgdRhXsKhBCEUIRRhFGMkYxR
jFGEUHwPfBB8EHwPa45zz3PPa45jTWONa45jjVMMUwtbTFMMSstCilMLUwtKykJI
OghCSDoIOgg6CCFFKYYxhkHHSghKCEHHQgdSiVrKUolKCFrKYstaylKJUkljC2sM
YwxSimtNc457znPOe8+EEIwQjFGUkpSSlJKUkpzTnNOc06UUpRSlFKUUnNOc062W
rZa1lq1VrRWtFa1VrVW1lrWWrVatVrWWtVa1lrWXtZe1l7WXtZe1l7WXtZe1l7WW
tZe1l62WrZatlq2WrZatlq2WrVatVq1WrValVqVWpValVqVVnVWdFZ0VnRWdFWII
UYZ6y3QQc8+EUYyRjJGMkYRRhFB8D3wQfBB0D2OOc89zz3OPY01jjmuOY41bDFLL
W01bDFLLSopTDFLLSopCSToIOghCCDoIOggpRSmGMYdBx0oIUkhKB0oIUopaylKK
SklaymMKWslSiVJJYwxrTGtMWspzTHOOe897z3wPhFCEUIxRjJGUkpSSlJKc05zT
pRSlFKUUpRSlFJzTnNO1lrWXtZe1l7WXtZe1l7WXtZe1l7WXtZe1l7WXtZe1l7WX
tZe1l7WXtZe1l7WXtZa1lrVWtZa1lrWWrZatlq2WrZatlq1WpValVqVVrVWlVJ0U
nRSdVJUTlROdFJ0UnRRrTFrKc01jTWuOhFGEUYxRjFGMUYRQe898EHwQdA9jjnPP
c89rz2NNY45jjmONWwxSy1sMY0xKy0KKUstSy0qKQkg6BzoHOgg6CDoHKUUpRTGG
QgdKSUqJSghKCFqKWstaikpJWstizFrLWopSiWMMa0xrTFrLa417znvPe897z4QQ
jFGMUZSSlJKUkpSSnNOc06UUpRSlFKUUpRSc05TTrZatlrWWtZa1lrWXtZe1l7WX
tZe1l7WXtZe1l7WXtZe1l7WXtZe1l7WXtZe1l7WXtZe1l7WXtZetlq2WrZatlq2W
rZatVqVVrVatVq1WpM+UTZSNnY10S2OJdEuVFZTUlNSM1HxSUw1bTYRRhFGEkYSR
hFGEUHwPfBB8EHQPY41zz3PPa49bTWOOY45jjVsMSstbDFsMUstCiVLLUstKikIJ
Ogc6CDoHOgg6ByFFKYUxhkoIUklSSUpJSkhaylsLWstSiWMLY0xjC2LKUsprTHNM
a0xjC3ONe898D3vPhBCMUYxRlJKUkpSSlJKUkpzTnNOlFKUUpRSlFJzTnNOU062W
tZa1lrWWtZa1l7WXtZe1l7WXtZe1l72XtZe1l7WXtZe1l62XtZe1l7WXtZe1l7WX
tZa1lrWWtVa1lrWWrZatlq2WrVatVq1WrVatVaUQlI6UjJ2NbAlbiWxMjVV0UWPQ
bFJkkksNW018EIRRjFGMUYxRhBF7z3wQfBB70GuOc89zz2uOW0xjjWONY41TDErL
W01bTFLKSopSy1LLSoo6CDoHOgc6BzoHOgchRSmGMYdKCFKKUopSiUpJWstjC2ML
WspjC2tMa0xjC1rLa01rTWuNa0xzjnvPhA97z4QPjFGMkYyRlJKUkpSSlJKc05zT
pRSlFKUUnNOc05zTnNO1lrWXtZa1lrWWrZa1lrWWtZa1lq1WtZe1l7WXpRWtlrWW
tZetVq2WrVWc07WWtZa1l7WWtZa1lrWWtZa1lq2WrZatlq1WpVatVq1VrVWlE5SR
lM+lT3xNa8t8zo1VbFFbzmSSXNNLTFsMdBCEUYyRhJGEUYRRc898EHwQc9BrjnPP
c89zz1tMY41jjmOOWwxKy1sMWwxKy0KKSstKy0qKQgg6CDoIOgg6CDnHKUUpRTGG
SolSylrKWspSiWMLY0xjDFrLY01rTWtNa0xjDHONc45zjmtNc46ED4QQhBCEEIxR
lFGUkZSSlJKUkpSSnNOc06UUpRSlFKUTnNOc05zTtZa1lrWWtZaMEVrLnNO1lrWW
lJJzTrWWtZadFEJIhBCtFK1UastaSUGGYoq1lrWWtZe1l7WXtZe1l7WXtZatlq2W
rZatlq2WrVWlVq1WrRWlE50TnRGlUpTQjI+U0HRRY89sUWzTS01Ky2vPhFGMUYxR
jFGEEHwPfBB8EHwQa45rz3PPa49bTWNNY41jTVMLSspbDFsMSspCilMLUstKikII
Occ5xznIOcgxxyFEKUUxhlKJUspbC2MLWstjDGtMa01jDGtNc45zjmtNYwxzjnvO
e85zjXwPhBCMUYQQhBCMUZSSlJKUkpzSnNKc05zTpRSlFKUUpRSdFJzTnNOc07WW
tZe1l7WWlJJCCJSSnNO1llrMnNS1l7WXfBE5yJSSUomdFJzTa0170IQQtZa1l7WX
tZe1l7WXtZe1l7WXtZetlq1WrVatVq1VrVatVq1WpNCUjpSMtQycy4xLlIydE5TT
jJOM02NNYw1zz4QRjFGMUYRRhBB7z3wQfBB0EGuOa890D2vPW01jTWOOY01TDErK
U0xbTErLQolSy1LLSopCCDnHOcg5xznHOcchRSlFMYZaimLLYwtjDGMLa0xrTXON
a0xrjXONc45zjmtNc457z3vPc457z4QQjFGMUYxRlJKUkpTSnNKc0pzTnNOc06UU
pRSc06UUnNOc05zTnNO1lrWXtZe1VmtNMYViy4OOvVU5RUoItZa1lpSSa01zjpSS
tZa110qKtZalFLWWtZe1l7WXtZe1l7WWtZa1lq2WrZatlq2WrVatVq1WpValVaTR
nE6UTaSIpMmUDJRNtNCkjzHGSolrTWuNc8+EEIRRhFGEUXwQc898D3wQfA9rjnPO
c89rzltMW01jjWNNWwxKylsMWwxSy0KKUstKy0qKOgkxxzHHMcc5yDnHIQUpRTFG
WstjDGMMa01jDGtNa05zjmtNc41zznvOe85zjXvPe898EHvPhBCMUYxRjFGMUYyS
jJKUk5TTnNOc05zTpNOlFKUUpRSlFJzTnNOUkpzTrZa1l7WWe89CCYQROchKioQQ
e89KSa1VjFFjDGNLOcd7jrWWvdZKiZzTtZa1lrWXtZa1l7WXtZe1V7WXtZe1lq2W
rZatlq2WrValFKUTpROlE5xQnIyUS4wLhAyMTaUQg8tBhUGFa0trjXvPhBGEUYRR
hFF8UXQPdA98EHwPa45zznPPa45bDFtNY01jTVsLSspbC1sMUstCiUrLSstCijoI
MccxyDHIMcg5xyFFKUUxhmMMa01rTXOOa01rjXPOe85zjnOOe897z3vPc457z4QQ
jFGEEIQQjFGMUYxRjFGUkpSSlJKc05zTnNOUkpzTpRSlFKUUpRSc05zTlJKc07WW
tZe1l4wSWsyMUmMMpVVjDLWWSopSipSTrVVjDFKKYwytVbWWnNJSirWWtZe1l7WX
tZe1l7WXtZe1l7WWtZa1lq2WrZatVq1VpROc0qTTrVWlFKUUnNN7z3vPe8+c1IOP
QYU5hWMLa4570IQQjFGEUYRRfFBzz3wPfBB8D2ONa85rz2vOW0xjTWNNY01bC0rK
WwtbDFLLQkpKi0rKSoo6CDHHMcc5xznHOccpRSlFMYZrTWtNc45zjnOOc457z3wQ
e897z4PPhBCEEIQQhBCEEIxRhBCMUYxRjFGUkpSSlNKUkpTTnNOc05zTnNOc05zT
pRSlFJzTnNOc05zTnNO1lrWXtZe117WWpVWtlrXXrZa1162WrZa117XXrZatVrWX
tde117XXtZa1l7WXtZe1lrWXtZe1l7WXtZa1lrWWtZatlq2WrVatVqUVnNSc061S
rVKcjZRMlEuMDowPnFGDjkGFOYRiyXPPhBCEEIRRhFGEUYRRc898EHwQfBBrjWvO
a85rzltMY0xjTWNNUwxKylMMUwxKy0JJSspKykqJOgg5xznHOcc5xzHHIUUpRTGG
c45zjnPPe897z3vPg8+EEHvPhBCEEIQQhFCEEIQQhFGMUYxRjFGUkpSSlJKUkpSS
lJKU050TnROdFJzTnNOlFKUUpRSlFJzTnNOc06UUtZa1l7WXtZe1l7WXtZe1l7WX
tZe1l7WXtZe1l7WXtZe117XXtZe117WXtZe1l7WWtZa1lrWWtZa1lrWWtZa1lrWW
rZWtVa1UrVWtVaUUpRStVa1VjI2MjZxMlA6UDpPOi41RhUGEYsh8D3xQhFGEUYRR
hFGEEXPPfA98EHPPa41rjmvOa45bTFtMW01bTVMMSspTDFsMSstCSkrLSstCijoI
MccxxzIHMccxxyFEIUUphnvPe897z4QQe8+EEIQQjFGEEIQQhBCMUYxRhBCMUYxR
jFGMUZSSlJKUkpSSlJKU05TTnNOc06UUpRSlE5zTpRSlFKUUpRSc05zTnNOc07WW
tZa1lrWWtZa1lrWWtZa1lr2WjFG1lrWWhBC1l7WXtZe1l7WXtde117WXtZdrTqUT
rVSUkYxRpRO1lq2WtZa1lq1UpROlE61VrVWtVq1WpRWlVZSPjI6Uz6UUnNKUUYvO
WkdBhGKIe8+EEIRQhFGEUYRRfBBzz3QPfA9z0GONa45rzmuOWwxbTGONY41TDEKK
UwxTDEqLOklKykrKQkk6CDHHOccxxzIHMcchRCFEKYaEEIQQhBCMUYwQhBCEEIxR
jFGMUYxRlJKUkoxRlJKUkpTSlJKUkpTTlNOc05zTnNOc05zTpRSlFKUUpRSlFKUU
pRSlFJzTnNOc05zTnNO1lrWWtZaUklpIUgdSBknFawq9VFrLe8+k1HvQtZe1l5zU
tZe1l7WXtZe1l3vQOcetVZzTSghSSpSStZe1lrWWtZatVaUUpROtVa1VrVWtVa1V
rVWlFaUVpRWlVaUVpNWUEXsMaop7DHvPhBCEEIRRhFGEUXxRc89zz3wQfA9rjWvO
a89rzltMW0xjTWNNUwtKilMLUwxKy0KJSopKikJJOggxxjnHMccxxzHHIUUpRTGG
hBCEEIxRjFGMUYxRjFGMkYySjJGMkZSSlJKUkpSSlJKUkpTSlNKU05TTnROc05zT
nNOc06UUpRSlFKUUpRSlFKUUpRSc05TSnNOc05zTtZa1lrWXpVaMk3OQc49SinNN
g8+MELVVtZZ7j7WWtZU5xpzSe821lbWVe84hA6UUtdac00IIUoqMUZzTrVW1lrWW
rVWlFKUUrVStFJzTnNOlFK1VrVSlEpzRpNGlEZyRlA6LjIuNg01zz3wQhFGEUYRR
hFGEUXPPe898D3QPY41rjmvOa45bDFsMY01jTFMLSopTC1MLSstCiUqKSopCSToI
MYYxxjHHOccxxyFEIUUphoxRhBCMUZSSlJKMUYxRlJKUkpSSlJKc05zTnNOU05TS
nNOc05ySnNOc06UUnNOdFJzTpNOlFKUUpRSc05zTpRStVaUUnNOUkpzSnNOlE7WW
tda117XXtZdzjlrLOge1lZzTYwy1lpSSOce1VmsMKQRKCEHHvVVaSkpJKUW1lrXW
lJNKSVrKjE9CB61UtZe1lrWWrVatVq1WrRSUkJSQpVOtU61TnIyUS5yLrQ2cS5uN
k0yLTINMc898EIRRhFGEUYRRfFBzznQPfA90D2uNc45rzmvOWwxbTGNNW01TDEKK
UsxTC0rKOklKikqKQkk5yCmGMYcxxzHHMcchBCEFKUaMkoxRjFGUkpSSjJKMkpTT
lNOUkpSSnNOc05ySnNKU0p0TnNOU0pzTnNOk05zTpRSc05zTpRSlFKUUnNOlFKUU
rVWlFJzTlJKUkpzTpRS1lrWWtZe1l7WXUouEEZzUvZe1l7WXlNIxx5zTvZeclFqL
jBGUUrXXlNO11zGHrZa1lmMMa01iyzFFYw21lrWWtZa1lrWWtVatVq1UlI+Uj6VR
rVKtUqSNnEycTLUNpI2TzYuMg4yDTXOPfBCEUIRQhFGEUHxQc89zz3wPc89jjWuO
c85rjlsMWwxjTGNNUsxCilMLUwtKyjpISopKikJJOcgxhzGHMccxxzGHIQUhBSlG
jJKMUYyRlJKUkpSRjJGU05TTlJKUkpzTnNOc05zTnNOc05zTnNOc05zTnNOc06UU
nNOc06UUpRSlFJzTpRSlFK1VpRSlFJSSlJKc05zTtZa1lrWXtZalFDnHtZa9173X
tZZ7zznHlJK1lr3Xvdd7z4xRvZi9172Xvdc5h7VWtVVKSa1Vc45azLWWtZa1lrWW
tZa1lq2WrZatVZzTnNKlVK1UrVScz5SOnI6tEaSRlA+TjYtMi0xzznvPhBCEUIRQ
hFCEEHPOc898EHvPa41rjXPPa45bDGMMY0xjTFMLSolbC1sLUspCSEqKSotKSToI
MYYxhjGGMcYxxiEEKQQpRZSSjFGMUZSSlJKMkYySlNOU05TSlJKc05zTnNOc0pSS
nNOc05zTnNOc05zTnNOlFJzTnNOlFKUUpRSc06UUpRStVaUUpROUkpySnNOlFLWW
tZa1lrWXUouMEb2XvZe915zTSkmlFL2Xvde9173XnNSMUb3Xvde9173XYwy1lrXX
rZa1l61WrZa1lrWXtZetlq2WrZatlq1WrValVqVVrVWtVaVVpVSlFKUUpRSlE5SS
i42LjYNMc4570HwQhFCEUIRQhBBzznPPdA90D2ONa41rzmOOWwxbDFtMW0xTC0KJ
UstSy0rKOklCikKKQkk6CDGGMYYxxzGHMYchBCEEKUWUkoxRjFKUk5SSjJKMkpTT
lNOU0pSSlNOc05zTnNKc05zTnNOc05zTnNOlFKUUpRSc05zTpRSlFKUUnNOlFKUU
rVWlFJzTlJKUkpzTpRS1l7WXtZe1l62Xtde117XXtde917WXtZe9173Xvde9173Y
vde9173Xvde117WXtZe1l7WXtZa1l7WXtZe1V7WWrZa1lrWWtVa1Vq1Wi86LzqSS
pVWlVaVVpRSUkJRQrNCkkIuNg42DTHONe8+EEIQQhFGEUXwQc89zz3wQc89jTWuO
c85rjlsMWwxjTVtMUwtKiVMLUwtKykJJSolKikJJOggxhjGHMYYxhjGGIQQhBClF
lJKMUYyRlJKUkoySjJKU05TTlNKUkpzTnNOc05zSnNOc06UTnNOc05zTnRSc06UU
nNOc06UUpRSlFJzTpRSlFK1VpRSc05SSnNKc06UUtZa1lrWXtZe9l72XtZe1l72X
tZe1l7XXtde1l73YtZe9l7WXtZe1l7WXvZe9l72XvZe1l7WXtZe1l7WXtZe1VrWW
tZa1lrWWtVatVopHccSayKUUpROlE6UTlE6MTayPrE+TTIsMiwxzjnPPhBCEEIQQ
hBB8EHPOc890D3PPY05jjWuOa41bDFsMWwxbTVMMQopKy1LLSoo6SEKJQopCSTHI
KYYxhjGGMYYxhiEEIQQpRZSSjJKMkpTSlJKMkoySlNOU05TSlJKc05zTnNOU0pTT
nNOdFJzTnNOc050UnNOlFJzTnNOlFKUUpRSlFKUUpRStVaUUnNOUkpzSnNKlFLWW
tZe1l62WpVWtlqVVtZatVbVVpRSlFKVVnNOlVZzTrVWUkq1VlJKtlrXXtde117XX
tZe1l7WXtZe1l7WXtZe1l7WWtZa1lrVVrVVyB3IGo42tEqTSpNGtEpSMlEykjayO
igWBhIHEc0x7z3wQhBCEEIRQfBBzznPPfA90D2ONY41rzmuNWwtbDFtMW0xTC0KJ
UstSykqKQkhKiUqJQkk6BzGGMYYxhjGHMYYhBCkFKUWUkoyRjFGUkpSSjJKMUpTT
nNOU05SSnNOc05zTlJKc05zTpNOc05zTnNOc05zTpRSc05zTpRSlFKUUpRSlFKUU
pRSlFKTTlJKck5zTpRS1lrWWtZec1HPPlNOEUaVVlNOtloRShFGU1IyTrZeU1KVW
dBGdVYRRpRS1173Xvde917WXtZe1l7WXtZetl7VXtZe1lrWWtZa1Vq1VlBB7DKSR
rRKk0qTRpRGUT5SRnM+kz4lEgQOAw3sMe8+EEIRQhFCEEHwPc49zz3wQc89jTmNN
a45jjlsMUwxbDVtNUwtKiVLLUstKijoJQklKSUJJOccxhjGGMYYxhjGHIQQhBSlF
lJKUkoySlJKUkoySjJKU0pTTlNOUkpTTnNOc05zTnNOc06UUnNOc05zTnNOc06UU
nNOc06UUpRSlFKUUnNOlFKUUpRSc05SSlJKc06UUtZe1l7WXnVVz0KVVhJKlVYyS
nVWU1JTUlNSUk62WnRS1l5TTrVWdFK1VvZe9l72XvZe1l7WXtZe1l7WXtZe1lq2W
tZa1lrWWtVatVq0WpRWlFaUUnNKc0YsKeoibjLRPrA2JQ4ECgQN7jXvPhBCEEIQQ
hBB8EHOOc890EHPPY01jTWuOY41TC1MMWwxbDFLLQkhKy1LLSoo6SUJJQklCSDHH
KYYphjHHMYYxhiEEIQQpRZSSjJKMkpSSlJKUkpSSnNOc05TTlJKc05zTnNOc0pTT
nNOdFJzTnNOc05zTnNOlFKUUnNOlFKUUpRSlFKUUpRSlFKUUnNOUkpSSnNOlFLWW
tZa1l62WrZatlq2WtZa1lrWWtZa1lrWWrVatlq1VtZatlq2WtZetlrWWrVWtVaUU
rVWlVa2WpRS1l7WXtZe1l7WXtZatlq1WpVaEkoRRlNSlVaVVpRSKR3GEkojEDbvM
iYR5A4mFe49zz3wPfBCEEIQQfA9zznPOdA9zz2NNY41rjmONUwxTDFsMWwxSy0JJ
UspSy0qKQglCSUJKQggxxymGKYYphimGKYYZBCEFKUWUkoyRjFGUkpSSlJKMkZTS
nNOUk5SSnNOc05zTnNOc05zTnNOc05zTnNOc05zTpRSc05zTpRSlFKUUpRSc05zT
pRSlFJzTlJKUkpSSpRS1lrWWtZeU03wRjNN8EJ0UjJKVE6VVnRSM03xRjNNz0IyS
jJKdFKUUnNOlFKVVnNOdFJTThFKU04ySrVW1l7VWrZa1lq2WrZatVqVWbBFr0ITT
pValVaUUckdpxZtLvI+rzoGEeQN5A3uMc857z3wQfBB8EHwQc85zznwPc85rjWtN
a45jTVsMUwxbDFsMUstCSUrKUstKikIJQklKSUIIOccphimGMYYxhjGFIQQhBClF
lJKMkoxRlJKUkoySjJKU0pTTlJKUkpzTnNOc05SSlNOc05zTnNOc05zTnNOc06UT
pROc06UUpRSlFKUUnNSc06UUpRSc04xRlJKUk6UUtZa1lrWWhJJjz4TSa8+VFIRS
lNOU05UUhJJ0UYSTa9CEkoyTnRStl50UrZalFa1WnRSdFZ0UnRSc1K1WtZe1l62W
tZa1lrWWrValVnRRbBCE0qUUnNOlE6TSg8+UUqzTnJKJxXlDeQN6iXOOe8+EEIQQ
hBB8EHPOc85zz3POa41jTWuOa41TC1MLUwxbDFLKQklKilLLSoo6CEJJQko6CDHH
KUYphimGMYYxhiEEIQQpRZSSlJKMUZSSnJKUkoyRlJKU05TTjJKc05zTnNOckpzT
nNOlFJzTnNOc05zTpRSlFKUUnNOlFKUUpRSlFJzTnNOlFKUUnNOUUZSSnNKlFLWW
tZa1l50VlNSlVp0UrVatVrWXrZelVa2WpVallq2XrZa117WXtZe1l72XtZe1l7WW
tZe1l7WWtZa1lrWWtZa1lrWWtZa1lq1WpVWMkoxSlNOcjJyLpM2lFKUUlNOMkozR
eYVxRIoGekdzjnvPfA98EHwQfBBzjnPOc89zzmNNY01rjmONUwtTC1MLWwxSy0JJ
SotSy0qKOkhCSEJJOgg5xylGKUYphimGKYUhBCEEIUSUkpSSjFGUkpTTlJKMkpSS
nNOUkpSSnNKc05zTnNOc05zTpRSc05zTnNOc05zTpRSlFJzTpROlFKUUpRSc05zT
pRSlFJzTjFGUkpzTrVS1lrWXtZe1l72XvZe9l73Xvde9173Xvde9173Xvdi9173X
vde92L3Xvde9173XvZe9l7WXtZe1l7WXtZe1l7VXrZa1lrWWtZatVqVVpVWlVa1V
pMucipyLpVOlU3yQW4dbh1oEekabC2pKc45zz3wQfBB8EHwQa45rjnPPc85jTWNN
a45jTVMLUwtbC1sMUstCSUqLUstKikJJQklCSUIIMccphSmGKYYphimGIQQhBClF
lJKMkoxRlJKckpSSjFGUkpzTlNOUkpSSnNOc05zTnNOc06UUnNOc05zTnNOc06UU
nNOc06UUpRSlFKUUnNOc06UUpRSlFJSSlJKc06UUtZa1l7WXtZe9l73Xvde9173X
vde9173Xvdi9173Xvde9173Xvde9173Xvde9173XvZe1l7WXtZe1l7WXtZe1VrWW
tZa1lq2VlM+EjozPrZKtUqTQlE6UTp0RnRFsTUtHS0dKhYKIs89SinOOe898EHwQ
fBB8D3OOc45zznOPY01jTGuOa41bC1MLUwtbDFLLQklKilKKQok6SDpJQkk6CDHH
KUYpRSmGMYYxhiEEIQQpRZSSjJKMUZSSlNOUkoySlJKc05TSlJKU05zTnNOU0pzT
nNOlFJzTnNOc05zTnNOc05zTnNOlFKUUpRSlFJzTnNOlFKUUnNOUkZSRlJKlFLWW
tZa1l7WXvZe9173Xvde9173Xvde9173Xvde9173Xvde9173Yvde9173Wvde9173X
tZe1l7WXtZe1lrWWtZatlrWWtZatlnRLY8h0i6VUpVSlFJzTpRSU03RQU8pLiFPI
UwZ6yaxRYwxzjnPPfA98EHwQdA9rjmuOc89zj2NNYw1rjWONUwtTC1MMUwxSy0IJ
SopKi0qKOghCSUJJOggxxymGKUYpRilGKUYYxCEEKUWUkoySjFGUkpSSlJKMUZSS
nNOUkpSSlJKc05zTnNOc05zTpRSc05zTnNOc05zTnNOlFJzTpRSlFKUUpRSc05zT
pRSlFJzTlFGUkZySrRS1lrWXtZe1l72Xvde9173Xvde9173Xvdi9173Xvde92L3X
vde9173Xvde9173Xvde9l72XtZe1l7WXtZe1l62WtZa1lrWWrZZ8TGOKdAulFKVU
rVWtFaUVjNRjj1uPdFCEkFrKgomrzlKJa41zznQPfA98D3vPa45rjnOPa89jTWNN
a41jTVMLSstTDFMMSstCSUqKSotKijoJOghCSToIMccpRilGKUYpRilGGQQhBClF
lJKMkoxRlJKUkpSSjJKUkpzTlJKUkpSSnNOc05SSnNOc06UUnNOc05zTnNOc05zT
pRSc05zTpRSlFKUUnNOc05zTpRSk05RRlFGckq0UtZa1lrWXtZe1l72Xvde9173X
vZe9l72XvZe9173Xvde9173Xvde9173Xvda9172XtZe1l7WXtZe1l7WXtZetlrWW
tZa1lq1WjJCEC4RKlMydDaVVpRWlFYzUY49jj4SSnNNiyFqHe8x7z3OOc897z3wP
fA97z2uOa45zz2uOY01bTGuNY01Sy0rLUwxTC0rKOkhKilLKSok6CDoJQgk6CDHH
KUUpRSlFKUUpRRkDGQQhRZSSjJKMkZSSlNKUkoxRjJKckpSSlJKUkpzTnNOUkpzT
nNOlFJzTnNOc05zTnNOlFKUUnNOc06UUpRSlFJzTnNOk06UUnNOUUpRRnJKtFLWW
tZe1l60UrRStVK1UrVS1lZzSnNKtVLWVtZa1lr3Xvde9173Xvde91r3Xvde9172X
tZe1l7WXtZe1l7WWtZa1lrWWtZatVq1VrVWcjJyMpM2lFaUVpRSU1HwQc9CMkJTR
YwlayJSOjJFzjnOOe897z3vPc89rjmuOc49rjmNNY0xjjmNNUstSy1LLWstKyjpI
QolKikqKOgg6CUJJOggxxylFKYUxhimFKUUZAxkEIQSMkoyShFGMkZSSlJKMkpSS
nNOU05SSnJKc05zTlNOc05zTpRSc05zTnNOdE6UTpRSlE5zTnNOlFKUUpRSc05zT
nNOlFJzTlJKUkpSSpRS1lrWWtZd70HOOa02MUJzTlJFzjXuNe46UUazUlJO9l73X
vde9173Xvde9173XvZe1l7WXtZe1l7WXtVa1l62XtZa1lrWWtVatVa1VnI2cjbTN
vM5zB2qInEu1DpxLlAqUB3MDYoWUjpSSc45zznvPfBB7z3POa45rjnPPa45jTGNM
Y41jTFLLSspSy1MLSso6SEqJSopCSToIQghCCToIMYYpRSlGKUUpRilFGMQgxCEF
jJKMkoxRjJGUkpSSjFGMkpTTlNOUkpSSnNOc05SSnNOc06UUnNOc05zTnNOc06UU
pRSc05zTpRSlFKUUnNOc05zTpRSc05RSlFGUkqUVtZe1l7WXpRWlFaUVrVa1l61W
rZatlq2WrVW1l7WXtZe1l7WXtZe1l7WXvZe9l72XtZe1l7WXtZa1lrWWrZa1lrWV
tZatVa1VrVWlE6USpNKlEqUQYgZiBZwKvQ6kS5QKlAqDSXLKlJKUkmuOa45zjnvP
e89zzmuOa45rz2vOW0xbTGONY0xSy1LLUstSy0qKOkhKiUqKQkk6CDoIQkk6CDHH
IUUpRSlFKUUxRSDDIMQhBZSSlJKMUYyRlJKUkoxRlJKc05zTlJKUkpzTnNOc05zT
nNOlFJzTnNOc05zTpRSc05zTnNOlFKUUpRSlFJzTnNOc06UUnNOUUZRRlJKlFLWW
tZa1l7VWrVWlFLVVnNOtVa0UnNS1lqUUpRSMELVUjBCMEaTUvZe9lr2XvZe1l7WX
tZe1l7WXtZetlrWWtZa1lq1SnM+sy7UMrIqkjKyNtQ+1D2pGYcWbirTOnEyUC5QL
g4pzC5STlJJzjmuOc857z3vPc85rjWONc85rjmNNY0xjTWNMUstSilLLUstSikII
SklKikpKOgg6CEIIOcgxhilFKUUpRSlFKUUYwxjDIQWUkpSSjFGUUZSSlJKMUZSS
nNOc05SSlJKc05zTnJKc05zTpRSc05zTnNOc06UUpRSlFJzTpRSlFKUUpRSc05zT
nNOc05zTlFGUUZSSrVS1lrWXtZeMUYRRc46UkmsMjBCMUIPPtVackoxRYwylFHvO
c8+c061WrVW1l7WXtZa1l7WXtZe1lrWWtZatlrWWtZatEpyOrIi8yayHrIikiKyL
rI2LjYONnFGlE5zSlJGUkXvNa0yU05STc45rTnOPe897z3PPa45jjXPOa45jDWMM
Y01jDVLLUopSy1LLSoo6CEJJSolCSTnIOghCCTnIMYcpBSlFKUUpRSlFGMMYwyEE
lJKUkoxRjFGUkpSSjFGMkpTTlNOUkpSSnNOc05ySlJKUkpzTnNOc05zTnNOc05zT
pROc06UUpRSlFKUUnNOc05zTpRSc05RRlFGUkq0UtZa1lrWWpRSlFaUVrValFa1W
rZa1lrWWrZWtlq1VrZatlrXXtZec1KUUtZa1lrWWtZe1lrWWtZa1lq2WtZa1lrWW
rRGcjqyItQqsh6yHpIekR6SLpRSlFKUUnM+UTZxOrJBrCmtNhFCEEGtNa01zjnPO
c89zzmuNa41rjmuOWwxbDGNNYwxSy1LKUspSy0qKOghCSUKJQkkxyDoIQgk5yDGG
KQUpRSlFKUUpRRjDGMMhBJSSlJKMUYxRlJKUkoxRjJGU05TTlJKUkpzTnNOc0pzS
lJKc05zTnNOc05zTnNOlFJzTnNOlFKUUpRSlFJzTnNOck6TUnNOUkoxRlJKlVLWW
tZa1lpSShBGMEKSSg85zTa0UvZZzTHvOlFBzjYxQlJK9l72XvZe9l72XvZe9l72X
tZe1l7WXrZe1l7WWtZa1lq1UpM+sz60PpImkiJxIpEikipRQlFClEpyMlEqUCpzS
jFGMkYySjJJrjmtNa41zznPOa85rjWONa45jjVtMWwxjTVsMUstKilLKUstKijoI
QklKSUJJOgg6CEIIOcgxhilFKUUpRSlFKUUgwxjDIQSUkoySjFGMUZSSlJKUUYxR
lNKU05SSlJKckpzTlJKUkpSSnNOc05SSnNOc06UUnNOc05zTnNOlFKUUpRSc05zT
lJKk05zTlJKMUZSSrVW1lrWXtZeMUoQRg9Gk1YQRjFKlFb2XlJKlFK1VpRSlFK0U
tZe1l7WXtZe1l7WXtZa1lrWWtZa1lq2WtZa1lrVVrVWtVa1VrVWlFKUUpNOcj5yO
nI5Rg0EBk8WcR5xHlEilDoxPhBCMUZSSe89rTWuNc85zznPOa41jTWuNY41bTFMM
W01bDErKSopKy1LLSopCSEJJSklCSToHOgdCCDnHKYYhRSlFKUUpRilFGMMYwyEE
lJKMkoxRjJKUkpSSlFGMUZTSlJKUkpSSlJKc05zTnNOUkpzTnNOUkpzTnNOlFJzT
nNOc05zTpRSlFKUUnNOc05zTpNOc05SRjFGUkqVVtZe1l7WXtZe1l7WWtZa1lrWW
tZa1lrWWtZa1lrWWtZe1l7WXtZe1l7WXtZa1lrWWtZa1lrWWrZa1lrWWtRGkj6SQ
rRStVq1VrVWtVa1VrRWlFZzUWYVRQ4tJnEyUTJRNpM6US3vNg82MkXvPa01rTXOO
c45zjmtNY0xrjmuOWwxbC2NNW0xSykrKUspKykqKOghCSUKKQkkxyDHHOggxxymG
IUUhRSFFKUUpRRjDGMMhBJSSjJKMUYySlJKUkoxRjFGUkpzTlJKUkpzTnNOU05SS
lJKc05zTlJKc05zTpRSc05zTnNOc06UUpRSlFJzTnNOUkpzTnNOMkYxQlJKtVbWW
tZa1lpzTlJKUkbVUhA+EEK1UnNOU0qTTjBC1lr2XtZe1l7WXtZe1l7WXtZe1l7WX
tZatlKUTtRG9UbUQpI+kj7VRrVOlE61TrVGlEJzQpNCs0WIGUYV6ypSQnNSc05zT
jEx7yoQLlJF8EGtNa41zjnOOc45rTWNNa05jTVsMUwtbTFsMUstKikqLUspKiToI
QklCikJJOcc5yDoIMccphiEFIQUhRSFFKUYYwxjDIQSUkpSSjFGMUZSSlJKUUYxR
lJKUkpSSjFGc05zTnNOc05SSnNOc05SSnNOc06UUnNOc05zTnNOlFKUUpRSlFJzT
lJKc05zTlJKMUZSSrVW1lrWWtZaUkoxRlJKtFYxRlJKtVa1VrVWtVq1WtZe1l7WX
tZe1l7WXtZe1l7WXtZa1lrWWrVOc0aSPxUu9CqSPrIm9CqyInE+9C71MnIuUi5zM
nNNrTmuOa458D5SSa0qUDpQLg4yDzYyRhBBrTWtNc45zjnONY01jTWuOY01bDFML
W0xbDEqLSopKi0qKQkk6CEJJSolCSTHHMcc5yDHHKYYhRSEFIQUpRSlFGMQYxBkE
lJKUkoxRjFGUkpSSjFGMUZSSlJKUkoxRlJOc05SSlJKUkpzTnNOUkpzTnNOlFJzT
nNOUkpzTnNSlFKUUpRSc05SSnNOc0pSRjBCUkq1VtZa9l7WXtZe1l7WWtZa1lrWX
tZa1l7WXtZe1l7WXtZe1l7WXtZe1l7WXtZe1V62WtZa1lrVTrI6kTbTQrRGk0azR
tRGcjZyNtMu9TZyKlIqcimvQW49bj1uPW4+DjlIGScWLzYQPjFCMUXvPa01jTWtO
a45rjmNNY01rjmNNWwxTDFtMWwxSy0qKUspSikpJOgdCSUJJOggxxzHHOcgxxymG
IUQhBCEFKQUpBRjDGMMYxIySlJKMUYxRlJKUkpSRjFGUkpSSlJKMUZSSnNOc05TS
lJKc05zTnJKc05zTnNOc05zTlJKc06UUpRSlFKUUnNOUkpzTnNOUkoxQlJKtVbWW
tZa1lrWWtZe1l7WXtZa1lrWXtZe1l7WXtZe1l7WXtZe1l7WWtZa1lq2WtZa1lbVU
tVOtU6yLmoWKA6LHrVWtVa0VpI2kjKzMtU2cjIxMhAtjz1uPU49Tj1OPakhZhVmF
lBB7jnvPe89zjmNNY01rjXOOa45jTWNNY41jTVsMWstbDFsMSopKikqKSopCSTII
OklCiTpIMccxxznHMccphiEEIQUhBSEFIQUYwxjDIQSUkoxSjFGMUYyRlJKMkYxR
lJKUkpSSlFGUkpzTnNOUkpSSlJKc05SSlJKUkpzTnNOc05SSnNOlFKUUpRSlFJzT
lJKc05zTlJGMUJSRrVW1lrWWtZa1lrWWtZa1lrWWtZa1lrWWtZa1lrWWtZe1l7WX
tZe1lrWWtZa1lrWWtRCkjqSPxRDFEKKIigaiya1VrVWtVaTRpNGkiqSJpImUkmvP
W9BbkFuQU49bj2rLWghaCJSQjA6UkZSRhFFrTWNNa01rjmuOY01jTWtOY01bDFLL
WwxbDEqKSopKykqKQkk6B0JJQklCSDnHOcc5xzGHKUYhBSEFIQUhBSEFGMMYwyEE
jJKMUoxRjFGUkpTSjJKMUZSSnJKUkpSSlJKc05zTlJKUkpSSnNOUkpzTnNOc05zT
nNOUkpzTpRSlFKUUpNSck5SRnNKc0pSRjBCUka1UtZa1lrWWtZa1lrWWtZa1lrWW
tZa1l7WXtZe1l7WXtZa1lrWWtZatlrWWtZa1lrVSpJCckL0UvRWkUqRSrJOs0KzP
rRC1UbVRrIqkSaRJhBFj0FuQW49Tj1OPU09zz5RKjAmUSJQEg8d7ynwNY01jTGNN
a01rTWMMYwxrTWNNWwxSy1sMWsxKi0qJSopKikJJMchCCEJJQggxxzHHOggxxymG
IQUhBCEEIQUhBRjDGMMhBIyRjJGEUYxRjJKUkpSRjFGUkpzSlJKMkpSSnNOc05SS
lJKc05zTlJKUkpSSnNOc05zTlJKc05zTpRSlFJzTlJKUUZySnJKUkYwQlFGtVbWW
tZa1lrWWtZa1lrWWtZa1lrWWtZa1lrWWtZa1lq1VtZa1lrWWtZa1lrWWtZa1Vq0V
rRW1Va1VrVWtVK1UpMuci6zMvU69TqSLnEqcSmvPY49bj1OPU49Tj1NOc46UCYwI
jAeDxYvGg4uEEGNMY0xjTGNNY01jTGMMY01jTVsMUstbDFsMSopKilKKSopKSjoH
QkhCSToIMccxxzHIMccpRSEEIQQhBCEEIQQQgxjDIQSMUYySjFGEEYxSlJKMUYxR
lFKUkpSSjJKUkpTTnNOUkpSSnNOc05SSlJKUkpzTnNOc05SSnNOc06UUpRSc05yS
lFGUkpSSlFGEEJRRrRW1lrWWtZa1lrWWtZa1lrWWtZa1lrWWtZa1lrWWrZa1lrVS
pNGk0bVUtVa1VrVWtZatVq1WrVWszaSMrMy9TqSLpIqsy61UrVSlE6UTe85jTGvO
Y45bj1OPS09TT2uOjEuMCowKjAmMToQOhFFjTVsMWw1jTWNNY0xjDGNNYw1azFLL
WwxSy0qKQolKSkqKQkk6BzoIOkk6CDHHMYcxhymHKUUhBCEEIQQhBBjEEIMYwxjD
jFGMkYxRhBCMUZSSjFGEUYySlNOUkoxRlJKUkpSSlJKUkpSSnNOUkpSSlJKc05zT
nNOUkpSSnNOlFKUUnNOckoxRlJKckpRRhA+MUa0VtZa1lrWWtZa1lrWWtZa1lrWW
tZatlrWWtZa1lbWWtZa1EKSOpI61VL1VtVStVa1VrVatVq1WrIyki6yLvVGs0JzR
pRKtU6UTpROc0lrIlJFzz1uOU49Tj1NOU05rjpSSlJOUknuPc45zjnONYwxbC1sM
Y0xjTVsLWwxjTWMMSopKilLLSopKikqKQkpCSTpIOgg6CDoIOgg5yDHHMYcxhjGG
IQQhBCFFIQUQwxjEIQQYxIxRjFGMUYQQjFGUkoxRjFGMkpSTlJKMUpSSnJKU0pSS
lJKUkpzTnNOUkpSSnNOc05zTnNOc05zTnNOc05zTlJKMUZSSlJKUkYQPjFGtVLWV
tZWtFLWVpRStVrWWtZa1lrVVlJKtVZSShBCtVbWWtQ+kjaSNvVS9VKzTrNOtE7VW
rVatVazNnIykjK1VrVWtVa1VrRWkzpSMc0iUUaTTjFFb0FOPU49Lj1NPc4+c0pSQ
jFB7zoxSjJKEUmNOWwxbDGNMY01bDFsNYw1bDFsLWwxbDFLLUstKikJJSopKSUII
Occ6CDoJMcgphzGGMYYxhiEEIQQpBSkFGIMYxCEEGMOMUYyRjFGEEYxRlJKMkoRR
jJKUkpSSjFGUkpzTlJKUkoyRlJKUkpSSlJKUkpSSnNOc05zTnNKc05zTnNOc05SS
jFGUkpySlFGDz4xRrRS1VVrKWsqtlHvPfA+lE6UTnNOlFGuOlRWtloQQrZW1lq0R
pNCk0LVTtVOk0qTSpROtVa1VrVWk0JyPpI+tVa1VrVatVa1VpIucSpQJnNSc1IxS
Y5BTj1NPU09TT3NOnM+UTIPKc4mMUoxShFJrTlsMWwxbDGNNW01bTVtMUwtTC1sL
UsxSy1LKSkpCCUJKQkk6CDHHOgg6CDoIMYcxhzGGKYYhBCEEIUUhBBCDGMQYxBjD
jFGMUYxRjFGMUZSSlJKMUZSSlJKUkoyRlJGU0pSSlJKUkpSSnNOUkpSSlJKc05zT
nNOUkpSSlJKc05zTnNOUkYwQlFGUUYwQe8+MEK0UtVV7jXNMrRR8EISSlRWEUoST
hJN0EWwQjNN70JzUtZa1lq1WrVWtVq1WrNOs060TrVWtVq1WrRWtVa1VrVWtVa1V
rVWtFJRJjAiciqUUnRSMUmPQU49Tj1NOU05rTpyOlEyDynNIlI2MT4QPa01bC1sL
WwtjTGNMW0xbC1LLUstSy1LLUspKykJJOghCSUJJQggxxzoIOggxxymGKYYphimG
IQQhBSlFIQQYwxjEGMQYxIxSjFGMUYQQjFGUkpSShBCMUZSSjFGMUYxRlJKUkpSS
lJGUkpSSlJKUkpSSlJKc05SSlJKUkpSSlJKUkpSSjFGUkpRSjFGEEIxQlFGtFLVV
c017jrVVlJKEEK1VtZa1lqVVpVWtlp0UtZatVbVWtVa1Vq1WrVatVqUVrRWtVa1W
rVWtVaVVpVWtVa1VrVWtVa1VpRWDz3MNnJKlFKTUhFFj0VNPS09LT1NPa46Uj4xM
e8t7hZRFg8Zri2NKWwtay1rMWwxbDFsMWwxSy1LLUstSy1KLSopCSUIIQklCCUII
Mcc6CDoIOggphjGGKYYphhkEIQQhBSEEGMMYxBjEGMSMUYxRjFGEEIxRjFGMUYxR
lFGUkoyRjJKMkoySlNKUkpSSlJKUkpzTlJKUkpSSnNOc05zTnNOUkpzTlJKUkoxR
lJKUkoQQhBCMEZRRpRStVq1WrVatVrVWtVa1VrWWtZa1lrWWtZa1lrWWtVatVq1W
rVatVq1WrVWtFZzUrVWtVa1VpVWtVJzSnNOlFKUVpRWlFaUVe8+D0KUVpRWdFIxR
W05LTVOOU05LDXMKg8yMDoxPe82ETnOKc4pjCFrLWstay2MMWwxbDFsMUstKy1LL
UstSi1KKSklCCEJIQkg6CCnGOgc6CDoHKYYphimHKYYZBCEEKUQhBBjDGMQYxBjD
jFGMUYxRjFGMUYxRhFGUUpSSlJKUkpSSlJKUkpSSlJKUkpSSlJKUkpSSjFGUkpSS
nNOUkpSSlJKc05SSjFGMUZSSlJKEUIQQjBGUka0UtVWtFZyTrVWlFaUUrVWtVbWW
tZaMUa1VpVR8EJzTrValFKUUjFKlFa1Va057z61VrVWtVa1VrVSc0pzTpRStVaUV
pRWlFWMNjFKlFZ0VnRSEUlLLIYZTDUqLIUVhhFlDcgaUkIQPa0xjCWLJYshay1rL
UstbDFsMWwxbDFLLUstSy1LLSspKikKJOghCSUJJOggxxzIIOggxxylGKYYphimG
GQQZBCEEIQQYwxjDGMQYw4RRhFGEUYxRjFGMUYxRjFGUkpSSjJKMUYyRjFGMkpSS
lJKMkZSSnNOUkoySlJKckpzTlJKUkpSSnNOUkoxRjFGUkpSSjFCEEIxRjFGlFK0U
Ukliy6VUhBBjTJTTlJKUkpSTY05z0YyTc4+EEZzUe8+lVaVVe9CMk5TThBGtVq1V
rVWtVa0TpNOc06UUrRWlFaUVpRVKSpSSpRSlFKUUe9BKShDEQkoxhyCAWcVRhGpH
jJKEUIQQe9B8EGuOUstSi1KKWwxbDFsMUwtSy1LKUstSy1LKSopKSToIQklCCUII
Mcc5yDnIMcgphimGKYYpRhjEIMQhBCDEEIMYwxjEGIOMUYxRhBGMUYxShFGEUYxR
jJGMkoyRjFGMUYxRjJKUkpSSjJGUkpzTlJKUkpSSnNOc05SSlJKUkpzTlJKMUYxR
lJKUkoxQhA+MEJRRrRStVXuOawy1VHwQfFKVFYyTjNSdFYQRpVWlVXwRpVaU1XxS
nVVzj5TTpVV8EJ0UrVWtVa1VrVWtFKTTnNOlFKVVpRWlFaUVOYick6UUpRSk1IQR
WswQw1LNQkkggFmDWYNyR5SShFF8EYRShFJz0FrLUotSilsLWwtbDFMLSstSy1LL
UstSy0qKQko6CEIJQgg5yDGGOcg5yDnHKYYphimGKUYZBCEEIQUhBBCDGMMYwxiD
jFGEEYQRhBGMUoxRhFGMUYxRjFGMUYxRjFGMUYyRlJKUkoySlJKU05SSlJKUkpST
nNOUkpSSlJKc05zTjFGMUZSRlJGEEIQPhBCMkaUUrVVrTXOPrVWtVZzUrVatVq1W
rVaMkq1WpRWlFK1WrValFa1WpRWtVq1WnNStVq1WrVWtVa1VrRWlFaUVpRWlFZzU
pRSlFDGGnNSlFKTUnNSEEVsMEMNbDlLLGINizHNOe4+MUoRSc9CMUoxSc9BSy0rK
Sopay1sMWwxSy0qLSotSi1KLUopKSkJJOghCSUIJOggxhznIMccxxymGKYYphilG
GMQhBCEEIQQQwxjDGMMYg4xRhBCEEIRQjFGEUYQQjFGMkoySjJKMUYyRjFGMUZSS
lJKMUZSSlJKUkpSSlJKc05zTlJKMUZSSnNOc04xRhBCMUZRRhBB8D4QQjFGlFK1V
rVWtVa1VrVWtVa1VrVWtVq1WrRatVq1VrVWtVaUUrVWtFa1VrVWtVa1VrVWtVa1V
rVWlEZyPnNClFaUVnNRKSoONnJAphpzUnRSc1JzUhBFjDRDFa5BjDhCDa06MUYyS
jJKMUnvQjFKEUnvQUstKikqKUwtSy1MLUstKikqLUotKikqKSolCSToIQkk6CDoH
MYY5xznHMYYpRilGKUYpRRjEIQQhBCEEEIMYwxjDEMKEUYQRhBGEEYxRhFGEEIxR
jJKMkoxSjFGMUoxRjFGUkpSSjFGMUZSSlJKUkpSSnNOUkpSSlJKUkpzTlJKMUYQQ
jFGUUYQPg8+MEJRRrRStFaUUlJKtVZSTpVWdFHwPa46U0muOa46MkmuOSsyEk1sN
Y02tFa1VpRSlFKUUpRStVa1VpImciZyJpRSlFHOOEIIpAowOMYSc1JzUnNSc1IQR
Yw0QxIRTc9AQw2NOhFKMkoxSjFJzz4SShFF8EFLKSopKilLLUstSy1LLUspKilLK
SopKikJJQkk6CEJJQgk6CDGHOcc5xzHHKYYphilGIUYZBBkEIQUhBBCCGMMYwxCC
hFB8EIQQhBCMUYxRhBGEUYxSjFKMUoxRjFGMUYxRlFGUUYxRjFGUkpSSlJKUkpSS
lJKUkoxRjFGUkpSSjFGEEIxRjFGEEHvPhBCMUaUUpNNSCWsNrVWEEHQQjNNTDEtM
bFFLTVNNdJJbj0LMdJNCy1MNnRWVFGuOlNNzz5zTrVWtVaSMnEucS6UUpRRzjiCC
IMKUUFpInNSc1JzUlNSEEWtOGMWMU3wREMNjTYRRjJOMk4ySY01jTWNNYwxSikqK
SopSy1LLUstKi0qKSotKikqKQopCijpJOgg6SToIOcgxhjnHMccxxilGKUYpRilF
GMQYxCEFGMQQgxjDGMMYw4RQfBCEEIQQjFCEUYQQhBCMUYxRjFGMUYxRjFGMUZRR
lFGMUZSSlJKUkoxRjFGUkpSSlJKUUYxRlJKUkoQQhBCMUYxRhBB7j4QPjFGlFKUU
e41jC62VfFCdVnyTOstLDZWWSw1bToTUY89TTXzTSwxTDJ1WlNRjDYxShBCc1KUV
pRWk0JROnE6k0qUUnNMgwzmDlA2MDJ0TnNSc1JzUhBFrThjFjJOMUhkDWwyEUYyS
jJKMUnOPhFKEUnwRUoxKikpJUstSy1LLSstKikqKSopKikqJQklCSDoIOgg5yDnI
KYcxxzHHMYcpRilGKUYpRSDEIMQhBCDEEIMYgxjDGMOEEYQQhBCEEYwRjBGEEIxQ
jFGMUYxRjFGMUYxRjFGUUYxRjFGMUZSSjFGMUYxRlJKUkpSSlFGMUZSSlJKEEIQQ
jFGUkoQQe8+EEIxRpRStVWMMc4+UkmOOa9CEk2uPdBKVFmvRc9GdFozVfFKVFYST
hFGdVqVWlNSlFZTUpRWlFaUVpRSc06UUpRWlFKUUMURJwZQKnEqc1JzUnNSclHvQ
UosYxGtPc44Yw0IJhBGMU4xSjFJrj4RRhFKEEVLLSolCSUqKUstSy1LLSotKikqK
SopKikJJQgk5yEIIOgg5yDGGMccxxymHKUUpRilFKQUYwxjDIMQYwxCCGIMYwxiC
hBGEEIQQhBGEUYRRfBCEUYxRjJGMUYxRjFGMUYxRjJKMkYxRjFGUkpSSjFGMUZSS
lJKUkpSSjFGUkpSSjFGEEIxRlJGEEHOPe8+MUaUUrVWtVa1VpRWtVa1VrVWtVa1V
rVWtVa1VrVWtFa0VpRWlFaUVrRWlFaUUpRSlFKUUpRSlFKUUpRSlFKUUpNKcSJQG
lAaURpxInNSU1JzUlJSEEWtOEQWM1IyTIUZSi4QRjJKMUoxSc4+EEoRShBJSy0pJ
QklKilKKUotKikqKSopKikqKQolCSToIOcg6CDoIMccphjHHMYcphiFFKUYpRilG
GMMYxCDEGMQQghDDGMMQw3wQfBB8EHwQhFGEUXwQhBCEUYxRjFGEUYxRhFGEUYyR
jFGEUYxRlJKUkoxSjFGUkpSSlJKMUYxRlJKUkoxRhBCMUYxRhBB7znwPjFGlFKUU
nNOdE5SSnNOc06UUnNOckpSSlJKMUYQQlJKckpzTpRSlFIRRhBCc04xRjFF70HOO
hBCEEKUUpRSlFJyLnEWcRZxFnEWcSJzUnNSc1JzUhBFrThkFjJOUkzGHSop70IxS
jFKMUmuPhBGEUYQRUstCSkIJSopKykrKSopCikqKSopKikKJQklCCDnIOgg5yDnH
KYYxxzHHMYYpRSlFKUUpBRjDGMQgxBjEEIIQwxjDEIKEEHwPe9B8EIRRfFB8EIQQ
jBGMUYxRjFGMUYxRhFGMUYxRjFCMUIyRjJGMUYxRjJKUkpSSjFGMUZSSlJKMUXvP
hBCMUYQQe857z4xRpRSM01MNdBFCzGPPW49sEFvQSw1sEWvQjRR0EYzTfBF8EXvQ
dBGEkmvPa89rz4yTfBF0EGvPY02lFKUUpRSUBpxFnEWcRZwFnEqc05TTnNOU04QQ
a04hRYyTjJI6CUKKc9CEUoRShFFrjoRRhBF8EFLLQklCCEqKSopKikqKQklCikqK
SopCSkJJOgkxyDoIOggxyCmGMccxxymGIUUpRSlFKUUYwyDDGMQYwxCCEIMYwxCD
hBB7z3wQfBCEUIQQhA+EEIwQjFGMUYxRjFGMUYRRjFGMUYwQhBGMkoyRjFGEEIyR
jJKUkoxRjFGUkoxRhBB7z4QQhBCEEHOOe8+MUaUUfFNKzmPROs1j0VNPdBJsEmPQ
fJN0EISSnRWEkpTUnNWU1J0VjJOMk5TUjJOEUoyUlNSU1IxSpRWlFaUVaoOcRJxE
nESUBZxInNOc05zTlNOEEGtOIUWMk4ySSopCSnPQjFKEUoRSa05bDVsMWwxSykpJ
QglSSkqKSopCikKKQopCikKKQklCCToIMcg5yDnHOccphjHHMYcphiFGKUYpRiFF
GMQYxBjEGMMQghDDGMMQg4QQfBB8EHwQfBCEEIPPhA+EEIRRhFGEUYRRhFGEEIxR
jFGEUYQQjFGMUYxRhFGMUZSSlJKMUYRRjFGMUYQQe8+EEIxRhBBzjnvPjFGlFJ0V
lNSdFZ0VnRWdFZ0VpRWlFaUUpRWlFaUVpRWlFaTVpRWlFaUVpNWlFaUVnRWlFKUU
pRSlFKUUpRSUUklCnAWcBZwFlAWUR5zTnNOck5STe9BrTSFFjJKMUlLLOglz0IRS
hFKEUmuPfBF8EXwRWw1CSToISkpKikqKSopKikqKSopCSkJJQghCCDnHOcg5xzHH
KYYxxzGHKYYhRSlFKUUhBRjEGMQYxBjDEIIQwxjDEIN8EHwPfA90D4QQfBB8EHwQ
hBGEEYRRhBGEUYRQhBCEUYxRhFGEEIxRjFGMUYxRjFGUkpSSjFGEEIxRjFGEEHOO
hA+MUIQPc417zoxRpRSlFaUVpRWtFaUVpRWlFaUVpRWlFaUVpRWlFaUVpRWk1aUV
pRWlFaUVpRWdFaUVpRSlFKUUpRSk1KTUc41BQZxFlEWUBJQElAaU05zTlJOUk3vQ
a005x4RRjFFayzoIc5CEUoRShFJrz3wRfBF8EVsNQgk6CUKKSopCikqKQopCSUJJ
QklCSToIOggxyDIIOcgxhymGMYYxhilGIUYhRilGIQUYxBjEGMMYwxCCEIIYgxCD
fA98D3vPe8+EEIQQe9B70HwQhFGEUYQRhBCEEIQQjFCMUIQQfBCMUYxRjBCEEIxR
lFGMUYxRjFGMUYxRhBBzjnvPhBCED3OOe8+MUaUUpRWlFaUVpRWlFaUVpRWlFaUV
pRWlFaUVpRWlFaUVnRWlFaUVpRSlFaUUpRSlFKUUnRSdFJzUnNSc1FJJYkKcBJwE
lASUBJQGnJOUk5STlJN70HPQc89rj2uPUsxTDGuPhFKEUoRSa498EHwRfBFbDUJJ
OghCSUqKSopKiUKJQklCSUJJQkg6CDoJMggxyDHHMYcphimHKYcpRilGKUUpRSlF
GMQYxBjEGMMQghCDEMMQg3vPe897z3vPg8+EEHvQe9B8EIQQhBGEEIQQhBCED4QQ
hFGEEXwQhFGMUYxRhBCMUZSSjFGMUYQQjFGMUYQQc457z4QQhBBrTXOOjFGk1KUV
pRWlFaUVpRWlFaUVpRWlFaUVpRWlFZ0UnRSlFKUUnROdE4ySlJKMUpSSnNOMUZzU
nNSc1JzUnNQ4xIOElAWUBZQElASUBZSTlJOUk5STe9CMUoyTjJOEUoxShFJrkIRS
hFKEUnPPY01zjnvPY0xCCToIQklCiUKKQklCSUJJQklCSToJOgk6CDHHOcgxxzHH
KYYpximGKYYhRilGKUYhBRjEGMQYxBjDEIIYgxjDEIN7z3vPe89zz3vQfA90D3vP
fA+EEIQQfBCEEIQQhBCEUYRRhBB70IxRjFGMUYQQjFGMkYxRjBCEEIQQjFGEEHvP
e8+EEIQQa01zjoQQnNOU04QRjJKMkp0TnRSc1JSTfBCU1HPQjJKMknvQfBF8EWOO
fFFLDWwQUw10EIyTWw2UlJzUnNSc1IxRQYSMBpRElASUBJQElAaUkpSTlJOMk3vQ
jFKMkoxSjFKMUoRSa4+EUoRShFFrzlsJWwlrSlrLQgg6B0JJQkpCSUJJQklCSUJJ
QglCCToJOggxyDHIMcgxxymGMcYphilGIUUhRilGIQUYxBjEGMQYwxCCGIMYgxCD
e897z3PPc49z0HvQe9B7z3wQfBCEEIQQhBCEEIQRhFCEEIQQe8+EEIRRhBGEEIRR
jFGMUYRQhBCEEIQQhBBzjnvPhBB7z2tNc46EEJzUnRV8EZTUfFGEUoRSfBKVFWuP
fFJ0EYxSjFF7zoxQhA9rjXPPWwtzzlsMc8+Uk2uPlJOU1JzUnNRrDmrLlEeUBJQE
lASUBJQFlJKUk5STlJJ70IxSjJOMUoxSjFKEUnOPhFKEUYRSa4tayFrJa05jDDpJ
OghCSUKJQklCSUJKQklCSkJJOgg6CDIIMccxxzHHMYcphjGGKYYpRilGKUYpRiFF
GQQYxBjEGMMQgxiDGIMQgnvPc85zz3PPc897z3vPe457z3wQfBB8EHwQfBB8EHwQ
hBCEEHvPhBCMEYRRfBCEUYRRjFGEUXwQhBCMUIQQc457z4QQhA9rTXOOhBCc1JzV
lNSUk5zUnRSc1JzUnNSdFZ0VnRWdFJSTlJOck5zTnNOc1JzUnNSc1JzUnNSclJzU
nNSc1JzUSkmUUJQGlASUBJQEi8SUBZSSlJOUk4yTc9GMU4yTjJKMUoxShFJrj4RS
hFKEUmuNWwtjS3wPa45CCTnHQglCSUJJOklCSUJJQklCSToIOgg6CDHIMcgxxzGH
KYYxhylHKUYhBSlFKUUhRRkEGQQZBBjEEIIQgxiDEINzz3PPc89rz3PPfA9zz3PP
c898EHwQfBB70HvQe9B8EHwQhBB7z4QQhFCEEHwQhBCMUYxRhBB8EHwQhFGEEHOO
c46EEHvPa01rTYQQnNOc05STlNOMkp0VlNSU05TTjJKEUYySjJKEEZTThBCMknwQ
jJJrzoRSW01rz2NNhBGMUZzUnNSc1EIIpJGUBowElASMBJQEjEaUk5STlJOUk3wQ
jFKMkoxShFKEUoRSa5B8EnwSfBJz0WOPa9B8EGuOOgg5x0IJQkk6SUJJQklCSUJJ
Qgg6CDnIOcgxxzHIMccphymGKYYphilFKUUpRSFFIQUYxBjEGMQYxBCDEIMQgxCC
c89zz3POa45zznvPe85zjnvPe9B70HvQe9B7z3vPg8+D0HwQc8+EEIRRhBB8EIQQ
hFGEUYQRe9B70IQQe89rTXOOhBB7z2sNc02EEJTUfFNTDnQSW02EkpTTY45sEGPP
W05sEHySa9CEUmwRfFFbj3RSS010UULMY9BTTXwRjFKc1JzUjJJSi6RSlAeUBJQE
lASUBIxHlJOUk4yTjJNzz3OOc45zTmtNa01rTWtNhBGEEoQSdBFjj3QRdBFr0EIJ
MchCCUIJQglCCUIJQgk6CToJOckxyDHIMcgxyDHHKYcpRimGKUYpRiEFIUUhRSEF
GMQYxBjEGMMQghCDEIMQgnOOc45zjnONc457z3PPc45zz3vPe897z3vPe897z3vP
hA98D3POfBB8EHwQfBCEEIRRhBGEEHvPe8+EEHvPa01rTXvPe89rTWtNhBCc1HxS
U06Ek3QRjNR8k2wRdBFr0WwQfFKM1HQRfFJ8U4RSfBF8UnQRfFJ8U3xTc9F8EpST
nNSc1JSUjFKUkowGk8WUBZQFjAWMCIyTjJOMk4yTc9CEUoRShJKEUoRSfFJrj3xS
fFF8EXQRY490EXQRa9A6CDHHOgg6CToIOgg6CToIOgg6CTIIMcgxyDGHMYcxhjGG
KUYpRiFFIUUhBSEFIQUZBRjEGMQYxBiDEIIQgxCCEIJzjnOOc41rjWuOc89zzmuO
c45zz3PPe897znvPe897z3wPe89zj3vPhBB8D3vPe8+EEIQQhBB7z3vPhBB7z2tN
a017jnvPYwxrTYQQlNOU1JTUlNWU1Z0WnRWdFZ0VnRWdFZzUnNSc1JzUnNSc05zT
nNOU05TTlNSUlIyTlJOUk5STlJOUkoySjJKMC4PKg8qDyoPKhA2MUYQRhBGEEHPP
dA9zz3POc49rj2uPY05jjmOOY05jTlsNWw1bDFMMOccxxjnIOgg5yDnIOcg5yDnI
OcgxyDHHMccphimGKYYpRiFFIUUhRSEEIQQhBCEEGQQYwxjDGMMYwxCCEIIQgxCC
a45rjmuNY01rjWuOa41jTWuNc45zznPPc45zjnOOc457z3vPc45zz3wQe89zz3vP
hBCEEHwQc89zjnvPe89rTWtNe897z2MMYwyEEJzTlNOUk5STlJOUk5SSlJKUkpSS
lJKUUoxSjFGMUYxRjFGEEYxRjFGEEXwQfBB8EHwQe9B70HvQfBB70HPPe9Bzz3PP
c89rjnPPfBFrj2NOW05bDVtNWw1SzFsNUw1KzErNQotKzErMQotTDVtOa9BsEDnI
MYYxxznIMccxxzHHMccxxzHHMYYxRjFGKUUpRSFFIUUhBCEEIQQhAxjDGMMYwxDD
EIIQghCCEEIIQQhBCEIIQmONY01rTWMNY01rjmtNYwxrTWtNc05zjmuOa45rjmuN
c45zjmtNc457z3vOc49zz3wQfBBz0HOOc457z3POY0xjDHOOc45jDGMMe8+Uk4xS
jFKEUoQRe9B70HwQfBB8EHwQc898EHvPc4+EEYQRhBGEEYRSUsxbDVLMW01jTmNO
QotCi0KLW01bDUrMUw1TDUrMSsxrj3wRa9BTDksNMkpCzDKKOotCzDqLOotCzCoK
Qs1LDjJLUw5bTnPQdBA5xylFMYYxhjGFMYYxhimGKUYpRSlFKUUpRSEEIQQhBCEE
GMMYwxjDEMMQwxDCGMMQgghBEIIQghCCCEEIQQhBCEFjDGMMYwtizGMMY01jDFsM
YwxjTWtNa01rTWtNa01rTWuOa01jTWuNc85zzmuOc457z3vPe89zjnNOe89zjmMM
YstzjnOOYwxjDIQQlJOMUoQRhBJr0UrNUw5jj1MNY49bj0LMSw1TTlMNc9CEEHwQ
hBF8EkLNSs5CzEsNW49TDkKMSs1CzFMOUw5CzFtOW45bTVMNY498EWuPY49jj1NO
W09TTlNOUw5TDlMOU05TTltPW49bj1tOW490EXQRMcchBSFFKUUpRSlFKUUhBCEE
IQQZAyEEGMMYwxjDGMMYwxCCEIIQgghBCEEIQQhBCEEIQAhBCEEIAQgBCAEIAQgB
Wstay1rLWstay2MMWstSy1rLWstbC1sLWwtbDFsMYwxrDWtNYwxrTHOOc45zjnOO
c45zz3OPa05jTWuOa45bDFrLa01rTVrLWst7z5STjFKEEXxSdBFjj2vQa9Br0GwR
a9Bjj2vQa9FrkHvRfBB8EHwRhBFz0HPQa9Bz0HPQa9Bz0HPQc9Bz0HPPa89jjmvP
a89jj2vQfFJr0HPQc9Brj3PPc89rz2uOa45rjltNa9F0EXxSdFJr0HQSfBJ0EjGI
GMMgwyDDIMMgwxjDGMMYwxjCGIIQghCCEIEQgRBBEEEQQRBBEEEIQQhBCAEIAQgB
CAEIAQgBCAEIAQgBCAEIAVKKUopSilKKUopSilKKSklSilKKUopay1KKWstay1rK
YwtjC1rLWwtrTWNNY0xjTGuNa41rjWNMWwxrTWtNWstSymMMYwtSilKKe8+UlIxS
jFKEUoRShFKEUoRThFKEUoRShFKEUoRShFKEUoRShFKEUoxThFKEU4RThFOEU4RT
hFOEU4STjJOEU2PPQw1sUmPRSsxz0YRShFKEUoRSc9Brj2uPY09jT2NPY05bDXwS
fFKEUoSTdBF8UnxSdBAphhiCGIIYghiCGIIYghiBGIEYgRCBEEEQQRBBEEEQQRBB
EEEQQRBBCEEIQQgBCAEIAQgBAAEIAQgBCAEIAQgBCAFKSUpJSghKCEpISklCCEpI
SklKSUpJSklCCUpJSklSiVKJUslSilrLYwxbC1sLUstjDGMMYwxay1KKWstay0qJ
SklSilKKSkhKSHPOlJOU1JTUlNWU1ZTUlNWU1ZTUlNSU1JTUlNSU1IzUlJSUk5ST
lJOUk5STlJOUk4yTjJOMk4yTjJOMk4yTjJNrz0MNbFNj0ULMa9CEUoxShFKEUmvQ
fFGEUnxSfFJ8EXwRc9CMlIyUhJSElHQSdFJ8U3QSMYcQQhiCGIIYghiCGIIYghhB
GIEYQRhBEEEQQRBBEEEQQRBBEEEQQRBBEEEIQQgBCAEIAQgBCAEIAQABCAEIAQgB
QcdBx0HHQcdBx0HHQcdBx0HHQgdCB0IHQgdKB0oHSkhKSUpISkhKSVKKUopSikqJ
UopSikqKSklKCFJJSklCB0HHSghKCEHHQcdzjpSTnRWdFZTVnRWdFZzVlNWU1JTU
lNSU1JTUlNSMlJSUlJSUk5STlJOUk5STlJOMk4yTjJOMk4yTjJOEk4yTa5BKzWyT
bBJCzGPQhFKEUoRShFJz0HwShFKEUnwRfBF8EWuPhFJ8UoRShFJ0EYSTjJN8UjoJ
GIIYghiCGIEYgRiBGIEYgRiBGIEYgRiCEEEQQRBBEEEQQBBBEEEQQQhBCEEIAQgB
CAEIAQABCAEIAQgBCAEIATmGOUYxhjGGMYY5hjmGOYU5hTmFOYU5hTmFOYU5hjmG
Occ5xjnHOcdCB0IHQcc5xkHGQcZBxjmGOYY5xjmGOUUxRTlFOYUxRTFFc02Uk5zU
nNSc1KVWpVac1ZTUlNSU1JTUlNOU05STlJOUk5STlJOUk4yTjJOMk4yTjJOMk4yT
jJOMk4xTjJOEU2uPSs1sk3QSQsxj0HxShFKEUoRSc9B0EHwRfBF8EXQRfBFjTnwR
dBF0EXQRW058UoSTdBE5yRiCGEIYghiCGIEQgRiBGIEYgRiBGIEQQRBBEEEQQRBB
EEAQQRBBCEEIQQhBCEEIAQgBCAEIAQgBCAEIAQgBCAExBCkEKQQpBCkFKQQpBCkE
MQQxBDEEMQQxBDEEMQQxAzEDMQMxAzEDMQMxQzEDOUMxQzEDMQMxAykDMQMxAzED
MQMxAzEDMQMxA3NMlJOU05TTlRSdFZzUlNOU05TTnRSU1IyTjJOMk4yTjJOMkoyS
jJKMkoySjJKMUYvOi86LzYONg42EUoxThFNrkErMbFN0UkLMY4+EUYRRhFKEUXQQ
a898EXwRdBFz0XQRW05r0GwQa9Br0FMNa850EGONOcYYghiCGIIYghiCGIIYghiB
GIEYgRiBGIEQQRBBEEEQQRBBEEEQARBBCEEIQQhBCEEIQQgBCAEIAQgBCAEIAQgB
IMIgwiECIMMowyjDKMMowyjDKMMpAyjDKMMpAykDMQMxAykCMQMpAzEDMQMxAzED
MQMxAzEDMQMxAzEDMQMxAzEDMQMxAzEDMQNrDIySfBB7z2KLWklSSFqIWohrCpTT
lJOMk4xSfBJrj3wRc9Br0IRSjJOMk4xTe49ySHJIckhySHsMhFKEUoQSa9BLDHRR
dFJTDGOOfFB0D3PPc45rTVrLYwxay1KKSklCCTnHOcYxhTFEKUQgwxjDEIEYgRiC
GIEYgRiBGIEYgRiBGIEYgRCBEIEYgRBAEEEQQRBBEEEQQRBBEEEQQQhBCEEIQQhB
CAEIAQgBCAEIAQgBCAEIARiBIMIgwiDCIMIgwijDKMMowzDDKMMpAyjDKQMowzDD
KMMowyjDKQMpAykDKQMxAzEEMQMxAzEDMQMxAzEDMQMxAzDCMQMpAykDYsqMkoyT
jJOMlIxTa9BrTlKLSoqUkpSSlJKMkYRQc45zznPOY0xrjXONa4xjC1rKQcdBxzmG
OYVBhknGQcU5hTFEIQMpAyDDGEIYQRhBEAAQABAAEAAQARABEAEQARABCAEIARAB
EAEQARABCAEQARABEEEYghiCGIIYghiCGEIYghiCGIEYgRiBEIEQgRBBEEEQQRBB
EEEQQRBBEEEQQRABEAEIQQgBCAEIAQgBCAEIAQgBCAEggiDDIMIgwiDCIMMowikC
KQIpAykCKQMpAykDKQMpAykDKMMowykDKQMowyjDKQMpAykDMQMwwzDDMMMowzDD
KMMowyjDMMMpA0GFWkhSB1JHSgZJxkGFOUUowyCCKMMogiCBIEEYQRhBGEEYQRhB
GEEYQRhBGEEYQRhBEEEQQRABEAEQQRBBEAEQARABEAEQARABEAEQARABEAEQQRBB
EEEQQRBBEEEQQRBBGEEYQRiBGIEYgRiBGIEYghiCGMIYghiCGIIYghiCGIIYghCC
GIIYgRiBEEEQQRBBEEEQQRBBEEEQQRBBEEEQQQhBCEEIAQgBCAEIAQgBCAEIAQgB
IEIggiDCIMIgwijDKMMowyjDKMMpAykDKQMpAykDKQMpAzEDMQMxAzEDKQMpAzED
KQMpAykDKQMpAykDKQMpAyjCKMIowijCKMIowhhBEEAYQRBBEEEYQRhBGEEYQRhB
EEEQQRhBEEEQQBhBGEEYQRhBGEEYQRhBGEEYQRhBGEEYgRhBGEEYQRhBGIEYgRiB
GEEYQRhBGIIYghiCGIIggiCCIIIgwiDCIMIgwhjCIMIgwiDCIMIYwiDCIMIgwiCC
IIEYgRiBGIEYgRiBGIEYgRiBGIEYgRiBGIEQQRBBEEEQQRBBEEEQARBBEEEIAQgB
CAEIAQgBCAEIAQgBCAEIARhCIIIgwiDCIMMowyjDKMQowyjDKMMowyjCKMMpAykD
KQMwwzDDKQMowyjDKQMpAyjDKMMpAzEDMQMxAzEDMQMowijCKMIowijCKMIggRiB
GIEYQRhCGEEYgRiAGIEggSCBIIEggSCBIMEggSCBKIEggSCBIIEggiCCIIIggSCB
IIEggiDCKMIowiiCIIIgwiCCIIIggijCKMIowyjDKMIowikCKMIowiDCKMIogijC
KMIgwiDCIMIgwiDCIIIYghiCGIEYgRiBGIEYgRiCGIIYghCCGIEYgRiBEEEQQRBA
EEEQQRABCEEIQQhBCEEIAQgBCAEIAQgBCAEIAQgBCAEYQSCCIMIgwiDCKMIowykD
KMMowyjDKMMowyjDKMMowyjCKMMowyjDKMMowyjDMMMowyjDKQMpAikDKQMowyjD
KMMowyjDKQMpAykDKMIowijCKMIowijCKMIowijCKMIowijCKMIowijCKMIowijC
KMIowijDKMMowijCKMIowSjCKMIowijDKMMowyjDKMIowijCKMIowijDKMMowyjD
KMMowyDDKMIowyjDKMIgwiDCIMIgwiDCIMIgwiDCIMEYghiCGIIYghiBGIEYgRiB
GIEYgRiBEIEQQRBBEEEQQRBBEEEQQQhBCEEIQQhBCEEIAQgBCAEIAQABCAEIAQgB
GEIggyDDKMMowijDKMMowyjDKMMowyjDKMMowyjDKMMgwijDKMMowyjDKMMowyjD
KMMowyjCKMMpAykDKQMpAzEDMQMxAzEDMQMxAzEDMQMxAzEDMMMowyjDKMIowijC
KMMxAzECMQIxAikCKMIowijDKMMowyjDKMIowijCKMIowijCMQMxAzEDMQMxAzDD
MMMwwyjDKMMowijCKMIowijCKMIowiDCIMIgwiDCIMIhAiDCIMIgwiDCIMIgwiCC
GIEYghiCGIIYQRiBGIEYgRiBGIAYQRBBEEEQQRBBEEEQARBBEEEQQRBBCEEIQQhB
CAEIAQgBCAEIAQgBCAEIASCBIMIgwiDCKMIowijDKMMowyDDIMMowyjDKMMowyjD
KMMowyjDKMMpAyjDKMMowyjDKMMwwzECMQMxAzEDMQMpAykDMQMxAzEDMQMxAzED
MQMxAzEDMQMxAjECKMIwwjEDMQMxAzEDMMMwwyjDMMMxAzEDMQMxAzEDMQMxAzkD
MQMxAykDMQMxAzEDMQMowijCKMIowijCKMMowyjDKMMowyjDKMMgwyDCIMIgwiDC
IMIYwiDCGMIYghiCGMIYghiCGIIYghiBGIEYgRiBGIEYgRiBEIEQQRBCEEEQQRBB
EAEQQBBAEEAQQQhBCEEIAQgBCAEIAQgBCAEIAQgBCAEggSDCIMIgwyjCKMMowyjD
KMMowyjDKMMowyjDKMIowijCKMIowyjDKMMwwyjDKMMpAykDKQMxAykDKQMpAykD
MQMxAzEDMQMxAzEDMQMxBDEDKQMpAykDKMIowijDKQMxAzEDMQMxAzEDMUMxAzEC
MQMxAzEDKMMxAzEDMQMxAzEDMQQxAzEDMQMpAykDKQMowyjDKMMowyDDKMMowyjC
KMIowijCIMIgwiDCIMIgwiDCIMIgwiDCIIIgwiDCGMEYgRiCGIIYghiBEIEYgRiB
GIEYgRCBEIEQQQhBEEEQQRBBEEEQQRBBEEEIAQgBCAEIAQgBAAEIAQgBCAEIAQgB
GIIgwyDCIMMgwyDDKMMowyjDKMMowyjDKMMowyjDMMMowyjDKMMowyjDKMMpAykD
MQMxAzEDMQMxAjEDKQMpAikDKQMpAykDKQMpAykDKQMpAykDMQMxAzEDMQMxAzED
MQMxAjEDMQMxAzEDMQMxAzDDMQMxAzEDMQMxAyjDMQMxAzEDMQMxAykDKMIowijC
KMIowijCKMIowijCKMIowiDCKMIgwiDCIMIgwiDCIMIgwiDCGMIgwiDCIMIgwhiC
GIIYghiCGEIYgRiBGIEYgBiBGIEQQRBBEEEQQRBBEEEQARBBEEEQQQgBCAEIAQgB
CAEIAQgBCAEIAQgBCAEIASCCIMIowijCKMMowyjDKMMowijDKMMowyjDKMMowyjD
KMMwwyjDKMIowyjDKQMpAzEDMQMxAzEDMQMxAzEDMQMxAzEDMQMxAzEDMQMxQzED
MQMxAzDEMQMxAzEDMQMxAzEDMQMxBDEDMQMxAzEDMQMxAzDDMQMxAzECOQMxAjED
KMIpAijDKMIwwyjDKMIowijCIMIowijCKMIowyjCKMIowijCIMIgwiDCIIIgwhjC
IMIgwiDCIMIYwhjCGMIYghiBGIEYgRiBGIEYgRiBGIEYgRCBEEEQQRBBEEEQQRBB
EEEQQRBBEEEQQRBBCEEIAQgBCAEIAQgACAEIAQgBCAEgwiDCIMIgwiDCIMIgwiDC
IMIgwyjDKMMowyjDKMMowyjDKQMpAykDKQIpAikDKQMpAykDKQMpAykDKQMpAykD
KQMpAzEDMQMxAzEDMQMxAzEDMQQxAzEDMMMxAzEDMQMxAzFDMQMxAzEDMQMxAzED
MQMxAykDMQMxAzEDKQMpAykCKQIpAikCKQIpAikCKQIowijCMQIowijCKMIowijC
IIIgwiDCIMIYwiDCIMIgwiDCIMIgwiCCIIEYghiCGIIYghhBGEEYQRiBGIEYgRiB
EEEQQRBBEEEQQRBBEEEQARBBEEEQQRBBCAEIAQgBCAEIAQgBCAEIAQgBCAEIAQgB
KMIowijCKMIowijDKMIowijDKMMowyjDKMMowyjDKMMowyjDKMMowyjDKMMowyjD
KQMowykDKQMpAykDKQMpAykDKQMpAykDKQMxAzEDMQMxAzEDKQMpAykDKQMpAykD
KQMpAykDKQMpAykDKQMxAzEDMQMxAzEDMQMxAykDKQMpAzEDKQMxAzEDKMIowijC
IMIowijCKMIowijCIMIgwiDCIMIgwiDCIMIgwiDCIMIggiCCGMIYghiCGIIYghiC
GIIYghhCGIIYgRiBGEEYQRBBEEEQQQhAEEEQQRBBEEEQQRBBEEEIQQhBCEEIQQhB
CEEAAQgBCAEIAQgBCAEIASiCKMIowijCKMIowijCKMIowijDKMMowyjDKMMowijD
KMIowyjDKMMowyjDKMIowijCKMIowyjDKMMowyjDKQMpAykDKQMowyjDKQMpAykD
MQMxAzEDMQMpAykDKQMpAykDKQMpAykDKQMpAzEDMQMxAzEDKQMpAykDKQIpAikC
KQIpAyjCKMIowijCIMIowijCKMIowijCKMIowiDCIMIgwiDCGMIgwiDCIMEgwiCC
IMIgwiCCIIIggiCCGIIYghiCGEIYgRiBGIEYgRiBEIAQgRCBEEEQQRBBEEEQQRAB
EEEQQQhBCEEIAQgBCAEIAQgBCAEIAQgBAAEIAQgBCAEgwiDCIMIowiDCIMIgwiDC
KMIowijCKMIgwiDCIMIowijDKMMowyjDKMMowijCKMMowyjDKQMpAyjDKMMpAykD
KQMpAykDKQMowyjDKMMpAykDMQMpAykDKQMpAykDKQMpAyjDKQMowyjDKMMowyjD
KMMpAykDKQIpAyjDKMMowyjDKMMowyjCKMIowijCKMIgwiDCIMIgwiDCIMMgwiDC
IMIgwhjCIMIgwiDCIIIgwiCCIIEYghiCGIIYghiCGEEYgRiBGIEYgRiBGIEYgRCB
EEEQQRBBEEEQQRBBEEEQQRBBEEEQAQgBCAEIAQgBCAEIAQgBCAEAAQgBCAEIAQgB
KMIgwSjCKMIowiDCIMIgwiDCIMIpAijCKMIgwiDCIMMowyjDKMMowyjDKMMowykD
KMIowijDKMMowyjDKQMpAyjDMMMowyjDKMMgwyjDKMMowyjDKMMowyjDKMMwwyjD
KMMowyjDKMMowyjCKMIowyjDKMMowyjDKMMowyjDKMMowyjDKMIowijCKMIowijC
KMIowiDCIMIpAijDIMIgwiDCIMIgwiCBIMIggiCCIIIYwhjCGMIYghiCGIIYghCB
GIEYgRiBGIEYQRhBEEEQghBBEEEQQRBBEAEQQRBBEEEQQRBBCEEIQQhBCEEIAQgB
CAEIAQgBCAEIAQABCAEIASDCIMIgwiDDIMIgwyDCIMIgwiCCIMIgwiDDIMMgwyDD
IMMgwiDCKMIowijCKMIowijCKMMowyjDKMMowyjDKMMowyjDKMMowyjCKMMowzDD
KMMowyDCKMIowyjDKMMowyjCKMMowykDKQMpAykDKQMpAijCKMMowyjDKMMowyjD
KMMowyjDKMMowyjCKMIgwiDCIMIgwiECIMIgwiDCIMIgwiDCIMIgwiDCIIEggRiC
GIIYghiCGIIYghiCGIEYQRiCGIIYgRiBGIEQQRBBEEEQQRBBEEEQQRBBEAEQQRBB
EEEIQQhBCEEIQQgBCAEIAQgBCAEAAQgBCAEIAQgBCAEgwiDCIMIgwiDCIMIgwiDC
IMIgwiDCIMIgwiDCIMIgwiDCIMIgwyDDIMMgwyDDIMIhAiDCIMIgwiDCIMIowijC
KMIowiDCKMIowijCKMIowyjDKMMowzDDKMMowyjCKMIowyjCKMIowyjDKQMpAyjD
KMMowyjDKMMowyjDKMIowijCKMIowijCKMIowijCKMIgwiDCIMIgwiDCIMIgwiDC
IMIgwiDCIMEggiCCGIIYghiCGIIYghCBGIEYghiBGIEYgRiBGIEYgRCBEEEQQRBB
EEEQQRBBEEEQQRBBEEEQQRBBEEEIQQhBCEEIAQgBCAEIAQgBCAEIAQgBCAEIAQgB
IIIgwiDCIMIgwiCCIIIgwiDCIIIggiDCIMIgwiDDIMMgwyDCIMMgwyDCIMIgwyDD
IMMgwyDCIMIgwiDDKMMowyjDKMMowijDKMMowijDKMMowyjDKMMowyjDKMMowyjD
KMMowyjDKMMowykDKMMowyDDKMMowyjCKMIowijCKMIowyjCKMIowijCKMIowSjC
IMIgwiDCIMIgwiDCGMIgwiDBIIIgwiCCIIIgghiCGIIYgRiBGIEYgRiBGIEYgRiB
GIEYgRCBEIEQgRCBEIEQQRBBEEEQQRBBEEEQQRBAEEAQQRBBCEEIQQgBCAEIAQgB
CAEIAQgBCAEIAQgBCAEIASDDIMIgwiDCIMIgwhjCIMIgwiDDIMMgwyDDIMIgwyDC
IMIowiDDIMMgwiDCIMIgwiDCIMIgwiDCIMIowyjDKMMogijCKMIpAijCKQMowyjD
KMMowijCKMIowyjDKMMowyjDKMMowyjDKMIowijCKMIowijCKMIowijCKMIowyjD
KMMowyjDKMMgwiDCIMIgwiDCIMIgwhjCIMIgwiDCIMIgwiCCIIIYghiCGIIYghiC
GIIYghiCGIEQgRiBGIEYgRCBEIEQgRCBEIEQQRBBEEEQQRBBEEEQQRBBEEEQQRBB
EEEIQQhBCEEIAQgBCAEIAQgBCAEIAQABCAEIAQgBCAE=
END m9
frame    40 :  a closed book +0.60  an opened book +0.50   led  52/ 59 h0.49 lvl+0.55   -
frame    41 :  an opened book -0.12  a closed book -0.20   led   0/255 h0.00 lvl-0.16   -

snapshot  : frame 42, mean RGB 109 108 108
BEGIN m9 128 128 32768 2ae8f71f
WopSSDmGOYZKCEpIQkg5x0pJUopKSUpJQgdSiVsKWspKSFKJa0xrjWtNa01zz3wQ
hBCMUYxRjFGMUZSSlJKc05zTlNOc05zUnRSdFJzTnNOc06UTnROdE51UpRSlFJ0U
nRSlVKUUnROdE6UUpRSlFKUUnRSlFJ0UnRSdFJ0UnRSdE6VUnRSdFJ0UnRSdFJ0T
lNOU050UnNOU05TTlNOU04yTjJKM05TTlNOM0oyRjJGMkYySjJGMkYRRhFGMkYSR
hFF8EHwQfFB8UHQPdA90EHQPa85rjnPPa89rz1tNW01jjVtNUwxTDFtNWwxbTErL
SspKy0rLSspKiToIQklCSVKKSkkxhjGGSghKSUIIOcdKSVKKUopKSUIHUolay1rL
UolSimtMa01rTWtNc898EIRQhFGMUYxRjFGUkpSSnNOc05zTnNOc1J0UnNSc05zT
nROdE50TnRSdVKVUpRSlFKUUpRWlFJ0UnRSdVaUVpRSlFKUUpRSdFJ0UnRSdFJ0U
nRSdVZ0UnRSVFJ0UnRSc1JzTlNOc1JTTlNOU05UTlROM0oySjNKU05TTlNKMkoyS
jJGMkoyShJKEUoRShJKEknxRfFF8UXxRfBF0EHPQdBBz0GvPa49rz2vPY45bTWON
Y45bjVMMUwtbTVtNUwxKy0qKSopKikqKQok6BzoIQkhSikpJOYYxhkoIUklKSDnG
SkhSiUqJSkhCB1KJWspaykqIUopjTWuNa01rTXPPfBCEUYRRhFGMUYxRlJKUkpzT
nNOc05zTnNSdFJ0UlROdE50TnROdE50UpVSlVKUUpRSlFKUVpRWdFJzUpRSlFaVV
nRWdFJ0UnRSdFKUUnRSc050UpRWdFJ0UnRSdFJ0UnRSU05TTnRSdE5TTlNOdFJzT
lNKUk5STlNOU05TSjJKMkoxRjJKMkoSRhFGEUoRRhFGEUXwRfBCEUXwQc9Bzz3wQ
c89rj2uOa89rz2OOW01jTWNNW01TDErLW01bTFMLSspKiUqKSopKikJJOcg6CDoJ
UopKSTmGMYZKSEpJSkhBxkpIUopSiUpIQgdSiVrKWwpKiVKKa01zjXONa01zzoQQ
hFCMUYxRjJGMUZSSlNKc05zTnNOc05zTnRSc1JzTnRSdE50UnRSlFKVVpVWlFKUU
pRSlFKUUpRSlFKUUpRSlVaUVpRWlFKUUpRSlFKUUnNSdFKUUpRSc1J0UpRSlFKUU
nNOc06TUnNSU05TTnRSc1JTTlJOU05TTlNOM0oyShJKEUoySjJKMkoRRhFKEUoRS
hFF8EHwQfFF8UHQPc898EHPPa45rjmvPa89rjlsMW01jjWNMUwtKylNMUwtSy0qJ
QolKiUqJSolCSTHHOcg6CFKJSkg5xjGFSghSSVJIQcdSSFKJUolKSUIISklay1rL
UolSimtNa01rTWNNc86EEIRQhFGMUYxRjFGUkpSSnNOc05zTnNOdE6UUnNSdE5zT
nRSdFJ0UpRSlVKVVpRSlFKUUrRSlFKUUpRSlVKVVpVWlVaUUpRSlFKUUpRSlFKUU
nRSlVZ0UnRSdFKUUpRSlFJzUnNSlFJ0UlNOU050UnNOU05SSlNOU05TTlNOMkoyS
jJGMkoySjJGEUYRShJKEknxRfBF8EIRRfFB0D2vPdBB0EGuPa45rjmuOa45bDFtM
Y01bTFMLSspbTFMLUstKikJJSolCSUJJQkgxxzoHOgdSiVKJOccxhkpISklKSDnH
SklSilJKSklKCEqJWwpbClKJUolrTXOOc45rTXvOhBCEEIxRjJGMUYyRjJKU0p0T
nNOc05zTnROdFJ0UnRSdFJ0UpRSlFKUUrVStVaUVpRWlFKUUpRSlFKUUpVWtVa1V
rVWlFKUUpRSlFKUVpRSlFKUUrVSlFKUUnRSlFaUUpRSc1JzUnRSdFJTTlNOU1JzU
lNOU05TTlNOU04zTjJKMkoySjJKMkoyRhFGEUYRRhFGEUXwQfBB8UXxQdA9rznQQ
c89rj2tOa49rj2uOWwxbTGNNWwxSy0rLU0xTDFMLSolCSUpJQklKSUIIMYYxxznH
UolSSUHHOYZKB1JJUkhBx0pIWopSiUpIQgdSSFrKYwtSiUqJa0xzjXONc41zzoQP
hBCEUYyRjFGMkZSSlNKdE5zTnNOc06TTpRSlFJ0UnRSlFKUUpRSlFK1VrVWtVaVU
pVSlFaVVpRWdFKUUpVWtVa1VpVSlVKVUpRSlVaVUpRSlFKVUpRSlFKUUpVSlVKUU
nRSc1KUUnRSc05TTnRSdFJTTjNOU05TTlNOU0oySjJKMkoySjJKMkoRRhFKEUYRS
hFF8UHwQhFB8EHPPc890EHQQa89jjWvOa85jjVMLW0xbTVtMUwtKyltMUwxSy0pJ
QklKSUJJQklCCTGGMcc5x0pJSkk5xzGFSghSSVJJQcdKCFqKUopKSEIHUklay2LL
UopSiWtNc41zjWtNe86EEIQQhFCMUYyRjJKUkpTSnROc05zTnNOlE6UUnROdE50T
nVSlFKUUpRStVa1VrVWtVa1VrVWtVa1UpRSlVa1VrVWtVa1UrVWlVaVVrVWlVKUV
pRStVa1UpRSlFKVUpVSlVJ0UnRSdFJ0UnNSc1JzUnRSU05SSlNKU05TTlNOUkoyS
jJKMkoySjJKEUYRShFKEUoRRfBF0EHxRfBBzz2vPdBBrz2vOY41rjmuOY41bDFsM
Y01bDFLLSspTTFMMSstCSkJJQklCSUJJOkkxhjGGOcdKSEpJQcc5hkoIUklSSUIH
SkhaylLKUolCSEpJWstjC1LKUolrTHONc41zTHvOhA+EEIxQjFGMkYyRlNGc0p0T
nNOdE5zTpROlFKUUpRSlFKUUpRSlFKUUrVWtVa1VrRWtVa1VrVWtVa1VrVW1lq1V
rVWlFK1VrVWtVa2VpVWlVaVUpVWlVKVUpRSlVKVVpVWdFJ0TpRSlFJzTnNOlFJ0U
nROU0pTTnNOc05TTjJKMkoySjJKMkoSShFGEkoSShFKEUXwRdBB8EHwQdA9rznQP
bA9rjmONa45rjmOOWwxbDGNNWw1Sy0rLWwxTDFMLQolCSEJJQkhCSDoIMYYxhjnH
SghCCEHHOYZKCFJJUklCB0JIWspSyUqJSkhKSVrLYwtaylKJa0xzjXOOa017zoQQ
hFCMUYySjJKMkpSSlNOdE50TnROc06UUpRSlFKUUpRSlFKUUpRSlFK1VrVWtVaUU
rVWtVa1VpVWlVa1VrVWtla1VpVWtVa1VrVWtVa1VrVWlVa1VrVWlVaUUpVWtVaVV
pRSlFK1UpVSdFJ0TnRSdFJzUnNOc05zTnNKUkpSRjJGMkYySjJKMkoRRhFKMUoRS
hFF8EXQQfBB8EHQPa850D3QPa85jjWuOa45jjVsMUwxjTVsMSstKilsLWwtSy0JJ
QklCSUJJQklCCDGGMcY5x0IIQghCCDnHQghSSVJJQghKSFrKWopSiUpISkljC2MM
WspSimtMc41zjWuNe86EEIRQhFGMUYyRjJKUkpzTnROc05zTnNOdFKUUpRSlFKUU
pRSlFKUUrVWtVa2VrVWtVa1VrVWtVa1VrVWtVbWWtZatlq2WrZatlq1WrZatVq1W
rVatVq1WrVatVq1WrVatVa0VpVWlVaVVpVWlVaVVpRWlFZ0UnRSU05SSlJKUkpSS
lJKMkoySjJKEUYxSjJKEkYRRhFF8EHxRfFB0D2vOdA90D2vOY41rjmOOY45TDFMM
W01bDFLLSspbDFsMUstCSTpJQklCSUJJQggxhzGHOcdBx0IHQgc5hkoHUklSSUII
SgdailqKWolKSEpIWstjC1rKUolrTHONc45rTXvOhBCEEIxRjJGUkZSSlJKc06UU
nNOc05zTpRSlFKUUpNOlVK1VrVatVq1WrZetlq2WrZatlq2WrZatlq2WtZa1lrWW
tZa1lrWWtZatlq2WrZatlq2WrZatlqWWrZatlq2WrZWtVq1WrValVqUVpVWlVKVV
pVWlFaUVlNKU0p0TnRSdFJzTjJKMkoyShFGEUoSShJKEkXxQfA98UHxQdA9rznQP
dA9rzmONa45rjmOOUwxTDFtNWw1Ky0KKWwxTDFLLQkk6SEJIQkhCCEIHKYYxhjHG
QcdKB0oIOcZCB1KJUopCCEIIWopailqJSkhSSGLLYwtaylKJa41zjnOOa017zoQQ
hFCMUIxRjJGUkZSSnNOlFJzTnNOc050UpVSdFJ0TrVW1lq2WrZetlq2WrZatl62X
rZatlq2WtZatlq2WrZatlrWWtZe1l62WrZatlq2WrZatlq2WrZatlqWWrZatlq1W
rVatVq1VpVWlVaUSlJCUkKUVpRWlFZSNjEyUjaURjFFjDYxSjJKMkoRRhJGEkYSR
hJF8UHQPfFB8UHQPa850D3PPa45jTWuOa45jjlMMUwtbTVMMSstCilMMUstSy0JJ
QglCCEIIQgg6BymFKYYxx0HHScdJxzmGQgdSSVKJQghCCFKKUopSiUpJSkliy2ML
WspSiWtMc41zjWuNe8+EEIxQjFGUUYyRjJKUkpzTpRSc05zTnNOlFKUUpRSc061V
tZa1lrWWrZatlq2WtZa1lq2WrZatlrWWtZa1lrWWtZe1l62XrZetl62XrZetl62W
rZatlq2WrZatlq1WpZWtVq1WrVatVqVWpRadEoyQjI+dFKUUpRSMTYxNnI6lEIwP
QceMEIyRhJGEUYRRjJGMkYxRhFB0D3xQfFB0D2uOdA9rz2vPW01rjmuOY05TDFMM
W01bDVLLSopbDFLLUstCSUIIQghCCUIIQcgpRTGGOYdBx0oISgc5hkHHUklSiUII
QghailrKUopKSEpIWstjC1rKUolrTHONc41rTXvOhBCEEIxRjFGMkoySlJKc06UU
nNOdFJzTpRSlFJzTnNOtVbVWtZatlq2WrZatlq2WrZatlq2WrZatlq2WrZatlrWX
tZe1l7WWtZetlq2WrZatlq2WrZatlq1WrVatVq1WpVatVq1WrVatVq1WpRSMUYyR
nROlVKVUnNOUkpzTpROMD0nHg4+MUYxRhFGEUYyRjJGEkXxQdA98UHxQdA9rjnQP
dA9rzmNNY45jjmONUwxTC1tNWwxSy0qKUwxTC0rKQkk6CDoIQghCCDoHKYUxhjHH
QcdCB0oHQcZCB1KJUopKSEIIWopailKJSklKSVrLYwxaylKJa01zjnOOa017z4QQ
hBCMUIxRjJGUkpTSnNOc1KTTpRSc06UUpRSc05SSrVa1VrWWrVWcUKRRnE+kUJwP
pFCcUMWVpJKcUZySrVWtlrWWtZa1lq2WrVatlq2WrZatlq2WrZatlq2WrZatVqVW
rVatVq1VrVatVqVVnRSdFJ1VpVWdFZ0VnRWdFZ0VlNR8EIQQjFGMkYRRhFKEUYxR
hFGEUXwPfFB8UHQPa850D3PPc89jTWOOY45jTlMMUwxbTVtMUwtKilsMWsxSy0JJ
Qkg6SEIIOgg5xylFKYYxxkHGSghKCEHHQgdSiVKJSkhKCFqKWspailJJSkliy2MM
WstSimtNc45zjnONe8+EEIQQjFGMUZSSlJKUkpzTpNOlE50TnROlFKUUnNOMkq1W
rZa1lpSSxVakUZwPnBCTzqRRk87FVpxRlJK1lrWXtZe1l7WXtZe1l7WXtZe1l62W
rZatlq2WrZatlq2WrVatVq1WrVatVq1WrValVqVWpValVaVVnRWlFZ0VnRWdFZUV
lRSEUYRRjJKMUYySjJKMUYxRhFB0D3xQfFB0D2vOdA90D2vOY01jjmuOY01TDFLL
W01TDFLLSopTDFLLSstCSToIOghCCEHIOcgpRjGGMYdBx0oISghBx0HHUklSikpJ
QghailrKWspSiUpJYwtjDGMLUoprTXOOc85zjXvOhBCMUIxRjFGUkZSSnNKc05zU
nNSc1JzTpRSlFJzTlNKtVa2WrZalVJSSpRSk1KTUlJKk06TTpNOckqTTtZa1lrXW
tZe1lrWWtZa1lrWWtZa1l62WrZatlq2WrZatlq2WrVatVq1WrVatVq1WpValVqVW
pVWlVaVVpRWdFZ0VnNWUkpSSjFCEUIRRhFCMkYyRjJGEUXxQdA98UHwQdA9rjnPP
c89rjltMY41jjWONUwtSy1tMW0xSykqKWwxSy0qKQkg6BzoIOgg6CDnIKUUxhTHG
QcZKB0oIQcdBx1KJWopKSUIIWopaylrKUolKiWMLa0xjC1LKa01zjnvPc457z4QQ
jFCMUYySlJKUkpzSnNOc06UUpRSlFKUUpRSc05TSrZatlq2WrVWckpySpROk060V
rVWlFKTTpRSlFKUUtZe1l7WXtZe1l7WXtZa1lrWWtZatlq2WrZatlq2WrZatlq1W
rVatVq1WrVatVqVWpValVqVVnVWdFZ0VnRWdFZ0VWgdRRXrKfBCEUYRRhFKMkYyR
jFGEUHwPfBB8EHQPa41zz3PPa89bTWNNY45jjlMMUstbTVsMUstKilrMUsxKi0JJ
Ogg6CDoIOgg5yClFMUUxhkHHSkhKSEIHQgdSiVLJUolKSFrKWwtaylKJUkhjC2tM
YwtaynNNc457z3OOe8+EEIxRjFGUkpSSlJKUkpzTnNOlFKUUpRSlFKUUnNOUkq1W
rZa1lq1VrRWtFa1VrVW1lrWWrVatVrVWrVatlrWXtZe1l7WXtZe1l7WXtZe1l7WW
tZatlq2WrZatlq2WrZallq2WrVatVq1VrVWtVaVVpVWlVaVVpRWlFZ0VnRWdFWoI
UYaCy3vQe8+EUYxRjJGMkYxRhFB8D3wQfBB0EGuOc89zz2uPW01jTmOOY45bDFML
Y01bDFLLSopbDFMLSspCSDoHQgc6CDoIOgchRSmGMYZBx0oJSglCCEIIUopaylKK
SkhaymMKWspaiVJJawxrTGsMWstrTXuOe89zjnvPhBCMUIyRlJGUkpSSlJKc06UU
pRSlFJzTpRSdE5zTnNO1lrWWtZa1lrWWtZe1lrWXtZe1l7WXtZe1lrWWtZe1l7WX
tZe1l7WXtZe1l7WXtZe1lq2XrZatVq2WrZatlq2WrZatVqVVrVatVq1WrRalFZ0U
nROlVJUTlNOdFJ0UnRRrTVrLc01jDWNOhFGEUYyRjJGEUYRQfA98D3wQdA9jjnPP
c89rjltMY01jjWNNUwtKy1tMW0xKy0KKUwxKzEqLOgg6CDoIOgg6CDoHKUUphjGG
ScdSSVJJSkhKCFKKWstaykpJWstjC2LKWspaimsMa01rTFrKa4x7z3vPe86ED4xQ
jFGMUZSSlJKUkpSTnNOc1KUUnRSdFKUUnRSc05TTrZa1l7WWtZe1l7WXtZe1l7WX
rZe1l7WXtZe1l7WXtZe1l7WXtZe1l7WXtZe1l7WXtZe1l7WXtZetlq2WrZatlq2W
rZalVq1WrVatVa1VpM6UTZSNpY10S2PJdIuVFZUVjNSM1HxSUw1bTXwRhFGEUYyR
hFGEUHPPfBB8EHPQa45zz3PPa45bTWONY41jjVsMUstbDFsMSstCilLLSstKyjpI
Ogg6CDoIOgg5yClFKUYxhkHIUklSSUpJSklay1rLWstKSVrLYwxjDFrMUoprTHNN
a01jDGtOe8+ED3vPhBCMUYxRjFGUkpSSlJKUkpzTnNOlFKUUpRSlFKUUnNOU0q2W
rZe1l7WXtZe1l7WXtZe1l7WXtZe1l7WXtZe1l7WXtZe1l7WXtZe1l7VXtZe1l7WX
tZe1lrWWrZatlq2WrZatlq2WrVatVq1WrVatVqURlE6UjJ2MbAlbiGyLjVR0UWvP
bFFkkVNMW0x0EIRRhFKMUYRRhBB7z3wQfBB8D2uOc89zz3OOW0xjTWONY41TC0rK
WwxbDFLLSopTC1LKSopCCDnIOcg5yDnHOccpRSlFMYZKSVKKUopSikpJWstjC2ML
WopjDGMMYwxjDFrLa01rTXONa0xzjnvPhBB7z4QQjFGMUZSSlJKUkpSSlJKc05zT
pRSlFKUUnRSc05zTnNO1lrWXtZe1l7VWtZa1lrWXtZe1Vq1WtZa1lrWWpRStlrWW
tZa1lq1WpVWc07WWtZa1lrWWtZa1lrWWtZa1lq2WrZatlq1WrVatVq1VrVWlE5SR
lM+dj3RNY8t0jo1UbFBbzmRRXNNDTFsMc9CEUYySjFGMUYQQc898EHwQe89rjnPP
c9BrzltNY41jjWONWwtKyltMW0xSykKKUstSy0qKQkg6BzoHOgc6BznHKUUpRTGG
UolSilrLUspSimMMawxjDFrLYwxrTWtNYw1jDHOOc45zjmtNc457z4QQhBCEEIxR
jFGUkpSSnNKc0pzSnNOdFKUUpRSdFJzTnNOc0pzTrVa1lrWWtZaEUFrLnNO1l7WX
lJNzTrWWtZadE0IIhBCtFK1TaspaiUHFWoq1lrWWtZa1lrWWtVa1lrWWtZa1lq2W
rZatlq1WrVatVq1WrVWlFJzTnRGlEZTPjI+U0HRRY89kUmzTS0xKy2vPhFCMUYxR
jFGEEHPPfBB8EHPPa45zz3QPa85bTGNNY41jjVsLSspbTFsLUstCiVLLUspKijoI
MccxxznHOcc5xylFKUUxhlKJWspjC2MLWstjDGtNa01jDGtNa01rTWtNYw1zjnvP
e89zjnvPhBCEEIQQhBCMUYxRlJKUkpTSnNKc0pzTnNOlFKUUpRSc05zTnNOc061W
tZe1l7WXlJNKCJzTnNO1llrMnNS1l7WXhBE5x5TTUoqc05zTa018EHwQrZa1l7WX
tZe1l7WWtZe1lrWWtZatlq2WrVatVq1WrVatVq1WpM+UTZSMtUycy4xLlIyc05TT
jJOM02NNY010D4RQjFGMUYRRfBFzz3QPfBB0EGuOa89rz2vOW0xjjWONY41TC0rK
WwxbDFLLQolSy1LLSopCSDnHOcc5xznHOcchBSlFMYZaymLLYwxjC1rLY01rjWuN
Y0xrjXOOc45zjmtNc897z3vPc457z4QQhBGMUYxRlJKUkpSSnNOc05zTnNOdE6UT
pROlFKUUnNOc05zTnNO1lrWXtZe1VmtNMUViynuOtVU5hkpItZa1lpSSa01zjpSS
tZa1l0pJrZadFLWXtZe1l7WXtZe1l7WXtZe1lq2WrZatlq1WrVatVq1WrVWtVaUR
nE6UTZyIpIqUDJRMrNCkjzGHSoprTWuNc8+EEIxRhFGEUYQQc898D3wQfA9rjXPO
c89rjltMW0xjTWONWwtKylNLUwxKy0KJSspKykqJQkkxxznHOcc5xznHKUUpRimG
WwtjDGtMa01jTGtNc41zjmtNc45zjnPPc85zjnvPe898D3vPhBCMUYxRjFGMUZRR
lJKc05zTnNOc05zTpNOlFKUUpRSlFJzTnNOc05zTrZa1l7WXe89CCYQROcdSinvP
e89CCK1VjFFjDGsLQcd7j7WWtdZKSZzTtZa1l7WXtZe1l7WXtZe1l7WWtZa1lq2W
rZatVq1WrVatFKUTpROlE5xPnI2ci4xLhAyMTKUQg8tBhkGGa0xrjXvPhFCEUYRS
hFGEUXPPfBB8EHwQa41zz3PPa45bDGNNY01jTVsMSspTTFNNSstCiVLLSstKijoJ
McgxxznHOcc5xiFFKUUxhWMMa01rTXOOa01zjnvPe89zjnvPe897z3vPe857z4QP
hBCED4QQjFGMUYxRjFGUkpSSlJKc05zTnNOc050TpRSlFJ0UpRSc05zTlJKc07WW
tZe1l4QRWsuMkmtNrVViy72WUklSSZyTrVVjDFKKYwytVbWWlNJSirVWvde1lrWX
tZe1l7WWtVa1lrWWrZatlq2WrZatla1WpROc050SpVSlVKUUnNN7z3vPc8+c04OP
QYU5RWsLa458D4RQjFGEUYRRhFFzz3wQfBBz0GOOa85zz2uOWwxbTFuNW0xTC0LK
UwtTDErLQkpKi0qLQoo6CDHHMccxxznHOYchBSlGKYZrTWtNc45zjnOOc457z3vQ
e897z4QQhBCEEIQQhBCEEIxQhBCMUYyRjFGMkpSSnNOUkpzSnNOc05zTnNOc05zU
pRSlFKUUnNOc05SSnNO1lrWXtZe1l7WXpVatlrXXrZa1162WrZa117XXtZatVrXX
tZe1l7WXrZa1l7WXtZe1l7WXtZe1lrVWtZa1lrWWtZatlq1WrVWtVqUUnNOc060S
rROUjZRNlE2MDowPnFGDjUGFQYVaynvPhBCEEYRRhFGEUYRQe897z3wQc9BrjWuO
c85rzlsMY0xjTWNNWwxKylsLWwxSi0JJSopKykKJOggxxzHHOcc5xzGHIQUhRTGG
c45zjnvPe897z3vPe8+EEIPPhBCEEIxQhFCEEIQQhFGMUYRRjFGUkpSSlJKUkpyS
lJKc05zTnNOc05zTnNOc06UUpRSlFJzTnNOc05zTtZa1lrWXtZe1l7WXtZe1l7WX
tZe1l7WXtZe1lr2XvZe1l7WXtZe1l72XtZe1lrWWtZe1l7WXtZe1lrWWtZe1lrWW
rZWtVa1UrVWlFaUUpRStVK1UlI2MTZQNlA+UD5QOk81JxUGEYsl7z4QQjFCMUYRR
hFF8EXPPc9B8EHwPa41rznPOa85bTFtMY01jTVrMSopTC1sLSspCiUrKUspCijoI
Mcc5xznHMccxhyEFIUYphnvPe897z4QQg8+EEIQQjFGMEIQQhBCMUYxRhBCMUYxR
lFGMUYyRlJKUkpSSlJKc05TTnNOc05zTnNOc05zTpRSlFKUUnNOc0pzTnNOc07WW
tZe1l7WWtZa1lrVWtZa1lrWWjFG1lbWVjFG9173XtZe1l72XvZe1l7WWtZdrTqUT
rVWUkYxRpVS1l7WXtZa1lq1UpROlE61VrVatVq1WrVWtVZSOjE2czqUTnNKUUIvN
WkhBhVqJe898EIQQhFGEUYRRfBBzz3PPfBB8D2uNa85zzmvOWwxbTWNNY01TC0KK
UwtTS0rLQklKikqKQkk5xzHHMccxxzHHMcchBSlFKUaED4QQhBCMUYQQhBCEEIxR
jFGMUYxRlJKUkoxRjJKMkpSSlJKUkpSSlJKc05zTnNOc05zTpNOlFKUUpRSlFKUU
pRSlFKUUnNOc05zTnNO1lrWWtZaUklpJUgdSB0nGawu9VFqLe8+c03vPtZa1lpzT
tZa1lrWXtZe1l3vPOcitVZzTSklSSpSStZa1lrWWtZatVaUTpRStVa1VrVWtVa1V
pVWdFJ0UnVSlFKUUnRSUEHMMYopzDHvPhBCEEIRRhFGEUXxQc898D3wQc89jTWuO
a85rzlsMY01jTWNNUwtKiVMLWwtKykJJSotKikJJOggxxzHHMccxxzHHIUUhRSmG
jBGEEIwRjFGMUYxRjFGUkoySjJGMUZSSlJKUkpSSlJKckpSSlJKU05TTnNOc06TT
nNOk06UUpRSlFKUUnNOlFKUUpRSlFJzTnNOc05zTtZa1lrWXpVaM03PQc5BSinOO
e8+EEK1VtZZzj7WWtZVCBpzSe821lbWVc84ZA6UTtZac00IIUoqMUZzTrVW1lrWW
rVWlFKUUrVStU50TnNOlVK1VrVSlEpzRpRGlEZzQlA6DjIOMg0x7z4QQjFGEUYRR
hFF8UHPPc898D3PPY01rjnPPa45bDFsMY01jTVMMSopTDFMMSstCSUqKSopKSToH
McYxxzHHMccxxyEFIUUphYxRjFCMUZSSlJKMUYxRlJKUkpSRlJKc05zTnNOUkpSS
nNOc05SSlNOc050TnNOc05zTnNOlFKUUpRSc05zTpRSlFKUUnNOUkpzTnNOlFLWW
tZa1lrWXtZZzjlrLOge1lpzTYwy1loxROce1VWrMKQRKCEoItVVSSlJJMUW1lrWW
lJNKSlrKjFA6B6VUtZa1lrWWtVatVq1VrRSUkJSQpRKtU61TnIyUS6SLrQ2ci5PN
i4yLTHtMc458EIRQhFGEUYRRhFBzz3wPfBBzz2ONa45rjmuOWwxbDFtMW0xTC0KJ
UwtTC0rKQkhKikqKQkk5yDGHMccxxzHHMYchBCEFKUaUkoxRjFGUkoySjJKMkpTT
lNKUkpSSnNKc05zSlNOUkp0TnNOU05zTnNOk05zTpNOc05zTpRSlFKUUnNOlFKUU
rVWlFKUUlNKc0pzSpRO1lrXWtZe1l7WWWouMUaUUvZe1l7WXlJM5x5zUtZec1FqM
jBGUUrWXlNO1lymGtZa1lmMMa01iyzFFa021l7WWtZa1lq2WrVatVq0VlI+Uj6UR
rVOtUqSNnEycjK1NnIyTzYuMi4yDTHOOhBCEEIRRhFGEUYQQc89zz3wPc89rTWuO
a45rjlMMWwxbTGNMUwtCiVLLUwtKikJJSopKikJJOggpxzGHMccxxzGHIQQpRSlG
jJKMUZSSlJKUkoxRlJKc05zTlJKUkpzTnNOc0pzSlNOc050TlNOU05zTpROc050T
nNOc06UUpRSlFKUUpRSlFK1UpRSk05SSlJOc05zTtZa1lrWXtZec1DnHtZa9l73X
tZZ7zznHlJO9173Xvdd70IxRvZe9l72Xvdgxh7VWrVVCSa1Wc45izLWWtZa1lrWW
rZa1lrWWrVatVZzSnNKlVK1UrVSkz5yOnI+tEJyQlA6LTItNg0xzjnwPhBCEUIRQ
hFB8EHPPc890EHPPY41rjmuOY45TDFMMW01bTFMLQolTC1MLSopCSUpJSopCSTII
KYcxhzGHMYcxhyEEKQUxRoySjJGMkpSSlJKUkYyRlNOU05SSlJKc05zTlNOU05TT
nNOc05zTnNOc06UUnNOlFJzTnNOlFKUUpRSlFKUUpRStVaUUnNOUkpSSnNOlFLWW
tZe117WXWsuMUb3Xvde915zUUkqlFLXXvde9173XnNOMUrXXvde1l73XYwy1lrXX
rZe1l61WrZa1lrWWtZa1lrWWtZa1lrVWrVatFa0VrRWtVa1VpRSlFKUUpRSlFJSS
i42LTYtMc417z3wQhFCEUIRQfBBzz3PPfBB0D2ONa41rzmONWwxbDFsNY01Sy0KJ
UstbC0rKQklKikqKQkk6BzGGMYYxhjHGMYYhBCEEKUWMkoxRjJGU0pSSjJKMkpTT
lNOU0pSSnNOc05zTlNKU0pzTpNOc05zTnNOc05zTpRSc06UUpRSlFKUUnNOlFKUU
rVWlFJzTlJKUkpzTpRS9lrWWtZe1l7WWvZe9l73Xvde117WXvZe9l72Xvde9173X
vde9173Xvde9l7WXtZe1l7WXtZe1l7WXtZe1l62XtZe1lrWWtZatVq1Wi86LzqSR
pVWlVaVVnRSUkZRRrNGkUJNOi02LDXOOe9CEEIQRhFGEEXwQc89zz3vQc89jTmtO
a45rjlsMWwxbTVtNSwxCiVMLUstSikJJSopKikJJOggxhzGGMYYxhjGGIQQhBClF
jJKMUoxRlJKUkoySjJKU05zTlNKUkpzTnNOc05zTnNOc05zTnNOc05zTnNOc06UU
nNOc06UUpRSlFKUUpRSlFKUUpRSc05SSlJKc06UUtZa1lrWXtZe1l7WXtZe1l72X
vZe9l7WXvZe9l72XvZe9l7WXtZe1l7WXvZe9l72XtZe1l7WXtZe1l7WXtZe1l7WX
tZa1lrVWrVatVopHecWayaUUpRSlE6UTlE6MTqyQrFCTTItMiwxzjXPPhBCEEYQR
hBF8EHOOc89zz3PPY01jjWvOY41bDFsMYw1bDVLMQolSy1LLSopCCEpJSkpCSTnI
MYYxhjGGMYYxhiEEKQQpRZSSjJGUkZSSlJKMkoySlNOc05TSlJKc05zTnNOUkpzT
nNOc05zTnNOc05zTnNOlFJzTnNOlFKUUpRSlFKUUpRSlFKUUnNOUkZTSnNOlFLWX
tZe1l61WpRWtlqVVrZatVa1VpRSlFKVVnNOlVZzTrVWUkq1VlJKtlrWXvde1l7WX
tZe1l7WXtZe1l7VXrZe1l7WWtZatlq1WrVVyR2oGo82tEqTRpNGtEpSNjE2kjazN
igWBxIHEc0t7z4QQhBGEUIQQfBBzz3PPfA9zz2NNY41rzmONWwxTDFsNW0xSy0KJ
UspSy0qKQklCiUqKQkkyCCmGMYYxhjGGMYYhBCEEKUWMkYyRjFGUkpSSjJKMkpTT
nNOU0pSSnNOc05zTlJKc05zTpRSc05zTnNOc05zTpRSc05zTpRSlFKUUpRSlFKUU
rVWlFJzTlJKUkpzTpRS1lrWXtZeU1HPPlRSEUaVVlNOtloRShFGU1IyTrZaU1K1W
c9GdFYxSnRS9173Xvde1l7WXtZe1l7WXtZe1l7WWrZa1lrWWtZatVq0VlA9zDKSR
rRKk0qTRpNGUT5SRpM+kz5FEgQOBAnNLe86EEIRQhBGEEIQQc89zz3QQc89jTWtN
a45jjlsMUwxbTVtMUstCiVLLUsxKikIJQklCSUJJOccphimGMYYxhjGGIMQhBSlF
lJKMkoxRlJKUkpSSjJKU05zTlNKUkpzTnNOc05zSlNOc05zTnNOc05zTnNOc06UU
nNOc06UUpRSlFKUUpRSlFKUUpRSc05SSlJKc06UUtZa1lrXXnVV0EKWVjJKlVYyS
pVWU05zTnNSU062WnRW1l5TUrVadFKVVtde117XXtZe1l7WXtZe1l7WXtZetlrWW
tZa1lq2WrVWtVq0VpRWlFaUUnNKk0YrKeoibjLRPrA6RhIECgUJzjXPOfBCEUIQQ
hBB7z3OOc858D3PPY01jTWuOa41bC1sLW0xbDFLLQklKy1LLSoo6CUJKQkpCSTnI
KYYphzGGMYYxhiEEIQQpRZSSlJKMUZSSlJKMkoxSlNOU05TTlJKc05zTnNOc0pTT
nNOc05zTnNOc05zTnNOlFKUUnNOlFKUUpRSlFJzTnNOlFKUUnNOUkZSSnNOlFLWW
tZe1l61WrZatl62WrZa1l7WXtZe1l7WWrVa1lq1WtZa1lrWWtZatlrXXrVWtVaVV
rVWtFa1WpRS1lrWWtZa1lrWWtZa1lrVWpVWEkoRRlRSlVaUVpRWKCHGFkonEDrvN
gYR5Q4mEe85zznwPhBCEEIQQe89zznPOfA9zzmNNY01rjmtNWwxbC1tMWwxSy0JJ
UspSy0qKOkhCSUKKQkkxyDGGMYYxhjGGMYYhBCEEKUWUkoySjFGUkpSSlJKMUZSS
nNOc05SSnNOc05zTnNOc05zTnNOc05zTnNOc05zTpRSlFJzTpRSlFKUUpRSc05zT
pRSlFJzTjFGUkpSTpRS1lrWWtZeU1HwRlNN8EJ0TjJKdFKVVnRSMknRQjNJzz4yS
jFGc06UUnNOlFKUUlNOc1JTThFGU04ySrVW1lrWWrZa1lrWWtZatVqVWdBFr0IyT
rVWlFaUUekdpxptLvFCrzomEeQN5A3tNc457z4QQhBCEEHvPc45zjnvPc85jTWNN
a45jTVMLUwtbDFsMUstCSUqKUstKikIIQklKSkIJOccpRimGKYYphimGIQQhBSlF
lJKUkoxRlJKUkpSSjJKU0pTTlNOUkpzTnNOc05ySnNOc06UUnNOc05zTnNOc06UU
nNOc06UUpRSlFKUUpRSlFKUUpRSc04xRlJKUkqUUtZa1lrWXhJNj0HyTa9CVFHxR
lNOU1J0UhJJ0UYTTdBCEkozSnRStlp0UrZadFKWWnRSdFZ0UnRWdFK1WtZetl7WX
tZa1lrWWrValVnQRa9CEk6UVnNSc06TTe8+UkqTTnFKJhXkDeQNyiXOOc898EHwQ
fBB70HOOc457z3POa01jTWuOY05bDFsMWwxbDFLLQklKilLKSoo6SUJJQko6CTHH
KYYxhjGGMYYxhiEEIQQpRZSSjJKMUZSSlJKUkoxRlJKU05SSlJKc05zTnNOckpSS
nNOlFJzTnNOc05zTnNOlFKUUnNOlFKUUpRSlFKUUpRSlFKUUnNOMUZSSnNKlFLWW
tZe1l50VjNSdVpTUpVWtVrWXrZalVa2WpVWtlq2WrZa117WXtZe1l7WXtZe1l7WX
tZe1l7WXtVa1lrWXtZe1l7WWtZa1lq1WrVaMk4yTlNOcjZRMpM6lFKUUnNOUkoyQ
eYVxhIoGegdzjnvPhA98EHwQc9BzjnOOe89zz2NNY01rjmONUwtTC1sLWwxSy0JJ
UstSy0qKQglCSUJJOgkxxyFFKYYphjGGKYYhBCEFKQWUkpSSjFGUkpSSlJKMUZSS
nNOU0pSSnNKc05zTnNOc0pzTnRSc05zTnNOk05zTnNOc05zTpRSlFKUUpRSlFKUU
pRSlFJzTjFKUkpzSrVS1l7WXtZe1l7WXtZe9l73Xvde9173Xvde9173Xvde9173X
vde9173Xvde9173Xvde1l7WXtZe1l7WXtZe1l7VXrZa1lrWWtZatVq1WrVWtVq1V
pMuci5yLpRKlEnyPU4dbx1oDgkWbC2pKc457z3wQfBB8EHwPc45zjnPOc45jTWNN
a45jTVLLUsxTDFsMUstCSUrKUstKijoIQghKSToIMccpRSlGKYYxhimGIQQhBClF
lJKUkoxRlJKUkpSSlJKUkpzTlNOUkpSSnNOc05TSnNOc06UUnNOc05zTnNOc06UT
nROc06UUpRSlFKUUnNOc06UUpRSk1JSSlJKck60UtZa1lrWXtZe1l7WXvde9173X
vde9173Xvde9173Xvde9173Xvde9173Xvde9173XvZe1l7WXtZe1l7WWtZatlrWW
tZa1lrVVlM+EToyPrVKtUqTQlE6UTqURpVFsTEtHS4dKhYrItA9SinOOe898EHwQ
fBB0D3OOc45zz3OPY01jTWuOY41TC1MLUwxbDFLLQklKilLLQoo6CEJJQkk6CDHH
KUUpRimGMYYphhkEGQQhRZSSjJKMUYySlJKMkoyRlJKU05SSlJKUkpzTnNOUkpSS
nNOlFJzTnNOc05zTnNOc05zTnNOlFKUUpRSlFJzTnNOlFKUUnNOUkpSSlJKlFLWW
tZa1l7WXvZe9l73Xvde9173Xvde9173Xvde9173Xvde9173Xvde9173Xvde917WX
tZe1l7WXtZe1l7VXtZatlrWWrZatlnRKY8h8i6VVrVWlFJ0TpRSc03RQW8lLiFPJ
UsaCybRRYsxzjnvPfA98EHwPfA9zjnOOc89rzmNNW01jTmNNUstSy1sMWwxSy0JJ
SopKy0qKOghCCUJJOggxxyFFKUYpRjFGKUYgxCEEKUWUkpSSjFGUkpSSlJKUkpSS
nNOUkpSSlJKc05zTnNOc05zTpRSc05zTnNOlFKUUpRSc05zTpRSlFKUUpRSlFJzT
pRSlFJzTlJKUkpyTrRW1lrWXtZe1l72XvZe9173Xvde9173Xvde9173Xvde9173X
vde9173Xvde9172XvZe9l7WXtZe1l7WXtZa1lrWWtZa1lrWWrZV8jGPJdEulVKVV
pVWlFaUVjNRjj1uOdFGEkFrKgomrzlqKc45zz3vPfA98D3PPa45rjnPPc85jTWNN
a45jTVLLUstbDFMLSspCSUqKUstKiToIOghCCToJMccpRilGKUYpRilGGMQhBCkF
lJKMkoxRlJKU0pSSjJKUkpzTlJKUkpySnNOc05SSnNOc06UUnNOc05zTnNOc05zT
nNOc05zTpRSlFKUUnNOc05zTpRSk05RSlFGUkqUUtZa1lrWXtZe1l7WXvZe9173X
vde1l72Xvdi9173Xvde9173Xvde9173Xvde9l72XtZe1l7WXtZe1l7WXtZatlrWW
tZa1lrVWlI+ES4RKlMydDa1VpRWlFZTUa49jj4SSlNNiyFKGg8t7znONc858D3wP
e897z2uOa45zj2uPY01jTWuNY01Sy1LKUwtTC1LKQkhKiVLKSok6CDoIQgk6CDnH
KUUpRSlFKUUpRRjDIQQpRZSSlJKMUZSSlJKUkoyRjJKU0pTSlJKU05zTnNOckpzT
lNOdFJzTnNOc05zUnNSlFKUUnNOlFKUUpRSlFJzTnNOc06UUnNOMUYxRlJKlFLWW
tZa1lq1UrROtVK1VrVS1lpzSnNKtVLWVtZW1lr3Xvde9l73Xvde9172XvZe9l7WX
tZa1l7WXtZe1V7WWrZa1lrWWtZatVa1VrVWcjJyLpMylVaUVnRWU1HwQc8+MUJSR
YwlayIxPlJFzjnOOe897z3vPe89rjmuOc89rzmNNY01jjWNNUstSy1LLUwtKyjpI
SopSikJJOgc6CEJIOgcxxilFKUUpRilGKUYYxBjEIQWUkoySjFGUkpSSlJKMUYyS
lNOUk5SSlJKc05zTlNKU05zTpRSc05zTnNOc06UUpRSlFJzTnNOlFKUUpRSc05zT
nNOlFJzTlFGUUZSSpRW1lrWWtZeD0HONa0yUUJzSlJFzjXuNe42UkaTTlJK1l72X
vZe9173Xvde9l72XvZe1l7WXtZe1l7WXtZa1lrWWtZa1lrWWrVatVq1VnI2cjLSO
vM5zB2qJnEy1DpxLlAqUCHMDYsaUj5SSc45zjnvPe897z3PPa45rjnPPa45jTWNN
a41jTFLLSspSy1LLSspCSEqJUopKSToHOghCCDoIMYYpRSlFKUUpRSlFGQQZBCEF
lJKMkoxRlFGUkpSSjFGMkpzTlNOUkpSSnNOc05SSlNOU06UUnNOc05zTnNOc06UU
nNOc06UUpRSlFKUUnNOc05zTnNOc05RRlFGUkq0UtZa1lrWWpRWlFaUVrVa1l61W
rZatlq1WrVa1l7WXtZe1l7WWtZe1l7WXvZe9l72XtZe1l7WXtZe1l7VXrZa1lrWW
tVatVa1VrVWlE6TSpNKlEq0QYgdZxpwKtQ6ci5QKlAp7SXLKlJKUknONa45zj3PP
c89zz2uOa45zzmuOY01jDGtNY0xSylLLUwtTC0qKOghCiUqKQkk6CDoIOkk6CDGG
KUUpRSlFKUUpRRjDGMQhBJSSjJKMUYySlNOUkoxRlJKc05zTlJKUkpTTnNOc05zT
lNOdFJzTnNOc05zTnNOc05zTnNOlFKUUrVWlFJzTnNOc06TTnNOUUZRRlFKtFbWW
tZa1lrWWrVWlFLVVpNOtFK0UnNO1lqUUpRSMELUUlA+MEKzTtZe1l72XtZe1l7WW
tZe1l7WWtZa1lq2WtZa1lq1TpM+sy7UMpIqcjKTNtRCtD2oHYcabi7TPnE2MC5QM
g4tzC5TTlNNzj2uOc857z3PPc89rjmuOc85rjltMWwxjTVtMUspSylLLWstKijoJ
QkpKi0JJOcg6CEIJOcgxhykFKUUpRSlFKUUYwxjDIQSMkoySjFGMkpSSlJKMUZSS
nNOc05SSlJKc05zTlJKUkpSSnNOc05zTnNOc05zTpRSc05zTpRSlFKUUpRSc05zT
nNOk1KTTlJGUUZySrVW1lrWWtZaMUYQRe46ckmMMhBCEEIPPtVaUkoxRWsulFHuO
e8+c061VtVW9lr2XtZe1l7WXtZe1V7WWrZa1lrWWtZatUpyNrIi0yayHpIikiKzK
rI2LjYONnFGlE5zSlJGUkXuNa0yU05STc49rTmuPc89zz3PPa45jjWuOa41jTFsM
Y01jDVLLSstSy1LLSoo6CUJJSkpCSTnIOgg6CTnIMYcpRSlFKUUpRSlFGQMYxCEF
lJKMkoxRlJGUkpSSjFGMUZzTnNOUkpSSnNOc05zTnNOc06UUnNOc05zTnNOc05zT
nNOc06UUpRSlFKUUpRSc05zTpRSc04xRjFGUkqUUtZa1lrWXpRWlFZ0VrValFa1W
tVa1VrWWrVatVq1VrVW1Vr2XtZec1KUVtZe1l7WXtZe1l7WXtVe1lq2WtZa1lrWV
rRKcjqyItMmsh6yHpIekh6SLpRWlFKUUnM6UTZxOrFBzCmtNhBCED3ONa41zjnPP
c89rzmONY41rjmuNWwxbDGNNYwxSy0qKUspSy0qKOghCSUpJQkk6CDoIOgkxyCmH
IUUhRSlFKUUpRRjDGMMhBJSSjJKMUZRSlJKUkoyRjJKc05TSlJKUkpzTnNOc05zT
lJKc05zTnNOc05zTpRSc05zTnNOlFKUUpRSlFJzTnNOU0qUTnNKUUYxRlJKtVLWW
tda1lpSSjFGMEKSSg89zja0UtZZzTHvOlFBzTYwQlJK9lr2XtZe1l7WXtZe1l7WW
tZa1lrWWrZa1lrWWtZa1lq0UnNGkz60PpImkiKRHpIecipRPlE+k0pyMlEqMC5TT
hFGMkoySjJJzjmuNc45zznPOa85jjWNNa45jjVsNWwxjTVsNSstKykrKUstKijpI
QklKikJJOgg6CToJOggphyFFKUUpRSlFKUUZBCEDIQSUkpSSjFGMUZSSlJKMUYxR
lJKUkpSSlJKUkpzTnNOc05SSnNOc05zTnNOc06UUpRSc05zTpNOlFKUUpRSdFJzT
lJKc05zTlJKMUZSSrVS1lrWWtZaMUYQRe9Gk1IQRjFGlFL2XlJKlFK1WpRSlFK0V
tZe1l7WXtZe1lrWWtZa1lrWWtZatlrWWtZW1la1VrVWtVa1VrVWlVaUUpRScj5yO
nE5JgzkBk8WcRpxGlEelDIxOhBCMUZSSc89jTmtOa45zjnOOa01jTWuNY01bDFMM
Y01bTUrKSopKykrKQoo6CEJJQkpCCTnIOchCCDnIMYYhRCEFIUUpRSlFGMMZAyEE
lJKUkoxRjFGUkpSSjFGMUZSSlJKUkoySnJKc05ySlJKUkpzTnNOc05zTnNOlFJzT
nNOc06TTpRSlFKUUpRSc05zTnNOc05SRjFGUkq1VtZa117WXtZe1l7WXtZe1l7WW
tZa1lrWWtZa1lrWWtZa1l7WXtZe1l7WXtZe1l7WWtZa1lq2WtZa1lrWWtRGcj5yP
rVStVa1VrVWtVa1VrRSlFZzUWYVJA4tJlEyUTJRMpM6UTHvNe82MUXvPa01rTXOO
c45zjmtNY0xrTWuNWwxbDGNNWwxSykqKSspKykqKOghCSUJKQkk5xznHOgg5xymG
IUUhBSFFIUUhRRDEGMQhBJSSjJKMUYxRlJKUkoxRjFGUkpSSlJKUkpzTnNOc05zT
lJKc05zTlJKc05zTpRSc05zTnNOc06UUpRSlFKTTnNOckpzTnNOUkYxRlJKtVbWW
tZa1lpzTlJKUUK0UhA+ED61UnNKU0ZzTjBC1lrXWtZa1l7WXtZe1l7WXtZa1lrWW
tZa1VK0UtRG9UbUQpI+cj61RrVOlE61TrVGlEKTQpNCs0WIGWcV6yZSPnNSc05zT
jAx7yoPLlJJ8D2tNa01rjmuOa45jTWNNa45jTVsMWwtbTFsMSspKikqLSopKijoI
QklCikJJOcc5xzoIOccphiEFIUUhRSlFKUUYxBjEIQSUkpSSjFGMUZSSlJKMUYxR
lJKU0pSSlJKc05zTnNOc0pSSnNOc05SSnNOc06UUnNOc05SSnNOlFKUUpRSlFJzT
lJKc05zTjFGMUZSSrVW1lrWWtZaUkoxRlJOlVYxSlJOtVqVWpVWtVbVVtZa1l7WW
tZe1l7WWtZe1l7WXtZa1lrWWrVKckJyPxUu9CpyOrMi9CqyInI69C71MnIuUi6TM
nNNjjmONY418D5SSawqUDZQLg4uDzJSShBBjTWtNa45rjmuOY01bTWOOY01bDFsM
Y0xbDFKLSopSi1KLSoo6CEJJSolCSDnHMcc5yDnHKYYhBSEFIQUpRSlFGMMYwxkE
lJKUkoxRjFGUkpSSjFGMUZSSlJKUkoxRnNOc05zTnNOUkpzTnNOUkpzTnNOc05zT
nNOUkpzTnNOlFKUUpRSc05SSnNKckpRRjFCUka1VtZa1l7WWtZa1lrWWtZa1lrWW
tZe1l7WXtZe1l7WXtZa1lrWWtZe1l7WXtVetlrWWtZa1lrVSrI6cDbTQrNGk0azR
rRGcTpRNtQu9TZyLlEqci2vQW89bj1uOW46DjUnGSYWLjYQPjFCMUXvPY0xjTWuN
c45rjmNNW01rjmNNWwxbC1sMWwxSykqKSopKikpJOghCSUpJQgk5xzHHOggxxymG
IQQhRSEFIUUhBRjDGMMhBIySlJGMUYxRjJKUkoxRjFGUkpySlJKUkpTTnNOc05SS
lJKc05zTlJKc05SSnNOc05zTlJKc06UUpRSlFKUUnNOUkpzTnNOUkYwQlJGtVbWW
vZe1lrWWtZa1l7WXtZa1lrWWtZa1lrWWtZa1lrWWtZa1l7VXtZetl7WXtZa1lrVU
tVOtEqyLmkSJwqrIrVWtVaVVpIycTKzMtU2cjIxMhAtjkFuQU49Tj1OPcklZhlmG
lFB7jnvPe89zjmMMY01rjWuOa45jTFtNY41jTVsMUwxbDFsMSotKikqKSopKSToI
QglCSjoJMcgxxzoIMccxhiEEIQQhBSEFIQUYwxjDIQSMUoxSjFKMUZRSlJKUkoxR
lJKckpSSlJKU05zTnNOUkpSSlJKc05SSlJKUkpzTnNOc05SSnNOlFKUUpRSlFJzT
lJKc05zSlJGMEJSSrVW1l7WWtZe1l7WXtZa1lrWWtZa1lrWWtZa1lrWWtZa1lrWX
tVatl7WXtZa1lrWWrRCcjpyOvRHFEZpIicaiyq1VrVWlFKTRpNCkiqSKpImUknPP
W49bj1OPU49Tj2rLUghaCJSQhA+UkJSQhBBrTWNNa41rjWuNY01jTGtNY01bDFrL
WwxbDEqKSolSikqKQko5yEIISklCCDHHMcc6CDHHKYYhBCEEIQQhBCEFGMMYwyEE
lFGUUYxRjFGUkpSSlJKMUZSSnJKUkpSSlJKU05TTlJKUkpSSnNOUkpSSlJKc05zT
nNOUkpzTpRSlFKUUpRSc05SSnNOc05SRjBCUUa1VtZa1lrWWtZa1lrWWtZa1lrWW
tZe1l7WXtZe1l7WXtZa1lrWWtZatlrWWtZa1lrUSnJCkkLzUvRWkUqRSrJKs0KTP
pRC1UbVRpImkSaRJhFFjj1uPW49Tj1OPU09rz5RKjAmMCIvFg8d7ynwNa01jTWNN
a05jTWMNY0xrTWtNWwxSy1sMWstKikJJSopKikJJMcg6CUJJOggxxzHHOcgxhylG
IQQhBSEFIQUhBRiDGMMhBIxRjFGMUYxQlJKUkpSRjFGUkpzTlJKUkpSSnNOc05SS
lJKc05zTlJKUkpSSnNOc05zTlJKUkpzTpRSlFKUUlJKUkpySnJKUUYwPlJKtVbWW
tZa1lrWWtZatlrWWtZa1lrWWtZa1lrWWtZa1VrWVtZa1lrWWtZa1lrWWtZa1Vq0U
rRW1Va1VrVWtVbVVpMyci6TMtU61TqSLnEqcSWvPY89bj1uQU49Tj1NPc46UCYvI
jAaLxYPFe8qET2NMY0xjTWNNY01bTFsMY0xjTFsLUwtbDFsLSopKiUqKSopKSTnH
QghCSDoIMccxxznHMYcpRiEEIQUhBSEFIQUQgxjDIQSMkYyRjFGEUZSSlJKUkoxR
lJKU0pSSjJKUkpTTlNOUkpSSlJKc05SSlJKUkpzTnNOc05SSnNOc06UUpRSc05SS
jFGUkpSSlFGED5SRrVW1lrWWtZa1lrWWtZa1lrXWtZa1lrWWtZa1lrWWrZa1lrVS
pNGk0a1UtVW1VrVWtVatVq1VrVWszaSMrM3FTqSLpIusy61UrVSlE50Te85jTHPO
Y85Tj1OPU49Tj2uOjEuECoRKjAqMToQOjFFjDGMMYwxjTWNNYw1bDGNNY0xTC1LL
WwxSy0qKSopKikqKQkk5xznIOgg5xzGHMccxxymGKUUhBCEEIQQhBBjDEIMYwxjE
jFKMUYxRhBGMUYySjJKMUYySlNOUkoySlJKc0pTSlJKUkpTSnNOckpSSlJKc05zT
nNOUkpSSnNOc06UUnNOUkoxRlJKUkpRRhBCMUa0VtZa1lrWWtZa1lrWWtZa1lrWW
tZa1lbWWtZa1VrWWtZa1EKTOpI61VL1VrVStVK1VtZW1Va1VrIukiqzLvVGkz6SR
pNKtE6UTpROc0lLIlJJzz2OPU49Tj0tPU09rjpSTlJKUknvPc45zjnOOYwxbDGMM
Y01jTVsMWwxjTVsMSspKylLLSopCikpKSkpCSUJJOgg5yDoIOgg5yDGHMYcxhymG
IUUhBSlFIQUYwxjDIMQYw4xRjFGMUYQQjFGUkoySjFGUkpTSjJKMkoySlNOU05SS
lJKUkpzTnNOckpSSnNOc05zTnNOc05zTnNOc05zTlJKMUZSSlJKUUYQPjFG1VLWV
rVWlFLWVpRS1lrWWtZa1lrWWlJKtVpSShBC1VrWWtQ+kjaSNvVO9U60TrROtE61V
rVWtVazMpIuki61VrVWtVa1VrVWkzpSMcwiUUJzThFJj0FOPU09TT1NPc4+ckpSP
jFB7zoxSjJKEUmNNWwxbDGNNY01bDFsNW01TDFLLUsxbDFLLUstKikJJSopKSUII
OcdCCEIIOcgxhzGHMYcxRiEEIQQpBSEEEIMYwxjEGMOMUYxRjFGEEIxRlJKMUYxR
jJKUkpSSjFGUkpTTlNKMkpSRlJKc05zTlJKUkpSSnNOc05zTlJKc06UUnNOc05SS
jFCUkpSSlJGED4xRrRS1VFrKWsutVXvPe8+c1KUTnNOlE2uOlRStVYQQrZa1lq0S
pNGk0b1UvVSs06TSrROtVa1VrVWs0KSPpNCtVa1VrVWtVa0VpIucSpQKpRSc1IxS
Y9BTj1NPS09LT3NPnI+UTYPLc0qMUYxSjFFrTWMMWwxbDGNNY01jDWMMWstSy1LL
UstKy0rKQklCSEpJQkg6CDHHOcg6CDHIMYYxhjGGMYYhBCEEIUUhBBCDGMQYxBjD
jFGMUoxRjBGMUZSSjFKMUYySlJKUkYxRlJKUkpSSlJKUkpSSnNOUkpSSlJKc05zT
nNOUkpSSlJOc05zTnNKMUYwQjFCUUYwQe8+MEa0UtVVzjmtNrVV0EYSTlRaEU4SU
hJR0EXQRjNN70JzTtZa1lrWWrVWtVq1WpNOk060TrVWtVa1VpRWtVa1VrVWtVa1V
rVWlFIwJjAici6UUpRSMUmPQU49TT0tOS05rTpTOlEyDynOJjI2MT4QQa01bC1ML
WwtjTGMMYwxbDFLMUstSy1LLUstKikJJQghCSUJJQggxxzoIOggyCCmGKYYxhimG
IQQhBCkFIQQYgxjEGMQYw4xSjFKEUYQQjFGUkoxRhBCMUZSRjFGMUZSSlJKUkpSS
jFGMUZSSlJKUkpSSlJKUkpSSlJKUkpSSlJKUkpSSjFGUkpRRjFCMEIwRjFGtVbVV
c017TbUUnJKEEK1VtZa1lqVVrVWtVpzUtZatVa1VrZatVq1WrVatVqUVpRWtFa1W
rVWtVaVVpVWtVa1VrRWtFa0VpRSDz3NNnJKlFKTUhFJj0VOPU49LT1NPa46Uj4xM
e8t7hZRFg8Zzi2tKWstay1rLWwxbDFsMWwtSy1LLUstSy1KLSopKSUIJSklCSToI
Mcc6CDoIMcgphimGMYYphhkEIQQpRCEEGMIYwxjDGMOMUYxRjFGEUIxRjFGMUYxR
lJGUkpSSjJKUkoySlJKUkpSSlFGckpyTlJKUkpSSnNOc05zTlNKUkpzTlJKUkoxR
lJKUkoRQhBCMUZRRrRWtVq1WrVatVrVWtVa1VrVWtZa1lrWVtZW1lrWWtZa1Vq1W
rVatVa1VrVWlFJzTrVWtVa1VpVWtVKTTpNOlFKUVpRWlFaUVe4970JzUpRSc1IRR
W05LTlNPU05LTWsKg82MDYxPe82MD3OKc4lrSFrKWstSy1sMWwxbDFrMUstSy1LL
UstSi0qKSolCCEJJQkk6CDHHOgg6CDHIKYYphimGKYYZBCEEIUUhBBjCGMMYwxjD
jFGMUYxRjFGMUYxRjFGMkpSSlJKMkoySjJKMkoySlJKUkpSSlJKc05SSlJKUkpzT
nNOUkpSSlJKc05SSjFGMUZySlJKMEIQQjFGMka0UtVWtFJzSrVWlFKUUrVWtVa1W
rVaMUaVVpRSEEJzTrVWlFKUUjFGlFK1Va017z61VrVWtVa1VrRSk0pzTpRStVa0V
pRWlFWMNjBKdFKUUpRSEUVLLIYZTDVLLIUVhhFlDcgaUUYQPa4xjCGMIWwday1LL
UstbDFsMWwxbDFLLUstSy1LLUopKikJJOghCSToJOggxxznIOcgxxymGKYYphimG
GQQhBCEEIQQYghjDGMMYw4xRjFGMUYxRjFGMUYxRjFGMUpSSlJKMkYyRjJKMkpSS
lJKMkpSSlJKUkoxRlJKUkpzSlJKUkpSSnNOc04xRjFGUkpSRhBCED4xQlFKtFK0U
UklizKUVhBFjDZTTlJKMkZTTY050EISSa46EUZ0Te8+tVaVVe9CMk5TUfFGtVa1V
rVWtVa0UpNOc06UUrVWlFaUVpRVKSpSTpNSk1JzUe89KShjFSksxiBjAWcVRhGpH
lFGEEIQQfA98D3OOWstSy1LLWwtbC1sMWwtSy1LLUstSylKKSopCSToIQklCCToI
Mcc5yDnIOccphjGGMYYpRiDEIMQhBCEEEIMYwxjDEMOEUYxRjBGMUYxSjFGMUYxS
jFGUUoxSjFGMkYxRjJKUkpSSjJKUkpzTlJKMUZSSnNOc05SSlJKUkpzTnNOMUYxR
lJKUkowQg8+MEJRRrRS1FXuOawy1VHwQhFGU1YySjJOdFXwSpVWlVXwQpVaVFXwR
nRVzj5TTpVZ70KUVrVWtVa1VrVWtFJzTnNOlFKUUpRWlFaUVOYick6UUpRSc1IQR
WswQxFrNQkkggFlEWUVyCIxShBF8EYRSjFJzz1LLUopSilrLWwtbC1sLUspSylLK
UspKykKKQkk6CEIJQgk5yDGHOcg5yDHHKUUphimFKUUZBCEEIQQhBBiDGMMYwxiD
hFGEUYRRhFGMUYxRhFGMUYySjJKMkoRRjFKMUYxRlJKUkoxRlJKUkpSSjFGUkpzT
nNOUkpSSlJKc05zTjFGEEZSSlJKEEIQPjBCUUa0UtVRjDHOOrVWtVaUUrVatVq1W
rVWMkqWWnRWdFKVWpVWc1KVVnRWtVqVWnNStVq1VrVWtVa1VrRSlFaUVpRWlFaUV
pRWdFCmGnNSdFJzUnNSEEVsNEQNbDlLLGIJizHNOg5CMUoRSe9CEUoRSc9BSy0qL
SopSy1MLUwtSy0qKSopKy0rLSopKikJJOghCSToJOggxxznIOcgxhylGKYYphilG
GQQhBCEEGQQQwxjDGMMQg4QRhBGEUYQRjFGEUYQQjFGUkoyRjJKEUYxRjFGMUZSS
lJKMUYxRlJKUkpSSlJKc05SSlJKUkpSSnNOUkoxRhBCMUZRRhA+Dz4QQlFGlFa1V
tVatVq1WrVatVq1WrRatVq1VrVWtVa1VrVWtVaUUrVWtVa1VrVWtVa1VrVWtVa1V
rVWtEZyPnI+lFaUVnNRKSnuMnJAphZzUnNSc1JzUhBFjDRDEc5BjDhDDa46EUYyS
jJKEUXPQhFKEUXPQUotKikqKUstSzFLMUstKikqKUspKikqKSkpCSToIOkg6CDnI
MYc5xznHMYcphilGKUYpRhjEGMQhBCEEEIMYwxjDEIOEEYQRhBCEEYxRjBCEEIxR
jJGMUYxRjFGMUYxRjFGMkoySjFGMUZSSlJKUkpSSlJKUkpSSjFGUkpSSlJKMUYQQ
jFGMUYQPe8+D0IxRpRStVKUUlJKtVJSSrVWlFHwPa46U0muOa46EkmuPUwyEk1sM
Yw2lFa1VpRStVaUUpRStVaUVpImcSaSJpRSlFHONGIIpAowOOYSc1JzUnNSc1IQR
aw4YxYRTc5AQw2NOhFKMk4yThJJz0IRShFJ70VLLSopKilLLUstSy0rLSspKikrK
SopCikJJQkk6CDoJOgg6CDGHMccxxzGHKUYpRilGKUYYwxjEIQQgxBCCGMMYwxDC
hBCEEIQQhBCMUYRRhBCEUYxRjFGMUYxRjFGMUYxRjFKMUoxRjFGUkpSSjFGUkpSS
lJKUkoxRjFGUkpSSjFCEEIxRjFGED3vPhBCMkaUUpJNSCXMNrVWEEHPQjJNTDEtN
bFFLTVNObJNbj0LNdJNCy1MMnRWdE3POlNNzzpzTrRWtFaSMnEucS6USpRRzjRiC
IMKUUFpJnNSc1JzUnNOEEWNOEMWEk3wREMNjDYQRjJKMkoxSY01jTWNNYwxSikqJ
SolSy1LLUstSy0rKSopKikqKQolCSUIIOghCCEIIOcgxhjHHMccxxilGKUYpRikF
IMQgxCEFIQQQgxjDGMMYgoQQhBCEEIQQjBGMUYQQhBCMUYxRjFGMUYxRjFGMUYyR
jFGEUYxRlJKUkYxRjFGUkpSSlJKUkoxRlJKUkoxRhBCMUYxRhBB7z3vQjFGlFK0U
e45jDK2VfFGVVnyTQstLDZWWSw1bToTVa49bDnzTQwxSzJ1WlNNbDYRSfBCc1KUV
pRWkkJQOnE+c06TUlJMYwzmDjA2MDZzUnNSc1JTUfBFjThEEjJOMURjDWsyEEYxS
jFKMUnOPhFGEUnwRUstKikpJUspSy1LLUstKikqKSopKikJKQkk6CToIOgk6CDHI
KYcxhzHHMYYpRSlFKUUpBRjDGMQhBBjEEIIYwxjDGMKEEIQQhBCEEIwQhBCEEIRR
hFGMUYxRjBCMUYxRjFGMkYxRjFGMUZSSlJKMUYxRlJKUkpSSlJKMUZSSlJKMUYQQ
jFGMUYQQe8+EEIxRpRSlFGLMc4+Mk2OOa9CElGOPbBKNFmvRc9GdVozUfFKVFXyT
hFGdV6VWlNSdFZTUpRSlFaUVnNSck6UUpRSlFKUUMUVRw5QLnAuc1JzUnNSU1HPQ
SosYxGuPa44ZA0JJfBGMkoxSjFJzj4RShFGEEVLLQklCSUqKSstKy0rLSotKikqK
SopKiUJJOgg6CDoIOggxyCmGMccxxymGKUYpRilGKQUYxBjEIMQYxBCDGMMYwxCD
hBCEEIQQhBCMUYRRhBCEUIRRjFGMUYwRjFGMEYxRlJKMUYxRjFGUkpSSjFGMUZSS
lJKUkpSSjFGUkoxRjFF7z4xRjFGED3vOe8+MUaTUrRWtVa1VrRWtVq1WrVatVq1W
rVWtFa0VrRWtFaUVpRWlFaUVpRWlFaUUpRWlFaUVpRSlFKUUpRSlFKUUpNGcSJRF
lEaURpRInNOc05TTlNN8EWtOGQWMlJSTIUZSjHvRjFOMUoxSc4+EEoRSfBFSy0KJ
QklKikrKSstKykqKQopCikKKQkpCSUJIOgg6CDoIMccphjHHMccxhylGKUUpRSlF
GMMYxBjEGMMQghCDGMMYgoQQfBB8EHwQhFCEEIQQhBGMUYxRjFGEEYxShFGMUYyR
jFGMUIxRlJKUkoxRjFGUkZSSlJKMkoxRlJKUkoxRhA+MUIxRhBB7znvPjFGc06UU
nNOk05SSlNOU06UUnNOU05TSlJGMUYQQlJKU0p0UpRWdFYRRhBGc04QRhFFzz2uO
fBCEEKUUpRSlFJyLnEWcRZxFnEWcSZzTnNOc05zThBFrThkFjJOMkymHSot70YxS
jFKEUmuPfFF8UnwSUstCSUIISopSilKLSopKikKKSopKiUJJQklCCTnIOgg6CDHH
KYYphymHKYYpRSlFKUUpBRjEGMQgxBjDEIIQwxjDEMOEEHvQfBB8EIRRhBF70IQQ
hBCEUYxRhBGMUYxRjFGMUYxRjFCMUIxRjJGMUYxQlJKUkpSSjFGMUZSSlJKMUXvP
hBCMUYQQc457z4xRpRSE01MNbBBCy2vPY490EGPPUwx0EWvQjNR0EYzTfBF8EHPP
dBKEUmuPc49r0IyTfBF0EGuPY06lFKUUpRSUBpxFnEWcBJwElEmc1JzUnNSU03wR
a04ZBYyTjJM6CEKKc9CMUoxRhBJzz4RRhFF8UFLLQklCCEpJSopKikKKSolKikqK
SolCSUIJQgg5yDoJOggxxymGMcYxxymGIUUpRSlFKUUYwxjEGMQYwxCCEMMYwxDD
hBB8EHwQfBCEUIQQfA+EEIRRhFGMUYRRjFGEUYRQjFGMUYQRhBGMUoxRjFGMEJRR
lJKUkoxRhBCMUYxRhBB7z4QQhBCEEHOOe8+MUZ0UdFJLDWPQQsxj0FuOdFJsEWPQ
fJN0EISTnVWEkpTUlNSU1J0VjJSM1JTUjJOEU4yUlNSM1IRSnRWdFKUUaoOcRJxF
nAScBJxInNOc1JzUlJR8EWNOIQWMk4yTQkpCSXPQjFKEUoRSa45bDVsMWw1Ki0JJ
QkhKiUqKSopKSkJKQklKSUpKQkk6SToJMgg6CDoIMccphjHHKYcphiFFIUUpRSFF
GMMYxBjEGMQQghjDGMMQg4QQfBB8EHwQhBCEEIPPfBCEEYRRhFGEUYRRhFGEEIxR
jFGMUYRRjFGMUYxRjFGMUZSSjFGMUYxRjFGMUYQQe8+EEIxRhBBzjnvPjFGlFJ0V
lNSVFZUVlRWdFZ0VnRWlFaUVpRWlFaUVnRWlFaUVpRWlFaUUpRWlFZ0VpRWlFaUV
pRWk1KUUpRSMUklBnAWcBZwFnAWUCJzUnJOUk5STe9BjTSFFjJOMklLLOgpz0IRS
hFKEEmuPfBF8EXwRUw1CCToJQkpKikqKSopKikpKQkpCSkJKOkk6CDnIOcgxxzGH
KYYphzGHKYchRilFKUUhRRjEGMMYxBjDEIIQwxjDEIJ8D3wPe898D4QQhBB70HvQ
hBCEEYRRhBGEEYQRhBCMUYxRjFGEUIxRjFGMUYQRjFGUUoySjFGEUYxRjFGEEHOO
hBCMUYQQc457z4xRpRSlFaUVpRWlFKUVpRWlFaUVpRWlFaUVpRWlFaUVpNWlFZ0V
pRWlFaUVnRWlFaUUpRSlFKUUpRSlFKTUa01BQZQFlASUBJQElAaU05TTlJOMk3vQ
a005x4RRhFFay0IIc9CEUoRSfFJrj3xRfBF8EVsNOgk6CUpKSopKikKKQkpCSkJK
Qko6STpIOggxxznIOccxhymGKYcphimGKUUpRSlFKQUYwxjEGMQYxBCDEMMQwxCD
e9B7z3vPe8+EEIQQe9B70IQQhBCEEYQQhBB8EIQQhBGEUYRRfBCMUYxRjFGEUYxR
jFGMUYxRjFGMUYxRhBBzjnvPhBCEEHNNe4+MEaTUpRWlFaUVpRWlFaUVpRWlFaUV
pRWlFaUVpNWlFaUVnRWlFaUVpRWlFaUVpRWlFKTUpNSk1JzUnNSc1FJIYkKcBZwE
lASUBZQGlJOUlJSTlJN70HOPc49rj2uPUstbDGuOhFGEUYRRa858EHwRfBFjTUIJ
OghCSUqJSopCiUJJQkpCSkJKQgk6CToJOcg5yDnHMYcphimGKYYphiFFIUUpRSlF
GQQYxBjEGMMQghCDEIMQg3vPe897z3vPe9B8EHwQe8+EEIRQhFCEEIQQhBCEEIQQ
hBCEEIQQjFGMUYxRhBCMUYySjFGMUYQQhBCMUYQQe457z4QQe89rTXOOhBCc1KUV
pRWlFaUVpRWlFaUVpRWlFaUVpRWlFZzUnNSlFKUUnNOk04xRlJKMUZSSnNOMEZzT
nNSc1JzUnNQ5A4uDlAWUBZQFlAWUBpSTlJSMk5STe9CMk4yTjFOMU4xThFJrkIRS
hFKEUnPPY01rznvPY01CCToIQkpKSkJKQkpCSkJKQkpCSTpJOgk6CDHIOcg5yDGH
KYYxhjGGKUYpRilGKUUhRRkEGMQYxBjEEIMQgxCDEIN7z3vPe897z3wQfBB7z3vP
g9CEEIQQhBCEEIQQhA+EUYRRhBCD0IxRjFGMUYQQjFGMUYxRjBGEEIQQjFGEEHOO
e8+EEHvPa01zjoQQnNSU1HwRjFKMkpUUnRSc1JSTe9Cc1HuQjJOMk3wQfBF8EWOO
fFJTDXQRUw10EZSUWwyUk5zUnNSc1IRRSYWUBpQFlASUBJQElAWUkpSTlJOUk3vQ
jFKMk4SThFOEU4RSa4+EUYRShFJzjlsJWwlrSlsLOgg6CEJJQolCSUJKQkpCSUJJ
QklCSToJMggxyDHIMcgpxymGKcYphimGIUYpRiFGIUUZBBjEGMQYxBCDEIMQgxCD
fA97z3PPc8970HwQe897z3wPhBCEEIQQhA+EEHwQfFGEEYQQg9CEEYxRhFF8EIQR
jFGMUYQQg9CEEIQRhBBzjnvPhBB7z2tNc46EEJzUnNV8EYzUfFJ8UoRSfBGVFWuP
fBF0EIxSjFB7zoxPfA5rjHwOWwp0DmNMc8+U02uOlNOc1JzUnNRrTWsKlAeUBZQE
lASUBJQElJKUk5STjJN70IySjJOMUoxSjFKMUmuPhBKEUoRSc4tayFsIa05bDDpI
MghCSUJJQklCSUJJQklCSUJJOgk6CToIMccxxzHHMYcphimGKYYpRilFKUYpRiFF
GQQZBBjEEMMQgxCDEIMQg3vPe897z3PPc898D3vPc457z4QQhBCEEIQQhBB8EHwQ
hBCEEHvPhBCMUIRQfBCEUYRRjFGEUXwQhBCMUIQQc457z4QQe89rTXOOhBCc1JTU
lNSMk5zUnNSc1JzUnNSdFZ0VnRWc1ZSTnJOc05zTnNOc05zTnNSc1JzUnNSc1JzU
nNSc1JzUSkmUUJQGlASUBJQElASUBpSSlJOUk5STe9CMUoxTjFOMUoxSjFJrj4RR
hFKEUXOMYwpjS3vQa05CCTnIQklCSUIJQklCSUJJQkk6SToIOgg5yDnIMcgxxymH
KUYphimGKUUpRSlFKUUhBRjEGMQYxBjDEIMYgxiDEIN7z3PPc89zz3PPe897z3PP
c898EHwQfBB8EHwPdA98D4QQhBB7z4QQjFGEEHwPhBCEUIRRhBCED4QQhFF8EHOO
c46EEHvPa01zjoQQnNOc1JTTlNSMkqUVlNOMkpTSjJKEUYyShJKEUZSShBCMUnwQ
hJJrjoRRY01zj2NOhBGEEpzUnNSc1EIJpJGURZQFlAWUBZQFlAeUk5STlJOUk3wQ
jFKMUoxSjFKEUoRSa498UoRShFJz0GOPa9B8EGuOOgkxyEIJQglCSUJJQklCSTpJ
Ogk6CDoIOggxyDHIMccphymGKYYpRiFGIQYhRiFGIQUYxBjEGMQYwxCCEIMQgxCD
e85zznPOc45zznvPc85zjnvPfA98D3wPfA97z3vPfA98EHwQe8+EEIRRhBB7z3wQ
hFGEUYQQe897z4QQe89rTXOOhBB7z2tNa02EEJTTfFJTTXRRW058kozUY450EWPP
W05r0HxSa9CEUXQRfFFjz3xRUw10ETqLY49LDHwRjFKc1JzUjFJSy5ySlAaUBZQE
lASUBJQIlJOUk4yTjJNz0GuNc41rjWtNa0xrTWtNhBKEEoQSfBFrj3QRfBFr0DoI
McdCCEIJQglCCToJOgk6CToIOgg5yDnIMccxxzGHKYcpRilGKUYpRiEFIUUhRSEF
GMQYxBjEEMMQgxCDEIMQg3OOc49rjnOOc457z3POc457z3vPe9B7z3vPe897j3vP
e898EHPPfBB8EYPQe8+D0IQQhBCEEHvPe8+EEHvPa01rTXvPe85rTGtNhBCc1HxS
U06Ek3QRjNV8U2vRdBFsEWwRfFKM1HQRfFKEU4RTc9F8EnQSfFN8U3xTdBF8EpSU
lNSU1JSUjFKU05QGlASUBJQEk8SMCIyTjJOMk4yTdBCEUoRShFKEUnxSfFJjj3xR
fFF8EXQQY490EXQRa9A6CDHHOgk6CToJOgk6CToJOgk6CTnIOcgxyDGHMYcxhimG
KUYpRilGKUYhBSEFIQQZBRjEGMQYxBCDEIMQghCCEIJzjnOOc01rTXOOc89zjmuN
c457z3vPe89zz3PPc89zz3wQe89zjnuPhBCED3vPfA+EEIQQhBB7z3vPhBB7z2tN
a01zjnvPYwxrTYQQlNSVFJTUnNSdFJ0VnRWdFZ0VnRWc1ZzVnNSc1JzUnNSc05zT
nNOU05TTlNOU05STlJOUk5STlJOUk4ySjJKECoQKg8qDyoPKhA2MUYQQhBCEEHPP
c9Bzz3PPc89rj2uPY05jjmOOY05jTltNW01TDFLLOcgxh0HIOcg5yDnIOcg5yDnI
OcgxxzHHMccphimGKYYpRiFFKUUpRSEEGQQhBCEEIQQYwxjDGMMQghCBEIIQghCB
a45rjmuNa41rTXOOc41rTXONc85zznPOc85zznOOe457z3vPc457znwQe89zz3vP
fBB8EHwPc89zjnwPe89rTWtNe89zjmMMYw2EEJTUlNSUk5STlJOUk5SSlJOMkpSS
lJKUUoxSjFGMUYxRjFGMUIxRjFGEEIQQfBB8EHwQfBB8EHwQe8970HvPe897z3vP
c49zj3QQfBFrj2NOY05bDWNOUw1TDFtNUwxKzErMQotKzErMQsxTTVNOa9Br0DHI
MYc5xznHOcc5xznHMccxxzGHMYYxhimGIUYpRilFKQQhBCEEIQQhBBjDGMMYwxCD
EIIQghCDEEIIQghCCEIIQmtNa01rTWNNa01rjmtNYwxrTWuOa45rjmuOa45rjmuO
c45zjmtOc457z3vPc49zz3vQe9B7z3OOc457z3uOYwxjDHOOc45ay2MMe8+U04xS
hBKEUoQRe9B70IPQfBB8EHwQc898EHPQc4+EEYQRfBGEUYRRSstTDVMMWw1jTltO
QotCi0KLW05TTUrMUw1TDUrLUoxrj3wRa89LTUsNKkpCzDKLOotCzDqLOotCjDIK
QsxLDjpLUw5bT3PRdBAxxylGMYYxhjGGMYYxhimGKYYpRiFFKUUhBSEEIQQhBCED
GMMYwxjDEIIQghCCEIIQgghCCEIQgghCCEEIQghBCEFjDGMMYwxjDGMMa01jDGMM
YwxrTWtNY01rTWtNa01rTWuNa45rTWuOc85zjmuOc457z3vQe89zjnNOe49zjmMM
WsxzjnOOYwxjDHvPlNOMUoQRhFFr0ErMU01bj1NNW49bj0LMSw1TTlMNc9B8EXwQ
fBF8EULMSw1CzEsNU49LDjqMQs1CjFMOUw1CzFNOU45TTlMNY498EmvQY49jj1NO
U05TTlNOU05LDlMOUw9TT1uPW5Bbj1uPW490EXQRMcchBSlFKUUpRSlFKQUhBSEE
IQQZBCEEGQMYwxjDGMMYwxCCEIIQghCBEEEQQRBBCEEIAAgBAAEIAQgBCAEIAQgB
Wstay1rLWstay2MMWstay1rLWsxjDFsMYwxjDFsLYwtjDGMMYwxrTHOOa45rTmtO
c45zjnOOa01jDHOOc45jDFrLa01rTVrKWst7z5TTjFKEUYRSdBFjj2vQa9Br0HQR
a9Brj2vQc9BrkHvRe9F70YQRhBFz0HPQa9Bz0HPQa9Br0GvQa9Br0GvQa9Bjj2vQ
a49jT3PQfBJz0HPQc9Brj3PPc85rzmuOa45rjltOdBF0EnxSfFJr0HQSdBJ0ETGI
GMQYwxjDIMMYwxjDGMIYwxjCGIIYgRCBEEEQQRBBCAEQQRBBEEEIQQhBCAEIQQhB
CAEIAQgBAAEIAQgBCAEIAVKKUopSilKKUopSilKKUopSilKKUopSilKKWspaylrK
YwtjC1sMYwxrTWtNa01rTXOOc45rjmMNWwxrTWtNWstSilrLYwxSikpJe8+Uk4yT
hFKEUoRShFKEUoRShFKEUoQShFKEUoRShFKEUoxShBKMU4xTjFKEU4RThFOEU4RT
hFOEU4RThFOEU2uQQw1sUmPQSsxr0IRShFKEUoRSc9Br0GuPY49jT2NPY05bDXwS
fFKEU4RTc9B8EXxRdBAphhCBGIEYgRiBGIEYgRiBGIEQgRBBEEEQQRBBEEEQQRBB
EEEQQRBACEEIQQgBCAEIAQgBCAEAAQgBCAEIAQgBCAFKSUpISkhKSUoJSklKSEII
SkhKSEpJSklKSUpJSklKSVKKUopSilKKWstay1rLWstjDGMMYwtaylKKWstaylKJ
SkhSiVKKQkhCSHOOlJOU1ZTVlNWU1ZTVnNSc1ZyUnNSU1JTUlNSU1JSUlJOUk5ST
lJOUk5STlJOUk5SSjJOMk4yTjJOMk4yTjJNrj0LNbFNkEULLbBB8UoRShFKEUnPQ
fFKEUoRSfBF8EXwRc9CMk4SThJOElHQSfFN8k3RSMccQgRiBGIEYgRiBGIEYgRiB
GIEYgRhBEEEQQRBBEEEQQRBBEEEQQQhBCEEIQQgBCAEIAQgBCAEIAQgBCAEIAQgB
QcdBx0HHQcdBx0HIQcdBx0HHQghCB0IHQcdKB0oISghKCEpISkhKSVKJUolSiVKJ
UolSiVKJSklCSEpJSklCCEHHSghKCEHHQcZzjZTTnRWdFZ0VnRWdFZzUlNSU1JTT
lNSU1JTUlNSUk5STlJOUk5STlJOMkoyTjJOMk4yTjJOMk4yTjJOMk4RTa49CzWyT
bBJCy2wQhFKEUoRShFJz0HwShFJ8UXxRfBF8EWuOhFF8UYRShJJ0EYSThJN8UjoI
GIIYghiCGIIYghiBEIIYghiBGIIYghCBEEEQQRBBEAEQQRBBEEEQQQhBCEEIAQgB
AAEIAQgBAAEIAQgBCAEIATGGMYYxhjGGOYY5hjmGMYY5hjmGOYY5hjGFOYU5xjmG
OcY5xjnGQcdCCEIHQcdBx0HHQcdBx0GGOYY5hjmGMYU5RDlEOYUxRDFEc42Uk5zU
nNSc1KUVpVWU1JTUlNSU1JTUlNOM1JSTlJOUk5STlJOMU5STlJOUk4yTjJOMk4yT
jJKMk4yThFOMU2uQSs1sk2wSQsxjz4RShBKEUoRSc9Bz0HwSfBF8EXQRc9BjTnvR
dBB0EHQQW018UYSSfBE5yBiCGEIYghiCGIIYgRCBGIEYgRiBEEEQQRBBEEEQQRAB
EEEQQBBBEEEQQRBBCAEIAQgBCAEIAQABCAEIAQgBCAEpBCkEKQQpBCkEKQQpBDEE
KQQxBDEEMQQxAzEDMQQxBDEEMQQxBDEDMQMxAzEDMQMxAzEDMQMxAzEDMQMxAzED
MQMxAzEDMQMpA3NMlJKU05TTlNSdFZzUlNSU05TTnRSU1JTTlJOMk4yTjJOMkoyS
jJKMkoySjJKMUYvOi82LzYONg42EUoxThFNrkEqMbFJ0UkrLY498UoRShFKEUnPR
c5B8EXwRfBF8EXQQW01rz2wQbBBrz1tMa890D2ONMYYYghiBGIEYghiCGIIQghiB
GIEYgRiBEEEQQRBBEEEQQRBBEEEQQRBACEEIQQhBCAEIAQgBCAEIAQgBCAEIAQgB
IMMgwyjDKMMowyjDKMMowyjDKMMpAykDKMMxAykDMQMxAykDKQMpAzEDMQMxAzED
MQMxAzEDMQMwwzEDMQMxAzEDMQMxAzEDMQNrS4yRhBB7z2LLWklSR1qIWohqypTU
lJOMk4RSfBFjj3QRc9Brz4QSjJOMU4xSe89ySHJHckhySHsMhFF8UoRSc9BSzGxS
fFFTDGOOfBB8D3PPc45jTFrKYwtay1KKSklCSDnHOcYxhTFFKQQgwxiCEEIYgRiB
GIEYgRiBGIIYghiCGIEYgRCBGIEQgRBBEEEQQRBBEEEQQBBBEEEQQRBBEEEQAQgB
CAEIAQgBCAEAAQgBCAEIARiCKMIowijCIMIgwiDCKMMowyjDKMMowyjDIQMpAykD
MQMpAikDKQMpAykDMQMxAzEDMQMxAjEDMQMpAykDKQMpAykDKQMpAykDasqMUoyS
jJKM04ySc89jjkqKSoqU0pTSlJKUkYQQa45zj2uOYwxzjXONa0xrC1rKQcc5x0GG
OYVBhUnGQYU5hTFEIQMhAyDDEIIYQhBBEAEQARABEAEQARABEAEQARABCAEIAQgB
CAEIAQgBCAEIARABEEEYgRiBGIEYgRiCGIIYghCBEIEQgRCBEIEQQRBBEEEQQRBB
EEEQQBBBEEEQQRBBEEEQAQgBCAEIAQgBCAEIAQgBCAEYgiDCIMIgwiDCIMIowijC
KMIowjEDKMMpAyjDKMMowyjEKMMowyjDKMMowyjDKQMpAykDKQMwwzDDKMMowyjD
KMMowyjDKMMww0GFWkdSB1IHSgZBxjmFMUQgwyCBKMMogiCCGEEYQRhBGEEYQRhB
GEEYQBhAGEEYQRABEAAQABAAEAAIABAAEAEQARABEAEQARABEAEQARABEEEQQRBB
EEEYQRBBEEEQQRhBGEEYQRhBGIEYgRiBGIEYgRiBGMIYghiCGIIYghiCGIIYgRiB
GIEQgRCBEIEQQRBBEEEQQRBBCEEQQRBBEEEQQQhBCEEIAQgBCAEAAQgBCAEIAQgB
IEIggiCCIMIgwikDKMMowyjDKMMowykDKQMpAykDKQMpBCkDKQMpAykDKQMpAykD
KQMpAykDKQMpAyjDKMMpAykCKMIowijDKMMowhhBEEAYQRhBEEEQQRBBEEEQQRhB
GEEYQRhBGEEYQRhBGEEYQRhBGEEYQRhBGEEYQRhBGEEYQRiBIEEYQRhBGEEYQRhB
GEEYQRhBGIEYgiCCIIIggiCCIIIgwiDCIMIgwiDCIMIgwiDCIMIgwiDCIMIgwiCC
IIEYgRiCGIIYghiCGIIYgRiBGIEQgRCBEIEQgRBBEEEQQRBBEEEQARBBCEEIQQgB
CAEIAQgBAAEIAQgBCAEIARhBIIIgwyDDKMMowyjDKMMowyjDKMMowyjDKMMowyjD
KQMpAykDKQMpAykDKQMpAykDKQMpAykDKQMpAzEDMQMowijCKMIowijDKMIYgRiB
GIEYQRhBGEEYgRiBGIEYgSCBIIEggSCBIIEggSCBIIEggSCBIIEggiCCIIIggSCB
IIEggiiCKMIowiDBIMIgwiDCIMIgwiDCKMIowijCKMIowijCKMIowijCKMIowijC
KMIowijCIMIgwiDCIIIYgRiCGIIYghiCGIIYghiCGIEYgRiBGIEYgRhBGEEQQRBB
EEEQQRBAEEEQQQhBCEEIQQgBCAEIAQABCAEIAQgBCAEYQSCCIMIgwiDCKMIowyjD
KMMowyjDKMMowzDDKMMowyjCKMMowyjDKMMowzDDKMMowyjDKMMowyjCKMMowyjD
KMMowyjDKQMpAykDKMIowijCKMIowijCKMIowijCKMIowijCKMIowijCKMIowijC
KMIowijDKMIowijCKMIowijCKMIowikCKMIowiDCKMIowjDCKMIowijDKMMowyjC
KMIowijCKMIowyjDKMIgwiDCIMIgwhjCIMIgwiDCGMEYghiCGIEYgRiBGIEYgRhB
GIEYgRiBEIEQQRBBEEEQQQhBEEEQQRBBEEEQQQhBCEEIAQgBCAEIAQABCAEIAQgB
GIEggiDCIMIowijDKMMxAyjDKMMowyjDKMMowyjDKMMowyjDKMMowyjDKMMowyjD
KMMwwyjDKMMowyjDKQMxAzEDMQMxAzEDMQMxAzEDKQIpAykCKQIpAijCKMIowijC
KMIwwjDCMMIwwyjCKMMowijDKMMowyjDKMIowijCKMIowjDCMQIxAjECMMMowikC
KQIowijCKMMowyjDKMMgwyjDKMMowijCIMIgwiDCIMIgwiDCIMIggiCCIMIgwiCC
IIIYghiCGIIYgRiBGIEYgRiBEIEQgBCBEEEQQRBBEEEQQRABEEEQQRBBEEEQQQgB
CAEIAQgBCAEIAQgBCAEIASCCKIMgwyjDKMMowyjDKMMgwyjDKMMowyjDKMMowyjD
KMMowyjDKMMowyjDKMMowzDDMQMxAzEDMQMxBDEDMQMxAzEDMQMxAzEDMQMxAzED
MQMxAzEDMMMwwzDDKMMwwzDDMQMwwzEDMMMwwzEDMQMxAzEEMQMxAzECMQMxAzED
MQMxAzEDMQMxAzEDMQMowijDKMIowijCKMIowyjDKMMowyjDKMMowyjDIMIgwiDC
IMIYwSDCIMIgwiDCIMIgghiCGIIYghhCGIIYgRiCGIEYghiBGEEYQRBBEEEQQRBB
EEEQQRBBEEEQQRBBCAEIAQgBCAEIAQgBCAEIAQgBCAEggiiCIMIowijCKQMowyjD
KMMowyjDKMMowyjDKMMowyjDKMMowyjDKMMowykDKQMpAykDMQMxAzEDMQIxAzEC
KQMpAykDKQMpAzEDMQMxAzEDMQMwwzDDKMMowyjDKQMxAzEDMQMxAzEDMQMxAzED
MQMxAzEDMQMxAzEDMQMxAzEDMQMxAzEDMQMxAykCKQIpAijCKMIowijCIMIgwiDC
IMIowijCKMIgwiDCIMIgwiDCGMIgwiDCIIIgwiDCGIIYghiCGIIYghiCEIEQgRiB
GIEYgRCBEEEQQRBBCEEQQRBBEEEIQQhBCEEIQQgBCAEIAQgBCAEIAQABCAEIAQgB
IIIogiiDKMIowyjDKMMpAijCKMIowyjDKMMowykDKQMpAykDKQMpAykDKQMpAykD
KQMpAykDKQMpAykDKQMpAykCKQMpAykDMQIxAzEDMQMxAzEEMQMxAzEDMUMxAzED
OQMxAzEDMQMxAzEDMQMxQzEDMQMxAzEDMQMxAzEDMQMxAzEDMQMxAykDKQIowijC
KMIowijCKMIowyjDKMMowyjDKMMowyDCIMIgwiDCIMIgwiDCIMIYwiDCIMIggiCB
GIIYghiCGIIYgRiBGIEYgRhBGEEYQRBBEEEQQRBBEEEQQRBBEEEQQQhBCAEIAQgB
CAEIAQgBCAEIAQgBCAEIASCCIMIowyjDKMMpAyjDKMMowyjDKMMowyjCKMMowyjD
KMMowzDDKMMowyjDKMMxAzEDMQMxAzEDMQMxAzEDMQM5AzEDMQMxAzEDMQMxAzED
MQMxAzEDMQMxAzEDMUMxAzEDMQMxAzEDKQMxAzEDMQQxAzEDMQMxAzDDMQMxAzED
MQMowyjCKMMowyjDKMIowijCKMIowijCKMIowijCKMIowiDCIMIgwiCCIMIgwiDC
IMIgwiDCIIIgghiCGIIYghiCGIIYQhiBGIEYgRiBGIEQQRBBEEEQQQhBEEEQQRBB
EEEQQRBBEEEQQRBBCAEIAQgBCAEIAQgBCAEIAQgBCAEggiDCIMIgwiDCIMIgwijC
KMIpAijCKMIowyjDMMMowykDKQMpAykDKQMpAykDMQQxAzEDMQMxAzEDMQMxAzED
MQMxAzEDMQMxAzEDMQMxAzEDMUQxAzEDMQMxAzEDMQMxAzEDMQMxAyjDMQMxAzED
MQMxAzEDMQMpAykDKQIpAikDKQMpAykDMQMpAyjCKMIowijCKMIowijCKMIowijC
IIIgwSDCIMIgwiDCIMIggiCCIIIggiCBIIIYghiCGIIYghhCGEEYQRhCGEIYQhhC
EEIQQRBBEEEQQRBBEEEQQRBBEEEIQQhACEEIAQgBCAEIAQABCAEIAQgBCAEIAQgB
IMIgwiDDKMIowijCKMIowijCKMMowijDKMMowijDKMMowyjDKMMowyjDKMMowzDD
KMMowykDKQMpAykCKQMxAykDKQMpAykDKQMpAykDMQMxAzEDMQMxAzEDMQMxAzED
MQMxAzEDMQMxAzEDKQMpAykDKQMpAykDMQMxAzEDMQMxAzEDMQMxAykDKMIowijC
KMIowijCKMMowiDCIMIgwiDCIMIgwiDCIMIgwiDCIMIggiCCGIIYghiBGIIYgiCD
GIIYgRiBGIEYgRiBGIEQgRCBEEEQQhBBEEEQQRBBEEEQQRBBCEEIQQhBCEEIQQgB
CAEIAQgBCAEIAQgBCAEIASDCKMIowijCKMIowiDCKMIowijDKMIowijCKMIowijC
KMIowijDKMMowyjDKMIowijDKMMowzDDKMMowyjDKQMpAykDKQMowyjDKMMpAykD
KQMxAzEDMQMpAykDKQMpAykDKQMpAikDKQMxAzEDMQMxAzEDMQMpAykDKQMowyjC
KMMowyjDKMMowijCKMIowijCKMIowiDCIMIgwiDCIMIgwiDCIMIgwiDCGMIgwiDC
IMIgwiDBGIIgghiCGIIYghiCGIIYQhiBGIEYgRiBEIEQQRBCEEEQQRBBEEEQQRBB
EAEQQRBBEEEIQQhBCEEIAQgBCAEIAQABCAEIAQgBCAEgwyDCIMIgwijCIMIgwiDC
IMIowikCKMIgwiDCKMMowyjDKMIpAyjDKMMwwyjDKMMowykDKQMpAykDMQMpAykD
KQMpAykDKQMpAykDKQMpAzEDMQMxAzEDKQMpAykDKQMpAykDKQMowyjCKMIowikD
KQMpAykDKQMpAykDKMMowyjDKMMowijCKMIgwiDCIMIgwyDCIMIgwiDCIMIgwiDC
IMIgwiDCIMIgwhjCGMIYwiDBGMEYghiCGIIYghiCGIEYgRiBGIEYgRiBEIEQgRCB
EEEQQRBBEEAQQRBBEEEQQRBBCEEIQQhBCEEIAQgBCAEIAQgBAAAIAQgBCAEIAQgB
IIIggiDCKMIgwiDCIMIgwiDCIMIowijCKMIowijCKMIowyjDKMMowyjDKMMowyjD
KMMowijCKMMowyjDKQMowyjDKMMowyjCKMIowijCKMIwwijDKMIowyjDKMMpAykD
KQIowijDKMMowijCKMIowijCKMMowyjDKMMowyjDKMMowyjDKMMowyjDKMIowijC
IMIgwiDCIQMgwiDCIMIggiDCIMIgwiCCIIIggiCCIIIYghiCGIIYghiCGIIYghiB
GIEQgRiBGIEQQRBBEEEQQRBBEEEIQRBBEEEQQRBBEEEQQRBBEEEQQQgBCAEIAQgB
CAEIAQABCAEIAQgBCAEIASDCIMIgwiDCIMIowijCIMIgwiDCIQIgwiDCIMIgwiDC
IQMgwiDCIMIowijCKMIowyjCKMIowijCKMIowyjDKMMowyjDKMMgwyjDKMMowyjD
KMMowyDDKMMowijCKMIowijCKMMowyjDKQMpAykDKQMowyjDKMMowyjDKMMowyjD
KMMowyjDKMMowyjDKMIowiDCIMIgwiDDIMMgwiDCGMIgwiDCIMIgwiDCIMIggSCC
IIIgghiCGIIYghiCGIEYgRiBGIEQgRCBEEEYQhBBEEEQQRBBEEEQQRBBEEEQQRBB
CEEIQQhBCEEIQQhBCAEIAQgBAAEIAQgBCAEIAQABCAEggiCBIIIgwiDCIMIgwiDC
IMMgwiDCIMIgwijCIMIgwiDCIMIgwiDCIMIowyjDKMMowijCIMIgwiDCIMIowyjD
KMMogyjCKMMowijDKMMowyjDKMMowyjDKMMowyjCKMIowijCKMIowijDKMMowyjD
KMMowyjDKMMowyjCKMIowijCKMIowijCKMIowijCKMIgwiDCIMIgwijCKMIgwiDC
GMIgwiDCIMIgghiCGIIYghiCGIIYghiCGIIYghiCGIIQgRiBEIEYgRCCGEEYQRhB
EEEQQRBBCEEQQRBBEEEQQRBBEEEIQQhBCAEIAQgBCAEIAQgBAAEIAQgBCAEIAQgB
IIIggiDCIMIgwiDCIMIgwiDCIMIgwiDCIMIgwiDCIMIgwiDDIMMgwyDCIMIgwiDC
IMMgwyDDIMMgwyDDKMMowyjDKMMowijCKMIowijCKMMowyjDKMMowijDKMMowyjD
KMMowyjDKMMowyjDKQMpAyjDKMMowyjDKMMowyjDKMMowyjDKMMowiDCIMIgwiDC
IMIgwiDCIMIgwiDCGMIgwiCCIIIggiCCIIIgghiCGIIYghiCGIIYghiCGIEYgRiB
EIEYgRiBGIAQgRCBEIEQgRBBEEEQQRBBEEEQQRBBCEEIQQhBCEEIQQgBCAEIAQgB
CAEAAQgBCAEIAQgBCAEIASCCIMIgwiDCIMIgwiDCGMIgwiDCIMIgwyDCIMIgwiDC
IMIgwiDCIMIgwiDCIMIgwiDCIMIgwiDCIMIgwijCKMIowijCKMIowijCKMMowyjD
KMMgwijCKMIpAyjDKMMowyjDKMIowijCKMIowijCKMMowyjDKMMowykDKMMowyDD
IMMgwijCKMIowiDCIMIgwiDBIMIgwiDCIMIgwhjCIMIggiDCGIIYghiCGIIYghiC
GIMYghiCGEEQgRiBGIEYgRiBGIEYgRCBEIEQQRBBEEEQQRBBEEEQQRBBEEEQQRBB
EEEIQQhBCAEIAQgBCAEIAQABCAEIAQgBCAEIAQgBCAE=
END m9
frame    42 :  an opened book +0.10  a closed book -0.10   led   1/211 h0.08 lvl-0.00   -
frame    43 :  an opened book +0.10  a closed book -0.41   led   1/210 h0.08 lvl-0.16   -

snapshot  : frame 44, mean RGB 109 108 108
BEGIN m9 128 128 32768 9a59ad39
UopKSTGGMUVKSEpIQgg5xkpJUopKSUIJQghSilrLWspSiVLKa01zjWtNa017zoQQ
hFCEUYxRjFGMUZSSlJKc05zTlNOU050UnRSdFJ0TnNOc050TnROdE6UUpRSlFJ0U
pRSlFaUUnRSdFJ0UpRWlFaUUnROdFJ0UnRSdFJ0UnRSdFKVVnRSdFJ0UnRSdFJ0U
lNOU050UlNOUk5TSlNOU04ySjJKMkpTSlNOU0oySjJGEkYyShJGEUYRRhFGEkYSR
hFF8EHwQhFF8EHQPdA90EHPPa85jjmvOa85jzltNY01jjltNUwxTDFtNU0xTDErL
SspSy0rLSspKiTpIQklCSVKKSkk5hjGGSkhSSUpIQcZKSVKKSklKSEIHUohaylrK
SklaimtNc45rTWtNe8+EEIQQhBCMUYxRjFGUkpSSnNOc0pzTlNOc1J0UnNSc05zT
nROdE50TnROdVKUUpRSlFKUUpRWlFaUUnRSlVaVVpVSlFJ0TnRSdFJ0UpRWdFJ0U
nRSlFZ0UnRSc06UUnRSdFJUUlNOdFJTUlNOU050UlNSMkoySlNKU05TTlNOMkoxS
hFKMkoySjJGEUYRShFKEUnxSfBF8EYRRfBFz0HPQfBF0D2vOa85rz2vPY45bTWON
Y41bTVsMUwtbTFMMUwxKykqKSstKikqKQok6B0IIQkhSiUpJOYcxhkoISklKSDnG
SkhSiVKJSkhCB1KJWspay0qJUoprTXONa01rTXvOhBCEEIRRjFGMUYxRlJKU0pzT
lNOU05TTnRSdFJ0UnROc05zTnROc050UpRWlVZ0UnRSdFKUUpRSdFJ0UnVSlVaVV
pRSdFJ0UpRSlFKUUpRSdFJ0UpVWdFJ0UnRSdFJ0UnRSU1JTTnRSVE5TTlNOdFJTT
lNOMk5TTlNOU05TTjJKMkoRSjJKMkoRShFGEkYSRhJJ8UnwRfBGEUXwQdBBzz3wQ
dA9rzmuOa85rzmOOW01bTWOOW01TDEsLWw1TDFLLSopKikqKSopKikJKOcc5yDoI
UopKSTmGMYZKCUpJSgg5x0pJUopSikpJQgdSiVrKYwtSiVKKa01zjWtNa01zj4QQ
hBCMUYxRjFGMUYySlJKc05zTnNOc05zTpRSdE5zTnNOc050TnRSdFKVVpVWdVJ0U
pRSlFKUUpRSlE6UUpVWlVaUVpRSlFKUUpRSlFKUUpRSdFKVVnRSdFJ0UpRSdFJ0U
nNOc050UnRSU05TSlROU05TSlJKU0pTTlNOU04ySjJKMUYySjJKMkYRRhJGEkoSS
fFF8EHwQfFF0EHQQdA90EGvQa49jjmuPa49rjlsMW0xjjVtMUwxKy1MNUwxKy0qJ
SklKiUqKSklCSTHHOcc5x1KKSkk5hzGGSghKSUpJOcdKSVKKSolKSEIISolay1rL
UopSimtNc41zjWuNc86EEIRQhFGMUYxRjFGUkpSSnNOc05zTnNOk06UUpROc050T
nROdFJ0UpRSlVaVVpRSlFKUUrRSlFaUUpRSlFKUVpVWlVaUUpRSlFKUUpRWlFKUU
nRSlVZ0UnRSdFKUVpRWlFJ0UnNSdFJ0UlNOU05zTnNOU0pSSlNKU05TTlNOUkoyR
jJGMkoySjJGEUYxShJGEUYRRfBB8EIRRfFB0D3PPdBBzz2uOY45rz2vOY45bTVtN
Y41jTVMLSstTDFsLUwtCiUKJSolKSUJJQkgxxjIHOgdSilKJQcc5hUoIUklSSUHH
SkhailJKUklKCFKJWstbC1KJUoprTWuOc45rTXvOhBCEEIxRjFGMUYxRlJKUkpzT
nNOc05zTpNOlFJ0UnRSdE50UnRSdFKUUpVWlVaVUpRSlFKVUpVSlFJ0UpVWlVa1V
pVWlFKUUpRSlFKUUpRSlFKUUpVWlFKUUpRSlFaUVnRWc1JzUpRSdFJTTlNOdFJ0U
lNOM05TTlNOU05TTjJKMUoySjJKEkoSRhFGEUoRShFJ8UXwQdBB8UXwQc89rz3QQ
bA9jzmOOY45rj2OOW01bDWNOW0xSy0rLW0xTDFLLQopCSUJJQklCSDoIMYY5xznH
SkpKSUHHOYZKCFJJSklBx0oJWopSilJJQghSSGLKYspaiVKJa0xzjXONa41zzoQQ
hBCMUYxRjFGMUZSSlJKc05zTnNOc06UTpRSdE50TnROdFJ0UnRSlFK1VrVWtFaUU
pRSlVaVVpVSlFK1UrVWtVa1VpVWlVaVUpVSlVaVUnRSlFKUVpRWlFJ0UpVSlVaUU
nRSdFKUUnRSU05TTnRSdE5TTlNOU05TTlNOM04ySjJGMkYySjJKMkYRRhFGEkYSR
hFF8EHQQfFB8UHQPa850D3QPa85jjWvOa45jjVNMW0xbjVtNUstKilsMWwxSy0qK
QklCSUJJQklCSDGGOcY5x0pJSkk5xzGGSghSSVJJQcdKCFKKUopKSUIISklay2LL
UopSimtNc45zjnONe86EEIxQjFGUkYxRlJGUkpzSnNOc05zTnNOlE6UUpRSdFJ0U
nRSlFKUUpRStFK1VrVWtVa1VrVWtVa1VpVWlVa1VrVWtVaUUpVWtVaVVrVWtVaVV
pRStVaUVpRSdFKVUpVWlFJ0UnRSdFKUUnNOc06UTnRSU05TSlNOU05TTlNOMkoyS
jJGMkYySjJGEUYRShFGEUYRRfBB8D3xQfBBzz2vOdA90D2vOY41rjmuOY45TDFMM
W01bDVLLSopbDFMMUstCSUJIQklCSUJJOggxhjGHOcdKSEoJQcc5hkIISklSSUIH
SkhaylKJSolCCFJJWstjC1LKUolrTHONc41rTXvOhBCEEIxQjFGMkYySlJKc0pzT
nNOc05zTpROlFKUUnRSlFKUUpRSlFKUUrVWtVa1VrVWtVa1VrZWtVa1VrVWtlq1V
rVWlFK1VrVWtVa1VrVWtVaUUrVWlVaVVnRSlVaVVpVSlFKUTpRSlFJzTnNOdE50U
lNOU05TTnNOc05SSjJKMkYyRjJGMkoyRhFGMkYyRjJGEUYQRfBB8UXxQdA9rznQP
a89rzmNNa45rjmuOWwxTDFtNWwxSy0rKWwxTDErLQkk6SEJJQkhCSUIIMYYxhznH
SgdKB0HHOYZKCFJKUklBx0JIUspSilJJSkhSSGLLYwtaylKKa01rjnOOa017z4QQ
jFGMUZSSlJKUkpSSnNOc05zTnNOc06UUpRSlFJ0UpRSlFKUUpRSlFKVVrVWtVa1U
rVWtVa2WrVWtVa1VrVWtVa1VpVWtVa1VrVWtVa1VrVWtVa2VrVWlVaVUpVWtVaUU
pRSlE6VUpRSdFJ0UnRSdFJzUnNOc05zTnNOUkpSRlJGMkYySjJKEkoRRjJKMkYyR
hFF8UHQPfFF0UXQPa850D2wPa85jjWuOa45jjVsMUwxbTVtMSwtKy1MMUwtSy0JJ
QghCSEJIQkg6CCmGKYYxx0IIQghCBzGGSghSSVJKQgdKCFqKWopSSUpISklay2MM
UopSiWtNc41zjmtNe8+EEIQRjFGMUYyRjJGUkpzTnRSc05zTnNOlFKUUpRSlFKUU
pRSlFKUUrVWtVa1VrVWtVa1VrVWtVa1VrVWtVbWWtZatlq2WrZatVq1WrZatVq1W
rVWtVq1WrVWtVa1VrVWtVaVVpVWlVaVVpVWlVaVVpRWlFZ0VnNSUkpSSlJKMkpSS
lJKMkoySjJKEUYySjJGMkYRRfBB0EHxRfFF0EGvPc9Bzz2vPY01rjmuOY05TDFMM
W01bDVLLSopbDFMMSstCikJIQkhCSEJIQggphjGGOcdBx0IIQgg5hkoIUklSSUoI
SghSilKKUopKSFJJYstjC1rKUslrTHONc45rjXvPhBCMEYxRlJKMkZSSlNKU050U
nNOc05zTpRSlFKUUpRSlVa2WrVWtlrWWrZatlq2XrZatlrWWtZa1lrWWtZa11rWW
tZatlq2WrZatlq2WrZatlq2WrZatlq2WpZatlq1VrVatVq1WrValVqUVpVWdFaUV
pRWlFaUVlNKU0p0TnRSdFJTTjJKMkoyShFGEkoyRhJKEUXwQdA98UHxQdA9rznQP
c89rzmNNa45rjmOOUwxTDFtNUwxKy0qKUwtSzFLLQkk6CUIIQghCCEIHKYYphjHH
QcdBx0IHOcZCB0pIUklCB0oIWopailKJSklKSVrLYwtay1KKc41zjnOOa017z4QQ
hFCMUYyRjJKMkpTSnNOc1JzTnNOc050UpRSlE5zTrVWtVq2WrZatlq2WrZatlq2W
rZatlrWWtZa1lrWWtZa1lrWWtZe1lq2XrZatlq2WrZatlq2WrValVq1WrVatVq1W
rVatVq1WpValVp0SlJCUkKVVpRSlFJSLjEqUjKUQlFBrTYxRjJGMkoRRhFGEkYyR
hFF8UHQPfFB8UHQPa850D3PPa85jTWOOa45jjlMMUwtbTFtMUspKilsMUstSy0JJ
QghCCEIIQghByClGMYYxx0HHScdKBznGQgdSiVKJSghKCFqKWopSSUpISklbC2ML
WstSiWtNc45zzmtNe8+EEIQQjFGMUZSRlJGUkpzTpNSk06TTnNOlFKUUpRSc061V
tZatlq2WrZatlq2WrZa1lrWWtZa1l7WXtZa1lrWWtZa1lrWWtZatl7WWtZa1lrWW
rZatlq2WrZatlq1WrValVa1WrVatVqVWpValEoyQjE+dFJ1UnRSMTYxMnI6s0IwP
QceMEIyRjJGEUYRRhFGEkYSRfFB0D3xQfBBz0GuOc89zz2uPY01jjmOOY45TC1ML
W0xbTErKSopbDFsLUspCSUIIQghCCEIIQccpRjGGMcZBx0IIQgc5xkIHUklSSUoI
QghSylKKUolKSEpIWstjC1rKUolrTHOOc45rTXvOhBCMUYxRlFGUkZSSlNKc06TU
nNOc05zTnRSlFJ0UnNOtVa2WtZa1lrWWrZWtlq2WrZatlq2WtZatlq2WrZatlrWW
tZa1lrWWrZetlq2WrZatlq2WrZatlqWWrZatlq1VrVatVq1WrVWlVqVWpVSMkIxQ
nROlVKUUnNOUkpzTrNOMD0nHg4+MUYxRhFGMkYyRjJGEUXxQdA98UHxQdA9rznQP
c89rjmNNY41jjmNNUwxSy1tMW0xSykrKUwxTDErLOkk6SDoIOgg6CDnHKUUphjHH
QYdCCEoIOYZBx1JKUolKSEoHWopailKKSkhKSGMKYwtay1KKa01zjnOOa057z4QQ
hBCMUYxRlJKUkpSSnNOc05zTnNOc050UpRSc05SSrVWtVbWWrVWcUZxRnFCcUJwP
pFCUUL2VpJKkkaSSrVWtlrWWtZa1lrWXtZe1lrWWtZa1lq2WrZatlq2WrZatVqVV
rVatVq1WpValVqVVnRSdFKUVpRWlFZ0VnRWdFZ0VlNOEEIQQjFCMkYxRhJKMkYyS
hFF8UHQPfFB8UHQPa85zz3PPa89jTWOOY45jjlMMUsxbTVsMSstCilMMUstKykJJ
QghCCEIIQgg6CClFMYY5h0HHSghKCEHHScdSSVqJSkhKCFKKWspSikpJSklizGsM
YwtaimtMc41zzmuNe8+EEIQRjFGMUpSSlJKUkpzTnNOc050UnROlFKUUnNOUkq1W
tZa1lpSSxZakUZwPnA+TzqxQk8/Fl5xRlJK1lrWXtZe1l7WXtZe1V7WXrZetlq2W
rZatlq2XrZetlq2WrValVq1WrVatVaVWpValVqUVpVWlVaUVpRWlFZ0UnRWdFZUV
nRSEUYQRjFKEUYSSjJKMkoRRfFB0D3xQfFB0D2uOc89zz3POY01jjmOOY05TDFMM
W01bTVLLQopTDFLLSspCSToIOgg6CDoIOgcpRSmGMcdBxkoHSghBx0HHUolSiUpI
SgdailrKWopSSVJJYstjDGLLUolrTXONc85zjnvPhBCEUYxRjFKUkpSSlJKc0qUT
pROlE5zTpRSlFJzTnNOtVrWWtZalFJRRpNSk1KTUnJKk06STpNOckqTTtZW1lrWW
tZe1lrWWtZa1lrWXrZatlq2WrZatlq2WrZatlq2WrVatVq1WrVatVq1WpValVaVV
pVWdVaUVnRWdFZ0VnNWUkpSSjFCEUIxRhFGMUYxRjFGMUYRQfA98UHwQdA9rjnPP
c89rzltNY45jjmOOUwxSy1tMW0xSykqKUwxTC0qKQkg6CDoIOgg6CDnIKUUxhjHG
QcdKCEoIQcdBx1JJWopSSUoIWspaylrJUolSSGMKawtjC1rKa01zjnvPc457z4QQ
hBGMUZSSlJKUkpSSnNOc05zTpRSlFKUUpRSc05ySrVatlrWWrVWc05zTpRSk1K0V
rRWlFKTTrRStFKUUtZa1lrWWtZe1lrWXtZe1l61XrZetl62WrZatlq2WrZatlq1W
pVWtVq1WrVatVqVWpRalVaVVpVWlFaUVpRWdFZ0VWgdJhXrKhBCEEIRRhFGMkYyR
jFGEUHwPfBB8EHQPY41zz3PPc89bTWONY45jTVMMUstbDVsMUstCilMMSwxKykJJ
Qgg6CToIOgg6BylFMUUxhkHHSghKCEHIQghSilrKUolKSFrKYstaylKJSkhjC2sM
YwtaymuNc857znOOe8+MEIxRjFGMkpSSlJKUkpzTnNOlFKUUnNOlFKUUnNOc061W
tZa1lq1VpVWtVa1VrVW1l7WXrVa1VrWWrVatlrWWtZe1l7WXtZe1l7WWtZe1VrWW
tZa1l7WWrZatlq2WrZatlqWWrVatVq1WrVatVqVWpVWlVaVVpRSdFZ0VnRWdFWII
UYZ6y3vQc8+EUYyRjJGMkYRRhFB8D3wQfBB7z2uOc89z0GvPY01jTWuOY01TC0rL
W01bTErLQopSy1LLSoo6SDoIOgg6CDoIOgcpRSlGMYdBx0pJSklCCEIIUopay1KJ
SkhaylrLWstSikpJYwtjTGMMWspzjXPOe89zjnvPhBCMUYxRjFGUkpSSlJKc05zU
pRSlFJzTpRSlFJzTnNOtlq2WrZatlrWWtZe1l7WXtZe1l7WXtZe1l7WXtZe1l7WX
tZe1l7WXtZe1lrWWtZa1l7WXtZetl62XrZatlq2WrZatlq1VrVatVq1WrValVZ0U
nROlVJTTlNOdFJ0UnRRrDVqLc01bTWOOfFGEkYyRjJGMUYRQfA98EHwQdA9jjnPP
c89rj1tNY41jjWONWwtKyltMW0xSykKJUstSy0qKQkg6CDoIOgg6CDoIKUUpRTGG
QgdKSEpJSkhCB1KKWspSykpIWspbC1sLWspSiWsMa01jDVrLa017znvPc8+ED4RQ
jFGMUZSRlJKUkpSSnNOk1KUUnROdE6UTnROc05zSrVatl7WWtZa1lrWXtZe1l7WX
tZe1l7WXtZe1l7WXtZe1l7WXtZe1l7WXtZe1lrWWtZa1VrWWtZa1lq2WrZatlq2W
rValVa1WrVatVq1WpM+UTZSNnY10S2OJfEydFZUUlNSNFHxSUw1bTYQQhFGEUYSR
hFF8UHQPfA98EHQQa45zz3PPa49bTGONY41jjVMLSspTTVNNSstCilLMUstKikII
Ogc6BzoHOgg5xylFKYUxhkIIUklSSlJJSghay1rLWspSimMLY0tjC1rKUoprTGtN
a01jDGuNe897z3vPhBCMUYyRlJKUkpSSlJKUkpzTnNOlFKUUpRSlFJzTnNOU0q1W
rZatlrWWtZa1lrWWtZa1l7WXtZa1lr2XtZa1lrWWtZe1l62XtZe1l7WXtZe1l7WX
tVe1l62XrZatlq2WrZatlq2WrVatVq1WrVatVqTRlE+UjaWNbApbiGyLjVV0EWPP
dJFkkVNMW018EIRRhFGMUYRRhFB0D3wQfBB0D2uOc89zz2vOY0xjjWONW41TC0rL
W01bDErLSopSy1LLSoo6CDnHOgc6BzoHOgcpRSmFMYZKSVKKUopKilKJWstjC2ML
UspjDGMMY0xjC1rLa01zTXONa0xzznvPhBCED4QQjFGMUZSRlJKUkpSSlJKc05zT
pRSlFKUUpRSc05zTlNOtlrWWtZa1lq1WrVatlrWWtZe1Vq1WtZe1l7WXpRWtlrWX
tZetVq1WpVWdFK2WtZe1l7WXtZa1l7WXtZa1lq2WrZatlq1WpVWtVq1WrVWlE5SR
lM+dT3RNY8t8jo1UbFBbzmRRXNJLTFsMc8+EUYxRjFGEUXxQc898EHwQfA9jjnPP
c89rj1tMY41jjWONUwtKylNMWwxKykKKUwtSy0qKQgg5xznHOcc5yDnHKQQpRTGG
SklailrKWspaimLLawxjDFrLYwxrTWtNYwxjDHONc45zjmtNc4+EEIQQhBCEEIxR
jFGUkZSSlNKUkpSSnNOc06UUpRSlFJzTnNOc05zTrVa1l7WXtZeMUFrKnNK1lrWX
lJJzj7XXtZadFEJJhBCtFK0TYspaSUGGYom1l7WXtZe1l7WXtZe1l62WrZatlq2W
rVatVa1WrVatVq1VrVWlFJzTnRGlEZTQjNCU0XRRY89sUXTTSwxKymvPhFGEUYRR
hFGEEXPPfBB8EHwQa45zz3PPa45bTFtNY41bTVMLSspbTFsMSstCSkrLSstKijoI
Mcc5xznHOcc5xylFKUUxhlKKWspiy2LLWopjDGtMa01jDGtNc41zjXNMa0xzjXPO
e89zjnvPhBCEEIQQhBCMUYyRlJKckpzTnNOc05zTnNOlFKUUpRSc05zTnNOc061X
tZe1l7WXlJNCCJTTnNO1llrMnNS1l7WXfBE5x5ySUomc05TTa018EHwQrZa1lrWW
tZa1lrWWtZa1lrWWrZatlq2WrZatVq1WrVatVq1VpM+UjpyMtUycy4xLlIyVE5TT
jJOM02NNW0x0D4RQhFGEUYRRfBFzz3QQfBB8EGuOa89zz2uPW0xbTWONY01TC0rK
WwxbC1LKQklKy0rLQoo6CDHHOcc5xznHOccpBSlFMYZaimLLYwxjDFrMYwxrTWtN
a0xrTXONc45rTmtNc857znwPc458EIQQjFGMUYxRlJKUkpSSnNKc0pzTnNOc05zT
pRSc05zTnNOc05SSnNO1lrWXtZetVmtNMYVaynuOtVUxRkpItZa1lpSSa01zjpSS
tZa9l0pJtZalFLWXtZe1l7WXtZe1VrWWtZa1lq2WrZatlq2WrVatVq1WrRWtVaUQ
nE6cTaTIpMmUDJRNrNCkjzGGSkljTWuNc898EIRRhFGEUYRQc898EHwQfBBrjmvO
a89rjltMY01jTWNNUstKylsMWwxSy0KJUstKykKJOggxxzHHOcc5xznHIUUpRTGG
WstjDGMMa01jDGtNc41zjXNNc45zjnPPc89zjnvPhBCEEHvPhBCMUYxRjFGMUYxR
lJKc05zTnNOc05zTpRSlFKUUpRSc05zTnNOUkpzTtZa1l7WWe89CCYQROcdSinvP
e89KCK1UlFBrC2tLQcd7j7WWvddKipzTrZa117WXtZe1l7WXtZe1lrVWtZatlq2W
rZatlq1WrVWtFKUTpROlEpRPnI2US4wLhA2MTaURg8xBhUGFa0xrTXPPhBCEUYRR
hFGEUXPPfBB8EHwQa41zznPPc85bTGNNY45jTVMMSspbC1sMUspCiVLKSspCiToI
MccxxznHOcc5hyFFKUUxhmMMY01rjXOOa01rTXvPe89zjnuPe897z3vPc457z4QQ
hBCEEIQQjFGMUYxRjFGUkpSSlJOc05zTnNOUk5zTnNOlFKUUpNOc05zTlJKc07WW
tZa1loQRWsuMUWsMrVVizL2WUolSSZyTtVVjDFLKY0ytlbWWlNNKi62WtZe1l7WX
tZe1l7WXtZe1l7WWtZatlq2WrVatVa1VpRSc05zTpRWlFKUUnRN8DnwOc8+dE3uP
OYY5RWMLa458D4RQhFGEUYRRfBFzz3PPfBB8EGuNc85zz2vOW0xjTGNNY01SzEqK
UwtbC1LKQolKykrKQok6CDHHMgcxxzHHMcYhRSlFMYZrTWtNc45zjnOOe897z4QQ
e897z3vPhBCEEIQQhBCEEIxQjFCMUYxRlJKUkpSSlJKUkpzTnNOc05zTnNOc05zT
pRSlFKUUnNOc05zTnNO1lrXWtZa1l7WXpVatl7XXrZe1l61WrVa117WXtZatVrWX
tde1l7WWtZa1l7WXtZe1l7WXtZe1l7WXtZe1lrWWtZatlq1WrVatVqUUnNOc060S
rROUjZRMlEyMD4QPnJGDjkGFQUViynPPfBCEEYRRhFGEUXxQc890D3wQc89jjWvO
a85rzlsMW01jTWNNUwtKilsMWwxSy0KJSspKikJJOggxxzHHMgcxxzHHIUQhRSmG
c457jnvOe897z3vPhBCEEHvPhBCEEIQQhFCEEIQQhFGMUYRRjFGUkpSSlJKUkpyS
nJKc05zTnROc05zTnNOc06UUpRSlFJzTnNOc05zTtZa1l7WWtZa1l7WXtZe1l7WX
tZe1l7WXtZe1l7WXtZe1mLWXtZe1l7WXtZe1l61XtZe1l7WWtZa1lrWWtZa1lrWW
rVWtVa1VrVWtVaUUpRWtVa1VjI2MTZQMlA6UD5POi41JhUFEYsl7z4QQhFGEUYRR
hFF8UHPPc898EHwPa41rzmvOa85bTFtMY01jTVMMSopTDFMLSspCSVKKSopCSTnH
MccxxzHHMccxxyFFKUUphnvPe8+Dz4QQg8+EEIQQhBCEEIQQhBCMUYxRjFCMUYxR
jJKMkYySlJKUkpSSlJKc05zTnNOc05zTnNOc05zTnNOlFKUUpRSc05zTnNOc07WW
tZa1lrWWtZa1lrWWtZa1lrWWjFGtlbWVhBC1l7WXtZe1l72XvZe1l7WXtZdrTqTT
rVSUkYxQpRO1lrWWtZa1lq1UpROlE61WrZatVq1WrValVZSOjE2cz6UTnNKUUIvO
WkdBhWKJc8+EEIRQhFGEUYQRhBBzz3vPfBBz0GuNa85rzmvOW0xjTGNNY01TC0qK
UwtbC1LKQklKikqKSkk6BzHHMccxxznHMcchBClFKYaEEIQQhBCMUYQQhBCEEIxR
jFGMUYxRlJKUkpSSlJKUkpSSlJKUkpTSlJKc05zTnNOc05zTnNOlFKUUpRSlFKUU
pRSlFJzTlJKc0pzSnNO1l72XtZeUklpJUghSB0nHasu9VFqLe9Ck1HvPtde1lpzT
tZe1l7WXtZe1l3vPOcitVZzTSklKSZSStZa1lrWWtZatVaUUpRStVa2WrVatVa1V
rVWlFJ0UnRWlVaUVnRSUEHsMaopzC3vPhBCEEYRRhFGEUXxQc89zz3wQc9BjjWuO
a85jjlsMW0xjTWNNUstKilMLUwxKykKJSotKikJKOcgxxzHHMccxxzHHIQQpRSmG
hBCEEIQQjFGMUYxRjFGUkoySjJKMkoySlJKUkpSSlJKUkpSSlJKc05zTnNOc05zT
nNOc1KUUpRSlFKUUpRSlFKUUpRSlE5zSnNKc0pzTtZa1lrWXpRWMk3OPc49SinOO
g8+MELVWtZZzz7WWtZU6BpzSe821lbWVc44hBKUUtZac1EIJUoqMkpzUrVa1lrWW
rValFKUUrVStE5zTnNOlFKVUpVSlEpzRnNGlEZzQlA6LjIONg017j3wQhFGEUYRR
hFF8UHPOdA98EHPPY41rjmvPa45bDFtMY0xbTFMLQopTC1sLSspCSUqKSopCSTIH
McYxxzHHMccpxyFEIUUpRYxRjBGMUZSSjJKMUYyRlJKUkpSSlJKc05zTlNKU0pSS
nNOc05ySnNOc06UUnNOc05zTnNOlFKUUpRSc05zTpRStVaUUnNOUkpzSnNKlE7WW
tZa1l7WXtZdzjlrLQge9lZzTYwy114xSOce1VWLMKQRKCEnItVVaSUpJKUW1lrWW
lJNKSlrKjFA5x6VUtZa1lrVWrVatVq1WpRSUUZSQpROtVK1TnIyUS6SLtQ2cS5uO
i02LTINNc898EIRRhFGEUYRQfFBzznPPfA9zz2uNa45zj2uOWwxbDWNNW01TDEKK
UwxTC0rKOkhKikqKQkk5yDGHMYYxxzHHMcYhRCFFKYWMkYxRjFGUkoySjFGMkZTT
lNOMkpSSnNOc05zTlNOU0pUTnNOc05zTnNOc05zTnNOc05zTpRSlFKUUnNOc06UU
pRSlFKUUlJKc0pzSpRO1lrWWtZe1l7WXUouMEaTUvZe1l7WXlNMxx50TtZeck1KL
hBGMUrWXlJO1lymHtZa9lmMMc45iyzFFa021lrWWtZatla2WrVWtVqUUlI+Uj6UR
rVKtUqTMlEucjLUNpE2bzYuMi0yDTHONfBCEUIRQhFGEUXwQc897z3vPe89rTWuO
a49rjlsMWwxjTWMNUstCiVMLUwtKijpIQolKikJJOggxhjGHMYcxhjGGIQQhBClF
lJKMUYxRlJKUkoxRjJKU05TTjNKUkpzTnNOc05zTnNOc05zTnNOc05zTnNOc05zT
nNOc06UUpRSlFKUUpRSlFK1VpRSc05SSnNOc05zTtZa1lrWWtZak1DnHtZa9173X
tZZ7zznHlJK1l73XvZd7j4xRvZe9l72XvdcxhrVWrRVKSa1Vc45iy7WWtZa1lrWW
tZa1lq2WrVatVZzSnNKlFKVUrVSc0JSOnI+tEKSRlA+LjYtMi0xzzXwPhFCEUIRQ
hFB8EHPPc890EHPPY05rjnPPa45bDFtMW0xbTFLLQolSy1LLSoo6SUqJSopCSTHH
MYYxhjGHMYcxhyEFIQUpRoySjFGMUZSSlJKMkYySlNOU05TSlJKc05zTnNOc05zT
nNOc05zTnNOc05zTnNOc05zTnNOlFKUUpRSc06UUpRStVaUUnNOUkpSSnNOlFLWW
tZa1lrWWUoqMEb2Wvde915zTSomlFLXXtde9173XnJKMUb2XvZe9173XYwy1lrWW
rZa1l61WrVa1l7WXtZe1l7WWtZatlq1WrValVaVVpVWlVaVVpRWlFaUVpRSlFJSS
i42LTYNMc458D3xQhFCEUYRQfBBzz3PPfBBzz2ONa41rzmuNWwxbDGNNW0xTC0KJ
UwtTC0qKQklKikqKQkk6CDGGMYYxhzGHMYYhBCFEKUWMUYxRjFGUkpSSjJKMkpTT
lNOUkpSSnNOc05TTlNOU05zTnNOc05zTnNOc05zTpRSc05zTpRSlFKUUnNOlFKUU
pRSlFJzTlJKUkpzTpRS1lrWWtZe1l62Wtde117XXtde117WWvZe9l72Xvde9173X
vZe9173Xvde9l7WXtZe1l7WWtZe1l7WXtZe1l7WXtZe1lrWWtZatVq1Vg86LzqSR
pVWlVaVVpRSUkZRQrJGkUJNNi02LTXOOe898EIQQhFCEUIRQc85zz3QPc89jTWOO
a85rjVtMWwxjTVtMUstCSVLLUstKijpIQolKikJJOggxhjGGMYYxhjGGIQQpBClF
lJKMUYxSlJKUkoxSjFGUkpTTlNKUkpzTnNOc05zTnNOc05zTnNOc05zTnNOc06UU
nNOc06UUpRSlFJzTpRSlFKUUpRSc05SSnNOc06UUtZa1lrWXtZe1l7WXtZe9l72X
vZe9l7WXtZe1l72XvZe9l7WXtZe1l7WXvZe9l72XtZe1l7WXtZe1l7WXtZetl7WX
tZa1lrWWrVatVopHccWbCaUUpROlE6UTjE6MTqyQrE+TTItLi0tzjXvPfBCEEIQQ
hBB8EHPPc8970HPPY01rjWuOa41bC1sMY0xbTFLLQklSylLLSopCSUpJSkpCSTnI
MYYxhjGHMYYxhiEEKQQpRZSSjJKMkpTSlNKMkoySlNOU05TSlJKc050TnNOc0pTT
nNOdE5zTnNOc06TTnNOlFJzTnNOlFKUUpRSc06UUpRSlFKUUnNOUkpSSlJKlFLWW
tZa1l61WpVWtlqVUrZatVbWVpRSlFK1VnNOtVZzTrVWU061VnJO1lrXXtde117WX
tZe1l7WXtZe1l7VXtZe1lrWWtZa1Va1WrVVySGoHo82tEqTSpNGtEpRNjEykjqzP
ggZ5hXmFc0xzz3wQhFGEUIQQfA9zj3PPfA90D2ONY41rzmONWwxbDFtNW01Sy0KK
SstSy0qKQklCSUpJQkkxxymGKYYxhjGGMYYhBCkEKUWUkYxRjFGUkpSSjJKMkpzT
nNOUkpSSlNOc05zTlJKc05zTnNOc05zTnNOc05zTpRSc05zTpRSlFKUUpRSlFKUU
pRSlFJzTlJKckpzTpRS1lrWWtZeVFGvPlNSEUaVVlNSlloRShFKU04yTrZeU06VW
c9CdFYxSpRS9l73XvZe9l7WXtZe1l7WXtZa1lrVWtZa1lrWWrZatVq1VlA9zTKSR
rRKk0aTRpNGUT5RRpM+kz4lDgQKAwntLe86EEIRQhFCEEHwQc49zz3wPc85jTWON
a45jjVMMUwxbTFtMUspCSVLKUstKi0JIQklKSkJJMcgphimGMYYxhjGGIQQhBClF
lJKMUYxRlJKUkpSSjJKU05zTlNKMkpTTnNOc05zSnNOc050UnNOc05zTnNOc06UU
nNOc06UUpRSlFKUUpRSlFKUUpRSc05SSlJKUkqUUtZe1l7WXnVV8EKVWhJKlVYyS
nRSU1JUTlRSM062WnRS11pzUrZac1K1VvZe9l72XtZe1l7WXtZe1l7WWtZa1lq2W
tZa1lrVWrVatVqUVpRWlFaUUnNKk0YsJeoebjLRPq82JRIECgUNzjXuPfBCEEIQQ
fBB7z3POc858D3POa41rjWuOY41bC1sLW0xbTFLLQklKy1LLSoo6SUJJQko6CTHH
KYYphjGGMYYxhiEEIQQpRZSRjJGMUZSSlJKMkoyRlNKU05TSlJKc05zTnNOckpzT
nNOc05zTnNOc06UUnNOlFKUUnNOlFKUUpRSlFJzTpRSlFKUUnNOUkZSSnNOlFLWW
tZa1l61WrZatlq2WrZatlrWXtZe1l7WWrZa1lq2WtZatlq2WrZatlrWWrVWtVaVV
rVWlVK1WnRS1lrWWtZa1lrWWtZa1lq1WpVWEkoRSlRSlVaUVpRWKR3GEkkjEDbvM
iYR5A4mEc85zznwPfBCEEHwQe89rznPOdA9zz2uNY01rjmONWwtTC1tMWwxSy0JJ
UotSy0qKQglCSUpKOgkxyCmGKYYphjGGMYYhBCkEKUWUkpSSjJGUkpSSjJKMkZTS
lNOU0pSSnNOc05zTnNKc05zTnNOc05zTnNOlFJzTpRSc05zTpRSlFKUUpRSlFJzT
pRSlFJzTlFGUkpTSpRS1lrWWtZaU03xQjNN8EJ0UjJKdE61VpRSM0nxQjJJzz4yS
hFKc1KUVnNOlFKVUlNOVFJTThFGU05SSrVa1l7WXrZa1lrWWrZatlqVVdBBrz4yT
pValVaUUckdpxptMvFCrzoGFcQN5A3uMc857z4QQfBCEEHvQa45rznQPa85jjWNN
a45jTVsLUwtbC1sMUstCSUqKSstKijoIQklCSTpIMccphimGMYYxhjGGIQQhBClF
lJKUkYxRlJKUkpSSjJKU0pzTlNOUkpzSnNOc05ySnJKc05zTnNOc05zTnNOc06UU
nNOc06UUpRSlFKUUpRSlFKUUpRSc05RRlJGc0qUUtZa1lrWXhJJjz4TTa8+VFHwR
lNSU050UhJJ0EYSTdBCEkoyTnRStlp0UrZadFKVWnRSdFJ0UnRWc1K1WtZetlrWW
tZa1lrWWrValVXQQa8+E0qUUnNOc06TSe8+UUqTTnJGJhnkEeQR6SXOPe8+EEHwQ
fBBz0GuOa850D2vOY41jTWuOY05Sy1LLWwxbDFLLQklSi1LLSoo6SEJIQkk6CDHH
KUUpRSmGKYYxhiEEIQQpRZSSjFGMUZSSlJKUkoyRlJKU05TSlJKc05zTnNOckpzT
nNOlFJzTnNOc05zTnNOlFJzTnNOlFKUUpRSlFKUUnNOlFKUUnNOMUZSSnNOlFLWW
tZa1l50VjNSlVpTUpVatlrXXrZalVa2XpValV61XrVe1l7WXtZe1l72XtZa1l7WX
tZe1V62XtZe1l62WtZa1lrWWtZa1Vq1WpVaMk4RSlNOcjZRMnM2lFKUUnNSUkoyR
eUV5RYnHckdzjnvOhBCEEHwQfBBzzmvOdA9rzmONY01rjmONUwtSy1sMWwxSy0JJ
SspSy0qJOghCSUJJOggxxyFFKYYphimGKYYZBCEEKUWUkpSSjFGUkpySlJKUUZSS
nNOUkpSSlJKc05zTnNKc05zTpRSc05zTnNOc05zTpRSc05zTpRSlFKUUpRSc05zT
pRSlFJzTjFGUkpzTpRS1lrWWtZe1lrWXtZe1l73Xvde9173Xvde9173Xvdi9173X
vde9173Xvde9172XvZe9l7WXtZe1l7WXtZa1lq1WtZa1lrWWtVatVq1WpVWtVa1V
pIucS6SLpRKlEnxPW0dbh1oEgkajTGoKc457z4QQfBB8EHwPc45rjnPPa49jTWNN
a45jTVLLUstbC1sLSss6SUqKUspKijoIQklCSToIMYcpRimGKYYphimGGQQhBCFF
lJKMkoxRlJKU0pSSjJKUkpzTlNKUkpySnNOc05SSnNOc06UUnNOc05zTnNOc06UU
nNOc05zTpRSlFKUUpRSlFKUUpRSlFJSSlJKckq0UtZa1lrWWtZe1l7WXvZe9l73X
vde9173Xvde9173Xvde9173Xvde9173Xvde9l72XtZe1l7WXtZe1lrWWtZatlrWW
tZa1la1VlM+EToyQrVKtUqTQlE6UTp0QnRBsTEtHS0dKhYKIs89SimuOc898D3wQ
fBB8D2vOa45zznPOY0xjTWuOa41TC1LLUwxTDErLQklKi0rKSoo6CDoIQkk6CDHH
KYYpRjFGMYYphhkEIQQpRZSSjJKMUZSSlNKUkoxRlJKc0pSSlJKc0pzTnNOUkpzT
nNOlFJzTnNOc05zTnNOc05zTnNOlFKUUpRSlFJzTnNOlFKUUpRSUkpSSlJKlFLWW
tZa1l7WXtZe1l72XvZe9173Xvde9173Xvde9173Xvde9173Xvde9172Xvde9lrWW
tZe1l7WXtZe1lrWWrZa1lrWWtZatVXxKY8h8S6VVrVWlFJzTnRSU03RRW4pTR1OI
UsZ6yLRQYwtrjXPPfA98EHwQc89zjnOOe89zz2NNY01jjmNNUsxSy1LLUwtKykJJ
SopKikpJOgg6CEJJOggxxylGKUYxRjFFKUUYwyEEKUWUkoySjFGUkpzTlJKMUZSS
nNKUkpSSlJKc05zTnNKc0pTTnRSc05zTnNOlFKUUpRSc05zTnNOlFKUUpRSlFKUU
pRSlFJzTlFGUkZySrRS1lrWXtZe1l72XvZe9l73Xvde9173Xvde9173Xvde9173X
vde9173Xvde9172XtZe1l7WXtZe1lrWWtZa1lq2WtZa1lrWWtZZ8S2PIdEqlFK1V
rRWlFaUVjNRjj1tOfFCEj1rJgomrzlKKa41zznvPfBB8EHPPa45rjnPPc89jTWNN
a41jTVLLUstbDFsMUstCSUqKSspCijoIOgg6CToIMYcpRilGMUYpRilGGMMhBClF
lJKMkoxRlJKU05SSjJGUkpzTlJKUkpSSnNOc05SSlJKc06UUnNOc05zTnNOc05zT
nNOc05zTpRSlFKUUnNOc05zTpRSc04xRlJGUkqUUtZa1l7WXtZe1l7WXtZe1l7WX
vZe1lrWXvZe9l73Xvde9173Xvde9172XvZe9l7WXtZe1l7WXtZe1l7WXrZe1lrWW
tZa1Va1WjI98TIRLlMydDa0VrRWlFZTUa49jj4SSnNNayFKHe4x7z3OOc857z3vP
e89zz2uOa45zz2vOY0xjTGONY01Sy1LLUstTC0rKOkhCiUqKQko6CDoIQgk6CDHH
KUUpRSlFKUUpRRjEGQQhBZSSjJGMUZSSlNOUkoxRlJKU05SSlJKc05zTnNOckpTS
lNOdFJzTnNOU05zTnNOlFJzTnNOlFKUUpRSlFJzTnNOc06UUnNOUUZRRlJKtFLWW
tZa1lq1UrRStVK1VrVS1lZzSnNKtVLWVvZW1lr3Xvde9173XvZe9172XvZe9l7WX
tZe1l7WXtZe1lq2WtZa1lrWWtZatVq1WrVWcjJyMpM2tFKUUnRSU03QQc8+MkJSQ
YwhayJSOlJJrjnOOc89zz3PPc89rjmuOc89rjmNNYwxjTWNMUstSy1MLUwtKyjpI
SopKikJJOgg6CEJJOggxxylGKUYpRSlFKUUYwxjEIQSUkoySjFGUkpTTlJKMUZSS
nNOU05SSlNOc05zTlJKUkpSSnRSc05zTnNOk06UUpRSc05zTpRSlFKUUpRSc05zT
nNOlFJzTlFKUUZSSrRS1lrWWtZZ70HOOa02UUKTSlFBzjXuNe42UUa0TlJK1l7WX
vde9173XvZe9l7WXtZe1l7WXtZa1l7WWtZa1lrWWtZa1lrVWrVatVq0VnI2cTbSN
tM1zB2qJnEu1DpxLlAqcCHMDaoaUjpSSc45zjnvPfA97z3POa41rjXPOa85jTWNM
Y01jTFLLUstSy1LLSos6CEqKSopCSToIOghCCToIMYcpRSlFKUUpRSlFGMMYwyEE
lJKUkoxRlJKc05SSjFGUkpzTlNKUkpySnNOc05SSlJKc0pzTnNOc05zTnNOlFJzT
nNOc06UUpRSlFKUUnNOc05zTnNOc04xRjFGUkq1UtZa1lrWWpRWlFaUVrRW1l61W
rZetl62WrVa1l7WXtZe1l7WXtZe1l7WXtZe9l7WXtZe1l7WWtZa1lrVWtZa1lrWW
rVWtVa1VrVWtVKUTpNKlEqURYgdZxpvKtM2ci5QJnAqDSHLLlJKUknONc45zznPP
c89zz2uOY45zzmuOY01bDGNNY0xSy0qKUstSy0qKOglCSUqKQkk5yDoIOgg5xzGG
KUUpRSlFKUUpRRjDGMMhBJSSlJKMUZSSlJKUkoxRjJKc05TTlJKUkpzTnNOUkpzT
lJKc05zTnNOc05zTnNOc05zTnNOc06UUpRSlFKUUnNOc05zTnNOUUpRRlJKtFLWW
tZa1lq1WrVWlFLVVnNOtFKUTnNO1lqUUpRSEEK1UjA+MEKUTtZe1l7WXtZe1l7WX
tZe1l7WXtZatlrWWtZa1lq1TnNCsy7ULpIucjKTNtQ+tDnIHacabirUOpEyUC5QL
g4tzC5STlJNrjmuOc85zznPPc89rjmuOc85rjlsNWwxjTVsNUstKylLLUstKijoI
QklKikJJOcc6CDoIOccxhikFKUUpRSlFKUUYwyDEIQSUkpSSjFGMkZSSlJKMUZSS
nNOU05SSlJKc05zTnNOc05SSnNOc05zTnNOc05zTnNOc05zTpRSlFKUUpRSc05zT
lJKlFJzTlJGUUZSRrVS1lrWXtZeMEYwRe46ckmsMjA+MEIPPtVaUkoxRYwylFHuO
e4+c061VrVW1lrWWtZe1l7WXtZe1l7WWtZa1lrWWtZatEpyNrIe8yayHpEikiKyK
rIyLjYOOlFClEpTSlJGckXuOa0yckpSSc45rjXOOc85zz3PPa45rjXOOa45jTWMM
Y01jDFLLUspSylLLSoo6CEJJSkpCSTHIOgg6CDoIMYcpBSlFKUUpRSlFIMMYwyEE
lJKMkoxRjJKU05SSjFGUkpzTnNOUkpSSnNOc05SSnNOUkpzTnNOUkpzTnNOc05zT
nNOc05zTpRSlFKUUnNOc05SSpRSc05RRjFCUkq1UtZa1lrWXpRWlFZzVrValFK1V
tVa1lrWWrZWtlq1VtVW1VrWXtZec1KUVtZe1l7WXtZe1lrWWtZatlrWWtZa1lrWV
rRKcjqyItQqkiKSHpIakR6SLpNSlFKUUnM6MTZSOpJBrCmtNhBB8EGuNa01rjnPO
c89zzmtNa01rjmtNWwxbDFtNW0xSy1KKUstSy1KKOghCSUpKQkkyBznIOgg6BzGG
IUUpRSlFKUYpRRjDGMMhBJSSjJKMUYySlJOUkoxRjJGU05TTlJKUkpTTnNOc05zT
lJKc05zTlJKc05zTnNOc05zTnNOc06UUpRSlFJzTnNOUkpzTnNOUkYxRlJKtVbWX
tZe1l5RSjBGMEJyRg85zja0TtZRrTHuOlFB7TYwRjFK1l7WXtZe1l7WXtZe1l7WW
tZa1lq2WtZa1lrWWtZa1Vq0TpM+szq0OpImkiJxIpEicioxPjFCc0pyMlAuMC5zT
jFGMkoySjJJzjmuNc45zjnOOc45rTWtNa45rjVsMWwxjTVsNUstKi1LLUstKijoI
QklKSkJJOcc5xzoIOccxhilFKUUpRSlFKUUYxBjEIQSUkpSSjFGUkpSSlJKMUYxR
lJKUkpSSlJKckpzTnJKUkpSSnNOc05zTnNOc06UUnNOc05zTnNOlFKUUpRSlFJzT
nNOlFJzTlJGMUZSSrVW1lrWWtZaMUYQRe9Ck1IxRjFGlFL3XlJKlFK1VpRSlFKUU
tZe1l7WWtZa1lrWWtZa1lrWXtVa1lrWXtZa1VrVVrVWtVa1WrValVqUUpROczpyN
pI1RwjkAi8WcR5RHlEikzYxOhBCMkZSSe89rTWtNc45zjnOOa01jTWuOY05bDFsM
Y01bDFLLSotSy1LLSos6CEJJQopCSTnIOchCCDnHKYYhRSEFKUUpRSlFGMQYwyEE
lJKUkoxRjFGUkpSSlFGUUZzTlNOUkpSSnJKc05ySlJKUkpzTnNOUkpzTnNOlFJzT
nNOc05zTpRSlFKUUpRSc05zTpNOc05RSjBGUkq1VtZa1lrWXtZa1l7WXtZe1l7WW
tZa1lrWWtZatlrXWtZa1l7WXtZe1l7WWtZa1lrWWtZa1lq2WtZa1lrWWtRKckJyQ
rRWtVq1VrVWtVa1VpRWlFZyUWYVRQ4tJnEyUjJRMpM6MTHvNfA6MkXvPa01rTXOO
c45zjmNNY01rTmNNWwxTDFtMWwxKykqJUspSykqKOghCSUJKQkg5xznHQcg5xzGG
IQUhRSlFKUUpRRjEGMMhBIySjJKMUYxRlJKUkpRRjFGUkpSSlJKUkpzTnNOc05zT
lJKc05zTlJKc05zTpRSc05zTlJKc06UUpRSlFKUUnNOUkpzTnNKMUYxQlJKtVbWW
tZa1lpzTlJGUka1UhA+EEK1UnNOckpzTjBC1lbWWtZa1lr2XtZe1l7WXtZe1l62W
tZa1lK0TrRC9Ua0PnI+cj61SrVOlE61TrVGc0ZzQpNCs0WIGUYV6yZRPnNOc05zT
jAyDy4QLlJJ8EGNOa41rjnPOa45jTWNNY45jTVsMUwxbTVsMSspKilKLUopKSTnI
QklKSUIJOcc5xznIMccphiEEIQUhBSFFIUUYwxjDIQSUkpSSjFGMUpSSlJKMUYxR
lJKUkpSSlJGU05zTnNOc05SSnNOc05SSnNOc05zTnNOc05SSnNOc06UUpRSlFJzT
lJKc05zTlJGMUJSRrRW1lrWWtZaUkoxRjJKtVYxRlJKtVq1VrRWtVa1VtZa1lrWW
tZe1l7WXtZe1l7WWtZatlrWWtVKckKSPxQu9CqSPrMm9CqyIlE61C71MnIycTKSN
nNNrTmuOa458EJSRa0qUDZQLg4uEDIySfBBjTWOOY45rjmuOY01jTWuNY01bDFLL
WwxTC0qKSolKikqKSok6B0IISklCSTnHOcc6BzHHKYYhBSEFIQUhBSkFGMMYwxkE
lJKUkoxRjFGUkpSSjFGMkZSSlJKUkpRRlNOc05zTnNOUkpzTnNOUkpzTnNOc05zT
nNOUkpzTnNOlFKUUpNSc05SSnNOc0pSRjFCUkq0VtZa1lrWWtZa1lrWWtZe1l7WX
tZe1l7WXtZe1l7WXtZe1l7WXtZe1l7VXtZetlrWWtZa1lrVSrE+kDrTQtRGs0azR
tRGcTpSOrQu9TJyLlEucS2vQW49bj1OOW4+DTlHGSYWLjYQPhFCMUXvPY0xrTWuO
a45rjmNNY01rjmtNWwtbC1sMWwxKykKKSotKikJKOghCSUpJQkg5xznHOccxhylG
IQUhBSEFIQUhBRjDGMMZBIySlFKMUYxRlJKUkoxRjFGUkpSSlJKUkpSSnNOc05SS
lJKc05zTlJKc05zTnNOc05zTlJKc05zTpRSlFKUUnNOUkpzTnNOUUYwQlJGtVbWW
tZa1lrWWtZa1lrWWtZa1lrWWtZa1lrWWtZa1lrWWtZe1lrWWtZatlrWWtZa1VbVU
rVOtEqyLmoWJw6rIrVWtVa0UnIycTKzMtU2cjIxMhAtjkFuPW49bj1NPcklZhlmG
jFFzjnvPe89zjmMMY01rTWuNY41jTGNNa41jTVsMUwtbDFsMSotKSkqKSopCSjoI
QghKSUIIMccxxzoHMccphSEEIQUhBSEFIQUYwxjDIQSMkYyRjFGMUZSSlJKUkoxR
lJKckpSSlJKUkpTTlNOUkpSSlJKc05SSlJKUkpzTnNOc05SSnNOlFKUUpRSlFJyT
lJKc05zTlJGMEJSRrVS1lrWWtZe11rWWtZa1lrWWtZa1lrWWtZa1lrWWtZa1lrWW
tZa1lq2WtZa1lrWWtRCkjqSOxRDFEKJIicaqya1VrVWlFKTRpNGkipxJpImUknQP
Y49bj1uPW49bj3LLWghaCIyQhE+MkZSRhBBjTGNMY01rjWuNY01jTWNNY01SzFLL
WwxTDEqKQklKikqKQkk5x0IISklCCDHHMcc5xzHHKYYhBCEEIQQhBSEFGMMYxCEE
jFGMkYxRjFGUkpSSjJKMUZSSlJKUkoxRlJKc0pzTlJKUkpSSnNOUkpSSlJKc05zT
nNOUkpzTpRSlFKUUpRSck5RSnJOck5RRjBCUUa0VtZa1lrWWtZa11rWWtZa1lrWW
tZa1lrWWtZa1l7WXtZa1lrWWrZa1lrWWtZa1lrUSpJCkkL0UxRWkUqRSrJKs0KzP
rRC1UbVQpIqkSZxKhFBbj1uPW49Tj1OPU05zz5RJjAiUCIvEg8Z7ioQNYwxjTGNM
a41rTWNMWwxjTWNNUwxSy1sMWsxKikKKSopKikJJOchCCEpJQggxxjHHOccxxylG
IQQhBCEEIQQhBBiDGMMhBIyRjJKMUYxRlJKUkoyShFGMkpTTlJKMUZSSlJKUkpSS
lJKc05zTlJKUkpSSnNOc05zTlJKc05zTpRSlFJzTnJKUUZySnJKUUYwQlJGtVbWW
tZa1lrWWtZatVbWWtZa1lrWWtZa1lrWWtZa1lq1VtZa1lrWWtZa1lrWWtZa1Va0U
rRW1VbVVrVWtVK1TnIyci6TMvU69TqSLnEqcSmvOY89bj1uPU49TTlNPc46USYwI
lAeLxYvGe8qED2MMWwxjDGNNY01jDGMMY01jTFsLUstbDFsMSopCikqKSopCSTII
OghCCDoIMccxxznIMYcpRSDEIQQhBCEEIQQQgxjDGMSMUZRSjFGMUZSSlJKUUYxR
lJKU05SSjJKUkpSSlNKUkpSSlJKc05zTlJKUkpzTnNOc05SSnNOc05zTnNOc05SS
jFGUkpySlFGMD5RRrRS1lrWWtZe1l7WWtZa1lrWWtZa1lrWWtZa1lrWWrZa1lrVS
pNCs0bVUtVa1VrVWtVatVa1VrVWszKSMrMy9TaSLpIqsi60VrRSk06TTe85jTGuO
Y45TT1OPU49TjnONjEuECoQKhAqMTYQPhFFjTFsMYw1rTWNNY01jDWNNYw1azFLL
WsxSy0qKSopKikqKQkkxxzoIOgk5yDGHOYcxhzGGKUUhBCEEIQQhBBjEEIMYwxjD
jFGMUoxRjFCMUpSSjJKMUZSSlJKUkpSSlJKUkpSSlJKUkpSSnNOc05SSlJKc05zT
nNOUkpSSnNOc05zTnNOUkoxRlJKckpRRhA+MUa1UtZa1lrWWtZa1lrWWtZa1lrWV
tZa1lrWWtZa1lrWWtZa1EKSOpI61VLVVrVStVK1UrVWtVa1VrIukSqyLtVGk0JzR
nNKtU6UTpNKc0lKIlJJzj2OPU49Tj0tPS45zjpSSlJKUknvPc45zjmtNWwxbDFtM
Y0xjTFMLWwtjTVsMSopKilLLSopKSUpJSklCSUIJOgg5yDoIMcg5yDGHMYcxRylG
IQQhBCEFIQUYgxjEGMQYxIxRjFKMUYQQjFGUkoxRjFGMkpSSlJKMkpSSlNOU05SS
jJKUkpzTlJKUkpSSnNOc05zTnNOc05zTnNOc05zTlJKMUZSSlJGUUYQPlFGtVLWV
tValFLWWpRS1lrWWtZa1lq1VlJKtlZSSe8+tVa1VtM6kjaSNtVO9U6UTpROtE61W
rVatVqyNnEykjKVVrVWtFa0VrRWkzpRMcweUUJzThFFjkFNPU09TT1NOc4+c0pSP
jFB7zoxSjJKEUmNNWwxbDGNMY0xbDFtMW0xTDFLLUstTC1LLSstKiUJISolKSUII
Mcc6CDoIOccxhzGHMYcxhiEEIUUhBSEEEIMYxBjEGMOMUYxRhFGEUYxSlJKMkYRR
jJGUkoySjJGMkpTTlJKUkoxRlJKUkpSSlJKUkpSSnNOc05zTlJKc05zTnNOc05SS
jFGUkpSSlJGED4xRrVS1VVqKWsqtVXvPe8+c1KUTnNOlE2uOnRStloQQtZW1VbUR
pJCkkL1TvVOtEqUSrROtVa1VrVWk0JyPpNCtVK1VrRWtFaUVpIqcSpQJpROc04xS
W5BTTkuPS05LTmuPlM+MTIPKc4mMkYyShFJrTVsLWwtbDGNMY0xjTFsMUstSy1LL
UstSy1LKSklCCEJJQgk6CDHHOgg6CDIIKYYphimGKUYhBCEEIUUhBBDDGMMYxBjD
jFGMUYxRhFGMUZSSlJKMUYxRlJKMUYxRlJGUkpSSlJKUkpSSnNOUkpSSlJKc05zT
nNKUkpSSlJKc05zTnNOMkYQQjFGMkYQQe8+MEa0UtVVzjmtNrVV8EYyTnRaEUoST
hJN0EXQQjNJzz5zTrZWtVq1VrVWtVq1VpNOk06UTrVWtVa1WpRWtFa0VrVWtVa1V
rVSlFIwJjAiciqUUpNSMUmPQU49Lj0tPS05rTpSOjEx7ynOIjI2MT4QPa01ay1rL
WstjDGMMYwxbC1LLUstSy1LLSotKikJKOghCSUJJOggxxzoIOggxyCmGKYYphimG
IQQhBClEIQQQwxjEGMQYw4xRjFGMUYQQjFGUkoxRhBCEUZSSjFGMUYxRlJKUkoxR
jFGMUZSSlJKUkpSSlJKUkpSSlJKMUZSSlJKUkpSSjFGUkpSSjFGEEIxRjFGtFbVV
c017jq1VlJKEEKVVtZW1lqUVpVatV5zUrZalVa1WrVWtVq1WrVatVqUVpRWtVa1W
rVWtVaVUrVStFK1VrRWtVa0VpRV7j2tNnJKlE6TUjFFj0EtOS09LT1MOa46Uj4xM
e8t7hZQFg8Zzi2NKWstay1rLYwxbDFsMWwxSy1LLUstSy1LLSopKSUIIQklCSToI
Mcc6CDoIMccphimGKYYphhkEIQUhRSEEEMIYwxjDGMOMUYxRhFGEEIxRjFGMUYxR
lJKUkpSSjJKUkpSSlJKUkpSSlJKUkpzTlJKUkpzTnNOc05zTlJKUkpzTlJKUkYxR
lJKUkoQQhBCMUZSRrVStVq1WrVatVq1WrVatVrWWtZa1lrWWtZatVa1VrVWtVa1V
rVWtVa1VrVWlFZzUrVWtVa1VrVWtVJzTnNOlFKUVpRWlFaUUc4+D0KTUpRSk1IxR
W05LDVNOU05LTXMKg8yMDYwOe82EDnOJa4ljSFLLUstSy1rMWwxbDFsMUstSy1LL
UstSykqKSkk6CEIJQgk6CDHHOggyCDHIKYYphimGKYYZBCEEIQUhBBjCGMMYwxiD
hFGMUYxRjFKMUYxRjBGUUZSSlJKMkoySjJKMkoySlJKUkoyRlJKc0pSSlJKUkpyS
nNOUkpSSlJKc05SSjFGMUZSSlJGEEIQPjBCUUa0UtVWtFZySrVWlVKUUrVWtVa1W
rVaMUaVVnRSEEJzTrVWlFKUUjFKlFa0Va017j61VrVWtVa1VrRSc05zTpRStVa0V
pRWlFWMNhFGlFKUUpRSMUlLMKYdTDVKLKUVhhFlEcgeUUIQOa0xjCWMIWwhay1KL
UotTDFsMWwxazFLLUstSy1LLSotKikJJOghCSUJJOggxxzHHOcg5xymGKYYphilG
GQQhBCEFIQQYgxjDGMMYw4xRjFGMEYxRjFGMUYRRjFGUUYySjJKMUYyRjFGMkpSS
lJKMUZSSnNOUkpSSlJKUkpzTlJKUkpSSnNOUkoxRhBCUkpSSjBCEEIwRlFKtFK0U
Uklqy6UUhBBjDZSTlJKUkozSY010EYSSa46EUZ0Ue8+tVaVVc9CEk4zTfFGtVa1V
rVWtVaUUnNOc06UUpRWlFaUVpRVKSpRTpRSlFKTTe9BKCRjESksxiCCAWcVRhGpH
lJGEEIQQe897z2uOUstSi1KKWstbC1sMWstSy1LLUstSy0rKSolCSToIQglCCDnI
MYc5xznIMccphimGKYYpRRkEGQQhBSEEGIMYxCDEGIOMUYwRhBGEUYxRhFGEUYxR
jJGMkYyRhJGMkYyRjJKMkpSSjJGUkpzTlJKUkpSSnNOc05SSlJKUkpzTnNOMUYxR
lJKUkoQQe8+EEJRRpRStVXOOYwytVXwQfBKU1YyTjNSVFYQSpVWtVoQRpZaU1IQR
nRVzj5TTrVV8EKUUrVWtVa1VrVWlFZzTnNOlFK0UpRSlFKUUOceU050UnRSc1HwR
WswQw1LNQkkgwFlEWURyB4yRhBF8EYxShFJz0FLLSopKilLLWsxazFLMUotSi1KK
UopKikqKQkk6CUJJQgg5xzGHMcgxyDHHKYYphimGKUYgxBjEIQUZBBDDGMMYwxCC
jBGEEYQRhFGMUoxRhFGMUYxRjJKMUoxSjFKEUoyRlJKUkoxRlJKUkpSSlJKUkpzT
nNOUkpSSlJKc05zTjFGEEJSRlJGEEHvPhBCMUaUUrVVrDXuOrRStVaUUrVatVq1W
rVaMUq1WpRWc1K1WrVac1KUVpRWtVq1WpNStVa1VrVWtVa0VpRWlFaUUpRSlFKTU
pRSlFDGFnNOlFJzUnNSEElsNGMNjDlKKGIJizHNOe4+MUoQSe9CEUoRSc9BSy0qK
SopazFrLWstay1KLUopKi0qLSopKSkJJOghCSEIIOccxhjnHOccxhilFKUYpRilG
GMQgxCEEGQQQghjDGMMYg4RQhBCEEIQQjFGMEIQQjFGUkoyRjFGMUYxRjFGMUYyR
lJKMUZSRnJKUkpSSlJKUkpSSlJKMUYxRnNOUkoxRhBCMUZRRhBB7z4QQjFGlFK0V
rVatVq1WrVatVq1VrVWtVa1VrVWtVa1VrVWtVaUUpRSlFK1VrVWtVq1VrVWtVa1V
rRSk0JyPnNClFaUVnNRKSntNnJEpRpzUnNSc1JzUhBFjDRDFc5BjDhDCa46MUoxT
jFKEUnPQhFKEUnQQUstKikqKUstSzFLLUstSykqKSopKikqKSklCCDoIOghCCDnH
MYY5xzHHMccphilGKUYpRiDEGMQhBCEEEIMYwxjDEMOEEYQQhBCEEYxRhFCEUIxR
jFGMUYxRjFGMUYxRjFGUkZSRjFGMUZSSlJKMkpSSlJKUkpSSjFGMUZSSlJKMUYQQ
jFGMUYQQe8+EEIxRpRSlVKUUlJKtVZTSrVWlFHvQc8+U02uOY46EkmvOSwyE0ltM
Y0ylVK1VpRSlVZ0UnNSlFaUVpEmkSaRJpRSlFHOOEIIpAowOOcSc05zUnNSc1IQR
Yw4QxIQSc5AQw2NOhFKMkoyShFFzz4RShFJ70FKLSopKilLLUwtSy1LKSopKikqK
SopKikpJQgk6CEIJQgg5yDGGOcc5xzHGKYYpRilGKUYgxBjEIQUgxBCCGMMYwxDC
jBCEEIQQhBCMUYxRhBCMUYxRjFGMUYxRjFGMUZRRlFGUUYxRjFGUkpSRjFGMUZSS
lJKUkoxRjFGUkpSSjFGEEIxRjFGED3vPhBCMUaUUpJJSCXLMrVV8EGvQhJNKzEsN
bFFLDUtObFNTjzrNdFM6zFLMlRWU1GuPjJRzj5zTrVWtFKSMnEuUS6UTpRRzThiC
KMKcD1pJnNSc1JzUnJSEEWNOGMSMU3vQEMNjDYRRjJKMkoRSY0xrTWtNY0xSy0qK
SklSy1LLUstSy0qKSopKikqKQkpKSUIJOghCCToIMccxhjHHMccxxylGKUYpRilG
GMQYxCEEGMQQgxiDGMMYg4RRhBCEEIQQjBGMEYQQjBGMUYxRjFGMUYxRjFGMUZRR
jFGMUYxRlJKUUZRRlFGUkpSSlJKUkoxRlJKUkoxRhBCMUYxRhA97z4QQjFGlFK0U
e41iy61VfBCdVnyTOspLDZVWSwxbToTUY89TDXyTSw1SzKVWlNRjDIRRfBCc06UU
pRSk0JROlE6c06UUnJMYxEGDlA2UDZzUnNSc1JTUhBFrThkEjJOMUhjDWw2EEoxT
hFOMUnOPhFKEUnwRUstKikJJSopSi1LLUotKikqKSopKikqKQklCCTnIOgg6CDnH
KYYxxzHHKYYpRSlGKUYpBRjEGMQhBBjEEIMYgxjDGIOEEIQQhBCEEIRQhBF8EIRQ
jFGMkYxRjFGMUYxRjFGMkoyRhFGMUZSSlJKMkYxRlJKUkpSSlJKMUZSSlJKMUYQQ
jFGUUYQQe8+ED4xRpROlVGLMc4+Uk2NOa5CEk2uPbBGNFWwQc9CdFoyUfBKVFnxT
hBGdVqVWlNSdFZTUnRWlFaUVnNSck6TUpRSlFKTTMURRwpQKnEuc05zTnNSck3vP
UosYw2uPa04Yw0JJfBGMUoxSjFJzj4QRhFF8EVKLSkpKSVKKUotSy1KLSopKikqK
SopKiUJJQkg6BzoIOcg5xymGMccxxymGKUUpRSkFKUUYxBjEIMQYwxCCEMMYwxDC
hBCEEIQQhBCMUYxRhBCEUIRRjFGMUYwRjFGMUYxRjJGMkYRRjFGUkpSSjFGMUZSS
lJKUkoxRjFGUkoxRjFGED4xQjFGEEHPOg8+MUaUUrRWtVa1VpRWtVa1WrVatVq1V
pVWtVa0VrRWtFaUVpRWlFaUVpRWlFaUUpRWlFaUUpRSlFKUUpRSlFKUUpNKcSJRF
lAWURZxInNOc05zTnNSEEWtOGQWMlIyTIUZKi3wQjJKMUoxSc4+EEYQRhBFSy0pJ
QklKikrKSspKikKKQopKikqKSopCSUIJOcg6CTnIOccphjHHMccphiFFKUUpRSlF
GMMYxBjEGMQQQhjDGMMYw4QQhBB8EIQQhFGEEYQQhBCEUYxRjFGEEYxRjFGMUYyS
jFGEEIxRlJKUkoxRjFGUkpSSlJKMUYxRlJKUkowRg9CMEIxRhA97jnvPjFGlFKUV
nNOc05SSnNOc06UUnNOU05SSlFGMUYQQlJKc05zUpRWlFYRRhBCc04QRhFFz0GuO
e9CEEKUVpRWlFKSLnEWcRZxFnEScSZzTnNSc1JTUhBFrThkFjJSMkymHSkt70IxS
jFKEUmuPhBKEEnwRUsxCSUJJSopKylKKSopCiUqKSopKikJJQkk6CDHIOgg5yDHH
KYYpxjGGKYYpRSlFKUYpRRjDGMQYxBjDEIIQgxjDEIOEEHwPfBB8EIRRhBB8D4QQ
jBCMUYxRjFGMUYxRjFGMUYxRjBCEEIySjJKMUYxRlJKUkpSSjFGMUZSSlJKMUXvP
hBCMUYQQc457z4xRpRSMklMNdBJCjGPPW490EFvPSsx0EWvQjNR0EYTUfBF8EXvQ
dBJ8kmPPbA9rz4zSfFF0EGvPa02lFKUUpRSUBpxFnEWcBJwEnEmck5zTnNOU03wQ
Y00hBIyTjJI6CEpKe9CMUoxShFJrz4RRhFGEUVLLQklCSUqKSotKikqKQolCiUKK
QolCSToJOggxyDoIOggxxymGMcYxhymGIUUhRiFFIUUYwxjEGMQYxBCDEMMYwxCC
hBCEEHwQfBCEEIQQg8+EEIRQhFGEUYRRhFGEUYRRjFGMUYxRjBCMUYxRjFGMUZSS
lJKUkoxRjFGUkoxRhBB7z4QQjFGEEHOOe8+MUaUUfFJLDWPQOsxj0FOPdBFsEmOQ
fFNz0YRTnRWMUpTUnNSU1J0VlJOMlJTVhJOEU4zUlNSM1IRSpRWlFaUUaoOcRJwE
nAScBJRInJOU05TTlNN8EGNOIQWMk4ySQklCCXPQhFKEUoRSY05bDVsMWwxKikJJ
OghKSkqKSopKikpJSkpCSkJKQkpCCToJMcg5yDnIMccphimHKYYphiFGIUUhRSFF
GMMYwxjDGMMQghCCEIIQgnwQfBB8EHwPfBCEEHwQfBCEUYRRhFGEUYRRhFF8EYxR
jFGMUYQQjFGMUYxRhFCMUYySjJKMUYwQjFGMUYQQe8+EEIxQhBBzjnvPjFGlFJ0V
jNSVFZUWnRWdFZ0VpRWlFaUVpRWlFaUVpRWlFaUVpRWlFaUVpRWlFaUVpRSlFKUU
pRSk1KTUpNSMUklBnAWcBZwFlAWUCJTTlJOU05STe9BjTiEGjJOMk1LLOglz0IRR
hFGEUmuPfBF8EnwRWw1CSToIQopKikqKSopKSkJKQkpCSUJJOgg6CDHIMcgxyDGH
KYYphzGHKUYhRSlFKUUhRRjEGMQYxBjDEIIQwxDCEIJ70HvQe897z3wQfBB70HwQ
hBCEEIQRhBCEEIQQhBCMUYxRhFGEEIxRjFGEEIQQjFGMUYxRjFGEEIxRjFGEEHOO
hBCMUYQQc417zoxQpRSlFaUVpRWlFaUVpRWlFaUVpRWlFaUVpRWlFaUVpRWdFaUV
pRWlFaUVpRWlFKUUpRSlFKUUpNSk1JzUc05BQpQFlASUBJQElAeUk5STlJOMk3vQ
a005x4xSjFFbCzoIc8+EUoRShFJrj3wRfBF8EVsNQgk6CEJJSkpKSkJKQklCSUJJ
QklCCUIIOggxxzHIMccphymGKYcphilGIUUhRSlFIUUYxBjEGMQYwxCCEMMYwxCC
e9B7z3vPe8+Dz4QQe9B70HwQhBCEEYQQhBCEEIQQjBGEUYRQhBCMUYxRjFGMEIxR
jFGMUYxRhBCMUYxRhBB7jnvPhBCDz3NNe46MUZzUpRWlFaUVpRWlFaUVpRWlFaUV
pRWlFaUVpRWlFJ0UpRSlFKUUpRSlFKUUpRSlFKTUpNSk1KTUnNSc1FIJYkKUBJQE
lASUBJRFlJOU05STjJNz0HPPa89rj2uPUsxTDGuPhFKEUoRSa498EXwRfBFbDUIJ
OghKSUpJSkpKSkJJQklCSUJJOkk6CDnIMcg5yDHHMccphimGKYYpRiFFKUUpRSFF
GMMYxBjEGMQQghDDGMMQg3vPe897z3vPhA+EEHvPe8+EEIQQhBCEEIQQhBCEEIRR
hFGEUXwQhFGMUYxRhFGMUZSSjFGMUYQQhBCMUYQQc457z4QQe89rTXOOjBCc06UV
pRWlFaUVpRWlFaUVpRWlFaUVrRWlFaTUpRSlFKUUpNSc1IySlJKMUpSSnNOMUZzU
nNSc1JzUnNU5BIOElASUBJQElASUBpSSlJOUk5STe9CMUoxThFOEU4xThFJzj4RS
hFKEUXPPY0xzjnvPY0w6SToIQkpCSkJKQkpCSkJJQklCSTpJOgk6CDHHMcgxxzGH
KYYphimGKUYpRilGKUYhBRjEGMQYxBjEEIMQgxDDEIN70HvPc897z3vPfBB7z3vP
hA+EEIQQhBCEEIQQe9CEUIQQhBB8D4RRhFGEUYQQjFGMUYxRjBCEEIQQjFGEEHOO
e8+EEHvPa01zjoQQnNOU1IQRjFKMkpzUnNSc05STfBCU1HPQhJOMk3vQfBF8EWtO
fFJTDXQRUw10EZSUWwyUk5zUnNSc1IQSQYSUBpQFlASUBJQElAWU0pSTlJOUk3vR
jFOMUoxShFKMUoRRa4+EUYRShFJzjlrJWwljSlrMQgk5yEJJSklCSUJJQklCSUIJ
Qkk6CDoIOgg5yDnIMcgxhymGKYYpRiFGIUYhRilGIUUYxBjEGMQYwxCCEIMYgxCD
e897z3vPe897z3vQe897j3wQhBCEEIQQhBCEEIQQhFGEEIQQe8+EEIQRhFF8EIQR
jFGMUYwQhBCEEIxRhBBzjnvPhBCEEGtNc46EEJzTnRV70IyUfBJ8EoRRfBGU1GuP
hBF8EIxSjFB7zoxQfA5rjHQOWwt0DltMc8+U02uOlNOc1JzUnNRrDWsLlAeUBJQE
lASUBZQGlJKUk5STlFNz0IxSjFKMUoxSjFKEUmuPhFKEUoRSa4tSyFrJa05jDToJ
OghCSUJJQklCSUJJQklCSUJJQgk5yDnIMccxxzHIKYcphimHKYcphilFKUUpRSFF
GQQYxBjEGMMQghiDGIMQg3vPe89zz3PPe9B7z3vPe897z4QQhBCEEHwQfBB8EIQQ
hBCEEHvPhBCEEIQRfBCEEYxRjFGEEIQPhBCMUYQQc45zjoQQhBBrTXOOhBCc05TU
lNSMlJTUnNSc1JzUnNSdFZ0VnNWc1JSSlJOck5zTnNOU05TUlNSU1JTUlNSU1JTU
nNSc1JzTSkiUEJQGlAWUBZPElASUBZSSlJOUk4yTfBCMkoySjFKMUoRShFJrj3wS
hBKEEmuMWwtjC3vQa046CTHIQglCSkJJQklCSUJJQklCCToIOgg6CDHHMccxxynH
KYYphimGKYYpRSlGIUYhBRjEGMQYxBjDEIMQgxjDEIJ7z3PPc89rznPPfA97z3PP
c898EHwQfBB8EHwQfBB8EIQQhBB7z4QQhFCEEHvPhBGEEYRRhBB7z3vQhBF70HOO
c457z3vPYw1zjoQQnNOc1JSTlNOMkp0UlNOMkpSSjJKEUYySjJJ8UZSTfBCMUnwQ
jJJzj4RRY01rzmONfFCEUZzUnNSc1EIJpFKUBpQFlASMBJQFlAaUkpSTlJOMk3PQ
jFKMUoxSjFKMUoRSa4+EUoRShFJz0GuOc898EGuOOkkxyDoJQglCCUIJQglCCUIJ
Qgg6CDnIOcgxxzHHMccxxymGKYYphilGIUYhRiEGIQUYxBjEGMQYxBCDEIMQgxCD
c49zj3OOc45zjnvPe49zjnPPe897z3vQe897z3vPe898EHwQc898EYRRhBF70IQQ
hBGEEYQQe897z4QQe89rTXOOe897z2tNa02EEJzTfFJTDXQRW058kpTTa45sEGPP
W05sEISSY9GEUmwRfFFjkHRSU050EjqMY49TDHwRjFKc05zUjFJSipySlAaUBZQF
lAWUBZRIlJOUk4yTjJNzz2uNa41rjWtNa01rTWtNhBGEEYQRfBBjj3QRdBBrzzoJ
Mcg6CEIJQgg6CEIJQglCCToJMggxyDHIMccxxzGHMYYpRilGKUYpRiFFIUYhRSEF
GQQYxBjDEMMQghDDEMMQg3uOc45zjnOOc45zz3PPc45zz3PPe897z3vPe85zz3vP
fA98D3OOe9CEEIQQe9CD0IQRhBF8EHvPe8+D0HvPa01rTXvPc45jDGtNhBCU03RS
U058lGwRjNR8kmwRdBFr0GvQfFKM1HQRfFKEUoRSdBF8UnQSfFN8k3xTdBJ8UZST
nJSclJSTjFKUkowFlASUBJQEk8SMCIyTjJOMk4yTc9CEUoRShFOEUnxSfFFrj3xR
fFF8EXQQY450EHQQa886CDHHOgk6CToJOgk6CToIOgg6CDHHMccxxzHHMccxhimF
KUYpRilGIUUhRSEFIQUZBBjEGMMYxBCDEIIQgxCCEIJzznOOa45rjmuOc89zj2uO
c49zz3PPc89zz3PPc89zz3wPe89zjnvPhA98D3vPe8+EEIQQg9B7z3PPfBB7z2tN
a017z3vPYwxrTYQQlNOc1JzUnNSc1J0VnRWdFZ0VnRWdFJzUnNSc1JzUnNSclJzU
nNSc1JSUlJSUk5STlJOMk5STlJOUkpSSjJKMCoPKg8qDy4PLhA2EUYQQhBB8EHPP
c9Bzz3PPc89rj2uPa05rjmuOY05bTlsNWw1bDFLMMcgxhznIOcg5yDnIOcg5yDnI
McgxxzGHMccxhimGKYYpRiFFIUUhRSEFGQUhBCEEIQQYwxjDGMMYwxCCEIIQghCC
a01rTWuNa01rTXOOc41rTXOOc45zznOOc45zj3OOc497z3vPc457j3vQe897j3vP
hBCEEHwQc49zjnvQc49jTWNMc85zjmMMYwx7z5STlNOUk5STlJOUk5STlJKUkpSS
jJKMUoxRjFGMUYRRjFGEUYxRjFGEEIQQhBB8EHvQe9B70HvQe9B70HvQe897z3vP
c45zjnvPfBFrz2OOW01bDVsNUwxSzFtNUwxKzErMQotKzErMQoxTDltOa9Fr0DnI
KYYxxzHHMccxyDHIMccxhzGHKYYpRilGKUYpRSkFKQUgxCEFIQQhBBjDGMMYwxCD
EIIQghCCEEIIQQhBCEEIQWtNa01rTWtNa01rjmtNY01rTWtNa45zjmuOa45rjmuO
c45zjmtNc457z3vPc89zz3vQe9Bzz3OOc457z3vPa01jDHOOc45jDGMMe8+U04xS
hFGEUXwRe9B7z3vQfBB8EHwQc890EHPQa4+EEXwRfBGEEYRSSstbTVMMUw1bTVtO
QotCi0KLW01TDUrLUw1LDUrMSsxrj3wRc89TDksNMktCzDJLMotCzDqLOos6zCoK
Qs1KzTJLUw1bTnPQc9A5iClGMYYxhjGGKYYphimGKUYpRSlFKUUpBCEEIQQhBCED
GMMYwxjDGMIQghCCEIIQgghBEIIQghCCCEEIQghBCEFjDWMMYwxjDGMMY0xjTFsL
Y0xjTGNNY01jDWNNYw1jTWuOa41jTWtNc45zjmuOc457z3vPe89zjmtOc89zjmMM
WwxrjnOOYwxjDHvPlJOMUoQRhFJr0UrNUw5jkFMOW45bj0LMSw1TTlMNc8+EEHwQ
hBF8EULMSs1CzErNU05LDjqMQs1CjUsOU05CzFNOW09TDVMNY490EWuPY49bj1NN
U05TTlNOUw5TDVMOU05TTlOPW49Tj1uPW490EXQRMcYpBClEKUUpRSlFIQUhBSEE
IQQYwxkDGMMYwxjDGMMYwxCCEIIQghBBEEEIQQhBCAEIQAgBCEEIAQgBAAEIAQgB
Wstay1KKWstay1sLWstSy1rLWstjDGMMYwtjDGMMYwtrTGtMYwxrTXOOc45rjWtN
c45zj3OPa01jTWuOa01bC1rKa01rTVrLUot7z5STjFKEEYQSc9Fjj2OPa9BrkHQR
a9BrkGvQbBBrj3wRe9B70IQRhFFzz3PQa89r0GvQc9Br0GvQa9Br0GvPa89jj2vP
a49rT2uPfBFz0HPQc9Brj2vPa89jzmuOY45jjltNa9B0EXQRfFJr0HQSdBF0ETGH
IMMgwxjDGMMYwxjDGMMYwhjCGIIYgRCCEIEQQRBBEEEQQRBBCEEQQQhBCAEIAQgB
CAEIAQgBCAEIAQgBCAEIAVKKUopSiUpJUopSilKKUopSilrLWstaylKKUopSilrK
Wstay1rLWstrTWtNa01rTWuOa45rjWMMWwtjTWNNWstSimMMYwxSilKKe8+Uk4xS
jFKEUoRShFKEUoSShFKEUoRShFKEUoRShFKEUoRShFKMUoxThFOEU4RThFOEU4RT
hFOEU4RThJOEk2uQQw5sUlwRSsxr0IRShFKEUnxSc9Br0GuPY49jTmNOY05bDXwS
hFKEk4STa9B8EnxSc9AxhhiCGIIYgRiBGIEYgRiBGIEQgRBBEEEQQQhBEEEQQBBB
EEEQQQhBCEEIQQgBCAEIAQgBCAEIAQABCAEIAQgBCAFKSUpJSkhKSEpISklKSEpI
SklKSUpJSklKSVJJSklKSVKKUopSilKKWstay1rLWstjDGMMYwtay1KKWstay0pJ
SghSilKKSkhCCHOOlJOU1ZTVlNWU1JTUlNSc1JTUlNSU05TUlNSM1JSTlJOUk5ST
lJOUk5STlJOMk4yTjJOMk4yUjJOMk4yTjJNrj0LNZFNj0ULLa9CEUoRShFKEUnPQ
fBF8UXxRdBF8EXwSc9CMk4yTjJOMk3QRfFJ8knRSMccYgRiBGIEYghiCGIIYghiC
EIEQQRBBEEEQQRBBEEEQQRAAEEEQQRBBCEEIAQgBCAEIAQgBAAAIAQgBCAEIAQgB
QcdBx0HHQcdBx0HHQcdBx0HHQcdBx0IHQgdCB0IHSghKSEpISklKSUqKUopSiVKJ
UolSiVKKSklCR0pISkhCBznGQgdKCEHHOcdzjpSTnNWdFZzVnRWdFZTVlNSU1JTU
lNSU1JTUlNSUlJSTlJOUk5STlJKUU5STjJOMk4yTjJOMk4yTjJOEU4xTa5BDDWyT
bBJKzGvQhFKEUYRRhFJrz3wRhFJ8UXwRfBF8EWuPhBJ8UoRShFN0EYyThJN8UjnI
GIIYgRiBGIEYgRCBGIEYghiBGIEYQRBBEEEQQQhBEEAQQRBBEEEIQQhBCEEIAQgB
CAEIAQgBCAEAAQgBCAEIATGGMYYxRjGGOYY5hjmGOYY5hjmGOYU5hTmFOYU5hjmG
OYY5xjnGQcZCB0HHQcZBxkHGScZBxjmGOYY5hjmGOYU5RTlFOYQxRDFEa42U050U
nNSc1KUVpRac1ZTUlNSU1JTUlNSUlJSTlJOUk5STjFOMk4yTjJOMk4yTjJOMk4xT
jFOMU4RTjFKMU2uPSsxsk2xSQsxr0IRShFKEUYRRc9Bz0XwSfBF8EXwRfBFjTnQQ
dBB0EHQQW018UoSSdBAxyBiCGIIYghiCGIEQgRCBGIEYgRCBEIEQQRBBEEEQQRBB
EEEQQRBBCEEIQQhBCAEIAQgBCAEIAQgBCAEIAQgBCAEpBCkEKQQxBCkEKQQxBDED
MQQxBDEEMQQxBDEEMQQxBDEEMQQxBDEEMQQxBDEEMQQxBDEEMQQxBCkDMMMxAzEC
MQMxAzDDMMMxA3NMlJOU05TTlRSlFZzUlJOU1JTTnRSU1JSTjJOMkoySjJOMkoyS
jFKMkoySjJKEEYPOg86LzYOMg4yMUoRShFJrkEKMZFJ0EkLLY498UoRShFJ8UnPQ
a5B0EXQRdBB8EHQQY01zz3PQc9Br0FtNa89zz2NNOYYYghiCGIEYghiBEIIYghiB
GIEYghiBGEEYQRhBEEEQQRBBCAEQQRBBEEEQQBBBCAEIAQgBCAAIAQgBCAEIAQgB
IMIgwyDCIMIowykDKMMowyjDKMMpAykDKMIowzDDMMMxAzEDKQMxAzEDMQMxAzEE
OQMxAzEDMQMxAzEDMQMxAzEDMQMxAzEDMQNrDIxShBF70GKLWklSCFpIWkhqy5ST
lJOUk4xSfBFjj3QRa9Brj4QRjFKMUoxSg496R3pHekdySHsMhFKEUoRSa9BTDGxS
dFFTC2ONfA97z3POc85rTFrLYwtaylKJSklCSDnHMcYxhSlFKQQgwxjCGIEYgRiB
GIEYgRiBGIEYgRiBGIEYgRiBGEEYQRBBEEEQQRBBEEEQARBBEEEQQRBBEEEQQQgB
CAEIAQgBCAEAAQgBCAEIARiCIIMgwiDDIMMowyjDKMMowyjDKMMowijCKMMowyjD
KMMowykDKQMowykDMQMxAzEDMQQxAzEDMQMxAzEDKQMpAyjDKQMpAykDYsqMkoyT
jJOMlIRSc49jTkpLSoqU0pTSjJKMkXxQa45zz3OOYwxzTXNNc0xjC1rKOcY5xjmG
OYVBhknGQYVBhTFEKMMpBCDDGIIYQRhBEAAQAQgBEAEQARABEAEQARABCAEIARAB
CAEIARABEAEQARABEEEYghiCGIIYghiCGIIYghiBGIEYgRiBEIEQQQhBEEEQQRhB
EEEQQRBBEEAQQRBBCEEIQQhBCAEIAQgBAAEIAQgBCAEYQiCDIIIgwijCKMIowijC
KMMowyjDKMMowyjDKMMowyjDKMMowykDKQMowyjDKMMowijDKQMpAykDKMMxAyjD
KMMowyjDKMIowkGFWkdSB1JHSgdBxjmFMUUowyiCKMIogiCBIEEYQRhBGEEYQRBB
GEAYQRhBGEEYARABEAAQABABEAEQAQgBEAEQARABEAEQARABEAEQARABGEEQQRBB
EEEQQRBBEEEYQRhBGEEYQRhBGIEYgRiBGIEYgRiCGIIYghiCGIEYgRiCGIIQghiB
GIEYgRiBEEEQQRBBEEEQQQhBEEEQQRABEEEQQRBBCAEIAQgBCAEIAQABCAEIAQgB
GEIggyDCIMIgwyDDKMMowyjDKQMpAykDKQMpAykDKQMpAykDKQMpAykDKQMpAykD
KQMpAzEDMQMxAykDKMMowyjCKMIowijCKMIowhhBGEAYQRhBGEEYQRhBGEEQQRBB
EEEQQRBBEEEYQRhBGEEYQRhBGEEYQRhBGEEYQRhBGEEYQRiBGEEYQRhBGIEYgRiB
GIEYgRiBGIEggiCCIIIggiCCIIIogiDCIMIgwiDCIMIgwiDCIMIYwiCCIMIggiCC
IIEYghiCGIIYghiCGIEYgRiBGIEYgRiBGIEYQRBBEEEQQRBBEEEQQBBBEEEIAQgB
CAEIAQgBCAEIAQgBCAEIARhCIIMgwyDDIMMowyjDKMMowyjDKMMowyjCKMMowijD
KQMpAyjDKMMowyjDKMMowyjDKQMpBCkDKQMpAzEDMQMowijCKMIowijDKMIggRiB
GIEYQRhCGEEYQSBBIIEggSCBIIEggSCBKIEggSCBIIEggSCBIIIggiCCIIEggSCC
IIIggiiCKMIgwiCCIIIgwiDCIMIgwijCKMIowijCKMIowijCKMIowijCKMIowiDC
IMIgwiDCIMIgwiDCIMIYghiCGIIYghjCGIIYghiCGEIYgRiBGIEYgRhBGEEQQRBB
EEEQQRBBEEEIQRBBCAEIAQgBCAEIAAgBCAEIAQgBCAEYQiCDIIMowyjDKMMowyjC
KMMowyjDKMMowyjDKMMowyjDKMMowyjDKMMowyjDKMMowyjDKMMowyjDKMIowyjD
KMMowyjDMMMwwyjDKIIogiiCKMIowijCKMIowijCKMIpAijCKMIowijDKMIowikC
KMIowijCKMIowijCKMIowijCKMIowyjCKMIowijCKMIowijCKMMowyjDKMMowyjD
KMMowijCKMIgwiDCIMIggiDCIMIgwhjCIMIgwiDCIMEgghiCGIIYghiBGIEYgRiB
GIEYgRiBGEEQQRBBEEEQQBBBEEEQQQhBCEEIQQhBCEEIAQgBCAEIAQABCAEIAQgB
GEIggiDCKMIowijCKMIowijDKMMowyjCKMMowyjDKMMowyDDKMMowyjDKMMowyjD
KMMowyjDKMMpAykDKQMpAzEDMQMxAzEDMQMxAzEDMQMwwzDDKMMowyjDKMIowijC
KQIpAykCKQIxAzDDMMMwwzDDKMMowyjDKMIowijCKMIowijCMQIxAzEDKQMowijC
MQIpAijCKMIowijDKMIowijCIMIgwijCKMIgwiDCIMIgwiDCIMIgwiDCIIIggiCC
GIEYghiBGIEYgRiBGIEQgRhBGEEYQRhBEEEQQRBBEEEQQRABEEEQQRBBCEEIQQgB
CAEIAQgBCAEIAQgBCAEIASBCIIIgwiDCKMIowyjDKMMowyjDIMMowyjDKMMowyjD
KMMowijDKMMowyjDKMMowyjDMMMxAzEDMQMxAzEEMQMxAzEDMQMxAzEDMQMxAzED
MQMxAzEDMQMwwzDDMMMowykDMQMwwzEDMQMowyjDKQMpAzEDMQMxAzEDMQMxAzED
MQMxAzEDMQMxAzEDKQMpAyjDKMIowijCKMMowyjDKMMowyjDKMIowijCIMIgwiDC
IMIYwiDCIMEgwiDCIMIgghiCGIIYghiCGIIYgRiBGIEYgRCBEEEQQRBBEEEQQRBB
EEEQQRBBEEEIQQhBCEEIAQgBCAEAAQgBCAEIAQgBCAEYgiDCKMIgwiDCIMMowyjD
KMMowyjDKMMowyjDKMMowijCKMIowyjCKMMowyjDKMMpAykDMQQxAzEDKQMxAzED
MQMxAzEDMQMxAzEDMQQxAzEDMQMowyjDKMMowyjDKQMxAzEDMQMxAzEDMQMxAzED
MQMxAzEDMQMxAzEDMQMxAzEDMQMxAzEDKQMpAikDKQIpAijCKMIowyjDKMMowyjC
KMIgwiDCIMIggiDCIMIgwiDCIMIgwiDCIIIgwiDCGIEYgRiCGIIYghiCGIEYgRiB
GIEYgRhBGEEQQRBBEEEQQRBBEEEQQRBBEEEIAQgBCAEIAQgBAAEIAQABCAEIAQgB
IIIgwiDCIMIgwiDDIMMowyjCKMIowijCKMMowyjDKMQowyjDKMMowyjDKMMpAykD
KQMpAzEDKQMpAykDKQMxAzEDMQMxAzECKQIxAzEDMQMxAzEDMQMxAzEDMQMxAzED
MQMxAzEDMQMxAzEDMQMxAzEDMQMxAzEDMQMxAykDMQMxAzEDMQMpAykDKMMowijC
KMIowijCKMMowyjDKMMowijCKMIowiDCIMIgwiDCIMIgwiDCIMIYwiDCIMIgghiC
GIIYgRiBGIEQgRiBGIEYgRiBEIEQQRBBEEEQQBBBEEEQQQhBEEEIQRBBCAEIAQgB
CAEIAQgBCAEIAQgBCAEIASCCIMIowijCKMIpAijDKMMowyjDKMMowyjDKMMowyjD
KMMowyjDKMMowyjDKQMpAykDKQMpAzEDMQMxAzEDMQMxAzEDMQMxAzEDMQM5AzED
MQMxAzEDMQMxAjEDMQMxAzEDMQM5AzEDMMMxAzEDMQMxAzEDMQMxAzEDMQMxAzED
KQMpAyjDKMMowyjDKMMowyjDKMMowijCKMIowyjCKMIowijCKMIowijCIMIgwiDC
IMIgwiDCIIIgghiCGIEYgRiBGIEYgRiBGIEYgRiBEIEQgRBBEEEQQRBBEEEQQBBB
EEEQQRBBCEEIQQhBCEEIAQgBCAEIAQgBCAEAAQgBCAEggiDCIMIgwijCIMIgwiDC
IMIgwyjDKMMowyjDKMMowzDDKMMpAykDKQMpAykDKQMpAykDKQMpAykDMQMxAzED
MQMxAzEDMQMxAzEDMQMxAzEDMQMxQzEDMQM5AzEDMQMxAzEDMQQxAzDDMQMpAzED
MQMxAzEDMQMxAzEDKQMpAykCKQMpAykDMQMpAykCKMIowijCKMIowijCIMIgwiDC
IMIgwiDCIMIgwiDCIMIYwiCCIIIggiCCGIIYghiCGIIYghhBEEEQQRCBEIEQgRCB
EIEQgRBBEEEQQRBBEEEQARBBEEEQQQhBEEEIQQgBCAEIAQABCAEIAQgBCAEIAQgB
IMIowijDKMMowyjDKMMpAyDDKMIowyjDKMMowyjDKMMowyjDKMMowyjDKMMowyjD
KMMowykDMQMxAzEDMQMxAzEDKQMxAzEDMQMxAzEDMQMxAzEDMQMxAzEDMQMxAzED
MQMxAzEDMQMxAzEDMQMxAykDKQMpAykDMQMxAzEDKQMpAykCKQMpAykDKMIowijC
KMIowijCKMIowyjCKMIowiDCIMIgwiDCGMIgwiDBIIIggiCCIIIgghiCGIIYghiC
GIIYghiBGIEYgRiBGIEYQRhBGEIQQRBBEEEQQBBBEEEQQRABEEEIQQhBCEEIQQhB
CAEIAQgBCAEIAQgBCAEIASDCKMIowyDCIMIowiDCKMIowijCKMMowyjDKMMowyjD
KMIowijCKMMowyjDKMMwwyjDKMMowyjDKMMowyjDMQMpAyjCKQIpAykDKMMpAykD
MQMxAzEDMQMxAykDKQMpAzEDMQMxAzEDMQMxAykDKQMxAzEDMQMpAykDMQMowijC
KQMpAyjCKMIowijCKMIowijCKMIowijCKMIgwiDCIMIgwiDCIMIgwiDCIMIgwiDC
IMIgwiDBIIIggiCCGIIYghiCGIEYgRiBGIEYgRiBGIEQgRBBEEEQQRBBEEEQQRBB
EAEQQRBBEEEQAQgBCAEIAQgBCAEIAQgBCAEIAQgBCAEogiDCIMIgwijCKMIowijC
KMIowijCKMIowijCKMIowijCKMIowyjDKMMowyjDKMMowzDDKMMowyjDKMMpAykD
KQMpAykCKMIowikCKQMpAykDKQMpAykDKQMpAykDKQMpAykDKQMpAyjCKMMowzDD
KQMpAykDIQMowyjDKMMowyjDKMMowijCKMIowijCKMIgwiDCIMIgwiDCIMIgwiDC
IMEgwiDCGMIgwyDCIMIgwiDBIIEYghiCGIIYghiCGIIYgRiBGEEYQRiBGIEYgRiB
GEEQQRBBEEEQQRABEEEQQRBBEEEIQQhBCAEIAQgBCAEIAQgBCAEIAQABCAEIAQgB
IMIgwiDCIMIgwiDCIMIgwiDDIMMowyjDKMMpAyjCKMIpAyjDKMMowyjDKMMwwyjD
KMIowijCKMMowyjDKMMowyjDKMMowyjDKMMowijDKMIowyjDKMMowyjDKMMwwyjD
KQMowyjDKMMowyjCKMIowijCKMIwwyjCKMIowyjDKMMowyjDKMMowyjDKMMowyjC
KMIgwiDCIMIgwiDCIIIgwiDCIMIggiCCIIIggiCCIIMYghiCGIIYgiCCGIEYgRiB
GIEYgRCBGIEYQRBBEEEQQRBBEEEQQRBBEEEQARBBEEEQQQhBCEEIQQhBCAEIAQgB
CAEIAQgBCAEIAQABCAEIASDCIMIgwiDCIMIgwiDCIMIgwiDCIMMgwyDDIMMgwyDD
KMMowyDCIMMowijCKMIowijDKMMowyjDKMMowyjDKMMowyjDKMMowijCKMIowyjD
KMMowyjDIMMowyjDKMMowyjDKMMowyjDKQMpAykDKQQpAyjDKMMowyjDKMMowyjC
KMIowijCKMIowyjCKMIowiDCIMIgwiDCIMIgwiDBIMIgwiDCIMIgwiCBIIIgghiC
GIIYghiCGIIYghiCGIEYgRiBGIEYgRiBEIEQQRBBEEEQQRBBEEEQQRBBEAEQQRBB
EEEQQRBACAEIAQgBCAEIAQgBCAEIAAgBCAEIAQgBCAEgwiDCIIIgwiDCIMIgwiDC
IMIgwhjCIMIgwiDCIMIgwiDCIMIgwiDDIIIowijCKMIowyjDKMMgwyDDIIIgwyjD
KMMgwyDCKMIowyjDKMMowyjDKMMowyjDKQMpAyjDKMIowijCKMIowyjDMMMowyjD
KMMowijCKMIowijCKMIowijCKMMowijCKMIowijCKMIgwiDCIMIgwiDCIMIgwiDC
IMIgwiDCIIIggiCCIIIYghiCGIIYghiCGIEYgRiBGIEYgRiBGIEYgRiBEEEQQRBB
EEEQQRBBEEEQQRBBEEEQARBBEEEIQQhBCEEIAQgBCAEIAQgBCAEAAQgBCAEIAQgB
IIIgwiDCIMIYwiDCIIIggiCCGMIYwiDCGMIgwiDCIMIgwiDCKMMgwyDDIMIgwiDC
IMIgwiDCIMIgwijCKMIowijCKMIgwijDKMMowyjDKMMowyjDKMMowijDKMMowyjD
KMMowyjCKMMxAykDKQMpAyjDKMMowyjCKMMowyjDKMMowyjDKMMowiiCKMIowijC
KMIowijCKMIgwSDCIMIgwiDCIMIgwiCCIIIgghiCGIIYghiCGIIYghiCGIIYgRiC
GIEYgRiBGIEYQRhBGEEQQRBBEEEIQRBBEEEQQQhBCEEIQQhBCEEIQQhBCAEIAQgB
AAEIAQgBCAEIAQgBCAEIASCCIIMggyCDIIIggiCCIMIYgiCCIMMgwyDDIMMgwiDC
IIIgwiDCIMIgwiDCIMIgwiDCIMIgwiDCIMIowyjDKMMowyjDIMIowijCKMMowyjD
KMMowyjDKMMowyjDKMIowijCKMMowijDKMMowyjDKMMowyjDKMMowyjDKMMgwiDD
IMMgwiDDIMMgwiDCIMIowiDCIMIgwiDCIMIgwiDCIMIgwiCCIIIYghiCGIIYghiC
GIIYghiCGIIQgRiBGIEYgRCBEIEQghCBEIIQQRBBEEEQQRBBEAEQQRBBEEEQQBBB
EEEQQQhBCEEIQQgBCAEIAQgBAAEIAQgBCAEIAQgBCAE=
END m9
frame    44 :  an opened book +0.63  a closed book +0.40   led  58/ 53 h0.51 lvl+0.51   -
frame    45 :  an opened book +0.82  a closed book +0.36   led 106/ 22 h0.67 lvl+0.59   -
frame    46 :  an opened book +0.84  a closed book -0.01   led 110/ 21 h0.68 lvl+0.41   -
frame    47 :  an opened book +0.67  a closed book +0.06   led  67/ 46 h0.54 lvl+0.36   -

stopped   : 48 frames, 48 good, capture overlapped with the compute, configuration C
            48 frames timed, 287 ms/frame mean (capture included)
            269 ms encode + 1 ms waiting for the sensor + 16 ms burst; 307 ms/frame by the clock
            422 ms shutter to LED, arming with 121 ms of compute left
            last frame mean RGB 109 108 108
            camera bus: worst gap 16 us against the 2000 us deadline (#12)
            usb: 0 outages, 0 ms off the bus, 0 re-attaches (#9)
