
=== M9: fpga-open-vocab - describe it, the board spots it ===

clock     : 320 MHz requested; BOOTSEL is reachable for 1.5 s
clock     : 320 MHz system, core 1.25 V
reset     : chip_reset 00010000  (scratch was cold: either the always-on domain went away - power, a brown-out - or this boot came through the bootrom, which clears it too)
            new this boot: power-on reset - the supply arrived
waiting for a bitstream on USB CDC (host/demo.py)
bitstream : 173124 bytes announced, crc32 0a2e9953
bitstream : received intact
configure : configured, CDONE high   CDONE=1 nSTATUS=0
crc       : DMA sniffer, calc=1 out_rev=1 out_inv=1
model     : 9 layers, 512-d embedding, 131072 B/buffer
weights   : 780720 B, crc32=0xF368CC6E  (126 ms to hash)

reference : encoder_fast on the flash test vector  (1583 ms)

link      : probing the wire by running the whole test vector over it
probe     : 3 forward data lines -> 512/512 floats exact, 272 ms
link      : configuration C, 3 forward data lines, 160.0 MHz

camera    : exposure ramp 75 87 96 105 113 121 128 130 132 134 129 126
camera    : live 128x128 RGB565, id 0x82, 16.0 MHz, expose 37 ms, read 16 ms, exposure settled after 12 frames
            mean RGB 127 125 127  (tuned camera on a neutral scene: about 115 107 105)

queries   : waiting for a query set on USB CDC (host/demo.py)
queries   : 2 accepted, 512-d, crc ok
            level axis carries 0.95 of one query's swing; most opposed pair +0.810
            scored as z = (cos - background) / std, where the background is this room's
            own mean over its first 30 frames and is then FROZEN - so a thing left in
            shot keeps its score instead of decaying into the furniture. 'N' re-learns
            it, 'H' switches to tracking. The COCO figures below are only the seed for
            frame 0 and the fixed std.
            std is THIS ROOM's, measured over the same 30 frames ('S' switches to COCO's).
            The thresholds below still mean the 90th percentile of a background; the
            background they now mean it against is this room empty, not 5000 COCO photos.
            z is EMA-smoothed at 0.35 (~5 frames) before ranking, so a state has to
            persist for about two seconds to be called.
            an opened book       match above z 1.23   (COCO background -0.151 +- 0.030, so cos -0.114)
            a closed book        match above z 1.23   (COCO background -0.159 +- 0.035, so cos -0.116)

loop      : capture, 8 convs on the T8, pool and head, then one cosine per query. 'B' for BOOTSEL, 'R' to restart,
            'P' to dump the next frame for host/cam.py, 'V' to dump its 512 floats for host/caption.py,
            'E' to provoke a fault so D1 shows its fault display, 'H' to freeze/unfreeze the background,
            'S' to switch the spread between this room's and COCO's, 'W' to hang on purpose and see
            the watchdog name the stage, 'C' to stall the camera bus on purpose and see it cost one frame,
            'U' to drop off USB on purpose and watch it come back, 'I' to drop off and refuse to,
            'N' to forget it and learn it again from now. 'P' and 'V' together describe the same frame.
            'O' closes the timing window, prints it and flips the capture between overlapped and serial;
            'D' does the same and flips the trigger between late and at-the-collect, which is #14's A/B.
            'L' freezes exposure and gain, then on a second press the white balance too - which goes green,
            and is the control. A third restores all three. Issue #30, and the one hotkey whose answer depends on when you press it.
            scores are z against this room's background, ranked; '*' means over its threshold.
            '1'..'6' enrol the next 20 frames as that class, and press again on a LATER visit
            to fold a second one in - 2 visits is what makes the enrolment guard mean
            something. Two classes in and the board decides by nearest reference instead of
            by threshold - see M21.
            '0' ENROLS THE EMPTY SCENE the same way, and it is worth a visit: with one, a frame
            is absent when the empty reference is the nearest of the three and no radius is
            involved. Without one the board falls back to the band - absent beyond 2.0 sep
            from every class - which scores 54.6% over 28 benches against the third reference's
            79.1%, because with two queries that band is an interval the empty scene can sit
            inside. #18.
            The first 30 frames set the baseline and it is then frozen, so anything left in
            shot KEEPS its score. Point the camera at the empty scene for those frames.
            Send a new set at any time to re-query - that resets the baseline too.

frame     0 :  a closed book +0.49  an opened book +0.37   led  34/ 83 h0.40 lvl+0.43   -
frame     1 :  a closed book +0.31  an opened book +0.20   led  12/134 h0.25 lvl+0.25   -
frame     2 :  a closed book +0.23  an opened book +0.17   led   7/161 h0.19 lvl+0.20   -
frame     3 :  a closed book +0.22  an opened book +0.18   led   6/166 h0.18 lvl+0.20   -
frame     4 :  a closed book +0.20  an opened book +0.17   led   4/174 h0.16 lvl+0.18   -
frame     5 :  an opened book +0.18  a closed book +0.18   led   4/179 h0.15 lvl+0.18   -
frame     6 :  a closed book +0.13  an opened book +0.09   led   2/199 h0.11 lvl+0.11   -
frame     7 :  a closed book +0.03  an opened book -0.02   led   0/241 h0.03 lvl+0.01   -
background: after 8 frames (warming up, room spread), this room reads  an opened book -0.117 +-0.0044 (COCO -0.151 +-0.0303)  a closed book -0.106 +-0.0040 (COCO -0.159 +-0.0351)
frame     8 :  an opened book +0.25  a closed book -0.01   led   7/156 h0.20 lvl+0.12   -
frame     9 :  an opened book +0.58  a closed book +0.45   led  49/ 62 h0.47 lvl+0.52   -
frame    10 :  a closed book +0.21  an opened book +0.14   led   5/170 h0.17 lvl+0.17   -
frame    11 :  a closed book +1.08  an opened book +0.84   led 193/  2 h0.88 lvl+0.96   -
frame    12 :  an opened book +0.33  a closed book +0.08   led  14/128 h0.27 lvl+0.20   -
frame    13 :  an opened book +0.37  a closed book +0.18   led  19/115 h0.30 lvl+0.28   -
frame    14 :  an opened book -0.05  a closed book -0.31   led   0/255 h0.00 lvl-0.18   -
frame    15 :  a closed book -0.43  an opened book -0.54   led   0/255 h0.00 lvl-0.49   -
frame    16 :  a closed book +0.72  an opened book +0.22   led  77/ 37 h0.58 lvl+0.47   -
frame    17 :  a closed book +0.54  an opened book +0.49   led  42/ 70 h0.44 lvl+0.52   -
frame    18 :  a closed book +0.21  an opened book +0.00   led   5/168 h0.17 lvl+0.11   -
frame    19 :  a closed book -0.13  an opened book -0.27   led   0/255 h0.00 lvl-0.20   -
frame    20 :  a closed book +0.57  an opened book +0.48   led  47/ 64 h0.47 lvl+0.53   -
frame    21 :  a closed book +0.65  an opened book +0.39   led  63/ 49 h0.53 lvl+0.52   -
frame    22 :  a closed book +0.31  an opened book -0.24   led  12/135 h0.25 lvl+0.03   -
frame    23 :  a closed book -0.00  an opened book -0.23   led   0/255 h0.00 lvl-0.12   -
frame    24 :  a closed book -0.18  an opened book -0.42   led   0/255 h0.00 lvl-0.30   -
frame    25 :  a closed book -0.01  an opened book -0.28   led   0/255 h0.00 lvl-0.15   -

snapshot  : frame 26, mean RGB 128 125 126
BEGIN m9 128 128 32768 9126f7e4
YwtaykIHQgZiymLKWslKSGMLa4xrjGtMYwx7z4QQhBF7z3vPlJGUkYxRhBCMUZSS
nJKUkpSSjJGMUZzTpNSlFJTTnRSlFKUUpRSc050UpVSlVJzTpNOtVa1VrVWlFKVU
rVWtVaUUpRStVa1VrVatVqUVpRWtVa1WrValVaVVrVatVrVWpRWlFa1WrVatVq0V
pVWtVq1WpRWdFaVWrValVZ0UpVWlVaVWpVWlFZ0VpRWlFZ0VnRWdFZ0VnRWlVZ1V
nRWdFJ0UnRSVFJTTlNSVFJTTjNOMk5TTjNOMkoRRhJKEk4RShFF8UYRShFJ8UnQQ
dBB0EHQQdBB0D2ONa85zzmMLWspKB0nHYopiy1rKSkhiy3NNc01rTWMLe8+MEIxQ
e898EIySlJKMUYQQjFGUkpSSlJKUkoxRjFGc06UUpRSc050UpRSlFKUUnNOlFK1U
pRSc05zUpVWtVa1VpRSlFK1VrZWlFKUUrVWtVa1VrVWtFaUVrVatVq1WpRWlFa1W
rVatVqUVpRWtVq1WrValFaVVpVatVqVVpRSlVa1WpVWlFK1VrVatVq1WpRWlFaVW
pRWdFZ0VnRWdFZ0WpRWdFZ0UnRSdFJ0UnNSU05TUlRSU04zTjNOU04yTjJKEUoxS
jJKMUXxRfFGEUnxRfFF0EHPQfBB8EHvPc85bTWOOY45jC1rKQghBx1rLYstiy0pI
YwtzTXNMcwxrC3vOhFCMUHvPe8+MUZSRjFGEEIxRlJKUkpSSlJKUkoxRnNOlFKUU
nNOdFKUVrRWlFJzUpRSlFaUVnNSc061VrVWtVaUUpRStVa1VpRSlFKVVrVWtVa1V
rRSlFK1VtVW1Vq1WrVWtVq1WtValFYyRjFGlVK1WpRWlFa1WrValFaUUpVWtlqVV
nRSlVaVWrValVqVVnRSdVaVVnRWdFaUVnRWdFZ0VnRWdFJUUlRSdFJUUlNOU05UU
lNOM04ySjNOMk4yShFGMUoyShFJ8EXwRfFF8UXxRdBBzz3QQdBBzz2vOW01jTWON
astiy0oHQcZaymLLYstSSWLLc01zTWtNYwxzj4QQjFF7z3vPjFGUkoxRhBCMUZSS
lJKUkpSSlJKMUZySpRSlFJzTpRSlFaUUpRSc06UUpRSlFJ0TnRSlVa1VrVWlFKUU
rVWtVaUUpRStVa1WrVatVa0VpRStVa1WrValFaUVpVWtVa1Wg89KB1JIWomlFKUU
pRStVq1WpVWlFaVWrZalVZ0UpVWtVq1WpValVaUUpRWlFaUVpRWlFZ0VpRWlFaUV
nRSc1JTUnRSVFJTUlNOVFJTTjJKMk4yTjJKMkoRRhFGEkoRRfBF0EHxRfBF8UWvP
c89z0HPPc89rjlsMW01jTWLLYspKCEHGYoprC2LKUkhiynNNc01zTWMMe4+MEIwQ
e897z4xRlJKMUYQQjFGUkpSSnNOUkpSSjFGU06UUpRSc06UUpRWlFaUUnNOk1K0V
pRWc06UUrVWtVq1VpRSlFK1VrVWlFKUUrVWtVa1WrValFaUUrVW1Vq1WrValVa1V
rVWtVVrKSkhrDFJIe42lFKUVrVatlqVWpRWtVq1WpRWdFaVVrVatVq1WpValFaUW
nRWdFZ0VnRWdFZ0WpRadFZ0UnRSc1J0UlNSU05TTnNSU04ySjJKU04yTjJKEUYRR
jFKEUnwRfBCEUXxRfFFz0HPQc89zz2vPa45TDFtNW01iy2LLSgdBxmLKastiy0pI
WsprTHNMa0xrDHvOjBCMUYQQe8+MUZSRjFGEEIxRlJKc0pzSnNKUkoxRnNOlFKUU
nNOlFKUUpRWlFZzUpRStVa1VnRSdFKVVrVWtVaUUpRStVa1VpRSlFK1VrVWtVq1W
pVWlFK1VrVatVq1VpRWlVaUUlNNKB0pHUkdSR1qJpRSlFK1WrZalVaUVrVWtVq0V
pRStVa1VrVatVqUVnRSlFaUVnRWdFJ0VnRWdFaUVnRWdFJ0UnRSdFJTUlJSUk5zU
lNOMkoySjNKMk4yShFGEUYyShFF8EHwQfFF8UXRRc89rj2vPa89rz2uOUwtbDGNN
YwpiykoHScdaimrLYstSSVrLc01zTnNNawx7jowQjFCED3vPlJKUkoxRhBCMUZSS
lJKUkpSSlJKMUZSSnRSlFJzTnNOlFK0UpRWk06UUrVWtVaUUpRStVa1VrVWlFKUU
rVWtVaUVpRStVa1VrVWtVaUVpRStVq1WrVatVqVVrVWc03vPSkdSSFJIUkdSR4wO
pRStVa1WpValFa1WrVatVaUVpVWtVq1VrVWlVaVUpVWlVaUVpRWlFaUVpRWlFaUV
nRSdFJ0UnRSc1JSTlJOU1JTTjJKMUoySjJOMkoRRhFGEUoRRfBF8EIRRfFF8UXPP
a89rz2vPa89jjlMLWwxjTWLKYspKB0HHWoljC2MLSklainNNc41zTWtMe86EUIxQ
hA98D5SRlJKMUoQQjFGUkpSSnNOU0pSSjFGUkqUUpRSc050TpRSlFKUUpRSlFK1V
rVWlFKUUrVWtVq1VpRSlFK1VrVWlFaUUrVWtla2VrVatVaUUrVWtVa1VrVWlFaUV
lJNrTEpHUkdSR1JHUghiyqTTrVWtVqVVnRSlVa1VrVWlFK1VrVWtVq1WrValFaVV
pVWlFaUVnRWdFaVWpVWdVZ0VnNSVFJ0VlNSU1JTTlNSM04yShJKMkoySjJJ8UYRR
hJKEUXwRfBB8UXxRfBBrz2uOa49rzmuOY41TC1MLWwxSiVqJSgdBxlqJYwtjCkqJ
WspzjXOOc01rDHuOjBCMUYQQe8+MUpSSjFKEEIxQlJKc05zTlJOUkpSSlJKlFKUU
nNOdE6VUpVSlVKUUpRStVa1VpRSlFK1VrVWtVaUUpRStVa1VrRWlFK1VtVWtVa1V
pRSUkoyQlJCdEqUUpRSlE4QQUklSCFJIUkhSSFJIUkdzjKUTrVWlFIQPc0xjCmsL
e42c0qVVrVWtVqVVpRWlVqVVpVWdFaUVpRWlVaVVpVWdFJzUlRSdFZTUlNSU05TU
lNOMkoxSjJKMk4yShFGEUYSRhFF8EHPQfFF8UXxRa89rjmuOa45rjmtOUstbC1sM
SkhSiVJIQcdaiWMLYwtSiVrKc41zjXONa017zoxQjFCEEHvPjFKUkpSShBCMUZSS
nNOc05zTlJKUkZSSpRSlFJzTnNOlFKUUpRSlFKUUrVWtVaUUpRStVa1VrVWlFKUU
rVWtVa1VpRWtVa1WrVWUkWrKWkdaRlJGWkZiyXuMe4xiymsMc01rC1qJWkdaiFqH
WohqyXtLYohSB1pHUkhSR1JGSkZ7zK1VrVatVaVVrVWtVaVVnRWlFZ0VpVWlVaVU
nRSdFJ0UnRSc1JTTlNOU05TTlJKMkpTSjJKMkoRRhFGMUYRRfBB70IRQfFF8EGvP
a45rjmuOa45jTUqKUwtbDEoHUkhSCEHGUkhjC2MLUklainNNc01zTXMMc46EUIxR
hBB7z5SSlJKUkoQQjFGUkpzTnNOc05SSlJKUkqUUpRSc05zTpRSlFK1VpRSlFK1V
rVWlFKUUrVW1lq1VpRSlFK1VrVWtVaUVrVWtVYxQUkdSR1pHWohaiFqIYol7jpzT
tZa+F74Xtddzz2MMhBCc06VVrValFZTTe89jDGtNa0xaiUoISgdzja1VrVWlVK1V
rVWlVZ0VpRWlFaVVpVWlVaUUnRSdFJ0UlRSU1IzTlNSM04zTjJKM04ySjJKEUYRQ
hJGEUXwQfBCEUYRRfBBrj2uOa45rjmuOY01KylMLWwtSSFpJUkhBxlKJawxrC1qJ
WopzTXNNc01rTXOOhFGMUYQQe8+MUZSSjFKEEIxRlJKc05zTnNOUkoxRlJKlFKUU
nNOc06UUpRSlFKUUpRStVa1VpRSlFK1VtZatVaUUpRStVa1VrVWlFK1VpRRSiVJI
WohrTIQQlJKc061Vvde9173Xvde9173XnNOtVb3Xvde9174Xvde9173XtdatVYxR
c89iykpISkec0a1VpRStVa1VpVWlFaUVpRWlVqVVpVWlFZ0UnRSdFZUUlNOU0pTT
lNOMk4RSjJOMk4yTfFGEUYSRhFF8EHwQhFF8UXQRa49rjmuOa45jjWNNSspSy1rL
UkhaSVJIQcZSSGMLawpSiVqJc0xzjWtNa01zjowQjFGEEHvPjFGUkpSShBCMUZSS
nNOc05zTlJKMUZSSpRSlFJzTpRSlFK1VrVWlFKUUrVWtVZ0UpNStVa1WrVWlVaUU
rVWtVa1VpRSlFIwQUkhSSHNMjBGc07WWtZa1lr3Xvde9173Xvhe9173Xvda91r3X
vde9173Xvde9173Xtde1150TjFFSyUpHe82tVaUUrVWtVqVVpRWtFaUVpVWlVaVV
pRSdFJ0UnRSVFJTUjJOU1JTTjNOEkozSjJOEknxRhFGEkoRRfBBz0HxRfBF8EGvO
Y41jjmuOY45jTUqLUstbDFIJWklSSUHHUklrDGsMWopSiXNNc41zjWtMc42MEIxQ
hBB7z4xRjFGUkoQQjFGUkpzTnNOc05SSlJKUkqUUpRSc05zTpRSlFK1VpRSlFK1V
rVWc06UUrVWtVa1VrVWlFK1VrVWtVaUUpRR7z1KJWsqc062VtZa1lrWWtZa91r3X
vde918YXvde9173XtZe9173Xvde9173Xvde9173Xvde917XWhFBCSWNNpVSlVa1V
rVWlFKUUpRWlFaVVpVWlVZ1VnRSdFKUVnRSc05STnNSc05STjJKMk4yTjJKEUYRR
hFKEUXwQfBCEUXxRdBBrz2OOY45jjmOOY01KilLKWstKCFJIUkhBxkpIawtrDFqK
UolrTXONc41rTXONhBCMUIQPe86UkZSSlJKEEIxRlJKc0pzSnNKUkYxRlJKlFKUU
nNOc06UUpRStVaUUpRStVa1VpRSlFK1VtZa1lq1VpRStVa1VrVWlFJzTe89SimMM
tZW1lrWWtZa1lr2Wvde918YYvdfGGL3Xvde917WXvde9173Xvde9173Xvde9173X
vde915zTSkl7z7WWtZa1lq1VpRSlFK1VpVWlVaVVpVWlVZ0UnRSdFZ0UnRSU050U
lNOU04ySjNKM0oyShFF8UYSShFF8EHPPfFF8UXwQa45jjmOOY45jjltNQopKy1MM
SkhSiVJJQcdKSGrLawxSilJJc01zjXONa4xrTYQQjFGEEHvPlJGUkpSShBCMUZSS
nNKc0pzSlJKMUZSSpRSlFJzTnNOlFKUUrVWlFKUUrVWtVaUUpRStVa2WrVatVaUU
rVWtVa1VrVWtVYxRWspjC73WvZa9lrWWtZa1lrWWvde9173Xvde9173Xvde1lrWW
vda9173Xvde9173Xvde917WWvdeUkkpJnNO9173Xvde1163Wrdatlq2WpValVqUV
pRWdFJ0UnRWdFJzUlNOdE5TTlNOMkoyTjJKEkoRRhFCEUYRRfBBz0HxRdBF0EGOP
Y05jjmOOY41jTEqKUstbDEoHWolSSEIHSkljDGsMWopSSmtNc41zjWtNa02EEIxR
hBB7z4xRlJKUkoQQjFGUkpzTnNOc05SSjFGUkqUUpRSc05zTpRStVa1VpRSlFK1V
rVWlFKUUrVW1lrWWtZatVbWWtZa1lrWWtZalE3NMWsmtE7WWtZa1lrWVtZa1l73X
vdfGGMYYvde9173Xvda1lrWWvde9173Xvde9173Xvde9173XjFBKibXWtda1173X
tde117XXtdat1q3WrZatlq2WrValVqVWnVWdFZzUnRSU1JTTjJKMk2wTbBJsEmwS
hFKEUXwQc898UXxRdBBrz2OOY45jjmONW0xKilLLUwxKB1KIWkhKB1JIawtrC1rK
UolrjHONc41zjWtNhBCMUYQQe8+MUZRSlJKEEYwRlJKc0pzSnNOckpSSlJKlFKVU
nNOlFKUUrVWtVaUUpRStVa1VrVWlFK1VtZW1lrWWvZa1lrWWvda91rWWtZaUklrK
jFC9lbWVtZW1lr3Xvde9173XxhjGGMYYvde9173Xvde9173XvdfF173Xvde917WW
tZa11oQQUoq117XXtde117XXtda11rWWtZa1lrWWtZatlq2WrVatlq2WrVWlVaVV
pVWdVZ0UfBBUEkxVTBVMFFwShBF8EHvQfBF8EHQQY45jTWOOY41jTVtNQolKylLL
SghSSVJJSgdSSGMLa0xay1KJc01zjnOOa01rTYQQjFGEEXvPjFGUkpSShBCMUZSS
nNKc0pzSlJKUkpSSpRSlVJzTpRSlFK1VrVWlFKUUrVWtVa1VtZW1lbWVtZW1lb2W
vZa9lr3Wvda91rWWpRRjDHONtZa1lrWWtZa91r3Wvde918YYxhjGF73Xvde9173X
vde9174Xvde9173Xvde917WWtZaMUVKJtZa1lrXWtde11rXWtda1lrWWtZa1lrWV
rZatVq2WrZatVaVVpVWlVaVVpRWdFJTUhNR01GSVZFRcE3RRfBBz0HwRdBFz0GOO
Y05jTWNNY01bDEKJSopSy0oGWkhaSUnHSghjDGsMYstSimtNc45zjmuNa02EEIxQ
hBB7j4xRlJKUkoRQjFCUkZzSnNKc0pTRlJGUkqUUpRSk1KTUrRStVa1VrVWtVbWV
tZa1lrWWtZa11rWWtZa1lrWWvZa9lrWWtZa1lq1Va01rTbWWtZa1lrWVtZatFa0V
tVW1lrWWxde918XXvda917WWrVWtVbWWtZa9173Xvde9173WpRRKiqUUtZa1lrWW
tZa1lrWWtZatla2WrZWtlq2WrZatlq2WpZWlVaVVpVWlVZ0UnRSdFJTTjNOM04yS
hJJ8UXQQdBB8UXwRc9BjjmNNY01jTWNNWwxCSkqLUotRx1pJWklKCEoIYwtrDGLK
UkhzTHuNc45rTWtNhBCMUIQQe8+MUZSSlJKEUIxRlJKc0pzSnJGUUZSRlJGlFKUV
rRWtFbVVtVa1lrWWtZa9lrWWtZa1lrWWtZatlq1VrVS1lrWWtZW1lrWXtZe1lnOO
c421lrWWrZWlVLWWtZa918XXvde918XXvdbF173Wvde1lq1VrVW1lrWWrVW1lrWW
vde917XWY018ELWWvde917WWtZa1lq2WrZatlaUUrVWU0pTTnROdFJ0UpVSlVKVU
pVSlFJ0UnRSU1JTUjNOM0oSShFF0D3QPfFF8EHQPa45jTWNOY01bTVsMSklKilLK
ScdaSVqJUkhKB2MKa0xiylJJYwxzjXONc41rTIQPjFCMUHvPjFGUkpSShFCMUJRP
nA2TzJPLpE2k0qUTrVWtVa2VrVW1VbVVtZW1lbWVtZa1lrVVrVStVK1UtVW1lbWV
tZa1lrWWvZa9l72XtZZrDHvPrVS1Va1VtVa1lrWWtZa1lq1UtZa9173Xvde91r3X
vda9173Xvde9173Xvde1lq1VrVW1VYxQWsqlVL3Xvde917WWtZa1lrWWrZWtVq1W
pVWdVJ0UnRSU1IRRjJKMkoySnRSVFJTTlNOU04zTjNOMkoRRdBB0D3xQfBBzz2uO
Y01jTWNNWw1TDEJJSopSy0HHWolaiUpISghjC2sMYstKiWtNc41zjWuNa0yED4xR
hBB7zoxQlJGUkYwQi86DzpRQnJGk0qUTrRStVK1VrVWtVa1WrVWtVa1VrVWtVaUU
pRSlFK1VrVW1VbWWtZa1lrWWvZa9172WvZa1lZzSWsqMkK1VtZa1Va1VtVa1lr3X
vde1lrWWxde918XXvde917XWtZatVbWWpRSlFLWWtZa1l61WrVWlFGtNfBC1lrXW
tda11rWWtZa1lrWWtZatlq2WrZallqVVpVWlVJ0UlRSUk50UlNSEUYySlROM04zT
hJKEUnQQc9B8EXQQc89jjVtNW01bTVtNWwxCiUqJUspKB1qKWopSSEpIawtrDGrL
WolrTHONc45rTmtNhBCMUYxQe86EUJSRlJGMUIxQlJGlE6UTpROlVKVUrVStVa1V
rVWtVK1UpNOckqUUpRStFa1VrVW1lrWWtZa1lrWWvZa1lrWWtVa1Vq0VtVWED2tL
rVSlE60VrVW1lrWWvde91r3WvZa918XXxdfF18XXvZe117WXtde917XXrZa1l62W
rZa1lrWWtZalVaVVrVWtVbWWtZatlq2WrZatlq2WrZatlq2WrZalla2VrVWlVaVV
nRWdFJ0TlROU05TUjNOM04yThJJ8EHPQfBB0EGvPY45bTVtNW0xbDFsLQklKikrL
SghailqKWklSCGsMa0xrDFLJa0xzzXOOc45rTYQQjBGMUXvPjFGUkpSSlJKUkpSS
nROk06UTpRStFKUUrVWlFKUUnNOlFKUUrVStVa1VtVW1lrWWtZa1lrWWtZa1lq1V
pRStVK1VrVW1lrVWlJKMUaVUrVS1lbWVrVStVbWWtZa1la1VtZXGF8YWxhfF1r3X
vde1lq1VrVWtVbWWtZa917WWtZa1lrWWrVWtVa2WtZa1lrWWrVWtVaVVpRWlFaVV
rVatVq2WrVWlVaVVpVWlVaVVnRWdFJ0UlRSM04zTjJOMkoSSfBFz0HwRdBB0D2ON
W01bTVtNW01TDEJJSkpKi0oIWspiylqJUkljDGtNYw1ai2tNe457jnOOc02MEIxQ
jFGDz4wRjFGMEZSSlJGU0qUTpROlE60UpRR7z60UpRSlFK1VrVW1VbVVtVW1lrWW
tZa1lq2WtZa1Vq1VrVWtFa1VtZatlbWVrVWlFK1UtZW1la1UnNKtVbWVvde9173X
vde918XXxdjF18XXxde91rWWrVWtVbWWtZa1lrWWtZa1lrWWtZa1lrVWrVWtVaVV
pRStVa2WrZatlq2WpVWlVa1VnNOc1KUVpRSlFaUUpRSdFJ0UnNOVFJUUlNSM1IyT
jJOEUnwRc9B8EXQQc9BjjltNW01bTVsNUsxCSUqKUotSSFqLYstiy1JKYwxrTWtM
WstrTHPOc85zjmuNhBCMUYxRe8+EEIxQYsuUkoxRlNKlE6UTpRStFK1UpRStFK1V
rVWtla1VrVW1VbVVtVW1Va1UpROtVa1VtZW1lrWVrZWtVK1UrVS1lbWWtZa1la1U
tVWtVa1VtZatVa1VtZWtVL3Wvda91sYXxdfGF8XXvde9173Xvde9173Xvde9173X
vde1lrWWtZa1lrWWtZa1lq1WpRWlFKTUnNOtVaVUpVWtlaVVpVWlVaVUnRSU04yS
jJKU03wQlNOU05TTjNOMk4SThFJ8EXPPfBBzz2vPY41bTVtNW01bTFrLQkhKSkqK
Ukliy2LKYspSSWsLc4xzTGLKc0x7jnvPe49zjoQQjFGMUYQPjBCMUGLLlJKUkpzT
pRSlFKVUrVStVK1UrVStVK1VrVWtVa1VpRSlFKUUrVWlFKVUtVWtVa0UrRStFK1V
tVW1lrWWtZW1Va1UrZWtVbWVrVStFK0UtVW1lr3Xvde+GL3XvdfGF8XXxhfF173X
vde1lrWWtZa1lrWWtZa1lrWWtZa1lrWWtZWtVa1VrVWtVa2WtZatlq1WrValFKVU
pRSdFJTSnROlFKUUpVWdFJ0UnRSEkpTUjNOM04zTjNKEkoSSfFFrz3QQbBBrz2NO
Ww1bDWMNWwxSyzpIQklKilKJYwtjDGMLWolrTHONc41jC3OOe857z3vOc86EEIxR
jFGEEIQQhBBzjpSSlJKc06UUpRSlFKUVrVWtVa1VrVWlFKUTtVWUkZzTpVStVa1V
rVWlFKUUpRSlFK2VtVW1lrVWtVWtVa1VrVW1lrVVrVWlFK0UtZa9lr3Xvde1lbWV
vda918XXxdfF18XXxde917XWtZa9173Xvde9173XtZa1lq1VrVWtVa1VtZa1lq2W
rVWlVa1VrVWtFK1VtVatlq2WpVadFJzUlNSU1JTUlNOU04SSlNOU05TUjJOMk4ST
hJOEknxRa89z0HPQa49bTVsMWwxbDFsMUws6SEKJSopaimsNa01rDGLLc017jXuO
a0xzjXvPe897z3vPjFGMUYxRhBCEEIQQlFGUkpSSnNOlE6UUpRStVK1UrRStFKTU
nJOc1K1VrVWlFKTTpRSlFKUUpRStVa2WtVWtFKTTtVW1VbVVvZa1lq1VrVStFLVV
tZa1la1UrVS1lr3XrVW1lrWXvZe1lsXXxdfF18XXvde9lrWVtZW1lq1WtZa1lrWW
tZa1lrWWtZatVa1VrVWtVa1VtZa1lq2WpVatVa1VpRWlVaVVpVWlVaVWpVWlVZ0U
nNSEkoyTjJOMkozTjJOMk4yThJJ8UXQQc9Bz0GvPY01bDFsMWwxTDFLLOkhCSUqK
YwprTHNNc01jDHNOe897z3NOe46Dz4QPhBB7z4QQjFGMUYQQhBB70HvQjFKUk6UU
pRSlFK0VrRStVK0UpRStFK0UrRSk1K1VlJKlFK1UrVWtVa1UrVWtVK0UpROtVLWV
tZWtVa1VrVWtVbWVtVW1VKTTtVW1Vb2WvdfGF8YXxhjGGMYYxdfF18XXxdfF1r3W
tZatVa2WtZe1l73Xvde1lq1VrVWtVbWWtZa1lrWWrVWlFa1VnROdFK1VrZatlq2W
rZalVaVVnRSc1J0UnNSdFJTUlNOU05TUjNSM1IyTjJOEk4SSfFF0EHPQa9Brz1tN
UwxTDFMMUsxSyzoIQklKSmMMc45zjnuOa017joPPe89zjnvOhBCEEIQQhBCMUZSS
lJKMUYxRfBBzz4RRlNOlFK1UrRStFK0UrRSk06UTpROlFKUUpRStVa1VrRSlFKTT
pNOk07VVtVW1VbVVrRWc06UUrVW1VbWVtVWtFKTTtVW1lr3Xvde918XXxdfF184X
xhjGF8YXxdfF1sXXxde9173Wvda91rWWtZW1lrWWvda9173XtZa1lrWWtZa1lq1V
rVW1lq2VpVWlVa1VpVWlVaVVpVWtVaVVpVWlVp1VlRSU04yTjJOMlIzTjJKM04yT
hJOEknxSdBFr0GuPa49jTVMMWwxTDFMMSss6SUJJSopzjnvPg8+Dz3OOe8+EEIQQ
e8+EEIxRjFGMUYQQjFGMUZSSjFGMUXQPc8+EUZSSpROtFK0UrRStFK0UpNOlFKUU
rVWlFK1VrRSk060UrRStFa1VrVWtVa0UpROlE61VrVW1VrVWrRStFLVUtVW9lr2W
vZa9lsWXxdfF18XYxhjGGMYYxhjGGMXXxdbGF8XWvda9lrVVtZalFKUUrVWtVbWW
tZatVbWWtZa1lrWWtZatVaUUpRSlFK1VrVWtVq2WrValVaVVnRSU050UnROdFJ0U
nNSdFJzUlNSU1IzTjJOEkoSShJJ8UnQRa9Brj2OOW01TDFMMUwxTDErLOkk6SUJK
e497z4QPhBB7z4QQjFGMUYQQhBCMUYxRjFGEEIxRjFGUkoxRhBFz0HPQhFKc0qUU
pRSlFK0UrRStE6UTpROc06UUnJOtFa0VrVWtVa2VpNOc0qUTrVWtVa1VrVWk1KUU
rRWtFLVVtVW1lr2WvZa9lr2WvZa91sYXxhfGGMYXxhfGF8YXxhfGF8YXxdfF173W
tZa1Vb3WvZa9173Xvde9173XtZatlq2WrVWtVa1VtZatlrWWrVWtVa1VpVWlVKVV
rVWtVa1VpVWlVZ1VnRSc1IyShFKEUnwRhFKMk4zThNOEkoSShFF8UXPPa49rjltN
UwxTDFMMUstKizoIQklCSnvQhBCEEYQRhBCEEIwRjFGEEIQQjFGUUZRSjFGUkpSS
lJKMUYQQc5Bz0IRSlNOlFKUUpRStFaUUpNSk06TTpRStFK1UpRSc06UTpROtVa0U
rRW1Va1UpROlE5zSnNOtVbWWvZa9lr2WvZa9lr2WvZa9lr3WvdfF18XXxhfGF8YX
xhjGGMYXxhfF18XXxde91r3WtZW1lbWVrZW91r3Xvde9173Xvde917XXtZatlaVV
pVWtVq1VrVW1Vq1WrVWtVa1VpRSdFJ0UnRSdFJ0UnRSdFJTUlNSEkoySjJKU04zT
jJKMkoRRfBFz0GuPa45bDVMMUwxTDFLMSos6CUJJQkp7z4QQhBCMUYQQhFCMUYyR
jBCMUYxRlJKUkoxRjFGMUZSSjFGEEGuPWw18EZSSpROlVK0UrRStFK0UpRSlFKUU
pNOk05ySpNOtFbVVrVWtVK0UpRSckqSTtVW1VbWWtZa1lrWWtZa9Vr2WvZa9lr2W
vZa91sXXxdfF18XXxhfGF8YXxhfGF8YXvhfF18XXxde9lq0VrVW1VrWWvde9173X
vde9173Xvde1lrWWtZa1lq2WrZalVaUUrVWlVK1VrVWlVaVVpVWdFJ0UlROVFJTT
jNOMk5TTlNOM04zTlNOM0oySjJKMUnxRc9Brj2OOW01TDFMMUwxSy0qKQghCSUpK
e8+EEIQQjFGEEIQQjFGUkYxQjFGUUpSSlJKMUYxRlJKUkoxRhBBzj4QRlJOckqUU
rRStFK0UrRSk05yTnNOlFKUUpRStFKUUpROlFKTTpROtFLVVvVW1lbWVtZa1lbWV
vZW9lb2VvZa9lr2WvZa9lr3Wvda91sXXxdfF18XXxdfF173XxdjF18XXvdfF173X
vda91r3Wvda91r3Wvde9173Xvde9173Xvde917WWtZa1lrWWrZW1lrWWrVatVqUU
lNOc1JzTnRSdFJ0UnRWdFZ0UlRSU1IyThFKEUpSTlJOMk4SThJJ8UXQQY49jTltM
UsxTC1MLUspKijoIQghCSYPQhBCEUYxRhBCEEIxRjFGMUYxRlJKUkpSSjFGMUYxR
jFGMUYQQhBGUkpSTlJKlFK0UpRStFK0UpRSlFKTTpROtE6UTlJKlE6UUpVStFK0U
rRS1VbVVtVW1lrWWvZa9lr2VvZW9lb2VvZa9lr2WvZa9lr2WvdfF18XXxdjF2MYY
xhjGGMYYxdjF18XXxZfF173Xvda1lbWVrVW1lrWWrVWtVZzTpNOtVbWVtZa1lrWX
tZa1lrWWtZa1lq2WrZalVqVVpVWdFJTTlNOMkoySlNOU05TTlNOU05TTlNOU05TS
jJKMkoySfFF0EGOOY45bDVLLUstSy1LLSopCCEJJQkmDz4QQjFGMUYRRhBCMUYxS
jFGEUZRRlFKUkoxRjFGMUYxRjFF7z4xRlJKUkpSSpROlFKUUpRSlFJzTlJKUUZSS
pRStFK1VrVStFKTTnJKk1K0UtVa1VrWWtZW1lbWVtZW1lbWVtVWtVb2VvZW9lr3W
xdfF173XxdfF18XXxhfGF8YXxhfGF8XXxdbF18XWxZa9lr2WvZa9lr2Wvde9173X
vde1lq1VrVWtVaUUpRStVbWWrVW1Va2WrZatlqVVrVWtVa1VpVWlVaUVpRWdFZ0V
lNSM04ySjJKMkoxSlJOUk5SSjFKMknxRdBBrj2NOWw1Sy0rMSstKikqKOghCCEoJ
e8+EEIxRjFGEEIQQhBCUUYxRhBGMUYxRlFKMUYxRjFGMUYxRe8+MUZSSlJKUkqUT
pROlE6UUrRSk06UUpRSlE6UTpROlE60TpRSk060UrRS1VbVVtVW1lbWVtVW9lbVV
rROED6TSc0y9lb3Wvda9l73Wvde918YXxdfF18XXxdfF18XXxdfF18XWxdfF1r2W
vZa9lrWWtVWtFa1WrZatlrWWtZa1lrWWtZa1lrWWtZatVZzTnRSlVaVVrVWtVa1V
rVWtVaVVpVWlVaVVpVWlFKUUnRSdFJTUlNSMk4yTjJOMk4ySjJKEUnQRY49jTlsN
UsxSy1LLSspKijoIOghCSXvPhBCMEYxRjFGEEIxRlFGMUYxRjFGMUYxRjFGMUYxR
jFGMUXvPhBCckpSSlJKk1KUUpRSlFKUUnNOck5zSlJGckqUTpRStVK1VtVW1VbVV
tVW1VbVVtVW1VaTSnJJzTYvPasyckpQQvZa9lr2WvZa9lr3WvdfF18XXxdfF18YX
xhfGF8XYxdfF18XXxdbF1r2VrVSc05ySnNOtVa1VrVWtVa1VrVWtVa1VrVWtVbWW
tZatlq2WrVWlFKUUpRSlFK0VpRWlVaVVpVWlVZ1VnRSdFJUUlRSU1IzUlNOM04yT
jJKEkoSSfFJ8EWuPY05bDVLMUstSy0qKQok6BzpIQkl7z4QQhBCMUYwRhBCMEIxR
hBCEEIxRjFGMUYxRhBCMUYxRjFGDz3vPnNKUkpSSpROlE6UTrROtFJySnNOlFKUU
rRStVbVVtVW1VbVVtVW1VbVVrVSlE4POe41aSIvPc0yc0pzTtVW1lbWVvZa9lr2W
tZa9lr2WvZa9Vr2WvZe9lr3Xvda91sXXxdfF18XWxZa1lbWVtZW1lrWWvde9173X
tZa9173XtZatlq1WrVWlFa1VpRSlFKUUpVWlVaUVpVWdFZ0UnNOc050UnRWdFZ0V
nRWVFZUUlNSM1IzTjJOMk4ySjJKMkoRRfBBrz2NOWw1Ky0rLSstKykqKOchCCEIJ
g9CD0IwQjFGEEIQQhBCMUYQQhBCMUYxRjFGMUYRRjFGMUYQQe89zjpSSlJGUkqUT
pROtE60UrRStFK0VrRWtFa0VrRWtFa0VrVStFKzTnJGUT4OOlA9iynuNe86dEq1U
tZa1lr2VvZW1lbWVtVStE6TStRStFLWVtZW91r3WvZe9161VrRS1lcXXxdbF1sWW
vZa1lq1VrVStVK1VrVWtVaUUrVStVK1VtZa1lrWWtZa1lq1VrRWck5zTpRSdFKUV
pVWlVaVVnVWdFJ0UlNOMkpTSlNOMkoySjJOMk4ySjJOMkoxShFGEUXQRa9BbTlMN
SoxKy0rKSopCSTHIOgg6CIQQhBCMEIxRjBCEEIxRjFGMUYQQjFGMUYxRjFGMUYxR
jFGEEHvPc46ckpSSlJKlE6UTpROtE6UTrRStFK0UrRStFK0UpRKUUIvNawtqymsM
g86MUZzTlJKtFK1VrVW1VbVVtVW1VaUTpROtFK0UtVW1Vb2WvdbF18XXxdfF18XX
xdfF172WvZbF18XXxZa91rWVnROlE60UrVW1lrWWtZatVrVWrVWtVbWWrVWtVaUU
rVWtVa1VrVatVq1VpRSdFKUUnROc050TpRWlFaUVpRWdFJTTjJJ8UYRRhFGEEYyT
jJKEkoSShFJ8EXPQY05TDFLLSotKi0qKQko5yEHIQgmEEHvPhBCEEIQQhBCMUYxR
jFGEEIxRjFGMUYwRjBCMEYwRjBB7znuNnJKUkZSSpROlE6UTpROlE60TrROk060U
rRRrDEpIWspjC2sLe46UUaTUrVW1VbVVtVW1VbVUrROtFK0UnNOk07VVvZa9lr2W
xZe1Va1VtZW1Va0UtZa1Vb2WvZbF18XXxdfF18XXvZa1lq1VtZa1lrWWtZa1lrWV
rVW1lrWWtZa1lrWWrVWtVa1WrValVaUUpVWtVaVVpVWlVaVVnRSdFJ0UnRSdFJTT
lNOU05TTlNOMk4zThJKMkoyTjJKEUoRSfBJz0VtOUsxKi0qLSopKiUJJOcc5yEII
g9B7z4QQhBCEEHvPhBGMUYwRhBCMUYxRjFGMEIQQhBCEEIQQc45zjpSSlJGUkqTT
pROtE6UTpROMD5yRg86c0qUTYwtjDIxRlJKlFK0VrVWtVbVVtVW1Va0UrRSckpyR
pNO1VbVVtVW1VbVVtRS1VL2WtVW1VrWWvZa9l73XvZe9lr2WvZa9lcXWxdbF1r3W
vZa1VbVVtZatFK0UrRWtFZzTpRSlFKUUrVWtVa1VtZa1la1WrVWlVaUVpVWdFJzU
pRSlFJzTpRSlFaUVnRWU1JTUjJOEUoySjJGEUYySjJOMUoyShFKEUnwRc9BjTlLM
SotKi0qLSopKSjnIOgg6CIQQe9CEEIQQhBCDz4QQhBCMUYQQjFGMUYxRjFGEEIQQ
hBCEEHPOc46ckpRSnJKk06TTpROlE6UUjFB8D3vOpNOlFKUTpRStFK0UrRS1VLVU
rVStFK0UnJKckqUUrVStVLWVtVWtFK0UrVW1Vb2WvZbFlr3WvZfF18XXvZa9lr3W
xdfF18XXxdbF18XWxda91rWVrRStVa2WtZa1lrWWtZa1lrWWtZa1lrWWrVWtVa1V
rVWtVaUUrVWtVa1VrVWlVaVVnRSMkYxRlJKUkpSSnROdFJ0UlRSU1IyThJKMkoyS
jJKMkYyShFJ8EXQQY45TDUKLSotCi0JKQkk5hznHQciED4PPhBCMEIwQe8+EEIQQ
jFGEEIwQjFGMUYxRjBCEEIQQg9B7jnuOlFKUkpyTpNOk06UTpROlE5SSpROlFKUU
pRSlFK1VrRStFK0UpROk05ySpNOtFK0UrRStFK0TpROtE7VUtVS9Vb2WvZa9lb2V
tZWtE7VUvZXF1qSSrVS1VLVUrRO1VMXWxdbF1sXWvdW9lr2WtZa1lq1WrVWtVK1V
rVWlVK1UrVW1lrWWtZa1lrWWrVatVaVVpRSlFKUUpRSlFKUUnRWdFJ0UlNOUkoyS
hFCUk4ySlJOMkoySjJOMkoySjJKEkoRRfBF70WuPUsxKi0qLSotCSkJKOcc5xzoI
hBB7z4QQhBCEEHvPhBCEEYxRhBCEEYwRjFGEUYQRhBCD0HvPc057z5SSlJGckqTT
pNOlE6UTpRSlFKUUpROlFKUUpRSlE6TSnJGk0qTTpRStFK1UrRStE5yRnJKtFK0V
tVW9Vr1VtRS9lbVUtVS9lb2VvZW9lsXXxde918XXvde917WWtZW9lsXWxdbF1r3W
vZa1VK0UrRSlFJzTnROlFKUUnNOc06UUpRSlFK1VrVWtVa1VrVWtVa1VrVWlVJ0U
nNOUkpzTnNOc1J0UnRWdFJUUlNSMk4yTjJKEknxRhJKEkoyShFGEUXxRdBBrz1MM
SopKSkpKSkpCCTHIOcg5yHvPe8970IQQhBB7z4QQhBCMEYPQhBCMEIxRjFGEEIQQ
e897z3NNg8+UkpSRnNKk06TTpNOlE6UTpRSlE6TTnJKckpySnJKc06TTrRStFK0U
pRSk05zSpROlFK1VrVWtVbVVtVWtVK0UtVW9lr2WvZa9lr2VvZW9lb3Wvda91sXX
xdfF18XXxdfF1sXWxda9lr2VrRW1VbVVtVa1lrWWtZa1lrWWtZatVrWWrVatVq1W
pVWlFKUUpRSk1KUUrRSlVaVVpVWlFJ0UnNSMk4yTjJOU05STlNOU05TTjNOEkoyS
jJKMkoxRhFF8EXQQa89KzEqKSopKikJJQkkxxzHHOgh7z3vPe8+EEIQQe8+EEIQQ
jBCEEIQQjBCMUYwQhBCEEHvPe85zjoxQlJGUkZzSpNOk06TTpNSlE6UUnNOc05zT
pNOtE60UrRStE6UTpROlE6UTrRStVLVUrROk0qTTrRStFLVVtVW1Vb1VtVW1VLVU
rNOs060TtVW1Vb2WtVa9lr2WvZa1VbVVvZbFlsWVvZW9lb2VtZW1lbVVtVW1VbVW
tVatFLVVrVW1lrWWrVW1lq1WrVatVq1VpVWlFKUUnNOc05zUnRSdFJ0UnRSVFJUU
lNOM04SShJKMkoRSfBCEUIySjJKEUoRRhFF0EHQQUwxKikKKQopCSjpJMccxxznH
e897z3vPhBCEEHvPfA+EEIRQfA+EEIRRhFGMEXvQhBB7z3vPe8+UkpSSlJGckqTT
pNKk06UTpROlE6UUpROlE5zSnNKlE5zSpROlE60UrRStE6TTpJKkk6STrNOtFLVV
tRWtFK0UrRStFK0UrVS1VbWVtZa1lr2WvZe9173Xvde9l72XtZatFbWVvda91r2V
tZWtFKUUrRSlFK1UtZa1lrVVrVWtVa1VrVWlFJzTpRSlFKUUpRSlFKUUrVWtVaVV
nRWdFJ0UlNSMk5TTlNOU1JTUlNSU1JTUjJOMk4RShFGMkoyShFGEUXxRdBBzz1MN
QopCikJKQkk6CTHHMcgxx3vPe897z4QQhBB7z3vPhBCEEHvPhBCEEIQQhBB7z4QQ
e457j4PPlJGMkZRRnJKk06TTpNOk06TSpNKc0qTTnNKckqTTrRSs1K0UrRSk06TT
nJKckqTTrRStVa0UrRStE6TSnJKtFLVVtVW1Vb2WvZa9lr2WtZW1Vb2WxdfF172W
vZbF172Xvda9lr3VvdW9lbWVrVStVbVVtZa1lrWWtZa1lrWWtZatVbVWtZa1lq1W
rVWlVaUUpRSlFKUUnNOdFKUUpRSlFKUUnRSc1JTUlJOMkoySlNOMkYxRjJKMUoxS
jJKEkoRRfFF8EXQQa89bDUqKSkpKSkIJQggxhzHHMcd7z3vPe8+EEIQQe897z4QQ
hBCEEIQQhBCEEIQQe897z3OOc457z4xRjFGMUZSSnNKc05zTpNOk05SSnNKk06UT
pROtFK0TpROk0qTSnJKtE60TrRStFKTTnJKckaTSrRStFLVVtVW1VbVVtVWtFK0U
tVW1Va0UrVS1lr2WvZa9lrVUvda9lb2WvdbF1r2WvZa9lb2VtZW1Va1VrVW1Va0V
rRS1Va0UpROc061VrVWtVa1VrVWtVa1VrVWtVaUVnNWc1JzTnNOckpTTnNSdFZ0U
lNSU1JTUjJOEUnwRc9B8EYRShFKEUnxRfBF0EGvQW01CikJKQkpCSUIJMccxxzHH
e897z3vPhBCEEHvPfBCEEIQQe8+D0IQQhBCEEHvPe89zjXOOhA+UkZRRjFGckqTS
pNKk0qTSpNKk0qTSpROc0pzSnNKlE6TTpROtFK0UpRStE5zSnNKk060TrVStVK1U
rROtVKTTrRS1Va1UtVW9lr2WvZa9lr2WvZbFl8XXxde9173Wvde9lr2WxdbFlb2W
tZW1la1UrVStVbVVrVWtVa1VrVWtVa1VpRStVa1VpRSlFKUUpRSlFJzTpRSlFKVV
pRWlFJ0UnNSU05TTnNSc1JTUlNSU1JTUlJOMk4ySjJKMkoSShFJ8UXxRdBBrz2OO
QopCSkJJOkk6CTHHMYc5yHvPc457z3vPhBB7z3vPhBCEEHvPe9CEEIQQhBB7z3uO
c01zTYPPlFGUUYxRnJKc0qTSpNKk0qTSlFGUkaTTpNOlE6UTpROlE6TSnJKcUZzS
pROtE61TrRStE6zTpJGckJyRrRS1FLVVvVW9lb2VvZW9VbUUrRS1VbUUtVW9Vb2V
vZa9lr2WvZe91sWWvZa9lbWVtZW1VbVWtVa1lrWWtZatlrWWtZa1lrWWtZa1lrWW
rZWtVa1VpRWdFJ0UnRSdFJ0UnNOlFJ0UnNSdFJUUnNSU1JTUlNSM1JSUjJOMk4yS
jJKMkYRRhFF8UXQQa89rz0KLQopCSjoJOckphzGGMcd7z3vPe8+D0IQQe897z3vQ
hBB7z3vPg8+EEIPQg897jnNNa017joxQlFCUUJyRpNKc0qTSpNKk0pyRpNOk05zT
nNKckZRRhA+ckpzTpNOlE60UrRStFKTTnJKc06TTrRS1VLVVtVW1FLUUtVStFK0U
pNOk1K0VtVa1VbVVtZW1VbVWpRSk07VVvZXF1r2VvZW1lbVVrRStFa0UrRStVK1V
pRSlFK1VrVWtVa1VrVWlFJ0UnRSlFKUUpRSlVKVVpRSlFJ0UnNOUkoxRlJKdFIyS
lNOc05TUlNOM04yTjJOEU4RShFKEUYRRfFF0EWvQa9BCi0JKQko6CTnIMYYxhzHH
c85zjnvPhBCEEHvPe8+EEIQQe897z3vPhBB7z3vPc45rTWtNawyUUYxQjFCckZzS
nNKk0qTSpNKc0ZzSnJGMUJyRnNKc0qTTpROlE5ySnJKc0qTTrRSs1KUUpRSlE60U
rRSk07VVrRStFLVVtVa1lr2WvZa9lr2Wvda918XXxde9173XtVa1VrVVxZa9lr1W
tVWtFJySrRSlFK0UrVWtVa1VrVWtVq1WrVatVa1VpRSc05TTnNOlE4xRlJKc06UU
pRSlFKUUnRSc1JTUlNSEUoRSjJKEUoRShFKMkoySjJKMkoyShFGEUXxRdBBrz2vP
Sss6SjoJOgg5yCmHMYcxh3vPe897z4PPhA97z3vPe9CEEHvPe898D3wQfBB7z3OO
a01rDFqKlFGMUIxRlJGc0pzSpNKk0qSRnJGk05zTnNOlE6TTpNOcUpySpJKUkpyS
pNOtFLUUpNOk06TTpNOk060UrRS1Vb1VvZa9lr2WvZa9lr2WvdbF1sXXxdfF18XX
xdfF173Xvda9lr2WvZW1lbWVrVWtVa1VtVW1VbVWtVWtVa1VrVWtVa1VrVWtVa1W
rVWtVa0VpVWdFJ0UnRSc1JzTnNOU04ySlNKU05TTlNOM04zUjNOEkoRShFJ8EXwR
hBGEUoRRhFF8UXQQa89rz1MMQklCSToIMgcphzGHMYd7z3OOe857z3vPe897z4QQ
hBCDz3vPg8+D0IPQe85zjWtLawxayoxRjBCMUJSRnJKc0pzSnNKk0qTSpNKk0pyR
nFGUUZySlFGk06TTpNOk06TTpNKk05yRpNOlFK0VtVW1VbVVtVW1Vb2VvZa9lr2W
vZe9lr2WvZa91r3Wvde9173Xvde9lr2WvZa9lb2VtZW1lbVVtVW1Fa0UrVWlFJSS
lJKdFKUUpRSlFKUUpRSlFKUUnNOUkqUUpRSlFKUUpRSlFKUUnNSUk5STjJKMkoRR
jJKMkoyTjJOMk4yTjJKMUoRShFKEUnxRfFF0EGvPa85bDEJJQklCCDnIMYcphzGH
e897z3uOe898D3vPe897z4QQe897z3vPe8+Dz3uOc01iy2MMc42ED4xPjE+ckZyR
nJKc0pzSnNKUUZRQnJKUUpySnJKk06TTnNKk0pyRnJKk06TUrRStFK0UtRW1VbVV
tVW1VbVVtVa1VbWVvZa9lr2WvZa9lsWWxdbF1r2Wvda9l72XtZa9lr2WxZW9VbVV
tVSs060UrVSlFK1VrVWtVK1VrVWtVa1VrVWtVa1VrVWtVaUUlJOdFJzUlJOMUpzT
lJOUk5zUlRSdFJUUlNSMlIyTjJOEUXxRhFKEUYRRhFGEUoRShFKEUoRRfBBrz2uP
W01CSjpJOgk5yCmHKYcxhnvPe457jnvPg897jnvPe8+EEIPPe897z3wPe89zjmtN
YstrDIwQjFCMUIwQnJGckpySnNGk0pzSnJGckpzSnNKckpySnJKUUZRRnJKckqTT
rROtFLVUrRStFK0UrVS1VbVVtVW1VbVVtVW1VbVVtVW1VbVVtVW9lr2WrRS1VbVV
tVW1FbVWvZa9lr2WvVW9VbVVtVS1VbVVtVW1lbVVrVWtVa1VrVWtVa1VrVWtVa1V
rVWtVa1VrVWtVaUVnRSc05TTlJKc05TTlJOMk4ySjJKU04zTjNOM04yThFOEUoRS
hFKEkoRRhFF8UXwQa89jjmOOOkpCCToIMcgxhymHMYd7z3vPe457z3vPe457joPP
g9B7j3uPe4970HvPc45rTVrLYsyMEYwQhBCMEJyRnJGckpySnJKc0pyRnJKUUYwQ
jBCMUZySnJKk06TTpNOk060TrRStFK0UtVS1FLVUtVS1VbVUrRSk0pySrRStFLVV
tVW1Vb2WvZa9lq1VtVa1Va0VrRStFLVVvVXFlr1VvZW1Va0UrRSlFKUUpRSlFKUU
rVStVaUUnJOUUqUUpRSc04xRlJKc05zTpRSlFKUUpRWlFJ0UnRSdFJTUlNOMkoyS
lNOEUYRRjJKMkoyTjJOMk4SShJKEUoRRfFF8EWvPY45jjkJJQgk5yDnIMYYxhzGH
c45zjnOOc457z3OOc45zj3vPc45zjnuOe897j3OOa01iy2LMjBCMEIwPjA+ckZyR
nJGckZySnJKUUZRRnFGcUZySnNKk05zSnJKk06TUrNSs1KzUrRStFK0UrROtE6zT
rNOtFK0UpROtVLVVvZW9lr2WvZbFl72WvZa9lr2WtZa1lrWVtZW1VbVVvZW9lb1V
tVWckqUUrRWtVa1VrVWtla2VrZW1lq1WrVWtVa1VrVWlFKUUpRSc06TUnNSU1JTT
lNOc05TTlNOU05UUlNOU1JTUjJOMk4yThFKEUYRRfFF8EYRRhFF8UXwRfBBrz2OP
a49Ki0IJOgkxyCmHKYcph3OOc41zjnOPe897j3OOc497z3PPc45zjnvPe89zjmsN
WspayoPOhA6MD4wPnFCckZySnJGckpySnJKckpzSnNKUkpyRnFGcUZyRpNKk06TT
pROk06TTpNOk0qTSrROtFLVUtVS1lbWVtVW1Vb1WtVS1VK0TtZW9lbVVtVW1Vq1V
tVatVbVVvZa9lb2VvZW9lbVVrRWtVa1VtVW1VbVVrRWtVa1VrVWtVa1VrVWtVaUU
rVWtVa1VrVWtVaVVpVWlFJzUnNSU04yShFKMUoySjJKMkoyTjNSMk4yTjJOMk4RT
hFKEUoRShFF8UHwRa9Bjj2OPSsw6CTnIOccphimGMYZzjnNOc417jnvPc85zjnvO
e897znOOc457jnOOc01rDGKKYohzCoPNhA+MD5SRlJGckZySnJKUUYxRnJGUUJRQ
lFCckZyRpNKk06TSnJCckJyRlFGckqTUpNStFK0UrVStFK0TpNO1VLVUrRS1Fa0U
rRStFLVVtVW1Va1VtVW1VbUVrRSs1LVUtVS9lbWVtVW1VK0UpROlE6TTpNSlFKUU
nRSc05zTnNOUkqUUpRSlFKUUpRSlFKTUpRSlFJzTnRSdFJ0UnRSdFJ0VlNSUk4yS
jJKMUoxShFGEUoSSjJOEUoRShFKEUnwRfFF8EXQQa89rj1sNOgk5yDnHKYYphimG
c45zjnNOe457j3OOc45zjnOOe89zjnOOc45zjWtNYsxailqJYsqDzoQPjBCUkZSS
lJGUkZySjA+MD5SRlJGckpySpJKckZySnJGMD4xQnJKc06UTrRStFK0TpJKcUaSS
pNOtE60TtVS1lbVVvZW9lr2WvZa9l72WvZa9lrWWtZa1lrWWtVa1VrUVvZW9VbVV
tVSckZySpRStFK0UrRStVa1VrVWlVa1VrVWtVaVVrVWlVaUVpVWlFZzUpNSMkpST
lJOUk4xRjFGMkZTSlNOU05TTlJSMk4yThFKEUoSSa89z0IRShFKEUXxRfFF0EGvP
a89bTToJOggxxymGKYYphnOOc05zTXOOe89zjnOOc457z3vOc41zjXuOc41rTGLL
WopayHNKg82EDowPlFCckZyRnJGckZyRnJGckZRQjA97jXNMg86UkZySnNKc06TT
pNOckqTSpNKk0pzSpNOtFLVVtVW1VbVVvVW1VLVUtVS9VbVVtVWtFK1UtVWtVK1U
rVW1VbVVvVW1Vr2VvVW1VbUUrRStFK1UrVWtVa1UrRStVK0UrRStVa1VrVWtVa1V
rVWtVa1VpRSlFKUVpRSc1JzUlNOM04RSfBGEUoRRjJKMkYySjJKM0oyTjJOMk4yT
hFOEUoRShBF8EXwQdBBrz2vPY446CTHIMccphimFKYZzjnOOc01zjnOOc45zjnOO
e89zjmtNc45zjnNNaw1iy1qKYsuED4PPg8+ED5RQlJGUkZSRnJGckYPOYspaiYwP
jA+UUJyRnNKk0pRQlFCUkZyRnJKk06TTrRStE60UrROtFKTSnNGckaTSpROk061V
tVW1FbVWrRW1VrVWtVa1Va0VlJKck6UUrVW9lbVVtVW1Va0UpNOc0qTTnJKUUpSS
nROc05zTnNOlFKUUpRSlFKUUlJKMUZzTlJKUkpzTlJKUkpTTnNSc1JTTlNSM04zT
jJOMkoRShFJ8UYRRhBGEUYRRhFGEkYRRfFF0EXQRa9Bjz2OPOgkxyCmGKUUpRTFF
c45zjnNNc057jnOOa45rjXOOc45rTWtNa01rTWsNYstSimMLjA+Dz4PPjA+UUJRR
lJGUkZyRnJGMUIxQlJGc0pzSlJGUUJRQlFCMD5RRnJKk06TTpNSk060TnJGcUZxR
pNOc0qTTpROtFbVVtVW1Vr1WvZa1lr2WvZa9lr2WvZa9lrVVtVWtFa1VvZW1VLVU
rVSc05zTpRSlFKUUpRStVa1VrVWtVa1VrVWtVa1VrVWtVaUUnRSdFJTTlJKMUoRR
jFGMUpSTjFOMkpSTjJOMk5TTjNOMk4yTjJKMk4RSfFJ8EXQRhFKEUnwRfBF0EWvP
Y89jz1NNOkophylHKYYphnOOc45rTXNNc45zjmtNa01zjnuOa01zjXNNa0xrDGLL
SklrDIwPhA6DzowOlFCUUZSRlJGUkZSRlJGckZRQjBCUUYwQjFCUkZySnNKk0qTS
pNKk0pyRlFGk0pySpNOk1K0UtVW1VbVUtVS1VLVVtVW1VbVUtVS1VbVVtVW1Va0U
rRStFbVVtVW1lb2VtVS1VK1UrRStFK0UrRStFK0UrRWtFKUUpRSlFKUUpRSlFKUU
pRSlVKUUpRWlFaUUpNSdFJTUlNSU1IyTjJOEUoRShFGMk4yTjJOMk4STjJOMk4yT
jJOEkoRShFGEEXwQdBBrz2OPY5BjT0qMKYgphymHKUZzjWtNa01zTXOOc01rTWtN
c45zjmtNa01rTWMMYwxailIJawyMD4POg86MD5RQlFGUUZRRlFGED4wQlFGMEIwQ
nJGc0pzSnNOckpySlFGUUZyRpNKk0qUTrRStFK0UrRS1VLVUpROk060TpNOk06UT
tVW1VbVVtVW1Vb1WtVWtFKTTrROc0qTStVS9VbVVtVWtVK0UnJKckpSSlJKc0pzT
lJKMUZSSnNOc05zTpNOlFJzUnNSc1J0UjJKMkpTSlNKU05TUlNSU1JTUlNOU05TT
jNOMk4yTjJOMk4yTjJKMkoyShJKEUnxRfFF8UXQQa89jz2PPW49KzCmHMYYphilG
c05zTWsNa01zjnOOa01rTXNOc45rTWtNa01rDGLLWopSSVqKawyDznvOhA+UUJRQ
lFCUUZSRjFGUUZSSnJGckpyRnFGckpRRlFGUUpySpNKk06zSpNKk0pzSnNGk0qTS
rRStFa0UrVWtVa1VtVW1VbVVtVa1VrWWtZa1lrWWtZa1lrVWrVWtFK0UtVS1VLVU
tVStFIxQlJKck5zTnNSlFaUVpRWlFaUVpRWlFaUVpRWdFaUVpNSlFZzUlJOUlJST
jFKUkoySjJKMkoySjJKMkoyTjJOMk4yTjJOMk4SThJKEk4SShJKEUYRRfBB8EHPQ
a89jz2POUwwxhzGGKYcpRnNNc01rDGsMc01zjWtNYwxrTWtNYwxjDGMMYstaiVJJ
UghrDYPPe857zoQPlFCUUJRQlJGUkZSRnJGUkZyRjBCUUZRRnFGckpzSnNKc0pyR
nJGUkIwPnJGckqTTrNOtFK0UrRStFK0UrRStFK0UtVWtVLVUtVWtFK0UrRSlFK0U
rRWtVa1VrVW1VbVVtVW1VK1UrRSlFKUUpRSlFK1UrVWtVa1VrVWtVaUUpRSlFK1V
pRWlFKUVpRWlFaUVpNSdFJzUlNSc1JTUlNSM04yThJKEUoRRhBCEUYRShFKEUoRS
hFKEUoRShFKEUnwRfBFz0GvPa9Bjj1tNKYcphymGIUZrTWtNY0xjDGtMa01rTWMN
a01rTWMNY01rDWLMWotailJKc02Dz3vOe86ED5RQlFCUUZRRlFGDz4wQjFCUkZRQ
nJGckpySnJKkkpyRlFCMD5RRnJKck6TTpNOk06TUpNOs06zTrROk0pRRpNKk06TU
rRStVK0UrVWlFK0VpNSk06zUrRSk05yStRS9VbVUtVStU6UTpNOk05zTnNOc05zT
nNOlE50UpRSc05RSlJKUkpzTjFGMUZSSlJKUkpSSlJKUkpSSlNOU05TTlNOU05TT
lNOMk4yTjJKEUoRSfBF8EXxRfBF8EYRSfBJ8EXwRdBBrz2vPY49bTjGIKYcpRylG
aw1rDWtNa01jTGMMa01rTWtNa01jDGMMWstai1pKWolSSXONg8+DjnuNhA+MUJRQ
lJCUUZRRlFGUkZSRlJGUkJSRjFCMUJSRlJGUkZySnJKkkqTTnJOc05yTlJKUUZRR
pNKk060TrRSk06UUrRWtVbVVtVW1VbVWtZa1lrWWtVa1VrVVrRWlFKUUtVS1VLVU
tVOckqTTnNKc06UTpRSlFKUUpRSlFKUUpRSlFJzUnRSdFJzUlNOUk5TTjJKEUoxS
jFKMUoxSe9BjDYxShBGEEYySlJOMk4yThJOEk4SThJOEU4RSfFKEUnxSfFF8EXQQ
a89rj2OPY086CTGHKUcpRmMMY0xrTWtNY0xjDGsNa01rTWtNYwxiy2LLWopaSVJI
Ukh7jYPOe457joQPjFCMUIxQjFGMUYxQjFCMUIwQjBCMUIxRlFGUkpySnJKckpxS
nJKckpSRnJKckpySnJKkkqUUrRStFK0UrVS1VLVVtVW1lbVVtVW1VrVWtZa1lrVW
tVa1VrVWrVW1VbVVrRStFK0UpNOlFKUUpRSlFKUUpRSlFKUUpRSlFKUUpRSlFKUV
pRWlFJ0UnRSdFJ0UnRSdFJ0UlRSU1IzUhFKMk3wRfBGEEoRShFJ8UnxRfFGEUoRS
hFKEUoRShFJ8EnxRdBF0EGvPY49jj1tPOksphylHKUZjDGMMYwxrTWMMYwxrTWtN
a01rTWMMYstay1qJUklSSVJJe457jnvNe42ED4xQjFCMUJRRlFGDzowQjFCMUIxR
lFGUUZRRlFGUkYxQlFCMEJRRlJGckpzSpNOk1KTUpNStFK0UtVStVK1VrVW1VbVV
tVW1VbVVtZa1lrWWtZa1lrWWtVa1VrVVtVW1Va0UrRStFKUUpROk06UTpNOc05zT
rRSlFJzTnNOc05zTnNOlFJzTlJKMUYySlNOc05TTnNOc05SSlJKc05TTlNOM04zT
jJOMk4yThJJ8UoRSfFF8UnQRdBF0EYRShFJ8UnwRfBFr0GvQY9BbT0KLMYcpRilG
YwxjDGNNY01jTFsLYwxrDGsMYwxjDFrLWstSiUpIUklSCGrKcwx7jHuNjA+MUIxQ
lFCMUZRQjFCMUJRQlFCMEIwPjA+MT5RQlJGUUZRRnJKckpySnNOc06TTpNOk1KzU
rRStFa0VtVS1VbVVtVW1VbVVtVW1VbVVtVW1VrVWtVa1VrVWtVa1VbVVtVStFK0U
rRSck5zTnNOk1KTUpRSc06UUpRSk1KUUpRSlFKUUpRSdFJzUnNSc1JzUnNSUk5zU
lJOMUYxRjFKEUoySjJKMkoySjJKMk4yTjJOEkoRShFKEUoRShFKEUoRSfFJ8EXQR
a9Bjz2PQW5BKzDGHKYYpRmMMYwxrDGsMYwxjDGMMYwxrDGMMWstay1rLUklKSUpJ
UkmDz3vNc417jYwPjA+MUIxQjFCUUIwQjBCMUIOOe417zowQlFGUUpRSlJKckpyS
nJKkkpzTnNOk06TTpNOs060TrRStFK0UrRStFa1VrVWtFK0UrVStVK1UrVWtVa1V
rVWtVa1VtVW1VbVVtRStFK0UpNOk1KUUpRSlFKVUpRSlFKUUpRSlFKUUpRSlFKUU
pRSlFKUUpRSdFKUUnRSdFJ0UnNSU1JSTjNOMk4RShFKEUXwRfBF8EWuPc9B8EXwR
fBF8UnxSfFJ8UnxRfBF0EHPQa9Bj0GOPUw0xhylGKUZizGLLYwxjDFrLWsxizGMM
YwxjDGLLWopailJJSghKSEpIe85zzXONc42EDoRPjFCMUIxQjFB7jowPjBCMEIwQ
jFGUUZRRlFGUkZyRnJKckpySpNOk0qTSpRKk06TTpNOk06TTpNOckqUTpNOk05yS
lFKck6TTpNOtFK0UrRSc06TUpNOtFK0TrVO1VLUTtRStFKTUpNOlE6TTnNKc05yS
nJKc05zTnNOc05zTnNOUk5SSlJOUk4ySlNOUk4ySlNOU05TTlNOU05TTlNOU05TT
jNOMk4yThFJ8EXwRdBB0EXQQa89z0HwRfFF8EXwRdBFz0GvQY9Bjj1tOMYgxRilG
Ywxay2MMYwxjDGLLYstjDGMMYwxiy1qKWopSSUoISghSSXuOc45zjXONhA6MD4wQ
jFCMUIxQjFCMUIxQjFCMUJRRlJGUUZxSnJKckpySnJKckpySnJOckZySlJKckpyS
nFKck5yTlFKk1K0UpRSlFKUUpVStFK0UrRW1VbUVrRStFK1UrVWlFKUTrVStFK0U
rRSckpRRnJKc05SSlJKUkpzTnNOlFKUUpRSlFKUVnNSU05TUlNSc1JSTlJKEUoxS
jJOMk4RShFKMk4yUjNOMk4yTjJOMk4yTjJOMkoyShJKEUoRSfFJ8UnxSfFJ8UXwR
dBBj0GPQY5BbTzHJKUcpRlrLWstjC2MMYwxay2LMYwxjDGLMWstSilKKSklCCEoI
Ukl7jnuNc41zjYQPhA+MD4xQjFCMUIxQg86ED4POhA+UUJRRlFGcUpRRlJGUkZRR
nJGUUIQPg86UUZyRnJKckqTTpNOlFKUUrRStFK0UrRWtFa0VrRW1Va1VrVWtVa1V
rVWtVa1VrVWtVa1VrRStFKUUpNOc05zTpROlFKUUpRSlFKUUpRSlFKUUpRSlFKUU
pRSlFKTUpRSlFJ0UnRSdFJUUlNSU1IyTjJOU04zTjJOEk4yTjJOMk4yThJKEkoRS
hFKEUoRShFF8EXxRfFF0UWwRa9Bj0GOQW04ySilHKUday1qLWsxjDGMMWspiy2LL
Yspiy1qKUkpSSUoIQghKCFJJe45zTXNNc4yEDowPjA+MD4wPjA+DznNNhBCMUIxQ
lFCUUZRRlFGUUYxQjFB7zZRQjBCUUZxSnJOk06TTpNOk06TTpNOk06TTpNOk05yS
pNOlFJzTnNOc06UUpRSMUZzSpROlE60UrRStVa0UrRStE6TTpNOk06TUpRSlFKUU
pRSlFKUUpRSlFKUUpRSlFJ0UpRSlFKUUnRSdFJ0UnRSc1JzUlNSU1JTUjNSM04zT
jJOMk4yTjJOMk4SThFOEUoRShFKEUnxSfFJ8UnxSfBJ0EWvQY9Bj0FuPOosphylG
WstSimLLYstiy1qKWstay1rLWstSilJJSglKCEoHSgdKB1rJa0tzjHOMhA6ED4QP
jA+MEIwQjBCMEYwRjBCMEIQQlFGMUIPOjA+MD5RQlFCckpySnJKckpySnFGUUYwQ
jBCMEZySlFGUkpSSnJKUkqTUrRWlFKTTrRStFa0UpNOc06UUnROc05zTrROtU60T
pNOk06TTpNOk06TTpNOk06TUpRSlFKUUpRSlFKUUpRSlFKUUnRSdFJ0UnRSc1JzU
nNSU1JTUlJSU1JTTjNOM04yTjJOMk4yTjJOEk4SThFKEUoRShFJ8UnxSfFJ0UXRR
dBFr0GuPY5Bbj0LMKYcpRmKKWopiy2LLYstailrLWstay1rLUopSSUoJQghCB0II
Uol7jXNMc0x7jIPOg86ED4wPjA+MEIwQe45zTXuOg897zoxQjBCMUJRRlFGUUZRR
jFCUUJSRg89zjYwQjA+MUIxQnJKc06TTpNOlFK0UrRStFK0UrRWtFa0VrVWtVa1V
rVWtVa1VrVWtFa0UrROtE6UTpNOk05zTnNOdE5zTnNOc05zUnNSdFJ0UpRSdFJ0U
nRSdFJzUlNSc1JzUnNSc05STlNOU05TTlJOMk4yTjJOMU4yTjJOMk4yThJOEU4RS
hFKEUnxSfFF8UnxSdFF0UXQRbBFj0GPQW49LDSmGKYZSy1KKWspaylrKUolSilrK
WspaylqKUklKCUIIQchByFqKe45zTHNMc0yDzoPPhA+ED4QPjBCMEHNNc42Dz4wQ
jBCMUIxQjFCMEIwQjBCED3vOjFCMUIwQlFGckpySpJOk06TTpNOk06TTpNOk05yS
nJKc0qTSpNOk06UUpRSc06UUpROlFKUUpRStFK0TrROlE6TTnNOc05zSnNOckpSS
lJKc05zTnNOc05zTnNOc05TSlNOc05zTlJKUkpTTlNOMk5TTlJKUk4yTjJOMU4yT
hJOEk4SThFOEU4RThFKEUnxSfFJ8UnxSfFJ8UXxRdFB0UWwQY9Bj0FuPU00pyClH
UopSilrLWspay1KKWopSylrKWopSiUpISghByEHHQcdSinONa0xrC3NMe86Dz4PP
hA+ED4QQjBCEEIQPhE+ED4QPe417jHNMjA+ED4xQjFGUkZSRlJGUkZyRnJKckpyS
lFGckpyRnJGMUJySlJGMUIxRlJKck6TTnJKc06TTpRSlE6TTrRSk1KTUrRStE60T
pNOc05zTlJKMUZSSjFGMUYxRlJKUkpSSjFKMkpSTlJOUkpSSlJKUkpSSjFGUk5ST
hBGEEYQShBF8EXwRhFF8EHwRfFGEUoRShFKEUoRSfFJ8UnxRfFJ8UnxSdFJ8UXRR
dBFsEGPQY9Bjj1tOKcgph1qKUkpai1qLWotSilKKUopSilKKUklKSUoIQcdBx0HH
WspzjXNMa0xzTIPOg8+Dz4PPjA+ED4QPe86DznuNc0x7jnNNe46ED4xQjFGMUZRR
lFGUUZRQlBCMEIPPjBCckpRRnJOc05zTnNKlFKUUpRSlFaUUrRStFK0UrRStFK0U
rRStFa0VrRSlFK0UpROk06TTnNKck5SSlJKU05SSnNOc05zTnNSc05zUnNSc1JzU
nNSc1JTTlNOU1JTTlJOU1IyTjJOEk4RSfBF8EXwRdBFz0HQQdBB0EWvPc9B8EYRR
dBB0EHxRfFF8UXRRdFF0UXRQbBFj0GPQY5BbjyoJKYZailKKUopailqKUkpSilKK
UopSikpJSkhKCEHHOYY5h1qKc01rDGsMa02DzoPOg86Dz4PPe897jnvPe857znwP
hBCEEIwQjBCMEIwPi8+Dz4PPhA+MEJRQnFGUkZyRnJKc06TTnNOc06TTpNSk06TU
pRSk1KUUpRSlFKUUnNOk06UUpRSlFKUUpRStFKUTpRKlE6TTnNOc05zTnNOc05zT
nNOc05zTlJKUk5zTnNOc05zTlJKUkpSSlNOU05TUlNOU05TTjNOMk4yThJOMk4ST
hJOEUoRShFJ8UnwSdBF0EWvQY89sEXxSfFJ8UnxRdBF0EXQRa9BjkGOQW086SymH
WopSiVKKUopSilKJUkpSilKKUkpKSUIIQcc5xzmHOYZKCFpJawtrC3NMg817zYPO
g86EDoPOg8+ED4PPg8+ED4QPe857zoQPjFCDz4PPjBCUUZRRlFGcUZRRlJGUkZyS
nJKckZySnJKMD5RQnFGckpySjFCUUZySnNOck5SSlJKc05ySnJOckpySpNOs06TT
pNOk0pySlJKUkYxRhBB7z4QQlJGc05SSlJKUUpSSlJKUkoQQhBCEEIyShFGEUYxR
jFKMUXvPfA+EEIRRfFCEUoRShFJ8UoRThFOEUoRSfBJ8UnwRfFJ8UnxSfFJ8UXQR
dBFsEWvRY5BjkFuPQowph1KKSklSiVKKUopKSUpJUklSilJJUklKCEIIOcc5hjmG
WstrTWsLawtzTHuOe857znvOg8+DzoPOg857jXuOe457jnuOe4+Dz4xQjFCMUIxQ
jFGMUYxQjFCMEIwQhBCMUIxQlJGUUZyShBCUUpyTnJOc1JzTnNOc06TUpRSlFKUU
pRSlFKTUnNSc06TTpNOk06TTnNOc0pSRjFGMUYxRjFGMkpSTlNSU05TTlNOU1JTT
lNOU05STjFOMlIyTjJOEUoxThFN8EXPQc9B8EHPPfBB0EHPQfBB0EGvQhFJz0HPQ
c9B0EHQRfFJ8UXxRfFF8EXQRdBFr0GOQY9Bjj0sMKYZaikpJUolSilKKSkpKSVJJ
UklSSVIISchJyEGGOYY5hmLLa01jC2MLa0t7jXvNe82DzYPNawtjCnOMe817zoPP
g8+ED4QPjFCMEIwQg8+Dz4PPawtzTHuOg8+MEIxRlFGUUZySnJKk06TTpNOk06TU
pRSlFKUUpRStFKUUpRSlFKUUpRSlFKUUpRStFKTTpNOk0pzSnJKUkpSSlJKUkpST
lJOc1JzUnNSc1JzTnNOc1JzUnNSU1JTUlNOU05TTlNOU05STjJOMk4yThJOEk4RT
hFOEUnxSfFJ0EXQRdBFr0GvQa9Bj0HRSdFJ0EnQRdBF0EXQRa9Fj0WPRW5BLDimI
UklSSVJJUkpSikpJUklSSVJJSklCCEIIQcc5hjmGOYZiy2tMYwtjC2tMc417zXvN
e857znONc42ED4PPg8+Dz4POg857zoPOg857jWsLe42Dz3uOg9CUUZRRlJGUkZSR
nJKckpySnJKc06TTpNOk06TUpRSlFKUUpRSlFKUUpRSlFKUUpRSk06UUpRSlE5zT
nNKc0pySnJKUkpSSlJKc05zTnNOc05zTnNOc05zTnNOc05zTnNOc05TTlNOU05TT
lNOU05TTlJOMk4yTjJOEk4SThJOEk4RThFOEUnxSfFJ0UnQSdBF8EnQSdBF0EXQR
dBFsEWwRY9Bj0FuQU04piFJJSklSSVJJUopKSUpJSklKSUpJQghBx0HGOYY5hTmG
astrC2MKYwpzTHuNe417jXvNe857znvNg857jYPPc01jC2LLc0x7jYPPe8+EEIQQ
jBGMUYxRjFGUUZRRlJGUkZSSlJKckpyTnNOk06TTpNOk1KUUpRSlFKUUpRSlVKUU
pRSlFKUUpRSdE6UUpNKk0pzSnJKUkpSSlJKUkpSTlNKUkpSSlJOU05TTlNSU05TT
lNOU05TTlNOU05TTlNOU05TTlJOUk4yTjJOMk4yTjJOMU4yThFOEkoRShFKEUoRS
fFJ8UnxSfFJ0UXQRdBF0EXQRbBFsEGPQY9Bj0FuPMclSSUpJSklKSUpJSghKSVJJ
SklKCEIIQgc5xjmHMUYxhmLLawtiymLKa0tzjXuNe817zXvNawtrCnNNYst7jmtN
a05zj4QPhBCEEIwQjBCMEIwQlFGMUZRRlFGUUZRSlJKUkpzSnJKc0pzTnNOc06TT
pNOk06TUpRStFKUUpRSlFKUUpRSlFKUUpRSlFKTTpNOc05SSlJKUkpSSlJKUkpSS
lJKck5STlJOUk5STlNOM05TTlNOU05TTlNOU04zTjNOMk4yTjJOMk4yTjJOMk4yS
jJKEkoRShFKEUoRSfFJ8UnxSdFJ0UnRSdBF0EXQRdBF0EXQRc9Fr0GPQY9BbjzIK
UklSCEpJUklSSUpISklKSEpJSghByEHHOcc5hjGFMYVKB1JIYsliyWtMc4xzjXPN
e457zWtMc01zjXOOe897z4PPg8+ED4QPhA+MD4wQjBCMEIwQjFCMUJRRlJGUkZSR
lJKckpySnJKckpzTnNOc05zTnNOk06TTpNSlFKUUpRSlFKUUpRSlFKUUpRSk05zS
nNKUkoxRjFGMUYxRjFGMUYxRlJKMkoySlJKUkpSSlJOUk5STlJOUk4yTjFOMkoyS
jJKMkoySjJKEkoRShFKEUoRShFKEUoRSfFJ8UnwSfFJ8UnwSdBJ8EnwSdBF0EXQR
bBFsEWwRbBFj0GPQW486ikpJQghKSUpJSklKCUoISghKCEIIQcdBxzmGOYYxRTmF
Ystiy1rKWsprTHNMc4xzjXONc41zjXuOe857znvOe86ED4POg8+Dz4QPjBCMEIwQ
jBCMEIwQjFCMUJRQlFGUUZRRlJGUkpySlJKc0pzTnNOc05zTnNOk06TUpNSlFKUU
pRSlFKUUpRSk1KTUpNOckpySlFGUUYyRhBCEEIxShA+EEIQQhA970IQQjFGEEIRQ
hFGEUYRRjFGUkoxRjJKMkoSSjJKEkoySjJKEkoRSfFJ8UXxRfFF8UXxRfFF8UHwR
dBF0EXQRdBF0EXQRdBF0EXQRdBFsEGQQY9Bj0FuPOotKSUoJSglKSUpJSklCCEII
QghCCEHHQcc5hjGFMUU5hWMLYstaylrJa0tzi3OMc41zjXONc41zjXuOe857zoPO
g86DzoPPg8+ED4QPhA+ED4QQhBCEEIQQjBCMUIxQlJGUkZSSlJGU0pSSnNKc0pzT
nNOc05zTpNOk1KTUpNSlFKUUpRSlFJzTnNOlFJzTlJKUkpRRjBCUUYPPhBCMUYRR
hFGEUYRRhFGMkoyTjJKEUoRShFKEUoRSjNOMk4STjNOEkoyThJN8UoSShFF8EXPQ
a9Bz0HPQa9B0EHwQfBF8UnxSfFJ0UnQRdBF0EXQRdBF0EXQRdBFsEGPQY9FbkEMN
SklKCEIISghKCEIIQghCCEIHQcdBxznHOYYxRTFFMYViy2LKWolaiWsLc0xzTHON
c41zjXOOe457jnuOg86DzoPOfA57znvOg8+Dz4QPhA+ED4QQhBCMEIwQjFCMUYxR
lFGUUZSSlJKckpySnJKk05zTnNOc05zTpNOk06TTpNOk1KTUpNOk06TTpNOc0pSR
lJGUkZRRjFGMUYxRlFKUkpSSlJKUkpSSlJKUk5TTlNOU05TTlNOU05TTlNOU05TT
lJOMk4yTjJOMk4yTjJOMkoRShFJ8UnxSfFF0UXQQfFF8UXxSdFF0UXQRdBF0EWwR
bBFr0WwRbBBj0GPQW5BTTkoISghCCEoISghCCEIHQghBxznHOYc5hjGGMYUpRTmG
YstiylqKWsprTGtMc0xzjHONc41zjXuNe417jXvOe86DznvOe857znvOfA+ED4QP
hA+EEIwQjBCMEIwQlFCMUJSRlJGUkpSSlJKc0pySnJOck5zTnNOc05zTpNOk06TT
pNOc05zTnNOc05zTlNKUkZSRlJGUkYxRjFGMUYxRjJKUkpSSlJOUk5yTlJOUk5ST
lNOU05TTlNOU05TTlNOUk4yTjJOMk4yTjFOEk4yThJKEkoSShFKEUoRShBF8UnxS
fFJ0UXxSdFJ0EXQRdBF0EWwRbBBsEGvRY9Bj0GPQW49KCEIIQchByEHIQchBx0HH
Qcc5xzmGOYYxRjFFKUU5hVqKWopaiVqJawpzS3NMc4xzjXONc41zjnOOc45zjnPO
c857znvOe857zoQOhA+ED4QPhA+ED4wQjBCMEIxQjFCUUZRRlFKUkZySnJKckpyT
nNOc06TTnNOc05zTnNOc05zTnNOc05zTnNOc05ySlJGUkZRRjFGMUYxRjFKMUoxR
lJKUkpSSlJKUk5STlJOUk5STlNOU05TTlNOU05STjJOMk4yTjJOMk4xTjJKMk4ST
hJKEkoRShFKEUoRSfFJ8UnxSfFJ8UXxRdBF0EXQRdBF0EGwQbBBsEGvQY9Bj0FuP
QcdBxznHQcdBx0HHOYc5h0HHOYY5RTlFOUUxRTFEMURCB1JHWohaiWsLa0tzS3NM
c0xzTXONc41zjXONe457jnOOe857zoPPfA6DzoPOfA+ED4QPhA+MD4wPjBCMUJRR
jFGMUZRRlFGUkpSSlJKUkpSSnNOc05zTnNOc05zTnNOc05zTnNOUkpzTnNOc0pSR
lJGMUIxRjFGMUYxRjFGMUYxRjFKMkpSSlJKUkpSTlJOUk5TTjNOM04zTjJOMk4yT
jJOMk4STjJOMk4SThJOEkoSShFKEUoRShFKEUnxSfFJ8UnxSfFJ0UXQRdBF0EXPR
dBF0EHQQa9Fj0GPQY9Bbj0HIOcc5xznHOcc5xzmGQYY5hjmGOUYxRTFFMUUpBDmG
WopailKJUoprC2tLa0xrTGtMc41zjHONc417jXuNe417jnuOe857znvPg8+Dz4PP
hA+ED4QPhA+ET4QPjA+MEJRRlFGUUZRRlFKUkpSSlJKUkpSSnNOc05zTnNOc1JzT
nNOc05zTnNOc05zTlJKMkYxRjFGMUYxRjFGMUYxRjFGMkYxRjJKMkoySjJKMkoyS
jJOMk4yTjJOMk4yTjJOMk4yTjJOMU4yTjJOEkoSShJKEkoRShFJ8UnxSfFJ8UnxS
dFF8UXxRfBF0EXQRdBF0EWwRbBBsEGvQY9Bj0GPRY9A5hjmGOYU5xUHGOcU5hTmG
OYUxhTFFMUUxRTFEMQRBhlqKUolSiVrKawxrDHMMa0xrTHNMc0xzjHOMe417jXuN
e457jnuOe857zoPOe857znvPhA+ED4QPhA+EEIwQjBGMUYxRjFGMUYxRlJKUkZSS
nJKckpyTnNOc05zTnNOc05zTnNOc05zTnNOUkpSRjFCMUIxQhBCEEIQQjFCMUYxR
jJGMUYyRjJKMkoySjJOMkoySjJKMkoySjJKMk4yTjJOMk4yTjJOEk4SShJKEUoRS
hFGEUoRSfFJ8UnwSfFJ0UnRSdFJ0EXQRdBF0EXQRdBBsEGwQa9Bj0GPQY9Bj0GPP
OYY5hTmGQYZBhjmGOUY5hjmGMUUxRTFFMUUpRCkEQcZaylqJUohaiWMKawtrS2tM
c0xrTHNMc4xzjHONc41zjXONe457joOOg86DznvOhA6Dz4QPhBCEEIQQhBCEEIQQ
jFCMUYxRjFGMUZSSlJKUkpSSlJKUkpSSlJKc05zTnNOc05zTnNOUkpSSlJKUkYxQ
jFCMT4QQhBCEEIQQhBCMUYxRjFGMUYxSjJKMkoySjJKMk4ySjJKMkoySjJKMkoyS
jJKMkYySjJKEkoSShFKEUoRShFKEUnxSfFJ8UnwSfFJ8UnRSdBF0EXQRdBF0EXQR
bBBsEGwQY9Bjz2PQY9Bj0DFFMUYxRTFGMYYxRjFFMUUxRTFEMUQxRClEKQMpAznG
WopSSFKIWolrC2sLa0trTGtMc4xzTHNMc01zTXONc41zjXONe417jnuOe46DznvO
e897z4PPhA+ED4QPhFCMUIxQjFCUUJRRlFGUUZSSlJKUkpSSlJKUkpSSlJKUkpSS
lJKUkpSSlJKUkpSSlJGMUYwQhA98D4QPhBCEEIQQhBCEEIxRjFGMUYxRjFKMkoyS
jJKMkoySjJKMkoySjJKMkoySjJKEkoSShFKEUoRShFKEUoRSfFJ8UnxSfFJ0UXRR
fFF0UXQRdBF0EXQRdBFsEGwQbBBr0GvQY9Bj0FvQY9AxRDEEMQQxAykEKQMpAykD
KMMpAyjDKMMgwiDCIMNBxlqJUkhSSFqJawtrCnNKa0trS2tLc0xzTHNMc41zjXON
c41zjXONc41zznvOe857zoQPg86ED3wPhA+ED4QQhBCEEIwQjFGMUYxRjFGMUZSR
lJKUkpSTlJKU0pSSlJKUkpSSlJKUkoyRlJKMkYxRhA+ED3wPe897z3vPhA+EEIQQ
hBCEUIxRjFGMUoxSlFKMUoySjJKMkoySjJKMkoyShJKEkoSShFKEUYRShFKEUoRS
hFKEUnxSfFJ8UnxRdFF0UXRRdBF0EXQRdBF0EGwQbBBsEGwQa9Bj0GPRY9Bb0FvQ
IIIggiCCIIIggiBCIIIggSCBIIEgwSCBIIEggRiBMURBx0oISkhaSWrLawtrC2sL
a0trTHNMc0xzTHNMc41zjXONc41zjXONc417jnvOe86DzoPOg86DzoPOhA+ED4QQ
hBCMUIxQjFCMUYxRjFGMUpSSlJKUkpSSlJKUk5zSlJKUkoxRlJKUkpSSjFGEEHvP
e89zznvOe857z4QQhBCEEIQQhBCEUIRRhFGMUYxSjFKMUoxSjJKMkoySjJKMUoSS
hFKEUoRShFKEUnxSfFJ8UnxSfFF8UXxRfBF8UXxRdFF0EXQRbBFsEXQRc9BsEGwQ
bBBkEGPQY9Bj0GOPY49bjyCBIIEggSCBIIEggSCBIIEggSCBIIEggSCBGEEggUHG
WolSSFJIWoliymMKYwpjC2MLawtrTGtMa0xrTHNMc01zTXONc41zjXPOc45zznPO
e858DnvOe857zoQPhA+ED4QQhBCEEIxRjFGMUYxRjFGMUYxRlJKUkpSSlJKUkpSS
lJKUkpSSlJKMUYQQhBBzjHOMc4x7zXvOe858DoQPhBCEEIRQjFGMUYxRjFGMUYyR
jJGMkYySjJKMkoxShFKEUoRShFKEUnxShFKEUoRSfFJ8UXxRfBF0UXxRfFF8EXwR
dBF0EXQRdBF0EGvQa9Br0GvQa9Br0GvQY9Bj0GOOQokYQiCBGIEggSCBIIAggSCB
IIEggSCBGIEYgRiBGIFBxlqJUkhSSFqJYspiymMKY0pjSmNLa0xrTGtMa4xrTGtM
a0xrTXONc41zjXONe417jXvNe857znvOe857znwPhBCEEIQQjBCMEYxRjFGMUYxR
jFGMUZSRlJKUkpSRjFCED3vNa4trSmsJWohSBkGFIMEpAikCKQIxAzEDMQMxAzEE
MQMxQzFDMUQxQzGEOUQ5hTnFOYVBxUHFScVJxUnGScZKBkpHSkdSiFrJWspbClsL
YwtjTGtNa45rz3QQdFB0UHRQdFF0EWwRbBBsEGwQa9Br0GvQY9Bj0GPPY89CSRjD
GEIggRiBGIEYgRiBGIEggSCBIIIggSCBIIAggSCBSgdSiUpISkhSiVrKWspbCmMK
YwpjCmMLY0trS2tMc0xrTGuMc01zTXNNc01zjXONc417jXvNe857znvOe857z4QP
hBCEUIxQhFCED3uNc0xqymJIUgZJhDkCMMEogCCAIEAYQBhAGEAYQBhAGEAYQRhB
EEAQQBBAEEAQQQhBEEEQQRBBEEEQQRBBCEEQQRBBEEEQQRBAEEAQABBAEAAQQBBB
EAEQARABEAEQARABCAEIAQgBCAEIAQgBCAEQQRBBEEEYgiDDKQQxRTnGOcY6B0JI
SklKilLLWwtbDEIIGIMYgiBCIIIggiCCGIIggiCCIIIggSCBIIIgghiBGIEYgkoI
SkhKR0pHUohbCVsJYwpjCmMKYwpjC2MLY0trS2tLa0xrTGtMa01zTXONc41zjXOO
c457znvOe817jXNMawlaiEoGOYQwwiiCIEEgQRhBGEEYQRBAEAAQABABEAAQABAB
CAEQARABEAEQARBBGEEgghhCGEEYQRhBGEEQQRBBEEEQQRBBEEEQQRBBEEEQARAB
EAEQARABCAEIAQgBCAEIAQgBCAEIAQgBCAEIAQgBCAEIAQgBCAEIAQgBCAEAAQgB
CAEIAQgBCAEIAQgBCAEIARABEEEQQRBCGIIYghCBGIIYgRiBGIEggSCBIIEggSCB
IIEggSCBIIEggRiBGIFKB0oISgdKB1KJWslayWLKYspiymMKYwpjC2MKY0tjTGNM
a0trS2tMa0xzTHNMYwpayVKIScY5RDEDIIIYQRBBEEEQQQgBEAEQARABEAEQARAB
EAEQARABEAEQARABEAEQARABEAEQARABGAEYQCCBKMIowijBIIEggSBAGEAYQBgA
EEAQQBBAEEAQABAAEAEQARABCAEIAQgBCAEIAQgBCEEIAQgBCAEIARABEAEIAQgB
CAEIAQgBCAEIAQgBCAEIAQgBCAEIAQhBEEEQQRiBGIEYgRiBGMIYwhjCGMIYghiC
IIEYgRiBIIEggRiBIIEggSCBIIEggSCBIIEYgSDCOYVBxkoHSkdaiVqJYsliyWrK
YspiymMKYwtjC2NLawtjC2MKWohSR0HFMUMowiCBGEEQARAAEAAQABAACAEIAQgB
CAEIAQgBCAEIAQgBCAEIAQgBCAEIAQgBCAEIARABEAEQARABEAAYASBAIIAowTEC
MQIxAijBKMEggSCBGEEYQBhAGEAYQBhAEEAQQBBAEEAQQBBAEEAQQBBAEEAQQBBA
EEAQQBAAEAEQABABEAAQABABCAEIABBAEEEQQRBAEIEQgRCBEIEYgRjBGMEYwhjC
GMIYwhjCGMIYwhiCGIIYQiCBIIEggSCBIIEggiCBIIEggSCBIIEggSCBIIEYwkoI
QghCB0IIUklailrJWspayVrJWolaiFJIUgdJxjlFKMMgghhBGEEQQBAAEAEQARAB
EAEQAQgBCAEIAQgBCAEIAQgBCAEIAQgBCAEIAQgBEAEQARABEAEQARABEAEQABhA
EEAQQBBAGIAggCjBMMIxAzECMQIowijCKMIgwSCBIIEggRiBGIAYgBhBGEEYQRhB
GEEQQRBAEEAQQBBAEEAQQBBAEEAQQAhAEEAQQBBBEEEQQBhAGEAYgBiBGIEYghiC
GIEYgSCCIMIgwiDCIMIgwiDCGMIYwhiCEIIYghiCGIEggSCBIIEggSCBIIEYgSCC
GIIYgiCBIIEggRiBIMJKCEoHQgdKB1JISkdKB0HGOYUxRCkDKMIogSBBGAAQABBA
CAAQAQgBEAEQAQgBCAEIAQgBCAEIAQgBCAEIAAgACAEIAQgBCAEIARABEAEQARAB
EAEYARABEAAQARAAEAAQQBBAGEAYQCCAKIEowTDCOQM5AzjDMMMwwijCKMIogSiC
KMIggSCBIIAYgRiBGIEggRiBGIEYgRiBGIEYgRiBGIEQgRiBGIEYgRiBGIEYgRiB
GIEYgRiCGIEYgRiBGIEYwRjCGMEgwiDCIMIgwSCCGIMYwhiCGIIYghiCGIIQQhBB
IIEggSCBGIEggSCBIIEgQSCBIIEggRiBGIEYgRjBMYQxRDmGMUUowyDCIMEYgRhB
GAEQARABEAEQARABEAEIAQgBCAEIAQgBCAEQARABEAEIAQgBEAEIAQgBCAEIARAB
EAEQARABEAEQARABEAEQARAAEEEQABBAEEAYQBhAGEAYQCCAIIEggSjCKMIxAjED
OQMxAjECMQIxAzDCMMIowijCKMIgwSDBIMEgwSDBIMEgwSDBIMEogSCBIIEggSCB
IIEggSCBIIEggRiBGIEggSCCIIIgwiDCIMIgwiDCIMIgwiDCIMMYwhjCGMIYwhjC
GMIYwhjCGIIYghiCGIIYgRiBIIEggSCBIIEggSDBIIEggSCBIIEggSBBIIEggSCB
IIEgwhhBGEEYQRBBEEEQQRAAEAEQARABCAEQARABEAEQARABEAEQARABEAEQARAB
EAEQARABEAEQARABCAEIAQgACEAQQRBAEEEQQBBAEEAQQBBAGEAYQBhAGEAYgBiA
IIAggSDBKMIwwjDCMQI5AjECMQIxAzECMQMxAjECKMIowijCKMIowiDCIMIowijC
IMIgwiDCIMIgwiDBIMEgwSDBIMEgwSDBIMIgwiDCIMIgwiDCKMIgwhjCIMIgwiDC
IMIgwiDCIMIgwiDCIMIgwiDCIMIYghiBGIEYgRiBGIEggSCCIIEggRiCGIIYgRiB
GIEggSCBIIEggSCBIIEggRhBEEEQQRBBEEEQQRBBEEEQQRABEAEQARgBEAEQARBB
CEEIQRBBEEEQQRBBEAAQABABEAAQARAAEAAQABAAEAAQABBAEEAYQBhAGEAYQBhA
GEAYQBhAGEAYQBhAIEAogSiBKMEowjECMQIxAjkCOQI5AjkCOQM5AzECMQIxAikC
KQIowijCKMEowijCKMIgwiDCKMIowijCKMIowikCIMIgwhjBIMEgwiDCIMIgwiDC
IMIgwiDDIMIYwiDCIMIgwiDCIIIgwiDCIMMgwiCCGIIYghiBGIEYgRhBGIEQQBBB
IIEggSCBIIEggSCBIIEggSCBIIEggSCBIIEggRiBGIEYgRhBEEEQQBAAEAAQABAA
EEAQQAhAEEAQQBBBEEEQQQhAEEAQQBBAEEAQQBBAEEEQARBBEEEQQRBAEAAQABAA
GEAYQBhAGEAYQBhAIEAYQBhAGEAYQCCAIIEowSDBKMEowSjCMMIwwjDCMQIxAjED
MQMxAzEDMQIxAzECMQIxAjECKQIowijCKMIowiDCIMEowijCKMIogiiCKMIowikC
IQIgwiDDIMMgwyDCIMIgwiDCIMIgwiDCIIIgwiDCIMIgwiDCIMIgwhjCGMIYwhjC
GIIYghiBGIEYgRCBEIEQgCCBIIEggSCBIIEogSCCIIEggSCBIIEggSDBIIEggSBB
IIEggRiBGEAYQBhAGEAYQBhAGEAYQBhAGEAYQBhBGEAYQBhAGEEYQBBAGEAYQBhA
GEAYQBhAGEAYQBhAGEAYQBhAGEAYQBhAGEAYQBhAGEAYgCCBIIEggSCBKIEowSjC
MQIpAijCMMIwwjECMQIxAjECMQMxAzECKQMxAykDKQMpAykCKQIpAykDKMIpAyjC
KQMpAijCKMIowijCKMIowijCKMIgwiDCIMIgwiDCIMIgwiDCIMIgwiDCIMIgwiDC
IMIgwiDCIMIgwhiBGIIYghiCGIIYghiCGIIYgRCBEEEggSCBIIEggSCBIIIggiCB
IIEggSCBIIEggSCBIIEggSCBIIAggBiAGEAYQBhAEEAYQBhAGEEYQRhAGEEYQRhA
GEAYQRhAGEAYQBhAGEAYQBhAGEAYQBhAGEAYQBhAGEAYgBiAGIAYgBiAGEEggCCB
IIEggSCBIIEggSDCIMIowijCKMIowijCMQIxAjECMQMxAjECMQIxAjECMQIxAikC
KQIpAikCKQIpAikCKQIpAikCIQIowijCKMIgwiDCIMIgwiDCIMIgwiDCIMIgwyDC
IMIgwiDCIMEgwiDCIMIgwiDCGMIYwhjCGIIYghiCGIIYghiCGEIYghiBGIEQQRBB
IIEggSCCIIIggiCCIIIggSCBIIEggSCBIIEggSCBIIEggSCBIEEYgRiAGIAYgBiA
GIAYgCCAIIAgQBhAGIAYgBiBGIAYgBiAGEAYQBhAGEAYQBhAGEAYQBhAGEAggCCA
IIAggCCBIIEggSCBIIEogSiAIMEogSjBKMEowSjCKMIowjDCMMIwwjEDMQMxAzED
KQMpAjEDMQMxAzEDMQIxAikCKQIpAikCKQIowijCKQIpAijDKMMowyjDKMMowijC
IMIowijCIMIgwiDCIMIgwiDCIMIgwiDCIMIgwiDCIMIgwiDCGMIgwhjCGMIYwhCC
GIIYghiCGIIYgRiBEIEQQSCCIIEggSCBIIEggRiBGIEggSCBIIAggSCBIIEggSCB
IIEggSCBIIEYgRiBGIEYgRiBGIEYgRiBGIEYgRiBGIEYgRhBGEEYgBiAIEAggBiA
IIAggBiAIIAggCCAIIEggSCAIMAggSCBKIEggSCBIIEggSCBKMEowSjBKMIowijC
KMIwwjDCMQIxAjECMQMxAzECMQIxAzEDMQMpAykDKQMpAikCKQIpAiECKQIpAikC
KQIpAijCKMIowyjDKMMgwiDCIMIgwyDCIMIgwiDCIMIggSDCIMIgwiDCIMIgwhjC
GIIYwhiCGMIYwhjCGIMQghCCEIEQgRCBGIEYgRCBEEEggiCBIIEggSCBIIEYgSCB
GIIYgSCBIIAggSCBIIEggSCBIIEggSCBIIEggSCAIIAggSCBIIEYgRiBGIEggSCB
IIEYgSCAIIAggCCAIIAggCCAIIAggSCBIIEggRiBIIEggSCBIIEggSCBIIEgwSDB
IMEgwSjCKMEowijCKIIowijCMQIowjECMQIxAzEDMQMxAzEDMQMxAzEDMQIpAikC
KQIpAikCKQIpAiDCKMIowijCKMIowijDIMIgwyDDIMIgwiDCIMIgwhjCIMIgwiDC
IMIgwiDCIIIgwiDCIMIgwiDBGMIYwhjCGIIYghiCEIIYghiBGIEYgRiBEIEQQRBB
IIEggSCBIIEggSCBIIEggRiBGIEYgRiBIIEYgSCBIIEggSDBIIEggSCBIIEggSCB
IIEgQRiBIIEggSCBIIEggSCBIIEggCCAIMEggSCBIIEggSDBIIEggSCBIIEggSCB
IIEggSCBKIEowSjBKMEowSjBKMEowSjCMQIxAjECKMIwwjEDMQMxAzEDMQMxAzEC
MQIxAykCKQIpAikCKQIpAikCKQMpAykCKQIpAikCKQIpAikCKQIhAiDCIMIgwiDC
IMIgwiDCIMIgwiDCIMIgwiDCIMIgwhjCGMIYwhiCGIIYghiCGIIYghiCGIEYgRhB
EIEQgRCBEIEQgRBBEEEQQSCCIIEggSCBIIEggSCCGIEYgRiBGIEggSCBIIEggSCB
IIEggSCBIIEggSCBGIEYgSCBIIEggSCCIIEggSCBIIEggSCBIIEggSCBIIIggiCB
IIEggSCBIIEggSCCIMEgwSDBIMEgwiDBIMEgwSjBKMEowSjBKMEowSkCKMIowijC
KMIowjDCKQIpAikCKQMpAzEDKQMpAykDKQMpAikDKQMhAyEDIQMgwiDDKQMowijD
KMMowijCIMIgwiDCIMIgwiDCIIIgwiDDIMMYwyDCIMIgwhjCGMIYwhjCGMIYwhjC
GMIYwhiCGIIYghiCGIEYgRiCGIEQgRCBEIEQQRBBEEE=
END m9
frame    26 :  a closed book +0.25  an opened book +0.08   led   8/155 h0.20 lvl+0.16   -
frame    27 :  an opened book +0.24  a closed book +0.11   led   7/159 h0.19 lvl+0.17   -

snapshot  : frame 28, mean RGB 128 125 126
BEGIN m9 128 128 32768 9e7667f6
awtaykIHQgdiymLKWopKCGMMa01zTGtMYwt7z4QQhBB7z3vPjFGUkoxRhBCMUZSS
lJKc0pSSlJGMUZzSnRSdFJTTnRSlFK0UpRSc06UUpRSlFJzTnNOlVK1VrVWlFKVU
rVWtVaUUpRStVa1VrVWtVaUUpRStVa1WrVatVqVVpVatlq2WpVSlVa1VrVatVqUV
pVWtVa1WpVWdFaVWrValVZ0VpVWlVaVWpValFZ0VpRWdFZ0VnRWdFZ0VpRalVZ0V
lRSVE5UUnRSVFIzTlNSVFIzTjNKM04zTjNOEkoSShJKMkoyRhFGEUYRShFJ8UXQP
dBB8EHwQfBBz0GNNa45rzmsLYspKBkHHYstiy1qKSkhjC2uNa01rTWsMe8+MUIwQ
e898D4xRjJKMUYQQjFGUkpSSlJKUkoxRjFGU0qUUnRSU050TpRStVaUUnNSdFKUV
pRWc05zUrVWtVa1VpRSlFK1VrVWlFKUUrVWtVq1WrValFaUUrVatlq2WpValVaVV
rVatVqUVpRWlVa1WrValFaVVpVatVqVVpRWlVq1WpVWlFaVVrVatVqVWpVWlFaVV
nRWdFZ0VnRWdFZ0VnVWdFZ0UlRSVFJ0UlNSU05TUnNSU04zTjJKU04zTjJOEUoyS
jJKMknxRfFGEUoRRfFFz0HQPdBB8EHQQc89jTWuOa45jC1rKQgdBxmLKYstiykpI
YwtzTHNMa0xjC3vPjFGMEHvPe8+MUZSRjFGEEIxRlJOUk5STlJKUkoxRlNOlFKUU
nNOdFKUUrVSlFJzTpRSlFaUVnNOk061VrValVaUUpVStVa1VpRSlFK1VrVWtVa1V
rRWlFK1WrVatVqVVpVWtVa1WrValFZSSjFGtVa1VrRWlFa1WrValFaUVrVatVqUV
pRWtVq1WrValVqVVpRSlVaUUpRSdFJ0UnRWlFaVVnRWdFJzUnRSdFJ0UlNOU1JUU
jNOM04SSlNOM04yThFKEUoSShFF8EHwQhFGEUXxRc9B0D3PPc9Bzz2vPWwxjTWON
astiykoHQcZiymLLWstKSGLLa01rTWtNYwx7j4wRjFF7z3vPjFGUkoxRhBCMUZSS
lJKUkpSSlJKMUZzTpRSlFJzTpRSlFKUUpRSc06UUrVWlFJzTnNOtVa1VrVWlFKUU
rVWtVqUVpRStVq1WrVatVqUVpRStVq1WrValVaUVrVWtVa1Ve89SCFpJYoqlFKUV
pRWlVq1WpRWlFa1WrValVaUVpVWtVq1WrValFaUUpVWlVaUVpRWlFaUVpRWlFZ0V
nRSVFJUUnRSU1JTTlNOVFJTTjJOMk4zTjJOEkoRRhFKEkoRSfBF8EYRRhBF8EXPP
a89zz3PPc89rjlsMW01jTWsLYstKB0HGYspjC2LKSkhaymtNa01rTWMMe46MEIxQ
g897z4xRlJKMUYQQjFGUkpySnNOUkpSSjFGc06UUpRSc06UUpRSlFKUUnNOlFK1V
rVWc1JzUrVWtVq1VpRSlFK1VrVWlFaUUrVWtla1WrVWtFaUUrVatVq1WrValVa1W
rVWtVVqKUkhzSlpHe42lFKUVrVatVqVVpRWtVq1WpRWdFKVVrVWtVq1VpRWlFaUV
pVWlFJ0VnRWdFZ0VnVWdFZ0VlRSc1J0UnNSU1JTTlNSUk4yTjJOMk4yThJKEUYRR
hJKEUXwQdBB8UXxRfFBzz3PPc89zz2uOa45azGMNY01rCmLKSghBx2KKYwtiy0pJ
WstrTWtNa01rTHvPjFGMUIPPg8+UUZSSjFGEEIxRlJKUkpzTlJKUkoxRlJKlFKUU
nNOlFKUUpRSlFJzTpRStVa1VpRSk1K1VrVWtVaUUrRStVa1VpRSlFK1VrZWtVa1V
rVWlFK1VrVatVq1VrVWtVaUUlJJSB1IIWghSCFpJnROlFa1WrValVaUUrVatVqVV
pRWtVa1WrVatVqVVnRSlVaVVpRWlFaUVpRWlFaUVnRWdFJzUnRSdFJTUlNOU05TT
jNOMkoSSjJOMk4SThFGEUYyShFJ8EHwQhFF8UXwQc89rz2vPa89rz2OOUwxbDGNN
Ywtiy0oIQcZaimLLYstSSVrLa01rTWtNawx7joxQjFF8D3vPlJKUkpSRhBCMUZSS
nNOc05TTlJKMUZSSpRSlFJzTnNOlFKUUpRSc06UUrVWtVaUUpRStVa1WrVWlFKUU
rVWtVaUVpRStVa1VrVWtVq1VpRStVa1WrVatVa1VpVWc1IPQUghSSFJHUkdSR4wO
pRStVrVWrValFa1WrVatVqUVpVatVq1WrVatFqUVpVWlVZ0UnRSlFZ0VnRWlVaVV
nRSdFJzUnRSVFJTTlNOU1JTTjJOMk4yTjJOMknxRhFGEkoRRfBB70IRRhFGEEHPP
c45zzmvPa45jjVMLWwxbTFqLWstKCEHGWoprC2rKUkhiynNNc01zTWsNe46MEIxQ
hA97z4xRlJKMUYQQjFGUkpSSnNOUkpSSjFGUkqUUpRSc05zTpRSlFKUUnNOlFK1V
rVWlFKUUrVWtVa1VpRSlFK1VrVWtFaUVrVa1Vq1WrVatFaUVrVWtla2WrVWlFaUV
lJNrTUpISkdSR1JHUkdiyaUTrVWtlqVVnRSlVa2VpVWdFKVVrVatVq1WrRWlFaVW
pVWdFZ0VpRWlFaUVpVWlFZ0UnRSdFJ0UlRSU04zTlRSU04zThJKMk4yThJJ8UYRR
jJGEUXwQdBCEUXxRfBFrz2uPa49rj2uOY05Ky1sMWwxaimKKUghBx1qJasxjC1JJ
WopzTXONc01rTHuOjBCMUIQQe8+MUZSSlJKEEIxRlJKc05zTnNOUkpSSlJKlFKUU
nNOc06UUpRWlFKUUpRStVa1VpRSlFK1VrVWtVaUUpRStVa1VrVWlFK1VrVWtVa1V
pRSUkoyRlJGdE6UUpRSlFIRQUohSSFJIUkhKSFJHUkd7jKUTrVSlE4QPc0tqymsK
e8yc061WrVatVqVVpRWlVqVVnRWlFZ0VnRWlFaVVpRWlFJ0UnRSdFJzUlNOU05TU
lNOMkoySjJKMk4SSfFGEUYSRhFF8EHwQhFF8UXwQa89rjmuOa45rjmONUstTDFsM
SghSilJJQcdaiWsLawtaSGKKc01zjXONa017joxQjFCD0IPPlFGUkoxRhBCMUZSS
nNOc05zTlJKUkpSSpRSlFJzSnNOlFKUVrVWlFKUUrVWtVaUUpRStVa1VrVWlFKUU
rVWtVq1VpRWtVa1VrVWUkWrKWkdSBlIGUgZiyXuMe4xjCmsLe0xqy1pIWkhaSFpI
WoliynMLYohSBlIHUkdSR0pHSkd7za1VrVWtVaVVrValVaVVpRSlFaUVpRWlVaVV
nRWVFJ0UnRSc1JTTlJOU1JTTjJOMkozTjJKMkoRRhFGEkYRRfBB70IRRfFF8EHPP
a45rjmuOY41jjVLKUwtbDEpIUklSCEnGWkhqy2sLUolSiXOMc41zjWtNc46MUIxQ
hBB7z4ySlJKMkoQQjFGUkpzTnNOU0pSSlFGUkqUUpRSc05zTpRStVa1VpRSlFK1V
rVWlFKUUrVW1lq1VpRWlFK1WrVatVaUUrVWtVYxQUkdSR1JIUklaiVqJWsp7jpTT
tZa9174Xvdd7z2MMhBCc061VrZalVZTTfBBjDGtNa0xSiVIHSgd7jK1VrVWlVa1W
pVWlVaUVpVWlVaVVpVWlVaVUnRSdFKUUnNSU05STlNSU1IzThJKM04yShJJ8UXxR
hJGEUXwQc9B8UXwRfBBrj2uOa45jjmOOY01Sy1MMWwxSSFpIUkhCBlKIYwtjClqJ
WolzTXONc01rTXOOhFCMUYQQe8+MUZSSjFGEEIxRlJKc05zTnNKUkoxSlJKlFKUU
nNOc06UUrVWtVaUUpRStVa1VpRSlFK1VtZatVa1VpRStVa1VrVWlFK1VrVVaSFpI
WkhzTIRQlJKU061Vvde9173Xvde9173XnNOtVb3Xvde9173Xvde9173XtdalVYyS
e89iy0pISkic0q1VpVWtVa1VpRWlFaVVpRWlVaVVpVWdFJ0UlRSdFZ0UlNOMkpTU
jNOM04SSjJOMk4SSfFF8UYSRhFF8EXQQfFF8UXwQa85rjmuOa45jjmNNSstSy1sM
UkhSiFJIQcZSSWMMawxSilqKa01zTXNNa01zjowQjFGEEHvPjFGUkpSSjBCMUZSS
lNOc05zTlJKUkpSSpRSlFJzTnNOlFKUUrVWlFKUUrVWtVaUUpRStVbWWrVWtVaUU
rVWtVa1VpRSlFIwQUkhSSHNMjFGc07WWvda9lr2Xvde9173Xvde9173Xvde11r3W
vde9173Xvde9173Xvde11pzTjFFay0pJc46tVaUUrVWtVaUVpRWlFZ1VpVWlVaVV
nVSdFJ0UpRSc1JzUlJOc1JTTlNOMkoySjJOEkoRRhFGEUYRRfBB7z4RRfBF0EGOO
Y45jjmOOY05bTUrLUstay1IHWkhSSEHGUkhrC2sLWslaiXNMc41zjXNNc46EEIxR
hBB7zpSRlJGUkYxQjFGUkpzTnNOc05SSjFGUkqUUpRSc05zTpRSlFK1VpRSlFK1V
rVWlFKUUrVW1lq1VrVWlFK1VrVWtVaUUpRSDz1KJWsqc0q2VtZa1lr2WvZa91r3W
xdfGF8YXxde9173XtZe9173Xvde9173Xvde9173XtZa117WWhFBCSWtNrVWlFK1V
rVWlFaUVpRWlVaVWpVWlVaVUnRSdFJ0VnRSc1JTTlNSU1IzTjJKMk4ySjJKEUYRR
jFGEUXwQfBB8UXxQfBBrjmOOY45jjmOOY01KilLLWstSR1KJUklBx1JJawtrC2KJ
UolzjHONc41rTXNNhBCMUYQQe8+UkpSSlJKMUYxRlJKc05zTnNOUkoxRlJKlFKUU
nNOc06UUpRStVaUUpRStVa1VpRSlFK1VtZa1lq1VpRStVa1VrVWlFJzTg89aiWsM
tZW9lrWWtZa1lr2Wvde9173Xvde9173Xvde917XXvde9173Xvde9173Xvde917WW
vde915zTSkl7z7XXtZa1lq1VrVWlVKVVpVWlVaVVpVWdFJ0UnRSdFZ0UnRSU1JUU
lNSU04ySjNOMk4SShFF8UYSRhFF8EHQQfFF8UXQQa49jTmOOY45jjmNNSspKylML
SgdaSVpJScdSSGsLawtaiVKJc0xzjXONa01zjYwQjFGEEHvPjFGUkpSShBCEEZSS
nNOc05zTlJKMUZSSpRSlFJzTnNSlFK1VrVWlFKUUrVW1VaUUpRStVbWWtZatVa1V
rVWtVa1VrVWtVYxSWspjC73Vtda1lrWWtZa1lrWWvda9173Xvde9173Xvde917WX
vde9173Xvde9173Xvde917WWvdec00pJnNO9173Xvde117XXrZatlq1WrVatVq1V
pRWdFJ0UnRWdFJ0UlNOdFJTTlNOMkozSjJKEkoRRhFGEkoRRfBB7z3xRfFF8EGvO
Y45jjmOOW45bTUrKUspay1IHWkhaSEnHUkhrC2sLWolSSXNNe41zTXNNc02EEIxR
hBB7z4xRlJKUkoxRjFGUkpzTnNOc05SSlJKUkqUUpRSc05zTpRStVa1VpRSlFK1V
rVWtVaUUrVW1lrWWrVWtVbWWtZa1lrXWtZalE2tMUomtVLWWtZa1lrWWtZa1lr3X
vdfGGMYYvde9173Xtda1lrWWvde9173Xvde1lr3Xvde9173XhFFKirWWtde117XX
tde117XWtdat1rWWtZatlq2WpValVqVWnRadFZTUnRSU1JTUjJKMk2wSbFJsUmwS
hFKEUXwQe898UXwRdBBrjmNOY45jjmNOYwxKikqKUstSB1pJWklSB1JIawtrClrJ
WolzjXONc41zTXNNjBCMUYQQe8+MUZSSlJKEEYwRlJKc0pzSnNKc0pSRlJKlFKVU
nNOlFKUUrVWtVaUUpRStVa1VpRWlFK1VtVa1lrWWtZa1lrXWtda91r3WtZWUkVrK
jFC1lbWVtZa91r3Wvde9173XxhjGGMYYvde9173Xvda9173Xvde92L3Yvde917WW
tZa1loQQUou11r3Xvde9173Xvde11rXWtZa1lrWWtZWtlq2WpZatlqWWpZalVqVV
pVWdVJ0UfFFUE1RVTBRMFFwTfFF8EHwPhFF8UXQQY45jTWNOY05jTVsMQopSy1LL
UcZaSVpJSghSCGsLawtiylKJc01zjnONa01rTYwQjBGEEXuOjFGUkpSShBCEUZSS
nNOc05zTnNOUkpSSpRStFKTTpRStFa1VrVWtVaUUrVWtVa1VtZa1lrWWtZa1lrWW
tZa11rXWvda11rWWrRRjDHOOtZa1lrWWtZa91r3Wvda9173YvdfF2L3Xxde9173X
vde918XXvdi9173Xvde9173WtZaMUVKKtZa1lrXWtde117XXtda11rXWtZa1lrWV
rZatlq2WrZWtlaVVpVWlVaVUnVSdFJUThNR0lGxUZBNcE3QQfBB8EHxRfBF0EGOP
Y01jTmNOYw1bDUJKSopSy0nHUklSSEoHSghjDGsMWstSiWtMc41zjmtNa02EEIwR
jBB7z5RRlJKUkoRQjFGUkpzTnNOc05zSlJKckqUUrRSk06UTrRStVa1VrVWtVbWW
tZa1lrWWtZa1lrWWtZa1lrWWvZa9lr2WtZa1lq1Vc01zTb2WvZa9lrWWtZWlVK1U
rVW1lbWWxdfF18XXvde9lrWWrVWtVbWWvde9173Yvde9173XpVRKiaUUtZa1lrWW
tZa1lrWWtZatlq2WrZatlq2WrZatla2VrZWtVaVVpVWdVJ1UnRSdFJUUjNSM04yT
jJJ8UXQQc9B8EXwRc9Brj2NNY01jTWNNWwxCiUqKUstBxlqJWklSB0oHawtrDFrK
UoprTXONc41zjWtNhBCMUIRQe86MUZSSlJKEUYxRlJGc0pzSlJGUkZSRlJKlFKUU
pRStVLVVtVW1lbWVtZW1lbWVtZa1lrWVtZWtlbWVrVW9lrWWtZa11r3WvZa1lnOO
a021lrWWrZWlVLWWvda9173Xvde9173Xvde9173Xvde1lq1VrVW1lrWWrVa1l7WX
vde9173Xa017z7WWvde117WWtZa1lq2WrZatlaVUpVWU05TTnNSlFKUUpVSlVKVV
nVSdFJ0UnRSVFIzTjNOE04yThFJ8EHPQfFF8EHPPa45bTVtNW01bTVsLQklKilKL
ScdaSVpJSghKCGsLawtjC1JIa0xzjXONc41rTIQQjBGEEHvOjFGUkpSSjFCMT5RP
nAyTy5PLnE2c0qUTrVStVa1VtVW1VbVVtZW1lbWVtZW1lbWVrVWtVa1VrVWtVa2V
tZa11r2Wvda9173XtZZjTHvOrVStVa1VtZa1lrWWtZa1lq1UtZbF18XXxde91r3X
vde9173Xvde9173Xvde1Vq1WrVWtVYxQWsulFLWXvde117XXtda1lrWWrZatlq2W
pVWdVJ0UnRSU1IRSjJKMkoyTnRSU05TTlNOU04zTjJKMkoRRfBBzz3wQfBBzz2uO
Y01jTVtNW01bDDpJSopSyknIWklaSVIISghjC2sMYwtSiWtMc41zjWtNa02EEIxQ
jBB7zowQlJGUkYRQi8+Dz5RQpJKk06UUrVStVK1VrVWtVa1VrVWtVa1VrVWtVKUU
pRSlFKUVrVWtVrWWvZa9lr2WvZa9lr3WtZW1lZzTWsuUUa1VtZatVa1WtVa9lr2X
vde1lrWWxdfF18XXvde917WWtZatVbWVrRStFLWWvde11q2VpVWlFGtNfBCtlrWX
tda1lrXWrda1lrWWtZatla2WrZallqVWpVadVZ0UlNSU05UUlNOEUYyTlNOM04yT
jJOEUnwQc9B8EXwQc89rjmNNY01bTVtNWwxCSUqKUspKB1qKWopSSEoIawxrTGMK
UolrTHONc41rjWtNhBCEEIxQe8+EEJSSlJKMUYwQlFGk06TTpRStFKUVrVWtVa1V
rVWtVK1UnNOckqUTpROlFK1VrVW1lrWWtZa1lrWWtZa1lrWWrVW1Va1UrVSDz2tM
rVWlFK0VtVa1lr2Wvde9173WvZbF18XXxdfF18XXvde9173Xvde9173XtZa1lrWW
tZa1lrXXtZalVaVVrVWtVbWWtZatla2WtZa1lrWWrZatlq2WrZatlq2WrVWlVaVV
pRSdFJUUlNSU04zTjNOMk4yShJJ8EHQPfBB8EHPQY45bTVtNW01bTVMMQklKilKL
QghailqKWklSCGsLa0trS1qKawxzjXONc41rTIQPjFCEUHvPjBCUUZRRlJKUkpyS
pROk06UTrVSlFKUTrVWlFKUUnNOlFKUUrVWtVbVVtVW1lbWWtZa1lrWWtVa1lbVV
pROtla1VtVW1lrVVnJKUkq1VrVW1lbWVrVStVbWWtZa1la1VtZXGF8XXxhfF173X
vde1lq1VtZa1la1Vvde917WWtZa1lrWWrVWtVa2WtZa1lq2WrVatVaVVpRWlFaVV
rZatlq2WrVWtVa1VpVWlFaUVnRSdFJ0UlNSM04zTjJOMk4RSfBFz0HwQfBB0D2ON
W01bTVtMW01TDDpJSopSi0oIYotiy2KKUklrDHNMawtaiWtMc457jnOOa42ED4xR
jFCEEIQQjFGMUZSSlJKUkpzTpROlFKUUpRR7z61VpRSlFK1VrVWtVbWVtZW1lbWW
tZa1lrWWrZa1Vq1VrVWtFa1VtZa1lbWVtVWtFK1UtVW1lq1VnNOtVbWWvde9173X
vdfF18YXxhfF18XXxde917WWrVWtVbWWtZa1lrWWtZa1lrWWtZa1lq2VpVWlVaVV
nRStVa2WrZa1lq2WpVWlFa1WnNSc06UVpRSlVKVUnRSdFJ0UnRSdE5TUjNOM04yS
hJOEUnwRc9B0EXQQa9BjjltNW01bTVNNUwxCSUKKSstKCVqLWstailJJawxzTWtM
YstrTXuOe857jnNNjBCMUYxRhA+MUIxQYwuUkpSRnNKlE6UTrROtVK0VrRStFa1V
rVW1Va1VtVW1VbVWtVa1Va0UpRStVaVVrVWtVbWWtZatVa1VrVS1lrWWvZa1lq0U
tVWtVbWWtZW1VbVVtVWtVL3Wvde91sYXxhfGF8XXvde9173Xvda91r3Wvde9173X
vde1lrWWtZa1lrWWtZa1lq2VrVWlVJ0UnRStlqVVpZWtla2VrVWlVaVVnRSU1IyS
jJKU04QRlNOUk5TTjNOM04yThJJ8UHPPdBB0D2vPY45bTVtNW01TDVLMOklKikqL
Ukliy2MLYstSiWsMc0xzTGLKc0x7znvOe85zjoQQjFGMUYQQhBCMUWMMlJKUkpzT
pRSlFK1VrRWtVa1VrVWtVa1VrVW1Va1UrRStFKUTrVSlFKUUrVWtVa0UrRWtFa1V
tVa1lrWWtZW1Va1UtVW1VbWWrVStVK1UtVS1lr3Xvde9173XvdfF18XXxde91r3X
tZa1la2VtZW1lrWWtZa1lrWWtZa1lrWWtZatVa1VrVW1lrWWtZatlq1WrVadFKUV
nRSdFJTSnROlVKUUpVWlFZ0UnRSMUpTUlNOU1IzTjJOMkoSSfFFrz3QQc89zz2OO
Ww1bTVsNWwxSzEIJSkpSilKKYwxjDGsMWsprTHONc41jDHNNe897z3vPc4+EEIxR
jFGEEIRRhBBzjpSSlJKc06UUpROtFK1VrVStVa1VrVSlE6UUrVWUkZzTpVStVa1V
rVWlFJzUpRSlFK1VtZW1lrWVtVWtVbVVtVW1lrVVrVSlFK0UtVa9lr3Xvde1lbWW
vZbF18XXxdfF18XXxda917XXvde9173Xvde9173XtZa1lq1VrVWlFK1VrZa1lrWW
rVatVa1WrVWtFa1WtZatlq2WrVadFJ0UnNSc1JzUlNOU04RSlNOU05TTjNOMk4yT
hJOEUnxRa89zz3PPa49jTlsNWw1bDVsNUstCSEKJSolai2sNaw1rDWLLa01zjnOO
YwxzjnvPhBB7z3uOjBCUUZRRhBCEEIQQjFGUkpSSnNOlFKUUpVStVK1UrVSlFKUU
nJKlFK1VrVWlFKUUpRSlFKUUpRStVbWVtZWtE6TStVS1VbWVtZa1lq1VrRStFLVV
vZa1la1UrVW9lr3XrVW1lrWXvZa9lsXXxdfF18XXvda11rWWrZa1lrWWtZa91rWW
tZa1lrWWtZatVa1VrVStVa1VtZa1lq2WrVatVa1VpRWlVaVVpVWlVaVVpVWdVZ0V
lNSMkoySjJKMUozTjJOMk4yShJKEUnPQc9Bzz2vPY05bDFsMWwxbDFLLOkhCSUqK
WstrTXNNc01rDHOOe857znNNe46ED4QQhBB7z4QQjFGMUYQQhBCEEHwRjFOUlKTU
pRStFK0UrVStFK0UrRStFa0VrRWlFK1VlNOlFK1VrVWtVa0VrVWtFa0UpNStVbWW
tVW1Va1VrVWtVbVWtVW1VaTUtVW1Vb2WxdfF18YYxhjGGMYYvhfF18XXxdfF18XX
tZatVa2WtZe1l73Xvde1lq1VrVWtVbWWtZa1lrWWrVWlFa1VpRSlFK1VrZWtla2W
rValVaVVpRWc1J0VnNSc1JTUlNOU1JTUlNSMlIyTjJOMkoSShFF0EHPQc89rz2NN
WwxbDFsMWwxSy0IIQklKSmtNc45zjnOOa01zjnvPe89zjnvPhBCEEIQQhBCMUZSS
lJKMUYwRfBFz0IRSlNOlE60UrRStFK0UrRSk06UTpROlFK0UrRStVa1VrVWlVJzT
nNOk07VVtVW1Va1VrVWck6UUrVW1lbWWtZWtVKUUrVW1lrXWvde918XXxdfF2MXY
xhjF2MXYxdjF18XXvde91r3Wvda91rWVrVW1lrWWvde9173XtZa1lrWWtZa1lq1V
rVa1lq1WpVWlVa1WpVWlVaVVrVWtVa1VpVWlFZ0UnNSMk4ySjJKUk5TTjJKM04yT
jJOEknxSdBBz0GvPa85jTVsMWwxTDFMMUss6SEJJSkpzTXuOg8+Dz3OOe897z4QQ
e8+EEIxRjFGMUYQQjFGMUZSSjFGEUXPQc8+EUZTSpROtFK0UrRStVKUUpNOlFKUU
rVWlFK1VrRWk1K0UrRS1Va1VrVWtVa1UpRSlFLVVtZW1lbVVtRStFK0UrVW1lr3W
vZa91r3Xvde918YYxhjGGMYYxhi+F8YXxhfGF8XXxde1lrVVtZalFKUUrVWtVbWW
tZatVbWWtZa1lrWWtZatVaUUpRSlFK1VrZWtlq2WpZWlVKVVnRSU050UnRSdFJ0U
nRSdFJUUlNSM1IzTjJOMk4SThFJ8UnQRa9Brj2OPW01TDFMMUwxTDFLLOglCSUqK
e457z4QQhBB7z4QQhBCMUYQQhBCMUYxRjFGEEIxRjFGUkoxRhBFrz3PPhFGU06UU
pRSlFK0UrRStFKUUpRSc06UUnNOtVa1VrVWtVbWVpNOckqUUrVW1VbVVtVWtFKTT
rRStVbWVtZW1lr2WvZa9lr2XvdfF18YXxdjGF8YYxhjGGMYYxhjGF8XXxda91r3W
tZa1lb3WvZa91r3Xvde917WWtZatVbWWrVWtVa1VtZa1lq2WrVWtVa1VpVSlVK1V
rVWtVa1VpVWlFZ0VnRSdFIyShJKEUnwRhFKMk4yTjJOMUoRShFJ8UXPQa89rj1tO
UwxTDFMMSwtSyzoIQkhKSXvPhBCEEIwQhBCEEIxRjFGEEIQQjFGUUZRSjFGMUYyR
lJKMUYQQa89r0HxSlJKlE6UUpRSlFKUVnNSc05zTpRStFK0UpNSk06TUpRStVa0U
rRWtVa1UpROlE5yRnNOtVbVVtZa9lr2WvZa9lr2WvZa9173WxdfF18XXxdfGF8YY
xhjGGMYYxhfF173XxdfFlr3WtZa1lrWWrVW1lr3Xvde9173Xvde9173XtZatVa1V
rVWtVa1VrZWtVq1WpVWlVaVVnNSdFJ0UnRSdFJ0VnRWdFZTUlNSEk4yTjJOU04zT
jJOMkoRSfBF0EGuPa49bDVLMUwxTDFLLSos6CEJJSkp8EIQQhFCMUYQQhBCMUZRR
jFGMUZRSlJKUkoxRjFGMUZSSjFGEEGuOW018UZTSpRStVK0UrRStFK0UpRSlE6UU
nRSc05zSpROtVa1VrVWlVa1UrRSckpzStVW1lrWWtZa9lr2WvZa9lr3WvZa9lr2W
vda91sXWxdfGGMYYxhjGGMYYxhjGGMYXxdfF18XXxZe9lq0UtVW1VbWWvde9173X
vde9173Wvde1l7WXtZa1lrWWrZalVaVVpVSlFK1VrVWtVaVVpVWlVJ0UlRSVFJTT
lNOUk5TTlNOUkpTTlNOUk4yTjJKMk3xRdBBjj2OOW01TDFMMUstSy1KKOghCSUJK
e8+EEIQQjFGEEIQQjFGUkoxRjFGUUpSSlJKMUZRRlFGUkpRRhBBzz4RRlNKU0qUU
rRStFK0VrRSc0pzSpNKlE6UUrRStFK0UpROlVKUUpROtFbVVtVW9lr2WvZa9lr2W
vZa9lr2WvZa9lr2WvZa91r3WvdbF18XXxdfF18XXxdfF18YXzhfGF8XXxdfF172X
vZa1lr2Wvde9173Xvde9173Xvde9173Xvde1lrWWtZa1lrWWtZa1lq2WpVWtVaUU
lJKc05zTnRSdVJ1UpVWdFZ0VlRSU1JSThBGMUpTTlNOMk4ySjJJ8UXQQY49jjltN
UwxSzFLLUotSijoIQklCSYPQhBCEUYxRhBCEEIxRlFGMUYxRlFKUkpSSjFGMUYxR
lJKMUYQQhBCUkpSSlJKlFK0UrRStFK0UpRSlFKTTpROtFKUTlJKk1KUUrRStFK0U
rVW1VbWVtZW1lbWVvZW9lb2VvZW9lb2VvdW9lr2WvZa9l72XvdfF18XXxhfF184X
xhfGF8YXxdfF18XXxde9l73Xvde1lrWWrVW1lrWWtZatVZzTpRStVbWWtZa1lrWW
tZa1lrWWrZa1lq2WrZatVqVVpVWdFJTTlNOMkoySlNOc05TTlNOU05TTlNKU0ozT
jJOEkoSSfFF0EGOPY49bDVLMUsxSy1KLSoo6CEJJQkmDz4QQjFGMUYQQhBCEEIxR
jFGEEYxRjFKUkoxRjFGMUZSSjFGD0IwQnNKUkpSSpROlE6UTrRStFKTTnJKUUZyS
rRStFK0UrRStFJzSnNKk060UtVW9VbWVtZW1lbWVtZW1lbWVtZWtVLWVvZa9lr2X
xdfF18YXxdfF18XYxhjGGMYYxhjF2MXXxde918XXvda91r2WtZW11r3Xvde9173X
vde1lq1VrVWtVaUUpRStVbWWrVWtVa2WrZatVq1WrVatVqVVpVWlVaVVpVWdFJ0V
lNSUk4yTjJKMkoyRjJKM04yThJKEkoRRfBBrj2NOWw1SzFLMUsxSy0qLOgg6CEIJ
hA+EEIQQjFGEEIQQhBCMUYxRjFGMUYxSjFGMUYxRjJGMUoxRe8+EUZTTnJKckqUU
pRSlFKUUpRSk06UTrRSlFKUTpROlE6UTpRSk060UtVW1VbVVvZW1lrWWtVW1VbVV
pROED5zRc0y9lr2WvZa9lr3WxdbF18XXxdfF18XYxdfF18XXxdfF18XXvdbF1r2W
vda9lr2WtVWtVbVVtVa1VrWWtZa1lrWWtZa1lq1VtVatVZTTnNOlVKVUrVWtVa1V
rVWtVaUVpVWlVZ1VpRWlFZ0VnRSc1JTUlJOMkoyTjJOMk4yShJKEUXwQa89jTlsN
UsxSy1LLUspKijoIOglCCYPQhBCMUYxRhBCEEIwQjFGMUYxRjFGMUYxRjFGMUYxR
jFGMUXvPhBCckpySnJKlFKUUpRStFK0UpNOck5zSlJGckqUTrRStVbVVtVW1VbVV
tVW1VbVVtVW1VKTSnJFzTIvOasuckpRQvZa9lr2XvZa9lr3WxdfF18XXxdfOF8YY
xhjGF8YXxdfF1sXWxda91r2VrRSk05yTnNStFa1VrVWtVa1VrVWtVa1VrVW1lrWW
tZatla1VrVWlFKUUpRSlFKUUpVSlVaVVpVWlVZ1VnRWdFJUUlNSU05TTlNOM04zT
jJOEkoSShFF8UWuQY05bDVLLUstKy0qKQoo6CDoIQgl7z4QQjBCMUYQRhBCEUYxR
jFGMUYxRlJKUkoxRjFGUUZRRjBF7z3uPnNOckpySpROtE60UrRStFJySnNOlFKUU
rRWtVa1VrVWtVa1VrVWtVa1VrVSlEoPOe41SSIwPc02ck5zTtVW1VbWWvZa9lr2W
vZa9lrWWvZa1lr2WvZa91sXWvda91sXXxdfF18XWxda1lq1VrZW1lrWWvde9173X
vde9172XtZe1lq1VrVWtFK1WpRSlFKUUpVStVaVVpVWlFJzTnNOc05zUnRSdFJ0U
nRSc1JzUlNSU05TTjNOM04yTjJKEkoRRfBFrz2NOUwxKy0rLQspKykKKOgg6CUJJ
fBCEEIQRjFGEEIQQhBGMUYQRhBCMUZSRjFGMUYwRjFGMUYxRe89zjpySnJKckqUT
pRSlFKUUpRSlFK0UrRStFK1UrVS1VK1UtVStFK0TnJGMEIOOjA9iynuNe8+k060U
tVW1Vb2VvZW9lrWVtVStFKTTtRWtVLWWtZa9lr2WvZa917VVrRO9lcXWxdbF1sXW
vZa9lrVVtVWtVa1VrVWtVaUUrVWtVa1VtZa1lrWWtZa1lq2WpVWU05TTnRSdFKUU
rVWlVaVVnVWdFJ0UlNOMk5TTlNKMkoySlJKM0oySjJKMkoyShFKEUXwRc9BbTVMN
SstKy0qLQopCijnIQghCCXvPhBCEEIxRhBCEEIxRjFGMUYQQjFGMUoxRjFGMUYxR
jFGEEXvPc46c0pSSlJKlFKUUpRSlFKUUpRStFK0UrRStFK0UpNOUUYPOawtqymsL
e86MUJzSnNGlFK1VrVW1VbVVtVW1VaUTrRO1FK0UtVW1Vb2WvdfF18XXxdfF18XX
vde9172WvZbF183XxdbFlr2WpNSk1KUUrVS1lrWWtZa1lbWWrVWtVbVVrVWtVaUU
rVWtVa1VrVWtVa1VnRSc050UnNOc050UpRSlFaUVnRWU1JTUjJOEUoRShFF8UYyS
jJKMkoRShFF8EXPQW05TDUqMSotKi0qKSkk5yDoIQgiED4QQhBCMUYwQhBCMEYxR
jBGEEIxQlFGMUYxRjBGMUYxRhBB7z3OOnJKUkpzSpNOtE6UUpRSlFKUUpRSk060U
rRNrC1IHWolrCmsMe46UUaTUtVW1VbVVtVW1Va1VpRSs1K0UnJKk061UvZW9lr2W
xZe1VbVVtVW1Va0UvZa1VbWWvdfF18XXxdfF1sXWxZa9lrWVtZa1lrWWtZa1lrWW
rVW1lrWWtZa1lrWWtZatVq1WrVatFaUUrRWtVaVVpVWlVaUVnRSc1J0UnRSVE5TT
lNOU05TUlNSMk4ySjJKMkoySjJKMUoRSfBFz0GNNUwxKy0qLSopKikpJOcg6CEIJ
e897z4QQhBCEEHvPhBCMUYxRhBCEUYxRjFGEEYQQhBGMEYQQe89zjpySlJKckqUT
pROlE6UUpRSMUJySg8+ckqUTYwxrTYxRnJKlFK0UrVWtVbVVtVW1Va0UpROckpyS
pNO1VbVVtVW1VbVVrRS1VcWWtVW1Vb2WvZa9lr3Xvda9l73XvdbFlsXWxdbF1r3W
vda1la1VtZalFKVVrVWtVZzTpRSlFKUUrVWtVa1VtZatVa1VrVatVaVVpVWdFJzT
pRSlFJzTnRSlFKUUnRSU05TUjJOEUoyShFGEUYySjJKMkoySjFKEUnxRdBBjjlMM
SstKi0qLSkpCSTHHOchCCXwQe8+EEIQQhBCDz4QQjBGMUYQQjFCMUYxRjBGEEIQQ
hBCEEHPOe46ckpSRnJKlE6UTpROlE6UTjJCDz3uOpNOtFKUTrRStFK0UrRWtVa1V
rVStFKUUnJKckq0UrVWtVbWVrVStFK0UtRS1Vb2WvZbF1sXWxdbF18XXvZa9lsXW
xdfF18XXxZbF1sXWxda91rWWrVStVbWVtZa1lr3XtZa1lrWWtZa1lq2WrVWtlq2W
pVWtVaUUrRWtVa1VpVWlVaVVnRSMkoyRlNOMkpTTnRSdFJ0UlRSU04zThJKEkoyS
jJKMUoRShFF8EXQRY49SzUqLSotKS0JKQkkxxznIOgiEEHvPhBCMEYQQe8+EEIxR
jFGEEIxRjFGMUYxRhBCEEIQQg897jnuOnJGUkZySpNOlE6UTpROlE5SRpROlVKUT
pRSlFK1VrVStFK0UpRSk06TTpNOtFK0UtRStFK0TpROlE7VUtVW1lr2WvZW9lb2V
vVWtE7VUvZXF1qTTrVW1VbVVrRO1VcXWxdbF1r3Wvda9lr2WtZa1lrWVtVWtVa1V
rVWlFK1VrVW1lrWWtZa1lrWWrVWtVa1VpRSlFKUUpRSlFKUUpVWlFZ0VlNSMk4yS
hFGUk4yTjNOMk4yTjJOMkoyShJKEkoRRfBF0EGOOUwxKi0qKSkpKSkIKOcg5yEII
hBCDz4QQjBCEEIPPhBCMUYxRhBCMUYxRjFGMUYQQhBCEEIPPc457z5ySlJGc0qUT
pROlE6UTpROlE60UpRSlFKUUpRSlFKUSnJGk0qTTrRStFK1VrRStFJySnJGlFK1V
tVW1VbVVtVS9lbVUtVS9lr2WvZa9lsWXxdfF18XXvde9172WtVW9lsWWxdbF1r3V
vZW1VK1UrRStFJzTpROlFKVUnNOc06UUrVWlFK1VrVWtVa1VrVWtVa1VrVWlVaUV
nNSUk5zTnNOc050UnRSVFJUUlRSM04STjJOEUoRRhFKMkoySjJKEUXwRfBBrz1LM
SotKikqKQkpCSTnHOcc5x4PQg9CD0IwRjBCDz4QQjBCMEYQQhBCEEIxRjFGEEIQQ
hBB7z3OOg8+cUZRRnJKk06TTpROlE6UTpROlE6TTpNOk05zTnNKc06UUrVStVK0U
rRSk05ySpRStFK1UtVW1Va1VtVS1VK0UtVa9lr2Wvda9lr2WvZW9lb2VxZa91sXX
xdfF18XXxZbF1sXWxda9lrWWrRWtVa1VtZa1lrWWtZa1lrWWtZa1lq1VrVatVq1W
pVWlFKUUpRSdE6UUpRSlVaUVpRWdFZ0UlNOMkoySlJKU05TTlNOU05TTjNOMkoSS
jJKMkoSShFF8UXQQa89SzEqLSkpKikJKQgk5hznHOcd70HvPfBCEEIQQg8+D0IwQ
jBGD0IQQjFCMUYxRhBCEEHvPe89zjoxRnJKUUZySpNOk06UTpROlE6UUnNOc05zT
pROtFK0UrRStFK0TpNOk06UTrRStFLVUrROkkqTSrRStFLVVtVW1VbVVtVW1Vb1V
rNOs060UtVW1VbVWtVa9lr2WvZa1VbVVvZbF1sXWxZa9lbWWtZa1lbWVtVW1Vb1V
tVWlFK1VtZW1lrWWrVW1lq1VrVWtVa1VpVWlFaUUnNOc06UTpRSdFJ0UnRSdFJUT
lNOM04SShJKEkoRRfBB8EYyShJKMUoRRfBF0EGvQUwxCikqKQkpCSUIIOcc5xznH
e9B7z4QQhBCEEIPPg8+MEIwQg8+D0IwRjFGMUYQQhBB7z3vPe8+MkpSSlJKckqTT
pNOs06UTpROlFKUUpROk05zTnNOlE5zSpROlFK0UrRStFKTTnJKk0qTTpROtVLVV
tVWtFK0UrRStFK0UrRW1VrVWvZa9lr2WxdfF18XXvde9173XtZatFb1WxdbF1r2W
vZWtVK0UrRStFK0VtVa1lrWWrVWtVa1VtZatVZzTrVWlFKUUpRSlFK1VrVWtVaUV
nRSdFJ0UlNOMkpTTlNOU05TUlNSU1IzTjJOEknwRfFGEkoSShFKEUXxRdBFz0FsN
SotCikKKQklCCTmHOcc5yHvQe8+EEIQQhBB7z3vPhBCEEIPPg9CMEIwQhBB7z3vP
e45zjnvPlFKUUpRRnJKk06TTpNOk06TTnNOc0qUTnNKckpzTrRStFK0UrRSk06TT
pNOc0qTTrRStFa0UrRStFKTTnJKtFbVVtVW1lb2WvZa9lr2WtZa1Vb2WxZfF172W
vZbF172WvZa9lsXWxZbFlr1VtVW1VrVWtZa1lrWWtZa1lrWWtZatVbWWtZa1lrVW
rVWtVaUUpRSlFKUUnROdFJ0UnRSlFZ0VnRSU1JTUjNOMkoySlNOMUoRSjJKEUoSS
jJKEkoRShFGEEXQQc9BbDUqKQolCSUJJOgkxxzHHOcd7z3vPe8+EEIQQe897z4QQ
hBCDz4PQjBCMEIQQg8+Dz3OOc457z5RRlFGUUZySpNOk06TTpNOk05SRnNKlE6UT
pROlE6UUpROk05zSnJKk060UrRStFKTTnJKckqTTrRStVLVVtVW1VbVVtVWtFLUV
vVW1VbUVtRW1Vr2WvZa1lrVVvda9lr2WxZbFlsWWvZa9VrWVtVW1VbVVtVW1Va1V
rVS1Va0UpRSc061VrVWtVa1WpVWtVa1VrVWlVaUVpRSc1JzTnROUk5TTlRSdFZ0U
nRSVFJTUjJOEUoQSe9CEEYxSjFKMUYRSfFF0EGvQW05Ci0JKQkk6SToIMYcxhznH
e897znvPhBCEEHvPe8+EEIwQg8+D0IQQhBGEEHvPe89zjnOOe8+UUZRRjFGckpzS
nNKlEqTSpNOk06TTrROk0qTSpNKk0qzTrRStFK0UrRStFKTTpNOk060UrVS1VbVV
rRS1VKTTrRS1FbUVtVa9lr2WvZa9lr2WvZa9l8XXxde9173Xvde9lr2WxZbFlr2V
vZW1la1UrVStVa1WrVWtVa1VtZWtVa0UpRStVa1VpRSlFaUUpRSlFJzTpRSlFKVU
pRSlFJ0UnRSU05TTlNOU1JTUlNSU1JTUlNOM04yTjJKEkoSRhFGEUXwRdBBrz2OO
QopCSkJKQgk6CDGHMYcxx3vPc457z3vPhBB7z3vPhBCEEHvPe8+EEIQQhBB7z3vO
c41zjYQPlFGUUZRRnJKkk6TSpNOk06TTlFGckqTTpNOk06TTpROlE6TSnJKUkZzT
pRStFK0UrRSk06TTnJGcUaSRrRS1FLVVvVa9lr2WvZa1VbUVrRStVa0UrVS1lb2V
vZa9lr2WvZa9lsXWvZa9lbVVtVW1VbVVtZW1lrWWtZatlrWWtZa1lrWWtZa1lrWW
tVatVq1WrRWlFKUUpRSlFJzTnNOlFJ0UnNSdFJUUnNSU1JTUlNSU1IzUjJOMk4yS
hJKEUoRRhFF8UXQQa89rz0qKQkpCSUIJOggxxzHHMcd7z3OOe8+EEIQQe8970IQQ
jBF7z4PPg9CEEIQQe89zjmtNc017j4xRlBCMUJyRnNKc0qTSpNOk05ySpNOk06TT
pNKckZxQjBCckqSTpNOk060UrRStFKTTnJKk06TTrRS1VbVVvVa1FLUUtVWtFK0V
pNOk1K0UtVa1VbVVtVW1VbWWrRSlFLVVvZXF1r2VvZW9lbVUrRStFa0UrRStFK0V
pRSk1K1VpVWtVa1VtVWlFJ0TnROlFKUVpRWlFaUVnRWlFZ0UnNOck4xRlJKdE4yS
lNOU1JTUlNSM1IyTjJOMk4xShFKEUoRRhFF0EHPQa9BKi0JKQklCCTnHMYYxhjmG
e89zznvPhBCEEHvPe897z4QQe897z3vPhBB8EHvPc45zDHNNcwyUUZQQlFCckaTR
pNKk0qTSpNKk0qTSnNGMUJSRnNOc06TTpNOk05ySnJKc0qTSrRStE60UrRStFLUU
rRSk07VVrRStFLVVtVW1lr2WvZa9lr2WvdfF18XYxdfF173XtVa1VrVVxZa9lr2W
tZWtFJySrRStFK1UtVW1la1VrVWtVq1WrVatVq1WpRWc1JTTnNOlFIxRlJKc1J0U
pRSlFJ0UnNSc1JTUlNSEUoRSjJKEUoRShJKMkoyTjJKMkoSShFJ8UXxRdBBr0GvQ
SsxCSjpKOgk5yDGHMYc5h3vPc857z3vPg9B7z4PPg8+EEHvPe897z4QQhBB7z3OO
a01rTFqKlFGMUIxQnJGk0qTSpNKk0pzSlJKc05yTnNOk06TTnNOckpySpJKckZyS
pNOtFK0UpNOk06TSpNOk060UtVW1VbVVvZW9lr2WvZa9lr2WvdbF18XXxdbF18XX
xdfF173Xvde9l72WvZa9lbWVrVW1VbVVtVW1VrVVtVW1VbVVrVWtVa1VrVWtVa1V
rVWtVa1VrVWlFJ0UnNSc1JzUnNOU05SSlNOU05TUlNSU1JTUjJOMU4RShFJ8EXwR
hBKEUoRShFF8UXQRa9Br0FMMQkpCCUIJOcgxhzGHMYd7z3PPe457z4PPe897z3vQ
hBB7z3vPe9CEEHvQe49zjmsMa0xay4xQjFCMUJSRnJKckqTSpNOk0qTSpROk05yS
lFGUUpySlFGk06TTpNOs06zTpNOk05ySpNOs1K0UtVW1VbVVvVW9Vb2WvZa9lr2W
vZa9lr2WvZa918XXxdfF18WXvZe9l72XvZe9lb2VvZW1lbVVtVWtVaUUrVWlE5SS
lJKk1KUUpRSlFKUUpRSlFKUUnNOUkqUUpRSlFKUUpRWlFaUVnNSUlJSTjJKMkoRR
jJKMkoyTjNOMk4yThJOEkoRShFKEUoRRfFF8EWvPa49bDUJJQglCCTnIMUcxhzmH
e897z3vPe897z3vPe8+Dz4PQg897j4PPe897z3OOc01rDGsMe42ED4xQjBCUkZyS
nJKc0pzSnNKUkZRRnJKUUZySpJKk06TTnNOc0pSRnJKk06TTpROtFK0UrRW1VbVV
tVW1VbVVtVW1Vb2WvZa9lsWWvZa9lr2WvZe9l73Xvde9l72XvZe9l72WvZa9lbWV
tVSlE60UrRSlFK1VrVWtVa1VrZWtVa1VrVWtVa1VrVWtVaUUlJKdFJzUlJOMUpzT
nNOU050UnRSdFJzUlNSMk4yTjJOEUYRRhFKEUYRRjFKMUoxRhFGEEYRRfBFrz2uP
Y01CSUIJOgg6CDGHMYcxh3vPe89zjnvPe89zjnvPe897z3vPe897z3vPe89zjmtN
YwxjDIQQjBCMEIxPnJGc0aTSnNKc0pzSnJKckpySnNKc0pySnNKUUZRRnJKckqTT
rRStFK0UrRStFK0UtRS1VLVUtVW9VbVVtVW1VbVVvZW9VbVVvVW9lr2WrRS1VbVV
tVW1FbWWvZbFlr2WvVW9lb1VtRW1VbVVtVW1Va1VrVWtVa1VrVWtFa0VrVWtVa1V
pRStVa1VrVWtVaVVnRSdFJTTlJKc05SSlNOMk5STlJOU1JTTjNOM04yThFKEUXxR
hFGEkoRShFF8UXwRa89jj2OPQgpCCTnIOcgxhjGGMYd7z3OOe457z4PPe457j3vP
e897z3vPe8+Dz3vPc45rTWMLYwyMUIwQjBCMEJxSnJKckpySnNOckpySnJKUUYQQ
jBCUUZySnJKk06TTpNOk060UrRStFK0UrRStFK0UtVS1VLUUrRSkkpyRrRO1VbVV
tVW1Vb2WvZa9lrUVtVa1Va0VrRStFLVVvVW9lb1VvVW1Va0UpRSlFKUUpRSlFKUU
pRStFaUUnNOUkqUUpRSc05SSlJKc05SSpRSlFJ0UpRSlFKUUnRSdFJTTlNOMkoyS
jNOEUoRRjFKMkoSTjJOEkoSThFKEUXxRfFF8EGvQY49rj0JKOgk6CTnIKYYphimG
c45zjnOOc457z3OOc457j4PPe457j3uPe89zj3OOa0xiy2LLjBCMEIwQjBCcUZyR
nJGckpySnJKUUZRRnFGUkZzRpNKk0qSSnJKk06TTpNOlE60TrRStFK0UrNSs06zT
rNOtFK0UrRS1VbWWvZa9lr2WvZa9lr2WvZa9lr2WtZa1lrWVtZW1VbVWvZW1VbVV
tVWUkqTUpRStFbVVrVW1VbVVtVWtVa1VrVWtVa1VpRWlFKUUpNSc050UnNSU1JzU
lJOU05TTlNOU05UUlRSU1JTTjJOEk4RTfFJ8UnxSfFF8UYRShFJ8UnxRdBBr0GOP
a49CijoJOcgxyClGKYYxh3OOc41zjnvOe897z3OOc457z3OOc45zjnvPe89zTmsM
YotiyoPOhA6ED4QPlJGckZzRnJKckpySnJKk0pzSnNKUkpyRlJGUkJyRpNKtE60T
rNOk06TTpNOkkqTSrROtFK1VtVW1Vb2VtZW9Vb2VtVS1VK0TtZW1lbVUtVS1Va1V
tZWtVbWVtZa9lr2VtZW9VbVVrRStVa1VrVWtVa1VrVWtFa1UrRStVa0VrVWtVa1V
rVWtVa1VrVWtVaVVpRWlFZzUnNSU04yShFGMUYySjJKMkoySjJOMk4yTjJOEk4SS
hFKEkoRSfFJ8EXwQa9Bjj2vQUsw6CTnIMcgphymHMYdzjnOOc45zj3vPc85zjnOO
e89zj3OOc497z3OOa01jDFqKYshzSoPNi8+MD5xRnJGckpyRpJKUUJRPnJGUUJRR
lFCUkZzSpNKk06TSnJGckZyRlFGc0qTTpROtFK0UrRS1FLUTrNK1E7VUrRS1Fa0V
rRStFLVVtVa1lq1WrVW1VrVVrRStFLVVtVS9lb2UvVW1VK0UpROk06TTpROlFKUU
nNOc05zSnNOUkp0TpRSlFKUUpRSlFKUUpRSlVJzTpRSdFJ0UnRSdFJ0UlNSU04yS
jJKEUYRShFGEUYySjJKEUoRShFKEUnwSfBF8EXQRY49rj1sNQgk5yDHIKYYphjGH
c45zjnOOc457z3OOc457jnuOe45zjnOOc45zjmtNYwxaylpJYoqDjovOjA+ckZyR
nJGckZyRjA+L0JRSlJKc0pySnNKckZyRnJGMEJRQnJKk06UUrRStFK0UpNOcUaSS
rNOs1K0UtVW1Vb1VvVa9lr2WvZa9lr2WvZa9lrWWtZW1lrWWtVa1VrVVvZW9Vb1V
tVWckpyTrNSlFKUUpRWtVa1VrVWtVa1VrVWtVa1VrVWtVaUVpRWlFJzTpRSMkpST
lJOUk4xRjFGMkpTTlNOU05TUlNSMlIyThFKEUoRSa89r0HxRhFKEUXxRfBF0EGuQ
a5BjTjoJOcgxyCmGKUYpRnOOa45zjnOOe89zjnNNc457z3vPc45zjnuOc05rTWMM
UopayXNLg82Dz4wPlFGUkZSRnJGckZyRnJGckZQPjA97TXtNg8+ckZySnJKk0qTT
pNKckaTSpNKc0pzSnNOlFLUUtVW1VbVVtVW1VbVUtVS1VbVVvVW1FLUUvVW1FbUV
tVW1VbVVvZW9lr2WvVW1VbVVrRStFK1UrVWtFK0UrRStFK0VrVWtVa1VrVWtVa1V
rVWlVaVUpRWdFaUVpRWc1JzUlNOU04RSfBGEUYRRjJKMUoySjJKMk4yTjJOMk4xT
hFOEUoRShFJ8UXwRdBBrz2vPY49CCjnJMYgphylGKUZzTnOOc05zjnuOc45rTXNN
c45zjnNNc05zjmtNa0xiy1JKYsyEEIQPg8+MD5RQlFGUkZSRnJGckXvNYspaioQQ
hBCUUZySpNKk0pRQjFCUkZSRnJKk06zUrROtFK0UrROtE6TSpNKckaTSrROk061V
rVWtVbVVrVW1VbWVtVW1Va0VnJKck6UUtVS9lb1UtVS1VK0UpROc0qUTlJKUkpSS
pNOc06TTnNOc06UUpRSlFKUUlNOMUZzTlJKUkpSSlJKU05TTnRSc1JTTlNSU1JST
jJOMkoSShFKEUoSShFGEUYRRhFGEkoRSfBF8EXwRa9BrkGOPMgkxxzGHKUUpRTFF
c45rTWtNa01zjnOOa41zjnuOc45rTWtNc01rTWsMYstSiWLMjBCDz4PPjA+UUZRR
lJGUkZSRlJGMUIxQlJKckpySlJGUUJRQlFCMD5SQnJKk06zTrNOs06zTnFGcUZxR
pNKc0qTTpNOtVLVVtVW9lrWWtZa9lr2WvZa9l72WvZa1lrVWtVWtVa1VvVa9VbVU
tVSk05zTpNOlFKUUpRStVa1VrVWtVa1VrVWtVa1VrVWtVaUVnNSc1JSTjJOMUnxR
hFKEUoyTjJKMkpSTjJOMk4yUjJOMk4yTjJOEU3xSfFJ0EnQRhFKEUYQRfBF0EGvP
Y49rj1tOOkopiCmGKYYphnNOc05zTXNOc45zjmtNa01zjnOOa01rTWtNa01rDFrL
UolrDIwQg86DzowPlFCUUZSRnJGckZyRnJGckZSQjA+UUIwPlBCckZyRnNOk0qTS
nNKc0pySnJGk05ySpNOtFK1VrVWtVbVVtVS1VLVUtVW1VbVVtVW1VbVVvVa1VbUU
rRS1FbVVtVW1lb2VtVS1VLUUrRStFK0UrRStFK0UrRWtFKUUpRSlFKUUpRSlFKUU
pRSlFKUVpRWlFZ0VnRWdFJ0UlRSU04zTjJOEUoRShFKMk4yTjJOEk4yTjJOMk4yT
hJOEUoRShFKEEXwRfBFr0GuQY5BjkEqMMYcxhzFHKUZzjmtNa01zTnOOc45rTWtN
c45zjmtNa01rTWMMYstaylJJawyMD4POg86MD5RQlFCUUZSRlJGMUIxQlFGMUIxQ
lJGckZySnJKckpySlFGMUZSSnNOc06UUpRSlFK0UrRStFK0UpNStFKzUrNOs060U
tVW1Va1VrVW1VbVWtVWtFK0UrRSk06TTrRS1VbVUtVStVK1TnNKUkZSRnJKc05zT
lJKUUZSSnNOc05zTnNSlFJ0UnNSc1J0UjFKMkpTSlNOU05TTnNSc1JzUlJSU1JTU
jNSMlIyUjJSMk4yTjJOEk4SThJOEkoRSfFF8EXQQa9Bjz2PQY49KzDGHMYYxRilG
c45rTWtNa01rTXOOa01rTWtNc45rTWtNa01rDGLLWopSSGKKc0yDznvOhA+UUJxR
lFGUUZSRjFCUkZSRnJGckZyRnFGckZSQlFCUkZySpNOk06TTpNOk06TSpNKk0qTS
rRS1FK0UrRWtVa1VtVW1VbVVvZa9lrWWtZa1lrWWtZa1lrVWrVWtFa0UtVW1VbVV
tVStFIxQlJKck5zTpRSlFKUUpRWlFaUVpRWlFaUVpRWlFaUVnNSdFJTTlNOU1JTT
jFKMkoySjJKMkoySjJOMUoyTjJOMk4yTjJOEk4SThJOEk4SThFOEUoRSfFJ8EWvQ
Y49rz2OPUw0xhzGHKYYpRmtNa01jDGsMc01zjmsMYwxrTWtNawxjTGsMYwtSiVJJ
SglzDYPQe86DzowPlFCUUJRRlFGUUZSRlJGUkZyRjA+UUJRRlFGckpySnNKc0pyR
nJGckIwPnJGckaTTrNOtFK0UrRStFK0UrRStFK1UtVWtFLVUtVStVK0UtVStFK0U
tVS1VbVVtVW1lb1VtVS1VK1UrVStE6UUpRSlFK0UrRWtFa1VrVWlFKUUpRSlFKUU
pRWlFKUUpRSlFKUVnRSdFJ0UlNSU1JTUjNSMk4SThJKEkYRRfBCEUYRShFKEUoRS
hFKEUoRShFKEUXwRfBF0EWvQY9Bjz1tOMYcxhzFGKUZrTWtNa0xjDGsMa01rTWsM
a01zTWsNawxrDGLLWopaiVqJe42Dz4POe86ED4xQjFCMUJRQlFGDz4wQlFGckZRQ
nJGckZySnJGkkpySlFCMD5xRnJKck5zTpNOk06UTpNOlE6TSpROk05xRnJOk1KUU
rRStFK0VrRWlFKUUpNOk06zUpRSc05zSrRS1VbUUtVS1VK0TpNOk05zTnNOc05zT
nNOk06UUpRSc05SSlJKUkpzTjJKMkZSSnJKUkpSSlNKUkpSTlNOU05TTlNOM05TT
lNOMk4RShFKEUoRSfBF8EYRSfBF8EYRShFJ8EXQRdBBrz2vPY49bjjHIMYcxhilG
YwxrDWtNc01rDGsMc01zTWtNa01rTWMMYsxai1qKWolSSXuNg857znvNhA+UUJSQ
lFCUUZRRlFGUUZRRlFGUUZSRjFCMUJSRlJGckZySnJKkk6TTnNOk05yTnFGUUZRR
nJKk060UpRSk1K0UrRStVbVVtVW1VbVWtVa1lrWWtZa1VrVVrVWlFKUUtVW1VbVU
tRSckpzTnJOc06UUpRSlFaUVpRWlFaUVnRWc1JzUnNWdFJzUlNOUk5TTjJOMkoxS
jFKMUoxSe5BjDYRShFGEEYxSjJKMk4yTjJOMk4yTjJOEU4RSfBGEUoRSfBF0EXQR
a89jz2OPW08yCSmHKYYpRmMNYw1rTWtNawxjDGsMa01rTWtNYw1izGLLWopSSVJJ
Ukl7joPPe417jYQOjE+MUJRQlFCUUJRQlFCUUIwQjBCUUJRQnJKckpySnJKckpxR
nJGckpSRnJKckpySnJKkkq0TrRStFK1UtVW1VbVVtVW1VbVVtVW9Vr2WvZW9lrWW
tZa1lrWWtVa1VbVVrVStVK0UpROlFKUUpRSlFKUUpRSlFKUUpRSlFKUUpRSlFK1V
pRSlFKUUnNSlFKUUnRSdFJUUlRSU04zThFKMk3wRfBGEEoRShFKEUoQRhFGEUoRS
hFKEUoRShFKEUXxRdBF0EWvQY49jj1uOOoophylGIUZjDGMMYwxrTWMMYwxrTWtN
a01rDWMMYstiy1KKUklSSVJJe457znuOe42MD5RQlFCUUJRQlFCDz4wQjBGMUZRR
lFGUUZRRlJKUkoxQlFCMEJRRnJKckqTTpNSk06TUpNStFK0UrRStFK0UrVWtVbVV
tVa1VrVWtZa1lr2WvZa9lr2WtVa1VrVWtVa1Va0UrRStE6UTpNOc06UTpNOc05zT
rRSk1JzTnNOk05zTnNOlFJzTlJKUkpSSnNOc05TSnNOc05SSlJKc05TTlNOU04zT
jJOMk4yShJOEUnxSdBJ8UnQRdBF8UoRShFJ8EnQRdBFr0GuQY49bj0KLMYcphilF
YwxjDGsNa01jDGMMaw1rDWsNawxizFrLWstSilJJUklSSGrKc0x7jXuNjA+MUJRQ
jFCMUIxQjFCMUJRRlFGMEIvQjA+MEIxRlFGUUZRRnJKckpySpNKk0qTTpNOk1KUU
rRStVK1UrVStVbVVtVW1VbVVtVW1VbVVtVa1VrVWtVa1VrVWtVa1VrVVtVWtFLUU
rROckpyTnNOk06UUpRSc06UUpRSk1KUUpRSlFKUUpRSlFJzUlNSc1JzUnNSUk5ST
jJOEUoRSjJKEUoyTjJKMUoySjJKMkoySjJKEU4RThFOEU4QThFKEUoRSfBJ8EXQR
a9Fj0GPQW49DDCnGKYYpRmMMYwxjDGsNYwxay2MMawxrTWMMYstay1qKUklKCVJJ
SgmDz3vOc457jYQPjA+MD4xQjFCUUIwQjBCMUXuOe457jowQlFCUUZSRnJKckpyS
nJKkkqTTpNOk06TTpNStFK0UrRS1VK0UrRStFa1VrVWtFa0VrVWtVa1VrVWtVa1V
tVW1VbVVtVW1VbVVrRStFK0UpNOk1KUUpRWlFKUUpRSlFKUUpRSlFKUUpRSlFKUU
pRWlFaUVpRWlFKTUpRSdFJ0UnRSU05TUjNOM04RShFJ8EnwRfBF8EWuPdBB8UXxR
fFF8UXxShFKEUnxSdFF0EWvQY49j0GOPUw0phymGIUZizGLLawxrDGMMWstizGMM
YwxjDFrLWspailJJUghSSFJJg857zXuNe42ED4xPjFCMUIxQjFB7zoQPjFCET4xP
jFGMUZRRlJGUkZySlJKc0pzSnNOk06TTpROs06TTpNOk06TTpNOckqTTpNOk05yS
nFGk06TTpNOtFK0UrRSk06TTpNOtFKTTrRS1VK0TrRStE6TTpNOs06TTnNKc05yS
lJKc05zTnNOUkpSSnNOc05SSlJOUkoySlNOU0oySlNKU05TTlNOU05TTnNOU05TT
jNOMk4yThFJ8EXwRdBF0EXQRa9BsEXRRfFJ8UnRRdBF0EGvPY89jjltOMYgxRilF
Ywtiy2MMYwxjDFrLWwxjDGMMYwxjC1qLUopKSUoISghSCXvOc81zjXONhA6ET4wQ
jBCUUIxQjFCMUYxQjFCMUIxRjFGUkZSRlJGckpySnJKckpySnJOckpySnJKckpyS
nJGc0pySlFGk06UUpRSlFKUTpRStFK0UrRW1Va1VrVStFK0UrRWlFKTTtRS1E60T
rROckZSRnNOc05TSlJKUkpzUnNSlFKUUpRSlFKUUnNSUk5TUlNSU05STjJKEUYyS
jJKMkoRRhFKMk4yTlJOUk4yTjJOMk4yTjJOMk4SShJJ8UnxSfFJ8UnxSfFJ0UnQR
bBBr0GPQY9BbTzHJKUcpRmLLWstjDGMMYwxay2LLYwxjDGMMWstay1JKUklKCEpI
Ukl7jnOOc41zjYQPjA+MD4wQjBCMUIwPg86MD4POhA+MUJRRlFGUkZSRlJGUkYyR
nJGMUIQPe8+UkZSSlJKck5zSpNOlFKUUrRStFK0VtVWtVa0VrRW1Va1VrVWtVa1V
rVWtVa1VrVWtVK1UrVStE60TnNKc0pzTnRSlFKUUpRSlFKUUpRSlFKUUpRSlFKUU
pRSlFJ0VpRWlFKUUnRSdFJzUlNSU1IyTjJOM04yTjJOEk4yTjJOMU4SThJOEU4RS
hFKEUoRShFKEUnxRfFF8UXQRY89jz2PPW046SimHIUZay1qLYsxizGLMWstay2LL
Ywtay1qLUopSSkoJQghKCFJJe45zjXOMc42ED4QPhA+MD4wPjBCDz3NNhA+EEIxQ
lFCUUZRRlFGUUZRQjFB7zoyQjFGMUZRRnJOk06TTpNOk06TTpNOk0pySpNOk0pxS
pNOlE5zTnNOc06UTpRSUUZzTpNOk1K0UrRS1Va0UrROlE6UTpROk06TTpNSlFK0U
pRSlFKUUpRSlFKUUpRSlFJ0UnRSlFKUUnRSdFJ0UnRSc1JzUnNSU1JTTlNOU05TT
jJOMk4yTjJOEkoSShJKEUoRShFKEUoRSfFJ8UnxSdFF0EWvQY9BjkFuPOosphylG
YstailrLYsxiy1qKWotay1rLWwtSilKJUklKCEHISghKCGKJcwtzTHNMg8+ED4QP
jBCMEIwQjBCMEIwQjBCMUIwQlFCUEIPPg8+MEJRRjFGUkpySnJKc0pySlJGUUYwQ
jBCUUZSSlFGUUpySnJKckqTUrRSlFKTTrRWtVa0VpNOk06UUnNOc05zTrNOtE60T
rROlE6TTpNOk06TTnNOc05zTpRSlFKUUpRSlFKUUpRWlFaUUnRSdFJ0UlRSdFJTU
lNSU1JTTjNOM04zTjNOM04yTjJOMkoyTjJOEk4SThFOEU4RShFJ8UnxRfFJ8UnQR
dBFr0GuQY5Bbj0LMKYcpRlqLWopiy2LLYstaylrKWstay1rLUopSikpJSghCB0IH
UolzjXNNc0xzTIQPjA+ED4wPjBCMEIwQg89zTXuOg86DzowQjBCMUIyRjFGUUZyR
lFCUUJSRg897jpQQjA+MUIxQlJKc06UTpROtFK0UrRStFK0UrRWtFa1VrVWtVa1V
rVWtVa1VrVWtVa1VrRSlFKUTnNOc05zSnNOc05zTnNOc05zUnNSdFJ0UnRSdFJ0U
nRSdFJzUnNSc1JzUnNSU1JTUlNSU1JTUlJSMk4yTjJOEk4xThJOEk4SThJOEUoRS
hFKEUnxSfFJ8UnxRfFF0UXQRbBFj0GPQY49TDTGHKUZay1qKYstiy2LLWopaylqK
WstailKKUklKSUoIQcdBx1KKe41rTHNMc0yDzoPOhA+MD4wQjBCED3ONc417z4QQ
jFGMUIxQjFCMUJRQjFCEEHvOjFCMUIwPlFCckpySnJKck6TTpNOk06TTpNOc05yS
nJKc06TTpNOk0qTUpRSk1K0UpNStFaUUpRWtVa0UrROlE6TSnNOc05yTnJOUkpSS
lJKUkpzTlJKc05zTnNOc1JSTnNOU05zTlJKUk5zUlNSM1JTUjNOMk4yTjJOMk4ST
hJOEk4SThFOEU4RThFJ8UnxSfFJ8UnxSfFJ8UXxRfFF0EXQQa9Bj0FuPU04piCFH
WspailrLWstay1KKUspaylqKWopSSlJJSghCB0HGQcZainuNa0xrTHNMg86DzoPP
jA+ED4QPhA+ED4QPhA+ED4QPe41zTXNNg8+EEIxRjFGMUZRRnJKckpySnJKckpyS
nFKckpySnJKMEZySlJGMUZRRnJKkk6TUnJKc06TTrRSlE6TTrRSk1KTTrRStE6zT
pNOk05zTlJKMUYyRjFGMUYxRlJKUk5SSlJKUkpSSlJOUk5STlJOUk5STjFKUkpST
hBF8EYRSfBF8EXwRfBJ8EXwRfFKEUoRShFJ8UoRSfFJ8UnxSfFJ8UnxSdFJ8UnQS
dBFsEGPQY9Bbj1tOMYgpR1qKWopaylrLWotSilKKWopailKKSklKCEoIQgdBx0HH
WspzjWtMa0xzjXvOhA+Dz4QPhA+ED4QOg86DznuNc0x7jXOMe46ED4xQjFGUUJRR
lFGUUZRRlFGMUYPPjBCckpRRnNOc05zTnNKk1KUUpRStFKUUrVStFK0UrRWtFK0V
rRWtFa0VrRSlFKUUrNOk0qTTpNOc05SSlJKUkpSSnNOc1JzTnNOU050UnNOc1JzU
nNSc05zUnNSU1JSUlJOUk5STjJOMkoRSfBF8EXwRc9Bz0HQRdBF8EHPQc9B8EYRR
e9Bz0HxRfFJ8UnRRfFF8UXwQdBBr0GPQY5BbTjnJKYdailJKWopailqKUkpSilKK
UopSiUpJSklCCEIIQcc5x1rLc41rTGtMc417znvOe86EDoQOe857jXvPe857zoPP
hA+MEIwQjBCMEIwPhA+MD4QPhA+MEIxRlJGUkZyRnNKk05zTnNOc06TTpNSk1KTU
pRSk1KUUpRStFKUUpNOk1K0UpRSlFKUUpRStFKUSpRKk0qTSnNKc05zTnNOc05zT
nNOc05zTlJKUkpzTnNOc050TnJKU0pSSlNOU05TTlNSU05TTjNOM04yTjJOMk4yT
hFOEU4RSfFJ8UnQRc9F0EmvQa5B0EXxSfFJ8UXRRdFFsEWwRa9BjkGOQW08ySymH
WopSSVKKUopSylKJUopSilKKSklKSUIIQghBx0GGOYVKR1qJawtrC3NNe86DzoPO
g8+Dz4PPg8+ED4QPhA+ED4QQe897z4QQjBB7z4PPjBCUUZRRlFGUUpRRnJGckZyS
nJKckpySnJKMEJRRnFKckpySjFCMUZzTnNOU05SSlJKc0pySnNOc05ySpNOk06TT
pNOc05zSlJKMkoxRhBB7z4QQlJKc1JSSlJKMkoySjJKMkoQRe9B8EIySjFKEUYxR
jFGEUHwPfBCEUYRSfBGEUoRSjFOEUoRShFKEUoRSfFJ8UnxSfFJ8UnxRfFJ8UnQR
dBF0EWvQa5Bj0FuPOosph1KKSkpSilKKUopKSVKJUolSSVJJSglCCUHIQcc5hjmG
YspzTGsLYwtrTHvNe817znvPe897z4PPg897jnuOe45zjXPOe8+Dz4wQjBCMUIxQ
jFCUUYwQlBCMEIwQhBCUUYxRlFGUUpSShBCUkpySnNOlFJzTnNOk06TUpRSlFKTU
pRSc05zTnNOc06TTpNOk06TTnNKckpSRjFGMUYxRjFKUkpSTlNSU05STlJOU05TT
lNOM04yTjJOMk4yTjFOMU4yThFJ8EXPQc9B0EGvPdBBzz3PQfBB0EHPQhFJz0HPQ
dBB0EHQRfBJ8EnwSfBJ8EXQRdBFr0GPQY9Bbj0LMKYdSikpJUklSilKKSklSSVJJ
UklSSUoJQghBxznHOYY5hmLKc0xjC2sLc0x7jYONe817zoPOc0xrC3uNe457joQP
e8+EEIQQhBCMEIwQg8+Dz4PPawtzTHvOg8+MEJRRlFGUUZySnJOk06TTpNOk06UU
pRSlFKUUpRSlFKUUpRSlFKUUpRSlFKUUpNSlFKUTpNOk0pzSnJKckpSSlJKckpyT
nJOc1JzTnNOdFJTUnNSc1JzUnNOc1JTUlNSU1JTTlNOUk4yTjJOMk4yThJOEk4RT
hFN8UnxSfFJ0EXRRdBFr0GPPY89jz3xRfFF8UXxRdBB0EXQRa9Fr0GPQW49LDSmI
UopSSVJKUkpSSVJJSklSSVJJUkhKCEHHQcc5hzmGOYZiy2sMYspjC3NMe4x7zXvN
e817znONc458D4PPg8+Dz4vPg86DzoPOhA57jWMLc42Dz3ONhBCMUZRRlFGUkpSS
lJKUkpySnJKk06TTpNOk1K0UpRSlFKUUpVSlFKUUpRSlFKUUpRSlFKUUpRSk05zT
nJKckpySlJKUkpSSlJKUk5zTnNOc05zTnNOU05zTnNSc1JzUnNSc1JzUlNSUk5TT
lNOU05TTlNOMk4yTjJOEk4SThJOEk4RThFKEUnxSfFJ0UnRRdBF0EXQRdBF0EXQR
dBF0EWwRY9Fj0VuQU08piVJKSklKiUpJSolKSUpJUklSSVJISghKB0HHQYY5RjmG
YstrDGLLYsprTHuNe417zoPOg857znvOe857joPPc0xjC2MLc417jnvPe8+EEIxQ
jFCMUYxRlFGUUZRRlFGUkpSSlJKck5yTpNOk1KTUpNSk1KUUpRSlFKUUpRSlFKUU
pRSlFKUUpRSc06UUpROk0pzSlNKUkpSSlJKUkpSSlJKUkpSSlJOU05TTnNOc05TT
lNOU05TTlNOU05TTlNOU0ozTjNOMk4yTjJOMk4yThJOMk4yThJKEkoRShFKEUnxS
fBJ8UnRSdFF0UXQRdBF0EXQRbBFr0WvRY9Bj0FtPMclSSVJJUklSSVJJSghKSUpJ
QklKSEIIQgdBxznGMYY5hmLLYwtaymLKa0xzjXuNe417jnvOawxrDHNNYwt7zmtM
c017joQPhA+ED4QQjA+MEIwQlFGMUIxRlFGUUZRSlJKUkpTSnJKc05yTnNOc05zT
pNOk06UUpRSlFKUUpRSlFKUUpRSlFKUUpRSlFKTTpNKc0pSSlJKUkpSSlJKUkpSS
lJKUkpSTlJOUk5TTlNOU05TTlNOU05TTjNOU05TTlJOUk4yTjJKMk4xTjJOMk4yT
hJOEkoSShJJ8UnxSfFJ8UnxSdFJ8UnxSfBJ0EXQRdBF0EXQRa9Fr0WPRY9BbjzoK
UklKCEoJUklSSUoISglKCUoISghKCEHHQYc5hjlFOYVKB1JHYspiynNMc41zjXuN
e417jmtMa0xzjXOOe897z4PPg8+EEIQPhA+EEIwQjBCMEJRRjFGMUZRRlFGUUZRS
nJKUkpySnJKc0pzSnNOc05zTnNOc05zTpRSlFKUUpRSlFKUUpRSlFKTUpNSk0pyS
nJKUkoxRjFGMUYxRjFGMUYxRlJKUkpSSlJKUkpSSlJKUk5STlJOUk5STjJOMk4yT
jJKMkoySjJKEkoRShFKEUoRShFKEUoRShFJ8UXxSfBJ8UXQRdFF0UXQRdBF0EXQQ
bBFsEWwRbBFj0GPQW486SVJJSghKCEoJSklKCEoISghKCEnIQcc5xzmGOYYxhTGF
YstjCmLJYslrC3OMc4xzjXPNc81zzXvOe857znvOfA57z3vPhA+ED4QPhA+ED4wP
jBCMEIwQjFCMUYxRjFGUUZRRlJKUkpySnJKck5zTnNOc1JzTpNOk06TUpNSlFKUU
pRSlFKUUpRSlFKUUpNKc0pySlJGMUIyRhA+EEJSRhBCEEIQQhA+ED4QQjFGEEIxR
jFGMUYxRjJKM0oyRjJKMkoRSjJOMUoySjJKEkoRRhFF8UXxRfFJ8EnxSdBF8EXwR
fBF0EXQRdBF0EXQRdBF0EXQRdBF0EWwQY9Bj0VuQQsxKSEpISkhKCUoJSglKCEnI
SghCCEHIQYc5hjmFMYUxhmMLYstaylqKawtzTHOMc4xzjXONc45zjnvOe857zoPO
e86Dz4PPhA+ED4QPhA+ED4QPhA+MD4wQjBCUUZRRlFGUUZSRlJGUkpySnJOck5zT
nNOc06UTpNOk1KTUpNSlFKUUpRSlFKUUpNSk1KTTnJKckpRSjBGMUYQQhBCUUYRR
hFCEUYxSjFKMUpSTjFOEUYRShFKEUoRSlJOMk4yTjJOEk4yThJKEUYRSfBF8EXPQ
c9B0EGvPc898EXQQfFF8UnxSfFJ8UnQSdBB0EXQRdBFz0XQRdBFsEGPQY9Bjj0sN
SklCCEIIQghKSUIIQchByEHIQchBxzmHOYY5RjFGOYZiy2LKWopaimtMc4xzjHOM
e417jXuNe457jnvOe857znvOe897z4PPg9CED4QPhA+EEIQQhBCMEIxQjFCMUYxR
lFGUUZSSlJKckpySnJOc05zTnNOc06UTpNOk06TUpNSk1KTUpRSk06TTpNOc05yS
nJKUkZSRlJGMUYxRlJKUkpSSlJOUk5STlJOU05TTlNOU05TTlNOU05TTlNOU05TT
lJOMk4yTjJOMk4yTjJOEkoRShFJ8UnxSdFJ8UnQRfFJ8UnxSfFJ8UnQRdBF0EXQQ
bBBsEGwQbBBkEGPQY49TTkIIQgdCCEoISghKCEHHQcc5xznHOYc5hjGGMUYpRTGG
Wstay1qJWslrS2tMc0xzjXONe41zjXuNe417jnuOe457znvOg86Dz4PPg8+Dz4wP
jA+MD4wQjBCMEIwRlFCUUZRRlFGUUpSSlJKck5yTnJOc05zTnNOc06TTpNOc05zT
nNOc05zTnNOc05zTnJGUkZSRlFGUUZRRlFGMUZRRlJKUkpSSlJKUkpSSlJKU05TT
lNOU05TTlNOM05TTlNOUk4yTjJOMkoyTjJOMk4yTjJKMkoSShJGEUoRShFJ8UnxS
fFJ8UnxRfFF8EXwRdBFsEWwRbBFsEWwRa9Bj0GPQW49KCEnIScdJyEnIScdBx0HH
QcY5xjnGOYY5hTFFMUU5hmLKWslaiVqJawtrS2tLc0xzjHONc41zjXuOc457jnuO
e46DzoPOg86DzoPOg8+Dz4wPjA+MD4wPjBCMEIxQjFCMUZRRlFGUUZSSlJKUkpyS
nNOc05zTnNSc05zTnNOc05zTnNOc05zTnNOck5TRlJGUkZSSjFGMUYxRjFGMUYxR
lJKUkpSSlJOck5SSlJOUk5STlJOU05STjNOUk5STlJOMk4yTjJOMk4yTjFOMk4yT
jJKEUoRShFKEUoRSfFJ8UnxSfFJ8UnxRdFF0EXQRbBBsEGvQa9Br0GPQY9Bj0FuP
QchBx0HHQchBx0GHOcc5xznGOYY5hjmGMUUxRTEEOUVJx1JIWolaiWsLawtrS3NM
c4xzjXONc41zjXONe417jnuOe857znvOe86Dz4PPg8+MD4QQhBCEEIwQjBCMEIxR
jFGMUZRRlFKUkpSSlJOckpySnJOc05zTnNOc1JzTnNOc05zTlJKc05zTnNOc0pSS
lJGUUYxRjFGMEIxRjFGMUYxRlJKUkpSSlJKUkpSTlJOUk5STjJOUk5STlJOUk4yS
jJOMk4yTjJOMkoyTjJOMk4SThFKEUoRShFKEUnxSfFJ8UnxRfFF8UXQRdBFsEWvR
bBFsEGwQa9Bj0GPQY9Bbj0GHQYdBh0GHQYdBh0GHOYY5hjGFMUYxRTFFMUQpBDmF
YopaiVqJWolrC2tLa0trTHNMc01zTXONc41zjXONe417jXvNe86DzoPPg8+Dz4PP
g8+ED4QPhA+ED4wQjBCMEIxRjFGMUZSRlJKUkpSSnNKckpzTnNOc05zTnNOc05zT
nNOc05TTnNOc05zTlJKMUYxRjFGMUYxRjFGMUYxRjFGMUYxRlJKUkpSTlJOUk5ST
lJOUk5STlJOUk5STjJOMk4yTjJOMk4yTjJOEk4SShJKEknySfFJ8UnxSfFJ8UnwR
fFF8UXxRdFF0EWwRbBFsEWwQbBFsEGvQa9Bj0GPRW5BBh0GGOYZBh0GGQYc5RjmG
OYYxhjlFMUUxRTEEKQQ5hmLKWolaiFrJawtrS2tLa0trTHNMc0xzjXONc41zjXON
c457jnvOe857znvOe86Dz4PPg8+ED4QQhBCEEIQQjBCMUJRRjJGUUZSRlJGckpSS
lJKUkpSSnNOc05zTnNOc05zTnNOc05zTnNOUkpSSjFGMUIxQhFCEEIQQhBCMUYxR
jFGMUYyRjJKMkoySjJKUkoySjJKUk5STjJOMk4yTjJOMk4yTjJOMk4yThJOEU4RS
hFKEUoRShFJ8UnxSfFF8UXxRfFF8EXQRdBF0EXPRdBFsEGwRY9Br0GvQY5Bj0GPQ
QYY5hjmGOcY5hjGGOYY5hjlFOUUxRTFFMUUpBCkDQYZiilqJUohSyGsKawprS2tL
a0trTHNNc4xzjXONc41zjXONc41zzXvOe857z4PPg8+Dz4PPhA+ED4QPhA+EEIQQ
jBCMUYxRjFGMUYxRlJKUkpSSlJKUkpSSlJKc05zTnNOc05zTnNOUk5SSlJKUUYxR
jFCED4QPhBCEEIQQhFCEUYxRjJGMUpSSjJKMkoySjJKMkoySjJKMkoySjFOEk4yT
jJOMk4SThJKEkoSShFKEUoRShFKEUoRSfFJ8UnxRfFJ8UXRRdFF0EXQRdBF0EXQQ
bBBsEGPQa9Bj0GOQY9Bj0DFFMUUxRjlGOUU5RTlFOUUxRTFEMUQxRDEEKQQpBEHH
YopaSFpIWohrCmMKa0prS2tLc0tzTHNMc01zjXONc41zjXONc417jXuOe857znvO
e897z4PPg8+MEIQQhBCEEIwQjBGMUYxRlFGUUpRSlJKUkpSSlJKUkpySnJKckpSS
lJKUkpSSlJKUkoxRjFGMEIwQhBCDz4QQhBCMEIQQhBCMUYxRjFKMUoxSjFKMkoyS
jJKMkoySjJKMkoySjJKMkoyShJKEkoSShJKEkoRShFKEUoRShFJ8UnxSfFJ8UXRR
dFF0UXRRdBFsEXQRa9Fz0GvQa9Br0GvQY9Bjz2PQY88pBCkEKQQpBCkEKQQpAykD
KQMowyjDKMMogyDDIMNBxlqJUkhSSFqJYstrC2sLa0trS3NLc0tzTHNMc0xzjXON
c41zjnOOe457jnuPe497z3vPe8+D0IPPg8+ED4wQhBCMEIwQjBGMUYxRjFGMUZRS
lJKUkpSSlJKUkpSSlJKUkpSSlJKUkoySlJKUkoxRhA+ED4PPg8+Dz4PPhA+EEIQQ
hBCEUYxRjFGMUYxRjFKMUoySjJKMkoSSjJKMkoySjJKEkoSShFKEUoRShFGEUoRS
hFKEUoRShFJ8UnxSfFF8UXxRdBF0EHQQbBBz0HQQbBBr0GvQa9Bj0GPQY9Bb0FvQ
IIIggiCCIIIgghiCIIEgQSCBIIEggSBBIEEgQRiBMURBxkpHUkhaiGMLYwpjC2ML
a0trS2tLa0trS2tMc4xzjHONc417jnOOc45zjnuOe857z3vPe897z3vPhA+EEIQQ
hBCEEIxRjFGMUYxRjFGMUYxRlJKUkpSSlJKUkpSSlJKUkpSSlJKUkpSSjFGMEHvP
e457znvOe897z3vPhBCEEIQQhBCEUIRRhFGEUYxSjFKMUoySjJKMkoySjJKMkoyS
hFKEUoRShFKEUoRShFKEUoRShFKEUXxRfFF8UXxRfBF8EXQQdBB0EHQQdBF0EWwQ
a9Br0GvQa9Br0GPPW89bjyCCIIIggiCBIIIggSCBIIEggSCBIIEggSCBIIEggUHG
UolKSUpIUohjCmMKYwprS2tLa0trS2tLa0xrTHNMc0xzTXuNc41zjXONc457jnuO
e857znvOe857z3vPhA+ED4QQhBGEEYxRjFGMUYxRjFGMUYxRlJKUkpSSlJKUkpSS
lJKUkpSSlJKMUYxRhBBzjXONc41zjnPOe8+ED4RQhFCEUIRQjFGMUYxRjFGMUYyS
jJKMkoySjJKMUoxShFKEUoRShFKEUoRShFKEUoRShFJ8UnxSfFJ0UXxRfFF8UXwR
dBF0EXQRdBFz0HQQdBBsEGvQY89j0GPQY5Bj0FuPQkkYgRiBGIEYgRiBIEEggSCB
IIEggSCBIIEggRiBGIFCB1KJSkhKSFKIWsliymMKYwpjC2tLcwtzS3NLc0xzTXNN
c01zjXONc45zjXONc45zjnOOe857znvOg857z3vPhA+EEIQQhBGMEYwRjFGMUYxR
jFGMUZSSlJKUkpSRjFCED3vNc4xrS2LKWolKB0GFKMIwwjDDMQMxAzFEMQMxAzED
MQMxAzEDMUMxRDlEOUU5hTmFOYU5xkHFQcVBxUnGSgZKBkoHSkhSiVKKUspay2ML
YwxjTGuMc810DnQPfFB8UHxQdFB0UHQQbBBsEGwQa9Br0GvQY89jz2PPY886SRiD
IEIgQiCCIIIggiCBIIEggSCBIIEggSCBIIEggSCCSgdSiUpISkhSiVrKWwpjCmMK
awprCmsLa0xrTGtMa0xzjHNMa0xrTHONc41zjXPNc41zjXPOe897z3wPe897z3wP
hBCEEIxQjFCEDnuMc0pqyWJIUgZJhDkDMMEogSCAGEAYQBhBEEAYQBBAGEAYQBhB
GEAQQBBBEEEQQRBBEEEQQRBACEAQQBBAEEAQQRBAEEEQQBBAEEAQQBBBEEEQARAB
EAEQAQgBCAEQAQgAEEAQQRABCAAQABAAEAEQARBBEEEYgiDCKQQxRTGGMYY5x0II
SolKilLKUstbDDoIGIMYgyCBIIEggSCCIIEggSCBIIEggSCCIIIgghiCGIEYgUoI
UklKSEpIUolaymLKYspiymMKYwtjS2NLY0trTGtMa0xrTGtMa0xrTGuMc4xzjXON
c417jnvOe817jGtLaspaSEnGOUQowiCBGEEYQRgBEEEQQRBBEEEQARAAEAEQARAB
EAEQARABEAEQQRhAGIEgghhBGEEYQRhBGEAQQRBBEEEQQRBBCEEQQRABEAEQARAB
EAEQARABEAEQARABCAEIAQgBCAEIAQgBCAEIAQgBCAEIAQgBCAEIAQgBCAEIAQgB
CAEIAQgBCAEIAQgBCAEIAQgBEAEYQRhBGEEYghiCEIIggSCBIIIgghiCGIEYgRiB
IIEggSCBIIEYgRiBIMFKB0oHSgdKB1KIWslayVrJWslbCmMKYwpjCmMLawtrS2tL
a0trTGtMa0xrTGtMawtiylJIScY5RTDDIIIYQBhAEEAQQRBBEEEQQQgBCAEIAQgB
EAEQARABEAEQARABEAEQARABEAEQARABEEAYQSCBKMIogiCCIIEYgRhAGEAQQBBA
EEAQQBBAEEEIQBABEAEQARABEAEQARABEAEQAQgBCAEIAQgBCAEIAQgBCAEIAQgB
CAEIAQgBCAEIAQgBCAEIAQgBCAEIARBBEEEQQRBCGIIYghiCGIIYwhjCGMIYghiC
IEEggSCBIIEYgSCBGIEYgSCBIIEggRiBGIEYgRjCMYVBxkoHQgdSSFqJWslayVrK
YspjCmLKYwtjC2MLYwtjC1rKUslSR0nFOUMowiCBGEEYARABEAEQARABEAEQARAB
CAEQARABEAEQARABEAEQARABEAEQARABEAEQARABEAEQARgAEAAQQBhAIIAowTEC
MQIxASjBKMEggSCBGIAYQBhAGEAYABhAEEAQQBBACEAQQBBAEEAQQBBAEEAQQRBB
EEEQQBABEAEQABABEAEQARABEAEQARABEEEQQRhBEIEQQRCBGIEYgRiBGIEggiDC
IMIgwiCCGIIYghiCGIEYgSCBIIEggSCBIIEgwSCBIIEYgRiBGIEYgRiBGIEgwkpH
SghKB0oIUklailqJWslaylrJWslSiFJISgdBxjFEKMMgghiBGEEQAQgBEAEQARAB
EAEIAQgBEAEIAQgBCAEIAQgBCAEIAQgBCAEIAQgBEAEQARABEAEYARABEAEQARBB
EEEYQBhAIEAggCjBMMI5AjECMQIowSjBKMIogiCBIIEYgRiAGIAYgBhAGEAYQBhA
GEAYQBhAGEAQQBBAEEEQQRAAEEAQQBBAEEAQQBBBEIEQQRCBGEEYgRiBGIEYgRjB
GIEYgSCCIMMgwyDDIMMgwyDCIMIYwhiCGIIYghiCEIEggSCBIIEggSCBIIEYgRiB
IIEggRiBGIEYgRiBIMJKB0oHQgdCB0pIUkhKBkHFOYUxAyjDIMIggRhBEAEQAQgB
EAEQARABCAEIAQgBCAEIAQgBCAEIAQgBCAEIAQgBCAEIAQgBCAEIARABEAEQARAB
EAEQABAAGAEQABAAEAAQQBBAGEAYgSCBKMEowTECMQI5AzECMMIwwjDCMMIowiDB
IMEggSCBGIEggSCBIIEYgRiBGIEYgBiAGIEYgRiBGIEYgRiBGIEYgRiBGIAYgRjB
GIEYgRiCGIEYghiCGIIYwhjCGMIYwiDCIMIYwiCCGMIYwhjCGIIYghiCEIIYghCB
IIEggSCBIIEggiCBIIEggRiBIIIYgiCCIIIYgiDCOUUxREGFOUQpAyDCIMIYgRhB
EAEQARABEAEQARABEAEQAQgBCAEIAQgBCAEIAQgBCAEIARABEAEQARABEAEQARAB
EAEQARABEAAQABAAEAAQQBBAEEAQQBBAEEAQQBhAGEAgQCBAKIEogSjBMMIxAjED
MQIxAjECMMIwwjDCMMIowijCKMIowSjBKMEggSCBIIEgwSDBIIEggSCBIMEgwSCB
IIEggSCBIIEggSCBIIIggiCCIIIgwiDCIMIgwhjCIMIYwiDCIMIgwiDCGMIYwhjC
GMIYwhiCGIIYghhCGIEYgSCBIIEggSCBIIEggRiBIIEggiCCIIEggSCBIIEggRiB
IIIgghhBEEEIQRBBEEEQQRABEAEQAQgBEAEQARABEAEQARABEAEQARABEAEQARAB
EAEQARABEAEQARABEAEQARABEAEQARABEAAQQBBAEEAQQBhAGEAYQBhAGEAYQCBA
IEAogSiBKMEowjECMQIxAjEDMQM5AzEDMQIxAzEDMQIowijBKMEowSjCKMIowijC
KMIowiDBIMIgwiDCIMIgwiDCIMEgwSDBIMIgwiDCIMIYwiDCIMIgwiDCIMIgwiDC
IMIgwiDCIMIgwiDCIMIYwhjCGMIYghiCGIIYghiBEIEggSCBIIEggiCBIIEggSCB
IIEggSCBIIEggSCBIIEggRhBEEEQQRABEEEQQRBBEEEQABAAEEAIQBAAEEAQQRBB
EAEQARABEAEQARABEAEQABAAEAAQABAAEAEQQAgAEEAYABgAGAAYABhAEEAYQBhA
GEAYQBiAGEAYQBhAIIAggCCAKMEowTDCMQIxAjkCOQI5AjkCOQMxAjECMQIxAjEC
KQIpAikCKMIowijCKMIowiDCKMIowiDCKMIggiDCIMIgwiDCIMIggiDCIMIgwiDC
IMIgwiDCIMIgwiDCIMIgwiDCGMIYwhjCIMIgwhjCGIIYghiCGIIYgRiBGIEQgRBB
IIIggiCCIIIggSCCIIEggSCBIIEggSCBIIEggSCBIIEYgRBBEEAQQBBAEEAQQBBA
EEAQQBBAEEAQQBBAEEAYQRhAGEAQQBBAEEAQQBBAEEAQQBhAGEAYQBhAGEAYQBhA
GEAYQBhAGEEYQBhAGEAgQBhAGEAYQCCBIIEgwSiBKMEowijCKMIxAjECMQIxQjlC
MQIxAjECMQMxAzECMQIxAjECKQIpAikCKMIowijCIMIowijCKMIowijCKMIpAiEC
IQIgwiDCKMIgwijCIMIgwiDCIMIgwiCCIMIgwiDCGMIgwiDCIIIgwhjCGMIYwhiC
GIIYghiCGIEYgRiBGIEQgSCBIIEggSCBIIEggSCBIIIgghiCGIIYgiCBIIIggSCB
GIEYgRhBGEAYQBhAGEAYQBhAGEAYQBhAGEAYQBhAGEAYQBhAGEAYQBhAGEAYQBhA
GEAYQBhAGEAYQRhAGEAYQBhAGEAYQBhAGEAYQBhAIEAggCCAIIEggSCBIIEggSjC
KMIowijCMMIwwzEDMQMxAzEDMQMxAzEDMQMxAzECKQIpAikCKQIpAikCKQIpAikC
KQIpAijCKMIowijCKMIowijCKMIgwiDCIMIgwiDCIMIgwiDDIMMgwiDCIMIgwiDC
GMEgwiDCIMIYwRiCGIIYghiCGIIQghCCEIIQgRBBEEEggSCBIIEggSCBIIEggRiB
IIEggSCBIMEggSCBIIEggSCBIEEYQRhBGEEYQRhBGEEYQBhBGEEYQRhBGEEYQRhB
GEAYQBhAGEAYQBhAGEAYQBhAGEAYQBhAGEAYQBhAIEAgQCBAIEAgQCBAIIAggCCA
IIEggSCBIIEggSCBKMIowSjCKMIowijDKMMxAzECMQIxAjEDMQMxAzEDMQMxAzED
KQMpAykDKQMpAykDIQMpAykDKMIowijCKMIgwiDCIMIgwiDCIMIgwiDCIMIgwyDD
IMMgwyDCIMIgwiDCGMIYwhjCGMIYwhjCGIIYghiCGIIQgRiCGIIYghiBGIEQQRBB
IIEggSCBIIEggSCBIIEggSCBIIEggSCBIIEggSCBIIEggSCBIIEggSCBIIEgQCBB
IEEYQRhBGIEYgRiBGIEYgBiAIIAYgBiAGIAYgBhBGEEYQRhBGEEYQRiBGEAggCCA
IIAggBiAGIAYgCCAIIAggCCAIIEogSiBKIEowSjCKMIowijCKMIowjEDMQMxAzED
MQMxAzEDMQMxAzDDMQMxAikCKQIpAiDCIQIpAikDKQMpAyjDKMMowyjDIMMowyDC
IMMgwiDCIMIgwiDCIMMgwyDDIMIYwiDCIMIgwhjCGMIYwhjCGIIYghiCGIIYgRiB
GIEYghiBGIEYQRCBEIEQgCCBIIEYgSCBIIIggSBBIIEggiDBIIEggSCBIEAggSCB
IIEggRhBGIEYgSCBIIEggBiAGIAYgRiBGIEYgSCBIIEggSCBIIEggSCBIIAggSCB
IIEggSBBIIEggSCBIIEggSCBIIEggSiBIIEggSCBKIEogSjBKMEowSjBMMEowijC
KMIwwjECMQIxAjECMQMxAykDKQIpAikDMQMxAikCKQIpAikCKQIpAykDKQMpAyjD
KQMowijCKMIowijDKMIgwiDCIMMgwyDDIMMgwiDCIMIgwiDCIMIgwiDCIMIgwiDC
IMIgwhjCGIIYwhjCGIIQghiBGIEYQRiBGIEYgRCBEEEggRiBIIEggSCBIIEggRiB
GIEYwRiBGIEYgRiBGMIYgRiBIIEggRiBGIEYgRiBGIEYgRiBGIEYgRiBGIEggSCB
IIEggSCBIIEggRiAGIEggSCBIIEggSjBIIEgwSCAIIAggSCBIIEggSCBIIEggijB
KMEowSjBKMIowijCKMIowyjCKMIpAjECMQMxAzEDKQMxAzEDMQMxAzEDMQMxAikC
KQIpAikCKQIpAiDCKMIowijCKMIgwijCKMIowijCIMIgwiDCIMMgwyDCIMIgwiDC
IMIgwiDCIIEgwiDCIMEgwiDCIMIggSCBGIIYghiCGIIYgRiBGIEYgRiBGEEQQRBB
IIEggSCBIIEggSCBIIEggSCBIIEggSCBIIEggSCBIIEggSCBIIEggSCBIIEggRiB
IIEggSCBIIEggSCBIIEggSCBIIEggSCBIIEggSCBIIAogSCBIIEggSCBIIEggSCB
IIEggSDBIMEowSjBKMEowijCKMEowSjBKMIowijDMQIxAjEDMQMxAzECMQIxAjEC
MQIxAjEDMQMpAikCKQIpAikCKQIpAikCKQIhAikCKMIowijCKMIowijCKMIowiDC
IMIgwiDCIMIgwyDDIMIgwiDCGMEYwRjCGMIYwhiCGIIYghiCGIIYghiCGIIYQhiC
GIIYgRiBEIEQQRBBEEIQQSCCIIIggiCCIIEggSCBGIEYgRiBGIEggiCBIIIYgSCB
GIEggSCBIIEYQBiBIIEYgSCBIIEggSCBIIEggSCBIIEggSCBIIEggSCBIIEgwSCB
IIAggSCBIIEggSCBIIEgwSDBIIEggSDBIMEowSjCKMIowijCKMIowijCKMIowijD
KMMowjEDMQMpAykDMQMxAzEDMQMxAykDKQMowykDKQMowyjCKMIowijCKMIowijC
KMIowijCIMIgwiDCIMIgwiDCGMIgwiDCIMIgwiDCIMIgwiDBIIIgwiCCIIIYghiC
GIMYghiCGIIYghiCGEIYghiCGIIYgRiBEEEQQRBBEEE=
END m9
frame    28 :  a closed book +0.44  an opened book +0.16   led  26/ 98 h0.35 lvl+0.30   -
frame    29 :  a closed book +0.04  an opened book -0.39   led   0/236 h0.03 lvl-0.17   -

snapshot  : frame 30, mean RGB 128 125 126
BEGIN m9 128 128 32768 de4fc521
awtiy0oHQgdiymLLWspKSGsLa0xrTGtMYwx7z4QQhBBzz3wQjJKUkoxRhBCMUZSS
lJKUkpSSjJKMUZSTnRSdFJTTnRSlFKUUpRSc050UpVSlFJzTnNSlVa1VrVWlFKVU
rVWtVaUUpRStVa1VrVWtVaUVpRWtVq1WrValFaUVrVWtVq1WpRWlFa1WrVatVqVV
pVWlVq1WpRWdFKVVrZalVZ0VpValVqVWpVadVZ0UpRWlFaUVnRWdFZ0VnRWdVZ0V
nRWVFJUVnRSU1JTTlNSU1JTTjNOMk5TTjNOMkoRRjJKMkoRRfFF8UIRSfFJ8UXQQ
dBB8UHwQfBBzz2NNa45rzmMLWwpKB0HGYspjC1rKSklbC2uNa01rTGMMe8+EEIQQ
e897z4xRlJKMUYRQjFGUkpSSnJKUkpSSjFGc06UUpRSc050UpRWlFKUUnNOlFK1V
pRSc06UUrVWtVa1VpRSlVK1VrValFZ0UrVWtVa1VrValFaUVrVatVq1WrValVa1V
rVatVqUVpRWlVa1WrVWlFaVVrVatVqVVpRWtVq2WpVWdFKVVpVatVqVVpRWdFaUV
pRWdFZ0UnRWdFZ0VnVWdFZ0UnRSdFJ0VlRSU05TUnNSU04yTjJOMk5STjJKEUYRS
jJKEkXxRfBCEUoRSfFJ0EHQQdBB8EHQPc89jTWOOa45jC1rKSgdBxmLKYstiylJI
YwpzTWtNa0xjDHvPhBCEEXvPe8+MUZSSjFGEEIxRlJKUkpSSlJKUkoxRlJKlFKUU
nNOc06UUpRSlFJzTnRSlVaUUnNOdE61VrVWtVaUUpRStVa1VpRSlFK1VrVatVq1W
rRWlFK1VrVatVqVVpVWtVa1WtValFZRSjFGlFK1VpRWlFa1WrValVaUVrVatVqVV
nRSlVa1WrValVqVVpRSlVaUVnRWdFaUVnRWdFZ0VnRWdFZTUlRSdFZTUlNOU1JUU
jNSM04ySjNOMk4yShFGEUoyShFF8EXwRhFGEUXxRdBBz0HPQc9Bz0GuPW01jTWNO
Ysxay0oHQcZaymMLYspSSGLLc01zTWtNYwx7z4RQjFB7z3vPjFGMkoyRhBCMUZSS
nJKc05SSlJKMUZSSpRSlFJzTpRSlFKUUpRSc06UUpRSlFZzUnNStVa1WrVWlFKUU
rVWtVaUUpRStVa1VrVatVq0VpRStVq2WrVatVaUUrVWtVa1Vg89SB1pJYsqlFK0V
pRWtVq1WpVWlFa1VrZalVZ0VpVatV61WpValVZ0UpVWlVZ0VnRWdFZ0VnRalFqUV
nRSc1JzUnRWU1JTUlNSVFIzTjNOMkoyTjJOMkoRShFKMkoRRfBF0EXxRfFJ8UXPP
c89zz3PPc89rjlsMW0xjTWMLWstCCDnHWotiy1rLSgliy3NMc01zTWsMe4+MEYwQ
g897z4xRlJKMUYQQjFGUkpSSnNOUkpSSjFGc06UUpRSc06UUpRSlFKUUnNOlFK1V
rVWc05zTrVWtVq1VpRSlFK1VrValFaUVrVWtVa1VrVWlVaUVrVW1Vq1WrValVa1W
rVWtVVrKSkhzTFJIc86lFaUVrVa1V60VpRWtVq1WrVWlFa1VrZatVq1WpRWdFaUV
pRWlFKUUnRWdFZ0VpRWdFZ0VnRSdFJ0UlRSU05TTlRSU04yTjJOMk4ySjJKEUYRR
hFKEUnwRfBCEUYRRfFBzz3PQc9Bzz3PPa45bDFtNW01rC2LKUghBxlrKYwtiy0pJ
WstzTXNNc01rDHvOjBCMUIQQe8+MUZSSjFGEEIxRlJKc05zTnNOUkoxRlJKlFKUU
nNOc1KUUpRSlFJzTnRSlVa1VpRSlFK1VrVatVaUUpRStVa1VpRWlFK1VrZWtlq1W
rVWlFa1WrVatVq1WrRWtVaUUlJNSB1IIUgdKB1JJnNOlFK1WrValVaUVrVatlqVW
pRWtVq1WrVatVa0VnRSlVaVVpRWdFZ0VnRWdFaUVnRWdFJUUlRSdFJUUlNOU05TU
lNOMk4yTjNOMk4SSfFGEUoyShFJ8EHwQhFF8UXxQa89rz2vPa89rzmOOUwtbDFtN
awtiy0oIQcdaimMLYspSSVrKc41zjXNNa017zoQQjFCED3vPlJGUkYxRhBCMUZSS
nNOc05zTlJKMkpTTpRSlFJzTnNOlFKUUpRSc06UUrVWtVaUUpRStVa1WrVWlFKUU
rVWtVaUVpRStVa1VrVatVq1VpRStVq1WrVatVqVVrVWc03vPUgdSB1JHSkdKR4QO
pRStVa1WrVWlFa1WrValVaUUrVWtlq1WrVatFaUVpRWlVaUVnRWdFaUVpRWlFaUV
pRSdFJUUnRWc1JTTlNOU1IzTjNOMkozTjJOMkoRRhFGMkYRRhFB0EIRRfFF8UHPP
a89zz2vOa45jjVMLUwtjTWLKYstSCEHGWopjDGMLSolay3ONc01zTWtMc46EEIxR
hBB7z4ySlJKMUYQQhFCUkpSTnNOU05SSjFGUkqUUpRSc05zTpRSlFKUUpRSlFK1V
rVWlFKUUrVW1lq1VpRSlFK1VrVWlFKUUrVWtVq1WrVatVaUUrVWtla1WrVWlFaUV
lJNrTUpIUkhSR0pHSkdayZzTrVWtVq0VpRStVa2VrVWlFKVVrZWtVq1WpVWdFaVV
pVWlFaUVpRWlFaUVpVadFZ0UnNSc1J0UlNSU1JTTlNSM04yTjJKMkoyTjJJ8UYRR
jJGEUYQQe9CEUXxRfBFrz2uPa89rz2uOY41Sy1sMW01aSlqKUghBx1qJawxjC0pJ
WspzTXNNc01rTXOOjBCMUYQQe8+UkZSRlJKEEIxRlJKU05zTlNKUkpSSnNOlFKUU
nNOlFKUUpRSlFKUUpRStVa1VpRSlFK1VrVWtVaUUpRStVa1VrVWlFK1VrVWtVa1V
pRSUkYyQlJGc0qUUpRSlFIRQUkpSSFJIUkdSR0oHUkdzjKUTrVWlFIQPc0trCmsK
e4yc0q1WrVatVqVVnRStVaVVpVWlFKUVpRWlFaUVnRWdFJUUlRSdFZzUlNOU05TT
lNOM0oSRjNKMkoyShFGEUYSRhFF8EHwQhFF8UXwQa89jjmvOa85rjmOOSstbDVsM
SghaiVJIQcZSiWMLYwpSiVLKc41zjnNNa01zjoRQjFCED3vPjJGUkpSShBCMUZSS
lNOc05zTlJKMUZSSpRSlFJzTnNOlFKUUrVWlFKUUrVWtVaUUpRStVbWWrVWlFKUU
rVWtVa1VpRStVa1VrVWUkmLKUkhSB1IHUkdiyXuMe4xjCmsLc0xrC1pJUkhSSFpI
WohiyXNLWohSB1JHUkhSR1JGUkaDzK1VrValVqUVrValVaVVpRWlFaUVpRWlVZ1V
nRSVFJ0UnRSc1JTTlNOU1IzTjJOEkozSjJKMkoRRhFGEkoRRfBB0EHxRfBF8EWuP
Y49rjmuOa45jTUqKUstbDEoJUkpSCUHHWoljC2NLUolSyXONc41zTWtNc46EEIxR
hA97z4yRlJKUkoxRjFGUkpSSnNOc05SSjFGUkqUUpRSc05zUpRSlFKUUpRSlFK1V
rVWlFKUUrVW1Vq1VpRSlFK1VrVWtVaUUrVWtVYxQUkdSR1JHWklaiVqJWop7TpST
rZa92L4Xtdd7z2MMhBCc06VVrValFJzTe89jDGuNa0xSiUoHSgdzTa1VrVWlVa1V
pVWlVaUVpRWlFaVVpVWlVZ0UnRSdFJ0UnNSU04yTlNSU1IzTjJKMk4yThJKEEYQR
hFKEUXwQfBB8UXxRdBBrzmuOa45rjmuOY01KylMLWwtaSlpJUkhBx1JJawtrC1qJ
WolzjXuNc01zTXOOjFGMUYQQe8+MkZSSlFGEEIxRlJKc05zTnNOUkoxRlJKlFKUU
nNOc06UUrVWlFKUUpRStVa1VpRSlFK1VtZatVaUUpRStVa1VrVWlFKUUpRRaiVJI
UkhzTIQQlJKUkq1Vvde9173Xvde9173XnNOtVb3Xvde9173Xvde9173XtdatVZRS
e89jC0pISkic0a1VpVWtVa1VrRSlFKUUpVWlVaVVpVWdFJ0UnRSdFZUUlNSM05UU
lNOM04ySjJKMk4SShFGEUYRRhFF8EHQPfFF8UXQQa45jjmuOa45jjltNSspSy1sM
UkhaSVJIQcZSSGMLawtaiVqJc01zTXONc01zjoxQjFGEEHvPlJKUkpSShBCMUZSS
nNOc05zTlJKMUZSSpRSlFJzTnNOlFKUUrVWlFKUUrVWtVaUUpRStVa1VrVWlFKUU
rVWtVa1VpRSlFIRQWkhaSHtMjFCc07WVtZa1lr3Xvde9173Xvde9173Wvde91r3X
vde9173Xvde9173Xvde1lpzUjFFaikpIe46lVaVUpVWlVaVVpRWlVaVVpVWlVaVV
nVSdFJ0UnRSVFJTUlNOdFJTTjJOMkoyTjJOMUoRRhBGMUYRRfBB0D3xRfFB0EWuP
a49jjmOOY45jTUqJUstbC1JIWklSSUIHUkhjC2MLWolSiWuMa41zjWtMa42MUIxR
hBB7z4ySlJKUkoQQjFGUkpzTnNOc05SSjFGUkpzUpRSc05zTpRStVa1VpRSlFK1V
rVWlFKUUrVW1lrWWrVWlFK1VrVWtVaUUpRODz1KJUsqc07WWtZa1lrWWtZa9173X
vde9173Xvde9173Xtde9173Xvde9173Xvde9173XtZa917XWhBBKSWtOrVWlVa1V
rVWlFKUUpVWlVaVVpVWlVZ0UnRSdFJ0VnRSc1JTTnNSU1JSUjJKMk4yTjJKEEXxR
hFKEUXwQdBB8UXxRfBBrj2uOY45jjmOOY01KilLLWwxSCFpJWklJx1IIawxrDFqJ
UkhzTXONc41rTHNNjFCMUIQQe8+MUpSSlJKEEIxRlJKc05zTnNOUkoxRlJKlFKUU
nNOc06UUrVWtVaUUpRStVa1VpRSlFK1VtZW1Va1VrRWtVa1VrVWlFJzTg9BSimsM
vZa9lr2WtZa1lr3Wvde9173Xvde9173Xvde917XXvde9173Xvdi92L3Xvde9173X
vde915zTSkl7z7WWtZa1lq1VpVSlFaVVpVWlVaVUpVWdVJ0UlRSdFJUUlRSU050U
lNOU04ySjJOMk4xShFF8UYRShFF8EHPQfFF8UXwQa45jjmOOY45jjltNSopSy1ML
UghaSVpJSgdSSWsMawtaylJJc01zTnOOc01zjYxQjFCEEHvPjFKUkpSShBCMUZSS
nNOc05zTlJKMUpSSpRSlFJzTnNOlFK1UrVWlFKUUrVWtVaUUpRStVbWWtZatVaUU
rVWtVa1VrVWtVYyRWspjC72VtZa1lrWWtZa1lr2WvZe9173Xvde9173Wvde91r3X
vde9173Xvde9173Xvde1173WvdeUkkpJnNO9173Xvde117XXrZatlq2WrVatVqVV
pVWdFJ0UnRWVFJUUlNOdFJTUlNOMkozSjJKMkoRRhFGMUoRSfBFz0HxRfBF0EGuO
Y05jTmOOY05bDUqKSstbC0oHUklSSUHHUglrC2sLWopSiWtNc01zjmtNa02EEIxR
hBB7j4xRlJKUkoQQjFCUkZzTnNKc0pSSlJKUkqUUpRSc05zTpRStVa1VpRSlFK1V
rVWlFaUUrVWtVrWWrVWtVbWWtZa91r3WtZalFHNMWomtVL3WvZa1lrWWtZa11r3X
vdfGGMYYxhi9173Xvda1lrWWvde9173Xvde9173Xvde9173XjFFSibWWvda917XX
vde117XWtda1lrXWtZatlq2WpValVqVWnRWdFZTUlRSU1JTUjJOMk2xTbFNkUmwS
fFGEUXwQc9B8EXwRdBBrjmtOY45jjmNOW01KikrKUwtRx1pJWklJx0oIYwtrC1rK
UolrTGuNc41zjWtNhBCMUYRQe8+UkZSSlJKEEIQQlJGc0pzSnNKUkpSRlJKlFK1V
nNOlFKUUrVWtVaUUpRStVa1VrVWtFLVVtZW1lrWWtZa1lrWXtZa11r3WtZaUkVrL
jFC1lbWWtZa1lr2Xvde918YXxhjGGMYYvde9173Xvde9173Xvde9173Xvde9173X
vde914QQUoq9173Xvde117XXtde11rWWrZa1lrWWtZatla2WrZatlq2WrZalVqVW
pValVZ0UfBFUElRUTFRME1wShFF8EHQQfFF8EHQQY85jjmONY41jTVsMQopKi1LL
SgdSiVKJSgdKCGMMawxiy1KKa01zjXOOa41rTYQQjFCEEHvPjFGUkpSShBCMEJSR
nNKc0pzTlJKUkZSSpRSlFJzTpROlFK1UrVWlVKUUrVWtVa1VtZW1lrWWtZa1lr2W
vZa9lr3Wvda91r3WrVRjDHOOtZa1lrWWvde9173Xvde9173Yvhe9173Xvde91r3X
vde9173Xvde9173Xvde917WWtZaMUVKKtZa1lrXXtde117XXtda11rWWtZa1lrWW
tZatlq2WrZWtVa1VpVWlVZ1VpRSdFJUUhNR0lWyUZFNcEnRQdBBz0HxRdBB0EGOO
Y01jTmNOY05jDUpKUotSy0IHUolSiUIISghqzGsMYspSiWtNc41zjmuNa02EEIwQ
hBB7z4xRlJKUkoxQjFGUkZzSnNOc05zTlJKUkqUUpRSc06UTpVStVa1VrVWtVbWW
tZa1lrWWtda1lrWWtZa1lrWWvZa9l72WtZa1lq1Vc01rTb2WvZa1lrWWtVatVKUU
rVW1lrWWvdi9173Xvde9173XtZatVbWWtZa9173Xvde9173XpRRKSaUUtZa1lrWW
tZa1lrWWtZa1lq2VrVWtlq2WrZatlq2VrZWlVaVVpVWlVZ0UnRSdFJUUlNOM04zT
jJOEUXwQdBB8UXQQdBBjjmNNY01jTWNNWwtCSUqKUstKB1pJUklKCEoIYsxrC2LK
UklrTHONc41zjWtNhBCEEIQQe8+MUZSSlJKMUIxRlJGc0pzSnJKckZSSlNKlFKUV
pRWtVbWWtZW1lbWVtZW1lb2WtZW1lbWWrZatlq2VrVW1lr2WtZa1lrWWtZa1lnOO
c021lrWWtZWtVLWWvZa9173Xvde9173XvdfF173Wvde1lq1VrVW1lrWWtZa1lrWW
vde9173Xa02EELWWvde9173XtZa1lq2WrZatlqVVpVWUkpTTlROlVKVUpVSlVKVU
pVSdFJ0UnRSVE5TTjNOM04yThFJ8EHQQfBF8EHPPa45jTWNNY01jDVsMSopKilLL
QcdSSVpJSghJyGLLawtiy1JJa0xzjXONc01zTYQQjBCMEHvPjFGUkpSSjBGMEJRP
nA2TzJPMpE6c06UTrVWtVa1VrVa1VrVVtVa1lrWVtZW1lbVVrVWtVa1VtVW1VbVV
tZa1lr2Wvda9173XtZZrTHvPrVStVa1VtZa1lrWWtZa1lq1UtZXF18XXxde9173X
vde9173Xvde9173Xvde1lq1VrVWtVYxQUoqlFLWXvde9173Xtda1lq2WrZWtlq2W
pValVZ0UnRSVFIRRjJKMkoySnRSVE5TTlNOU04zTjNOMk4RRfBBz0HwQfBBzz2OO
Y01jTWNNY01bDEJJSopSy0nHWkpaSlIISghrDGsMYstSSWtMc417jnONa02EEIxQ
jFB7z4xRlJKUkoQRi8+DzpRQnJGlE60TrRStVK1UrVWtVa1VtVa1VbVVtVWtVKUU
pRSlFKVVrVW1VrWWtZa9lr2WvZa9lr2WvZa9laTTYsuUUq1VtVatVa1VtZa1lr3X
vde1lrWWxdfF18XXxde917WWtZatVa1VpRSlFLWWtZa9161WrVWtVGtNhA+1lrXW
tda117WXtZa1lrWWtZa1lq2WrVallqVWpVWlVZ0VlRSMk5UUlNOEUYyTjNSM04yT
jJOEUnwRdBB8EXwQdA9rjmNNY01jTWNNWwxCSUqKUspJyFqKUopKSUIIYwxjTGML
UolrTHONc45zjWtNhBCMUIwRe8+MUJSSlJKMUYRQlJGlE6TTpROlFK0UrVStVa1V
rVSlFK1UnROc0qUTpRSlFK1VrVW1lrWWtZa1lrWWvZa9lrWWtZWtVa1VrVWEEGtM
rVWlFK1UtZa1lr2Xvde91r3Wvda918YXxhfGF8XXvde9173Xvde9173XtZa1l7WW
tZW1lrWWtZalVaVVrVWtVbWWtZatlq2WtZa1lrWWtZatlq2WrZatlq1WrVWlVaVV
pRSdFJTUlNSU1IzUjNOE04SThJJ0EHPQfBF8EHQQY45bTVtNY01bTVsMQkpKilLK
SgdailqKUklSCGrLa0trClqJa0xzjXuOc01rTYQQjBCEUHvPhBGUUpRRlJKUkZSS
nNSlE6UUrRStFKUTrVWlFKUUnNOlFJzTrVWtVa1VtZW1lrWWtZa1lrWWtZa1lq1V
pRStVa1VrVa1lq1WlJKMUq1VrVW1lrWWrVWtVbWWtZa1lrVVtZbF18XXxhe9173X
tZatVa1UtZW1VbVVvda917WWtZa1lrWWrVWtVbWWtZa1lq2VrVatVaUVpVWlFaVV
pVatVqVWrZatlaVVpVWlVZ0UnRSVFJ0UlROU04zThNOMk4SSfBBzz3QQdBBsD2OO
W0xbTVtNW01TDEJJQopSykoHYopailpKUkljDGtMawtaynNMe417jnuOc42MEIxQ
jFGDz4QQlFGMUYxRjFGUkqUTpROlE61UrRV7z61VpRSlFK1UrVS1VbVVtZW1lbWW
tZa1lrWWrZa1Va1VrRWtFa1VtZatlbWVtVStFK0UtVW1lq0VpNOtVbWWvde9173X
xdjF18XXxhfGF8YXxda917WWrVWtVbWWtZa1lrWWtZa1lrWWtZa1lq2WrVWtVa1V
pRStVa1VrZatlq2WpVWdVaVVlROVE6VUnVWlVaUVnRWdFZ0UlNSVFJTUlNOM04yS
jJOEUnwRc9B0EHQRc9BjjltMY01bTVtMUwxCSUqJUspKB2LKYspailJJawxzTGtM
WstrTHuOe857jnNNhBCMUYxRhBCEEIxRYwuUkZSRnNKlE60TpRStFK0UpRStFK1V
rVW1VbVVtVW1VbVVtZW1Va0UpRStVa1VrZW1lbWVtVWtVLVUrVS1lb2WtZa1la1U
tVWtVbWVtZW1lbVVtVWtVL3Wvda91r4WvhfGF73Xvde9173XvZa9lr3Xvde9173X
vde1lrWWtZa1lrWWtZa1lq2VpVWlFJzTnNStVqUVrVatVq1VpVWlVaVVnRSU04yS
jJKU03wRlNOUk4zTjNKMk4yThJJ8UWvPdBB0EGvPY45bDVtOW01bDVrMQklKSkqK
Ukliy2LLYotSimtNc01rTVrLa01zjnvPc45zjoQQjFGMUXwQhBCEEFrLlJKUkpzT
pRSlFKVUrVStVK1UrVStVa1VrVa1Va0VrRStFKUUpRSlFK0UrVWtVaUUpRSlFK1V
rVW1lrWWtZa1lbVVtVW1VbVWrVWlVK1UtVW1lr3Xvde9173XvdbGF8XXxdfF173X
vda1lq2VtZa1lrWWtZatVrWWtZa1lrWWrZWtVa1VrVW1lq2WrZatlq1VrValFaUV
pRSc1IySnNOlFKVUpVWlFJ0UlROEkZTTjNOM1IzTjJOEkoSSfFFrz3QQc89rz2NN
Ww1bDVsNWwxSzEIJSkpKilJJYsxrDGrMWoprDHNNc01iy3ONe897z3vPc46EEIxR
jFGEEIQRhBBzjpSSlJKc06UUpRSlFK0VrVStVK1UrVSlE6UUtVWUkpzTrRStVa1V
rVWlFJ0UpRSlFK2VtZW1lrVWtVWtVa1VtZW1lbWVrVWlFK0UtZa9lr2Xvde1VrWW
vdfF18XYxdfF18XXxde9173XtZa9173Xvde9173XtZa1lq1VrVWtVa1VtZa1lrWW
tZatVbWWrVWtVa1VtZatlq2WrVac1JzUlNOc1JzTlNOU04yRlNOVE5TTlNOMk4yS
hJKEUnxRa890EHPQa89jjltNW01bDVsMUstCCUJJSopay2sMawxrTGMLa41zjXON
YwxzjnvPe897z3uPjBCMUYxRhBCEEIQQjFGUkpSSnNOlFKUUrRWtVa1UrVSlFJ0T
lNKlE61VrVWlFKTTpROlFKUUpRStVbWVtVWlE6TTrVWtVbWVvZa1lq1VpRWlFK1V
tVW1lq1VrVW9lr3XrVW1lr2XvZe9lsXWxdfF18XXxde917WWtZa1lrWWtZa117WW
tZa1lrWWrZatVa1VrVStVK2VtZa1lq2WpValVa1WpVWlVaVVpVWlVaVVpVWlVZ1V
lRSEkoySjJKMUoyTjJOMk4yThJJ8UnPQc9Bzz2vPW01TDFsMWwxTDFLLOklCiUqK
YstrTWuNa01rDHOOe857znONe8+EEIQQhBCDz4wRjFGMUYQQhBB8EHPQhFKUk6TT
pRStFK0UrVStVK1UpVStVa1UrVSlFK1VnJOk1K1VtVWtVa1VtVWtFK0UrROtVLWV
tVW1VbVVtVW1VbVVtVW1VKUTtVW1lbWWvdfF18XXxhjGGMYYxdfF18XWxdfF173X
tZatVa1WtZa1lr3Xvde1lq1VrVWtVbWWtZa1lrWWrVWlFK1VpNOlFK1VrVWtlq1W
rValVqVVnRWdFKUVnNSdFJzTlNOU1JTUlNSMk4yThJOEk4SShFJ0EHPQc89rj2NN
UwxTDFMMUstSy0JJQklKiWsMc01zjnuOa01zj3vPe89zjnvPhBCEEIQQhBCMUZSS
lJKMUYxRfBBz0IRSlNOlE6UUrRStFK0UrRSlE6UTpROlE6UUpRStVa1VrRWlFaTT
pNOlFK1VtZW1la1UrVSk0qUTtVW1lrWWtVWtFKUUrVW1lr3Wvde9174XxhfGF8YX
xhjGGMYYxdjF18XXxde91r2XvZe917WWrVa1lrWWvda9173Xvde1lrWWtZa1lq1V
rVW1lq2WpVWtVa1VpVWlVaVVpVWtVaVVpVWlVZ0UlRSM04yTlJOMk5TTjJOM04yT
hJKEkoRSfBBzz2vPa49bTlMNWw1TDFMMUsw6SEJJSopzjnvPe897z3OOe897z4QQ
e898EIxRjFGMUYRQjFGMUZSSjFGMUXvQe9CEUpSTpRStFK0UrRStFK0UnNOlFKUU
rRSlFK1VpRSlE60UrRStVa0VrVW1Va0UpNSk1K1VrVW1VbVVrRStFLVUtVW9lr2W
vZa9lr3WvdfF18YXxhjGGMYYxhjGGMXYxdfF18XXxde9lrVVtZatFKUUrVWtlbWW
tZatVbWWtZa1lrWWtZatVaUUpRSlFK1VrZWtla2WrVWlVaVVpRSc050UnRSdFJ0U
nRSc1JzUlNOM1IzUjJSMk4SThJKEknwRc9Brj2uPY01bDFsMWwtTC0rKOkhCSUqK
c457z4QQhBB7z3vPhBCMUYQQhBCMUYxRjFGEEIxRlJKUkoxRhFFr0GvQhFKU050T
pRSlVK1UpVSlE6UTpROc0qUTnNKtFK0VrVWtVa1VnNOc0qUUrVWtVa1VtVWlFKUT
rRStVLVVtZa1lr2WvZa9lr2Wvda918XXxdfF18YYxhjGGMYYxhjGF8YXxde9173W
tZa1VbXWvZe9173Xvde917WWtZatVa2WrVWtVa1VtZa1lq2WrVWtVa1VpRWlFK1V
rVWtVaVVpVWlVZ0VnRSc1IySjFGEUYQQjFGMkoyTjJOMk4SThFJ8EXPQa9Bjj1tO
UwxTDFMMUwtKyzoIQglCSnvPhBCMEIwRhBCEEIwRjFGEEIQQjFGUkpSSjFGUkpSS
lJKMUYQQa89z0IRSnJOlFK0UrRStFK0UpNOc05zTpRSlFK1VpRSk06TTpROtVK0U
rVS1Va1UpRKlE5zSpNO1VbWWtZa9lr2WvZa9lr2WvZa9lr3WxdfGF8YXxhjGF8YY
zhjGGM4YxhfF18XXvda91r3WvZa1lbWWrZa1173Xvde9173Xvde9173XtZatVa1V
rVWtVa1VtVWtVq1VrVWtVaVVnRSdFJ0UnRSdFJ0UnRSVFJUUlNSMkoySjJOU04zT
jJOEkoRSfFF0EGuPY45bTVMMUwxTDFLLSoo6CEJJQoqD0IQRhBGMUYQQhBCMUYxR
jBCMEZRSlJKUkoxRlJKUkpSSjFGEEGuOW0yEUJySpROtFK0UrRStFa0UrRStFKUU
pNSc05STpRStVbVVrVWtVK0UpROckpzTrVW1lrWWtZa1lrWWtZW9lr2WvZa9lr2W
vda91sXXxdfF2MXYxhjGGMYYxhjGGMYYvhfF18XXvda9lq0VrVWtlrWWvde9173X
vde1lr3XtZa1lrWWtZa1lq2WrZWtVaUUpVWlFK1VrVWtVa1VpVWdFJ0VlNSc1JTT
lNOU05TTlNOMk5TTlNOU04zTjJKEknxRdBBrjmOPW01TDFLMUsxSy1KKOgg6CUJK
e8+EEIQQjFGEEIQQjFGMUYwQjFGUUZSSlJKMUYxRjFGUkoxRhBBzjoRRlNKc0qUT
rROtFK0VrRSk05zTnNOlFKUUrRStFK0UrRStFKTUpNStFbVWtVW1VbWVtZW9lr2W
vZa91b2VvZW9lr2WxZa9lr3Xvde918XXxdfF18XYxdjF2MXYxhjGGMXXxdfF173W
vZa1lrXWvde9173Xvde9173Xvde9173Xvde1lrWWtZa1lrWWtZa1lrWWrVWtVaUU
lJKdE50TnRSdVJ0VnVWdFZ0VnRSU04yThFGEUpTTjJOMk4yTjJJ8UXQQY45jj1tN
SsxSzFLLUsxKijoIQghKSYPQhBCEEYxRhBCEEIwQlFKMUYxRlFGUkpSSjFGMUZRR
lJKMUYQQhBCUkpSSlJKlFKUUpRStFK0UpRSlFKUTpROtFKUTlJKc06UUpRWtFa0V
rVW1VbWVvZW1lb2VvZa9lr2VvZW9lr2Wvda9lr2WvZe91r3Wvde+F8YYxhfGF8YX
xhfGF8YXxhfF18XXxdfF173XvZe1VrWWrVW1lrWWrZWtVZzTnNOtVbWVtZa1lrWW
tZa1lq1VtZa1Vq1WrValVqVVpVWdFJTTlNSEkoySlNOU05TTlNOU04zTjJKU04zT
jJOMkoSShFF0EGPPW45bTVMLSstKy0rKSoo6CEIIQgmD0IQQjFGMUYQQhBCMEZSS
jFGMUZSSlJKUkpRRlFGUkZSRlFGD0IxRnNOc0pzSpROlFKUUrRSlFJzTlJKUUZyS
pRSlVK1UrVWtVJzTnNKlE60UtVW1lbWWtZa1lb2VvZW1lbWVtZWtVLWWvda9lr2W
vda91sXXxdfF18XXxhjGGMYYxhjGGL4XxdfF1sXWxda91r2WtZa9lr3Xvde9173X
vde1lq2WrZatVaVVpRStVa1VrVWtVa2WrZatlqVWrVatVq1VpVWlVaVVnVWdFZUV
lNSUk4ySjJKMkoxSlJKM0oySjJGEkXxRdBFjj2OOW01SzFLMSstKy0KKOghCCUJJ
e8+EEIxRjFGEEIQQhFGMUYxRhBCMUYxRlJKMUYxRjFGMUYxRe8+MUZzTnNKc0qUT
pRSlFKUUpRSlFKUUrVWlFKUUpROlE6UTpROc06UUrVW1VbVVtZW1lbWVtZW1lbWV
rRSDz6TRc0y9lb2WvZa9lr2Xvde918XXxdfF18YYxhjGGMXYxhjF18XXxdfF18XW
vda9lr2WtVW1VbVWtZa1lrWWvde1lrWWtZa1lrVWrZatVZzTnNSlFaVVrVWtVq1W
rVatVaVVpVWlVaVUpVWlFZ0VnRWdFJUUlNOMkoyTjJKMkoySjFKEUnQRY49jTlsM
UstSy1LLUopKijoIQghCSHvPhBCMUYxRhBCEEIQQjFGMUYxRjFGUUZRRjFGMUYxR
jFGMUXvPhBCU0pSSlJKlFKUUpRStFK0UpNOkk6TTnJGc0q0UrRS1VbVVtVW1VbVV
tVW1Va1VtVW1VKTSnJFzTIvQawuckpRQvZW9lr2WvZa91sXXxdfF18XXxdfF2M3Y
xhjGF8YXxhfF18XXxda9lr2VrRSk05zTnNStVa1WrVWtVa1VrVWtVa1VrVW1lrWW
tZatVa1VrVWlFKUUpRSlFK1UpVWlVaVVpVWlVZ1VnRWdFJ0UlNSU1JTUlNOU05TT
jJKMkoSShFJ8UWvPY45bDUrLSstKy0rKSoo6CDoIQgmEEIQQjBGMUYxRhBCEUYxR
jFGMUYxRjFGMUYxRjFGMUYxRjFGDz3vPnJOckpySpROlFK0TrRStFJySpNOlFK0U
rRStVa1VrVS1VbVVtVW1VbVVrVSlE4POg41aSJQPe0yk0qTUtVW9lb2WvZa9lr2W
vZa9lrWWvZa9lr2WvZa9lr3Xvda91sXXxde918XXxda1lq1VrZW1lrWWvde9173X
vde9173XtZe1lq1VrVWtFa1WpRSlFKUUpVSlVaVVpVWlVZ0UnNOc050UnRSdFJ0U
nRSdFJUUlNOM04zTjNOM04ySjFKMkoRSfBFr0GNOWw1Sy0rLSstKi0KKMghCCUIJ
hBCEEIxRjFGMUYQQjFGUUYxRhBCMUYxRjFGMUYxQjFGMUYxQe89zjpzSnJKckqUT
pRSlFKUUpRStFK0UrRStVK1UrVStVK1UrVStVK0TnJGMUIOOjA9iynONe86k0q1U
tVW1VbWVtZW9lb2VtVStE6UTrRStVLVVtZa9173XvZe917VWrRS9lsXWxdbF1r3W
vdW1lq1VrVWtVa1VrVWtVaUTrVWlFK1UtZatVrWWtZa1lq1WpVWU05TTpRSdFKUU
pVWlVaVVpRWdFJ0UlNOM0pTTlNKMkoySlJOUk5STjJOMkoySjJKEUXwRa9BbTlMN
SstSy0qLSotCijHIOghCCIPPg9CMEIxRhBCEEIRRjFGMUYQQjFGMUYxRjFGMUYxR
jFGMUXvPc46ckpySnJKlE60TpROlFKUUpRSlFK0UrVStVK1UpNKUUYvNcwpqynML
g86UUaTSnJKtFLVVtVW1Vb2WvZW1VazTrRStFa0UtVW9Vr2XvdfF18XXxdfF18XX
xdfF172WvZbF18XXxda91rWVpROlFKUVrVW1lrWWtZa1lbWVrVWtVa1VrVWtVaUU
rVWtVa1VrVWlVa1VnRSc1J0UnROc06UUpVWlVaUVnRSc1ZTUjJN8EoRShFJ8EYyT
jJOMUoxShFJ8EXPRW05bDUrMSstKy0qKQko5yDoIOgiEEIQQjFGMUYQQhBCEEIxR
jFGEEIxRlJKMUYxRjFGMUYxRhBB7z3OOnNKckpySpNOlE6UUpRSlFKUUpRSk1K0U
rRNrC1JHYslrCmsMe46UUaTTrVS1VbVVtVW1VbVVrRS1FK0UnJKk07VVtZa9lr2W
vZe1VbVVtZW1Va1VvZa1lb2WvZbF18XXxdfF1sXWxda1lrWWtZa1lrWWtZa1lrWW
rVW1lrWWtZa1lrWWrVWtVa1VrVWlFKUUrVWtVaVVpVWlVaVVnRSdFJ0VnRSVFJTT
lNOU05TTlNSUlIyTjJKUk4yTjJKEUoRSfBFz0FtOUw1Ki0qLSotCi0JKMcg6CDoJ
fA97z4QQhBCEEIQQhBCMUYxRhBCEUYxRjFGEEIQQhBGMUYQQe89zjpySlJKUkqTU
pROlFKUUrROMUJySi8+ckqUTYwxjDIxRlJKlFK0UrVWtVa1VtVW1VaUUpRSckpyS
pNO1VbVVtVW1VbVVtVS1Vb3WtVW1Vb2WvZa9l8XXvde9l8XXvZe9lsWWxdbF1sXW
vZa1Va1VtZatFK0UrRWtFZzTpRSlFKUUrVWtVa1VtZa1lrWWrZatVa0VrVWlFJzU
pRSlFJzTpRSlFaUVnRWc1JTUjJOEUoyThJKEUYySjJKMkoyShJKEUnwRdBFbTlLM
SotKikKLQkpCSTnIOchCCYQQg9CEEIQQhBB8D4QQjFGMUYQQhFGMUYxSjFGEEYwR
jBCD0HuPe46UkpSRlNKlE6UTpROlFKUTlFCDz3uOpNOlFKTTpRStFK0UrRStVK1U
rVStE60TnJKcUqUUrRWtVbVVtVW1FK0UtVW1lb2VvZbF1r3XxdfF18XXvZa9lr3X
xdfF18YXxZbF1sXWxda91rWWrVStVbWWrZa1lrWWtZatVbWWtZa1lrWWrVWtVa1W
rRWtVaUVrVWtVa1VrVWlVaVVnRSMkoxSlNOMkpTTnRSdFJ0UlRSU1IzThJKMkoyS
jJKMkoyShFF8EXQQY45TDErLSotKi0qKQgk5yDnIOciEEIPQhBCMUYQQg9CEEIRR
jFGEEIRRjFGMUYRRhBCEUIQQfA97jnvOlJKUkpzSpROlE60TpROlFJSSpRStFaUU
pRStFK0UrRStFK1UrRSk06TTpNOtFK0UtVWtVK0UrROlE7VUtVW9Vb2WvZa9lr2W
vVWtFLVUvZXF16TTtRW1VbVVrRS1lcXWxda91sXWvZa9lrWWtZa1lrWWrZWtVa1V
rVWtFa1VrVW1lrWWtZa1lrWWrZatVaUVpRSlFKUUpRSk06UUpRSdFZ0VlJSUk4yT
hFGM04yTjNOM0oyTjJOMk4ySjJKEkYRSfFF0EGOPSsxKi0qLSotCSkIKMccxxznI
fBB7z4QQhBCEEIPPhBCMUIxRhBCMEIxRjFGMUYQQhBB7z3vPc417z5SSlJKc06UT
pROlE6UTpROlFKUUpRSlFKUUpRSlFKTTnJKc06TTrRStFK1VrRStFJzSnJKtE61U
tVW1Vb1VtVS9lbVUrVS1lbWVtZW9lsXXxdi918XXxdfF17WWtZW9lsWWxdbFlr2V
tZWtVK0UrRSlFJzUpNOlFKUUnNOc06UUrVWlFK1VrVWtVa1VrVWtVq1VrVatVaUU
nRSUkp0TlNOc1J0UnRSdFZUVlRSMk4yTjJKMkoRRjFKMkoyShFKEUXwRc9FrkFLN
SotKi0KKQkpCCTnHOcg5yIQQe8+EEIQQhBB7z4QQjFGMUYQQjBCMEYwRjBGEEIQQ
e897z3ONe8+UkZSRnJGlE6TTpNOlFKUUpRSlFJzTnNKdE5zSnNKc060UrVStFK0U
rRSc05yTpRSlFK1VtVW1VLVUtVStFK0UtZW9lr2WvZe9lr2WvZa9lr2Wxda91sXW
xdfF18XXxdfF18XWxdbFlb2VrVS1VbWWtZa1lrWWtZa1lrWWtZa1lrWWrVatVq1V
rVWlFKUUpRSk06UUpRWlVaVVpRWlFZzVnNSUk5STlJOU1JTTlNSU05TTlNOMk4yS
jJKEkoSShFJ8UXQQa89SzEKLSotKikJJQgkxyDnIOciD0IPPg8+EEIQQe8+EEIxR
jFGEEIQQhBCMUYQQhBCEEHvPe89zjoxQlJKUkpySpNOk06TUpROlFKUUnNOc06TT
pNOlFKUUrRSs06zTpNSk1KTUrRStFbVVrROk0qTTrRStFLVVtVa1VbVVtZW1VL1V
rRStFK0UtVW1VbVVtZW1lr2WvZa9Vr1VxdbF1sXWvZa9lbWVtVW1lbVVtZW1lbWV
tVWtFLVVtVW1lrWWrVW1lrWWrVatVq1VrVWlFKUUnNOc05zUpRSdFJ0UnRSdFJTU
lNSM04xShJKEk3xRfBF8EYySjJKMUoRSfFF0EHPQUsxKikqKQolCSUJJMcc5xznI
e897z4QQhBCEEHvPe8+EEIQQg9CEEIwRjFGMEYQQhBB7z3vPe8+UkpSSlFKckqTS
pNKlEqUTpROlE6UTpROlE5zTnNKlE5zSpRSlFK0UrRStFKTTpJKk0qTTpNOtFLVV
tVWtFK0UrRStFK1UtVW1VbWWvZa9lr2WvZfF18XXxZfF172WtZatFLVVxdbF1r2V
vZWtVK0UrRSlFK1UtZW1lrWWrVWtVa1VrVWlFJzTpRSlFKUUpRSlFK1VrVWtVaVV
pRSdFJ0UnRSU05TTlNOdE50TlNOU1IzUjJOMk4RShFGMkoyShFKEUnwRc9Bz0FMN
SotKS0pKQgpCCTGHMccyCHvPe897z4QQhBB7z3vPhBCEEIPQhBCMEYwQjBCDz4PQ
e457joPPlJGUkZSRnNGk0qTSpNOk06UTpNOc0qUTnNKc0qTTrRStFK0UrRSk06SS
pJKkkqTTrRW1FK0UrRO1FKTTnJK1FLVVtVW9lb2WvZa9lr2WtZa1VbWWxdfF172W
vZfF18XXxdfF18XWvda9lbWVrVW1VbWWtZa1lrWWtZa1lrWWtZatVbWWtZa1lq1W
rVWtVaUUpRWlFKUUnNOdFJ0UnRSlVJ0UnRSVFJTUjNOMk5STlNOMkoySjJKEUoRS
jJKEkoRSfFF8UXQQa9BbDUKLQopCSkJJQgkxhzHHMch7z3vPe8+EEIQQe898D4QQ
hFB7z4QQhBCEEIQQe9B7z3OOc46Dz5RRlFGUUZySpNOk06TTpNOk05SRnNKlE6UT
pRSlFK0UpROk0pzSnNKlE61UrRS1FKzTnJKckqTTrRStVLVVtVW1VbVVtVStVK1U
tVW1Va0UrVW1lr2WvZa1lrVVvde9lr2WxZbF1sWWvZW9lb2VtVW1VbVVtVW1Va0U
rRS1Va0UpROc061VrVWlVa1VrVWtVa1VrVWtVaUVpRSc05zTnNOUk5TTnRSdFJ0U
nRSVFJTUjJOEUnwRc9B8EIySjFGEUYRRhFF0EHPQY05Ki0KKQkpCSToJMYcxhzHH
e9B7z3vQg9CMEHvPg8+D0IQQg9CD0IQQjBCMEIPPg89zjnOOe8+UkpRRlFGckqTT
pNOk06TTpNOc06TTrROk0qTSpNKk06TTrRStFKzUpNOtFKTTpNOlE60UrVW1VLVU
rRO1VKzTrRS1FbUUtVW9Vr2WvZa9lr2WvZbFl8XXxdfF173Xvde1lr2Vvda9lr2W
vZW9lbVUrVWtVa1WrVWtVa1VtZatVq1VpRStVa1VpRSlFKUUpRSlFJzTpRSlVKVV
pVSdFJzUlNSU05TTnNSc1JzUlNSU1IzUjNSMk4yTjJOMkoyShFKEUXxRdBBsD1uO
QopCSkJKQgk6CTGHMYcxx3vPe4+Dz4PPhBB7z3vPhBCMUHvPhBCEEIQQhBB7z3uP
c01zToQPlFGUUJRQnJGckpzSpRKk0qTSlFCckqTTpNOs060TrROtE6TSnJKcUaSS
rNOtFK0UrRSlFKTTpJKckZyRrRStVbVVvVa9lr2WvZa1Va1VrRS1Va0VtVS9lb2V
vda9lr2WxZbFlsXVxZW9lb1WvZa1VrVWtVa1lrWWtZatlrWWtZa1lrWWtZa1lrWW
tZatVa1VpRWdFJ0UnVWdFJ0UnNOlFJ0UnRSdFJ0UnRSVFJTUjNSU1IzUjJOMk4yS
jJKEkoRRhFGEUXwQa89rzkKLQklCCUIIQggxxjHHMcd7z3vPe8970IQQe897z4QQ
hBB7z3vPg9CEEIQQe9Bzj3NOa017z5RRlBCUUJyRpNKk0qUSpNKk0pySpNOk06TT
pNKckZyRjBCckqTSpNOlE6UUrRStFKTTnJKc0qTTrRS1VbVVtVW1FLUUtVW1FK0U
pNSk1K0UtVW1VbVVtVW1VbVVrRStFLVUvZW91r2WvZW9lbVVrRStFaUUrVStVK1V
rRSlFK1VpVWtVa0VrVWlFJ0TnROlFKUUpRWlFaUVpRSlFJzUnNOck4xRjJKdFIyS
lNOU05TUlNSU1JSTjJOEUoRShFKEUYRRfBF8EGvPa9BCi0JKQkk6CTnIMYcxhzHH
e897z3vPhBCEEHvPe8+ED4QQe897z3vPhBCEEHvPe89rTWtNYwyMUZQQjFCckqTS
pNKc0qTSpNKc0qTSnJGMUJSRnJKc0pzTpROlE5ySnJKc06TTrRSs1K0UrRStFLUU
rRSk07VUrRStFLVVvVW9lr2WvZa9l8WXxdfF18XXxdfF173WtVW1VbVVvZa9lb2V
tVWtFJySrRWtFK0VtVW1Va1VrVW1Vq1WrVatVa1VpRSc05TTnNOlFJRSlJKdFJ0U
pRSlFKUUpRSdFJTUlRSEUYRRjJOMUYxRjJGMkoySjJKMkoyRhFGEUXxRfBBrz2vQ
SsxCSjpKQgk5yDGGMYYxx3vPe897z3vQg9B7z3vPg9CEEHvPe8+Dz4QQhBB7z3OO
a0xrTFKJlFGMT4xQnJGc0pzSnNKc0pzSlJGc0pzSnNKc0qUTpNOckZySpJKckpzT
pNOtFK0UrNOk0pzSpNKk0q0TrRS1VbVVtVa9lr2WvZa9lsWWxdbF18XXxdfF18XX
xdfF18XXvde9lr2VvZW9lb1VrVWtVbWVtZa1lrVWrVWtVa1VrVWtVa1VrVWtVa1V
rVWtVa0VpRWdFJzUnNSc1JzTnNOc05SSlNOVE5TTlNSM1JTUjJOEUoRShFJ8EXwR
fFGEUnxShFKEUXQQa89rj1MMQklCSToIOggxhzGHMYd7z3uOe457z3wPe897z4PQ
g9B70HvPe8+D0IQQe89zjmtMawxay4xRjBCMUJSRnNGc0pzSnNKc0qTTpNOlE5yS
lFGUUZySlFGckqTTpNOk06zTpNOk05ySpNOtFK1VtVW1VbVWtVW1Vr2WvZa9lr2W
vZa9lr2WvZbF18XXvde9173Xvde91r3Wvda9lb2VvZW1lbVVtVWtVa0UrVWk1JSS
lJOdFKUUpRSlFKUUpRSlFKUUnNOUkqUUpRSdFKUUpRWlFaUUnNSU1JSTjJKMkoRR
jJKMkoyTjJOMlIyThJOEk4RShFKEUYRRfFF8EWvPa89bDUJKQglCCTnIMYcxhzGH
e897z3vPe8+EEHvPe8+Dz4PQe897zoPPe897z3OOc05rDGsMe06Dz4wQjFCckpzS
pNKc0pzSnJOcUYxQnJKUkZySpNOlE6TTnNOckpRRnJKk06TTrRStFK0UtVS1VbVV
tVW1VbVVtVa1VbWVvZa9lr2WvZa9lr2WxZfFlsWXvZe9l72WvZa9lr2WvZW9VbWV
tVSs060UrRWlFK0VrVWlVa1VrVWtVa1VrVWtVa1VrVWtVaUUlJKc05zTlJOMUpzT
lNOUk50UnRSVFJTUlNSMk4yTjJOEUoRSjFKEUYRRjFKMkoRRhFF8UXxRdBFr0GPQ
W05CSjoJOgg5yDGGMYYxh3vPc897jnvPhA97z3vPe8+ED3vPe857z3wPe89zjnNN
YsxjDIwQjBCMEIwQnJGckpySnJKc05zSlJGc0pzSnNKc0pzSnNKUkZRRlJKckpzT
rRStFK0UrRStFa0VrRW1VbVVtVW9lbVVtVW1VbVVvVW9VbVUtZW91r2WrRS1VbVV
vVW1Fb2WvZa9lr2WtZW9lbVVrVStVa1VrVWtVa1VrVWtVbVVtVWtVaUVrVWtVa1V
rVWtVa1VrVWlVaVVpRSdFJzUjJKU05TTlJOMk4yTjJKU1IzUjNSMk4yThFKEUoQR
hFKMUoRShBJ8EXwRa89jj2uPQkpCCjnIOccphjGGMYZ7z3uOc457z3vPe897z3vP
hBB7z3vPe897z3vPc45rDWLMYwyMUYwQjBCMEJySnJKckpySnJOc0pzSnJKUUYwP
jA+UUZySnNKk06TTpNOk060TrRStFK0UrRS1FLUUtVS1VK1UrRSc05ySrRO1VLVV
tVW1Vb2Wvda9lrVVtVW1Va0UrRStFLVVvVW9lb1VvVW1Va0UpRSlFKUUpRSlFKUU
pRWtFaUUnNOMUaUUpRSUkoxRlJKc05zTpRStVaUUpRSdFJ0UnRSdFJzUlNOMkoyS
lNOEUYRSjJKMkoySjJKMk4SThFOEUnxRfFF8UHPPa45rj0JJQgk5yDnIMYYxhjGH
e89zjnOOc457z3OOc457joPPe897jnuPe897z3OOa01izGsMjBCMD4wPjA+ckZyR
nNGc0pzSnJKUUZRRlFGUkpySpNOk0qTSpJKs06TTpNOtE60TrRStFK0UrRStE6zT
rNOtFK0UpRStVbVWtZa9lr2WvZa9lr2WvZa9lr2WvZa9lrWWtZa1VbVWvZa9Vb1V
tVWckqTUrRStFa1VrVWtVa1VrVW1Vq1VrVWtVa1VpVWlFaUUpRSc1J0UnRSc1JzU
lJOc05zTlNOU05UTlNSU1JTUjJSEk4RThFJ8EXxRfFF8EIRShFF8UXxQfBBrz2OO
a49KijpIOgg5yDGGMYYxh3vPc45zjnuOe89zjnOOc457z3uOe457joOPe49zTmsM
YspiyoPOg86MD4wPnJGckZyRnJGckpySnJKckpySnNKckZyRlFCUkZyRpNKk06zT
rROk06TTpNKc0qTSrRO1FLVVtVW1VbVVtVW1VbVVtRS1FK0UvVW9VbVUtVW9lrVV
tVatVbVVtZa9lr2VvZW9lbVVrRStVa1VrVWtVa1VrVWtVa1UrVWtVa1VrVWtVaUU
rVWtVa1VrVWlVaVVpVWlFZzUnNSU1IyThFKMUYxSjJKMkpSTjJOMk4yTjJOMk4xS
hFGEUoRShFF8EXwRc9Brj2uPUsw6CToIMcgphymHKYdzjnOOa45zjnvPc45zjnOO
e89zz3OOc45zjnOOa01jDFrKYshzSovNjA+MD5yRnJGckZySnJKUUZRRnJGcUJRQ
lFGUkZzSnNKc05zSnJGckaSSlFCckqTTpNOtFK0UrRS1FK0TpNK1FLUUrRO1Fa0U
rRStFLVVtVW1VrVWtVW1Va1VrRSs07VUtVS9lb2VvVW1VK0UpNOk06TTpROlFKUU
nROc05zSnNOUkqUUpRSlFKUUpRSlFKUUpRSlVJTTnRSdFJ0UnRSdFJTUlNOM04yT
jJOEUoSShFF8UYSSjJKEUoRShFKEUoRSfFF8EXQQY89jz1MNOgk5yTHIKUYxhjGG
c45zTnNOe457z3OOc45zjnvPe89zjnOOe45zjmtNYwxailqIYsmDzYQPjA+UkZSR
lJGckZyRjA+MEJySnJKc0pySpNKckZyRnJGMD5RQnJKk060UrRStFK0TpJKcUaSS
rNOtE60TtVW1lbVVvZa9lr2WvZa9lr2WvZa9l7VWtZa1lrWWtVa1VrUVvZW9VbVV
tVWUkpzTpRSlFa0UrRWtVa1VrVWtVa1VrVWtVa1VrVWtVaUVpRSlFJzUpRSMkpST
lJOUk4xSjFKMUpTTlNOc05TTlNSMk4yThFKEUoRTa9Br0IRShFKEUXxRdBF0EGvP
a49jTjoJOcg5yClGKYYphnOOc45zjnOOe89zj3OOc457z3vPc45zjnvOc41rTWML
WopiiXMLg86EDowPlFCckZyRnJGckpySnJKkkYxPjA57jHtMg86ckZySnNKk06TT
pNKckaTSpNOckpzSpROtFLVUtVS1VbVVtVW1VbVUtVS1VbVVtVWtFLVUtZW1VbVV
tVW1VbVVvVa9lr2WtVW1Va1VrRWtFa0VrVW1Va1VrRStVK0UrRWtVa1VpVWtVa1V
rVWlFKUUpRSlFZ0VpRWdFJ0UlNOMk4RSfBGEUXxRjJKEkoSSjJKMk4yTjJOEk4yS
hJKEkoRSfFJ8UXQRdBBr0GuQY49CCTnIOYgpRilGKYdzjnOOa01zjnPPc45rTXOO
e89zjmtNc45zjnNOaw1iy1pKYsuMD4PPg86ED5RQlJGckZyRnJGckYOOYspaiYwP
jE+UUZySpJOk0pyRlFCckJyRpJKk06zTrRStFK0UrRStFKTSpNKckaTSrROk07VU
tVW1VbVVtVW1Vb1WtVa1Va0VnJKckq0UtVW9lbVVtVW1VK0TpNOc0qUTlJKUkZSS
pNSc05zTpRSc06UUpRSlFKUUnNOMUZzTlJKUkpSSlJKc05zUnRSdFJTUlNSU1JTU
jJOMk4SThJJ8UoRShFGEUYRRhFGEUYRRfFF0UXQRa89jj2OPOgk5yDGGKUUpRilG
c45zjmuNc45zjnOOc45zjnOOc45rTWtNc45rTWsMYotaSWrLhA+DzoQPjA+UUZRR
lJGckZyRnJGMEJRQnJKc0pySnJKUUZRRlFCED5RRnNKk06TUpRSlFKUTnJGckZyR
pNKk0qTTpROtVLVVtZW9lb2WvZa9lr2WvZa9lr2WvZa9VrWVtVWtVa1VtZW1lbVV
rVWk05yTpNSlFKUUpRStVa1VrVWtVa1VrVWtVa1VrVWtVaUUnNSc1JSTjJKMkoRR
hFGEUZSSjFKMkoyTjJKMk4zTjJOMk4yThJOEk3xSfFJ8EnQRhFOEUoRRfBF0EWvQ
a49jkFsOQkoxhzGHMYYxhnOOc45rTWtNc45zjmuNa01zjnOOa01rTWtNa0xjDFrK
UoljDIQPg86Dz4wPlJCUUZSRlJGckZySnJKckZSRjBCUUYwQlBCUkZySnNKk0qTS
pNKk0pyRnJKk05ySpNOtFK0UtVW1VbVVtVW1VbVVtVW1VbVVtVW1VbVVvZW1VbUV
rRS1FLVVtVW1Vr2VtVS1VLVUrRStFK0UrRStFK1UrVWtVKUUpRSlFKUUpRSlFKUV
rRWtFaUVpRWlFKUUpRSdFJ0UlNSU1JTUjNOEkoSShFKMk4yTjJOMk4yTjJOMU4yT
hJOEU4SThFJ8UXRRdBFr0GPPY89bj0KLMYcxhzGGKUZzTnNOa01zjnOOc45rTWtN
c45zjmtNa01rTGMMYwtaylJJawyMEIPOg86MD5RQlFGUUZSRnJGMD5RQlJGMEIxR
lJKc0pzSnNKc0ZyRlFCUUJyRpNKk060UrRStFK0UrRStFK0UpNOtFK0UpNOk06TU
tVW9VrVWtVW1VrVWrVWtFKUUpRSc06TTrRS1VbVVtVStVK0UnJKckpySnJKc06TT
lJKUUZSSnJKc05zTnNOc1JzUnNSc1KUUlJKUkpTTlNOU05TUnRSc1JzUlNSU1IzU
jNSMlIyTjJOMk4yTjJOEkoSShJKEknxSfFF8EXwQc9Brj2PPW49KzDGHMYcphimG
c45zTWtNa01zTnOOa01rTXOOc45rTWtNa01jDGLLWopSSFrKa0yDzoPOhA+UUJRR
lFGUUZRRjFGUkZySnJKckpySnFGckpRRlFGUkZySpNOk06TTpNOk06SSpJKk0qTS
rRStFK0UrRWtFa1WtVW1Vr1WtVa9lrWWvZa9lrWVtZa1VrVVrVWtFa0UtVW1VLVU
rVStVIxQlJKc05zTpRSlFKUUpRSlFKUVpRWlFaUVpRWlFaUVpRWlFZzTlJOc1JTT
jJKUk4ySjJKMUoxSjJOMk5STjJOMk4yThJOEk4SThJOEk4SThFKEUYQRfBF8EGvQ
Y89j0GOPUw0xhzGHMUcpRmtNa01jTGMMa01zjmtNYwxrTWtNYwxjDGMMYwtaiVJJ
UghzDYPPg8+DzowPlFCUkJRRlJGUUZSRlJGUkZyRjA+UEZRRnFKckpySnNKk0pyR
nJGckYwPnJGckqTTpNStFK0UrRStFK0UrRStFK1VtVWtFLVVtVStVK0TrVStE60U
tVStVa1VtVW1VbVVtVW1VbVUrRStFKUUpRStFK1UrRWtFa1VrVWtVaUUpRStVa1V
pRWlFKUUpRSlFKTVpRSdFJ0UnRSU05TUlNSMk4xThFOEUoRSfBGEUYRShFKEUoRS
hJKEUoRSfFGEUnxRfBF0EGvQY9Bjj1tOMYcxhzFGKUVrTWtNa01jDGMMa01rTWMM
a01rTWNNY01rTGMLUopSiVKKc02Dz3vOe82ED4xQjFCMUJRRlFGED4xQjFCUkYxR
lJKUkpySnJKckpyRjFCMD5yRnJKckqTTpNOk06UUpNOk06TTpNSk05RSnJKk060U
rRStFa0VrRWlFK0UpNOk06TUrRSk05ySrRS1VbVUtVS1FK0UpNOk05zTnNOc05zU
nNOk1JzUpRSc05SSlJKUk5zTlJKMkpSSlJKUkoySlJKUkpSSlNOU05TTlNOM04zT
jNOMk4SThJOEUoRSfBF8EYRRfFF8EYRShFJ8UXxRdBBr0GvQY5BbTzGIKYcphilF
awxrTGtNc01rDWsNaw1rTWtNa01jDGMMYsxai1qKUolSiXuOg897znuOi8+UUJRQ
lFCUUZRRlBCUUZxRlFGUUZyRlFCUUJSRlJGckZySnJKckqTTpNOk06STnFKcUZxR
pJKk1K0UrRSk060UrRS1VbVVtVW1VbVVvZa1lrWWtVa1Vq1VrRWtFKUUtVW1VLVU
rVOckpzTnNOc050TpRSlFKUUpRSlFKUVpRSk1JzTpNSc1JzUlJOUk5STjJKMUoxS
hFKMUoxSe9BjDIRRhBCEEIxSjJOMk4yTjJOMk4SThJOEUoRSfBGEUnxSfBJ8EXQQ
a9Bjj2OPY046CTGHKUYpRmMMYwxrTWtNYwxrDGsMaw1rTWNNYwxjDGMMWopailJJ
Ukl7joPOe457jYQOjFCMUIxRjJGUUZRRlFGUUIwQjBCUUZRRlJGckpySnJKckpyS
nJKckpRSlJKckpySnJKkk60UrRWtFa0VrVW1VbVVtVW9lbVWtVW1VbWWtZW1lrWW
tZa1VrWWtVW1VbVVrVStVK1UpROlFKUUpRSlFKUUpRSlFKUUpRSlFKUUpRSlFaUV
pRWlFaUVpRSlFKUUnRSdFJzUlNSU1IzUfFKMk3wRfBGEEoRThFKEUnwRfFKEUoRT
fFJ8UnxSfFJ8UXwRfBF0EWvQY5BjkFtOOkophymHKUZjDGMMa0xrTWsMYwxrDGsN
aw1rDWLMYsxiy1qKUolSSUpJe46DznuNe42MD4wPjFCUUJSQlFCDzowQjFGMUZRR
lFKUUpRSlFKUkoxRjFGMUJSRnJKckpzSpNOk06TUpNStFK0UtVS1VK0UtVW1VbVV
vVW1VbVVtZa1lrWWtZa1lrWWtZa1Vq1VtVW1Va1UrVStVKUTpROk06TTpNOckpzT
rRSk05zTnNOc05zTnNSk1JzTlJKMkpSSlNKc05TSnNOc05TSlJOU05TUlNSM1IzU
jJSMk4xThFOEUoRSfBGEEXQQfBF8EYRShFJ8EnQRdBFr0GOQY5BjjkqLMYcxhylF
YwxjDGMMaw1rDGLMawxrDGtNawxjDGMMWstailJJUklSSGLKc0x7jXuNjA+UUIxP
jFCMkIxQjFCMUYxRlFGMEIQPhA+MD4xQlFGUUZRRnJKckpySpNKk06TTpROk06TU
rRStFK0UrRStVLVVtVW1VbVVtVW1VbVVtVa1VrVWtVa1VrVWtVa1VrVWtVWtFK0U
rRSckpzSnNOc1KUUpRSc06UUpRSdFKUUpRSlVKUUpRSlFZzUnNSc1JzUnNSUk5ST
jJOEUoRSjJOEUoyThFKMUoySjJKMkoyShJOEkoRShFKEUnxSfFJ8UnxSfFJ8EXwR
a9Fj0GPQW49KzCmHKUYpRWMLYwxjTGNMYwxay2MMYwxjDWMMWstaylqLUklSCVJJ
UkmDznuOe417jYPPjA+MUIxQjFCMUYwQjBCMUXvPc457z4wQlFCUUZRRlJGckpyS
nJKkkqSTpNOk060TpNOtFK0UrRStFK0UrRS1FK1UtVStFK1UtVStVK1VrVWtVa1V
rVWtVa1VrVW1lbVVrVStFK0UpROlFKUUpRSlFKUUpRStFK0UrRStFKUUpRSlFKUU
pRSlFKUUpRSlFKUUpRSdFJ0UlRSU1IzTlNOM04RShFJ8UnwRfBCEEHOOe9B8EXwR
fFF8UXxSfFJ8UnxSfFJ0EXPQa9Bj0GOPW04phylGKUZjDGMLYwxjDGMMWstizGsM
awxrDGLLWspailJJSghKCFJJe457jnONe42DzowPjE+MUIxQlFB7zowPjFCMEIxQ
lFGUUZSRlFGUkZySnJKckqSSpNOk0qTSpROlE6UTpROk06TTpNOckqTTpNOk05yS
nJGk06TTpNOtFLUUrRSk06TTpNOtFKTTrRS1VK0UrRStFKTTnNOk06TTnNKc0pzS
nNKk05zTnNOc05zTnNOc05SSnNOUkpSSnNOU0oySlNKU05TTlNOU1JTTlNOU05TU
jNSM1ISThFJ8EXwRdBF8UXQRa9B0EHwRhFF8UXwRfBBz0GvPa9Bjj1tOMYcxRylG
Ywtay2MMYwxjDFrLYwxjDGMMYwtay1rKWopKSEpISkhSSXuOe41zjXONhA+MEIwQ
jFCMEIxRjFCMUIxQlFCUUJRQlFGUUZRSnJKckpySnJKckpySnJKckZySnJKckpyS
nJGckpySlFGk06UUpRSlFKUUrVStFK0UrRWtVa1VrVWtFKUUrRWlFKTTtRStFK0U
rRSckpSRnNOc05SSlJKUkpzUpRSlFKUUpRSlFKUUnNSUk5TUlNSU1JTTjJKEUYyS
jJKMkoRRhFGMk5SUjJOMlIyTjJOMk4yTjJOMk4yThJOEUoRSfFJ8UnxSfFJ8UnwR
c9Br0GvQY5BbTzHKKYcpRlrLWstjDGMMYwtay2MMYwxjDGMLYstailKJUklKCEoI
Ukl7jnONc01zjYQPhFCMEIwPjBCMUIxQe86MUIPPhA+UUZSRlFGUkZSRlJGUkZSR
lJGUUIQPe86UUJSSnJKckqTTpNOlFK0UrRStFa0VrVWtFa1VrVWtVa1VrVWtVa1U
rVWtVa1VrVWtVa1VrVStFK0TnNOc05zTpROlFKUUpRSlFKUUpRSlFKUUpRSlFKUU
pRSlFJ0UnRSdFJ0UnRSdFJTUlNSUlIyTjJOUk4yTjJOMk4SSjJOMk4yThJKEkoSS
hFKEUoRShFJ8UnxSfFJ8EXQQa9BjkGOPW046SimGIUZiy1qLYsxizGLMWotizFrL
Ywxay1rKUopSikoIQgdKCFKJe81zjXONc42ED4wQjBCMEIwQjBCDznNNhA+ED4wQ
lFGUUZRRlFCUUJQQjFB7joxRjBCMUZRRnNOc05zTpNOk06TTpNOk06SSpNOk05yS
pNOlE5zSnNOc06UUrRSUUZzSpROlE6UUrVS1Va0TrROtE6TUpNOk06TUpNSlFKUU
pRSlFKUUpRSlFKUUpRSlFKUUnRSlFKUUpRSdFJ0UnRSdFJzUnNSU1JTTlNOM04zT
jNOMk4yThJOEk4SSfJJ8knxSfFJ8UnxSfFJ8EnwRfBF0EWvQY9BjkFtPQkspRylF
YstailrLWsxjDFqLWstazFrLWstaylKKSklKCEHISgdSSGLKcwtzTHtMg8+ED4wP
jBCMEIwQjBCMEIxQjFCUUIwQlFGMUIPPhBCMEJRRlFGckpySnJKckpyRlFGUUYxQ
jA+UUJySlFGUUZSSnJKUkqTUrRStFKUTrVWtVa0UnNOc06UUnNOc06TTrROtE60S
rROk06TTnNOc06TTnNOk06TUpRSlFKUUpRSlFKUVpRSlFKUUnRSc1JzUnNOc1JzU
nNSc05TTlNOU05TTlNOU05STjJOMk4yTjJOMk4RThFOEU4RShFKEUnwSfFJ8UXxR
dBFz0GOQY9BbjzrMKYcpRlrKWspay1rLWstSilqKYstay1rLWopSSUpISchByEHI
Wop7jXNMa0xzTYPPhA+ED4QPhA+MEIwQe85zjXvOg857zoxQjBCMUJRRlFGUUZxR
lFCUUZRRg897joxQjBCUUIxQnNGc0qUTpRSlFK0UrRStFK0UtRWtFa1VrVWtVa1V
rVWtVa1VrVWtVa1UrRStE6UTpNOk05zTnNOc05zTnNOc05zUnNSk1KUUnRSlFJ0U
nNSc1JTTnNSc1JzUnNSU1JTUlNSU05TTlJOMk4yThJOMk4yTjJOMk4SThFOEU3xS
fFJ8UnxRfFJ8UnxSdFF0UXRQa9Bjz2PQW49LDCmGIUZai1KKWstay1rLWopailqK
WopailqJUklKCEoHQcdBx1qKe05zTHNMc0yDzoPOhA+MD4wPjA+MEHOOc418D4QQ
jBCMUIxQjFCMUIxQlBCMD3vOjFCMUIwQjFGUkpyTnNKc06UTpROlFKUUpROk05yS
nJKck5zTpNOk06UUpRSlFK0UpNStFK0UrRWtFa0UrNSk05zTnNOc05STnJKUkpSS
lFKc05zTnNOc05zTnNOc1JSSnNOc05zTlJKUkpTTlNOU05TTlNOU04zTjJOMk4yT
jJOEk4SThFOEU4RThFOEUoRSfFJ8UXxSfFJ8UnRRdFF0EXPRa5Br0WOQW04piClH
UotSilrLWstay1KKWopailrKUopSikpJSghByEHHQcdainOMa0trS3NMe86Dz4QP
hA+ED4wPjBCMEIQQhBCEEIQPc41zjWtMhA+ED5RRjFGUUZRRlJGUkpySnJKckpyS
nJKc0qSSnJKMEJySlFGMUYxRlJKc06TTnJKc06TTpRSlFKUUpRSlFKUUrRStE60T
pRKc05zTlJKMUYxRjFGMUYxRlJKUk4ySjJKUkpSSlJOMk5STlJOUk5STjFKUkpST
hBGEEYQRhBGEEYQRhBF8EXwRfFGEUoRShFKEUoRSfFJ8UnxSfFJ8UnxSfFJ8UnwR
fBF0EWPQY9FbkFtPMYgph1qKUolaylrKWspaiVqKWotailJKUklKCEoIScdBhkHG
WspzjWtMa0xzjHvOhA+Dz4QPhA+ED4QOg857znuNc017jnNNe46Dz4xQlFCUUZRR
lFGUUZQRlFGUEIPOlFCckpSRnNKk05zTlJKk06UUpRSlFK0VrRWtFa0UrRWtFa0V
rRWtVa1VrVWlFKUUpROk0qTTpNOc05SSlJKUkpSSnNOc05zTnNSc05zTnNSc1JzU
nNSc1JzUnNSU1JSUlNOU04yThJOEknxSfFJ8EXwRc9Bz0HwRfBF8EXPQdBF8EYRR
c9B0EHxSfFJ8UnxSdFJ0UXQRbBFj0GPQY5BbTznJKUdSilKKUopSilKKUolSilKK
UopKSUpJSkhKCEHHQYZBxmKKe01rC2sLc0x7znvOg86Dz4wPg897joPOg86DzoPP
hBCMEIwQlBCMUIQPhA+ED4QPhA+MUJRQlJKUkpySnNOc06TTpNOk06TTpNSk06TU
pRSk1KUUpRSlFJzTpNOk1KUUpRSlFKUUpRSlFKzTpNOk05zTnNOU05zTnNOc05zT
nNOc05zTlJKc05zTlJKc05zTnNOUkpySnNOU05TTlNOU1JSUlNSMk4yTjJOMk4yS
hJOEUoRShFJ8EXwRdBF0EWvQY490EXxSfFF8UXwRfBF0EXQRa9Bj0FvQW086CymH
UopKSVKKUopailJJUkpSSlKKSkpKSUpJQghBxzmGOYZKCFqJawtrC3OMe817zoPO
g8+Dz4PPg8+EEIQQhBCMEIQPg86DzoPPjBCED4QPjFCUUJRRlFGUUpRRlJGUkpyS
nJKUkpySnJKMEJRRlFGckpyRlBGUUZySnJOck5RSnJKc05ySnJOckpySpNKk06TS
pNKc0pzSnJKUkZRRhBB7z4QQlJKc1JSSlJKMkpSSjJKUkoQQg9CEEIyShFKMUoxS
jFGEUXwQfBB8EYRRfBGEUYRRhFKEUoRThFKEUoRSfFJ8UnxSfFJ8UnxSfFF8UXxR
dBF0EWvQY5BjkFtPOowph1qKUklaSlqKWopSSVJJUolSilKJSkhKCEHHQcdBhjmG
YsprTWMMawtzTIOOg46DzoPOg86DzoPOhA57zXvNe85zjXOOg8+Dz4wQjBCMUIxQ
jFCUUIwQjFCMD4QPjA+MUYxQlFGUUZSShBCUkpzTnNOc1JzTnNOc06TUpRSlE50U
pRSlFKTUpRSc06TTpNOk06TSnJKckpSRjFGMUYxRjFKUkpSTnNSU05STlNOc1JTT
lNOU04yTjJOUk4yTjJOEk4yThFJ8EHPQdBB0EGvPdBB0EHPQdBFz0WvQhFJz0HPQ
c9B0EHQQfFF8UXxRfFF8EXQRdBFr0WPQY9Bbj0LMKYdSiUpJUopSSlJKSkpKSVJJ
UklSSUoJSghBxznHOYY5hmLKc0xjC2sLc0x7jXuOe86DzoPOa0tjCnOMe417zoPP
g86EEIwQjBCMEIwQg8+DzoPOawtzTHuNg8+MEJRRlFGUUZySnNOc05zTpNOk06TU
pRSlFKUUpRSlVKUUpRSlFKUUpRSlFKUUpRSlFKTTnNOk0pzSnNKUkpSSlJKUk5ST
nJOc1JzTnNOdE5zTnNSc1JzUnNSc1JTTlNOU05TTlNOU04zTjJOMk4SThJOEk4RT
hFKEUnxSfFJ0EnQRdBFr0GvQa49rz3RRfFF8UnwRdBF0EXQRa9FjkGPQW5BLDSmH
UolKSVJJUopSikpKSklSSVJJUklKCEoIQcc5hjmGOYZiy2tMYwtjC3ONe417jnvO
e858DnONc417z3wPfA+ED4QPe897znvOe857zWtLe42ED3POhA+MUZRRlJGUkZSR
nJKckpySnNKc06TTpNOlFKUUpRSlFKUUpRStFK0UrRSlFKUUpRSc06UUpRSlEqTS
pNKc0pySlJKUkpSSlJOc0pzTnNOc05zTnNOdE5zTnNOc1JzUnNSc05TTlNOU04zT
lNOU05TTlNOMk4yTjJOMk4yThJOEk3xThFOEUoRSfFJ8UnQRdBF0EXQRdBF0EXQR
dBF0EWvRY9Fj0VuQU08ph1KKUklSSlJKUkpSSUpJUklSSUpISghByEHHOYcxRjGG
YstrDGMKawpzi3uNe42DzXvOg857znvOe857zXvOc01jC2MLc41zzXvOe858D4xQ
jFCUUZRRlFGUUZRRlFGUkZSSlJKUkpySpNOc06TTpNSlFKUUpRSlFKUUpRSlFKUU
pRSlFKTUpROlFKUUpRKk0pzSnNKckpSSlJKUkpSSlJKUkpSTlJOU05TTlNOU05TT
lNOU05TTlNOU05TTlNOU05TTjNOM04yTjJKMk4xTjJOMk4yThJOEkoSShFKEUoRS
fFJ8UnRSdFJ0UnQRdBF0EXQRbBFsEWvQY9Bb0FuPKchSSUoJSklSSVJJSkhKSEpI
SklCSEIIOcc5xznGMYUxhWMLYwtiy2LLa0x7jXuNe417jnvOa0xrDHNNYwt7zmuN
a41zzoQPhBCEEIQQhBCMUIxQlFGMUZRRlJGUUZxSnJKUkpTSnNKc0pzSnNOc06TT
pNOk06TUpRSlFKUUpRSlFKUUpRSlFKUUrRSlFJzTnNKc0pySlJKUkpSSlJKUkpSS
lJOUk5STlJSUk5STlNOU05TTlNOU05TTlNOU05TTlNOMk4yTjJOMk4yTjJOMk4yT
jJOEkoRShFKEUnxSfFJ8UnxSdFJ8UnxSdFJ0UnQRdBF0EXQRa9Fr0GPQY9BbjzIK
UklKSVJJUklSSUpISghKCUpJSghCCDnHOYY5hjmGMYVKB1JJYstiy3MMc41zjXON
e817zWtLa0xzjXuOe897z4PPg8+ED4QPhA+MUIwQjBCMEIwQjFCMUIxRjFGUUZRR
lFGUkpSSnJKckpzTnNOc050TpNOk06TUpRSlFKUUpRSlFKUUpRSlFKUUpRSk05yS
nJKUkoxRjFGMUYxRjFGMUYxRlJKUkpSSlJKUkpSSlJKUkpSTlJOUk5STjJOMk4yT
jJKMkoySjJKMkoSShJKEkoRShFKEUoRShFJ8UnxSdFF8UnRRdBF0UXRRdFF0EXQR
dBF0EWwRbBFj0WPQW486i0pJSghKCUpJSklKSEoISghKCEHHQcdBxzmGOYUxRTGG
Wstiy1rKWslrS3NMc4xzjXuNe417jXvOe857znvOe857zoPPg8+ED4QPhA+ED4QQ
jBCMEIwQjBCMEIxRjFGUUZRRlJKUkpySnJKc0pzTnNOc05zTpNOk1KTUpNSk1KUU
pRSlFKUUpRSlFKUUnNOckpySlJGMUIxRhA+EEJSRhBCEEIxQhA+ED4QQjFF7z4QQ
jFGMUYxRlJKUkpRSjJKMkoRRjJKMUoySjJKEkoSSfFJ8UnxRfFJ8UXxRfFF8UXwR
dBF0EXQRdBF0EXQRdBFsEXQRdBFsEWwQa9Bj0VuQQoxKSUoISghKSEpIQkhCCEII
QghCB0IHQcc5hzGFMUU5hmMLYwtaylrKa0xzjHONc41zjXvNe417jXuOe857znvO
e86Dz4POg8+ED4QPhA+ED4QPhBCEEIwQjBCMUYxQlFGUUZSRlJGUkZySnJOc06TT
nNOk05zTpNOk1KTUpRSlFKUUpRSk1KTUpNOk06TTnJKckpSRjFCUkYQQhBCMUoRR
hFGEUYSShFGMUpSSjJKMUoxSjFKMUoySlNOMk4yTjJOEk4SThJKEUoRShFF8EXPQ
c9B0EHPQc898EHQQfBF8UnxSfFJ0UXQRdBF0EXQRdBF0EWwRbBFsEWPQY9Bbj0sN
SklCCEIIQghKCEoIQghCCEIIQghBx0HHOYY5RTFFMYZiy2LLWspaymtMc0xzTHOM
c41zjnOOe457jnuOe857znvOfA57zoPOg86ED4QPhBCEEIQQhBCMEIxQjFCMUIxR
lFGUUZSRlJGckZySnJKc05zTnNOc05zTnNOc06TTpRSlFJzTnNOk05zTpNOc0pSS
lJKUkpSSlJKUkYxRlJKUkpSSlJKUkpSTlJOU05TTlNOU05TTlNOM05TTlNOU05TT
jJOMk4yTjJOMk4yTjJOEU4RThFJ8EnxSfFJ8UnQRfFJ8UnRSdFJ0UnRRdBF0EXQR
c9B0EGwQbBBj0GPQW5BbTkoIQghCCEIIQghCCDnHQgc6BznHOYc5hjmGOUUxRTmG
YstiylrKWslrS3NMc0xzTHOMc41zjXuNe457j3uOe497znvOe857zoPOhA6ED4QP
hBCEEIQQjBCMEIxQjFCMUZRRlFGUkZSRlJKUkpySnJOc05zTnNOc05zTnNOc05zT
nNOc05zTnNOc05zTnJKUkpSSlJKMkoxRjFGMUYxRlJKUkpSSlJKUkpSSlJOU05TT
lNOU05TUlNOM05TTlNKUk4yTjJOMk4yThJOMk4STjJOEk4SShJKEUoRShFKEUnxS
fFJ8UnxSfFJ0EnQRdBF0EXQRdBB0EGwQY9Bj0GPQW49KCEHHQcdCCEHIQgc5x0HH
Occ5xjmGOYY5hTFEMUQ5hWLKWopailqKawtzS3NMc4xzjHONc41zjXPOc81zznvO
e857znvOe857zoPPg8+MD4QQhBCEEIwQjBCMEIxQjFCMUZRRlFGUkpySlJKck5yT
nNOc05zTnNOc05zTnNOc05zTnNOc05zTlNOc05zSlJGUkZSRjFGMUYxRjFGMUYxR
jJGUkpSSlJKUkpSSlJKUk5STlJOU05TTlNKUk5STjJOMk4yTjJOMk4yTjJKEkoSS
hJKEknxShFKEUoRSfFJ8UnxSdFJ8UXwRdBF0EWwQdBFsEWwRbBFkEWPQY9Bj0FuP
QchBx0HHQcdBx0HHQYZBhkGGOYY5hTFFMUUxRClEMUVCB1JIWolayWsLa0trTHOM
c0xzjXONc45zjnOOc457jnuOe857znvOe857z4PPg8+ED4QPhA+ED4QPjBCMEIxR
jFGMUYxRlFGUkpSSlJKckpySnJOc05zTnNOc05zTnNOc05zTnNOc05TSnNOU0pSR
lJGUUYxQjBGMUYxRjFGMUYxSjFKMkpSSlJKU0pSTlJOUk5STlJOUk5STlJOMk4yT
jJOMk4xTjJOMkoyTjJKEkoSSfJKEknxShFJ8UnxSfFJ8UXxRfFF8UXQRdBF0EXQR
dBF0EGwQa9Bj0GPQY9BbkEHHQcc5xznHQcc5xzmHOYc5RjlGOUU5RjlFMQQxBDmG
YspailqJWolrC2tLa0xrTGtMc01zjXONc81zjXONe457jnuOe857znvOe857z3vP
g8+EEIQPhA+EEIQQjBCMEIxRjFGMUZRRlJGUkpSSlJKUkpzTnNOc05zTnNOc05zT
nNOc05zTnNOc05zTnJKUUYxRjFGEUYxRjFGMUYxRlJKMUYyRjJKUkpSSlJKUkpSS
lJKUk5STlJOMk4yTjJOMk4yTjJKMkoyThJOEkoSThJKEUoRShFKEUoRSfFJ8UnxS
dFF8UXxRdBF0EWwRdBF0EXPRbBBsEGwQa89jkGPRY5A5hjmGOYY5hjmHOYYxhjGG
OYY5hjFGMUUxRSlEKQU5xlqKUolaiVqJawtzC2tLc0tzTHNMc0xzjXONc41zjXuO
e457jnuOe457zoPOe897z3vPg8+ED4QPhA+EEIQQhBCMUYxRjFGUUpRSlFKckpSS
lJKUkpSSnJOc05zTnNOc05zTnNOc05zTnJOUkpSRjJGMUYxQhFGEEIxQjFGMUYxR
lJKMUoxRjJKMkoySjJKUkpSSlJKUkpSSjJKMk4yTjJOMU4yTjJKMkoSShJKEkoRS
hFKEUoRShFKEUnxSfFJ8UnxRfFF0UXQRdBF0EXQRdBF0EWwQbBBr0GPRW5Bj0GPQ
OUYxhjmGOYY5hzmGMUY5hjGGMUYxRTFFMUUxRCkEQcZaylqJUolSiWMLa0xrTGtM
c0xrTHNNc417jHONc41zjXONe457jnuOe857znvOe86EDoQPhA+ED4wQhBCEEIQQ
jFGMUYxRjFGMUYxRlJKUkpSSlJKUkpSSnNOc05zTnNOc05SSnNOUkpSSlJKUUYxQ
jBCMEIQQhBCEEIQQhBCMUYxRjFGMUYxSjFKMkoySjJOMkozSjJKMkoySjJKMkoyS
jJKMkoyShJOEk4RShFKEUoRShFKEUoRSfFJ8UnxRfFF8UXRRdFF0EXQRdBF0EWwR
bBBsEGvQa9Brz2OQY9Fj0DFFMUUxRTmFOUY5RTFFMUUxBTFFMUQxRDEEMQQpBEHH
WspSiVKJUolrC2sLawtrDGtMa0xrTGtMa4xzjHONc41zjXOOc417jnuOe86Dz4QO
g8+Dz4PPhA+ED4QQhA+EEIQRjFGMUYxRlFGUUZSSlJKUkpSSlJKUkpSSlJKUkpSS
lJKUkpSSlJKUkoxRjFGMUIRQhA+ED4QPhA+EUIQQhBCMUYxRjFKMUYxSjFKMkoyT
jJOMk4ySjJKMkoySjJKMkoySjJKMkoyShJKEUoRShFGEUoRShFKEEoRSfFJ8UXRR
fFF0EXQRdBF0EXPRdBF0EGwQa9Br0GvQa9BjkGPPY9ApBCkEMQQxBDEEMQMxAykC
KMMowyjDKMMgwiDCIMJBxlqJWkhSSVqJYwtrS2tLa0trS2tMa0xrTGtMc4xzjXOO
e417jXuNe417jXuOe857zoPOe897znwPhBCEEIQQhBCEEIxQjFCMUYxRjFGMUpSS
lJKUkpSSlJKUkpSSlJKUkpSSlJKUkoySlJKUkYxRhA+ED4QPhA98D3wPhBCEEIQQ
hBCMUYxRjFGMUoxSjFKMkoySjJKMkoySjJKMkoySjJKMkoyShFKEUoRShFGEUYRS
hFKEUoRSfFJ8UnxSfFF0UXRRdBB0EXQRc9F0EXPRa9FsEWwQa9Br0GPQY9Bbz1vQ
IIIggiCCIIIggiCBIIEggSCBIIEggSCBIIEYQRiBMURCBkpHUkhaiWMKYwpjCmsL
a0trS3NLc0xzTHNMc01zjXNNc41zjXONc417jnuOe857z3vPe898DnwPhA+ED4RQ
hBCEEIxQjFGMUYxRjFGMUZSSlJKUkpSSlJKUkpSSlJKUkpSRlJKUkoySjFGEEHvO
c857znvPe897z4PPhBCEEIQQhFGEUYRRhFKMUoxSjFKMUoxShJKMkoSShJKEkoyS
hFKEUoRRhFKEUoRShFKEUnxSfFJ8UnxSdFF8UXRRdFF0UXQQdBB0EHQQc9Bz0GvQ
a9Br0GvQa9Bj0GPQW9BbkCBBIIEogSCBIIEggSCBIIEggSCBIIEggSCBGEEYgUHG
UolKSEpIUkliymMKYwpjCmNKY0trS3NMc0xzTHNMc0xzTXONc41zjnOOc45zjnuO
e857znvOe86Dz4QPhA+ED4QQjBCMEIwQjFCMUYxRjFGMUZSSlJKUkpSSlJKUkpSS
lJKUkpSSjFGMUYQQhBBzjXONc41zjnvOe858D3wPhBCEEIRQjFGMUYxRjFGMUoyS
jFKMkoSShJKEkYRShFKEUoRShFKEUoRRhFGEUnxSfFJ8UnxSfFF8UXwRfFF0UXQR
dBF0EXQRdBF0EGwQbBBr0GvQY9Bjz2PQY9Bjz1vOQkkgQSBBIIEggSCCIIIYgSCB
IIEggSCBIIEggSCBGIFBx1KJSkhSSFJJYspiymMKYwpjS2NLa0trS2tMa0xrTGtM
c0xzTHONc41zjXuNc457jnOOe857znwOe857z3wPhBCEEIQQhBCEEIxRjFGMUYxR
jFGMUZSRlJGUkZSRjE+EDnuNc4xrC2LKWohSB0GFKMIwwzDDMQMxAzEDMQMxQzFD
MUMxQzFEMUQxRDlEOYQ5hDnFOcU5xUHFQcVBxkHGSgdKB0oHSkhSiFLJWspbC2ML
Y0xjTGuNa810DnQPdBB8UHxQdFB0UHQQbBBsEGvQa9Br0GPQY89bz2PPY89CSBjC
GEEYgRiBIIEggSCBIIEggSCBIIEggSBBIIEggRiBSgdSiEpISkhSiFsKYwpjCmMK
YwpjC2tLa0trS2tMa0xzTGtMc0xrTGuMc4xzjXONc41zjXPOe857z3vOg857z4QP
hBCEUIxQjA+EDnuMawtiyVpIUgZBhTkDKMIggSCBIEEYQBhAGEEYQRBBEEAQQRhB
EAEQABBAEEEQQBBAEEAQQRBBEEEQQRBBCEEQQRBAEEAQQBBBEAEQARABEAEQARAB
EAEQARABCAEIARABCAEIQQhBCEEIABAAEAEQQRBBEEEYgiDDKQQxRTGGOcY5x0II
SklKiVLLWstbDEIIGMIYgiCCGIEggSCCGIEggSCCIIIggSCBGIEYgRiBIIEggVJH
UklKCEpIUolaylrKWspjCmMKawtrC2sLa0trTGtMa0xrTGuMa01rTWuNc41zjXON
c81zznvOe85zjXNLYslaSEnGOUQwwyCCIIEYQRhBGEEYQRABEAEQARABEAEQARAB
EAEQARABEAEQARBBGEEggRhBGEEYQRBBEEEQQRBBEEAIQRBBEEEQARABEAEQARAB
EAEQARABCAEIAQgBCAEIAQgBCAEIAQgBCAEIAQgBCAEIAQgBCAEIAQgBCAEIAQgB
CAEIAQABCAEIAQgBCAEIAQgBCEEQQRBBGIIYghiCGIIgQiBCIIEggSCBIIEYgSCB
GIEYgRiBIIEggSCBIIFKB0oHSgdKCFJJWspaylsKWspbCmMKYwpjCmMLa0trS2tL
a0xrTGtMc0xzTHNMawtiilpIScY5RCjCIIEYQRABEEEQQQgBEAEQARABCAEIAQgB
CAEIAQgBCAEIARABEAEQARABEAEQARABEAAYQCCBKMIowSDBIIEggRhAGEAYQBBA
GEAQQBBACEAQQBAAEAEQARABCAEIAQgBCAEIAQgBCAEIAQgBCAEIAQgBCAEIAQgB
CAEIAQgBCAEIAQgBCAEIAQgBCAEIARBBEEEQQRiBGIEYgRjCIMIYwhjCGMIYghiC
IEEggSiBIIEggSCBIIEggRiBGIEYgRiBGIAYgRiBOYZBxkoHSghSSVrKWspSyVsJ
WwpbCmMKYwtjC2NLY0tjC2LKWolSB0nGOUQowiCBGEEQQRBBEAEIAQgBCAEIAQgB
CAEIAQgBCAEIAQgBCAEIAQgBCAEIAQgBEAEQARABEAEQARgBEAAYQBhAIIAwwTEC
MQIpAijCKMEggSCAIIAYQBhAEEAYQBhAGEAQQBBAEEAQQBBACEAQQBBAEEAQQRBB
EEEQQQgBCAAIAQhBCAEIARBBCAEQQRBBEEAQQBBBEEAQQBhBGIEYgRjBGIIYwiDC
GMIYwhjCGMIYghCCEIEQgSCBIIEggSCBIIEggSCBGIEYgRiBGIEYgRiBGIEgwkoI
SghCCEpIUolayVrJWslayWMJYslaiFJHSgdBxjFEKMIgwhiBEEAQQQgBEAEQARAB
EAEIAQgBCAEIAQgBCAEIAQgBCAEIAQgBCAEIAQgBEAEQARABEAEQARABEAEQABAA
EEAYQBhAGEAggCjBMMIxAjECMQIowSjCKMIggSCBIIEggSCAGIEYgBhAGEAQQBhA
GEAYQBhAEEAQgBBAEEAQQBBAEEAQQBBAEEAQQBBAEEAQQBhAGEEYgRiBGIEYgRiB
GIEYghiCIIIggiDCIMIgwiDCGMIYwhjCEIIQghCBEIEggSCBIIEggSCBIMEggSCC
IIIggSCBGIEYgRiBIMJSSEoHQgdKB1JHUkhJxkHGOYQxRCkCIMIgghhBEEEIARAB
CAEIAQgBCAEIAQgBCAEIAQgBCAEIAQgBCAEIAQgBCAEIAQgBEAEQARABEAEQARAB
EAEYABAAEEAQQBBAEEAQQBBAGEEYQSCBKIEwwjECOQM5AjEDMMMwwijCKMIogijB
IIEggSCBIIEYgRiBGIEYgRiBGIEYgBiAGIAYgRiBGIEYgRiBGIEYgRiBGIEYgRiB
GMIYgRiBGIEYgRiBGIEYgiDCIMIgwiDCIMIgwiDCGMIYwhjCGMEYghiCGIIYgRiB
IEEggSCBIIEggSCBIIEggSCBIIEggSCBIIEggCDBOUQxREHGOYUpAyDCIMIggRiB
EEAQQBBBEAEQARABCAEIAQgBCAEIAQgBCAEIARABEAEIARABEAEQARABEAEQAQgB
CAEQARABEAEQARABGEEQQBBAEEAQQBBAGEAYQBhAGEAYgCBAKIEowijCMMIwwjEC
OQI5AjECMQIxAjDCKMIowijCKMEowSjBKMEgwSDBIMEgwSDBIMEggSCBIMIggSCB
IIEggSCBIIEggSCBIIEggSDBIMEgwSDCIMIgwiDCIMIgwiDCIMMgwyDDIMIgwhjC
GMIYghiCEIIYghiCGIIYgSCBIIEggiCCIIIggiCCIIIggiCCIIEggSCBIIEggSCB
IIEgwhhBGEEQQRBBEEEQQRBBEAEQARABEAEQARABCAEIARABEAEQARABEAEQARAB
EAEQARABEAEQARABEAEQARABEAEYARABEAEQABBBEEAQQBBAGEAYQBhAGEAYQCBA
IIEggSjBKMIpAjECMQIxAjECMQIxAjECMQIxAjECKQIpAijCKMIowijCIMIowijC
KMIowiDCKMIgwiDBIMEgwSDBIMEgwiDCIMIgwiDCIMMYwiDCIMIgwiDCIMIgwiDC
IMIgwiDCIMIgwiDCIMIgwiDCGMIYghiCGIIYQRhBGEEggSCBIIEggiCCIIIggiCB
IIEggSCBIIEggSCBIIEggRiAEEEQQRBBEEEQQRBBEEEIQRBAEEEQQRBAEAAQQRAA
EAAQQBAAEAAQARABEAEYARABEAEQARABEAEQABAAEAAQABBAEEAQQBBAEEAQQBhA
GEAYQBhAIEAgQCBAIEAggSCBKIIowjDCMQIxAzEDMQM5AzkDOQMxAzEDMQIxAjEC
KQIowikCKMIowijBKMIowijCKMIowijCKMIogijCIMIgwiCCIMIgwiDDIMMgwiDC
IMIgwiDCIMIgwiDCIMIgwiDCIMIgwiDCIMIYwhjCGMIYghiCGIIYghiCGIEQgRBB
IIEggSCCIIIggiCCIIIggSCBIIEggSCBIIEggSCCIIIYgRBAEEAQQBBAEEAQQBBA
EEAQABBBEEEQQBBAEEAQQBBAEEAQQBAAEEAQQBBAEEAQQBhAGEAYQBhAGEAQQBBA
GEAYQBgAGEAYQBhAGEAgQBhAGEAYQCCBIIEggSCBKIEowTDCMMIxAjECMQIxQjFC
MQIxAjEDKQMxAzEDMQIpAikCIQIpAikCKQIowijCKMIowijCKMIowiDCIMIgwikD
KQMgwiDCIMIgwiDCIMIgwiDCIMIgwiDCIMIgwiDCIMIgwiCCIMIgwiDCIIIYwhiC
GIIYghiCGIIYghiBGIEQQSCBIIEggSCBIIEggSCBIIEogSCBIIEYgSCCIIEggSCB
IIAYgRhBGEEQQBBAGEAQQBBAEEAQQBhAEEAYQBhAGEAYQRhBGEAYQBhAGEAYQBhA
GEAYQBhAGEAYQBhAGEAYQBhAGEAYQBiAGEAYQBhAIIAggCCAKIAggCiBKIEowSjB
KMEowijCKMIxAzEDMQMxAzEDMQMxAzEDMQIxAjECMQIpAijCKQMpAykDKQMpAikD
KQIpAikCIMIpAikCKQIpAijCKMMowyjDIMMgwyDDIMIgwiDDIMMYwiDCIMIgwiDC
IMIgwiDCIMIggiCCGIIYghiCGIIYghiCGIEYQRhBEEEggiCBIIEggSCBIIEggSCB
IIEggSCBIIIggiCBIIEggiBBGIEYgRiBGEEYQRhBGEEYQRhAGEAYQCBAGEAYQBhA
GIAYgBiAGEAYQBhAGEAYQBhAGEAYQBhAGEAYQBhAGEEgQSBBIEEgQSBAIEAgQCCA
IIAggSCBIIEggSiCKMIowijCKMIowjDCMMIwwjECMQIxAjECMQMxAzEDMQMpAikC
KQIpAikCKQIpAikCKQIpAikCKMIowiDCKMIowijCIMIgwiDCIMIgwiDCIMIgwiDC
GMIgwiDCIMEgwSDCGMIgwiDCIMIYghiCGIIYghiCGIIYghiCGIIYghhBEEEQQRBB
IIEggSCBIIEggSCAIIEggSCBIIEggSCBIIEggSCBIIEggSCBIIEggSCBIIEggSCB
IEEYQRhBGIEYgBiAIIAYgBiAGIAYgBiAGIAYgBhAGEAYQBiAGEAggBiAGIAggCCA
IIAggCCBIIEggCCAIIAggCCAIIEogSiBKIEowijCKMIowijCKMMpAikCMUMxAzED
MQMxAzEDMUMxAzEDMQMpAykCKQIpAyECKQIpAijCKQIhAikCKQIpAikCIQIhAiEC
IMIgwiDCIMMgwiDCIMIgwiDCIMIggiDCIMIgwhjCGMIYwhjCGMIYwhjBGMEYwRCB
GIEYgRiBGIEYgRiBGEEQQSCBIIEggSCBIIEggSCBGIEYgSCBIEEggSCBIIEggSDB
IIEggSCBIIEggSCBIIEggSCAIIAggCCBIIEggCCBIIEYgBiAGIAYgBiAGIAYgBiB
GIEYgRiBGIEggCCBIIEggSCBIIEggSiBIIEogSCBKIEggSjBKMIowSjBKQEowSjB
KMIpAjECMQIxAzEDMQMpAykDKQIxAzEDMQMxAykDKQIpAykDKQMpAykDKQMpAyjC
KMIowijCKMIpAiECIQIgwiDCIMIgwiDCIMIgwiDDIMMgwiDCIMIYwiDCIMIgwhjC
GMIYwhjCGMIYwhjCGIIYghiCGIIYgRiBGIEYgRCBEEEggCCBIIEggSDBIIIggiCC
IIIggRiBGIEYgRiBGIIYgRiCGIEgQSBBIIEggSCAIIEYgRiBGIEYgRiBGIEYgSCB
IIEggSCBIIEggSCBIIEggSCBIIEogSCBIIEggSCBIIEggSCBIIEggSCBKIEogSiB
KMIowSjCKMIowjDCKMIowijDMQIpAikCMQIxAzEDMQMwwzECKQIxAikDKQMpAykD
KQIpAikCKQMpAykDKMMowyjCKMIgwiDCIMIhAiECIMIgwiDCIMIgwiDCIMIgwiDC
IMIgwiDCGMIYwhjCIMIYwhjCGMIYwhiCGIIYghCCGIIYghiCGIIYghiBGEEQQRBB
IIEggSBBIIEggSCBIIEggSCBGIEYgRiBGIEYgSCBIIEggSCBIIEggSCBIIEgwSCB
IIEggSCBIIEggSCBIIEggCCBIIEggSCBIIEggSCBKIEggSCBIIEggSCBIIEYgSCB
IIEggSCBIMEowSjBKMEowSjCKMIowijCMQIwwijCKMIpAikCKQMpAikCMQIxAzED
MQMxAykDKQMowyjDKMIowijCKQIpAikDKQMpAyjCKMIowijCIMIgwiDCIMIgwiDC
IMIgwiDCIMIgwiDCIMIgwiDCGMIYwhjCGMEYgRiBGIIYghiCGIIQghiCGIEYgRiB
GIEYgRiBGEEYQRhBEEEQQSCBIIEggSCBIIEggSCBIIIggRiBGIEggSCBIIEggSCB
IIEggSCBIIEggSCBIIEggRiBIIEggSCBIIIggSCBIIEggSCBIEEggSCBIIEggSCB
IIAggSCBIIEggSDBIIEgwSDBIMEgwSCBKMIowijCKMIowijCKMIowijCKMIowijC
KMIowykDKQMpAykDKQMxAykDMQMxAykDKQMpAykCKQIpAijCKMIowijCKMIowyjD
KMMgwiDCIMIgwiDCIMIgwiDCIMIgwyDDIMMYwyDCIMIgwiDCIMIgwyDCIMIYghiB
GIIYghiCGIIYghiCGEEYghiBGIEYQRiBGIEQQRBBEEE=
END m9
frame    30 :  a closed book -0.12  an opened book -0.61   led   0/255 h0.00 lvl-0.37   -
frame    31 :  a closed book -0.06  an opened book -0.43   led   0/255 h0.00 lvl-0.24   -

snapshot  : frame 32, mean RGB 128 125 126
BEGIN m9 128 128 32768 43601ac4
YstaikHHQcdiy2LLWopKSGrLc0xzTXNMYwt7z4QQhBB7z3vPjFGMkoxRhBCMUZSS
nJKU0pSSjJKMUZzTpRSlFJzTnROlFKUUpRSc06UUrVSlFJzTnNOlVa1VrVWlFKUV
rVWtVaUUpRStVa1VrVWtVa0UpRStVa1VrValVaUVpVatlq2WpRWlFa1VrVatVqUV
pVWlVq1WpRSlFa1VrValFaUVrVWlVaVWpVWlFaUVpVWlFaUVnRWlFZ0VnRWlVZ1V
nRSVFJUUnRSU1IzTlNOVFJTTjJOMk4zTjNOMkoRRhJKMkoRRhFF8UYSShFGEUXQQ
dBB8EHwRdBBzz2tOa45rjmrMYotByEHHWstiy2LKSghiy3NMc41rTGNLe86MUIQQ
e897z4xRjJKMUYQQjFGUkpySlNKUkpSRjFGckqUUpRSc050UpRSlFKUUnNOlFK0U
pRSc05zTrVWtVaVVpRSlFa1VrVWlFaUUrVWtVq1WrVatFaUVrVatVq1WpVWlVa1V
rVatVqUVpRWtVa2WrValFaUVrVatVaUVpRWtVq1WpRWdFaVWpVatVqVVpVWdFZ1V
nRWdFZ0VnRWdFaUVpRWdFZ0UnRSdFJ0UnNSU05TUlNSM04zThJKU05TTjJOEkoST
jJKEUoRRfFGEUnxSfBF0EGvQdBB0EHQQc89bTWOOa45jC1rKSgdBxmKKastiilII
YstzTGtMaw1jDHvPhBGEUXvPe8+MUZSSjFGEEIxRlJKUkpzTlJKUkoxRlJKlFKUU
nNOdE6UUpRSlFJzTpRStFaUUnNOc06VVrVWtVaUUpRStVq1VpRSlFK0VrVWtVa1V
pVWlFa1WrVatVqVWpRWlVq1WtVWlFIyRjFGlVK1WpRWlFa1WrVatFaUVrVatVqVV
nRWlVq1WrVatVaVVnRSlVZ1VnRWdFZ0VnRWlFaUVpRWdFZTUnRSdFJzUlNOU05TU
jNOM04yTjNOM04yShFKMUoyShFJ8EXwQhFGEEXwRc9Bz0HPQc9Bzz2vOW0xjTWtO
astiy0nHScdiimLLYspKSGLKc01zTWtMawx7j4wRjFF7z3vPjFGUkoxRhBCMUZSS
lJKc05SSlJKMUZSSpRSlFJzTpRSlFKUUpRSc1KUUpVWlVZzTnNStVa1VrVWlFKVU
rVWtVaUVpRWtVq1WrVatVq0VpRStVbVWrValVaUVpVWtVa1Ve89KB1pJYoqlFK0V
pRWtVq1XpRWlFa1WrZalVZ0UpVWtVq1WrValVaUVpVWlFaUVnRWlFZ0VnRWlVZ0V
nRSVFJUUlRSVFIzTjNOVFJTTjJOMk4zTjJOMk4RShFKMkoRSfBF8EHxRhFF8UXPP
c89zz3PPc89rjlsMY01jTmLMWotKCEHHWstjC2LLUklaynNNa01rTWsMe4+MEIwQ
hA97z4yRlJKMUYQQjFGUkpzTnNOUk5RSjFGUkqUUpRSc06UUpRSlFaUUnNOk1KUV
pRWc1JzUrRWtVq1VpRStFK1VrVWlFKUUrVWtVa1VrVWtFaUUrVWtVq1VrVWlFaVV
rVWlVFqKUkhzTFJIg86lFaUVrVatlq1VpRWlVq1WpRalFa1WrVatVq1WpVWlFaUV
pRWlFaUVpRWlFaUVpRWdFZ0UnNSc1J0VnNSU05TTnNSU04yTjJOMk4yTjJKEUYRS
hFKEUnwQdBCEUYRQfFBzz3OPc89zz2vPa45TDFtNY05iy2LLSgdBx1qKYwtiy1JI
Ysp7THNMc0xjDHOOhBCMUXvPe8+MUZSSlJKEEIxRlJKUkpzTlJKUkoxRnNKlE6UU
nNOlE6UUpRSlFJzUpRStVa1VpRSk1K1WrVatVqUVpRStVbVVrRWlFK1VrVWtVa1V
rRWlFa1VrVatVq1WpRWlVaUUnNJSCFIIUghSCFpJnROlFK1VrZalVaUUrVWtVqVV
pRWtVa1VrVWtVaUVnRSlFaVVpRWlFaUVnRWlFqUVnRWdFJUUlRSdFJ0UlNOU05TT
lNOMkoySjJKMkoyShFGEUYxShFF8EHQQhFF8UXxQc89rz2vPa89rzmuOUwxbDFtM
Ysxiy0pIQcdaimrLastSSVqKc0xrjWtMYwxzjoQQjFGEEHvPjJGUkYxRhBCEEZSS
lJOc05zTlJKUkpSSpRSlFJzTpRSlFKUUpRSc06UUrVWtVaUUpRStVa1VrVWlFKUU
rVWtVqUVpRStVa2VrVWtVa1VpRStVa1WrVatVqVVpVWc04PPSgdSR1JHUkdSR4wO
pRStVbWWrVWlFK1WrVatVaUVrVWtVq1WrValFZ0VpRWlVZ0VnRSdFZ0UpRWlVZ0V
nRWdFJ0UnRSVFIzTjNOU1JTUjJOMkoySjJKEkoRRhFGEkoRRfBF0EIRRfFF8UXPP
a49zz2vPa89jjkrLWwxbDGLKYstKCEHHWoprC2MLUklay2tNc01rTWsMc46EEIxQ
hA97z5SRlJKUkoQQjFGUkpzTnNOc05SSjFGUkqUUpRSc05zTpRSlFKUUpROlFK1V
rVWlFKUUrVWtVa1VpRSlFK1VrVWlFaUUrVW1Vq1WrVWtFaUUrVWtla1VrVWlFKUV
lJJrDUpIUkhSSFJHUkdiypzTrVWtVqUVpRStVbWWrVWlFKVVrZatVq1WrValFa1V
pVWlFZ0VpRWlFaUVpVWlFZ0VlRSU1J0UlNOU05TTlNSU04yTjJKMkoyTjJKEUYRR
jJGEUXwQe9CEUYRRfBBrz2uPa49rj2uPY05Sy1MLW0xSilqLSkhBxlqJawpjClKI
WspzjXONa01rTHOOhBCMUYQQe8+MUZSSjFGEEIxRlJKc05zTnNKUkoxRlJKlFKUU
nNOc06UUpRSlFKUUpRStVa1VpRSlFK1VtZatVaUUpRStVa1VrVWlFK1VrVWtVa1V
pRSUkYyQlJClEqVUpRSlE4QQUkhKSFJIUkhSSFJHUkd7jKUTrVWlFIQOa0tjCmMK
e42c0q1VrVatVqVVpVWlVaVVnVSdFJ0VnRWlFaVVpRWdFJ0UnRSdFJUUlNOU05TT
jNOMkoySjJOMkoSShFGEUYyRhFF8EHwQfFF8UXxRa89jz2uPa49rj2NOUstay1sL
SghSiUpIQcdSiWsLawtSSFrKc01zTXNOa01zjoQRhBGEEHvPjFGUkoxShBCMUZSS
nNOc05zTlJKMUZSSpRSlFJzTnNOlFKUUpRSlFKUUrVWtVaUUpRStVbWWrVWlFKUU
rVWtVa1VpRStVbWWrVWUkWLKUkdSBlIGUgdqyYOMe4xrCXMLc0xjC1qIUkhSSFpI
YolqynMLYohSR1JHUkdKR0pGSkd7zKVVrZalVaUVpVWlVaUVpRWlFaUVpVWlVaVV
nRWVFJUUnRWc1JTUlJOU1JTTjJOMkoyTjJOEknxRfFGEkoRRfBB8EHxRfFF0EGvP
a45rjmuOa45jTUrLUwtbDEoIWklSSEHGWklrC2sLUolaiXNNc41zjWtNc46EEYxR
hBB7z4xRlJKMUoQQjFGUkpSSnNOUkpSSjFGUkqTUrRSc05zTpRSlFKUUpRSlFK1V
rVWlFKUUrVWtVa1VpRSlFK1VrVWtVaUUrVWtVYxQUkhSSFpIWkhiiVqJWol7jZyS
tZa918YYvdd7z2sMhBCc061VrValFZTUe9BjDGtNawxSiVJISgd7ja1VrVWlVa1W
rValVaUVpRWlFaVWpVWlVZ0UnRSdFJ0UnROU04zTlNSM04yTjFOMk4yTjFJ8UYRR
hJKEUXwQfBCEUXxRfBFrj2uOa45rjmuNa01SilLLWwxSR1pJUkhBxlKIawtrDFqJ
WolzTXNNc01rTHOOjFCMUYQQe8+MUZSSlJKMUYxRlJKU05zTnNOUkoxRlJKlFKUU
nNOc06UUpRSlFKUUpRStVa1VpRSlFK1VtZatVaUUpRStVa1VrVWlFK1VrRRaiFJH
WohrTIQQlJKc0q1Vvda9173Xvde9173XnNOtVb3Xvde9173Xvde9173XtdalVYyS
e89iy0pISkiU0qVVpVWtVa1VpVWlVaVVpRWlVaVVpVWdFJ0UnRSdFJUUlNSMk5TU
lNOU04ySlJOMk4xShBGEEoxShFJ8EXQQfFF8UXQRa89jjmOOY45jjWNNSotSy1ML
UkhaiVJJQgdSSGMLYwtSiVKJc4xzjXONa0xzjYwQjFGEEHvPlJKUkpSShBCMUZSS
nNOc05zTlJKMUZySpRSlFJzTnNOlFKUUrVWlFKUUrVWtVaUUpRStVbWWrVWtVaUV
rVWtVa1VpRSlFIxRUohSiHNMjBGc07VWtZa1lr3Xvde9173Xvde9173Xvde91r3W
vde9173Yvde9173Xvde9lpzTjFFaykpIe82tVaUVpVatVaVVpVSlVaVVpVWlVaVV
nRSdFJ0UnRSVFJTTjNOVFIzTjNKMkpTSjJOMUoRRhFGEUYRRfBB0EHxRfFF8EGuP
a49rjmuOY41jTUrKUspbC1IIWklaSEnGUkhrC2sLWolSiHONc41zTWtMc42MEIxR
hBB7z4xRlJKUkoQQjFGUkpzTnNOc05SSjFGUkqUUpRSc05zTpRSlFK1VpRSlFK1V
rVWlFKUUrVW1lq1VrVWlFK1VrVWtVaUUpRR7z1KKWoqc07VVvZa1lr2WvZa91r3X
xhe918YYvde9173XtZe9173Xvde9173Xvde9173XtZa117WWhBBCSWNNpVWlVa1V
rVWlFKUUpRWlVaVVpVWlVZ1UnRSdFJ0UnRSc1JTTnNSU1IzTjJKMk4yShJKEUYRR
hJJ8UXwQc9B8UXwRfBBrz2uOY45jjmOOW01KilLLUstKB1JJUklJx1JJawtrC1qJ
UohrjHOMc41rTGtNhBCMUYQQe8+UkpSSlJKEEIxRlJKUk5zTnNOUkoxRlJKlFKUU
nNOc06UUpRStVaUUpRStVa1VpRSlFK1VtZa1lq1VpRStVa1VpRSlFJzTe89SimMM
tZa1lrWWtZa1lr2Wvde9173Xvde+F73Xvda91rXWvde9174Xvde9173Xvde9173X
vde915zTSkl7z7XWtZa1lq1WpRWlFaVVpVWlVaVVpVWlVZ0VnRSdFZ0UnRSU050U
lNSU04ySlJKMk4yShFGEEYxShFF8EHwQhFF8UXwRa89rjmOOY45jjltNSopSy1rM
SgdSSFJIQcZSSGsLawtaiVJJc01zjXONa01rToQQjFGEEHvPlJGUkpSShBCMUZSS
nNKc0pzSlJKMUZSSpRSlFJzTnNOlFK1VrVWlFKUUrVWtVaUUpRStVa1VrVWtVaUU
rVWtVa1VrVWtVYxRUsljC7XWtda1lrWWtZa1lrWWvde9173Xvde917WWvde91r3W
vda9173Xvde9173Xvde917XWvdeUkkJJnNO1lrXXtde117XXrZatlqVWrValVaUV
pRWdFJ0UpRSc1JzTlNOc1JTTlNOMkozTjJOMkoRRhFGMUoRRfBB0D3xRfFF8EGuP
Y05jjmNOY41bTUqKUstSy0oHUklaSUnHUghrC2sLWslSiXONe41zjXNNc02MEIwR
hBB7z5SSlJKUkoQQjFGUkpzTnNOc0pSSlFGUkqUUpRSc05zTpRStVa1VpRSlFK1V
rVWlFKUUrVWtVa1VtZatVbWWtZa1lrWWtZalE3NNWoq1VL3WvZa1lrWWtZa1173X
vdjGGMYYxhe9173XtZa1lrWWvde9173XtZa9173Xvde9173XjFFSirWWtde117XX
tde117XWtZa1lrWWtZa1lq2WpZalVaVWnVWdFZzUlRSU1JTUjJOEk2xTbBJsEmwS
hFJ8UXwQc9B8UXxRdBBrzmOOY45jjmNOW01CikrLUwtKB1pIWkhJx0oIawtrC1qK
UolzTXONc41rjXNNjBCMUYwQe8+MUZSSlJKEEIxRlJKc05zTnNOUkpSSlJKlFKUU
nNOlE6UUrVWtVaUUpRStVa1VrVWlFK1VtZW1lrWWtZa1lr2WvZa91r3WtZWMUVrL
hBC1lq1WtZa1l73Xvde918YYxhjGGMYXvda9173Wvde9173Xvde9173Xvde9173X
vde914QQUoq9173Xvde917XXtde1lrWWrZa1lrWWtZa1la2WrZatlq2VpVWlVaVV
pVWdFZ0UfBFUEkwVTBREE1wTfFF0EHQQfFF8UXQQY45jTWNOY05jTmMNQkpKilLL
ScdaSVpKSchKCWsMawxiylKJa01rjnOOa01rTYQQjFGEEHvPjFGUkpSShBCMUJSR
nNKc0pzSnJKUkpSSpRSlFJzUpROlFK1UrVWtVKUUrVWtVa1VtZW1lrWWtZa1lrWW
vZa9l72WvZa9lr2WrRRjDHOOtVa1lrWWtZa9173Xvde918YYvde9173Xvde9173X
vde9173Xvde9173Xvde9173XtdeMUVLKtZa9lrWWtda117XXtda1lrWWtZa1lrWW
rZatlq2WrZatlaVVpVWlVKVUnVSdFJUUhNR0lGSUXFNcEnwQfBB0EHxRfBFz0GOO
Y01jTWNNYw1bDEJJSopSy0nHWklaSUoISghqzGsMYstSimtMc41zjXONa02EEIxR
hBB7z4xRlJKUkoQQjFGUkZzSnNOc0pySlJKUkqUUpRSc06TUrVWtVa1VrVWtVbWW
tZa1lrWWtda1lrWWtZa1lrWWtZa9lrWWtZa1la1Vc01rTbWWtZa1lrWWtValVaUU
rVW1lrWWvde9173Xvde917WWrVWtVbWWvde9173Xvde9173XpRNSiqUUtZa1lrWW
tZa1lrWWtZa1la2WrVatlq2WrZatlq2VrVWlVaVVpVSlFaUUnRSdFJTUjNOM04zT
hJN8EXwQdA98UXwRc9BrjmNNY05jTltNWwxCSUqKUstJx1JJUklKB0oHawtrC2LK
UkhrTHuNc41zTWtNhBCMEYQQe8+MUZSSlJKMEIxRlJKckpzSlJGUkZSSnJKlFKUU
pRStVK1VrVW1lbWVtZW1lbWVtZW1lbWVtZa1lq1VrVW1lrWWtZa1lrWXtZe1lnOO
c461lrWVrVWlFLWWtZa9173Xvde9173Xvde9173XtZa1lq1VrZW1lrWWrZa1lrWW
vde917XXYwx8ELWWtde117XWtZatlq2WrZallqUUpVWU05TTnROlFKVUpVSlVKVU
pRSdFJ0UlNSU1JTTjNOM0oSSfFJ0EXPQfBF8EXPQY45jTmNNY01bDVsMQklKilKL
ScdaSVpJSghKB2MLa0tiylKIa0xzjXONc41rTYwQjBCEEHuOjFGUkpSSjFGMUJxP
nA6TzZPNnE6c0qUTpVStVa1VrVWtVbVVtVW1lbWWtZa1lbVVrVStVa1VrVWtlrWW
tZa11rXWvda91r3WtZVrTHvOrVS1lK1VtZa1lrWWtZa1lq0UtZXF18XXxde91r3X
vde9173Xvde9173Xvde1lq1WrVWtVYxRWsulFbXXtde117XXtda11rWWtZWtlq2W
pVWdVZ0VnRSVFIRRjJKMkozSnRSVE5TTlNOU04yTjJKMk4SSfBBz0HwRdBBz0GNO
W01jTltNW01bDEKJSopSy0nHWklaSlIJUchqzHMMYstSSmsNc457jnOOa02EEIwR
jBB7z4xRlJKckowQi86DzpxQpJGlEqUTpVStVK1VrVWtVa1WrVa1Va1VrVWtFKUU
pRSlFK1VrVWtVbWVtZa1lr2WtZa9lr3WtZa1lZzTWsuMUa1VtVatVa1VtZa1lrWW
vde1lrWWxdfF18XXvde9172WtZatVbWWrVSlFLWWtda11q1VpVWlFGtNhBC1lrXX
tde117WWtZa1lrWWtZa1lq2WrZatlqVWpVWlVZ0UnNSU050TlNOEUYySlNOM04yT
jJOEknQQa9B8EHQQa9BjjltNW01bTVtNUwxCSUqKUstKB1qJWopSSUoIawxrDGsL
WolrTHuNe45zjmtNhBCMUYwQe86MUJSRlJGMUIQPlFGlE6UTrRSlVKVUrVStVK1V
rVWlVK1VnNOc06UUpRSlFK1VrVW1lb2WtZa1lrWWtZa1lrWWtZa1Va0VtVWEEGtM
rVWlFK1VtZa9lr2Wvde9172WtZa918XXxdfF18XWvde1173Xtde117XXrZatlrWW
rZa1lrWWtZalFKVVrVWtVbWVrZWtla2WrZatlq2WrZatlq2WrZallqWVpVWlVaVU
pRSdFJTUlNSU05TTjNOM04yShJJ8EXQQfBB0EHPQY45bTVtNW01bDFMMQklKiVKK
SgdailqJUkhKCGrMawxrC1qKc0x7jnuOe45zTYQQhFGMUXvPhBCUkYxRlJGUkZyS
pNOk060TrROtFKTTrVWlFKUUnNOlFKUUrVWtVa1VtVa1lrWWtZa1lrWWtVa1la1V
pRStVa1VrVW1lq1VlJKUkq1UrVW1lrVVrRWtVbWWtZa1lq1VtVbF18XXxde9173X
tdetVaVUtZatVbWWvde917WWtZatlrWWrVWtVbWWtZa1lq2WrValVaVVpVWlVaVV
pZWtla2VrZWtVaVVpVWlVaUUnRSdFJ0UlROM1IzThJOEk4RSdBFz0HQRc9Bz0GNO
Ww1bTVtMWw1bDEJJSopSi0oIWopai1qKSkljDGtMawxaimtNc45zjnOOa46EEIRR
jFF7z4QQjFGMUJSRlJGUkpzTpROlE60UrRR7z61VpRSlFK1UrVWtVbWVtVW1lbWW
tZW1lbWVtZW1Va1VrRSlFK1VtZa1lbWVrVWlFa1VtZa1lq1VpNStVbWWvde9173X
xdfF18XXxhfF18XXxde917WWrVWtVbWWtZatVbWWtZa1lrWWtZa1lq2WpVWtVaVV
nRStVa1VrZWtlq2WpVWdVaVWnNSc1KUVpRWlFaUUpRSdFJ0UlRSdFJUUlNSU04yT
jJOEknwRc890EHQQa89jTVsNW01bTVsNUsxCSUqKUstKSFrKYspailJJawxrTWtN
WstrTXuPe497jnNOjBCMEYxRfBCEEIxQYwuUkZSRnNKlE6UTpVSlFKUUpRStVa1V
rVWtVa1VtVW1VbWVtZW1Va1UrRStVa1VtZW1VbWWtVWtVa1VrVW1lrWWtZa1lq0U
tVW1VbVVtVW1Va1VtVWtVL3Wvda91sYXxdfF18XXvde9173Xtde9173Xvde9173X
vde1lrWWtZa1lrWWtZatlq1VrVWlFJzUnRStVqVVpVWtlq1WpVWlVaVVnRWU04yS
jJGU0oQQlNOU1JTUlNOMk4yShJJ8UWvPdBB0EGvPY41bDFtMW0xbDFsLQklKikqK
Ukliy2LLWspSSWsMc01zDFrLa01zj3vPe89zjoQQjFCMUXwPhBCEEGLLlJKUkpzT
pRSlFKVUrRWtVa1VrVWtVa1VrVWtVa0UrRStFKUTrVSlFKVUrVWtVaVUrVStVK1U
rVW1lrWWrVatVa1VrVWtVbVVrVStVK1UtVS1lr3XvdfGGL3XvdfF18XXxde91r3X
tda1lrWWtZa1lrWWtZatVa1VtZa9lrWWtZWtVa1VrVW1lrWWtZa1lq1VrValFKUU
pRSdFIySnRSlFKVUpVSlFZ0UnRSEkozTjNOM04zTjJOMkoRSfFFrz3QQdBBrz2NN
WwxbDFsMWwxTC0JISolKilqJawxrDGMLWoprDHNNc01jDHNNe857z3vPc46EEIxR
jBGDz4wQjBB7jpSSlJKc06UUpRSlFa0VrVWtVa1VrVSlFKUUtVWUkqTTrRWtVa1V
rVWlFKUUpRSlFLVWtVa1lrWWtVWtVa1VtVW1lq1WtVWlFK1UtZW9lr3Xvde1Vb2W
vde918XXxdfF18XXxda9173XvZe9173Xvde9173XtZa1lq1VrVWtVa1VtZa1lrWW
tZWtVbWWrVWlFK1VrZatlq2WpVadFJzUlNSc1JTUlNSU04yRlNOU05TTlNOM04yT
jJOEkoRRc890EHPQc89jTVsMWw1bDVrMUstCSEKJSopaimsMawxrDFrLa01zjnOO
YwxzjXvPe897z3uPjBCMUYxRhBCEEIPQjFGUkpSSnNOlFKUUpRStVK1UrVSlFKUU
nNKlFK1VtVWtFKUTpRSlFKUUrRStVbWWtVWtE6TStVS1VbWVtZa1lq1VpRSlFK1V
tVW1la1VrVW1lr3XrVW1lrWXtZa9lsXXxdfF18XXvde9l7WWrZa1lrWWtZa91rWW
tZa1lrWWtZatVa2VrVStVK1VrZatlq2WpVWtVa1WpRWlVaVVpValVaVVpVWlVZ0V
nRSEkoyTjJOMkoyTjJOMk4SThJJ8UnPQc9Bz0GuPY05bDFsNWwxSy1LLQghCSUpK
YstrDXNNc01jDHONe857z3NNe46L0IQQhBCEEIxRjFGMUYQQhBB8EHwRhFKUk5zT
pRSlFKVUpVStVK0UrRStFa0VrRWlFK1VnJKk1K0VtVW1Va1UrVWtVK0UpNOtVLWV
rVW1VbVVtVW1VbVVtVWtVKTTrVWtVbWWvdfF2MYYxhjGGMYYvdfF18XXxdfF173X
tZatVq2WtZa1lr3Xvde1lq1VrVWtVbWWtZa1lrWWrVWlFa1VpRSlFK1VrZatlq2W
pVWlVaVVnRSdFKUVnNSdFJTUlNSU1JUUlRSM1IzTjJOEkoRSfFFz0HPQa89rj2NN
UwxbDFMMUwxKy0IJQklKSWsNc457jnOOa01zjnvPe89zjnvPhBCEEIQQg8+MEZRS
lJKMUYxRfBBzz4RSjNOlFKUUpRSlFK1UpRSlE6UTpROlFKUUpRStVa0VrVSlFKUT
nNOk1K1VtZW1la1UrVSc0qUUrVW1lrWWtZatFKTTtVW1lr3Xvde9173XxdfF18XX
xdjOGMXYxdfF18XXvde9173Xvda91r2WtZW9lrWWvde9173Xtda1lrWWtZa1lq1V
rZWtlq2WpVWlVa1WpRWlVaVVpVWtVaVVpRWlVZ0VlRSM04yTjJOM05TTjJKM04yT
hJKEUoRSdBBzz2uPa49bTVMMUwxTDFMMSss6SUJJSkpzjXvOe857z3OOe897z4QQ
e898EIxRjFGMUYwQjFGMUZSSjFGEEHPQc8+EUZSTpROtVK1UrVStVaUUnNSlFKUU
rRWlFK1VrVSlE61UrVStVK1VrVWtVa0UpNSk1K1VrVW1VrVVrRWtFK0VtVW1lr2W
vZa9lr3WvdfF18YYxhjGGMYYxhjGGMXXxdfF173Xvde1l7WWtZalFKUUrVWtlbWW
tZatVbWWtZa1lrWWtZatVaUUpRSlFK1VrZatla2VpZWlVaVVpRSc06UUnRSdFJ0V
nRSVFJTUlNSU1JTUjNOMk4SShJKEUnwRc9Brj2uOW01TDFMMUsxSzEqLOghCSUqK
c457z3vPhBB7z4QQhBGMUYPQhBCMUYxRjFGEEIxRjFGUkoxRhBBzz3PPhFGUk6UU
rRStFK0UrRSlFKUUpROc06UUlJOlFKUVrVWtVbWVpNOc0qUUrVWtVa1VrVWlE6UT
rVStVLVVtZa1lr2WvZa9l72WvZe918XXxhfOGMYYxhjGGMYYxhjGF8XXxdfF172X
tZa1lr3Wvde9173Xvde917WWtZatVbWWrVWtVbWWtZa1lrWWrVWtVa1VrVWlVK1V
rVWtVaVVpVWlVZ0VnRWVFIyShFKEUXxQhJKMkoyTjJOMk4SSfFJ8UXPQa49jjltN
UwxTDFMLSstKyjoIQklCSnvPhBCEEYQRhBCEEIxQjFGEUIRQjFGMUZSSjFGUUZRS
lJKMUYQQa89z0IRSnJOlFK0UrRStFK0UpNOc05zTpRSlFa1UpROk06TTpNOtFKUU
rRS1Va1VpROlE5zSnNKtVLWVtZa1lrWWtZa9lr2WvZa91r3WxdfF18XXxhfGF8YX
xhjGGMYYxhjF18XXxde9l72XvZa1lrWWrVW9l73Xvde9173XtZa9173XtZatVaUU
rVWtVa1VrZatVq1WrVWtVa1VnRSdFJ0TnRSdVJ0UnRSVFJTUlNSMkoyTjJOM04yT
jJOEkoSSfFFz0GuPa05jDVsMUwxSzFLLUoo6CEIIQkl8D4QQhFCMUYQQhFCMUYyR
jBCMUZRSlJKUkoxSjJGMkpSSjFGEEGuOW0x8UJzSpROlE6UUrRStVK0UrRStE6TU
pRSk05zSpROtVLVVtVStFK0UpROckpzTtVW1lrWWtZa1lr2WvZa9lr2WvZa9lr2X
vde918XXxdfF18XXxhjGGMYYxhjGGMXXxdbF1sXXvZe9lq0VrVW1lrWWtZa9173X
vde9173Xvde9173XtZa1lrWWrVWlVKUUpRSlFK1VrVWlVaWVpVWdFZ0UnNSc1JTT
lNOU05TTlNOM05TTlNOM04ySjJKMknxRdBBrz2OOW01TDFMMWsxSi0qKOghCSUpK
e9CEEIwRjFGEEIQQjBGMUYwRjFGMUpSSlJKUUZRRlJGUkpSShBBzz4QRjJKUkqUT
rRSlFK0UrRSc05zTnNOlFKUUpRStFK0UpROtFKzTpRStFLVVtVW1VbWVvZW9lr2W
vZa9lrWWvZa9lr2WvZbFlr3WvdfF18XXxdfF18XYxdjF2MXXxhjGF8XXxdfF18XW
vda1lrXWvde9173Xvde9173Xvde9173Xvde1lrWWtZa1lrWVtZa1lq2WpValVaUU
lNOdFJ0TnRSdFKUUnRSdFJUVlRSU1IzThFGEUpTTlJOMk4xSjFKEEXPQa45jjltN
UsxSzFLMUotKikIIQklKSXvPhBCEEIxRhBCEEIxRlJKMUYxRjFGUkpSSjFGMUYxR
lJKMUYQQhBCUkpSSnJKlE60UrRStFKUUpRSlFKUUpROtE6UTlJKc1KUUrVStFK0U
rVS1lbWVtZW1lbWVtZW9lb2VvZa9lr2Wvda9lr2WvZe9lr2XvdfF18XXxhfOGMYY
xhjGGMYXxhfF18XXxdfF173Xvda1lrWWrVW1lrWWrVWtVZzTnNOtVbWWtZa1lrWW
tZa1lrWWtZa1lq1WrVatVq1VpVWdFJTTlNOMkoySlNOU05TTlNSU1JTUlNOU05ST
lJOMUoSSfFJ0EWOPY05bDVLLUstSy1LLSoo6CEIISkmD0IwQjBCUUYQQhBCMUZRR
jFGMUYxRlJKUkoxRjFGMUYxRjFGEEIxRnNOck5SSpRSlFKUUpRStFJzTlJKUUZyS
pRStFK0UrVStFJzTlJKk060UtVW1Vb1WvZa9lr2WtZa1lrWWtVWtVLWVvZW9lsWW
vdbF18XXxdfF18XXxhfGF8YXxhfGF8YXxdfF1sXXxZe9172WtZa11r3Xvde9173X
vde1lq2VrZWtVa0UpRStVa1VrVW1lrWWrZatVq1WrVWtVaVVpVWlVZ1VnVWdFZ0U
lNOMk4xSjJKMkoSRjJKMk4ySjJKMknxRdBFjj2OPW01SzErMUotKi0pKOgg6CEJJ
hBCEEIQQjFGEEIQQhBCMUYxRjBGMUZSRlJKMUYxRjFGMUYxRhBCMUZzTlJKUkqUT
pROlE6UTpRSk1KUUrRSlFKUUpROlE6UTpROc06UUrVW1VbWVtVW1lbWVtVW1VbVV
rRSL0KSSc029lr2WvZa9l8XXxdfF18XYxdfN2MXYxdjF173XxhfF18XXxdfF18WW
vZa1lrWWrVWtVa1VtVW1lbWVtZa1lrWWtZa1lq1VtZWtVZzTnNOlFKUUrVWtVa1V
rVWlVaVVpVWlVaVUpVWdFZ0VlRSdFJTTjNOEkozTjNKMkoyShJKEUXwRa49jTlsN
UsxSy1KLSopCSjoIOglCCXwQhBCMUYxShFCEEIQQjFGMUYxRjFGMUYxRjFGMUYxR
jFGMUYQQjFGck5ySnJKtE6UTpROlFK0UnNOck5zTlJKckqUTrRS1FbVVtVW1VbVV
vZW1lbVVtVW1VaTSnJFzS4vOasuckpQRvZa9lr2WvZa9l72XxdfF18XXzdfGF8YY
xhjGGMXYxdfF1r3Wxda9lr2VrRSk05ySpNOtFa1VrVWtVa1VrVWtVa1VrVWtVbWW
tZatVa1VrVWlFJzUpRSlFKUVpVWlVaVVpVWlVaVVnRWdFJ0UlNOU04zTjNOM0oyT
jJOMkoSShFJ8EWuPY05bDUrLSstKy0qKQok6BzoIQkl8EHvQhBGMUYQQhBCEUIxR
jFCEEIxRjFGUUYwRjFGMUYxRjFF7z3vPnNKckpySpROlE6UTpROtFJySnJOlFK0U
rRWtVa1VrVWtVbVVtVW1Va1UrVSlE4POe45aSYvPc02ckqTTtVW9lb2WvZa9lr2W
vZa9lr2VvZa9lr2WvZa9lr3Wvde918XXxdfF18XXvda9lrVVtZa1lrWWvde9173X
vde9173XtZa1lq1VrVWlFa1VpRSlFKUUpVWtVaUVpVWlFZzTnNOc05zTpRSdFJ0U
nRSVFJUUlNOU1JTUjJOUk4ySjJKMkoRRfBFrj2NOWw1SzFLMSstKikqKOghCCEIJ
hBCEEIRQjFGMEIQQjFGMUYxRhBCMUYxRjFGMUYwRjFGMUYxQe897jpySnJKckqTT
pRSlFKUTpROlFK0UrRStFa0VrVWtVK1VrVStVK0TnJCUD4ONjA5iynONe86c061U
tVW1Vb2VtZW1lbWVtVStFKTStVStFL2VvZa9lr3XvZe917VWrRS9VcXWxdbF1sWW
vZa1VbVVrVWtVa1VrVWtVaUUrVWtVK1VtZW1lrWWtZa1lq2VpVWU05TTnRSdFKVU
pVWlVaVVpVWdFJ0UlNOMk4ySlJKMkoxRlJKUk5STjJKMkoSShJKEUXwRa9BbTlMN
SsxKy0rKSolCiTnHOchCCXvPg8+MEIxRjBGEEIwRjFGMUYQQjFGUUYxRjFGEEIxR
jFGEUXvPc46ckpSSnNKlE6UUpRSlFKVUrRStFK0UrRStFK0UpNKUUIPNcwtqymsM
g8+MUJzTnJKtFK1VtVW1VbVWtZW1Va0TrRS1FK0VtVW1Vr2WvZbF18XXxdfF18XX
xdfF172WvZbF1sXWvda91bWWpROlE60UrVS1lrWWtZatVrVWrVatVbVVrVWtVaUU
rVWtVa1VrZWtVa1VpRSc05zUnNSc1J0UpRSlFaUVnRWc1JTTjJN8UYRShFGEUJSS
lJKMUoxShFJ8EXPQY05TDUrLSstCi0qKQkkxxzoIOgiEEIQQhBCMEYwQhBCMEIxR
jFGEEIxQjFGMUYxRjFGMUYxRjBB7znONnJKUkpTSpROlE6UUpRSlVKUTpRSk060U
rRRrDFJHYsprC2sMe46UUaTTtVW1VbVVtVW1VbVVrRStFK0UpJOk07VVvZW9lr2W
xda1VbVUtVW1Va0UtZW1Vb2WvdfF18XXxdfF1sXWvda1lbVVtZa1lrWWtZa1lrWW
rVW1lrWWtZa1lrWWrVatVa1VrVWtVaUVrVWtVa1VrVWlVaVVnRSdFKUUnRSdFJTT
lNOU05TTlNSM04zThJKMk4yTjJKMUoRSdBF0EVtOUwxKy0qKSopKikJJMcc6CDoI
hBB7z4QQhBCEEIQQhBCMUYxRhBCEEIxRjFGEEIQQjBCMEYvQe49zjpSSlJGc0qTT
pROlE6UUpROMT5yRg86k0q0TYstjDIxQlJKlFK1UrVWtVK1VrVS1VKzTpROckZyR
pNO1VbVVtZW1VbVVrVW1Vb3WtVW1lr2Wvda9lsXXvZa9lr2XvZe9lsXWxdbF1sXW
vZa1Va0VtZalFKUUrVWtFZzSpROlE61UrVWtVa1WtZa1lq1WrValVaVVpVWdFJ0T
pRSlFJ0TpRSlFKUVnRSU05TUjJOEUoyShFGEUYySjJKMkoSShJGEUXwQdBBbTlMM
SstKi0qLQopCSTHIOchCCYQQe8+EEIQQhBCDz4QQjBGMUYQQjFGMUYxRhBCEEIwQ
hBCD0HuOe46UkZSRnNKlE6UTpROlE6UTlFCDznuOpNOlFJzTpRSlFK0UrRStVa1V
rVStFK0UnJKckq0UrVStVLVVtVWtFK0UtVS1lbWWvZa9lr3XxdfF18XXvZa9lr3W
xdfF18XXxZfF1sXWxda9lrWVrRStVbWWtVW1lrWWtZa1lrWWtZa1lrWWrVWtVa1V
pRStVaVUpVStVa1VrVWlVaUVnRSMkoySlNOMk5TTnRSdFJ0UnNSU1JSTjFKMkpSS
jJKMkoxShFF8UXQQY45TDEqLSopKikqKQkk5xznHQgiEEIPQhBCMEYQQg8+EEIwQ
jFGEEIQQjFGMUYQQhBCEEIQQg897jnuOlFKUkZSSpNOk06UTpRSlE5SRpROtFKUU
rRStFK0UrRStFK0UpRSk05ySpNOtE60UtVS1FK0UrROtFLVVtVW9Vb2WvZa9lb2W
tVWtE7VUvZXF1qTTtRW1VLVVrRO1lcXWxdbF18XWvdW9lr2WtZa1VrWWtVWtVa1V
rVWtFa1VtVW1lrWWtZa1lrWWrVatVq1VpRSlFKUUpNOlFKUUpRWdFZ0VlNSMk4yS
hBGUk5STlNOUk4yTjJOMkoySjJKMUoRRfFF8EGOOUwxKikqKSopKSkJJMcc5yDnI
g9CD0IPQjBCEEIPPhBCMUYxRhBCMEIxRjFGMEYwQjBCDz4PPe417zpSRlJGc0qTT
pNOlE6UTpROlE6UUpRSlFK0UpRSlE50SnJGc0aTTpRStFbVUrRStFJySlJKlFK1U
tVW1Vb1VtRW9lbVUrVS9lb2VtZW9lr3XxdfF18XXxde91rWWtZW9lsWWxdbF1sWV
vZW1Va1UrRStFJzUpRSlFKVUnNOlFKUUrVWc061VpRStVa1VrVWtVa1VrVWlFaUV
nNOUk6TUnNOc1JzUnRSdFJUUlNSMk4yTjJOEk4RRhFKEk4yShJKEUXwRdBFrz1LM
SopKikqKQkpCCTGIOcg5yIPQe8+D0IwQhBB7z4QQhBCMUIQQhBCMUYxRjBGEEIQQ
e897z3ONe8+UUZSSlJKk06TTpNOlE6UTpRSlFKTTnJOc05ySnJOc06UTrRStFK0U
rROk06TSrRStFK1UtVS1VbVUtVStFK0UtVW9lr2WvZa9lrWWvZa9lr2Wvda9lsXX
xdfF18XXxZfF18XWxda9lrWVrVWtVbVVtZa1lrWWtZa1lrWWtZa1lrWWrVatVq1W
pRWlFKUUpRSdFKUUpRWlFaUVpRWlFZ0VnNSUk4yTjJOU05TTlNOU1IzTjNOMk4ST
jJKMkoRShFJ8EXPQa9BTDEqLSotKSkJKQkkxxznIOciD0HvPhBCEEIQQe8+D0IQQ
jBCEEIwQjBCMUYwRg9CMEHvPe89zjoxRlJKUUpySpNOk06TTpROlE6UTnNOc05zT
nNOlFK0UrRStE60TpNSk1KTUpRStFa1VrRSkkqTTrRStFLVVtVW1VbVVvVW1VLVU
rNOtE60UtVW1Vb2WvVa9lr2WvZa9lbVVvda91r3WvZa9lrWWtZa1lbVVtVW1lbVV
tVWtFLVVtVW1lrWWrVW1Vq1VrVatVa1VrVWlFKUUnROc050UpRSlFJ0UnRSdFJzU
lNOUk4xSjFKMkoRRfBCEUJSSjJKEUYRRhFF0EHQQUsxKikqLQopCSkIJMcg5hznI
e9B7z3wPhBCEEHvPhBCEEIQQe8+EEIwRjFGMEYQQhBB7z3vPe8+UkpSRlJGckqTS
pNOk06UUpROlE6UTpROlE5zSnNKtE6SSpNOtFK0UrRStFKTTpJKk0qTSpNOtFLVV
rVWtFK0UrRStFa0UrRS1VbVVvZa9lr2WxZfF18XXxdfF173XtZatFLVVxdbF1r2W
vZWtFKUUrRStFK1VtZa1lq1WrVWtVa1VtZalFJzTrVWlFKUUpRSlFKUUrVWtVaVV
pRSdFJ0UlNOM0pTTlNOdE5TTlNSU1IzUjJOMk3xRfFGMkoyShFKEUnwRdBB0EFMM
SotKi0JKOkk6CTGHMcc5x3vPe4970IQQhBB7z3vPhBCMEIPPg9CEEIwQhBCDz4PP
c45zjnvPlFGUkZRRnJKk06TTpNOk06TTnJOckqTTnNKckqTTrRStFK0UrRSk0qTS
nNGckqTTrRStFK0UrRStE6TSnJKtFLVVtVW1lb2WvZa9lr2WtVa1Vb2WxdbF172W
vZbF18XXvda91r2WvZa9lbWVrVW1lbVVtZa9lrWWtZa1lrWWtZatVbWWtZa1lq1W
rVWlFaUUpVSlFKUUnNOdFKUUpRSlVKUUnRSVFJTTlNOMkoySlNOMkoRSjJKEkoSS
jJKEkoRShFJ8UXQQc9BbDUKKSkpCSUIJOggxhzHHOcd7z3vPg9CEEIQQe8+Dz4QQ
hBCDz4PPjBCMEYQQe897z3OOc457z5RRlFGUUZyRpNKk0qTSrNOk05SRnNKk06UU
pRSlFK0UrROk0qTSnNKlFK0UrRS1FKzTnJKckaUTrRStFLVVtVS1VbVVtVWtFK0U
tVW1Va0VrRW1lrWXvZe1VrVVvde9lr2Wvda91r3VvZW9lb2WtZW1Va1VrVW1Va1U
rRS1Va0UpNOc060VrVWtVbVVrVWtVa1VrVWlVaUVnRSc05zTnNOU0pTTnRSdFJ0U
nRSVFJTUjJOEUnwRc9B8EYxShFKEUXxRfFF0EGvQY05KikqKQklCSToJMccxxzHH
e897j4PPg9CEEHvPe8+EEIwQg8+EEIQQhBCEEHvPe89zTnOOe8+UUZRRlFGckqST
pNOk0qTTpNOk06TTrROc05zSpROk06TTrNOtFK0UrROtE6TSpNKk06zTrRS1FLUU
rRO1VKzTrRO1FLUUtVW1Vr2WvZa9lr2WvZbFl8XXxdfFl8XXvZe1lr3Wxda9lr2W
vZa1lq1VrRWtVa1VrVWtVa1VrVWtVaUVpRStVa1VpRWlFaUUpRSlFJzTpRSlVKVV
pVWdFZ0UlNSU05TTlNOVE5TUlNSU1JTUjJSM1IyTjJKMkoSShFKEUXxRdBFr0GOO
QopCSkJJQgk6CDGHMYcxx3vPe457z4QPhBB7z3vPhBCMEHvPe8+EEIQQhBCDz4PP
c01zToPPlFGUUZRRnNKk0qTSpNKlE6TTlFGcUqTTpNOlE6UTpROlEqTSnNKUkZzS
pROtE60UrRSlE6zTnJKckZySrRStVbVVvVa9lr2WvZa1Va0UrRStVK0TtVS9lb2V
xZa9lr2WvZe91sWWxZa9lb2VvZW1lrVWtZa1lrWWtZatlrWWtZa1lrWWtZa1lrWW
rVatVq1WpRWdFJ0UnRSdE50TnNOdFJ0UnRSdFJ0UnNSU1JTUlNSM1IyUjJSMk4yT
jJKMkoRSfFF8EXQQa89jz0KKQopCSUIJOggphjGHMcd7z3vOe8+ED4QQe897z3vQ
hBB7z3vPg9CEEIQQe897znNNc017jpRRlFGMUZSSnNKc0pzTpNOk05ySpNOk06TS
pNKckZSQjA+c0pzSpNOs1K0UrRStFKTTnJKk06TTrRS1VbVVtVW1VLUUtRS1FK0U
pNOs1K0UtVW1VbVVtZW1lrVWrRStE7VVvZXF1r2WvZW1lbVVrRStFaUUrRStFa0V
pRSlFK1VrVWtVa1VrVWlFKUUpRSlFKUUpRSlFaVVpRWlFZ0UnNOUkoRRjJKc1IyS
lNOc05TUlNSU1IyTjJOMU4xShFKEUYRRfFF0EWvQa9BKy0JKQgo6CTnIMYcxhzGH
e49zj3vPfBCEEHvPe897z4QQe897z4QQhBCEEHvPc45rTWtNa02UUYxQjFGUkZzS
nNKk0qTSpNKckpzSnJGUUJSRnNKc0p0TpROlE5zSnJKc06TTrRSlFK0UrRStFK0U
rRSk07VVrRStFLVVvZW9lr2WvZe9l72XvZfF18XXxdfF172WtVa1VrVVxZa9lr2W
tVWtFJSSrVSlFK0UtVW1Va1VrVWtVa1WrVatVa1VpRSc05TTnNOlFIxSjJKc06UU
pRSlFKUUnNSU1JTTlNSEUoRSjJOEUYRSjFKMUoySjJKMkoSRhFGEUYRQfBBrz2vQ
Ssw6SkJJOgg6CCmGMYcxh3vPc897z4PPhBB7z3vPhBCEEHvPe897z4QQhBB7z3OO
awxrDFqKlFGMUIxQlJGc0pzSpNKk0pzSnJGk0pzSpNKlEqUTpNOckpySnNKUkZzS
pNOtFK0UpNOkkqTTpNOk0q0UrRS1VbVVvVW9lb2WvZa9lr3WxdbF1sXXxdfF173X
xde918XXxZfFl8WWvZa9lbWVrVW1VbWVtVa1lrWWtVWtVa2VrVWtVa1VrVWtVa1V
rVWtVaVVpVWdFJ0TnNSc1JzTlNOU04ySlNOU05TUlNSU1JTUjJOEkoRRhFJ8EYQR
fBGEUoRShFF8UXwRa89rz1MMQko6SToJOcgphzGHOYd7z3PPe897z3vPe89zz3vP
hBB7z3vPg8+D0IPQe497TmsMawxaioxRjBCMUJyRnJGc0aTSnNKk0qTSpNOk05yS
nFGckZyRlFCc0qTSpNOk06TTpNOk05ySpNOtE61UtVW1VbVVvVW9Vb2VvZW9lr2W
vZa9lr2WvZe9173Xvde9173Xvde9lr2WvZa9lr2WtZW1VbVVtVW1Va0UrVWlFJSS
nJKk06UUpRSlFKUUpRSlFKUUnNOUkqUUpRSlFKTUpRWlFZ0UnRSU1IyTjJKMkoRR
jJKMkoyTjJOMk4yTjJKMkoyShJKEUYRRfFF0EGuQY49bDUJKQgk6CDoIKYYphjGH
e897z3uOe8+ED3vPe8+Dz4PQe897z3vPfA97z3OOa01rDGsLc42EDoxQjFCckZyR
nJKc0pzSnNKUkYxRnJKUUpySpNOk06TTpNOkkpRRnJKk06TTrRStFK0UrRS1VbVV
tVW1VbVVtVW1Vb2VvZW9lr2WvZa9lr2WvZe9l72XvZe9l72WvZa9lr2WvZa9lb2V
tVSlE60UrRSlFK1VrVWtVa1WrZatVq1VrVWtVa1VrVWtVaUVlJOc1JzUlNOMUpTT
lNOUk50UnRSU1JTUlNSMk4yTjJOEUoRRhFKEUYRRjFKEUoRShFGEUXwRfBBrz2vP
Y05CSjpJOggxyDGHMYYxhnvPc457jnvPe897jnuPe8+ED3vPe897z3vPe897jnNN
YwxrDIxQjFCMEIwQnJGckZyRnJKc0pzSlJGckpzSnNKc0pySpJKUUZRRnJKckqTT
rRStFK0UrRStFK0UtRS1VLVVtVW1lbVVtVW1VbVVvVW1VbVVtVW9lr2WrRS1VbUV
tVW1VbWWvZa9lr2WvVW9VbVVrRStVa1VrVWtVa1VrVWtVa1VrVWtVaUUrVWtVa1V
pRStVa1VrVWtVaVVnRSdFJTTjJKU04zSlNOM0oyTjJKU04zTjNOM04yThFKEUnxS
hFKEkoRShFJ8UXQQa9Bjj2OPQko6CToIOggphimGMYZ7z3OOc457joPPe897jnuP
g9B7j3uPe897z3vPc45rTGMLYwuMUIwPjA+MEJyRnJGckZzRnNKc0pyRnJKUUYwQ
jBCMUZySnJKk06TTpNOk060UrRStFK0UrRWtFK1UtVW1VbUUtRSkk6SSrRStVLVV
tZWtVb2WvZe9l7UVtVa1Va0VrRStFLUVvVXFlb1VtVS1Va0UrRSlFKUUpRSlFKUU
pRWtFaUUnNKUkaUUpRSc05SSlJKc05zTpRSlVaUUpRSlFKUUnRSdFJzTlNSMk4yT
lJOEUoRShJKMk4ySjJKMkoyShFKEUoRRhFF8EWvQY49jjzpKOgk5yTnIMYcxhzGG
e457jnOOc857z3OOc457z3vPe89zjnuPe897jnOOa01iy2MLjFCMD4wPjA+UkZyR
nJGckZzSnJKUUZRRnFGckpzSnNKk0pyRnJKk06TTpNOk1K0UrRStFK0UrNSs06zT
rNOtFK0UrRS1Vb2WvZa9lr2WvZa9l72WvZa9lr2WvZa9lrWWtZa1VbVVvZW1VbVV
tVWUkqUTrRStFa1VrVWtVa1VtZa1lq1VrVWtVa1VpVWlFJ0VnRSc050UnRSc05zT
lJKc05TTlNOU05zTlNOU1JSUjJSMk4yThFJ8UnxSfFF8UYRRhFKEEYQRfBFz0GuP
a49Ki0IJOgg5yDGGMYYxhnOOc05zjXuOe897znOOc457z3OOc45zjnvPc49zjmMM
WotiyoPOjA+ED4wQlJGUkZSSnJKckpySnJKc0pzSnNKUkZSQlJCUkJyRpNKk0qzT
pROk06TSpNOk06TSrROtFK1UtVS1VbVVtVW1Vb1VtRS1FK0UtZW1VbVVtVW1Vq0V
tVa1VbVVtZa9lb2VvVW1VbVVrRStVa1VrVWtVbVVrVWtFa1VpVWtVa1VrVWtVaUU
rVWtVa1VrVWtVaVVpVWlFJzUnNSU04yShFKEUoySjJKMk4yTjJOMk4yTjJOEk4ST
hFKEkoRShFF8EXwQc9Brj2uPUsw6CTnIMccphimGKYZzjnOOa01zjnvPc45zjnOO
e897z3OOc457znuOc01rC1qKWohrS3vNjA+MD5SRlJGUkZySnJKUUYxQnJGUkJRR
jFGUUZySpNOk0qTSnJGckZySlFGckqTTpNOtFK0UrRS1FK0UrRO1FLVUtRS1FK0U
rRWtFLVVtVa1Vq1WtVa1VbVVrRStFLVVtVS9lb1UvVW1VK0TpNOk06TTpROlFKUU
nNSc05zTnNOUkqUUpRSlFKUUpRSlFKUUpRSlVZzTnRSdFJ0UnRSdFJ0UlNSUlIxT
jJOMUoRShFGEUoxSjJKEUoRShFKEUoRSfBF8EXQQa49rz1MMOgk6BznHKYYphimG
c45rTXOOc457z3uOc05zjnvPc89zjnOOc45zjmtNYsxiimKIYsmDzYwPjBCckZSR
nJGckZySjBCED5RRnJGckpySpNKckZyRnJGMD5RQnJKk06TTrROtFK0TpNKckaTS
rROtFK0TtVW1lb1VvZa9lr2WxZa9lr2WvZa9lrVWtZa1lrWWrVa1Va0VvVW1VbVV
rVSckpyTpNSlFKUUpRWtVa1VrVWtVa1VrVWtVa1VrVWlVaUUpRWdFJzTnRSMkpST
lJOUk4xSjFGMUpSTlNOU1IzUjNSMlIyThFKEU4yTa9Br0HxShFJ8UXxRfFB0EGvP
Y49bTjoJOcgxxymGKUYxhnOOc05zTXOOe89zjmuOc45zjnOOc45zjnvOc41rTWLL
UolaiHMKg82DzowPlFCUkZSRlJGc0ZyRnJGckYxQjA97jXNNg8+ckZyRnJKk06TT
pNOckqTTpNOc05zTnNOtFK0UtVW1VbVVtVW1Fa1UtRS1VbVVtVWtFLVUtVWtVK1V
rVWtVbVVtZW1lr2VtVW1VbVUrRStFK1UrVStVK0VrRStFK0VrVWtVa1VrVWtVa1V
rVWtVa0VpRWlFKUVpRWc1JzUlNSMk4RSfBGEUYRRjJKEkoRSjJKMk4yTjJOMk4RS
hFOEUoRShBJ8UXwRdBBrz2uPY446STIIMccphimGKYZzjnOOc41zjXvOc45rTXON
c45zjnNNc45zjmtOaw1iy1KKYwuMD4POg8+ED5RQlJGckpyRnJKckXvOWspSioQQ
hBCMUZySnJKc0pSQlFCUUJyRnJGk06zTrRStFK0UrRStFKTTnJKckqTTrNOk07UV
tVW1FbVWtVW1VbVVtVa1Va0VlJKc0qUUrVS1lbVUtVS1VK0TpROc0qUTnJKUUpSS
nNOc05zTnNOlE6UUnNSlFKUUnNOMUZzTlJKUkpzTlJKc05zUnNSc1JTUlNSU1IzU
jJOMk4RThFJ8EoRSfBF8UYRRhFGEkoRShFF8EXwQa89rj2OPOggxyDGHKUYpRilG
c45zjmtNc05zjnOOa01rTXOOc45rTXNNc01zTWsMYspSSWLLjBCDz4PPjA+UUJRR
lJGckZyRnJGUUIxQnJKckpySlJGUUJQQlFCDzpRRnJOk06TTrROs06zSnFGcUJxR
pNKk0qTTpNStFbVVtVW1lrWWtZa9lr2WvZa9lr2WvZa1lrVVtVWtVa1VvZW1VLVU
tVSk0pzSpNOlFKUTpRStVa1VrVWtVa1VrVWtVa1VrVWtVaUUnNSc1JSTlJKMUoQR
jFKMUpSTjJKMkoyTjJKMkpSTjJOMk4yThJOMk4RSfFJ8EnPQhFKEUnxRfBF0EWvP
Y89jz1tNQkoxhzFHMYYpRnOOc05rTXOOc45zjmtNa01zjnOOa01rTWtNa01jDFrL
UklrDIwQg8+Dz4wPlFCUUJSQlJCUkZSRlJGckZSQjE+UUIwPjFCUkZySnNKk0qTS
pNKk0pyRnJKk05ySpNOtFLVUtVW1VbVVtVW1VbVUtVS1VLVVtVWtVa1VtZW1VbUV
rRS1VLVVtZW1lb2VtVS1Va1UrRStFK0UrRStFK0UrRSlFKUUpRSlFKUUpRSlFKUU
pRStFaUVpRWdFaUVnRWdFJ0UnNSU1JSUjJOEUoRShFGMk4yTjJOMk4yTjJOMk4yT
hJOEkoRShFKEUXwRfBFrz2OPY5BbT0KLMYcxhzGGKYZzjWtNa01rTXOOc45rTWtN
c45zjmtNa01rTWtMYsxai1JJawyMEIPOe86ED5RQlFCUUZSRlJGMEIxQlFGMEIxQ
nJGc0ZzSnNKckpySlFGUEZxRpNKc0qUTrRStFK0UrRStFbUVrNOtE60TpNOk06UU
rVW1VbVVtVW1Vb1WtVWtFKTUrRSckqTTrRS1VbVVtVStVK0UnJKUkpSSlJKU05zT
lJKUUZSSlJKc05zTnNOlFJzUnNSc1KUUlJKUkpzTlNOU05TTlNOc1JTUlJSU1JST
jJOMk4yThJOMk4yTjJOEkoSThJKEUoRRhFF8UHwQa9BrkGuPY49KzDGHMYcxRylG
c01zTWsNa01zTXNOaw1rTXNOc05rTWtNaw1jDGLLWopSSFqKc02DzoPOjA+UkJRQ
lFGUUZSRjFCUkZyRnJGckpySnFGckpRRlFGUkpySpJKk06TTpNKs06TSpJKkkqTS
rRStVK0UtVS1VLVVtVW9lbVVvVa9lr2WvZa1lrWVtZa1lrVWtVWtFa0UtVWtFbVV
rVStFIwRlFKc05zUnRSlFKUUpRSlFKUVpRWlFK0VpRWlFaUVpRSlFJzTlNOU05TT
jFKMkoySlNOMkoySjJKMkozSjJOMk4yThJOEUoyThJKEkoSShFKEUoQSfBF8EWvQ
a49jz2OPUwwxhzGGKUYpRmtNa01rDWsNa01zTGsMawxrTXNNYwxjDGNMastaiVJJ
SghrDYPPe857zoQPjFCUkZSRlJGUkZSRlJGckZSRjBCMUJRRlJGUkpySnNKc0pyR
nJCckIwPlFCckqTTrNStFK0VrRStFK0UrRStFK0UtVW1FbVVtVW1Fa0UrRWtFK0U
tVW1VbVVtVW9lb1VtVS1Va1UrRSlFKUUrRStFK0UrRWtFa1VrVWtFaUUpRStVa0V
rVWlFaUUpRSlFKUUnRSdFJzUlNSU1JTUlJSMk4xSjFKMUoRRfBB8UYRRhFKEUoRS
hFOEU4RShFKEUnxRfBB0D2vQY9Bjj1tOMYgxhzGGKUVrTWtNaw1jDGtNa01rTWMM
a01rTWsMaw1rDGLLWspailqKc02Dz3vOe86ED4xQjFGUUZRRlFGED4xQjFCUkoxR
lJKUkpySnJKckpyRlFCMD5yRnJKck6TTpNOk06UTpNOk06TSpROc05RRnNKk06UU
rROtFa0VrRWlFK0UpNOk060UrRSk05ySrVS1VbUUtVStFK0TpNOk05zTnNOc05zT
nNOlFKUUpRSc05SSlJKUkpzTjFGMUpSSnJOUk5SSlJOUkpSTlNOU05TTlNOU05TT
jNOMk4SThJOEU4RSfBF8EnxRfBF8EYRShFJ8UXwRdBBr0GOPY49bTjGIKYcpRylG
awxrTXNNc01rDGsMa0xrTWtNa01rDGMMYwxay1KKUolSSXuNg86DjYPOjA+UUIxQ
lJGUUZRRjFCUkZSRlJGUkZSRjFCMUJSRlFGUkZySnJKckpzSpJKk05ySlJGUUZRR
nJKk06UUpRSk06UUrRW1VbVVtVW1VbVWtZa1lq2WtZa1lrVVrVWtFK0UtVS1VLVU
rVSckpzTnNOc06UUpRSlVaUUpRSlFKUUpRSlFJzUnNSc1JzUlNOUk5TTjJKMUoxS
jFKMUoxSe9BjDYxShBGEEYxSjJOMk4yThFOMk4SThJOEU3xSfFJ8UoRRfFF8EHQQ
a9Bj0GOQY08yCimHKUcpRmMMYwxrTWtNawxrDGtMa0xrTWtNYwxjDGMLWopaSlpJ
Ukl7joPPe857zoQPjFCMUJRQlFCUUZRRlFGUUYwQjBCUUJRQlFGckZyRnJKckpSR
lJKUkpRRnJKckpySnJKkk60UrRStFa1VrVWtVbVVtVW1VbVVtVa1VrWWtZa1lrWW
tZa1VrVWtVa1VbVVtRS1FK0UpRSlFKUUpRSlFKUUpRSlFKUUpRSlFKUUpRSlFKUU
pRSlFJ0UnRSdFJ0UnRSdFJ0UnNOU1JTThFKMk3xRfBF8UYRShFKEUnwRfFGEUYRS
hFKEUnxSfFJ8UnwRfBF0EWvQY5Bjz1uPOkoxhymGKUZjDGMMa01rTWMMYwxrTWtN
a01rTGMLYstiy1qJUklSSVJJe457jnuOe42MD4xQjFCMUJRRlFGDz4wQjBCMUYxR
lFKUUpRRnFKckoxQlFCMEJRRnJKck5yTpNSk1KTUpNSlFK0UrRStFK0VrVW1VbVV
tVW1VbVVtZa1lrWWtZa1lrWWtZa1lrWVtVW1Va0UrRStFK0UpNOc05zTnNOckpyS
pRSk1JzTnNOc05zTnNOlFJzTlJKMkpSSlNKc05TTlNOU05STlJOU05TUlNSM04zT
jJOMk4SThFN8UoRSfBJ8UnQRdBF8UYRShFJ8EXQRdBFr0GOPY89bjkKKKYcpRilF
YwxjDGtMawxrDGMMYwxjDGMMYwxjDFrLWstSilJJUkhKSGLKcwx7jXONhA+MUIxQ
jFCMUIxQjBCUUZRRlFGMUIwPjA+MEIxQlFGMUZRSnJKckpySnNOc06TTpNOk06zU
rRStFK1VtVW1VbVVtVW1VbVVtVW1VbVWtVa1VrVWtVa1VrVWtVa1VrVVtVWtFK0U
rRSck5zTnNOc1KUUpRSc06UUpRSlFKUUpRSlFKUUpRWlFZzUnNSc1JzUnNSUk5TT
jJKEEYRSjJOEUoyThFKMUoySjFKMkoyTjJOEU4RThFOEU3xSfFKEUnxRfBF0EXQR
a9Bj0GPQW45LDDGHMYcpRmMLYwxrDGsMawxiy2MMYwxjDGMLWwtay1rLUklSCVJI
Ukh7znvNe41zjYQOjE+ET4xQjFCUUIxQjFCUUXuPc457z4wRlFGUUZSSlJGU0pyS
nJKck6TTpNOk06UTrRStFK0UrRStVK0UrRStFK1VrVWtFLVVtVWtVa1VrVWtVa1V
rVWtVa1VrVW1lbVVtRStFK0UpNSlFKUUpRSlFKUUpRSlFKUUpRSlFKUUpRSlFKUU
pRSlFKUUpRSlFKUUnRSdFJ0UnRSU05TUlNSMk4RShFJ8UXwRdBB8EWuPfBB8EHwR
fFF8UnxSfFJ8UnxSfFF0EWvQY89j0FuPU00xhylGKUZbC2LLYwxrDGMMWstjDGMM
YwxjDGLLWopailJJSghSSFIIe857jnuNc42EDowPjE+MUIxQjFB7joQPjFCEEIxQ
lFGUUZRRlFGUkZSSnJKckpySnNKk0qTTpROk06TTpNOk06TTpNOck6UTpROc05yS
nJGk06TTpNOtFK0UrROk06TTpNOtFKzTrRS1VK0UrRStFKTTnNOk05zTnNKc0pTS
lNKc05zTnNOc05zTnNOc05SSlNOUk5SSlNOUk4ySlJOU05TTlJOU05TTlNOU05TT
jNOMk4yThFN8EnwSdBF8EXQQc9B0EHwRfFJ8EnwRdBFsEWPQY9Bjj1tOMYgxRilF
Ysxay2MMYwxjC1rKYwxjDGMMYwxay1qLWopSSUoISghKSXvPc41zjXONg8+ED4wQ
jBCMUIxQjFCMUIxQjFCMUJRQlFGUUZRSlJKckpyRnJGckpySnJKckpySnJKckpyS
lJGc0pySlFGk06UUpRSlFKUUrVWtFa0UrRS1VbUVrVSlFK0UrRWs1KTTtRStFK0T
rROUkZSRnNKc05SSlJKUkpzTnNOlFKUUpRSdFJ0UnNSU05zUnNSc05TTjJKEUYyS
jJKMUoRRhFKMk5STjJOMk4ySjJOMk4yTjJOMk4SThJKEUoRShFKEUoRSfFJ8UXwR
dBFr0GvQY49bTjHJKUYpRlrLWstjDGMMYwxay1sMYwxjDGMMWstailKKSklKCEoJ
Ukl7jnuNc01zjYQPjA+MEIwQjBCMUIwPg86ED4QPhA+MUJRRlFGUUZSRlJGUkZRR
lJGUUIQPe86UkZSRlJKc0qTTpNSk06UUrRStFK0UrRWtFa1VrVWtVa1VrVWtVa1V
rVWtVa1VrVWtVa1VrRStFK0UpNOc06UTpRSlFKUUrRSlFKUUpRSlFKUUpRSlFKUV
pRSlFKUUpNSlFJ0UnROdFJUUlNSU04yTjJKM04yTjJOMk4yTjJOMk4SThJKEkoRS
hFKEUoRShFJ8UnxSfFF0UXQRa9Bj0GOQW086CjFHKUZbC1rKYwtiy2LLWopiy1rM
Wsxiy1qLUkpSSkoJSchJyFpKg457TXONc42ED4QPhA+MD4wQjBCDz3NNg8+MD4wQ
lFCUUZRRlFGUEYwQjBB7zpRQjFCMUZSRnNKk0qTTpNOs06TTpNOk05zSpNOk05yS
pNOtE5zSnNOc06UUpRSUUaSTpNSk1K0UrRStVa0UrRStE6UTpNOk06TTpRSlFKUU
pRSlFKUUpRSlFKUUpRSlFJ0UpRSlFKUUpRSdFJ0UnRSdFJTUlNOU05TTlNOU05TT
jNOMk4yTjJOMk4SShJOEUoRSfFJ8UnxRfFJ8EXRRfFF0EWvQY5Bj0FtPOosphylH
YstaymLLYstizFqLWstay1rLWstSikpJSklKCEnIQghKSFrKcwxzTXONg8+ED4wP
hA+MEIwQjBCMEIwQjBCUEIwQlFCUEIPPhA+ED4xQjFGUkZSSlJKckpySnFGcUYwQ
jA+UUJyRlFGUkZSSnJKUUqTUrRStFKUTrRStVa0UnNOc06UUpROk06TTrNOtE60T
rROk06TTpNOk06TTnNOc05zTpRSlFKUUpRSlFKUVpRSlFKUUnRSdFJ0UlRSU1JTU
lNSU1JTUlNSM1IzTlNSM1IyTjJOEU4yTjJOEk4SThFKEUoRShFJ8UnxSfFJ8UnwR
dBFr0GOQY9BbT0KMKYcpRlqLWopaylrLYstailqLWstay1KLUopKSUpJQghBx0IH
WolzjXNNc0xzTYPOhA6MD4wPjA+MD4wPe85zTHuNg86DjoxQjBCMUYxRjFGUUZRS
lFCUUJRQi857jZQPjA+MEIxQnJKc0p0TpROlFK0UrRStFK0UrRWtFa0VrRWtFa1V
rVWlVa1VrVWtVa0VrROtE6UTpNKk05zTnNOc05zTnROc05zUnNSdFJ0UnRSdFJ0U
nNSc1JzUlNSc1JzUnNSU1JTUlNSU1JTTlJOMk4yTjJOMk4STjJOEk4SThJOEUoRS
hFKEUnxSfBJ8UnxSdFJ0UXQRa9Bjz2PQY49LDSmHKYday1qLWstay1rLUopailqK
Wotai1JKUkpKCEoIQcZBxlqJc41rTGtMc02Dz4QPhA+ED4QPjBCMEHONc42ED4wQ
jFCMUIxQjFCMUIwQjBCED3vOjFCMUIxQlFGckpyTnJKk06TTpNOk1KTUpNSk05yS
nJKckqTSpNOk060UpRSk1KUUpRSlFa0UrRStFK0TrROlE5zTnNOc05yTnJKckpSS
lJKc05zTnNOc05zTnNOc05SSlNOU05zTlJKUk5zTlNOUk5STjJOMk4yTjJOMk4yS
jJOMk4RThJOEU4RSfFJ8UnxSfFJ8UnxSfFJ0UnxRfFF0EXQRY9Bj0FuPU00phylG
WopailrKWstay1KKWotailqKUopSSlJJSghCB0HHQcdainONa0xrS3NMe86DzoQP
jA+MD4QPhBCED4QQhBCEEIQPe41zjXNMhA+ED4xRjBGUUZSRnJGckZyRnJKckpyS
nFKckpySlJKMEJySlFGMUYxRlJKc06UTnJKc06TTrRSk06TUrRSk1KTUrRStE6zT
pNKc05zTlJKMUYxRjFGMUoxSlJOUk5RTlJKUk5STlJOUk5STlJOUk5STjFKUkpSS
hBCEEYQRhBGEEYQRhBJ8EXwRhFGEUoRShFKEUoRSfFJ8UnxSfFJ8UnxSfFJ8UXxR
dBBsEGPQY5BjkFtOMYgpR1KLUopSy1rLWstSilqLUopSilJKUkpKCUoIQcdBx0HH
WopzTWsLawxzTIPOg8+Dz4PPhA+ED4QPhA57znONc0x7jXNNe46MD4xRjFGMUYxR
lFGUUZRQlFCMEIPOjBCckpRSnNOc05zTlJOk1KUUpRStFKUUrVStVK0UrRStFK0U
rRStFa1VrRWtFK0UpROlE6UTnNOc05SSlJKU05SSnNOc05zTnNOc05zUnNSc1JzU
nNSc1JTUlNSU1JSUlJOUk4yTjJOEU4RSfFF8EXwRc9Bz0HwRfBF0EWvQdBF8EYRS
c9Bz0HxRfFF8UnxSfFF8UXRRdBBr0GPQY5BbTzIJKYdailJJUopailqKUopSilKK
UopSSlJJSghCCEHHOcY5xlrJc41rS2tLc0x7zYPOhA+ED4QPg857jXvOe857znvP
hBCEEIwQjBCMUIQOhA+ED4QPhBCMUIxRlJKUkZSRnNKk0qTTpNOk06TUpRSk1KUU
pRSlFKUUpRSlFKTUnNSk1KUUpRSlFKUUpRStFKUTpNKk0pzTnNOU05TTnNOc05zT
nNOc05zTlJKc05zTnNOc05zTlJKUkpSSlNOU05TTlNOU04zTjNOM04yTjJOEk4yT
hJOEUoRSfFJ8EnwSdBF0EWvQa490EXxSfFJ8UnxRfBF0EWwQa9Bjj2OQW086CimH
WopSSVqKWopailJJUklSilKKUklKSUIIQghBx0GHQYZSB1pJawtzDHNMe857zoPO
e86ED4QPg8+EEIQQhA+ED4QPe857zoQPjFCDz4PPjFCUUZRRlFGUUZSRlJGUkZSS
nJKckpyTnJKMEJRRnJKckpySlFCUUZyTnNOUkpRRnJKc0pySnJKckpySpNOtE6TT
pNOc0pzSlJKUkYxRhBB7z4QQlJKc05SSlJKMkoySjJKUkoRRfBB8EIyShFGMUoxS
jFKEUXwQfBB8UYRRhFGEUoRShFKEUoRThFJ8UnxSfFJ8UnxSfBJ8UnxSfFJ8UXRR
dBF0EGvRY5Bj0GOPOospR1JKUklSSlKKWopSSVJJUolSSVJJUglKCEHHOYY5hjmG
YopzTGsLawtzTIPNe86Dz4PPg8+DzoPOg897jXuOe85zjXvOg8+Dz4wQjBCMUIxQ
lFGUUYwQlBCMD4wPjA+UUIwQlFGUUZSShBCUUZySnNOc1JzTnNOc06UUpRSc05zU
pRSlFKTUnNSc05zTpROk06TTnNKU0pSSjFGMUYxRjFKMUpSTlNOU05STlNOU05TT
lNSM1IyTjJOMk4yTjJKMUoxShFJ8EXQQdBB8EGvPdBB0EHPPfBBz0HPQhFJz0GvQ
c9B0EHQRfFJ8UXRRdFF0UXQRbBFr0GPPY9Bbj0rMKYdSikpKUopSilKKSkpKSVJJ
SkhKSEoIQcdBx0GHOYY5hmLLa0xrC2sLc0x7znvOg86DzoPOc0xrCnuMe817zoQP
fA+EEIQQjBCMEIwQg86DzoPOawtzTHuNg8+MEJRRlFKUUZySnJOc05zTnNOk06TU
pNSlFK0UrRStFKUUpRSlFKUUpRSk1KUUpRSlFKTSpNKk0pzSlJKUkpSSlJKUkpSS
nNOc05zTnNOc050TnNOc05zUnNSc05zTlNOU05TTlNOUk4yTjJOEk4SThFOEk3xS
hFJ8UnxSfFJ0EXQSbBFr0GvQa9Br0HxRfFF0EXRRdBF0EXQRa9Fj0GPQW49TDTGH
UopKSUqJUopSilJKSklSSVJJSklCCUHIOcc5xjGGOYZiy2tMYwtjC2tMc41zjXvO
e857znNOc06Dz4POg8+DzoQPg857znvOg857jWsLe46L0HuOhBCUUZRRlJGUkpSS
lJKUkpySnJKk06TTpNOk060UpRSlFKUUpRSlFKVUpRSlFKUUpRSc06UUpRSlE6TT
nNKckpySlJKUkpSSlJKc05zTnNOc1JzTnNOdE5zTnNOc1JzTnNOc1JzUlNSU1JTT
jNOU04zTjNOMk4ySjJOMk4yTjJOEk4RTfFJ8UnxSfFJ8EXQRdBJ0EnQRdBF0EXQR
dBF0EWvRY9Fj0FuPU04ph1JKSklSSkpJSkpKSUpJSklKSUpJSghBx0HHOcY5hTmG
YstrDGLLYwtzS3ONe417jnvOg86DznvOe857joPPc01jDGLLc01zjnvPe8+EEIwQ
jFCUUZRRlFGUkZRRlFGUkZSSlNKUkpyTpNOk06TTpNOlFKUUpRSlFKUUpRSlFKUU
pRSlFKUUpRSk06UUpNOk05zSnJKUkpSSlJKUkpSSlJKUkpSTlJOU05TTlNOU05TT
lNOU05TTlNOU05TTlNOU04zTjNOMk4ySjJOMk4yTjJOMk4SThJOEkoSSfFKEUoRS
fFJ8UnxSfFJ8UXRRdBF0EXQQdBBz0GvQY9BjkFtPKclKSUpJSklSSVJJSglKCUpJ
SklKCEoIQghBxzmGMUU5hmLKawtiymMKc0xzjHONe817zXvOawtrDHNNYst7zmtN
c017j4PQhBCEEIQQhBCMEIxQlFGUUJRRlFGUUZRRlJKckZySnJKckpzTnNOk1KTU
pNSk06TUpRSlFKUUpRSlFKUUpRSlFKUUpRStFKTSnJKckpSSlJKUkpSSlJKUkpST
lNKUkpSTlJOU05TTnNSU05TTlNOU05TTjNOU05TTlNOMk4yTjJOMkoyTjJOMk4yT
jJOEUoRShFKEUoRShFJ8UnxRfFJ8UnxSfBF8EXQQdBF0EXPQdBFr0GPQY9BbjzIK
UkhKCEpIUkhSSFIIUkhSCFIISghKB0HHQYc5hjGFOYVKB1JIYspjCmtMe417jXuN
e457jmtMa01zjnOPe897z3vPg8+ED4QPhA+ED4wQjBCMEYxQjFCMUJRRlFGUUZRR
lFKUkpySnJKckpzSnNOc05zTnNOk06TUpNSlFKUUpRSlFKUUpRSk1KTUpNSk06ST
nJKUkYxRjFGMUYxRjFGMUYxRlJKUkpSSlJKUkpSSlJKUkpSSlJKUk5STjJOMk4yT
jJKMkoySjJKEUoRShFKEUoRShFKEUoRSfFJ8UnxSfFF8UnxRdBF0UXRRdBF0EXQR
c9FsEWwRZBFj0WPRW486i1JJSghKCEpJSklKSUoISghKCEnIQcdBxznGOYUxRTmG
Ystiy2LKYspzTHONc417jXvOe417jYONe457jnvOe86Dz4PPg8+ED4QPhA+ED4wP
jBCMEIwQjBCMUYxRjFGUUZRSlFKUkpySnJKck5zTnNOc1JzTnNOk06TTpRSlFKUU
pRSlFKUUpRSlFKTUpNOc0pySlJGMUYxShBCEEJSRhBCEEIxQhBCEEIQQjFGEEIxR
jFGMUYxRjJKUkoxRjJKMkoRSjJKMUoSSjJKEkoRSfFF8UXxSfFJ8UnxSfFF8UXxR
dBF0EXQRdBF0EnQRdBF0EXQRc9B0EWvQY9Bj0FuPQoxKSUIJQglCSUpJSglKCEoI
QghCBznHOccxhzGGKUUxhmLKYspayVqJawtzTHONc41zjXONc41zjnuOe857znvO
e86DzoPOhA+ED4QPhA+MD4wPjBCMEIwQjBCMEIxQjFGUUZSSlJKUkpSSnJKck5zT
nNOc05zTpNOk06TTpRSlFKUUpRSlFKUUpRSlE5zTlNKckpRRjBCUUYQPhBCMkYRR
hFGEUYxSjFKMkpSTjJOEUoxSjFKEUoRSjNOMk4yTjJOEUoySjJKEUoSSfFJ8UXPQ
a9B0EGvQa9B0EXQRfBF8UnxRfFF0UXQRdBF0EXQRdBB0EGwQbBBsEGPQY9Bbj0sM
SklCCEIISghKCUIIQghCCEIIQgg5xznHOYYxRjFFOYZiy2LKWspaiWsLc0xzTHOM
c41zjXONc417jXvOg857z3vOe858DnwPfA+ED4QPhBCEEIQQhBCMEIwQlFCUUJRR
lJGUUZSSnJKckpySnJKc05zTnNOc05zTnNOc05zTpRSlFKUUnNSc1JzUnNOc0pSS
lJKUkZRRlFGMUYxRlJGUkpSTlJOUk5STlJOUk5TTlNOU05TTlNOU05TTlNOU04zT
jNOMkoyTjJOMk4xTjJOEUoRShFKEEnxSfFJ8UnQRfFJ8UXxRdFF0UXQRdBF0EXQR
dBFz0WwQa9Br0GPQY49TTkoJQchCCEIIQghCCEIHQcdBxznHOcc5xjGGMYUpRTGG
YstailqJWolrC2tMa0xrTHONc41zjXONc41zjnOOe457znvOe857z3vPg8+Dz4QP
hBCEEIwQjBCMEIwQjBCUUZRRlFGUkZSSlJKUkpySnJOck5zTnNOc06TTnNOk06TT
pNOc05zTnNOc05zTnJKUkpSSlJGUUYxRjFGMUYxRlJKUkpSSlJKUk5STlJOUk5ST
lNOU04zTlNOU05TTlNOUk4yTjJOMk4yTjJOMk4yTjJKEkoSShFJ8UnxSfFJ8UnwS
fFJ8UnRSdFJ0UXQRdBF0EXQRdBFsEWwQY9Bj0GPQY49CCEIIQchCCEHIQcdBx0IH
OcY5xjmGOYYxRTFFMUU5hWLKWolaiVqJawtrTGtMc41zjHONc41zjXONe45zjnuO
e857znvOe857z3vPg8+ED4QPhA+EEIQQjBCMEIwQjFCMUYyRlJGUkpSSlNKU0pyS
nNOc05zTnNOc05zTnNOc05zTnNOc05zTnNOc05SSlJGUkZSRjFGMUYxRjFGMUYxR
jJKUkpSSlJKUkpSSlJOUk5TTlNOU05TTlNOU05TTjJOMk4yTjJOMk4yTjJOMkoSS
hJKEknxShFJ8UnxSfFJ8UnxSfFJ8UXRRdBF0EWwRbBFsEWwRbBFsEGPQY89j0FuP
ScdBx0GHQcdBxznHOYY5xjnGOYY5hjmGMUUpRDFEOURJxlJHWohaiWsLa0xrTGtM
c4xzjHOMc41zjXONe457jnuOe457zoPOe86DzoPPhA+ED4QPhA+EEIQQjBCMEYxQ
lFGUUZRRlJKUkpSSlJKckpySnNOc05zTnNOc05zTnNOc05zTnNOU05zTnNOckpRS
lFGMUYxRhBGMUYxRjFGMUYxRjFKMkoySjJKU0pSSlJOUk5STlNOU05STjJOMk4yT
jJOEk4yTjJOMk4yThJOEkoSShJKEUoRRhFJ8UnxSfFJ8UnxSdFF0UXQRdBF0EXQR
bBFsEWwQa9Br0GuQa9BjkDnHOcc5xkHGQcY5xjmGQYY5hjmFOYUxhDFEMUQpBDmG
YopaiVqJWolrC2sLa0xrTGtNc0xzTXuNe417jXuNe417jXuOg46DzoPOg86DzoPP
g8+ED4QPhA+EEIwQjBCMUIxQjFGMUZSRlJGUkpSSlJOck5yTnNOc05zTnNOc05zT
nNOc05zTnNOc05zTlJKMkYxRjFGMEYxQjFGMUYxRjJGMUZRRlJKUkpSSlJKUk5SS
lJOUk5STlJOMk4yTjJOMk4STjJOMk4yTjJOEk4SThJKEUoRShFGEUoRSfFJ8UnxS
fFJ8UnxRdFF0EXQRdBF0EXQRbBBsEGwQY9Bj0GPQW49BhjmGOYZBh0GHQYZBhjmG
OYY5hjGFMUQxRCkEKQQ5hmLKWolaiFqJawtrC3NLa0tzS3NMc01zjXONc417jXuN
e417jXuOe457znvPe897z4PPhA+ED4wPjA+MEIxQjFCMUJRRjFGUkpSSlJKUkpSS
lJKUkpSSnNOc05zTnNOc05zTnNOc05zTlJOUkpSRlFGMUIxQjFCEEIwQjFGMUYxR
jFGMUYxRjJGMkoySlJKUkpSSlJOUk4yTjJOMk4yTjJOMU4yTjJOMk4yShJKEUoRS
hFKEUoRShFKEUnxSfFF0UXRRdFF8EXQRdBF0EXQRdBFsEGwQbBBr0GvQY9Bj0GOQ
OYY5hjmGOYdBhjmGOYY5RjlFOUUxRTFEKUQxQykDQcZayVKJUolSiWMLa0trS2tL
a0tzTGtMc01zjXONc41zjXONc417jXuOe857znvOe857zoPPhA+EEIQQhFCEEIwQ
jFCMUYxRjFGUUZSRlJGUkpSSlJKUkpySnJOck5zTnNOc05zTlJKUkpSSlJKUkYxQ
jFCEUIQQhBCEEYQQhBGEUYxRjJGMUYySjJKMkoySjJKMkoySjJOMk4ySjJOMk4yT
jJOMk4yShJKEUoRShFKEUoRShFJ8UoRSfBJ8UnxRfFF8UXwRdBF0EWwQbBF0EXQR
bBBsEGvQa9Brz2OQY9Bj0DFFMUUxRTFGOYY5hTFEMUQxRDFEKUQpRSkFIQQpBEHH
WspSiVKJUoljC2sLa0trS2tMa0xrjWuNc45zjXONc417jXONc41zjXvNe857znvP
g8+Dz4PPhA+ED4QPhBCEEIQQjFGMUYxRjFGUUZSRlJKUkpSTlJKUk5STlJOUk5ST
lJOUkpSSlJKUkpSSlFGMUIxQhA+ED4QPhBCEEIQQhBCMUYxRjFGMUYxRjFKMkoyS
jJKMkoySjJKMkoyTjJKMkoySjJKMkoSShJKEUoRRhFKEUoRShFKEUnxSfFJ8UnxR
fFF8UXQRdBF0EXQRbBFsEGwQbBBj0GPQY9BjkGOQY9ApBCkEKQMpBCkEKQQpBCkD
KQMowyjDKMMogiCCIMJBxlqJUkhSSVqJawtrCmsKa0trS2tMa0xzTHNNc41zjXON
c41zjXONc417jnuOe46Dz4PPg8+Dz4PPg8+ED4QPhBCEEIwQjFCUUYxRlFGUUpRS
lJKUkpSSlJKUkpSSlJKUkpSSlJKMUpSSlJGUkYxRhBB8D4QPfA970HvPhBCEEIQQ
hBCEUIxRjFGMUYxRjFKMkoySjJKMkoySjJKMkoySjJKMkoxShJKEUoRShFKEUoRS
hFKEUoRSfFJ8UnxSdFF8EXxRfBF0EXQRdBF0EWwRbBBsEGvQa9Br0GvQY9BbkGOP
IIIggiCCIIIgghiBIIEggSCBIIEggSCBGIEYgRiBMURBx0oIUklSiWMKYwprCmtK
awprS2tLa0xrTHNMc0xzTHONe417jXONe817znuOe857znvPe8+Dz4PPhA+ED4RP
hA+EUIxQjFCMUYxRjFGMUZSSlJKUkpSSlJKUkpSSlJKMUZSSlJKUkpSSjFGEEHvO
e81zznvOe898D3vPhBCEEIQQhBCEUYRRjFKMUYxSjFKMUoySjJKMkoySjJKMkYxS
hFKEUoRRhFKEUoRSfFGEUXxRfFF8UnxSdFJ8UnxRfFF0EXQRbBF0EXQRc9FsEWwQ
a9Br0GvQa9Bj0GPQW89bjyCBIIEggSCBIIEggSCBIIEggSCBIIIggiBBIEEgQkHG
WklSSFJIWohjCmNKYwpjS2NLa0trS2tMa0xrTGtMa0xzTXONc417jXONc41zjnuO
e897z3vPe897z4PPhA+ED4QQhBCEUIxQjFGMUYxRjFGMUZSSlJKUkpSSlJKUkpSS
lJKUkpSSjFKMUYQQhA9zjXONc41zznvOe858D4QQhBCEEIRQhFCMUYxRjFGMUYxR
jJGMkYySjJKEkoSShFKEUoRShFKEUoRShFKEUoRShFKEUnxSfFJ0UnxSdFF0UXQR
dBFsEXQQdBB0EGwQbBBr0GvQa9Br0GPQY89j0FvPQkoggSCBIIEggSCBIIEggSBB
IIEggSCBIIEYgRiBGIFCB1KJUkhSR1qIYspjCmMKYwprS2sLawtrTGtMa0xrTGtM
c0xzTHOMc4xzjXPNc417jXuOe897z3vPe898D3wPhBCEEIQQjBCEEIxRjFGMUYxR
jFGMUZSSlJKUkpSRlFCED3vNc4xrC2LKWolSB0GFKMIowikCKQMpAzEDMQMxAzED
MUQxQzFDMUMxQzFEOYQ5hTmFQcU5xEHFQcVBxUHFQcVKBkpHSkhKiFLJWspbC2ML
Y0tjTGtNc85zznwPfFB8UHxQdFB0UHQQbBBsEGvQY9Br0GvQY9BjkGPQY89CSBjC
GEIggSCBIIEggSCBIIEggSCBIIEggRiBGIEYgRjBQgdSiUpISkhSiVrKWspjCmMK
YwprCmtLa0trTGtLa0xrTGtMa01rjHOMc41zjXuNc45zjnuPe857zoPOe86Dz4PP
hBCMUIxQhFCED3uNc0tqymJIUgZJhTkDKIIogSBAGEAgQBhAGEEQQBBAEEAQQRBB
EEAQQBBBEEAIQRBBEEEQQRBBEEEQQRBAEEEQQRBBEEEQQRBBEEEQQRABEAEQARAB
EEEIQQhBCAEIAQgBCAEQARABEAEQARABEAEQARBBEEEYgiDDKQQxRTGGOcZCB0JI
SolSylLLWwxbTEIIGMIYgiCBIIEggSCCIIIggiCCIIIYghiCGIIYghiBGIIYgkoI
UklSCVIIWoliymLKYspjCmMKYwprCmsLa0trS2tMa0xrTGtMa0xrTHONc41zjXON
c457znvOe81zjHNLYslaiEoGOYUxAyiCGEEYQRBBGEEYQRBBEAEQARABEAEQARAB
EAEQARABEAEQARBBGIEgghiBGEEYQBhAGEEYQRhBEEEQQRBBEAEIARABEAEQARAB
EAEQARABEAEIAQgBCAEIAQgBCAEIAQgBCAEIAQgBCAEIAQgBCAEIAQgBCAEIAQgB
CAEIAAgBCAEIAQgBCAEIARABEAEQQRBBEIEYghiCGIIggSCCIIEggSCBIIEggSCB
GIEYgRiBGIEYgRiBIIJKCEpISghKSFqJWspiylrKWwpbCmMKYwprC2tLa0trS2tM
c0xrTGtMc01zTGtMawtiilpIScY5RDDDIIIYQRBBGEEQQBABEAEQARABEAEQARAB
EAEQARABEAEQARABEAEQARABEAEQARABEAAYQCCBKMIowiDCIIEYQBhAGEAYQBgA
GEAYQBBAEEAQARABEAEQARABEAEQARABEAEQARABEAEQARABCAEIAQgBCAEIAQgB
CAEIAQgBCAEIAQgBCAEIAQgBCAEIARBBEEEQQRBCGIEYghiCGIIYghiCGIIYghiC
GIEggSCBIIEggiCCIIIggiCBIIEYgSCBGIEYgRiCOUVBx0oIUghSSVqKWslayVsK
WspjCmMLYwpjC2MLYwtjC2MJWohSBkHFOUMpAiCBGEEYQBBAEAEQARABEAEIAQgB
CAEIAQgBCAEIAQgBEAEIAQgBCAEIAQgBCAEQARABEAEQARAAEEAYQBhAIIAogTEC
MQIwwSjBKIEggRiBGIEYQRhBEEEYQBBAEEAQQBBAEEAQQAhAEEAQQBBAEEAQQBBB
EEAQQBBBEAAQARABEAEIAQgBCAEIQQhACEAQQRBBEEEQQBBBGIEYgRiBGIIYghjD
GMIYwhjCGIIYghiCGIIYQiCBIIEggSCBIIIggSCCIIEggSCCIIIYghiCGIIgwkoH
SgdKB0oHUkhaiVqJWolayVrKYspaiVJISgdBxjlEKQMgwhiBEEEQQRABEAEQARAB
EAEIAQgBCAEIAQgBCAEIAQgBCAEIAQgBCAEIAQgBCAEIAQgBEAEQARABEAEQARAB
EAAQQBhAIEEgQiiCMMIxAzEDMMIowijCKMIogSCBIIEggRiBIIEYgRhAGEEQQBhA
GEEYQBhAGEAQQBBAEEAQQBBAEEAQQBBAEEAQQRBBEEEQQRBAGIEYgBiAGIEYgRiB
GIIYghiCGMIYwhjDGMMYwxjCGMIYwhiCGIIYghiCGIIggiCCIIIggiCCIIEggSCB
IMEggSCCGEEYgRiBIMJKB0oHSgdKB1JIUkhCBkHGOYUxRCkDIMIgghiBEEEQQRAB
EAEQARABCAEQARABEAEQAQgBCAEIAQgBCAEIAQgBCAEIAQgBCAEQARABEAEQARAB
EAEQARABEAAQARABEAAQABBAGEEYgSCBIMEowjECMQMxAzECMQIxAjDCKMIowijC
KIEggSCBIIEYgSCBIIEggSCBGIEYgBiAGEAYgBiBGIAYgBiAGIEYgSCBIIEggRiB
GMEYgRiBGIEYgRiBIIIggiCCIIIggiDCGMIYwhjCGMIgwhjCGIIYghCCGIIYghCB
GIEggSCBIIEggRiBIIEggSCBIIEggSCBIIEggCDCMUQxREHGOUUowyjDIIIggRhB
EEEQQRABEAEQARABCAEIAQgBCAEIAQgBCAEQAQgBCAEIAQgBCAEIAQgBCAEIARAB
EAEQARABEAEQARABEAEQARABEAAQABAAEEEYQBhAGEAYQCCAIIEggSDBKMIpAjED
MQMxAzEDKQIxAijBMMIowijCKMIowijCKMEgwSCBIMEgwSCBIIEggSCBIIEggSCA
IIEggSCBIIEggiCBIIEggSCCIMIgwiDCIMIgwhjCIMIYwRjCGMIgwiDCIMIYwiDC
GMIYwhiCGIIYghiCGIIYgSCBIIEggiCCIIIggiCCIIIggSCBIIEggiCBIIEggRiB
IIEggRhBGEEQQRBBEEEQQRABEAEQARABEAEQARABEAEQARABEAEQARABEAEQARAB
EAEQARABEAEQARABEAEQARABEAEQARABEEEQQBBAEEAQQBBAGEAYQBhAGEAYQBiA
IIAggSCBKMEowjDCMQMxAzEDMQMxAzEDMQIxAjECMQIpAikCKMIowijCKMIowijC
KMIowijBKMEgwiDCIMIYwiDBIMEgwSDBIMEYwiDCIMIgwiDCGMIgwiDCIMIgwiDC
IMIgwiDCIMIgwiDCIMIgwiDCIIIYghiCGIIYQhBBEEEYgRiCIIEggSCCIIIggSCB
IIEggSCBIIEggSCBIIEggRhBGEEYQRBBEEEQQRBBEEAQQBABEAAQARABEAEQARAB
EAEQABAAEAEQQRABEAEQARABEEEQQRBAEEAQABAAEAAQARABEEEQQRAAGAAYQRhB
GEEYQBhAGEAYQBhAIEAggSCBKMEowTECMQIxAjECMQIxAzEDMQMxAzDDMQIwwjEC
MMIowijCKMIowijCIMIogijCKMIowijCKMIowikDIMIgwiDCGMIgwiDCIMMgwiDC
IMIgwiDCIMIgwiDCIMIgwiDCIIIgwiDCIMIgwhiCGIIYgRiCGIIYghiCGIIQQRBB
IIEggSCBIIEggSCCIIEggSCBIIEggSCBIIEggSBBIIEggRhAEAAQARBBEEEQARAB
EEEQQBBAEEAIQBBAEEAYQBBAGEAQQBBAEEAQQBBAEEAQQBBAEEAQQRhBGAAYABgA
GAAYABgAGAAYQBhAGEAYQBhAGEAgQSBBIIEgwSCBIMEowSjBMMIwwjDCMQIxAjED
MQMxAzEDMQMxAzEDMQMxAykCKQIowijCKMIowijCKMIowijCKMIgwiDBIMIhAiEC
KQMowiDCIMIgwiDCIQIgwiDCIMIgwiDCIMIYwiDCIMIgwiDCIMIgwhjCGMIYwhiB
GIIYghiCGIIYgRiBGIEQgSCBIIEggSCBIIEggSCBIIEggSCBIIEggiCCIIEggSCB
GIEggRhBGEAYQBhAGEAYQBhAGEAYQBhAGEAQQBBAEEAQQBBAEEAYQBhAGEAYQBhA
GEAYQBhAGEAQQBBAEEAYQBhAGEAYQBhAGEAYQBhAIEAgQCCBIIEggSCBIIEogSiB
KMIowijCKMIpAzEDMQMxAzEDMQMxAzEDMQMxAzEDKMIowijCKMIpAijCKMIowijC
KMIpAiECIMIowijCKMIowijCKMIgwiDCIMIgwiDDIMMhAyDDIMIgghjCIMIgwiDC
IMMgwiDCIMIgwhjCGMIYghiCEIIYghhBGEEYQRhBEEEogSCBIIIggSCBIIEYgRiB
IIEggSCBIIEggSBBIIEggSCBIIEggCBBGEEYQRhBGEAYQBhAGEAYQBhAGEAYQBhA
GEAYQBhAGEAYQBhAGEAYQBhAGEAYQBhAGEAYQBhAGEAYQBhAGIAggCCAIIAggCCB
KIEogSCBIIEggSCBKMEowSjCKMIowijDMMIxAzECMQMxAzEDMQIxAjECMQMpAikC
KQIpAikCKQIpAikCKQMpAyEDKMIowijCKMIowijCKMIgwiDCIMIgwiDDIMIgwiDC
IMIgwiDCIMIgwiDCIMIgwiDCIMIYwiDCIIIggiCCGIIYghiBGIEYgRiBEIEQQBBA
IIEggSCBIIEggSCBIIEggSCBIIEggSCBIIEggSCBIIEggSBBIIEggSCBGIEYgRiB
GIEYQBhBIIEggBiBGIEYgRiBGIEYgBhAGEAYQRhBGEEYQRhBGEEYQRhBGIEYgRiB
IIEYgRiBGIEYgSCBIIEggSCBIMEggijBKMEowSjBKMIowijCKMIpAikDMUMxAzED
MMMxAzEDMQMxAzEDMQMpAikCKQIpAikCKQIowikCKQIpAikCKQMhAiECIQIowiDB
KMIowijCIMIgwSDCIMIgwyDDIMIgwiDCIMIgwhjCGMIYwhjCGIEYghjCGIIYghiC
GIEYghiCGIIYghCBEIEQQSCBIIEggiCCIIIggiCCIIEggSCBIIEggSCBIIEggSBB
IIEggSCBIIEggSCBIIEggSCBGIEYgRiBGIEYgRiBGIEYgRiBGIEggSCBIIAggCCA
IIEYgSCAIIAggCCBIIAggSCBIIEggSCBIIEggSCBIIEggSjBKMEowijCKMIowijC
MMMwwjDCMMIxAjECMQIxAjECMQMxAzEDMQMxAykDKQMpAykDKQMpBCkDIQIpAijC
KMIowijCKMIowyjCKMIgwiDCIMIgwiDCIMIgwiDCIMMgwiDCIMIgwiDCIMIgwiDC
IMIgwiDCIIIggiCCGIIYghiCGIEYgRiBGIIYgRBBEEEggiCBIIEggSCBIIEggSCB
IIIggRiBGIEYgRiBIMEYgRiBIIEgwSCBIIEggRiBGIAYgBiAGIAggCCBGIAYgRiB
GIEYgBiBGIEggCCAIIAggSCBIIEggSCBIIEggSCBIIEggSCBIIEggSCBIIEggSDB
KMEowSjBKMIowikCKMIowijCMMIwwjECMQIxAzEDMQMowzEDMQMxAzEDKQMpAykC
KQMpAykDKQMpAyDCKMIowijCKMIowijCKMIowiDCIMIgwyDDIMIgwiDCIMIhAiDC
IMIgwiDCGIIYgiDDIMIgwSDCIMIYghiCGIIYgRiBGIEYghiBGIEYgRiBEIEQQRBB
IIIggiCCIIIggiCBGIEggRiBGIEYgRiBIIEggSCBIIEggSCBIIEggSCBIIEYgSCB
IIIggSCBIIEggSDBIIEggSCBIIEogSCBIIEYgSCBIIEggSCCIIEggSCBIIEggRiB
IIEggSCBIMEgwSjBKMIowijCKMIgwijCKMMowijCKQIpAikCKQIpAikDMQMxAzED
MQIpAikDKQMpAykCKQIpAikCKQIpAikCIQMpAykDKMMowyjCKMIowijCIMIgwiDD
IMMgwiDDIMIgwiDCKMMgwyDCIMIgwiDCGMIYghiCGIIYghiCGIIYghiCGIIYghiC
GIIQgRCBEIEQghBBEEEQQSCCIIIggSCBIIEggSCBIIEggSCBIIEggSCBIIEggSCB
IIEggSCBIIEggCCBIIEggSCBIIEggSCBIIEggSCBIIEggRiBIIEggSCBIIEggSCB
IIAggSCBIIEggiCBIIEgwSDBIMEgwiDBIMEowijCKMEowSjCKMIowikCKMIowSjC
KMIowjDCMQIxAjECKQIpAzEDMQMxAykCKQIpAikCKQIpAikCKMIowijCKMIowijC
KMIowiDCIMIgwiDCIMIowiDCIMIgwiDCIMIgwhjCGMIYwhjCGIIYghjCGIIYghiC
GIIYghiBGIIYgRiCGIEYgRiBGIEQgRCBEIEQQRBBEEE=
END m9
frame    32 :  a closed book -0.46  an opened book -1.03   led   0/255 h0.00 lvl-0.75   -
frame    33 :  a closed book -0.27  an opened book -0.68   led   0/255 h0.00 lvl-0.48   -

snapshot  : frame 34, mean RGB 127 125 126
BEGIN m9 128 128 32768 fefe9a17
YstiykIHQcdiymMLWopKSGMLa01rTWMNYwt7z4QQhBB7z4PQjJGUkYxQhBCMUZSS
lJKUkpSSlFGMUZySpRSlFJzTnRSlFKVUnRSc06UUpVSlFJzTpNOlVKVVpVWlFKUU
rVWtVaUUpRStVa1VrVWtVaUVpRStVa1WrValVaVVpVatVq1WpRWlFa1WrVatVqUV
pVWtVq1WpRWdFaVVrValVZ0UpVWlVaVWpVadVZ0VnRWlFZ0VnRWdFZ0VnRWdVZ0V
lRSVFJUUnRSU1JTTlNOU1JTTjJOMkpTTjNOEkoRShJKMkoRSfFF8UYRShFGEUXwQ
dBB8UHwRfBBzz2ONa85rjmLLWspCB0HHWstiy1qKSkhjC2tNa01rTWMMe8+EEYRQ
e897z4xRlJKMUYQQjFGUkpSSlJKUkpSRjFGc06UUpRSc050UpRSlFKUUnNOlFK1V
pRSc05zTpVWtVa1VpRSlFK1VrVWlFKUUrVWtVa1WrVWlFKTUrVatVq1WpVWlVaVW
rZatVqUVpRWlVq2WrValFaUVpVWtVqUVnRSlVa1WrValFa1WrVatVqUWpRWdFKUV
pRWlFZ0VnRWdFZ0VnRWdFZUUlRSVFJ0UlNSU05TTlRSU05TTjJOU04zThJKEkoSS
hJKEkoRRfFGEUoRRfBFz0HPQdBB0EHQQa89bTWOOY45rCmLKSgdCBlrKYstiylJI
YstzTXNNa01jDHvPhFCMEHvPe8+MUoxSjFGEEIwRlJKUkpSSlJKMkoxRlJKlFKUU
nNOlFKUUpVSlFJ0TnRSlVKUUnNOc06VVrVWlVaUUpRStVa1VpRSlFKVVrVatVq1W
pRWlFa1WrVatVq0VpRStVa1WrZalFZSSjFGlVK1WpRWlFa1VrValVZ0VpVatl6VV
nRWlVaVWpValVaVVpRSlVZ0VnRWdFZ0VnRWdVaVVpRWdFJUUlRSdFJTUlNOU1JUU
jNSM04yTjJOM04SShFGEUoyShFF8EXwQhFGEUYRRc89zz3PPc89z0HOOWwxjTWNO
awtiykoHQcZiy2LLWstKSGLKc0xzTWtMYwtzjoQQhBF7z3vPjFGUkoxRhBCMUZSS
nNOc05SSlJKMUZSSpRSlFJzTpRSlFKUUpRSc1KTUrRWlFZzTnNOtVa1VrVWlFKUU
rVWtVaUUpRStVa1WrVWtVa0VpRStVa1WrValVaUVpVatVq1Ve89KB1JIWomlFKUV
pRWtVq1WpRWlFK1WrZalVZ0UpVWllqVWpValFaUVpRWlFaUVnRSdFJ0VnRWdFZ0V
nRWU1JTUnRSU1JTTlNOU1IzTjNOMkozTjJOEkoRRhFKEkoRSfBF8EIRRhFF8UHPP
c85zz3PPc89rjlsMWwxjTWMLWstKCEHGYoprC2LKUkhiynNMc01zTWsMe46EEIxQ
e897z4xRjFGMUYQQjFGUkpSSlJKUkpSSjFGc06UUpRSc050UpRSlFKUUnNOc1K0V
pVWc1JzUpVWtVa1VpRSlFK1VrZWlVaUUrVWtVa1VrVWlFaUUrVWtVq1WrValVa1V
rVWlVVqKUkhzC1JHe42lFK0VrVa1Vq0VpRStVq1WpRWdFaVWrVatVq1WpVWlFaUV
pRWlFaUVpRWlFaVVpVWdFZzVnNWU1Z0VlNSU05TTlNOM04yShJKM04yThJKEUYRR
jFKEUXwQfBCEUYRRfBFzz2uPa89zz2vPa41TC1tMY01jDGLLQgg5xlrKYwtaykpI
WspzTHNNc01rDHvOhBCMUIQQe8+MUZSSjFGEEIxRlJKc05zTnNOUkoxRlJKlFKUU
nNOlFKUUpRSlFJzTnRStVa1VnNOlFK1VrVWtVaUUpRStVbVWpRWk1a1WrVatVq1W
pRWlFK1VrVWtVq1WpVWlVaUUlJJKB1IIUkhSCFqJnRSlFK1VrValVaUUrVWtlqVV
pRStVa1WrVatVqUVpRWlFaUVnRWdFJ0VnRWlFaUVnRWdFJUUnNSdFJTUlNOU05TT
lNOMk4ySjJKMkoSShFGEUYxShFF8EHwQhFF8UXwRc89rz2vPa89rz2OOUwtTDFtN
YwtiykoHQcdaimLLWstSSVrLa41rTWtNa017jowQjBCDz3vPlJKUkpSShBCMUZSS
lJOc05SSlJKUkpzTpRSlFJzTnRSlFKUUpRSc06UUrVWtVaUUpRStVa1VrVWlFaUU
rVWtVaUVpRStVa2WrZatVa0VpRWtVq1WrVatVqVVrVWc1HvPSgdSCFIIUghSCIPP
pRStVq2WrValFa1WrZalVaUVrVWtVa1WrVatFaUUpVWlVaUVnRWdFZ0VpRWlFaUU
nRSdFJzUnRWdFJTTlNOc05TTlJOMUoySjJKMkoRRhFGEkoRRfBB0EIRRfFF8UWvP
a89zz2vOa45jjVMLWwtbDGLLYspSSEHGWolqy2rLUklay2tNc01zTWsMe46MEIxQ
hA97z5SSlJKMUYQQjFGUkpzTlNOU04ySjFGUkqUUpRSc05zTpRSlFKUUnNOlFK1V
rVWlFKUUrVWtVa1VpRSlFK1VrVWlFKUUrVW1Va1WrVWtFaUUrVWtVq1WrVWtFaUV
lJJrTEoHSkhSSFJHSkdiyZzTrVW1VqVVnRSlVa1VpVWdFK1VrZatVq1WpVWlFaVV
pVWlVZ0VpRWlFaUVpRWlFZzUnNSc1J0UlNOU05TSlNSU04yShJKM0oyThFKEUYRR
jJGEUXwQc8+EUXxRfBFrz2uPa49rjmuOY01Sy1sLWwxSiVqKUghBx1qKYwxjDFJJ
WopzTXtNa01rTHPOhFCMUYQQe8+MUZSSjFGEEIRQlJKc05zTnNOUkoxRlJKlFKUU
nNOc06UUpRSlFKUUpRStVa1VpRSlFK1VrVatVaUUpRStVa1VpRWlFK1VrVWtVa1V
pRSUkpSQlJGc0qUUpRSlFIRQWolSSFJIUkhSR1JHUkdzjKUTrVWlFIQPc0trCmtL
e42c0qVVrVatVqVVpRWlVaVVnRWdFaUVpRWlFaVVpRWdFJ0UnRSdFZTUlNOU05TU
jNOMkoSSjNOMkoSShFGEUYRRhFF8EHPPhFGEUXwRa49rj2uPa49rjmNNUotbC1sM
SgdSiFJHQgZSiWMLYwxSiVqKc01zTXNNa0xzjoxQjFCEEHvPjFGUkpSShBCMUZSS
lNKc0pzSlJGMUZSSpRSlFJzTpNOlFKUUpRSlFKUUrVWtVaUUpRStVa1VrVWlFKUU
rVWtVa1VpRStVa2VrVWUkWrKWkdSBlIGUkZiyHuLe4xrCmsLc0xqylqIWkdaR1qH
WohiyXNLWolSB1JHUkdSR1JGSkZ7za1VrValVaVVpVWlVaUVpRWlFaUVpRWlVZ1V
nRSVFJUUnRSc1JTTlNOU1IzTjJKEkoySjJKMknxRhFGEUXxRfBB7z3xQfFB0EGvO
Y45rjmuPa05jTVKLUwtbDEoIUklSSUHGUklqy2rLWklainNNc01rTWtNc46EEYxR
hBB7z5SSlJKUkoQQjFGUkpzTnNOc05SSlJGc0qUUpRSc05zTpRStVaUUpRSlFK1V
rVWlFKUUrVW1lq1VpRWlFK1WrVatFaUUrVWtVYxQWkdaB2JIWkhaiVpIWslzzZzT
tZa918XXtdd7zmMMhBCc061VrVatFZzTe89jDHNNawxaiVJHSgdzja1WpVWlVaVW
pVWlVaUVpRWlFaVVpValVZ0VnRSdFJ0UlRSU04zTlNSM04yShFKMkoySjJKEUXxR
hFGEUXwQfBCEUXxRfBBrz2OOa85rjmuOY01KikrLWwxSSFpJUkhBxlJIYwprClqJ
WolzTXNNc01rTXOOhBCMUYQQe8+UkZSSjFGEEIxRlJKc05zTnNOUkoxRlJKlE6UU
nNOc1KUUpRSlFKUUpRStVa1VpRSlFK1VtZatVa0VpRStVa1VrVWlFa0VpRRaSFJI
UkhzDIQQlJKck61Vvde9173Xvde9173XnNOlFLXWvda9173Xvde9173XtdalVYyS
e89ay0pISkic0q1VpRWtVa1VpVSlVKVVpVWlVaVVpVWdVJ0UnRSdFJUTlNOUkpTU
lNOMk4ySjJKMkoxSfFGEUYRShFF8EHQQfFF8UHwQa89jjmuOa45jjmNNSotSy1ML
UkhaSVJIQcdSSWMLawtaiVrJc01zTXNNa0xzjYxQjFCEEHvOlFGUkpSShBCMUZSS
nNOc05zTlJKUkpSSpRSlFJzTnNOlFKUUpRSlFKUUrVWtVaUUpRStVbWWrVWtVaUU
rVWtVa1VpRSlFIQQUkhSSHNMjFGc062VtZa1lr3Wvda9173Xvde9173Wvde91r3X
vde9173Xxde9173Xvde1lpzTjFFai1IJc4+lVaUVrVWtVaUUpRSlFaVVpVWlVaVV
pRWdFJ0UnRWc1JTUjJOU1JTUjNOEkoySjJOEknxRfFGEUoRRfBBz0HxRfFB0EGvP
Y45jjmuOY41jTErKUspTC1IIWklaSUnHUkhrDGsMUolSiWuNc41zjWtNc42MUIxR
hBB7z5SSlJKUkoQQhBGUkpzTnNOc05SSlJKUkqUUpRSc05zTpRStVKUUpRSlFK1V
rVWlFKUUrVW1lq1VrVWlFK1VrVWtVaUUpRR7z1KKWsuc07WWtZa1l7WWtZa9173X
vde9173Xvde9173XtZe9173Xvhe9173Xvde9173XtZa117XWhBBCSWtNrVWlFa1W
rVWlFKUVpRWlFaVVpVWlVaUVnRSdFJ0VnNSU05STlNSU05TTjJKM04yTjFKEEYQR
hFKEUXwQdBB8UXwRdBFrj2OOa45jjmNOY01KilLKUstSB1JIUklBx1IIawtrC1qK
UolrjXONc41rTHONjFCMUIQQe8+MkpSSlJKEEIxRlJKc0pzTnNKUkpRRlJKlE60U
nNOc06UUpRStVaUUpRStVa1VpRSlFK1VtZatVa1VpRStVa1VrVWlFKTTg89aimsM
tZa1lrWWtZe1lrWWvde9173XvdfGGL3Xvde9173Xvde9173Xvdi9173Xvde9173X
vde915zTSklzzrWWtZa1lq1WpVWdVZ1VpVWlVaVVpVWdFJ0UnRSdFJ0UnNOUk50U
lNOUk4ySlJOUkoxShBGEUYxShFF8EHwPhFF8UHQQa45rjmuOY45jjVtNQopKy1LL
SgdSSVKIQcZKSGMLawtaiVJJc01zTXNNa01zTYwQjFGEEHvOjJGUkpSShBCMUZSS
nNOc05zSlJKMUZSSpRSlFJzTnNOlFK1UrVWlFKUUrVWtVaUUpRStVbWWrVWtVaUU
rVWtVa1VrVWtVYxRUspjC7WWtZa1lrWXtZa1lrWWvde9173Xvde917WWvde1l73W
tda91r3Xvde9173Xvde1lr3Xvdec00pJnNO9173Xtde1163XrZatlqWWpVWlVaVV
nRWdFJUUnRWdFJ0UlNOdFJTTlNOMkpSSjJKMUoRRhFGEkoRRfBBzz3xRfBF0EGuP
Y05jTmNNY01bTEKJSspTC0oHUkhSSUIHSkhjC2MLWopSSWtNc05zTnNNc02EEIxQ
hBB7zpSRlJKUkoQQjFGUkpzTnNKc0pSSjFGUkaUTrVSc05zTpRStVK1UpRSlFK1V
rVWlFKUUrVWtVbWWrVWtVbWWtZa1lrXWtZWlE3NMWomtE72WtZa1lrWWtZa9173X
vde918YYvde9173XtZa1lrWWvde9173Xvde9173Xvde9173XjFFKibXWtde117XX
tde11rXWtda1lrWWtZatlq2WrZalVqVWnVWdFZTUlRSU1JTUjJKMkmQSbBJsEmwS
hFGEUXwQe8+EUXwRc9FjjmOOY45jjmNNWwxKilLKUstKB1pIUkhCB0pIYwtrC1rK
UolzTXONc41rjGuNhBCMUYQQc4+MUZSSlJKEEIxRlJKc05zTnNOUkpRRlJKlFKUU
nNOc06UUrVWtVaUUpROtVK1UrVSlFK1VtZa1lrWWtZa1lrWWtZa11rWWtZWUkVrL
jFC1lrWWtZa1lr3Xvde9173XxhjGGMYYvde91r3Wvde9173Xxhi9173Xvde117XX
tZa914QQUoq9173Xvde917XXtde11rXWtda1lrWWtZatlq2WrZatlq2VpZWlVKVV
pVWdVZ0UfFFcElRUTBRMFFQTfFF8EHvQfFF0EXQQY49jjmOOY05jTVsMSolSilLK
SgdaSFpJUgdKCGMMawxiylKJc01zjXONc41rTYQQjFCEEHvOjFGUkpSShBGMUZSR
nNKc05zTnJKUkZTSpRSlVJzUpRStFK1VrVWlFaUUrVWtVa1VtZW1lrWWtZa1lrWW
tZa9l72WvZa9lrWWpRRjDXOOtZa9lrWWtZa9l73Xvde918YXvhfF173Wvde9173X
vde918YXvde9173Xvde917WWtZaMUVKKtZa1lrXXtde117XWtZa1lrWWtZa1lrWW
rZatlq2WrZWlVaVVpVWlVaVVpVSdFJUUhNR01GyUZFNcEnwQfBB0D3wRfBFz0GuO
Y41jTWNNW01bDUKKSopSy0nHWklaSUoHSgdrC2sLYspSSWtMc41zjWuNa02MEIwR
hBB7z4xRlJKUkoxRjFGUkZzSnNKc0pySlJGckqUUpRSdFKUUrVStVa1VrVW1VbVW
tZa1lrWWtZa1lrWWtZa1lrWWvZa9lrWWtZW1lq1Vc01rTbWWtZa1lrWWrVWlFKUU
rVW1lbWWvhe9173Xvde117XWrZWtVbWWtde9173Xvde9172WpRRSiqUUtZa1lrWW
tZa1lrWWtZa1lq2VrVWtlq2WrZatlq1VpVWlVaVVpVWlFZ0UnNSdFJUUjNSM1IyT
hJJ8EXwQc9B8EXwRdBBrjmNOY01jTWNNWwxCSUqKUspKB1pJWklKB0pHawtrC2LK
UkprTXOOc41zjWtNhBCMUYwQe8+MUZSSlJKMUIxQlJGckpySnJKUkZSRlJKlFKVU
pVStVK1VrVW1VbWWtZW1lb2VtZW1la2VtZW1lbVVrVW1lrWWtZa1lrWWtZa1lnOO
a421lbWWtZWlVLWVtZa9173Xvde9173Xvde9173Xvde1lq1VrVW1lrWWtZa1lrWW
vde917WWY0x8D7WWtde117WXtZa1lrWWrZatVaUUpVWU0pTTnRSdVJ1UnVSlVKVU
nRSdFJ0UlRSVFJTTjNOM04SSfFF0EGwPfFF0EHPQY45bTVtNY01bDVsMQklKikqK
QcdaSVpJSgdKB2sMawxiylJJa0xzjXONc4xrTYQQjBGMEHuOjFGUkpSRjBCMEJRP
nA6TzZPMnE6c06UTrVWtVa1VrVWtVa1VtZW1lbWVtZW1lbVVrVWtVa0VrVWtVa1V
tZa1lrWWvZa91r2WtZVrDHvPrVWtVa1VtZa1lrWWtZa1lq0UtZbGF8XXxde9173X
vde91r3Wvde91r3Xvde1lq1VrVWtVYxRUoqlFLWWtZa117XWtZa1lq2WrZatlq2W
pVWdVJ0UnROc1IRRjJKMkoySnROU05TTlNOM04yTjNOEk4RRdBBz0HwQfBBz0GOO
W01bTVtNW0xTDEJJSopSy0nHWolaiUpISkhjC2NMYwtSimtNc41zjXONa02EEIxR
jBB7z4xRlJKUkoxRjA6DjZxQpJKk06UUpRStVa1VrVWtVa1WrVWtVa1VrVWtFKUU
pRSlFKUUrVWtVbWWtZa1lrWWtZa9lrWWtZa1lpzSUoqMka1VtZatVq1VtZa1lrWW
vde1lrWWxdfF18XXvde9l7WWtZatVbWWpRSlFLWWtZe1lq1WpVWlFGtOfBC1lrXX
tda11rWWtZa1lrWWtZW1lq2WrZallaVVpVWdFZ0VlNSM1J0UlNOEUYyTjNOM04yT
jJOEUnwQc9B8EHwQdA9jjltOW01bTVtNUww6SUqKSspKB1pJWolKSEpIYwtrTGML
UopjTHOOc45zjmtNhBCMUYRQe8+MUZSSlJKMUIQPlFGk06TTpROtFK0UrVStVK1V
rVWlVK1UpROckqTTpROlFK1VrVW1lrWWtZa1lrWWtZa1lrWWrVWtVa1UrVWEEGtM
rVSlE61VtZW1lrWWvde9173Xtda918XXxdfF173Xvde91r3Wvda9173XtZa1l7WW
rZa1lrXXtZalVKVUrVWtVa2WrZatVa2WrZatlq2WrZatlq2WrZatlq1VpVWlVaVU
nRSdFJ0UlNSM04zTjNOMk4yThJJ0EGvPfBF0EHPQY45bTVtNW01bTFMLOklKilKL
SghailqKUklKCGLMawxjDFKKawxzjnOOc45rTYQQhBCEEHvPhFGUkYyRlJGUkZSS
nNOdE6UTpRSlFKTTrVWlFKUUnNOlFJzTrRStVa1VtVW1lrWWtZW1lrWWtZW1lbVV
pROtVa1VrVW1lrVVlJKUkq0UrVW1lrVWrRStVbWWtZatlbVVtZXGF8XWxde9172X
tZetVqVVtZWtVa1VtZa917XWrZa1lrWWrVWtFbWVtZa1lq2WrValVaVVpVWlVKVV
rZatlq2WrZWtVaVVpVWlVaVUnRSdFJ0UnNSU1IzTjJOEk4SSfBFz0HwRdBBrz2OO
W01bTFtNWwxSyzpJSopKy0oIWopaylKJSkhjC2tMawtaimsMe45zjnOOa02ED4xR
jFB7z4xQjFGMUZSRlJGckqTTpNOlFK0UpRR7z61UpRSlFK1VrVWtVbVVtVW1lbWV
tZa1lrWVtZW1la1UrVStVa1VtZa1VrVWrVWtFK0VtVW1Vq1VpNOtVbWVvda9173X
vde918XXxdfF18XXvde917XWrVWtVbWWtZatVbWWtZa1lrWWvZa1lq2WpVWtVaVV
nRSlVa2WrZatlq2WpVWlVa1VnNSU1J0VnRWlFZ0VnRWdFJ0UlNSVFJTUlNOMk4yT
jJOMknwRc9B8EHPQc89jTVsMWw1bDFsMUss6SUKKSopKCGLLWstailJJYwxrTWtN
WsprTHvOe857jnNNhBCMUIxQg8+MEIxQYwuUkZSRnNKlE6UTpVSlVK0UpRStFK1U
rVWtVa1VtVW1VbVVtVW1Va0VpRStVa1VrZWtVbWVtVWtVK1UrVS1lbWVvZa1la0U
tVWtVLWVtZW1VbVVtVWtVb3Wvda91r4XxdfF173Xvde9173Wvda1lrWWvde9173X
vde1lrWWtZa1lrWWtZa1lq1VrVSlFJzTnROtlaVUpZWtla2VpVWlVaVVnRSU1IyT
jJKU03wQlNOU05TTjNOMkoyShJJ8UWvPdBB0EGvPY45bDFsMWwxbDFLLOkhKSUqK
Ukliy2rLYstaiWsLc01rTVrLa0xzznvOc85zjYQQjFGMUYQQjBCEEGLLlFKUkpzT
pRSlVKUUpVStFa1VrVWtVa1VrVWtVa0VrRStFKUTpRSlFKUUrVWtVa0UrRStFK1U
rVW1VrWWtZW1Va1VtVW1VbVWrRStFK0UrVS1lr3XvdfGGL3XvdbGF8XXxde9173X
tda1lq2WtZa1lrWWtZa1lbWVtZa1lrWWrVatVa1VrVWtlq2WrZatlq1VrVadFJ1U
nROdE4zSnROlFKUVpRWdFZ0VlRSEkozTjNOM04zThJKMkoRSfFFrz3QQc9Bz0GNO
Ww1bTFtMUwxSy0JJQklKiVJJYwxjC1sLUsprDHONc41jDHOOe897z3vPe86EEIxR
jFF7z4QQhBBzjpSSlJKc06UUpRSlFKUUrVStVa1VrVSlE6UTrVWMUZzTpRStVa1V
rVWlFKTTpRSlFK1VrVW1lrVWtVWtVa1VtVW1Va1VrVSlFKUUtZa1l73Xvde1lbWW
vda9173XxdfF18XXvde917XWtZa9173Xvde9173Xtde1lq2WrVWlVa1VtZa1lrWW
rZWtVa2WrVWlVa2VrVatlqVWpVadFJ0UlNOdE5zTlNOUk4RSlNOVE5TUlNOMk4yT
jJOEknxSa9Br0GvQa89bTlsNWw1bDVMMSstCSUJJSopaymsMawxrDGLLc01zjnOO
a0xzjnvPe897z3vPhBCMUYxRhBCEEIQQjFGUkpySnNOlFKUUpRStVK1UrVSlFKTT
nJOk1K1VrVWlFJ0TpRSlFKUUpVStVa1VrVWlFKTTrVWtVbVWtZa1lq1VpRStFK1V
tVa1Vq1UrVS1lr3XpVW1lr3XvZa9lr3XxdfF18XXvde91rWVtZW1lrWWtZa1lrWW
tZa1lrWWtZatVa1VrVWtVa1VtZW1lq1WpVWlVa1WpRWlFaVVpVWlVaVVpVWlVZ0U
lRSEkoySjJOMU4yTjJOMkoSShJKEUXPQc9Bz0GuPW01TDFsMWwxazFLLQghKSUqK
YstrTXNNa01jDGtNe857znONc46ED4QPhA97z4RQlFGMUYQQhBF8EXwQjFKUk5zT
pRSlFKUUpRStVK0UrRStFK0UrRSlFK1VlJKc061VrVWtVK1UtVWtFa0UpNOtFLVV
tVS1Va1UrVWtVbVWtVW1VKUTtVS1VbWWvde+GMYXxhjGGMYYxdjF18XXxdfF173X
tZatVa1VtZa1lr3Xvde1lq1VrVWtVbWWtZa1lrWWrVWlFa1VpRSlFK1VtZatlq2W
rVWlVaVVnRSdFJ0UnROdFJTTlNOU1JTTlNOM04SThJOEk4RThFJz0HPQa9Brz2NO
Uw1bDFsMWsxSy0IJQkpKimtNc45zjnOOa01zjnvPg89zjnvPhBCEEIQQe8+MUYxR
lJKMUYxRfBBzz4RRlNKlE6UUrRStFK0UrRSk06TTpNOtFKUUpVStVa1VrVSlFKTT
pNOlFK1VtVa1Va0UrRSk06UUrVW1lrWWtZatFKUTrVW1lr3WvdfF18XXxdfF18XY
xdjGGMXYxdfF18XXxde917XXtde117WWtZW1lrWWvda9173XtZa1lrWWtZa1lq1V
rZWtlq2WpVWlVa1VpRWlFaVVpVWtVaVVpVWlVZ1VlRSM04yTjJOMk5STjJOMk4yT
hJOEk4RSdBFrz2vPa85bTVMMUwxTC1MLSso6CEJJSolzTXuOe897z3OOe8+EEIQQ
e8+EEIxRjFGMUYQQjFGMUYxRjFGMEHvPe8+EUpSTnROlFK0UrRStFKUUnNOlFKUU
rRSlFK0UrRSk060UrRStVK1VrVWtVa0UpROlE61VrVW1VbVVrRStFLVUtVW9lr2W
vZa9lr3WvdfF18YXxhfGGMYYxhi+F8XXxdfF18XXvZa9lrVVtZalFKUUrVWtVbWW
tZatVLWVtZa1lrWWtZatVaUUrRSlFK1VrVatVq1WrVWlVaVVnRSVFJ0VnRWdFZ0V
lRSVFJUUlNOU05TTjNSMk4STfJJ8UXQRa9Brj2OPW01TDFMMUwxSzEqLOghCSUpK
e8570IQQhBB7z4QQhBCMUYQQhBCMUYxRjFGEEIxRjFGUkoxRhBFzz3PPhFGckqUT
pRStFK0UrRSlFKUUnNSc06UUnNOtFK1VrVStVLVVpNOckqTTrRWtVa1VrVWlE6UT
rVStFK1VtVW9lr2Wvda9lr2WvZe918XXxdfF18YXxhfGGMYYxhjF18XXxdfF173W
tZa1lbWWtZa91r3Xvde917WWtZa1lrWWrVWtVa1VtZa1lrWWrVWtVa1VpVSlFK1V
rVWtVaVVpVWlFZ1VnRWc1IyShFKEUXwQhFGMkoyShJKEkoSShFJ8EXPQa49rj2NN
WwxTC1MLUstKyjoIQklCSXvPhBCEEIwQhBCEEIQQjFGEEIQQjFGMUYxRjFGUUZRS
lJKMUYQRa89zz4RRlJKlE6UTpRStFa0VpNOc05zTpRSlFKUUpROk06TTpROtVa0U
rRW1Va1VpROlE5ySpNOtVbWWvZa9lr2WvZa9lb2WvZa9lr3WvdfF18XXxdjGGMYY
xhjGGMYYxhfF18XXxde9173WtZa1lrWWrZW9173Xvde9173Xvde917XXtZatVa1V
rVWtVa1VrVatVq1WrVWtVaVVnRSdFJ0UnRSdFJ0VnRWdFJTUlNSEk4STjJOM04yT
jJKMkoSSfFFz0GuPY49bTkrMUwxSzFLMSoo6CDoJQkl7z4QQhBGMUYQQhBCMUYxR
jFGMUYxRlJKUkoxRlJKUkpSSlJKEEWuPWw18UZSSpROlFKUUpRSlFKUUpRSlFKUU
pRSc05zSpNOtFbVVrVWtFa0VpRSUkpyStVW1VbWWtZa1lrWWtZa9lr2WvZa9lsWW
vZa91r3XxdfF18XXxhjGGMYYxhjGGMYXxdbF1sXWvda1lq0VrVWtVrWWvda9173X
vde9173Xvde1lrWWtZa1lrVWrVatFaUUrVWlFa1VpVWlVaVVpVWdVJ0UlNSU1JTT
lNOMk5TTlNOMk4zTlNOMk4ySjJKEknxRc9Brj2NOW01TDFMMUwxSy0qKOghCSUJJ
e8+EEIQQjFGEEIQQjFGMUYxRjFGMUZSSlJKMUYxRlJKUkoxRhBBzjoRQlJKckqUT
pRSlFKUUrRSc05ySnNOlFKUUpRStVK0TpRSlFKTUpRStFLVVtVW1VbWVvZW9lb2V
vZa9lr2Wvda9lr2WvZa9lr3Wvda91sXXxdfF18XXxhfF18XYzhjF18XXxdfF18XX
vda1lrWWvda91r3Xvde9173Xvde1lr3Xvde917WWtZa1lrWWrZatla2WpVWlVZ0U
lNKdE5zTnROdFJ0VnRSdFJ0UlNSU1IyTfFGEUpTTlJOMk4xSjFJ8UXQQY49jjltN
UstKy1LLUotKijnIOglKSXvPhBCEEIxRhBCEEIQRjFKMUYwRjFGUkpSSjFGMUYxR
jFGMUYQQhBCUkpySnJKlE6UTpROlFKUUpRSlFKUUpRStFKUTlJGdE6UUpRStFK0U
rRW1VrWWtZa1lbWVvZW9lb2VtZW11bWVtZa9lr2WvZa9lr2WvdbF18XXxdfF18YX
xhjGGMYYxdjF2MXXxdfF1r3Wvda1lbWVrVW1lrWWrVWtVZzTnNOtVbWVtZa1lrWW
tZatVbWWrZatlq1WrVatVq1VpVWdFJTTlNOEkoySlNOU0pzTlNOU05TTjNOM04yT
jJKMkoySfFJ0EGOPW45bTEsLUstSy0qKSoo5yDoJQgl7z4QQhBCMUYQQhBCMEJRS
jFGEEIxRjFGUkoxRjFGMUYxRjFGDz4wQnJKckpySpRSlFKUUpRStFKTTlJKUUZyR
pRStVK1UrVStVJzSlNKlE60UtVW9VbVVtZa1lrWWtZa1lrWVtZWtVLWWvZa9lr2W
vZbF18XXxdfF18XYxhjGGMYYxhjGGMXYxdfF18XXvde9lr2WtZa11rXWvde9173X
vde1lq1VtZatVaUUpRStVa1VrVWtla2WrZatVq1WrVatVaVVpVWlVaVVnRWdFJUU
lNOMkoyTjJKMkoxRjJKMkoySjFKMUnxSfBFjj2NOWw1SzFLMSstKy0KKOghCSEJI
g8+EEIxRjFGEEIQQhBCMUYxRjBGMUYxSlFKMUYxRjFGMUYxRe8+MEZySnJKckqTT
pROtE6UUpRSc1KUUpRSlFKUUpROlE6UUpRSc06UUrRW1VbVVtVW1VbVVtVW1VbVV
rROMD5zSc0y9lb2WvZa9l72Wvde9173XxdfF2MXYxhjF18XXxdfF18XXxdfF1r3W
vda9lrWWrVWtVa1VrVW1lbWVtZa1lrWWtZa1lq1VrVWtVZzTnROlVKVVpVWtVa1V
rVWtVaVVpVWlVaVVpRWdFZ0UnNSdFJTTjNOMkoyTjJOMkoRSjJKEUXwQa49jTlMN
SsxKzErLSopCijoIOghCCXwPhBCMUYxRhBCEEIQQjFGMUYQQjFGMUYxRjFGMUYxR
jJGMUXvPhBCUkpSSlJKlFKUUpRSlFKUUnNOc05zSlJGckqUTpRStVa1VrVWtVa1V
tVW1VbVVtVW1VKTSnJFzS4POYwuckoxQtZa9lr2WvZa9l8XXxdfF18XXxdfGF8YX
xhfGF8XXxdfF1sXWxda91r2WrVSk05zSnNOtVa1VrVWtVa1VrVWtVa1VrVWtVa1V
tZatlq1WrVWlFJzTpRSlFKUUpRWlVaVVpVWlVZ1VnRWdFZzUnNSU04zTjNOM04zT
jJKMkoxShFF8EWuQY05bDUrMSstKy0KKQko6CDoIQgmDz4QQhBCMUYQQhBCEEIxR
jFGEEIxRjJGUUYxRjFGMUZRRjBF7z3OOnJKUkpSSpRSlFKUUpRStFJySnJKlFKUU
rVStVK1UrVStVa1VrVWtVa1VrVWk03vOe41SSIvPc0ykk6TUtVW9lb2VvZa91r2W
vZa9l7WWvZa1lb2WvZa91r3Xvda91r4XxdfF1sXWvda1la2VrZW1lrWWtZa9173X
tZa9173XtZa1lq1WrVWtFbVVpRSlFJ0UpVWtVqVVpVWdFZzUnNSc1JzUpRWdFJ0U
nRSVFJUUlNSU1IzTjJOM0oySjFKEUoRRfBFr0GNOUwxKy0rLSstKikKJOchCCEII
e8+D0IQRjFGEEIQQjFGMUYxRhBCMUYxRjFGMUYxRjFGMUYxRe89zzpSSlJKUkqUT
pROlE6UTpRSlFKUUrRStFK0UrVS1VK1UrVStFKUUnJGMEHuOjA9aynONe86k060U
tVW1Vb1VvZW9lrWVtVWtFKTTrRS1FLVVtZa91r2XtZa9lrVVrRS9VsXXxdfF1r3W
vZa1la1VrVStVK1VrVWtVaUUrVWlVa1VtZa1lrWWtZa1lq2WpVWUk5STpRSlFKUU
pVWlVZ1VnVWdFZ0UlNOMkpTTlNKMkoRRjJKMkoySjJKMkoRShJKEUnwRa9BbTlMN
SotKi0qLSopCiTIIOgg6CIQQg9CMEIxRhBCEEIxRjFGMUYQQhBCMUYxRjFGEEIxR
jFGMUXvPc46ckpySlJKk1KUTpROlFKUUpRSlFK0UrRStFK0TrNKUUIPOawtiynML
g82UEKTTnJKtFK1VrVW1VbVVtVW1VaUTrROtFK0UtVW1Vb2WxdfF18XXxdfF18XX
xdfF172WvZbF18XWxdbF1rWWnNOk1K0UrRW1lrWWtZatVq1WrVWtVa1VrVWtVaUU
rVWtVa1VrVWlVa1VpRSc1KUUnNOc06TUpRSlFaUVnRWc1JTUjJN8UYRShFF8EYyS
jJKMUoxShFJ8EXPQY05SzErLSotKikKKQkk5xzoIQgiEEIQQhBCMUIQQhBCEEIxR
jFGEEIRQjFGMUYRRhBCMUYxRhBB7z3OOnNKUkpySpNOlE6UTpROlFKUUpRSk060U
rRRrDFIIYopqymrLe46UUaTTrVS1VbVVtVW1Va1VrRStFLUUnJKk061UtVW9lb2W
xda1VbVUtVW1Va0UtVa1Vb2WvZa91sXXxdbF1sXWxdW1lrVVtZa1lrWWtZa1lrWW
rVW1lrWWtZa1lq2WrVWtVq1WrVatVaUUpVWtVa1VpVWlVaVVnRSdFJ0VnRSdFJTT
lNOU05TTlNOMk4ySjJKMkoySjJKMkoRRfBFz0FtNUwxKi0qLSotKSkJJMcc5xzoI
g897z4QQhBCEEHvPhBCMUYxRhBCMUYxRjFGEEIQQhBCEEIQQe89zjpSSlJGUkqTT
pROlE6UTpROMUJySg8+ckqUTWstjDIQQlJKlFK1UtVW1VbVVtVW1VaUTpROckZyR
pNK1VbVVtVW1VbVUtVS1VL3WrVW1VbWWvZa9lsXXvZa9l72WvZa9lr3WxdbF1r3V
vZa1la1UtZWlFK0UrRStVZzTpRSlFKUUrVWtVa1VtZatla2VrValVaVVpVWdFJzU
pRSlFJzTpRSlFKUUnRSU05TTjJOEUoyShFKEUYySjJKMkoySjJKEUnxRdBFbTlLM
SotKi0qKSopCSTHHOgg6CIQQg8+EEIQRhBCDz4QQjFCMUYQQjFGMUYxRjFGEEIQQ
hBCDz3uOc46UkpSRlNKlE6UTpRSlE6UTjFCED3vOpNOlFKTUpRSlFK0UrRWtFa1V
rVStFKzTnJKcUq0UrRS1VbVVtVWtFKUTrVS1lbWVvZa9l73WxdfF18XXvZa9l73X
xdfF18XXxdfF18XWxda9lbVVrVStVLWWtZW1lrWWtZa1lrWWtZa1lq1VrVWtVa1W
pRWlFaUVpRWtVa1VrVWlVaVVnRSMkoxRlJOMkpTTlRSVFJ0UlNSU1IzThJKEkoyS
jJKMkoRShFF8EXQQY45TDEqKSopKikpKQkk5yDnIOgiEEHvPhBCEUYRQe8+EEIQR
jFGEEIxRjFGMUYxRhBCMUYQQe897jnuOnFGckZyRpNOlE6UTpRSlFJSSnRSlFKTT
pRSlFK0UrRS1FK0UpRSk05ySnNKtFK0UrRWtVK0UrROlE61VtVW1Vb2WvZa9lr2W
tZWtFLVVtZXF1pzSrRS1VLVVrRS1VcWXxdfF1sXWxZa9lr2WtZa1lrWWtZWtVa1V
rVWlFK1VrVW1lbWVtZa1lq2WrZatVaVVpRWlFJ0UpRSlFKUUpVWdFJ0UlNOMk4yS
hFGM04ySjJOMk4yTjJOMkoySjJKMkYRRfBF0EGOOUsxKi0qKSkpKSkJJMcgxyDoJ
g9B7z4QPhBCEEHvPhBCEEIxRhBCEEIxRjFGMUYQQhBCDz4PPe057z5SRlJGckqTT
pNOlE6UUpROlFKUUpRSlFKUUpRSlE6TSnJGk0qTSpNOtFLUUrRSs05ySnJKlFK1U
tVW9lb1VtVS9lbVUrVS1lrWVtZW9lsXXxdfF18XXxde917WWtVa9lsWWxdbF1r2W
vZW1Va0UpRSlFJzTpNSlFKUUnNOc06UUrVWlFK1VpRStVa1VrVWtVa1VrVWtVaUU
nNOUkpzTnNOc05zUnRSdFJTUlNSMk4yTjJOEUoQRhFKMkoyRhFGEUXxQdBBrz1MM
QopKikKKQkpCCTHHMcc5yIQQe897z4QQhBB7z4QQhBCEEIQPjBCMEIxRjBGEEIQQ
g8+Dz3uOg8+UkpSRnNKk06TTpNOlE6UUpROlE6TTnNKc05zSnNKc0qUTrVStFK0U
rRSk05zTpRSlFK1UrVS1VLVUtVS1FK0UtVW9lr3WvZa9lr2VvZW9lcWWvZa9lsXW
xdfF18XXxdfF18XWxda9lbWVrRS1VbVVtVa1lrWWtZa1lrWWtZatVrWWrVWtVa1V
rVWlFaUUpRSlE6UUrRSlVaUVpRWdFZzUlNSMk4yTjJOU05TTlNOU05TSjJOMk4yS
jJKMkoyShFJ8UXQQa9BSzEqLQopCikJJQkkxxzHHOcd7z3vPe8+EEIQQe8+Dz4wQ
jBCD0IQQjFCMUYxQhBCEEIPPe89zjowRlFKUUZySpNOk06zUpNOlFKUTnNKc05zT
pNOlE60UrRStFKzTrNOk06zTrRStFbUUrROckqTSrRStFLVVtVW9VbVVvVW1VbVV
pROlE60TtVS1VbVWtZa1lr2WvZa1lbVVvdbF1sXWvZa9lb1WvZa1lq1VtVW1lbVV
tVWtFK1VrVW1lrWWpRStVa1VrVWtVaVVpVWlFKUUnNOc06UUpRSdFJ0UnRSVFJUU
lNSUk4RShFKMkoRRfBCEUIySjJKEUoRRfFF0EHPQUsxKS0pLQkpCSkIJMccxxzHH
e897z3vPhBCEEHvPe8+EEIQQe8+EEIQQjFGEEHvQg9B7z3vPe46UkZSRlJGckaTS
pNKk06TTpROlE6UTpROlE5zTnNOlFJzTpROtE60UrRStE6TSnJKk0pzSpNOtVLVV
tVWtFK0UrRStFK0UrVS1VbVVvZa9lr2Wvde9173Xvde9173XtZatFL1VxdbFlb2V
vZWtFKUTpRSlFK1VtVa1VrVVrRWtVbVVtZatVZzTpRSc06UUpRSlFK1VrVWtVaVV
pRSdFJ0UnNOUk5TTlNOU05TTnNSU1IzUjJOMk3wRfFGEkoSRhFJ8UnxRdBB0EFMN
QopCikJKOkk6CDGIMcgxx3vPe897z4QQhBB7z3vPhBCEEHvPhBCMEIwQhBCDz4PP
c45zjnvOlJGUkZRRnJKk06TTpNOk1KTTnNOc0pzSnNKckpzTrRStFK0UrRSk05zS
pNKkkqTTrRStFa0UrRStFKTTnJK1VbVVtVa1Vr2WvZa9lr2WtZa1Vb2WxdfF172W
vZbF18WXvZa9lr3Wvda9lbVVrVWtVbVWtZa1lrWWtZa1lrXWtZW1lrWWtZa1lq1W
rVatVaUVpRWlFKUUnNOdE50UpRSlVKUUnRSdE5TUlNOMkoySlNOMkoxSjFOEUoRS
jJKMkoRShFF8UXQQc9BbDUpKSkpCSUJJQggxhznIOch7z3vPe8+EEIQQe898D4QQ
hBCDz4PQjBGMEYwQg8+Dz3OOc457z4yRjJGMUZySpNKk0qTTpNOk05RRnNKk06zU
rROlE6UTpROc0pzSnNKlE60UrRStFKzTnJKcUaTSrRS1FLVVtVW1VbVVtVWtVK1U
tVW1Va0VrRW1Vr2XvZe1lbVVvda1lb2WxdbF1r2WvZW9lbWVtZW1VbVVtVW1Va1U
rRS1Va0UpRSk1K0VrVWtVa1VrVWtVa1VrVWlVKUVnNSU1JSTnNSUk5TTlRSdFJ0U
nRSU1JTUjJOEUoQRc9B8EYyShFKEUYRRfBFz0GvPW01CikJKQkk6SToJMccxhznI
e89zjnvPe8+EEHvPe8+EEIQQe897z4QQhBCEEHvPe89zTXONfA+UUYxRjFGckpzS
nNKk06TSpNOk06TTpROc0pzSnNKk06TTpNOtFK0UpROtFKTSpNKk060UrVStVK1U
rROtVKzTrRS1Va0UtVW9Vr2WvZa9lr2WvZa9lsXXxde9173XvZa1lr2Wvda9lb2V
vZW1la1UrRStVbVVrVWtVa1VrVWtVaVVpRWtVa1VpVWlVKUUpRSlFJzTpRSlVKVV
pVWlFZ0UnNSU05TTnNOc1JzUlNSU1JTUjJSMk4yThFKEkoRRhFGEUXxRdBBsD1uO
QopCSkJJQgk5yTGHOYc5h3vPc457z3vQhBB7z3vQhBCEEHvPe8+EEIQQhBB7z3vP
c01zTYPPlFGUUYxRnJKk0qTSpNKk0qTSlFGcUqTTrNOk06TTpROlE6TSnJKckqTT
pROlE60UrRSs06TTnJKckpySrRStFa1VtZW1lb2VvZW1lK1UrRS1Va0UrVS1Vb2V
vZa9lr2WxZa9lsWWvZW9Vb1VtVW1lbVVtZW1lrWWtZa1lrWWtZa1lrWWtZa1lrWW
rVWtVa1VrRWlFJ0UnRSdFJ0TnNOdE50TnRSdFJ0UnRSU1JTUlNSUlIyTjJOMkoxS
jFKMUoRShFF8UXQQa9Bjj0JLQkpCSkIJQcgxhzGHOYd7z3vPe8+D0IQQe9B7z4QQ
hBB7z3vPg9CEEIQQe89zjmtNa017joxQjFCMUJSRnJKc0pzSnNKc05ySpNOk06TT
pJKckZRRjBCckpyTpNOlE60UrRStFKTTnJKck6TTrRS1VLVVtZW1VK0UrRStFK0V
nNOk1KUUtVa1Va1VtVa1VrVWrRStFLVUvZW9lb2VvZW9lbVUrRStFK0UrVStVa1V
pRSlFK1VrVWtVa1VrVWlFKUUpRSlFKUUpRSlFKUVnRSlFJ0UlNOUkoRRjJKc1IyS
lNOc05TUlNSUlIyUjJOMkoRSjFKEUYRRfFF0EGvPa89Ki0JKQklCCToIMYYxhjGG
e897z3vPg9CEEHvPe8+ED4QQe897z3vPhBCEEHvPe45zDWtNawyUUYxQjFCUkZyR
nNGc0qTSpNKckqTSnJGMUJSRnNKU0qTSpNOk05ySnJKkk6TTrRSk060UrRStFK0U
rROk0rVUpRStFLVVtZW1lb2WvZa9lr2WvZa918XXxde9172WtVW1VbVVxZa9Vr1V
tVWtFJSSrRWlFK0UrVWtVa1VrVWtVq1WrVatVq1VpRWc05zTnNOlFIySlJKdE50U
pRSlFKUUnRSdFJTTlNOEUoRRjJKEUoRSjFKMkoyTjJKMkoSShFKEEXxRdBFrz2vP
SstCSUIJQgk5yDGGMYc5hnvPe457zoPPg9B7j3vPe9CEEHvPe897z4QQhBB7z3OO
aw1rDVKKlFGMEIwQnJGkkqTSpNKk0qTSnJGk0pzSpNKc06TTpNOckZyRnJKUkpyS
pNOtFK0UpNOk06TSpNKk060UrVS1VbVWtVW9lb2WvZa9lsWWxZbF1sXXxdbF18XX
xdfF173XvZe9lr2VvZW1lbWVrVWtVbVWtVa1VrVWtVWtVbWWrVWtVa1VrVWtVa1W
rVWtVa0VpVWdFJ0UnRSc1JzTnNOc04ySlNOU05TUlNSU1IzUjNOMkoRShFJ8EXwR
fFGEUoRRhBF8UXQQa89jz1MMQklCSToIOggxhjGHMYd7z3POe457z4PPe897z4PQ
hBB7z3vPhBCEEIQQe89zjmsMawxiipRRjBCMUJySnJKckpzSnNKc0qTSpNOlEpyS
lFGUUZSRlFGc0qTTpNOk06TTpNOk05ySpNOtFK0VtVW1VbVVtVW9Vb1VvZW9lr2W
vZa9lr2WvZbFl73Wvda9173Xvda9lr2WvZa9lb2VtZW1VbVVtVWtVaUUrVWk1JyS
nJKlFKUUpRSlVKUUpRSlFKUUnNOUkqUUpRSlFKUUpRWlFaUVnNSUk5STjJKMk4RS
jJKMkoyTjJOMk4yTjJKEkoRShFGEUYQRhFF8EHPPa49bDUIKQgk5yTnIMYcxhzGI
e897j3OPe897z3OOe497z4QQe89zz3vPe897z3OOa01jDGMMc02ED4wQjFCUkpyS
nJKckpzSnJKUUYxRnJKUUpySnNOk06TTpNOk05RRnJKc0qTTpROtFK0UrRS1VbVV
tVW1VbVVtZW1lb2VvZW9lr2WvZa9lsWWxZe9l72XvZe9l72XvZa9lr2VvZW9lL2U
tVSs060UrRWlFK1VrVWlVa1VrVWtVa1VrVWtVa1VrVWtVaUUlJKdFJzTnJOUUpzT
lNOU050UlRSdFJTUlNSMk4yTjJKEUYRRhFKEUYRRhFKEkoRRhFF8UXxQfFBrz2uO
W05CSjoKOgkxyCmGMYYxhnvPe45zjnuPe897z3uOe8+EEHvPe897z3vPe89zjmtN
YstjDIwQjFCMEIwQnJGckpySnNKc0pzSlJKUkpyTnJKckpySnJKUUZRRlJKckqTT
rNOtFK0UrRStFK0UrRS1VbVVtVW1VbVVtVW1VbUUvZW1VLVUvVXFlsWWrRS1VbVV
tVWtVbWWvZa9lr2WvZW9lbVVrRStVa1VrVWtVa1VrVWtVa1VrVWtFaUUrVWtVa1V
pRStVa1VrVWlVaUVnRSc1JTTjJKU05TSlNOUk4yTjJOM1IyUjNOMk4yThFKEEYQR
hFGEUoRSfFJ8UXQRa9Bjj2uPQko6CTnJOcgphzGHMYZ7z3OOc45zjnvPe89zjnvP
e897z3vPe8+Dz3vPc45rTGMLYwuMEIwQjBCMEJyRnJGckZySnNKc0pySnJGUkYwP
jBCMUZySnNOk06TTpNOk060TrRStFK0UrRWtFK0UtVS1VLVUrRSkkpySrNS1FLVV
tVW1Vb2WvZe9lrUVtVW1Va0UrRStFLVVvZW9lbWVtZW1Va0UrRSlFKUUpRSlFKUU
rRStFaUUnNOUkqUUpRSc04xRlJKc05zTpRSlFJ0UpRSdFJ0UnRSdFJTUlNSMk4yS
lNOEUYRRjFKMkoySjJKMk4yShFKEUnwRfBF0EWvQY49rj0JKOgk6CDnIKYcphzGH
c497j3OOc457z3POc45zjnvPe89zjnOOe857z3OOc01iy2LLjBCMEIwPjBCcUZyR
nJGckaSSnJGUUJRQlFGUkZySnNKc05zSnNKk06TTpNOlE60TrRStFK0UrNStE6zT
pNOtE6UUpRStVLWVtZW1lr2WvZa9lr2WvZa1lr2WtZa1lrWVtZW1VbVVvZW9lb1V
tVWckqTUrRStFa1VrVWtVa1VrVWtVa1VrVWtVa1VrVWlFaUVpRSc050UnRSc1JzU
lJOck5zTlNOU05TTlNSU1JTUjJOMk4SThFKEUXxRfBF8EYRShFKEEYQRfBBzz2OO
a49Ki0IJOcg5yCmGMYYxhnOOc45zjnuOg897jnOOc457z3vPc45zjnuPe45zTWsM
YotiyoPOi8+MD4wPnJGckZyRnJGckZySnJKckpySnJKckZyRlFCUUJyRpNKk06TT
pNOk06TTpNOkk6TSrROtFLVUtVS1VbVVtVW1VbVVrVS1VK0TtZW9VbVVtVW9Vq1V
tVa1VbVVvZa9lr2WtZW1lbVVrRW1Fa1VrVWtVa1VrVWtVK1VrVWtVaUUrVWtVaUU
rVWtVa1VrVWtVa1VpRWlFJzTnNOU04yShFGEUoySjJKMk5STjJOMk4yTjJOEk4ST
fFKEkoRShFJ8EXwRc9Brj2uPUsw6CTnIOcgphzGGMYZzjnONc41zjnvPc45zjnOO
e897z3OOc45zjnOOa01rDGLLYshzCovMi8+MD5SRlJGckZyRnJGUUIxQnJGUUJRQ
lFCcUZySpNOk05zTnJGckZyRlFGckqTTpROtFK0UrRStFK0UpNO1FLUUrRS1Fa0U
rRStFLVVtVW1VbVVtVWtVa1VrRSlFK1UtVS9lbWUtVW1VK0UpROlE6UUpRSlFKUU
nNSc05zTpNOUkqUUpRSlFKTUpRSlFJzUpRSlFZzTnNSdFJzUnRSdFJUUlNOU04yS
jJKEUoRSfFF8UoSShJOEUoRShFKEUoQRhBF8EXQQa49rj1MNOgk5yDHIKYYphjGG
c45zjnNNc45zj3OOc45zjnOOc45zjnOOc45zjmtNYwxailpJYoqDjovOjA+UUZSR
nJGc0ZyRjA+ED5RRlJGckpySnNGckZzRnJGMD5QQnJKkkqTTrROtE60TnNGcUKSS
pNOtFK0UtVW1VbVVvZa9lr2WxZbFlr2WvZa9lrWWtZa1lrWWrZa1VbVUvZW1lLVU
rVSUkZySpROlFKUUrRWtVa1VrVWtVa1WrVWtVa1VrVWtVaUUpRSc1JzTpRSMkpSS
lJOUk4xSjFGMkZTSlNOU1JTUlNOM04yThFOEU4xTc49rz4RRhFGEUXxRfBB0EGPP
Y89TTToJMcgxyCmGKYYphnOOc41zjXOOe89zjnONc41zjnuOc05zTnOOc45rTWML
UolaiGtKg82LzowPlFCUkJSRlJGUkZSRlJGckYwQjA97jXtNg8+UkZySnJKk06TT
pNKckaTSpNKc0pzSpNOtFLVUtVW1VLVUvVS1VK1UtVS1VLVUvVW1FLUUvVWtFLVV
tVW1VbVVvZa9lr2VvVW1VbVVrRStFa1VrRWtVaVUrRStVK0UrRStVa1VrVWtVa1V
rVWtVa1VpRWlFaUVpRWc1ZzUlNSMk4RSfBGEEYRRjJKMkYySjJKMk4yTjJOMk4xT
hFOEUoRShFF8EXwRdBBjz2OPW446STIIMccphimGKYZzjnONa01zjnvPc45zjXON
c457jnOOc01zjmtNawxay1JJYsuMD4QPg8+EEJSQlJGUkZSRlJGUkXvNWstSioQQ
hBCUUpyTnNKk0pRQjFCUUZSRnJKk06TUrRStFK0UrROtE6zSpJGckZySpNOk07VV
tVW1VbVWtVW1VbVWtVa1Va0VnJKck60UtVW9lb1UtVS1VK0UpNOck6TTnJKUUZSS
pNSc05zTnNOc05zTnNSlFaUUlJKMUZzTlJKUkpzTlJKc0pzTnROc1JzTlNSUlJST
jJOMU4RShFKEUYRSfFF8UYRShFGEUoRShBF8EXwQa89jj2OPOgkxyCmGIUUpRilF
c45zjmtNc45zjnOOa01rTXOOc45rTWtNa01rTWMMWopSSWMMjBCDz4PPjA+UUZRR
lJGUkZSRlJGMUJRQlJGc0pySlFGUUJRQlFCED5SRnNKk06TTrROs06zTnFGcUJRQ
pNKc0qTTrROtFbVVtZW9lr1VvVa9Vr2WvZa9lr2WvZa9lrVWtVWtVa1VtZW1VLVU
tVSk05zSpNOlFJ0TpRStVa1VrVWtVa1VrVWtVa1VrVWlVqUVnNSc1JSTlJKMUoQR
jFKMUpSTjFKMkoySjJKMk5TTjNOMk4yTjJOMk4RSfBJ8EXPQhFKEUoRRfBF0EGvP
Y45jj1MNMkophzGHMYYpRnOOc45rTWtNc45zjmtNa01zjXONa41rTmuNa01jDFrL
UklrDIwPhA6DzowPlFCUUZRRlFGckZSQnJGckZyRlFCUUIRPjFCUkZzSpNOk0qTS
pJGkkpyRnJGk0pySpNOtFK1UtVWtVLVVtVW1VbVVtVW1VbVVtVWtVK1UtZW1Va0U
rRS1FbVVtVW9Vr1WtVS1VLVUrRStFK0UrRStFK0UrRStFKUTpRSlFKUUpRSlFKUU
pRSlVKUUpRSdFJ0UnRSdFJ0UlNSU05STjJOEUoRShFKMk4yThJOMk4yTjJOMU4yT
hJOEU4RThFKEEXwRfBFr0GOQY5Bbj0KLKYcxhzFGKUZzjmtNa01rTXOOc45rTWtN
c45zjmtNYwxrTWsNYsxai1JJawyED4PPg86MD5RQnFCUkJSRlJGEEIQQlFGMEIxR
lJKUkpzSnNKckZyRlJGUUJyRnJKc06TUrRStFK0TrRS1FK0UpNOlE6UTpNOk06UT
tVW1VbVVtVW1VbVWrVWtFKTTpROckqTTtRS9VbVVtVS1VK0UnJKUkZRRlJGckpzT
lJKUUZSSnNOc05zTnNSlFJzUnNSc1KUUlJKUkpzTlNOU05TTnNOc1JTUlNSU1JTT
jNOM04ySjJOMk4yThJOEk4SThJOEUoRSfFF8UXQRa9Brj2uPY49KzCmHMYcxhylG
c01rTWsMa01rTXNOa01rTXOOc45rTWtNa01jDFrLWolKCGKJc0yDzoPOhA+UUJRQ
lFGUkZSRjFGUUZSSnJKc0pySnJGckZRQlFCckZySpNKk0qTSpJKk0qSRnNKk0qTT
rRStFK0UtVWtVbVVtVW1VbVWtVa1VrVWvZa9lr2WtZa1lrVWrVWtFa0UtVW1VbVU
tVStVIwRlJKc05zTpRSlFKUUpRSlFKUVpRWlFaUVpRWlFaUVpRWlFZzUlNOU04zT
hFKMkoySjJOMUoxSjJOMkoyTjJOMlIyThFOEk4SThJOEk4SThFKEUYQRfBF0EGvQ
Y89jz2OOUwwxhzGHMYYpRmtNa01jTGtNc41zjmtNYwxrDWtNYwtjDGtMYstailJK
SglrDIQPe857zoQPjFCUUJRRlJGUkZSRnJGUkZSRhBCMUJRRlFKckqTSnNKk0pyR
nJGckYwPnJGckqTTpNStFK0UrRStFK0UrRStFK0UtVStVK1UrVStVK0UrRWtFKzU
tVStVa1VtVW1VbWVtVS1VLVUrRSlFKUUpVSlVK0UrRWtVa1VrVWtVaUUpRSlFKUU
rVWlFKUUpRSlFKUUnRSdFJ0UnNSU1JTTlNSMk4yThFOEUoRSfBGEUoRShFOEUoRS
hFKEUoRShFKEUnxRfBFz0GvPa89jj1tOKYgxhymHKUZrTWtNa01jDGtMa01rTWMN
a01rTWMMYwxjDVrLWopSiVJJc02Dz3vOe82EDoxQlFCUUJRQlFGDz4xQlFGUkoxR
lJGUkZySnJGckZyRjE+MD5SRnJKckqTTpNOk06zTpNOk06TTpROc0pSRnNKk060U
pRStFK0UrRWtFK0UpNOk060UrRSk05yStRS9VbUUtVStVKTUpNOk05zTnNOc05zU
nNOk1KTUpRSc05SSlJKUkpzTjFGMUZSSlNOUkpSSlJKUkpSSlNOU05TTlNOU04zT
jNOMk4SThJOEU4RSfBJ8EoRSfFF8EYRShFJ8UXQRdBBrz2uQY49jjjHIMYcphylG
a0xrTWtNa01jDWMMa01rTWtNa01jDGMMYwxaylqKUklSSHuNg857jnuNhA+UUJRQ
lFCUUJRRlFCUkJSRlJGUkZSRjFCMUJRRlJKUkZzSnJKc0pzSnNKc0pySnJGcUZRR
pJKk06TUrRSk06UUrVStVbWVtVW1VbVVtZa1lbVWtVatVq1VrRWtFKUUtVS1FLVU
rROckpzTnJOc06UUpRSlFaUUpRSlFaUVpRSdFJzTnNSdFJzUlNOMk5TTjJKEUYSR
hFGEUYxRe89jDIxRhBGEEYxTjJOMk4zTjJOMk4SThFOEUoRSfFKEUoRSfFF0EXQQ
Y89jj2OPW046CTGGKYYpRWsMawxrTGtMa0xjDGtMa01rTWtNawxizGLLWopaSlJJ
Skh7jYPNe417jYwPlFCUUIxQjFCUUYxRlFGUUIwPjA+MUJRQlJGUkpySnJKckpSR
nJGckZSRnJGckpySnJKkk6zUrRWtFa0VrRW1VbVVtVW1VbVVtVW1Vr2WtZa1lrWW
tZa1VrVWtVa1VbVVrRStFK0UpNOlFKUUrRSlFKUUpRSlFaUUpRSlFKUUpRSlFKUV
pRWlFKUUnRSdVJ0UnRSdFJUUlRSM1IyThFKMk3wRfBGEUoRShFKEUnxRfFGEUYRS
hFKEUoRShFKEUnwRfBF0EWvQY49jj1uOOkophymGIUVjDGtMa0xrTWMMYwxrTWtN
a01rTWMMYwxiy1KKUklSSFJIe417zXvNc42ED4wQjFCMUJRRlFGDz4wQjFCMUIxR
lFGUUZRRlJGckZRQjFCMEJRRlJKckqTTpNOk1KUUrNSs1K0UrRS1Fa0VtVW1VbVV
tVW1VbVVtZa1lrWWtZa1lrWWtZa1VrVVtVW1Va1UrVStE6UTpNOc06UTpNOc0pzS
pRSc05zTnNOc05zTnNSlFJzUlJOMkoySlNOU05STlNOU0pTSlJKU05STlNOU04zT
jJOMk4SThJN8UoRSfBF8UnPRfBF8EYRShFJ8EnwRfBFr0GOPY49bj0KLMYcpRilF
YwxjDGNMY0xjDGMMYwxjDGtMawxjC2LLYstSSlJJUklKSGLKawt7jXONhA+MT4xQ
jFCMUIxQjFCMUYxQlFCMT4QPhA+MUIxRlFGUUZRRnJKckpySnNKc0qTTpNOk06UT
rRStFLUUtRW1VLVUtVW1VbVVtVW1VbVVtVW1VbVWtVa1VrVWtVa1VrVVtVWtFK0U
rRSc05zTnNOdFJ0UpRSc06UUpRSc1KUUpRSlFKVUpRSlFJzUlNSc1JzUnNOUk5TT
jJOEUoRRjJKEUoySjFKMUoySjJKMkoyShJKEkoRThFJ8UnxSfFJ8UnxSfBJ8EXQQ
c9Bjj2PQW49CzCmHKUYhRWMMYwxjDGMMYwxizGMMawxrDGsLYstailqLUklSCVJJ
Skh7z3vNe41zjYQOjE+MUIxQjFCMUYRQjBCMUHvPc457zowQlFGUkpSSlJKU0pyS
nJKckpyTnNOk06TTpNOk1K0UrRStFa0VrRStFK0VrRWtFK0VrVWtVa1VrVWtVa1V
rVWtVa1WrVW1VbVVrRStFK0UpNOlFKUUpRSlFKUUpVSlFKUUpRSlFKUUpRSlFKUU
pRSlFKUUpRSlFKUUpRSdFJ0TlRSU1JSTlJOMk4RShFKEUnwRfBB8UGuOdBB8UXxR
fFF8UXxRfFJ8UnxSfFJ0EWvRY5BjkGOPUw4phylGKUZjDGLMawxrDGMMWstjDGMM
YwxjDFrLWopailJJUkhKSEpIe857zXOMc42ED4wPjA+MUJRQjFB7zYQPjFCMEIwQ
lFGUUZRRlFGUUZyRnJKckpySnJKc0pzSpNOs06TTpNOk06TTpNOckqTTpNOk0pyS
lJKk06TTpNOtFK1UpRSc06TTpNOtFKzTrRS1FLUUrRStFKTTpNOk06TTnNOc0pSS
lJKc05zTlJKUkpzTnNOUk4xSlJOUkpSSnNOUkoyRlNKU05TTlNOU05TTlNOU05TT
jNOM04yThFN0EnwRdBF0EXQRa9Br0HQRfFJ8UnQRdBFr0WPQY9Bbj1tOKccpRilF
Wstay2MMYwxbDFrLYwxjDGMMWwxay1rKWopKSUpHSghKSXuOe417TXuNjA+MD4wQ
jA+MUIxQjFCMUIxQjFCMUIxRjFGUUZRRnJGckZyRnJKckpySnJKckpySnJGckZyR
nFGckpySlFKk1K0UpRSlFKUUpRStFK0UrRW1Va1VrVWtFa0UrRWk1KTTtRWtFK0U
rROckZRRnNOc05TTlJKUkpzTnNSk1KUUpRSk1KUUnNOck5zTnNOc05TTjJKEUYyS
jJOMk4RShFGMk4yTjJOMk4yTjJOMk4yTjJOMkoSShFKEUnxSfFJ8UnxSfFJ0UXRR
bBFj0GPQY5BbTjHIKUchRmLLWstizGMMYwxay2LMYwxjDFrLWopSilKJSglKCEoI
Ukl7jnONc41zjYQPhBCMEIwQjBCMUIxQe8+ED4POhA+MUZRRlFGUUZSRlJGUkZSR
lJGMUIQPe86UUZySnJKckqSTpNSk1KUUrRStFK0UrRStFK1UrVStVa1VrVWtVa1V
rVWtVa1VrVWtVa1VrVStFK0TpNOc05zTpROlE6UUpRSlFKUUpRSlFKUUpRSlFKUU
pRSlFKUUpRSdFJ0UnRSc1JTUlNOUk4yTjJOMk4yTjJOMk4yThJOMk4yThJKEkoRS
hFKEUoRShFJ8UnxSfFJ0EXQQa9Bj0GOQW046CimHKUZay1rKYwtizFrLUspay1rL
Wstay1rKUolSSUoIScdJx1JJe41zjXONc42ED4QPhBCMEIwQjBCDznNMhA+EEIwQ
lFGUUZRRlFCUUIwPjA97jYxQjFGMUZRRnJKc0pzTpNOk06TTpNOk06STpNOk0pyS
pNOlFJzTnNOc06UUpRSUUZzTpNSk1K0UrRS1Va0TrROtE6TTpNOc06TTpNSk1KUU
pRSlFKUUpRSlFKUUpRSdFKUUpRSlFKUUpRSlFJ0TnRSc1JzUnNSU1JTUlNOU05TT
jNOMkoSTjJOEk4SShFKEU4RThFKEUoRSfFJ8UnxSfFF0EGvQY9BjkFtPQkspRylG
WspaymLLWstiy1qKWstay1rLWotailJKUklKCEHHScdKB1qJawtzTXNNhA+MD4QP
hA+MD4wQhBCMEIxQjBCMEIwQlFGMUIPPjBCMEJRRlFGckpySnJKckpSSlJGUUYwQ
jBCUUJySlFGUUZSSnJOUkqTUrRSlFKUTrRStVK0UnNOc06UUpNOk06TTrROtE60T
rROk06TTpNOc05zTnNOc05zTpRSlFKUUpRSlFKUUnRSdFJ0UnRSdFJ0VlRSVE5TT
lNSU05TTlNOU05TTlNOMk4yTjJOEU4SThJOEk4SThFKEUoRShFJ8UnxSfFJ8UnRR
dBFr0GOQY9BbjkLLMYcpRlLLUotay1rLYsxailqLWstay1rLWopKSUoJQghBx0IH
Wop7jnNNc01zTIPOhA6ED4QPhE+MT4xPe81zTHuNg8+DzowQjBCMEZRRlFGUUZRR
lFCUUJRQg85zjYxQjA+MEIxQlJKc06TTpNOlFK0VrRStFK0UrRWtFa0VrVWtFa0V
rVWtVa0VrVWtFa0UrROtE60TpNOk0pyTnNOc05zTlNOc05zTpNSk1KTUpNSlFJzU
nRSdFJzTnNSc1JTUlNSU1JTUlNSU05STjJOMk4yTjJOEUoSThJKEk4SShJJ8UoRS
hFJ8UnxSfFJ8UnxSdFF0UXQRa9BjkGPQW49LDSmHKUZailqKWopiy2LLWopaylqK
Wstai1JJUklKSEIIQcdCB1qJe41zTHNMc0yDzovPg8+MD4QPjA+MD3NNc02Dz4QQ
jFCMUIxQlFCMUIwQjBCED3vOjFCMUIQPjFGUkpySnJKc0qTTpNSk1KTUpNOk05yS
nJKck6TTpNOkk6UUpRSc1KUUpNStFK0UrRStFa0TpROlE5zTnNOc05zSnNKUkpSS
lJKc05zTnNOc05zTnNOc05TTlNOc05TTjJKUkpzTlNOU05STlJOMk4yTjJOMk4xT
jJOEUoRShFKEU4RThFKEUoRSfFJ8UnxSfFF0UXxRfFF0EXPRa5BjkWOQUw8phylG
UotSilLKWstay1KKUopSilKKWopSSkpJSglByEHHQcdainuNc0xrC2tMg86DzoPO
hA+ED4wQjBCEEIQQhA+ED4QPc41zjWtMhA+Dz5RRjFGMUZRRnJKUkpySnJKckpyS
nFGc0pySlJKMEJySlFKMUZRRnJKk06UTnJKc05zUpRSk1KTUrRSk06TUrRStE6US
pRKc05zTlJKMUYyRjFGMUYxSlJKUkoxSjFKMk5STlJOUk5STlJOUk5STjFKMk4yT
fBF8EXxRfFF8EXwRfFF8EHwRhFGEUYRShFKEUnxTfFJ8UnxSfFJ8UnxRdFF8UXxR
fBFz0GvPY9BjkFtPMckph1qKUopai1qKWotSSlKKWopailKKUklKCEIIQcc5hkGG
WopzjWtMa0xrjXvOe86DzoPOhA6EDoQOg857zXONa0x7zXOMe42ED4xQjFGMUYyR
lFGUUZQRlFGMEIPOlA+ckZRRnJKc05zTnJKk1KTUpRSlFKUUpRStFK0UrRStFa0V
rRWtFa0VrRWlFKUUrROlE6TTnNOc05SSlJKUkpSSlJOc05zTnNOc05zUnNSc1JzV
nNSc1JzUnNSU1JTUlNSU04ySjJKEkoRRfFF8EXwRc9Bz0HQRdBF0EXPQc9B8EXxS
c9Bz0IRShFJ8UnxSfFF8EXQRc9Fr0GOPY5BbTzHJKUdSilJJWopailqKUolSilKK
UopSiUpJSghKB0HHOYY5xlrKa01rDGsMc02DjoPOg86ED4QPe857jYPOg457zoPP
hBCEEIQQjBGUEYwQg8+Dz4QPhA+MEJRQlJGUkZSSnJKc0pzSpNOk06TTpNSk06TU
pNSk1KTTrRSlFKUUpNOk1K0UpRSlFKUUpRSlVKUTpRKk0pzSnJKc0pySnJKc05zT
nNOc05zUnNOU05zTnNOc05zUlJKUkpSSlNOU05TTlNOM05TTlNOMk4yTjJOMk4yT
hFOEUoRThFJ8EnwRdBF0EWvQY890EHxRfBF8UXwRdFF0EWwRY9Bbz1vQU486SymH
UopKSVKKUopailJJUopSilKKUkpKSUoIQcg5xzmGOYdSB1KJawtrC3NMe457zoPO
g86ED4POe86Dz4QPg8+ED4QPe897z4QPjFCDz3vPjBCUUZRRlFGUUZSRlJGckpyS
nJKckpySnJKMEJRRlFGckpySjFGUUZzSnNKckpRRlJKUk5SSnNOck5yTpNOs06TT
pNKk0pySlJKMUYxRhBB7z4QRlJKc05SSlJKMUoySjJKMkoQQfBB8EIyThFKMUoxS
jFKMUXwQfBB8EYRRfBGEUoRShFKEUoRShFKEUnxSfBJ8UnwSfFJ8UnxSfFF8EXQR
dBF0EGvQY49jkFtPOosph0qJSklSilKKUopKSVJJUolSilJJSklKCEHHQcc5hjmG
WopzTGsKawpzTIPOe817zoPOg86DzoPOg897jnuOe89zjXuOg8+Dz4wQjBCMEIwQ
jFGUUYxQjFGMEIwQjA+UUZRRlFKUUZSShBCUkZySnNOc1JzTnNOc05zTpRSlFKUU
pRSlFJzUnNOc05zTpNOk06TSnJKU0pSRjFGMUYxRjFGMkpSTlNOU05STlJOUk5TT
lNOU04ySjJOMk4yTjFOMk4RShFJ0EXQQdBB0EGvPfBB0EHPPfBB0EGvQfFJ0EGvQ
dBB0EHwRfFF8UXxRfBF8EXQRdBFr0GPQY9Bbj0MMIYdSikpJUklSilKKUkpKSUqJ
SolSSUoISghBx0GHOYY5hlrKawxjC2MLa0x7jXvNe86DzoQOc0xrCnuMe817zoPP
e86ED4QPhA+EEIwQg8+Dz4PPawt7THuNg86MEIxRlFGUUZyTnJOc05zTnNOc06TU
rRSlFKUUpRSlFKVUpRSlFKUUpRSlFKTUpRSlFKTTpNOc05yTnJKUkpSSlJKUkpSS
lJKc05zTnNOc05zUnNOc1JzTlNSU1JTUlNSU1JTUlNOU04yTjJOMk4SThFOEk3xT
fFN8UnxSfFJ0EXRRbBFj0GvQY5BrkHxRfFF0UXQRdBF0EXQRdBBj0GPQW49LDSmI
UopKSVKKUopSiUpJSklKSUpJSklCCEIIQcc5xkGGOYZiy2tMYwtjC3NMe857zXvO
e857znONc417znvPg8+Dz4QPe857zoPOhA57jWsLe42ED3ONhA+MUIyRlJKUkpSS
lJKUkpyTnJOc06TUpNSk1K0UpRSlFKUUpRSlFKUUpRSlFKUUpNSlE6UUpRSlE6TS
nNKc0pSSlJKUkpSSlJKc05zTnNOc05zTnNOc05zUnNSc1JzUnNSU1JTTlNOU05TT
jNOM04zTjNOM04ySjJOEk4yThJOEk4RTfFKEUnxSfBJ0EXQSdBF0EXQRdBF0EXQQ
dBF0EWvRY9FjkFuQU08ph1qKUklKSlJKUkpKSUpJSklSSUpISghBxznHOcYxhjmG
YsprDGLLYwprTHONe417jXvOe86DznvOe857jnvOc4xjC2MLc417jYPOe86D0IwQ
jFCMUIxQlFGUkZRRlFKckpSSlJKckpySpNOk06TTpNOk1KTUpRSlFKUUpRSlFKUU
pRSlFKUUnNOlFKUUpROk0pzSnJKUkpSSlJKUkpSSlJKUk5STlJOUk5STlNSU05TT
lNOU1JTTlNOU05TTlNOU05TTjJOMk4yTjJOMk4yTjJOMk4yThJOEk3xSfFJ8UnxS
fFJ8UnxRdFF0UXQRdBFsEXQRdBF0EmvRY9Fb0FuPMclSSUoJSklKSVJJSklKCUpJ
SklKCEoIQcdBxzmGOUY5hmLLYwtiymLKa0tzjHuMe417jnvNa0tjC3NMYwt7znON
c017joQPhBCED4QPjBCMEIwQlFCMUYxRlFGUUZRRlFGckpySnJKc0pzTnNOk1KTT
pNOk06TUpRSlFKUUpRSlFKUUnRSlFKUUpRSlFKTTpJKkkpSSlJKUkpSSlJKUkpST
lJKU0pSTlJOUk5TTlJSUk5STlNOU1IzUlNSU1JTTjNOMk4yTjJOMk4yTjJOEk4ST
hJOEU4RShFKEUoRSfFJ8UnxSdFJ0UXxRfFF0EXQRdBF0EXPRdBFr0GvQY5BbTzIJ
SklKCFIJUklSSUoJSglKCUoJSghCB0HHOYY5hjlFOYVKB1JHYspiynMLc4xzjHON
c417jnNMc01zjnvOe897z3vPg8+Dz4PPhA+ED4QQjBCMEIwQjFCMUIxQjFGUUZSR
lJKUkpSSnJKckpzTnNOc05zTnNOc06TTpNSk1KUUpRSlFKUUpRSdFKTUpNSk05yS
nJKUkYxRjFGMUYxRjFGMUYxRjJKMkpSSlJOUkpSSlJKUkpSSlJKUkoyTjJOMkoyS
jJKMkoySjJKMUoRShFKEUoRShFKEUoRSfFJ8UnwSdFJ0UnRRdBF0UXQRdBF0EXQR
dBFz0WwRa9Bj0GPQW486ikpJSglKSUpJSklKCEIHSghKCEIIOgdBx0GHOYYxRjFG
Ysxiy1qKYsprC3OMc4xzjXONc417jnuOe457jnvOe8+DzoPPg8+ED4QPhA+ED4QQ
hBCMEIwRjBCMEJRRlFGUUZRRnJGUkpySnJKck5zTnNOc05zTnNOk06TUpNSlFKUU
pRSlFKUUpRSlFKUTnNKc0pySlFGMUYyShBCEEJSRhBCEEIxQhA+EEIQQjFGEEIQQ
jFGMUYxRjJGUkoxSjJKMkoxRjJKMkoSSjJKEkoRShFJ8UXxRfFF8UXxRfFF8EXQR
dBF0EXQRdBF0EXQRdBF0EXQRdBF0EWwQY9Bj0VuPQotKSUoJSglKCUoJSglKCEoI
SghBx0HHQcY5xjGFMUUxhWLLYspaylrJa0trjHOMc4xzjXPNc41zjXvOe857zoPO
g86DzoQOhA+ED4wPhA+ED4QQhBCMEIwQjBCMUIxQjFGUkZSRnJGckZySnJKck5zT
nNOc05zTpNOk06TUpNSk1KTUpNSk1KTTnNOlFKTTnJKckpRRjBCUUYPPhBCMkoRR
hFGEUYxSjFKMkpSTjJOEUoRShFKEUoSSjNOMkoyTjJOEk4yThJKEUYSSfFJ8UXPQ
c89z0HPPc9B8EHQQfBF8UnxSfFJ8UnQRdBF0EXQRdBF0EHPQbBBsEGPQY9Bbj0sN
SglKCEoISghKCEoIQghCCEHIQcg5hzmHMYYxhTFFOYVjClrKWslayWtLa0xzTHON
c41zjXONc45zjnuOe817zXvOfA6EDoPOhA+MD4QPhA+ED4RPjBCMEIwQjFCMUJRR
lFGUkZSRlJKckpySnJOck5zTnNOc05zTpNOk06TTpNSk06TTnNOc05zTnNOc05SS
lJKUUZRRjFGMUYxRlJKUkpSSlJOUkpSSlJKUk5STlNOU05TTlNOU05TTlNOU05TT
lJKMk4yTjJKMkoSThJOEk4RShFJ8EXwRfFJ0UnQRfFJ8UnxSdFJ0EnQSdBF0EXQR
dBFz0GwQa9Br0GvQY5BbTkoISchKCEoISghBx0HIQcdBxznHOcY5hjGFOUUxBDmG
Ystay1qKWoprDHNMc0xzTXuNc417jXONe417jXuOe457jnvPg8+Dz4PPg8+Dz4QP
hA+ED4QPjBCMEYwRjFGMUYyRlJGUkZSSlJKUkpyTnJOck5zTnNOc05zTnNOc05zT
nNOc05zTnNOc05zTnJKUkZSSlJGMUYxRjFGMUYxRlJKUkpSSlJOU0pSTlJOUk5ST
lNOU05TTjNOU05TTlJKUk5STjJOMk4yTjJOMk4xThJOEk4SShFKEUoRShFJ8UnxS
dBF8UnxRfFF0UXQRdBF0EXQRdBB0EGvQY9Bj0FvQW49CCEHHQcdBx0IHQgdBxjnH
Qcc5xjmGOYY5RjFFMUQ5hWLKYolaiVqJawtrS2tLa0xzjHONc4xzjXOOc45zjnOO
e857znvOe857zoPPg8+ED4QPhA+ED4QQjBCMEIxRjFGMUYxRlJGUkpySnJKckpyS
nJOc05zTnNOc05zTnNOc05zTnNOc05zTnNOc05SSlJGUkZSRjFGMUYxRjFGMUYxR
jFGUkpSSlJKUkpSTlJOUk5STlNOU05TTlJOUk5STlJOMk4yTjJOMk4SSjJOEk4ST
hJOEU3xThFKEUoRSfBJ8UnxSfFJ8UnwSdBF0EXQRc9B0EWwRbBFr0GPQY9Bj0VuQ
QcdBh0HHQcdJx0HHQYY5h0GHOUY5hjlGOUUxRDEEOUVJx1IIWolaiWsLa0xrTHNM
c01zTXONe41zjXONc41zjnuOe86Dz4POe857znwPhA+ED4QPhA+ED4QPjBCMUIxQ
jFGMUYxRlFKUkpSSnJKckpySnJOc05zTnNOc05zTnNOc05zTnNOc05zTnNOc0pSS
lJGMUYxQjFGMUYxRjFGMUYxRjFGUkpSSlJOUk5STlJOUk5STlJOUk5STlJOMkoyS
jJKMk4yTjJOMk4ySjJKEkoSThJKEUoRShFKEUnxSfFJ8UnxSfFF8EXQRdBF0EXQR
bBFsEWwQZBBj0GPQY9BbjznGOcY5xznHOcc5xzmHOYY5hjmGMYUxRTFFKUQpBDmF
WspSiVKJUolrC2tLa0tzTHNMc0xzjXuNc41zjXONc417jnuOe86DznvOe857zoPP
g8+EEIQQhBCEEIwQjBGMUIxRjFGMUZRSlJKUkpSSlJKUkpSSnNOc05zTnNOc05zT
nNOc05zTnNOc05zTlJKUUYxRjFCEUYxRjFGMUYxRjFGMUYxSjFKMkoySlJKUkpSS
lJOUk5STlJOUk4yTjJKMk4yShJKMk4yTjJOEkoSShJJ8koSShFKEUoRSfFF8UnxS
fFJ8UXRRdBF0EXQRdBFsEWwRbBBkEWPRY9Bb0GPRY885hjmGMYY5xznGOcYxhTmG
OYY5hTGGKUUpRSkEKQQ5hlqKUolSiVqJawprC2tLa0xrTGtMc41zjXONc41zjXON
c417jnvOe857znvOe857z4PPhA+ED4wPhA+MD4wQjBCMUYxRjJGMkZSRlJGUkpTS
lJOck5yTnJOc05zTnNOc05zTnNOc05zTnNOUkpSSjFCMUIxQhBCEEIQQjFGMUYxR
jFGMUYxRjJKMkoySjNOMkoySjJKMkoySjJKMkoyShJKMk4yTjJOMkoSShFKEUnxS
hFKEUoRShFJ8UnxSfFJ8UnxRfFF0EXQRdBF0EXPRdBFsEGwQa9Br0GPQY9Bj0GOP
OYY5hjmGOYY5hjmGOUY5hjGGMUUxRSlFMUQpBCkEQcZaylKJUolaiWsLawtrC3ML
c0tzTHNMc41zjXONc41zjXONc417jXvNe857znvOe8+Dz4PPg9CED4QQhA+ED4xQ
jFGMUYxRjJGMkZSSlJKUkpSSlJKUkpSSlJKc05zTnNOc05zTlJKUkpSSlJKMUYxQ
jFGMEIQQhBCEEIQQhFCEUYxRjJGMUYxRjJKMkoySjJKMkoySjJOMkoySjJKMkoyS
jJKMkoySjJKEkoRShFKEUoRShFKEUYRSfBJ8UnxRdFF8EXwRfBF0EXQRdBF0EXQR
bBFsEGPQY9Bj0GOQY9BjzzFFMUUxRTlGMUYxRjFGMUUxRTFFKUUpRSlEKQMpA0HG
WopSSFqIWohrCmsKawtrDGtMa0xrjHOMc4xzjXONc417jnuNe417jnvOe86Dz3vO
e857zoPPg8+ED4QPhA+EEIxQjFCUUIxRlFGUUpSSlJKUkpSSlJKUkpSSlJKUkpSS
lJKUkpSSlJKUkoxRjFGEEIQQhA+ED4QPhA+EEIQQhBCEUYRRjFGMUYxSjFKMUoyS
jJKMkoySjJKMkoySjJKMkoSShJKEkYSShJKEUoRShFKEUoRShFJ8UnxSfFJ8UXxR
fFF0EXQRdBFsEXQRbBFsEWwRZBBr0GvQY89jj2PQY9ApBCkEKQQpBClEKQMpAykD
IQMowyjDKMMogiDCIMJBxlKJUkhSSFKIYwpjC2sLawtrS2tLc0xzjHNMa0xzjHOM
c417jXONc417jnuOe857zoPPg8+Dz4PPhA+ED4QPhA+EEIwQjFGMUYxRjFGMUZSS
lJKUkpSSlJKUkpSSlJKUkpSSlJKUkoxRlJKMUYxRhA6EDnwOe897z3vPhBCEEIQQ
hBCEEYxRjFGMUYxSjFKMUoySjJKMkoySjJKMkoySjJKMkoSShJKEkoRShFKEUoRS
hFKEUoRSfFJ8UXxRdFF8UXQRdBF0EXQRc9F0EXQRbBBr0GvQa9Bjz2PQY9Bbj2PQ
IIIggiCCIIIgghiBIIEggSCBIIEggSCBIEEgQSBBOURBxkoHUkhSiWMLYwtjC2sL
awtrC2tMa0xrTGtMc0xzTXONc417jXuNe417jnuOe897z3vPe897z4PPg8+ED4QP
hBCEEIQRjFGMUYxRjFGMUZSSlJKUkpSSlJKUkpSSlJKMkZSSlJKUkpSSjFGEEHvO
c857znvOe897z3vPfBB8EIQRhBCEEYRRjFGMUYxRjFGMUoxSjFKMUoySjJKEkoSS
hFKEUoRShFKEUoRShFKEUoRRfFF8UXxRfFF8UXRRdFF0EXQRdBF0EXQRdBFsEWvQ
a9Br0GvQa9Bj0GPQW49bjyCBIIEggSCBIIEggSCBIIEggSCBIIEYgRiBGIEYgUHG
UolKSEqIWoljCmLKYwpjCmMLawxrDGtMa0xrTGtMc0xzTHNNc01zjXONc45zjnPO
e857znvOe897z3vPhA+EEIQQhBCEEIwQjFGUUYxRjFGMUYxRlJKUkpSSlJKUkpSS
lJKUkpSSjFGMUYQQhBBzjGuMc41zznvOe858D3wPhFCEUIRQhFGEkYxRjFGMUYyR
jJKMkoySjFKEUoRShFKEUoRSfFKEUoRShFKEUnxSfFJ8UXxSfFF8UXRRdFF0UXRR
dBF0EHQQdBB0EGvQbBBsEGQQa9Bj0GPQY9Bjz1uPQkkgQSCBGIEggSCBGIEYgRiB
GMEYgRiBIIEgQBiBGIFBx1JKSklKSVKJWwpjCmMKYwtjC2MMawxrTGtMc0xzTHNM
c0xzTHNMc41zjXONc41zjnOOc857z3wPe897z3wPhA+EEIRQhBGEEYxRjFGMUYxR
jFGMUZSRlJGUkZSRlFCED3uNc0xrC2LKWohSR0nFKMEowjEDMQMxAzEDMQMxBDFD
MUMxAzFDMUMxRDGEMUQ5hTmFOYVBxUHFQcVBxUIGQgZKBkoHSkhSiVLJWwpjCmML
YwtjTGuMc85zznQPdBB0UHRQdFB0UGwQbBBsD2vQa89r0GvQY9Bj0GPPY89CSRjD
GEEYgRiBIIEYgSCBIIEggSCBIIIggSCBIIEggSCBScZSiEpHSkdSiGMJYsljCmMK
YwprCmsLa0trS2tLa0xrTGtMc0xzTXNNc01zjXONc417jnvOe857znvOe857zoQP
hA+MUIxQjE+EDnuMc0tqyWKIUgdJhTkDKMIogSBBIEAgQBhBGEEQQBBAEEAQQRBB
EAEQQBBAEEAQQQhBCEAQQRBBEEAQQBBAEEAQQBBACEAQQBBBEAEQARABEAEQABAA
EEAQABAACAEIAQgBCAEIAQgBCAEIARABEAEQARBBEEEYgSEDIQQpRTGFOcZCB0JI
SolSilLKWwtbTEJIGIIYghhBGIEggSCCGIIYgSCCIIEggSCBIIEggSCBIEEggUoH
UklKCEpIWolaymLKYspiymLKYwpjC2MLY0trS2tLa0trTGtMa01rTXNNc01zjXON
c417znvOe817jGtLaspaiEoGOUQwwiCBGEEYQRhBGEEQQRBAEEEQQBBBEAEQARAB
EAEQARABEAEQARgBGEEggRiBGEEYQRhBGEEQQRBBCEEQQRBBCEEIQQhBCEEIAQgB
CAEIAQgBCAEIAQgBCAEIAQgBCAEIAQgBCAEIAQgBCAEIAQgBCAEIAQgBCAEIAQAB
CAEIAQgBCAEAAQgBCAEIAQgBEEEQQRBBGIEYwhiCGIIYgRiBGIEYgRiBGIEYgRiC
GIEYgRiBIIEggSCBIIFKB0pHSgdKB1KIWslayVrJYspiymMKYwtrC2MLawtrS2tM
a0xrS3NMc0xzTHNMawtiyVJHQcY5RCkCIIEYQRAAEAEQARABEAEQAQgBEAEQARAB
EAEQAQgBEAEQARABEAEQARABEAEQARgAGAAYQCCBKMIowiiCIIEggRhBGEEYQBBA
EEAQQBBAEEAQQBABEAEQARABEAEQARABEAEQAQgBCAEIAQgBCAEIAQgBCAEIAQgB
CAEIAQgBCAEIAQgBCAEIAQgBCAEIARABEEEQQRhCGIIYghiCGIIYghiCGIIYghiC
IIIggSCBIIEggSCBGIEYgSCCGIEggSCBGIEYgRiBOYU5xkoHSkdaiFrJWslayVrJ
WwljCWMKYwpjCmMLYwtjC2LKWolSB0HFOQMwwiCAGEEQQAgAEAAQARABEAEQAQgB
CAEIAQgBCAEIAQgBCAEIAQgBCAEIAQgBEAEQARABEAAQABAAEAAQQBhAIIAwwTkC
MQIwwijBKIEggSCBGEEYQRhAGEAYQBhAGEAQQBBAEEAQQBBAEEAQQBBACEAQQBBA
EEAQQBBAEEEQARABEAEQARABEAEQARBAEEAQQBBAGEEQQRBBGIEYghiCGIIYghjC
IMIgwiDCIIIYghiCGIIQQhhCIIIggiBBIIEggSCBIIEYgRiBGIEYgRiBGIEYwkoH
SghKB0oHUohayVrJWslayVrJWslSiVKISgdBxTlEKMMgwhhBEEAQQRABEAEIAQgB
CAEIAQgBCAEIAQgBCAEIAQgBCAEIAQgBCAEIAQgBCAEIAQgBEAEQARABEAEQARAB
EAAQQBhAGIEggSjBMMI4wjkDMMIowijCKMIogSCBIIEggRiBGIEYgRhBGEAYQBhA
GEAYQBhAGEAQQBBAEEAQQBBAEEAQQBBAEEAQQBBBEIEQQRBBEEEYgRiBGIEYwRiB
GIEYgRiCGMIgwiDCIMIgwhjCGMIYgRiCGIIYghiCEIIYgRiBGIIYgiCCIMEggSCA
IIEggSCBIIEYgRiBIMJCB0IHQgdCR1JIUkhKBkHFOYQxQyjCIMIgghhBEEAQQBBA
EAEIAQgBCAEIAQgBCAEIAQgACAEIAQgBCAEIAQgBCAEIAQgBCAEIARABEAEQARAB
EAEQABAAEAAQQBBAEEAQQBBAGEAYQCCBKIEowjECMQI5AzECMQIwwTDCKMEgwSDB
IMEgwSCBIIAggSCBGIEYgRiBGIEYgBiAGIAYgBiAGIAYgBiBGIEYgRiBGIEYgRiC
GMEYgRiBGIEggSCBGIEYwRjCGMIYwhjCIMIYwhjCGMIgwhjCGMIYghiCGIIQgRCC
GEEgQSCBIIEggiCBIIEggSCBIIEYgSCBIIIYgSDBOUQxQ0HFMUQpAyDDGIIYghBB
EEEQQRABEAEQARABEAEQARABEAEIAQgBCAEIAQgBCAEIAQgBCAEIAQgBCAEIAQgB
CAEIARABEAEQARABEAEQARAAEAEQQBBAEEAQQBhAGEAYQCCAIIEogSjCKMIwwjED
MQMxAzEDKQMpAijCKMIowSjBKMEowSjCKMEggSCBIIEggiCBIIEggSCBIIEggSCB
IIEggSCBIIEggSCBIIEggiCCIMIgwiDCIMIgwiDCIMIYwhjCGMIYwhjCGMIYwhjC
GMIYghiBGIIYghiCGIEQgSCCIIEggSCBIIEggSCBIIEggSCBIIEggSCBGEEYgRiA
GIEgwhCBEEEQARABEAEQQRABEEEQABABEAEQARABEAEQARABEAEIARABEAEQARAB
EAEQARABEAEQARABEAEQARABEAEYARABEAAQQBBAEEAQQBBAEEAQQBhAGEAYQCBB
IEEggSjCKMIwwjECMQIxAzkCOQMxAzECMQIxAjECMMIwwjDBKMIowijCKMIowSjB
KMEowSDBIMEgwiDBIMIgwiDBIMEgwSDBIMIgwiDCIMIgwSDBIMIgwiDCIMIgwiDC
IMIgwiDCGMIYwhjCGMMYwxjDGMIYghiCGIIYgRiBGIEggiCCIIIgghiCIIIYgRiB
GIEggSCBIIEggSDBIIEYgRhAEEAQQBBACEAIQBBBEEEQQRBBEEAQQBBAEEAQABAA
EAAQABAAEEAQQBBBEAEQARABEEEQARAAEEAQABBACEAQQBBAEEAQQBBAEEAQQBhA
GEAYQBiAGEAYQBhAGEAggSCBKIEowSkBMQExAjECMQIxAjECMQIxAzEDMQMxAzEC
KQIowijCKMIowijCKMIowijCKMIowijCIMIgwiDCIMIgwiCBGIIgwiDCIMIgwiDC
IMIgwiDCIMIgwiDCIMIgwiDCIMIgwiDCIMIYwhjCGIIYghiCGIEYQRiBGIEQQRBB
IIEggiCBIIEYwRiBGIEYgRiCGIEYgSCBIIEggSCBIIEYgRhBGEEQQBAAEEAQABAA
EAAQABBBEEAQQBBAEEAQQBBAEEAQQBBAEEAQQBBAEEAQQBBAEEAQQBBAEEAQQBBA
EEAQQBhAGEAYQBhAGEAYQBhAGEAYQCCAIIAggCCBKIEowSjCKMEpAjECMQIxAzkC
MQIxAjECMQIpAikCKQIpAikCKQEpAikCKMIowijCKMIowijCKMIowiDCIMIgwijC
KMIowiDCIMIgwiDCIMIgwiDCIMIgwiDCIMIgwiDCIMIgwiDCIMIYwSDCGMIYwhjC
GMIYghiCGIIYgRiBGIEQQCCCIIIgghiBIIEggSCBIIEggSCCIIIYgRiBGIEggSCB
IIEYgRhBEEEYQRhBGEEQQRBAGEEQQRBBEEEQQBBAEEEQQRBBEEEQQRBAEEAQQBBA
EEAYQBhAGEAYQBhAGEAYQBhAGEAYQBhAIEAgQCBAIEAggCCAIIEgwSCBKIIogiiB
KMEwwjDCMMIxAjECMQMxAjECMQMxAzEDMQMxAykDKQIpAijCKMIxAijCKMIowikC
KQIpAijCKMIpAikCKQIowijCKMMgwiDCIMIgwiDCIMIgwyDDIMMgghjCIMIgwiDC
IMIgwiDCGMMYghiCGIIYghiCGIIYghiBGEEQQRBBEEEggSCCIIIggiCBIIEggSCB
IIEggSCBIIEggSCBIIEggSCBGEEYgRiBEEEYQBhAGEEYQRhBGEEYQRhBGEAYQRhA
GEAYQRhAEEAYQBhAGEAYQBhAGEAYQBhAGEAYQBhAGEAYQBhAIEAgQCBAIEAgQCCB
IIEggSDBIIEggSiBKMEowijCKMIowijCKMIxAjEDMQMpAykCKQIpAjEDMQMpAykC
KQIpAykCKQIpAykCKQIpAikCKMIowijCKMIowiDCIMIgwiDCIMIgwiDCIMIgwiDC
IMIgwiDCIIIgwiDCIMIgwiDCIMIgwiDCIIIYghiCGIIYghiCGIEYgRhBGEAQQRBB
IIEggCCBIMEggSCBIIIggSCBIIEgwSCBGIEggSCBIIEggSCBIIEYgRiBGIAYgCCA
IIAYQCBBIIEggSCBIIEggCCAIIEggCCAIIAYQBhAGEAYQBhAGEAYQSBBIEAggCCA
IIAggCCAIIAggCCAIIAogSCBIIEowSjBKMEowijBKMIowijCKMIowjECMQIxAjED
MQMxAjECMQMxAzEDMQMpAykDKQIpAikCKQIowijCKQIpAijCKQIpAikCKMIowiDC
IMIhAiEDIMIgwiDCIMIgwiDCIMIgwiDCIMIgwiDCIMIgwhjBGMIYwhjCGMIYghCC
GIEYQRiBGIEYgRiBGEEQQSCCIIEogSCBIIEggSCBIIEggSCAIIEggSCBIIEggSCB
IIEggRhBGIEYgRiBGIEYgRiAGEAgQCCBIIEggSCBGIEggSCBIIEggCCAGEAggCCA
IIAggBiAGIEYgRiBIIEggSCBIIEggSCBIIEggSCBIIEggCCAKMEowijCKMIowijC
KQIpAikCMQIxAjECMQIxAikCKQIpAikCKQIowikCKQIpAikCKQIpAikCKQIgwijC
KMIowijCKMIowijCKMIgwiDCIMIgwiDCIMIgwiDCIMIYwSDCIMIgwiDCIMIgwiCC
IIIYghiCGIIYwhjCGIIQghiCEEEYghiCGIIQgRCBEEEggSCBIIEggSCBIIEYgRiB
GIEggRiBGIEYghiCGIEggSCBIMEYgRiBGIEYgRiAGIEYgRiBGIEggSCBIIEggSCB
IIEggSCBIIEggSCBIIAggSCBIIEggiCBIIEggSCBIIEogSCBIIEggSCBIIEgwSCB
IIEowSjBKMIpAijCKMIwwijCMQIxAjECMQIxAjECKQIxAzECMQMxAzEDMQIxAikC
KQIpAikCKQIpAiDCKMIowijCKMIowiDCKMMowyjDIMIgwyDDIMMgwyDDIMMgwiDC
IMIgwiDCIMIgwiDCIMIgwRjCGMIYwhiCGIIYghiCGIIYghiCGEEYQRhBGEEQQRBB
IIEggSCBIIEggSCBGIEggSCBIIEggSCBIIEggSCBIIEYgRiBGIAYgBiBGIEYgRiB
GIEYgSCBIIEggSCBIIEggSCCIIEggCDAIIEggSCBIIEggiCBIIEggSCBIIEYgCCB
IIEggSCBIIEgwSjBKMEowijCKMIowikCKMIpAijCKMIpAikCKQMpAykCKQIpAzED
KQIpAikCKQIpAikCKQIpAikCKQIpAykDKQMowyjCKMIowijCKMIowijCKMIgwiDC
IMIgwiDCIMIgwiDCIMIgwiDCIMIYwhjCGMIYwRiBGIIYghiCGIIYghCCGIIYghiC
GIEYgRCBEIEQgRCCCEEQQSCCIIIggiCCIIEggSCBIIEggSCBIIEggiCCIIIggiCC
GIEggSCBIIEggSCBIIEggSCBIIEggSCBIIEgwSCBIIEYgSCBIIEggSCBIIIggiCB
IIEggSCBIIEggSCBIMEggSCBIIEggSiBKIEowSjBKMIowijCKMExASkBKQEowijC
KQIpAikCKQMpAikCKQIpAikCKQMpAykDKQMpAykCKQIgwijCKMIowijDKMMowyjD
KMMowyjCKMIgwiDCIMIgwiDCIMIgwiDCIMIggiDCIMIgwiCCIIIggiCCGIIYgRiC
GIEYgRiBGIEYgRiBGEEQgRCBEIEYgRCBEIEQQRBBEEE=
END m9
frame    34 :  a closed book -0.59  an opened book -0.81   led   0/255 h0.00 lvl-0.70   -
frame    35 :  a closed book -0.25  an opened book -0.45   led   0/255 h0.00 lvl-0.35   -

snapshot  : frame 36, mean RGB 128 125 126
BEGIN m9 128 128 32768 aa39360e
YwtiykHHQcdaymMLWspKSGMLa01rTWtNYwx7z4QQhBB7z3vPjFGUkoxRhBCMUZSS
lJKUkpSSjJGMUZzSpRSlE5zTpRSlFKUUpRSc06UUpRSlFJzTnNOlFa1VpVWlFKVU
rVWtVqUVpRWtVa1VrVWtVaUVpRStVq1WrVatVaUVrVWtlq2WpRWlFa1WrVatVqUV
pVWtVq1WpRWdFaVVrZalVZ0UpVWlVaVWpVWdVZ0VnRWdFZ0VnRWdFZ0VnRWdVZ0V
nRSVFJUUnRWU1IzTlNOU1IzTjJOMk4zTjNOMk4RSjJKMkoSRhFF8UYSShFGEUXwQ
dBB0UHQQdBBrz2NNa45zjmrLWspCB0IGWspjClrKSkhjC2tMa0xrTGMLe86EEIQQ
e897z4xQlJKMUYQQjFGUkpSSlJKUkpSSjFGc06UUpRSc06UUpRSlFKUUnNOdFKVV
pRSc05zUrVWtVa1VpRSlVK1VrVWlFKUUrVWtVq1WpValFaUVrVatV61WrVWlVaVV
rZatVqUVpRWtVq2WrValFaUVrVatVqUVpRWlVa2WpVWlFaVWpValVqVWnRadFaVV
pRWdFZ0VnRWdFZ0VnRWdFZ0UnRSdFJ0VlNSU05TUlNSU04zTjJKM04zTjJKEUYSS
jJKEUXxRfFGEUXxRfFF0D3QQdBB0EHQPa89bTWOOY45jC2LKSgdBxlrKYwtaykpI
YstzTHNNc01rTHvPhFCMEHvPe8+MUZSSjFGEEIxRlJKUkpTTlJKMkoxRnNOlFKUU
nNOlFKUUpRSlFJzTnRSlVKUUnNOc06VVrVWtVaUUpRStVbVVpRSlFK0VrVWtVa1V
rRWlFK1VrVatVqVWpVWlVa1WrValFZSSjFGtFK1WrRWlFa1WrValVaUVrVatlqVV
nRWlVqVWpValVp0VnRWlFaUVpRWlFZ0VnRWdFZ0VnRWdFZ0UlRSdFJTUlNOU1JUU
lNOM04ySjNOM04SThFKEUoyShFF8EXwRhFJ8EnwRc9Bz0HPQc9Bz0GuPW01jTWOO
Ystii0oHQcZiimMLYspSSGLKc0xzTXMNawx7j4xRjBB7z3vPjFGUkoxRhBCMUZSS
lJKc05SSlJKMUZSSpRSlFJzTnNSlFKUUpRSc06UUrVWlFZzTnNOtVa1VrVWlFKUU
rVWtVaUUpRStVa1WrVatVq0VpRStVq1WrVatVq0VrVWtVq1Ve89SB1pIYoqlFKUV
pRWtVrVWpRWlFa1VrZatVaUVrVWtVq1WrRalFp0VpVWlFaUVnRWdFZ0VpRalFqUV
nNWU1JTUnRWU1IzUlNSVFJTTjNOMkoyTjJOMkoRRhJKEkoRSfBF8EYRShFF8EXPP
c89zz3PPc89rjlsMW01jTWMLWspKCEHHYstjC2LKUghiynNMc01rDWMMe8+EUIxR
hA97z4xRlJKMUYQQjFGUkpSTnNKUkpSSjFGc0qUUpRSc06UUpRSlFKUUnNOlFKUV
pRSc05zTrVWtVa1VpRWlFK1VrVWlFaUUrVWtVa1VrVWlFaUUrVWtVq1WrValVa1W
rVWlVVqKUkhrS1JIe46lFKUVrVatVq1WpRWtVq2WpVWlFaVWrVatVq1WpRWdFaVV
pRWlFZ0UpRSdFZ0VpRWdFZ0VlRSU1J0UlRSM04zTlROU04ySjJOUk4yTjJKEUoSS
hJOEUnwRfBCEUYRRfBFzz2vPc89zz3PPa49TDFtMW0xjC1rKSgdBxlqJYwtjCkpI
YspzTXNNc0xrDHuOjBCMUIQPe8+MUZSSlJKEEIxRlJKUkpzTlJKUkoxRnNOlFKUU
nNOdFKUUrRSlFKTTpRStVa1VnNOc061VrVWtVaUUpRStVa1VpRSlFK1VrVatVq1V
rRWlFK1VrVW1Vq1VrVWtVaUVlJJKCEoIUkhSSFqJnROlFK1WrValVaUUrVatVq1V
pRWtVa1WrVatVqUVnRSlVaVVpRWdFaUVpRWlFaUVnRWdFZTUlNSdFJTUlNOU05UU
lNOMkoSSjNOMk4yShFGEUYSShFF8EHwQhFF8UXxRc89rz2vPa89rj2uOUsxbDGMN
YwtjC1IIQcdaimLLYwpSSVrKc01zTXNNawxzjoQQjFF7z3vPjFGUkoxRhBCMUZSS
lJKc05SSlJKMUZSSpRSlFJzTpRSlFKUUpRSc06UUrVWtVaUUpRStVa1VrVWlFKUU
rVWtVaUUpRStVa1WrVatVq0VpRStVrVWtVatVaUVpRWc03vPSgdKR1JHUkdSR4QO
pRStVbVWrVWlFa1WrZalVaUVpVWtlq1WrValVqUVpVWlVZ0VnRWdFJ0VpRWlVaUV
nRSVFJUUnRSU1JTUjJOU1IyTjJKEkozTjJKEkoRRhFGMkoRRfFB0EHxRfBF0EWvP
a89rz2vPa89rjlLMWwxbTFrLWstKSEHGWopiy2LLUklay3NNc01zTWsMc46EEIxR
hBB7z4yRlJKUkYQQjFGUkpzTnNOc05SSjFGUkqUUpRSc05zTpRSlFKUUnNOlFK1V
rVWlFKUUrVWtVa1VpRSlFK1VrVWlFaUVrVatlq1WrVatVaUUrVWtVa1VrVWlFKUU
lJJrDFIIUkdSR1JHSkdjCp0TrVWtlaVVnRSlVa2WpVWdFKVVrZWtVq1WrValFaVW
pVWlFaUVpRWlFKUVpVWlVZ0UnRSdFZ0UlNOU04zTlNOU04yShJKMkoyThJKEUYRR
jJGEUXwQfBCEUYRRfBFrz2vPa89rz2uOY01Sy1sMWwxaSVqKUkhBxlqJawpjC1KJ
WspzTWtNa01rTHOOhBCMUYQQe8+MUZSSlJKEEIxRlJKUkpzTnNOUkoxRlJKlFKUU
nNOc06UUpRSlFKUUpRStVa1VpRSlFK1VrZatVaUUpRStVa1VrVWlFK1VrVWtVa1V
pRSUkZRQlJClEaVVpRSlFIQQUohSR1JHUkdSR1JHUkd7jKUTrVSlE4QPc0tjCmMK
e4yc0q1VrVatVq0WpRWlVaVWnRWdFaUVpRWlFaUVpRWlFJ0UnRSdFJ0TlNOU05TU
jNOMk4RSjJOMk4RThBKEUoxShFF8EHvQhFGEUXxRa89rznPOa85rjmtNUopTC1sM
SkdSSVJIQcdaiWsLawtSiVrKc01zTXNNawxzjowQjFGEEHvPlJKUkpSShBCMUZSS
lJKc05zTlJKMUZSSpRSlFJzTnROlFK1VpRSlFKUUrVWtVaUUpRStVbVWrVWlFKUU
rVWtVa0VpRStVa2VrVWUkWMKUkdSR1IHUkhiyYOMg4xrCmsLc0xjClKIUkhSSFpI
WohiyXNLYslSR0pHSkdSR0pGSkd7za1VrVWtVaUVrVWtVaVVpRWlFaUVpRWlVaVV
nRSdFJ0UnRSU1JTTlNOU1IzTjJOEkoyTjJOEk3xRfFGEkYRRfBB70IQRfBF8EWvP
a49rj2uPa45jTlKKUwtbDEoIUklSSEHHUkljC2MLUolainNNc01zTWtMe46MEIxQ
hBB7z4ySlJKUkoxRjFGUkpzTnNOc05SSjFGUkqUUpRSc05zTpRSlFKUUpRSlFK1V
rVWlFKUUrVWtVq1VpRSlFK1VrVWtVaUUrVWtVYxRUkhaR1pHWohaiFqIYsl7zZzS
rZW9173Xtdd7z2MMhBCc061VrVatFZzTe89jDHNNa0xaiVJGSgZ7jK1WrVWlFaVV
pVWlFaUVpRWlFaVWpVWlVZ0VnRSdFJ0UnRSU05TTnROU04zThJKMk4yTjFOEEYQR
jFGEUXwQfBCEUYQQfBBzzmuOa85rjmuOY01KilLLWwtSSFqJUkk5x1KJYwtrC1qJ
Wop7TXNNc01rDXOOjBGMUYQQe8+UkpSSlJKEUIxRlJKc05zTnNOUkoxRlJKlFKUU
nNOc06UUrVWlFKUUpRStVa1VpRSlFK1VrVWtVaUVpRStVa1VrVWlFK1VpRRaSFJH
WkdzDIQQlJKU061Vvda9173Xvde9173XnNOtVbWWvde9173Xvde9173XvZelVYyS
c85aykJISkic0q1VpRWtVq1VpVSlVaUVpRWlVaVVpVWdFJ0UnRSdFJTUlNSMk5TU
jNOMk4SSjJOMk4SSfFF8UYSRfFF8EHwQhFF8UXwRa49jjmOOY45jjVtNQopSy1MM
UkhaSVpIScdaSWrLawtSiVKJc01zTXONc0xzjYxQjFGEEHvPlJKUkpSShBCMUZSS
nNOc05zSlJKMUZSSpRSlFJzTnNOlFKUUrVWlFKUUrVWtVaUUpROtVa1VrVWlFKUU
rVWtVa1VpRSlFIRPUkhSSHNMjBGc061WtZa1lr3Wvda9173Xvde9173Wvda91r3X
vde9173Xvde9173Xtde115zTjJFayUpHe42lVKUUpVWtVaUVpRWlVZ0VpValVaVV
nVWdFJUUnRWU1JTUjJOU1JTTjJOMkoySjJKMkoRQhFGEUXxRfBBz0HxRfFF0EGuP
a45rjmuOY45jTUqKUstSy1IIWklSSUIHUkhrCmsLWolaiXNMc41zjWtMc46EUIxR
hBB7zpSRlJKUkowQjFGUkpzTnNOc05SSlJKUkqUUpRSc05zTpRStVK1UpRSlFK1V
rVWlFKUUrVW1lq1VrVWlFK1VrVWtVaUUpRSDz1KKWsqk07WVtZa1lrWWtZa91r3X
vde918YXvde9173XtZe9173Xvde9173Xvde9173Xtde917WWhBBCSWNNrRWlFa1V
rVWlFKUUpVWlVaVVpVWlVZ1VnRSdFJ0UnRSU05TTlRSU04yShJKM04zSjJKEEXxR
hFGEUXwQc9CEUXwRdBBrzmOOY45jjWOOY01Ki1LLWwtSCFpIWklJx1IJawxrDFKK
WolzjXNNc01rTXNNjBCMUYQQe8+MkpSSlJKEEIxRlJKc05zTnNOUkoxRlJKlFKUU
nNOc06UUpRStVaUUpRStVa1VpRSlFK1VtZa1lq1VpRStVa1VrVWlFJzTg89SiWMM
vZa9lrWWtZa1l7WWvde9173Xvde9173Xvde917WXvde9173Xvde9173Xvde9173X
vde915zTSklzjrWWrZatlq1WpVWlVaVVpVWlVaVVpVWdFJ0UnRSdFJUUlNSU050U
lNSU04ySjJKU0oyShFGEUYSShFF8EHvQhFF8EHQQa45jjmOOY45jjltNSopSy1sL
UgdaSVJJScdSSWsLawxailKJa01zTXNNc01rTYQQjFGEEHvPlJKUkpSShBCMUZSS
nNOc05zTlJKMUZSSpRSlFJzTnNOlFK1VrVWlFKUUrVWtVaUUpROtVa1VrVatVaUV
rVatVq1VrVWtVYxRWspjC73Vvda1lrWWtZa1lrWWvde9173Xvde9173Xvde1l7WX
vde9173Xvde9173Xvde917WWtdaUkkpJnNO1lr3Xtde117XXrZatlqVWrValVqUV
nRWdFZ0UnRWc1JTUlJOVFJTTlNOMkoyTjJOEUnxRhFGEUoRRfBB0EHxRfBF0EGOO
Y05rTWuOY41jTEqKUspbC0oIWolSSUoHUkhjC2MMWopSiXNNc45zjWtNa02EEIxR
hBB7z4xRlJKUkoQQjFGUkpzTnNOc0pSSjFKUkqUUpRSk06TTpRStVK1VpRSlFK1V
rVWtVaUUrVW1lrWWrVWtVbWWtZa9lr2WtZalE3NMWsmtVLWWtZa1lrWWtZa1lr3X
vdfGGMYYxhi9173Xvda1lrWXvde9173Xvde1lr3Xvde9173XjFFSibXWvde9173X
tde117XWtdat1rXWtdatlq2WrZalVaVVnRWdFJTTnRSU1JTTjJKMkmxSbFJsEWwS
hFGEUnwQe9B8UXwRdBBjjmNOY05jTmNOW0xCiUqKUstKB1pJWklCB0oIawtrC1rK
UklzTXOOc41rjGuNhFCMUYQQe8+UkpSSlJKMEYwRlJKc05zTnNOUkoxRlJKlFK0U
pNOlFKUUrVStVaUUpRStVa1VrVWlFK1VtZW1lrWWtZa9lr2WvZa9lr2WtZaUklrL
jFG1lrWWtZa1lr3Xvde9173XxhjGGMYXvde91r3Xvde9173Xvde9173Xvde917WW
tZa91oQQWsu9173Wtde117XXtde117XWtZa1lrWWtZatla2WrZatlq2WpVWlVaVV
pVWdVZ0VfBFUEkwUTBRMFFQTfFF8UXPPfBF8EHQPY45jTWONY05jTVsNSopKylLL
SgdaSVpJSgdKB2MLawxaylJJc01zTXONa0xrTYQQjFGMEHvPlFGUkpSShBCEUZSS
nJOc05zTnJKUkZySpROlFJzTnRSlFK1VrVWtVaUUrVWtVa1VtZa1lrXWtZa1lr2W
vZa9lr3Wvda91rWWpRRjDHOOtZa1lrWXvZa9l73Wvde918YXxhfGF73Wvde91r3X
vde9173Xvde9173Xvde917WWtZaMUVKKtZa9173Xvde917XXtda11rWWtZa1lrWV
tZatlq2WpZWlVaVVpVWlVaVVnRSdFJUUhNR8lGSUXFNcEnwQfBBzz3wQdBB0EGOO
Y45jjmNNY01bTEpKSopSi0IHUkhSiUoISghrC2sMWspSSWtMc41zjnNNa02MEIwR
jBB7z4xRlJKUkoxRjFGUkpzTnNOc05zSlJGUkqUTpRSlE6UTrVStVK1VrVWtVbWW
tZa1lrWWtZa1lrWWtZW1lbWWtZa1lrWWtZa1lq1Vc41rTbWWtZa1lrWWtVWtFa0U
tVW1lrWWvhe9173Xvde917XWrZWtlbWWtde9173Xvde9173XpRRKSaUUtZa1lrWW
tZa1lrWWtZW1lq2WrVatlq2WrZatlq2WrVWlVaVVpVWlVZ0VnRSU1JTUjNOM04TS
hJJ8UXQQdBB8UXRQdBBjjmNNY01jTVtNWwxKSUqLUotKB1JIUkhKB1IHawtrC2LK
UolrTHONc41rjWtNhFCMUYRQe86MUZSSlJKMUIxQlJGc0pySnJKUkZSSlJKlFK1V
rRStVLVVtVW1lbWVtZW1lbWVrZW1lbWVtZW1lbWVrVS1lrWWtZa11rWWtZa1lnNN
c421lrWWtZWlFLWVtZa9173Xvde9173XvdfF173Xvde1lq1VtZW1lrWWrVW1lrWW
vde9173Wa0x8D7WWtde117XWtZa1lq2WrZatlqUVpVWU05TTlRSdVJ1UnVSlVKVU
nVSdFJ0UlNSU04zTjJOMkoyShFF0EHQQfBF8EXPQa45bTVtOW01bDVsNQkpKilKL
QcdaSVpJUgdKB2sLawxiylJJc01zjnOOa45rTYQQjFGEEHvOjFGUkpSSjFCMUZxP
nA6TzJPMnE6c0qUTrVStla1VrVWtVa2VtZW1lbWVtZa1la1VrVStVK1VrVWtVbVW
tZa11rXWtda91r3WtZZjDHvPrVW1lq1VtZa1lrWWtZa1lq1UtZa+F74Xxde9173W
vde9173Xvde9173Xvde1lq1VrVW1VYxRUoqlFLWWtde117XXtdatlrWWrZatlq2W
pVWlVZ0UnRSU04RRjJKMkpTSnRSdE5TTjNOU1IzTjNOMk4RSfBB0D3wRfBBzz2OO
W01bTltNWw1bDEJKSopSi0nHWklaSlIIUchqzGsMYstSSWtMe41zjnOOa02EEIxR
jBB7z4xQlJGUkoQQg8+DjpxQpJGk0qUTpROtVK1UrVWtVa1VtVWtVa1VrVWtVKUU
pROlFK1VrVW1lrWWtZa1lrWWvZa9lr2WtZW1lZzSWsqMUa1VrVatVa1VrVW1lr3X
vde1lrWWxdfF18XXvde9172WtZatVbVVpRSlFLWWtZa1lq1VpVWlFGtNhBC1lrXX
tda11rWWtZa1lrWWtZatlq2WrZalVqVWpVWdFJ0UlRSU05UUlNOEUYySlNOU04yT
jJOEUnwQc9B8EXQQc89jjltNW01bTVsNUwxCSUqKUstJyFpKUopSSUoIawxrTGsM
UolrTHOOc45zjmtNhBCMUYQQe8+MUZSSlJKMUYQQlJGdE6UTpROlFK1UrVStVK1V
rVWlFa1VpNOckqUTpRSlFK1VrVW1lbWWtZa9lr2WvZa9lr2WtZWtla1VrVWEEGtM
tVWlFKUVrVa1lrWWvde91r3Wvda918XXxdfF173Xvde9173Xvde9173XtZa1lrWW
rVW1lrWWtZalVaVVpVWtVbWWrZatlq2WrZa1lq2WrZatlq2WrZatlq1WrVWlVaVV
nRSdFJzUlNOM04zTjNOM04yThJJ0EWvQdBFz0XPQY09bTVtNW01bTFMMQklKilKL
SgdayVqJUohKSGMLa0xrC1KJa0x7jXvOc41zTYwQjFGMEXvPjBCUUZRRlJKUkpSS
pNSk06UTrVStFKUTrVWlFKUUlJOlFJzTpRStVa1VrZW1lbWWtZa1lrXWtZa1la1U
pROtVK2UrZW1lrWWlJKUkq0UtVW1lbVVrRStVbWWtZa1la1VtZXGF8XWxde91r3X
vdetVq1VrVWtVa1VtZa917WWtZa1lrWWrVWtVbWWtZa1lq1WrZalVaVVpVWlFaVV
rZWtla2VrVatVq1VpVWlFZ0UnRSdFJ0UlRSU1IzThNOMk4SSdBFrz3QQdBBrz2OO
W01jTVtNW01SzEJJSopSi0oIWstiylqJUkhrDHNNawxSimtMc457jnONc02EEIwQ
jBGDz4wQjFGMUZRRlFGckqTTpNOlFKUUpRR7z61VpRSlFa1UrVWtVbVVtZW1lbWW
vZa1lrWWtZa1Va1VrVStVK1VtZa1lrWWrVWlFK0UtVW1Vq1VnNOtVa2Vvde9173X
vde9174XxhfF18XXxde917WWrVWtVbWWtZa1lrWWtZa1lrWWtZa1lrWWrVWtVa1V
pRStVbVVtZatlq2WpVWlVa1WnNSU06UVnRWlVaVVnRSdFJ0TnRSdFJUUjNOM04zT
jJOEknwRa890EHPPa89jjltMY01bTVsMWwtCSUqJUopKCGLKYspaikpJYwxrTWtN
WsprTHOOe857jnNNhA+MUYRRfA+EEIxQYwqUkpSRnNKlE6UTpVStVK1UpRStFK1V
rVWtlbVVtVW1VbVVtVW1Va1UpROtVK1VrZW1VbWVtVWtVK1UrVS1lbWVtZa1Va0U
tVW1VbWWtZatVa1VtVWtVL3Wvde91sYXxdfF18XXvZe9l72XtZe1lr3Xvde9173X
vde1lrWWtZa1lrWWtZa1lq1VpVWlFKUUnRStlaVVrVWtVa2WpVWlVaVVnRSU04zS
jJKUk3wQlNOU04zTjJOMk4SThJJ8UXPPdBB0EGvPY05bDVsNW0xbDFLLSklKikqK
Ukliy2MLYstSimMMa01zTWLLc017znvOe89zjoQQjFGMUYQQhBCEEGMMlJKUkZzS
pROtFK0UrVStVK1VrVWtVa1VrVWtVa0UpRStFKUUrVSlFKVUtVWtVa0UrRStFK0V
rVW1lrWWtZa1Va1VtVW1VbVWrVWtFK0UtVW1lr3Wvde9173XvZbGF8XXxdfF173X
vZa1lrWVtZW1lrWWtZa1lrWWtZa1lrWWrVWtVa1VrVW1lq2WtZa1lq1VrVWdFKUU
pRSdFJSSnROdFKUUpVSlFJ0UlRSEkozTjNOM04zThJOEk4SSfFJrz3QQc9Brz1tO
Ww1bTVsNUw1Sy0IJSklKilpKYsxizGMLWoprTHONc41jDHOOe897z3vPc46EEIxR
jFF8EIQQhBBzjpSSlJKc0qUTpROtFK0UrVStVK1UrVSlE6UTtVWUkqTTrRWtVa1V
rVWlFKUTpROtE7VVtZW1lrWVtVWtVbVVtVW1la1VrVSlFK0UtZW1lr3Xvde1lbWW
vdfF18XXxdfF18XXxde9172XtZe9173Xvde9173XtZa1lq1VrVWlFK1VtZa1lrWW
rVatVa2WrVWlFK1VrVatlq1WpVadFJ0UlNSdE5TTlNOUk4RSlNOU05TTjNOMk4yS
jJKEknxRc890EHPQa49jTlsNWw1bDVsMUss6CUJKSkpaimsMaw1rDGLLc017jnOO
a0xzjXvPe897z3OPhBCMUYxRhBCEEIQQjFGUkpSSnNOlFKUUpRStVK1UrVSlE6UT
nJKlE61VrVWlFKUUpRSlFKUUpRStVbWVrVWlE6TStVS1VbWVvZa1lq1VpRSlFLVV
tVW1lq1UrVW1lr3XrVW1lrWXtZe1lr3XxdfF18XXvde9lrWWrVW1lrWWtZa917WW
tZa1lrWWtZatVa1VrVStVbWVrZatlq2WpValVa1WpRWlVaVVpVWlVaVVpVWdVZ0V
lRSEkoyTjJOEUoyTjJOMkoSShJJ8UWvPbBBz0GvPW05TDFsNWwxbDFLLQkhKSUqK
YstzTXONc01jC3ONe857z2uNc858EIQQhA97z4xQjFGUUYQQhBCEEHwQjFKUk5zU
pRStFK1UrVStVK1UpRStFK0UrRSlFK1VnJKk061VtVWtVa1VrVWtVa0UpRStVLWV
tVW1VbVVrRWtVbVVtVW1VaUTtVW1VbWWxdfF18YXxhjGGMYYxhfF18XXxdfF173X
tZetVa1VtZa1lr3Xvde1lq1VrVWtVa1VtZa1lrWWrVWlFK1VpRSlFK1VtZWtlq1W
pValVaVVnRWdFJ0VnRSdFJTTlNOU05TUlNSU1IyTjJOEk4SShFFz0HPPc9Brz2NN
Ww1bDFsMWsxSy0JIQklKimsMe45zjnOOa01zjnvPe89zjnvPhBCEEIQQg9CMUZRS
lJKMUYwQe9Bz0IRSlJOlFK0UrRStFK1UrRSlE6UTpRSlFK0VrRStVa1VrVWlFKTT
nNOlE61VtZW1Va1UrVSc0qUUrVW1lrWVtZWlFKUTrVW1lr3Xvde918XXxdfGF8YX
xhjGGMYXxhfF18XWxde91r3XtZa11rWWrVW1lrWWvda9173XtZa1lrWWtZa1lq1V
rVW1lq2VpVWlVa1VpVWlVaVVpVWtVaVVpVWlVaVVnRSU04yTlJOUk5STjJKM04yT
jJKEkoSSdBFr0GvPY49bTVMMWwxTDFMMUss6SUJJSolzTnuPe497z3OOe898D4QQ
e8+EEIxRjFGMUYQQjFGMUZSShFGEUXPQc9CEUpTTpROtVK0UrVStVKUUnNOlFKUU
rVWtFK0VrRSk060UpRStFK1VrVWtVa0UpNOk07VVtVW1lbVVrRStFK0VrVW1lrWW
vZa9lr3WvdfF18XXxhjGGMYYxhjGGMYXxdfF18XWvZa9lrVVtZalFKUUrVWtVbWW
tZatVbWWtZa1lrWWtZatVaVUpRSlFK1VrVWtla2VrValVaVVnRSVE50UnROlFJ0U
nNSU1JUUlNSU05TTjJOMk4SThJKEUnwRc9BrkGuPW01bDFMMUwxTC1LLOkhCSEqJ
e497z4PQhBB7z4QQjBGMEYQQhBCMUYxRjFGEEIxRjFGUkoxRhBBr0GvQfFKUk6UU
pRSlFK0UrRStFKTTpNOc0qUUlNKlFK1VrVWtVa1VpRSc06UUrRStVbVVtVWtFK0T
rRStVLVVtZW1lrWWvZa9lr2WvZe918XXxhfGF8YYxhjGGMYYxhjGGMYXxdfF1r3W
tZa1Vb3WtZa9173Xvde9173XtZa1lrWWrVWtVa1VtZa1lrWWrVWtVa1VrVWlFaVV
rVWtVa1VpVWlFZ0VnRWdFIyShFKEUXwQhFKMk4yTjJOEk4SShFJ8UXPQa49rjmNN
UwxTDFMLUstKijoJQklKSnvPg9CMEIwRhBCEEIxRjFGEEIQQjFGMUYxRjFGMUZSS
lJKMUYQQa89z0IRSlNOlFK0UrRStFa0UpNOc05zTpRSlFK0UpROk0qUTpROtVa0U
rVW1Va1UpROlE5zRnNKtVLWVvZa9lrWWtda9lr2WvZa91sXXvdfGF8YYxhjOGMYY
xhjGGMYYxhfF18XXxde91r3WtZa1lbWWtVW9lr3Xvde9173Xvde9173XtZatVa1V
rVWtVa1VrVWtlqWWpValVaVVnROdFJ0UnRSdFJ1VnRWdFJUTlNSEkoySjJOU04yT
jJKMkoSSfFF0EGuPa49jTlMNUwxTDFLLSso6CEIISkl8D4QQjBCMUYQQhBCMUYxR
hBCMUYxRlJKUkoxRjFGMUZSSjFGEEHOOYwyEEJySpROlFK0UrVWtFK0UpRSlFKUT
pROc05yTpROtVa1VrVWtVa1UrROckpySrVS1lbWWvZa9lr2WvZa9lr2WvZa9lr2W
vde91sXXxdfF2MXYxhjGGMYYxhjGGL4YxdfF18XXvde1lq0VrVW1VbWWvZe9173X
vde117XXtde1l7WWtZa1lrWWrVWtVaUVpVWlFK1VpVWlVa1VpVWdVJ0UnNSc1JTT
lNOU0pTTlNOMkpTTlNOU0oyShJKEknxRdBBrj2OOW01TDFMMUwtSy0qKOghCSUpJ
e8+EEIQQjFGEEIQQjFGMUYxRjFGMUZSSlJKMUYxRjFGMUYxRhBB7z4QQlJKUkqUT
pROtFK0UrRSc05ySpNOlFK1UrRStFK0UpROtFKTUpRSlFbVWtVW1lbWWvZa1lr2W
tZa1lr3WvZa9lr2WvZa9lr2Wvde91sXXxdfF18XXxdfF18YXzhjF18XXxde9173W
tZa1lr2Wvde9l73Xvde9173Xvde9173Xvde1lrWWtZa1lrWWrZWtlq2WpVWlVaUU
lJKc05zTnROdFJ0UnRWdFZUUlRSU04zShFGEkozTjNKMkoSShJJ8UXPQY49jTlsN
UsxSy1LLSstKijoIOglCSoPPhBCMUYxShBCEEIxRlJKMUYxRjFGUkpSSjFGMUYxR
jFGMUYQQhBCUkpSSlJKlE6UUpRSlFKUUpRSlFKUTpROtE6UTnJKc06UUpVStFK0U
rRW1VbVWtZW1lbWVtZW1lrWWvZa9lr2WvZa9lr2WvZa9lr2WvdfF18XXxdfF18YX
xhfGGMYYxdfF1sXWxdbF1sXXvZa1lbWVrVW1lrWWrVWtVZzTnNStVbWVtZa1lrWW
tZatlrVWtZa1lq1WrVatVqVVpVWdFJTTlJOMkoySlNSMk5TUlNSU1JTTjNOU05TT
jJKMkoyRhFF0EGOOY05bDVLMUsxSzFLLSos6CEIJQgmEEIQQjFGUUYxQhBCMUYxS
jFGEEYxRlFGUUpRRjFGMUYxRjFF7z4QQnNOUkpSSpRSlFKUUrRSlFJzTlJKMUZyS
pNSlFK0VrVWtFZzTnJKk060UtVW1lbWVtZW1lbWVtZW1lbWVtZWtVLWVvZa9lr2W
vda91sYXxdjGF8YYxhjGGMYXxhfGF74XxdfF18XXvde91r3WtZa11rXWvde9173X
vde1lrWWtZatVa1VpRStVbWWrVWtVa1WrVatVq1WrVatVa1VpVWlVaVWnRWdFZ0V
lNSU04ySjJKMkoySjJKMk4ySjJKEkXxRfBBjj1uOWw1KzErLSstKykqKMgg6SUJJ
e9CEEIxRjFGEEIQQhBCMUYxRhFGMUZRSlFKMUYxRjFGMUYxRe8+MUZzSnNKc0qUU
pRSlFKUUrRSk06UUpRSlFKUUpROlE6UUrRSc06UUrVS1VbVVtZW1lbWVtZW1lbVV
rRSMD6TSc4y9lb2WvZa91sXXxdfF18YXxdfGF8YXxhfF18XXzdfF18XWxde9172W
vZe9lrWWtVWtVa1VrVW1lbWWtZa1lrWWtZa1lrWWtZatVZzTnNOlFKVVrVWtVa1W
rVatVaUVpVWlVZ1VpRSlFaUVnRWVFJUUjNOMk4zTjJOMk4RShFJ8UnQRY49jj1sN
UsxKzErLSstCijoIOghCCYPQhBCEEYxRhBCEEIxRlJKMUYxRjFGMUZSSjFGMUYxR
jFGMUXvPhBCckpySnJKlE6UTpRStFK0UpNOck5zSlJGckq0TrRS1VbVVtVW1VbVV
tVW1VbVVtVWtVaUTnNJzjIPPasuckZQQvZa9lr2WvZa9lr3WxdfF18XXxdfF18YX
xhfGF8XXxdfF1sXWxda91rWVrRSk05ySnNOtVa1VrVWtVa1VrVWtVaUUrVWtVa1V
tZatVq1WrValFJ0UpRSlFKUUpVSlVaVVpVWlVZ1VnRWVFJ0UlNOU04zTlNOM04yT
jJKMkoSShFJ8EWuPY05bDVLLSstKi0qKSko5yEIIQgmED4QQhFCMUYQQhBCEEIxR
jFGMEYxRlFGUUYxRhBCMUYxRjBGDz3vPnNKUkpSSpROlE6UUpRSlFJSSnNOlFKUU
rRStVa1VtVW1VbVWtVW1Va1UrVSlEnvOe81SSIwPc02c06UTtVW1lrWWvZa9lr2W
vZa9lrWVvZa1lr2WvZe91r3Xvda91sXXxde918XXvda1lq1VrVa1lrWWvde9173X
vde9173XtZe1lq1WrVWlFa1WpRWlFKUUpRStVa1VpVWlFJzUnNSc1JzUpRWdFJ0U
nRSdFJ0UlNSU1JTTjJOMk4ySjJKEUoRRfBFrz2OOWw1Sy1LLSotKi0pKOchCCEII
e8+D0IwQjFGEEIQQhFCUUYwQhBCMUYxRjFGMUYQQjFGMUYxRe89zjpzSlJKUkqUT
pROlE6UUpRStFK0UrRStFK1UrVStVa1VrVStVKUTnNGMT3vNjA9aynONe86lE61U
tVW1VbWWvZW9lb2VtVStE6TTtVS1VLVVvZa9l72XvZe9l61VpRO9lcXWxdbF1sWW
vZa1la1VrVStVK1VrVStVKUUtVWtVa1VtZa1lrWWtZa1lq1VrVWUk5zTpRSdFKUU
rVSlVaUVpRWdFJ0UlNOMkpTTlJKMkoySlJOUk4yTjJKMkoyShJKEUnwRc9BjTlsM
UstSy0qKSotKSjnIOghCCXvPhBCEEIxRjFGEEIxRjFGMUYwQjFGUUZRRjFGMUIxR
jFGEEHvPc42c05SSnJKlFKUUpROtE6UUrRStFK0UrRStFK0UpROUUIPOcwtqynMM
g86UUKTSnJKtFK1VtVW1VbVVvVW1VKzTrROtFK0UtVW1Vr2XxdbF18XXxdfF18XX
xde9172WvZbF18XXvda91rWVnROlFKUUrVWtlrWWtZa1VrWWrVatVbWWrVWtVaUU
rVWtVa1VrZalVa1VnRSc1J0UnNSc1KUUpRWlVaUVnRWc1JTTjJKEUYRShFJ8EYyS
jJKEkoRShFF8EXPQWw1TDErLSotKi0KKQkk5yEHIQgiEEIQQhBCMUYQQhBCEEIxR
jFGEEIxQjFGMkYxRjFGMUYxRjBB7z3OOnJKUkpySpNOlE6UTpRSlFKUUrRSk1K0U
rRRrDEoGWslrCmMLe86UUaTTtRW1VbVVtVWtVa1VrRStFK1UnNKc07VVvZa9lr2W
vZe1VbVVtVW1Va0UtZa1Vb2WxdbF18XWxdfF18XWxda9lbVVtZa1lrWWtZa1lrWW
rVW1lrWWtZa1lq2WrVWtVa1VrVWtFKUUpRStVa0UrVWlVaVVnRSdFJ0UnRSVFJTT
lNOU05TTlNOU04yTjJKMkoyThJKEUoRRfBF0EGNOUwxKi0qLSopKSkJJOcc6B0II
hBB7z4QQhBCEEHvPhBCMUYxRhBCEUYxRjFKMUYwRjFGMEYQQe85zjZSSlJKU0qUT
pROtE6UTpROMD5yRg86ckqzTYstrDIxQnJKlFK0UrVWtVbVVtVW1Va0UrRSckpyS
pNO1VbVVtVW1VbVVtRW1Vb2XtVW1Vb2WvZa9lsXXvda9173XvZa9lsXWxda91r3V
vZa1VbVVtVatFK0UrRWtVZzTpRSlFKUUrVWtVa1VtZa1lrWWrZWtVa1UpVWdFJzT
pRSlFJzTnRSlFZ0VnNSU1JTUjJOEUoyThFGEUYySjJKMkoxSjFKEUXwRc9FjTlLM
SotKi0qLSkpCSjHHOcg6CIQQe9CEEIQRhBF70IQRjFGMUYQQhBCMUYxRhBCEEIQQ
hBCDz3uOe46ckpRSlJKk06UTpROtFKUTjFCDz3vOpNOlFKUTpRStFK0UrRW1Va1V
rVStE6zTnJGUkaUUpRStVbVVtVWtFK0TtVS1Vb2WvZbFl8XWxdfF18XXvZe9l73X
xdfF18XXxZbF1sXWvda91bWVrVWtVbWWtZa1lr3XtZa1lrWWtVa1lrWWrVWtVa1V
pRSlFaUVpRWtVa1VrVWlVaVVpRWMUoxSnJOUkpSTlNSdFJ0UlRSU1IzThJKEkoyS
jJKMUoxShFF8EXQQY45TDEqKSopKikqKQkkxxznIQciEEIPPhBCMEIwQg8+MEIxR
jFGEEIQQjFGMUYxQhBCEEIQQe89zjnOOlJGUkZSSpNOlE6UTpRSlFJSSnRSlFKUU
pRSlFKVUrVStFK0UrRSk05ySpNOtFK0UtVWtVK0TpROlE61UtVW9Vb2VvZW9lcWV
vVStE7VUvZXF1pzTtRS1VLVUrRO1VMXWxda918XWvda9lr2WvZa1lrWWrVWtVa1V
rVWtVa1VrVW1lrWWtZa1lrWWrVatVa0VpRWlFKUUpRSlFJ0UnVWdFZ0VlNSUk4yS
hFGM04ySjJOMk4yTjJOMkoySjJKMUoRSfFF0EGOPUwxKi0qLSopCSkJKMcgxyDnI
hBCEEIQQjBCMEIPPhBCMEYxRhBCEEIxRjFGMUYQQhBCD0IPPc457z5SRlJGU0qTT
pNOlE6UTpROlE6UUpROdFKUUpRSlE6TSnJGk0qTSrRStVK0UrRSs05ySnJKs1LUV
tVW1lbVVtVS9lbVUtVS9lb2VtZW9lsXWxde918XXxde9l7WWtVW1lr2WxdbF1r3V
vZW1VK0UrRSlFJzTpRSlFKVUnNSdFKUUrRWc061VpRStVa1VrVWtVa1VrVWlFaUV
nNSUk5zUlNOc050UnRSdFJ0UlNSMk4yTjJKEknxRhFKMkoySjFKEUXwQdBFr0FMN
SstCi0KJQolCSDHHMcc5yIQQe8+EEIQQhBB7z4QQjFGMUYQQhBCEEIxRhBCEEIQQ
g897z3OOe8+UkpSRnJGk06TTpROlE6UUpRSlFJzTnJKk05ySnNKc0qUTrVStFK0U
rRSk06SSpRStFK1VtVW1VbVUtVStVK0UtZW9lb2WvZa9lr2WvVa9lsWWxZa9lsXX
xdfF18XXxdbF1sXWvda91bWVrVStVbVWtZa1lrWWtZa1lrWWtZa1lq1VrVWtVa1V
pVSlFKUUpRSk06UUrVWlVaVVpRWlFZzVnNSMk4yTjJOU05TTlNOU05TTjNOMk4SS
jJKMkoSShFJ8EXQQa89LDEKKSopKikJKQgkxhzHHOcd8EHvPhBCEEIQQe8+EEIQQ
jFGEEIQQhBCMUYQQhBCEEIPPe89zjoxRlJGUkZySpNOk06TTpROlE6UUnNOc05zT
pNOlFK0UrRSs06UTpNOk06UTpROtVK1UrROk0qTSrRStFLVVtVW1lrWVtVW1VbVU
pROtE60TtVW1VbVWtZa9lr3WvZa1VbVVxZbFlsWWvZa9lr2WtZa1lbWVtVW1lbVV
tVWtFLVVtVW1lrVWrVW1lq1VrVWtVaVVpVWdFJ0UnNOckqUUpRSdFJ0VnRSU1JTU
jNSM04SShFKMUoRRfBF8UYySjJKEUoRRhFF0EHQQUwxKi0KKQkpCSkIJMYc5xznH
e897z4QPhBCEEHvPg9CMEIwQg9CEEIwQjFGMEIQPhBB7z3vPe86UkpRSlFGckqTT
pNOk06UTpROlE6UTpROlE5zSpNOtFKTTpROlFK0UrRStFKTTpJKk0qTSpROtVLVU
tVStE60UrRStFbUVrVW1VbWVvZa9lr2WxZbF18XXxdfF173XtZatFLVWxdbF1r2V
tZWtFKUUpRSk1K1VtVa1VrVVrVWtVa1VrVWtVZzTpRSlFKUUpRSlFK1VrVWtVaVV
nRSdFJ0UlNOUkpTTlNOdE5TTlNOU1JTTjJOMkoRRfFGMkoSShFKEUXwRdBB0EFMM
SopKS0pKQklCCDHHMcc5x3vPe897z4QQhBB7z3vPhBCEUIPPg9CEEIQQhBB7z4QQ
e457j3vPlJKUUYxRnJKk06TSpNOk06UTpNKc0qUTnNKckqTTpRStFK0UrRSk0qTS
nJKckqTTrRStFK0UrRStFKTSnJK1FLVVtVW1lb2WvZa9lr2WtVa1VbWWxZfF172W
vZbF18XXvde918WWxZa9lrVWrVWtVbVVtZa9lrWWtZa1lrWWtZatVbWWtZa1lq1V
rVWtFKUUpRSlFKUUpNSdFJ0UpRSlFJ0UnNSU1JTUlJSMk4yTlNSMk4RSjJKMUoxS
jJKEUoRRhFF8UnQRc9BbDUqLQkpCSkJJOgkxhzHHOcd7z3vPg8+EEIQQe897z4QQ
jFF7z4QQhBCEEIQQe897z3OOc457z5RRlFGUUZySpNOk06TTpNOlE5SRnNKlE6UU
pRStFK0UpROk0qTSnJKk060UrRStFKUTnJGckaTTrRStFLVVtVW1VbVVtVWtFK0U
tVW1Va0VrRW1lrWWvde1lrVVvde9lr2WxZbF1r2WvZa1lrWVtZW1VbVVtVW1Va0U
rRStVa0VpRSc061UrVWtVa1VrVWtVa1VrVWlFaUVnRSU05TTnNOUk5TTnRSdFJ0U
nRSU1JTUjJOEUoQSc9B8EYxShFKEUYRRfFF0EGvQW05Ci0JLQko6CToJMYcxxzHH
e89zjnvPe8+EEHvPe8+EEIQQe897z4QQhBCEEHvPe89zjXOOg9CUUpRRlFGckpzS
pNOk06TTpNOk06TTpROc0pzSpNKk06UTpROtE60TrROtE6TSpNOk06UUrRStFK1U
rRO1U6zTrRStVa1VtVW9lr2WvZa9lr2WvZa9l8XXxde9173Xvde9l72WxZbFlb2V
vVW1Va1UrRStVLVVrVWtVa1VrVWtVaUUpRWtVa1VpRSlFKUUpRSlFJzTpRSlFKVU
pVSdFZ0VnNSUk4zTlNOVFJUUlNSU1JTUjNOM04yTjJOMkoSShFJ8UXxRdBBr0GOO
QopCSjoKOgk6CDGHMYcxx3vPe457z4QPhBB7z4PPg9CEEIPPg8+D0IQQhBB7z3vP
c45zjoPPlFGUUZRRnJKkkqTSpNKk0qTSlFCckaTTpNOk06TTpROlE6TTnNKckZzS
pROtFK0UrRSs06TTnJGckZyRrRStVbVVvZa9lr2WvZW1Va1UrRS1VK1UtVS9lb2W
vda9lb3WvdbF1sWWvZa9lbWVtZW1lbVVtZW1lrWWtZatlrWWtZa1lrWWtZa1lrWW
tVWtVa1VpRWdFJ0UnRSdE5zTnNOdFJzUnNSc1JTUlRSU1JTUlNSM1IyUjJSMk4yT
jJKMUoRRhFF8UXQQa9Brz0KLQkpCCkIJQggxhjGHMYd7z3OOe8+D0IQQe897z4PP
hBB7z3vPg8+EEIQQg897jnNNc017jpRRlFGMUJySpJKk0qTSpNOk05zSpNOk06TS
pNKckZRQjA+ckqTTpNOs060UrRS1FKTTnJOck6TTrRS1VbVVtVatVK0UrRWtFa0V
pNOk1K0UtVW1VbVVtVW1lrVWpRSlFLVVvZXFlsWVvZW9lbVVrRStFK0UrRWtVK1U
pRSlFK1VpVWtVa0VrVWlFJzTnNOlFKUUpRSlVaVVnRWlFZzVnNSU04RRjJKU04RS
lNOU05TUlNSM04yTjJOMU4xShFKEUYRRhFF0EGvPa89CizpKQglCCTnIMYcxhzGH
e89zznvPe8+EEHvPe8+EEIQQe897z3vPhBCEEHvPe45zDWtMawyUUZQQjFCckpzS
nNKc06TTpNKckpzTnJGUUJyRpNKc0qTTpNSk05ySnJKckqTTrRSs1KzUrRStE60T
rROk0rVUrRStFLVVtVW9lr2WvZa9172Xvde918XXxdfF172XtVa1VrVVxZa9lr2V
tVWtFJySrRStFK1UtVW1Va1VrVWtVq1WrVatVa1VpVWc1JTTnNOdE4xRjJGdE50U
pRSlFJ0UnRSU05TTlNOEEYRSjJOEkYRRhJGMkoySjJKMkoxShFGEUYRRdBBrz2vP
SsxCSjpJOgk5yDGGMYYxxnPPc897j4PPhBB7z3vPfA+EEHvPe8970IQQhBB7z3uO
a0xrTFqJlJGMUIxQlJKc0pzSpNKk0pySnJGk0pzSnNKdE6TTpNOUkpzSnNKckZzS
pNOtFK0UrNOk06TTpNOk060UrVW1VbVVvVW9lr2WvZbFlsWWxZbF18XXxdfF18XX
xdfF173Xvde91r3VvZW9lbWVrVWtVbVVtVW1VbVWtVWtVa1VrVWtVa1VrVWtVa1V
rVWtVaUVpVWdFJzUnNSc05TTnNOU05STlJOU1JTUlNSU1JTUjNOMkoRRhFF8EXwR
hBGEUoRRhFGEUXwQc89rj1LNQkpCCUIIOcgxhjGGMYZ7z3uPc497z4QPe897z4PQ
g9B7z3vPe8+ED4PPe45zTWsMawxaipRQlFCMUJySnNKc0pzSnNKc0pzSpNKlEpyS
lFGUUZRSlFGkkqTTpNOk06TTpNOk05SSpNOlFK1VtVW1VbVVtVW9Vb2VvZa9lr2W
vZa9l72WvZbFl8WXxdfF173Xvde91r3WvZa9lr2VvZW1lbVVtVWtVa0UrVWlFJSS
nJKk1KUUpRSlVKUUpRSlFKUUnNOUkqUUpRSlFaUUpRWlFJ0UnNSU05STjJKMkoxS
jJOMk4yTjJOMk4yTjJOEk4RShFKEUoRRfFF0EGvPa85bDUJKQgk5yTnIKYYxhjGH
c457jnuOe8+ED3vPe8+Dz4PQe897z4PPg8+Dz3uOc01rC2sMe46ED4xQjFCUkZyR
nNGc0ZzSnJGUkZRRnJKUUpySpJOk06TTnNKc0pRRnJKk05zTrRStFK0UrRS1VbVV
tVW1VbVVtVa1VbWVvZW9lr2WvZa9lr2WvZe9l72XvZe9l72XvZe9lr2WvZW9Vb2V
tVSk060UrRSlFK1UrVWtVa1WrVatVa1VrVWtVq1VrVWlVaUUlJKc1JzTlNOMUpzT
nNOUkp0UnRSdFJzUlNOMk4zTjJOEUoRRjFGEUYRRhJGEkoRShFGEEXwRfBBrz2uP
Y01CSUIJOcgxyDGHMYYxh3uPe497j3vPe897jnvPg8+D0HvPe897z4PQg897jnNN
asxrDIwQjBCMEIwQlJKckZyRnJGc0pzSnJKckpySnNKckpySnJOUUZRRnJKckqTT
rRStFLUUrRStFK0VrRS1VbVVtVW1VbVVtVW1VbVVtVW1VbVVtZXFlsWWrRO1VbVV
tVW1Fb1WvZa9lb2VvVW9lbVVrRStVa1VrVWtla1VrVWtVbVVrVWtVaUUrVWtVa1V
rRWtVa1VrVWlVqVVpRSdFJTTjJKU05TTlNOU05STlJOU05STlNOMk4yThJKEUYRR
hFGEkoRRhFF8UXwRa9Brj2OPQko6CTnJOckpRzGHMYd7j3OOe457j4PPe897j3vP
e9B7z3OPe8+D0HvPc45rTWMLYwuMEIwQjBCMEJySnJKckpySnJKckpySnJKUUYwP
jBCUUJyRnJKk06TTpNOk06UUrRStFK0UrRStFLUUtVS1VLVUtROk0qSSrRS1VLVV
tVW1Vb2Wvda9lq1VtVa1Va0VrRStFLVVvZW9lr1VvVW1VK0UrRSlFKUUpRSlFKUU
rRStFaUUnNOUkqUUpRSU0oxRlJKc05zSpRSlFKUUpRSlFKTUnRSdFJTUlNOMkoyT
lNOEUoRSjJOMk4yTjJOMk4yThFKEUYRRfFF8EWvQY49rj0JKOgo6CTnIMYcxhzGH
e45zjnOOe897z3uPe457joPPe49zjnOOe897jnOOawxay2LLhBCMEIwQjBCUkpyR
nJKckpySnJKUUZRRlFKUUpySnNKk0pzSnNKk06TTpNOs1K0UrRStFK0UpROtE6zT
rNOtFKzUrRS1VbVVvZa9lr2WvZa9lr2XvZa1lr2WvZa1lrWVtZa1VbVWvZa9Vb1V
tVWckqUUrRStVbVVrVW1Va1VtVW1lq1VrVWtVa1VpVWlFaUVnRWc1JzUnNSc05zT
lJKc05TTlNOU05UTlNOU04zUjJOMk4yThFJ8UnxSfFF8UYRShFKEUnxRdBBrz2OP
a49KikIJOcg5yCmGKYYxhnuOc05zjnOPe897z3OOc497z3vPc45zjnuPe497TmsN
YotiyoPOhA6MD4wPnFGckZyRnJGckpySnJKckpzSnNKUkZyRlFCcUJyRpNKlE6UT
rROk06TTpNOkkqTSrROtE61UtVW1VbVVtVW1VrWVtVS1VK0TvVW9VbVVtVW1lrVV
tZa1VbVWvZa9lr2WvZa9VbVUrRS1Va1VrVWtVa1VrVWtVaVUpVStVa0UrVWtVaVU
rVWtVa1VrVWtVa1VpVWlFZzUnNSU04ySjJKEkoySjJKMk4yTjNOM04yThJOMk4ST
hFKEUoRShFJ8EXwRc9Bjj2uPUsw6CTnJMcgpRymHMYdzjnOOc45zj3vPe45zjnOO
e89zj3OOc457jnOOc01rDGKKYshzSoPMhA6MT5SQnJGckZyRpJKUUZRQnJGUUJRQ
lFCckZySpNOk06TSnJGckaSRlFCckqTTpROtFK0UtRS1FLUUrNO1FLVUrRS1VK0U
rRStFLVWtVW1VrVVtVW1VbVVrRStFLVUtVS9lbWUtZS1VK0TpROk06TTpRSlFKUU
nRSc05zTpRSUkp0UpRSlFKUUpRSlFKUUpRStVZzTpROlFJ0UnRSdFJTUlNOM04yS
jJKEUoRShFGEUYSSjJKEUYSShFKEUnxSfFF0EXQQY89rj1MMOgk5yDHHKYYphjGG
c85zjnOOc457z3OOc417jnvPe49zjnuPe45zjmtMYwxailqIYsl7jYvOjA+cUJSR
lJGUkZSShBCEEJRRnJKc0pzSnNOckZyRnJGMEIwRnJKk060UrRStFK0UpNKckaSS
rNOs1KzUtVW1VbVVvZa9lr2WvZa9lr2WvZa9lrVWtVW1lrWWrVa1Vq1VvZW9Vb1V
tVSckpySpRStFK0UrRWtVa1VrVWtVa1VpVWtVa1VrVWlFKUVpRWlFZzUnRSMkpST
lJOUk4xRhFGMUZSTlNOU1JTUlNOU04yThFKEUoSTa9Bz0IRShJJ8UXxRfBF0EGvP
a49jTToJOcgxiCmGMUYxhnNOc45zjnOOe857jnONc457jnuOc45zjnOOc45rTWLL
WopaiXMLg82Lz4wPlJGUkZyRnJGckZyRnJKckZQPk897TXtNg8+ckpySnJKc06TS
pNKckaTTpNOc05yTpNStFK1VtVS1VbVVtVW1Va1UtVS1VLVUtZS1VLVUvZW1VbVV
tVW1VbVVvVW9lb2VtZW1VbVVrRStFa1VrVWtVK1UrRStFK0UrRWtVa1VrVWtVa1V
rVWtVa1VpRWlFaUUnRSdFJ0UlNSM04RSfBGEUoRSjJOMkoySjJKMk4yTjJOMlIST
hFOEUoRSfFF8UXRRdBFrz2uPY446CTnIMYgphimGKYZzTnOOa01rjnuPe45zjXOO
e45zjnONc45zjnOOa01iy1KKYsuEEIPOg8+MD5SRlJGckZyRnJGckYPNYspaiYQP
jBCUUZySpNKk0pRRlFCckZyRnJKk1KTUrRStFK0UrRStFKTSpJKckaTTpNOk07UU
tVW1VbVWrVWtVrVWtVa1Va0VlJKckq0TtVS9lbVUtVS1FK0UrNOc0qUTnJKUkZSS
nNOc05zTnNOc06UUpRSlFKUUlJKEUZzTlJKUkpSSlJKU05zTnNSc1JzUlNSUlIyU
hJOEk4SShFKEUoRShBGEUYRRhFGEkoRSfFF8EXwQa9Brz2OPOgkxyDGHKUUphSlF
c45rTWtNc45zjnOOa05rTnOOc45rTWtNc01rTWtNYstSSmMMjBCDz4PPhA+UUZRR
lJGUkZyRnJGMEIxQlJKckpzSlJGUUJRQlFCMD5yRpJKk06zUrROtE6zTpJGcUZxR
pNKkkqTTpNOtFLVVtVW9Vr2WvZa9lb2WvZa9lr2WvZa1lrVVtVWtFbVVtZW1lLVU
tRSk05zSpROlFKUUpRStFa1VrVWtVa1VrVWtVa1VrVWtVaUUnNSc1JTTjJKMkoRR
hFGMUZSSjFKMkoySjJKMkpTTlNOM04yTjJOEk4RSfFJ8UnQRhFKEUnxRfBF0EWvQ
a89jz1MNOkoxhzGHKYYpRnOOc45rTXNNc45zjmtNa41zjXOOa05rTmtNa0xrDGLL
WklrC4wQg8+DzowPlFGUkZSRlJGUkZSRlJGUUZSRjBCUUYwQjBCUkZySpNKk0qTS
pNKc0pyRlJGk0pySpNOs1K0VrVWtVbVUtVS1VLVUtVS1VbVVtVW1VbVVvZW1Va0U
rRStFLVVtVW1Vr2VtVS1VK1UrRStFK0UrRStFK0UrRWtFKUUpRSlFKUUpRSlFKUU
rVWtVaUVpRWlFKUUnRSdFJUUlNSU1JTTjJKEUYRShFGMk4yTjJOMlIyTjJOMk4ST
hJOEUoRShFKEEXwRdBFrz2OPY49jj0KLMYcxhylGKUVzjnNOa01zTXNOc45rTWtO
a45zjmtNa01rTWtMYwxiylJJawyED4POe86ED5RQlFGUUZxRnJGMEJRQlFGUUIxQ
nJGc0pzSnNKckZyRlFGUUZyRpNKk0q0TrRStFK0UrRWtFK0VpNOtFK0UrNOk06zU
tVW9VbVVtVW1VbVWrVWtFKzUrRSc0qTTrVS1lbVUtVS1E60UnJKckpSSlJKc05zT
lJKUUZSSlJKc05zTnNOlFJzTnNSc1KUUjJKMkpTTlNOU05TUnNSc1JTUlJOU05ST
jJOMk4yTjFOEk4yThJOEk4SThJN8UoRShFJ8EXwQa9Brz2PQY49KzDGHMYcxhylG
c05rTWtNa01rjXOOa01rjXONc41rTGtNa01rDGLLWopSCGKKc0yDzoPOjA+UUJRQ
lFGUUZRRlFGUkZyRnJGckZySnFGckZSRjFGUkZzSpNKk0qTTpNKk06TSpNKk0qTS
rROtVK0UtVWtVbVVtVW9VbVVtVa1lrWWtZa1lrWVtZa1VrVWrRWtFa0UtVW1VLVU
tVStU4xQlJKc05zTpRStVaUUpRSlFKUVpRWlFaUVpRWlFaUVnNWlFJzUlJOU05TT
jFKMk4ySjJOMUoxSjJOMkpSTjJOMk4yThFOEk4SThJOEk4SShJKEUYRRhBF8EGvQ
a5Br0GOPUw0phymHKYYpRmtNa01rDGsMc01zTWsMawxrDWtNYwxjDGNMYwxailJJ
SghzDYPPg897zowPlFCUUJRRlFGUUpRRlFGUUZSSjBCUUZSRlJKUkpzSnNKc0pyR
nJGckIwPnJGckqTUpNStFK0UrRWtFK0VrRStFK0UtVW1FLVUtRStFK0UrRWlFK0U
tVW1VbVVtVW1Vb1VtVS1VLVUrRSlFKUUrRStFK0UrRStFa1VrVWlFKUUpRSlFKVV
pVWlFKUUpRSlFKUUnRSdFZTUlNSU1JTUlNSMlIyThFKEUoRSfBGEUoRSjFOEUoRS
hFKEUnxShFJ8EnwRfBFz0GuPY5Bjj1tNMYcxhzFGKUZrTWtNYwxjDGMNa05rTWNN
a01rTWMMYwxjDFrLWotailJJc02Dz3vOe86ED4xQlFGUkZRRlFGD0IxQjFGUkoxR
lJKUkpySnJKkkpySlBCMD5SRnJKckqTTpNOs06TTpNOk06TTpROk05RRnNKk060U
rRStFK0UrVWlFK0UpNOk06zUpRSc0pzSrRS1Va1VtVS1VK0TpNOk05zTnNOc05zT
nNOlFJzTpRSc05SSlJKUkpzTjFGMUpSTlJOUkpSSlJKUkpTSlNOU05TUlNOM05TT
jNOMk4yShJKEUoRSfBF8EXwRfFF8UYRRhFJ8UXQRbBBjz2PPY49jTjHHMYcphilG
aw1rDWtNa01rDWsNcw1zTXNNc01rDGMMYwtailqKUopSSXuNg86DznvNhA+MUIxQ
lFGUUZRRjFCUUZSRlJCUkZSRjFCMUJSQlJGUkpySnJKkkqTTpJOk05ySlJGUUJRR
pJKk06TTpRSc06UUrRS1VbVVtVW1VbVWtZa1lrWWtZa1VrVWrRWlFK0UtVW1VLVU
rRSckpzTnNOc06UUpRSlFKUUpRSlFKUVpRSk1JzTnNSc1ZzVlNSMk5TTjJKMkoxS
jFKMUoxSe9BjDYRRfBF8EYRSjJKMk4yTjFOMk4yShJKEUoRRfFGEUoRSfFF0EXQR
a9Bj0GOPY08yCSmHKUYpRmsMawxrTWtNYwxjDGtNa01rTWtNYwxizGLMWotaiVKJ
Ukl7joPPe457zowPjFCMUJRRlFCUUJRQlFCUUIwPjA+MEIxRlJGckpySnJKckpyS
nJGckZRRlJKckpySnJKkkq0UrRStFK0UrVWtVa1VtVW1VbVVtVW1VrWWtVa1Vr2W
tVa1VrVWtVW1VbVVrRStVKUUpROlFKUUpRSlFKUUpRSlFKUUpRSlFKUUpRSlFKUV
pRSlFKUUpRSlFKTUnRSdFJUUlNSU04yThFKMk3wRfBF8UoRShFKEUoQRhFGEUoSS
hFKEUoRShFKEUXwRdBF0EGvPY49jj2NOQkoxhylHKUZjDGsMa01rDWsMYsxrDWtN
aw1rDWsMYstay1JKUopSSlJJe46DjnuOe42MD4xQjFCMUIxRjFB7zoxQjFGMUIxR
jFGUUZRRnFGckZRQlFCMEJRRlJKckqTTpNOk06TTpNSlFKUUrVStFK1VrVW1VbVV
tVW1VbVVtZa1lrWWtZa1lrWWtZa1VrVWtVa1Va0UrRStFKUUpNOc06TTpNOck5yT
rRSk05zTnNOc05zTnNOlFJzTlJKMUYySlNOc05TTlNOU04zTjNOU05TTlNOUk4zT
jJOMk4yThJN8UnxSfFJ8UnQRdBF8UoRShFF8UXwRdBBrz2uPa9BjjkKLKYcpRiFF
YsxjDGMNaw1rDWLMawxrDWtNaw1jDFrLWstSiVJJUklSSGMLawx7jXuNhA+MT4xQ
jFCMUIxRjFGMUYxRlFGMEIwPjA+MUJRQlJGUUZRRnJKckqSSnNKc0qTTpNOk06TU
rRStFa0UrRS1VbVVtVW1VbVVtVW1VrVWtVa1VrVWtVa1VrVWtVa1VrVVtVWtFK0U
rRSc05zTlNOdFJ0UpRSc06UUpRSc06UUpRSlFKUUpRSlFJzTnNSc1JzUnNSUk5TT
lJOEUYRRjJKEUYyShFKMUoySjJKMkoySjJKEkoRShFKEUoRShFKEUnxRfFF0EXQR
a9Bjz2PPW45LDCmHKUYhRWLLYstrDGsMawxizGMMYw1rDWMMYstay1rKUolKSEpI
Skh7znPNc817jYPOjA+MD4xQjFCUUIxQjBCUUXuPc457j4wQlFGUUpRSnJGckpyS
nJKckpzTpNOk06TTpRSlFKUUrRStFK0UrRStVK1UrVStFLVVtVWtVa1VrVWtVa1V
rVatVa1VrVWtVbVVrRStFK0UpNOk06UUpRSlFKUUpRSlFKUUpRSlFKUUpRSlFKUU
pRSlFKUUpRSk1KUUpRSdFJ0UlNSU04zTlNOU04xShFJ8EnwRfBB8EWuPfBF8EXwR
hFJ8UnxSfFJ8UnwSfBF0EWvQY9Bj0FuPU00piClHIUZiy2LLYwxjDGLMWstjDGMM
YwxjC2LLWopailJJSghKSUpJe897znONc42Dz4QPjA+MUIxQjFB7zoQPjFCMUIxQ
lFGUUZRRlFGUkZyRnJKckpySnJOc0qTSpNKs06TTpNOk06TTpNOckqTTpNSk05xS
nFGkk6TTpNOtFK1UrRSk06TTpNOtFKTTrRS1VK1UrROtE6TTpNOlFJzTnNKc05yS
lJKc05zTnNOc05zTnNOUk4xSlJKUkoySlNOUk4ySlJOU05TTlNOU05TTlNOU05TT
jJOMk4yThFJ8EXwRfBF8EXQRa9B0EHwRhFKEEXwRdBFr0WPQY9Bjj1tOMccphilF
Ywxay2MMYwxjDFrLYstrDGMLYwxay1KKWopKSUoISghSSXvOe457jXONhA+MD4wP
jFCMUIxQjFCMUYxQjFCMUYxRlFGUUZRRlJGUkZySnJKckpySnJKckpySnJKckpyS
lJKc0pySlFGk06UUpRSlFKUUpVStFK0UrVW1Va1VrVWtFK0UrRSlFKTTtRStE60T
rROckZRRnJKc05SSlJKUkpzTnNOlFKUUpRSlFKUUnNSU05zUlNOU05TSjJKEUYyS
jJOMk4RShFKMk4yTjJOMk4ySjJOMk4yThJOEk4SShJKEUoRShFJ8UnxSfFF8UXQR
bBFr0GPQY5BbTzHJKUYpRmLLWstazGMMYwxay2MMYwxjDGMMWstSilKKUklKCEoI
Ukl7jntNc01zjYQPjA+MD4wPjA+MUIxPe86EEIQPhA+MUZRRlJGUkZSRlJGUkZSR
lJGUT4QPg86UkZSSnJKckqTTpNOk1KUUrRStFK0VrVWtFa0VrRW1Va1VrVWtVa1V
rVWtVa1VrVWtVa1VrVStFKUTnNOc050TpROlFKUUpRSlFKUUpRSlFKUVpRWlFaUV
pNWdFKUUpRSdFJ0UnRSdFJzUlNSUk4yTjJOU04yTjJOMk4yTjJOMk4SThJOEkoSS
hFKEUYRShFKEUnxSfFF8EXQRa9Bj0FuQW086CilGKUZizFrLYsxjDGMMWspay2LL
Ystiy1rLUopSikoJSgdKCFKJe81zjXOMe4yEDowPjA+MT4xPjA+DznNMjA+MEIwQ
lFGUUZRRlFGUUZQQjFB7joxQjFCMUJSRnNKk06TTpNOk06TTpNOc05zTpNOk05yS
pNOlFJzTpNOc060UrRSUUaTSpROlE6UUrVStVK0UrRSs1KTTpNOk06TTpNSlFKUU
pRSlFKUUpRSlFKUUpRSlFKTUpRSlFKUUpRSdFJ0TnRSdFJzTlNSU1JSUlNSU1JTT
jJOMk4yTjJOMk4yThFKEUoRRhFKEUoRSfFJ8UnxSdBF0EWvQY9BjkFtPOkspRylG
Ystai1rLWstiy1qKYspiy2LLYstailJJUklKCEIHSgdSSGKKcwxzTXNNg86ED4QP
hA+MEIwQhBCMEIxQjBCMUIwQlFGMEIPPg8+ED5RRlFGckpySnJKckpySnFGcUZQQ
jA+UUZSSjFGUkZSSlNKUkqTUrRStFKUTrRStFa0UnNOc06UUnROc06TTrROtE60T
rROlE6TTpNOc05zTnNOc05zUpRSlFKUUpRSlFKUUpRWlFJ0UnRSc1J0VnNSc1JzU
nNSc1JTTlNOU05TTjNOM04ySjJOMk4yTjJOEk4SThFKEUoRShFJ8UnxSfFJ8UnxR
dBFz0GOPY9Bbj0LMKYYpRlrLWotay2LLYstailrKYstiylrKWopSSVIISghBx0HI
WkpzjmtNc01zTYPOhA6MD4wPjA+MEJQQg497TXuOg8+Dz4xQjBCMUZRRlFGUUZRR
lFCUUZxRg897jZRQjA+MEIxQlJKc06UTpRStFK0UrRStFK0VrRWtFa0VrVWtVa1V
rVWlVa1VrVWtFa0UrROtE6UTpNOc05zTnNOc05zTnNOc05zTnNSc1KUUpRSlFKUU
nRSc1JzUlNSc1JzUlNSU1JTUlNSU04zTjNOMk4yTjJOMk4yTjJOMk4yThJKEUnxS
fFJ8UnxSfBJ8UnxRdFF0UXQRbBBj0GPQW49LDCmGKUZii1qKWotay1rLUopSylrL
WspaylKJUklKSEIIQcdBx1KJc41zTHNMc42DzoPPg8+ED4QPjA+MD3NMc42Dz4wQ
jBCMUIxQlFCMUIxQjFCED3uOjFCMUIQQjFGUkpyTnJOc05zUpNSk1KTUpNSk05yS
nJKckpzSpNOc06UUpRSlFK0UpNStFK0UrRStFa0TpROlE5zSnNOc0pySnNKckpSS
lJKc05zTnNOc05zTnNOc05SSnNOc05zTlJKUkpzTlNOUk5STlJOUk4ySjJKMk4yT
jJOEk4SThFOEU4RShFKEUoRSfFJ8UnxSfFJ8UnRSfFF0EXPQa89r0GOPU04piClG
UspSilLKWstay1KKUopailqKWopSikpJSkhByEHHQcdainNNa0xzTHOMg86Dz4QP
hA+EEIQQhBCEEIQPhA+MD4wPe45zTWtNhA+ED4xQjFCUUZSSnJKckpyRnJGckpyS
nFKck5ySnJKMEKSSlJGMUJRRnJKc06TUnJKc06TTpRSlE6UUrRSk06TUrRStE60T
pROc0pzSlJKMUYxRjFGMUYxSlJOUk5SSjJKUkpSSlJKUkpSTlJOUk5STjFKMkpSS
hBF8EYQShBF8EXwRfFF8EXwRfFF8UoRShFKEUoRShFKEUnxSfFJ8UnxSfFF8UXwR
dBFsEWPQY5Bjj1tOMYcph1KKUopSilqKWspSiVqJWopailKKUkpKSUoIScdBh0GH
WopzTWsLa0xzTIPOg86LzoPPjA+ED4QPg86DznuNe417jnNNc46EEIxRjFGMUZRR
lFGUUZQRlFGMUIQPjFCc0pSRnNKc05zTlJOk1KTUpNStFKUUrRStFK0UrRWtFK0U
rRWtFa0VrRSlFKUUpROk0qTTpNOc05SSlJKUkpSTnNOc05zTpROc050TnNOc1JzU
nNSU1JzUlNSU1JTTjNOU04ySjJKMkoRRhFF8EXwRc9Fr0XPRdBF8EXPPc9B8EYRS
fBB0EIRSfFJ8UnxSfFJ8EXQRa9Br0GOPY5BbTjHJKYdSilJKWopailqLUkpSilKK
UopSiUpISghCB0IHOcY5xlrKa0xrC2tMc0yDzoPOg86EDoQPe857zoPPe86Dz4PP
hBCMEIwQjBCMEIQPhA+ED4wPjA+MUIxRlJGUkZySnNKc0pzTpNOk06TTpNSk1KTU
pRSk06UTpRSlFKUUnNOk060UpRSlFKUUpRStFKzTrNOk06STnJOc05zTnJOc05zT
nNOc05zTlJOU05zTnNOc05zTlJOUk5STnNSc05TTlNOU05TTlNOUk4yTjJKMk4ST
hJN8k4RTfFJ8EnwSc9F0EWvQa890EHxRfFF8UXxRfBJ0EXQRa9Bj0GPQW486SimH
UopKSlKKUopSikpJUkpSilKKSklKSUIIQchBxzmGOYZKCFqJawtrS3NMe82DzoPO
g86Dz4PPg8+D0IPPg8+EEIQQg8+Dz4QQjFGED4PPjBCUUZRRlFGUUZRRlJKUkpyS
nJKckpySnJKMEJRRnJKckpySjBGUUZzSnNOckpRSlJKc05yTnNOck5ySpNOk06TS
pNKc05zTnJKUkYxRhBB7z4QQlJKc05SSlJKUkpSSjJKUkoQRfBB8EIyShFKMUoxS
jFKEUXvQfBB8EIRRfBGEUoRShFKEUoRShFOEUoRSfFJ8UnxSfFJ8UnxRfFF8UXwR
dBF0EWvQY9Bj0FtPOosph1KKSklSilKKUopKSUpJUklSSlJJSklKCEIHQcc5xTnG
YspzTGsLawtzTHvNe857zoPOg86DzoPOg857jXvOe85zjXPOe86ED4xQjFCMUIxQ
jFCUUIxPjFCMUIwQhBCUUYxRlFGMUJyShBCUkZyTnNOk1KTTnNOc06UUpRSlE6UU
pRSlFKTUpRSc06TTpNOk0qTTnNOck5SSjFGMUYxRjFGUkpSSnNOUkpTTlNOU05TT
lNOM04yThJOMk4yTjJOEU4SThFJ8EHPQdBB8EGvPdA90EHQQdBB0EGvPhFFz0HPQ
dBB0EHQRfFF8UXxRfFF8UXQRdBFr0WOQY9Bbj0rMKYdSikpJUolSilKKSklKSUpJ
UklKSUoIQgg5xzmHMYY5hmLLa0xjC2MLa0x7jXvNg82DzoPOc0trCnuNe417zYQP
e8+EEIQQjFCMUIwQg8+Dz4PPawxzTHvNg8+MEJRRlFKMUZySnNKc05zTpROk1KTU
rRStFKUUpRStFK0UpRSlFKUUpRSlFKUUpNSlFKTSnNKk0pySnJOckpSSlJKUkpST
nNOc05zTnNOc05zTnNOc05zUnNSc1JTUlNSU05TTlNOU05TTjJKMk4SThJOEk4ST
fFJ8UnxSfFJ0EXQSbBFr0GvQY89r0HxSfFJ8UXwRfBF0EXQRc9Fr0GPQW49LDSmH
UopKSVJJUkpSikpJSklSSVJJSglCCEIIOcc5hzGGOYZiy3NMYwtjC2tMc417jXvO
g86DznONc42ED4QOhA6Dz4PPg86DzoPPhA57jWsLc42Dz3OOg8+UUZRRlFGUkZSS
lJKUkpySnJOc06TUpNSk1KUUpRSlFKUUpRSlFKUUpRSlFKUUpRSk1KUTpRSlE6TT
nNKckpSSlJKckpySnNKck5zTnNOc05zTnNOc05zTnNSc1JzUnNSc1JzTlNOU05TT
lNOU05TTlNKMk4yTjJOMk4yTjJOEk4SThFN8UnxSfFJ0UnRRbBF0EXQSdBF0EXQR
bBF0EWvRY9Fj0FuQU04xh1JKSklSSlJKUkpSSUpJUklKSVJJSghByEHHOYY5hTmG
awtrC2MKYwprS3uMe417jXvNe857znvOe85zjXvOc0xrDGrLc017joPPg8+ED4wQ
jFCMUYxRjFGUUZRRnFGckZyRnJKckpyTnNOk06TTpNSk1K0UpRSlFKUUpRSlFKUU
pRSlFKUUpRSk06UUpNOk0qTSnJGckpRSlJKUkpSSlJKUkpSSlJOUk5TTlNOU05TT
lNOU05TTlNOU05TTlNOU04zSlJOUk4yTjJOMk4yTjJOMk4yShJKEkoRShFGEUoRS
fFJ8UnxRfFF0UXQRdBF0EXQRdBBsEGvQY9Bjz1tOMclSSUoJSklSSVJJSglKCUoJ
SglKCUnIQchBxzmGOUU5RmLLawtjCmMKa0tzjHuMe457znvOa0xrDHNMYwp7znNM
c417joQPhA+ED4QPjBCMEIxQjFGMUYxRjFGUUZRRlJKckZySnJKckpzTnNOk06TT
pNOlE6UUpRSlFKUUpRSlFKUUpRSlFKUUpRSlFKTTpJKkkpySlJKUkpSSlJKUkpST
lJKUkpSSlJOU05TTlNOU05TTlNOU05TTlNOU05TTjNOMk4yTjJOMk4SSjJOMk4yT
jJOEkoRShFKEUoRShFJ8UnxSfFJ8UnxRfFF8UXQRdBF0EXQRbBFr0GvQY9BbjzIJ
UklKCFIJUklKSUpJSghKCUoJSghByEHHQYY5hTlFOURSBlJIYsliynMMe417jXvN
e857zmtNa01zjnPOe8+Dz4PPg8+ED4QPhA+EEIwQjBCMEJRQjFCUUJRQlFGUUpRR
lJGUkpSSlJKck5zTnNOc05zTnNOc05zTpRSlFKUUrRSlFJ0UnRSc1KTUpNSk05zS
nJKUkoxRjFGMUYxRjFGMUYxRjFGUkpSSlJKUkpSSlJKUkpSSlJKUkoyTjJOMk4yT
jJOMkoySjJKMUoRShFKEUoRShFF8UoRShFJ8UnxSfFJ8UnRSdBJ0UnQRdBF0EXQR
dBFz0XQRbBFj0GPQW486SkpJSglKCFJJUklKSUoISghCCEIIQcdBxzmGOYUxRTmF
YstiymLKYsprTHONc41zjXONe457jnuOe857z3vOe8+Dz4PPg8+MD4QPhA+ED4QQ
jBCMEIwQjBCUUIxQjFCMUZRRlJGUkpSSnJKck5zTnNOc05zTnNOk06TUpNSlFKUU
pRSlFKUUpRSlFKTUpNOc0pySlJGUUZRRhBCEEIxRhBCEEIQQhBB7z4QQjFF70IQQ
jFGMUYxRjJKUk4xSjJKUkoRSjJKEUoySjJKEkoRSfFF8UXxRfFJ8UnxSdFF0EXQR
dBF0EXQRdBF0EXQRdBF0EXQRdBB0EWwQY9Bj0FuPQotKCUoISglKCUoJSglKCEoI
QghCB0HHOcc5hjmGMYUxhWLLYspaylrJa0tzi3OMe4x7jXuNe417jnuOe497znvO
g86DzoPOhA6EDoQPhA+ED4QPhE+MEIwQjBCUUJRRlFGUUZRRlJKUkpySnJKc05zT
nNOc05zTnNOk06TUpNSlFKUUpRSlFKTUpNSk05zTnJKckZRRjBCMUXvQhBCMUoQR
hFGEUYRShFGMUZSSjJKEUYRShFKEUYRSjNOMk4yTjJOEkoyShJKEUYRShFJ8EnPR
c9B0EWvQa9B0EXQRdBF8UnxSfFJ8UnQRdBF0EXQRdBF0EWwRbBBkEWPQY9BbkErN
SghKCEoISghKCEoISchKCEnHSchBhzmHOYY5hjlFOYViymLKWspaymtMa0xzTHNN
c41zjXONc417znvOg897znvOfA57znwOg8+ED4QPhA+ED4QQhBCMEIwQjBCMUYxR
lFGUUZSRlJKckpySnJOk05zTnNOc06UTpNOk06TTpNSk06TTpNOk06TTpNOc0pSS
lJKUkZRRjFGMUYxRlJKUkpSSlJKU0pSSlJOUk5TTlNOU05TTlNOU05TTlNOU0pTT
jJOMk4yThJOMk4yThJOEk3xShFJ8EXxSfFJ8UnQRfFJ8UnxSfFJ8UXwRdBF0EXQR
dBFz0XQRa9Fr0WPQY9BbTkoIQghByEoISghKCEHHQcc5xznHOYcxhzGGMUUpRTGG
YstailKKWspjS2tLc4xzjHONc417jXuNe417jnuOe857z3vOe857znvPg8+ED4wQ
hA+ED4QPjBCMEIwQlFGUUZRRlFGUUpSSlJKUkpySnJOc05zTnNOc05zTpNOk06TT
nNOc05zTnNOc05zTnJKUkZSRlJKMkYxRjFGMUYxRlJKUkpSSlJKUkpSSlJKUk5TT
lNOU04zTlNOU05STlJOUk5STjJOMk4yThJOMk4yTjJOMkoRShFKEUoRRhFKEUnxS
fFJ8UnxSfBJ0EXQRdBF0EXQRdBF0EWwQa9Bj0GPPW49KCEIHQcdByEHIQcg5xznH
Occ5hjmGOYY5RTFFMUU5hlrKWspaiVrJawtzS3NMc0xzjXONc41zjnOOe457jnuO
e457znvOe857z4PPg8+ED4QPhA+ED4QPjA+MEJRQlFCUUZRRlFKUkpySlNKckpyS
nJOc05zTnNOc05zTnNOc05zTnNOc05zTnNOc0pSSlFGUUZRRjFGMUYxRjFGMUYxR
lJKUkpSSlJOUkpSSlJKUk5TTlNOM05TTjNOM04zTjNOMk4yTjJOMk4yTjJOMk4yT
hFOEUoRShFKEUoRRfFF8UnxSfFJ8UnwSdBF0EXQRdBFsEWwRbBFsEWPQY9Bj0FvP
QcdBx0HHQcdBx0GHQYZBhjnGOYY5hjlFMUUxRSkEOUVBx1IIWolaiWsLawxzTGtM
c4xzjXONc41zjXuOe457jnuOe86Dz3vOg8+ED4PPhA+MD4QPhA+EEIQQhBCMUYxQ
jFGMUYxRlJGUkZSSlNKckpySnNOc05zTnNOc05zTnNOc05zTlJKc05zTnNOc0pSR
lJGUUYxRjFGMUYxRjFGMUYxRjJKMkoySlJKUkpSSlJOUk5STlJOUk5STlJOMk4yT
jJOMk4STjJOMk4yTjJOMk4RShFKEUoRRhFJ8UnxSfFJ8UnxSdFJ0EXQRdBF0EXPR
dBFsEGwQbBBr0GPQY9Bbj0HHQYdBhkHHQcZBhjmGOYY5hjmGMYUxRTFFMQQxBEGG
WopaiVqJWolrC2tLc0tzTHNMc01zjXONe417jXuNe417jXuOe857znvOg8+Dz4PP
g8+MD4QPhA+ET4QQjBCMEYxRjFGMUpRSlFKUkpSSlJKUkpyTnJOc05zTnNOc05TT
nNOc05zTnNOc05zTnJKUUZRRjFCMUYxRjFGMUYxRjFGMUYxRlJKUkpSSlJOUkoyT
lJOUk5STlJOUk4yTjJOMk4yTjFOMk4yTjJOMk4SShJKEkoRShFKEUoRSfFJ8UnxS
fFJ8UXxRdBF0EXQRbBF0EWwRbBBsEGvQY9Bj0GPQW5A5hzmGOYY5hkGHQYY5RjmF
OYU5hTlGMUUxBSkFKQU5h1qKWopaiVqJawtrC2tLc0tzTHNMc0x7jXONc41zjXPN
c417jXvOe857znvOe8+Dz4PPg8+ED4QPhA+ED4wQjBGMUZRRlJGUUZRRlJKUkpSS
lJKUkpySnNOc05zTnNOc05zTnNOc05yTlJOUk5SSjFGMUYRQjBCEEIQQjFGMUYxR
jFGMUYxRjJGMkoySjJKMkoySlJKUk4yTjJOMk4yThJKEkoSShJKEk4SThJOEk4RS
hFKEUnxShFJ8UnxSfFJ0UnxSdFJ0UXQRdBB0EHPQdBBsEGwQbBBr0GvQY9Bj0VvQ
QYY5hjmGOYY5hzmGMUY5hjFGMUUxRTFFMUUxBCkFQcZaylqJUolSiWMLYwtrS2tL
a0trTGtNc01zjXONc41zjXONc417jnuOe457znvOg86DzoPPg8+ED4QQhA+EUIwQ
jBCMUYxRjFGMUZSSlJKUkpSSlJKUkpSSlJKUkpzTlJKck5yTlJOUk5SSlJKUkYxQ
jFCMUIQQhBCEEIQQhBCMUYxRjFGMUoxSjJKMk4ySjJKMkoyTjNOMk4ySjJOMk4yS
jJKMkoSShJKEUoRShFKEUoRShFKEUoRSfFJ8UnxSfFJ8UXxRdBF0EXQRdBFz0XQR
bBBsEGQQY9Bj0GOQY9Bj0DlFOUUxhTGFMYUxhTGFMUUxRDFFMUQxBDEEKQMpA0HH
WspSiVKJWoprC2sLcwxrTGtMa4xrTGuNc41zjXONc41zjXuNe417jnuOe457znvO
e8+Dz4PPg8+ED4wQhBCMEYwRjBGMUYxSjFGMUZRSlJKUkpSSlJKUkpSSlJKUkpzT
nNOUkpSSlJKUkpSSlJGMUIwQhBCED4QQhBCEEIQQjFGMUYxRjFGMUYxRjJKMkoyS
jJKMkoySjJKMkoySjJKMkoySjJKMkoySjFKEUoRShFKEUoRShFJ8UnxSfFJ8UnxS
fFF8EXQRdBF0EXQRa9FsEWwQbBBj0GPQY9BjkGOQY5AxBCkEKQQpRCkEKQQpBCED
KQMowijCIMIggiDCIMJBxlqJUkhSSFJJYwprC2sLa0trC2tMa0xrTHNMc0xzTHON
c41zjXONc817znuOe897znvOfA97z4QPhA+ED4QPhBCEEIwQjFGUUYxRjFKMUpRS
lJKUkpSSlJKUkpSSlJKUkpSSlJKUkpSSlJKUkoxRhA+ED4QOfA97z3vQhBCEEIQQ
hBCEUIxRjFGMUYxRjFKMUoxSjJKMkoSSjJKMkoySjJKEkoSShFKEUYRShFKEUoRS
hFKEUnxSfFJ8EnxRdFF0UXRRdFB0EXQRdBF0EWwRbBFsEGvQY9Bj0GPQY9Bj0GPQ
IIIggiCBIIIggiCBIIEggSCBIIEggSCCIIEggSCBMURBx0pISklSiWMKYwpjCmMK
Y0trS2tMc4xrjHOMc01zTXONe457jXuNe817jXvOe857znvOfA98D3wPhA+ED4QQ
jBCMEIxQjFCUUYxRjFGMUZSSlJKUkpSSlJKUkpSSlJKUkpSSjJKMkoyRjFGMEHvO
e817znvOe898D3vPhBCEEIQQhBCEEYRRhFKMUoxSjFKMUoxSjFKMUoySjJKMUoyS
hFKEUoRRhFKEUoRShFKEUoRShFF8UXxRfFF0UXxRdBF0EXQRbBF0EWwRbBFsEGwQ
bBBr0GvQa9Bj0GOQW49bjiCBIIEggSCCIIEggSCBIIEggSCCIIIggiBBGEEYgkHG
UolKSEpIUoljCWMKYwtjC2MLa0tzTHNMa0xrTGtNa0xzTHOMc41zjXONc45zjXOO
e857znvOe86Dz4PPhA+ED4RPhBCMUIxRjFGUUYxRlFGUUZRRlJKUkpSSlJKUkpSS
lJOUkpSRlFGMUYxRhA9zjXONc417znvOe897z4QQhBCMEIxRjFGMUYxRjFGMkYyR
jJKMkoySjJKEkoRShFKEUoRShFKEUnxSfFKEUnxSfFJ8UnxRfBF8UXxRfFF8EXwR
dBF0EWwRbBBsEGwQZBBsEGvQa89r0GOQY9Bj0FuPQokgQiBCIEIggiCBIIEggRiB
GIEggSCBIIEggSCBIIFJx1JJSkhSSVKJYspiymMKYwpjS2sLa0trTGtMa0xrjGtM
c0xzTXNMc41zjXONc417jXvOe897z3vPe8970HvPhA+ED4QQhBCMEIxQjFGMUYyR
jJGMkZSRlJGUkZSRjFCED3uNe0xzC2rKWolSB0GFKMIwwzDDMQMxAzEDMQMpAzFD
MQQxRDFEMUQxRDFEMUQ5hDmEOcVBxUHFQgVBxUIGQgZCB0pHUkhSiVLJWwpjCmML
Y0tjTGtMc45zz3wQfBB8UHxQdFB0UHQQbBBsEGwQa9Br0GvQY9Bj0FvPY89CSBiC
IEEggSCBIIIgghiBGMEYgRiBIIIggiCBIIEggRiBQgdSSEpISkhSiWLKYwtiymMK
awtrC2tLa0trS2tMa0xrTGtNa0xrTHONc41zjXuOc417jnuOe857znvOe898D3wP
hBCMEIxQjE+EDnvMc0tqymKIUgdJxTkDMMEggSBAIEAYQBhAGEAYQBhBGEAYQRhB
EEEQQRBBEEEQQRBBEAEQARBBEEEQQQhBEEEQQRBBEEEQQRBBEEEQQRABEAEQAQgB
EEEQQRBBEAEQARABEAEQABABEAEQARABEAEQARBBEEEYghjDIQMpRTGGMcY6B0JI
SolKilLKWstbDDoIGIMYghhBIIEggSCCIIIggiCCIIIggiCCIIIggiCBIIEggUoH
UkhKSEpIUolaylrJYwpjCmMLYwpjC2MLa0trTGtMa0xrTGtMa0xzTHNNc4x7jXON
e417znvOe857jHNLawlaiFIGOYMxAiCBIEEYQBhAGEAYQBBAEEAQQBABEAAQABAB
EAEQARABEAEQARABGEEggRiBGEAQQBBAEEAQQBBAEEAQQRBBCAEQARABEAEQARAB
EAEQARABEAEQARABCAEIAQgBCAEIAQgBCAEIAQgBCAEIAQgBCAEIAQgBCAEIAQgB
CAEIAQgBCAAIAAgACAEIAQgBEAEQQRhBGIIYghiCEIEgQSCBIIEggSCBIIEggiCB
IIIYghiCGIIYgRiBIIFSB0oHSgdKR1qIWslaylrKYspjCmMKY0prC2tLa0trS2tM
a0xrTGtMa0xrTHNMawtiilpIScY5RDDCIIEYQRABEAEQAQhBEAEIAQgBCAEIAQgB
EAEQARABEAEQARABEAEQARABEAEQARABGAEYQSBBKMIowiDBIIEYQRhBGEEYQRBB
EEEQQRBBEEAQARABEAEQARABEAEQARABEAEQARABEAEQARABEAEQARABCAEIAQgB
CAEIAQgBCAEIAQgBCAEIAQgBCAEIARBBEEEQQRCCEIEYgRiCGIIYghiCGIIYghiC
IIEggiCBIIEggSCBIIEggSCBIIEggSCBIIEYgCCBOYU5xkoHSgdSSFqJWslaymLK
YspjCmMKawtrC2MLawtrC2LKWolSCEHGMUQowiCBGEEQARABEAEQARABEAEQAQgB
CAEIAQgBCAEIAQgBCAEIAQgBCAEIAQgBCAEQARABEAEQARAAEEAYQBhAIEEowjED
MQMwwijBKMEggRiBGEEYQRhAGEAYQBhAGEAYQBhAEEAQABAAEAEQABAAEAAQABAA
EAAQQQgBEAEIABABEAEQARABEAEQARABEAEQQRhBEEEQQRBBEIEYgRiBGIIggiCC
IMIgwiDCGIIYghiCEIIYgiCBIIEggSCBIIEggSCBIIEggRiBGIEYgRiBGIEgwkoH
SghKCEoHWkhaiVrJWslayVrKWspaiVpIUgdJhjlFMMMogiBBGEAQQRABEAEQARAB
EAEQARABEAEIAQgBCAEIAQgBCAEIAQgBCAEIAQgBEAEQARABEAEQARABEAEQARAB
EAAQQBBAGIEggSjBMQI5AzECMQIowijCKIEogSCBIIEggSCBGIEYQRhBGEEQQRgA
GEAYQBhAGEAYQBBAEEEQQRBAEEAQQRBAEEAQQBBAGEAYQBhAGEEggRiBGIEYgRiB
GIIYghiCGIMYwhjCIMIgwhjCIIIYghiCGIIYQhiCGIIgQSCBIIEggSCBIIEggSCB
IIEggRiBGIEYgRiBIMJKB0IHQgdKB1JISgdKBkHGOYUxQyjCIMIggRiBEEEQAQgB
EAEIARABCAEIAQgBCAEIAQgBCAEIAQgBCAEIAQgBCAEIAQgBEAEQARABEAEQARAB
EAEQABAAEAAQABAAEEAQQBBAGEAYQCCAKIEowjECOQM5AzEDMMIwwijCKMIowijB
IMEogSCBIIEYgBiBGIEggRiBGIEYgBiAGIAYgBiBGIAQgBiBGIEYgRiBGIEYgBiB
IIEggSCBGIEYgRiBGIEYwhjCIMIgwiDCIMIYwhjCGMIYwhiCGIIYghiCGIIYgRCB
IEEggSCBIIEggiCCIIIggiCBIIEggRiCIIIYgiCDOUQxREHFOUUpAyjCIMIYgRiB
EEEQQRBBCEEQAQgBEAEQARABEAEIARABCAEIARABCAEIARABCAEIAQgBCAEIAQgB
CAEIAQgBEAEQARABGAEYARgBGAEYARgAGEAYQBhAGEAYQCCAIIEowSjCKMIwwjED
MQIxAjECKQIxAjDCKMIowijCKMIowijCKMIgwSCBIMEowSDBIIEggSCBIIEggSCB
IIEggSCBIIEggSCBIIEggSCCIMIgwiDCIMIgwiDCIMIgwiDCIMIgwyDCGMIYwhjC
GMIYghCBGIIYgRiCGIIYgiCCIIIggSCBIIEggSCCIIIggiCCIIIggiCCIIIggiCC
IIIoghhBEAAQARABEAEQARABEAEQARABEAEQARABEAEQARABEAEQARABEAEQARAB
EAEQARABEAEQARABEAEQARABEAEQARABEEAQQBBAEEAYQBhAGEAYQBhAGEAYQBhA
IIAggCCBKMEwwjECMQIxQzEDMQMxAzEDMQIxAjECMQIpAikCKMIowijCKMIowijC
KMIowijCIMIgwiDCIMIgwiDCIMIgwiDCIMIgwiDCIMIgwiDBIMIgwiDCIMIgwhjC
GMIgwiECIMIgwiCCIMIgwhjCGMIYwhiCGIIYgRhBGEEggSCCIIEggiCCIIIggiCC
IIEggSCCIIIggiCCIIEggRhBGEEYQRBBEAEQARABEAEQARABEAEIARABEAEQQRBB
EAEQABAAEAEQARABEAEQARABEEEQQRhAEEAQQBBAEEAYQBhAGEAYQBhAGAAYQBhA
GEAYQBhAGEAYQBhAIIEogSiBKIEowjDCMQIxAjECMUM5AzkDOQM5AzkDMQMxAjEC
KQIowijCKMIowijCKMIogijCKMIowijCKMIowikCKMIowiDCIMIgwiDCIMIgwiDC
IMIgwiDCIMIgwiDCIMIgwiDCGMIgwiDCIMIgwhjCGIIYghiCGIIYghiCGIEQgRBB
IIEogiCBIIEggSCCIEIgghiCIIIggiCBIIIggiCCIIEYgRhAGEAQQBAAEAAQABAA
EAEQARABEAAQABBAGEAYQBhAGEAYQBhAGEAQQBBBEEAQQBhBGEEYQRhBGEAYQBhA
GEAYQBhAGEAYQCBAGEAYgBBAGEAYQCCBIIEggSiCKIEowSjBKMIwwjECMQIxQjkD
OQMxAzEDMQMxAzEDMQMpAykCKQIpAijCKMIowyjDKMIowijCKMIowiDCIMIgwiED
KQMhAyDCIMIgwiDCIMIgwiDCIMIgwiDCIMIgwiDCIMIgwyCCIMIgwiDCIIIggiCC
GIIYghiBGIIYghiCEIIQgSiBIIEggSCBIIEggSCAIIEYgSCCIIEggSCBIIEggSCB
IIAggSBAGEAYQBhAGEAYQBBAGEAYQBhAGEAYQBhAGEAYQBhAGEAQQBBAEEAYQBhA
GEAYQBhAGEAYQBhAGEAYQBhAGEAYQBhAGEAYQCBAIIAggCCAKIAgwCCAKMEowSjC
KMEowSjCKMIwwjECMQMxAzEDMQMxAzEDMQMxAikCKQIpAijCKMIpAikDKMIowijD
KMIowiDCKMIpAikCKMIowijCKMIgwiDCIMIgwiDCIMIgwiDCIMIgwhjCIMIgwiDC
IMIgwiDCIMIYwhiCGIIYghiCGIEYgRiBGIEYgRhBEEEggSCBIIEggSCBIEEggSCB
IMIggiCCIIIggSCBIIEggSCBGIEYQSBBGEAYQBhAGEEYQBhAGEAYQBhAGEAYQRhB
IEEYQRhBGEEYQRhBGEEYQRBBGEEYQRhBGEEYQRhBGEEYQBiAGEAYgBhAGEAggCCB
IIEggSCBIIEogSiBKIEowijCKMIowijCMMIxAjECMQMxAzECMQIxAjECMQIxAikC
KQIpAikCKQIpAykDKQMpAykDKMIowijCKMIowijCKMIowiDCIMIgwiDCIMIgwiDC
IMIgwiCCIMIgwiDCIMMgwiDCIMIgwiDCGMIYwhiCGIIQghiCGIIYghiBGIEQgRBB
IIEggSCBIIEggSCBIIEggSCBIIEggiCBIIEggSCBIIEggSCBIIEggSCBIIEggSCB
IIAggCCAIIAYgBiAGIEYQSBBIEEYQRhBIEEYQRhBGEEYQRhAGEAYQBhAIEAgQCCB
IIEggSCBIIEggSCBIIEggSCBIIEggSiBKMEowSjBKMIwwijCKMIowzDDMQMxAzED
MQMxAzEDMQMxAzEDKQMpAijDKMMowyjDKMMowijCKQMpAyjDKMMowyjCKMIowijC
KMIgwiDCIMIgwiDCIMIgwyDCIMIgwiDCIMIgwhjCGMIYwiCCGIIggiCCGIIYghiC
GIIYghiBGIEYgRiBGEEQQSCBIIIggiCBIIEggiCBIIEggSCBIIEggSCBIIEggSCB
IIEggSCBIIEYgRiBGIEYgRiBGIEYgRiAGIAYgBiAIIEgQSBBIEAgQCBBIEEgQSCB
IIEggSBBIEEggiCBIIEggCCBKIEggSCCIIEggSCBIIEogiiBKIEowijCKMIowijC
KMMowijCMQIxAjECOQMxAzEDMQMxAzEDMQIxAikCKQIpAikDKQMpAykDKQMowyjC
KMIowijCKMIowijCKMIgwijCKMIowijCIMIgwiDCIMIgwiDCIMIgwiDCIMIgwiDC
IMIYwhiCGIIYwhjCGIIQghiCGIIYQRiBGIEYgRhBGEEggiCBIIEogiCCIIEYgRiB
GIEYgRiBIIEggSCBIIEggSCBIIEggSCBIIEggSCAIIEggSCAIIAggSCBIIEggRiB
IIEggSCBIIEggSCBIIEggSCBIIEggSjBIIEggSBBIIEggSCBIIEggSCBKIEogSiB
KIEogSjBKMIowijCKMIowijDKMMxAzECMQMxAzEDMQMowzEDMQMxAzEDMQMowzDD
KMMpAikCKQIpAijCKMMowyjCKMIowijCKMIowijCIMIgwiDCIMIgwiDCIMIgwiDC
IMIgwiDCGMIgwiDCIMIgwRjCGMIYghiCGIIYghiCGIIYgRiBGEEYgRCBEIEQQRBB
GIEggSCBIIEggSCBIIEggSCBIIEggRiBGIIYgSCBIIEggSDBIIEggSCBIIEggSCB
IIEggSCBIIEggSiBIIEggSCBIIEggSCBIIEggSCBIIEggSCCIIEggSCBIIEggSCB
IIEggSCBKIEowSjBKMIowSjCKMIowSjCMQIowijCKMIowjECMQIxAjECMQMxAzED
MQMxAzECMQIpAikCKQIhAikCKQIpAikCKQMpAykDKMMowijCKMIowijCKMIowijC
KMIgwiDCIIIgwiDDIMMgwyDCIMIYwhiCGMIYwhiCGIIYghiCGIIYghiCGIIYghiC
GIIYgRiBGEEYQRBBEEEQQSCBIIIggSCBIIEggiCCIIIggRiBGIEYgRjBGIEYgSCB
IIEggSCBIIEggSCBIIEggSCBIIEggSCBIIEggSCBIIEggSCBIIEggSCBIIEggSCB
IIEggRiBIIEggSiBKIEggSiBIIEggiCBKMEowSjBKMIowijCKMIowijCKQIowyjC
KMMowzEDMQMpAjEDMQMpAjEDKQMpAykDKMMowyjDKQMhAykDKMMowijCKMIowijC
IQIowyjDKMIowijCKMIgwiDCIMMgwiDCIMIYwhjCGMMYwxjDGMMYghiCGIIYghiC
GIIYghCCGIIYghiCGIEYgRiBGIEYgRCBEIEQQRBBEEE=
END m9
frame    36 :  a closed book -0.30  an opened book -0.33   led   0/255 h0.00 lvl-0.31   -
frame    37 :  a closed book -0.43  an opened book -0.50   led   0/255 h0.00 lvl-0.46   -

snapshot  : frame 38, mean RGB 128 125 126
BEGIN m9 128 128 32768 1688285b
astiiknIQcdiymLLWspKSFsLa0xrTWtNYwt7zoQQjBF7z3vPjFGUkoxRhBCMUZSS
lJKUkpSSlJGMUZzTpRSlFJzTnRSlFKUUpRSc06UUpVSlFJzTnROlVK1VrVWlFKVV
pVWtVqUUpRStVa1VrVWtVaUVpRWtVq1WrVatFaVVpVatlq2WpRWlFaVWrVatVqUV
pVWlVq1WpRWdFa1WrVWtFZ0UpVWlVaVVpVWdFZ0VpRWlFZ0VnRWdFZ0VnRWlVZ0U
nRSVFJUUnRSU1IzUlNSU1IzTjJKMkpTSjNOMkoRRjJKMkoRRhFF8UISShFGEUXwQ
dBB0EHQQdBBrz2NNY45rjmLLYspKB0HGYspiy2LLUkliy3NNc01rTGtMe86EUIxQ
e897z4xRlJKMUYQQjFGUkpSSlJKUkoySjFGc06UUpRSc050TpRSlFKUUnNOdFKUV
pRSc05zTpVWtVaVVpRSlFK1VrValFaUUpVWtVa1VrVWlFZ0UrVatVq1WpValVaVW
rZatVqUVpRWlVq1WrValFaUVrVatVqVVpRWtVq1WpVWlFa1WrZatVqVVpVWdFaVV
pRWdFZ0UnRWdFaUWpRWlFZ0UnRSdFJ0VlRSU05TUlRSM04zTjNOM04zThJOEkoSS
jJOEknxRfFGEUnxRfFF0EHQQdBB0EHQQc89jTWOOa45jDFrLSghBx2LKYspiykpI
YstzTXNNc01rDHvPhBCEEHvPe8+MUZSSjFGEEIxRlJKUkpSSlJKUkoxRnNOlFKUU
nNOlFKUUpRSlFJzTpRSlFaUUnNOc061VrVWtVaUUpRStVa1VpRSlFK1VrVWtVq1W
pRWlFa1WrVatlqVWpVWtVq1WrVadFYySjFGlFK1VpRWlFa1WrValVaUVrVatV6VV
pRWtVq1WrValVqVVpRWlVqUVpRWdFZ0VnRWdFp0VnRWdFZUUlRSdFJTUlNOU05TU
lNOMk4yTjNOMk4SShFGEUoyShFJ8EXwRhFKEEXxRc9Bz0HQQdBBzz2uOWwxjTWNN
YwpiykoHQcZiymsKYslKR2MKc0xzjGtMYwt7zowQjFF7z3vPjFGUkoxRhBCMUZSS
lJKUkpSSlJKMUZSSpRSlFJzTpRSlFKVVpRSc06TUrRWlFKUUpRStVa1VrVWlFKUU
rVWtVaUUpRStVa1VrVatVqUVpRWtVq1WrVatVaUVrVWtVq1WfA9KCFJJYoulFK1V
pRWtVa1WpRWlFaVVrZalVZ0VpValVq1WpVWlVaUUpRWlFaUVpRWlFaUVpRalFZ0V
nRSdFJzUnRWU1JTUlNSU1JTUjNOMkpTTjNOMkoRRhJKMkoRRfBF8EIRRhFGEUXPP
c89zz3PPc89rjlsMY01jTWrLYspKB0HHWspjC1rKSkhaynNMc01rTWsMe46EEIxQ
e897z4xRlJKUkoQQjFGUkpSSnNOUk5SSjFGc0qUUpRSc06UUpRSlFKUUnNOlFKUU
rVWlFKUUrVWtVq1VpRWlFK1VrZWlFKUUrVW1lrVWrVatFaUUrVWtVq1WrRatFa1V
rVWtVVqKUodzS1JHe42lFKUVrVatVq0VpRWtVq2WpVWlFaVVrVatVq1WpRalFaUW
pRWlFZ0VpRWdFaUVpRWlFZ0UnRSc1J0UnNSU1JTUlNSM1IyTjJOM04yTjJKEUYRR
jJKEUXwRe9CEUYRRfBFz0GvPc89zz3PPa45bDFsNY01jC1rKSgdBxlqJastiylJJ
YstzTWtNa01jDXPOhBCMUIQQe8+UkpSSjFGEEIxQlJKc0pzSlNKUkYxRlNKlFKUU
nNOlFKUVpRWlFJzTnNSlFa1VnNOlFK1VrVatVaUUpRStVq1WpRWlFa1VrZWtVq1V
rRWlFa1WrVatVq1WrRStVaUUlJJKB0oHUkdKR1qJpRSlFa1WtVatVaUUrVatlqVV
pRWlVa1WrVatVqUVnRWlFaVVpRWlFaUVpRWlFaUVpRWdFZUUnRSdFJTUlNSU05UU
lNOMkoySjJOMk4yThFGEUoRShFF8EHwQhFGEUXwRa9Brz2vPa89rzmOOUwtTDFtM
Ystqy0oIQcdii2MLYwtSSWLKc0xzTWtNa0xzzoQQjFCED3vPlJGUkpSShBCMUZSS
lJOU05TTlJKMUZSSpRSlFJzTpRSlFKUUpRSc050UpVWlVZ0UpRStVa1WrVWlFKUU
rVWtVqUVpRWtVbWWtVatVa1VpRWtVa1WrVatVqVVpRWc03vPSgdSR1JHUkdSR4wO
pRStVa2WrVWlFa1WrValVaUUrVWtlq1WpValVZ0VpVWlVaUVnRSdFZ0VnRWlFaUU
nRSVFJzUnRSVFJTTlNOdFJTTjJKMkoySjJOMkoRRhFGMkoRRfBB8EIRRhFF8EXPQ
a49rz2vPa85jjVMLUwxbDGLKYstKCEHHWopiy2LLUklay3ONc01rTGtNe46MEIwQ
hBB7z4ySlJKMkoQQjFGUkpyTnNOU05SSlJKc06UUpRSc05zTpRStVaUUpRSlFK1V
rVWlFKUUrVWtVa1VpRWlFK1VrVWlFaUUrVWtVq1WrVatFaUVrVWtVa1WrVWlFaUV
lJNrDUpISkhSSFJHUkdiyqTTrVWtVaUUnRStVa2WrValFK1VrVWtVq1WpVWlFaVV
pVWlFaUVpRWlFaUVpRWlFZ0VnNSc1J0VlRSU04zTlROM04ySjJKMkoySjJKEEYRR
hJKEUXwQdBB8UXwRfBBrz2uPa49rj2uOY05Sy1sLW0xaiVqJSghBx1qKastiy1JJ
WspzTXNNc01rTHOOhBGMUYQQe8+UkpSSlJKEEIxRlJKc05zTnNOUkoxRlJKlFKUU
nNOlFKUUrVWlFKUUpRStVa1VpRSlFK1VrVWtVaUUpRStVa1VrVWlFK1VrVWtVa1V
pRSUkpSQlJGdE6VUpRSlFIQQUohSR1JIUkhKSFJHUkdzjaUUrVWlFIQPc0tjCmsK
e4yc0q1VrVatVq1VpRStVaVVpRWlFaUVpRWlFaUVpRWdFJ0UnRSdFZUUlNOU05TU
lNOMkoSSjJOMk4SThFGEUYyShFF8EHwQhFGEUXwQa89rj2uPa45rjmNOSstSzFsM
SgdaiFJHQgZSiWsLastaiVrJc41rTWtNa01zjoRQjFCED3vOjFGUkpSSjFCMUZSS
lJKc05zTlJKMUZSSpRSlFJzTnNOlFKUUrVWlFKUUrVWtVaUUpRStVa1VrVWlFKUU
rVWtVq0VpRStVa2VrVWUkWrJWkdaB1IHUgdqyYOMe4xrCmtLc0xjC1KIUkhaiFpH
YolqynsLYolSR1JHUkdSR1JHUkeDza1VrVatVaUVrValVaUVpRWlFaUVpVWlVaUV
nRWVFJ0UnRSc1JTUjNOU1JTTjJKMkoySjJOMknxRhFGEkYRRfBB0D3xRfFF8EWvP
a45rjmuPa05jTVLLUwtbTEoJWklSSEIHWolrC2sKWolayXONc41zTmtNc46EEYxR
hBB7z4ySlJKUkoRQjFGUkpSSnNOc05SSjFGUkqUUpRSc05zTpRSlFKUUpRSlFK1V
rVWlFKUUrVWtlq1VpRWlFK1VrVWtVaUUrVWtVYxQUkhaSFpIWkhaiVqJYop7jpST
rZa9174Xtdd7z2MMhBCc1KVVpValVZSTe89jDHNNawxaiUpISghzja1VrVWlVa1V
pVWlFaUVpRWlFaVVpVWlVZ1VnRSdFJ0UnRSU05STnNSU04zThJKMk4yShJJ8UYRR
hJGEUXwQfBCEUXxRfBBrz2uOa45rjmtOY05Ki1LLWwxSSVqKUkhBx1KJYwtjC1KJ
UolzjXONc41zTXONhBCMUIQQe8+MUpSSjFKEEYxRlJKc05zTnNOUkpSRlJKlFKUU
nNOc06UUpRSlFKUUpRStVa1VpRSlFK1VrVWtVaUVpRStVq1WrVWlFK0VpRRaiFJI
UkhrTIQQlJKUk61VtZa9173Xxhi9173XnNOtVb3Xvde9173Xvde917XXtdelVYyS
c85bCkpHSkec0q1VpRWlVaVVpRWlFaUVpRWlVaVVpVWlVZ0UnRSdFJUUlNOMkpTT
lNOU0oySjJKMkoSSfFF8UYSSfFJ0EXQQfFF8UXQQa49rjmuPa45jTWNNSopSy1LL
UghSSVJIQcdSiWMLYwtSiVKJa01zjXONa41zjoxQjFCEEHvPlJGUkpSShBCMUZSS
lJOc05zTlJKUkZSSpRSlFJzTnNOlFKUUpRSlFKUUrVWtVaUUpRStVbWWrVWtVaUU
rVatVq1VpRSlFIwQUohSiGtMjFGc07WVtda1lr3Xvde9173Xvde9173Wvda91r3X
vde9173Xvde9173Xtde115zTjFFaikpIe86lVaVVrVWtVaUUpRSlVKVVpVWlVaVV
pVSdFJ0UnRSc1JTTjJOU1JTTlJKMkoySjJKEkXxRhFGEkoRRfBB0EHxRfFF8EGvO
Y45jjmONY45jTUqKSstSzFJIUkhSSEnHUklrDGsMWopSinONc41zjWtMc46MUYxR
hBB7z5SSlJKUkoQQjFGUkpzTnNOc05SSjFGUkqUTpRSc05zTpRSlFK1VpRSlFK1V
rVWlFKUUrVWtVa1VrVWlFK1VrVWtVaUUpRSDz1qJWsqc0rWVtZa1lrWWtZa9173X
vde9173Xvde91r3Xvda9173Xxhe9173Xvde9173Xtde117WXhBFKSWtNpVWlVaVV
rVWlFKUUpRWlVaVVpVWlVaVUnRSdFJ0VnNSU1JSTnNOU04zTjJKM05STjFKEEXxR
hJJ8UXwQc898UXxRdBBrjmOOa45rjmOOY0xKylLLUsxKCFJJUklBx0pJYwtrC1qJ
UolrjHONc41rTXNNjBGMUYQQe86MkZSRlJKEUIxRlJKc05zTnNOUkoxRlJKk06UU
nNOc06UUpRStVaUUpRStVa1VpNSlFK1VrZatVq1VpRStVa1VrVWlFJzTe89SimMM
tZa1lrWWtZa1lrWWvda918YXvde9173Xvde917WXvde9173Xvde9173Xvde9173X
vde915TTSkl7z7WXrZatlq2WpVWlVaVVnVWlVaVVpVWdFZ0UnRSdFJ0TnNOU050U
lNOM04ySjNKUkoyShFGEEYRRhFF8EHPQfFF8EXwQa89jjmOOY45jTltNSopSi1rL
UgdaSFqIQgZSSGsLawxailKJc41zTXONa01rTYwQjFGEEHvPjJKUkpSShBCEEJSR
nNKc0pzSlJKMUZSSnNOlFJzTnNOlFKUUrVWlFKUUrVWtVaUUpRStVa2WtVatVa0V
tVWtVa1VrVWtVYxRWspjC73WvZa1lrWWtZa1lrWWvda91r3Xvde9173Xvde1lrWW
vde9173Xvde9173Xvde1lr3Xvdec00pJnNO9173Xvde117XXrdatlq2WrVatVqUV
pRWdFZzUpRSc1JzTlNOVFJTUlNOMkoySjJKEUoRRhFGMUoRRfBB70HxRfBF0EGuO
Y05jjmONY41bTEKJSspTC1IHWklSSUHHSkhjC2MLUolSiXNNc41zjWtNa02EEYxR
hBBzjoxRlJKUkoQQjFCUkZzSnNKc05SSlJGUkqUUpRSc06UUpRStVa1VpRSlFK1V
rVWtVaUUrVW1lrWWrVWtVbWWtZa9173XtZalE3NMWom1VL2WtZa1lrWWtZa1lr3X
vdjGGMYYvde9173XtZa1lrWWvde9173Xvde9173Xvde9173XjFFKSbWWtde117XX
tde117XXtdat1rWWrZatlq2WrValVaVVnRWdFZTUnNSU1JTTjJKMk2xTbFJkUmxS
fFF8UXQQc9B8UXxQdBBrjmOOY41jjmONW0xKikrKUstSB1qIWkhKB0oIawtrC2LJ
UolzTXONc01rTWtNhBCMUYQQe8+MUZSSlJKEEIxRlJGc0pzSnNKckpSSlJKlFK0V
nNOk060UrRWtVa0UpRStVa1VrVWlFK1VtZa1lrWWtZe1lrXWvda91r3WtZWMkFrL
jFG1lrWWtZa1173Xvde9173XxhjGGMYXvde91r3Wvde9173Xvde9173Xvde917XW
tda914QQUoq9173Xvde917XXtde11rXWrda1lrWWtZWtlq1WrZatlq2WpVWlVaVV
pVWdFZ0UfFFUEkwVTBRMFFQTfFF0EHQPfFF8EHwQa49jTmNOY05jTlsMSolSylrL
SgdSiVqKSgdKCGsMawtiylpJc017jXONa01rTYQQjFGEEHvPjFGUkpSRhBCMUJSR
nNKc0pzSnNKUkZSSpRSlFJzTpROlFK1VrVWtVaUUrVWtVa1VtZW1lrWWtZa1lrWW
tZa9lr2WvZa91rWWrRRjDHuOtZW1lrWWtZa9173Xvde9173XxdfF173Xvde9173X
vde9173Xvde9173Xvde917WWtZaMUVKKtZa1lrXWtde117WXtZe1lrWWtZa1lrWV
rZatlq2WrZWtla1VpVWlVaVVnRSdFJUUhNR01GSUZFNcEnQQfBBzz3wRfBF0EGOO
Y41jjWNOY01bDEpKUopSy0oIUolSiUoISghrC2tMWspSiHNMe41zjmtNa02EEYxR
hBB7j4xRlFKUkowQjFGUkpzTnNOc05SSlJGU0qUUpRSc06UUrVStVbWWrVWtVbWV
tZW1lrWWtZa1lrWWtZa1lrWWvZa9lr2WvZa1lrVVc01zTb2WvZa9lrWWtZalVKUU
rVW1lbWWvhe9173Xvde917XWrZWtVbWVtZe9173Xvde9173XnNNSiqUUtZa1lrWW
tZa1lrWWtZa1lrWWrVWtla2WrZatlqWWrVWlVaVVpRWlFKUUnRSdFJTUjNOMk4yS
jJN8EXwQc898UXQQc9BjjltNY05jTmNNYw1CSkqKUspJx1pJWklJyEoHYwtjTFsK
UohrTHONc41rjWtMhBCMUIQQe8+MUZSSnJKMUYxRlJKc0pzSnNGUkZSRlJGlFKVU
pRStVa1VtZa1lrWVtZW1lbWVtZW1lrWWrZa1lq2VrVS1lrWWtZa1lr2WvZa9lXOO
a421lrWWtZWlFLWWtZa9173Xvde918XXxdfF173Xvde1lq1VtZa1lrWWtZa1lrWW
vde9173Wa0yEELXWtde117XXrda1lq2WrZatVqUUrVWU0pzTnNSlFKVUpVSlVKVU
pVSdFJ0UnRSVFJTTjNOM04yTfFF8EHQQfBF8EHPQa45jTWNNY01jDVsMQkpKilLL
QcdSSVpJUghKB2LLawxiy0pJa01zjnONc01zTYQQjFCEEHvOjFGUkpSShBCMEJQP
lA2UDJPMnE6c06UUrVWtVa2VrVWtlq1VtZW1lbWVtZW1lbWVrVWtVa1VtVW1VbVV
tZa91r2WvZa9l72XtVZrDHvPrVStla1VtZa1lrWWtZa1lq1UtZbF18XXxdi91r2X
vde9173Xvde9173Xvde1lq1VrVWtVYxRWsulVLXXtde117XWtdatlrWWrZatlq2W
pVWdFZUUlRSVFISShJKMkozSnRSU05TTlNOM04zTjNOMk4RSfBF0EHwRfBBz0GuO
Y01jTWNOWw1TDEJKSopSi0nHWklaSVIHSgdjC2tMYwtSiWtNc45zjnONc02MEIwR
jBF7z4QRlJKUkoxQi8+DzpxRpJGk0q0TrRStVK1VrVWtVa1VrVWtVa1VrVWtVKUU
pRSlFK0UrVW1VbWWtZa1lr2WvZa9lr2WtZa1lpzSWsuUUa1VtVa1Va1VtZa1lr3X
vde1lrWWvde918YXvde9173WtZatVbWVpRSlFLWWvde9l61WpVWlFGuNfBC1lrXX
tda117XWrda1lrWWtZa1lrWWrZatlqVWpVadVZ0VlRSU050UlNOEUYzTlNOU04yT
jJOMknwQdA98EHQQc89jjltNY01bTVtNWwxCSUqKSstKB1qKYopSSVIIYwxjDGML
UolrTHONc41zjWtNhBCEUYQQe8+MUZSSlJKMUYwPlJGlE6UTpROlFKUUrVStVa1V
rVWlFK1UnNOUkqUUpRSlFK1VrVa1lrWWtZa1lrWWtZa1lrWWtZa1Vq1VtVWED2tM
rVSlE6UUtVW1lr2Wvde91r3XvZbF18XXxdfF18XXvde117XXtde9173XtZa1lrWW
tZa1lrWWtZalFaVVrVWtVa2WrZatla2WrZatlrWWtZatlq2WrZatlq1WrVWlFaVV
pRWdFJTTlNSM1IzTjJOMk4yThJJ0EHPQfBB0EHPPY45bTVtNW01bDVMMQklKilLK
SghiilqKUkhSCGsMawxrDFKKa01zjnOOc45rTYQQjBCEEHvPjFGUkpSSlJKUkpSS
nNOlE6UTrVOtVKUTrVWlFKUUnNOlFJzTrRStVbVVtVa1lrWWtZa1lrVWtZa1lq1V
pROtVa1VtVa1lq1WlJKUka0UrVW1lrVVrRStVbWWtZa1lq1VtZbGF8XXxhfF173X
tZa1Vq0VtZatVa1VtZa917WWtZatlrWWrVWtVbVVtZa1lq2WrValVqVVpRWlFaVV
rVatla2WrZWtVaVVpVWlVaVUnRSdFJ0UlROU04zTjNOEk4SSdBBzz3wQe9Bzz2OO
W01bTVtNW01TDEJJSopKikoIWspiylqKUklrDGtMa0taimtMe457jnuOc02EEIxR
jFF7z4QQjFGMUYxRjFGUkp0TpROlFKUUpRR7z61UpRSlFK1VrVWtVbWWtZa1lrWW
tZa1lrWWtZa1Va1VrRWtFa1VtZa1lrWWrVWlFK1VtVW1lq1VnNOtVbWWvdfGGL3X
vde9173XxhfGF8YXvda917WWrVWtVbVWtZe1lrWWtZa1lrWWtZa1lq2WrVWtVaVV
pRStVa1VtZatlq2WpVWlVaVWnNSc06VUpVSlVJ1UnRSdFJ0UnRSdFJUUjNOM04TT
jJOEk3wRc9B8EXPRc89jTlsNWw1bDVsMUsxCSUKKSotSCGLKWspaikpJYwxrTWNN
WstrTXuOe457jnNOhBCMEYxRe9CMEYwRYsyUkpSSnNOlFKUUpRStVa1VpRStVa1V
rVWtVa1VtVW1VrVWtVa1Va1VpRS1Va1VtZa1lbWWtVatFbVVrVS1VrWWtZa1Va0V
rVWtVbWVtZWtVa1VrVWtVbWWvda91sYXxhfGF8XXvde9173Wvda11rWWvda9173X
vde1lrWWtZa1lrWWtda1lq2WrVWlFaUUnRStVaVVpValla2WpVWlVaVVnRWU04yS
jJKM03xRlNSU05TTjNOMkoSThJJ8UWvPdBB0EGvPW45bTVtNWw1bDFLMQklCiUqK
Ukliy2LLYspSiWtLa0xrTFrLa017jnvPe497joQQjFGMUXwQhBGEEGMMlJKUkpzT
pRSlFKVUpVStVK1VrVWtVa1VrVWtVa1UpRSlFKUUrVSlFKVUrVWtVaUUrVStFK1V
rVW1lbWWtZa1Va1VrVWtVbWWrVWtFK1UtVW1lr3Xvde+F73XvdfGF8XWxhfF173X
vda1lq1WtVa1lrWWtZatla2VtZa1lrWWtVWtVa1VrVW1lq2Wtdetlq2WrVadFKUU
nRSdFJSSnNOlFKVUpVSdFZ0UlRSEk4zUjNOM04zThJOEk4STfFJr0HQQc9Brz2NO
Ww1bDVsNWw1Sy0JJQolKilJJawtrDGMLWoprDXNNc01iy3NNe457z3vPe46MEIxR
jFF70IQQhBBzjpSSlJKc06UUpRSlFKVUrVStVK1VrVSlE6UTrVWUkpzTrVWtVa1V
rVWlFJ0UpRSlFK1VtVW1lrWVrVWtVa1VtVW1lrVVrVWlFKVUtZa11r3Xvde1lbWW
vdbF18XXxdfF18XXxde9173WtZa9173Xvde9173XtZa1lrWWrVWtVa1VtZa1lq2V
rVWtVbWVrVWlFa1WrZatlqWWpVadFJ0UlROVE5UTlNOU04yRlNOU05TUjJOM04yS
jJKEknxRdA9z0HPQc89jjlsOWw1TDFMMUsw6SUKKSopaimsMawxrDFrLa01zjnuO
awxzjYPPhA97z3vPjFCMUYxRhBCEEIQQjFGUkpSSnNOlFKUUpVStVK1UrVSlE6UT
nNOlFK1VtVatFKTTpRStFKUTpRStVa1WtVWlE6TSrVStVbWVtda1lq1VpRSlFLVV
tVW1lq1VrVW9lr3XrVW1lr2XvZe9lr3XvdfF18XXvde91rWWtZa1lrWWtZa1lrWW
tZa1lrWXrZatVa1VrVStVa1VtZa1lq2WrVatVa1VpRWlVaVVpVWlVaVVpVWlVKUU
nRSMkoySjJKMkozTjNOMk4SThJJ8UXQQc9Bz0GuPY05bDVsNWw1bDVLMQklKSkqK
YwtrTGtNa01jDHOOe897z3OOc46EEIQQhBB7z4xRjFGMUYQQhBB8EHvQjFKUk5zU
pRSlFK0UrVWtFa0VrRStFa0UrRSk1K1VlJKk1K1VtVW1Va1VtVWtVK1UpROtVbWV
tVW1Va1VrVWtVbVVtVWtVKUTtVW1VbWWvdfF18YYxhjGGL4Yxde91sXXxdfF18XX
vZatVbVWtZa1lr3Xvde1lq1VrVWtVbWVtZa1lrWWrVWlVK1VnRSdFK2VrZWtla2W
rVWlVaVVpRSdFJ0VnRSdFJzUlNOU05TTlNSU1IyTjJOEk4SShFJ0EHPQa9BrzltN
UwxTDFsMWwtSy0JJQklKimtMc41zzXOOa01zjnvPg897jnvPjBCMUIwQhBCMUZRS
lJKMUYxRfBBzz4RRlJKlFK0UrRWtFa0VrRSk06TTpROlFKUUpRStVa1VpRSlFKTU
pNOlFLVVtVW1Va1UrVSc0q0UtVW1lrWWtZWtVKUTtVW9lr3WvdbF18YXxhjGGMYY
xhjGGMXYxdfF18XXvde9173Wvda91rWWrVW1lrWWvda9173Xvde1lrWWtZa1lq1V
tZatlq2VpVWlVa2WpVWlVaVVpZWtVaVVpVWlVZ0UlRSM04ySjJOMk4zThJKMk4yT
hJOEknxRdBFr0GvQY49bTlMNUw1TDVLMUotCCEJJSkpzjnvPe898D3OOe8+EEIQQ
e8+EEIxRjFGMUYxRjFGMUZSSjFGEUXvQe9CMUpTTpRStFK0UrRStFaUUnNSlFKUU
rVStE61UrVSk060UrRStVK1VrVW1Va0VrRSlFLVVrVW1VbVVrRStFK1UtVW9lr2W
vZa9lsXWxdbF18YXxhfGF8YYxhi+F8XXxdfF18XXvde9lrVVtVatFKUUrVWtVa2W
tZatVbWWtZa1lrWWtZatVaUUpRSlFK1VrVWtlq1WrVWlVaVVnRSVFJ0UnRSdFJ1U
nRSVFJUUlNOU05TUjJOMk4yThJOEUnwRc9Bzj2uPW01SzFsMUwxTDErLOkhCSUKJ
e457z4QQhBB7z4QQhBCMEIPPhBCMUYxRjFGEEIxRjFGUkoxRhBBz0HPQhFKU06UT
rRStFK0UrRStFKTUpNSc06UUnNOtVa1VrVWtVbWVpNOc0q0UrVWtVa1VrVWlE6UT
rVStVLVVtZa1lr2WvZa9lr2WxdbF18XXxdfGF8YXxhjGGMYYxhjGGMXXxdfF1sXW
vZa1lr3Xvde9173Xvde917WWtZa1lrWWrVWtVa1VtZa1lrWWrVWtVa1VpVWlVK1V
rVWtVa1VpVWlVZ1VnRWU1IxSjFKEUYQRhFKMk4yThJOEk4SShFJ8EXPQa49jjltN
UwxTDFMMUstSikIIQghKSXvPhBCEEIQRhBCEEIxRjFKEEIQRjFGMUpSSjFGMUZSS
lJKMUYQQa9Br0HxSlJOlFKUUpRSlFKUUpNOc06TTpRSlFK0UpROk0qUTpROtVa1U
rVS1Va1VpROlE5ySnNOtVbWVtZW1lrWWvZa9lr2WvZa9lsXXxdfF18XYxhjGF8YY
xhjGGMYYxhfGF8XXxdfF173XvZa1lrWWrZa1173Xvde9173XtZa9173XtZatVa1V
rVWtVa1VrVWtla1VpVWlVaVVnRSdE50TnRSdFJ0UnRSdFJTUlNSMkoyTjJOU04yT
jJKEkoRSfBF0EGuPY49bTVMMUwxTDErLSoo6CUIJQkl7z4QQhBCMUYQQhBCMUZSS
jFGMUZSSlJKUkoxRjFGMUZSSjFGEEGvPWwx8UZSSpROlFKUUpRSlFKUUpRSlFKUU
nNSc05SSpNOtFbVVtVWtVK0UrROckpzTrVW1lr2WvZa9lr2WvZa9lr2WvZa9lr2W
vZe918XXxdfF18XXxhjGGMYYxhjGGMYYxdfF173XvZa1lq1VrVW1VrWWvde9173X
vde91r3Xvde9l72XtZe1lrWWrValVaUUpVWlFa1VrVWlVaVVpRWdFJ0UlNSc1JTT
lNOUk5TTlNOU05TTlNOM04yTjJKEknxRdBBrj2OOW01TDFMMUwtSy0rKQghCSUpJ
e9CEEIwRjFGEEIQQjFGMUYxRjFGUkZSSlJKMUYxRlJKUkpSShBB7z4RRlNKUkqUT
pRSlFKUUrRSc05zTnNOlFKUUpRStFKUUpROlVKUUpRStVbVVtZW1lb2VtZa1lr2W
vZa9lr2WvZa9lr2WvZa9lr2Xvde92MYXxhfGF8YXxhfGF8YXxhjGF8XXvdfF18WX
vZe9lr2Wvde9173Xvde9173Xvde9173Xvde917WXtZa1lrWWtVa1lq2WpVWlVZ0U
lJKdFJzUnRSdFaUVpRWlFZzUnRSU04yShFGEUpTTlNOMk4ySjJJ8UXQQa49jjltN
UwxLDErMSstKijoIOklCSYPQhBCEEIxRhBCEEIxRjFGMUYxRjFGUkZSSjFGMUYxR
lJKMUYQQhBCUkpzSlJKlFKUUpRStFa0UrRStFKUUpROlFKUTlJGk06UUrVStFK0U
rRW1VbVVtZW1lbWWtZa9lr2WvZW9lb2VvZW9lr2WvZa9l72WvdfF18YXxhfGGMYY
xhjGGMYYxhjF173XxdfFlr2Wvda1lrWWrVW1lrWWrVWtVZzTnNOtVbWWtZa1lrWW
rZa1lbWWtZatlq1WrVatVq1VpVWdFZTUlNSMk4ySlNOU05TTnNOU05STlNOU05TT
jJKMkoSSfFF0EGOPY45bTVLMUsxSzEqKSoo6CEJJSkmEEIQQhBCMUYQQhBCMUZSS
jFGMUYxRlJKUkoxRjFGMUYxRjFF70IQRlJKUkpySpROlFK0UrRStFaTTnJKUUZyS
pNStFa0VrVWtFJzSnNKk060UtVW9lbWVtZW1lbWVtZW1lbWVtZWtVLWVvZW9lr2W
vdbF18XXxdfF18XXxhjGGMYYxhjGGMYXxdfF18WXvZe9l72XtZa11r3Wvde9173X
vde1lq1VrZatVaVVpVStVbWWrVWtVbWWrVatlq1WrValVq1WpVWlVaVVpVWdFZ0U
lNSU04ySjJOMkoSSjJOMk4yTjFKEknxRfBBjj1uOWw1SzFLLUsxSy0qKOghCSEJJ
e9CEEIQQjFGEEIQQhBCMUYxRjFGMUpSSlFKMUYxRjFGMkYxRe8+MUZySlJKckqUT
pROlFKUUpRSlFKUUpRSlFKUUpRSlE6UTpRSc06UUrVW1VbVVtVW1VbVVtVW1VbVV
rRSEEKTSc029lr2WvZa9l73XvdfF18YXxdfF18YXxdfGF8XXxdfF18XXxdfF173W
vda9lrWWtVWtVa1WtVW1VrWWtZa1lrWWtZa1lrWVrZatVZyTnNOlFKVVrVWtVa1V
rVWtFa1VpVWlVaVVpRSlFZ0VnRSc1JTUlNOMkoyTjJOMk4SSjJKEUXwRa49jjlsN
UsxSy1LKUspKiToIOghCCXvPhBCMUYxRhBCEEIQQjFGMUYxRjFGMkpSSjFGMUYxS
jFGMUXvQhBCUkpySnJKk1KUUpRSlFK0UpNOck5zTlJKc0qUTpRStVa1VtVW1VbVV
tVW1VbVVtVWtVaUSpJFzS4vOawuckpRRvZa9lr2WvZa9l73XxdfGF8XXxdfF18YY
xhjGF8XXxdfF18XWxdbFlr2VrRSk05ySpNOtVa1VrVWtVa1VrVWtVa1VrVW1lrWW
tZatVq1VrVWlFKUUpRSlFKVUpVWlVaVVpVWdVaVVnRSdFJzUlNSU1JTUlNOU05TT
jJOMUoxShFF8EWuPY05TDVLLUotSy0qKSko6CDoIQgl7z4QQjBGMUYRRhBCEUYxS
jFGMEYxRjJGUUoxRjFGMUYxRjFF7z3vPnNOckpySpRSlFKUUpVStFJyTpNOlFK0U
rVStVa1VrVWtVbVVtVW1VbVVrVWlEoPOg81SSIwPc0yc0pzTtVW1lb2VvZa9lr2W
vZa9lr2WvZa9lr2WvZa91r3Xvde918XXxdfF18XXxda9lrVVtVa1lrWWvde9173X
vde9173XtZa1lq1VrVWtFa1WpRSlFKUUrRWtVqVVpVWdFZzUnNSc1JzUnRSdFJ0U
nRSdFJTUlNSU1JTTjJOM04ySjJKMkoRRfBFrj2NOWwxKy0rKSspCikKKMgg6CUJJ
g8+EEIQQjFGEEIQQjFGMUYxRhBCMUYxRjFGMUYxRjFGMUYwQe85zjpzTnJKckqTU
pRSlFKUUrRStFK0UrRStFK0UrRStVa1VrRStFKUTnJGMEIPOjA9aynuNe46k060U
tVW1Vb2VvZW9lr2VtVWtFKTTtVS1VLWVvZa9lr2WvZa9lrVVrRS9VsXXxdfF173W
vZa1la1UrVStVa1VrVWtVaUUrVWlVa1VtZa1lrWWtZa1lrWWrVWUkpzTpRSlFKVV
rVWlVaVVpVWdFJ0UlNOUkpTTlNOUkoxRlJKUk5STjJOMkoySjJKEUnwRc9BjTlsM
SotKy0rLSopCSTnIOchCCHvPe8+EEIxRhBCEEIxRjFGMUYQQjFGMUYxRjFGMUYxR
jFGEEXvPc46ckpSSlJKk06UTpROlE6UTpRStFK0UrRStFK1UrRKUUIPOawtqymsM
e4+MUZzTlJKtFK1VrVW1VbWVtVW1VK0UrRStVK0UtVW1Vb2WvdfF18XXxdfF2MXX
xdfF173WvZbF1sXWxdbF1rWWpROlFKUUpVW1lrWWtZa1VrVWrVatVa1VrVWtVaUU
rVWtVa1VrVWtVa1VpRSc06TUnNOc06UTpVSlVaVVnRWU1ZTUjJN8EYRShFGEEYyT
jJOMUoSShFF8EXQQW01TDEqLSstKikqKSoo5xzoIQgl8D3wPhBCMUYQQhBCEEIxR
jBGEEIwRlFGMUYwRhBCMUYxRhBB7z3uOnJKckpySpNSlE6UTpROtFK0UrRSlE60U
rRNrDFIHYslrCmsLe42UUKTTtVW1VbVVtRW1VLVVrRStFK0UpNKk07VVvZa9l72W
vZa1VbVVtVW1Va0UtZW1Vb2WvZbF18XWxdbF1sXWvda1lrWVtZa1lrWWtZa1lrWW
rVW1lrWWtZa1lrWWrVatVa1VrVWlVaUUrVWtVaVVpVWlVaVVnRSdFJ0UnRSVE5TT
lNOU05TTlNOU05TTjJKMkoyShJKEUoRSfBF0EVtOUw1Ky0qLSotKi0pKOcc5yEII
hBB7z4QQhBCEEIQQjFGMUYxRhBCEUYxRjFGMEYwQjBGMEYwQe89zjpSSlJKc0qUT
rROlFK0TpROMUJySg8+c06UUYwxrTYwRnJKlFK1UrVWtVbVVtVW1VK0TrROc0ZyR
pRO1VbVVtVW1VbVVrVStVb2WtVW9lr2WvZe9l73XvZe9173Xvda9lsXWxdbF1sXW
vZW1Va1UtZalVKUUrVWtVZzTpRSlFKUUrVWtVa1VtZa1lrWWtZatVaVVpVWdFJ0T
pRSlFJzTpRSlFKUVnRWU1JTUjJOEUoyThFGEUYyRjJKMkoRShFKEUnwRdBFbTlMN
SotKikqKSopCSTHHOcg5yIQQe8+EEIQQhBB7z4QQjBGMUYQQjFGMUYxRhBCEEIwQ
jBCDz3uOe46ckZyRnNGlE6UTpROlE6UTjFCDz3uOpNKlE6UTrRStFK0UrRWtVa1V
rVStFK0UnJKUkqUUrRS1VbVVtVWtFK0UtVW1Vr1WvZbF1sXWxdbF18XXvZa9173X
vde918XXxZbF1sXWxdbF1bWVrRWtVbWWtZa1lr2XtZa1lrWWtZa1lrVWrVWtVrVW
pRStVa1VpRWtVa1VrVWtVaVVnRSMkoxSlJOMk5TTnNSdFJ0UlRSU1IzThJGMkoyS
jJKEUoRShFJ8EXPQY45TDEKLSotKi0pKSgk5xznHQgh70HvPhBCMEIQQhA+EEIxQ
jFGEEIxRjFGMUYxRhBCEEIPQg9BzjnvOnJKUkZySpNOk06TTpROlFJSSpRSlFKUU
pRSlFK0UrRStFK0UrRSk05yTpNOtFK0UrVWtVK0TpROtE7VUtVW9Vr2WvZa9lr2W
tVWtE7VUvZXF16TStVS1VLVUrRS1VcXWxdbF1sXVxda9lr2WtZa1VrVWrVatVa1V
rVWtFa1VrVW1lbWWtZa1lrWWtVatVqVVpVWlFKUUpRSk1KUUnRWdFZ0VlNSMk4yT
hFGU04ySjNOMk4yTjJOMk4yTjJKMkoRRfFF0EWOPUs1Ki0qLSktKSkIJMcc5x0IH
hBCD0IQQjBGEEHvPhBCEEIxRhBCEEIxRjFGMEYQQjFCED4PPc457j5SSlJGU0qTT
pNOlFKUTpROlE6UUpROlFKUUpROlE6TSnJGc0qTTpNOtFK0UrRSlE5ySlJKtFK1U
tVW1VbVVrVW9lbVUtVS9lb2VvZW9lsXXxde9173Xvde917WWtVW9lsXWxdbF1sWV
vZW1VK0UrRSlFJzTpRSlFKUUnNOlFKUUrVWlFK1VrVWtVa1VrVWtVa1VrVWlVaUV
nNOUkpzTnNOc1J0UnRSdFJ0UlRSM04yThJOMk4QRhFGMkoyRhJKEUXwRc9FrkFLM
SotKikpKQko6CTHIOcc5yIQQe8+EEIQQhBCDz4QQjBGEEYQQhBCEUYxRjFGEEIQR
hA97z3OOe8+UkZSRnNKlE6UTrROlE6UTpROlE5zTnJOc05ySnNKc06UTrVStFKUU
rROk05ySpRSlE61UtVS1VLVUtVS1VK0UvVW9lr2WvZa9lr2VvZW9lr2WvZe9lsXX
xdfF18XXxdfF1sXWxda91bWVrRStVbVVtZa9lrWWtZa1lrWWtZa1lq1WrVatVq1W
rVWlFKUUpRSlFKUUpRSlVaVVpVSlFJ0UlNSMk4yTjJOU05STlNOU05TTlNOMkoyS
jJKMkoSRhFF8UXQQa89TC0qKSolKikJJQgkxxzHHOciD0IPPg8+EEIQQe8+EEIQQ
hBCEEIQQhBCMUYxRhBCEEIPPe89zjoxRlJKUkpySpNKk0qTTpROlE6UTnNOc05zT
pNOlFK0UrRStFKzTpNOlE60TrRO1VK1UrROckqTTrRStFLVVtVa1Vb1VvVS1VLVV
rNOtE60TtRW1Vb1WtZa1lr2WvZa9lb2VxdbF1sXWxZW9lr2WtZa1lrVVtZW1lbWV
tZWtE61VrVa1lq1VrVWtVa2VrVatVqVVpVWlFKUUnROc05zTpRSlFJ0UnRSVFJUU
lNSMk4RShFKMUoRRfBB8UISSjJKEUoRSfFJ0EHPQUsxKikqKQolCSUIJMYcxxznI
e9B7z3vPhBCEEHvPe8+EEIQQhBCEEIQQjFCEEIQQhBB7z3vPe46UkpSRlFGckqTS
pNKk060TpROlE6UTpROlEpzSnNOlE5zSpNOlE60UrRStE6TTpJKk0qTTpROtFLVV
tVWtFK0UrRStFK1VrVW1lbWWvZa9lr2WvdfF18XXvde9173WtZatVL2Wvda91r2W
vVWtFK0UrRSlFK1UtZa1lrVWrVWtVa1VrVWlFJzTrVWlFKUUpRSlFK1VrVWtVaVV
nRWdFJUUlNOM0pTSlNOU05TUlNSU1JTUjJOEkoRRfFGEkoSShJJ8UnxRdBBz0FMN
SotKikJKQklCSTHHMcc5yIPPe8+D0IQQhBB7z4QQhBCMEIPQg9CMEYwRjBCD0IPQ
e457joPPlFKUUpRRnJKk0qTTpNOs06TTpNOc0qUTnNKc0qTTrRStFK0UrRSk0qTS
pNKckqTTrRStFK0UrRStE6UTnJKtVLVVtVW1lb2WvZbFlr2WtVW1VbWWxdfF172V
vZbF172XvZfFl8XWxda9lrWVtVW1VbWWtZa1lrWWtZa1lrWWtZatVbWWtZa1lq1W
rVWtVaUUpRSlFaUUnNSlFKUUpRSlFZ0VnRSc1JTUlJOMkoySlNOMUoxSjJKEUoyS
jJKMUoRShFGEUXQQbBBTTUKKQopCSUJJOggxxzHHOcd7z3vPe8+EEIQQe897z4QQ
hBCEEIPPhBCMEIQQg897z3OOc457z4yRlFGUUJyRpNKk0qTTpNOk05RRnNKk06UT
pROlE6UTpROc0qTSnNKlFK0UrRStFKTTnJKckqTTrRWtFbVVtVW1VbVVtVS1U7VU
vVa1VrUVtRW1lr2Wvde1lq1Vvde1lr2WvZfFlsWWxZa9Vb2VtZW1VbVVtVa1Va0U
rRS1Va0UpROk061UrVWtVa1VrVWtVq1VrVWtFaUVnRSc1JyTnNOck5TTnNSdFJ0U
nRSU1JTUjJOEUoRSc9B8EYyShFGEUYRRhFF0EWvQW05Ci0KKQkpCSToJMYcxxzHI
e897j3vPg9CEEHvPfA98D4QQe897z4QQhBCEEHvPe89zjXOOg9CUUpRRlFGckqTT
pNOk06zTpNOk05zTpNOk06TTpNOk06TTrROtE60TrNOtE6TSpNKk060TrRStVK1U
rRO1FKzTrNStVa0VtVW1VrWWvZa9lr2WvZa9l8XXxde9l73Xvde1lr2WxZbFlr2V
vZW1la1UrVWtVbVVtVW1Va1VrVWtVaVVpRWtVa1VpRWlFaUUpRSlFJzTpRSlFKUV
pRWlFZzUnNSU05TTlNSc1JzUlNSU1JTTjJOMk4yShJKEkoSShFJ8UXxRdBFr0GOP
QkpCSkJKQgk6CTHHMcc5x3vPc457z3vPhBB7z3vPhBCED3vPhBCEEIQQhBB7z3OO
c41zjoQPlFGUUZRRnJKk0qTSpNKk0qTTlFGckqTTpNOk06UTrROtE6TTnJKckqTT
pROtE60UrRStE6TTnJGckZyRrRS1VbVVvVa9lr2WtZa1VbVUrRO1VK1UtVW9Vb2W
vZa9lr2WvZa9lsWWvZa9lb2WvZa1lrVWtZa1lrWWtZatlrWWtZa1lrWWtZa1lrWW
tZatVq1VpRWdFKUUpRSlFJ0UnNOlFJ0UnRSdFJzUnNSU1JTUlNSMlIzUjJOEkoRS
hJKMUYRRhFF8UXQQa89rj0KKQklCSTpJOggxhjmHOcd7z3uOe8+ED4QQe8970IQQ
hBB7z3vPg8+EEIQQfA97z3NNc017jpRRlFGUUJySnNKk0qTTpNOk05ySpNOk05zS
pJKckZSRjA+ckpyTpNOk060UrRStFKTTnJKc06TTrRS1VbVVtVW1FbUUtRStFK0U
pNOtFK0UtVW1VbUVvZa1VrWWrRStE7VVvZXF1b2VvZW9VbVVrRStVaUUrRStVa1V
rRSlFK1VrVWtVa1VrVWlFJzTnNOlFKUUpRSlVKVVnRWlFZzUnNSUk4xRjJKc1IyS
lNOU1JTUlNSUlIyTjJOEkoyShJKEUoRRhFF8EWvQa9BCi0JLQklCCTnIMYcxhzHH
e89zz3uPe9CD0HvPe8+Dz4QQe897z4PQg9CD0IPQe45rTWtNawyUUZRQjFCc0aTR
nNKk0qUTpNKk0qTSnNGMT5SRnJKckqTTpNOk05ySnJKkk6TTrRSlFK0UrRStFLUU
rNSk07VVrRStFLVVvVW9lr2WvZa9lr2XxdfF18XXxde91r3WtZa1lr1VxZa9lb2V
tVWtFJSSrVSlFK0UrVWtVa1VrVWtVa1VrVatVa1VpRWc05TTnNOdFIxSlJKc050U
pRSlFKUUnRSdE5TTlNSEUoRSjJOEUoRSjFKMkoySjJOMkoRShFKEEoRRfBBrz2vP
SstCSkIJOgk5yCmHMYcxh3vPc457z3vPhBB7z3vPg8+EEHvPe8+Dz4QQhBB7z3OO
aw1rDFKKlFGMUIxQnJGc0pzRpNKk0qTSnJGk0pzTpNOk06TTpNOckpySnNKckZyS
pNOtFK0UpNSk06TTpNOk060UrVS1VbVVtVa9lr2WvZa9lr2WxdfF18XXxdfF18XX
xdfF18XWxZbFlsWWvZW9Vb1VtVW1VbVVtVW1lrWWtVatVa1VrVWtVa1VrVWtVa1V
rVWtVaUVpVWdFJ0UnRSc1JzUnNOU04ySlNOU05TUlNSU1JTUjJOEknxSfFJ8EXwR
fBKEUoRShFGEUXwQa89rz1MMQklCCUIJOggxhzGHOYd7znPOe8+Dz4PQe897z3vQ
hBB7z3vPe9CEEHvPe89zjmsMawxii5RRlFCMUJyRnJKc0pzSnNKk0qTSpNKk0pyS
nFGcUZyRlFGkkqTTpNOk1KTUpNOk05ySpNOtFK1VtVW1lbVVvVW9Vb2VvZa9lr2W
vZe9lr2XvZbFl8XXxde9173Xvde9l72Xvda9lb2VvZW1VbVVtVWtVaUUrVWlFJSS
nNOlFKUUpRSlFKUUpRSlFKUUnNOUkqUUrRSlFaUUpRSlFZ0VnNSUlJSTjJKMkoRR
jJKU0oyTjJOMk4yTjJOEU4RShFKEUXxRfBF0EWvPa89bTUJKQkk6CDnIKYcphzGH
e89zz3OPe8+D0HvPe897z4QQe897z4PPg9CD0HuPc05rDGsMc46ED4xQjFCckZyS
nNKc0pzSnNKUkYxRnJKUUpySpNOk06TTpNOc0pSRnJKk06TTpRStFK0UrRStVbVV
tVS1VbVVtVW1Vb1WvZa9lr2WvZa9lr2WxdbFlr3Xvde91r2WvZa9lr2WxZW9lb2V
vVWtFK0UrRWlFK1VrVWtVa1WrVatVq1VrVWtVa1VrVWtFaUVlJKc05zTlJKMkpzT
nNKU0p0TnRSVFJUUlNSMk4yTjJOEUoRShFKEUYRRhJKMkoSShFF8UXwRdBBrz2uP
Y05CSkJJOgg5xymHKYcxh3vPe897z3vPfBB7z3PPe8970HvPc457z3vPe897jnNN
YwtjDIwQjBCMEIxQnJGckZzSnNKc0pzSlNKckpzSnNKc0pySnNKUUZRRnJKckqTT
rNStFK0UrRStFK0UrRS1VLVVtVW1VbVVtVW1VbVVtVW1VbVVtZW9lr2WrRS1VbVV
tVWtFbWVvZa9lr2WvZa9lbVVrVStVa1VrVW1la1VrVWtVa1VrVWtVaUUrVWtVa1V
rVWtVa1VrVWtFaUVpRWc1JTTjJKU05SSlJOUk5STlJOU1JSUlNOMk4SThJKEUYRR
hFGEkoRRfFF8EXQRa9BjkGNPQkpCCTnIOcgxhimHMYd7j3uOc457j4PPe497j3vP
g897znvPe898D3vPc45rDWLLawyMEIwQjBCMEJyRnJGckZySnNKc0pzSnJKUUYwP
jBCMUZySnNKk06TTpNOk060UrRStFK0VrRStFLVUtVS1VLVUrRSk0pySrRStVLVV
tVW1Vb2WvZa9l60VtVW1Va0VrRStFLVVvZW9lb2VvZW9VK0UrRSlFKUUpRSlFKUU
pRStFaUUnNOUkqUUpRSc05SSlJKc05zTpRWlFKUUpRSlFKUUnRSdFJTUlNSMk4yT
lJOEUYRRjJKMkoySjJKMkoSShJKEUnxRfFF8EWvQY49rkDpKOgk6CDnHMYYxhjGG
c49zj3OOe497z3OOc457z3vPe89zjnvOe897z3OOa0xiy2sLjBCMD4wQjBCcUZyR
nJGckZyRnJGUUZRRlFGUkZySnNKk0pySnJKk06TTpNOs1K0UrRStFK0UrNSs06TT
pROtFK0UrRS1VbVWvZa9lr2WvZa9lr2WvZa9lr2WtZa1lrWWtZa1VbVWvZW9VbVV
tVWckqTUrRStVa1VrVWtVa1VtZatVa1VrVWtVa1VrRWlFKUUpRSc06TUnNSc1JzU
lJOc05zTlNOU05UTnNOU1JTTjJOMk4SThFJ8UnxSfFF8UXxShFGEUXxRfFFz0GuP
a49KizoJQgg5xzGGMYYxhnOOc45zjnvPe897znOOc457z3vPc457j3vPe457TmsN
Yotii4OOi8+MD4wPnJGckZyRpJGckpySnJKckpzSnNKUkpyRlFCUUZSRpNKlE60T
rNOk0qTTpNOc0qTSrROtFK1UtVW1VbVVvVW1Vb1VtRS1VK0TtZW9VbVVtVW9lq1V
tZWtVbWVtZa9lr2VvZW9VbVVrRS1VbVVtVWtVa1VrVWtVa1VpVWtVaUUrVWtVa1V
rVWtVa1VrVWtVaVVpRWlFZzUnNSc1IyTjJKMUoxSjJKMkoySjJOMk4yTjJOMk4SS
fFGEUoRSfFF8UXwRdBBrz2uPUsw6CToIMccphimGKYZzjnOOc45zj3vPc45zjnOO
e897jnuOe897j3uOc01qzGLLYslzS4vNjA+MD5yRnJGckZyRnJKUUYxQnJGcUJRQ
jFCUkZzSnNKk06TSnJGckZzRlFGckqTTpNOtFK0UtRS1FK0TpNOtFLVUrRO1Va0U
rRStFLVVtVW1Va1VrVW1VbVVrRSs1LUVtVW9lbWUtVW1Va0UpNOk06TTpRSlFKUU
nROc05zTnNOUkpzTpRSlFKUUpRSlFKUUpRStFJzTnROdFJ0UnRSdFJ0UlNOU04yS
jJOEkYSSfFF8UYSSjJKEUoRSjFKEUoQShFF8EXQQa9Brz1MNOgg6CDnHMYYphjGG
c45zjXNOe457z3OOc45zjnuPe857jnOOc45zjmtNYsxailqJYsmDzYQOhA+UkJyR
nJGckZyRjA+MEJRSlJKckpySnJKckZyRnJGMEIwRnJKk06UTrRStE60TpNKcUKSS
rNOtFK0UtVW1lrVWvZa9lr2WvZa9lr2WvZa9lrVWtZa1lrWWtZa1lbVUvZa9Vb1V
tVWUkpySpROlFKUUrRStVa1VrVWtVa1VrVWtVa1VrVStVaUVpRWdFJzUpNSUUpST
lJOUk4xRhFGMUZSTlNOU05TTlNOMk4yThFKEU4RTa9Bzz4RRhFGEUXxQfBB0EGvP
a49bTjoJOcgxxymGKYYphnOOc01zTXOOe857jnNNc45zznvOc41zjnOOc41rTWLL
Yopax3NJhAyEDowPlFGUkZSSnJKc0pySnJKckowQjA9zTHNNg86UkZzSnNKk06TT
pNOckqTTpNOckqTTpNOtFLVUtVS1VbVVtVS1FLUUtVS1VbVVtZWtVLUUvVWtFLVV
tVW1VbVVvVW9lr2VtZW1Va1UrRStFK1UrVStVa1UrRStVK0UrRStVa1VrVWtVa1V
rVWtVa1VpRWlFZ0VpRWc1JzUlNSMk4RSfBGEUnxRjJKMkoySjJKMkoyTjJOMk4xT
hFOEU4RSfFJ8UXwRdBBrz2uPY486CTnIOYcxRjFGMUZzjnOOa01zjnPPc45rTXOO
c497jnNOc05zjmtOaw1iy1pKasyMD4QOhA+ED5RRlFGUUpSSnJKcknuOYstaioQP
hBCMUZyTnNOk05SRjFCUUJSSnJKk06TUrRStFLUUrRStFKTSpJKckZzSrROk060V
tVW1FbVWrVW1VbVVtVa1Va0VnJKkk60UtVW9lb1VtVS1VK0TpNOckqTTlJKUkZSS
nNOc05zTpRSlFKUUpRSlFKUUlJOMUZzTlJKUkpzTlJKU05TTnNSc1JzUlNSU1IzU
jJOMk4yShFKEUoRRhFF8UYRSfFKEUoRSfFF8EXQRa89rj2uPOckxyDGHKUYphSlG
c45zjmtNc01zjnOOa01rTXOOc45rTXNNc05zTWsMYstaSmMMjBCDz4PPjBCUUZRR
lJGUkZSRnJGMUIxQlJGckpySlFKUUYxQlFCMD5SQnJKk06TTrRStE6UTnJGckZyR
pNOk0qTTpNOtFbVVtVa1lr2WvZa1lr2WvZe91r2XvZa1lrWVtVWtVa1VvZa1VbVV
rVSc0pySnROlFKTUpRStFa1VrVWtVa1VrVatVa1VrVWtVaUVnNSdFJTTlJKMkoRR
jFKMUpSTjFKMkoyTlJOUk5SUlJOMk4yTjJOEUoRSfBF8EnPRhFKEUoRRfBF8EGvP
Y49jj1tOOkoxhzGHKYYphnOOc45zTWtNc45zjmtNa01zTnuOa01zTWtNa0xjDFqL
UklrC4wPg86DzowPlFCUUZSRlJGUkZyRnJGckZRQjA+UUIwPjBGUUZySpNOk06TS
nNKk0pyRnJGk05SSpNOtFK1VtVW1VbVVtVW1VbVVrVW1VbVUtVW1FbVVvVW1Va0U
rRStVLVUtZW1lb2VtVW1VbUVrRStFK0UrRStFK0UrRSlFKUUpRSlFKUUpRSlFKUU
rRWtFaUVpRWlFaUUpRSdFJUUlNSU1JSUjJOEUoRShFKMk4yTjJOMk4yTjJOMk4SS
hJKEkoSShFKEUnwRdBFr0GPQY9Bjj0LLMYcxhjGGMYZzTnNOa01zTXOOc45rTWtN
c05zTmtNa01rTWtNYwxaykpIawuMD4POg86MD5RQnFCUUZRRlJGEEJRRlFGMEJRR
nJKc0pzSnNKckpySlFGUUZyRpNKk06UUrRStFK0UrRStFK0UpNOlE6UUpNOk1KTU
tVW1VbVVtVW1VrWWrVWlFKUUpRSc06TTrVS1VbVVtVW1VK0UnNKckZSRlJKUkpzT
lJKMUZSSnNKc05zTnNOdE5zTnNSc1KUUlFKUkpSTnNOU05TTlNSU1JTUjJSU1IzT
jNOMk4yTjJKMk4yTjJOMk4SThJKEkoRSfFF8UXwQc89rj2vQY49LDDGHKYYphilG
c01rTWtNa01rTXOOa01rTXOOc05rDWsNaw1jDVrLUopSCGKKcwyDzoOOjA+UUJRR
lFGUkZSRjFCUUZySnJKckpyRnFGckZSRjFGUUZySpNKk06zTpNOk05zSnNKk0qTS
rROtFK0UtVStVbVVtVW1VrVWtVa1lrWWvZa9lrWVtZa1lrVWrVWtFa0UtVW1VK1U
tVStFIwRlJKU05zTpRSlFaUUpRSlFKUVpRWlFaUVpRWlFaUVpRSlFZzUlJOc05ST
jFKMkoySjNKMkoySjJOMkoyTjJOMk4yTjJOMk4yTjJOMkoSShFKEUnxRfFF0EGvP
a89rz2OPUw0xiDGHMYYphmtNa01jDGsMc01zTmsMawxrTXNNawxjDGsMYsxSilJJ
SglrTIQPe86DzoQOlFCUUJRQlFGUUZSRlJGUkZSRjBCUUZSRlJGckpzSnNKk0pyR
nJGcUIwPlJGckqTTpNStFK0UrRStFK0UrRStFK0UtVWtFK0UtVWtVa0UtVWtFK0U
tRS1VLVVtVW1VbVVtVS1VLVUrRStFKUUpRSlFK0UrRWtFa1VrVWtFaUUpRSlFKUU
pRSlFKUUpRSlFKUUnRSdFJ0UnNSc1JTUlNSMk4RShJKEknxRfBCEUYRRhFKEUoRS
hFOEU4RThFKEUXxRfBFsEGPQY9Bbj1uNMYcxhjFGKUVrTWtNa0xjDGtNa01zjWsM
a01zTWsNa01rTWLMWopailpKc02Dz4POg86MD5RPlFCUUZRRlFGDz4wQlFGUkpRR
nJKUkpzSnJKckpxSlFGMD5SRnJKckqTTrNOk06UTpNOlE6UTpRSk05yRpJKk060U
rNStFa0VrVWlFKUUpNOk1KzUrRSk05zSrRO1VbUVtVStFKUTpNOk06TTnJOc05zU
nNOc05zTpRSc04xRlJKUkpzTjFKMUpSSlNOUkoySlJKMkpTTlNOU05TTlNOUk4yT
jNOMk4yThFKEU4RSfBJ8EXwRfBF8EYRRfFF8UXwRdBBrz2vQY49jTjnIMYcpRilG
awxrDXNNc01rDWsMa01rTWtNa01jTWMMYwxay1qKWklaSXtNg8+DjnuOhA+MUIxQ
lFCUUZRRlFGUkZRRlFGUkZSRjFCMUJRQlJGckZyRnJGckpzSnNKc0pzSlJGUUZRR
pJKk06zUrRSlFK0UrVS1VbVVtVW1VbVWtZa1lrWWtZatVrVWrRWlFK0UtVS1FLVU
rRSckpzTnNOc06UUpRSlFKUVpRWlFaUVpRSlFJzTpNSc1JzUlJSUk5zUjJOMUoxS
hFGMUoxRe9BjDYxShBGEEYxSlJOMk4yTjJOEk4SThJOEk4RShFKEUoRRfBF8EXQQ
a9Bj0GPPW486CSmGKYYpRmMMYwxrTWtNYwxjDGsMa01rTWtNawxiy2LKWolSiVJJ
Ukl7joPOe457joQPjFCMUIxQjFCUUYxRlFGMUYxQjBCUEJRQlJGUkZySnJKckpxR
nJGckpRRnJKckpySnJKkk6zUrRStFK0VrRW1VbVVtVW9lbVVtVW1VrWWtZa1lrWW
tZa1lrVWtVW1VrVVrRS1VK0UpROlFKUUpRSlFKUUpRSlFKUUpRWlFaUUpRWlFaUV
pRSlFKUUpRSlFKUUnRSdFJ0UlNSU1IzUfFKEk3wRfBGEUoRShFGEUnwRhBGEUYRS
hFKEUoRShFOEUnxSfBF0EWvQY5BjkFtPOksphilGKUVrDGsMaw1rDWsMYwxjDWtN
aw1rDWsNYstii1qKUkhSSVIJe457znvNe42ED4wQjFCMUIxRjFF7z4wQjFGMUJRR
lFGUUZRRlJGUkYxQlFGMUJRRnJKckpzSpNOk06TTpNOtE60UrVStVLVVtVW1VbVV
tVW1VrVVtZa1lrWWtZa1lrWWtZa1lrVWtVa1Va0UrRStFKUUnROc05zTpNOck5yT
rRSk1JzTnNOc05zTnNOlFJzTlJKMUYySlNOU1JTTlNSU05STlNOU05TTlNOU05TT
jJOMk4yTjJN8UoRSfBGEEnPRdBF8EYRShFF8EXQRdBFr0GuQa89jjkKLMccphilF
YsxjDGNNa01jDWMMawxrDGsNawxjDFrLWstSikpJUkhSCGrKcwx7jXuNi8+MEIxQ
jFCMUIxQjFCMUYxRlFGMEIQPjA+MUJRQlFGUUZRRnJKckqSSpNKk0qTTpNOk06UU
pRStFLUUtRW1VbVVtVa1VbVVtVW1VrVWtVa1VrVWtVa1VrVWtVa1VrVWtVWtFK0U
rRSck5zTnNOk1KUUpRSc06UUpRSk1KUUpRSlVKUUpRSlFJzUnNSc1JzUnNSUk5ST
jJOEUoRRjFKEUoxThFKEUoSSjJKMk4yThFOEU4RThFOEU4RThFKEUnxRfFF8UXQR
a9Bjz2PQW49KzDGHKYUpRWMMYwxjDGMMYwxiy2MMawxrDGsMYwxay1rLUopSSVJJ
UkmDznvOe457jYQPjA+MUIxQjFCMUIxQjFCUUXvOc417z4RQjFGUUpRSnJKckpyS
nJKckpySpNOlFKTTpNStFK0UrRStVK0UrRStFa1VrVWtFK0VtVWtFbVVtRWtFa1V
rVWtVbVVrVW1VbVVrRStFK0UpNOk06UUpRSlFKUUpRSlFKUUpRSlFKUUpRSlFKUU
pRSlFKUUpRSlFJ0UnRSdFJ0UnRSU05TTlNOM04SShFKEUXxRfBCEEWuPfBB8EXxS
fFF8UXxRfFJ8UnxSfBJ0EWvQY9Bj0FuPU04phylHKUZizGLLYwxjDGMLYwtjDGMM
YwxjDFrLWspailJJUghSCVJIg857jXONc42Dz4wPjBCMUIxQjFB7zoQPjBCMEIwQ
lFGUUZRRlFGUUZSRlJKckpySnNKc0qTSpNOk06TTpNSk06TTpNOckqTTpROk05yS
nJKk06TTpNOtFK0UrRSk06TTpNOtFKzUrRS1Va1UrVStFKUTnNOlE6TTnNKc05yS
nJKc05zTnNOc05zTnNOc05SSlJKUkoySlNOUk4ySlNOU05TTlJOU05TTlNOU05TT
lNOM04yThFJ0EXwRdBF8UXQRa9B0EHwRfFJ8UXwRdBFz0WuPa9Bjj1tOMcgxRylG
Ystay2MMYwxjDGLLYwtjDGMMYwxbDFKKUopKSUoISghKSYOOe417TXuNhA6MD4wP
jFCMUIxQjFCMUIxQjFCUUZRRlFGUUZSRnJKckpzSnJKckpySnJOckpySnJKckpxS
nJKckpySlFGk1KUUpRStFKUUrRStFK0UrRW1VbVVrVStFK0UrRWk1KTTrRStFK0U
pRSckpRRnNOc05TSlNKUkpzUnNSlFKUUpRSlFKUUnNSU05zUlNOU05STjJKEUYyS
lJOMk4RRhFGMk5TTlJOUk5STjJOMk4yTjJOEk4SThJOEUoRShFKEUoRSfFJ8UXwR
bBBr0GPQY49bTzHJIUchRlrMWstjDGMMYwxay2MLYwxjC2MLWstailJKSklCCEoI
Ukl7jnuNc41zjYQPjA+MD4wQjBCMUIwQe86MD4POg8+MUZRRlFGUUZRRlJGckZRR
nJKUUIwPg86UkZSRnJKckpzTpNSlFK0UrRWtFa0VrVWtVK1VrVWtVa1VrVWtVa1U
rVWtVa1VrVWtVa1VrVStFK0TnNOc05zTpROlFKUUpRSlFKUUpRSlFKUUpRSlFKUU
pRSlFJ0UnRSdFJ0UlRSdFJTTlNOU04zTjNOM1IyTjJOMk4STjJKMk4yTjJKEUoRS
hFKEUoRThFJ8EnxRfFF0EXQRa9Bjj2OQW086CilHKUZay1rLWwxbDFsMWstiy2MM
Ywxiy1rLUopSSkoJQchKCFJJe457TXONe42ED4QQjBCMEIwQjBCDznNNhA+MUIxQ
lFGUUZRRlFGUUZQQjBB7zoxRjFCMUZRRnJKk06TSpNOs06TTpNOk0pzSpNOk05yS
pNOtE5zTnNOc06UTpRSUUZzTpROlE60UrRStVK0UrRStE6TUpNOk06TTpNSlFKUU
pRSlFKUUpRSlFKUUpRSlFKUUpRSlFKUUnRSdFJ0UlRSc1JTUlNSU1JTUlNSM1IzT
jNOMk4yTjJOEU4SThFOEUoRShFKEUoRSfFJ8UXxSdBF0EWvQa5BrkGNPQksxRylG
YstaimLLYsxiy1qKYstiy2LLWstSilKKUklKCEnIScdKCGLKc0tzTHtNg8+ED4wP
jA+MT4xPjA+MUIxQjBCMEIQPlFGMEIPPi8+MD5RRlFGckpySnJKckpySlFGUUYwQ
jA+UUZySlBGUUpSSlJKUkqTTrRWtFKUTrVWtVa0UpNOk06UUpNOk06TTrROtU60T
rROk06TTpNOk06TTnNOc05zTpRSlFKUUpRSlFKUVpRSlFKUUpNSc1JzVnNSc1JzU
nNSc1JTUlNOU05TTlJOUk4yTjJOMk4yTjJOMk4SThFOEU4RThFJ8UnxSfFF0UXRR
dBFr0GuQY5BjT0KLKYYpRmLLWopai1rLYstailqLYstay1rLUopKSUpJSghJx0HH
UklzjnNNc01zTYPPg8+ED4wPjA+MEIwQe85zTHvOhA57zoRQjFCMUZSRlFGUUZRR
jFGUUZRRg897jZRQjA+UUJRRnJKc06TUpNStFK0UrRStFK0VtVWtFa1VrVWtVa1V
rVWtVa0VrVWtFa0UrRSs060TpNOk05zTnNOc050TnNOc05zTnNOdFJ0UnRSlFJ0U
nRSdFJTUnNSc1JzUnNOU1JSTlNOU04zTlJOMk4yTjJOMk4SThJOEk4SThJOEU4RS
hFKEUoRSfFJ8UXxSdFJ0EXQRa9FjkGPRW49LDSmHKUdSilKKWstay1rLWopailrK
WstailKKUkpKCUIIQcZBx1KJe41zTHNMc0yDzoQOhA+MEIwQjBCMEHuOc46Dz4wQ
jBCMUIxQjFCEEIwQjBCMD3vOjFCMUIQQjFGUkpyTnJOk06TUpNSk1KUTpROdEpzS
nJKck5zTpNOk060UpRSlE60UpROtFK0UrRStFa0TrROtE6TTnNOc05ySnNKckpSS
lJKc05zTnNOc05zTnNOc05TTlNOc05zTlJKUk5zTlNOU05TTjJOUk4yTjJOMk4RT
hJOEk4SThFOEU4RThFJ8UnxSfBJ8UnxSfFF8UnxRfFF8EGvRY5Bj0FuPUw0phylG
WstSilrKWstay1KKUkpay1qLWopSikpJSghCCEHHQcdaiXuNc0xzTHONg8+Dz4PP
hA+MD4wPjA+MD4wPjA+MD4QPe457jXNMg86ED4xQjFCMkZSSlJKUkpSRnJKckpyS
nJKckpySnJKUUJzSlJGMUYxRnJKc05zTlJKc06TTpRSk06TUrRSk1KTUrRStE60T
pNOc05zTlJKMUYySjFKMUoxSlJKUkpSSlJKUkpTSlJOUk5SSlJKUk5STjFKUk5ST
hBGEEYQShBF8EXwRhFJ8EXwRhFKEUoRShFKEUoRSfFJ8UnxSfFJ8UnxSfFJ8UXxR
dBF0EWvQY9Bbz1tOMYcpR1KLUkpai1rLWstSilKKWotailqKUolKSUIIQcdBx0HH
Wop7TWtMa0xzjXvOhA+ED4QPjA+ED4QOg86DznuNc0x7zXONe46MEIxRjFGMUYxR
lJGUUYxRlFCMEHvPjBCckpSSnNOc05zTnJKk06UUpNStFKUUrRStFK0UrRWtFK0V
rRWtFa0VrRWtFK0UrNOs0qTTpNOc05SSlJKUkpSTlNOc05zTnNOc1KTUnNSc1JzU
nNSU05TTlNSU1JTUlJOUk4yShJKEkoRSfBF8EXwRc9Fz0XQRdBF0EWvQc9B8EYRS
c9B0EHxRfFF8UXxRfFF8UXQRbBFr0GPQY9BbTzIJKYdailJKWotailqLUkpailqK
WopSiVJJSkhKCEHHQcc5xmLKc01rDGsMc02DzoPOg86DzoQOe857joPOe857z4PP
hBCMEIwQjBCUUIQPg8+ED4QPhA+MEIxRlJKUkpySnJKc0qTTpNOlE6TTpRSk1KTU
pRSk1KUUpRSlFKTUnNOk1K0UpRSlFKUUpRSlVKUTpRKlEpzSnNKc0pzTnNOc05zT
nNOc05zTlJKUkpzTnNOc050UlJKUkpSSlNOU05TTlNOU04zTjNOMk4yTjJOMk4RT
hFOEUoRSfFJ0EXQRc9F0EWvQa490EHxRfFF8EXxRfBF0EXQRa9BjkGOQW086SimH
UopKSVKKUspSikpJUklSSlKKSopKSUoJSghBx0GGQYZSCFqJawtrC3NMe857zoPO
g86EDoQPhA+ED4QPhA+MD4wPe857zoQPjFCDz4PQjBCMUZRRlFGUUZRRlFGUkpyS
nJKckpySnJKEEJRRlJKckpySlFGUUaSTnNOckpRSlFKc05SSnNOc05ySpNOlE6TS
nNOc05TTlJKUUoxRhBB8EIRQlJKc05RSlJKUkpSSlJKUkoQQfBB8EIyShJGEUYxS
jFKEUXwQfBB8EYRRfFCEUYRRhFKEUoRShFJ8U3xSfFJ8UnRSfFJ8UnxSfFF8UXwR
dBF0EWvQY5Bj0FuPOosph1KKSklSilKKUotKSUpJUklSikpJSglCCEHIQcY5hUGH
YopzTGsLawtzTHuOg86DzoPPg8+Dz4PPg86DjXvOe85zjXPNe8+Dz4wQjFCMUIxQ
jFCUUIwPlFCMEIwQjBCUUZRRlFGUUZyShBCUUZySnNOdFJzTnNOc06UUpRSlFKUU
pRSlFKUUpRSc05zTpNOk06TSnJOckpSSjFGMUYxSjFKUUpSTnNOUk5STlJOU1JTT
lNSU1IyTjJOMk4yTjJOMk4SThFJ8EXvQdBB0EWvQdBB0EHQPdBB0EHPQhFJz0XPQ
c9B0EHQRfFF8UXxRfFF0UXQRbBFr0GPQY9Bbj0rMKYdSiVJJUopSilKKSklKSUpJ
UkpSSUoJQghBxzmHOYY5x2LLc0trCmsKc0t7jXvOe857zoPOc0xrC3ONe857z4PQ
e8+EEIQQjBCMEIwQg8+Lz4PPawtzTHuNg86MEJRRlFGUUZzSnJOc05zTnNOk06UU
pRSlFKUUpRSlFKUUpRSlFKUUpRSlFKUUpRSlFKTTpNKc0pzSnJKckpSSlJKUkpST
nJOc05zTnNOc05zTnNOc1JzUnNSc1JzUlNSU1JTTlNOU05TUjJOMk4yTjJOEk4RT
hFJ8UnxSfFF0EXwRdBFj0GvQa9Br0HxSfFF8UXQRdBF0EXQRa9BrkGPQW49TDinH
UopKSVJJUopSilJJSklSSlJJSklKCEnIQcdBhjmGOYZiy2tMYwtrC3NMe417zXvO
g857znONc46Dz4PPg8+Dz4PPg857znvOhA57zGsLe42Dz3OOg8+UUZRRlJGUkZyS
nJKckpySnJKc06TTpNOk1KUUrRSlFKUUpVSlFKUUpRSlFKUUpNSlFKUUpRSk05zT
pNOc0pySnJKUkpSSlJOck5zTnNOc05zTnNOc05zTpNSc1JzUnNOc1JzUlNSU1JTU
lNOU05TTjNOMk4yTjJOMU4yThJOEkoSShFKEUoRSfFJ8UnRSdBJ8EnwRfBF0EXQR
dBF0EWwQa9Br0GOQW04xiFJKUklSSVJJUkpKCUpJSklKSUpISghBx0HHOYYxhjmG
YwtrC2MKYwprTHONe417jnvOe857znvOe85zjXvOc0xrDGLMc017joQPg8+EEIwQ
jFCMUYxRjFGUUpRRlFGUkZSSlJKc0pzTnNOc05zTpNOk1KUUpRSlFKUUpRSlFKUU
pRSk1KUUpROlFKUUpROk06TSnJKUkpSSlJKUkpSSlJKUk5STlJOUlJSTlNOU05TU
lNSU1JTUlNSU05TTlNOU04zTjJOMk4yTjJOMk4SThFOEk4SThJKEkoRShFKEUoRS
fFJ8UnxSfFF8EXwRdBF0EnQRdBFsEWPQY9Bbz1uOMchKiUpJUklSSVJKUklKSEpI
SkhKSEoIQcc5xzmGMUU5hWLKawtaymLKa0xzjXONe417jYPOa0xjC3NNYwt7znON
c017zoQPhA+MEIwQjBCMEIxQjFGMUYxRjFGUUZRSnJKUkpySnJOc05zTnNOc050T
pROlFKUUpRSlFKUUpRSlFKUUpRSlFKUTpRSlFKTTnNKc0pySlJKUkpSSlJKUkpSS
lJKUk5STlJOUlJSTlNOU05TTlNOU05TTjNOU05TTlNOMk5STjJOMk4STjJOMk4ST
hJKEkoRShFKEUoRSfFJ8UnxRdFF8UXxRfFF8UXwRdBF0EXQQbBFsEWPQW9BbTzIK
SklKCEpJSklSSUpJSklKCUoJSghByEHHOYc5hjmFOYVSB1JHWspiymtMc4xzjXuN
e417zmtMc01zjnOOe897z4PPg8+Dz4QPhA+ED4wQjBCMEIwQjFGUUZRRlFGUUZxR
lJGckpySnJKck6STnNOc05zTnNOk06TUpNSlFKUUpRSlFKUUpRSk1KTUpNSk05yS
nNKUkoyRjFGMUYxRjFGMUYxRlJKUkpSSlJKUkpSSlJKUk5STlJOUkpSSjJKMUoyT
jJKMkoySjJKMkoSShFKEUoRShFKEUoRShFKEUnxSfFJ8UnxSdFF0UXRRdBF0EXQR
dBF0EXQRbBBj0GPQW486ikpJSghKCUoJUklKCEoISghCCEIIQcdBx0GGOUYxRTlF
YstiymLKYspzTHONc41zjXONc41zzXPNe857znvOhA97zoPOhA6ED4QPhA+ED4QP
hBCMEIwQjFCMUIxQjFGUUZRRnJKUkpySnJKckpzTnNOc1JzUnNOk06TUpRSlFKUU
pRSlFKUUpNSk1KTUpNOckpySlJGUUZRRhBCEEJSRhA+ED4xQhA+EEIRQjFGDz4QQ
jFCEEIRRjFKUkoxSjJKMkoySjJKMkoSSjJKEkoRSfFJ8UnxSfFJ8UXxRfFF8UXxR
dBF0EWwRdBF0EXQRdBF0EXQRdBFr0WvRa9Bj0FuPQotSSUpISghKSEpISghKCEoI
SghKB0HHQcc5hjmGMUUxhmLLYspayVrJa0tzjHOMc4xzjXONc417jnvOe857znvO
e86DzoPPg8+ED4QPhA+ED4QQhBCMEIwRjBCMEIxQlFGUUZSRlJKUkpSSnJOck5zT
nNOc1JzTpNOk1KTUpNSk1KUUpRSlFKUUpRSk1KTTnJKckZRRjFGUkYQPhBCMUYRR
hBGEUYxSjFKMUpSTjFOEUoxSjJKMUoxSlNOMk4ySjJOEk4yThJOEUoRShBF8EXPQ
a9Bz0WvQa9B0EXQQfBF8UnxSfFJ8UnQRdBF0EXQRdBFz0XQRdBFsEWvRa9Fj0EsO
SglKCEoISghKCUnIQchKCEHIQcdBxzmGOYY5RTFFOYZiymLKYolayWtLc4tzjHON
e417jXuNe457jnvOe857znvPe897z3vPg8+Dz4QPhA+ED4QQhBCMEIwRlBCMUZRR
lFGUUZRRlJGUkpySnNOk05zTnNSc1JzUnNSc1KTUpNSk1KTUpNSk06TTpNSc0pTR
lJGMkZSRjFGMUYxRjFGUkpSSlJKU0pSTlJOUk5TTlNOU05TUlNOU05TTlNOU05TS
jJOMk4yTjJOMk4xThJOEU3xTfFJ8EXxSfFJ8UnQRfFJ8UnxSfFJ8UXxRdBF0EXQR
dBFz0WwRbBFj0WPRY5BTTkoISghKCEoISghKCEHIQchByEHHQcc5hjmGMUYxRTmG
YstiilqKWslrS3NLc0xzTHOMc4xzjXuNe417jXuOg46DzoPOg86DzoPPg8+ED4QP
jA+ET4QQjBCMEIwQlFCUUZRRlFGUUpSSlJKc0pySnNOc05zTnNOc05zTnNOk06TT
nNOk06TTpNOk06TTnJKUkZSRjJGMUYxRjFGMUZSSlJKUkpSSlJKck5STlJOUk5ST
lNOU05TTlNOU04yTlJOUk4yTjJOMk4yTjJOMk4SShJKEkoSShFKEUoRShFKEUnxS
fFJ8UnxSfFF8EXQRdBF0EXQRa9FsEWwRY9Fj0GPQW49CB0IHQgdKCEIIQgc5x0HH
Occ5hjmGMYUxhTFFMUU5hlrKWolaiVqJawtrTGtMa0xzjXONc41zjnONc45zjnuO
e857znvOg8+Dz4QPhA+ED4QPhBCEEIwQjBCMEIxQjFCMUZRRlFKUkpSSlNKckpyS
nJOc05zTnNOc05zTnNOc05zTnNOc05zTnNOc05SSlJKUkZSRlFGMUYxRjFGMUYxR
jFKUkpSSlJKUkpSSlJKUk5STjNOU05TTlNOU04zTjJOMk4yTjJOMk4yTjJKMkoSS
hJKEknxShFKEUoRSfFJ8EnxSdFJ8UXwRdBF0EWwRbBFsEWwRbBFkEWPQY9Bj0FuP
QcdBxznHOcc5xznHOcY5xznGOYY5hjlGOUY5BTEFOUZJx1JIWolayWsLawtrTHNM
c01zTXNNc41zjXONe417jXuOe857znvOe86EDoQPhA6ED4QQhA+ED4QQjBCMEJRR
jFGUUZRRlJGUkZSSnJKckpySnJOc05zTnNOc05zTnNOc05zTnNOUk5zSnNOckpSS
lFGUUYxQjFGMUYxRjFGMUYxRjJKUkpSSlJKUk5SSlJOUk5STlJOUkoySlJKMkoyT
jJOMk4yTjJOMk4yShJKEkoSShJKEUoRShFJ8UXxSfFJ0UXxRfFF8UXQRdBFsEWwQ
bBBsEWwQbBBkEGPPa9Bjj0HHQYc5xznHOcc5xzmHOYc5hjlGMYUxRTFFKUUxBTmG
WopaiVKIWolrC3NLa0tzTHNMc01zTXONc45zjXONe417jnuOg857znvOe86ED4PP
g8+ED4QPhA+ED4wPjBCMUIxQjFGMUZRRlFKckpySnJKckpzSnNOc05zTnNOc05zT
nNOc05zTnNOc05zTlJKUUZRRjFGMUYxRjFGMUYxRjFGMUYxRjJKMkoySlJKUkpSS
lJOUk4yTjJOMk4yTjJOMk4ySjJKMkoxTjJOMk4SThFOEUoRShFKEUnxSfFJ8UnxS
fFF8UnxRdBF0EXQRdBF0EWvRbBFr0GvQY9Bj0GvQY5A5hjmGOYY5hjmGOYc5hjmG
OYYxhjmFMUUxRDFEKQRBhmLKUolSiVKJYwtrS2tLa0xrTWtNa41zjXuNc41zjXOO
e457jnuOe86DznvOe857zoQPhA+ED4QPhBCEEIQQjBCMUZRRjFGUUZRSlJKckpSS
nJKckpyTnJOc05zTnNOc05zTnNOc05yTlJOUk5SRjFCMUIRQjFCEEIxQjFGMUYxR
jFKMUoxSlFKUkpSSlJKUkpSSlJOUk4yTjJOUk4yTjJOEk4yTjJKEkoSShJKEUoRS
fFKEUoRShFJ8UnxSfBJ0UnxRdFF0EXQRdBF0EXPRdBF0EWwRbBBr0GPQY5Bj0WPQ
OUY5RjmGOYY5hjmGMUY5RjlFOUUxBTFFMQQxAykDQcZaylKJUolSiWNKa0prSmtL
a0tzTHNMc01zjXONc417jXuNe817jnuOg457zoPOg86DzoPOhA+ED4QPhBCEEIQQ
hFGMUYxRlFGUUZRSlJKUkpSSlJKUkpSSlJKUkpzTnNOc05zTlJKUkpSSlJKMUYxQ
jFCMUIQQhBCEEIQQjFGMUYxRjJGUUYySjJKMkoySjJOMkoySjJKMkoySjJOMk4yT
jJOEk4SShJKEkoRShFKEUoRSfFJ8UnxSfBJ8UnRRfFF8UXwRfBF0EXQRdBF0EWwQ
bBBsEGPQY9Bj0GPQY9Bj0DFFMUUxhTGGOYU5hjFGMUUxBTFFMUQxRDEEKQQpA0HH
WopaSVKIWohjCmMKYwxrTGtMa4xrTHOMc0xzTXONc41zjnOOc457jnuOe86DznvO
g86DzoPPg8+EEIQQhBCEEIRQjFCMUYxRjFGMUpSSlJKUkpSSlJKUkpSSlJKUkpzT
nNOUkpSSlJKUkpRRlFGMEIwQhBCED4QPhA+EEIQQhBCEEIxRjJGMkYyRjJKMkoyT
jJKMkoySjJKMkoySjJKMk4ySjJKMkoSShJKEUoRShFKEUoRSfFJ8UnxSfFJ0UXxR
fFF8EXwRdBF0EXPRdBFsEWwRa9Br0GPQY9Bj0GPQY9ApAykDMQMxBCkEKQQoxCkD
KMMowyjDKMMowyDCIMJBxlqJWkhSSFqIawtrC2tLa0xrTGtMc0xzTHNMc0xzjHON
e41zjnPOc457jnuOe857znvOg8+Dz4PQhBCEEIQQhBCEEIQQjFGMUYxRjFGMUZSR
lJKUkpSSlJKUkpSSlJKUkpSSlJKUkoySlJGUkYxRhA+ED4QPhA98D3wPhBCEEIQQ
hBCMUYxRjFGMUYxSjFKUkoySjJKEkoySjJKMkoySjJKMkoSRhJKEkoRShFKEUoRS
fFKEUoRShFJ8UnxSfFJ8UXRRdBF0EXQRdBFz0XPRc9FsEGvQa9Br0GPQY9Bbz1vQ
IIIggiCBIIIggiCCIIIggiCCIIIggiCCGIEYgRiBMURBxkpHUkhSiGMKYwpjC2sL
a0trS2tLa0xrTGtMc4xzjHuNc41zjXuNe417jXuOe857z3vPfA+Dz4QPhA+ED4QQ
hBCEEIxRjFGMUYxRjFGMUZSRlJKUkpSSlJOUkpSSlJKMUZSSlJKUkoxSjFGEEHvO
e457znvPe8+Dz3vPhBCEEIQQhBCEUYxRjFGMUYxRjFGMUoySjJKMkoySjJKMkoyS
jFKEUoRShFKEUoRShFKEUoRShFJ8UnxSfFJ8UnxRfFF0EXQRbBFsEXQRc9Br0GvQ
a9Bj0GPQY9Bj0GPQW5BbjyCBIIEggSCBIIEggSCBIIEgQSCBIIEggRiBGIEYgUHG
WolSSVJJUopjC2MKYwpjC2sMawtrTGtMa0xrTGtMc0xzjHOMc4xzzXONe417jnuO
e86Dz3vPe897z4PPhA+EEIQQhBCMEYxRjFGMUYxRjFGMUYxRlJKUkpSSlJKUkpSS
lJKUkpSSjFGMUYQQhBBzjHOMc81zzXvOfA98D4QQhBCEUYRRhJGMUYxRjFGMUoxS
jJKMkoyTjJKMkoSRhFKEUoRShFKEUnxShFKEUoRSfFJ8UnxRfFF8UnxRfFF8EXwR
dBF0EXQRdBF0EGwQbBBr0GvQa9Brz2vQY9Bj0FuPQkkYgSCBGIEYgRiBGIEYgSCB
IIEggSCBIIEYgRiBGIFCB1JJSkhSSVqIYsljCWMKawprC2sLawxrTGtMa0xrTGtM
a0xzTHONc41zjXPNc41zjnvOe897z4QPg8+Dz4PPhA+ED4xQhBCMUYxRjFGMUYxR
jFGMUZSSnNKUkZSRlFCMD3uNc0xrC2LJWohKB0GFIMIowyjDMQMwwzEDMQMpAzED
MQMxAykDMQMxRDFEOYQ5hDnFOcU5xTnFQgVJxkHFQcZCBkoHSkdSiFrJWspbCmML
YwtjTGNMa41zznQPdBB8UHxQdFF0EHQQa9BsEGvQa9Br0GvPa9Br0GvQa89CCBiC
IEIggiCCIIEggSCBIIEggiCCIIIggiCCIIIYgRiBSgdSSEoIUkhaiWLKYspjCmsK
YwpjC2sKa0trTGtMa0xrTGtMa0xrTWuNc41zjXONc41zjnvOe86Dz3vPe897z3wP
hBCEEIxQjA+MDnuNcwxqyVpIUgdBhDlDKMIggSCBIEEYQRhBGEEQQRBBEEEYQRhB
EAEQQRBBEEEQQRBBEEEQQRBBEEEQQRBBEEEQQRBBCEEQQRBBEEEQQBBAEEAQABAA
EEAQQAhACEAIABBBEAEQAQgBCAEIAQgBCAEQQRBBEEEYgSDDIQQpRTGGMcY5xkII
SklKilLKUwtbDDoIGIIYghiCIIIYgSCBIIEggSCBIIEggSBBIIEggRiBGIIYgkoI
UklKCEpIUohbCVrJWspjCmMKYwpjS2sLa0trTGtMa0xrTGtNa0xrTHOMc4xzjXON
c417jnvOe857jXMLaspaSEnGOUQwwyiCIEEYQRhBGEEQQRBAEAEQARABEAEQARAB
EAEQARABEAEQABhAGIEggRhBGEEYQBBAGEAQQRBBEEEIQRBBEEEQARABEAEQARAB
EAEQAQgBCAEQARABCAEIAQgBCAEIAQgBCAEIAQgBCAEIAQgBCAEIAQgACAAIAQAA
CAEIAQgBCAEIAQgBCAEIAQgBCEEQQRhBGIIgwhiCGIIYghiBGIEYgSCBIIEggSCB
IIEggSCBIIEYgRiBIIFKB0pHSgdKB1qIWspaylsKWspjCmMKYwpjCmtKawtrS2tL
a0tzS2tMc0xzTGtMawtiylpHScY5RCjCIIEYQRAAEEAQQBAAEAAQARABEAEQAQgB
CAEIARABEAEQARABEAEQARABEAEYARABEAAYQCCBKMEowiiBIIEgQBhAGEAYQBhA
GEAQQBBAEEAQARABCAEQARABEAEQARABEAEQAQgBCAEIAQgBCAEQARABCAEIAQgB
CAEIAQgBCAEIARABEAEQARABEAEQARABEEEQgBCBEIEYgRiCGIIYghjCIIIYghiC
IIEggSCBIIEggSCBIIEggSCBIIEggSCBIIEggRjBMYQ5xkoHSkhSiVrJWslayVrJ
WwljCmMKawtrC2sLawtrC2LKWolSR0HFMUMowhiBGEEQARAAEAEQAQgBCAEIAQgB
CAEIAQgBCAEIAQgBCAEQARABEAEQARABEAEQARABEAEQARAAEAAQQBhAIIAowTEC
MQIxAijCIMEggSCBGEAYQBhAGEAYABhAEEAQQBBBEEAQQBBAEEAIQBBAEEEQQRBB
EEEQQRBBEAEQARABEAEQARABEAEQQBBBEEEQQBBBGEEQQRBBGIEYgRiCGIIYghjD
IMIgwiDCGMIYghiCGIIYgSCCIIIggSCCIIIggiCCIIIggiCCIIIggiCBGIEgwkoH
SghKCEoIUolayVqJWspaylrKWspSiVJISgdBxjlEKMMgghhBEAEQARAAEAEQARAB
EAEIAQgBCAEIAQgACAAIAQgBCAEIAQgBCAEIAQgBCAEQARABEAEQARABEAEYARBB
EEAQQBhAIIAggCjBKMIxAzEDMQIwwSjBKMEogSCBIIEggRiBGIEYgBhAGEAYQBhA
GEAYQBBAEEAQQBBAGEAYQBBAEEAQQRBBEEEQQRhBGEEYQRhBGEEYgRiBGIEYwSCB
GIEYgRiCIMIgwiDCIMIYwhjCGMIYghiCGIIYghiCGIEggSCCIIIggiCCIIIggiCC
IIIggRiBGIEYgRiBIMJKB0oGQgZKRkpHUkdKBknGOYUxRCkDIMIgwhhBEEAQARAB
EAEQARABCAEIAQgBCAEIAQgBCAEIARABEAEQAQgBCAEIAQgBCAEIARABEAEQARAB
EAEQAQgBEAAQQBBAGEAQQBhAGEAYQCCBIIEowTECOQM5AjkCMQIxAijBKMIowijC
KIEogSCBIIEggSCBIIEggSCBGIEYgRiAGIAYgRiBGIEYgRiBGIEYgRiBGIEYgRiB
IIEggSCBIIEggSCCIIIggiCCIMMgwiDCIMIYwhjCGMIYwhiCGIIYgRiCGIIYghCC
GIEYgSCBIIEggSCCIIEggiCCIIIggiCBIIEggSCBMUQxREHGMYQpAyDCIMIYghiB
EEEQQRABEEAIAQgBCAEIAQgBCAEIAQgBCAEIAQgBCAEIAQgBCAEQARABEAEQARAB
EAEQARABEAEQARABEAEQARAAEAAQQBBAEEAYQBhAIEAgQCCAIIEowijBMMIwwjED
MQMxAjDCKQIpAijBKMIowijCIMIgwiDCIMIgwSDBIIEggSCBIIEggCCBIIEggRiB
IIEggiCBIIEggSCBIIEggiCCIIIgwiDCIMIgwiDCIMIgwiDCIMIgwiDCIMIgwiDC
IIMggxiCGIIYghiCGEEYQSCBIIIggSCCIIIggiCCIIEggSCBIIEggSCBIIIggSCB
IIEowhhBEEEQQRBBEEEQQRBBEEEQARABEAEQARABGAEQARABEAEQARABEAEQARAB
EAEQARABEAEQARABEAEQARABGAEQARAAEEAQQBhAGEAYQBhAGEAYQBhAGEAYQBhA
IIAggSCBKMEowikCMQIxAzEDMQM5AzDDMMMwwzEDKMIwwijCKMIowijCKMIowiDC
KMIgwiDCIMIgwiDCIMIgwSDCIMIgwiDCIMIYwiDCIMIgwiDCIMMgwiDCIMMgwiDC
IMIgwiDCIMIgwhjCIMIgwiDCGMIYwhiCGIIYghiBEEEggSCBIIEgQSCBIIEggSCB
IIEggSCBIIEggSCBIIEYgRiBEEAQQRBBEEEQQRBBEEEQQRABEAEQABAAGAAQARAB
EAEQARABEAEQARABEAEQABAAEAEQABAAEAAQABAAEAAQARBBEEEQQRBAEEAQQBhA
GEAYQBhAGEAYQCBAIEAggSDBKMEowTDCMQIxAjECMQI5AjECMUIxAjECMQIxAjEC
MQIowijCKMIowijCKMIowijCKMIowijCKMIowiDCIMIgwiDCIMIgwiDCIMIgwiDC
IMIgwiDCIMIgwiECIMIgwiDCIMIgwSDCIMIgwhjCGIIYghiCGIIYghiBGIEQQBBB
IIEggiCBIIEggSCBIIEggSCBIIEggSCBIIEggSCBIIEggRhBGEEYQBAAEAAQABAB
EAEQARABEAAQQBBAEEAQQBBAEEAQQBAAGAAYABgAGAAYQBhAEEAQQBhAEEAQABhA
GEAYQBhAGEAYQBhAGEAggBhAGEAYQCCAIIAgwSiBKMEowijCKMIwwjDCMQIxAjED
MQMxAzEDMQMxAzECMQIxAikCKQIpAikCKMIowijCKMIowijCKMEowijCKMIgwiDD
IMMgwyDCIMIgwiDCIMIgwiDCIMIgwiDCGMIggiDCIMIgwiDCIMIYwhjCGMIYwhjC
GMIYghiCGIIYgRiBGIEQgSCBIIEggSCBIIEggSCBIIEggSCBIIEggSCBIIEggSCA
IIEYgRhBEEAYQBhAGEAYQBhAGEAYQBhAGEAYQBhAGEAYQBhAGEAYQBhAGEAYQBhA
GEAYQBhAIEAYQBhAGEAYQBhAGEAYQBhAGEAYQBhAIEAggCCBIIEogSjBKIEowSjB
MMEowSjBMMIwwjkCMQMxAzEDMQMxAzEDMQMxAzECKQIpAikCKMIpAikCIMIpAijC
KQIpAikCKQIpAijCKMIowijCKMIgwiDDIMMgwiDCIMIgwiDCIMIYwiDCIIIgwiDC
IMEgwiDCGMIYwhjCGMIYghiCGIIYghiBGIEQQRCBEEEggSCBIIEggSCBIIEggSCB
IMEggSCBIIIggiCCIIEggSCBIIEgQRhBGEAYQBhAGEAYQBBAGEAYQBhAGEAYQBiA
GIAYgBhAGEAYQBhAGEAYQBBAGEAYQBhAGEAYQCBAIEAgQBhAGEAYQRhAGEEgQCCA
IIAggCCBIIEggSCBKMEowijCMMIowijCKMIxAjECMQIxAjECMQIxAikCKQIxAikC
KQIxAikCMQIpAikCKQIpAikCKMIowijCKMIowiDCIMIgwiDCIMIgwiDCIMIgwiDC
IMIgwiDCIIIgwiDCIMIgwiDDIMIgwhjCGIIYghiCGIIYghiBGMEYgRiBGEEQQRBB
IIEggSCCIIEggiCCIIIggSCBIIEggSCBIIEggSCBIIEggCCAIEAggCCBIIAggSCB
GEEYQRhBGIEYgRiBGIAYgBiAGIAYQCBAGEAYQBhAGEAYQBhAGEAYQBiAIIAYgBiA
GIEYgSCBIIEggCCAIIAggCCBIIEggSCBIMEowijCKMIowijCKMIwwjEDMQMxAzEC
MQIxAjECMQMxAzEDMQMpAykDKQMpAyjDIQMowyjDKQMpAykCKQMpAyjDKMMowijC
KMIowijCIMIgwiDCIMIgwiDCGMEgwiDCIMIgwhjCIMIggiCCIIIggiCCGIIYghiC
GEIYgRiBGIEYgRiBEIEQQSCBGIEggSCBIMEggSCBIIEggSCBIIEggiCCIIIggiCC
IIEggSCBIIEggSCBIIEggBiAGIAYgBiAGIEYgRiBGIEYgRiBGIEYgBiAGIAYgRiB
IIEggRiAGIEggSCBIIAggCCBIMEggSCBIIEggSCBIIEggSDBIMEowijBKMIowijC
KMIowjDCMMIxAjECMQIpAikCKQIxAjFDKQIpAikCKQIpAikCKQMpAykDKQMowyjC
KMIowijCKMIowijDKMIowiDCIMIgwiDCIMIgwiDCIMIggiDCIMIgwiDCIMIgwiDC
GIIYwhjCGMIYwRjCGIIQghiBGIEYQRCBEIEQgRBBEEEggSCBIIEggSCAIIEogSCC
IIIggiCBIIEggSCBIIIggSCBIIEggSCAIIEggSCBIIEggSCBIIEggSCBIIEggSCB
IIEggSCBIIEggSCBIIEggSCBIIEggSCBIIEggSCAIIEggSCBIIEggSCBKIEogSCB
KIEggSjBKMEowijCKMIowijCMMIxAjEDMQMxAzEDMQMxAzECMQIxAzEDKQIpAikC
KQIpAikDKQMpAyjCKMIowyjDKMIowijCKMIowijCIMIgwiDCIMIgwiDCIIIgwiDC
GMIgwiDCIIIgwiDCGMIYwRjCGMIYghiCGIMYghiCGIIYghiCGIIYghhBEEEQQRBB
IIEggSCBIIEggSCBIIEggRiBGIEYgRiBIIEggSCBIIEggSCBIIEggSCBIIIggSDB
GIEYgSBBIIEggSCBIIEggSCBIIEggSCBIIEggSCBIIEggSCBIIEggSCBIIEYgSCB
IIEggSCBIIEgwSDBKMEowSjBKMEowijCKQIowijCKMIpAjECMQIxAjECMQMxAzED
MQMxAzEDKQMpAyjCKMIowijCKMIpAiDCKMMowykDKMMowyjCKMIgwiDCIMIgwiDC
IMIgwhjCIMIgwiDCIMIgwiDCIMIgwhjBGMIYghiCGIIYghiCGIIYghiCGIIYgRiB
GIEYgRiBEIEQQRBBEEEQQSCBIIEggSCBIIEggSCBIIEYgSCBIIEggiCCIIEggSCB
IIEggSCBIIEggSCBIIEgQRiBIIEgQSCBIIEggSCBIIEggSCBIIEggSCBIIEggSCB
IIEggSCBIIEggSCBIIEggSCBIIEggSCBKMEowSjBKMEowijCKMIpAijCMMMowSjC
KMIowyjDKMMowyjDMQMxAykDKQMpAyjDKMMowyjDKMMhAijCKMIowijCKMIgwiDD
KMIowijCKMIgwiDCIMIgwiDCIMIgwiDDIMIggiDCIMIgwhjCGIIYwhjCGMIYghiC
GIIYghiCGIIQghiCGIIYgRiBGIEQgRBBEEEQQRBAEEE=
END m9
frame    38 :  an opened book +0.08  a closed book -0.02   led   1/221 h0.06 lvl+0.03   -
frame    39 :  an opened book +0.08  a closed book -0.14   led   1/221 h0.06 lvl-0.03   -

snapshot  : frame 40, mean RGB 128 125 126
BEGIN m9 128 128 32768 39425030
YwtaykIHQcZiymLLWspKSGMLa01zTWtNYwx7z4QRhBB7z4QPlJGUkoyRhBCMUZSS
lJOck5SSjFGMUZSSnRSdFJTTnROlFKUUpRSc050UpRWlFJzTnNOlVa1VrVWlFKVV
rVWtVaUUpRStVa1VrVWtVaUUpRStVq1WrValVqVVpVatVq1WpRWlFa1VrVatVqVV
pVWlVq2WpVWdFa1WrValFaUVpRWtVqVWpVWdFZ0UpVWlVZ0VnRWdFZ0VnRWdFZ1V
lRSU1JUUnRWVFJTTlNOVFJTTlJOMk4yTjNKMkoSRjJKMkoRRhFGEUYRShFJ8UXQQ
dBB8EHwPfBBzz2OOa85rzmMLWspCBkIGYspjC1rKSkhjC3NNc01rTWMMe8+MUYxR
e897z4xRlJKMUYQQjFGUkpySlJKUkpSSjFGc06UUpRSc06UUpRSlFKUUnNOlFKVV
pRSc050TpVWtVa1VpRWlFa1VrVWlFKUUrVWtVa1WrValFaUVrVatVq1WpVWlVaVV
rZWtVqUVpRWtVq2WrZalVaVVrVWtVqVVpRWtVq1WpRWlFaVVrVatVqVWpRWdFaUV
pRWdFZ0VnRWdFZ0VpValFZ0UnRSdFJ0UlNSU05TTlNSU04yTjJOU04zTjJKEUoRS
hJKEknxRfFGEUoRRhFF0EHQQdBFz0HQQa89jTmuOY45jC1rLQgdBxlrKYwxaykpJ
YwtzTXNNaw1jDHvPhFCEUXvPe8+MUZSSjFGEEIxQlJKUkpzTlJKUkoxRnNOlFKUU
nNOlFKUUpRWlFJzTpRSlVKUUnNOc1KVVrVWtVaUUpRStVa1VpRSlFK1VrVWtVa1V
pVWlFK1WrVatVq1WpRWtVq1WrVWlFJRRjFClFK1WpRWlFaVWrValVaUVrVatV6UV
pRWlVa1WrVatVaVVpRSlVaUVpRWdFZ0VnRWdFp1VpRWdFJzUnNSdFJTUlNOU05UU
lNOM04yTjNOMk4yShFGEUoyShFF8UXwRhFKEEXwRc9Bz0HPQc9Bz0GuPW0xjTWON
awtiy0oIQcdiymMKWspKSFrKc01rTWtMYwx7z4wRjFF7z3vPjFGUkoxRhBCMUZSS
lJKU05SSjJKMUZSSpRSlFJzTnNOlFKUUpRSc06UUpVSlVJ0TnNOtVa1VpVWlFKUU
rVWtVaUUpRStFa1VrVWtVqUVpRWtVq1WrValVqVVrVatVa1Ve89KSFKJWsqlFKUV
pRWtVq1WpVWlFK1WrValVaUVpVatVq1WrValFZ0UpVWlFaUVpRSlFaUVpRWlFaUV
nNWc1JzUnRWc1JTUlNSVFIzTjNOMk4yTjJOMk4RShFKMkoRRfBB8EIRRfFF8UXQQ
c89zz3PPc89rjlsMW01jjWsLYstKCEHHYopiy2LKUkhiy3NMc0xrTGMLe86MUIxQ
g9CDz5RSlJKMUYQQjFGUkpSSlJKUkoySjFKUk6UUpRSc06UUpRSlFKUUnNOdFKVU
pVWlFJ0UrVWtVa1VpRWlFK1WrVWlFaUUrVWtVa1VrVWlFaUVrVatVq1WrVWlVa1V
rVWtVVrKUkdzS1JHe42lFaUVrVatVqUVpRWtVa1WrRWlFa1WrVatVq1WpRWdFaUV
pRWlFaUVpRWdFaUWpRWdFZ0VlRSU1J0UnNSU05TTlNSU04yShJKM04yTjJKEUYRS
hJKEUXwRfBGEUYRRfFBzz3PPc89zz3PPa41bDFsMY0xjClsLSghBx2KKastiylJI
YspzTGtMa0xjDHOPhBCMUIQPe8+UkZSSjFGEEIxQlJKUk5zTlNOMkoxRlJKlFKUU
nNOdFKUUpRSlFJzTpRStVa1VpRSk1K1VrVatVaUUpRStVa1VpRSlFK1VrVatVq1W
pRWlFa1WrVatV61WpVWtVaUVlJJKB0pHUkdSR1qInROlFa1WrVatVaUVrVa1Vq1W
pRWtVq1WrVatVqUVnRSlVaVVnRWdFaUVpRWlFaUVpRWdFZUUnRSdFZzUlNOU05TU
lNSMk4yTjNOMk4SShFGEUYRShFF8EHwQhFF8EXwRc9Brj2vPc89rz2OOUwtTDFtM
Ystiy0oIQcZaimrLYstSSWLLc01zTWtNaw17jowRjFGDz3vPjFKUkoxShBCMUZSS
lJKc0pTSlJKMUZSSpRSlFJzTpRSlFKUUpRSc06UUrVWtVaUUnNOtVa1VrVWtVaUU
rVWtVaUUpRStVa2WrZatVq0VpRWtVq1WrVatVqVVpVWc1HvPSgdSR1JHUkdSSIwP
pRStVbVWpVWlFa1WrValVZ0VpVWtVq1WrVatVaUUpVWlVZ0VnRSdFaUUpRWlFaUV
nRSVFJUUnRWU1JTTjNOVFJTUjJKMkozSjJKMkoRRhFGEkYRRfBB8EIRRfFF8EGvP
a89rz2vPY49jjlMLWwxjDGLKYspKSEHGWolqy2LLUklainNNc01zTWtNe46MEYxR
hA97z5SSlJKMUowQjFGUkpzSnNOUkpSSjFGUkqUUpRSc05zTpRSlFKUUpRSlFK1V
rVWlFKUUrVWtVq1VpRSlFK1VrValFaUUrVWtlq1WrVatFaUUrVWtla1WrVWlFKUU
lJJrTVJJUkhSSFJHUkhiypzTrVWtlqVVpRStVa2VrVWdFK1VrVatVq1WpVWlFKVV
pVWdVJ0UpRWlFaUVpVWlFZ0UnRSc1J0UnNSU1IzTlNSU04ySjJKMkoyTjJKEUYRR
jJKEUXwQfBCEUXxRfFFrz2uPa89rz2uOY45Sy1sMWwxaiVqKUghBx1pJawtrC1JI
WspzjXNNc01rTXOOhBCMUIQPe86MUZSRjFGEEIxRlJKc05zTlJKUkoxRlJKlFKUU
nNOc06UUpRSlFJzTpRStVK1VpROlFK1VrVWtVaUUpRStVa1VpRSlFK1VrVWtVa1V
pRSUkYyRlJGlE61UpRSdFIQQUkhSCFJIUkhSSFJIUkdzjKUUrVWlFIQPc0tjCmMK
e42c0q1VrVWtVa1VpRWlVaVVpVWlFKUVpRWlFaVVpRWdFZTUnNSdFJUUlNSM05TU
jNOMk4SSjJKMkoSShFGEUYSShFF8EHQQfFF8UXQQa49jj2uPa49rjmONUstbDFsM
SghSSVJIQcdaiWMLYwpSSVrKc0xzjHONa0xzjYRQjFGEEHvPlJGUkoxRhBCMUZSS
lJKc05TTlJKUUZSSpRSlFJzTnNOlFKUUpRSlFKUUrVWtVaUUpRStVa1VrVWlFKUU
rVWtVa1VpRStVa2VrVWUkWLKUkhSB1IGUkZqyXuNe4xjCmMLc0xjC1JIUkhSSFKI
YolqyXMLYohSBlJHUkdSR1JGUkZ7za1VrVWtVaUVrValVaVVpVSlFaUVpVWlVqVV
nRWdFJ0UnRSc1JTTlJOU1JTUjJOEkoyTjJOMknxRhFGEkoRRfBB70IRRfBF8EXOO
a45rjmuOY45jjUrKWwtbDEoJUkpKCUHIUoprDGsKUohainNNc01zTWtMc46EEYxR
hBB7z5SSlJKUkoQQjFGUkpSSnNOc05SSjFGUkqUUpRSc05zTpRSlFKUUpRSlFK1V
rVWlFKUUrVWtVa1VpRSlFK1VrVWtVaUVrVWtVYxRUkdSh1JHWkhaiVqJWol7jpzT
tZa+GL4Ytdd7z2MMhBCc06VVpVWlVZTTfBBjDGtOa0xSiEpHSkZzjK1VrVWlVa1V
pVWlFaUVpVWlFaVVpVWlVZ0UlRSdFJ0UnNSU1IyTlNSM04yShJKMkoyThJJ8UXxQ
hJGEUXwQe9B8UXxRfBFrj2OPa45rjmuNY01Ky1MMWwxSSFJJUklBx0pJYwtrC1KJ
WolzTXONc41rTXONjBCMUIQPe4+UUpSSlJKEEIxQlJKc05zTnNOUkoxRlJKlFKUU
nNOdFKUUrVWlFKUUpRStVa1VpRSlFK1VtZatVaUUpRStVa1VrVWlFK1VpRRaSVJI
UkhzTIwQlJKc061Vvde9173Xvde9173XnNOtVb3Xvde9173Xvde9173XtZalVZRS
e89bCkpISkec0q1VpVStVa1VpVWlVaVVpVWlVa1VpVWdFJ0UlRSdFJTUlNOMk5TT
lNOU0oySjNOMkoSSfFF8UYRSfFF8EHQQfFF8UXwQa49jTmuPY45jjVtNSopSy1sM
UkhaiVJJScdSSWLLYwxSiVKJc01zTXONa01zjoxRjFGEEHvPjFGUkpSShBCMUZSS
lJKc05zTlJKMUZSSpRSlFJzTnNOlFKUUpRSlFKUUrVWtVaUUpRStVa1VrVWlFKUU
rVWtVa1VpRSlFIwQWkhSSXNNjFCc062WtZa1lr3Wvda9173Xxhe9173Wvde91r3W
vde9173Xvde9173Xvde915zTjFFaykpIe86lVaUVrVWtVaUUpRSlVaVVpVWlVaVV
nVWdFJ0UnRSVFJTUjJOU1JTTjJOMkoyTjJOEknxRfFGEUnxRfBBz0HxRfBF8EGuO
Y45jjmOOY01bTUqKUstbC1IIWklSSEHGUkhrCmsLWolaSnNNc41zjWtMc42MUIxR
hBB7zoyRlJKUkoQQjFGUkpzTnNOc05SSjFGUkqUUpRSc05zTpRSlFK1VpRSlFK1V
rVWlFKUUrVWtla1VrVWlFK1VrVWtFaUUpNSDz1KKWsqc07WVtZa1lrXWvda9173X
vde9173Xvde9173XvZe9173Xvde9173Xvde9173Xtda917WWhBBKSWtNrVWlVaVV
rVWlVaUVpRWlFaVVpVWdVZ1VnRSdFKUVnRSc1JSTlNSU1JSTjJOUk4yTjJKEUYQR
jFGEUXwQfA98UXxRfBFrj2uOa45rjmuOY05KilLLWwtSSFpJWklJx1pJawxrC1qJ
UolzTHNNc41zTXNNjBCMUYQQe8+MUZSSlJKEEIxRlJKc05zTnNOUkpSSlJKlE6UU
nNOc06UUrVStVaUUpRStVa1VpRSlFK1VtZatVa1VpRStVa1VrVWlFJzTe9BSimsM
vZW9lr2WtZa9lr2Wvde9173Xvde918XXvde917WWvde9173Xvde9173Xvde9173X
vde915zTSkl8D7XWrZatlq1WpVWlFaVVpVWlVqVVpVWdVZ0UnRSdFZ0UnNSUk5zU
lNOUk4ySjJKUkoyShBGEEYxRhFF8EHQPfFF8EXQQa49jjmOOY45jjltNSopSy1rL
UchaSVpJSgdSSWsMawxailJJa01zjnONa0xrjYxQjFCEUHvOlJGUkpSShBCMEZSS
nNOc05zTlJKMkZSSpRSlFJzTnNOlFK1UrVWlFKUUrVWtVaUUpRStVa1WtVWtVa0U
tVW1VrVVtVWtVZRRUspjC7XVtda11rWWtZe1l7WWvde9173Xvde91r3Wvde1l7WX
vde9173Xvde9173Xvde917WWvdeUkkpJnNO9lrXWtde1163XrZatlqVWrValVaVV
pRWdFJzUnRSc1JzUlNOdFJTTlNOMkoySjJKMkoRRhFCMUoRRhBF8EIRRfFF8EGuO
a41rjWONY41jTEqKUopay1IHWkhaiEoHSkhrDGsMWopSiWtMc41zjWtMa02EEIxR
hBB7z4xRlJKUkoRQjFGUkpzTnNOc05SSjFGUkqUUpRSc05zTpRStVa1VpRSlFK1V
rVWlFKUUrVWtVrVWrVWtVbWWtZa9lr2WvZalE2tMWsqtVLWWtZa1lrWWtZa1l73X
vdfGGMYYxhe91r3XtZa1lrWWvde9173Xvde9173Xvde9173XjFFKSbWWtde917XX
tde117XWtdetlrWWtZa1lq2WrValVaVWnRWdFZzVnRWU1JTUjJOMk2RTZFNkEmRR
hFGEUXwQe9B8EXwRdBBjjmNNY45jjWNNW0xKikrLUsxKB1KIWkhJx1IIawtrC1rK
UolrTHONc41rTGtMhBCMUIRQe86MUJSRlJKEEIQQlJKc05zTnNOUkpSSlJKlFKUU
nNOlE6UUrVWtVa0UpRStVa1VrVWlFLVVtZa1lrWWtZa1lrWWtda91r3WtZWUUVrL
jBG1lrWWtZa117XWvdfF18YXxhjGGMYYvde9173Xvde9173Xvde9173Xvde917WW
tZa11oQQUoq9173Xvde9173Xtde11rXWtda1lrWWtZatlq2WrVatlq2VpZWlVaVV
nVWdVZUUdBBUElQVTBRMFFwTfFF8EHQPfFF8EXQQY45jTmOOY41jTWMMSolSy1LL
SgdaSVJIQgdKR2MLa0xaylKJc01zjXONa01rTYQQjFGMUHvOjJGUkZSShBCMEZSR
nNKc0pzSnNKUkZSSpRSlFJzTpNOtFK1UrVStFKUUrVWtVa1VtZa1lrWWtZa1lrWW
vZa9lr3Wvda11rXWpRRjDHOOtZa9lrWWvZa9l73Xvde9174Yvde+F73Xvde9173X
vde9173Xvde9173Xvde9173XtZaMUVKKtZa1lrXWtde117XXtZa1lrWWtZatlrWW
rZatlq2WrZatlaVVpVSlVaVUnVSdFJUUhNR01GyUZFNcEnwQfBBz0HwRfBF0EGuO
Y01jTWNOY01bDEpKUotSy0oIWolSSUoHSgdjC2tLWspSiXNMc41zjXNNa02EEIxR
hFB7zoyQlJGUkYQQjFGUkZzSnNKc0pzSlJGckqUUpRSc06UUrVWtVbVVrVW1VbWV
tZW1lbWWtZa1lrWWtZa1lrWWtZe1lrWWtZa1lq1Vc01zTr2WtZa9lrWWtZalVKVU
rVW1lbWWxdfF18XXvde9173WrZWtVbWWvde918YYvde9173XpRRSiqUUtZa1lrWW
tZa1lrWWtZa1lrWWrZatlq2WrZatlqWWrVWlVaVVpVSlVKUUnRSdFJUUlNOM04zS
hJJ8UXwQdA98UXwRdBBjjmNNY01jTWNNWwxCSkqLUotJx1pJWklKCEoHYwtrS1rK
UolrTXOOc45rTWtNhBCMUIQQe8+MUZSSlJKEEIxRlFKck6TSnJKUkZSRlNKlFKUV
pRStVK1VrZW1lbWVtZW1lbWWtZa1lrWWtZa1lrVVtVW1lrWWtZa11rXWtda1lXON
c421lrWWrZWlVLWWtZa9173Xvde9173Xvde9173Xvde1lq1VtZa1lrWWrVW1lrWW
vde917WWa017z7WWvde117XXtZe1lq2WrZatlqVUpVWUkpTSnNOlFJ1UnVSlVJ1U
nVSdFJ0UnRSVE5TTjNOM0oyShFF8EHPPfFF0EXQQY45bTVtNW01bTVsMQolKy1LL
ScdaiFqJUghKB2MLYwtaylJJa01zjXONc0xrTYQQjFCEUHvPjFGUkpSSjBCMEJRP
nA2TzZPNnE+k0qUUrVWtVa1VrVWtVa2VtZW1lbWVtZW1lbWVrVWtVa1VrVWtVbWW
tZa1lr2WvZa9lr2WtZVjTHvPrVStVa1VtZa1lrWWtZa1lq1VtZbGF8XXxdfF173X
vde9173Xvde9173Xvde1lq1VrVW1VYxQWsutVL3Xvde117XXtdat1rXWrZatlq2W
pVWdFZ0VlRSVFIySjJKMkozTnRSU1JTTlNOU04zSjNOMkoRRfBBzz3wRfBBz0GOO
W01jTWNNW01bDEKJSopKy0nHWklaSVIISghjC2tLYwtSiWtMc45zzmuNa0yMEIxR
hFB7z4xQlJGUkYQQi86DjZxQpJGk0qUTpVStVK1UrVStVa1VrVWtVq1VrVWtVaUU
pNSlFKUUrVWtVbWWtZa1lrWWvZa9lr2WtZa1lpzSWsuUkq1VrZatVa1VtZa1lr3X
vde1lrWWxdfF18XXxde917XWtZatlbWWrVSlFLWWvda1lq1WrVWlFGtNfA+1lrXX
tda11rWWtda11rWWtZa1lq2WrVatlqVWpVWdVZ0UlNSU05UTlNN8UYzTjNOM04yT
hJOEUnwQc9B8EXQQc9BjjltNY01jTVtNWwxCSUqKUotKB1qKWopSSEoIYwtrDGML
UoprTHOOe45zjmtNhBCMEYxQe8+MUZSSlJKMUYwQlJKlE6UTpROtFK1UrVWtVa1V
rVWtVa1VnNOckqUTpRSlFK1VrVW1lrWWtZa1lrWVtZa1lrWWrVatVq1VrVWED2tM
rVSlFK1VtVa1lrWWvde9173WvdbF18XXxdfF18XXvde9173Xvde9173XtZa1lrWW
tZa1lrWWtZalVaVVrVWtVbVVrVWtVa2WrZatlq2WrZatlq2WrZallqWWpVWlVaVV
pRSdFJUUlNSM1JTUjNOM04yShJJ0EGvPfBB0EHQPa45bTVtNW01bTVMMQolKilLL
SghailqKUklKSGMLa0xjC1KJa01zjXuOc41rTYQQjFGMUHvPjFGUkYyRlJKUkpSS
nRSlE6UTrVOlVKUUrVWlFKUUnNOlFJzUpRStVa1VtZW1lbWWtZa1lrWWtda1lq1V
pRStVa2VtZW1lrVWlJKUkq1VrVW1VbVVrRStVbWWtZatlq1VtVXGF8XXxhfF173X
tZetVaUVrVWtVa1VtZa917WWtZa1lrWWrVWtVa1VtZatlq2WrZatVaVVpVWlVaVV
rZatlq1WrVatVa1VpVWlVaUVnRWdFJ0UlRSM04zTjNOEk4SSfBFz0HwQdBBz0GNO
W01bTVtNUwxTC0JJSopKikoIWopaylKJSkhjDGtMawtSimtNe457jnOOc42EEIxR
jFF7z4QRjFGMUYxRjFGUkqUTpROlE60UrRSDz61VpRSlFK1VrVWtVbVVtVW1lrWW
tZW1lbWWtZW1la1UrVStFK1VtZa1lbVVtVWtFa0UtVW9Va1UpNOtVbWWvde9173X
vde918YXxhfF1sXXxde917WWrVWtVbWWtZatlrWWtZa1lrWWtZa1lq2WrVWlVaVV
pRStVa2WrZatlq2WpVWlVa1WnRSc1KUVpRSlFaUUpRSdFJ0UnNSc1JTUlNOM04zT
jJKEknwRc9B0EXQQa89jTVtMW01bTVtNWwxCSUqKUspKSFrKWspayVKJawtrTGtM
WsprTHPOe85zjmtOhBCMUYxRg8+MEIxRYwyUkpSSnNKlFKUUpRSlFK1VpRStVa1V
rVWtVbVVtVW1VbVVtVa1Va1VpRStVa1VrVW1VbWWtVWtVbVVrRS1lrWWtZa1lq1U
tVW1VbVWtVatVa1VtVatVb2Xvda91sYXxdfF18XWvZe9173Xtde917WWvde9173X
tZa1lrWWtZa1lrWWtZa1lq1VrVWlVJ0UnRStVqVVpVWtla2VpVWlVaVUnRSU04yS
jJKU0nxQlNOU05TUjNOM04SThJJ8UXPPdBB0EHPPY45bTVtNW01bDFMLQklKikqL
Wkhiy2LLWspSiWtMc41rTFrKa017jnvOe85zjoQQjFGMUXvPhBCEEGMMlJKUkpzT
pRSlFKUVrVStVK1UrVWtVa1VrVWtVa1UpVStFKUUrVWtFK0UtVWtVa0UrVStFK1V
tZW1lrWWtZW1Va1VrVWtVbWVrVStFK0UtVW9lr3Xvde+GL4YvdbGF8XXxhfF18XX
vda1lrWVrVW1lrWWtZa1lrWWtZa1lrWWtVWtVa1VrVWtlrWWtZa1lq1WrVadFKUU
pRSdFJTSnROlVKVUpVWdFJ0UnRSMkpTTlNOU04zTjJOMk4SSfFFrz3QQc9Bzz2NO
WwxjDFsMWwxSyzoIQklKilJKYwxjC2MKWsprTHONc41jC3ONe897z3vPc4+EEIxR
jFGEEIQQhBB7jpSSlJGc06UUpRSlFK0UrVStVa1VrVWlFKUUrVWUkqTTrRWtVbVV
rVWlFKUTpRSlFK2VtZW1lq1VrVWtVa1VtVW1lbVVrVWlFKUUtZa1lr3Xvde1VrWW
vdbF18XXxdfF18YXxde9173XvZe9173Xvde917XXtZa1lrWVrVWtVa1VtZa1lrWW
tVatVrVWrVatVa1WrZatlq2WrVadFJ0UlNOdE5TTlNOU04SRlNOU05TUjNOMk4yT
hJKEknxRa89z0HPPa89jTlsNW01bDVsMUws6SEqJSopaimsMawxrDGLLc01zjnON
YwxzjnvPe897z3uPjBCMUYxRhBCEEIQQjFGUkpSSnNOlFKUUrRStVK0UrRSlFKUU
nNOlFK1VrVWlFJzTpRSlFKUTrRStVbWWtVatE6TStVS1VbVVtZa1lq1VrRStFLVV
tVW9la1VrVS1lr3XrVW1lrXXvZa9lsXXxdfF18XXvde91rWWtZa1lq1WtZa1l7WW
tZa1lrWWtZatVa1VpVWlVa2VtZa1lq1VpVWtVa1VpRWlVaVVpVWlVaVVpVWlVZ0V
lRSEkoyTjJOEkozTjNOMk4SThJKEUnPQc9Bzz2uPY05bDFsMWwxazFLLQglCSUqK
YsxrDXNOc05jDHNOe897z3NOe4+ED4QPhBCED4xQjFGMUYQRjBGEEHwQhFKUk6UT
pRSlVKVVrVStFK0UpRStVa1VrVWlFK1VlJKk1K1VtVWtVa1VtVWtFK0UpROtVLWV
tVW1Va1VrVWtVbVVtVW1VaTTtVW1VbWWvdfF18XXzhfGGMYYvdfF18XXxdfF173X
tZatVa1VtZa1lr3Xvde1lq1VrVWtVbWWtZa1lrWWrVWlFK1VpNOlFK1VrZatlq2W
rVWlVaVVnRSdFJ0VnNSdFJzUlNOU05TUlNSMk4yTjJOEkoSShFFz0HPPc89rz2NO
Ww1bDFsMUsxSzDoJQklKSWtMc417jnuOc017jnvPe89zjnvPhBCEEIQQg9CMUZSS
lJKMUYRRfBBz0IRRlNOdE6VUrVStVK1UrRSlFKUUpRStFKUUpRStVa1VrVWlFKTT
nNOlFK1VtZW1lbVUrRSc06UUrVW1lrWWtZatFKUUtVW1lr2WxZfF18XXxdfF18XY
xhjF2MXYxdjF18XXxda91r3WvZa91rWWrVW1lrWWvde9173Xtde1lq2WtZa1lq1V
tZa1lq2WpVWlVaVVpVSlVKVUpZWlVaVVpVWlVZ0VnRSM04ySlNOU05TSjJKM04yT
hJKEknxRdBBzz2uPa45jTVsMWwxTDFLLSss6CEJISklzjnvPe8+Dz3uOe4+EEIQQ
e898EIRRjFGMUYQQjFGUkpSSjFGEEHPQc8+EUZTTpRStFK0UrRStFKUUnNOlFKUU
rVSlFK1VrRSk06UUpRStVbVVrVW1Va0UpNOk061VrVW1lbVWrRStFK1UtVS9lb2W
vZa9lr2XvdfF18YXxhfGGMYXxhe+F8YXxdfF18XXvde1lrVWtZalFKUUrVWtVbWW
tZatVbWWtZa1lrWWtZatVaUUpRSlFK1VtZatlq2WpVWlVKVVnRSU1J0UnRSdFJ0U
lRSVFJUUlNSU1JSUlJOMk4yThJKEUnwRc9Brj2uPY05TDVMNUwxLC0rLOglCSUJJ
c457z4QQhBB7z3vPhBCMEYPQhBCMUYyRjFGMUYxRjFGUkoxRhBBr0GvQfFKUkqUU
rRStFK0UrRStFKUTpROc0qUUnJKtFK0VrVW1VbVVpNOckqUTrVStVa1VrVWlE6UT
rVStVa2VtZW1lrWVvZa9lr2Wvda918XXxdfF2MYYxhjGF8YXxhfGF8YXxhfF173X
tZa1Vb2Wvda9173Xvde917WWtZatVa1VrVWtVa1VrVW1lrWWrVWtVa1VpRSlFK1V
rVWtVaVVpVWlFaUVnRSVFIyThFKEUnwRhFKMk4yTjJOMk4SShFJ8UXPQa49rj1tN
UwxTDEsMUstKizoJQglKSYPPhBCMEYwRhBCEEIwRjFGEEIwQjFGUUZSSjFGUkpSS
lJKMUYQRc49z0IRSlNOlFK0UrRStFK0UpNOc05zTpRSlFKUUpROc06TTpROtVaUU
rVStVa1UpROlE5ySnNOtVLWWtZa1lrWWvZa9lr2WvZa91r3WvdfF18XYxdjGGMYY
xhjGGMYXxhfGF8XXvde9173WtZa1lrWWrVW9173Xvde9173Xvde9173XtZatVa1V
rVWtVa1VrVWtVa1VrVWlVa1VnRSdFJ0UnRWdFJ0UnRWdFJ0UlNSEkoyTjJOM04zT
jJOEkoRSfBFr0GuPa49bDVMMUwxTDFLLSos6CEIJSkl7z4QQhBGMUYQQhBCMUZSS
jFGMUZSSlJKUkoxRjFGUkpSSjFGEEGvOW0yEUZzSpROlVKUUpVStVKVUpRSlFKUU
nNOc05SSpNOtFa1VrVWtVK1UpRSUkqTTtVW1Vb2WvZa9lrWWvZa9lr2WvZa9lr2W
vdbF1sXXxdfF18XXxhfGGMYYxhjGGMYXxde918XXvZe9lq0VtVa1VrWWvde9173X
vde9173Xvde9173XtZa1lrWWtZatVaVUrVWlFK1VrVWtVaVVpVWlVJ0UnNSc1JTT
jNKU0pTTlNOM04zTjNOM04yTjJKEUnxQdBBrz2OPW01SzFLMUsxSy0qKOgg6CEJJ
e8+EEIxRjFGEEIQQjFGUkoxRjFGUUpSSlJKMUYxRjFGUkpSShBB7z4xRlJKc0qUT
rRStFK0UrRSc05ySpNOlFKUUpRStFK0UrROtFKTTpRStFbVVtZW9lbWVvZW1lb2W
vZa9lr2WvZa9lr2XvZa9lr2WvdfF18XXxdfF18XXxdfGF8YXzhfGF8XXxdfF18WX
vZa9lr3Wvde9173Xvde9173Xvde9173Xvde917WWtZa1lrWWtZa1Va1WrVWtVaUU
lNKdE50TnRSdFKUVpVWlFZ0UlRSU1JSThFKEUpTTjNKMkoSShFJ8UXQQY89jjltN
UwxTDFLLUstKijoIOglCSYQQhBCMUYxRhBCEEIxRlJKMUYxRjFGUkpSSjFGMUYxR
lJKMUYQQhBCckpySlJKlE6UUpRSlFK0UpRSlFKUUpRStFKTTnJKk1KUUpRSlFKUU
rRS1VbWVtZW1lbWVtZW1lrWWtZa1lr2WvZa9lr2WvZa9lr2WxdfF18XYxdjF2MYY
xhjGGMYYxdi918XXxda91r3Wvda1lbWVrVW1lrWWtZatVZzTpROtVbWVtZa1lrWW
tZa1lrWWtZatlq2WrVatVqVVpVWdFJTUlNOMkoySlNOU050UlNOU1IzTjNOU05TS
jJKMkoySfFF0EGPOW45TTUrMUsxSy0rLSoo6CEIJQkmEEIQQhBCMUYQQhBCMUZSS
jFGMUYxRlJKUkoxRjFGMUZSSjFGEEIxRnNOc0pzSpROlFKUUrRStFJzTlJKMUZyS
rRStFK0UrVSlVJzTlNKk060UtVW1VbWVtZW1lbWVtZW1lbWVtZWtVLWWvZe9lr2X
vZfF18XXxdfF18XXxhjGGMYYxhjGGMXXxdfF1r3Wvda91r3WtZa11r3Xvde9173X
vde1lq1VrVatVaUUpRStVbWWrVWtVa2WrZatVq1WrVatVa1VrVWtVaVVnVWdFZ0V
lNSMk4ySjJOMkoxSjJOMk4yTjJKMkYRRfBBrjmOOW01SzFLLSstKy0qKOghCSUJJ
g8+EEIRRjFGEUIQQjFGUUoxRjFGMUZSSjFGMUYxRlFGUkZRRg9CMUZyTnJOckqUU
pROlFKUUpRSlFKUUpRSlFKUUpROlE6UTrRSk060UrVW1VbVVtVa1VbWVtVW1VbVV
rRSMD6TSc029lr2WvZa9lr3Wvde918XXxdfF2MXYxhi+F8YXxhfGF8XXxdbF1sXW
vda9lrWWrVWtVa1WtVW1VbWVtZa1lrWWtZatlq2WrZatVZzTnNOlFK1VrVWtVa1V
rVWlVaVVpVWlVKVVpVWlFZ0VnRWU1JTUlNSMkozTjNOMkoxShFKEUXwQa45jjlsN
UsxKy0rLSstKijoIQglCCXvPhBCMEYxRhBCEEIxQlJKMUYxRjFGUkpSRjFGMUYxR
jFGMUXwPjFGckpySnJKlFKUUpRSlFKUUnNOc0pzTlJKU0qUUpRStVLVVtVW1VbVV
tVW1VbVVtVW1VaTSnJFzTIQOawuckZRQvZa9lr2WxZe9l73XvdfF18XXxdfOGMYY
xhjGGMXYxdfF18XWxdbF1r2VrVSk05zSnNOtVbVVrVWtVa1VrVWtVa1VrVW1lq2W
tZatVq1WrValFaUUpRSlVaVVpVWlVaVVpVWlVaVVnVWdFZUUlNSU05TTlNOU04zT
jJOEkoSSfFJ0EWOPW05TDUrMSstKy0qLSko6CEIJQgmD0IQQjFGMUYxRhBCMUYxR
jFGEEIxRjFGMUYxRjFGMUYxRjFF7z3uPnJKckpySpNOlFKUUpRStFJySnNOlFKUU
rRStVK1VrVWtVbVVtVW1VbVVrVSlE4POe81SSIwPc02ckqTTtVW9lr2WvZa9lr2W
vZa9lrWVvZa9lb2WvZe91r3Xvda918XXxdfF18XXvZa9lq1VtZW1lrWWvde9173X
vde9173XtZa1lq1VrVWtVbVVpRSlFKUUpVWtVaVVpVWdFJzTnNOc1J0UnRWdFJ0V
nRSdFJTUlNSU04zTjNOM04yTjJKMkoRSfBFr0FtOUw1Sy0rLSspKykqKOgg6CToI
hBCEEIwQjFGEUIQQjFGMUYxRhBCMUZSSjFGMUYxRjFGMUYwQe89zjpSSlJKckqUT
pROlFKUUpRSlFKUUrRStFa0VrRW1Va1VrVWtFaUUnJKMUIPPjBBiy3uNe46c061V
tVW1VbWVvZa1lrWWtVWtE6TTrRStVLVWtZa9lr3XtZa9l61VrRS9VcXWxda91r3W
vZa1la1VrVStVa1VrVWtVaUUrVWtVK1VtZa1lrWWtZa1lrWWrVWU05TTpRSdE6UU
pRWlVaVVpRWc1JzUlNOMkpSTjNOMkoySjJOM04zTjJOMkoySjJKEUXwRa9BbTlMN
SsxKy0qKSopKiToIOghCCXvPhBCEEIxRjFGEEIxRjFGMUYQQjFGMUYxRjFGMUYxR
jFGEEHvPc46UkpSRnJKlE6UTpROlU6UUpRSlFK0UrRStFK0UpROUUYvOcwtrCnMM
g86MEJzSnJKtFLVVtVW1VbVVtVW1VK0TrRStVK0UtVW1Vb3Wvda91sXXxdfF18XX
vdfF172WvZbF18XXxdfF17WVpNOk1KUUrRW1lrWWtZatVrVWrVatVbWVrVWtVaUU
rVWtVa1VrVWlVa1VnRSc1J0UnNOc1KUUpRWlFaUVnRWdFJTUjJOEEYRShFF8UYyT
jJOMUoRShFJ0EWwQW05TDUrLSotKikqKQkkxxzoIQgl70IQQhBGMEYQRhBCEEYxR
jFGEEIwRlFGMUYwRjBGMUYxRhBB7z3OOnJKckpySpNOlE6UTpROlFKUTrRSk060U
rRNrDEoIYoprDGsLe46UUaTTrVS1VbVVtVW1VbVVrRStFK0VpNOk07VVtZa9lr2W
vde1Va1VtVW1Va0UtZa1Vb2WvZbF18XXxdfF18XXvda9lrWVtZa1lrWWtZa1lrWW
rVW1lrWWtZa1lrWWrZatVa1VrVWlFKUUrVWtVa1VrVWtVaVVnRSdFJ0UnRSdE5TT
lNOU05TUlNOU04zSjJKMkoySjFKEUoRRfBFz0GNOWs1Ki0qLSotCSkJKMcg6CDoJ
fA98D4QQhBGEEHvQhBGMUYxRhBCEEIxRjFGMUYQQjFGMUYwQe85zjpSSlJKU0qUU
pROlE6UTpROMUJyRg86c0qUTYwtjDIwQnJKlFK0VrVWtVbVVtVW1VaUUpRSckpyS
pNO1VbVVtVW1Va1UrVS1Vb2WtVW1Vb2WvZa9lr3XvZa9l73XvZa9lr3WxdbF1sXW
vZa1Vq1VtZatFK0VrRWtFJzTpRSlFKVVrVWtVa1VtZa1lrWWrVWtVaVVpVWdFJ0U
pRSlFJzTnRSlFJ0UnRSU05TUlJKMUoyShFGEUYxSjJKMkoRShFJ8UnxRdBFbjlMM
SstKi0qLSkpCSTnIOgg6CIQQe8+EEIQQhBB7z4QQjFGMUYQQjFGMUYxRjFGEEIQQ
hBCDz3uOe46ckpSSlJKlE6UTpROlE6UTjFCED3vOpNOlFJ0UpRSlFK0UtVStVa1V
rVWtFK0UnJKckq0UrRStVbVVtVStFK0UtRW1Vb2WvZbF1sXXxdfF18XXvZa9lsXX
xdfF18XXxdbF1sXWxdbF1rWWrVWtVbWWrZa1lrWWtZatVrWWtZa1lrWWrVWtVa1V
rVWtVaUUrVWtVa1VpVWlVaUVnRSMkoxSlNOMkpTTlNSU1JUUlRSU1IzThJKMkoyS
jJKEkoRRhFJ8UXQQY45TDErLSotKi0JKQkkxxznIOgh8EHvPhBCMUYQQe8+EEIRR
jFGEEIwRjFGMUYRQhBCEEIQQe89zjXuOlJGUkZTSpROlE6UTpROlE5SRnROlFKUU
pRSlFKVUrVStVK0UpRSlE5zSnNOlFK0UrVWtFK0UpROtE7VUtVW9Vb2WvZa9lr2W
tVWtFLVVvZXF1qTStRS1VbVVrRS1Vb3XxdbF1sXWvda9lrWWtZa1lrWWtVWtVa1V
rVWtFK1UrZW1lrWWtZa1lrWWrZatVq0VpRWlFKUUpRSk06UUpRWdFZ0VlNOM04yT
fFGM04ySjJOMk4yTjJOMk4ySjJKEkoRRfBFz0GuPUwxKi0qLSopCikJJMcc5yDoI
hBB7z4QPhFCEEHvPhBCEEIxRhBCEEYxRjFGMUYwQhBCEEHvPc457z5SRlJGc0qTT
pNOlE6UTpROlU6UTpROlE6UTpROtE6TTnJKk06TTpRStVa0VrRStE5zSnJKtFLVV
tVW9lb1VtVS9lbVUrVS1lb2VvZW91r3Xxde9173Xxde91rWVtVW9lr2WxdbF1sXV
vZW1VK0UrRStFKTTpNSlFKUUnNOc06UUrVWlFK1VrVWtVa1VpVWtVa1VrVWlFKUU
nNOUkpzTnNOc050TnRSdFJUUlRSM04yTjJOEk4RSjJKMkoySjJKEUXxRdBFrz1MM
SopKikqKQkpCSTHHOcdCCIQQe8+EEIQQhBB7z4QQjBGMUYQQhBCMEIxRhBCEEIwQ
g897z3OOg8+UkZSRlJKk06TTpNOlE6UTpRSlFKTTpNOk05yRnNKk0q0TrVStVK0U
rRSk05ySpRSlFK1VtVW1VbVVtVWtVK0UtVW9lr2WvZa9lb2WvZa9lsWWxZbFlsXX
xdfF18XXxZbF1sXWxda91bWVrVStVbVVtZa1lrWWtZa1lrWWtZa1lrWWrVWtVa1V
pRWlFaUUpRSdFKUUpVWlVaVVpRWdFZTUlNSMk4yTjJOU1JTTlNOU05TTlNKMkoyS
jJKMkoxRhFF8EXPQa9BSzEqKSopKikJJQgkxxznHOch7z3vPe8+EEIQQe8+EEIQQ
jBCEEIwQjBGMUYwRhBCEEIPPg89zTowRlJKUkpySpNOk06UTpROlE6UUnNOc05zT
pNSk1K0UrRStFK0UpNOk1KUTrRStVLVUrROckqTTrRStFLVVtZW9lb2VvZW1VLVU
rROtE60TtVW1VbWWtZW9lr2WvZa9Vb1VxdbF1sXWvda9lr2WtZa1lrVVtVW1VbVV
tVWtFLVVtVW1la1VpRStVrWWrVWtVq1VrVWlFKUUnNOc06UTpRSdFJ0UnRSdFJUU
lNSM04xShFKMk4RRfBCEEYySjJKEkYRRfBFz0XPQUsxCS0KKQkpCSUJJMYc5xzoH
g897z4QPhBCEEHvQhBCMEIwRhBCEEIQQjBGEEIQQhBB7z3vPe8+ckpSSlFKckqTT
pNOlE6UTrRSlE6UTpRSlE5zTpNOtFKTTpRSlFK1VrRStFKTTpNKk0qTSpNOtVLVU
tVWtFLUUrRStFLUVrVW1lbWWtZa9lr2WxdfF18XXxde9173WtZatFLWVvda91r3W
tZatVKUUrRStFK1VtVa1lq1WrVWtVa1WrValFZzTrVWlFKUUpRSlFKUUrVWtVaVV
nRSdFJ0UlROUkpSTnNOVE5TUlNSU1JTUjJOMk4RShFGMkoSShFKEUnwRdBB0EFMM
QotCi0KKQkpCCDHHMcc5yHvQe8970IQQhBB7z3vPhBCEEHvQhBCEEYwRhBGD0IPQ
e457joPPlFKMUZRRnJKk06TSpNKk06TTnNKc0qUTnNKckqTTpRStFK0UrRSk06TS
nNKc0qTTrRStFKUTrRStFKTTnJKtFLVVtZW1lb2WvZa9lr2WtZW1VbWWxdfF172W
vZfF18WXvZa9173Xvda9lr1VtVW1VbVWtZa1lrWWtZa1lrWWtZatVbWWtZa1lq1W
rVatVaUVpRWlFaUUnNSlFKUUpRWlVZ0VnRSU1JTUjNOMk4yTlNOMUoRSjJKEkoyS
jJKMkoRShFF8UWwQa9BbTkqLSopCSkJJQgkxxzHHMch70HvPe9CEEIQQe898D4QQ
hBB7z4QQjFGMUYQRe9B70HOOc457z5SRlJCUkZySpNKk0qTSpNKlEpyRpNKlEqUT
pROlE6UTpNOk06TSnNKlFK0UrRStFKTTnJKckqTTrRStVLVUtVS1VbVVtVWtFK1U
tVa1Va0VrVW1lrWXvde1lrVVxde9lr2WxZbF1r2WvZa9lr2WtZW1lbVVtVS1Va0U
rRS1Va0UpRSc061VrVWtVa1VrVWtVa1VrVWlFaUVnRSc1JzTnNOc05TTnRSdFJUV
nRSVFJTUjJOEUoRRc9B8EYySjJKEUoRRfFF0EGvPW05KSkpKSkpCCToJMccxxzHH
e897z3vPhBCEEHvPe8+EEIQQe8+D0IQQjBCEEHwPe89zjnOOe9CUUYxRlFGckpzT
nNKc06TTpNOk06TTrNOk0qTSpNOk06TTrRStFK0TrROtE6TSpRKk06zTrRStVLVU
rRO1VKzTrRO1VK1UtVS9lr2WvZa9lr2WvZa918XXxde9173Xvde9lr2Wxda9lb2V
vZa1la1UrVWtVa1VrVWtVa1VtZatVa1VpRStVa1VrVWlFKUUpRSlFJzTpRStFKVU
pRSlFJ0UnNSU05TTlNOU1JzUlNSU1JTUjJOMk4yThFKEkoRShFKEUnxRdBBr0GOO
SopCSkJJQkk6CTGHMYcxh3vPe4+Dz4PQhBB7z3wPhBCEEHvPe8+EEIQQhBB7z3vP
c45zjoQQlFGUUZRQnJGk0qTSpNOk06TTlFGckqTTpNOk06UTpROlE6TTnJKUUpzT
rROtFK1UrRStE6UTnJKckZyRrRStVLVVvVa9lb2VvZW1VbUUrRS1Fa0UtVW1lb2V
vZa9lb2WvZfF1sWWxZa9lbWVtZW1lbWVtZa1lrWWtZa1lrWWtZa1lrWWtZa1lrWW
tVatVq1VrRWlFKUUpRWlFJ0UnROdFJ0UnRSdFJUUnRSU1JTUlNSM1IyUjJOMk4ST
jFKEUoRRhFGEUXQQa9Brj0qKQkpCCToJOggxxzGHMcd7z3OOe8970IQQe897z4QQ
jBB7z4PPhBCEEIQQe89zjmtNa057j5RRlBCUUZySpNOk06TSpNOk06SSpNKk06TS
pNKckpRRjA+ckpzTpNOlFK0UrRStFKTTnJKc06TUrRS1VbVVtVW1VLUUtRW1FLUV
pNOk1K0UtVW1VbVVtZW1lbWVrRSlE7VUvZXF1sWWvZa9lbVVrRStFKUUrRWtVa1V
pRSlFK1VrVWtVa1VrVWlFKUUpRSlFKUUpVSlVaUVpRWlFZ0UnNOUk4RRjJKdE4yS
lNOc1JTUlNSU1IyTjJOMk4RShFKEUYRRfFF0EWvQa9BCi0JKQklCCTnIMYcxhzHH
e857znvOhA+EEHvPe8+EEIQQe897z4QQhBCEEHvPc45rTWtMawyUUZQQlFCckaTS
pNKk0qTSpNKkkqTTnJGMUJSRnNKc0qTTpNOk05ySnJKkk6TTrRSlE6UUrRStFK0U
rRSk07VVrRStE7VVvZW9lr2WvZe9l72XvdfF18XXxde9173WtZa1VrVVxZa9lr2W
vVWtFJySrRWlFKUUrVWtVa1VrVWtVq1WrVatVq1WpRSc05TTnNOlFJSSlJKc050U
pRSlFKUVnRSdFJTTnNSEUYRRjJKEUoRShFKEkoySjJKMkoSShFKEUoRRfBBrz2vP
SstCSkIJQgg6CDGHMYYxx3vPe897z3vPhA97z3vPe8+EEHvPe897z4QQhA97z3OO
a01rTVKKlFGMUIxQlJGc0pzSnNKk0pzSnJKc05zTnNOlE6UTpNOckpySnJKUkpzS
pNOtFK0UrNOk06TSpNOk0q0TrRS1VbVWvVa9lr2WvZa9lr3WxdbF1sXXxdfF18XX
xdfFl8XXvZe9lr2VvZW9lb1VtVW1VbWWtZa1lrWWtVWtVa1VrVWtVa1VrVWtVa1V
rVWtVa1VpVWdFZ0UnRSc1JzUnNOU04zSlNOU05TTlNOU05TUjJSEUoRShFJ8EXwR
fBGEUnxRfBF8UXQQa89rz1MMQkpCSToJOggxhzGHMYd7j3OPe4+D0IPPe897z4PP
hBB7z3vPhA+EEIPPe49zjXMMawxiypRQjFCMUJySnJKckpzSpNKk0qTSpNOk05yS
lFKUUZyRlFGkk6TTpNOk06TTpNOk05SSpNOtFK0UtVW1VrVVtVW9lb2VvZW9lsWW
vZa9lr2WvZbF18XXxdfF18XXvZe9lr2WvZa9lb2VvZW1lbVVtVWtFaUUrRWlFJSS
lJOk1K0UpRSlFKUUpRSlFKUUnNOUkqUUpRSlFKUUpRSlFKUUnRSU04zSjJKMkoRS
jJKMkoyTjJOMk4yTjJKMkoRShFJ8UXxRfFF0EGvPa49TDUJKQgk6CDIIKYcxhzGH
e89zj3OOe8+Dz3vPe8+Dz4QQe897z4PPhA+Dz3uOc01rC2sLe42Dz4wQjBCckpyS
nNKc0qTSnJKUUZRRnJKUUZySpNOk06TTpNOc0pSRnJKk06TTrRStFK0UtRS1FLVV
tVW1VbVVtVa1Vb2VvZa9lsXWvZa9lr2XxdfF173Xvde9lr2WvZa9lr2WvZW9lb2U
tVSlFK0UrRSlFK1VrVWtVa1WrVatVq1VrVWtVq1VrVWtVaUUlJKdFJzTlNKMkZzT
nNKU050UnRSdFJ0UlNSM04zTjJOEUoRShFJ8UXxRhFKEkoSShFGEUXxRfBFr0GuP
W05CSkIJOgkxyCmHKYcxh3vPe897jnuPe897j3uPg898D3vPc457z4QQe89zjmtN
WstjDIQQjFCEEIwQnJGckpySnJKc0pzSnJKc0pzSnNKc0pzSnNKUUZRRnJKck6TT
rNStFK0UrRStFK0UrRS1VbVVtVW1VbVVtVW1VbVUvZW9VbVUtVW9lr2WrRS1VbVV
tVWtVbWWvZa9lr2WvZW9Vb1VrRWtVa1VrVWtVa1VrVWtVbVVtVWtVa0VrVWtVa1V
rVWlFK1VrVWlVaVVnRWdFJTTjJKU05TTlJOUk4yTjJOU1JTUjNSMk4yThJOEUnxS
hFKEkoRRhBF8UXwRc9BrkGtPQko6CToIOcgxhzGHMYd7z3vPc457z3vPe457znvO
hBB7z3vPe898EHvPc45rTWMMYwyMUIwQjA+MEJyRnJKckpySnJKc0pzRnJGcUIwP
jBCUUZySnJKk06TTpNOs060TrRStFK0UrRS1FLUUtVW1VK1UrRSk0pyRrRStVbVV
tVW1Vb2WvZa9lrUVtVa1Va0VrRStFLVVvVW9lb2VvVW1Va0UpRSk1KUUpRSlFKUU
rRWtFaUUnJOMUaUUpRSc04xSlJOc05STpRSlFKUUpRSlFKUUnRSdFJUUlNOMkoyS
jNOEUYRRjJKMkoySjJKMk4ySjFKEUnxRfFF8EXPQa49rj0JKOgk6CDnHMYYxhzGH
e49zjnOOc457z3uOe497j4PPe89zz3vPe897j3OOa0xjC2MLjFCMEIwQjBCckZyR
nJGckpySnJGUUZRRlJKUkpzSnNKk0pySnJKk06TTpNOs1K0UrRStFK0UrROlE6TT
pNOtFK0UpRStVbWWtZa9lr2WvZa9lr2WvZa9lr2WtZa1lrWWtZa1Vb1WxZa9Vb1V
tVWUkqTTpRStFa1VrVWtVa1VrVW1lq1VrVWtVa1VrVWlFaUVnRSc1JzUnNSc05zU
lJOc05TTlNOU05UUlNSU1IzUjJOMk4yShFKEUYRRhFF8EYRRhFGEUXwRfBFzz2OP
a49Ki0IJOcgxyCmHMYcxh3uOe45zjnuPe897znOOe457z3vPc45zznvPe85zjWtM
YstjCnvOhA6ED4QPlJGckZyRnJGckpySnJKc0pzSnNKckZyRlFCUUZyRpNKk06TT
pNOk05zSpNOkkqSSrNOtFLVUtVW1Vb1VtVa1Vb1VtVS1VK0TvVW9VbVVtVW1lq1V
tZatVbVVtZa9lr2VtZW9VbVVrRWtVa1VrVW1Va1VrVWtVa1UrVStVK1UrVWtVa1V
rVWtVa1VrVWtVa1VpRWlFZzUnNSUk4yShFKMUoxSjJKMkoyTjJOMk4yTjJOMk4yT
hFKEUoRShFF8EXwQa89jjmOPUsw6CToJMccphimGKYZzjnONc41zjnvPc85zjnOO
e897znOOc457z3uOc01rDGKKYshzCoPMjA+MEJxRnJGckZySnJGUUYxQnJGUUJRQ
lFGcUaSSpNKk0qTSnJGckZySlFGkkqTTrRStFK0UrRS1FK0TpNO1FLVVrRS1Fa0U
rRStFLVVtZW1VrVVtVW1VbVVrRSs1LVVvVS9lb2VvVW1Va0TpROlE6TTpNSlFKUU
nNOc05zTnROUkpzTpRSlFKUUpRSlFKUUpRSlVJzTpROlFJ0UnRSVFJ0UlNSM04yS
jJOEkYyShFGEUoySjJKEUYRRhFGEUoRRfFF8UXQQa49rj1sNQgk5yDnHKYYphimG
c45zjXONc457znvOc457znvPe89zjnOOe45zTnNNastiiVqIYsl7jYvOjA+UUZSR
nJGckZzRjBCMEJRRlJKc0pzSnNKckpzSnJGMD5RQnJKk0q0TrRStFK0TpNKcUZyS
rNOs1K0UtVW1VbVVvZW9lr2WvZa9lr2WvZa9lrWWtZW1lrWWtVa1Va0UvZW1lbVV
tVWUkpyTpNSlFKUUpVWtVa1VrVWtVa1VrVWtVq1WrVWlVaUVpRWlFZzUnRWMkpST
lJOUk4xShBGMUpSSlJOU05TTlNSM1IyThFKEUoSTa9Br0HxRfFJ8UXxRdBF0EWPP
a49bTjoJOggxxymGKYYxhnOOa01zjnOOc45zjnOOc457jnuOc45zjnOOc01rTWMM
WolayHNKg8yDzowPlFGUUZyRnJGckZyRnJGckYwPjA97THtNg86ckZySnJKc06TT
pNOckqTTpNOc0pzTpNOtFLUVtVW1Vb1VtVW1Fa1UtVS1VbVVtVW1VLVUvVW1VLVV
tVW1VbVVvZW9lb2WtVW1VbVUrRStFK0UrRWtVa1VrRWtFa0UrRWtVa1VrVWtVa1V
rVWtVa1VrRWlFaUVpRWc1ZTUlNSU04RShBGEUYRRjJKMkYySjJKM0oyTjJOEk4ST
hJKEUoRShFJ8UXwRdBBrz2vPY486CTHIMcgxhimGMYZzjmtNa01zjnvPc45rTXOO
e857jnNOc057jnNOaw1izFqKYwuMEIQPg8+ED5SQlJGckZSRnJKckYOOastaSoPQ
hBCUUZySpNKk0pyQlFCUkZSRnJKk06UTrRO1FK0UrRStFKTSnJKckaTSrROk061V
tVW1VbVWtRW1VbVVtVW1VbVUnJKckq0TtVS9lb1VvVW1Va0UpROc0qUTlJKUkZSS
pNSc05zTnNOc06UUpRSlFKUUnNOMUZzTlJKUkpSSlJKU05TTnRSVFJTUlNSM1IzU
hJOEk4SShJJ8UoRSfFF8UYRRhFGEUoRSfFJ0EXQRa9Bjz2OPOgk5xzGHMUYpRilG
c45zjnNNc41zjnOOc01zTXuOe45zTXNNc05zTWsMYstaimsMjBCDz4PPjA+cUJRQ
nJGckZyRlJGMUJRQlJGc0pzSnJGUUJRQlFCDzpSRnNKk06UUrROtE60TnJGcUZxR
pNOc0qTTpROtVLVVtVW1lrWWvZa9lr2WvZa91r2WvZa1VrVVtVWtFbVVvZW1VbVV
rRWc05zTpNSlFKUUpRStVa1VrVWtVa1VrVWtVa1VrVWtVaUUnRSc1JTTlJKMkoRR
hFKEUpSTjFKMkoySjJKMkpSTlNOM04yTjJOMk4RSfFJ8EXQRhFKEUnwRfBF0EWvQ
a5Bjj1NNOkophzGHMYYphnOOc45rTXOOc45zjmtNa01zjnOOc05rTWtNaw1jDGKL
UkprDIwPg8+Dz4QPlFCUkJSQlJGUkZSRlJGUkZRRjFCUUIwQlFCUkZzSnNKk0qTS
nJGkkpyRnJKk05ySpNOtFK0UrVWtVbVVtVW1VbVUtVS1VLVUtVS1VLVVtZW1Va0V
rRStVbVVtVW1lb2VtVS1VLVUrRStFK0UrRStFK0UrRWtFKUUpRSlFKUUpRSlFKUU
rVWtFaUVpRWlFaUVnRSdFJUUlNOU1JSTjJOEUoRShFGMk4yTjJOMlIyTjJOMk4xT
hJOEUoRShFJ8EXxRfBBrz2OPa89jj0qLMccxhjGGKYZzjnNNa01zTnOOc45rTWuN
c01zjmtNa01rTWtMYsxay1JJYsuEEIPOg8+ED5RQlFGUkZSRlJGED4xQlFGMEIxQ
nJGckpzSnNKckZyRlFCUUJxRpNKk0qzTrROtFK0UrRStFa0UpNOlE6UTpNOlE6UT
tVW1VbVVtVW1VbVWrVWlFKTUrRSk06TTrVS1VbVUtVStVK0UnNKUkpySnJKc0qTT
nJKUUpSSlJKc05zTnNOlFJzUnNSc1KUUlJKUkpTTlNOU05TTnRSc1JTUlJSU1IzU
jNSM04yTjJOMk4yTjJOEk4SThJKEUoRSfFJ8UXQRa9Brz2uQY49KzDHHKYcphilF
a01rTWtNc01zTXNOa01rTWuOc45rTWtNa01rDGLLWopSSGKKc0yDznvOhA+UUJRQ
lFGUkZSRjFGUkpSSnJKckpySnFGckZSRlFGcUZySpNKk06TTpNKk0pzSpNGk0qTS
pROtVK0UtVStVbVVtVW1VbVVtVa9lr2WvZa9lrWVtZa1VrVWtRWtFK0UtVS1VLVU
rVStFIwQlJKc05zTpRSlVKUUpRSlFaUVpRWlFaUVpRWlFaUVpNWlFZzUlJOUlJST
jFKMk4xSjJOMUoxSlJKMkozTjJOMk4yTjJOMk4yTjJOEk4SShFKEUoRRfFF8EXPQ
a89jz2OPUw0phzGGKUYpRnNNa01rTGtNa01zjmtNYwxrTWtNYsxjDGtMYwtailpJ
SghrTYQPe857zoQPlFCUUJRRlFGUUZSRlJKUkZSRjA+MUJSRlJGckpzSnNKc0pyR
nJGcUIwPlJCckaTTpNStFK0UrRStFK0UrRStFK1UtVStVLVUtVS1FLUUtRWtFKUU
rVWtVa1VtVW1VrVVtVS1VLVUrRSlFKUTpRSlFKUVpRStVa1VrVWtFaUUpRWlFaUV
pRWlFaUVpRWlFZ0UpRSdFJ0UnNSU1JTUlJSUk4xSjJKEUoRRhBGEUYRRhFKEUoRS
jFKEUoRShFKEUnxRdBF0EGvQY89jj1tOMYgxiDFHKUZzTWtNa01rTWtNc45rTWMM
a01rTWtNa0xrTWLLWopailqKc42Dz4POg86MD5RQlFGUUZRRlFF7z4xQlFGUkYxR
nJKckZySnJKckpyRlBCLz5xRnJKckpyTpNOk06UTpNOlE6TTpROk05xRpNKk060U
rROtFK1UrVWlFKVUpNOk060UpRSk0pySrRS1VbVUtVS1VK0TpNOk05zTnNOc06UT
pNOlFKUUpRSc04xRlJKUkpzTlJKUUpSSlJKUkpSSlJKUkpTTlNOU05TTlNOU04zT
jNOMk4yThJOEkoRSfBF8EXxSfFJ8UYRShFF8UXwRc9Fr0GPQY89bjjHIMYcpRilG
YwxrDWtNa01rTWtNa01rTWtNa01rDGsMYwxay1qKWkpaiXuNg857zXuNjA6UUJRQ
lFCUUZRRjFGUkpSRlJGUUZyRjFCUUJSQlJGckZySnJKckpzTnNKk05zSnJGUUZRR
pNKk060UpRSlFK0UrVS1VbVVtVW1VbVWtZa1lrWWtZa1VrVWrRWlFK0UtVW1VLVU
tRSckqTTnNKc06UTpRSlVKUUpRSlFaUVpRWc1JzUnNSc1JzUnNOUk5zTjJKMkoxS
jFKMUoxSe9BjDYRShBF8EYSSjJKMkoyTjJOMk4yThJOEk3xSfBGEUnxSfFF0EXQR
a89jz2OPW44yCTGHKYYpRmMMYwxrTWtMYwxjDGtMa0xrTWtNYwxjDGLMWopSSVJJ
Ukl7jXvOe817zYwPlFCMUIxQjFCUUZRQlFGUUIwQjBCUEYxRlFKUkpySnJKckpyS
nJKckpRSlJKckpySnJKc06UUrRS1Va1UrVS1VbVVtVW1VrVWtVa1VrWWtZa1lr2W
tZa1VrVWrVW1VbVVrRS1VK1TpRSlFKUUpRSlFKUUpRSlFKUUpRSlFKUUpRSlFKUU
pRSlFJ0UnRSlFJ0UnRSdFJ0UnNOU1IyThFKMk3wRfBGEEoRShFJ8UnxSfFKEUoRS
hFKEUoRShFKEUXwRdBF0EGvQa49jz1uOOkophylGIUZjDGMMYwxrDWMNYwxrTWtN
a01rTWMMYwtay1KKUolSSVJJe817zXvOe46MD5RQjFCUUJRRlFGDz4wQjBCMUJRR
lFGUUZSRlJGckYxQlFCUEJRRnJKckqTTpNOk06TTpNOlFK0UtVStVLVUrVW1VbVV
tVW1lbWVtZa1lrWWtZa1lrWWtZa1VrVWtVW1Va0UrRStFKUTpROc06UTpNOc0pzT
pRSk05zTnNOc05zTnNOlFJzTlJKUkpSSlNOc05TSlNOU05STlNOU05TUjNSM04zT
jJOMk4yThJN8UnxSfBF8UXQRfBF8EYRShFJ8UnwRdBFr0GOQY5BjT0KMKYcpRiFG
YwxjDGMMYw1jDWMMYw1jDGMNawxjDFrLWstSiUpIUkhKSGLKc0x7jXuNjA+MUJRQ
lFCUUJRRlFCUUZRRlFGMUIQPhA+MUIxRlFGUUZRRnJKckpzSpNKk0qTTpNOk06UT
rROtFK0UrVStVbVVtVW1VbVVtVW1VbWVtZW1VrVWtVa1VrVWtVa1VbVWtVWtFK0U
rROc05zTnNOc1KTUpRSk1KUUpRSlFKUUpRSlFKUUpRSlFJzUnNSc1JzUnNSUk5SU
jJOEUYRRjFKMUYySjFKMUoySjJKMkoSShJKEk3xThFOEU4RShFKEUnxSfFF0UXQR
a9Br0GvQY49KzSmIKYchRmLMYwtrTGtMY0xbC2MMY01jTGMMWwtay1rKUolSSFJI
Skh7znvOc41zjYwPjFCMUJRQlFCUUYxQjBCMUHvOc457jowQlFGUUpyRnJGckpyS
nJKckqTTpNOk06TUpNOtE60UrRS1FK0VrRWtFa1VrVWtVK1UrVStVK1UrVWtVa1V
rVWtVa1VtVW1VbVVtRStFK0UpNSk1KUUpRSlFKUUrRStFK0UrRSlFKUUpRSlFKUU
pRSlFKUUpRSlFKUUnRSdFJ0UnROU1JTUjNSM04SShFGEUnxRfBF8EWuPdBB8EHwR
fFF8UnxSfFJ8UnxSdBF0EWvQa89jz1uOSw0phylHIUVjDGLMYwxrDWMMWstjDGMM
YwxjDFrLWspSikpJSghKCEpJg857zXuNe42ED4wQjFCMUYxQjFB7joQPjBCMEIwQ
lFGUUZRRnFGUkZSRlJKc0pzSpNOc0qTSpNOk06TTpNSk06TTpNOckqzTrNOk05yS
nFGk06TTnNOlFK0UrRSk06TTpNOtFKTTrRS1Va0UrRStFKTTpNOk06TTnNOc05SS
lJKc05zTnNOc05zTnNOc05SSnNOU0pSSlNOUk5RSlJOU05TTlNOU05TUlNSU05TT
lNOMk4yThFN0EXwRdBB8UXQQc9Bz0HwRhFJ8UnwRdBFr0GvQa9Bjj1tOMcgpRylF
Wstay2MMYwxjC1rLYwxjDGMMYwxay1KKWopSSUoISghSSXuOe41zjnuNhA6ET4xP
jFCMUYxQjFCMUYxRjFGMUYxRjFGUUpRRnJKckpySnJKckpySpNKckZySnJKUkpyS
nJGc0pySlFGk06UUpRSlFKUUrVStFK0UtRWtVa1VrVWtFK0UrRWlFKTTtRStFK0U
rRSckpRRnNOc05SSlJKUkpzTnNSlFKUUpRSlFJ0UnNOU05zUlNSc1JTTjJKEUYyS
jJOMk4RRhFGMk4yTjJOUk4yTjJOMkoyTjJOMk4SThJOEUoRShFJ8UnxSfFJ8UXRR
dBFr0GvQY49bTjHJKUchRmLMWstjDGMMYwxay2LLYwtjC2MLWspSilJKSklCCEoI
Ukl7jnONc41zjYQOjA+MD4wPjA+MUIxPe86MD4PPhA+UUJRRlFGUUZSRlJGUkZSR
lJGMUIPPe46UUZSSnJKckqTTpROtFK0UrRStFK0UrRStVa1VrVWtVa1VrVatVa1V
rVWtVa1WrVWtVa1VrVStFK0UpNOc050TpROlFKUUpRSlFKUUpRSlFKUUpRSlFKUU
pRSdFKUUpRSk1J0UnRSdFJzUlNSU1IyTjJOU04yTjJOMkoyTjJOEk4SThJOEk4RS
hFKEUoRShFJ8UnxSdFJ0UXQQa9BjkGOPW04yCSmHKUZiy1qLYsxjDGMMWstbC2ML
YwtjC1rLUopSSUoJSghKCFKJe457jXONc42ED4QPhA+MEIwQjBCDz3NNi9CMEIwQ
jFGUUZRRlFGUUYwQjBB7joxRjFGMUZSSnNOc06TTpNOk06TTpNOc0pzTpNOk05yS
pNOtFJzTnNOc06UUpRSMUZzTpROk06UUrRStVK1UrRStE6TTpNOk06TTpNSlFKUU
pRSlFKUUpRSlFKUUpRSlFKUUpRSk1KUUnRSdFJ0UnROdFJzUnNSU1JTUlNSU05TT
jNOMk4yThJOEk4SThJOEU4RShFKEUnxSfFJ8UnRSdBF0EWvQY49j0FuPQkspRylG
YstaymLLYstiy1qKWstay1rLWstailJKUklKCEoISgdKSGLKawxzTXNNg8+MD4wP
jA+MD4wPjA+MEIxQjFCMUIwQlFCMEIPOjA+MD5RQlFCckZyRlJGckpySlFGUUYwR
jBCUUZySlFGUkpSSlJKUkqTUpRSlFKTUrRWlFaUUnNOc06UUnNOk05zTrROtFK0U
rRSk1KTTpNOk06TTpNOk06TTpRSlFKUUpRSlFKUUpRSlFKUUnRSdFJ0UnRSc1JzU
lNSU1JTUlNSU05TTlNOUk4yTjJOMk4yTjJOEkoSThFOEU4RShFKEUnxRfFJ8UXRR
dBFr0GOQY5Bbj0LMKYcphlrKUopay1rLYstailrLWstay1rLUopSSUpISghBx0HH
Wol7jXNMc4xzTIPOhA+ED4wPjBCMEIwQg85zjXuOg857zowQhBCMUZRRlFGUUZxR
lBCUUJSRg897jYwQjA+MEIxQlJKk06UTpROtFK0UrRStFK0UrRWtFa0VrVWtVa1V
rVWtVa1VrVWtVa0VrROtE60TpNOk05zTnNOc05zTnNOc1JzUnNSc1J0UpRSlFKUU
pRSdFJzUnRSc1JzUnNSU05TUlNSU1JSUlJSMk4yTjJOMk4yTjJOMk4SThJOEknxS
fFJ8UnxSfFJ8UnxSdFJ0UnQRc9BjkGPQW49LDSmHKUZSi1KKWotay1rLUopSylrK
WspaylKJUkhSSEoHScdBx1qKe45rTHNNc02Dz4PPg8+ED4wPjE+MD3ONc46Dz4wQ
jFCMUIxQjFCMUIwQjBCED3vOjFCMUIQQjFGckpySnJKc06TTpNOlE6UTpROk05yS
nJKckpzSpNOc06UUpRSlFK0UpNSlFK0UrRStFK0UrRSlE6TTnNOc05zTnNOUkpSS
lJKc05zTnNOc05zTlNOc05SSlNOc05zTlJOUk5zUlNOU04yTlJOMk4yTjJKMk4yT
hJOEk4SShJKEUoRShFKEUoRSfFJ8UnxSfFJ0UXxRfFF8EWvRY5Bj0VuQU04phylG
WspSilrKWstay1KKWstai1qLWopSikpJSghCB0HHQcdaiXuNc0tzS3NMg86DzoQP
hA+ED4wQhA+ED4QPhA+ED4QPe85zjWtMhA+Dz4xQjFCUUJSRlJGckpSSlJKckpyS
nFGc0pySlJGMUJySnJGMUIxQlJKc06TTnJKc06TTrRSlE6UUpRSk1KUUpRStFKUT
pNOk05zTlJKMUYxRjFKMUoxSlJOUk5RSjJKMkpSSlJOUk5STlJOUk5STjFKUk4yT
fBF8EXwSfBF8EXwRfFF0EXxRhFKEUoRShFKEU4RShFJ8UnxSfFJ8UnxSfFJ8UXwR
dBFsEGPQY9Bbz1tOMYgpR1KKUopaylrKWstSilqKWopailqKUolKSUoIScdBh0HH
WopzTWtLa0xzjIPNg86DzoQPjA6ED4QOhA6Dz3uOc017jnNNc46EEIxRjFGMUZRR
lFGUUZRRlBCMEIPOjBCckZRRnNOc05zTlJOk1KTUpNSlFKUUpRStFK0UrRStFK0V
rRWtFa0VrRStFK0UrNOs0qzTnNOc05SSlJKUkpSTnJOc05zTnNOc05zUnNSc1JzU
nNSc1JTUlNSU1JTUjJOU04ySjFKMUoRSfFF0EXQRc9Bz0HPRc9F8EXPPdBB8EIRR
c9Bz0XxRfFJ8UnxSdFJ0UXQRbBBr0GPPY5BbTzIKKYdailJKWopailqKUopSilKK
WopSSlJJSghKCEHHQcZBh2KKc01rC2tLc0yDzYPOg86Dz4PPe897jnvOg857z4PP
hBCMEIwQjBCMUIwPg8+MD4wPjA+MUIxRlJGUkZySnJKc0pzTnNOc06TUpNOk06UU
pRSlFKUUpRSlFKUTpNOk1K0UpRSlFKUUpRSlFKTTpROk05zTnNOc0pzSnNOc05zT
nNOc05zTnNOUkpzTnNOc05zUnJOUk5SSlNOU05TTlNOM04zTjNOM04yTjJKMk4yT
hJKEkoRShFJ8EXwRc9B0EWvQa9B0EXxSfFJ8UnxSfBF0EXQRa9Bjj2PQY09CSimH
UopSSlKKUopailJJUklSilKKSolKSUIIQcg5xzmGQYZSB1pIawtrC3NMe457zoPO
g8+Dz4PPg8+EEIQQhA+ED4QQg897z4QPjFGED4QPjBCMUYxRjFGUkZSRlJKUkpzS
nJKUkZySnJKMEJRRnFKckpySlFGUUaTTnNOc0pSSlJKc05SSnNOck5ySpNOk06TT
nNOc05zTnJKUkoxRhBB7z4QQlJKc1JSSlJKMkpSSlJKMkoRRfBB8EIyShFGMUoRS
jFKEUXwQfBCEEIRRfBGEUYRShFKEUoRShFKEUoRSfFJ8UnRSfFJ8UnxSfBJ8UXQR
dBF0EGvQY49jkFtOQosph1qKUolSilKKWopSSVJJUkpaSlJKUglKCUnHQcc5xjmG
WsprTGMLYwpzTHvNe817zoPOg86DzoPOg857znuPe89zjXONe86ED4xQjFGMUYxR
jFGUUYxQlFGMEIwPjA+UUZRQlJCMUZyShBCUUpyTnNOlFJzTnNOc06UUpRSlFKUU
pRSdFJ0UnNSc06TSpNOk06TSnJOc0pSSjFGMUYxRjFGMkpSTnNSUk5STlJOU1JTU
lNSM04ySjJOMk4yTjJOMk4yThFJ8EXvQdBB0EWvPdBB0EHPQdBB0EHPQhFJz0HPQ
dBB0EHwRfFF8UXxRdFF0EXQRdBFr0WPQY9Bbj0rMKYdKiUqJSolSilKKUklSSVJJ
UklSSUoISghBxznGOYY5hmLKc0xrDGMLa0x7jXvOg86DzoPOcwxrC3uNe817znwP
e8+EEIQQhBCMEIwQg8+Dz4PPawtzTHuOg8+MEIxRlFKUUZySnJKc05zTnNOk06TU
pRStFKUUpRStVK0UrRStFK0UrRSlFKUUpRSlFKTUpNOc05zTlJKUkpSSlJKUkpSS
nNOc05zTnNOc05zUnNSc1JzUnNSc1JSUlNSU1JTUlNSU04zUjNOMk4yThFOEk4RT
fFN8UnxSfFJ0EnRSdBFr0GvQY89rz3RRfFF8EXwRdBF0EXQRa9Br0GPQW49LDSmH
UkpSSVJKUkpSSlJJSklKSUpJSkhCCEoIQcdBhjmGOYZiy3MMYstjC3NMe417jXvN
e897z3OOc458D3vPe897z4PPe857znwOg85zjGMLc42EEHOOhBCUUZRRlFKUkpSS
lJKU0pySnJOc06TTpNOk1K0UpRSlFKUUpRSlFKUUpRSlFKUUpRSlFKUUpRSdE5zT
nNKU0pTSlJKUkpSSlJKU05TTnNOc05zTnNOc05zTlNSc1JzUnNSc05TUlNSU05TT
lNOU05TTlNOUk4ySjJOMk4yThJOEk4STfFJ8UnxSfFJ8UnxSdBJ0EnQRdBF0EXQR
dBF0EWwRY9Fj0FvPU04piFJKUklSSVJJUkpSSUpJSklKSUJJSghBx0HHQYY5hjmG
YsprC2LKYstzTHuNg417znvOe857znvOe85zznvPc01jDGMLc41zjnvPe8+ED4xQ
jFCMUYxRjFGUUZRRlFGcUpSSnJKc05zTnNOc06TTpNOk1KUUpRSlFKUUpRSlFKUU
pRSlFKUUpROlFKUUpRKc0pzSnNKUkpSSlJKUkpSSlJKUkpSTlJOUlJTTlNOU05TT
lROU05TTlNOU05TTlNOU05TTlJOMk4yTjJKMk4yTjJOMk4SShJKEkoSShFJ8UnxS
fFF8UnxSfFJ8UXQRdBF0EXQRdBF0EWvRY9BbkFuPMghSSVIJSklSSVJKUklKSFJJ
SklKCUIIQcdBxzmGMYUxhmLLYwtaymMKc0t7jHuNe417jXvNa0trC3NNawx7jmtN
c41zzoQPhA+ED4wPjBCMEIxRjFCMUIxRlFGUUZRRlJGckZySnJKck5yTnNOk06TT
pNOk1KTUpRSlFKUUpRSlFKUUnNSlFKUUpRSlFKTTnNKckpySlJKUkpSSlJKUkpSS
lJKU0pSTlJOUk5STlNOUk5TTlNOU05TTjNOU1JTTlJOMk4yTjJOMk4RTjJOMk4yT
hJKEUoRShFKEUnxSfFJ8UnxRdFF8UXxRfFF0UXQRdBF0EXQRbBFkEWPRW9BbjzJK
UklSCUoJSklSSUoJSklKCVIJSghCBznHOcY5xjmFOYRKB1JIYspiymsMc41zjXPN
e817zmtMc0xzjnuOe857z4PPg8+ED4QPhA+EEIwQjBCMEIwQjFCUUJRQlFGUUZRR
lJGUkZSSnJOck5zTnNOc05zTpROc06TTpRSlFKUUpRSlFKUUpRSk1KTUpNSk05yT
nJKUkoxRjFGMUYxRjFGMUYxRlJKUkpSSlJKUk5SSlJKUkpSSlJKMkoySjJKMkoyS
hJKMkoySjJKEkoRShFKEUoRShFKEUoRShBKEUnxSfFJ8UnxRfBF8EXwRfBF0EXQR
dBF0EXQRbBFj0GPQW486SkpJSklKSUpJSklKSUIISghCCEIIQchBxzmGOYYxRTmG
YstiylrKWsljS3OMc4x7zHOMe817jXvNe857znvOe857zoPOhA+ED4QPhA+ED4wQ
jBCMEIwQjBCMEIxRjFGUkZSRnJKUkpySnJKck5zTnNOc05zTnNOk06TUpRSlFKUU
pRSlFKUUpRSlFKTUpNOckpySlFKUUZRSg9CEEJSShBCEEIQQhBCEEIQQjFF8D4RQ
hFCEUYRRjJKUkoyRjJKMkoSSjJKEkYySjJKEkoRSfFJ8UXxSfFJ8UnRSfFJ8EXQR
dBF0EXQRdBF0EXQRdBF0EXQRdBFsEWwQZBBj0FuPQstKSVJJSghKCUpJSglCCEoI
QghCB0HHOcc5hjmFMYU5hWLKYspayVrJa0tzjHOMc41zjXOOc45zjnOOe857znvO
e857zoQPhA+ED4wPhA+MD4vQjBCMEIwQjBCMUIxQlFGUUZSRlJGckpSSnJKck5zT
pNOk06TTpNOk1KTUpNSk1KUUpRSlFKUUpRSlFKTTnJKckpRRjBCUUYQQhBCMUYRR
hFGEUYSRjFGEUYySjJKEUoSSjJKEUYRSlJOMk4STjNOMk4yShJKEUoRShFF8EXPQ
c89z0GvPa9B0EHQRfBF8UXxSdFJ0UnQRdBF0EXQRdBF0EHQRbBFsEWPRY9FbkEsN
SklKCUoISghKCUIIQghCCEIIQcdBx0HGOYY5hTFEOYZiymLKYolaiWsLc0xzjXON
c41zjXuNe417jnvOe857znwOe857z3vPg8+ED4QPjBCEEIRQhBCMEIwQjBCMUJSR
lFGUkZSRnJGckpySnJOc05zTnNOc05zTnNOc06UUpRSlFKUUnNOc05zTpNOc0pSR
lJGUkYyRjFGMUYxRlJGUkpSSlJKUk5STlJOUk5TTlNOU05TTlNSU05TTlNOU05TS
lJOMk4yTjJOEk4yThJOEkoRShFJ8UnxSfFJ8UXQRfFJ8UnRSfFJ8UXxRdBF0EXQR
dBFsEXQRbBBr0GPQW49bTkIISghCCEoISghJyEHHQcdBx0HHQYc5hjGGOUUxRTmF
YwpaylrJWslrS3NMc0xzTHOMc4xzjHuNe417jnuOe857zoPPe897z3vPg8+ED4QP
hA+ED4wQjBCMEIwQlFCMUZRRlFKUUpSSlJKU0pzSnNOc05zTpNOc06TTnNOc05zT
nNOc05zTnNOc05zTnNKUkZSRlJGMUYxRjFGMUZSSlJKUkpSSlNOUk5STlJOUk5TT
lNOU05TTjNOU05TTlNOUk5STlJOMk4yTjJOMU4yTjJOMk4SShFKEUoRShFKEUnxS
fFJ0UnxSfFF8EXQRdBF0EXPRdBF0EWwQY9Bjz1vQW49KB0IHQchByEIIQcg5xznH
Occ5xzmGOYY5RTlEOQQ5hWLKWspSiVqIa0pzS3NLc0tzjHOMc4xzjXONe417jnuO
e897z3vPe897z4PPg8+ED4QPhA+ED4wPjBCMEJRRlFGUUZRRlFGUkZySlJKckpSS
nJOc05zTnNOc05zTnNOc05zTnNOc05zTnNOc05TSlJGUkZSRjFGMUYxRjFGMUYxS
lJKUkpSTlJKUkpSSlJKUk5TTlNOU05TTlNOM04zTjJOMk4yTjJOMk4yTjJOMk4yT
hJOEk4RShFKEUoRSfBJ8UnxSfFJ0UXRRdBF0EXQRdBF0EWwQbBBkEGPQY9Bj0FuP
QchBxkHGQcdBxkHHOYc5hjmGOYY5RjlFOUUxRDFEMURBx0pIWolayWtLa0trS3NL
c4xzjHOMc41zjXONc457jnvOe857zoPPg8+Dz4PPg8+ED4QQhBCEEIQQjBCMUIxQ
jFCUUZRRlFKUkpSSlJKUkpySnJOc06TTnNOc05zTnNOc05zTnNKc05zTnNOc05RS
lFKUUYxRjFGMUYxRjFGMUYxRjJKUk5SSlJKUk5STlJOUk5STlJOUk5STlJOMk4yT
jJOMk4STjJOMkoySjJKMkoSShFKEUoRShFJ8UnxSfBJ0UnxSdFF0UXQQdBBsEGwR
bBFsEWwRa9Fj0WOQa9FjkEHHQYc5hzmHOcc5xzmGOYY5hjmGOUY5RjFGMUUpBTmG
WspaiVKJWolrC2tLa0xzTXOMc417jXOMc81zjXuNc417jXvOe857z3vPg8+Dz4PP
hA+EEIQPhA+ED4wQjBCMEIxRjFGMUZRRlJGUkpSSlNKU0pzSnJOc05zTnNOc05TT
nNOc05zTnNOc05zTlJKMkYxRjFGEEYxRjFGMUYxRjFGMUYxRjJKMkoySlJKUkpSS
lJKUkpSSlJKUk4yTjJOMk4yTjJOMk4yTjJOMk4yShJKEkoRShFKEUoRShFJ8UnwS
dFJ0UXRRdBF0EXQQdBFz0XQRdBBsEGvRa9Bj0GPQY5A5hjmGOYY5hjmHOYc5hjmG
OYYxhTGFKUUpRSkEKQQ5x1rKWolSiVqJawtrC2tLa0xrTGtMc41zjHPMc41zjXOO
c417jnvOe857znvOe86DzoPPhA+ED4QPhA+EEIQQjBCMUZRRjFGUUZRRlJKUkpSS
lJKUkpzTnNOc05zTnNOc05zTnNOc05yTlJOUk5SRjFGMUIRQhFCEEIxQjFGMUYxR
jFGMUYxSjJKMkoySjJKMkoySjJKUkoySjJKMkoySjJKMkoySjFKMkoSShJKEkoRS
fFKEUoRShFJ8UnxSfFJ8UXxRfFF8EXQRdBF0EXQRdBB0EGwPZBBr0GPRY9Bj0FvQ
OYU5hTmGOYZBxzmGMYYxRjGGMYUxRTFEMUQxRCkEQcdaylKKUolaiWsLa0trS2tM
a0xzTHNMc0x7jHONc41zjXONc457jnvOe86DznvOe857zoPPg8+ED4wQhBCMEIQQ
jFCMUIxRjFGMUZSSlJKUkpSSlJKUkpSSlJKc05zTnNOc05zTnNOUk5SSlJKMkYxQ
jFCMUIQQhBCEEIQQhBCMUYxRjFKMUoxSjFKMk4ySjJKMkoySjNKMkoySjJKMkoyS
jJKMkoyShJKEkoSShFKEUoRRhFKEUoRSfFJ8UnxSfFJ8UXwRfBF0EXQRc9B0EHQQ
bBBsEGPQa9Bj0GPQY9Bj0DFFMUUxRTFFMYUxhTGFMUUxRSlFMUQxRDFEKQQpBEHH
UotSSVKJWolrC2sLawxrS2tMa0xrTGtNc01zjXONc41zjXuNe457jnuNe857z3vO
g86Dz4PPg8+EEIQQhBCEEIwRjFGUUYyRlFGUUpSSlJKUkpSSlJKUkpSSlJOUk5ST
lJOUk5STlJKUkpSRlFGMUIQQhBB8EIQQhBCEEIQQhFCEUYxRjFGMUZRRjFKMkoyS
jJKMkoySjJKMkoySjJKMkoyShJKEkoSShJKEkoRSfFJ8UnxSfFJ8UnxSfBJ8UnxS
fFJ0UnQRdBFsEWwRdBF0EWwRbBBj0GPQY9Bb0FvQW9AxBCkEKUQpBCkEKQQpBCkD
IQMpAyDCKMIowiCBIMI5xlKJUkhSSFKJawtrC2tLa0trS2tLa0xrTGtMc4xzjXON
c41zjnOOc457jnuOe46DznvOfA57z4PPhBCED4QQhBCEEIwRjFCMUYxRjFGMUZSS
lJKUkpSSlJKUkpSSlJKUkpSSlJKUkoySlJGUkYxRhA+ED3wPfA+ED3wPhA+EEIQQ
jBCMUYxRjJGMUYxRjFGMkoySjJKMkoyTjJKMk4SThJOMkoyShJKEkoRShFKEUoRS
hFKEUoRSfFJ8UnxSfFF8UXRRdBF0EXQRdBF0EWwRbBBsEGwQY89j0GPQY5Bjj2PP
IIIggiCCIIIggiCCIIIogiCCIIEggSCBIIEYgRiBMURBxkpISklaiWMKYwpjCmML
YwtrS2tMa0xrTGuMa41rjHONc41zjXONc41zjXuOe857znvPe857z3vPhA+EEIQQ
hBCEEIxQjFCMUIxRjFGMUZSSlJKUkpSSlJKUkpSSlJKMUpSSlJKUkpSRjFGEEHvO
e817znvPe897z3vPhBCEEIQQjBCMUIxRjFGMUYxSjFKMUoySjJKMkoySjFKMkoxS
jFKEUoRShFJ8UoRShFKEUoRShFJ8UnxSfFF0UXRRdFF0EXQRbBF0EXQRdBFr0GwQ
a9Br0GPQY9Bj0GPQW49bjxiBGIEggSCBIIEggSCBGIEYgiCCIIEYgRiBGIEYgTnG
UolKSEpIUohiymMKYwprSmNLa0xrTGtMa0xrTGtMa0xrjHONc41zjXONc45zjnuO
e897z3vPe897z4PPg8+ED4QQhBCEEIwQjFCMUYxRjFGMUZSSlJKUkpSSlJKUkpSS
lJKUkpSSlFGMUYQQhBBzjHOMc8xzzXvNe897z4QPhBCMEIRQhFCMUYxRjFGMUYxR
hJGEkoSShJKEkoSShFKEUoRShFKEUoRShFKEUnxSfFJ8UnxRfFF8EXxRfFF8UHwR
dBF0EXQRa9FsEWwRbBBr0GvQa9Bjz2PQY5Bj0FuPQooggSCBIIEggSCBIIEggSCB
IIEggSCBGIEYgRiBGIFCB1KJSkhKSFqIYwpjCmMKYwtjS2MLYwtrS2tLc0xzTHNM
c0xzTHOMc41zjXONc85zznPOe857znvPe897z3vPhA+EEIQQhBCEEIxRjFGMUYxR
jFGMUZSSlJKUkZSRjFCED3uNc0xrS2LKWohSR0GFKMIowjDDMQMxAzEDMQMxAzFE
MUMxQzFEMUMxRDGEMUQ5hTnFOYU5xjnFQcZBxkHGScZCB0oHSkhSiVqJWspbC2ML
YwtrTGuNc85zznQPdBB8UHxQdFB0UGwQa9Br0GvQa9Br0GvPa89jj2PPY89CSRiD
GEEYgRiBIIEggSCBIIEggSDBIIEggSCBIEEYgRiBQcdSSUpISkhSiVrJWsliymMK
YwpjCmsKa0trS2tLa0xrTHNMa0xrTGuNc41zjXONc417jnuOe857znvOe897z4QP
hBCEEIxQhA+EDnuNcwtqyWKIUgdJhTkDKMEogSCAIEAgQBhBGEEQQRBAGEAYQRhB
GEAQQBBAEEEIQRBBEEEQQRBAEEAQQBBAEEAIQBBBEEEQQRBBEEEIQQhBCAEIQQhB
CEEIQQhBCAEIAQhBCAEIARABEAEIAQgBCAEQQRBBGEEYgiDDIQQpRTHGOcY6B0JI
SklKilLLUwtbDEIIGIMYghiBGIIggiCCIIEggSCBIIEggSCBIIEggSCBIIEgglII
UklKCEpIUolayVrJYsljCWMKYwpjC2MLY0tjS2tMa0xrTGtMa0xzTHNMc41zjXON
e457znvOc85zjWtLYwlaiEnFQUMxAiiBIEEgQRhBGEEQQRBBEEEQARBBEAEQARBA
EEAQQBBAEEAQQBBAGIAYwRiAGIAYQBhBGEEQQRBBEEAQQBBACEAIQAhACEEIAQgB
CAEIAQgBCAEIAQgBCAEIAQgBCAEIAQgBCAEIAQgBCAEIAQgBCAEIAQgBCAEAAQgB
CAEIAQgBAAEIAQgBCAEIAQgBEEEQQRCBGIIYwhiCGIIYQhiCIIEggSCBIIEggSCB
IIEggRiBGIEYgRiBGMJKCEoISghKCFKJWolayVrJYsljCmMKYwpjCmNKa0trS2tL
a0xrTGtMa0xrTGtLawtiyVpIScU5QzEDIIIYQRgBEEAQQBBAEAAQARABEAEQARAB
EAEQARABEAEQARABEAEQARABEAEQARgAGAAYQCCBKMIogSCBIIEYgRhBGEEYQBgA
EEAQQBBAEEAQQBAAEAEQARABEAEQAQgBCAEIAQgBCAEIAQgBCAEIAQgBCAEIAQgB
CAEIAQgBCAEIAQgBCAEIAQgBCAEIAQhBEEEQQRhBGIEYghiCGIIYghjCGMIYghiC
IIEggSCBIIEggSCBIIEYgRjBGIEYgRiBGIEYgRiBOYRBxkpHSkdSiFrJWwlayVrJ
WspiymMKawpjCmNKY0prSmLJWolSR0HFMUQowxiBGEEQARBBCAEQARABEAEQARAB
EAEQARABEAEQARABEAEQARABEAEQARABEAEQARABEAEQABAAEAAYQBhAIIAwwTEC
MQIwwijBKIEggCCAGEAYQBhAEEAYQBBAEEAQQBBAEEAQQBBACAAQABBAEEAQQBBA
EEAIQBAAEAAQAAgBCAEIAQgBCAEIARBBEEEQQRBBEIEQQRhBGEEYgRiCGIIYgiDC
IMIgwhjCGMIYghiCGIIQgiCBIIEggSCBGIEYgRiBGIEggSBBIIEggSCBIIEgwkpI
SkhKB0pIUolayVrJWshiyWLJWslayVKISkdJxjmEKQIgwhiBGEEQQRABEAEQARAB
EAEIAQgBCAEIAQgBCAEIAQgBCAEIAQgBCAEIARABEAEQARABEAEQARAAEEAQQBBA
EEAYQBhAGIAggCjBMMI5AzEDMQIwwijCIMEggSCBIIEgQSCBGEEYQRhAGEAYABhA
GEEYQRhAGEAQQBBAEEAQQBBBEEEQQBBBEEEQQBiBGEAYQBhBGEEgQRiBGIEYgRiB
GIEYgRiCIIIggiDCIMIgwiDCGMIYghiCGIIYQhiCGIEggSCBIIIggiCCIMIggRiB
IIEYgRiBGIEYgRiBIMJKB0IHQgZCB1JIUkhKB0HGOYUxRCkDIMMgghhBEEAQARAB
EAEQAQgBCAEIAQgBCAEIAQgBCAEIAQgBCAEIAQgBCAEIAQgBEAEQARABEAEQARAB
EAEQABAAEAAQQBBAEEAQQBBAGEAYQCCAKIEowTECMQI5AjECMMIwwjDCKMIowSjB
KMEowSCBIIEYQRiBIIEggCCAGIAYgBhAGEAYgRiBGIEYgRiBGIEYgRiBGIEYgBiB
IMEggSCBIIEgghiBGIEggiCCIMIYwiDCIMIYwRjCGIIYwhjCGIIYghiCGEIYgRiB
IIEggSCBIIEggiCCIIIggiCBIIIggiCCIIIggSDBOUQxRDmGOUUowyjCIIIYghhB
EEEQQRABEEEQARABEAEIAQgBCAEIAQgBCAEIAQgBCAEIAQgBCAEIAQgBCAEIAQgB
EAEQARABEAEQARABEAEQARABEEAQQBBAEEAYQBhAIEAgQCBAIIEowSjBKMEwwjEC
MQIxAjECKMIxAijCKMIowijBKIEowSjBKMEggSCBIIEggiCCIIEggSCBKMEggSCB
IIEggSCBIIEggiCBIIEgwSDBIMEgwSDCIMIgwiDCIMIgwhjBIMIgwiDCIMIYwhjC
GMIYwhiCGIIYgRhBGIEYQCCCIIEggSCBIIEggSCBIIEggSCBIIIggiCBIIEYgRiB
GIEYgRBBEAEIQRBBEEEQQRBBEEEQQRABEAEQAQgBCAEIAQgBCAEIAQgBCAEIAQgB
CAEIAQgBEAEQARABEAEQARABEAEQARABEAEQARBBEEAQQBhAGEAYQBhBGEAYQBhA
GEAggSDBKMIpAjDCMQI5AzECMUIxAzECMQMxAjECMQIowijCKMEowijCIMIowijC
KMIowiDBIMIgwiDCIMIgwSDBIMEgwSDBIMEgwhjCIMIgwiDCIMIgwhjCIMMgwyDD
IMMgwyDCIMIgwiCCIMIYwhjCGMIYghiCGIEYgRiAGIEggSCBIIEggSCBIIEYgRiB
GIEYghiBGIEYgRiBGIEYgRiBGEEQQRBBEEEQQRBBEAEQQRABEAEQAQgAEAAQQBBB
EEEQQRBBEEEQQRABEAEQARABEAEQARABEAEQABAAEAAQQBBAEEAQQBBAEEAQQBhA
GEAYQBhAGIAYQBhAIIAggCCAKMEowSjCMQIxAjkCMUIxAjFCMUMxAzEDMQIxAjEC
MQIowijCKMIgwijCKMIowijCKMIowijCIMIgwiDCIMIgwiDBIMEgwSECIMIgwiDC
IMIgwiDCIMIgwiDCIMIgwijCIMIgwiDCIMIYwhjCGMEYghiCGIIYgRhBEIEQQRBB
IIEggSiBIIIggiCCIIIggSCBIIEggSCBIIEggSCBIIEYQRhBEEAQABBBEEEQABAA
EEAQQRBBEEAQARBAEEAQQBBAEEAQQBBAEEAQQBBAEEAQQBhAGEAYQBhAEEAQQBBA
EEAQQBhAGEAYQBhAGEAYQBiAIEAgQCCAIIAogCiAKIEowTDCMMIwwjECMQI5AjEC
MQIxAjECMQIwwjDCMMIxAikCKQIpAikCKQIowijCKMIowijCKMIowiDCIMIgwyjD
KMMgwiDCIMIgwiDCIMIgwiDCIMIgwiDCIMIggiDCIMIgwiCCIMIgwhjBGMIYwhjC
GIIYghiCGIEYgRCBEEEQQSCBIMEggSCBIIEggSCBIIEggSCBIIEggSCBIIEggSCB
IIEYgRhBGEEQQBBAEEAYQBhAGEAYQBhAGEAYQBhAGEAYQBhAGEAYQBhAGEAYQBhA
GEAYQBhAGEAYQBhAGEAYQBhAGEAYQBhAGEAYQBhAIEAggCCBIIEggSCBKMEowijB
KMEowSjCKMIpAjECMQMxAzECMQIxAikCKQMpAykDKQIpAikCKQIpAijCKMIowijC
KMIpAijCKMIpAikCKQIpAikCKMIgwiDCIMIgwiDCIMIgwiDCIMIgwiDCIMIgwiDD
IMIgwiDCGMIYwhjCGIIYghiCGIIQghiCGIIYgRCBEEEggSCCIIIggSCCIIEggSCB
IIEggSCBIIEggSCBIIEggRiBGIAYQRhAGEEYQBhAGEAYQCBAGEAYQBhAGEAYQBhA
GEAYQBhAGEAYQBhAGEAYQBhAGEAYQBhAGEAYQBhAGEAYQBhAGIAggBiAGIAggCCA
IIAogSCBIIEggSDBKMEowSjBKMIowijCKMIxAjECMQMxAzECMQMxAzECMQMpAykC
KQMpAikCKQIpAikCKQIpAikCIMIgwijDKMMowyDCIMIowijCIMIgwiDCIMMgwyDC
IMIgwiDCIMIgwiDCIMIYwhjCGMIYwhjCGIIYghiCGIIYghiCGEIYgRiBGIEQQRBB
IIIggSCCIIEggSCBIMEggSCBIIEggSCBIIEggSCBIIEggSCBGEEYgRiBGIEYgRiB
GIEYQBiAGIAYgBiAGIAYgBiAGIAYgBiBGIEYQRhBGEAYQBhAGEAgQCBAIEAgQCCA
IIEggSCBGIEYgRiBIIEggCCBIIEggSCBKIIowijCKMIowijCKMIowjEDMQMxAzED
KMIxAjECMUIxAjEDMQIxAikCKQIpAikCKQIowikCKQIpAikCKQIpAikCKQIowiDC
IMIgwyDCIMIgwiDCIMIhAiDCIMIgwhjCGMIYwhjCGMIYwhjCGIIYwhiCGIIYghiC
GEIYgRiBGIEYgRiBGIEQQSBCIIEggiCBIIEggSCBIIEYgRiBIIEggSCBIIEggSDB
IIEggSCBIIEggRiBGIEYgRiBGIEggSCAIIAgQSCBIIEggRhAGEEYQRhBGEEggSCA
IIEggSCBIIEggSCBIIEggSCAIIEggSCBIIEggSCBKIEogSiBKMEowSjBKMEowijC
KMIwwjDCMQIxAjECMQIxAjECMQIxQjECMQIxAikCKQIpAikDKQMpAykDKQMpAyjC
KMIowijCKMIowykCIMIgwiDCIMIgwiDCIMIgwiDCIMIgwiDCIMIgwiDCIMIgwSDB
IMEYwhjCGMIYwhiCGIIYgRiBGIEYgRiBGIEYgRCBEEEggSCBIIEggSCBIIEggSCB
IIEggSCBGIEYgSCBIIEggSCBIIEgwRiBGIEYgRiBGIEYgRiBGIEYgRiBGIEggSCB
IIEggCCAIIAggCCAIIAggSCAIIEggSCBIIEggSCBIIEggSCBIIEggSCBIIIggSDB
IMEgwSjBKMEowjECKMIowijCMQIxAjECMQIxAzEDMQMxAzECKQIpAikCKQIpAijC
KQMpAikCKQIhAikCKMIowijCKMIgwiDCIMIowiDCKMIgwiDCIMIgwiDCIMIggiDC
IMIgwhjCGMIYwhjCGMEYwRjBGMEYwRiCGIIYghiCEIEQgRCBEIEQgRBBEEEQQRBB
IIEggSCBIIEggSCAGIEYgRiBGIEYgRiBIIEggSCBIIEggSCBIIEggSCBIIEggSCB
IIEggSCBIIEggiCBIIEggSCBIIEggSCBIIEggSBBIIEggSCBIIEggCCBIIEYgSCB
IIEggSCBIMEowSjCKMEowSjBKMIowijCKQIpAikCMQIxAjECMQMxAjECMQIxAzED
MQMxAykDKQIpAikCKQIpAijCKQMpAykDKQMpAykDKMIowijCKMIowiDCIMIgwiDC
IMIgwiDCIMIgwiDCIMIgwiDCIMIgwhjCGMEYwhjCGMIYwhjCGMIYgRiCEIIYghiB
GIEQgRCBEIEQgRCBEEEQQSCBIIEggSCBIIEYgSCBIIIggiCBIIEggSCBIIEggSCB
IIEggSCBIIEggSCBIIEggiCCIIEggSCBIIEggSCBIIEggSCBIIEggiCCIIEogSCB
IIEggSCBIIEggSCBIIEggCDBIMEgwSDBIMEowSjBKMIowijCKMIowijCKMIowijC
KMIowikCKQMpAjECMQMxAzEDKQMpAykDKQMpAykCKQIpAikCKQIowijCKMIowijC
KMIgwiDCIMIgwiDCIMIgwiDDIMIgwiDCIMIgwiDCIMIYwhjCGMIYwhjCGMIYwhiC
GIIYghiCGIIYghiCGIIYghiCGIEYgRiBEIEQQRBBEEE=
END m9
frame    40 :  a closed book +0.18  an opened book +0.00   led   4/181 h0.14 lvl+0.09   -
frame    41 :  an opened book +0.22  a closed book +0.10   led   6/167 h0.18 lvl+0.16   -

snapshot  : frame 42, mean RGB 128 125 126
BEGIN m9 128 128 32768 99da4e57
awtaykIHQcdiymLKWspKSGMLc01rTWtNa0x7z4QRhBB7z3vPjFGUkoxRhBCMUZSS
nJKU05SSjJKMUZzTpRSdFJTTnNOlFKUUpRSc06TTrRSlFJzTnNOtVa1VrVWlFK1V
rVWtVaUUpRStVa1VrVWtVaUVpRStVa1WrVatVaVVpVatlq1WpRWlFa1WrVatVqUV
pRWlVa1WpRWlFa1VrZatVaUUrVWtVa1WpVWlFZ0VpVWlFZ0VnRWdFZ0VnRWlVp1V
lRSU1JUUnRSU1JTTlNOU1IzTjNOMk4zTjNOMkoRShJKMkoRRhFF8EYSShFKEUXwQ
dBB0EHQQdBBzz2NOa45rzmMLWspCB0HGYspjC2LLSkljC3ONc01rTGMMe8+EEIQQ
e897z4xRlJKMUYQQjFGUkpzTnNOUkoxRjFGUkp0UnRSU050TpRSlFaUUnNOdFKUV
pRSc05zTpRStVa1VpRSlFa1WrValFaUVrVWtVq1WrValVaUVrVatlq2WpVWlVaVV
rZatVqUVpRWtVrVWrValFaUVrVatVqVVpRWtVq1WpRadFaVWpValVqVWpRWdFZ0V
nRWdFZ0VnRWdFZ0VnRWdFZUUlRSVFJ0UlNSU05TTnRSU04yTjJOU05TTjJKEUYRS
jJOEUnxRfBF8UoRRfFFz0HQQdBF0EHQQc89bTWOOY45rClrKSgdBx2LKawtiykpI
WwtzTWtNa01jDHvOjFCMUHvPe8+MUZSSjFGEEIRRlJKUkpyTlJKUkoxRlJKlFJ0U
nNOdFKUUrRSlFJzTnNOlFKUUnNOc061VrVWlFaUUpRStVa1VpRSlFK1VrVWtVq1W
pRWlFa1WrVatVq1VpRWtVa1WrValFZRSjFGlFK1VpRWlFa1WrValFaUVrVatVqVV
nRSlVqVWpValVqVVnRWlVZ0VnRWdFZ0VnRWdFZ1VnVWdFZUUlRSdFZUUjNSU1JUU
jNOM04ySjJOMk4SShFGEUoSShFF8UXwRhFGEUXxRc89zz3PQdBBz0GvPW01jTmOO
awpiykoHQcZiyWsLYspSSWLLc01zTXNMawx7joxQjBCDz3vPjFGUkoxRhBCMUZSS
lJKUkpSSlJKMUZSSpRSlFJzTnNSlFKUUpRSc06UUrVWlFJzTnNOlFK1VrVWlFKUU
rVWtVaUUpRStVa1WrVatVq0VpRStVa1WtVatFaUVrVatVq1We9BKCFJJWsulFKUV
pRWlVq1WpVWlFK1VrValVaUUpVWlVa1WrValFaUVpValFaUVpRSlFaUVpRWlFaUV
nRWc1ZzUnRSVFIzTlNOVFIzTjJOMk4zTjJOEkoRShFKEU4RSfBF8EHxRfFF8UHPP
c890D3PPc89rjlsMY0xjTWMLWspKCEHHYopjC2LKUkhjCnNNc01rTWMMc46EEIxQ
e897z4xRlJGMUYQQjFGUkpSSlJKUkpSSjFGU0p0UnRSc050TpRSlFKUUnNOc06UU
pVSc05zTpVWtVa1VpRSlFK1VtVWlFKUUrVWtlq1WrVWtFaUUrVWtVq1WrVatFa1V
rVWtFVqKUkhzTFJIe46lFaUVrVWtVqVVpRStVa1WpVWlFK1VrVWtVq1VpRWdFKVV
pVWdFJ0UnRWdFZ0VpRWlFZ0VlRSU1J0UnNOU05TTnNSU1IyThJOMk4yTjJKEUYRR
hFKEUXwQfBCEUXxRfFBzz3PPc89zz3PPa45bC2NMY0xjC1rKSgdBxmKKastiy1JJ
YstzTXNNc01jDHOOhBCEUIQPe8+MUpSSjFKEEIxRlJKUkpzTlJKUkoxRlNKdFKUU
nNOdFKUUpRSlFJzTpRStVa1VpNSk1K1VrVatVaUUpRStVbVVpRSlFK1VtZWtVq1W
rRWlFK1WrVatVq1VpVStVaUUlJJKCFIIUkdSR1qInROlFK1VrValVaUVrVatVa0V
pRStVa1VrVatVqUVnRWlFaVVnRWdFaUVpRWlFaUVpRWdFZzUnRSdFJzTlNOU05TU
lNOMk4ySlNOMk4ySfFGEUYxShFJ8EXQQhFF8UXxRa89rj2vPc89rj2uOUwxbDGNN
YstiykoHQcZaiWMKYstSSVrKa41rTWtNawx7jowQjFGEEHvPlJKUkpSShBCMUZSS
lJKc05SSlJKMUZSSpRSlFJzTnRSlFK0UpRSc05zTrVWtVZzUnNStVa1VrVWlVKUU
rVWtVaUVpRStVa2VrVWtVa0VpRStVa1WrVatVqUVpRWc03vQSgdSB1JHUkdSR4wO
pRStVa1WpVWlFa1WrValVqUVpVWtVq1WrValVqUVpVWlVaUVpRSlFaUUpRWlFaUV
nRWVFJUUnRSVFJTTlNOU05TTjJKMkozSjJKEknxRhFGEkoRSfBF70IRRhFB8EGvP
a85zzmvOa85rjlLLWwtjDGLKYspKSDnGWspjC2MKSkhaynNMa0xzTWtMc46MEIwQ
g897z5SSlJKUkoQQjFGUkpSTnNKUkpSSjFGUkqUUpRSc06UUpRSlFKUUnNOlFK1V
rVWlFKUUrVWtVa1VpRSlFK1VrVWlFaUUrVW1VrVWrVatVaUVrVWtla1WrValFaUV
lJJrTEpHUkhKR1JHUkdiyaTTrVW1VqUVpRStVa2WpVadFKVVrZWtlq1WrVWlFKVV
pVWlFKUVpRWlFaVVpVWlVZ0UlRSVFJ0UlRSU05TTlNSU04yTjFKMkoyTjJJ8UYRR
jJKEUnwRdBB8UXxRfBBrz2uOc89rzmuOY45Sy1sMWwxaiWLKUkdJxlqKYwtjC1KJ
YspzTXNOa01rDXOOjBCMUYQQe8+MUZSSjFGEEIxRlJKc05zTlJKUkpSSlJKlFKUU
nNOc06UUpRSlFKUUpRStVa1VpRSk1K1VrVWtVaUUpRStVa1VpRSlFK1VrZWtla1V
pRSUkpRQlJGk0q0UpRSdFIQQUolSSFJIUkhSSFJIUkh7TKUTrVSlEoQOc0tjCWsK
e42c0q1VrVatVq1VpRWlVaVVpRWlFaUVpRWlFaVVpRWdFZ0UnRSdFZTUlNOU0pTT
jNOMk4SSjJOMk4yShFF8UYSRhFF8EHvQhFF8UHwQa89rjmuOa45rjmNNUstbDFsM
SkhSSUpIQcdSiWMLawpSiFrJc4xzjHNNa01zjoRRjFGEEHvPlJKUkpSShBCMUZSS
nNOc05zTlJKMUZSSpRSlFJzTnNOlFK1VpRSlFKUUrVWtVaUUpRStVa1VrVWlFKUU
rVWtVqVVpRStVa1VrVWUkmrKWkdSRlIGUgZiyXuMe4xqyWsLc0xrC1qJWklSSFKI
YohiyXNKYolSR1JHUkdKR1JHUkaDzK1VrVWtVaUUrValVaUVpRSlFaUVpVWlVaVV
nRWdFJ0UnRSVE5TTlNOU05TTjJOMUoySjJKEknxRhFGEkoRRfBB8D3xRfFF0EWuO
a45rjmuOa45jTVLKUwtbC0oHUklSSEHGUklrDGsLUolaynNNc01zTWtNe46MUIxR
hBB7z4yRlJKUkoQQjFGUkpzTnNOc05SSjFGUkqUUpRSc05zTpRSlFKUUpRSlFK1V
rVWlFKUUrVWtVq1VpVWlFK1VrVWtVaUUrVWtVYxRWohaSFpIYolaylqJWsp7jpzS
tZW9173Xtdd7z2MMhBClFKVVrValFZTTe9BjDGtNa0xaiVIHSgZ7jaVVpVWlVa1V
pVWlFaUVpRWlFa1VpVWlVZ0UnRSdFJ0UnRSU05TTlNSU04yTjJKMkoyShJJ8UYRR
hFGEUXwQe8+EUXwRfBFzj2uOa45rjmuOY01SylLLUwtSSFqJUkhBxlpJastrC1qJ
UslzTXtNc01rTHOOjBCMUIQQe8+MkpSSlJKEEIxRlJKc05zTnNOUkoxRlJKlE6UU
nNOc1KUUpRWlFKUUpRStVa1VpRSlFK1VrVWtVaUUpRStVa1VrVWlFK1VpRRaSVJI
UohrTIQQlJKU0q1Vvde91r3Xvde9173XnNOtVb3Xvde9173Xvde917XXtdelVZSS
c89jC0pISkeU0aVVpVWtVa1VpVWlVaUVpRWtVaVVpVWdFZ0UnRSlFZzUlNOMkpTT
jNKM0oSRjJKMk4yShFGEUYxShFF8EHQPfFF8UXQQa85rjmuOa45rjmONUstSy1MM
UghaiVpIScZSSGsLawtSiVLJc4xzjXONa0xzTYxQjFCEEHvPjFGUkpSShBCMUZSS
nNOc05zTlJKMUZSSpRSlFJzTpRSlFK1VpRSlFKUUrVWtVaUUpRStVbWWrVWtVaUU
rVWtVa1VpRSlFIxQWohaSHNMjFCc0q2Wtda1lr3Wvde9173Xvde9173Xvde9173X
vde9173Xvde9173Xvde1l5zTjFJiy0oJe4+tVaVVrVWtVaVUpRWlVaVVpVWlVaVV
nRWdFZ0UnRSVFJTTjNOU1JTTlNOMkpSTjJOMk4RRhFGEUXxRfBB70IRRfBB0EGvP
a45jjmOPY45bjUqKUstazFIIWkhSSUHHSklrDGsMUopSiXNMc4xrjGtMc42MUIxR
jBB7z5SRlJKUkoQQjFGUkpzTnNOc05SSjFGUkpzTpRSc05zTpRSlFKUUpRSlFK1V
rVWlFKUUrVW1lq1VrVWlFK1VrVWlFKUUpRR7z1KKUsqdE62VtZa1lrWWtZa91r3X
vde9174Xvde9173XtZe9173Xvde9173Xvde9173Xvde117WWhBBCSWtNrRWlFa1W
rValVaUVpVWlFaVVpVWlVZ0UnRSdFJ0UlNOU1IzTlRSU04yThJKMk4yTjJJ8UXxR
hFF8UXwRdBB8UXwRdBFrz2OOY45jjmNNY01KilLLUwtSCFpJWklBx1JIawtrC1qJ
UopzTXONc41rTWtNjBCMUYQQe8+UkZSSlJKEEIxRlJKc05zTnNOUkoxSlJKlFKUU
nNOc06UUpRStFaUUpRStVa1VpRSlFK1VtVatVa1VpRStVa1VpRSlFJzTg89aimMM
vZa1lrWWtZa1lrWWvde9173Xvde9173Xvde9172Wvde9173Xvde9173Xvde9173X
vZe915zTSol7z7XXtZatlq1WpRWlFaVVpVWlVaVVpVWdVZ0UlRSdFJUUlNSM05UT
lNOU04ySlJOUk4yShFGEUYxRhFF8EXPQfBF8EXQQa45rTmtOa45jTmNNSopSi1rM
SgdSSFJIScZSSGsLawtaylKJc017jnONc01zTYQQjFGEEHvPjFGUkpSShBCMUZSS
nNOc05zTlJKMUZSSnNSlFJzTnNOlFKUUrVWlFKUUrVWtVaUUpRStVbWWtVWtVaUU
rVWtVa1VrVWtVYxRWspjC7XVtda1lrWWtZa1lrWWvde9173Xvde917WXvde91r3W
vda9173Xvde9173Xvde11rXXvdeU00JJlNO1173Xtde117XWtZatlaWWpValVaVV
pVSdFJ0UnRSdFJ0UlNOVFJTUlNOMkoyTjJKMkoRRhFGEkoRRfBF70HxRfFF0EGOP
Y05jjmOOW45bTUKKSstTDEnIWklSSUHHSglqzGsMWstSiXNNc01zjWtNa02EEIxR
hBB7z4xRlJKUkoRQjFGUkpzSnNOc05SSjFGUkqUUpRSc05zTpRStVa1VpRSlFK1V
rVWtVaUUrVWtVbWWrVWtVbWWtZa1lrWWtZalE3NMWomtE7WWtZa1lrWWtZa9173X
vdfGF8YXxhe91r3XtZa1lrWWvde9173Xvde9173Xvde9173XjFFKSbWWtde117XX
tde11rWWtZa1lrWWtZatlq2WrValVaVWnRWdFZTUlRSU05TTjJOMk2xTbFJsEmwS
hFGEUXwQc898UXxRfBBrjmONY45jjWNNYw1KiVKKWstKCFKJUklKB1JIawtrTFrK
UolzjXONc41zTGtMhBCMUYRRe8+MUZSSlJGMUIxRlJKc05zSnNKUkpSSlJKlFKUU
nNOlFKUUrVWtVaUUpRStVa1VrRWlFK1VtZW1lrWWtZa1lrWWtda91r3WtZWUkFrK
jFC9lrWWtZa1lrXXvde918YYxhjGGMYXvde91r3Wvde9173Xvde9173Xvde917WW
tZa1loQQUoq117XXvde917XXtde11rWWtZa1lrWWtZa1la2WrZalla2VpZWlVaVV
pVWdFZ0UfBFUElRUTBRME1QSfFF8EHPQfFB8EHQQY45jTWNNY01jTVsMSolKilrL
SgdSSFJJSghKCGrLawxiy1KJa0xzjXONc01zTYwQjBCMEHvPjFGUkpSShBCMUZSS
nNKc0pzSlJKUkZSSpRSlVJzUpRSlFK1VrVWlFKUUrVWtVa1VtZW1lrWWtZa1lrWW
tZa1lr3Wvda11rXWpRRjDHOOtZa1lrWWtZa9l73Xvde918YYvdfGF73Xvde917WX
vde9173Xvde9173Xvde9173XvdeMUVKKtZa1lrXWtda117XWtZa1lrWWtZa1lrWW
tZatlq2WpZatlaVVpVWlVZ1UnVSdFJUThNR0lGSUXFNcEnwRfBF0EHxRfBFz0GOO
Y05jTmNOY01bDUKKSopSy0oHWolSSUoHSgdrC3MLYspSSXNNc41zjXOMc0yMEIxQ
jBB7zoxQlJKUkoRQjFCUkZzSnNKc0pySlFKUkqUUpRSlFKUUrRWtVa1VrVWtVa2V
tZW1lrWWtZa1lrWWtZa1lrWWtZa1lrWWtZa1lrWVa41zTb2WvZa9lrWWtZatVaUU
rVW1lrWWvhe9173Xvde1l7WWrVatVbWWvde9173Xvde9173XpRRSiqUUtde1lrWW
tZa1lrWWtZWtlq2WpVWtla2WrZatlqWWrVWlVaVVpVWlVJ0UnRSdFJUUlNOM04zT
hJN8EXQQc9B8UXQQc9BrjmNNY41jTWNNWwxKSkqKUstJx1pJWklSCFIIasxrDGLL
WklrTHONc41rjWtMhBCMUIxQe86MUJSSlJKMUIxQlJGc0qTSnJGUkZSRnJKlFKUU
pRStVK1VrZW1lbWVtZW1lbWVvZa1lrWWtZa1la1VrVW1lbWWtZW1lrWWvZa1lnOO
c021lrWWtZWtFLWVtZa1lr3Xvde9173Xvde9173XtZe1lq1VrVW1lrWWtZa1lrWW
vde917WWa017z7WWtde11rXWtZa1lq2WrZatlqUVrVaUk5zTnRSdFJ1UpVSlVKVU
pRSdFJ0UnROVFJTTjJOMk4yShFF0EHPPfBF8EHPQY45jTWNNY01jTFsLQklKilLL
QgdSSVpJSghKCGsLawxiy1KJY0xzjXONc41zTIwQjFGMEXvPjFGUkpSSjFCMUJxP
nEyUDJPLnE6c06UTrVWtVa1VrVWtVbVVtVW1lbWVtZa1VrVVrVWtVa1VrVW1lrWW
tZa1lrWWvda91r3WtZVrTHvOrVStVa1VtZa1lrWWtZa1lq0UtZbGF73Xxde9173X
vde9173Xvde1lr3Xvde1lrWWrVWtVYxQUoqlFLXWtde117XXtda11rWWtZatlq2W
pVWdVZUUlRSU04RRjJKMkoySnROc05TTjNSU04zTjNOMk4RSfBBz0HwRfBBz0GOO
W01jTWNNWwxbDEJJSolSykHIUklaiVJISghjDGtLYwpSiWtMc41zjXONa0yMEIxQ
jFB7z4xQlJKUkowRi86DzZxQnJKdE6UTpVStVa1VrVWtVa1VrVWtVa1VrVWtFaUU
pRSlFK1VrVWtVbWWtZa1lrWWvZa9l72WvZa1lZzSWsqUka1VtZatVa1VtZa1lrWW
vde1lrWWxhe918XXvde91r3WtZatVbWWpRSlFLWWtZa1l61WrVWlFGtNhA+1lrWW
tZa1lrWWtZa1lrWWtZa1la2WrZallqWWpVWlVZ0UlNOMk5UUlNOEUoyTlNSM04yS
jJKEUXQQa9B8EXwQc89jjltNW01bTVsMWwxCSUqJUspCBlqKWopSSUpIYwtrTGLL
WolrTHONc45zjnNNhBCMUIwQe8+MUZSSnJKMEYQQjFGk06TTpROtE60UrVStVa1V
rVWtVK1UpNOckqTUpRSlFK1VrZW1lrWWtZa1lr2WvZa1lbWWtZatVa1UrVWED2NL
rVSlFKUUrVW1lr2Wvde91r2WvZa918XXxdfF173Xvde1173Xvde9173XtZa1l7WW
tZW1lrWWtZetFaUVrVWtVa2VrZWtla2WtZa1lrWWrZatlq1WrZallq2WpVWlVaVV
pRSdFJ0UlNOU04zTjNOM04SThFN8EXPQfBF0EXPQY45bTVtNW01bTVsMQklKilKK
QgdailqKUklKCGsMc01rDFLKaw17jnOOc05rTYQQjFGMUHvPhBCUUYxRlJKUkpSS
nNOlE6UTpVOlFKUTrVWlFK0UnNOlFJzTpRStVa1VtVW1VbWWtZa1lrWWtZa1lq1V
pRStVa1VtVa1lrVVlJKUUa0UrVW1lbWVrVStVbWWtZatVa1VtZa+GMXXxdfF173X
tdetVqVVtZatVa1VtZa917XWtZa1lrWWrVWtVa2WtZa1lq1WrVatVaVVpRWlFK1V
rZWtla2VrZWtVa1VpVWlVaUVnRSdFJ0UlROM04zThJOMk4SSdBBrz3QRc9Fr0GOO
W01bTVtNW0xTCzpJSkpKikoIWotailpKUklrC3NMawtSymsMe457jnOOc06EEIxR
jFF8D4QQjFGMUJSSlFKUkqTTpROlE6UUpRR70K1VpRSlFK1VrVWtVbVVtZW1lrWW
tZa1lrWWrVa1Vq0VrRWtFa1VtZa1VbVVrVWlFKVUtZW1la1UpNOtVbWWvde9173X
vdfF18XXxdjF18XXxda917WWrVWtVbWWtZa1lrWWtZa1lrWWtZa1lq2WrVWtVaVV
pRStVbWWtZatlq2VpVWdVaVVnNOc06UVpRSlFaUUpRSlFJ0UnRSdFJUUjNSM04yT
jJOMknwRc9B0EHQQa89jjltNW01bTVtMUwtCSUqKSopSCGLLWstaykqJYwtrTGtM
WsprTHuOe457jnNNhBCMUIxQhA+MEIwQYwuUkpSSnNKlE6UTpRStFK1UrRStFK1V
rVWtVa1VrVW1VbVVtVW1Va0UrRStVK1UtVW1VbVVtVWtVLVVrVW1lbWVtZW1la1U
tVWtVbWWtZa1Va1VtVWtVb3Xvde918YXxhfF18XXvda91r2WtZa1lrWWvde9173X
vde1lrWWtZa1lq2WtZatlq1VpVWlVZ0UnRStlqVVpZWtla1VrVWlVZ1VnRSU04zS
jJKU03wQlNOU04zTjNOE04SShJJ8UWvQdBF0EGvPY45bDVtMWwxbDFLLQghKSVKK
Ukliy2LLYstSiWsNc01zTVrLa017jnvOe85zjYQQjFGMUYQQhBCEEGMMlJKUkpzT
pRSlFK0UrVStVa1VrVWtVa1VrVWtVa1UrRStFKUUrRWlFKUUtVWtVa0UrRStFK1V
rVW1lrWWtZW1Va1VtVW1VbWVrVStFK1UrVS1lr3Xtde+GL3XvdfF18XXxdfF1r2X
tda1lrWWtZa1lrWWtZatVbWWtZa1lrWWrVWtVa1VrVW1lrWWtZa1lq1VrZWlFKUU
nRSdFJSSnNOlFKVUpVSdFJUUlRSEkozTjNOM04zThJOEkoRSfFFrz3QQdA9zz2NO
Ww1bDVsMWwtTC0JIQklKilJJYsxjDGLMWotrDHNNc01jC2tMe857znvPc46EEIxR
jFB8EIxQhBBzjpSSlJKc06UUpRSlFK0UrVStVK1VrVWlE6UTtVWUkqTTrRWtVa1V
rVWlFKUUpRStFK1VtVa1lrVWtVWtVa1VrVW1lrVVrVSlFK0UtVa1lr3Wvde1lbWW
vdbF18XXxdfF18XXvde9173Wvda9173Xvde9173XtZa1lq1VrVWtVa1VtZa1lrWW
rZatVbWWrVWlVa1VrZatlq2WrVac1ZzUlNSVE5UTlNOU04RRlNOVE5TTlNOMk4yT
hJOEUnxSa9B0EHPQa89jTlsNWw1bDVLMUstCCUqKSopaimMMaw1rDGLLcw17jnuO
a0xzjnvPe897z3uOjBCMUYxRhBCEEIQQjFGUkpSSnNOlFKUUrRStVK1UrRSlE6TT
nJKlE61VrVWtFKUUpROtFKUUpRSlVbWWtVWtE6TSrVStVbVWtZa1lq1VrRStFLVV
tVa1la1UrVS1lr3XrVW1lr2WvZa9lsXWxdfF18XXvde9l7WWtZa1lrWWtZa11rWW
tZa1lrWWtZatVa1VrVStVK1UrZa1lq2WrVWtVa1VpRSlVaVVpVWlVaVVpVWdVZ0U
lNSMkoyTjJOEkoyTjNOEkoSThFKEUnPQc9Bzz2uPY05TDVMMUwxSy1LLOghCSUpJ
WstrTWtNc01jDHNNe497j2tOc458EIQQhBCEEIxRjFGMUYQQhBB8EHvQjFKUk6TU
rRStFK0UrRStFK1UrRStFK0UrRSlE61VnJKlE61VtVWtVa1UrVWtFa0VpNStVbWV
tVWtVa1VrVWtlbVWtVW1VKUUtVW1VbWWxdfF18YXxhjGGMYYxhjF18XXxdfF1r3W
tZatla2VtZa1lr3XtZa1lq1VrVWtVa1VtZa1lq2WrVWlVa1VnRSdFK1VrZWtla2V
pVWlVaVVnRSdE50UnRSdFJTTlNOU1JTUlNSU04zTjJOEk4SShFJz0HPPa89rz2NN
WwxbDFsMWwxSy0IIQklKimMMc45zjnOOa017j4PPg89zjnvPhBCEEIQQe8+MUZSS
lJKMUYxRfA97z4RRlNOdFKUUpRStFa0VrRSk06TTpRStFKUUrRStVa1VrVWtFKTU
pNOk1K1VtZa1Va1VrVSk06UUrVW1lrWWrZWtVKUTtVW1lr3Xvde918XXxdfF2MXY
xdjF2MXXxdfF18XXvde917XWvZa91rWWtZa1lrWWvde9173XtZa1lrWWtZa1lq1V
tVW1lq1VpVSlVa1VrVSlVaVUpVWlVaVVpVWlVZ0UnRSMk4yTjJOMk4zTjJKM04yT
jJKEUoRSdBBrz2vPa89jTVsMUwxTDFMMSss6CEJJSolzjXvPe897z3OOe898EIQQ
e8+ED4xQjFGMUYwQjFGMUZSSjFGEEXPQc9CEUZTTpROtFK0UrRStFKUUnNOlFKUU
rVWlFK1VrRSlFKUUpRWtVa1VrVWtVa1UpROk07VVtVW1VrVVrRStFK0VtVW1lr2W
vZa9lr2WvdfF18XXxhfGF8YYxhjGGMXXxdfF18XWvda9lrVVtZalFKUUrVWtVbWW
tZatVbWWtZa1lrWWtZatVaUUpRSlFK1VrZWtlqWWrZWlVaVVnRSU050UnRSdFJ0V
nRSdFJzUlNSU1IzUjNOMk4yThFKEUnwRc9BrkGOPW05TDFMMUwtKy0rLOghCCUpK
c457z4QPhA97zoQQjFCMUIQQhBCMUZSSjFGEEIxRjFGUkYxRhBFzz3PPhFGU0qUT
pRStFK0UrRWlFKUTpNOc060UlJKtFK1UrVWtVK1VpNOckqUTrVWtVbVVtVWtFKzT
rRStFLVVtZa1lr2WvZa9lr2WxdfF18XXxdfF18YXxhfGF8YXxhfGF8XXxde9173X
tZatVbWWvZa9173Xvde9173XtZatVbWWrVWtVa1VrZatlrWWrVWtVa1VpVWlFKVV
rVWtVa1VpVWlFaUUnRSdFIyShFGEUXwQhFGMkoyTjJOEk4SShFJ8EXPQa49rj1tO
UwxTDFMLUstKijoIQghKSXvPe8+EEIQQg9CMEIxQlFGEEIQQjFGMUYxRjFGUUZRS
lJKMUYQQc89z0IRRnNKlE6UUrRStFK0UpNOc05zTpRSlFK0UpROk0qUTpRStVa0U
rRW1Va1VpNSk1JyTnNOtVbWWtZa9lrWWvZa9lr2WvZa9lsXWxdfF18XYxdjGF8YX
xhfGGMYXxhfF18XXxde9l72WvZa1lbWVtVW1lr3Xvde9173Xvde917XXtZatVaVU
pVWtVa1VrVatVq1VrVWlVK1VpRSdFJ0UnRSdFJ0VnRWdFJTUlNSMk4yTjNOU04zT
jJOMkoSSfBFz0GOPW45bDlMMUsxSzFLLSos6CEIJQkmEEIQQjFGMUYQQhBCMEIxR
jFGMUYxRlJKUkoxRjFGUkpSSjFGEEGuOW0x8UJTSpROtFKUUrRSlFaUUpRSlFKUT
pNOc0pySpROtVa1VrVWlFa0UpROckpzSrVW1VbWVtZa1lrWWvZa1lr2WvZa9lr2W
vde918XXxdfF18XXxhjGGMYYxhjGGMYYxdfF1sXWxZa1la0UrVW1VrWWtZa9173X
vde9173Xvde1lrWXtZa1lrVWrVatVaUVrVWlFK1VrVWlVaVVpVWdVJ0VnNSc1JST
lNOUk5TTlNOUk5TTlNOUk4yTjJKMknxRc9Brj2NOWw1SzFMMUstSy0qKOghCSUpJ
e8+EEIQQjFGEEIQQjFGMUYxRjFGMUZSSlJKMUYxRjFGUkoxShBFzj4xQlJKUkqUU
pROlFK0UrRSk05zSnNOlE6UTrRStFK0UpRSlFKTTpRStFLVVtZW9lb2VtZW1lb2V
vZW9lrWVvZa9lr2WvZa9lr2Wvda91sXXxdfF18XXxdfF18XXzdjF18XXxdfF18WX
vZa9lr2WvZe9lr2Xvde9173Xvde9173Xvde1lrWWtZa1lrWWtZWtVq2WpValVaVU
lNKdE50TnRSdFKUUpRWdFZUUlRSM04yShFGEUZSTlJOMk4ySjFJ8EXPQY45jjlsN
UsxSzFLLUstKijoIQklCSYQQhBCEUYxRhFGEEIxRjFGMUYxRjFGUkpSSjFGMUYxR
lJKMUYQQhBCUkpSSlJKlE6UTpRStFK0UpRSlFKUUpRStFK0TnJGk06UUpRStFK0U
rRW1VrVWtVW1lbWWtZW1lr2WvZa9lr2WvZa9lr2WvZa9lr2WvdbF18XXxdfF18XX
xdfF2MXYxdfF173Xvda91r3Wvda1lbWWrVW1lq2WrVatVZzTpNOtVa1VtZa1lrWW
tZa1lrWWtZa1lq2WrValVqVWpRadFJTUlNSMk4STlNOU05UTlNOU04zTjNOM04zT
jJOEkoSSfFF0EGuOY05bDVLMSsxKy0rLSoo6CEIJSgl70IQQjFCMUYQQhBCMEYxR
jFGMUZRRlFKUkoxRjFGMUYxRjFF7z4QQlJKUkpSSpROlE6UUrRStFZzTlJKMUZSS
pRSlFa0VrVWlFJzTlJKk060UtVW1VbWVtZW1lbWVtZW1lbWVtZStVL2VvZa9lsWX
xZfF18XXxdfF18XXxhfGGMYXxdfF18XXvdfF1r3Wvda91rWVtZa1l72Xvde9173X
vde1lq1VrVWtVa1VpRStVbWWrVWtla2WrZWtla1VrVWtVa1VrVWlVaVVpVWdFJ0U
lNSMk4SSjJKMkoRSjJOMk4ySjJKMkoRRfBBrjmOOWw1SzFKLUstSi0qKOgg6CUJJ
hA+EEIRRjFGEEIQQhBGMUYxRjFGMUZSSlJKMUYxRjFGMUYxRe8+EEJSSlJKckqTT
pRSlFKUUrRSk06UTpRSlFKUUpROlE6UTpROc06UUrRS1VbVVtVW1VbVVtVW1VbVV
rRSDz5zSc0y9lb2VvZa9lr3XvdfF18XXxdfF18XXxdjF18XXxdjF18XXxdfF172W
vZa1lrWWrVWtVa1VtZW1lbWWtZa1lrWWtZa1lq1VrZatVZzTnNOlFK1VrVWtVa1V
rVWtFaVVpVWdVaVVpVWdFZ0UnRSdFJTUlNOMkozTjJOMkoxShFKEUXwRa49jTlsN
UstSy1LLUopKSjoIOghCSHvPhBCMUYxRhBCEEIQQjFGMUYQQjFGMUYxRjFGMUYxR
jJKMUXvPjBCckpySlJKk1K0UpRSlFKUUnNKc0pzSlJGUkq0UrRS1FbVVtVW1VbVV
tVW1VbVVtVW1VaTTnJFzTIPOYwyckpRQvZW9lb2VvZa9173XvdfF18XXxdfGF8YX
xhfGF8YXxdfF1sXXxda91r2VrVSk05zSpNOtVK1VrVWtVa1VrVWtVa1VrVW1lrWW
tZatla1VrVWlFJ0UpRSlVaVUpVWlVaVVpVWlVaVVpRWdFJ0UlNSU1JSUjNOM04yS
jJKEkoxShFF8EWuPY05bDVLMUstSy0qLSko5yDoIQkl7z4QQjFGMUYQQhBCEEIxR
jFGEEIxRjFGMUYxRhBCMUYxRjBF7z3vOnNKU0pSSpROlE60TrVSlFJySnNOlFK0U
rVStVK1VrVWtVa1VrVW1Va1VrVSk04POe45SSIPPc0ykkqTTtVW1lr2WvZa9lr2W
vZa9lr2WvZa9lr2WvZa91r3WvdbF1sXWxdbF1sWWvda1la1VrVW1lrWWtZa1lr3X
vde9173XtZa1lq1VrVWlFK1VpRSlFKUUpRStVaVVpVWlFZzUnNSc1JzUnRWdFJ0U
nRSdFJ0UlNSU1IzTjNOMk4yShFKEUoRRfBFrj2NOWsxSy1LLSopKikpKOcg6CDoJ
e897z4QQjFGEEIQQjFGMUYxRhBCMUYxRjFGEEIxRjFGMUYRQe89zjpySlJKckqUT
pRSlFKUUpRSlFK0UrRStFK0UrRStVK1UrVSlVK0TnJGUD3uOjA9aynONe46k060V
tVW1Vb2VvZa9lrWVtVStE6TSrVS1VL2VvZa9lr2WvZe9l61VrRS9lcXWxdbFlsWW
vZa1la1VrVWtVa1VrVWtVZ0UrVWtVK1VtZa1lrWWtZa1lq1VpVWUkpzTpRSc06UU
pVSlVaVVpRWc1J0UlNOMkozSlNOMkoySjNOM04yTjJOMkoyShJKEUXwRc9BjTlMN
SstKy0qLSopCSjnIOcg6CHvPhA+EEIxQjBCD0IwRjFGMUIQQjFGMUYxRjFGMUYxR
jFGMUXvPc46ckpSSlJKlE6UTpRSlFKUUpRStFK0UrRStFK0UpNOUUYuOcwtqynMM
g86MUZzTlJKtFK1VrVW1VbWVtZS1VK0TrRS1FK0UtVW1Vb2WxdfF18XXxdfF2MXX
xdjF172XvZbF18XXxdbF1rWWpNOk1K0UrRW1VbWWtZatVa1VrVWtVbVWrVWtVaUU
rVWtVa1VrVWlVaVVnRSc1J0UnNOc1KUUpRWlFaUVnRWc1ZTUjJOEUoRShFKEEYyS
jJOEUoRShFF0EXPQW05TDUrMSotKi0KKQkoxyDnIOgmEEIQPhBCEEIQQhBCMUYxR
jFGMEYxRjFKMUoxRjBGMEYxRjBB7j3OOlJKUkZSSpROlE6UTpROlE6UTpROk060U
rRRrDEoHYsljCWsLe46UUaTTrVW1VbVVtVW1Va1VrRStFK0UnJKk07VVvZa9lr2W
xZa1VbVVtVW1Va0UvVW1Vb2WxZbF1sXWxdbF1sXXvda1lq2WtZa1lrWWtZa1lrWW
rVW1lrWWtZa1lrWWrZatVa1VrVWtFKUUrVWtVa1VrVWlVaVVnRSdFJ0UnRSVE5TT
lNOU05TTlNOM04zTjJKMkoySjJKEUoRSfBF0EVtOUw1Ci0qLSotKikJJMcg5yEIJ
hBB7z4QQhBCEEHvPhBGMUYxRhBCEEIxRjFGEEIQQjFGMEIQQe857jpySlJKckqTT
pROlE6UTpROMUJSSg86c0q0TYstrDIwQnJKlFK1VtVW1VbVVtVW1VaUUpROckZyR
pNK1VbWVtVW1VbUVrVW1Vb2WtVW1Vb2WvZa9lsXXvZe9l72XvZe9lr3Wxda91r3W
vZa1la1VtZalFKUUrRWtVZzTpRSlFKUUrVWtVa1VtZa1lq1WrVatVa1VrVWlFJ0T
pRSlFJzTpRSlFaUUnRWc1JTUjJOEUoyShFGEUYRSjJKMkoySjJKEUnwSc9FbTlMN
QstKikqKSklCSTnHOcdCCIQQe9CEEIRQhBB7z4QQjFGMUYQQjFGMUYxRhFGEEIQQ
hBCD0HOOc46UkZSSlJKk06UTpROlE6UTjFB7znuNpNOlFKTUpRStFK0UrRStVK1U
rRStFKzTnJKUUq0UrRStVLVVtVWtFKzUtVW1VbWWvZa9lr3WxdbF18XXvZa9l8XX
xdfF18XXxZbF1sXWxdbF1b2VrRStVbWVrZW1lrXWtZa1lrWWtZa1lrVWrVWtVa1V
rVStVa1VrVWtVaVVpVWlVaUUnRSMUYxRlNOMkpTTlRSdFJ0UlRSU1IyThFKEUoyS
jJKMkoSShFF8EXQRY45TDEqLSopKSkpKQkkxxznIOciEEHvPhBCMEIQQe8+EEIxR
jFGEEIxRjFGMUYRRhBCEEIQQe9BzjnOOlFKUkZzSpROlE60TpROlFJSSpRSlFKUU
pRSlFK0UrRStFK0UpNSk06TSpNOtFK0UtRWtFKUTpROs07VUtVW1Vb2WvZa9lr2V
tZWtE7VUtZXF16TSrRS1VbVUrRO1VMXVxdbF1r3VxZW9lb2WvZa9lrWVtVWtVa1V
rVWtVa1VrVW1lrWWtZa1lrVWrVatVaUVpRSlFKUUpRSk1KUUpRSdFZ0UlNOMk4yT
hFGUk4ySjNKM0oyShJKMkoySjJGEkYRRfBF0EGOOUsxCikqLSkpKSkIJMcc5yDoI
hBB7z4QQhBCEEHvPhBCMUYxRhBCEEIxRjFGMUYQQhBCED3vPc457j5RRlJGckqTT
pNOlE6UUpRSlFKUUpROlFKUUpROlE6TSnJGc0qTTrNStFLUUrRStFJySnJKlFK1V
rVW1VrVVrVW9lbVVrVS9lbWVtZW9lr3XxhfF18XXxde9l7WWtVW9lsWWxZbFlsWW
vZa1VK0UrRStFKUTpRSlFKUUnNOc1KUUrRWc061VrVWtVa1VrVWtVa1VrVWtVaUV
nNOUkpzTnNOdE50TnRSVFJUUlNSMk4yTjFOEUoQShFKMkoySjJKEUnxRdBFr0EsN
QotKi0qKQklCCTHHOcg5yIPQe8+EEIQQhBB7z4QQhBCEEIQQhBCMEIwRjBGEEIwQ
g897z3OOe8+UkpSRlJKc06TTpNSlFKUTpROlE5zTnNOc05zSnNKk06UUrVStVK0U
rRSk05ySpNSlFK1UtVS1VLVUtVStVK0UvVW9lr2WvZa9lrWVvZW9lb3Wvda9lsXW
xdfF18XXvZe91sXWxda9lrVVrRS1VbVVtVa1lrWWtZa1lrWWtZatlrWWrZatla1V
rRWlFaUUpRSlE6UUpRSlFKUUnRWdFZ0UnNSMk5STjJOU04yTlNOU05TTjJOMkoyS
jJKMkoRRhFF8UXQQa9BKzUqLQopCSkJKQkkxxzHHOceDz3vPg8+EEIQQe897z4QQ
hBB7z4QQjFGMUYxRhBCEEHvPe89zjpQRlFKUUZySpNOk06TTpNOk06UUnNOc05zT
pNOlE60UrRSlFKTTpRSk06TUpRStVLVUrROkkqTSrROtE7VVtZW1lbVVtVW1VLVU
pNOk060UrVW1Vb2WtZa1lr2WvZa1VrVVxZbFlsWWvZW9lb2VvZW1VbVVtVW1VbVV
tVWlFK1VrVW1lrVWrVWtVa1VrVWtVa1VrVWlFKUUnNOc050UnRSdFJ0UnRSVFJTU
lNSUk4RShFKMkoRRfBB8EYxSjFKMUoRSfBJ0EHPPUsxKi0qKQkpCSToIKYcxxznH
e897z4PQhBCEEHvPe8+EEIQQe8+EEIQRjBCEEIPQhBB7z3vPe8+UkpSSlJGckqTT
pNOk06TTpROlE6UTpRSk05zSpNKtE6TSpROlE60UrRStE6TSnJKk0qTSpROtVLVV
tVStFK0UrRStFa0UrRS1VrWWvZe9lr2WxZfF18XXxde9173WtZatFb1VxdbFlr2W
vVatFaUUrRSlFK1UtVW1lbWWrVWtVa1VrVWlFJzTpRSlFKUUpRSlFK1VrVWtFaUV
nRSdFJ0UlROMk4zTlNOU1JTUlNSU1JTUjJOMkoRRhBGMkoxShFF8UnxRdBB0EFMN
QotCikJKQko6CTGHMccxx3vPe4970IQQhBB7z3vQhBCEEIPPg9CMEYwRg9CDz4PP
e457jnvPlFGUUZRRnJGk0qTSpNKk06TTpNKc0qUTnNKckqTTrRStFK0UrRSk06TT
pJGckqTTrROtFK0UrRStE6TSnJKtFLVVtVW1lb2WvZa9lr2WvVW1Vb2WxdfF172W
vZbF172XvZe9l8XWxZa9lrWVtVW1VbVWtZa1lrWWtZa1lrWWrVW1lrWWtZa1lq1W
rVWtFaUUpRSlFKUUnNOdFJ0UnRSlFKUVnNSc1JTUlJOMkoySlNOMkoRSjJKEUoSS
jJKEkoRShFF8UXQQa9BbDUpKQkpCSUJJOggxhjnHOcd7z3vOg8+EEIwQe8+ED4QQ
hFB7z4PPjBCMEIwQg8+Dz3OOc457z5RRlFGUUZySpNKk0qUSpNOk05SRnNKk06UU
pROtE60TpROk0qTSpJGs060UrRStFKTTnJGcUazTrRStFLVVtVW1VbVVtVWtFK0U
tVW1Va1UrVW1lrWWvde1lrVVvde9lr2WxZbFlcWVvZW9lbWVtVW1VbVVtVW1Va1U
rRStVaUUpRSc061VrVWtVa1VrVWtVa1VrVWlFaUVnRSc05STnNOUk5TTlRSdFJ0U
nNSU1JTUjJN8UoRRe9CEEYxSjFKEUoRRfFF0EGvQW05CSkJJQkpCSToIMcYxxzHH
e897z3vPg9CEEHvPe8+EEIRQe897z4QQhBCEEHvPe89zTnOOe8+UUoxRlFGckaTS
pNKk0qTSpNKk06TTpNOc06TSpNOk06UTrRStFK0UrROtE6TSpNKk060UrVS1VLVU
rROtVKTTrRO1VK1UtVW1lrWWvZa9lr2WvZbFlsXXxdfF173XvZa1lr2WxZa9lr2W
tVW1la1UrRStVa1VrVWtVa1VtZatVa1VpRStVa1VpVWlVKUUpRSlFJzTpRStFaUV
pRWlFZzUlNSU05TTlNSc1JzUnNSU05TTlNOMk4yTjJKEUoRShFJ8UXxRdBBz0GOO
QopCikJJQkk6CDHHMYcxx3vPc4970IQQhBCDz4PPhBCEEHwPe8+EEIQQhBB7z3vP
c45zjoQPlFGUUYxQnJGkkqTSpNKk0qTTlFGUkqTTpNOk06TTpROk06TSnJKUkaTS
pROtE60UrRSs06zTpJKcUZyRrRStFLVVvZa9lr2WvZa1VbUUrRS1Va0VrVW1Vb2W
vZa1lr2WvZbF1sXWvZW9lbWVtZW1lbWVtZa1lrWWtZa1lrWWtZa1lrWWtZa1lrWW
rVatVq1VpRWdFJ0UpRSdFJzTnNOdFJ0UnNSdFZzUnNSU1JTUlNSMlIyUjJOMk4SS
jFKMUoRRhFF8UHQQa9Bjj0JKQkpCCUIJOggxhzGHOYd7z3POe8+D0IQQe897z4QQ
hBB7z3vPhBCEEIPQe897jnNNc017joxRjFGMUZSSnNKc0qTSpNKk0pySpNOk05zS
pNKckZxRjBCckqTTpNOk060UrRStFKTTnJKc0qTTrRS1VbVVvZW1VLUUtRStFK0U
pNOk1KUUtVW1VbVVtVW1VrVWpRStE7VVvZW91b2VvZW9VLVVrRStFaUUrRStVK0V
pRSlFK1VpVWtVaVVrVWlFJzUnNSlFK1VpRWlFaVVpRWlFZzUnNOUk4xRjJKdE4yS
lNOc05TTlNSMlIyTjJOMk4RShFKEUXxRfFF0EGvQa9BCi0JKOkk6STnIMYYxhjHH
e89zjnvPe8+EEHvPe8+EEIQQhBB7z4QQhBB70HvPc45rTWtNa0yUUYxQjFCckZzS
pNKk0qTSpNKk0qTSnJGMEJSRnNKc0qTTpNSk05ySnJKck6TTrRSs1KzUrRStFK1U
rRSk07VVrRStFLVVtZW1lr2WvZa9lr2WvZa918XXxde9173XtVa1VrVVxZW9lb2V
tVWtFJSSrRSlFK0UtVWtVa1VrVWtVa1VrVatVq1VpRWc1JTTnNOdFIxSjJKdE50U
pRSlFKUUnRSVFJTTlNSEUYRRjJKEUYRShFKEUoySjJKMkoxShFGEUXxRdBFrz2vP
Sss6SkJJQgk5yDGHMYc5h3vPe897z4QQhBB7z3vPhA+EEHvPe898D4QQhBB7z3OO
a01rTVqKlFGMUIxQnJGckpzSpNKk0qTTnJKk05zSnNOk06TTpNKckZyRnJKUkpyS
pNOtFK0UpNOk06TTpNOk060UrVS1VbVWtVa9lr2Wvda9lsXWxdbF1sXWxdbF18XX
xdfF173Xvda9lr2WvZW9lb1VtVW1VbVVtVW1lbWVtVWtVa1WrVatVa1VrVWtVa1V
rVWtVa0VpVWlFJzUnRSc1JzTlNOU04ySlNOU05TTlNSU1JTUjJSEUoRShFJ8EXwR
hBGEUoRShFGEUXwQa89rz1MMQklCSToJOggxhjGHMYd7z3PPe897z4PQe897z3vP
hBB7z3vPe9CEEIPQe45zTWsMawtaiZRQjBCMEJySnJKckqTSpNKk0qTSpNOk05yS
lFGUUZyRjFGc0qTTpNOk06TTpNOk05xSpNOtFK0VtVW1VbVVvVW9Vb2VvZa9lsWW
vZa9lr2WvZbFlr3Xvde9173XvZe9l73Wvda9lb2VvZW1lbVUtVWtFKUUrVSlE5SS
lJKk1KUUpRStFKUUpRSlFKUUnNOUkqUUrVSlFKUUpRSlFJ0UlNSUk5STjJOMk4RS
jJKMk4yTjJOMk4yTjJOEkoRShJGEUYRRhFF8EWvQa49bDUJJQgk5yDnIKYYxhzGH
e897z3vPe8+ED3vOe857z4QQe89zjnvPe897z3OOa01qzGsLe42EDoxQjFCckZyS
nNKc0pzSnNKUUJRRnJKUUZySpNOk06TTpNKk0pSRnJKk06TTrRStFK0UrRW1VbVV
tVW1VbVVtVa1Vb1VvZW9lsWWxZbFlr2WxZa9lr3WvZe9l72XvZa9lsWWvZW9lb2V
tVWlFK0UrRSlFK1VrVWtVa1WrVatVq1VrVWtVq1VrVWtFaUUlJKdFJzUlJOMUpzT
lJKUk5zUnNSU1JzUlNSMk4yTjJOEUYRRhFGEUYRRhFKMUoRShFGEEXxRfBFrz2OP
Y05CSkIJOggxxzGGKYYxh3vPc45zjnvPe9B7j3uPe8970HvPe897z3vPe89zjmtN
YstjDIwQjBCMEIwQlJKckpySnJKckpySnJKckpySnNOc0pzSnNKUUZRRnJKckqTS
rRStFK0UrRStFK0UrRS1VbVVtVW1VbVUtVW1VbVVvVW9VLVUtVW9lr2WrRS1VbVV
tVW1FbVVvZa9lr2WvVW9VbVVrRWtVa1VrVW1lbVVrVWtVa1VrVWlFKUUrVWtVa1V
pRStVa1VrVWtVaUVnRSdFJzTjJKUk4yTlJOUk5STlJOU1IzTjNOM04SShFJ8UXxR
fFGEkYRRhFF8UXwRa9Bjj2OPQgo6CToJOcgphzGHMYd7z3uOe457zoPPe897jnuP
g9B7z3PPe897z3vPc45zTWMLYsyMEIwQjBCMEJyRnJGc0pySnJKckpySnJKUUIwP
jA+UEZySnJOc06TTpNOk06zUrRStFK0UrRStFK0UtVS1VLUUrRSk0qSSrROtVLVV
tVW1Vb2WvZa9lrVVtVa1Va0VrRStFLVVvZW9lb2VtVW1Va0UpROlFKUUpRSlFKUU
pRStFaUUnNOUkqUUpRSc05SSnNOc05zTpRSlFaUUpVWlFJ0UnRSdFJTUlNOMk4yT
lNOEUoRSjJKMkoyTjJKEkoSShJKEUoRRfFF8EWvQY49rkEJKOgk6CTHIKUYxRzGH
e89zjnOOc457z3uOc457joPPe457jnuOe897z3OOc01iy2LLjBCMD4wPjA+cUZyR
nJGckZyRnJKUUJRRlFGUkZzRnNKk0pzRnJGk0qTTpNOlE6UTrRStFK0UrROlE60T
rROtFK0UpRS1VbVWtZa9lr2WvZa9lr2WvZa1lr2WtZa1lrWVtZa1VbVVvZW9lb1V
tVSckqTUrRStVa1VrVWtVa1VrVWtVa1VrVWtVa1VpRSlFKUUnRSc050UnRSc05zU
lJOc1JzUlNOU05UTlNSU1JTUjJOMk4yThFKEUnxRfFF8UYRShFJ8UXxRfBFr0GOP
a49KizoJOcgxxylGMYYxh3uOc45zjnvOe897jnOOe857z3vPc85zjnuPe49zTmsN
YstiyoPOhA+MD4wQlJGUkZyRnJGckZyRnJKckpySnJKUkZyRlJCUUJyRpNKk06TT
pNOk06TTpNOc0qTSrROtFK1UtVS1VbVVtVW1Vb2WtVS1VK0TtZW1lbVVtVW1lq1V
tVatVbWVtZW9lb2VtZW1VbVVrRStFa1VrVWtVa1VrVWtVa1VrVWtVaUUrVWtVa1V
rVWtVa1VrVWtVa1VpRWlFZzUnNSclIySjJKMUYxSjJKMkoySlJOUk4yTjJOEk4ST
fFKEkoRShFJ8EXwRc9Bjj2OPSsw6CTnIMccphilGMYZzjnOOc45zjnvPe89zjnOO
e49zj3OOc457jnOOc01rDFrKYohzCouNg8+MD5SRlJGUkZzSnJKUUYwQnJGUUJRQ
lFCUUZySnNOk05zSnJGckZyRlFGckqTTrROtFK0UrRS1FK0UpNO1FLUUrRS1Fa0U
rRStFLVVtVa1VrVVtVW1VbUVrRStFLVUtVS9lbVUtVW1Va0UpNOlE6TTrROlFKUU
nNSc05zTnNOUkqUUpRSlFKUUpRSlFKUUpRStVZzTpRSlFKUUnRSdFZzUlNOUk4xS
jJOEUoyShBGEUYxSjJKEUYRShFKEUoRRfBF8EHQQY89rz1NMOgk6CDnHKYYxhjGG
c45rjnOOc457z3uOc45zjnvPe85zjXOOc45zTmtNawxailqJYsqDzYQOjA+UkJSR
nJGckpySjBCMEJSRnJGc0ZyRnNGckZyRnJGMEJRRnJKk06UTrRStFK0TpNKckaSS
rNOs06zTtVW1VbVVtZa9lr2WvZa9lr2WvZa9lr2WtZW1lrWWtVa1VbVUvZW1VLVU
tVWckpyTpRStFKUUrRStVa1VrVWtVq1VrVWtVaVVrVWlFaUVpRWc1ZzUpRWUkpST
lJOUk4xRjBGMUoyTlNOU05TTjNSM04SThFKEU4STa9Br0HxSfFKEUXwQfBB0EGPP
Y89bTToJOcgxxzGGKYYphnOOa45rTXOOe89zjnNNc457j3vPc45zjnOOc45rTWLM
WopaiGtKg82DzowPlFGUkZSRlJGckZyRnJGckowQjA97THNNe8+UkpySnJKc06TT
pNOckaTSpNKc0pzSpNOtFLVUtVW1VLVUtVW1FLUUtRS1VbVVtZWtVLVUvVW1FLVU
tVW1VbVVvVW9Vr2VvVW1VbVUrRStFa0VrRWtVa0UrRStVK0UrVWtVa1VrVWtVa1V
rVWtVa1VpRSlFKUVpRWdFZTVlNSMk4RSfBGEEYRRjJKMUYxSjJKMk4yTjJOMk4xT
hFOEUoRShBF8EXwRc9Brj2uPY046CTnIMccphimGKYZzjnOOc01zjnuPe45zTXNO
e457jnNNc45zjmtNaw1ay1KJYsuMEIPPg8+MEJRRnJGUkZSRnJGckoOOYotaiovQ
jBCUUZySpNKkkpxRlFCcUZxRnJGk06TTrRStFK0UrRStFKTTnNKckqTSrROk07UU
tRWtFbVWrRW1VbVWtVa1Va0VnJKkkqUTrVS1lbVVtVW1VaUUpNOc0qUTnJKUkpSS
pNSc05zTnNOc1KUUpNSlFKUUlJKMUZzTlJKUkpTSlJKc05TTnRSU1JTUlNSU1JTT
hJKEkoSShFJ8EYRShFGEUYRRhFGEkoRShBF8EXQRa89jz2OPOgk5yCmGKUUpRTFG
c45zjXNNc45zjnOOa01rTXOOc45zTXNNc01zTWsMYstSSWMMjBCDz3vPg8+UUJRR
lJGckZSRlJGMUIxQlJGc0pzSlFGUUYxQlFCMD5SQnNKk06TTpROs06zTnFGcUJxQ
pNKc0qTTpNOtFLVVtVW9Vr1WvZa9lr2WvZa9lr2WtZa1lq1VtVWtFa1VtVW1VbVV
rVSk05zSpROlFKUUpRSlFa1VrVWtVa1VrVWtVa1VrVWtVaUVnNSc1JSTlJKUkoRR
jFKMUpSTjFKMUoySjJKMkpSTjJOMkoyThJOEk3xSfFJ8UXQQhFKEUoRRfBF8EWvQ
Y49jj1sOQkoxhzGGMYYphnOOc45rTWtNc45zjmtMa01zjnOOa45rTXNNaw1jDFrK
UkljDIQQe8+Dz4wPlFGUUZRRlFGUkZyRnJGckZSQjA+UUIwPjBCUkaSSpNKk0qTS
nJKkkpyRnJKk05ySpNOtFK1UrVWtVbUVtVW1VbVVtVW1VbUVtVW1FbVVvVW1VbUU
rRStFK1UtVW1Vb2VtVS1VLVUrROtVK0UrRStFK0UrRSlFKUUpRSlFKUVpRSlFKUU
pRWtFaUVpRWlFaUVnRSdFJUUlNSU1IyUjJOEUoRShFKMk4yTjJOMkoyTjJOMk4ST
hJOEU4RShFGEUXxRfBBrz2PPY89jj0qLMYcxhzFHKUZzTnNNa0xzTXOOc45rTWtN
c45zjmtNa01rTWtMYwtaylJJawuED4POe86ED5RQlFGcUZSRlJGED5RQlFGUEJQQ
nJGckpySnNKckpySlFGUUJSRnNKc0qUTpRSlFK0UrRS1FK0VpNSlE6UTpNOk060T
tVW1lrVVtVW1VbWWtVWtFKzUrNSkkqTSrVS9VbVVtVStVK1UnJKUkZSRlJKc0pzT
lJKMUZSSnNOc05zTnNOlFJzTnNSc1KUUlJKUkpTTlNOU05TTlNOU1JTUlNSUlIyT
jJOMk4yThFOEk4yTjJKEk4SThJOEUoRRfFF8EHwQc89rj2uPY45SyymHMYYxhilG
a05rTmtNa01rTXOOa01rTWuNc41rTWtNaw1rDGLLWopSCFqKc0yDzoPOhA+MUJSR
lFGUUZRSjFGUkZSRnJKckZyRlFGUkZSRjFCUkpySnJKk06TTpNOk06TTnNKk06TS
rRStFK0UrRWtFa1WtVW1VbVWtVa1lrWWtZa1lrWWtZa1lrVWrVWtFa0UtVW1VbVV
tVWtFIwQlJKc05zTpRStVaUUpRSlFKUVpRWlFaUVpRWlFaUVpNSlFJzTlNOU04zT
hFKMk4ySjJKMkoySjJKMkpSTjJOMk4yThJOEk4SThJOEk4SThFKEUoRRfBF8EXQQ
a89jz2OOUwwxhzGHMUcpRmsNa0xrDGtMa01zTWtMYwxrTWtNYwxjDGMMYstSSVJJ
SghrDIPPe857zoQPlFCUUJRQlFGUUZRRlFGUUZRRjA+UUJRQnJGckZySnNKc0pyR
nJGUUIvPnFGckqTTrROtFK0UrRStFK0UrRStFK0UtVStVLVUtVS1FK0UtVWtFa0U
tVWtVa1VtVW1VbVVtVW1VK1UrRWtFKUUrRStFK0UrRStFa1VrVWtFa0UrRSlFKUU
pRWlFKUVpRSlFaUUpRSdFJUUlNSU1JTUlNSMlISThFOEUoRSfBGEUYRRhFKEUoRS
hFKEUoRShFKEUXwRdBBz0GvQY9Bjj1tOMYgxhzGHKUZrTWtNa01jDGtNa01rTWMM
a01rTWMMawxrDGLLWotailJKc02Dz3vPe86ED5RQlFCUUZRRlFGDz4wQjFCUkYxQ
lJGUkZSSlJGckpyRlFCMD5SRnJGckqTTpNOk06TTpNOk06TTpROc05RRpNOk060U
rROtFK0UrRWlFK0VpNOk1KzUpRSc05ySrRS9VbUUtRS1FK0TpNOc06TTnNOc05zT
nNOlFKUUpRSc04xRjFGUkpzTjFGMUZSSlJKUkpSSlJKMkpTTlNOU05TTlNOU04zT
jNOMk4yThJKEU4RTfBJ8EnwRfBF8EYRShFJ8UXwRdBBrz2PQY49bTjHIKYcphilG
YwxrTWtOa01rDWsMc01zTXNNa01rDGMMYsxay1qKWolSSXNOg8+Dj3vOhA+MUIxQ
lJCUUZRRjBCUUZSRnFGUkpSSjFCMUJRRlJGUkJySnJKck6TTnNKk0pySnJGUUZRR
nJKk06TUrRSk1KUUrRS1VbVVtVW1VbVWtVa1VrVWtVatVq1WrRWlFKUVtVS1FLUU
rRSckpzTnJOc06UUpRSlFKUUpRSlFKUUpRSlFJzTnRSdFJzUlNOUk5TTjJKMkoxS
jFGMUoxSe9BjDYxRhBGEEYRSjJOMkoyTjJOMk4xThJOEUoRSfFGEUnxSfFF0EXQR
a9Brz2OPW04xySmGKUYpRmsMY0xrTWtNa0xrDGtMa01rTWtNaw1iy2LLWopSiVJJ
SkhzjnvPe457joQPjFCMUIxQlFCUUZRQlFGMUIQPjA+MEJRRlJGUkpySnJKkkpxS
nJKckpRRlJKckpySnJKck6UUrRStVa1VrVWtVbVVtVW1VbVVtVW1Vr1WtVa1lrVW
tVa1VrVWrVa1VbVVtVStVK1TpROlE6UUpRSlFKUUpRSlFKUUpRSlFKUUpRSlFKUU
pRSlFKUUpRSlFKUUnRSdFJ0UnNSU1JSThFKMk3wRfBKEUoRShFKEUnwRhFKEUoRS
hFKEUoRSfFKEUnxRfBF0EWvQY9BjkFtPOksphymGIUVjDGMMaw1rDWsMYwxjDGtN
a01rDWMMYstiy1qKUklaiVJJe857jnuOe42ED4xQlFCUUJRQlFCDz4xQjFCMUYyR
jFGUUZRRlJGUkoxQjFCMUJRRnJKck5zTpNSk1KTUpNStFK0UrVWtFK1VrVW1VbVV
tVW1VbVWtVa1lrWWtZa1lrWWtVa1VrVWtVW1Va1UrVStFKUUpNOc06TTpNOc0pyS
pRSlE5zTnNOc05zTnNOc1JzUlJKMkpSSnNOc05zTnNSc05STlNOU05TUlNSM1IzU
jJOMk4xThJJ8UnxSfFF8UnQRfBF8EXxShFJ8UnQRdBFr0GOQY5Bbj0KLMYcpRylG
YwxjDGtNaw1rDGLMYwxrDGsMaw1jDGLLWstSilJJUklSSGLLawx7jXuNjA+MEIxQ
jFCMUYxQjFCUUZRRlFGMEYQQhBCMUIxQlFGUUZRRnJKckpySnNOc0qUTpNOk1KTU
pRStFK0UrRStVbVVtVW1VrVVvVW1VbVVtVW1VrVWtVa1VrVWtVa1VrVVtVWtFK0U
rRSc05zTnNOk06TTpRSc06UUpRSc1KUUpRSlFKVVpRWlFZzUnNOc05zTnNOUkpST
jJKEUYRRjJKEUYySjFKMUoySjJKMkoyShJKEUoRShFKEU3xSfFJ8UnxSfBJ0EXQR
a9Bj0GPQW49CzDGHKUYpRmMMYwxrDWsNYwxjC2MMawxrDGsMYwtiy1rKUklSCFIJ
UgiDzoPOe417jYwPjA+MEIwRjBCUUIwQjBCMUXuOc457z4wQlFGUUZRRlJKckpyS
nJKckqTSpNOk06TTpNSs1K0UrRStFK1UrRStVbUVrVWtFLVVrVWtVK1UrVWtVa1V
rVW1VbVVtVW1VbVVtRStFK0UpNSk06TUpRSlFKUUpRSlFKUUpRSlFKUUpRSlFKUU
pRSlFKUUnRSlFKUUpRSdFJ0UlRSU1JTUlNOMk4RShFKEUnwRfBB8UWuPfBB8EXwR
fFF8UXxSfFJ8UnxSdFF0EWvQY9Bj0GOPU04xiCmGKUVjDGLMYwxrDGMMWstjDGML
Y0xjDFrLWopailJJUglSCVJJe857jnuNe42EDowQjBCMEIwQjFB7jYPQjBCEEIwQ
jFGUUZRRlFGcUZRRnJKckpySnNKc0qTSpNKk06UTpROk06TTpNOckqzTrNOk05yS
nJKk0qTTpNOtFK0VpRSk06TTpNOtFKzUrRS1VK0UrRStE6zTpNOk06TTnNKc05zS
lJKc05zTnNOc05zTnNOU04xSlJOUkoySlNOUk4ySlJOU05TTlNOU05TUlNSU05TT
jNOMk4SThFN8EnwSdBF0EXPRa9Bz0HwRhFJ8EnQRdBFsEGPPY9Bjj1tOMYgxRylF
Ywxiy2sMawxrDGLLasxrDGsMYwxiy1qKWopSSVIISghSSYPPe457jXONhA6MD4wP
jBCMUIxQjFCMUIxQjFCMUJRQlFGUUZRRlFGckZySnJKckpySnJKckpySnJKckpyS
nFGkkpySlFGk06TUpRSlFKUUrVStFK0UrVS1Va1VrRStFK0UrRWk1KTTrRStFK0U
rRSUkpRRnNOc05SSlJKUkpzTnNOlFKUUpRSk06UUnNSU1JzUlNOU05STjJKEUYSS
jJKMk4RShFKM04zUjJOMk4yTjJOMk4yTjJOMk4yThFOEUnxSfFJ8UnxSfFJ0UXQR
dBBrz2vQY49jTjHIKUYpRWLLWstjC2MMYwxay2MMYwxjDFsMWstailqKSklKCEoI
Ukl7jnuOe41zjIwPjA+MD4wPjBCMUIwQe86MD4PPhA+MUZRRlFGUUZSRlJGUkZSR
nJKMUIQQe8+UUZySnJKckqTSpNOlE60UrVStFK0UrVWtFa0VrRW1Va1VrVWtVa1V
rVWtVa1WrVWtVa1VrRStFKzTnNKc050TnROlE6UUpRSlFKUUpRSlFKUUpRSlFKUU
pRSlFJ0UpRSdE50UnRSdFJTUlNSUk4yTjJOU04zTjJOMk4yTjJOEk4SThJOEUoRS
hFKEUoRShFJ8UnxSdFF0EXQRa89jz2PPW04yCSmGIUVay1rLYwtjC2MLWspjC2ML
Ywxiy1qKUolSiUpISghKB1KIe41zjXONc02ED4QPjBCMEIwQjBCDz3NNhA+MEIwQ
jFGUUZRRlFGUUIwPlA97jpRQjFGMUZRSnJKk0qTTpNOk06TTpNSk06STpNOk05yS
pNKlFJzTpNOk060TrRSUUZzTpNOk1KUUrRStVK0UrROtE6TTpNOk06TTpNSlFKUU
pRSlFKUUpRSlFKUUpRSlFJ0UpRSlFKUUnRSdFJ0UnRSdFJzUlNSU1JTUlJOU04yT
jJOMk4yTjFOEkoSThFOEUoRShFKEEoRSfFJ8UnxSdBJ0EWvQa9Bj0FuPOosphylG
Wstai2LLYstiy1qLYstiy1rLWstaylKKSklKCEHHScdSCGKKawxzTHOMhA6EDowO
jA+MD4xPjA+MUIxQjFCMUIwQlFGMEIPPjA+MD5RQlFGckpySnJKckpySnFGUUYwQ
jBCUUZySlBGcUpySlJKUkqUUrRSlFKTTrRStFa0UnNOc06UUnNOc05zTpNStFKUT
rROk05zTnNOc06TTnNOc05zTpRSlFKUUpRSlFKUUpRSdFJ0UnRSdFZ0UnRSU1JzU
nNSU1JTUlNSM1IzTjNOM04yTjJOEk4yTjJOEk4SSfFKEUoRShFJ8UnxRfFJ8UXxR
dBBr0GPQY9Bbj0LLKYcpRlqLWotai2LMWstaimKLWotay1rLWopSSVJJSghBx0HH
UolzzmuMa4xzjYQPhA+ED4QPhA+MD4wPe85zjXuNg857zoxQjBCUUJRRlFGUUZxR
lFCUUJyQg857jZRQjA+MEIxRnJOc06UUpROlFK1UrRStFK0UrRWtFa1VrVWtVa1V
rVWtVa1VrRWtFa0VrROtE6UTpNOc05zTnNOc05zTnNOc05zUnNSdFJ0UnRSlFJ0U
nRSdFJzUlNSc1JzTnNSUlJTUlNSU04zTlJOMkoyTjJOMk4yTjJOMk4yShFKEUoRS
hFKEUnxSfFJ8UXxSdFJ0EXQRa9Bjj2PQW49LDCmHKUZaylKKWstay1sLWopailqK
WspaylKJUkhKCEHHQcdBx1qJc41rjGuMa4yEDoQOhA+MD4QPjE+MUHONc42ED4wQ
jBCMUIxQjFCMEIwQjBCMD4OOlBCUUIwPlFGckpySnJKck6TTpNOk1KUUpNOk05yS
nJKc0pzSpNKk0qTTpRSk060UpNStFK0UrRStFK0TrNOlE5zTnNOc05yTnNOckpSS
lJKc05SSlJKc05zTnNOc05SSnJOc05zTlJOUk5zUlNSU05TTjNOMk4yTjJOMk4yT
jJOEk4SThJOEU4RShFKEUoRSfFJ8UnxSfFJ8UXRRdFF0EWvQY89j0FuPU00pxylG
UotSi1LKWstay1KKUopailqKWopSSVJISghCB0HHQcdSinuOc0xzTHOMg86DzoPO
hA+MD4wPjA+MD4QPhA+ED4QPe41zjWtMg86ED5RQjFCUkZSSlJKckpSSnJKckpyS
lJGc0pySnJKMUZzSlJGMUJRRnJKc06TTnJKc06TTpRSlE6UUpVSlFKUTrROtE60T
pNOk05zTlJKMUYxRjFGMUYxSlJOUk4ySlJKMkpSSlJKUk5SSlJKUk5STjFKMk4yT
fBF8EXxRfBF8EXwRhBJ8EXwRhFGEUYRShFKEUoRShFJ8UnxRfFJ8UnxSfFJ8UXwR
dBFsEWPQY9Bjz1tOMcgpR1qKUkpai1qLWstSilKKWopailqKUklKCEoIQcdBh0nH
Yop7THMMcwxzTIPOg86Dz4QPhA+ED3wPe857znONa0x7zXOMe86ED5RQlFGUUZRR
lFGUUZRQlBCMUIPOlFCc0pRSnJKc05zSnJKk1KTUrRSlFKUUpRStFK0VrRWtFK0U
rRWtFa0VrRStFK0UpNOlE6UTpNOck5SSlJKUkpSSnNOc05zTnNSc05zTnNOc1JzU
nNSU1JzUlNSU1JSUlNOU04ySjJKMkoRSfFF8EXwRc9Bz0HvRdBF8EXPPdBB8EYRS
c9Bz0HxRfFF8UXxRfFF8UXQRbBBr0GPQY9BbTzHJKUdailJKWopSi1qLSopSilqL
UopSilJJSglByEHHOcZBx2KKe01rDGsMc0yDzoPOg86DzoPPe857jYPPe457z4QP
hA+EEIQQjBCMUIQPhA+ED4QQhBCMEIxRlJKUkpySnNOc05zTpNOk06TTpNSk06TU
pRSk060UrRSlFKUUpNOk1K0UpRSlFKUUpRStFKUSpRKk0qTSnNKc05yTnNOc05yT
nNOc05zTlJOUkpzTnNOc05zTlJOUk5STlNOU05TTlNOU05TTlNOMk4yTjJOMk4yT
hJOEU4RSfFJ8EXQRc9F0EWvQa490EHxRfFF8UnRSdFF0EWwRa9BjkGOQW08ySymH
WopSiVqKUopSikpJSklSilKKUopSSUoIScdBxzmGQYZKB1pJawtrS3NMg86DzoPO
g86Dz4PPg86ED4QPhA+MD4QPe857z4QPjBCDz4PPjBCMUZRRlFGcUZRRlJKUkpyS
nJKckpySnJKMEJxRnJGckpyRjFGMUZzTnNOck5SSlJKc05SSnNOc05yTpNOs06TT
pNOc05zSlJKMkYxRhBB7z4QQlJKc05SSlJKUUpSSlJKUkoQRfBB8EIyShJGEUYRR
hFGEUXwQfBCEEYRRhBGEUYRShFKEUoRSfFJ8UnxSfFJ8UnxSfFJ8UnxSfFJ8UnQR
dBF0EWvRY5BjkVuPQosph1KKSklSiVKJUopKSUpJUopSilJJSglKCEIHOcc5hjmG
WoprTGMLYwtzTHuOe857znvOg8+Dz4PPg897jnuOe857jXONe8+Dz4wQjBCMEIxR
jFGMUIxQjFCMEIwQjBCUUZRRlFGUUZyShBCUkZzSnNOk05zTnNOc06UUpRSlFKTU
pRSlFKTTpNOc06TTpNOk06TTnNKckpSRjFGMUYxRjFGMUpSTnJOUk5STlNOU05TT
lNOM04yTjJOMk4yTjJOEkoSShFJ0EXPRdBB0EGvPdBB0EHPQdBB0EHPQhFJz0HPP
dBB0EHQQfFF8UnxRfBF0EXQRdBFr0WOQY9Bbj0LMKYdSSlJKUkpSSlKKUklSSVKJ
UklSSUoISchBx0HHOYY5hlrLa0xrC2MKa0x7jXvNg86DzoPOc0trC3uMe417zoPP
g86EEIQQhBCEEIwQg8+Lz4PPastzTHvOg86MEIxRjFGMUZSSnJOc05zTpNOk06zU
pNSlFKUUpRSlFKUUpRSlFKUUpRSlFKUUpRSlFKTTpNKk0pySnJKUkpSSlJKUkpSS
lJOc05zTnNOc05TTnNOc05zUnNSU1JTUlNSU1JTUlNSU1IyTjJOMk4yThJOEk3yT
fFN8UnxSfFJ0EXRRdBFr0GvQa9Br0HxSfFJ8UnwRdBF0EXQRa9Br0GPQW49LDinH
UkpSSVJJUklSSkpJUklSSVJJUkhKCEIIOcc5hzmGOYZiymtMYwtjC2tMe817zXvO
e857znONc46Dz4PPg8+Dz4PPg857znvOe817jWsLc42Dz3ONg8+UUZRRlFGUkZSS
lJKckpySnJKk06TTpNOk1KUUpRSlFKUUpRSlFKUUrRStFKUUpRSlE6UUpRSk06TT
nNKc0pSSlJKUkpSSlJKUkpzTnNOc05zTnNOc05zTnNOc05zTnNOU05TTlNOU05TT
lNOU05TTjNOM04yTjJOMk4yThJOEk4RShFJ8UnxSfFJ8UnQRdBF0EXQRdFF0EXQR
dBB0EWwRa9Fj0VvQU04piFJKSklKSUpJUklKCUpJSklSSEpISghJyEHHQYc5hjmG
YsprDGLLYspzS3uMe417zoPOe897znvOe857zoPPc01rDGLLc017joPPg86ED4wQ
jFCMUYxRjFGUUZRRlFGUkZSSlJKc0pzTnNOk06TTpNOk1KUUpRSlFKUUpRSlFKUU
pRSlFKUUpROlFKUUnROc05zSnJKUkZSSlJKUkpSTlJOUk5STlJOUk5TTlNOU05TT
lNOU05TTlNOU05TTlNOUk5STlJOUk4ySjJOMk4yTjFOMk4yShJKEkoRSfFKEUoRS
fFJ8UXxRfFF0UXQRdBF0EHQRdBF0EGwQY9BbkFuOMchSSUoISklKSUpJSklKSUpJ
SklCCUIIQchBxzmGOUU5hWLLawtiymLKc0t7jHuMe42DznvNa0trC3NNawt7jmtN
a01zjoQPhA+ED4wQjBCMEIwQlFCMUYxRlFGUUZRSnJGckZySnJKckpzTnNOk06TT
pNOk1KTUrNSlFKUUpRSlFKUUpRSdFKUUpRSlFKTTpNKk0pSSlJKUkpSSlJKUkpSS
lJKUkpSTlJOUk5STlJOUk5TTjNOU05TTlNOU05TTlNOMk4yTjJOMkoyTjJOEk4ST
hJOEU4RShFJ8UnxSfFJ8UnxSdFJ0UnxSdFF0EXQRdBB0EXQRbBFr0WPRY9BbjzoK
SkpKSUpJUklSSVIIUghSCEoJSghBx0HHQcY5hjFFMUVKB1JIYspiynNLc417jXuN
e417jWtMa0xzjXuNg857znvOg8+Dz4QPjA+MEIwQjBCMEIwQjFCMUIxQjFGUUZSR
lJGUkpSSnJKckpyTnNOc05zTnNOc06TTpNSk1KUUpRSlFKUUpRSlFKTUpNSk05yS
nJKUkoxRjFGMUYxRjFGMUYxRlJKUkpSSlJKUkpSSlJKUkpSSlJKMk4yTjJOMk4yT
jJKMkoySjJKEkoSShFKEUYRShFKEUnxShFN8UnxSfFJ8UnRSdBJ0EnQSdBF0EXQR
dBF0EXQRbBBr0GPQW486i0pJSghKSUpJSklKCUoISghKCEHIOcg5xzmHOYYxRTGG
YstjC1rKYsprTHONc41zjXPNc417jXuNe857znvOe897zoPOg8+MD4wPhA+ED4wP
jBCMEIwQjBCMUYxRlFGUkZRRnJKUkpySnJKck5zTnNOc1JzTnNOk06UUpRSlFKUU
pRSlFKUUpRSk1KTTpNKc0pySlJGUUYxRhBCEEJSRhA+EEIxQhBCED4QQjFCED4RQ
jFGEUYRRjJKM0oySjJKMkoSShJKEkYySjJKMkoRSfFF8UXxRfFF8UXxSfFF8EXwR
dBB0EXQQdBF0EXQRdBF0EXQRc9BsEWvRa9Fj0FuPQoxKSEoISghKCEoIQgdKCEoI
SghJx0HHQYc5hzlGMUUxRmLLYspiiWKJcwtzTHONc41zjXONc417jXvOe857znvO
e858DoQOhA+ED4QPhBCEUIQPhBCEEIwQjBCMUIxQlFGUUZRRlJGUkpSTnJOc06TT
pNOlE6TTpNOk1KTUpNSk1KTUpNSk1KTUpNOk05zSlJGUkZRQjFGUUYPQhBCMUoRR
hFGEUYRRhFGMUZSSjFKEUoRShJKMUoxSlJOMk4xSjJOEkoyThJKEUoSTfFJ8EXPQ
a9B0EXPQc9B8EXwQfBF8UnxSfFJ8UnwRdBF0EXQRdBF0EWwQa9Br0GPQY9Bbj0rN
SglKCEoISghKCEIIQgdCB0IHQgdBxkHGOYY5RTEFOUZiymLKWolaiWtLa0xrTHOM
c41zjXONc417jXuOe857z3vOe897znvOg8+ED4QPhA+ED4QQjBCMEIwQjFCMUJRR
lFGUkpSSlJKUkpySnJOck5zTnNOc05zTpNOk06TUpNSk1KTUpNOc05zTnNOc0pyR
nJGUkZSRjJGMUYxRlJKUkpSSlJKUkpSSlJKU05TTlNOU05TTlNOU05TTlNOUk5ST
jJOMk4yTjJOMk4SThJOEkoRShFJ8UnxSfFJ8UnQRfFJ8UnxSfFF8UXxRdBF0EXQR
dBF0EHQQbBBj0GPQY9BTTkoIQghKCEoIQkhCCEHIOchBx0HHQYY5hjlFMUUxBDmF
YstiylqJWslrC2tMc0xzTHONc41zjXOOc457jnuOe457znvOe857zoPOg8+Dz4QQ
hBCEEIwQjBCMEIwRlFGUUZSRlJGUkZSRlJKck5yTnJOc06TTnNOdE5zTnNOk06TT
pNOk05zTnNOc05zTnJKUkZRRlJGUUYxRjFGMUYxRlJKUkpSSlNKUkpySlJKUkpTT
lNOU04zTlNOU05TTlNKUk5STjJOMk4yTjJOMU4xTjFOEkoSShFKEUoRRhFKEUnxS
fFJ8UnxSfBF8EXQRdBF0EXQRa9FsEGwQY9Bj0GPQW49KCEIHQcdCCEIIQcg5x0HH
Qcc5xzmGOYYxhjFFMQQ5hmLKWolaiVqJawtrDGtMc41zjXuNc41zjXPNc41zjnuO
e857zoPOg86DzoPPg8+ED4QPhA+ED4QQjBCMEIxQjFCMUYxRlFGUkpSSlJKUk5ST
nNOc05zTnNOc05zTnNOc05zTnNOc05zTnNOc05SSlJGUkZSRjFGMUYxRjFGMUYxR
jFKUkpSSlJKUkpSSlJKUk5STlJOUk5STlJOU05STjJOMk4yTjJOMk4yThJKEkoSS
hJKEknxShFKEUoRShFJ8UXxRfFF8UXxRfBF0EXQRc9F0EWwRbBFsEGvQY9Bj0GOQ
QcdBx0HHQcdBx0HHOYdBxkGGOYY5hjlFMUUxRTEEOUVBxlIHWolaiWsLa0trS3NL
c01zTXNNc41zjXPNc41zjXvOe857znvOe857z4PPe8+ED4QPhBCEEIQQhBCMEYxR
jFGUUZRRlJGUkZTRlJKUkpyTnJOc05zTnNOc050TnNOc05zTnNOc05zTnNOckpSR
lFGMUYxRjFGMUYxRjFGMUYxRjJGMkpSSlJKUkpSSlJKUkpSTlJOUk5STlJOUk5SS
jJOMk4yTjJOMkoyShJKEkoSShFKEUoRShFJ8UnxSfFJ0UnxSfFJ8EXwRdBF0EXQR
dBFsEGwQY9Bj0GPPY9Bjj0GHQcdBh0HHQcg5xjmGOYYxhjGGMYYxhjFFKUQpRDmG
WopailKJWolrC2tLc0xzTGtMc01zjXONc417jnuNe457jnvOe857znvOe857znvP
hA+EEIQPhBCEEIQQjBCMUIxRjFGMUZRRlFKUkpSSlJKUkpySnJOc05zTnNOc05zT
nNOc05zTnNOc05zTlJKMUYxRjFGEEYxRjFGMUYxRjFGMUZRRlFKUkoySlJKUk5ST
lJOMk5STjJOMk4yTjJOMk4yTjJOMk4ySjJKMkoSShJKEkoRShFKEUoRSfFJ8UnxS
fFJ8UXwRdBF0EXQRdBF0EXQRbBBr0GvQY9Bjz2PQW5A5xjnGOYY5hjnGOcY5hjmG
OYYxhjGFMUUxRTFEMQRBxmKKUolSiFKJYwtrC2tLa0trTHNNc41zjXONc41zjXOO
c417jXvOe857zoPOg86Dz4PPi8+Dz4QPhA+ED4QQjBCMUYxRjJGMUZSRlJGckpSS
lJKUkpySnJKck5zTnNOc05zTnNOc05zTlJOUk5SSjFGMUYRQhBCEEIQQjFCMUYxR
jFGMUYxSjFKMkpSSlJKUkpSSlJKUk5STjJOMk4ySjJKEkoySjJKMkoSShJKEUoRS
hFKEUoRShFJ8EXxSfFJ0UnxSfFF8EXQRdBF0EWwQbBBsEGwQa9Br0GvQY9Bj0GOQ
OYU5hTmFOYY5hjmGOUYxhTGFMYUxRTFEMUQxBDEEQcZailKJUohSiWsLawtzC3NL
c0tzjHOMc4x7jXONc41zzXONe417jnvOe857znvOe857zoPOhA+ED4QPhBCEUIxQ
jFCMUYxRjFGMUZRRlJKUkpSSlNKUkpSSnJKc05zTnNOck5yTlJOUk5STlFKUkYxQ
jFCMUIQQhBCEEIQQhBCMUYxRjFGMUYxSjFKMk4yTjJOMkoyTjJOMU4yTjJKMkoyS
jJKMkoySjJKEUoRShFKEUoRShFKEUoQShFJ8UnxSfFF8EXwQdBF0EXQRdBF0EGwQ
bBBsEGvQY9Br0GOQY9Bj0DFFMUU5RTlFOUU5hTlFMUUxRTFFKUUpRClEKQQpBEHG
WolSSVJJWolrC2sLa0trS2tMa0xrTGtNc01zjXtNc41zjnONc81zzXvNg857znvO
g86Dz4QPg8+ED4QPhBCEEIxQjFGUUYxRjFGUUZSSlJKUkpzTlJKUkpSSlJKUkpSS
lJKUkpSTlJKMUpSSjFGMUIwQhA+ED4QPhA+EEIQQhBCMUYxRjFKMkoySjJKMkoyS
jJKMkoySjJKMkoySjJKMkoySjJKMkoSShFKEUoRShFJ8UoRShFKEUnxSfFJ8UXxR
fFF8EHQRdBF0EXQRbBFsEGwQa9Br0GvQa89jj2OPY48xBCkEKQQpBCkEMQQpBCkD
KQMowyjDKMMowyDCIMJBxlqJUkhSSFpIawprCmsKawprDGtMa0xzjXNMc01zTXON
c41zjXONe417jXvOe857zoPOhA+ED4PPhA+ED4wQjBCMEIwQjBCUUYxRjFGMUZSS
lJKUkpySlJKUkpSSlJKUkpSSlJKUUpSSlJKUkYxQhA98DnwOfA57z3vPhA+EEIQQ
hBCEUIRRjFGMUYxRjFKMkoySjJKMkoySjJKMkoySjJKMkoSShFKEUoRShFGEUoRS
hFKEUnwSfFJ8UnxSfFF8UXwRdBF0EXQRdBFz0GwQbBBsEGvQa9Bj0GPQY9Bj0FvQ
IIIggiCCIIIggiCCGIIggiCCIIIggiCBIIEYgRiBMURBxkpIUolSiWMLYwtjC2ML
awtrTGtMa0xzTHNMc01zTXNNe41zjXONc41zznvOe857znvOe897z3wPhBCEEIQQ
hBCEEYxRjFGMUYxRjFGMUZSSlJKUkpSSlJKUkpSRlJKUkpSSlJKUkpSSjFGEEHvO
e817zXvOe857z3vQhBCEEIRQjFCEUYRRjFGMUYxSjFKMUoxSjFKMUoySjJKMkYSS
hJKEUoRShFKEUnxShFJ8UoRSfFJ8UnxRfFF8UXxRfFF8EHQQdBBsEWvRbBFsEGwQ
bBBr0GvQa9Bj0GPQW89bjyCBIIEggSCBIIEggSCBIIEggSiBIIEggCCBGIEYgUIG
UolKSEqIUohbCmMKawpjC2MLYwxrTGtMc0xzTHNMc0xzTHONc41zjXONc817jXuO
e457z3vOe857z3vPhA+EEIQQhBCEEIxRjFGMUYxRjFGMUYxRlJKUkpSSlJKUkpSS
lJKUkoySjJGMUYwQhA9zTHNMc4xzjXvOe898D4QQhBCEUYRQhFGMUYxRjFGMUYxR
jJGMkoyShJKEUYRShFKEUoRShFKEUoRShFKEUoRSfFJ8UXxRfFF8UXxRfFF8EXQR
dBF0EHQRdBFz0WwQbBBsEGvQa9Br0GvQY5Bj0GOPQkogQSCBGIEYgSCBGIEggSCC
IIIggiCCIIIggSCBGIFBxlpJSkhKSFKJWwpaymMKYwtjC2NLawxrTGtMa0xrTGtM
a0xzTXNNc417jXuNe857jXvNg857znwOe858D3wPhA+EEIQQhBCEEIxRjFGMUYxR
jFGMUZSRlJKUkpSRjFCEDnvNc4xrS2LKWohKB0GFKMIwwzEDMQMxAzkEMQMxAzFD
MUMxRDFEMUQxRDmEOYQ5hDnFOcVBxUHGQcZBxkHGQcZKB0oHUkhSiVrJWwpbC2NL
Y0xjTGuMc817znQPdBB8UHxQdFB0EHQQa9Br0GvQY9Br0GPQY9Bj0GPPY886SRiD
IEEgQSBBIIEggSCBIIIggiCCIIIggSCBIIEYgRiBSgdSiUpISkhSiVrKYspqy2rK
awprC2sLa0trS2tLa0trTGtMa0xzTXONc41zjXONc417jXvOe857znvPe897z3wP
hA+EUIRQhFCED3PNc0tqyWJHUgZJhTkDMMIogSiBIEAgQBhAGEAYQBhAGEAgQRhB
GEEQQRBBEEEQQRBBEEEQQRBAEEEQQRBBEEEQQRBBEEEQQRBBEEEQARABEAEQARAB
EAEQARABEAEQARABEAEQARABCAEIAQgBCEEQQRBBEIEYgiDDKQQxRTGGOcZCB0JI
SohKylLKUwtbDDpIGIIYghhBIIIggiCBIIEggSCBIIIggiCCIIIggSCAIIEggUIH
UkhKB1IIWoliymLKYspiy2LKYwpjC2sLawtrS3NLa0xrTGtMa0xrTHOMe4x7jXON
c417znvOe817jXNMaspiSFHGQUQ5AyiBIEEgQBhBGEEYQRhBEEEQARABEAEQARAB
EAEQARABEAEQARgAIEEggRiBGEEQQBBAEEAQQBBAEEEQQRBBEEEQQRBBEAEQARAB
EAEQARABCAEIAQgBCAEIAQgBCAEIAQgBCAEIAQgBCAEIAQgBCAEIAQgBCAEIAQgB
AAEIAQgBCAEIAQgBCAEIAQgBEEEYQRCBGIIYwhiCGIIYgRiBIIEggSCBGIEYgRiB
GIEYgRiBGIEYgRiBIIJKCFIISghKCFKJWspaylrKWspiymLLYwtjC2NLa0xrTGtM
a0xzTHNMc0xzTGtMa0tiylpIScY5RCjDIIEYQRBAEEEQABAAEAAQABABEAEQARAB
EAEQARABEAEQARABEAEQARABEAEQARgBEEAYQCCBKMIowiDCIIEggRhBGEEQABBA
EEAQQBBAEEAIQRBBEAEQARABEAEQARABEAEQARABEAEQARABEAEIAQgBCAEIAQgB
CAEIAQgBCAEIAQgBCAEIAQgBCAEIAQgBEEEQQRiCGIEYgiCCGIMgwhjCGIIYghiC
IIIggSCBIIEYgSCBIIEggSCBIIEggSCBGIEggRiBOUVBxkoHSgdSSVqKWolaylrK
Wspiy2MLYwtjC2MLYwprC2LKWolSR0HFMUMpAiCCGEEQQRBBEAEQARABCAEQARAB
CAEIAQgBCAEIAQgBCAEIAQgBCAEIAQgBCAEQARABEAEQARABEAAYQBhAIIEowTkC
OQIwwiiCIIEggRiAGEAYQBhAGAAYQBhAGEAQQBBAEEAQQBBAEEEIQAgAEAAQQBBB
EEEQQRABEAEQARABEAEIAQgBCAEIARBBEEAQQBBAEEEQQRBBGIEYgRjCGIIYwhiC
IMIgwiCCIIIYghiCEIIQgiCBIIEggRiBGMEYgRiBGIEggiCCIIIggiCCGIIgg0oI
SghCCEoIWklaiVqJWolaiWKJYslaiVJISgdBxjlFMMMgghhBGEEQABABEAEQARAB
EAEIAQgBCAEIAAgACAEIAQgBCAEIAQgBCAEIAQgBEAEQARABEAEQARABEAEQARBB
EEAYQBhAIIAggSjBMMI5AzEDMQIowijCKMIggSCBIIEggRiAGIAYgBhAEEAQQBhA
GEAQQBBAEEAQQBBAEEAQQBBAEEEQQBBAEEAQQBBAEEAYQBhAGEEYgRiBGIEYgRiB
GIIYghiCIMIgwiDCIMIgwiDCGMEYwRjBGIIYghhCGEIggSCBIIEggSDBIIEggSCB
IIEggRhAGIEYgRiBIMFKB0oHQgdKB1JIUkhKB0HGOYUxRCkDKMIggRiBEEEIQRBB
EAEQARABEAEQARABCAEIAQgBCAEIAQgBCAEIAQgBCAEIAQgBCAEIARABEAEQARAB
EAEQARgAEAAQABAAGAAYABgAGEAYQCCAKMEowjECOQM5AzECMMIwwjDCMMEowSDB
IMEgwSCBIIAggCCBIIEYgRiBGIEYgBiAGIAYgBiBGIEYgRiBGIEYgBiAGIAYgBiB
GIEYgRiBGIEYgRiCGIIYwhjCGMIgwiDCIMIYwRjBGMIYwhjCGIMYghCCGIIQghCC
IIIggSCBIIEggRiBGIEYgRiBIIEggSCBIIEggSDBOUQxQ0GFOUQowiCCIIIYQRhB
EEEQQRBBCAEIAQgBEAEQARABEAEQAQgBCAEIAQgBCAEIAQgBCAEIARABEAEQARAB
EAEQARABEAEQARABEAEQARAAEEAQQBAAGEAYQBhAGEAYgCBAIIEowSjBKMIxAjED
MQMxAjECMQIxAjDCMMIowSjCKMIowijCKMIogSCBIIEowiDCIIEggSCBIIEggSCB
IIEggSCBIIEggSCBIIEggiCCIMIgwiDBIMIgwSDCIMIggiDCIMIgwiDCIMIgwiDC
GMIYghiCGIIYghiBGIEYgSCCIIIggiCBIIEggSCBIIEggSCBIIEggSCBIIEggRiB
IIEggRhBGEEYQRBBEEEQQRBBEEEQQRABEAEQARABEAEQARABEAEQARABEAEQARAB
EAEQARABEAEQARABEAEQARABEAEQARgBEAEQABBAEEAQQBhAGEAYQBhAGEAYQBhA
IEAggSjBKMIwwjDCMQMxAjEDMQIxAjDCMQIxAjECMMIwwjDDKMIowijCKIIowijC
KMIowijCIMIgwiDCIMIgwiDCIMIgwiDCIMIgwiDCIMIYwiDCIMIgwiDCIMIgwiDC
IMIgwiDCIMIgwiDCIMIgwiDCGMIYghiCGIIYghhBEEEYgRiBIIEggSCBIIEggSCB
IIEggSCBIIEggRiBIIEYgRhBGEEQQBBAEEAQQBBAEEAQABAAEAAQARABEAAQABAA
EAAQABAAEEAQQBAAEAAQABAAEEAQQBBAEEAQABBAEAAQABBAEEAQQBBAEEAQQBhA
GEAYQBhAGEAYQCBAIIAggCCBKIEowSjCMQIxAjECMQMxAzEDMQMxAzECMQIxAjEC
MQIpAikCKMIowijBKMIowijCKMIowijCKMIowijCKMIgwiDCIMIgwiDCIMIgwiDC
IIIYwiDCIMIgwiDCIMIgwiDCIMIgwSDCIMIgwiDCIIMYghiCGIIYQhiCEIEQgRCB
IIIggiCCIIIggiCBIIIggSCBIIEggSBBIIEogRiBGIEYQRhAGEAQQBABEAEQARAB
EAEQARABEEEQABAAEEEQQBBAEEAQQBBAEEAQQBBAEAAYQBBAEEAQQBBAEEAQQBBA
EEAQQBBAEEAYQBhAGEAYQBhAGEAYQCBBIIAogSiBKMEowijCKMIwwjECMQIxAzED
MQMxAzEDMQMxAykCKQIpAikCKQIowikCKMIowijCKMIowijCKMIgwiDCIMIhAykD
KQMowiDCIMIgwiDCIMIgwiDCIMIgwiDCIMMYwyDCIMMgwyDCIMIgwiDCIIIgwhjD
GIIYwhiCGIIQgRCBEIEQgSCBIIEggSCBIIEggSCBIIEggSCBIIEggSCCIIIggiCC
IIEgQRhAEAAYQBBAGEAYQRBAEEAQQBBAEEAQQBBAEEAYQBhBGEAYQBhAGEAYQBhA
GEAYQBhAGEAYQBBAGEAYQBhAGEAYQBhAGEAYgBhAIEAgQCCAIIEggSDBKIIogSiB
KMIowijCKMIwwjEDMQMxAzEDMQMxAzDDMQMxAzEDMMIowikCKQIpAikCKQIpAikC
KQIpAikCKMIowijCKMIowijCKMIowiDCIMIgwiDCIMIgwiDCIMIgwiDCIMMgwyDD
GMIgwiDCIMIYwhiCGIIYghiCGIIYghhBGEEYQRhBEEEggiCCIIIggiCCIIEggSCB
IIEggSCBIIEggSCBIIEggSCCIIEggRhBGEAYQBhAGEAYQBhAGEAYQBhAGEAYQBhA
GEAYQBhAGEAYQBhAGEAYQBhAGEAYQBhAGEAYQCBAGEAYQBhAIEAgQCBAIEAggCCB
IIAggSCBIIEggSiCKMEowijCKMIowijDKMMxAzEDMQMxAykDKQMpAykDKQMpAykD
KQMpAykDKQIpAikCKQMpAyjDKMMowyDCIMIgwyDCIMMgwyDDIMIgwiDCIMIgwiCC
IMIgwiDCIMIgwiDCIMIgwiDCIMIgwiDCGIIYgRiCGIIYghiCGEIYgRhBGIEQQRBB
IIIggSCCIIEggSCBIIEggSCBIIEggSCCIIIggiCCIIIogiCCGIEYgRiBGIEYgRiB
GEEYQRhBIEEYgRiBGIEYQRhBGIEYgRhBGEEYQRhAGEAYQRhAGEEYQRiBIIEggSCB
IEEggSCBIIEggSCBIIEggSCBIIEggSCCKIIowijCKMIowijCKMIowikCMQIxAzED
MMMxAzEDMUMpAykDKQMpAikCKQMpAykDKMIpAykDKQMpAykCKQIpAikCKMIowijC
IMIgwiDCIMIgwiDCIMIgwiDCIMIYwiDCIMIgwiDCIMIgwiDCGMIYwhjCGIIYghiC
GIIYghiBGIIYgRiBEIEQQSCCIIEggSCBIIEggSCBIIEggRiBIIEggSCBIEEggSCC
IIEggSCBIEEggRiBGEEYgRiBGIEggSCAIIAgQCBBIIEgQSBBIIEggRiBGIEYgRiB
IIEggSCBIIEggSCBIIEggSCBIIIggSiBIIEggSiBKIEogSCBKMEowijCKMIowijC
KMIowikCKQMxAzECMQIxAykCKQIxAjEDMQMpAykDKQIpAjEDKQMpAikDKQMhAikC
KMIowijCKMIowikDKMIgwiDCIMIgwiDCIMIgwiDCIMIgwiDCGMIYwiDDIMMgwiDC
IIIggiCCIIIggiCCGIIYgRiCGIIYghiBGIEYgRCBEEEggSCBIIEggSCBIIEggSCB
IIIYgRiBGIEYgRiBGIEYgSCBIIEggSCBGIEYgRiBGIEYgRiBIIEggBiAIIAggSCB
IIEggSCBIIEggSCBIIAggSCBIIEggSCBIIEggSCBIIEggSCBIIEggSCCIIEggSCB
KIEogSjBMMEowijCKMIowijDKMMxAzEDMQMxAzEDMQMpAykDMQMxAzEDKQMpAykD
KQMpAykDKQMpAyDCKMIowijCKMIowijCKMIowyDDIMMgwyDDIMIgwiDCIMIgwiDC
IMIgwyDCIMIgwiDCIMIgwRjCGMIYwhiCGIIYghiCGIEYgRiBGIEYgRCBEIEQQRBB
IIEggSCBIIEggSCBIIEggSCBIIEggRiBIIEggSCBIIEggSCBIIEggSCAIMEYgRiB
GIEYQRiBIIEggSCBIIEggSCBIIEggSCBIIEggSCBIIEggSCBIIEggSCBIIEggCCA
IIEggSCBIIEowSjBKMEowSjBKMIowijCKMIowijCKMIowikCMQMpAykDKQMxAzED
MQMxAzEDKQMpAikCKQIhAijCKQMpAykDKMMowyjCKMIowijCKMIowijCIMIowijC
KMIowiDCIMIgwiDDIMMgwyDCIMIgwhjCGMIYwhiCGIIYghiCGIIYghiCEIIYghiC
GIEYgRCBEIEQgRBBEEEQQSCCIIEggSCBIIEogSCBIIEYgSCBIIEggSCBIIEggSCB
IIEggSCBIIEggCCBIIEgwSCBGIEYgRiBIIEggSCBIIEggSCBIIEggSCBIIEggSCB
IIEggSCBIIEggSCBIMEgwSDBIMEgwSDBIMIowiiCKIIowijCKMIowikCKQIowijC
KMMowikDMQIpAjEDMQMxAzEDMQMpAykDKQMpAykDKQMpAikCKQIowijCKQIpAikC
KQIowijCKMIgwiDCIMIgwiDCIMIgwiDDIMMgwyDCIMIgwiCBIIIggiCCIIIYghiC
GIIYghiCGIIYghiBGIEYghiCGIIYgRiBEEEQQRBBEEE=
END m9
frame    42 :  a closed book -0.36  an opened book -0.41   led   0/255 h0.00 lvl-0.38   -
frame    43 :  a closed book +0.26  an opened book +0.05   led   8/151 h0.21 lvl+0.16   -

snapshot  : frame 44, mean RGB 127 125 126
BEGIN m9 128 128 32768 58dcacea
YwtaykIGQgZaymLKWolKSGMMa01rjGtNYwx7z4QQhBB7z3vPjFGMUYxRhBCMUZSS
lNKUkpSSjJGMUZTTpRSc05zTnNOlFKUUpRSc05zTpRSlFJzTnNOtVK1VpVWlFKVU
rVWtVaUUpRSlFK1VrVWlVaUUnRStVa1VrValVqUVpVWtVq1WpRWlFaVVrVatVqUV
pVWlVa1WpVWlFaVWrValVZ0UpVWlVaVVpVWdFZ0UpVWlVZ0VnRWdFZ0VpVWlVZ1V
lRSU1JUUnRSU1IzUlNSVFJTTjNOMk5TTjNOMkoRRhJKMkoSRfFF8UYSSfFJ8UXQQ
dBB0EHQQdBBrz2NNa45rzmMLWspBx0HGYspqylqJSkhbC2tMa0xrTGMMe8+EEYwR
e897z4xRlJKMUYQQjFGUkpSSlJKUkoySjFGc0qUUpRSc06UUpRSlFKUUnNOlFKUU
pRSc05zTpRStVa1VpRSlVK1VrVWtFKUUrVWtVq1WrValVaUVrVatVq1WrRatFq1V
rVatVqUVpRWtVrWWrZalVaVWpVatVqUVpRWtVa2WpVWdFKVVpValVqVWnVWdFaVV
pRWdFJ0VnRWdFaVVpRWlFZ0UnRSdFJ0UlNSU05TTlNSM04zThNOM04zThJOEkYSS
jJKEkXxRfFGEUoRRfBF0EHQQdBB0EHQQa89bTWNOa45iy1qKSgdCB2LKYwtaykqJ
WstzTWtNaw1jDHvPhFGMUHvPe8+MUZSSjFGEEIxRlJKUkpSSlJKMUYxRlJKlFKUU
nNOlFKUUpRSlFJzTnRSlVKUUnNSc1KVVrVWtVaUUpRStVa1VpRWlFa1VrVatVq1W
pRWlFa1WrVatVq0VpRWtVa1WrValFJSRjFClVK1VpRWlFa1WrValFaUVrVatVqVV
nRWlVaVWrValVqUVnRWlFaUVnRWdFZ0VnRWdFZ1VnRWdFJzUnNSdFJzUlNOU05TU
lNSM04yTjJOMk4yShFGEkoyShFF8UXwRhFGEUXwQc9Bz0HPQdBBr0GuPWw1jTWNO
Ystiy0oIQcdiy2LLWspKSGLKc0xzTWtNYwx7z4xQjFCDz3vPjFGUkoxRhBCMUZSS
nNOc05TTjJKMUZSSpRSlFJzTnNSlFKVUpRSdE50UpVWlFZzTnNSlFa1VrVWlFKUU
rVWtVaUVpRSlVa1VrVWtVa0VpRStVbVWrVatVaUVrVWtVa1Ve89SCFpJWoqlFKUV
pRWlVq1WpVWlFa1VrVWlFaUUpRWtVa1WrVWlFaUUpVWlFaUVnRSdFJ0UnRSdFZ0V
nRWU1JTUnRSc1JTTlNOc1JTTjJOMkoyTjJOEkoRRhFKMkoRRfBF8EIRRfFF8UWvP
a89z0HPQc89rjlsMW0xbTWsLWspKR0HGWoprC2LKUghiynNMc0xrTGtMe86MUIxQ
hA97z4yRlJKMkYQQjFGUkpSSlNOUkpSSjFGUkqUUpRSc05zTpRSlFKUUnNOc1KUV
pRWc1JzUrRWtVq1VpVSlFK1VrVWlFKUUrVWtVa1VrVWtFaUUrVWtVq1WrRalFaVV
rVWlFVqKUkhzTFJHe42lFKUVrVatVqVVpRWtVq2WpVWdFKVVrZWtVq1WpVWdFaVV
nRWlFaUVpRWdFZ0VpRWdFZ0UnNSc1J0UlRSM04zTlRSU04ySjJKM04yTjJKEUYRR
hJKEUXwRfBCEUXxRfFBzz2vPc89zz2vOa41TC1tMY0xiy1rLSghBx1qKYstiylJI
YspzTXNMa01rTXOOhBCMUIPPe8+MUZSSjFGEEIxRlJKc05TTlNOUkoxRlJKk06UU
nNOc06UUrRSlFJzTpROtFKVVnNOc061VrVWtVaUUpRStVa1VpRSlFK1VrZWtla1V
rVWlFK1VrVWtVq1VrRWtVaUUnJNKB1IHUkdSB1KIpNOlFa1WrValVaUVrVatVqVV
pRSlVa1VrVatVaUVnRWlVaVVpRWdFZ0VnRWlFqUVnRWdFZUUlRSdFJTUlNOU05UU
jNOM04ySjJOMkoyShFGEUYRShFF8EHQQfFF8UXRRa9Brz2vPa89jz2OOUsxbDFtN
YwpiykpHQcZaimrLYspSSFrKc01rTWtMYwxzjoQQjFGEEHvPlFGUkoxRhBCMUJSS
lJOc0pSSlJKMUZSSpRSlFJzTpRSlFKUUpRSc05zTrVWtVaUUnNOtVa1VrVWlFKUU
rVWtVaUVpRWtVbWVtVWtVa0VpRWtVbVWrVatVq0VrRWc03vPSgdSSFJIUkdSR4wP
pRStVa2WpVWlFK1VrValVZ0UpVWtVq1WrValVZ1UpVWdVaUVnRWlFZ0VpRWlVaUU
nRSVFJUUnRSc1JTTlNOU05TTjJKEkoyTjJKEknxRhFGMkoRRfBF0EHxRfFF8UHPP
a89rz2vPa49jjlLLWwxjTGLJYspSSEHGWoljC2LLUklay2tNa01rTWtMc46MEIxR
hBB7z5SSlJKUkoQQjFGUkpSTnNOUkpSSjFGUkqUUpRSc06UUpRSlFKUUpRSlFKUU
rVWc05zTrVWtVa1VpRSlFK1VrVWlFaUUrVWtla2WrVatFaUUrVWtla1VrVWlFaUV
lJJrTEpIUkhSR1JHUkdiyZzTrVWtlqVVnRWlVa2WpVWdFaVVrVatVq1WrRalFaVV
pVWdFJ0UpRSlFKUVpRWlFZ0UnRSc1J0UlNOM04zTlNSM04yShJKMkoyThJJ8UYRR
hJGEUXxQdBB8UXxRfBFrz2uPa49rz2uOa45Sy1sMW0xaiVqJUkhBxlqJawtjClKJ
WspzjXONc41rTHONhBCMUYQPe8+MUZSSjFGEEIQQlJKc05zTlNOUkoxRlJKlFKUU
nNOc06UUpRSlFKUUpRStVa1VnNOc061VrVWtVaUUpRStVa1VpRSlFK1VrVWtVa1V
pRSUkYyQlJGk0qUUpRSlFIQQUkhSSFJIWkhSSFJHUgd7TKUTrVWlFIQOc0trCWsK
c4yc0a1VrVWtVaVVpRSlVaVVpVSdFKUVpRWlFaVVpRWdFJzUnNSdFZzUlNSM05TT
jNOMkoSSjJKMk4SSfFF8UYSRhFF8EHwQfFF8UXxQa85rzmvOa85rjmNNUspTDFsM
SghSSVJIQcZSSGMLYwpKiFKKa41rjXONa0xzjYQQjFCED3vPlJKUkoxRhBCMUZSS
nNOc05zSlJKMUZSSpRSlFJzTnNOlFKUUpRSdFKUUrVWtVaUUpRStVa1VrVWlFKUU
rVWtVa1VpRStVa1VrVWUkmsKWkdSRlIGUkdqyYOMe4xjCmsLc4xrC1qIUkhSSFpI
WohiyXNLWolSR1JHUkdSR1IGUkd7jKVVrVWlVaVVpVWtVaUUpRSlFKUVpVWlVaVV
nRWdFJ0UnRSdFJTUjNOU1JTTjNOEkoyTjJOEknxRhFGEkYRRfBF70HxRfBF8EWuP
Y49rj2uPa45jTUqLUwtbDEoIUglSSUHGUoljDGsMUklSinNNc41zjWtNc46MUIxQ
hBB7z4ySlJKUkoQQjFGUkpzTnNOc0pSSjFGUkqUTpRSc05zTpRSlFKUUpRSlFK1V
rVWlFKUUrVWtVa1VpRSlFK1VrVWtVaUUrVWtVYxRUkhSR1pHWkhiiVqIWolzjZSS
rZa1173Ytddzz2MMhBCc061VrVatFZTTe89jDGtNa0xSiEpHSkdzjK1VrVWlFK1V
rVWlFaUUpRWlFaVVpVWlVZ0UnRSVFJ0VnNSU1JSTlNSMk4yShJKMkoyShJJ8UYRR
hJKEUXwQfBCEUXxRfBBrzmuOa45rjmuOY01Sy1LLWwxSSFJJUklBx1JJawtrC1qJ
WspzjXONc01rTXOOjFCMUYQQe8+UkZSSlJKEUYxRlJKc05zTnNOUkpSSlJKlFKUU
nNOc06UUpRSlFKUUpRStVa1VpRSlFK1VrVWtVaUVpRWtVa1WrVWlFK0VpRRaSFJI
WkhrTIQQlJKUkq1VtZa9173Xvde9173XpROtVb3Xvde9173Xvde9173XtdelVZSS
e89ay0pIQkic0q1VpRWtVa1VpVWdVaVVpVWlVaVWpVWdVJ0UnRSdFJTUlNSMk5TU
lNSU04ySjJKMkoSSfFF8UYSSfFF8EHvQfFF8UHwQa49rjmuOY45jjltNQopSy1MM
SghSSVpJScdSSWsMawxSiVqJc4xzjXOOa01zjoxRjFGEEHvPlJKUkpSShBCMUZSS
nNOc05zTlJKMUZSSpRSlFJzTnNOlFK1VpRSlFKUUrVWtVaUUpRStVbWWrVWtVaUU
rVWtVa0VpRSlFIRQUkhSSHNMjBCc062VtZa1lrWWvde9173Xvde9173Xvde9173X
vde9173Xvde9173Xtde115zTjFFaikoJe06tVaUVrVWtVaUVpRWlFaVVrVWlVaVV
nVSdFJ0UnRSVE5TUjNOVFJTUjNOEkozTjJKEknxRfFGEUoRRfBF0EHxRfBF8EWvP
a45jjmOOY41jTUqKUspSy1JIWolSSEHHUkljC2sLWopSimtNc45zjWtNc42MUIxR
hBB7z5SSlJKUkoQQjFCUkpzTnNOc0pSSjFGUkqUUpRSc05zTpRSlFKUUpRSlFK1V
rVWlFKUUrVWtVa1VpRSlFK1VrVWtVaUUpRR8D1KJUoqc062WtZa1lrWWtZa91r3X
vde9173Xvde9173Xvda91r3Xvde9173Xvde917XXtda1l7WWhBBKSWtNrVWlVK1V
pVWlFKUVpVWlVaVVpVWlVZ1VnRSdFJ0UnRSc1JTTnNSU05TTjJKU04yTjJKEUYRR
hJKEUXwQdBB8UXxRdBBrj2OOa45jjmOOW01KykrLUwtSCFpJWklBx1JIawtrDFqJ
UolrTHNNc41rTHNNjBCMUYQQc46MkZSRlJGMEIwRlJGc0pzSnNKUkoxSlJKlFKUU
nNOc06UUpRSlFKUUpRStVa1VpRSlFK1VtZa1Va1VpRStVa1VpRSlFJzTe89SimMM
tZa1lrWWtZa1lrWWvde9173Xvde9173Xvde917WXvde9173Xvde9173Xvde9173X
tZa915zTSklzz7XWrZatlq1VpVWlVaVVpVWlVaVVpVWdVZ0UnRSlFZzUlNSUk5zU
lNOUk4ySjJKUkoyShFGEEYRShFF8EHPPfFF8UXQQa49jjmOOY45jjltNQopKy1LL
SgdSSFJIScZSSGsMawxailJJc01zjnONc01zTYwQjFCEEHvPjFGUkpSShBCEEJSR
nNKc0pzSlJKMUpSSnNOlFJzTnNOlFKUUrVSlFKTTrRWtVaUUpRStVa2WrVWtVaUU
rVWtVa1VrVWtVYxRWspjC73WvZa9lrWWtZa1lrWWvda9173Xvde91r3Xvde9173X
vde9173Xvde9173Xvde917WWvdec00pJnNO9173Xtde117XXrZatlqWWrVWlVaVV
pRWdFZ0UpRWc1JzTlNOc1JTTlNOMkpSTjJOMkoRRhFGMUYRRfBB0D3xQfFB0EGPO
Y45jjmOOY41bTEqJUspTC0oHUohSSEHHSghrC2sLYopSiXNNc45zjXNNc42MEIwR
jBB7z4xRlJKUkowQjFGUkpyTnNOc05SSlJGUkqUUpRSc0pzTpRSlFa1VpRSlFK1V
rVWtFKUUrVW1VbWWrVWtVbWWtZa1lr3WtZalE3NMWom1FL2WtZa1lrWWtZa1lr3X
vdfGGMYYvde9173Xvde1lrWWtde9173Xvde9173Xvde9173XhFFKirWWtde9173X
tde117XWrda11rWWtZa1lq2WrZalVqVWnRWdFZTUnNSU05TTjJKMkmxSbFJkUmRS
fFF8UXwQc9B8UXwQdBBrjmNNY45jjmNOWw1KikqLUstKCFpJWklKB1IIawtrC2KK
WolzTHONc4xzTGtNjBGMUIQQe86MUZSSlJKMUYxRlJKc05zTnNOUkpSSlJKlFKUU
nNOc06UUpRStVaUUpRStVa1VpRSlFK1VtVW1lbWVtZa1lrXWtda91r3WtZWUkVrL
jBC1lbWWtZa1lr2Wvde9173XxhjGGMYYvde9173Xvde9174Xvde9173Xvde917WX
tde114QQUoq9173Xvde917XXtde11rXWrZa1lrWWtZa1lq2WrZatlqWVpVWlVaVV
pVWdVJUUfBFT01RVTBRMFFwThFF8EXQPfFB8EHQPa45jTmNOY05jTVtMSopKylLL
SgdSiVpJSgdKCGsLawtiylqJc0xzjXONa4xrTIQQjFCEEHvOjFGUkpSSjFGMUZSS
nNKc0pzSlJKUkZSRpRStFJzUpRSlFK1VrVWtVaUUrVWtVa2VtZW1lbWVtZa1lrWW
tZa9lr2Wvda9lr2WrRRjDHONtZW1lrWWtZa1lr3Wvda918YXvhe9173Wvde91rWX
vde9173Xvde9173Xvde917WWvdeMkVKKtZa9173Xvde117XWtda1lrWWtZa1lrWV
rZatlq2WrZatla1VpVSlVKVUnVSdFJUUhNR0k2RUZFNcE3QQfBBz0HwRdBB0EGOP
W05jTmNOY01jDEqJSopSy0oHWkhSSEoHSgdjC2tLYstSSWtNc41zjXONc02EEYxQ
hBB7zoxRlJKUkoxRjBGUkZzSnNKc0pTSlJKUkqUUpRSc1KUUrVWtVa1VrVWtVbVV
tZW1lbWWtZa1lrWWtZa1lrWWtZa9lr2WtZa1lrVVc05rTb2WtZa1lrWVtZatVKUU
rVW1lb2Wxda9173Xvde1l7WWrVWtVbWWtZa9173Xvde9173XpRRSipzTtZa1lrWW
tZa1lrWWtZa1lq1WrVW1lq2WrZatla2WrVatVaVVpVWlVKUUnRSdFJUUlNOM04yS
hJN8EXQQdBB8UHwQc9BjjltNW01jTWNNWwxCSVKKUspBx1JJWklKB0oIawxrDGLL
UolrTHONc41zjWtMhFCMUIRQe8+EUZSSlJKMUYxRlJGk0pzSnJGUkZSRlJGlFKVU
pRStVK1VrVW1lbWVtZW1lbWVtZa1lrWWtZa1lq1VrVW1lrWWtZa1lrWWtZa9lXOO
a421la2VrZWlFLWWtZa9173Xvde9173Xvde9173XtZe1lq1VrVW1lrWWrVW1lrWW
vde9173Xa0x8D7XWtda11rWWtZa1lq2WrZatlp0VpVWU05zTnROdFJ0UnVSlVKVU
pRSdFJ0UlRSVFIzTjNOM04yShFJ0EXPQfBF8EXPQY45jTWNNY01jTVtMSklKilLL
QgdSSVJJSghKCGMLawxiy1JJawxzjnONa4xrTIQPjFCEEHvOjFCUkZSShBCMEJQP
lAyUC5PLnE6c0qUTrVStVa1UrVWtVa1VrZW1lbWVtZW1lbVVrVStFK0UrVS1lbWV
tZa11r3Wvda91r3WtZVrTHvPrVWtVa1VtVa1lrWWtZa1lq0VtZbGF8XXxde9172X
vde9173Xvde1173Xtdetlq1VrVW1VYxRUoqlFLWWvde917XXtda1lrWWtZatlq1V
pVWdFJUUlRSVFISRjJKMkoySnRSc1JTUlNOMk4yTjJOMkoRSfBBz0HwRdBFz0GuO
Y01bTVtNW0xbDEJJSopSy0HHUklaSVJISgdrC2sLYstSiWtMc457jnNOa02EEIwQ
hBB7z4xQlJKUkowRlA6DzZxPpJGk06UTrRStVK1UrVWtVa1VrVWtVa1VrVStFKUT
pROlE61UtVW1lbWWtZa1lrWWvZa9lr2WvZa1lpzTWsuMUa1VtZatVa1VtZW1lrWW
vde1lrWWxdfF18XXvde917WWtZatVbWVpRSlFLWXtZe1l61WpVWlFWuOfBC1lrXX
tda117XWtZa1lrWWtZa1lq2WrZatlqWVpVWdFZ0UlNSM050UlNOEUYyTlNSM04yT
jJKEUnwRc9B8EXwQc9BrjltNW01bTVsNUwxCSkqKUstJx1qJWopKSUpIYwxrTGsM
UolrTHONe41zjmtNhBCEUIRQe86EEJSRlJGUUIwPlJGlE6UTpRStVK1UrVStVK1U
rZWtVK1UnNOckqUTpRSlFK1VtZW1lbWWtZa1lrWWtZa1lrWVtVatVa0UrVWED2NM
rVWlFK1VtZa9lr3Wvde9173XtZa9173XxdfF18XXvZe117WXtde9173XtZa1l7WW
rVW1lrWWtZatFaVVpVWtVa2WrZatVa2WrZatlq2WtZatlq2WrZatlq2VpVWlVaVV
nRSdFJ0UlNOU05TTjNOM04SThJJ0EHQPfBB8EHPPa45jTWNNY01bDFsLQklKiVKK
Schai1qKUklSCGsMa0xjDFKJa0xzjXOOc45rTYQQjBCMUHvPjBGUkpRSlJKUkZSS
pNOlE6UUpVSlVJ0TrVWlFKUUnNOlFKUUrVStVa1VtZW1lrWWtZa1lrWWtZW1Va1U
pROtVa1VrVW1VrVWlJKUUa0UrVS1lbVVrVStVLWWtZatlq1VtVXF18XXxde9173X
vde1lq1VtZatVa1VtZa11rWWtZa1lrWWrVWlVK2WtZa1lrWWrZalVaVVpVWlFaVV
rVWtVa2VrZWtVa1VpVWlVaUUpRSdFJ0UlRSU1IzTjJOMk4SSfBBzz3wQc9Bzz2NN
W01bTVtNW01TDEJJQkpKi0oIWspaylqJSkhiy2tMawxaimsMe457jnNOc02EEIxR
jFF7z4QQjFGMUYxRlJGUkqTTpROlFKUUpRR7z61UpRSlFK1VrVW1VbVWtVa1VrWW
tZa1lrWWtZWtVa1UrVStVK1VtZa1VrVWtVWlFK1VtVa1lq1VnNOtVa2Vtda9173X
vdi9173XxhfF18XXxde917WWrVWtVbWWtZatVbWWtZa1lrWWtZa1lq2WpVWtVa1V
pRStVbWWtZatlq2WpVWlVaVVnNOU06VVpVSlVKUVpRWdFJ0UnNSdFJUUlNSM04zT
hJOEk3QRa9B0EXPQc89jTlsNY01bTVsMUsxCSUqKUotKCFqKYstailJIawxrTWtM
WstrTXuOc45zjmtNhBCMUYxRg9CMEIxQYwuUkZSRnNKlE6UTpROlFK0UpRStVK1V
rVWtVa1VtVW1VbWVtZW1Va1VpRStVa1VrVWtVa1VrVWtVa1VrVW1lbWWtZa1la0U
tVWtVbWWtZatVq1VtZWtVb3Xvde918YXxhfGF73Xvde9173Xvda1lrWWvde9173X
vde1lrWWtZa1lrWWtZatlq1VrVSlFKTTnROtlaVUpVWtVa1WrVWlVaVUnRSU04yS
jJKU0nwQlNOU04zTjNOE04SShJJ8UXPPdBBz0HPPY05bDVtNW0xbDFsLQkhCiUqK
Ukhiy2MLWspSiWsMc01zTWKLa017j3vPe89zjoQQjFGMUYQQhBCEEFrLlJKUkpzS
pROtVK0UrRStFK1VrVWtVa1VrVWtVa0UrRStFKUTrRStFKUUrVWtVKUUrRWlFK0V
rVa1lrWWtZatVa0VrVW1VbVWtVStVK0UrVW1lr3XvdfGGMXXvdfF18XXxdfF173X
tZa1lq2VtZW1lrWWtZa1lrWWtZa1lrWWrVWtVa1VrVW1lq2WrZatlq1WrVadFKVU
pRSc1JSSnNOlFKUUpVWdFJ0UlNSEkozTjNOM04zTjJKEkoSSfFFrz3QQc9Brz1tN
WwxbTFtMWwtayzpIQolKilJJasxrDGLLWoprDHNNc41jC3NNg897z3vPe86EEIxR
jFF8EIQQhBBzjpSSlJKc06UUpRSlFK0UrRStVK1VrVSlFKUTrVWUkpzTrVWtVa1V
rRWlFKTUpRSlFLVVtVW1lbVVtVWtVK1VtVW1lbVVtVWtFK0VtVa1lr3Xvde1Vb2V
vda9173XxdfF18XXxde9173XtZe9173Xvde9173Xvde1lrWWrVWtVa1VtZa1lrWW
rZatVa2WrVWlVK2VrZWtlq2WrZadFJ0UlNOc1JTUlNOU04SRlNOVE5TTlNOMk4yT
jJKEUnxRa89z0GvQa89jTlsNWw1bDFrMUss6SEpJSkpay2MMa0xrDGLLa017jnOO
awx7jnvPe897z3OPhBCMUYxRhBCEEIQQjFGUkpTSnNOlFKUUpRStFK1UrVWlFKUU
nNOlFK1VrVWlFKTTpNStFKTUrRStVbWWtVWlE5zTrVWtVbVVtZa1la1VpVSlFK1U
tVW1lq1VrVW1lr3XrVW1lr2WvZa9lsXWxdbF18XXvde117WWtZa1lrWWtZa1lrWW
tZa1lrWWrZatVa1VpVWtVa1VrVatlq2WpVWlVa1VpVSlVKVVpVWlVaVVpVWdVJ0U
lRSEkoyTjJKMkoyTjJOMk4SShJKEUXPQc9Br0GOPW05TDVMNUwxTC1LLQklCSUqK
WstrTWuNa01jDHNOe497j3NNe46Dz4QQhBB7z4QQjFGMUYQQhBCD0HvQhFKUk6TT
pRSlFK0UrRStFK0UrRStFK0UrRSlFK1VlJKlFK1VtVWtVa1UtVWtFK0UpNOtVLVV
tVW1VLVVrVWtVbVWtVW1VaTTrVS1VbWWvdfGF8YXxhfGF8YXxhfF18XXxdfF173X
tZatVa2WtZa1lr3XvZe1lq2VrVWtVa1VtZa1lrWWrVWlFK1VpRSlFK1VrZatlq2V
pZWlVaVVnRSdFJ0UnNOdFJzTlNOU1JTUlNSM04zTjJOEkoRSfFF0EHPQa9Bjj2NO
WwxbDFsMUstSyzoIQklKiWsMc457jnOOa01zjnvPe89zjnuPhBCMEIQQhBCMUZSS
jFKMUYRRe9B7z4RRlNOlFKUUrRStFK0VrRSk06TTpROtFKUUpRStVa1VrVWlFKTT
pNOlE7VVtVW1Va1UrRSckqUUrVW1lrWWtVWtFKTTrVW1lrWWvda91r3XxdfF18XX
xdfN18XXxdfF173Wxda91r3Wvda917WWtZa1lrWWtZa917XXtZatlq2WrZatlq1V
rVatlq1WpRWlVaVVpRWlVaVVrVWtVaVVpVWlVaVUnRSM04ySjJKMk4zThJKMk4yT
hJKEkoRRdBBzz2vQa49bTVMLWwxbDFLMSss6SUJJSklrjnPPe897z3OOe8+EEIQQ
e8+EEIxRjFGMUYQQjFGUkpSSjFGEEXPPc9CEUpTUpROlFK0UrRStFKUUnNOlFKUU
rVWlFK1UrRSk060UrRStFK1VrVW1Va0UpNOk07VVtVW1lrVVrRStFLVUtVW1lr2W
vZa9lr2WxdfF18XXxdjGGMYYxhjGGMYXxdfF18XXvda1lq2VtZalFKUUrVW1lrWW
tZatVbWWtZa1lrWWtZatFaUUpRStFK1VrVatVq2WrVWlVaVVnRSU050UnRSdFJ0U
lNSU1JTUlNSU05SUjJOMk4SShFKEUnwRc9Brz2uOW01TDFMMSwxLC0rLOghCSUpJ
c457z4QQhBB7z4QQhBCMUYQQhBCMUYxRjFGEEIxRjFGUkoxRhBFzz3PQhFKU050T
pRSlFK0UrRWtFKUUpNOc0qUUlJKlFK0VrVWtVbVVpNOkk6UUrVStVa2VrVSlE6UT
rRStVLVVtZW9lb2WvZa9lr2WvdbF18XXxdfGGMYYxhjGGMYYxhjGF8XXxdfF173W
tZa1Vb3WtZa9173Xvde917WWtZa1lrWWrVWtVbWWtZa1lq2WrVWtVa1VpVWlFK1V
rVWtVaVVpVWlFZ0VnRSVFIyShFKEUXwQjFGMkoyTjJOEk4SShFJ8UWvPa49jj1tN
UwxbDFLMUsxKizoIQklCSXvPhA+EEIQQhA+EEIQRjFGEEIQQjFGMUYxRjFGMUZSS
lJKMUYQQa89rz3xSlJKlFK0UrRStFK0UpNOc06UUpRSlFKVUpROc0qUTpROtVK0U
rRS1Va0UpROlE5yRpNKtVLWVtZW1lbWWvZa9lr2WvZa9lr3XxdfF18XYxdjGF8YX
xhjGGMYYxhfF18XXxdfFl72WvZa1lrWWrVa1173Xvde9173Xvde9173XtZatVa1V
rVWtVa1VrZatla1VrVWlFaVVnRSdFJ0UnRSdFJ1VnVSdFJUUlNOMkoySjJOM04yT
hJKEkoSSfBFz0GuPa45bTVMMUwxTC1LLSoo6CEJISkmEEIQQhFGMUYQQhBCMUYxR
jFGMUYxRlJKUkoxRjFGMUZSSjFGEEGuOWwyEEJySpNOtFK0UrRStFKUUpRSlE6UT
nNOc0pzSpROtVbVVrVWtVa1UrROckpyStVW1lrWWvZa9lr2WvZa9lr2Wvda9lr2W
vZa91sXXxdfF18XYxdjGGMYYxhjGGM4XxdfF18XWvda1lq0UrVW1VbWWvde9173X
vde9173Xvde1lrWWtZa1lq2WrZatVaUUrVSlFK1VrVWtVaVVpRWlFJ0VnNSc1JTT
lNOU05TTlNSMk5STlNOUkoySjJKMUoQRc9Bjj2NOW01TDFMMUwxKy0qKOgg6SUJJ
e8+EEIQQjFGEEIQQjFGMUYxQjFGMUZSSlJKMUYxRjFGUkoxShBBzz4RRlNKUkqUU
pRSlFK0UrRWc05yTnNOlFKVUrRStFK0UrRStFKUUpRStFbVWtVa1Vb2WtZa1lrWW
tZa1lrWWvZa9lr2WxZa9lsXWxda91sXXxdfF18XXxdfF18YXzhfGF8XXxdfF18WW
vZa1lrWWvZa9l73Wvde9173Xvde9173Xvde1lrWWtZa1lrWWrZWtlq2WrVWtVaUU
lJKc05zTnROdFKUUpRSdFJzUnNSU04yThFGEUoyTjJOMk4yShJJ8UXQQY49jjltN
UwxSzFLLUstKijoHQkhCSYPPhBCEEIxRhBCEEIxRjJGMUYxRjFGUkpSSjFGMUYxR
jFGUUYQQjBCUkpSSlJKlFK0UrRStFK0UpRSlFKUUnNSlFKUUlJKdE6UTpVStFK0U
rRS1VbVVtZW1lbWVtZW1lbWVvZa9lr2Wvda9lr2WvZa9lr2Wvda918XXxhfGF8YX
xhfGF8YXxhfF173Xxde9lr3Wvda1lbWVrVW1lrWWtZatVZzTnNOtVa1VtZa1lrWW
tZa1lq1VrZatlq2WrZatVqVVpVWdFJTTlNSMUoySlNOU05TTlNOU1JSTjJOMk4zT
jJKMkoRShFF0EGuOY45bTVLMUsxSy1LLSok6CDoIQkmD0IQQjFCMUYRQhBCEEIxR
jFGMUYxRlJKUkoxRjFKMkpSSjFGEEIRRlNKU0pSSpROlE6UUrRStFJzTlJKMUZSS
pRStFK0UrVStFJySnJKk060UtZW1lbWVtZW1lbWVtZW1lbWVtVWtVL2VvZa9lr2W
vZe91sXXxdfF18XXxhjGF8YYxhjGF8XXxdfF18XXvZe9l72XtZa9lr3Xvde9173X
vde1lq1VrVWtVa1VpRStVa1VrVW1Va2VrZWtlaVVrVWtVa1VpVWlVaVVpVWdFZ0U
lNOUkoySjJKMkoySjJKMkoySjJKEk3xSdBFjj2NOWw1Sy0rLUotKikqKOghCCEIJ
e9CEEIxRjFGEEIQQhBCMUYxRjFGMUZSSlJKMUYxRjFGMUYxRe8+EEJySnJKckqUT
pROlFKUUpRSk06UUrRSlE6TTpROlE6UTpRSc06UUrRS1VbVVtVW1VbVVtVW1VbVV
rRSMD6TSc029lb2WvZa9lr2WxdfF18XXxdfF18XXxdfF18XXxdjF18XWvda91r3W
vZa1lrWWrVWtVa1VrVW1lbWVtZa1lrWWtZa1lq1VrVWtVZzTnNOlFKVUrVWtVa1V
rVWtVaUVpVWlVZ1VpVWlFZ0UnRSdFJTUjNOMkoySlNKMkoyShJGEUXwQa45jjlsM
UstSy0rLQopCijoIQghCSIQPhBCMUIxRhBCEEIQQjFGMUYwRjFGUUZRSjFGMUYxR
jFGMUXvPhBCU0pSSlJKlE6UTpRSlFKUUnNOck5zSlJGU0qUTpRStVa1VrVW1VbVV
tVW1VbVVtVW1FaTSnJFzTIPPYsuckpQQvZa9lr2WvZe9lr3XvdfF18XXxdfF18YX
xdfF18XXxdfF18XXxdfF1r2VrRSk05zSnNOtVa1VrVWtVa1VrVWtVa1VrVWtVa1V
tZatVa1VrVWlFKTUpRSlFKUUpVWlVaVVpVWlVZ1VnRWdFZUUlNSU1JTUlNOM05ST
jJKMkoxShFF8EWuPY05TDUrLSstKy0KKQooyCDoIOkl7z4QQjBGMUYQRhBCEEIxR
jFGEEIxRlJKUUoxRjFCMUYxRjFF7z3vPnNOUkpySpROlE6UTpROlFJySnNOlFKVU
rVStVa1VrVWtVbVVtVW1Va1VrVWtE4POg81SSIvPc02c0pzTtVW1VbWWvZa9lr2W
vZa9lr2WvZa9lr2Wvda91r3Xvde918XXxdfF18XXvde9lrVWtVa1lrWWvde9173X
vde917WWtZa1lq1VrVWlFK1VpRSlFKUUpRStVa1VpVWlFJzTnNOc05zUnRSdFJ0U
nRSdFJUUlNSU1IzUjJOMk4ySjJKMkoRSfBFrz2NOUw1Ky0qMSotKi0JKMcg6CEJI
e8+EEIQQjFGEEIQQjFGMUYxRhBCMUYxSjFGMUYxRjFGMUYRRe89zjpSSlJGckqTT
pRSlFK0UrRStFK0VrRStFLUUrRStVK1UtVStFKTUnJGMUIOOlA9iinuNe8+c060V
tVW1Vb2VvZW1lbWVrVStFKTTtRWtFLVVtZa9l73XvZfF17VWpRS1VcXWxda91sXW
vZa1Va1VrVWtVa1VrVWtVZ0UrVWlVK1VtZa1lrWWtZa1lq2WrVWU05TTpRSdFKUU
pRWlFaUVpRSdFJ0UlNOMkpTSlNKMkYSRjJKMk4yTjJOMkoyShJKEUnQRa9BbTlMN
SsxKy0qLSotCSjnIOghCCHwQfBCEEIxRhBGEEIQRjFGMUYQQjFCUUYxRjBGMEIxR
jFGMEHvPc46ckpSSlJKlE6UTpROlE6UUrRStFK0UrRStFK0TpRKUT4POawpiyWsL
e46MUJzTlJKtFK1VrVW1VbWWtVa1VaUTrRStFK0UtVW1Vr2WxdfF18XXxdfF18XX
xdfF172WvZbF1sXWxda91rWVpROdFKUUpVW1lrWWtZatVbWWrVWtVa1VrVWtVaUU
rVWtVa1VrVWtVa1VnRSc05zUnNSc1KUUpVWlVZ1VnRWVFIzTjJJ8EYRRhFJ8EYyT
jJOMUoRShFF8EHPQW05TDUrMUotKi0qLQko5yDoIQgmEEIQQhBCMEIQQhBCEEIxR
jBGEEIQQjFGMUYQQhBCMUYxRjBB7j3NNnJKckpySpNOlE6UUrRSlFKUUrRSk060U
rRRrTEpHWsliyWMLc02UUaTTrVW1VbVVtVW1VbVVrRStFK1UnNKk07VVtZa9lr2W
xde1Va1UtVW1Va0UtZW1VbWWvdbF18XXxdfF1sXWvZa9lrWWtZa1lrWWtda1lrWV
rVa1lrWWtZa1lrWWrZWtVa1WrVWtVaUUrVStVa1VpVWlVaVVnRSdFJ0UnRSVE5TT
lNOU05TTlNOMk4ySjJKMk4yTjJKMUoRRfBF8EWNOUwxKy0qLSopKSkJJOcg5yEII
hBB7z4QQhBCEEHvPhBCMUYxRhBCEEIxRjFGMEYQQjBGMEIQQe89zjpSSlJGUkqTT
pROlE6UTpROMUJyRg8+ckaUTWwxjDIxQlJGlFK0UrVStVLVVtVW1Va0TrROckZyR
pNO1VLVVtVW1VbVVtRS1VMWWtVW9Vr2WvZe9lr3XvZa9lr2WvZa9lsXWxda91r3W
vZa1Va1VtZalFaUUrRWtFZzTpNSlFK0UrVWtVa1WtZa1lq2WrValVqVVpVWdFJ0T
nRSlFJzTnRSlFJ0UnRSVE5TUjJOEUoyShFGEUYSSjJKMkoySjFKEUXwRfBBbTlMM
QotKi0qLSopCSTnIOghCCYQQe8+EEIwRhBB7z4QQjFGMUYQQjFGMUYxRhBCEEIQQ
hBCD0HuOc46UkpSSlJKk06UTrROlE6UTjFB7znvNpNOlFKUTpRStFK0UrRStVLVU
rVStE60TnJGcUa0UrRStVbVVtVStFK0TtVS1Vb2VvZa9lr3WxdbF1sXXvZa9lr3X
xdfF18XXvZbF1sXWxda91bWVrVStVbWWtVa1lrWWtZatlrWWtZa1lq1VrVWtVa1V
pRSlFK1VrVWtVa1VrVWlVZ1UnRSMkoyRlNKUkpSTnRSdFJ0UlRSU1JSThFKMUYyS
jJKMkoyRhFJ8EXQQY09SzUKLSotCi0KKOkkxyDHIOgiEEHvQhBCEEYQRe8+EEIxR
jFGEEIxRjFGMUYxRhBCEEIQQe89zjnuOnJKUkpySpROk06UTpROlE5SSpRStFKTU
pRSlFK1UrVWtFK0UpRSk05yTpNOlFKUUrRWtFK0TpROk060VtVW1Vr2WvZa9lcWV
tVStE7VUvZXF15yTtRS1VLVUrRO1VMXWxda91r3Wvda9lr2WtZa1lrWVrZWtVK1V
rVWtFa1VrVW1lrWWtZa1l7WWtVatVa0VpRSlFKUUpRSlFKUUpRWdFJ0UlNOMkoyS
hFGU0oySjNOMkoyTjJOMk4yTjJKEkoRRfBF0EGuOUsxKikqKQopCSjpJMcgxyDnI
hA97z4QQhBCEEHvPhBCMUYxRhBCMEYwRjFGMEYQQhBCD0HvPc457zpSRlJKc0qTT
pNOk06UTpRSlE6UUpRSlFKUUpRSlFKTSnJKk0qTTpRStFK0UrRSlE5zSnJGtE61U
tVW9lb1VtVW9lbVUrVS9lbWVtZa9lr2Xxdi9l73Xvde917WVtZW9lcWWxdbF1r2W
vZa1Va0UpRSlFJzTpNOlFKUVnNOdFKUUrVWlFK1VrVWtVa1VrVWtVaVVpVWlVZ0U
nNOUkpzTnNOdE50UnRSdFJzUlNSMk4yTjJOEUnxRhFKMkoyShFKEUXwRdBBrz1MM
QopCikJKQkpCCTHHMcc5x4QPe8+EEIQQhBB7z4QQhBCEEIQQhBCMUYxRhBCEEIQQ
e8+Dz3OOe8+UkZSRlJGc0qTSpNOlFKUTpROlE6TTnJOc05ySnNKc0qUTrVStFK0U
rRSk05yTpRSlE61UrVS1VK1UtVStVK0UtZW9lr2WvZa9lr2VvZa9lsWWxZa9lr3W
xdbF18XXxdbF1sXWxda9lrVVrRStVbVVtZa9lr2WtZa1lrWWtZatlrWWtZWtVa1V
pVWlFKUUpRSdE6UUrVWlVaVVpRWdFZzUlNSMk4yTjJOU1JTUlNOU05TTjNOMkoyS
jJKMkoxShFF8UXQRa9BTDEqKSopKikJJQkgxxzHHOciDz3vPe8+EEIQQe8+Dz4wQ
jBCD0IQQjBCMEYwRhBCMEHvPe45zTYwQlJGUkJTRpRKk06TTpNOlE6UTnNKk0qTT
pNStFK0UrRStE60TpROk06UTpRStVK1UrROc0qTSrROtE7VVtVW1Vb1VvVW1VbVV
rNOs060TtVW1Vb2WtZa9lr2WvZa1lbVVvZbF1sXWvZW9lr2VvZW1lbWVtZW1lbWV
tZWtFK1VtVW1lrWWrVWtVa1VrVWtVaVVpVWlFKUUnNOck50UpRSdFJ0UnRSdFJUU
lNOM04RShFKMkoRRfBCEUYySjJKEUoRSfBFz0WvRUw1Ci0KKQopCSTpJMccxyDnI
e897j4PQg9CMEXvPg9CEEIwQg9CEEIQQjFGEEIQQhBB7z3uPe4+UUpRSlFGUkqTS
pNKk06TTpNOlE6UUpROlE5zSnNKlE5zSpNOlFK0UrRStFKTTnJKc0qTSpNOtFLVV
tVWtFK0UrRS1FLUUtRW1VbWWtZa9lr2WvZe9173Xvde9173WtZatVL2Vvda91r2W
tZWtFK0UrRSlFK1VtZa1VrVVrVWtVa2VrZWtVZzTrVWlFKUUpRSlFKVVrVWtVaVV
nRWdFJ0UlROMkpTTlNOc1JTUlNSU1IzUjJOMk4QRfBGEkoRShFKEUnwRc9Bzz1MM
QopCikJJQkk6CTGHMcg5yHvPe897z4QQhBB7z3vQhBCEEHvPhBCEEIQQhBB7z3wP
e457joPOlJKUkYyRlJKk06TTpNOk06TTpJOckqTTpNKckpzTpRStFK0UrNSk06TT
nNKckpzTrRStVK0UrRStE6TSnJKtVLVVtVW1Vr2WvZa9lr2WtVW1Vb2WxdbF172W
vZfF18XWvZa9lsXWxZbFlb1VtVW1VbWWtZa1lr2WtZa1lrXWtZatVbWWtZa1lq1W
rVWtVaUVpRSlFKUUnNOc06UUpRSlFKUVnNSc1JTUlJOMkoyTlNSEkoRShJKEUoRS
jJKEUoRRhFF8EXPRc9BbDUqKQopCSUIJOggxxzHHMch7z3vPe8+EEIwQe897z4QQ
hBB7z4PQhBCEEIQQe897z3OOc457z5RRlFGMUJySpNKk06TTpNOk05SRnNOk06TT
pNOlFKUUpROc05zSnJKk060UrRStFKTTnJKckaTSrRStFLVVtVW1VbVVtVStFLUU
tVW1Va0UrRW1Vr2XvZe1VrVVvda9lb2WxZbFlsWWvZa9VrWWtVW1VbVVtVW1Va1U
rVStVaUUpRSc061UrVWtVa1VrVWtVq1VrVWlVaVVnRSU05TTnROU0pTSnRSdFJ0V
lNSU1JTUjJOEUnxSc9B8EYSShFKEUoRShFF0EHPQY05Ci0JKQkpCSToIMccxhzGH
e89zjnvPhBCEEHvPe8+EEIQQe8+Dz4QQhBCEEHvPe89zTnOOe9CUUpRRlFGckqSS
pNKk0qTSpNOk06TTpNOk05zSpNKk06TTrNOtFK0UrROtE6TSpNKk0q0TrVS1VLVU
rRO1VKTTrRS1FbUVtVa9VrWWvZa1lr2WvZbFlsXXxde9173Xvde9lr2WxdW9lb2V
tVa1Vq0VrVStVbVVtVWtVa1VtVatVqVVpRWtVa1VpRSlFKUUpRSlFJzTpRStVKVV
pVWlFJ0UnNSU05TUnNSc1JTUlNSU1JTTlNOMk4yTjJKMkoyRhFGEEXxRdBBr0GOP
Qos6SkJKOkk6CTHHMccxx3vPe457z4PPhBB7z3vPhBCEEHvPe8+EEIQQhBB7z3uP
c05zTYPPlFGUUYxRlJKc0pzSpNKk0qTSlFCUkaUSpNOk06TTpRSk06TTpJKckpyS
pNOtE60UrRStE6TTnJGcUJyRrRS1FbVVvZa9lr2WvZW9VLVUrRS1VLUUtVW1lb2V
vZa9Vr2WxZa9lsWVvZW9lbVVtVa1VbWVtZW1lrWWtZa1lrWWtZa1lrWWtZa1lrWW
rVWtVa1VpRWlFKUUpRSlFJ0TnNOdFJzUnNSdFJzUnNSU1JTUlNSU04zTjJOMk4SS
hFKEUoRSfFJ8UXQQa89jz0KKQklCSEIIOggxxzGHMch7z3POe898D4QQe897z4QP
hBB7z3vPg9CEEIQQe897znNNc017jpRRlFCUUJyRnJKc0qTSpNKk0pySpNOk05zT
pJKckZRQhA+ckqTTpNOk060UrRStFKTTnJKc06TTrRS1VLVUtZWtVLUUtRStFK0V
pNOk060UtVW1VbVVtVa1VrVWpRStFLVUvZW9lb2VvZW9VbVVrRStFa0UrVWtVa1V
pRSlFK1VrVWtVa1VrVWlFJzTpRSlFKUUpRSlFaUVpRWlFZ0UlNOUkoRRjJKc04yS
lNOc1JTUlNOU04yTjJKEkoSShFKEUnxSfBF0EGvPbBBCi0JKQklCSDoIKYcxhzGH
e89zj3uPg8+D0HvPe897z4QQe897z3vPhBCEEIPPc45rTGtNYwyUUYxRjFCckZyS
nNKc0qTSpNKc0pzSnNGMUJyRnNKc0pzTpNOk05ySnJKk0qTTrRSk1KUUpRSlFK0U
rROk0rVUrROtFK1VtZW9lb2WvZa9lr2WvZa918XXxde9172XtVa1VbVVvZa9lr2V
tVWtFJySrRStFK1UrVWtVq1VrVWtVq1WrVatVa1VpVSc05zTnNOlFIxSlJKc050U
pRSlFKUUnRSVFJTUlRSEUoRSjJKEkYSShJKMkoySjJKMkoxShFGEUXxRdBBrz2vP
SstCSjpJOgk5yCmGMYcxh3vPe897z4PPg9B7z3vPe8+EEHvPe897z4QQg9B7z3OO
awxrDFqKlFGUEYxQnJGckpySpNKk05zSlJKc05zSnNOlE6TTpNOckpySnNKUkpTS
nNOtFK0UpNOk06TTpNOk060UrRS1Vb1VtVW9lb2WvZa9lr2Wvda918XXxdfF18XX
xdfF173Wvda9lr2WvZa9lbWVrVWtVa1VtVW1VbVVtVWtVa1VrVWtVa1VrVWtVa1V
rVWtVaVVpVWdFJ0UnRSU1JzTnNOU05SSlNOU05TUlNSU1JTUjNOMkoRRhFJ8EXwR
fBGEUoRRhFF8UXQQa89rz1MMQklCCUIJOcgxhzGHMYdzz3OOe857z3vPe897z4PP
hBCDz3vPg8+Dz4PQe49zTmsMawxai4xRjFCMUJyRnJKckpzSnNKc0pzSnNOc05yS
lFGUUZyRlFCc0qTTpNOk06TTpNOk05yRpNOk1K0UtVW1VbVVvVW9Vb1VvVW9lr2W
vZa9lr2WvZa91r3Wvda9173XvZe9l72WvZa9lr2VvZW9VbVVtVStFKUUrVSlFJyS
nJKk1KUUpRSlFKUUpRSlFKUUnNOUkqUUpRSlFKUUpRSlFJ0UnNSUk5STlJKMkoRS
jJOMkozTjJOM04yTjJOEk4SThFKEUYRRhFF8EGvPa89bDUJKQgk6CTnIMYcxhzmH
e89zjnuOe8+Dz3uPe497z4QQg897znvPe897z3OOc01jDGMMc42ED4wQjFCckZyS
nJKc0pzSnNKUUZRRnJKUUZySnNKk06TTnNOckpxRnJKk06TTpROlE60UrRS1VbVV
tVW1lbVVtVW1Vb1VvZW9lr2WvZa9lr2WvZa9lr2WvZa9lr2WtZa9lr3WvZW9lb2V
tVSlE60UrVSlFK1VrVWtVa1WrVatVa1VrVWtVa1VrRWlFaUVlJKc1JzUlJKMUZzT
lNOUk50UnRSdFJ0UlNSMk4yTjJOEUYRRhFJ8UYRRhFKEUoRShFF8UXxRdBBrz2PP
W006SUIJOcgxxymGKYYxh3vPe89zjnvPe897z3vPe8+EEHvPe897z3vPe89zjmtN
YwtjDIwQjBCMEIwQnJGckpySnJKckpySnJKckpySnNOc0pzSnNKUkZRRnJKckqTT
rNOtFK0UrRStFK0UrRS1VbVVtVW1VbVVtVW1VbVVvZW9VLVUtVW9lr2WrRS1VbVV
tVW1VbWVvZXFlr2VvVW9VbVVtRStVa1VrVWtVa1VrVWtVa1VrVWtFKUUrVWtVa1V
rVWlFa1VpVWlVaVVnRSdFJTTjJKU05TSlNOMk4yTjJOU1JTUjNSMk4yShFKEUXxR
fFGEkYRRhFGEUXQQa89jj2OPOko6CTnJMcgpRymGMYZ7znOOc45zjnvPc45zjnvP
e897z3vPe897z3vPc45rTWMMYwyMUIwQhBCMEJySnJKckpySnJKckpzSnJGUkIwP
jA+MUJySnJKc06TTpNOs060UrRStFK0UtRStFK0UtVS1VbVUrRSk0pyRrRS1VLVV
tVW1Vb2WvZe9lq0VtVa1Va0VrRStFLVVvVW9lb2VtZS1Va0UpRSlFKUUpRSlFKUU
pRStFaUUnNKMUaUUpRSUkoxRlJKc05zTpRSlVKUUpRSlFJ0UnRSVFJTTlNOMkoyS
jNOEUoRRjJKMkoySjJKMkoSShJKEUoRRfFF0EGvQY49jj0JKQgk5yDHHKYYphjGG
c45zjnOOe897z3OOc45zjnvPe497j3uPe897z3OOa0xaymLLjBCMEIwQjBCcUZyR
nJGckZySnJKUUZRRlFKckpySnNKk0qSSnJKk06TTpNOtFK0UrRStFK0TrROtE60T
pNOtFK0UpRS1VbWWtZa9lr2WvZa9lr2WvZa9lr2XvZa1lrWWtZa1VbVVvZW9VLVU
tVSckaTTrRStFa1VrVWtVa1VrVW1lq1VrVWtVa1VpVWlFZ0UnRSU050UnNSU1JzU
lJKU05TTlNOc05zTnNOU1JSUjJOMk4yShFJ8UXxRfFF8EYRRhFGEUYRQfBFzz2OP
a49KizoJOckxyCmGKYYxhnOOc45rTXuOe897jnOOc857z3OPc45zjnOOc45zTWsM
WopiyoOOg8+MD4wPnJGckZyRnJGc0pSSnJKckpzSpNKckZyRlJGUUZyRnNKk06zT
rNOk06TTpNOc0pzSpROtFK0UtVW1VbVVtVW1VbWVrVStVK0TvVW9VbVUtVW1lrVV
tZW1VbVVvZa9lr2VvVW9VbVUrRStFa1VrVWtVa1VrVWtVa1VpVWtVaUUrVWtVa1V
rVWtVa1VrVWtVaVVpRWlFZzUnNSUk4ySjFGMUYxSjJKMk4yTjJOMk4yTjJOMk4ST
fFKEUoRShFJ8UXwRdBBjj2uPUsw6CToIMccphimGMYZzjnOOc45zjnvPe89zjnOO
e89zjnOOc49zjnOOa01rC2LKYolzC4PNhA+MEJSRlJGUkZSSnJKUUYwQlJCUT5RR
lFCUUZzSnNOk06SSnJCckJzRjFGckqTTrROtFK0UrRStFK0TpNOtFK1UrRS1Fa0U
rRStFLVVtVW1VbVVtVW1VbVVpRSlFLVUtVS9lb2VtVW1Va0UpNOk06TTpROlFKUU
nNOc05zTnNOUkpzTpRSlFKUUpRSlFKTUpRSlFZzTpNSlFJ0UnRSdFJzTlNSU1IyT
hJOEUoRSfFF8UYSShJKEUYRShFKEUoQSfFF8EXQQY49rj1MNOgk6CDnHKYYpRjGG
c45rTXNNc457z3OOc45zjnvPe85zjnOOc45zjmtNYstailqJYsmDzYwPjA+UkZSR
nJGckZyRjBCMEJSRlJGU0pzSpNKckZzRnJGMD5RQnJGk0q0TrROtE60TpJGcUaSS
rNStE60TtVS1VbVVtZW9lr2WvZa9lr2WvZa9lr1WtZW1lrWWtZa1VrVVvZa9VbVU
tVSUkpySpNOlFKVUrVWtVa1VrVWtVa1VrVWtVa1VrVWtVaUUpRWdFJzUpRWMUpST
lJOUk5RSjFGMUZSTlJOU1JTTjJOMk4yThFKEUoxSa9Brz3xRfFF8UXxRfFB0EGvP
a49bTjoJMckxxymGKYYxhnOOc45rTXOOe49zjnNOc457j3uOc01zjnuOc41rTWLL
WopaiGsKg82Dz4wQlFGUkZyRnJGckZyRnJGckZQPjA57THtNg4+cUZySnJKk06TT
pNKckZzSpNKckpySpNOtFK1UtVS1VbVUtVS1VK1UtVS1VbVVtZWtVK1UtVStVbVV
tVW1VbVVtVW1lr2WtVW1VbVVrRStFa0VrRW1Va1VrRStVK1UrVWtVa1VrVWtVa1V
rVWtVaUVpRWlFaUUpRSdFJ0UlNOM0oRSfBGEUoRRjJKMkYSRjJKMk4yTjJOMk4yT
hJOEUoRShBJ8UXxRfBBrz2uPY486CTnJOYcpRilGKUZzjnOOc45zjnvPc45zTXOO
c45zjmtNc05zTnNNawxay1KJYsuED4PPg8+EEJSRlJGUkZSRnJGckYPOYopaiYwP
jA+UUJySpNKkkpxRlFCcUZRRnJKk1KTTrRStFK0UrROtE6TSnJKckaTSrNOk060V
rVWtVbVWrVW1VrVWtVa1VbUVnJOck6UUrVW9lb1VtVW1VK0TpNOckqTTlJKUUZRS
pNSk05zTnNOc06UUnNOlFKUUnJOMUZzTlJGUkpSSlJKc05zTnNSU1JTUlNSU1IzU
jJOEkoRShFKEEYRShFGEUYRRhFGEUnxSfFF8EXQQa9Brj2uPOgkxyCmHKUYpRSlF
c45rjmtNa41zjnOOa01rjnOOc45rTWtNc01rTGMMYstSSWLLhBCDz4PPjA+UUJRR
lJGUkZSRlJGMUYxRnJKckpyTlJKUUZRQlFCMD5SQnJKk06TUrNSs06zTnJGUUJxQ
pNKckqTTpNStFbVVtVW1lrWVtZW1lr2WvZa9lr2WvVa1lrVWtVWtVbVVvZa1VbVV
tVWc05zTpNOlFKTTpRStFa0VrVWtVq1VrVWtVa1VrVWtVaUVnNSc1JSTjJKMkoRR
hFGMUZSSjFKMkoyTjJKMkoyTjJOMk4yTjJKMk3xSfFJ8UXQQhFGEUnxRfFF8EWvP
Y49jj1MNOkophymHKUYpRnOOc45rTXOOe45zjWtNa01zjnOOa01rTWtNaw1jDFrL
SoljDIQPhA6DzowPlFCUkZSRnJGckZSRnJGUkZSRjA+UUIwQjBCUkZyRpNKk0qTS
pNKk0pySlJKk05ySpNOtFK1UrVS1VLVVtVS1VLVUtVS1VLVUrVStVK1UtZW1Va0U
rRStFLVVtVW1lb2VtVS1VK1UrRStFK0UrRStFK0UrRWtFKTUpRSlFKUUpRSlFKUU
pRWlFaUUpRSlFKUUnRSdFJ0UlROU05STjJOEUoRShFKMk4yTjJOMk4yTjJOMk4yT
hJOEk4RShFJ8UnwRdBBrz2uPY5Bjj0KMMYcxhjFGKUZrTWtNa0xrTXOOc45rTXOO
c45zjmtNa01rTWtMYstaikpIYwyMD4POg86MD5RQlFCUUJSRlJGEEIxQlFGMEJQQ
nJGckZzSnNKckpySlFCUUJyRpNKk0q0TrROtFK0UrRS1FLUVrNOtFK0TpNOs1KUU
tVW1lq1VtVW1VbVVrVWtFK0UpRSc0pzTrRS1VLVUtVW1VK0UnJKUkpSSlJKc05zT
lJKUUZSSnNOc05zTnNOlFKUUnNOc050UjJGMkpTSlNOU05TTnNSc1JzUlJSU1JTT
jJOMk4yTjJOMU4yThJOEk4SThJOEUoRSfFF8UXQQa9Bjz2PQW49KzDGHMYcxhilG
a01rTWtNa01zTXOOa01rTWuOa05jTWtNa01jDGLLWolSCGKJc0yDzoPOjA+UkJRQ
lFCUkZSQjFCUkZSSnJGckZyRlFGUkZSRjFGUUZySpJOk06TTpNOk06SSpJKk0pzS
rROtVK0UtRS1VbVVtVW1VbVVtVa1lrWWtZa1lrWWtZa1lrVWrVWtFa0VtVW1VbVV
tVWtVIxRlJKc05zTpRSlFKUUpRSlFaUVpRWlFaUVpRWlFaUVnRSlFJzTlJOck5ST
jFGMkoySlJOMUoxSlJKMkpSSjJOMk4yTjJOEk4SThJOEk4SShFKEUnwRfFF0EGwQ
a9Bjz2OPUw0piDGHKUYpRWtNa01jDGMMa01zjmMMYwxrTWtNYwxjDGtMYstailJJ
SghrDYPPe857zoQPjFCUUJRQlFCUUZRRlFGUkZSRjA+UUJRRnFKckpzSnNKc0pyR
nJGUkIwPlFGckqTTrROtFK0UrRStFK0UrRStFK0UtVWtVLVUtVS1FK0UtRWtFK0U
rVWtVK1VrVW1VbVVtVS1VLVUrRWtFKUUpRStFK1UrRWtFa1VrVWlFKUUpRSlFKUU
pVSlFKUUpRSlFKUUpRSdFJ0UnNSc1JTUlJSUk4yTjJKEkoRRfBGEUYRShFKEUoRS
hFKEUoRShFKEUnxRdFFsEGPPY89bjltNMccxhylHKUZrTWtNa0xjDGtNa01rTWtN
a01rTWMMYwxrDGLLWopaSlJJc02Dz3vOe86ED4xQjFGUUZRRlFGDz4xQjFCUkoxR
lJKUkpySnJKckpySlFGMD5xRnJKc05zTpRSk06TTpNOk06TTpROc05SRnNKk060U
rRStFK0UrRSlFK0UpNOk06zUrNSk05yTrRS1VbUUtVS1FK0TpNOk06TTnNOc06TU
nNOk1KTUpRSc04xRlJKUkpzTjFGMUZSSlJKUkpSSlJOMkpSTlNOU05TTlNOU04zT
jNOMkoyThJOEk4RTfBJ8EYQRfBF8EYRShFJ8UXwRdBBrz2PPY85bTjHIKYYphilF
YwxrTWtOa01rDWsNa01rTWuNa01jDGMMYwxai1KJUolSSXONg857znvNhA+UUJRQ
lJCUUJRRlFCUUZRRlFGckZSRlFCUUJRRnJKckZySnJKkkqTSnNKk0pzSnJGcUZxR
pJKk06zUrRSk06UUrRStVbVVtVW1VbVWtZa1VbVWtZatVrVWrVWlFK0UtVS1VLVU
rVOckpzTnNKk06UTpRSlFKUUpRSlFaUVpRSc1JzUnNSdFJzUlJOMk5SUjJKMkoyR
jFGMUoxSe9BbDIRRhBB8EISSjJOMk4yTjJOMk4SThJOEUoRSfFKEUoRSfFF8EHQQ
a9BrkGOPW04yCSmGKUUpRWsMa0xrTWtNYwxjDGMMa01rTWtMYwxjC2LLUopSSVJJ
Ukl7joPOe417jYQOjFCMUJRQlFCUUJRQlFCUEIwPjA+UUZRRlJKckpySnJKckpxR
nJGckZRRnFKckpySnJKk06UTrRStFK1UtVWtVbVVtVW1VbVVtVW1VrWWtZa1lrWW
tZa1lrVWtVa1VrVVrVStVK0UpROlFKUUpRSlFKUUpRSlFKUUpRSlFKUUpRSlFaUV
pRSlFKUUpRSlFKUUnRSdFJUUlNSU1IzTfFKMk3wRfBGEEoRShFGEUXxQhFGEUYRS
hFKEUoRShFJ8UXxRdBB0EGvQY49jj2NOQkoxhymGKUVjC2MMaw1rDWsMYwxrTGtN
a01rDWMMYstay1KKUklSSUpJe857znvNe42MD4xQjFCMUJRQlFCDzowQjFCMUJSR
lFGUUZRRlJGUkoxRjFCMUJRRlJKck5zTpNOk06TTpNOtFK0UrRStVa1VrVW1VbVV
tVW1VbVWtZa1lrWWtZa1lrWWtVa1VrVWtVW1Va0UrRStE6UTpNOc06TTpNOc0pzT
rRSlFJzTnNOc05zTpRSlFJzTlJKUkpSSnNOc05TTnNOU05TTlJOU05TTlNOU04yT
jJOMk4yThJN8UoRSfFGEUnQRdBF8EYRShFJ8UnRRdBBrz2OPY89bjjrLMYcphiFG
YwxjDGtNa01rTGMLawxrDGsMawxiy2LLWotSSlJJUkhSSGMKc0x7jXuNg8+UEJRQ
jFCUUJRRjFGMUZRRlFCMEIwPjA+MEJRRlFGUUZRRnJKckpzSpNKk06TTpROk06UT
pRStFK0UrVS1VbVVtZW1VbVVtVW1VbVVtVa1VrVVtVW1VrVVtVW1VbVVtVWtFK0U
rRSckpzTnNOdE50UpRSc06UUpRSdFKUUpRSlFKUUpRWlFZzUlNOc1JzUnNSUk5TT
lJOEUYRRjJKEkYySjFKEUoSShJKMkoySjJKEUoRShFKEUoRShFKEUnxRfFF8EXQR
a9Bj0GPQW49KzDGHKYYpRlrLYwxjDGsMawxiy2MMaw1rDGMMWstay1KKUolSSVJJ
UkiDznuOe417jYvOjA+MT4xQjFCMUYRQjBCUUHvPc45zzoQQjFGUUZRRlJGckpyS
nJKck5zTpNOk06TTpNOtE60UrRStFK0VrRStFa1VrVWtFK0UrVWtFK1VrRStFa1V
rVW1VbVVtVW1VbVVtRStFK0UpNSk1KTUpRSlFKUUrRStFKUUpRSlFKUUpRSlFKUU
pRSlFKUUpRSlFKUUnRSdFJ0UlNOU1JTTlNOM04RSfFJ8UnwRdBB8UGvPdBF0EXwR
fFF8UnxSfFJ8knxSdFJ0EWwQa89j0GOPUw0phylGIUVjDFrLYwxjDWMMYwtjDGMM
YwxjDFrLWopSilJJSghKCEpJe89zznONc42EDoQPjE+MUJRQjFB7zoQQjBCMEIwQ
lFGUUZRRlFGUUZSRlJGckZySnJKc06TTpNOk06TTpROk06TTpNOck6TUpNSk05yS
nJKk06TTpNOtFK0UrNSk06TTpNOtFKzTrRS1VLUUrRStFKTUnNOk1KTTnNKc0pzS
nJKc05zTnNOc05zTnNOUkpSSlJOUkpSSnNOUkoySlNOU05TTlNSM05TTlNOU05TT
jNKM04yThFN8EnwSdBF8EXQRa89z0HQRfFJ8EnQRdBFsEWPQY9BbkFtOKYcpRilG
Wstay2MMYwxjDFrLWstjDGMMWstay1KKUklSSEoISghSSXvPc45zjXNNhA+MD4wP
jE+MUIxQjFCUUIxQlFCMUJRQlFCUUZxRlJGckZySnJKckpySnJKckpySnJKckpyS
nJKc0pySlFGk06TUpRSlFKUUrVStFK0UrRWtVa1VrVStFK0UrRWtFJzTrRWtFK0U
rROckZRRnNOc05SSlJKUkpzTnNOlFKUUpRSlFKUUnNSUlJTUnJOc05TTjJKEUYxS
jJKMU4RRhFKMk5STlJOMk4ySjJOMk4yTjFOMk4SThJOEUoRSfFJ8UnxSfFJ8UXQR
dBBrz2PQY5BjTzHJMUYpRmLLYstizGMMYsxay2LMYwxjDGMMWstailJJUghKCEoI
UkmDj3uNc41zTYPPjA+ED4wQjBCMEIwQe86ED4QPhA+MUJRRlFGUkZRRlJGUkZRR
lJGUUIQPg86UkZySnJKck6TTpNOlFKUUrRStFK0UrRWtFa0VrRWtFa1VrVWtVa1U
rVWtVa1VrVWtVa1VrVStFK0TpNOc05zTpRSlFKUUpRSlFKUUpRSlFKUUpRSlFKUU
pRSlFKUUnRSdFJ0UnRSdFJzUlNSM1IyTjJOM04yTjJOMk4yTjJOMk4yTjJOEUoRS
hFKEUoRShBKEUnxSfFF0UXQRa9BjkGOQW086SilHKUZay1qLWstay2LLWopay2LM
Wstay1KLUolSSUpISgdCB1JIe417TXNNe02Dz4wQjBCMEIwQjBCDz3NNg9CMEIxQ
lFCUUZRRlFGUUIwPjBB7joxRjFGUUZSRnJKc06TTpNOlE6TTpNOc0qTSpNOk05yS
pNOlFJzSpNOk0q0TrRSMUJzTpROlFK0UrVS1Va0UrRStE6UTpNOk06TTpRSlFKUU
pRSlFKUUpRSlFKUUpRSdFKUUpRSlFKUUpRSlFJ0UnRSU1JzUnNSU1JSUlNOU04zT
jJOMk4yTjJOMk4SThJOEUoRShFKEUnxRfFJ8UXxRdBF0EWvQY5BjkFuPOosphylG
WstaimLLYstiy1qLYstiy1rLWotSi1JKUkpKCEnISgdSCGLKc0tzjHuNhA6ED4wP
jA+MEIwQhBCMEIwQjBCMUIwPlFGMEIPPg8+MD5RQlFCckpySnJKc0pySnFGUUYwQ
jBCUEJySlFGUkZSSnJOUUqTUrRSlFKUTrRStVa0UpNOc06UUnNOc06STrRStFK0T
rROk05zTnNOc06TTnNOc05zTpRSlFKUUpRSlFKUUpRSlFJ0UnNSdFJ0TnNOc05zT
nNSc1JSUlNSU1JTTlNOUk4yTjJOEk4SThJOEk4SShFKEUoRSfFJ8UnxSfFJ8EnwS
dBFr0GPQY9Bbj0LLMYcpRlqKWopay1rLWspSilrKWstay1KKUopKSUpJQghCB0IH
UolzjmtNc0xzTIPOhA6ED4wPjA+MD4wPg85zTHuNe857jowRjBGMEZRRlFGUUZRR
lFCUUJSQg85zjYxQhA+MEIxQnJKc06UTpROlFKUUpRSlFK0UrRWtFa0VrVWtVa0V
rVWtVa1VrVWtFa0VrROtE60TpNOk05zTnNOc05zTnNOc05zUnNSc1J0UnRSdFJ0U
nRSc1JzUnNSc1JzUlNOU05TTlNOU05TTlNOMk4yTjJOMk4yTjJOEk4SThJOEUnxS
hFJ8UXwSfFJ8UnxSfFJ8EXQRa9Bjj2PQW49LDCmHKYZay1KKUopai1rLUotSilrL
WspaylqJUklSSEoHQcdBx1qKe45zTXNMc0yDzoQOhA6MD4QPjA+MD3ONc457z4QQ
jBCMEIwQjBCMEIwQjFCMD3uOjBGMUYQQjFGUkpzTnJOc06TTpROk1KUTpNOk05yS
nJKckpzSpNOk0q0UpROc06UUpRStVa0UrRStFa0UrRSlE5zTnNKc05zTnJOckpSS
lFKc05zTnNOc05zTlJKc05TTnNOc05zTjJKUk5TTlNOU05TTlNOU04yTjJOMk4ST
jJOEk4SThJKEkoRShFJ8UnxSfFJ8UnxSfFJ0EXxRfBF0EWvRY5Bj0FuPU04phylG
WotailrLWstay1KKWopailqLWopSSkpJSghBx0HGQcdainuOa01rTHNMg86DzoPO
hA+ED4QPjA+ED4QPhBCED4QPe457jXNMjA+ED5RRjFGUkZSSlJGUkZTSlJKckpyS
nFKck5ySnJKMUZyTlJKMUYxRlJKc06UUnJKk06TTpRSk06TUrRSk06TTrRStE6zS
pNKc05zTlJKMUYxRjFGMUoxSlJOUkpSSlJKUkpSSlJOUkpSTlNOUk5STjFKMk4yT
fBF8EYQRfBF8EXwRhBJ8EXwRfFKEUoSShFKEUoRSfFJ8UnwRfFJ8UnxSfFJ8UnwR
dBFr0GPQY89bj1tOMcgph1qLUopSilrKWspaiVKJWopailqKUklKCUIIQcc5xznH
WopzTWsMawxrTHvOg86DzoQPhA+ED3wPe857znONa0x7zXOMe82ED5RQjFGMUZRR
lFGUUZQRlFGMEHvPjBCckpRRnNOk05zTnJKk1KTUpNSlFKUUpRStFK0VrRWtFK0V
rRWtFa0VrRWtFK0UrNOlE6TTnNOc05SSlJKUk5STnJOc05zTnNOc05zUnNSc1JzU
lNSc1JTUlNSU1JTUlJSU04ySjJKEknxSfFF8EXwRc9Fz0HwRdBB8EWvQc9B8EYRR
c9Bz0XxRfFF0UXxRfFF8EXQRbBFj0FuQW9BTTzHJKUZailKJWopailqKUolSiVKJ
UolKSlJJSghKCEHHOYc5xlqKc0xrDGsMc017zoPOg86Dz4wPg857jYPOe857z4PP
hBCMEIwQjBCMUIwPhA+ED4QPjA+MUJRRlJKUUpySnJOck5zTnNOk06TTpNSk06TU
pNSlFKUUpRSlFKUTnNOk060UpRSlFKUUpRSlFKTTpNOk06TTnNOc05zTnNOc05zT
nNOc05zTnNOc05zTnNOc05zUnJOUkpySnNOU05TTlNOU05TTlNOM04ySjJKMk4yT
hJOEU4RSfFJ8UXQRdBF0EXPQa9B0EXwSfBF8EXxRfBF0EXQRa9Bjz2OQW046SimG
UopSSVqKWopSikpJSklKilKKSklKSUIIQchByDmGOYZKCFpJawtrC3NMe817znvO
g86Dz4PPg8+Dz4QPhA+ED4QPg897zoQPjBCDz4PPjBCUUJRRlFGUUZRRlJGckZyS
nJKckpySnJKMEJRRnFGckpySjFGMUZzTnNOUkpRSlFKc05ySnJOck5ySpNOs06TT
pNOc05zTlJKMkYxRhBB7z4QQlJKc05SSlJKMkoySlJKUkoQRhBB8EIyShFGEkYRR
jFGEUXwPfBB8UIRRfBCEUYRShFKEUoRThFKEUnxSfBJ8EnxSfFJ8UnxSfFF8EXwR
dBFsEGvQY5Bj0FtPQosph1KKUolSilKKUopSSVJJUklSSlJJSklCCEIHQcc5hjmG
YspzTWsLawpzTHvNe817zYPOg86DzoPOg857jYOOe45zjXOOe8+Dz4xQjFCMUIxQ
jFGMUYRQjFCMEIwQjBCUUZQQlFGMUJSShBCUkpyTnNOk1JzTnNOc06TTpRSlFKUU
pRSlFJzTpNOc05zTpROk0qTSnJKckpRSjFGMUYxRjFKMkpSTnNSU05STlJOU05TT
lNOU04ySjJOM04yTjJOMUoyShFJ8EXPQdBB0EGvPdBB0EHQQdBB0EGvPhFJz0HPQ
c9F0EHQRfFF8UXxRfFF0EHQRdBFr0GPQY9Bbj0sMKYdSilJJUopSilKKUklKSVKK
SklKSUIIQghBx0HHOYY5hmLKc0xrC2sLc0x7zXuOg86DzoPOc0xrC3uNe417zoQP
e86ED4QQhBCEEIQQg8+Dz4QPYwpzS3uNg86MEJRRlFGUUZyTnJKc05zTnNOk1KUU
pRSlFKUUpRSlFKUUpRSlFKUUpRSlFKUUpRSlFKUTpNKk0pzSnJKUkpSSlJKUk5ST
lNOc05zTnNOc1JzUnNSc1JzUnNSU1JTUlNSU05TTjNOM04yTjJOMk4yThJOEk4ST
hFN8UnxSfFJ0EXxSdBFr0GvQa89r0HxSfFF8UXwRfBF0EWwRa9Fj0GPQW49LDSnH
UopSSlJJUklailJJSglKSVJJSklCCUIIOcc5hzmGOYViymtLYwtjC2tMe417jXvO
e857z3ONc417z4PPg8+Dz4PPe857znvOe89zjWsLc42ED3ONhA+MUZSSlFGUkZSS
nJKckpySnJKk06TTpNOk1K0UpRSlFKUUpRSlFKUUpRSlFKUUpRSk1KUUpRSlE6TT
pNKc0pySlJOUkpSSlJKUkpzTnNOc05zUnRSc1JzUnNSc1JzUnNSU1JTUlJSU1JTU
lNSM04zTjNOM04yTjJOMk4yThJOEk4SThFJ8UnxSfBJ0EnQSdBF0EnQSdBF0EXQR
dBFz0XPRY9Bj0FuPU04xiFKKUklSSVJJUklSCVIISklKSEpJQghByDnHOccxhjmG
YstrC2LKYsprS3ONc417zXvOg857zoPOe857jYPOc01qzGMMa017jnvPe8+EEIxQ
jFCMUYxRjFGUUZRRnFKckpSSlJKckpyTpNOk06UTpNOlFKTUpRSlFKUUpRSlFKUU
pRSk1KUUpROlFKUUpNOk05zSnJKUkpSSlJKUkpSSlJKUkpSTlJOUk5TTlNOU05TT
lNOU05TTlNOU05TTlNOM04zTjNOM04yTjJOMk4yThJOMk4ySjJKEkoRShFKEUoRS
fFJ8UnRSdFJ0UXQRdBF0EXQRdBFsEWvQY9Bbj1tPKclSSUoJUklSSVJJSklKSUpJ
SklKSUIIQghBxzmHOYY5hmLLYwtiy2LKa0tzjXONe417zXvNa0trC3NMYwp7znNN
a017joPPhBCEEIQQhBCMEIxQjFCMUIyQlFCUUZRSlFKUkpSSnJKc05zTnNOc06TT
pNOk06TUpRSlFK0UpRSlFKUUpRSlFKUUpRStFKTTpNKc0pSSlJKUkpSSlJKUkpSS
lJKUkpSTlJOUk5STlNOU05TTlNOU05TTlNOU05STlJOMk4yTjJOMkoyTjJOMk4yT
hJKEkoRShFKEUoRSfFJ8UnxSfFJ8UnRSdFF0UXRRdBF0EXQRbBFkEWPQY9BbjzJK
UklKCEoISkhKSUoISghKCEoIQghBx0HHOYY5hjlFOUVSB1JIWspaymtMc4xzjHPN
c857zmtMa0xzjXPNe857z3vPg9CD0IQPhA+ET4wQjBCMEIxQjFCMUIxQjFGUUZRR
nJGUkZySnJKckqTTnNOc05zTnNOc06TTpRSlFKUUpRSlFKUUpRSlFKTUpNOk0pyS
nJKUkoxRjFGMUYxRjFGMUYxRjJKMkpSSlJKUkpSSlJKUkpSSlJKMkoyTjJOMk4yT
hJOMkoySjJKEUoRShFKEUoRShFKEUnxSfFJ8UnxRdFJ8UnRSdBJ0EnQSdBJ0EXQR
dBF0EXPRa9Bj0GPQW486i0pJSglKCUoJSklKCEoISghKCEnIQcc5xzmHOYYxRTGG
Wstiy1rKWsprS3OMc4xzjHONe457jnuOe857zoPOg86DzoPPg8+ED4QPhA+EEIQQ
jBCMEIwQjFCMUIxQjFGUUZRRlJKckpySnJKck5zTnNOc05zTnNOk06TUpNSk1KUU
pRSlFKUUpRSk1KTUpNOckpySlFGMUYxRhBCEEIxRhA+ED4xQhA+ED4QQjFGD0IQQ
jFGEUYRRjJGMkoyRjJKMkoRSjJOEUoSShJKEkoRRhFKEUYRRfFF8UXxRfFF8UXwR
dBF0EXQRdBF0EXQRdBF0EXQRdBFz0WvQY9Bj0FuPOotKCUoJSghKCVJJSglKCEoI
SghByEHHOcc5hjFGMUUxhmLLYstailqKawxzTHOMc4xzjnONc457jnuOe457znvO
e857zoPOg8+ED4QPhA+ED4QPhFCEEIwQjBCMEYxRlFGUUZSSlJKUkpSSnJOc06TT
pNOdE5zTpNOk06TTpNSk1KUUpRSlFKUUpNOk06TTnJKckpRRjBGUUYQQhBCMkYQR
hBGEUYRShFKMkpSTjJKMUoRShFKEUoRSlJOMk4xSjJOMk4yThJKEUoRSfBF8EXPQ
a890EHQQc890EHQQdBB8UnwSfFJ8EXQRdBF0EXwRdBFz0XQRdBFr0WPRY9FbkEsN
SghKCEoISghKCEIIQcdCB0IHQgdBx0HHOYcxRjFFMYViy2LLWopiymtLc0tzTHOM
c4x7jXuNe417jnuOe457znvOe86DzoPOg86ED4QPhA+EEIQQhBCEEIwQjBCMUYxR
lFGUUZySlJKckpySnJOc05zTnNOc06TTpNOk06TUpNSk1KTUnNOc1JzUnNSckpSS
lJKUkoxRjFGMUYxRlJKUkpSSlJKUkpSSlJKUk5TTlNOU05TTlNOU05TTlNOU05TT
lJOMk4yTjJOEk4yThJOEkoRShFJ8EnxSfFJ8UXQRfFJ8UnRSfFJ0UnRRdBF0EXQR
dBBsEGwQa9Bj0GPRY9BbT0oIQghCB0IIQghCCEHHQcdBxznHOcc5hjmGMUUxRTmG
Ystiy1rKWslrS2tMc0xzjXONc41zjXONe457jnuOe457z4PPe897z3vPhA+ED4QP
hA+ED4QQhBCMEIxQjFCMUJRRlFGUUpSSnJKckpySnNOck5zTnNOc05zTnNOk06TT
pNOc05zUnNOc05zTnJKUkZSRjJGMUYxRjFGMUoxSlFKUkpSSlJKUkpSSlJKUk5TT
lNOU05TTlNOU05TTjJOUk5STlJKMkoySjFOMk4yThJOEkoSShFKEUoRShFJ8EnxS
fFJ8UnxSfFJ0EXQRdBF0EXQQa9BsEGvRa9Bj0GPQW49SCEIIQcdCCEIIQchBx0HH
OYc5hjmGOYYxRTFFMUU5hmLLWspaiVqJawtzTHNMc0xzjHONc41zjXONc817jnvO
e857z4POe86Dz3vOhA6MDoQOjA+MEIwQjBCMEIwQjFGMUZRSlFKUkpSSlJKU0pzT
nJOc06TTnNOc05zTnNOc05zTnNOc05zTnNOc0pySlJGUkoxRjFGMUYxRjFGMUYxS
lFKUkpSSlJKUkpSSlJOUk5TTjNOU05TTlJOUk5STlJKMkoySjJKMkoySjJOMk4SS
hJKEkoRShFKEUoRSfBJ8UnxSfFJ8UXRRdBF0EXQRdBF0EXQRbBFj0WPQY9Bj0GOP
QcdBxznHQcdBx0HHOYY5xjnGOYY5hjFGMUUpRSkEMURCB0pIUolaiWtLa0tzTHNM
c0xzjHOMe417jXONc417jXuOe86DznvOe857znvPg8+ED4wQhBCEEIwQjBCMUIxQ
jFGUkZRRlJKUkpSSlNKckpySnNOc05zTnNOc05zTnJOc05zTnNKc05zTnNOUkpSS
jJGMUYxRjFGMUYxRjFGMUYxRlJKUkpSSlJKUkpSSlJKUkpSSlJOUk5STlJOUk4yT
jJOMk4yThFOEkoyShJKEkoSShFKEUoRShFJ8UnxSfBF8UnxSdFJ0EXQRdBF0EXQR
dBF0EWwQa9Br0GPQY9Bjj0HHQcc5hjnGQcY5xjnGOYY5hjmFOYUxRTFFKQQpBDmG
YopaiVqJWohrC2sLa0xzTHNMc0xzjXONe417jXuNe417jnvOe857znvOfA6ED4PP
hA+MD4QPhBCEUIwQjBCMEYxRjFGMkYyRlJGUkpSSlJKUkpySnJOc05zTnNOc05zT
nNOc05zTnNOc05zTnJGUUYxRjFCMUIxRjFGMUYxRjFGMUYxRjFKUkpSSlJKUkpSS
lJKUk5STjJOMk4yTjJOMk4yTjJKMkoyTjJKMkoyShJKEUoRShFKEUnxSfFJ8UnRR
fFF8UXxRdFF0EXQRdBFz0XQQbBBsEGPQY9Bj0GPRY485hjmGOYY5hjnGOYY5hjmG
OUU5hjlGMUUxRTFFKQRBhmKKWolSiVKIa0tjS2tLa4xrTGuMa41zjXONc41zjXON
e417jXvNe857znvOe857z4POhA+ED4QPhE+EEIRQjFCMUIxRjFGUUZRRlJKUkpSS
lJKUkpSSnNOc05zTnNOc05zTnNOc05zTlJKckpSSjFGMUIwQhBCEEIQQjFCMUYxR
jJGMUYxSjFKMkoySjJKUkoySjJKMkoyTjJOMk4ySjJKMkoySjJKEkoSShJKEkoxS
hFKEUoRShFJ8UnxSfFJ8UXxRfFF0EXQRdBF0EHQRdBFsEGwQbBBr0GPQY5Bj0WOQ
OUU5RjmFOYZBhjmGMYU5hjGFMUUxRTFFMUUxBCkEOcZaylKJUolSiWsLawprS2tL
c0tzTHNNc017jXONc41zzXONc417jXuOe857znvOe857zoPOhA+ED4QPhBCEEIQR
jFGMUYxRjJGMkZSRlJKUkpSSlJKUkpSSlJKc05zTnNOc05SSlJKUkpSSlJKMUYxQ
jFCMT4QQhBCEEIQQhBCMUYxRjFGMUYxRjJGMkoySjJKMkoySjNKMkoySjJKMkoyS
jJKMkoSShJKEkoSShFKEUoRShFJ8UnxSfFF8UnxSfFF8UXwRdBF0EHQRdBFsEWwR
bBBsEGvPa9Br0GPQY9Bj0DFFMUUxRTlFMYUxhTGFMUUxRTFFKUQpBClEKQMpA0HG
WopSSVJJUoljC2sLa0prTGtMa0xrTHNMc01zjXONc41zjXONc41zjXuOe857zoPO
g8+Dz4PPhA+MEIQPhA+EEIQQjFCMUYxRjJKUkZSSlJKckpSSlJKUkpSSlJKUkpST
lJOUk5SSlJKUkpSSlJKMUIRQhA+Dz4QQhBCEEIQQhBCEUIRRjFGMUYxSjFKMkoyS
jJKMkoySjJKEkoySjJKMkoySjJKEkoSShJKEUnxShFKEUoRShFKEUnxSfFJ0UnRR
fFF0EXQRdBF0EXQRdBF0EGwQa9Bj0GPQY9BjkGOQY5ApBCkEKQQxBCkEKQQpBCkD
IQIpAijCKMIowiDBIMI5xVqJUklSSFKIa0pjSmNKa0trS2tMa0xzTHNMc0xzjXON
c41zjXONc41zjnvOe857zoPPe897z3vPhA+ED4QPhBCEEIxQjFCMUYxRjFGMUpSS
lJKUkpSSlJKUkpSSlJKUkpSSlJKUkoxSlJGMUYxRhBCED3wPe897z3vPhBCEEIxR
hFCEUYRRjFGMUoxSjFKMUoxSjJKMkoySjJKMkoySjJKMkoSRhJKEUoRShFJ8UnxS
hFKEUnxSfFJ8UnxRfFF8UXxRdBF0EWwRdBF0EGwQbBBsEGvQY9Bj0GPQW5Bbz2PQ
IIIggiCCIIIggiCBIIEggSCBIIEggSCBIIAggSCBMUQ5xkpIUkhSiGMKYwpjCmMK
awtrS2tMa0xrTGtNa01zTXONc41zjHOOc41zjXuOe857znvOg8+DzoPPg8+ED4QP
hBCEEIxRjFGMUYxRjFGMUpSSlJKUkpSSlJKUkpSSlJKMUZSSlJKUkpRSjFGEUHvP
e857jnvOe858D3wQfBB8EIQRhBGEEYxRhFKMkoxSjFKMUoxSjFKMkoySjJKMkoSR
hFKEUoRShFKEUoRShFKEUnxSfFJ8UnxSfFF8UXxRfBF8EXQRdBF0EXQRbBBsEGwQ
bBBsEGvQY89jz2PQW5BbjyCCIIEggSCBIIEggSCBGIEYgRiBIIEYgRiBGIEYgUHG
WolSSFJIUohjCmMKawtrS2sLawxrTGtNa0xrTGtMa01rTXONc41zjXONc45zjnOO
e457znvPe897z3vPhA+ED4QQhBCEEIxRjFGMUYxRjFGMUYxRlJKUkpSSlJKUkpSS
lJOUkpSSjFGMUYQQhBBzjXONc41zzXvOe857z4QQhBCEEIRRhFGEUYRSjFKMUYyS
jJKMkoySjJKMkoRShFKEUoRShFKEUoRShFKEUnxSfBF8UnxSfFF8UXxRfFF8EXwR
dBFsEXQQdBBsEGwQbBBsEGwQY9Bj0GPQY9Bj0FvPQoogQiCBIIEggSCBIIEYgRiB
IIEggSCBGIEYgRiBGIFCB1KJSkhKSFKIWspiymMKYwpjCmMLa0trTGtMa0xrTGtM
a0xrjHONc41zjXONc41zjXuOe857znvOfA98D4QPhBCEEIQQhBCMEIxRjFGMUYxR
jFGMUZSSlJKUkZSRjFCED3uMc0trC2rKWohSB0GFKMIowjECKQMpAzEDMQMxAzED
MQMxQzFDMUM5RDFEOYU5hTnFOYU5xkHGQcZBxkHGQgZKB0pHUkhSiVrKWwtbC2NM
Y0xjTGtNc45zz3QQdBB8UXRQdFB0UGwQbBBr0GvQa9Br0GvQY5Bj0GPPY89CSRjD
GEEYQRiCIIIggSCBIIEYgRiBGIEYgSCBGIEYgRiBScdSSUoISkhSiVsKYspjCmMK
YwprC2sMawxrDGtMa0xrTGtMa0xzjHNNc41zjXONc41zjXPOe857znvOe857znwO
hA+MUIxQjFCED3uNcwtqyVpHUgZJhDkDKIIogSCBGEEYQRhAGEAQQBhAEEAYgRhB
EEEQQRBBEEEQQRBBEEEQQRBBEEAQQBBAEEAQQBBAEEAQQBBAEEAQQBBBCEEIAQgB
CAEIAQgBCAEQQRBBEEEQQQgBCAEIAQgBCAEQARBBEEEYgiDDKQQxhTmFOcZCB0JI
SolKylLLUwtbDDoIGMMYghiCGIEggSCBIIEggSCBIIEggiCBIIEYgRiBGIEYgUIH
UklKCEpIUolaymMKWwpjCmMKY0pjS2tLawtrS2tMa0xrTGtNa0xzTHNMc4xzjXON
e417jXvOe81zjHNLYwpSiEoGOUQxAyCBGIEYQRhBGEEYQRBAEEAQQRBBEAEQARAB
EAEQARABEAEQARhAGIEggSCBGEAYQBBBEEEQQRBBEEEIQRBBEEEQQRABEAEQARAB
EAEQARABCAEIAQgBCAEIAAgBCAEIAQgBCAEIAQgBCAEIAQgBCAEIAQgBCAEAAQgB
CAEIAQABCAEIAAgACAEIAQgBEAEQQRBBGIEYghiCGIIYgRiBGIEggSCBGIEYgRiB
GIEYgRiBGIEYgRiBGIFCBkoHSkdKR1KIWslaylrKWspay2MLYwtjC2MLawtrTGtM
a0xrTGtMa0xrTGtMYwtiylpIScY5RDECIIIYQRAAEEAQARABEAEQARABEAEIAQgB
CAEIAQgBEAEQARABEAEQARABEAEQARABGEAYQSCBKMIowiDBIIEggRhAGEAQQBhB
GEEQQRBBEAEQAQgBEAEIAQgBCAAIAQgBCAEQAQgBCAEIAQgBCAEIAQgBCAEIAQgB
CAEIAQgBCAEIAQgBCAEIAQgBCAEIARBBEEAQQBCBEIEYgRiCGIIYgxjCGMIYghiC
IIEggSCBIIEggiCBIIEggSCBGIEYgRiBGIEYgRjBMYVBxkoHSkdSiVrKWspaylrK
WspjCmMKYwpjC2MLYwpjSmMJWohSB0nGOQQwwyCCGIEYABAAEAAQARABEAEQARAB
EAEQARABCAEIAQgBCAEIAQgBCAEQARABEAEQARABEAAQABAAGEAYQBiAIIAowjEC
MQIowijBKIEggRiAGIAYQBBAGEAYQBhAEEAQQBBAEEAQQBBAEEAQQBBAEEAQQBBA
EEAQQBBAEAEQARABEAEQARABEAEQARABEEEQQRBAEEEQQRhBGIEYghiCGIIYghjC
IMIgwiDCGMIYghiCGIIYgSCBIIEggSCBIIEggiCBIIEggSCBIIEggSCBGIIgwkoH
SkhKCEoIWolaylqJWolayVrJWslayFJISgdBxzFFKQMgghhBEEEQARAAEAEQARAB
EAEIAQgBCAEIAQgBCAEIAQgBCAEIAQgBCAEIAQgBCAEIARABEAEQARABEAEQARAB
EAEQQRhBIIEggSjBMMI5AzkCMQIowSjCIIEggSCBIIEYgRiBGIEQgBhAGEAYQBhA
EEAYQBhAEEAQgBBAEEAQQBAAEEAQQBBAEEAQQBBAEEAQQBBBEEEYgRiBGIEYgRjB
GIIYgiCCIMIgwhjCGMIYwhjCGMIYwhjCGIIYgRiCEIIggSCBIIEggSCCIIEggSCB
IIEggSCBIIEggRiBIIJKB0IHQgdCB1JIUkhKB0HFOYQxQykCIMEgwRhBEEEQARAB
EAEQARABEAEIAQgBCAEIARABCAEIAQgBCAEIAQgBCAEIAQgBEAEQARABEAEQARAB
EAEQARAAEAEQQRAAEAAQQBBAGEAYgCCAIMEowjECOQM5AzEDMQIwwSjBKMIowijB
IIEggSCBIIEYQRiBGIEYgBiAGIAYgBiAGIAYgBiBGIEYgBiBGIEYgRiBGIEYgRiC
GMEYgRiBGIEYwRiBGMEYghjCGMIgwiDDIMIgwhjCGMIYwhjCGIIYgRiCGIIYghCB
IIEggSCBIIEggSCBIIEggSCBIIEggSCCIIEggSDBOUQxBEGGMUUpAyDDGIIYgRhA
EEAQQBBAEEEQABABEAEQARABEAEQARABCAEIAQgBCAEIAQgBCAEIAQgBEAEQARAB
EAEQARABEAEQARgBEAEQABAAEAAQABBAEEAYQBhAGEAggCCAIIAggSjCKMIpAjEC
MQIxAjECKQIowijCKMIowijCIMIgwSDBIMEgwSDBIMEggSCAIIEggSCBIIEggSCB
GIEggSCBIIEggSCBIIEggiCCIIIgwijCIMIgwiDCIMIYwhjCGMIgwiDCIMIYghjC
GMIYghiBGIIYghiCGIIQgiCBIIEggSCBIIEggSCCIIIggSCBIIIggSCBIIEggSCC
IIIgghhBGEAQQBBAEEAQQRBBEEEQARABEAEQARABEAEQARABEAEQARABEAEQARAB
EAEQARABEAEQARABEAEQARABEAEQARABEAEQARBAEEAQQBBAGEAYQBhAGEAYQBhA
IEAggSDBKMIowjDCMQIxAjECMQMxAzDDMMMxAzEDMMIwwijCKMIowiDCKMIogijC
KMIgwiDCIMIgwiDCIMIgwiDCGMIgwiDCIMIgwiDCIMIgwiDCIMIgwhjCIMMgwiDC
IMIgwiDCIMIgwiDCIMIgwiDCGMIYwRCCGIIYgRhBGEEggSCBIIEggSCBIIEggSCB
IIEggSCBIIEggSCBIIEYgRiBGEEYQRBBEAEQQRBBEEEQQRBAEAAQABAAEAAQQRBA
EEAQQBAAEAAQABgAEAAQABAAEAEQARABEAEQQRAAEEAQQBBAEEAQQBBAEEAQQBBA
EEAYQBhAGEAYQCBAIEAggCCBKIEowjDCMQMxAjECMQI5AjkDOQMxAzEDKQIpAjEC
KQIpAijCKMIgwijCKMIowijBKMIowijCKMIgwiDCIMIgwiDCIMIgwiDCIMIgwiDC
IMIgwiDCIMIgwiDCIMIgwhjCGMIgwiDCIMIgwSCCGIIYghiCGIIYghiBEIEQgQhB
IIEgwSCBIIEYgSBBIIIggiCBIIEggSCBGIEggSBBIIEYQRiBEEEQQBBAEEEQABAA
EAAQABAAEEAQQBBAEEAQQBBAEEAQQBBAEAAQQBAAEAAQABBAEEAQQBBAEEAQQBBA
GEAYQBhAGEAYQBhAGEAYQBhAGEAYQCBBKIEogSiBKIEowSjBKMIwwjDCMQI5AzkD
MQMxAzEDMQMxAzECMQIxAikCKMIpAijCKQIowijCKMIowijCKMIowiiCIMIgwiEC
IQIhAiDCIMIgwijCIMIgwiDDIMIgwiDCIIIgwSDCIMIgwyDCIMIYwhjCGMIYwhjC
GMIYwhiCGIIYghiBGIEYQCCBIMEggSCBIIEggSCCIIEggSCBIIEggSCBIIIggSCB
IIEYgRhBGEEQQRBAEEAQQBBAGEAYQBhAGEAYQBhAGEAYQBhAGEAYQBhAEEAYQBhA
GEAYQBhAGEAYQBBAEEAYQBhAGEAYQBhAGEAYQBhAGEAggCCAIIAowSCBKIEogSjB
KMEowijCKMIxAjECMQIxAjECMQMxAzEDKQMpAykCKQIowijCKMIpAikDKMIpAykD
KMIpAijCKMIowijCKMIowijCKMMgwiDCIMIgwiDCIMIgwyDDIMMgwyDCIMEhAiDC
IMIgwiDCIMIgwRjBGMEYwhiCGIIYghiCGIEQgRCBEEEggSCBIIEggSCBIIEggSCB
IIEggSCBIIEggSCBIIEggSCBGEEYgRhAGEAYQBBAGEAYQBhAGEAYQBhAGEAYQBhA
GEAYQBhAGEAYQBhAGEAYQBhAGEAYQBhAGEAYQBhAGEAYQBhAGIAYQBhAGEAggCCA
KIEggSCBIIEggSCBKMEowijCKMIowyjCMMIxAjECMQMxAykCKQIpAikCKQIpAikC
KQIxAzEDMQIxAikCKQIpAikCKQIpAijCKMIowiDCIMIowijDIMMgwyDDIMMgwyDD
IMIgwyDCIMIgwiDCIMIgwiDCIMIYwhjCGMEYghiCGIIQgRiBGIEYgRiBGIEQgBBB
IIEggRiBGIIYwiCCIIEggSCBIIEggSCBIIEggSCBIIEggSCBGEEYgBiAGIAYgBiA
GIAYgBiAGIAYgBiAGIAggCCAIIAgQBhAIEAgQRhBGEEYQRhAGEAYQBiAGIAggCCA
IIAggCCAGIAYgSCBIIAggCDBIIEgwSjBKMEowSkCKMIowijCKMIowikCMQIxAzED
MQMxAzDDMQMxAzEDMQMpAyjDKQMowyjDKMIowijCMQIpAikCKQIpAikCKQIgwiDC
IMIgwiDCIMIgwiDCIMIgwiDCIMEgwiDCIMIgwhjCGIIgghiCGIIYwhiCGIIYghiB
GIEYghiCEIEYgRiBEIEQQSCBIIEggSCBIIEggSCBIEEggSCBIIEggSDBIIEYgSCB
IIEggSBBIIEggSCAIIAggRiBGIAYgRiBGIEYgRiBGIEYgRiBGIEYgBiAGIAYgRiB
IIEggRiAIIEggSCBIIEggSCBIIEggSCBIIEggSCBIIEggSCBIIEowSjCKMIowijC
KMIpAikCKQIxAzEDMQMxAykCKQIpAilCKQMpAykDKQMpAykDKQMpAykDKMIowijC
KMIowijCKMIowijCIMIgwiDCIMIgwiDCIMIgwhjCIMIgwiDCIMIgwiDCIMIgwiDC
IMIYwhiCGMIYwhjCGIEYgRiCGEEYgRiBEIEQgRCBEEAggSCBIIEggSCBIIEYgRiB
GIEYghiCIIEggRiBIIEggSCBIIEggSCBIIEYgRiBGIEYgRiBGIEYgRiBGIEYgSCB
IIEggSCBIIEggSCBIIAggSCBIIEggSCBIIEggSBAIIEggSCBIIEggSCBKIEogSiB
KMEowSjBKMEowSjCKMIowijCKMIpAjECMQMxAzEDMQMpAzEDMQMxAzEDKQMpAykD
KQIpAykDKQIpAijCKMIowijCIMIowijCKMIowijCIMIgwijCKMIgwiDCIMIgwyDD
IMIgwiDCIMIgwiDCIMIgwhjCGIIYghiCGIIYghiCGEIYgiCCGIEYgRiBGEEYQRBB
IIEggRiBGIEYgSCBGIEggSCBGIEYgRiBGIEggRiBGIEYgRiBIEIggiCCIIEggSCA
GIEYgRiBGIEYgSCBIIEggSCBIIAggSiBIIEggSCBIMEYgSCAIIEggSCAIIAggSCB
IIEggSDBIMEgwSjBKMEowSjCKMIowijBMQIxAjECKQIxAjECMQIxAikCKQIxAzED
MMMxAzEDMQMwwikCKQIpAikCKQIpAykCKQMpAykCKMIowijCKMIowiDCIMIgwyDC
IMMgwyDCIMIgwiDCIMIgwiDCIMIYwhjCGMIYwhiCGIIYghiCGIIYghiCGIEYgRiB
GIEYgRiBGIEQgRBBEEEQQSCCIIIggiCCIIIggiCCIIIYgRiCGIEYgRiCGIEYgRiB
GIEggSCBIIEggSCBIIEggCCAIIAggCCAIIEggSCCIIEggSCBIIEggSCCIIEggSCB
IIEggSCBIIEggSCBIIEggSCBIMEgwSDBIMEgwSjBKMEowSjCKMIowijCKMIowijC
KMIowikDKQMpAykDKQMpAykDKQMxAykDKQMpAikCKQIpAikCKQIowijCKMMowijC
KMIowijCKMIgwiDCIMIgwiDCIMIgwiDCIMIgwhjCIMIYwhjCGMIYwhjCGIIYwhiC
GIIYghiCGIIYgRiBGEAYgRiBGIIQgRCBEEEQQRBBEEE=
END m9
frame    44 :  a closed book -0.15  an opened book -0.55   led   0/255 h0.00 lvl-0.35   -
frame    45 :  a closed book -0.38  an opened book -0.98   led   0/255 h0.00 lvl-0.68   -
frame    46 :  a closed book +0.02  an opened book -0.25   led   0/244 h0.02 lvl-0.11   -
frame    47 :  a closed book +0.25  an opened book -0.33   led   8/155 h0.20 lvl-0.04   -

stopped   : 48 frames, 48 good, capture overlapped with the compute, configuration C
            48 frames timed, 287 ms/frame mean (capture included)
            269 ms encode + 1 ms waiting for the sensor + 16 ms burst; 307 ms/frame by the clock
            429 ms shutter to LED, arming with 127 ms of compute left
            last frame mean RGB 128 125 126
            camera bus: worst gap 14 us against the 2000 us deadline (#12)
            usb: 0 outages, 0 ms off the bus, 0 re-attaches (#9)
